숫자업체페이지,현재업체명,대표페이지,업체명URL연결
ansan/danwon-gu/shops/001/index.html,쥬쥬테라피,ansan/danwon-gu/shops/001/index.html,아니오
ansan/danwon-gu/shops/002/index.html,한국인골든테라피,ansan/danwon-gu/shops/002/index.html,아니오
ansan/danwon-gu/shops/003/index.html,오늘밤테라피,ansan/danwon-gu/shops/003/index.html,아니오
ansan/danwon-gu/shops/004/index.html,퀸즈테라피,ansan/danwon-gu/shops/004/index.html,아니오
ansan/danwon-gu/shops/005/index.html,한국미인테라피,ansan/danwon-gu/shops/005/index.html,아니오
ansan/danwon-gu/고잔동/shops/001/index.html,오늘밤테라피,ansan/danwon-gu/고잔동/shops/오늘밤테라피/index.html,예
ansan/danwon-gu/고잔동/shops/002/index.html,쥬쥬테라피,ansan/danwon-gu/고잔동/shops/쥬쥬테라피/index.html,예
ansan/danwon-gu/고잔동/shops/003/index.html,퀸즈테라피,ansan/danwon-gu/고잔동/shops/퀸즈테라피/index.html,예
ansan/danwon-gu/고잔동/shops/004/index.html,한국미인테라피,ansan/danwon-gu/고잔동/shops/한국미인테라피/index.html,예
ansan/danwon-gu/고잔동/shops/005/index.html,한국인골든테라피,ansan/danwon-gu/고잔동/shops/한국인골든테라피/index.html,예
ansan/danwon-gu/대부동/shops/001/index.html,오늘밤테라피,ansan/danwon-gu/대부동/shops/오늘밤테라피/index.html,예
ansan/danwon-gu/대부동/shops/002/index.html,쥬쥬테라피,ansan/danwon-gu/대부동/shops/쥬쥬테라피/index.html,예
ansan/danwon-gu/대부동/shops/003/index.html,퀸즈테라피,ansan/danwon-gu/대부동/shops/퀸즈테라피/index.html,예
ansan/danwon-gu/대부동/shops/004/index.html,한국미인테라피,ansan/danwon-gu/대부동/shops/한국미인테라피/index.html,예
ansan/danwon-gu/대부동/shops/005/index.html,한국인골든테라피,ansan/danwon-gu/대부동/shops/한국인골든테라피/index.html,예
ansan/danwon-gu/백운동/shops/001/index.html,오늘밤테라피,ansan/danwon-gu/백운동/shops/오늘밤테라피/index.html,예
ansan/danwon-gu/백운동/shops/002/index.html,쥬쥬테라피,ansan/danwon-gu/백운동/shops/쥬쥬테라피/index.html,예
ansan/danwon-gu/백운동/shops/003/index.html,퀸즈테라피,ansan/danwon-gu/백운동/shops/퀸즈테라피/index.html,예
ansan/danwon-gu/백운동/shops/004/index.html,한국미인테라피,ansan/danwon-gu/백운동/shops/한국미인테라피/index.html,예
ansan/danwon-gu/백운동/shops/005/index.html,한국인골든테라피,ansan/danwon-gu/백운동/shops/한국인골든테라피/index.html,예
ansan/danwon-gu/선부동/shops/001/index.html,오늘밤테라피,ansan/danwon-gu/선부동/shops/오늘밤테라피/index.html,예
ansan/danwon-gu/선부동/shops/002/index.html,쥬쥬테라피,ansan/danwon-gu/선부동/shops/쥬쥬테라피/index.html,예
ansan/danwon-gu/선부동/shops/003/index.html,퀸즈테라피,ansan/danwon-gu/선부동/shops/퀸즈테라피/index.html,예
ansan/danwon-gu/선부동/shops/004/index.html,한국미인테라피,ansan/danwon-gu/선부동/shops/한국미인테라피/index.html,예
ansan/danwon-gu/선부동/shops/005/index.html,한국인골든테라피,ansan/danwon-gu/선부동/shops/한국인골든테라피/index.html,예
ansan/danwon-gu/신길동/shops/001/index.html,오늘밤테라피,ansan/danwon-gu/신길동/shops/오늘밤테라피/index.html,예
ansan/danwon-gu/신길동/shops/002/index.html,쥬쥬테라피,ansan/danwon-gu/신길동/shops/쥬쥬테라피/index.html,예
ansan/danwon-gu/신길동/shops/003/index.html,퀸즈테라피,ansan/danwon-gu/신길동/shops/퀸즈테라피/index.html,예
ansan/danwon-gu/신길동/shops/004/index.html,한국미인테라피,ansan/danwon-gu/신길동/shops/한국미인테라피/index.html,예
ansan/danwon-gu/신길동/shops/005/index.html,한국인골든테라피,ansan/danwon-gu/신길동/shops/한국인골든테라피/index.html,예
ansan/danwon-gu/와동/shops/001/index.html,오늘밤테라피,ansan/danwon-gu/와동/shops/오늘밤테라피/index.html,예
ansan/danwon-gu/와동/shops/002/index.html,쥬쥬테라피,ansan/danwon-gu/와동/shops/쥬쥬테라피/index.html,예
ansan/danwon-gu/와동/shops/003/index.html,퀸즈테라피,ansan/danwon-gu/와동/shops/퀸즈테라피/index.html,예
ansan/danwon-gu/와동/shops/004/index.html,한국미인테라피,ansan/danwon-gu/와동/shops/한국미인테라피/index.html,예
ansan/danwon-gu/와동/shops/005/index.html,한국인골든테라피,ansan/danwon-gu/와동/shops/한국인골든테라피/index.html,예
ansan/danwon-gu/원곡동/shops/001/index.html,오늘밤테라피,ansan/danwon-gu/원곡동/shops/오늘밤테라피/index.html,예
ansan/danwon-gu/원곡동/shops/002/index.html,쥬쥬테라피,ansan/danwon-gu/원곡동/shops/쥬쥬테라피/index.html,예
ansan/danwon-gu/원곡동/shops/003/index.html,퀸즈테라피,ansan/danwon-gu/원곡동/shops/퀸즈테라피/index.html,예
ansan/danwon-gu/원곡동/shops/004/index.html,한국미인테라피,ansan/danwon-gu/원곡동/shops/한국미인테라피/index.html,예
ansan/danwon-gu/원곡동/shops/005/index.html,한국인골든테라피,ansan/danwon-gu/원곡동/shops/한국인골든테라피/index.html,예
ansan/danwon-gu/중앙동/shops/001/index.html,오늘밤테라피,ansan/danwon-gu/중앙동/shops/오늘밤테라피/index.html,예
ansan/danwon-gu/중앙동/shops/002/index.html,쥬쥬테라피,ansan/danwon-gu/중앙동/shops/쥬쥬테라피/index.html,예
ansan/danwon-gu/중앙동/shops/003/index.html,퀸즈테라피,ansan/danwon-gu/중앙동/shops/퀸즈테라피/index.html,예
ansan/danwon-gu/중앙동/shops/004/index.html,한국미인테라피,ansan/danwon-gu/중앙동/shops/한국미인테라피/index.html,예
ansan/danwon-gu/중앙동/shops/005/index.html,한국인골든테라피,ansan/danwon-gu/중앙동/shops/한국인골든테라피/index.html,예
ansan/danwon-gu/초지동/shops/001/index.html,오늘밤테라피,ansan/danwon-gu/초지동/shops/오늘밤테라피/index.html,예
ansan/danwon-gu/초지동/shops/002/index.html,쥬쥬테라피,ansan/danwon-gu/초지동/shops/쥬쥬테라피/index.html,예
ansan/danwon-gu/초지동/shops/003/index.html,퀸즈테라피,ansan/danwon-gu/초지동/shops/퀸즈테라피/index.html,예
ansan/danwon-gu/초지동/shops/004/index.html,한국미인테라피,ansan/danwon-gu/초지동/shops/한국미인테라피/index.html,예
ansan/danwon-gu/초지동/shops/005/index.html,한국인골든테라피,ansan/danwon-gu/초지동/shops/한국인골든테라피/index.html,예
ansan/danwon-gu/호수동/shops/001/index.html,오늘밤테라피,ansan/danwon-gu/호수동/shops/오늘밤테라피/index.html,예
ansan/danwon-gu/호수동/shops/002/index.html,쥬쥬테라피,ansan/danwon-gu/호수동/shops/쥬쥬테라피/index.html,예
ansan/danwon-gu/호수동/shops/003/index.html,퀸즈테라피,ansan/danwon-gu/호수동/shops/퀸즈테라피/index.html,예
ansan/danwon-gu/호수동/shops/004/index.html,한국미인테라피,ansan/danwon-gu/호수동/shops/한국미인테라피/index.html,예
ansan/danwon-gu/호수동/shops/005/index.html,한국인골든테라피,ansan/danwon-gu/호수동/shops/한국인골든테라피/index.html,예
ansan/sangnok-gu/shops/001/index.html,쥬쥬테라피,ansan/sangnok-gu/shops/001/index.html,아니오
ansan/sangnok-gu/shops/002/index.html,한국인골든테라피,ansan/sangnok-gu/shops/002/index.html,아니오
ansan/sangnok-gu/shops/003/index.html,오늘밤테라피,ansan/sangnok-gu/shops/003/index.html,아니오
ansan/sangnok-gu/shops/004/index.html,퀸즈테라피,ansan/sangnok-gu/shops/004/index.html,아니오
ansan/sangnok-gu/shops/005/index.html,한국미인테라피,ansan/sangnok-gu/shops/005/index.html,아니오
ansan/sangnok-gu/반월동/shops/001/index.html,오늘밤테라피,ansan/sangnok-gu/반월동/shops/오늘밤테라피/index.html,예
ansan/sangnok-gu/반월동/shops/002/index.html,쥬쥬테라피,ansan/sangnok-gu/반월동/shops/쥬쥬테라피/index.html,예
ansan/sangnok-gu/반월동/shops/003/index.html,퀸즈테라피,ansan/sangnok-gu/반월동/shops/퀸즈테라피/index.html,예
ansan/sangnok-gu/반월동/shops/004/index.html,한국미인테라피,ansan/sangnok-gu/반월동/shops/한국미인테라피/index.html,예
ansan/sangnok-gu/반월동/shops/005/index.html,한국인골든테라피,ansan/sangnok-gu/반월동/shops/한국인골든테라피/index.html,예
ansan/sangnok-gu/본오동/shops/001/index.html,오늘밤테라피,ansan/sangnok-gu/본오동/shops/오늘밤테라피/index.html,예
ansan/sangnok-gu/본오동/shops/002/index.html,쥬쥬테라피,ansan/sangnok-gu/본오동/shops/쥬쥬테라피/index.html,예
ansan/sangnok-gu/본오동/shops/003/index.html,퀸즈테라피,ansan/sangnok-gu/본오동/shops/퀸즈테라피/index.html,예
ansan/sangnok-gu/본오동/shops/004/index.html,한국미인테라피,ansan/sangnok-gu/본오동/shops/한국미인테라피/index.html,예
ansan/sangnok-gu/본오동/shops/005/index.html,한국인골든테라피,ansan/sangnok-gu/본오동/shops/한국인골든테라피/index.html,예
ansan/sangnok-gu/부곡동/shops/001/index.html,오늘밤테라피,ansan/sangnok-gu/부곡동/shops/오늘밤테라피/index.html,예
ansan/sangnok-gu/부곡동/shops/002/index.html,쥬쥬테라피,ansan/sangnok-gu/부곡동/shops/쥬쥬테라피/index.html,예
ansan/sangnok-gu/부곡동/shops/003/index.html,퀸즈테라피,ansan/sangnok-gu/부곡동/shops/퀸즈테라피/index.html,예
ansan/sangnok-gu/부곡동/shops/004/index.html,한국미인테라피,ansan/sangnok-gu/부곡동/shops/한국미인테라피/index.html,예
ansan/sangnok-gu/부곡동/shops/005/index.html,한국인골든테라피,ansan/sangnok-gu/부곡동/shops/한국인골든테라피/index.html,예
ansan/sangnok-gu/사동/shops/001/index.html,오늘밤테라피,ansan/sangnok-gu/사동/shops/오늘밤테라피/index.html,예
ansan/sangnok-gu/사동/shops/002/index.html,쥬쥬테라피,ansan/sangnok-gu/사동/shops/쥬쥬테라피/index.html,예
ansan/sangnok-gu/사동/shops/003/index.html,퀸즈테라피,ansan/sangnok-gu/사동/shops/퀸즈테라피/index.html,예
ansan/sangnok-gu/사동/shops/004/index.html,한국미인테라피,ansan/sangnok-gu/사동/shops/한국미인테라피/index.html,예
ansan/sangnok-gu/사동/shops/005/index.html,한국인골든테라피,ansan/sangnok-gu/사동/shops/한국인골든테라피/index.html,예
ansan/sangnok-gu/사이동/shops/001/index.html,오늘밤테라피,ansan/sangnok-gu/사이동/shops/오늘밤테라피/index.html,예
ansan/sangnok-gu/사이동/shops/002/index.html,쥬쥬테라피,ansan/sangnok-gu/사이동/shops/쥬쥬테라피/index.html,예
ansan/sangnok-gu/사이동/shops/003/index.html,퀸즈테라피,ansan/sangnok-gu/사이동/shops/퀸즈테라피/index.html,예
ansan/sangnok-gu/사이동/shops/004/index.html,한국미인테라피,ansan/sangnok-gu/사이동/shops/한국미인테라피/index.html,예
ansan/sangnok-gu/사이동/shops/005/index.html,한국인골든테라피,ansan/sangnok-gu/사이동/shops/한국인골든테라피/index.html,예
ansan/sangnok-gu/성포동/shops/001/index.html,오늘밤테라피,ansan/sangnok-gu/성포동/shops/오늘밤테라피/index.html,예
ansan/sangnok-gu/성포동/shops/002/index.html,쥬쥬테라피,ansan/sangnok-gu/성포동/shops/쥬쥬테라피/index.html,예
ansan/sangnok-gu/성포동/shops/003/index.html,퀸즈테라피,ansan/sangnok-gu/성포동/shops/퀸즈테라피/index.html,예
ansan/sangnok-gu/성포동/shops/004/index.html,한국미인테라피,ansan/sangnok-gu/성포동/shops/한국미인테라피/index.html,예
ansan/sangnok-gu/성포동/shops/005/index.html,한국인골든테라피,ansan/sangnok-gu/성포동/shops/한국인골든테라피/index.html,예
ansan/sangnok-gu/안산동/shops/001/index.html,오늘밤테라피,ansan/sangnok-gu/안산동/shops/오늘밤테라피/index.html,예
ansan/sangnok-gu/안산동/shops/002/index.html,쥬쥬테라피,ansan/sangnok-gu/안산동/shops/쥬쥬테라피/index.html,예
ansan/sangnok-gu/안산동/shops/003/index.html,퀸즈테라피,ansan/sangnok-gu/안산동/shops/퀸즈테라피/index.html,예
ansan/sangnok-gu/안산동/shops/004/index.html,한국미인테라피,ansan/sangnok-gu/안산동/shops/한국미인테라피/index.html,예
ansan/sangnok-gu/안산동/shops/005/index.html,한국인골든테라피,ansan/sangnok-gu/안산동/shops/한국인골든테라피/index.html,예
ansan/sangnok-gu/월피동/shops/001/index.html,오늘밤테라피,ansan/sangnok-gu/월피동/shops/오늘밤테라피/index.html,예
ansan/sangnok-gu/월피동/shops/002/index.html,쥬쥬테라피,ansan/sangnok-gu/월피동/shops/쥬쥬테라피/index.html,예
ansan/sangnok-gu/월피동/shops/003/index.html,퀸즈테라피,ansan/sangnok-gu/월피동/shops/퀸즈테라피/index.html,예
ansan/sangnok-gu/월피동/shops/004/index.html,한국미인테라피,ansan/sangnok-gu/월피동/shops/한국미인테라피/index.html,예
ansan/sangnok-gu/월피동/shops/005/index.html,한국인골든테라피,ansan/sangnok-gu/월피동/shops/한국인골든테라피/index.html,예
ansan/sangnok-gu/이동/shops/001/index.html,오늘밤테라피,ansan/sangnok-gu/이동/shops/오늘밤테라피/index.html,예
ansan/sangnok-gu/이동/shops/002/index.html,쥬쥬테라피,ansan/sangnok-gu/이동/shops/쥬쥬테라피/index.html,예
ansan/sangnok-gu/이동/shops/003/index.html,퀸즈테라피,ansan/sangnok-gu/이동/shops/퀸즈테라피/index.html,예
ansan/sangnok-gu/이동/shops/004/index.html,한국미인테라피,ansan/sangnok-gu/이동/shops/한국미인테라피/index.html,예
ansan/sangnok-gu/이동/shops/005/index.html,한국인골든테라피,ansan/sangnok-gu/이동/shops/한국인골든테라피/index.html,예
ansan/sangnok-gu/일동/shops/001/index.html,오늘밤테라피,ansan/sangnok-gu/일동/shops/오늘밤테라피/index.html,예
ansan/sangnok-gu/일동/shops/002/index.html,쥬쥬테라피,ansan/sangnok-gu/일동/shops/쥬쥬테라피/index.html,예
ansan/sangnok-gu/일동/shops/003/index.html,퀸즈테라피,ansan/sangnok-gu/일동/shops/퀸즈테라피/index.html,예
ansan/sangnok-gu/일동/shops/004/index.html,한국미인테라피,ansan/sangnok-gu/일동/shops/한국미인테라피/index.html,예
ansan/sangnok-gu/일동/shops/005/index.html,한국인골든테라피,ansan/sangnok-gu/일동/shops/한국인골든테라피/index.html,예
ansan/sangnok-gu/해양동/shops/001/index.html,오늘밤테라피,ansan/sangnok-gu/해양동/shops/오늘밤테라피/index.html,예
ansan/sangnok-gu/해양동/shops/002/index.html,쥬쥬테라피,ansan/sangnok-gu/해양동/shops/쥬쥬테라피/index.html,예
ansan/sangnok-gu/해양동/shops/003/index.html,퀸즈테라피,ansan/sangnok-gu/해양동/shops/퀸즈테라피/index.html,예
ansan/sangnok-gu/해양동/shops/004/index.html,한국미인테라피,ansan/sangnok-gu/해양동/shops/한국미인테라피/index.html,예
ansan/sangnok-gu/해양동/shops/005/index.html,한국인골든테라피,ansan/sangnok-gu/해양동/shops/한국인골든테라피/index.html,예
ansan/shops/001/index.html,쥬쥬테라피,ansan/shops/001/index.html,아니오
ansan/shops/002/index.html,한국인골든테라피,ansan/shops/002/index.html,아니오
ansan/shops/003/index.html,오늘밤테라피,ansan/shops/003/index.html,아니오
ansan/shops/004/index.html,퀸즈테라피,ansan/shops/004/index.html,아니오
ansan/shops/005/index.html,한국미인테라피,ansan/shops/005/index.html,아니오
anseong/shops/001/index.html,쥬쥬테라피,anseong/shops/001/index.html,아니오
anseong/shops/002/index.html,한국인골든테라피,anseong/shops/002/index.html,아니오
anseong/shops/003/index.html,오늘밤테라피,anseong/shops/003/index.html,아니오
anseong/shops/004/index.html,퀸즈테라피,anseong/shops/004/index.html,아니오
anseong/shops/005/index.html,한국미인테라피,anseong/shops/005/index.html,아니오
anseong/고삼면/shops/001/index.html,오늘밤테라피,anseong/고삼면/shops/오늘밤테라피/index.html,예
anseong/고삼면/shops/002/index.html,쥬쥬테라피,anseong/고삼면/shops/쥬쥬테라피/index.html,예
anseong/고삼면/shops/003/index.html,퀸즈테라피,anseong/고삼면/shops/퀸즈테라피/index.html,예
anseong/고삼면/shops/004/index.html,한국미인테라피,anseong/고삼면/shops/한국미인테라피/index.html,예
anseong/고삼면/shops/005/index.html,한국인골든테라피,anseong/고삼면/shops/한국인골든테라피/index.html,예
anseong/공도읍/shops/001/index.html,오늘밤테라피,anseong/공도읍/shops/오늘밤테라피/index.html,예
anseong/공도읍/shops/002/index.html,쥬쥬테라피,anseong/공도읍/shops/쥬쥬테라피/index.html,예
anseong/공도읍/shops/003/index.html,퀸즈테라피,anseong/공도읍/shops/퀸즈테라피/index.html,예
anseong/공도읍/shops/004/index.html,한국미인테라피,anseong/공도읍/shops/한국미인테라피/index.html,예
anseong/공도읍/shops/005/index.html,한국인골든테라피,anseong/공도읍/shops/한국인골든테라피/index.html,예
anseong/금광면/shops/001/index.html,오늘밤테라피,anseong/금광면/shops/오늘밤테라피/index.html,예
anseong/금광면/shops/002/index.html,쥬쥬테라피,anseong/금광면/shops/쥬쥬테라피/index.html,예
anseong/금광면/shops/003/index.html,퀸즈테라피,anseong/금광면/shops/퀸즈테라피/index.html,예
anseong/금광면/shops/004/index.html,한국미인테라피,anseong/금광면/shops/한국미인테라피/index.html,예
anseong/금광면/shops/005/index.html,한국인골든테라피,anseong/금광면/shops/한국인골든테라피/index.html,예
anseong/대덕면/shops/001/index.html,오늘밤테라피,anseong/대덕면/shops/오늘밤테라피/index.html,예
anseong/대덕면/shops/002/index.html,쥬쥬테라피,anseong/대덕면/shops/쥬쥬테라피/index.html,예
anseong/대덕면/shops/003/index.html,퀸즈테라피,anseong/대덕면/shops/퀸즈테라피/index.html,예
anseong/대덕면/shops/004/index.html,한국미인테라피,anseong/대덕면/shops/한국미인테라피/index.html,예
anseong/대덕면/shops/005/index.html,한국인골든테라피,anseong/대덕면/shops/한국인골든테라피/index.html,예
anseong/미양면/shops/001/index.html,오늘밤테라피,anseong/미양면/shops/오늘밤테라피/index.html,예
anseong/미양면/shops/002/index.html,쥬쥬테라피,anseong/미양면/shops/쥬쥬테라피/index.html,예
anseong/미양면/shops/003/index.html,퀸즈테라피,anseong/미양면/shops/퀸즈테라피/index.html,예
anseong/미양면/shops/004/index.html,한국미인테라피,anseong/미양면/shops/한국미인테라피/index.html,예
anseong/미양면/shops/005/index.html,한국인골든테라피,anseong/미양면/shops/한국인골든테라피/index.html,예
anseong/보개면/shops/001/index.html,오늘밤테라피,anseong/보개면/shops/오늘밤테라피/index.html,예
anseong/보개면/shops/002/index.html,쥬쥬테라피,anseong/보개면/shops/쥬쥬테라피/index.html,예
anseong/보개면/shops/003/index.html,퀸즈테라피,anseong/보개면/shops/퀸즈테라피/index.html,예
anseong/보개면/shops/004/index.html,한국미인테라피,anseong/보개면/shops/한국미인테라피/index.html,예
anseong/보개면/shops/005/index.html,한국인골든테라피,anseong/보개면/shops/한국인골든테라피/index.html,예
anseong/삼죽면/shops/001/index.html,오늘밤테라피,anseong/삼죽면/shops/오늘밤테라피/index.html,예
anseong/삼죽면/shops/002/index.html,쥬쥬테라피,anseong/삼죽면/shops/쥬쥬테라피/index.html,예
anseong/삼죽면/shops/003/index.html,퀸즈테라피,anseong/삼죽면/shops/퀸즈테라피/index.html,예
anseong/삼죽면/shops/004/index.html,한국미인테라피,anseong/삼죽면/shops/한국미인테라피/index.html,예
anseong/삼죽면/shops/005/index.html,한국인골든테라피,anseong/삼죽면/shops/한국인골든테라피/index.html,예
anseong/서운면/shops/001/index.html,오늘밤테라피,anseong/서운면/shops/오늘밤테라피/index.html,예
anseong/서운면/shops/002/index.html,쥬쥬테라피,anseong/서운면/shops/쥬쥬테라피/index.html,예
anseong/서운면/shops/003/index.html,퀸즈테라피,anseong/서운면/shops/퀸즈테라피/index.html,예
anseong/서운면/shops/004/index.html,한국미인테라피,anseong/서운면/shops/한국미인테라피/index.html,예
anseong/서운면/shops/005/index.html,한국인골든테라피,anseong/서운면/shops/한국인골든테라피/index.html,예
anseong/안성동/shops/001/index.html,오늘밤테라피,anseong/안성동/shops/오늘밤테라피/index.html,예
anseong/안성동/shops/002/index.html,쥬쥬테라피,anseong/안성동/shops/쥬쥬테라피/index.html,예
anseong/안성동/shops/003/index.html,퀸즈테라피,anseong/안성동/shops/퀸즈테라피/index.html,예
anseong/안성동/shops/004/index.html,한국미인테라피,anseong/안성동/shops/한국미인테라피/index.html,예
anseong/안성동/shops/005/index.html,한국인골든테라피,anseong/안성동/shops/한국인골든테라피/index.html,예
anseong/양성면/shops/001/index.html,오늘밤테라피,anseong/양성면/shops/오늘밤테라피/index.html,예
anseong/양성면/shops/002/index.html,쥬쥬테라피,anseong/양성면/shops/쥬쥬테라피/index.html,예
anseong/양성면/shops/003/index.html,퀸즈테라피,anseong/양성면/shops/퀸즈테라피/index.html,예
anseong/양성면/shops/004/index.html,한국미인테라피,anseong/양성면/shops/한국미인테라피/index.html,예
anseong/양성면/shops/005/index.html,한국인골든테라피,anseong/양성면/shops/한국인골든테라피/index.html,예
anseong/원곡면/shops/001/index.html,오늘밤테라피,anseong/원곡면/shops/오늘밤테라피/index.html,예
anseong/원곡면/shops/002/index.html,쥬쥬테라피,anseong/원곡면/shops/쥬쥬테라피/index.html,예
anseong/원곡면/shops/003/index.html,퀸즈테라피,anseong/원곡면/shops/퀸즈테라피/index.html,예
anseong/원곡면/shops/004/index.html,한국미인테라피,anseong/원곡면/shops/한국미인테라피/index.html,예
anseong/원곡면/shops/005/index.html,한국인골든테라피,anseong/원곡면/shops/한국인골든테라피/index.html,예
anseong/일죽면/shops/001/index.html,오늘밤테라피,anseong/일죽면/shops/오늘밤테라피/index.html,예
anseong/일죽면/shops/002/index.html,쥬쥬테라피,anseong/일죽면/shops/쥬쥬테라피/index.html,예
anseong/일죽면/shops/003/index.html,퀸즈테라피,anseong/일죽면/shops/퀸즈테라피/index.html,예
anseong/일죽면/shops/004/index.html,한국미인테라피,anseong/일죽면/shops/한국미인테라피/index.html,예
anseong/일죽면/shops/005/index.html,한국인골든테라피,anseong/일죽면/shops/한국인골든테라피/index.html,예
anseong/죽산면/shops/001/index.html,오늘밤테라피,anseong/죽산면/shops/오늘밤테라피/index.html,예
anseong/죽산면/shops/002/index.html,쥬쥬테라피,anseong/죽산면/shops/쥬쥬테라피/index.html,예
anseong/죽산면/shops/003/index.html,퀸즈테라피,anseong/죽산면/shops/퀸즈테라피/index.html,예
anseong/죽산면/shops/004/index.html,한국미인테라피,anseong/죽산면/shops/한국미인테라피/index.html,예
anseong/죽산면/shops/005/index.html,한국인골든테라피,anseong/죽산면/shops/한국인골든테라피/index.html,예
anyang/dongan-gu/shops/001/index.html,쥬쥬테라피,anyang/dongan-gu/shops/001/index.html,아니오
anyang/dongan-gu/shops/002/index.html,한국인골든테라피,anyang/dongan-gu/shops/002/index.html,아니오
anyang/dongan-gu/shops/003/index.html,오늘밤테라피,anyang/dongan-gu/shops/003/index.html,아니오
anyang/dongan-gu/shops/004/index.html,퀸즈테라피,anyang/dongan-gu/shops/004/index.html,아니오
anyang/dongan-gu/shops/005/index.html,한국미인테라피,anyang/dongan-gu/shops/005/index.html,아니오
anyang/dongan-gu/갈산동/shops/001/index.html,오늘밤테라피,anyang/dongan-gu/갈산동/shops/오늘밤테라피/index.html,예
anyang/dongan-gu/갈산동/shops/002/index.html,쥬쥬테라피,anyang/dongan-gu/갈산동/shops/쥬쥬테라피/index.html,예
anyang/dongan-gu/갈산동/shops/003/index.html,퀸즈테라피,anyang/dongan-gu/갈산동/shops/퀸즈테라피/index.html,예
anyang/dongan-gu/갈산동/shops/004/index.html,한국미인테라피,anyang/dongan-gu/갈산동/shops/한국미인테라피/index.html,예
anyang/dongan-gu/갈산동/shops/005/index.html,한국인골든테라피,anyang/dongan-gu/갈산동/shops/한국인골든테라피/index.html,예
anyang/dongan-gu/관양동/shops/001/index.html,오늘밤테라피,anyang/dongan-gu/관양동/shops/오늘밤테라피/index.html,예
anyang/dongan-gu/관양동/shops/002/index.html,쥬쥬테라피,anyang/dongan-gu/관양동/shops/쥬쥬테라피/index.html,예
anyang/dongan-gu/관양동/shops/003/index.html,퀸즈테라피,anyang/dongan-gu/관양동/shops/퀸즈테라피/index.html,예
anyang/dongan-gu/관양동/shops/004/index.html,한국미인테라피,anyang/dongan-gu/관양동/shops/한국미인테라피/index.html,예
anyang/dongan-gu/관양동/shops/005/index.html,한국인골든테라피,anyang/dongan-gu/관양동/shops/한국인골든테라피/index.html,예
anyang/dongan-gu/귀인동/shops/001/index.html,오늘밤테라피,anyang/dongan-gu/귀인동/shops/오늘밤테라피/index.html,예
anyang/dongan-gu/귀인동/shops/002/index.html,쥬쥬테라피,anyang/dongan-gu/귀인동/shops/쥬쥬테라피/index.html,예
anyang/dongan-gu/귀인동/shops/003/index.html,퀸즈테라피,anyang/dongan-gu/귀인동/shops/퀸즈테라피/index.html,예
anyang/dongan-gu/귀인동/shops/004/index.html,한국미인테라피,anyang/dongan-gu/귀인동/shops/한국미인테라피/index.html,예
anyang/dongan-gu/귀인동/shops/005/index.html,한국인골든테라피,anyang/dongan-gu/귀인동/shops/한국인골든테라피/index.html,예
anyang/dongan-gu/달안동/shops/001/index.html,오늘밤테라피,anyang/dongan-gu/달안동/shops/오늘밤테라피/index.html,예
anyang/dongan-gu/달안동/shops/002/index.html,쥬쥬테라피,anyang/dongan-gu/달안동/shops/쥬쥬테라피/index.html,예
anyang/dongan-gu/달안동/shops/003/index.html,퀸즈테라피,anyang/dongan-gu/달안동/shops/퀸즈테라피/index.html,예
anyang/dongan-gu/달안동/shops/004/index.html,한국미인테라피,anyang/dongan-gu/달안동/shops/한국미인테라피/index.html,예
anyang/dongan-gu/달안동/shops/005/index.html,한국인골든테라피,anyang/dongan-gu/달안동/shops/한국인골든테라피/index.html,예
anyang/dongan-gu/범계동/shops/001/index.html,오늘밤테라피,anyang/dongan-gu/범계동/shops/오늘밤테라피/index.html,예
anyang/dongan-gu/범계동/shops/002/index.html,쥬쥬테라피,anyang/dongan-gu/범계동/shops/쥬쥬테라피/index.html,예
anyang/dongan-gu/범계동/shops/003/index.html,퀸즈테라피,anyang/dongan-gu/범계동/shops/퀸즈테라피/index.html,예
anyang/dongan-gu/범계동/shops/004/index.html,한국미인테라피,anyang/dongan-gu/범계동/shops/한국미인테라피/index.html,예
anyang/dongan-gu/범계동/shops/005/index.html,한국인골든테라피,anyang/dongan-gu/범계동/shops/한국인골든테라피/index.html,예
anyang/dongan-gu/부림동/shops/001/index.html,오늘밤테라피,anyang/dongan-gu/부림동/shops/오늘밤테라피/index.html,예
anyang/dongan-gu/부림동/shops/002/index.html,쥬쥬테라피,anyang/dongan-gu/부림동/shops/쥬쥬테라피/index.html,예
anyang/dongan-gu/부림동/shops/003/index.html,퀸즈테라피,anyang/dongan-gu/부림동/shops/퀸즈테라피/index.html,예
anyang/dongan-gu/부림동/shops/004/index.html,한국미인테라피,anyang/dongan-gu/부림동/shops/한국미인테라피/index.html,예
anyang/dongan-gu/부림동/shops/005/index.html,한국인골든테라피,anyang/dongan-gu/부림동/shops/한국인골든테라피/index.html,예
anyang/dongan-gu/부흥동/shops/001/index.html,오늘밤테라피,anyang/dongan-gu/부흥동/shops/오늘밤테라피/index.html,예
anyang/dongan-gu/부흥동/shops/002/index.html,쥬쥬테라피,anyang/dongan-gu/부흥동/shops/쥬쥬테라피/index.html,예
anyang/dongan-gu/부흥동/shops/003/index.html,퀸즈테라피,anyang/dongan-gu/부흥동/shops/퀸즈테라피/index.html,예
anyang/dongan-gu/부흥동/shops/004/index.html,한국미인테라피,anyang/dongan-gu/부흥동/shops/한국미인테라피/index.html,예
anyang/dongan-gu/부흥동/shops/005/index.html,한국인골든테라피,anyang/dongan-gu/부흥동/shops/한국인골든테라피/index.html,예
anyang/dongan-gu/비산동/shops/001/index.html,오늘밤테라피,anyang/dongan-gu/비산동/shops/오늘밤테라피/index.html,예
anyang/dongan-gu/비산동/shops/002/index.html,쥬쥬테라피,anyang/dongan-gu/비산동/shops/쥬쥬테라피/index.html,예
anyang/dongan-gu/비산동/shops/003/index.html,퀸즈테라피,anyang/dongan-gu/비산동/shops/퀸즈테라피/index.html,예
anyang/dongan-gu/비산동/shops/004/index.html,한국미인테라피,anyang/dongan-gu/비산동/shops/한국미인테라피/index.html,예
anyang/dongan-gu/비산동/shops/005/index.html,한국인골든테라피,anyang/dongan-gu/비산동/shops/한국인골든테라피/index.html,예
anyang/dongan-gu/신촌동/shops/001/index.html,오늘밤테라피,anyang/dongan-gu/신촌동/shops/오늘밤테라피/index.html,예
anyang/dongan-gu/신촌동/shops/002/index.html,쥬쥬테라피,anyang/dongan-gu/신촌동/shops/쥬쥬테라피/index.html,예
anyang/dongan-gu/신촌동/shops/003/index.html,퀸즈테라피,anyang/dongan-gu/신촌동/shops/퀸즈테라피/index.html,예
anyang/dongan-gu/신촌동/shops/004/index.html,한국미인테라피,anyang/dongan-gu/신촌동/shops/한국미인테라피/index.html,예
anyang/dongan-gu/신촌동/shops/005/index.html,한국인골든테라피,anyang/dongan-gu/신촌동/shops/한국인골든테라피/index.html,예
anyang/dongan-gu/인덕원동/shops/001/index.html,오늘밤테라피,anyang/dongan-gu/인덕원동/shops/오늘밤테라피/index.html,예
anyang/dongan-gu/인덕원동/shops/002/index.html,쥬쥬테라피,anyang/dongan-gu/인덕원동/shops/쥬쥬테라피/index.html,예
anyang/dongan-gu/인덕원동/shops/003/index.html,퀸즈테라피,anyang/dongan-gu/인덕원동/shops/퀸즈테라피/index.html,예
anyang/dongan-gu/인덕원동/shops/004/index.html,한국미인테라피,anyang/dongan-gu/인덕원동/shops/한국미인테라피/index.html,예
anyang/dongan-gu/인덕원동/shops/005/index.html,한국인골든테라피,anyang/dongan-gu/인덕원동/shops/한국인골든테라피/index.html,예
anyang/dongan-gu/평안동/shops/001/index.html,오늘밤테라피,anyang/dongan-gu/평안동/shops/오늘밤테라피/index.html,예
anyang/dongan-gu/평안동/shops/002/index.html,쥬쥬테라피,anyang/dongan-gu/평안동/shops/쥬쥬테라피/index.html,예
anyang/dongan-gu/평안동/shops/003/index.html,퀸즈테라피,anyang/dongan-gu/평안동/shops/퀸즈테라피/index.html,예
anyang/dongan-gu/평안동/shops/004/index.html,한국미인테라피,anyang/dongan-gu/평안동/shops/한국미인테라피/index.html,예
anyang/dongan-gu/평안동/shops/005/index.html,한국인골든테라피,anyang/dongan-gu/평안동/shops/한국인골든테라피/index.html,예
anyang/dongan-gu/평촌동/shops/001/index.html,오늘밤테라피,anyang/dongan-gu/평촌동/shops/오늘밤테라피/index.html,예
anyang/dongan-gu/평촌동/shops/002/index.html,쥬쥬테라피,anyang/dongan-gu/평촌동/shops/쥬쥬테라피/index.html,예
anyang/dongan-gu/평촌동/shops/003/index.html,퀸즈테라피,anyang/dongan-gu/평촌동/shops/퀸즈테라피/index.html,예
anyang/dongan-gu/평촌동/shops/004/index.html,한국미인테라피,anyang/dongan-gu/평촌동/shops/한국미인테라피/index.html,예
anyang/dongan-gu/평촌동/shops/005/index.html,한국인골든테라피,anyang/dongan-gu/평촌동/shops/한국인골든테라피/index.html,예
anyang/dongan-gu/호계동/shops/001/index.html,오늘밤테라피,anyang/dongan-gu/호계동/shops/오늘밤테라피/index.html,예
anyang/dongan-gu/호계동/shops/002/index.html,쥬쥬테라피,anyang/dongan-gu/호계동/shops/쥬쥬테라피/index.html,예
anyang/dongan-gu/호계동/shops/003/index.html,퀸즈테라피,anyang/dongan-gu/호계동/shops/퀸즈테라피/index.html,예
anyang/dongan-gu/호계동/shops/004/index.html,한국미인테라피,anyang/dongan-gu/호계동/shops/한국미인테라피/index.html,예
anyang/dongan-gu/호계동/shops/005/index.html,한국인골든테라피,anyang/dongan-gu/호계동/shops/한국인골든테라피/index.html,예
anyang/manan-gu/shops/001/index.html,쥬쥬테라피,anyang/manan-gu/shops/001/index.html,아니오
anyang/manan-gu/shops/002/index.html,한국인골든테라피,anyang/manan-gu/shops/002/index.html,아니오
anyang/manan-gu/shops/003/index.html,오늘밤테라피,anyang/manan-gu/shops/003/index.html,아니오
anyang/manan-gu/shops/004/index.html,퀸즈테라피,anyang/manan-gu/shops/004/index.html,아니오
anyang/manan-gu/shops/005/index.html,한국미인테라피,anyang/manan-gu/shops/005/index.html,아니오
anyang/manan-gu/명학동/shops/001/index.html,오늘밤테라피,anyang/manan-gu/명학동/shops/오늘밤테라피/index.html,예
anyang/manan-gu/명학동/shops/002/index.html,쥬쥬테라피,anyang/manan-gu/명학동/shops/쥬쥬테라피/index.html,예
anyang/manan-gu/명학동/shops/003/index.html,퀸즈테라피,anyang/manan-gu/명학동/shops/퀸즈테라피/index.html,예
anyang/manan-gu/명학동/shops/004/index.html,한국미인테라피,anyang/manan-gu/명학동/shops/한국미인테라피/index.html,예
anyang/manan-gu/명학동/shops/005/index.html,한국인골든테라피,anyang/manan-gu/명학동/shops/한국인골든테라피/index.html,예
anyang/manan-gu/박달동/shops/001/index.html,오늘밤테라피,anyang/manan-gu/박달동/shops/오늘밤테라피/index.html,예
anyang/manan-gu/박달동/shops/002/index.html,쥬쥬테라피,anyang/manan-gu/박달동/shops/쥬쥬테라피/index.html,예
anyang/manan-gu/박달동/shops/003/index.html,퀸즈테라피,anyang/manan-gu/박달동/shops/퀸즈테라피/index.html,예
anyang/manan-gu/박달동/shops/004/index.html,한국미인테라피,anyang/manan-gu/박달동/shops/한국미인테라피/index.html,예
anyang/manan-gu/박달동/shops/005/index.html,한국인골든테라피,anyang/manan-gu/박달동/shops/한국인골든테라피/index.html,예
anyang/manan-gu/병목안동/shops/001/index.html,오늘밤테라피,anyang/manan-gu/병목안동/shops/오늘밤테라피/index.html,예
anyang/manan-gu/병목안동/shops/002/index.html,쥬쥬테라피,anyang/manan-gu/병목안동/shops/쥬쥬테라피/index.html,예
anyang/manan-gu/병목안동/shops/003/index.html,퀸즈테라피,anyang/manan-gu/병목안동/shops/퀸즈테라피/index.html,예
anyang/manan-gu/병목안동/shops/004/index.html,한국미인테라피,anyang/manan-gu/병목안동/shops/한국미인테라피/index.html,예
anyang/manan-gu/병목안동/shops/005/index.html,한국인골든테라피,anyang/manan-gu/병목안동/shops/한국인골든테라피/index.html,예
anyang/manan-gu/석수동/shops/001/index.html,오늘밤테라피,anyang/manan-gu/석수동/shops/오늘밤테라피/index.html,예
anyang/manan-gu/석수동/shops/002/index.html,쥬쥬테라피,anyang/manan-gu/석수동/shops/쥬쥬테라피/index.html,예
anyang/manan-gu/석수동/shops/003/index.html,퀸즈테라피,anyang/manan-gu/석수동/shops/퀸즈테라피/index.html,예
anyang/manan-gu/석수동/shops/004/index.html,한국미인테라피,anyang/manan-gu/석수동/shops/한국미인테라피/index.html,예
anyang/manan-gu/석수동/shops/005/index.html,한국인골든테라피,anyang/manan-gu/석수동/shops/한국인골든테라피/index.html,예
anyang/manan-gu/안양동/shops/001/index.html,오늘밤테라피,anyang/manan-gu/안양동/shops/오늘밤테라피/index.html,예
anyang/manan-gu/안양동/shops/002/index.html,쥬쥬테라피,anyang/manan-gu/안양동/shops/쥬쥬테라피/index.html,예
anyang/manan-gu/안양동/shops/003/index.html,퀸즈테라피,anyang/manan-gu/안양동/shops/퀸즈테라피/index.html,예
anyang/manan-gu/안양동/shops/004/index.html,한국미인테라피,anyang/manan-gu/안양동/shops/한국미인테라피/index.html,예
anyang/manan-gu/안양동/shops/005/index.html,한국인골든테라피,anyang/manan-gu/안양동/shops/한국인골든테라피/index.html,예
anyang/manan-gu/충훈동/shops/001/index.html,오늘밤테라피,anyang/manan-gu/충훈동/shops/오늘밤테라피/index.html,예
anyang/manan-gu/충훈동/shops/002/index.html,쥬쥬테라피,anyang/manan-gu/충훈동/shops/쥬쥬테라피/index.html,예
anyang/manan-gu/충훈동/shops/003/index.html,퀸즈테라피,anyang/manan-gu/충훈동/shops/퀸즈테라피/index.html,예
anyang/manan-gu/충훈동/shops/004/index.html,한국미인테라피,anyang/manan-gu/충훈동/shops/한국미인테라피/index.html,예
anyang/manan-gu/충훈동/shops/005/index.html,한국인골든테라피,anyang/manan-gu/충훈동/shops/한국인골든테라피/index.html,예
anyang/manan-gu/호현동/shops/001/index.html,오늘밤테라피,anyang/manan-gu/호현동/shops/오늘밤테라피/index.html,예
anyang/manan-gu/호현동/shops/002/index.html,쥬쥬테라피,anyang/manan-gu/호현동/shops/쥬쥬테라피/index.html,예
anyang/manan-gu/호현동/shops/003/index.html,퀸즈테라피,anyang/manan-gu/호현동/shops/퀸즈테라피/index.html,예
anyang/manan-gu/호현동/shops/004/index.html,한국미인테라피,anyang/manan-gu/호현동/shops/한국미인테라피/index.html,예
anyang/manan-gu/호현동/shops/005/index.html,한국인골든테라피,anyang/manan-gu/호현동/shops/한국인골든테라피/index.html,예
anyang/shops/001/index.html,쥬쥬테라피,anyang/shops/001/index.html,아니오
anyang/shops/002/index.html,한국인골든테라피,anyang/shops/002/index.html,아니오
anyang/shops/003/index.html,오늘밤테라피,anyang/shops/003/index.html,아니오
anyang/shops/004/index.html,퀸즈테라피,anyang/shops/004/index.html,아니오
anyang/shops/005/index.html,한국미인테라피,anyang/shops/005/index.html,아니오
asan/shops/001/index.html,쥬쥬테라피,asan/shops/001/index.html,아니오
asan/shops/002/index.html,한국미인테라피,asan/shops/002/index.html,아니오
asan/도고면/shops/001/index.html,쥬쥬테라피,asan/도고면/shops/쥬쥬테라피/index.html,예
asan/도고면/shops/002/index.html,한국미인테라피,asan/도고면/shops/한국미인테라피/index.html,예
asan/둔포면/shops/001/index.html,쥬쥬테라피,asan/둔포면/shops/쥬쥬테라피/index.html,예
asan/둔포면/shops/002/index.html,한국미인테라피,asan/둔포면/shops/한국미인테라피/index.html,예
asan/배방읍/shops/001/index.html,쥬쥬테라피,asan/배방읍/shops/쥬쥬테라피/index.html,예
asan/배방읍/shops/002/index.html,한국미인테라피,asan/배방읍/shops/한국미인테라피/index.html,예
asan/선장면/shops/001/index.html,쥬쥬테라피,asan/선장면/shops/쥬쥬테라피/index.html,예
asan/선장면/shops/002/index.html,한국미인테라피,asan/선장면/shops/한국미인테라피/index.html,예
asan/송악면/shops/001/index.html,쥬쥬테라피,asan/송악면/shops/쥬쥬테라피/index.html,예
asan/송악면/shops/002/index.html,한국미인테라피,asan/송악면/shops/한국미인테라피/index.html,예
asan/신창면/shops/001/index.html,쥬쥬테라피,asan/신창면/shops/쥬쥬테라피/index.html,예
asan/신창면/shops/002/index.html,한국미인테라피,asan/신창면/shops/한국미인테라피/index.html,예
asan/염치읍/shops/001/index.html,쥬쥬테라피,asan/염치읍/shops/쥬쥬테라피/index.html,예
asan/염치읍/shops/002/index.html,한국미인테라피,asan/염치읍/shops/한국미인테라피/index.html,예
asan/영인면/shops/001/index.html,쥬쥬테라피,asan/영인면/shops/쥬쥬테라피/index.html,예
asan/영인면/shops/002/index.html,한국미인테라피,asan/영인면/shops/한국미인테라피/index.html,예
asan/온양동/shops/001/index.html,쥬쥬테라피,asan/온양동/shops/쥬쥬테라피/index.html,예
asan/온양동/shops/002/index.html,한국미인테라피,asan/온양동/shops/한국미인테라피/index.html,예
asan/음봉면/shops/001/index.html,쥬쥬테라피,asan/음봉면/shops/쥬쥬테라피/index.html,예
asan/음봉면/shops/002/index.html,한국미인테라피,asan/음봉면/shops/한국미인테라피/index.html,예
asan/인주면/shops/001/index.html,쥬쥬테라피,asan/인주면/shops/쥬쥬테라피/index.html,예
asan/인주면/shops/002/index.html,한국미인테라피,asan/인주면/shops/한국미인테라피/index.html,예
asan/탕정면/shops/001/index.html,쥬쥬테라피,asan/탕정면/shops/쥬쥬테라피/index.html,예
asan/탕정면/shops/002/index.html,한국미인테라피,asan/탕정면/shops/한국미인테라피/index.html,예
bucheon/ojeong-gu/shops/001/index.html,쥬쥬테라피,bucheon/ojeong-gu/shops/001/index.html,아니오
bucheon/ojeong-gu/shops/002/index.html,한국인골든테라피,bucheon/ojeong-gu/shops/002/index.html,아니오
bucheon/ojeong-gu/shops/003/index.html,오늘밤테라피,bucheon/ojeong-gu/shops/003/index.html,아니오
bucheon/ojeong-gu/shops/004/index.html,퀸즈테라피,bucheon/ojeong-gu/shops/004/index.html,아니오
bucheon/ojeong-gu/shops/005/index.html,한국미인테라피,bucheon/ojeong-gu/shops/005/index.html,아니오
bucheon/ojeong-gu/고강동/shops/001/index.html,오늘밤테라피,bucheon/ojeong-gu/고강동/shops/오늘밤테라피/index.html,예
bucheon/ojeong-gu/고강동/shops/002/index.html,쥬쥬테라피,bucheon/ojeong-gu/고강동/shops/쥬쥬테라피/index.html,예
bucheon/ojeong-gu/고강동/shops/003/index.html,퀸즈테라피,bucheon/ojeong-gu/고강동/shops/퀸즈테라피/index.html,예
bucheon/ojeong-gu/고강동/shops/004/index.html,한국미인테라피,bucheon/ojeong-gu/고강동/shops/한국미인테라피/index.html,예
bucheon/ojeong-gu/고강동/shops/005/index.html,한국인골든테라피,bucheon/ojeong-gu/고강동/shops/한국인골든테라피/index.html,예
bucheon/ojeong-gu/고강본동/shops/001/index.html,오늘밤테라피,bucheon/ojeong-gu/고강본동/shops/오늘밤테라피/index.html,예
bucheon/ojeong-gu/고강본동/shops/002/index.html,쥬쥬테라피,bucheon/ojeong-gu/고강본동/shops/쥬쥬테라피/index.html,예
bucheon/ojeong-gu/고강본동/shops/003/index.html,퀸즈테라피,bucheon/ojeong-gu/고강본동/shops/퀸즈테라피/index.html,예
bucheon/ojeong-gu/고강본동/shops/004/index.html,한국미인테라피,bucheon/ojeong-gu/고강본동/shops/한국미인테라피/index.html,예
bucheon/ojeong-gu/고강본동/shops/005/index.html,한국인골든테라피,bucheon/ojeong-gu/고강본동/shops/한국인골든테라피/index.html,예
bucheon/ojeong-gu/성곡동/shops/001/index.html,오늘밤테라피,bucheon/ojeong-gu/성곡동/shops/오늘밤테라피/index.html,예
bucheon/ojeong-gu/성곡동/shops/002/index.html,쥬쥬테라피,bucheon/ojeong-gu/성곡동/shops/쥬쥬테라피/index.html,예
bucheon/ojeong-gu/성곡동/shops/003/index.html,퀸즈테라피,bucheon/ojeong-gu/성곡동/shops/퀸즈테라피/index.html,예
bucheon/ojeong-gu/성곡동/shops/004/index.html,한국미인테라피,bucheon/ojeong-gu/성곡동/shops/한국미인테라피/index.html,예
bucheon/ojeong-gu/성곡동/shops/005/index.html,한국인골든테라피,bucheon/ojeong-gu/성곡동/shops/한국인골든테라피/index.html,예
bucheon/ojeong-gu/신흥동/shops/001/index.html,오늘밤테라피,bucheon/ojeong-gu/신흥동/shops/오늘밤테라피/index.html,예
bucheon/ojeong-gu/신흥동/shops/002/index.html,쥬쥬테라피,bucheon/ojeong-gu/신흥동/shops/쥬쥬테라피/index.html,예
bucheon/ojeong-gu/신흥동/shops/003/index.html,퀸즈테라피,bucheon/ojeong-gu/신흥동/shops/퀸즈테라피/index.html,예
bucheon/ojeong-gu/신흥동/shops/004/index.html,한국미인테라피,bucheon/ojeong-gu/신흥동/shops/한국미인테라피/index.html,예
bucheon/ojeong-gu/신흥동/shops/005/index.html,한국인골든테라피,bucheon/ojeong-gu/신흥동/shops/한국인골든테라피/index.html,예
bucheon/ojeong-gu/오정동/shops/001/index.html,오늘밤테라피,bucheon/ojeong-gu/오정동/shops/오늘밤테라피/index.html,예
bucheon/ojeong-gu/오정동/shops/002/index.html,쥬쥬테라피,bucheon/ojeong-gu/오정동/shops/쥬쥬테라피/index.html,예
bucheon/ojeong-gu/오정동/shops/003/index.html,퀸즈테라피,bucheon/ojeong-gu/오정동/shops/퀸즈테라피/index.html,예
bucheon/ojeong-gu/오정동/shops/004/index.html,한국미인테라피,bucheon/ojeong-gu/오정동/shops/한국미인테라피/index.html,예
bucheon/ojeong-gu/오정동/shops/005/index.html,한국인골든테라피,bucheon/ojeong-gu/오정동/shops/한국인골든테라피/index.html,예
bucheon/ojeong-gu/원종동/shops/001/index.html,오늘밤테라피,bucheon/ojeong-gu/원종동/shops/오늘밤테라피/index.html,예
bucheon/ojeong-gu/원종동/shops/002/index.html,쥬쥬테라피,bucheon/ojeong-gu/원종동/shops/쥬쥬테라피/index.html,예
bucheon/ojeong-gu/원종동/shops/003/index.html,퀸즈테라피,bucheon/ojeong-gu/원종동/shops/퀸즈테라피/index.html,예
bucheon/ojeong-gu/원종동/shops/004/index.html,한국미인테라피,bucheon/ojeong-gu/원종동/shops/한국미인테라피/index.html,예
bucheon/ojeong-gu/원종동/shops/005/index.html,한국인골든테라피,bucheon/ojeong-gu/원종동/shops/한국인골든테라피/index.html,예
bucheon/shops/001/index.html,쥬쥬테라피,bucheon/shops/001/index.html,아니오
bucheon/shops/002/index.html,한국인골든테라피,bucheon/shops/002/index.html,아니오
bucheon/shops/003/index.html,오늘밤테라피,bucheon/shops/003/index.html,아니오
bucheon/shops/004/index.html,퀸즈테라피,bucheon/shops/004/index.html,아니오
bucheon/shops/005/index.html,한국미인테라피,bucheon/shops/005/index.html,아니오
bucheon/sosa-gu/shops/001/index.html,쥬쥬테라피,bucheon/sosa-gu/shops/001/index.html,아니오
bucheon/sosa-gu/shops/002/index.html,한국인골든테라피,bucheon/sosa-gu/shops/002/index.html,아니오
bucheon/sosa-gu/shops/003/index.html,오늘밤테라피,bucheon/sosa-gu/shops/003/index.html,아니오
bucheon/sosa-gu/shops/004/index.html,퀸즈테라피,bucheon/sosa-gu/shops/004/index.html,아니오
bucheon/sosa-gu/shops/005/index.html,한국미인테라피,bucheon/sosa-gu/shops/005/index.html,아니오
bucheon/sosa-gu/괴안동/shops/001/index.html,오늘밤테라피,bucheon/sosa-gu/괴안동/shops/오늘밤테라피/index.html,예
bucheon/sosa-gu/괴안동/shops/002/index.html,쥬쥬테라피,bucheon/sosa-gu/괴안동/shops/쥬쥬테라피/index.html,예
bucheon/sosa-gu/괴안동/shops/003/index.html,퀸즈테라피,bucheon/sosa-gu/괴안동/shops/퀸즈테라피/index.html,예
bucheon/sosa-gu/괴안동/shops/004/index.html,한국미인테라피,bucheon/sosa-gu/괴안동/shops/한국미인테라피/index.html,예
bucheon/sosa-gu/괴안동/shops/005/index.html,한국인골든테라피,bucheon/sosa-gu/괴안동/shops/한국인골든테라피/index.html,예
bucheon/sosa-gu/범박동/shops/001/index.html,오늘밤테라피,bucheon/sosa-gu/범박동/shops/오늘밤테라피/index.html,예
bucheon/sosa-gu/범박동/shops/002/index.html,쥬쥬테라피,bucheon/sosa-gu/범박동/shops/쥬쥬테라피/index.html,예
bucheon/sosa-gu/범박동/shops/003/index.html,퀸즈테라피,bucheon/sosa-gu/범박동/shops/퀸즈테라피/index.html,예
bucheon/sosa-gu/범박동/shops/004/index.html,한국미인테라피,bucheon/sosa-gu/범박동/shops/한국미인테라피/index.html,예
bucheon/sosa-gu/범박동/shops/005/index.html,한국인골든테라피,bucheon/sosa-gu/범박동/shops/한국인골든테라피/index.html,예
bucheon/sosa-gu/소사본동/shops/001/index.html,오늘밤테라피,bucheon/sosa-gu/소사본동/shops/오늘밤테라피/index.html,예
bucheon/sosa-gu/소사본동/shops/002/index.html,쥬쥬테라피,bucheon/sosa-gu/소사본동/shops/쥬쥬테라피/index.html,예
bucheon/sosa-gu/소사본동/shops/003/index.html,퀸즈테라피,bucheon/sosa-gu/소사본동/shops/퀸즈테라피/index.html,예
bucheon/sosa-gu/소사본동/shops/004/index.html,한국미인테라피,bucheon/sosa-gu/소사본동/shops/한국미인테라피/index.html,예
bucheon/sosa-gu/소사본동/shops/005/index.html,한국인골든테라피,bucheon/sosa-gu/소사본동/shops/한국인골든테라피/index.html,예
bucheon/sosa-gu/송내동/shops/001/index.html,오늘밤테라피,bucheon/sosa-gu/송내동/shops/오늘밤테라피/index.html,예
bucheon/sosa-gu/송내동/shops/002/index.html,쥬쥬테라피,bucheon/sosa-gu/송내동/shops/쥬쥬테라피/index.html,예
bucheon/sosa-gu/송내동/shops/003/index.html,퀸즈테라피,bucheon/sosa-gu/송내동/shops/퀸즈테라피/index.html,예
bucheon/sosa-gu/송내동/shops/004/index.html,한국미인테라피,bucheon/sosa-gu/송내동/shops/한국미인테라피/index.html,예
bucheon/sosa-gu/송내동/shops/005/index.html,한국인골든테라피,bucheon/sosa-gu/송내동/shops/한국인골든테라피/index.html,예
bucheon/sosa-gu/심곡본동/shops/001/index.html,오늘밤테라피,bucheon/sosa-gu/심곡본동/shops/오늘밤테라피/index.html,예
bucheon/sosa-gu/심곡본동/shops/002/index.html,쥬쥬테라피,bucheon/sosa-gu/심곡본동/shops/쥬쥬테라피/index.html,예
bucheon/sosa-gu/심곡본동/shops/003/index.html,퀸즈테라피,bucheon/sosa-gu/심곡본동/shops/퀸즈테라피/index.html,예
bucheon/sosa-gu/심곡본동/shops/004/index.html,한국미인테라피,bucheon/sosa-gu/심곡본동/shops/한국미인테라피/index.html,예
bucheon/sosa-gu/심곡본동/shops/005/index.html,한국인골든테라피,bucheon/sosa-gu/심곡본동/shops/한국인골든테라피/index.html,예
bucheon/sosa-gu/역곡동/shops/001/index.html,오늘밤테라피,bucheon/sosa-gu/역곡동/shops/오늘밤테라피/index.html,예
bucheon/sosa-gu/역곡동/shops/002/index.html,쥬쥬테라피,bucheon/sosa-gu/역곡동/shops/쥬쥬테라피/index.html,예
bucheon/sosa-gu/역곡동/shops/003/index.html,퀸즈테라피,bucheon/sosa-gu/역곡동/shops/퀸즈테라피/index.html,예
bucheon/sosa-gu/역곡동/shops/004/index.html,한국미인테라피,bucheon/sosa-gu/역곡동/shops/한국미인테라피/index.html,예
bucheon/sosa-gu/역곡동/shops/005/index.html,한국인골든테라피,bucheon/sosa-gu/역곡동/shops/한국인골든테라피/index.html,예
bucheon/sosa-gu/옥길동/shops/001/index.html,오늘밤테라피,bucheon/sosa-gu/옥길동/shops/오늘밤테라피/index.html,예
bucheon/sosa-gu/옥길동/shops/002/index.html,쥬쥬테라피,bucheon/sosa-gu/옥길동/shops/쥬쥬테라피/index.html,예
bucheon/sosa-gu/옥길동/shops/003/index.html,퀸즈테라피,bucheon/sosa-gu/옥길동/shops/퀸즈테라피/index.html,예
bucheon/sosa-gu/옥길동/shops/004/index.html,한국미인테라피,bucheon/sosa-gu/옥길동/shops/한국미인테라피/index.html,예
bucheon/sosa-gu/옥길동/shops/005/index.html,한국인골든테라피,bucheon/sosa-gu/옥길동/shops/한국인골든테라피/index.html,예
bucheon/wonmi-gu/shops/001/index.html,쥬쥬테라피,bucheon/wonmi-gu/shops/001/index.html,아니오
bucheon/wonmi-gu/shops/002/index.html,한국인골든테라피,bucheon/wonmi-gu/shops/002/index.html,아니오
bucheon/wonmi-gu/shops/003/index.html,오늘밤테라피,bucheon/wonmi-gu/shops/003/index.html,아니오
bucheon/wonmi-gu/shops/004/index.html,퀸즈테라피,bucheon/wonmi-gu/shops/004/index.html,아니오
bucheon/wonmi-gu/shops/005/index.html,한국미인테라피,bucheon/wonmi-gu/shops/005/index.html,아니오
bucheon/wonmi-gu/도당동/shops/001/index.html,오늘밤테라피,bucheon/wonmi-gu/도당동/shops/오늘밤테라피/index.html,예
bucheon/wonmi-gu/도당동/shops/002/index.html,쥬쥬테라피,bucheon/wonmi-gu/도당동/shops/쥬쥬테라피/index.html,예
bucheon/wonmi-gu/도당동/shops/003/index.html,퀸즈테라피,bucheon/wonmi-gu/도당동/shops/퀸즈테라피/index.html,예
bucheon/wonmi-gu/도당동/shops/004/index.html,한국미인테라피,bucheon/wonmi-gu/도당동/shops/한국미인테라피/index.html,예
bucheon/wonmi-gu/도당동/shops/005/index.html,한국인골든테라피,bucheon/wonmi-gu/도당동/shops/한국인골든테라피/index.html,예
bucheon/wonmi-gu/상동/shops/001/index.html,오늘밤테라피,bucheon/wonmi-gu/상동/shops/오늘밤테라피/index.html,예
bucheon/wonmi-gu/상동/shops/002/index.html,쥬쥬테라피,bucheon/wonmi-gu/상동/shops/쥬쥬테라피/index.html,예
bucheon/wonmi-gu/상동/shops/003/index.html,퀸즈테라피,bucheon/wonmi-gu/상동/shops/퀸즈테라피/index.html,예
bucheon/wonmi-gu/상동/shops/004/index.html,한국미인테라피,bucheon/wonmi-gu/상동/shops/한국미인테라피/index.html,예
bucheon/wonmi-gu/상동/shops/005/index.html,한국인골든테라피,bucheon/wonmi-gu/상동/shops/한국인골든테라피/index.html,예
bucheon/wonmi-gu/소사동/shops/001/index.html,오늘밤테라피,bucheon/wonmi-gu/소사동/shops/오늘밤테라피/index.html,예
bucheon/wonmi-gu/소사동/shops/002/index.html,쥬쥬테라피,bucheon/wonmi-gu/소사동/shops/쥬쥬테라피/index.html,예
bucheon/wonmi-gu/소사동/shops/003/index.html,퀸즈테라피,bucheon/wonmi-gu/소사동/shops/퀸즈테라피/index.html,예
bucheon/wonmi-gu/소사동/shops/004/index.html,한국미인테라피,bucheon/wonmi-gu/소사동/shops/한국미인테라피/index.html,예
bucheon/wonmi-gu/소사동/shops/005/index.html,한국인골든테라피,bucheon/wonmi-gu/소사동/shops/한국인골든테라피/index.html,예
bucheon/wonmi-gu/심곡동/shops/001/index.html,오늘밤테라피,bucheon/wonmi-gu/심곡동/shops/오늘밤테라피/index.html,예
bucheon/wonmi-gu/심곡동/shops/002/index.html,쥬쥬테라피,bucheon/wonmi-gu/심곡동/shops/쥬쥬테라피/index.html,예
bucheon/wonmi-gu/심곡동/shops/003/index.html,퀸즈테라피,bucheon/wonmi-gu/심곡동/shops/퀸즈테라피/index.html,예
bucheon/wonmi-gu/심곡동/shops/004/index.html,한국미인테라피,bucheon/wonmi-gu/심곡동/shops/한국미인테라피/index.html,예
bucheon/wonmi-gu/심곡동/shops/005/index.html,한국인골든테라피,bucheon/wonmi-gu/심곡동/shops/한국인골든테라피/index.html,예
bucheon/wonmi-gu/약대동/shops/001/index.html,오늘밤테라피,bucheon/wonmi-gu/약대동/shops/오늘밤테라피/index.html,예
bucheon/wonmi-gu/약대동/shops/002/index.html,쥬쥬테라피,bucheon/wonmi-gu/약대동/shops/쥬쥬테라피/index.html,예
bucheon/wonmi-gu/약대동/shops/003/index.html,퀸즈테라피,bucheon/wonmi-gu/약대동/shops/퀸즈테라피/index.html,예
bucheon/wonmi-gu/약대동/shops/004/index.html,한국미인테라피,bucheon/wonmi-gu/약대동/shops/한국미인테라피/index.html,예
bucheon/wonmi-gu/약대동/shops/005/index.html,한국인골든테라피,bucheon/wonmi-gu/약대동/shops/한국인골든테라피/index.html,예
bucheon/wonmi-gu/역곡동/shops/001/index.html,오늘밤테라피,bucheon/wonmi-gu/역곡동/shops/오늘밤테라피/index.html,예
bucheon/wonmi-gu/역곡동/shops/002/index.html,쥬쥬테라피,bucheon/wonmi-gu/역곡동/shops/쥬쥬테라피/index.html,예
bucheon/wonmi-gu/역곡동/shops/003/index.html,퀸즈테라피,bucheon/wonmi-gu/역곡동/shops/퀸즈테라피/index.html,예
bucheon/wonmi-gu/역곡동/shops/004/index.html,한국미인테라피,bucheon/wonmi-gu/역곡동/shops/한국미인테라피/index.html,예
bucheon/wonmi-gu/역곡동/shops/005/index.html,한국인골든테라피,bucheon/wonmi-gu/역곡동/shops/한국인골든테라피/index.html,예
bucheon/wonmi-gu/원미동/shops/001/index.html,오늘밤테라피,bucheon/wonmi-gu/원미동/shops/오늘밤테라피/index.html,예
bucheon/wonmi-gu/원미동/shops/002/index.html,쥬쥬테라피,bucheon/wonmi-gu/원미동/shops/쥬쥬테라피/index.html,예
bucheon/wonmi-gu/원미동/shops/003/index.html,퀸즈테라피,bucheon/wonmi-gu/원미동/shops/퀸즈테라피/index.html,예
bucheon/wonmi-gu/원미동/shops/004/index.html,한국미인테라피,bucheon/wonmi-gu/원미동/shops/한국미인테라피/index.html,예
bucheon/wonmi-gu/원미동/shops/005/index.html,한국인골든테라피,bucheon/wonmi-gu/원미동/shops/한국인골든테라피/index.html,예
bucheon/wonmi-gu/중동/shops/001/index.html,오늘밤테라피,bucheon/wonmi-gu/중동/shops/오늘밤테라피/index.html,예
bucheon/wonmi-gu/중동/shops/002/index.html,쥬쥬테라피,bucheon/wonmi-gu/중동/shops/쥬쥬테라피/index.html,예
bucheon/wonmi-gu/중동/shops/003/index.html,퀸즈테라피,bucheon/wonmi-gu/중동/shops/퀸즈테라피/index.html,예
bucheon/wonmi-gu/중동/shops/004/index.html,한국미인테라피,bucheon/wonmi-gu/중동/shops/한국미인테라피/index.html,예
bucheon/wonmi-gu/중동/shops/005/index.html,한국인골든테라피,bucheon/wonmi-gu/중동/shops/한국인골든테라피/index.html,예
bucheon/wonmi-gu/춘의동/shops/001/index.html,오늘밤테라피,bucheon/wonmi-gu/춘의동/shops/오늘밤테라피/index.html,예
bucheon/wonmi-gu/춘의동/shops/002/index.html,쥬쥬테라피,bucheon/wonmi-gu/춘의동/shops/쥬쥬테라피/index.html,예
bucheon/wonmi-gu/춘의동/shops/003/index.html,퀸즈테라피,bucheon/wonmi-gu/춘의동/shops/퀸즈테라피/index.html,예
bucheon/wonmi-gu/춘의동/shops/004/index.html,한국미인테라피,bucheon/wonmi-gu/춘의동/shops/한국미인테라피/index.html,예
bucheon/wonmi-gu/춘의동/shops/005/index.html,한국인골든테라피,bucheon/wonmi-gu/춘의동/shops/한국인골든테라피/index.html,예
bupyeong-gu/shops/001/index.html,쥬쥬테라피,bupyeong-gu/shops/001/index.html,아니오
bupyeong-gu/shops/002/index.html,한국인골든테라피,bupyeong-gu/shops/002/index.html,아니오
bupyeong-gu/shops/003/index.html,오늘밤테라피,bupyeong-gu/shops/003/index.html,아니오
bupyeong-gu/shops/004/index.html,퀸즈테라피,bupyeong-gu/shops/004/index.html,아니오
bupyeong-gu/shops/005/index.html,한국미인테라피,bupyeong-gu/shops/005/index.html,아니오
bupyeong-gu/갈산동/shops/001/index.html,오늘밤테라피,bupyeong-gu/갈산동/shops/오늘밤테라피/index.html,예
bupyeong-gu/갈산동/shops/002/index.html,쥬쥬테라피,bupyeong-gu/갈산동/shops/쥬쥬테라피/index.html,예
bupyeong-gu/갈산동/shops/003/index.html,퀸즈테라피,bupyeong-gu/갈산동/shops/퀸즈테라피/index.html,예
bupyeong-gu/갈산동/shops/004/index.html,한국미인테라피,bupyeong-gu/갈산동/shops/한국미인테라피/index.html,예
bupyeong-gu/갈산동/shops/005/index.html,한국인골든테라피,bupyeong-gu/갈산동/shops/한국인골든테라피/index.html,예
bupyeong-gu/부개동/shops/001/index.html,오늘밤테라피,bupyeong-gu/부개동/shops/오늘밤테라피/index.html,예
bupyeong-gu/부개동/shops/002/index.html,쥬쥬테라피,bupyeong-gu/부개동/shops/쥬쥬테라피/index.html,예
bupyeong-gu/부개동/shops/003/index.html,퀸즈테라피,bupyeong-gu/부개동/shops/퀸즈테라피/index.html,예
bupyeong-gu/부개동/shops/004/index.html,한국미인테라피,bupyeong-gu/부개동/shops/한국미인테라피/index.html,예
bupyeong-gu/부개동/shops/005/index.html,한국인골든테라피,bupyeong-gu/부개동/shops/한국인골든테라피/index.html,예
bupyeong-gu/부평동/shops/001/index.html,오늘밤테라피,bupyeong-gu/부평동/shops/오늘밤테라피/index.html,예
bupyeong-gu/부평동/shops/002/index.html,쥬쥬테라피,bupyeong-gu/부평동/shops/쥬쥬테라피/index.html,예
bupyeong-gu/부평동/shops/003/index.html,퀸즈테라피,bupyeong-gu/부평동/shops/퀸즈테라피/index.html,예
bupyeong-gu/부평동/shops/004/index.html,한국미인테라피,bupyeong-gu/부평동/shops/한국미인테라피/index.html,예
bupyeong-gu/부평동/shops/005/index.html,한국인골든테라피,bupyeong-gu/부평동/shops/한국인골든테라피/index.html,예
bupyeong-gu/산곡동/shops/001/index.html,오늘밤테라피,bupyeong-gu/산곡동/shops/오늘밤테라피/index.html,예
bupyeong-gu/산곡동/shops/002/index.html,쥬쥬테라피,bupyeong-gu/산곡동/shops/쥬쥬테라피/index.html,예
bupyeong-gu/산곡동/shops/003/index.html,퀸즈테라피,bupyeong-gu/산곡동/shops/퀸즈테라피/index.html,예
bupyeong-gu/산곡동/shops/004/index.html,한국미인테라피,bupyeong-gu/산곡동/shops/한국미인테라피/index.html,예
bupyeong-gu/산곡동/shops/005/index.html,한국인골든테라피,bupyeong-gu/산곡동/shops/한국인골든테라피/index.html,예
bupyeong-gu/삼산동/shops/001/index.html,오늘밤테라피,bupyeong-gu/삼산동/shops/오늘밤테라피/index.html,예
bupyeong-gu/삼산동/shops/002/index.html,쥬쥬테라피,bupyeong-gu/삼산동/shops/쥬쥬테라피/index.html,예
bupyeong-gu/삼산동/shops/003/index.html,퀸즈테라피,bupyeong-gu/삼산동/shops/퀸즈테라피/index.html,예
bupyeong-gu/삼산동/shops/004/index.html,한국미인테라피,bupyeong-gu/삼산동/shops/한국미인테라피/index.html,예
bupyeong-gu/삼산동/shops/005/index.html,한국인골든테라피,bupyeong-gu/삼산동/shops/한국인골든테라피/index.html,예
bupyeong-gu/십정동/shops/001/index.html,오늘밤테라피,bupyeong-gu/십정동/shops/오늘밤테라피/index.html,예
bupyeong-gu/십정동/shops/002/index.html,쥬쥬테라피,bupyeong-gu/십정동/shops/쥬쥬테라피/index.html,예
bupyeong-gu/십정동/shops/003/index.html,퀸즈테라피,bupyeong-gu/십정동/shops/퀸즈테라피/index.html,예
bupyeong-gu/십정동/shops/004/index.html,한국미인테라피,bupyeong-gu/십정동/shops/한국미인테라피/index.html,예
bupyeong-gu/십정동/shops/005/index.html,한국인골든테라피,bupyeong-gu/십정동/shops/한국인골든테라피/index.html,예
bupyeong-gu/일신동/shops/001/index.html,오늘밤테라피,bupyeong-gu/일신동/shops/오늘밤테라피/index.html,예
bupyeong-gu/일신동/shops/002/index.html,쥬쥬테라피,bupyeong-gu/일신동/shops/쥬쥬테라피/index.html,예
bupyeong-gu/일신동/shops/003/index.html,퀸즈테라피,bupyeong-gu/일신동/shops/퀸즈테라피/index.html,예
bupyeong-gu/일신동/shops/004/index.html,한국미인테라피,bupyeong-gu/일신동/shops/한국미인테라피/index.html,예
bupyeong-gu/일신동/shops/005/index.html,한국인골든테라피,bupyeong-gu/일신동/shops/한국인골든테라피/index.html,예
bupyeong-gu/청천동/shops/001/index.html,오늘밤테라피,bupyeong-gu/청천동/shops/오늘밤테라피/index.html,예
bupyeong-gu/청천동/shops/002/index.html,쥬쥬테라피,bupyeong-gu/청천동/shops/쥬쥬테라피/index.html,예
bupyeong-gu/청천동/shops/003/index.html,퀸즈테라피,bupyeong-gu/청천동/shops/퀸즈테라피/index.html,예
bupyeong-gu/청천동/shops/004/index.html,한국미인테라피,bupyeong-gu/청천동/shops/한국미인테라피/index.html,예
bupyeong-gu/청천동/shops/005/index.html,한국인골든테라피,bupyeong-gu/청천동/shops/한국인골든테라피/index.html,예
changwon/jinhae-gu/shops/001/index.html,끌림테라피,changwon/jinhae-gu/shops/001/index.html,아니오
changwon/jinhae-gu/경화동/shops/001/index.html,끌림테라피,changwon/jinhae-gu/경화동/shops/끌림테라피/index.html,예
changwon/jinhae-gu/덕산동/shops/001/index.html,끌림테라피,changwon/jinhae-gu/덕산동/shops/끌림테라피/index.html,예
changwon/jinhae-gu/병암동/shops/001/index.html,끌림테라피,changwon/jinhae-gu/병암동/shops/끌림테라피/index.html,예
changwon/jinhae-gu/석동/shops/001/index.html,끌림테라피,changwon/jinhae-gu/석동/shops/끌림테라피/index.html,예
changwon/jinhae-gu/여좌동/shops/001/index.html,끌림테라피,changwon/jinhae-gu/여좌동/shops/끌림테라피/index.html,예
changwon/jinhae-gu/웅동동/shops/001/index.html,끌림테라피,changwon/jinhae-gu/웅동동/shops/끌림테라피/index.html,예
changwon/jinhae-gu/웅천동/shops/001/index.html,끌림테라피,changwon/jinhae-gu/웅천동/shops/끌림테라피/index.html,예
changwon/jinhae-gu/이동/shops/001/index.html,끌림테라피,changwon/jinhae-gu/이동/shops/끌림테라피/index.html,예
changwon/jinhae-gu/자은동/shops/001/index.html,끌림테라피,changwon/jinhae-gu/자은동/shops/끌림테라피/index.html,예
changwon/jinhae-gu/충무동/shops/001/index.html,끌림테라피,changwon/jinhae-gu/충무동/shops/끌림테라피/index.html,예
changwon/jinhae-gu/태백동/shops/001/index.html,끌림테라피,changwon/jinhae-gu/태백동/shops/끌림테라피/index.html,예
changwon/jinhae-gu/풍호동/shops/001/index.html,끌림테라피,changwon/jinhae-gu/풍호동/shops/끌림테라피/index.html,예
changwon/masanhappo-gu/shops/001/index.html,끌림테라피,changwon/masanhappo-gu/shops/001/index.html,아니오
changwon/masanhappo-gu/가포동/shops/001/index.html,끌림테라피,changwon/masanhappo-gu/가포동/shops/끌림테라피/index.html,예
changwon/masanhappo-gu/교방동/shops/001/index.html,끌림테라피,changwon/masanhappo-gu/교방동/shops/끌림테라피/index.html,예
changwon/masanhappo-gu/구산면/shops/001/index.html,끌림테라피,changwon/masanhappo-gu/구산면/shops/끌림테라피/index.html,예
changwon/masanhappo-gu/문화동/shops/001/index.html,끌림테라피,changwon/masanhappo-gu/문화동/shops/끌림테라피/index.html,예
changwon/masanhappo-gu/반월중앙동/shops/001/index.html,끌림테라피,changwon/masanhappo-gu/반월중앙동/shops/끌림테라피/index.html,예
changwon/masanhappo-gu/산호동/shops/001/index.html,끌림테라피,changwon/masanhappo-gu/산호동/shops/끌림테라피/index.html,예
changwon/masanhappo-gu/오동동/shops/001/index.html,끌림테라피,changwon/masanhappo-gu/오동동/shops/끌림테라피/index.html,예
changwon/masanhappo-gu/완월동/shops/001/index.html,끌림테라피,changwon/masanhappo-gu/완월동/shops/끌림테라피/index.html,예
changwon/masanhappo-gu/월영동/shops/001/index.html,끌림테라피,changwon/masanhappo-gu/월영동/shops/끌림테라피/index.html,예
changwon/masanhappo-gu/자산동/shops/001/index.html,끌림테라피,changwon/masanhappo-gu/자산동/shops/끌림테라피/index.html,예
changwon/masanhappo-gu/진동면/shops/001/index.html,끌림테라피,changwon/masanhappo-gu/진동면/shops/끌림테라피/index.html,예
changwon/masanhappo-gu/진북면/shops/001/index.html,끌림테라피,changwon/masanhappo-gu/진북면/shops/끌림테라피/index.html,예
changwon/masanhappo-gu/진전면/shops/001/index.html,끌림테라피,changwon/masanhappo-gu/진전면/shops/끌림테라피/index.html,예
changwon/masanhappo-gu/합포동/shops/001/index.html,끌림테라피,changwon/masanhappo-gu/합포동/shops/끌림테라피/index.html,예
changwon/masanhappo-gu/현동/shops/001/index.html,끌림테라피,changwon/masanhappo-gu/현동/shops/끌림테라피/index.html,예
changwon/masanhoewon-gu/shops/001/index.html,끌림테라피,changwon/masanhoewon-gu/shops/001/index.html,아니오
changwon/masanhoewon-gu/구암동/shops/001/index.html,끌림테라피,changwon/masanhoewon-gu/구암동/shops/끌림테라피/index.html,예
changwon/masanhoewon-gu/내서읍/shops/001/index.html,끌림테라피,changwon/masanhoewon-gu/내서읍/shops/끌림테라피/index.html,예
changwon/masanhoewon-gu/봉암동/shops/001/index.html,끌림테라피,changwon/masanhoewon-gu/봉암동/shops/끌림테라피/index.html,예
changwon/masanhoewon-gu/석전동/shops/001/index.html,끌림테라피,changwon/masanhoewon-gu/석전동/shops/끌림테라피/index.html,예
changwon/masanhoewon-gu/양덕동/shops/001/index.html,끌림테라피,changwon/masanhoewon-gu/양덕동/shops/끌림테라피/index.html,예
changwon/masanhoewon-gu/합성동/shops/001/index.html,끌림테라피,changwon/masanhoewon-gu/합성동/shops/끌림테라피/index.html,예
changwon/masanhoewon-gu/회성동/shops/001/index.html,끌림테라피,changwon/masanhoewon-gu/회성동/shops/끌림테라피/index.html,예
changwon/masanhoewon-gu/회원동/shops/001/index.html,끌림테라피,changwon/masanhoewon-gu/회원동/shops/끌림테라피/index.html,예
changwon/seongsan-gu/shops/001/index.html,끌림테라피,changwon/seongsan-gu/shops/001/index.html,아니오
changwon/seongsan-gu/가음정동/shops/001/index.html,끌림테라피,changwon/seongsan-gu/가음정동/shops/끌림테라피/index.html,예
changwon/seongsan-gu/반송동/shops/001/index.html,끌림테라피,changwon/seongsan-gu/반송동/shops/끌림테라피/index.html,예
changwon/seongsan-gu/사파동/shops/001/index.html,끌림테라피,changwon/seongsan-gu/사파동/shops/끌림테라피/index.html,예
changwon/seongsan-gu/상남동/shops/001/index.html,끌림테라피,changwon/seongsan-gu/상남동/shops/끌림테라피/index.html,예
changwon/seongsan-gu/성주동/shops/001/index.html,끌림테라피,changwon/seongsan-gu/성주동/shops/끌림테라피/index.html,예
changwon/seongsan-gu/용지동/shops/001/index.html,끌림테라피,changwon/seongsan-gu/용지동/shops/끌림테라피/index.html,예
changwon/seongsan-gu/웅남동/shops/001/index.html,끌림테라피,changwon/seongsan-gu/웅남동/shops/끌림테라피/index.html,예
changwon/seongsan-gu/중앙동/shops/001/index.html,끌림테라피,changwon/seongsan-gu/중앙동/shops/끌림테라피/index.html,예
changwon/shops/001/index.html,끌림테라피,changwon/shops/001/index.html,아니오
changwon/uichang-gu/shops/001/index.html,끌림테라피,changwon/uichang-gu/shops/001/index.html,아니오
changwon/uichang-gu/대산면/shops/001/index.html,끌림테라피,changwon/uichang-gu/대산면/shops/끌림테라피/index.html,예
changwon/uichang-gu/동읍/shops/001/index.html,끌림테라피,changwon/uichang-gu/동읍/shops/끌림테라피/index.html,예
changwon/uichang-gu/명곡동/shops/001/index.html,끌림테라피,changwon/uichang-gu/명곡동/shops/끌림테라피/index.html,예
changwon/uichang-gu/봉림동/shops/001/index.html,끌림테라피,changwon/uichang-gu/봉림동/shops/끌림테라피/index.html,예
changwon/uichang-gu/북면/shops/001/index.html,끌림테라피,changwon/uichang-gu/북면/shops/끌림테라피/index.html,예
changwon/uichang-gu/의창동/shops/001/index.html,끌림테라피,changwon/uichang-gu/의창동/shops/끌림테라피/index.html,예
changwon/uichang-gu/팔룡동/shops/001/index.html,끌림테라피,changwon/uichang-gu/팔룡동/shops/끌림테라피/index.html,예
cheonan/dongnam-gu/shops/001/index.html,쥬쥬테라피,cheonan/dongnam-gu/shops/001/index.html,아니오
cheonan/dongnam-gu/shops/002/index.html,한국미인테라피,cheonan/dongnam-gu/shops/002/index.html,아니오
cheonan/dongnam-gu/광덕면/shops/001/index.html,쥬쥬테라피,cheonan/dongnam-gu/광덕면/shops/쥬쥬테라피/index.html,예
cheonan/dongnam-gu/광덕면/shops/002/index.html,한국미인테라피,cheonan/dongnam-gu/광덕면/shops/한국미인테라피/index.html,예
cheonan/dongnam-gu/동면/shops/001/index.html,쥬쥬테라피,cheonan/dongnam-gu/동면/shops/쥬쥬테라피/index.html,예
cheonan/dongnam-gu/동면/shops/002/index.html,한국미인테라피,cheonan/dongnam-gu/동면/shops/한국미인테라피/index.html,예
cheonan/dongnam-gu/목천읍/shops/001/index.html,쥬쥬테라피,cheonan/dongnam-gu/목천읍/shops/쥬쥬테라피/index.html,예
cheonan/dongnam-gu/목천읍/shops/002/index.html,한국미인테라피,cheonan/dongnam-gu/목천읍/shops/한국미인테라피/index.html,예
cheonan/dongnam-gu/문성동/shops/001/index.html,쥬쥬테라피,cheonan/dongnam-gu/문성동/shops/쥬쥬테라피/index.html,예
cheonan/dongnam-gu/문성동/shops/002/index.html,한국미인테라피,cheonan/dongnam-gu/문성동/shops/한국미인테라피/index.html,예
cheonan/dongnam-gu/백석동/shops/001/index.html,쥬쥬테라피,cheonan/dongnam-gu/백석동/shops/쥬쥬테라피/index.html,예
cheonan/dongnam-gu/백석동/shops/002/index.html,한국미인테라피,cheonan/dongnam-gu/백석동/shops/한국미인테라피/index.html,예
cheonan/dongnam-gu/병천면/shops/001/index.html,쥬쥬테라피,cheonan/dongnam-gu/병천면/shops/쥬쥬테라피/index.html,예
cheonan/dongnam-gu/병천면/shops/002/index.html,한국미인테라피,cheonan/dongnam-gu/병천면/shops/한국미인테라피/index.html,예
cheonan/dongnam-gu/봉명동/shops/001/index.html,쥬쥬테라피,cheonan/dongnam-gu/봉명동/shops/쥬쥬테라피/index.html,예
cheonan/dongnam-gu/봉명동/shops/002/index.html,한국미인테라피,cheonan/dongnam-gu/봉명동/shops/한국미인테라피/index.html,예
cheonan/dongnam-gu/부성동/shops/001/index.html,쥬쥬테라피,cheonan/dongnam-gu/부성동/shops/쥬쥬테라피/index.html,예
cheonan/dongnam-gu/부성동/shops/002/index.html,한국미인테라피,cheonan/dongnam-gu/부성동/shops/한국미인테라피/index.html,예
cheonan/dongnam-gu/북면/shops/001/index.html,쥬쥬테라피,cheonan/dongnam-gu/북면/shops/쥬쥬테라피/index.html,예
cheonan/dongnam-gu/북면/shops/002/index.html,한국미인테라피,cheonan/dongnam-gu/북면/shops/한국미인테라피/index.html,예
cheonan/dongnam-gu/불당동/shops/001/index.html,쥬쥬테라피,cheonan/dongnam-gu/불당동/shops/쥬쥬테라피/index.html,예
cheonan/dongnam-gu/불당동/shops/002/index.html,한국미인테라피,cheonan/dongnam-gu/불당동/shops/한국미인테라피/index.html,예
cheonan/dongnam-gu/성거읍/shops/001/index.html,쥬쥬테라피,cheonan/dongnam-gu/성거읍/shops/쥬쥬테라피/index.html,예
cheonan/dongnam-gu/성거읍/shops/002/index.html,한국미인테라피,cheonan/dongnam-gu/성거읍/shops/한국미인테라피/index.html,예
cheonan/dongnam-gu/성남면/shops/001/index.html,쥬쥬테라피,cheonan/dongnam-gu/성남면/shops/쥬쥬테라피/index.html,예
cheonan/dongnam-gu/성남면/shops/002/index.html,한국미인테라피,cheonan/dongnam-gu/성남면/shops/한국미인테라피/index.html,예
cheonan/dongnam-gu/성정동/shops/001/index.html,쥬쥬테라피,cheonan/dongnam-gu/성정동/shops/쥬쥬테라피/index.html,예
cheonan/dongnam-gu/성정동/shops/002/index.html,한국미인테라피,cheonan/dongnam-gu/성정동/shops/한국미인테라피/index.html,예
cheonan/dongnam-gu/성환읍/shops/001/index.html,쥬쥬테라피,cheonan/dongnam-gu/성환읍/shops/쥬쥬테라피/index.html,예
cheonan/dongnam-gu/성환읍/shops/002/index.html,한국미인테라피,cheonan/dongnam-gu/성환읍/shops/한국미인테라피/index.html,예
cheonan/dongnam-gu/수신면/shops/001/index.html,쥬쥬테라피,cheonan/dongnam-gu/수신면/shops/쥬쥬테라피/index.html,예
cheonan/dongnam-gu/수신면/shops/002/index.html,한국미인테라피,cheonan/dongnam-gu/수신면/shops/한국미인테라피/index.html,예
cheonan/dongnam-gu/신방동/shops/001/index.html,쥬쥬테라피,cheonan/dongnam-gu/신방동/shops/쥬쥬테라피/index.html,예
cheonan/dongnam-gu/신방동/shops/002/index.html,한국미인테라피,cheonan/dongnam-gu/신방동/shops/한국미인테라피/index.html,예
cheonan/dongnam-gu/신안동/shops/001/index.html,쥬쥬테라피,cheonan/dongnam-gu/신안동/shops/쥬쥬테라피/index.html,예
cheonan/dongnam-gu/신안동/shops/002/index.html,한국미인테라피,cheonan/dongnam-gu/신안동/shops/한국미인테라피/index.html,예
cheonan/dongnam-gu/쌍용동/shops/001/index.html,쥬쥬테라피,cheonan/dongnam-gu/쌍용동/shops/쥬쥬테라피/index.html,예
cheonan/dongnam-gu/쌍용동/shops/002/index.html,한국미인테라피,cheonan/dongnam-gu/쌍용동/shops/한국미인테라피/index.html,예
cheonan/dongnam-gu/원성동/shops/001/index.html,쥬쥬테라피,cheonan/dongnam-gu/원성동/shops/쥬쥬테라피/index.html,예
cheonan/dongnam-gu/원성동/shops/002/index.html,한국미인테라피,cheonan/dongnam-gu/원성동/shops/한국미인테라피/index.html,예
cheonan/dongnam-gu/일봉동/shops/001/index.html,쥬쥬테라피,cheonan/dongnam-gu/일봉동/shops/쥬쥬테라피/index.html,예
cheonan/dongnam-gu/일봉동/shops/002/index.html,한국미인테라피,cheonan/dongnam-gu/일봉동/shops/한국미인테라피/index.html,예
cheonan/dongnam-gu/입장면/shops/001/index.html,쥬쥬테라피,cheonan/dongnam-gu/입장면/shops/쥬쥬테라피/index.html,예
cheonan/dongnam-gu/입장면/shops/002/index.html,한국미인테라피,cheonan/dongnam-gu/입장면/shops/한국미인테라피/index.html,예
cheonan/dongnam-gu/중앙동/shops/001/index.html,쥬쥬테라피,cheonan/dongnam-gu/중앙동/shops/쥬쥬테라피/index.html,예
cheonan/dongnam-gu/중앙동/shops/002/index.html,한국미인테라피,cheonan/dongnam-gu/중앙동/shops/한국미인테라피/index.html,예
cheonan/dongnam-gu/직산읍/shops/001/index.html,쥬쥬테라피,cheonan/dongnam-gu/직산읍/shops/쥬쥬테라피/index.html,예
cheonan/dongnam-gu/직산읍/shops/002/index.html,한국미인테라피,cheonan/dongnam-gu/직산읍/shops/한국미인테라피/index.html,예
cheonan/dongnam-gu/청룡동/shops/001/index.html,쥬쥬테라피,cheonan/dongnam-gu/청룡동/shops/쥬쥬테라피/index.html,예
cheonan/dongnam-gu/청룡동/shops/002/index.html,한국미인테라피,cheonan/dongnam-gu/청룡동/shops/한국미인테라피/index.html,예
cheonan/dongnam-gu/풍세면/shops/001/index.html,쥬쥬테라피,cheonan/dongnam-gu/풍세면/shops/쥬쥬테라피/index.html,예
cheonan/dongnam-gu/풍세면/shops/002/index.html,한국미인테라피,cheonan/dongnam-gu/풍세면/shops/한국미인테라피/index.html,예
cheonan/shops/001/index.html,쥬쥬테라피,cheonan/shops/001/index.html,아니오
cheonan/shops/002/index.html,한국미인테라피,cheonan/shops/002/index.html,아니오
cheongju/cheongwon-gu/shops/001/index.html,S슬립테라피,cheongju/cheongwon-gu/shops/001/index.html,아니오
cheongju/cheongwon-gu/shops/002/index.html,로제테라피,cheongju/cheongwon-gu/shops/002/index.html,아니오
cheongju/cheongwon-gu/내덕동/shops/001/index.html,S슬립테라피,cheongju/cheongwon-gu/내덕동/shops/S슬립테라피/index.html,예
cheongju/cheongwon-gu/내덕동/shops/002/index.html,로제테라피,cheongju/cheongwon-gu/내덕동/shops/로제테라피/index.html,예
cheongju/cheongwon-gu/내수읍/shops/001/index.html,S슬립테라피,cheongju/cheongwon-gu/내수읍/shops/S슬립테라피/index.html,예
cheongju/cheongwon-gu/내수읍/shops/002/index.html,로제테라피,cheongju/cheongwon-gu/내수읍/shops/로제테라피/index.html,예
cheongju/cheongwon-gu/북이면/shops/001/index.html,S슬립테라피,cheongju/cheongwon-gu/북이면/shops/S슬립테라피/index.html,예
cheongju/cheongwon-gu/북이면/shops/002/index.html,로제테라피,cheongju/cheongwon-gu/북이면/shops/로제테라피/index.html,예
cheongju/cheongwon-gu/오근장동/shops/001/index.html,S슬립테라피,cheongju/cheongwon-gu/오근장동/shops/S슬립테라피/index.html,예
cheongju/cheongwon-gu/오근장동/shops/002/index.html,로제테라피,cheongju/cheongwon-gu/오근장동/shops/로제테라피/index.html,예
cheongju/cheongwon-gu/오창읍/shops/001/index.html,S슬립테라피,cheongju/cheongwon-gu/오창읍/shops/S슬립테라피/index.html,예
cheongju/cheongwon-gu/오창읍/shops/002/index.html,로제테라피,cheongju/cheongwon-gu/오창읍/shops/로제테라피/index.html,예
cheongju/cheongwon-gu/우암동/shops/001/index.html,S슬립테라피,cheongju/cheongwon-gu/우암동/shops/S슬립테라피/index.html,예
cheongju/cheongwon-gu/우암동/shops/002/index.html,로제테라피,cheongju/cheongwon-gu/우암동/shops/로제테라피/index.html,예
cheongju/cheongwon-gu/율량.사천동/shops/001/index.html,S슬립테라피,cheongju/cheongwon-gu/율량.사천동/shops/S슬립테라피/index.html,예
cheongju/cheongwon-gu/율량.사천동/shops/002/index.html,로제테라피,cheongju/cheongwon-gu/율량.사천동/shops/로제테라피/index.html,예
cheongju/heungdeok-gu/shops/001/index.html,S슬립테라피,cheongju/heungdeok-gu/shops/001/index.html,아니오
cheongju/heungdeok-gu/shops/002/index.html,로제테라피,cheongju/heungdeok-gu/shops/002/index.html,아니오
cheongju/heungdeok-gu/가경동/shops/001/index.html,S슬립테라피,cheongju/heungdeok-gu/가경동/shops/S슬립테라피/index.html,예
cheongju/heungdeok-gu/가경동/shops/002/index.html,로제테라피,cheongju/heungdeok-gu/가경동/shops/로제테라피/index.html,예
cheongju/heungdeok-gu/강내면/shops/001/index.html,S슬립테라피,cheongju/heungdeok-gu/강내면/shops/S슬립테라피/index.html,예
cheongju/heungdeok-gu/강내면/shops/002/index.html,로제테라피,cheongju/heungdeok-gu/강내면/shops/로제테라피/index.html,예
cheongju/heungdeok-gu/강서동/shops/001/index.html,S슬립테라피,cheongju/heungdeok-gu/강서동/shops/S슬립테라피/index.html,예
cheongju/heungdeok-gu/강서동/shops/002/index.html,로제테라피,cheongju/heungdeok-gu/강서동/shops/로제테라피/index.html,예
cheongju/heungdeok-gu/복대동/shops/001/index.html,S슬립테라피,cheongju/heungdeok-gu/복대동/shops/S슬립테라피/index.html,예
cheongju/heungdeok-gu/복대동/shops/002/index.html,로제테라피,cheongju/heungdeok-gu/복대동/shops/로제테라피/index.html,예
cheongju/heungdeok-gu/봉명2.송정동/shops/001/index.html,S슬립테라피,cheongju/heungdeok-gu/봉명2.송정동/shops/S슬립테라피/index.html,예
cheongju/heungdeok-gu/봉명2.송정동/shops/002/index.html,로제테라피,cheongju/heungdeok-gu/봉명2.송정동/shops/로제테라피/index.html,예
cheongju/heungdeok-gu/봉명동/shops/001/index.html,S슬립테라피,cheongju/heungdeok-gu/봉명동/shops/S슬립테라피/index.html,예
cheongju/heungdeok-gu/봉명동/shops/002/index.html,로제테라피,cheongju/heungdeok-gu/봉명동/shops/로제테라피/index.html,예
cheongju/heungdeok-gu/오송읍/shops/001/index.html,S슬립테라피,cheongju/heungdeok-gu/오송읍/shops/S슬립테라피/index.html,예
cheongju/heungdeok-gu/오송읍/shops/002/index.html,로제테라피,cheongju/heungdeok-gu/오송읍/shops/로제테라피/index.html,예
cheongju/heungdeok-gu/옥산면/shops/001/index.html,S슬립테라피,cheongju/heungdeok-gu/옥산면/shops/S슬립테라피/index.html,예
cheongju/heungdeok-gu/옥산면/shops/002/index.html,로제테라피,cheongju/heungdeok-gu/옥산면/shops/로제테라피/index.html,예
cheongju/heungdeok-gu/운천.신봉동/shops/001/index.html,S슬립테라피,cheongju/heungdeok-gu/운천.신봉동/shops/S슬립테라피/index.html,예
cheongju/heungdeok-gu/운천.신봉동/shops/002/index.html,로제테라피,cheongju/heungdeok-gu/운천.신봉동/shops/로제테라피/index.html,예
cheongju/sangdang-gu/shops/001/index.html,S슬립테라피,cheongju/sangdang-gu/shops/001/index.html,아니오
cheongju/sangdang-gu/shops/002/index.html,로제테라피,cheongju/sangdang-gu/shops/002/index.html,아니오
cheongju/sangdang-gu/가덕면/shops/001/index.html,S슬립테라피,cheongju/sangdang-gu/가덕면/shops/S슬립테라피/index.html,예
cheongju/sangdang-gu/가덕면/shops/002/index.html,로제테라피,cheongju/sangdang-gu/가덕면/shops/로제테라피/index.html,예
cheongju/sangdang-gu/금천동/shops/001/index.html,S슬립테라피,cheongju/sangdang-gu/금천동/shops/S슬립테라피/index.html,예
cheongju/sangdang-gu/금천동/shops/002/index.html,로제테라피,cheongju/sangdang-gu/금천동/shops/로제테라피/index.html,예
cheongju/sangdang-gu/남일면/shops/001/index.html,S슬립테라피,cheongju/sangdang-gu/남일면/shops/S슬립테라피/index.html,예
cheongju/sangdang-gu/남일면/shops/002/index.html,로제테라피,cheongju/sangdang-gu/남일면/shops/로제테라피/index.html,예
cheongju/sangdang-gu/낭성면/shops/001/index.html,S슬립테라피,cheongju/sangdang-gu/낭성면/shops/S슬립테라피/index.html,예
cheongju/sangdang-gu/낭성면/shops/002/index.html,로제테라피,cheongju/sangdang-gu/낭성면/shops/로제테라피/index.html,예
cheongju/sangdang-gu/문의면/shops/001/index.html,S슬립테라피,cheongju/sangdang-gu/문의면/shops/S슬립테라피/index.html,예
cheongju/sangdang-gu/문의면/shops/002/index.html,로제테라피,cheongju/sangdang-gu/문의면/shops/로제테라피/index.html,예
cheongju/sangdang-gu/미원면/shops/001/index.html,S슬립테라피,cheongju/sangdang-gu/미원면/shops/S슬립테라피/index.html,예
cheongju/sangdang-gu/미원면/shops/002/index.html,로제테라피,cheongju/sangdang-gu/미원면/shops/로제테라피/index.html,예
cheongju/sangdang-gu/성안동/shops/001/index.html,S슬립테라피,cheongju/sangdang-gu/성안동/shops/S슬립테라피/index.html,예
cheongju/sangdang-gu/성안동/shops/002/index.html,로제테라피,cheongju/sangdang-gu/성안동/shops/로제테라피/index.html,예
cheongju/sangdang-gu/영운동/shops/001/index.html,S슬립테라피,cheongju/sangdang-gu/영운동/shops/S슬립테라피/index.html,예
cheongju/sangdang-gu/영운동/shops/002/index.html,로제테라피,cheongju/sangdang-gu/영운동/shops/로제테라피/index.html,예
cheongju/sangdang-gu/용담.명암.산성동/shops/001/index.html,S슬립테라피,cheongju/sangdang-gu/용담.명암.산성동/shops/S슬립테라피/index.html,예
cheongju/sangdang-gu/용담.명암.산성동/shops/002/index.html,로제테라피,cheongju/sangdang-gu/용담.명암.산성동/shops/로제테라피/index.html,예
cheongju/sangdang-gu/용암동/shops/001/index.html,S슬립테라피,cheongju/sangdang-gu/용암동/shops/S슬립테라피/index.html,예
cheongju/sangdang-gu/용암동/shops/002/index.html,로제테라피,cheongju/sangdang-gu/용암동/shops/로제테라피/index.html,예
cheongju/sangdang-gu/중앙동/shops/001/index.html,S슬립테라피,cheongju/sangdang-gu/중앙동/shops/S슬립테라피/index.html,예
cheongju/sangdang-gu/중앙동/shops/002/index.html,로제테라피,cheongju/sangdang-gu/중앙동/shops/로제테라피/index.html,예
cheongju/sangdang-gu/탑대성동/shops/001/index.html,S슬립테라피,cheongju/sangdang-gu/탑대성동/shops/S슬립테라피/index.html,예
cheongju/sangdang-gu/탑대성동/shops/002/index.html,로제테라피,cheongju/sangdang-gu/탑대성동/shops/로제테라피/index.html,예
cheongju/seowon-gu/shops/001/index.html,S슬립테라피,cheongju/seowon-gu/shops/001/index.html,아니오
cheongju/seowon-gu/shops/002/index.html,로제테라피,cheongju/seowon-gu/shops/002/index.html,아니오
cheongju/seowon-gu/남이면/shops/001/index.html,S슬립테라피,cheongju/seowon-gu/남이면/shops/S슬립테라피/index.html,예
cheongju/seowon-gu/남이면/shops/002/index.html,로제테라피,cheongju/seowon-gu/남이면/shops/로제테라피/index.html,예
cheongju/seowon-gu/모충동/shops/001/index.html,S슬립테라피,cheongju/seowon-gu/모충동/shops/S슬립테라피/index.html,예
cheongju/seowon-gu/모충동/shops/002/index.html,로제테라피,cheongju/seowon-gu/모충동/shops/로제테라피/index.html,예
cheongju/seowon-gu/분평동/shops/001/index.html,S슬립테라피,cheongju/seowon-gu/분평동/shops/S슬립테라피/index.html,예
cheongju/seowon-gu/분평동/shops/002/index.html,로제테라피,cheongju/seowon-gu/분평동/shops/로제테라피/index.html,예
cheongju/seowon-gu/사직동/shops/001/index.html,S슬립테라피,cheongju/seowon-gu/사직동/shops/S슬립테라피/index.html,예
cheongju/seowon-gu/사직동/shops/002/index.html,로제테라피,cheongju/seowon-gu/사직동/shops/로제테라피/index.html,예
cheongju/seowon-gu/사창동/shops/001/index.html,S슬립테라피,cheongju/seowon-gu/사창동/shops/S슬립테라피/index.html,예
cheongju/seowon-gu/사창동/shops/002/index.html,로제테라피,cheongju/seowon-gu/사창동/shops/로제테라피/index.html,예
cheongju/seowon-gu/산남동/shops/001/index.html,S슬립테라피,cheongju/seowon-gu/산남동/shops/S슬립테라피/index.html,예
cheongju/seowon-gu/산남동/shops/002/index.html,로제테라피,cheongju/seowon-gu/산남동/shops/로제테라피/index.html,예
cheongju/seowon-gu/성화.개신.죽림동/shops/001/index.html,S슬립테라피,cheongju/seowon-gu/성화.개신.죽림동/shops/S슬립테라피/index.html,예
cheongju/seowon-gu/성화.개신.죽림동/shops/002/index.html,로제테라피,cheongju/seowon-gu/성화.개신.죽림동/shops/로제테라피/index.html,예
cheongju/seowon-gu/수곡동/shops/001/index.html,S슬립테라피,cheongju/seowon-gu/수곡동/shops/S슬립테라피/index.html,예
cheongju/seowon-gu/수곡동/shops/002/index.html,로제테라피,cheongju/seowon-gu/수곡동/shops/로제테라피/index.html,예
cheongju/seowon-gu/현도면/shops/001/index.html,S슬립테라피,cheongju/seowon-gu/현도면/shops/S슬립테라피/index.html,예
cheongju/seowon-gu/현도면/shops/002/index.html,로제테라피,cheongju/seowon-gu/현도면/shops/로제테라피/index.html,예
cheongju/shops/001/index.html,S슬립테라피,cheongju/shops/001/index.html,아니오
cheongju/shops/002/index.html,로제테라피,cheongju/shops/002/index.html,아니오
daegu/buk-gu/shops/001/index.html,대구테라피,daegu/buk-gu/shops/001/index.html,아니오
daegu/buk-gu/검단동/shops/001/index.html,대구테라피,daegu/buk-gu/검단동/shops/대구테라피/index.html,예
daegu/buk-gu/고성동/shops/001/index.html,대구테라피,daegu/buk-gu/고성동/shops/대구테라피/index.html,예
daegu/buk-gu/관문동/shops/001/index.html,대구테라피,daegu/buk-gu/관문동/shops/대구테라피/index.html,예
daegu/buk-gu/관음동/shops/001/index.html,대구테라피,daegu/buk-gu/관음동/shops/대구테라피/index.html,예
daegu/buk-gu/구암동/shops/001/index.html,대구테라피,daegu/buk-gu/구암동/shops/대구테라피/index.html,예
daegu/buk-gu/국우동/shops/001/index.html,대구테라피,daegu/buk-gu/국우동/shops/대구테라피/index.html,예
daegu/buk-gu/노원동/shops/001/index.html,대구테라피,daegu/buk-gu/노원동/shops/대구테라피/index.html,예
daegu/buk-gu/대현동/shops/001/index.html,대구테라피,daegu/buk-gu/대현동/shops/대구테라피/index.html,예
daegu/buk-gu/동천동/shops/001/index.html,대구테라피,daegu/buk-gu/동천동/shops/대구테라피/index.html,예
daegu/buk-gu/무태조야동/shops/001/index.html,대구테라피,daegu/buk-gu/무태조야동/shops/대구테라피/index.html,예
daegu/buk-gu/복현동/shops/001/index.html,대구테라피,daegu/buk-gu/복현동/shops/대구테라피/index.html,예
daegu/buk-gu/산격동/shops/001/index.html,대구테라피,daegu/buk-gu/산격동/shops/대구테라피/index.html,예
daegu/buk-gu/읍내동/shops/001/index.html,대구테라피,daegu/buk-gu/읍내동/shops/대구테라피/index.html,예
daegu/buk-gu/칠성동/shops/001/index.html,대구테라피,daegu/buk-gu/칠성동/shops/대구테라피/index.html,예
daegu/buk-gu/침산동/shops/001/index.html,대구테라피,daegu/buk-gu/침산동/shops/대구테라피/index.html,예
daegu/buk-gu/태전동/shops/001/index.html,대구테라피,daegu/buk-gu/태전동/shops/대구테라피/index.html,예
daegu/dalseo-gu/shops/001/index.html,대구테라피,daegu/dalseo-gu/shops/001/index.html,아니오
daegu/dalseo-gu/감삼동/shops/001/index.html,대구테라피,daegu/dalseo-gu/감삼동/shops/대구테라피/index.html,예
daegu/dalseo-gu/도원동/shops/001/index.html,대구테라피,daegu/dalseo-gu/도원동/shops/대구테라피/index.html,예
daegu/dalseo-gu/두류1.2동/shops/001/index.html,대구테라피,daegu/dalseo-gu/두류1.2동/shops/대구테라피/index.html,예
daegu/dalseo-gu/두류동/shops/001/index.html,대구테라피,daegu/dalseo-gu/두류동/shops/대구테라피/index.html,예
daegu/dalseo-gu/본동/shops/001/index.html,대구테라피,daegu/dalseo-gu/본동/shops/대구테라피/index.html,예
daegu/dalseo-gu/본리동/shops/001/index.html,대구테라피,daegu/dalseo-gu/본리동/shops/대구테라피/index.html,예
daegu/dalseo-gu/상인동/shops/001/index.html,대구테라피,daegu/dalseo-gu/상인동/shops/대구테라피/index.html,예
daegu/dalseo-gu/성당동/shops/001/index.html,대구테라피,daegu/dalseo-gu/성당동/shops/대구테라피/index.html,예
daegu/dalseo-gu/송현동/shops/001/index.html,대구테라피,daegu/dalseo-gu/송현동/shops/대구테라피/index.html,예
daegu/dalseo-gu/신당동/shops/001/index.html,대구테라피,daegu/dalseo-gu/신당동/shops/대구테라피/index.html,예
daegu/dalseo-gu/용산동/shops/001/index.html,대구테라피,daegu/dalseo-gu/용산동/shops/대구테라피/index.html,예
daegu/dalseo-gu/월성동/shops/001/index.html,대구테라피,daegu/dalseo-gu/월성동/shops/대구테라피/index.html,예
daegu/dalseo-gu/유천동/shops/001/index.html,대구테라피,daegu/dalseo-gu/유천동/shops/대구테라피/index.html,예
daegu/dalseo-gu/이곡동/shops/001/index.html,대구테라피,daegu/dalseo-gu/이곡동/shops/대구테라피/index.html,예
daegu/dalseo-gu/장기동/shops/001/index.html,대구테라피,daegu/dalseo-gu/장기동/shops/대구테라피/index.html,예
daegu/dalseo-gu/죽전동/shops/001/index.html,대구테라피,daegu/dalseo-gu/죽전동/shops/대구테라피/index.html,예
daegu/dalseo-gu/진천동/shops/001/index.html,대구테라피,daegu/dalseo-gu/진천동/shops/대구테라피/index.html,예
daegu/dalseong-gun/shops/001/index.html,대구테라피,daegu/dalseong-gun/shops/001/index.html,아니오
daegu/dalseong-gun/가창면/shops/001/index.html,대구테라피,daegu/dalseong-gun/가창면/shops/대구테라피/index.html,예
daegu/dalseong-gun/구지면/shops/001/index.html,대구테라피,daegu/dalseong-gun/구지면/shops/대구테라피/index.html,예
daegu/dalseong-gun/논공읍/shops/001/index.html,대구테라피,daegu/dalseong-gun/논공읍/shops/대구테라피/index.html,예
daegu/dalseong-gun/다사읍/shops/001/index.html,대구테라피,daegu/dalseong-gun/다사읍/shops/대구테라피/index.html,예
daegu/dalseong-gun/옥포읍/shops/001/index.html,대구테라피,daegu/dalseong-gun/옥포읍/shops/대구테라피/index.html,예
daegu/dalseong-gun/유가읍/shops/001/index.html,대구테라피,daegu/dalseong-gun/유가읍/shops/대구테라피/index.html,예
daegu/dalseong-gun/하빈면/shops/001/index.html,대구테라피,daegu/dalseong-gun/하빈면/shops/대구테라피/index.html,예
daegu/dalseong-gun/현풍읍/shops/001/index.html,대구테라피,daegu/dalseong-gun/현풍읍/shops/대구테라피/index.html,예
daegu/dalseong-gun/화원읍/shops/001/index.html,대구테라피,daegu/dalseong-gun/화원읍/shops/대구테라피/index.html,예
daegu/dong-gu/shops/001/index.html,대구테라피,daegu/dong-gu/shops/001/index.html,아니오
daegu/dong-gu/공산동/shops/001/index.html,대구테라피,daegu/dong-gu/공산동/shops/대구테라피/index.html,예
daegu/dong-gu/도평동/shops/001/index.html,대구테라피,daegu/dong-gu/도평동/shops/대구테라피/index.html,예
daegu/dong-gu/동촌동/shops/001/index.html,대구테라피,daegu/dong-gu/동촌동/shops/대구테라피/index.html,예
daegu/dong-gu/방촌동/shops/001/index.html,대구테라피,daegu/dong-gu/방촌동/shops/대구테라피/index.html,예
daegu/dong-gu/불로.봉무동/shops/001/index.html,대구테라피,daegu/dong-gu/불로.봉무동/shops/대구테라피/index.html,예
daegu/dong-gu/신암동/shops/001/index.html,대구테라피,daegu/dong-gu/신암동/shops/대구테라피/index.html,예
daegu/dong-gu/신천1.2동/shops/001/index.html,대구테라피,daegu/dong-gu/신천1.2동/shops/대구테라피/index.html,예
daegu/dong-gu/신천동/shops/001/index.html,대구테라피,daegu/dong-gu/신천동/shops/대구테라피/index.html,예
daegu/dong-gu/안심동/shops/001/index.html,대구테라피,daegu/dong-gu/안심동/shops/대구테라피/index.html,예
daegu/dong-gu/지저동/shops/001/index.html,대구테라피,daegu/dong-gu/지저동/shops/대구테라피/index.html,예
daegu/dong-gu/해안동/shops/001/index.html,대구테라피,daegu/dong-gu/해안동/shops/대구테라피/index.html,예
daegu/dong-gu/혁신동/shops/001/index.html,대구테라피,daegu/dong-gu/혁신동/shops/대구테라피/index.html,예
daegu/dong-gu/효목동/shops/001/index.html,대구테라피,daegu/dong-gu/효목동/shops/대구테라피/index.html,예
daegu/gunwi-gun/shops/001/index.html,대구테라피,daegu/gunwi-gun/shops/001/index.html,아니오
daegu/gunwi-gun/군위읍/shops/001/index.html,대구테라피,daegu/gunwi-gun/군위읍/shops/대구테라피/index.html,예
daegu/gunwi-gun/부계면/shops/001/index.html,대구테라피,daegu/gunwi-gun/부계면/shops/대구테라피/index.html,예
daegu/gunwi-gun/산성면/shops/001/index.html,대구테라피,daegu/gunwi-gun/산성면/shops/대구테라피/index.html,예
daegu/gunwi-gun/삼국유사면/shops/001/index.html,대구테라피,daegu/gunwi-gun/삼국유사면/shops/대구테라피/index.html,예
daegu/gunwi-gun/소보면/shops/001/index.html,대구테라피,daegu/gunwi-gun/소보면/shops/대구테라피/index.html,예
daegu/gunwi-gun/우보면/shops/001/index.html,대구테라피,daegu/gunwi-gun/우보면/shops/대구테라피/index.html,예
daegu/gunwi-gun/의흥면/shops/001/index.html,대구테라피,daegu/gunwi-gun/의흥면/shops/대구테라피/index.html,예
daegu/gunwi-gun/효령면/shops/001/index.html,대구테라피,daegu/gunwi-gun/효령면/shops/대구테라피/index.html,예
daegu/jung-gu/shops/001/index.html,대구테라피,daegu/jung-gu/shops/001/index.html,아니오
daegu/jung-gu/남산동/shops/001/index.html,대구테라피,daegu/jung-gu/남산동/shops/대구테라피/index.html,예
daegu/jung-gu/대봉동/shops/001/index.html,대구테라피,daegu/jung-gu/대봉동/shops/대구테라피/index.html,예
daegu/jung-gu/대신동/shops/001/index.html,대구테라피,daegu/jung-gu/대신동/shops/대구테라피/index.html,예
daegu/jung-gu/동인동/shops/001/index.html,대구테라피,daegu/jung-gu/동인동/shops/대구테라피/index.html,예
daegu/jung-gu/삼덕동/shops/001/index.html,대구테라피,daegu/jung-gu/삼덕동/shops/대구테라피/index.html,예
daegu/jung-gu/성내동/shops/001/index.html,대구테라피,daegu/jung-gu/성내동/shops/대구테라피/index.html,예
daegu/nam-gu/shops/001/index.html,대구테라피,daegu/nam-gu/shops/001/index.html,아니오
daegu/nam-gu/대명동/shops/001/index.html,대구테라피,daegu/nam-gu/대명동/shops/대구테라피/index.html,예
daegu/nam-gu/봉덕동/shops/001/index.html,대구테라피,daegu/nam-gu/봉덕동/shops/대구테라피/index.html,예
daegu/nam-gu/이천동/shops/001/index.html,대구테라피,daegu/nam-gu/이천동/shops/대구테라피/index.html,예
daegu/seo-gu/shops/001/index.html,대구테라피,daegu/seo-gu/shops/001/index.html,아니오
daegu/seo-gu/내당2.3동/shops/001/index.html,대구테라피,daegu/seo-gu/내당2.3동/shops/대구테라피/index.html,예
daegu/seo-gu/내당동/shops/001/index.html,대구테라피,daegu/seo-gu/내당동/shops/대구테라피/index.html,예
daegu/seo-gu/비산2.3동/shops/001/index.html,대구테라피,daegu/seo-gu/비산2.3동/shops/대구테라피/index.html,예
daegu/seo-gu/비산동/shops/001/index.html,대구테라피,daegu/seo-gu/비산동/shops/대구테라피/index.html,예
daegu/seo-gu/상중이동/shops/001/index.html,대구테라피,daegu/seo-gu/상중이동/shops/대구테라피/index.html,예
daegu/seo-gu/원대동/shops/001/index.html,대구테라피,daegu/seo-gu/원대동/shops/대구테라피/index.html,예
daegu/seo-gu/평리동/shops/001/index.html,대구테라피,daegu/seo-gu/평리동/shops/대구테라피/index.html,예
daegu/shops/001/index.html,대구테라피,daegu/shops/001/index.html,아니오
daegu/suseong-gu/shops/001/index.html,대구테라피,daegu/suseong-gu/shops/001/index.html,아니오
daegu/suseong-gu/고산동/shops/001/index.html,대구테라피,daegu/suseong-gu/고산동/shops/대구테라피/index.html,예
daegu/suseong-gu/두산동/shops/001/index.html,대구테라피,daegu/suseong-gu/두산동/shops/대구테라피/index.html,예
daegu/suseong-gu/만촌동/shops/001/index.html,대구테라피,daegu/suseong-gu/만촌동/shops/대구테라피/index.html,예
daegu/suseong-gu/범물동/shops/001/index.html,대구테라피,daegu/suseong-gu/범물동/shops/대구테라피/index.html,예
daegu/suseong-gu/범어동/shops/001/index.html,대구테라피,daegu/suseong-gu/범어동/shops/대구테라피/index.html,예
daegu/suseong-gu/상동/shops/001/index.html,대구테라피,daegu/suseong-gu/상동/shops/대구테라피/index.html,예
daegu/suseong-gu/수성1가동/shops/001/index.html,대구테라피,daegu/suseong-gu/수성1가동/shops/대구테라피/index.html,예
daegu/suseong-gu/수성2.3가동/shops/001/index.html,대구테라피,daegu/suseong-gu/수성2.3가동/shops/대구테라피/index.html,예
daegu/suseong-gu/수성4가동/shops/001/index.html,대구테라피,daegu/suseong-gu/수성4가동/shops/대구테라피/index.html,예
daegu/suseong-gu/중동/shops/001/index.html,대구테라피,daegu/suseong-gu/중동/shops/대구테라피/index.html,예
daegu/suseong-gu/지산동/shops/001/index.html,대구테라피,daegu/suseong-gu/지산동/shops/대구테라피/index.html,예
daegu/suseong-gu/파동/shops/001/index.html,대구테라피,daegu/suseong-gu/파동/shops/대구테라피/index.html,예
daegu/suseong-gu/황금동/shops/001/index.html,대구테라피,daegu/suseong-gu/황금동/shops/대구테라피/index.html,예
daejeon/daedeok-gu/shops/001/index.html,레이디테라피,daejeon/daedeok-gu/shops/001/index.html,아니오
daejeon/daedeok-gu/shops/002/index.html,S슬립테라피,daejeon/daedeok-gu/shops/002/index.html,아니오
daejeon/daedeok-gu/대화동/shops/001/index.html,S슬립테라피,daejeon/daedeok-gu/대화동/shops/S슬립테라피/index.html,예
daejeon/daedeok-gu/대화동/shops/002/index.html,레이디테라피,daejeon/daedeok-gu/대화동/shops/레이디테라피/index.html,예
daejeon/daedeok-gu/덕암동/shops/001/index.html,S슬립테라피,daejeon/daedeok-gu/덕암동/shops/S슬립테라피/index.html,예
daejeon/daedeok-gu/덕암동/shops/002/index.html,레이디테라피,daejeon/daedeok-gu/덕암동/shops/레이디테라피/index.html,예
daejeon/daedeok-gu/목상동/shops/001/index.html,S슬립테라피,daejeon/daedeok-gu/목상동/shops/S슬립테라피/index.html,예
daejeon/daedeok-gu/목상동/shops/002/index.html,레이디테라피,daejeon/daedeok-gu/목상동/shops/레이디테라피/index.html,예
daejeon/daedeok-gu/법동/shops/001/index.html,S슬립테라피,daejeon/daedeok-gu/법동/shops/S슬립테라피/index.html,예
daejeon/daedeok-gu/법동/shops/002/index.html,레이디테라피,daejeon/daedeok-gu/법동/shops/레이디테라피/index.html,예
daejeon/daedeok-gu/비래동/shops/001/index.html,S슬립테라피,daejeon/daedeok-gu/비래동/shops/S슬립테라피/index.html,예
daejeon/daedeok-gu/비래동/shops/002/index.html,레이디테라피,daejeon/daedeok-gu/비래동/shops/레이디테라피/index.html,예
daejeon/daedeok-gu/석봉동/shops/001/index.html,S슬립테라피,daejeon/daedeok-gu/석봉동/shops/S슬립테라피/index.html,예
daejeon/daedeok-gu/석봉동/shops/002/index.html,레이디테라피,daejeon/daedeok-gu/석봉동/shops/레이디테라피/index.html,예
daejeon/daedeok-gu/송촌동/shops/001/index.html,S슬립테라피,daejeon/daedeok-gu/송촌동/shops/S슬립테라피/index.html,예
daejeon/daedeok-gu/송촌동/shops/002/index.html,레이디테라피,daejeon/daedeok-gu/송촌동/shops/레이디테라피/index.html,예
daejeon/daedeok-gu/신탄진동/shops/001/index.html,S슬립테라피,daejeon/daedeok-gu/신탄진동/shops/S슬립테라피/index.html,예
daejeon/daedeok-gu/신탄진동/shops/002/index.html,레이디테라피,daejeon/daedeok-gu/신탄진동/shops/레이디테라피/index.html,예
daejeon/daedeok-gu/오정동/shops/001/index.html,S슬립테라피,daejeon/daedeok-gu/오정동/shops/S슬립테라피/index.html,예
daejeon/daedeok-gu/오정동/shops/002/index.html,레이디테라피,daejeon/daedeok-gu/오정동/shops/레이디테라피/index.html,예
daejeon/daedeok-gu/중리동/shops/001/index.html,S슬립테라피,daejeon/daedeok-gu/중리동/shops/S슬립테라피/index.html,예
daejeon/daedeok-gu/중리동/shops/002/index.html,레이디테라피,daejeon/daedeok-gu/중리동/shops/레이디테라피/index.html,예
daejeon/daedeok-gu/회덕동/shops/001/index.html,S슬립테라피,daejeon/daedeok-gu/회덕동/shops/S슬립테라피/index.html,예
daejeon/daedeok-gu/회덕동/shops/002/index.html,레이디테라피,daejeon/daedeok-gu/회덕동/shops/레이디테라피/index.html,예
daejeon/dong-gu/shops/001/index.html,레이디테라피,daejeon/dong-gu/shops/001/index.html,아니오
daejeon/dong-gu/shops/002/index.html,S슬립테라피,daejeon/dong-gu/shops/002/index.html,아니오
daejeon/dong-gu/가양동/shops/001/index.html,S슬립테라피,daejeon/dong-gu/가양동/shops/S슬립테라피/index.html,예
daejeon/dong-gu/가양동/shops/002/index.html,레이디테라피,daejeon/dong-gu/가양동/shops/레이디테라피/index.html,예
daejeon/dong-gu/대동/shops/001/index.html,S슬립테라피,daejeon/dong-gu/대동/shops/S슬립테라피/index.html,예
daejeon/dong-gu/대동/shops/002/index.html,레이디테라피,daejeon/dong-gu/대동/shops/레이디테라피/index.html,예
daejeon/dong-gu/대청동/shops/001/index.html,S슬립테라피,daejeon/dong-gu/대청동/shops/S슬립테라피/index.html,예
daejeon/dong-gu/대청동/shops/002/index.html,레이디테라피,daejeon/dong-gu/대청동/shops/레이디테라피/index.html,예
daejeon/dong-gu/산내동/shops/001/index.html,S슬립테라피,daejeon/dong-gu/산내동/shops/S슬립테라피/index.html,예
daejeon/dong-gu/산내동/shops/002/index.html,레이디테라피,daejeon/dong-gu/산내동/shops/레이디테라피/index.html,예
daejeon/dong-gu/삼성동/shops/001/index.html,S슬립테라피,daejeon/dong-gu/삼성동/shops/S슬립테라피/index.html,예
daejeon/dong-gu/삼성동/shops/002/index.html,레이디테라피,daejeon/dong-gu/삼성동/shops/레이디테라피/index.html,예
daejeon/dong-gu/성남동/shops/001/index.html,S슬립테라피,daejeon/dong-gu/성남동/shops/S슬립테라피/index.html,예
daejeon/dong-gu/성남동/shops/002/index.html,레이디테라피,daejeon/dong-gu/성남동/shops/레이디테라피/index.html,예
daejeon/dong-gu/신인동/shops/001/index.html,S슬립테라피,daejeon/dong-gu/신인동/shops/S슬립테라피/index.html,예
daejeon/dong-gu/신인동/shops/002/index.html,레이디테라피,daejeon/dong-gu/신인동/shops/레이디테라피/index.html,예
daejeon/dong-gu/용운동/shops/001/index.html,S슬립테라피,daejeon/dong-gu/용운동/shops/S슬립테라피/index.html,예
daejeon/dong-gu/용운동/shops/002/index.html,레이디테라피,daejeon/dong-gu/용운동/shops/레이디테라피/index.html,예
daejeon/dong-gu/용전동/shops/001/index.html,S슬립테라피,daejeon/dong-gu/용전동/shops/S슬립테라피/index.html,예
daejeon/dong-gu/용전동/shops/002/index.html,레이디테라피,daejeon/dong-gu/용전동/shops/레이디테라피/index.html,예
daejeon/dong-gu/자양동/shops/001/index.html,S슬립테라피,daejeon/dong-gu/자양동/shops/S슬립테라피/index.html,예
daejeon/dong-gu/자양동/shops/002/index.html,레이디테라피,daejeon/dong-gu/자양동/shops/레이디테라피/index.html,예
daejeon/dong-gu/중앙동/shops/001/index.html,S슬립테라피,daejeon/dong-gu/중앙동/shops/S슬립테라피/index.html,예
daejeon/dong-gu/중앙동/shops/002/index.html,레이디테라피,daejeon/dong-gu/중앙동/shops/레이디테라피/index.html,예
daejeon/dong-gu/판암동/shops/001/index.html,S슬립테라피,daejeon/dong-gu/판암동/shops/S슬립테라피/index.html,예
daejeon/dong-gu/판암동/shops/002/index.html,레이디테라피,daejeon/dong-gu/판암동/shops/레이디테라피/index.html,예
daejeon/dong-gu/홍도동/shops/001/index.html,S슬립테라피,daejeon/dong-gu/홍도동/shops/S슬립테라피/index.html,예
daejeon/dong-gu/홍도동/shops/002/index.html,레이디테라피,daejeon/dong-gu/홍도동/shops/레이디테라피/index.html,예
daejeon/dong-gu/효동/shops/001/index.html,S슬립테라피,daejeon/dong-gu/효동/shops/S슬립테라피/index.html,예
daejeon/dong-gu/효동/shops/002/index.html,레이디테라피,daejeon/dong-gu/효동/shops/레이디테라피/index.html,예
daejeon/jung-gu/shops/001/index.html,레이디테라피,daejeon/jung-gu/shops/001/index.html,아니오
daejeon/jung-gu/shops/002/index.html,S슬립테라피,daejeon/jung-gu/shops/002/index.html,아니오
daejeon/jung-gu/대사동/shops/001/index.html,S슬립테라피,daejeon/jung-gu/대사동/shops/S슬립테라피/index.html,예
daejeon/jung-gu/대사동/shops/002/index.html,레이디테라피,daejeon/jung-gu/대사동/shops/레이디테라피/index.html,예
daejeon/jung-gu/대흥동/shops/001/index.html,S슬립테라피,daejeon/jung-gu/대흥동/shops/S슬립테라피/index.html,예
daejeon/jung-gu/대흥동/shops/002/index.html,레이디테라피,daejeon/jung-gu/대흥동/shops/레이디테라피/index.html,예
daejeon/jung-gu/목동/shops/001/index.html,S슬립테라피,daejeon/jung-gu/목동/shops/S슬립테라피/index.html,예
daejeon/jung-gu/목동/shops/002/index.html,레이디테라피,daejeon/jung-gu/목동/shops/레이디테라피/index.html,예
daejeon/jung-gu/문창동/shops/001/index.html,S슬립테라피,daejeon/jung-gu/문창동/shops/S슬립테라피/index.html,예
daejeon/jung-gu/문창동/shops/002/index.html,레이디테라피,daejeon/jung-gu/문창동/shops/레이디테라피/index.html,예
daejeon/jung-gu/문화동/shops/001/index.html,S슬립테라피,daejeon/jung-gu/문화동/shops/S슬립테라피/index.html,예
daejeon/jung-gu/문화동/shops/002/index.html,레이디테라피,daejeon/jung-gu/문화동/shops/레이디테라피/index.html,예
daejeon/jung-gu/부사동/shops/001/index.html,S슬립테라피,daejeon/jung-gu/부사동/shops/S슬립테라피/index.html,예
daejeon/jung-gu/부사동/shops/002/index.html,레이디테라피,daejeon/jung-gu/부사동/shops/레이디테라피/index.html,예
daejeon/jung-gu/산성동/shops/001/index.html,S슬립테라피,daejeon/jung-gu/산성동/shops/S슬립테라피/index.html,예
daejeon/jung-gu/산성동/shops/002/index.html,레이디테라피,daejeon/jung-gu/산성동/shops/레이디테라피/index.html,예
daejeon/jung-gu/석교동/shops/001/index.html,S슬립테라피,daejeon/jung-gu/석교동/shops/S슬립테라피/index.html,예
daejeon/jung-gu/석교동/shops/002/index.html,레이디테라피,daejeon/jung-gu/석교동/shops/레이디테라피/index.html,예
daejeon/jung-gu/오류동/shops/001/index.html,S슬립테라피,daejeon/jung-gu/오류동/shops/S슬립테라피/index.html,예
daejeon/jung-gu/오류동/shops/002/index.html,레이디테라피,daejeon/jung-gu/오류동/shops/레이디테라피/index.html,예
daejeon/jung-gu/용두동/shops/001/index.html,S슬립테라피,daejeon/jung-gu/용두동/shops/S슬립테라피/index.html,예
daejeon/jung-gu/용두동/shops/002/index.html,레이디테라피,daejeon/jung-gu/용두동/shops/레이디테라피/index.html,예
daejeon/jung-gu/유천동/shops/001/index.html,S슬립테라피,daejeon/jung-gu/유천동/shops/S슬립테라피/index.html,예
daejeon/jung-gu/유천동/shops/002/index.html,레이디테라피,daejeon/jung-gu/유천동/shops/레이디테라피/index.html,예
daejeon/jung-gu/은행선화동/shops/001/index.html,S슬립테라피,daejeon/jung-gu/은행선화동/shops/S슬립테라피/index.html,예
daejeon/jung-gu/은행선화동/shops/002/index.html,레이디테라피,daejeon/jung-gu/은행선화동/shops/레이디테라피/index.html,예
daejeon/jung-gu/중촌동/shops/001/index.html,S슬립테라피,daejeon/jung-gu/중촌동/shops/S슬립테라피/index.html,예
daejeon/jung-gu/중촌동/shops/002/index.html,레이디테라피,daejeon/jung-gu/중촌동/shops/레이디테라피/index.html,예
daejeon/jung-gu/태평동/shops/001/index.html,S슬립테라피,daejeon/jung-gu/태평동/shops/S슬립테라피/index.html,예
daejeon/jung-gu/태평동/shops/002/index.html,레이디테라피,daejeon/jung-gu/태평동/shops/레이디테라피/index.html,예
daejeon/seo-gu/shops/001/index.html,레이디테라피,daejeon/seo-gu/shops/001/index.html,아니오
daejeon/seo-gu/shops/002/index.html,S슬립테라피,daejeon/seo-gu/shops/002/index.html,아니오
daejeon/seo-gu/가수원동/shops/001/index.html,S슬립테라피,daejeon/seo-gu/가수원동/shops/S슬립테라피/index.html,예
daejeon/seo-gu/가수원동/shops/002/index.html,레이디테라피,daejeon/seo-gu/가수원동/shops/레이디테라피/index.html,예
daejeon/seo-gu/가장동/shops/001/index.html,S슬립테라피,daejeon/seo-gu/가장동/shops/S슬립테라피/index.html,예
daejeon/seo-gu/가장동/shops/002/index.html,레이디테라피,daejeon/seo-gu/가장동/shops/레이디테라피/index.html,예
daejeon/seo-gu/갈마동/shops/001/index.html,S슬립테라피,daejeon/seo-gu/갈마동/shops/S슬립테라피/index.html,예
daejeon/seo-gu/갈마동/shops/002/index.html,레이디테라피,daejeon/seo-gu/갈마동/shops/레이디테라피/index.html,예
daejeon/seo-gu/관저동/shops/001/index.html,S슬립테라피,daejeon/seo-gu/관저동/shops/S슬립테라피/index.html,예
daejeon/seo-gu/관저동/shops/002/index.html,레이디테라피,daejeon/seo-gu/관저동/shops/레이디테라피/index.html,예
daejeon/seo-gu/괴정동/shops/001/index.html,S슬립테라피,daejeon/seo-gu/괴정동/shops/S슬립테라피/index.html,예
daejeon/seo-gu/괴정동/shops/002/index.html,레이디테라피,daejeon/seo-gu/괴정동/shops/레이디테라피/index.html,예
daejeon/seo-gu/기성동/shops/001/index.html,S슬립테라피,daejeon/seo-gu/기성동/shops/S슬립테라피/index.html,예
daejeon/seo-gu/기성동/shops/002/index.html,레이디테라피,daejeon/seo-gu/기성동/shops/레이디테라피/index.html,예
daejeon/seo-gu/내동/shops/001/index.html,S슬립테라피,daejeon/seo-gu/내동/shops/S슬립테라피/index.html,예
daejeon/seo-gu/내동/shops/002/index.html,레이디테라피,daejeon/seo-gu/내동/shops/레이디테라피/index.html,예
daejeon/seo-gu/도마동/shops/001/index.html,S슬립테라피,daejeon/seo-gu/도마동/shops/S슬립테라피/index.html,예
daejeon/seo-gu/도마동/shops/002/index.html,레이디테라피,daejeon/seo-gu/도마동/shops/레이디테라피/index.html,예
daejeon/seo-gu/도안동/shops/001/index.html,S슬립테라피,daejeon/seo-gu/도안동/shops/S슬립테라피/index.html,예
daejeon/seo-gu/도안동/shops/002/index.html,레이디테라피,daejeon/seo-gu/도안동/shops/레이디테라피/index.html,예
daejeon/seo-gu/둔산동/shops/001/index.html,S슬립테라피,daejeon/seo-gu/둔산동/shops/S슬립테라피/index.html,예
daejeon/seo-gu/둔산동/shops/002/index.html,레이디테라피,daejeon/seo-gu/둔산동/shops/레이디테라피/index.html,예
daejeon/seo-gu/만년동/shops/001/index.html,S슬립테라피,daejeon/seo-gu/만년동/shops/S슬립테라피/index.html,예
daejeon/seo-gu/만년동/shops/002/index.html,레이디테라피,daejeon/seo-gu/만년동/shops/레이디테라피/index.html,예
daejeon/seo-gu/변동/shops/001/index.html,S슬립테라피,daejeon/seo-gu/변동/shops/S슬립테라피/index.html,예
daejeon/seo-gu/변동/shops/002/index.html,레이디테라피,daejeon/seo-gu/변동/shops/레이디테라피/index.html,예
daejeon/seo-gu/복수동/shops/001/index.html,S슬립테라피,daejeon/seo-gu/복수동/shops/S슬립테라피/index.html,예
daejeon/seo-gu/복수동/shops/002/index.html,레이디테라피,daejeon/seo-gu/복수동/shops/레이디테라피/index.html,예
daejeon/seo-gu/용문동/shops/001/index.html,S슬립테라피,daejeon/seo-gu/용문동/shops/S슬립테라피/index.html,예
daejeon/seo-gu/용문동/shops/002/index.html,레이디테라피,daejeon/seo-gu/용문동/shops/레이디테라피/index.html,예
daejeon/seo-gu/월평동/shops/001/index.html,S슬립테라피,daejeon/seo-gu/월평동/shops/S슬립테라피/index.html,예
daejeon/seo-gu/월평동/shops/002/index.html,레이디테라피,daejeon/seo-gu/월평동/shops/레이디테라피/index.html,예
daejeon/seo-gu/정림동/shops/001/index.html,S슬립테라피,daejeon/seo-gu/정림동/shops/S슬립테라피/index.html,예
daejeon/seo-gu/정림동/shops/002/index.html,레이디테라피,daejeon/seo-gu/정림동/shops/레이디테라피/index.html,예
daejeon/seo-gu/탄방동/shops/001/index.html,S슬립테라피,daejeon/seo-gu/탄방동/shops/S슬립테라피/index.html,예
daejeon/seo-gu/탄방동/shops/002/index.html,레이디테라피,daejeon/seo-gu/탄방동/shops/레이디테라피/index.html,예
daejeon/shops/001/index.html,레이디테라피,daejeon/shops/001/index.html,아니오
daejeon/shops/002/index.html,S슬립테라피,daejeon/shops/002/index.html,아니오
daejeon/yuseong-gu/shops/001/index.html,레이디테라피,daejeon/yuseong-gu/shops/001/index.html,아니오
daejeon/yuseong-gu/shops/002/index.html,S슬립테라피,daejeon/yuseong-gu/shops/002/index.html,아니오
daejeon/yuseong-gu/관평동/shops/001/index.html,S슬립테라피,daejeon/yuseong-gu/관평동/shops/S슬립테라피/index.html,예
daejeon/yuseong-gu/관평동/shops/002/index.html,레이디테라피,daejeon/yuseong-gu/관평동/shops/레이디테라피/index.html,예
daejeon/yuseong-gu/구즉동/shops/001/index.html,S슬립테라피,daejeon/yuseong-gu/구즉동/shops/S슬립테라피/index.html,예
daejeon/yuseong-gu/구즉동/shops/002/index.html,레이디테라피,daejeon/yuseong-gu/구즉동/shops/레이디테라피/index.html,예
daejeon/yuseong-gu/노은동/shops/001/index.html,S슬립테라피,daejeon/yuseong-gu/노은동/shops/S슬립테라피/index.html,예
daejeon/yuseong-gu/노은동/shops/002/index.html,레이디테라피,daejeon/yuseong-gu/노은동/shops/레이디테라피/index.html,예
daejeon/yuseong-gu/상대동/shops/001/index.html,S슬립테라피,daejeon/yuseong-gu/상대동/shops/S슬립테라피/index.html,예
daejeon/yuseong-gu/상대동/shops/002/index.html,레이디테라피,daejeon/yuseong-gu/상대동/shops/레이디테라피/index.html,예
daejeon/yuseong-gu/신성동/shops/001/index.html,S슬립테라피,daejeon/yuseong-gu/신성동/shops/S슬립테라피/index.html,예
daejeon/yuseong-gu/신성동/shops/002/index.html,레이디테라피,daejeon/yuseong-gu/신성동/shops/레이디테라피/index.html,예
daejeon/yuseong-gu/온천동/shops/001/index.html,S슬립테라피,daejeon/yuseong-gu/온천동/shops/S슬립테라피/index.html,예
daejeon/yuseong-gu/온천동/shops/002/index.html,레이디테라피,daejeon/yuseong-gu/온천동/shops/레이디테라피/index.html,예
daejeon/yuseong-gu/원신흥동/shops/001/index.html,S슬립테라피,daejeon/yuseong-gu/원신흥동/shops/S슬립테라피/index.html,예
daejeon/yuseong-gu/원신흥동/shops/002/index.html,레이디테라피,daejeon/yuseong-gu/원신흥동/shops/레이디테라피/index.html,예
daejeon/yuseong-gu/전민동/shops/001/index.html,S슬립테라피,daejeon/yuseong-gu/전민동/shops/S슬립테라피/index.html,예
daejeon/yuseong-gu/전민동/shops/002/index.html,레이디테라피,daejeon/yuseong-gu/전민동/shops/레이디테라피/index.html,예
daejeon/yuseong-gu/진잠동/shops/001/index.html,S슬립테라피,daejeon/yuseong-gu/진잠동/shops/S슬립테라피/index.html,예
daejeon/yuseong-gu/진잠동/shops/002/index.html,레이디테라피,daejeon/yuseong-gu/진잠동/shops/레이디테라피/index.html,예
daejeon/yuseong-gu/학하동/shops/001/index.html,S슬립테라피,daejeon/yuseong-gu/학하동/shops/S슬립테라피/index.html,예
daejeon/yuseong-gu/학하동/shops/002/index.html,레이디테라피,daejeon/yuseong-gu/학하동/shops/레이디테라피/index.html,예
dobong-gu/shops/001/index.html,쥬쥬테라피,dobong-gu/shops/001/index.html,아니오
dobong-gu/shops/002/index.html,한국인골든테라피,dobong-gu/shops/002/index.html,아니오
dobong-gu/shops/003/index.html,오늘밤테라피,dobong-gu/shops/003/index.html,아니오
dobong-gu/shops/004/index.html,퀸즈테라피,dobong-gu/shops/004/index.html,아니오
dobong-gu/shops/005/index.html,한국미인테라피,dobong-gu/shops/005/index.html,아니오
dobong-gu/도봉동/shops/001/index.html,오늘밤테라피,dobong-gu/도봉동/shops/오늘밤테라피/index.html,예
dobong-gu/도봉동/shops/002/index.html,쥬쥬테라피,dobong-gu/도봉동/shops/쥬쥬테라피/index.html,예
dobong-gu/도봉동/shops/003/index.html,퀸즈테라피,dobong-gu/도봉동/shops/퀸즈테라피/index.html,예
dobong-gu/도봉동/shops/004/index.html,한국미인테라피,dobong-gu/도봉동/shops/한국미인테라피/index.html,예
dobong-gu/도봉동/shops/005/index.html,한국인골든테라피,dobong-gu/도봉동/shops/한국인골든테라피/index.html,예
dobong-gu/방학동/shops/001/index.html,오늘밤테라피,dobong-gu/방학동/shops/오늘밤테라피/index.html,예
dobong-gu/방학동/shops/002/index.html,쥬쥬테라피,dobong-gu/방학동/shops/쥬쥬테라피/index.html,예
dobong-gu/방학동/shops/003/index.html,퀸즈테라피,dobong-gu/방학동/shops/퀸즈테라피/index.html,예
dobong-gu/방학동/shops/004/index.html,한국미인테라피,dobong-gu/방학동/shops/한국미인테라피/index.html,예
dobong-gu/방학동/shops/005/index.html,한국인골든테라피,dobong-gu/방학동/shops/한국인골든테라피/index.html,예
dobong-gu/쌍문동/shops/001/index.html,오늘밤테라피,dobong-gu/쌍문동/shops/오늘밤테라피/index.html,예
dobong-gu/쌍문동/shops/002/index.html,쥬쥬테라피,dobong-gu/쌍문동/shops/쥬쥬테라피/index.html,예
dobong-gu/쌍문동/shops/003/index.html,퀸즈테라피,dobong-gu/쌍문동/shops/퀸즈테라피/index.html,예
dobong-gu/쌍문동/shops/004/index.html,한국미인테라피,dobong-gu/쌍문동/shops/한국미인테라피/index.html,예
dobong-gu/쌍문동/shops/005/index.html,한국인골든테라피,dobong-gu/쌍문동/shops/한국인골든테라피/index.html,예
dobong-gu/창동/shops/001/index.html,오늘밤테라피,dobong-gu/창동/shops/오늘밤테라피/index.html,예
dobong-gu/창동/shops/002/index.html,쥬쥬테라피,dobong-gu/창동/shops/쥬쥬테라피/index.html,예
dobong-gu/창동/shops/003/index.html,퀸즈테라피,dobong-gu/창동/shops/퀸즈테라피/index.html,예
dobong-gu/창동/shops/004/index.html,한국미인테라피,dobong-gu/창동/shops/한국미인테라피/index.html,예
dobong-gu/창동/shops/005/index.html,한국인골든테라피,dobong-gu/창동/shops/한국인골든테라피/index.html,예
dongdaemun-gu/shops/001/index.html,쥬쥬테라피,dongdaemun-gu/shops/001/index.html,아니오
dongdaemun-gu/shops/002/index.html,한국인골든테라피,dongdaemun-gu/shops/002/index.html,아니오
dongdaemun-gu/shops/003/index.html,오늘밤테라피,dongdaemun-gu/shops/003/index.html,아니오
dongdaemun-gu/shops/004/index.html,퀸즈테라피,dongdaemun-gu/shops/004/index.html,아니오
dongdaemun-gu/shops/005/index.html,한국미인테라피,dongdaemun-gu/shops/005/index.html,아니오
dongdaemun-gu/답십리동/shops/001/index.html,오늘밤테라피,dongdaemun-gu/답십리동/shops/오늘밤테라피/index.html,예
dongdaemun-gu/답십리동/shops/002/index.html,쥬쥬테라피,dongdaemun-gu/답십리동/shops/쥬쥬테라피/index.html,예
dongdaemun-gu/답십리동/shops/003/index.html,퀸즈테라피,dongdaemun-gu/답십리동/shops/퀸즈테라피/index.html,예
dongdaemun-gu/답십리동/shops/004/index.html,한국미인테라피,dongdaemun-gu/답십리동/shops/한국미인테라피/index.html,예
dongdaemun-gu/답십리동/shops/005/index.html,한국인골든테라피,dongdaemun-gu/답십리동/shops/한국인골든테라피/index.html,예
dongdaemun-gu/신설동/shops/001/index.html,오늘밤테라피,dongdaemun-gu/신설동/shops/오늘밤테라피/index.html,예
dongdaemun-gu/신설동/shops/002/index.html,쥬쥬테라피,dongdaemun-gu/신설동/shops/쥬쥬테라피/index.html,예
dongdaemun-gu/신설동/shops/003/index.html,퀸즈테라피,dongdaemun-gu/신설동/shops/퀸즈테라피/index.html,예
dongdaemun-gu/신설동/shops/004/index.html,한국미인테라피,dongdaemun-gu/신설동/shops/한국미인테라피/index.html,예
dongdaemun-gu/신설동/shops/005/index.html,한국인골든테라피,dongdaemun-gu/신설동/shops/한국인골든테라피/index.html,예
dongdaemun-gu/용두동/shops/001/index.html,오늘밤테라피,dongdaemun-gu/용두동/shops/오늘밤테라피/index.html,예
dongdaemun-gu/용두동/shops/002/index.html,쥬쥬테라피,dongdaemun-gu/용두동/shops/쥬쥬테라피/index.html,예
dongdaemun-gu/용두동/shops/003/index.html,퀸즈테라피,dongdaemun-gu/용두동/shops/퀸즈테라피/index.html,예
dongdaemun-gu/용두동/shops/004/index.html,한국미인테라피,dongdaemun-gu/용두동/shops/한국미인테라피/index.html,예
dongdaemun-gu/용두동/shops/005/index.html,한국인골든테라피,dongdaemun-gu/용두동/shops/한국인골든테라피/index.html,예
dongdaemun-gu/이문동/shops/001/index.html,오늘밤테라피,dongdaemun-gu/이문동/shops/오늘밤테라피/index.html,예
dongdaemun-gu/이문동/shops/002/index.html,쥬쥬테라피,dongdaemun-gu/이문동/shops/쥬쥬테라피/index.html,예
dongdaemun-gu/이문동/shops/003/index.html,퀸즈테라피,dongdaemun-gu/이문동/shops/퀸즈테라피/index.html,예
dongdaemun-gu/이문동/shops/004/index.html,한국미인테라피,dongdaemun-gu/이문동/shops/한국미인테라피/index.html,예
dongdaemun-gu/이문동/shops/005/index.html,한국인골든테라피,dongdaemun-gu/이문동/shops/한국인골든테라피/index.html,예
dongdaemun-gu/장안동/shops/001/index.html,오늘밤테라피,dongdaemun-gu/장안동/shops/오늘밤테라피/index.html,예
dongdaemun-gu/장안동/shops/002/index.html,쥬쥬테라피,dongdaemun-gu/장안동/shops/쥬쥬테라피/index.html,예
dongdaemun-gu/장안동/shops/003/index.html,퀸즈테라피,dongdaemun-gu/장안동/shops/퀸즈테라피/index.html,예
dongdaemun-gu/장안동/shops/004/index.html,한국미인테라피,dongdaemun-gu/장안동/shops/한국미인테라피/index.html,예
dongdaemun-gu/장안동/shops/005/index.html,한국인골든테라피,dongdaemun-gu/장안동/shops/한국인골든테라피/index.html,예
dongdaemun-gu/전농동/shops/001/index.html,오늘밤테라피,dongdaemun-gu/전농동/shops/오늘밤테라피/index.html,예
dongdaemun-gu/전농동/shops/002/index.html,쥬쥬테라피,dongdaemun-gu/전농동/shops/쥬쥬테라피/index.html,예
dongdaemun-gu/전농동/shops/003/index.html,퀸즈테라피,dongdaemun-gu/전농동/shops/퀸즈테라피/index.html,예
dongdaemun-gu/전농동/shops/004/index.html,한국미인테라피,dongdaemun-gu/전농동/shops/한국미인테라피/index.html,예
dongdaemun-gu/전농동/shops/005/index.html,한국인골든테라피,dongdaemun-gu/전농동/shops/한국인골든테라피/index.html,예
dongdaemun-gu/제기동/shops/001/index.html,오늘밤테라피,dongdaemun-gu/제기동/shops/오늘밤테라피/index.html,예
dongdaemun-gu/제기동/shops/002/index.html,쥬쥬테라피,dongdaemun-gu/제기동/shops/쥬쥬테라피/index.html,예
dongdaemun-gu/제기동/shops/003/index.html,퀸즈테라피,dongdaemun-gu/제기동/shops/퀸즈테라피/index.html,예
dongdaemun-gu/제기동/shops/004/index.html,한국미인테라피,dongdaemun-gu/제기동/shops/한국미인테라피/index.html,예
dongdaemun-gu/제기동/shops/005/index.html,한국인골든테라피,dongdaemun-gu/제기동/shops/한국인골든테라피/index.html,예
dongdaemun-gu/청량리동/shops/001/index.html,오늘밤테라피,dongdaemun-gu/청량리동/shops/오늘밤테라피/index.html,예
dongdaemun-gu/청량리동/shops/002/index.html,쥬쥬테라피,dongdaemun-gu/청량리동/shops/쥬쥬테라피/index.html,예
dongdaemun-gu/청량리동/shops/003/index.html,퀸즈테라피,dongdaemun-gu/청량리동/shops/퀸즈테라피/index.html,예
dongdaemun-gu/청량리동/shops/004/index.html,한국미인테라피,dongdaemun-gu/청량리동/shops/한국미인테라피/index.html,예
dongdaemun-gu/청량리동/shops/005/index.html,한국인골든테라피,dongdaemun-gu/청량리동/shops/한국인골든테라피/index.html,예
dongdaemun-gu/회기동/shops/001/index.html,오늘밤테라피,dongdaemun-gu/회기동/shops/오늘밤테라피/index.html,예
dongdaemun-gu/회기동/shops/002/index.html,쥬쥬테라피,dongdaemun-gu/회기동/shops/쥬쥬테라피/index.html,예
dongdaemun-gu/회기동/shops/003/index.html,퀸즈테라피,dongdaemun-gu/회기동/shops/퀸즈테라피/index.html,예
dongdaemun-gu/회기동/shops/004/index.html,한국미인테라피,dongdaemun-gu/회기동/shops/한국미인테라피/index.html,예
dongdaemun-gu/회기동/shops/005/index.html,한국인골든테라피,dongdaemun-gu/회기동/shops/한국인골든테라피/index.html,예
dongdaemun-gu/휘경동/shops/001/index.html,오늘밤테라피,dongdaemun-gu/휘경동/shops/오늘밤테라피/index.html,예
dongdaemun-gu/휘경동/shops/002/index.html,쥬쥬테라피,dongdaemun-gu/휘경동/shops/쥬쥬테라피/index.html,예
dongdaemun-gu/휘경동/shops/003/index.html,퀸즈테라피,dongdaemun-gu/휘경동/shops/퀸즈테라피/index.html,예
dongdaemun-gu/휘경동/shops/004/index.html,한국미인테라피,dongdaemun-gu/휘경동/shops/한국미인테라피/index.html,예
dongdaemun-gu/휘경동/shops/005/index.html,한국인골든테라피,dongdaemun-gu/휘경동/shops/한국인골든테라피/index.html,예
dongducheon/shops/001/index.html,쥬쥬테라피,dongducheon/shops/001/index.html,아니오
dongducheon/shops/002/index.html,한국인골든테라피,dongducheon/shops/002/index.html,아니오
dongducheon/shops/003/index.html,오늘밤테라피,dongducheon/shops/003/index.html,아니오
dongducheon/shops/004/index.html,퀸즈테라피,dongducheon/shops/004/index.html,아니오
dongducheon/shops/005/index.html,한국미인테라피,dongducheon/shops/005/index.html,아니오
dongducheon/보산동/shops/001/index.html,오늘밤테라피,dongducheon/보산동/shops/오늘밤테라피/index.html,예
dongducheon/보산동/shops/002/index.html,쥬쥬테라피,dongducheon/보산동/shops/쥬쥬테라피/index.html,예
dongducheon/보산동/shops/003/index.html,퀸즈테라피,dongducheon/보산동/shops/퀸즈테라피/index.html,예
dongducheon/보산동/shops/004/index.html,한국미인테라피,dongducheon/보산동/shops/한국미인테라피/index.html,예
dongducheon/보산동/shops/005/index.html,한국인골든테라피,dongducheon/보산동/shops/한국인골든테라피/index.html,예
dongducheon/불현동/shops/001/index.html,오늘밤테라피,dongducheon/불현동/shops/오늘밤테라피/index.html,예
dongducheon/불현동/shops/002/index.html,쥬쥬테라피,dongducheon/불현동/shops/쥬쥬테라피/index.html,예
dongducheon/불현동/shops/003/index.html,퀸즈테라피,dongducheon/불현동/shops/퀸즈테라피/index.html,예
dongducheon/불현동/shops/004/index.html,한국미인테라피,dongducheon/불현동/shops/한국미인테라피/index.html,예
dongducheon/불현동/shops/005/index.html,한국인골든테라피,dongducheon/불현동/shops/한국인골든테라피/index.html,예
dongducheon/상패동/shops/001/index.html,오늘밤테라피,dongducheon/상패동/shops/오늘밤테라피/index.html,예
dongducheon/상패동/shops/002/index.html,쥬쥬테라피,dongducheon/상패동/shops/쥬쥬테라피/index.html,예
dongducheon/상패동/shops/003/index.html,퀸즈테라피,dongducheon/상패동/shops/퀸즈테라피/index.html,예
dongducheon/상패동/shops/004/index.html,한국미인테라피,dongducheon/상패동/shops/한국미인테라피/index.html,예
dongducheon/상패동/shops/005/index.html,한국인골든테라피,dongducheon/상패동/shops/한국인골든테라피/index.html,예
dongducheon/생연동/shops/001/index.html,오늘밤테라피,dongducheon/생연동/shops/오늘밤테라피/index.html,예
dongducheon/생연동/shops/002/index.html,쥬쥬테라피,dongducheon/생연동/shops/쥬쥬테라피/index.html,예
dongducheon/생연동/shops/003/index.html,퀸즈테라피,dongducheon/생연동/shops/퀸즈테라피/index.html,예
dongducheon/생연동/shops/004/index.html,한국미인테라피,dongducheon/생연동/shops/한국미인테라피/index.html,예
dongducheon/생연동/shops/005/index.html,한국인골든테라피,dongducheon/생연동/shops/한국인골든테라피/index.html,예
dongducheon/소요동/shops/001/index.html,오늘밤테라피,dongducheon/소요동/shops/오늘밤테라피/index.html,예
dongducheon/소요동/shops/002/index.html,쥬쥬테라피,dongducheon/소요동/shops/쥬쥬테라피/index.html,예
dongducheon/소요동/shops/003/index.html,퀸즈테라피,dongducheon/소요동/shops/퀸즈테라피/index.html,예
dongducheon/소요동/shops/004/index.html,한국미인테라피,dongducheon/소요동/shops/한국미인테라피/index.html,예
dongducheon/소요동/shops/005/index.html,한국인골든테라피,dongducheon/소요동/shops/한국인골든테라피/index.html,예
dongducheon/송내동/shops/001/index.html,오늘밤테라피,dongducheon/송내동/shops/오늘밤테라피/index.html,예
dongducheon/송내동/shops/002/index.html,쥬쥬테라피,dongducheon/송내동/shops/쥬쥬테라피/index.html,예
dongducheon/송내동/shops/003/index.html,퀸즈테라피,dongducheon/송내동/shops/퀸즈테라피/index.html,예
dongducheon/송내동/shops/004/index.html,한국미인테라피,dongducheon/송내동/shops/한국미인테라피/index.html,예
dongducheon/송내동/shops/005/index.html,한국인골든테라피,dongducheon/송내동/shops/한국인골든테라피/index.html,예
dongducheon/중앙동/shops/001/index.html,오늘밤테라피,dongducheon/중앙동/shops/오늘밤테라피/index.html,예
dongducheon/중앙동/shops/002/index.html,쥬쥬테라피,dongducheon/중앙동/shops/쥬쥬테라피/index.html,예
dongducheon/중앙동/shops/003/index.html,퀸즈테라피,dongducheon/중앙동/shops/퀸즈테라피/index.html,예
dongducheon/중앙동/shops/004/index.html,한국미인테라피,dongducheon/중앙동/shops/한국미인테라피/index.html,예
dongducheon/중앙동/shops/005/index.html,한국인골든테라피,dongducheon/중앙동/shops/한국인골든테라피/index.html,예
dongjak-gu/shops/001/index.html,쥬쥬테라피,dongjak-gu/shops/001/index.html,아니오
dongjak-gu/shops/002/index.html,한국인골든테라피,dongjak-gu/shops/002/index.html,아니오
dongjak-gu/shops/003/index.html,오늘밤테라피,dongjak-gu/shops/003/index.html,아니오
dongjak-gu/shops/004/index.html,퀸즈테라피,dongjak-gu/shops/004/index.html,아니오
dongjak-gu/shops/005/index.html,한국미인테라피,dongjak-gu/shops/005/index.html,아니오
dongjak-gu/노량진동/shops/001/index.html,오늘밤테라피,dongjak-gu/노량진동/shops/오늘밤테라피/index.html,예
dongjak-gu/노량진동/shops/002/index.html,쥬쥬테라피,dongjak-gu/노량진동/shops/쥬쥬테라피/index.html,예
dongjak-gu/노량진동/shops/003/index.html,퀸즈테라피,dongjak-gu/노량진동/shops/퀸즈테라피/index.html,예
dongjak-gu/노량진동/shops/004/index.html,한국미인테라피,dongjak-gu/노량진동/shops/한국미인테라피/index.html,예
dongjak-gu/노량진동/shops/005/index.html,한국인골든테라피,dongjak-gu/노량진동/shops/한국인골든테라피/index.html,예
dongjak-gu/대방동/shops/001/index.html,오늘밤테라피,dongjak-gu/대방동/shops/오늘밤테라피/index.html,예
dongjak-gu/대방동/shops/002/index.html,쥬쥬테라피,dongjak-gu/대방동/shops/쥬쥬테라피/index.html,예
dongjak-gu/대방동/shops/003/index.html,퀸즈테라피,dongjak-gu/대방동/shops/퀸즈테라피/index.html,예
dongjak-gu/대방동/shops/004/index.html,한국미인테라피,dongjak-gu/대방동/shops/한국미인테라피/index.html,예
dongjak-gu/대방동/shops/005/index.html,한국인골든테라피,dongjak-gu/대방동/shops/한국인골든테라피/index.html,예
dongjak-gu/사당동/shops/001/index.html,오늘밤테라피,dongjak-gu/사당동/shops/오늘밤테라피/index.html,예
dongjak-gu/사당동/shops/002/index.html,쥬쥬테라피,dongjak-gu/사당동/shops/쥬쥬테라피/index.html,예
dongjak-gu/사당동/shops/003/index.html,퀸즈테라피,dongjak-gu/사당동/shops/퀸즈테라피/index.html,예
dongjak-gu/사당동/shops/004/index.html,한국미인테라피,dongjak-gu/사당동/shops/한국미인테라피/index.html,예
dongjak-gu/사당동/shops/005/index.html,한국인골든테라피,dongjak-gu/사당동/shops/한국인골든테라피/index.html,예
dongjak-gu/상도동/shops/001/index.html,오늘밤테라피,dongjak-gu/상도동/shops/오늘밤테라피/index.html,예
dongjak-gu/상도동/shops/002/index.html,쥬쥬테라피,dongjak-gu/상도동/shops/쥬쥬테라피/index.html,예
dongjak-gu/상도동/shops/003/index.html,퀸즈테라피,dongjak-gu/상도동/shops/퀸즈테라피/index.html,예
dongjak-gu/상도동/shops/004/index.html,한국미인테라피,dongjak-gu/상도동/shops/한국미인테라피/index.html,예
dongjak-gu/상도동/shops/005/index.html,한국인골든테라피,dongjak-gu/상도동/shops/한국인골든테라피/index.html,예
dongjak-gu/신대방동/shops/001/index.html,오늘밤테라피,dongjak-gu/신대방동/shops/오늘밤테라피/index.html,예
dongjak-gu/신대방동/shops/002/index.html,쥬쥬테라피,dongjak-gu/신대방동/shops/쥬쥬테라피/index.html,예
dongjak-gu/신대방동/shops/003/index.html,퀸즈테라피,dongjak-gu/신대방동/shops/퀸즈테라피/index.html,예
dongjak-gu/신대방동/shops/004/index.html,한국미인테라피,dongjak-gu/신대방동/shops/한국미인테라피/index.html,예
dongjak-gu/신대방동/shops/005/index.html,한국인골든테라피,dongjak-gu/신대방동/shops/한국인골든테라피/index.html,예
dongjak-gu/흑석동/shops/001/index.html,오늘밤테라피,dongjak-gu/흑석동/shops/오늘밤테라피/index.html,예
dongjak-gu/흑석동/shops/002/index.html,쥬쥬테라피,dongjak-gu/흑석동/shops/쥬쥬테라피/index.html,예
dongjak-gu/흑석동/shops/003/index.html,퀸즈테라피,dongjak-gu/흑석동/shops/퀸즈테라피/index.html,예
dongjak-gu/흑석동/shops/004/index.html,한국미인테라피,dongjak-gu/흑석동/shops/한국미인테라피/index.html,예
dongjak-gu/흑석동/shops/005/index.html,한국인골든테라피,dongjak-gu/흑석동/shops/한국인골든테라피/index.html,예
eunpyeong-gu/shops/001/index.html,쥬쥬테라피,eunpyeong-gu/shops/001/index.html,아니오
eunpyeong-gu/shops/002/index.html,한국인골든테라피,eunpyeong-gu/shops/002/index.html,아니오
eunpyeong-gu/shops/003/index.html,오늘밤테라피,eunpyeong-gu/shops/003/index.html,아니오
eunpyeong-gu/shops/004/index.html,퀸즈테라피,eunpyeong-gu/shops/004/index.html,아니오
eunpyeong-gu/shops/005/index.html,한국미인테라피,eunpyeong-gu/shops/005/index.html,아니오
eunpyeong-gu/갈현동/shops/001/index.html,오늘밤테라피,eunpyeong-gu/갈현동/shops/오늘밤테라피/index.html,예
eunpyeong-gu/갈현동/shops/002/index.html,쥬쥬테라피,eunpyeong-gu/갈현동/shops/쥬쥬테라피/index.html,예
eunpyeong-gu/갈현동/shops/003/index.html,퀸즈테라피,eunpyeong-gu/갈현동/shops/퀸즈테라피/index.html,예
eunpyeong-gu/갈현동/shops/004/index.html,한국미인테라피,eunpyeong-gu/갈현동/shops/한국미인테라피/index.html,예
eunpyeong-gu/갈현동/shops/005/index.html,한국인골든테라피,eunpyeong-gu/갈현동/shops/한국인골든테라피/index.html,예
eunpyeong-gu/구산동/shops/001/index.html,오늘밤테라피,eunpyeong-gu/구산동/shops/오늘밤테라피/index.html,예
eunpyeong-gu/구산동/shops/002/index.html,쥬쥬테라피,eunpyeong-gu/구산동/shops/쥬쥬테라피/index.html,예
eunpyeong-gu/구산동/shops/003/index.html,퀸즈테라피,eunpyeong-gu/구산동/shops/퀸즈테라피/index.html,예
eunpyeong-gu/구산동/shops/004/index.html,한국미인테라피,eunpyeong-gu/구산동/shops/한국미인테라피/index.html,예
eunpyeong-gu/구산동/shops/005/index.html,한국인골든테라피,eunpyeong-gu/구산동/shops/한국인골든테라피/index.html,예
eunpyeong-gu/녹번동/shops/001/index.html,오늘밤테라피,eunpyeong-gu/녹번동/shops/오늘밤테라피/index.html,예
eunpyeong-gu/녹번동/shops/002/index.html,쥬쥬테라피,eunpyeong-gu/녹번동/shops/쥬쥬테라피/index.html,예
eunpyeong-gu/녹번동/shops/003/index.html,퀸즈테라피,eunpyeong-gu/녹번동/shops/퀸즈테라피/index.html,예
eunpyeong-gu/녹번동/shops/004/index.html,한국미인테라피,eunpyeong-gu/녹번동/shops/한국미인테라피/index.html,예
eunpyeong-gu/녹번동/shops/005/index.html,한국인골든테라피,eunpyeong-gu/녹번동/shops/한국인골든테라피/index.html,예
eunpyeong-gu/대조동/shops/001/index.html,오늘밤테라피,eunpyeong-gu/대조동/shops/오늘밤테라피/index.html,예
eunpyeong-gu/대조동/shops/002/index.html,쥬쥬테라피,eunpyeong-gu/대조동/shops/쥬쥬테라피/index.html,예
eunpyeong-gu/대조동/shops/003/index.html,퀸즈테라피,eunpyeong-gu/대조동/shops/퀸즈테라피/index.html,예
eunpyeong-gu/대조동/shops/004/index.html,한국미인테라피,eunpyeong-gu/대조동/shops/한국미인테라피/index.html,예
eunpyeong-gu/대조동/shops/005/index.html,한국인골든테라피,eunpyeong-gu/대조동/shops/한국인골든테라피/index.html,예
eunpyeong-gu/불광동/shops/001/index.html,오늘밤테라피,eunpyeong-gu/불광동/shops/오늘밤테라피/index.html,예
eunpyeong-gu/불광동/shops/002/index.html,쥬쥬테라피,eunpyeong-gu/불광동/shops/쥬쥬테라피/index.html,예
eunpyeong-gu/불광동/shops/003/index.html,퀸즈테라피,eunpyeong-gu/불광동/shops/퀸즈테라피/index.html,예
eunpyeong-gu/불광동/shops/004/index.html,한국미인테라피,eunpyeong-gu/불광동/shops/한국미인테라피/index.html,예
eunpyeong-gu/불광동/shops/005/index.html,한국인골든테라피,eunpyeong-gu/불광동/shops/한국인골든테라피/index.html,예
eunpyeong-gu/수색동/shops/001/index.html,오늘밤테라피,eunpyeong-gu/수색동/shops/오늘밤테라피/index.html,예
eunpyeong-gu/수색동/shops/002/index.html,쥬쥬테라피,eunpyeong-gu/수색동/shops/쥬쥬테라피/index.html,예
eunpyeong-gu/수색동/shops/003/index.html,퀸즈테라피,eunpyeong-gu/수색동/shops/퀸즈테라피/index.html,예
eunpyeong-gu/수색동/shops/004/index.html,한국미인테라피,eunpyeong-gu/수색동/shops/한국미인테라피/index.html,예
eunpyeong-gu/수색동/shops/005/index.html,한국인골든테라피,eunpyeong-gu/수색동/shops/한국인골든테라피/index.html,예
eunpyeong-gu/신사동/shops/001/index.html,오늘밤테라피,eunpyeong-gu/신사동/shops/오늘밤테라피/index.html,예
eunpyeong-gu/신사동/shops/002/index.html,쥬쥬테라피,eunpyeong-gu/신사동/shops/쥬쥬테라피/index.html,예
eunpyeong-gu/신사동/shops/003/index.html,퀸즈테라피,eunpyeong-gu/신사동/shops/퀸즈테라피/index.html,예
eunpyeong-gu/신사동/shops/004/index.html,한국미인테라피,eunpyeong-gu/신사동/shops/한국미인테라피/index.html,예
eunpyeong-gu/신사동/shops/005/index.html,한국인골든테라피,eunpyeong-gu/신사동/shops/한국인골든테라피/index.html,예
eunpyeong-gu/역촌동/shops/001/index.html,오늘밤테라피,eunpyeong-gu/역촌동/shops/오늘밤테라피/index.html,예
eunpyeong-gu/역촌동/shops/002/index.html,쥬쥬테라피,eunpyeong-gu/역촌동/shops/쥬쥬테라피/index.html,예
eunpyeong-gu/역촌동/shops/003/index.html,퀸즈테라피,eunpyeong-gu/역촌동/shops/퀸즈테라피/index.html,예
eunpyeong-gu/역촌동/shops/004/index.html,한국미인테라피,eunpyeong-gu/역촌동/shops/한국미인테라피/index.html,예
eunpyeong-gu/역촌동/shops/005/index.html,한국인골든테라피,eunpyeong-gu/역촌동/shops/한국인골든테라피/index.html,예
eunpyeong-gu/응암동/shops/001/index.html,오늘밤테라피,eunpyeong-gu/응암동/shops/오늘밤테라피/index.html,예
eunpyeong-gu/응암동/shops/002/index.html,쥬쥬테라피,eunpyeong-gu/응암동/shops/쥬쥬테라피/index.html,예
eunpyeong-gu/응암동/shops/003/index.html,퀸즈테라피,eunpyeong-gu/응암동/shops/퀸즈테라피/index.html,예
eunpyeong-gu/응암동/shops/004/index.html,한국미인테라피,eunpyeong-gu/응암동/shops/한국미인테라피/index.html,예
eunpyeong-gu/응암동/shops/005/index.html,한국인골든테라피,eunpyeong-gu/응암동/shops/한국인골든테라피/index.html,예
eunpyeong-gu/증산동/shops/001/index.html,오늘밤테라피,eunpyeong-gu/증산동/shops/오늘밤테라피/index.html,예
eunpyeong-gu/증산동/shops/002/index.html,쥬쥬테라피,eunpyeong-gu/증산동/shops/쥬쥬테라피/index.html,예
eunpyeong-gu/증산동/shops/003/index.html,퀸즈테라피,eunpyeong-gu/증산동/shops/퀸즈테라피/index.html,예
eunpyeong-gu/증산동/shops/004/index.html,한국미인테라피,eunpyeong-gu/증산동/shops/한국미인테라피/index.html,예
eunpyeong-gu/증산동/shops/005/index.html,한국인골든테라피,eunpyeong-gu/증산동/shops/한국인골든테라피/index.html,예
eunpyeong-gu/진관동/shops/001/index.html,오늘밤테라피,eunpyeong-gu/진관동/shops/오늘밤테라피/index.html,예
eunpyeong-gu/진관동/shops/002/index.html,쥬쥬테라피,eunpyeong-gu/진관동/shops/쥬쥬테라피/index.html,예
eunpyeong-gu/진관동/shops/003/index.html,퀸즈테라피,eunpyeong-gu/진관동/shops/퀸즈테라피/index.html,예
eunpyeong-gu/진관동/shops/004/index.html,한국미인테라피,eunpyeong-gu/진관동/shops/한국미인테라피/index.html,예
eunpyeong-gu/진관동/shops/005/index.html,한국인골든테라피,eunpyeong-gu/진관동/shops/한국인골든테라피/index.html,예
gangbuk-gu/shops/001/index.html,쥬쥬테라피,gangbuk-gu/shops/001/index.html,아니오
gangbuk-gu/shops/002/index.html,한국인골든테라피,gangbuk-gu/shops/002/index.html,아니오
gangbuk-gu/shops/003/index.html,오늘밤테라피,gangbuk-gu/shops/003/index.html,아니오
gangbuk-gu/shops/004/index.html,퀸즈테라피,gangbuk-gu/shops/004/index.html,아니오
gangbuk-gu/shops/005/index.html,한국미인테라피,gangbuk-gu/shops/005/index.html,아니오
gangbuk-gu/미아동/shops/001/index.html,오늘밤테라피,gangbuk-gu/미아동/shops/오늘밤테라피/index.html,예
gangbuk-gu/미아동/shops/002/index.html,쥬쥬테라피,gangbuk-gu/미아동/shops/쥬쥬테라피/index.html,예
gangbuk-gu/미아동/shops/003/index.html,퀸즈테라피,gangbuk-gu/미아동/shops/퀸즈테라피/index.html,예
gangbuk-gu/미아동/shops/004/index.html,한국미인테라피,gangbuk-gu/미아동/shops/한국미인테라피/index.html,예
gangbuk-gu/미아동/shops/005/index.html,한국인골든테라피,gangbuk-gu/미아동/shops/한국인골든테라피/index.html,예
gangbuk-gu/번동/shops/001/index.html,오늘밤테라피,gangbuk-gu/번동/shops/오늘밤테라피/index.html,예
gangbuk-gu/번동/shops/002/index.html,쥬쥬테라피,gangbuk-gu/번동/shops/쥬쥬테라피/index.html,예
gangbuk-gu/번동/shops/003/index.html,퀸즈테라피,gangbuk-gu/번동/shops/퀸즈테라피/index.html,예
gangbuk-gu/번동/shops/004/index.html,한국미인테라피,gangbuk-gu/번동/shops/한국미인테라피/index.html,예
gangbuk-gu/번동/shops/005/index.html,한국인골든테라피,gangbuk-gu/번동/shops/한국인골든테라피/index.html,예
gangbuk-gu/삼각산동/shops/001/index.html,오늘밤테라피,gangbuk-gu/삼각산동/shops/오늘밤테라피/index.html,예
gangbuk-gu/삼각산동/shops/002/index.html,쥬쥬테라피,gangbuk-gu/삼각산동/shops/쥬쥬테라피/index.html,예
gangbuk-gu/삼각산동/shops/003/index.html,퀸즈테라피,gangbuk-gu/삼각산동/shops/퀸즈테라피/index.html,예
gangbuk-gu/삼각산동/shops/004/index.html,한국미인테라피,gangbuk-gu/삼각산동/shops/한국미인테라피/index.html,예
gangbuk-gu/삼각산동/shops/005/index.html,한국인골든테라피,gangbuk-gu/삼각산동/shops/한국인골든테라피/index.html,예
gangbuk-gu/삼양동/shops/001/index.html,오늘밤테라피,gangbuk-gu/삼양동/shops/오늘밤테라피/index.html,예
gangbuk-gu/삼양동/shops/002/index.html,쥬쥬테라피,gangbuk-gu/삼양동/shops/쥬쥬테라피/index.html,예
gangbuk-gu/삼양동/shops/003/index.html,퀸즈테라피,gangbuk-gu/삼양동/shops/퀸즈테라피/index.html,예
gangbuk-gu/삼양동/shops/004/index.html,한국미인테라피,gangbuk-gu/삼양동/shops/한국미인테라피/index.html,예
gangbuk-gu/삼양동/shops/005/index.html,한국인골든테라피,gangbuk-gu/삼양동/shops/한국인골든테라피/index.html,예
gangbuk-gu/송중동/shops/001/index.html,오늘밤테라피,gangbuk-gu/송중동/shops/오늘밤테라피/index.html,예
gangbuk-gu/송중동/shops/002/index.html,쥬쥬테라피,gangbuk-gu/송중동/shops/쥬쥬테라피/index.html,예
gangbuk-gu/송중동/shops/003/index.html,퀸즈테라피,gangbuk-gu/송중동/shops/퀸즈테라피/index.html,예
gangbuk-gu/송중동/shops/004/index.html,한국미인테라피,gangbuk-gu/송중동/shops/한국미인테라피/index.html,예
gangbuk-gu/송중동/shops/005/index.html,한국인골든테라피,gangbuk-gu/송중동/shops/한국인골든테라피/index.html,예
gangbuk-gu/송천동/shops/001/index.html,오늘밤테라피,gangbuk-gu/송천동/shops/오늘밤테라피/index.html,예
gangbuk-gu/송천동/shops/002/index.html,쥬쥬테라피,gangbuk-gu/송천동/shops/쥬쥬테라피/index.html,예
gangbuk-gu/송천동/shops/003/index.html,퀸즈테라피,gangbuk-gu/송천동/shops/퀸즈테라피/index.html,예
gangbuk-gu/송천동/shops/004/index.html,한국미인테라피,gangbuk-gu/송천동/shops/한국미인테라피/index.html,예
gangbuk-gu/송천동/shops/005/index.html,한국인골든테라피,gangbuk-gu/송천동/shops/한국인골든테라피/index.html,예
gangbuk-gu/수유동/shops/001/index.html,오늘밤테라피,gangbuk-gu/수유동/shops/오늘밤테라피/index.html,예
gangbuk-gu/수유동/shops/002/index.html,쥬쥬테라피,gangbuk-gu/수유동/shops/쥬쥬테라피/index.html,예
gangbuk-gu/수유동/shops/003/index.html,퀸즈테라피,gangbuk-gu/수유동/shops/퀸즈테라피/index.html,예
gangbuk-gu/수유동/shops/004/index.html,한국미인테라피,gangbuk-gu/수유동/shops/한국미인테라피/index.html,예
gangbuk-gu/수유동/shops/005/index.html,한국인골든테라피,gangbuk-gu/수유동/shops/한국인골든테라피/index.html,예
gangbuk-gu/우이동/shops/001/index.html,오늘밤테라피,gangbuk-gu/우이동/shops/오늘밤테라피/index.html,예
gangbuk-gu/우이동/shops/002/index.html,쥬쥬테라피,gangbuk-gu/우이동/shops/쥬쥬테라피/index.html,예
gangbuk-gu/우이동/shops/003/index.html,퀸즈테라피,gangbuk-gu/우이동/shops/퀸즈테라피/index.html,예
gangbuk-gu/우이동/shops/004/index.html,한국미인테라피,gangbuk-gu/우이동/shops/한국미인테라피/index.html,예
gangbuk-gu/우이동/shops/005/index.html,한국인골든테라피,gangbuk-gu/우이동/shops/한국인골든테라피/index.html,예
gangbuk-gu/인수동/shops/001/index.html,오늘밤테라피,gangbuk-gu/인수동/shops/오늘밤테라피/index.html,예
gangbuk-gu/인수동/shops/002/index.html,쥬쥬테라피,gangbuk-gu/인수동/shops/쥬쥬테라피/index.html,예
gangbuk-gu/인수동/shops/003/index.html,퀸즈테라피,gangbuk-gu/인수동/shops/퀸즈테라피/index.html,예
gangbuk-gu/인수동/shops/004/index.html,한국미인테라피,gangbuk-gu/인수동/shops/한국미인테라피/index.html,예
gangbuk-gu/인수동/shops/005/index.html,한국인골든테라피,gangbuk-gu/인수동/shops/한국인골든테라피/index.html,예
gangdong-gu/shops/001/index.html,쥬쥬테라피,gangdong-gu/shops/001/index.html,아니오
gangdong-gu/shops/002/index.html,한국인골든테라피,gangdong-gu/shops/002/index.html,아니오
gangdong-gu/shops/003/index.html,오늘밤테라피,gangdong-gu/shops/003/index.html,아니오
gangdong-gu/shops/004/index.html,퀸즈테라피,gangdong-gu/shops/004/index.html,아니오
gangdong-gu/shops/005/index.html,한국미인테라피,gangdong-gu/shops/005/index.html,아니오
gangdong-gu/강일동/shops/001/index.html,오늘밤테라피,gangdong-gu/강일동/shops/오늘밤테라피/index.html,예
gangdong-gu/강일동/shops/002/index.html,쥬쥬테라피,gangdong-gu/강일동/shops/쥬쥬테라피/index.html,예
gangdong-gu/강일동/shops/003/index.html,퀸즈테라피,gangdong-gu/강일동/shops/퀸즈테라피/index.html,예
gangdong-gu/강일동/shops/004/index.html,한국미인테라피,gangdong-gu/강일동/shops/한국미인테라피/index.html,예
gangdong-gu/강일동/shops/005/index.html,한국인골든테라피,gangdong-gu/강일동/shops/한국인골든테라피/index.html,예
gangdong-gu/고덕동/shops/001/index.html,오늘밤테라피,gangdong-gu/고덕동/shops/오늘밤테라피/index.html,예
gangdong-gu/고덕동/shops/002/index.html,쥬쥬테라피,gangdong-gu/고덕동/shops/쥬쥬테라피/index.html,예
gangdong-gu/고덕동/shops/003/index.html,퀸즈테라피,gangdong-gu/고덕동/shops/퀸즈테라피/index.html,예
gangdong-gu/고덕동/shops/004/index.html,한국미인테라피,gangdong-gu/고덕동/shops/한국미인테라피/index.html,예
gangdong-gu/고덕동/shops/005/index.html,한국인골든테라피,gangdong-gu/고덕동/shops/한국인골든테라피/index.html,예
gangdong-gu/길동/shops/001/index.html,오늘밤테라피,gangdong-gu/길동/shops/오늘밤테라피/index.html,예
gangdong-gu/길동/shops/002/index.html,쥬쥬테라피,gangdong-gu/길동/shops/쥬쥬테라피/index.html,예
gangdong-gu/길동/shops/003/index.html,퀸즈테라피,gangdong-gu/길동/shops/퀸즈테라피/index.html,예
gangdong-gu/길동/shops/004/index.html,한국미인테라피,gangdong-gu/길동/shops/한국미인테라피/index.html,예
gangdong-gu/길동/shops/005/index.html,한국인골든테라피,gangdong-gu/길동/shops/한국인골든테라피/index.html,예
gangdong-gu/둔촌동/shops/001/index.html,오늘밤테라피,gangdong-gu/둔촌동/shops/오늘밤테라피/index.html,예
gangdong-gu/둔촌동/shops/002/index.html,쥬쥬테라피,gangdong-gu/둔촌동/shops/쥬쥬테라피/index.html,예
gangdong-gu/둔촌동/shops/003/index.html,퀸즈테라피,gangdong-gu/둔촌동/shops/퀸즈테라피/index.html,예
gangdong-gu/둔촌동/shops/004/index.html,한국미인테라피,gangdong-gu/둔촌동/shops/한국미인테라피/index.html,예
gangdong-gu/둔촌동/shops/005/index.html,한국인골든테라피,gangdong-gu/둔촌동/shops/한국인골든테라피/index.html,예
gangdong-gu/명일동/shops/001/index.html,오늘밤테라피,gangdong-gu/명일동/shops/오늘밤테라피/index.html,예
gangdong-gu/명일동/shops/002/index.html,쥬쥬테라피,gangdong-gu/명일동/shops/쥬쥬테라피/index.html,예
gangdong-gu/명일동/shops/003/index.html,퀸즈테라피,gangdong-gu/명일동/shops/퀸즈테라피/index.html,예
gangdong-gu/명일동/shops/004/index.html,한국미인테라피,gangdong-gu/명일동/shops/한국미인테라피/index.html,예
gangdong-gu/명일동/shops/005/index.html,한국인골든테라피,gangdong-gu/명일동/shops/한국인골든테라피/index.html,예
gangdong-gu/상일동/shops/001/index.html,오늘밤테라피,gangdong-gu/상일동/shops/오늘밤테라피/index.html,예
gangdong-gu/상일동/shops/002/index.html,쥬쥬테라피,gangdong-gu/상일동/shops/쥬쥬테라피/index.html,예
gangdong-gu/상일동/shops/003/index.html,퀸즈테라피,gangdong-gu/상일동/shops/퀸즈테라피/index.html,예
gangdong-gu/상일동/shops/004/index.html,한국미인테라피,gangdong-gu/상일동/shops/한국미인테라피/index.html,예
gangdong-gu/상일동/shops/005/index.html,한국인골든테라피,gangdong-gu/상일동/shops/한국인골든테라피/index.html,예
gangdong-gu/성내동/shops/001/index.html,오늘밤테라피,gangdong-gu/성내동/shops/오늘밤테라피/index.html,예
gangdong-gu/성내동/shops/002/index.html,쥬쥬테라피,gangdong-gu/성내동/shops/쥬쥬테라피/index.html,예
gangdong-gu/성내동/shops/003/index.html,퀸즈테라피,gangdong-gu/성내동/shops/퀸즈테라피/index.html,예
gangdong-gu/성내동/shops/004/index.html,한국미인테라피,gangdong-gu/성내동/shops/한국미인테라피/index.html,예
gangdong-gu/성내동/shops/005/index.html,한국인골든테라피,gangdong-gu/성내동/shops/한국인골든테라피/index.html,예
gangdong-gu/암사동/shops/001/index.html,오늘밤테라피,gangdong-gu/암사동/shops/오늘밤테라피/index.html,예
gangdong-gu/암사동/shops/002/index.html,쥬쥬테라피,gangdong-gu/암사동/shops/쥬쥬테라피/index.html,예
gangdong-gu/암사동/shops/003/index.html,퀸즈테라피,gangdong-gu/암사동/shops/퀸즈테라피/index.html,예
gangdong-gu/암사동/shops/004/index.html,한국미인테라피,gangdong-gu/암사동/shops/한국미인테라피/index.html,예
gangdong-gu/암사동/shops/005/index.html,한국인골든테라피,gangdong-gu/암사동/shops/한국인골든테라피/index.html,예
gangdong-gu/천호동/shops/001/index.html,오늘밤테라피,gangdong-gu/천호동/shops/오늘밤테라피/index.html,예
gangdong-gu/천호동/shops/002/index.html,쥬쥬테라피,gangdong-gu/천호동/shops/쥬쥬테라피/index.html,예
gangdong-gu/천호동/shops/003/index.html,퀸즈테라피,gangdong-gu/천호동/shops/퀸즈테라피/index.html,예
gangdong-gu/천호동/shops/004/index.html,한국미인테라피,gangdong-gu/천호동/shops/한국미인테라피/index.html,예
gangdong-gu/천호동/shops/005/index.html,한국인골든테라피,gangdong-gu/천호동/shops/한국인골든테라피/index.html,예
ganghwa-gun/shops/001/index.html,쥬쥬테라피,ganghwa-gun/shops/001/index.html,아니오
ganghwa-gun/shops/002/index.html,한국인골든테라피,ganghwa-gun/shops/002/index.html,아니오
ganghwa-gun/shops/003/index.html,오늘밤테라피,ganghwa-gun/shops/003/index.html,아니오
ganghwa-gun/shops/004/index.html,퀸즈테라피,ganghwa-gun/shops/004/index.html,아니오
ganghwa-gun/shops/005/index.html,한국미인테라피,ganghwa-gun/shops/005/index.html,아니오
ganghwa-gun/강화읍/shops/001/index.html,오늘밤테라피,ganghwa-gun/강화읍/shops/오늘밤테라피/index.html,예
ganghwa-gun/강화읍/shops/002/index.html,쥬쥬테라피,ganghwa-gun/강화읍/shops/쥬쥬테라피/index.html,예
ganghwa-gun/강화읍/shops/003/index.html,퀸즈테라피,ganghwa-gun/강화읍/shops/퀸즈테라피/index.html,예
ganghwa-gun/강화읍/shops/004/index.html,한국미인테라피,ganghwa-gun/강화읍/shops/한국미인테라피/index.html,예
ganghwa-gun/강화읍/shops/005/index.html,한국인골든테라피,ganghwa-gun/강화읍/shops/한국인골든테라피/index.html,예
ganghwa-gun/교동면/shops/001/index.html,오늘밤테라피,ganghwa-gun/교동면/shops/오늘밤테라피/index.html,예
ganghwa-gun/교동면/shops/002/index.html,쥬쥬테라피,ganghwa-gun/교동면/shops/쥬쥬테라피/index.html,예
ganghwa-gun/교동면/shops/003/index.html,퀸즈테라피,ganghwa-gun/교동면/shops/퀸즈테라피/index.html,예
ganghwa-gun/교동면/shops/004/index.html,한국미인테라피,ganghwa-gun/교동면/shops/한국미인테라피/index.html,예
ganghwa-gun/교동면/shops/005/index.html,한국인골든테라피,ganghwa-gun/교동면/shops/한국인골든테라피/index.html,예
ganghwa-gun/길상면/shops/001/index.html,오늘밤테라피,ganghwa-gun/길상면/shops/오늘밤테라피/index.html,예
ganghwa-gun/길상면/shops/002/index.html,쥬쥬테라피,ganghwa-gun/길상면/shops/쥬쥬테라피/index.html,예
ganghwa-gun/길상면/shops/003/index.html,퀸즈테라피,ganghwa-gun/길상면/shops/퀸즈테라피/index.html,예
ganghwa-gun/길상면/shops/004/index.html,한국미인테라피,ganghwa-gun/길상면/shops/한국미인테라피/index.html,예
ganghwa-gun/길상면/shops/005/index.html,한국인골든테라피,ganghwa-gun/길상면/shops/한국인골든테라피/index.html,예
ganghwa-gun/내가면/shops/001/index.html,오늘밤테라피,ganghwa-gun/내가면/shops/오늘밤테라피/index.html,예
ganghwa-gun/내가면/shops/002/index.html,쥬쥬테라피,ganghwa-gun/내가면/shops/쥬쥬테라피/index.html,예
ganghwa-gun/내가면/shops/003/index.html,퀸즈테라피,ganghwa-gun/내가면/shops/퀸즈테라피/index.html,예
ganghwa-gun/내가면/shops/004/index.html,한국미인테라피,ganghwa-gun/내가면/shops/한국미인테라피/index.html,예
ganghwa-gun/내가면/shops/005/index.html,한국인골든테라피,ganghwa-gun/내가면/shops/한국인골든테라피/index.html,예
ganghwa-gun/불은면/shops/001/index.html,오늘밤테라피,ganghwa-gun/불은면/shops/오늘밤테라피/index.html,예
ganghwa-gun/불은면/shops/002/index.html,쥬쥬테라피,ganghwa-gun/불은면/shops/쥬쥬테라피/index.html,예
ganghwa-gun/불은면/shops/003/index.html,퀸즈테라피,ganghwa-gun/불은면/shops/퀸즈테라피/index.html,예
ganghwa-gun/불은면/shops/004/index.html,한국미인테라피,ganghwa-gun/불은면/shops/한국미인테라피/index.html,예
ganghwa-gun/불은면/shops/005/index.html,한국인골든테라피,ganghwa-gun/불은면/shops/한국인골든테라피/index.html,예
ganghwa-gun/삼산면/shops/001/index.html,오늘밤테라피,ganghwa-gun/삼산면/shops/오늘밤테라피/index.html,예
ganghwa-gun/삼산면/shops/002/index.html,쥬쥬테라피,ganghwa-gun/삼산면/shops/쥬쥬테라피/index.html,예
ganghwa-gun/삼산면/shops/003/index.html,퀸즈테라피,ganghwa-gun/삼산면/shops/퀸즈테라피/index.html,예
ganghwa-gun/삼산면/shops/004/index.html,한국미인테라피,ganghwa-gun/삼산면/shops/한국미인테라피/index.html,예
ganghwa-gun/삼산면/shops/005/index.html,한국인골든테라피,ganghwa-gun/삼산면/shops/한국인골든테라피/index.html,예
ganghwa-gun/서도면/shops/001/index.html,오늘밤테라피,ganghwa-gun/서도면/shops/오늘밤테라피/index.html,예
ganghwa-gun/서도면/shops/002/index.html,쥬쥬테라피,ganghwa-gun/서도면/shops/쥬쥬테라피/index.html,예
ganghwa-gun/서도면/shops/003/index.html,퀸즈테라피,ganghwa-gun/서도면/shops/퀸즈테라피/index.html,예
ganghwa-gun/서도면/shops/004/index.html,한국미인테라피,ganghwa-gun/서도면/shops/한국미인테라피/index.html,예
ganghwa-gun/서도면/shops/005/index.html,한국인골든테라피,ganghwa-gun/서도면/shops/한국인골든테라피/index.html,예
ganghwa-gun/선원면/shops/001/index.html,오늘밤테라피,ganghwa-gun/선원면/shops/오늘밤테라피/index.html,예
ganghwa-gun/선원면/shops/002/index.html,쥬쥬테라피,ganghwa-gun/선원면/shops/쥬쥬테라피/index.html,예
ganghwa-gun/선원면/shops/003/index.html,퀸즈테라피,ganghwa-gun/선원면/shops/퀸즈테라피/index.html,예
ganghwa-gun/선원면/shops/004/index.html,한국미인테라피,ganghwa-gun/선원면/shops/한국미인테라피/index.html,예
ganghwa-gun/선원면/shops/005/index.html,한국인골든테라피,ganghwa-gun/선원면/shops/한국인골든테라피/index.html,예
ganghwa-gun/송해면/shops/001/index.html,오늘밤테라피,ganghwa-gun/송해면/shops/오늘밤테라피/index.html,예
ganghwa-gun/송해면/shops/002/index.html,쥬쥬테라피,ganghwa-gun/송해면/shops/쥬쥬테라피/index.html,예
ganghwa-gun/송해면/shops/003/index.html,퀸즈테라피,ganghwa-gun/송해면/shops/퀸즈테라피/index.html,예
ganghwa-gun/송해면/shops/004/index.html,한국미인테라피,ganghwa-gun/송해면/shops/한국미인테라피/index.html,예
ganghwa-gun/송해면/shops/005/index.html,한국인골든테라피,ganghwa-gun/송해면/shops/한국인골든테라피/index.html,예
ganghwa-gun/양도면/shops/001/index.html,오늘밤테라피,ganghwa-gun/양도면/shops/오늘밤테라피/index.html,예
ganghwa-gun/양도면/shops/002/index.html,쥬쥬테라피,ganghwa-gun/양도면/shops/쥬쥬테라피/index.html,예
ganghwa-gun/양도면/shops/003/index.html,퀸즈테라피,ganghwa-gun/양도면/shops/퀸즈테라피/index.html,예
ganghwa-gun/양도면/shops/004/index.html,한국미인테라피,ganghwa-gun/양도면/shops/한국미인테라피/index.html,예
ganghwa-gun/양도면/shops/005/index.html,한국인골든테라피,ganghwa-gun/양도면/shops/한국인골든테라피/index.html,예
ganghwa-gun/양사면/shops/001/index.html,오늘밤테라피,ganghwa-gun/양사면/shops/오늘밤테라피/index.html,예
ganghwa-gun/양사면/shops/002/index.html,쥬쥬테라피,ganghwa-gun/양사면/shops/쥬쥬테라피/index.html,예
ganghwa-gun/양사면/shops/003/index.html,퀸즈테라피,ganghwa-gun/양사면/shops/퀸즈테라피/index.html,예
ganghwa-gun/양사면/shops/004/index.html,한국미인테라피,ganghwa-gun/양사면/shops/한국미인테라피/index.html,예
ganghwa-gun/양사면/shops/005/index.html,한국인골든테라피,ganghwa-gun/양사면/shops/한국인골든테라피/index.html,예
ganghwa-gun/하점면/shops/001/index.html,오늘밤테라피,ganghwa-gun/하점면/shops/오늘밤테라피/index.html,예
ganghwa-gun/하점면/shops/002/index.html,쥬쥬테라피,ganghwa-gun/하점면/shops/쥬쥬테라피/index.html,예
ganghwa-gun/하점면/shops/003/index.html,퀸즈테라피,ganghwa-gun/하점면/shops/퀸즈테라피/index.html,예
ganghwa-gun/하점면/shops/004/index.html,한국미인테라피,ganghwa-gun/하점면/shops/한국미인테라피/index.html,예
ganghwa-gun/하점면/shops/005/index.html,한국인골든테라피,ganghwa-gun/하점면/shops/한국인골든테라피/index.html,예
ganghwa-gun/화도면/shops/001/index.html,오늘밤테라피,ganghwa-gun/화도면/shops/오늘밤테라피/index.html,예
ganghwa-gun/화도면/shops/002/index.html,쥬쥬테라피,ganghwa-gun/화도면/shops/쥬쥬테라피/index.html,예
ganghwa-gun/화도면/shops/003/index.html,퀸즈테라피,ganghwa-gun/화도면/shops/퀸즈테라피/index.html,예
ganghwa-gun/화도면/shops/004/index.html,한국미인테라피,ganghwa-gun/화도면/shops/한국미인테라피/index.html,예
ganghwa-gun/화도면/shops/005/index.html,한국인골든테라피,ganghwa-gun/화도면/shops/한국인골든테라피/index.html,예
gangnam-gu/shops/001/index.html,쥬쥬테라피,gangnam-gu/shops/001/index.html,아니오
gangnam-gu/shops/002/index.html,한국인골든테라피,gangnam-gu/shops/002/index.html,아니오
gangnam-gu/shops/003/index.html,오늘밤테라피,gangnam-gu/shops/003/index.html,아니오
gangnam-gu/shops/004/index.html,퀸즈테라피,gangnam-gu/shops/004/index.html,아니오
gangnam-gu/shops/005/index.html,한국미인테라피,gangnam-gu/shops/005/index.html,아니오
gangnam-gu/개포동/shops/001/index.html,오늘밤테라피,gangnam-gu/개포동/shops/오늘밤테라피/index.html,예
gangnam-gu/개포동/shops/002/index.html,쥬쥬테라피,gangnam-gu/개포동/shops/쥬쥬테라피/index.html,예
gangnam-gu/개포동/shops/003/index.html,퀸즈테라피,gangnam-gu/개포동/shops/퀸즈테라피/index.html,예
gangnam-gu/개포동/shops/004/index.html,한국미인테라피,gangnam-gu/개포동/shops/한국미인테라피/index.html,예
gangnam-gu/개포동/shops/005/index.html,한국인골든테라피,gangnam-gu/개포동/shops/한국인골든테라피/index.html,예
gangnam-gu/논현동/shops/001/index.html,오늘밤테라피,gangnam-gu/논현동/shops/오늘밤테라피/index.html,예
gangnam-gu/논현동/shops/002/index.html,쥬쥬테라피,gangnam-gu/논현동/shops/쥬쥬테라피/index.html,예
gangnam-gu/논현동/shops/003/index.html,퀸즈테라피,gangnam-gu/논현동/shops/퀸즈테라피/index.html,예
gangnam-gu/논현동/shops/004/index.html,한국미인테라피,gangnam-gu/논현동/shops/한국미인테라피/index.html,예
gangnam-gu/논현동/shops/005/index.html,한국인골든테라피,gangnam-gu/논현동/shops/한국인골든테라피/index.html,예
gangnam-gu/대치동/shops/001/index.html,오늘밤테라피,gangnam-gu/대치동/shops/오늘밤테라피/index.html,예
gangnam-gu/대치동/shops/002/index.html,쥬쥬테라피,gangnam-gu/대치동/shops/쥬쥬테라피/index.html,예
gangnam-gu/대치동/shops/003/index.html,퀸즈테라피,gangnam-gu/대치동/shops/퀸즈테라피/index.html,예
gangnam-gu/대치동/shops/004/index.html,한국미인테라피,gangnam-gu/대치동/shops/한국미인테라피/index.html,예
gangnam-gu/대치동/shops/005/index.html,한국인골든테라피,gangnam-gu/대치동/shops/한국인골든테라피/index.html,예
gangnam-gu/도곡동/shops/001/index.html,오늘밤테라피,gangnam-gu/도곡동/shops/오늘밤테라피/index.html,예
gangnam-gu/도곡동/shops/002/index.html,쥬쥬테라피,gangnam-gu/도곡동/shops/쥬쥬테라피/index.html,예
gangnam-gu/도곡동/shops/003/index.html,퀸즈테라피,gangnam-gu/도곡동/shops/퀸즈테라피/index.html,예
gangnam-gu/도곡동/shops/004/index.html,한국미인테라피,gangnam-gu/도곡동/shops/한국미인테라피/index.html,예
gangnam-gu/도곡동/shops/005/index.html,한국인골든테라피,gangnam-gu/도곡동/shops/한국인골든테라피/index.html,예
gangnam-gu/삼성동/shops/001/index.html,오늘밤테라피,gangnam-gu/삼성동/shops/오늘밤테라피/index.html,예
gangnam-gu/삼성동/shops/002/index.html,쥬쥬테라피,gangnam-gu/삼성동/shops/쥬쥬테라피/index.html,예
gangnam-gu/삼성동/shops/003/index.html,퀸즈테라피,gangnam-gu/삼성동/shops/퀸즈테라피/index.html,예
gangnam-gu/삼성동/shops/004/index.html,한국미인테라피,gangnam-gu/삼성동/shops/한국미인테라피/index.html,예
gangnam-gu/삼성동/shops/005/index.html,한국인골든테라피,gangnam-gu/삼성동/shops/한국인골든테라피/index.html,예
gangnam-gu/세곡동/shops/001/index.html,오늘밤테라피,gangnam-gu/세곡동/shops/오늘밤테라피/index.html,예
gangnam-gu/세곡동/shops/002/index.html,쥬쥬테라피,gangnam-gu/세곡동/shops/쥬쥬테라피/index.html,예
gangnam-gu/세곡동/shops/003/index.html,퀸즈테라피,gangnam-gu/세곡동/shops/퀸즈테라피/index.html,예
gangnam-gu/세곡동/shops/004/index.html,한국미인테라피,gangnam-gu/세곡동/shops/한국미인테라피/index.html,예
gangnam-gu/세곡동/shops/005/index.html,한국인골든테라피,gangnam-gu/세곡동/shops/한국인골든테라피/index.html,예
gangnam-gu/수서동/shops/001/index.html,오늘밤테라피,gangnam-gu/수서동/shops/오늘밤테라피/index.html,예
gangnam-gu/수서동/shops/002/index.html,쥬쥬테라피,gangnam-gu/수서동/shops/쥬쥬테라피/index.html,예
gangnam-gu/수서동/shops/003/index.html,퀸즈테라피,gangnam-gu/수서동/shops/퀸즈테라피/index.html,예
gangnam-gu/수서동/shops/004/index.html,한국미인테라피,gangnam-gu/수서동/shops/한국미인테라피/index.html,예
gangnam-gu/수서동/shops/005/index.html,한국인골든테라피,gangnam-gu/수서동/shops/한국인골든테라피/index.html,예
gangnam-gu/신사동/shops/001/index.html,오늘밤테라피,gangnam-gu/신사동/shops/오늘밤테라피/index.html,예
gangnam-gu/신사동/shops/002/index.html,쥬쥬테라피,gangnam-gu/신사동/shops/쥬쥬테라피/index.html,예
gangnam-gu/신사동/shops/003/index.html,퀸즈테라피,gangnam-gu/신사동/shops/퀸즈테라피/index.html,예
gangnam-gu/신사동/shops/004/index.html,한국미인테라피,gangnam-gu/신사동/shops/한국미인테라피/index.html,예
gangnam-gu/신사동/shops/005/index.html,한국인골든테라피,gangnam-gu/신사동/shops/한국인골든테라피/index.html,예
gangnam-gu/압구정동/shops/001/index.html,오늘밤테라피,gangnam-gu/압구정동/shops/오늘밤테라피/index.html,예
gangnam-gu/압구정동/shops/002/index.html,쥬쥬테라피,gangnam-gu/압구정동/shops/쥬쥬테라피/index.html,예
gangnam-gu/압구정동/shops/003/index.html,퀸즈테라피,gangnam-gu/압구정동/shops/퀸즈테라피/index.html,예
gangnam-gu/압구정동/shops/004/index.html,한국미인테라피,gangnam-gu/압구정동/shops/한국미인테라피/index.html,예
gangnam-gu/압구정동/shops/005/index.html,한국인골든테라피,gangnam-gu/압구정동/shops/한국인골든테라피/index.html,예
gangnam-gu/역삼동/shops/001/index.html,오늘밤테라피,gangnam-gu/역삼동/shops/오늘밤테라피/index.html,예
gangnam-gu/역삼동/shops/002/index.html,쥬쥬테라피,gangnam-gu/역삼동/shops/쥬쥬테라피/index.html,예
gangnam-gu/역삼동/shops/003/index.html,퀸즈테라피,gangnam-gu/역삼동/shops/퀸즈테라피/index.html,예
gangnam-gu/역삼동/shops/004/index.html,한국미인테라피,gangnam-gu/역삼동/shops/한국미인테라피/index.html,예
gangnam-gu/역삼동/shops/005/index.html,한국인골든테라피,gangnam-gu/역삼동/shops/한국인골든테라피/index.html,예
gangnam-gu/일원동/shops/001/index.html,오늘밤테라피,gangnam-gu/일원동/shops/오늘밤테라피/index.html,예
gangnam-gu/일원동/shops/002/index.html,쥬쥬테라피,gangnam-gu/일원동/shops/쥬쥬테라피/index.html,예
gangnam-gu/일원동/shops/003/index.html,퀸즈테라피,gangnam-gu/일원동/shops/퀸즈테라피/index.html,예
gangnam-gu/일원동/shops/004/index.html,한국미인테라피,gangnam-gu/일원동/shops/한국미인테라피/index.html,예
gangnam-gu/일원동/shops/005/index.html,한국인골든테라피,gangnam-gu/일원동/shops/한국인골든테라피/index.html,예
gangnam-gu/일원본동/shops/001/index.html,오늘밤테라피,gangnam-gu/일원본동/shops/오늘밤테라피/index.html,예
gangnam-gu/일원본동/shops/002/index.html,쥬쥬테라피,gangnam-gu/일원본동/shops/쥬쥬테라피/index.html,예
gangnam-gu/일원본동/shops/003/index.html,퀸즈테라피,gangnam-gu/일원본동/shops/퀸즈테라피/index.html,예
gangnam-gu/일원본동/shops/004/index.html,한국미인테라피,gangnam-gu/일원본동/shops/한국미인테라피/index.html,예
gangnam-gu/일원본동/shops/005/index.html,한국인골든테라피,gangnam-gu/일원본동/shops/한국인골든테라피/index.html,예
gangnam-gu/청담동/shops/001/index.html,오늘밤테라피,gangnam-gu/청담동/shops/오늘밤테라피/index.html,예
gangnam-gu/청담동/shops/002/index.html,쥬쥬테라피,gangnam-gu/청담동/shops/쥬쥬테라피/index.html,예
gangnam-gu/청담동/shops/003/index.html,퀸즈테라피,gangnam-gu/청담동/shops/퀸즈테라피/index.html,예
gangnam-gu/청담동/shops/004/index.html,한국미인테라피,gangnam-gu/청담동/shops/한국미인테라피/index.html,예
gangnam-gu/청담동/shops/005/index.html,한국인골든테라피,gangnam-gu/청담동/shops/한국인골든테라피/index.html,예
gangseo-gu/shops/001/index.html,쥬쥬테라피,gangseo-gu/shops/001/index.html,아니오
gangseo-gu/shops/002/index.html,한국인골든테라피,gangseo-gu/shops/002/index.html,아니오
gangseo-gu/shops/003/index.html,오늘밤테라피,gangseo-gu/shops/003/index.html,아니오
gangseo-gu/shops/004/index.html,퀸즈테라피,gangseo-gu/shops/004/index.html,아니오
gangseo-gu/shops/005/index.html,한국미인테라피,gangseo-gu/shops/005/index.html,아니오
gangseo-gu/가양동/shops/001/index.html,오늘밤테라피,gangseo-gu/가양동/shops/오늘밤테라피/index.html,예
gangseo-gu/가양동/shops/002/index.html,쥬쥬테라피,gangseo-gu/가양동/shops/쥬쥬테라피/index.html,예
gangseo-gu/가양동/shops/003/index.html,퀸즈테라피,gangseo-gu/가양동/shops/퀸즈테라피/index.html,예
gangseo-gu/가양동/shops/004/index.html,한국미인테라피,gangseo-gu/가양동/shops/한국미인테라피/index.html,예
gangseo-gu/가양동/shops/005/index.html,한국인골든테라피,gangseo-gu/가양동/shops/한국인골든테라피/index.html,예
gangseo-gu/공항동/shops/001/index.html,오늘밤테라피,gangseo-gu/공항동/shops/오늘밤테라피/index.html,예
gangseo-gu/공항동/shops/002/index.html,쥬쥬테라피,gangseo-gu/공항동/shops/쥬쥬테라피/index.html,예
gangseo-gu/공항동/shops/003/index.html,퀸즈테라피,gangseo-gu/공항동/shops/퀸즈테라피/index.html,예
gangseo-gu/공항동/shops/004/index.html,한국미인테라피,gangseo-gu/공항동/shops/한국미인테라피/index.html,예
gangseo-gu/공항동/shops/005/index.html,한국인골든테라피,gangseo-gu/공항동/shops/한국인골든테라피/index.html,예
gangseo-gu/등촌동/shops/001/index.html,오늘밤테라피,gangseo-gu/등촌동/shops/오늘밤테라피/index.html,예
gangseo-gu/등촌동/shops/002/index.html,쥬쥬테라피,gangseo-gu/등촌동/shops/쥬쥬테라피/index.html,예
gangseo-gu/등촌동/shops/003/index.html,퀸즈테라피,gangseo-gu/등촌동/shops/퀸즈테라피/index.html,예
gangseo-gu/등촌동/shops/004/index.html,한국미인테라피,gangseo-gu/등촌동/shops/한국미인테라피/index.html,예
gangseo-gu/등촌동/shops/005/index.html,한국인골든테라피,gangseo-gu/등촌동/shops/한국인골든테라피/index.html,예
gangseo-gu/발산동/shops/001/index.html,오늘밤테라피,gangseo-gu/발산동/shops/오늘밤테라피/index.html,예
gangseo-gu/발산동/shops/002/index.html,쥬쥬테라피,gangseo-gu/발산동/shops/쥬쥬테라피/index.html,예
gangseo-gu/발산동/shops/003/index.html,퀸즈테라피,gangseo-gu/발산동/shops/퀸즈테라피/index.html,예
gangseo-gu/발산동/shops/004/index.html,한국미인테라피,gangseo-gu/발산동/shops/한국미인테라피/index.html,예
gangseo-gu/발산동/shops/005/index.html,한국인골든테라피,gangseo-gu/발산동/shops/한국인골든테라피/index.html,예
gangseo-gu/방화동/shops/001/index.html,오늘밤테라피,gangseo-gu/방화동/shops/오늘밤테라피/index.html,예
gangseo-gu/방화동/shops/002/index.html,쥬쥬테라피,gangseo-gu/방화동/shops/쥬쥬테라피/index.html,예
gangseo-gu/방화동/shops/003/index.html,퀸즈테라피,gangseo-gu/방화동/shops/퀸즈테라피/index.html,예
gangseo-gu/방화동/shops/004/index.html,한국미인테라피,gangseo-gu/방화동/shops/한국미인테라피/index.html,예
gangseo-gu/방화동/shops/005/index.html,한국인골든테라피,gangseo-gu/방화동/shops/한국인골든테라피/index.html,예
gangseo-gu/염창동/shops/001/index.html,오늘밤테라피,gangseo-gu/염창동/shops/오늘밤테라피/index.html,예
gangseo-gu/염창동/shops/002/index.html,쥬쥬테라피,gangseo-gu/염창동/shops/쥬쥬테라피/index.html,예
gangseo-gu/염창동/shops/003/index.html,퀸즈테라피,gangseo-gu/염창동/shops/퀸즈테라피/index.html,예
gangseo-gu/염창동/shops/004/index.html,한국미인테라피,gangseo-gu/염창동/shops/한국미인테라피/index.html,예
gangseo-gu/염창동/shops/005/index.html,한국인골든테라피,gangseo-gu/염창동/shops/한국인골든테라피/index.html,예
gangseo-gu/우장산동/shops/001/index.html,오늘밤테라피,gangseo-gu/우장산동/shops/오늘밤테라피/index.html,예
gangseo-gu/우장산동/shops/002/index.html,쥬쥬테라피,gangseo-gu/우장산동/shops/쥬쥬테라피/index.html,예
gangseo-gu/우장산동/shops/003/index.html,퀸즈테라피,gangseo-gu/우장산동/shops/퀸즈테라피/index.html,예
gangseo-gu/우장산동/shops/004/index.html,한국미인테라피,gangseo-gu/우장산동/shops/한국미인테라피/index.html,예
gangseo-gu/우장산동/shops/005/index.html,한국인골든테라피,gangseo-gu/우장산동/shops/한국인골든테라피/index.html,예
gangseo-gu/화곡동/shops/001/index.html,오늘밤테라피,gangseo-gu/화곡동/shops/오늘밤테라피/index.html,예
gangseo-gu/화곡동/shops/002/index.html,쥬쥬테라피,gangseo-gu/화곡동/shops/쥬쥬테라피/index.html,예
gangseo-gu/화곡동/shops/003/index.html,퀸즈테라피,gangseo-gu/화곡동/shops/퀸즈테라피/index.html,예
gangseo-gu/화곡동/shops/004/index.html,한국미인테라피,gangseo-gu/화곡동/shops/한국미인테라피/index.html,예
gangseo-gu/화곡동/shops/005/index.html,한국인골든테라피,gangseo-gu/화곡동/shops/한국인골든테라피/index.html,예
gangseo-gu/화곡본동/shops/001/index.html,오늘밤테라피,gangseo-gu/화곡본동/shops/오늘밤테라피/index.html,예
gangseo-gu/화곡본동/shops/002/index.html,쥬쥬테라피,gangseo-gu/화곡본동/shops/쥬쥬테라피/index.html,예
gangseo-gu/화곡본동/shops/003/index.html,퀸즈테라피,gangseo-gu/화곡본동/shops/퀸즈테라피/index.html,예
gangseo-gu/화곡본동/shops/004/index.html,한국미인테라피,gangseo-gu/화곡본동/shops/한국미인테라피/index.html,예
gangseo-gu/화곡본동/shops/005/index.html,한국인골든테라피,gangseo-gu/화곡본동/shops/한국인골든테라피/index.html,예
gapyeong/shops/001/index.html,쥬쥬테라피,gapyeong/shops/001/index.html,아니오
gapyeong/shops/002/index.html,한국인골든테라피,gapyeong/shops/002/index.html,아니오
gapyeong/shops/003/index.html,오늘밤테라피,gapyeong/shops/003/index.html,아니오
gapyeong/shops/004/index.html,퀸즈테라피,gapyeong/shops/004/index.html,아니오
gapyeong/shops/005/index.html,한국미인테라피,gapyeong/shops/005/index.html,아니오
gapyeong/가평읍/shops/001/index.html,오늘밤테라피,gapyeong/가평읍/shops/오늘밤테라피/index.html,예
gapyeong/가평읍/shops/002/index.html,쥬쥬테라피,gapyeong/가평읍/shops/쥬쥬테라피/index.html,예
gapyeong/가평읍/shops/003/index.html,퀸즈테라피,gapyeong/가평읍/shops/퀸즈테라피/index.html,예
gapyeong/가평읍/shops/004/index.html,한국미인테라피,gapyeong/가평읍/shops/한국미인테라피/index.html,예
gapyeong/가평읍/shops/005/index.html,한국인골든테라피,gapyeong/가평읍/shops/한국인골든테라피/index.html,예
gapyeong/북면/shops/001/index.html,오늘밤테라피,gapyeong/북면/shops/오늘밤테라피/index.html,예
gapyeong/북면/shops/002/index.html,쥬쥬테라피,gapyeong/북면/shops/쥬쥬테라피/index.html,예
gapyeong/북면/shops/003/index.html,퀸즈테라피,gapyeong/북면/shops/퀸즈테라피/index.html,예
gapyeong/북면/shops/004/index.html,한국미인테라피,gapyeong/북면/shops/한국미인테라피/index.html,예
gapyeong/북면/shops/005/index.html,한국인골든테라피,gapyeong/북면/shops/한국인골든테라피/index.html,예
gapyeong/상면/shops/001/index.html,오늘밤테라피,gapyeong/상면/shops/오늘밤테라피/index.html,예
gapyeong/상면/shops/002/index.html,쥬쥬테라피,gapyeong/상면/shops/쥬쥬테라피/index.html,예
gapyeong/상면/shops/003/index.html,퀸즈테라피,gapyeong/상면/shops/퀸즈테라피/index.html,예
gapyeong/상면/shops/004/index.html,한국미인테라피,gapyeong/상면/shops/한국미인테라피/index.html,예
gapyeong/상면/shops/005/index.html,한국인골든테라피,gapyeong/상면/shops/한국인골든테라피/index.html,예
gapyeong/설악면/shops/001/index.html,오늘밤테라피,gapyeong/설악면/shops/오늘밤테라피/index.html,예
gapyeong/설악면/shops/002/index.html,쥬쥬테라피,gapyeong/설악면/shops/쥬쥬테라피/index.html,예
gapyeong/설악면/shops/003/index.html,퀸즈테라피,gapyeong/설악면/shops/퀸즈테라피/index.html,예
gapyeong/설악면/shops/004/index.html,한국미인테라피,gapyeong/설악면/shops/한국미인테라피/index.html,예
gapyeong/설악면/shops/005/index.html,한국인골든테라피,gapyeong/설악면/shops/한국인골든테라피/index.html,예
gapyeong/조종면/shops/001/index.html,오늘밤테라피,gapyeong/조종면/shops/오늘밤테라피/index.html,예
gapyeong/조종면/shops/002/index.html,쥬쥬테라피,gapyeong/조종면/shops/쥬쥬테라피/index.html,예
gapyeong/조종면/shops/003/index.html,퀸즈테라피,gapyeong/조종면/shops/퀸즈테라피/index.html,예
gapyeong/조종면/shops/004/index.html,한국미인테라피,gapyeong/조종면/shops/한국미인테라피/index.html,예
gapyeong/조종면/shops/005/index.html,한국인골든테라피,gapyeong/조종면/shops/한국인골든테라피/index.html,예
gapyeong/청평면/shops/001/index.html,오늘밤테라피,gapyeong/청평면/shops/오늘밤테라피/index.html,예
gapyeong/청평면/shops/002/index.html,쥬쥬테라피,gapyeong/청평면/shops/쥬쥬테라피/index.html,예
gapyeong/청평면/shops/003/index.html,퀸즈테라피,gapyeong/청평면/shops/퀸즈테라피/index.html,예
gapyeong/청평면/shops/004/index.html,한국미인테라피,gapyeong/청평면/shops/한국미인테라피/index.html,예
gapyeong/청평면/shops/005/index.html,한국인골든테라피,gapyeong/청평면/shops/한국인골든테라피/index.html,예
geomdan-gu/shops/001/index.html,쥬쥬테라피,geomdan-gu/shops/001/index.html,아니오
geomdan-gu/shops/002/index.html,한국인골든테라피,geomdan-gu/shops/002/index.html,아니오
geomdan-gu/shops/003/index.html,오늘밤테라피,geomdan-gu/shops/003/index.html,아니오
geomdan-gu/shops/004/index.html,퀸즈테라피,geomdan-gu/shops/004/index.html,아니오
geomdan-gu/shops/005/index.html,한국미인테라피,geomdan-gu/shops/005/index.html,아니오
geomdan-gu/검단동/shops/001/index.html,오늘밤테라피,geomdan-gu/검단동/shops/오늘밤테라피/index.html,예
geomdan-gu/검단동/shops/002/index.html,쥬쥬테라피,geomdan-gu/검단동/shops/쥬쥬테라피/index.html,예
geomdan-gu/검단동/shops/003/index.html,퀸즈테라피,geomdan-gu/검단동/shops/퀸즈테라피/index.html,예
geomdan-gu/검단동/shops/004/index.html,한국미인테라피,geomdan-gu/검단동/shops/한국미인테라피/index.html,예
geomdan-gu/검단동/shops/005/index.html,한국인골든테라피,geomdan-gu/검단동/shops/한국인골든테라피/index.html,예
geomdan-gu/당하동/shops/001/index.html,오늘밤테라피,geomdan-gu/당하동/shops/오늘밤테라피/index.html,예
geomdan-gu/당하동/shops/002/index.html,쥬쥬테라피,geomdan-gu/당하동/shops/쥬쥬테라피/index.html,예
geomdan-gu/당하동/shops/003/index.html,퀸즈테라피,geomdan-gu/당하동/shops/퀸즈테라피/index.html,예
geomdan-gu/당하동/shops/004/index.html,한국미인테라피,geomdan-gu/당하동/shops/한국미인테라피/index.html,예
geomdan-gu/당하동/shops/005/index.html,한국인골든테라피,geomdan-gu/당하동/shops/한국인골든테라피/index.html,예
geomdan-gu/마전동/shops/001/index.html,오늘밤테라피,geomdan-gu/마전동/shops/오늘밤테라피/index.html,예
geomdan-gu/마전동/shops/002/index.html,쥬쥬테라피,geomdan-gu/마전동/shops/쥬쥬테라피/index.html,예
geomdan-gu/마전동/shops/003/index.html,퀸즈테라피,geomdan-gu/마전동/shops/퀸즈테라피/index.html,예
geomdan-gu/마전동/shops/004/index.html,한국미인테라피,geomdan-gu/마전동/shops/한국미인테라피/index.html,예
geomdan-gu/마전동/shops/005/index.html,한국인골든테라피,geomdan-gu/마전동/shops/한국인골든테라피/index.html,예
geomdan-gu/불로대곡동/shops/001/index.html,오늘밤테라피,geomdan-gu/불로대곡동/shops/오늘밤테라피/index.html,예
geomdan-gu/불로대곡동/shops/002/index.html,쥬쥬테라피,geomdan-gu/불로대곡동/shops/쥬쥬테라피/index.html,예
geomdan-gu/불로대곡동/shops/003/index.html,퀸즈테라피,geomdan-gu/불로대곡동/shops/퀸즈테라피/index.html,예
geomdan-gu/불로대곡동/shops/004/index.html,한국미인테라피,geomdan-gu/불로대곡동/shops/한국미인테라피/index.html,예
geomdan-gu/불로대곡동/shops/005/index.html,한국인골든테라피,geomdan-gu/불로대곡동/shops/한국인골든테라피/index.html,예
geomdan-gu/아라동/shops/001/index.html,오늘밤테라피,geomdan-gu/아라동/shops/오늘밤테라피/index.html,예
geomdan-gu/아라동/shops/002/index.html,쥬쥬테라피,geomdan-gu/아라동/shops/쥬쥬테라피/index.html,예
geomdan-gu/아라동/shops/003/index.html,퀸즈테라피,geomdan-gu/아라동/shops/퀸즈테라피/index.html,예
geomdan-gu/아라동/shops/004/index.html,한국미인테라피,geomdan-gu/아라동/shops/한국미인테라피/index.html,예
geomdan-gu/아라동/shops/005/index.html,한국인골든테라피,geomdan-gu/아라동/shops/한국인골든테라피/index.html,예
geomdan-gu/오류왕길동/shops/001/index.html,오늘밤테라피,geomdan-gu/오류왕길동/shops/오늘밤테라피/index.html,예
geomdan-gu/오류왕길동/shops/002/index.html,쥬쥬테라피,geomdan-gu/오류왕길동/shops/쥬쥬테라피/index.html,예
geomdan-gu/오류왕길동/shops/003/index.html,퀸즈테라피,geomdan-gu/오류왕길동/shops/퀸즈테라피/index.html,예
geomdan-gu/오류왕길동/shops/004/index.html,한국미인테라피,geomdan-gu/오류왕길동/shops/한국미인테라피/index.html,예
geomdan-gu/오류왕길동/shops/005/index.html,한국인골든테라피,geomdan-gu/오류왕길동/shops/한국인골든테라피/index.html,예
geomdan-gu/원당동/shops/001/index.html,오늘밤테라피,geomdan-gu/원당동/shops/오늘밤테라피/index.html,예
geomdan-gu/원당동/shops/002/index.html,쥬쥬테라피,geomdan-gu/원당동/shops/쥬쥬테라피/index.html,예
geomdan-gu/원당동/shops/003/index.html,퀸즈테라피,geomdan-gu/원당동/shops/퀸즈테라피/index.html,예
geomdan-gu/원당동/shops/004/index.html,한국미인테라피,geomdan-gu/원당동/shops/한국미인테라피/index.html,예
geomdan-gu/원당동/shops/005/index.html,한국인골든테라피,geomdan-gu/원당동/shops/한국인골든테라피/index.html,예
geumcheon-gu/shops/001/index.html,쥬쥬테라피,geumcheon-gu/shops/001/index.html,아니오
geumcheon-gu/shops/002/index.html,한국인골든테라피,geumcheon-gu/shops/002/index.html,아니오
geumcheon-gu/shops/003/index.html,오늘밤테라피,geumcheon-gu/shops/003/index.html,아니오
geumcheon-gu/shops/004/index.html,퀸즈테라피,geumcheon-gu/shops/004/index.html,아니오
geumcheon-gu/shops/005/index.html,한국미인테라피,geumcheon-gu/shops/005/index.html,아니오
geumcheon-gu/가산동/shops/001/index.html,오늘밤테라피,geumcheon-gu/가산동/shops/오늘밤테라피/index.html,예
geumcheon-gu/가산동/shops/002/index.html,쥬쥬테라피,geumcheon-gu/가산동/shops/쥬쥬테라피/index.html,예
geumcheon-gu/가산동/shops/003/index.html,퀸즈테라피,geumcheon-gu/가산동/shops/퀸즈테라피/index.html,예
geumcheon-gu/가산동/shops/004/index.html,한국미인테라피,geumcheon-gu/가산동/shops/한국미인테라피/index.html,예
geumcheon-gu/가산동/shops/005/index.html,한국인골든테라피,geumcheon-gu/가산동/shops/한국인골든테라피/index.html,예
geumcheon-gu/독산동/shops/001/index.html,오늘밤테라피,geumcheon-gu/독산동/shops/오늘밤테라피/index.html,예
geumcheon-gu/독산동/shops/002/index.html,쥬쥬테라피,geumcheon-gu/독산동/shops/쥬쥬테라피/index.html,예
geumcheon-gu/독산동/shops/003/index.html,퀸즈테라피,geumcheon-gu/독산동/shops/퀸즈테라피/index.html,예
geumcheon-gu/독산동/shops/004/index.html,한국미인테라피,geumcheon-gu/독산동/shops/한국미인테라피/index.html,예
geumcheon-gu/독산동/shops/005/index.html,한국인골든테라피,geumcheon-gu/독산동/shops/한국인골든테라피/index.html,예
geumcheon-gu/시흥동/shops/001/index.html,오늘밤테라피,geumcheon-gu/시흥동/shops/오늘밤테라피/index.html,예
geumcheon-gu/시흥동/shops/002/index.html,쥬쥬테라피,geumcheon-gu/시흥동/shops/쥬쥬테라피/index.html,예
geumcheon-gu/시흥동/shops/003/index.html,퀸즈테라피,geumcheon-gu/시흥동/shops/퀸즈테라피/index.html,예
geumcheon-gu/시흥동/shops/004/index.html,한국미인테라피,geumcheon-gu/시흥동/shops/한국미인테라피/index.html,예
geumcheon-gu/시흥동/shops/005/index.html,한국인골든테라피,geumcheon-gu/시흥동/shops/한국인골든테라피/index.html,예
gimhae/shops/001/index.html,끌림테라피,gimhae/shops/001/index.html,아니오
gimhae/내외동/shops/001/index.html,끌림테라피,gimhae/내외동/shops/끌림테라피/index.html,예
gimhae/대동면/shops/001/index.html,끌림테라피,gimhae/대동면/shops/끌림테라피/index.html,예
gimhae/동상동/shops/001/index.html,끌림테라피,gimhae/동상동/shops/끌림테라피/index.html,예
gimhae/부원동/shops/001/index.html,끌림테라피,gimhae/부원동/shops/끌림테라피/index.html,예
gimhae/북부동/shops/001/index.html,끌림테라피,gimhae/북부동/shops/끌림테라피/index.html,예
gimhae/불암동/shops/001/index.html,끌림테라피,gimhae/불암동/shops/끌림테라피/index.html,예
gimhae/삼안동/shops/001/index.html,끌림테라피,gimhae/삼안동/shops/끌림테라피/index.html,예
gimhae/상동면/shops/001/index.html,끌림테라피,gimhae/상동면/shops/끌림테라피/index.html,예
gimhae/생림면/shops/001/index.html,끌림테라피,gimhae/생림면/shops/끌림테라피/index.html,예
gimhae/장유동/shops/001/index.html,끌림테라피,gimhae/장유동/shops/끌림테라피/index.html,예
gimhae/주촌면/shops/001/index.html,끌림테라피,gimhae/주촌면/shops/끌림테라피/index.html,예
gimhae/진례면/shops/001/index.html,끌림테라피,gimhae/진례면/shops/끌림테라피/index.html,예
gimhae/진영읍/shops/001/index.html,끌림테라피,gimhae/진영읍/shops/끌림테라피/index.html,예
gimhae/칠산서부동/shops/001/index.html,끌림테라피,gimhae/칠산서부동/shops/끌림테라피/index.html,예
gimhae/한림면/shops/001/index.html,끌림테라피,gimhae/한림면/shops/끌림테라피/index.html,예
gimhae/활천동/shops/001/index.html,끌림테라피,gimhae/활천동/shops/끌림테라피/index.html,예
gimhae/회현동/shops/001/index.html,끌림테라피,gimhae/회현동/shops/끌림테라피/index.html,예
gimpo/shops/001/index.html,쥬쥬테라피,gimpo/shops/001/index.html,아니오
gimpo/shops/002/index.html,한국인골든테라피,gimpo/shops/002/index.html,아니오
gimpo/shops/003/index.html,오늘밤테라피,gimpo/shops/003/index.html,아니오
gimpo/shops/004/index.html,퀸즈테라피,gimpo/shops/004/index.html,아니오
gimpo/shops/005/index.html,한국미인테라피,gimpo/shops/005/index.html,아니오
gimpo/고촌읍/shops/001/index.html,오늘밤테라피,gimpo/고촌읍/shops/오늘밤테라피/index.html,예
gimpo/고촌읍/shops/002/index.html,쥬쥬테라피,gimpo/고촌읍/shops/쥬쥬테라피/index.html,예
gimpo/고촌읍/shops/003/index.html,퀸즈테라피,gimpo/고촌읍/shops/퀸즈테라피/index.html,예
gimpo/고촌읍/shops/004/index.html,한국미인테라피,gimpo/고촌읍/shops/한국미인테라피/index.html,예
gimpo/고촌읍/shops/005/index.html,한국인골든테라피,gimpo/고촌읍/shops/한국인골든테라피/index.html,예
gimpo/구래동/shops/001/index.html,오늘밤테라피,gimpo/구래동/shops/오늘밤테라피/index.html,예
gimpo/구래동/shops/002/index.html,쥬쥬테라피,gimpo/구래동/shops/쥬쥬테라피/index.html,예
gimpo/구래동/shops/003/index.html,퀸즈테라피,gimpo/구래동/shops/퀸즈테라피/index.html,예
gimpo/구래동/shops/004/index.html,한국미인테라피,gimpo/구래동/shops/한국미인테라피/index.html,예
gimpo/구래동/shops/005/index.html,한국인골든테라피,gimpo/구래동/shops/한국인골든테라피/index.html,예
gimpo/김포본동/shops/001/index.html,오늘밤테라피,gimpo/김포본동/shops/오늘밤테라피/index.html,예
gimpo/김포본동/shops/002/index.html,쥬쥬테라피,gimpo/김포본동/shops/쥬쥬테라피/index.html,예
gimpo/김포본동/shops/003/index.html,퀸즈테라피,gimpo/김포본동/shops/퀸즈테라피/index.html,예
gimpo/김포본동/shops/004/index.html,한국미인테라피,gimpo/김포본동/shops/한국미인테라피/index.html,예
gimpo/김포본동/shops/005/index.html,한국인골든테라피,gimpo/김포본동/shops/한국인골든테라피/index.html,예
gimpo/대곶면/shops/001/index.html,오늘밤테라피,gimpo/대곶면/shops/오늘밤테라피/index.html,예
gimpo/대곶면/shops/002/index.html,쥬쥬테라피,gimpo/대곶면/shops/쥬쥬테라피/index.html,예
gimpo/대곶면/shops/003/index.html,퀸즈테라피,gimpo/대곶면/shops/퀸즈테라피/index.html,예
gimpo/대곶면/shops/004/index.html,한국미인테라피,gimpo/대곶면/shops/한국미인테라피/index.html,예
gimpo/대곶면/shops/005/index.html,한국인골든테라피,gimpo/대곶면/shops/한국인골든테라피/index.html,예
gimpo/마산동/shops/001/index.html,오늘밤테라피,gimpo/마산동/shops/오늘밤테라피/index.html,예
gimpo/마산동/shops/002/index.html,쥬쥬테라피,gimpo/마산동/shops/쥬쥬테라피/index.html,예
gimpo/마산동/shops/003/index.html,퀸즈테라피,gimpo/마산동/shops/퀸즈테라피/index.html,예
gimpo/마산동/shops/004/index.html,한국미인테라피,gimpo/마산동/shops/한국미인테라피/index.html,예
gimpo/마산동/shops/005/index.html,한국인골든테라피,gimpo/마산동/shops/한국인골든테라피/index.html,예
gimpo/사우동/shops/001/index.html,오늘밤테라피,gimpo/사우동/shops/오늘밤테라피/index.html,예
gimpo/사우동/shops/002/index.html,쥬쥬테라피,gimpo/사우동/shops/쥬쥬테라피/index.html,예
gimpo/사우동/shops/003/index.html,퀸즈테라피,gimpo/사우동/shops/퀸즈테라피/index.html,예
gimpo/사우동/shops/004/index.html,한국미인테라피,gimpo/사우동/shops/한국미인테라피/index.html,예
gimpo/사우동/shops/005/index.html,한국인골든테라피,gimpo/사우동/shops/한국인골든테라피/index.html,예
gimpo/양촌읍/shops/001/index.html,오늘밤테라피,gimpo/양촌읍/shops/오늘밤테라피/index.html,예
gimpo/양촌읍/shops/002/index.html,쥬쥬테라피,gimpo/양촌읍/shops/쥬쥬테라피/index.html,예
gimpo/양촌읍/shops/003/index.html,퀸즈테라피,gimpo/양촌읍/shops/퀸즈테라피/index.html,예
gimpo/양촌읍/shops/004/index.html,한국미인테라피,gimpo/양촌읍/shops/한국미인테라피/index.html,예
gimpo/양촌읍/shops/005/index.html,한국인골든테라피,gimpo/양촌읍/shops/한국인골든테라피/index.html,예
gimpo/운양동/shops/001/index.html,오늘밤테라피,gimpo/운양동/shops/오늘밤테라피/index.html,예
gimpo/운양동/shops/002/index.html,쥬쥬테라피,gimpo/운양동/shops/쥬쥬테라피/index.html,예
gimpo/운양동/shops/003/index.html,퀸즈테라피,gimpo/운양동/shops/퀸즈테라피/index.html,예
gimpo/운양동/shops/004/index.html,한국미인테라피,gimpo/운양동/shops/한국미인테라피/index.html,예
gimpo/운양동/shops/005/index.html,한국인골든테라피,gimpo/운양동/shops/한국인골든테라피/index.html,예
gimpo/월곶면/shops/001/index.html,오늘밤테라피,gimpo/월곶면/shops/오늘밤테라피/index.html,예
gimpo/월곶면/shops/002/index.html,쥬쥬테라피,gimpo/월곶면/shops/쥬쥬테라피/index.html,예
gimpo/월곶면/shops/003/index.html,퀸즈테라피,gimpo/월곶면/shops/퀸즈테라피/index.html,예
gimpo/월곶면/shops/004/index.html,한국미인테라피,gimpo/월곶면/shops/한국미인테라피/index.html,예
gimpo/월곶면/shops/005/index.html,한국인골든테라피,gimpo/월곶면/shops/한국인골든테라피/index.html,예
gimpo/장기동/shops/001/index.html,오늘밤테라피,gimpo/장기동/shops/오늘밤테라피/index.html,예
gimpo/장기동/shops/002/index.html,쥬쥬테라피,gimpo/장기동/shops/쥬쥬테라피/index.html,예
gimpo/장기동/shops/003/index.html,퀸즈테라피,gimpo/장기동/shops/퀸즈테라피/index.html,예
gimpo/장기동/shops/004/index.html,한국미인테라피,gimpo/장기동/shops/한국미인테라피/index.html,예
gimpo/장기동/shops/005/index.html,한국인골든테라피,gimpo/장기동/shops/한국인골든테라피/index.html,예
gimpo/장기본동/shops/001/index.html,오늘밤테라피,gimpo/장기본동/shops/오늘밤테라피/index.html,예
gimpo/장기본동/shops/002/index.html,쥬쥬테라피,gimpo/장기본동/shops/쥬쥬테라피/index.html,예
gimpo/장기본동/shops/003/index.html,퀸즈테라피,gimpo/장기본동/shops/퀸즈테라피/index.html,예
gimpo/장기본동/shops/004/index.html,한국미인테라피,gimpo/장기본동/shops/한국미인테라피/index.html,예
gimpo/장기본동/shops/005/index.html,한국인골든테라피,gimpo/장기본동/shops/한국인골든테라피/index.html,예
gimpo/통진읍/shops/001/index.html,오늘밤테라피,gimpo/통진읍/shops/오늘밤테라피/index.html,예
gimpo/통진읍/shops/002/index.html,쥬쥬테라피,gimpo/통진읍/shops/쥬쥬테라피/index.html,예
gimpo/통진읍/shops/003/index.html,퀸즈테라피,gimpo/통진읍/shops/퀸즈테라피/index.html,예
gimpo/통진읍/shops/004/index.html,한국미인테라피,gimpo/통진읍/shops/한국미인테라피/index.html,예
gimpo/통진읍/shops/005/index.html,한국인골든테라피,gimpo/통진읍/shops/한국인골든테라피/index.html,예
gimpo/풍무동/shops/001/index.html,오늘밤테라피,gimpo/풍무동/shops/오늘밤테라피/index.html,예
gimpo/풍무동/shops/002/index.html,쥬쥬테라피,gimpo/풍무동/shops/쥬쥬테라피/index.html,예
gimpo/풍무동/shops/003/index.html,퀸즈테라피,gimpo/풍무동/shops/퀸즈테라피/index.html,예
gimpo/풍무동/shops/004/index.html,한국미인테라피,gimpo/풍무동/shops/한국미인테라피/index.html,예
gimpo/풍무동/shops/005/index.html,한국인골든테라피,gimpo/풍무동/shops/한국인골든테라피/index.html,예
gimpo/하성면/shops/001/index.html,오늘밤테라피,gimpo/하성면/shops/오늘밤테라피/index.html,예
gimpo/하성면/shops/002/index.html,쥬쥬테라피,gimpo/하성면/shops/쥬쥬테라피/index.html,예
gimpo/하성면/shops/003/index.html,퀸즈테라피,gimpo/하성면/shops/퀸즈테라피/index.html,예
gimpo/하성면/shops/004/index.html,한국미인테라피,gimpo/하성면/shops/한국미인테라피/index.html,예
gimpo/하성면/shops/005/index.html,한국인골든테라피,gimpo/하성면/shops/한국인골든테라피/index.html,예
gongju/shops/001/index.html,S슬립테라피,gongju/shops/001/index.html,아니오
gongju/계룡면/shops/001/index.html,S슬립테라피,gongju/계룡면/shops/S슬립테라피/index.html,예
gongju/금학동/shops/001/index.html,S슬립테라피,gongju/금학동/shops/S슬립테라피/index.html,예
gongju/반포면/shops/001/index.html,S슬립테라피,gongju/반포면/shops/S슬립테라피/index.html,예
gongju/사곡면/shops/001/index.html,S슬립테라피,gongju/사곡면/shops/S슬립테라피/index.html,예
gongju/신관동/shops/001/index.html,S슬립테라피,gongju/신관동/shops/S슬립테라피/index.html,예
gongju/신풍면/shops/001/index.html,S슬립테라피,gongju/신풍면/shops/S슬립테라피/index.html,예
gongju/옥룡동/shops/001/index.html,S슬립테라피,gongju/옥룡동/shops/S슬립테라피/index.html,예
gongju/우성면/shops/001/index.html,S슬립테라피,gongju/우성면/shops/S슬립테라피/index.html,예
gongju/웅진동/shops/001/index.html,S슬립테라피,gongju/웅진동/shops/S슬립테라피/index.html,예
gongju/월송동/shops/001/index.html,S슬립테라피,gongju/월송동/shops/S슬립테라피/index.html,예
gongju/유구읍/shops/001/index.html,S슬립테라피,gongju/유구읍/shops/S슬립테라피/index.html,예
gongju/의당면/shops/001/index.html,S슬립테라피,gongju/의당면/shops/S슬립테라피/index.html,예
gongju/이인면/shops/001/index.html,S슬립테라피,gongju/이인면/shops/S슬립테라피/index.html,예
gongju/정안면/shops/001/index.html,S슬립테라피,gongju/정안면/shops/S슬립테라피/index.html,예
gongju/중학동/shops/001/index.html,S슬립테라피,gongju/중학동/shops/S슬립테라피/index.html,예
gongju/탄천면/shops/001/index.html,S슬립테라피,gongju/탄천면/shops/S슬립테라피/index.html,예
goyang/deogyang-gu/shops/001/index.html,쥬쥬테라피,goyang/deogyang-gu/shops/001/index.html,아니오
goyang/deogyang-gu/shops/002/index.html,한국인골든테라피,goyang/deogyang-gu/shops/002/index.html,아니오
goyang/deogyang-gu/shops/003/index.html,오늘밤테라피,goyang/deogyang-gu/shops/003/index.html,아니오
goyang/deogyang-gu/shops/004/index.html,퀸즈테라피,goyang/deogyang-gu/shops/004/index.html,아니오
goyang/deogyang-gu/shops/005/index.html,한국미인테라피,goyang/deogyang-gu/shops/005/index.html,아니오
goyang/deogyang-gu/고양동/shops/001/index.html,오늘밤테라피,goyang/deogyang-gu/고양동/shops/오늘밤테라피/index.html,예
goyang/deogyang-gu/고양동/shops/002/index.html,쥬쥬테라피,goyang/deogyang-gu/고양동/shops/쥬쥬테라피/index.html,예
goyang/deogyang-gu/고양동/shops/003/index.html,퀸즈테라피,goyang/deogyang-gu/고양동/shops/퀸즈테라피/index.html,예
goyang/deogyang-gu/고양동/shops/004/index.html,한국미인테라피,goyang/deogyang-gu/고양동/shops/한국미인테라피/index.html,예
goyang/deogyang-gu/고양동/shops/005/index.html,한국인골든테라피,goyang/deogyang-gu/고양동/shops/한국인골든테라피/index.html,예
goyang/deogyang-gu/관산동/shops/001/index.html,오늘밤테라피,goyang/deogyang-gu/관산동/shops/오늘밤테라피/index.html,예
goyang/deogyang-gu/관산동/shops/002/index.html,쥬쥬테라피,goyang/deogyang-gu/관산동/shops/쥬쥬테라피/index.html,예
goyang/deogyang-gu/관산동/shops/003/index.html,퀸즈테라피,goyang/deogyang-gu/관산동/shops/퀸즈테라피/index.html,예
goyang/deogyang-gu/관산동/shops/004/index.html,한국미인테라피,goyang/deogyang-gu/관산동/shops/한국미인테라피/index.html,예
goyang/deogyang-gu/관산동/shops/005/index.html,한국인골든테라피,goyang/deogyang-gu/관산동/shops/한국인골든테라피/index.html,예
goyang/deogyang-gu/능곡동/shops/001/index.html,오늘밤테라피,goyang/deogyang-gu/능곡동/shops/오늘밤테라피/index.html,예
goyang/deogyang-gu/능곡동/shops/002/index.html,쥬쥬테라피,goyang/deogyang-gu/능곡동/shops/쥬쥬테라피/index.html,예
goyang/deogyang-gu/능곡동/shops/003/index.html,퀸즈테라피,goyang/deogyang-gu/능곡동/shops/퀸즈테라피/index.html,예
goyang/deogyang-gu/능곡동/shops/004/index.html,한국미인테라피,goyang/deogyang-gu/능곡동/shops/한국미인테라피/index.html,예
goyang/deogyang-gu/능곡동/shops/005/index.html,한국인골든테라피,goyang/deogyang-gu/능곡동/shops/한국인골든테라피/index.html,예
goyang/deogyang-gu/대덕동/shops/001/index.html,오늘밤테라피,goyang/deogyang-gu/대덕동/shops/오늘밤테라피/index.html,예
goyang/deogyang-gu/대덕동/shops/002/index.html,쥬쥬테라피,goyang/deogyang-gu/대덕동/shops/쥬쥬테라피/index.html,예
goyang/deogyang-gu/대덕동/shops/003/index.html,퀸즈테라피,goyang/deogyang-gu/대덕동/shops/퀸즈테라피/index.html,예
goyang/deogyang-gu/대덕동/shops/004/index.html,한국미인테라피,goyang/deogyang-gu/대덕동/shops/한국미인테라피/index.html,예
goyang/deogyang-gu/대덕동/shops/005/index.html,한국인골든테라피,goyang/deogyang-gu/대덕동/shops/한국인골든테라피/index.html,예
goyang/deogyang-gu/삼송동/shops/001/index.html,오늘밤테라피,goyang/deogyang-gu/삼송동/shops/오늘밤테라피/index.html,예
goyang/deogyang-gu/삼송동/shops/002/index.html,쥬쥬테라피,goyang/deogyang-gu/삼송동/shops/쥬쥬테라피/index.html,예
goyang/deogyang-gu/삼송동/shops/003/index.html,퀸즈테라피,goyang/deogyang-gu/삼송동/shops/퀸즈테라피/index.html,예
goyang/deogyang-gu/삼송동/shops/004/index.html,한국미인테라피,goyang/deogyang-gu/삼송동/shops/한국미인테라피/index.html,예
goyang/deogyang-gu/삼송동/shops/005/index.html,한국인골든테라피,goyang/deogyang-gu/삼송동/shops/한국인골든테라피/index.html,예
goyang/deogyang-gu/성사동/shops/001/index.html,오늘밤테라피,goyang/deogyang-gu/성사동/shops/오늘밤테라피/index.html,예
goyang/deogyang-gu/성사동/shops/002/index.html,쥬쥬테라피,goyang/deogyang-gu/성사동/shops/쥬쥬테라피/index.html,예
goyang/deogyang-gu/성사동/shops/003/index.html,퀸즈테라피,goyang/deogyang-gu/성사동/shops/퀸즈테라피/index.html,예
goyang/deogyang-gu/성사동/shops/004/index.html,한국미인테라피,goyang/deogyang-gu/성사동/shops/한국미인테라피/index.html,예
goyang/deogyang-gu/성사동/shops/005/index.html,한국인골든테라피,goyang/deogyang-gu/성사동/shops/한국인골든테라피/index.html,예
goyang/deogyang-gu/원신동/shops/001/index.html,오늘밤테라피,goyang/deogyang-gu/원신동/shops/오늘밤테라피/index.html,예
goyang/deogyang-gu/원신동/shops/002/index.html,쥬쥬테라피,goyang/deogyang-gu/원신동/shops/쥬쥬테라피/index.html,예
goyang/deogyang-gu/원신동/shops/003/index.html,퀸즈테라피,goyang/deogyang-gu/원신동/shops/퀸즈테라피/index.html,예
goyang/deogyang-gu/원신동/shops/004/index.html,한국미인테라피,goyang/deogyang-gu/원신동/shops/한국미인테라피/index.html,예
goyang/deogyang-gu/원신동/shops/005/index.html,한국인골든테라피,goyang/deogyang-gu/원신동/shops/한국인골든테라피/index.html,예
goyang/deogyang-gu/주교동/shops/001/index.html,오늘밤테라피,goyang/deogyang-gu/주교동/shops/오늘밤테라피/index.html,예
goyang/deogyang-gu/주교동/shops/002/index.html,쥬쥬테라피,goyang/deogyang-gu/주교동/shops/쥬쥬테라피/index.html,예
goyang/deogyang-gu/주교동/shops/003/index.html,퀸즈테라피,goyang/deogyang-gu/주교동/shops/퀸즈테라피/index.html,예
goyang/deogyang-gu/주교동/shops/004/index.html,한국미인테라피,goyang/deogyang-gu/주교동/shops/한국미인테라피/index.html,예
goyang/deogyang-gu/주교동/shops/005/index.html,한국인골든테라피,goyang/deogyang-gu/주교동/shops/한국인골든테라피/index.html,예
goyang/deogyang-gu/창릉동/shops/001/index.html,오늘밤테라피,goyang/deogyang-gu/창릉동/shops/오늘밤테라피/index.html,예
goyang/deogyang-gu/창릉동/shops/002/index.html,쥬쥬테라피,goyang/deogyang-gu/창릉동/shops/쥬쥬테라피/index.html,예
goyang/deogyang-gu/창릉동/shops/003/index.html,퀸즈테라피,goyang/deogyang-gu/창릉동/shops/퀸즈테라피/index.html,예
goyang/deogyang-gu/창릉동/shops/004/index.html,한국미인테라피,goyang/deogyang-gu/창릉동/shops/한국미인테라피/index.html,예
goyang/deogyang-gu/창릉동/shops/005/index.html,한국인골든테라피,goyang/deogyang-gu/창릉동/shops/한국인골든테라피/index.html,예
goyang/deogyang-gu/행신동/shops/001/index.html,오늘밤테라피,goyang/deogyang-gu/행신동/shops/오늘밤테라피/index.html,예
goyang/deogyang-gu/행신동/shops/002/index.html,쥬쥬테라피,goyang/deogyang-gu/행신동/shops/쥬쥬테라피/index.html,예
goyang/deogyang-gu/행신동/shops/003/index.html,퀸즈테라피,goyang/deogyang-gu/행신동/shops/퀸즈테라피/index.html,예
goyang/deogyang-gu/행신동/shops/004/index.html,한국미인테라피,goyang/deogyang-gu/행신동/shops/한국미인테라피/index.html,예
goyang/deogyang-gu/행신동/shops/005/index.html,한국인골든테라피,goyang/deogyang-gu/행신동/shops/한국인골든테라피/index.html,예
goyang/deogyang-gu/행주동/shops/001/index.html,오늘밤테라피,goyang/deogyang-gu/행주동/shops/오늘밤테라피/index.html,예
goyang/deogyang-gu/행주동/shops/002/index.html,쥬쥬테라피,goyang/deogyang-gu/행주동/shops/쥬쥬테라피/index.html,예
goyang/deogyang-gu/행주동/shops/003/index.html,퀸즈테라피,goyang/deogyang-gu/행주동/shops/퀸즈테라피/index.html,예
goyang/deogyang-gu/행주동/shops/004/index.html,한국미인테라피,goyang/deogyang-gu/행주동/shops/한국미인테라피/index.html,예
goyang/deogyang-gu/행주동/shops/005/index.html,한국인골든테라피,goyang/deogyang-gu/행주동/shops/한국인골든테라피/index.html,예
goyang/deogyang-gu/화전동/shops/001/index.html,오늘밤테라피,goyang/deogyang-gu/화전동/shops/오늘밤테라피/index.html,예
goyang/deogyang-gu/화전동/shops/002/index.html,쥬쥬테라피,goyang/deogyang-gu/화전동/shops/쥬쥬테라피/index.html,예
goyang/deogyang-gu/화전동/shops/003/index.html,퀸즈테라피,goyang/deogyang-gu/화전동/shops/퀸즈테라피/index.html,예
goyang/deogyang-gu/화전동/shops/004/index.html,한국미인테라피,goyang/deogyang-gu/화전동/shops/한국미인테라피/index.html,예
goyang/deogyang-gu/화전동/shops/005/index.html,한국인골든테라피,goyang/deogyang-gu/화전동/shops/한국인골든테라피/index.html,예
goyang/deogyang-gu/화정동/shops/001/index.html,오늘밤테라피,goyang/deogyang-gu/화정동/shops/오늘밤테라피/index.html,예
goyang/deogyang-gu/화정동/shops/002/index.html,쥬쥬테라피,goyang/deogyang-gu/화정동/shops/쥬쥬테라피/index.html,예
goyang/deogyang-gu/화정동/shops/003/index.html,퀸즈테라피,goyang/deogyang-gu/화정동/shops/퀸즈테라피/index.html,예
goyang/deogyang-gu/화정동/shops/004/index.html,한국미인테라피,goyang/deogyang-gu/화정동/shops/한국미인테라피/index.html,예
goyang/deogyang-gu/화정동/shops/005/index.html,한국인골든테라피,goyang/deogyang-gu/화정동/shops/한국인골든테라피/index.html,예
goyang/deogyang-gu/효자동/shops/001/index.html,오늘밤테라피,goyang/deogyang-gu/효자동/shops/오늘밤테라피/index.html,예
goyang/deogyang-gu/효자동/shops/002/index.html,쥬쥬테라피,goyang/deogyang-gu/효자동/shops/쥬쥬테라피/index.html,예
goyang/deogyang-gu/효자동/shops/003/index.html,퀸즈테라피,goyang/deogyang-gu/효자동/shops/퀸즈테라피/index.html,예
goyang/deogyang-gu/효자동/shops/004/index.html,한국미인테라피,goyang/deogyang-gu/효자동/shops/한국미인테라피/index.html,예
goyang/deogyang-gu/효자동/shops/005/index.html,한국인골든테라피,goyang/deogyang-gu/효자동/shops/한국인골든테라피/index.html,예
goyang/deogyang-gu/흥도동/shops/001/index.html,오늘밤테라피,goyang/deogyang-gu/흥도동/shops/오늘밤테라피/index.html,예
goyang/deogyang-gu/흥도동/shops/002/index.html,쥬쥬테라피,goyang/deogyang-gu/흥도동/shops/쥬쥬테라피/index.html,예
goyang/deogyang-gu/흥도동/shops/003/index.html,퀸즈테라피,goyang/deogyang-gu/흥도동/shops/퀸즈테라피/index.html,예
goyang/deogyang-gu/흥도동/shops/004/index.html,한국미인테라피,goyang/deogyang-gu/흥도동/shops/한국미인테라피/index.html,예
goyang/deogyang-gu/흥도동/shops/005/index.html,한국인골든테라피,goyang/deogyang-gu/흥도동/shops/한국인골든테라피/index.html,예
goyang/ilsandong-gu/shops/001/index.html,쥬쥬테라피,goyang/ilsandong-gu/shops/001/index.html,아니오
goyang/ilsandong-gu/shops/002/index.html,한국인골든테라피,goyang/ilsandong-gu/shops/002/index.html,아니오
goyang/ilsandong-gu/shops/003/index.html,오늘밤테라피,goyang/ilsandong-gu/shops/003/index.html,아니오
goyang/ilsandong-gu/shops/004/index.html,퀸즈테라피,goyang/ilsandong-gu/shops/004/index.html,아니오
goyang/ilsandong-gu/shops/005/index.html,한국미인테라피,goyang/ilsandong-gu/shops/005/index.html,아니오
goyang/ilsandong-gu/고봉동/shops/001/index.html,오늘밤테라피,goyang/ilsandong-gu/고봉동/shops/오늘밤테라피/index.html,예
goyang/ilsandong-gu/고봉동/shops/002/index.html,쥬쥬테라피,goyang/ilsandong-gu/고봉동/shops/쥬쥬테라피/index.html,예
goyang/ilsandong-gu/고봉동/shops/003/index.html,퀸즈테라피,goyang/ilsandong-gu/고봉동/shops/퀸즈테라피/index.html,예
goyang/ilsandong-gu/고봉동/shops/004/index.html,한국미인테라피,goyang/ilsandong-gu/고봉동/shops/한국미인테라피/index.html,예
goyang/ilsandong-gu/고봉동/shops/005/index.html,한국인골든테라피,goyang/ilsandong-gu/고봉동/shops/한국인골든테라피/index.html,예
goyang/ilsandong-gu/마두동/shops/001/index.html,오늘밤테라피,goyang/ilsandong-gu/마두동/shops/오늘밤테라피/index.html,예
goyang/ilsandong-gu/마두동/shops/002/index.html,쥬쥬테라피,goyang/ilsandong-gu/마두동/shops/쥬쥬테라피/index.html,예
goyang/ilsandong-gu/마두동/shops/003/index.html,퀸즈테라피,goyang/ilsandong-gu/마두동/shops/퀸즈테라피/index.html,예
goyang/ilsandong-gu/마두동/shops/004/index.html,한국미인테라피,goyang/ilsandong-gu/마두동/shops/한국미인테라피/index.html,예
goyang/ilsandong-gu/마두동/shops/005/index.html,한국인골든테라피,goyang/ilsandong-gu/마두동/shops/한국인골든테라피/index.html,예
goyang/ilsandong-gu/백석동/shops/001/index.html,오늘밤테라피,goyang/ilsandong-gu/백석동/shops/오늘밤테라피/index.html,예
goyang/ilsandong-gu/백석동/shops/002/index.html,쥬쥬테라피,goyang/ilsandong-gu/백석동/shops/쥬쥬테라피/index.html,예
goyang/ilsandong-gu/백석동/shops/003/index.html,퀸즈테라피,goyang/ilsandong-gu/백석동/shops/퀸즈테라피/index.html,예
goyang/ilsandong-gu/백석동/shops/004/index.html,한국미인테라피,goyang/ilsandong-gu/백석동/shops/한국미인테라피/index.html,예
goyang/ilsandong-gu/백석동/shops/005/index.html,한국인골든테라피,goyang/ilsandong-gu/백석동/shops/한국인골든테라피/index.html,예
goyang/ilsandong-gu/식사동/shops/001/index.html,오늘밤테라피,goyang/ilsandong-gu/식사동/shops/오늘밤테라피/index.html,예
goyang/ilsandong-gu/식사동/shops/002/index.html,쥬쥬테라피,goyang/ilsandong-gu/식사동/shops/쥬쥬테라피/index.html,예
goyang/ilsandong-gu/식사동/shops/003/index.html,퀸즈테라피,goyang/ilsandong-gu/식사동/shops/퀸즈테라피/index.html,예
goyang/ilsandong-gu/식사동/shops/004/index.html,한국미인테라피,goyang/ilsandong-gu/식사동/shops/한국미인테라피/index.html,예
goyang/ilsandong-gu/식사동/shops/005/index.html,한국인골든테라피,goyang/ilsandong-gu/식사동/shops/한국인골든테라피/index.html,예
goyang/ilsandong-gu/장항동/shops/001/index.html,오늘밤테라피,goyang/ilsandong-gu/장항동/shops/오늘밤테라피/index.html,예
goyang/ilsandong-gu/장항동/shops/002/index.html,쥬쥬테라피,goyang/ilsandong-gu/장항동/shops/쥬쥬테라피/index.html,예
goyang/ilsandong-gu/장항동/shops/003/index.html,퀸즈테라피,goyang/ilsandong-gu/장항동/shops/퀸즈테라피/index.html,예
goyang/ilsandong-gu/장항동/shops/004/index.html,한국미인테라피,goyang/ilsandong-gu/장항동/shops/한국미인테라피/index.html,예
goyang/ilsandong-gu/장항동/shops/005/index.html,한국인골든테라피,goyang/ilsandong-gu/장항동/shops/한국인골든테라피/index.html,예
goyang/ilsandong-gu/정발산동/shops/001/index.html,오늘밤테라피,goyang/ilsandong-gu/정발산동/shops/오늘밤테라피/index.html,예
goyang/ilsandong-gu/정발산동/shops/002/index.html,쥬쥬테라피,goyang/ilsandong-gu/정발산동/shops/쥬쥬테라피/index.html,예
goyang/ilsandong-gu/정발산동/shops/003/index.html,퀸즈테라피,goyang/ilsandong-gu/정발산동/shops/퀸즈테라피/index.html,예
goyang/ilsandong-gu/정발산동/shops/004/index.html,한국미인테라피,goyang/ilsandong-gu/정발산동/shops/한국미인테라피/index.html,예
goyang/ilsandong-gu/정발산동/shops/005/index.html,한국인골든테라피,goyang/ilsandong-gu/정발산동/shops/한국인골든테라피/index.html,예
goyang/ilsandong-gu/중산동/shops/001/index.html,오늘밤테라피,goyang/ilsandong-gu/중산동/shops/오늘밤테라피/index.html,예
goyang/ilsandong-gu/중산동/shops/002/index.html,쥬쥬테라피,goyang/ilsandong-gu/중산동/shops/쥬쥬테라피/index.html,예
goyang/ilsandong-gu/중산동/shops/003/index.html,퀸즈테라피,goyang/ilsandong-gu/중산동/shops/퀸즈테라피/index.html,예
goyang/ilsandong-gu/중산동/shops/004/index.html,한국미인테라피,goyang/ilsandong-gu/중산동/shops/한국미인테라피/index.html,예
goyang/ilsandong-gu/중산동/shops/005/index.html,한국인골든테라피,goyang/ilsandong-gu/중산동/shops/한국인골든테라피/index.html,예
goyang/ilsandong-gu/풍산동/shops/001/index.html,오늘밤테라피,goyang/ilsandong-gu/풍산동/shops/오늘밤테라피/index.html,예
goyang/ilsandong-gu/풍산동/shops/002/index.html,쥬쥬테라피,goyang/ilsandong-gu/풍산동/shops/쥬쥬테라피/index.html,예
goyang/ilsandong-gu/풍산동/shops/003/index.html,퀸즈테라피,goyang/ilsandong-gu/풍산동/shops/퀸즈테라피/index.html,예
goyang/ilsandong-gu/풍산동/shops/004/index.html,한국미인테라피,goyang/ilsandong-gu/풍산동/shops/한국미인테라피/index.html,예
goyang/ilsandong-gu/풍산동/shops/005/index.html,한국인골든테라피,goyang/ilsandong-gu/풍산동/shops/한국인골든테라피/index.html,예
goyang/ilsanseo-gu/shops/001/index.html,쥬쥬테라피,goyang/ilsanseo-gu/shops/001/index.html,아니오
goyang/ilsanseo-gu/shops/002/index.html,한국인골든테라피,goyang/ilsanseo-gu/shops/002/index.html,아니오
goyang/ilsanseo-gu/shops/003/index.html,오늘밤테라피,goyang/ilsanseo-gu/shops/003/index.html,아니오
goyang/ilsanseo-gu/shops/004/index.html,퀸즈테라피,goyang/ilsanseo-gu/shops/004/index.html,아니오
goyang/ilsanseo-gu/shops/005/index.html,한국미인테라피,goyang/ilsanseo-gu/shops/005/index.html,아니오
goyang/ilsanseo-gu/가좌동/shops/001/index.html,오늘밤테라피,goyang/ilsanseo-gu/가좌동/shops/오늘밤테라피/index.html,예
goyang/ilsanseo-gu/가좌동/shops/002/index.html,쥬쥬테라피,goyang/ilsanseo-gu/가좌동/shops/쥬쥬테라피/index.html,예
goyang/ilsanseo-gu/가좌동/shops/003/index.html,퀸즈테라피,goyang/ilsanseo-gu/가좌동/shops/퀸즈테라피/index.html,예
goyang/ilsanseo-gu/가좌동/shops/004/index.html,한국미인테라피,goyang/ilsanseo-gu/가좌동/shops/한국미인테라피/index.html,예
goyang/ilsanseo-gu/가좌동/shops/005/index.html,한국인골든테라피,goyang/ilsanseo-gu/가좌동/shops/한국인골든테라피/index.html,예
goyang/ilsanseo-gu/대화동/shops/001/index.html,오늘밤테라피,goyang/ilsanseo-gu/대화동/shops/오늘밤테라피/index.html,예
goyang/ilsanseo-gu/대화동/shops/002/index.html,쥬쥬테라피,goyang/ilsanseo-gu/대화동/shops/쥬쥬테라피/index.html,예
goyang/ilsanseo-gu/대화동/shops/003/index.html,퀸즈테라피,goyang/ilsanseo-gu/대화동/shops/퀸즈테라피/index.html,예
goyang/ilsanseo-gu/대화동/shops/004/index.html,한국미인테라피,goyang/ilsanseo-gu/대화동/shops/한국미인테라피/index.html,예
goyang/ilsanseo-gu/대화동/shops/005/index.html,한국인골든테라피,goyang/ilsanseo-gu/대화동/shops/한국인골든테라피/index.html,예
goyang/ilsanseo-gu/덕이동/shops/001/index.html,오늘밤테라피,goyang/ilsanseo-gu/덕이동/shops/오늘밤테라피/index.html,예
goyang/ilsanseo-gu/덕이동/shops/002/index.html,쥬쥬테라피,goyang/ilsanseo-gu/덕이동/shops/쥬쥬테라피/index.html,예
goyang/ilsanseo-gu/덕이동/shops/003/index.html,퀸즈테라피,goyang/ilsanseo-gu/덕이동/shops/퀸즈테라피/index.html,예
goyang/ilsanseo-gu/덕이동/shops/004/index.html,한국미인테라피,goyang/ilsanseo-gu/덕이동/shops/한국미인테라피/index.html,예
goyang/ilsanseo-gu/덕이동/shops/005/index.html,한국인골든테라피,goyang/ilsanseo-gu/덕이동/shops/한국인골든테라피/index.html,예
goyang/ilsanseo-gu/송포동/shops/001/index.html,오늘밤테라피,goyang/ilsanseo-gu/송포동/shops/오늘밤테라피/index.html,예
goyang/ilsanseo-gu/송포동/shops/002/index.html,쥬쥬테라피,goyang/ilsanseo-gu/송포동/shops/쥬쥬테라피/index.html,예
goyang/ilsanseo-gu/송포동/shops/003/index.html,퀸즈테라피,goyang/ilsanseo-gu/송포동/shops/퀸즈테라피/index.html,예
goyang/ilsanseo-gu/송포동/shops/004/index.html,한국미인테라피,goyang/ilsanseo-gu/송포동/shops/한국미인테라피/index.html,예
goyang/ilsanseo-gu/송포동/shops/005/index.html,한국인골든테라피,goyang/ilsanseo-gu/송포동/shops/한국인골든테라피/index.html,예
goyang/ilsanseo-gu/일산동/shops/001/index.html,오늘밤테라피,goyang/ilsanseo-gu/일산동/shops/오늘밤테라피/index.html,예
goyang/ilsanseo-gu/일산동/shops/002/index.html,쥬쥬테라피,goyang/ilsanseo-gu/일산동/shops/쥬쥬테라피/index.html,예
goyang/ilsanseo-gu/일산동/shops/003/index.html,퀸즈테라피,goyang/ilsanseo-gu/일산동/shops/퀸즈테라피/index.html,예
goyang/ilsanseo-gu/일산동/shops/004/index.html,한국미인테라피,goyang/ilsanseo-gu/일산동/shops/한국미인테라피/index.html,예
goyang/ilsanseo-gu/일산동/shops/005/index.html,한국인골든테라피,goyang/ilsanseo-gu/일산동/shops/한국인골든테라피/index.html,예
goyang/ilsanseo-gu/주엽동/shops/001/index.html,오늘밤테라피,goyang/ilsanseo-gu/주엽동/shops/오늘밤테라피/index.html,예
goyang/ilsanseo-gu/주엽동/shops/002/index.html,쥬쥬테라피,goyang/ilsanseo-gu/주엽동/shops/쥬쥬테라피/index.html,예
goyang/ilsanseo-gu/주엽동/shops/003/index.html,퀸즈테라피,goyang/ilsanseo-gu/주엽동/shops/퀸즈테라피/index.html,예
goyang/ilsanseo-gu/주엽동/shops/004/index.html,한국미인테라피,goyang/ilsanseo-gu/주엽동/shops/한국미인테라피/index.html,예
goyang/ilsanseo-gu/주엽동/shops/005/index.html,한국인골든테라피,goyang/ilsanseo-gu/주엽동/shops/한국인골든테라피/index.html,예
goyang/ilsanseo-gu/탄현동/shops/001/index.html,오늘밤테라피,goyang/ilsanseo-gu/탄현동/shops/오늘밤테라피/index.html,예
goyang/ilsanseo-gu/탄현동/shops/002/index.html,쥬쥬테라피,goyang/ilsanseo-gu/탄현동/shops/쥬쥬테라피/index.html,예
goyang/ilsanseo-gu/탄현동/shops/003/index.html,퀸즈테라피,goyang/ilsanseo-gu/탄현동/shops/퀸즈테라피/index.html,예
goyang/ilsanseo-gu/탄현동/shops/004/index.html,한국미인테라피,goyang/ilsanseo-gu/탄현동/shops/한국미인테라피/index.html,예
goyang/ilsanseo-gu/탄현동/shops/005/index.html,한국인골든테라피,goyang/ilsanseo-gu/탄현동/shops/한국인골든테라피/index.html,예
goyang/shops/001/index.html,쥬쥬테라피,goyang/shops/001/index.html,아니오
goyang/shops/002/index.html,한국인골든테라피,goyang/shops/002/index.html,아니오
goyang/shops/003/index.html,오늘밤테라피,goyang/shops/003/index.html,아니오
goyang/shops/004/index.html,퀸즈테라피,goyang/shops/004/index.html,아니오
goyang/shops/005/index.html,한국미인테라피,goyang/shops/005/index.html,아니오
goyang/일산동/shops/001/index.html,오늘밤테라피,goyang/일산동/shops/오늘밤테라피/index.html,예
goyang/일산동/shops/002/index.html,쥬쥬테라피,goyang/일산동/shops/쥬쥬테라피/index.html,예
goyang/일산동/shops/003/index.html,퀸즈테라피,goyang/일산동/shops/퀸즈테라피/index.html,예
goyang/일산동/shops/004/index.html,한국미인테라피,goyang/일산동/shops/한국미인테라피/index.html,예
goyang/일산동/shops/005/index.html,한국인골든테라피,goyang/일산동/shops/한국인골든테라피/index.html,예
gunpo/shops/001/index.html,쥬쥬테라피,gunpo/shops/001/index.html,아니오
gunpo/shops/002/index.html,한국인골든테라피,gunpo/shops/002/index.html,아니오
gunpo/shops/003/index.html,오늘밤테라피,gunpo/shops/003/index.html,아니오
gunpo/shops/004/index.html,퀸즈테라피,gunpo/shops/004/index.html,아니오
gunpo/shops/005/index.html,한국미인테라피,gunpo/shops/005/index.html,아니오
gunpo/광정동/shops/001/index.html,오늘밤테라피,gunpo/광정동/shops/오늘밤테라피/index.html,예
gunpo/광정동/shops/002/index.html,쥬쥬테라피,gunpo/광정동/shops/쥬쥬테라피/index.html,예
gunpo/광정동/shops/003/index.html,퀸즈테라피,gunpo/광정동/shops/퀸즈테라피/index.html,예
gunpo/광정동/shops/004/index.html,한국미인테라피,gunpo/광정동/shops/한국미인테라피/index.html,예
gunpo/광정동/shops/005/index.html,한국인골든테라피,gunpo/광정동/shops/한국인골든테라피/index.html,예
gunpo/군포동/shops/001/index.html,오늘밤테라피,gunpo/군포동/shops/오늘밤테라피/index.html,예
gunpo/군포동/shops/002/index.html,쥬쥬테라피,gunpo/군포동/shops/쥬쥬테라피/index.html,예
gunpo/군포동/shops/003/index.html,퀸즈테라피,gunpo/군포동/shops/퀸즈테라피/index.html,예
gunpo/군포동/shops/004/index.html,한국미인테라피,gunpo/군포동/shops/한국미인테라피/index.html,예
gunpo/군포동/shops/005/index.html,한국인골든테라피,gunpo/군포동/shops/한국인골든테라피/index.html,예
gunpo/궁내동/shops/001/index.html,오늘밤테라피,gunpo/궁내동/shops/오늘밤테라피/index.html,예
gunpo/궁내동/shops/002/index.html,쥬쥬테라피,gunpo/궁내동/shops/쥬쥬테라피/index.html,예
gunpo/궁내동/shops/003/index.html,퀸즈테라피,gunpo/궁내동/shops/퀸즈테라피/index.html,예
gunpo/궁내동/shops/004/index.html,한국미인테라피,gunpo/궁내동/shops/한국미인테라피/index.html,예
gunpo/궁내동/shops/005/index.html,한국인골든테라피,gunpo/궁내동/shops/한국인골든테라피/index.html,예
gunpo/금정동/shops/001/index.html,오늘밤테라피,gunpo/금정동/shops/오늘밤테라피/index.html,예
gunpo/금정동/shops/002/index.html,쥬쥬테라피,gunpo/금정동/shops/쥬쥬테라피/index.html,예
gunpo/금정동/shops/003/index.html,퀸즈테라피,gunpo/금정동/shops/퀸즈테라피/index.html,예
gunpo/금정동/shops/004/index.html,한국미인테라피,gunpo/금정동/shops/한국미인테라피/index.html,예
gunpo/금정동/shops/005/index.html,한국인골든테라피,gunpo/금정동/shops/한국인골든테라피/index.html,예
gunpo/대야동/shops/001/index.html,오늘밤테라피,gunpo/대야동/shops/오늘밤테라피/index.html,예
gunpo/대야동/shops/002/index.html,쥬쥬테라피,gunpo/대야동/shops/쥬쥬테라피/index.html,예
gunpo/대야동/shops/003/index.html,퀸즈테라피,gunpo/대야동/shops/퀸즈테라피/index.html,예
gunpo/대야동/shops/004/index.html,한국미인테라피,gunpo/대야동/shops/한국미인테라피/index.html,예
gunpo/대야동/shops/005/index.html,한국인골든테라피,gunpo/대야동/shops/한국인골든테라피/index.html,예
gunpo/산본동/shops/001/index.html,오늘밤테라피,gunpo/산본동/shops/오늘밤테라피/index.html,예
gunpo/산본동/shops/002/index.html,쥬쥬테라피,gunpo/산본동/shops/쥬쥬테라피/index.html,예
gunpo/산본동/shops/003/index.html,퀸즈테라피,gunpo/산본동/shops/퀸즈테라피/index.html,예
gunpo/산본동/shops/004/index.html,한국미인테라피,gunpo/산본동/shops/한국미인테라피/index.html,예
gunpo/산본동/shops/005/index.html,한국인골든테라피,gunpo/산본동/shops/한국인골든테라피/index.html,예
gunpo/송부동/shops/001/index.html,오늘밤테라피,gunpo/송부동/shops/오늘밤테라피/index.html,예
gunpo/송부동/shops/002/index.html,쥬쥬테라피,gunpo/송부동/shops/쥬쥬테라피/index.html,예
gunpo/송부동/shops/003/index.html,퀸즈테라피,gunpo/송부동/shops/퀸즈테라피/index.html,예
gunpo/송부동/shops/004/index.html,한국미인테라피,gunpo/송부동/shops/한국미인테라피/index.html,예
gunpo/송부동/shops/005/index.html,한국인골든테라피,gunpo/송부동/shops/한국인골든테라피/index.html,예
gunpo/수리동/shops/001/index.html,오늘밤테라피,gunpo/수리동/shops/오늘밤테라피/index.html,예
gunpo/수리동/shops/002/index.html,쥬쥬테라피,gunpo/수리동/shops/쥬쥬테라피/index.html,예
gunpo/수리동/shops/003/index.html,퀸즈테라피,gunpo/수리동/shops/퀸즈테라피/index.html,예
gunpo/수리동/shops/004/index.html,한국미인테라피,gunpo/수리동/shops/한국미인테라피/index.html,예
gunpo/수리동/shops/005/index.html,한국인골든테라피,gunpo/수리동/shops/한국인골든테라피/index.html,예
gunpo/오금동/shops/001/index.html,오늘밤테라피,gunpo/오금동/shops/오늘밤테라피/index.html,예
gunpo/오금동/shops/002/index.html,쥬쥬테라피,gunpo/오금동/shops/쥬쥬테라피/index.html,예
gunpo/오금동/shops/003/index.html,퀸즈테라피,gunpo/오금동/shops/퀸즈테라피/index.html,예
gunpo/오금동/shops/004/index.html,한국미인테라피,gunpo/오금동/shops/한국미인테라피/index.html,예
gunpo/오금동/shops/005/index.html,한국인골든테라피,gunpo/오금동/shops/한국인골든테라피/index.html,예
gunpo/재궁동/shops/001/index.html,오늘밤테라피,gunpo/재궁동/shops/오늘밤테라피/index.html,예
gunpo/재궁동/shops/002/index.html,쥬쥬테라피,gunpo/재궁동/shops/쥬쥬테라피/index.html,예
gunpo/재궁동/shops/003/index.html,퀸즈테라피,gunpo/재궁동/shops/퀸즈테라피/index.html,예
gunpo/재궁동/shops/004/index.html,한국미인테라피,gunpo/재궁동/shops/한국미인테라피/index.html,예
gunpo/재궁동/shops/005/index.html,한국인골든테라피,gunpo/재궁동/shops/한국인골든테라피/index.html,예
guri/shops/001/index.html,쥬쥬테라피,guri/shops/001/index.html,아니오
guri/shops/002/index.html,한국인골든테라피,guri/shops/002/index.html,아니오
guri/shops/003/index.html,오늘밤테라피,guri/shops/003/index.html,아니오
guri/shops/004/index.html,퀸즈테라피,guri/shops/004/index.html,아니오
guri/shops/005/index.html,한국미인테라피,guri/shops/005/index.html,아니오
guri/갈매동/shops/001/index.html,오늘밤테라피,guri/갈매동/shops/오늘밤테라피/index.html,예
guri/갈매동/shops/002/index.html,쥬쥬테라피,guri/갈매동/shops/쥬쥬테라피/index.html,예
guri/갈매동/shops/003/index.html,퀸즈테라피,guri/갈매동/shops/퀸즈테라피/index.html,예
guri/갈매동/shops/004/index.html,한국미인테라피,guri/갈매동/shops/한국미인테라피/index.html,예
guri/갈매동/shops/005/index.html,한국인골든테라피,guri/갈매동/shops/한국인골든테라피/index.html,예
guri/교문동/shops/001/index.html,오늘밤테라피,guri/교문동/shops/오늘밤테라피/index.html,예
guri/교문동/shops/002/index.html,쥬쥬테라피,guri/교문동/shops/쥬쥬테라피/index.html,예
guri/교문동/shops/003/index.html,퀸즈테라피,guri/교문동/shops/퀸즈테라피/index.html,예
guri/교문동/shops/004/index.html,한국미인테라피,guri/교문동/shops/한국미인테라피/index.html,예
guri/교문동/shops/005/index.html,한국인골든테라피,guri/교문동/shops/한국인골든테라피/index.html,예
guri/동구동/shops/001/index.html,오늘밤테라피,guri/동구동/shops/오늘밤테라피/index.html,예
guri/동구동/shops/002/index.html,쥬쥬테라피,guri/동구동/shops/쥬쥬테라피/index.html,예
guri/동구동/shops/003/index.html,퀸즈테라피,guri/동구동/shops/퀸즈테라피/index.html,예
guri/동구동/shops/004/index.html,한국미인테라피,guri/동구동/shops/한국미인테라피/index.html,예
guri/동구동/shops/005/index.html,한국인골든테라피,guri/동구동/shops/한국인골든테라피/index.html,예
guri/수택동/shops/001/index.html,오늘밤테라피,guri/수택동/shops/오늘밤테라피/index.html,예
guri/수택동/shops/002/index.html,쥬쥬테라피,guri/수택동/shops/쥬쥬테라피/index.html,예
guri/수택동/shops/003/index.html,퀸즈테라피,guri/수택동/shops/퀸즈테라피/index.html,예
guri/수택동/shops/004/index.html,한국미인테라피,guri/수택동/shops/한국미인테라피/index.html,예
guri/수택동/shops/005/index.html,한국인골든테라피,guri/수택동/shops/한국인골든테라피/index.html,예
guri/인창동/shops/001/index.html,오늘밤테라피,guri/인창동/shops/오늘밤테라피/index.html,예
guri/인창동/shops/002/index.html,쥬쥬테라피,guri/인창동/shops/쥬쥬테라피/index.html,예
guri/인창동/shops/003/index.html,퀸즈테라피,guri/인창동/shops/퀸즈테라피/index.html,예
guri/인창동/shops/004/index.html,한국미인테라피,guri/인창동/shops/한국미인테라피/index.html,예
guri/인창동/shops/005/index.html,한국인골든테라피,guri/인창동/shops/한국인골든테라피/index.html,예
guro-gu/shops/001/index.html,쥬쥬테라피,guro-gu/shops/001/index.html,아니오
guro-gu/shops/002/index.html,한국인골든테라피,guro-gu/shops/002/index.html,아니오
guro-gu/shops/003/index.html,오늘밤테라피,guro-gu/shops/003/index.html,아니오
guro-gu/shops/004/index.html,퀸즈테라피,guro-gu/shops/004/index.html,아니오
guro-gu/shops/005/index.html,한국미인테라피,guro-gu/shops/005/index.html,아니오
guro-gu/가리봉동/shops/001/index.html,오늘밤테라피,guro-gu/가리봉동/shops/오늘밤테라피/index.html,예
guro-gu/가리봉동/shops/002/index.html,쥬쥬테라피,guro-gu/가리봉동/shops/쥬쥬테라피/index.html,예
guro-gu/가리봉동/shops/003/index.html,퀸즈테라피,guro-gu/가리봉동/shops/퀸즈테라피/index.html,예
guro-gu/가리봉동/shops/004/index.html,한국미인테라피,guro-gu/가리봉동/shops/한국미인테라피/index.html,예
guro-gu/가리봉동/shops/005/index.html,한국인골든테라피,guro-gu/가리봉동/shops/한국인골든테라피/index.html,예
guro-gu/개봉동/shops/001/index.html,오늘밤테라피,guro-gu/개봉동/shops/오늘밤테라피/index.html,예
guro-gu/개봉동/shops/002/index.html,쥬쥬테라피,guro-gu/개봉동/shops/쥬쥬테라피/index.html,예
guro-gu/개봉동/shops/003/index.html,퀸즈테라피,guro-gu/개봉동/shops/퀸즈테라피/index.html,예
guro-gu/개봉동/shops/004/index.html,한국미인테라피,guro-gu/개봉동/shops/한국미인테라피/index.html,예
guro-gu/개봉동/shops/005/index.html,한국인골든테라피,guro-gu/개봉동/shops/한국인골든테라피/index.html,예
guro-gu/고척동/shops/001/index.html,오늘밤테라피,guro-gu/고척동/shops/오늘밤테라피/index.html,예
guro-gu/고척동/shops/002/index.html,쥬쥬테라피,guro-gu/고척동/shops/쥬쥬테라피/index.html,예
guro-gu/고척동/shops/003/index.html,퀸즈테라피,guro-gu/고척동/shops/퀸즈테라피/index.html,예
guro-gu/고척동/shops/004/index.html,한국미인테라피,guro-gu/고척동/shops/한국미인테라피/index.html,예
guro-gu/고척동/shops/005/index.html,한국인골든테라피,guro-gu/고척동/shops/한국인골든테라피/index.html,예
guro-gu/구로동/shops/001/index.html,오늘밤테라피,guro-gu/구로동/shops/오늘밤테라피/index.html,예
guro-gu/구로동/shops/002/index.html,쥬쥬테라피,guro-gu/구로동/shops/쥬쥬테라피/index.html,예
guro-gu/구로동/shops/003/index.html,퀸즈테라피,guro-gu/구로동/shops/퀸즈테라피/index.html,예
guro-gu/구로동/shops/004/index.html,한국미인테라피,guro-gu/구로동/shops/한국미인테라피/index.html,예
guro-gu/구로동/shops/005/index.html,한국인골든테라피,guro-gu/구로동/shops/한국인골든테라피/index.html,예
guro-gu/수궁동/shops/001/index.html,오늘밤테라피,guro-gu/수궁동/shops/오늘밤테라피/index.html,예
guro-gu/수궁동/shops/002/index.html,쥬쥬테라피,guro-gu/수궁동/shops/쥬쥬테라피/index.html,예
guro-gu/수궁동/shops/003/index.html,퀸즈테라피,guro-gu/수궁동/shops/퀸즈테라피/index.html,예
guro-gu/수궁동/shops/004/index.html,한국미인테라피,guro-gu/수궁동/shops/한국미인테라피/index.html,예
guro-gu/수궁동/shops/005/index.html,한국인골든테라피,guro-gu/수궁동/shops/한국인골든테라피/index.html,예
guro-gu/신도림동/shops/001/index.html,오늘밤테라피,guro-gu/신도림동/shops/오늘밤테라피/index.html,예
guro-gu/신도림동/shops/002/index.html,쥬쥬테라피,guro-gu/신도림동/shops/쥬쥬테라피/index.html,예
guro-gu/신도림동/shops/003/index.html,퀸즈테라피,guro-gu/신도림동/shops/퀸즈테라피/index.html,예
guro-gu/신도림동/shops/004/index.html,한국미인테라피,guro-gu/신도림동/shops/한국미인테라피/index.html,예
guro-gu/신도림동/shops/005/index.html,한국인골든테라피,guro-gu/신도림동/shops/한국인골든테라피/index.html,예
guro-gu/오류동/shops/001/index.html,오늘밤테라피,guro-gu/오류동/shops/오늘밤테라피/index.html,예
guro-gu/오류동/shops/002/index.html,쥬쥬테라피,guro-gu/오류동/shops/쥬쥬테라피/index.html,예
guro-gu/오류동/shops/003/index.html,퀸즈테라피,guro-gu/오류동/shops/퀸즈테라피/index.html,예
guro-gu/오류동/shops/004/index.html,한국미인테라피,guro-gu/오류동/shops/한국미인테라피/index.html,예
guro-gu/오류동/shops/005/index.html,한국인골든테라피,guro-gu/오류동/shops/한국인골든테라피/index.html,예
guro-gu/항동/shops/001/index.html,오늘밤테라피,guro-gu/항동/shops/오늘밤테라피/index.html,예
guro-gu/항동/shops/002/index.html,쥬쥬테라피,guro-gu/항동/shops/쥬쥬테라피/index.html,예
guro-gu/항동/shops/003/index.html,퀸즈테라피,guro-gu/항동/shops/퀸즈테라피/index.html,예
guro-gu/항동/shops/004/index.html,한국미인테라피,guro-gu/항동/shops/한국미인테라피/index.html,예
guro-gu/항동/shops/005/index.html,한국인골든테라피,guro-gu/항동/shops/한국인골든테라피/index.html,예
gwacheon/shops/001/index.html,쥬쥬테라피,gwacheon/shops/001/index.html,아니오
gwacheon/shops/002/index.html,한국인골든테라피,gwacheon/shops/002/index.html,아니오
gwacheon/shops/003/index.html,오늘밤테라피,gwacheon/shops/003/index.html,아니오
gwacheon/shops/004/index.html,퀸즈테라피,gwacheon/shops/004/index.html,아니오
gwacheon/shops/005/index.html,한국미인테라피,gwacheon/shops/005/index.html,아니오
gwacheon/갈현동/shops/001/index.html,오늘밤테라피,gwacheon/갈현동/shops/오늘밤테라피/index.html,예
gwacheon/갈현동/shops/002/index.html,쥬쥬테라피,gwacheon/갈현동/shops/쥬쥬테라피/index.html,예
gwacheon/갈현동/shops/003/index.html,퀸즈테라피,gwacheon/갈현동/shops/퀸즈테라피/index.html,예
gwacheon/갈현동/shops/004/index.html,한국미인테라피,gwacheon/갈현동/shops/한국미인테라피/index.html,예
gwacheon/갈현동/shops/005/index.html,한국인골든테라피,gwacheon/갈현동/shops/한국인골든테라피/index.html,예
gwacheon/과천동/shops/001/index.html,오늘밤테라피,gwacheon/과천동/shops/오늘밤테라피/index.html,예
gwacheon/과천동/shops/002/index.html,쥬쥬테라피,gwacheon/과천동/shops/쥬쥬테라피/index.html,예
gwacheon/과천동/shops/003/index.html,퀸즈테라피,gwacheon/과천동/shops/퀸즈테라피/index.html,예
gwacheon/과천동/shops/004/index.html,한국미인테라피,gwacheon/과천동/shops/한국미인테라피/index.html,예
gwacheon/과천동/shops/005/index.html,한국인골든테라피,gwacheon/과천동/shops/한국인골든테라피/index.html,예
gwacheon/문원동/shops/001/index.html,오늘밤테라피,gwacheon/문원동/shops/오늘밤테라피/index.html,예
gwacheon/문원동/shops/002/index.html,쥬쥬테라피,gwacheon/문원동/shops/쥬쥬테라피/index.html,예
gwacheon/문원동/shops/003/index.html,퀸즈테라피,gwacheon/문원동/shops/퀸즈테라피/index.html,예
gwacheon/문원동/shops/004/index.html,한국미인테라피,gwacheon/문원동/shops/한국미인테라피/index.html,예
gwacheon/문원동/shops/005/index.html,한국인골든테라피,gwacheon/문원동/shops/한국인골든테라피/index.html,예
gwacheon/별양동/shops/001/index.html,오늘밤테라피,gwacheon/별양동/shops/오늘밤테라피/index.html,예
gwacheon/별양동/shops/002/index.html,쥬쥬테라피,gwacheon/별양동/shops/쥬쥬테라피/index.html,예
gwacheon/별양동/shops/003/index.html,퀸즈테라피,gwacheon/별양동/shops/퀸즈테라피/index.html,예
gwacheon/별양동/shops/004/index.html,한국미인테라피,gwacheon/별양동/shops/한국미인테라피/index.html,예
gwacheon/별양동/shops/005/index.html,한국인골든테라피,gwacheon/별양동/shops/한국인골든테라피/index.html,예
gwacheon/부림동/shops/001/index.html,오늘밤테라피,gwacheon/부림동/shops/오늘밤테라피/index.html,예
gwacheon/부림동/shops/002/index.html,쥬쥬테라피,gwacheon/부림동/shops/쥬쥬테라피/index.html,예
gwacheon/부림동/shops/003/index.html,퀸즈테라피,gwacheon/부림동/shops/퀸즈테라피/index.html,예
gwacheon/부림동/shops/004/index.html,한국미인테라피,gwacheon/부림동/shops/한국미인테라피/index.html,예
gwacheon/부림동/shops/005/index.html,한국인골든테라피,gwacheon/부림동/shops/한국인골든테라피/index.html,예
gwacheon/원문동/shops/001/index.html,오늘밤테라피,gwacheon/원문동/shops/오늘밤테라피/index.html,예
gwacheon/원문동/shops/002/index.html,쥬쥬테라피,gwacheon/원문동/shops/쥬쥬테라피/index.html,예
gwacheon/원문동/shops/003/index.html,퀸즈테라피,gwacheon/원문동/shops/퀸즈테라피/index.html,예
gwacheon/원문동/shops/004/index.html,한국미인테라피,gwacheon/원문동/shops/한국미인테라피/index.html,예
gwacheon/원문동/shops/005/index.html,한국인골든테라피,gwacheon/원문동/shops/한국인골든테라피/index.html,예
gwacheon/중앙동/shops/001/index.html,오늘밤테라피,gwacheon/중앙동/shops/오늘밤테라피/index.html,예
gwacheon/중앙동/shops/002/index.html,쥬쥬테라피,gwacheon/중앙동/shops/쥬쥬테라피/index.html,예
gwacheon/중앙동/shops/003/index.html,퀸즈테라피,gwacheon/중앙동/shops/퀸즈테라피/index.html,예
gwacheon/중앙동/shops/004/index.html,한국미인테라피,gwacheon/중앙동/shops/한국미인테라피/index.html,예
gwacheon/중앙동/shops/005/index.html,한국인골든테라피,gwacheon/중앙동/shops/한국인골든테라피/index.html,예
gwanak-gu/shops/001/index.html,쥬쥬테라피,gwanak-gu/shops/001/index.html,아니오
gwanak-gu/shops/002/index.html,한국인골든테라피,gwanak-gu/shops/002/index.html,아니오
gwanak-gu/shops/003/index.html,오늘밤테라피,gwanak-gu/shops/003/index.html,아니오
gwanak-gu/shops/004/index.html,퀸즈테라피,gwanak-gu/shops/004/index.html,아니오
gwanak-gu/shops/005/index.html,한국미인테라피,gwanak-gu/shops/005/index.html,아니오
gwanak-gu/낙성대동/shops/001/index.html,오늘밤테라피,gwanak-gu/낙성대동/shops/오늘밤테라피/index.html,예
gwanak-gu/낙성대동/shops/002/index.html,쥬쥬테라피,gwanak-gu/낙성대동/shops/쥬쥬테라피/index.html,예
gwanak-gu/낙성대동/shops/003/index.html,퀸즈테라피,gwanak-gu/낙성대동/shops/퀸즈테라피/index.html,예
gwanak-gu/낙성대동/shops/004/index.html,한국미인테라피,gwanak-gu/낙성대동/shops/한국미인테라피/index.html,예
gwanak-gu/낙성대동/shops/005/index.html,한국인골든테라피,gwanak-gu/낙성대동/shops/한국인골든테라피/index.html,예
gwanak-gu/난곡동/shops/001/index.html,오늘밤테라피,gwanak-gu/난곡동/shops/오늘밤테라피/index.html,예
gwanak-gu/난곡동/shops/002/index.html,쥬쥬테라피,gwanak-gu/난곡동/shops/쥬쥬테라피/index.html,예
gwanak-gu/난곡동/shops/003/index.html,퀸즈테라피,gwanak-gu/난곡동/shops/퀸즈테라피/index.html,예
gwanak-gu/난곡동/shops/004/index.html,한국미인테라피,gwanak-gu/난곡동/shops/한국미인테라피/index.html,예
gwanak-gu/난곡동/shops/005/index.html,한국인골든테라피,gwanak-gu/난곡동/shops/한국인골든테라피/index.html,예
gwanak-gu/난향동/shops/001/index.html,오늘밤테라피,gwanak-gu/난향동/shops/오늘밤테라피/index.html,예
gwanak-gu/난향동/shops/002/index.html,쥬쥬테라피,gwanak-gu/난향동/shops/쥬쥬테라피/index.html,예
gwanak-gu/난향동/shops/003/index.html,퀸즈테라피,gwanak-gu/난향동/shops/퀸즈테라피/index.html,예
gwanak-gu/난향동/shops/004/index.html,한국미인테라피,gwanak-gu/난향동/shops/한국미인테라피/index.html,예
gwanak-gu/난향동/shops/005/index.html,한국인골든테라피,gwanak-gu/난향동/shops/한국인골든테라피/index.html,예
gwanak-gu/남현동/shops/001/index.html,오늘밤테라피,gwanak-gu/남현동/shops/오늘밤테라피/index.html,예
gwanak-gu/남현동/shops/002/index.html,쥬쥬테라피,gwanak-gu/남현동/shops/쥬쥬테라피/index.html,예
gwanak-gu/남현동/shops/003/index.html,퀸즈테라피,gwanak-gu/남현동/shops/퀸즈테라피/index.html,예
gwanak-gu/남현동/shops/004/index.html,한국미인테라피,gwanak-gu/남현동/shops/한국미인테라피/index.html,예
gwanak-gu/남현동/shops/005/index.html,한국인골든테라피,gwanak-gu/남현동/shops/한국인골든테라피/index.html,예
gwanak-gu/대학동/shops/001/index.html,오늘밤테라피,gwanak-gu/대학동/shops/오늘밤테라피/index.html,예
gwanak-gu/대학동/shops/002/index.html,쥬쥬테라피,gwanak-gu/대학동/shops/쥬쥬테라피/index.html,예
gwanak-gu/대학동/shops/003/index.html,퀸즈테라피,gwanak-gu/대학동/shops/퀸즈테라피/index.html,예
gwanak-gu/대학동/shops/004/index.html,한국미인테라피,gwanak-gu/대학동/shops/한국미인테라피/index.html,예
gwanak-gu/대학동/shops/005/index.html,한국인골든테라피,gwanak-gu/대학동/shops/한국인골든테라피/index.html,예
gwanak-gu/미성동/shops/001/index.html,오늘밤테라피,gwanak-gu/미성동/shops/오늘밤테라피/index.html,예
gwanak-gu/미성동/shops/002/index.html,쥬쥬테라피,gwanak-gu/미성동/shops/쥬쥬테라피/index.html,예
gwanak-gu/미성동/shops/003/index.html,퀸즈테라피,gwanak-gu/미성동/shops/퀸즈테라피/index.html,예
gwanak-gu/미성동/shops/004/index.html,한국미인테라피,gwanak-gu/미성동/shops/한국미인테라피/index.html,예
gwanak-gu/미성동/shops/005/index.html,한국인골든테라피,gwanak-gu/미성동/shops/한국인골든테라피/index.html,예
gwanak-gu/보라매동/shops/001/index.html,오늘밤테라피,gwanak-gu/보라매동/shops/오늘밤테라피/index.html,예
gwanak-gu/보라매동/shops/002/index.html,쥬쥬테라피,gwanak-gu/보라매동/shops/쥬쥬테라피/index.html,예
gwanak-gu/보라매동/shops/003/index.html,퀸즈테라피,gwanak-gu/보라매동/shops/퀸즈테라피/index.html,예
gwanak-gu/보라매동/shops/004/index.html,한국미인테라피,gwanak-gu/보라매동/shops/한국미인테라피/index.html,예
gwanak-gu/보라매동/shops/005/index.html,한국인골든테라피,gwanak-gu/보라매동/shops/한국인골든테라피/index.html,예
gwanak-gu/삼성동/shops/001/index.html,오늘밤테라피,gwanak-gu/삼성동/shops/오늘밤테라피/index.html,예
gwanak-gu/삼성동/shops/002/index.html,쥬쥬테라피,gwanak-gu/삼성동/shops/쥬쥬테라피/index.html,예
gwanak-gu/삼성동/shops/003/index.html,퀸즈테라피,gwanak-gu/삼성동/shops/퀸즈테라피/index.html,예
gwanak-gu/삼성동/shops/004/index.html,한국미인테라피,gwanak-gu/삼성동/shops/한국미인테라피/index.html,예
gwanak-gu/삼성동/shops/005/index.html,한국인골든테라피,gwanak-gu/삼성동/shops/한국인골든테라피/index.html,예
gwanak-gu/서림동/shops/001/index.html,오늘밤테라피,gwanak-gu/서림동/shops/오늘밤테라피/index.html,예
gwanak-gu/서림동/shops/002/index.html,쥬쥬테라피,gwanak-gu/서림동/shops/쥬쥬테라피/index.html,예
gwanak-gu/서림동/shops/003/index.html,퀸즈테라피,gwanak-gu/서림동/shops/퀸즈테라피/index.html,예
gwanak-gu/서림동/shops/004/index.html,한국미인테라피,gwanak-gu/서림동/shops/한국미인테라피/index.html,예
gwanak-gu/서림동/shops/005/index.html,한국인골든테라피,gwanak-gu/서림동/shops/한국인골든테라피/index.html,예
gwanak-gu/서원동/shops/001/index.html,오늘밤테라피,gwanak-gu/서원동/shops/오늘밤테라피/index.html,예
gwanak-gu/서원동/shops/002/index.html,쥬쥬테라피,gwanak-gu/서원동/shops/쥬쥬테라피/index.html,예
gwanak-gu/서원동/shops/003/index.html,퀸즈테라피,gwanak-gu/서원동/shops/퀸즈테라피/index.html,예
gwanak-gu/서원동/shops/004/index.html,한국미인테라피,gwanak-gu/서원동/shops/한국미인테라피/index.html,예
gwanak-gu/서원동/shops/005/index.html,한국인골든테라피,gwanak-gu/서원동/shops/한국인골든테라피/index.html,예
gwanak-gu/성현동/shops/001/index.html,오늘밤테라피,gwanak-gu/성현동/shops/오늘밤테라피/index.html,예
gwanak-gu/성현동/shops/002/index.html,쥬쥬테라피,gwanak-gu/성현동/shops/쥬쥬테라피/index.html,예
gwanak-gu/성현동/shops/003/index.html,퀸즈테라피,gwanak-gu/성현동/shops/퀸즈테라피/index.html,예
gwanak-gu/성현동/shops/004/index.html,한국미인테라피,gwanak-gu/성현동/shops/한국미인테라피/index.html,예
gwanak-gu/성현동/shops/005/index.html,한국인골든테라피,gwanak-gu/성현동/shops/한국인골든테라피/index.html,예
gwanak-gu/신림동/shops/001/index.html,오늘밤테라피,gwanak-gu/신림동/shops/오늘밤테라피/index.html,예
gwanak-gu/신림동/shops/002/index.html,쥬쥬테라피,gwanak-gu/신림동/shops/쥬쥬테라피/index.html,예
gwanak-gu/신림동/shops/003/index.html,퀸즈테라피,gwanak-gu/신림동/shops/퀸즈테라피/index.html,예
gwanak-gu/신림동/shops/004/index.html,한국미인테라피,gwanak-gu/신림동/shops/한국미인테라피/index.html,예
gwanak-gu/신림동/shops/005/index.html,한국인골든테라피,gwanak-gu/신림동/shops/한국인골든테라피/index.html,예
gwanak-gu/신사동/shops/001/index.html,오늘밤테라피,gwanak-gu/신사동/shops/오늘밤테라피/index.html,예
gwanak-gu/신사동/shops/002/index.html,쥬쥬테라피,gwanak-gu/신사동/shops/쥬쥬테라피/index.html,예
gwanak-gu/신사동/shops/003/index.html,퀸즈테라피,gwanak-gu/신사동/shops/퀸즈테라피/index.html,예
gwanak-gu/신사동/shops/004/index.html,한국미인테라피,gwanak-gu/신사동/shops/한국미인테라피/index.html,예
gwanak-gu/신사동/shops/005/index.html,한국인골든테라피,gwanak-gu/신사동/shops/한국인골든테라피/index.html,예
gwanak-gu/신원동/shops/001/index.html,오늘밤테라피,gwanak-gu/신원동/shops/오늘밤테라피/index.html,예
gwanak-gu/신원동/shops/002/index.html,쥬쥬테라피,gwanak-gu/신원동/shops/쥬쥬테라피/index.html,예
gwanak-gu/신원동/shops/003/index.html,퀸즈테라피,gwanak-gu/신원동/shops/퀸즈테라피/index.html,예
gwanak-gu/신원동/shops/004/index.html,한국미인테라피,gwanak-gu/신원동/shops/한국미인테라피/index.html,예
gwanak-gu/신원동/shops/005/index.html,한국인골든테라피,gwanak-gu/신원동/shops/한국인골든테라피/index.html,예
gwanak-gu/은천동/shops/001/index.html,오늘밤테라피,gwanak-gu/은천동/shops/오늘밤테라피/index.html,예
gwanak-gu/은천동/shops/002/index.html,쥬쥬테라피,gwanak-gu/은천동/shops/쥬쥬테라피/index.html,예
gwanak-gu/은천동/shops/003/index.html,퀸즈테라피,gwanak-gu/은천동/shops/퀸즈테라피/index.html,예
gwanak-gu/은천동/shops/004/index.html,한국미인테라피,gwanak-gu/은천동/shops/한국미인테라피/index.html,예
gwanak-gu/은천동/shops/005/index.html,한국인골든테라피,gwanak-gu/은천동/shops/한국인골든테라피/index.html,예
gwanak-gu/인헌동/shops/001/index.html,오늘밤테라피,gwanak-gu/인헌동/shops/오늘밤테라피/index.html,예
gwanak-gu/인헌동/shops/002/index.html,쥬쥬테라피,gwanak-gu/인헌동/shops/쥬쥬테라피/index.html,예
gwanak-gu/인헌동/shops/003/index.html,퀸즈테라피,gwanak-gu/인헌동/shops/퀸즈테라피/index.html,예
gwanak-gu/인헌동/shops/004/index.html,한국미인테라피,gwanak-gu/인헌동/shops/한국미인테라피/index.html,예
gwanak-gu/인헌동/shops/005/index.html,한국인골든테라피,gwanak-gu/인헌동/shops/한국인골든테라피/index.html,예
gwanak-gu/조원동/shops/001/index.html,오늘밤테라피,gwanak-gu/조원동/shops/오늘밤테라피/index.html,예
gwanak-gu/조원동/shops/002/index.html,쥬쥬테라피,gwanak-gu/조원동/shops/쥬쥬테라피/index.html,예
gwanak-gu/조원동/shops/003/index.html,퀸즈테라피,gwanak-gu/조원동/shops/퀸즈테라피/index.html,예
gwanak-gu/조원동/shops/004/index.html,한국미인테라피,gwanak-gu/조원동/shops/한국미인테라피/index.html,예
gwanak-gu/조원동/shops/005/index.html,한국인골든테라피,gwanak-gu/조원동/shops/한국인골든테라피/index.html,예
gwanak-gu/중앙동/shops/001/index.html,오늘밤테라피,gwanak-gu/중앙동/shops/오늘밤테라피/index.html,예
gwanak-gu/중앙동/shops/002/index.html,쥬쥬테라피,gwanak-gu/중앙동/shops/쥬쥬테라피/index.html,예
gwanak-gu/중앙동/shops/003/index.html,퀸즈테라피,gwanak-gu/중앙동/shops/퀸즈테라피/index.html,예
gwanak-gu/중앙동/shops/004/index.html,한국미인테라피,gwanak-gu/중앙동/shops/한국미인테라피/index.html,예
gwanak-gu/중앙동/shops/005/index.html,한국인골든테라피,gwanak-gu/중앙동/shops/한국인골든테라피/index.html,예
gwanak-gu/청룡동/shops/001/index.html,오늘밤테라피,gwanak-gu/청룡동/shops/오늘밤테라피/index.html,예
gwanak-gu/청룡동/shops/002/index.html,쥬쥬테라피,gwanak-gu/청룡동/shops/쥬쥬테라피/index.html,예
gwanak-gu/청룡동/shops/003/index.html,퀸즈테라피,gwanak-gu/청룡동/shops/퀸즈테라피/index.html,예
gwanak-gu/청룡동/shops/004/index.html,한국미인테라피,gwanak-gu/청룡동/shops/한국미인테라피/index.html,예
gwanak-gu/청룡동/shops/005/index.html,한국인골든테라피,gwanak-gu/청룡동/shops/한국인골든테라피/index.html,예
gwanak-gu/청림동/shops/001/index.html,오늘밤테라피,gwanak-gu/청림동/shops/오늘밤테라피/index.html,예
gwanak-gu/청림동/shops/002/index.html,쥬쥬테라피,gwanak-gu/청림동/shops/쥬쥬테라피/index.html,예
gwanak-gu/청림동/shops/003/index.html,퀸즈테라피,gwanak-gu/청림동/shops/퀸즈테라피/index.html,예
gwanak-gu/청림동/shops/004/index.html,한국미인테라피,gwanak-gu/청림동/shops/한국미인테라피/index.html,예
gwanak-gu/청림동/shops/005/index.html,한국인골든테라피,gwanak-gu/청림동/shops/한국인골든테라피/index.html,예
gwanak-gu/행운동/shops/001/index.html,오늘밤테라피,gwanak-gu/행운동/shops/오늘밤테라피/index.html,예
gwanak-gu/행운동/shops/002/index.html,쥬쥬테라피,gwanak-gu/행운동/shops/쥬쥬테라피/index.html,예
gwanak-gu/행운동/shops/003/index.html,퀸즈테라피,gwanak-gu/행운동/shops/퀸즈테라피/index.html,예
gwanak-gu/행운동/shops/004/index.html,한국미인테라피,gwanak-gu/행운동/shops/한국미인테라피/index.html,예
gwanak-gu/행운동/shops/005/index.html,한국인골든테라피,gwanak-gu/행운동/shops/한국인골든테라피/index.html,예
gwangjin-gu/shops/001/index.html,쥬쥬테라피,gwangjin-gu/shops/001/index.html,아니오
gwangjin-gu/shops/002/index.html,한국인골든테라피,gwangjin-gu/shops/002/index.html,아니오
gwangjin-gu/shops/003/index.html,오늘밤테라피,gwangjin-gu/shops/003/index.html,아니오
gwangjin-gu/shops/004/index.html,퀸즈테라피,gwangjin-gu/shops/004/index.html,아니오
gwangjin-gu/shops/005/index.html,한국미인테라피,gwangjin-gu/shops/005/index.html,아니오
gwangjin-gu/광장동/shops/001/index.html,오늘밤테라피,gwangjin-gu/광장동/shops/오늘밤테라피/index.html,예
gwangjin-gu/광장동/shops/002/index.html,쥬쥬테라피,gwangjin-gu/광장동/shops/쥬쥬테라피/index.html,예
gwangjin-gu/광장동/shops/003/index.html,퀸즈테라피,gwangjin-gu/광장동/shops/퀸즈테라피/index.html,예
gwangjin-gu/광장동/shops/004/index.html,한국미인테라피,gwangjin-gu/광장동/shops/한국미인테라피/index.html,예
gwangjin-gu/광장동/shops/005/index.html,한국인골든테라피,gwangjin-gu/광장동/shops/한국인골든테라피/index.html,예
gwangjin-gu/구의동/shops/001/index.html,오늘밤테라피,gwangjin-gu/구의동/shops/오늘밤테라피/index.html,예
gwangjin-gu/구의동/shops/002/index.html,쥬쥬테라피,gwangjin-gu/구의동/shops/쥬쥬테라피/index.html,예
gwangjin-gu/구의동/shops/003/index.html,퀸즈테라피,gwangjin-gu/구의동/shops/퀸즈테라피/index.html,예
gwangjin-gu/구의동/shops/004/index.html,한국미인테라피,gwangjin-gu/구의동/shops/한국미인테라피/index.html,예
gwangjin-gu/구의동/shops/005/index.html,한국인골든테라피,gwangjin-gu/구의동/shops/한국인골든테라피/index.html,예
gwangjin-gu/군자동/shops/001/index.html,오늘밤테라피,gwangjin-gu/군자동/shops/오늘밤테라피/index.html,예
gwangjin-gu/군자동/shops/002/index.html,쥬쥬테라피,gwangjin-gu/군자동/shops/쥬쥬테라피/index.html,예
gwangjin-gu/군자동/shops/003/index.html,퀸즈테라피,gwangjin-gu/군자동/shops/퀸즈테라피/index.html,예
gwangjin-gu/군자동/shops/004/index.html,한국미인테라피,gwangjin-gu/군자동/shops/한국미인테라피/index.html,예
gwangjin-gu/군자동/shops/005/index.html,한국인골든테라피,gwangjin-gu/군자동/shops/한국인골든테라피/index.html,예
gwangjin-gu/능동/shops/001/index.html,오늘밤테라피,gwangjin-gu/능동/shops/오늘밤테라피/index.html,예
gwangjin-gu/능동/shops/002/index.html,쥬쥬테라피,gwangjin-gu/능동/shops/쥬쥬테라피/index.html,예
gwangjin-gu/능동/shops/003/index.html,퀸즈테라피,gwangjin-gu/능동/shops/퀸즈테라피/index.html,예
gwangjin-gu/능동/shops/004/index.html,한국미인테라피,gwangjin-gu/능동/shops/한국미인테라피/index.html,예
gwangjin-gu/능동/shops/005/index.html,한국인골든테라피,gwangjin-gu/능동/shops/한국인골든테라피/index.html,예
gwangjin-gu/자양동/shops/001/index.html,오늘밤테라피,gwangjin-gu/자양동/shops/오늘밤테라피/index.html,예
gwangjin-gu/자양동/shops/002/index.html,쥬쥬테라피,gwangjin-gu/자양동/shops/쥬쥬테라피/index.html,예
gwangjin-gu/자양동/shops/003/index.html,퀸즈테라피,gwangjin-gu/자양동/shops/퀸즈테라피/index.html,예
gwangjin-gu/자양동/shops/004/index.html,한국미인테라피,gwangjin-gu/자양동/shops/한국미인테라피/index.html,예
gwangjin-gu/자양동/shops/005/index.html,한국인골든테라피,gwangjin-gu/자양동/shops/한국인골든테라피/index.html,예
gwangjin-gu/중곡동/shops/001/index.html,오늘밤테라피,gwangjin-gu/중곡동/shops/오늘밤테라피/index.html,예
gwangjin-gu/중곡동/shops/002/index.html,쥬쥬테라피,gwangjin-gu/중곡동/shops/쥬쥬테라피/index.html,예
gwangjin-gu/중곡동/shops/003/index.html,퀸즈테라피,gwangjin-gu/중곡동/shops/퀸즈테라피/index.html,예
gwangjin-gu/중곡동/shops/004/index.html,한국미인테라피,gwangjin-gu/중곡동/shops/한국미인테라피/index.html,예
gwangjin-gu/중곡동/shops/005/index.html,한국인골든테라피,gwangjin-gu/중곡동/shops/한국인골든테라피/index.html,예
gwangjin-gu/화양동/shops/001/index.html,오늘밤테라피,gwangjin-gu/화양동/shops/오늘밤테라피/index.html,예
gwangjin-gu/화양동/shops/002/index.html,쥬쥬테라피,gwangjin-gu/화양동/shops/쥬쥬테라피/index.html,예
gwangjin-gu/화양동/shops/003/index.html,퀸즈테라피,gwangjin-gu/화양동/shops/퀸즈테라피/index.html,예
gwangjin-gu/화양동/shops/004/index.html,한국미인테라피,gwangjin-gu/화양동/shops/한국미인테라피/index.html,예
gwangjin-gu/화양동/shops/005/index.html,한국인골든테라피,gwangjin-gu/화양동/shops/한국인골든테라피/index.html,예
gwangju/buk-gu/shops/001/index.html,나비테라피,gwangju/buk-gu/shops/001/index.html,아니오
gwangju/buk-gu/건국동/shops/001/index.html,나비테라피,gwangju/buk-gu/건국동/shops/나비테라피/index.html,예
gwangju/buk-gu/동림동/shops/001/index.html,나비테라피,gwangju/buk-gu/동림동/shops/나비테라피/index.html,예
gwangju/buk-gu/두암동/shops/001/index.html,나비테라피,gwangju/buk-gu/두암동/shops/나비테라피/index.html,예
gwangju/buk-gu/매곡동/shops/001/index.html,나비테라피,gwangju/buk-gu/매곡동/shops/나비테라피/index.html,예
gwangju/buk-gu/문화동/shops/001/index.html,나비테라피,gwangju/buk-gu/문화동/shops/나비테라피/index.html,예
gwangju/buk-gu/문흥동/shops/001/index.html,나비테라피,gwangju/buk-gu/문흥동/shops/나비테라피/index.html,예
gwangju/buk-gu/삼각동/shops/001/index.html,나비테라피,gwangju/buk-gu/삼각동/shops/나비테라피/index.html,예
gwangju/buk-gu/석곡동/shops/001/index.html,나비테라피,gwangju/buk-gu/석곡동/shops/나비테라피/index.html,예
gwangju/buk-gu/신안동/shops/001/index.html,나비테라피,gwangju/buk-gu/신안동/shops/나비테라피/index.html,예
gwangju/buk-gu/신용동/shops/001/index.html,나비테라피,gwangju/buk-gu/신용동/shops/나비테라피/index.html,예
gwangju/buk-gu/양산동/shops/001/index.html,나비테라피,gwangju/buk-gu/양산동/shops/나비테라피/index.html,예
gwangju/buk-gu/오치동/shops/001/index.html,나비테라피,gwangju/buk-gu/오치동/shops/나비테라피/index.html,예
gwangju/buk-gu/용봉동/shops/001/index.html,나비테라피,gwangju/buk-gu/용봉동/shops/나비테라피/index.html,예
gwangju/buk-gu/우산동/shops/001/index.html,나비테라피,gwangju/buk-gu/우산동/shops/나비테라피/index.html,예
gwangju/buk-gu/운암동/shops/001/index.html,나비테라피,gwangju/buk-gu/운암동/shops/나비테라피/index.html,예
gwangju/buk-gu/일곡동/shops/001/index.html,나비테라피,gwangju/buk-gu/일곡동/shops/나비테라피/index.html,예
gwangju/buk-gu/임동/shops/001/index.html,나비테라피,gwangju/buk-gu/임동/shops/나비테라피/index.html,예
gwangju/buk-gu/중앙동/shops/001/index.html,나비테라피,gwangju/buk-gu/중앙동/shops/나비테라피/index.html,예
gwangju/buk-gu/중흥동/shops/001/index.html,나비테라피,gwangju/buk-gu/중흥동/shops/나비테라피/index.html,예
gwangju/buk-gu/풍향동/shops/001/index.html,나비테라피,gwangju/buk-gu/풍향동/shops/나비테라피/index.html,예
gwangju/dong-gu/shops/001/index.html,나비테라피,gwangju/dong-gu/shops/001/index.html,아니오
gwangju/dong-gu/계림동/shops/001/index.html,나비테라피,gwangju/dong-gu/계림동/shops/나비테라피/index.html,예
gwangju/dong-gu/동명동/shops/001/index.html,나비테라피,gwangju/dong-gu/동명동/shops/나비테라피/index.html,예
gwangju/dong-gu/산수동/shops/001/index.html,나비테라피,gwangju/dong-gu/산수동/shops/나비테라피/index.html,예
gwangju/dong-gu/서남동/shops/001/index.html,나비테라피,gwangju/dong-gu/서남동/shops/나비테라피/index.html,예
gwangju/dong-gu/지산동/shops/001/index.html,나비테라피,gwangju/dong-gu/지산동/shops/나비테라피/index.html,예
gwangju/dong-gu/지원동/shops/001/index.html,나비테라피,gwangju/dong-gu/지원동/shops/나비테라피/index.html,예
gwangju/dong-gu/충장동/shops/001/index.html,나비테라피,gwangju/dong-gu/충장동/shops/나비테라피/index.html,예
gwangju/dong-gu/학동/shops/001/index.html,나비테라피,gwangju/dong-gu/학동/shops/나비테라피/index.html,예
gwangju/dong-gu/학운동/shops/001/index.html,나비테라피,gwangju/dong-gu/학운동/shops/나비테라피/index.html,예
gwangju/gwangsan-gu/shops/001/index.html,나비테라피,gwangju/gwangsan-gu/shops/001/index.html,아니오
gwangju/gwangsan-gu/도산동/shops/001/index.html,나비테라피,gwangju/gwangsan-gu/도산동/shops/나비테라피/index.html,예
gwangju/gwangsan-gu/동곡동/shops/001/index.html,나비테라피,gwangju/gwangsan-gu/동곡동/shops/나비테라피/index.html,예
gwangju/gwangsan-gu/본량동/shops/001/index.html,나비테라피,gwangju/gwangsan-gu/본량동/shops/나비테라피/index.html,예
gwangju/gwangsan-gu/비아동/shops/001/index.html,나비테라피,gwangju/gwangsan-gu/비아동/shops/나비테라피/index.html,예
gwangju/gwangsan-gu/삼도동/shops/001/index.html,나비테라피,gwangju/gwangsan-gu/삼도동/shops/나비테라피/index.html,예
gwangju/gwangsan-gu/송정동/shops/001/index.html,나비테라피,gwangju/gwangsan-gu/송정동/shops/나비테라피/index.html,예
gwangju/gwangsan-gu/수완동/shops/001/index.html,나비테라피,gwangju/gwangsan-gu/수완동/shops/나비테라피/index.html,예
gwangju/gwangsan-gu/신가동/shops/001/index.html,나비테라피,gwangju/gwangsan-gu/신가동/shops/나비테라피/index.html,예
gwangju/gwangsan-gu/신창동/shops/001/index.html,나비테라피,gwangju/gwangsan-gu/신창동/shops/나비테라피/index.html,예
gwangju/gwangsan-gu/신흥동/shops/001/index.html,나비테라피,gwangju/gwangsan-gu/신흥동/shops/나비테라피/index.html,예
gwangju/gwangsan-gu/어룡동/shops/001/index.html,나비테라피,gwangju/gwangsan-gu/어룡동/shops/나비테라피/index.html,예
gwangju/gwangsan-gu/우산동/shops/001/index.html,나비테라피,gwangju/gwangsan-gu/우산동/shops/나비테라피/index.html,예
gwangju/gwangsan-gu/운남동/shops/001/index.html,나비테라피,gwangju/gwangsan-gu/운남동/shops/나비테라피/index.html,예
gwangju/gwangsan-gu/월곡동/shops/001/index.html,나비테라피,gwangju/gwangsan-gu/월곡동/shops/나비테라피/index.html,예
gwangju/gwangsan-gu/임곡동/shops/001/index.html,나비테라피,gwangju/gwangsan-gu/임곡동/shops/나비테라피/index.html,예
gwangju/gwangsan-gu/첨단동/shops/001/index.html,나비테라피,gwangju/gwangsan-gu/첨단동/shops/나비테라피/index.html,예
gwangju/gwangsan-gu/평동/shops/001/index.html,나비테라피,gwangju/gwangsan-gu/평동/shops/나비테라피/index.html,예
gwangju/gwangsan-gu/하남동/shops/001/index.html,나비테라피,gwangju/gwangsan-gu/하남동/shops/나비테라피/index.html,예
gwangju/nam-gu/shops/001/index.html,나비테라피,gwangju/nam-gu/shops/001/index.html,아니오
gwangju/nam-gu/대촌동/shops/001/index.html,나비테라피,gwangju/nam-gu/대촌동/shops/나비테라피/index.html,예
gwangju/nam-gu/방림동/shops/001/index.html,나비테라피,gwangju/nam-gu/방림동/shops/나비테라피/index.html,예
gwangju/nam-gu/백운동/shops/001/index.html,나비테라피,gwangju/nam-gu/백운동/shops/나비테라피/index.html,예
gwangju/nam-gu/봉선동/shops/001/index.html,나비테라피,gwangju/nam-gu/봉선동/shops/나비테라피/index.html,예
gwangju/nam-gu/사직동/shops/001/index.html,나비테라피,gwangju/nam-gu/사직동/shops/나비테라피/index.html,예
gwangju/nam-gu/송암동/shops/001/index.html,나비테라피,gwangju/nam-gu/송암동/shops/나비테라피/index.html,예
gwangju/nam-gu/양림동/shops/001/index.html,나비테라피,gwangju/nam-gu/양림동/shops/나비테라피/index.html,예
gwangju/nam-gu/월산동/shops/001/index.html,나비테라피,gwangju/nam-gu/월산동/shops/나비테라피/index.html,예
gwangju/nam-gu/주월동/shops/001/index.html,나비테라피,gwangju/nam-gu/주월동/shops/나비테라피/index.html,예
gwangju/nam-gu/진월동/shops/001/index.html,나비테라피,gwangju/nam-gu/진월동/shops/나비테라피/index.html,예
gwangju/nam-gu/효덕동/shops/001/index.html,나비테라피,gwangju/nam-gu/효덕동/shops/나비테라피/index.html,예
gwangju/seo-gu/shops/001/index.html,나비테라피,gwangju/seo-gu/shops/001/index.html,아니오
gwangju/seo-gu/광천동/shops/001/index.html,나비테라피,gwangju/seo-gu/광천동/shops/나비테라피/index.html,예
gwangju/seo-gu/금호동/shops/001/index.html,나비테라피,gwangju/seo-gu/금호동/shops/나비테라피/index.html,예
gwangju/seo-gu/농성동/shops/001/index.html,나비테라피,gwangju/seo-gu/농성동/shops/나비테라피/index.html,예
gwangju/seo-gu/동천동/shops/001/index.html,나비테라피,gwangju/seo-gu/동천동/shops/나비테라피/index.html,예
gwangju/seo-gu/상무동/shops/001/index.html,나비테라피,gwangju/seo-gu/상무동/shops/나비테라피/index.html,예
gwangju/seo-gu/서창동/shops/001/index.html,나비테라피,gwangju/seo-gu/서창동/shops/나비테라피/index.html,예
gwangju/seo-gu/양동/shops/001/index.html,나비테라피,gwangju/seo-gu/양동/shops/나비테라피/index.html,예
gwangju/seo-gu/유덕동/shops/001/index.html,나비테라피,gwangju/seo-gu/유덕동/shops/나비테라피/index.html,예
gwangju/seo-gu/치평동/shops/001/index.html,나비테라피,gwangju/seo-gu/치평동/shops/나비테라피/index.html,예
gwangju/seo-gu/풍암동/shops/001/index.html,나비테라피,gwangju/seo-gu/풍암동/shops/나비테라피/index.html,예
gwangju/seo-gu/화정동/shops/001/index.html,나비테라피,gwangju/seo-gu/화정동/shops/나비테라피/index.html,예
gwangju/shops/001/index.html,나비테라피,gwangju/shops/001/index.html,아니오
gwangju-gyeonggi/shops/001/index.html,쥬쥬테라피,gwangju-gyeonggi/shops/001/index.html,아니오
gwangju-gyeonggi/shops/002/index.html,한국인골든테라피,gwangju-gyeonggi/shops/002/index.html,아니오
gwangju-gyeonggi/shops/003/index.html,오늘밤테라피,gwangju-gyeonggi/shops/003/index.html,아니오
gwangju-gyeonggi/shops/004/index.html,퀸즈테라피,gwangju-gyeonggi/shops/004/index.html,아니오
gwangju-gyeonggi/shops/005/index.html,한국미인테라피,gwangju-gyeonggi/shops/005/index.html,아니오
gwangju-gyeonggi/경안동/shops/001/index.html,오늘밤테라피,gwangju-gyeonggi/경안동/shops/오늘밤테라피/index.html,예
gwangju-gyeonggi/경안동/shops/002/index.html,쥬쥬테라피,gwangju-gyeonggi/경안동/shops/쥬쥬테라피/index.html,예
gwangju-gyeonggi/경안동/shops/003/index.html,퀸즈테라피,gwangju-gyeonggi/경안동/shops/퀸즈테라피/index.html,예
gwangju-gyeonggi/경안동/shops/004/index.html,한국미인테라피,gwangju-gyeonggi/경안동/shops/한국미인테라피/index.html,예
gwangju-gyeonggi/경안동/shops/005/index.html,한국인골든테라피,gwangju-gyeonggi/경안동/shops/한국인골든테라피/index.html,예
gwangju-gyeonggi/곤지암읍/shops/001/index.html,오늘밤테라피,gwangju-gyeonggi/곤지암읍/shops/오늘밤테라피/index.html,예
gwangju-gyeonggi/곤지암읍/shops/002/index.html,쥬쥬테라피,gwangju-gyeonggi/곤지암읍/shops/쥬쥬테라피/index.html,예
gwangju-gyeonggi/곤지암읍/shops/003/index.html,퀸즈테라피,gwangju-gyeonggi/곤지암읍/shops/퀸즈테라피/index.html,예
gwangju-gyeonggi/곤지암읍/shops/004/index.html,한국미인테라피,gwangju-gyeonggi/곤지암읍/shops/한국미인테라피/index.html,예
gwangju-gyeonggi/곤지암읍/shops/005/index.html,한국인골든테라피,gwangju-gyeonggi/곤지암읍/shops/한국인골든테라피/index.html,예
gwangju-gyeonggi/광남동/shops/001/index.html,오늘밤테라피,gwangju-gyeonggi/광남동/shops/오늘밤테라피/index.html,예
gwangju-gyeonggi/광남동/shops/002/index.html,쥬쥬테라피,gwangju-gyeonggi/광남동/shops/쥬쥬테라피/index.html,예
gwangju-gyeonggi/광남동/shops/003/index.html,퀸즈테라피,gwangju-gyeonggi/광남동/shops/퀸즈테라피/index.html,예
gwangju-gyeonggi/광남동/shops/004/index.html,한국미인테라피,gwangju-gyeonggi/광남동/shops/한국미인테라피/index.html,예
gwangju-gyeonggi/광남동/shops/005/index.html,한국인골든테라피,gwangju-gyeonggi/광남동/shops/한국인골든테라피/index.html,예
gwangju-gyeonggi/남종면/shops/001/index.html,오늘밤테라피,gwangju-gyeonggi/남종면/shops/오늘밤테라피/index.html,예
gwangju-gyeonggi/남종면/shops/002/index.html,쥬쥬테라피,gwangju-gyeonggi/남종면/shops/쥬쥬테라피/index.html,예
gwangju-gyeonggi/남종면/shops/003/index.html,퀸즈테라피,gwangju-gyeonggi/남종면/shops/퀸즈테라피/index.html,예
gwangju-gyeonggi/남종면/shops/004/index.html,한국미인테라피,gwangju-gyeonggi/남종면/shops/한국미인테라피/index.html,예
gwangju-gyeonggi/남종면/shops/005/index.html,한국인골든테라피,gwangju-gyeonggi/남종면/shops/한국인골든테라피/index.html,예
gwangju-gyeonggi/남한산성면/shops/001/index.html,오늘밤테라피,gwangju-gyeonggi/남한산성면/shops/오늘밤테라피/index.html,예
gwangju-gyeonggi/남한산성면/shops/002/index.html,쥬쥬테라피,gwangju-gyeonggi/남한산성면/shops/쥬쥬테라피/index.html,예
gwangju-gyeonggi/남한산성면/shops/003/index.html,퀸즈테라피,gwangju-gyeonggi/남한산성면/shops/퀸즈테라피/index.html,예
gwangju-gyeonggi/남한산성면/shops/004/index.html,한국미인테라피,gwangju-gyeonggi/남한산성면/shops/한국미인테라피/index.html,예
gwangju-gyeonggi/남한산성면/shops/005/index.html,한국인골든테라피,gwangju-gyeonggi/남한산성면/shops/한국인골든테라피/index.html,예
gwangju-gyeonggi/능평동/shops/001/index.html,오늘밤테라피,gwangju-gyeonggi/능평동/shops/오늘밤테라피/index.html,예
gwangju-gyeonggi/능평동/shops/002/index.html,쥬쥬테라피,gwangju-gyeonggi/능평동/shops/쥬쥬테라피/index.html,예
gwangju-gyeonggi/능평동/shops/003/index.html,퀸즈테라피,gwangju-gyeonggi/능평동/shops/퀸즈테라피/index.html,예
gwangju-gyeonggi/능평동/shops/004/index.html,한국미인테라피,gwangju-gyeonggi/능평동/shops/한국미인테라피/index.html,예
gwangju-gyeonggi/능평동/shops/005/index.html,한국인골든테라피,gwangju-gyeonggi/능평동/shops/한국인골든테라피/index.html,예
gwangju-gyeonggi/도척면/shops/001/index.html,오늘밤테라피,gwangju-gyeonggi/도척면/shops/오늘밤테라피/index.html,예
gwangju-gyeonggi/도척면/shops/002/index.html,쥬쥬테라피,gwangju-gyeonggi/도척면/shops/쥬쥬테라피/index.html,예
gwangju-gyeonggi/도척면/shops/003/index.html,퀸즈테라피,gwangju-gyeonggi/도척면/shops/퀸즈테라피/index.html,예
gwangju-gyeonggi/도척면/shops/004/index.html,한국미인테라피,gwangju-gyeonggi/도척면/shops/한국미인테라피/index.html,예
gwangju-gyeonggi/도척면/shops/005/index.html,한국인골든테라피,gwangju-gyeonggi/도척면/shops/한국인골든테라피/index.html,예
gwangju-gyeonggi/송정동/shops/001/index.html,오늘밤테라피,gwangju-gyeonggi/송정동/shops/오늘밤테라피/index.html,예
gwangju-gyeonggi/송정동/shops/002/index.html,쥬쥬테라피,gwangju-gyeonggi/송정동/shops/쥬쥬테라피/index.html,예
gwangju-gyeonggi/송정동/shops/003/index.html,퀸즈테라피,gwangju-gyeonggi/송정동/shops/퀸즈테라피/index.html,예
gwangju-gyeonggi/송정동/shops/004/index.html,한국미인테라피,gwangju-gyeonggi/송정동/shops/한국미인테라피/index.html,예
gwangju-gyeonggi/송정동/shops/005/index.html,한국인골든테라피,gwangju-gyeonggi/송정동/shops/한국인골든테라피/index.html,예
gwangju-gyeonggi/신현동/shops/001/index.html,오늘밤테라피,gwangju-gyeonggi/신현동/shops/오늘밤테라피/index.html,예
gwangju-gyeonggi/신현동/shops/002/index.html,쥬쥬테라피,gwangju-gyeonggi/신현동/shops/쥬쥬테라피/index.html,예
gwangju-gyeonggi/신현동/shops/003/index.html,퀸즈테라피,gwangju-gyeonggi/신현동/shops/퀸즈테라피/index.html,예
gwangju-gyeonggi/신현동/shops/004/index.html,한국미인테라피,gwangju-gyeonggi/신현동/shops/한국미인테라피/index.html,예
gwangju-gyeonggi/신현동/shops/005/index.html,한국인골든테라피,gwangju-gyeonggi/신현동/shops/한국인골든테라피/index.html,예
gwangju-gyeonggi/쌍령동/shops/001/index.html,오늘밤테라피,gwangju-gyeonggi/쌍령동/shops/오늘밤테라피/index.html,예
gwangju-gyeonggi/쌍령동/shops/002/index.html,쥬쥬테라피,gwangju-gyeonggi/쌍령동/shops/쥬쥬테라피/index.html,예
gwangju-gyeonggi/쌍령동/shops/003/index.html,퀸즈테라피,gwangju-gyeonggi/쌍령동/shops/퀸즈테라피/index.html,예
gwangju-gyeonggi/쌍령동/shops/004/index.html,한국미인테라피,gwangju-gyeonggi/쌍령동/shops/한국미인테라피/index.html,예
gwangju-gyeonggi/쌍령동/shops/005/index.html,한국인골든테라피,gwangju-gyeonggi/쌍령동/shops/한국인골든테라피/index.html,예
gwangju-gyeonggi/오포동/shops/001/index.html,오늘밤테라피,gwangju-gyeonggi/오포동/shops/오늘밤테라피/index.html,예
gwangju-gyeonggi/오포동/shops/002/index.html,쥬쥬테라피,gwangju-gyeonggi/오포동/shops/쥬쥬테라피/index.html,예
gwangju-gyeonggi/오포동/shops/003/index.html,퀸즈테라피,gwangju-gyeonggi/오포동/shops/퀸즈테라피/index.html,예
gwangju-gyeonggi/오포동/shops/004/index.html,한국미인테라피,gwangju-gyeonggi/오포동/shops/한국미인테라피/index.html,예
gwangju-gyeonggi/오포동/shops/005/index.html,한국인골든테라피,gwangju-gyeonggi/오포동/shops/한국인골든테라피/index.html,예
gwangju-gyeonggi/초월읍/shops/001/index.html,오늘밤테라피,gwangju-gyeonggi/초월읍/shops/오늘밤테라피/index.html,예
gwangju-gyeonggi/초월읍/shops/002/index.html,쥬쥬테라피,gwangju-gyeonggi/초월읍/shops/쥬쥬테라피/index.html,예
gwangju-gyeonggi/초월읍/shops/003/index.html,퀸즈테라피,gwangju-gyeonggi/초월읍/shops/퀸즈테라피/index.html,예
gwangju-gyeonggi/초월읍/shops/004/index.html,한국미인테라피,gwangju-gyeonggi/초월읍/shops/한국미인테라피/index.html,예
gwangju-gyeonggi/초월읍/shops/005/index.html,한국인골든테라피,gwangju-gyeonggi/초월읍/shops/한국인골든테라피/index.html,예
gwangju-gyeonggi/탄벌동/shops/001/index.html,오늘밤테라피,gwangju-gyeonggi/탄벌동/shops/오늘밤테라피/index.html,예
gwangju-gyeonggi/탄벌동/shops/002/index.html,쥬쥬테라피,gwangju-gyeonggi/탄벌동/shops/쥬쥬테라피/index.html,예
gwangju-gyeonggi/탄벌동/shops/003/index.html,퀸즈테라피,gwangju-gyeonggi/탄벌동/shops/퀸즈테라피/index.html,예
gwangju-gyeonggi/탄벌동/shops/004/index.html,한국미인테라피,gwangju-gyeonggi/탄벌동/shops/한국미인테라피/index.html,예
gwangju-gyeonggi/탄벌동/shops/005/index.html,한국인골든테라피,gwangju-gyeonggi/탄벌동/shops/한국인골든테라피/index.html,예
gwangju-gyeonggi/퇴촌면/shops/001/index.html,오늘밤테라피,gwangju-gyeonggi/퇴촌면/shops/오늘밤테라피/index.html,예
gwangju-gyeonggi/퇴촌면/shops/002/index.html,쥬쥬테라피,gwangju-gyeonggi/퇴촌면/shops/쥬쥬테라피/index.html,예
gwangju-gyeonggi/퇴촌면/shops/003/index.html,퀸즈테라피,gwangju-gyeonggi/퇴촌면/shops/퀸즈테라피/index.html,예
gwangju-gyeonggi/퇴촌면/shops/004/index.html,한국미인테라피,gwangju-gyeonggi/퇴촌면/shops/한국미인테라피/index.html,예
gwangju-gyeonggi/퇴촌면/shops/005/index.html,한국인골든테라피,gwangju-gyeonggi/퇴촌면/shops/한국인골든테라피/index.html,예
gwangmyeong/shops/001/index.html,쥬쥬테라피,gwangmyeong/shops/001/index.html,아니오
gwangmyeong/shops/002/index.html,한국인골든테라피,gwangmyeong/shops/002/index.html,아니오
gwangmyeong/shops/003/index.html,오늘밤테라피,gwangmyeong/shops/003/index.html,아니오
gwangmyeong/shops/004/index.html,퀸즈테라피,gwangmyeong/shops/004/index.html,아니오
gwangmyeong/shops/005/index.html,한국미인테라피,gwangmyeong/shops/005/index.html,아니오
gwangmyeong/광명동/shops/001/index.html,오늘밤테라피,gwangmyeong/광명동/shops/오늘밤테라피/index.html,예
gwangmyeong/광명동/shops/002/index.html,쥬쥬테라피,gwangmyeong/광명동/shops/쥬쥬테라피/index.html,예
gwangmyeong/광명동/shops/003/index.html,퀸즈테라피,gwangmyeong/광명동/shops/퀸즈테라피/index.html,예
gwangmyeong/광명동/shops/004/index.html,한국미인테라피,gwangmyeong/광명동/shops/한국미인테라피/index.html,예
gwangmyeong/광명동/shops/005/index.html,한국인골든테라피,gwangmyeong/광명동/shops/한국인골든테라피/index.html,예
gwangmyeong/소하동/shops/001/index.html,오늘밤테라피,gwangmyeong/소하동/shops/오늘밤테라피/index.html,예
gwangmyeong/소하동/shops/002/index.html,쥬쥬테라피,gwangmyeong/소하동/shops/쥬쥬테라피/index.html,예
gwangmyeong/소하동/shops/003/index.html,퀸즈테라피,gwangmyeong/소하동/shops/퀸즈테라피/index.html,예
gwangmyeong/소하동/shops/004/index.html,한국미인테라피,gwangmyeong/소하동/shops/한국미인테라피/index.html,예
gwangmyeong/소하동/shops/005/index.html,한국인골든테라피,gwangmyeong/소하동/shops/한국인골든테라피/index.html,예
gwangmyeong/일직동/shops/001/index.html,오늘밤테라피,gwangmyeong/일직동/shops/오늘밤테라피/index.html,예
gwangmyeong/일직동/shops/002/index.html,쥬쥬테라피,gwangmyeong/일직동/shops/쥬쥬테라피/index.html,예
gwangmyeong/일직동/shops/003/index.html,퀸즈테라피,gwangmyeong/일직동/shops/퀸즈테라피/index.html,예
gwangmyeong/일직동/shops/004/index.html,한국미인테라피,gwangmyeong/일직동/shops/한국미인테라피/index.html,예
gwangmyeong/일직동/shops/005/index.html,한국인골든테라피,gwangmyeong/일직동/shops/한국인골든테라피/index.html,예
gwangmyeong/철산동/shops/001/index.html,오늘밤테라피,gwangmyeong/철산동/shops/오늘밤테라피/index.html,예
gwangmyeong/철산동/shops/002/index.html,쥬쥬테라피,gwangmyeong/철산동/shops/쥬쥬테라피/index.html,예
gwangmyeong/철산동/shops/003/index.html,퀸즈테라피,gwangmyeong/철산동/shops/퀸즈테라피/index.html,예
gwangmyeong/철산동/shops/004/index.html,한국미인테라피,gwangmyeong/철산동/shops/한국미인테라피/index.html,예
gwangmyeong/철산동/shops/005/index.html,한국인골든테라피,gwangmyeong/철산동/shops/한국인골든테라피/index.html,예
gwangmyeong/하안동/shops/001/index.html,오늘밤테라피,gwangmyeong/하안동/shops/오늘밤테라피/index.html,예
gwangmyeong/하안동/shops/002/index.html,쥬쥬테라피,gwangmyeong/하안동/shops/쥬쥬테라피/index.html,예
gwangmyeong/하안동/shops/003/index.html,퀸즈테라피,gwangmyeong/하안동/shops/퀸즈테라피/index.html,예
gwangmyeong/하안동/shops/004/index.html,한국미인테라피,gwangmyeong/하안동/shops/한국미인테라피/index.html,예
gwangmyeong/하안동/shops/005/index.html,한국인골든테라피,gwangmyeong/하안동/shops/한국인골든테라피/index.html,예
gwangmyeong/학온동/shops/001/index.html,오늘밤테라피,gwangmyeong/학온동/shops/오늘밤테라피/index.html,예
gwangmyeong/학온동/shops/002/index.html,쥬쥬테라피,gwangmyeong/학온동/shops/쥬쥬테라피/index.html,예
gwangmyeong/학온동/shops/003/index.html,퀸즈테라피,gwangmyeong/학온동/shops/퀸즈테라피/index.html,예
gwangmyeong/학온동/shops/004/index.html,한국미인테라피,gwangmyeong/학온동/shops/한국미인테라피/index.html,예
gwangmyeong/학온동/shops/005/index.html,한국인골든테라피,gwangmyeong/학온동/shops/한국인골든테라피/index.html,예
gyeonggi/shops/001/index.html,쥬쥬테라피,gyeonggi/shops/001/index.html,아니오
gyeonggi/shops/002/index.html,한국인골든테라피,gyeonggi/shops/002/index.html,아니오
gyeonggi/shops/003/index.html,오늘밤테라피,gyeonggi/shops/003/index.html,아니오
gyeonggi/shops/004/index.html,퀸즈테라피,gyeonggi/shops/004/index.html,아니오
gyeonggi/shops/005/index.html,한국미인테라피,gyeonggi/shops/005/index.html,아니오
gyeryong/shops/001/index.html,S슬립테라피,gyeryong/shops/001/index.html,아니오
gyeryong/금암동/shops/001/index.html,S슬립테라피,gyeryong/금암동/shops/S슬립테라피/index.html,예
gyeryong/두마면/shops/001/index.html,S슬립테라피,gyeryong/두마면/shops/S슬립테라피/index.html,예
gyeryong/신도안면/shops/001/index.html,S슬립테라피,gyeryong/신도안면/shops/S슬립테라피/index.html,예
gyeryong/엄사면/shops/001/index.html,S슬립테라피,gyeryong/엄사면/shops/S슬립테라피/index.html,예
gyeyang-gu/shops/001/index.html,쥬쥬테라피,gyeyang-gu/shops/001/index.html,아니오
gyeyang-gu/shops/002/index.html,한국인골든테라피,gyeyang-gu/shops/002/index.html,아니오
gyeyang-gu/shops/003/index.html,오늘밤테라피,gyeyang-gu/shops/003/index.html,아니오
gyeyang-gu/shops/004/index.html,퀸즈테라피,gyeyang-gu/shops/004/index.html,아니오
gyeyang-gu/shops/005/index.html,한국미인테라피,gyeyang-gu/shops/005/index.html,아니오
gyeyang-gu/계산동/shops/001/index.html,오늘밤테라피,gyeyang-gu/계산동/shops/오늘밤테라피/index.html,예
gyeyang-gu/계산동/shops/002/index.html,쥬쥬테라피,gyeyang-gu/계산동/shops/쥬쥬테라피/index.html,예
gyeyang-gu/계산동/shops/003/index.html,퀸즈테라피,gyeyang-gu/계산동/shops/퀸즈테라피/index.html,예
gyeyang-gu/계산동/shops/004/index.html,한국미인테라피,gyeyang-gu/계산동/shops/한국미인테라피/index.html,예
gyeyang-gu/계산동/shops/005/index.html,한국인골든테라피,gyeyang-gu/계산동/shops/한국인골든테라피/index.html,예
gyeyang-gu/계양동/shops/001/index.html,오늘밤테라피,gyeyang-gu/계양동/shops/오늘밤테라피/index.html,예
gyeyang-gu/계양동/shops/002/index.html,쥬쥬테라피,gyeyang-gu/계양동/shops/쥬쥬테라피/index.html,예
gyeyang-gu/계양동/shops/003/index.html,퀸즈테라피,gyeyang-gu/계양동/shops/퀸즈테라피/index.html,예
gyeyang-gu/계양동/shops/004/index.html,한국미인테라피,gyeyang-gu/계양동/shops/한국미인테라피/index.html,예
gyeyang-gu/계양동/shops/005/index.html,한국인골든테라피,gyeyang-gu/계양동/shops/한국인골든테라피/index.html,예
gyeyang-gu/작전동/shops/001/index.html,오늘밤테라피,gyeyang-gu/작전동/shops/오늘밤테라피/index.html,예
gyeyang-gu/작전동/shops/002/index.html,쥬쥬테라피,gyeyang-gu/작전동/shops/쥬쥬테라피/index.html,예
gyeyang-gu/작전동/shops/003/index.html,퀸즈테라피,gyeyang-gu/작전동/shops/퀸즈테라피/index.html,예
gyeyang-gu/작전동/shops/004/index.html,한국미인테라피,gyeyang-gu/작전동/shops/한국미인테라피/index.html,예
gyeyang-gu/작전동/shops/005/index.html,한국인골든테라피,gyeyang-gu/작전동/shops/한국인골든테라피/index.html,예
gyeyang-gu/작전서운동/shops/001/index.html,오늘밤테라피,gyeyang-gu/작전서운동/shops/오늘밤테라피/index.html,예
gyeyang-gu/작전서운동/shops/002/index.html,쥬쥬테라피,gyeyang-gu/작전서운동/shops/쥬쥬테라피/index.html,예
gyeyang-gu/작전서운동/shops/003/index.html,퀸즈테라피,gyeyang-gu/작전서운동/shops/퀸즈테라피/index.html,예
gyeyang-gu/작전서운동/shops/004/index.html,한국미인테라피,gyeyang-gu/작전서운동/shops/한국미인테라피/index.html,예
gyeyang-gu/작전서운동/shops/005/index.html,한국인골든테라피,gyeyang-gu/작전서운동/shops/한국인골든테라피/index.html,예
gyeyang-gu/효성동/shops/001/index.html,오늘밤테라피,gyeyang-gu/효성동/shops/오늘밤테라피/index.html,예
gyeyang-gu/효성동/shops/002/index.html,쥬쥬테라피,gyeyang-gu/효성동/shops/쥬쥬테라피/index.html,예
gyeyang-gu/효성동/shops/003/index.html,퀸즈테라피,gyeyang-gu/효성동/shops/퀸즈테라피/index.html,예
gyeyang-gu/효성동/shops/004/index.html,한국미인테라피,gyeyang-gu/효성동/shops/한국미인테라피/index.html,예
gyeyang-gu/효성동/shops/005/index.html,한국인골든테라피,gyeyang-gu/효성동/shops/한국인골든테라피/index.html,예
hanam/shops/001/index.html,쥬쥬테라피,hanam/shops/001/index.html,아니오
hanam/shops/002/index.html,한국인골든테라피,hanam/shops/002/index.html,아니오
hanam/shops/003/index.html,오늘밤테라피,hanam/shops/003/index.html,아니오
hanam/shops/004/index.html,퀸즈테라피,hanam/shops/004/index.html,아니오
hanam/shops/005/index.html,한국미인테라피,hanam/shops/005/index.html,아니오
hanam/감북동/shops/001/index.html,오늘밤테라피,hanam/감북동/shops/오늘밤테라피/index.html,예
hanam/감북동/shops/002/index.html,쥬쥬테라피,hanam/감북동/shops/쥬쥬테라피/index.html,예
hanam/감북동/shops/003/index.html,퀸즈테라피,hanam/감북동/shops/퀸즈테라피/index.html,예
hanam/감북동/shops/004/index.html,한국미인테라피,hanam/감북동/shops/한국미인테라피/index.html,예
hanam/감북동/shops/005/index.html,한국인골든테라피,hanam/감북동/shops/한국인골든테라피/index.html,예
hanam/감일동/shops/001/index.html,오늘밤테라피,hanam/감일동/shops/오늘밤테라피/index.html,예
hanam/감일동/shops/002/index.html,쥬쥬테라피,hanam/감일동/shops/쥬쥬테라피/index.html,예
hanam/감일동/shops/003/index.html,퀸즈테라피,hanam/감일동/shops/퀸즈테라피/index.html,예
hanam/감일동/shops/004/index.html,한국미인테라피,hanam/감일동/shops/한국미인테라피/index.html,예
hanam/감일동/shops/005/index.html,한국인골든테라피,hanam/감일동/shops/한국인골든테라피/index.html,예
hanam/덕풍동/shops/001/index.html,오늘밤테라피,hanam/덕풍동/shops/오늘밤테라피/index.html,예
hanam/덕풍동/shops/002/index.html,쥬쥬테라피,hanam/덕풍동/shops/쥬쥬테라피/index.html,예
hanam/덕풍동/shops/003/index.html,퀸즈테라피,hanam/덕풍동/shops/퀸즈테라피/index.html,예
hanam/덕풍동/shops/004/index.html,한국미인테라피,hanam/덕풍동/shops/한국미인테라피/index.html,예
hanam/덕풍동/shops/005/index.html,한국인골든테라피,hanam/덕풍동/shops/한국인골든테라피/index.html,예
hanam/미사동/shops/001/index.html,오늘밤테라피,hanam/미사동/shops/오늘밤테라피/index.html,예
hanam/미사동/shops/002/index.html,쥬쥬테라피,hanam/미사동/shops/쥬쥬테라피/index.html,예
hanam/미사동/shops/003/index.html,퀸즈테라피,hanam/미사동/shops/퀸즈테라피/index.html,예
hanam/미사동/shops/004/index.html,한국미인테라피,hanam/미사동/shops/한국미인테라피/index.html,예
hanam/미사동/shops/005/index.html,한국인골든테라피,hanam/미사동/shops/한국인골든테라피/index.html,예
hanam/신장동/shops/001/index.html,오늘밤테라피,hanam/신장동/shops/오늘밤테라피/index.html,예
hanam/신장동/shops/002/index.html,쥬쥬테라피,hanam/신장동/shops/쥬쥬테라피/index.html,예
hanam/신장동/shops/003/index.html,퀸즈테라피,hanam/신장동/shops/퀸즈테라피/index.html,예
hanam/신장동/shops/004/index.html,한국미인테라피,hanam/신장동/shops/한국미인테라피/index.html,예
hanam/신장동/shops/005/index.html,한국인골든테라피,hanam/신장동/shops/한국인골든테라피/index.html,예
hanam/위례동/shops/001/index.html,오늘밤테라피,hanam/위례동/shops/오늘밤테라피/index.html,예
hanam/위례동/shops/002/index.html,쥬쥬테라피,hanam/위례동/shops/쥬쥬테라피/index.html,예
hanam/위례동/shops/003/index.html,퀸즈테라피,hanam/위례동/shops/퀸즈테라피/index.html,예
hanam/위례동/shops/004/index.html,한국미인테라피,hanam/위례동/shops/한국미인테라피/index.html,예
hanam/위례동/shops/005/index.html,한국인골든테라피,hanam/위례동/shops/한국인골든테라피/index.html,예
hanam/천현동/shops/001/index.html,오늘밤테라피,hanam/천현동/shops/오늘밤테라피/index.html,예
hanam/천현동/shops/002/index.html,쥬쥬테라피,hanam/천현동/shops/쥬쥬테라피/index.html,예
hanam/천현동/shops/003/index.html,퀸즈테라피,hanam/천현동/shops/퀸즈테라피/index.html,예
hanam/천현동/shops/004/index.html,한국미인테라피,hanam/천현동/shops/한국미인테라피/index.html,예
hanam/천현동/shops/005/index.html,한국인골든테라피,hanam/천현동/shops/한국인골든테라피/index.html,예
hanam/초이동/shops/001/index.html,오늘밤테라피,hanam/초이동/shops/오늘밤테라피/index.html,예
hanam/초이동/shops/002/index.html,쥬쥬테라피,hanam/초이동/shops/쥬쥬테라피/index.html,예
hanam/초이동/shops/003/index.html,퀸즈테라피,hanam/초이동/shops/퀸즈테라피/index.html,예
hanam/초이동/shops/004/index.html,한국미인테라피,hanam/초이동/shops/한국미인테라피/index.html,예
hanam/초이동/shops/005/index.html,한국인골든테라피,hanam/초이동/shops/한국인골든테라피/index.html,예
hanam/춘궁동/shops/001/index.html,오늘밤테라피,hanam/춘궁동/shops/오늘밤테라피/index.html,예
hanam/춘궁동/shops/002/index.html,쥬쥬테라피,hanam/춘궁동/shops/쥬쥬테라피/index.html,예
hanam/춘궁동/shops/003/index.html,퀸즈테라피,hanam/춘궁동/shops/퀸즈테라피/index.html,예
hanam/춘궁동/shops/004/index.html,한국미인테라피,hanam/춘궁동/shops/한국미인테라피/index.html,예
hanam/춘궁동/shops/005/index.html,한국인골든테라피,hanam/춘궁동/shops/한국인골든테라피/index.html,예
hwaseong/byeongjeom-gu/shops/001/index.html,쥬쥬테라피,hwaseong/byeongjeom-gu/shops/001/index.html,아니오
hwaseong/byeongjeom-gu/shops/002/index.html,한국인골든테라피,hwaseong/byeongjeom-gu/shops/002/index.html,아니오
hwaseong/byeongjeom-gu/shops/003/index.html,오늘밤테라피,hwaseong/byeongjeom-gu/shops/003/index.html,아니오
hwaseong/byeongjeom-gu/shops/004/index.html,퀸즈테라피,hwaseong/byeongjeom-gu/shops/004/index.html,아니오
hwaseong/byeongjeom-gu/shops/005/index.html,한국미인테라피,hwaseong/byeongjeom-gu/shops/005/index.html,아니오
hwaseong/byeongjeom-gu/반월동/shops/001/index.html,오늘밤테라피,hwaseong/byeongjeom-gu/반월동/shops/오늘밤테라피/index.html,예
hwaseong/byeongjeom-gu/반월동/shops/002/index.html,쥬쥬테라피,hwaseong/byeongjeom-gu/반월동/shops/쥬쥬테라피/index.html,예
hwaseong/byeongjeom-gu/반월동/shops/003/index.html,퀸즈테라피,hwaseong/byeongjeom-gu/반월동/shops/퀸즈테라피/index.html,예
hwaseong/byeongjeom-gu/반월동/shops/004/index.html,한국미인테라피,hwaseong/byeongjeom-gu/반월동/shops/한국미인테라피/index.html,예
hwaseong/byeongjeom-gu/반월동/shops/005/index.html,한국인골든테라피,hwaseong/byeongjeom-gu/반월동/shops/한국인골든테라피/index.html,예
hwaseong/byeongjeom-gu/병점동/shops/001/index.html,오늘밤테라피,hwaseong/byeongjeom-gu/병점동/shops/오늘밤테라피/index.html,예
hwaseong/byeongjeom-gu/병점동/shops/002/index.html,쥬쥬테라피,hwaseong/byeongjeom-gu/병점동/shops/쥬쥬테라피/index.html,예
hwaseong/byeongjeom-gu/병점동/shops/003/index.html,퀸즈테라피,hwaseong/byeongjeom-gu/병점동/shops/퀸즈테라피/index.html,예
hwaseong/byeongjeom-gu/병점동/shops/004/index.html,한국미인테라피,hwaseong/byeongjeom-gu/병점동/shops/한국미인테라피/index.html,예
hwaseong/byeongjeom-gu/병점동/shops/005/index.html,한국인골든테라피,hwaseong/byeongjeom-gu/병점동/shops/한국인골든테라피/index.html,예
hwaseong/byeongjeom-gu/진안동/shops/001/index.html,오늘밤테라피,hwaseong/byeongjeom-gu/진안동/shops/오늘밤테라피/index.html,예
hwaseong/byeongjeom-gu/진안동/shops/002/index.html,쥬쥬테라피,hwaseong/byeongjeom-gu/진안동/shops/쥬쥬테라피/index.html,예
hwaseong/byeongjeom-gu/진안동/shops/003/index.html,퀸즈테라피,hwaseong/byeongjeom-gu/진안동/shops/퀸즈테라피/index.html,예
hwaseong/byeongjeom-gu/진안동/shops/004/index.html,한국미인테라피,hwaseong/byeongjeom-gu/진안동/shops/한국미인테라피/index.html,예
hwaseong/byeongjeom-gu/진안동/shops/005/index.html,한국인골든테라피,hwaseong/byeongjeom-gu/진안동/shops/한국인골든테라피/index.html,예
hwaseong/byeongjeom-gu/화산동/shops/001/index.html,오늘밤테라피,hwaseong/byeongjeom-gu/화산동/shops/오늘밤테라피/index.html,예
hwaseong/byeongjeom-gu/화산동/shops/002/index.html,쥬쥬테라피,hwaseong/byeongjeom-gu/화산동/shops/쥬쥬테라피/index.html,예
hwaseong/byeongjeom-gu/화산동/shops/003/index.html,퀸즈테라피,hwaseong/byeongjeom-gu/화산동/shops/퀸즈테라피/index.html,예
hwaseong/byeongjeom-gu/화산동/shops/004/index.html,한국미인테라피,hwaseong/byeongjeom-gu/화산동/shops/한국미인테라피/index.html,예
hwaseong/byeongjeom-gu/화산동/shops/005/index.html,한국인골든테라피,hwaseong/byeongjeom-gu/화산동/shops/한국인골든테라피/index.html,예
hwaseong/dongtan-gu/shops/001/index.html,쥬쥬테라피,hwaseong/dongtan-gu/shops/001/index.html,아니오
hwaseong/dongtan-gu/shops/002/index.html,한국인골든테라피,hwaseong/dongtan-gu/shops/002/index.html,아니오
hwaseong/dongtan-gu/shops/003/index.html,오늘밤테라피,hwaseong/dongtan-gu/shops/003/index.html,아니오
hwaseong/dongtan-gu/shops/004/index.html,퀸즈테라피,hwaseong/dongtan-gu/shops/004/index.html,아니오
hwaseong/dongtan-gu/shops/005/index.html,한국미인테라피,hwaseong/dongtan-gu/shops/005/index.html,아니오
hwaseong/dongtan-gu/동탄동/shops/001/index.html,오늘밤테라피,hwaseong/dongtan-gu/동탄동/shops/오늘밤테라피/index.html,예
hwaseong/dongtan-gu/동탄동/shops/002/index.html,쥬쥬테라피,hwaseong/dongtan-gu/동탄동/shops/쥬쥬테라피/index.html,예
hwaseong/dongtan-gu/동탄동/shops/003/index.html,퀸즈테라피,hwaseong/dongtan-gu/동탄동/shops/퀸즈테라피/index.html,예
hwaseong/dongtan-gu/동탄동/shops/004/index.html,한국미인테라피,hwaseong/dongtan-gu/동탄동/shops/한국미인테라피/index.html,예
hwaseong/dongtan-gu/동탄동/shops/005/index.html,한국인골든테라피,hwaseong/dongtan-gu/동탄동/shops/한국인골든테라피/index.html,예
hwaseong/hyohaeng-gu/shops/001/index.html,쥬쥬테라피,hwaseong/hyohaeng-gu/shops/001/index.html,아니오
hwaseong/hyohaeng-gu/shops/002/index.html,한국인골든테라피,hwaseong/hyohaeng-gu/shops/002/index.html,아니오
hwaseong/hyohaeng-gu/shops/003/index.html,오늘밤테라피,hwaseong/hyohaeng-gu/shops/003/index.html,아니오
hwaseong/hyohaeng-gu/shops/004/index.html,퀸즈테라피,hwaseong/hyohaeng-gu/shops/004/index.html,아니오
hwaseong/hyohaeng-gu/shops/005/index.html,한국미인테라피,hwaseong/hyohaeng-gu/shops/005/index.html,아니오
hwaseong/hyohaeng-gu/기배동/shops/001/index.html,오늘밤테라피,hwaseong/hyohaeng-gu/기배동/shops/오늘밤테라피/index.html,예
hwaseong/hyohaeng-gu/기배동/shops/002/index.html,쥬쥬테라피,hwaseong/hyohaeng-gu/기배동/shops/쥬쥬테라피/index.html,예
hwaseong/hyohaeng-gu/기배동/shops/003/index.html,퀸즈테라피,hwaseong/hyohaeng-gu/기배동/shops/퀸즈테라피/index.html,예
hwaseong/hyohaeng-gu/기배동/shops/004/index.html,한국미인테라피,hwaseong/hyohaeng-gu/기배동/shops/한국미인테라피/index.html,예
hwaseong/hyohaeng-gu/기배동/shops/005/index.html,한국인골든테라피,hwaseong/hyohaeng-gu/기배동/shops/한국인골든테라피/index.html,예
hwaseong/hyohaeng-gu/매송면/shops/001/index.html,오늘밤테라피,hwaseong/hyohaeng-gu/매송면/shops/오늘밤테라피/index.html,예
hwaseong/hyohaeng-gu/매송면/shops/002/index.html,쥬쥬테라피,hwaseong/hyohaeng-gu/매송면/shops/쥬쥬테라피/index.html,예
hwaseong/hyohaeng-gu/매송면/shops/003/index.html,퀸즈테라피,hwaseong/hyohaeng-gu/매송면/shops/퀸즈테라피/index.html,예
hwaseong/hyohaeng-gu/매송면/shops/004/index.html,한국미인테라피,hwaseong/hyohaeng-gu/매송면/shops/한국미인테라피/index.html,예
hwaseong/hyohaeng-gu/매송면/shops/005/index.html,한국인골든테라피,hwaseong/hyohaeng-gu/매송면/shops/한국인골든테라피/index.html,예
hwaseong/hyohaeng-gu/봉담읍/shops/001/index.html,오늘밤테라피,hwaseong/hyohaeng-gu/봉담읍/shops/오늘밤테라피/index.html,예
hwaseong/hyohaeng-gu/봉담읍/shops/002/index.html,쥬쥬테라피,hwaseong/hyohaeng-gu/봉담읍/shops/쥬쥬테라피/index.html,예
hwaseong/hyohaeng-gu/봉담읍/shops/003/index.html,퀸즈테라피,hwaseong/hyohaeng-gu/봉담읍/shops/퀸즈테라피/index.html,예
hwaseong/hyohaeng-gu/봉담읍/shops/004/index.html,한국미인테라피,hwaseong/hyohaeng-gu/봉담읍/shops/한국미인테라피/index.html,예
hwaseong/hyohaeng-gu/봉담읍/shops/005/index.html,한국인골든테라피,hwaseong/hyohaeng-gu/봉담읍/shops/한국인골든테라피/index.html,예
hwaseong/hyohaeng-gu/비봉면/shops/001/index.html,오늘밤테라피,hwaseong/hyohaeng-gu/비봉면/shops/오늘밤테라피/index.html,예
hwaseong/hyohaeng-gu/비봉면/shops/002/index.html,쥬쥬테라피,hwaseong/hyohaeng-gu/비봉면/shops/쥬쥬테라피/index.html,예
hwaseong/hyohaeng-gu/비봉면/shops/003/index.html,퀸즈테라피,hwaseong/hyohaeng-gu/비봉면/shops/퀸즈테라피/index.html,예
hwaseong/hyohaeng-gu/비봉면/shops/004/index.html,한국미인테라피,hwaseong/hyohaeng-gu/비봉면/shops/한국미인테라피/index.html,예
hwaseong/hyohaeng-gu/비봉면/shops/005/index.html,한국인골든테라피,hwaseong/hyohaeng-gu/비봉면/shops/한국인골든테라피/index.html,예
hwaseong/hyohaeng-gu/정남면/shops/001/index.html,오늘밤테라피,hwaseong/hyohaeng-gu/정남면/shops/오늘밤테라피/index.html,예
hwaseong/hyohaeng-gu/정남면/shops/002/index.html,쥬쥬테라피,hwaseong/hyohaeng-gu/정남면/shops/쥬쥬테라피/index.html,예
hwaseong/hyohaeng-gu/정남면/shops/003/index.html,퀸즈테라피,hwaseong/hyohaeng-gu/정남면/shops/퀸즈테라피/index.html,예
hwaseong/hyohaeng-gu/정남면/shops/004/index.html,한국미인테라피,hwaseong/hyohaeng-gu/정남면/shops/한국미인테라피/index.html,예
hwaseong/hyohaeng-gu/정남면/shops/005/index.html,한국인골든테라피,hwaseong/hyohaeng-gu/정남면/shops/한국인골든테라피/index.html,예
hwaseong/manse-gu/shops/001/index.html,쥬쥬테라피,hwaseong/manse-gu/shops/001/index.html,아니오
hwaseong/manse-gu/shops/002/index.html,한국인골든테라피,hwaseong/manse-gu/shops/002/index.html,아니오
hwaseong/manse-gu/shops/003/index.html,오늘밤테라피,hwaseong/manse-gu/shops/003/index.html,아니오
hwaseong/manse-gu/shops/004/index.html,퀸즈테라피,hwaseong/manse-gu/shops/004/index.html,아니오
hwaseong/manse-gu/shops/005/index.html,한국미인테라피,hwaseong/manse-gu/shops/005/index.html,아니오
hwaseong/manse-gu/남양읍/shops/001/index.html,오늘밤테라피,hwaseong/manse-gu/남양읍/shops/오늘밤테라피/index.html,예
hwaseong/manse-gu/남양읍/shops/002/index.html,쥬쥬테라피,hwaseong/manse-gu/남양읍/shops/쥬쥬테라피/index.html,예
hwaseong/manse-gu/남양읍/shops/003/index.html,퀸즈테라피,hwaseong/manse-gu/남양읍/shops/퀸즈테라피/index.html,예
hwaseong/manse-gu/남양읍/shops/004/index.html,한국미인테라피,hwaseong/manse-gu/남양읍/shops/한국미인테라피/index.html,예
hwaseong/manse-gu/남양읍/shops/005/index.html,한국인골든테라피,hwaseong/manse-gu/남양읍/shops/한국인골든테라피/index.html,예
hwaseong/manse-gu/마도면/shops/001/index.html,오늘밤테라피,hwaseong/manse-gu/마도면/shops/오늘밤테라피/index.html,예
hwaseong/manse-gu/마도면/shops/002/index.html,쥬쥬테라피,hwaseong/manse-gu/마도면/shops/쥬쥬테라피/index.html,예
hwaseong/manse-gu/마도면/shops/003/index.html,퀸즈테라피,hwaseong/manse-gu/마도면/shops/퀸즈테라피/index.html,예
hwaseong/manse-gu/마도면/shops/004/index.html,한국미인테라피,hwaseong/manse-gu/마도면/shops/한국미인테라피/index.html,예
hwaseong/manse-gu/마도면/shops/005/index.html,한국인골든테라피,hwaseong/manse-gu/마도면/shops/한국인골든테라피/index.html,예
hwaseong/manse-gu/새솔동/shops/001/index.html,오늘밤테라피,hwaseong/manse-gu/새솔동/shops/오늘밤테라피/index.html,예
hwaseong/manse-gu/새솔동/shops/002/index.html,쥬쥬테라피,hwaseong/manse-gu/새솔동/shops/쥬쥬테라피/index.html,예
hwaseong/manse-gu/새솔동/shops/003/index.html,퀸즈테라피,hwaseong/manse-gu/새솔동/shops/퀸즈테라피/index.html,예
hwaseong/manse-gu/새솔동/shops/004/index.html,한국미인테라피,hwaseong/manse-gu/새솔동/shops/한국미인테라피/index.html,예
hwaseong/manse-gu/새솔동/shops/005/index.html,한국인골든테라피,hwaseong/manse-gu/새솔동/shops/한국인골든테라피/index.html,예
hwaseong/manse-gu/서신면/shops/001/index.html,오늘밤테라피,hwaseong/manse-gu/서신면/shops/오늘밤테라피/index.html,예
hwaseong/manse-gu/서신면/shops/002/index.html,쥬쥬테라피,hwaseong/manse-gu/서신면/shops/쥬쥬테라피/index.html,예
hwaseong/manse-gu/서신면/shops/003/index.html,퀸즈테라피,hwaseong/manse-gu/서신면/shops/퀸즈테라피/index.html,예
hwaseong/manse-gu/서신면/shops/004/index.html,한국미인테라피,hwaseong/manse-gu/서신면/shops/한국미인테라피/index.html,예
hwaseong/manse-gu/서신면/shops/005/index.html,한국인골든테라피,hwaseong/manse-gu/서신면/shops/한국인골든테라피/index.html,예
hwaseong/manse-gu/송산면/shops/001/index.html,오늘밤테라피,hwaseong/manse-gu/송산면/shops/오늘밤테라피/index.html,예
hwaseong/manse-gu/송산면/shops/002/index.html,쥬쥬테라피,hwaseong/manse-gu/송산면/shops/쥬쥬테라피/index.html,예
hwaseong/manse-gu/송산면/shops/003/index.html,퀸즈테라피,hwaseong/manse-gu/송산면/shops/퀸즈테라피/index.html,예
hwaseong/manse-gu/송산면/shops/004/index.html,한국미인테라피,hwaseong/manse-gu/송산면/shops/한국미인테라피/index.html,예
hwaseong/manse-gu/송산면/shops/005/index.html,한국인골든테라피,hwaseong/manse-gu/송산면/shops/한국인골든테라피/index.html,예
hwaseong/manse-gu/양감면/shops/001/index.html,오늘밤테라피,hwaseong/manse-gu/양감면/shops/오늘밤테라피/index.html,예
hwaseong/manse-gu/양감면/shops/002/index.html,쥬쥬테라피,hwaseong/manse-gu/양감면/shops/쥬쥬테라피/index.html,예
hwaseong/manse-gu/양감면/shops/003/index.html,퀸즈테라피,hwaseong/manse-gu/양감면/shops/퀸즈테라피/index.html,예
hwaseong/manse-gu/양감면/shops/004/index.html,한국미인테라피,hwaseong/manse-gu/양감면/shops/한국미인테라피/index.html,예
hwaseong/manse-gu/양감면/shops/005/index.html,한국인골든테라피,hwaseong/manse-gu/양감면/shops/한국인골든테라피/index.html,예
hwaseong/manse-gu/우정읍/shops/001/index.html,오늘밤테라피,hwaseong/manse-gu/우정읍/shops/오늘밤테라피/index.html,예
hwaseong/manse-gu/우정읍/shops/002/index.html,쥬쥬테라피,hwaseong/manse-gu/우정읍/shops/쥬쥬테라피/index.html,예
hwaseong/manse-gu/우정읍/shops/003/index.html,퀸즈테라피,hwaseong/manse-gu/우정읍/shops/퀸즈테라피/index.html,예
hwaseong/manse-gu/우정읍/shops/004/index.html,한국미인테라피,hwaseong/manse-gu/우정읍/shops/한국미인테라피/index.html,예
hwaseong/manse-gu/우정읍/shops/005/index.html,한국인골든테라피,hwaseong/manse-gu/우정읍/shops/한국인골든테라피/index.html,예
hwaseong/manse-gu/장안면/shops/001/index.html,오늘밤테라피,hwaseong/manse-gu/장안면/shops/오늘밤테라피/index.html,예
hwaseong/manse-gu/장안면/shops/002/index.html,쥬쥬테라피,hwaseong/manse-gu/장안면/shops/쥬쥬테라피/index.html,예
hwaseong/manse-gu/장안면/shops/003/index.html,퀸즈테라피,hwaseong/manse-gu/장안면/shops/퀸즈테라피/index.html,예
hwaseong/manse-gu/장안면/shops/004/index.html,한국미인테라피,hwaseong/manse-gu/장안면/shops/한국미인테라피/index.html,예
hwaseong/manse-gu/장안면/shops/005/index.html,한국인골든테라피,hwaseong/manse-gu/장안면/shops/한국인골든테라피/index.html,예
hwaseong/manse-gu/팔탄면/shops/001/index.html,오늘밤테라피,hwaseong/manse-gu/팔탄면/shops/오늘밤테라피/index.html,예
hwaseong/manse-gu/팔탄면/shops/002/index.html,쥬쥬테라피,hwaseong/manse-gu/팔탄면/shops/쥬쥬테라피/index.html,예
hwaseong/manse-gu/팔탄면/shops/003/index.html,퀸즈테라피,hwaseong/manse-gu/팔탄면/shops/퀸즈테라피/index.html,예
hwaseong/manse-gu/팔탄면/shops/004/index.html,한국미인테라피,hwaseong/manse-gu/팔탄면/shops/한국미인테라피/index.html,예
hwaseong/manse-gu/팔탄면/shops/005/index.html,한국인골든테라피,hwaseong/manse-gu/팔탄면/shops/한국인골든테라피/index.html,예
hwaseong/manse-gu/향남읍/shops/001/index.html,오늘밤테라피,hwaseong/manse-gu/향남읍/shops/오늘밤테라피/index.html,예
hwaseong/manse-gu/향남읍/shops/002/index.html,쥬쥬테라피,hwaseong/manse-gu/향남읍/shops/쥬쥬테라피/index.html,예
hwaseong/manse-gu/향남읍/shops/003/index.html,퀸즈테라피,hwaseong/manse-gu/향남읍/shops/퀸즈테라피/index.html,예
hwaseong/manse-gu/향남읍/shops/004/index.html,한국미인테라피,hwaseong/manse-gu/향남읍/shops/한국미인테라피/index.html,예
hwaseong/manse-gu/향남읍/shops/005/index.html,한국인골든테라피,hwaseong/manse-gu/향남읍/shops/한국인골든테라피/index.html,예
hwaseong/shops/001/index.html,쥬쥬테라피,hwaseong/shops/001/index.html,아니오
hwaseong/shops/002/index.html,한국인골든테라피,hwaseong/shops/002/index.html,아니오
hwaseong/shops/003/index.html,오늘밤테라피,hwaseong/shops/003/index.html,아니오
hwaseong/shops/004/index.html,퀸즈테라피,hwaseong/shops/004/index.html,아니오
hwaseong/shops/005/index.html,한국미인테라피,hwaseong/shops/005/index.html,아니오
icheon/shops/001/index.html,쥬쥬테라피,icheon/shops/001/index.html,아니오
icheon/shops/002/index.html,한국인골든테라피,icheon/shops/002/index.html,아니오
icheon/shops/003/index.html,오늘밤테라피,icheon/shops/003/index.html,아니오
icheon/shops/004/index.html,퀸즈테라피,icheon/shops/004/index.html,아니오
icheon/shops/005/index.html,한국미인테라피,icheon/shops/005/index.html,아니오
icheon/관고동/shops/001/index.html,오늘밤테라피,icheon/관고동/shops/오늘밤테라피/index.html,예
icheon/관고동/shops/002/index.html,쥬쥬테라피,icheon/관고동/shops/쥬쥬테라피/index.html,예
icheon/관고동/shops/003/index.html,퀸즈테라피,icheon/관고동/shops/퀸즈테라피/index.html,예
icheon/관고동/shops/004/index.html,한국미인테라피,icheon/관고동/shops/한국미인테라피/index.html,예
icheon/관고동/shops/005/index.html,한국인골든테라피,icheon/관고동/shops/한국인골든테라피/index.html,예
icheon/대월면/shops/001/index.html,오늘밤테라피,icheon/대월면/shops/오늘밤테라피/index.html,예
icheon/대월면/shops/002/index.html,쥬쥬테라피,icheon/대월면/shops/쥬쥬테라피/index.html,예
icheon/대월면/shops/003/index.html,퀸즈테라피,icheon/대월면/shops/퀸즈테라피/index.html,예
icheon/대월면/shops/004/index.html,한국미인테라피,icheon/대월면/shops/한국미인테라피/index.html,예
icheon/대월면/shops/005/index.html,한국인골든테라피,icheon/대월면/shops/한국인골든테라피/index.html,예
icheon/마장면/shops/001/index.html,오늘밤테라피,icheon/마장면/shops/오늘밤테라피/index.html,예
icheon/마장면/shops/002/index.html,쥬쥬테라피,icheon/마장면/shops/쥬쥬테라피/index.html,예
icheon/마장면/shops/003/index.html,퀸즈테라피,icheon/마장면/shops/퀸즈테라피/index.html,예
icheon/마장면/shops/004/index.html,한국미인테라피,icheon/마장면/shops/한국미인테라피/index.html,예
icheon/마장면/shops/005/index.html,한국인골든테라피,icheon/마장면/shops/한국인골든테라피/index.html,예
icheon/모가면/shops/001/index.html,오늘밤테라피,icheon/모가면/shops/오늘밤테라피/index.html,예
icheon/모가면/shops/002/index.html,쥬쥬테라피,icheon/모가면/shops/쥬쥬테라피/index.html,예
icheon/모가면/shops/003/index.html,퀸즈테라피,icheon/모가면/shops/퀸즈테라피/index.html,예
icheon/모가면/shops/004/index.html,한국미인테라피,icheon/모가면/shops/한국미인테라피/index.html,예
icheon/모가면/shops/005/index.html,한국인골든테라피,icheon/모가면/shops/한국인골든테라피/index.html,예
icheon/백사면/shops/001/index.html,오늘밤테라피,icheon/백사면/shops/오늘밤테라피/index.html,예
icheon/백사면/shops/002/index.html,쥬쥬테라피,icheon/백사면/shops/쥬쥬테라피/index.html,예
icheon/백사면/shops/003/index.html,퀸즈테라피,icheon/백사면/shops/퀸즈테라피/index.html,예
icheon/백사면/shops/004/index.html,한국미인테라피,icheon/백사면/shops/한국미인테라피/index.html,예
icheon/백사면/shops/005/index.html,한국인골든테라피,icheon/백사면/shops/한국인골든테라피/index.html,예
icheon/부발읍/shops/001/index.html,오늘밤테라피,icheon/부발읍/shops/오늘밤테라피/index.html,예
icheon/부발읍/shops/002/index.html,쥬쥬테라피,icheon/부발읍/shops/쥬쥬테라피/index.html,예
icheon/부발읍/shops/003/index.html,퀸즈테라피,icheon/부발읍/shops/퀸즈테라피/index.html,예
icheon/부발읍/shops/004/index.html,한국미인테라피,icheon/부발읍/shops/한국미인테라피/index.html,예
icheon/부발읍/shops/005/index.html,한국인골든테라피,icheon/부발읍/shops/한국인골든테라피/index.html,예
icheon/설성면/shops/001/index.html,오늘밤테라피,icheon/설성면/shops/오늘밤테라피/index.html,예
icheon/설성면/shops/002/index.html,쥬쥬테라피,icheon/설성면/shops/쥬쥬테라피/index.html,예
icheon/설성면/shops/003/index.html,퀸즈테라피,icheon/설성면/shops/퀸즈테라피/index.html,예
icheon/설성면/shops/004/index.html,한국미인테라피,icheon/설성면/shops/한국미인테라피/index.html,예
icheon/설성면/shops/005/index.html,한국인골든테라피,icheon/설성면/shops/한국인골든테라피/index.html,예
icheon/신둔면/shops/001/index.html,오늘밤테라피,icheon/신둔면/shops/오늘밤테라피/index.html,예
icheon/신둔면/shops/002/index.html,쥬쥬테라피,icheon/신둔면/shops/쥬쥬테라피/index.html,예
icheon/신둔면/shops/003/index.html,퀸즈테라피,icheon/신둔면/shops/퀸즈테라피/index.html,예
icheon/신둔면/shops/004/index.html,한국미인테라피,icheon/신둔면/shops/한국미인테라피/index.html,예
icheon/신둔면/shops/005/index.html,한국인골든테라피,icheon/신둔면/shops/한국인골든테라피/index.html,예
icheon/율면/shops/001/index.html,오늘밤테라피,icheon/율면/shops/오늘밤테라피/index.html,예
icheon/율면/shops/002/index.html,쥬쥬테라피,icheon/율면/shops/쥬쥬테라피/index.html,예
icheon/율면/shops/003/index.html,퀸즈테라피,icheon/율면/shops/퀸즈테라피/index.html,예
icheon/율면/shops/004/index.html,한국미인테라피,icheon/율면/shops/한국미인테라피/index.html,예
icheon/율면/shops/005/index.html,한국인골든테라피,icheon/율면/shops/한국인골든테라피/index.html,예
icheon/장호원읍/shops/001/index.html,오늘밤테라피,icheon/장호원읍/shops/오늘밤테라피/index.html,예
icheon/장호원읍/shops/002/index.html,쥬쥬테라피,icheon/장호원읍/shops/쥬쥬테라피/index.html,예
icheon/장호원읍/shops/003/index.html,퀸즈테라피,icheon/장호원읍/shops/퀸즈테라피/index.html,예
icheon/장호원읍/shops/004/index.html,한국미인테라피,icheon/장호원읍/shops/한국미인테라피/index.html,예
icheon/장호원읍/shops/005/index.html,한국인골든테라피,icheon/장호원읍/shops/한국인골든테라피/index.html,예
icheon/중리동/shops/001/index.html,오늘밤테라피,icheon/중리동/shops/오늘밤테라피/index.html,예
icheon/중리동/shops/002/index.html,쥬쥬테라피,icheon/중리동/shops/쥬쥬테라피/index.html,예
icheon/중리동/shops/003/index.html,퀸즈테라피,icheon/중리동/shops/퀸즈테라피/index.html,예
icheon/중리동/shops/004/index.html,한국미인테라피,icheon/중리동/shops/한국미인테라피/index.html,예
icheon/중리동/shops/005/index.html,한국인골든테라피,icheon/중리동/shops/한국인골든테라피/index.html,예
icheon/증포동/shops/001/index.html,오늘밤테라피,icheon/증포동/shops/오늘밤테라피/index.html,예
icheon/증포동/shops/002/index.html,쥬쥬테라피,icheon/증포동/shops/쥬쥬테라피/index.html,예
icheon/증포동/shops/003/index.html,퀸즈테라피,icheon/증포동/shops/퀸즈테라피/index.html,예
icheon/증포동/shops/004/index.html,한국미인테라피,icheon/증포동/shops/한국미인테라피/index.html,예
icheon/증포동/shops/005/index.html,한국인골든테라피,icheon/증포동/shops/한국인골든테라피/index.html,예
icheon/창전동/shops/001/index.html,오늘밤테라피,icheon/창전동/shops/오늘밤테라피/index.html,예
icheon/창전동/shops/002/index.html,쥬쥬테라피,icheon/창전동/shops/쥬쥬테라피/index.html,예
icheon/창전동/shops/003/index.html,퀸즈테라피,icheon/창전동/shops/퀸즈테라피/index.html,예
icheon/창전동/shops/004/index.html,한국미인테라피,icheon/창전동/shops/한국미인테라피/index.html,예
icheon/창전동/shops/005/index.html,한국인골든테라피,icheon/창전동/shops/한국인골든테라피/index.html,예
icheon/호법면/shops/001/index.html,오늘밤테라피,icheon/호법면/shops/오늘밤테라피/index.html,예
icheon/호법면/shops/002/index.html,쥬쥬테라피,icheon/호법면/shops/쥬쥬테라피/index.html,예
icheon/호법면/shops/003/index.html,퀸즈테라피,icheon/호법면/shops/퀸즈테라피/index.html,예
icheon/호법면/shops/004/index.html,한국미인테라피,icheon/호법면/shops/한국미인테라피/index.html,예
icheon/호법면/shops/005/index.html,한국인골든테라피,icheon/호법면/shops/한국인골든테라피/index.html,예
iksan/shops/001/index.html,상큼테라피,iksan/shops/001/index.html,아니오
iksan/금마면/shops/001/index.html,상큼테라피,iksan/금마면/shops/상큼테라피/index.html,예
iksan/남중동/shops/001/index.html,상큼테라피,iksan/남중동/shops/상큼테라피/index.html,예
iksan/낭산면/shops/001/index.html,상큼테라피,iksan/낭산면/shops/상큼테라피/index.html,예
iksan/동산동/shops/001/index.html,상큼테라피,iksan/동산동/shops/상큼테라피/index.html,예
iksan/마동/shops/001/index.html,상큼테라피,iksan/마동/shops/상큼테라피/index.html,예
iksan/망성면/shops/001/index.html,상큼테라피,iksan/망성면/shops/상큼테라피/index.html,예
iksan/모현동/shops/001/index.html,상큼테라피,iksan/모현동/shops/상큼테라피/index.html,예
iksan/삼기면/shops/001/index.html,상큼테라피,iksan/삼기면/shops/상큼테라피/index.html,예
iksan/삼성동/shops/001/index.html,상큼테라피,iksan/삼성동/shops/상큼테라피/index.html,예
iksan/성당면/shops/001/index.html,상큼테라피,iksan/성당면/shops/상큼테라피/index.html,예
iksan/송학동/shops/001/index.html,상큼테라피,iksan/송학동/shops/상큼테라피/index.html,예
iksan/신동/shops/001/index.html,상큼테라피,iksan/신동/shops/상큼테라피/index.html,예
iksan/어양동/shops/001/index.html,상큼테라피,iksan/어양동/shops/상큼테라피/index.html,예
iksan/여산면/shops/001/index.html,상큼테라피,iksan/여산면/shops/상큼테라피/index.html,예
iksan/영등동/shops/001/index.html,상큼테라피,iksan/영등동/shops/상큼테라피/index.html,예
iksan/오산면/shops/001/index.html,상큼테라피,iksan/오산면/shops/상큼테라피/index.html,예
iksan/왕궁면/shops/001/index.html,상큼테라피,iksan/왕궁면/shops/상큼테라피/index.html,예
iksan/용동면/shops/001/index.html,상큼테라피,iksan/용동면/shops/상큼테라피/index.html,예
iksan/용안면/shops/001/index.html,상큼테라피,iksan/용안면/shops/상큼테라피/index.html,예
iksan/웅포면/shops/001/index.html,상큼테라피,iksan/웅포면/shops/상큼테라피/index.html,예
iksan/인화동/shops/001/index.html,상큼테라피,iksan/인화동/shops/상큼테라피/index.html,예
iksan/중앙동/shops/001/index.html,상큼테라피,iksan/중앙동/shops/상큼테라피/index.html,예
iksan/춘포면/shops/001/index.html,상큼테라피,iksan/춘포면/shops/상큼테라피/index.html,예
iksan/팔봉동/shops/001/index.html,상큼테라피,iksan/팔봉동/shops/상큼테라피/index.html,예
iksan/평화동/shops/001/index.html,상큼테라피,iksan/평화동/shops/상큼테라피/index.html,예
iksan/함라면/shops/001/index.html,상큼테라피,iksan/함라면/shops/상큼테라피/index.html,예
iksan/함열읍/shops/001/index.html,상큼테라피,iksan/함열읍/shops/상큼테라피/index.html,예
iksan/황등면/shops/001/index.html,상큼테라피,iksan/황등면/shops/상큼테라피/index.html,예
incheon/shops/001/index.html,쥬쥬테라피,incheon/shops/001/index.html,아니오
incheon/shops/002/index.html,한국인골든테라피,incheon/shops/002/index.html,아니오
incheon/shops/003/index.html,오늘밤테라피,incheon/shops/003/index.html,아니오
incheon/shops/004/index.html,퀸즈테라피,incheon/shops/004/index.html,아니오
incheon/shops/005/index.html,한국미인테라피,incheon/shops/005/index.html,아니오
jemulpo-gu/shops/001/index.html,쥬쥬테라피,jemulpo-gu/shops/001/index.html,아니오
jemulpo-gu/shops/002/index.html,한국인골든테라피,jemulpo-gu/shops/002/index.html,아니오
jemulpo-gu/shops/003/index.html,오늘밤테라피,jemulpo-gu/shops/003/index.html,아니오
jemulpo-gu/shops/004/index.html,퀸즈테라피,jemulpo-gu/shops/004/index.html,아니오
jemulpo-gu/shops/005/index.html,한국미인테라피,jemulpo-gu/shops/005/index.html,아니오
jemulpo-gu/개항동/shops/001/index.html,오늘밤테라피,jemulpo-gu/개항동/shops/오늘밤테라피/index.html,예
jemulpo-gu/개항동/shops/002/index.html,쥬쥬테라피,jemulpo-gu/개항동/shops/쥬쥬테라피/index.html,예
jemulpo-gu/개항동/shops/003/index.html,퀸즈테라피,jemulpo-gu/개항동/shops/퀸즈테라피/index.html,예
jemulpo-gu/개항동/shops/004/index.html,한국미인테라피,jemulpo-gu/개항동/shops/한국미인테라피/index.html,예
jemulpo-gu/개항동/shops/005/index.html,한국인골든테라피,jemulpo-gu/개항동/shops/한국인골든테라피/index.html,예
jemulpo-gu/금창동/shops/001/index.html,오늘밤테라피,jemulpo-gu/금창동/shops/오늘밤테라피/index.html,예
jemulpo-gu/금창동/shops/002/index.html,쥬쥬테라피,jemulpo-gu/금창동/shops/쥬쥬테라피/index.html,예
jemulpo-gu/금창동/shops/003/index.html,퀸즈테라피,jemulpo-gu/금창동/shops/퀸즈테라피/index.html,예
jemulpo-gu/금창동/shops/004/index.html,한국미인테라피,jemulpo-gu/금창동/shops/한국미인테라피/index.html,예
jemulpo-gu/금창동/shops/005/index.html,한국인골든테라피,jemulpo-gu/금창동/shops/한국인골든테라피/index.html,예
jemulpo-gu/도원동/shops/001/index.html,오늘밤테라피,jemulpo-gu/도원동/shops/오늘밤테라피/index.html,예
jemulpo-gu/도원동/shops/002/index.html,쥬쥬테라피,jemulpo-gu/도원동/shops/쥬쥬테라피/index.html,예
jemulpo-gu/도원동/shops/003/index.html,퀸즈테라피,jemulpo-gu/도원동/shops/퀸즈테라피/index.html,예
jemulpo-gu/도원동/shops/004/index.html,한국미인테라피,jemulpo-gu/도원동/shops/한국미인테라피/index.html,예
jemulpo-gu/도원동/shops/005/index.html,한국인골든테라피,jemulpo-gu/도원동/shops/한국인골든테라피/index.html,예
jemulpo-gu/동인천동/shops/001/index.html,오늘밤테라피,jemulpo-gu/동인천동/shops/오늘밤테라피/index.html,예
jemulpo-gu/동인천동/shops/002/index.html,쥬쥬테라피,jemulpo-gu/동인천동/shops/쥬쥬테라피/index.html,예
jemulpo-gu/동인천동/shops/003/index.html,퀸즈테라피,jemulpo-gu/동인천동/shops/퀸즈테라피/index.html,예
jemulpo-gu/동인천동/shops/004/index.html,한국미인테라피,jemulpo-gu/동인천동/shops/한국미인테라피/index.html,예
jemulpo-gu/동인천동/shops/005/index.html,한국인골든테라피,jemulpo-gu/동인천동/shops/한국인골든테라피/index.html,예
jemulpo-gu/만석동/shops/001/index.html,오늘밤테라피,jemulpo-gu/만석동/shops/오늘밤테라피/index.html,예
jemulpo-gu/만석동/shops/002/index.html,쥬쥬테라피,jemulpo-gu/만석동/shops/쥬쥬테라피/index.html,예
jemulpo-gu/만석동/shops/003/index.html,퀸즈테라피,jemulpo-gu/만석동/shops/퀸즈테라피/index.html,예
jemulpo-gu/만석동/shops/004/index.html,한국미인테라피,jemulpo-gu/만석동/shops/한국미인테라피/index.html,예
jemulpo-gu/만석동/shops/005/index.html,한국인골든테라피,jemulpo-gu/만석동/shops/한국인골든테라피/index.html,예
jemulpo-gu/송림동/shops/001/index.html,오늘밤테라피,jemulpo-gu/송림동/shops/오늘밤테라피/index.html,예
jemulpo-gu/송림동/shops/002/index.html,쥬쥬테라피,jemulpo-gu/송림동/shops/쥬쥬테라피/index.html,예
jemulpo-gu/송림동/shops/003/index.html,퀸즈테라피,jemulpo-gu/송림동/shops/퀸즈테라피/index.html,예
jemulpo-gu/송림동/shops/004/index.html,한국미인테라피,jemulpo-gu/송림동/shops/한국미인테라피/index.html,예
jemulpo-gu/송림동/shops/005/index.html,한국인골든테라피,jemulpo-gu/송림동/shops/한국인골든테라피/index.html,예
jemulpo-gu/송현1.2동/shops/001/index.html,오늘밤테라피,jemulpo-gu/송현1.2동/shops/오늘밤테라피/index.html,예
jemulpo-gu/송현1.2동/shops/002/index.html,쥬쥬테라피,jemulpo-gu/송현1.2동/shops/쥬쥬테라피/index.html,예
jemulpo-gu/송현1.2동/shops/003/index.html,퀸즈테라피,jemulpo-gu/송현1.2동/shops/퀸즈테라피/index.html,예
jemulpo-gu/송현1.2동/shops/004/index.html,한국미인테라피,jemulpo-gu/송현1.2동/shops/한국미인테라피/index.html,예
jemulpo-gu/송현1.2동/shops/005/index.html,한국인골든테라피,jemulpo-gu/송현1.2동/shops/한국인골든테라피/index.html,예
jemulpo-gu/송현동/shops/001/index.html,오늘밤테라피,jemulpo-gu/송현동/shops/오늘밤테라피/index.html,예
jemulpo-gu/송현동/shops/002/index.html,쥬쥬테라피,jemulpo-gu/송현동/shops/쥬쥬테라피/index.html,예
jemulpo-gu/송현동/shops/003/index.html,퀸즈테라피,jemulpo-gu/송현동/shops/퀸즈테라피/index.html,예
jemulpo-gu/송현동/shops/004/index.html,한국미인테라피,jemulpo-gu/송현동/shops/한국미인테라피/index.html,예
jemulpo-gu/송현동/shops/005/index.html,한국인골든테라피,jemulpo-gu/송현동/shops/한국인골든테라피/index.html,예
jemulpo-gu/신포동/shops/001/index.html,오늘밤테라피,jemulpo-gu/신포동/shops/오늘밤테라피/index.html,예
jemulpo-gu/신포동/shops/002/index.html,쥬쥬테라피,jemulpo-gu/신포동/shops/쥬쥬테라피/index.html,예
jemulpo-gu/신포동/shops/003/index.html,퀸즈테라피,jemulpo-gu/신포동/shops/퀸즈테라피/index.html,예
jemulpo-gu/신포동/shops/004/index.html,한국미인테라피,jemulpo-gu/신포동/shops/한국미인테라피/index.html,예
jemulpo-gu/신포동/shops/005/index.html,한국인골든테라피,jemulpo-gu/신포동/shops/한국인골든테라피/index.html,예
jemulpo-gu/신흥동/shops/001/index.html,오늘밤테라피,jemulpo-gu/신흥동/shops/오늘밤테라피/index.html,예
jemulpo-gu/신흥동/shops/002/index.html,쥬쥬테라피,jemulpo-gu/신흥동/shops/쥬쥬테라피/index.html,예
jemulpo-gu/신흥동/shops/003/index.html,퀸즈테라피,jemulpo-gu/신흥동/shops/퀸즈테라피/index.html,예
jemulpo-gu/신흥동/shops/004/index.html,한국미인테라피,jemulpo-gu/신흥동/shops/한국미인테라피/index.html,예
jemulpo-gu/신흥동/shops/005/index.html,한국인골든테라피,jemulpo-gu/신흥동/shops/한국인골든테라피/index.html,예
jemulpo-gu/연안동/shops/001/index.html,오늘밤테라피,jemulpo-gu/연안동/shops/오늘밤테라피/index.html,예
jemulpo-gu/연안동/shops/002/index.html,쥬쥬테라피,jemulpo-gu/연안동/shops/쥬쥬테라피/index.html,예
jemulpo-gu/연안동/shops/003/index.html,퀸즈테라피,jemulpo-gu/연안동/shops/퀸즈테라피/index.html,예
jemulpo-gu/연안동/shops/004/index.html,한국미인테라피,jemulpo-gu/연안동/shops/한국미인테라피/index.html,예
jemulpo-gu/연안동/shops/005/index.html,한국인골든테라피,jemulpo-gu/연안동/shops/한국인골든테라피/index.html,예
jemulpo-gu/율목동/shops/001/index.html,오늘밤테라피,jemulpo-gu/율목동/shops/오늘밤테라피/index.html,예
jemulpo-gu/율목동/shops/002/index.html,쥬쥬테라피,jemulpo-gu/율목동/shops/쥬쥬테라피/index.html,예
jemulpo-gu/율목동/shops/003/index.html,퀸즈테라피,jemulpo-gu/율목동/shops/퀸즈테라피/index.html,예
jemulpo-gu/율목동/shops/004/index.html,한국미인테라피,jemulpo-gu/율목동/shops/한국미인테라피/index.html,예
jemulpo-gu/율목동/shops/005/index.html,한국인골든테라피,jemulpo-gu/율목동/shops/한국인골든테라피/index.html,예
jemulpo-gu/화수1.화평동/shops/001/index.html,오늘밤테라피,jemulpo-gu/화수1.화평동/shops/오늘밤테라피/index.html,예
jemulpo-gu/화수1.화평동/shops/002/index.html,쥬쥬테라피,jemulpo-gu/화수1.화평동/shops/쥬쥬테라피/index.html,예
jemulpo-gu/화수1.화평동/shops/003/index.html,퀸즈테라피,jemulpo-gu/화수1.화평동/shops/퀸즈테라피/index.html,예
jemulpo-gu/화수1.화평동/shops/004/index.html,한국미인테라피,jemulpo-gu/화수1.화평동/shops/한국미인테라피/index.html,예
jemulpo-gu/화수1.화평동/shops/005/index.html,한국인골든테라피,jemulpo-gu/화수1.화평동/shops/한국인골든테라피/index.html,예
jemulpo-gu/화수동/shops/001/index.html,오늘밤테라피,jemulpo-gu/화수동/shops/오늘밤테라피/index.html,예
jemulpo-gu/화수동/shops/002/index.html,쥬쥬테라피,jemulpo-gu/화수동/shops/쥬쥬테라피/index.html,예
jemulpo-gu/화수동/shops/003/index.html,퀸즈테라피,jemulpo-gu/화수동/shops/퀸즈테라피/index.html,예
jemulpo-gu/화수동/shops/004/index.html,한국미인테라피,jemulpo-gu/화수동/shops/한국미인테라피/index.html,예
jemulpo-gu/화수동/shops/005/index.html,한국인골든테라피,jemulpo-gu/화수동/shops/한국인골든테라피/index.html,예
jeonju/deokjin-gu/shops/001/index.html,다온테라피,jeonju/deokjin-gu/shops/001/index.html,아니오
jeonju/deokjin-gu/shops/002/index.html,상큼테라피,jeonju/deokjin-gu/shops/002/index.html,아니오
jeonju/deokjin-gu/금암동/shops/001/index.html,다온테라피,jeonju/deokjin-gu/금암동/shops/다온테라피/index.html,예
jeonju/deokjin-gu/금암동/shops/002/index.html,상큼테라피,jeonju/deokjin-gu/금암동/shops/상큼테라피/index.html,예
jeonju/deokjin-gu/덕진동/shops/001/index.html,다온테라피,jeonju/deokjin-gu/덕진동/shops/다온테라피/index.html,예
jeonju/deokjin-gu/덕진동/shops/002/index.html,상큼테라피,jeonju/deokjin-gu/덕진동/shops/상큼테라피/index.html,예
jeonju/deokjin-gu/송천동/shops/001/index.html,다온테라피,jeonju/deokjin-gu/송천동/shops/다온테라피/index.html,예
jeonju/deokjin-gu/송천동/shops/002/index.html,상큼테라피,jeonju/deokjin-gu/송천동/shops/상큼테라피/index.html,예
jeonju/deokjin-gu/여의동/shops/001/index.html,다온테라피,jeonju/deokjin-gu/여의동/shops/다온테라피/index.html,예
jeonju/deokjin-gu/여의동/shops/002/index.html,상큼테라피,jeonju/deokjin-gu/여의동/shops/상큼테라피/index.html,예
jeonju/deokjin-gu/우아동/shops/001/index.html,다온테라피,jeonju/deokjin-gu/우아동/shops/다온테라피/index.html,예
jeonju/deokjin-gu/우아동/shops/002/index.html,상큼테라피,jeonju/deokjin-gu/우아동/shops/상큼테라피/index.html,예
jeonju/deokjin-gu/인후동/shops/001/index.html,다온테라피,jeonju/deokjin-gu/인후동/shops/다온테라피/index.html,예
jeonju/deokjin-gu/인후동/shops/002/index.html,상큼테라피,jeonju/deokjin-gu/인후동/shops/상큼테라피/index.html,예
jeonju/deokjin-gu/조촌동/shops/001/index.html,다온테라피,jeonju/deokjin-gu/조촌동/shops/다온테라피/index.html,예
jeonju/deokjin-gu/조촌동/shops/002/index.html,상큼테라피,jeonju/deokjin-gu/조촌동/shops/상큼테라피/index.html,예
jeonju/deokjin-gu/진북동/shops/001/index.html,다온테라피,jeonju/deokjin-gu/진북동/shops/다온테라피/index.html,예
jeonju/deokjin-gu/진북동/shops/002/index.html,상큼테라피,jeonju/deokjin-gu/진북동/shops/상큼테라피/index.html,예
jeonju/deokjin-gu/팔복동/shops/001/index.html,다온테라피,jeonju/deokjin-gu/팔복동/shops/다온테라피/index.html,예
jeonju/deokjin-gu/팔복동/shops/002/index.html,상큼테라피,jeonju/deokjin-gu/팔복동/shops/상큼테라피/index.html,예
jeonju/deokjin-gu/혁신동/shops/001/index.html,다온테라피,jeonju/deokjin-gu/혁신동/shops/다온테라피/index.html,예
jeonju/deokjin-gu/혁신동/shops/002/index.html,상큼테라피,jeonju/deokjin-gu/혁신동/shops/상큼테라피/index.html,예
jeonju/deokjin-gu/호성동/shops/001/index.html,다온테라피,jeonju/deokjin-gu/호성동/shops/다온테라피/index.html,예
jeonju/deokjin-gu/호성동/shops/002/index.html,상큼테라피,jeonju/deokjin-gu/호성동/shops/상큼테라피/index.html,예
jeonju/shops/001/index.html,다온테라피,jeonju/shops/001/index.html,아니오
jeonju/shops/002/index.html,상큼테라피,jeonju/shops/002/index.html,아니오
jeonju/wansan-gu/shops/001/index.html,다온테라피,jeonju/wansan-gu/shops/001/index.html,아니오
jeonju/wansan-gu/shops/002/index.html,상큼테라피,jeonju/wansan-gu/shops/002/index.html,아니오
jeonju/wansan-gu/노송동/shops/001/index.html,다온테라피,jeonju/wansan-gu/노송동/shops/다온테라피/index.html,예
jeonju/wansan-gu/노송동/shops/002/index.html,상큼테라피,jeonju/wansan-gu/노송동/shops/상큼테라피/index.html,예
jeonju/wansan-gu/동서학동/shops/001/index.html,다온테라피,jeonju/wansan-gu/동서학동/shops/다온테라피/index.html,예
jeonju/wansan-gu/동서학동/shops/002/index.html,상큼테라피,jeonju/wansan-gu/동서학동/shops/상큼테라피/index.html,예
jeonju/wansan-gu/삼천동/shops/001/index.html,다온테라피,jeonju/wansan-gu/삼천동/shops/다온테라피/index.html,예
jeonju/wansan-gu/삼천동/shops/002/index.html,상큼테라피,jeonju/wansan-gu/삼천동/shops/상큼테라피/index.html,예
jeonju/wansan-gu/서서학동/shops/001/index.html,다온테라피,jeonju/wansan-gu/서서학동/shops/다온테라피/index.html,예
jeonju/wansan-gu/서서학동/shops/002/index.html,상큼테라피,jeonju/wansan-gu/서서학동/shops/상큼테라피/index.html,예
jeonju/wansan-gu/서신동/shops/001/index.html,다온테라피,jeonju/wansan-gu/서신동/shops/다온테라피/index.html,예
jeonju/wansan-gu/서신동/shops/002/index.html,상큼테라피,jeonju/wansan-gu/서신동/shops/상큼테라피/index.html,예
jeonju/wansan-gu/완산동/shops/001/index.html,다온테라피,jeonju/wansan-gu/완산동/shops/다온테라피/index.html,예
jeonju/wansan-gu/완산동/shops/002/index.html,상큼테라피,jeonju/wansan-gu/완산동/shops/상큼테라피/index.html,예
jeonju/wansan-gu/중앙동/shops/001/index.html,다온테라피,jeonju/wansan-gu/중앙동/shops/다온테라피/index.html,예
jeonju/wansan-gu/중앙동/shops/002/index.html,상큼테라피,jeonju/wansan-gu/중앙동/shops/상큼테라피/index.html,예
jeonju/wansan-gu/중화산동/shops/001/index.html,다온테라피,jeonju/wansan-gu/중화산동/shops/다온테라피/index.html,예
jeonju/wansan-gu/중화산동/shops/002/index.html,상큼테라피,jeonju/wansan-gu/중화산동/shops/상큼테라피/index.html,예
jeonju/wansan-gu/평화동/shops/001/index.html,다온테라피,jeonju/wansan-gu/평화동/shops/다온테라피/index.html,예
jeonju/wansan-gu/평화동/shops/002/index.html,상큼테라피,jeonju/wansan-gu/평화동/shops/상큼테라피/index.html,예
jeonju/wansan-gu/풍남동/shops/001/index.html,다온테라피,jeonju/wansan-gu/풍남동/shops/다온테라피/index.html,예
jeonju/wansan-gu/풍남동/shops/002/index.html,상큼테라피,jeonju/wansan-gu/풍남동/shops/상큼테라피/index.html,예
jeonju/wansan-gu/효자동/shops/001/index.html,다온테라피,jeonju/wansan-gu/효자동/shops/다온테라피/index.html,예
jeonju/wansan-gu/효자동/shops/002/index.html,상큼테라피,jeonju/wansan-gu/효자동/shops/상큼테라피/index.html,예
jongno-gu/shops/001/index.html,쥬쥬테라피,jongno-gu/shops/001/index.html,아니오
jongno-gu/shops/002/index.html,한국인골든테라피,jongno-gu/shops/002/index.html,아니오
jongno-gu/shops/003/index.html,오늘밤테라피,jongno-gu/shops/003/index.html,아니오
jongno-gu/shops/004/index.html,퀸즈테라피,jongno-gu/shops/004/index.html,아니오
jongno-gu/shops/005/index.html,한국미인테라피,jongno-gu/shops/005/index.html,아니오
jongno-gu/가회동/shops/001/index.html,오늘밤테라피,jongno-gu/가회동/shops/오늘밤테라피/index.html,예
jongno-gu/가회동/shops/002/index.html,쥬쥬테라피,jongno-gu/가회동/shops/쥬쥬테라피/index.html,예
jongno-gu/가회동/shops/003/index.html,퀸즈테라피,jongno-gu/가회동/shops/퀸즈테라피/index.html,예
jongno-gu/가회동/shops/004/index.html,한국미인테라피,jongno-gu/가회동/shops/한국미인테라피/index.html,예
jongno-gu/가회동/shops/005/index.html,한국인골든테라피,jongno-gu/가회동/shops/한국인골든테라피/index.html,예
jongno-gu/교남동/shops/001/index.html,오늘밤테라피,jongno-gu/교남동/shops/오늘밤테라피/index.html,예
jongno-gu/교남동/shops/002/index.html,쥬쥬테라피,jongno-gu/교남동/shops/쥬쥬테라피/index.html,예
jongno-gu/교남동/shops/003/index.html,퀸즈테라피,jongno-gu/교남동/shops/퀸즈테라피/index.html,예
jongno-gu/교남동/shops/004/index.html,한국미인테라피,jongno-gu/교남동/shops/한국미인테라피/index.html,예
jongno-gu/교남동/shops/005/index.html,한국인골든테라피,jongno-gu/교남동/shops/한국인골든테라피/index.html,예
jongno-gu/무악동/shops/001/index.html,오늘밤테라피,jongno-gu/무악동/shops/오늘밤테라피/index.html,예
jongno-gu/무악동/shops/002/index.html,쥬쥬테라피,jongno-gu/무악동/shops/쥬쥬테라피/index.html,예
jongno-gu/무악동/shops/003/index.html,퀸즈테라피,jongno-gu/무악동/shops/퀸즈테라피/index.html,예
jongno-gu/무악동/shops/004/index.html,한국미인테라피,jongno-gu/무악동/shops/한국미인테라피/index.html,예
jongno-gu/무악동/shops/005/index.html,한국인골든테라피,jongno-gu/무악동/shops/한국인골든테라피/index.html,예
jongno-gu/부암동/shops/001/index.html,오늘밤테라피,jongno-gu/부암동/shops/오늘밤테라피/index.html,예
jongno-gu/부암동/shops/002/index.html,쥬쥬테라피,jongno-gu/부암동/shops/쥬쥬테라피/index.html,예
jongno-gu/부암동/shops/003/index.html,퀸즈테라피,jongno-gu/부암동/shops/퀸즈테라피/index.html,예
jongno-gu/부암동/shops/004/index.html,한국미인테라피,jongno-gu/부암동/shops/한국미인테라피/index.html,예
jongno-gu/부암동/shops/005/index.html,한국인골든테라피,jongno-gu/부암동/shops/한국인골든테라피/index.html,예
jongno-gu/사직동/shops/001/index.html,오늘밤테라피,jongno-gu/사직동/shops/오늘밤테라피/index.html,예
jongno-gu/사직동/shops/002/index.html,쥬쥬테라피,jongno-gu/사직동/shops/쥬쥬테라피/index.html,예
jongno-gu/사직동/shops/003/index.html,퀸즈테라피,jongno-gu/사직동/shops/퀸즈테라피/index.html,예
jongno-gu/사직동/shops/004/index.html,한국미인테라피,jongno-gu/사직동/shops/한국미인테라피/index.html,예
jongno-gu/사직동/shops/005/index.html,한국인골든테라피,jongno-gu/사직동/shops/한국인골든테라피/index.html,예
jongno-gu/삼청동/shops/001/index.html,오늘밤테라피,jongno-gu/삼청동/shops/오늘밤테라피/index.html,예
jongno-gu/삼청동/shops/002/index.html,쥬쥬테라피,jongno-gu/삼청동/shops/쥬쥬테라피/index.html,예
jongno-gu/삼청동/shops/003/index.html,퀸즈테라피,jongno-gu/삼청동/shops/퀸즈테라피/index.html,예
jongno-gu/삼청동/shops/004/index.html,한국미인테라피,jongno-gu/삼청동/shops/한국미인테라피/index.html,예
jongno-gu/삼청동/shops/005/index.html,한국인골든테라피,jongno-gu/삼청동/shops/한국인골든테라피/index.html,예
jongno-gu/숭인동/shops/001/index.html,오늘밤테라피,jongno-gu/숭인동/shops/오늘밤테라피/index.html,예
jongno-gu/숭인동/shops/002/index.html,쥬쥬테라피,jongno-gu/숭인동/shops/쥬쥬테라피/index.html,예
jongno-gu/숭인동/shops/003/index.html,퀸즈테라피,jongno-gu/숭인동/shops/퀸즈테라피/index.html,예
jongno-gu/숭인동/shops/004/index.html,한국미인테라피,jongno-gu/숭인동/shops/한국미인테라피/index.html,예
jongno-gu/숭인동/shops/005/index.html,한국인골든테라피,jongno-gu/숭인동/shops/한국인골든테라피/index.html,예
jongno-gu/이화동/shops/001/index.html,오늘밤테라피,jongno-gu/이화동/shops/오늘밤테라피/index.html,예
jongno-gu/이화동/shops/002/index.html,쥬쥬테라피,jongno-gu/이화동/shops/쥬쥬테라피/index.html,예
jongno-gu/이화동/shops/003/index.html,퀸즈테라피,jongno-gu/이화동/shops/퀸즈테라피/index.html,예
jongno-gu/이화동/shops/004/index.html,한국미인테라피,jongno-gu/이화동/shops/한국미인테라피/index.html,예
jongno-gu/이화동/shops/005/index.html,한국인골든테라피,jongno-gu/이화동/shops/한국인골든테라피/index.html,예
jongno-gu/종로1.2.3.4가동/shops/001/index.html,오늘밤테라피,jongno-gu/종로1.2.3.4가동/shops/오늘밤테라피/index.html,예
jongno-gu/종로1.2.3.4가동/shops/002/index.html,쥬쥬테라피,jongno-gu/종로1.2.3.4가동/shops/쥬쥬테라피/index.html,예
jongno-gu/종로1.2.3.4가동/shops/003/index.html,퀸즈테라피,jongno-gu/종로1.2.3.4가동/shops/퀸즈테라피/index.html,예
jongno-gu/종로1.2.3.4가동/shops/004/index.html,한국미인테라피,jongno-gu/종로1.2.3.4가동/shops/한국미인테라피/index.html,예
jongno-gu/종로1.2.3.4가동/shops/005/index.html,한국인골든테라피,jongno-gu/종로1.2.3.4가동/shops/한국인골든테라피/index.html,예
jongno-gu/종로5.6가동/shops/001/index.html,오늘밤테라피,jongno-gu/종로5.6가동/shops/오늘밤테라피/index.html,예
jongno-gu/종로5.6가동/shops/002/index.html,쥬쥬테라피,jongno-gu/종로5.6가동/shops/쥬쥬테라피/index.html,예
jongno-gu/종로5.6가동/shops/003/index.html,퀸즈테라피,jongno-gu/종로5.6가동/shops/퀸즈테라피/index.html,예
jongno-gu/종로5.6가동/shops/004/index.html,한국미인테라피,jongno-gu/종로5.6가동/shops/한국미인테라피/index.html,예
jongno-gu/종로5.6가동/shops/005/index.html,한국인골든테라피,jongno-gu/종로5.6가동/shops/한국인골든테라피/index.html,예
jongno-gu/창신동/shops/001/index.html,오늘밤테라피,jongno-gu/창신동/shops/오늘밤테라피/index.html,예
jongno-gu/창신동/shops/002/index.html,쥬쥬테라피,jongno-gu/창신동/shops/쥬쥬테라피/index.html,예
jongno-gu/창신동/shops/003/index.html,퀸즈테라피,jongno-gu/창신동/shops/퀸즈테라피/index.html,예
jongno-gu/창신동/shops/004/index.html,한국미인테라피,jongno-gu/창신동/shops/한국미인테라피/index.html,예
jongno-gu/창신동/shops/005/index.html,한국인골든테라피,jongno-gu/창신동/shops/한국인골든테라피/index.html,예
jongno-gu/청운효자동/shops/001/index.html,오늘밤테라피,jongno-gu/청운효자동/shops/오늘밤테라피/index.html,예
jongno-gu/청운효자동/shops/002/index.html,쥬쥬테라피,jongno-gu/청운효자동/shops/쥬쥬테라피/index.html,예
jongno-gu/청운효자동/shops/003/index.html,퀸즈테라피,jongno-gu/청운효자동/shops/퀸즈테라피/index.html,예
jongno-gu/청운효자동/shops/004/index.html,한국미인테라피,jongno-gu/청운효자동/shops/한국미인테라피/index.html,예
jongno-gu/청운효자동/shops/005/index.html,한국인골든테라피,jongno-gu/청운효자동/shops/한국인골든테라피/index.html,예
jongno-gu/평창동/shops/001/index.html,오늘밤테라피,jongno-gu/평창동/shops/오늘밤테라피/index.html,예
jongno-gu/평창동/shops/002/index.html,쥬쥬테라피,jongno-gu/평창동/shops/쥬쥬테라피/index.html,예
jongno-gu/평창동/shops/003/index.html,퀸즈테라피,jongno-gu/평창동/shops/퀸즈테라피/index.html,예
jongno-gu/평창동/shops/004/index.html,한국미인테라피,jongno-gu/평창동/shops/한국미인테라피/index.html,예
jongno-gu/평창동/shops/005/index.html,한국인골든테라피,jongno-gu/평창동/shops/한국인골든테라피/index.html,예
jongno-gu/혜화동/shops/001/index.html,오늘밤테라피,jongno-gu/혜화동/shops/오늘밤테라피/index.html,예
jongno-gu/혜화동/shops/002/index.html,쥬쥬테라피,jongno-gu/혜화동/shops/쥬쥬테라피/index.html,예
jongno-gu/혜화동/shops/003/index.html,퀸즈테라피,jongno-gu/혜화동/shops/퀸즈테라피/index.html,예
jongno-gu/혜화동/shops/004/index.html,한국미인테라피,jongno-gu/혜화동/shops/한국미인테라피/index.html,예
jongno-gu/혜화동/shops/005/index.html,한국인골든테라피,jongno-gu/혜화동/shops/한국인골든테라피/index.html,예
jung-gu/shops/001/index.html,쥬쥬테라피,jung-gu/shops/001/index.html,아니오
jung-gu/shops/002/index.html,한국인골든테라피,jung-gu/shops/002/index.html,아니오
jung-gu/shops/003/index.html,오늘밤테라피,jung-gu/shops/003/index.html,아니오
jung-gu/shops/004/index.html,퀸즈테라피,jung-gu/shops/004/index.html,아니오
jung-gu/shops/005/index.html,한국미인테라피,jung-gu/shops/005/index.html,아니오
jung-gu/광희동/shops/001/index.html,오늘밤테라피,jung-gu/광희동/shops/오늘밤테라피/index.html,예
jung-gu/광희동/shops/002/index.html,쥬쥬테라피,jung-gu/광희동/shops/쥬쥬테라피/index.html,예
jung-gu/광희동/shops/003/index.html,퀸즈테라피,jung-gu/광희동/shops/퀸즈테라피/index.html,예
jung-gu/광희동/shops/004/index.html,한국미인테라피,jung-gu/광희동/shops/한국미인테라피/index.html,예
jung-gu/광희동/shops/005/index.html,한국인골든테라피,jung-gu/광희동/shops/한국인골든테라피/index.html,예
jung-gu/다산동/shops/001/index.html,오늘밤테라피,jung-gu/다산동/shops/오늘밤테라피/index.html,예
jung-gu/다산동/shops/002/index.html,쥬쥬테라피,jung-gu/다산동/shops/쥬쥬테라피/index.html,예
jung-gu/다산동/shops/003/index.html,퀸즈테라피,jung-gu/다산동/shops/퀸즈테라피/index.html,예
jung-gu/다산동/shops/004/index.html,한국미인테라피,jung-gu/다산동/shops/한국미인테라피/index.html,예
jung-gu/다산동/shops/005/index.html,한국인골든테라피,jung-gu/다산동/shops/한국인골든테라피/index.html,예
jung-gu/동화동/shops/001/index.html,오늘밤테라피,jung-gu/동화동/shops/오늘밤테라피/index.html,예
jung-gu/동화동/shops/002/index.html,쥬쥬테라피,jung-gu/동화동/shops/쥬쥬테라피/index.html,예
jung-gu/동화동/shops/003/index.html,퀸즈테라피,jung-gu/동화동/shops/퀸즈테라피/index.html,예
jung-gu/동화동/shops/004/index.html,한국미인테라피,jung-gu/동화동/shops/한국미인테라피/index.html,예
jung-gu/동화동/shops/005/index.html,한국인골든테라피,jung-gu/동화동/shops/한국인골든테라피/index.html,예
jung-gu/명동/shops/001/index.html,오늘밤테라피,jung-gu/명동/shops/오늘밤테라피/index.html,예
jung-gu/명동/shops/002/index.html,쥬쥬테라피,jung-gu/명동/shops/쥬쥬테라피/index.html,예
jung-gu/명동/shops/003/index.html,퀸즈테라피,jung-gu/명동/shops/퀸즈테라피/index.html,예
jung-gu/명동/shops/004/index.html,한국미인테라피,jung-gu/명동/shops/한국미인테라피/index.html,예
jung-gu/명동/shops/005/index.html,한국인골든테라피,jung-gu/명동/shops/한국인골든테라피/index.html,예
jung-gu/소공동/shops/001/index.html,오늘밤테라피,jung-gu/소공동/shops/오늘밤테라피/index.html,예
jung-gu/소공동/shops/002/index.html,쥬쥬테라피,jung-gu/소공동/shops/쥬쥬테라피/index.html,예
jung-gu/소공동/shops/003/index.html,퀸즈테라피,jung-gu/소공동/shops/퀸즈테라피/index.html,예
jung-gu/소공동/shops/004/index.html,한국미인테라피,jung-gu/소공동/shops/한국미인테라피/index.html,예
jung-gu/소공동/shops/005/index.html,한국인골든테라피,jung-gu/소공동/shops/한국인골든테라피/index.html,예
jung-gu/신당동/shops/001/index.html,오늘밤테라피,jung-gu/신당동/shops/오늘밤테라피/index.html,예
jung-gu/신당동/shops/002/index.html,쥬쥬테라피,jung-gu/신당동/shops/쥬쥬테라피/index.html,예
jung-gu/신당동/shops/003/index.html,퀸즈테라피,jung-gu/신당동/shops/퀸즈테라피/index.html,예
jung-gu/신당동/shops/004/index.html,한국미인테라피,jung-gu/신당동/shops/한국미인테라피/index.html,예
jung-gu/신당동/shops/005/index.html,한국인골든테라피,jung-gu/신당동/shops/한국인골든테라피/index.html,예
jung-gu/약수동/shops/001/index.html,오늘밤테라피,jung-gu/약수동/shops/오늘밤테라피/index.html,예
jung-gu/약수동/shops/002/index.html,쥬쥬테라피,jung-gu/약수동/shops/쥬쥬테라피/index.html,예
jung-gu/약수동/shops/003/index.html,퀸즈테라피,jung-gu/약수동/shops/퀸즈테라피/index.html,예
jung-gu/약수동/shops/004/index.html,한국미인테라피,jung-gu/약수동/shops/한국미인테라피/index.html,예
jung-gu/약수동/shops/005/index.html,한국인골든테라피,jung-gu/약수동/shops/한국인골든테라피/index.html,예
jung-gu/을지로동/shops/001/index.html,오늘밤테라피,jung-gu/을지로동/shops/오늘밤테라피/index.html,예
jung-gu/을지로동/shops/002/index.html,쥬쥬테라피,jung-gu/을지로동/shops/쥬쥬테라피/index.html,예
jung-gu/을지로동/shops/003/index.html,퀸즈테라피,jung-gu/을지로동/shops/퀸즈테라피/index.html,예
jung-gu/을지로동/shops/004/index.html,한국미인테라피,jung-gu/을지로동/shops/한국미인테라피/index.html,예
jung-gu/을지로동/shops/005/index.html,한국인골든테라피,jung-gu/을지로동/shops/한국인골든테라피/index.html,예
jung-gu/장충동/shops/001/index.html,오늘밤테라피,jung-gu/장충동/shops/오늘밤테라피/index.html,예
jung-gu/장충동/shops/002/index.html,쥬쥬테라피,jung-gu/장충동/shops/쥬쥬테라피/index.html,예
jung-gu/장충동/shops/003/index.html,퀸즈테라피,jung-gu/장충동/shops/퀸즈테라피/index.html,예
jung-gu/장충동/shops/004/index.html,한국미인테라피,jung-gu/장충동/shops/한국미인테라피/index.html,예
jung-gu/장충동/shops/005/index.html,한국인골든테라피,jung-gu/장충동/shops/한국인골든테라피/index.html,예
jung-gu/중림동/shops/001/index.html,오늘밤테라피,jung-gu/중림동/shops/오늘밤테라피/index.html,예
jung-gu/중림동/shops/002/index.html,쥬쥬테라피,jung-gu/중림동/shops/쥬쥬테라피/index.html,예
jung-gu/중림동/shops/003/index.html,퀸즈테라피,jung-gu/중림동/shops/퀸즈테라피/index.html,예
jung-gu/중림동/shops/004/index.html,한국미인테라피,jung-gu/중림동/shops/한국미인테라피/index.html,예
jung-gu/중림동/shops/005/index.html,한국인골든테라피,jung-gu/중림동/shops/한국인골든테라피/index.html,예
jung-gu/청구동/shops/001/index.html,오늘밤테라피,jung-gu/청구동/shops/오늘밤테라피/index.html,예
jung-gu/청구동/shops/002/index.html,쥬쥬테라피,jung-gu/청구동/shops/쥬쥬테라피/index.html,예
jung-gu/청구동/shops/003/index.html,퀸즈테라피,jung-gu/청구동/shops/퀸즈테라피/index.html,예
jung-gu/청구동/shops/004/index.html,한국미인테라피,jung-gu/청구동/shops/한국미인테라피/index.html,예
jung-gu/청구동/shops/005/index.html,한국인골든테라피,jung-gu/청구동/shops/한국인골든테라피/index.html,예
jung-gu/필동/shops/001/index.html,오늘밤테라피,jung-gu/필동/shops/오늘밤테라피/index.html,예
jung-gu/필동/shops/002/index.html,쥬쥬테라피,jung-gu/필동/shops/쥬쥬테라피/index.html,예
jung-gu/필동/shops/003/index.html,퀸즈테라피,jung-gu/필동/shops/퀸즈테라피/index.html,예
jung-gu/필동/shops/004/index.html,한국미인테라피,jung-gu/필동/shops/한국미인테라피/index.html,예
jung-gu/필동/shops/005/index.html,한국인골든테라피,jung-gu/필동/shops/한국인골든테라피/index.html,예
jung-gu/황학동/shops/001/index.html,오늘밤테라피,jung-gu/황학동/shops/오늘밤테라피/index.html,예
jung-gu/황학동/shops/002/index.html,쥬쥬테라피,jung-gu/황학동/shops/쥬쥬테라피/index.html,예
jung-gu/황학동/shops/003/index.html,퀸즈테라피,jung-gu/황학동/shops/퀸즈테라피/index.html,예
jung-gu/황학동/shops/004/index.html,한국미인테라피,jung-gu/황학동/shops/한국미인테라피/index.html,예
jung-gu/황학동/shops/005/index.html,한국인골든테라피,jung-gu/황학동/shops/한국인골든테라피/index.html,예
jung-gu/회현동/shops/001/index.html,오늘밤테라피,jung-gu/회현동/shops/오늘밤테라피/index.html,예
jung-gu/회현동/shops/002/index.html,쥬쥬테라피,jung-gu/회현동/shops/쥬쥬테라피/index.html,예
jung-gu/회현동/shops/003/index.html,퀸즈테라피,jung-gu/회현동/shops/퀸즈테라피/index.html,예
jung-gu/회현동/shops/004/index.html,한국미인테라피,jung-gu/회현동/shops/한국미인테라피/index.html,예
jung-gu/회현동/shops/005/index.html,한국인골든테라피,jung-gu/회현동/shops/한국인골든테라피/index.html,예
jungnang-gu/shops/001/index.html,쥬쥬테라피,jungnang-gu/shops/001/index.html,아니오
jungnang-gu/shops/002/index.html,한국인골든테라피,jungnang-gu/shops/002/index.html,아니오
jungnang-gu/shops/003/index.html,오늘밤테라피,jungnang-gu/shops/003/index.html,아니오
jungnang-gu/shops/004/index.html,퀸즈테라피,jungnang-gu/shops/004/index.html,아니오
jungnang-gu/shops/005/index.html,한국미인테라피,jungnang-gu/shops/005/index.html,아니오
jungnang-gu/망우동/shops/001/index.html,오늘밤테라피,jungnang-gu/망우동/shops/오늘밤테라피/index.html,예
jungnang-gu/망우동/shops/002/index.html,쥬쥬테라피,jungnang-gu/망우동/shops/쥬쥬테라피/index.html,예
jungnang-gu/망우동/shops/003/index.html,퀸즈테라피,jungnang-gu/망우동/shops/퀸즈테라피/index.html,예
jungnang-gu/망우동/shops/004/index.html,한국미인테라피,jungnang-gu/망우동/shops/한국미인테라피/index.html,예
jungnang-gu/망우동/shops/005/index.html,한국인골든테라피,jungnang-gu/망우동/shops/한국인골든테라피/index.html,예
jungnang-gu/망우본동/shops/001/index.html,오늘밤테라피,jungnang-gu/망우본동/shops/오늘밤테라피/index.html,예
jungnang-gu/망우본동/shops/002/index.html,쥬쥬테라피,jungnang-gu/망우본동/shops/쥬쥬테라피/index.html,예
jungnang-gu/망우본동/shops/003/index.html,퀸즈테라피,jungnang-gu/망우본동/shops/퀸즈테라피/index.html,예
jungnang-gu/망우본동/shops/004/index.html,한국미인테라피,jungnang-gu/망우본동/shops/한국미인테라피/index.html,예
jungnang-gu/망우본동/shops/005/index.html,한국인골든테라피,jungnang-gu/망우본동/shops/한국인골든테라피/index.html,예
jungnang-gu/면목동/shops/001/index.html,오늘밤테라피,jungnang-gu/면목동/shops/오늘밤테라피/index.html,예
jungnang-gu/면목동/shops/002/index.html,쥬쥬테라피,jungnang-gu/면목동/shops/쥬쥬테라피/index.html,예
jungnang-gu/면목동/shops/003/index.html,퀸즈테라피,jungnang-gu/면목동/shops/퀸즈테라피/index.html,예
jungnang-gu/면목동/shops/004/index.html,한국미인테라피,jungnang-gu/면목동/shops/한국미인테라피/index.html,예
jungnang-gu/면목동/shops/005/index.html,한국인골든테라피,jungnang-gu/면목동/shops/한국인골든테라피/index.html,예
jungnang-gu/면목본동/shops/001/index.html,오늘밤테라피,jungnang-gu/면목본동/shops/오늘밤테라피/index.html,예
jungnang-gu/면목본동/shops/002/index.html,쥬쥬테라피,jungnang-gu/면목본동/shops/쥬쥬테라피/index.html,예
jungnang-gu/면목본동/shops/003/index.html,퀸즈테라피,jungnang-gu/면목본동/shops/퀸즈테라피/index.html,예
jungnang-gu/면목본동/shops/004/index.html,한국미인테라피,jungnang-gu/면목본동/shops/한국미인테라피/index.html,예
jungnang-gu/면목본동/shops/005/index.html,한국인골든테라피,jungnang-gu/면목본동/shops/한국인골든테라피/index.html,예
jungnang-gu/면목제3.8동/shops/001/index.html,오늘밤테라피,jungnang-gu/면목제3.8동/shops/오늘밤테라피/index.html,예
jungnang-gu/면목제3.8동/shops/002/index.html,쥬쥬테라피,jungnang-gu/면목제3.8동/shops/쥬쥬테라피/index.html,예
jungnang-gu/면목제3.8동/shops/003/index.html,퀸즈테라피,jungnang-gu/면목제3.8동/shops/퀸즈테라피/index.html,예
jungnang-gu/면목제3.8동/shops/004/index.html,한국미인테라피,jungnang-gu/면목제3.8동/shops/한국미인테라피/index.html,예
jungnang-gu/면목제3.8동/shops/005/index.html,한국인골든테라피,jungnang-gu/면목제3.8동/shops/한국인골든테라피/index.html,예
jungnang-gu/묵동/shops/001/index.html,오늘밤테라피,jungnang-gu/묵동/shops/오늘밤테라피/index.html,예
jungnang-gu/묵동/shops/002/index.html,쥬쥬테라피,jungnang-gu/묵동/shops/쥬쥬테라피/index.html,예
jungnang-gu/묵동/shops/003/index.html,퀸즈테라피,jungnang-gu/묵동/shops/퀸즈테라피/index.html,예
jungnang-gu/묵동/shops/004/index.html,한국미인테라피,jungnang-gu/묵동/shops/한국미인테라피/index.html,예
jungnang-gu/묵동/shops/005/index.html,한국인골든테라피,jungnang-gu/묵동/shops/한국인골든테라피/index.html,예
jungnang-gu/상봉동/shops/001/index.html,오늘밤테라피,jungnang-gu/상봉동/shops/오늘밤테라피/index.html,예
jungnang-gu/상봉동/shops/002/index.html,쥬쥬테라피,jungnang-gu/상봉동/shops/쥬쥬테라피/index.html,예
jungnang-gu/상봉동/shops/003/index.html,퀸즈테라피,jungnang-gu/상봉동/shops/퀸즈테라피/index.html,예
jungnang-gu/상봉동/shops/004/index.html,한국미인테라피,jungnang-gu/상봉동/shops/한국미인테라피/index.html,예
jungnang-gu/상봉동/shops/005/index.html,한국인골든테라피,jungnang-gu/상봉동/shops/한국인골든테라피/index.html,예
jungnang-gu/신내동/shops/001/index.html,오늘밤테라피,jungnang-gu/신내동/shops/오늘밤테라피/index.html,예
jungnang-gu/신내동/shops/002/index.html,쥬쥬테라피,jungnang-gu/신내동/shops/쥬쥬테라피/index.html,예
jungnang-gu/신내동/shops/003/index.html,퀸즈테라피,jungnang-gu/신내동/shops/퀸즈테라피/index.html,예
jungnang-gu/신내동/shops/004/index.html,한국미인테라피,jungnang-gu/신내동/shops/한국미인테라피/index.html,예
jungnang-gu/신내동/shops/005/index.html,한국인골든테라피,jungnang-gu/신내동/shops/한국인골든테라피/index.html,예
jungnang-gu/중화동/shops/001/index.html,오늘밤테라피,jungnang-gu/중화동/shops/오늘밤테라피/index.html,예
jungnang-gu/중화동/shops/002/index.html,쥬쥬테라피,jungnang-gu/중화동/shops/쥬쥬테라피/index.html,예
jungnang-gu/중화동/shops/003/index.html,퀸즈테라피,jungnang-gu/중화동/shops/퀸즈테라피/index.html,예
jungnang-gu/중화동/shops/004/index.html,한국미인테라피,jungnang-gu/중화동/shops/한국미인테라피/index.html,예
jungnang-gu/중화동/shops/005/index.html,한국인골든테라피,jungnang-gu/중화동/shops/한국인골든테라피/index.html,예
mapo-gu/shops/001/index.html,쥬쥬테라피,mapo-gu/shops/001/index.html,아니오
mapo-gu/shops/002/index.html,한국인골든테라피,mapo-gu/shops/002/index.html,아니오
mapo-gu/shops/003/index.html,오늘밤테라피,mapo-gu/shops/003/index.html,아니오
mapo-gu/shops/004/index.html,퀸즈테라피,mapo-gu/shops/004/index.html,아니오
mapo-gu/shops/005/index.html,한국미인테라피,mapo-gu/shops/005/index.html,아니오
mapo-gu/공덕동/shops/001/index.html,오늘밤테라피,mapo-gu/공덕동/shops/오늘밤테라피/index.html,예
mapo-gu/공덕동/shops/002/index.html,쥬쥬테라피,mapo-gu/공덕동/shops/쥬쥬테라피/index.html,예
mapo-gu/공덕동/shops/003/index.html,퀸즈테라피,mapo-gu/공덕동/shops/퀸즈테라피/index.html,예
mapo-gu/공덕동/shops/004/index.html,한국미인테라피,mapo-gu/공덕동/shops/한국미인테라피/index.html,예
mapo-gu/공덕동/shops/005/index.html,한국인골든테라피,mapo-gu/공덕동/shops/한국인골든테라피/index.html,예
mapo-gu/대흥동/shops/001/index.html,오늘밤테라피,mapo-gu/대흥동/shops/오늘밤테라피/index.html,예
mapo-gu/대흥동/shops/002/index.html,쥬쥬테라피,mapo-gu/대흥동/shops/쥬쥬테라피/index.html,예
mapo-gu/대흥동/shops/003/index.html,퀸즈테라피,mapo-gu/대흥동/shops/퀸즈테라피/index.html,예
mapo-gu/대흥동/shops/004/index.html,한국미인테라피,mapo-gu/대흥동/shops/한국미인테라피/index.html,예
mapo-gu/대흥동/shops/005/index.html,한국인골든테라피,mapo-gu/대흥동/shops/한국인골든테라피/index.html,예
mapo-gu/도화동/shops/001/index.html,오늘밤테라피,mapo-gu/도화동/shops/오늘밤테라피/index.html,예
mapo-gu/도화동/shops/002/index.html,쥬쥬테라피,mapo-gu/도화동/shops/쥬쥬테라피/index.html,예
mapo-gu/도화동/shops/003/index.html,퀸즈테라피,mapo-gu/도화동/shops/퀸즈테라피/index.html,예
mapo-gu/도화동/shops/004/index.html,한국미인테라피,mapo-gu/도화동/shops/한국미인테라피/index.html,예
mapo-gu/도화동/shops/005/index.html,한국인골든테라피,mapo-gu/도화동/shops/한국인골든테라피/index.html,예
mapo-gu/망원동/shops/001/index.html,오늘밤테라피,mapo-gu/망원동/shops/오늘밤테라피/index.html,예
mapo-gu/망원동/shops/002/index.html,쥬쥬테라피,mapo-gu/망원동/shops/쥬쥬테라피/index.html,예
mapo-gu/망원동/shops/003/index.html,퀸즈테라피,mapo-gu/망원동/shops/퀸즈테라피/index.html,예
mapo-gu/망원동/shops/004/index.html,한국미인테라피,mapo-gu/망원동/shops/한국미인테라피/index.html,예
mapo-gu/망원동/shops/005/index.html,한국인골든테라피,mapo-gu/망원동/shops/한국인골든테라피/index.html,예
mapo-gu/상암동/shops/001/index.html,오늘밤테라피,mapo-gu/상암동/shops/오늘밤테라피/index.html,예
mapo-gu/상암동/shops/002/index.html,쥬쥬테라피,mapo-gu/상암동/shops/쥬쥬테라피/index.html,예
mapo-gu/상암동/shops/003/index.html,퀸즈테라피,mapo-gu/상암동/shops/퀸즈테라피/index.html,예
mapo-gu/상암동/shops/004/index.html,한국미인테라피,mapo-gu/상암동/shops/한국미인테라피/index.html,예
mapo-gu/상암동/shops/005/index.html,한국인골든테라피,mapo-gu/상암동/shops/한국인골든테라피/index.html,예
mapo-gu/서강동/shops/001/index.html,오늘밤테라피,mapo-gu/서강동/shops/오늘밤테라피/index.html,예
mapo-gu/서강동/shops/002/index.html,쥬쥬테라피,mapo-gu/서강동/shops/쥬쥬테라피/index.html,예
mapo-gu/서강동/shops/003/index.html,퀸즈테라피,mapo-gu/서강동/shops/퀸즈테라피/index.html,예
mapo-gu/서강동/shops/004/index.html,한국미인테라피,mapo-gu/서강동/shops/한국미인테라피/index.html,예
mapo-gu/서강동/shops/005/index.html,한국인골든테라피,mapo-gu/서강동/shops/한국인골든테라피/index.html,예
mapo-gu/서교동/shops/001/index.html,오늘밤테라피,mapo-gu/서교동/shops/오늘밤테라피/index.html,예
mapo-gu/서교동/shops/002/index.html,쥬쥬테라피,mapo-gu/서교동/shops/쥬쥬테라피/index.html,예
mapo-gu/서교동/shops/003/index.html,퀸즈테라피,mapo-gu/서교동/shops/퀸즈테라피/index.html,예
mapo-gu/서교동/shops/004/index.html,한국미인테라피,mapo-gu/서교동/shops/한국미인테라피/index.html,예
mapo-gu/서교동/shops/005/index.html,한국인골든테라피,mapo-gu/서교동/shops/한국인골든테라피/index.html,예
mapo-gu/성산동/shops/001/index.html,오늘밤테라피,mapo-gu/성산동/shops/오늘밤테라피/index.html,예
mapo-gu/성산동/shops/002/index.html,쥬쥬테라피,mapo-gu/성산동/shops/쥬쥬테라피/index.html,예
mapo-gu/성산동/shops/003/index.html,퀸즈테라피,mapo-gu/성산동/shops/퀸즈테라피/index.html,예
mapo-gu/성산동/shops/004/index.html,한국미인테라피,mapo-gu/성산동/shops/한국미인테라피/index.html,예
mapo-gu/성산동/shops/005/index.html,한국인골든테라피,mapo-gu/성산동/shops/한국인골든테라피/index.html,예
mapo-gu/신수동/shops/001/index.html,오늘밤테라피,mapo-gu/신수동/shops/오늘밤테라피/index.html,예
mapo-gu/신수동/shops/002/index.html,쥬쥬테라피,mapo-gu/신수동/shops/쥬쥬테라피/index.html,예
mapo-gu/신수동/shops/003/index.html,퀸즈테라피,mapo-gu/신수동/shops/퀸즈테라피/index.html,예
mapo-gu/신수동/shops/004/index.html,한국미인테라피,mapo-gu/신수동/shops/한국미인테라피/index.html,예
mapo-gu/신수동/shops/005/index.html,한국인골든테라피,mapo-gu/신수동/shops/한국인골든테라피/index.html,예
mapo-gu/아현동/shops/001/index.html,오늘밤테라피,mapo-gu/아현동/shops/오늘밤테라피/index.html,예
mapo-gu/아현동/shops/002/index.html,쥬쥬테라피,mapo-gu/아현동/shops/쥬쥬테라피/index.html,예
mapo-gu/아현동/shops/003/index.html,퀸즈테라피,mapo-gu/아현동/shops/퀸즈테라피/index.html,예
mapo-gu/아현동/shops/004/index.html,한국미인테라피,mapo-gu/아현동/shops/한국미인테라피/index.html,예
mapo-gu/아현동/shops/005/index.html,한국인골든테라피,mapo-gu/아현동/shops/한국인골든테라피/index.html,예
mapo-gu/연남동/shops/001/index.html,오늘밤테라피,mapo-gu/연남동/shops/오늘밤테라피/index.html,예
mapo-gu/연남동/shops/002/index.html,쥬쥬테라피,mapo-gu/연남동/shops/쥬쥬테라피/index.html,예
mapo-gu/연남동/shops/003/index.html,퀸즈테라피,mapo-gu/연남동/shops/퀸즈테라피/index.html,예
mapo-gu/연남동/shops/004/index.html,한국미인테라피,mapo-gu/연남동/shops/한국미인테라피/index.html,예
mapo-gu/연남동/shops/005/index.html,한국인골든테라피,mapo-gu/연남동/shops/한국인골든테라피/index.html,예
mapo-gu/염리동/shops/001/index.html,오늘밤테라피,mapo-gu/염리동/shops/001/index.html,아니오
mapo-gu/염리동/shops/002/index.html,쥬쥬테라피,mapo-gu/염리동/shops/002/index.html,아니오
mapo-gu/염리동/shops/003/index.html,퀸즈테라피,mapo-gu/염리동/shops/003/index.html,아니오
mapo-gu/염리동/shops/004/index.html,한국미인테라피,mapo-gu/염리동/shops/한국미인테라피/index.html,예
mapo-gu/염리동/shops/005/index.html,한국인골든테라피,mapo-gu/염리동/shops/한국인골든테라피/index.html,예
mapo-gu/용강동/shops/001/index.html,오늘밤테라피,mapo-gu/용강동/shops/001/index.html,아니오
mapo-gu/용강동/shops/002/index.html,쥬쥬테라피,mapo-gu/용강동/shops/002/index.html,아니오
mapo-gu/용강동/shops/003/index.html,퀸즈테라피,mapo-gu/용강동/shops/003/index.html,아니오
mapo-gu/용강동/shops/004/index.html,한국미인테라피,mapo-gu/용강동/shops/004/index.html,아니오
mapo-gu/용강동/shops/005/index.html,한국인골든테라피,mapo-gu/용강동/shops/005/index.html,아니오
mapo-gu/합정동/shops/001/index.html,오늘밤테라피,mapo-gu/합정동/shops/001/index.html,아니오
mapo-gu/합정동/shops/002/index.html,쥬쥬테라피,mapo-gu/합정동/shops/002/index.html,아니오
mapo-gu/합정동/shops/003/index.html,퀸즈테라피,mapo-gu/합정동/shops/003/index.html,아니오
mapo-gu/합정동/shops/004/index.html,한국미인테라피,mapo-gu/합정동/shops/004/index.html,아니오
mapo-gu/합정동/shops/005/index.html,한국인골든테라피,mapo-gu/합정동/shops/005/index.html,아니오
michuhol-gu/shops/001/index.html,쥬쥬테라피,michuhol-gu/shops/001/index.html,아니오
michuhol-gu/shops/002/index.html,한국인골든테라피,michuhol-gu/shops/002/index.html,아니오
michuhol-gu/shops/003/index.html,오늘밤테라피,michuhol-gu/shops/003/index.html,아니오
michuhol-gu/shops/004/index.html,퀸즈테라피,michuhol-gu/shops/004/index.html,아니오
michuhol-gu/shops/005/index.html,한국미인테라피,michuhol-gu/shops/005/index.html,아니오
michuhol-gu/관교동/shops/001/index.html,오늘밤테라피,michuhol-gu/관교동/shops/001/index.html,아니오
michuhol-gu/관교동/shops/002/index.html,쥬쥬테라피,michuhol-gu/관교동/shops/002/index.html,아니오
michuhol-gu/관교동/shops/003/index.html,퀸즈테라피,michuhol-gu/관교동/shops/003/index.html,아니오
michuhol-gu/관교동/shops/004/index.html,한국미인테라피,michuhol-gu/관교동/shops/004/index.html,아니오
michuhol-gu/관교동/shops/005/index.html,한국인골든테라피,michuhol-gu/관교동/shops/005/index.html,아니오
michuhol-gu/도화동/shops/001/index.html,오늘밤테라피,michuhol-gu/도화동/shops/001/index.html,아니오
michuhol-gu/도화동/shops/002/index.html,쥬쥬테라피,michuhol-gu/도화동/shops/002/index.html,아니오
michuhol-gu/도화동/shops/003/index.html,퀸즈테라피,michuhol-gu/도화동/shops/003/index.html,아니오
michuhol-gu/도화동/shops/004/index.html,한국미인테라피,michuhol-gu/도화동/shops/004/index.html,아니오
michuhol-gu/도화동/shops/005/index.html,한국인골든테라피,michuhol-gu/도화동/shops/005/index.html,아니오
michuhol-gu/문학동/shops/001/index.html,오늘밤테라피,michuhol-gu/문학동/shops/001/index.html,아니오
michuhol-gu/문학동/shops/002/index.html,쥬쥬테라피,michuhol-gu/문학동/shops/002/index.html,아니오
michuhol-gu/문학동/shops/003/index.html,퀸즈테라피,michuhol-gu/문학동/shops/003/index.html,아니오
michuhol-gu/문학동/shops/004/index.html,한국미인테라피,michuhol-gu/문학동/shops/004/index.html,아니오
michuhol-gu/문학동/shops/005/index.html,한국인골든테라피,michuhol-gu/문학동/shops/005/index.html,아니오
michuhol-gu/숭의1.3동/shops/001/index.html,오늘밤테라피,michuhol-gu/숭의1.3동/shops/001/index.html,아니오
michuhol-gu/숭의1.3동/shops/002/index.html,쥬쥬테라피,michuhol-gu/숭의1.3동/shops/002/index.html,아니오
michuhol-gu/숭의1.3동/shops/003/index.html,퀸즈테라피,michuhol-gu/숭의1.3동/shops/003/index.html,아니오
michuhol-gu/숭의1.3동/shops/004/index.html,한국미인테라피,michuhol-gu/숭의1.3동/shops/004/index.html,아니오
michuhol-gu/숭의1.3동/shops/005/index.html,한국인골든테라피,michuhol-gu/숭의1.3동/shops/005/index.html,아니오
michuhol-gu/숭의동/shops/001/index.html,오늘밤테라피,michuhol-gu/숭의동/shops/001/index.html,아니오
michuhol-gu/숭의동/shops/002/index.html,쥬쥬테라피,michuhol-gu/숭의동/shops/002/index.html,아니오
michuhol-gu/숭의동/shops/003/index.html,퀸즈테라피,michuhol-gu/숭의동/shops/003/index.html,아니오
michuhol-gu/숭의동/shops/004/index.html,한국미인테라피,michuhol-gu/숭의동/shops/004/index.html,아니오
michuhol-gu/숭의동/shops/005/index.html,한국인골든테라피,michuhol-gu/숭의동/shops/005/index.html,아니오
michuhol-gu/용현1.4동/shops/001/index.html,오늘밤테라피,michuhol-gu/용현1.4동/shops/001/index.html,아니오
michuhol-gu/용현1.4동/shops/002/index.html,쥬쥬테라피,michuhol-gu/용현1.4동/shops/002/index.html,아니오
michuhol-gu/용현1.4동/shops/003/index.html,퀸즈테라피,michuhol-gu/용현1.4동/shops/003/index.html,아니오
michuhol-gu/용현1.4동/shops/004/index.html,한국미인테라피,michuhol-gu/용현1.4동/shops/004/index.html,아니오
michuhol-gu/용현1.4동/shops/005/index.html,한국인골든테라피,michuhol-gu/용현1.4동/shops/005/index.html,아니오
michuhol-gu/용현동/shops/001/index.html,오늘밤테라피,michuhol-gu/용현동/shops/001/index.html,아니오
michuhol-gu/용현동/shops/002/index.html,쥬쥬테라피,michuhol-gu/용현동/shops/002/index.html,아니오
michuhol-gu/용현동/shops/003/index.html,퀸즈테라피,michuhol-gu/용현동/shops/003/index.html,아니오
michuhol-gu/용현동/shops/004/index.html,한국미인테라피,michuhol-gu/용현동/shops/004/index.html,아니오
michuhol-gu/용현동/shops/005/index.html,한국인골든테라피,michuhol-gu/용현동/shops/005/index.html,아니오
michuhol-gu/주안동/shops/001/index.html,오늘밤테라피,michuhol-gu/주안동/shops/001/index.html,아니오
michuhol-gu/주안동/shops/002/index.html,쥬쥬테라피,michuhol-gu/주안동/shops/002/index.html,아니오
michuhol-gu/주안동/shops/003/index.html,퀸즈테라피,michuhol-gu/주안동/shops/003/index.html,아니오
michuhol-gu/주안동/shops/004/index.html,한국미인테라피,michuhol-gu/주안동/shops/004/index.html,아니오
michuhol-gu/주안동/shops/005/index.html,한국인골든테라피,michuhol-gu/주안동/shops/005/index.html,아니오
michuhol-gu/학익동/shops/001/index.html,오늘밤테라피,michuhol-gu/학익동/shops/001/index.html,아니오
michuhol-gu/학익동/shops/002/index.html,쥬쥬테라피,michuhol-gu/학익동/shops/002/index.html,아니오
michuhol-gu/학익동/shops/003/index.html,퀸즈테라피,michuhol-gu/학익동/shops/003/index.html,아니오
michuhol-gu/학익동/shops/004/index.html,한국미인테라피,michuhol-gu/학익동/shops/004/index.html,아니오
michuhol-gu/학익동/shops/005/index.html,한국인골든테라피,michuhol-gu/학익동/shops/005/index.html,아니오
namdong-gu/shops/001/index.html,쥬쥬테라피,namdong-gu/shops/001/index.html,아니오
namdong-gu/shops/002/index.html,한국인골든테라피,namdong-gu/shops/002/index.html,아니오
namdong-gu/shops/003/index.html,오늘밤테라피,namdong-gu/shops/003/index.html,아니오
namdong-gu/shops/004/index.html,퀸즈테라피,namdong-gu/shops/004/index.html,아니오
namdong-gu/shops/005/index.html,한국미인테라피,namdong-gu/shops/005/index.html,아니오
namdong-gu/간석동/shops/001/index.html,오늘밤테라피,namdong-gu/간석동/shops/001/index.html,아니오
namdong-gu/간석동/shops/002/index.html,쥬쥬테라피,namdong-gu/간석동/shops/002/index.html,아니오
namdong-gu/간석동/shops/003/index.html,퀸즈테라피,namdong-gu/간석동/shops/003/index.html,아니오
namdong-gu/간석동/shops/004/index.html,한국미인테라피,namdong-gu/간석동/shops/004/index.html,아니오
namdong-gu/간석동/shops/005/index.html,한국인골든테라피,namdong-gu/간석동/shops/005/index.html,아니오
namdong-gu/구월동/shops/001/index.html,오늘밤테라피,namdong-gu/구월동/shops/001/index.html,아니오
namdong-gu/구월동/shops/002/index.html,쥬쥬테라피,namdong-gu/구월동/shops/002/index.html,아니오
namdong-gu/구월동/shops/003/index.html,퀸즈테라피,namdong-gu/구월동/shops/003/index.html,아니오
namdong-gu/구월동/shops/004/index.html,한국미인테라피,namdong-gu/구월동/shops/004/index.html,아니오
namdong-gu/구월동/shops/005/index.html,한국인골든테라피,namdong-gu/구월동/shops/005/index.html,아니오
namdong-gu/남촌도림동/shops/001/index.html,오늘밤테라피,namdong-gu/남촌도림동/shops/001/index.html,아니오
namdong-gu/남촌도림동/shops/002/index.html,쥬쥬테라피,namdong-gu/남촌도림동/shops/002/index.html,아니오
namdong-gu/남촌도림동/shops/003/index.html,퀸즈테라피,namdong-gu/남촌도림동/shops/003/index.html,아니오
namdong-gu/남촌도림동/shops/004/index.html,한국미인테라피,namdong-gu/남촌도림동/shops/004/index.html,아니오
namdong-gu/남촌도림동/shops/005/index.html,한국인골든테라피,namdong-gu/남촌도림동/shops/005/index.html,아니오
namdong-gu/논현고잔동/shops/001/index.html,오늘밤테라피,namdong-gu/논현고잔동/shops/001/index.html,아니오
namdong-gu/논현고잔동/shops/002/index.html,쥬쥬테라피,namdong-gu/논현고잔동/shops/002/index.html,아니오
namdong-gu/논현고잔동/shops/003/index.html,퀸즈테라피,namdong-gu/논현고잔동/shops/003/index.html,아니오
namdong-gu/논현고잔동/shops/004/index.html,한국미인테라피,namdong-gu/논현고잔동/shops/004/index.html,아니오
namdong-gu/논현고잔동/shops/005/index.html,한국인골든테라피,namdong-gu/논현고잔동/shops/005/index.html,아니오
namdong-gu/논현동/shops/001/index.html,오늘밤테라피,namdong-gu/논현동/shops/001/index.html,아니오
namdong-gu/논현동/shops/002/index.html,쥬쥬테라피,namdong-gu/논현동/shops/002/index.html,아니오
namdong-gu/논현동/shops/003/index.html,퀸즈테라피,namdong-gu/논현동/shops/003/index.html,아니오
namdong-gu/논현동/shops/004/index.html,한국미인테라피,namdong-gu/논현동/shops/004/index.html,아니오
namdong-gu/논현동/shops/005/index.html,한국인골든테라피,namdong-gu/논현동/shops/005/index.html,아니오
namdong-gu/만수동/shops/001/index.html,오늘밤테라피,namdong-gu/만수동/shops/001/index.html,아니오
namdong-gu/만수동/shops/002/index.html,쥬쥬테라피,namdong-gu/만수동/shops/002/index.html,아니오
namdong-gu/만수동/shops/003/index.html,퀸즈테라피,namdong-gu/만수동/shops/003/index.html,아니오
namdong-gu/만수동/shops/004/index.html,한국미인테라피,namdong-gu/만수동/shops/004/index.html,아니오
namdong-gu/만수동/shops/005/index.html,한국인골든테라피,namdong-gu/만수동/shops/005/index.html,아니오
namdong-gu/서창동/shops/001/index.html,오늘밤테라피,namdong-gu/서창동/shops/001/index.html,아니오
namdong-gu/서창동/shops/002/index.html,쥬쥬테라피,namdong-gu/서창동/shops/002/index.html,아니오
namdong-gu/서창동/shops/003/index.html,퀸즈테라피,namdong-gu/서창동/shops/003/index.html,아니오
namdong-gu/서창동/shops/004/index.html,한국미인테라피,namdong-gu/서창동/shops/004/index.html,아니오
namdong-gu/서창동/shops/005/index.html,한국인골든테라피,namdong-gu/서창동/shops/005/index.html,아니오
namdong-gu/장수서창동/shops/001/index.html,오늘밤테라피,namdong-gu/장수서창동/shops/001/index.html,아니오
namdong-gu/장수서창동/shops/002/index.html,쥬쥬테라피,namdong-gu/장수서창동/shops/002/index.html,아니오
namdong-gu/장수서창동/shops/003/index.html,퀸즈테라피,namdong-gu/장수서창동/shops/003/index.html,아니오
namdong-gu/장수서창동/shops/004/index.html,한국미인테라피,namdong-gu/장수서창동/shops/004/index.html,아니오
namdong-gu/장수서창동/shops/005/index.html,한국인골든테라피,namdong-gu/장수서창동/shops/005/index.html,아니오
namyangju/shops/001/index.html,쥬쥬테라피,namyangju/shops/001/index.html,아니오
namyangju/shops/002/index.html,한국인골든테라피,namyangju/shops/002/index.html,아니오
namyangju/shops/003/index.html,오늘밤테라피,namyangju/shops/003/index.html,아니오
namyangju/shops/004/index.html,퀸즈테라피,namyangju/shops/004/index.html,아니오
namyangju/shops/005/index.html,한국미인테라피,namyangju/shops/005/index.html,아니오
namyangju/금곡동/shops/001/index.html,오늘밤테라피,namyangju/금곡동/shops/001/index.html,아니오
namyangju/금곡동/shops/002/index.html,쥬쥬테라피,namyangju/금곡동/shops/002/index.html,아니오
namyangju/금곡동/shops/003/index.html,퀸즈테라피,namyangju/금곡동/shops/003/index.html,아니오
namyangju/금곡동/shops/004/index.html,한국미인테라피,namyangju/금곡동/shops/004/index.html,아니오
namyangju/금곡동/shops/005/index.html,한국인골든테라피,namyangju/금곡동/shops/005/index.html,아니오
namyangju/다산동/shops/001/index.html,오늘밤테라피,namyangju/다산동/shops/001/index.html,아니오
namyangju/다산동/shops/002/index.html,쥬쥬테라피,namyangju/다산동/shops/002/index.html,아니오
namyangju/다산동/shops/003/index.html,퀸즈테라피,namyangju/다산동/shops/003/index.html,아니오
namyangju/다산동/shops/004/index.html,한국미인테라피,namyangju/다산동/shops/004/index.html,아니오
namyangju/다산동/shops/005/index.html,한국인골든테라피,namyangju/다산동/shops/005/index.html,아니오
namyangju/별내동/shops/001/index.html,오늘밤테라피,namyangju/별내동/shops/001/index.html,아니오
namyangju/별내동/shops/002/index.html,쥬쥬테라피,namyangju/별내동/shops/002/index.html,아니오
namyangju/별내동/shops/003/index.html,퀸즈테라피,namyangju/별내동/shops/003/index.html,아니오
namyangju/별내동/shops/004/index.html,한국미인테라피,namyangju/별내동/shops/004/index.html,아니오
namyangju/별내동/shops/005/index.html,한국인골든테라피,namyangju/별내동/shops/005/index.html,아니오
namyangju/별내면/shops/001/index.html,오늘밤테라피,namyangju/별내면/shops/001/index.html,아니오
namyangju/별내면/shops/002/index.html,쥬쥬테라피,namyangju/별내면/shops/002/index.html,아니오
namyangju/별내면/shops/003/index.html,퀸즈테라피,namyangju/별내면/shops/003/index.html,아니오
namyangju/별내면/shops/004/index.html,한국미인테라피,namyangju/별내면/shops/004/index.html,아니오
namyangju/별내면/shops/005/index.html,한국인골든테라피,namyangju/별내면/shops/005/index.html,아니오
namyangju/수동면/shops/001/index.html,오늘밤테라피,namyangju/수동면/shops/001/index.html,아니오
namyangju/수동면/shops/002/index.html,쥬쥬테라피,namyangju/수동면/shops/002/index.html,아니오
namyangju/수동면/shops/003/index.html,퀸즈테라피,namyangju/수동면/shops/003/index.html,아니오
namyangju/수동면/shops/004/index.html,한국미인테라피,namyangju/수동면/shops/004/index.html,아니오
namyangju/수동면/shops/005/index.html,한국인골든테라피,namyangju/수동면/shops/005/index.html,아니오
namyangju/양정동/shops/001/index.html,오늘밤테라피,namyangju/양정동/shops/001/index.html,아니오
namyangju/양정동/shops/002/index.html,쥬쥬테라피,namyangju/양정동/shops/002/index.html,아니오
namyangju/양정동/shops/003/index.html,퀸즈테라피,namyangju/양정동/shops/003/index.html,아니오
namyangju/양정동/shops/004/index.html,한국미인테라피,namyangju/양정동/shops/004/index.html,아니오
namyangju/양정동/shops/005/index.html,한국인골든테라피,namyangju/양정동/shops/005/index.html,아니오
namyangju/오남읍/shops/001/index.html,오늘밤테라피,namyangju/오남읍/shops/001/index.html,아니오
namyangju/오남읍/shops/002/index.html,쥬쥬테라피,namyangju/오남읍/shops/002/index.html,아니오
namyangju/오남읍/shops/003/index.html,퀸즈테라피,namyangju/오남읍/shops/003/index.html,아니오
namyangju/오남읍/shops/004/index.html,한국미인테라피,namyangju/오남읍/shops/004/index.html,아니오
namyangju/오남읍/shops/005/index.html,한국인골든테라피,namyangju/오남읍/shops/005/index.html,아니오
namyangju/와부읍/shops/001/index.html,오늘밤테라피,namyangju/와부읍/shops/001/index.html,아니오
namyangju/와부읍/shops/002/index.html,쥬쥬테라피,namyangju/와부읍/shops/002/index.html,아니오
namyangju/와부읍/shops/003/index.html,퀸즈테라피,namyangju/와부읍/shops/003/index.html,아니오
namyangju/와부읍/shops/004/index.html,한국미인테라피,namyangju/와부읍/shops/004/index.html,아니오
namyangju/와부읍/shops/005/index.html,한국인골든테라피,namyangju/와부읍/shops/005/index.html,아니오
namyangju/조안면/shops/001/index.html,오늘밤테라피,namyangju/조안면/shops/001/index.html,아니오
namyangju/조안면/shops/002/index.html,쥬쥬테라피,namyangju/조안면/shops/002/index.html,아니오
namyangju/조안면/shops/003/index.html,퀸즈테라피,namyangju/조안면/shops/003/index.html,아니오
namyangju/조안면/shops/004/index.html,한국미인테라피,namyangju/조안면/shops/004/index.html,아니오
namyangju/조안면/shops/005/index.html,한국인골든테라피,namyangju/조안면/shops/005/index.html,아니오
namyangju/진건읍/shops/001/index.html,오늘밤테라피,namyangju/진건읍/shops/001/index.html,아니오
namyangju/진건읍/shops/002/index.html,쥬쥬테라피,namyangju/진건읍/shops/002/index.html,아니오
namyangju/진건읍/shops/003/index.html,퀸즈테라피,namyangju/진건읍/shops/003/index.html,아니오
namyangju/진건읍/shops/004/index.html,한국미인테라피,namyangju/진건읍/shops/004/index.html,아니오
namyangju/진건읍/shops/005/index.html,한국인골든테라피,namyangju/진건읍/shops/005/index.html,아니오
namyangju/진접읍/shops/001/index.html,오늘밤테라피,namyangju/진접읍/shops/001/index.html,아니오
namyangju/진접읍/shops/002/index.html,쥬쥬테라피,namyangju/진접읍/shops/002/index.html,아니오
namyangju/진접읍/shops/003/index.html,퀸즈테라피,namyangju/진접읍/shops/003/index.html,아니오
namyangju/진접읍/shops/004/index.html,한국미인테라피,namyangju/진접읍/shops/004/index.html,아니오
namyangju/진접읍/shops/005/index.html,한국인골든테라피,namyangju/진접읍/shops/005/index.html,아니오
namyangju/퇴계원읍/shops/001/index.html,오늘밤테라피,namyangju/퇴계원읍/shops/001/index.html,아니오
namyangju/퇴계원읍/shops/002/index.html,쥬쥬테라피,namyangju/퇴계원읍/shops/002/index.html,아니오
namyangju/퇴계원읍/shops/003/index.html,퀸즈테라피,namyangju/퇴계원읍/shops/003/index.html,아니오
namyangju/퇴계원읍/shops/004/index.html,한국미인테라피,namyangju/퇴계원읍/shops/004/index.html,아니오
namyangju/퇴계원읍/shops/005/index.html,한국인골든테라피,namyangju/퇴계원읍/shops/005/index.html,아니오
namyangju/평내동/shops/001/index.html,오늘밤테라피,namyangju/평내동/shops/001/index.html,아니오
namyangju/평내동/shops/002/index.html,쥬쥬테라피,namyangju/평내동/shops/002/index.html,아니오
namyangju/평내동/shops/003/index.html,퀸즈테라피,namyangju/평내동/shops/003/index.html,아니오
namyangju/평내동/shops/004/index.html,한국미인테라피,namyangju/평내동/shops/004/index.html,아니오
namyangju/평내동/shops/005/index.html,한국인골든테라피,namyangju/평내동/shops/005/index.html,아니오
namyangju/호평동/shops/001/index.html,오늘밤테라피,namyangju/호평동/shops/001/index.html,아니오
namyangju/호평동/shops/002/index.html,쥬쥬테라피,namyangju/호평동/shops/002/index.html,아니오
namyangju/호평동/shops/003/index.html,퀸즈테라피,namyangju/호평동/shops/003/index.html,아니오
namyangju/호평동/shops/004/index.html,한국미인테라피,namyangju/호평동/shops/004/index.html,아니오
namyangju/호평동/shops/005/index.html,한국인골든테라피,namyangju/호평동/shops/005/index.html,아니오
namyangju/화도읍/shops/001/index.html,오늘밤테라피,namyangju/화도읍/shops/001/index.html,아니오
namyangju/화도읍/shops/002/index.html,쥬쥬테라피,namyangju/화도읍/shops/002/index.html,아니오
namyangju/화도읍/shops/003/index.html,퀸즈테라피,namyangju/화도읍/shops/003/index.html,아니오
namyangju/화도읍/shops/004/index.html,한국미인테라피,namyangju/화도읍/shops/004/index.html,아니오
namyangju/화도읍/shops/005/index.html,한국인골든테라피,namyangju/화도읍/shops/005/index.html,아니오
nowon-gu/shops/001/index.html,쥬쥬테라피,nowon-gu/shops/001/index.html,아니오
nowon-gu/shops/002/index.html,한국인골든테라피,nowon-gu/shops/002/index.html,아니오
nowon-gu/shops/003/index.html,오늘밤테라피,nowon-gu/shops/003/index.html,아니오
nowon-gu/shops/004/index.html,퀸즈테라피,nowon-gu/shops/004/index.html,아니오
nowon-gu/shops/005/index.html,한국미인테라피,nowon-gu/shops/005/index.html,아니오
nowon-gu/공릉동/shops/001/index.html,오늘밤테라피,nowon-gu/공릉동/shops/001/index.html,아니오
nowon-gu/공릉동/shops/002/index.html,쥬쥬테라피,nowon-gu/공릉동/shops/002/index.html,아니오
nowon-gu/공릉동/shops/003/index.html,퀸즈테라피,nowon-gu/공릉동/shops/003/index.html,아니오
nowon-gu/공릉동/shops/004/index.html,한국미인테라피,nowon-gu/공릉동/shops/004/index.html,아니오
nowon-gu/공릉동/shops/005/index.html,한국인골든테라피,nowon-gu/공릉동/shops/005/index.html,아니오
nowon-gu/상계3.4동/shops/001/index.html,오늘밤테라피,nowon-gu/상계3.4동/shops/001/index.html,아니오
nowon-gu/상계3.4동/shops/002/index.html,쥬쥬테라피,nowon-gu/상계3.4동/shops/002/index.html,아니오
nowon-gu/상계3.4동/shops/003/index.html,퀸즈테라피,nowon-gu/상계3.4동/shops/003/index.html,아니오
nowon-gu/상계3.4동/shops/004/index.html,한국미인테라피,nowon-gu/상계3.4동/shops/004/index.html,아니오
nowon-gu/상계3.4동/shops/005/index.html,한국인골든테라피,nowon-gu/상계3.4동/shops/005/index.html,아니오
nowon-gu/상계6.7동/shops/001/index.html,오늘밤테라피,nowon-gu/상계6.7동/shops/001/index.html,아니오
nowon-gu/상계6.7동/shops/002/index.html,쥬쥬테라피,nowon-gu/상계6.7동/shops/002/index.html,아니오
nowon-gu/상계6.7동/shops/003/index.html,퀸즈테라피,nowon-gu/상계6.7동/shops/003/index.html,아니오
nowon-gu/상계6.7동/shops/004/index.html,한국미인테라피,nowon-gu/상계6.7동/shops/004/index.html,아니오
nowon-gu/상계6.7동/shops/005/index.html,한국인골든테라피,nowon-gu/상계6.7동/shops/005/index.html,아니오
nowon-gu/상계동/shops/001/index.html,오늘밤테라피,nowon-gu/상계동/shops/001/index.html,아니오
nowon-gu/상계동/shops/002/index.html,쥬쥬테라피,nowon-gu/상계동/shops/002/index.html,아니오
nowon-gu/상계동/shops/003/index.html,퀸즈테라피,nowon-gu/상계동/shops/003/index.html,아니오
nowon-gu/상계동/shops/004/index.html,한국미인테라피,nowon-gu/상계동/shops/004/index.html,아니오
nowon-gu/상계동/shops/005/index.html,한국인골든테라피,nowon-gu/상계동/shops/005/index.html,아니오
nowon-gu/월계동/shops/001/index.html,오늘밤테라피,nowon-gu/월계동/shops/001/index.html,아니오
nowon-gu/월계동/shops/002/index.html,쥬쥬테라피,nowon-gu/월계동/shops/002/index.html,아니오
nowon-gu/월계동/shops/003/index.html,퀸즈테라피,nowon-gu/월계동/shops/003/index.html,아니오
nowon-gu/월계동/shops/004/index.html,한국미인테라피,nowon-gu/월계동/shops/004/index.html,아니오
nowon-gu/월계동/shops/005/index.html,한국인골든테라피,nowon-gu/월계동/shops/005/index.html,아니오
nowon-gu/중계2.3동/shops/001/index.html,오늘밤테라피,nowon-gu/중계2.3동/shops/001/index.html,아니오
nowon-gu/중계2.3동/shops/002/index.html,쥬쥬테라피,nowon-gu/중계2.3동/shops/002/index.html,아니오
nowon-gu/중계2.3동/shops/003/index.html,퀸즈테라피,nowon-gu/중계2.3동/shops/003/index.html,아니오
nowon-gu/중계2.3동/shops/004/index.html,한국미인테라피,nowon-gu/중계2.3동/shops/004/index.html,아니오
nowon-gu/중계2.3동/shops/005/index.html,한국인골든테라피,nowon-gu/중계2.3동/shops/005/index.html,아니오
nowon-gu/중계동/shops/001/index.html,오늘밤테라피,nowon-gu/중계동/shops/001/index.html,아니오
nowon-gu/중계동/shops/002/index.html,쥬쥬테라피,nowon-gu/중계동/shops/002/index.html,아니오
nowon-gu/중계동/shops/003/index.html,퀸즈테라피,nowon-gu/중계동/shops/003/index.html,아니오
nowon-gu/중계동/shops/004/index.html,한국미인테라피,nowon-gu/중계동/shops/004/index.html,아니오
nowon-gu/중계동/shops/005/index.html,한국인골든테라피,nowon-gu/중계동/shops/005/index.html,아니오
nowon-gu/중계본동/shops/001/index.html,오늘밤테라피,nowon-gu/중계본동/shops/001/index.html,아니오
nowon-gu/중계본동/shops/002/index.html,쥬쥬테라피,nowon-gu/중계본동/shops/002/index.html,아니오
nowon-gu/중계본동/shops/003/index.html,퀸즈테라피,nowon-gu/중계본동/shops/003/index.html,아니오
nowon-gu/중계본동/shops/004/index.html,한국미인테라피,nowon-gu/중계본동/shops/004/index.html,아니오
nowon-gu/중계본동/shops/005/index.html,한국인골든테라피,nowon-gu/중계본동/shops/005/index.html,아니오
nowon-gu/하계동/shops/001/index.html,오늘밤테라피,nowon-gu/하계동/shops/001/index.html,아니오
nowon-gu/하계동/shops/002/index.html,쥬쥬테라피,nowon-gu/하계동/shops/002/index.html,아니오
nowon-gu/하계동/shops/003/index.html,퀸즈테라피,nowon-gu/하계동/shops/003/index.html,아니오
nowon-gu/하계동/shops/004/index.html,한국미인테라피,nowon-gu/하계동/shops/004/index.html,아니오
nowon-gu/하계동/shops/005/index.html,한국인골든테라피,nowon-gu/하계동/shops/005/index.html,아니오
ongjin-gun/shops/001/index.html,쥬쥬테라피,ongjin-gun/shops/001/index.html,아니오
ongjin-gun/shops/002/index.html,한국인골든테라피,ongjin-gun/shops/002/index.html,아니오
ongjin-gun/shops/003/index.html,오늘밤테라피,ongjin-gun/shops/003/index.html,아니오
ongjin-gun/shops/004/index.html,퀸즈테라피,ongjin-gun/shops/004/index.html,아니오
ongjin-gun/shops/005/index.html,한국미인테라피,ongjin-gun/shops/005/index.html,아니오
ongjin-gun/대청면/shops/001/index.html,오늘밤테라피,ongjin-gun/대청면/shops/001/index.html,아니오
ongjin-gun/대청면/shops/002/index.html,쥬쥬테라피,ongjin-gun/대청면/shops/002/index.html,아니오
ongjin-gun/대청면/shops/003/index.html,퀸즈테라피,ongjin-gun/대청면/shops/003/index.html,아니오
ongjin-gun/대청면/shops/004/index.html,한국미인테라피,ongjin-gun/대청면/shops/004/index.html,아니오
ongjin-gun/대청면/shops/005/index.html,한국인골든테라피,ongjin-gun/대청면/shops/005/index.html,아니오
ongjin-gun/덕적면/shops/001/index.html,오늘밤테라피,ongjin-gun/덕적면/shops/001/index.html,아니오
ongjin-gun/덕적면/shops/002/index.html,쥬쥬테라피,ongjin-gun/덕적면/shops/002/index.html,아니오
ongjin-gun/덕적면/shops/003/index.html,퀸즈테라피,ongjin-gun/덕적면/shops/003/index.html,아니오
ongjin-gun/덕적면/shops/004/index.html,한국미인테라피,ongjin-gun/덕적면/shops/004/index.html,아니오
ongjin-gun/덕적면/shops/005/index.html,한국인골든테라피,ongjin-gun/덕적면/shops/005/index.html,아니오
ongjin-gun/백령면/shops/001/index.html,오늘밤테라피,ongjin-gun/백령면/shops/001/index.html,아니오
ongjin-gun/백령면/shops/002/index.html,쥬쥬테라피,ongjin-gun/백령면/shops/002/index.html,아니오
ongjin-gun/백령면/shops/003/index.html,퀸즈테라피,ongjin-gun/백령면/shops/003/index.html,아니오
ongjin-gun/백령면/shops/004/index.html,한국미인테라피,ongjin-gun/백령면/shops/004/index.html,아니오
ongjin-gun/백령면/shops/005/index.html,한국인골든테라피,ongjin-gun/백령면/shops/005/index.html,아니오
ongjin-gun/북도면/shops/001/index.html,오늘밤테라피,ongjin-gun/북도면/shops/001/index.html,아니오
ongjin-gun/북도면/shops/002/index.html,쥬쥬테라피,ongjin-gun/북도면/shops/002/index.html,아니오
ongjin-gun/북도면/shops/003/index.html,퀸즈테라피,ongjin-gun/북도면/shops/003/index.html,아니오
ongjin-gun/북도면/shops/004/index.html,한국미인테라피,ongjin-gun/북도면/shops/004/index.html,아니오
ongjin-gun/북도면/shops/005/index.html,한국인골든테라피,ongjin-gun/북도면/shops/005/index.html,아니오
ongjin-gun/연평면/shops/001/index.html,오늘밤테라피,ongjin-gun/연평면/shops/001/index.html,아니오
ongjin-gun/연평면/shops/002/index.html,쥬쥬테라피,ongjin-gun/연평면/shops/002/index.html,아니오
ongjin-gun/연평면/shops/003/index.html,퀸즈테라피,ongjin-gun/연평면/shops/003/index.html,아니오
ongjin-gun/연평면/shops/004/index.html,한국미인테라피,ongjin-gun/연평면/shops/004/index.html,아니오
ongjin-gun/연평면/shops/005/index.html,한국인골든테라피,ongjin-gun/연평면/shops/005/index.html,아니오
ongjin-gun/영흥면/shops/001/index.html,오늘밤테라피,ongjin-gun/영흥면/shops/001/index.html,아니오
ongjin-gun/영흥면/shops/002/index.html,쥬쥬테라피,ongjin-gun/영흥면/shops/002/index.html,아니오
ongjin-gun/영흥면/shops/003/index.html,퀸즈테라피,ongjin-gun/영흥면/shops/003/index.html,아니오
ongjin-gun/영흥면/shops/004/index.html,한국미인테라피,ongjin-gun/영흥면/shops/004/index.html,아니오
ongjin-gun/영흥면/shops/005/index.html,한국인골든테라피,ongjin-gun/영흥면/shops/005/index.html,아니오
ongjin-gun/자월면/shops/001/index.html,오늘밤테라피,ongjin-gun/자월면/shops/001/index.html,아니오
ongjin-gun/자월면/shops/002/index.html,쥬쥬테라피,ongjin-gun/자월면/shops/002/index.html,아니오
ongjin-gun/자월면/shops/003/index.html,퀸즈테라피,ongjin-gun/자월면/shops/003/index.html,아니오
ongjin-gun/자월면/shops/004/index.html,한국미인테라피,ongjin-gun/자월면/shops/004/index.html,아니오
ongjin-gun/자월면/shops/005/index.html,한국인골든테라피,ongjin-gun/자월면/shops/005/index.html,아니오
osan/shops/001/index.html,쥬쥬테라피,osan/shops/001/index.html,아니오
osan/shops/002/index.html,한국인골든테라피,osan/shops/002/index.html,아니오
osan/shops/003/index.html,오늘밤테라피,osan/shops/003/index.html,아니오
osan/shops/004/index.html,퀸즈테라피,osan/shops/004/index.html,아니오
osan/shops/005/index.html,한국미인테라피,osan/shops/005/index.html,아니오
osan/남촌동/shops/001/index.html,오늘밤테라피,osan/남촌동/shops/001/index.html,아니오
osan/남촌동/shops/002/index.html,쥬쥬테라피,osan/남촌동/shops/002/index.html,아니오
osan/남촌동/shops/003/index.html,퀸즈테라피,osan/남촌동/shops/003/index.html,아니오
osan/남촌동/shops/004/index.html,한국미인테라피,osan/남촌동/shops/004/index.html,아니오
osan/남촌동/shops/005/index.html,한국인골든테라피,osan/남촌동/shops/005/index.html,아니오
osan/대원동/shops/001/index.html,오늘밤테라피,osan/대원동/shops/001/index.html,아니오
osan/대원동/shops/002/index.html,쥬쥬테라피,osan/대원동/shops/002/index.html,아니오
osan/대원동/shops/003/index.html,퀸즈테라피,osan/대원동/shops/003/index.html,아니오
osan/대원동/shops/004/index.html,한국미인테라피,osan/대원동/shops/004/index.html,아니오
osan/대원동/shops/005/index.html,한국인골든테라피,osan/대원동/shops/005/index.html,아니오
osan/세마동/shops/001/index.html,오늘밤테라피,osan/세마동/shops/001/index.html,아니오
osan/세마동/shops/002/index.html,쥬쥬테라피,osan/세마동/shops/002/index.html,아니오
osan/세마동/shops/003/index.html,퀸즈테라피,osan/세마동/shops/003/index.html,아니오
osan/세마동/shops/004/index.html,한국미인테라피,osan/세마동/shops/004/index.html,아니오
osan/세마동/shops/005/index.html,한국인골든테라피,osan/세마동/shops/005/index.html,아니오
osan/신장동/shops/001/index.html,오늘밤테라피,osan/신장동/shops/001/index.html,아니오
osan/신장동/shops/002/index.html,쥬쥬테라피,osan/신장동/shops/002/index.html,아니오
osan/신장동/shops/003/index.html,퀸즈테라피,osan/신장동/shops/003/index.html,아니오
osan/신장동/shops/004/index.html,한국미인테라피,osan/신장동/shops/004/index.html,아니오
osan/신장동/shops/005/index.html,한국인골든테라피,osan/신장동/shops/005/index.html,아니오
osan/중앙동/shops/001/index.html,오늘밤테라피,osan/중앙동/shops/001/index.html,아니오
osan/중앙동/shops/002/index.html,쥬쥬테라피,osan/중앙동/shops/002/index.html,아니오
osan/중앙동/shops/003/index.html,퀸즈테라피,osan/중앙동/shops/003/index.html,아니오
osan/중앙동/shops/004/index.html,한국미인테라피,osan/중앙동/shops/004/index.html,아니오
osan/중앙동/shops/005/index.html,한국인골든테라피,osan/중앙동/shops/005/index.html,아니오
osan/초평동/shops/001/index.html,오늘밤테라피,osan/초평동/shops/001/index.html,아니오
osan/초평동/shops/002/index.html,쥬쥬테라피,osan/초평동/shops/002/index.html,아니오
osan/초평동/shops/003/index.html,퀸즈테라피,osan/초평동/shops/003/index.html,아니오
osan/초평동/shops/004/index.html,한국미인테라피,osan/초평동/shops/004/index.html,아니오
osan/초평동/shops/005/index.html,한국인골든테라피,osan/초평동/shops/005/index.html,아니오
paju/shops/001/index.html,쥬쥬테라피,paju/shops/001/index.html,아니오
paju/shops/002/index.html,한국인골든테라피,paju/shops/002/index.html,아니오
paju/shops/003/index.html,오늘밤테라피,paju/shops/003/index.html,아니오
paju/shops/004/index.html,퀸즈테라피,paju/shops/004/index.html,아니오
paju/shops/005/index.html,한국미인테라피,paju/shops/005/index.html,아니오
paju/광탄면/shops/001/index.html,오늘밤테라피,paju/광탄면/shops/001/index.html,아니오
paju/광탄면/shops/002/index.html,쥬쥬테라피,paju/광탄면/shops/002/index.html,아니오
paju/광탄면/shops/003/index.html,퀸즈테라피,paju/광탄면/shops/003/index.html,아니오
paju/광탄면/shops/004/index.html,한국미인테라피,paju/광탄면/shops/004/index.html,아니오
paju/광탄면/shops/005/index.html,한국인골든테라피,paju/광탄면/shops/005/index.html,아니오
paju/교하동/shops/001/index.html,오늘밤테라피,paju/교하동/shops/001/index.html,아니오
paju/교하동/shops/002/index.html,쥬쥬테라피,paju/교하동/shops/002/index.html,아니오
paju/교하동/shops/003/index.html,퀸즈테라피,paju/교하동/shops/003/index.html,아니오
paju/교하동/shops/004/index.html,한국미인테라피,paju/교하동/shops/004/index.html,아니오
paju/교하동/shops/005/index.html,한국인골든테라피,paju/교하동/shops/005/index.html,아니오
paju/금촌동/shops/001/index.html,오늘밤테라피,paju/금촌동/shops/001/index.html,아니오
paju/금촌동/shops/002/index.html,쥬쥬테라피,paju/금촌동/shops/002/index.html,아니오
paju/금촌동/shops/003/index.html,퀸즈테라피,paju/금촌동/shops/003/index.html,아니오
paju/금촌동/shops/004/index.html,한국미인테라피,paju/금촌동/shops/004/index.html,아니오
paju/금촌동/shops/005/index.html,한국인골든테라피,paju/금촌동/shops/005/index.html,아니오
paju/문산읍/shops/001/index.html,오늘밤테라피,paju/문산읍/shops/001/index.html,아니오
paju/문산읍/shops/002/index.html,쥬쥬테라피,paju/문산읍/shops/002/index.html,아니오
paju/문산읍/shops/003/index.html,퀸즈테라피,paju/문산읍/shops/003/index.html,아니오
paju/문산읍/shops/004/index.html,한국미인테라피,paju/문산읍/shops/004/index.html,아니오
paju/문산읍/shops/005/index.html,한국인골든테라피,paju/문산읍/shops/005/index.html,아니오
paju/법원읍/shops/001/index.html,오늘밤테라피,paju/법원읍/shops/001/index.html,아니오
paju/법원읍/shops/002/index.html,쥬쥬테라피,paju/법원읍/shops/002/index.html,아니오
paju/법원읍/shops/003/index.html,퀸즈테라피,paju/법원읍/shops/003/index.html,아니오
paju/법원읍/shops/004/index.html,한국미인테라피,paju/법원읍/shops/004/index.html,아니오
paju/법원읍/shops/005/index.html,한국인골든테라피,paju/법원읍/shops/005/index.html,아니오
paju/운정동/shops/001/index.html,오늘밤테라피,paju/운정동/shops/001/index.html,아니오
paju/운정동/shops/002/index.html,쥬쥬테라피,paju/운정동/shops/002/index.html,아니오
paju/운정동/shops/003/index.html,퀸즈테라피,paju/운정동/shops/003/index.html,아니오
paju/운정동/shops/004/index.html,한국미인테라피,paju/운정동/shops/004/index.html,아니오
paju/운정동/shops/005/index.html,한국인골든테라피,paju/운정동/shops/005/index.html,아니오
paju/월롱면/shops/001/index.html,오늘밤테라피,paju/월롱면/shops/001/index.html,아니오
paju/월롱면/shops/002/index.html,쥬쥬테라피,paju/월롱면/shops/002/index.html,아니오
paju/월롱면/shops/003/index.html,퀸즈테라피,paju/월롱면/shops/003/index.html,아니오
paju/월롱면/shops/004/index.html,한국미인테라피,paju/월롱면/shops/004/index.html,아니오
paju/월롱면/shops/005/index.html,한국인골든테라피,paju/월롱면/shops/005/index.html,아니오
paju/장단면/shops/001/index.html,오늘밤테라피,paju/장단면/shops/001/index.html,아니오
paju/장단면/shops/002/index.html,쥬쥬테라피,paju/장단면/shops/002/index.html,아니오
paju/장단면/shops/003/index.html,퀸즈테라피,paju/장단면/shops/003/index.html,아니오
paju/장단면/shops/004/index.html,한국미인테라피,paju/장단면/shops/004/index.html,아니오
paju/장단면/shops/005/index.html,한국인골든테라피,paju/장단면/shops/005/index.html,아니오
paju/적성면/shops/001/index.html,오늘밤테라피,paju/적성면/shops/001/index.html,아니오
paju/적성면/shops/002/index.html,쥬쥬테라피,paju/적성면/shops/002/index.html,아니오
paju/적성면/shops/003/index.html,퀸즈테라피,paju/적성면/shops/003/index.html,아니오
paju/적성면/shops/004/index.html,한국미인테라피,paju/적성면/shops/004/index.html,아니오
paju/적성면/shops/005/index.html,한국인골든테라피,paju/적성면/shops/005/index.html,아니오
paju/조리읍/shops/001/index.html,오늘밤테라피,paju/조리읍/shops/001/index.html,아니오
paju/조리읍/shops/002/index.html,쥬쥬테라피,paju/조리읍/shops/002/index.html,아니오
paju/조리읍/shops/003/index.html,퀸즈테라피,paju/조리읍/shops/003/index.html,아니오
paju/조리읍/shops/004/index.html,한국미인테라피,paju/조리읍/shops/004/index.html,아니오
paju/조리읍/shops/005/index.html,한국인골든테라피,paju/조리읍/shops/005/index.html,아니오
paju/탄현면/shops/001/index.html,오늘밤테라피,paju/탄현면/shops/001/index.html,아니오
paju/탄현면/shops/002/index.html,쥬쥬테라피,paju/탄현면/shops/002/index.html,아니오
paju/탄현면/shops/003/index.html,퀸즈테라피,paju/탄현면/shops/003/index.html,아니오
paju/탄현면/shops/004/index.html,한국미인테라피,paju/탄현면/shops/004/index.html,아니오
paju/탄현면/shops/005/index.html,한국인골든테라피,paju/탄현면/shops/005/index.html,아니오
paju/파주읍/shops/001/index.html,오늘밤테라피,paju/파주읍/shops/001/index.html,아니오
paju/파주읍/shops/002/index.html,쥬쥬테라피,paju/파주읍/shops/002/index.html,아니오
paju/파주읍/shops/003/index.html,퀸즈테라피,paju/파주읍/shops/003/index.html,아니오
paju/파주읍/shops/004/index.html,한국미인테라피,paju/파주읍/shops/004/index.html,아니오
paju/파주읍/shops/005/index.html,한국인골든테라피,paju/파주읍/shops/005/index.html,아니오
paju/파평면/shops/001/index.html,오늘밤테라피,paju/파평면/shops/001/index.html,아니오
paju/파평면/shops/002/index.html,쥬쥬테라피,paju/파평면/shops/002/index.html,아니오
paju/파평면/shops/003/index.html,퀸즈테라피,paju/파평면/shops/003/index.html,아니오
paju/파평면/shops/004/index.html,한국미인테라피,paju/파평면/shops/004/index.html,아니오
paju/파평면/shops/005/index.html,한국인골든테라피,paju/파평면/shops/005/index.html,아니오
pocheon/shops/001/index.html,쥬쥬테라피,pocheon/shops/001/index.html,아니오
pocheon/shops/002/index.html,한국인골든테라피,pocheon/shops/002/index.html,아니오
pocheon/shops/003/index.html,오늘밤테라피,pocheon/shops/003/index.html,아니오
pocheon/shops/004/index.html,퀸즈테라피,pocheon/shops/004/index.html,아니오
pocheon/shops/005/index.html,한국미인테라피,pocheon/shops/005/index.html,아니오
pocheon/가산면/shops/001/index.html,오늘밤테라피,pocheon/가산면/shops/001/index.html,아니오
pocheon/가산면/shops/002/index.html,쥬쥬테라피,pocheon/가산면/shops/002/index.html,아니오
pocheon/가산면/shops/003/index.html,퀸즈테라피,pocheon/가산면/shops/003/index.html,아니오
pocheon/가산면/shops/004/index.html,한국미인테라피,pocheon/가산면/shops/004/index.html,아니오
pocheon/가산면/shops/005/index.html,한국인골든테라피,pocheon/가산면/shops/005/index.html,아니오
pocheon/관인면/shops/001/index.html,오늘밤테라피,pocheon/관인면/shops/001/index.html,아니오
pocheon/관인면/shops/002/index.html,쥬쥬테라피,pocheon/관인면/shops/002/index.html,아니오
pocheon/관인면/shops/003/index.html,퀸즈테라피,pocheon/관인면/shops/003/index.html,아니오
pocheon/관인면/shops/004/index.html,한국미인테라피,pocheon/관인면/shops/004/index.html,아니오
pocheon/관인면/shops/005/index.html,한국인골든테라피,pocheon/관인면/shops/005/index.html,아니오
pocheon/군내면/shops/001/index.html,오늘밤테라피,pocheon/군내면/shops/001/index.html,아니오
pocheon/군내면/shops/002/index.html,쥬쥬테라피,pocheon/군내면/shops/002/index.html,아니오
pocheon/군내면/shops/003/index.html,퀸즈테라피,pocheon/군내면/shops/003/index.html,아니오
pocheon/군내면/shops/004/index.html,한국미인테라피,pocheon/군내면/shops/004/index.html,아니오
pocheon/군내면/shops/005/index.html,한국인골든테라피,pocheon/군내면/shops/005/index.html,아니오
pocheon/내촌면/shops/001/index.html,오늘밤테라피,pocheon/내촌면/shops/001/index.html,아니오
pocheon/내촌면/shops/002/index.html,쥬쥬테라피,pocheon/내촌면/shops/002/index.html,아니오
pocheon/내촌면/shops/003/index.html,퀸즈테라피,pocheon/내촌면/shops/003/index.html,아니오
pocheon/내촌면/shops/004/index.html,한국미인테라피,pocheon/내촌면/shops/004/index.html,아니오
pocheon/내촌면/shops/005/index.html,한국인골든테라피,pocheon/내촌면/shops/005/index.html,아니오
pocheon/선단동/shops/001/index.html,오늘밤테라피,pocheon/선단동/shops/001/index.html,아니오
pocheon/선단동/shops/002/index.html,쥬쥬테라피,pocheon/선단동/shops/002/index.html,아니오
pocheon/선단동/shops/003/index.html,퀸즈테라피,pocheon/선단동/shops/003/index.html,아니오
pocheon/선단동/shops/004/index.html,한국미인테라피,pocheon/선단동/shops/004/index.html,아니오
pocheon/선단동/shops/005/index.html,한국인골든테라피,pocheon/선단동/shops/005/index.html,아니오
pocheon/소흘읍/shops/001/index.html,오늘밤테라피,pocheon/소흘읍/shops/001/index.html,아니오
pocheon/소흘읍/shops/002/index.html,쥬쥬테라피,pocheon/소흘읍/shops/002/index.html,아니오
pocheon/소흘읍/shops/003/index.html,퀸즈테라피,pocheon/소흘읍/shops/003/index.html,아니오
pocheon/소흘읍/shops/004/index.html,한국미인테라피,pocheon/소흘읍/shops/004/index.html,아니오
pocheon/소흘읍/shops/005/index.html,한국인골든테라피,pocheon/소흘읍/shops/005/index.html,아니오
pocheon/신북면/shops/001/index.html,오늘밤테라피,pocheon/신북면/shops/001/index.html,아니오
pocheon/신북면/shops/002/index.html,쥬쥬테라피,pocheon/신북면/shops/002/index.html,아니오
pocheon/신북면/shops/003/index.html,퀸즈테라피,pocheon/신북면/shops/003/index.html,아니오
pocheon/신북면/shops/004/index.html,한국미인테라피,pocheon/신북면/shops/004/index.html,아니오
pocheon/신북면/shops/005/index.html,한국인골든테라피,pocheon/신북면/shops/005/index.html,아니오
pocheon/영북면/shops/001/index.html,오늘밤테라피,pocheon/영북면/shops/001/index.html,아니오
pocheon/영북면/shops/002/index.html,쥬쥬테라피,pocheon/영북면/shops/002/index.html,아니오
pocheon/영북면/shops/003/index.html,퀸즈테라피,pocheon/영북면/shops/003/index.html,아니오
pocheon/영북면/shops/004/index.html,한국미인테라피,pocheon/영북면/shops/004/index.html,아니오
pocheon/영북면/shops/005/index.html,한국인골든테라피,pocheon/영북면/shops/005/index.html,아니오
pocheon/영중면/shops/001/index.html,오늘밤테라피,pocheon/영중면/shops/001/index.html,아니오
pocheon/영중면/shops/002/index.html,쥬쥬테라피,pocheon/영중면/shops/002/index.html,아니오
pocheon/영중면/shops/003/index.html,퀸즈테라피,pocheon/영중면/shops/003/index.html,아니오
pocheon/영중면/shops/004/index.html,한국미인테라피,pocheon/영중면/shops/004/index.html,아니오
pocheon/영중면/shops/005/index.html,한국인골든테라피,pocheon/영중면/shops/005/index.html,아니오
pocheon/이동면/shops/001/index.html,오늘밤테라피,pocheon/이동면/shops/001/index.html,아니오
pocheon/이동면/shops/002/index.html,쥬쥬테라피,pocheon/이동면/shops/002/index.html,아니오
pocheon/이동면/shops/003/index.html,퀸즈테라피,pocheon/이동면/shops/003/index.html,아니오
pocheon/이동면/shops/004/index.html,한국미인테라피,pocheon/이동면/shops/004/index.html,아니오
pocheon/이동면/shops/005/index.html,한국인골든테라피,pocheon/이동면/shops/005/index.html,아니오
pocheon/일동면/shops/001/index.html,오늘밤테라피,pocheon/일동면/shops/001/index.html,아니오
pocheon/일동면/shops/002/index.html,쥬쥬테라피,pocheon/일동면/shops/002/index.html,아니오
pocheon/일동면/shops/003/index.html,퀸즈테라피,pocheon/일동면/shops/003/index.html,아니오
pocheon/일동면/shops/004/index.html,한국미인테라피,pocheon/일동면/shops/004/index.html,아니오
pocheon/일동면/shops/005/index.html,한국인골든테라피,pocheon/일동면/shops/005/index.html,아니오
pocheon/창수면/shops/001/index.html,오늘밤테라피,pocheon/창수면/shops/001/index.html,아니오
pocheon/창수면/shops/002/index.html,쥬쥬테라피,pocheon/창수면/shops/002/index.html,아니오
pocheon/창수면/shops/003/index.html,퀸즈테라피,pocheon/창수면/shops/003/index.html,아니오
pocheon/창수면/shops/004/index.html,한국미인테라피,pocheon/창수면/shops/004/index.html,아니오
pocheon/창수면/shops/005/index.html,한국인골든테라피,pocheon/창수면/shops/005/index.html,아니오
pocheon/포천동/shops/001/index.html,오늘밤테라피,pocheon/포천동/shops/001/index.html,아니오
pocheon/포천동/shops/002/index.html,쥬쥬테라피,pocheon/포천동/shops/002/index.html,아니오
pocheon/포천동/shops/003/index.html,퀸즈테라피,pocheon/포천동/shops/003/index.html,아니오
pocheon/포천동/shops/004/index.html,한국미인테라피,pocheon/포천동/shops/004/index.html,아니오
pocheon/포천동/shops/005/index.html,한국인골든테라피,pocheon/포천동/shops/005/index.html,아니오
pocheon/화현면/shops/001/index.html,오늘밤테라피,pocheon/화현면/shops/001/index.html,아니오
pocheon/화현면/shops/002/index.html,쥬쥬테라피,pocheon/화현면/shops/002/index.html,아니오
pocheon/화현면/shops/003/index.html,퀸즈테라피,pocheon/화현면/shops/003/index.html,아니오
pocheon/화현면/shops/004/index.html,한국미인테라피,pocheon/화현면/shops/004/index.html,아니오
pocheon/화현면/shops/005/index.html,한국인골든테라피,pocheon/화현면/shops/005/index.html,아니오
pyeongtaek/shops/001/index.html,쥬쥬테라피,pyeongtaek/shops/001/index.html,아니오
pyeongtaek/shops/002/index.html,한국인골든테라피,pyeongtaek/shops/002/index.html,아니오
pyeongtaek/shops/003/index.html,오늘밤테라피,pyeongtaek/shops/003/index.html,아니오
pyeongtaek/shops/004/index.html,퀸즈테라피,pyeongtaek/shops/004/index.html,아니오
pyeongtaek/shops/005/index.html,한국미인테라피,pyeongtaek/shops/005/index.html,아니오
pyeongtaek/고덕동/shops/001/index.html,오늘밤테라피,pyeongtaek/고덕동/shops/001/index.html,아니오
pyeongtaek/고덕동/shops/002/index.html,쥬쥬테라피,pyeongtaek/고덕동/shops/002/index.html,아니오
pyeongtaek/고덕동/shops/003/index.html,퀸즈테라피,pyeongtaek/고덕동/shops/003/index.html,아니오
pyeongtaek/고덕동/shops/004/index.html,한국미인테라피,pyeongtaek/고덕동/shops/004/index.html,아니오
pyeongtaek/고덕동/shops/005/index.html,한국인골든테라피,pyeongtaek/고덕동/shops/005/index.html,아니오
pyeongtaek/고덕면/shops/001/index.html,오늘밤테라피,pyeongtaek/고덕면/shops/001/index.html,아니오
pyeongtaek/고덕면/shops/002/index.html,쥬쥬테라피,pyeongtaek/고덕면/shops/002/index.html,아니오
pyeongtaek/고덕면/shops/003/index.html,퀸즈테라피,pyeongtaek/고덕면/shops/003/index.html,아니오
pyeongtaek/고덕면/shops/004/index.html,한국미인테라피,pyeongtaek/고덕면/shops/004/index.html,아니오
pyeongtaek/고덕면/shops/005/index.html,한국인골든테라피,pyeongtaek/고덕면/shops/005/index.html,아니오
pyeongtaek/동삭동/shops/001/index.html,오늘밤테라피,pyeongtaek/동삭동/shops/001/index.html,아니오
pyeongtaek/동삭동/shops/002/index.html,쥬쥬테라피,pyeongtaek/동삭동/shops/002/index.html,아니오
pyeongtaek/동삭동/shops/003/index.html,퀸즈테라피,pyeongtaek/동삭동/shops/003/index.html,아니오
pyeongtaek/동삭동/shops/004/index.html,한국미인테라피,pyeongtaek/동삭동/shops/004/index.html,아니오
pyeongtaek/동삭동/shops/005/index.html,한국인골든테라피,pyeongtaek/동삭동/shops/005/index.html,아니오
pyeongtaek/비전동/shops/001/index.html,오늘밤테라피,pyeongtaek/비전동/shops/001/index.html,아니오
pyeongtaek/비전동/shops/002/index.html,쥬쥬테라피,pyeongtaek/비전동/shops/002/index.html,아니오
pyeongtaek/비전동/shops/003/index.html,퀸즈테라피,pyeongtaek/비전동/shops/003/index.html,아니오
pyeongtaek/비전동/shops/004/index.html,한국미인테라피,pyeongtaek/비전동/shops/004/index.html,아니오
pyeongtaek/비전동/shops/005/index.html,한국인골든테라피,pyeongtaek/비전동/shops/005/index.html,아니오
pyeongtaek/서정동/shops/001/index.html,오늘밤테라피,pyeongtaek/서정동/shops/001/index.html,아니오
pyeongtaek/서정동/shops/002/index.html,쥬쥬테라피,pyeongtaek/서정동/shops/002/index.html,아니오
pyeongtaek/서정동/shops/003/index.html,퀸즈테라피,pyeongtaek/서정동/shops/003/index.html,아니오
pyeongtaek/서정동/shops/004/index.html,한국미인테라피,pyeongtaek/서정동/shops/004/index.html,아니오
pyeongtaek/서정동/shops/005/index.html,한국인골든테라피,pyeongtaek/서정동/shops/005/index.html,아니오
pyeongtaek/서탄면/shops/001/index.html,오늘밤테라피,pyeongtaek/서탄면/shops/001/index.html,아니오
pyeongtaek/서탄면/shops/002/index.html,쥬쥬테라피,pyeongtaek/서탄면/shops/002/index.html,아니오
pyeongtaek/서탄면/shops/003/index.html,퀸즈테라피,pyeongtaek/서탄면/shops/003/index.html,아니오
pyeongtaek/서탄면/shops/004/index.html,한국미인테라피,pyeongtaek/서탄면/shops/004/index.html,아니오
pyeongtaek/서탄면/shops/005/index.html,한국인골든테라피,pyeongtaek/서탄면/shops/005/index.html,아니오
pyeongtaek/세교동/shops/001/index.html,오늘밤테라피,pyeongtaek/세교동/shops/001/index.html,아니오
pyeongtaek/세교동/shops/002/index.html,쥬쥬테라피,pyeongtaek/세교동/shops/002/index.html,아니오
pyeongtaek/세교동/shops/003/index.html,퀸즈테라피,pyeongtaek/세교동/shops/003/index.html,아니오
pyeongtaek/세교동/shops/004/index.html,한국미인테라피,pyeongtaek/세교동/shops/004/index.html,아니오
pyeongtaek/세교동/shops/005/index.html,한국인골든테라피,pyeongtaek/세교동/shops/005/index.html,아니오
pyeongtaek/송북동/shops/001/index.html,오늘밤테라피,pyeongtaek/송북동/shops/001/index.html,아니오
pyeongtaek/송북동/shops/002/index.html,쥬쥬테라피,pyeongtaek/송북동/shops/002/index.html,아니오
pyeongtaek/송북동/shops/003/index.html,퀸즈테라피,pyeongtaek/송북동/shops/003/index.html,아니오
pyeongtaek/송북동/shops/004/index.html,한국미인테라피,pyeongtaek/송북동/shops/004/index.html,아니오
pyeongtaek/송북동/shops/005/index.html,한국인골든테라피,pyeongtaek/송북동/shops/005/index.html,아니오
pyeongtaek/송탄동/shops/001/index.html,오늘밤테라피,pyeongtaek/송탄동/shops/001/index.html,아니오
pyeongtaek/송탄동/shops/002/index.html,쥬쥬테라피,pyeongtaek/송탄동/shops/002/index.html,아니오
pyeongtaek/송탄동/shops/003/index.html,퀸즈테라피,pyeongtaek/송탄동/shops/003/index.html,아니오
pyeongtaek/송탄동/shops/004/index.html,한국미인테라피,pyeongtaek/송탄동/shops/004/index.html,아니오
pyeongtaek/송탄동/shops/005/index.html,한국인골든테라피,pyeongtaek/송탄동/shops/005/index.html,아니오
pyeongtaek/신장동/shops/001/index.html,오늘밤테라피,pyeongtaek/신장동/shops/001/index.html,아니오
pyeongtaek/신장동/shops/002/index.html,쥬쥬테라피,pyeongtaek/신장동/shops/002/index.html,아니오
pyeongtaek/신장동/shops/003/index.html,퀸즈테라피,pyeongtaek/신장동/shops/003/index.html,아니오
pyeongtaek/신장동/shops/004/index.html,한국미인테라피,pyeongtaek/신장동/shops/004/index.html,아니오
pyeongtaek/신장동/shops/005/index.html,한국인골든테라피,pyeongtaek/신장동/shops/005/index.html,아니오
pyeongtaek/신평동/shops/001/index.html,오늘밤테라피,pyeongtaek/신평동/shops/001/index.html,아니오
pyeongtaek/신평동/shops/002/index.html,쥬쥬테라피,pyeongtaek/신평동/shops/002/index.html,아니오
pyeongtaek/신평동/shops/003/index.html,퀸즈테라피,pyeongtaek/신평동/shops/003/index.html,아니오
pyeongtaek/신평동/shops/004/index.html,한국미인테라피,pyeongtaek/신평동/shops/004/index.html,아니오
pyeongtaek/신평동/shops/005/index.html,한국인골든테라피,pyeongtaek/신평동/shops/005/index.html,아니오
pyeongtaek/안중읍/shops/001/index.html,오늘밤테라피,pyeongtaek/안중읍/shops/001/index.html,아니오
pyeongtaek/안중읍/shops/002/index.html,쥬쥬테라피,pyeongtaek/안중읍/shops/002/index.html,아니오
pyeongtaek/안중읍/shops/003/index.html,퀸즈테라피,pyeongtaek/안중읍/shops/003/index.html,아니오
pyeongtaek/안중읍/shops/004/index.html,한국미인테라피,pyeongtaek/안중읍/shops/004/index.html,아니오
pyeongtaek/안중읍/shops/005/index.html,한국인골든테라피,pyeongtaek/안중읍/shops/005/index.html,아니오
pyeongtaek/오성면/shops/001/index.html,오늘밤테라피,pyeongtaek/오성면/shops/001/index.html,아니오
pyeongtaek/오성면/shops/002/index.html,쥬쥬테라피,pyeongtaek/오성면/shops/002/index.html,아니오
pyeongtaek/오성면/shops/003/index.html,퀸즈테라피,pyeongtaek/오성면/shops/003/index.html,아니오
pyeongtaek/오성면/shops/004/index.html,한국미인테라피,pyeongtaek/오성면/shops/004/index.html,아니오
pyeongtaek/오성면/shops/005/index.html,한국인골든테라피,pyeongtaek/오성면/shops/005/index.html,아니오
pyeongtaek/용이동/shops/001/index.html,오늘밤테라피,pyeongtaek/용이동/shops/001/index.html,아니오
pyeongtaek/용이동/shops/002/index.html,쥬쥬테라피,pyeongtaek/용이동/shops/002/index.html,아니오
pyeongtaek/용이동/shops/003/index.html,퀸즈테라피,pyeongtaek/용이동/shops/003/index.html,아니오
pyeongtaek/용이동/shops/004/index.html,한국미인테라피,pyeongtaek/용이동/shops/004/index.html,아니오
pyeongtaek/용이동/shops/005/index.html,한국인골든테라피,pyeongtaek/용이동/shops/005/index.html,아니오
pyeongtaek/원평동/shops/001/index.html,오늘밤테라피,pyeongtaek/원평동/shops/001/index.html,아니오
pyeongtaek/원평동/shops/002/index.html,쥬쥬테라피,pyeongtaek/원평동/shops/002/index.html,아니오
pyeongtaek/원평동/shops/003/index.html,퀸즈테라피,pyeongtaek/원평동/shops/003/index.html,아니오
pyeongtaek/원평동/shops/004/index.html,한국미인테라피,pyeongtaek/원평동/shops/004/index.html,아니오
pyeongtaek/원평동/shops/005/index.html,한국인골든테라피,pyeongtaek/원평동/shops/005/index.html,아니오
pyeongtaek/중앙동/shops/001/index.html,오늘밤테라피,pyeongtaek/중앙동/shops/001/index.html,아니오
pyeongtaek/중앙동/shops/002/index.html,쥬쥬테라피,pyeongtaek/중앙동/shops/002/index.html,아니오
pyeongtaek/중앙동/shops/003/index.html,퀸즈테라피,pyeongtaek/중앙동/shops/003/index.html,아니오
pyeongtaek/중앙동/shops/004/index.html,한국미인테라피,pyeongtaek/중앙동/shops/004/index.html,아니오
pyeongtaek/중앙동/shops/005/index.html,한국인골든테라피,pyeongtaek/중앙동/shops/005/index.html,아니오
pyeongtaek/지산동/shops/001/index.html,오늘밤테라피,pyeongtaek/지산동/shops/001/index.html,아니오
pyeongtaek/지산동/shops/002/index.html,쥬쥬테라피,pyeongtaek/지산동/shops/002/index.html,아니오
pyeongtaek/지산동/shops/003/index.html,퀸즈테라피,pyeongtaek/지산동/shops/003/index.html,아니오
pyeongtaek/지산동/shops/004/index.html,한국미인테라피,pyeongtaek/지산동/shops/004/index.html,아니오
pyeongtaek/지산동/shops/005/index.html,한국인골든테라피,pyeongtaek/지산동/shops/005/index.html,아니오
pyeongtaek/진위면/shops/001/index.html,오늘밤테라피,pyeongtaek/진위면/shops/001/index.html,아니오
pyeongtaek/진위면/shops/002/index.html,쥬쥬테라피,pyeongtaek/진위면/shops/002/index.html,아니오
pyeongtaek/진위면/shops/003/index.html,퀸즈테라피,pyeongtaek/진위면/shops/003/index.html,아니오
pyeongtaek/진위면/shops/004/index.html,한국미인테라피,pyeongtaek/진위면/shops/004/index.html,아니오
pyeongtaek/진위면/shops/005/index.html,한국인골든테라피,pyeongtaek/진위면/shops/005/index.html,아니오
pyeongtaek/청북읍/shops/001/index.html,오늘밤테라피,pyeongtaek/청북읍/shops/001/index.html,아니오
pyeongtaek/청북읍/shops/002/index.html,쥬쥬테라피,pyeongtaek/청북읍/shops/002/index.html,아니오
pyeongtaek/청북읍/shops/003/index.html,퀸즈테라피,pyeongtaek/청북읍/shops/003/index.html,아니오
pyeongtaek/청북읍/shops/004/index.html,한국미인테라피,pyeongtaek/청북읍/shops/004/index.html,아니오
pyeongtaek/청북읍/shops/005/index.html,한국인골든테라피,pyeongtaek/청북읍/shops/005/index.html,아니오
pyeongtaek/통복동/shops/001/index.html,오늘밤테라피,pyeongtaek/통복동/shops/001/index.html,아니오
pyeongtaek/통복동/shops/002/index.html,쥬쥬테라피,pyeongtaek/통복동/shops/002/index.html,아니오
pyeongtaek/통복동/shops/003/index.html,퀸즈테라피,pyeongtaek/통복동/shops/003/index.html,아니오
pyeongtaek/통복동/shops/004/index.html,한국미인테라피,pyeongtaek/통복동/shops/004/index.html,아니오
pyeongtaek/통복동/shops/005/index.html,한국인골든테라피,pyeongtaek/통복동/shops/005/index.html,아니오
pyeongtaek/팽성읍/shops/001/index.html,오늘밤테라피,pyeongtaek/팽성읍/shops/001/index.html,아니오
pyeongtaek/팽성읍/shops/002/index.html,쥬쥬테라피,pyeongtaek/팽성읍/shops/002/index.html,아니오
pyeongtaek/팽성읍/shops/003/index.html,퀸즈테라피,pyeongtaek/팽성읍/shops/003/index.html,아니오
pyeongtaek/팽성읍/shops/004/index.html,한국미인테라피,pyeongtaek/팽성읍/shops/004/index.html,아니오
pyeongtaek/팽성읍/shops/005/index.html,한국인골든테라피,pyeongtaek/팽성읍/shops/005/index.html,아니오
pyeongtaek/포승읍/shops/001/index.html,오늘밤테라피,pyeongtaek/포승읍/shops/001/index.html,아니오
pyeongtaek/포승읍/shops/002/index.html,쥬쥬테라피,pyeongtaek/포승읍/shops/002/index.html,아니오
pyeongtaek/포승읍/shops/003/index.html,퀸즈테라피,pyeongtaek/포승읍/shops/003/index.html,아니오
pyeongtaek/포승읍/shops/004/index.html,한국미인테라피,pyeongtaek/포승읍/shops/004/index.html,아니오
pyeongtaek/포승읍/shops/005/index.html,한국인골든테라피,pyeongtaek/포승읍/shops/005/index.html,아니오
pyeongtaek/현덕면/shops/001/index.html,오늘밤테라피,pyeongtaek/현덕면/shops/001/index.html,아니오
pyeongtaek/현덕면/shops/002/index.html,쥬쥬테라피,pyeongtaek/현덕면/shops/002/index.html,아니오
pyeongtaek/현덕면/shops/003/index.html,퀸즈테라피,pyeongtaek/현덕면/shops/003/index.html,아니오
pyeongtaek/현덕면/shops/004/index.html,한국미인테라피,pyeongtaek/현덕면/shops/004/index.html,아니오
pyeongtaek/현덕면/shops/005/index.html,한국인골든테라피,pyeongtaek/현덕면/shops/005/index.html,아니오
seocho-gu/shops/001/index.html,쥬쥬테라피,seocho-gu/shops/001/index.html,아니오
seocho-gu/shops/002/index.html,한국인골든테라피,seocho-gu/shops/002/index.html,아니오
seocho-gu/shops/003/index.html,오늘밤테라피,seocho-gu/shops/003/index.html,아니오
seocho-gu/shops/004/index.html,퀸즈테라피,seocho-gu/shops/004/index.html,아니오
seocho-gu/shops/005/index.html,한국미인테라피,seocho-gu/shops/005/index.html,아니오
seocho-gu/내곡동/shops/001/index.html,오늘밤테라피,seocho-gu/내곡동/shops/001/index.html,아니오
seocho-gu/내곡동/shops/002/index.html,쥬쥬테라피,seocho-gu/내곡동/shops/002/index.html,아니오
seocho-gu/내곡동/shops/003/index.html,퀸즈테라피,seocho-gu/내곡동/shops/003/index.html,아니오
seocho-gu/내곡동/shops/004/index.html,한국미인테라피,seocho-gu/내곡동/shops/004/index.html,아니오
seocho-gu/내곡동/shops/005/index.html,한국인골든테라피,seocho-gu/내곡동/shops/005/index.html,아니오
seocho-gu/반포동/shops/001/index.html,오늘밤테라피,seocho-gu/반포동/shops/001/index.html,아니오
seocho-gu/반포동/shops/002/index.html,쥬쥬테라피,seocho-gu/반포동/shops/002/index.html,아니오
seocho-gu/반포동/shops/003/index.html,퀸즈테라피,seocho-gu/반포동/shops/003/index.html,아니오
seocho-gu/반포동/shops/004/index.html,한국미인테라피,seocho-gu/반포동/shops/004/index.html,아니오
seocho-gu/반포동/shops/005/index.html,한국인골든테라피,seocho-gu/반포동/shops/005/index.html,아니오
seocho-gu/반포본동/shops/001/index.html,오늘밤테라피,seocho-gu/반포본동/shops/001/index.html,아니오
seocho-gu/반포본동/shops/002/index.html,쥬쥬테라피,seocho-gu/반포본동/shops/002/index.html,아니오
seocho-gu/반포본동/shops/003/index.html,퀸즈테라피,seocho-gu/반포본동/shops/003/index.html,아니오
seocho-gu/반포본동/shops/004/index.html,한국미인테라피,seocho-gu/반포본동/shops/004/index.html,아니오
seocho-gu/반포본동/shops/005/index.html,한국인골든테라피,seocho-gu/반포본동/shops/005/index.html,아니오
seocho-gu/방배동/shops/001/index.html,오늘밤테라피,seocho-gu/방배동/shops/001/index.html,아니오
seocho-gu/방배동/shops/002/index.html,쥬쥬테라피,seocho-gu/방배동/shops/002/index.html,아니오
seocho-gu/방배동/shops/003/index.html,퀸즈테라피,seocho-gu/방배동/shops/003/index.html,아니오
seocho-gu/방배동/shops/004/index.html,한국미인테라피,seocho-gu/방배동/shops/004/index.html,아니오
seocho-gu/방배동/shops/005/index.html,한국인골든테라피,seocho-gu/방배동/shops/005/index.html,아니오
seocho-gu/방배본동/shops/001/index.html,오늘밤테라피,seocho-gu/방배본동/shops/001/index.html,아니오
seocho-gu/방배본동/shops/002/index.html,쥬쥬테라피,seocho-gu/방배본동/shops/002/index.html,아니오
seocho-gu/방배본동/shops/003/index.html,퀸즈테라피,seocho-gu/방배본동/shops/003/index.html,아니오
seocho-gu/방배본동/shops/004/index.html,한국미인테라피,seocho-gu/방배본동/shops/004/index.html,아니오
seocho-gu/방배본동/shops/005/index.html,한국인골든테라피,seocho-gu/방배본동/shops/005/index.html,아니오
seocho-gu/서초동/shops/001/index.html,오늘밤테라피,seocho-gu/서초동/shops/001/index.html,아니오
seocho-gu/서초동/shops/002/index.html,쥬쥬테라피,seocho-gu/서초동/shops/002/index.html,아니오
seocho-gu/서초동/shops/003/index.html,퀸즈테라피,seocho-gu/서초동/shops/003/index.html,아니오
seocho-gu/서초동/shops/004/index.html,한국미인테라피,seocho-gu/서초동/shops/004/index.html,아니오
seocho-gu/서초동/shops/005/index.html,한국인골든테라피,seocho-gu/서초동/shops/005/index.html,아니오
seocho-gu/양재동/shops/001/index.html,오늘밤테라피,seocho-gu/양재동/shops/001/index.html,아니오
seocho-gu/양재동/shops/002/index.html,쥬쥬테라피,seocho-gu/양재동/shops/002/index.html,아니오
seocho-gu/양재동/shops/003/index.html,퀸즈테라피,seocho-gu/양재동/shops/003/index.html,아니오
seocho-gu/양재동/shops/004/index.html,한국미인테라피,seocho-gu/양재동/shops/004/index.html,아니오
seocho-gu/양재동/shops/005/index.html,한국인골든테라피,seocho-gu/양재동/shops/005/index.html,아니오
seocho-gu/잠원동/shops/001/index.html,오늘밤테라피,seocho-gu/잠원동/shops/001/index.html,아니오
seocho-gu/잠원동/shops/002/index.html,쥬쥬테라피,seocho-gu/잠원동/shops/002/index.html,아니오
seocho-gu/잠원동/shops/003/index.html,퀸즈테라피,seocho-gu/잠원동/shops/003/index.html,아니오
seocho-gu/잠원동/shops/004/index.html,한국미인테라피,seocho-gu/잠원동/shops/004/index.html,아니오
seocho-gu/잠원동/shops/005/index.html,한국인골든테라피,seocho-gu/잠원동/shops/005/index.html,아니오
seodaemun-gu/shops/001/index.html,쥬쥬테라피,seodaemun-gu/shops/001/index.html,아니오
seodaemun-gu/shops/002/index.html,한국인골든테라피,seodaemun-gu/shops/002/index.html,아니오
seodaemun-gu/shops/003/index.html,오늘밤테라피,seodaemun-gu/shops/003/index.html,아니오
seodaemun-gu/shops/004/index.html,퀸즈테라피,seodaemun-gu/shops/004/index.html,아니오
seodaemun-gu/shops/005/index.html,한국미인테라피,seodaemun-gu/shops/005/index.html,아니오
seodaemun-gu/남가좌동/shops/001/index.html,오늘밤테라피,seodaemun-gu/남가좌동/shops/001/index.html,아니오
seodaemun-gu/남가좌동/shops/002/index.html,쥬쥬테라피,seodaemun-gu/남가좌동/shops/002/index.html,아니오
seodaemun-gu/남가좌동/shops/003/index.html,퀸즈테라피,seodaemun-gu/남가좌동/shops/003/index.html,아니오
seodaemun-gu/남가좌동/shops/004/index.html,한국미인테라피,seodaemun-gu/남가좌동/shops/004/index.html,아니오
seodaemun-gu/남가좌동/shops/005/index.html,한국인골든테라피,seodaemun-gu/남가좌동/shops/005/index.html,아니오
seodaemun-gu/북가좌동/shops/001/index.html,오늘밤테라피,seodaemun-gu/북가좌동/shops/001/index.html,아니오
seodaemun-gu/북가좌동/shops/002/index.html,쥬쥬테라피,seodaemun-gu/북가좌동/shops/002/index.html,아니오
seodaemun-gu/북가좌동/shops/003/index.html,퀸즈테라피,seodaemun-gu/북가좌동/shops/003/index.html,아니오
seodaemun-gu/북가좌동/shops/004/index.html,한국미인테라피,seodaemun-gu/북가좌동/shops/004/index.html,아니오
seodaemun-gu/북가좌동/shops/005/index.html,한국인골든테라피,seodaemun-gu/북가좌동/shops/005/index.html,아니오
seodaemun-gu/북아현동/shops/001/index.html,오늘밤테라피,seodaemun-gu/북아현동/shops/001/index.html,아니오
seodaemun-gu/북아현동/shops/002/index.html,쥬쥬테라피,seodaemun-gu/북아현동/shops/002/index.html,아니오
seodaemun-gu/북아현동/shops/003/index.html,퀸즈테라피,seodaemun-gu/북아현동/shops/003/index.html,아니오
seodaemun-gu/북아현동/shops/004/index.html,한국미인테라피,seodaemun-gu/북아현동/shops/004/index.html,아니오
seodaemun-gu/북아현동/shops/005/index.html,한국인골든테라피,seodaemun-gu/북아현동/shops/005/index.html,아니오
seodaemun-gu/신촌동/shops/001/index.html,오늘밤테라피,seodaemun-gu/신촌동/shops/001/index.html,아니오
seodaemun-gu/신촌동/shops/002/index.html,쥬쥬테라피,seodaemun-gu/신촌동/shops/002/index.html,아니오
seodaemun-gu/신촌동/shops/003/index.html,퀸즈테라피,seodaemun-gu/신촌동/shops/003/index.html,아니오
seodaemun-gu/신촌동/shops/004/index.html,한국미인테라피,seodaemun-gu/신촌동/shops/004/index.html,아니오
seodaemun-gu/신촌동/shops/005/index.html,한국인골든테라피,seodaemun-gu/신촌동/shops/005/index.html,아니오
seodaemun-gu/연희동/shops/001/index.html,오늘밤테라피,seodaemun-gu/연희동/shops/001/index.html,아니오
seodaemun-gu/연희동/shops/002/index.html,쥬쥬테라피,seodaemun-gu/연희동/shops/002/index.html,아니오
seodaemun-gu/연희동/shops/003/index.html,퀸즈테라피,seodaemun-gu/연희동/shops/003/index.html,아니오
seodaemun-gu/연희동/shops/004/index.html,한국미인테라피,seodaemun-gu/연희동/shops/004/index.html,아니오
seodaemun-gu/연희동/shops/005/index.html,한국인골든테라피,seodaemun-gu/연희동/shops/005/index.html,아니오
seodaemun-gu/천연동/shops/001/index.html,오늘밤테라피,seodaemun-gu/천연동/shops/001/index.html,아니오
seodaemun-gu/천연동/shops/002/index.html,쥬쥬테라피,seodaemun-gu/천연동/shops/002/index.html,아니오
seodaemun-gu/천연동/shops/003/index.html,퀸즈테라피,seodaemun-gu/천연동/shops/003/index.html,아니오
seodaemun-gu/천연동/shops/004/index.html,한국미인테라피,seodaemun-gu/천연동/shops/004/index.html,아니오
seodaemun-gu/천연동/shops/005/index.html,한국인골든테라피,seodaemun-gu/천연동/shops/005/index.html,아니오
seodaemun-gu/충현동/shops/001/index.html,오늘밤테라피,seodaemun-gu/충현동/shops/001/index.html,아니오
seodaemun-gu/충현동/shops/002/index.html,쥬쥬테라피,seodaemun-gu/충현동/shops/002/index.html,아니오
seodaemun-gu/충현동/shops/003/index.html,퀸즈테라피,seodaemun-gu/충현동/shops/003/index.html,아니오
seodaemun-gu/충현동/shops/004/index.html,한국미인테라피,seodaemun-gu/충현동/shops/004/index.html,아니오
seodaemun-gu/충현동/shops/005/index.html,한국인골든테라피,seodaemun-gu/충현동/shops/005/index.html,아니오
seodaemun-gu/홍은동/shops/001/index.html,오늘밤테라피,seodaemun-gu/홍은동/shops/001/index.html,아니오
seodaemun-gu/홍은동/shops/002/index.html,쥬쥬테라피,seodaemun-gu/홍은동/shops/002/index.html,아니오
seodaemun-gu/홍은동/shops/003/index.html,퀸즈테라피,seodaemun-gu/홍은동/shops/003/index.html,아니오
seodaemun-gu/홍은동/shops/004/index.html,한국미인테라피,seodaemun-gu/홍은동/shops/004/index.html,아니오
seodaemun-gu/홍은동/shops/005/index.html,한국인골든테라피,seodaemun-gu/홍은동/shops/005/index.html,아니오
seodaemun-gu/홍제동/shops/001/index.html,오늘밤테라피,seodaemun-gu/홍제동/shops/001/index.html,아니오
seodaemun-gu/홍제동/shops/002/index.html,쥬쥬테라피,seodaemun-gu/홍제동/shops/002/index.html,아니오
seodaemun-gu/홍제동/shops/003/index.html,퀸즈테라피,seodaemun-gu/홍제동/shops/003/index.html,아니오
seodaemun-gu/홍제동/shops/004/index.html,한국미인테라피,seodaemun-gu/홍제동/shops/004/index.html,아니오
seodaemun-gu/홍제동/shops/005/index.html,한국인골든테라피,seodaemun-gu/홍제동/shops/005/index.html,아니오
seohae-gu/shops/001/index.html,쥬쥬테라피,seohae-gu/shops/001/index.html,아니오
seohae-gu/shops/002/index.html,한국인골든테라피,seohae-gu/shops/002/index.html,아니오
seohae-gu/shops/003/index.html,오늘밤테라피,seohae-gu/shops/003/index.html,아니오
seohae-gu/shops/004/index.html,퀸즈테라피,seohae-gu/shops/004/index.html,아니오
seohae-gu/shops/005/index.html,한국미인테라피,seohae-gu/shops/005/index.html,아니오
seohae-gu/가정동/shops/001/index.html,오늘밤테라피,seohae-gu/가정동/shops/001/index.html,아니오
seohae-gu/가정동/shops/002/index.html,쥬쥬테라피,seohae-gu/가정동/shops/002/index.html,아니오
seohae-gu/가정동/shops/003/index.html,퀸즈테라피,seohae-gu/가정동/shops/003/index.html,아니오
seohae-gu/가정동/shops/004/index.html,한국미인테라피,seohae-gu/가정동/shops/004/index.html,아니오
seohae-gu/가정동/shops/005/index.html,한국인골든테라피,seohae-gu/가정동/shops/005/index.html,아니오
seohae-gu/가좌동/shops/001/index.html,오늘밤테라피,seohae-gu/가좌동/shops/001/index.html,아니오
seohae-gu/가좌동/shops/002/index.html,쥬쥬테라피,seohae-gu/가좌동/shops/002/index.html,아니오
seohae-gu/가좌동/shops/003/index.html,퀸즈테라피,seohae-gu/가좌동/shops/003/index.html,아니오
seohae-gu/가좌동/shops/004/index.html,한국미인테라피,seohae-gu/가좌동/shops/004/index.html,아니오
seohae-gu/가좌동/shops/005/index.html,한국인골든테라피,seohae-gu/가좌동/shops/005/index.html,아니오
seohae-gu/검암경서동/shops/001/index.html,오늘밤테라피,seohae-gu/검암경서동/shops/001/index.html,아니오
seohae-gu/검암경서동/shops/002/index.html,쥬쥬테라피,seohae-gu/검암경서동/shops/002/index.html,아니오
seohae-gu/검암경서동/shops/003/index.html,퀸즈테라피,seohae-gu/검암경서동/shops/003/index.html,아니오
seohae-gu/검암경서동/shops/004/index.html,한국미인테라피,seohae-gu/검암경서동/shops/004/index.html,아니오
seohae-gu/검암경서동/shops/005/index.html,한국인골든테라피,seohae-gu/검암경서동/shops/005/index.html,아니오
seohae-gu/석남동/shops/001/index.html,오늘밤테라피,seohae-gu/석남동/shops/001/index.html,아니오
seohae-gu/석남동/shops/002/index.html,쥬쥬테라피,seohae-gu/석남동/shops/002/index.html,아니오
seohae-gu/석남동/shops/003/index.html,퀸즈테라피,seohae-gu/석남동/shops/003/index.html,아니오
seohae-gu/석남동/shops/004/index.html,한국미인테라피,seohae-gu/석남동/shops/004/index.html,아니오
seohae-gu/석남동/shops/005/index.html,한국인골든테라피,seohae-gu/석남동/shops/005/index.html,아니오
seohae-gu/신현원창동/shops/001/index.html,오늘밤테라피,seohae-gu/신현원창동/shops/001/index.html,아니오
seohae-gu/신현원창동/shops/002/index.html,쥬쥬테라피,seohae-gu/신현원창동/shops/002/index.html,아니오
seohae-gu/신현원창동/shops/003/index.html,퀸즈테라피,seohae-gu/신현원창동/shops/003/index.html,아니오
seohae-gu/신현원창동/shops/004/index.html,한국미인테라피,seohae-gu/신현원창동/shops/004/index.html,아니오
seohae-gu/신현원창동/shops/005/index.html,한국인골든테라피,seohae-gu/신현원창동/shops/005/index.html,아니오
seohae-gu/연희동/shops/001/index.html,오늘밤테라피,seohae-gu/연희동/shops/001/index.html,아니오
seohae-gu/연희동/shops/002/index.html,쥬쥬테라피,seohae-gu/연희동/shops/002/index.html,아니오
seohae-gu/연희동/shops/003/index.html,퀸즈테라피,seohae-gu/연희동/shops/003/index.html,아니오
seohae-gu/연희동/shops/004/index.html,한국미인테라피,seohae-gu/연희동/shops/004/index.html,아니오
seohae-gu/연희동/shops/005/index.html,한국인골든테라피,seohae-gu/연희동/shops/005/index.html,아니오
seohae-gu/청라동/shops/001/index.html,오늘밤테라피,seohae-gu/청라동/shops/001/index.html,아니오
seohae-gu/청라동/shops/002/index.html,쥬쥬테라피,seohae-gu/청라동/shops/002/index.html,아니오
seohae-gu/청라동/shops/003/index.html,퀸즈테라피,seohae-gu/청라동/shops/003/index.html,아니오
seohae-gu/청라동/shops/004/index.html,한국미인테라피,seohae-gu/청라동/shops/004/index.html,아니오
seohae-gu/청라동/shops/005/index.html,한국인골든테라피,seohae-gu/청라동/shops/005/index.html,아니오
seongbuk-gu/shops/001/index.html,쥬쥬테라피,seongbuk-gu/shops/001/index.html,아니오
seongbuk-gu/shops/002/index.html,한국인골든테라피,seongbuk-gu/shops/002/index.html,아니오
seongbuk-gu/shops/003/index.html,오늘밤테라피,seongbuk-gu/shops/003/index.html,아니오
seongbuk-gu/shops/004/index.html,퀸즈테라피,seongbuk-gu/shops/004/index.html,아니오
seongbuk-gu/shops/005/index.html,한국미인테라피,seongbuk-gu/shops/005/index.html,아니오
seongbuk-gu/길음동/shops/001/index.html,오늘밤테라피,seongbuk-gu/길음동/shops/001/index.html,아니오
seongbuk-gu/길음동/shops/002/index.html,쥬쥬테라피,seongbuk-gu/길음동/shops/002/index.html,아니오
seongbuk-gu/길음동/shops/003/index.html,퀸즈테라피,seongbuk-gu/길음동/shops/003/index.html,아니오
seongbuk-gu/길음동/shops/004/index.html,한국미인테라피,seongbuk-gu/길음동/shops/004/index.html,아니오
seongbuk-gu/길음동/shops/005/index.html,한국인골든테라피,seongbuk-gu/길음동/shops/005/index.html,아니오
seongbuk-gu/돈암동/shops/001/index.html,오늘밤테라피,seongbuk-gu/돈암동/shops/001/index.html,아니오
seongbuk-gu/돈암동/shops/002/index.html,쥬쥬테라피,seongbuk-gu/돈암동/shops/002/index.html,아니오
seongbuk-gu/돈암동/shops/003/index.html,퀸즈테라피,seongbuk-gu/돈암동/shops/003/index.html,아니오
seongbuk-gu/돈암동/shops/004/index.html,한국미인테라피,seongbuk-gu/돈암동/shops/004/index.html,아니오
seongbuk-gu/돈암동/shops/005/index.html,한국인골든테라피,seongbuk-gu/돈암동/shops/005/index.html,아니오
seongbuk-gu/동선동/shops/001/index.html,오늘밤테라피,seongbuk-gu/동선동/shops/001/index.html,아니오
seongbuk-gu/동선동/shops/002/index.html,쥬쥬테라피,seongbuk-gu/동선동/shops/002/index.html,아니오
seongbuk-gu/동선동/shops/003/index.html,퀸즈테라피,seongbuk-gu/동선동/shops/003/index.html,아니오
seongbuk-gu/동선동/shops/004/index.html,한국미인테라피,seongbuk-gu/동선동/shops/004/index.html,아니오
seongbuk-gu/동선동/shops/005/index.html,한국인골든테라피,seongbuk-gu/동선동/shops/005/index.html,아니오
seongbuk-gu/보문동/shops/001/index.html,오늘밤테라피,seongbuk-gu/보문동/shops/001/index.html,아니오
seongbuk-gu/보문동/shops/002/index.html,쥬쥬테라피,seongbuk-gu/보문동/shops/002/index.html,아니오
seongbuk-gu/보문동/shops/003/index.html,퀸즈테라피,seongbuk-gu/보문동/shops/003/index.html,아니오
seongbuk-gu/보문동/shops/004/index.html,한국미인테라피,seongbuk-gu/보문동/shops/004/index.html,아니오
seongbuk-gu/보문동/shops/005/index.html,한국인골든테라피,seongbuk-gu/보문동/shops/005/index.html,아니오
seongbuk-gu/삼선동/shops/001/index.html,오늘밤테라피,seongbuk-gu/삼선동/shops/001/index.html,아니오
seongbuk-gu/삼선동/shops/002/index.html,쥬쥬테라피,seongbuk-gu/삼선동/shops/002/index.html,아니오
seongbuk-gu/삼선동/shops/003/index.html,퀸즈테라피,seongbuk-gu/삼선동/shops/003/index.html,아니오
seongbuk-gu/삼선동/shops/004/index.html,한국미인테라피,seongbuk-gu/삼선동/shops/004/index.html,아니오
seongbuk-gu/삼선동/shops/005/index.html,한국인골든테라피,seongbuk-gu/삼선동/shops/005/index.html,아니오
seongbuk-gu/석관동/shops/001/index.html,오늘밤테라피,seongbuk-gu/석관동/shops/001/index.html,아니오
seongbuk-gu/석관동/shops/002/index.html,쥬쥬테라피,seongbuk-gu/석관동/shops/002/index.html,아니오
seongbuk-gu/석관동/shops/003/index.html,퀸즈테라피,seongbuk-gu/석관동/shops/003/index.html,아니오
seongbuk-gu/석관동/shops/004/index.html,한국미인테라피,seongbuk-gu/석관동/shops/004/index.html,아니오
seongbuk-gu/석관동/shops/005/index.html,한국인골든테라피,seongbuk-gu/석관동/shops/005/index.html,아니오
seongbuk-gu/성북동/shops/001/index.html,오늘밤테라피,seongbuk-gu/성북동/shops/001/index.html,아니오
seongbuk-gu/성북동/shops/002/index.html,쥬쥬테라피,seongbuk-gu/성북동/shops/002/index.html,아니오
seongbuk-gu/성북동/shops/003/index.html,퀸즈테라피,seongbuk-gu/성북동/shops/003/index.html,아니오
seongbuk-gu/성북동/shops/004/index.html,한국미인테라피,seongbuk-gu/성북동/shops/004/index.html,아니오
seongbuk-gu/성북동/shops/005/index.html,한국인골든테라피,seongbuk-gu/성북동/shops/005/index.html,아니오
seongbuk-gu/안암동/shops/001/index.html,오늘밤테라피,seongbuk-gu/안암동/shops/001/index.html,아니오
seongbuk-gu/안암동/shops/002/index.html,쥬쥬테라피,seongbuk-gu/안암동/shops/002/index.html,아니오
seongbuk-gu/안암동/shops/003/index.html,퀸즈테라피,seongbuk-gu/안암동/shops/003/index.html,아니오
seongbuk-gu/안암동/shops/004/index.html,한국미인테라피,seongbuk-gu/안암동/shops/004/index.html,아니오
seongbuk-gu/안암동/shops/005/index.html,한국인골든테라피,seongbuk-gu/안암동/shops/005/index.html,아니오
seongbuk-gu/월곡동/shops/001/index.html,오늘밤테라피,seongbuk-gu/월곡동/shops/001/index.html,아니오
seongbuk-gu/월곡동/shops/002/index.html,쥬쥬테라피,seongbuk-gu/월곡동/shops/002/index.html,아니오
seongbuk-gu/월곡동/shops/003/index.html,퀸즈테라피,seongbuk-gu/월곡동/shops/003/index.html,아니오
seongbuk-gu/월곡동/shops/004/index.html,한국미인테라피,seongbuk-gu/월곡동/shops/004/index.html,아니오
seongbuk-gu/월곡동/shops/005/index.html,한국인골든테라피,seongbuk-gu/월곡동/shops/005/index.html,아니오
seongbuk-gu/장위동/shops/001/index.html,오늘밤테라피,seongbuk-gu/장위동/shops/001/index.html,아니오
seongbuk-gu/장위동/shops/002/index.html,쥬쥬테라피,seongbuk-gu/장위동/shops/002/index.html,아니오
seongbuk-gu/장위동/shops/003/index.html,퀸즈테라피,seongbuk-gu/장위동/shops/003/index.html,아니오
seongbuk-gu/장위동/shops/004/index.html,한국미인테라피,seongbuk-gu/장위동/shops/004/index.html,아니오
seongbuk-gu/장위동/shops/005/index.html,한국인골든테라피,seongbuk-gu/장위동/shops/005/index.html,아니오
seongbuk-gu/정릉동/shops/001/index.html,오늘밤테라피,seongbuk-gu/정릉동/shops/001/index.html,아니오
seongbuk-gu/정릉동/shops/002/index.html,쥬쥬테라피,seongbuk-gu/정릉동/shops/002/index.html,아니오
seongbuk-gu/정릉동/shops/003/index.html,퀸즈테라피,seongbuk-gu/정릉동/shops/003/index.html,아니오
seongbuk-gu/정릉동/shops/004/index.html,한국미인테라피,seongbuk-gu/정릉동/shops/004/index.html,아니오
seongbuk-gu/정릉동/shops/005/index.html,한국인골든테라피,seongbuk-gu/정릉동/shops/005/index.html,아니오
seongbuk-gu/종암동/shops/001/index.html,오늘밤테라피,seongbuk-gu/종암동/shops/001/index.html,아니오
seongbuk-gu/종암동/shops/002/index.html,쥬쥬테라피,seongbuk-gu/종암동/shops/002/index.html,아니오
seongbuk-gu/종암동/shops/003/index.html,퀸즈테라피,seongbuk-gu/종암동/shops/003/index.html,아니오
seongbuk-gu/종암동/shops/004/index.html,한국미인테라피,seongbuk-gu/종암동/shops/004/index.html,아니오
seongbuk-gu/종암동/shops/005/index.html,한국인골든테라피,seongbuk-gu/종암동/shops/005/index.html,아니오
seongdong-gu/shops/001/index.html,쥬쥬테라피,seongdong-gu/shops/001/index.html,아니오
seongdong-gu/shops/002/index.html,한국인골든테라피,seongdong-gu/shops/002/index.html,아니오
seongdong-gu/shops/003/index.html,오늘밤테라피,seongdong-gu/shops/003/index.html,아니오
seongdong-gu/shops/004/index.html,퀸즈테라피,seongdong-gu/shops/004/index.html,아니오
seongdong-gu/shops/005/index.html,한국미인테라피,seongdong-gu/shops/005/index.html,아니오
seongdong-gu/금호1가동/shops/001/index.html,오늘밤테라피,seongdong-gu/금호1가동/shops/001/index.html,아니오
seongdong-gu/금호1가동/shops/002/index.html,쥬쥬테라피,seongdong-gu/금호1가동/shops/002/index.html,아니오
seongdong-gu/금호1가동/shops/003/index.html,퀸즈테라피,seongdong-gu/금호1가동/shops/003/index.html,아니오
seongdong-gu/금호1가동/shops/004/index.html,한국미인테라피,seongdong-gu/금호1가동/shops/004/index.html,아니오
seongdong-gu/금호1가동/shops/005/index.html,한국인골든테라피,seongdong-gu/금호1가동/shops/005/index.html,아니오
seongdong-gu/금호2.3가동/shops/001/index.html,오늘밤테라피,seongdong-gu/금호2.3가동/shops/001/index.html,아니오
seongdong-gu/금호2.3가동/shops/002/index.html,쥬쥬테라피,seongdong-gu/금호2.3가동/shops/002/index.html,아니오
seongdong-gu/금호2.3가동/shops/003/index.html,퀸즈테라피,seongdong-gu/금호2.3가동/shops/003/index.html,아니오
seongdong-gu/금호2.3가동/shops/004/index.html,한국미인테라피,seongdong-gu/금호2.3가동/shops/004/index.html,아니오
seongdong-gu/금호2.3가동/shops/005/index.html,한국인골든테라피,seongdong-gu/금호2.3가동/shops/005/index.html,아니오
seongdong-gu/금호4가동/shops/001/index.html,오늘밤테라피,seongdong-gu/금호4가동/shops/001/index.html,아니오
seongdong-gu/금호4가동/shops/002/index.html,쥬쥬테라피,seongdong-gu/금호4가동/shops/002/index.html,아니오
seongdong-gu/금호4가동/shops/003/index.html,퀸즈테라피,seongdong-gu/금호4가동/shops/003/index.html,아니오
seongdong-gu/금호4가동/shops/004/index.html,한국미인테라피,seongdong-gu/금호4가동/shops/004/index.html,아니오
seongdong-gu/금호4가동/shops/005/index.html,한국인골든테라피,seongdong-gu/금호4가동/shops/005/index.html,아니오
seongdong-gu/마장동/shops/001/index.html,오늘밤테라피,seongdong-gu/마장동/shops/001/index.html,아니오
seongdong-gu/마장동/shops/002/index.html,쥬쥬테라피,seongdong-gu/마장동/shops/002/index.html,아니오
seongdong-gu/마장동/shops/003/index.html,퀸즈테라피,seongdong-gu/마장동/shops/003/index.html,아니오
seongdong-gu/마장동/shops/004/index.html,한국미인테라피,seongdong-gu/마장동/shops/004/index.html,아니오
seongdong-gu/마장동/shops/005/index.html,한국인골든테라피,seongdong-gu/마장동/shops/005/index.html,아니오
seongdong-gu/사근동/shops/001/index.html,오늘밤테라피,seongdong-gu/사근동/shops/001/index.html,아니오
seongdong-gu/사근동/shops/002/index.html,쥬쥬테라피,seongdong-gu/사근동/shops/002/index.html,아니오
seongdong-gu/사근동/shops/003/index.html,퀸즈테라피,seongdong-gu/사근동/shops/003/index.html,아니오
seongdong-gu/사근동/shops/004/index.html,한국미인테라피,seongdong-gu/사근동/shops/004/index.html,아니오
seongdong-gu/사근동/shops/005/index.html,한국인골든테라피,seongdong-gu/사근동/shops/005/index.html,아니오
seongdong-gu/성수1가제1동/shops/001/index.html,오늘밤테라피,seongdong-gu/성수1가제1동/shops/001/index.html,아니오
seongdong-gu/성수1가제1동/shops/002/index.html,쥬쥬테라피,seongdong-gu/성수1가제1동/shops/002/index.html,아니오
seongdong-gu/성수1가제1동/shops/003/index.html,퀸즈테라피,seongdong-gu/성수1가제1동/shops/003/index.html,아니오
seongdong-gu/성수1가제1동/shops/004/index.html,한국미인테라피,seongdong-gu/성수1가제1동/shops/004/index.html,아니오
seongdong-gu/성수1가제1동/shops/005/index.html,한국인골든테라피,seongdong-gu/성수1가제1동/shops/005/index.html,아니오
seongdong-gu/성수1가제2동/shops/001/index.html,오늘밤테라피,seongdong-gu/성수1가제2동/shops/001/index.html,아니오
seongdong-gu/성수1가제2동/shops/002/index.html,쥬쥬테라피,seongdong-gu/성수1가제2동/shops/002/index.html,아니오
seongdong-gu/성수1가제2동/shops/003/index.html,퀸즈테라피,seongdong-gu/성수1가제2동/shops/003/index.html,아니오
seongdong-gu/성수1가제2동/shops/004/index.html,한국미인테라피,seongdong-gu/성수1가제2동/shops/004/index.html,아니오
seongdong-gu/성수1가제2동/shops/005/index.html,한국인골든테라피,seongdong-gu/성수1가제2동/shops/005/index.html,아니오
seongdong-gu/성수2가제1동/shops/001/index.html,오늘밤테라피,seongdong-gu/성수2가제1동/shops/001/index.html,아니오
seongdong-gu/성수2가제1동/shops/002/index.html,쥬쥬테라피,seongdong-gu/성수2가제1동/shops/002/index.html,아니오
seongdong-gu/성수2가제1동/shops/003/index.html,퀸즈테라피,seongdong-gu/성수2가제1동/shops/003/index.html,아니오
seongdong-gu/성수2가제1동/shops/004/index.html,한국미인테라피,seongdong-gu/성수2가제1동/shops/004/index.html,아니오
seongdong-gu/성수2가제1동/shops/005/index.html,한국인골든테라피,seongdong-gu/성수2가제1동/shops/005/index.html,아니오
seongdong-gu/성수2가제3동/shops/001/index.html,오늘밤테라피,seongdong-gu/성수2가제3동/shops/001/index.html,아니오
seongdong-gu/성수2가제3동/shops/002/index.html,쥬쥬테라피,seongdong-gu/성수2가제3동/shops/002/index.html,아니오
seongdong-gu/성수2가제3동/shops/003/index.html,퀸즈테라피,seongdong-gu/성수2가제3동/shops/003/index.html,아니오
seongdong-gu/성수2가제3동/shops/004/index.html,한국미인테라피,seongdong-gu/성수2가제3동/shops/004/index.html,아니오
seongdong-gu/성수2가제3동/shops/005/index.html,한국인골든테라피,seongdong-gu/성수2가제3동/shops/005/index.html,아니오
seongdong-gu/송정동/shops/001/index.html,오늘밤테라피,seongdong-gu/송정동/shops/001/index.html,아니오
seongdong-gu/송정동/shops/002/index.html,쥬쥬테라피,seongdong-gu/송정동/shops/002/index.html,아니오
seongdong-gu/송정동/shops/003/index.html,퀸즈테라피,seongdong-gu/송정동/shops/003/index.html,아니오
seongdong-gu/송정동/shops/004/index.html,한국미인테라피,seongdong-gu/송정동/shops/004/index.html,아니오
seongdong-gu/송정동/shops/005/index.html,한국인골든테라피,seongdong-gu/송정동/shops/005/index.html,아니오
seongdong-gu/옥수동/shops/001/index.html,오늘밤테라피,seongdong-gu/옥수동/shops/001/index.html,아니오
seongdong-gu/옥수동/shops/002/index.html,쥬쥬테라피,seongdong-gu/옥수동/shops/002/index.html,아니오
seongdong-gu/옥수동/shops/003/index.html,퀸즈테라피,seongdong-gu/옥수동/shops/003/index.html,아니오
seongdong-gu/옥수동/shops/004/index.html,한국미인테라피,seongdong-gu/옥수동/shops/004/index.html,아니오
seongdong-gu/옥수동/shops/005/index.html,한국인골든테라피,seongdong-gu/옥수동/shops/005/index.html,아니오
seongdong-gu/왕십리도선동/shops/001/index.html,오늘밤테라피,seongdong-gu/왕십리도선동/shops/001/index.html,아니오
seongdong-gu/왕십리도선동/shops/002/index.html,쥬쥬테라피,seongdong-gu/왕십리도선동/shops/002/index.html,아니오
seongdong-gu/왕십리도선동/shops/003/index.html,퀸즈테라피,seongdong-gu/왕십리도선동/shops/003/index.html,아니오
seongdong-gu/왕십리도선동/shops/004/index.html,한국미인테라피,seongdong-gu/왕십리도선동/shops/004/index.html,아니오
seongdong-gu/왕십리도선동/shops/005/index.html,한국인골든테라피,seongdong-gu/왕십리도선동/shops/005/index.html,아니오
seongdong-gu/왕십리동/shops/001/index.html,오늘밤테라피,seongdong-gu/왕십리동/shops/001/index.html,아니오
seongdong-gu/왕십리동/shops/002/index.html,쥬쥬테라피,seongdong-gu/왕십리동/shops/002/index.html,아니오
seongdong-gu/왕십리동/shops/003/index.html,퀸즈테라피,seongdong-gu/왕십리동/shops/003/index.html,아니오
seongdong-gu/왕십리동/shops/004/index.html,한국미인테라피,seongdong-gu/왕십리동/shops/004/index.html,아니오
seongdong-gu/왕십리동/shops/005/index.html,한국인골든테라피,seongdong-gu/왕십리동/shops/005/index.html,아니오
seongdong-gu/용답동/shops/001/index.html,오늘밤테라피,seongdong-gu/용답동/shops/001/index.html,아니오
seongdong-gu/용답동/shops/002/index.html,쥬쥬테라피,seongdong-gu/용답동/shops/002/index.html,아니오
seongdong-gu/용답동/shops/003/index.html,퀸즈테라피,seongdong-gu/용답동/shops/003/index.html,아니오
seongdong-gu/용답동/shops/004/index.html,한국미인테라피,seongdong-gu/용답동/shops/004/index.html,아니오
seongdong-gu/용답동/shops/005/index.html,한국인골든테라피,seongdong-gu/용답동/shops/005/index.html,아니오
seongdong-gu/응봉동/shops/001/index.html,오늘밤테라피,seongdong-gu/응봉동/shops/001/index.html,아니오
seongdong-gu/응봉동/shops/002/index.html,쥬쥬테라피,seongdong-gu/응봉동/shops/002/index.html,아니오
seongdong-gu/응봉동/shops/003/index.html,퀸즈테라피,seongdong-gu/응봉동/shops/003/index.html,아니오
seongdong-gu/응봉동/shops/004/index.html,한국미인테라피,seongdong-gu/응봉동/shops/004/index.html,아니오
seongdong-gu/응봉동/shops/005/index.html,한국인골든테라피,seongdong-gu/응봉동/shops/005/index.html,아니오
seongdong-gu/행당동/shops/001/index.html,오늘밤테라피,seongdong-gu/행당동/shops/001/index.html,아니오
seongdong-gu/행당동/shops/002/index.html,쥬쥬테라피,seongdong-gu/행당동/shops/002/index.html,아니오
seongdong-gu/행당동/shops/003/index.html,퀸즈테라피,seongdong-gu/행당동/shops/003/index.html,아니오
seongdong-gu/행당동/shops/004/index.html,한국미인테라피,seongdong-gu/행당동/shops/004/index.html,아니오
seongdong-gu/행당동/shops/005/index.html,한국인골든테라피,seongdong-gu/행당동/shops/005/index.html,아니오
seongnam/bundang-gu/shops/001/index.html,쥬쥬테라피,seongnam/bundang-gu/shops/001/index.html,아니오
seongnam/bundang-gu/shops/002/index.html,한국인골든테라피,seongnam/bundang-gu/shops/002/index.html,아니오
seongnam/bundang-gu/shops/003/index.html,오늘밤테라피,seongnam/bundang-gu/shops/003/index.html,아니오
seongnam/bundang-gu/shops/004/index.html,퀸즈테라피,seongnam/bundang-gu/shops/004/index.html,아니오
seongnam/bundang-gu/shops/005/index.html,한국미인테라피,seongnam/bundang-gu/shops/005/index.html,아니오
seongnam/bundang-gu/구미동/shops/001/index.html,오늘밤테라피,seongnam/bundang-gu/구미동/shops/001/index.html,아니오
seongnam/bundang-gu/구미동/shops/002/index.html,쥬쥬테라피,seongnam/bundang-gu/구미동/shops/002/index.html,아니오
seongnam/bundang-gu/구미동/shops/003/index.html,퀸즈테라피,seongnam/bundang-gu/구미동/shops/003/index.html,아니오
seongnam/bundang-gu/구미동/shops/004/index.html,한국미인테라피,seongnam/bundang-gu/구미동/shops/004/index.html,아니오
seongnam/bundang-gu/구미동/shops/005/index.html,한국인골든테라피,seongnam/bundang-gu/구미동/shops/005/index.html,아니오
seongnam/bundang-gu/금곡동/shops/001/index.html,오늘밤테라피,seongnam/bundang-gu/금곡동/shops/001/index.html,아니오
seongnam/bundang-gu/금곡동/shops/002/index.html,쥬쥬테라피,seongnam/bundang-gu/금곡동/shops/002/index.html,아니오
seongnam/bundang-gu/금곡동/shops/003/index.html,퀸즈테라피,seongnam/bundang-gu/금곡동/shops/003/index.html,아니오
seongnam/bundang-gu/금곡동/shops/004/index.html,한국미인테라피,seongnam/bundang-gu/금곡동/shops/004/index.html,아니오
seongnam/bundang-gu/금곡동/shops/005/index.html,한국인골든테라피,seongnam/bundang-gu/금곡동/shops/005/index.html,아니오
seongnam/bundang-gu/백현동/shops/001/index.html,오늘밤테라피,seongnam/bundang-gu/백현동/shops/001/index.html,아니오
seongnam/bundang-gu/백현동/shops/002/index.html,쥬쥬테라피,seongnam/bundang-gu/백현동/shops/002/index.html,아니오
seongnam/bundang-gu/백현동/shops/003/index.html,퀸즈테라피,seongnam/bundang-gu/백현동/shops/003/index.html,아니오
seongnam/bundang-gu/백현동/shops/004/index.html,한국미인테라피,seongnam/bundang-gu/백현동/shops/004/index.html,아니오
seongnam/bundang-gu/백현동/shops/005/index.html,한국인골든테라피,seongnam/bundang-gu/백현동/shops/005/index.html,아니오
seongnam/bundang-gu/분당동/shops/001/index.html,오늘밤테라피,seongnam/bundang-gu/분당동/shops/001/index.html,아니오
seongnam/bundang-gu/분당동/shops/002/index.html,쥬쥬테라피,seongnam/bundang-gu/분당동/shops/002/index.html,아니오
seongnam/bundang-gu/분당동/shops/003/index.html,퀸즈테라피,seongnam/bundang-gu/분당동/shops/003/index.html,아니오
seongnam/bundang-gu/분당동/shops/004/index.html,한국미인테라피,seongnam/bundang-gu/분당동/shops/004/index.html,아니오
seongnam/bundang-gu/분당동/shops/005/index.html,한국인골든테라피,seongnam/bundang-gu/분당동/shops/005/index.html,아니오
seongnam/bundang-gu/삼평동/shops/001/index.html,오늘밤테라피,seongnam/bundang-gu/삼평동/shops/001/index.html,아니오
seongnam/bundang-gu/삼평동/shops/002/index.html,쥬쥬테라피,seongnam/bundang-gu/삼평동/shops/002/index.html,아니오
seongnam/bundang-gu/삼평동/shops/003/index.html,퀸즈테라피,seongnam/bundang-gu/삼평동/shops/003/index.html,아니오
seongnam/bundang-gu/삼평동/shops/004/index.html,한국미인테라피,seongnam/bundang-gu/삼평동/shops/004/index.html,아니오
seongnam/bundang-gu/삼평동/shops/005/index.html,한국인골든테라피,seongnam/bundang-gu/삼평동/shops/005/index.html,아니오
seongnam/bundang-gu/서현동/shops/001/index.html,오늘밤테라피,seongnam/bundang-gu/서현동/shops/001/index.html,아니오
seongnam/bundang-gu/서현동/shops/002/index.html,쥬쥬테라피,seongnam/bundang-gu/서현동/shops/002/index.html,아니오
seongnam/bundang-gu/서현동/shops/003/index.html,퀸즈테라피,seongnam/bundang-gu/서현동/shops/003/index.html,아니오
seongnam/bundang-gu/서현동/shops/004/index.html,한국미인테라피,seongnam/bundang-gu/서현동/shops/004/index.html,아니오
seongnam/bundang-gu/서현동/shops/005/index.html,한국인골든테라피,seongnam/bundang-gu/서현동/shops/005/index.html,아니오
seongnam/bundang-gu/수내동/shops/001/index.html,오늘밤테라피,seongnam/bundang-gu/수내동/shops/001/index.html,아니오
seongnam/bundang-gu/수내동/shops/002/index.html,쥬쥬테라피,seongnam/bundang-gu/수내동/shops/002/index.html,아니오
seongnam/bundang-gu/수내동/shops/003/index.html,퀸즈테라피,seongnam/bundang-gu/수내동/shops/003/index.html,아니오
seongnam/bundang-gu/수내동/shops/004/index.html,한국미인테라피,seongnam/bundang-gu/수내동/shops/004/index.html,아니오
seongnam/bundang-gu/수내동/shops/005/index.html,한국인골든테라피,seongnam/bundang-gu/수내동/shops/005/index.html,아니오
seongnam/bundang-gu/야탑동/shops/001/index.html,오늘밤테라피,seongnam/bundang-gu/야탑동/shops/001/index.html,아니오
seongnam/bundang-gu/야탑동/shops/002/index.html,쥬쥬테라피,seongnam/bundang-gu/야탑동/shops/002/index.html,아니오
seongnam/bundang-gu/야탑동/shops/003/index.html,퀸즈테라피,seongnam/bundang-gu/야탑동/shops/003/index.html,아니오
seongnam/bundang-gu/야탑동/shops/004/index.html,한국미인테라피,seongnam/bundang-gu/야탑동/shops/004/index.html,아니오
seongnam/bundang-gu/야탑동/shops/005/index.html,한국인골든테라피,seongnam/bundang-gu/야탑동/shops/005/index.html,아니오
seongnam/bundang-gu/운중동/shops/001/index.html,오늘밤테라피,seongnam/bundang-gu/운중동/shops/001/index.html,아니오
seongnam/bundang-gu/운중동/shops/002/index.html,쥬쥬테라피,seongnam/bundang-gu/운중동/shops/002/index.html,아니오
seongnam/bundang-gu/운중동/shops/003/index.html,퀸즈테라피,seongnam/bundang-gu/운중동/shops/003/index.html,아니오
seongnam/bundang-gu/운중동/shops/004/index.html,한국미인테라피,seongnam/bundang-gu/운중동/shops/004/index.html,아니오
seongnam/bundang-gu/운중동/shops/005/index.html,한국인골든테라피,seongnam/bundang-gu/운중동/shops/005/index.html,아니오
seongnam/bundang-gu/이매동/shops/001/index.html,오늘밤테라피,seongnam/bundang-gu/이매동/shops/001/index.html,아니오
seongnam/bundang-gu/이매동/shops/002/index.html,쥬쥬테라피,seongnam/bundang-gu/이매동/shops/002/index.html,아니오
seongnam/bundang-gu/이매동/shops/003/index.html,퀸즈테라피,seongnam/bundang-gu/이매동/shops/003/index.html,아니오
seongnam/bundang-gu/이매동/shops/004/index.html,한국미인테라피,seongnam/bundang-gu/이매동/shops/004/index.html,아니오
seongnam/bundang-gu/이매동/shops/005/index.html,한국인골든테라피,seongnam/bundang-gu/이매동/shops/005/index.html,아니오
seongnam/bundang-gu/정자동/shops/001/index.html,오늘밤테라피,seongnam/bundang-gu/정자동/shops/001/index.html,아니오
seongnam/bundang-gu/정자동/shops/002/index.html,쥬쥬테라피,seongnam/bundang-gu/정자동/shops/002/index.html,아니오
seongnam/bundang-gu/정자동/shops/003/index.html,퀸즈테라피,seongnam/bundang-gu/정자동/shops/003/index.html,아니오
seongnam/bundang-gu/정자동/shops/004/index.html,한국미인테라피,seongnam/bundang-gu/정자동/shops/004/index.html,아니오
seongnam/bundang-gu/정자동/shops/005/index.html,한국인골든테라피,seongnam/bundang-gu/정자동/shops/005/index.html,아니오
seongnam/bundang-gu/판교동/shops/001/index.html,오늘밤테라피,seongnam/bundang-gu/판교동/shops/001/index.html,아니오
seongnam/bundang-gu/판교동/shops/002/index.html,쥬쥬테라피,seongnam/bundang-gu/판교동/shops/002/index.html,아니오
seongnam/bundang-gu/판교동/shops/003/index.html,퀸즈테라피,seongnam/bundang-gu/판교동/shops/003/index.html,아니오
seongnam/bundang-gu/판교동/shops/004/index.html,한국미인테라피,seongnam/bundang-gu/판교동/shops/004/index.html,아니오
seongnam/bundang-gu/판교동/shops/005/index.html,한국인골든테라피,seongnam/bundang-gu/판교동/shops/005/index.html,아니오
seongnam/jungwon-gu/shops/001/index.html,쥬쥬테라피,seongnam/jungwon-gu/shops/001/index.html,아니오
seongnam/jungwon-gu/shops/002/index.html,한국인골든테라피,seongnam/jungwon-gu/shops/002/index.html,아니오
seongnam/jungwon-gu/shops/003/index.html,오늘밤테라피,seongnam/jungwon-gu/shops/003/index.html,아니오
seongnam/jungwon-gu/shops/004/index.html,퀸즈테라피,seongnam/jungwon-gu/shops/004/index.html,아니오
seongnam/jungwon-gu/shops/005/index.html,한국미인테라피,seongnam/jungwon-gu/shops/005/index.html,아니오
seongnam/jungwon-gu/금광동/shops/001/index.html,오늘밤테라피,seongnam/jungwon-gu/금광동/shops/001/index.html,아니오
seongnam/jungwon-gu/금광동/shops/002/index.html,쥬쥬테라피,seongnam/jungwon-gu/금광동/shops/002/index.html,아니오
seongnam/jungwon-gu/금광동/shops/003/index.html,퀸즈테라피,seongnam/jungwon-gu/금광동/shops/003/index.html,아니오
seongnam/jungwon-gu/금광동/shops/004/index.html,한국미인테라피,seongnam/jungwon-gu/금광동/shops/004/index.html,아니오
seongnam/jungwon-gu/금광동/shops/005/index.html,한국인골든테라피,seongnam/jungwon-gu/금광동/shops/005/index.html,아니오
seongnam/jungwon-gu/도촌동/shops/001/index.html,오늘밤테라피,seongnam/jungwon-gu/도촌동/shops/001/index.html,아니오
seongnam/jungwon-gu/도촌동/shops/002/index.html,쥬쥬테라피,seongnam/jungwon-gu/도촌동/shops/002/index.html,아니오
seongnam/jungwon-gu/도촌동/shops/003/index.html,퀸즈테라피,seongnam/jungwon-gu/도촌동/shops/003/index.html,아니오
seongnam/jungwon-gu/도촌동/shops/004/index.html,한국미인테라피,seongnam/jungwon-gu/도촌동/shops/004/index.html,아니오
seongnam/jungwon-gu/도촌동/shops/005/index.html,한국인골든테라피,seongnam/jungwon-gu/도촌동/shops/005/index.html,아니오
seongnam/jungwon-gu/상대원동/shops/001/index.html,오늘밤테라피,seongnam/jungwon-gu/상대원동/shops/001/index.html,아니오
seongnam/jungwon-gu/상대원동/shops/002/index.html,쥬쥬테라피,seongnam/jungwon-gu/상대원동/shops/002/index.html,아니오
seongnam/jungwon-gu/상대원동/shops/003/index.html,퀸즈테라피,seongnam/jungwon-gu/상대원동/shops/003/index.html,아니오
seongnam/jungwon-gu/상대원동/shops/004/index.html,한국미인테라피,seongnam/jungwon-gu/상대원동/shops/004/index.html,아니오
seongnam/jungwon-gu/상대원동/shops/005/index.html,한국인골든테라피,seongnam/jungwon-gu/상대원동/shops/005/index.html,아니오
seongnam/jungwon-gu/성남동/shops/001/index.html,오늘밤테라피,seongnam/jungwon-gu/성남동/shops/001/index.html,아니오
seongnam/jungwon-gu/성남동/shops/002/index.html,쥬쥬테라피,seongnam/jungwon-gu/성남동/shops/002/index.html,아니오
seongnam/jungwon-gu/성남동/shops/003/index.html,퀸즈테라피,seongnam/jungwon-gu/성남동/shops/003/index.html,아니오
seongnam/jungwon-gu/성남동/shops/004/index.html,한국미인테라피,seongnam/jungwon-gu/성남동/shops/004/index.html,아니오
seongnam/jungwon-gu/성남동/shops/005/index.html,한국인골든테라피,seongnam/jungwon-gu/성남동/shops/005/index.html,아니오
seongnam/jungwon-gu/은행동/shops/001/index.html,오늘밤테라피,seongnam/jungwon-gu/은행동/shops/001/index.html,아니오
seongnam/jungwon-gu/은행동/shops/002/index.html,쥬쥬테라피,seongnam/jungwon-gu/은행동/shops/002/index.html,아니오
seongnam/jungwon-gu/은행동/shops/003/index.html,퀸즈테라피,seongnam/jungwon-gu/은행동/shops/003/index.html,아니오
seongnam/jungwon-gu/은행동/shops/004/index.html,한국미인테라피,seongnam/jungwon-gu/은행동/shops/004/index.html,아니오
seongnam/jungwon-gu/은행동/shops/005/index.html,한국인골든테라피,seongnam/jungwon-gu/은행동/shops/005/index.html,아니오
seongnam/jungwon-gu/중앙동/shops/001/index.html,오늘밤테라피,seongnam/jungwon-gu/중앙동/shops/001/index.html,아니오
seongnam/jungwon-gu/중앙동/shops/002/index.html,쥬쥬테라피,seongnam/jungwon-gu/중앙동/shops/002/index.html,아니오
seongnam/jungwon-gu/중앙동/shops/003/index.html,퀸즈테라피,seongnam/jungwon-gu/중앙동/shops/003/index.html,아니오
seongnam/jungwon-gu/중앙동/shops/004/index.html,한국미인테라피,seongnam/jungwon-gu/중앙동/shops/004/index.html,아니오
seongnam/jungwon-gu/중앙동/shops/005/index.html,한국인골든테라피,seongnam/jungwon-gu/중앙동/shops/005/index.html,아니오
seongnam/jungwon-gu/하대원동/shops/001/index.html,오늘밤테라피,seongnam/jungwon-gu/하대원동/shops/001/index.html,아니오
seongnam/jungwon-gu/하대원동/shops/002/index.html,쥬쥬테라피,seongnam/jungwon-gu/하대원동/shops/002/index.html,아니오
seongnam/jungwon-gu/하대원동/shops/003/index.html,퀸즈테라피,seongnam/jungwon-gu/하대원동/shops/003/index.html,아니오
seongnam/jungwon-gu/하대원동/shops/004/index.html,한국미인테라피,seongnam/jungwon-gu/하대원동/shops/004/index.html,아니오
seongnam/jungwon-gu/하대원동/shops/005/index.html,한국인골든테라피,seongnam/jungwon-gu/하대원동/shops/005/index.html,아니오
seongnam/shops/001/index.html,쥬쥬테라피,seongnam/shops/001/index.html,아니오
seongnam/shops/002/index.html,한국인골든테라피,seongnam/shops/002/index.html,아니오
seongnam/shops/003/index.html,오늘밤테라피,seongnam/shops/003/index.html,아니오
seongnam/shops/004/index.html,퀸즈테라피,seongnam/shops/004/index.html,아니오
seongnam/shops/005/index.html,한국미인테라피,seongnam/shops/005/index.html,아니오
seongnam/sujeong-gu/shops/001/index.html,쥬쥬테라피,seongnam/sujeong-gu/shops/001/index.html,아니오
seongnam/sujeong-gu/shops/002/index.html,한국인골든테라피,seongnam/sujeong-gu/shops/002/index.html,아니오
seongnam/sujeong-gu/shops/003/index.html,오늘밤테라피,seongnam/sujeong-gu/shops/003/index.html,아니오
seongnam/sujeong-gu/shops/004/index.html,퀸즈테라피,seongnam/sujeong-gu/shops/004/index.html,아니오
seongnam/sujeong-gu/shops/005/index.html,한국미인테라피,seongnam/sujeong-gu/shops/005/index.html,아니오
seongnam/sujeong-gu/고등동/shops/001/index.html,오늘밤테라피,seongnam/sujeong-gu/고등동/shops/001/index.html,아니오
seongnam/sujeong-gu/고등동/shops/002/index.html,쥬쥬테라피,seongnam/sujeong-gu/고등동/shops/002/index.html,아니오
seongnam/sujeong-gu/고등동/shops/003/index.html,퀸즈테라피,seongnam/sujeong-gu/고등동/shops/003/index.html,아니오
seongnam/sujeong-gu/고등동/shops/004/index.html,한국미인테라피,seongnam/sujeong-gu/고등동/shops/004/index.html,아니오
seongnam/sujeong-gu/고등동/shops/005/index.html,한국인골든테라피,seongnam/sujeong-gu/고등동/shops/005/index.html,아니오
seongnam/sujeong-gu/단대동/shops/001/index.html,오늘밤테라피,seongnam/sujeong-gu/단대동/shops/001/index.html,아니오
seongnam/sujeong-gu/단대동/shops/002/index.html,쥬쥬테라피,seongnam/sujeong-gu/단대동/shops/002/index.html,아니오
seongnam/sujeong-gu/단대동/shops/003/index.html,퀸즈테라피,seongnam/sujeong-gu/단대동/shops/003/index.html,아니오
seongnam/sujeong-gu/단대동/shops/004/index.html,한국미인테라피,seongnam/sujeong-gu/단대동/shops/004/index.html,아니오
seongnam/sujeong-gu/단대동/shops/005/index.html,한국인골든테라피,seongnam/sujeong-gu/단대동/shops/005/index.html,아니오
seongnam/sujeong-gu/복정동/shops/001/index.html,오늘밤테라피,seongnam/sujeong-gu/복정동/shops/001/index.html,아니오
seongnam/sujeong-gu/복정동/shops/002/index.html,쥬쥬테라피,seongnam/sujeong-gu/복정동/shops/002/index.html,아니오
seongnam/sujeong-gu/복정동/shops/003/index.html,퀸즈테라피,seongnam/sujeong-gu/복정동/shops/003/index.html,아니오
seongnam/sujeong-gu/복정동/shops/004/index.html,한국미인테라피,seongnam/sujeong-gu/복정동/shops/004/index.html,아니오
seongnam/sujeong-gu/복정동/shops/005/index.html,한국인골든테라피,seongnam/sujeong-gu/복정동/shops/005/index.html,아니오
seongnam/sujeong-gu/산성동/shops/001/index.html,오늘밤테라피,seongnam/sujeong-gu/산성동/shops/001/index.html,아니오
seongnam/sujeong-gu/산성동/shops/002/index.html,쥬쥬테라피,seongnam/sujeong-gu/산성동/shops/002/index.html,아니오
seongnam/sujeong-gu/산성동/shops/003/index.html,퀸즈테라피,seongnam/sujeong-gu/산성동/shops/003/index.html,아니오
seongnam/sujeong-gu/산성동/shops/004/index.html,한국미인테라피,seongnam/sujeong-gu/산성동/shops/004/index.html,아니오
seongnam/sujeong-gu/산성동/shops/005/index.html,한국인골든테라피,seongnam/sujeong-gu/산성동/shops/005/index.html,아니오
seongnam/sujeong-gu/수진동/shops/001/index.html,오늘밤테라피,seongnam/sujeong-gu/수진동/shops/001/index.html,아니오
seongnam/sujeong-gu/수진동/shops/002/index.html,쥬쥬테라피,seongnam/sujeong-gu/수진동/shops/002/index.html,아니오
seongnam/sujeong-gu/수진동/shops/003/index.html,퀸즈테라피,seongnam/sujeong-gu/수진동/shops/003/index.html,아니오
seongnam/sujeong-gu/수진동/shops/004/index.html,한국미인테라피,seongnam/sujeong-gu/수진동/shops/004/index.html,아니오
seongnam/sujeong-gu/수진동/shops/005/index.html,한국인골든테라피,seongnam/sujeong-gu/수진동/shops/005/index.html,아니오
seongnam/sujeong-gu/시흥동/shops/001/index.html,오늘밤테라피,seongnam/sujeong-gu/시흥동/shops/001/index.html,아니오
seongnam/sujeong-gu/시흥동/shops/002/index.html,쥬쥬테라피,seongnam/sujeong-gu/시흥동/shops/002/index.html,아니오
seongnam/sujeong-gu/시흥동/shops/003/index.html,퀸즈테라피,seongnam/sujeong-gu/시흥동/shops/003/index.html,아니오
seongnam/sujeong-gu/시흥동/shops/004/index.html,한국미인테라피,seongnam/sujeong-gu/시흥동/shops/004/index.html,아니오
seongnam/sujeong-gu/시흥동/shops/005/index.html,한국인골든테라피,seongnam/sujeong-gu/시흥동/shops/005/index.html,아니오
seongnam/sujeong-gu/신촌동/shops/001/index.html,오늘밤테라피,seongnam/sujeong-gu/신촌동/shops/001/index.html,아니오
seongnam/sujeong-gu/신촌동/shops/002/index.html,쥬쥬테라피,seongnam/sujeong-gu/신촌동/shops/002/index.html,아니오
seongnam/sujeong-gu/신촌동/shops/003/index.html,퀸즈테라피,seongnam/sujeong-gu/신촌동/shops/003/index.html,아니오
seongnam/sujeong-gu/신촌동/shops/004/index.html,한국미인테라피,seongnam/sujeong-gu/신촌동/shops/004/index.html,아니오
seongnam/sujeong-gu/신촌동/shops/005/index.html,한국인골든테라피,seongnam/sujeong-gu/신촌동/shops/005/index.html,아니오
seongnam/sujeong-gu/신흥동/shops/001/index.html,오늘밤테라피,seongnam/sujeong-gu/신흥동/shops/001/index.html,아니오
seongnam/sujeong-gu/신흥동/shops/002/index.html,쥬쥬테라피,seongnam/sujeong-gu/신흥동/shops/002/index.html,아니오
seongnam/sujeong-gu/신흥동/shops/003/index.html,퀸즈테라피,seongnam/sujeong-gu/신흥동/shops/003/index.html,아니오
seongnam/sujeong-gu/신흥동/shops/004/index.html,한국미인테라피,seongnam/sujeong-gu/신흥동/shops/004/index.html,아니오
seongnam/sujeong-gu/신흥동/shops/005/index.html,한국인골든테라피,seongnam/sujeong-gu/신흥동/shops/005/index.html,아니오
seongnam/sujeong-gu/양지동/shops/001/index.html,오늘밤테라피,seongnam/sujeong-gu/양지동/shops/001/index.html,아니오
seongnam/sujeong-gu/양지동/shops/002/index.html,쥬쥬테라피,seongnam/sujeong-gu/양지동/shops/002/index.html,아니오
seongnam/sujeong-gu/양지동/shops/003/index.html,퀸즈테라피,seongnam/sujeong-gu/양지동/shops/003/index.html,아니오
seongnam/sujeong-gu/양지동/shops/004/index.html,한국미인테라피,seongnam/sujeong-gu/양지동/shops/004/index.html,아니오
seongnam/sujeong-gu/양지동/shops/005/index.html,한국인골든테라피,seongnam/sujeong-gu/양지동/shops/005/index.html,아니오
seongnam/sujeong-gu/위례동/shops/001/index.html,오늘밤테라피,seongnam/sujeong-gu/위례동/shops/001/index.html,아니오
seongnam/sujeong-gu/위례동/shops/002/index.html,쥬쥬테라피,seongnam/sujeong-gu/위례동/shops/002/index.html,아니오
seongnam/sujeong-gu/위례동/shops/003/index.html,퀸즈테라피,seongnam/sujeong-gu/위례동/shops/003/index.html,아니오
seongnam/sujeong-gu/위례동/shops/004/index.html,한국미인테라피,seongnam/sujeong-gu/위례동/shops/004/index.html,아니오
seongnam/sujeong-gu/위례동/shops/005/index.html,한국인골든테라피,seongnam/sujeong-gu/위례동/shops/005/index.html,아니오
seongnam/sujeong-gu/태평동/shops/001/index.html,오늘밤테라피,seongnam/sujeong-gu/태평동/shops/001/index.html,아니오
seongnam/sujeong-gu/태평동/shops/002/index.html,쥬쥬테라피,seongnam/sujeong-gu/태평동/shops/002/index.html,아니오
seongnam/sujeong-gu/태평동/shops/003/index.html,퀸즈테라피,seongnam/sujeong-gu/태평동/shops/003/index.html,아니오
seongnam/sujeong-gu/태평동/shops/004/index.html,한국미인테라피,seongnam/sujeong-gu/태평동/shops/004/index.html,아니오
seongnam/sujeong-gu/태평동/shops/005/index.html,한국인골든테라피,seongnam/sujeong-gu/태평동/shops/005/index.html,아니오
seoul/shops/001/index.html,쥬쥬테라피,seoul/shops/001/index.html,아니오
seoul/shops/002/index.html,한국인골든테라피,seoul/shops/002/index.html,아니오
seoul/shops/003/index.html,오늘밤테라피,seoul/shops/003/index.html,아니오
seoul/shops/004/index.html,퀸즈테라피,seoul/shops/004/index.html,아니오
seoul/shops/005/index.html,한국미인테라피,seoul/shops/005/index.html,아니오
siheung/shops/001/index.html,쥬쥬테라피,siheung/shops/001/index.html,아니오
siheung/shops/002/index.html,한국인골든테라피,siheung/shops/002/index.html,아니오
siheung/shops/003/index.html,오늘밤테라피,siheung/shops/003/index.html,아니오
siheung/shops/004/index.html,퀸즈테라피,siheung/shops/004/index.html,아니오
siheung/shops/005/index.html,한국미인테라피,siheung/shops/005/index.html,아니오
siheung/거북섬동/shops/001/index.html,오늘밤테라피,siheung/거북섬동/shops/001/index.html,아니오
siheung/거북섬동/shops/002/index.html,쥬쥬테라피,siheung/거북섬동/shops/002/index.html,아니오
siheung/거북섬동/shops/003/index.html,퀸즈테라피,siheung/거북섬동/shops/003/index.html,아니오
siheung/거북섬동/shops/004/index.html,한국미인테라피,siheung/거북섬동/shops/004/index.html,아니오
siheung/거북섬동/shops/005/index.html,한국인골든테라피,siheung/거북섬동/shops/005/index.html,아니오
siheung/과림동/shops/001/index.html,오늘밤테라피,siheung/과림동/shops/001/index.html,아니오
siheung/과림동/shops/002/index.html,쥬쥬테라피,siheung/과림동/shops/002/index.html,아니오
siheung/과림동/shops/003/index.html,퀸즈테라피,siheung/과림동/shops/003/index.html,아니오
siheung/과림동/shops/004/index.html,한국미인테라피,siheung/과림동/shops/004/index.html,아니오
siheung/과림동/shops/005/index.html,한국인골든테라피,siheung/과림동/shops/005/index.html,아니오
siheung/군자동/shops/001/index.html,오늘밤테라피,siheung/군자동/shops/001/index.html,아니오
siheung/군자동/shops/002/index.html,쥬쥬테라피,siheung/군자동/shops/002/index.html,아니오
siheung/군자동/shops/003/index.html,퀸즈테라피,siheung/군자동/shops/003/index.html,아니오
siheung/군자동/shops/004/index.html,한국미인테라피,siheung/군자동/shops/004/index.html,아니오
siheung/군자동/shops/005/index.html,한국인골든테라피,siheung/군자동/shops/005/index.html,아니오
siheung/능곡동/shops/001/index.html,오늘밤테라피,siheung/능곡동/shops/001/index.html,아니오
siheung/능곡동/shops/002/index.html,쥬쥬테라피,siheung/능곡동/shops/002/index.html,아니오
siheung/능곡동/shops/003/index.html,퀸즈테라피,siheung/능곡동/shops/003/index.html,아니오
siheung/능곡동/shops/004/index.html,한국미인테라피,siheung/능곡동/shops/004/index.html,아니오
siheung/능곡동/shops/005/index.html,한국인골든테라피,siheung/능곡동/shops/005/index.html,아니오
siheung/대야동/shops/001/index.html,오늘밤테라피,siheung/대야동/shops/001/index.html,아니오
siheung/대야동/shops/002/index.html,쥬쥬테라피,siheung/대야동/shops/002/index.html,아니오
siheung/대야동/shops/003/index.html,퀸즈테라피,siheung/대야동/shops/003/index.html,아니오
siheung/대야동/shops/004/index.html,한국미인테라피,siheung/대야동/shops/004/index.html,아니오
siheung/대야동/shops/005/index.html,한국인골든테라피,siheung/대야동/shops/005/index.html,아니오
siheung/매화동/shops/001/index.html,오늘밤테라피,siheung/매화동/shops/001/index.html,아니오
siheung/매화동/shops/002/index.html,쥬쥬테라피,siheung/매화동/shops/002/index.html,아니오
siheung/매화동/shops/003/index.html,퀸즈테라피,siheung/매화동/shops/003/index.html,아니오
siheung/매화동/shops/004/index.html,한국미인테라피,siheung/매화동/shops/004/index.html,아니오
siheung/매화동/shops/005/index.html,한국인골든테라피,siheung/매화동/shops/005/index.html,아니오
siheung/목감동/shops/001/index.html,오늘밤테라피,siheung/목감동/shops/001/index.html,아니오
siheung/목감동/shops/002/index.html,쥬쥬테라피,siheung/목감동/shops/002/index.html,아니오
siheung/목감동/shops/003/index.html,퀸즈테라피,siheung/목감동/shops/003/index.html,아니오
siheung/목감동/shops/004/index.html,한국미인테라피,siheung/목감동/shops/004/index.html,아니오
siheung/목감동/shops/005/index.html,한국인골든테라피,siheung/목감동/shops/005/index.html,아니오
siheung/배곧동/shops/001/index.html,오늘밤테라피,siheung/배곧동/shops/001/index.html,아니오
siheung/배곧동/shops/002/index.html,쥬쥬테라피,siheung/배곧동/shops/002/index.html,아니오
siheung/배곧동/shops/003/index.html,퀸즈테라피,siheung/배곧동/shops/003/index.html,아니오
siheung/배곧동/shops/004/index.html,한국미인테라피,siheung/배곧동/shops/004/index.html,아니오
siheung/배곧동/shops/005/index.html,한국인골든테라피,siheung/배곧동/shops/005/index.html,아니오
siheung/신천동/shops/001/index.html,오늘밤테라피,siheung/신천동/shops/001/index.html,아니오
siheung/신천동/shops/002/index.html,쥬쥬테라피,siheung/신천동/shops/002/index.html,아니오
siheung/신천동/shops/003/index.html,퀸즈테라피,siheung/신천동/shops/003/index.html,아니오
siheung/신천동/shops/004/index.html,한국미인테라피,siheung/신천동/shops/004/index.html,아니오
siheung/신천동/shops/005/index.html,한국인골든테라피,siheung/신천동/shops/005/index.html,아니오
siheung/신현동/shops/001/index.html,오늘밤테라피,siheung/신현동/shops/001/index.html,아니오
siheung/신현동/shops/002/index.html,쥬쥬테라피,siheung/신현동/shops/002/index.html,아니오
siheung/신현동/shops/003/index.html,퀸즈테라피,siheung/신현동/shops/003/index.html,아니오
siheung/신현동/shops/004/index.html,한국미인테라피,siheung/신현동/shops/004/index.html,아니오
siheung/신현동/shops/005/index.html,한국인골든테라피,siheung/신현동/shops/005/index.html,아니오
siheung/연성동/shops/001/index.html,오늘밤테라피,siheung/연성동/shops/001/index.html,아니오
siheung/연성동/shops/002/index.html,쥬쥬테라피,siheung/연성동/shops/002/index.html,아니오
siheung/연성동/shops/003/index.html,퀸즈테라피,siheung/연성동/shops/003/index.html,아니오
siheung/연성동/shops/004/index.html,한국미인테라피,siheung/연성동/shops/004/index.html,아니오
siheung/연성동/shops/005/index.html,한국인골든테라피,siheung/연성동/shops/005/index.html,아니오
siheung/월곶동/shops/001/index.html,오늘밤테라피,siheung/월곶동/shops/001/index.html,아니오
siheung/월곶동/shops/002/index.html,쥬쥬테라피,siheung/월곶동/shops/002/index.html,아니오
siheung/월곶동/shops/003/index.html,퀸즈테라피,siheung/월곶동/shops/003/index.html,아니오
siheung/월곶동/shops/004/index.html,한국미인테라피,siheung/월곶동/shops/004/index.html,아니오
siheung/월곶동/shops/005/index.html,한국인골든테라피,siheung/월곶동/shops/005/index.html,아니오
siheung/은행동/shops/001/index.html,오늘밤테라피,siheung/은행동/shops/001/index.html,아니오
siheung/은행동/shops/002/index.html,쥬쥬테라피,siheung/은행동/shops/002/index.html,아니오
siheung/은행동/shops/003/index.html,퀸즈테라피,siheung/은행동/shops/003/index.html,아니오
siheung/은행동/shops/004/index.html,한국미인테라피,siheung/은행동/shops/004/index.html,아니오
siheung/은행동/shops/005/index.html,한국인골든테라피,siheung/은행동/shops/005/index.html,아니오
siheung/장곡동/shops/001/index.html,오늘밤테라피,siheung/장곡동/shops/001/index.html,아니오
siheung/장곡동/shops/002/index.html,쥬쥬테라피,siheung/장곡동/shops/002/index.html,아니오
siheung/장곡동/shops/003/index.html,퀸즈테라피,siheung/장곡동/shops/003/index.html,아니오
siheung/장곡동/shops/004/index.html,한국미인테라피,siheung/장곡동/shops/004/index.html,아니오
siheung/장곡동/shops/005/index.html,한국인골든테라피,siheung/장곡동/shops/005/index.html,아니오
siheung/정왕동/shops/001/index.html,오늘밤테라피,siheung/정왕동/shops/001/index.html,아니오
siheung/정왕동/shops/002/index.html,쥬쥬테라피,siheung/정왕동/shops/002/index.html,아니오
siheung/정왕동/shops/003/index.html,퀸즈테라피,siheung/정왕동/shops/003/index.html,아니오
siheung/정왕동/shops/004/index.html,한국미인테라피,siheung/정왕동/shops/004/index.html,아니오
siheung/정왕동/shops/005/index.html,한국인골든테라피,siheung/정왕동/shops/005/index.html,아니오
siheung/정왕본동/shops/001/index.html,오늘밤테라피,siheung/정왕본동/shops/001/index.html,아니오
siheung/정왕본동/shops/002/index.html,쥬쥬테라피,siheung/정왕본동/shops/002/index.html,아니오
siheung/정왕본동/shops/003/index.html,퀸즈테라피,siheung/정왕본동/shops/003/index.html,아니오
siheung/정왕본동/shops/004/index.html,한국미인테라피,siheung/정왕본동/shops/004/index.html,아니오
siheung/정왕본동/shops/005/index.html,한국인골든테라피,siheung/정왕본동/shops/005/index.html,아니오
songpa-gu/shops/001/index.html,쥬쥬테라피,songpa-gu/shops/001/index.html,아니오
songpa-gu/shops/002/index.html,한국인골든테라피,songpa-gu/shops/002/index.html,아니오
songpa-gu/shops/003/index.html,오늘밤테라피,songpa-gu/shops/003/index.html,아니오
songpa-gu/shops/004/index.html,퀸즈테라피,songpa-gu/shops/004/index.html,아니오
songpa-gu/shops/005/index.html,한국미인테라피,songpa-gu/shops/005/index.html,아니오
songpa-gu/가락동/shops/001/index.html,오늘밤테라피,songpa-gu/가락동/shops/001/index.html,아니오
songpa-gu/가락동/shops/002/index.html,쥬쥬테라피,songpa-gu/가락동/shops/002/index.html,아니오
songpa-gu/가락동/shops/003/index.html,퀸즈테라피,songpa-gu/가락동/shops/003/index.html,아니오
songpa-gu/가락동/shops/004/index.html,한국미인테라피,songpa-gu/가락동/shops/004/index.html,아니오
songpa-gu/가락동/shops/005/index.html,한국인골든테라피,songpa-gu/가락동/shops/005/index.html,아니오
songpa-gu/가락본동/shops/001/index.html,오늘밤테라피,songpa-gu/가락본동/shops/001/index.html,아니오
songpa-gu/가락본동/shops/002/index.html,쥬쥬테라피,songpa-gu/가락본동/shops/002/index.html,아니오
songpa-gu/가락본동/shops/003/index.html,퀸즈테라피,songpa-gu/가락본동/shops/003/index.html,아니오
songpa-gu/가락본동/shops/004/index.html,한국미인테라피,songpa-gu/가락본동/shops/004/index.html,아니오
songpa-gu/가락본동/shops/005/index.html,한국인골든테라피,songpa-gu/가락본동/shops/005/index.html,아니오
songpa-gu/거여동/shops/001/index.html,오늘밤테라피,songpa-gu/거여동/shops/001/index.html,아니오
songpa-gu/거여동/shops/002/index.html,쥬쥬테라피,songpa-gu/거여동/shops/002/index.html,아니오
songpa-gu/거여동/shops/003/index.html,퀸즈테라피,songpa-gu/거여동/shops/003/index.html,아니오
songpa-gu/거여동/shops/004/index.html,한국미인테라피,songpa-gu/거여동/shops/004/index.html,아니오
songpa-gu/거여동/shops/005/index.html,한국인골든테라피,songpa-gu/거여동/shops/005/index.html,아니오
songpa-gu/마천동/shops/001/index.html,오늘밤테라피,songpa-gu/마천동/shops/001/index.html,아니오
songpa-gu/마천동/shops/002/index.html,쥬쥬테라피,songpa-gu/마천동/shops/002/index.html,아니오
songpa-gu/마천동/shops/003/index.html,퀸즈테라피,songpa-gu/마천동/shops/003/index.html,아니오
songpa-gu/마천동/shops/004/index.html,한국미인테라피,songpa-gu/마천동/shops/004/index.html,아니오
songpa-gu/마천동/shops/005/index.html,한국인골든테라피,songpa-gu/마천동/shops/005/index.html,아니오
songpa-gu/문정동/shops/001/index.html,오늘밤테라피,songpa-gu/문정동/shops/001/index.html,아니오
songpa-gu/문정동/shops/002/index.html,쥬쥬테라피,songpa-gu/문정동/shops/002/index.html,아니오
songpa-gu/문정동/shops/003/index.html,퀸즈테라피,songpa-gu/문정동/shops/003/index.html,아니오
songpa-gu/문정동/shops/004/index.html,한국미인테라피,songpa-gu/문정동/shops/004/index.html,아니오
songpa-gu/문정동/shops/005/index.html,한국인골든테라피,songpa-gu/문정동/shops/005/index.html,아니오
songpa-gu/방이동/shops/001/index.html,오늘밤테라피,songpa-gu/방이동/shops/001/index.html,아니오
songpa-gu/방이동/shops/002/index.html,쥬쥬테라피,songpa-gu/방이동/shops/002/index.html,아니오
songpa-gu/방이동/shops/003/index.html,퀸즈테라피,songpa-gu/방이동/shops/003/index.html,아니오
songpa-gu/방이동/shops/004/index.html,한국미인테라피,songpa-gu/방이동/shops/004/index.html,아니오
songpa-gu/방이동/shops/005/index.html,한국인골든테라피,songpa-gu/방이동/shops/005/index.html,아니오
songpa-gu/삼전동/shops/001/index.html,오늘밤테라피,songpa-gu/삼전동/shops/001/index.html,아니오
songpa-gu/삼전동/shops/002/index.html,쥬쥬테라피,songpa-gu/삼전동/shops/002/index.html,아니오
songpa-gu/삼전동/shops/003/index.html,퀸즈테라피,songpa-gu/삼전동/shops/003/index.html,아니오
songpa-gu/삼전동/shops/004/index.html,한국미인테라피,songpa-gu/삼전동/shops/004/index.html,아니오
songpa-gu/삼전동/shops/005/index.html,한국인골든테라피,songpa-gu/삼전동/shops/005/index.html,아니오
songpa-gu/석촌동/shops/001/index.html,오늘밤테라피,songpa-gu/석촌동/shops/001/index.html,아니오
songpa-gu/석촌동/shops/002/index.html,쥬쥬테라피,songpa-gu/석촌동/shops/002/index.html,아니오
songpa-gu/석촌동/shops/003/index.html,퀸즈테라피,songpa-gu/석촌동/shops/003/index.html,아니오
songpa-gu/석촌동/shops/004/index.html,한국미인테라피,songpa-gu/석촌동/shops/004/index.html,아니오
songpa-gu/석촌동/shops/005/index.html,한국인골든테라피,songpa-gu/석촌동/shops/005/index.html,아니오
songpa-gu/송파동/shops/001/index.html,오늘밤테라피,songpa-gu/송파동/shops/001/index.html,아니오
songpa-gu/송파동/shops/002/index.html,쥬쥬테라피,songpa-gu/송파동/shops/002/index.html,아니오
songpa-gu/송파동/shops/003/index.html,퀸즈테라피,songpa-gu/송파동/shops/003/index.html,아니오
songpa-gu/송파동/shops/004/index.html,한국미인테라피,songpa-gu/송파동/shops/004/index.html,아니오
songpa-gu/송파동/shops/005/index.html,한국인골든테라피,songpa-gu/송파동/shops/005/index.html,아니오
songpa-gu/오금동/shops/001/index.html,오늘밤테라피,songpa-gu/오금동/shops/001/index.html,아니오
songpa-gu/오금동/shops/002/index.html,쥬쥬테라피,songpa-gu/오금동/shops/002/index.html,아니오
songpa-gu/오금동/shops/003/index.html,퀸즈테라피,songpa-gu/오금동/shops/003/index.html,아니오
songpa-gu/오금동/shops/004/index.html,한국미인테라피,songpa-gu/오금동/shops/004/index.html,아니오
songpa-gu/오금동/shops/005/index.html,한국인골든테라피,songpa-gu/오금동/shops/005/index.html,아니오
songpa-gu/오륜동/shops/001/index.html,오늘밤테라피,songpa-gu/오륜동/shops/001/index.html,아니오
songpa-gu/오륜동/shops/002/index.html,쥬쥬테라피,songpa-gu/오륜동/shops/002/index.html,아니오
songpa-gu/오륜동/shops/003/index.html,퀸즈테라피,songpa-gu/오륜동/shops/003/index.html,아니오
songpa-gu/오륜동/shops/004/index.html,한국미인테라피,songpa-gu/오륜동/shops/004/index.html,아니오
songpa-gu/오륜동/shops/005/index.html,한국인골든테라피,songpa-gu/오륜동/shops/005/index.html,아니오
songpa-gu/위례동/shops/001/index.html,오늘밤테라피,songpa-gu/위례동/shops/001/index.html,아니오
songpa-gu/위례동/shops/002/index.html,쥬쥬테라피,songpa-gu/위례동/shops/002/index.html,아니오
songpa-gu/위례동/shops/003/index.html,퀸즈테라피,songpa-gu/위례동/shops/003/index.html,아니오
songpa-gu/위례동/shops/004/index.html,한국미인테라피,songpa-gu/위례동/shops/004/index.html,아니오
songpa-gu/위례동/shops/005/index.html,한국인골든테라피,songpa-gu/위례동/shops/005/index.html,아니오
songpa-gu/잠실동/shops/001/index.html,오늘밤테라피,songpa-gu/잠실동/shops/001/index.html,아니오
songpa-gu/잠실동/shops/002/index.html,쥬쥬테라피,songpa-gu/잠실동/shops/002/index.html,아니오
songpa-gu/잠실동/shops/003/index.html,퀸즈테라피,songpa-gu/잠실동/shops/003/index.html,아니오
songpa-gu/잠실동/shops/004/index.html,한국미인테라피,songpa-gu/잠실동/shops/004/index.html,아니오
songpa-gu/잠실동/shops/005/index.html,한국인골든테라피,songpa-gu/잠실동/shops/005/index.html,아니오
songpa-gu/잠실본동/shops/001/index.html,오늘밤테라피,songpa-gu/잠실본동/shops/001/index.html,아니오
songpa-gu/잠실본동/shops/002/index.html,쥬쥬테라피,songpa-gu/잠실본동/shops/002/index.html,아니오
songpa-gu/잠실본동/shops/003/index.html,퀸즈테라피,songpa-gu/잠실본동/shops/003/index.html,아니오
songpa-gu/잠실본동/shops/004/index.html,한국미인테라피,songpa-gu/잠실본동/shops/004/index.html,아니오
songpa-gu/잠실본동/shops/005/index.html,한국인골든테라피,songpa-gu/잠실본동/shops/005/index.html,아니오
songpa-gu/장지동/shops/001/index.html,오늘밤테라피,songpa-gu/장지동/shops/001/index.html,아니오
songpa-gu/장지동/shops/002/index.html,쥬쥬테라피,songpa-gu/장지동/shops/002/index.html,아니오
songpa-gu/장지동/shops/003/index.html,퀸즈테라피,songpa-gu/장지동/shops/003/index.html,아니오
songpa-gu/장지동/shops/004/index.html,한국미인테라피,songpa-gu/장지동/shops/004/index.html,아니오
songpa-gu/장지동/shops/005/index.html,한국인골든테라피,songpa-gu/장지동/shops/005/index.html,아니오
songpa-gu/풍납동/shops/001/index.html,오늘밤테라피,songpa-gu/풍납동/shops/001/index.html,아니오
songpa-gu/풍납동/shops/002/index.html,쥬쥬테라피,songpa-gu/풍납동/shops/002/index.html,아니오
songpa-gu/풍납동/shops/003/index.html,퀸즈테라피,songpa-gu/풍납동/shops/003/index.html,아니오
songpa-gu/풍납동/shops/004/index.html,한국미인테라피,songpa-gu/풍납동/shops/004/index.html,아니오
songpa-gu/풍납동/shops/005/index.html,한국인골든테라피,songpa-gu/풍납동/shops/005/index.html,아니오
suwon/gwonseon-gu/shops/001/index.html,쥬쥬테라피,suwon/gwonseon-gu/shops/001/index.html,아니오
suwon/gwonseon-gu/shops/002/index.html,한국인골든테라피,suwon/gwonseon-gu/shops/002/index.html,아니오
suwon/gwonseon-gu/shops/003/index.html,오늘밤테라피,suwon/gwonseon-gu/shops/003/index.html,아니오
suwon/gwonseon-gu/shops/004/index.html,퀸즈테라피,suwon/gwonseon-gu/shops/004/index.html,아니오
suwon/gwonseon-gu/shops/005/index.html,한국미인테라피,suwon/gwonseon-gu/shops/005/index.html,아니오
suwon/gwonseon-gu/곡선동/shops/001/index.html,오늘밤테라피,suwon/gwonseon-gu/곡선동/shops/001/index.html,아니오
suwon/gwonseon-gu/곡선동/shops/002/index.html,쥬쥬테라피,suwon/gwonseon-gu/곡선동/shops/002/index.html,아니오
suwon/gwonseon-gu/곡선동/shops/003/index.html,퀸즈테라피,suwon/gwonseon-gu/곡선동/shops/003/index.html,아니오
suwon/gwonseon-gu/곡선동/shops/004/index.html,한국미인테라피,suwon/gwonseon-gu/곡선동/shops/004/index.html,아니오
suwon/gwonseon-gu/곡선동/shops/005/index.html,한국인골든테라피,suwon/gwonseon-gu/곡선동/shops/005/index.html,아니오
suwon/gwonseon-gu/구운동/shops/001/index.html,오늘밤테라피,suwon/gwonseon-gu/구운동/shops/001/index.html,아니오
suwon/gwonseon-gu/구운동/shops/002/index.html,쥬쥬테라피,suwon/gwonseon-gu/구운동/shops/002/index.html,아니오
suwon/gwonseon-gu/구운동/shops/003/index.html,퀸즈테라피,suwon/gwonseon-gu/구운동/shops/003/index.html,아니오
suwon/gwonseon-gu/구운동/shops/004/index.html,한국미인테라피,suwon/gwonseon-gu/구운동/shops/004/index.html,아니오
suwon/gwonseon-gu/구운동/shops/005/index.html,한국인골든테라피,suwon/gwonseon-gu/구운동/shops/005/index.html,아니오
suwon/gwonseon-gu/권선동/shops/001/index.html,오늘밤테라피,suwon/gwonseon-gu/권선동/shops/001/index.html,아니오
suwon/gwonseon-gu/권선동/shops/002/index.html,쥬쥬테라피,suwon/gwonseon-gu/권선동/shops/002/index.html,아니오
suwon/gwonseon-gu/권선동/shops/003/index.html,퀸즈테라피,suwon/gwonseon-gu/권선동/shops/003/index.html,아니오
suwon/gwonseon-gu/권선동/shops/004/index.html,한국미인테라피,suwon/gwonseon-gu/권선동/shops/004/index.html,아니오
suwon/gwonseon-gu/권선동/shops/005/index.html,한국인골든테라피,suwon/gwonseon-gu/권선동/shops/005/index.html,아니오
suwon/gwonseon-gu/금곡동/shops/001/index.html,오늘밤테라피,suwon/gwonseon-gu/금곡동/shops/001/index.html,아니오
suwon/gwonseon-gu/금곡동/shops/002/index.html,쥬쥬테라피,suwon/gwonseon-gu/금곡동/shops/002/index.html,아니오
suwon/gwonseon-gu/금곡동/shops/003/index.html,퀸즈테라피,suwon/gwonseon-gu/금곡동/shops/003/index.html,아니오
suwon/gwonseon-gu/금곡동/shops/004/index.html,한국미인테라피,suwon/gwonseon-gu/금곡동/shops/004/index.html,아니오
suwon/gwonseon-gu/금곡동/shops/005/index.html,한국인골든테라피,suwon/gwonseon-gu/금곡동/shops/005/index.html,아니오
suwon/gwonseon-gu/서둔동/shops/001/index.html,오늘밤테라피,suwon/gwonseon-gu/서둔동/shops/001/index.html,아니오
suwon/gwonseon-gu/서둔동/shops/002/index.html,쥬쥬테라피,suwon/gwonseon-gu/서둔동/shops/002/index.html,아니오
suwon/gwonseon-gu/서둔동/shops/003/index.html,퀸즈테라피,suwon/gwonseon-gu/서둔동/shops/003/index.html,아니오
suwon/gwonseon-gu/서둔동/shops/004/index.html,한국미인테라피,suwon/gwonseon-gu/서둔동/shops/004/index.html,아니오
suwon/gwonseon-gu/서둔동/shops/005/index.html,한국인골든테라피,suwon/gwonseon-gu/서둔동/shops/005/index.html,아니오
suwon/gwonseon-gu/세류동/shops/001/index.html,오늘밤테라피,suwon/gwonseon-gu/세류동/shops/001/index.html,아니오
suwon/gwonseon-gu/세류동/shops/002/index.html,쥬쥬테라피,suwon/gwonseon-gu/세류동/shops/002/index.html,아니오
suwon/gwonseon-gu/세류동/shops/003/index.html,퀸즈테라피,suwon/gwonseon-gu/세류동/shops/003/index.html,아니오
suwon/gwonseon-gu/세류동/shops/004/index.html,한국미인테라피,suwon/gwonseon-gu/세류동/shops/004/index.html,아니오
suwon/gwonseon-gu/세류동/shops/005/index.html,한국인골든테라피,suwon/gwonseon-gu/세류동/shops/005/index.html,아니오
suwon/gwonseon-gu/입북동/shops/001/index.html,오늘밤테라피,suwon/gwonseon-gu/입북동/shops/001/index.html,아니오
suwon/gwonseon-gu/입북동/shops/002/index.html,쥬쥬테라피,suwon/gwonseon-gu/입북동/shops/002/index.html,아니오
suwon/gwonseon-gu/입북동/shops/003/index.html,퀸즈테라피,suwon/gwonseon-gu/입북동/shops/003/index.html,아니오
suwon/gwonseon-gu/입북동/shops/004/index.html,한국미인테라피,suwon/gwonseon-gu/입북동/shops/004/index.html,아니오
suwon/gwonseon-gu/입북동/shops/005/index.html,한국인골든테라피,suwon/gwonseon-gu/입북동/shops/005/index.html,아니오
suwon/gwonseon-gu/평동/shops/001/index.html,오늘밤테라피,suwon/gwonseon-gu/평동/shops/001/index.html,아니오
suwon/gwonseon-gu/평동/shops/002/index.html,쥬쥬테라피,suwon/gwonseon-gu/평동/shops/002/index.html,아니오
suwon/gwonseon-gu/평동/shops/003/index.html,퀸즈테라피,suwon/gwonseon-gu/평동/shops/003/index.html,아니오
suwon/gwonseon-gu/평동/shops/004/index.html,한국미인테라피,suwon/gwonseon-gu/평동/shops/004/index.html,아니오
suwon/gwonseon-gu/평동/shops/005/index.html,한국인골든테라피,suwon/gwonseon-gu/평동/shops/005/index.html,아니오
suwon/gwonseon-gu/호매실동/shops/001/index.html,오늘밤테라피,suwon/gwonseon-gu/호매실동/shops/001/index.html,아니오
suwon/gwonseon-gu/호매실동/shops/002/index.html,쥬쥬테라피,suwon/gwonseon-gu/호매실동/shops/002/index.html,아니오
suwon/gwonseon-gu/호매실동/shops/003/index.html,퀸즈테라피,suwon/gwonseon-gu/호매실동/shops/003/index.html,아니오
suwon/gwonseon-gu/호매실동/shops/004/index.html,한국미인테라피,suwon/gwonseon-gu/호매실동/shops/004/index.html,아니오
suwon/gwonseon-gu/호매실동/shops/005/index.html,한국인골든테라피,suwon/gwonseon-gu/호매실동/shops/005/index.html,아니오
suwon/jangan-gu/shops/001/index.html,쥬쥬테라피,suwon/jangan-gu/shops/001/index.html,아니오
suwon/jangan-gu/shops/002/index.html,한국인골든테라피,suwon/jangan-gu/shops/002/index.html,아니오
suwon/jangan-gu/shops/003/index.html,오늘밤테라피,suwon/jangan-gu/shops/003/index.html,아니오
suwon/jangan-gu/shops/004/index.html,퀸즈테라피,suwon/jangan-gu/shops/004/index.html,아니오
suwon/jangan-gu/shops/005/index.html,한국미인테라피,suwon/jangan-gu/shops/005/index.html,아니오
suwon/jangan-gu/송죽동/shops/001/index.html,오늘밤테라피,suwon/jangan-gu/송죽동/shops/001/index.html,아니오
suwon/jangan-gu/송죽동/shops/002/index.html,쥬쥬테라피,suwon/jangan-gu/송죽동/shops/002/index.html,아니오
suwon/jangan-gu/송죽동/shops/003/index.html,퀸즈테라피,suwon/jangan-gu/송죽동/shops/003/index.html,아니오
suwon/jangan-gu/송죽동/shops/004/index.html,한국미인테라피,suwon/jangan-gu/송죽동/shops/004/index.html,아니오
suwon/jangan-gu/송죽동/shops/005/index.html,한국인골든테라피,suwon/jangan-gu/송죽동/shops/005/index.html,아니오
suwon/jangan-gu/연무동/shops/001/index.html,오늘밤테라피,suwon/jangan-gu/연무동/shops/001/index.html,아니오
suwon/jangan-gu/연무동/shops/002/index.html,쥬쥬테라피,suwon/jangan-gu/연무동/shops/002/index.html,아니오
suwon/jangan-gu/연무동/shops/003/index.html,퀸즈테라피,suwon/jangan-gu/연무동/shops/003/index.html,아니오
suwon/jangan-gu/연무동/shops/004/index.html,한국미인테라피,suwon/jangan-gu/연무동/shops/004/index.html,아니오
suwon/jangan-gu/연무동/shops/005/index.html,한국인골든테라피,suwon/jangan-gu/연무동/shops/005/index.html,아니오
suwon/jangan-gu/영화동/shops/001/index.html,오늘밤테라피,suwon/jangan-gu/영화동/shops/001/index.html,아니오
suwon/jangan-gu/영화동/shops/002/index.html,쥬쥬테라피,suwon/jangan-gu/영화동/shops/002/index.html,아니오
suwon/jangan-gu/영화동/shops/003/index.html,퀸즈테라피,suwon/jangan-gu/영화동/shops/003/index.html,아니오
suwon/jangan-gu/영화동/shops/004/index.html,한국미인테라피,suwon/jangan-gu/영화동/shops/004/index.html,아니오
suwon/jangan-gu/영화동/shops/005/index.html,한국인골든테라피,suwon/jangan-gu/영화동/shops/005/index.html,아니오
suwon/jangan-gu/율천동/shops/001/index.html,오늘밤테라피,suwon/jangan-gu/율천동/shops/001/index.html,아니오
suwon/jangan-gu/율천동/shops/002/index.html,쥬쥬테라피,suwon/jangan-gu/율천동/shops/002/index.html,아니오
suwon/jangan-gu/율천동/shops/003/index.html,퀸즈테라피,suwon/jangan-gu/율천동/shops/003/index.html,아니오
suwon/jangan-gu/율천동/shops/004/index.html,한국미인테라피,suwon/jangan-gu/율천동/shops/004/index.html,아니오
suwon/jangan-gu/율천동/shops/005/index.html,한국인골든테라피,suwon/jangan-gu/율천동/shops/005/index.html,아니오
suwon/jangan-gu/정자동/shops/001/index.html,오늘밤테라피,suwon/jangan-gu/정자동/shops/001/index.html,아니오
suwon/jangan-gu/정자동/shops/002/index.html,쥬쥬테라피,suwon/jangan-gu/정자동/shops/002/index.html,아니오
suwon/jangan-gu/정자동/shops/003/index.html,퀸즈테라피,suwon/jangan-gu/정자동/shops/003/index.html,아니오
suwon/jangan-gu/정자동/shops/004/index.html,한국미인테라피,suwon/jangan-gu/정자동/shops/004/index.html,아니오
suwon/jangan-gu/정자동/shops/005/index.html,한국인골든테라피,suwon/jangan-gu/정자동/shops/005/index.html,아니오
suwon/jangan-gu/조원동/shops/001/index.html,오늘밤테라피,suwon/jangan-gu/조원동/shops/001/index.html,아니오
suwon/jangan-gu/조원동/shops/002/index.html,쥬쥬테라피,suwon/jangan-gu/조원동/shops/002/index.html,아니오
suwon/jangan-gu/조원동/shops/003/index.html,퀸즈테라피,suwon/jangan-gu/조원동/shops/003/index.html,아니오
suwon/jangan-gu/조원동/shops/004/index.html,한국미인테라피,suwon/jangan-gu/조원동/shops/004/index.html,아니오
suwon/jangan-gu/조원동/shops/005/index.html,한국인골든테라피,suwon/jangan-gu/조원동/shops/005/index.html,아니오
suwon/jangan-gu/파장동/shops/001/index.html,오늘밤테라피,suwon/jangan-gu/파장동/shops/001/index.html,아니오
suwon/jangan-gu/파장동/shops/002/index.html,쥬쥬테라피,suwon/jangan-gu/파장동/shops/002/index.html,아니오
suwon/jangan-gu/파장동/shops/003/index.html,퀸즈테라피,suwon/jangan-gu/파장동/shops/003/index.html,아니오
suwon/jangan-gu/파장동/shops/004/index.html,한국미인테라피,suwon/jangan-gu/파장동/shops/004/index.html,아니오
suwon/jangan-gu/파장동/shops/005/index.html,한국인골든테라피,suwon/jangan-gu/파장동/shops/005/index.html,아니오
suwon/paldal-gu/shops/001/index.html,쥬쥬테라피,suwon/paldal-gu/shops/001/index.html,아니오
suwon/paldal-gu/shops/002/index.html,한국인골든테라피,suwon/paldal-gu/shops/002/index.html,아니오
suwon/paldal-gu/shops/003/index.html,오늘밤테라피,suwon/paldal-gu/shops/003/index.html,아니오
suwon/paldal-gu/shops/004/index.html,퀸즈테라피,suwon/paldal-gu/shops/004/index.html,아니오
suwon/paldal-gu/shops/005/index.html,한국미인테라피,suwon/paldal-gu/shops/005/index.html,아니오
suwon/paldal-gu/고등동/shops/001/index.html,오늘밤테라피,suwon/paldal-gu/고등동/shops/001/index.html,아니오
suwon/paldal-gu/고등동/shops/002/index.html,쥬쥬테라피,suwon/paldal-gu/고등동/shops/002/index.html,아니오
suwon/paldal-gu/고등동/shops/003/index.html,퀸즈테라피,suwon/paldal-gu/고등동/shops/003/index.html,아니오
suwon/paldal-gu/고등동/shops/004/index.html,한국미인테라피,suwon/paldal-gu/고등동/shops/004/index.html,아니오
suwon/paldal-gu/고등동/shops/005/index.html,한국인골든테라피,suwon/paldal-gu/고등동/shops/005/index.html,아니오
suwon/paldal-gu/매교동/shops/001/index.html,오늘밤테라피,suwon/paldal-gu/매교동/shops/001/index.html,아니오
suwon/paldal-gu/매교동/shops/002/index.html,쥬쥬테라피,suwon/paldal-gu/매교동/shops/002/index.html,아니오
suwon/paldal-gu/매교동/shops/003/index.html,퀸즈테라피,suwon/paldal-gu/매교동/shops/003/index.html,아니오
suwon/paldal-gu/매교동/shops/004/index.html,한국미인테라피,suwon/paldal-gu/매교동/shops/004/index.html,아니오
suwon/paldal-gu/매교동/shops/005/index.html,한국인골든테라피,suwon/paldal-gu/매교동/shops/005/index.html,아니오
suwon/paldal-gu/매산동/shops/001/index.html,오늘밤테라피,suwon/paldal-gu/매산동/shops/001/index.html,아니오
suwon/paldal-gu/매산동/shops/002/index.html,쥬쥬테라피,suwon/paldal-gu/매산동/shops/002/index.html,아니오
suwon/paldal-gu/매산동/shops/003/index.html,퀸즈테라피,suwon/paldal-gu/매산동/shops/003/index.html,아니오
suwon/paldal-gu/매산동/shops/004/index.html,한국미인테라피,suwon/paldal-gu/매산동/shops/004/index.html,아니오
suwon/paldal-gu/매산동/shops/005/index.html,한국인골든테라피,suwon/paldal-gu/매산동/shops/005/index.html,아니오
suwon/paldal-gu/우만동/shops/001/index.html,오늘밤테라피,suwon/paldal-gu/우만동/shops/001/index.html,아니오
suwon/paldal-gu/우만동/shops/002/index.html,쥬쥬테라피,suwon/paldal-gu/우만동/shops/002/index.html,아니오
suwon/paldal-gu/우만동/shops/003/index.html,퀸즈테라피,suwon/paldal-gu/우만동/shops/003/index.html,아니오
suwon/paldal-gu/우만동/shops/004/index.html,한국미인테라피,suwon/paldal-gu/우만동/shops/004/index.html,아니오
suwon/paldal-gu/우만동/shops/005/index.html,한국인골든테라피,suwon/paldal-gu/우만동/shops/005/index.html,아니오
suwon/paldal-gu/인계동/shops/001/index.html,오늘밤테라피,suwon/paldal-gu/인계동/shops/001/index.html,아니오
suwon/paldal-gu/인계동/shops/002/index.html,쥬쥬테라피,suwon/paldal-gu/인계동/shops/002/index.html,아니오
suwon/paldal-gu/인계동/shops/003/index.html,퀸즈테라피,suwon/paldal-gu/인계동/shops/003/index.html,아니오
suwon/paldal-gu/인계동/shops/004/index.html,한국미인테라피,suwon/paldal-gu/인계동/shops/004/index.html,아니오
suwon/paldal-gu/인계동/shops/005/index.html,한국인골든테라피,suwon/paldal-gu/인계동/shops/005/index.html,아니오
suwon/paldal-gu/지동/shops/001/index.html,오늘밤테라피,suwon/paldal-gu/지동/shops/001/index.html,아니오
suwon/paldal-gu/지동/shops/002/index.html,쥬쥬테라피,suwon/paldal-gu/지동/shops/002/index.html,아니오
suwon/paldal-gu/지동/shops/003/index.html,퀸즈테라피,suwon/paldal-gu/지동/shops/003/index.html,아니오
suwon/paldal-gu/지동/shops/004/index.html,한국미인테라피,suwon/paldal-gu/지동/shops/004/index.html,아니오
suwon/paldal-gu/지동/shops/005/index.html,한국인골든테라피,suwon/paldal-gu/지동/shops/005/index.html,아니오
suwon/paldal-gu/행궁동/shops/001/index.html,오늘밤테라피,suwon/paldal-gu/행궁동/shops/001/index.html,아니오
suwon/paldal-gu/행궁동/shops/002/index.html,쥬쥬테라피,suwon/paldal-gu/행궁동/shops/002/index.html,아니오
suwon/paldal-gu/행궁동/shops/003/index.html,퀸즈테라피,suwon/paldal-gu/행궁동/shops/003/index.html,아니오
suwon/paldal-gu/행궁동/shops/004/index.html,한국미인테라피,suwon/paldal-gu/행궁동/shops/004/index.html,아니오
suwon/paldal-gu/행궁동/shops/005/index.html,한국인골든테라피,suwon/paldal-gu/행궁동/shops/005/index.html,아니오
suwon/paldal-gu/화서동/shops/001/index.html,오늘밤테라피,suwon/paldal-gu/화서동/shops/001/index.html,아니오
suwon/paldal-gu/화서동/shops/002/index.html,쥬쥬테라피,suwon/paldal-gu/화서동/shops/002/index.html,아니오
suwon/paldal-gu/화서동/shops/003/index.html,퀸즈테라피,suwon/paldal-gu/화서동/shops/003/index.html,아니오
suwon/paldal-gu/화서동/shops/004/index.html,한국미인테라피,suwon/paldal-gu/화서동/shops/004/index.html,아니오
suwon/paldal-gu/화서동/shops/005/index.html,한국인골든테라피,suwon/paldal-gu/화서동/shops/005/index.html,아니오
suwon/shops/001/index.html,쥬쥬테라피,suwon/shops/001/index.html,아니오
suwon/shops/002/index.html,한국인골든테라피,suwon/shops/002/index.html,아니오
suwon/shops/003/index.html,오늘밤테라피,suwon/shops/003/index.html,아니오
suwon/shops/004/index.html,퀸즈테라피,suwon/shops/004/index.html,아니오
suwon/shops/005/index.html,한국미인테라피,suwon/shops/005/index.html,아니오
suwon/yeongtong-gu/shops/001/index.html,쥬쥬테라피,suwon/yeongtong-gu/shops/001/index.html,아니오
suwon/yeongtong-gu/shops/002/index.html,한국인골든테라피,suwon/yeongtong-gu/shops/002/index.html,아니오
suwon/yeongtong-gu/shops/003/index.html,오늘밤테라피,suwon/yeongtong-gu/shops/003/index.html,아니오
suwon/yeongtong-gu/shops/004/index.html,퀸즈테라피,suwon/yeongtong-gu/shops/004/index.html,아니오
suwon/yeongtong-gu/shops/005/index.html,한국미인테라피,suwon/yeongtong-gu/shops/005/index.html,아니오
suwon/yeongtong-gu/광교동/shops/001/index.html,오늘밤테라피,suwon/yeongtong-gu/광교동/shops/001/index.html,아니오
suwon/yeongtong-gu/광교동/shops/002/index.html,쥬쥬테라피,suwon/yeongtong-gu/광교동/shops/002/index.html,아니오
suwon/yeongtong-gu/광교동/shops/003/index.html,퀸즈테라피,suwon/yeongtong-gu/광교동/shops/003/index.html,아니오
suwon/yeongtong-gu/광교동/shops/004/index.html,한국미인테라피,suwon/yeongtong-gu/광교동/shops/004/index.html,아니오
suwon/yeongtong-gu/광교동/shops/005/index.html,한국인골든테라피,suwon/yeongtong-gu/광교동/shops/005/index.html,아니오
suwon/yeongtong-gu/망포동/shops/001/index.html,오늘밤테라피,suwon/yeongtong-gu/망포동/shops/001/index.html,아니오
suwon/yeongtong-gu/망포동/shops/002/index.html,쥬쥬테라피,suwon/yeongtong-gu/망포동/shops/002/index.html,아니오
suwon/yeongtong-gu/망포동/shops/003/index.html,퀸즈테라피,suwon/yeongtong-gu/망포동/shops/003/index.html,아니오
suwon/yeongtong-gu/망포동/shops/004/index.html,한국미인테라피,suwon/yeongtong-gu/망포동/shops/004/index.html,아니오
suwon/yeongtong-gu/망포동/shops/005/index.html,한국인골든테라피,suwon/yeongtong-gu/망포동/shops/005/index.html,아니오
suwon/yeongtong-gu/매탄동/shops/001/index.html,오늘밤테라피,suwon/yeongtong-gu/매탄동/shops/001/index.html,아니오
suwon/yeongtong-gu/매탄동/shops/002/index.html,쥬쥬테라피,suwon/yeongtong-gu/매탄동/shops/002/index.html,아니오
suwon/yeongtong-gu/매탄동/shops/003/index.html,퀸즈테라피,suwon/yeongtong-gu/매탄동/shops/003/index.html,아니오
suwon/yeongtong-gu/매탄동/shops/004/index.html,한국미인테라피,suwon/yeongtong-gu/매탄동/shops/004/index.html,아니오
suwon/yeongtong-gu/매탄동/shops/005/index.html,한국인골든테라피,suwon/yeongtong-gu/매탄동/shops/005/index.html,아니오
suwon/yeongtong-gu/영통동/shops/001/index.html,오늘밤테라피,suwon/yeongtong-gu/영통동/shops/001/index.html,아니오
suwon/yeongtong-gu/영통동/shops/002/index.html,쥬쥬테라피,suwon/yeongtong-gu/영통동/shops/002/index.html,아니오
suwon/yeongtong-gu/영통동/shops/003/index.html,퀸즈테라피,suwon/yeongtong-gu/영통동/shops/003/index.html,아니오
suwon/yeongtong-gu/영통동/shops/004/index.html,한국미인테라피,suwon/yeongtong-gu/영통동/shops/004/index.html,아니오
suwon/yeongtong-gu/영통동/shops/005/index.html,한국인골든테라피,suwon/yeongtong-gu/영통동/shops/005/index.html,아니오
suwon/yeongtong-gu/원천동/shops/001/index.html,오늘밤테라피,suwon/yeongtong-gu/원천동/shops/001/index.html,아니오
suwon/yeongtong-gu/원천동/shops/002/index.html,쥬쥬테라피,suwon/yeongtong-gu/원천동/shops/002/index.html,아니오
suwon/yeongtong-gu/원천동/shops/003/index.html,퀸즈테라피,suwon/yeongtong-gu/원천동/shops/003/index.html,아니오
suwon/yeongtong-gu/원천동/shops/004/index.html,한국미인테라피,suwon/yeongtong-gu/원천동/shops/004/index.html,아니오
suwon/yeongtong-gu/원천동/shops/005/index.html,한국인골든테라피,suwon/yeongtong-gu/원천동/shops/005/index.html,아니오
uijeongbu/shops/001/index.html,쥬쥬테라피,uijeongbu/shops/001/index.html,아니오
uijeongbu/shops/002/index.html,한국인골든테라피,uijeongbu/shops/002/index.html,아니오
uijeongbu/shops/003/index.html,오늘밤테라피,uijeongbu/shops/003/index.html,아니오
uijeongbu/shops/004/index.html,퀸즈테라피,uijeongbu/shops/004/index.html,아니오
uijeongbu/shops/005/index.html,한국미인테라피,uijeongbu/shops/005/index.html,아니오
uijeongbu/가능동/shops/001/index.html,오늘밤테라피,uijeongbu/가능동/shops/001/index.html,아니오
uijeongbu/가능동/shops/002/index.html,쥬쥬테라피,uijeongbu/가능동/shops/002/index.html,아니오
uijeongbu/가능동/shops/003/index.html,퀸즈테라피,uijeongbu/가능동/shops/003/index.html,아니오
uijeongbu/가능동/shops/004/index.html,한국미인테라피,uijeongbu/가능동/shops/004/index.html,아니오
uijeongbu/가능동/shops/005/index.html,한국인골든테라피,uijeongbu/가능동/shops/005/index.html,아니오
uijeongbu/고산동/shops/001/index.html,오늘밤테라피,uijeongbu/고산동/shops/001/index.html,아니오
uijeongbu/고산동/shops/002/index.html,쥬쥬테라피,uijeongbu/고산동/shops/002/index.html,아니오
uijeongbu/고산동/shops/003/index.html,퀸즈테라피,uijeongbu/고산동/shops/003/index.html,아니오
uijeongbu/고산동/shops/004/index.html,한국미인테라피,uijeongbu/고산동/shops/004/index.html,아니오
uijeongbu/고산동/shops/005/index.html,한국인골든테라피,uijeongbu/고산동/shops/005/index.html,아니오
uijeongbu/녹양동/shops/001/index.html,오늘밤테라피,uijeongbu/녹양동/shops/001/index.html,아니오
uijeongbu/녹양동/shops/002/index.html,쥬쥬테라피,uijeongbu/녹양동/shops/002/index.html,아니오
uijeongbu/녹양동/shops/003/index.html,퀸즈테라피,uijeongbu/녹양동/shops/003/index.html,아니오
uijeongbu/녹양동/shops/004/index.html,한국미인테라피,uijeongbu/녹양동/shops/004/index.html,아니오
uijeongbu/녹양동/shops/005/index.html,한국인골든테라피,uijeongbu/녹양동/shops/005/index.html,아니오
uijeongbu/송산동/shops/001/index.html,오늘밤테라피,uijeongbu/송산동/shops/001/index.html,아니오
uijeongbu/송산동/shops/002/index.html,쥬쥬테라피,uijeongbu/송산동/shops/002/index.html,아니오
uijeongbu/송산동/shops/003/index.html,퀸즈테라피,uijeongbu/송산동/shops/003/index.html,아니오
uijeongbu/송산동/shops/004/index.html,한국미인테라피,uijeongbu/송산동/shops/004/index.html,아니오
uijeongbu/송산동/shops/005/index.html,한국인골든테라피,uijeongbu/송산동/shops/005/index.html,아니오
uijeongbu/신곡동/shops/001/index.html,오늘밤테라피,uijeongbu/신곡동/shops/001/index.html,아니오
uijeongbu/신곡동/shops/002/index.html,쥬쥬테라피,uijeongbu/신곡동/shops/002/index.html,아니오
uijeongbu/신곡동/shops/003/index.html,퀸즈테라피,uijeongbu/신곡동/shops/003/index.html,아니오
uijeongbu/신곡동/shops/004/index.html,한국미인테라피,uijeongbu/신곡동/shops/004/index.html,아니오
uijeongbu/신곡동/shops/005/index.html,한국인골든테라피,uijeongbu/신곡동/shops/005/index.html,아니오
uijeongbu/의정부동/shops/001/index.html,오늘밤테라피,uijeongbu/의정부동/shops/001/index.html,아니오
uijeongbu/의정부동/shops/002/index.html,쥬쥬테라피,uijeongbu/의정부동/shops/002/index.html,아니오
uijeongbu/의정부동/shops/003/index.html,퀸즈테라피,uijeongbu/의정부동/shops/003/index.html,아니오
uijeongbu/의정부동/shops/004/index.html,한국미인테라피,uijeongbu/의정부동/shops/004/index.html,아니오
uijeongbu/의정부동/shops/005/index.html,한국인골든테라피,uijeongbu/의정부동/shops/005/index.html,아니오
uijeongbu/자금동/shops/001/index.html,오늘밤테라피,uijeongbu/자금동/shops/001/index.html,아니오
uijeongbu/자금동/shops/002/index.html,쥬쥬테라피,uijeongbu/자금동/shops/002/index.html,아니오
uijeongbu/자금동/shops/003/index.html,퀸즈테라피,uijeongbu/자금동/shops/003/index.html,아니오
uijeongbu/자금동/shops/004/index.html,한국미인테라피,uijeongbu/자금동/shops/004/index.html,아니오
uijeongbu/자금동/shops/005/index.html,한국인골든테라피,uijeongbu/자금동/shops/005/index.html,아니오
uijeongbu/장암동/shops/001/index.html,오늘밤테라피,uijeongbu/장암동/shops/001/index.html,아니오
uijeongbu/장암동/shops/002/index.html,쥬쥬테라피,uijeongbu/장암동/shops/002/index.html,아니오
uijeongbu/장암동/shops/003/index.html,퀸즈테라피,uijeongbu/장암동/shops/003/index.html,아니오
uijeongbu/장암동/shops/004/index.html,한국미인테라피,uijeongbu/장암동/shops/004/index.html,아니오
uijeongbu/장암동/shops/005/index.html,한국인골든테라피,uijeongbu/장암동/shops/005/index.html,아니오
uijeongbu/호원동/shops/001/index.html,오늘밤테라피,uijeongbu/호원동/shops/001/index.html,아니오
uijeongbu/호원동/shops/002/index.html,쥬쥬테라피,uijeongbu/호원동/shops/002/index.html,아니오
uijeongbu/호원동/shops/003/index.html,퀸즈테라피,uijeongbu/호원동/shops/003/index.html,아니오
uijeongbu/호원동/shops/004/index.html,한국미인테라피,uijeongbu/호원동/shops/004/index.html,아니오
uijeongbu/호원동/shops/005/index.html,한국인골든테라피,uijeongbu/호원동/shops/005/index.html,아니오
uijeongbu/흥선동/shops/001/index.html,오늘밤테라피,uijeongbu/흥선동/shops/001/index.html,아니오
uijeongbu/흥선동/shops/002/index.html,쥬쥬테라피,uijeongbu/흥선동/shops/002/index.html,아니오
uijeongbu/흥선동/shops/003/index.html,퀸즈테라피,uijeongbu/흥선동/shops/003/index.html,아니오
uijeongbu/흥선동/shops/004/index.html,한국미인테라피,uijeongbu/흥선동/shops/004/index.html,아니오
uijeongbu/흥선동/shops/005/index.html,한국인골든테라피,uijeongbu/흥선동/shops/005/index.html,아니오
uiwang/shops/001/index.html,쥬쥬테라피,uiwang/shops/001/index.html,아니오
uiwang/shops/002/index.html,한국인골든테라피,uiwang/shops/002/index.html,아니오
uiwang/shops/003/index.html,오늘밤테라피,uiwang/shops/003/index.html,아니오
uiwang/shops/004/index.html,퀸즈테라피,uiwang/shops/004/index.html,아니오
uiwang/shops/005/index.html,한국미인테라피,uiwang/shops/005/index.html,아니오
uiwang/고천동/shops/001/index.html,오늘밤테라피,uiwang/고천동/shops/001/index.html,아니오
uiwang/고천동/shops/002/index.html,쥬쥬테라피,uiwang/고천동/shops/002/index.html,아니오
uiwang/고천동/shops/003/index.html,퀸즈테라피,uiwang/고천동/shops/003/index.html,아니오
uiwang/고천동/shops/004/index.html,한국미인테라피,uiwang/고천동/shops/004/index.html,아니오
uiwang/고천동/shops/005/index.html,한국인골든테라피,uiwang/고천동/shops/005/index.html,아니오
uiwang/내손동/shops/001/index.html,오늘밤테라피,uiwang/내손동/shops/001/index.html,아니오
uiwang/내손동/shops/002/index.html,쥬쥬테라피,uiwang/내손동/shops/002/index.html,아니오
uiwang/내손동/shops/003/index.html,퀸즈테라피,uiwang/내손동/shops/003/index.html,아니오
uiwang/내손동/shops/004/index.html,한국미인테라피,uiwang/내손동/shops/004/index.html,아니오
uiwang/내손동/shops/005/index.html,한국인골든테라피,uiwang/내손동/shops/005/index.html,아니오
uiwang/부곡동/shops/001/index.html,오늘밤테라피,uiwang/부곡동/shops/001/index.html,아니오
uiwang/부곡동/shops/002/index.html,쥬쥬테라피,uiwang/부곡동/shops/002/index.html,아니오
uiwang/부곡동/shops/003/index.html,퀸즈테라피,uiwang/부곡동/shops/003/index.html,아니오
uiwang/부곡동/shops/004/index.html,한국미인테라피,uiwang/부곡동/shops/004/index.html,아니오
uiwang/부곡동/shops/005/index.html,한국인골든테라피,uiwang/부곡동/shops/005/index.html,아니오
uiwang/오전동/shops/001/index.html,오늘밤테라피,uiwang/오전동/shops/001/index.html,아니오
uiwang/오전동/shops/002/index.html,쥬쥬테라피,uiwang/오전동/shops/002/index.html,아니오
uiwang/오전동/shops/003/index.html,퀸즈테라피,uiwang/오전동/shops/003/index.html,아니오
uiwang/오전동/shops/004/index.html,한국미인테라피,uiwang/오전동/shops/004/index.html,아니오
uiwang/오전동/shops/005/index.html,한국인골든테라피,uiwang/오전동/shops/005/index.html,아니오
uiwang/청계동/shops/001/index.html,오늘밤테라피,uiwang/청계동/shops/001/index.html,아니오
uiwang/청계동/shops/002/index.html,쥬쥬테라피,uiwang/청계동/shops/002/index.html,아니오
uiwang/청계동/shops/003/index.html,퀸즈테라피,uiwang/청계동/shops/003/index.html,아니오
uiwang/청계동/shops/004/index.html,한국미인테라피,uiwang/청계동/shops/004/index.html,아니오
uiwang/청계동/shops/005/index.html,한국인골든테라피,uiwang/청계동/shops/005/index.html,아니오
yangcheon-gu/shops/001/index.html,쥬쥬테라피,yangcheon-gu/shops/001/index.html,아니오
yangcheon-gu/shops/002/index.html,한국인골든테라피,yangcheon-gu/shops/002/index.html,아니오
yangcheon-gu/shops/003/index.html,오늘밤테라피,yangcheon-gu/shops/003/index.html,아니오
yangcheon-gu/shops/004/index.html,퀸즈테라피,yangcheon-gu/shops/004/index.html,아니오
yangcheon-gu/shops/005/index.html,한국미인테라피,yangcheon-gu/shops/005/index.html,아니오
yangcheon-gu/목동/shops/001/index.html,오늘밤테라피,yangcheon-gu/목동/shops/001/index.html,아니오
yangcheon-gu/목동/shops/002/index.html,쥬쥬테라피,yangcheon-gu/목동/shops/002/index.html,아니오
yangcheon-gu/목동/shops/003/index.html,퀸즈테라피,yangcheon-gu/목동/shops/003/index.html,아니오
yangcheon-gu/목동/shops/004/index.html,한국미인테라피,yangcheon-gu/목동/shops/004/index.html,아니오
yangcheon-gu/목동/shops/005/index.html,한국인골든테라피,yangcheon-gu/목동/shops/005/index.html,아니오
yangcheon-gu/신월동/shops/001/index.html,오늘밤테라피,yangcheon-gu/신월동/shops/001/index.html,아니오
yangcheon-gu/신월동/shops/002/index.html,쥬쥬테라피,yangcheon-gu/신월동/shops/002/index.html,아니오
yangcheon-gu/신월동/shops/003/index.html,퀸즈테라피,yangcheon-gu/신월동/shops/003/index.html,아니오
yangcheon-gu/신월동/shops/004/index.html,한국미인테라피,yangcheon-gu/신월동/shops/004/index.html,아니오
yangcheon-gu/신월동/shops/005/index.html,한국인골든테라피,yangcheon-gu/신월동/shops/005/index.html,아니오
yangcheon-gu/신정동/shops/001/index.html,오늘밤테라피,yangcheon-gu/신정동/shops/001/index.html,아니오
yangcheon-gu/신정동/shops/002/index.html,쥬쥬테라피,yangcheon-gu/신정동/shops/002/index.html,아니오
yangcheon-gu/신정동/shops/003/index.html,퀸즈테라피,yangcheon-gu/신정동/shops/003/index.html,아니오
yangcheon-gu/신정동/shops/004/index.html,한국미인테라피,yangcheon-gu/신정동/shops/004/index.html,아니오
yangcheon-gu/신정동/shops/005/index.html,한국인골든테라피,yangcheon-gu/신정동/shops/005/index.html,아니오
yangju/shops/001/index.html,쥬쥬테라피,yangju/shops/001/index.html,아니오
yangju/shops/002/index.html,한국인골든테라피,yangju/shops/002/index.html,아니오
yangju/shops/003/index.html,오늘밤테라피,yangju/shops/003/index.html,아니오
yangju/shops/004/index.html,퀸즈테라피,yangju/shops/004/index.html,아니오
yangju/shops/005/index.html,한국미인테라피,yangju/shops/005/index.html,아니오
yangju/광적면/shops/001/index.html,오늘밤테라피,yangju/광적면/shops/001/index.html,아니오
yangju/광적면/shops/002/index.html,쥬쥬테라피,yangju/광적면/shops/002/index.html,아니오
yangju/광적면/shops/003/index.html,퀸즈테라피,yangju/광적면/shops/003/index.html,아니오
yangju/광적면/shops/004/index.html,한국미인테라피,yangju/광적면/shops/004/index.html,아니오
yangju/광적면/shops/005/index.html,한국인골든테라피,yangju/광적면/shops/005/index.html,아니오
yangju/남면/shops/001/index.html,오늘밤테라피,yangju/남면/shops/001/index.html,아니오
yangju/남면/shops/002/index.html,쥬쥬테라피,yangju/남면/shops/002/index.html,아니오
yangju/남면/shops/003/index.html,퀸즈테라피,yangju/남면/shops/003/index.html,아니오
yangju/남면/shops/004/index.html,한국미인테라피,yangju/남면/shops/004/index.html,아니오
yangju/남면/shops/005/index.html,한국인골든테라피,yangju/남면/shops/005/index.html,아니오
yangju/백석읍/shops/001/index.html,오늘밤테라피,yangju/백석읍/shops/001/index.html,아니오
yangju/백석읍/shops/002/index.html,쥬쥬테라피,yangju/백석읍/shops/002/index.html,아니오
yangju/백석읍/shops/003/index.html,퀸즈테라피,yangju/백석읍/shops/003/index.html,아니오
yangju/백석읍/shops/004/index.html,한국미인테라피,yangju/백석읍/shops/004/index.html,아니오
yangju/백석읍/shops/005/index.html,한국인골든테라피,yangju/백석읍/shops/005/index.html,아니오
yangju/양주동/shops/001/index.html,오늘밤테라피,yangju/양주동/shops/001/index.html,아니오
yangju/양주동/shops/002/index.html,쥬쥬테라피,yangju/양주동/shops/002/index.html,아니오
yangju/양주동/shops/003/index.html,퀸즈테라피,yangju/양주동/shops/003/index.html,아니오
yangju/양주동/shops/004/index.html,한국미인테라피,yangju/양주동/shops/004/index.html,아니오
yangju/양주동/shops/005/index.html,한국인골든테라피,yangju/양주동/shops/005/index.html,아니오
yangju/옥정동/shops/001/index.html,오늘밤테라피,yangju/옥정동/shops/001/index.html,아니오
yangju/옥정동/shops/002/index.html,쥬쥬테라피,yangju/옥정동/shops/002/index.html,아니오
yangju/옥정동/shops/003/index.html,퀸즈테라피,yangju/옥정동/shops/003/index.html,아니오
yangju/옥정동/shops/004/index.html,한국미인테라피,yangju/옥정동/shops/004/index.html,아니오
yangju/옥정동/shops/005/index.html,한국인골든테라피,yangju/옥정동/shops/005/index.html,아니오
yangju/은현면/shops/001/index.html,오늘밤테라피,yangju/은현면/shops/001/index.html,아니오
yangju/은현면/shops/002/index.html,쥬쥬테라피,yangju/은현면/shops/002/index.html,아니오
yangju/은현면/shops/003/index.html,퀸즈테라피,yangju/은현면/shops/003/index.html,아니오
yangju/은현면/shops/004/index.html,한국미인테라피,yangju/은현면/shops/004/index.html,아니오
yangju/은현면/shops/005/index.html,한국인골든테라피,yangju/은현면/shops/005/index.html,아니오
yangju/장흥면/shops/001/index.html,오늘밤테라피,yangju/장흥면/shops/001/index.html,아니오
yangju/장흥면/shops/002/index.html,쥬쥬테라피,yangju/장흥면/shops/002/index.html,아니오
yangju/장흥면/shops/003/index.html,퀸즈테라피,yangju/장흥면/shops/003/index.html,아니오
yangju/장흥면/shops/004/index.html,한국미인테라피,yangju/장흥면/shops/004/index.html,아니오
yangju/장흥면/shops/005/index.html,한국인골든테라피,yangju/장흥면/shops/005/index.html,아니오
yangju/회천동/shops/001/index.html,오늘밤테라피,yangju/회천동/shops/001/index.html,아니오
yangju/회천동/shops/002/index.html,쥬쥬테라피,yangju/회천동/shops/002/index.html,아니오
yangju/회천동/shops/003/index.html,퀸즈테라피,yangju/회천동/shops/003/index.html,아니오
yangju/회천동/shops/004/index.html,한국미인테라피,yangju/회천동/shops/004/index.html,아니오
yangju/회천동/shops/005/index.html,한국인골든테라피,yangju/회천동/shops/005/index.html,아니오
yangpyeong/shops/001/index.html,쥬쥬테라피,yangpyeong/shops/001/index.html,아니오
yangpyeong/shops/002/index.html,한국인골든테라피,yangpyeong/shops/002/index.html,아니오
yangpyeong/shops/003/index.html,오늘밤테라피,yangpyeong/shops/003/index.html,아니오
yangpyeong/shops/004/index.html,퀸즈테라피,yangpyeong/shops/004/index.html,아니오
yangpyeong/shops/005/index.html,한국미인테라피,yangpyeong/shops/005/index.html,아니오
yangpyeong/강상면/shops/001/index.html,오늘밤테라피,yangpyeong/강상면/shops/001/index.html,아니오
yangpyeong/강상면/shops/002/index.html,쥬쥬테라피,yangpyeong/강상면/shops/002/index.html,아니오
yangpyeong/강상면/shops/003/index.html,퀸즈테라피,yangpyeong/강상면/shops/003/index.html,아니오
yangpyeong/강상면/shops/004/index.html,한국미인테라피,yangpyeong/강상면/shops/004/index.html,아니오
yangpyeong/강상면/shops/005/index.html,한국인골든테라피,yangpyeong/강상면/shops/005/index.html,아니오
yangpyeong/강하면/shops/001/index.html,오늘밤테라피,yangpyeong/강하면/shops/001/index.html,아니오
yangpyeong/강하면/shops/002/index.html,쥬쥬테라피,yangpyeong/강하면/shops/002/index.html,아니오
yangpyeong/강하면/shops/003/index.html,퀸즈테라피,yangpyeong/강하면/shops/003/index.html,아니오
yangpyeong/강하면/shops/004/index.html,한국미인테라피,yangpyeong/강하면/shops/004/index.html,아니오
yangpyeong/강하면/shops/005/index.html,한국인골든테라피,yangpyeong/강하면/shops/005/index.html,아니오
yangpyeong/개군면/shops/001/index.html,오늘밤테라피,yangpyeong/개군면/shops/001/index.html,아니오
yangpyeong/개군면/shops/002/index.html,쥬쥬테라피,yangpyeong/개군면/shops/002/index.html,아니오
yangpyeong/개군면/shops/003/index.html,퀸즈테라피,yangpyeong/개군면/shops/003/index.html,아니오
yangpyeong/개군면/shops/004/index.html,한국미인테라피,yangpyeong/개군면/shops/004/index.html,아니오
yangpyeong/개군면/shops/005/index.html,한국인골든테라피,yangpyeong/개군면/shops/005/index.html,아니오
yangpyeong/단월면/shops/001/index.html,오늘밤테라피,yangpyeong/단월면/shops/001/index.html,아니오
yangpyeong/단월면/shops/002/index.html,쥬쥬테라피,yangpyeong/단월면/shops/002/index.html,아니오
yangpyeong/단월면/shops/003/index.html,퀸즈테라피,yangpyeong/단월면/shops/003/index.html,아니오
yangpyeong/단월면/shops/004/index.html,한국미인테라피,yangpyeong/단월면/shops/004/index.html,아니오
yangpyeong/단월면/shops/005/index.html,한국인골든테라피,yangpyeong/단월면/shops/005/index.html,아니오
yangpyeong/서종면/shops/001/index.html,오늘밤테라피,yangpyeong/서종면/shops/001/index.html,아니오
yangpyeong/서종면/shops/002/index.html,쥬쥬테라피,yangpyeong/서종면/shops/002/index.html,아니오
yangpyeong/서종면/shops/003/index.html,퀸즈테라피,yangpyeong/서종면/shops/003/index.html,아니오
yangpyeong/서종면/shops/004/index.html,한국미인테라피,yangpyeong/서종면/shops/004/index.html,아니오
yangpyeong/서종면/shops/005/index.html,한국인골든테라피,yangpyeong/서종면/shops/005/index.html,아니오
yangpyeong/양동면/shops/001/index.html,오늘밤테라피,yangpyeong/양동면/shops/001/index.html,아니오
yangpyeong/양동면/shops/002/index.html,쥬쥬테라피,yangpyeong/양동면/shops/002/index.html,아니오
yangpyeong/양동면/shops/003/index.html,퀸즈테라피,yangpyeong/양동면/shops/003/index.html,아니오
yangpyeong/양동면/shops/004/index.html,한국미인테라피,yangpyeong/양동면/shops/004/index.html,아니오
yangpyeong/양동면/shops/005/index.html,한국인골든테라피,yangpyeong/양동면/shops/005/index.html,아니오
yangpyeong/양서면/shops/001/index.html,오늘밤테라피,yangpyeong/양서면/shops/001/index.html,아니오
yangpyeong/양서면/shops/002/index.html,쥬쥬테라피,yangpyeong/양서면/shops/002/index.html,아니오
yangpyeong/양서면/shops/003/index.html,퀸즈테라피,yangpyeong/양서면/shops/003/index.html,아니오
yangpyeong/양서면/shops/004/index.html,한국미인테라피,yangpyeong/양서면/shops/004/index.html,아니오
yangpyeong/양서면/shops/005/index.html,한국인골든테라피,yangpyeong/양서면/shops/005/index.html,아니오
yangpyeong/양평읍/shops/001/index.html,오늘밤테라피,yangpyeong/양평읍/shops/001/index.html,아니오
yangpyeong/양평읍/shops/002/index.html,쥬쥬테라피,yangpyeong/양평읍/shops/002/index.html,아니오
yangpyeong/양평읍/shops/003/index.html,퀸즈테라피,yangpyeong/양평읍/shops/003/index.html,아니오
yangpyeong/양평읍/shops/004/index.html,한국미인테라피,yangpyeong/양평읍/shops/004/index.html,아니오
yangpyeong/양평읍/shops/005/index.html,한국인골든테라피,yangpyeong/양평읍/shops/005/index.html,아니오
yangpyeong/옥천면/shops/001/index.html,오늘밤테라피,yangpyeong/옥천면/shops/001/index.html,아니오
yangpyeong/옥천면/shops/002/index.html,쥬쥬테라피,yangpyeong/옥천면/shops/002/index.html,아니오
yangpyeong/옥천면/shops/003/index.html,퀸즈테라피,yangpyeong/옥천면/shops/003/index.html,아니오
yangpyeong/옥천면/shops/004/index.html,한국미인테라피,yangpyeong/옥천면/shops/004/index.html,아니오
yangpyeong/옥천면/shops/005/index.html,한국인골든테라피,yangpyeong/옥천면/shops/005/index.html,아니오
yangpyeong/용문면/shops/001/index.html,오늘밤테라피,yangpyeong/용문면/shops/001/index.html,아니오
yangpyeong/용문면/shops/002/index.html,쥬쥬테라피,yangpyeong/용문면/shops/002/index.html,아니오
yangpyeong/용문면/shops/003/index.html,퀸즈테라피,yangpyeong/용문면/shops/003/index.html,아니오
yangpyeong/용문면/shops/004/index.html,한국미인테라피,yangpyeong/용문면/shops/004/index.html,아니오
yangpyeong/용문면/shops/005/index.html,한국인골든테라피,yangpyeong/용문면/shops/005/index.html,아니오
yangpyeong/지평면/shops/001/index.html,오늘밤테라피,yangpyeong/지평면/shops/001/index.html,아니오
yangpyeong/지평면/shops/002/index.html,쥬쥬테라피,yangpyeong/지평면/shops/002/index.html,아니오
yangpyeong/지평면/shops/003/index.html,퀸즈테라피,yangpyeong/지평면/shops/003/index.html,아니오
yangpyeong/지평면/shops/004/index.html,한국미인테라피,yangpyeong/지평면/shops/004/index.html,아니오
yangpyeong/지평면/shops/005/index.html,한국인골든테라피,yangpyeong/지평면/shops/005/index.html,아니오
yangpyeong/청운면/shops/001/index.html,오늘밤테라피,yangpyeong/청운면/shops/001/index.html,아니오
yangpyeong/청운면/shops/002/index.html,쥬쥬테라피,yangpyeong/청운면/shops/002/index.html,아니오
yangpyeong/청운면/shops/003/index.html,퀸즈테라피,yangpyeong/청운면/shops/003/index.html,아니오
yangpyeong/청운면/shops/004/index.html,한국미인테라피,yangpyeong/청운면/shops/004/index.html,아니오
yangpyeong/청운면/shops/005/index.html,한국인골든테라피,yangpyeong/청운면/shops/005/index.html,아니오
yeoju/shops/001/index.html,쥬쥬테라피,yeoju/shops/001/index.html,아니오
yeoju/shops/002/index.html,한국인골든테라피,yeoju/shops/002/index.html,아니오
yeoju/shops/003/index.html,오늘밤테라피,yeoju/shops/003/index.html,아니오
yeoju/shops/004/index.html,퀸즈테라피,yeoju/shops/004/index.html,아니오
yeoju/shops/005/index.html,한국미인테라피,yeoju/shops/005/index.html,아니오
yeoju/가남읍/shops/001/index.html,오늘밤테라피,yeoju/가남읍/shops/001/index.html,아니오
yeoju/가남읍/shops/002/index.html,쥬쥬테라피,yeoju/가남읍/shops/002/index.html,아니오
yeoju/가남읍/shops/003/index.html,퀸즈테라피,yeoju/가남읍/shops/003/index.html,아니오
yeoju/가남읍/shops/004/index.html,한국미인테라피,yeoju/가남읍/shops/004/index.html,아니오
yeoju/가남읍/shops/005/index.html,한국인골든테라피,yeoju/가남읍/shops/005/index.html,아니오
yeoju/강천면/shops/001/index.html,오늘밤테라피,yeoju/강천면/shops/001/index.html,아니오
yeoju/강천면/shops/002/index.html,쥬쥬테라피,yeoju/강천면/shops/002/index.html,아니오
yeoju/강천면/shops/003/index.html,퀸즈테라피,yeoju/강천면/shops/003/index.html,아니오
yeoju/강천면/shops/004/index.html,한국미인테라피,yeoju/강천면/shops/004/index.html,아니오
yeoju/강천면/shops/005/index.html,한국인골든테라피,yeoju/강천면/shops/005/index.html,아니오
yeoju/금사면/shops/001/index.html,오늘밤테라피,yeoju/금사면/shops/001/index.html,아니오
yeoju/금사면/shops/002/index.html,쥬쥬테라피,yeoju/금사면/shops/002/index.html,아니오
yeoju/금사면/shops/003/index.html,퀸즈테라피,yeoju/금사면/shops/003/index.html,아니오
yeoju/금사면/shops/004/index.html,한국미인테라피,yeoju/금사면/shops/004/index.html,아니오
yeoju/금사면/shops/005/index.html,한국인골든테라피,yeoju/금사면/shops/005/index.html,아니오
yeoju/대신면/shops/001/index.html,오늘밤테라피,yeoju/대신면/shops/001/index.html,아니오
yeoju/대신면/shops/002/index.html,쥬쥬테라피,yeoju/대신면/shops/002/index.html,아니오
yeoju/대신면/shops/003/index.html,퀸즈테라피,yeoju/대신면/shops/003/index.html,아니오
yeoju/대신면/shops/004/index.html,한국미인테라피,yeoju/대신면/shops/004/index.html,아니오
yeoju/대신면/shops/005/index.html,한국인골든테라피,yeoju/대신면/shops/005/index.html,아니오
yeoju/북내면/shops/001/index.html,오늘밤테라피,yeoju/북내면/shops/001/index.html,아니오
yeoju/북내면/shops/002/index.html,쥬쥬테라피,yeoju/북내면/shops/002/index.html,아니오
yeoju/북내면/shops/003/index.html,퀸즈테라피,yeoju/북내면/shops/003/index.html,아니오
yeoju/북내면/shops/004/index.html,한국미인테라피,yeoju/북내면/shops/004/index.html,아니오
yeoju/북내면/shops/005/index.html,한국인골든테라피,yeoju/북내면/shops/005/index.html,아니오
yeoju/산북면/shops/001/index.html,오늘밤테라피,yeoju/산북면/shops/001/index.html,아니오
yeoju/산북면/shops/002/index.html,쥬쥬테라피,yeoju/산북면/shops/002/index.html,아니오
yeoju/산북면/shops/003/index.html,퀸즈테라피,yeoju/산북면/shops/003/index.html,아니오
yeoju/산북면/shops/004/index.html,한국미인테라피,yeoju/산북면/shops/004/index.html,아니오
yeoju/산북면/shops/005/index.html,한국인골든테라피,yeoju/산북면/shops/005/index.html,아니오
yeoju/세종대왕면/shops/001/index.html,오늘밤테라피,yeoju/세종대왕면/shops/001/index.html,아니오
yeoju/세종대왕면/shops/002/index.html,쥬쥬테라피,yeoju/세종대왕면/shops/002/index.html,아니오
yeoju/세종대왕면/shops/003/index.html,퀸즈테라피,yeoju/세종대왕면/shops/003/index.html,아니오
yeoju/세종대왕면/shops/004/index.html,한국미인테라피,yeoju/세종대왕면/shops/004/index.html,아니오
yeoju/세종대왕면/shops/005/index.html,한국인골든테라피,yeoju/세종대왕면/shops/005/index.html,아니오
yeoju/여흥동/shops/001/index.html,오늘밤테라피,yeoju/여흥동/shops/001/index.html,아니오
yeoju/여흥동/shops/002/index.html,쥬쥬테라피,yeoju/여흥동/shops/002/index.html,아니오
yeoju/여흥동/shops/003/index.html,퀸즈테라피,yeoju/여흥동/shops/003/index.html,아니오
yeoju/여흥동/shops/004/index.html,한국미인테라피,yeoju/여흥동/shops/004/index.html,아니오
yeoju/여흥동/shops/005/index.html,한국인골든테라피,yeoju/여흥동/shops/005/index.html,아니오
yeoju/오학동/shops/001/index.html,오늘밤테라피,yeoju/오학동/shops/001/index.html,아니오
yeoju/오학동/shops/002/index.html,쥬쥬테라피,yeoju/오학동/shops/002/index.html,아니오
yeoju/오학동/shops/003/index.html,퀸즈테라피,yeoju/오학동/shops/003/index.html,아니오
yeoju/오학동/shops/004/index.html,한국미인테라피,yeoju/오학동/shops/004/index.html,아니오
yeoju/오학동/shops/005/index.html,한국인골든테라피,yeoju/오학동/shops/005/index.html,아니오
yeoju/점동면/shops/001/index.html,오늘밤테라피,yeoju/점동면/shops/001/index.html,아니오
yeoju/점동면/shops/002/index.html,쥬쥬테라피,yeoju/점동면/shops/002/index.html,아니오
yeoju/점동면/shops/003/index.html,퀸즈테라피,yeoju/점동면/shops/003/index.html,아니오
yeoju/점동면/shops/004/index.html,한국미인테라피,yeoju/점동면/shops/004/index.html,아니오
yeoju/점동면/shops/005/index.html,한국인골든테라피,yeoju/점동면/shops/005/index.html,아니오
yeoju/중앙동/shops/001/index.html,오늘밤테라피,yeoju/중앙동/shops/001/index.html,아니오
yeoju/중앙동/shops/002/index.html,쥬쥬테라피,yeoju/중앙동/shops/002/index.html,아니오
yeoju/중앙동/shops/003/index.html,퀸즈테라피,yeoju/중앙동/shops/003/index.html,아니오
yeoju/중앙동/shops/004/index.html,한국미인테라피,yeoju/중앙동/shops/004/index.html,아니오
yeoju/중앙동/shops/005/index.html,한국인골든테라피,yeoju/중앙동/shops/005/index.html,아니오
yeoju/흥천면/shops/001/index.html,오늘밤테라피,yeoju/흥천면/shops/001/index.html,아니오
yeoju/흥천면/shops/002/index.html,쥬쥬테라피,yeoju/흥천면/shops/002/index.html,아니오
yeoju/흥천면/shops/003/index.html,퀸즈테라피,yeoju/흥천면/shops/003/index.html,아니오
yeoju/흥천면/shops/004/index.html,한국미인테라피,yeoju/흥천면/shops/004/index.html,아니오
yeoju/흥천면/shops/005/index.html,한국인골든테라피,yeoju/흥천면/shops/005/index.html,아니오
yeoncheon/shops/001/index.html,쥬쥬테라피,yeoncheon/shops/001/index.html,아니오
yeoncheon/shops/002/index.html,한국인골든테라피,yeoncheon/shops/002/index.html,아니오
yeoncheon/shops/003/index.html,오늘밤테라피,yeoncheon/shops/003/index.html,아니오
yeoncheon/shops/004/index.html,퀸즈테라피,yeoncheon/shops/004/index.html,아니오
yeoncheon/shops/005/index.html,한국미인테라피,yeoncheon/shops/005/index.html,아니오
yeoncheon/군남면/shops/001/index.html,오늘밤테라피,yeoncheon/군남면/shops/001/index.html,아니오
yeoncheon/군남면/shops/002/index.html,쥬쥬테라피,yeoncheon/군남면/shops/002/index.html,아니오
yeoncheon/군남면/shops/003/index.html,퀸즈테라피,yeoncheon/군남면/shops/003/index.html,아니오
yeoncheon/군남면/shops/004/index.html,한국미인테라피,yeoncheon/군남면/shops/004/index.html,아니오
yeoncheon/군남면/shops/005/index.html,한국인골든테라피,yeoncheon/군남면/shops/005/index.html,아니오
yeoncheon/미산면/shops/001/index.html,오늘밤테라피,yeoncheon/미산면/shops/001/index.html,아니오
yeoncheon/미산면/shops/002/index.html,쥬쥬테라피,yeoncheon/미산면/shops/002/index.html,아니오
yeoncheon/미산면/shops/003/index.html,퀸즈테라피,yeoncheon/미산면/shops/003/index.html,아니오
yeoncheon/미산면/shops/004/index.html,한국미인테라피,yeoncheon/미산면/shops/004/index.html,아니오
yeoncheon/미산면/shops/005/index.html,한국인골든테라피,yeoncheon/미산면/shops/005/index.html,아니오
yeoncheon/백학면/shops/001/index.html,오늘밤테라피,yeoncheon/백학면/shops/001/index.html,아니오
yeoncheon/백학면/shops/002/index.html,쥬쥬테라피,yeoncheon/백학면/shops/002/index.html,아니오
yeoncheon/백학면/shops/003/index.html,퀸즈테라피,yeoncheon/백학면/shops/003/index.html,아니오
yeoncheon/백학면/shops/004/index.html,한국미인테라피,yeoncheon/백학면/shops/004/index.html,아니오
yeoncheon/백학면/shops/005/index.html,한국인골든테라피,yeoncheon/백학면/shops/005/index.html,아니오
yeoncheon/신서면/shops/001/index.html,오늘밤테라피,yeoncheon/신서면/shops/001/index.html,아니오
yeoncheon/신서면/shops/002/index.html,쥬쥬테라피,yeoncheon/신서면/shops/002/index.html,아니오
yeoncheon/신서면/shops/003/index.html,퀸즈테라피,yeoncheon/신서면/shops/003/index.html,아니오
yeoncheon/신서면/shops/004/index.html,한국미인테라피,yeoncheon/신서면/shops/004/index.html,아니오
yeoncheon/신서면/shops/005/index.html,한국인골든테라피,yeoncheon/신서면/shops/005/index.html,아니오
yeoncheon/연천읍/shops/001/index.html,오늘밤테라피,yeoncheon/연천읍/shops/001/index.html,아니오
yeoncheon/연천읍/shops/002/index.html,쥬쥬테라피,yeoncheon/연천읍/shops/002/index.html,아니오
yeoncheon/연천읍/shops/003/index.html,퀸즈테라피,yeoncheon/연천읍/shops/003/index.html,아니오
yeoncheon/연천읍/shops/004/index.html,한국미인테라피,yeoncheon/연천읍/shops/004/index.html,아니오
yeoncheon/연천읍/shops/005/index.html,한국인골든테라피,yeoncheon/연천읍/shops/005/index.html,아니오
yeoncheon/왕징면/shops/001/index.html,오늘밤테라피,yeoncheon/왕징면/shops/001/index.html,아니오
yeoncheon/왕징면/shops/002/index.html,쥬쥬테라피,yeoncheon/왕징면/shops/002/index.html,아니오
yeoncheon/왕징면/shops/003/index.html,퀸즈테라피,yeoncheon/왕징면/shops/003/index.html,아니오
yeoncheon/왕징면/shops/004/index.html,한국미인테라피,yeoncheon/왕징면/shops/004/index.html,아니오
yeoncheon/왕징면/shops/005/index.html,한국인골든테라피,yeoncheon/왕징면/shops/005/index.html,아니오
yeoncheon/장남면/shops/001/index.html,오늘밤테라피,yeoncheon/장남면/shops/001/index.html,아니오
yeoncheon/장남면/shops/002/index.html,쥬쥬테라피,yeoncheon/장남면/shops/002/index.html,아니오
yeoncheon/장남면/shops/003/index.html,퀸즈테라피,yeoncheon/장남면/shops/003/index.html,아니오
yeoncheon/장남면/shops/004/index.html,한국미인테라피,yeoncheon/장남면/shops/004/index.html,아니오
yeoncheon/장남면/shops/005/index.html,한국인골든테라피,yeoncheon/장남면/shops/005/index.html,아니오
yeoncheon/전곡읍/shops/001/index.html,오늘밤테라피,yeoncheon/전곡읍/shops/001/index.html,아니오
yeoncheon/전곡읍/shops/002/index.html,쥬쥬테라피,yeoncheon/전곡읍/shops/002/index.html,아니오
yeoncheon/전곡읍/shops/003/index.html,퀸즈테라피,yeoncheon/전곡읍/shops/003/index.html,아니오
yeoncheon/전곡읍/shops/004/index.html,한국미인테라피,yeoncheon/전곡읍/shops/004/index.html,아니오
yeoncheon/전곡읍/shops/005/index.html,한국인골든테라피,yeoncheon/전곡읍/shops/005/index.html,아니오
yeoncheon/중면/shops/001/index.html,오늘밤테라피,yeoncheon/중면/shops/001/index.html,아니오
yeoncheon/중면/shops/002/index.html,쥬쥬테라피,yeoncheon/중면/shops/002/index.html,아니오
yeoncheon/중면/shops/003/index.html,퀸즈테라피,yeoncheon/중면/shops/003/index.html,아니오
yeoncheon/중면/shops/004/index.html,한국미인테라피,yeoncheon/중면/shops/004/index.html,아니오
yeoncheon/중면/shops/005/index.html,한국인골든테라피,yeoncheon/중면/shops/005/index.html,아니오
yeoncheon/청산면/shops/001/index.html,오늘밤테라피,yeoncheon/청산면/shops/001/index.html,아니오
yeoncheon/청산면/shops/002/index.html,쥬쥬테라피,yeoncheon/청산면/shops/002/index.html,아니오
yeoncheon/청산면/shops/003/index.html,퀸즈테라피,yeoncheon/청산면/shops/003/index.html,아니오
yeoncheon/청산면/shops/004/index.html,한국미인테라피,yeoncheon/청산면/shops/004/index.html,아니오
yeoncheon/청산면/shops/005/index.html,한국인골든테라피,yeoncheon/청산면/shops/005/index.html,아니오
yeongdeungpo-gu/shops/001/index.html,쥬쥬테라피,yeongdeungpo-gu/shops/001/index.html,아니오
yeongdeungpo-gu/shops/002/index.html,한국인골든테라피,yeongdeungpo-gu/shops/002/index.html,아니오
yeongdeungpo-gu/shops/003/index.html,오늘밤테라피,yeongdeungpo-gu/shops/003/index.html,아니오
yeongdeungpo-gu/shops/004/index.html,퀸즈테라피,yeongdeungpo-gu/shops/004/index.html,아니오
yeongdeungpo-gu/shops/005/index.html,한국미인테라피,yeongdeungpo-gu/shops/005/index.html,아니오
yeongdeungpo-gu/당산동/shops/001/index.html,오늘밤테라피,yeongdeungpo-gu/당산동/shops/001/index.html,아니오
yeongdeungpo-gu/당산동/shops/002/index.html,쥬쥬테라피,yeongdeungpo-gu/당산동/shops/002/index.html,아니오
yeongdeungpo-gu/당산동/shops/003/index.html,퀸즈테라피,yeongdeungpo-gu/당산동/shops/003/index.html,아니오
yeongdeungpo-gu/당산동/shops/004/index.html,한국미인테라피,yeongdeungpo-gu/당산동/shops/004/index.html,아니오
yeongdeungpo-gu/당산동/shops/005/index.html,한국인골든테라피,yeongdeungpo-gu/당산동/shops/005/index.html,아니오
yeongdeungpo-gu/대림동/shops/001/index.html,오늘밤테라피,yeongdeungpo-gu/대림동/shops/001/index.html,아니오
yeongdeungpo-gu/대림동/shops/002/index.html,쥬쥬테라피,yeongdeungpo-gu/대림동/shops/002/index.html,아니오
yeongdeungpo-gu/대림동/shops/003/index.html,퀸즈테라피,yeongdeungpo-gu/대림동/shops/003/index.html,아니오
yeongdeungpo-gu/대림동/shops/004/index.html,한국미인테라피,yeongdeungpo-gu/대림동/shops/004/index.html,아니오
yeongdeungpo-gu/대림동/shops/005/index.html,한국인골든테라피,yeongdeungpo-gu/대림동/shops/005/index.html,아니오
yeongdeungpo-gu/도림동/shops/001/index.html,오늘밤테라피,yeongdeungpo-gu/도림동/shops/001/index.html,아니오
yeongdeungpo-gu/도림동/shops/002/index.html,쥬쥬테라피,yeongdeungpo-gu/도림동/shops/002/index.html,아니오
yeongdeungpo-gu/도림동/shops/003/index.html,퀸즈테라피,yeongdeungpo-gu/도림동/shops/003/index.html,아니오
yeongdeungpo-gu/도림동/shops/004/index.html,한국미인테라피,yeongdeungpo-gu/도림동/shops/004/index.html,아니오
yeongdeungpo-gu/도림동/shops/005/index.html,한국인골든테라피,yeongdeungpo-gu/도림동/shops/005/index.html,아니오
yeongdeungpo-gu/문래동/shops/001/index.html,오늘밤테라피,yeongdeungpo-gu/문래동/shops/001/index.html,아니오
yeongdeungpo-gu/문래동/shops/002/index.html,쥬쥬테라피,yeongdeungpo-gu/문래동/shops/002/index.html,아니오
yeongdeungpo-gu/문래동/shops/003/index.html,퀸즈테라피,yeongdeungpo-gu/문래동/shops/003/index.html,아니오
yeongdeungpo-gu/문래동/shops/004/index.html,한국미인테라피,yeongdeungpo-gu/문래동/shops/004/index.html,아니오
yeongdeungpo-gu/문래동/shops/005/index.html,한국인골든테라피,yeongdeungpo-gu/문래동/shops/005/index.html,아니오
yeongdeungpo-gu/신길동/shops/001/index.html,오늘밤테라피,yeongdeungpo-gu/신길동/shops/001/index.html,아니오
yeongdeungpo-gu/신길동/shops/002/index.html,쥬쥬테라피,yeongdeungpo-gu/신길동/shops/002/index.html,아니오
yeongdeungpo-gu/신길동/shops/003/index.html,퀸즈테라피,yeongdeungpo-gu/신길동/shops/003/index.html,아니오
yeongdeungpo-gu/신길동/shops/004/index.html,한국미인테라피,yeongdeungpo-gu/신길동/shops/004/index.html,아니오
yeongdeungpo-gu/신길동/shops/005/index.html,한국인골든테라피,yeongdeungpo-gu/신길동/shops/005/index.html,아니오
yeongdeungpo-gu/양평동/shops/001/index.html,오늘밤테라피,yeongdeungpo-gu/양평동/shops/001/index.html,아니오
yeongdeungpo-gu/양평동/shops/002/index.html,쥬쥬테라피,yeongdeungpo-gu/양평동/shops/002/index.html,아니오
yeongdeungpo-gu/양평동/shops/003/index.html,퀸즈테라피,yeongdeungpo-gu/양평동/shops/003/index.html,아니오
yeongdeungpo-gu/양평동/shops/004/index.html,한국미인테라피,yeongdeungpo-gu/양평동/shops/004/index.html,아니오
yeongdeungpo-gu/양평동/shops/005/index.html,한국인골든테라피,yeongdeungpo-gu/양평동/shops/005/index.html,아니오
yeongdeungpo-gu/여의동/shops/001/index.html,오늘밤테라피,yeongdeungpo-gu/여의동/shops/001/index.html,아니오
yeongdeungpo-gu/여의동/shops/002/index.html,쥬쥬테라피,yeongdeungpo-gu/여의동/shops/002/index.html,아니오
yeongdeungpo-gu/여의동/shops/003/index.html,퀸즈테라피,yeongdeungpo-gu/여의동/shops/003/index.html,아니오
yeongdeungpo-gu/여의동/shops/004/index.html,한국미인테라피,yeongdeungpo-gu/여의동/shops/004/index.html,아니오
yeongdeungpo-gu/여의동/shops/005/index.html,한국인골든테라피,yeongdeungpo-gu/여의동/shops/005/index.html,아니오
yeongdeungpo-gu/영등포동/shops/001/index.html,오늘밤테라피,yeongdeungpo-gu/영등포동/shops/001/index.html,아니오
yeongdeungpo-gu/영등포동/shops/002/index.html,쥬쥬테라피,yeongdeungpo-gu/영등포동/shops/002/index.html,아니오
yeongdeungpo-gu/영등포동/shops/003/index.html,퀸즈테라피,yeongdeungpo-gu/영등포동/shops/003/index.html,아니오
yeongdeungpo-gu/영등포동/shops/004/index.html,한국미인테라피,yeongdeungpo-gu/영등포동/shops/004/index.html,아니오
yeongdeungpo-gu/영등포동/shops/005/index.html,한국인골든테라피,yeongdeungpo-gu/영등포동/shops/005/index.html,아니오
yeongdeungpo-gu/영등포본동/shops/001/index.html,오늘밤테라피,yeongdeungpo-gu/영등포본동/shops/001/index.html,아니오
yeongdeungpo-gu/영등포본동/shops/002/index.html,쥬쥬테라피,yeongdeungpo-gu/영등포본동/shops/002/index.html,아니오
yeongdeungpo-gu/영등포본동/shops/003/index.html,퀸즈테라피,yeongdeungpo-gu/영등포본동/shops/003/index.html,아니오
yeongdeungpo-gu/영등포본동/shops/004/index.html,한국미인테라피,yeongdeungpo-gu/영등포본동/shops/004/index.html,아니오
yeongdeungpo-gu/영등포본동/shops/005/index.html,한국인골든테라피,yeongdeungpo-gu/영등포본동/shops/005/index.html,아니오
yeongjong-gu/shops/001/index.html,쥬쥬테라피,yeongjong-gu/shops/001/index.html,아니오
yeongjong-gu/shops/002/index.html,한국인골든테라피,yeongjong-gu/shops/002/index.html,아니오
yeongjong-gu/shops/003/index.html,오늘밤테라피,yeongjong-gu/shops/003/index.html,아니오
yeongjong-gu/shops/004/index.html,퀸즈테라피,yeongjong-gu/shops/004/index.html,아니오
yeongjong-gu/shops/005/index.html,한국미인테라피,yeongjong-gu/shops/005/index.html,아니오
yeongjong-gu/영종동/shops/001/index.html,오늘밤테라피,yeongjong-gu/영종동/shops/001/index.html,아니오
yeongjong-gu/영종동/shops/002/index.html,쥬쥬테라피,yeongjong-gu/영종동/shops/002/index.html,아니오
yeongjong-gu/영종동/shops/003/index.html,퀸즈테라피,yeongjong-gu/영종동/shops/003/index.html,아니오
yeongjong-gu/영종동/shops/004/index.html,한국미인테라피,yeongjong-gu/영종동/shops/004/index.html,아니오
yeongjong-gu/영종동/shops/005/index.html,한국인골든테라피,yeongjong-gu/영종동/shops/005/index.html,아니오
yeongjong-gu/용유동/shops/001/index.html,오늘밤테라피,yeongjong-gu/용유동/shops/001/index.html,아니오
yeongjong-gu/용유동/shops/002/index.html,쥬쥬테라피,yeongjong-gu/용유동/shops/002/index.html,아니오
yeongjong-gu/용유동/shops/003/index.html,퀸즈테라피,yeongjong-gu/용유동/shops/003/index.html,아니오
yeongjong-gu/용유동/shops/004/index.html,한국미인테라피,yeongjong-gu/용유동/shops/004/index.html,아니오
yeongjong-gu/용유동/shops/005/index.html,한국인골든테라피,yeongjong-gu/용유동/shops/005/index.html,아니오
yeongjong-gu/운서동/shops/001/index.html,오늘밤테라피,yeongjong-gu/운서동/shops/001/index.html,아니오
yeongjong-gu/운서동/shops/002/index.html,쥬쥬테라피,yeongjong-gu/운서동/shops/002/index.html,아니오
yeongjong-gu/운서동/shops/003/index.html,퀸즈테라피,yeongjong-gu/운서동/shops/003/index.html,아니오
yeongjong-gu/운서동/shops/004/index.html,한국미인테라피,yeongjong-gu/운서동/shops/004/index.html,아니오
yeongjong-gu/운서동/shops/005/index.html,한국인골든테라피,yeongjong-gu/운서동/shops/005/index.html,아니오
yeonsu-gu/shops/001/index.html,쥬쥬테라피,yeonsu-gu/shops/001/index.html,아니오
yeonsu-gu/shops/002/index.html,한국인골든테라피,yeonsu-gu/shops/002/index.html,아니오
yeonsu-gu/shops/003/index.html,오늘밤테라피,yeonsu-gu/shops/003/index.html,아니오
yeonsu-gu/shops/004/index.html,퀸즈테라피,yeonsu-gu/shops/004/index.html,아니오
yeonsu-gu/shops/005/index.html,한국미인테라피,yeonsu-gu/shops/005/index.html,아니오
yeonsu-gu/동춘동/shops/001/index.html,오늘밤테라피,yeonsu-gu/동춘동/shops/001/index.html,아니오
yeonsu-gu/동춘동/shops/002/index.html,쥬쥬테라피,yeonsu-gu/동춘동/shops/002/index.html,아니오
yeonsu-gu/동춘동/shops/003/index.html,퀸즈테라피,yeonsu-gu/동춘동/shops/003/index.html,아니오
yeonsu-gu/동춘동/shops/004/index.html,한국미인테라피,yeonsu-gu/동춘동/shops/004/index.html,아니오
yeonsu-gu/동춘동/shops/005/index.html,한국인골든테라피,yeonsu-gu/동춘동/shops/005/index.html,아니오
yeonsu-gu/선학동/shops/001/index.html,오늘밤테라피,yeonsu-gu/선학동/shops/001/index.html,아니오
yeonsu-gu/선학동/shops/002/index.html,쥬쥬테라피,yeonsu-gu/선학동/shops/002/index.html,아니오
yeonsu-gu/선학동/shops/003/index.html,퀸즈테라피,yeonsu-gu/선학동/shops/003/index.html,아니오
yeonsu-gu/선학동/shops/004/index.html,한국미인테라피,yeonsu-gu/선학동/shops/004/index.html,아니오
yeonsu-gu/선학동/shops/005/index.html,한국인골든테라피,yeonsu-gu/선학동/shops/005/index.html,아니오
yeonsu-gu/송도동/shops/001/index.html,오늘밤테라피,yeonsu-gu/송도동/shops/001/index.html,아니오
yeonsu-gu/송도동/shops/002/index.html,쥬쥬테라피,yeonsu-gu/송도동/shops/002/index.html,아니오
yeonsu-gu/송도동/shops/003/index.html,퀸즈테라피,yeonsu-gu/송도동/shops/003/index.html,아니오
yeonsu-gu/송도동/shops/004/index.html,한국미인테라피,yeonsu-gu/송도동/shops/004/index.html,아니오
yeonsu-gu/송도동/shops/005/index.html,한국인골든테라피,yeonsu-gu/송도동/shops/005/index.html,아니오
yeonsu-gu/연수동/shops/001/index.html,오늘밤테라피,yeonsu-gu/연수동/shops/001/index.html,아니오
yeonsu-gu/연수동/shops/002/index.html,쥬쥬테라피,yeonsu-gu/연수동/shops/002/index.html,아니오
yeonsu-gu/연수동/shops/003/index.html,퀸즈테라피,yeonsu-gu/연수동/shops/003/index.html,아니오
yeonsu-gu/연수동/shops/004/index.html,한국미인테라피,yeonsu-gu/연수동/shops/004/index.html,아니오
yeonsu-gu/연수동/shops/005/index.html,한국인골든테라피,yeonsu-gu/연수동/shops/005/index.html,아니오
yeonsu-gu/옥련동/shops/001/index.html,오늘밤테라피,yeonsu-gu/옥련동/shops/001/index.html,아니오
yeonsu-gu/옥련동/shops/002/index.html,쥬쥬테라피,yeonsu-gu/옥련동/shops/002/index.html,아니오
yeonsu-gu/옥련동/shops/003/index.html,퀸즈테라피,yeonsu-gu/옥련동/shops/003/index.html,아니오
yeonsu-gu/옥련동/shops/004/index.html,한국미인테라피,yeonsu-gu/옥련동/shops/004/index.html,아니오
yeonsu-gu/옥련동/shops/005/index.html,한국인골든테라피,yeonsu-gu/옥련동/shops/005/index.html,아니오
yeonsu-gu/청학동/shops/001/index.html,오늘밤테라피,yeonsu-gu/청학동/shops/001/index.html,아니오
yeonsu-gu/청학동/shops/002/index.html,쥬쥬테라피,yeonsu-gu/청학동/shops/002/index.html,아니오
yeonsu-gu/청학동/shops/003/index.html,퀸즈테라피,yeonsu-gu/청학동/shops/003/index.html,아니오
yeonsu-gu/청학동/shops/004/index.html,한국미인테라피,yeonsu-gu/청학동/shops/004/index.html,아니오
yeonsu-gu/청학동/shops/005/index.html,한국인골든테라피,yeonsu-gu/청학동/shops/005/index.html,아니오
yongin/cheoin-gu/shops/001/index.html,쥬쥬테라피,yongin/cheoin-gu/shops/001/index.html,아니오
yongin/cheoin-gu/shops/002/index.html,한국인골든테라피,yongin/cheoin-gu/shops/002/index.html,아니오
yongin/cheoin-gu/shops/003/index.html,오늘밤테라피,yongin/cheoin-gu/shops/003/index.html,아니오
yongin/cheoin-gu/shops/004/index.html,퀸즈테라피,yongin/cheoin-gu/shops/004/index.html,아니오
yongin/cheoin-gu/shops/005/index.html,한국미인테라피,yongin/cheoin-gu/shops/005/index.html,아니오
yongin/cheoin-gu/남사읍/shops/001/index.html,오늘밤테라피,yongin/cheoin-gu/남사읍/shops/001/index.html,아니오
yongin/cheoin-gu/남사읍/shops/002/index.html,쥬쥬테라피,yongin/cheoin-gu/남사읍/shops/002/index.html,아니오
yongin/cheoin-gu/남사읍/shops/003/index.html,퀸즈테라피,yongin/cheoin-gu/남사읍/shops/003/index.html,아니오
yongin/cheoin-gu/남사읍/shops/004/index.html,한국미인테라피,yongin/cheoin-gu/남사읍/shops/004/index.html,아니오
yongin/cheoin-gu/남사읍/shops/005/index.html,한국인골든테라피,yongin/cheoin-gu/남사읍/shops/005/index.html,아니오
yongin/cheoin-gu/동부동/shops/001/index.html,오늘밤테라피,yongin/cheoin-gu/동부동/shops/001/index.html,아니오
yongin/cheoin-gu/동부동/shops/002/index.html,쥬쥬테라피,yongin/cheoin-gu/동부동/shops/002/index.html,아니오
yongin/cheoin-gu/동부동/shops/003/index.html,퀸즈테라피,yongin/cheoin-gu/동부동/shops/003/index.html,아니오
yongin/cheoin-gu/동부동/shops/004/index.html,한국미인테라피,yongin/cheoin-gu/동부동/shops/004/index.html,아니오
yongin/cheoin-gu/동부동/shops/005/index.html,한국인골든테라피,yongin/cheoin-gu/동부동/shops/005/index.html,아니오
yongin/cheoin-gu/모현읍/shops/001/index.html,오늘밤테라피,yongin/cheoin-gu/모현읍/shops/001/index.html,아니오
yongin/cheoin-gu/모현읍/shops/002/index.html,쥬쥬테라피,yongin/cheoin-gu/모현읍/shops/002/index.html,아니오
yongin/cheoin-gu/모현읍/shops/003/index.html,퀸즈테라피,yongin/cheoin-gu/모현읍/shops/003/index.html,아니오
yongin/cheoin-gu/모현읍/shops/004/index.html,한국미인테라피,yongin/cheoin-gu/모현읍/shops/004/index.html,아니오
yongin/cheoin-gu/모현읍/shops/005/index.html,한국인골든테라피,yongin/cheoin-gu/모현읍/shops/005/index.html,아니오
yongin/cheoin-gu/백암면/shops/001/index.html,오늘밤테라피,yongin/cheoin-gu/백암면/shops/001/index.html,아니오
yongin/cheoin-gu/백암면/shops/002/index.html,쥬쥬테라피,yongin/cheoin-gu/백암면/shops/002/index.html,아니오
yongin/cheoin-gu/백암면/shops/003/index.html,퀸즈테라피,yongin/cheoin-gu/백암면/shops/003/index.html,아니오
yongin/cheoin-gu/백암면/shops/004/index.html,한국미인테라피,yongin/cheoin-gu/백암면/shops/004/index.html,아니오
yongin/cheoin-gu/백암면/shops/005/index.html,한국인골든테라피,yongin/cheoin-gu/백암면/shops/005/index.html,아니오
yongin/cheoin-gu/삼가동/shops/001/index.html,오늘밤테라피,yongin/cheoin-gu/삼가동/shops/001/index.html,아니오
yongin/cheoin-gu/삼가동/shops/002/index.html,쥬쥬테라피,yongin/cheoin-gu/삼가동/shops/002/index.html,아니오
yongin/cheoin-gu/삼가동/shops/003/index.html,퀸즈테라피,yongin/cheoin-gu/삼가동/shops/003/index.html,아니오
yongin/cheoin-gu/삼가동/shops/004/index.html,한국미인테라피,yongin/cheoin-gu/삼가동/shops/004/index.html,아니오
yongin/cheoin-gu/삼가동/shops/005/index.html,한국인골든테라피,yongin/cheoin-gu/삼가동/shops/005/index.html,아니오
yongin/cheoin-gu/양지읍/shops/001/index.html,오늘밤테라피,yongin/cheoin-gu/양지읍/shops/001/index.html,아니오
yongin/cheoin-gu/양지읍/shops/002/index.html,쥬쥬테라피,yongin/cheoin-gu/양지읍/shops/002/index.html,아니오
yongin/cheoin-gu/양지읍/shops/003/index.html,퀸즈테라피,yongin/cheoin-gu/양지읍/shops/003/index.html,아니오
yongin/cheoin-gu/양지읍/shops/004/index.html,한국미인테라피,yongin/cheoin-gu/양지읍/shops/004/index.html,아니오
yongin/cheoin-gu/양지읍/shops/005/index.html,한국인골든테라피,yongin/cheoin-gu/양지읍/shops/005/index.html,아니오
yongin/cheoin-gu/역북동/shops/001/index.html,오늘밤테라피,yongin/cheoin-gu/역북동/shops/001/index.html,아니오
yongin/cheoin-gu/역북동/shops/002/index.html,쥬쥬테라피,yongin/cheoin-gu/역북동/shops/002/index.html,아니오
yongin/cheoin-gu/역북동/shops/003/index.html,퀸즈테라피,yongin/cheoin-gu/역북동/shops/003/index.html,아니오
yongin/cheoin-gu/역북동/shops/004/index.html,한국미인테라피,yongin/cheoin-gu/역북동/shops/004/index.html,아니오
yongin/cheoin-gu/역북동/shops/005/index.html,한국인골든테라피,yongin/cheoin-gu/역북동/shops/005/index.html,아니오
yongin/cheoin-gu/원삼면/shops/001/index.html,오늘밤테라피,yongin/cheoin-gu/원삼면/shops/001/index.html,아니오
yongin/cheoin-gu/원삼면/shops/002/index.html,쥬쥬테라피,yongin/cheoin-gu/원삼면/shops/002/index.html,아니오
yongin/cheoin-gu/원삼면/shops/003/index.html,퀸즈테라피,yongin/cheoin-gu/원삼면/shops/003/index.html,아니오
yongin/cheoin-gu/원삼면/shops/004/index.html,한국미인테라피,yongin/cheoin-gu/원삼면/shops/004/index.html,아니오
yongin/cheoin-gu/원삼면/shops/005/index.html,한국인골든테라피,yongin/cheoin-gu/원삼면/shops/005/index.html,아니오
yongin/cheoin-gu/유림동/shops/001/index.html,오늘밤테라피,yongin/cheoin-gu/유림동/shops/001/index.html,아니오
yongin/cheoin-gu/유림동/shops/002/index.html,쥬쥬테라피,yongin/cheoin-gu/유림동/shops/002/index.html,아니오
yongin/cheoin-gu/유림동/shops/003/index.html,퀸즈테라피,yongin/cheoin-gu/유림동/shops/003/index.html,아니오
yongin/cheoin-gu/유림동/shops/004/index.html,한국미인테라피,yongin/cheoin-gu/유림동/shops/004/index.html,아니오
yongin/cheoin-gu/유림동/shops/005/index.html,한국인골든테라피,yongin/cheoin-gu/유림동/shops/005/index.html,아니오
yongin/cheoin-gu/이동읍/shops/001/index.html,오늘밤테라피,yongin/cheoin-gu/이동읍/shops/001/index.html,아니오
yongin/cheoin-gu/이동읍/shops/002/index.html,쥬쥬테라피,yongin/cheoin-gu/이동읍/shops/002/index.html,아니오
yongin/cheoin-gu/이동읍/shops/003/index.html,퀸즈테라피,yongin/cheoin-gu/이동읍/shops/003/index.html,아니오
yongin/cheoin-gu/이동읍/shops/004/index.html,한국미인테라피,yongin/cheoin-gu/이동읍/shops/004/index.html,아니오
yongin/cheoin-gu/이동읍/shops/005/index.html,한국인골든테라피,yongin/cheoin-gu/이동읍/shops/005/index.html,아니오
yongin/cheoin-gu/중앙동/shops/001/index.html,오늘밤테라피,yongin/cheoin-gu/중앙동/shops/001/index.html,아니오
yongin/cheoin-gu/중앙동/shops/002/index.html,쥬쥬테라피,yongin/cheoin-gu/중앙동/shops/002/index.html,아니오
yongin/cheoin-gu/중앙동/shops/003/index.html,퀸즈테라피,yongin/cheoin-gu/중앙동/shops/003/index.html,아니오
yongin/cheoin-gu/중앙동/shops/004/index.html,한국미인테라피,yongin/cheoin-gu/중앙동/shops/004/index.html,아니오
yongin/cheoin-gu/중앙동/shops/005/index.html,한국인골든테라피,yongin/cheoin-gu/중앙동/shops/005/index.html,아니오
yongin/cheoin-gu/포곡읍/shops/001/index.html,오늘밤테라피,yongin/cheoin-gu/포곡읍/shops/001/index.html,아니오
yongin/cheoin-gu/포곡읍/shops/002/index.html,쥬쥬테라피,yongin/cheoin-gu/포곡읍/shops/002/index.html,아니오
yongin/cheoin-gu/포곡읍/shops/003/index.html,퀸즈테라피,yongin/cheoin-gu/포곡읍/shops/003/index.html,아니오
yongin/cheoin-gu/포곡읍/shops/004/index.html,한국미인테라피,yongin/cheoin-gu/포곡읍/shops/004/index.html,아니오
yongin/cheoin-gu/포곡읍/shops/005/index.html,한국인골든테라피,yongin/cheoin-gu/포곡읍/shops/005/index.html,아니오
yongin/giheung-gu/shops/001/index.html,쥬쥬테라피,yongin/giheung-gu/shops/001/index.html,아니오
yongin/giheung-gu/shops/002/index.html,한국인골든테라피,yongin/giheung-gu/shops/002/index.html,아니오
yongin/giheung-gu/shops/003/index.html,오늘밤테라피,yongin/giheung-gu/shops/003/index.html,아니오
yongin/giheung-gu/shops/004/index.html,퀸즈테라피,yongin/giheung-gu/shops/004/index.html,아니오
yongin/giheung-gu/shops/005/index.html,한국미인테라피,yongin/giheung-gu/shops/005/index.html,아니오
yongin/giheung-gu/구갈동/shops/001/index.html,오늘밤테라피,yongin/giheung-gu/구갈동/shops/001/index.html,아니오
yongin/giheung-gu/구갈동/shops/002/index.html,쥬쥬테라피,yongin/giheung-gu/구갈동/shops/002/index.html,아니오
yongin/giheung-gu/구갈동/shops/003/index.html,퀸즈테라피,yongin/giheung-gu/구갈동/shops/003/index.html,아니오
yongin/giheung-gu/구갈동/shops/004/index.html,한국미인테라피,yongin/giheung-gu/구갈동/shops/004/index.html,아니오
yongin/giheung-gu/구갈동/shops/005/index.html,한국인골든테라피,yongin/giheung-gu/구갈동/shops/005/index.html,아니오
yongin/giheung-gu/구성동/shops/001/index.html,오늘밤테라피,yongin/giheung-gu/구성동/shops/001/index.html,아니오
yongin/giheung-gu/구성동/shops/002/index.html,쥬쥬테라피,yongin/giheung-gu/구성동/shops/002/index.html,아니오
yongin/giheung-gu/구성동/shops/003/index.html,퀸즈테라피,yongin/giheung-gu/구성동/shops/003/index.html,아니오
yongin/giheung-gu/구성동/shops/004/index.html,한국미인테라피,yongin/giheung-gu/구성동/shops/004/index.html,아니오
yongin/giheung-gu/구성동/shops/005/index.html,한국인골든테라피,yongin/giheung-gu/구성동/shops/005/index.html,아니오
yongin/giheung-gu/기흥동/shops/001/index.html,오늘밤테라피,yongin/giheung-gu/기흥동/shops/001/index.html,아니오
yongin/giheung-gu/기흥동/shops/002/index.html,쥬쥬테라피,yongin/giheung-gu/기흥동/shops/002/index.html,아니오
yongin/giheung-gu/기흥동/shops/003/index.html,퀸즈테라피,yongin/giheung-gu/기흥동/shops/003/index.html,아니오
yongin/giheung-gu/기흥동/shops/004/index.html,한국미인테라피,yongin/giheung-gu/기흥동/shops/004/index.html,아니오
yongin/giheung-gu/기흥동/shops/005/index.html,한국인골든테라피,yongin/giheung-gu/기흥동/shops/005/index.html,아니오
yongin/giheung-gu/동백동/shops/001/index.html,오늘밤테라피,yongin/giheung-gu/동백동/shops/001/index.html,아니오
yongin/giheung-gu/동백동/shops/002/index.html,쥬쥬테라피,yongin/giheung-gu/동백동/shops/002/index.html,아니오
yongin/giheung-gu/동백동/shops/003/index.html,퀸즈테라피,yongin/giheung-gu/동백동/shops/003/index.html,아니오
yongin/giheung-gu/동백동/shops/004/index.html,한국미인테라피,yongin/giheung-gu/동백동/shops/004/index.html,아니오
yongin/giheung-gu/동백동/shops/005/index.html,한국인골든테라피,yongin/giheung-gu/동백동/shops/005/index.html,아니오
yongin/giheung-gu/마북동/shops/001/index.html,오늘밤테라피,yongin/giheung-gu/마북동/shops/001/index.html,아니오
yongin/giheung-gu/마북동/shops/002/index.html,쥬쥬테라피,yongin/giheung-gu/마북동/shops/002/index.html,아니오
yongin/giheung-gu/마북동/shops/003/index.html,퀸즈테라피,yongin/giheung-gu/마북동/shops/003/index.html,아니오
yongin/giheung-gu/마북동/shops/004/index.html,한국미인테라피,yongin/giheung-gu/마북동/shops/004/index.html,아니오
yongin/giheung-gu/마북동/shops/005/index.html,한국인골든테라피,yongin/giheung-gu/마북동/shops/005/index.html,아니오
yongin/giheung-gu/보라동/shops/001/index.html,오늘밤테라피,yongin/giheung-gu/보라동/shops/001/index.html,아니오
yongin/giheung-gu/보라동/shops/002/index.html,쥬쥬테라피,yongin/giheung-gu/보라동/shops/002/index.html,아니오
yongin/giheung-gu/보라동/shops/003/index.html,퀸즈테라피,yongin/giheung-gu/보라동/shops/003/index.html,아니오
yongin/giheung-gu/보라동/shops/004/index.html,한국미인테라피,yongin/giheung-gu/보라동/shops/004/index.html,아니오
yongin/giheung-gu/보라동/shops/005/index.html,한국인골든테라피,yongin/giheung-gu/보라동/shops/005/index.html,아니오
yongin/giheung-gu/보정동/shops/001/index.html,오늘밤테라피,yongin/giheung-gu/보정동/shops/001/index.html,아니오
yongin/giheung-gu/보정동/shops/002/index.html,쥬쥬테라피,yongin/giheung-gu/보정동/shops/002/index.html,아니오
yongin/giheung-gu/보정동/shops/003/index.html,퀸즈테라피,yongin/giheung-gu/보정동/shops/003/index.html,아니오
yongin/giheung-gu/보정동/shops/004/index.html,한국미인테라피,yongin/giheung-gu/보정동/shops/004/index.html,아니오
yongin/giheung-gu/보정동/shops/005/index.html,한국인골든테라피,yongin/giheung-gu/보정동/shops/005/index.html,아니오
yongin/giheung-gu/상갈동/shops/001/index.html,오늘밤테라피,yongin/giheung-gu/상갈동/shops/001/index.html,아니오
yongin/giheung-gu/상갈동/shops/002/index.html,쥬쥬테라피,yongin/giheung-gu/상갈동/shops/002/index.html,아니오
yongin/giheung-gu/상갈동/shops/003/index.html,퀸즈테라피,yongin/giheung-gu/상갈동/shops/003/index.html,아니오
yongin/giheung-gu/상갈동/shops/004/index.html,한국미인테라피,yongin/giheung-gu/상갈동/shops/004/index.html,아니오
yongin/giheung-gu/상갈동/shops/005/index.html,한국인골든테라피,yongin/giheung-gu/상갈동/shops/005/index.html,아니오
yongin/giheung-gu/상하동/shops/001/index.html,오늘밤테라피,yongin/giheung-gu/상하동/shops/001/index.html,아니오
yongin/giheung-gu/상하동/shops/002/index.html,쥬쥬테라피,yongin/giheung-gu/상하동/shops/002/index.html,아니오
yongin/giheung-gu/상하동/shops/003/index.html,퀸즈테라피,yongin/giheung-gu/상하동/shops/003/index.html,아니오
yongin/giheung-gu/상하동/shops/004/index.html,한국미인테라피,yongin/giheung-gu/상하동/shops/004/index.html,아니오
yongin/giheung-gu/상하동/shops/005/index.html,한국인골든테라피,yongin/giheung-gu/상하동/shops/005/index.html,아니오
yongin/giheung-gu/서농동/shops/001/index.html,오늘밤테라피,yongin/giheung-gu/서농동/shops/001/index.html,아니오
yongin/giheung-gu/서농동/shops/002/index.html,쥬쥬테라피,yongin/giheung-gu/서농동/shops/002/index.html,아니오
yongin/giheung-gu/서농동/shops/003/index.html,퀸즈테라피,yongin/giheung-gu/서농동/shops/003/index.html,아니오
yongin/giheung-gu/서농동/shops/004/index.html,한국미인테라피,yongin/giheung-gu/서농동/shops/004/index.html,아니오
yongin/giheung-gu/서농동/shops/005/index.html,한국인골든테라피,yongin/giheung-gu/서농동/shops/005/index.html,아니오
yongin/giheung-gu/신갈동/shops/001/index.html,오늘밤테라피,yongin/giheung-gu/신갈동/shops/001/index.html,아니오
yongin/giheung-gu/신갈동/shops/002/index.html,쥬쥬테라피,yongin/giheung-gu/신갈동/shops/002/index.html,아니오
yongin/giheung-gu/신갈동/shops/003/index.html,퀸즈테라피,yongin/giheung-gu/신갈동/shops/003/index.html,아니오
yongin/giheung-gu/신갈동/shops/004/index.html,한국미인테라피,yongin/giheung-gu/신갈동/shops/004/index.html,아니오
yongin/giheung-gu/신갈동/shops/005/index.html,한국인골든테라피,yongin/giheung-gu/신갈동/shops/005/index.html,아니오
yongin/giheung-gu/영덕동/shops/001/index.html,오늘밤테라피,yongin/giheung-gu/영덕동/shops/001/index.html,아니오
yongin/giheung-gu/영덕동/shops/002/index.html,쥬쥬테라피,yongin/giheung-gu/영덕동/shops/002/index.html,아니오
yongin/giheung-gu/영덕동/shops/003/index.html,퀸즈테라피,yongin/giheung-gu/영덕동/shops/003/index.html,아니오
yongin/giheung-gu/영덕동/shops/004/index.html,한국미인테라피,yongin/giheung-gu/영덕동/shops/004/index.html,아니오
yongin/giheung-gu/영덕동/shops/005/index.html,한국인골든테라피,yongin/giheung-gu/영덕동/shops/005/index.html,아니오
yongin/shops/001/index.html,쥬쥬테라피,yongin/shops/001/index.html,아니오
yongin/shops/002/index.html,한국인골든테라피,yongin/shops/002/index.html,아니오
yongin/shops/003/index.html,오늘밤테라피,yongin/shops/003/index.html,아니오
yongin/shops/004/index.html,퀸즈테라피,yongin/shops/004/index.html,아니오
yongin/shops/005/index.html,한국미인테라피,yongin/shops/005/index.html,아니오
yongin/suji-gu/shops/001/index.html,쥬쥬테라피,yongin/suji-gu/shops/001/index.html,아니오
yongin/suji-gu/shops/002/index.html,한국인골든테라피,yongin/suji-gu/shops/002/index.html,아니오
yongin/suji-gu/shops/003/index.html,오늘밤테라피,yongin/suji-gu/shops/003/index.html,아니오
yongin/suji-gu/shops/004/index.html,퀸즈테라피,yongin/suji-gu/shops/004/index.html,아니오
yongin/suji-gu/shops/005/index.html,한국미인테라피,yongin/suji-gu/shops/005/index.html,아니오
yongin/suji-gu/동천동/shops/001/index.html,오늘밤테라피,yongin/suji-gu/동천동/shops/001/index.html,아니오
yongin/suji-gu/동천동/shops/002/index.html,쥬쥬테라피,yongin/suji-gu/동천동/shops/002/index.html,아니오
yongin/suji-gu/동천동/shops/003/index.html,퀸즈테라피,yongin/suji-gu/동천동/shops/003/index.html,아니오
yongin/suji-gu/동천동/shops/004/index.html,한국미인테라피,yongin/suji-gu/동천동/shops/004/index.html,아니오
yongin/suji-gu/동천동/shops/005/index.html,한국인골든테라피,yongin/suji-gu/동천동/shops/005/index.html,아니오
yongin/suji-gu/상현동/shops/001/index.html,오늘밤테라피,yongin/suji-gu/상현동/shops/001/index.html,아니오
yongin/suji-gu/상현동/shops/002/index.html,쥬쥬테라피,yongin/suji-gu/상현동/shops/002/index.html,아니오
yongin/suji-gu/상현동/shops/003/index.html,퀸즈테라피,yongin/suji-gu/상현동/shops/003/index.html,아니오
yongin/suji-gu/상현동/shops/004/index.html,한국미인테라피,yongin/suji-gu/상현동/shops/004/index.html,아니오
yongin/suji-gu/상현동/shops/005/index.html,한국인골든테라피,yongin/suji-gu/상현동/shops/005/index.html,아니오
yongin/suji-gu/성복동/shops/001/index.html,오늘밤테라피,yongin/suji-gu/성복동/shops/001/index.html,아니오
yongin/suji-gu/성복동/shops/002/index.html,쥬쥬테라피,yongin/suji-gu/성복동/shops/002/index.html,아니오
yongin/suji-gu/성복동/shops/003/index.html,퀸즈테라피,yongin/suji-gu/성복동/shops/003/index.html,아니오
yongin/suji-gu/성복동/shops/004/index.html,한국미인테라피,yongin/suji-gu/성복동/shops/004/index.html,아니오
yongin/suji-gu/성복동/shops/005/index.html,한국인골든테라피,yongin/suji-gu/성복동/shops/005/index.html,아니오
yongin/suji-gu/신봉동/shops/001/index.html,오늘밤테라피,yongin/suji-gu/신봉동/shops/001/index.html,아니오
yongin/suji-gu/신봉동/shops/002/index.html,쥬쥬테라피,yongin/suji-gu/신봉동/shops/002/index.html,아니오
yongin/suji-gu/신봉동/shops/003/index.html,퀸즈테라피,yongin/suji-gu/신봉동/shops/003/index.html,아니오
yongin/suji-gu/신봉동/shops/004/index.html,한국미인테라피,yongin/suji-gu/신봉동/shops/004/index.html,아니오
yongin/suji-gu/신봉동/shops/005/index.html,한국인골든테라피,yongin/suji-gu/신봉동/shops/005/index.html,아니오
yongin/suji-gu/죽전동/shops/001/index.html,오늘밤테라피,yongin/suji-gu/죽전동/shops/001/index.html,아니오
yongin/suji-gu/죽전동/shops/002/index.html,쥬쥬테라피,yongin/suji-gu/죽전동/shops/002/index.html,아니오
yongin/suji-gu/죽전동/shops/003/index.html,퀸즈테라피,yongin/suji-gu/죽전동/shops/003/index.html,아니오
yongin/suji-gu/죽전동/shops/004/index.html,한국미인테라피,yongin/suji-gu/죽전동/shops/004/index.html,아니오
yongin/suji-gu/죽전동/shops/005/index.html,한국인골든테라피,yongin/suji-gu/죽전동/shops/005/index.html,아니오
yongin/suji-gu/풍덕천동/shops/001/index.html,오늘밤테라피,yongin/suji-gu/풍덕천동/shops/001/index.html,아니오
yongin/suji-gu/풍덕천동/shops/002/index.html,쥬쥬테라피,yongin/suji-gu/풍덕천동/shops/002/index.html,아니오
yongin/suji-gu/풍덕천동/shops/003/index.html,퀸즈테라피,yongin/suji-gu/풍덕천동/shops/003/index.html,아니오
yongin/suji-gu/풍덕천동/shops/004/index.html,한국미인테라피,yongin/suji-gu/풍덕천동/shops/004/index.html,아니오
yongin/suji-gu/풍덕천동/shops/005/index.html,한국인골든테라피,yongin/suji-gu/풍덕천동/shops/005/index.html,아니오
yongsan-gu/shops/001/index.html,쥬쥬테라피,yongsan-gu/shops/001/index.html,아니오
yongsan-gu/shops/002/index.html,한국인골든테라피,yongsan-gu/shops/002/index.html,아니오
yongsan-gu/shops/003/index.html,오늘밤테라피,yongsan-gu/shops/003/index.html,아니오
yongsan-gu/shops/004/index.html,퀸즈테라피,yongsan-gu/shops/004/index.html,아니오
yongsan-gu/shops/005/index.html,한국미인테라피,yongsan-gu/shops/005/index.html,아니오
yongsan-gu/남영동/shops/001/index.html,오늘밤테라피,yongsan-gu/남영동/shops/001/index.html,아니오
yongsan-gu/남영동/shops/002/index.html,쥬쥬테라피,yongsan-gu/남영동/shops/002/index.html,아니오
yongsan-gu/남영동/shops/003/index.html,퀸즈테라피,yongsan-gu/남영동/shops/003/index.html,아니오
yongsan-gu/남영동/shops/004/index.html,한국미인테라피,yongsan-gu/남영동/shops/004/index.html,아니오
yongsan-gu/남영동/shops/005/index.html,한국인골든테라피,yongsan-gu/남영동/shops/005/index.html,아니오
yongsan-gu/보광동/shops/001/index.html,오늘밤테라피,yongsan-gu/보광동/shops/001/index.html,아니오
yongsan-gu/보광동/shops/002/index.html,쥬쥬테라피,yongsan-gu/보광동/shops/002/index.html,아니오
yongsan-gu/보광동/shops/003/index.html,퀸즈테라피,yongsan-gu/보광동/shops/003/index.html,아니오
yongsan-gu/보광동/shops/004/index.html,한국미인테라피,yongsan-gu/보광동/shops/004/index.html,아니오
yongsan-gu/보광동/shops/005/index.html,한국인골든테라피,yongsan-gu/보광동/shops/005/index.html,아니오
yongsan-gu/서빙고동/shops/001/index.html,오늘밤테라피,yongsan-gu/서빙고동/shops/001/index.html,아니오
yongsan-gu/서빙고동/shops/002/index.html,쥬쥬테라피,yongsan-gu/서빙고동/shops/002/index.html,아니오
yongsan-gu/서빙고동/shops/003/index.html,퀸즈테라피,yongsan-gu/서빙고동/shops/003/index.html,아니오
yongsan-gu/서빙고동/shops/004/index.html,한국미인테라피,yongsan-gu/서빙고동/shops/004/index.html,아니오
yongsan-gu/서빙고동/shops/005/index.html,한국인골든테라피,yongsan-gu/서빙고동/shops/005/index.html,아니오
yongsan-gu/용문동/shops/001/index.html,오늘밤테라피,yongsan-gu/용문동/shops/001/index.html,아니오
yongsan-gu/용문동/shops/002/index.html,쥬쥬테라피,yongsan-gu/용문동/shops/002/index.html,아니오
yongsan-gu/용문동/shops/003/index.html,퀸즈테라피,yongsan-gu/용문동/shops/003/index.html,아니오
yongsan-gu/용문동/shops/004/index.html,한국미인테라피,yongsan-gu/용문동/shops/004/index.html,아니오
yongsan-gu/용문동/shops/005/index.html,한국인골든테라피,yongsan-gu/용문동/shops/005/index.html,아니오
yongsan-gu/용산2가동/shops/001/index.html,오늘밤테라피,yongsan-gu/용산2가동/shops/001/index.html,아니오
yongsan-gu/용산2가동/shops/002/index.html,쥬쥬테라피,yongsan-gu/용산2가동/shops/002/index.html,아니오
yongsan-gu/용산2가동/shops/003/index.html,퀸즈테라피,yongsan-gu/용산2가동/shops/003/index.html,아니오
yongsan-gu/용산2가동/shops/004/index.html,한국미인테라피,yongsan-gu/용산2가동/shops/004/index.html,아니오
yongsan-gu/용산2가동/shops/005/index.html,한국인골든테라피,yongsan-gu/용산2가동/shops/005/index.html,아니오
yongsan-gu/원효로동/shops/001/index.html,오늘밤테라피,yongsan-gu/원효로동/shops/001/index.html,아니오
yongsan-gu/원효로동/shops/002/index.html,쥬쥬테라피,yongsan-gu/원효로동/shops/002/index.html,아니오
yongsan-gu/원효로동/shops/003/index.html,퀸즈테라피,yongsan-gu/원효로동/shops/003/index.html,아니오
yongsan-gu/원효로동/shops/004/index.html,한국미인테라피,yongsan-gu/원효로동/shops/004/index.html,아니오
yongsan-gu/원효로동/shops/005/index.html,한국인골든테라피,yongsan-gu/원효로동/shops/005/index.html,아니오
yongsan-gu/이촌동/shops/001/index.html,오늘밤테라피,yongsan-gu/이촌동/shops/001/index.html,아니오
yongsan-gu/이촌동/shops/002/index.html,쥬쥬테라피,yongsan-gu/이촌동/shops/002/index.html,아니오
yongsan-gu/이촌동/shops/003/index.html,퀸즈테라피,yongsan-gu/이촌동/shops/003/index.html,아니오
yongsan-gu/이촌동/shops/004/index.html,한국미인테라피,yongsan-gu/이촌동/shops/004/index.html,아니오
yongsan-gu/이촌동/shops/005/index.html,한국인골든테라피,yongsan-gu/이촌동/shops/005/index.html,아니오
yongsan-gu/이태원동/shops/001/index.html,오늘밤테라피,yongsan-gu/이태원동/shops/001/index.html,아니오
yongsan-gu/이태원동/shops/002/index.html,쥬쥬테라피,yongsan-gu/이태원동/shops/002/index.html,아니오
yongsan-gu/이태원동/shops/003/index.html,퀸즈테라피,yongsan-gu/이태원동/shops/003/index.html,아니오
yongsan-gu/이태원동/shops/004/index.html,한국미인테라피,yongsan-gu/이태원동/shops/004/index.html,아니오
yongsan-gu/이태원동/shops/005/index.html,한국인골든테라피,yongsan-gu/이태원동/shops/005/index.html,아니오
yongsan-gu/청파동/shops/001/index.html,오늘밤테라피,yongsan-gu/청파동/shops/001/index.html,아니오
yongsan-gu/청파동/shops/002/index.html,쥬쥬테라피,yongsan-gu/청파동/shops/002/index.html,아니오
yongsan-gu/청파동/shops/003/index.html,퀸즈테라피,yongsan-gu/청파동/shops/003/index.html,아니오
yongsan-gu/청파동/shops/004/index.html,한국미인테라피,yongsan-gu/청파동/shops/004/index.html,아니오
yongsan-gu/청파동/shops/005/index.html,한국인골든테라피,yongsan-gu/청파동/shops/005/index.html,아니오
yongsan-gu/한강로동/shops/001/index.html,오늘밤테라피,yongsan-gu/한강로동/shops/001/index.html,아니오
yongsan-gu/한강로동/shops/002/index.html,쥬쥬테라피,yongsan-gu/한강로동/shops/002/index.html,아니오
yongsan-gu/한강로동/shops/003/index.html,퀸즈테라피,yongsan-gu/한강로동/shops/003/index.html,아니오
yongsan-gu/한강로동/shops/004/index.html,한국미인테라피,yongsan-gu/한강로동/shops/004/index.html,아니오
yongsan-gu/한강로동/shops/005/index.html,한국인골든테라피,yongsan-gu/한강로동/shops/005/index.html,아니오
yongsan-gu/한남동/shops/001/index.html,오늘밤테라피,yongsan-gu/한남동/shops/001/index.html,아니오
yongsan-gu/한남동/shops/002/index.html,쥬쥬테라피,yongsan-gu/한남동/shops/002/index.html,아니오
yongsan-gu/한남동/shops/003/index.html,퀸즈테라피,yongsan-gu/한남동/shops/003/index.html,아니오
yongsan-gu/한남동/shops/004/index.html,한국미인테라피,yongsan-gu/한남동/shops/004/index.html,아니오
yongsan-gu/한남동/shops/005/index.html,한국인골든테라피,yongsan-gu/한남동/shops/005/index.html,아니오
yongsan-gu/효창동/shops/001/index.html,오늘밤테라피,yongsan-gu/효창동/shops/001/index.html,아니오
yongsan-gu/효창동/shops/002/index.html,쥬쥬테라피,yongsan-gu/효창동/shops/002/index.html,아니오
yongsan-gu/효창동/shops/003/index.html,퀸즈테라피,yongsan-gu/효창동/shops/003/index.html,아니오
yongsan-gu/효창동/shops/004/index.html,한국미인테라피,yongsan-gu/효창동/shops/004/index.html,아니오
yongsan-gu/효창동/shops/005/index.html,한국인골든테라피,yongsan-gu/효창동/shops/005/index.html,아니오
yongsan-gu/후암동/shops/001/index.html,오늘밤테라피,yongsan-gu/후암동/shops/001/index.html,아니오
yongsan-gu/후암동/shops/002/index.html,쥬쥬테라피,yongsan-gu/후암동/shops/002/index.html,아니오
yongsan-gu/후암동/shops/003/index.html,퀸즈테라피,yongsan-gu/후암동/shops/003/index.html,아니오
yongsan-gu/후암동/shops/004/index.html,한국미인테라피,yongsan-gu/후암동/shops/004/index.html,아니오
yongsan-gu/후암동/shops/005/index.html,한국인골든테라피,yongsan-gu/후암동/shops/005/index.html,아니오
