"광역지역","상위지역","하위지역","대표역후보","원본페이지"
"경기","가평군","가평읍","","E:\mong-lounge-site\massage\gyeonggi\gapyeong\가평군-출장마사지-가평읍-청평-설악-여행-숙박과-장시간-이동-다리-허리-피로-방문-홈케어\index.html"
"경기","가평군","북면","행정구역","E:\mong-lounge-site\massage\gyeonggi\gapyeong\가평군-출장마사지-가평읍-청평-설악-여행-숙박과-장시간-이동-다리-허리-피로-방문-홈케어\index.html"
"경기","가평군","상면","행정구역","E:\mong-lounge-site\massage\gyeonggi\gapyeong\가평군-출장마사지-가평읍-청평-설악-여행-숙박과-장시간-이동-다리-허리-피로-방문-홈케어\index.html"
"경기","가평군","설악면","행정구역","E:\mong-lounge-site\massage\gyeonggi\gapyeong\가평군-출장마사지-가평읍-청평-설악-여행-숙박과-장시간-이동-다리-허리-피로-방문-홈케어\index.html"
"경기","가평군","조종면","행정구역","E:\mong-lounge-site\massage\gyeonggi\gapyeong\가평군-출장마사지-가평읍-청평-설악-여행-숙박과-장시간-이동-다리-허리-피로-방문-홈케어\index.html"
"경기","가평군","청평면","행정구역","E:\mong-lounge-site\massage\gyeonggi\gapyeong\가평군-출장마사지-가평읍-청평-설악-여행-숙박과-장시간-이동-다리-허리-피로-방문-홈케어\index.html"
"경기","고양시","일산동","","E:\mong-lounge-site\massage\gyeonggi\goyang\고양시-출장마사지-일산-대화-백석-전시-행사와-장시간-보행-일정-다리-어깨-피로-방문-홈케어\index.html"
"경기","고양시-덕양구","고양동","","E:\mong-lounge-site\massage\gyeonggi\goyang\deogyang-gu\고양시-덕양구-출장마사지-동별-생활권-지역안내\index.html"
"경기","고양시-덕양구","관산동","","E:\mong-lounge-site\massage\gyeonggi\goyang\deogyang-gu\고양시-덕양구-출장마사지-동별-생활권-지역안내\index.html"
"경기","고양시-덕양구","능곡동","","E:\mong-lounge-site\massage\gyeonggi\goyang\deogyang-gu\고양시-덕양구-출장마사지-동별-생활권-지역안내\index.html"
"경기","고양시-덕양구","대덕동","","E:\mong-lounge-site\massage\gyeonggi\goyang\deogyang-gu\고양시-덕양구-출장마사지-동별-생활권-지역안내\index.html"
"경기","고양시-덕양구","삼송동","","E:\mong-lounge-site\massage\gyeonggi\goyang\deogyang-gu\고양시-덕양구-출장마사지-동별-생활권-지역안내\index.html"
"경기","고양시-덕양구","성사동","","E:\mong-lounge-site\massage\gyeonggi\goyang\deogyang-gu\고양시-덕양구-출장마사지-동별-생활권-지역안내\index.html"
"경기","고양시-덕양구","원신동","","E:\mong-lounge-site\massage\gyeonggi\goyang\deogyang-gu\고양시-덕양구-출장마사지-동별-생활권-지역안내\index.html"
"경기","고양시-덕양구","주교동","","E:\mong-lounge-site\massage\gyeonggi\goyang\deogyang-gu\고양시-덕양구-출장마사지-동별-생활권-지역안내\index.html"
"경기","고양시-덕양구","창릉동","","E:\mong-lounge-site\massage\gyeonggi\goyang\deogyang-gu\고양시-덕양구-출장마사지-동별-생활권-지역안내\index.html"
"경기","고양시-덕양구","행신동","","E:\mong-lounge-site\massage\gyeonggi\goyang\deogyang-gu\고양시-덕양구-출장마사지-동별-생활권-지역안내\index.html"
"경기","고양시-덕양구","행주동","","E:\mong-lounge-site\massage\gyeonggi\goyang\deogyang-gu\고양시-덕양구-출장마사지-동별-생활권-지역안내\index.html"
"경기","고양시-덕양구","화전동","","E:\mong-lounge-site\massage\gyeonggi\goyang\deogyang-gu\고양시-덕양구-출장마사지-동별-생활권-지역안내\index.html"
"경기","고양시-덕양구","화정동","","E:\mong-lounge-site\massage\gyeonggi\goyang\deogyang-gu\고양시-덕양구-출장마사지-동별-생활권-지역안내\index.html"
"경기","고양시-덕양구","효자동","","E:\mong-lounge-site\massage\gyeonggi\goyang\deogyang-gu\고양시-덕양구-출장마사지-동별-생활권-지역안내\index.html"
"경기","고양시-덕양구","흥도동","","E:\mong-lounge-site\massage\gyeonggi\goyang\deogyang-gu\고양시-덕양구-출장마사지-동별-생활권-지역안내\index.html"
"경기","고양시-일산동구","고봉동","","E:\mong-lounge-site\massage\gyeonggi\goyang\ilsandong-gu\고양시-일산동구-출장마사지-동별-생활권-지역안내\index.html"
"경기","고양시-일산동구","마두동","","E:\mong-lounge-site\massage\gyeonggi\goyang\ilsandong-gu\고양시-일산동구-출장마사지-동별-생활권-지역안내\index.html"
"경기","고양시-일산동구","백석동","","E:\mong-lounge-site\massage\gyeonggi\goyang\ilsandong-gu\고양시-일산동구-출장마사지-동별-생활권-지역안내\index.html"
"경기","고양시-일산동구","식사동","","E:\mong-lounge-site\massage\gyeonggi\goyang\ilsandong-gu\고양시-일산동구-출장마사지-동별-생활권-지역안내\index.html"
"경기","고양시-일산동구","장항동","","E:\mong-lounge-site\massage\gyeonggi\goyang\ilsandong-gu\고양시-일산동구-출장마사지-동별-생활권-지역안내\index.html"
"경기","고양시-일산동구","정발산동","","E:\mong-lounge-site\massage\gyeonggi\goyang\ilsandong-gu\고양시-일산동구-출장마사지-동별-생활권-지역안내\index.html"
"경기","고양시-일산동구","중산동","","E:\mong-lounge-site\massage\gyeonggi\goyang\ilsandong-gu\고양시-일산동구-출장마사지-동별-생활권-지역안내\index.html"
"경기","고양시-일산동구","풍산동","","E:\mong-lounge-site\massage\gyeonggi\goyang\ilsandong-gu\고양시-일산동구-출장마사지-동별-생활권-지역안내\index.html"
"경기","고양시-일산서구","가좌동","","E:\mong-lounge-site\massage\gyeonggi\goyang\ilsanseo-gu\고양시-일산서구-출장마사지-동별-생활권-지역안내\index.html"
"경기","고양시-일산서구","대화동","","E:\mong-lounge-site\massage\gyeonggi\goyang\ilsanseo-gu\고양시-일산서구-출장마사지-동별-생활권-지역안내\index.html"
"경기","고양시-일산서구","덕이동","","E:\mong-lounge-site\massage\gyeonggi\goyang\ilsanseo-gu\고양시-일산서구-출장마사지-동별-생활권-지역안내\index.html"
"경기","고양시-일산서구","송포동","","E:\mong-lounge-site\massage\gyeonggi\goyang\ilsanseo-gu\고양시-일산서구-출장마사지-동별-생활권-지역안내\index.html"
"경기","고양시-일산서구","일산동","","E:\mong-lounge-site\massage\gyeonggi\goyang\ilsanseo-gu\고양시-일산서구-출장마사지-동별-생활권-지역안내\index.html"
"경기","고양시-일산서구","주엽동","","E:\mong-lounge-site\massage\gyeonggi\goyang\ilsanseo-gu\고양시-일산서구-출장마사지-동별-생활권-지역안내\index.html"
"경기","고양시-일산서구","탄현동","","E:\mong-lounge-site\massage\gyeonggi\goyang\ilsanseo-gu\고양시-일산서구-출장마사지-동별-생활권-지역안내\index.html"
"경기","과천시","갈현동","","E:\mong-lounge-site\massage\gyeonggi\gwacheon\과천시-출장마사지-중앙-별양-정부과천청사-오피스-통근과-회의-일정-목-어깨-피로-방문-홈케어\index.html"
"경기","과천시","과천동","","E:\mong-lounge-site\massage\gyeonggi\gwacheon\과천시-출장마사지-중앙-별양-정부과천청사-오피스-통근과-회의-일정-목-어깨-피로-방문-홈케어\index.html"
"경기","과천시","문원동","","E:\mong-lounge-site\massage\gyeonggi\gwacheon\과천시-출장마사지-중앙-별양-정부과천청사-오피스-통근과-회의-일정-목-어깨-피로-방문-홈케어\index.html"
"경기","과천시","별양동","","E:\mong-lounge-site\massage\gyeonggi\gwacheon\과천시-출장마사지-중앙-별양-정부과천청사-오피스-통근과-회의-일정-목-어깨-피로-방문-홈케어\index.html"
"경기","과천시","부림동","","E:\mong-lounge-site\massage\gyeonggi\gwacheon\과천시-출장마사지-중앙-별양-정부과천청사-오피스-통근과-회의-일정-목-어깨-피로-방문-홈케어\index.html"
"경기","과천시","원문동","","E:\mong-lounge-site\massage\gyeonggi\gwacheon\과천시-출장마사지-중앙-별양-정부과천청사-오피스-통근과-회의-일정-목-어깨-피로-방문-홈케어\index.html"
"경기","과천시","중앙동","","E:\mong-lounge-site\massage\gyeonggi\gwacheon\과천시-출장마사지-중앙-별양-정부과천청사-오피스-통근과-회의-일정-목-어깨-피로-방문-홈케어\index.html"
"경기","광명시","광명동","광명역","E:\mong-lounge-site\massage\gyeonggi\gwangmyeong\광명시-출장마사지-광명역-철산-하안-출장과-광역-이동이-겹친-날-다리-허리-피로-방문-홈케어\index.html"
"경기","광명시","소하동","광명역","E:\mong-lounge-site\massage\gyeonggi\gwangmyeong\광명시-출장마사지-광명역-철산-하안-출장과-광역-이동이-겹친-날-다리-허리-피로-방문-홈케어\index.html"
"경기","광명시","일직동","광명역","E:\mong-lounge-site\massage\gyeonggi\gwangmyeong\광명시-출장마사지-광명역-철산-하안-출장과-광역-이동이-겹친-날-다리-허리-피로-방문-홈케어\index.html"
"경기","광명시","철산동","광명역","E:\mong-lounge-site\massage\gyeonggi\gwangmyeong\광명시-출장마사지-광명역-철산-하안-출장과-광역-이동이-겹친-날-다리-허리-피로-방문-홈케어\index.html"
"경기","광명시","하안동","","E:\mong-lounge-site\massage\gyeonggi\gwangmyeong\광명시-출장마사지-광명역-철산-하안-출장과-광역-이동이-겹친-날-다리-허리-피로-방문-홈케어\index.html"
"경기","광명시","학온동","","E:\mong-lounge-site\massage\gyeonggi\gwangmyeong\광명시-출장마사지-광명역-철산-하안-출장과-광역-이동이-겹친-날-다리-허리-피로-방문-홈케어\index.html"
"경기","광주시","경안동","행정구역","E:\mong-lounge-site\massage\gyeonggi\gwangju-gyeonggi\광주시-출장마사지-태전-경안-곤지암-차량-이동과-생활권-이동이-긴-날-허리-어깨-피로-방문-홈케어\index.html"
"경기","광주시","곤지암읍","행정구역","E:\mong-lounge-site\massage\gyeonggi\gwangju-gyeonggi\광주시-출장마사지-태전-경안-곤지암-차량-이동과-생활권-이동이-긴-날-허리-어깨-피로-방문-홈케어\index.html"
"경기","광주시","광남동","행정구역","E:\mong-lounge-site\massage\gyeonggi\gwangju-gyeonggi\광주시-출장마사지-태전-경안-곤지암-차량-이동과-생활권-이동이-긴-날-허리-어깨-피로-방문-홈케어\index.html"
"경기","광주시","남종면","행정구역","E:\mong-lounge-site\massage\gyeonggi\gwangju-gyeonggi\광주시-출장마사지-태전-경안-곤지암-차량-이동과-생활권-이동이-긴-날-허리-어깨-피로-방문-홈케어\index.html"
"경기","광주시","남한산성면","행정구역","E:\mong-lounge-site\massage\gyeonggi\gwangju-gyeonggi\광주시-출장마사지-태전-경안-곤지암-차량-이동과-생활권-이동이-긴-날-허리-어깨-피로-방문-홈케어\index.html"
"경기","광주시","능평동","행정구역","E:\mong-lounge-site\massage\gyeonggi\gwangju-gyeonggi\광주시-출장마사지-태전-경안-곤지암-차량-이동과-생활권-이동이-긴-날-허리-어깨-피로-방문-홈케어\index.html"
"경기","광주시","도척면","행정구역","E:\mong-lounge-site\massage\gyeonggi\gwangju-gyeonggi\광주시-출장마사지-태전-경안-곤지암-차량-이동과-생활권-이동이-긴-날-허리-어깨-피로-방문-홈케어\index.html"
"경기","광주시","송정동","행정구역","E:\mong-lounge-site\massage\gyeonggi\gwangju-gyeonggi\광주시-출장마사지-태전-경안-곤지암-차량-이동과-생활권-이동이-긴-날-허리-어깨-피로-방문-홈케어\index.html"
"경기","광주시","신현동","행정구역","E:\mong-lounge-site\massage\gyeonggi\gwangju-gyeonggi\광주시-출장마사지-태전-경안-곤지암-차량-이동과-생활권-이동이-긴-날-허리-어깨-피로-방문-홈케어\index.html"
"경기","광주시","쌍령동","행정구역","E:\mong-lounge-site\massage\gyeonggi\gwangju-gyeonggi\광주시-출장마사지-태전-경안-곤지암-차량-이동과-생활권-이동이-긴-날-허리-어깨-피로-방문-홈케어\index.html"
"경기","광주시","오포동","행정구역","E:\mong-lounge-site\massage\gyeonggi\gwangju-gyeonggi\광주시-출장마사지-태전-경안-곤지암-차량-이동과-생활권-이동이-긴-날-허리-어깨-피로-방문-홈케어\index.html"
"경기","광주시","초월읍","행정구역","E:\mong-lounge-site\massage\gyeonggi\gwangju-gyeonggi\광주시-출장마사지-태전-경안-곤지암-차량-이동과-생활권-이동이-긴-날-허리-어깨-피로-방문-홈케어\index.html"
"경기","광주시","탄벌동","행정구역","E:\mong-lounge-site\massage\gyeonggi\gwangju-gyeonggi\광주시-출장마사지-태전-경안-곤지암-차량-이동과-생활권-이동이-긴-날-허리-어깨-피로-방문-홈케어\index.html"
"경기","광주시","퇴촌면","행정구역","E:\mong-lounge-site\massage\gyeonggi\gwangju-gyeonggi\광주시-출장마사지-태전-경안-곤지암-차량-이동과-생활권-이동이-긴-날-허리-어깨-피로-방문-홈케어\index.html"
"경기","구리시","갈매동","","E:\mong-lounge-site\massage\gyeonggi\guri\구리시-출장마사지-인창-갈매-수택-서울-통근과-생활-이동이-긴-날-목-허리-피로-방문-홈케어\index.html"
"경기","구리시","교문동","","E:\mong-lounge-site\massage\gyeonggi\guri\구리시-출장마사지-인창-갈매-수택-서울-통근과-생활-이동이-긴-날-목-허리-피로-방문-홈케어\index.html"
"경기","구리시","동구동","","E:\mong-lounge-site\massage\gyeonggi\guri\구리시-출장마사지-인창-갈매-수택-서울-통근과-생활-이동이-긴-날-목-허리-피로-방문-홈케어\index.html"
"경기","구리시","수택동","","E:\mong-lounge-site\massage\gyeonggi\guri\구리시-출장마사지-인창-갈매-수택-서울-통근과-생활-이동이-긴-날-목-허리-피로-방문-홈케어\index.html"
"경기","구리시","인창동","","E:\mong-lounge-site\massage\gyeonggi\guri\구리시-출장마사지-인창-갈매-수택-서울-통근과-생활-이동이-긴-날-목-허리-피로-방문-홈케어\index.html"
"경기","군포시","광정동","","E:\mong-lounge-site\massage\gyeonggi\gunpo\군포시-출장마사지-산본-금정-당동-지하철-통근과-장시간-보행-다리-허리-피로-방문-홈케어\index.html"
"경기","군포시","군포동","","E:\mong-lounge-site\massage\gyeonggi\gunpo\군포시-출장마사지-산본-금정-당동-지하철-통근과-장시간-보행-다리-허리-피로-방문-홈케어\index.html"
"경기","군포시","궁내동","","E:\mong-lounge-site\massage\gyeonggi\gunpo\군포시-출장마사지-산본-금정-당동-지하철-통근과-장시간-보행-다리-허리-피로-방문-홈케어\index.html"
"경기","군포시","금정동","","E:\mong-lounge-site\massage\gyeonggi\gunpo\군포시-출장마사지-산본-금정-당동-지하철-통근과-장시간-보행-다리-허리-피로-방문-홈케어\index.html"
"경기","군포시","대야동","","E:\mong-lounge-site\massage\gyeonggi\gunpo\군포시-출장마사지-산본-금정-당동-지하철-통근과-장시간-보행-다리-허리-피로-방문-홈케어\index.html"
"경기","군포시","산본동","","E:\mong-lounge-site\massage\gyeonggi\gunpo\군포시-출장마사지-산본-금정-당동-지하철-통근과-장시간-보행-다리-허리-피로-방문-홈케어\index.html"
"경기","군포시","송부동","","E:\mong-lounge-site\massage\gyeonggi\gunpo\군포시-출장마사지-산본-금정-당동-지하철-통근과-장시간-보행-다리-허리-피로-방문-홈케어\index.html"
"경기","군포시","수리동","","E:\mong-lounge-site\massage\gyeonggi\gunpo\군포시-출장마사지-산본-금정-당동-지하철-통근과-장시간-보행-다리-허리-피로-방문-홈케어\index.html"
"경기","군포시","오금동","","E:\mong-lounge-site\massage\gyeonggi\gunpo\군포시-출장마사지-산본-금정-당동-지하철-통근과-장시간-보행-다리-허리-피로-방문-홈케어\index.html"
"경기","군포시","재궁동","","E:\mong-lounge-site\massage\gyeonggi\gunpo\군포시-출장마사지-산본-금정-당동-지하철-통근과-장시간-보행-다리-허리-피로-방문-홈케어\index.html"
"경기","김포시","고촌읍","행정구역","E:\mong-lounge-site\massage\gyeonggi\gimpo\김포시-출장마사지-장기-구래-마산-신도시-통근과-대중교통-이동-어깨-다리-피로-방문-홈케어\index.html"
"경기","김포시","구래동","행정구역","E:\mong-lounge-site\massage\gyeonggi\gimpo\김포시-출장마사지-장기-구래-마산-신도시-통근과-대중교통-이동-어깨-다리-피로-방문-홈케어\index.html"
"경기","김포시","김포본동","행정구역","E:\mong-lounge-site\massage\gyeonggi\gimpo\김포시-출장마사지-장기-구래-마산-신도시-통근과-대중교통-이동-어깨-다리-피로-방문-홈케어\index.html"
"경기","김포시","대곶면","행정구역","E:\mong-lounge-site\massage\gyeonggi\gimpo\김포시-출장마사지-장기-구래-마산-신도시-통근과-대중교통-이동-어깨-다리-피로-방문-홈케어\index.html"
"경기","김포시","마산동","행정구역","E:\mong-lounge-site\massage\gyeonggi\gimpo\김포시-출장마사지-장기-구래-마산-신도시-통근과-대중교통-이동-어깨-다리-피로-방문-홈케어\index.html"
"경기","김포시","사우동","행정구역","E:\mong-lounge-site\massage\gyeonggi\gimpo\김포시-출장마사지-장기-구래-마산-신도시-통근과-대중교통-이동-어깨-다리-피로-방문-홈케어\index.html"
"경기","김포시","양촌읍","행정구역","E:\mong-lounge-site\massage\gyeonggi\gimpo\김포시-출장마사지-장기-구래-마산-신도시-통근과-대중교통-이동-어깨-다리-피로-방문-홈케어\index.html"
"경기","김포시","운양동","행정구역","E:\mong-lounge-site\massage\gyeonggi\gimpo\김포시-출장마사지-장기-구래-마산-신도시-통근과-대중교통-이동-어깨-다리-피로-방문-홈케어\index.html"
"경기","김포시","월곶면","행정구역","E:\mong-lounge-site\massage\gyeonggi\gimpo\김포시-출장마사지-장기-구래-마산-신도시-통근과-대중교통-이동-어깨-다리-피로-방문-홈케어\index.html"
"경기","김포시","장기동","행정구역","E:\mong-lounge-site\massage\gyeonggi\gimpo\김포시-출장마사지-장기-구래-마산-신도시-통근과-대중교통-이동-어깨-다리-피로-방문-홈케어\index.html"
"경기","김포시","장기본동","행정구역","E:\mong-lounge-site\massage\gyeonggi\gimpo\김포시-출장마사지-장기-구래-마산-신도시-통근과-대중교통-이동-어깨-다리-피로-방문-홈케어\index.html"
"경기","김포시","통진읍","행정구역","E:\mong-lounge-site\massage\gyeonggi\gimpo\김포시-출장마사지-장기-구래-마산-신도시-통근과-대중교통-이동-어깨-다리-피로-방문-홈케어\index.html"
"경기","김포시","풍무동","행정구역","E:\mong-lounge-site\massage\gyeonggi\gimpo\김포시-출장마사지-장기-구래-마산-신도시-통근과-대중교통-이동-어깨-다리-피로-방문-홈케어\index.html"
"경기","김포시","하성면","행정구역","E:\mong-lounge-site\massage\gyeonggi\gimpo\김포시-출장마사지-장기-구래-마산-신도시-통근과-대중교통-이동-어깨-다리-피로-방문-홈케어\index.html"
"경기","남양주시","금곡동","행정구역","E:\mong-lounge-site\massage\gyeonggi\namyangju\남양주시-출장마사지-다산-별내-진접-차량-이동과-외곽-통근이-긴-날-허리-다리-피로-방문-홈케어\index.html"
"경기","남양주시","다산동","행정구역","E:\mong-lounge-site\massage\gyeonggi\namyangju\남양주시-출장마사지-다산-별내-진접-차량-이동과-외곽-통근이-긴-날-허리-다리-피로-방문-홈케어\index.html"
"경기","남양주시","별내동","행정구역","E:\mong-lounge-site\massage\gyeonggi\namyangju\남양주시-출장마사지-다산-별내-진접-차량-이동과-외곽-통근이-긴-날-허리-다리-피로-방문-홈케어\index.html"
"경기","남양주시","별내면","행정구역","E:\mong-lounge-site\massage\gyeonggi\namyangju\남양주시-출장마사지-다산-별내-진접-차량-이동과-외곽-통근이-긴-날-허리-다리-피로-방문-홈케어\index.html"
"경기","남양주시","수동면","행정구역","E:\mong-lounge-site\massage\gyeonggi\namyangju\남양주시-출장마사지-다산-별내-진접-차량-이동과-외곽-통근이-긴-날-허리-다리-피로-방문-홈케어\index.html"
"경기","남양주시","양정동","행정구역","E:\mong-lounge-site\massage\gyeonggi\namyangju\남양주시-출장마사지-다산-별내-진접-차량-이동과-외곽-통근이-긴-날-허리-다리-피로-방문-홈케어\index.html"
"경기","남양주시","오남읍","행정구역","E:\mong-lounge-site\massage\gyeonggi\namyangju\남양주시-출장마사지-다산-별내-진접-차량-이동과-외곽-통근이-긴-날-허리-다리-피로-방문-홈케어\index.html"
"경기","남양주시","와부읍","행정구역","E:\mong-lounge-site\massage\gyeonggi\namyangju\남양주시-출장마사지-다산-별내-진접-차량-이동과-외곽-통근이-긴-날-허리-다리-피로-방문-홈케어\index.html"
"경기","남양주시","조안면","행정구역","E:\mong-lounge-site\massage\gyeonggi\namyangju\남양주시-출장마사지-다산-별내-진접-차량-이동과-외곽-통근이-긴-날-허리-다리-피로-방문-홈케어\index.html"
"경기","남양주시","진건읍","행정구역","E:\mong-lounge-site\massage\gyeonggi\namyangju\남양주시-출장마사지-다산-별내-진접-차량-이동과-외곽-통근이-긴-날-허리-다리-피로-방문-홈케어\index.html"
"경기","남양주시","진접읍","행정구역","E:\mong-lounge-site\massage\gyeonggi\namyangju\남양주시-출장마사지-다산-별내-진접-차량-이동과-외곽-통근이-긴-날-허리-다리-피로-방문-홈케어\index.html"
"경기","남양주시","퇴계원읍","행정구역","E:\mong-lounge-site\massage\gyeonggi\namyangju\남양주시-출장마사지-다산-별내-진접-차량-이동과-외곽-통근이-긴-날-허리-다리-피로-방문-홈케어\index.html"
"경기","남양주시","평내동","행정구역","E:\mong-lounge-site\massage\gyeonggi\namyangju\남양주시-출장마사지-다산-별내-진접-차량-이동과-외곽-통근이-긴-날-허리-다리-피로-방문-홈케어\index.html"
"경기","남양주시","호평동","행정구역","E:\mong-lounge-site\massage\gyeonggi\namyangju\남양주시-출장마사지-다산-별내-진접-차량-이동과-외곽-통근이-긴-날-허리-다리-피로-방문-홈케어\index.html"
"경기","남양주시","화도읍","행정구역","E:\mong-lounge-site\massage\gyeonggi\namyangju\남양주시-출장마사지-다산-별내-진접-차량-이동과-외곽-통근이-긴-날-허리-다리-피로-방문-홈케어\index.html"
"경기","동두천시","보산동","","E:\mong-lounge-site\massage\gyeonggi\dongducheon\동두천시-출장마사지-지행-생연-보산-광역-통근과-생활-이동이-긴-날-어깨-허리-피로-방문-홈케어\index.html"
"경기","동두천시","불현동","","E:\mong-lounge-site\massage\gyeonggi\dongducheon\동두천시-출장마사지-지행-생연-보산-광역-통근과-생활-이동이-긴-날-어깨-허리-피로-방문-홈케어\index.html"
"경기","동두천시","상패동","","E:\mong-lounge-site\massage\gyeonggi\dongducheon\동두천시-출장마사지-지행-생연-보산-광역-통근과-생활-이동이-긴-날-어깨-허리-피로-방문-홈케어\index.html"
"경기","동두천시","생연동","","E:\mong-lounge-site\massage\gyeonggi\dongducheon\동두천시-출장마사지-지행-생연-보산-광역-통근과-생활-이동이-긴-날-어깨-허리-피로-방문-홈케어\index.html"
"경기","동두천시","소요동","","E:\mong-lounge-site\massage\gyeonggi\dongducheon\동두천시-출장마사지-지행-생연-보산-광역-통근과-생활-이동이-긴-날-어깨-허리-피로-방문-홈케어\index.html"
"경기","동두천시","송내동","","E:\mong-lounge-site\massage\gyeonggi\dongducheon\동두천시-출장마사지-지행-생연-보산-광역-통근과-생활-이동이-긴-날-어깨-허리-피로-방문-홈케어\index.html"
"경기","동두천시","중앙동","","E:\mong-lounge-site\massage\gyeonggi\dongducheon\동두천시-출장마사지-지행-생연-보산-광역-통근과-생활-이동이-긴-날-어깨-허리-피로-방문-홈케어\index.html"
"경기","부천시-소사구","괴안동","","E:\mong-lounge-site\massage\gyeonggi\bucheon\sosa-gu\부천시-소사구-출장마사지-동별-생활권-지역안내\index.html"
"경기","부천시-소사구","범박동","","E:\mong-lounge-site\massage\gyeonggi\bucheon\sosa-gu\부천시-소사구-출장마사지-동별-생활권-지역안내\index.html"
"경기","부천시-소사구","소사본동","","E:\mong-lounge-site\massage\gyeonggi\bucheon\sosa-gu\부천시-소사구-출장마사지-동별-생활권-지역안내\index.html"
"경기","부천시-소사구","송내동","","E:\mong-lounge-site\massage\gyeonggi\bucheon\sosa-gu\부천시-소사구-출장마사지-동별-생활권-지역안내\index.html"
"경기","부천시-소사구","심곡본동","","E:\mong-lounge-site\massage\gyeonggi\bucheon\sosa-gu\부천시-소사구-출장마사지-동별-생활권-지역안내\index.html"
"경기","부천시-소사구","역곡동","","E:\mong-lounge-site\massage\gyeonggi\bucheon\sosa-gu\부천시-소사구-출장마사지-동별-생활권-지역안내\index.html"
"경기","부천시-소사구","옥길동","","E:\mong-lounge-site\massage\gyeonggi\bucheon\sosa-gu\부천시-소사구-출장마사지-동별-생활권-지역안내\index.html"
"경기","부천시-오정구","고강동","","E:\mong-lounge-site\massage\gyeonggi\bucheon\ojeong-gu\부천시-오정구-출장마사지-동별-생활권-지역안내\index.html"
"경기","부천시-오정구","고강본동","","E:\mong-lounge-site\massage\gyeonggi\bucheon\ojeong-gu\부천시-오정구-출장마사지-동별-생활권-지역안내\index.html"
"경기","부천시-오정구","성곡동","","E:\mong-lounge-site\massage\gyeonggi\bucheon\ojeong-gu\부천시-오정구-출장마사지-동별-생활권-지역안내\index.html"
"경기","부천시-오정구","신흥동","","E:\mong-lounge-site\massage\gyeonggi\bucheon\ojeong-gu\부천시-오정구-출장마사지-동별-생활권-지역안내\index.html"
"경기","부천시-오정구","오정동","","E:\mong-lounge-site\massage\gyeonggi\bucheon\ojeong-gu\부천시-오정구-출장마사지-동별-생활권-지역안내\index.html"
"경기","부천시-오정구","원종동","","E:\mong-lounge-site\massage\gyeonggi\bucheon\ojeong-gu\부천시-오정구-출장마사지-동별-생활권-지역안내\index.html"
"경기","부천시-원미구","도당동","","E:\mong-lounge-site\massage\gyeonggi\bucheon\wonmi-gu\부천시-원미구-출장마사지-동별-생활권-지역안내\index.html"
"경기","부천시-원미구","상동","","E:\mong-lounge-site\massage\gyeonggi\bucheon\wonmi-gu\부천시-원미구-출장마사지-동별-생활권-지역안내\index.html"
"경기","부천시-원미구","소사동","","E:\mong-lounge-site\massage\gyeonggi\bucheon\wonmi-gu\부천시-원미구-출장마사지-동별-생활권-지역안내\index.html"
"경기","부천시-원미구","심곡동","","E:\mong-lounge-site\massage\gyeonggi\bucheon\wonmi-gu\부천시-원미구-출장마사지-동별-생활권-지역안내\index.html"
"경기","부천시-원미구","약대동","","E:\mong-lounge-site\massage\gyeonggi\bucheon\wonmi-gu\부천시-원미구-출장마사지-동별-생활권-지역안내\index.html"
"경기","부천시-원미구","역곡동","","E:\mong-lounge-site\massage\gyeonggi\bucheon\wonmi-gu\부천시-원미구-출장마사지-동별-생활권-지역안내\index.html"
"경기","부천시-원미구","원미동","","E:\mong-lounge-site\massage\gyeonggi\bucheon\wonmi-gu\부천시-원미구-출장마사지-동별-생활권-지역안내\index.html"
"경기","부천시-원미구","중동","","E:\mong-lounge-site\massage\gyeonggi\bucheon\wonmi-gu\부천시-원미구-출장마사지-동별-생활권-지역안내\index.html"
"경기","부천시-원미구","춘의동","","E:\mong-lounge-site\massage\gyeonggi\bucheon\wonmi-gu\부천시-원미구-출장마사지-동별-생활권-지역안내\index.html"
"경기","성남시-분당구","구미동","","E:\mong-lounge-site\massage\gyeonggi\seongnam\bundang-gu\성남시-분당구-출장마사지-동별-생활권-지역안내\index.html"
"경기","성남시-분당구","금곡동","","E:\mong-lounge-site\massage\gyeonggi\seongnam\bundang-gu\성남시-분당구-출장마사지-동별-생활권-지역안내\index.html"
"경기","성남시-분당구","백현동","","E:\mong-lounge-site\massage\gyeonggi\seongnam\bundang-gu\성남시-분당구-출장마사지-동별-생활권-지역안내\index.html"
"경기","성남시-분당구","분당동","","E:\mong-lounge-site\massage\gyeonggi\seongnam\bundang-gu\성남시-분당구-출장마사지-동별-생활권-지역안내\index.html"
"경기","성남시-분당구","삼평동","","E:\mong-lounge-site\massage\gyeonggi\seongnam\bundang-gu\성남시-분당구-출장마사지-동별-생활권-지역안내\index.html"
"경기","성남시-분당구","서현동","","E:\mong-lounge-site\massage\gyeonggi\seongnam\bundang-gu\성남시-분당구-출장마사지-동별-생활권-지역안내\index.html"
"경기","성남시-분당구","수내동","","E:\mong-lounge-site\massage\gyeonggi\seongnam\bundang-gu\성남시-분당구-출장마사지-동별-생활권-지역안내\index.html"
"경기","성남시-분당구","야탑동","","E:\mong-lounge-site\massage\gyeonggi\seongnam\bundang-gu\성남시-분당구-출장마사지-동별-생활권-지역안내\index.html"
"경기","성남시-분당구","운중동","","E:\mong-lounge-site\massage\gyeonggi\seongnam\bundang-gu\성남시-분당구-출장마사지-동별-생활권-지역안내\index.html"
"경기","성남시-분당구","이매동","","E:\mong-lounge-site\massage\gyeonggi\seongnam\bundang-gu\성남시-분당구-출장마사지-동별-생활권-지역안내\index.html"
"경기","성남시-분당구","정자동","","E:\mong-lounge-site\massage\gyeonggi\seongnam\bundang-gu\성남시-분당구-출장마사지-동별-생활권-지역안내\index.html"
"경기","성남시-분당구","판교동","","E:\mong-lounge-site\massage\gyeonggi\seongnam\bundang-gu\성남시-분당구-출장마사지-동별-생활권-지역안내\index.html"
"경기","성남시-수정구","고등동","","E:\mong-lounge-site\massage\gyeonggi\seongnam\sujeong-gu\성남시-수정구-출장마사지-동별-생활권-지역안내\index.html"
"경기","성남시-수정구","단대동","","E:\mong-lounge-site\massage\gyeonggi\seongnam\sujeong-gu\성남시-수정구-출장마사지-동별-생활권-지역안내\index.html"
"경기","성남시-수정구","복정동","","E:\mong-lounge-site\massage\gyeonggi\seongnam\sujeong-gu\성남시-수정구-출장마사지-동별-생활권-지역안내\index.html"
"경기","성남시-수정구","산성동","","E:\mong-lounge-site\massage\gyeonggi\seongnam\sujeong-gu\성남시-수정구-출장마사지-동별-생활권-지역안내\index.html"
"경기","성남시-수정구","수진동","","E:\mong-lounge-site\massage\gyeonggi\seongnam\sujeong-gu\성남시-수정구-출장마사지-동별-생활권-지역안내\index.html"
"경기","성남시-수정구","시흥동","","E:\mong-lounge-site\massage\gyeonggi\seongnam\sujeong-gu\성남시-수정구-출장마사지-동별-생활권-지역안내\index.html"
"경기","성남시-수정구","신촌동","","E:\mong-lounge-site\massage\gyeonggi\seongnam\sujeong-gu\성남시-수정구-출장마사지-동별-생활권-지역안내\index.html"
"경기","성남시-수정구","신흥동","","E:\mong-lounge-site\massage\gyeonggi\seongnam\sujeong-gu\성남시-수정구-출장마사지-동별-생활권-지역안내\index.html"
"경기","성남시-수정구","양지동","","E:\mong-lounge-site\massage\gyeonggi\seongnam\sujeong-gu\성남시-수정구-출장마사지-동별-생활권-지역안내\index.html"
"경기","성남시-수정구","위례동","","E:\mong-lounge-site\massage\gyeonggi\seongnam\sujeong-gu\성남시-수정구-출장마사지-동별-생활권-지역안내\index.html"
"경기","성남시-수정구","태평동","","E:\mong-lounge-site\massage\gyeonggi\seongnam\sujeong-gu\성남시-수정구-출장마사지-동별-생활권-지역안내\index.html"
"경기","성남시-중원구","금광동","","E:\mong-lounge-site\massage\gyeonggi\seongnam\jungwon-gu\성남시-중원구-출장마사지-동별-생활권-지역안내\index.html"
"경기","성남시-중원구","도촌동","","E:\mong-lounge-site\massage\gyeonggi\seongnam\jungwon-gu\성남시-중원구-출장마사지-동별-생활권-지역안내\index.html"
"경기","성남시-중원구","상대원동","","E:\mong-lounge-site\massage\gyeonggi\seongnam\jungwon-gu\성남시-중원구-출장마사지-동별-생활권-지역안내\index.html"
"경기","성남시-중원구","성남동","","E:\mong-lounge-site\massage\gyeonggi\seongnam\jungwon-gu\성남시-중원구-출장마사지-동별-생활권-지역안내\index.html"
"경기","성남시-중원구","은행동","","E:\mong-lounge-site\massage\gyeonggi\seongnam\jungwon-gu\성남시-중원구-출장마사지-동별-생활권-지역안내\index.html"
"경기","성남시-중원구","중앙동","","E:\mong-lounge-site\massage\gyeonggi\seongnam\jungwon-gu\성남시-중원구-출장마사지-동별-생활권-지역안내\index.html"
"경기","성남시-중원구","하대원동","","E:\mong-lounge-site\massage\gyeonggi\seongnam\jungwon-gu\성남시-중원구-출장마사지-동별-생활권-지역안내\index.html"
"경기","수원시-권선구","곡선동","","E:\mong-lounge-site\massage\gyeonggi\suwon\gwonseon-gu\수원시-권선구-출장마사지-동별-생활권-지역안내\index.html"
"경기","수원시-권선구","구운동","","E:\mong-lounge-site\massage\gyeonggi\suwon\gwonseon-gu\수원시-권선구-출장마사지-동별-생활권-지역안내\index.html"
"경기","수원시-권선구","권선동","","E:\mong-lounge-site\massage\gyeonggi\suwon\gwonseon-gu\수원시-권선구-출장마사지-동별-생활권-지역안내\index.html"
"경기","수원시-권선구","금곡동","","E:\mong-lounge-site\massage\gyeonggi\suwon\gwonseon-gu\수원시-권선구-출장마사지-동별-생활권-지역안내\index.html"
"경기","수원시-권선구","서둔동","","E:\mong-lounge-site\massage\gyeonggi\suwon\gwonseon-gu\수원시-권선구-출장마사지-동별-생활권-지역안내\index.html"
"경기","수원시-권선구","세류동","","E:\mong-lounge-site\massage\gyeonggi\suwon\gwonseon-gu\수원시-권선구-출장마사지-동별-생활권-지역안내\index.html"
"경기","수원시-권선구","입북동","","E:\mong-lounge-site\massage\gyeonggi\suwon\gwonseon-gu\수원시-권선구-출장마사지-동별-생활권-지역안내\index.html"
"경기","수원시-권선구","평동","","E:\mong-lounge-site\massage\gyeonggi\suwon\gwonseon-gu\수원시-권선구-출장마사지-동별-생활권-지역안내\index.html"
"경기","수원시-권선구","호매실동","","E:\mong-lounge-site\massage\gyeonggi\suwon\gwonseon-gu\수원시-권선구-출장마사지-동별-생활권-지역안내\index.html"
"경기","수원시-영통구","광교동","","E:\mong-lounge-site\massage\gyeonggi\suwon\yeongtong-gu\수원시-영통구-출장마사지-동별-생활권-지역안내\index.html"
"경기","수원시-영통구","망포동","","E:\mong-lounge-site\massage\gyeonggi\suwon\yeongtong-gu\수원시-영통구-출장마사지-동별-생활권-지역안내\index.html"
"경기","수원시-영통구","매탄동","","E:\mong-lounge-site\massage\gyeonggi\suwon\yeongtong-gu\수원시-영통구-출장마사지-동별-생활권-지역안내\index.html"
"경기","수원시-영통구","영통동","","E:\mong-lounge-site\massage\gyeonggi\suwon\yeongtong-gu\수원시-영통구-출장마사지-동별-생활권-지역안내\index.html"
"경기","수원시-영통구","원천동","","E:\mong-lounge-site\massage\gyeonggi\suwon\yeongtong-gu\수원시-영통구-출장마사지-동별-생활권-지역안내\index.html"
"경기","수원시-장안구","송죽동","","E:\mong-lounge-site\massage\gyeonggi\suwon\jangan-gu\수원시-장안구-출장마사지-동별-생활권-지역안내\index.html"
"경기","수원시-장안구","연무동","","E:\mong-lounge-site\massage\gyeonggi\suwon\jangan-gu\수원시-장안구-출장마사지-동별-생활권-지역안내\index.html"
"경기","수원시-장안구","영화동","","E:\mong-lounge-site\massage\gyeonggi\suwon\jangan-gu\수원시-장안구-출장마사지-동별-생활권-지역안내\index.html"
"경기","수원시-장안구","율천동","","E:\mong-lounge-site\massage\gyeonggi\suwon\jangan-gu\수원시-장안구-출장마사지-동별-생활권-지역안내\index.html"
"경기","수원시-장안구","정자동","","E:\mong-lounge-site\massage\gyeonggi\suwon\jangan-gu\수원시-장안구-출장마사지-동별-생활권-지역안내\index.html"
"경기","수원시-장안구","조원동","","E:\mong-lounge-site\massage\gyeonggi\suwon\jangan-gu\수원시-장안구-출장마사지-동별-생활권-지역안내\index.html"
"경기","수원시-장안구","파장동","","E:\mong-lounge-site\massage\gyeonggi\suwon\jangan-gu\수원시-장안구-출장마사지-동별-생활권-지역안내\index.html"
"경기","수원시-팔달구","고등동","","E:\mong-lounge-site\massage\gyeonggi\suwon\paldal-gu\수원시-팔달구-출장마사지-동별-생활권-지역안내\index.html"
"경기","수원시-팔달구","매교동","","E:\mong-lounge-site\massage\gyeonggi\suwon\paldal-gu\수원시-팔달구-출장마사지-동별-생활권-지역안내\index.html"
"경기","수원시-팔달구","매산동","","E:\mong-lounge-site\massage\gyeonggi\suwon\paldal-gu\수원시-팔달구-출장마사지-동별-생활권-지역안내\index.html"
"경기","수원시-팔달구","우만동","","E:\mong-lounge-site\massage\gyeonggi\suwon\paldal-gu\수원시-팔달구-출장마사지-동별-생활권-지역안내\index.html"
"경기","수원시-팔달구","인계동","","E:\mong-lounge-site\massage\gyeonggi\suwon\paldal-gu\수원시-팔달구-출장마사지-동별-생활권-지역안내\index.html"
"경기","수원시-팔달구","지동","","E:\mong-lounge-site\massage\gyeonggi\suwon\paldal-gu\수원시-팔달구-출장마사지-동별-생활권-지역안내\index.html"
"경기","수원시-팔달구","행궁동","","E:\mong-lounge-site\massage\gyeonggi\suwon\paldal-gu\수원시-팔달구-출장마사지-동별-생활권-지역안내\index.html"
"경기","수원시-팔달구","화서동","","E:\mong-lounge-site\massage\gyeonggi\suwon\paldal-gu\수원시-팔달구-출장마사지-동별-생활권-지역안내\index.html"
"경기","시흥시","거북섬동","","E:\mong-lounge-site\massage\gyeonggi\siheung\시흥시-출장마사지-배곧-정왕-은계-산업-상업-업무로-오래-선-날-다리-발의-무거움-방문-홈케어\index.html"
"경기","시흥시","과림동","","E:\mong-lounge-site\massage\gyeonggi\siheung\시흥시-출장마사지-배곧-정왕-은계-산업-상업-업무로-오래-선-날-다리-발의-무거움-방문-홈케어\index.html"
"경기","시흥시","군자동","","E:\mong-lounge-site\massage\gyeonggi\siheung\시흥시-출장마사지-배곧-정왕-은계-산업-상업-업무로-오래-선-날-다리-발의-무거움-방문-홈케어\index.html"
"경기","시흥시","능곡동","","E:\mong-lounge-site\massage\gyeonggi\siheung\시흥시-출장마사지-배곧-정왕-은계-산업-상업-업무로-오래-선-날-다리-발의-무거움-방문-홈케어\index.html"
"경기","시흥시","대야동","","E:\mong-lounge-site\massage\gyeonggi\siheung\시흥시-출장마사지-배곧-정왕-은계-산업-상업-업무로-오래-선-날-다리-발의-무거움-방문-홈케어\index.html"
"경기","시흥시","매화동","","E:\mong-lounge-site\massage\gyeonggi\siheung\시흥시-출장마사지-배곧-정왕-은계-산업-상업-업무로-오래-선-날-다리-발의-무거움-방문-홈케어\index.html"
"경기","시흥시","목감동","","E:\mong-lounge-site\massage\gyeonggi\siheung\시흥시-출장마사지-배곧-정왕-은계-산업-상업-업무로-오래-선-날-다리-발의-무거움-방문-홈케어\index.html"
"경기","시흥시","배곧동","","E:\mong-lounge-site\massage\gyeonggi\siheung\시흥시-출장마사지-배곧-정왕-은계-산업-상업-업무로-오래-선-날-다리-발의-무거움-방문-홈케어\index.html"
"경기","시흥시","신천동","","E:\mong-lounge-site\massage\gyeonggi\siheung\시흥시-출장마사지-배곧-정왕-은계-산업-상업-업무로-오래-선-날-다리-발의-무거움-방문-홈케어\index.html"
"경기","시흥시","신현동","","E:\mong-lounge-site\massage\gyeonggi\siheung\시흥시-출장마사지-배곧-정왕-은계-산업-상업-업무로-오래-선-날-다리-발의-무거움-방문-홈케어\index.html"
"경기","시흥시","연성동","","E:\mong-lounge-site\massage\gyeonggi\siheung\시흥시-출장마사지-배곧-정왕-은계-산업-상업-업무로-오래-선-날-다리-발의-무거움-방문-홈케어\index.html"
"경기","시흥시","월곶동","","E:\mong-lounge-site\massage\gyeonggi\siheung\시흥시-출장마사지-배곧-정왕-은계-산업-상업-업무로-오래-선-날-다리-발의-무거움-방문-홈케어\index.html"
"경기","시흥시","은행동","","E:\mong-lounge-site\massage\gyeonggi\siheung\시흥시-출장마사지-배곧-정왕-은계-산업-상업-업무로-오래-선-날-다리-발의-무거움-방문-홈케어\index.html"
"경기","시흥시","장곡동","","E:\mong-lounge-site\massage\gyeonggi\siheung\시흥시-출장마사지-배곧-정왕-은계-산업-상업-업무로-오래-선-날-다리-발의-무거움-방문-홈케어\index.html"
"경기","시흥시","정왕동","","E:\mong-lounge-site\massage\gyeonggi\siheung\시흥시-출장마사지-배곧-정왕-은계-산업-상업-업무로-오래-선-날-다리-발의-무거움-방문-홈케어\index.html"
"경기","시흥시","정왕본동","","E:\mong-lounge-site\massage\gyeonggi\siheung\시흥시-출장마사지-배곧-정왕-은계-산업-상업-업무로-오래-선-날-다리-발의-무거움-방문-홈케어\index.html"
"경기","안산시-단원구","고잔동","","E:\mong-lounge-site\massage\gyeonggi\ansan\danwon-gu\안산시-단원구-출장마사지-동별-생활권-지역안내\index.html"
"경기","안산시-단원구","대부동","","E:\mong-lounge-site\massage\gyeonggi\ansan\danwon-gu\안산시-단원구-출장마사지-동별-생활권-지역안내\index.html"
"경기","안산시-단원구","백운동","","E:\mong-lounge-site\massage\gyeonggi\ansan\danwon-gu\안산시-단원구-출장마사지-동별-생활권-지역안내\index.html"
"경기","안산시-단원구","선부동","","E:\mong-lounge-site\massage\gyeonggi\ansan\danwon-gu\안산시-단원구-출장마사지-동별-생활권-지역안내\index.html"
"경기","안산시-단원구","신길동","","E:\mong-lounge-site\massage\gyeonggi\ansan\danwon-gu\안산시-단원구-출장마사지-동별-생활권-지역안내\index.html"
"경기","안산시-단원구","와동","","E:\mong-lounge-site\massage\gyeonggi\ansan\danwon-gu\안산시-단원구-출장마사지-동별-생활권-지역안내\index.html"
"경기","안산시-단원구","원곡동","","E:\mong-lounge-site\massage\gyeonggi\ansan\danwon-gu\안산시-단원구-출장마사지-동별-생활권-지역안내\index.html"
"경기","안산시-단원구","중앙동","","E:\mong-lounge-site\massage\gyeonggi\ansan\danwon-gu\안산시-단원구-출장마사지-동별-생활권-지역안내\index.html"
"경기","안산시-단원구","초지동","","E:\mong-lounge-site\massage\gyeonggi\ansan\danwon-gu\안산시-단원구-출장마사지-동별-생활권-지역안내\index.html"
"경기","안산시-단원구","호수동","","E:\mong-lounge-site\massage\gyeonggi\ansan\danwon-gu\안산시-단원구-출장마사지-동별-생활권-지역안내\index.html"
"경기","안산시-상록구","반월동","","E:\mong-lounge-site\massage\gyeonggi\ansan\sangnok-gu\안산시-상록구-출장마사지-동별-생활권-지역안내\index.html"
"경기","안산시-상록구","본오동","","E:\mong-lounge-site\massage\gyeonggi\ansan\sangnok-gu\안산시-상록구-출장마사지-동별-생활권-지역안내\index.html"
"경기","안산시-상록구","부곡동","","E:\mong-lounge-site\massage\gyeonggi\ansan\sangnok-gu\안산시-상록구-출장마사지-동별-생활권-지역안내\index.html"
"경기","안산시-상록구","사동","","E:\mong-lounge-site\massage\gyeonggi\ansan\sangnok-gu\안산시-상록구-출장마사지-동별-생활권-지역안내\index.html"
"경기","안산시-상록구","사이동","","E:\mong-lounge-site\massage\gyeonggi\ansan\sangnok-gu\안산시-상록구-출장마사지-동별-생활권-지역안내\index.html"
"경기","안산시-상록구","성포동","","E:\mong-lounge-site\massage\gyeonggi\ansan\sangnok-gu\안산시-상록구-출장마사지-동별-생활권-지역안내\index.html"
"경기","안산시-상록구","안산동","","E:\mong-lounge-site\massage\gyeonggi\ansan\sangnok-gu\안산시-상록구-출장마사지-동별-생활권-지역안내\index.html"
"경기","안산시-상록구","월피동","","E:\mong-lounge-site\massage\gyeonggi\ansan\sangnok-gu\안산시-상록구-출장마사지-동별-생활권-지역안내\index.html"
"경기","안산시-상록구","일동","","E:\mong-lounge-site\massage\gyeonggi\ansan\sangnok-gu\안산시-상록구-출장마사지-동별-생활권-지역안내\index.html"
"경기","안산시-상록구","해양동","","E:\mong-lounge-site\massage\gyeonggi\ansan\sangnok-gu\안산시-상록구-출장마사지-동별-생활권-지역안내\index.html"
"경기","안성시","고삼면","행정구역","E:\mong-lounge-site\massage\gyeonggi\anseong\안성시-출장마사지-공도-석정-대덕-산업-통근과-장시간-운전-허리-다리-피로-방문-홈케어\index.html"
"경기","안성시","공도읍","행정구역","E:\mong-lounge-site\massage\gyeonggi\anseong\안성시-출장마사지-공도-석정-대덕-산업-통근과-장시간-운전-허리-다리-피로-방문-홈케어\index.html"
"경기","안성시","금광면","행정구역","E:\mong-lounge-site\massage\gyeonggi\anseong\안성시-출장마사지-공도-석정-대덕-산업-통근과-장시간-운전-허리-다리-피로-방문-홈케어\index.html"
"경기","안성시","대덕면","행정구역","E:\mong-lounge-site\massage\gyeonggi\anseong\안성시-출장마사지-공도-석정-대덕-산업-통근과-장시간-운전-허리-다리-피로-방문-홈케어\index.html"
"경기","안성시","미양면","행정구역","E:\mong-lounge-site\massage\gyeonggi\anseong\안성시-출장마사지-공도-석정-대덕-산업-통근과-장시간-운전-허리-다리-피로-방문-홈케어\index.html"
"경기","안성시","보개면","행정구역","E:\mong-lounge-site\massage\gyeonggi\anseong\안성시-출장마사지-공도-석정-대덕-산업-통근과-장시간-운전-허리-다리-피로-방문-홈케어\index.html"
"경기","안성시","삼죽면","행정구역","E:\mong-lounge-site\massage\gyeonggi\anseong\안성시-출장마사지-공도-석정-대덕-산업-통근과-장시간-운전-허리-다리-피로-방문-홈케어\index.html"
"경기","안성시","서운면","행정구역","E:\mong-lounge-site\massage\gyeonggi\anseong\안성시-출장마사지-공도-석정-대덕-산업-통근과-장시간-운전-허리-다리-피로-방문-홈케어\index.html"
"경기","안성시","안성동","행정구역","E:\mong-lounge-site\massage\gyeonggi\anseong\안성시-출장마사지-공도-석정-대덕-산업-통근과-장시간-운전-허리-다리-피로-방문-홈케어\index.html"
"경기","안성시","양성면","행정구역","E:\mong-lounge-site\massage\gyeonggi\anseong\안성시-출장마사지-공도-석정-대덕-산업-통근과-장시간-운전-허리-다리-피로-방문-홈케어\index.html"
"경기","안성시","원곡면","행정구역","E:\mong-lounge-site\massage\gyeonggi\anseong\안성시-출장마사지-공도-석정-대덕-산업-통근과-장시간-운전-허리-다리-피로-방문-홈케어\index.html"
"경기","안성시","일죽면","행정구역","E:\mong-lounge-site\massage\gyeonggi\anseong\안성시-출장마사지-공도-석정-대덕-산업-통근과-장시간-운전-허리-다리-피로-방문-홈케어\index.html"
"경기","안성시","죽산면","행정구역","E:\mong-lounge-site\massage\gyeonggi\anseong\안성시-출장마사지-공도-석정-대덕-산업-통근과-장시간-운전-허리-다리-피로-방문-홈케어\index.html"
"경기","안양시-동안구","갈산동","","E:\mong-lounge-site\massage\gyeonggi\anyang\dongan-gu\안양시-동안구-출장마사지-동별-생활권-지역안내\index.html"
"경기","안양시-동안구","관양동","","E:\mong-lounge-site\massage\gyeonggi\anyang\dongan-gu\안양시-동안구-출장마사지-동별-생활권-지역안내\index.html"
"경기","안양시-동안구","귀인동","","E:\mong-lounge-site\massage\gyeonggi\anyang\dongan-gu\안양시-동안구-출장마사지-동별-생활권-지역안내\index.html"
"경기","안양시-동안구","달안동","","E:\mong-lounge-site\massage\gyeonggi\anyang\dongan-gu\안양시-동안구-출장마사지-동별-생활권-지역안내\index.html"
"경기","안양시-동안구","범계동","","E:\mong-lounge-site\massage\gyeonggi\anyang\dongan-gu\안양시-동안구-출장마사지-동별-생활권-지역안내\index.html"
"경기","안양시-동안구","부림동","","E:\mong-lounge-site\massage\gyeonggi\anyang\dongan-gu\안양시-동안구-출장마사지-동별-생활권-지역안내\index.html"
"경기","안양시-동안구","부흥동","","E:\mong-lounge-site\massage\gyeonggi\anyang\dongan-gu\안양시-동안구-출장마사지-동별-생활권-지역안내\index.html"
"경기","안양시-동안구","비산동","","E:\mong-lounge-site\massage\gyeonggi\anyang\dongan-gu\안양시-동안구-출장마사지-동별-생활권-지역안내\index.html"
"경기","안양시-동안구","신촌동","","E:\mong-lounge-site\massage\gyeonggi\anyang\dongan-gu\안양시-동안구-출장마사지-동별-생활권-지역안내\index.html"
"경기","안양시-동안구","인덕원동","","E:\mong-lounge-site\massage\gyeonggi\anyang\dongan-gu\안양시-동안구-출장마사지-동별-생활권-지역안내\index.html"
"경기","안양시-동안구","평안동","","E:\mong-lounge-site\massage\gyeonggi\anyang\dongan-gu\안양시-동안구-출장마사지-동별-생활권-지역안내\index.html"
"경기","안양시-동안구","평촌동","","E:\mong-lounge-site\massage\gyeonggi\anyang\dongan-gu\안양시-동안구-출장마사지-동별-생활권-지역안내\index.html"
"경기","안양시-동안구","호계동","","E:\mong-lounge-site\massage\gyeonggi\anyang\dongan-gu\안양시-동안구-출장마사지-동별-생활권-지역안내\index.html"
"경기","안양시-만안구","명학동","","E:\mong-lounge-site\massage\gyeonggi\anyang\manan-gu\안양시-만안구-출장마사지-동별-생활권-지역안내\index.html"
"경기","안양시-만안구","박달동","","E:\mong-lounge-site\massage\gyeonggi\anyang\manan-gu\안양시-만안구-출장마사지-동별-생활권-지역안내\index.html"
"경기","안양시-만안구","병목안동","","E:\mong-lounge-site\massage\gyeonggi\anyang\manan-gu\안양시-만안구-출장마사지-동별-생활권-지역안내\index.html"
"경기","안양시-만안구","석수동","","E:\mong-lounge-site\massage\gyeonggi\anyang\manan-gu\안양시-만안구-출장마사지-동별-생활권-지역안내\index.html"
"경기","안양시-만안구","안양동","","E:\mong-lounge-site\massage\gyeonggi\anyang\manan-gu\안양시-만안구-출장마사지-동별-생활권-지역안내\index.html"
"경기","안양시-만안구","충훈동","","E:\mong-lounge-site\massage\gyeonggi\anyang\manan-gu\안양시-만안구-출장마사지-동별-생활권-지역안내\index.html"
"경기","안양시-만안구","호현동","","E:\mong-lounge-site\massage\gyeonggi\anyang\manan-gu\안양시-만안구-출장마사지-동별-생활권-지역안내\index.html"
"경기","양주시","광적면","행정구역","E:\mong-lounge-site\massage\gyeonggi\yangju\양주시-출장마사지-옥정-덕계-회천-가족-일정과-차량-이동이-겹친-날-허리-다리-피로-방문-홈케어\index.html"
"경기","양주시","남면","행정구역","E:\mong-lounge-site\massage\gyeonggi\yangju\양주시-출장마사지-옥정-덕계-회천-가족-일정과-차량-이동이-겹친-날-허리-다리-피로-방문-홈케어\index.html"
"경기","양주시","백석읍","행정구역","E:\mong-lounge-site\massage\gyeonggi\yangju\양주시-출장마사지-옥정-덕계-회천-가족-일정과-차량-이동이-겹친-날-허리-다리-피로-방문-홈케어\index.html"
"경기","양주시","양주동","행정구역","E:\mong-lounge-site\massage\gyeonggi\yangju\양주시-출장마사지-옥정-덕계-회천-가족-일정과-차량-이동이-겹친-날-허리-다리-피로-방문-홈케어\index.html"
"경기","양주시","옥정동","행정구역","E:\mong-lounge-site\massage\gyeonggi\yangju\양주시-출장마사지-옥정-덕계-회천-가족-일정과-차량-이동이-겹친-날-허리-다리-피로-방문-홈케어\index.html"
"경기","양주시","은현면","행정구역","E:\mong-lounge-site\massage\gyeonggi\yangju\양주시-출장마사지-옥정-덕계-회천-가족-일정과-차량-이동이-겹친-날-허리-다리-피로-방문-홈케어\index.html"
"경기","양주시","장흥면","행정구역","E:\mong-lounge-site\massage\gyeonggi\yangju\양주시-출장마사지-옥정-덕계-회천-가족-일정과-차량-이동이-겹친-날-허리-다리-피로-방문-홈케어\index.html"
"경기","양주시","회천동","행정구역","E:\mong-lounge-site\massage\gyeonggi\yangju\양주시-출장마사지-옥정-덕계-회천-가족-일정과-차량-이동이-겹친-날-허리-다리-피로-방문-홈케어\index.html"
"경기","양평군","강상면","행정구역","E:\mong-lounge-site\massage\gyeonggi\yangpyeong\양평군-출장마사지-양평읍-용문-양서-주말-차량-이동과-외출-일정-허리-다리-피로-방문-홈케어\index.html"
"경기","양평군","강하면","행정구역","E:\mong-lounge-site\massage\gyeonggi\yangpyeong\양평군-출장마사지-양평읍-용문-양서-주말-차량-이동과-외출-일정-허리-다리-피로-방문-홈케어\index.html"
"경기","양평군","개군면","행정구역","E:\mong-lounge-site\massage\gyeonggi\yangpyeong\양평군-출장마사지-양평읍-용문-양서-주말-차량-이동과-외출-일정-허리-다리-피로-방문-홈케어\index.html"
"경기","양평군","단월면","행정구역","E:\mong-lounge-site\massage\gyeonggi\yangpyeong\양평군-출장마사지-양평읍-용문-양서-주말-차량-이동과-외출-일정-허리-다리-피로-방문-홈케어\index.html"
"경기","양평군","서종면","행정구역","E:\mong-lounge-site\massage\gyeonggi\yangpyeong\양평군-출장마사지-양평읍-용문-양서-주말-차량-이동과-외출-일정-허리-다리-피로-방문-홈케어\index.html"
"경기","양평군","양동면","행정구역","E:\mong-lounge-site\massage\gyeonggi\yangpyeong\양평군-출장마사지-양평읍-용문-양서-주말-차량-이동과-외출-일정-허리-다리-피로-방문-홈케어\index.html"
"경기","양평군","양서면","행정구역","E:\mong-lounge-site\massage\gyeonggi\yangpyeong\양평군-출장마사지-양평읍-용문-양서-주말-차량-이동과-외출-일정-허리-다리-피로-방문-홈케어\index.html"
"경기","양평군","양평읍","","E:\mong-lounge-site\massage\gyeonggi\yangpyeong\양평군-출장마사지-양평읍-용문-양서-주말-차량-이동과-외출-일정-허리-다리-피로-방문-홈케어\index.html"
"경기","양평군","옥천면","행정구역","E:\mong-lounge-site\massage\gyeonggi\yangpyeong\양평군-출장마사지-양평읍-용문-양서-주말-차량-이동과-외출-일정-허리-다리-피로-방문-홈케어\index.html"
"경기","양평군","용문면","행정구역","E:\mong-lounge-site\massage\gyeonggi\yangpyeong\양평군-출장마사지-양평읍-용문-양서-주말-차량-이동과-외출-일정-허리-다리-피로-방문-홈케어\index.html"
"경기","양평군","지평면","행정구역","E:\mong-lounge-site\massage\gyeonggi\yangpyeong\양평군-출장마사지-양평읍-용문-양서-주말-차량-이동과-외출-일정-허리-다리-피로-방문-홈케어\index.html"
"경기","양평군","청운면","행정구역","E:\mong-lounge-site\massage\gyeonggi\yangpyeong\양평군-출장마사지-양평읍-용문-양서-주말-차량-이동과-외출-일정-허리-다리-피로-방문-홈케어\index.html"
"경기","여주시","가남읍","행정구역","E:\mong-lounge-site\massage\gyeonggi\yeoju\여주시-출장마사지-오학-홍문-여주역-쇼핑-업무와-차량-이동이-겹친-날-다리-허리-피로-방문-홈케어\index.html"
"경기","여주시","강천면","행정구역","E:\mong-lounge-site\massage\gyeonggi\yeoju\여주시-출장마사지-오학-홍문-여주역-쇼핑-업무와-차량-이동이-겹친-날-다리-허리-피로-방문-홈케어\index.html"
"경기","여주시","금사면","행정구역","E:\mong-lounge-site\massage\gyeonggi\yeoju\여주시-출장마사지-오학-홍문-여주역-쇼핑-업무와-차량-이동이-겹친-날-다리-허리-피로-방문-홈케어\index.html"
"경기","여주시","대신면","행정구역","E:\mong-lounge-site\massage\gyeonggi\yeoju\여주시-출장마사지-오학-홍문-여주역-쇼핑-업무와-차량-이동이-겹친-날-다리-허리-피로-방문-홈케어\index.html"
"경기","여주시","북내면","행정구역","E:\mong-lounge-site\massage\gyeonggi\yeoju\여주시-출장마사지-오학-홍문-여주역-쇼핑-업무와-차량-이동이-겹친-날-다리-허리-피로-방문-홈케어\index.html"
"경기","여주시","산북면","행정구역","E:\mong-lounge-site\massage\gyeonggi\yeoju\여주시-출장마사지-오학-홍문-여주역-쇼핑-업무와-차량-이동이-겹친-날-다리-허리-피로-방문-홈케어\index.html"
"경기","여주시","세종대왕면","행정구역","E:\mong-lounge-site\massage\gyeonggi\yeoju\여주시-출장마사지-오학-홍문-여주역-쇼핑-업무와-차량-이동이-겹친-날-다리-허리-피로-방문-홈케어\index.html"
"경기","여주시","여흥동","여주역","E:\mong-lounge-site\massage\gyeonggi\yeoju\여주시-출장마사지-오학-홍문-여주역-쇼핑-업무와-차량-이동이-겹친-날-다리-허리-피로-방문-홈케어\index.html"
"경기","여주시","오학동","여주역","E:\mong-lounge-site\massage\gyeonggi\yeoju\여주시-출장마사지-오학-홍문-여주역-쇼핑-업무와-차량-이동이-겹친-날-다리-허리-피로-방문-홈케어\index.html"
"경기","여주시","점동면","행정구역","E:\mong-lounge-site\massage\gyeonggi\yeoju\여주시-출장마사지-오학-홍문-여주역-쇼핑-업무와-차량-이동이-겹친-날-다리-허리-피로-방문-홈케어\index.html"
"경기","여주시","중앙동","여주역","E:\mong-lounge-site\massage\gyeonggi\yeoju\여주시-출장마사지-오학-홍문-여주역-쇼핑-업무와-차량-이동이-겹친-날-다리-허리-피로-방문-홈케어\index.html"
"경기","여주시","흥천면","행정구역","E:\mong-lounge-site\massage\gyeonggi\yeoju\여주시-출장마사지-오학-홍문-여주역-쇼핑-업무와-차량-이동이-겹친-날-다리-허리-피로-방문-홈케어\index.html"
"경기","연천군","군남면","행정구역","E:\mong-lounge-site\massage\gyeonggi\yeoncheon\연천군-출장마사지-전곡-연천읍-청산-장거리-운전과-외곽-이동-허리-다리-피로-방문-홈케어\index.html"
"경기","연천군","미산면","행정구역","E:\mong-lounge-site\massage\gyeonggi\yeoncheon\연천군-출장마사지-전곡-연천읍-청산-장거리-운전과-외곽-이동-허리-다리-피로-방문-홈케어\index.html"
"경기","연천군","백학면","행정구역","E:\mong-lounge-site\massage\gyeonggi\yeoncheon\연천군-출장마사지-전곡-연천읍-청산-장거리-운전과-외곽-이동-허리-다리-피로-방문-홈케어\index.html"
"경기","연천군","신서면","행정구역","E:\mong-lounge-site\massage\gyeonggi\yeoncheon\연천군-출장마사지-전곡-연천읍-청산-장거리-운전과-외곽-이동-허리-다리-피로-방문-홈케어\index.html"
"경기","연천군","연천읍","","E:\mong-lounge-site\massage\gyeonggi\yeoncheon\연천군-출장마사지-전곡-연천읍-청산-장거리-운전과-외곽-이동-허리-다리-피로-방문-홈케어\index.html"
"경기","연천군","왕징면","행정구역","E:\mong-lounge-site\massage\gyeonggi\yeoncheon\연천군-출장마사지-전곡-연천읍-청산-장거리-운전과-외곽-이동-허리-다리-피로-방문-홈케어\index.html"
"경기","연천군","장남면","행정구역","E:\mong-lounge-site\massage\gyeonggi\yeoncheon\연천군-출장마사지-전곡-연천읍-청산-장거리-운전과-외곽-이동-허리-다리-피로-방문-홈케어\index.html"
"경기","연천군","전곡읍","행정구역","E:\mong-lounge-site\massage\gyeonggi\yeoncheon\연천군-출장마사지-전곡-연천읍-청산-장거리-운전과-외곽-이동-허리-다리-피로-방문-홈케어\index.html"
"경기","연천군","중면","행정구역","E:\mong-lounge-site\massage\gyeonggi\yeoncheon\연천군-출장마사지-전곡-연천읍-청산-장거리-운전과-외곽-이동-허리-다리-피로-방문-홈케어\index.html"
"경기","연천군","청산면","행정구역","E:\mong-lounge-site\massage\gyeonggi\yeoncheon\연천군-출장마사지-전곡-연천읍-청산-장거리-운전과-외곽-이동-허리-다리-피로-방문-홈케어\index.html"
"경기","오산시","남촌동","오산역","E:\mong-lounge-site\massage\gyeonggi\osan\오산시-출장마사지-세교-오산역-원동-출퇴근과-환승-이동이-길어진-날-목-다리-피로-방문-홈케어\index.html"
"경기","오산시","대원동","오산역","E:\mong-lounge-site\massage\gyeonggi\osan\오산시-출장마사지-세교-오산역-원동-출퇴근과-환승-이동이-길어진-날-목-다리-피로-방문-홈케어\index.html"
"경기","오산시","세마동","오산역","E:\mong-lounge-site\massage\gyeonggi\osan\오산시-출장마사지-세교-오산역-원동-출퇴근과-환승-이동이-길어진-날-목-다리-피로-방문-홈케어\index.html"
"경기","오산시","신장동","오산역","E:\mong-lounge-site\massage\gyeonggi\osan\오산시-출장마사지-세교-오산역-원동-출퇴근과-환승-이동이-길어진-날-목-다리-피로-방문-홈케어\index.html"
"경기","오산시","중앙동","","E:\mong-lounge-site\massage\gyeonggi\osan\오산시-출장마사지-세교-오산역-원동-출퇴근과-환승-이동이-길어진-날-목-다리-피로-방문-홈케어\index.html"
"경기","오산시","초평동","","E:\mong-lounge-site\massage\gyeonggi\osan\오산시-출장마사지-세교-오산역-원동-출퇴근과-환승-이동이-길어진-날-목-다리-피로-방문-홈케어\index.html"
"경기","용인시-기흥구","구갈동","","E:\mong-lounge-site\massage\gyeonggi\yongin\giheung-gu\용인시-기흥구-출장마사지-동별-생활권-지역안내\index.html"
"경기","용인시-기흥구","구성동","","E:\mong-lounge-site\massage\gyeonggi\yongin\giheung-gu\용인시-기흥구-출장마사지-동별-생활권-지역안내\index.html"
"경기","용인시-기흥구","기흥동","","E:\mong-lounge-site\massage\gyeonggi\yongin\giheung-gu\용인시-기흥구-출장마사지-동별-생활권-지역안내\index.html"
"경기","용인시-기흥구","동백동","","E:\mong-lounge-site\massage\gyeonggi\yongin\giheung-gu\용인시-기흥구-출장마사지-동별-생활권-지역안내\index.html"
"경기","용인시-기흥구","마북동","","E:\mong-lounge-site\massage\gyeonggi\yongin\giheung-gu\용인시-기흥구-출장마사지-동별-생활권-지역안내\index.html"
"경기","용인시-기흥구","보라동","","E:\mong-lounge-site\massage\gyeonggi\yongin\giheung-gu\용인시-기흥구-출장마사지-동별-생활권-지역안내\index.html"
"경기","용인시-기흥구","보정동","","E:\mong-lounge-site\massage\gyeonggi\yongin\giheung-gu\용인시-기흥구-출장마사지-동별-생활권-지역안내\index.html"
"경기","용인시-기흥구","상갈동","","E:\mong-lounge-site\massage\gyeonggi\yongin\giheung-gu\용인시-기흥구-출장마사지-동별-생활권-지역안내\index.html"
"경기","용인시-기흥구","상하동","","E:\mong-lounge-site\massage\gyeonggi\yongin\giheung-gu\용인시-기흥구-출장마사지-동별-생활권-지역안내\index.html"
"경기","용인시-기흥구","서농동","","E:\mong-lounge-site\massage\gyeonggi\yongin\giheung-gu\용인시-기흥구-출장마사지-동별-생활권-지역안내\index.html"
"경기","용인시-기흥구","신갈동","","E:\mong-lounge-site\massage\gyeonggi\yongin\giheung-gu\용인시-기흥구-출장마사지-동별-생활권-지역안내\index.html"
"경기","용인시-기흥구","영덕동","","E:\mong-lounge-site\massage\gyeonggi\yongin\giheung-gu\용인시-기흥구-출장마사지-동별-생활권-지역안내\index.html"
"경기","용인시-수지구","동천동","","E:\mong-lounge-site\massage\gyeonggi\yongin\suji-gu\용인시-수지구-출장마사지-동별-생활권-지역안내\index.html"
"경기","용인시-수지구","상현동","","E:\mong-lounge-site\massage\gyeonggi\yongin\suji-gu\용인시-수지구-출장마사지-동별-생활권-지역안내\index.html"
"경기","용인시-수지구","성복동","","E:\mong-lounge-site\massage\gyeonggi\yongin\suji-gu\용인시-수지구-출장마사지-동별-생활권-지역안내\index.html"
"경기","용인시-수지구","신봉동","","E:\mong-lounge-site\massage\gyeonggi\yongin\suji-gu\용인시-수지구-출장마사지-동별-생활권-지역안내\index.html"
"경기","용인시-수지구","죽전동","","E:\mong-lounge-site\massage\gyeonggi\yongin\suji-gu\용인시-수지구-출장마사지-동별-생활권-지역안내\index.html"
"경기","용인시-수지구","풍덕천동","","E:\mong-lounge-site\massage\gyeonggi\yongin\suji-gu\용인시-수지구-출장마사지-동별-생활권-지역안내\index.html"
"경기","용인시-처인구","남사읍","행정구역","E:\mong-lounge-site\massage\gyeonggi\yongin\cheoin-gu\용인시-처인구-출장마사지-동별-생활권-지역안내\index.html"
"경기","용인시-처인구","동부동","행정구역","E:\mong-lounge-site\massage\gyeonggi\yongin\cheoin-gu\용인시-처인구-출장마사지-동별-생활권-지역안내\index.html"
"경기","용인시-처인구","모현읍","행정구역","E:\mong-lounge-site\massage\gyeonggi\yongin\cheoin-gu\용인시-처인구-출장마사지-동별-생활권-지역안내\index.html"
"경기","용인시-처인구","백암면","행정구역","E:\mong-lounge-site\massage\gyeonggi\yongin\cheoin-gu\용인시-처인구-출장마사지-동별-생활권-지역안내\index.html"
"경기","용인시-처인구","삼가동","행정구역","E:\mong-lounge-site\massage\gyeonggi\yongin\cheoin-gu\용인시-처인구-출장마사지-동별-생활권-지역안내\index.html"
"경기","용인시-처인구","양지읍","행정구역","E:\mong-lounge-site\massage\gyeonggi\yongin\cheoin-gu\용인시-처인구-출장마사지-동별-생활권-지역안내\index.html"
"경기","용인시-처인구","역북동","행정구역","E:\mong-lounge-site\massage\gyeonggi\yongin\cheoin-gu\용인시-처인구-출장마사지-동별-생활권-지역안내\index.html"
"경기","용인시-처인구","원삼면","행정구역","E:\mong-lounge-site\massage\gyeonggi\yongin\cheoin-gu\용인시-처인구-출장마사지-동별-생활권-지역안내\index.html"
"경기","용인시-처인구","유림동","행정구역","E:\mong-lounge-site\massage\gyeonggi\yongin\cheoin-gu\용인시-처인구-출장마사지-동별-생활권-지역안내\index.html"
"경기","용인시-처인구","이동읍","행정구역","E:\mong-lounge-site\massage\gyeonggi\yongin\cheoin-gu\용인시-처인구-출장마사지-동별-생활권-지역안내\index.html"
"경기","용인시-처인구","중앙동","행정구역","E:\mong-lounge-site\massage\gyeonggi\yongin\cheoin-gu\용인시-처인구-출장마사지-동별-생활권-지역안내\index.html"
"경기","용인시-처인구","포곡읍","행정구역","E:\mong-lounge-site\massage\gyeonggi\yongin\cheoin-gu\용인시-처인구-출장마사지-동별-생활권-지역안내\index.html"
"경기","의왕시","고천동","","E:\mong-lounge-site\massage\gyeonggi\uiwang\의왕시-출장마사지-내손-포일-오전-오피스-통근과-장시간-앉은-업무-목-허리-피로-방문-홈케어\index.html"
"경기","의왕시","내손동","","E:\mong-lounge-site\massage\gyeonggi\uiwang\의왕시-출장마사지-내손-포일-오전-오피스-통근과-장시간-앉은-업무-목-허리-피로-방문-홈케어\index.html"
"경기","의왕시","부곡동","","E:\mong-lounge-site\massage\gyeonggi\uiwang\의왕시-출장마사지-내손-포일-오전-오피스-통근과-장시간-앉은-업무-목-허리-피로-방문-홈케어\index.html"
"경기","의왕시","오전동","","E:\mong-lounge-site\massage\gyeonggi\uiwang\의왕시-출장마사지-내손-포일-오전-오피스-통근과-장시간-앉은-업무-목-허리-피로-방문-홈케어\index.html"
"경기","의왕시","청계동","","E:\mong-lounge-site\massage\gyeonggi\uiwang\의왕시-출장마사지-내손-포일-오전-오피스-통근과-장시간-앉은-업무-목-허리-피로-방문-홈케어\index.html"
"경기","의정부시","가능동","의정부역","E:\mong-lounge-site\massage\gyeonggi\uijeongbu\의정부시-출장마사지-민락-회룡-의정부역-통근과-생활-이동이-겹친-날-허리-다리-피로-방문-홈케어\index.html"
"경기","의정부시","고산동","의정부역","E:\mong-lounge-site\massage\gyeonggi\uijeongbu\의정부시-출장마사지-민락-회룡-의정부역-통근과-생활-이동이-겹친-날-허리-다리-피로-방문-홈케어\index.html"
"경기","의정부시","녹양동","의정부역","E:\mong-lounge-site\massage\gyeonggi\uijeongbu\의정부시-출장마사지-민락-회룡-의정부역-통근과-생활-이동이-겹친-날-허리-다리-피로-방문-홈케어\index.html"
"경기","의정부시","송산동","의정부역","E:\mong-lounge-site\massage\gyeonggi\uijeongbu\의정부시-출장마사지-민락-회룡-의정부역-통근과-생활-이동이-겹친-날-허리-다리-피로-방문-홈케어\index.html"
"경기","의정부시","신곡동","의정부역","E:\mong-lounge-site\massage\gyeonggi\uijeongbu\의정부시-출장마사지-민락-회룡-의정부역-통근과-생활-이동이-겹친-날-허리-다리-피로-방문-홈케어\index.html"
"경기","의정부시","의정부동","","E:\mong-lounge-site\massage\gyeonggi\uijeongbu\의정부시-출장마사지-민락-회룡-의정부역-통근과-생활-이동이-겹친-날-허리-다리-피로-방문-홈케어\index.html"
"경기","의정부시","자금동","","E:\mong-lounge-site\massage\gyeonggi\uijeongbu\의정부시-출장마사지-민락-회룡-의정부역-통근과-생활-이동이-겹친-날-허리-다리-피로-방문-홈케어\index.html"
"경기","의정부시","장암동","","E:\mong-lounge-site\massage\gyeonggi\uijeongbu\의정부시-출장마사지-민락-회룡-의정부역-통근과-생활-이동이-겹친-날-허리-다리-피로-방문-홈케어\index.html"
"경기","의정부시","호원동","","E:\mong-lounge-site\massage\gyeonggi\uijeongbu\의정부시-출장마사지-민락-회룡-의정부역-통근과-생활-이동이-겹친-날-허리-다리-피로-방문-홈케어\index.html"
"경기","의정부시","흥선동","","E:\mong-lounge-site\massage\gyeonggi\uijeongbu\의정부시-출장마사지-민락-회룡-의정부역-통근과-생활-이동이-겹친-날-허리-다리-피로-방문-홈케어\index.html"
"경기","이천시","관고동","행정구역","E:\mong-lounge-site\massage\gyeonggi\icheon\이천시-출장마사지-창전-부발-증포-물류-산업-업무와-장시간-이동-어깨-허리-피로-방문-홈케어\index.html"
"경기","이천시","대월면","행정구역","E:\mong-lounge-site\massage\gyeonggi\icheon\이천시-출장마사지-창전-부발-증포-물류-산업-업무와-장시간-이동-어깨-허리-피로-방문-홈케어\index.html"
"경기","이천시","마장면","행정구역","E:\mong-lounge-site\massage\gyeonggi\icheon\이천시-출장마사지-창전-부발-증포-물류-산업-업무와-장시간-이동-어깨-허리-피로-방문-홈케어\index.html"
"경기","이천시","모가면","행정구역","E:\mong-lounge-site\massage\gyeonggi\icheon\이천시-출장마사지-창전-부발-증포-물류-산업-업무와-장시간-이동-어깨-허리-피로-방문-홈케어\index.html"
"경기","이천시","백사면","행정구역","E:\mong-lounge-site\massage\gyeonggi\icheon\이천시-출장마사지-창전-부발-증포-물류-산업-업무와-장시간-이동-어깨-허리-피로-방문-홈케어\index.html"
"경기","이천시","부발읍","행정구역","E:\mong-lounge-site\massage\gyeonggi\icheon\이천시-출장마사지-창전-부발-증포-물류-산업-업무와-장시간-이동-어깨-허리-피로-방문-홈케어\index.html"
"경기","이천시","설성면","행정구역","E:\mong-lounge-site\massage\gyeonggi\icheon\이천시-출장마사지-창전-부발-증포-물류-산업-업무와-장시간-이동-어깨-허리-피로-방문-홈케어\index.html"
"경기","이천시","신둔면","행정구역","E:\mong-lounge-site\massage\gyeonggi\icheon\이천시-출장마사지-창전-부발-증포-물류-산업-업무와-장시간-이동-어깨-허리-피로-방문-홈케어\index.html"
"경기","이천시","율면","행정구역","E:\mong-lounge-site\massage\gyeonggi\icheon\이천시-출장마사지-창전-부발-증포-물류-산업-업무와-장시간-이동-어깨-허리-피로-방문-홈케어\index.html"
"경기","이천시","장호원읍","행정구역","E:\mong-lounge-site\massage\gyeonggi\icheon\이천시-출장마사지-창전-부발-증포-물류-산업-업무와-장시간-이동-어깨-허리-피로-방문-홈케어\index.html"
"경기","이천시","중리동","행정구역","E:\mong-lounge-site\massage\gyeonggi\icheon\이천시-출장마사지-창전-부발-증포-물류-산업-업무와-장시간-이동-어깨-허리-피로-방문-홈케어\index.html"
"경기","이천시","증포동","행정구역","E:\mong-lounge-site\massage\gyeonggi\icheon\이천시-출장마사지-창전-부발-증포-물류-산업-업무와-장시간-이동-어깨-허리-피로-방문-홈케어\index.html"
"경기","이천시","창전동","행정구역","E:\mong-lounge-site\massage\gyeonggi\icheon\이천시-출장마사지-창전-부발-증포-물류-산업-업무와-장시간-이동-어깨-허리-피로-방문-홈케어\index.html"
"경기","이천시","호법면","행정구역","E:\mong-lounge-site\massage\gyeonggi\icheon\이천시-출장마사지-창전-부발-증포-물류-산업-업무와-장시간-이동-어깨-허리-피로-방문-홈케어\index.html"
"경기","파주시","광탄면","행정구역","E:\mong-lounge-site\massage\gyeonggi\paju\파주시-출장마사지-운정-금촌-문산-차량-통근과-장시간-운전-허리-어깨-피로-방문-홈케어\index.html"
"경기","파주시","교하동","행정구역","E:\mong-lounge-site\massage\gyeonggi\paju\파주시-출장마사지-운정-금촌-문산-차량-통근과-장시간-운전-허리-어깨-피로-방문-홈케어\index.html"
"경기","파주시","금촌동","행정구역","E:\mong-lounge-site\massage\gyeonggi\paju\파주시-출장마사지-운정-금촌-문산-차량-통근과-장시간-운전-허리-어깨-피로-방문-홈케어\index.html"
"경기","파주시","문산읍","행정구역","E:\mong-lounge-site\massage\gyeonggi\paju\파주시-출장마사지-운정-금촌-문산-차량-통근과-장시간-운전-허리-어깨-피로-방문-홈케어\index.html"
"경기","파주시","법원읍","행정구역","E:\mong-lounge-site\massage\gyeonggi\paju\파주시-출장마사지-운정-금촌-문산-차량-통근과-장시간-운전-허리-어깨-피로-방문-홈케어\index.html"
"경기","파주시","운정동","행정구역","E:\mong-lounge-site\massage\gyeonggi\paju\파주시-출장마사지-운정-금촌-문산-차량-통근과-장시간-운전-허리-어깨-피로-방문-홈케어\index.html"
"경기","파주시","월롱면","행정구역","E:\mong-lounge-site\massage\gyeonggi\paju\파주시-출장마사지-운정-금촌-문산-차량-통근과-장시간-운전-허리-어깨-피로-방문-홈케어\index.html"
"경기","파주시","장단면","행정구역","E:\mong-lounge-site\massage\gyeonggi\paju\파주시-출장마사지-운정-금촌-문산-차량-통근과-장시간-운전-허리-어깨-피로-방문-홈케어\index.html"
"경기","파주시","적성면","행정구역","E:\mong-lounge-site\massage\gyeonggi\paju\파주시-출장마사지-운정-금촌-문산-차량-통근과-장시간-운전-허리-어깨-피로-방문-홈케어\index.html"
"경기","파주시","조리읍","행정구역","E:\mong-lounge-site\massage\gyeonggi\paju\파주시-출장마사지-운정-금촌-문산-차량-통근과-장시간-운전-허리-어깨-피로-방문-홈케어\index.html"
"경기","파주시","탄현면","행정구역","E:\mong-lounge-site\massage\gyeonggi\paju\파주시-출장마사지-운정-금촌-문산-차량-통근과-장시간-운전-허리-어깨-피로-방문-홈케어\index.html"
"경기","파주시","파주읍","행정구역","E:\mong-lounge-site\massage\gyeonggi\paju\파주시-출장마사지-운정-금촌-문산-차량-통근과-장시간-운전-허리-어깨-피로-방문-홈케어\index.html"
"경기","파주시","파평면","행정구역","E:\mong-lounge-site\massage\gyeonggi\paju\파주시-출장마사지-운정-금촌-문산-차량-통근과-장시간-운전-허리-어깨-피로-방문-홈케어\index.html"
"경기","평택시","고덕동","평택역","E:\mong-lounge-site\massage\gyeonggi\pyeongtaek\평택시-출장마사지-고덕-송탄-평택역-교대-근무와-장시간-이동-다리-어깨-피로-방문-홈케어\index.html"
"경기","평택시","고덕면","행정구역","E:\mong-lounge-site\massage\gyeonggi\pyeongtaek\평택시-출장마사지-고덕-송탄-평택역-교대-근무와-장시간-이동-다리-어깨-피로-방문-홈케어\index.html"
"경기","평택시","동삭동","평택역","E:\mong-lounge-site\massage\gyeonggi\pyeongtaek\평택시-출장마사지-고덕-송탄-평택역-교대-근무와-장시간-이동-다리-어깨-피로-방문-홈케어\index.html"
"경기","평택시","비전동","평택역","E:\mong-lounge-site\massage\gyeonggi\pyeongtaek\평택시-출장마사지-고덕-송탄-평택역-교대-근무와-장시간-이동-다리-어깨-피로-방문-홈케어\index.html"
"경기","평택시","서정동","평택역","E:\mong-lounge-site\massage\gyeonggi\pyeongtaek\평택시-출장마사지-고덕-송탄-평택역-교대-근무와-장시간-이동-다리-어깨-피로-방문-홈케어\index.html"
"경기","평택시","서탄면","행정구역","E:\mong-lounge-site\massage\gyeonggi\pyeongtaek\평택시-출장마사지-고덕-송탄-평택역-교대-근무와-장시간-이동-다리-어깨-피로-방문-홈케어\index.html"
"경기","평택시","세교동","평택역","E:\mong-lounge-site\massage\gyeonggi\pyeongtaek\평택시-출장마사지-고덕-송탄-평택역-교대-근무와-장시간-이동-다리-어깨-피로-방문-홈케어\index.html"
"경기","평택시","송북동","평택역","E:\mong-lounge-site\massage\gyeonggi\pyeongtaek\평택시-출장마사지-고덕-송탄-평택역-교대-근무와-장시간-이동-다리-어깨-피로-방문-홈케어\index.html"
"경기","평택시","송탄동","행정구역","E:\mong-lounge-site\massage\gyeonggi\pyeongtaek\평택시-출장마사지-고덕-송탄-평택역-교대-근무와-장시간-이동-다리-어깨-피로-방문-홈케어\index.html"
"경기","평택시","신장동","행정구역","E:\mong-lounge-site\massage\gyeonggi\pyeongtaek\평택시-출장마사지-고덕-송탄-평택역-교대-근무와-장시간-이동-다리-어깨-피로-방문-홈케어\index.html"
"경기","평택시","신평동","행정구역","E:\mong-lounge-site\massage\gyeonggi\pyeongtaek\평택시-출장마사지-고덕-송탄-평택역-교대-근무와-장시간-이동-다리-어깨-피로-방문-홈케어\index.html"
"경기","평택시","안중읍","행정구역","E:\mong-lounge-site\massage\gyeonggi\pyeongtaek\평택시-출장마사지-고덕-송탄-평택역-교대-근무와-장시간-이동-다리-어깨-피로-방문-홈케어\index.html"
"경기","평택시","오성면","행정구역","E:\mong-lounge-site\massage\gyeonggi\pyeongtaek\평택시-출장마사지-고덕-송탄-평택역-교대-근무와-장시간-이동-다리-어깨-피로-방문-홈케어\index.html"
"경기","평택시","용이동","행정구역","E:\mong-lounge-site\massage\gyeonggi\pyeongtaek\평택시-출장마사지-고덕-송탄-평택역-교대-근무와-장시간-이동-다리-어깨-피로-방문-홈케어\index.html"
"경기","평택시","원평동","행정구역","E:\mong-lounge-site\massage\gyeonggi\pyeongtaek\평택시-출장마사지-고덕-송탄-평택역-교대-근무와-장시간-이동-다리-어깨-피로-방문-홈케어\index.html"
"경기","평택시","중앙동","행정구역","E:\mong-lounge-site\massage\gyeonggi\pyeongtaek\평택시-출장마사지-고덕-송탄-평택역-교대-근무와-장시간-이동-다리-어깨-피로-방문-홈케어\index.html"
"경기","평택시","지산동","행정구역","E:\mong-lounge-site\massage\gyeonggi\pyeongtaek\평택시-출장마사지-고덕-송탄-평택역-교대-근무와-장시간-이동-다리-어깨-피로-방문-홈케어\index.html"
"경기","평택시","진위면","행정구역","E:\mong-lounge-site\massage\gyeonggi\pyeongtaek\평택시-출장마사지-고덕-송탄-평택역-교대-근무와-장시간-이동-다리-어깨-피로-방문-홈케어\index.html"
"경기","평택시","청북읍","행정구역","E:\mong-lounge-site\massage\gyeonggi\pyeongtaek\평택시-출장마사지-고덕-송탄-평택역-교대-근무와-장시간-이동-다리-어깨-피로-방문-홈케어\index.html"
"경기","평택시","통복동","행정구역","E:\mong-lounge-site\massage\gyeonggi\pyeongtaek\평택시-출장마사지-고덕-송탄-평택역-교대-근무와-장시간-이동-다리-어깨-피로-방문-홈케어\index.html"
"경기","평택시","팽성읍","행정구역","E:\mong-lounge-site\massage\gyeonggi\pyeongtaek\평택시-출장마사지-고덕-송탄-평택역-교대-근무와-장시간-이동-다리-어깨-피로-방문-홈케어\index.html"
"경기","평택시","포승읍","행정구역","E:\mong-lounge-site\massage\gyeonggi\pyeongtaek\평택시-출장마사지-고덕-송탄-평택역-교대-근무와-장시간-이동-다리-어깨-피로-방문-홈케어\index.html"
"경기","평택시","현덕면","행정구역","E:\mong-lounge-site\massage\gyeonggi\pyeongtaek\평택시-출장마사지-고덕-송탄-평택역-교대-근무와-장시간-이동-다리-어깨-피로-방문-홈케어\index.html"
"경기","포천시","가산면","행정구역","E:\mong-lounge-site\massage\gyeonggi\pocheon\포천시-출장마사지-소흘-송우리-포천동-장거리-차량-이동과-현장-일정-허리-어깨-피로-방문-홈케어\index.html"
"경기","포천시","관인면","행정구역","E:\mong-lounge-site\massage\gyeonggi\pocheon\포천시-출장마사지-소흘-송우리-포천동-장거리-차량-이동과-현장-일정-허리-어깨-피로-방문-홈케어\index.html"
"경기","포천시","군내면","행정구역","E:\mong-lounge-site\massage\gyeonggi\pocheon\포천시-출장마사지-소흘-송우리-포천동-장거리-차량-이동과-현장-일정-허리-어깨-피로-방문-홈케어\index.html"
"경기","포천시","내촌면","행정구역","E:\mong-lounge-site\massage\gyeonggi\pocheon\포천시-출장마사지-소흘-송우리-포천동-장거리-차량-이동과-현장-일정-허리-어깨-피로-방문-홈케어\index.html"
"경기","포천시","선단동","행정구역","E:\mong-lounge-site\massage\gyeonggi\pocheon\포천시-출장마사지-소흘-송우리-포천동-장거리-차량-이동과-현장-일정-허리-어깨-피로-방문-홈케어\index.html"
"경기","포천시","소흘읍","행정구역","E:\mong-lounge-site\massage\gyeonggi\pocheon\포천시-출장마사지-소흘-송우리-포천동-장거리-차량-이동과-현장-일정-허리-어깨-피로-방문-홈케어\index.html"
"경기","포천시","신북면","행정구역","E:\mong-lounge-site\massage\gyeonggi\pocheon\포천시-출장마사지-소흘-송우리-포천동-장거리-차량-이동과-현장-일정-허리-어깨-피로-방문-홈케어\index.html"
"경기","포천시","영북면","행정구역","E:\mong-lounge-site\massage\gyeonggi\pocheon\포천시-출장마사지-소흘-송우리-포천동-장거리-차량-이동과-현장-일정-허리-어깨-피로-방문-홈케어\index.html"
"경기","포천시","영중면","행정구역","E:\mong-lounge-site\massage\gyeonggi\pocheon\포천시-출장마사지-소흘-송우리-포천동-장거리-차량-이동과-현장-일정-허리-어깨-피로-방문-홈케어\index.html"
"경기","포천시","이동면","행정구역","E:\mong-lounge-site\massage\gyeonggi\pocheon\포천시-출장마사지-소흘-송우리-포천동-장거리-차량-이동과-현장-일정-허리-어깨-피로-방문-홈케어\index.html"
"경기","포천시","일동면","행정구역","E:\mong-lounge-site\massage\gyeonggi\pocheon\포천시-출장마사지-소흘-송우리-포천동-장거리-차량-이동과-현장-일정-허리-어깨-피로-방문-홈케어\index.html"
"경기","포천시","창수면","행정구역","E:\mong-lounge-site\massage\gyeonggi\pocheon\포천시-출장마사지-소흘-송우리-포천동-장거리-차량-이동과-현장-일정-허리-어깨-피로-방문-홈케어\index.html"
"경기","포천시","포천동","","E:\mong-lounge-site\massage\gyeonggi\pocheon\포천시-출장마사지-소흘-송우리-포천동-장거리-차량-이동과-현장-일정-허리-어깨-피로-방문-홈케어\index.html"
"경기","포천시","화현면","행정구역","E:\mong-lounge-site\massage\gyeonggi\pocheon\포천시-출장마사지-소흘-송우리-포천동-장거리-차량-이동과-현장-일정-허리-어깨-피로-방문-홈케어\index.html"
"경기","하남시","감북동","","E:\mong-lounge-site\massage\gyeonggi\hanam\하남시-출장마사지-미사-감일-덕풍-신도시-생활과-집안-정리-일정-어깨-허리-피로-방문-홈케어\index.html"
"경기","하남시","감일동","","E:\mong-lounge-site\massage\gyeonggi\hanam\하남시-출장마사지-미사-감일-덕풍-신도시-생활과-집안-정리-일정-어깨-허리-피로-방문-홈케어\index.html"
"경기","하남시","덕풍동","","E:\mong-lounge-site\massage\gyeonggi\hanam\하남시-출장마사지-미사-감일-덕풍-신도시-생활과-집안-정리-일정-어깨-허리-피로-방문-홈케어\index.html"
"경기","하남시","미사동","","E:\mong-lounge-site\massage\gyeonggi\hanam\하남시-출장마사지-미사-감일-덕풍-신도시-생활과-집안-정리-일정-어깨-허리-피로-방문-홈케어\index.html"
"경기","하남시","신장동","","E:\mong-lounge-site\massage\gyeonggi\hanam\하남시-출장마사지-미사-감일-덕풍-신도시-생활과-집안-정리-일정-어깨-허리-피로-방문-홈케어\index.html"
"경기","하남시","위례동","","E:\mong-lounge-site\massage\gyeonggi\hanam\하남시-출장마사지-미사-감일-덕풍-신도시-생활과-집안-정리-일정-어깨-허리-피로-방문-홈케어\index.html"
"경기","하남시","천현동","","E:\mong-lounge-site\massage\gyeonggi\hanam\하남시-출장마사지-미사-감일-덕풍-신도시-생활과-집안-정리-일정-어깨-허리-피로-방문-홈케어\index.html"
"경기","하남시","초이동","","E:\mong-lounge-site\massage\gyeonggi\hanam\하남시-출장마사지-미사-감일-덕풍-신도시-생활과-집안-정리-일정-어깨-허리-피로-방문-홈케어\index.html"
"경기","하남시","춘궁동","","E:\mong-lounge-site\massage\gyeonggi\hanam\하남시-출장마사지-미사-감일-덕풍-신도시-생활과-집안-정리-일정-어깨-허리-피로-방문-홈케어\index.html"
"경기","화성시-동탄구","동탄동","","E:\mong-lounge-site\massage\gyeonggi\hwaseong\dongtan-gu\화성시-동탄구-출장마사지-동별-생활권-지역안내\index.html"
"경기","화성시-만세구","남양읍","행정구역","E:\mong-lounge-site\massage\gyeonggi\hwaseong\manse-gu\화성시-만세구-출장마사지-동별-생활권-지역안내\index.html"
"경기","화성시-만세구","마도면","행정구역","E:\mong-lounge-site\massage\gyeonggi\hwaseong\manse-gu\화성시-만세구-출장마사지-동별-생활권-지역안내\index.html"
"경기","화성시-만세구","새솔동","행정구역","E:\mong-lounge-site\massage\gyeonggi\hwaseong\manse-gu\화성시-만세구-출장마사지-동별-생활권-지역안내\index.html"
"경기","화성시-만세구","서신면","행정구역","E:\mong-lounge-site\massage\gyeonggi\hwaseong\manse-gu\화성시-만세구-출장마사지-동별-생활권-지역안내\index.html"
"경기","화성시-만세구","송산면","행정구역","E:\mong-lounge-site\massage\gyeonggi\hwaseong\manse-gu\화성시-만세구-출장마사지-동별-생활권-지역안내\index.html"
"경기","화성시-만세구","양감면","행정구역","E:\mong-lounge-site\massage\gyeonggi\hwaseong\manse-gu\화성시-만세구-출장마사지-동별-생활권-지역안내\index.html"
"경기","화성시-만세구","우정읍","행정구역","E:\mong-lounge-site\massage\gyeonggi\hwaseong\manse-gu\화성시-만세구-출장마사지-동별-생활권-지역안내\index.html"
"경기","화성시-만세구","장안면","행정구역","E:\mong-lounge-site\massage\gyeonggi\hwaseong\manse-gu\화성시-만세구-출장마사지-동별-생활권-지역안내\index.html"
"경기","화성시-만세구","팔탄면","행정구역","E:\mong-lounge-site\massage\gyeonggi\hwaseong\manse-gu\화성시-만세구-출장마사지-동별-생활권-지역안내\index.html"
"경기","화성시-만세구","향남읍","행정구역","E:\mong-lounge-site\massage\gyeonggi\hwaseong\manse-gu\화성시-만세구-출장마사지-동별-생활권-지역안내\index.html"
"경기","화성시-병점구","반월동","","E:\mong-lounge-site\massage\gyeonggi\hwaseong\byeongjeom-gu\화성시-병점구-출장마사지-동별-생활권-지역안내\index.html"
"경기","화성시-병점구","병점동","","E:\mong-lounge-site\massage\gyeonggi\hwaseong\byeongjeom-gu\화성시-병점구-출장마사지-동별-생활권-지역안내\index.html"
"경기","화성시-병점구","진안동","","E:\mong-lounge-site\massage\gyeonggi\hwaseong\byeongjeom-gu\화성시-병점구-출장마사지-동별-생활권-지역안내\index.html"
"경기","화성시-병점구","화산동","","E:\mong-lounge-site\massage\gyeonggi\hwaseong\byeongjeom-gu\화성시-병점구-출장마사지-동별-생활권-지역안내\index.html"
"경기","화성시-효행구","기배동","행정구역","E:\mong-lounge-site\massage\gyeonggi\hwaseong\hyohaeng-gu\화성시-효행구-출장마사지-동별-생활권-지역안내\index.html"
"경기","화성시-효행구","매송면","행정구역","E:\mong-lounge-site\massage\gyeonggi\hwaseong\hyohaeng-gu\화성시-효행구-출장마사지-동별-생활권-지역안내\index.html"
"경기","화성시-효행구","봉담읍","행정구역","E:\mong-lounge-site\massage\gyeonggi\hwaseong\hyohaeng-gu\화성시-효행구-출장마사지-동별-생활권-지역안내\index.html"
"경기","화성시-효행구","비봉면","행정구역","E:\mong-lounge-site\massage\gyeonggi\hwaseong\hyohaeng-gu\화성시-효행구-출장마사지-동별-생활권-지역안내\index.html"
"경기","화성시-효행구","정남면","행정구역","E:\mong-lounge-site\massage\gyeonggi\hwaseong\hyohaeng-gu\화성시-효행구-출장마사지-동별-생활권-지역안내\index.html"
"서울","강남구","개포동","","E:\mong-lounge-site\massage\seoul\gangnam-gu\강남구-출장마사지-압구정-청담-역삼-외출-미팅-일정이-길어진-날-목-어깨의-뻐근함-방문-홈케어\index.html"
"서울","강남구","논현동","","E:\mong-lounge-site\massage\seoul\gangnam-gu\강남구-출장마사지-압구정-청담-역삼-외출-미팅-일정이-길어진-날-목-어깨의-뻐근함-방문-홈케어\index.html"
"서울","강남구","대치동","","E:\mong-lounge-site\massage\seoul\gangnam-gu\강남구-출장마사지-압구정-청담-역삼-외출-미팅-일정이-길어진-날-목-어깨의-뻐근함-방문-홈케어\index.html"
"서울","강남구","도곡동","","E:\mong-lounge-site\massage\seoul\gangnam-gu\강남구-출장마사지-압구정-청담-역삼-외출-미팅-일정이-길어진-날-목-어깨의-뻐근함-방문-홈케어\index.html"
"서울","강남구","삼성동","","E:\mong-lounge-site\massage\seoul\gangnam-gu\강남구-출장마사지-압구정-청담-역삼-외출-미팅-일정이-길어진-날-목-어깨의-뻐근함-방문-홈케어\index.html"
"서울","강남구","세곡동","","E:\mong-lounge-site\massage\seoul\gangnam-gu\강남구-출장마사지-압구정-청담-역삼-외출-미팅-일정이-길어진-날-목-어깨의-뻐근함-방문-홈케어\index.html"
"서울","강남구","수서동","","E:\mong-lounge-site\massage\seoul\gangnam-gu\강남구-출장마사지-압구정-청담-역삼-외출-미팅-일정이-길어진-날-목-어깨의-뻐근함-방문-홈케어\index.html"
"서울","강남구","신사동","","E:\mong-lounge-site\massage\seoul\gangnam-gu\강남구-출장마사지-압구정-청담-역삼-외출-미팅-일정이-길어진-날-목-어깨의-뻐근함-방문-홈케어\index.html"
"서울","강남구","압구정동","","E:\mong-lounge-site\massage\seoul\gangnam-gu\강남구-출장마사지-압구정-청담-역삼-외출-미팅-일정이-길어진-날-목-어깨의-뻐근함-방문-홈케어\index.html"
"서울","강남구","역삼동","","E:\mong-lounge-site\massage\seoul\gangnam-gu\강남구-출장마사지-압구정-청담-역삼-외출-미팅-일정이-길어진-날-목-어깨의-뻐근함-방문-홈케어\index.html"
"서울","강남구","일원동","","E:\mong-lounge-site\massage\seoul\gangnam-gu\강남구-출장마사지-압구정-청담-역삼-외출-미팅-일정이-길어진-날-목-어깨의-뻐근함-방문-홈케어\index.html"
"서울","강남구","일원본동","","E:\mong-lounge-site\massage\seoul\gangnam-gu\강남구-출장마사지-압구정-청담-역삼-외출-미팅-일정이-길어진-날-목-어깨의-뻐근함-방문-홈케어\index.html"
"서울","강남구","청담동","","E:\mong-lounge-site\massage\seoul\gangnam-gu\강남구-출장마사지-압구정-청담-역삼-외출-미팅-일정이-길어진-날-목-어깨의-뻐근함-방문-홈케어\index.html"
"서울","강동구","강일동","","E:\mong-lounge-site\massage\seoul\gangdong-gu\강동구-출장마사지-둔촌-올림픽공원-일자산-입주-이사와-장시간-정리-전신-뭉침과-무거움-방문-홈케어\index.html"
"서울","강동구","고덕동","","E:\mong-lounge-site\massage\seoul\gangdong-gu\강동구-출장마사지-둔촌-올림픽공원-일자산-입주-이사와-장시간-정리-전신-뭉침과-무거움-방문-홈케어\index.html"
"서울","강동구","길동","","E:\mong-lounge-site\massage\seoul\gangdong-gu\강동구-출장마사지-둔촌-올림픽공원-일자산-입주-이사와-장시간-정리-전신-뭉침과-무거움-방문-홈케어\index.html"
"서울","강동구","둔촌동","","E:\mong-lounge-site\massage\seoul\gangdong-gu\강동구-출장마사지-둔촌-올림픽공원-일자산-입주-이사와-장시간-정리-전신-뭉침과-무거움-방문-홈케어\index.html"
"서울","강동구","명일동","","E:\mong-lounge-site\massage\seoul\gangdong-gu\강동구-출장마사지-둔촌-올림픽공원-일자산-입주-이사와-장시간-정리-전신-뭉침과-무거움-방문-홈케어\index.html"
"서울","강동구","상일동","","E:\mong-lounge-site\massage\seoul\gangdong-gu\강동구-출장마사지-둔촌-올림픽공원-일자산-입주-이사와-장시간-정리-전신-뭉침과-무거움-방문-홈케어\index.html"
"서울","강동구","성내동","","E:\mong-lounge-site\massage\seoul\gangdong-gu\강동구-출장마사지-둔촌-올림픽공원-일자산-입주-이사와-장시간-정리-전신-뭉침과-무거움-방문-홈케어\index.html"
"서울","강동구","암사동","","E:\mong-lounge-site\massage\seoul\gangdong-gu\강동구-출장마사지-둔촌-올림픽공원-일자산-입주-이사와-장시간-정리-전신-뭉침과-무거움-방문-홈케어\index.html"
"서울","강동구","천호동","","E:\mong-lounge-site\massage\seoul\gangdong-gu\강동구-출장마사지-둔촌-올림픽공원-일자산-입주-이사와-장시간-정리-전신-뭉침과-무거움-방문-홈케어\index.html"
"서울","강북구","미아동","","E:\mong-lounge-site\massage\seoul\gangbuk-gu\강북구-출장마사지-미아사거리-수유-번동-판매-미용-업무로-오래-서-있는-날-종아리-발-손목-피로-방문-홈케어\index.html"
"서울","강북구","번동","","E:\mong-lounge-site\massage\seoul\gangbuk-gu\강북구-출장마사지-미아사거리-수유-번동-판매-미용-업무로-오래-서-있는-날-종아리-발-손목-피로-방문-홈케어\index.html"
"서울","강북구","삼각산동","","E:\mong-lounge-site\massage\seoul\gangbuk-gu\강북구-출장마사지-미아사거리-수유-번동-판매-미용-업무로-오래-서-있는-날-종아리-발-손목-피로-방문-홈케어\index.html"
"서울","강북구","삼양동","","E:\mong-lounge-site\massage\seoul\gangbuk-gu\강북구-출장마사지-미아사거리-수유-번동-판매-미용-업무로-오래-서-있는-날-종아리-발-손목-피로-방문-홈케어\index.html"
"서울","강북구","송중동","","E:\mong-lounge-site\massage\seoul\gangbuk-gu\강북구-출장마사지-미아사거리-수유-번동-판매-미용-업무로-오래-서-있는-날-종아리-발-손목-피로-방문-홈케어\index.html"
"서울","강북구","송천동","","E:\mong-lounge-site\massage\seoul\gangbuk-gu\강북구-출장마사지-미아사거리-수유-번동-판매-미용-업무로-오래-서-있는-날-종아리-발-손목-피로-방문-홈케어\index.html"
"서울","강북구","수유동","","E:\mong-lounge-site\massage\seoul\gangbuk-gu\강북구-출장마사지-미아사거리-수유-번동-판매-미용-업무로-오래-서-있는-날-종아리-발-손목-피로-방문-홈케어\index.html"
"서울","강북구","우이동","","E:\mong-lounge-site\massage\seoul\gangbuk-gu\강북구-출장마사지-미아사거리-수유-번동-판매-미용-업무로-오래-서-있는-날-종아리-발-손목-피로-방문-홈케어\index.html"
"서울","강북구","인수동","","E:\mong-lounge-site\massage\seoul\gangbuk-gu\강북구-출장마사지-미아사거리-수유-번동-판매-미용-업무로-오래-서-있는-날-종아리-발-손목-피로-방문-홈케어\index.html"
"서울","강서구","가양동","","E:\mong-lounge-site\massage\seoul\gangseo-gu\강서구-출장마사지-가양-등촌-마곡-육아와-집안일이-길어진-날-어깨-손목-허리-피로-방문-홈케어\index.html"
"서울","강서구","공항동","","E:\mong-lounge-site\massage\seoul\gangseo-gu\강서구-출장마사지-가양-등촌-마곡-육아와-집안일이-길어진-날-어깨-손목-허리-피로-방문-홈케어\index.html"
"서울","강서구","등촌동","","E:\mong-lounge-site\massage\seoul\gangseo-gu\강서구-출장마사지-가양-등촌-마곡-육아와-집안일이-길어진-날-어깨-손목-허리-피로-방문-홈케어\index.html"
"서울","강서구","발산동","","E:\mong-lounge-site\massage\seoul\gangseo-gu\강서구-출장마사지-가양-등촌-마곡-육아와-집안일이-길어진-날-어깨-손목-허리-피로-방문-홈케어\index.html"
"서울","강서구","방화동","","E:\mong-lounge-site\massage\seoul\gangseo-gu\강서구-출장마사지-가양-등촌-마곡-육아와-집안일이-길어진-날-어깨-손목-허리-피로-방문-홈케어\index.html"
"서울","강서구","염창동","","E:\mong-lounge-site\massage\seoul\gangseo-gu\강서구-출장마사지-가양-등촌-마곡-육아와-집안일이-길어진-날-어깨-손목-허리-피로-방문-홈케어\index.html"
"서울","강서구","우장산동","","E:\mong-lounge-site\massage\seoul\gangseo-gu\강서구-출장마사지-가양-등촌-마곡-육아와-집안일이-길어진-날-어깨-손목-허리-피로-방문-홈케어\index.html"
"서울","강서구","화곡동","","E:\mong-lounge-site\massage\seoul\gangseo-gu\강서구-출장마사지-가양-등촌-마곡-육아와-집안일이-길어진-날-어깨-손목-허리-피로-방문-홈케어\index.html"
"서울","강서구","화곡본동","","E:\mong-lounge-site\massage\seoul\gangseo-gu\강서구-출장마사지-가양-등촌-마곡-육아와-집안일이-길어진-날-어깨-손목-허리-피로-방문-홈케어\index.html"
"서울","관악구","낙성대동","","E:\mong-lounge-site\massage\seoul\gwanak-gu\관악구-출장마사지-서울대입구-샤로수길-신림-프리랜서-작업과-창업-일정-눈-목-어깨-피로-방문-홈케어\index.html"
"서울","관악구","난곡동","","E:\mong-lounge-site\massage\seoul\gwanak-gu\관악구-출장마사지-서울대입구-샤로수길-신림-프리랜서-작업과-창업-일정-눈-목-어깨-피로-방문-홈케어\index.html"
"서울","관악구","난향동","","E:\mong-lounge-site\massage\seoul\gwanak-gu\관악구-출장마사지-서울대입구-샤로수길-신림-프리랜서-작업과-창업-일정-눈-목-어깨-피로-방문-홈케어\index.html"
"서울","관악구","남현동","","E:\mong-lounge-site\massage\seoul\gwanak-gu\관악구-출장마사지-서울대입구-샤로수길-신림-프리랜서-작업과-창업-일정-눈-목-어깨-피로-방문-홈케어\index.html"
"서울","관악구","대학동","","E:\mong-lounge-site\massage\seoul\gwanak-gu\관악구-출장마사지-서울대입구-샤로수길-신림-프리랜서-작업과-창업-일정-눈-목-어깨-피로-방문-홈케어\index.html"
"서울","관악구","미성동","","E:\mong-lounge-site\massage\seoul\gwanak-gu\관악구-출장마사지-서울대입구-샤로수길-신림-프리랜서-작업과-창업-일정-눈-목-어깨-피로-방문-홈케어\index.html"
"서울","관악구","보라매동","","E:\mong-lounge-site\massage\seoul\gwanak-gu\관악구-출장마사지-서울대입구-샤로수길-신림-프리랜서-작업과-창업-일정-눈-목-어깨-피로-방문-홈케어\index.html"
"서울","관악구","삼성동","","E:\mong-lounge-site\massage\seoul\gwanak-gu\관악구-출장마사지-서울대입구-샤로수길-신림-프리랜서-작업과-창업-일정-눈-목-어깨-피로-방문-홈케어\index.html"
"서울","관악구","서림동","","E:\mong-lounge-site\massage\seoul\gwanak-gu\관악구-출장마사지-서울대입구-샤로수길-신림-프리랜서-작업과-창업-일정-눈-목-어깨-피로-방문-홈케어\index.html"
"서울","관악구","서원동","","E:\mong-lounge-site\massage\seoul\gwanak-gu\관악구-출장마사지-서울대입구-샤로수길-신림-프리랜서-작업과-창업-일정-눈-목-어깨-피로-방문-홈케어\index.html"
"서울","관악구","성현동","","E:\mong-lounge-site\massage\seoul\gwanak-gu\관악구-출장마사지-서울대입구-샤로수길-신림-프리랜서-작업과-창업-일정-눈-목-어깨-피로-방문-홈케어\index.html"
"서울","관악구","신림동","","E:\mong-lounge-site\massage\seoul\gwanak-gu\관악구-출장마사지-서울대입구-샤로수길-신림-프리랜서-작업과-창업-일정-눈-목-어깨-피로-방문-홈케어\index.html"
"서울","관악구","신사동","","E:\mong-lounge-site\massage\seoul\gwanak-gu\관악구-출장마사지-서울대입구-샤로수길-신림-프리랜서-작업과-창업-일정-눈-목-어깨-피로-방문-홈케어\index.html"
"서울","관악구","신원동","","E:\mong-lounge-site\massage\seoul\gwanak-gu\관악구-출장마사지-서울대입구-샤로수길-신림-프리랜서-작업과-창업-일정-눈-목-어깨-피로-방문-홈케어\index.html"
"서울","관악구","은천동","","E:\mong-lounge-site\massage\seoul\gwanak-gu\관악구-출장마사지-서울대입구-샤로수길-신림-프리랜서-작업과-창업-일정-눈-목-어깨-피로-방문-홈케어\index.html"
"서울","관악구","인헌동","","E:\mong-lounge-site\massage\seoul\gwanak-gu\관악구-출장마사지-서울대입구-샤로수길-신림-프리랜서-작업과-창업-일정-눈-목-어깨-피로-방문-홈케어\index.html"
"서울","관악구","조원동","","E:\mong-lounge-site\massage\seoul\gwanak-gu\관악구-출장마사지-서울대입구-샤로수길-신림-프리랜서-작업과-창업-일정-눈-목-어깨-피로-방문-홈케어\index.html"
"서울","관악구","중앙동","","E:\mong-lounge-site\massage\seoul\gwanak-gu\관악구-출장마사지-서울대입구-샤로수길-신림-프리랜서-작업과-창업-일정-눈-목-어깨-피로-방문-홈케어\index.html"
"서울","관악구","청룡동","","E:\mong-lounge-site\massage\seoul\gwanak-gu\관악구-출장마사지-서울대입구-샤로수길-신림-프리랜서-작업과-창업-일정-눈-목-어깨-피로-방문-홈케어\index.html"
"서울","관악구","청림동","","E:\mong-lounge-site\massage\seoul\gwanak-gu\관악구-출장마사지-서울대입구-샤로수길-신림-프리랜서-작업과-창업-일정-눈-목-어깨-피로-방문-홈케어\index.html"
"서울","관악구","행운동","","E:\mong-lounge-site\massage\seoul\gwanak-gu\관악구-출장마사지-서울대입구-샤로수길-신림-프리랜서-작업과-창업-일정-눈-목-어깨-피로-방문-홈케어\index.html"
"서울","광진구","광장동","","E:\mong-lounge-site\massage\seoul\gwangjin-gu\광진구-출장마사지-구의-광나루-건대입구-재택업무와-장시간-화면-작업-목-손목의-뻐근함-방문-홈케어\index.html"
"서울","광진구","구의동","","E:\mong-lounge-site\massage\seoul\gwangjin-gu\광진구-출장마사지-구의-광나루-건대입구-재택업무와-장시간-화면-작업-목-손목의-뻐근함-방문-홈케어\index.html"
"서울","광진구","군자동","","E:\mong-lounge-site\massage\seoul\gwangjin-gu\광진구-출장마사지-구의-광나루-건대입구-재택업무와-장시간-화면-작업-목-손목의-뻐근함-방문-홈케어\index.html"
"서울","광진구","능동","","E:\mong-lounge-site\massage\seoul\gwangjin-gu\광진구-출장마사지-구의-광나루-건대입구-재택업무와-장시간-화면-작업-목-손목의-뻐근함-방문-홈케어\index.html"
"서울","광진구","자양동","","E:\mong-lounge-site\massage\seoul\gwangjin-gu\광진구-출장마사지-구의-광나루-건대입구-재택업무와-장시간-화면-작업-목-손목의-뻐근함-방문-홈케어\index.html"
"서울","광진구","중곡동","","E:\mong-lounge-site\massage\seoul\gwangjin-gu\광진구-출장마사지-구의-광나루-건대입구-재택업무와-장시간-화면-작업-목-손목의-뻐근함-방문-홈케어\index.html"
"서울","광진구","화양동","","E:\mong-lounge-site\massage\seoul\gwangjin-gu\광진구-출장마사지-구의-광나루-건대입구-재택업무와-장시간-화면-작업-목-손목의-뻐근함-방문-홈케어\index.html"
"서울","구로구","가리봉동","","E:\mong-lounge-site\massage\seoul\guro-gu\구로구-출장마사지-신도림-구로-대림-유통-판매-업무로-오래-선-날-다리-발의-무거움-방문-홈케어\index.html"
"서울","구로구","개봉동","","E:\mong-lounge-site\massage\seoul\guro-gu\구로구-출장마사지-신도림-구로-대림-유통-판매-업무로-오래-선-날-다리-발의-무거움-방문-홈케어\index.html"
"서울","구로구","고척동","","E:\mong-lounge-site\massage\seoul\guro-gu\구로구-출장마사지-신도림-구로-대림-유통-판매-업무로-오래-선-날-다리-발의-무거움-방문-홈케어\index.html"
"서울","구로구","구로동","","E:\mong-lounge-site\massage\seoul\guro-gu\구로구-출장마사지-신도림-구로-대림-유통-판매-업무로-오래-선-날-다리-발의-무거움-방문-홈케어\index.html"
"서울","구로구","수궁동","","E:\mong-lounge-site\massage\seoul\guro-gu\구로구-출장마사지-신도림-구로-대림-유통-판매-업무로-오래-선-날-다리-발의-무거움-방문-홈케어\index.html"
"서울","구로구","신도림동","","E:\mong-lounge-site\massage\seoul\guro-gu\구로구-출장마사지-신도림-구로-대림-유통-판매-업무로-오래-선-날-다리-발의-무거움-방문-홈케어\index.html"
"서울","구로구","오류동","","E:\mong-lounge-site\massage\seoul\guro-gu\구로구-출장마사지-신도림-구로-대림-유통-판매-업무로-오래-선-날-다리-발의-무거움-방문-홈케어\index.html"
"서울","구로구","항동","","E:\mong-lounge-site\massage\seoul\guro-gu\구로구-출장마사지-신도림-구로-대림-유통-판매-업무로-오래-선-날-다리-발의-무거움-방문-홈케어\index.html"
"서울","금천구","가산동","","E:\mong-lounge-site\massage\seoul\geumcheon-gu\금천구-출장마사지-독산-시흥-가산-제조-교대-일정이-길어진-날-허리-어깨-피로-방문-홈케어\index.html"
"서울","금천구","독산동","","E:\mong-lounge-site\massage\seoul\geumcheon-gu\금천구-출장마사지-독산-시흥-가산-제조-교대-일정이-길어진-날-허리-어깨-피로-방문-홈케어\index.html"
"서울","금천구","시흥동","","E:\mong-lounge-site\massage\seoul\geumcheon-gu\금천구-출장마사지-독산-시흥-가산-제조-교대-일정이-길어진-날-허리-어깨-피로-방문-홈케어\index.html"
"서울","노원구","3동","","E:\mong-lounge-site\massage\seoul\nowon-gu\노원구-출장마사지-상계-공릉-중계-육아와-집안일이-이어진-날-어깨-손목의-무거움-방문-홈케어\index.html"
"서울","노원구","4동","","E:\mong-lounge-site\massage\seoul\nowon-gu\노원구-출장마사지-상계-공릉-중계-육아와-집안일이-이어진-날-어깨-손목의-무거움-방문-홈케어\index.html"
"서울","노원구","7동","","E:\mong-lounge-site\massage\seoul\nowon-gu\노원구-출장마사지-상계-공릉-중계-육아와-집안일이-이어진-날-어깨-손목의-무거움-방문-홈케어\index.html"
"서울","노원구","공릉동","","E:\mong-lounge-site\massage\seoul\nowon-gu\노원구-출장마사지-상계-공릉-중계-육아와-집안일이-이어진-날-어깨-손목의-무거움-방문-홈케어\index.html"
"서울","노원구","상계동","","E:\mong-lounge-site\massage\seoul\nowon-gu\노원구-출장마사지-상계-공릉-중계-육아와-집안일이-이어진-날-어깨-손목의-무거움-방문-홈케어\index.html"
"서울","노원구","월계동","","E:\mong-lounge-site\massage\seoul\nowon-gu\노원구-출장마사지-상계-공릉-중계-육아와-집안일이-이어진-날-어깨-손목의-무거움-방문-홈케어\index.html"
"서울","노원구","중계동","","E:\mong-lounge-site\massage\seoul\nowon-gu\노원구-출장마사지-상계-공릉-중계-육아와-집안일이-이어진-날-어깨-손목의-무거움-방문-홈케어\index.html"
"서울","노원구","중계본동","","E:\mong-lounge-site\massage\seoul\nowon-gu\노원구-출장마사지-상계-공릉-중계-육아와-집안일이-이어진-날-어깨-손목의-무거움-방문-홈케어\index.html"
"서울","노원구","하계동","","E:\mong-lounge-site\massage\seoul\nowon-gu\노원구-출장마사지-상계-공릉-중계-육아와-집안일이-이어진-날-어깨-손목의-무거움-방문-홈케어\index.html"
"서울","도봉구","도봉동","","E:\mong-lounge-site\massage\seoul\dobong-gu\도봉구-출장마사지-방학-도봉-창동-생활-이동과-집안일이-겹친-날-허리-무릎-주변-피로-방문-홈케어\index.html"
"서울","도봉구","방학동","","E:\mong-lounge-site\massage\seoul\dobong-gu\도봉구-출장마사지-방학-도봉-창동-생활-이동과-집안일이-겹친-날-허리-무릎-주변-피로-방문-홈케어\index.html"
"서울","도봉구","쌍문동","","E:\mong-lounge-site\massage\seoul\dobong-gu\도봉구-출장마사지-방학-도봉-창동-생활-이동과-집안일이-겹친-날-허리-무릎-주변-피로-방문-홈케어\index.html"
"서울","도봉구","창동","","E:\mong-lounge-site\massage\seoul\dobong-gu\도봉구-출장마사지-방학-도봉-창동-생활-이동과-집안일이-겹친-날-허리-무릎-주변-피로-방문-홈케어\index.html"
"서울","동대문구","답십리동","","E:\mong-lounge-site\massage\seoul\dongdaemun-gu\동대문구-출장마사지-회기-이문-청량리-공부-연구가-길어진-날-목-어깨의-긴장감-방문-홈케어\index.html"
"서울","동대문구","신설동","","E:\mong-lounge-site\massage\seoul\dongdaemun-gu\동대문구-출장마사지-회기-이문-청량리-공부-연구가-길어진-날-목-어깨의-긴장감-방문-홈케어\index.html"
"서울","동대문구","용두동","","E:\mong-lounge-site\massage\seoul\dongdaemun-gu\동대문구-출장마사지-회기-이문-청량리-공부-연구가-길어진-날-목-어깨의-긴장감-방문-홈케어\index.html"
"서울","동대문구","이문동","","E:\mong-lounge-site\massage\seoul\dongdaemun-gu\동대문구-출장마사지-회기-이문-청량리-공부-연구가-길어진-날-목-어깨의-긴장감-방문-홈케어\index.html"
"서울","동대문구","장안동","","E:\mong-lounge-site\massage\seoul\dongdaemun-gu\동대문구-출장마사지-회기-이문-청량리-공부-연구가-길어진-날-목-어깨의-긴장감-방문-홈케어\index.html"
"서울","동대문구","전농동","","E:\mong-lounge-site\massage\seoul\dongdaemun-gu\동대문구-출장마사지-회기-이문-청량리-공부-연구가-길어진-날-목-어깨의-긴장감-방문-홈케어\index.html"
"서울","동대문구","제기동","","E:\mong-lounge-site\massage\seoul\dongdaemun-gu\동대문구-출장마사지-회기-이문-청량리-공부-연구가-길어진-날-목-어깨의-긴장감-방문-홈케어\index.html"
"서울","동대문구","청량리동","","E:\mong-lounge-site\massage\seoul\dongdaemun-gu\동대문구-출장마사지-회기-이문-청량리-공부-연구가-길어진-날-목-어깨의-긴장감-방문-홈케어\index.html"
"서울","동대문구","회기동","","E:\mong-lounge-site\massage\seoul\dongdaemun-gu\동대문구-출장마사지-회기-이문-청량리-공부-연구가-길어진-날-목-어깨의-긴장감-방문-홈케어\index.html"
"서울","동대문구","휘경동","","E:\mong-lounge-site\massage\seoul\dongdaemun-gu\동대문구-출장마사지-회기-이문-청량리-공부-연구가-길어진-날-목-어깨의-긴장감-방문-홈케어\index.html"
"서울","동작구","노량진동","","E:\mong-lounge-site\massage\seoul\dongjak-gu\동작구-출장마사지-상도-흑석-사당-긴-통근과-계단-이동이-이어진-날-허리-골반-주변-피로-방문-홈케어\index.html"
"서울","동작구","대방동","","E:\mong-lounge-site\massage\seoul\dongjak-gu\동작구-출장마사지-상도-흑석-사당-긴-통근과-계단-이동이-이어진-날-허리-골반-주변-피로-방문-홈케어\index.html"
"서울","동작구","사당동","","E:\mong-lounge-site\massage\seoul\dongjak-gu\동작구-출장마사지-상도-흑석-사당-긴-통근과-계단-이동이-이어진-날-허리-골반-주변-피로-방문-홈케어\index.html"
"서울","동작구","상도동","","E:\mong-lounge-site\massage\seoul\dongjak-gu\동작구-출장마사지-상도-흑석-사당-긴-통근과-계단-이동이-이어진-날-허리-골반-주변-피로-방문-홈케어\index.html"
"서울","동작구","신대방동","","E:\mong-lounge-site\massage\seoul\dongjak-gu\동작구-출장마사지-상도-흑석-사당-긴-통근과-계단-이동이-이어진-날-허리-골반-주변-피로-방문-홈케어\index.html"
"서울","동작구","흑석동","","E:\mong-lounge-site\massage\seoul\dongjak-gu\동작구-출장마사지-상도-흑석-사당-긴-통근과-계단-이동이-이어진-날-허리-골반-주변-피로-방문-홈케어\index.html"
"서울","마포구","공덕동","","E:\mong-lounge-site\massage\seoul\mapo-gu\마포구-출장마사지-공덕-연남-합정-오피스-근무와-프리랜서-일정-어깨-허리-피로-방문-홈케어\index.html"
"서울","마포구","대흥동","","E:\mong-lounge-site\massage\seoul\mapo-gu\마포구-출장마사지-공덕-연남-합정-오피스-근무와-프리랜서-일정-어깨-허리-피로-방문-홈케어\index.html"
"서울","마포구","도화동","","E:\mong-lounge-site\massage\seoul\mapo-gu\마포구-출장마사지-공덕-연남-합정-오피스-근무와-프리랜서-일정-어깨-허리-피로-방문-홈케어\index.html"
"서울","마포구","망원동","","E:\mong-lounge-site\massage\seoul\mapo-gu\마포구-출장마사지-공덕-연남-합정-오피스-근무와-프리랜서-일정-어깨-허리-피로-방문-홈케어\index.html"
"서울","마포구","상암동","","E:\mong-lounge-site\massage\seoul\mapo-gu\마포구-출장마사지-공덕-연남-합정-오피스-근무와-프리랜서-일정-어깨-허리-피로-방문-홈케어\index.html"
"서울","마포구","서강동","","E:\mong-lounge-site\massage\seoul\mapo-gu\마포구-출장마사지-공덕-연남-합정-오피스-근무와-프리랜서-일정-어깨-허리-피로-방문-홈케어\index.html"
"서울","마포구","서교동","","E:\mong-lounge-site\massage\seoul\mapo-gu\마포구-출장마사지-공덕-연남-합정-오피스-근무와-프리랜서-일정-어깨-허리-피로-방문-홈케어\index.html"
"서울","마포구","성산동","","E:\mong-lounge-site\massage\seoul\mapo-gu\마포구-출장마사지-공덕-연남-합정-오피스-근무와-프리랜서-일정-어깨-허리-피로-방문-홈케어\index.html"
"서울","마포구","신수동","","E:\mong-lounge-site\massage\seoul\mapo-gu\마포구-출장마사지-공덕-연남-합정-오피스-근무와-프리랜서-일정-어깨-허리-피로-방문-홈케어\index.html"
"서울","마포구","아현동","","E:\mong-lounge-site\massage\seoul\mapo-gu\마포구-출장마사지-공덕-연남-합정-오피스-근무와-프리랜서-일정-어깨-허리-피로-방문-홈케어\index.html"
"서울","마포구","연남동","","E:\mong-lounge-site\massage\seoul\mapo-gu\마포구-출장마사지-공덕-연남-합정-오피스-근무와-프리랜서-일정-어깨-허리-피로-방문-홈케어\index.html"
"서울","마포구","염리동","","E:\mong-lounge-site\massage\seoul\mapo-gu\마포구-출장마사지-공덕-연남-합정-오피스-근무와-프리랜서-일정-어깨-허리-피로-방문-홈케어\index.html"
"서울","마포구","용강동","","E:\mong-lounge-site\massage\seoul\mapo-gu\마포구-출장마사지-공덕-연남-합정-오피스-근무와-프리랜서-일정-어깨-허리-피로-방문-홈케어\index.html"
"서울","마포구","합정동","","E:\mong-lounge-site\massage\seoul\mapo-gu\마포구-출장마사지-공덕-연남-합정-오피스-근무와-프리랜서-일정-어깨-허리-피로-방문-홈케어\index.html"
"서울","서대문구","남가좌동","","E:\mong-lounge-site\massage\seoul\seodaemun-gu\서대문구-출장마사지-홍제-북가좌-연희-집안일과-외출이-겹친-하루-어깨-허리-뻐근함-방문-홈케어\index.html"
"서울","서대문구","북가좌동","","E:\mong-lounge-site\massage\seoul\seodaemun-gu\서대문구-출장마사지-홍제-북가좌-연희-집안일과-외출이-겹친-하루-어깨-허리-뻐근함-방문-홈케어\index.html"
"서울","서대문구","북아현동","","E:\mong-lounge-site\massage\seoul\seodaemun-gu\서대문구-출장마사지-홍제-북가좌-연희-집안일과-외출이-겹친-하루-어깨-허리-뻐근함-방문-홈케어\index.html"
"서울","서대문구","신촌동","","E:\mong-lounge-site\massage\seoul\seodaemun-gu\서대문구-출장마사지-홍제-북가좌-연희-집안일과-외출이-겹친-하루-어깨-허리-뻐근함-방문-홈케어\index.html"
"서울","서대문구","연희동","","E:\mong-lounge-site\massage\seoul\seodaemun-gu\서대문구-출장마사지-홍제-북가좌-연희-집안일과-외출이-겹친-하루-어깨-허리-뻐근함-방문-홈케어\index.html"
"서울","서대문구","천연동","","E:\mong-lounge-site\massage\seoul\seodaemun-gu\서대문구-출장마사지-홍제-북가좌-연희-집안일과-외출이-겹친-하루-어깨-허리-뻐근함-방문-홈케어\index.html"
"서울","서대문구","충현동","","E:\mong-lounge-site\massage\seoul\seodaemun-gu\서대문구-출장마사지-홍제-북가좌-연희-집안일과-외출이-겹친-하루-어깨-허리-뻐근함-방문-홈케어\index.html"
"서울","서대문구","홍은동","","E:\mong-lounge-site\massage\seoul\seodaemun-gu\서대문구-출장마사지-홍제-북가좌-연희-집안일과-외출이-겹친-하루-어깨-허리-뻐근함-방문-홈케어\index.html"
"서울","서대문구","홍제동","","E:\mong-lounge-site\massage\seoul\seodaemun-gu\서대문구-출장마사지-홍제-북가좌-연희-집안일과-외출이-겹친-하루-어깨-허리-뻐근함-방문-홈케어\index.html"
"서울","서초구","내곡동","","E:\mong-lounge-site\massage\seoul\seocho-gu\서초구-출장마사지-양재-서초-강남대로-야근과-회의가-길어진-날-목-어깨-눈의-피로-방문-홈케어\index.html"
"서울","서초구","반포동","","E:\mong-lounge-site\massage\seoul\seocho-gu\서초구-출장마사지-양재-서초-강남대로-야근과-회의가-길어진-날-목-어깨-눈의-피로-방문-홈케어\index.html"
"서울","서초구","반포본동","","E:\mong-lounge-site\massage\seoul\seocho-gu\서초구-출장마사지-양재-서초-강남대로-야근과-회의가-길어진-날-목-어깨-눈의-피로-방문-홈케어\index.html"
"서울","서초구","방배동","","E:\mong-lounge-site\massage\seoul\seocho-gu\서초구-출장마사지-양재-서초-강남대로-야근과-회의가-길어진-날-목-어깨-눈의-피로-방문-홈케어\index.html"
"서울","서초구","방배본동","","E:\mong-lounge-site\massage\seoul\seocho-gu\서초구-출장마사지-양재-서초-강남대로-야근과-회의가-길어진-날-목-어깨-눈의-피로-방문-홈케어\index.html"
"서울","서초구","서초동","","E:\mong-lounge-site\massage\seoul\seocho-gu\서초구-출장마사지-양재-서초-강남대로-야근과-회의가-길어진-날-목-어깨-눈의-피로-방문-홈케어\index.html"
"서울","서초구","양재동","","E:\mong-lounge-site\massage\seoul\seocho-gu\서초구-출장마사지-양재-서초-강남대로-야근과-회의가-길어진-날-목-어깨-눈의-피로-방문-홈케어\index.html"
"서울","서초구","잠원동","","E:\mong-lounge-site\massage\seoul\seocho-gu\서초구-출장마사지-양재-서초-강남대로-야근과-회의가-길어진-날-목-어깨-눈의-피로-방문-홈케어\index.html"
"서울","성동구","3가동","","E:\mong-lounge-site\massage\seoul\seongdong-gu\성동구-출장마사지-왕십리-행당-성수-통근과-약속이-이어진-하루-전신-피로-방문-홈케어\index.html"
"서울","성동구","금호1가동","","E:\mong-lounge-site\massage\seoul\seongdong-gu\성동구-출장마사지-왕십리-행당-성수-통근과-약속이-이어진-하루-전신-피로-방문-홈케어\index.html"
"서울","성동구","금호4가동","","E:\mong-lounge-site\massage\seoul\seongdong-gu\성동구-출장마사지-왕십리-행당-성수-통근과-약속이-이어진-하루-전신-피로-방문-홈케어\index.html"
"서울","성동구","마장동","","E:\mong-lounge-site\massage\seoul\seongdong-gu\성동구-출장마사지-왕십리-행당-성수-통근과-약속이-이어진-하루-전신-피로-방문-홈케어\index.html"
"서울","성동구","사근동","","E:\mong-lounge-site\massage\seoul\seongdong-gu\성동구-출장마사지-왕십리-행당-성수-통근과-약속이-이어진-하루-전신-피로-방문-홈케어\index.html"
"서울","성동구","성수1가제1동","","E:\mong-lounge-site\massage\seoul\seongdong-gu\성동구-출장마사지-왕십리-행당-성수-통근과-약속이-이어진-하루-전신-피로-방문-홈케어\index.html"
"서울","성동구","성수1가제2동","","E:\mong-lounge-site\massage\seoul\seongdong-gu\성동구-출장마사지-왕십리-행당-성수-통근과-약속이-이어진-하루-전신-피로-방문-홈케어\index.html"
"서울","성동구","성수2가제1동","","E:\mong-lounge-site\massage\seoul\seongdong-gu\성동구-출장마사지-왕십리-행당-성수-통근과-약속이-이어진-하루-전신-피로-방문-홈케어\index.html"
"서울","성동구","성수2가제3동","","E:\mong-lounge-site\massage\seoul\seongdong-gu\성동구-출장마사지-왕십리-행당-성수-통근과-약속이-이어진-하루-전신-피로-방문-홈케어\index.html"
"서울","성동구","송정동","","E:\mong-lounge-site\massage\seoul\seongdong-gu\성동구-출장마사지-왕십리-행당-성수-통근과-약속이-이어진-하루-전신-피로-방문-홈케어\index.html"
"서울","성동구","옥수동","","E:\mong-lounge-site\massage\seoul\seongdong-gu\성동구-출장마사지-왕십리-행당-성수-통근과-약속이-이어진-하루-전신-피로-방문-홈케어\index.html"
"서울","성동구","왕십리도선동","","E:\mong-lounge-site\massage\seoul\seongdong-gu\성동구-출장마사지-왕십리-행당-성수-통근과-약속이-이어진-하루-전신-피로-방문-홈케어\index.html"
"서울","성동구","왕십리동","","E:\mong-lounge-site\massage\seoul\seongdong-gu\성동구-출장마사지-왕십리-행당-성수-통근과-약속이-이어진-하루-전신-피로-방문-홈케어\index.html"
"서울","성동구","용답동","","E:\mong-lounge-site\massage\seoul\seongdong-gu\성동구-출장마사지-왕십리-행당-성수-통근과-약속이-이어진-하루-전신-피로-방문-홈케어\index.html"
"서울","성동구","응봉동","","E:\mong-lounge-site\massage\seoul\seongdong-gu\성동구-출장마사지-왕십리-행당-성수-통근과-약속이-이어진-하루-전신-피로-방문-홈케어\index.html"
"서울","성동구","행당동","","E:\mong-lounge-site\massage\seoul\seongdong-gu\성동구-출장마사지-왕십리-행당-성수-통근과-약속이-이어진-하루-전신-피로-방문-홈케어\index.html"
"서울","성북구","길음동","","E:\mong-lounge-site\massage\seoul\seongbuk-gu\성북구-출장마사지-정릉-돈암-길음-집안일과-일상-활동이-길어진-날-어깨-목의-뻐근함-방문-홈케어\index.html"
"서울","성북구","돈암동","","E:\mong-lounge-site\massage\seoul\seongbuk-gu\성북구-출장마사지-정릉-돈암-길음-집안일과-일상-활동이-길어진-날-어깨-목의-뻐근함-방문-홈케어\index.html"
"서울","성북구","동선동","","E:\mong-lounge-site\massage\seoul\seongbuk-gu\성북구-출장마사지-정릉-돈암-길음-집안일과-일상-활동이-길어진-날-어깨-목의-뻐근함-방문-홈케어\index.html"
"서울","성북구","보문동","","E:\mong-lounge-site\massage\seoul\seongbuk-gu\성북구-출장마사지-정릉-돈암-길음-집안일과-일상-활동이-길어진-날-어깨-목의-뻐근함-방문-홈케어\index.html"
"서울","성북구","삼선동","","E:\mong-lounge-site\massage\seoul\seongbuk-gu\성북구-출장마사지-정릉-돈암-길음-집안일과-일상-활동이-길어진-날-어깨-목의-뻐근함-방문-홈케어\index.html"
"서울","성북구","석관동","","E:\mong-lounge-site\massage\seoul\seongbuk-gu\성북구-출장마사지-정릉-돈암-길음-집안일과-일상-활동이-길어진-날-어깨-목의-뻐근함-방문-홈케어\index.html"
"서울","성북구","성북동","","E:\mong-lounge-site\massage\seoul\seongbuk-gu\성북구-출장마사지-정릉-돈암-길음-집안일과-일상-활동이-길어진-날-어깨-목의-뻐근함-방문-홈케어\index.html"
"서울","성북구","안암동","","E:\mong-lounge-site\massage\seoul\seongbuk-gu\성북구-출장마사지-정릉-돈암-길음-집안일과-일상-활동이-길어진-날-어깨-목의-뻐근함-방문-홈케어\index.html"
"서울","성북구","월곡동","","E:\mong-lounge-site\massage\seoul\seongbuk-gu\성북구-출장마사지-정릉-돈암-길음-집안일과-일상-활동이-길어진-날-어깨-목의-뻐근함-방문-홈케어\index.html"
"서울","성북구","장위동","","E:\mong-lounge-site\massage\seoul\seongbuk-gu\성북구-출장마사지-정릉-돈암-길음-집안일과-일상-활동이-길어진-날-어깨-목의-뻐근함-방문-홈케어\index.html"
"서울","성북구","정릉동","","E:\mong-lounge-site\massage\seoul\seongbuk-gu\성북구-출장마사지-정릉-돈암-길음-집안일과-일상-활동이-길어진-날-어깨-목의-뻐근함-방문-홈케어\index.html"
"서울","성북구","종암동","","E:\mong-lounge-site\massage\seoul\seongbuk-gu\성북구-출장마사지-정릉-돈암-길음-집안일과-일상-활동이-길어진-날-어깨-목의-뻐근함-방문-홈케어\index.html"
"서울","송파구","가락동","","E:\mong-lounge-site\massage\seoul\songpa-gu\송파구-출장마사지-문정-법조타운-잠실-야근과-장시간-화면-업무-어깨-목-눈의-피로-방문-홈케어\index.html"
"서울","송파구","가락본동","","E:\mong-lounge-site\massage\seoul\songpa-gu\송파구-출장마사지-문정-법조타운-잠실-야근과-장시간-화면-업무-어깨-목-눈의-피로-방문-홈케어\index.html"
"서울","송파구","거여동","","E:\mong-lounge-site\massage\seoul\songpa-gu\송파구-출장마사지-문정-법조타운-잠실-야근과-장시간-화면-업무-어깨-목-눈의-피로-방문-홈케어\index.html"
"서울","송파구","마천동","","E:\mong-lounge-site\massage\seoul\songpa-gu\송파구-출장마사지-문정-법조타운-잠실-야근과-장시간-화면-업무-어깨-목-눈의-피로-방문-홈케어\index.html"
"서울","송파구","문정동","","E:\mong-lounge-site\massage\seoul\songpa-gu\송파구-출장마사지-문정-법조타운-잠실-야근과-장시간-화면-업무-어깨-목-눈의-피로-방문-홈케어\index.html"
"서울","송파구","방이동","","E:\mong-lounge-site\massage\seoul\songpa-gu\송파구-출장마사지-문정-법조타운-잠실-야근과-장시간-화면-업무-어깨-목-눈의-피로-방문-홈케어\index.html"
"서울","송파구","삼전동","","E:\mong-lounge-site\massage\seoul\songpa-gu\송파구-출장마사지-문정-법조타운-잠실-야근과-장시간-화면-업무-어깨-목-눈의-피로-방문-홈케어\index.html"
"서울","송파구","석촌동","","E:\mong-lounge-site\massage\seoul\songpa-gu\송파구-출장마사지-문정-법조타운-잠실-야근과-장시간-화면-업무-어깨-목-눈의-피로-방문-홈케어\index.html"
"서울","송파구","송파동","","E:\mong-lounge-site\massage\seoul\songpa-gu\송파구-출장마사지-문정-법조타운-잠실-야근과-장시간-화면-업무-어깨-목-눈의-피로-방문-홈케어\index.html"
"서울","송파구","오금동","","E:\mong-lounge-site\massage\seoul\songpa-gu\송파구-출장마사지-문정-법조타운-잠실-야근과-장시간-화면-업무-어깨-목-눈의-피로-방문-홈케어\index.html"
"서울","송파구","오륜동","","E:\mong-lounge-site\massage\seoul\songpa-gu\송파구-출장마사지-문정-법조타운-잠실-야근과-장시간-화면-업무-어깨-목-눈의-피로-방문-홈케어\index.html"
"서울","송파구","위례동","","E:\mong-lounge-site\massage\seoul\songpa-gu\송파구-출장마사지-문정-법조타운-잠실-야근과-장시간-화면-업무-어깨-목-눈의-피로-방문-홈케어\index.html"
"서울","송파구","잠실동","","E:\mong-lounge-site\massage\seoul\songpa-gu\송파구-출장마사지-문정-법조타운-잠실-야근과-장시간-화면-업무-어깨-목-눈의-피로-방문-홈케어\index.html"
"서울","송파구","잠실본동","","E:\mong-lounge-site\massage\seoul\songpa-gu\송파구-출장마사지-문정-법조타운-잠실-야근과-장시간-화면-업무-어깨-목-눈의-피로-방문-홈케어\index.html"
"서울","송파구","장지동","","E:\mong-lounge-site\massage\seoul\songpa-gu\송파구-출장마사지-문정-법조타운-잠실-야근과-장시간-화면-업무-어깨-목-눈의-피로-방문-홈케어\index.html"
"서울","송파구","풍납동","","E:\mong-lounge-site\massage\seoul\songpa-gu\송파구-출장마사지-문정-법조타운-잠실-야근과-장시간-화면-업무-어깨-목-눈의-피로-방문-홈케어\index.html"
"서울","양천구","목동","","E:\mong-lounge-site\massage\seoul\yangcheon-gu\양천구-출장마사지-신정-신월-목동-강의와-장시간-발성이-이어진-날-목-어깨의-뻐근함-방문-홈케어\index.html"
"서울","양천구","신월동","","E:\mong-lounge-site\massage\seoul\yangcheon-gu\양천구-출장마사지-신정-신월-목동-강의와-장시간-발성이-이어진-날-목-어깨의-뻐근함-방문-홈케어\index.html"
"서울","양천구","신정동","","E:\mong-lounge-site\massage\seoul\yangcheon-gu\양천구-출장마사지-신정-신월-목동-강의와-장시간-발성이-이어진-날-목-어깨의-뻐근함-방문-홈케어\index.html"
"서울","영등포구","당산동","","E:\mong-lounge-site\massage\seoul\yeongdeungpo-gu\영등포구-출장마사지-문래-영등포-여의도-판매-제조-오피스-일정이-겹친-날-다리-손목-피로-방문-홈케어\index.html"
"서울","영등포구","대림동","","E:\mong-lounge-site\massage\seoul\yeongdeungpo-gu\영등포구-출장마사지-문래-영등포-여의도-판매-제조-오피스-일정이-겹친-날-다리-손목-피로-방문-홈케어\index.html"
"서울","영등포구","도림동","","E:\mong-lounge-site\massage\seoul\yeongdeungpo-gu\영등포구-출장마사지-문래-영등포-여의도-판매-제조-오피스-일정이-겹친-날-다리-손목-피로-방문-홈케어\index.html"
"서울","영등포구","문래동","","E:\mong-lounge-site\massage\seoul\yeongdeungpo-gu\영등포구-출장마사지-문래-영등포-여의도-판매-제조-오피스-일정이-겹친-날-다리-손목-피로-방문-홈케어\index.html"
"서울","영등포구","신길동","","E:\mong-lounge-site\massage\seoul\yeongdeungpo-gu\영등포구-출장마사지-문래-영등포-여의도-판매-제조-오피스-일정이-겹친-날-다리-손목-피로-방문-홈케어\index.html"
"서울","영등포구","양평동","","E:\mong-lounge-site\massage\seoul\yeongdeungpo-gu\영등포구-출장마사지-문래-영등포-여의도-판매-제조-오피스-일정이-겹친-날-다리-손목-피로-방문-홈케어\index.html"
"서울","영등포구","여의동","","E:\mong-lounge-site\massage\seoul\yeongdeungpo-gu\영등포구-출장마사지-문래-영등포-여의도-판매-제조-오피스-일정이-겹친-날-다리-손목-피로-방문-홈케어\index.html"
"서울","영등포구","영등포동","","E:\mong-lounge-site\massage\seoul\yeongdeungpo-gu\영등포구-출장마사지-문래-영등포-여의도-판매-제조-오피스-일정이-겹친-날-다리-손목-피로-방문-홈케어\index.html"
"서울","영등포구","영등포본동","","E:\mong-lounge-site\massage\seoul\yeongdeungpo-gu\영등포구-출장마사지-문래-영등포-여의도-판매-제조-오피스-일정이-겹친-날-다리-손목-피로-방문-홈케어\index.html"
"서울","용산구","남영동","","E:\mong-lounge-site\massage\seoul\yongsan-gu\용산구-출장마사지-이촌-한강로-신용산-주거와-오피스를-오가는-긴-하루-어깨-허리-뻐근함-방문-홈케어\index.html"
"서울","용산구","보광동","","E:\mong-lounge-site\massage\seoul\yongsan-gu\용산구-출장마사지-이촌-한강로-신용산-주거와-오피스를-오가는-긴-하루-어깨-허리-뻐근함-방문-홈케어\index.html"
"서울","용산구","서빙고동","","E:\mong-lounge-site\massage\seoul\yongsan-gu\용산구-출장마사지-이촌-한강로-신용산-주거와-오피스를-오가는-긴-하루-어깨-허리-뻐근함-방문-홈케어\index.html"
"서울","용산구","용문동","","E:\mong-lounge-site\massage\seoul\yongsan-gu\용산구-출장마사지-이촌-한강로-신용산-주거와-오피스를-오가는-긴-하루-어깨-허리-뻐근함-방문-홈케어\index.html"
"서울","용산구","용산2가동","","E:\mong-lounge-site\massage\seoul\yongsan-gu\용산구-출장마사지-이촌-한강로-신용산-주거와-오피스를-오가는-긴-하루-어깨-허리-뻐근함-방문-홈케어\index.html"
"서울","용산구","원효로동","","E:\mong-lounge-site\massage\seoul\yongsan-gu\용산구-출장마사지-이촌-한강로-신용산-주거와-오피스를-오가는-긴-하루-어깨-허리-뻐근함-방문-홈케어\index.html"
"서울","용산구","이촌동","","E:\mong-lounge-site\massage\seoul\yongsan-gu\용산구-출장마사지-이촌-한강로-신용산-주거와-오피스를-오가는-긴-하루-어깨-허리-뻐근함-방문-홈케어\index.html"
"서울","용산구","이태원동","","E:\mong-lounge-site\massage\seoul\yongsan-gu\용산구-출장마사지-이촌-한강로-신용산-주거와-오피스를-오가는-긴-하루-어깨-허리-뻐근함-방문-홈케어\index.html"
"서울","용산구","청파동","","E:\mong-lounge-site\massage\seoul\yongsan-gu\용산구-출장마사지-이촌-한강로-신용산-주거와-오피스를-오가는-긴-하루-어깨-허리-뻐근함-방문-홈케어\index.html"
"서울","용산구","한강로동","","E:\mong-lounge-site\massage\seoul\yongsan-gu\용산구-출장마사지-이촌-한강로-신용산-주거와-오피스를-오가는-긴-하루-어깨-허리-뻐근함-방문-홈케어\index.html"
"서울","용산구","한남동","","E:\mong-lounge-site\massage\seoul\yongsan-gu\용산구-출장마사지-이촌-한강로-신용산-주거와-오피스를-오가는-긴-하루-어깨-허리-뻐근함-방문-홈케어\index.html"
"서울","용산구","효창동","","E:\mong-lounge-site\massage\seoul\yongsan-gu\용산구-출장마사지-이촌-한강로-신용산-주거와-오피스를-오가는-긴-하루-어깨-허리-뻐근함-방문-홈케어\index.html"
"서울","용산구","후암동","","E:\mong-lounge-site\massage\seoul\yongsan-gu\용산구-출장마사지-이촌-한강로-신용산-주거와-오피스를-오가는-긴-하루-어깨-허리-뻐근함-방문-홈케어\index.html"
"서울","은평구","갈현동","","E:\mong-lounge-site\massage\seoul\eunpyeong-gu\은평구-출장마사지-응암-역촌-불광-생활-이동과-장보기-일정-허리-어깨-피로-방문-홈케어\index.html"
"서울","은평구","구산동","","E:\mong-lounge-site\massage\seoul\eunpyeong-gu\은평구-출장마사지-응암-역촌-불광-생활-이동과-장보기-일정-허리-어깨-피로-방문-홈케어\index.html"
"서울","은평구","녹번동","","E:\mong-lounge-site\massage\seoul\eunpyeong-gu\은평구-출장마사지-응암-역촌-불광-생활-이동과-장보기-일정-허리-어깨-피로-방문-홈케어\index.html"
"서울","은평구","대조동","","E:\mong-lounge-site\massage\seoul\eunpyeong-gu\은평구-출장마사지-응암-역촌-불광-생활-이동과-장보기-일정-허리-어깨-피로-방문-홈케어\index.html"
"서울","은평구","불광동","","E:\mong-lounge-site\massage\seoul\eunpyeong-gu\은평구-출장마사지-응암-역촌-불광-생활-이동과-장보기-일정-허리-어깨-피로-방문-홈케어\index.html"
"서울","은평구","수색동","","E:\mong-lounge-site\massage\seoul\eunpyeong-gu\은평구-출장마사지-응암-역촌-불광-생활-이동과-장보기-일정-허리-어깨-피로-방문-홈케어\index.html"
"서울","은평구","신사동","","E:\mong-lounge-site\massage\seoul\eunpyeong-gu\은평구-출장마사지-응암-역촌-불광-생활-이동과-장보기-일정-허리-어깨-피로-방문-홈케어\index.html"
"서울","은평구","역촌동","","E:\mong-lounge-site\massage\seoul\eunpyeong-gu\은평구-출장마사지-응암-역촌-불광-생활-이동과-장보기-일정-허리-어깨-피로-방문-홈케어\index.html"
"서울","은평구","응암동","","E:\mong-lounge-site\massage\seoul\eunpyeong-gu\은평구-출장마사지-응암-역촌-불광-생활-이동과-장보기-일정-허리-어깨-피로-방문-홈케어\index.html"
"서울","은평구","증산동","","E:\mong-lounge-site\massage\seoul\eunpyeong-gu\은평구-출장마사지-응암-역촌-불광-생활-이동과-장보기-일정-허리-어깨-피로-방문-홈케어\index.html"
"서울","은평구","진관동","","E:\mong-lounge-site\massage\seoul\eunpyeong-gu\은평구-출장마사지-응암-역촌-불광-생활-이동과-장보기-일정-허리-어깨-피로-방문-홈케어\index.html"
"서울","종로구","4가동","","E:\mong-lounge-site\massage\seoul\jongno-gu\종로구-출장마사지-혜화-대학로-종로5가-공연-관람-뒤-오래-걷는-일정-다리-발의-무거움-방문-홈케어\index.html"
"서울","종로구","6가동","","E:\mong-lounge-site\massage\seoul\jongno-gu\종로구-출장마사지-혜화-대학로-종로5가-공연-관람-뒤-오래-걷는-일정-다리-발의-무거움-방문-홈케어\index.html"
"서울","종로구","가회동","","E:\mong-lounge-site\massage\seoul\jongno-gu\종로구-출장마사지-혜화-대학로-종로5가-공연-관람-뒤-오래-걷는-일정-다리-발의-무거움-방문-홈케어\index.html"
"서울","종로구","교남동","","E:\mong-lounge-site\massage\seoul\jongno-gu\종로구-출장마사지-혜화-대학로-종로5가-공연-관람-뒤-오래-걷는-일정-다리-발의-무거움-방문-홈케어\index.html"
"서울","종로구","무악동","","E:\mong-lounge-site\massage\seoul\jongno-gu\종로구-출장마사지-혜화-대학로-종로5가-공연-관람-뒤-오래-걷는-일정-다리-발의-무거움-방문-홈케어\index.html"
"서울","종로구","부암동","","E:\mong-lounge-site\massage\seoul\jongno-gu\종로구-출장마사지-혜화-대학로-종로5가-공연-관람-뒤-오래-걷는-일정-다리-발의-무거움-방문-홈케어\index.html"
"서울","종로구","사직동","","E:\mong-lounge-site\massage\seoul\jongno-gu\종로구-출장마사지-혜화-대학로-종로5가-공연-관람-뒤-오래-걷는-일정-다리-발의-무거움-방문-홈케어\index.html"
"서울","종로구","삼청동","","E:\mong-lounge-site\massage\seoul\jongno-gu\종로구-출장마사지-혜화-대학로-종로5가-공연-관람-뒤-오래-걷는-일정-다리-발의-무거움-방문-홈케어\index.html"
"서울","종로구","숭인동","","E:\mong-lounge-site\massage\seoul\jongno-gu\종로구-출장마사지-혜화-대학로-종로5가-공연-관람-뒤-오래-걷는-일정-다리-발의-무거움-방문-홈케어\index.html"
"서울","종로구","이화동","","E:\mong-lounge-site\massage\seoul\jongno-gu\종로구-출장마사지-혜화-대학로-종로5가-공연-관람-뒤-오래-걷는-일정-다리-발의-무거움-방문-홈케어\index.html"
"서울","종로구","창신동","","E:\mong-lounge-site\massage\seoul\jongno-gu\종로구-출장마사지-혜화-대학로-종로5가-공연-관람-뒤-오래-걷는-일정-다리-발의-무거움-방문-홈케어\index.html"
"서울","종로구","청운효자동","","E:\mong-lounge-site\massage\seoul\jongno-gu\종로구-출장마사지-혜화-대학로-종로5가-공연-관람-뒤-오래-걷는-일정-다리-발의-무거움-방문-홈케어\index.html"
"서울","종로구","평창동","","E:\mong-lounge-site\massage\seoul\jongno-gu\종로구-출장마사지-혜화-대학로-종로5가-공연-관람-뒤-오래-걷는-일정-다리-발의-무거움-방문-홈케어\index.html"
"서울","종로구","혜화동","","E:\mong-lounge-site\massage\seoul\jongno-gu\종로구-출장마사지-혜화-대학로-종로5가-공연-관람-뒤-오래-걷는-일정-다리-발의-무거움-방문-홈케어\index.html"
"서울","중구","광희동","","E:\mong-lounge-site\massage\seoul\jung-gu\중구-출장마사지-신당-동대문시장-을지로-야간-영업과-장시간-서-있는-일정-다리-허리-피로-방문-홈케어\index.html"
"서울","중구","다산동","","E:\mong-lounge-site\massage\seoul\jung-gu\중구-출장마사지-신당-동대문시장-을지로-야간-영업과-장시간-서-있는-일정-다리-허리-피로-방문-홈케어\index.html"
"서울","중구","동화동","","E:\mong-lounge-site\massage\seoul\jung-gu\중구-출장마사지-신당-동대문시장-을지로-야간-영업과-장시간-서-있는-일정-다리-허리-피로-방문-홈케어\index.html"
"서울","중구","명동","","E:\mong-lounge-site\massage\seoul\jung-gu\중구-출장마사지-신당-동대문시장-을지로-야간-영업과-장시간-서-있는-일정-다리-허리-피로-방문-홈케어\index.html"
"서울","중구","소공동","","E:\mong-lounge-site\massage\seoul\jung-gu\중구-출장마사지-신당-동대문시장-을지로-야간-영업과-장시간-서-있는-일정-다리-허리-피로-방문-홈케어\index.html"
"서울","중구","신당동","","E:\mong-lounge-site\massage\seoul\jung-gu\중구-출장마사지-신당-동대문시장-을지로-야간-영업과-장시간-서-있는-일정-다리-허리-피로-방문-홈케어\index.html"
"서울","중구","약수동","","E:\mong-lounge-site\massage\seoul\jung-gu\중구-출장마사지-신당-동대문시장-을지로-야간-영업과-장시간-서-있는-일정-다리-허리-피로-방문-홈케어\index.html"
"서울","중구","을지로동","","E:\mong-lounge-site\massage\seoul\jung-gu\중구-출장마사지-신당-동대문시장-을지로-야간-영업과-장시간-서-있는-일정-다리-허리-피로-방문-홈케어\index.html"
"서울","중구","장충동","","E:\mong-lounge-site\massage\seoul\jung-gu\중구-출장마사지-신당-동대문시장-을지로-야간-영업과-장시간-서-있는-일정-다리-허리-피로-방문-홈케어\index.html"
"서울","중구","중림동","","E:\mong-lounge-site\massage\seoul\jung-gu\중구-출장마사지-신당-동대문시장-을지로-야간-영업과-장시간-서-있는-일정-다리-허리-피로-방문-홈케어\index.html"
"서울","중구","청구동","","E:\mong-lounge-site\massage\seoul\jung-gu\중구-출장마사지-신당-동대문시장-을지로-야간-영업과-장시간-서-있는-일정-다리-허리-피로-방문-홈케어\index.html"
"서울","중구","필동","","E:\mong-lounge-site\massage\seoul\jung-gu\중구-출장마사지-신당-동대문시장-을지로-야간-영업과-장시간-서-있는-일정-다리-허리-피로-방문-홈케어\index.html"
"서울","중구","황학동","","E:\mong-lounge-site\massage\seoul\jung-gu\중구-출장마사지-신당-동대문시장-을지로-야간-영업과-장시간-서-있는-일정-다리-허리-피로-방문-홈케어\index.html"
"서울","중구","회현동","","E:\mong-lounge-site\massage\seoul\jung-gu\중구-출장마사지-신당-동대문시장-을지로-야간-영업과-장시간-서-있는-일정-다리-허리-피로-방문-홈케어\index.html"
"서울","중랑구","8동","","E:\mong-lounge-site\massage\seoul\jungnang-gu\중랑구-출장마사지-사가정-중화-면목-매장-운영과-반복적인-손-사용-손목-허리-피로-방문-홈케어\index.html"
"서울","중랑구","망우동","","E:\mong-lounge-site\massage\seoul\jungnang-gu\중랑구-출장마사지-사가정-중화-면목-매장-운영과-반복적인-손-사용-손목-허리-피로-방문-홈케어\index.html"
"서울","중랑구","망우본동","","E:\mong-lounge-site\massage\seoul\jungnang-gu\중랑구-출장마사지-사가정-중화-면목-매장-운영과-반복적인-손-사용-손목-허리-피로-방문-홈케어\index.html"
"서울","중랑구","면목동","","E:\mong-lounge-site\massage\seoul\jungnang-gu\중랑구-출장마사지-사가정-중화-면목-매장-운영과-반복적인-손-사용-손목-허리-피로-방문-홈케어\index.html"
"서울","중랑구","면목본동","","E:\mong-lounge-site\massage\seoul\jungnang-gu\중랑구-출장마사지-사가정-중화-면목-매장-운영과-반복적인-손-사용-손목-허리-피로-방문-홈케어\index.html"
"서울","중랑구","묵동","","E:\mong-lounge-site\massage\seoul\jungnang-gu\중랑구-출장마사지-사가정-중화-면목-매장-운영과-반복적인-손-사용-손목-허리-피로-방문-홈케어\index.html"
"서울","중랑구","상봉동","","E:\mong-lounge-site\massage\seoul\jungnang-gu\중랑구-출장마사지-사가정-중화-면목-매장-운영과-반복적인-손-사용-손목-허리-피로-방문-홈케어\index.html"
"서울","중랑구","신내동","","E:\mong-lounge-site\massage\seoul\jungnang-gu\중랑구-출장마사지-사가정-중화-면목-매장-운영과-반복적인-손-사용-손목-허리-피로-방문-홈케어\index.html"
"서울","중랑구","중화동","","E:\mong-lounge-site\massage\seoul\jungnang-gu\중랑구-출장마사지-사가정-중화-면목-매장-운영과-반복적인-손-사용-손목-허리-피로-방문-홈케어\index.html"
"인천","강화군","강화읍","","E:\mong-lounge-site\massage\incheon\ganghwa-gun\강화군-출장마사지-강화읍-길상-불은-당일-여행과-차량-이동이-길어진-날-다리-허리-피로-방문-홈케어\index.html"
"인천","강화군","교동면","행정구역","E:\mong-lounge-site\massage\incheon\ganghwa-gun\강화군-출장마사지-강화읍-길상-불은-당일-여행과-차량-이동이-길어진-날-다리-허리-피로-방문-홈케어\index.html"
"인천","강화군","길상면","행정구역","E:\mong-lounge-site\massage\incheon\ganghwa-gun\강화군-출장마사지-강화읍-길상-불은-당일-여행과-차량-이동이-길어진-날-다리-허리-피로-방문-홈케어\index.html"
"인천","강화군","내가면","행정구역","E:\mong-lounge-site\massage\incheon\ganghwa-gun\강화군-출장마사지-강화읍-길상-불은-당일-여행과-차량-이동이-길어진-날-다리-허리-피로-방문-홈케어\index.html"
"인천","강화군","불은면","행정구역","E:\mong-lounge-site\massage\incheon\ganghwa-gun\강화군-출장마사지-강화읍-길상-불은-당일-여행과-차량-이동이-길어진-날-다리-허리-피로-방문-홈케어\index.html"
"인천","강화군","삼산면","행정구역","E:\mong-lounge-site\massage\incheon\ganghwa-gun\강화군-출장마사지-강화읍-길상-불은-당일-여행과-차량-이동이-길어진-날-다리-허리-피로-방문-홈케어\index.html"
"인천","강화군","서도면","행정구역","E:\mong-lounge-site\massage\incheon\ganghwa-gun\강화군-출장마사지-강화읍-길상-불은-당일-여행과-차량-이동이-길어진-날-다리-허리-피로-방문-홈케어\index.html"
"인천","강화군","선원면","행정구역","E:\mong-lounge-site\massage\incheon\ganghwa-gun\강화군-출장마사지-강화읍-길상-불은-당일-여행과-차량-이동이-길어진-날-다리-허리-피로-방문-홈케어\index.html"
"인천","강화군","송해면","행정구역","E:\mong-lounge-site\massage\incheon\ganghwa-gun\강화군-출장마사지-강화읍-길상-불은-당일-여행과-차량-이동이-길어진-날-다리-허리-피로-방문-홈케어\index.html"
"인천","강화군","양도면","행정구역","E:\mong-lounge-site\massage\incheon\ganghwa-gun\강화군-출장마사지-강화읍-길상-불은-당일-여행과-차량-이동이-길어진-날-다리-허리-피로-방문-홈케어\index.html"
"인천","강화군","양사면","행정구역","E:\mong-lounge-site\massage\incheon\ganghwa-gun\강화군-출장마사지-강화읍-길상-불은-당일-여행과-차량-이동이-길어진-날-다리-허리-피로-방문-홈케어\index.html"
"인천","강화군","하점면","행정구역","E:\mong-lounge-site\massage\incheon\ganghwa-gun\강화군-출장마사지-강화읍-길상-불은-당일-여행과-차량-이동이-길어진-날-다리-허리-피로-방문-홈케어\index.html"
"인천","강화군","화도면","행정구역","E:\mong-lounge-site\massage\incheon\ganghwa-gun\강화군-출장마사지-강화읍-길상-불은-당일-여행과-차량-이동이-길어진-날-다리-허리-피로-방문-홈케어\index.html"
"인천","검단구","검단동","","E:\mong-lounge-site\massage\incheon\geomdan-gu\검단구-출장마사지-검단신도시-원당-불로-입주-이사와-신도시-정리-일정-어깨-허리-피로-방문-홈케어\index.html"
"인천","검단구","당하동","","E:\mong-lounge-site\massage\incheon\geomdan-gu\검단구-출장마사지-검단신도시-원당-불로-입주-이사와-신도시-정리-일정-어깨-허리-피로-방문-홈케어\index.html"
"인천","검단구","마전동","","E:\mong-lounge-site\massage\incheon\geomdan-gu\검단구-출장마사지-검단신도시-원당-불로-입주-이사와-신도시-정리-일정-어깨-허리-피로-방문-홈케어\index.html"
"인천","검단구","불로대곡동","","E:\mong-lounge-site\massage\incheon\geomdan-gu\검단구-출장마사지-검단신도시-원당-불로-입주-이사와-신도시-정리-일정-어깨-허리-피로-방문-홈케어\index.html"
"인천","검단구","아라동","","E:\mong-lounge-site\massage\incheon\geomdan-gu\검단구-출장마사지-검단신도시-원당-불로-입주-이사와-신도시-정리-일정-어깨-허리-피로-방문-홈케어\index.html"
"인천","검단구","오류왕길동","","E:\mong-lounge-site\massage\incheon\geomdan-gu\검단구-출장마사지-검단신도시-원당-불로-입주-이사와-신도시-정리-일정-어깨-허리-피로-방문-홈케어\index.html"
"인천","검단구","원당동","","E:\mong-lounge-site\massage\incheon\geomdan-gu\검단구-출장마사지-검단신도시-원당-불로-입주-이사와-신도시-정리-일정-어깨-허리-피로-방문-홈케어\index.html"
"인천","계양구","계산동","","E:\mong-lounge-site\massage\incheon\gyeyang-gu\계양구-출장마사지-계산-작전-임학-출퇴근과-환승-이동이-길어진-날-목-허리-피로-방문-홈케어\index.html"
"인천","계양구","계양동","","E:\mong-lounge-site\massage\incheon\gyeyang-gu\계양구-출장마사지-계산-작전-임학-출퇴근과-환승-이동이-길어진-날-목-허리-피로-방문-홈케어\index.html"
"인천","계양구","작전동","","E:\mong-lounge-site\massage\incheon\gyeyang-gu\계양구-출장마사지-계산-작전-임학-출퇴근과-환승-이동이-길어진-날-목-허리-피로-방문-홈케어\index.html"
"인천","계양구","작전서운동","","E:\mong-lounge-site\massage\incheon\gyeyang-gu\계양구-출장마사지-계산-작전-임학-출퇴근과-환승-이동이-길어진-날-목-허리-피로-방문-홈케어\index.html"
"인천","계양구","효성동","","E:\mong-lounge-site\massage\incheon\gyeyang-gu\계양구-출장마사지-계산-작전-임학-출퇴근과-환승-이동이-길어진-날-목-허리-피로-방문-홈케어\index.html"
"인천","남동구","간석동","","E:\mong-lounge-site\massage\incheon\namdong-gu\남동구-출장마사지-구월-논현-간석-오피스와-쇼핑-일정이-겹친-날-다리-어깨-피로-방문-홈케어\index.html"
"인천","남동구","구월동","","E:\mong-lounge-site\massage\incheon\namdong-gu\남동구-출장마사지-구월-논현-간석-오피스와-쇼핑-일정이-겹친-날-다리-어깨-피로-방문-홈케어\index.html"
"인천","남동구","남촌도림동","","E:\mong-lounge-site\massage\incheon\namdong-gu\남동구-출장마사지-구월-논현-간석-오피스와-쇼핑-일정이-겹친-날-다리-어깨-피로-방문-홈케어\index.html"
"인천","남동구","논현고잔동","","E:\mong-lounge-site\massage\incheon\namdong-gu\남동구-출장마사지-구월-논현-간석-오피스와-쇼핑-일정이-겹친-날-다리-어깨-피로-방문-홈케어\index.html"
"인천","남동구","논현동","","E:\mong-lounge-site\massage\incheon\namdong-gu\남동구-출장마사지-구월-논현-간석-오피스와-쇼핑-일정이-겹친-날-다리-어깨-피로-방문-홈케어\index.html"
"인천","남동구","만수동","","E:\mong-lounge-site\massage\incheon\namdong-gu\남동구-출장마사지-구월-논현-간석-오피스와-쇼핑-일정이-겹친-날-다리-어깨-피로-방문-홈케어\index.html"
"인천","남동구","서창동","","E:\mong-lounge-site\massage\incheon\namdong-gu\남동구-출장마사지-구월-논현-간석-오피스와-쇼핑-일정이-겹친-날-다리-어깨-피로-방문-홈케어\index.html"
"인천","남동구","장수서창동","","E:\mong-lounge-site\massage\incheon\namdong-gu\남동구-출장마사지-구월-논현-간석-오피스와-쇼핑-일정이-겹친-날-다리-어깨-피로-방문-홈케어\index.html"
"인천","미추홀구","3동","","E:\mong-lounge-site\massage\incheon\michuhol-gu\미추홀구-출장마사지-주안-용현-도화-통근과-대학가-이동이-길어진-날-목-허리-피로-방문-홈케어\index.html"
"인천","미추홀구","4동","","E:\mong-lounge-site\massage\incheon\michuhol-gu\미추홀구-출장마사지-주안-용현-도화-통근과-대학가-이동이-길어진-날-목-허리-피로-방문-홈케어\index.html"
"인천","미추홀구","관교동","","E:\mong-lounge-site\massage\incheon\michuhol-gu\미추홀구-출장마사지-주안-용현-도화-통근과-대학가-이동이-길어진-날-목-허리-피로-방문-홈케어\index.html"
"인천","미추홀구","도화동","","E:\mong-lounge-site\massage\incheon\michuhol-gu\미추홀구-출장마사지-주안-용현-도화-통근과-대학가-이동이-길어진-날-목-허리-피로-방문-홈케어\index.html"
"인천","미추홀구","문학동","","E:\mong-lounge-site\massage\incheon\michuhol-gu\미추홀구-출장마사지-주안-용현-도화-통근과-대학가-이동이-길어진-날-목-허리-피로-방문-홈케어\index.html"
"인천","미추홀구","숭의동","","E:\mong-lounge-site\massage\incheon\michuhol-gu\미추홀구-출장마사지-주안-용현-도화-통근과-대학가-이동이-길어진-날-목-허리-피로-방문-홈케어\index.html"
"인천","미추홀구","용현동","","E:\mong-lounge-site\massage\incheon\michuhol-gu\미추홀구-출장마사지-주안-용현-도화-통근과-대학가-이동이-길어진-날-목-허리-피로-방문-홈케어\index.html"
"인천","미추홀구","주안동","","E:\mong-lounge-site\massage\incheon\michuhol-gu\미추홀구-출장마사지-주안-용현-도화-통근과-대학가-이동이-길어진-날-목-허리-피로-방문-홈케어\index.html"
"인천","미추홀구","학익동","","E:\mong-lounge-site\massage\incheon\michuhol-gu\미추홀구-출장마사지-주안-용현-도화-통근과-대학가-이동이-길어진-날-목-허리-피로-방문-홈케어\index.html"
"인천","부평구","갈산동","","E:\mong-lounge-site\massage\incheon\bupyeong-gu\부평구-출장마사지-부평-삼산-갈산-쇼핑-서비스-업무로-오래-선-날-다리-손목-피로-방문-홈케어\index.html"
"인천","부평구","부개동","","E:\mong-lounge-site\massage\incheon\bupyeong-gu\부평구-출장마사지-부평-삼산-갈산-쇼핑-서비스-업무로-오래-선-날-다리-손목-피로-방문-홈케어\index.html"
"인천","부평구","부평동","","E:\mong-lounge-site\massage\incheon\bupyeong-gu\부평구-출장마사지-부평-삼산-갈산-쇼핑-서비스-업무로-오래-선-날-다리-손목-피로-방문-홈케어\index.html"
"인천","부평구","산곡동","","E:\mong-lounge-site\massage\incheon\bupyeong-gu\부평구-출장마사지-부평-삼산-갈산-쇼핑-서비스-업무로-오래-선-날-다리-손목-피로-방문-홈케어\index.html"
"인천","부평구","삼산동","","E:\mong-lounge-site\massage\incheon\bupyeong-gu\부평구-출장마사지-부평-삼산-갈산-쇼핑-서비스-업무로-오래-선-날-다리-손목-피로-방문-홈케어\index.html"
"인천","부평구","십정동","","E:\mong-lounge-site\massage\incheon\bupyeong-gu\부평구-출장마사지-부평-삼산-갈산-쇼핑-서비스-업무로-오래-선-날-다리-손목-피로-방문-홈케어\index.html"
"인천","부평구","일신동","","E:\mong-lounge-site\massage\incheon\bupyeong-gu\부평구-출장마사지-부평-삼산-갈산-쇼핑-서비스-업무로-오래-선-날-다리-손목-피로-방문-홈케어\index.html"
"인천","부평구","청천동","","E:\mong-lounge-site\massage\incheon\bupyeong-gu\부평구-출장마사지-부평-삼산-갈산-쇼핑-서비스-업무로-오래-선-날-다리-손목-피로-방문-홈케어\index.html"
"인천","서해구","가정동","","E:\mong-lounge-site\massage\incheon\seohae-gu\서해구-출장마사지-청라-가정-석남-신도시-통근과-가족-일정이-겹친-날-허리-어깨-피로-방문-홈케어\index.html"
"인천","서해구","가좌동","","E:\mong-lounge-site\massage\incheon\seohae-gu\서해구-출장마사지-청라-가정-석남-신도시-통근과-가족-일정이-겹친-날-허리-어깨-피로-방문-홈케어\index.html"
"인천","서해구","검암경서동","","E:\mong-lounge-site\massage\incheon\seohae-gu\서해구-출장마사지-청라-가정-석남-신도시-통근과-가족-일정이-겹친-날-허리-어깨-피로-방문-홈케어\index.html"
"인천","서해구","석남동","","E:\mong-lounge-site\massage\incheon\seohae-gu\서해구-출장마사지-청라-가정-석남-신도시-통근과-가족-일정이-겹친-날-허리-어깨-피로-방문-홈케어\index.html"
"인천","서해구","신현원창동","","E:\mong-lounge-site\massage\incheon\seohae-gu\서해구-출장마사지-청라-가정-석남-신도시-통근과-가족-일정이-겹친-날-허리-어깨-피로-방문-홈케어\index.html"
"인천","서해구","연희동","","E:\mong-lounge-site\massage\incheon\seohae-gu\서해구-출장마사지-청라-가정-석남-신도시-통근과-가족-일정이-겹친-날-허리-어깨-피로-방문-홈케어\index.html"
"인천","서해구","청라동","","E:\mong-lounge-site\massage\incheon\seohae-gu\서해구-출장마사지-청라-가정-석남-신도시-통근과-가족-일정이-겹친-날-허리-어깨-피로-방문-홈케어\index.html"
"인천","연수구","동춘동","","E:\mong-lounge-site\massage\incheon\yeonsu-gu\연수구-출장마사지-송도-연수-동춘-오피스-업무와-국제업무-일정이-길어진-날-목-눈-어깨-피로-방문-홈케어\index.html"
"인천","연수구","선학동","","E:\mong-lounge-site\massage\incheon\yeonsu-gu\연수구-출장마사지-송도-연수-동춘-오피스-업무와-국제업무-일정이-길어진-날-목-눈-어깨-피로-방문-홈케어\index.html"
"인천","연수구","송도동","","E:\mong-lounge-site\massage\incheon\yeonsu-gu\연수구-출장마사지-송도-연수-동춘-오피스-업무와-국제업무-일정이-길어진-날-목-눈-어깨-피로-방문-홈케어\index.html"
"인천","연수구","연수동","","E:\mong-lounge-site\massage\incheon\yeonsu-gu\연수구-출장마사지-송도-연수-동춘-오피스-업무와-국제업무-일정이-길어진-날-목-눈-어깨-피로-방문-홈케어\index.html"
"인천","연수구","옥련동","","E:\mong-lounge-site\massage\incheon\yeonsu-gu\연수구-출장마사지-송도-연수-동춘-오피스-업무와-국제업무-일정이-길어진-날-목-눈-어깨-피로-방문-홈케어\index.html"
"인천","연수구","청학동","","E:\mong-lounge-site\massage\incheon\yeonsu-gu\연수구-출장마사지-송도-연수-동춘-오피스-업무와-국제업무-일정이-길어진-날-목-눈-어깨-피로-방문-홈케어\index.html"
"인천","영종구","영종동","","E:\mong-lounge-site\massage\incheon\yeongjong-gu\영종구-출장마사지-영종-운서-공항신도시-공항-이동과-여행-일정이-이어진-날-다리-허리-피로-방문-홈케어\index.html"
"인천","영종구","용유동","","E:\mong-lounge-site\massage\incheon\yeongjong-gu\영종구-출장마사지-영종-운서-공항신도시-공항-이동과-여행-일정이-이어진-날-다리-허리-피로-방문-홈케어\index.html"
"인천","영종구","운서동","","E:\mong-lounge-site\massage\incheon\yeongjong-gu\영종구-출장마사지-영종-운서-공항신도시-공항-이동과-여행-일정이-이어진-날-다리-허리-피로-방문-홈케어\index.html"
"인천","옹진군","대청면","행정구역","E:\mong-lounge-site\massage\incheon\ongjin-gun\옹진군-출장마사지-영흥-백령-덕적-섬-이동과-숙박-일정이-길어진-날-다리-허리-피로-방문-홈케어\index.html"
"인천","옹진군","덕적면","행정구역","E:\mong-lounge-site\massage\incheon\ongjin-gun\옹진군-출장마사지-영흥-백령-덕적-섬-이동과-숙박-일정이-길어진-날-다리-허리-피로-방문-홈케어\index.html"
"인천","옹진군","백령면","행정구역","E:\mong-lounge-site\massage\incheon\ongjin-gun\옹진군-출장마사지-영흥-백령-덕적-섬-이동과-숙박-일정이-길어진-날-다리-허리-피로-방문-홈케어\index.html"
"인천","옹진군","북도면","행정구역","E:\mong-lounge-site\massage\incheon\ongjin-gun\옹진군-출장마사지-영흥-백령-덕적-섬-이동과-숙박-일정이-길어진-날-다리-허리-피로-방문-홈케어\index.html"
"인천","옹진군","연평면","행정구역","E:\mong-lounge-site\massage\incheon\ongjin-gun\옹진군-출장마사지-영흥-백령-덕적-섬-이동과-숙박-일정이-길어진-날-다리-허리-피로-방문-홈케어\index.html"
"인천","옹진군","영흥면","행정구역","E:\mong-lounge-site\massage\incheon\ongjin-gun\옹진군-출장마사지-영흥-백령-덕적-섬-이동과-숙박-일정이-길어진-날-다리-허리-피로-방문-홈케어\index.html"
"인천","옹진군","자월면","행정구역","E:\mong-lounge-site\massage\incheon\ongjin-gun\옹진군-출장마사지-영흥-백령-덕적-섬-이동과-숙박-일정이-길어진-날-다리-허리-피로-방문-홈케어\index.html"
"인천","제물포구","2동","","E:\mong-lounge-site\massage\incheon\jemulpo-gu\제물포구-출장마사지-동인천-월미-송현-시장-관광과-장시간-보행-일정-다리-허리-피로-방문-홈케어\index.html"
"인천","제물포구","개항동","","E:\mong-lounge-site\massage\incheon\jemulpo-gu\제물포구-출장마사지-동인천-월미-송현-시장-관광과-장시간-보행-일정-다리-허리-피로-방문-홈케어\index.html"
"인천","제물포구","금창동","","E:\mong-lounge-site\massage\incheon\jemulpo-gu\제물포구-출장마사지-동인천-월미-송현-시장-관광과-장시간-보행-일정-다리-허리-피로-방문-홈케어\index.html"
"인천","제물포구","도원동","","E:\mong-lounge-site\massage\incheon\jemulpo-gu\제물포구-출장마사지-동인천-월미-송현-시장-관광과-장시간-보행-일정-다리-허리-피로-방문-홈케어\index.html"
"인천","제물포구","동인천동","","E:\mong-lounge-site\massage\incheon\jemulpo-gu\제물포구-출장마사지-동인천-월미-송현-시장-관광과-장시간-보행-일정-다리-허리-피로-방문-홈케어\index.html"
"인천","제물포구","만석동","","E:\mong-lounge-site\massage\incheon\jemulpo-gu\제물포구-출장마사지-동인천-월미-송현-시장-관광과-장시간-보행-일정-다리-허리-피로-방문-홈케어\index.html"
"인천","제물포구","송림동","","E:\mong-lounge-site\massage\incheon\jemulpo-gu\제물포구-출장마사지-동인천-월미-송현-시장-관광과-장시간-보행-일정-다리-허리-피로-방문-홈케어\index.html"
"인천","제물포구","송현동","","E:\mong-lounge-site\massage\incheon\jemulpo-gu\제물포구-출장마사지-동인천-월미-송현-시장-관광과-장시간-보행-일정-다리-허리-피로-방문-홈케어\index.html"
"인천","제물포구","신포동","","E:\mong-lounge-site\massage\incheon\jemulpo-gu\제물포구-출장마사지-동인천-월미-송현-시장-관광과-장시간-보행-일정-다리-허리-피로-방문-홈케어\index.html"
"인천","제물포구","신흥동","","E:\mong-lounge-site\massage\incheon\jemulpo-gu\제물포구-출장마사지-동인천-월미-송현-시장-관광과-장시간-보행-일정-다리-허리-피로-방문-홈케어\index.html"
"인천","제물포구","연안동","","E:\mong-lounge-site\massage\incheon\jemulpo-gu\제물포구-출장마사지-동인천-월미-송현-시장-관광과-장시간-보행-일정-다리-허리-피로-방문-홈케어\index.html"
"인천","제물포구","율목동","","E:\mong-lounge-site\massage\incheon\jemulpo-gu\제물포구-출장마사지-동인천-월미-송현-시장-관광과-장시간-보행-일정-다리-허리-피로-방문-홈케어\index.html"
"인천","제물포구","화수동","","E:\mong-lounge-site\massage\incheon\jemulpo-gu\제물포구-출장마사지-동인천-월미-송현-시장-관광과-장시간-보행-일정-다리-허리-피로-방문-홈케어\index.html"
"인천","제물포구","화평동","","E:\mong-lounge-site\massage\incheon\jemulpo-gu\제물포구-출장마사지-동인천-월미-송현-시장-관광과-장시간-보행-일정-다리-허리-피로-방문-홈케어\index.html"
