"Type","Group","Class","Count","Template","Sample1","Sample2","Sample3"
"TITLE_TEMPLATE","1","업체상세","137","x 상세정보 loc x 코스와 이용시간 brand","shops/seoul/gangnam-gu/역삼동/한국미인테라피/index.html || 한국미인테라피 상세정보 | 강남구 역삼동 코스와 이용시간 | 몽라운지","shops/seoul/gangnam-gu/논현동/너무이쁜테라피/index.html || 너무이쁜테라피 상세정보 | 강남구 논현동 코스와 이용시간 | 몽라운지","shops/seoul/gangnam-gu/삼성동/한국미인테라피/index.html || 한국미인테라피 상세정보 | 강남구 삼성동 코스와 이용시간 | 몽라운지"
"TITLE_TEMPLATE","2","업체상세","135","x loc x 이용 전 확인정보 brand","shops/seoul/gangnam-gu/역삼동/love테라피/index.html || love테라피 | 강남구 역삼동 이용 전 확인정보 | 몽라운지","shops/seoul/gangnam-gu/논현동/love테라피/index.html || love테라피 | 강남구 논현동 이용 전 확인정보 | 몽라운지","shops/seoul/gangnam-gu/대치동/너무이쁜테라피/index.html || 너무이쁜테라피 | 강남구 대치동 이용 전 확인정보 | 몽라운지"
"TITLE_TEMPLATE","3","업체상세","135","loc x 기준 x 코스 운영시간 안내 brand","shops/seoul/gangdong-gu/둔촌동/너무이쁜테라피/index.html || 강동구 둔촌동 기준 너무이쁜테라피 | 코스·운영시간 안내 | 몽라운지","shops/seoul/gangdong-gu/명일동/너무이쁜테라피/index.html || 강동구 명일동 기준 너무이쁜테라피 | 코스·운영시간 안내 | 몽라운지","shops/seoul/gangbuk-gu/우이동/프리미엄테라피/index.html || 강북구 우이동 기준 프리미엄테라피 | 코스·운영시간 안내 | 몽라운지"
"TITLE_TEMPLATE","4","업체상세","135","loc x x 이용 가이드 코스 연락 방법 brand","shops/seoul/gangnam-gu/개포동/love테라피/index.html || 강남구 개포동 love테라피 이용 가이드 | 코스·연락 방법 | 몽라운지","shops/seoul/gangnam-gu/압구정동/한국미인테라피/index.html || 강남구 압구정동 한국미인테라피 이용 가이드 | 코스·연락 방법 | 몽라운지","shops/seoul/gangnam-gu/일원동/너무이쁜테라피/index.html || 강남구 일원동 너무이쁜테라피 이용 가이드 | 코스·연락 방법 | 몽라운지"
"TITLE_TEMPLATE","5","업체상세","132","loc x x 코스 가격 운영정보 brand","shops/seoul/gangnam-gu/대치동/한국미인테라피/index.html || 강남구 대치동 한국미인테라피 | 코스·가격·운영정보 | 몽라운지","shops/seoul/gangnam-gu/세곡동/너무이쁜테라피/index.html || 강남구 세곡동 너무이쁜테라피 | 코스·가격·운영정보 | 몽라운지","shops/seoul/gangdong-gu/암사동/마인드좋은테라피/index.html || 강동구 암사동 마인드좋은테라피 | 코스·가격·운영정보 | 몽라운지"
"TITLE_TEMPLATE","6","업체상세","127","loc x kw x 영업시간 문의 brand","shops/seoul/gangnam-gu/역삼동/너무이쁜테라피/index.html || 강남구 역삼동 출장마사지 너무이쁜테라피 | 영업시간·문의 | 몽라운지","shops/seoul/gangnam-gu/수서동/love테라피/index.html || 강남구 수서동 출장마사지 love테라피 | 영업시간·문의 | 몽라운지","shops/seoul/gangdong-gu/명일동/프리미엄테라피/index.html || 강동구 명일동 출장마사지 프리미엄테라피 | 영업시간·문의 | 몽라운지"
"TITLE_TEMPLATE","7","업체상세","124","loc x 에서 확인하는 x 코스 가격 안내 brand","shops/seoul/gangnam-gu/개포동/너무이쁜테라피/index.html || 강남구 개포동에서 확인하는 너무이쁜테라피 | 코스·가격 안내 | 몽라운지","shops/seoul/gangdong-gu/고덕동/love테라피/index.html || 강동구 고덕동에서 확인하는 love테라피 | 코스·가격 안내 | 몽라운지","shops/seoul/gangbuk-gu/미아동/너무이쁜테라피/index.html || 강북구 미아동에서 확인하는 너무이쁜테라피 | 코스·가격 안내 | 몽라운지"
"TITLE_TEMPLATE","8","업체상세","122","x loc x 이용정보 가격 전화 문자 문의 brand","shops/seoul/gangnam-gu/도곡동/프리미엄테라피/index.html || 프리미엄테라피 강남구 도곡동 이용정보 | 가격·전화·문자 문의 | 몽라운지","shops/seoul/gangnam-gu/삼성동/love테라피/index.html || love테라피 강남구 삼성동 이용정보 | 가격·전화·문자 문의 | 몽라운지","shops/seoul/gangnam-gu/수서동/너무이쁜테라피/index.html || 너무이쁜테라피 강남구 수서동 이용정보 | 가격·전화·문자 문의 | 몽라운지"
"TITLE_TEMPLATE","9","업체상세","121","x 이용 안내 loc x 운영시간 코스 정보 brand","shops/seoul/gangnam-gu/신사동/너무이쁜테라피/index.html || 너무이쁜테라피 이용 안내 | 강남구 신사동 운영시간·코스 정보 | 몽라운지","shops/seoul/gangdong-gu/고덕동/프리미엄테라피/index.html || 프리미엄테라피 이용 안내 | 강동구 고덕동 운영시간·코스 정보 | 몽라운지","shops/seoul/gangbuk-gu/수유동/프리미엄테라피/index.html || 프리미엄테라피 이용 안내 | 강북구 수유동 운영시간·코스 정보 | 몽라운지"
"TITLE_TEMPLATE","10","업체상세","118","loc x x 코스별 시간 가격 안내 brand","shops/seoul/gangnam-gu/도곡동/너무이쁜테라피/index.html || 강남구 도곡동 너무이쁜테라피 | 코스별 시간·가격 안내 | 몽라운지","shops/seoul/gangnam-gu/삼성동/프리미엄테라피/index.html || 강남구 삼성동 프리미엄테라피 | 코스별 시간·가격 안내 | 몽라운지","shops/seoul/gangnam-gu/세곡동/한국미인테라피/index.html || 강남구 세곡동 한국미인테라피 | 코스별 시간·가격 안내 | 몽라운지"
"TITLE_TEMPLATE","11","업체상세","116","loc x x 가격 코스 연락 안내 brand","shops/seoul/gangnam-gu/도곡동/love테라피/index.html || 강남구 도곡동 love테라피 | 가격·코스·연락 안내 | 몽라운지","shops/seoul/gangnam-gu/압구정동/너무이쁜테라피/index.html || 강남구 압구정동 너무이쁜테라피 | 가격·코스·연락 안내 | 몽라운지","shops/seoul/gangdong-gu/천호동/한국미인테라피/index.html || 강동구 천호동 한국미인테라피 | 가격·코스·연락 안내 | 몽라운지"
"TITLE_TEMPLATE","12","업체상세","114","x loc x 안내 전화 문자 가격 정보 brand","shops/seoul/gangseo-gu/우장산동/love테라피/index.html || love테라피 강서구 우장산동 안내 | 전화·문자·가격 정보 | 몽라운지","shops/seoul/gwanak-gu/남현동/너무이쁜테라피/index.html || 너무이쁜테라피 관악구 남현동 안내 | 전화·문자·가격 정보 | 몽라운지","shops/seoul/gwanak-gu/서림동/한국미인테라피/index.html || 한국미인테라피 관악구 서림동 안내 | 전화·문자·가격 정보 | 몽라운지"
"TITLE_TEMPLATE","13","업체상세","112","loc x x 영업시간과 코스 구성 brand","shops/seoul/gangnam-gu/개포동/한국미인테라피/index.html || 강남구 개포동 한국미인테라피 | 영업시간과 코스 구성 | 몽라운지","shops/seoul/gangnam-gu/논현동/프리미엄테라피/index.html || 강남구 논현동 프리미엄테라피 | 영업시간과 코스 구성 | 몽라운지","shops/seoul/gangnam-gu/일원동/love테라피/index.html || 강남구 일원동 love테라피 | 영업시간과 코스 구성 | 몽라운지"
"TITLE_TEMPLATE","14","업체상세","109","x loc x 코스와 영업시간 안내 brand","shops/seoul/gangnam-gu/수서동/한국미인테라피/index.html || 한국미인테라피 | 강남구 수서동 코스와 영업시간 안내 | 몽라운지","shops/seoul/gangnam-gu/일원본동/한국미인테라피/index.html || 한국미인테라피 | 강남구 일원본동 코스와 영업시간 안내 | 몽라운지","shops/seoul/gangdong-gu/강일동/마인드좋은테라피/index.html || 마인드좋은테라피 | 강동구 강일동 코스와 영업시간 안내 | 몽라운지"
"TITLE_TEMPLATE","15","업체상세","108","x loc x kw 코스 가격 안내 brand","shops/seoul/gangnam-gu/역삼동/프리미엄테라피/index.html || 프리미엄테라피 강남구 역삼동 출장마사지 | 코스·가격 안내 | 몽라운지","shops/seoul/gangnam-gu/신사동/love테라피/index.html || love테라피 강남구 신사동 출장마사지 | 코스·가격 안내 | 몽라운지","shops/seoul/gangbuk-gu/삼양동/너무이쁜테라피/index.html || 너무이쁜테라피 강북구 삼양동 출장마사지 | 코스·가격 안내 | 몽라운지"
"TITLE_TEMPLATE","16","업체상세","105","x 이용정보 loc x 코스 가격 문의 brand","shops/seoul/gangdong-gu/고덕동/너무이쁜테라피/index.html || 너무이쁜테라피 이용정보 | 강동구 고덕동 코스·가격·문의 | 몽라운지","shops/seoul/gangdong-gu/길동/프리미엄테라피/index.html || 프리미엄테라피 이용정보 | 강동구 길동 코스·가격·문의 | 몽라운지","shops/seoul/gangdong-gu/둔촌동/love테라피/index.html || love테라피 이용정보 | 강동구 둔촌동 코스·가격·문의 | 몽라운지"
"TITLE_TEMPLATE","17","업체상세","104","loc x 에서 보는 x 영업시간 연락 안내 brand","shops/seoul/gangnam-gu/대치동/love테라피/index.html || 강남구 대치동에서 보는 love테라피 | 영업시간·연락 안내 | 몽라운지","shops/seoul/gangnam-gu/세곡동/프리미엄테라피/index.html || 강남구 세곡동에서 보는 프리미엄테라피 | 영업시간·연락 안내 | 몽라운지","shops/seoul/gangnam-gu/일원본동/love테라피/index.html || 강남구 일원본동에서 보는 love테라피 | 영업시간·연락 안내 | 몽라운지"
"TITLE_TEMPLATE","18","업체상세","103","loc x 지역 x 운영시간 이용정보 brand","shops/seoul/gangnam-gu/세곡동/love테라피/index.html || 강남구 세곡동 지역 love테라피 | 운영시간·이용정보 | 몽라운지","shops/seoul/gangnam-gu/청담동/너무이쁜테라피/index.html || 강남구 청담동 지역 너무이쁜테라피 | 운영시간·이용정보 | 몽라운지","shops/seoul/gangdong-gu/강일동/한국미인테라피/index.html || 강동구 강일동 지역 한국미인테라피 | 운영시간·이용정보 | 몽라운지"
"TITLE_TEMPLATE","19","업체상세","102","loc x x 가격 운영시간 문의 정보 brand","shops/seoul/gangnam-gu/삼성동/너무이쁜테라피/index.html || 강남구 삼성동 너무이쁜테라피 | 가격·운영시간·문의 정보 | 몽라운지","shops/seoul/gangdong-gu/길동/너무이쁜테라피/index.html || 강동구 길동 너무이쁜테라피 | 가격·운영시간·문의 정보 | 몽라운지","shops/seoul/gangdong-gu/길동/마인드좋은테라피/index.html || 강동구 길동 마인드좋은테라피 | 가격·운영시간·문의 정보 | 몽라운지"
"TITLE_TEMPLATE","20","업체상세","101","loc x x 상세 안내 운영시간 문의 brand","shops/seoul/gangnam-gu/대치동/프리미엄테라피/index.html || 강남구 대치동 프리미엄테라피 상세 안내 | 운영시간·문의 | 몽라운지","shops/seoul/gangnam-gu/수서동/프리미엄테라피/index.html || 강남구 수서동 프리미엄테라피 상세 안내 | 운영시간·문의 | 몽라운지","shops/seoul/gangbuk-gu/삼각산동/프리미엄테라피/index.html || 강북구 삼각산동 프리미엄테라피 상세 안내 | 운영시간·문의 | 몽라운지"
"TITLE_TEMPLATE","21","업체상세","100","x 코스 안내 loc x 가격 영업시간 brand","shops/seoul/gangnam-gu/논현동/한국미인테라피/index.html || 한국미인테라피 코스 안내 | 강남구 논현동 가격·영업시간 | 몽라운지","shops/seoul/gangnam-gu/압구정동/love테라피/index.html || love테라피 코스 안내 | 강남구 압구정동 가격·영업시간 | 몽라운지","shops/seoul/gangnam-gu/일원동/한국미인테라피/index.html || 한국미인테라피 코스 안내 | 강남구 일원동 가격·영업시간 | 몽라운지"
"TITLE_TEMPLATE","22","업체상세","99","x loc x 코스 구성과 이용정보 brand","shops/seoul/gangnam-gu/개포동/프리미엄테라피/index.html || 프리미엄테라피 | 강남구 개포동 코스 구성과 이용정보 | 몽라운지","shops/seoul/gangnam-gu/도곡동/한국미인테라피/index.html || 한국미인테라피 | 강남구 도곡동 코스 구성과 이용정보 | 몽라운지","shops/seoul/gangnam-gu/청담동/한국미인테라피/index.html || 한국미인테라피 | 강남구 청담동 코스 구성과 이용정보 | 몽라운지"
"TITLE_TEMPLATE","23","업체상세","94","x 운영정보 loc x 가격 문의 방법 brand","shops/seoul/gangnam-gu/일원동/프리미엄테라피/index.html || 프리미엄테라피 운영정보 | 강남구 일원동 가격·문의 방법 | 몽라운지","shops/seoul/gangbuk-gu/미아동/한국미인테라피/index.html || 한국미인테라피 운영정보 | 강북구 미아동 가격·문의 방법 | 몽라운지","shops/seoul/gangbuk-gu/번동/너무이쁜테라피/index.html || 너무이쁜테라피 운영정보 | 강북구 번동 가격·문의 방법 | 몽라운지"
"TITLE_TEMPLATE","24","업체상세","88","x loc x 코스시간 가격 확인 brand","shops/seoul/gangnam-gu/압구정동/프리미엄테라피/index.html || 프리미엄테라피 강남구 압구정동 | 코스시간·가격 확인 | 몽라운지","shops/seoul/gangnam-gu/일원본동/너무이쁜테라피/index.html || 너무이쁜테라피 강남구 일원본동 | 코스시간·가격 확인 | 몽라운지","shops/seoul/gangdong-gu/강일동/너무이쁜테라피/index.html || 너무이쁜테라피 강동구 강일동 | 코스시간·가격 확인 | 몽라운지"
"TITLE_TEMPLATE","25","기타","69","loc 상세페이지 loc brand","gapyeong/index.html || 가평군 상세페이지 이동 | 몽라운지","mapo-gu/index.html || 마포구 상세페이지 이동 | 몽라운지","dobong-gu/index.html || 도봉구 상세페이지 이동 | 몽라운지"
"TITLE_TEMPLATE","26","업체상세","39","x 코스 안내 loc loc x 가격 영업시간 brand","shops/gyeonggi/goyang/deogyang-gu/관산동/love테라피/index.html || love테라피 코스 안내 | 고양시-덕양구 관산동 가격·영업시간 | 몽라운지","shops/gyeonggi/goyang/deogyang-gu/성사동/프리미엄테라피/index.html || 프리미엄테라피 코스 안내 | 고양시-덕양구 성사동 가격·영업시간 | 몽라운지","shops/gyeonggi/goyang/ilsandong-gu/고봉동/너무이쁜테라피/index.html || 너무이쁜테라피 코스 안내 | 고양시-일산동구 고봉동 가격·영업시간 | 몽라운지"
"TITLE_TEMPLATE","27","업체상세","38","loc loc x x 코스별 시간 가격 안내 brand","shops/gyeonggi/goyang/deogyang-gu/창릉동/프리미엄테라피/index.html || 고양시-덕양구 창릉동 프리미엄테라피 | 코스별 시간·가격 안내 | 몽라운지","shops/gyeonggi/goyang/deogyang-gu/화정동/너무이쁜테라피/index.html || 고양시-덕양구 화정동 너무이쁜테라피 | 코스별 시간·가격 안내 | 몽라운지","shops/gyeonggi/goyang/ilsandong-gu/장항동/love테라피/index.html || 고양시-일산동구 장항동 love테라피 | 코스별 시간·가격 안내 | 몽라운지"
"TITLE_TEMPLATE","28","업체상세","37","loc loc x x 가격 운영시간 문의 정보 brand","shops/gyeonggi/goyang/deogyang-gu/관산동/너무이쁜테라피/index.html || 고양시-덕양구 관산동 너무이쁜테라피 | 가격·운영시간·문의 정보 | 몽라운지","shops/gyeonggi/goyang/deogyang-gu/주교동/love테라피/index.html || 고양시-덕양구 주교동 love테라피 | 가격·운영시간·문의 정보 | 몽라운지","shops/gyeonggi/goyang/ilsanseo-gu/일산동/한국미인테라피/index.html || 고양시-일산서구 일산동 한국미인테라피 | 가격·운영시간·문의 정보 | 몽라운지"
"TITLE_TEMPLATE","29","업체상세","37","x loc loc x 코스와 영업시간 안내 brand","shops/gyeonggi/goyang/deogyang-gu/삼송동/프리미엄테라피/index.html || 프리미엄테라피 | 고양시-덕양구 삼송동 코스와 영업시간 안내 | 몽라운지","shops/gyeonggi/goyang/ilsandong-gu/중산동/프리미엄테라피/index.html || 프리미엄테라피 | 고양시-일산동구 중산동 코스와 영업시간 안내 | 몽라운지","shops/gyeonggi/goyang/ilsanseo-gu/대화동/love테라피/index.html || love테라피 | 고양시-일산서구 대화동 코스와 영업시간 안내 | 몽라운지"
"TITLE_TEMPLATE","30","업체상세","36","x loc loc x 코스 구성과 이용정보 brand","shops/gyeonggi/goyang/deogyang-gu/화전동/한국미인테라피/index.html || 한국미인테라피 | 고양시-덕양구 화전동 코스 구성과 이용정보 | 몽라운지","shops/gyeonggi/goyang/deogyang-gu/흥도동/프리미엄테라피/index.html || 프리미엄테라피 | 고양시-덕양구 흥도동 코스 구성과 이용정보 | 몽라운지","shops/gyeonggi/goyang/ilsandong-gu/식사동/한국미인테라피/index.html || 한국미인테라피 | 고양시-일산동구 식사동 코스 구성과 이용정보 | 몽라운지"
"TITLE_TEMPLATE","31","업체상세","35","x 운영정보 loc loc x 가격 문의 방법 brand","shops/gyeonggi/goyang/deogyang-gu/고양동/love테라피/index.html || love테라피 운영정보 | 고양시-덕양구 고양동 가격·문의 방법 | 몽라운지","shops/gyeonggi/goyang/deogyang-gu/성사동/한국미인테라피/index.html || 한국미인테라피 운영정보 | 고양시-덕양구 성사동 가격·문의 방법 | 몽라운지","shops/gyeonggi/goyang/deogyang-gu/원신동/너무이쁜테라피/index.html || 너무이쁜테라피 운영정보 | 고양시-덕양구 원신동 가격·문의 방법 | 몽라운지"
"TITLE_TEMPLATE","32","업체상세","35","loc loc x 에서 확인하는 x 코스 가격 안내 brand","shops/gyeonggi/goyang/ilsandong-gu/장항동/프리미엄테라피/index.html || 고양시-일산동구 장항동에서 확인하는 프리미엄테라피 | 코스·가격 안내 | 몽라운지","shops/gyeonggi/goyang/ilsandong-gu/정발산동/한국미인테라피/index.html || 고양시-일산동구 정발산동에서 확인하는 한국미인테라피 | 코스·가격 안내 | 몽라운지","shops/gyeonggi/goyang/ilsanseo-gu/가좌동/너무이쁜테라피/index.html || 고양시-일산서구 가좌동에서 확인하는 너무이쁜테라피 | 코스·가격 안내 | 몽라운지"
"TITLE_TEMPLATE","33","업체상세","35","loc loc x 에서 보는 x 영업시간 연락 안내 brand","shops/gyeonggi/goyang/deogyang-gu/대덕동/love테라피/index.html || 고양시-덕양구 대덕동에서 보는 love테라피 | 영업시간·연락 안내 | 몽라운지","shops/gyeonggi/goyang/deogyang-gu/행신동/너무이쁜테라피/index.html || 고양시-덕양구 행신동에서 보는 너무이쁜테라피 | 영업시간·연락 안내 | 몽라운지","shops/gyeonggi/goyang/ilsandong-gu/장항동/한국미인테라피/index.html || 고양시-일산동구 장항동에서 보는 한국미인테라피 | 영업시간·연락 안내 | 몽라운지"
"TITLE_TEMPLATE","34","업체상세","35","x loc loc x 이용정보 가격 전화 문자 문의 brand","shops/gyeonggi/goyang/deogyang-gu/행주동/love테라피/index.html || love테라피 고양시-덕양구 행주동 이용정보 | 가격·전화·문자 문의 | 몽라운지","shops/gyeonggi/goyang/ilsandong-gu/고봉동/한국미인테라피/index.html || 한국미인테라피 고양시-일산동구 고봉동 이용정보 | 가격·전화·문자 문의 | 몽라운지","shops/gyeonggi/goyang/ilsanseo-gu/일산동/love테라피/index.html || love테라피 고양시-일산서구 일산동 이용정보 | 가격·전화·문자 문의 | 몽라운지"
"TITLE_TEMPLATE","35","업체상세","34","x 이용 안내 loc loc x 운영시간 코스 정보 brand","shops/gyeonggi/goyang/deogyang-gu/삼송동/love테라피/index.html || love테라피 이용 안내 | 고양시-덕양구 삼송동 운영시간·코스 정보 | 몽라운지","shops/gyeonggi/goyang/deogyang-gu/화정동/한국미인테라피/index.html || 한국미인테라피 이용 안내 | 고양시-덕양구 화정동 운영시간·코스 정보 | 몽라운지","shops/gyeonggi/goyang/ilsandong-gu/마두동/너무이쁜테라피/index.html || 너무이쁜테라피 이용 안내 | 고양시-일산동구 마두동 운영시간·코스 정보 | 몽라운지"
"TITLE_TEMPLATE","36","업체상세","34","x loc loc x 코스시간 가격 확인 brand","shops/gyeonggi/goyang/deogyang-gu/삼송동/너무이쁜테라피/index.html || 너무이쁜테라피 고양시-덕양구 삼송동 | 코스시간·가격 확인 | 몽라운지","shops/gyeonggi/goyang/deogyang-gu/행신동/love테라피/index.html || love테라피 고양시-덕양구 행신동 | 코스시간·가격 확인 | 몽라운지","shops/gyeonggi/goyang/deogyang-gu/화전동/love테라피/index.html || love테라피 고양시-덕양구 화전동 | 코스시간·가격 확인 | 몽라운지"
"TITLE_TEMPLATE","37","업체상세","34","x loc loc x 안내 전화 문자 가격 정보 brand","shops/gyeonggi/goyang/deogyang-gu/대덕동/한국미인테라피/index.html || 한국미인테라피 고양시-덕양구 대덕동 안내 | 전화·문자·가격 정보 | 몽라운지","shops/gyeonggi/goyang/ilsandong-gu/백석동/프리미엄테라피/index.html || 프리미엄테라피 고양시-일산동구 백석동 안내 | 전화·문자·가격 정보 | 몽라운지","shops/gyeonggi/goyang/ilsandong-gu/장항동/너무이쁜테라피/index.html || 너무이쁜테라피 고양시-일산동구 장항동 안내 | 전화·문자·가격 정보 | 몽라운지"
"TITLE_TEMPLATE","38","업체상세","33","loc loc x 기준 x 코스 운영시간 안내 brand","shops/gyeonggi/goyang/deogyang-gu/고양동/프리미엄테라피/index.html || 고양시-덕양구 고양동 기준 프리미엄테라피 | 코스·운영시간 안내 | 몽라운지","shops/gyeonggi/goyang/deogyang-gu/삼송동/한국미인테라피/index.html || 고양시-덕양구 삼송동 기준 한국미인테라피 | 코스·운영시간 안내 | 몽라운지","shops/gyeonggi/goyang/deogyang-gu/주교동/프리미엄테라피/index.html || 고양시-덕양구 주교동 기준 프리미엄테라피 | 코스·운영시간 안내 | 몽라운지"
"TITLE_TEMPLATE","39","업체상세","33","loc loc x x 가격 코스 연락 안내 brand","shops/gyeonggi/goyang/deogyang-gu/관산동/한국미인테라피/index.html || 고양시-덕양구 관산동 한국미인테라피 | 가격·코스·연락 안내 | 몽라운지","shops/gyeonggi/goyang/deogyang-gu/능곡동/너무이쁜테라피/index.html || 고양시-덕양구 능곡동 너무이쁜테라피 | 가격·코스·연락 안내 | 몽라운지","shops/gyeonggi/goyang/deogyang-gu/원신동/한국미인테라피/index.html || 고양시-덕양구 원신동 한국미인테라피 | 가격·코스·연락 안내 | 몽라운지"
"TITLE_TEMPLATE","40","업체상세","33","loc loc x 지역 x 운영시간 이용정보 brand","shops/gyeonggi/goyang/deogyang-gu/능곡동/한국미인테라피/index.html || 고양시-덕양구 능곡동 지역 한국미인테라피 | 운영시간·이용정보 | 몽라운지","shops/gyeonggi/goyang/deogyang-gu/능곡동/love테라피/index.html || 고양시-덕양구 능곡동 지역 love테라피 | 운영시간·이용정보 | 몽라운지","shops/gyeonggi/goyang/deogyang-gu/행주동/너무이쁜테라피/index.html || 고양시-덕양구 행주동 지역 너무이쁜테라피 | 운영시간·이용정보 | 몽라운지"
"TITLE_TEMPLATE","41","업체상세","32","x loc loc x kw 코스 가격 안내 brand","shops/gyeonggi/goyang/deogyang-gu/대덕동/프리미엄테라피/index.html || 프리미엄테라피 고양시-덕양구 대덕동 출장마사지 | 코스·가격 안내 | 몽라운지","shops/gyeonggi/goyang/deogyang-gu/행주동/프리미엄테라피/index.html || 프리미엄테라피 고양시-덕양구 행주동 출장마사지 | 코스·가격 안내 | 몽라운지","shops/gyeonggi/goyang/deogyang-gu/화정동/love테라피/index.html || love테라피 고양시-덕양구 화정동 출장마사지 | 코스·가격 안내 | 몽라운지"
"TITLE_TEMPLATE","42","업체상세","32","loc loc x x 영업시간과 코스 구성 brand","shops/gyeonggi/goyang/deogyang-gu/대덕동/너무이쁜테라피/index.html || 고양시-덕양구 대덕동 너무이쁜테라피 | 영업시간과 코스 구성 | 몽라운지","shops/gyeonggi/goyang/deogyang-gu/성사동/너무이쁜테라피/index.html || 고양시-덕양구 성사동 너무이쁜테라피 | 영업시간과 코스 구성 | 몽라운지","shops/gyeonggi/goyang/deogyang-gu/주교동/한국미인테라피/index.html || 고양시-덕양구 주교동 한국미인테라피 | 영업시간과 코스 구성 | 몽라운지"
"TITLE_TEMPLATE","43","업체상세","31","loc loc x x 코스 가격 운영정보 brand","shops/gyeonggi/goyang/deogyang-gu/능곡동/프리미엄테라피/index.html || 고양시-덕양구 능곡동 프리미엄테라피 | 코스·가격·운영정보 | 몽라운지","shops/gyeonggi/goyang/deogyang-gu/화정동/프리미엄테라피/index.html || 고양시-덕양구 화정동 프리미엄테라피 | 코스·가격·운영정보 | 몽라운지","shops/gyeonggi/goyang/ilsandong-gu/풍산동/love테라피/index.html || 고양시-일산동구 풍산동 love테라피 | 코스·가격·운영정보 | 몽라운지"
"TITLE_TEMPLATE","44","업체상세","30","loc loc x x 상세 안내 운영시간 문의 brand","shops/gyeonggi/goyang/deogyang-gu/효자동/한국미인테라피/index.html || 고양시-덕양구 효자동 한국미인테라피 상세 안내 | 운영시간·문의 | 몽라운지","shops/gyeonggi/goyang/ilsanseo-gu/가좌동/한국미인테라피/index.html || 고양시-일산서구 가좌동 한국미인테라피 상세 안내 | 운영시간·문의 | 몽라운지","shops/gyeonggi/bucheon/wonmi-gu/원미동/한국미인테라피/index.html || 부천시-원미구 원미동 한국미인테라피 상세 안내 | 운영시간·문의 | 몽라운지"
"TITLE_TEMPLATE","45","업체상세","30","loc loc x x 이용 가이드 코스 연락 방법 brand","shops/gyeonggi/goyang/deogyang-gu/고양동/너무이쁜테라피/index.html || 고양시-덕양구 고양동 너무이쁜테라피 이용 가이드 | 코스·연락 방법 | 몽라운지","shops/gyeonggi/goyang/ilsandong-gu/중산동/love테라피/index.html || 고양시-일산동구 중산동 love테라피 이용 가이드 | 코스·연락 방법 | 몽라운지","shops/gyeonggi/goyang/ilsanseo-gu/탄현동/love테라피/index.html || 고양시-일산서구 탄현동 love테라피 이용 가이드 | 코스·연락 방법 | 몽라운지"
"TITLE_TEMPLATE","46","업체상세","29","x loc loc x 이용 전 확인정보 brand","shops/gyeonggi/goyang/deogyang-gu/고양동/한국미인테라피/index.html || 한국미인테라피 | 고양시-덕양구 고양동 이용 전 확인정보 | 몽라운지","shops/gyeonggi/goyang/deogyang-gu/행신동/한국미인테라피/index.html || 한국미인테라피 | 고양시-덕양구 행신동 이용 전 확인정보 | 몽라운지","shops/gyeonggi/goyang/ilsandong-gu/식사동/프리미엄테라피/index.html || 프리미엄테라피 | 고양시-일산동구 식사동 이용 전 확인정보 | 몽라운지"
"TITLE_TEMPLATE","47","업체상세","29","loc loc x kw x 영업시간 문의 brand","shops/gyeonggi/goyang/deogyang-gu/창릉동/너무이쁜테라피/index.html || 고양시-덕양구 창릉동 출장마사지 너무이쁜테라피 | 영업시간·문의 | 몽라운지","shops/gyeonggi/goyang/ilsanseo-gu/덕이동/love테라피/index.html || 고양시-일산서구 덕이동 출장마사지 love테라피 | 영업시간·문의 | 몽라운지","shops/gyeonggi/bucheon/sosa-gu/옥길동/너무이쁜테라피/index.html || 부천시-소사구 옥길동 출장마사지 너무이쁜테라피 | 영업시간·문의 | 몽라운지"
"TITLE_TEMPLATE","48","업체상세","28","x 이용정보 loc loc x 코스 가격 문의 brand","shops/gyeonggi/goyang/deogyang-gu/창릉동/한국미인테라피/index.html || 한국미인테라피 이용정보 | 고양시-덕양구 창릉동 코스·가격·문의 | 몽라운지","shops/gyeonggi/goyang/deogyang-gu/효자동/너무이쁜테라피/index.html || 너무이쁜테라피 이용정보 | 고양시-덕양구 효자동 코스·가격·문의 | 몽라운지","shops/gyeonggi/goyang/deogyang-gu/흥도동/한국미인테라피/index.html || 한국미인테라피 이용정보 | 고양시-덕양구 흥도동 코스·가격·문의 | 몽라운지"
"TITLE_TEMPLATE","49","업체상세","27","x 상세정보 loc loc x 코스와 이용시간 brand","shops/gyeonggi/goyang/deogyang-gu/관산동/프리미엄테라피/index.html || 프리미엄테라피 상세정보 | 고양시-덕양구 관산동 코스와 이용시간 | 몽라운지","shops/gyeonggi/goyang/deogyang-gu/성사동/love테라피/index.html || love테라피 상세정보 | 고양시-덕양구 성사동 코스와 이용시간 | 몽라운지","shops/gyeonggi/goyang/ilsandong-gu/마두동/프리미엄테라피/index.html || 프리미엄테라피 상세정보 | 고양시-일산동구 마두동 코스와 이용시간 | 몽라운지"
"TITLE_TEMPLATE","50","지역SEO","15","loc 위치 안내 loc loc loc 가까운 지역 brand","massage/안중읍-출장마사지-평택시-생활권-지역정보-이용안내/index.html || 안중읍 위치 안내 | 고덕면·서탄면·오성면 가까운 지역 | 몽라운지","massage/철산동-출장마사지-광명시-생활권-이동동선-지역정보-이용전-안내/index.html || 철산동 위치 안내 | 소하동·일직동·하안동 가까운 지역 | 몽라운지","massage/압구정동-출장마사지-강남구-생활권-이동동선-지역정보-이용전-안내/index.html || 압구정동 위치 안내 | 수서동·신사동·역삼동 가까운 지역 | 몽라운지"
"TITLE_TEMPLATE","51","지역SEO","13","loc 지역정보 loc loc loc 주변 생활권 brand","massage/산본동-출장마사지-군포시-생활권-이동동선-지역정보-이용전-안내/index.html || 산본동 지역정보 | 금정동·대야동·송부동 주변 생활권 | 몽라운지","massage/대야동-출장마사지-시흥시-생활권-이동동선-지역정보-이용전-안내/index.html || 대야동 지역정보 | 군자동·능곡동·매화동 주변 생활권 | 몽라운지","massage/송북동-출장마사지-평택시-생활권-이동동선-지역정보-이용전-안내/index.html || 송북동 지역정보 | 서정동·세교동·송탄동 주변 생활권 | 몽라운지"
"TITLE_TEMPLATE","52","지역SEO","13","loc 위치 생활권 안내 loc loc loc 생활권 비교 brand","massage/서탄면-출장마사지-평택시-생활권-지역정보-이용안내/index.html || 서탄면 위치·생활권 안내 | 고덕면·안중읍·오성면 생활권 비교 | 몽라운지","massage/원문동-출장마사지-과천시-생활권-이동동선-지역정보-이용전-안내/index.html || 원문동 위치·생활권 안내 | 별양동·부림동·중앙동 생활권 비교 | 몽라운지","massage/성남면-출장마사지-천안-동남구-생활권-지역정보-이용안내/index.html || 성남면 위치·생활권 안내 | 광덕면·동면·목천읍 생활권 비교 | 몽라운지"
"TITLE_TEMPLATE","53","지역SEO","13","loc 위치 생활권 안내 loc loc loc 가까운 지역 brand","massage/신현동-출장마사지-광주시-생활권-이동동선-지역정보-이용전-안내/index.html || 신현동 위치·생활권 안내 | 능평동·송정동·쌍령동 가까운 지역 | 몽라운지","massage/수리동-출장마사지-군포시-생활권-이동동선-지역정보-이용전-안내/index.html || 수리동 위치·생활권 안내 | 산본동·송부동·오금동 가까운 지역 | 몽라운지","massage/서원동-출장마사지-관악구-생활권-이동동선-지역정보-이용전-안내/index.html || 서원동 위치·생활권 안내 | 삼성동·서림동·성현동 가까운 지역 | 몽라운지"
"TITLE_TEMPLATE","54","지역SEO","12","loc 지역 가이드 loc loc loc 생활권 비교 brand","massage/금정동-출장마사지-군포시-생활권-이동동선-지역정보-이용전-안내/index.html || 금정동 지역 가이드 | 군포동·궁내동·대야동 생활권 비교 | 몽라운지","massage/난향동-출장마사지-관악구-생활권-이동동선-지역정보-이용전-안내/index.html || 난향동 지역 가이드 | 낙성대동·난곡동·남현동 생활권 비교 | 몽라운지","massage/쌍문동-출장마사지-도봉구-생활권-이동동선-지역정보-이용전-안내/index.html || 쌍문동 지역 가이드 | 도봉동·방학동·창동 생활권 비교 | 몽라운지"
"TITLE_TEMPLATE","55","지역SEO","11","loc 생활권 정보 loc loc loc 위치 loc 범위 brand","massage/장기동-출장마사지-김포시-생활권-이동동선-지역정보-이용전-안내/index.html || 장기동 생활권 정보 | 사우동·운양동·장기본동 위치·이동 범위 | 몽라운지","massage/평내동-출장마사지-남양주시-생활권-이동동선-지역정보-이용전-안내/index.html || 평내동 생활권 정보 | 별내동·양정동·호평동 위치·이동 범위 | 몽라운지","massage/대흥동-출장마사지-마포구-생활권-이동동선-지역정보-이용전-안내/index.html || 대흥동 생활권 정보 | 공덕동·도화동·망원동 위치·이동 범위 | 몽라운지"
"TITLE_TEMPLATE","56","지역SEO","11","loc 위치 생활권 안내 loc loc loc 생활권 정보 brand","massage/생연동-출장마사지-동두천시-생활권-이동동선-지역정보-이용전-안내/index.html || 생연동 위치·생활권 안내 | 불현동·상패동·소요동 생활권 정보 | 몽라운지","massage/목천읍-출장마사지-천안-동남구-생활권-지역정보-이용안내/index.html || 목천읍 위치·생활권 안내 | 광덕면·동면·병천면 생활권 정보 | 몽라운지","massage/왕십리동-출장마사지-성동구-생활권-이동동선-지역정보-이용전-안내/index.html || 왕십리동 위치·생활권 안내 | 옥수동·왕십리도선동·용답동 생활권 정보 | 몽라운지"
"TITLE_TEMPLATE","57","지역SEO","11","loc kw loc loc loc 주변 생활권 brand","massage/사우동-출장마사지-김포시-생활권-이동동선-지역정보-이용전-안내/index.html || 사우동 출장마사지 | 김포본동·마산동·운양동 주변 생활권 | 몽라운지","massage/목감동-출장마사지-시흥시-생활권-이동동선-지역정보-이용전-안내/index.html || 목감동 출장마사지 | 대야동·매화동·배곧동 주변 생활권 | 몽라운지","massage/대원동-출장마사지-오산시-생활권-이동동선-지역정보-이용전-안내/index.html || 대원동 출장마사지 | 남촌동·세마동·신장동 주변 생활권 | 몽라운지"
"TITLE_TEMPLATE","58","지역SEO","11","loc 지역 이용 가이드 loc loc loc 인접 생활권 brand","massage/운양동-출장마사지-김포시-생활권-이동동선-지역정보-이용전-안내/index.html || 운양동 지역 이용 가이드 | 마산동·사우동·장기동 인접 생활권 | 몽라운지","massage/양도면-출장마사지-인천-강화군-생활권-지역정보-이용안내/index.html || 양도면 지역 이용 가이드 | 강화읍·교동면·길상면 인접 생활권 | 몽라운지","massage/중계동-출장마사지-노원구-생활권-이동동선-지역정보-이용전-안내/index.html || 중계동 지역 이용 가이드 | 월계동·중계본동·하계동 인접 생활권 | 몽라운지"
"TITLE_TEMPLATE","59","지역SEO","11","loc 생활권 정보 loc loc loc 주변 생활권 brand","massage/화곡동-출장마사지-강서구-화곡역-주거생활권-퇴근후-목어깨-허리-피로-방문-홈케어/index.html || 화곡동 생활권 정보 | 염창동·우장산동·화곡본동 주변 생활권 | 몽라운지","massage/향남읍-출장마사지-화성시-만세구-생활권-지역정보-이용안내/index.html || 향남읍 생활권 정보 | 남양읍·마도면·서신면 주변 생활권 | 몽라운지","massage/난곡동-출장마사지-관악구-생활권-이동동선-지역정보-이용전-안내/index.html || 난곡동 생활권 정보 | 낙성대동·난향동·남현동 주변 생활권 | 몽라운지"
"TITLE_TEMPLATE","60","지역SEO","11","loc 지역정보 loc loc loc 가까운 지역 brand","massage/고덕면-출장마사지-평택시-생활권-지역정보-이용안내/index.html || 고덕면 지역정보 | 서탄면·안중읍·오성면 가까운 지역 | 몽라운지","massage/이동면-출장마사지-포천시-생활권-지역정보-이용안내/index.html || 이동면 지역정보 | 가산면·관인면·군내면 가까운 지역 | 몽라운지","massage/부계면-출장마사지-대구-군위군-생활권-지역정보-이용안내/index.html || 부계면 지역정보 | 군위읍·산성면·삼국유사면 가까운 지역 | 몽라운지"
"TITLE_TEMPLATE","61","지역SEO","11","loc kw 지역안내 loc loc loc 주변 생활권 brand","massage/가산면-출장마사지-포천시-생활권-지역정보-이용안내/index.html || 가산면 출장마사지 지역안내 | 관인면·군내면·내촌면 주변 생활권 | 몽라운지","massage/이문동-출장마사지-동대문구-생활권-이동동선-지역정보-이용전-안내/index.html || 이문동 출장마사지 지역안내 | 신설동·용두동·장안동 주변 생활권 | 몽라운지","massage/거여동-출장마사지-송파구-생활권-이동동선-지역정보-이용전-안내/index.html || 거여동 출장마사지 지역안내 | 가락동·가락본동·마천동 주변 생활권 | 몽라운지"
"TITLE_TEMPLATE","62","지역SEO","11","loc 위치 생활권 안내 loc loc loc 인접 생활권 brand","massage/소보면-출장마사지-대구-군위군-생활권-지역정보-이용안내/index.html || 소보면 위치·생활권 안내 | 군위읍·부계면·산성면 인접 생활권 | 몽라운지","massage/역삼동-출장마사지-강남구-생활권-이동동선-지역정보-이용전-안내/index.html || 역삼동 위치·생활권 안내 | 신사동·압구정동·일원동 인접 생활권 | 몽라운지","massage/북가좌동-출장마사지-서대문구-생활권-이동동선-지역정보-이용전-안내/index.html || 북가좌동 위치·생활권 안내 | 남가좌동·북아현동·신촌동 인접 생활권 | 몽라운지"
"TITLE_TEMPLATE","63","지역SEO","10","loc kw 이용정보 loc loc loc 인접 지역정보 brand","massage/월롱면-출장마사지-파주시-생활권-지역정보-이용안내/index.html || 월롱면 출장마사지 이용정보 | 광탄면·문산읍·법원읍 인접 지역정보 | 몽라운지","massage/오포동-출장마사지-광주시-생활권-이동동선-지역정보-이용전-안내/index.html || 오포동 출장마사지 이용정보 | 신현동·쌍령동·탄벌동 인접 지역정보 | 몽라운지","massage/별내동-출장마사지-남양주시-생활권-이동동선-지역정보-이용전-안내/index.html || 별내동 출장마사지 이용정보 | 금곡동·다산동·양정동 인접 지역정보 | 몽라운지"
"TITLE_TEMPLATE","64","업체상세","10","loc loc 지역 x 운영시간 이용정보 brand","shops/seoul/guro-gu/신도림동/love테라피/index.html || 구로구 신도림동 지역 love테라피 | 운영시간·이용정보 | 몽라운지","shops/other/daejeon/seo-gu/갈마동/S썸바디테라피/index.html || 서구 갈마동 지역 S썸바디테라피 | 운영시간·이용정보 | 몽라운지","shops/other/daejeon/seo-gu/관저동/24시미녀테라피/index.html || 서구 관저동 지역 24시미녀테라피 | 운영시간·이용정보 | 몽라운지"
"TITLE_TEMPLATE","65","지역SEO","10","loc 생활권 정보 loc loc loc 지역 이용정보 brand","massage/현덕면-출장마사지-평택시-생활권-지역정보-이용안내/index.html || 현덕면 생활권 정보 | 고덕면·서탄면·안중읍 지역 이용정보 | 몽라운지","massage/신장동-출장마사지-오산시-생활권-이동동선-지역정보-이용전-안내/index.html || 신장동 생활권 정보 | 대원동·세마동·중앙동 지역 이용정보 | 몽라운지","massage/방화동-출장마사지-강서구-생활권-이동동선-지역정보-이용전-안내/index.html || 방화동 생활권 정보 | 등촌동·발산동·염창동 지역 이용정보 | 몽라운지"
"TITLE_TEMPLATE","66","업체상세","10","loc loc x 영업시간과 코스 구성 brand","shops/seoul/guro-gu/가리봉동/프리미엄테라피/index.html || 구로구 가리봉동 프리미엄테라피 | 영업시간과 코스 구성 | 몽라운지","shops/seoul/jung-gu/을지로동/너무이쁜테라피/index.html || 중구 을지로동 너무이쁜테라피 | 영업시간과 코스 구성 | 몽라운지","shops/other/daejeon/seo-gu/용문동/S썸바디테라피/index.html || 서구 용문동 S썸바디테라피 | 영업시간과 코스 구성 | 몽라운지"
"TITLE_TEMPLATE","67","지역SEO","10","loc 주변 지역 안내 loc loc loc 가까운 지역 brand","massage/용답동-출장마사지-성동구-생활권-이동동선-지역정보-이용전-안내/index.html || 용답동 주변 지역 안내 | 왕십리도선동·왕십리동·응봉동 가까운 지역 | 몽라운지","massage/삼산동-출장마사지-부평구-생활권-이동동선-지역정보-이용전-안내/index.html || 삼산동 주변 지역 안내 | 부평동·산곡동·십정동 가까운 지역 | 몽라운지","massage/합포동-출장마사지-창원-마산합포구-생활권-이동동선-지역정보-이용전-안내/index.html || 합포동 주변 지역 안내 | 월영동·자산동·현동 가까운 지역 | 몽라운지"
"TITLE_TEMPLATE","68","지역SEO","10","loc 이용 전 지역정보 loc loc loc loc 동선 brand","massage/호법면-출장마사지-이천시-생활권-지역정보-이용안내/index.html || 호법면 이용 전 지역정보 | 대월면·마장면·모가면 이동 동선 | 몽라운지","massage/일동면-출장마사지-포천시-생활권-지역정보-이용안내/index.html || 일동면 이용 전 지역정보 | 가산면·관인면·군내면 이동 동선 | 몽라운지","massage/선원면-출장마사지-인천-강화군-생활권-지역정보-이용안내/index.html || 선원면 이용 전 지역정보 | 강화읍·교동면·길상면 이동 동선 | 몽라운지"
"TITLE_TEMPLATE","69","지역SEO","10","loc 생활권 안내 loc loc loc 가까운 지역 brand","massage/상봉동-출장마사지-중랑구-생활권-이동동선-지역정보-이용전-안내/index.html || 상봉동 생활권 안내 | 묵동·신내동·중화동 가까운 지역 | 몽라운지","massage/서창동-출장마사지-남동구-생활권-이동동선-지역정보-이용전-안내/index.html || 서창동 생활권 안내 | 논현동·만수동·장수서창동 가까운 지역 | 몽라운지","massage/복수동-출장마사지-대전-서구-생활권-이동동선-지역정보-이용전-안내/index.html || 복수동 생활권 안내 | 만년동·변동·용문동 가까운 지역 | 몽라운지"
"TITLE_TEMPLATE","70","지역SEO","9","loc 지역정보 loc loc loc 생활권 정보 brand","massage/능곡동-출장마사지-시흥시-생활권-이동동선-지역정보-이용전-안내/index.html || 능곡동 지역정보 | 과림동·군자동·대야동 생활권 정보 | 몽라운지","massage/조원동-출장마사지-관악구-생활권-이동동선-지역정보-이용전-안내/index.html || 조원동 지역정보 | 은천동·인헌동·중앙동 생활권 정보 | 몽라운지","massage/율목동-출장마사지-제물포구-생활권-이동동선-지역정보-이용전-안내/index.html || 율목동 지역정보 | 신흥동·연안동·화수동 생활권 정보 | 몽라운지"
"TITLE_TEMPLATE","71","지역SEO","9","loc 주변 지역 안내 loc loc loc 인접 생활권 brand","massage/상패동-출장마사지-동두천시-생활권-이동동선-지역정보-이용전-안내/index.html || 상패동 주변 지역 안내 | 보산동·불현동·생연동 인접 생활권 | 몽라운지","massage/구지면-출장마사지-대구-달성군-생활권-지역정보-이용안내/index.html || 구지면 주변 지역 안내 | 가창면·논공읍·다사읍 인접 생활권 | 몽라운지","massage/과림동-출장마사지-시흥시-생활권-이동동선-지역정보-이용전-안내/index.html || 과림동 주변 지역 안내 | 거북섬동·군자동·능곡동 인접 생활권 | 몽라운지"
"TITLE_TEMPLATE","72","지역SEO","9","loc 지역정보 loc loc loc 주변 위치 brand","massage/능평동-출장마사지-광주시-생활권-이동동선-지역정보-이용전-안내/index.html || 능평동 지역정보 | 경안동·광남동·송정동 주변 위치 | 몽라운지","massage/궁내동-출장마사지-군포시-생활권-이동동선-지역정보-이용전-안내/index.html || 궁내동 지역정보 | 광정동·군포동·금정동 주변 위치 | 몽라운지","massage/월곡동-출장마사지-성북구-생활권-이동동선-지역정보-이용전-안내/index.html || 월곡동 지역정보 | 성북동·안암동·장위동 주변 위치 | 몽라운지"
"TITLE_TEMPLATE","73","지역SEO","9","loc 위치 안내 loc loc loc 생활권 비교 brand","massage/하안동-출장마사지-광명시-생활권-이동동선-지역정보-이용전-안내/index.html || 하안동 위치 안내 | 일직동·철산동·학온동 생활권 비교 | 몽라운지","massage/월곶동-출장마사지-시흥시-생활권-이동동선-지역정보-이용전-안내/index.html || 월곶동 위치 안내 | 신현동·연성동·은행동 생활권 비교 | 몽라운지","massage/송해면-출장마사지-인천-강화군-생활권-지역정보-이용안내/index.html || 송해면 위치 안내 | 강화읍·교동면·길상면 생활권 비교 | 몽라운지"
"TITLE_TEMPLATE","74","지역SEO","9","loc 위치 안내 loc loc loc 생활권 정보 brand","massage/호원동-출장마사지-의정부시-생활권-이동동선-지역정보-이용전-안내/index.html || 호원동 위치 안내 | 자금동·장암동·흥선동 생활권 정보 | 몽라운지","massage/성현동-출장마사지-관악구-생활권-이동동선-지역정보-이용전-안내/index.html || 성현동 위치 안내 | 서림동·서원동·신림동 생활권 정보 | 몽라운지","massage/작전동-출장마사지-계양구-생활권-이동동선-지역정보-이용전-안내/index.html || 작전동 위치 안내 | 계산동·계양동·작전서운동 생활권 정보 | 몽라운지"
"TITLE_TEMPLATE","75","지역SEO","9","loc 위치 안내 loc loc loc loc 동선 brand","massage/파평면-출장마사지-파주시-생활권-지역정보-이용안내/index.html || 파평면 위치 안내 | 광탄면·문산읍·법원읍 이동 동선 | 몽라운지","massage/신평동-출장마사지-평택시-생활권-이동동선-지역정보-이용전-안내/index.html || 신평동 위치 안내 | 송탄동·신장동·용이동 이동 동선 | 몽라운지","massage/성북동-출장마사지-성북구-생활권-이동동선-지역정보-이용전-안내/index.html || 성북동 위치 안내 | 삼선동·석관동·안암동 이동 동선 | 몽라운지"
"TITLE_TEMPLATE","76","지역SEO","9","loc 이용 전 지역정보 loc loc loc 주변 위치 brand","massage/상도동-출장마사지-동작구-생활권-이동동선-지역정보-이용전-안내/index.html || 상도동 이용 전 지역정보 | 대방동·사당동·신대방동 주변 위치 | 몽라운지","massage/안암동-출장마사지-성북구-생활권-이동동선-지역정보-이용전-안내/index.html || 안암동 이용 전 지역정보 | 석관동·성북동·월곡동 주변 위치 | 몽라운지","massage/사직동-출장마사지-종로구-생활권-이동동선-지역정보-이용전-안내/index.html || 사직동 이용 전 지역정보 | 무악동·부암동·삼청동 주변 위치 | 몽라운지"
"TITLE_TEMPLATE","77","지역SEO","9","loc 위치 안내 loc loc loc 위치 loc 범위 brand","massage/내손동-출장마사지-의왕시-생활권-이동동선-지역정보-이용전-안내/index.html || 내손동 위치 안내 | 고천동·부곡동·오전동 위치·이동 범위 | 몽라운지","massage/장암동-출장마사지-의정부시-생활권-이동동선-지역정보-이용전-안내/index.html || 장암동 위치 안내 | 의정부동·자금동·호원동 위치·이동 범위 | 몽라운지","massage/명일동-출장마사지-강동구-생활권-이동동선-지역정보-이용전-안내/index.html || 명일동 위치 안내 | 길동·둔촌동·상일동 위치·이동 범위 | 몽라운지"
"TITLE_TEMPLATE","78","지역SEO","9","loc 지역 가이드 loc loc loc 위치 loc 범위 brand","massage/부림동-출장마사지-과천시-생활권-이동동선-지역정보-이용전-안내/index.html || 부림동 지역 가이드 | 문원동·별양동·원문동 위치·이동 범위 | 몽라운지","massage/소하동-출장마사지-광명시-생활권-이동동선-지역정보-이용전-안내/index.html || 소하동 지역 가이드 | 광명동·일직동·철산동 위치·이동 범위 | 몽라운지","massage/덕적면-출장마사지-인천-옹진군-생활권-지역정보-이용안내/index.html || 덕적면 지역 가이드 | 대청면·백령면·북도면 위치·이동 범위 | 몽라운지"
"TITLE_TEMPLATE","79","지역SEO","9","loc 위치 안내 loc loc loc 인접 생활권 brand","massage/고덕동-출장마사지-강동구-생활권-이동동선-지역정보-이용전-안내/index.html || 고덕동 위치 안내 | 강일동·길동·둔촌동 인접 생활권 | 몽라운지","massage/송천동-출장마사지-강북구-생활권-이동동선-지역정보-이용전-안내/index.html || 송천동 위치 안내 | 삼양동·송중동·수유동 인접 생활권 | 몽라운지","massage/서강동-출장마사지-마포구-생활권-이동동선-지역정보-이용전-안내/index.html || 서강동 위치 안내 | 망원동·상암동·서교동 인접 생활권 | 몽라운지"
"TITLE_TEMPLATE","80","지역SEO","9","loc kw 이용정보 loc loc loc 지역 이용정보 brand","massage/우정읍-출장마사지-화성시-만세구-생활권-지역정보-이용안내/index.html || 우정읍 출장마사지 이용정보 | 남양읍·마도면·서신면 지역 이용정보 | 몽라운지","massage/용이동-출장마사지-평택시-생활권-이동동선-지역정보-이용전-안내/index.html || 용이동 출장마사지 이용정보 | 신장동·신평동·원평동 지역 이용정보 | 몽라운지","massage/석관동-출장마사지-성북구-생활권-이동동선-지역정보-이용전-안내/index.html || 석관동 출장마사지 이용정보 | 보문동·삼선동·성북동 지역 이용정보 | 몽라운지"
"TITLE_TEMPLATE","81","업체상세","9","x loc loc 이용정보 가격 전화 문자 문의 brand","shops/seoul/seongdong-gu/성수1가제1동/너무이쁜테라피/index.html || 너무이쁜테라피 성동구 성수1가제1동 이용정보 | 가격·전화·문자 문의 | 몽라운지","shops/seoul/seongdong-gu/성수1가제2동/프리미엄테라피/index.html || 프리미엄테라피 성동구 성수1가제2동 이용정보 | 가격·전화·문자 문의 | 몽라운지","shops/seoul/seongdong-gu/성수2가제3동/한국미인테라피/index.html || 한국미인테라피 성동구 성수2가제3동 이용정보 | 가격·전화·문자 문의 | 몽라운지"
"TITLE_TEMPLATE","82","지역SEO","9","loc 생활권 정보 loc loc loc 인접 생활권 brand","massage/수서동-출장마사지-강남구-생활권-이동동선-지역정보-이용전-안내/index.html || 수서동 생활권 정보 | 삼성동·세곡동·신사동 인접 생활권 | 몽라운지","massage/청림동-출장마사지-관악구-생활권-이동동선-지역정보-이용전-안내/index.html || 청림동 생활권 정보 | 중앙동·청룡동·행운동 인접 생활권 | 몽라운지","massage/연남동-출장마사지-마포구-생활권-이동동선-지역정보-이용전-안내/index.html || 연남동 생활권 정보 | 신수동·아현동·염리동 인접 생활권 | 몽라운지"
"TITLE_TEMPLATE","83","업체상세","9","loc loc 기준 x 코스 운영시간 안내 brand","shops/seoul/seongdong-gu/성수1가제1동/한국미인테라피/index.html || 성동구 성수1가제1동 기준 한국미인테라피 | 코스·운영시간 안내 | 몽라운지","shops/seoul/seongdong-gu/성수1가제2동/너무이쁜테라피/index.html || 성동구 성수1가제2동 기준 너무이쁜테라피 | 코스·운영시간 안내 | 몽라운지","shops/seoul/seongdong-gu/성수2가제1동/너무이쁜테라피/index.html || 성동구 성수2가제1동 기준 너무이쁜테라피 | 코스·운영시간 안내 | 몽라운지"
"TITLE_TEMPLATE","84","지역SEO","8","loc 지역 이용 가이드 loc loc loc 가까운 지역 brand","massage/조리읍-출장마사지-파주시-생활권-지역정보-이용안내/index.html || 조리읍 지역 이용 가이드 | 광탄면·문산읍·법원읍 가까운 지역 | 몽라운지","massage/별양동-출장마사지-과천시-생활권-이동동선-지역정보-이용전-안내/index.html || 별양동 지역 이용 가이드 | 과천동·문원동·부림동 가까운 지역 | 몽라운지","massage/일직동-출장마사지-광명시-생활권-이동동선-지역정보-이용전-안내/index.html || 일직동 지역 이용 가이드 | 광명동·소하동·철산동 가까운 지역 | 몽라운지"
"TITLE_TEMPLATE","85","지역SEO","8","loc 이용 전 지역정보 loc loc loc 위치 loc 범위 brand","massage/군포동-출장마사지-군포시-생활권-이동동선-지역정보-이용전-안내/index.html || 군포동 이용 전 지역정보 | 광정동·궁내동·금정동 위치·이동 범위 | 몽라운지","massage/김포본동-출장마사지-김포시-생활권-이동동선-지역정보-이용전-안내/index.html || 김포본동 이용 전 지역정보 | 구래동·마산동·사우동 위치·이동 범위 | 몽라운지","massage/동인천동-출장마사지-제물포구-생활권-이동동선-지역정보-이용전-안내/index.html || 동인천동 이용 전 지역정보 | 금창동·도원동·만석동 위치·이동 범위 | 몽라운지"
"TITLE_TEMPLATE","86","지역SEO","8","loc 생활권 정보 loc loc loc 인접 지역정보 brand","massage/우보면-출장마사지-대구-군위군-생활권-지역정보-이용안내/index.html || 우보면 생활권 정보 | 군위읍·부계면·산성면 인접 지역정보 | 몽라운지","massage/연성동-출장마사지-시흥시-생활권-이동동선-지역정보-이용전-안내/index.html || 연성동 생활권 정보 | 신천동·신현동·월곶동 인접 지역정보 | 몽라운지","massage/자금동-출장마사지-의정부시-생활권-이동동선-지역정보-이용전-안내/index.html || 자금동 생활권 정보 | 신곡동·의정부동·장암동 인접 지역정보 | 몽라운지"
"TITLE_TEMPLATE","87","업체상세","8","x loc loc 안내 전화 문자 가격 정보 brand","shops/seoul/seongdong-gu/성수1가제1동/프리미엄테라피/index.html || 프리미엄테라피 성동구 성수1가제1동 안내 | 전화·문자·가격 정보 | 몽라운지","shops/other/daejeon/seo-gu/정림동/S썸바디테라피/index.html || S썸바디테라피 서구 정림동 안내 | 전화·문자·가격 정보 | 몽라운지","shops/other/daejeon/seo-gu/탄방동/S썸바디테라피/index.html || S썸바디테라피 서구 탄방동 안내 | 전화·문자·가격 정보 | 몽라운지"
"TITLE_TEMPLATE","88","지역SEO","8","loc 지역 이용 가이드 loc loc loc 인접 지역정보 brand","massage/대청면-출장마사지-인천-옹진군-생활권-지역정보-이용안내/index.html || 대청면 지역 이용 가이드 | 덕적면·백령면·북도면 인접 지역정보 | 몽라운지","massage/장지동-출장마사지-송파구-생활권-이동동선-지역정보-이용전-안내/index.html || 장지동 지역 이용 가이드 | 잠실동·잠실본동·풍납동 인접 지역정보 | 몽라운지","massage/산성동-출장마사지-대전-중구-생활권-이동동선-지역정보-이용전-안내/index.html || 산성동 지역 이용 가이드 | 문화동·부사동·석교동 인접 지역정보 | 몽라운지"
"TITLE_TEMPLATE","89","지역SEO","8","loc 주변 지역 안내 loc loc loc loc 동선 brand","massage/연평면-출장마사지-인천-옹진군-생활권-지역정보-이용안내/index.html || 연평면 주변 지역 안내 | 대청면·덕적면·백령면 이동 동선 | 몽라운지","massage/영등포동-출장마사지-영등포구-생활권-이동동선-지역정보-이용전-안내/index.html || 영등포동 주변 지역 안내 | 양평동·여의동·영등포본동 이동 동선 | 몽라운지","massage/관저동-출장마사지-대전-서구-생활권-이동동선-지역정보-이용전-안내/index.html || 관저동 주변 지역 안내 | 가장동·갈마동·괴정동 이동 동선 | 몽라운지"
"TITLE_TEMPLATE","90","지역SEO","8","loc 생활권 안내 loc loc loc 지역 이용정보 brand","massage/송내동-출장마사지-동두천시-생활권-이동동선-지역정보-이용전-안내/index.html || 송내동 생활권 안내 | 생연동·소요동·중앙동 지역 이용정보 | 몽라운지","massage/발산동-출장마사지-강서구-생활권-이동동선-지역정보-이용전-안내/index.html || 발산동 생활권 안내 | 공항동·등촌동·방화동 지역 이용정보 | 몽라운지","massage/보라매동-출장마사지-관악구-생활권-이동동선-지역정보-이용전-안내/index.html || 보라매동 생활권 안내 | 대학동·미성동·삼성동 지역 이용정보 | 몽라운지"
"TITLE_TEMPLATE","91","지역SEO","8","loc kw loc loc loc 인접 생활권 brand","massage/소흘읍-출장마사지-포천시-생활권-지역정보-이용안내/index.html || 소흘읍 출장마사지 | 가산면·관인면·군내면 인접 생활권 | 몽라운지","massage/정왕동-출장마사지-시흥시-생활권-이동동선-지역정보-이용전-안내/index.html || 정왕동 출장마사지 | 은행동·장곡동·정왕본동 인접 생활권 | 몽라운지","massage/양사면-출장마사지-인천-강화군-생활권-지역정보-이용안내/index.html || 양사면 출장마사지 | 강화읍·교동면·길상면 인접 생활권 | 몽라운지"
"TITLE_TEMPLATE","92","지역SEO","8","loc kw loc loc loc 가까운 지역 brand","massage/양정동-출장마사지-남양주시-생활권-이동동선-지역정보-이용전-안내/index.html || 양정동 출장마사지 | 다산동·별내동·평내동 가까운 지역 | 몽라운지","massage/부곡동-출장마사지-의왕시-생활권-이동동선-지역정보-이용전-안내/index.html || 부곡동 출장마사지 | 고천동·내손동·오전동 가까운 지역 | 몽라운지","massage/논현동-출장마사지-강남구-생활권-이동동선-지역정보-이용전-안내/index.html || 논현동 출장마사지 | 개포동·대치동·도곡동 가까운 지역 | 몽라운지"
"TITLE_TEMPLATE","93","지역SEO","7","loc 생활권 정보 loc loc loc 생활권 비교 brand","massage/신둔면-출장마사지-이천시-생활권-지역정보-이용안내/index.html || 신둔면 생활권 정보 | 대월면·마장면·모가면 생활권 비교 | 몽라운지","massage/신수동-출장마사지-마포구-생활권-이동동선-지역정보-이용전-안내/index.html || 신수동 생활권 정보 | 서교동·성산동·아현동 생활권 비교 | 몽라운지","massage/면목본동-출장마사지-중랑구-생활권-이동동선-지역정보-이용전-안내/index.html || 면목본동 생활권 정보 | 망우본동·면목동·묵동 생활권 비교 | 몽라운지"
"TITLE_TEMPLATE","94","지역SEO","7","loc kw loc loc loc 위치 loc 범위 brand","massage/봉담읍-출장마사지-화성시-효행구-생활권-지역정보-이용안내/index.html || 봉담읍 출장마사지 | 매송면·비봉면·정남면 위치·이동 범위 | 몽라운지","massage/입장면-출장마사지-천안-서북구-생활권-지역정보-이용안내/index.html || 입장면 출장마사지 | 성거읍·성환읍·직산읍 위치·이동 범위 | 몽라운지","massage/천연동-출장마사지-서대문구-생활권-이동동선-지역정보-이용전-안내/index.html || 천연동 출장마사지 | 신촌동·연희동·충현동 위치·이동 범위 | 몽라운지"
"TITLE_TEMPLATE","95","지역SEO","7","loc kw 지역안내 loc loc loc 위치 loc 범위 brand","massage/반포동-출장마사지-서초구-생활권-이동동선-지역정보-이용전-안내/index.html || 반포동 출장마사지 지역안내 | 내곡동·반포본동·방배동 위치·이동 범위 | 몽라운지","massage/돈암동-출장마사지-성북구-생활권-이동동선-지역정보-이용전-안내/index.html || 돈암동 출장마사지 지역안내 | 길음동·동선동·보문동 위치·이동 범위 | 몽라운지","massage/산남동-출장마사지-청주-서원구-생활권-이동동선-지역정보-이용전-안내/index.html || 산남동 출장마사지 지역안내 | 사직동·사창동·수곡동 위치·이동 범위 | 몽라운지"
"TITLE_TEMPLATE","96","지역SEO","7","loc 지역 가이드 loc loc loc 지역 이용정보 brand","massage/송정동-출장마사지-광주시-생활권-이동동선-지역정보-이용전-안내/index.html || 송정동 지역 가이드 | 광남동·능평동·신현동 지역 이용정보 | 몽라운지","massage/강화읍-출장마사지-인천-강화군-생활권-지역정보-이용안내/index.html || 강화읍 지역 가이드 | 교동면·길상면·내가면 지역 이용정보 | 몽라운지","massage/세교동-출장마사지-평택시-생활권-이동동선-지역정보-이용전-안내/index.html || 세교동 지역 가이드 | 비전동·서정동·송북동 지역 이용정보 | 몽라운지"
"TITLE_TEMPLATE","97","지역SEO","7","loc 위치 생활권 안내 loc loc loc 위치 loc 범위 brand","massage/천현동-출장마사지-하남시-생활권-이동동선-지역정보-이용전-안내/index.html || 천현동 위치·생활권 안내 | 신장동·위례동·초이동 위치·이동 범위 | 몽라운지","massage/우장산동-출장마사지-강서구-생활권-이동동선-지역정보-이용전-안내/index.html || 우장산동 위치·생활권 안내 | 방화동·염창동·화곡동 위치·이동 범위 | 몽라운지","massage/삼전동-출장마사지-송파구-생활권-이동동선-지역정보-이용전-안내/index.html || 삼전동 위치·생활권 안내 | 문정동·방이동·석촌동 위치·이동 범위 | 몽라운지"
"TITLE_TEMPLATE","98","지역SEO","7","loc 지역정보 loc loc loc 인접 생활권 brand","massage/세마동-출장마사지-오산시-생활권-이동동선-지역정보-이용전-안내/index.html || 세마동 지역정보 | 남촌동·대원동·신장동 인접 생활권 | 몽라운지","massage/군자동-출장마사지-광진구-생활권-이동동선-지역정보-이용전-안내/index.html || 군자동 지역정보 | 광장동·구의동·능동 인접 생활권 | 몽라운지","massage/양재동-출장마사지-서초구-생활권-이동동선-지역정보-이용전-안내/index.html || 양재동 지역정보 | 방배본동·서초동·잠원동 인접 생활권 | 몽라운지"
"TITLE_TEMPLATE","99","지역SEO","7","loc 생활권 안내 loc loc loc 생활권 정보 brand","massage/쌍령동-출장마사지-광주시-생활권-이동동선-지역정보-이용전-안내/index.html || 쌍령동 생활권 안내 | 송정동·신현동·오포동 생활권 정보 | 몽라운지","massage/도담동-출장마사지-세종-생활권-이동동선-지역정보-이용전-안내/index.html || 도담동 생활권 안내 | 다정동·대평동·반곡동 생활권 정보 | 몽라운지","massage/송현동-출장마사지-대구-달서구-생활권-이동동선-지역정보-이용전-안내/index.html || 송현동 생활권 안내 | 상인동·성당동·신당동 생활권 정보 | 몽라운지"
"TITLE_TEMPLATE","100","지역SEO","7","loc 지역 이용 가이드 loc loc loc loc 동선 brand","massage/염창동-출장마사지-강서구-염창역-한강주거생활권-업무와-귀가동선-목어깨-피로-방문-홈케어/index.html || 염창동 지역 이용 가이드 | 발산동·방화동·우장산동 이동 동선 | 몽라운지","massage/유가읍-출장마사지-대구-달성군-생활권-지역정보-이용안내/index.html || 유가읍 지역 이용 가이드 | 가창면·구지면·논공읍 이동 동선 | 몽라운지","massage/신원동-출장마사지-관악구-생활권-이동동선-지역정보-이용전-안내/index.html || 신원동 지역 이용 가이드 | 신림동·신사동·은천동 이동 동선 | 몽라운지"
"TITLE_TEMPLATE","101","지역SEO","7","loc 위치 안내 loc loc loc 주변 위치 brand","massage/적성면-출장마사지-파주시-생활권-지역정보-이용안내/index.html || 적성면 위치 안내 | 광탄면·문산읍·법원읍 주변 위치 | 몽라운지","massage/대야동-출장마사지-군포시-생활권-이동동선-지역정보-이용전-안내/index.html || 대야동 위치 안내 | 궁내동·금정동·산본동 주변 위치 | 몽라운지","massage/석촌동-출장마사지-송파구-생활권-이동동선-지역정보-이용전-안내/index.html || 석촌동 위치 안내 | 방이동·삼전동·송파동 주변 위치 | 몽라운지"
"TITLE_TEMPLATE","102","지역SEO","7","loc kw 이용정보 loc loc loc 주변 위치 brand","massage/잠실동-출장마사지-송파구-생활권-이동동선-지역정보-이용전-안내/index.html || 잠실동 출장마사지 이용정보 | 오륜동·위례동·잠실본동 주변 위치 | 몽라운지","massage/연희동-출장마사지-서해구-생활권-이동동선-지역정보-이용전-안내/index.html || 연희동 출장마사지 이용정보 | 석남동·신현원창동·청라동 주변 위치 | 몽라운지","massage/용산동-출장마사지-대구-달서구-생활권-이동동선-지역정보-이용전-안내/index.html || 용산동 출장마사지 이용정보 | 송현동·신당동·월성동 주변 위치 | 몽라운지"
"TITLE_TEMPLATE","103","업체상세","7","x loc loc 코스와 영업시간 안내 brand","shops/seoul/guro-gu/가리봉동/love테라피/index.html || love테라피 | 구로구 가리봉동 코스와 영업시간 안내 | 몽라운지","shops/seoul/seongdong-gu/성수1가제1동/love테라피/index.html || love테라피 | 성동구 성수1가제1동 코스와 영업시간 안내 | 몽라운지","shops/seoul/seongdong-gu/성수2가제3동/너무이쁜테라피/index.html || 너무이쁜테라피 | 성동구 성수2가제3동 코스와 영업시간 안내 | 몽라운지"
"TITLE_TEMPLATE","104","지역SEO","7","loc 지역 이용 가이드 loc loc loc 주변 위치 brand","massage/마산동-출장마사지-김포시-생활권-이동동선-지역정보-이용전-안내/index.html || 마산동 지역 이용 가이드 | 구래동·김포본동·사우동 주변 위치 | 몽라운지","massage/염리동-출장마사지-마포구-생활권-이동동선-지역정보-이용전-안내/index.html || 염리동 지역 이용 가이드 | 아현동·연남동·용강동 주변 위치 | 몽라운지","massage/전민동-출장마사지-대전-유성구-생활권-이동동선-지역정보-이용전-안내/index.html || 전민동 지역 이용 가이드 | 온천동·원신흥동·진잠동 주변 위치 | 몽라운지"
"TITLE_TEMPLATE","105","지역SEO","7","loc 지역정보 loc loc loc 지역 이용정보 brand","massage/송산동-출장마사지-의정부시-생활권-이동동선-지역정보-이용전-안내/index.html || 송산동 지역정보 | 고산동·녹양동·신곡동 지역 이용정보 | 몽라운지","massage/신곡동-출장마사지-의정부시-생활권-이동동선-지역정보-이용전-안내/index.html || 신곡동 지역정보 | 녹양동·송산동·의정부동 지역 이용정보 | 몽라운지","massage/용강동-출장마사지-마포구-생활권-이동동선-지역정보-이용전-안내/index.html || 용강동 지역정보 | 연남동·염리동·합정동 지역 이용정보 | 몽라운지"
"TITLE_TEMPLATE","106","지역SEO","7","loc 생활권 정보 loc loc loc 생활권 정보 brand","massage/파주읍-출장마사지-파주시-생활권-지역정보-이용안내/index.html || 파주읍 생활권 정보 | 광탄면·문산읍·법원읍 생활권 정보 | 몽라운지","massage/회기동-출장마사지-동대문구-생활권-이동동선-지역정보-이용전-안내/index.html || 회기동 생활권 정보 | 제기동·청량리동·휘경동 생활권 정보 | 몽라운지","massage/정릉동-출장마사지-성북구-생활권-이동동선-지역정보-이용전-안내/index.html || 정릉동 생활권 정보 | 월곡동·장위동·종암동 생활권 정보 | 몽라운지"
"TITLE_TEMPLATE","107","지역SEO","7","loc 생활권 안내 loc loc loc loc 동선 brand","massage/오금동-출장마사지-군포시-생활권-이동동선-지역정보-이용전-안내/index.html || 오금동 생활권 안내 | 송부동·수리동·재궁동 이동 동선 | 몽라운지","massage/보람동-출장마사지-세종-생활권-이동동선-지역정보-이용전-안내/index.html || 보람동 생활권 안내 | 도담동·반곡동·새롬동 이동 동선 | 몽라운지","massage/노원동-출장마사지-대구-북구-생활권-이동동선-지역정보-이용전-안내/index.html || 노원동 생활권 안내 | 구암동·국우동·대현동 이동 동선 | 몽라운지"
"TITLE_TEMPLATE","108","지역SEO","7","loc 지역 이용 가이드 loc loc 인접 생활권 brand","massage/갈산동-출장마사지-부평구-생활권-이동동선-지역정보-이용전-안내/index.html || 갈산동 지역 이용 가이드 | 부개동·부평동 인접 생활권 | 몽라운지","massage/영종동-출장마사지-영종구-생활권-이동동선-지역정보-이용전-안내/index.html || 영종동 지역 이용 가이드 | 용유동·운서동 인접 생활권 | 몽라운지","massage/가양동-출장마사지-대전-동구-생활권-이동동선-지역정보-이용전-안내/index.html || 가양동 지역 이용 가이드 | 대동·대청동 인접 생활권 | 몽라운지"
"TITLE_TEMPLATE","109","지역SEO","7","loc 주변 지역 안내 loc loc loc 주변 생활권 brand","massage/분평동-출장마사지-청주-서원구-생활권-이동동선-지역정보-이용전-안내/index.html || 분평동 주변 지역 안내 | 모충동·사직동·사창동 주변 생활권 | 몽라운지","massage/일봉동-출장마사지-천안-동남구-생활권-이동동선-지역정보-이용전-안내/index.html || 일봉동 주변 지역 안내 | 신안동·원성동·중앙동 주변 생활권 | 몽라운지","massage/나성동-출장마사지-세종-생활권-이동동선-지역정보-이용전-안내/index.html || 나성동 주변 지역 안내 | 고운동·다정동·대평동 주변 생활권 | 몽라운지"
"TITLE_TEMPLATE","110","지역SEO","6","loc 위치 생활권 안내 loc loc loc 주변 위치 brand","massage/암사동-출장마사지-강동구-생활권-이동동선-지역정보-이용전-안내/index.html || 암사동 위치·생활권 안내 | 상일동·성내동·천호동 주변 위치 | 몽라운지","massage/신포동-출장마사지-제물포구-생활권-이동동선-지역정보-이용전-안내/index.html || 신포동 위치·생활권 안내 | 송현동·신흥동·연안동 주변 위치 | 몽라운지","massage/대흥동-출장마사지-대전-중구-생활권-이동동선-지역정보-이용전-안내/index.html || 대흥동 위치·생활권 안내 | 대사동·목동·문창동 주변 위치 | 몽라운지"
"TITLE_TEMPLATE","111","지역SEO","6","loc 생활권 안내 loc loc loc 인접 생활권 brand","massage/영흥면-출장마사지-인천-옹진군-생활권-지역정보-이용안내/index.html || 영흥면 생활권 안내 | 대청면·덕적면·백령면 인접 생활권 | 몽라운지","massage/상일동-출장마사지-강동구-생활권-이동동선-지역정보-이용전-안내/index.html || 상일동 생활권 안내 | 둔촌동·명일동·성내동 인접 생활권 | 몽라운지","massage/두류동-출장마사지-대구-달서구-생활권-이동동선-지역정보-이용전-안내/index.html || 두류동 생활권 안내 | 도원동·본동·본리동 인접 생활권 | 몽라운지"
"TITLE_TEMPLATE","112","지역SEO","6","loc 이용 전 지역정보 loc loc loc 생활권 비교 brand","massage/다산동-출장마사지-남양주시-생활권-이동동선-지역정보-이용전-안내/index.html || 다산동 이용 전 지역정보 | 금곡동·별내동·양정동 생활권 비교 | 몽라운지","massage/영중면-출장마사지-포천시-생활권-지역정보-이용안내/index.html || 영중면 이용 전 지역정보 | 가산면·관인면·군내면 생활권 비교 | 몽라운지","massage/세곡동-출장마사지-강남구-생활권-이동동선-지역정보-이용전-안내/index.html || 세곡동 이용 전 지역정보 | 도곡동·삼성동·수서동 생활권 비교 | 몽라운지"
"TITLE_TEMPLATE","113","지역SEO","6","loc 지역 이용 가이드 loc loc loc 생활권 정보 brand","massage/내가면-출장마사지-인천-강화군-생활권-지역정보-이용안내/index.html || 내가면 지역 이용 가이드 | 강화읍·교동면·길상면 생활권 정보 | 몽라운지","massage/고산동-출장마사지-의정부시-생활권-이동동선-지역정보-이용전-안내/index.html || 고산동 지역 이용 가이드 | 가능동·녹양동·송산동 생활권 정보 | 몽라운지","massage/산곡동-출장마사지-부평구-생활권-이동동선-지역정보-이용전-안내/index.html || 산곡동 지역 이용 가이드 | 부개동·부평동·삼산동 생활권 정보 | 몽라운지"
"TITLE_TEMPLATE","114","지역SEO","6","loc 생활권 정보 loc loc loc 주변 위치 brand","massage/전농동-출장마사지-동대문구-생활권-이동동선-지역정보-이용전-안내/index.html || 전농동 생활권 정보 | 이문동·장안동·제기동 주변 위치 | 몽라운지","massage/부개동-출장마사지-부평구-생활권-이동동선-지역정보-이용전-안내/index.html || 부개동 생활권 정보 | 갈산동·부평동·산곡동 주변 위치 | 몽라운지","massage/구즉동-출장마사지-대전-유성구-생활권-이동동선-지역정보-이용전-안내/index.html || 구즉동 생활권 정보 | 관평동·노은동·상대동 주변 위치 | 몽라운지"
"TITLE_TEMPLATE","115","지역SEO","6","loc 생활권 안내 loc loc loc 동선 brand","massage/독산동-출장마사지-금천구-생활권-이동동선-지역정보-이용전-안내/index.html || 독산동 생활권 안내 | 가산동·시흥동 이동 동선 | 몽라운지","massage/홍제동-출장마사지-서대문구-생활권-이동동선-지역정보-이용전-안내/index.html || 홍제동 생활권 안내 | 충현동·홍은동 이동 동선 | 몽라운지","massage/청라동-출장마사지-서해구-생활권-이동동선-지역정보-이용전-안내/index.html || 청라동 생활권 안내 | 신현원창동·연희동 이동 동선 | 몽라운지"
"TITLE_TEMPLATE","116","지역SEO","6","loc 위치 생활권 안내 loc loc loc loc 동선 brand","massage/신당동-출장마사지-중구-생활권-이동동선-지역정보-이용전-안내/index.html || 신당동 위치·생활권 안내 | 명동·소공동·약수동 이동 동선 | 몽라운지","massage/유천동-출장마사지-대전-중구-생활권-이동동선-지역정보-이용전-안내/index.html || 유천동 위치·생활권 안내 | 오류동·용두동·은행선화동 이동 동선 | 몽라운지","massage/문화동-출장마사지-창원-마산합포구-생활권-이동동선-지역정보-이용전-안내/index.html || 문화동 위치·생활권 안내 | 가포동·교방동·반월중앙동 이동 동선 | 몽라운지"
"TITLE_TEMPLATE","117","지역SEO","6","loc 주변 지역 안내 loc loc loc 생활권 비교 brand","massage/양감면-출장마사지-화성시-만세구-생활권-지역정보-이용안내/index.html || 양감면 주변 지역 안내 | 남양읍·마도면·서신면 생활권 비교 | 몽라운지","massage/신사동-출장마사지-강남구-생활권-이동동선-지역정보-이용전-안내/index.html || 신사동 주변 지역 안내 | 세곡동·수서동·압구정동 생활권 비교 | 몽라운지","massage/청량리동-출장마사지-동대문구-생활권-이동동선-지역정보-이용전-안내/index.html || 청량리동 주변 지역 안내 | 전농동·제기동·회기동 생활권 비교 | 몽라운지"
"TITLE_TEMPLATE","118","지역SEO","6","loc kw loc loc loc 인접 지역정보 brand","massage/송부동-출장마사지-군포시-생활권-이동동선-지역정보-이용전-안내/index.html || 송부동 출장마사지 | 대야동·산본동·수리동 인접 지역정보 | 몽라운지","massage/대치동-출장마사지-강남구-생활권-이동동선-지역정보-이용전-안내/index.html || 대치동 출장마사지 | 개포동·논현동·도곡동 인접 지역정보 | 몽라운지","massage/안심동-출장마사지-대구-동구-생활권-이동동선-지역정보-이용전-안내/index.html || 안심동 출장마사지 | 신천동·지저동·해안동 인접 지역정보 | 몽라운지"
"TITLE_TEMPLATE","119","지역SEO","6","loc kw loc loc loc 생활권 비교 brand","massage/송산면-출장마사지-화성시-만세구-생활권-지역정보-이용안내/index.html || 송산면 출장마사지 | 남양읍·마도면·서신면 생활권 비교 | 몽라운지","massage/구로동-출장마사지-구로구-생활권-이동동선-지역정보-이용전-안내/index.html || 구로동 출장마사지 | 개봉동·고척동·수궁동 생활권 비교 | 몽라운지","massage/송정동-출장마사지-성동구-생활권-이동동선-지역정보-이용전-안내/index.html || 송정동 출장마사지 | 성수2가제1동·성수2가제3동·옥수동 생활권 비교 | 몽라운지"
"TITLE_TEMPLATE","120","지역SEO","6","loc 이용 전 지역정보 loc loc loc 주변 생활권 brand","massage/수택동-출장마사지-구리시-생활권-이동동선-지역정보-이용전-안내/index.html || 수택동 이용 전 지역정보 | 교문동·동구동·인창동 주변 생활권 | 몽라운지","massage/의정부동-출장마사지-의정부시-생활권-이동동선-지역정보-이용전-안내/index.html || 의정부동 이용 전 지역정보 | 송산동·신곡동·자금동 주변 생활권 | 몽라운지","massage/삼성동-출장마사지-강남구-생활권-이동동선-지역정보-이용전-안내/index.html || 삼성동 이용 전 지역정보 | 대치동·도곡동·세곡동 주변 생활권 | 몽라운지"
"TITLE_TEMPLATE","121","지역SEO","6","loc 주변 지역 안내 loc loc loc 주변 위치 brand","massage/미성동-출장마사지-관악구-생활권-이동동선-지역정보-이용전-안내/index.html || 미성동 주변 지역 안내 | 남현동·대학동·보라매동 주변 위치 | 몽라운지","massage/오류동-출장마사지-구로구-생활권-이동동선-지역정보-이용전-안내/index.html || 오류동 주변 지역 안내 | 수궁동·신도림동·항동 주변 위치 | 몽라운지","massage/용현동-출장마사지-미추홀구-생활권-이동동선-지역정보-이용전-안내/index.html || 용현동 주변 지역 안내 | 숭의동·주안동·학익동 주변 위치 | 몽라운지"
"TITLE_TEMPLATE","122","지역SEO","6","loc 지역 가이드 loc loc loc 주변 생활권 brand","massage/녹양동-출장마사지-의정부시-생활권-이동동선-지역정보-이용전-안내/index.html || 녹양동 지역 가이드 | 가능동·고산동·송산동 주변 생활권 | 몽라운지","massage/원평동-출장마사지-평택시-생활권-이동동선-지역정보-이용전-안내/index.html || 원평동 지역 가이드 | 신평동·용이동·중앙동 주변 생활권 | 몽라운지","massage/중앙동-출장마사지-관악구-생활권-이동동선-지역정보-이용전-안내/index.html || 중앙동 지역 가이드 | 인헌동·조원동·청룡동 주변 생활권 | 몽라운지"
"TITLE_TEMPLATE","123","지역SEO","6","loc kw loc loc loc 지역 이용정보 brand","massage/도화동-출장마사지-마포구-생활권-이동동선-지역정보-이용전-안내/index.html || 도화동 출장마사지 | 공덕동·대흥동·망원동 지역 이용정보 | 몽라운지","massage/청파동-출장마사지-용산구-생활권-이동동선-지역정보-이용전-안내/index.html || 청파동 출장마사지 | 이촌동·이태원동·한강로동 지역 이용정보 | 몽라운지","massage/자은동-출장마사지-창원-진해구-생활권-이동동선-지역정보-이용전-안내/index.html || 자은동 출장마사지 | 웅천동·이동·충무동 지역 이용정보 | 몽라운지"
"TITLE_TEMPLATE","124","지역SEO","6","loc 지역 이용 가이드 loc loc loc 생활권 비교 brand","massage/중곡동-출장마사지-광진구-생활권-이동동선-지역정보-이용전-안내/index.html || 중곡동 지역 이용 가이드 | 능동·자양동·화양동 생활권 비교 | 몽라운지","massage/구산동-출장마사지-은평구-생활권-이동동선-지역정보-이용전-안내/index.html || 구산동 지역 이용 가이드 | 갈현동·녹번동·대조동 생활권 비교 | 몽라운지","massage/중리동-출장마사지-대전-대덕구-생활권-이동동선-지역정보-이용전-안내/index.html || 중리동 지역 이용 가이드 | 신탄진동·오정동·회덕동 생활권 비교 | 몽라운지"
"TITLE_TEMPLATE","125","지역SEO","6","loc 위치 생활권 안내 loc loc loc 동선 brand","massage/오창읍-출장마사지-청주-청원구-생활권-지역정보-이용안내/index.html || 오창읍 위치·생활권 안내 | 내수읍·북이면 이동 동선 | 몽라운지","massage/미아동-출장마사지-강북구-생활권-이동동선-지역정보-이용전-안내/index.html || 미아동 위치·생활권 안내 | 번동·삼각산동 이동 동선 | 몽라운지","massage/후암동-출장마사지-용산구-생활권-이동동선-지역정보-이용전-안내/index.html || 후암동 위치·생활권 안내 | 한남동·효창동 이동 동선 | 몽라운지"
"TITLE_TEMPLATE","126","지역SEO","6","loc 지역정보 loc loc loc 인접 지역정보 brand","massage/신사동-출장마사지-관악구-생활권-이동동선-지역정보-이용전-안내/index.html || 신사동 지역정보 | 성현동·신림동·신원동 인접 지역정보 | 몽라운지","massage/서교동-출장마사지-마포구-생활권-이동동선-지역정보-이용전-안내/index.html || 서교동 지역정보 | 상암동·서강동·성산동 인접 지역정보 | 몽라운지","massage/원효로동-출장마사지-용산구-생활권-이동동선-지역정보-이용전-안내/index.html || 원효로동 지역정보 | 용문동·용산2가동·이촌동 인접 지역정보 | 몽라운지"
"TITLE_TEMPLATE","127","지역SEO","6","loc kw 지역안내 loc loc loc 가까운 지역 brand","massage/팔탄면-출장마사지-화성시-만세구-생활권-지역정보-이용안내/index.html || 팔탄면 출장마사지 지역안내 | 남양읍·마도면·서신면 가까운 지역 | 몽라운지","massage/문의면-출장마사지-청주-상당구-생활권-지역정보-이용안내/index.html || 문의면 출장마사지 지역안내 | 가덕면·남일면·낭성면 가까운 지역 | 몽라운지","massage/신장동-출장마사지-평택시-생활권-이동동선-지역정보-이용전-안내/index.html || 신장동 출장마사지 지역안내 | 송북동·송탄동·신평동 가까운 지역 | 몽라운지"
"TITLE_TEMPLATE","128","지역SEO","6","loc kw 지역안내 loc loc loc loc 동선 brand","massage/서신면-출장마사지-화성시-만세구-생활권-지역정보-이용안내/index.html || 서신면 출장마사지 지역안내 | 남양읍·마도면·송산면 이동 동선 | 몽라운지","massage/장위동-출장마사지-성북구-생활권-이동동선-지역정보-이용전-안내/index.html || 장위동 출장마사지 지역안내 | 안암동·월곡동·정릉동 이동 동선 | 몽라운지","massage/송파동-출장마사지-송파구-생활권-이동동선-지역정보-이용전-안내/index.html || 송파동 출장마사지 지역안내 | 삼전동·석촌동·오금동 이동 동선 | 몽라운지"
"TITLE_TEMPLATE","129","지역SEO","6","loc 지역 가이드 loc loc loc 가까운 지역 brand","massage/군자동-출장마사지-시흥시-생활권-이동동선-지역정보-이용전-안내/index.html || 군자동 지역 가이드 | 거북섬동·과림동·능곡동 가까운 지역 | 몽라운지","massage/동화동-출장마사지-중구-생활권-이동동선-지역정보-이용전-안내/index.html || 동화동 지역 가이드 | 광희동·다산동·명동 가까운 지역 | 몽라운지","massage/장충동-출장마사지-중구-생활권-이동동선-지역정보-이용전-안내/index.html || 장충동 지역 가이드 | 약수동·을지로동·중림동 가까운 지역 | 몽라운지"
"TITLE_TEMPLATE","130","업체상세","6","loc loc x 이용 가이드 코스 연락 방법 brand","shops/gyeonggi/yeoju/세종대왕면/한국미인테라피/index.html || 여주시 세종대왕면 한국미인테라피 이용 가이드 | 코스·연락 방법 | 몽라운지","shops/other/daejeon/seo-gu/도마동/S썸바디테라피/index.html || 서구 도마동 S썸바디테라피 이용 가이드 | 코스·연락 방법 | 몽라운지","shops/other/daejeon/seo-gu/도안동/S썸바디테라피/index.html || 서구 도안동 S썸바디테라피 이용 가이드 | 코스·연락 방법 | 몽라운지"
"TITLE_TEMPLATE","131","지역SEO","5","loc 이용 전 지역정보 loc loc loc 가까운 지역 brand","massage/하빈면-출장마사지-대구-달성군-생활권-지역정보-이용안내/index.html || 하빈면 이용 전 지역정보 | 가창면·구지면·논공읍 가까운 지역 | 몽라운지","massage/사당동-출장마사지-동작구-생활권-이동동선-지역정보-이용전-안내/index.html || 사당동 이용 전 지역정보 | 노량진동·대방동·상도동 가까운 지역 | 몽라운지","massage/신탄진동-출장마사지-대전-대덕구-생활권-이동동선-지역정보-이용전-안내/index.html || 신탄진동 이용 전 지역정보 | 석봉동·송촌동·오정동 가까운 지역 | 몽라운지"
"TITLE_TEMPLATE","132","지역SEO","5","loc 주변 지역 안내 loc loc 인접 지역정보 brand","massage/광명동-출장마사지-광명시-생활권-이동동선-지역정보-이용전-안내/index.html || 광명동 주변 지역 안내 | 소하동·일직동 인접 지역정보 | 몽라운지","massage/화정동-출장마사지-광주-서구-생활권-이동동선-지역정보-이용전-안내/index.html || 화정동 주변 지역 안내 | 치평동·풍암동 인접 지역정보 | 몽라운지","massage/옥길동-출장마사지-부천시-소사구-생활권-이동동선-지역정보-이용전-안내/index.html || 옥길동 주변 지역 안내 | 심곡본동·역곡동 인접 지역정보 | 몽라운지"
"TITLE_TEMPLATE","133","지역SEO","5","loc 생활권 안내 loc loc loc 인접 지역정보 brand","massage/광남동-출장마사지-광주시-생활권-이동동선-지역정보-이용전-안내/index.html || 광남동 생활권 안내 | 경안동·능평동·송정동 인접 지역정보 | 몽라운지","massage/반곡동-출장마사지-세종-생활권-이동동선-지역정보-이용전-안내/index.html || 반곡동 생활권 안내 | 대평동·도담동·보람동 인접 지역정보 | 몽라운지","massage/신용동-출장마사지-광주-북구-생활권-이동동선-지역정보-이용전-안내/index.html || 신용동 생활권 안내 | 석곡동·신안동·양산동 인접 지역정보 | 몽라운지"
"TITLE_TEMPLATE","134","지역SEO","5","loc 이용 전 지역정보 loc loc loc 지역 이용정보 brand","massage/응봉동-출장마사지-성동구-생활권-이동동선-지역정보-이용전-안내/index.html || 응봉동 이용 전 지역정보 | 왕십리동·용답동·행당동 지역 이용정보 | 몽라운지","massage/한강로동-출장마사지-용산구-생활권-이동동선-지역정보-이용전-안내/index.html || 한강로동 이용 전 지역정보 | 이태원동·청파동·한남동 지역 이용정보 | 몽라운지","massage/신흥동-출장마사지-광주-광산구-생활권-이동동선-지역정보-이용전-안내/index.html || 신흥동 이용 전 지역정보 | 신가동·신창동·어룡동 지역 이용정보 | 몽라운지"
"TITLE_TEMPLATE","135","지역SEO","5","loc 지역정보 loc loc loc loc 동선 brand","massage/소공동-출장마사지-중구-생활권-이동동선-지역정보-이용전-안내/index.html || 소공동 지역정보 | 동화동·명동·신당동 이동 동선 | 몽라운지","massage/송도동-출장마사지-연수구-생활권-이동동선-지역정보-이용전-안내/index.html || 송도동 지역정보 | 동춘동·선학동·연수동 이동 동선 | 몽라운지","massage/봉림동-출장마사지-창원-의창구-생활권-이동동선-지역정보-이용전-안내/index.html || 봉림동 지역정보 | 명곡동·의창동·팔룡동 이동 동선 | 몽라운지"
"TITLE_TEMPLATE","136","지역SEO","5","loc kw 지역안내 loc loc loc 생활권 정보 brand","massage/과천동-출장마사지-과천시-생활권-이동동선-지역정보-이용전-안내/index.html || 과천동 출장마사지 지역안내 | 갈현동·문원동·별양동 생활권 정보 | 몽라운지","massage/비봉면-출장마사지-화성시-효행구-생활권-지역정보-이용안내/index.html || 비봉면 출장마사지 지역안내 | 매송면·봉담읍·정남면 생활권 정보 | 몽라운지","massage/상중이동-출장마사지-대구-서구-생활권-이동동선-지역정보-이용전-안내/index.html || 상중이동 출장마사지 지역안내 | 비산동·원대동·평리동 생활권 정보 | 몽라운지"
"TITLE_TEMPLATE","137","지역SEO","5","loc 지역 가이드 loc loc loc 인접 생활권 brand","massage/방배동-출장마사지-서초구-생활권-이동동선-지역정보-이용전-안내/index.html || 방배동 지역 가이드 | 반포동·반포본동·방배본동 인접 생활권 | 몽라운지","massage/숭인동-출장마사지-종로구-생활권-이동동선-지역정보-이용전-안내/index.html || 숭인동 지역 가이드 | 사직동·삼청동·이화동 인접 생활권 | 몽라운지","massage/석봉동-출장마사지-대전-대덕구-생활권-이동동선-지역정보-이용전-안내/index.html || 석봉동 지역 가이드 | 법동·비래동·송촌동 인접 생활권 | 몽라운지"
"TITLE_TEMPLATE","138","지역SEO","5","loc 이용 전 지역정보 loc loc loc 생활권 정보 brand","massage/불현동-출장마사지-동두천시-생활권-이동동선-지역정보-이용전-안내/index.html || 불현동 이용 전 지역정보 | 보산동·상패동·생연동 생활권 정보 | 몽라운지","massage/성내동-출장마사지-강동구-생활권-이동동선-지역정보-이용전-안내/index.html || 성내동 이용 전 지역정보 | 명일동·상일동·암사동 생활권 정보 | 몽라운지","massage/덕암동-출장마사지-대전-대덕구-생활권-이동동선-지역정보-이용전-안내/index.html || 덕암동 이용 전 지역정보 | 대화동·목상동·법동 생활권 정보 | 몽라운지"
"TITLE_TEMPLATE","139","지역SEO","5","loc 지역 가이드 loc loc loc 생활권 정보 brand","massage/교남동-출장마사지-종로구-생활권-이동동선-지역정보-이용전-안내/index.html || 교남동 지역 가이드 | 가회동·무악동·부암동 생활권 정보 | 몽라운지","massage/방림동-출장마사지-광주-남구-생활권-이동동선-지역정보-이용전-안내/index.html || 방림동 지역 가이드 | 대촌동·백운동·봉선동 생활권 정보 | 몽라운지","massage/석곡동-출장마사지-광주-북구-생활권-이동동선-지역정보-이용전-안내/index.html || 석곡동 지역 가이드 | 문흥동·삼각동·신안동 생활권 정보 | 몽라운지"
"TITLE_TEMPLATE","140","지역SEO","5","loc 생활권 안내 loc loc loc 주변 생활권 brand","massage/다사읍-출장마사지-대구-달성군-생활권-지역정보-이용안내/index.html || 다사읍 생활권 안내 | 가창면·구지면·논공읍 주변 생활권 | 몽라운지","massage/매화동-출장마사지-시흥시-생활권-이동동선-지역정보-이용전-안내/index.html || 매화동 생활권 안내 | 능곡동·대야동·목감동 주변 생활권 | 몽라운지","massage/북도면-출장마사지-인천-옹진군-생활권-지역정보-이용안내/index.html || 북도면 생활권 안내 | 대청면·덕적면·백령면 주변 생활권 | 몽라운지"
"TITLE_TEMPLATE","141","지역SEO","5","loc kw 이용정보 loc loc loc 가까운 지역 brand","massage/서빙고동-출장마사지-용산구-생활권-이동동선-지역정보-이용전-안내/index.html || 서빙고동 출장마사지 이용정보 | 남영동·보광동·용문동 가까운 지역 | 몽라운지","massage/용암동-출장마사지-청주-상당구-생활권-이동동선-지역정보-이용전-안내/index.html || 용암동 출장마사지 이용정보 | 영운동·중앙동·탑대성동 가까운 지역 | 몽라운지","massage/대현동-출장마사지-대구-북구-생활권-이동동선-지역정보-이용전-안내/index.html || 대현동 출장마사지 이용정보 | 국우동·노원동·동천동 가까운 지역 | 몽라운지"
"TITLE_TEMPLATE","142","지역SEO","5","loc kw 이용정보 loc loc loc 주변 생활권 brand","massage/장기본동-출장마사지-김포시-생활권-이동동선-지역정보-이용전-안내/index.html || 장기본동 출장마사지 이용정보 | 운양동·장기동·풍무동 주변 생활권 | 몽라운지","massage/정남면-출장마사지-화성시-효행구-생활권-지역정보-이용안내/index.html || 정남면 출장마사지 이용정보 | 매송면·봉담읍·비봉면 주변 생활권 | 몽라운지","massage/비래동-출장마사지-대전-대덕구-생활권-이동동선-지역정보-이용전-안내/index.html || 비래동 출장마사지 이용정보 | 목상동·법동·석봉동 주변 생활권 | 몽라운지"
"TITLE_TEMPLATE","143","지역SEO","5","loc 생활권 안내 loc loc loc 생활권 비교 brand","massage/은행동-출장마사지-시흥시-생활권-이동동선-지역정보-이용전-안내/index.html || 은행동 생활권 안내 | 연성동·월곶동·장곡동 생활권 비교 | 몽라운지","massage/삼각산동-출장마사지-강북구-생활권-이동동선-지역정보-이용전-안내/index.html || 삼각산동 생활권 안내 | 미아동·번동·삼양동 생활권 비교 | 몽라운지","massage/만석동-출장마사지-제물포구-생활권-이동동선-지역정보-이용전-안내/index.html || 만석동 생활권 안내 | 도원동·동인천동·송림동 생활권 비교 | 몽라운지"
"TITLE_TEMPLATE","144","지역SEO","5","loc kw 이용정보 loc loc loc 생활권 비교 brand","massage/신림동-출장마사지-관악구-생활권-이동동선-지역정보-이용전-안내/index.html || 신림동 출장마사지 이용정보 | 서원동·성현동·신사동 생활권 비교 | 몽라운지","massage/옥수동-출장마사지-성동구-생활권-이동동선-지역정보-이용전-안내/index.html || 옥수동 출장마사지 이용정보 | 성수2가제3동·송정동·왕십리도선동 생활권 비교 | 몽라운지","massage/율천동-출장마사지-수원시-장안구-생활권-이동동선-지역정보-이용전-안내/index.html || 율천동 출장마사지 이용정보 | 연무동·영화동·정자동 생활권 비교 | 몽라운지"
"TITLE_TEMPLATE","145","지역SEO","5","loc kw 이용정보 loc loc loc 생활권 정보 brand","massage/용문동-출장마사지-대전-서구-생활권-이동동선-지역정보-이용전-안내/index.html || 용문동 출장마사지 이용정보 | 변동·복수동·월평동 생활권 정보 | 몽라운지","massage/정림동-출장마사지-대전-서구-생활권-이동동선-지역정보-이용전-안내/index.html || 정림동 출장마사지 이용정보 | 용문동·월평동·탄방동 생활권 정보 | 몽라운지","massage/아름동-출장마사지-세종-생활권-이동동선-지역정보-이용전-안내/index.html || 아름동 출장마사지 이용정보 | 새롬동·소담동·어진동 생활권 정보 | 몽라운지"
"TITLE_TEMPLATE","146","지역SEO","5","loc kw 이용정보 loc loc loc 인접 생활권 brand","massage/신도림동-출장마사지-구로구-생활권-이동동선-지역정보-이용전-안내/index.html || 신도림동 출장마사지 이용정보 | 구로동·수궁동·오류동 인접 생활권 | 몽라운지","massage/사이동-출장마사지-안산시-상록구-생활권-이동동선-지역정보-이용전-안내/index.html || 사이동 출장마사지 이용정보 | 부곡동·사동·성포동 인접 생활권 | 몽라운지","massage/안산동-출장마사지-안산시-상록구-생활권-이동동선-지역정보-이용전-안내/index.html || 안산동 출장마사지 이용정보 | 사이동·성포동·월피동 인접 생활권 | 몽라운지"
"TITLE_TEMPLATE","147","업체상세","5","loc loc x 코스별 시간 가격 안내 brand","shops/seoul/seongdong-gu/성수2가제1동/love테라피/index.html || 성동구 성수2가제1동 love테라피 | 코스별 시간·가격 안내 | 몽라운지","shops/other/daejeon/seo-gu/복수동/24시미녀테라피/index.html || 서구 복수동 24시미녀테라피 | 코스별 시간·가격 안내 | 몽라운지","shops/other/daegu/nam-gu/봉덕동/대구테라피/index.html || 남구 봉덕동 대구테라피 | 코스별 시간·가격 안내 | 몽라운지"
"TITLE_TEMPLATE","148","업체상세","5","x loc loc 코스 구성과 이용정보 brand","shops/seoul/seongdong-gu/성수2가제3동/love테라피/index.html || love테라피 | 성동구 성수2가제3동 코스 구성과 이용정보 | 몽라운지","shops/seoul/jung-gu/을지로동/한국미인테라피/index.html || 한국미인테라피 | 중구 을지로동 코스 구성과 이용정보 | 몽라운지","shops/other/changwon/masanhappo-gu/반월중앙동/경남테라피/index.html || 경남테라피 | 마산합포구 반월중앙동 코스 구성과 이용정보 | 몽라운지"
"TITLE_TEMPLATE","149","업체상세","5","loc loc x 가격 코스 연락 안내 brand","shops/other/daejeon/seo-gu/가장동/S썸바디테라피/index.html || 서구 가장동 S썸바디테라피 | 가격·코스·연락 안내 | 몽라운지","shops/other/daejeon/seo-gu/기성동/24시미녀테라피/index.html || 서구 기성동 24시미녀테라피 | 가격·코스·연락 안내 | 몽라운지","shops/other/gwangju/nam-gu/사직동/나비테라피/index.html || 남구 사직동 나비테라피 | 가격·코스·연락 안내 | 몽라운지"
"TITLE_TEMPLATE","150","지역SEO","5","loc 위치 생활권 안내 loc loc 가까운 지역 brand","massage/금촌동-출장마사지-파주시-생활권-이동동선-지역정보-이용전-안내/index.html || 금촌동 위치·생활권 안내 | 교하동·운정동 가까운 지역 | 몽라운지","massage/운정동-출장마사지-파주시-생활권-이동동선-지역정보-이용전-안내/index.html || 운정동 위치·생활권 안내 | 교하동·금촌동 가까운 지역 | 몽라운지","massage/시흥동-출장마사지-금천구-생활권-이동동선-지역정보-이용전-안내/index.html || 시흥동 위치·생활권 안내 | 가산동·독산동 가까운 지역 | 몽라운지"
"TITLE_TEMPLATE","151","지역SEO","5","loc kw 지역안내 loc loc loc 지역 이용정보 brand","massage/비전동-출장마사지-평택시-생활권-이동동선-지역정보-이용전-안내/index.html || 비전동 출장마사지 지역안내 | 고덕동·동삭동·서정동 지역 이용정보 | 몽라운지","massage/수색동-출장마사지-은평구-생활권-이동동선-지역정보-이용전-안내/index.html || 수색동 출장마사지 지역안내 | 대조동·불광동·신사동 지역 이용정보 | 몽라운지","massage/신흥동-출장마사지-제물포구-생활권-이동동선-지역정보-이용전-안내/index.html || 신흥동 출장마사지 지역안내 | 송현동·신포동·연안동 지역 이용정보 | 몽라운지"
"TITLE_TEMPLATE","152","지역SEO","5","loc 생활권 안내 loc loc loc 위치 loc 범위 brand","massage/남일면-출장마사지-청주-상당구-생활권-지역정보-이용안내/index.html || 남일면 생활권 안내 | 가덕면·낭성면·문의면 위치·이동 범위 | 몽라운지","massage/서초동-출장마사지-서초구-생활권-이동동선-지역정보-이용전-안내/index.html || 서초동 생활권 안내 | 방배동·방배본동·양재동 위치·이동 범위 | 몽라운지","massage/상대동-출장마사지-대전-유성구-생활권-이동동선-지역정보-이용전-안내/index.html || 상대동 생활권 안내 | 구즉동·노은동·신성동 위치·이동 범위 | 몽라운지"
"TITLE_TEMPLATE","153","지역SEO","5","loc 지역 이용 가이드 loc loc loc 지역 이용정보 brand","massage/중앙동-출장마사지-평택시-생활권-이동동선-지역정보-이용전-안내/index.html || 중앙동 지역 이용 가이드 | 용이동·원평동·지산동 지역 이용정보 | 몽라운지","massage/불광동-출장마사지-은평구-생활권-이동동선-지역정보-이용전-안내/index.html || 불광동 지역 이용 가이드 | 녹번동·대조동·수색동 지역 이용정보 | 몽라운지","massage/평창동-출장마사지-종로구-생활권-이동동선-지역정보-이용전-안내/index.html || 평창동 지역 이용 가이드 | 창신동·청운효자동·혜화동 지역 이용정보 | 몽라운지"
"TITLE_TEMPLATE","154","업체상세","5","x 이용정보 loc loc 코스 가격 문의 brand","shops/seoul/seongdong-gu/성수2가제1동/한국미인테라피/index.html || 한국미인테라피 이용정보 | 성동구 성수2가제1동 코스·가격·문의 | 몽라운지","shops/other/daejeon/seo-gu/괴정동/S썸바디테라피/index.html || S썸바디테라피 이용정보 | 서구 괴정동 코스·가격·문의 | 몽라운지","shops/other/daejeon/seo-gu/만년동/S썸바디테라피/index.html || S썸바디테라피 이용정보 | 서구 만년동 코스·가격·문의 | 몽라운지"
"TITLE_TEMPLATE","155","지역SEO","5","loc kw 이용정보 loc loc loc 위치 loc 범위 brand","massage/구의동-출장마사지-광진구-생활권-이동동선-지역정보-이용전-안내/index.html || 구의동 출장마사지 이용정보 | 광장동·군자동·능동 위치·이동 범위 | 몽라운지","massage/문정동-출장마사지-송파구-생활권-이동동선-지역정보-이용전-안내/index.html || 문정동 출장마사지 이용정보 | 거여동·마천동·방이동 위치·이동 범위 | 몽라운지","massage/약수동-출장마사지-중구-생활권-이동동선-지역정보-이용전-안내/index.html || 약수동 출장마사지 이용정보 | 소공동·신당동·을지로동 위치·이동 범위 | 몽라운지"
"TITLE_TEMPLATE","156","지역SEO","5","loc 지역 가이드 loc loc loc 인접 지역정보 brand","massage/우이동-출장마사지-강북구-생활권-이동동선-지역정보-이용전-안내/index.html || 우이동 지역 가이드 | 송천동·수유동·인수동 인접 지역정보 | 몽라운지","massage/등촌동-출장마사지-강서구-생활권-이동동선-지역정보-이용전-안내/index.html || 등촌동 지역 가이드 | 가양동·공항동·발산동 인접 지역정보 | 몽라운지","massage/오정동-출장마사지-대전-대덕구-생활권-이동동선-지역정보-이용전-안내/index.html || 오정동 지역 가이드 | 송촌동·신탄진동·중리동 인접 지역정보 | 몽라운지"
"TITLE_TEMPLATE","157","지역SEO","5","loc 위치 안내 loc loc loc 인접 지역정보 brand","massage/신설동-출장마사지-동대문구-생활권-이동동선-지역정보-이용전-안내/index.html || 신설동 위치 안내 | 답십리동·용두동·이문동 인접 지역정보 | 몽라운지","massage/석남동-출장마사지-서해구-생활권-이동동선-지역정보-이용전-안내/index.html || 석남동 위치 안내 | 가좌동·검암경서동·신현원창동 인접 지역정보 | 몽라운지","massage/기성동-출장마사지-대전-서구-생활권-이동동선-지역정보-이용전-안내/index.html || 기성동 위치 안내 | 관저동·괴정동·내동 인접 지역정보 | 몽라운지"
"TITLE_TEMPLATE","158","업체상세","5","x 이용 안내 loc loc 운영시간 코스 정보 brand","shops/seoul/guro-gu/신도림동/프리미엄테라피/index.html || 프리미엄테라피 이용 안내 | 구로구 신도림동 운영시간·코스 정보 | 몽라운지","shops/seoul/seongdong-gu/성수1가제2동/love테라피/index.html || love테라피 이용 안내 | 성동구 성수1가제2동 운영시간·코스 정보 | 몽라운지","shops/seoul/jung-gu/을지로동/프리미엄테라피/index.html || 프리미엄테라피 이용 안내 | 중구 을지로동 운영시간·코스 정보 | 몽라운지"
"TITLE_TEMPLATE","159","업체상세","5","x 운영정보 loc loc 가격 문의 방법 brand","shops/seoul/seongdong-gu/성수1가제2동/한국미인테라피/index.html || 한국미인테라피 운영정보 | 성동구 성수1가제2동 가격·문의 방법 | 몽라운지","shops/seoul/jung-gu/을지로동/love테라피/index.html || love테라피 운영정보 | 중구 을지로동 가격·문의 방법 | 몽라운지","shops/other/daegu/buk-gu/노원동/대구테라피/index.html || 대구테라피 운영정보 | 북구 노원동 가격·문의 방법 | 몽라운지"
"TITLE_TEMPLATE","160","지역SEO","5","x loc 위치 안내 loc loc loc 인접 지역정보 brand","massage/gyeonggi/suwon/paldal-gu/수원시-팔달구-출장마사지-동별-생활권-지역안내/index.html || 수원시 팔달구 위치 안내 | 고등동·매교동·매산동 인접 지역정보 | 몽라운지","massage/other/daejeon/dong-gu/대전-동구-출장마사지-동별-생활권-지역안내/index.html || 대전 동구 위치 안내 | 가양동·대동·대청동 인접 지역정보 | 몽라운지","massage/설악면-출장마사지-가평군-생활권-지역정보-이용안내/index.html || 가평군 설악면 위치 안내 | 가평읍·북면·상면 인접 지역정보 | 몽라운지"
"TITLE_TEMPLATE","161","업체상세","4","x 천안 x 이용 전 확인정보 brand","shops/other/cheonan/dongnam-gu/문성동/love테라피/index.html || love테라피 | 천안 문성동 이용 전 확인정보 | 몽라운지","shops/other/cheonan/dongnam-gu/수신면/한국미인테라피/index.html || 한국미인테라피 | 천안 수신면 이용 전 확인정보 | 몽라운지","shops/other/cheonan/dongnam-gu/쌍용동/love테라피/index.html || love테라피 | 천안 쌍용동 이용 전 확인정보 | 몽라운지"
"TITLE_TEMPLATE","162","지역SEO","4","loc 이용 전 지역정보 loc loc loc 인접 지역정보 brand","massage/의흥면-출장마사지-대구-군위군-생활권-지역정보-이용안내/index.html || 의흥면 이용 전 지역정보 | 군위읍·부계면·산성면 인접 지역정보 | 몽라운지","massage/일원본동-출장마사지-강남구-생활권-이동동선-지역정보-이용전-안내/index.html || 일원본동 이용 전 지역정보 | 역삼동·일원동·청담동 인접 지역정보 | 몽라운지","massage/비아동-출장마사지-광주-광산구-생활권-이동동선-지역정보-이용전-안내/index.html || 비아동 이용 전 지역정보 | 동곡동·본량동·삼도동 인접 지역정보 | 몽라운지"
"TITLE_TEMPLATE","163","업체상세","4","천안 x x 가격 운영시간 문의 정보 brand","shops/other/cheonan/dongnam-gu/부성동/love테라피/index.html || 천안 부성동 love테라피 | 가격·운영시간·문의 정보 | 몽라운지","shops/other/cheonan/dongnam-gu/원성동/한국미인테라피/index.html || 천안 원성동 한국미인테라피 | 가격·운영시간·문의 정보 | 몽라운지","shops/other/cheonan/dongnam-gu/일봉동/한국미인테라피/index.html || 천안 일봉동 한국미인테라피 | 가격·운영시간·문의 정보 | 몽라운지"
"TITLE_TEMPLATE","164","지역SEO","4","loc 생활권 정보 loc loc loc loc 동선 brand","massage/연희동-출장마사지-서대문구-생활권-이동동선-지역정보-이용전-안내/index.html || 연희동 생활권 정보 | 북아현동·신촌동·천연동 이동 동선 | 몽라운지","massage/방배본동-출장마사지-서초구-생활권-이동동선-지역정보-이용전-안내/index.html || 방배본동 생활권 정보 | 반포본동·방배동·서초동 이동 동선 | 몽라운지","massage/송포동-출장마사지-고양시-일산서구-생활권-이동동선-지역정보-이용전-안내/index.html || 송포동 생활권 정보 | 대화동·덕이동·일산동 이동 동선 | 몽라운지"
"TITLE_TEMPLATE","165","업체상세","4","loc loc x 가격 운영시간 문의 정보 brand","shops/seoul/guro-gu/가리봉동/너무이쁜테라피/index.html || 구로구 가리봉동 너무이쁜테라피 | 가격·운영시간·문의 정보 | 몽라운지","shops/other/daejeon/seo-gu/용문동/24시미녀테라피/index.html || 서구 용문동 24시미녀테라피 | 가격·운영시간·문의 정보 | 몽라운지","shops/other/daegu/buk-gu/관음동/대구테라피/index.html || 북구 관음동 대구테라피 | 가격·운영시간·문의 정보 | 몽라운지"
"TITLE_TEMPLATE","166","업체상세","4","x loc loc 코스시간 가격 확인 brand","shops/seoul/guro-gu/신도림동/너무이쁜테라피/index.html || 너무이쁜테라피 구로구 신도림동 | 코스시간·가격 확인 | 몽라운지","shops/gyeonggi/yeoju/세종대왕면/너무이쁜테라피/index.html || 너무이쁜테라피 여주시 세종대왕면 | 코스시간·가격 확인 | 몽라운지","shops/other/daejeon/seo-gu/도마동/24시미녀테라피/index.html || 24시미녀테라피 서구 도마동 | 코스시간·가격 확인 | 몽라운지"
"TITLE_TEMPLATE","167","업체상세","4","x 아산 x 이용정보 가격 전화 문자 문의 brand","shops/other/asan/배방읍/한국미인테라피/index.html || 한국미인테라피 아산 배방읍 이용정보 | 가격·전화·문자 문의 | 몽라운지","shops/other/asan/선장면/한국미인테라피/index.html || 한국미인테라피 아산 선장면 이용정보 | 가격·전화·문자 문의 | 몽라운지","shops/other/asan/영인면/한국미인테라피/index.html || 한국미인테라피 아산 영인면 이용정보 | 가격·전화·문자 문의 | 몽라운지"
"TITLE_TEMPLATE","168","지역SEO","4","loc kw loc loc 생활권 비교 brand","massage/낙성대동-출장마사지-관악구-생활권-이동동선-지역정보-이용전-안내/index.html || 낙성대동 출장마사지 | 난곡동·난향동 생활권 비교 | 몽라운지","massage/원종동-출장마사지-부천시-오정구-생활권-이동동선-지역정보-이용전-안내/index.html || 원종동 출장마사지 | 신흥동·오정동 생활권 비교 | 몽라운지","massage/고등동-출장마사지-성남시-수정구-생활권-이동동선-지역정보-이용전-안내/index.html || 고등동 출장마사지 | 단대동·복정동 생활권 비교 | 몽라운지"
"TITLE_TEMPLATE","169","지역SEO","4","loc kw 지역안내 loc loc loc 인접 지역정보 brand","massage/신장동-출장마사지-하남시-생활권-이동동선-지역정보-이용전-안내/index.html || 신장동 출장마사지 지역안내 | 덕풍동·미사동·위례동 인접 지역정보 | 몽라운지","massage/주교동-출장마사지-고양시-덕양구-생활권-이동동선-지역정보-이용전-안내/index.html || 주교동 출장마사지 지역안내 | 성사동·원신동·창릉동 인접 지역정보 | 몽라운지","massage/송내동-출장마사지-부천시-소사구-생활권-이동동선-지역정보-이용전-안내/index.html || 송내동 출장마사지 지역안내 | 범박동·소사본동·심곡본동 인접 지역정보 | 몽라운지"
"TITLE_TEMPLATE","170","지역SEO","4","loc 위치 생활권 안내 loc loc 생활권 정보 brand","massage/통복동-출장마사지-평택시-생활권-이동동선-지역정보-이용전-안내/index.html || 통복동 위치·생활권 안내 | 중앙동·지산동 생활권 정보 | 몽라운지","massage/행운동-출장마사지-관악구-생활권-이동동선-지역정보-이용전-안내/index.html || 행운동 위치·생활권 안내 | 청룡동·청림동 생활권 정보 | 몽라운지","massage/호매실동-출장마사지-수원시-권선구-생활권-이동동선-지역정보-이용전-안내/index.html || 호매실동 위치·생활권 안내 | 입북동·평동 생활권 정보 | 몽라운지"
"TITLE_TEMPLATE","171","업체상세","4","loc loc x 상세 안내 운영시간 문의 brand","shops/seoul/guro-gu/신도림동/한국미인테라피/index.html || 구로구 신도림동 한국미인테라피 상세 안내 | 운영시간·문의 | 몽라운지","shops/other/gwangju/nam-gu/양림동/나비테라피/index.html || 남구 양림동 나비테라피 상세 안내 | 운영시간·문의 | 몽라운지","shops/other/gwangju/buk-gu/건국동/나비테라피/index.html || 북구 건국동 나비테라피 상세 안내 | 운영시간·문의 | 몽라운지"
"TITLE_TEMPLATE","172","지역SEO","4","loc 위치 안내 loc loc loc 지역 이용정보 brand","massage/인헌동-출장마사지-관악구-생활권-이동동선-지역정보-이용전-안내/index.html || 인헌동 위치 안내 | 신원동·은천동·조원동 지역 이용정보 | 몽라운지","massage/성당동-출장마사지-대구-달서구-생활권-이동동선-지역정보-이용전-안내/index.html || 성당동 위치 안내 | 본리동·상인동·송현동 지역 이용정보 | 몽라운지","massage/농성동-출장마사지-광주-서구-생활권-이동동선-지역정보-이용전-안내/index.html || 농성동 위치 안내 | 광천동·금호동·동천동 지역 이용정보 | 몽라운지"
"TITLE_TEMPLATE","173","업체상세","4","천안 x x 영업시간과 코스 구성 brand","shops/other/cheonan/dongnam-gu/불당동/한국미인테라피/index.html || 천안 불당동 한국미인테라피 | 영업시간과 코스 구성 | 몽라운지","shops/other/cheonan/dongnam-gu/성환읍/love테라피/index.html || 천안 성환읍 love테라피 | 영업시간과 코스 구성 | 몽라운지","shops/other/cheonan/dongnam-gu/입장면/love테라피/index.html || 천안 입장면 love테라피 | 영업시간과 코스 구성 | 몽라운지"
"TITLE_TEMPLATE","174","지역SEO","4","loc 이용 전 지역정보 loc loc loc 인접 생활권 brand","massage/성거읍-출장마사지-천안-서북구-생활권-지역정보-이용안내/index.html || 성거읍 이용 전 지역정보 | 성환읍·입장면·직산읍 인접 생활권 | 몽라운지","massage/수궁동-출장마사지-구로구-생활권-이동동선-지역정보-이용전-안내/index.html || 수궁동 이용 전 지역정보 | 고척동·구로동·신도림동 인접 생활권 | 몽라운지","massage/고성동-출장마사지-대구-북구-생활권-이동동선-지역정보-이용전-안내/index.html || 고성동 이용 전 지역정보 | 검단동·관문동·관음동 인접 생활권 | 몽라운지"
"TITLE_TEMPLATE","175","지역SEO","4","loc kw 지역안내 loc loc loc 생활권 비교 brand","massage/도마동-출장마사지-대전-서구-생활권-이동동선-지역정보-이용전-안내/index.html || 도마동 출장마사지 지역안내 | 기성동·내동·도안동 생활권 비교 | 몽라운지","massage/석교동-출장마사지-대전-중구-생활권-이동동선-지역정보-이용전-안내/index.html || 석교동 출장마사지 지역안내 | 부사동·산성동·오류동 생활권 비교 | 몽라운지","massage/사직동-출장마사지-청주-서원구-생활권-이동동선-지역정보-이용전-안내/index.html || 사직동 출장마사지 지역안내 | 모충동·분평동·사창동 생활권 비교 | 몽라운지"
"TITLE_TEMPLATE","176","지역SEO","4","loc 주변 지역 안내 loc loc loc 지역 이용정보 brand","massage/일신동-출장마사지-부평구-생활권-이동동선-지역정보-이용전-안내/index.html || 일신동 주변 지역 안내 | 삼산동·십정동·청천동 지역 이용정보 | 몽라운지","massage/운남동-출장마사지-광주-광산구-생활권-이동동선-지역정보-이용전-안내/index.html || 운남동 주변 지역 안내 | 어룡동·우산동·월곡동 지역 이용정보 | 몽라운지","massage/산성동-출장마사지-성남시-수정구-생활권-이동동선-지역정보-이용전-안내/index.html || 산성동 주변 지역 안내 | 단대동·복정동·수진동 지역 이용정보 | 몽라운지"
"TITLE_TEMPLATE","177","지역SEO","4","loc 이용 전 지역정보 loc loc 인접 생활권 brand","massage/월계동-출장마사지-노원구-생활권-이동동선-지역정보-이용전-안내/index.html || 월계동 이용 전 지역정보 | 상계동·중계동 인접 생활권 | 몽라운지","massage/도원동-출장마사지-대구-달서구-생활권-이동동선-지역정보-이용전-안내/index.html || 도원동 이용 전 지역정보 | 감삼동·두류동 인접 생활권 | 몽라운지","massage/태전동-출장마사지-대구-북구-생활권-이동동선-지역정보-이용전-안내/index.html || 태전동 이용 전 지역정보 | 칠성동·침산동 인접 생활권 | 몽라운지"
"TITLE_TEMPLATE","178","업체상세","4","loc loc x 코스 가격 운영정보 brand","shops/other/daegu/seo-gu/원대동/대구테라피/index.html || 서구 원대동 대구테라피 | 코스·가격·운영정보 | 몽라운지","shops/other/daegu/suseong-gu/수성4가동/대구테라피/index.html || 수성구 수성4가동 대구테라피 | 코스·가격·운영정보 | 몽라운지","shops/other/gwangju/buk-gu/석곡동/나비테라피/index.html || 북구 석곡동 나비테라피 | 코스·가격·운영정보 | 몽라운지"
"TITLE_TEMPLATE","179","지역SEO","4","loc kw loc loc loc 주변 위치 brand","massage/중앙동-출장마사지-오산시-생활권-이동동선-지역정보-이용전-안내/index.html || 중앙동 출장마사지 | 세마동·신장동·초평동 주변 위치 | 몽라운지","massage/대신동-출장마사지-대구-중구-생활권-이동동선-지역정보-이용전-안내/index.html || 대신동 출장마사지 | 남산동·대봉동·동인동 주변 위치 | 몽라운지","massage/우산동-출장마사지-광주-북구-생활권-이동동선-지역정보-이용전-안내/index.html || 우산동 출장마사지 | 오치동·용봉동·운암동 주변 위치 | 몽라운지"
"TITLE_TEMPLATE","180","지역SEO","4","loc 생활권 안내 loc loc 위치 loc 범위 brand","massage/양주동-출장마사지-양주시-생활권-이동동선-지역정보-이용전-안내/index.html || 양주동 생활권 안내 | 옥정동·회천동 위치·이동 범위 | 몽라운지","massage/옥산면-출장마사지-청주-흥덕구-생활권-지역정보-이용안내/index.html || 옥산면 생활권 안내 | 강내면·오송읍 위치·이동 범위 | 몽라운지","massage/개항동-출장마사지-제물포구-생활권-이동동선-지역정보-이용전-안내/index.html || 개항동 생활권 안내 | 금창동·도원동 위치·이동 범위 | 몽라운지"
"TITLE_TEMPLATE","181","지역SEO","4","loc kw loc loc 주변 생활권 brand","massage/이화동-출장마사지-종로구-생활권-이동동선-지역정보-이용전-안내/index.html || 이화동 출장마사지 | 삼청동·숭인동 주변 생활권 | 몽라운지","massage/남산동-출장마사지-대구-중구-생활권-이동동선-지역정보-이용전-안내/index.html || 남산동 출장마사지 | 대봉동·대신동 주변 생활권 | 몽라운지","massage/효덕동-출장마사지-광주-남구-생활권-이동동선-지역정보-이용전-안내/index.html || 효덕동 출장마사지 | 주월동·진월동 주변 생활권 | 몽라운지"
"TITLE_TEMPLATE","182","지역SEO","4","loc 지역 가이드 loc loc loc loc 동선 brand","massage/군내면-출장마사지-포천시-생활권-지역정보-이용안내/index.html || 군내면 지역 가이드 | 가산면·관인면·내촌면 이동 동선 | 몽라운지","massage/일원동-출장마사지-강남구-생활권-이동동선-지역정보-이용전-안내/index.html || 일원동 지역 가이드 | 압구정동·역삼동·일원본동 이동 동선 | 몽라운지","massage/단대동-출장마사지-성남시-수정구-생활권-이동동선-지역정보-이용전-안내/index.html || 단대동 지역 가이드 | 고등동·복정동·산성동 이동 동선 | 몽라운지"
"TITLE_TEMPLATE","183","지역SEO","4","loc 위치 생활권 안내 loc loc loc 지역 이용정보 brand","massage/장곡동-출장마사지-시흥시-생활권-이동동선-지역정보-이용전-안내/index.html || 장곡동 위치·생활권 안내 | 월곶동·은행동·정왕동 지역 이용정보 | 몽라운지","massage/백령면-출장마사지-인천-옹진군-생활권-지역정보-이용안내/index.html || 백령면 위치·생활권 안내 | 대청면·덕적면·북도면 지역 이용정보 | 몽라운지","massage/광덕면-출장마사지-천안-동남구-생활권-지역정보-이용안내/index.html || 광덕면 위치·생활권 안내 | 동면·목천읍·병천면 지역 이용정보 | 몽라운지"
"TITLE_TEMPLATE","184","지역SEO","4","loc 이용 전 지역정보 loc loc 주변 생활권 brand","massage/흑석동-출장마사지-동작구-생활권-이동동선-지역정보-이용전-안내/index.html || 흑석동 이용 전 지역정보 | 상도동·신대방동 주변 생활권 | 몽라운지","massage/문학동-출장마사지-미추홀구-생활권-이동동선-지역정보-이용전-안내/index.html || 문학동 이용 전 지역정보 | 도화동·숭의동 주변 생활권 | 몽라운지","massage/운서동-출장마사지-영종구-생활권-이동동선-지역정보-이용전-안내/index.html || 운서동 이용 전 지역정보 | 영종동·용유동 주변 생활권 | 몽라운지"
"TITLE_TEMPLATE","185","업체상세","4","x loc loc 이용 전 확인정보 brand","shops/other/daejeon/seo-gu/갈마동/24시미녀테라피/index.html || 24시미녀테라피 | 서구 갈마동 이용 전 확인정보 | 몽라운지","shops/other/daegu/gunwi-gun/삼국유사면/대구테라피/index.html || 대구테라피 | 군위군 삼국유사면 이용 전 확인정보 | 몽라운지","shops/other/daegu/buk-gu/대현동/대구테라피/index.html || 대구테라피 | 북구 대현동 이용 전 확인정보 | 몽라운지"
"TITLE_TEMPLATE","186","지역SEO","4","loc kw 지역안내 loc loc 주변 생활권 brand","massage/공산동-출장마사지-대구-동구-생활권-이동동선-지역정보-이용전-안내/index.html || 공산동 출장마사지 지역안내 | 도평동·동촌동 주변 생활권 | 몽라운지","massage/봉덕동-출장마사지-대구-남구-생활권-이동동선-지역정보-이용전-안내/index.html || 봉덕동 출장마사지 지역안내 | 대명동·이천동 주변 생활권 | 몽라운지","massage/노송동-출장마사지-전주-완산구-생활권-이동동선-지역정보-이용전-안내/index.html || 노송동 출장마사지 지역안내 | 동서학동·삼천동 주변 생활권 | 몽라운지"
"TITLE_TEMPLATE","187","지역SEO","4","loc 위치 생활권 안내 loc loc 주변 생활권 brand","massage/화양동-출장마사지-광진구-생활권-이동동선-지역정보-이용전-안내/index.html || 화양동 위치·생활권 안내 | 자양동·중곡동 주변 생활권 | 몽라운지","massage/잠원동-출장마사지-서초구-생활권-이동동선-지역정보-이용전-안내/index.html || 잠원동 위치·생활권 안내 | 서초동·양재동 주변 생활권 | 몽라운지","massage/신월동-출장마사지-양천구-생활권-이동동선-지역정보-이용전-안내/index.html || 신월동 위치·생활권 안내 | 목동·신정동 주변 생활권 | 몽라운지"
"TITLE_TEMPLATE","188","지역SEO","4","loc 지역정보 loc loc loc 생활권 비교 brand","massage/설성면-출장마사지-이천시-생활권-지역정보-이용안내/index.html || 설성면 지역정보 | 대월면·마장면·모가면 생활권 비교 | 몽라운지","massage/가좌동-출장마사지-서해구-생활권-이동동선-지역정보-이용전-안내/index.html || 가좌동 지역정보 | 가정동·검암경서동·석남동 생활권 비교 | 몽라운지","massage/서신동-출장마사지-전주-완산구-생활권-이동동선-지역정보-이용전-안내/index.html || 서신동 지역정보 | 삼천동·서서학동·완산동 생활권 비교 | 몽라운지"
"TITLE_TEMPLATE","189","지역SEO","3","loc 위치 생활권 안내 loc loc 주변 위치 brand","massage/중계본동-출장마사지-노원구-생활권-이동동선-지역정보-이용전-안내/index.html || 중계본동 위치·생활권 안내 | 중계동·하계동 주변 위치 | 몽라운지","massage/주안동-출장마사지-미추홀구-생활권-이동동선-지역정보-이용전-안내/index.html || 주안동 위치·생활권 안내 | 용현동·학익동 주변 위치 | 몽라운지","massage/송죽동-출장마사지-수원시-장안구-생활권-이동동선-지역정보-이용전-안내/index.html || 송죽동 위치·생활권 안내 | 연무동·영화동 주변 위치 | 몽라운지"
"TITLE_TEMPLATE","190","지역SEO","3","loc kw 이용정보 loc loc 가까운 지역 brand","massage/오학동-출장마사지-여주시-생활권-이동동선-지역정보-이용전-안내/index.html || 오학동 출장마사지 이용정보 | 여흥동·중앙동 가까운 지역 | 몽라운지","massage/학운동-출장마사지-광주-동구-생활권-이동동선-지역정보-이용전-안내/index.html || 학운동 출장마사지 이용정보 | 충장동·학동 가까운 지역 | 몽라운지","massage/화산동-출장마사지-화성시-병점구-생활권-이동동선-지역정보-이용전-안내/index.html || 화산동 출장마사지 이용정보 | 병점동·진안동 가까운 지역 | 몽라운지"
"TITLE_TEMPLATE","191","지역SEO","3","loc 주변 지역 안내 loc loc loc 생활권 정보 brand","massage/공항동-출장마사지-강서구-생활권-이동동선-지역정보-이용전-안내/index.html || 공항동 주변 지역 안내 | 가양동·등촌동·발산동 생활권 정보 | 몽라운지","massage/대봉동-출장마사지-대구-중구-생활권-이동동선-지역정보-이용전-안내/index.html || 대봉동 주변 지역 안내 | 남산동·대신동·동인동 생활권 정보 | 몽라운지","massage/원미동-출장마사지-부천시-원미구-생활권-이동동선-지역정보-이용전-안내/index.html || 원미동 주변 지역 안내 | 약대동·역곡동·중동 생활권 정보 | 몽라운지"
"TITLE_TEMPLATE","192","지역SEO","3","loc 주변 지역 안내 loc loc loc 동선 brand","massage/합정동-출장마사지-마포구-생활권-이동동선-지역정보-이용전-안내/index.html || 합정동 주변 지역 안내 | 염리동·용강동 이동 동선 | 몽라운지","massage/경화동-출장마사지-창원-진해구-생활권-이동동선-지역정보-이용전-안내/index.html || 경화동 주변 지역 안내 | 덕산동·병암동 이동 동선 | 몽라운지","massage/고강동-출장마사지-부천시-오정구-생활권-이동동선-지역정보-이용전-안내/index.html || 고강동 주변 지역 안내 | 고강본동·성곡동 이동 동선 | 몽라운지"
"TITLE_TEMPLATE","193","지역SEO","3","loc 지역 이용 가이드 loc loc loc 위치 loc 범위 brand","massage/직산읍-출장마사지-천안-서북구-생활권-지역정보-이용안내/index.html || 직산읍 지역 이용 가이드 | 성거읍·성환읍·입장면 위치·이동 범위 | 몽라운지","massage/효자동-출장마사지-고양시-덕양구-생활권-이동동선-지역정보-이용전-안내/index.html || 효자동 지역 이용 가이드 | 화전동·화정동·흥도동 위치·이동 범위 | 몽라운지","massage/삼죽면-출장마사지-안성시-생활권-지역정보-이용안내/index.html || 삼죽면 지역 이용 가이드 | 고삼면·공도읍·금광면 위치·이동 범위 | 몽라운지"
"TITLE_TEMPLATE","194","지역SEO","3","loc 지역 가이드 loc loc 위치 loc 범위 brand","massage/교하동-출장마사지-파주시-생활권-이동동선-지역정보-이용전-안내/index.html || 교하동 지역 가이드 | 금촌동·운정동 위치·이동 범위 | 몽라운지","massage/황금동-출장마사지-대구-수성구-생활권-이동동선-지역정보-이용전-안내/index.html || 황금동 지역 가이드 | 지산동·파동 위치·이동 범위 | 몽라운지","massage/금암동-출장마사지-전주-덕진구-생활권-이동동선-지역정보-이용전-안내/index.html || 금암동 지역 가이드 | 덕진동·송천동 위치·이동 범위 | 몽라운지"
"TITLE_TEMPLATE","195","지역SEO","3","loc 지역 가이드 loc loc loc 주변 위치 brand","massage/증포동-출장마사지-이천시-생활권-이동동선-지역정보-이용전-안내/index.html || 증포동 지역 가이드 | 관고동·중리동·창전동 주변 위치 | 몽라운지","massage/신대방동-출장마사지-동작구-생활권-이동동선-지역정보-이용전-안내/index.html || 신대방동 지역 가이드 | 사당동·상도동·흑석동 주변 위치 | 몽라운지","massage/금곡동-출장마사지-성남시-분당구-생활권-이동동선-지역정보-이용전-안내/index.html || 금곡동 지역 가이드 | 구미동·백현동·분당동 주변 위치 | 몽라운지"
"TITLE_TEMPLATE","196","지역SEO","3","loc kw loc loc loc loc 동선 brand","massage/풍세면-출장마사지-천안-동남구-생활권-지역정보-이용안내/index.html || 풍세면 출장마사지 | 광덕면·동면·목천읍 이동 동선 | 몽라운지","massage/녹번동-출장마사지-은평구-생활권-이동동선-지역정보-이용전-안내/index.html || 녹번동 출장마사지 | 갈현동·구산동·대조동 이동 동선 | 몽라운지","massage/완월동-출장마사지-창원-마산합포구-생활권-이동동선-지역정보-이용전-안내/index.html || 완월동 출장마사지 | 산호동·오동동·월영동 이동 동선 | 몽라운지"
"TITLE_TEMPLATE","197","지역SEO","3","loc 이용 전 지역정보 loc loc 위치 loc 범위 brand","massage/가산동-출장마사지-금천구-생활권-이동동선-지역정보-이용전-안내/index.html || 가산동 이용 전 지역정보 | 독산동·시흥동 위치·이동 범위 | 몽라운지","massage/답십리동-출장마사지-동대문구-생활권-이동동선-지역정보-이용전-안내/index.html || 답십리동 이용 전 지역정보 | 신설동·용두동 위치·이동 범위 | 몽라운지","massage/호수동-출장마사지-안산시-단원구-생활권-이동동선-지역정보-이용전-안내/index.html || 호수동 이용 전 지역정보 | 중앙동·초지동 위치·이동 범위 | 몽라운지"
"TITLE_TEMPLATE","198","지역SEO","3","loc kw 이용정보 loc loc 주변 위치 brand","massage/감북동-출장마사지-하남시-생활권-이동동선-지역정보-이용전-안내/index.html || 감북동 출장마사지 이용정보 | 감일동·덕풍동 주변 위치 | 몽라운지","massage/명곡동-출장마사지-창원-의창구-생활권-이동동선-지역정보-이용전-안내/index.html || 명곡동 출장마사지 이용정보 | 봉림동·의창동 주변 위치 | 몽라운지","massage/개정동-출장마사지-군산-생활권-이동동선-지역정보-이용전-안내/index.html || 개정동 출장마사지 이용정보 | 경암동·구암동 주변 위치 | 몽라운지"
"TITLE_TEMPLATE","199","지역SEO","3","x kw loc loc loc 생활권 정보 brand","massage/영인면-출장마사지-아산-생활권-지역정보-이용안내/index.html || 영인면 출장마사지 | 도고면·둔포면·배방읍 생활권 정보 | 몽라운지","massage/신동-출장마사지-익산-생활권-이동동선-지역정보-이용전-안내/index.html || 신동 출장마사지 | 삼성동·송학동·어양동 생활권 정보 | 몽라운지","massage/중면-출장마사지-연천군-생활권-지역정보-이용안내/index.html || 중면 출장마사지 | 군남면·미산면·백학면 생활권 정보 | 몽라운지"
"TITLE_TEMPLATE","200","지역SEO","3","loc 생활권 정보 loc loc loc 가까운 지역 brand","massage/연안동-출장마사지-제물포구-생활권-이동동선-지역정보-이용전-안내/index.html || 연안동 생활권 정보 | 신포동·신흥동·율목동 가까운 지역 | 몽라운지","massage/복대동-출장마사지-청주-흥덕구-생활권-이동동선-지역정보-이용전-안내/index.html || 복대동 생활권 정보 | 가경동·강서동·봉명동 가까운 지역 | 몽라운지","massage/반월중앙동-출장마사지-창원-마산합포구-생활권-이동동선-지역정보-이용전-안내/index.html || 반월중앙동 생활권 정보 | 교방동·문화동·산호동 가까운 지역 | 몽라운지"
"TITLE_TEMPLATE","201","업체상세","3","x 천안 x 코스와 영업시간 안내 brand","shops/other/cheonan/dongnam-gu/광덕면/love테라피/index.html || love테라피 | 천안 광덕면 코스와 영업시간 안내 | 몽라운지","shops/other/cheonan/dongnam-gu/부성동/한국미인테라피/index.html || 한국미인테라피 | 천안 부성동 코스와 영업시간 안내 | 몽라운지","shops/other/cheonan/dongnam-gu/중앙동/한국미인테라피/index.html || 한국미인테라피 | 천안 중앙동 코스와 영업시간 안내 | 몽라운지"
"TITLE_TEMPLATE","202","업체상세","3","x 천안 x kw 코스 가격 안내 brand","shops/other/cheonan/dongnam-gu/동면/love테라피/index.html || love테라피 천안 동면 출장마사지 | 코스·가격 안내 | 몽라운지","shops/other/cheonan/dongnam-gu/백석동/한국미인테라피/index.html || 한국미인테라피 천안 백석동 출장마사지 | 코스·가격 안내 | 몽라운지","shops/other/cheonan/dongnam-gu/성거읍/love테라피/index.html || love테라피 천안 성거읍 출장마사지 | 코스·가격 안내 | 몽라운지"
"TITLE_TEMPLATE","203","업체상세","3","익산 x x 상세 안내 운영시간 문의 brand","shops/other/iksan/송학동/상큼테라피/index.html || 익산 송학동 상큼테라피 상세 안내 | 운영시간·문의 | 몽라운지","shops/other/iksan/영등동/상큼테라피/index.html || 익산 영등동 상큼테라피 상세 안내 | 운영시간·문의 | 몽라운지","shops/other/iksan/웅포면/상큼테라피/index.html || 익산 웅포면 상큼테라피 상세 안내 | 운영시간·문의 | 몽라운지"
"TITLE_TEMPLATE","204","지역SEO","3","x 지역 가이드 loc loc loc 생활권 정보 brand","massage/법동-출장마사지-대전-대덕구-생활권-이동동선-지역정보-이용전-안내/index.html || 법동 지역 가이드 | 덕암동·목상동·비래동 생활권 정보 | 몽라운지","massage/학동-출장마사지-광주-동구-생활권-이동동선-지역정보-이용전-안내/index.html || 학동 지역 가이드 | 지원동·충장동·학운동 생활권 정보 | 몽라운지","massage/이동-출장마사지-안산시-상록구-생활권-이동동선-지역정보-이용전-안내/index.html || 이동 지역 가이드 | 안산동·월피동·일동 생활권 정보 | 몽라운지"
"TITLE_TEMPLATE","205","지역SEO","3","loc 생활권 안내 loc loc 가까운 지역 brand","massage/도화동-출장마사지-미추홀구-생활권-이동동선-지역정보-이용전-안내/index.html || 도화동 생활권 안내 | 관교동·문학동 가까운 지역 | 몽라운지","massage/금학동-출장마사지-공주-생활권-이동동선-지역정보-이용전-안내/index.html || 금학동 생활권 안내 | 신관동·옥룡동 가까운 지역 | 몽라운지","massage/건국동-출장마사지-광주-북구-생활권-이동동선-지역정보-이용전-안내/index.html || 건국동 생활권 안내 | 동림동·두암동 가까운 지역 | 몽라운지"
"TITLE_TEMPLATE","206","지역SEO","3","loc kw loc loc 지역 이용정보 brand","massage/검단동-출장마사지-검단구-생활권-이동동선-지역정보-이용전-안내/index.html || 검단동 출장마사지 | 당하동·마전동 지역 이용정보 | 몽라운지","massage/대명동-출장마사지-대구-남구-생활권-이동동선-지역정보-이용전-안내/index.html || 대명동 출장마사지 | 봉덕동·이천동 지역 이용정보 | 몽라운지","massage/춘의동-출장마사지-부천시-원미구-생활권-이동동선-지역정보-이용전-안내/index.html || 춘의동 출장마사지 | 원미동·중동 지역 이용정보 | 몽라운지"
"TITLE_TEMPLATE","207","지역SEO","3","x x 지역정보 loc loc loc 생활권 정보 brand","massage/other/jeonju/wansan-gu/전주-완산구-출장마사지-동별-생활권-지역안내/index.html || 전주 완산구 지역정보 | 노송동·동서학동·삼천동 생활권 정보 | 몽라운지","massage/신풍면-출장마사지-공주-생활권-지역정보-이용안내/index.html || 공주 신풍면 지역정보 | 계룡면·반포면·사곡면 생활권 정보 | 몽라운지","massage/화도읍-출장마사지-남양주시-생활권-지역정보-이용안내/index.html || 남양주시 화도읍 지역정보 | 별내면·수동면·오남읍 생활권 정보 | 몽라운지"
"TITLE_TEMPLATE","208","지역SEO","3","x x kw loc loc loc 인접 생활권 brand","massage/other/daejeon/yuseong-gu/대전-유성구-출장마사지-동별-생활권-지역안내/index.html || 대전 유성구 출장마사지 | 관평동·구즉동·노은동 인접 생활권 | 몽라운지","massage/우성면-출장마사지-공주-생활권-지역정보-이용안내/index.html || 공주 우성면 출장마사지 | 계룡면·반포면·사곡면 인접 생활권 | 몽라운지","massage/옥산면-출장마사지-군산-생활권-지역정보-이용안내/index.html || 군산 옥산면 출장마사지 | 개정면·나포면·대야면 인접 생활권 | 몽라운지"
"TITLE_TEMPLATE","209","지역SEO","3","x loc 지역 이용 가이드 loc loc loc 위치 loc 범위 brand","massage/gyeonggi/yongin/cheoin-gu/용인시-처인구-출장마사지-동별-생활권-지역안내/index.html || 용인시 처인구 지역 이용 가이드 | 동부동·삼가동·역북동 위치·이동 범위 | 몽라운지","massage/부발읍-출장마사지-이천시-생활권-지역정보-이용안내/index.html || 이천시 부발읍 지역 이용 가이드 | 대월면·마장면·모가면 위치·이동 범위 | 몽라운지","massage/대곶면-출장마사지-김포시-생활권-지역정보-이용안내/index.html || 김포시 대곶면 지역 이용 가이드 | 고촌읍·양촌읍·월곶면 위치·이동 범위 | 몽라운지"
"TITLE_TEMPLATE","210","업체상세","3","아산 x x 코스별 시간 가격 안내 brand","shops/other/asan/송악면/한국미인테라피/index.html || 아산 송악면 한국미인테라피 | 코스별 시간·가격 안내 | 몽라운지","shops/other/asan/송악면/love테라피/index.html || 아산 송악면 love테라피 | 코스별 시간·가격 안내 | 몽라운지","shops/other/asan/신창면/한국미인테라피/index.html || 아산 신창면 한국미인테라피 | 코스별 시간·가격 안내 | 몽라운지"
"TITLE_TEMPLATE","211","업체상세","3","x 천안 x 안내 전화 문자 가격 정보 brand","shops/other/cheonan/dongnam-gu/봉명동/love테라피/index.html || love테라피 천안 봉명동 안내 | 전화·문자·가격 정보 | 몽라운지","shops/other/cheonan/dongnam-gu/수신면/love테라피/index.html || love테라피 천안 수신면 안내 | 전화·문자·가격 정보 | 몽라운지","shops/other/cheonan/dongnam-gu/청룡동/love테라피/index.html || love테라피 천안 청룡동 안내 | 전화·문자·가격 정보 | 몽라운지"
"TITLE_TEMPLATE","212","지역SEO","3","x kw 이용정보 loc loc loc 주변 생활권 brand","massage/무태조야동-출장마사지-대구-북구-생활권-이동동선-지역정보-이용전-안내/index.html || 무태조야동 출장마사지 이용정보 | 대현동·동천동·복현동 주변 생활권 | 몽라운지","massage/중동-출장마사지-부천시-원미구-생활권-이동동선-지역정보-이용전-안내/index.html || 중동 출장마사지 이용정보 | 역곡동·원미동·춘의동 주변 생활권 | 몽라운지","massage/세종대왕면-출장마사지-여주시-생활권-지역정보-이용안내/index.html || 세종대왕면 출장마사지 이용정보 | 가남읍·강천면·금사면 주변 생활권 | 몽라운지"
"TITLE_TEMPLATE","213","지역SEO","3","loc 위치 생활권 안내 loc loc loc 주변 생활권 brand","massage/방촌동-출장마사지-대구-동구-생활권-이동동선-지역정보-이용전-안내/index.html || 방촌동 위치·생활권 안내 | 도평동·동촌동·신암동 주변 생활권 | 몽라운지","massage/평화동-출장마사지-전주-완산구-생활권-이동동선-지역정보-이용전-안내/index.html || 평화동 위치·생활권 안내 | 중앙동·중화산동·풍남동 주변 생활권 | 몽라운지","massage/해신동-출장마사지-군산-생활권-이동동선-지역정보-이용전-안내/index.html || 해신동 위치·생활권 안내 | 조촌동·중앙동·흥남동 주변 생활권 | 몽라운지"
"TITLE_TEMPLATE","214","업체상세","3","x 천안 x 이용정보 가격 전화 문자 문의 brand","shops/other/cheonan/dongnam-gu/북면/한국미인테라피/index.html || 한국미인테라피 천안 북면 이용정보 | 가격·전화·문자 문의 | 몽라운지","shops/other/cheonan/dongnam-gu/성남면/한국미인테라피/index.html || 한국미인테라피 천안 성남면 이용정보 | 가격·전화·문자 문의 | 몽라운지","shops/other/cheonan/dongnam-gu/입장면/한국미인테라피/index.html || 한국미인테라피 천안 입장면 이용정보 | 가격·전화·문자 문의 | 몽라운지"
"TITLE_TEMPLATE","215","업체상세","3","x 이용정보 천안 x 코스 가격 문의 brand","shops/other/cheonan/dongnam-gu/불당동/love테라피/index.html || love테라피 이용정보 | 천안 불당동 코스·가격·문의 | 몽라운지","shops/other/cheonan/dongnam-gu/신안동/한국미인테라피/index.html || 한국미인테라피 이용정보 | 천안 신안동 코스·가격·문의 | 몽라운지","shops/other/cheonan/dongnam-gu/풍세면/한국미인테라피/index.html || 한국미인테라피 이용정보 | 천안 풍세면 코스·가격·문의 | 몽라운지"
"TITLE_TEMPLATE","216","업체상세","3","x 코스 안내 loc loc 가격 영업시간 brand","shops/other/daejeon/seo-gu/탄방동/24시미녀테라피/index.html || 24시미녀테라피 코스 안내 | 서구 탄방동 가격·영업시간 | 몽라운지","shops/other/daegu/buk-gu/침산동/대구테라피/index.html || 대구테라피 코스 안내 | 북구 침산동 가격·영업시간 | 몽라운지","shops/other/gwangju/nam-gu/송암동/나비테라피/index.html || 나비테라피 코스 안내 | 남구 송암동 가격·영업시간 | 몽라운지"
"TITLE_TEMPLATE","217","업체상세","3","천안 x x 가격 코스 연락 안내 brand","shops/other/cheonan/dongnam-gu/병천면/한국미인테라피/index.html || 천안 병천면 한국미인테라피 | 가격·코스·연락 안내 | 몽라운지","shops/other/cheonan/dongnam-gu/북면/love테라피/index.html || 천안 북면 love테라피 | 가격·코스·연락 안내 | 몽라운지","shops/other/cheonan/dongnam-gu/신방동/love테라피/index.html || 천안 신방동 love테라피 | 가격·코스·연락 안내 | 몽라운지"
"TITLE_TEMPLATE","218","업체상세","3","천안 x 에서 확인하는 x 코스 가격 안내 brand","shops/other/cheonan/dongnam-gu/목천읍/love테라피/index.html || 천안 목천읍에서 확인하는 love테라피 | 코스·가격 안내 | 몽라운지","shops/other/cheonan/dongnam-gu/성거읍/한국미인테라피/index.html || 천안 성거읍에서 확인하는 한국미인테라피 | 코스·가격 안내 | 몽라운지","shops/other/cheonan/dongnam-gu/쌍용동/한국미인테라피/index.html || 천안 쌍용동에서 확인하는 한국미인테라피 | 코스·가격 안내 | 몽라운지"
"TITLE_TEMPLATE","219","지역SEO","3","loc 생활권 정보 loc loc 주변 생활권 brand","massage/청룡동-출장마사지-천안-동남구-생활권-이동동선-지역정보-이용전-안내/index.html || 청룡동 생활권 정보 | 일봉동·중앙동 주변 생활권 | 몽라운지","massage/이천동-출장마사지-대구-남구-생활권-이동동선-지역정보-이용전-안내/index.html || 이천동 생활권 정보 | 대명동·봉덕동 주변 생활권 | 몽라운지","massage/원천동-출장마사지-수원시-영통구-생활권-이동동선-지역정보-이용전-안내/index.html || 원천동 생활권 정보 | 매탄동·영통동 주변 생활권 | 몽라운지"
"TITLE_TEMPLATE","220","업체상세","3","천안 x kw x 영업시간 문의 brand","shops/other/cheonan/dongnam-gu/병천면/love테라피/index.html || 천안 병천면 출장마사지 love테라피 | 영업시간·문의 | 몽라운지","shops/other/cheonan/dongnam-gu/봉명동/한국미인테라피/index.html || 천안 봉명동 출장마사지 한국미인테라피 | 영업시간·문의 | 몽라운지","shops/other/cheonan/dongnam-gu/일봉동/love테라피/index.html || 천안 일봉동 출장마사지 love테라피 | 영업시간·문의 | 몽라운지"
"TITLE_TEMPLATE","221","업체상세","3","익산 x x 가격 운영시간 문의 정보 brand","shops/other/iksan/금마면/상큼테라피/index.html || 익산 금마면 상큼테라피 | 가격·운영시간·문의 정보 | 몽라운지","shops/other/iksan/어양동/상큼테라피/index.html || 익산 어양동 상큼테라피 | 가격·운영시간·문의 정보 | 몽라운지","shops/other/iksan/용안면/상큼테라피/index.html || 익산 용안면 상큼테라피 | 가격·운영시간·문의 정보 | 몽라운지"
"TITLE_TEMPLATE","222","지역SEO","3","loc 지역 이용 정보 생활권 안내 loc loc loc 위치 loc 범위 brand","massage/문산읍-출장마사지-파주시-생활권-지역정보-이용안내/index.html || 문산읍 지역 이용 정보 생활권 안내 | 광탄면·법원읍·월롱면 위치·이동 범위 | 몽라운지","massage/초월읍-출장마사지-광주시-생활권-지역정보-이용안내/index.html || 초월읍 지역 이용 정보 생활권 안내 | 곤지암읍·남종면·남한산성면 위치·이동 범위 | 몽라운지","massage/미양면-출장마사지-안성시-생활권-지역정보-이용안내/index.html || 미양면 지역 이용 정보 생활권 안내 | 고삼면·공도읍·금광면 위치·이동 범위 | 몽라운지"
"TITLE_TEMPLATE","223","업체상세","3","loc loc kw x 영업시간 문의 brand","shops/seoul/seongdong-gu/성수2가제1동/프리미엄테라피/index.html || 성동구 성수2가제1동 출장마사지 프리미엄테라피 | 영업시간·문의 | 몽라운지","shops/other/daejeon/seo-gu/괴정동/24시미녀테라피/index.html || 서구 괴정동 출장마사지 24시미녀테라피 | 영업시간·문의 | 몽라운지","shops/other/gwangju/buk-gu/삼각동/나비테라피/index.html || 북구 삼각동 출장마사지 나비테라피 | 영업시간·문의 | 몽라운지"
"TITLE_TEMPLATE","224","지역SEO","3","loc kw loc loc 생활권 정보 brand","massage/호평동-출장마사지-남양주시-생활권-이동동선-지역정보-이용전-안내/index.html || 호평동 출장마사지 | 양정동·평내동 생활권 정보 | 몽라운지","massage/여흥동-출장마사지-여주시-생활권-이동동선-지역정보-이용전-안내/index.html || 여흥동 출장마사지 | 오학동·중앙동 생활권 정보 | 몽라운지","massage/고덕동-출장마사지-평택시-생활권-이동동선-지역정보-이용전-안내/index.html || 고덕동 출장마사지 | 동삭동·비전동 생활권 정보 | 몽라운지"
"TITLE_TEMPLATE","225","지역SEO","3","loc 위치 안내 loc loc 인접 생활권 brand","massage/갈현동-출장마사지-은평구-생활권-이동동선-지역정보-이용전-안내/index.html || 갈현동 위치 안내 | 구산동·녹번동 인접 생활권 | 몽라운지","massage/가경동-출장마사지-청주-흥덕구-생활권-이동동선-지역정보-이용전-안내/index.html || 가경동 위치 안내 | 강서동·복대동 인접 생활권 | 몽라운지","massage/평리동-출장마사지-대구-서구-생활권-이동동선-지역정보-이용전-안내/index.html || 평리동 위치 안내 | 상중이동·원대동 인접 생활권 | 몽라운지"
"TITLE_TEMPLATE","226","지역SEO","3","loc 지역정보 loc loc 인접 생활권 brand","massage/진관동-출장마사지-은평구-생활권-이동동선-지역정보-이용전-안내/index.html || 진관동 지역정보 | 응암동·증산동 인접 생활권 | 몽라운지","massage/도당동-출장마사지-부천시-원미구-생활권-이동동선-지역정보-이용전-안내/index.html || 도당동 지역정보 | 상동·소사동 인접 생활권 | 몽라운지","massage/영덕동-출장마사지-용인시-기흥구-생활권-이동동선-지역정보-이용전-안내/index.html || 영덕동 지역정보 | 서농동·신갈동 인접 생활권 | 몽라운지"
"TITLE_TEMPLATE","227","지역SEO","3","loc kw 지역안내 loc loc 생활권 비교 brand","massage/재궁동-출장마사지-군포시-생활권-이동동선-지역정보-이용전-안내/index.html || 재궁동 출장마사지 지역안내 | 수리동·오금동 생활권 비교 | 몽라운지","massage/공덕동-출장마사지-마포구-생활권-이동동선-지역정보-이용전-안내/index.html || 공덕동 출장마사지 지역안내 | 대흥동·도화동 생활권 비교 | 몽라운지","massage/성안동-출장마사지-청주-상당구-생활권-이동동선-지역정보-이용전-안내/index.html || 성안동 출장마사지 지역안내 | 금천동·영운동 생활권 비교 | 몽라운지"
"TITLE_TEMPLATE","228","지역SEO","3","loc 위치 안내 loc loc loc 주변 생활권 brand","massage/잠실본동-출장마사지-송파구-생활권-이동동선-지역정보-이용전-안내/index.html || 잠실본동 위치 안내 | 위례동·잠실동·장지동 주변 생활권 | 몽라운지","massage/동천동-출장마사지-광주-서구-생활권-이동동선-지역정보-이용전-안내/index.html || 동천동 위치 안내 | 금호동·농성동·상무동 주변 생활권 | 몽라운지","massage/대덕동-출장마사지-고양시-덕양구-생활권-이동동선-지역정보-이용전-안내/index.html || 대덕동 위치 안내 | 관산동·능곡동·삼송동 주변 생활권 | 몽라운지"
"TITLE_TEMPLATE","229","지역SEO","3","loc 지역 이용 가이드 loc loc 위치 loc 범위 brand","massage/가락동-출장마사지-송파구-생활권-이동동선-지역정보-이용전-안내/index.html || 가락동 지역 이용 가이드 | 가락본동·거여동 위치·이동 범위 | 몽라운지","massage/백석동-출장마사지-천안-서북구-생활권-이동동선-지역정보-이용전-안내/index.html || 백석동 지역 이용 가이드 | 부성동·불당동 위치·이동 범위 | 몽라운지","massage/구미동-출장마사지-성남시-분당구-생활권-이동동선-지역정보-이용전-안내/index.html || 구미동 지역 이용 가이드 | 금곡동·백현동 위치·이동 범위 | 몽라운지"
"TITLE_TEMPLATE","230","지역SEO","3","x 지역 이용 가이드 loc loc loc 가까운 지역 brand","massage/탄천면-출장마사지-공주-생활권-지역정보-이용안내/index.html || 탄천면 지역 이용 가이드 | 계룡면·반포면·사곡면 가까운 지역 | 몽라운지","massage/목동-출장마사지-대전-중구-생활권-이동동선-지역정보-이용전-안내/index.html || 목동 지역 이용 가이드 | 대사동·대흥동·문창동 가까운 지역 | 몽라운지","massage/수성4가동-출장마사지-대구-수성구-생활권-이동동선-지역정보-이용전-안내/index.html || 수성4가동 지역 이용 가이드 | 수성1가동·중동·지산동 가까운 지역 | 몽라운지"
"TITLE_TEMPLATE","231","지역SEO","3","loc 주변 지역 안내 loc loc loc 인접 지역정보 brand","massage/대림동-출장마사지-영등포구-생활권-이동동선-지역정보-이용전-안내/index.html || 대림동 주변 지역 안내 | 당산동·도림동·문래동 인접 지역정보 | 몽라운지","massage/사직동-출장마사지-광주-남구-생활권-이동동선-지역정보-이용전-안내/index.html || 사직동 주변 지역 안내 | 백운동·봉선동·송암동 인접 지역정보 | 몽라운지","massage/심곡동-출장마사지-부천시-원미구-생활권-이동동선-지역정보-이용전-안내/index.html || 심곡동 주변 지역 안내 | 상동·소사동·약대동 인접 지역정보 | 몽라운지"
"TITLE_TEMPLATE","232","지역SEO","3","x 주변 지역 안내 loc loc loc 주변 생활권 brand","massage/이인면-출장마사지-공주-생활권-지역정보-이용안내/index.html || 이인면 주변 지역 안내 | 계룡면·반포면·사곡면 주변 생활권 | 몽라운지","massage/묵동-출장마사지-중랑구-생활권-이동동선-지역정보-이용전-안내/index.html || 묵동 주변 지역 안내 | 면목본동·상봉동·신내동 주변 생활권 | 몽라운지","massage/남한산성면-출장마사지-광주시-생활권-지역정보-이용안내/index.html || 남한산성면 주변 지역 안내 | 곤지암읍·남종면·도척면 주변 생활권 | 몽라운지"
"TITLE_TEMPLATE","233","업체상세","3","x 상세정보 loc loc 코스와 이용시간 brand","shops/gyeonggi/yeoju/세종대왕면/love테라피/index.html || love테라피 상세정보 | 여주시 세종대왕면 코스와 이용시간 | 몽라운지","shops/other/daejeon/seo-gu/가장동/24시미녀테라피/index.html || 24시미녀테라피 상세정보 | 서구 가장동 코스와 이용시간 | 몽라운지","shops/other/daegu/buk-gu/구암동/대구테라피/index.html || 대구테라피 상세정보 | 북구 구암동 코스와 이용시간 | 몽라운지"
"TITLE_TEMPLATE","234","지역SEO","3","loc 주변 지역 안내 loc loc 생활권 비교 brand","massage/풍무동-출장마사지-김포시-생활권-이동동선-지역정보-이용전-안내/index.html || 풍무동 주변 지역 안내 | 장기동·장기본동 생활권 비교 | 몽라운지","massage/고천동-출장마사지-의왕시-생활권-이동동선-지역정보-이용전-안내/index.html || 고천동 주변 지역 안내 | 내손동·부곡동 생활권 비교 | 몽라운지","massage/내곡동-출장마사지-서초구-생활권-이동동선-지역정보-이용전-안내/index.html || 내곡동 주변 지역 안내 | 반포동·반포본동 생활권 비교 | 몽라운지"
"TITLE_TEMPLATE","235","지역SEO","3","loc 지역 이용 가이드 loc loc 가까운 지역 brand","massage/중앙동-출장마사지-과천시-생활권-이동동선-지역정보-이용전-안내/index.html || 중앙동 지역 이용 가이드 | 부림동·원문동 가까운 지역 | 몽라운지","massage/남영동-출장마사지-용산구-생활권-이동동선-지역정보-이용전-안내/index.html || 남영동 지역 이용 가이드 | 보광동·서빙고동 가까운 지역 | 몽라운지","massage/화서동-출장마사지-수원시-팔달구-생활권-이동동선-지역정보-이용전-안내/index.html || 화서동 지역 이용 가이드 | 지동·행궁동 가까운 지역 | 몽라운지"
"TITLE_TEMPLATE","236","지역SEO","3","loc 생활권 안내 loc loc 지역 이용정보 brand","massage/혜화동-출장마사지-종로구-생활권-이동동선-지역정보-이용전-안내/index.html || 혜화동 생활권 안내 | 청운효자동·평창동 지역 이용정보 | 몽라운지","massage/용유동-출장마사지-영종구-생활권-이동동선-지역정보-이용전-안내/index.html || 용유동 생활권 안내 | 영종동·운서동 지역 이용정보 | 몽라운지","massage/고잔동-출장마사지-안산시-단원구-생활권-이동동선-지역정보-이용전-안내/index.html || 고잔동 생활권 안내 | 대부동·백운동 지역 이용정보 | 몽라운지"
"TITLE_TEMPLATE","237","지역SEO","3","x loc 지역 가이드 loc loc loc loc 동선 brand","massage/진위면-출장마사지-평택시-생활권-지역정보-이용안내/index.html || 평택시 진위면 지역 가이드 | 고덕면·서탄면·안중읍 이동 동선 | 몽라운지","massage/고삼면-출장마사지-안성시-생활권-지역정보-이용안내/index.html || 안성시 고삼면 지역 가이드 | 공도읍·금광면·대덕면 이동 동선 | 몽라운지","massage/북내면-출장마사지-여주시-생활권-지역정보-이용안내/index.html || 여주시 북내면 지역 가이드 | 가남읍·강천면·금사면 이동 동선 | 몽라운지"
"TITLE_TEMPLATE","238","지역SEO","3","loc 이용 전 지역정보 loc loc 생활권 비교 brand","massage/학온동-출장마사지-광명시-생활권-이동동선-지역정보-이용전-안내/index.html || 학온동 이용 전 지역정보 | 철산동·하안동 생활권 비교 | 몽라운지","massage/탑대성동-출장마사지-청주-상당구-생활권-이동동선-지역정보-이용전-안내/index.html || 탑대성동 이용 전 지역정보 | 용암동·중앙동 생활권 비교 | 몽라운지","massage/고운동-출장마사지-세종-생활권-이동동선-지역정보-이용전-안내/index.html || 고운동 이용 전 지역정보 | 나성동·다정동 생활권 비교 | 몽라운지"
"TITLE_TEMPLATE","239","지역SEO","3","loc kw 지역안내 loc loc loc 주변 위치 brand","massage/문원동-출장마사지-과천시-생활권-이동동선-지역정보-이용전-안내/index.html || 문원동 출장마사지 지역안내 | 갈현동·과천동·별양동 주변 위치 | 몽라운지","massage/삼청동-출장마사지-종로구-생활권-이동동선-지역정보-이용전-안내/index.html || 삼청동 출장마사지 지역안내 | 부암동·사직동·숭인동 주변 위치 | 몽라운지","massage/구암동-출장마사지-대구-북구-생활권-이동동선-지역정보-이용전-안내/index.html || 구암동 출장마사지 지역안내 | 관문동·관음동·국우동 주변 위치 | 몽라운지"
"TITLE_TEMPLATE","240","지역SEO","2","x loc 지역정보 loc loc loc loc 동선 brand","massage/불로.봉무동-출장마사지-대구-동구-생활권-이동동선-지역정보-이용전-안내/index.html || 불로.봉무동 지역정보 | 동촌동·방촌동·신암동 이동 동선 | 몽라운지","massage/청운면-출장마사지-양평군-생활권-지역정보-이용안내/index.html || 양평군 청운면 지역정보 | 강상면·강하면·개군면 이동 동선 | 몽라운지",""
"TITLE_TEMPLATE","241","지역SEO","2","loc kw 이용정보 loc loc 인접 생활권 brand","massage/가좌동-출장마사지-고양시-일산서구-생활권-이동동선-지역정보-이용전-안내/index.html || 가좌동 출장마사지 이용정보 | 대화동·덕이동 인접 생활권 | 몽라운지","massage/중앙동-출장마사지-용인시-처인구-생활권-이동동선-지역정보-이용전-안내/index.html || 중앙동 출장마사지 이용정보 | 역북동·유림동 인접 생활권 | 몽라운지",""
"TITLE_TEMPLATE","242","지역SEO","2","loc 위치 안내 loc loc 주변 위치 brand","massage/신암동-출장마사지-대구-동구-생활권-이동동선-지역정보-이용전-안내/index.html || 신암동 위치 안내 | 방촌동·신천동 주변 위치 | 몽라운지","massage/호계동-출장마사지-안양시-동안구-생활권-이동동선-지역정보-이용전-안내/index.html || 호계동 위치 안내 | 평안동·평촌동 주변 위치 | 몽라운지",""
"TITLE_TEMPLATE","243","지역SEO","2","x loc 지역정보 loc loc loc 지역 이용정보 brand","massage/퇴계원읍-출장마사지-남양주시-생활권-지역정보-이용안내/index.html || 남양주시 퇴계원읍 지역정보 | 별내면·수동면·오남읍 지역 이용정보 | 몽라운지","massage/단월면-출장마사지-양평군-생활권-지역정보-이용안내/index.html || 양평군 단월면 지역정보 | 강상면·강하면·개군면 지역 이용정보 | 몽라운지",""
"TITLE_TEMPLATE","244","지역SEO","2","loc 지역 이용 가이드 loc loc loc 동선 brand","massage/화곡본동-출장마사지-강서구-생활권-이동동선-지역정보-이용전-안내/index.html || 화곡본동 지역 이용 가이드 | 우장산동·화곡동 이동 동선 | 몽라운지","massage/가포동-출장마사지-창원-마산합포구-생활권-이동동선-지역정보-이용전-안내/index.html || 가포동 지역 이용 가이드 | 교방동·문화동 이동 동선 | 몽라운지",""
"TITLE_TEMPLATE","245","지역SEO","2","loc 생활권 정보 loc loc 인접 지역정보 brand","massage/대촌동-출장마사지-광주-남구-생활권-이동동선-지역정보-이용전-안내/index.html || 대촌동 생활권 정보 | 방림동·백운동 인접 지역정보 | 몽라운지","massage/반월동-출장마사지-화성시-병점구-생활권-이동동선-지역정보-이용전-안내/index.html || 반월동 생활권 정보 | 병점동·진안동 인접 지역정보 | 몽라운지",""
"TITLE_TEMPLATE","246","지역SEO","2","loc kw 지역안내 loc loc loc 인접 생활권 brand","massage/수진동-출장마사지-성남시-수정구-생활권-이동동선-지역정보-이용전-안내/index.html || 수진동 출장마사지 지역안내 | 복정동·산성동·시흥동 인접 생활권 | 몽라운지","massage/성포동-출장마사지-안산시-상록구-생활권-이동동선-지역정보-이용전-안내/index.html || 성포동 출장마사지 지역안내 | 사동·사이동·안산동 인접 생활권 | 몽라운지",""
"TITLE_TEMPLATE","247","지역SEO","2","loc 생활권 정보 loc loc 생활권 비교 brand","massage/하남동-출장마사지-광주-광산구-생활권-이동동선-지역정보-이용전-안내/index.html || 하남동 생활권 정보 | 첨단동·평동 생활권 비교 | 몽라운지","massage/호현동-출장마사지-안양시-만안구-생활권-이동동선-지역정보-이용전-안내/index.html || 호현동 생활권 정보 | 안양동·충훈동 생활권 비교 | 몽라운지",""
"TITLE_TEMPLATE","248","지역SEO","2","loc 지역 이용 정보 위치 안내 loc loc loc 생활권 비교 brand","massage/청평면-출장마사지-가평군-생활권-지역정보-이용안내/index.html || 청평면 지역 이용 정보 위치 안내 | 가평읍·북면·상면 생활권 비교 | 몽라운지","massage/흥천면-출장마사지-여주시-생활권-지역정보-이용안내/index.html || 흥천면 지역 이용 정보 위치 안내 | 가남읍·강천면·금사면 생활권 비교 | 몽라운지",""
"TITLE_TEMPLATE","249","지역SEO","2","loc 지역 이용 가이드 loc loc 주변 위치 brand","massage/광장동-출장마사지-광진구-생활권-이동동선-지역정보-이용전-안내/index.html || 광장동 지역 이용 가이드 | 구의동·군자동 주변 위치 | 몽라운지","massage/중화동-출장마사지-중랑구-생활권-이동동선-지역정보-이용전-안내/index.html || 중화동 지역 이용 가이드 | 상봉동·신내동 주변 위치 | 몽라운지",""
"TITLE_TEMPLATE","250","지역SEO","2","loc 위치 생활권 안내 loc loc 위치 loc 범위 brand","massage/휘경동-출장마사지-동대문구-생활권-이동동선-지역정보-이용전-안내/index.html || 휘경동 위치·생활권 안내 | 청량리동·회기동 위치·이동 범위 | 몽라운지","massage/고등동-출장마사지-수원시-팔달구-생활권-이동동선-지역정보-이용전-안내/index.html || 고등동 위치·생활권 안내 | 매교동·매산동 위치·이동 범위 | 몽라운지",""
"TITLE_TEMPLATE","251","지역SEO","2","loc 주변 지역 안내 loc loc 생활권 정보 brand","massage/가회동-출장마사지-종로구-생활권-이동동선-지역정보-이용전-안내/index.html || 가회동 주변 지역 안내 | 교남동·무악동 생활권 정보 | 몽라운지","massage/풍덕천동-출장마사지-용인시-수지구-생활권-이동동선-지역정보-이용전-안내/index.html || 풍덕천동 주변 지역 안내 | 신봉동·죽전동 생활권 정보 | 몽라운지",""
"TITLE_TEMPLATE","252","지역SEO","2","loc 지역 가이드 loc loc 지역 이용정보 brand","massage/효성동-출장마사지-계양구-생활권-이동동선-지역정보-이용전-안내/index.html || 효성동 지역 가이드 | 작전동·작전서운동 지역 이용정보 | 몽라운지","massage/중앙동-출장마사지-창원-성산구-생활권-이동동선-지역정보-이용전-안내/index.html || 중앙동 지역 가이드 | 용지동·웅남동 지역 이용정보 | 몽라운지",""
"TITLE_TEMPLATE","253","지역SEO","2","loc 지역정보 loc loc 주변 위치 brand","massage/계산동-출장마사지-계양구-생활권-이동동선-지역정보-이용전-안내/index.html || 계산동 지역정보 | 계양동·작전동 주변 위치 | 몽라운지","massage/금천동-출장마사지-청주-상당구-생활권-이동동선-지역정보-이용전-안내/index.html || 금천동 지역정보 | 성안동·영운동 주변 위치 | 몽라운지",""
"TITLE_TEMPLATE","254","지역SEO","2","x 생활권 정보 loc loc loc 인접 지역정보 brand","massage/용산2가동-출장마사지-용산구-생활권-이동동선-지역정보-이용전-안내/index.html || 용산2가동 생활권 정보 | 서빙고동·용문동·원효로동 인접 지역정보 | 몽라운지","massage/칠산서부동-출장마사지-김해-생활권-이동동선-지역정보-이용전-안내/index.html || 칠산서부동 생활권 정보 | 삼안동·장유동·활천동 인접 지역정보 | 몽라운지",""
"TITLE_TEMPLATE","255","지역SEO","2","x 주변 지역 안내 loc loc loc 생활권 정보 brand","massage/성수1가제2동-출장마사지-성동구-생활권-이동동선-지역정보-이용전-안내/index.html || 성수1가제2동 주변 지역 안내 | 사근동·성수1가제1동·성수2가제1동 생활권 정보 | 몽라운지","massage/이동-출장마사지-창원-진해구-생활권-이동동선-지역정보-이용전-안내/index.html || 이동 주변 지역 안내 | 웅동동·웅천동·자은동 생활권 정보 | 몽라운지",""
"TITLE_TEMPLATE","256","지역SEO","2","loc 위치 안내 loc loc loc 동선 brand","massage/풍납동-출장마사지-송파구-생활권-이동동선-지역정보-이용전-안내/index.html || 풍납동 위치 안내 | 잠실본동·장지동 이동 동선 | 몽라운지","massage/탄현동-출장마사지-고양시-일산서구-생활권-이동동선-지역정보-이용전-안내/index.html || 탄현동 위치 안내 | 일산동·주엽동 이동 동선 | 몽라운지",""
"TITLE_TEMPLATE","257","지역SEO","2","loc 생활권 안내 loc loc 생활권 정보 brand","massage/남가좌동-출장마사지-서대문구-생활권-이동동선-지역정보-이용전-안내/index.html || 남가좌동 생활권 안내 | 북가좌동·북아현동 생활권 정보 | 몽라운지","massage/풍향동-출장마사지-광주-북구-생활권-이동동선-지역정보-이용전-안내/index.html || 풍향동 생활권 안내 | 중앙동·중흥동 생활권 정보 | 몽라운지",""
"TITLE_TEMPLATE","258","지역SEO","2","loc 주변 지역 안내 loc loc 주변 위치 brand","massage/신정동-출장마사지-양천구-생활권-이동동선-지역정보-이용전-안내/index.html || 신정동 주변 지역 안내 | 목동·신월동 주변 위치 | 몽라운지","massage/망우동-출장마사지-중랑구-생활권-이동동선-지역정보-이용전-안내/index.html || 망우동 주변 지역 안내 | 망우본동·면목동 주변 위치 | 몽라운지",""
"TITLE_TEMPLATE","259","지역SEO","2","x 지역 이용 가이드 loc loc loc 지역 이용정보 brand","massage/신현원창동-출장마사지-서해구-생활권-이동동선-지역정보-이용전-안내/index.html || 신현원창동 지역 이용 가이드 | 검암경서동·석남동·연희동 지역 이용정보 | 몽라운지","massage/은행선화동-출장마사지-대전-중구-생활권-이동동선-지역정보-이용전-안내/index.html || 은행선화동 지역 이용 가이드 | 용두동·유천동·중촌동 지역 이용정보 | 몽라운지",""
"TITLE_TEMPLATE","260","지역SEO","2","loc kw 이용정보 loc loc 주변 생활권 brand","massage/팔룡동-출장마사지-창원-의창구-생활권-이동동선-지역정보-이용전-안내/index.html || 팔룡동 출장마사지 이용정보 | 봉림동·의창동 주변 생활권 | 몽라운지","massage/호성동-출장마사지-전주-덕진구-생활권-이동동선-지역정보-이용전-안내/index.html || 호성동 출장마사지 이용정보 | 팔복동·혁신동 주변 생활권 | 몽라운지",""
"TITLE_TEMPLATE","261","지역SEO","2","loc 이용 전 지역정보 loc loc 생활권 정보 brand","massage/강서동-출장마사지-청주-흥덕구-생활권-이동동선-지역정보-이용전-안내/index.html || 강서동 이용 전 지역정보 | 가경동·복대동 생활권 정보 | 몽라운지","massage/회현동-출장마사지-김해-생활권-이동동선-지역정보-이용전-안내/index.html || 회현동 이용 전 지역정보 | 칠산서부동·활천동 생활권 정보 | 몽라운지",""
"TITLE_TEMPLATE","262","지역SEO","2","x 지역 이용 가이드 loc loc loc 주변 생활권 brand","massage/능동-출장마사지-광진구-생활권-이동동선-지역정보-이용전-안내/index.html || 능동 지역 이용 가이드 | 구의동·군자동·자양동 주변 생활권 | 몽라운지","massage/필동-출장마사지-중구-생활권-이동동선-지역정보-이용전-안내/index.html || 필동 지역 이용 가이드 | 중림동·청구동·황학동 주변 생활권 | 몽라운지",""
"TITLE_TEMPLATE","263","지역SEO","2","loc 지역정보 loc loc loc 동선 brand","massage/회원동-출장마사지-창원-마산회원구-생활권-이동동선-지역정보-이용전-안내/index.html || 회원동 지역정보 | 합성동·회성동 이동 동선 | 몽라운지","massage/흥도동-출장마사지-고양시-덕양구-생활권-이동동선-지역정보-이용전-안내/index.html || 흥도동 지역정보 | 화정동·효자동 이동 동선 | 몽라운지",""
"TITLE_TEMPLATE","264","지역SEO","2","loc 주변 지역 안내 loc loc 가까운 지역 brand","massage/회덕동-출장마사지-대전-대덕구-생활권-이동동선-지역정보-이용전-안내/index.html || 회덕동 주변 지역 안내 | 오정동·중리동 가까운 지역 | 몽라운지","massage/성내동-출장마사지-대구-중구-생활권-이동동선-지역정보-이용전-안내/index.html || 성내동 주변 지역 안내 | 동인동·삼덕동 가까운 지역 | 몽라운지",""
"TITLE_TEMPLATE","265","지역SEO","2","loc 생활권 안내 loc loc 인접 생활권 brand","massage/청학동-출장마사지-연수구-생활권-이동동선-지역정보-이용전-안내/index.html || 청학동 생활권 안내 | 연수동·옥련동 인접 생활권 | 몽라운지","massage/모충동-출장마사지-청주-서원구-생활권-이동동선-지역정보-이용전-안내/index.html || 모충동 생활권 안내 | 분평동·사직동 인접 생활권 | 몽라운지",""
"TITLE_TEMPLATE","266","지역SEO","2","loc kw 지역안내 loc loc 지역 이용정보 brand","massage/동춘동-출장마사지-연수구-생활권-이동동선-지역정보-이용전-안내/index.html || 동춘동 출장마사지 지역안내 | 선학동·송도동 지역 이용정보 | 몽라운지","massage/효자동-출장마사지-전주-완산구-생활권-이동동선-지역정보-이용전-안내/index.html || 효자동 출장마사지 지역안내 | 평화동·풍남동 지역 이용정보 | 몽라운지",""
"TITLE_TEMPLATE","267","지역SEO","2","loc 지역 이용 가이드 loc loc loc 주변 생활권 brand","massage/노은동-출장마사지-대전-유성구-생활권-이동동선-지역정보-이용전-안내/index.html || 노은동 지역 이용 가이드 | 관평동·구즉동·상대동 주변 생활권 | 몽라운지","massage/원신동-출장마사지-고양시-덕양구-생활권-이동동선-지역정보-이용전-안내/index.html || 원신동 지역 이용 가이드 | 삼송동·성사동·주교동 주변 생활권 | 몽라운지",""
"TITLE_TEMPLATE","268","지역SEO","2","loc 지역 이용 가이드 loc loc 주변 생활권 brand","massage/관평동-출장마사지-대전-유성구-생활권-이동동선-지역정보-이용전-안내/index.html || 관평동 지역 이용 가이드 | 구즉동·노은동 주변 생활권 | 몽라운지","massage/곡선동-출장마사지-수원시-권선구-생활권-이동동선-지역정보-이용전-안내/index.html || 곡선동 지역 이용 가이드 | 구운동·권선동 주변 생활권 | 몽라운지",""
"TITLE_TEMPLATE","269","지역SEO","2","x x 주변 지역 안내 loc loc loc 주변 생활권 brand","massage/gyeonggi/goyang/ilsandong-gu/고양시-일산동구-출장마사지-동별-생활권-지역안내/index.html || 고양시 일산동구 주변 지역 안내 | 고봉동·마두동·백석동 주변 생활권 | 몽라운지","massage/반포면-출장마사지-공주-생활권-지역정보-이용안내/index.html || 공주 반포면 주변 지역 안내 | 계룡면·사곡면·신풍면 주변 생활권 | 몽라운지",""
"TITLE_TEMPLATE","270","업체상세","2","x 김해 x 코스 구성과 이용정보 brand","shops/other/gimhae/삼안동/경남테라피/index.html || 경남테라피 | 김해 삼안동 코스 구성과 이용정보 | 몽라운지","shops/other/gimhae/생림면/경남테라피/index.html || 경남테라피 | 김해 생림면 코스 구성과 이용정보 | 몽라운지",""
"TITLE_TEMPLATE","271","지역SEO","2","x loc 위치 안내 loc loc loc 주변 생활권 brand","massage/gyeonggi/hwaseong/hyohaeng-gu/화성시-효행구-출장마사지-동별-생활권-지역안내/index.html || 화성시 효행구 위치 안내 | 기배동·봉담읍·매송면 주변 생활권 | 몽라운지","massage/백사면-출장마사지-이천시-생활권-지역정보-이용안내/index.html || 이천시 백사면 위치 안내 | 대월면·마장면·모가면 주변 생활권 | 몽라운지",""
"TITLE_TEMPLATE","272","지역SEO","2","x loc 이용 전 지역정보 loc loc loc 인접 지역정보 brand","massage/gyeonggi/seongnam/sujeong-gu/성남시-수정구-출장마사지-동별-생활권-지역안내/index.html || 성남시 수정구 이용 전 지역정보 | 고등동·단대동·복정동 인접 지역정보 | 몽라운지","massage/gyeonggi/seongnam/jungwon-gu/성남시-중원구-출장마사지-동별-생활권-지역안내/index.html || 성남시 중원구 이용 전 지역정보 | 금광동·도촌동·상대원동 인접 지역정보 | 몽라운지",""
"TITLE_TEMPLATE","273","업체상세","2","x 상세정보 김해 x 코스와 이용시간 brand","shops/other/gimhae/동상동/경남테라피/index.html || 경남테라피 상세정보 | 김해 동상동 코스와 이용시간 | 몽라운지","shops/other/gimhae/진영읍/경남테라피/index.html || 경남테라피 상세정보 | 김해 진영읍 코스와 이용시간 | 몽라운지",""
"TITLE_TEMPLATE","274","업체상세","2","x 상세정보 loc x x 코스와 이용시간 brand","shops/other/daegu/dong-gu/불로.봉무동/대구테라피/index.html || 대구테라피 상세정보 | 동구 불로.봉무동 코스와 이용시간 | 몽라운지","shops/other/daegu/dong-gu/신천1.2동/대구테라피/index.html || 대구테라피 상세정보 | 동구 신천1.2동 코스와 이용시간 | 몽라운지",""
"TITLE_TEMPLATE","275","업체상세","2","익산 x 기준 x 코스 운영시간 안내 brand","shops/other/iksan/춘포면/상큼테라피/index.html || 익산 춘포면 기준 상큼테라피 | 코스·운영시간 안내 | 몽라운지","shops/other/iksan/황등면/상큼테라피/index.html || 익산 황등면 기준 상큼테라피 | 코스·운영시간 안내 | 몽라운지",""
"TITLE_TEMPLATE","276","업체상세","2","x 김해 x 안내 전화 문자 가격 정보 brand","shops/other/gimhae/대동면/경남테라피/index.html || 경남테라피 김해 대동면 안내 | 전화·문자·가격 정보 | 몽라운지","shops/other/gimhae/장유동/경남테라피/index.html || 경남테라피 김해 장유동 안내 | 전화·문자·가격 정보 | 몽라운지",""
"TITLE_TEMPLATE","277","업체상세","2","김해 x 지역 x 운영시간 이용정보 brand","shops/other/gimhae/내외동/경남테라피/index.html || 김해 내외동 지역 경남테라피 | 운영시간·이용정보 | 몽라운지","shops/other/gimhae/주촌면/경남테라피/index.html || 김해 주촌면 지역 경남테라피 | 운영시간·이용정보 | 몽라운지",""
"TITLE_TEMPLATE","278","지역SEO","2","x loc kw 이용정보 loc loc loc 가까운 지역 brand","massage/gyeonggi/bucheon/ojeong-gu/부천시-오정구-출장마사지-동별-생활권-지역안내/index.html || 부천시 오정구 출장마사지 이용정보 | 고강동·고강본동·성곡동 가까운 지역 | 몽라운지","massage/백석읍-출장마사지-양주시-생활권-지역정보-이용안내/index.html || 양주시 백석읍 출장마사지 이용정보 | 광적면·남면·은현면 가까운 지역 | 몽라운지",""
"TITLE_TEMPLATE","279","지역SEO","2","loc 위치 생활권 안내 loc loc 지역 이용정보 brand","massage/탄벌동-출장마사지-광주시-생활권-이동동선-지역정보-이용전-안내/index.html || 탄벌동 위치·생활권 안내 | 쌍령동·오포동 지역 이용정보 | 몽라운지","massage/파장동-출장마사지-수원시-장안구-생활권-이동동선-지역정보-이용전-안내/index.html || 파장동 위치·생활권 안내 | 정자동·조원동 지역 이용정보 | 몽라운지",""
"TITLE_TEMPLATE","280","지역SEO","2","loc 지역 이용 정보 kw 이용정보 loc loc loc 인접 지역정보 brand","massage/오성면-출장마사지-평택시-생활권-지역정보-이용안내/index.html || 오성면 지역 이용 정보 출장마사지 이용정보 | 고덕면·서탄면·안중읍 인접 지역정보 | 몽라운지","massage/서도면-출장마사지-인천-강화군-생활권-지역정보-이용안내/index.html || 서도면 지역 이용 정보 출장마사지 이용정보 | 강화읍·교동면·길상면 인접 지역정보 | 몽라운지",""
"TITLE_TEMPLATE","281","지역SEO","2","loc kw loc loc loc 생활권 정보 brand","massage/교문동-출장마사지-구리시-생활권-이동동선-지역정보-이용전-안내/index.html || 교문동 출장마사지 | 갈매동·동구동·수택동 생활권 정보 | 몽라운지","massage/동선동-출장마사지-성북구-생활권-이동동선-지역정보-이용전-안내/index.html || 동선동 출장마사지 | 길음동·돈암동·보문동 생활권 정보 | 몽라운지",""
"TITLE_TEMPLATE","282","지역SEO","2","loc 지역정보 loc loc 위치 loc 범위 brand","massage/갈매동-출장마사지-구리시-생활권-이동동선-지역정보-이용전-안내/index.html || 갈매동 지역정보 | 교문동·동구동 위치·이동 범위 | 몽라운지","massage/광교동-출장마사지-수원시-영통구-생활권-이동동선-지역정보-이용전-안내/index.html || 광교동 지역정보 | 망포동·매탄동 위치·이동 범위 | 몽라운지",""
"TITLE_TEMPLATE","283","지역SEO","2","loc 지역 이용 정보 생활권 안내 loc loc loc 주변 생활권 brand","massage/법원읍-출장마사지-파주시-생활권-지역정보-이용안내/index.html || 법원읍 지역 이용 정보 생활권 안내 | 광탄면·문산읍·월롱면 주변 생활권 | 몽라운지","massage/포곡읍-출장마사지-용인시-처인구-생활권-지역정보-이용안내/index.html || 포곡읍 지역 이용 정보 생활권 안내 | 남사읍·모현읍·백암면 주변 생활권 | 몽라운지",""
"TITLE_TEMPLATE","284","지역SEO","2","x x 지역 가이드 loc loc loc loc 동선 brand","massage/other/changwon/jinhae-gu/창원-진해구-출장마사지-동별-생활권-지역안내/index.html || 창원 진해구 지역 가이드 | 경화동·덕산동·병암동 이동 동선 | 몽라운지","massage/조안면-출장마사지-남양주시-생활권-지역정보-이용안내/index.html || 남양주시 조안면 지역 가이드 | 별내면·수동면·오남읍 이동 동선 | 몽라운지",""
"TITLE_TEMPLATE","285","지역SEO","2","x x 위치 안내 loc loc loc 생활권 비교 brand","massage/other/daejeon/daedeok-gu/대전-대덕구-출장마사지-동별-생활권-지역안내/index.html || 대전 대덕구 위치 안내 | 대화동·덕암동·목상동 생활권 비교 | 몽라운지","massage/북면-출장마사지-가평군-생활권-지역정보-이용안내/index.html || 가평군 북면 위치 안내 | 가평읍·상면·설악면 생활권 비교 | 몽라운지",""
"TITLE_TEMPLATE","286","지역SEO","2","loc 지역 이용 정보 위치 생활권 안내 loc loc loc 가까운 지역 brand","massage/광탄면-출장마사지-파주시-생활권-지역정보-이용안내/index.html || 광탄면 지역 이용 정보 위치·생활권 안내 | 문산읍·법원읍·월롱면 가까운 지역 | 몽라운지","massage/양서면-출장마사지-양평군-생활권-지역정보-이용안내/index.html || 양서면 지역 이용 정보 위치·생활권 안내 | 강상면·강하면·개군면 가까운 지역 | 몽라운지",""
"TITLE_TEMPLATE","287","지역SEO","2","x 위치 생활권 안내 loc loc loc 위치 loc 범위 brand","massage/장호원읍-출장마사지-이천시-생활권-지역정보-이용안내/index.html || 장호원읍 위치·생활권 안내 | 대월면·마장면·모가면 위치·이동 범위 | 몽라운지","massage/파동-출장마사지-대구-수성구-생활권-이동동선-지역정보-이용전-안내/index.html || 파동 위치·생활권 안내 | 중동·지산동·황금동 위치·이동 범위 | 몽라운지",""
"TITLE_TEMPLATE","288","업체상세","2","x 이용 안내 익산 x 운영시간 코스 정보 brand","shops/other/iksan/용동면/상큼테라피/index.html || 상큼테라피 이용 안내 | 익산 용동면 운영시간·코스 정보 | 몽라운지","shops/other/iksan/함라면/상큼테라피/index.html || 상큼테라피 이용 안내 | 익산 함라면 운영시간·코스 정보 | 몽라운지",""
"TITLE_TEMPLATE","289","업체상세","2","x 천안 x 코스 구성과 이용정보 brand","shops/other/cheonan/dongnam-gu/동면/한국미인테라피/index.html || 한국미인테라피 | 천안 동면 코스 구성과 이용정보 | 몽라운지","shops/other/cheonan/dongnam-gu/성정동/한국미인테라피/index.html || 한국미인테라피 | 천안 성정동 코스 구성과 이용정보 | 몽라운지",""
"TITLE_TEMPLATE","290","업체상세","2","천안 x x 코스별 시간 가격 안내 brand","shops/other/cheonan/dongnam-gu/광덕면/한국미인테라피/index.html || 천안 광덕면 한국미인테라피 | 코스별 시간·가격 안내 | 몽라운지","shops/other/cheonan/dongnam-gu/성남면/love테라피/index.html || 천안 성남면 love테라피 | 코스별 시간·가격 안내 | 몽라운지",""
"TITLE_TEMPLATE","291","업체상세","2","천안 x x 코스 가격 운영정보 brand","shops/other/cheonan/dongnam-gu/성환읍/한국미인테라피/index.html || 천안 성환읍 한국미인테라피 | 코스·가격·운영정보 | 몽라운지","shops/other/cheonan/dongnam-gu/직산읍/love테라피/index.html || 천안 직산읍 love테라피 | 코스·가격·운영정보 | 몽라운지",""
"TITLE_TEMPLATE","292","업체상세","2","천안 x 에서 보는 x 영업시간 연락 안내 brand","shops/other/cheonan/dongnam-gu/목천읍/한국미인테라피/index.html || 천안 목천읍에서 보는 한국미인테라피 | 영업시간·연락 안내 | 몽라운지","shops/other/cheonan/dongnam-gu/문성동/한국미인테라피/index.html || 천안 문성동에서 보는 한국미인테라피 | 영업시간·연락 안내 | 몽라운지",""
"TITLE_TEMPLATE","293","업체상세","2","아산 x x 상세 안내 운영시간 문의 brand","shops/other/asan/염치읍/love테라피/index.html || 아산 염치읍 love테라피 상세 안내 | 운영시간·문의 | 몽라운지","shops/other/asan/탕정면/한국미인테라피/index.html || 아산 탕정면 한국미인테라피 상세 안내 | 운영시간·문의 | 몽라운지",""
"TITLE_TEMPLATE","294","기타","2","회원가입 brand","join.html || 회원가입 | 몽라운지","join/index.html || 회원가입 | 몽라운지",""
"TITLE_TEMPLATE","295","기타","2","로그인 brand","login.html || 로그인 | 몽라운지","login/index.html || 로그인 | 몽라운지",""
"TITLE_TEMPLATE","296","업체상세","2","아산 x x 가격 운영시간 문의 정보 brand","shops/other/asan/도고면/한국미인테라피/index.html || 아산 도고면 한국미인테라피 | 가격·운영시간·문의 정보 | 몽라운지","shops/other/asan/인주면/love테라피/index.html || 아산 인주면 love테라피 | 가격·운영시간·문의 정보 | 몽라운지",""
"TITLE_TEMPLATE","297","업체상세","2","x loc loc loc 코스시간 가격 확인 brand","shops/gyeonggi/bucheon/sosa-gu/소사본동/너무이쁜테라피/index.html || 너무이쁜테라피 부천시-소사구 소사본동 | 코스시간·가격 확인 | 몽라운지","shops/gyeonggi/yongin/suji-gu/풍덕천동/프리미엄테라피/index.html || 프리미엄테라피 용인시-수지구 풍덕천동 | 코스시간·가격 확인 | 몽라운지",""
"TITLE_TEMPLATE","298","업체상세","2","천안 x 지역 x 운영시간 이용정보 brand","shops/other/cheonan/dongnam-gu/신안동/love테라피/index.html || 천안 신안동 지역 love테라피 | 운영시간·이용정보 | 몽라운지","shops/other/cheonan/dongnam-gu/풍세면/love테라피/index.html || 천안 풍세면 지역 love테라피 | 운영시간·이용정보 | 몽라운지",""
"TITLE_TEMPLATE","299","업체상세","2","x 코스 안내 익산 x 가격 영업시간 brand","shops/other/iksan/삼성동/상큼테라피/index.html || 상큼테라피 코스 안내 | 익산 삼성동 가격·영업시간 | 몽라운지","shops/other/iksan/인화동/상큼테라피/index.html || 상큼테라피 코스 안내 | 익산 인화동 가격·영업시간 | 몽라운지",""
"TITLE_TEMPLATE","300","업체상세","2","x 익산 x 코스시간 가격 확인 brand","shops/other/iksan/모현동/상큼테라피/index.html || 상큼테라피 익산 모현동 | 코스시간·가격 확인 | 몽라운지","shops/other/iksan/삼기면/상큼테라피/index.html || 상큼테라피 익산 삼기면 | 코스시간·가격 확인 | 몽라운지",""
"TITLE_TEMPLATE","301","업체상세","2","익산 x x 코스 가격 운영정보 brand","shops/other/iksan/왕궁면/상큼테라피/index.html || 익산 왕궁면 상큼테라피 | 코스·가격·운영정보 | 몽라운지","shops/other/iksan/함열읍/상큼테라피/index.html || 익산 함열읍 상큼테라피 | 코스·가격·운영정보 | 몽라운지",""
"TITLE_TEMPLATE","302","업체상세","2","x 익산 x 이용정보 가격 전화 문자 문의 brand","shops/other/iksan/신동/상큼테라피/index.html || 상큼테라피 익산 신동 이용정보 | 가격·전화·문자 문의 | 몽라운지","shops/other/iksan/팔봉동/상큼테라피/index.html || 상큼테라피 익산 팔봉동 이용정보 | 가격·전화·문자 문의 | 몽라운지",""
"TITLE_TEMPLATE","303","업체상세","2","x 익산 x kw 코스 가격 안내 brand","shops/other/iksan/낭산면/상큼테라피/index.html || 상큼테라피 익산 낭산면 출장마사지 | 코스·가격 안내 | 몽라운지","shops/other/iksan/여산면/상큼테라피/index.html || 상큼테라피 익산 여산면 출장마사지 | 코스·가격 안내 | 몽라운지",""
"TITLE_TEMPLATE","304","업체상세","2","공주 x x 영업시간과 코스 구성 brand","shops/other/gongju/금학동/S썸바디테라피/index.html || 공주 금학동 S썸바디테라피 | 영업시간과 코스 구성 | 몽라운지","shops/other/gongju/월송동/S썸바디테라피/index.html || 공주 월송동 S썸바디테라피 | 영업시간과 코스 구성 | 몽라운지",""
"TITLE_TEMPLATE","305","업체상세","2","공주 x kw x 영업시간 문의 brand","shops/other/gongju/계룡면/S썸바디테라피/index.html || 공주 계룡면 출장마사지 S썸바디테라피 | 영업시간·문의 | 몽라운지","shops/other/gongju/탄천면/S썸바디테라피/index.html || 공주 탄천면 출장마사지 S썸바디테라피 | 영업시간·문의 | 몽라운지",""
"TITLE_TEMPLATE","306","업체상세","2","x 운영정보 익산 x 가격 문의 방법 brand","shops/other/iksan/남중동/상큼테라피/index.html || 상큼테라피 운영정보 | 익산 남중동 가격·문의 방법 | 몽라운지","shops/other/iksan/성당면/상큼테라피/index.html || 상큼테라피 운영정보 | 익산 성당면 가격·문의 방법 | 몽라운지",""
"TITLE_TEMPLATE","307","업체상세","2","공주 x 지역 x 운영시간 이용정보 brand","shops/other/gongju/신관동/S썸바디테라피/index.html || 공주 신관동 지역 S썸바디테라피 | 운영시간·이용정보 | 몽라운지","shops/other/gongju/우성면/S썸바디테라피/index.html || 공주 우성면 지역 S썸바디테라피 | 운영시간·이용정보 | 몽라운지",""
"TITLE_TEMPLATE","308","지역SEO","2","loc 지역정보 loc loc loc 위치 loc 범위 brand","massage/동구동-출장마사지-구리시-생활권-이동동선-지역정보-이용전-안내/index.html || 동구동 지역정보 | 갈매동·교문동·수택동 위치·이동 범위 | 몽라운지","massage/소요동-출장마사지-동두천시-생활권-이동동선-지역정보-이용전-안내/index.html || 소요동 지역정보 | 상패동·생연동·송내동 위치·이동 범위 | 몽라운지",""
"TITLE_TEMPLATE","309","지역SEO","2","loc 지역정보 loc loc 가까운 지역 brand","massage/남촌동-출장마사지-오산시-생활권-이동동선-지역정보-이용전-안내/index.html || 남촌동 지역정보 | 대원동·세마동 가까운 지역 | 몽라운지","massage/태평동-출장마사지-대전-중구-생활권-이동동선-지역정보-이용전-안내/index.html || 태평동 지역정보 | 은행선화동·중촌동 가까운 지역 | 몽라운지",""
"TITLE_TEMPLATE","310","지역SEO","2","loc kw loc loc loc 동선 brand","massage/중앙동-출장마사지-여주시-생활권-이동동선-지역정보-이용전-안내/index.html || 중앙동 출장마사지 | 여흥동·오학동 이동 동선 | 몽라운지","massage/흥남동-출장마사지-군산-생활권-이동동선-지역정보-이용전-안내/index.html || 흥남동 출장마사지 | 중앙동·해신동 이동 동선 | 몽라운지",""
"TITLE_TEMPLATE","311","지역SEO","2","loc kw 지역안내 loc loc 주변 위치 brand","massage/내수읍-출장마사지-청주-청원구-생활권-지역정보-이용안내/index.html || 내수읍 출장마사지 지역안내 | 북이면·오창읍 주변 위치 | 몽라운지","massage/학익동-출장마사지-미추홀구-생활권-이동동선-지역정보-이용전-안내/index.html || 학익동 출장마사지 지역안내 | 용현동·주안동 주변 위치 | 몽라운지",""
"TITLE_TEMPLATE","312","지역SEO","2","loc 생활권 안내 loc loc 인접 지역정보 brand","massage/초평동-출장마사지-오산시-생활권-이동동선-지역정보-이용전-안내/index.html || 초평동 생활권 안내 | 신장동·중앙동 인접 지역정보 | 몽라운지","massage/가리봉동-출장마사지-구로구-생활권-이동동선-지역정보-이용전-안내/index.html || 가리봉동 생활권 안내 | 개봉동·고척동 인접 지역정보 | 몽라운지",""
"TITLE_TEMPLATE","313","지역SEO","2","x 생활권 안내 loc loc loc loc 동선 brand","massage/북면-출장마사지-천안-동남구-생활권-지역정보-이용안내/index.html || 북면 생활권 안내 | 광덕면·동면·목천읍 이동 동선 | 몽라운지","massage/남촌도림동-출장마사지-남동구-생활권-이동동선-지역정보-이용전-안내/index.html || 남촌도림동 생활권 안내 | 간석동·구월동·논현고잔동 이동 동선 | 몽라운지",""
"TITLE_TEMPLATE","314","지역SEO","2","x 생활권 정보 loc loc loc 생활권 비교 brand","massage/여산면-출장마사지-익산-생활권-지역정보-이용안내/index.html || 여산면 생활권 정보 | 금마면·낭산면·망성면 생활권 비교 | 몽라운지","massage/왕십리도선동-출장마사지-성동구-생활권-이동동선-지역정보-이용전-안내/index.html || 왕십리도선동 생활권 정보 | 송정동·옥수동·왕십리동 생활권 비교 | 몽라운지",""
"TITLE_TEMPLATE","315","지역SEO","2","loc 생활권 정보 loc loc loc 동선 brand","massage/정왕본동-출장마사지-시흥시-생활권-이동동선-지역정보-이용전-안내/index.html || 정왕본동 생활권 정보 | 장곡동·정왕동 이동 동선 | 몽라운지","massage/우암동-출장마사지-청주-청원구-생활권-이동동선-지역정보-이용전-안내/index.html || 우암동 생활권 정보 | 내덕동·오근장동 이동 동선 | 몽라운지",""
"TITLE_TEMPLATE","316","지역SEO","2","loc 지역 이용 가이드 loc loc 지역 이용정보 brand","massage/대산면-출장마사지-창원-의창구-생활권-지역정보-이용안내/index.html || 대산면 지역 이용 가이드 | 동읍·북면 지역 이용정보 | 몽라운지","massage/하계동-출장마사지-노원구-생활권-이동동선-지역정보-이용전-안내/index.html || 하계동 지역 이용 가이드 | 중계동·중계본동 지역 이용정보 | 몽라운지",""
"TITLE_TEMPLATE","317","지역SEO","2","x 이용 전 지역정보 loc loc loc 지역 이용정보 brand","massage/함열읍-출장마사지-익산-생활권-지역정보-이용안내/index.html || 함열읍 이용 전 지역정보 | 금마면·낭산면·망성면 지역 이용정보 | 몽라운지","massage/본동-출장마사지-대구-달서구-생활권-이동동선-지역정보-이용전-안내/index.html || 본동 이용 전 지역정보 | 두류동·본리동·상인동 지역 이용정보 | 몽라운지",""
"TITLE_TEMPLATE","318","지역SEO","2","loc kw 지역안내 loc loc loc 동선 brand","massage/가능동-출장마사지-의정부시-생활권-이동동선-지역정보-이용전-안내/index.html || 가능동 출장마사지 지역안내 | 고산동·녹양동 이동 동선 | 몽라운지","massage/노량진동-출장마사지-동작구-생활권-이동동선-지역정보-이용전-안내/index.html || 노량진동 출장마사지 지역안내 | 대방동·사당동 이동 동선 | 몽라운지",""
"TITLE_TEMPLATE","319","지역SEO","2","loc 위치 생활권 안내 loc loc 인접 생활권 brand","massage/청담동-출장마사지-강남구-생활권-이동동선-지역정보-이용전-안내/index.html || 청담동 위치·생활권 안내 | 일원동·일원본동 인접 생활권 | 몽라운지","massage/해양동-출장마사지-안산시-상록구-생활권-이동동선-지역정보-이용전-안내/index.html || 해양동 위치·생활권 안내 | 이동·일동 인접 생활권 | 몽라운지",""
"TITLE_TEMPLATE","320","지역SEO","2","loc 지역 가이드 loc loc 인접 생활권 brand","massage/개포동-출장마사지-강남구-생활권-이동동선-지역정보-이용전-안내/index.html || 개포동 지역 가이드 | 논현동·대치동 인접 생활권 | 몽라운지","massage/명학동-출장마사지-안양시-만안구-생활권-이동동선-지역정보-이용전-안내/index.html || 명학동 지역 가이드 | 박달동·병목안동 인접 생활권 | 몽라운지",""
"TITLE_TEMPLATE","321","지역SEO","2","loc 위치 안내 loc loc 주변 생활권 brand","massage/가양동-출장마사지-강서구-생활권-이동동선-지역정보-이용전-안내/index.html || 가양동 위치 안내 | 공항동·등촌동 주변 생활권 | 몽라운지","massage/길음동-출장마사지-성북구-생활권-이동동선-지역정보-이용전-안내/index.html || 길음동 위치 안내 | 돈암동·동선동 주변 생활권 | 몽라운지",""
"TITLE_TEMPLATE","322","지역SEO","2","loc kw 이용정보 loc loc 지역 이용정보 brand","massage/강일동-출장마사지-강동구-생활권-이동동선-지역정보-이용전-안내/index.html || 강일동 출장마사지 이용정보 | 고덕동·길동 지역 이용정보 | 몽라운지","massage/청천동-출장마사지-부평구-생활권-이동동선-지역정보-이용전-안내/index.html || 청천동 출장마사지 이용정보 | 십정동·일신동 지역 이용정보 | 몽라운지",""
"TITLE_TEMPLATE","323","지역SEO","2","loc 주변 지역 안내 loc loc 인접 생활권 brand","massage/춘궁동-출장마사지-하남시-생활권-이동동선-지역정보-이용전-안내/index.html || 춘궁동 주변 지역 안내 | 천현동·초이동 인접 생활권 | 몽라운지","massage/계림동-출장마사지-광주-동구-생활권-이동동선-지역정보-이용전-안내/index.html || 계림동 주변 지역 안내 | 동명동·산수동 인접 생활권 | 몽라운지",""
"TITLE_TEMPLATE","324","지역SEO","2","loc 위치 생활권 안내 loc loc loc 인접 지역정보 brand","massage/중리동-출장마사지-이천시-생활권-이동동선-지역정보-이용전-안내/index.html || 중리동 위치·생활권 안내 | 관고동·증포동·창전동 인접 지역정보 | 몽라운지","massage/옥룡동-출장마사지-공주-생활권-이동동선-지역정보-이용전-안내/index.html || 옥룡동 위치·생활권 안내 | 금학동·신관동·웅진동 인접 지역정보 | 몽라운지",""
"TITLE_TEMPLATE","325","지역SEO","2","loc kw loc loc 인접 생활권 brand","massage/흥선동-출장마사지-의정부시-생활권-이동동선-지역정보-이용전-안내/index.html || 흥선동 출장마사지 | 장암동·호원동 인접 생활권 | 몽라운지","massage/효목동-출장마사지-대구-동구-생활권-이동동선-지역정보-이용전-안내/index.html || 효목동 출장마사지 | 해안동·혁신동 인접 생활권 | 몽라운지",""
"TITLE_TEMPLATE","326","지역SEO","2","loc 생활권 안내 loc loc loc 주변 위치 brand","massage/미사동-출장마사지-하남시-생활권-이동동선-지역정보-이용전-안내/index.html || 미사동 생활권 안내 | 감일동·덕풍동·신장동 주변 위치 | 몽라운지","massage/주월동-출장마사지-광주-남구-생활권-이동동선-지역정보-이용전-안내/index.html || 주월동 생활권 안내 | 양림동·월산동·진월동 주변 위치 | 몽라운지",""
"TITLE_TEMPLATE","327","지역SEO","2","loc 주변 지역 안내 loc loc loc 위치 loc 범위 brand","massage/서정동-출장마사지-평택시-생활권-이동동선-지역정보-이용전-안내/index.html || 서정동 주변 지역 안내 | 동삭동·비전동·세교동 위치·이동 범위 | 몽라운지","massage/용문동-출장마사지-용산구-생활권-이동동선-지역정보-이용전-안내/index.html || 용문동 주변 지역 안내 | 보광동·서빙고동·용산2가동 위치·이동 범위 | 몽라운지",""
"TITLE_TEMPLATE","328","지역SEO","2","loc kw loc loc 가까운 지역 brand","massage/거북섬동-출장마사지-시흥시-생활권-이동동선-지역정보-이용전-안내/index.html || 거북섬동 출장마사지 | 과림동·군자동 가까운 지역 | 몽라운지","massage/당산동-출장마사지-영등포구-생활권-이동동선-지역정보-이용전-안내/index.html || 당산동 출장마사지 | 대림동·도림동 가까운 지역 | 몽라운지",""
"TITLE_TEMPLATE","329","지역SEO","2","x kw 이용정보 loc loc loc 인접 지역정보 brand","massage/대야면-출장마사지-군산-생활권-지역정보-이용안내/index.html || 대야면 출장마사지 이용정보 | 개정면·나포면·서수면 인접 지역정보 | 몽라운지","massage/지동-출장마사지-수원시-팔달구-생활권-이동동선-지역정보-이용전-안내/index.html || 지동 출장마사지 이용정보 | 우만동·인계동·행궁동 인접 지역정보 | 몽라운지",""
"TITLE_TEMPLATE","330","지역SEO","2","x x kw loc loc loc 생활권 비교 brand","massage/개정면-출장마사지-군산-생활권-지역정보-이용안내/index.html || 군산 개정면 출장마사지 | 나포면·대야면·서수면 생활권 비교 | 몽라운지","massage/송악면-출장마사지-아산-생활권-지역정보-이용안내/index.html || 아산 송악면 출장마사지 | 도고면·둔포면·배방읍 생활권 비교 | 몽라운지",""
"TITLE_TEMPLATE","331","지역SEO","2","x 이용 전 지역정보 loc loc loc 가까운 지역 brand","massage/진영읍-출장마사지-김해-생활권-지역정보-이용안내/index.html || 진영읍 이용 전 지역정보 | 대동면·상동면·생림면 가까운 지역 | 몽라운지","massage/왕궁면-출장마사지-익산-생활권-지역정보-이용안내/index.html || 왕궁면 이용 전 지역정보 | 금마면·낭산면·망성면 가까운 지역 | 몽라운지",""
"TITLE_TEMPLATE","332","지역SEO","2","x kw loc loc loc 위치 loc 범위 brand","massage/대동면-출장마사지-김해-생활권-지역정보-이용안내/index.html || 대동면 출장마사지 | 상동면·생림면·주촌면 위치·이동 범위 | 몽라운지","massage/성수2가제3동-출장마사지-성동구-생활권-이동동선-지역정보-이용전-안내/index.html || 성수2가제3동 출장마사지 | 성수1가제2동·성수2가제1동·송정동 위치·이동 범위 | 몽라운지",""
"TITLE_TEMPLATE","333","지역SEO","2","x 지역 가이드 loc loc loc loc 동선 brand","massage/계룡면-출장마사지-공주-생활권-지역정보-이용안내/index.html || 계룡면 지역 가이드 | 반포면·사곡면·신풍면 이동 동선 | 몽라운지","massage/번동-출장마사지-강북구-생활권-이동동선-지역정보-이용전-안내/index.html || 번동 지역 가이드 | 미아동·삼각산동·삼양동 이동 동선 | 몽라운지",""
"TITLE_TEMPLATE","334","기타","2","내정보 brand","mypage.html || 내정보 | 몽라운지","mypage/index.html || 내정보 | 몽라운지",""
"TITLE_TEMPLATE","335","지역SEO","2","loc 생활권 정보 loc loc 생활권 정보 brand","massage/구래동-출장마사지-김포시-생활권-이동동선-지역정보-이용전-안내/index.html || 구래동 생활권 정보 | 김포본동·마산동 생활권 정보 | 몽라운지","massage/하대원동-출장마사지-성남시-중원구-생활권-이동동선-지역정보-이용전-안내/index.html || 하대원동 생활권 정보 | 은행동·중앙동 생활권 정보 | 몽라운지",""
"TITLE_TEMPLATE","336","지역SEO","2","loc 지역 가이드 loc loc 생활권 정보 brand","massage/중앙동-출장마사지-동두천시-생활권-이동동선-지역정보-이용전-안내/index.html || 중앙동 지역 가이드 | 소요동·송내동 생활권 정보 | 몽라운지","massage/오송읍-출장마사지-청주-흥덕구-생활권-지역정보-이용안내/index.html || 오송읍 지역 가이드 | 강내면·옥산면 생활권 정보 | 몽라운지",""
"TITLE_TEMPLATE","337","지역SEO","2","loc 위치 안내 loc loc 가까운 지역 brand","massage/금곡동-출장마사지-남양주시-생활권-이동동선-지역정보-이용전-안내/index.html || 금곡동 위치 안내 | 다산동·별내동 가까운 지역 | 몽라운지","massage/광희동-출장마사지-중구-생활권-이동동선-지역정보-이용전-안내/index.html || 광희동 위치 안내 | 다산동·동화동 가까운 지역 | 몽라운지",""
"TITLE_TEMPLATE","338","지역SEO","2","x 지역 이용 가이드 loc loc loc loc 동선 brand","massage/부강면-출장마사지-세종-생활권-지역정보-이용안내/index.html || 부강면 지역 이용 가이드 | 금남면·소정면·연기면 이동 동선 | 몽라운지","massage/수동면-출장마사지-남양주시-생활권-지역정보-이용안내/index.html || 수동면 지역 이용 가이드 | 별내면·오남읍·와부읍 이동 동선 | 몽라운지",""
"TITLE_TEMPLATE","339","지역SEO","2","x 지역 이용 가이드 loc loc loc 주변 위치 brand","massage/인주면-출장마사지-아산-생활권-지역정보-이용안내/index.html || 인주면 지역 이용 가이드 | 도고면·둔포면·배방읍 주변 위치 | 몽라운지","massage/평동-출장마사지-수원시-권선구-생활권-이동동선-지역정보-이용전-안내/index.html || 평동 지역 이용 가이드 | 세류동·입북동·호매실동 주변 위치 | 몽라운지",""
"TITLE_TEMPLATE","340","지역SEO","2","x kw loc loc loc 주변 생활권 brand","massage/신창면-출장마사지-아산-생활권-지역정보-이용안내/index.html || 신창면 출장마사지 | 도고면·둔포면·배방읍 주변 생활권 | 몽라운지","massage/오남읍-출장마사지-남양주시-생활권-지역정보-이용안내/index.html || 오남읍 출장마사지 | 별내면·수동면·와부읍 주변 생활권 | 몽라운지",""
"TITLE_TEMPLATE","341","지역SEO","2","x x 지역 이용 가이드 loc loc loc 지역 이용정보 brand","massage/낭산면-출장마사지-익산-생활권-지역정보-이용안내/index.html || 익산 낭산면 지역 이용 가이드 | 금마면·망성면·삼기면 지역 이용정보 | 몽라운지","massage/망성면-출장마사지-익산-생활권-지역정보-이용안내/index.html || 익산 망성면 지역 이용 가이드 | 금마면·낭산면·삼기면 지역 이용정보 | 몽라운지",""
"TITLE_TEMPLATE","342","지역SEO","2","x 생활권 정보 loc loc loc 주변 생활권 brand","massage/염치읍-출장마사지-아산-생활권-지역정보-이용안내/index.html || 염치읍 생활권 정보 | 도고면·둔포면·배방읍 주변 생활권 | 몽라운지","massage/대동-출장마사지-대전-동구-생활권-이동동선-지역정보-이용전-안내/index.html || 대동 생활권 정보 | 가양동·대청동·산내동 주변 생활권 | 몽라운지",""
"TITLE_TEMPLATE","343","지역SEO","2","x 이용 전 지역정보 loc loc loc 생활권 정보 brand","massage/둔포면-출장마사지-아산-생활권-지역정보-이용안내/index.html || 둔포면 이용 전 지역정보 | 도고면·배방읍·선장면 생활권 정보 | 몽라운지","massage/논현고잔동-출장마사지-남동구-생활권-이동동선-지역정보-이용전-안내/index.html || 논현고잔동 이용 전 지역정보 | 구월동·남촌도림동·논현동 생활권 정보 | 몽라운지",""
"TITLE_TEMPLATE","344","지역SEO","2","x kw loc loc loc 가까운 지역 brand","massage/연동면-출장마사지-세종-생활권-지역정보-이용안내/index.html || 연동면 출장마사지 | 금남면·부강면·소정면 가까운 지역 | 몽라운지","massage/별내면-출장마사지-남양주시-생활권-지역정보-이용안내/index.html || 별내면 출장마사지 | 수동면·오남읍·와부읍 가까운 지역 | 몽라운지",""
"TITLE_TEMPLATE","345","지역SEO","2","x 지역 이용 정보 생활권 안내 loc loc loc 인접 지역정보 brand","massage/소정면-출장마사지-세종-생활권-지역정보-이용안내/index.html || 소정면 지역 이용 정보 생활권 안내 | 금남면·부강면·연기면 인접 지역정보 | 몽라운지","massage/황등면-출장마사지-익산-생활권-지역정보-이용안내/index.html || 황등면 지역 이용 정보 생활권 안내 | 금마면·낭산면·망성면 인접 지역정보 | 몽라운지",""
"TITLE_TEMPLATE","346","지역SEO","2","x x 지역 가이드 loc loc loc 지역 이용정보 brand","massage/전의면-출장마사지-세종-생활권-지역정보-이용안내/index.html || 세종 전의면 지역 가이드 | 금남면·부강면·소정면 지역 이용정보 | 몽라운지","massage/음봉면-출장마사지-아산-생활권-지역정보-이용안내/index.html || 아산 음봉면 지역 가이드 | 도고면·둔포면·배방읍 지역 이용정보 | 몽라운지",""
"TITLE_TEMPLATE","347","지역SEO","2","x 생활권 안내 loc loc loc 주변 위치 brand","massage/장군면-출장마사지-세종-생활권-지역정보-이용안내/index.html || 장군면 생활권 안내 | 금남면·부강면·소정면 주변 위치 | 몽라운지","massage/청운효자동-출장마사지-종로구-생활권-이동동선-지역정보-이용전-안내/index.html || 청운효자동 생활권 안내 | 창신동·평창동·혜화동 주변 위치 | 몽라운지",""
"DESCRIPTION_TEMPLATE","1","지역SEO","12","loc 지역과 loc loc loc 등 인접 생활권을 함께 살펴볼 수 있도록 구성했습니다 인접 지역의 위치 관계와 생활권 범위를 비교할 때 참고할 수 있습니다","massage/정남면-출장마사지-화성시-효행구-생활권-지역정보-이용안내/index.html || 정남면 지역과 매송면·봉담읍·비봉면 등 인접 생활권을 함께 살펴볼 수 있도록 구성했습니다. 인접 지역의 위치 관계와 생활권 범위를 비교할 때 참고할 수 있습니다.","massage/풍세면-출장마사지-천안-동남구-생활권-지역정보-이용안내/index.html || 풍세면 지역과 광덕면·동면·목천읍 등 인접 생활권을 함께 살펴볼 수 있도록 구성했습니다. 인접 지역의 위치 관계와 생활권 범위를 비교할 때 참고할 수 있습니다.","massage/한강로동-출장마사지-용산구-생활권-이동동선-지역정보-이용전-안내/index.html || 한강로동 지역과 이태원동·청파동·한남동 등 인접 생활권을 함께 살펴볼 수 있도록 구성했습니다. 인접 지역의 위치 관계와 생활권 범위를 비교할 때 참고할 수 있습니다."
"DESCRIPTION_TEMPLATE","2","지역SEO","11","loc 위치를 기준으로 loc loc loc 등 주변 지역과의 연결 관계를 확인할 수 있습니다 주변 위치와 loc 동선을 한눈에 비교할 수 있도록 필요한 정보만 담았습니다","massage/중앙동-출장마사지-오산시-생활권-이동동선-지역정보-이용전-안내/index.html || 중앙동 위치를 기준으로 세마동·신장동·초평동 등 주변 지역과의 연결 관계를 확인할 수 있습니다. 주변 위치와 이동 동선을 한눈에 비교할 수 있도록 필요한 정보만 담았습니다.","massage/성거읍-출장마사지-천안-서북구-생활권-지역정보-이용안내/index.html || 성거읍 위치를 기준으로 성환읍·입장면·직산읍 등 주변 지역과의 연결 관계를 확인할 수 있습니다. 주변 위치와 이동 동선을 한눈에 비교할 수 있도록 필요한 정보만 담았습니다.","massage/신수동-출장마사지-마포구-생활권-이동동선-지역정보-이용전-안내/index.html || 신수동 위치를 기준으로 서교동·성산동·아현동 등 주변 지역과의 연결 관계를 확인할 수 있습니다. 주변 위치와 이동 동선을 한눈에 비교할 수 있도록 필요한 정보만 담았습니다."
"DESCRIPTION_TEMPLATE","3","지역SEO","11","loc 주변 지역을 확인할 때 loc loc loc 등 가까운 생활권을 비교할 수 있습니다 가까운 지역과 연결 방향을 비교해 현재 위치 기준 생활권을 살펴볼 수 있습니다","massage/교문동-출장마사지-구리시-생활권-이동동선-지역정보-이용전-안내/index.html || 교문동 주변 지역을 확인할 때 갈매동·동구동·수택동 등 가까운 생활권을 비교할 수 있습니다. 가까운 지역과 연결 방향을 비교해 현재 위치 기준 생활권을 살펴볼 수 있습니다.","massage/송내동-출장마사지-동두천시-생활권-이동동선-지역정보-이용전-안내/index.html || 송내동 주변 지역을 확인할 때 생연동·소요동·중앙동 등 가까운 생활권을 비교할 수 있습니다. 가까운 지역과 연결 방향을 비교해 현재 위치 기준 생활권을 살펴볼 수 있습니다.","massage/우보면-출장마사지-대구-군위군-생활권-지역정보-이용안내/index.html || 우보면 주변 지역을 확인할 때 군위읍·부계면·산성면 등 가까운 생활권을 비교할 수 있습니다. 가까운 지역과 연결 방향을 비교해 현재 위치 기준 생활권을 살펴볼 수 있습니다."
"DESCRIPTION_TEMPLATE","4","지역SEO","10","loc 주변 지역을 확인할 때 loc loc loc 등 가까운 생활권을 비교할 수 있습니다 현재 위치에서 이어지는 주변 지역을 살펴보고 loc 방향을 판단할 때 활용할 수 있습니다","massage/화곡동-출장마사지-강서구-화곡역-주거생활권-퇴근후-목어깨-허리-피로-방문-홈케어/index.html || 화곡동 주변 지역을 확인할 때 염창동·우장산동·화곡본동 등 가까운 생활권을 비교할 수 있습니다. 현재 위치에서 이어지는 주변 지역을 살펴보고 이동 방향을 판단할 때 활용할 수 있습니다.","massage/송중동-출장마사지-강북구-생활권-이동동선-지역정보-이용전-안내/index.html || 송중동 주변 지역을 확인할 때 삼각산동·삼양동·송천동 등 가까운 생활권을 비교할 수 있습니다. 현재 위치에서 이어지는 주변 지역을 살펴보고 이동 방향을 판단할 때 활용할 수 있습니다.","massage/논현동-출장마사지-남동구-생활권-이동동선-지역정보-이용전-안내/index.html || 논현동 주변 지역을 확인할 때 남촌도림동·논현고잔동·만수동 등 가까운 생활권을 비교할 수 있습니다. 현재 위치에서 이어지는 주변 지역을 살펴보고 이동 방향을 판단할 때 활용할 수 있습니다."
"DESCRIPTION_TEMPLATE","5","지역SEO","10","loc 기준으로 loc loc loc 등 인접 지역 정보를 정리했습니다 인접 지역의 위치 관계와 생활권 범위를 비교할 때 참고할 수 있습니다","massage/광남동-출장마사지-광주시-생활권-이동동선-지역정보-이용전-안내/index.html || 광남동 기준으로 경안동·능평동·송정동 등 인접 지역 정보를 정리했습니다. 인접 지역의 위치 관계와 생활권 범위를 비교할 때 참고할 수 있습니다.","massage/송부동-출장마사지-군포시-생활권-이동동선-지역정보-이용전-안내/index.html || 송부동 기준으로 대야동·산본동·수리동 등 인접 지역 정보를 정리했습니다. 인접 지역의 위치 관계와 생활권 범위를 비교할 때 참고할 수 있습니다.","massage/송해면-출장마사지-인천-강화군-생활권-지역정보-이용안내/index.html || 송해면 기준으로 강화읍·교동면·길상면 등 인접 지역 정보를 정리했습니다. 인접 지역의 위치 관계와 생활권 범위를 비교할 때 참고할 수 있습니다."
"DESCRIPTION_TEMPLATE","6","지역SEO","9","loc 생활권과 loc loc loc 등 가까운 지역의 관계를 정리했습니다 지역별 위치 관계와 loc 범위를 함께 비교할 때 참고할 수 있습니다","massage/능평동-출장마사지-광주시-생활권-이동동선-지역정보-이용전-안내/index.html || 능평동 생활권과 경안동·광남동·송정동 등 가까운 지역의 관계를 정리했습니다. 지역별 위치 관계와 이동 범위를 함께 비교할 때 참고할 수 있습니다.","massage/오금동-출장마사지-군포시-생활권-이동동선-지역정보-이용전-안내/index.html || 오금동 생활권과 송부동·수리동·재궁동 등 가까운 지역의 관계를 정리했습니다. 지역별 위치 관계와 이동 범위를 함께 비교할 때 참고할 수 있습니다.","massage/운양동-출장마사지-김포시-생활권-이동동선-지역정보-이용전-안내/index.html || 운양동 생활권과 마산동·사우동·장기동 등 가까운 지역의 관계를 정리했습니다. 지역별 위치 관계와 이동 범위를 함께 비교할 때 참고할 수 있습니다."
"DESCRIPTION_TEMPLATE","7","지역SEO","9","loc 기준으로 loc loc loc 등 인접 지역 정보를 정리했습니다 지역별 위치 관계와 loc 범위를 함께 비교할 때 참고할 수 있습니다","massage/신현동-출장마사지-광주시-생활권-이동동선-지역정보-이용전-안내/index.html || 신현동 기준으로 능평동·송정동·쌍령동 등 인접 지역 정보를 정리했습니다. 지역별 위치 관계와 이동 범위를 함께 비교할 때 참고할 수 있습니다.","massage/양도면-출장마사지-인천-강화군-생활권-지역정보-이용안내/index.html || 양도면 기준으로 강화읍·교동면·길상면 등 인접 지역 정보를 정리했습니다. 지역별 위치 관계와 이동 범위를 함께 비교할 때 참고할 수 있습니다.","massage/직산읍-출장마사지-천안-서북구-생활권-지역정보-이용안내/index.html || 직산읍 기준으로 성거읍·성환읍·입장면 등 인접 지역 정보를 정리했습니다. 지역별 위치 관계와 이동 범위를 함께 비교할 때 참고할 수 있습니다."
"DESCRIPTION_TEMPLATE","8","지역SEO","9","loc 지역에서 loc loc loc 등 주변 생활권의 위치 관계를 확인할 수 있습니다 가까운 생활권과 loc 범위를 비교해 지역 선택 전 참고할 수 있습니다","massage/비봉면-출장마사지-화성시-효행구-생활권-지역정보-이용안내/index.html || 비봉면 지역에서 매송면·봉담읍·정남면 등 주변 생활권의 위치 관계를 확인할 수 있습니다. 가까운 생활권과 이동 범위를 비교해 지역 선택 전 참고할 수 있습니다.","massage/신대방동-출장마사지-동작구-생활권-이동동선-지역정보-이용전-안내/index.html || 신대방동 지역에서 사당동·상도동·흑석동 등 주변 생활권의 위치 관계를 확인할 수 있습니다. 가까운 생활권과 이동 범위를 비교해 지역 선택 전 참고할 수 있습니다.","massage/마전동-출장마사지-검단구-생활권-이동동선-지역정보-이용전-안내/index.html || 마전동 지역에서 검단동·당하동·불로대곡동 등 주변 생활권의 위치 관계를 확인할 수 있습니다. 가까운 생활권과 이동 범위를 비교해 지역 선택 전 참고할 수 있습니다."
"DESCRIPTION_TEMPLATE","9","업체상세","9","loc x 기준 x 의 코스와 이용 정보를 확인할 수 있습니다 n n 코스와 n n 부터 확인되는 가격 정보를 포함해 코스 가격 영업시간과 전화 또는 문자 문의 방법을 확인할 수 있습니다","shops/seoul/gangbuk-gu/미아동/한국미인테라피/index.html || 강북구 미아동 기준 한국미인테라피의 코스와 이용 정보를 확인할 수 있습니다. 60분·90분 코스와 100,000원부터 확인되는 가격 정보를 포함해 코스·가격·영업시간과 전화 또는 문자 문의 방법을 확인할 수 있습니다.","shops/seoul/gwanak-gu/낙성대동/프리미엄테라피/index.html || 관악구 낙성대동 기준 프리미엄테라피의 코스와 이용 정보를 확인할 수 있습니다. 60분·90분 코스와 60,000원부터 확인되는 가격 정보를 포함해 코스·가격·영업시간과 전화 또는 문자 문의 방법을 확인할 수 있습니다.","shops/seoul/seongdong-gu/용답동/한국미인테라피/index.html || 성동구 용답동 기준 한국미인테라피의 코스와 이용 정보를 확인할 수 있습니다. 60분·90분 코스와 100,000원부터 확인되는 가격 정보를 포함해 코스·가격·영업시간과 전화 또는 문자 문의 방법을 확인할 수 있습니다."
"DESCRIPTION_TEMPLATE","10","지역SEO","9","loc 지역에서 loc loc loc 등 주변 생활권의 위치 관계를 확인할 수 있습니다 생활권별 위치와 loc 흐름을 비교해 주변 지역을 확인하기 쉽도록 구성했습니다","massage/군포동-출장마사지-군포시-생활권-이동동선-지역정보-이용전-안내/index.html || 군포동 지역에서 광정동·궁내동·금정동 등 주변 생활권의 위치 관계를 확인할 수 있습니다. 생활권별 위치와 이동 흐름을 비교해 주변 지역을 확인하기 쉽도록 구성했습니다.","massage/중곡동-출장마사지-광진구-생활권-이동동선-지역정보-이용전-안내/index.html || 중곡동 지역에서 능동·자양동·화양동 등 주변 생활권의 위치 관계를 확인할 수 있습니다. 생활권별 위치와 이동 흐름을 비교해 주변 지역을 확인하기 쉽도록 구성했습니다.","massage/북아현동-출장마사지-서대문구-생활권-이동동선-지역정보-이용전-안내/index.html || 북아현동 지역에서 남가좌동·북가좌동·신촌동 등 주변 생활권의 위치 관계를 확인할 수 있습니다. 생활권별 위치와 이동 흐름을 비교해 주변 지역을 확인하기 쉽도록 구성했습니다."
"DESCRIPTION_TEMPLATE","11","지역SEO","9","loc 주변의 loc loc loc 등 연결 지역을 중심으로 위치 정보를 구성했습니다 주변 위치와 loc 동선을 한눈에 비교할 수 있도록 필요한 정보만 담았습니다","massage/수유동-출장마사지-강북구-생활권-이동동선-지역정보-이용전-안내/index.html || 수유동 주변의 송중동·송천동·우이동 등 연결 지역을 중심으로 위치 정보를 구성했습니다. 주변 위치와 이동 동선을 한눈에 비교할 수 있도록 필요한 정보만 담았습니다.","massage/상도동-출장마사지-동작구-생활권-이동동선-지역정보-이용전-안내/index.html || 상도동 주변의 대방동·사당동·신대방동 등 연결 지역을 중심으로 위치 정보를 구성했습니다. 주변 위치와 이동 동선을 한눈에 비교할 수 있도록 필요한 정보만 담았습니다.","massage/가장동-출장마사지-대전-서구-생활권-이동동선-지역정보-이용전-안내/index.html || 가장동 주변의 가수원동·갈마동·관저동 등 연결 지역을 중심으로 위치 정보를 구성했습니다. 주변 위치와 이동 동선을 한눈에 비교할 수 있도록 필요한 정보만 담았습니다."
"DESCRIPTION_TEMPLATE","12","지역SEO","9","loc 주변 지역을 확인할 때 loc loc loc 등 가까운 생활권을 비교할 수 있습니다 가까운 생활권과 loc 범위를 비교해 지역 선택 전 참고할 수 있습니다","massage/신평동-출장마사지-평택시-생활권-이동동선-지역정보-이용전-안내/index.html || 신평동 주변 지역을 확인할 때 송탄동·신장동·용이동 등 가까운 생활권을 비교할 수 있습니다. 가까운 생활권과 이동 범위를 비교해 지역 선택 전 참고할 수 있습니다.","massage/오류동-출장마사지-구로구-생활권-이동동선-지역정보-이용전-안내/index.html || 오류동 주변 지역을 확인할 때 수궁동·신도림동·항동 등 가까운 생활권을 비교할 수 있습니다. 가까운 생활권과 이동 범위를 비교해 지역 선택 전 참고할 수 있습니다.","massage/신촌동-출장마사지-서대문구-생활권-이동동선-지역정보-이용전-안내/index.html || 신촌동 주변 지역을 확인할 때 북가좌동·북아현동·연희동 등 가까운 생활권을 비교할 수 있습니다. 가까운 생활권과 이동 범위를 비교해 지역 선택 전 참고할 수 있습니다."
"DESCRIPTION_TEMPLATE","13","지역SEO","9","loc 지역에서 loc loc loc 등 주변 생활권을 함께 확인할 수 있습니다 주변 위치와 loc 동선을 한눈에 비교할 수 있도록 필요한 정보만 담았습니다","massage/문원동-출장마사지-과천시-생활권-이동동선-지역정보-이용전-안내/index.html || 문원동 지역에서 갈현동·과천동·별양동 등 주변 생활권을 함께 확인할 수 있습니다. 주변 위치와 이동 동선을 한눈에 비교할 수 있도록 필요한 정보만 담았습니다.","massage/원문동-출장마사지-과천시-생활권-이동동선-지역정보-이용전-안내/index.html || 원문동 지역에서 별양동·부림동·중앙동 등 주변 생활권을 함께 확인할 수 있습니다. 주변 위치와 이동 동선을 한눈에 비교할 수 있도록 필요한 정보만 담았습니다.","massage/양사면-출장마사지-인천-강화군-생활권-지역정보-이용안내/index.html || 양사면 지역에서 강화읍·교동면·길상면 등 주변 생활권을 함께 확인할 수 있습니다. 주변 위치와 이동 동선을 한눈에 비교할 수 있도록 필요한 정보만 담았습니다."
"DESCRIPTION_TEMPLATE","14","지역SEO","8","loc 위치를 기준으로 loc loc loc 등 주변 지역과의 연결 관계를 확인할 수 있습니다 인접 생활권과 loc 방향을 비교하고 지역 범위를 확인하는 데 참고할 수 있습니다","massage/일원동-출장마사지-강남구-생활권-이동동선-지역정보-이용전-안내/index.html || 일원동 위치를 기준으로 압구정동·역삼동·일원본동 등 주변 지역과의 연결 관계를 확인할 수 있습니다. 인접 생활권과 이동 방향을 비교하고 지역 범위를 확인하는 데 참고할 수 있습니다.","massage/대학동-출장마사지-관악구-생활권-이동동선-지역정보-이용전-안내/index.html || 대학동 위치를 기준으로 난향동·남현동·미성동 등 주변 지역과의 연결 관계를 확인할 수 있습니다. 인접 생활권과 이동 방향을 비교하고 지역 범위를 확인하는 데 참고할 수 있습니다.","massage/서림동-출장마사지-관악구-생활권-이동동선-지역정보-이용전-안내/index.html || 서림동 위치를 기준으로 보라매동·삼성동·서원동 등 주변 지역과의 연결 관계를 확인할 수 있습니다. 인접 생활권과 이동 방향을 비교하고 지역 범위를 확인하는 데 참고할 수 있습니다."
"DESCRIPTION_TEMPLATE","15","업체상세","8","x 의 loc x 이용 안내입니다 n n 코스와 n n 부터 확인되는 가격 정보를 포함해 가격과 코스 구성 영업시간 및 연락 수단을 비교해 이용 전 참고할 수 있습니다","shops/seoul/geumcheon-gu/가산동/한국미인테라피/index.html || 한국미인테라피의 금천구 가산동 이용 안내입니다. 60분·90분 코스와 100,000원부터 확인되는 가격 정보를 포함해 가격과 코스 구성, 영업시간 및 연락 수단을 비교해 이용 전 참고할 수 있습니다.","shops/seoul/mapo-gu/염리동/한국미인테라피/index.html || 한국미인테라피의 마포구 염리동 이용 안내입니다. 60분·90분 코스와 100,000원부터 확인되는 가격 정보를 포함해 가격과 코스 구성, 영업시간 및 연락 수단을 비교해 이용 전 참고할 수 있습니다.","shops/seoul/songpa-gu/거여동/프리미엄테라피/index.html || 프리미엄테라피의 송파구 거여동 이용 안내입니다. 60분·90분 코스와 60,000원부터 확인되는 가격 정보를 포함해 가격과 코스 구성, 영업시간 및 연락 수단을 비교해 이용 전 참고할 수 있습니다."
"DESCRIPTION_TEMPLATE","16","지역SEO","8","loc 지역과 loc loc loc 등 인접 생활권을 함께 살펴볼 수 있도록 구성했습니다 인접 생활권과 loc 방향을 비교하고 지역 범위를 확인하는 데 참고할 수 있습니다","massage/소하동-출장마사지-광명시-생활권-이동동선-지역정보-이용전-안내/index.html || 소하동 지역과 광명동·일직동·철산동 등 인접 생활권을 함께 살펴볼 수 있도록 구성했습니다. 인접 생활권과 이동 방향을 비교하고 지역 범위를 확인하는 데 참고할 수 있습니다.","massage/부계면-출장마사지-대구-군위군-생활권-지역정보-이용안내/index.html || 부계면 지역과 군위읍·산성면·삼국유사면 등 인접 생활권을 함께 살펴볼 수 있도록 구성했습니다. 인접 생활권과 이동 방향을 비교하고 지역 범위를 확인하는 데 참고할 수 있습니다.","massage/방배본동-출장마사지-서초구-생활권-이동동선-지역정보-이용전-안내/index.html || 방배본동 지역과 반포본동·방배동·서초동 등 인접 생활권을 함께 살펴볼 수 있도록 구성했습니다. 인접 생활권과 이동 방향을 비교하고 지역 범위를 확인하는 데 참고할 수 있습니다."
"DESCRIPTION_TEMPLATE","17","지역SEO","8","loc 생활권과 loc loc loc 등 가까운 지역의 관계를 정리했습니다 가까운 생활권과 loc 범위를 비교해 지역 선택 전 참고할 수 있습니다","massage/장암동-출장마사지-의정부시-생활권-이동동선-지역정보-이용전-안내/index.html || 장암동 생활권과 의정부동·자금동·호원동 등 가까운 지역의 관계를 정리했습니다. 가까운 생활권과 이동 범위를 비교해 지역 선택 전 참고할 수 있습니다.","massage/반포동-출장마사지-서초구-생활권-이동동선-지역정보-이용전-안내/index.html || 반포동 생활권과 내곡동·반포본동·방배동 등 가까운 지역의 관계를 정리했습니다. 가까운 생활권과 이동 범위를 비교해 지역 선택 전 참고할 수 있습니다.","massage/연수동-출장마사지-연수구-생활권-이동동선-지역정보-이용전-안내/index.html || 연수동 생활권과 선학동·송도동·옥련동 등 가까운 지역의 관계를 정리했습니다. 가까운 생활권과 이동 범위를 비교해 지역 선택 전 참고할 수 있습니다."
"DESCRIPTION_TEMPLATE","18","지역SEO","8","loc 생활권을 중심으로 loc loc loc 등 가까운 지역 정보를 정리했습니다 주변 동 읍 면과의 연결 범위를 살펴보고 가까운 지역을 찾는 데 활용할 수 있습니다","massage/다산동-출장마사지-남양주시-생활권-이동동선-지역정보-이용전-안내/index.html || 다산동 생활권을 중심으로 금곡동·별내동·양정동 등 가까운 지역 정보를 정리했습니다. 주변 동·읍·면과의 연결 범위를 살펴보고 가까운 지역을 찾는 데 활용할 수 있습니다.","massage/연성동-출장마사지-시흥시-생활권-이동동선-지역정보-이용전-안내/index.html || 연성동 생활권을 중심으로 신천동·신현동·월곶동 등 가까운 지역 정보를 정리했습니다. 주변 동·읍·면과의 연결 범위를 살펴보고 가까운 지역을 찾는 데 활용할 수 있습니다.","massage/미사동-출장마사지-하남시-생활권-이동동선-지역정보-이용전-안내/index.html || 미사동 생활권을 중심으로 감일동·덕풍동·신장동 등 가까운 지역 정보를 정리했습니다. 주변 동·읍·면과의 연결 범위를 살펴보고 가까운 지역을 찾는 데 활용할 수 있습니다."
"DESCRIPTION_TEMPLATE","19","지역SEO","8","loc 주변 지역을 확인할 때 loc loc loc 등 가까운 생활권을 비교할 수 있습니다 인접 생활권과 loc 방향을 비교하고 지역 범위를 확인하는 데 참고할 수 있습니다","massage/성내동-출장마사지-강동구-생활권-이동동선-지역정보-이용전-안내/index.html || 성내동 주변 지역을 확인할 때 명일동·상일동·암사동 등 가까운 생활권을 비교할 수 있습니다. 인접 생활권과 이동 방향을 비교하고 지역 범위를 확인하는 데 참고할 수 있습니다.","massage/돈암동-출장마사지-성북구-생활권-이동동선-지역정보-이용전-안내/index.html || 돈암동 주변 지역을 확인할 때 길음동·동선동·보문동 등 가까운 생활권을 비교할 수 있습니다. 인접 생활권과 이동 방향을 비교하고 지역 범위를 확인하는 데 참고할 수 있습니다.","massage/문정동-출장마사지-송파구-생활권-이동동선-지역정보-이용전-안내/index.html || 문정동 주변 지역을 확인할 때 거여동·마천동·방이동 등 가까운 생활권을 비교할 수 있습니다. 인접 생활권과 이동 방향을 비교하고 지역 범위를 확인하는 데 참고할 수 있습니다."
"DESCRIPTION_TEMPLATE","20","지역SEO","8","loc 생활권을 중심으로 loc loc loc 등 가까운 지역 정보를 정리했습니다 인접 생활권과 주변 위치를 확인해 loc 동선을 검토할 때 활용할 수 있습니다","massage/생연동-출장마사지-동두천시-생활권-이동동선-지역정보-이용전-안내/index.html || 생연동 생활권을 중심으로 불현동·상패동·소요동 등 가까운 지역 정보를 정리했습니다. 인접 생활권과 주변 위치를 확인해 이동 동선을 검토할 때 활용할 수 있습니다.","massage/서신면-출장마사지-화성시-만세구-생활권-지역정보-이용안내/index.html || 서신면 생활권을 중심으로 남양읍·마도면·송산면 등 가까운 지역 정보를 정리했습니다. 인접 생활권과 주변 위치를 확인해 이동 동선을 검토할 때 활용할 수 있습니다.","massage/선원면-출장마사지-인천-강화군-생활권-지역정보-이용안내/index.html || 선원면 생활권을 중심으로 강화읍·교동면·길상면 등 가까운 지역 정보를 정리했습니다. 인접 생활권과 주변 위치를 확인해 이동 동선을 검토할 때 활용할 수 있습니다."
"DESCRIPTION_TEMPLATE","21","지역SEO","8","loc 지역에서 loc loc loc 등 주변 생활권의 위치 관계를 확인할 수 있습니다 지역별 위치 관계와 loc 범위를 함께 비교할 때 참고할 수 있습니다","massage/우정읍-출장마사지-화성시-만세구-생활권-지역정보-이용안내/index.html || 우정읍 지역에서 남양읍·마도면·서신면 등 주변 생활권의 위치 관계를 확인할 수 있습니다. 지역별 위치 관계와 이동 범위를 함께 비교할 때 참고할 수 있습니다.","massage/상암동-출장마사지-마포구-생활권-이동동선-지역정보-이용전-안내/index.html || 상암동 지역에서 도화동·망원동·서강동 등 주변 생활권의 위치 관계를 확인할 수 있습니다. 지역별 위치 관계와 이동 범위를 함께 비교할 때 참고할 수 있습니다.","massage/약수동-출장마사지-중구-생활권-이동동선-지역정보-이용전-안내/index.html || 약수동 지역에서 소공동·신당동·을지로동 등 주변 생활권의 위치 관계를 확인할 수 있습니다. 지역별 위치 관계와 이동 범위를 함께 비교할 때 참고할 수 있습니다."
"DESCRIPTION_TEMPLATE","22","업체상세","8","x 의 loc x 이용 안내입니다 n n 부터 확인되는 가격 정보와 n n 코스 시간을 함께 살펴보고 코스 구성과 가격 운영시간 연락 방법을 한곳에서 확인할 수 있습니다","shops/seoul/gangdong-gu/강일동/love테라피/index.html || love테라피의 강동구 강일동 이용 안내입니다. 70,000원부터 확인되는 가격 정보와 60분·90분 코스 시간을 함께 살펴보고 코스 구성과 가격, 운영시간, 연락 방법을 한곳에서 확인할 수 있습니다.","shops/seoul/gwangjin-gu/능동/한국미인테라피/index.html || 한국미인테라피의 광진구 능동 이용 안내입니다. 100,000원부터 확인되는 가격 정보와 60분·90분 코스 시간을 함께 살펴보고 코스 구성과 가격, 운영시간, 연락 방법을 한곳에서 확인할 수 있습니다.","shops/seoul/seodaemun-gu/천연동/love테라피/index.html || love테라피의 서대문구 천연동 이용 안내입니다. 70,000원부터 확인되는 가격 정보와 60분·90분 코스 시간을 함께 살펴보고 코스 구성과 가격, 운영시간, 연락 방법을 한곳에서 확인할 수 있습니다."
"DESCRIPTION_TEMPLATE","23","지역SEO","8","loc 주변의 loc loc loc 등 연결 지역을 중심으로 위치 정보를 구성했습니다 생활권별 위치와 loc 흐름을 비교해 주변 지역을 확인하기 쉽도록 구성했습니다","massage/대흥동-출장마사지-마포구-생활권-이동동선-지역정보-이용전-안내/index.html || 대흥동 주변의 공덕동·도화동·망원동 등 연결 지역을 중심으로 위치 정보를 구성했습니다. 생활권별 위치와 이동 흐름을 비교해 주변 지역을 확인하기 쉽도록 구성했습니다.","massage/부평동-출장마사지-부평구-생활권-이동동선-지역정보-이용전-안내/index.html || 부평동 주변의 갈산동·부개동·산곡동 등 연결 지역을 중심으로 위치 정보를 구성했습니다. 생활권별 위치와 이동 흐름을 비교해 주변 지역을 확인하기 쉽도록 구성했습니다.","massage/보람동-출장마사지-세종-생활권-이동동선-지역정보-이용전-안내/index.html || 보람동 주변의 도담동·반곡동·새롬동 등 연결 지역을 중심으로 위치 정보를 구성했습니다. 생활권별 위치와 이동 흐름을 비교해 주변 지역을 확인하기 쉽도록 구성했습니다."
"DESCRIPTION_TEMPLATE","24","지역SEO","8","loc 위치를 기준으로 loc loc loc 등 주변 지역과의 연결 관계를 확인할 수 있습니다 지역별 위치 관계와 loc 범위를 함께 비교할 때 참고할 수 있습니다","massage/내가면-출장마사지-인천-강화군-생활권-지역정보-이용안내/index.html || 내가면 위치를 기준으로 강화읍·교동면·길상면 등 주변 지역과의 연결 관계를 확인할 수 있습니다. 지역별 위치 관계와 이동 범위를 함께 비교할 때 참고할 수 있습니다.","massage/부곡동-출장마사지-의왕시-생활권-이동동선-지역정보-이용전-안내/index.html || 부곡동 위치를 기준으로 고천동·내손동·오전동 등 주변 지역과의 연결 관계를 확인할 수 있습니다. 지역별 위치 관계와 이동 범위를 함께 비교할 때 참고할 수 있습니다.","massage/송산동-출장마사지-의정부시-생활권-이동동선-지역정보-이용전-안내/index.html || 송산동 위치를 기준으로 고산동·녹양동·신곡동 등 주변 지역과의 연결 관계를 확인할 수 있습니다. 지역별 위치 관계와 이동 범위를 함께 비교할 때 참고할 수 있습니다."
"DESCRIPTION_TEMPLATE","25","지역SEO","8","loc 생활권을 중심으로 loc loc loc 등 가까운 지역 정보를 정리했습니다 현재 위치에서 이어지는 주변 지역을 살펴보고 loc 방향을 판단할 때 활용할 수 있습니다","massage/성남면-출장마사지-천안-동남구-생활권-지역정보-이용안내/index.html || 성남면 생활권을 중심으로 광덕면·동면·목천읍 등 가까운 지역 정보를 정리했습니다. 현재 위치에서 이어지는 주변 지역을 살펴보고 이동 방향을 판단할 때 활용할 수 있습니다.","massage/상일동-출장마사지-강동구-생활권-이동동선-지역정보-이용전-안내/index.html || 상일동 생활권을 중심으로 둔촌동·명일동·성내동 등 가까운 지역 정보를 정리했습니다. 현재 위치에서 이어지는 주변 지역을 살펴보고 이동 방향을 판단할 때 활용할 수 있습니다.","massage/홍은동-출장마사지-서대문구-생활권-이동동선-지역정보-이용전-안내/index.html || 홍은동 생활권을 중심으로 천연동·충현동·홍제동 등 가까운 지역 정보를 정리했습니다. 현재 위치에서 이어지는 주변 지역을 살펴보고 이동 방향을 판단할 때 활용할 수 있습니다."
"DESCRIPTION_TEMPLATE","26","지역SEO","8","loc 기준 생활권과 loc loc loc 등 인접 지역의 범위를 함께 정리했습니다 현재 위치에서 이어지는 주변 지역을 살펴보고 loc 방향을 판단할 때 활용할 수 있습니다","massage/능곡동-출장마사지-시흥시-생활권-이동동선-지역정보-이용전-안내/index.html || 능곡동 기준 생활권과 과림동·군자동·대야동 등 인접 지역의 범위를 함께 정리했습니다. 현재 위치에서 이어지는 주변 지역을 살펴보고 이동 방향을 판단할 때 활용할 수 있습니다.","massage/대치동-출장마사지-강남구-생활권-이동동선-지역정보-이용전-안내/index.html || 대치동 기준 생활권과 개포동·논현동·도곡동 등 인접 지역의 범위를 함께 정리했습니다. 현재 위치에서 이어지는 주변 지역을 살펴보고 이동 방향을 판단할 때 활용할 수 있습니다.","massage/삼양동-출장마사지-강북구-생활권-이동동선-지역정보-이용전-안내/index.html || 삼양동 기준 생활권과 번동·삼각산동·송중동 등 인접 지역의 범위를 함께 정리했습니다. 현재 위치에서 이어지는 주변 지역을 살펴보고 이동 방향을 판단할 때 활용할 수 있습니다."
"DESCRIPTION_TEMPLATE","27","지역SEO","8","loc 지역에서 loc loc loc 등 주변 생활권의 위치 관계를 확인할 수 있습니다 가까운 지역과 연결 방향을 비교해 현재 위치 기준 생활권을 살펴볼 수 있습니다","massage/일직동-출장마사지-광명시-생활권-이동동선-지역정보-이용전-안내/index.html || 일직동 지역에서 광명동·소하동·철산동 등 주변 생활권의 위치 관계를 확인할 수 있습니다. 가까운 지역과 연결 방향을 비교해 현재 위치 기준 생활권을 살펴볼 수 있습니다.","massage/덕풍동-출장마사지-하남시-생활권-이동동선-지역정보-이용전-안내/index.html || 덕풍동 지역에서 감북동·감일동·미사동 등 주변 생활권의 위치 관계를 확인할 수 있습니다. 가까운 지역과 연결 방향을 비교해 현재 위치 기준 생활권을 살펴볼 수 있습니다.","massage/다산동-출장마사지-중구-생활권-이동동선-지역정보-이용전-안내/index.html || 다산동 지역에서 광희동·동화동·명동 등 주변 생활권의 위치 관계를 확인할 수 있습니다. 가까운 지역과 연결 방향을 비교해 현재 위치 기준 생활권을 살펴볼 수 있습니다."
"DESCRIPTION_TEMPLATE","28","지역SEO","8","loc 생활권과 loc loc loc 등 가까운 지역의 관계를 정리했습니다 현재 위치에서 가까운 지역을 비교하고 loc 범위를 살펴볼 때 참고할 수 있습니다","massage/세마동-출장마사지-오산시-생활권-이동동선-지역정보-이용전-안내/index.html || 세마동 생활권과 남촌동·대원동·신장동 등 가까운 지역의 관계를 정리했습니다. 현재 위치에서 가까운 지역을 비교하고 이동 범위를 살펴볼 때 참고할 수 있습니다.","massage/신장동-출장마사지-평택시-생활권-이동동선-지역정보-이용전-안내/index.html || 신장동 생활권과 송북동·송탄동·신평동 등 가까운 지역의 관계를 정리했습니다. 현재 위치에서 가까운 지역을 비교하고 이동 범위를 살펴볼 때 참고할 수 있습니다.","massage/삼성동-출장마사지-강남구-생활권-이동동선-지역정보-이용전-안내/index.html || 삼성동 생활권과 대치동·도곡동·세곡동 등 가까운 지역의 관계를 정리했습니다. 현재 위치에서 가까운 지역을 비교하고 이동 범위를 살펴볼 때 참고할 수 있습니다."
"DESCRIPTION_TEMPLATE","29","지역SEO","8","loc 기준으로 loc loc loc 등 인접 지역 정보를 정리했습니다 주변 동 읍 면과의 연결 범위를 살펴보고 가까운 지역을 찾는 데 활용할 수 있습니다","massage/적성면-출장마사지-파주시-생활권-지역정보-이용안내/index.html || 적성면 기준으로 광탄면·문산읍·법원읍 등 인접 지역 정보를 정리했습니다. 주변 동·읍·면과의 연결 범위를 살펴보고 가까운 지역을 찾는 데 활용할 수 있습니다.","massage/안중읍-출장마사지-평택시-생활권-지역정보-이용안내/index.html || 안중읍 기준으로 고덕면·서탄면·오성면 등 인접 지역 정보를 정리했습니다. 주변 동·읍·면과의 연결 범위를 살펴보고 가까운 지역을 찾는 데 활용할 수 있습니다.","massage/송촌동-출장마사지-대전-대덕구-생활권-이동동선-지역정보-이용전-안내/index.html || 송촌동 기준으로 비래동·석봉동·신탄진동 등 인접 지역 정보를 정리했습니다. 주변 동·읍·면과의 연결 범위를 살펴보고 가까운 지역을 찾는 데 활용할 수 있습니다."
"DESCRIPTION_TEMPLATE","30","지역SEO","7","loc 지역에서 loc loc loc 등 주변 생활권을 함께 확인할 수 있습니다 인접 지역의 위치 관계와 생활권 범위를 비교할 때 참고할 수 있습니다","massage/소흘읍-출장마사지-포천시-생활권-지역정보-이용안내/index.html || 소흘읍 지역에서 가산면·관인면·군내면 등 주변 생활권을 함께 확인할 수 있습니다. 인접 지역의 위치 관계와 생활권 범위를 비교할 때 참고할 수 있습니다.","massage/등촌동-출장마사지-강서구-생활권-이동동선-지역정보-이용전-안내/index.html || 등촌동 지역에서 가양동·공항동·발산동 등 주변 생활권을 함께 확인할 수 있습니다. 인접 지역의 위치 관계와 생활권 범위를 비교할 때 참고할 수 있습니다.","massage/방화동-출장마사지-강서구-생활권-이동동선-지역정보-이용전-안내/index.html || 방화동 지역에서 등촌동·발산동·염창동 등 주변 생활권을 함께 확인할 수 있습니다. 인접 지역의 위치 관계와 생활권 범위를 비교할 때 참고할 수 있습니다."
"DESCRIPTION_TEMPLATE","31","지역SEO","7","loc 기준 생활권과 loc loc loc 등 인접 지역의 범위를 함께 정리했습니다 인접 생활권과 주변 위치를 확인해 loc 동선을 검토할 때 활용할 수 있습니다","massage/이동면-출장마사지-포천시-생활권-지역정보-이용안내/index.html || 이동면 기준 생활권과 가산면·관인면·군내면 등 인접 지역의 범위를 함께 정리했습니다. 인접 생활권과 주변 위치를 확인해 이동 동선을 검토할 때 활용할 수 있습니다.","massage/문창동-출장마사지-대전-중구-생활권-이동동선-지역정보-이용전-안내/index.html || 문창동 기준 생활권과 대흥동·목동·문화동 등 인접 지역의 범위를 함께 정리했습니다. 인접 생활권과 주변 위치를 확인해 이동 동선을 검토할 때 활용할 수 있습니다.","massage/어진동-출장마사지-세종-생활권-이동동선-지역정보-이용전-안내/index.html || 어진동 기준 생활권과 소담동·아름동·종촌동 등 인접 지역의 범위를 함께 정리했습니다. 인접 생활권과 주변 위치를 확인해 이동 동선을 검토할 때 활용할 수 있습니다."
"DESCRIPTION_TEMPLATE","32","업체상세","7","loc x 생활권에서 확인할 수 있는 x 정보를 담았습니다 n n 시간 구성과 n n 부터 시작하는 가격을 확인하면서 운영시간과 코스 구성 가격 연락 방법을 한 페이지에서 확인할 수 있습니다","shops/seoul/gangseo-gu/방화동/love테라피/index.html || 강서구 방화동 생활권에서 확인할 수 있는 love테라피 정보를 담았습니다. 60분·90분 시간 구성과 70,000원부터 시작하는 가격을 확인하면서 운영시간과 코스 구성, 가격, 연락 방법을 한 페이지에서 확인할 수 있습니다.","shops/seoul/dobong-gu/창동/love테라피/index.html || 도봉구 창동 생활권에서 확인할 수 있는 love테라피 정보를 담았습니다. 60분·90분 시간 구성과 70,000원부터 시작하는 가격을 확인하면서 운영시간과 코스 구성, 가격, 연락 방법을 한 페이지에서 확인할 수 있습니다.","shops/gyeonggi/guri/동구동/love테라피/index.html || 구리시 동구동 생활권에서 확인할 수 있는 love테라피 정보를 담았습니다. 60분·90분 시간 구성과 70,000원부터 시작하는 가격을 확인하면서 운영시간과 코스 구성, 가격, 연락 방법을 한 페이지에서 확인할 수 있습니다."
"DESCRIPTION_TEMPLATE","33","업체상세","7","loc x 기준으로 x 운영 정보를 정리했습니다 n n 코스와 n n 부터 확인되는 가격 정보를 포함해 코스 가격 영업시간과 전화 또는 문자 문의 방법을 확인할 수 있습니다","shops/seoul/gwanak-gu/난곡동/love테라피/index.html || 관악구 난곡동 기준으로 love테라피 운영 정보를 정리했습니다. 60분·90분 코스와 70,000원부터 확인되는 가격 정보를 포함해 코스·가격·영업시간과 전화 또는 문자 문의 방법을 확인할 수 있습니다.","shops/seoul/gwanak-gu/조원동/마인드좋은테라피/index.html || 관악구 조원동 기준으로 마인드좋은테라피 운영 정보를 정리했습니다. 60분·90분 코스와 60,000원부터 확인되는 가격 정보를 포함해 코스·가격·영업시간과 전화 또는 문자 문의 방법을 확인할 수 있습니다.","shops/seoul/geumcheon-gu/가산동/너무이쁜테라피/index.html || 금천구 가산동 기준으로 너무이쁜테라피 운영 정보를 정리했습니다. 60분·90분 코스와 60,000원부터 확인되는 가격 정보를 포함해 코스·가격·영업시간과 전화 또는 문자 문의 방법을 확인할 수 있습니다."
"DESCRIPTION_TEMPLATE","34","지역SEO","7","loc 기준 생활권과 loc loc loc 등 인접 지역의 범위를 함께 정리했습니다 생활권 연결 방향과 위치 범위를 비교해 주변 지역을 확인할 때 활용할 수 있습니다","massage/쌍령동-출장마사지-광주시-생활권-이동동선-지역정보-이용전-안내/index.html || 쌍령동 기준 생활권과 송정동·신현동·오포동 등 인접 지역의 범위를 함께 정리했습니다. 생활권 연결 방향과 위치 범위를 비교해 주변 지역을 확인할 때 활용할 수 있습니다.","massage/입장면-출장마사지-천안-서북구-생활권-지역정보-이용안내/index.html || 입장면 기준 생활권과 성거읍·성환읍·직산읍 등 인접 지역의 범위를 함께 정리했습니다. 생활권 연결 방향과 위치 범위를 비교해 주변 지역을 확인할 때 활용할 수 있습니다.","massage/신곡동-출장마사지-의정부시-생활권-이동동선-지역정보-이용전-안내/index.html || 신곡동 기준 생활권과 녹양동·송산동·의정부동 등 인접 지역의 범위를 함께 정리했습니다. 생활권 연결 방향과 위치 범위를 비교해 주변 지역을 확인할 때 활용할 수 있습니다."
"DESCRIPTION_TEMPLATE","35","업체상세","7","loc x 에서 x 이용 전 확인할 정보를 모았습니다 n n 코스와 n n 부터 확인되는 가격 정보를 포함해 코스별 이용시간과 가격 운영시간 및 연락 방법을 비교할 수 있습니다","shops/seoul/mapo-gu/신수동/love테라피/index.html || 마포구 신수동에서 love테라피 이용 전 확인할 정보를 모았습니다. 60분·90분 코스와 70,000원부터 확인되는 가격 정보를 포함해 코스별 이용시간과 가격, 운영시간 및 연락 방법을 비교할 수 있습니다.","shops/seoul/yeongdeungpo-gu/영등포동/love테라피/index.html || 영등포구 영등포동에서 love테라피 이용 전 확인할 정보를 모았습니다. 60분·90분 코스와 70,000원부터 확인되는 가격 정보를 포함해 코스별 이용시간과 가격, 운영시간 및 연락 방법을 비교할 수 있습니다.","shops/seoul/yongsan-gu/이촌동/너무이쁜테라피/index.html || 용산구 이촌동에서 너무이쁜테라피 이용 전 확인할 정보를 모았습니다. 60분·90분 코스와 60,000원부터 확인되는 가격 정보를 포함해 코스별 이용시간과 가격, 운영시간 및 연락 방법을 비교할 수 있습니다."
"DESCRIPTION_TEMPLATE","36","지역SEO","7","loc 주변 지역을 확인할 때 loc loc loc 등 가까운 생활권을 비교할 수 있습니다 생활권별 위치와 loc 흐름을 비교해 주변 지역을 확인하기 쉽도록 구성했습니다","massage/서정동-출장마사지-평택시-생활권-이동동선-지역정보-이용전-안내/index.html || 서정동 주변 지역을 확인할 때 동삭동·비전동·세교동 등 가까운 생활권을 비교할 수 있습니다. 생활권별 위치와 이동 흐름을 비교해 주변 지역을 확인하기 쉽도록 구성했습니다.","massage/응봉동-출장마사지-성동구-생활권-이동동선-지역정보-이용전-안내/index.html || 응봉동 주변 지역을 확인할 때 왕십리동·용답동·행당동 등 가까운 생활권을 비교할 수 있습니다. 생활권별 위치와 이동 흐름을 비교해 주변 지역을 확인하기 쉽도록 구성했습니다.","massage/삼청동-출장마사지-종로구-생활권-이동동선-지역정보-이용전-안내/index.html || 삼청동 주변 지역을 확인할 때 부암동·사직동·숭인동 등 가까운 생활권을 비교할 수 있습니다. 생활권별 위치와 이동 흐름을 비교해 주변 지역을 확인하기 쉽도록 구성했습니다."
"DESCRIPTION_TEMPLATE","37","지역SEO","7","loc 지역에서 loc loc loc 등 주변 생활권의 위치 관계를 확인할 수 있습니다 생활권 연결 방향과 위치 범위를 비교해 주변 지역을 확인할 때 활용할 수 있습니다","massage/감일동-출장마사지-하남시-생활권-이동동선-지역정보-이용전-안내/index.html || 감일동 지역에서 감북동·덕풍동·미사동 등 주변 생활권의 위치 관계를 확인할 수 있습니다. 생활권 연결 방향과 위치 범위를 비교해 주변 지역을 확인할 때 활용할 수 있습니다.","massage/구의동-출장마사지-광진구-생활권-이동동선-지역정보-이용전-안내/index.html || 구의동 지역에서 광장동·군자동·능동 등 주변 생활권의 위치 관계를 확인할 수 있습니다. 생활권 연결 방향과 위치 범위를 비교해 주변 지역을 확인할 때 활용할 수 있습니다.","massage/이문동-출장마사지-동대문구-생활권-이동동선-지역정보-이용전-안내/index.html || 이문동 지역에서 신설동·용두동·장안동 등 주변 생활권의 위치 관계를 확인할 수 있습니다. 생활권 연결 방향과 위치 범위를 비교해 주변 지역을 확인할 때 활용할 수 있습니다."
"DESCRIPTION_TEMPLATE","38","지역SEO","7","loc 생활권을 중심으로 loc loc loc 등 가까운 지역 정보를 정리했습니다 생활권별 위치와 loc 흐름을 비교해 주변 지역을 확인하기 쉽도록 구성했습니다","massage/백령면-출장마사지-인천-옹진군-생활권-지역정보-이용안내/index.html || 백령면 생활권을 중심으로 대청면·덕적면·북도면 등 가까운 지역 정보를 정리했습니다. 생활권별 위치와 이동 흐름을 비교해 주변 지역을 확인하기 쉽도록 구성했습니다.","massage/동삭동-출장마사지-평택시-생활권-이동동선-지역정보-이용전-안내/index.html || 동삭동 생활권을 중심으로 고덕동·비전동·서정동 등 가까운 지역 정보를 정리했습니다. 생활권별 위치와 이동 흐름을 비교해 주변 지역을 확인하기 쉽도록 구성했습니다.","massage/난향동-출장마사지-관악구-생활권-이동동선-지역정보-이용전-안내/index.html || 난향동 생활권을 중심으로 낙성대동·난곡동·남현동 등 가까운 지역 정보를 정리했습니다. 생활권별 위치와 이동 흐름을 비교해 주변 지역을 확인하기 쉽도록 구성했습니다."
"DESCRIPTION_TEMPLATE","39","지역SEO","7","loc 지역에서 loc loc loc 등 주변 생활권을 함께 확인할 수 있습니다 인접 생활권과 loc 방향을 비교하고 지역 범위를 확인하는 데 참고할 수 있습니다","massage/매화동-출장마사지-시흥시-생활권-이동동선-지역정보-이용전-안내/index.html || 매화동 지역에서 능곡동·대야동·목감동 등 주변 생활권을 함께 확인할 수 있습니다. 인접 생활권과 이동 방향을 비교하고 지역 범위를 확인하는 데 참고할 수 있습니다.","massage/고덕동-출장마사지-강동구-생활권-이동동선-지역정보-이용전-안내/index.html || 고덕동 지역에서 강일동·길동·둔촌동 등 주변 생활권을 함께 확인할 수 있습니다. 인접 생활권과 이동 방향을 비교하고 지역 범위를 확인하는 데 참고할 수 있습니다.","massage/상남동-출장마사지-창원-성산구-생활권-이동동선-지역정보-이용전-안내/index.html || 상남동 지역에서 반송동·사파동·성주동 등 주변 생활권을 함께 확인할 수 있습니다. 인접 생활권과 이동 방향을 비교하고 지역 범위를 확인하는 데 참고할 수 있습니다."
"DESCRIPTION_TEMPLATE","40","업체상세","7","x 의 loc x 이용 안내입니다 n n 이용시간과 n n 부터 확인되는 가격 정보를 함께 확인하며 이용 전 필요한 코스 가격 운영시간과 연락 정보를 한 번에 살펴볼 수 있습니다","shops/seoul/gangseo-gu/우장산동/한국미인테라피/index.html || 한국미인테라피의 강서구 우장산동 이용 안내입니다. 60분·90분 이용시간과 100,000원부터 확인되는 가격 정보를 함께 확인하며 이용 전 필요한 코스·가격·운영시간과 연락 정보를 한 번에 살펴볼 수 있습니다.","shops/seoul/jongno-gu/무악동/프리미엄테라피/index.html || 프리미엄테라피의 종로구 무악동 이용 안내입니다. 60분·90분 이용시간과 60,000원부터 확인되는 가격 정보를 함께 확인하며 이용 전 필요한 코스·가격·운영시간과 연락 정보를 한 번에 살펴볼 수 있습니다.","shops/seoul/jungnang-gu/상봉동/프리미엄테라피/index.html || 프리미엄테라피의 중랑구 상봉동 이용 안내입니다. 60분·90분 이용시간과 60,000원부터 확인되는 가격 정보를 함께 확인하며 이용 전 필요한 코스·가격·운영시간과 연락 정보를 한 번에 살펴볼 수 있습니다."
"DESCRIPTION_TEMPLATE","41","업체상세","7","loc loc x 기준 x 의 코스와 이용 정보를 확인할 수 있습니다 n n 코스와 n n 부터 가격과 이용시간 연락 방법을 확인해 필요한 내용을 loc 비교할 수 있습니다","shops/gyeonggi/goyang/deogyang-gu/주교동/프리미엄테라피/index.html || 고양시-덕양구 주교동 기준 프리미엄테라피의 코스와 이용 정보를 확인할 수 있습니다. 60분·90분 코스와 60,000원부터 가격과 이용시간, 연락 방법을 확인해 필요한 내용을 미리 비교할 수 있습니다.","shops/gyeonggi/bucheon/ojeong-gu/성곡동/한국미인테라피/index.html || 부천시-오정구 성곡동 기준 한국미인테라피의 코스와 이용 정보를 확인할 수 있습니다. 60분·90분 코스와 100,000원부터 가격과 이용시간, 연락 방법을 확인해 필요한 내용을 미리 비교할 수 있습니다.","shops/gyeonggi/bucheon/wonmi-gu/소사동/love테라피/index.html || 부천시-원미구 소사동 기준 love테라피의 코스와 이용 정보를 확인할 수 있습니다. 60분·90분 코스와 70,000원부터 가격과 이용시간, 연락 방법을 확인해 필요한 내용을 미리 비교할 수 있습니다."
"DESCRIPTION_TEMPLATE","42","업체상세","7","loc x 기준 x 의 코스와 이용 정보를 확인할 수 있습니다 n n 코스와 n n 부터 확인되는 가격 정보를 포함해 영업시간과 코스별 가격을 확인하고 전화나 문자로 세부 내용을 문의할 수 있습니다","shops/seoul/dongdaemun-gu/청량리동/한국미인테라피/index.html || 동대문구 청량리동 기준 한국미인테라피의 코스와 이용 정보를 확인할 수 있습니다. 60분·90분 코스와 100,000원부터 확인되는 가격 정보를 포함해 영업시간과 코스별 가격을 확인하고 전화나 문자로 세부 내용을 문의할 수 있습니다.","shops/seoul/dongjak-gu/대방동/love테라피/index.html || 동작구 대방동 기준 love테라피의 코스와 이용 정보를 확인할 수 있습니다. 60분·90분 코스와 70,000원부터 확인되는 가격 정보를 포함해 영업시간과 코스별 가격을 확인하고 전화나 문자로 세부 내용을 문의할 수 있습니다.","shops/seoul/seongbuk-gu/보문동/love테라피/index.html || 성북구 보문동 기준 love테라피의 코스와 이용 정보를 확인할 수 있습니다. 60분·90분 코스와 70,000원부터 확인되는 가격 정보를 포함해 영업시간과 코스별 가격을 확인하고 전화나 문자로 세부 내용을 문의할 수 있습니다."
"DESCRIPTION_TEMPLATE","43","지역SEO","7","loc 지역에서 loc loc loc 등 주변 생활권의 위치 관계를 확인할 수 있습니다 인접 생활권과 주변 위치를 확인해 loc 동선을 검토할 때 활용할 수 있습니다","massage/서탄면-출장마사지-평택시-생활권-지역정보-이용안내/index.html || 서탄면 지역에서 고덕면·안중읍·오성면 등 주변 생활권의 위치 관계를 확인할 수 있습니다. 인접 생활권과 주변 위치를 확인해 이동 동선을 검토할 때 활용할 수 있습니다.","massage/사우동-출장마사지-김포시-생활권-이동동선-지역정보-이용전-안내/index.html || 사우동 지역에서 김포본동·마산동·운양동 등 주변 생활권의 위치 관계를 확인할 수 있습니다. 인접 생활권과 주변 위치를 확인해 이동 동선을 검토할 때 활용할 수 있습니다.","massage/신사동-출장마사지-관악구-생활권-이동동선-지역정보-이용전-안내/index.html || 신사동 지역에서 성현동·신림동·신원동 등 주변 생활권의 위치 관계를 확인할 수 있습니다. 인접 생활권과 주변 위치를 확인해 이동 동선을 검토할 때 활용할 수 있습니다."
"DESCRIPTION_TEMPLATE","44","지역SEO","7","loc 생활권과 loc loc loc 등 가까운 지역의 관계를 정리했습니다 주변 동 읍 면과의 연결 범위를 살펴보고 가까운 지역을 찾는 데 활용할 수 있습니다","massage/분평동-출장마사지-청주-서원구-생활권-이동동선-지역정보-이용전-안내/index.html || 분평동 생활권과 모충동·사직동·사창동 등 가까운 지역의 관계를 정리했습니다. 주변 동·읍·면과의 연결 범위를 살펴보고 가까운 지역을 찾는 데 활용할 수 있습니다.","massage/덕진동-출장마사지-전주-덕진구-생활권-이동동선-지역정보-이용전-안내/index.html || 덕진동 생활권과 금암동·송천동·여의동 등 가까운 지역의 관계를 정리했습니다. 주변 동·읍·면과의 연결 범위를 살펴보고 가까운 지역을 찾는 데 활용할 수 있습니다.","massage/팔복동-출장마사지-전주-덕진구-생활권-이동동선-지역정보-이용전-안내/index.html || 팔복동 생활권과 조촌동·진북동·혁신동 등 가까운 지역의 관계를 정리했습니다. 주변 동·읍·면과의 연결 범위를 살펴보고 가까운 지역을 찾는 데 활용할 수 있습니다."
"DESCRIPTION_TEMPLATE","45","지역SEO","7","loc 생활권과 loc loc loc 등 가까운 지역의 관계를 정리했습니다 생활권별 위치와 loc 흐름을 비교해 주변 지역을 확인하기 쉽도록 구성했습니다","massage/논공읍-출장마사지-대구-달성군-생활권-지역정보-이용안내/index.html || 논공읍 생활권과 가창면·구지면·다사읍 등 가까운 지역의 관계를 정리했습니다. 생활권별 위치와 이동 흐름을 비교해 주변 지역을 확인하기 쉽도록 구성했습니다.","massage/다사읍-출장마사지-대구-달성군-생활권-지역정보-이용안내/index.html || 다사읍 생활권과 가창면·구지면·논공읍 등 가까운 지역의 관계를 정리했습니다. 생활권별 위치와 이동 흐름을 비교해 주변 지역을 확인하기 쉽도록 구성했습니다.","massage/북도면-출장마사지-인천-옹진군-생활권-지역정보-이용안내/index.html || 북도면 생활권과 대청면·덕적면·백령면 등 가까운 지역의 관계를 정리했습니다. 생활권별 위치와 이동 흐름을 비교해 주변 지역을 확인하기 쉽도록 구성했습니다."
"DESCRIPTION_TEMPLATE","46","업체상세","7","loc x 지역의 x 이용 정보를 정리했습니다 n n 코스와 n n 부터 영업시간과 코스별 가격을 확인하고 전화나 문자로 세부 내용을 문의할 수 있습니다","shops/seoul/gangseo-gu/공항동/프리미엄테라피/index.html || 강서구 공항동 지역의 프리미엄테라피 이용 정보를 정리했습니다. 60분·90분 코스와 60,000원부터 영업시간과 코스별 가격을 확인하고 전화나 문자로 세부 내용을 문의할 수 있습니다.","shops/seoul/yeongdeungpo-gu/당산동/love테라피/index.html || 영등포구 당산동 지역의 love테라피 이용 정보를 정리했습니다. 60분·90분 코스와 70,000원부터 영업시간과 코스별 가격을 확인하고 전화나 문자로 세부 내용을 문의할 수 있습니다.","shops/seoul/eunpyeong-gu/진관동/한국미인테라피/index.html || 은평구 진관동 지역의 한국미인테라피 이용 정보를 정리했습니다. 60분·90분 코스와 100,000원부터 영업시간과 코스별 가격을 확인하고 전화나 문자로 세부 내용을 문의할 수 있습니다."
"DESCRIPTION_TEMPLATE","47","지역SEO","7","loc 지역과 loc loc loc 등 인접 생활권을 함께 살펴볼 수 있도록 구성했습니다 현재 위치에서 가까운 지역을 비교하고 loc 범위를 살펴볼 때 참고할 수 있습니다","massage/별양동-출장마사지-과천시-생활권-이동동선-지역정보-이용전-안내/index.html || 별양동 지역과 과천동·문원동·부림동 등 인접 생활권을 함께 살펴볼 수 있도록 구성했습니다. 현재 위치에서 가까운 지역을 비교하고 이동 범위를 살펴볼 때 참고할 수 있습니다.","massage/십정동-출장마사지-부평구-생활권-이동동선-지역정보-이용전-안내/index.html || 십정동 지역과 산곡동·삼산동·일신동 등 인접 생활권을 함께 살펴볼 수 있도록 구성했습니다. 현재 위치에서 가까운 지역을 비교하고 이동 범위를 살펴볼 때 참고할 수 있습니다.","massage/중흥동-출장마사지-광주-북구-생활권-이동동선-지역정보-이용전-안내/index.html || 중흥동 지역과 임동·중앙동·풍향동 등 인접 생활권을 함께 살펴볼 수 있도록 구성했습니다. 현재 위치에서 가까운 지역을 비교하고 이동 범위를 살펴볼 때 참고할 수 있습니다."
"DESCRIPTION_TEMPLATE","48","업체상세","7","loc x 에서 x 이용 전 확인할 정보를 모았습니다 n n 코스 구성과 n n 부터 확인되는 가격대를 확인한 뒤 코스별 시간과 가격 운영시간 전화 문자 문의 내용을 살펴볼 수 있습니다","shops/seoul/gangseo-gu/방화동/너무이쁜테라피/index.html || 강서구 방화동에서 너무이쁜테라피 이용 전 확인할 정보를 모았습니다. 60분·90분 코스 구성과 60,000원부터 확인되는 가격대를 확인한 뒤 코스별 시간과 가격, 운영시간, 전화·문자 문의 내용을 살펴볼 수 있습니다.","shops/seoul/dongjak-gu/대방동/프리미엄테라피/index.html || 동작구 대방동에서 프리미엄테라피 이용 전 확인할 정보를 모았습니다. 60분·90분 코스 구성과 60,000원부터 확인되는 가격대를 확인한 뒤 코스별 시간과 가격, 운영시간, 전화·문자 문의 내용을 살펴볼 수 있습니다.","shops/seoul/yeongdeungpo-gu/영등포본동/너무이쁜테라피/index.html || 영등포구 영등포본동에서 너무이쁜테라피 이용 전 확인할 정보를 모았습니다. 60분·90분 코스 구성과 60,000원부터 확인되는 가격대를 확인한 뒤 코스별 시간과 가격, 운영시간, 전화·문자 문의 내용을 살펴볼 수 있습니다."
"DESCRIPTION_TEMPLATE","49","지역SEO","7","loc 주변의 loc loc loc 등 연결 지역을 중심으로 위치 정보를 구성했습니다 생활권 연결 방향과 위치 범위를 비교해 주변 지역을 확인할 때 활용할 수 있습니다","massage/하안동-출장마사지-광명시-생활권-이동동선-지역정보-이용전-안내/index.html || 하안동 주변의 일직동·철산동·학온동 등 연결 지역을 중심으로 위치 정보를 구성했습니다. 생활권 연결 방향과 위치 범위를 비교해 주변 지역을 확인할 때 활용할 수 있습니다.","massage/상패동-출장마사지-동두천시-생활권-이동동선-지역정보-이용전-안내/index.html || 상패동 주변의 보산동·불현동·생연동 등 연결 지역을 중심으로 위치 정보를 구성했습니다. 생활권 연결 방향과 위치 범위를 비교해 주변 지역을 확인할 때 활용할 수 있습니다.","massage/팔탄면-출장마사지-화성시-만세구-생활권-지역정보-이용안내/index.html || 팔탄면 주변의 남양읍·마도면·서신면 등 연결 지역을 중심으로 위치 정보를 구성했습니다. 생활권 연결 방향과 위치 범위를 비교해 주변 지역을 확인할 때 활용할 수 있습니다."
"DESCRIPTION_TEMPLATE","50","업체상세","7","loc x 에서 x 이용 전 확인할 정보를 모았습니다 n n 이용시간과 n n 부터 확인되는 가격 정보를 함께 확인하며 영업시간과 코스별 가격을 확인하고 전화나 문자로 세부 내용을 문의할 수 있습니다","shops/seoul/dongdaemun-gu/제기동/love테라피/index.html || 동대문구 제기동에서 love테라피 이용 전 확인할 정보를 모았습니다. 60분·90분 이용시간과 70,000원부터 확인되는 가격 정보를 함께 확인하며 영업시간과 코스별 가격을 확인하고 전화나 문자로 세부 내용을 문의할 수 있습니다.","shops/seoul/eunpyeong-gu/증산동/프리미엄테라피/index.html || 은평구 증산동에서 프리미엄테라피 이용 전 확인할 정보를 모았습니다. 60분·90분 이용시간과 60,000원부터 확인되는 가격 정보를 함께 확인하며 영업시간과 코스별 가격을 확인하고 전화나 문자로 세부 내용을 문의할 수 있습니다.","shops/gyeonggi/gimpo/양촌읍/love테라피/index.html || 김포시 양촌읍에서 love테라피 이용 전 확인할 정보를 모았습니다. 60분·90분 이용시간과 70,000원부터 확인되는 가격 정보를 함께 확인하며 영업시간과 코스별 가격을 확인하고 전화나 문자로 세부 내용을 문의할 수 있습니다."
"DESCRIPTION_TEMPLATE","51","업체상세","7","loc x 지역의 x 이용 정보를 정리했습니다 n n 부터 확인되는 가격과 n n 코스 정보를 참고해 이용 전 필요한 코스 가격 운영시간과 연락 정보를 한 번에 살펴볼 수 있습니다","shops/seoul/guro-gu/고척동/프리미엄테라피/index.html || 구로구 고척동 지역의 프리미엄테라피 이용 정보를 정리했습니다. 60,000원부터 확인되는 가격과 60분·90분 코스 정보를 참고해 이용 전 필요한 코스·가격·운영시간과 연락 정보를 한 번에 살펴볼 수 있습니다.","shops/gyeonggi/gimpo/통진읍/한국미인테라피/index.html || 김포시 통진읍 지역의 한국미인테라피 이용 정보를 정리했습니다. 100,000원부터 확인되는 가격과 60분·90분 코스 정보를 참고해 이용 전 필요한 코스·가격·운영시간과 연락 정보를 한 번에 살펴볼 수 있습니다.","shops/gyeonggi/dongducheon/상패동/love테라피/index.html || 동두천시 상패동 지역의 love테라피 이용 정보를 정리했습니다. 70,000원부터 확인되는 가격과 60분·90분 코스 정보를 참고해 이용 전 필요한 코스·가격·운영시간과 연락 정보를 한 번에 살펴볼 수 있습니다."
"DESCRIPTION_TEMPLATE","52","업체상세","7","loc x 기준 x 의 코스와 이용 정보를 확인할 수 있습니다 n n 코스와 n n 부터 코스 구성과 가격 운영시간 연락 방법을 한곳에서 확인할 수 있습니다","shops/seoul/gwanak-gu/삼성동/love테라피/index.html || 관악구 삼성동 기준 love테라피의 코스와 이용 정보를 확인할 수 있습니다. 60분·90분 코스와 70,000원부터 코스 구성과 가격, 운영시간, 연락 방법을 한곳에서 확인할 수 있습니다.","shops/seoul/dongdaemun-gu/전농동/한국미인테라피/index.html || 동대문구 전농동 기준 한국미인테라피의 코스와 이용 정보를 확인할 수 있습니다. 60분·90분 코스와 100,000원부터 코스 구성과 가격, 운영시간, 연락 방법을 한곳에서 확인할 수 있습니다.","shops/seoul/yongsan-gu/남영동/너무이쁜테라피/index.html || 용산구 남영동 기준 너무이쁜테라피의 코스와 이용 정보를 확인할 수 있습니다. 60분·90분 코스와 60,000원부터 코스 구성과 가격, 운영시간, 연락 방법을 한곳에서 확인할 수 있습니다."
"DESCRIPTION_TEMPLATE","53","지역SEO","7","loc 위치를 기준으로 loc loc loc 등 주변 지역과의 연결 관계를 확인할 수 있습니다 가까운 생활권과 loc 범위를 비교해 지역 선택 전 참고할 수 있습니다","massage/설성면-출장마사지-이천시-생활권-지역정보-이용안내/index.html || 설성면 위치를 기준으로 대월면·마장면·모가면 등 주변 지역과의 연결 관계를 확인할 수 있습니다. 가까운 생활권과 이동 범위를 비교해 지역 선택 전 참고할 수 있습니다.","massage/오포동-출장마사지-광주시-생활권-이동동선-지역정보-이용전-안내/index.html || 오포동 위치를 기준으로 신현동·쌍령동·탄벌동 등 주변 지역과의 연결 관계를 확인할 수 있습니다. 가까운 생활권과 이동 범위를 비교해 지역 선택 전 참고할 수 있습니다.","massage/신현동-출장마사지-시흥시-생활권-이동동선-지역정보-이용전-안내/index.html || 신현동 위치를 기준으로 배곧동·신천동·연성동 등 주변 지역과의 연결 관계를 확인할 수 있습니다. 가까운 생활권과 이동 범위를 비교해 지역 선택 전 참고할 수 있습니다."
"DESCRIPTION_TEMPLATE","54","업체상세","6","loc x 에서 x 이용 전 확인할 정보를 모았습니다 n n 코스 구성과 n n 부터 확인되는 가격대를 확인한 뒤 가격 코스 구성 영업시간과 문의 수단을 순서대로 확인할 수 있습니다","shops/seoul/gangseo-gu/공항동/love테라피/index.html || 강서구 공항동에서 love테라피 이용 전 확인할 정보를 모았습니다. 60분·90분 코스 구성과 70,000원부터 확인되는 가격대를 확인한 뒤 가격, 코스 구성, 영업시간과 문의 수단을 순서대로 확인할 수 있습니다.","shops/seoul/gwanak-gu/조원동/너무이쁜테라피/index.html || 관악구 조원동에서 너무이쁜테라피 이용 전 확인할 정보를 모았습니다. 60분·90분 코스 구성과 60,000원부터 확인되는 가격대를 확인한 뒤 가격, 코스 구성, 영업시간과 문의 수단을 순서대로 확인할 수 있습니다.","shops/seoul/seodaemun-gu/충현동/한국미인테라피/index.html || 서대문구 충현동에서 한국미인테라피 이용 전 확인할 정보를 모았습니다. 60분·90분 코스 구성과 100,000원부터 확인되는 가격대를 확인한 뒤 가격, 코스 구성, 영업시간과 문의 수단을 순서대로 확인할 수 있습니다."
"DESCRIPTION_TEMPLATE","55","업체상세","6","x 이용을 검토할 때 참고할 loc x 상세 정보입니다 n n 부터 확인되는 가격과 n n 코스 정보를 참고해 가격 코스 구성 영업시간과 문의 수단을 순서대로 확인할 수 있습니다","shops/seoul/gwanak-gu/삼성동/너무이쁜테라피/index.html || 너무이쁜테라피 이용을 검토할 때 참고할 관악구 삼성동 상세 정보입니다. 60,000원부터 확인되는 가격과 60분·90분 코스 정보를 참고해 가격, 코스 구성, 영업시간과 문의 수단을 순서대로 확인할 수 있습니다.","shops/seoul/dobong-gu/창동/한국미인테라피/index.html || 한국미인테라피 이용을 검토할 때 참고할 도봉구 창동 상세 정보입니다. 100,000원부터 확인되는 가격과 60분·90분 코스 정보를 참고해 가격, 코스 구성, 영업시간과 문의 수단을 순서대로 확인할 수 있습니다.","shops/seoul/yongsan-gu/보광동/프리미엄테라피/index.html || 프리미엄테라피 이용을 검토할 때 참고할 용산구 보광동 상세 정보입니다. 60,000원부터 확인되는 가격과 60분·90분 코스 정보를 참고해 가격, 코스 구성, 영업시간과 문의 수단을 순서대로 확인할 수 있습니다."
"DESCRIPTION_TEMPLATE","56","지역SEO","6","loc 기준으로 loc loc loc 등 인접 지역 정보를 정리했습니다 가까운 생활권과 loc 범위를 비교해 지역 선택 전 참고할 수 있습니다","massage/덕적면-출장마사지-인천-옹진군-생활권-지역정보-이용안내/index.html || 덕적면 기준으로 대청면·백령면·북도면 등 인접 지역 정보를 정리했습니다. 가까운 생활권과 이동 범위를 비교해 지역 선택 전 참고할 수 있습니다.","massage/삼성동-출장마사지-관악구-생활권-이동동선-지역정보-이용전-안내/index.html || 삼성동 기준으로 미성동·보라매동·서림동 등 인접 지역 정보를 정리했습니다. 가까운 생활권과 이동 범위를 비교해 지역 선택 전 참고할 수 있습니다.","massage/고척동-출장마사지-구로구-생활권-이동동선-지역정보-이용전-안내/index.html || 고척동 기준으로 가리봉동·개봉동·구로동 등 인접 지역 정보를 정리했습니다. 가까운 생활권과 이동 범위를 비교해 지역 선택 전 참고할 수 있습니다."
"DESCRIPTION_TEMPLATE","57","지역SEO","6","loc 기준 생활권과 loc loc loc 등 인접 지역의 범위를 함께 정리했습니다 인접 지역의 위치 관계와 생활권 범위를 비교할 때 참고할 수 있습니다","massage/하빈면-출장마사지-대구-달성군-생활권-지역정보-이용안내/index.html || 하빈면 기준 생활권과 가창면·구지면·논공읍 등 인접 지역의 범위를 함께 정리했습니다. 인접 지역의 위치 관계와 생활권 범위를 비교할 때 참고할 수 있습니다.","massage/비전동-출장마사지-평택시-생활권-이동동선-지역정보-이용전-안내/index.html || 비전동 기준 생활권과 고덕동·동삭동·서정동 등 인접 지역의 범위를 함께 정리했습니다. 인접 지역의 위치 관계와 생활권 범위를 비교할 때 참고할 수 있습니다.","massage/신사동-출장마사지-은평구-생활권-이동동선-지역정보-이용전-안내/index.html || 신사동 기준 생활권과 불광동·수색동·역촌동 등 인접 지역의 범위를 함께 정리했습니다. 인접 지역의 위치 관계와 생활권 범위를 비교할 때 참고할 수 있습니다."
"DESCRIPTION_TEMPLATE","58","업체상세","6","x 의 loc x 운영 정보와 문의 방법을 정리했습니다 n n 이용시간과 n n 부터 확인되는 가격 정보를 함께 확인하며 영업시간과 코스별 가격을 확인하고 전화나 문자로 세부 내용을 문의할 수 있습니다","shops/gyeonggi/guri/갈매동/한국미인테라피/index.html || 한국미인테라피의 구리시 갈매동 운영 정보와 문의 방법을 정리했습니다. 60분·90분 이용시간과 100,000원부터 확인되는 가격 정보를 함께 확인하며 영업시간과 코스별 가격을 확인하고 전화나 문자로 세부 내용을 문의할 수 있습니다.","shops/gyeonggi/paju/교하동/너무이쁜테라피/index.html || 너무이쁜테라피의 파주시 교하동 운영 정보와 문의 방법을 정리했습니다. 60분·90분 이용시간과 60,000원부터 확인되는 가격 정보를 함께 확인하며 영업시간과 코스별 가격을 확인하고 전화나 문자로 세부 내용을 문의할 수 있습니다.","shops/incheon/seohae-gu/석남동/love테라피/index.html || love테라피의 서해구 석남동 운영 정보와 문의 방법을 정리했습니다. 60분·90분 이용시간과 70,000원부터 확인되는 가격 정보를 함께 확인하며 영업시간과 코스별 가격을 확인하고 전화나 문자로 세부 내용을 문의할 수 있습니다."
"DESCRIPTION_TEMPLATE","59","지역SEO","6","loc 주변의 loc loc loc 등 연결 지역을 중심으로 위치 정보를 구성했습니다 인접 생활권과 loc 방향을 비교하고 지역 범위를 확인하는 데 참고할 수 있습니다","massage/대청면-출장마사지-인천-옹진군-생활권-지역정보-이용안내/index.html || 대청면 주변의 덕적면·백령면·북도면 등 연결 지역을 중심으로 위치 정보를 구성했습니다. 인접 생활권과 이동 방향을 비교하고 지역 범위를 확인하는 데 참고할 수 있습니다.","massage/개봉동-출장마사지-구로구-생활권-이동동선-지역정보-이용전-안내/index.html || 개봉동 주변의 가리봉동·고척동·구로동 등 연결 지역을 중심으로 위치 정보를 구성했습니다. 인접 생활권과 이동 방향을 비교하고 지역 범위를 확인하는 데 참고할 수 있습니다.","massage/제기동-출장마사지-동대문구-생활권-이동동선-지역정보-이용전-안내/index.html || 제기동 주변의 장안동·전농동·청량리동 등 연결 지역을 중심으로 위치 정보를 구성했습니다. 인접 생활권과 이동 방향을 비교하고 지역 범위를 확인하는 데 참고할 수 있습니다."
"DESCRIPTION_TEMPLATE","60","지역SEO","6","loc 기준 생활권과 loc loc loc 등 인접 지역의 범위를 함께 정리했습니다 가까운 생활권과 loc 범위를 비교해 지역 선택 전 참고할 수 있습니다","massage/마산동-출장마사지-김포시-생활권-이동동선-지역정보-이용전-안내/index.html || 마산동 기준 생활권과 구래동·김포본동·사우동 등 인접 지역의 범위를 함께 정리했습니다. 가까운 생활권과 이동 범위를 비교해 지역 선택 전 참고할 수 있습니다.","massage/목천읍-출장마사지-천안-동남구-생활권-지역정보-이용안내/index.html || 목천읍 기준 생활권과 광덕면·동면·병천면 등 인접 지역의 범위를 함께 정리했습니다. 가까운 생활권과 이동 범위를 비교해 지역 선택 전 참고할 수 있습니다.","massage/왕십리동-출장마사지-성동구-생활권-이동동선-지역정보-이용전-안내/index.html || 왕십리동 기준 생활권과 옥수동·왕십리도선동·용답동 등 인접 지역의 범위를 함께 정리했습니다. 가까운 생활권과 이동 범위를 비교해 지역 선택 전 참고할 수 있습니다."
"DESCRIPTION_TEMPLATE","61","지역SEO","6","loc 생활권과 loc loc loc 등 가까운 지역의 관계를 정리했습니다 가까운 지역과 연결 방향을 비교해 현재 위치 기준 생활권을 살펴볼 수 있습니다","massage/중리동-출장마사지-이천시-생활권-이동동선-지역정보-이용전-안내/index.html || 중리동 생활권과 관고동·증포동·창전동 등 가까운 지역의 관계를 정리했습니다. 가까운 지역과 연결 방향을 비교해 현재 위치 기준 생활권을 살펴볼 수 있습니다.","massage/송탄동-출장마사지-평택시-생활권-이동동선-지역정보-이용전-안내/index.html || 송탄동 생활권과 세교동·송북동·신장동 등 가까운 지역의 관계를 정리했습니다. 가까운 지역과 연결 방향을 비교해 현재 위치 기준 생활권을 살펴볼 수 있습니다.","massage/대방동-출장마사지-동작구-생활권-이동동선-지역정보-이용전-안내/index.html || 대방동 생활권과 노량진동·사당동·상도동 등 가까운 지역의 관계를 정리했습니다. 가까운 지역과 연결 방향을 비교해 현재 위치 기준 생활권을 살펴볼 수 있습니다."
"DESCRIPTION_TEMPLATE","62","지역SEO","6","loc 주변 지역을 확인할 때 loc loc loc 등 가까운 생활권을 비교할 수 있습니다 주변 동 읍 면과의 연결 범위를 살펴보고 가까운 지역을 찾는 데 활용할 수 있습니다","massage/봉담읍-출장마사지-화성시-효행구-생활권-지역정보-이용안내/index.html || 봉담읍 주변 지역을 확인할 때 매송면·비봉면·정남면 등 가까운 생활권을 비교할 수 있습니다. 주변 동·읍·면과의 연결 범위를 살펴보고 가까운 지역을 찾는 데 활용할 수 있습니다.","massage/과림동-출장마사지-시흥시-생활권-이동동선-지역정보-이용전-안내/index.html || 과림동 주변 지역을 확인할 때 거북섬동·군자동·능곡동 등 가까운 생활권을 비교할 수 있습니다. 주변 동·읍·면과의 연결 범위를 살펴보고 가까운 지역을 찾는 데 활용할 수 있습니다.","massage/송천동-출장마사지-강북구-생활권-이동동선-지역정보-이용전-안내/index.html || 송천동 주변 지역을 확인할 때 삼양동·송중동·수유동 등 가까운 생활권을 비교할 수 있습니다. 주변 동·읍·면과의 연결 범위를 살펴보고 가까운 지역을 찾는 데 활용할 수 있습니다."
"DESCRIPTION_TEMPLATE","63","지역SEO","6","loc 기준으로 loc loc loc 등 인접 지역 정보를 정리했습니다 가까운 지역과 연결 방향을 비교해 현재 위치 기준 생활권을 살펴볼 수 있습니다","massage/오전동-출장마사지-의왕시-생활권-이동동선-지역정보-이용전-안내/index.html || 오전동 기준으로 내손동·부곡동·청계동 등 인접 지역 정보를 정리했습니다. 가까운 지역과 연결 방향을 비교해 현재 위치 기준 생활권을 살펴볼 수 있습니다.","massage/원평동-출장마사지-평택시-생활권-이동동선-지역정보-이용전-안내/index.html || 원평동 기준으로 신평동·용이동·중앙동 등 인접 지역 정보를 정리했습니다. 가까운 지역과 연결 방향을 비교해 현재 위치 기준 생활권을 살펴볼 수 있습니다.","massage/보문동-출장마사지-성북구-생활권-이동동선-지역정보-이용전-안내/index.html || 보문동 기준으로 돈암동·동선동·삼선동 등 인접 지역 정보를 정리했습니다. 가까운 지역과 연결 방향을 비교해 현재 위치 기준 생활권을 살펴볼 수 있습니다."
"DESCRIPTION_TEMPLATE","64","지역SEO","6","loc 기준 생활권과 loc loc loc 등 인접 지역의 범위를 함께 정리했습니다 생활권별 위치와 loc 흐름을 비교해 주변 지역을 확인하기 쉽도록 구성했습니다","massage/신장동-출장마사지-오산시-생활권-이동동선-지역정보-이용전-안내/index.html || 신장동 기준 생활권과 대원동·세마동·중앙동 등 인접 지역의 범위를 함께 정리했습니다. 생활권별 위치와 이동 흐름을 비교해 주변 지역을 확인하기 쉽도록 구성했습니다.","massage/발산동-출장마사지-강서구-생활권-이동동선-지역정보-이용전-안내/index.html || 발산동 기준 생활권과 공항동·등촌동·방화동 등 인접 지역의 범위를 함께 정리했습니다. 생활권별 위치와 이동 흐름을 비교해 주변 지역을 확인하기 쉽도록 구성했습니다.","massage/응암동-출장마사지-은평구-생활권-이동동선-지역정보-이용전-안내/index.html || 응암동 기준 생활권과 신사동·역촌동·증산동 등 인접 지역의 범위를 함께 정리했습니다. 생활권별 위치와 이동 흐름을 비교해 주변 지역을 확인하기 쉽도록 구성했습니다."
"DESCRIPTION_TEMPLATE","65","지역SEO","6","loc 생활권을 중심으로 loc loc loc 등 가까운 지역 정보를 정리했습니다 가까운 지역과 연결 방향을 비교해 현재 위치 기준 생활권을 살펴볼 수 있습니다","massage/송산면-출장마사지-화성시-만세구-생활권-지역정보-이용안내/index.html || 송산면 생활권을 중심으로 남양읍·마도면·서신면 등 가까운 지역 정보를 정리했습니다. 가까운 지역과 연결 방향을 비교해 현재 위치 기준 생활권을 살펴볼 수 있습니다.","massage/산남동-출장마사지-청주-서원구-생활권-이동동선-지역정보-이용전-안내/index.html || 산남동 생활권을 중심으로 사직동·사창동·수곡동 등 가까운 지역 정보를 정리했습니다. 가까운 지역과 연결 방향을 비교해 현재 위치 기준 생활권을 살펴볼 수 있습니다.","massage/삼각동-출장마사지-광주-북구-생활권-이동동선-지역정보-이용전-안내/index.html || 삼각동 생활권을 중심으로 문화동·문흥동·석곡동 등 가까운 지역 정보를 정리했습니다. 가까운 지역과 연결 방향을 비교해 현재 위치 기준 생활권을 살펴볼 수 있습니다."
"DESCRIPTION_TEMPLATE","66","지역SEO","6","loc 주변의 loc loc loc 등 연결 지역을 중심으로 위치 정보를 구성했습니다 현재 위치에서 이어지는 주변 지역을 살펴보고 loc 방향을 판단할 때 활용할 수 있습니다","massage/일동면-출장마사지-포천시-생활권-지역정보-이용안내/index.html || 일동면 주변의 가산면·관인면·군내면 등 연결 지역을 중심으로 위치 정보를 구성했습니다. 현재 위치에서 이어지는 주변 지역을 살펴보고 이동 방향을 판단할 때 활용할 수 있습니다.","massage/초이동-출장마사지-하남시-생활권-이동동선-지역정보-이용전-안내/index.html || 초이동 주변의 위례동·천현동·춘궁동 등 연결 지역을 중심으로 위치 정보를 구성했습니다. 현재 위치에서 이어지는 주변 지역을 살펴보고 이동 방향을 판단할 때 활용할 수 있습니다.","massage/세곡동-출장마사지-강남구-생활권-이동동선-지역정보-이용전-안내/index.html || 세곡동 주변의 도곡동·삼성동·수서동 등 연결 지역을 중심으로 위치 정보를 구성했습니다. 현재 위치에서 이어지는 주변 지역을 살펴보고 이동 방향을 판단할 때 활용할 수 있습니다."
"DESCRIPTION_TEMPLATE","67","업체상세","6","x 의 loc x 이용 안내입니다 n n 코스와 n n 부터 이용 가능한 코스와 가격 영업시간 전화 문자 문의 정보를 확인할 수 있습니다","shops/gyeonggi/gwangju-gyeonggi/능평동/한국미인테라피/index.html || 한국미인테라피의 광주시 능평동 이용 안내입니다. 60분·90분 코스와 100,000원부터 이용 가능한 코스와 가격, 영업시간, 전화·문자 문의 정보를 확인할 수 있습니다.","shops/gyeonggi/gimpo/구래동/너무이쁜테라피/index.html || 너무이쁜테라피의 김포시 구래동 이용 안내입니다. 60분·90분 코스와 60,000원부터 이용 가능한 코스와 가격, 영업시간, 전화·문자 문의 정보를 확인할 수 있습니다.","shops/gyeonggi/dongducheon/소요동/love테라피/index.html || love테라피의 동두천시 소요동 이용 안내입니다. 60분·90분 코스와 70,000원부터 이용 가능한 코스와 가격, 영업시간, 전화·문자 문의 정보를 확인할 수 있습니다."
"DESCRIPTION_TEMPLATE","68","지역SEO","6","loc 지역과 loc loc loc 등 인접 생활권을 함께 살펴볼 수 있도록 구성했습니다 주변 위치와 loc 동선을 한눈에 비교할 수 있도록 필요한 정보만 담았습니다","massage/별내동-출장마사지-남양주시-생활권-이동동선-지역정보-이용전-안내/index.html || 별내동 지역과 금곡동·다산동·양정동 등 인접 생활권을 함께 살펴볼 수 있도록 구성했습니다. 주변 위치와 이동 동선을 한눈에 비교할 수 있도록 필요한 정보만 담았습니다.","massage/남일면-출장마사지-청주-상당구-생활권-지역정보-이용안내/index.html || 남일면 지역과 가덕면·낭성면·문의면 등 인접 생활권을 함께 살펴볼 수 있도록 구성했습니다. 주변 위치와 이동 동선을 한눈에 비교할 수 있도록 필요한 정보만 담았습니다.","massage/문래동-출장마사지-영등포구-생활권-이동동선-지역정보-이용전-안내/index.html || 문래동 지역과 대림동·도림동·신길동 등 인접 생활권을 함께 살펴볼 수 있도록 구성했습니다. 주변 위치와 이동 동선을 한눈에 비교할 수 있도록 필요한 정보만 담았습니다."
"DESCRIPTION_TEMPLATE","69","업체상세","6","loc x 지역의 x 이용 정보를 정리했습니다 n n 부터 확인되는 가격 정보와 n n 코스 시간을 함께 살펴보고 코스별 이용시간과 가격 운영시간 및 연락 방법을 비교할 수 있습니다","shops/seoul/gwanak-gu/신사동/프리미엄테라피/index.html || 관악구 신사동 지역의 프리미엄테라피 이용 정보를 정리했습니다. 60,000원부터 확인되는 가격 정보와 60분·90분 코스 시간을 함께 살펴보고 코스별 이용시간과 가격, 운영시간 및 연락 방법을 비교할 수 있습니다.","shops/seoul/gwangjin-gu/화양동/프리미엄테라피/index.html || 광진구 화양동 지역의 프리미엄테라피 이용 정보를 정리했습니다. 60,000원부터 확인되는 가격 정보와 60분·90분 코스 시간을 함께 살펴보고 코스별 이용시간과 가격, 운영시간 및 연락 방법을 비교할 수 있습니다.","shops/seoul/jongno-gu/창신동/love테라피/index.html || 종로구 창신동 지역의 love테라피 이용 정보를 정리했습니다. 70,000원부터 확인되는 가격 정보와 60분·90분 코스 시간을 함께 살펴보고 코스별 이용시간과 가격, 운영시간 및 연락 방법을 비교할 수 있습니다."
"DESCRIPTION_TEMPLATE","70","업체상세","6","x 이용을 검토할 때 참고할 loc x 상세 정보입니다 n n 코스와 n n 부터 코스 가격 영업시간과 전화 또는 문자 문의 방법을 확인할 수 있습니다","shops/gyeonggi/namyangju/별내면/프리미엄테라피/index.html || 프리미엄테라피 이용을 검토할 때 참고할 남양주시 별내면 상세 정보입니다. 60분·90분 코스와 60,000원부터 코스·가격·영업시간과 전화 또는 문자 문의 방법을 확인할 수 있습니다.","shops/gyeonggi/anseong/원곡면/love테라피/index.html || love테라피 이용을 검토할 때 참고할 안성시 원곡면 상세 정보입니다. 60분·90분 코스와 70,000원부터 코스·가격·영업시간과 전화 또는 문자 문의 방법을 확인할 수 있습니다.","shops/gyeonggi/pyeongtaek/팽성읍/한국미인테라피/index.html || 한국미인테라피 이용을 검토할 때 참고할 평택시 팽성읍 상세 정보입니다. 60분·90분 코스와 100,000원부터 코스·가격·영업시간과 전화 또는 문자 문의 방법을 확인할 수 있습니다."
"DESCRIPTION_TEMPLATE","71","지역SEO","6","loc 생활권을 중심으로 loc loc loc 등 가까운 지역 정보를 정리했습니다 주변 위치와 loc 동선을 한눈에 비교할 수 있도록 필요한 정보만 담았습니다","massage/고산동-출장마사지-의정부시-생활권-이동동선-지역정보-이용전-안내/index.html || 고산동 생활권을 중심으로 가능동·녹양동·송산동 등 가까운 지역 정보를 정리했습니다. 주변 위치와 이동 동선을 한눈에 비교할 수 있도록 필요한 정보만 담았습니다.","massage/청량리동-출장마사지-동대문구-생활권-이동동선-지역정보-이용전-안내/index.html || 청량리동 생활권을 중심으로 전농동·제기동·회기동 등 가까운 지역 정보를 정리했습니다. 주변 위치와 이동 동선을 한눈에 비교할 수 있도록 필요한 정보만 담았습니다.","massage/장위동-출장마사지-성북구-생활권-이동동선-지역정보-이용전-안내/index.html || 장위동 생활권을 중심으로 안암동·월곡동·정릉동 등 가까운 지역 정보를 정리했습니다. 주변 위치와 이동 동선을 한눈에 비교할 수 있도록 필요한 정보만 담았습니다."
"DESCRIPTION_TEMPLATE","72","업체상세","6","loc loc x 에서 x 이용 전 확인할 정보를 모았습니다 n n 코스와 n n 부터 이용 전 필요한 코스 가격 운영시간과 연락 정보를 한 번에 살펴볼 수 있습니다","shops/gyeonggi/bucheon/wonmi-gu/약대동/너무이쁜테라피/index.html || 부천시-원미구 약대동에서 너무이쁜테라피 이용 전 확인할 정보를 모았습니다. 60분·90분 코스와 60,000원부터 이용 전 필요한 코스·가격·운영시간과 연락 정보를 한 번에 살펴볼 수 있습니다.","shops/gyeonggi/suwon/jangan-gu/파장동/love테라피/index.html || 수원시-장안구 파장동에서 love테라피 이용 전 확인할 정보를 모았습니다. 60분·90분 코스와 70,000원부터 이용 전 필요한 코스·가격·운영시간과 연락 정보를 한 번에 살펴볼 수 있습니다.","shops/gyeonggi/ansan/danwon-gu/대부동/love테라피/index.html || 안산시-단원구 대부동에서 love테라피 이용 전 확인할 정보를 모았습니다. 60분·90분 코스와 70,000원부터 이용 전 필요한 코스·가격·운영시간과 연락 정보를 한 번에 살펴볼 수 있습니다."
"DESCRIPTION_TEMPLATE","73","지역SEO","6","loc 생활권을 중심으로 loc loc loc 등 가까운 지역 정보를 정리했습니다 인접 생활권과 loc 방향을 비교하고 지역 범위를 확인하는 데 참고할 수 있습니다","massage/반포본동-출장마사지-서초구-생활권-이동동선-지역정보-이용전-안내/index.html || 반포본동 생활권을 중심으로 내곡동·반포동·방배동 등 가까운 지역 정보를 정리했습니다. 인접 생활권과 이동 방향을 비교하고 지역 범위를 확인하는 데 참고할 수 있습니다.","massage/용운동-출장마사지-대전-동구-생활권-이동동선-지역정보-이용전-안내/index.html || 용운동 생활권을 중심으로 성남동·신인동·용전동 등 가까운 지역 정보를 정리했습니다. 인접 생활권과 이동 방향을 비교하고 지역 범위를 확인하는 데 참고할 수 있습니다.","massage/지저동-출장마사지-대구-동구-생활권-이동동선-지역정보-이용전-안내/index.html || 지저동 생활권을 중심으로 신천동·안심동·해안동 등 가까운 지역 정보를 정리했습니다. 인접 생활권과 이동 방향을 비교하고 지역 범위를 확인하는 데 참고할 수 있습니다."
"DESCRIPTION_TEMPLATE","74","지역SEO","6","loc 지역과 loc loc loc 등 인접 생활권을 함께 살펴볼 수 있도록 구성했습니다 인접 생활권과 주변 위치를 확인해 loc 동선을 검토할 때 활용할 수 있습니다","massage/성산동-출장마사지-마포구-생활권-이동동선-지역정보-이용전-안내/index.html || 성산동 지역과 서강동·서교동·신수동 등 인접 생활권을 함께 살펴볼 수 있도록 구성했습니다. 인접 생활권과 주변 위치를 확인해 이동 동선을 검토할 때 활용할 수 있습니다.","massage/송파동-출장마사지-송파구-생활권-이동동선-지역정보-이용전-안내/index.html || 송파동 지역과 삼전동·석촌동·오금동 등 인접 생활권을 함께 살펴볼 수 있도록 구성했습니다. 인접 생활권과 주변 위치를 확인해 이동 동선을 검토할 때 활용할 수 있습니다.","massage/면목본동-출장마사지-중랑구-생활권-이동동선-지역정보-이용전-안내/index.html || 면목본동 지역과 망우본동·면목동·묵동 등 인접 생활권을 함께 살펴볼 수 있도록 구성했습니다. 인접 생활권과 주변 위치를 확인해 이동 동선을 검토할 때 활용할 수 있습니다."
"DESCRIPTION_TEMPLATE","75","업체상세","6","loc x 에서 이용 가능한 x 정보를 보기 쉽게 정리했습니다 n n 시간 구성과 n n 부터 시작하는 가격을 확인하면서 이용 가능한 코스와 가격 영업시간 전화 문자 문의 정보를 확인할 수 있습니다","shops/seoul/guro-gu/개봉동/너무이쁜테라피/index.html || 구로구 개봉동에서 이용 가능한 너무이쁜테라피 정보를 보기 쉽게 정리했습니다. 60분·90분 시간 구성과 60,000원부터 시작하는 가격을 확인하면서 이용 가능한 코스와 가격, 영업시간, 전화·문자 문의 정보를 확인할 수 있습니다.","shops/seoul/dongdaemun-gu/용두동/한국미인테라피/index.html || 동대문구 용두동에서 이용 가능한 한국미인테라피 정보를 보기 쉽게 정리했습니다. 60분·90분 시간 구성과 100,000원부터 시작하는 가격을 확인하면서 이용 가능한 코스와 가격, 영업시간, 전화·문자 문의 정보를 확인할 수 있습니다.","shops/gyeonggi/gwangmyeong/학온동/love테라피/index.html || 광명시 학온동에서 이용 가능한 love테라피 정보를 보기 쉽게 정리했습니다. 60분·90분 시간 구성과 70,000원부터 시작하는 가격을 확인하면서 이용 가능한 코스와 가격, 영업시간, 전화·문자 문의 정보를 확인할 수 있습니다."
"DESCRIPTION_TEMPLATE","76","업체상세","6","loc x 기준 x 의 코스와 이용 정보를 확인할 수 있습니다 n n 부터 확인되는 가격과 n n 코스 정보를 참고해 이용 전 필요한 코스 가격 운영시간과 연락 정보를 한 번에 살펴볼 수 있습니다","shops/seoul/gangnam-gu/개포동/love테라피/index.html || 강남구 개포동 기준 love테라피의 코스와 이용 정보를 확인할 수 있습니다. 70,000원부터 확인되는 가격과 60분·90분 코스 정보를 참고해 이용 전 필요한 코스·가격·운영시간과 연락 정보를 한 번에 살펴볼 수 있습니다.","shops/seoul/yeongdeungpo-gu/신길동/프리미엄테라피/index.html || 영등포구 신길동 기준 프리미엄테라피의 코스와 이용 정보를 확인할 수 있습니다. 60,000원부터 확인되는 가격과 60분·90분 코스 정보를 참고해 이용 전 필요한 코스·가격·운영시간과 연락 정보를 한 번에 살펴볼 수 있습니다.","shops/seoul/yongsan-gu/용산2가동/너무이쁜테라피/index.html || 용산구 용산2가동 기준 너무이쁜테라피의 코스와 이용 정보를 확인할 수 있습니다. 60,000원부터 확인되는 가격과 60분·90분 코스 정보를 참고해 이용 전 필요한 코스·가격·운영시간과 연락 정보를 한 번에 살펴볼 수 있습니다."
"DESCRIPTION_TEMPLATE","77","지역SEO","6","loc 주변의 loc loc loc 등 연결 지역을 중심으로 위치 정보를 구성했습니다 가까운 생활권과 loc 범위를 비교해 지역 선택 전 참고할 수 있습니다","massage/우장산동-출장마사지-강서구-생활권-이동동선-지역정보-이용전-안내/index.html || 우장산동 주변의 방화동·염창동·화곡동 등 연결 지역을 중심으로 위치 정보를 구성했습니다. 가까운 생활권과 이동 범위를 비교해 지역 선택 전 참고할 수 있습니다.","massage/양평동-출장마사지-영등포구-생활권-이동동선-지역정보-이용전-안내/index.html || 양평동 주변의 문래동·신길동·여의동 등 연결 지역을 중심으로 위치 정보를 구성했습니다. 가까운 생활권과 이동 범위를 비교해 지역 선택 전 참고할 수 있습니다.","massage/용문동-출장마사지-대전-서구-생활권-이동동선-지역정보-이용전-안내/index.html || 용문동 주변의 변동·복수동·월평동 등 연결 지역을 중심으로 위치 정보를 구성했습니다. 가까운 생활권과 이동 범위를 비교해 지역 선택 전 참고할 수 있습니다."
"DESCRIPTION_TEMPLATE","78","업체상세","6","x 의 loc x 이용 안내입니다 n n 부터 시작하는 가격과 n n 코스 정보를 바탕으로 이용 전 필요한 코스 가격 운영시간과 연락 정보를 한 번에 살펴볼 수 있습니다","shops/seoul/gangnam-gu/논현동/한국미인테라피/index.html || 한국미인테라피의 강남구 논현동 이용 안내입니다. 100,000원부터 시작하는 가격과 60분·90분 코스 정보를 바탕으로 이용 전 필요한 코스·가격·운영시간과 연락 정보를 한 번에 살펴볼 수 있습니다.","shops/seoul/gangnam-gu/일원본동/love테라피/index.html || love테라피의 강남구 일원본동 이용 안내입니다. 70,000원부터 시작하는 가격과 60분·90분 코스 정보를 바탕으로 이용 전 필요한 코스·가격·운영시간과 연락 정보를 한 번에 살펴볼 수 있습니다.","shops/seoul/gwangjin-gu/능동/너무이쁜테라피/index.html || 너무이쁜테라피의 광진구 능동 이용 안내입니다. 60,000원부터 시작하는 가격과 60분·90분 코스 정보를 바탕으로 이용 전 필요한 코스·가격·운영시간과 연락 정보를 한 번에 살펴볼 수 있습니다."
"DESCRIPTION_TEMPLATE","79","업체상세","6","x 관련 loc x 정보를 확인할 수 있습니다 n n 부터 확인되는 가격과 n n 코스 정보를 참고해 영업시간과 코스별 가격을 확인하고 전화나 문자로 세부 내용을 문의할 수 있습니다","shops/seoul/gwangjin-gu/구의동/love테라피/index.html || love테라피 관련 광진구 구의동 정보를 확인할 수 있습니다. 70,000원부터 확인되는 가격과 60분·90분 코스 정보를 참고해 영업시간과 코스별 가격을 확인하고 전화나 문자로 세부 내용을 문의할 수 있습니다.","shops/gyeonggi/gwacheon/부림동/love테라피/index.html || love테라피 관련 과천시 부림동 정보를 확인할 수 있습니다. 70,000원부터 확인되는 가격과 60분·90분 코스 정보를 참고해 영업시간과 코스별 가격을 확인하고 전화나 문자로 세부 내용을 문의할 수 있습니다.","shops/gyeonggi/uijeongbu/가능동/너무이쁜테라피/index.html || 너무이쁜테라피 관련 의정부시 가능동 정보를 확인할 수 있습니다. 60,000원부터 확인되는 가격과 60분·90분 코스 정보를 참고해 영업시간과 코스별 가격을 확인하고 전화나 문자로 세부 내용을 문의할 수 있습니다."
"DESCRIPTION_TEMPLATE","80","지역SEO","6","loc 지역과 loc loc loc 등 인접 생활권을 함께 살펴볼 수 있도록 구성했습니다 가까운 생활권과 loc 범위를 비교해 지역 선택 전 참고할 수 있습니다","massage/고덕면-출장마사지-평택시-생활권-지역정보-이용안내/index.html || 고덕면 지역과 서탄면·안중읍·오성면 등 인접 생활권을 함께 살펴볼 수 있도록 구성했습니다. 가까운 생활권과 이동 범위를 비교해 지역 선택 전 참고할 수 있습니다.","massage/조원동-출장마사지-관악구-생활권-이동동선-지역정보-이용전-안내/index.html || 조원동 지역과 은천동·인헌동·중앙동 등 인접 생활권을 함께 살펴볼 수 있도록 구성했습니다. 가까운 생활권과 이동 범위를 비교해 지역 선택 전 참고할 수 있습니다.","massage/상봉동-출장마사지-중랑구-생활권-이동동선-지역정보-이용전-안내/index.html || 상봉동 지역과 묵동·신내동·중화동 등 인접 생활권을 함께 살펴볼 수 있도록 구성했습니다. 가까운 생활권과 이동 범위를 비교해 지역 선택 전 참고할 수 있습니다."
"DESCRIPTION_TEMPLATE","81","지역SEO","6","loc 지역에서 loc loc loc 등 주변 생활권을 함께 확인할 수 있습니다 생활권 연결 방향과 위치 범위를 비교해 주변 지역을 확인할 때 활용할 수 있습니다","massage/중앙동-출장마사지-관악구-생활권-이동동선-지역정보-이용전-안내/index.html || 중앙동 지역에서 인헌동·조원동·청룡동 등 주변 생활권을 함께 확인할 수 있습니다. 생활권 연결 방향과 위치 범위를 비교해 주변 지역을 확인할 때 활용할 수 있습니다.","massage/이촌동-출장마사지-용산구-생활권-이동동선-지역정보-이용전-안내/index.html || 이촌동 지역에서 용산2가동·원효로동·이태원동 등 주변 생활권을 함께 확인할 수 있습니다. 생활권 연결 방향과 위치 범위를 비교해 주변 지역을 확인할 때 활용할 수 있습니다.","massage/대평동-출장마사지-세종-생활권-이동동선-지역정보-이용전-안내/index.html || 대평동 지역에서 나성동·다정동·도담동 등 주변 생활권을 함께 확인할 수 있습니다. 생활권 연결 방향과 위치 범위를 비교해 주변 지역을 확인할 때 활용할 수 있습니다."
"DESCRIPTION_TEMPLATE","82","업체상세","6","x 관련 loc x 정보를 확인할 수 있습니다 n n 부터 확인되는 가격과 n n 코스 정보를 참고해 가격 코스 구성 영업시간과 문의 수단을 순서대로 확인할 수 있습니다","shops/seoul/eunpyeong-gu/응암동/너무이쁜테라피/index.html || 너무이쁜테라피 관련 은평구 응암동 정보를 확인할 수 있습니다. 60,000원부터 확인되는 가격과 60분·90분 코스 정보를 참고해 가격, 코스 구성, 영업시간과 문의 수단을 순서대로 확인할 수 있습니다.","shops/seoul/jongno-gu/이화동/너무이쁜테라피/index.html || 너무이쁜테라피 관련 종로구 이화동 정보를 확인할 수 있습니다. 60,000원부터 확인되는 가격과 60분·90분 코스 정보를 참고해 가격, 코스 구성, 영업시간과 문의 수단을 순서대로 확인할 수 있습니다.","shops/seoul/jung-gu/광희동/한국미인테라피/index.html || 한국미인테라피 관련 중구 광희동 정보를 확인할 수 있습니다. 100,000원부터 확인되는 가격과 60분·90분 코스 정보를 참고해 가격, 코스 구성, 영업시간과 문의 수단을 순서대로 확인할 수 있습니다."
"DESCRIPTION_TEMPLATE","83","지역SEO","6","loc 위치를 기준으로 loc loc loc 등 주변 지역과의 연결 관계를 확인할 수 있습니다 주변 동 읍 면과의 연결 범위를 살펴보고 가까운 지역을 찾는 데 활용할 수 있습니다","massage/석봉동-출장마사지-대전-대덕구-생활권-이동동선-지역정보-이용전-안내/index.html || 석봉동 위치를 기준으로 법동·비래동·송촌동 등 주변 지역과의 연결 관계를 확인할 수 있습니다. 주변 동·읍·면과의 연결 범위를 살펴보고 가까운 지역을 찾는 데 활용할 수 있습니다.","massage/두류동-출장마사지-대구-달서구-생활권-이동동선-지역정보-이용전-안내/index.html || 두류동 위치를 기준으로 도원동·본동·본리동 등 주변 지역과의 연결 관계를 확인할 수 있습니다. 주변 동·읍·면과의 연결 범위를 살펴보고 가까운 지역을 찾는 데 활용할 수 있습니다.","massage/본량동-출장마사지-광주-광산구-생활권-이동동선-지역정보-이용전-안내/index.html || 본량동 위치를 기준으로 도산동·동곡동·비아동 등 주변 지역과의 연결 관계를 확인할 수 있습니다. 주변 동·읍·면과의 연결 범위를 살펴보고 가까운 지역을 찾는 데 활용할 수 있습니다."
"DESCRIPTION_TEMPLATE","84","지역SEO","6","loc 주변의 loc loc 등 연결 지역을 중심으로 위치 정보를 구성했습니다 현재 위치에서 이어지는 주변 지역을 살펴보고 loc 방향을 판단할 때 활용할 수 있습니다","massage/간석동-출장마사지-남동구-생활권-이동동선-지역정보-이용전-안내/index.html || 간석동 주변의 구월동·남촌도림동 등 연결 지역을 중심으로 위치 정보를 구성했습니다. 현재 위치에서 이어지는 주변 지역을 살펴보고 이동 방향을 판단할 때 활용할 수 있습니다.","massage/명곡동-출장마사지-창원-의창구-생활권-이동동선-지역정보-이용전-안내/index.html || 명곡동 주변의 봉림동·의창동 등 연결 지역을 중심으로 위치 정보를 구성했습니다. 현재 위치에서 이어지는 주변 지역을 살펴보고 이동 방향을 판단할 때 활용할 수 있습니다.","massage/도원동-출장마사지-대구-달서구-생활권-이동동선-지역정보-이용전-안내/index.html || 도원동 주변의 감삼동·두류동 등 연결 지역을 중심으로 위치 정보를 구성했습니다. 현재 위치에서 이어지는 주변 지역을 살펴보고 이동 방향을 판단할 때 활용할 수 있습니다."
"DESCRIPTION_TEMPLATE","85","업체상세","6","loc x 지역의 x 이용 정보를 정리했습니다 n n 부터 확인되는 가격과 n n 코스 정보를 참고해 이용 가능한 코스와 가격 영업시간 전화 문자 문의 정보를 확인할 수 있습니다","shops/gyeonggi/gwangju-gyeonggi/오포동/프리미엄테라피/index.html || 광주시 오포동 지역의 프리미엄테라피 이용 정보를 정리했습니다. 60,000원부터 확인되는 가격과 60분·90분 코스 정보를 참고해 이용 가능한 코스와 가격, 영업시간, 전화·문자 문의 정보를 확인할 수 있습니다.","shops/gyeonggi/namyangju/오남읍/프리미엄테라피/index.html || 남양주시 오남읍 지역의 프리미엄테라피 이용 정보를 정리했습니다. 60,000원부터 확인되는 가격과 60분·90분 코스 정보를 참고해 이용 가능한 코스와 가격, 영업시간, 전화·문자 문의 정보를 확인할 수 있습니다.","shops/gyeonggi/dongducheon/생연동/한국미인테라피/index.html || 동두천시 생연동 지역의 한국미인테라피 이용 정보를 정리했습니다. 100,000원부터 확인되는 가격과 60분·90분 코스 정보를 참고해 이용 가능한 코스와 가격, 영업시간, 전화·문자 문의 정보를 확인할 수 있습니다."
"DESCRIPTION_TEMPLATE","86","업체상세","6","x 이용 전 살펴볼 loc x 지역 정보를 한곳에 모았습니다 n n 부터 확인되는 가격과 n n 코스 정보를 참고해 코스별 시간과 가격 운영시간 전화 문자 문의 내용을 살펴볼 수 있습니다","shops/seoul/gangdong-gu/성내동/프리미엄테라피/index.html || 프리미엄테라피 이용 전 살펴볼 강동구 성내동 지역 정보를 한곳에 모았습니다. 60,000원부터 확인되는 가격과 60분·90분 코스 정보를 참고해 코스별 시간과 가격, 운영시간, 전화·문자 문의 내용을 살펴볼 수 있습니다.","shops/seoul/gwanak-gu/미성동/love테라피/index.html || love테라피 이용 전 살펴볼 관악구 미성동 지역 정보를 한곳에 모았습니다. 70,000원부터 확인되는 가격과 60분·90분 코스 정보를 참고해 코스별 시간과 가격, 운영시간, 전화·문자 문의 내용을 살펴볼 수 있습니다.","shops/seoul/seongbuk-gu/보문동/한국미인테라피/index.html || 한국미인테라피 이용 전 살펴볼 성북구 보문동 지역 정보를 한곳에 모았습니다. 100,000원부터 확인되는 가격과 60분·90분 코스 정보를 참고해 코스별 시간과 가격, 운영시간, 전화·문자 문의 내용을 살펴볼 수 있습니다."
"DESCRIPTION_TEMPLATE","87","업체상세","6","x 이용을 검토할 때 참고할 loc x 상세 정보입니다 n n 코스와 n n 부터 코스별 이용시간과 가격 운영시간 및 연락 방법을 비교할 수 있습니다","shops/gyeonggi/yangpyeong/강하면/love테라피/index.html || love테라피 이용을 검토할 때 참고할 양평군 강하면 상세 정보입니다. 60분·90분 코스와 70,000원부터 코스별 이용시간과 가격, 운영시간 및 연락 방법을 비교할 수 있습니다.","shops/gyeonggi/uijeongbu/송산동/love테라피/index.html || love테라피 이용을 검토할 때 참고할 의정부시 송산동 상세 정보입니다. 60분·90분 코스와 70,000원부터 코스별 이용시간과 가격, 운영시간 및 연락 방법을 비교할 수 있습니다.","shops/gyeonggi/uijeongbu/의정부동/한국미인테라피/index.html || 한국미인테라피 이용을 검토할 때 참고할 의정부시 의정부동 상세 정보입니다. 60분·90분 코스와 100,000원부터 코스별 이용시간과 가격, 운영시간 및 연락 방법을 비교할 수 있습니다."
"DESCRIPTION_TEMPLATE","88","업체상세","6","loc x 지역의 x 이용 정보를 정리했습니다 n n 코스와 n n 부터 가격과 코스 구성 영업시간 및 연락 수단을 비교해 이용 전 참고할 수 있습니다","shops/seoul/yongsan-gu/후암동/프리미엄테라피/index.html || 용산구 후암동 지역의 프리미엄테라피 이용 정보를 정리했습니다. 60분·90분 코스와 60,000원부터 가격과 코스 구성, 영업시간 및 연락 수단을 비교해 이용 전 참고할 수 있습니다.","shops/gyeonggi/anseong/안성동/너무이쁜테라피/index.html || 안성시 안성동 지역의 너무이쁜테라피 이용 정보를 정리했습니다. 60분·90분 코스와 60,000원부터 가격과 코스 구성, 영업시간 및 연락 수단을 비교해 이용 전 참고할 수 있습니다.","shops/gyeonggi/yangpyeong/강상면/love테라피/index.html || 양평군 강상면 지역의 love테라피 이용 정보를 정리했습니다. 60분·90분 코스와 70,000원부터 가격과 코스 구성, 영업시간 및 연락 수단을 비교해 이용 전 참고할 수 있습니다."
"DESCRIPTION_TEMPLATE","89","업체상세","6","loc x 지역의 x 이용 정보를 정리했습니다 n n 코스 구성과 n n 부터 확인되는 가격대를 확인한 뒤 이용 전 필요한 코스 가격 운영시간과 연락 정보를 한 번에 살펴볼 수 있습니다","shops/seoul/gangnam-gu/역삼동/love테라피/index.html || 강남구 역삼동 지역의 love테라피 이용 정보를 정리했습니다. 60분·90분 코스 구성과 70,000원부터 확인되는 가격대를 확인한 뒤 이용 전 필요한 코스·가격·운영시간과 연락 정보를 한 번에 살펴볼 수 있습니다.","shops/seoul/mapo-gu/용강동/너무이쁜테라피/index.html || 마포구 용강동 지역의 너무이쁜테라피 이용 정보를 정리했습니다. 60분·90분 코스 구성과 60,000원부터 확인되는 가격대를 확인한 뒤 이용 전 필요한 코스·가격·운영시간과 연락 정보를 한 번에 살펴볼 수 있습니다.","shops/seoul/seocho-gu/방배본동/프리미엄테라피/index.html || 서초구 방배본동 지역의 프리미엄테라피 이용 정보를 정리했습니다. 60분·90분 코스 구성과 60,000원부터 확인되는 가격대를 확인한 뒤 이용 전 필요한 코스·가격·운영시간과 연락 정보를 한 번에 살펴볼 수 있습니다."
"DESCRIPTION_TEMPLATE","90","업체상세","6","x 의 코스와 운영 정보를 loc x 기준으로 안내합니다 n n 부터 시작하는 가격과 n n 코스 정보를 바탕으로 이용 전 필요한 코스 가격 운영시간과 연락 정보를 한 번에 살펴볼 수 있습니다","shops/seoul/songpa-gu/장지동/한국미인테라피/index.html || 한국미인테라피의 코스와 운영 정보를 송파구 장지동 기준으로 안내합니다. 100,000원부터 시작하는 가격과 60분·90분 코스 정보를 바탕으로 이용 전 필요한 코스·가격·운영시간과 연락 정보를 한 번에 살펴볼 수 있습니다.","shops/gyeonggi/gwacheon/갈현동/love테라피/index.html || love테라피의 코스와 운영 정보를 과천시 갈현동 기준으로 안내합니다. 70,000원부터 시작하는 가격과 60분·90분 코스 정보를 바탕으로 이용 전 필요한 코스·가격·운영시간과 연락 정보를 한 번에 살펴볼 수 있습니다.","shops/gyeonggi/gimpo/운양동/한국미인테라피/index.html || 한국미인테라피의 코스와 운영 정보를 김포시 운양동 기준으로 안내합니다. 100,000원부터 시작하는 가격과 60분·90분 코스 정보를 바탕으로 이용 전 필요한 코스·가격·운영시간과 연락 정보를 한 번에 살펴볼 수 있습니다."
"DESCRIPTION_TEMPLATE","91","업체상세","6","x 의 loc x 이용 안내입니다 n n 이용시간과 n n 부터 확인되는 가격 정보를 함께 확인하며 운영시간과 코스 구성 가격 연락 방법을 한 페이지에서 확인할 수 있습니다","shops/seoul/dobong-gu/도봉동/너무이쁜테라피/index.html || 너무이쁜테라피의 도봉구 도봉동 이용 안내입니다. 60분·90분 이용시간과 60,000원부터 확인되는 가격 정보를 함께 확인하며 운영시간과 코스 구성, 가격, 연락 방법을 한 페이지에서 확인할 수 있습니다.","shops/gyeonggi/namyangju/수동면/너무이쁜테라피/index.html || 너무이쁜테라피의 남양주시 수동면 이용 안내입니다. 60분·90분 이용시간과 60,000원부터 확인되는 가격 정보를 함께 확인하며 운영시간과 코스 구성, 가격, 연락 방법을 한 페이지에서 확인할 수 있습니다.","shops/gyeonggi/icheon/호법면/한국미인테라피/index.html || 한국미인테라피의 이천시 호법면 이용 안내입니다. 60분·90분 이용시간과 100,000원부터 확인되는 가격 정보를 함께 확인하며 운영시간과 코스 구성, 가격, 연락 방법을 한 페이지에서 확인할 수 있습니다."
"DESCRIPTION_TEMPLATE","92","지역SEO","5","loc 지역에서 loc loc loc 등 주변 생활권의 위치 관계를 확인할 수 있습니다 주변 동 읍 면과의 연결 범위를 살펴보고 가까운 지역을 찾는 데 활용할 수 있습니다","massage/군자동-출장마사지-시흥시-생활권-이동동선-지역정보-이용전-안내/index.html || 군자동 지역에서 거북섬동·과림동·능곡동 등 주변 생활권의 위치 관계를 확인할 수 있습니다. 주변 동·읍·면과의 연결 범위를 살펴보고 가까운 지역을 찾는 데 활용할 수 있습니다.","massage/방배동-출장마사지-서초구-생활권-이동동선-지역정보-이용전-안내/index.html || 방배동 지역에서 반포동·반포본동·방배본동 등 주변 생활권의 위치 관계를 확인할 수 있습니다. 주변 동·읍·면과의 연결 범위를 살펴보고 가까운 지역을 찾는 데 활용할 수 있습니다.","massage/거여동-출장마사지-송파구-생활권-이동동선-지역정보-이용전-안내/index.html || 거여동 지역에서 가락동·가락본동·마천동 등 주변 생활권의 위치 관계를 확인할 수 있습니다. 주변 동·읍·면과의 연결 범위를 살펴보고 가까운 지역을 찾는 데 활용할 수 있습니다."
"DESCRIPTION_TEMPLATE","93","업체상세","5","loc x 기준 x 의 코스와 이용 정보를 확인할 수 있습니다 n n 코스와 n n 부터 확인되는 가격 정보를 포함해 가격 코스 구성 영업시간과 문의 수단을 순서대로 확인할 수 있습니다","shops/seoul/guro-gu/항동/프리미엄테라피/index.html || 구로구 항동 기준 프리미엄테라피의 코스와 이용 정보를 확인할 수 있습니다. 60분·90분 코스와 60,000원부터 확인되는 가격 정보를 포함해 가격, 코스 구성, 영업시간과 문의 수단을 순서대로 확인할 수 있습니다.","shops/seoul/seongbuk-gu/동선동/프리미엄테라피/index.html || 성북구 동선동 기준 프리미엄테라피의 코스와 이용 정보를 확인할 수 있습니다. 60분·90분 코스와 60,000원부터 확인되는 가격 정보를 포함해 가격, 코스 구성, 영업시간과 문의 수단을 순서대로 확인할 수 있습니다.","shops/seoul/eunpyeong-gu/구산동/너무이쁜테라피/index.html || 은평구 구산동 기준 너무이쁜테라피의 코스와 이용 정보를 확인할 수 있습니다. 60분·90분 코스와 60,000원부터 확인되는 가격 정보를 포함해 가격, 코스 구성, 영업시간과 문의 수단을 순서대로 확인할 수 있습니다."
"DESCRIPTION_TEMPLATE","94","업체상세","5","x 관련 loc x 정보를 확인할 수 있습니다 n n 부터 시작하는 가격과 n n 코스 정보를 바탕으로 코스 가격 영업시간과 전화 또는 문자 문의 방법을 확인할 수 있습니다","shops/seoul/mapo-gu/공덕동/너무이쁜테라피/index.html || 너무이쁜테라피 관련 마포구 공덕동 정보를 확인할 수 있습니다. 60,000원부터 시작하는 가격과 60분·90분 코스 정보를 바탕으로 코스·가격·영업시간과 전화 또는 문자 문의 방법을 확인할 수 있습니다.","shops/seoul/eunpyeong-gu/진관동/love테라피/index.html || love테라피 관련 은평구 진관동 정보를 확인할 수 있습니다. 70,000원부터 시작하는 가격과 60분·90분 코스 정보를 바탕으로 코스·가격·영업시간과 전화 또는 문자 문의 방법을 확인할 수 있습니다.","shops/gyeonggi/gapyeong/설악면/너무이쁜테라피/index.html || 너무이쁜테라피 관련 가평군 설악면 정보를 확인할 수 있습니다. 60,000원부터 시작하는 가격과 60분·90분 코스 정보를 바탕으로 코스·가격·영업시간과 전화 또는 문자 문의 방법을 확인할 수 있습니다."
"DESCRIPTION_TEMPLATE","95","업체상세","5","x 의 loc x 운영 정보와 문의 방법을 정리했습니다 n n 부터 확인되는 가격과 n n 코스 정보를 참고해 코스 구성과 가격 운영시간 연락 방법을 한곳에서 확인할 수 있습니다","shops/seoul/geumcheon-gu/가산동/프리미엄테라피/index.html || 프리미엄테라피의 금천구 가산동 운영 정보와 문의 방법을 정리했습니다. 60,000원부터 확인되는 가격과 60분·90분 코스 정보를 참고해 코스 구성과 가격, 운영시간, 연락 방법을 한곳에서 확인할 수 있습니다.","shops/seoul/eunpyeong-gu/수색동/너무이쁜테라피/index.html || 너무이쁜테라피의 은평구 수색동 운영 정보와 문의 방법을 정리했습니다. 60,000원부터 확인되는 가격과 60분·90분 코스 정보를 참고해 코스 구성과 가격, 운영시간, 연락 방법을 한곳에서 확인할 수 있습니다.","shops/gyeonggi/gunpo/산본동/love테라피/index.html || love테라피의 군포시 산본동 운영 정보와 문의 방법을 정리했습니다. 70,000원부터 확인되는 가격과 60분·90분 코스 정보를 참고해 코스 구성과 가격, 운영시간, 연락 방법을 한곳에서 확인할 수 있습니다."
"DESCRIPTION_TEMPLATE","96","업체상세","5","x 관련 loc x 정보를 확인할 수 있습니다 n n 부터 확인되는 가격 정보와 n n 코스 시간을 함께 살펴보고 가격 코스 구성 영업시간과 문의 수단을 순서대로 확인할 수 있습니다","shops/seoul/seodaemun-gu/홍은동/너무이쁜테라피/index.html || 너무이쁜테라피 관련 서대문구 홍은동 정보를 확인할 수 있습니다. 60,000원부터 확인되는 가격 정보와 60분·90분 코스 시간을 함께 살펴보고 가격, 코스 구성, 영업시간과 문의 수단을 순서대로 확인할 수 있습니다.","shops/seoul/yongsan-gu/한남동/love테라피/index.html || love테라피 관련 용산구 한남동 정보를 확인할 수 있습니다. 70,000원부터 확인되는 가격 정보와 60분·90분 코스 시간을 함께 살펴보고 가격, 코스 구성, 영업시간과 문의 수단을 순서대로 확인할 수 있습니다.","shops/gyeonggi/anseong/일죽면/love테라피/index.html || love테라피 관련 안성시 일죽면 정보를 확인할 수 있습니다. 70,000원부터 확인되는 가격 정보와 60분·90분 코스 시간을 함께 살펴보고 가격, 코스 구성, 영업시간과 문의 수단을 순서대로 확인할 수 있습니다."
"DESCRIPTION_TEMPLATE","97","업체상세","5","x 이용을 검토할 때 참고할 loc x 상세 정보입니다 n n 시간 구성과 n n 부터 시작하는 가격을 확인하면서 코스와 가격 영업시간 전화 문자 문의 방법을 함께 확인할 수 있습니다","shops/seoul/dongdaemun-gu/용두동/love테라피/index.html || love테라피 이용을 검토할 때 참고할 동대문구 용두동 상세 정보입니다. 60분·90분 시간 구성과 70,000원부터 시작하는 가격을 확인하면서 코스와 가격, 영업시간, 전화·문자 문의 방법을 함께 확인할 수 있습니다.","shops/gyeonggi/gwangju-gyeonggi/경안동/한국미인테라피/index.html || 한국미인테라피 이용을 검토할 때 참고할 광주시 경안동 상세 정보입니다. 60분·90분 시간 구성과 100,000원부터 시작하는 가격을 확인하면서 코스와 가격, 영업시간, 전화·문자 문의 방법을 함께 확인할 수 있습니다.","shops/gyeonggi/gunpo/군포동/너무이쁜테라피/index.html || 너무이쁜테라피 이용을 검토할 때 참고할 군포시 군포동 상세 정보입니다. 60분·90분 시간 구성과 60,000원부터 시작하는 가격을 확인하면서 코스와 가격, 영업시간, 전화·문자 문의 방법을 함께 확인할 수 있습니다."
"DESCRIPTION_TEMPLATE","98","업체상세","5","x 의 loc x 이용 안내입니다 n n 코스 구성과 n n 부터 확인되는 가격대를 확인한 뒤 이용 전 필요한 코스 가격 운영시간과 연락 정보를 한 번에 살펴볼 수 있습니다","shops/seoul/nowon-gu/공릉동/프리미엄테라피/index.html || 프리미엄테라피의 노원구 공릉동 이용 안내입니다. 60분·90분 코스 구성과 60,000원부터 확인되는 가격대를 확인한 뒤 이용 전 필요한 코스·가격·운영시간과 연락 정보를 한 번에 살펴볼 수 있습니다.","shops/gyeonggi/gimpo/풍무동/한국미인테라피/index.html || 한국미인테라피의 김포시 풍무동 이용 안내입니다. 60분·90분 코스 구성과 100,000원부터 확인되는 가격대를 확인한 뒤 이용 전 필요한 코스·가격·운영시간과 연락 정보를 한 번에 살펴볼 수 있습니다.","shops/gyeonggi/anseong/죽산면/한국미인테라피/index.html || 한국미인테라피의 안성시 죽산면 이용 안내입니다. 60분·90분 코스 구성과 100,000원부터 확인되는 가격대를 확인한 뒤 이용 전 필요한 코스·가격·운영시간과 연락 정보를 한 번에 살펴볼 수 있습니다."
"DESCRIPTION_TEMPLATE","99","업체상세","5","loc x 지역의 x 이용 정보를 정리했습니다 n n 시간 구성과 n n 부터 시작하는 가격을 확인하면서 코스별 이용시간과 가격 운영시간 및 연락 방법을 비교할 수 있습니다","shops/seoul/nowon-gu/하계동/한국미인테라피/index.html || 노원구 하계동 지역의 한국미인테라피 이용 정보를 정리했습니다. 60분·90분 시간 구성과 100,000원부터 시작하는 가격을 확인하면서 코스별 이용시간과 가격, 운영시간 및 연락 방법을 비교할 수 있습니다.","shops/seoul/seongdong-gu/옥수동/프리미엄테라피/index.html || 성동구 옥수동 지역의 프리미엄테라피 이용 정보를 정리했습니다. 60분·90분 시간 구성과 60,000원부터 시작하는 가격을 확인하면서 코스별 이용시간과 가격, 운영시간 및 연락 방법을 비교할 수 있습니다.","shops/gyeonggi/gwacheon/문원동/프리미엄테라피/index.html || 과천시 문원동 지역의 프리미엄테라피 이용 정보를 정리했습니다. 60분·90분 시간 구성과 60,000원부터 시작하는 가격을 확인하면서 코스별 이용시간과 가격, 운영시간 및 연락 방법을 비교할 수 있습니다."
"DESCRIPTION_TEMPLATE","100","업체상세","5","loc x 에서 x 이용 전 확인할 정보를 모았습니다 n n 부터 확인되는 가격과 n n 코스 정보를 참고해 가격 코스 구성 영업시간과 문의 수단을 순서대로 확인할 수 있습니다","shops/seoul/seocho-gu/내곡동/프리미엄테라피/index.html || 서초구 내곡동에서 프리미엄테라피 이용 전 확인할 정보를 모았습니다. 60,000원부터 확인되는 가격과 60분·90분 코스 정보를 참고해 가격, 코스 구성, 영업시간과 문의 수단을 순서대로 확인할 수 있습니다.","shops/seoul/yongsan-gu/용산2가동/프리미엄테라피/index.html || 용산구 용산2가동에서 프리미엄테라피 이용 전 확인할 정보를 모았습니다. 60,000원부터 확인되는 가격과 60분·90분 코스 정보를 참고해 가격, 코스 구성, 영업시간과 문의 수단을 순서대로 확인할 수 있습니다.","shops/gyeonggi/pocheon/선단동/프리미엄테라피/index.html || 포천시 선단동에서 프리미엄테라피 이용 전 확인할 정보를 모았습니다. 60,000원부터 확인되는 가격과 60분·90분 코스 정보를 참고해 가격, 코스 구성, 영업시간과 문의 수단을 순서대로 확인할 수 있습니다."
"DESCRIPTION_TEMPLATE","101","업체상세","5","x 의 loc x 운영 정보와 문의 방법을 정리했습니다 n n 코스와 n n 부터 코스별 이용시간과 가격 운영시간 및 연락 방법을 비교할 수 있습니다","shops/seoul/gwanak-gu/난곡동/한국미인테라피/index.html || 한국미인테라피의 관악구 난곡동 운영 정보와 문의 방법을 정리했습니다. 60분·90분 코스와 100,000원부터 코스별 이용시간과 가격, 운영시간 및 연락 방법을 비교할 수 있습니다.","shops/seoul/seocho-gu/내곡동/마인드좋은테라피/index.html || 마인드좋은테라피의 서초구 내곡동 운영 정보와 문의 방법을 정리했습니다. 60분·90분 코스와 60,000원부터 코스별 이용시간과 가격, 운영시간 및 연락 방법을 비교할 수 있습니다.","shops/seoul/songpa-gu/잠실본동/너무이쁜테라피/index.html || 너무이쁜테라피의 송파구 잠실본동 운영 정보와 문의 방법을 정리했습니다. 60분·90분 코스와 60,000원부터 코스별 이용시간과 가격, 운영시간 및 연락 방법을 비교할 수 있습니다."
"DESCRIPTION_TEMPLATE","102","업체상세","5","loc x 생활권에서 확인할 수 있는 x 정보를 담았습니다 n n 부터 시작하는 가격과 n n 코스 정보를 바탕으로 이용 가능한 코스와 가격 영업시간 전화 문자 문의 정보를 확인할 수 있습니다","shops/gyeonggi/hanam/춘궁동/한국미인테라피/index.html || 하남시 춘궁동 생활권에서 확인할 수 있는 한국미인테라피 정보를 담았습니다. 100,000원부터 시작하는 가격과 60분·90분 코스 정보를 바탕으로 이용 가능한 코스와 가격, 영업시간, 전화·문자 문의 정보를 확인할 수 있습니다.","shops/incheon/ganghwa-gun/서도면/한국미인테라피/index.html || 강화군 서도면 생활권에서 확인할 수 있는 한국미인테라피 정보를 담았습니다. 100,000원부터 시작하는 가격과 60분·90분 코스 정보를 바탕으로 이용 가능한 코스와 가격, 영업시간, 전화·문자 문의 정보를 확인할 수 있습니다.","shops/incheon/seohae-gu/신현원창동/프리미엄테라피/index.html || 서해구 신현원창동 생활권에서 확인할 수 있는 프리미엄테라피 정보를 담았습니다. 60,000원부터 시작하는 가격과 60분·90분 코스 정보를 바탕으로 이용 가능한 코스와 가격, 영업시간, 전화·문자 문의 정보를 확인할 수 있습니다."
"DESCRIPTION_TEMPLATE","103","업체상세","5","loc x 기준 x 의 코스와 이용 정보를 확인할 수 있습니다 n n 부터 확인되는 가격과 n n 코스 정보를 참고해 가격 코스 구성 영업시간과 문의 수단을 순서대로 확인할 수 있습니다","shops/seoul/seocho-gu/반포동/한국미인테라피/index.html || 서초구 반포동 기준 한국미인테라피의 코스와 이용 정보를 확인할 수 있습니다. 100,000원부터 확인되는 가격과 60분·90분 코스 정보를 참고해 가격, 코스 구성, 영업시간과 문의 수단을 순서대로 확인할 수 있습니다.","shops/gyeonggi/gimpo/김포본동/너무이쁜테라피/index.html || 김포시 김포본동 기준 너무이쁜테라피의 코스와 이용 정보를 확인할 수 있습니다. 60,000원부터 확인되는 가격과 60분·90분 코스 정보를 참고해 가격, 코스 구성, 영업시간과 문의 수단을 순서대로 확인할 수 있습니다.","shops/gyeonggi/anseong/죽산면/love테라피/index.html || 안성시 죽산면 기준 love테라피의 코스와 이용 정보를 확인할 수 있습니다. 70,000원부터 확인되는 가격과 60분·90분 코스 정보를 참고해 가격, 코스 구성, 영업시간과 문의 수단을 순서대로 확인할 수 있습니다."
"DESCRIPTION_TEMPLATE","104","업체상세","5","loc x 기준 x 의 코스와 이용 정보를 확인할 수 있습니다 n n 코스와 n n 부터 확인되는 가격 정보를 포함해 코스 구성과 가격 운영시간 연락 방법을 한곳에서 확인할 수 있습니다","shops/seoul/nowon-gu/7동/한국미인테라피/index.html || 노원구 7동 기준 한국미인테라피의 코스와 이용 정보를 확인할 수 있습니다. 60분·90분 코스와 100,000원부터 확인되는 가격 정보를 포함해 코스 구성과 가격, 운영시간, 연락 방법을 한곳에서 확인할 수 있습니다.","shops/seoul/jung-gu/신당동/love테라피/index.html || 중구 신당동 기준 love테라피의 코스와 이용 정보를 확인할 수 있습니다. 60분·90분 코스와 70,000원부터 확인되는 가격 정보를 포함해 코스 구성과 가격, 운영시간, 연락 방법을 한곳에서 확인할 수 있습니다.","shops/gyeonggi/namyangju/별내동/프리미엄테라피/index.html || 남양주시 별내동 기준 프리미엄테라피의 코스와 이용 정보를 확인할 수 있습니다. 60분·90분 코스와 60,000원부터 확인되는 가격 정보를 포함해 코스 구성과 가격, 운영시간, 연락 방법을 한곳에서 확인할 수 있습니다."
"DESCRIPTION_TEMPLATE","105","지역SEO","5","loc 지역에서 loc loc loc 등 주변 생활권의 위치 관계를 확인할 수 있습니다 현재 위치에서 가까운 지역을 비교하고 loc 범위를 살펴볼 때 참고할 수 있습니다","massage/호법면-출장마사지-이천시-생활권-지역정보-이용안내/index.html || 호법면 지역에서 대월면·마장면·모가면 등 주변 생활권의 위치 관계를 확인할 수 있습니다. 현재 위치에서 가까운 지역을 비교하고 이동 범위를 살펴볼 때 참고할 수 있습니다.","massage/동천동-출장마사지-대구-북구-생활권-이동동선-지역정보-이용전-안내/index.html || 동천동 지역에서 노원동·대현동·무태조야동 등 주변 생활권의 위치 관계를 확인할 수 있습니다. 현재 위치에서 가까운 지역을 비교하고 이동 범위를 살펴볼 때 참고할 수 있습니다.","massage/조촌동-출장마사지-전주-덕진구-생활권-이동동선-지역정보-이용전-안내/index.html || 조촌동 지역에서 우아동·인후동·진북동 등 주변 생활권의 위치 관계를 확인할 수 있습니다. 현재 위치에서 가까운 지역을 비교하고 이동 범위를 살펴볼 때 참고할 수 있습니다."
"DESCRIPTION_TEMPLATE","106","지역SEO","5","loc 주변의 loc loc loc 등 연결 지역을 중심으로 위치 정보를 구성했습니다 가까운 지역과 연결 방향을 비교해 현재 위치 기준 생활권을 살펴볼 수 있습니다","massage/월롱면-출장마사지-파주시-생활권-지역정보-이용안내/index.html || 월롱면 주변의 광탄면·문산읍·법원읍 등 연결 지역을 중심으로 위치 정보를 구성했습니다. 가까운 지역과 연결 방향을 비교해 현재 위치 기준 생활권을 살펴볼 수 있습니다.","massage/선학동-출장마사지-연수구-생활권-이동동선-지역정보-이용전-안내/index.html || 선학동 주변의 동춘동·송도동·연수동 등 연결 지역을 중심으로 위치 정보를 구성했습니다. 가까운 지역과 연결 방향을 비교해 현재 위치 기준 생활권을 살펴볼 수 있습니다.","massage/중앙동-출장마사지-대전-동구-생활권-이동동선-지역정보-이용전-안내/index.html || 중앙동 주변의 용전동·자양동·판암동 등 연결 지역을 중심으로 위치 정보를 구성했습니다. 가까운 지역과 연결 방향을 비교해 현재 위치 기준 생활권을 살펴볼 수 있습니다."
"DESCRIPTION_TEMPLATE","107","업체상세","5","loc x 생활권에서 확인할 수 있는 x 정보를 담았습니다 n n 코스 구성과 n n 부터 확인되는 가격대를 확인한 뒤 이용 전 필요한 코스 가격 운영시간과 연락 정보를 한 번에 살펴볼 수 있습니다","shops/seoul/geumcheon-gu/시흥동/한국미인테라피/index.html || 금천구 시흥동 생활권에서 확인할 수 있는 한국미인테라피 정보를 담았습니다. 60분·90분 코스 구성과 100,000원부터 확인되는 가격대를 확인한 뒤 이용 전 필요한 코스·가격·운영시간과 연락 정보를 한 번에 살펴볼 수 있습니다.","shops/seoul/yeongdeungpo-gu/당산동/한국미인테라피/index.html || 영등포구 당산동 생활권에서 확인할 수 있는 한국미인테라피 정보를 담았습니다. 60분·90분 코스 구성과 100,000원부터 확인되는 가격대를 확인한 뒤 이용 전 필요한 코스·가격·운영시간과 연락 정보를 한 번에 살펴볼 수 있습니다.","shops/gyeonggi/pocheon/영북면/한국미인테라피/index.html || 포천시 영북면 생활권에서 확인할 수 있는 한국미인테라피 정보를 담았습니다. 60분·90분 코스 구성과 100,000원부터 확인되는 가격대를 확인한 뒤 이용 전 필요한 코스·가격·운영시간과 연락 정보를 한 번에 살펴볼 수 있습니다."
"DESCRIPTION_TEMPLATE","108","지역SEO","5","loc 지역에서 loc loc loc 등 주변 생활권을 함께 확인할 수 있습니다 가까운 생활권과 loc 범위를 비교해 지역 선택 전 참고할 수 있습니다","massage/배곧동-출장마사지-시흥시-생활권-이동동선-지역정보-이용전-안내/index.html || 배곧동 지역에서 매화동·목감동·신천동 등 주변 생활권을 함께 확인할 수 있습니다. 가까운 생활권과 이동 범위를 비교해 지역 선택 전 참고할 수 있습니다.","massage/명일동-출장마사지-강동구-생활권-이동동선-지역정보-이용전-안내/index.html || 명일동 지역에서 길동·둔촌동·상일동 등 주변 생활권을 함께 확인할 수 있습니다. 가까운 생활권과 이동 범위를 비교해 지역 선택 전 참고할 수 있습니다.","massage/군자동-출장마사지-광진구-생활권-이동동선-지역정보-이용전-안내/index.html || 군자동 지역에서 광장동·구의동·능동 등 주변 생활권을 함께 확인할 수 있습니다. 가까운 생활권과 이동 범위를 비교해 지역 선택 전 참고할 수 있습니다."
"DESCRIPTION_TEMPLATE","109","업체상세","5","loc x 기준으로 x 운영 정보를 정리했습니다 n n 부터 시작하는 가격과 n n 코스 정보를 바탕으로 영업시간과 코스별 가격을 확인하고 전화나 문자로 세부 내용을 문의할 수 있습니다","shops/seoul/gwanak-gu/남현동/너무이쁜테라피/index.html || 관악구 남현동 기준으로 너무이쁜테라피 운영 정보를 정리했습니다. 60,000원부터 시작하는 가격과 60분·90분 코스 정보를 바탕으로 영업시간과 코스별 가격을 확인하고 전화나 문자로 세부 내용을 문의할 수 있습니다.","shops/seoul/jongno-gu/4가동/한국미인테라피/index.html || 종로구 4가동 기준으로 한국미인테라피 운영 정보를 정리했습니다. 100,000원부터 시작하는 가격과 60분·90분 코스 정보를 바탕으로 영업시간과 코스별 가격을 확인하고 전화나 문자로 세부 내용을 문의할 수 있습니다.","shops/gyeonggi/gwangmyeong/학온동/너무이쁜테라피/index.html || 광명시 학온동 기준으로 너무이쁜테라피 운영 정보를 정리했습니다. 60,000원부터 시작하는 가격과 60분·90분 코스 정보를 바탕으로 영업시간과 코스별 가격을 확인하고 전화나 문자로 세부 내용을 문의할 수 있습니다."
"DESCRIPTION_TEMPLATE","110","업체상세","5","loc x 기준으로 x 운영 정보를 정리했습니다 n n 시간 구성과 n n 부터 시작하는 가격을 확인하면서 이용 전 필요한 코스 가격 운영시간과 연락 정보를 한 번에 살펴볼 수 있습니다","shops/seoul/dobong-gu/방학동/love테라피/index.html || 도봉구 방학동 기준으로 love테라피 운영 정보를 정리했습니다. 60분·90분 시간 구성과 70,000원부터 시작하는 가격을 확인하면서 이용 전 필요한 코스·가격·운영시간과 연락 정보를 한 번에 살펴볼 수 있습니다.","shops/seoul/mapo-gu/망원동/love테라피/index.html || 마포구 망원동 기준으로 love테라피 운영 정보를 정리했습니다. 60분·90분 시간 구성과 70,000원부터 시작하는 가격을 확인하면서 이용 전 필요한 코스·가격·운영시간과 연락 정보를 한 번에 살펴볼 수 있습니다.","shops/seoul/jungnang-gu/8동/프리미엄테라피/index.html || 중랑구 8동 기준으로 프리미엄테라피 운영 정보를 정리했습니다. 60분·90분 시간 구성과 60,000원부터 시작하는 가격을 확인하면서 이용 전 필요한 코스·가격·운영시간과 연락 정보를 한 번에 살펴볼 수 있습니다."
"DESCRIPTION_TEMPLATE","111","업체상세","5","x 관련 loc x 정보를 확인할 수 있습니다 n n 코스와 n n 부터 확인되는 가격 정보를 포함해 코스별 시간과 가격 운영시간 전화 문자 문의 내용을 살펴볼 수 있습니다","shops/seoul/dongjak-gu/흑석동/love테라피/index.html || love테라피 관련 동작구 흑석동 정보를 확인할 수 있습니다. 60분·90분 코스와 70,000원부터 확인되는 가격 정보를 포함해 코스별 시간과 가격, 운영시간, 전화·문자 문의 내용을 살펴볼 수 있습니다.","shops/seoul/seongdong-gu/3가동/너무이쁜테라피/index.html || 너무이쁜테라피 관련 성동구 3가동 정보를 확인할 수 있습니다. 60분·90분 코스와 60,000원부터 확인되는 가격 정보를 포함해 코스별 시간과 가격, 운영시간, 전화·문자 문의 내용을 살펴볼 수 있습니다.","shops/other/jeonju/deokjin-gu/여의동/다온테라피/index.html || 다온테라피 관련 덕진구 여의동 정보를 확인할 수 있습니다. 60분·90분 코스와 60,000원부터 확인되는 가격 정보를 포함해 코스별 시간과 가격, 운영시간, 전화·문자 문의 내용을 살펴볼 수 있습니다."
"DESCRIPTION_TEMPLATE","112","업체상세","5","x 의 loc loc x 운영 정보와 문의 방법을 정리했습니다 n n 이용시간과 n n 부터 확인되는 가격 정보를 함께 확인하며 가격 코스 구성 영업시간과 문의 수단을 순서대로 확인할 수 있습니다","shops/gyeonggi/bucheon/sosa-gu/범박동/love테라피/index.html || love테라피의 부천시-소사구 범박동 운영 정보와 문의 방법을 정리했습니다. 60분·90분 이용시간과 70,000원부터 확인되는 가격 정보를 함께 확인하며 가격, 코스 구성, 영업시간과 문의 수단을 순서대로 확인할 수 있습니다.","shops/gyeonggi/bucheon/ojeong-gu/오정동/프리미엄테라피/index.html || 프리미엄테라피의 부천시-오정구 오정동 운영 정보와 문의 방법을 정리했습니다. 60분·90분 이용시간과 60,000원부터 확인되는 가격 정보를 함께 확인하며 가격, 코스 구성, 영업시간과 문의 수단을 순서대로 확인할 수 있습니다.","shops/gyeonggi/suwon/paldal-gu/고등동/너무이쁜테라피/index.html || 너무이쁜테라피의 수원시-팔달구 고등동 운영 정보와 문의 방법을 정리했습니다. 60분·90분 이용시간과 60,000원부터 확인되는 가격 정보를 함께 확인하며 가격, 코스 구성, 영업시간과 문의 수단을 순서대로 확인할 수 있습니다."
"DESCRIPTION_TEMPLATE","113","업체상세","5","loc x 지역의 x 이용 정보를 정리했습니다 n n 부터 확인되는 가격 정보와 n n 코스 시간을 함께 살펴보고 영업시간과 코스별 가격을 확인하고 전화나 문자로 세부 내용을 문의할 수 있습니다","shops/seoul/gwanak-gu/중앙동/너무이쁜테라피/index.html || 관악구 중앙동 지역의 너무이쁜테라피 이용 정보를 정리했습니다. 60,000원부터 확인되는 가격 정보와 60분·90분 코스 시간을 함께 살펴보고 영업시간과 코스별 가격을 확인하고 전화나 문자로 세부 내용을 문의할 수 있습니다.","shops/seoul/nowon-gu/중계본동/너무이쁜테라피/index.html || 노원구 중계본동 지역의 너무이쁜테라피 이용 정보를 정리했습니다. 60,000원부터 확인되는 가격 정보와 60분·90분 코스 시간을 함께 살펴보고 영업시간과 코스별 가격을 확인하고 전화나 문자로 세부 내용을 문의할 수 있습니다.","shops/seoul/mapo-gu/성산동/프리미엄테라피/index.html || 마포구 성산동 지역의 프리미엄테라피 이용 정보를 정리했습니다. 60,000원부터 확인되는 가격 정보와 60분·90분 코스 시간을 함께 살펴보고 영업시간과 코스별 가격을 확인하고 전화나 문자로 세부 내용을 문의할 수 있습니다."
"DESCRIPTION_TEMPLATE","114","업체상세","5","x 이용 전 살펴볼 loc x 지역 정보를 한곳에 모았습니다 n n 부터 시작하는 가격과 n n 코스 정보를 바탕으로 코스와 가격 영업시간 전화 문자 문의 방법을 함께 확인할 수 있습니다","shops/seoul/gwanak-gu/행운동/마인드좋은테라피/index.html || 마인드좋은테라피 이용 전 살펴볼 관악구 행운동 지역 정보를 한곳에 모았습니다. 60,000원부터 시작하는 가격과 60분·90분 코스 정보를 바탕으로 코스와 가격, 영업시간, 전화·문자 문의 방법을 함께 확인할 수 있습니다.","shops/seoul/jung-gu/약수동/프리미엄테라피/index.html || 프리미엄테라피 이용 전 살펴볼 중구 약수동 지역 정보를 한곳에 모았습니다. 60,000원부터 시작하는 가격과 60분·90분 코스 정보를 바탕으로 코스와 가격, 영업시간, 전화·문자 문의 방법을 함께 확인할 수 있습니다.","shops/gyeonggi/gwangju-gyeonggi/곤지암읍/한국미인테라피/index.html || 한국미인테라피 이용 전 살펴볼 광주시 곤지암읍 지역 정보를 한곳에 모았습니다. 100,000원부터 시작하는 가격과 60분·90분 코스 정보를 바탕으로 코스와 가격, 영업시간, 전화·문자 문의 방법을 함께 확인할 수 있습니다."
"DESCRIPTION_TEMPLATE","115","업체상세","5","x 이용 전 살펴볼 loc x 지역 정보를 한곳에 모았습니다 n n 부터 시작하는 가격과 n n 코스 정보를 바탕으로 코스 구성과 가격 운영시간 연락 방법을 한곳에서 확인할 수 있습니다","shops/seoul/gwangjin-gu/광장동/너무이쁜테라피/index.html || 너무이쁜테라피 이용 전 살펴볼 광진구 광장동 지역 정보를 한곳에 모았습니다. 60,000원부터 시작하는 가격과 60분·90분 코스 정보를 바탕으로 코스 구성과 가격, 운영시간, 연락 방법을 한곳에서 확인할 수 있습니다.","shops/seoul/seongdong-gu/행당동/love테라피/index.html || love테라피 이용 전 살펴볼 성동구 행당동 지역 정보를 한곳에 모았습니다. 70,000원부터 시작하는 가격과 60분·90분 코스 정보를 바탕으로 코스 구성과 가격, 운영시간, 연락 방법을 한곳에서 확인할 수 있습니다.","shops/seoul/eunpyeong-gu/수색동/프리미엄테라피/index.html || 프리미엄테라피 이용 전 살펴볼 은평구 수색동 지역 정보를 한곳에 모았습니다. 60,000원부터 시작하는 가격과 60분·90분 코스 정보를 바탕으로 코스 구성과 가격, 운영시간, 연락 방법을 한곳에서 확인할 수 있습니다."
"DESCRIPTION_TEMPLATE","116","업체상세","5","x 이용 전 살펴볼 loc x 지역 정보를 한곳에 모았습니다 n n 부터 확인되는 가격과 n n 코스 정보를 참고해 코스 구성과 가격 운영시간 연락 방법을 한곳에서 확인할 수 있습니다","shops/seoul/gwanak-gu/신원동/love테라피/index.html || love테라피 이용 전 살펴볼 관악구 신원동 지역 정보를 한곳에 모았습니다. 70,000원부터 확인되는 가격과 60분·90분 코스 정보를 참고해 코스 구성과 가격, 운영시간, 연락 방법을 한곳에서 확인할 수 있습니다.","shops/seoul/jongno-gu/무악동/너무이쁜테라피/index.html || 너무이쁜테라피 이용 전 살펴볼 종로구 무악동 지역 정보를 한곳에 모았습니다. 60,000원부터 확인되는 가격과 60분·90분 코스 정보를 참고해 코스 구성과 가격, 운영시간, 연락 방법을 한곳에서 확인할 수 있습니다.","shops/gyeonggi/yeoncheon/연천읍/love테라피/index.html || love테라피 이용 전 살펴볼 연천군 연천읍 지역 정보를 한곳에 모았습니다. 70,000원부터 확인되는 가격과 60분·90분 코스 정보를 참고해 코스 구성과 가격, 운영시간, 연락 방법을 한곳에서 확인할 수 있습니다."
"DESCRIPTION_TEMPLATE","117","업체상세","5","x 관련 loc x 정보를 확인할 수 있습니다 n n 코스와 n n 부터 확인되는 가격 정보를 포함해 이용 가능한 코스와 가격 영업시간 전화 문자 문의 정보를 확인할 수 있습니다","shops/seoul/gwanak-gu/은천동/love테라피/index.html || love테라피 관련 관악구 은천동 정보를 확인할 수 있습니다. 60분·90분 코스와 70,000원부터 확인되는 가격 정보를 포함해 이용 가능한 코스와 가격, 영업시간, 전화·문자 문의 정보를 확인할 수 있습니다.","shops/seoul/yongsan-gu/한남동/너무이쁜테라피/index.html || 너무이쁜테라피 관련 용산구 한남동 정보를 확인할 수 있습니다. 60분·90분 코스와 60,000원부터 확인되는 가격 정보를 포함해 이용 가능한 코스와 가격, 영업시간, 전화·문자 문의 정보를 확인할 수 있습니다.","shops/gyeonggi/icheon/중리동/한국미인테라피/index.html || 한국미인테라피 관련 이천시 중리동 정보를 확인할 수 있습니다. 60분·90분 코스와 100,000원부터 확인되는 가격 정보를 포함해 이용 가능한 코스와 가격, 영업시간, 전화·문자 문의 정보를 확인할 수 있습니다."
"DESCRIPTION_TEMPLATE","118","업체상세","5","x 의 코스와 운영 정보를 loc loc x 기준으로 안내합니다 n n 부터 확인되는 가격과 n n 코스 정보를 참고해 코스와 가격 영업시간 전화 문자 문의 방법을 함께 확인할 수 있습니다","shops/gyeonggi/bucheon/wonmi-gu/소사동/너무이쁜테라피/index.html || 너무이쁜테라피의 코스와 운영 정보를 부천시-원미구 소사동 기준으로 안내합니다. 60,000원부터 확인되는 가격과 60분·90분 코스 정보를 참고해 코스와 가격, 영업시간, 전화·문자 문의 방법을 함께 확인할 수 있습니다.","shops/gyeonggi/seongnam/jungwon-gu/하대원동/프리미엄테라피/index.html || 프리미엄테라피의 코스와 운영 정보를 성남시-중원구 하대원동 기준으로 안내합니다. 60,000원부터 확인되는 가격과 60분·90분 코스 정보를 참고해 코스와 가격, 영업시간, 전화·문자 문의 방법을 함께 확인할 수 있습니다.","shops/gyeonggi/anyang/dongan-gu/인덕원동/프리미엄테라피/index.html || 프리미엄테라피의 코스와 운영 정보를 안양시-동안구 인덕원동 기준으로 안내합니다. 60,000원부터 확인되는 가격과 60분·90분 코스 정보를 참고해 코스와 가격, 영업시간, 전화·문자 문의 방법을 함께 확인할 수 있습니다."
"DESCRIPTION_TEMPLATE","119","업체상세","5","x 이용 전 살펴볼 loc x 지역 정보를 한곳에 모았습니다 n n 코스 구성과 n n 부터 확인되는 가격대를 확인한 뒤 이용 전 필요한 코스 가격 운영시간과 연락 정보를 한 번에 살펴볼 수 있습니다","shops/seoul/gwanak-gu/청룡동/너무이쁜테라피/index.html || 너무이쁜테라피 이용 전 살펴볼 관악구 청룡동 지역 정보를 한곳에 모았습니다. 60분·90분 코스 구성과 60,000원부터 확인되는 가격대를 확인한 뒤 이용 전 필요한 코스·가격·운영시간과 연락 정보를 한 번에 살펴볼 수 있습니다.","shops/seoul/guro-gu/고척동/너무이쁜테라피/index.html || 너무이쁜테라피 이용 전 살펴볼 구로구 고척동 지역 정보를 한곳에 모았습니다. 60분·90분 코스 구성과 60,000원부터 확인되는 가격대를 확인한 뒤 이용 전 필요한 코스·가격·운영시간과 연락 정보를 한 번에 살펴볼 수 있습니다.","shops/seoul/songpa-gu/문정동/너무이쁜테라피/index.html || 너무이쁜테라피 이용 전 살펴볼 송파구 문정동 지역 정보를 한곳에 모았습니다. 60분·90분 코스 구성과 60,000원부터 확인되는 가격대를 확인한 뒤 이용 전 필요한 코스·가격·운영시간과 연락 정보를 한 번에 살펴볼 수 있습니다."
"DESCRIPTION_TEMPLATE","120","업체상세","5","loc x 생활권에서 확인할 수 있는 x 정보를 담았습니다 n n 이용시간과 n n 부터 확인되는 가격 정보를 함께 확인하며 운영시간과 코스 구성 가격 연락 방법을 한 페이지에서 확인할 수 있습니다","shops/seoul/gwanak-gu/청림동/한국미인테라피/index.html || 관악구 청림동 생활권에서 확인할 수 있는 한국미인테라피 정보를 담았습니다. 60분·90분 이용시간과 100,000원부터 확인되는 가격 정보를 함께 확인하며 운영시간과 코스 구성, 가격, 연락 방법을 한 페이지에서 확인할 수 있습니다.","shops/seoul/dobong-gu/쌍문동/너무이쁜테라피/index.html || 도봉구 쌍문동 생활권에서 확인할 수 있는 너무이쁜테라피 정보를 담았습니다. 60분·90분 이용시간과 60,000원부터 확인되는 가격 정보를 함께 확인하며 운영시간과 코스 구성, 가격, 연락 방법을 한 페이지에서 확인할 수 있습니다.","shops/seoul/jongno-gu/사직동/한국미인테라피/index.html || 종로구 사직동 생활권에서 확인할 수 있는 한국미인테라피 정보를 담았습니다. 60분·90분 이용시간과 100,000원부터 확인되는 가격 정보를 함께 확인하며 운영시간과 코스 구성, 가격, 연락 방법을 한 페이지에서 확인할 수 있습니다."
"DESCRIPTION_TEMPLATE","121","업체상세","5","loc x 지역의 x 이용 정보를 정리했습니다 n n 시간 구성과 n n 부터 시작하는 가격을 확인하면서 이용 전 필요한 코스 가격 운영시간과 연락 정보를 한 번에 살펴볼 수 있습니다","shops/seoul/mapo-gu/서강동/프리미엄테라피/index.html || 마포구 서강동 지역의 프리미엄테라피 이용 정보를 정리했습니다. 60분·90분 시간 구성과 60,000원부터 시작하는 가격을 확인하면서 이용 전 필요한 코스·가격·운영시간과 연락 정보를 한 번에 살펴볼 수 있습니다.","shops/gyeonggi/gimpo/구래동/한국미인테라피/index.html || 김포시 구래동 지역의 한국미인테라피 이용 정보를 정리했습니다. 60분·90분 시간 구성과 100,000원부터 시작하는 가격을 확인하면서 이용 전 필요한 코스·가격·운영시간과 연락 정보를 한 번에 살펴볼 수 있습니다.","shops/gyeonggi/yangju/백석읍/너무이쁜테라피/index.html || 양주시 백석읍 지역의 너무이쁜테라피 이용 정보를 정리했습니다. 60분·90분 시간 구성과 60,000원부터 시작하는 가격을 확인하면서 이용 전 필요한 코스·가격·운영시간과 연락 정보를 한 번에 살펴볼 수 있습니다."
"DESCRIPTION_TEMPLATE","122","지역SEO","5","loc 주변의 loc loc loc 등 연결 지역을 중심으로 위치 정보를 구성했습니다 인접 생활권과 주변 위치를 확인해 loc 동선을 검토할 때 활용할 수 있습니다","massage/궁내동-출장마사지-군포시-생활권-이동동선-지역정보-이용전-안내/index.html || 궁내동 주변의 광정동·군포동·금정동 등 연결 지역을 중심으로 위치 정보를 구성했습니다. 인접 생활권과 주변 위치를 확인해 이동 동선을 검토할 때 활용할 수 있습니다.","massage/수서동-출장마사지-강남구-생활권-이동동선-지역정보-이용전-안내/index.html || 수서동 주변의 삼성동·세곡동·신사동 등 연결 지역을 중심으로 위치 정보를 구성했습니다. 인접 생활권과 주변 위치를 확인해 이동 동선을 검토할 때 활용할 수 있습니다.","massage/여좌동-출장마사지-창원-진해구-생활권-이동동선-지역정보-이용전-안내/index.html || 여좌동 주변의 병암동·석동·웅동동 등 연결 지역을 중심으로 위치 정보를 구성했습니다. 인접 생활권과 주변 위치를 확인해 이동 동선을 검토할 때 활용할 수 있습니다."
"DESCRIPTION_TEMPLATE","123","업체상세","5","loc x 지역의 x 이용 정보를 정리했습니다 n n 부터 확인되는 가격과 n n 코스 정보를 참고해 가격 코스 구성 영업시간과 문의 수단을 순서대로 확인할 수 있습니다","shops/seoul/gwanak-gu/중앙동/love테라피/index.html || 관악구 중앙동 지역의 love테라피 이용 정보를 정리했습니다. 70,000원부터 확인되는 가격과 60분·90분 코스 정보를 참고해 가격, 코스 구성, 영업시간과 문의 수단을 순서대로 확인할 수 있습니다.","shops/seoul/yongsan-gu/한강로동/너무이쁜테라피/index.html || 용산구 한강로동 지역의 너무이쁜테라피 이용 정보를 정리했습니다. 60,000원부터 확인되는 가격과 60분·90분 코스 정보를 참고해 가격, 코스 구성, 영업시간과 문의 수단을 순서대로 확인할 수 있습니다.","shops/gyeonggi/paju/문산읍/너무이쁜테라피/index.html || 파주시 문산읍 지역의 너무이쁜테라피 이용 정보를 정리했습니다. 60,000원부터 확인되는 가격과 60분·90분 코스 정보를 참고해 가격, 코스 구성, 영업시간과 문의 수단을 순서대로 확인할 수 있습니다."
"DESCRIPTION_TEMPLATE","124","지역SEO","5","loc 기준으로 loc loc loc 등 인접 지역 정보를 정리했습니다 주변 위치와 loc 동선을 한눈에 비교할 수 있도록 필요한 정보만 담았습니다","massage/금정동-출장마사지-군포시-생활권-이동동선-지역정보-이용전-안내/index.html || 금정동 기준으로 군포동·궁내동·대야동 등 인접 지역 정보를 정리했습니다. 주변 위치와 이동 동선을 한눈에 비교할 수 있도록 필요한 정보만 담았습니다.","massage/인헌동-출장마사지-관악구-생활권-이동동선-지역정보-이용전-안내/index.html || 인헌동 기준으로 신원동·은천동·조원동 등 인접 지역 정보를 정리했습니다. 주변 위치와 이동 동선을 한눈에 비교할 수 있도록 필요한 정보만 담았습니다.","massage/수궁동-출장마사지-구로구-생활권-이동동선-지역정보-이용전-안내/index.html || 수궁동 기준으로 고척동·구로동·신도림동 등 인접 지역 정보를 정리했습니다. 주변 위치와 이동 동선을 한눈에 비교할 수 있도록 필요한 정보만 담았습니다."
"DESCRIPTION_TEMPLATE","125","업체상세","5","loc x 지역의 x 이용 정보를 정리했습니다 n n 시간 구성과 n n 부터 시작하는 가격을 확인하면서 코스별 시간과 가격 운영시간 전화 문자 문의 내용을 살펴볼 수 있습니다","shops/gyeonggi/gimpo/하성면/너무이쁜테라피/index.html || 김포시 하성면 지역의 너무이쁜테라피 이용 정보를 정리했습니다. 60분·90분 시간 구성과 60,000원부터 시작하는 가격을 확인하면서 코스별 시간과 가격, 운영시간, 전화·문자 문의 내용을 살펴볼 수 있습니다.","shops/gyeonggi/dongducheon/소요동/한국미인테라피/index.html || 동두천시 소요동 지역의 한국미인테라피 이용 정보를 정리했습니다. 60분·90분 시간 구성과 100,000원부터 시작하는 가격을 확인하면서 코스별 시간과 가격, 운영시간, 전화·문자 문의 내용을 살펴볼 수 있습니다.","shops/gyeonggi/yangju/양주동/love테라피/index.html || 양주시 양주동 지역의 love테라피 이용 정보를 정리했습니다. 60분·90분 시간 구성과 70,000원부터 시작하는 가격을 확인하면서 코스별 시간과 가격, 운영시간, 전화·문자 문의 내용을 살펴볼 수 있습니다."
"DESCRIPTION_TEMPLATE","126","업체상세","5","x 이용 전 살펴볼 loc x 지역 정보를 한곳에 모았습니다 n n 코스와 n n 부터 확인되는 가격 정보를 포함해 코스와 가격 영업시간 전화 문자 문의 방법을 함께 확인할 수 있습니다","shops/seoul/gwangjin-gu/화양동/한국미인테라피/index.html || 한국미인테라피 이용 전 살펴볼 광진구 화양동 지역 정보를 한곳에 모았습니다. 60분·90분 코스와 100,000원부터 확인되는 가격 정보를 포함해 코스와 가격, 영업시간, 전화·문자 문의 방법을 함께 확인할 수 있습니다.","shops/gyeonggi/namyangju/와부읍/프리미엄테라피/index.html || 프리미엄테라피 이용 전 살펴볼 남양주시 와부읍 지역 정보를 한곳에 모았습니다. 60분·90분 코스와 60,000원부터 확인되는 가격 정보를 포함해 코스와 가격, 영업시간, 전화·문자 문의 방법을 함께 확인할 수 있습니다.","shops/incheon/geomdan-gu/당하동/한국미인테라피/index.html || 한국미인테라피 이용 전 살펴볼 검단구 당하동 지역 정보를 한곳에 모았습니다. 60분·90분 코스와 100,000원부터 확인되는 가격 정보를 포함해 코스와 가격, 영업시간, 전화·문자 문의 방법을 함께 확인할 수 있습니다."
"DESCRIPTION_TEMPLATE","127","업체상세","5","x 이용 전 살펴볼 loc x 지역 정보를 한곳에 모았습니다 n n 부터 확인되는 가격 정보와 n n 코스 시간을 함께 살펴보고 가격과 이용시간 연락 방법을 확인해 필요한 내용을 loc 비교할 수 있습니다","shops/seoul/gwanak-gu/신림동/love테라피/index.html || love테라피 이용 전 살펴볼 관악구 신림동 지역 정보를 한곳에 모았습니다. 70,000원부터 확인되는 가격 정보와 60분·90분 코스 시간을 함께 살펴보고 가격과 이용시간, 연락 방법을 확인해 필요한 내용을 미리 비교할 수 있습니다.","shops/seoul/yeongdeungpo-gu/문래동/love테라피/index.html || love테라피 이용 전 살펴볼 영등포구 문래동 지역 정보를 한곳에 모았습니다. 70,000원부터 확인되는 가격 정보와 60분·90분 코스 시간을 함께 살펴보고 가격과 이용시간, 연락 방법을 확인해 필요한 내용을 미리 비교할 수 있습니다.","shops/gyeonggi/gapyeong/설악면/프리미엄테라피/index.html || 프리미엄테라피 이용 전 살펴볼 가평군 설악면 지역 정보를 한곳에 모았습니다. 60,000원부터 확인되는 가격 정보와 60분·90분 코스 시간을 함께 살펴보고 가격과 이용시간, 연락 방법을 확인해 필요한 내용을 미리 비교할 수 있습니다."
"DESCRIPTION_TEMPLATE","128","업체상세","5","x 이용 전 살펴볼 loc x 지역 정보를 한곳에 모았습니다 n n 시간 구성과 n n 부터 시작하는 가격을 확인하면서 가격과 코스 구성 영업시간 및 연락 수단을 비교해 이용 전 참고할 수 있습니다","shops/seoul/guro-gu/고척동/한국미인테라피/index.html || 한국미인테라피 이용 전 살펴볼 구로구 고척동 지역 정보를 한곳에 모았습니다. 60분·90분 시간 구성과 100,000원부터 시작하는 가격을 확인하면서 가격과 코스 구성, 영업시간 및 연락 수단을 비교해 이용 전 참고할 수 있습니다.","shops/gyeonggi/anseong/보개면/너무이쁜테라피/index.html || 너무이쁜테라피 이용 전 살펴볼 안성시 보개면 지역 정보를 한곳에 모았습니다. 60분·90분 시간 구성과 60,000원부터 시작하는 가격을 확인하면서 가격과 코스 구성, 영업시간 및 연락 수단을 비교해 이용 전 참고할 수 있습니다.","shops/gyeonggi/paju/파주읍/한국미인테라피/index.html || 한국미인테라피 이용 전 살펴볼 파주시 파주읍 지역 정보를 한곳에 모았습니다. 60분·90분 시간 구성과 100,000원부터 시작하는 가격을 확인하면서 가격과 코스 구성, 영업시간 및 연락 수단을 비교해 이용 전 참고할 수 있습니다."
"DESCRIPTION_TEMPLATE","129","업체상세","5","x 이용 전 살펴볼 loc x 지역 정보를 한곳에 모았습니다 n n 코스와 n n 부터 확인되는 가격 정보를 포함해 코스별 이용시간과 가격 운영시간 및 연락 방법을 비교할 수 있습니다","shops/gyeonggi/yangju/장흥면/너무이쁜테라피/index.html || 너무이쁜테라피 이용 전 살펴볼 양주시 장흥면 지역 정보를 한곳에 모았습니다. 60분·90분 코스와 60,000원부터 확인되는 가격 정보를 포함해 코스별 이용시간과 가격, 운영시간 및 연락 방법을 비교할 수 있습니다.","shops/gyeonggi/pyeongtaek/서정동/너무이쁜테라피/index.html || 너무이쁜테라피 이용 전 살펴볼 평택시 서정동 지역 정보를 한곳에 모았습니다. 60분·90분 코스와 60,000원부터 확인되는 가격 정보를 포함해 코스별 이용시간과 가격, 운영시간 및 연락 방법을 비교할 수 있습니다.","shops/incheon/ganghwa-gun/교동면/너무이쁜테라피/index.html || 너무이쁜테라피 이용 전 살펴볼 강화군 교동면 지역 정보를 한곳에 모았습니다. 60분·90분 코스와 60,000원부터 확인되는 가격 정보를 포함해 코스별 이용시간과 가격, 운영시간 및 연락 방법을 비교할 수 있습니다."
"DESCRIPTION_TEMPLATE","130","지역SEO","5","loc 생활권을 중심으로 loc loc loc 등 가까운 지역 정보를 정리했습니다 생활권 연결 방향과 위치 범위를 비교해 주변 지역을 확인할 때 활용할 수 있습니다","massage/부림동-출장마사지-과천시-생활권-이동동선-지역정보-이용전-안내/index.html || 부림동 생활권을 중심으로 문원동·별양동·원문동 등 가까운 지역 정보를 정리했습니다. 생활권 연결 방향과 위치 범위를 비교해 주변 지역을 확인할 때 활용할 수 있습니다.","massage/영중면-출장마사지-포천시-생활권-지역정보-이용안내/index.html || 영중면 생활권을 중심으로 가산면·관인면·군내면 등 가까운 지역 정보를 정리했습니다. 생활권 연결 방향과 위치 범위를 비교해 주변 지역을 확인할 때 활용할 수 있습니다.","massage/목감동-출장마사지-시흥시-생활권-이동동선-지역정보-이용전-안내/index.html || 목감동 생활권을 중심으로 대야동·매화동·배곧동 등 가까운 지역 정보를 정리했습니다. 생활권 연결 방향과 위치 범위를 비교해 주변 지역을 확인할 때 활용할 수 있습니다."
"DESCRIPTION_TEMPLATE","131","업체상세","5","x 이용을 검토할 때 참고할 loc x 상세 정보입니다 n n 코스와 n n 부터 확인되는 가격 정보를 포함해 코스와 가격 영업시간 전화 문자 문의 방법을 함께 확인할 수 있습니다","shops/gyeonggi/anseong/미양면/한국미인테라피/index.html || 한국미인테라피 이용을 검토할 때 참고할 안성시 미양면 상세 정보입니다. 60분·90분 코스와 100,000원부터 확인되는 가격 정보를 포함해 코스와 가격, 영업시간, 전화·문자 문의 방법을 함께 확인할 수 있습니다.","shops/gyeonggi/paju/월롱면/love테라피/index.html || love테라피 이용을 검토할 때 참고할 파주시 월롱면 상세 정보입니다. 60분·90분 코스와 70,000원부터 확인되는 가격 정보를 포함해 코스와 가격, 영업시간, 전화·문자 문의 방법을 함께 확인할 수 있습니다.","shops/incheon/ganghwa-gun/길상면/love테라피/index.html || love테라피 이용을 검토할 때 참고할 강화군 길상면 상세 정보입니다. 60분·90분 코스와 70,000원부터 확인되는 가격 정보를 포함해 코스와 가격, 영업시간, 전화·문자 문의 방법을 함께 확인할 수 있습니다."
"DESCRIPTION_TEMPLATE","132","업체상세","5","loc x 에서 x 이용 전 확인할 정보를 모았습니다 n n 코스와 n n 부터 확인되는 가격 정보를 포함해 운영시간과 코스 구성 가격 연락 방법을 한 페이지에서 확인할 수 있습니다","shops/seoul/dongjak-gu/신대방동/프리미엄테라피/index.html || 동작구 신대방동에서 프리미엄테라피 이용 전 확인할 정보를 모았습니다. 60분·90분 코스와 60,000원부터 확인되는 가격 정보를 포함해 운영시간과 코스 구성, 가격, 연락 방법을 한 페이지에서 확인할 수 있습니다.","shops/seoul/songpa-gu/풍납동/love테라피/index.html || 송파구 풍납동에서 love테라피 이용 전 확인할 정보를 모았습니다. 60분·90분 코스와 70,000원부터 확인되는 가격 정보를 포함해 운영시간과 코스 구성, 가격, 연락 방법을 한 페이지에서 확인할 수 있습니다.","shops/gyeonggi/dongducheon/송내동/한국미인테라피/index.html || 동두천시 송내동에서 한국미인테라피 이용 전 확인할 정보를 모았습니다. 60분·90분 코스와 100,000원부터 확인되는 가격 정보를 포함해 운영시간과 코스 구성, 가격, 연락 방법을 한 페이지에서 확인할 수 있습니다."
"DESCRIPTION_TEMPLATE","133","업체상세","5","x 이용을 검토할 때 참고할 loc x 상세 정보입니다 n n 부터 확인되는 가격과 n n 코스 정보를 참고해 이용 가능한 코스와 가격 영업시간 전화 문자 문의 정보를 확인할 수 있습니다","shops/seoul/gwangjin-gu/광장동/프리미엄테라피/index.html || 프리미엄테라피 이용을 검토할 때 참고할 광진구 광장동 상세 정보입니다. 60,000원부터 확인되는 가격과 60분·90분 코스 정보를 참고해 이용 가능한 코스와 가격, 영업시간, 전화·문자 문의 정보를 확인할 수 있습니다.","shops/gyeonggi/gwacheon/별양동/프리미엄테라피/index.html || 프리미엄테라피 이용을 검토할 때 참고할 과천시 별양동 상세 정보입니다. 60,000원부터 확인되는 가격과 60분·90분 코스 정보를 참고해 이용 가능한 코스와 가격, 영업시간, 전화·문자 문의 정보를 확인할 수 있습니다.","shops/gyeonggi/anseong/안성동/프리미엄테라피/index.html || 프리미엄테라피 이용을 검토할 때 참고할 안성시 안성동 상세 정보입니다. 60,000원부터 확인되는 가격과 60분·90분 코스 정보를 참고해 이용 가능한 코스와 가격, 영업시간, 전화·문자 문의 정보를 확인할 수 있습니다."
"DESCRIPTION_TEMPLATE","134","업체상세","5","loc x 기준으로 x 운영 정보를 정리했습니다 n n 부터 확인되는 가격 정보와 n n 코스 시간을 함께 살펴보고 운영시간과 코스 구성 가격 연락 방법을 한 페이지에서 확인할 수 있습니다","shops/gyeonggi/siheung/능곡동/한국미인테라피/index.html || 시흥시 능곡동 기준으로 한국미인테라피 운영 정보를 정리했습니다. 100,000원부터 확인되는 가격 정보와 60분·90분 코스 시간을 함께 살펴보고 운영시간과 코스 구성, 가격, 연락 방법을 한 페이지에서 확인할 수 있습니다.","shops/gyeonggi/anseong/미양면/프리미엄테라피/index.html || 안성시 미양면 기준으로 프리미엄테라피 운영 정보를 정리했습니다. 60,000원부터 확인되는 가격 정보와 60분·90분 코스 시간을 함께 살펴보고 운영시간과 코스 구성, 가격, 연락 방법을 한 페이지에서 확인할 수 있습니다.","shops/gyeonggi/pocheon/영중면/프리미엄테라피/index.html || 포천시 영중면 기준으로 프리미엄테라피 운영 정보를 정리했습니다. 60,000원부터 확인되는 가격 정보와 60분·90분 코스 시간을 함께 살펴보고 운영시간과 코스 구성, 가격, 연락 방법을 한 페이지에서 확인할 수 있습니다."
"DESCRIPTION_TEMPLATE","135","업체상세","5","loc x 기준 x 의 코스와 이용 정보를 확인할 수 있습니다 n n 이용시간과 n n 부터 확인되는 가격 정보를 함께 확인하며 코스별 시간과 가격 운영시간 전화 문자 문의 내용을 살펴볼 수 있습니다","shops/seoul/dongjak-gu/상도동/love테라피/index.html || 동작구 상도동 기준 love테라피의 코스와 이용 정보를 확인할 수 있습니다. 60분·90분 이용시간과 70,000원부터 확인되는 가격 정보를 함께 확인하며 코스별 시간과 가격, 운영시간, 전화·문자 문의 내용을 살펴볼 수 있습니다.","shops/seoul/seongbuk-gu/석관동/너무이쁜테라피/index.html || 성북구 석관동 기준 너무이쁜테라피의 코스와 이용 정보를 확인할 수 있습니다. 60분·90분 이용시간과 60,000원부터 확인되는 가격 정보를 함께 확인하며 코스별 시간과 가격, 운영시간, 전화·문자 문의 내용을 살펴볼 수 있습니다.","shops/gyeonggi/gwacheon/원문동/너무이쁜테라피/index.html || 과천시 원문동 기준 너무이쁜테라피의 코스와 이용 정보를 확인할 수 있습니다. 60분·90분 이용시간과 60,000원부터 확인되는 가격 정보를 함께 확인하며 코스별 시간과 가격, 운영시간, 전화·문자 문의 내용을 살펴볼 수 있습니다."
"DESCRIPTION_TEMPLATE","136","지역SEO","5","loc 지역에서 loc loc loc 등 주변 생활권을 함께 확인할 수 있습니다 현재 위치에서 이어지는 주변 지역을 살펴보고 loc 방향을 판단할 때 활용할 수 있습니다","massage/동구동-출장마사지-구리시-생활권-이동동선-지역정보-이용전-안내/index.html || 동구동 지역에서 갈매동·교문동·수택동 등 주변 생활권을 함께 확인할 수 있습니다. 현재 위치에서 이어지는 주변 지역을 살펴보고 이동 방향을 판단할 때 활용할 수 있습니다.","massage/아현동-출장마사지-마포구-생활권-이동동선-지역정보-이용전-안내/index.html || 아현동 지역에서 성산동·신수동·연남동 등 주변 생활권을 함께 확인할 수 있습니다. 현재 위치에서 이어지는 주변 지역을 살펴보고 이동 방향을 판단할 때 활용할 수 있습니다.","massage/갈마동-출장마사지-대전-서구-생활권-이동동선-지역정보-이용전-안내/index.html || 갈마동 지역에서 가수원동·가장동·관저동 등 주변 생활권을 함께 확인할 수 있습니다. 현재 위치에서 이어지는 주변 지역을 살펴보고 이동 방향을 판단할 때 활용할 수 있습니다."
"DESCRIPTION_TEMPLATE","137","업체상세","5","x 의 코스와 운영 정보를 loc x 기준으로 안내합니다 n n 코스 구성과 n n 부터 확인되는 가격대를 확인한 뒤 운영시간과 코스 구성 가격 연락 방법을 한 페이지에서 확인할 수 있습니다","shops/seoul/gwanak-gu/신림동/마인드좋은테라피/index.html || 마인드좋은테라피의 코스와 운영 정보를 관악구 신림동 기준으로 안내합니다. 60분·90분 코스 구성과 60,000원부터 확인되는 가격대를 확인한 뒤 운영시간과 코스 구성, 가격, 연락 방법을 한 페이지에서 확인할 수 있습니다.","shops/seoul/yeongdeungpo-gu/문래동/한국미인테라피/index.html || 한국미인테라피의 코스와 운영 정보를 영등포구 문래동 기준으로 안내합니다. 60분·90분 코스 구성과 100,000원부터 확인되는 가격대를 확인한 뒤 운영시간과 코스 구성, 가격, 연락 방법을 한 페이지에서 확인할 수 있습니다.","shops/seoul/yeongdeungpo-gu/영등포본동/한국미인테라피/index.html || 한국미인테라피의 코스와 운영 정보를 영등포구 영등포본동 기준으로 안내합니다. 60분·90분 코스 구성과 100,000원부터 확인되는 가격대를 확인한 뒤 운영시간과 코스 구성, 가격, 연락 방법을 한 페이지에서 확인할 수 있습니다."
"DESCRIPTION_TEMPLATE","138","업체상세","5","x 의 loc x 운영 정보와 문의 방법을 정리했습니다 n n 부터 확인되는 가격 정보와 n n 코스 시간을 함께 살펴보고 운영시간과 코스 구성 가격 연락 방법을 한 페이지에서 확인할 수 있습니다","shops/seoul/gwangjin-gu/군자동/love테라피/index.html || love테라피의 광진구 군자동 운영 정보와 문의 방법을 정리했습니다. 70,000원부터 확인되는 가격 정보와 60분·90분 코스 시간을 함께 살펴보고 운영시간과 코스 구성, 가격, 연락 방법을 한 페이지에서 확인할 수 있습니다.","shops/seoul/jung-gu/소공동/너무이쁜테라피/index.html || 너무이쁜테라피의 중구 소공동 운영 정보와 문의 방법을 정리했습니다. 60,000원부터 확인되는 가격 정보와 60분·90분 코스 시간을 함께 살펴보고 운영시간과 코스 구성, 가격, 연락 방법을 한 페이지에서 확인할 수 있습니다.","shops/gyeonggi/gapyeong/가평읍/너무이쁜테라피/index.html || 너무이쁜테라피의 가평군 가평읍 운영 정보와 문의 방법을 정리했습니다. 60,000원부터 확인되는 가격 정보와 60분·90분 코스 시간을 함께 살펴보고 운영시간과 코스 구성, 가격, 연락 방법을 한 페이지에서 확인할 수 있습니다."
"DESCRIPTION_TEMPLATE","139","업체상세","5","loc x 기준으로 x 운영 정보를 정리했습니다 n n 코스와 n n 부터 가격과 코스 구성 영업시간 및 연락 수단을 비교해 이용 전 참고할 수 있습니다","shops/seoul/gangbuk-gu/우이동/한국미인테라피/index.html || 강북구 우이동 기준으로 한국미인테라피 운영 정보를 정리했습니다. 60분·90분 코스와 100,000원부터 가격과 코스 구성, 영업시간 및 연락 수단을 비교해 이용 전 참고할 수 있습니다.","shops/seoul/gwanak-gu/낙성대동/한국미인테라피/index.html || 관악구 낙성대동 기준으로 한국미인테라피 운영 정보를 정리했습니다. 60분·90분 코스와 100,000원부터 가격과 코스 구성, 영업시간 및 연락 수단을 비교해 이용 전 참고할 수 있습니다.","shops/gyeonggi/guri/교문동/한국미인테라피/index.html || 구리시 교문동 기준으로 한국미인테라피 운영 정보를 정리했습니다. 60분·90분 코스와 100,000원부터 가격과 코스 구성, 영업시간 및 연락 수단을 비교해 이용 전 참고할 수 있습니다."
"DESCRIPTION_TEMPLATE","140","업체상세","5","loc x 기준으로 x 운영 정보를 정리했습니다 n n 시간 구성과 n n 부터 시작하는 가격을 확인하면서 코스와 가격 영업시간 전화 문자 문의 방법을 함께 확인할 수 있습니다","shops/seoul/gangnam-gu/삼성동/한국미인테라피/index.html || 강남구 삼성동 기준으로 한국미인테라피 운영 정보를 정리했습니다. 60분·90분 시간 구성과 100,000원부터 시작하는 가격을 확인하면서 코스와 가격, 영업시간, 전화·문자 문의 방법을 함께 확인할 수 있습니다.","shops/seoul/gangdong-gu/고덕동/마인드좋은테라피/index.html || 강동구 고덕동 기준으로 마인드좋은테라피 운영 정보를 정리했습니다. 60분·90분 시간 구성과 60,000원부터 시작하는 가격을 확인하면서 코스와 가격, 영업시간, 전화·문자 문의 방법을 함께 확인할 수 있습니다.","shops/seoul/dobong-gu/방학동/프리미엄테라피/index.html || 도봉구 방학동 기준으로 프리미엄테라피 운영 정보를 정리했습니다. 60분·90분 시간 구성과 60,000원부터 시작하는 가격을 확인하면서 코스와 가격, 영업시간, 전화·문자 문의 방법을 함께 확인할 수 있습니다."
"DESCRIPTION_TEMPLATE","141","업체상세","5","loc x 에서 이용 가능한 x 정보를 보기 쉽게 정리했습니다 n n 부터 확인되는 가격과 n n 코스 정보를 참고해 운영시간과 코스 구성 가격 연락 방법을 한 페이지에서 확인할 수 있습니다","shops/seoul/gangdong-gu/상일동/너무이쁜테라피/index.html || 강동구 상일동에서 이용 가능한 너무이쁜테라피 정보를 보기 쉽게 정리했습니다. 60,000원부터 확인되는 가격과 60분·90분 코스 정보를 참고해 운영시간과 코스 구성, 가격, 연락 방법을 한 페이지에서 확인할 수 있습니다.","shops/seoul/songpa-gu/풍납동/프리미엄테라피/index.html || 송파구 풍납동에서 이용 가능한 프리미엄테라피 정보를 보기 쉽게 정리했습니다. 60,000원부터 확인되는 가격과 60분·90분 코스 정보를 참고해 운영시간과 코스 구성, 가격, 연락 방법을 한 페이지에서 확인할 수 있습니다.","shops/incheon/jemulpo-gu/도원동/너무이쁜테라피/index.html || 제물포구 도원동에서 이용 가능한 너무이쁜테라피 정보를 보기 쉽게 정리했습니다. 60,000원부터 확인되는 가격과 60분·90분 코스 정보를 참고해 운영시간과 코스 구성, 가격, 연락 방법을 한 페이지에서 확인할 수 있습니다."
"DESCRIPTION_TEMPLATE","142","업체상세","5","x 의 코스와 운영 정보를 loc x 기준으로 안내합니다 n n 코스와 n n 부터 영업시간과 코스별 가격을 확인하고 전화나 문자로 세부 내용을 문의할 수 있습니다","shops/seoul/gangbuk-gu/수유동/프리미엄테라피/index.html || 프리미엄테라피의 코스와 운영 정보를 강북구 수유동 기준으로 안내합니다. 60분·90분 코스와 60,000원부터 영업시간과 코스별 가격을 확인하고 전화나 문자로 세부 내용을 문의할 수 있습니다.","shops/seoul/guro-gu/개봉동/love테라피/index.html || love테라피의 코스와 운영 정보를 구로구 개봉동 기준으로 안내합니다. 60분·90분 코스와 70,000원부터 영업시간과 코스별 가격을 확인하고 전화나 문자로 세부 내용을 문의할 수 있습니다.","shops/gyeonggi/gunpo/광정동/프리미엄테라피/index.html || 프리미엄테라피의 코스와 운영 정보를 군포시 광정동 기준으로 안내합니다. 60분·90분 코스와 60,000원부터 영업시간과 코스별 가격을 확인하고 전화나 문자로 세부 내용을 문의할 수 있습니다."
"DESCRIPTION_TEMPLATE","143","업체상세","5","x 의 loc x 이용 안내입니다 n n 이용시간과 n n 부터 확인되는 가격 정보를 함께 확인하며 코스와 가격 영업시간 전화 문자 문의 방법을 함께 확인할 수 있습니다","shops/seoul/jongno-gu/4가동/프리미엄테라피/index.html || 프리미엄테라피의 종로구 4가동 이용 안내입니다. 60분·90분 이용시간과 60,000원부터 확인되는 가격 정보를 함께 확인하며 코스와 가격, 영업시간, 전화·문자 문의 방법을 함께 확인할 수 있습니다.","shops/seoul/jung-gu/청구동/프리미엄테라피/index.html || 프리미엄테라피의 중구 청구동 이용 안내입니다. 60분·90분 이용시간과 60,000원부터 확인되는 가격 정보를 함께 확인하며 코스와 가격, 영업시간, 전화·문자 문의 방법을 함께 확인할 수 있습니다.","shops/gyeonggi/gunpo/송부동/love테라피/index.html || love테라피의 군포시 송부동 이용 안내입니다. 60분·90분 이용시간과 70,000원부터 확인되는 가격 정보를 함께 확인하며 코스와 가격, 영업시간, 전화·문자 문의 방법을 함께 확인할 수 있습니다."
"DESCRIPTION_TEMPLATE","144","지역SEO","5","loc 기준으로 loc loc loc 등 인접 지역 정보를 정리했습니다 현재 위치에서 가까운 지역을 비교하고 loc 범위를 살펴볼 때 참고할 수 있습니다","massage/일원본동-출장마사지-강남구-생활권-이동동선-지역정보-이용전-안내/index.html || 일원본동 기준으로 역삼동·일원동·청담동 등 인접 지역 정보를 정리했습니다. 현재 위치에서 가까운 지역을 비교하고 이동 범위를 살펴볼 때 참고할 수 있습니다.","massage/일신동-출장마사지-부평구-생활권-이동동선-지역정보-이용전-안내/index.html || 일신동 기준으로 삼산동·십정동·청천동 등 인접 지역 정보를 정리했습니다. 현재 위치에서 가까운 지역을 비교하고 이동 범위를 살펴볼 때 참고할 수 있습니다.","massage/신안동-출장마사지-광주-북구-생활권-이동동선-지역정보-이용전-안내/index.html || 신안동 기준으로 삼각동·석곡동·신용동 등 인접 지역 정보를 정리했습니다. 현재 위치에서 가까운 지역을 비교하고 이동 범위를 살펴볼 때 참고할 수 있습니다."
"DESCRIPTION_TEMPLATE","145","업체상세","5","x 의 loc x 운영 정보와 문의 방법을 정리했습니다 n n 코스와 n n 부터 확인되는 가격 정보를 포함해 코스 가격 영업시간과 전화 또는 문자 문의 방법을 확인할 수 있습니다","shops/seoul/seongdong-gu/응봉동/love테라피/index.html || love테라피의 성동구 응봉동 운영 정보와 문의 방법을 정리했습니다. 60분·90분 코스와 70,000원부터 확인되는 가격 정보를 포함해 코스·가격·영업시간과 전화 또는 문자 문의 방법을 확인할 수 있습니다.","shops/seoul/eunpyeong-gu/녹번동/love테라피/index.html || love테라피의 은평구 녹번동 운영 정보와 문의 방법을 정리했습니다. 60분·90분 코스와 70,000원부터 확인되는 가격 정보를 포함해 코스·가격·영업시간과 전화 또는 문자 문의 방법을 확인할 수 있습니다.","shops/seoul/jung-gu/동화동/love테라피/index.html || love테라피의 중구 동화동 운영 정보와 문의 방법을 정리했습니다. 60분·90분 코스와 70,000원부터 확인되는 가격 정보를 포함해 코스·가격·영업시간과 전화 또는 문자 문의 방법을 확인할 수 있습니다."
"DESCRIPTION_TEMPLATE","146","업체상세","5","loc x 기준으로 x 운영 정보를 정리했습니다 n n 부터 확인되는 가격과 n n 코스 정보를 참고해 가격과 이용시간 연락 방법을 확인해 필요한 내용을 loc 비교할 수 있습니다","shops/gyeonggi/gwacheon/원문동/한국미인테라피/index.html || 과천시 원문동 기준으로 한국미인테라피 운영 정보를 정리했습니다. 100,000원부터 확인되는 가격과 60분·90분 코스 정보를 참고해 가격과 이용시간, 연락 방법을 확인해 필요한 내용을 미리 비교할 수 있습니다.","shops/gyeonggi/namyangju/조안면/love테라피/index.html || 남양주시 조안면 기준으로 love테라피 운영 정보를 정리했습니다. 70,000원부터 확인되는 가격과 60분·90분 코스 정보를 참고해 가격과 이용시간, 연락 방법을 확인해 필요한 내용을 미리 비교할 수 있습니다.","shops/gyeonggi/pocheon/창수면/love테라피/index.html || 포천시 창수면 기준으로 love테라피 운영 정보를 정리했습니다. 70,000원부터 확인되는 가격과 60분·90분 코스 정보를 참고해 가격과 이용시간, 연락 방법을 확인해 필요한 내용을 미리 비교할 수 있습니다."
"DESCRIPTION_TEMPLATE","147","지역SEO","5","loc 지역과 loc loc loc 등 인접 생활권을 함께 살펴볼 수 있도록 구성했습니다 주변 동 읍 면과의 연결 범위를 살펴보고 가까운 지역을 찾는 데 활용할 수 있습니다","massage/신림동-출장마사지-관악구-생활권-이동동선-지역정보-이용전-안내/index.html || 신림동 지역과 서원동·성현동·신사동 등 인접 생활권을 함께 살펴볼 수 있도록 구성했습니다. 주변 동·읍·면과의 연결 범위를 살펴보고 가까운 지역을 찾는 데 활용할 수 있습니다.","massage/중촌동-출장마사지-대전-중구-생활권-이동동선-지역정보-이용전-안내/index.html || 중촌동 지역과 유천동·은행선화동·태평동 등 인접 생활권을 함께 살펴볼 수 있도록 구성했습니다. 주변 동·읍·면과의 연결 범위를 살펴보고 가까운 지역을 찾는 데 활용할 수 있습니다.","massage/병암동-출장마사지-창원-진해구-생활권-이동동선-지역정보-이용전-안내/index.html || 병암동 지역과 경화동·덕산동·석동 등 인접 생활권을 함께 살펴볼 수 있도록 구성했습니다. 주변 동·읍·면과의 연결 범위를 살펴보고 가까운 지역을 찾는 데 활용할 수 있습니다."
"DESCRIPTION_TEMPLATE","148","업체상세","5","loc x 에서 이용 가능한 x 정보를 보기 쉽게 정리했습니다 n n 부터 확인되는 가격 정보와 n n 코스 시간을 함께 살펴보고 코스별 시간과 가격 운영시간 전화 문자 문의 내용을 살펴볼 수 있습니다","shops/seoul/seongdong-gu/사근동/한국미인테라피/index.html || 성동구 사근동에서 이용 가능한 한국미인테라피 정보를 보기 쉽게 정리했습니다. 100,000원부터 확인되는 가격 정보와 60분·90분 코스 시간을 함께 살펴보고 코스별 시간과 가격, 운영시간, 전화·문자 문의 내용을 살펴볼 수 있습니다.","shops/gyeonggi/namyangju/양정동/한국미인테라피/index.html || 남양주시 양정동에서 이용 가능한 한국미인테라피 정보를 보기 쉽게 정리했습니다. 100,000원부터 확인되는 가격 정보와 60분·90분 코스 시간을 함께 살펴보고 코스별 시간과 가격, 운영시간, 전화·문자 문의 내용을 살펴볼 수 있습니다.","shops/gyeonggi/namyangju/퇴계원읍/너무이쁜테라피/index.html || 남양주시 퇴계원읍에서 이용 가능한 너무이쁜테라피 정보를 보기 쉽게 정리했습니다. 60,000원부터 확인되는 가격 정보와 60분·90분 코스 시간을 함께 살펴보고 코스별 시간과 가격, 운영시간, 전화·문자 문의 내용을 살펴볼 수 있습니다."
"DESCRIPTION_TEMPLATE","149","업체상세","5","x 의 loc x 이용 안내입니다 n n 부터 시작하는 가격과 n n 코스 정보를 바탕으로 코스와 가격 영업시간 전화 문자 문의 방법을 함께 확인할 수 있습니다","shops/seoul/gangbuk-gu/인수동/너무이쁜테라피/index.html || 너무이쁜테라피의 강북구 인수동 이용 안내입니다. 60,000원부터 시작하는 가격과 60분·90분 코스 정보를 바탕으로 코스와 가격, 영업시간, 전화·문자 문의 방법을 함께 확인할 수 있습니다.","shops/seoul/yongsan-gu/한강로동/love테라피/index.html || love테라피의 용산구 한강로동 이용 안내입니다. 70,000원부터 시작하는 가격과 60분·90분 코스 정보를 바탕으로 코스와 가격, 영업시간, 전화·문자 문의 방법을 함께 확인할 수 있습니다.","shops/gyeonggi/gwangju-gyeonggi/탄벌동/love테라피/index.html || love테라피의 광주시 탄벌동 이용 안내입니다. 70,000원부터 시작하는 가격과 60분·90분 코스 정보를 바탕으로 코스와 가격, 영업시간, 전화·문자 문의 방법을 함께 확인할 수 있습니다."
"DESCRIPTION_TEMPLATE","150","업체상세","5","loc x 에서 이용 가능한 x 정보를 보기 쉽게 정리했습니다 n n 시간 구성과 n n 부터 시작하는 가격을 확인하면서 코스 가격 영업시간과 전화 또는 문자 문의 방법을 확인할 수 있습니다","shops/gyeonggi/gwacheon/문원동/한국미인테라피/index.html || 과천시 문원동에서 이용 가능한 한국미인테라피 정보를 보기 쉽게 정리했습니다. 60분·90분 시간 구성과 100,000원부터 시작하는 가격을 확인하면서 코스·가격·영업시간과 전화 또는 문자 문의 방법을 확인할 수 있습니다.","shops/gyeonggi/gimpo/풍무동/너무이쁜테라피/index.html || 김포시 풍무동에서 이용 가능한 너무이쁜테라피 정보를 보기 쉽게 정리했습니다. 60분·90분 시간 구성과 60,000원부터 시작하는 가격을 확인하면서 코스·가격·영업시간과 전화 또는 문자 문의 방법을 확인할 수 있습니다.","shops/gyeonggi/namyangju/다산동/한국미인테라피/index.html || 남양주시 다산동에서 이용 가능한 한국미인테라피 정보를 보기 쉽게 정리했습니다. 60분·90분 시간 구성과 100,000원부터 시작하는 가격을 확인하면서 코스·가격·영업시간과 전화 또는 문자 문의 방법을 확인할 수 있습니다."
"DESCRIPTION_TEMPLATE","151","업체상세","5","loc x 지역의 x 이용 정보를 정리했습니다 n n 부터 시작하는 가격과 n n 코스 정보를 바탕으로 이용 전 필요한 코스 가격 운영시간과 연락 정보를 한 번에 살펴볼 수 있습니다","shops/seoul/songpa-gu/마천동/프리미엄테라피/index.html || 송파구 마천동 지역의 프리미엄테라피 이용 정보를 정리했습니다. 60,000원부터 시작하는 가격과 60분·90분 코스 정보를 바탕으로 이용 전 필요한 코스·가격·운영시간과 연락 정보를 한 번에 살펴볼 수 있습니다.","shops/seoul/jung-gu/소공동/한국미인테라피/index.html || 중구 소공동 지역의 한국미인테라피 이용 정보를 정리했습니다. 100,000원부터 시작하는 가격과 60분·90분 코스 정보를 바탕으로 이용 전 필요한 코스·가격·운영시간과 연락 정보를 한 번에 살펴볼 수 있습니다.","shops/gyeonggi/siheung/월곶동/한국미인테라피/index.html || 시흥시 월곶동 지역의 한국미인테라피 이용 정보를 정리했습니다. 100,000원부터 시작하는 가격과 60분·90분 코스 정보를 바탕으로 이용 전 필요한 코스·가격·운영시간과 연락 정보를 한 번에 살펴볼 수 있습니다."
"DESCRIPTION_TEMPLATE","152","지역SEO","5","loc 생활권과 loc loc loc 등 가까운 지역의 관계를 정리했습니다 생활권 연결 방향과 위치 범위를 비교해 주변 지역을 확인할 때 활용할 수 있습니다","massage/공항동-출장마사지-강서구-생활권-이동동선-지역정보-이용전-안내/index.html || 공항동 생활권과 가양동·등촌동·발산동 등 가까운 지역의 관계를 정리했습니다. 생활권 연결 방향과 위치 범위를 비교해 주변 지역을 확인할 때 활용할 수 있습니다.","massage/사근동-출장마사지-성동구-생활권-이동동선-지역정보-이용전-안내/index.html || 사근동 생활권과 금호4가동·마장동·성수1가제1동 등 가까운 지역의 관계를 정리했습니다. 생활권 연결 방향과 위치 범위를 비교해 주변 지역을 확인할 때 활용할 수 있습니다.","massage/교방동-출장마사지-창원-마산합포구-생활권-이동동선-지역정보-이용전-안내/index.html || 교방동 생활권과 가포동·문화동·반월중앙동 등 가까운 지역의 관계를 정리했습니다. 생활권 연결 방향과 위치 범위를 비교해 주변 지역을 확인할 때 활용할 수 있습니다."
"DESCRIPTION_TEMPLATE","153","업체상세","5","loc x 생활권에서 확인할 수 있는 x 정보를 담았습니다 n n 코스 구성과 n n 부터 확인되는 가격대를 확인한 뒤 코스 가격 영업시간과 전화 또는 문자 문의 방법을 확인할 수 있습니다","shops/seoul/seongbuk-gu/종암동/너무이쁜테라피/index.html || 성북구 종암동 생활권에서 확인할 수 있는 너무이쁜테라피 정보를 담았습니다. 60분·90분 코스 구성과 60,000원부터 확인되는 가격대를 확인한 뒤 코스·가격·영업시간과 전화 또는 문자 문의 방법을 확인할 수 있습니다.","shops/seoul/jongno-gu/혜화동/너무이쁜테라피/index.html || 종로구 혜화동 생활권에서 확인할 수 있는 너무이쁜테라피 정보를 담았습니다. 60분·90분 코스 구성과 60,000원부터 확인되는 가격대를 확인한 뒤 코스·가격·영업시간과 전화 또는 문자 문의 방법을 확인할 수 있습니다.","shops/gyeonggi/gimpo/구래동/프리미엄테라피/index.html || 김포시 구래동 생활권에서 확인할 수 있는 프리미엄테라피 정보를 담았습니다. 60분·90분 코스 구성과 60,000원부터 확인되는 가격대를 확인한 뒤 코스·가격·영업시간과 전화 또는 문자 문의 방법을 확인할 수 있습니다."
"DESCRIPTION_TEMPLATE","154","업체상세","5","loc x 에서 이용 가능한 x 정보를 보기 쉽게 정리했습니다 n n 부터 확인되는 가격과 n n 코스 정보를 참고해 이용 전 필요한 코스 가격 운영시간과 연락 정보를 한 번에 살펴볼 수 있습니다","shops/gyeonggi/goyang/일산동/love테라피/index.html || 고양시 일산동에서 이용 가능한 love테라피 정보를 보기 쉽게 정리했습니다. 70,000원부터 확인되는 가격과 60분·90분 코스 정보를 참고해 이용 전 필요한 코스·가격·운영시간과 연락 정보를 한 번에 살펴볼 수 있습니다.","shops/gyeonggi/gwangju-gyeonggi/남종면/너무이쁜테라피/index.html || 광주시 남종면에서 이용 가능한 너무이쁜테라피 정보를 보기 쉽게 정리했습니다. 60,000원부터 확인되는 가격과 60분·90분 코스 정보를 참고해 이용 전 필요한 코스·가격·운영시간과 연락 정보를 한 번에 살펴볼 수 있습니다.","shops/gyeonggi/gunpo/광정동/love테라피/index.html || 군포시 광정동에서 이용 가능한 love테라피 정보를 보기 쉽게 정리했습니다. 70,000원부터 확인되는 가격과 60분·90분 코스 정보를 참고해 이용 전 필요한 코스·가격·운영시간과 연락 정보를 한 번에 살펴볼 수 있습니다."
"DESCRIPTION_TEMPLATE","155","업체상세","5","loc x 생활권에서 확인할 수 있는 x 정보를 담았습니다 n n 부터 확인되는 가격과 n n 코스 정보를 참고해 가격과 코스 구성 영업시간 및 연락 수단을 비교해 이용 전 참고할 수 있습니다","shops/seoul/jongno-gu/창신동/너무이쁜테라피/index.html || 종로구 창신동 생활권에서 확인할 수 있는 너무이쁜테라피 정보를 담았습니다. 60,000원부터 확인되는 가격과 60분·90분 코스 정보를 참고해 가격과 코스 구성, 영업시간 및 연락 수단을 비교해 이용 전 참고할 수 있습니다.","shops/gyeonggi/osan/신장동/한국미인테라피/index.html || 오산시 신장동 생활권에서 확인할 수 있는 한국미인테라피 정보를 담았습니다. 100,000원부터 확인되는 가격과 60분·90분 코스 정보를 참고해 가격과 코스 구성, 영업시간 및 연락 수단을 비교해 이용 전 참고할 수 있습니다.","shops/gyeonggi/pyeongtaek/서정동/love테라피/index.html || 평택시 서정동 생활권에서 확인할 수 있는 love테라피 정보를 담았습니다. 70,000원부터 확인되는 가격과 60분·90분 코스 정보를 참고해 가격과 코스 구성, 영업시간 및 연락 수단을 비교해 이용 전 참고할 수 있습니다."
"DESCRIPTION_TEMPLATE","156","업체상세","5","x 의 loc x 운영 정보와 문의 방법을 정리했습니다 n n 부터 시작하는 가격과 n n 코스 정보를 바탕으로 코스와 가격 영업시간 전화 문자 문의 방법을 함께 확인할 수 있습니다","shops/seoul/yangcheon-gu/목동/한국미인테라피/index.html || 한국미인테라피의 양천구 목동 운영 정보와 문의 방법을 정리했습니다. 100,000원부터 시작하는 가격과 60분·90분 코스 정보를 바탕으로 코스와 가격, 영업시간, 전화·문자 문의 방법을 함께 확인할 수 있습니다.","shops/gyeonggi/pyeongtaek/안중읍/너무이쁜테라피/index.html || 너무이쁜테라피의 평택시 안중읍 운영 정보와 문의 방법을 정리했습니다. 60,000원부터 시작하는 가격과 60분·90분 코스 정보를 바탕으로 코스와 가격, 영업시간, 전화·문자 문의 방법을 함께 확인할 수 있습니다.","shops/gyeonggi/pocheon/소흘읍/love테라피/index.html || love테라피의 포천시 소흘읍 운영 정보와 문의 방법을 정리했습니다. 70,000원부터 시작하는 가격과 60분·90분 코스 정보를 바탕으로 코스와 가격, 영업시간, 전화·문자 문의 방법을 함께 확인할 수 있습니다."
"DESCRIPTION_TEMPLATE","157","업체상세","5","x 의 loc x 운영 정보와 문의 방법을 정리했습니다 n n 부터 확인되는 가격과 n n 코스 정보를 참고해 영업시간과 코스별 가격을 확인하고 전화나 문자로 세부 내용을 문의할 수 있습니다","shops/seoul/jungnang-gu/중화동/너무이쁜테라피/index.html || 너무이쁜테라피의 중랑구 중화동 운영 정보와 문의 방법을 정리했습니다. 60,000원부터 확인되는 가격과 60분·90분 코스 정보를 참고해 영업시간과 코스별 가격을 확인하고 전화나 문자로 세부 내용을 문의할 수 있습니다.","shops/gyeonggi/hanam/신장동/프리미엄테라피/index.html || 프리미엄테라피의 하남시 신장동 운영 정보와 문의 방법을 정리했습니다. 60,000원부터 확인되는 가격과 60분·90분 코스 정보를 참고해 영업시간과 코스별 가격을 확인하고 전화나 문자로 세부 내용을 문의할 수 있습니다.","shops/incheon/geomdan-gu/아라동/프리미엄테라피/index.html || 프리미엄테라피의 검단구 아라동 운영 정보와 문의 방법을 정리했습니다. 60,000원부터 확인되는 가격과 60분·90분 코스 정보를 참고해 영업시간과 코스별 가격을 확인하고 전화나 문자로 세부 내용을 문의할 수 있습니다."
"DESCRIPTION_TEMPLATE","158","업체상세","5","loc x 기준으로 x 운영 정보를 정리했습니다 n n 코스와 n n 부터 코스별 시간과 가격 운영시간 전화 문자 문의 내용을 살펴볼 수 있습니다","shops/seoul/gangdong-gu/천호동/한국미인테라피/index.html || 강동구 천호동 기준으로 한국미인테라피 운영 정보를 정리했습니다. 60분·90분 코스와 100,000원부터 코스별 시간과 가격, 운영시간, 전화·문자 문의 내용을 살펴볼 수 있습니다.","shops/seoul/jongno-gu/이화동/한국미인테라피/index.html || 종로구 이화동 기준으로 한국미인테라피 운영 정보를 정리했습니다. 60분·90분 코스와 100,000원부터 코스별 시간과 가격, 운영시간, 전화·문자 문의 내용을 살펴볼 수 있습니다.","shops/gyeonggi/gwangmyeong/하안동/love테라피/index.html || 광명시 하안동 기준으로 love테라피 운영 정보를 정리했습니다. 60분·90분 코스와 70,000원부터 코스별 시간과 가격, 운영시간, 전화·문자 문의 내용을 살펴볼 수 있습니다."
"DESCRIPTION_TEMPLATE","159","업체상세","5","x 관련 loc x 정보를 확인할 수 있습니다 n n 이용시간과 n n 부터 확인되는 가격 정보를 함께 확인하며 이용 가능한 코스와 가격 영업시간 전화 문자 문의 정보를 확인할 수 있습니다","shops/seoul/songpa-gu/가락동/너무이쁜테라피/index.html || 너무이쁜테라피 관련 송파구 가락동 정보를 확인할 수 있습니다. 60분·90분 이용시간과 60,000원부터 확인되는 가격 정보를 함께 확인하며 이용 가능한 코스와 가격, 영업시간, 전화·문자 문의 정보를 확인할 수 있습니다.","shops/gyeonggi/gwangju-gyeonggi/능평동/프리미엄테라피/index.html || 프리미엄테라피 관련 광주시 능평동 정보를 확인할 수 있습니다. 60분·90분 이용시간과 60,000원부터 확인되는 가격 정보를 함께 확인하며 이용 가능한 코스와 가격, 영업시간, 전화·문자 문의 정보를 확인할 수 있습니다.","shops/gyeonggi/siheung/거북섬동/love테라피/index.html || love테라피 관련 시흥시 거북섬동 정보를 확인할 수 있습니다. 60분·90분 이용시간과 70,000원부터 확인되는 가격 정보를 함께 확인하며 이용 가능한 코스와 가격, 영업시간, 전화·문자 문의 정보를 확인할 수 있습니다."
"DESCRIPTION_TEMPLATE","160","업체상세","5","x 의 loc x 운영 정보와 문의 방법을 정리했습니다 n n 부터 확인되는 가격 정보와 n n 코스 시간을 함께 살펴보고 코스별 시간과 가격 운영시간 전화 문자 문의 내용을 살펴볼 수 있습니다","shops/seoul/jungnang-gu/신내동/한국미인테라피/index.html || 한국미인테라피의 중랑구 신내동 운영 정보와 문의 방법을 정리했습니다. 100,000원부터 확인되는 가격 정보와 60분·90분 코스 시간을 함께 살펴보고 코스별 시간과 가격, 운영시간, 전화·문자 문의 내용을 살펴볼 수 있습니다.","shops/incheon/ongjin-gun/영흥면/한국미인테라피/index.html || 한국미인테라피의 옹진군 영흥면 운영 정보와 문의 방법을 정리했습니다. 100,000원부터 확인되는 가격 정보와 60분·90분 코스 시간을 함께 살펴보고 코스별 시간과 가격, 운영시간, 전화·문자 문의 내용을 살펴볼 수 있습니다.","shops/incheon/jemulpo-gu/화평동/너무이쁜테라피/index.html || 너무이쁜테라피의 제물포구 화평동 운영 정보와 문의 방법을 정리했습니다. 60,000원부터 확인되는 가격 정보와 60분·90분 코스 시간을 함께 살펴보고 코스별 시간과 가격, 운영시간, 전화·문자 문의 내용을 살펴볼 수 있습니다."
"DESCRIPTION_TEMPLATE","161","업체상세","5","loc x 에서 이용 가능한 x 정보를 보기 쉽게 정리했습니다 n n 코스와 n n 부터 운영시간과 코스 구성 가격 연락 방법을 한 페이지에서 확인할 수 있습니다","shops/seoul/jung-gu/명동/프리미엄테라피/index.html || 중구 명동에서 이용 가능한 프리미엄테라피 정보를 보기 쉽게 정리했습니다. 60분·90분 코스와 60,000원부터 운영시간과 코스 구성, 가격, 연락 방법을 한 페이지에서 확인할 수 있습니다.","shops/gyeonggi/yeoncheon/중면/프리미엄테라피/index.html || 연천군 중면에서 이용 가능한 프리미엄테라피 정보를 보기 쉽게 정리했습니다. 60분·90분 코스와 60,000원부터 운영시간과 코스 구성, 가격, 연락 방법을 한 페이지에서 확인할 수 있습니다.","shops/gyeonggi/icheon/신둔면/너무이쁜테라피/index.html || 이천시 신둔면에서 이용 가능한 너무이쁜테라피 정보를 보기 쉽게 정리했습니다. 60분·90분 코스와 60,000원부터 운영시간과 코스 구성, 가격, 연락 방법을 한 페이지에서 확인할 수 있습니다."
"DESCRIPTION_TEMPLATE","162","업체상세","5","loc x 생활권에서 확인할 수 있는 x 정보를 담았습니다 n n 부터 확인되는 가격 정보와 n n 코스 시간을 함께 살펴보고 이용 가능한 코스와 가격 영업시간 전화 문자 문의 정보를 확인할 수 있습니다","shops/seoul/seongbuk-gu/석관동/한국미인테라피/index.html || 성북구 석관동 생활권에서 확인할 수 있는 한국미인테라피 정보를 담았습니다. 100,000원부터 확인되는 가격 정보와 60분·90분 코스 시간을 함께 살펴보고 이용 가능한 코스와 가격, 영업시간, 전화·문자 문의 정보를 확인할 수 있습니다.","shops/gyeonggi/dongducheon/중앙동/love테라피/index.html || 동두천시 중앙동 생활권에서 확인할 수 있는 love테라피 정보를 담았습니다. 70,000원부터 확인되는 가격 정보와 60분·90분 코스 시간을 함께 살펴보고 이용 가능한 코스와 가격, 영업시간, 전화·문자 문의 정보를 확인할 수 있습니다.","shops/gyeonggi/yangpyeong/강상면/너무이쁜테라피/index.html || 양평군 강상면 생활권에서 확인할 수 있는 너무이쁜테라피 정보를 담았습니다. 60,000원부터 확인되는 가격 정보와 60분·90분 코스 시간을 함께 살펴보고 이용 가능한 코스와 가격, 영업시간, 전화·문자 문의 정보를 확인할 수 있습니다."
"DESCRIPTION_TEMPLATE","163","업체상세","5","loc x 에서 x 이용 전 확인할 정보를 모았습니다 n n 부터 확인되는 가격 정보와 n n 코스 시간을 함께 살펴보고 코스별 시간과 가격 운영시간 전화 문자 문의 내용을 살펴볼 수 있습니다","shops/seoul/gangnam-gu/수서동/love테라피/index.html || 강남구 수서동에서 love테라피 이용 전 확인할 정보를 모았습니다. 70,000원부터 확인되는 가격 정보와 60분·90분 코스 시간을 함께 살펴보고 코스별 시간과 가격, 운영시간, 전화·문자 문의 내용을 살펴볼 수 있습니다.","shops/seoul/dongjak-gu/신대방동/한국미인테라피/index.html || 동작구 신대방동에서 한국미인테라피 이용 전 확인할 정보를 모았습니다. 100,000원부터 확인되는 가격 정보와 60분·90분 코스 시간을 함께 살펴보고 코스별 시간과 가격, 운영시간, 전화·문자 문의 내용을 살펴볼 수 있습니다.","shops/seoul/eunpyeong-gu/응암동/love테라피/index.html || 은평구 응암동에서 love테라피 이용 전 확인할 정보를 모았습니다. 70,000원부터 확인되는 가격 정보와 60분·90분 코스 시간을 함께 살펴보고 코스별 시간과 가격, 운영시간, 전화·문자 문의 내용을 살펴볼 수 있습니다."
"DESCRIPTION_TEMPLATE","164","업체상세","5","x 이용 전 살펴볼 loc x 지역 정보를 한곳에 모았습니다 n n 코스 구성과 n n 부터 확인되는 가격대를 확인한 뒤 코스와 가격 영업시간 전화 문자 문의 방법을 함께 확인할 수 있습니다","shops/seoul/jongno-gu/숭인동/한국미인테라피/index.html || 한국미인테라피 이용 전 살펴볼 종로구 숭인동 지역 정보를 한곳에 모았습니다. 60분·90분 코스 구성과 100,000원부터 확인되는 가격대를 확인한 뒤 코스와 가격, 영업시간, 전화·문자 문의 방법을 함께 확인할 수 있습니다.","shops/gyeonggi/gwacheon/과천동/love테라피/index.html || love테라피 이용 전 살펴볼 과천시 과천동 지역 정보를 한곳에 모았습니다. 60분·90분 코스 구성과 70,000원부터 확인되는 가격대를 확인한 뒤 코스와 가격, 영업시간, 전화·문자 문의 방법을 함께 확인할 수 있습니다.","shops/gyeonggi/guri/갈매동/너무이쁜테라피/index.html || 너무이쁜테라피 이용 전 살펴볼 구리시 갈매동 지역 정보를 한곳에 모았습니다. 60분·90분 코스 구성과 60,000원부터 확인되는 가격대를 확인한 뒤 코스와 가격, 영업시간, 전화·문자 문의 방법을 함께 확인할 수 있습니다."
"DESCRIPTION_TEMPLATE","165","업체상세","5","loc x 지역의 x 이용 정보를 정리했습니다 n n 부터 확인되는 가격 정보와 n n 코스 시간을 함께 살펴보고 이용 가능한 코스와 가격 영업시간 전화 문자 문의 정보를 확인할 수 있습니다","shops/seoul/songpa-gu/가락동/프리미엄테라피/index.html || 송파구 가락동 지역의 프리미엄테라피 이용 정보를 정리했습니다. 60,000원부터 확인되는 가격 정보와 60분·90분 코스 시간을 함께 살펴보고 이용 가능한 코스와 가격, 영업시간, 전화·문자 문의 정보를 확인할 수 있습니다.","shops/seoul/songpa-gu/위례동/한국미인테라피/index.html || 송파구 위례동 지역의 한국미인테라피 이용 정보를 정리했습니다. 100,000원부터 확인되는 가격 정보와 60분·90분 코스 시간을 함께 살펴보고 이용 가능한 코스와 가격, 영업시간, 전화·문자 문의 정보를 확인할 수 있습니다.","shops/incheon/namdong-gu/만수동/프리미엄테라피/index.html || 남동구 만수동 지역의 프리미엄테라피 이용 정보를 정리했습니다. 60,000원부터 확인되는 가격 정보와 60분·90분 코스 시간을 함께 살펴보고 이용 가능한 코스와 가격, 영업시간, 전화·문자 문의 정보를 확인할 수 있습니다."
"DESCRIPTION_TEMPLATE","166","업체상세","5","x 관련 loc x 정보를 확인할 수 있습니다 n n 코스와 n n 부터 영업시간과 코스별 가격을 확인하고 전화나 문자로 세부 내용을 문의할 수 있습니다","shops/seoul/jongno-gu/삼청동/한국미인테라피/index.html || 한국미인테라피 관련 종로구 삼청동 정보를 확인할 수 있습니다. 60분·90분 코스와 100,000원부터 영업시간과 코스별 가격을 확인하고 전화나 문자로 세부 내용을 문의할 수 있습니다.","shops/gyeonggi/siheung/정왕본동/프리미엄테라피/index.html || 프리미엄테라피 관련 시흥시 정왕본동 정보를 확인할 수 있습니다. 60분·90분 코스와 60,000원부터 영업시간과 코스별 가격을 확인하고 전화나 문자로 세부 내용을 문의할 수 있습니다.","shops/gyeonggi/yangpyeong/옥천면/프리미엄테라피/index.html || 프리미엄테라피 관련 양평군 옥천면 정보를 확인할 수 있습니다. 60분·90분 코스와 60,000원부터 영업시간과 코스별 가격을 확인하고 전화나 문자로 세부 내용을 문의할 수 있습니다."
"DESCRIPTION_TEMPLATE","167","업체상세","5","loc x 에서 이용 가능한 x 정보를 보기 쉽게 정리했습니다 n n 부터 확인되는 가격과 n n 코스 정보를 참고해 영업시간과 코스별 가격을 확인하고 전화나 문자로 세부 내용을 문의할 수 있습니다","shops/seoul/gangdong-gu/강일동/너무이쁜테라피/index.html || 강동구 강일동에서 이용 가능한 너무이쁜테라피 정보를 보기 쉽게 정리했습니다. 60,000원부터 확인되는 가격과 60분·90분 코스 정보를 참고해 영업시간과 코스별 가격을 확인하고 전화나 문자로 세부 내용을 문의할 수 있습니다.","shops/gyeonggi/uiwang/오전동/한국미인테라피/index.html || 의왕시 오전동에서 이용 가능한 한국미인테라피 정보를 보기 쉽게 정리했습니다. 100,000원부터 확인되는 가격과 60분·90분 코스 정보를 참고해 영업시간과 코스별 가격을 확인하고 전화나 문자로 세부 내용을 문의할 수 있습니다.","shops/gyeonggi/icheon/장호원읍/한국미인테라피/index.html || 이천시 장호원읍에서 이용 가능한 한국미인테라피 정보를 보기 쉽게 정리했습니다. 100,000원부터 확인되는 가격과 60분·90분 코스 정보를 참고해 영업시간과 코스별 가격을 확인하고 전화나 문자로 세부 내용을 문의할 수 있습니다."
"DESCRIPTION_TEMPLATE","168","지역SEO","5","loc 주변의 loc loc loc 등 연결 지역을 중심으로 위치 정보를 구성했습니다 현재 위치에서 가까운 지역을 비교하고 loc 범위를 살펴볼 때 참고할 수 있습니다","massage/장안동-출장마사지-동대문구-생활권-이동동선-지역정보-이용전-안내/index.html || 장안동 주변의 용두동·이문동·전농동 등 연결 지역을 중심으로 위치 정보를 구성했습니다. 현재 위치에서 가까운 지역을 비교하고 이동 범위를 살펴볼 때 참고할 수 있습니다.","massage/망원동-출장마사지-마포구-생활권-이동동선-지역정보-이용전-안내/index.html || 망원동 주변의 대흥동·도화동·상암동 등 연결 지역을 중심으로 위치 정보를 구성했습니다. 현재 위치에서 가까운 지역을 비교하고 이동 범위를 살펴볼 때 참고할 수 있습니다.","massage/석촌동-출장마사지-송파구-생활권-이동동선-지역정보-이용전-안내/index.html || 석촌동 주변의 방이동·삼전동·송파동 등 연결 지역을 중심으로 위치 정보를 구성했습니다. 현재 위치에서 가까운 지역을 비교하고 이동 범위를 살펴볼 때 참고할 수 있습니다."
"DESCRIPTION_TEMPLATE","169","업체상세","5","x 의 코스와 운영 정보를 loc x 기준으로 안내합니다 n n 이용시간과 n n 부터 확인되는 가격 정보를 함께 확인하며 가격 코스 구성 영업시간과 문의 수단을 순서대로 확인할 수 있습니다","shops/seoul/seocho-gu/서초동/love테라피/index.html || love테라피의 코스와 운영 정보를 서초구 서초동 기준으로 안내합니다. 60분·90분 이용시간과 70,000원부터 확인되는 가격 정보를 함께 확인하며 가격, 코스 구성, 영업시간과 문의 수단을 순서대로 확인할 수 있습니다.","shops/gyeonggi/gwacheon/중앙동/한국미인테라피/index.html || 한국미인테라피의 코스와 운영 정보를 과천시 중앙동 기준으로 안내합니다. 60분·90분 이용시간과 100,000원부터 확인되는 가격 정보를 함께 확인하며 가격, 코스 구성, 영업시간과 문의 수단을 순서대로 확인할 수 있습니다.","shops/gyeonggi/gwangmyeong/소하동/한국미인테라피/index.html || 한국미인테라피의 코스와 운영 정보를 광명시 소하동 기준으로 안내합니다. 60분·90분 이용시간과 100,000원부터 확인되는 가격 정보를 함께 확인하며 가격, 코스 구성, 영업시간과 문의 수단을 순서대로 확인할 수 있습니다."
"DESCRIPTION_TEMPLATE","170","업체상세","5","loc x 기준 x 의 코스와 이용 정보를 확인할 수 있습니다 n n 부터 시작하는 가격과 n n 코스 정보를 바탕으로 가격과 코스 구성 영업시간 및 연락 수단을 비교해 이용 전 참고할 수 있습니다","shops/seoul/yongsan-gu/효창동/프리미엄테라피/index.html || 용산구 효창동 기준 프리미엄테라피의 코스와 이용 정보를 확인할 수 있습니다. 60,000원부터 시작하는 가격과 60분·90분 코스 정보를 바탕으로 가격과 코스 구성, 영업시간 및 연락 수단을 비교해 이용 전 참고할 수 있습니다.","shops/seoul/jongno-gu/부암동/프리미엄테라피/index.html || 종로구 부암동 기준 프리미엄테라피의 코스와 이용 정보를 확인할 수 있습니다. 60,000원부터 시작하는 가격과 60분·90분 코스 정보를 바탕으로 가격과 코스 구성, 영업시간 및 연락 수단을 비교해 이용 전 참고할 수 있습니다.","shops/seoul/jung-gu/약수동/너무이쁜테라피/index.html || 중구 약수동 기준 너무이쁜테라피의 코스와 이용 정보를 확인할 수 있습니다. 60,000원부터 시작하는 가격과 60분·90분 코스 정보를 바탕으로 가격과 코스 구성, 영업시간 및 연락 수단을 비교해 이용 전 참고할 수 있습니다."
"DESCRIPTION_TEMPLATE","171","업체상세","5","loc x 지역의 x 이용 정보를 정리했습니다 n n 부터 시작하는 가격과 n n 코스 정보를 바탕으로 운영시간과 코스 구성 가격 연락 방법을 한 페이지에서 확인할 수 있습니다","shops/seoul/seocho-gu/양재동/너무이쁜테라피/index.html || 서초구 양재동 지역의 너무이쁜테라피 이용 정보를 정리했습니다. 60,000원부터 시작하는 가격과 60분·90분 코스 정보를 바탕으로 운영시간과 코스 구성, 가격, 연락 방법을 한 페이지에서 확인할 수 있습니다.","shops/seoul/jungnang-gu/중화동/한국미인테라피/index.html || 중랑구 중화동 지역의 한국미인테라피 이용 정보를 정리했습니다. 100,000원부터 시작하는 가격과 60분·90분 코스 정보를 바탕으로 운영시간과 코스 구성, 가격, 연락 방법을 한 페이지에서 확인할 수 있습니다.","shops/gyeonggi/pyeongtaek/비전동/love테라피/index.html || 평택시 비전동 지역의 love테라피 이용 정보를 정리했습니다. 70,000원부터 시작하는 가격과 60분·90분 코스 정보를 바탕으로 운영시간과 코스 구성, 가격, 연락 방법을 한 페이지에서 확인할 수 있습니다."
"DESCRIPTION_TEMPLATE","172","업체상세","5","x 이용을 검토할 때 참고할 loc x 상세 정보입니다 n n 코스와 n n 부터 가격과 이용시간 연락 방법을 확인해 필요한 내용을 loc 비교할 수 있습니다","shops/seoul/gangnam-gu/개포동/한국미인테라피/index.html || 한국미인테라피 이용을 검토할 때 참고할 강남구 개포동 상세 정보입니다. 60분·90분 코스와 100,000원부터 가격과 이용시간, 연락 방법을 확인해 필요한 내용을 미리 비교할 수 있습니다.","shops/seoul/gangdong-gu/성내동/한국미인테라피/index.html || 한국미인테라피 이용을 검토할 때 참고할 강동구 성내동 상세 정보입니다. 60분·90분 코스와 100,000원부터 가격과 이용시간, 연락 방법을 확인해 필요한 내용을 미리 비교할 수 있습니다.","shops/seoul/nowon-gu/중계동/프리미엄테라피/index.html || 프리미엄테라피 이용을 검토할 때 참고할 노원구 중계동 상세 정보입니다. 60분·90분 코스와 60,000원부터 가격과 이용시간, 연락 방법을 확인해 필요한 내용을 미리 비교할 수 있습니다."
"DESCRIPTION_TEMPLATE","173","업체상세","5","x 이용을 검토할 때 참고할 loc x 상세 정보입니다 n n 부터 시작하는 가격과 n n 코스 정보를 바탕으로 코스 가격 영업시간과 전화 또는 문자 문의 방법을 확인할 수 있습니다","shops/seoul/gangseo-gu/염창동/너무이쁜테라피/index.html || 너무이쁜테라피 이용을 검토할 때 참고할 강서구 염창동 상세 정보입니다. 60,000원부터 시작하는 가격과 60분·90분 코스 정보를 바탕으로 코스·가격·영업시간과 전화 또는 문자 문의 방법을 확인할 수 있습니다.","shops/seoul/gwanak-gu/낙성대동/마인드좋은테라피/index.html || 마인드좋은테라피 이용을 검토할 때 참고할 관악구 낙성대동 상세 정보입니다. 60,000원부터 시작하는 가격과 60분·90분 코스 정보를 바탕으로 코스·가격·영업시간과 전화 또는 문자 문의 방법을 확인할 수 있습니다.","shops/seoul/gwanak-gu/신원동/마인드좋은테라피/index.html || 마인드좋은테라피 이용을 검토할 때 참고할 관악구 신원동 상세 정보입니다. 60,000원부터 시작하는 가격과 60분·90분 코스 정보를 바탕으로 코스·가격·영업시간과 전화 또는 문자 문의 방법을 확인할 수 있습니다."
"DESCRIPTION_TEMPLATE","174","업체상세","5","loc x 지역의 x 이용 정보를 정리했습니다 n n 부터 시작하는 가격과 n n 코스 정보를 바탕으로 가격 코스 구성 영업시간과 문의 수단을 순서대로 확인할 수 있습니다","shops/seoul/nowon-gu/중계동/너무이쁜테라피/index.html || 노원구 중계동 지역의 너무이쁜테라피 이용 정보를 정리했습니다. 60,000원부터 시작하는 가격과 60분·90분 코스 정보를 바탕으로 가격, 코스 구성, 영업시간과 문의 수단을 순서대로 확인할 수 있습니다.","shops/seoul/dongdaemun-gu/휘경동/love테라피/index.html || 동대문구 휘경동 지역의 love테라피 이용 정보를 정리했습니다. 70,000원부터 시작하는 가격과 60분·90분 코스 정보를 바탕으로 가격, 코스 구성, 영업시간과 문의 수단을 순서대로 확인할 수 있습니다.","shops/gyeonggi/gunpo/재궁동/프리미엄테라피/index.html || 군포시 재궁동 지역의 프리미엄테라피 이용 정보를 정리했습니다. 60,000원부터 시작하는 가격과 60분·90분 코스 정보를 바탕으로 가격, 코스 구성, 영업시간과 문의 수단을 순서대로 확인할 수 있습니다."
"DESCRIPTION_TEMPLATE","175","업체상세","5","loc x 에서 이용 가능한 x 정보를 보기 쉽게 정리했습니다 n n 코스 구성과 n n 부터 확인되는 가격대를 확인한 뒤 운영시간과 코스 구성 가격 연락 방법을 한 페이지에서 확인할 수 있습니다","shops/seoul/gangseo-gu/화곡본동/프리미엄테라피/index.html || 강서구 화곡본동에서 이용 가능한 프리미엄테라피 정보를 보기 쉽게 정리했습니다. 60분·90분 코스 구성과 60,000원부터 확인되는 가격대를 확인한 뒤 운영시간과 코스 구성, 가격, 연락 방법을 한 페이지에서 확인할 수 있습니다.","shops/seoul/gwanak-gu/신원동/한국미인테라피/index.html || 관악구 신원동에서 이용 가능한 한국미인테라피 정보를 보기 쉽게 정리했습니다. 60분·90분 코스 구성과 100,000원부터 확인되는 가격대를 확인한 뒤 운영시간과 코스 구성, 가격, 연락 방법을 한 페이지에서 확인할 수 있습니다.","shops/gyeonggi/gunpo/금정동/한국미인테라피/index.html || 군포시 금정동에서 이용 가능한 한국미인테라피 정보를 보기 쉽게 정리했습니다. 60분·90분 코스 구성과 100,000원부터 확인되는 가격대를 확인한 뒤 운영시간과 코스 구성, 가격, 연락 방법을 한 페이지에서 확인할 수 있습니다."
"DESCRIPTION_TEMPLATE","176","업체상세","5","loc x 기준으로 x 운영 정보를 정리했습니다 n n 부터 확인되는 가격 정보와 n n 코스 시간을 함께 살펴보고 코스별 이용시간과 가격 운영시간 및 연락 방법을 비교할 수 있습니다","shops/seoul/songpa-gu/거여동/너무이쁜테라피/index.html || 송파구 거여동 기준으로 너무이쁜테라피 운영 정보를 정리했습니다. 60,000원부터 확인되는 가격 정보와 60분·90분 코스 시간을 함께 살펴보고 코스별 이용시간과 가격, 운영시간 및 연락 방법을 비교할 수 있습니다.","shops/gyeonggi/gimpo/대곶면/너무이쁜테라피/index.html || 김포시 대곶면 기준으로 너무이쁜테라피 운영 정보를 정리했습니다. 60,000원부터 확인되는 가격 정보와 60분·90분 코스 시간을 함께 살펴보고 코스별 이용시간과 가격, 운영시간 및 연락 방법을 비교할 수 있습니다.","shops/gyeonggi/uiwang/오전동/너무이쁜테라피/index.html || 의왕시 오전동 기준으로 너무이쁜테라피 운영 정보를 정리했습니다. 60,000원부터 확인되는 가격 정보와 60분·90분 코스 시간을 함께 살펴보고 코스별 이용시간과 가격, 운영시간 및 연락 방법을 비교할 수 있습니다."
"DESCRIPTION_TEMPLATE","177","지역SEO","5","loc 지역에서 loc loc loc 등 주변 생활권을 함께 확인할 수 있습니다 생활권별 위치와 loc 흐름을 비교해 주변 지역을 확인하기 쉽도록 구성했습니다","massage/도화동-출장마사지-마포구-생활권-이동동선-지역정보-이용전-안내/index.html || 도화동 지역에서 공덕동·대흥동·망원동 등 주변 생활권을 함께 확인할 수 있습니다. 생활권별 위치와 이동 흐름을 비교해 주변 지역을 확인하기 쉽도록 구성했습니다.","massage/아라동-출장마사지-검단구-생활권-이동동선-지역정보-이용전-안내/index.html || 아라동 지역에서 마전동·불로대곡동·오류왕길동 등 주변 생활권을 함께 확인할 수 있습니다. 생활권별 위치와 이동 흐름을 비교해 주변 지역을 확인하기 쉽도록 구성했습니다.","massage/연희동-출장마사지-서해구-생활권-이동동선-지역정보-이용전-안내/index.html || 연희동 지역에서 석남동·신현원창동·청라동 등 주변 생활권을 함께 확인할 수 있습니다. 생활권별 위치와 이동 흐름을 비교해 주변 지역을 확인하기 쉽도록 구성했습니다."
"DESCRIPTION_TEMPLATE","178","지역SEO","5","loc 기준 생활권과 loc loc loc 등 인접 지역의 범위를 함께 정리했습니다 주변 위치와 loc 동선을 한눈에 비교할 수 있도록 필요한 정보만 담았습니다","massage/풍암동-출장마사지-광주-서구-생활권-이동동선-지역정보-이용전-안내/index.html || 풍암동 기준 생활권과 유덕동·치평동·화정동 등 인접 지역의 범위를 함께 정리했습니다. 주변 위치와 이동 동선을 한눈에 비교할 수 있도록 필요한 정보만 담았습니다.","massage/정발산동-출장마사지-고양시-일산동구-생활권-이동동선-지역정보-이용전-안내/index.html || 정발산동 기준 생활권과 식사동·장항동·중산동 등 인접 지역의 범위를 함께 정리했습니다. 주변 위치와 이동 동선을 한눈에 비교할 수 있도록 필요한 정보만 담았습니다.","massage/백현동-출장마사지-성남시-분당구-생활권-이동동선-지역정보-이용전-안내/index.html || 백현동 기준 생활권과 구미동·금곡동·분당동 등 인접 지역의 범위를 함께 정리했습니다. 주변 위치와 이동 동선을 한눈에 비교할 수 있도록 필요한 정보만 담았습니다."
"DESCRIPTION_TEMPLATE","179","업체상세","5","x 이용 전 살펴볼 loc x 지역 정보를 한곳에 모았습니다 n n 시간 구성과 n n 부터 시작하는 가격을 확인하면서 코스와 가격 영업시간 전화 문자 문의 방법을 함께 확인할 수 있습니다","shops/seoul/seocho-gu/서초동/한국미인테라피/index.html || 한국미인테라피 이용 전 살펴볼 서초구 서초동 지역 정보를 한곳에 모았습니다. 60분·90분 시간 구성과 100,000원부터 시작하는 가격을 확인하면서 코스와 가격, 영업시간, 전화·문자 문의 방법을 함께 확인할 수 있습니다.","shops/seoul/songpa-gu/풍납동/너무이쁜테라피/index.html || 너무이쁜테라피 이용 전 살펴볼 송파구 풍납동 지역 정보를 한곳에 모았습니다. 60분·90분 시간 구성과 60,000원부터 시작하는 가격을 확인하면서 코스와 가격, 영업시간, 전화·문자 문의 방법을 함께 확인할 수 있습니다.","shops/seoul/jongno-gu/가회동/love테라피/index.html || love테라피 이용 전 살펴볼 종로구 가회동 지역 정보를 한곳에 모았습니다. 60분·90분 시간 구성과 70,000원부터 시작하는 가격을 확인하면서 코스와 가격, 영업시간, 전화·문자 문의 방법을 함께 확인할 수 있습니다."
"DESCRIPTION_TEMPLATE","180","업체상세","5","loc x 생활권에서 확인할 수 있는 x 정보를 담았습니다 n n 코스 구성과 n n 부터 확인되는 가격대를 확인한 뒤 가격 코스 구성 영업시간과 문의 수단을 순서대로 확인할 수 있습니다","shops/gyeonggi/gwangju-gyeonggi/도척면/한국미인테라피/index.html || 광주시 도척면 생활권에서 확인할 수 있는 한국미인테라피 정보를 담았습니다. 60분·90분 코스 구성과 100,000원부터 확인되는 가격대를 확인한 뒤 가격, 코스 구성, 영업시간과 문의 수단을 순서대로 확인할 수 있습니다.","shops/gyeonggi/dongducheon/불현동/너무이쁜테라피/index.html || 동두천시 불현동 생활권에서 확인할 수 있는 너무이쁜테라피 정보를 담았습니다. 60분·90분 코스 구성과 60,000원부터 확인되는 가격대를 확인한 뒤 가격, 코스 구성, 영업시간과 문의 수단을 순서대로 확인할 수 있습니다.","shops/gyeonggi/osan/대원동/한국미인테라피/index.html || 오산시 대원동 생활권에서 확인할 수 있는 한국미인테라피 정보를 담았습니다. 60분·90분 코스 구성과 100,000원부터 확인되는 가격대를 확인한 뒤 가격, 코스 구성, 영업시간과 문의 수단을 순서대로 확인할 수 있습니다."
"DESCRIPTION_TEMPLATE","181","업체상세","5","loc x 에서 이용 가능한 x 정보를 보기 쉽게 정리했습니다 n n 부터 확인되는 가격과 n n 코스 정보를 참고해 코스별 시간과 가격 운영시간 전화 문자 문의 내용을 살펴볼 수 있습니다","shops/seoul/gangseo-gu/등촌동/너무이쁜테라피/index.html || 강서구 등촌동에서 이용 가능한 너무이쁜테라피 정보를 보기 쉽게 정리했습니다. 60,000원부터 확인되는 가격과 60분·90분 코스 정보를 참고해 코스별 시간과 가격, 운영시간, 전화·문자 문의 내용을 살펴볼 수 있습니다.","shops/seoul/seodaemun-gu/충현동/프리미엄테라피/index.html || 서대문구 충현동에서 이용 가능한 프리미엄테라피 정보를 보기 쉽게 정리했습니다. 60,000원부터 확인되는 가격과 60분·90분 코스 정보를 참고해 코스별 시간과 가격, 운영시간, 전화·문자 문의 내용을 살펴볼 수 있습니다.","shops/gyeonggi/gunpo/오금동/프리미엄테라피/index.html || 군포시 오금동에서 이용 가능한 프리미엄테라피 정보를 보기 쉽게 정리했습니다. 60,000원부터 확인되는 가격과 60분·90분 코스 정보를 참고해 코스별 시간과 가격, 운영시간, 전화·문자 문의 내용을 살펴볼 수 있습니다."
"DESCRIPTION_TEMPLATE","182","지역SEO","5","loc 주변 지역을 확인할 때 loc loc loc 등 가까운 생활권을 비교할 수 있습니다 지역별 위치 관계와 loc 범위를 함께 비교할 때 참고할 수 있습니다","massage/석관동-출장마사지-성북구-생활권-이동동선-지역정보-이용전-안내/index.html || 석관동 주변 지역을 확인할 때 보문동·삼선동·성북동 등 가까운 생활권을 비교할 수 있습니다. 지역별 위치 관계와 이동 범위를 함께 비교할 때 참고할 수 있습니다.","massage/동화동-출장마사지-중구-생활권-이동동선-지역정보-이용전-안내/index.html || 동화동 주변 지역을 확인할 때 광희동·다산동·명동 등 가까운 생활권을 비교할 수 있습니다. 지역별 위치 관계와 이동 범위를 함께 비교할 때 참고할 수 있습니다.","massage/장충동-출장마사지-중구-생활권-이동동선-지역정보-이용전-안내/index.html || 장충동 주변 지역을 확인할 때 약수동·을지로동·중림동 등 가까운 생활권을 비교할 수 있습니다. 지역별 위치 관계와 이동 범위를 함께 비교할 때 참고할 수 있습니다."
"DESCRIPTION_TEMPLATE","183","업체상세","5","loc x 기준 x 의 코스와 이용 정보를 확인할 수 있습니다 n n 부터 시작하는 가격과 n n 코스 정보를 바탕으로 이용 전 필요한 코스 가격 운영시간과 연락 정보를 한 번에 살펴볼 수 있습니다","shops/seoul/jung-gu/신당동/프리미엄테라피/index.html || 중구 신당동 기준 프리미엄테라피의 코스와 이용 정보를 확인할 수 있습니다. 60,000원부터 시작하는 가격과 60분·90분 코스 정보를 바탕으로 이용 전 필요한 코스·가격·운영시간과 연락 정보를 한 번에 살펴볼 수 있습니다.","shops/gyeonggi/namyangju/다산동/love테라피/index.html || 남양주시 다산동 기준 love테라피의 코스와 이용 정보를 확인할 수 있습니다. 70,000원부터 시작하는 가격과 60분·90분 코스 정보를 바탕으로 이용 전 필요한 코스·가격·운영시간과 연락 정보를 한 번에 살펴볼 수 있습니다.","shops/gyeonggi/yeoncheon/연천읍/한국미인테라피/index.html || 연천군 연천읍 기준 한국미인테라피의 코스와 이용 정보를 확인할 수 있습니다. 100,000원부터 시작하는 가격과 60분·90분 코스 정보를 바탕으로 이용 전 필요한 코스·가격·운영시간과 연락 정보를 한 번에 살펴볼 수 있습니다."
"DESCRIPTION_TEMPLATE","184","업체상세","5","x 의 loc x 이용 안내입니다 n n 부터 확인되는 가격과 n n 코스 정보를 참고해 코스와 가격 영업시간 전화 문자 문의 방법을 함께 확인할 수 있습니다","shops/seoul/gangnam-gu/일원본동/한국미인테라피/index.html || 한국미인테라피의 강남구 일원본동 이용 안내입니다. 100,000원부터 확인되는 가격과 60분·90분 코스 정보를 참고해 코스와 가격, 영업시간, 전화·문자 문의 방법을 함께 확인할 수 있습니다.","shops/gyeonggi/gunpo/궁내동/love테라피/index.html || love테라피의 군포시 궁내동 이용 안내입니다. 70,000원부터 확인되는 가격과 60분·90분 코스 정보를 참고해 코스와 가격, 영업시간, 전화·문자 문의 방법을 함께 확인할 수 있습니다.","shops/gyeonggi/yangju/회천동/한국미인테라피/index.html || 한국미인테라피의 양주시 회천동 이용 안내입니다. 100,000원부터 확인되는 가격과 60분·90분 코스 정보를 참고해 코스와 가격, 영업시간, 전화·문자 문의 방법을 함께 확인할 수 있습니다."
"DESCRIPTION_TEMPLATE","185","업체상세","5","loc x 생활권에서 확인할 수 있는 x 정보를 담았습니다 n n 부터 확인되는 가격 정보와 n n 코스 시간을 함께 살펴보고 코스 가격 영업시간과 전화 또는 문자 문의 방법을 확인할 수 있습니다","shops/seoul/songpa-gu/위례동/프리미엄테라피/index.html || 송파구 위례동 생활권에서 확인할 수 있는 프리미엄테라피 정보를 담았습니다. 60,000원부터 확인되는 가격 정보와 60분·90분 코스 시간을 함께 살펴보고 코스·가격·영업시간과 전화 또는 문자 문의 방법을 확인할 수 있습니다.","shops/gyeonggi/yeoncheon/백학면/프리미엄테라피/index.html || 연천군 백학면 생활권에서 확인할 수 있는 프리미엄테라피 정보를 담았습니다. 60,000원부터 확인되는 가격 정보와 60분·90분 코스 시간을 함께 살펴보고 코스·가격·영업시간과 전화 또는 문자 문의 방법을 확인할 수 있습니다.","shops/gyeonggi/pocheon/신북면/한국미인테라피/index.html || 포천시 신북면 생활권에서 확인할 수 있는 한국미인테라피 정보를 담았습니다. 100,000원부터 확인되는 가격 정보와 60분·90분 코스 시간을 함께 살펴보고 코스·가격·영업시간과 전화 또는 문자 문의 방법을 확인할 수 있습니다."
"DESCRIPTION_TEMPLATE","186","업체상세","5","x 이용 전 살펴볼 loc x 지역 정보를 한곳에 모았습니다 n n 부터 확인되는 가격과 n n 코스 정보를 참고해 코스와 가격 영업시간 전화 문자 문의 방법을 함께 확인할 수 있습니다","shops/seoul/gangnam-gu/논현동/love테라피/index.html || love테라피 이용 전 살펴볼 강남구 논현동 지역 정보를 한곳에 모았습니다. 70,000원부터 확인되는 가격과 60분·90분 코스 정보를 참고해 코스와 가격, 영업시간, 전화·문자 문의 방법을 함께 확인할 수 있습니다.","shops/seoul/yongsan-gu/서빙고동/프리미엄테라피/index.html || 프리미엄테라피 이용 전 살펴볼 용산구 서빙고동 지역 정보를 한곳에 모았습니다. 60,000원부터 확인되는 가격과 60분·90분 코스 정보를 참고해 코스와 가격, 영업시간, 전화·문자 문의 방법을 함께 확인할 수 있습니다.","shops/seoul/eunpyeong-gu/대조동/프리미엄테라피/index.html || 프리미엄테라피 이용 전 살펴볼 은평구 대조동 지역 정보를 한곳에 모았습니다. 60,000원부터 확인되는 가격과 60분·90분 코스 정보를 참고해 코스와 가격, 영업시간, 전화·문자 문의 방법을 함께 확인할 수 있습니다."
"DESCRIPTION_TEMPLATE","187","지역SEO","5","loc 주변 지역을 확인할 때 loc loc loc 등 가까운 생활권을 비교할 수 있습니다 인접 생활권과 주변 위치를 확인해 loc 동선을 검토할 때 활용할 수 있습니다","massage/신도림동-출장마사지-구로구-생활권-이동동선-지역정보-이용전-안내/index.html || 신도림동 주변 지역을 확인할 때 구로동·수궁동·오류동 등 가까운 생활권을 비교할 수 있습니다. 인접 생활권과 주변 위치를 확인해 이동 동선을 검토할 때 활용할 수 있습니다.","massage/안암동-출장마사지-성북구-생활권-이동동선-지역정보-이용전-안내/index.html || 안암동 주변 지역을 확인할 때 석관동·성북동·월곡동 등 가까운 생활권을 비교할 수 있습니다. 인접 생활권과 주변 위치를 확인해 이동 동선을 검토할 때 활용할 수 있습니다.","massage/귀인동-출장마사지-안양시-동안구-생활권-이동동선-지역정보-이용전-안내/index.html || 귀인동 주변 지역을 확인할 때 갈산동·관양동·달안동 등 가까운 생활권을 비교할 수 있습니다. 인접 생활권과 주변 위치를 확인해 이동 동선을 검토할 때 활용할 수 있습니다."
"DESCRIPTION_TEMPLATE","188","업체상세","5","x 의 loc x 운영 정보와 문의 방법을 정리했습니다 n n 코스와 n n 부터 확인되는 가격 정보를 포함해 코스와 가격 영업시간 전화 문자 문의 방법을 함께 확인할 수 있습니다","shops/gyeonggi/gwangmyeong/학온동/한국미인테라피/index.html || 한국미인테라피의 광명시 학온동 운영 정보와 문의 방법을 정리했습니다. 60분·90분 코스와 100,000원부터 확인되는 가격 정보를 포함해 코스와 가격, 영업시간, 전화·문자 문의 방법을 함께 확인할 수 있습니다.","shops/incheon/michuhol-gu/숭의동/너무이쁜테라피/index.html || 너무이쁜테라피의 미추홀구 숭의동 운영 정보와 문의 방법을 정리했습니다. 60분·90분 코스와 60,000원부터 확인되는 가격 정보를 포함해 코스와 가격, 영업시간, 전화·문자 문의 방법을 함께 확인할 수 있습니다.","shops/incheon/ongjin-gun/자월면/한국미인테라피/index.html || 한국미인테라피의 옹진군 자월면 운영 정보와 문의 방법을 정리했습니다. 60분·90분 코스와 100,000원부터 확인되는 가격 정보를 포함해 코스와 가격, 영업시간, 전화·문자 문의 방법을 함께 확인할 수 있습니다."
"DESCRIPTION_TEMPLATE","189","업체상세","5","x 관련 loc x 정보를 확인할 수 있습니다 n n 부터 확인되는 가격과 n n 코스 정보를 참고해 운영시간과 코스 구성 가격 연락 방법을 한 페이지에서 확인할 수 있습니다","shops/seoul/gangdong-gu/고덕동/프리미엄테라피/index.html || 프리미엄테라피 관련 강동구 고덕동 정보를 확인할 수 있습니다. 60,000원부터 확인되는 가격과 60분·90분 코스 정보를 참고해 운영시간과 코스 구성, 가격, 연락 방법을 한 페이지에서 확인할 수 있습니다.","shops/gyeonggi/dongducheon/송내동/love테라피/index.html || love테라피 관련 동두천시 송내동 정보를 확인할 수 있습니다. 70,000원부터 확인되는 가격과 60분·90분 코스 정보를 참고해 운영시간과 코스 구성, 가격, 연락 방법을 한 페이지에서 확인할 수 있습니다.","shops/gyeonggi/siheung/목감동/프리미엄테라피/index.html || 프리미엄테라피 관련 시흥시 목감동 정보를 확인할 수 있습니다. 60,000원부터 확인되는 가격과 60분·90분 코스 정보를 참고해 운영시간과 코스 구성, 가격, 연락 방법을 한 페이지에서 확인할 수 있습니다."
"DESCRIPTION_TEMPLATE","190","업체상세","5","x 의 loc x 이용 안내입니다 n n 부터 시작하는 가격과 n n 코스 정보를 바탕으로 코스별 이용시간과 가격 운영시간 및 연락 방법을 비교할 수 있습니다","shops/gyeonggi/gwangmyeong/하안동/프리미엄테라피/index.html || 프리미엄테라피의 광명시 하안동 이용 안내입니다. 60,000원부터 시작하는 가격과 60분·90분 코스 정보를 바탕으로 코스별 이용시간과 가격, 운영시간 및 연락 방법을 비교할 수 있습니다.","shops/gyeonggi/gunpo/재궁동/한국미인테라피/index.html || 한국미인테라피의 군포시 재궁동 이용 안내입니다. 100,000원부터 시작하는 가격과 60분·90분 코스 정보를 바탕으로 코스별 이용시간과 가격, 운영시간 및 연락 방법을 비교할 수 있습니다.","shops/incheon/gyeyang-gu/효성동/프리미엄테라피/index.html || 프리미엄테라피의 계양구 효성동 이용 안내입니다. 60,000원부터 시작하는 가격과 60분·90분 코스 정보를 바탕으로 코스별 이용시간과 가격, 운영시간 및 연락 방법을 비교할 수 있습니다."
"DESCRIPTION_TEMPLATE","191","지역SEO","5","loc 생활권과 loc loc loc 등 가까운 지역의 관계를 정리했습니다 현재 위치에서 이어지는 주변 지역을 살펴보고 loc 방향을 판단할 때 활용할 수 있습니다","massage/용두동-출장마사지-동대문구-생활권-이동동선-지역정보-이용전-안내/index.html || 용두동 생활권과 답십리동·신설동·이문동 등 가까운 지역의 관계를 정리했습니다. 현재 위치에서 이어지는 주변 지역을 살펴보고 이동 방향을 판단할 때 활용할 수 있습니다.","massage/위례동-출장마사지-송파구-생활권-이동동선-지역정보-이용전-안내/index.html || 위례동 생활권과 오금동·오륜동·잠실동 등 가까운 지역의 관계를 정리했습니다. 현재 위치에서 이어지는 주변 지역을 살펴보고 이동 방향을 판단할 때 활용할 수 있습니다.","massage/이태원동-출장마사지-용산구-생활권-이동동선-지역정보-이용전-안내/index.html || 이태원동 생활권과 원효로동·이촌동·청파동 등 가까운 지역의 관계를 정리했습니다. 현재 위치에서 이어지는 주변 지역을 살펴보고 이동 방향을 판단할 때 활용할 수 있습니다."
"DESCRIPTION_TEMPLATE","192","업체상세","4","x 의 loc x 운영 정보와 문의 방법을 정리했습니다 n n 코스 구성과 n n 부터 확인되는 가격대를 확인한 뒤 코스 가격 영업시간과 전화 또는 문자 문의 방법을 확인할 수 있습니다","shops/seoul/dongdaemun-gu/회기동/love테라피/index.html || love테라피의 동대문구 회기동 운영 정보와 문의 방법을 정리했습니다. 60분·90분 코스 구성과 70,000원부터 확인되는 가격대를 확인한 뒤 코스·가격·영업시간과 전화 또는 문자 문의 방법을 확인할 수 있습니다.","shops/seoul/seongdong-gu/행당동/너무이쁜테라피/index.html || 너무이쁜테라피의 성동구 행당동 운영 정보와 문의 방법을 정리했습니다. 60분·90분 코스 구성과 60,000원부터 확인되는 가격대를 확인한 뒤 코스·가격·영업시간과 전화 또는 문자 문의 방법을 확인할 수 있습니다.","shops/gyeonggi/uijeongbu/고산동/너무이쁜테라피/index.html || 너무이쁜테라피의 의정부시 고산동 운영 정보와 문의 방법을 정리했습니다. 60분·90분 코스 구성과 60,000원부터 확인되는 가격대를 확인한 뒤 코스·가격·영업시간과 전화 또는 문자 문의 방법을 확인할 수 있습니다."
"DESCRIPTION_TEMPLATE","193","업체상세","4","x 의 코스와 운영 정보를 loc x 기준으로 안내합니다 n n 코스 구성과 n n 부터 확인되는 가격대를 확인한 뒤 이용 가능한 코스와 가격 영업시간 전화 문자 문의 정보를 확인할 수 있습니다","shops/seoul/jung-gu/장충동/love테라피/index.html || love테라피의 코스와 운영 정보를 중구 장충동 기준으로 안내합니다. 60분·90분 코스 구성과 70,000원부터 확인되는 가격대를 확인한 뒤 이용 가능한 코스와 가격, 영업시간, 전화·문자 문의 정보를 확인할 수 있습니다.","shops/gyeonggi/gwangju-gyeonggi/신현동/프리미엄테라피/index.html || 프리미엄테라피의 코스와 운영 정보를 광주시 신현동 기준으로 안내합니다. 60분·90분 코스 구성과 60,000원부터 확인되는 가격대를 확인한 뒤 이용 가능한 코스와 가격, 영업시간, 전화·문자 문의 정보를 확인할 수 있습니다.","shops/other/jeonju/wansan-gu/중화산동/다온테라피/index.html || 다온테라피의 코스와 운영 정보를 완산구 중화산동 기준으로 안내합니다. 60분·90분 코스 구성과 60,000원부터 확인되는 가격대를 확인한 뒤 이용 가능한 코스와 가격, 영업시간, 전화·문자 문의 정보를 확인할 수 있습니다."
"DESCRIPTION_TEMPLATE","194","업체상세","4","x 의 loc x 이용 안내입니다 n n 시간 구성과 n n 부터 시작하는 가격을 확인하면서 영업시간과 코스별 가격을 확인하고 전화나 문자로 세부 내용을 문의할 수 있습니다","shops/seoul/songpa-gu/잠실동/한국미인테라피/index.html || 한국미인테라피의 송파구 잠실동 이용 안내입니다. 60분·90분 시간 구성과 100,000원부터 시작하는 가격을 확인하면서 영업시간과 코스별 가격을 확인하고 전화나 문자로 세부 내용을 문의할 수 있습니다.","shops/seoul/jung-gu/신당동/한국미인테라피/index.html || 한국미인테라피의 중구 신당동 이용 안내입니다. 60분·90분 시간 구성과 100,000원부터 시작하는 가격을 확인하면서 영업시간과 코스별 가격을 확인하고 전화나 문자로 세부 내용을 문의할 수 있습니다.","shops/gyeonggi/namyangju/별내동/너무이쁜테라피/index.html || 너무이쁜테라피의 남양주시 별내동 이용 안내입니다. 60분·90분 시간 구성과 60,000원부터 시작하는 가격을 확인하면서 영업시간과 코스별 가격을 확인하고 전화나 문자로 세부 내용을 문의할 수 있습니다."
"DESCRIPTION_TEMPLATE","195","업체상세","4","loc x 지역의 x 이용 정보를 정리했습니다 n n 부터 확인되는 가격과 n n 코스 정보를 참고해 가격과 이용시간 연락 방법을 확인해 필요한 내용을 loc 비교할 수 있습니다","shops/seoul/songpa-gu/오륜동/프리미엄테라피/index.html || 송파구 오륜동 지역의 프리미엄테라피 이용 정보를 정리했습니다. 60,000원부터 확인되는 가격과 60분·90분 코스 정보를 참고해 가격과 이용시간, 연락 방법을 확인해 필요한 내용을 미리 비교할 수 있습니다.","shops/gyeonggi/paju/운정동/너무이쁜테라피/index.html || 파주시 운정동 지역의 너무이쁜테라피 이용 정보를 정리했습니다. 60,000원부터 확인되는 가격과 60분·90분 코스 정보를 참고해 가격과 이용시간, 연락 방법을 확인해 필요한 내용을 미리 비교할 수 있습니다.","shops/gyeonggi/pyeongtaek/포승읍/프리미엄테라피/index.html || 평택시 포승읍 지역의 프리미엄테라피 이용 정보를 정리했습니다. 60,000원부터 확인되는 가격과 60분·90분 코스 정보를 참고해 가격과 이용시간, 연락 방법을 확인해 필요한 내용을 미리 비교할 수 있습니다."
"DESCRIPTION_TEMPLATE","196","업체상세","4","x 의 loc x 이용 안내입니다 n n 부터 확인되는 가격과 n n 코스 정보를 참고해 코스 가격 영업시간과 전화 또는 문자 문의 방법을 확인할 수 있습니다","shops/seoul/songpa-gu/풍납동/한국미인테라피/index.html || 한국미인테라피의 송파구 풍납동 이용 안내입니다. 100,000원부터 확인되는 가격과 60분·90분 코스 정보를 참고해 코스·가격·영업시간과 전화 또는 문자 문의 방법을 확인할 수 있습니다.","shops/gyeonggi/pyeongtaek/서정동/프리미엄테라피/index.html || 프리미엄테라피의 평택시 서정동 이용 안내입니다. 60,000원부터 확인되는 가격과 60분·90분 코스 정보를 참고해 코스·가격·영업시간과 전화 또는 문자 문의 방법을 확인할 수 있습니다.","shops/gyeonggi/hanam/천현동/너무이쁜테라피/index.html || 너무이쁜테라피의 하남시 천현동 이용 안내입니다. 60,000원부터 확인되는 가격과 60분·90분 코스 정보를 참고해 코스·가격·영업시간과 전화 또는 문자 문의 방법을 확인할 수 있습니다."
"DESCRIPTION_TEMPLATE","197","업체상세","4","x 의 loc x 이용 안내입니다 n n 부터 확인되는 가격 정보와 n n 코스 시간을 함께 살펴보고 가격 코스 구성 영업시간과 문의 수단을 순서대로 확인할 수 있습니다","shops/seoul/jung-gu/소공동/love테라피/index.html || love테라피의 중구 소공동 이용 안내입니다. 70,000원부터 확인되는 가격 정보와 60분·90분 코스 시간을 함께 살펴보고 가격, 코스 구성, 영업시간과 문의 수단을 순서대로 확인할 수 있습니다.","shops/gyeonggi/dongducheon/소요동/프리미엄테라피/index.html || 프리미엄테라피의 동두천시 소요동 이용 안내입니다. 60,000원부터 확인되는 가격 정보와 60분·90분 코스 시간을 함께 살펴보고 가격, 코스 구성, 영업시간과 문의 수단을 순서대로 확인할 수 있습니다.","shops/gyeonggi/uiwang/청계동/너무이쁜테라피/index.html || 너무이쁜테라피의 의왕시 청계동 이용 안내입니다. 60,000원부터 확인되는 가격 정보와 60분·90분 코스 시간을 함께 살펴보고 가격, 코스 구성, 영업시간과 문의 수단을 순서대로 확인할 수 있습니다."
"DESCRIPTION_TEMPLATE","198","업체상세","4","loc x 기준으로 x 운영 정보를 정리했습니다 n n 부터 확인되는 가격과 n n 코스 정보를 참고해 가격과 코스 구성 영업시간 및 연락 수단을 비교해 이용 전 참고할 수 있습니다","shops/seoul/eunpyeong-gu/녹번동/한국미인테라피/index.html || 은평구 녹번동 기준으로 한국미인테라피 운영 정보를 정리했습니다. 100,000원부터 확인되는 가격과 60분·90분 코스 정보를 참고해 가격과 코스 구성, 영업시간 및 연락 수단을 비교해 이용 전 참고할 수 있습니다.","shops/seoul/jongno-gu/부암동/너무이쁜테라피/index.html || 종로구 부암동 기준으로 너무이쁜테라피 운영 정보를 정리했습니다. 60,000원부터 확인되는 가격과 60분·90분 코스 정보를 참고해 가격과 코스 구성, 영업시간 및 연락 수단을 비교해 이용 전 참고할 수 있습니다.","shops/gyeonggi/yeoncheon/장남면/love테라피/index.html || 연천군 장남면 기준으로 love테라피 운영 정보를 정리했습니다. 70,000원부터 확인되는 가격과 60분·90분 코스 정보를 참고해 가격과 코스 구성, 영업시간 및 연락 수단을 비교해 이용 전 참고할 수 있습니다."
"DESCRIPTION_TEMPLATE","199","업체상세","4","x 관련 loc x 정보를 확인할 수 있습니다 n n 코스와 n n 부터 가격과 이용시간 연락 방법을 확인해 필요한 내용을 loc 비교할 수 있습니다","shops/seoul/yongsan-gu/한강로동/프리미엄테라피/index.html || 프리미엄테라피 관련 용산구 한강로동 정보를 확인할 수 있습니다. 60분·90분 코스와 60,000원부터 가격과 이용시간, 연락 방법을 확인해 필요한 내용을 미리 비교할 수 있습니다.","shops/gyeonggi/siheung/능곡동/love테라피/index.html || love테라피 관련 시흥시 능곡동 정보를 확인할 수 있습니다. 60분·90분 코스와 70,000원부터 가격과 이용시간, 연락 방법을 확인해 필요한 내용을 미리 비교할 수 있습니다.","shops/gyeonggi/pyeongtaek/비전동/한국미인테라피/index.html || 한국미인테라피 관련 평택시 비전동 정보를 확인할 수 있습니다. 60분·90분 코스와 100,000원부터 가격과 이용시간, 연락 방법을 확인해 필요한 내용을 미리 비교할 수 있습니다."
"DESCRIPTION_TEMPLATE","200","업체상세","4","x 이용 전 살펴볼 loc x 지역 정보를 한곳에 모았습니다 n n 이용시간과 n n 부터 확인되는 가격 정보를 함께 확인하며 가격과 코스 구성 영업시간 및 연락 수단을 비교해 이용 전 참고할 수 있습니다","shops/seoul/dobong-gu/방학동/너무이쁜테라피/index.html || 너무이쁜테라피 이용 전 살펴볼 도봉구 방학동 지역 정보를 한곳에 모았습니다. 60분·90분 이용시간과 60,000원부터 확인되는 가격 정보를 함께 확인하며 가격과 코스 구성, 영업시간 및 연락 수단을 비교해 이용 전 참고할 수 있습니다.","shops/gyeonggi/icheon/모가면/프리미엄테라피/index.html || 프리미엄테라피 이용 전 살펴볼 이천시 모가면 지역 정보를 한곳에 모았습니다. 60분·90분 이용시간과 60,000원부터 확인되는 가격 정보를 함께 확인하며 가격과 코스 구성, 영업시간 및 연락 수단을 비교해 이용 전 참고할 수 있습니다.","shops/gyeonggi/pyeongtaek/서탄면/너무이쁜테라피/index.html || 너무이쁜테라피 이용 전 살펴볼 평택시 서탄면 지역 정보를 한곳에 모았습니다. 60분·90분 이용시간과 60,000원부터 확인되는 가격 정보를 함께 확인하며 가격과 코스 구성, 영업시간 및 연락 수단을 비교해 이용 전 참고할 수 있습니다."
"DESCRIPTION_TEMPLATE","201","업체상세","4","loc x 에서 x 이용 전 확인할 정보를 모았습니다 n n 부터 확인되는 가격 정보와 n n 코스 시간을 함께 살펴보고 가격 코스 구성 영업시간과 문의 수단을 순서대로 확인할 수 있습니다","shops/gyeonggi/osan/초평동/한국미인테라피/index.html || 오산시 초평동에서 한국미인테라피 이용 전 확인할 정보를 모았습니다. 100,000원부터 확인되는 가격 정보와 60분·90분 코스 시간을 함께 살펴보고 가격, 코스 구성, 영업시간과 문의 수단을 순서대로 확인할 수 있습니다.","shops/other/cheongju/sangdang-gu/성안동/S썸바디테라피/index.html || 상당구 성안동에서 S썸바디테라피 이용 전 확인할 정보를 모았습니다. 50,000원부터 확인되는 가격 정보와 60분·90분 코스 시간을 함께 살펴보고 가격, 코스 구성, 영업시간과 문의 수단을 순서대로 확인할 수 있습니다.","shops/other/cheongju/seowon-gu/남이면/S썸바디테라피/index.html || 서원구 남이면에서 S썸바디테라피 이용 전 확인할 정보를 모았습니다. 50,000원부터 확인되는 가격 정보와 60분·90분 코스 시간을 함께 살펴보고 가격, 코스 구성, 영업시간과 문의 수단을 순서대로 확인할 수 있습니다."
"DESCRIPTION_TEMPLATE","202","업체상세","4","x 이용을 검토할 때 참고할 loc x 상세 정보입니다 n n 부터 확인되는 가격과 n n 코스 정보를 참고해 코스별 시간과 가격 운영시간 전화 문자 문의 내용을 살펴볼 수 있습니다","shops/seoul/yongsan-gu/청파동/love테라피/index.html || love테라피 이용을 검토할 때 참고할 용산구 청파동 상세 정보입니다. 70,000원부터 확인되는 가격과 60분·90분 코스 정보를 참고해 코스별 시간과 가격, 운영시간, 전화·문자 문의 내용을 살펴볼 수 있습니다.","shops/gyeonggi/gwacheon/부림동/너무이쁜테라피/index.html || 너무이쁜테라피 이용을 검토할 때 참고할 과천시 부림동 상세 정보입니다. 60,000원부터 확인되는 가격과 60분·90분 코스 정보를 참고해 코스별 시간과 가격, 운영시간, 전화·문자 문의 내용을 살펴볼 수 있습니다.","shops/gyeonggi/siheung/거북섬동/한국미인테라피/index.html || 한국미인테라피 이용을 검토할 때 참고할 시흥시 거북섬동 상세 정보입니다. 100,000원부터 확인되는 가격과 60분·90분 코스 정보를 참고해 코스별 시간과 가격, 운영시간, 전화·문자 문의 내용을 살펴볼 수 있습니다."
"DESCRIPTION_TEMPLATE","203","업체상세","4","x 이용 전 살펴볼 loc x 지역 정보를 한곳에 모았습니다 n n 이용시간과 n n 부터 확인되는 가격 정보를 함께 확인하며 가격 코스 구성 영업시간과 문의 수단을 순서대로 확인할 수 있습니다","shops/seoul/dobong-gu/쌍문동/프리미엄테라피/index.html || 프리미엄테라피 이용 전 살펴볼 도봉구 쌍문동 지역 정보를 한곳에 모았습니다. 60분·90분 이용시간과 60,000원부터 확인되는 가격 정보를 함께 확인하며 가격, 코스 구성, 영업시간과 문의 수단을 순서대로 확인할 수 있습니다.","shops/seoul/seodaemun-gu/연희동/프리미엄테라피/index.html || 프리미엄테라피 이용 전 살펴볼 서대문구 연희동 지역 정보를 한곳에 모았습니다. 60분·90분 이용시간과 60,000원부터 확인되는 가격 정보를 함께 확인하며 가격, 코스 구성, 영업시간과 문의 수단을 순서대로 확인할 수 있습니다.","shops/seoul/songpa-gu/문정동/love테라피/index.html || love테라피 이용 전 살펴볼 송파구 문정동 지역 정보를 한곳에 모았습니다. 60분·90분 이용시간과 70,000원부터 확인되는 가격 정보를 함께 확인하며 가격, 코스 구성, 영업시간과 문의 수단을 순서대로 확인할 수 있습니다."
"DESCRIPTION_TEMPLATE","204","업체상세","4","loc x 지역의 x 이용 정보를 정리했습니다 n n 시간 구성과 n n 부터 시작하는 가격을 확인하면서 영업시간과 코스별 가격을 확인하고 전화나 문자로 세부 내용을 문의할 수 있습니다","shops/seoul/nowon-gu/중계본동/한국미인테라피/index.html || 노원구 중계본동 지역의 한국미인테라피 이용 정보를 정리했습니다. 60분·90분 시간 구성과 100,000원부터 시작하는 가격을 확인하면서 영업시간과 코스별 가격을 확인하고 전화나 문자로 세부 내용을 문의할 수 있습니다.","shops/seoul/dongdaemun-gu/제기동/한국미인테라피/index.html || 동대문구 제기동 지역의 한국미인테라피 이용 정보를 정리했습니다. 60분·90분 시간 구성과 100,000원부터 시작하는 가격을 확인하면서 영업시간과 코스별 가격을 확인하고 전화나 문자로 세부 내용을 문의할 수 있습니다.","shops/seoul/dongjak-gu/상도동/한국미인테라피/index.html || 동작구 상도동 지역의 한국미인테라피 이용 정보를 정리했습니다. 60분·90분 시간 구성과 100,000원부터 시작하는 가격을 확인하면서 영업시간과 코스별 가격을 확인하고 전화나 문자로 세부 내용을 문의할 수 있습니다."
"DESCRIPTION_TEMPLATE","205","업체상세","4","x 관련 loc x 정보를 확인할 수 있습니다 n n 부터 확인되는 가격 정보와 n n 코스 시간을 함께 살펴보고 영업시간과 코스별 가격을 확인하고 전화나 문자로 세부 내용을 문의할 수 있습니다","shops/gyeonggi/icheon/신둔면/프리미엄테라피/index.html || 프리미엄테라피 관련 이천시 신둔면 정보를 확인할 수 있습니다. 60,000원부터 확인되는 가격 정보와 60분·90분 코스 시간을 함께 살펴보고 영업시간과 코스별 가격을 확인하고 전화나 문자로 세부 내용을 문의할 수 있습니다.","shops/incheon/gyeyang-gu/효성동/너무이쁜테라피/index.html || 너무이쁜테라피 관련 계양구 효성동 정보를 확인할 수 있습니다. 60,000원부터 확인되는 가격 정보와 60분·90분 코스 시간을 함께 살펴보고 영업시간과 코스별 가격을 확인하고 전화나 문자로 세부 내용을 문의할 수 있습니다.","shops/incheon/bupyeong-gu/산곡동/너무이쁜테라피/index.html || 너무이쁜테라피 관련 부평구 산곡동 정보를 확인할 수 있습니다. 60,000원부터 확인되는 가격 정보와 60분·90분 코스 시간을 함께 살펴보고 영업시간과 코스별 가격을 확인하고 전화나 문자로 세부 내용을 문의할 수 있습니다."
"DESCRIPTION_TEMPLATE","206","업체상세","4","x 의 loc x 운영 정보와 문의 방법을 정리했습니다 n n 부터 시작하는 가격과 n n 코스 정보를 바탕으로 코스 가격 영업시간과 전화 또는 문자 문의 방법을 확인할 수 있습니다","shops/gyeonggi/gwangju-gyeonggi/도척면/너무이쁜테라피/index.html || 너무이쁜테라피의 광주시 도척면 운영 정보와 문의 방법을 정리했습니다. 60,000원부터 시작하는 가격과 60분·90분 코스 정보를 바탕으로 코스·가격·영업시간과 전화 또는 문자 문의 방법을 확인할 수 있습니다.","shops/gyeonggi/yeoncheon/연천읍/프리미엄테라피/index.html || 프리미엄테라피의 연천군 연천읍 운영 정보와 문의 방법을 정리했습니다. 60,000원부터 시작하는 가격과 60분·90분 코스 정보를 바탕으로 코스·가격·영업시간과 전화 또는 문자 문의 방법을 확인할 수 있습니다.","shops/gyeonggi/pyeongtaek/세교동/한국미인테라피/index.html || 한국미인테라피의 평택시 세교동 운영 정보와 문의 방법을 정리했습니다. 100,000원부터 시작하는 가격과 60분·90분 코스 정보를 바탕으로 코스·가격·영업시간과 전화 또는 문자 문의 방법을 확인할 수 있습니다."
"DESCRIPTION_TEMPLATE","207","업체상세","4","x 의 코스와 운영 정보를 loc x 기준으로 안내합니다 n n 부터 시작하는 가격과 n n 코스 정보를 바탕으로 이용 가능한 코스와 가격 영업시간 전화 문자 문의 정보를 확인할 수 있습니다","shops/gyeonggi/uijeongbu/자금동/한국미인테라피/index.html || 한국미인테라피의 코스와 운영 정보를 의정부시 자금동 기준으로 안내합니다. 100,000원부터 시작하는 가격과 60분·90분 코스 정보를 바탕으로 이용 가능한 코스와 가격, 영업시간, 전화·문자 문의 정보를 확인할 수 있습니다.","shops/gyeonggi/paju/월롱면/너무이쁜테라피/index.html || 너무이쁜테라피의 코스와 운영 정보를 파주시 월롱면 기준으로 안내합니다. 60,000원부터 시작하는 가격과 60분·90분 코스 정보를 바탕으로 이용 가능한 코스와 가격, 영업시간, 전화·문자 문의 정보를 확인할 수 있습니다.","shops/incheon/seohae-gu/가좌동/한국미인테라피/index.html || 한국미인테라피의 코스와 운영 정보를 서해구 가좌동 기준으로 안내합니다. 100,000원부터 시작하는 가격과 60분·90분 코스 정보를 바탕으로 이용 가능한 코스와 가격, 영업시간, 전화·문자 문의 정보를 확인할 수 있습니다."
"DESCRIPTION_TEMPLATE","208","업체상세","4","loc x 기준 x 의 코스와 이용 정보를 확인할 수 있습니다 n n 이용시간과 n n 부터 확인되는 가격 정보를 함께 확인하며 이용 가능한 코스와 가격 영업시간 전화 문자 문의 정보를 확인할 수 있습니다","shops/seoul/eunpyeong-gu/구산동/love테라피/index.html || 은평구 구산동 기준 love테라피의 코스와 이용 정보를 확인할 수 있습니다. 60분·90분 이용시간과 70,000원부터 확인되는 가격 정보를 함께 확인하며 이용 가능한 코스와 가격, 영업시간, 전화·문자 문의 정보를 확인할 수 있습니다.","shops/gyeonggi/gwangju-gyeonggi/능평동/love테라피/index.html || 광주시 능평동 기준 love테라피의 코스와 이용 정보를 확인할 수 있습니다. 60분·90분 이용시간과 70,000원부터 확인되는 가격 정보를 함께 확인하며 이용 가능한 코스와 가격, 영업시간, 전화·문자 문의 정보를 확인할 수 있습니다.","shops/gyeonggi/pyeongtaek/동삭동/너무이쁜테라피/index.html || 평택시 동삭동 기준 너무이쁜테라피의 코스와 이용 정보를 확인할 수 있습니다. 60분·90분 이용시간과 60,000원부터 확인되는 가격 정보를 함께 확인하며 이용 가능한 코스와 가격, 영업시간, 전화·문자 문의 정보를 확인할 수 있습니다."
"DESCRIPTION_TEMPLATE","209","업체상세","4","loc x 기준으로 x 운영 정보를 정리했습니다 n n 부터 확인되는 가격과 n n 코스 정보를 참고해 코스별 이용시간과 가격 운영시간 및 연락 방법을 비교할 수 있습니다","shops/seoul/nowon-gu/중계본동/프리미엄테라피/index.html || 노원구 중계본동 기준으로 프리미엄테라피 운영 정보를 정리했습니다. 60,000원부터 확인되는 가격과 60분·90분 코스 정보를 참고해 코스별 이용시간과 가격, 운영시간 및 연락 방법을 비교할 수 있습니다.","shops/seoul/seodaemun-gu/남가좌동/프리미엄테라피/index.html || 서대문구 남가좌동 기준으로 프리미엄테라피 운영 정보를 정리했습니다. 60,000원부터 확인되는 가격과 60분·90분 코스 정보를 참고해 코스별 이용시간과 가격, 운영시간 및 연락 방법을 비교할 수 있습니다.","shops/seoul/seodaemun-gu/연희동/한국미인테라피/index.html || 서대문구 연희동 기준으로 한국미인테라피 운영 정보를 정리했습니다. 100,000원부터 확인되는 가격과 60분·90분 코스 정보를 참고해 코스별 이용시간과 가격, 운영시간 및 연락 방법을 비교할 수 있습니다."
"DESCRIPTION_TEMPLATE","210","업체상세","4","loc x 생활권에서 확인할 수 있는 x 정보를 담았습니다 n n 코스와 n n 부터 이용 가능한 코스와 가격 영업시간 전화 문자 문의 정보를 확인할 수 있습니다","shops/seoul/yeongdeungpo-gu/도림동/프리미엄테라피/index.html || 영등포구 도림동 생활권에서 확인할 수 있는 프리미엄테라피 정보를 담았습니다. 60분·90분 코스와 60,000원부터 이용 가능한 코스와 가격, 영업시간, 전화·문자 문의 정보를 확인할 수 있습니다.","shops/seoul/eunpyeong-gu/수색동/한국미인테라피/index.html || 은평구 수색동 생활권에서 확인할 수 있는 한국미인테라피 정보를 담았습니다. 60분·90분 코스와 100,000원부터 이용 가능한 코스와 가격, 영업시간, 전화·문자 문의 정보를 확인할 수 있습니다.","shops/gyeonggi/pyeongtaek/동삭동/한국미인테라피/index.html || 평택시 동삭동 생활권에서 확인할 수 있는 한국미인테라피 정보를 담았습니다. 60분·90분 코스와 100,000원부터 이용 가능한 코스와 가격, 영업시간, 전화·문자 문의 정보를 확인할 수 있습니다."
"DESCRIPTION_TEMPLATE","211","업체상세","4","loc x 기준으로 x 운영 정보를 정리했습니다 n n 코스 구성과 n n 부터 확인되는 가격대를 확인한 뒤 코스 가격 영업시간과 전화 또는 문자 문의 방법을 확인할 수 있습니다","shops/seoul/eunpyeong-gu/증산동/한국미인테라피/index.html || 은평구 증산동 기준으로 한국미인테라피 운영 정보를 정리했습니다. 60분·90분 코스 구성과 100,000원부터 확인되는 가격대를 확인한 뒤 코스·가격·영업시간과 전화 또는 문자 문의 방법을 확인할 수 있습니다.","shops/gyeonggi/siheung/과림동/너무이쁜테라피/index.html || 시흥시 과림동 기준으로 너무이쁜테라피 운영 정보를 정리했습니다. 60분·90분 코스 구성과 60,000원부터 확인되는 가격대를 확인한 뒤 코스·가격·영업시간과 전화 또는 문자 문의 방법을 확인할 수 있습니다.","shops/gyeonggi/pocheon/선단동/한국미인테라피/index.html || 포천시 선단동 기준으로 한국미인테라피 운영 정보를 정리했습니다. 60분·90분 코스 구성과 100,000원부터 확인되는 가격대를 확인한 뒤 코스·가격·영업시간과 전화 또는 문자 문의 방법을 확인할 수 있습니다."
"DESCRIPTION_TEMPLATE","212","업체상세","4","x 의 loc x 운영 정보와 문의 방법을 정리했습니다 n n 시간 구성과 n n 부터 시작하는 가격을 확인하면서 코스와 가격 영업시간 전화 문자 문의 방법을 함께 확인할 수 있습니다","shops/seoul/yongsan-gu/보광동/love테라피/index.html || love테라피의 용산구 보광동 운영 정보와 문의 방법을 정리했습니다. 60분·90분 시간 구성과 70,000원부터 시작하는 가격을 확인하면서 코스와 가격, 영업시간, 전화·문자 문의 방법을 함께 확인할 수 있습니다.","shops/gyeonggi/dongducheon/보산동/love테라피/index.html || love테라피의 동두천시 보산동 운영 정보와 문의 방법을 정리했습니다. 60분·90분 시간 구성과 70,000원부터 시작하는 가격을 확인하면서 코스와 가격, 영업시간, 전화·문자 문의 방법을 함께 확인할 수 있습니다.","shops/incheon/namdong-gu/논현고잔동/프리미엄테라피/index.html || 프리미엄테라피의 남동구 논현고잔동 운영 정보와 문의 방법을 정리했습니다. 60분·90분 시간 구성과 60,000원부터 시작하는 가격을 확인하면서 코스와 가격, 영업시간, 전화·문자 문의 방법을 함께 확인할 수 있습니다."
"DESCRIPTION_TEMPLATE","213","업체상세","4","x 이용 전 살펴볼 loc x 지역 정보를 한곳에 모았습니다 n n 코스 구성과 n n 부터 확인되는 가격대를 확인한 뒤 코스별 이용시간과 가격 운영시간 및 연락 방법을 비교할 수 있습니다","shops/seoul/jongno-gu/청운효자동/한국미인테라피/index.html || 한국미인테라피 이용 전 살펴볼 종로구 청운효자동 지역 정보를 한곳에 모았습니다. 60분·90분 코스 구성과 100,000원부터 확인되는 가격대를 확인한 뒤 코스별 이용시간과 가격, 운영시간 및 연락 방법을 비교할 수 있습니다.","shops/gyeonggi/yeoncheon/미산면/너무이쁜테라피/index.html || 너무이쁜테라피 이용 전 살펴볼 연천군 미산면 지역 정보를 한곳에 모았습니다. 60분·90분 코스 구성과 60,000원부터 확인되는 가격대를 확인한 뒤 코스별 이용시간과 가격, 운영시간 및 연락 방법을 비교할 수 있습니다.","shops/incheon/michuhol-gu/문학동/love테라피/index.html || love테라피 이용 전 살펴볼 미추홀구 문학동 지역 정보를 한곳에 모았습니다. 60분·90분 코스 구성과 70,000원부터 확인되는 가격대를 확인한 뒤 코스별 이용시간과 가격, 운영시간 및 연락 방법을 비교할 수 있습니다."
"DESCRIPTION_TEMPLATE","214","업체상세","4","x 이용 전 살펴볼 loc x 지역 정보를 한곳에 모았습니다 n n 코스와 n n 부터 확인되는 가격 정보를 포함해 이용 가능한 코스와 가격 영업시간 전화 문자 문의 정보를 확인할 수 있습니다","shops/seoul/yeongdeungpo-gu/대림동/한국미인테라피/index.html || 한국미인테라피 이용 전 살펴볼 영등포구 대림동 지역 정보를 한곳에 모았습니다. 60분·90분 코스와 100,000원부터 확인되는 가격 정보를 포함해 이용 가능한 코스와 가격, 영업시간, 전화·문자 문의 정보를 확인할 수 있습니다.","shops/gyeonggi/gapyeong/청평면/너무이쁜테라피/index.html || 너무이쁜테라피 이용 전 살펴볼 가평군 청평면 지역 정보를 한곳에 모았습니다. 60분·90분 코스와 60,000원부터 확인되는 가격 정보를 포함해 이용 가능한 코스와 가격, 영업시간, 전화·문자 문의 정보를 확인할 수 있습니다.","shops/incheon/ganghwa-gun/양도면/love테라피/index.html || love테라피 이용 전 살펴볼 강화군 양도면 지역 정보를 한곳에 모았습니다. 60분·90분 코스와 70,000원부터 확인되는 가격 정보를 포함해 이용 가능한 코스와 가격, 영업시간, 전화·문자 문의 정보를 확인할 수 있습니다."
"DESCRIPTION_TEMPLATE","215","업체상세","4","x 의 loc x 운영 정보와 문의 방법을 정리했습니다 n n 코스와 n n 부터 확인되는 가격 정보를 포함해 코스별 시간과 가격 운영시간 전화 문자 문의 내용을 살펴볼 수 있습니다","shops/gyeonggi/yangpyeong/양동면/프리미엄테라피/index.html || 프리미엄테라피의 양평군 양동면 운영 정보와 문의 방법을 정리했습니다. 60분·90분 코스와 60,000원부터 확인되는 가격 정보를 포함해 코스별 시간과 가격, 운영시간, 전화·문자 문의 내용을 살펴볼 수 있습니다.","shops/gyeonggi/pyeongtaek/고덕동/프리미엄테라피/index.html || 프리미엄테라피의 평택시 고덕동 운영 정보와 문의 방법을 정리했습니다. 60분·90분 코스와 60,000원부터 확인되는 가격 정보를 포함해 코스별 시간과 가격, 운영시간, 전화·문자 문의 내용을 살펴볼 수 있습니다.","shops/incheon/namdong-gu/논현동/love테라피/index.html || love테라피의 남동구 논현동 운영 정보와 문의 방법을 정리했습니다. 60분·90분 코스와 70,000원부터 확인되는 가격 정보를 포함해 코스별 시간과 가격, 운영시간, 전화·문자 문의 내용을 살펴볼 수 있습니다."
"DESCRIPTION_TEMPLATE","216","업체상세","4","loc x 기준 x 의 코스와 이용 정보를 확인할 수 있습니다 n n 코스 구성과 n n 부터 확인되는 가격대를 확인한 뒤 영업시간과 코스별 가격을 확인하고 전화나 문자로 세부 내용을 문의할 수 있습니다","shops/seoul/eunpyeong-gu/불광동/한국미인테라피/index.html || 은평구 불광동 기준 한국미인테라피의 코스와 이용 정보를 확인할 수 있습니다. 60분·90분 코스 구성과 100,000원부터 확인되는 가격대를 확인한 뒤 영업시간과 코스별 가격을 확인하고 전화나 문자로 세부 내용을 문의할 수 있습니다.","shops/gyeonggi/gapyeong/가평읍/love테라피/index.html || 가평군 가평읍 기준 love테라피의 코스와 이용 정보를 확인할 수 있습니다. 60분·90분 코스 구성과 70,000원부터 확인되는 가격대를 확인한 뒤 영업시간과 코스별 가격을 확인하고 전화나 문자로 세부 내용을 문의할 수 있습니다.","shops/gyeonggi/guri/수택동/프리미엄테라피/index.html || 구리시 수택동 기준 프리미엄테라피의 코스와 이용 정보를 확인할 수 있습니다. 60분·90분 코스 구성과 60,000원부터 확인되는 가격대를 확인한 뒤 영업시간과 코스별 가격을 확인하고 전화나 문자로 세부 내용을 문의할 수 있습니다."
"DESCRIPTION_TEMPLATE","217","업체상세","4","x 의 loc x 운영 정보와 문의 방법을 정리했습니다 n n 이용시간과 n n 부터 확인되는 가격 정보를 함께 확인하며 코스 가격 영업시간과 전화 또는 문자 문의 방법을 확인할 수 있습니다","shops/seoul/eunpyeong-gu/대조동/너무이쁜테라피/index.html || 너무이쁜테라피의 은평구 대조동 운영 정보와 문의 방법을 정리했습니다. 60분·90분 이용시간과 60,000원부터 확인되는 가격 정보를 함께 확인하며 코스·가격·영업시간과 전화 또는 문자 문의 방법을 확인할 수 있습니다.","shops/gyeonggi/hanam/감북동/프리미엄테라피/index.html || 프리미엄테라피의 하남시 감북동 운영 정보와 문의 방법을 정리했습니다. 60분·90분 이용시간과 60,000원부터 확인되는 가격 정보를 함께 확인하며 코스·가격·영업시간과 전화 또는 문자 문의 방법을 확인할 수 있습니다.","shops/incheon/geomdan-gu/원당동/한국미인테라피/index.html || 한국미인테라피의 검단구 원당동 운영 정보와 문의 방법을 정리했습니다. 60분·90분 이용시간과 100,000원부터 확인되는 가격 정보를 함께 확인하며 코스·가격·영업시간과 전화 또는 문자 문의 방법을 확인할 수 있습니다."
"DESCRIPTION_TEMPLATE","218","업체상세","4","x 관련 loc x 정보를 확인할 수 있습니다 n n 이용시간과 n n 부터 확인되는 가격 정보를 함께 확인하며 영업시간과 코스별 가격을 확인하고 전화나 문자로 세부 내용을 문의할 수 있습니다","shops/seoul/eunpyeong-gu/대조동/한국미인테라피/index.html || 한국미인테라피 관련 은평구 대조동 정보를 확인할 수 있습니다. 60분·90분 이용시간과 100,000원부터 확인되는 가격 정보를 함께 확인하며 영업시간과 코스별 가격을 확인하고 전화나 문자로 세부 내용을 문의할 수 있습니다.","shops/seoul/jongno-gu/4가동/love테라피/index.html || love테라피 관련 종로구 4가동 정보를 확인할 수 있습니다. 60분·90분 이용시간과 70,000원부터 확인되는 가격 정보를 함께 확인하며 영업시간과 코스별 가격을 확인하고 전화나 문자로 세부 내용을 문의할 수 있습니다.","shops/seoul/jungnang-gu/묵동/love테라피/index.html || love테라피 관련 중랑구 묵동 정보를 확인할 수 있습니다. 60분·90분 이용시간과 70,000원부터 확인되는 가격 정보를 함께 확인하며 영업시간과 코스별 가격을 확인하고 전화나 문자로 세부 내용을 문의할 수 있습니다."
"DESCRIPTION_TEMPLATE","219","업체상세","4","loc x 기준 x 의 코스와 이용 정보를 확인할 수 있습니다 n n 코스 구성과 n n 부터 확인되는 가격대를 확인한 뒤 가격과 이용시간 연락 방법을 확인해 필요한 내용을 loc 비교할 수 있습니다","shops/seoul/eunpyeong-gu/역촌동/너무이쁜테라피/index.html || 은평구 역촌동 기준 너무이쁜테라피의 코스와 이용 정보를 확인할 수 있습니다. 60분·90분 코스 구성과 60,000원부터 확인되는 가격대를 확인한 뒤 가격과 이용시간, 연락 방법을 확인해 필요한 내용을 미리 비교할 수 있습니다.","shops/gyeonggi/gimpo/대곶면/한국미인테라피/index.html || 김포시 대곶면 기준 한국미인테라피의 코스와 이용 정보를 확인할 수 있습니다. 60분·90분 코스 구성과 100,000원부터 확인되는 가격대를 확인한 뒤 가격과 이용시간, 연락 방법을 확인해 필요한 내용을 미리 비교할 수 있습니다.","shops/incheon/namdong-gu/구월동/너무이쁜테라피/index.html || 남동구 구월동 기준 너무이쁜테라피의 코스와 이용 정보를 확인할 수 있습니다. 60분·90분 코스 구성과 60,000원부터 확인되는 가격대를 확인한 뒤 가격과 이용시간, 연락 방법을 확인해 필요한 내용을 미리 비교할 수 있습니다."
"DESCRIPTION_TEMPLATE","220","업체상세","4","loc x 생활권에서 확인할 수 있는 x 정보를 담았습니다 n n 코스 구성과 n n 부터 확인되는 가격대를 확인한 뒤 가격과 이용시간 연락 방법을 확인해 필요한 내용을 loc 비교할 수 있습니다","shops/seoul/eunpyeong-gu/불광동/프리미엄테라피/index.html || 은평구 불광동 생활권에서 확인할 수 있는 프리미엄테라피 정보를 담았습니다. 60분·90분 코스 구성과 60,000원부터 확인되는 가격대를 확인한 뒤 가격과 이용시간, 연락 방법을 확인해 필요한 내용을 미리 비교할 수 있습니다.","shops/gyeonggi/anseong/삼죽면/love테라피/index.html || 안성시 삼죽면 생활권에서 확인할 수 있는 love테라피 정보를 담았습니다. 60분·90분 코스 구성과 70,000원부터 확인되는 가격대를 확인한 뒤 가격과 이용시간, 연락 방법을 확인해 필요한 내용을 미리 비교할 수 있습니다.","shops/gyeonggi/uiwang/고천동/한국미인테라피/index.html || 의왕시 고천동 생활권에서 확인할 수 있는 한국미인테라피 정보를 담았습니다. 60분·90분 코스 구성과 100,000원부터 확인되는 가격대를 확인한 뒤 가격과 이용시간, 연락 방법을 확인해 필요한 내용을 미리 비교할 수 있습니다."
"DESCRIPTION_TEMPLATE","221","업체상세","4","x 의 loc x 이용 안내입니다 n n 코스와 n n 부터 코스별 시간과 가격 운영시간 전화 문자 문의 내용을 살펴볼 수 있습니다","shops/seoul/dongdaemun-gu/신설동/너무이쁜테라피/index.html || 너무이쁜테라피의 동대문구 신설동 이용 안내입니다. 60분·90분 코스와 60,000원부터 코스별 시간과 가격, 운영시간, 전화·문자 문의 내용을 살펴볼 수 있습니다.","shops/gyeonggi/gwangju-gyeonggi/쌍령동/love테라피/index.html || love테라피의 광주시 쌍령동 이용 안내입니다. 60분·90분 코스와 70,000원부터 코스별 시간과 가격, 운영시간, 전화·문자 문의 내용을 살펴볼 수 있습니다.","shops/gyeonggi/yeoncheon/전곡읍/love테라피/index.html || love테라피의 연천군 전곡읍 이용 안내입니다. 60분·90분 코스와 70,000원부터 코스별 시간과 가격, 운영시간, 전화·문자 문의 내용을 살펴볼 수 있습니다."
"DESCRIPTION_TEMPLATE","222","업체상세","4","x 의 loc x 이용 안내입니다 n n 코스와 n n 부터 확인되는 가격 정보를 포함해 이용 가능한 코스와 가격 영업시간 전화 문자 문의 정보를 확인할 수 있습니다","shops/gyeonggi/gwacheon/중앙동/love테라피/index.html || love테라피의 과천시 중앙동 이용 안내입니다. 60분·90분 코스와 70,000원부터 확인되는 가격 정보를 포함해 이용 가능한 코스와 가격, 영업시간, 전화·문자 문의 정보를 확인할 수 있습니다.","shops/gyeonggi/gwangmyeong/하안동/너무이쁜테라피/index.html || 너무이쁜테라피의 광명시 하안동 이용 안내입니다. 60분·90분 코스와 60,000원부터 확인되는 가격 정보를 포함해 이용 가능한 코스와 가격, 영업시간, 전화·문자 문의 정보를 확인할 수 있습니다.","shops/gyeonggi/dongducheon/보산동/프리미엄테라피/index.html || 프리미엄테라피의 동두천시 보산동 이용 안내입니다. 60분·90분 코스와 60,000원부터 확인되는 가격 정보를 포함해 이용 가능한 코스와 가격, 영업시간, 전화·문자 문의 정보를 확인할 수 있습니다."
"DESCRIPTION_TEMPLATE","223","업체상세","4","x 관련 loc x 정보를 확인할 수 있습니다 n n 코스 구성과 n n 부터 확인되는 가격대를 확인한 뒤 이용 전 필요한 코스 가격 운영시간과 연락 정보를 한 번에 살펴볼 수 있습니다","shops/seoul/seodaemun-gu/북가좌동/love테라피/index.html || love테라피 관련 서대문구 북가좌동 정보를 확인할 수 있습니다. 60분·90분 코스 구성과 70,000원부터 확인되는 가격대를 확인한 뒤 이용 전 필요한 코스·가격·운영시간과 연락 정보를 한 번에 살펴볼 수 있습니다.","shops/gyeonggi/icheon/창전동/프리미엄테라피/index.html || 프리미엄테라피 관련 이천시 창전동 정보를 확인할 수 있습니다. 60분·90분 코스 구성과 60,000원부터 확인되는 가격대를 확인한 뒤 이용 전 필요한 코스·가격·운영시간과 연락 정보를 한 번에 살펴볼 수 있습니다.","shops/other/daejeon/dong-gu/가양동/S썸바디테라피/index.html || S썸바디테라피 관련 동구 가양동 정보를 확인할 수 있습니다. 60분·90분 코스 구성과 50,000원부터 확인되는 가격대를 확인한 뒤 이용 전 필요한 코스·가격·운영시간과 연락 정보를 한 번에 살펴볼 수 있습니다."
"DESCRIPTION_TEMPLATE","224","업체상세","4","loc x 지역의 x 이용 정보를 정리했습니다 n n 부터 확인되는 가격과 n n 코스 정보를 참고해 가격과 코스 구성 영업시간 및 연락 수단을 비교해 이용 전 참고할 수 있습니다","shops/seoul/seongdong-gu/송정동/한국미인테라피/index.html || 성동구 송정동 지역의 한국미인테라피 이용 정보를 정리했습니다. 100,000원부터 확인되는 가격과 60분·90분 코스 정보를 참고해 가격과 코스 구성, 영업시간 및 연락 수단을 비교해 이용 전 참고할 수 있습니다.","shops/gyeonggi/gunpo/금정동/너무이쁜테라피/index.html || 군포시 금정동 지역의 너무이쁜테라피 이용 정보를 정리했습니다. 60,000원부터 확인되는 가격과 60분·90분 코스 정보를 참고해 가격과 코스 구성, 영업시간 및 연락 수단을 비교해 이용 전 참고할 수 있습니다.","shops/gyeonggi/anseong/안성동/love테라피/index.html || 안성시 안성동 지역의 love테라피 이용 정보를 정리했습니다. 70,000원부터 확인되는 가격과 60분·90분 코스 정보를 참고해 가격과 코스 구성, 영업시간 및 연락 수단을 비교해 이용 전 참고할 수 있습니다."
"DESCRIPTION_TEMPLATE","225","업체상세","4","loc x 에서 x 이용 전 확인할 정보를 모았습니다 n n 코스와 n n 부터 가격과 코스 구성 영업시간 및 연락 수단을 비교해 이용 전 참고할 수 있습니다","shops/seoul/seongdong-gu/금호1가동/프리미엄테라피/index.html || 성동구 금호1가동에서 프리미엄테라피 이용 전 확인할 정보를 모았습니다. 60분·90분 코스와 60,000원부터 가격과 코스 구성, 영업시간 및 연락 수단을 비교해 이용 전 참고할 수 있습니다.","shops/seoul/seongbuk-gu/장위동/love테라피/index.html || 성북구 장위동에서 love테라피 이용 전 확인할 정보를 모았습니다. 60분·90분 코스와 70,000원부터 가격과 코스 구성, 영업시간 및 연락 수단을 비교해 이용 전 참고할 수 있습니다.","shops/gyeonggi/dongducheon/보산동/너무이쁜테라피/index.html || 동두천시 보산동에서 너무이쁜테라피 이용 전 확인할 정보를 모았습니다. 60분·90분 코스와 60,000원부터 가격과 코스 구성, 영업시간 및 연락 수단을 비교해 이용 전 참고할 수 있습니다."
"DESCRIPTION_TEMPLATE","226","업체상세","4","loc x 기준으로 x 운영 정보를 정리했습니다 n n 이용시간과 n n 부터 확인되는 가격 정보를 함께 확인하며 코스별 시간과 가격 운영시간 전화 문자 문의 내용을 살펴볼 수 있습니다","shops/gyeonggi/gimpo/대곶면/love테라피/index.html || 김포시 대곶면 기준으로 love테라피 운영 정보를 정리했습니다. 60분·90분 이용시간과 70,000원부터 확인되는 가격 정보를 함께 확인하며 코스별 시간과 가격, 운영시간, 전화·문자 문의 내용을 살펴볼 수 있습니다.","shops/incheon/yeonsu-gu/연수동/한국미인테라피/index.html || 연수구 연수동 기준으로 한국미인테라피 운영 정보를 정리했습니다. 60분·90분 이용시간과 100,000원부터 확인되는 가격 정보를 함께 확인하며 코스별 시간과 가격, 운영시간, 전화·문자 문의 내용을 살펴볼 수 있습니다.","shops/incheon/ongjin-gun/대청면/프리미엄테라피/index.html || 옹진군 대청면 기준으로 프리미엄테라피 운영 정보를 정리했습니다. 60분·90분 이용시간과 60,000원부터 확인되는 가격 정보를 함께 확인하며 코스별 시간과 가격, 운영시간, 전화·문자 문의 내용을 살펴볼 수 있습니다."
"DESCRIPTION_TEMPLATE","227","업체상세","4","loc x 지역의 x 이용 정보를 정리했습니다 n n 부터 시작하는 가격과 n n 코스 정보를 바탕으로 코스별 이용시간과 가격 운영시간 및 연락 방법을 비교할 수 있습니다","shops/seoul/seodaemun-gu/북아현동/love테라피/index.html || 서대문구 북아현동 지역의 love테라피 이용 정보를 정리했습니다. 70,000원부터 시작하는 가격과 60분·90분 코스 정보를 바탕으로 코스별 이용시간과 가격, 운영시간 및 연락 방법을 비교할 수 있습니다.","shops/seoul/seongbuk-gu/정릉동/프리미엄테라피/index.html || 성북구 정릉동 지역의 프리미엄테라피 이용 정보를 정리했습니다. 60,000원부터 시작하는 가격과 60분·90분 코스 정보를 바탕으로 코스별 이용시간과 가격, 운영시간 및 연락 방법을 비교할 수 있습니다.","shops/gyeonggi/yeoju/여흥동/love테라피/index.html || 여주시 여흥동 지역의 love테라피 이용 정보를 정리했습니다. 70,000원부터 시작하는 가격과 60분·90분 코스 정보를 바탕으로 코스별 이용시간과 가격, 운영시간 및 연락 방법을 비교할 수 있습니다."
"DESCRIPTION_TEMPLATE","228","업체상세","4","loc loc x 기준 x 의 코스와 이용 정보를 확인할 수 있습니다 n n 부터 확인되는 가격 정보와 n n 코스 시간을 함께 살펴보고 가격과 이용시간 연락 방법을 확인해 필요한 내용을 loc 비교할 수 있습니다","shops/gyeonggi/goyang/ilsandong-gu/식사동/프리미엄테라피/index.html || 고양시-일산동구 식사동 기준 프리미엄테라피의 코스와 이용 정보를 확인할 수 있습니다. 60,000원부터 확인되는 가격 정보와 60분·90분 코스 시간을 함께 살펴보고 가격과 이용시간, 연락 방법을 확인해 필요한 내용을 미리 비교할 수 있습니다.","shops/gyeonggi/seongnam/sujeong-gu/양지동/love테라피/index.html || 성남시-수정구 양지동 기준 love테라피의 코스와 이용 정보를 확인할 수 있습니다. 70,000원부터 확인되는 가격 정보와 60분·90분 코스 시간을 함께 살펴보고 가격과 이용시간, 연락 방법을 확인해 필요한 내용을 미리 비교할 수 있습니다.","shops/gyeonggi/ansan/sangnok-gu/반월동/프리미엄테라피/index.html || 안산시-상록구 반월동 기준 프리미엄테라피의 코스와 이용 정보를 확인할 수 있습니다. 60,000원부터 확인되는 가격 정보와 60분·90분 코스 시간을 함께 살펴보고 가격과 이용시간, 연락 방법을 확인해 필요한 내용을 미리 비교할 수 있습니다."
"DESCRIPTION_TEMPLATE","229","업체상세","4","loc loc x 지역의 x 이용 정보를 정리했습니다 n n 코스와 n n 부터 확인되는 가격 정보를 포함해 이용 전 필요한 코스 가격 운영시간과 연락 정보를 한 번에 살펴볼 수 있습니다","shops/gyeonggi/goyang/ilsandong-gu/고봉동/프리미엄테라피/index.html || 고양시-일산동구 고봉동 지역의 프리미엄테라피 이용 정보를 정리했습니다. 60분·90분 코스와 60,000원부터 확인되는 가격 정보를 포함해 이용 전 필요한 코스·가격·운영시간과 연락 정보를 한 번에 살펴볼 수 있습니다.","shops/gyeonggi/goyang/ilsandong-gu/마두동/너무이쁜테라피/index.html || 고양시-일산동구 마두동 지역의 너무이쁜테라피 이용 정보를 정리했습니다. 60분·90분 코스와 60,000원부터 확인되는 가격 정보를 포함해 이용 전 필요한 코스·가격·운영시간과 연락 정보를 한 번에 살펴볼 수 있습니다.","shops/gyeonggi/anyang/dongan-gu/평촌동/프리미엄테라피/index.html || 안양시-동안구 평촌동 지역의 프리미엄테라피 이용 정보를 정리했습니다. 60분·90분 코스와 60,000원부터 확인되는 가격 정보를 포함해 이용 전 필요한 코스·가격·운영시간과 연락 정보를 한 번에 살펴볼 수 있습니다."
"DESCRIPTION_TEMPLATE","230","업체상세","4","loc x 기준 x 의 코스와 이용 정보를 확인할 수 있습니다 n n 시간 구성과 n n 부터 시작하는 가격을 확인하면서 코스 구성과 가격 운영시간 연락 방법을 한곳에서 확인할 수 있습니다","shops/seoul/seongbuk-gu/길음동/프리미엄테라피/index.html || 성북구 길음동 기준 프리미엄테라피의 코스와 이용 정보를 확인할 수 있습니다. 60분·90분 시간 구성과 60,000원부터 시작하는 가격을 확인하면서 코스 구성과 가격, 운영시간, 연락 방법을 한곳에서 확인할 수 있습니다.","shops/seoul/eunpyeong-gu/신사동/한국미인테라피/index.html || 은평구 신사동 기준 한국미인테라피의 코스와 이용 정보를 확인할 수 있습니다. 60분·90분 시간 구성과 100,000원부터 시작하는 가격을 확인하면서 코스 구성과 가격, 운영시간, 연락 방법을 한곳에서 확인할 수 있습니다.","shops/gyeonggi/anseong/일죽면/프리미엄테라피/index.html || 안성시 일죽면 기준 프리미엄테라피의 코스와 이용 정보를 확인할 수 있습니다. 60분·90분 시간 구성과 60,000원부터 시작하는 가격을 확인하면서 코스 구성과 가격, 운영시간, 연락 방법을 한곳에서 확인할 수 있습니다."
"DESCRIPTION_TEMPLATE","231","업체상세","4","loc x 지역의 x 이용 정보를 정리했습니다 n n 이용시간과 n n 부터 확인되는 가격 정보를 함께 확인하며 코스별 시간과 가격 운영시간 전화 문자 문의 내용을 살펴볼 수 있습니다","shops/seoul/seodaemun-gu/북가좌동/너무이쁜테라피/index.html || 서대문구 북가좌동 지역의 너무이쁜테라피 이용 정보를 정리했습니다. 60분·90분 이용시간과 60,000원부터 확인되는 가격 정보를 함께 확인하며 코스별 시간과 가격, 운영시간, 전화·문자 문의 내용을 살펴볼 수 있습니다.","shops/seoul/seongbuk-gu/정릉동/한국미인테라피/index.html || 성북구 정릉동 지역의 한국미인테라피 이용 정보를 정리했습니다. 60분·90분 이용시간과 100,000원부터 확인되는 가격 정보를 함께 확인하며 코스별 시간과 가격, 운영시간, 전화·문자 문의 내용을 살펴볼 수 있습니다.","shops/gyeonggi/icheon/증포동/프리미엄테라피/index.html || 이천시 증포동 지역의 프리미엄테라피 이용 정보를 정리했습니다. 60분·90분 이용시간과 60,000원부터 확인되는 가격 정보를 함께 확인하며 코스별 시간과 가격, 운영시간, 전화·문자 문의 내용을 살펴볼 수 있습니다."
"DESCRIPTION_TEMPLATE","232","업체상세","4","loc x 기준 x 의 코스와 이용 정보를 확인할 수 있습니다 n n 부터 확인되는 가격과 n n 코스 정보를 참고해 코스별 시간과 가격 운영시간 전화 문자 문의 내용을 살펴볼 수 있습니다","shops/seoul/seongdong-gu/송정동/love테라피/index.html || 성동구 송정동 기준 love테라피의 코스와 이용 정보를 확인할 수 있습니다. 70,000원부터 확인되는 가격과 60분·90분 코스 정보를 참고해 코스별 시간과 가격, 운영시간, 전화·문자 문의 내용을 살펴볼 수 있습니다.","shops/gyeonggi/yangpyeong/옥천면/너무이쁜테라피/index.html || 양평군 옥천면 기준 너무이쁜테라피의 코스와 이용 정보를 확인할 수 있습니다. 60,000원부터 확인되는 가격과 60분·90분 코스 정보를 참고해 코스별 시간과 가격, 운영시간, 전화·문자 문의 내용을 살펴볼 수 있습니다.","shops/incheon/michuhol-gu/문학동/너무이쁜테라피/index.html || 미추홀구 문학동 기준 너무이쁜테라피의 코스와 이용 정보를 확인할 수 있습니다. 60,000원부터 확인되는 가격과 60분·90분 코스 정보를 참고해 코스별 시간과 가격, 운영시간, 전화·문자 문의 내용을 살펴볼 수 있습니다."
"DESCRIPTION_TEMPLATE","233","업체상세","4","x 의 코스와 운영 정보를 loc x 기준으로 안내합니다 n n 이용시간과 n n 부터 확인되는 가격 정보를 함께 확인하며 코스 가격 영업시간과 전화 또는 문자 문의 방법을 확인할 수 있습니다","shops/seoul/seongdong-gu/옥수동/너무이쁜테라피/index.html || 너무이쁜테라피의 코스와 운영 정보를 성동구 옥수동 기준으로 안내합니다. 60분·90분 이용시간과 60,000원부터 확인되는 가격 정보를 함께 확인하며 코스·가격·영업시간과 전화 또는 문자 문의 방법을 확인할 수 있습니다.","shops/seoul/jung-gu/명동/너무이쁜테라피/index.html || 너무이쁜테라피의 코스와 운영 정보를 중구 명동 기준으로 안내합니다. 60분·90분 이용시간과 60,000원부터 확인되는 가격 정보를 함께 확인하며 코스·가격·영업시간과 전화 또는 문자 문의 방법을 확인할 수 있습니다.","shops/gyeonggi/uiwang/청계동/한국미인테라피/index.html || 한국미인테라피의 코스와 운영 정보를 의왕시 청계동 기준으로 안내합니다. 60분·90분 이용시간과 100,000원부터 확인되는 가격 정보를 함께 확인하며 코스·가격·영업시간과 전화 또는 문자 문의 방법을 확인할 수 있습니다."
"DESCRIPTION_TEMPLATE","234","업체상세","4","loc x 기준 x 의 코스와 이용 정보를 확인할 수 있습니다 n n 부터 확인되는 가격 정보와 n n 코스 시간을 함께 살펴보고 가격과 이용시간 연락 방법을 확인해 필요한 내용을 loc 비교할 수 있습니다","shops/gyeonggi/gwangju-gyeonggi/곤지암읍/love테라피/index.html || 광주시 곤지암읍 기준 love테라피의 코스와 이용 정보를 확인할 수 있습니다. 70,000원부터 확인되는 가격 정보와 60분·90분 코스 시간을 함께 살펴보고 가격과 이용시간, 연락 방법을 확인해 필요한 내용을 미리 비교할 수 있습니다.","shops/gyeonggi/uijeongbu/송산동/너무이쁜테라피/index.html || 의정부시 송산동 기준 너무이쁜테라피의 코스와 이용 정보를 확인할 수 있습니다. 60,000원부터 확인되는 가격 정보와 60분·90분 코스 시간을 함께 살펴보고 가격과 이용시간, 연락 방법을 확인해 필요한 내용을 미리 비교할 수 있습니다.","shops/gyeonggi/paju/교하동/love테라피/index.html || 파주시 교하동 기준 love테라피의 코스와 이용 정보를 확인할 수 있습니다. 70,000원부터 확인되는 가격 정보와 60분·90분 코스 시간을 함께 살펴보고 가격과 이용시간, 연락 방법을 확인해 필요한 내용을 미리 비교할 수 있습니다."
"DESCRIPTION_TEMPLATE","235","업체상세","4","loc x 기준으로 x 운영 정보를 정리했습니다 n n 부터 시작하는 가격과 n n 코스 정보를 바탕으로 운영시간과 코스 구성 가격 연락 방법을 한 페이지에서 확인할 수 있습니다","shops/seoul/seodaemun-gu/홍제동/love테라피/index.html || 서대문구 홍제동 기준으로 love테라피 운영 정보를 정리했습니다. 70,000원부터 시작하는 가격과 60분·90분 코스 정보를 바탕으로 운영시간과 코스 구성, 가격, 연락 방법을 한 페이지에서 확인할 수 있습니다.","shops/seoul/eunpyeong-gu/구산동/프리미엄테라피/index.html || 은평구 구산동 기준으로 프리미엄테라피 운영 정보를 정리했습니다. 60,000원부터 시작하는 가격과 60분·90분 코스 정보를 바탕으로 운영시간과 코스 구성, 가격, 연락 방법을 한 페이지에서 확인할 수 있습니다.","shops/gyeonggi/yeoju/점동면/한국미인테라피/index.html || 여주시 점동면 기준으로 한국미인테라피 운영 정보를 정리했습니다. 100,000원부터 시작하는 가격과 60분·90분 코스 정보를 바탕으로 운영시간과 코스 구성, 가격, 연락 방법을 한 페이지에서 확인할 수 있습니다."
"DESCRIPTION_TEMPLATE","236","업체상세","4","x 이용을 검토할 때 참고할 loc x 상세 정보입니다 n n 부터 확인되는 가격과 n n 코스 정보를 참고해 운영시간과 코스 구성 가격 연락 방법을 한 페이지에서 확인할 수 있습니다","shops/gyeonggi/gunpo/산본동/한국미인테라피/index.html || 한국미인테라피 이용을 검토할 때 참고할 군포시 산본동 상세 정보입니다. 100,000원부터 확인되는 가격과 60분·90분 코스 정보를 참고해 운영시간과 코스 구성, 가격, 연락 방법을 한 페이지에서 확인할 수 있습니다.","shops/gyeonggi/yeoju/중앙동/한국미인테라피/index.html || 한국미인테라피 이용을 검토할 때 참고할 여주시 중앙동 상세 정보입니다. 100,000원부터 확인되는 가격과 60분·90분 코스 정보를 참고해 운영시간과 코스 구성, 가격, 연락 방법을 한 페이지에서 확인할 수 있습니다.","shops/gyeonggi/pocheon/관인면/한국미인테라피/index.html || 한국미인테라피 이용을 검토할 때 참고할 포천시 관인면 상세 정보입니다. 100,000원부터 확인되는 가격과 60분·90분 코스 정보를 참고해 운영시간과 코스 구성, 가격, 연락 방법을 한 페이지에서 확인할 수 있습니다."
"DESCRIPTION_TEMPLATE","237","업체상세","4","x 의 loc x 이용 안내입니다 n n 부터 확인되는 가격과 n n 코스 정보를 참고해 가격 코스 구성 영업시간과 문의 수단을 순서대로 확인할 수 있습니다","shops/seoul/seocho-gu/반포본동/한국미인테라피/index.html || 한국미인테라피의 서초구 반포본동 이용 안내입니다. 100,000원부터 확인되는 가격과 60분·90분 코스 정보를 참고해 가격, 코스 구성, 영업시간과 문의 수단을 순서대로 확인할 수 있습니다.","shops/gyeonggi/yangju/남면/프리미엄테라피/index.html || 프리미엄테라피의 양주시 남면 이용 안내입니다. 60,000원부터 확인되는 가격과 60분·90분 코스 정보를 참고해 가격, 코스 구성, 영업시간과 문의 수단을 순서대로 확인할 수 있습니다.","shops/other/cheongju/seowon-gu/분평동/S썸바디테라피/index.html || S썸바디테라피의 서원구 분평동 이용 안내입니다. 50,000원부터 확인되는 가격과 60분·90분 코스 정보를 참고해 가격, 코스 구성, 영업시간과 문의 수단을 순서대로 확인할 수 있습니다."
"DESCRIPTION_TEMPLATE","238","업체상세","4","x 의 코스와 운영 정보를 loc x 기준으로 안내합니다 n n 코스와 n n 부터 확인되는 가격 정보를 포함해 코스 구성과 가격 운영시간 연락 방법을 한곳에서 확인할 수 있습니다","shops/gyeonggi/guri/인창동/프리미엄테라피/index.html || 프리미엄테라피의 코스와 운영 정보를 구리시 인창동 기준으로 안내합니다. 60분·90분 코스와 60,000원부터 확인되는 가격 정보를 포함해 코스 구성과 가격, 운영시간, 연락 방법을 한곳에서 확인할 수 있습니다.","shops/gyeonggi/siheung/정왕동/너무이쁜테라피/index.html || 너무이쁜테라피의 코스와 운영 정보를 시흥시 정왕동 기준으로 안내합니다. 60분·90분 코스와 60,000원부터 확인되는 가격 정보를 포함해 코스 구성과 가격, 운영시간, 연락 방법을 한곳에서 확인할 수 있습니다.","shops/gyeonggi/paju/월롱면/한국미인테라피/index.html || 한국미인테라피의 코스와 운영 정보를 파주시 월롱면 기준으로 안내합니다. 60분·90분 코스와 100,000원부터 확인되는 가격 정보를 포함해 코스 구성과 가격, 운영시간, 연락 방법을 한곳에서 확인할 수 있습니다."
"DESCRIPTION_TEMPLATE","239","업체상세","4","loc x 에서 x 이용 전 확인할 정보를 모았습니다 n n 코스와 n n 부터 가격 코스 구성 영업시간과 문의 수단을 순서대로 확인할 수 있습니다","shops/gyeonggi/gunpo/대야동/love테라피/index.html || 군포시 대야동에서 love테라피 이용 전 확인할 정보를 모았습니다. 60분·90분 코스와 70,000원부터 가격, 코스 구성, 영업시간과 문의 수단을 순서대로 확인할 수 있습니다.","shops/gyeonggi/anseong/공도읍/한국미인테라피/index.html || 안성시 공도읍에서 한국미인테라피 이용 전 확인할 정보를 모았습니다. 60분·90분 코스와 100,000원부터 가격, 코스 구성, 영업시간과 문의 수단을 순서대로 확인할 수 있습니다.","shops/gyeonggi/pyeongtaek/세교동/프리미엄테라피/index.html || 평택시 세교동에서 프리미엄테라피 이용 전 확인할 정보를 모았습니다. 60분·90분 코스와 60,000원부터 가격, 코스 구성, 영업시간과 문의 수단을 순서대로 확인할 수 있습니다."
"DESCRIPTION_TEMPLATE","240","업체상세","4","x 이용 전 살펴볼 loc x 지역 정보를 한곳에 모았습니다 n n 부터 시작하는 가격과 n n 코스 정보를 바탕으로 가격 코스 구성 영업시간과 문의 수단을 순서대로 확인할 수 있습니다","shops/gyeonggi/gunpo/수리동/프리미엄테라피/index.html || 프리미엄테라피 이용 전 살펴볼 군포시 수리동 지역 정보를 한곳에 모았습니다. 60,000원부터 시작하는 가격과 60분·90분 코스 정보를 바탕으로 가격, 코스 구성, 영업시간과 문의 수단을 순서대로 확인할 수 있습니다.","shops/gyeonggi/pocheon/창수면/한국미인테라피/index.html || 한국미인테라피 이용 전 살펴볼 포천시 창수면 지역 정보를 한곳에 모았습니다. 100,000원부터 시작하는 가격과 60분·90분 코스 정보를 바탕으로 가격, 코스 구성, 영업시간과 문의 수단을 순서대로 확인할 수 있습니다.","shops/incheon/gyeyang-gu/계산동/프리미엄테라피/index.html || 프리미엄테라피 이용 전 살펴볼 계양구 계산동 지역 정보를 한곳에 모았습니다. 60,000원부터 시작하는 가격과 60분·90분 코스 정보를 바탕으로 가격, 코스 구성, 영업시간과 문의 수단을 순서대로 확인할 수 있습니다."
"DESCRIPTION_TEMPLATE","241","업체상세","4","loc x 생활권에서 확인할 수 있는 x 정보를 담았습니다 n n 부터 시작하는 가격과 n n 코스 정보를 바탕으로 코스별 이용시간과 가격 운영시간 및 연락 방법을 비교할 수 있습니다","shops/gyeonggi/gimpo/고촌읍/프리미엄테라피/index.html || 김포시 고촌읍 생활권에서 확인할 수 있는 프리미엄테라피 정보를 담았습니다. 60,000원부터 시작하는 가격과 60분·90분 코스 정보를 바탕으로 코스별 이용시간과 가격, 운영시간 및 연락 방법을 비교할 수 있습니다.","shops/gyeonggi/yangpyeong/용문면/한국미인테라피/index.html || 양평군 용문면 생활권에서 확인할 수 있는 한국미인테라피 정보를 담았습니다. 100,000원부터 시작하는 가격과 60분·90분 코스 정보를 바탕으로 코스별 이용시간과 가격, 운영시간 및 연락 방법을 비교할 수 있습니다.","shops/gyeonggi/paju/문산읍/프리미엄테라피/index.html || 파주시 문산읍 생활권에서 확인할 수 있는 프리미엄테라피 정보를 담았습니다. 60,000원부터 시작하는 가격과 60분·90분 코스 정보를 바탕으로 코스별 이용시간과 가격, 운영시간 및 연락 방법을 비교할 수 있습니다."
"DESCRIPTION_TEMPLATE","242","업체상세","4","x 의 loc x 이용 안내입니다 n n 코스 구성과 n n 부터 확인되는 가격대를 확인한 뒤 가격과 코스 구성 영업시간 및 연락 수단을 비교해 이용 전 참고할 수 있습니다","shops/seoul/seongdong-gu/3가동/한국미인테라피/index.html || 한국미인테라피의 성동구 3가동 이용 안내입니다. 60분·90분 코스 구성과 100,000원부터 확인되는 가격대를 확인한 뒤 가격과 코스 구성, 영업시간 및 연락 수단을 비교해 이용 전 참고할 수 있습니다.","shops/gyeonggi/gwangmyeong/철산동/프리미엄테라피/index.html || 프리미엄테라피의 광명시 철산동 이용 안내입니다. 60분·90분 코스 구성과 60,000원부터 확인되는 가격대를 확인한 뒤 가격과 코스 구성, 영업시간 및 연락 수단을 비교해 이용 전 참고할 수 있습니다.","shops/incheon/yeongjong-gu/운서동/love테라피/index.html || love테라피의 영종구 운서동 이용 안내입니다. 60분·90분 코스 구성과 70,000원부터 확인되는 가격대를 확인한 뒤 가격과 코스 구성, 영업시간 및 연락 수단을 비교해 이용 전 참고할 수 있습니다."
"DESCRIPTION_TEMPLATE","243","업체상세","4","loc x 에서 x 이용 전 확인할 정보를 모았습니다 n n 부터 시작하는 가격과 n n 코스 정보를 바탕으로 코스 구성과 가격 운영시간 연락 방법을 한곳에서 확인할 수 있습니다","shops/gyeonggi/gunpo/송부동/한국미인테라피/index.html || 군포시 송부동에서 한국미인테라피 이용 전 확인할 정보를 모았습니다. 100,000원부터 시작하는 가격과 60분·90분 코스 정보를 바탕으로 코스 구성과 가격, 운영시간, 연락 방법을 한곳에서 확인할 수 있습니다.","shops/gyeonggi/namyangju/진접읍/love테라피/index.html || 남양주시 진접읍에서 love테라피 이용 전 확인할 정보를 모았습니다. 70,000원부터 시작하는 가격과 60분·90분 코스 정보를 바탕으로 코스 구성과 가격, 운영시간, 연락 방법을 한곳에서 확인할 수 있습니다.","shops/gyeonggi/icheon/중리동/너무이쁜테라피/index.html || 이천시 중리동에서 너무이쁜테라피 이용 전 확인할 정보를 모았습니다. 60,000원부터 시작하는 가격과 60분·90분 코스 정보를 바탕으로 코스 구성과 가격, 운영시간, 연락 방법을 한곳에서 확인할 수 있습니다."
"DESCRIPTION_TEMPLATE","244","업체상세","4","x 의 loc x 운영 정보와 문의 방법을 정리했습니다 n n 부터 확인되는 가격 정보와 n n 코스 시간을 함께 살펴보고 코스와 가격 영업시간 전화 문자 문의 방법을 함께 확인할 수 있습니다","shops/gyeonggi/gunpo/송부동/프리미엄테라피/index.html || 프리미엄테라피의 군포시 송부동 운영 정보와 문의 방법을 정리했습니다. 60,000원부터 확인되는 가격 정보와 60분·90분 코스 시간을 함께 살펴보고 코스와 가격, 영업시간, 전화·문자 문의 방법을 함께 확인할 수 있습니다.","shops/gyeonggi/hanam/초이동/love테라피/index.html || love테라피의 하남시 초이동 운영 정보와 문의 방법을 정리했습니다. 70,000원부터 확인되는 가격 정보와 60분·90분 코스 시간을 함께 살펴보고 코스와 가격, 영업시간, 전화·문자 문의 방법을 함께 확인할 수 있습니다.","shops/incheon/geomdan-gu/마전동/프리미엄테라피/index.html || 프리미엄테라피의 검단구 마전동 운영 정보와 문의 방법을 정리했습니다. 60,000원부터 확인되는 가격 정보와 60분·90분 코스 시간을 함께 살펴보고 코스와 가격, 영업시간, 전화·문자 문의 방법을 함께 확인할 수 있습니다."
"DESCRIPTION_TEMPLATE","245","업체상세","4","loc x 기준 x 의 코스와 이용 정보를 확인할 수 있습니다 n n 부터 시작하는 가격과 n n 코스 정보를 바탕으로 가격 코스 구성 영업시간과 문의 수단을 순서대로 확인할 수 있습니다","shops/gyeonggi/gwangmyeong/일직동/프리미엄테라피/index.html || 광명시 일직동 기준 프리미엄테라피의 코스와 이용 정보를 확인할 수 있습니다. 60,000원부터 시작하는 가격과 60분·90분 코스 정보를 바탕으로 가격, 코스 구성, 영업시간과 문의 수단을 순서대로 확인할 수 있습니다.","shops/gyeonggi/yangpyeong/서종면/너무이쁜테라피/index.html || 양평군 서종면 기준 너무이쁜테라피의 코스와 이용 정보를 확인할 수 있습니다. 60,000원부터 시작하는 가격과 60분·90분 코스 정보를 바탕으로 가격, 코스 구성, 영업시간과 문의 수단을 순서대로 확인할 수 있습니다.","shops/incheon/jemulpo-gu/화수동/love테라피/index.html || 제물포구 화수동 기준 love테라피의 코스와 이용 정보를 확인할 수 있습니다. 70,000원부터 시작하는 가격과 60분·90분 코스 정보를 바탕으로 가격, 코스 구성, 영업시간과 문의 수단을 순서대로 확인할 수 있습니다."
"DESCRIPTION_TEMPLATE","246","업체상세","4","loc x 생활권에서 확인할 수 있는 x 정보를 담았습니다 n n 부터 확인되는 가격과 n n 코스 정보를 참고해 코스 가격 영업시간과 전화 또는 문자 문의 방법을 확인할 수 있습니다","shops/seoul/songpa-gu/석촌동/love테라피/index.html || 송파구 석촌동 생활권에서 확인할 수 있는 love테라피 정보를 담았습니다. 70,000원부터 확인되는 가격과 60분·90분 코스 정보를 참고해 코스·가격·영업시간과 전화 또는 문자 문의 방법을 확인할 수 있습니다.","shops/seoul/jungnang-gu/면목본동/너무이쁜테라피/index.html || 중랑구 면목본동 생활권에서 확인할 수 있는 너무이쁜테라피 정보를 담았습니다. 60,000원부터 확인되는 가격과 60분·90분 코스 정보를 참고해 코스·가격·영업시간과 전화 또는 문자 문의 방법을 확인할 수 있습니다.","shops/gyeonggi/guri/교문동/너무이쁜테라피/index.html || 구리시 교문동 생활권에서 확인할 수 있는 너무이쁜테라피 정보를 담았습니다. 60,000원부터 확인되는 가격과 60분·90분 코스 정보를 참고해 코스·가격·영업시간과 전화 또는 문자 문의 방법을 확인할 수 있습니다."
"DESCRIPTION_TEMPLATE","247","업체상세","4","loc x 생활권에서 확인할 수 있는 x 정보를 담았습니다 n n 부터 시작하는 가격과 n n 코스 정보를 바탕으로 운영시간과 코스 구성 가격 연락 방법을 한 페이지에서 확인할 수 있습니다","shops/seoul/songpa-gu/석촌동/프리미엄테라피/index.html || 송파구 석촌동 생활권에서 확인할 수 있는 프리미엄테라피 정보를 담았습니다. 60,000원부터 시작하는 가격과 60분·90분 코스 정보를 바탕으로 운영시간과 코스 구성, 가격, 연락 방법을 한 페이지에서 확인할 수 있습니다.","shops/gyeonggi/gwacheon/과천동/너무이쁜테라피/index.html || 과천시 과천동 생활권에서 확인할 수 있는 너무이쁜테라피 정보를 담았습니다. 60,000원부터 시작하는 가격과 60분·90분 코스 정보를 바탕으로 운영시간과 코스 구성, 가격, 연락 방법을 한 페이지에서 확인할 수 있습니다.","shops/gyeonggi/yeoncheon/왕징면/한국미인테라피/index.html || 연천군 왕징면 생활권에서 확인할 수 있는 한국미인테라피 정보를 담았습니다. 100,000원부터 시작하는 가격과 60분·90분 코스 정보를 바탕으로 운영시간과 코스 구성, 가격, 연락 방법을 한 페이지에서 확인할 수 있습니다."
"DESCRIPTION_TEMPLATE","248","업체상세","4","x 이용을 검토할 때 참고할 loc x 상세 정보입니다 n n 코스와 n n 부터 이용 전 필요한 코스 가격 운영시간과 연락 정보를 한 번에 살펴볼 수 있습니다","shops/gyeonggi/siheung/매화동/프리미엄테라피/index.html || 프리미엄테라피 이용을 검토할 때 참고할 시흥시 매화동 상세 정보입니다. 60분·90분 코스와 60,000원부터 이용 전 필요한 코스·가격·운영시간과 연락 정보를 한 번에 살펴볼 수 있습니다.","shops/gyeonggi/osan/신장동/너무이쁜테라피/index.html || 너무이쁜테라피 이용을 검토할 때 참고할 오산시 신장동 상세 정보입니다. 60분·90분 코스와 60,000원부터 이용 전 필요한 코스·가격·운영시간과 연락 정보를 한 번에 살펴볼 수 있습니다.","shops/gyeonggi/pocheon/영북면/너무이쁜테라피/index.html || 너무이쁜테라피 이용을 검토할 때 참고할 포천시 영북면 상세 정보입니다. 60분·90분 코스와 60,000원부터 이용 전 필요한 코스·가격·운영시간과 연락 정보를 한 번에 살펴볼 수 있습니다."
"DESCRIPTION_TEMPLATE","249","업체상세","4","loc x 기준으로 x 운영 정보를 정리했습니다 n n 코스 구성과 n n 부터 확인되는 가격대를 확인한 뒤 가격 코스 구성 영업시간과 문의 수단을 순서대로 확인할 수 있습니다","shops/seoul/mapo-gu/대흥동/한국미인테라피/index.html || 마포구 대흥동 기준으로 한국미인테라피 운영 정보를 정리했습니다. 60분·90분 코스 구성과 100,000원부터 확인되는 가격대를 확인한 뒤 가격, 코스 구성, 영업시간과 문의 수단을 순서대로 확인할 수 있습니다.","shops/seoul/yeongdeungpo-gu/문래동/너무이쁜테라피/index.html || 영등포구 문래동 기준으로 너무이쁜테라피 운영 정보를 정리했습니다. 60분·90분 코스 구성과 60,000원부터 확인되는 가격대를 확인한 뒤 가격, 코스 구성, 영업시간과 문의 수단을 순서대로 확인할 수 있습니다.","shops/gyeonggi/gapyeong/청평면/프리미엄테라피/index.html || 가평군 청평면 기준으로 프리미엄테라피 운영 정보를 정리했습니다. 60분·90분 코스 구성과 60,000원부터 확인되는 가격대를 확인한 뒤 가격, 코스 구성, 영업시간과 문의 수단을 순서대로 확인할 수 있습니다."
"DESCRIPTION_TEMPLATE","250","업체상세","4","loc x 에서 이용 가능한 x 정보를 보기 쉽게 정리했습니다 n n 코스와 n n 부터 이용 전 필요한 코스 가격 운영시간과 연락 정보를 한 번에 살펴볼 수 있습니다","shops/seoul/jungnang-gu/묵동/프리미엄테라피/index.html || 중랑구 묵동에서 이용 가능한 프리미엄테라피 정보를 보기 쉽게 정리했습니다. 60분·90분 코스와 60,000원부터 이용 전 필요한 코스·가격·운영시간과 연락 정보를 한 번에 살펴볼 수 있습니다.","shops/incheon/ganghwa-gun/하점면/love테라피/index.html || 강화군 하점면에서 이용 가능한 love테라피 정보를 보기 쉽게 정리했습니다. 60분·90분 코스와 70,000원부터 이용 전 필요한 코스·가격·운영시간과 연락 정보를 한 번에 살펴볼 수 있습니다.","shops/other/cheongju/cheongwon-gu/오창읍/레드테라피/index.html || 청원구 오창읍에서 이용 가능한 레드테라피 정보를 보기 쉽게 정리했습니다. 60분·90분 코스와 60,000원부터 이용 전 필요한 코스·가격·운영시간과 연락 정보를 한 번에 살펴볼 수 있습니다."
"DESCRIPTION_TEMPLATE","251","업체상세","4","x 의 loc x 이용 안내입니다 n n 부터 확인되는 가격과 n n 코스 정보를 참고해 영업시간과 코스별 가격을 확인하고 전화나 문자로 세부 내용을 문의할 수 있습니다","shops/seoul/seocho-gu/반포본동/마인드좋은테라피/index.html || 마인드좋은테라피의 서초구 반포본동 이용 안내입니다. 60,000원부터 확인되는 가격과 60분·90분 코스 정보를 참고해 영업시간과 코스별 가격을 확인하고 전화나 문자로 세부 내용을 문의할 수 있습니다.","shops/gyeonggi/anseong/공도읍/love테라피/index.html || love테라피의 안성시 공도읍 이용 안내입니다. 70,000원부터 확인되는 가격과 60분·90분 코스 정보를 참고해 영업시간과 코스별 가격을 확인하고 전화나 문자로 세부 내용을 문의할 수 있습니다.","shops/gyeonggi/yeoju/오학동/너무이쁜테라피/index.html || 너무이쁜테라피의 여주시 오학동 이용 안내입니다. 60,000원부터 확인되는 가격과 60분·90분 코스 정보를 참고해 영업시간과 코스별 가격을 확인하고 전화나 문자로 세부 내용을 문의할 수 있습니다."
"DESCRIPTION_TEMPLATE","252","업체상세","4","loc x 지역의 x 이용 정보를 정리했습니다 n n 이용시간과 n n 부터 확인되는 가격 정보를 함께 확인하며 운영시간과 코스 구성 가격 연락 방법을 한 페이지에서 확인할 수 있습니다","shops/seoul/dongjak-gu/사당동/love테라피/index.html || 동작구 사당동 지역의 love테라피 이용 정보를 정리했습니다. 60분·90분 이용시간과 70,000원부터 확인되는 가격 정보를 함께 확인하며 운영시간과 코스 구성, 가격, 연락 방법을 한 페이지에서 확인할 수 있습니다.","shops/seoul/mapo-gu/연남동/너무이쁜테라피/index.html || 마포구 연남동 지역의 너무이쁜테라피 이용 정보를 정리했습니다. 60분·90분 이용시간과 60,000원부터 확인되는 가격 정보를 함께 확인하며 운영시간과 코스 구성, 가격, 연락 방법을 한 페이지에서 확인할 수 있습니다.","shops/gyeonggi/pocheon/가산면/프리미엄테라피/index.html || 포천시 가산면 지역의 프리미엄테라피 이용 정보를 정리했습니다. 60분·90분 이용시간과 60,000원부터 확인되는 가격 정보를 함께 확인하며 운영시간과 코스 구성, 가격, 연락 방법을 한 페이지에서 확인할 수 있습니다."
"DESCRIPTION_TEMPLATE","253","업체상세","4","x 의 loc x 이용 안내입니다 n n 코스 구성과 n n 부터 확인되는 가격대를 확인한 뒤 가격과 이용시간 연락 방법을 확인해 필요한 내용을 loc 비교할 수 있습니다","shops/seoul/dongjak-gu/사당동/너무이쁜테라피/index.html || 너무이쁜테라피의 동작구 사당동 이용 안내입니다. 60분·90분 코스 구성과 60,000원부터 확인되는 가격대를 확인한 뒤 가격과 이용시간, 연락 방법을 확인해 필요한 내용을 미리 비교할 수 있습니다.","shops/gyeonggi/icheon/창전동/한국미인테라피/index.html || 한국미인테라피의 이천시 창전동 이용 안내입니다. 60분·90분 코스 구성과 100,000원부터 확인되는 가격대를 확인한 뒤 가격과 이용시간, 연락 방법을 확인해 필요한 내용을 미리 비교할 수 있습니다.","shops/gyeonggi/pyeongtaek/송탄동/너무이쁜테라피/index.html || 너무이쁜테라피의 평택시 송탄동 이용 안내입니다. 60분·90분 코스 구성과 60,000원부터 확인되는 가격대를 확인한 뒤 가격과 이용시간, 연락 방법을 확인해 필요한 내용을 미리 비교할 수 있습니다."
"DESCRIPTION_TEMPLATE","254","업체상세","4","loc x 기준으로 x 운영 정보를 정리했습니다 n n 이용시간과 n n 부터 확인되는 가격 정보를 함께 확인하며 이용 전 필요한 코스 가격 운영시간과 연락 정보를 한 번에 살펴볼 수 있습니다","shops/seoul/jung-gu/중림동/한국미인테라피/index.html || 중구 중림동 기준으로 한국미인테라피 운영 정보를 정리했습니다. 60분·90분 이용시간과 100,000원부터 확인되는 가격 정보를 함께 확인하며 이용 전 필요한 코스·가격·운영시간과 연락 정보를 한 번에 살펴볼 수 있습니다.","shops/gyeonggi/gunpo/궁내동/한국미인테라피/index.html || 군포시 궁내동 기준으로 한국미인테라피 운영 정보를 정리했습니다. 60분·90분 이용시간과 100,000원부터 확인되는 가격 정보를 함께 확인하며 이용 전 필요한 코스·가격·운영시간과 연락 정보를 한 번에 살펴볼 수 있습니다.","shops/gyeonggi/yeoncheon/청산면/love테라피/index.html || 연천군 청산면 기준으로 love테라피 운영 정보를 정리했습니다. 60분·90분 이용시간과 70,000원부터 확인되는 가격 정보를 함께 확인하며 이용 전 필요한 코스·가격·운영시간과 연락 정보를 한 번에 살펴볼 수 있습니다."
"DESCRIPTION_TEMPLATE","255","업체상세","4","loc x 에서 이용 가능한 x 정보를 보기 쉽게 정리했습니다 n n 시간 구성과 n n 부터 시작하는 가격을 확인하면서 가격과 이용시간 연락 방법을 확인해 필요한 내용을 loc 비교할 수 있습니다","shops/seoul/jung-gu/중림동/프리미엄테라피/index.html || 중구 중림동에서 이용 가능한 프리미엄테라피 정보를 보기 쉽게 정리했습니다. 60분·90분 시간 구성과 60,000원부터 시작하는 가격을 확인하면서 가격과 이용시간, 연락 방법을 확인해 필요한 내용을 미리 비교할 수 있습니다.","shops/gyeonggi/pyeongtaek/비전동/프리미엄테라피/index.html || 평택시 비전동에서 이용 가능한 프리미엄테라피 정보를 보기 쉽게 정리했습니다. 60분·90분 시간 구성과 60,000원부터 시작하는 가격을 확인하면서 가격과 이용시간, 연락 방법을 확인해 필요한 내용을 미리 비교할 수 있습니다.","shops/incheon/ongjin-gun/대청면/너무이쁜테라피/index.html || 옹진군 대청면에서 이용 가능한 너무이쁜테라피 정보를 보기 쉽게 정리했습니다. 60분·90분 시간 구성과 60,000원부터 시작하는 가격을 확인하면서 가격과 이용시간, 연락 방법을 확인해 필요한 내용을 미리 비교할 수 있습니다."
"DESCRIPTION_TEMPLATE","256","업체상세","4","x 관련 loc x 정보를 확인할 수 있습니다 n n 이용시간과 n n 부터 확인되는 가격 정보를 함께 확인하며 운영시간과 코스 구성 가격 연락 방법을 한 페이지에서 확인할 수 있습니다","shops/seoul/dongjak-gu/신대방동/너무이쁜테라피/index.html || 너무이쁜테라피 관련 동작구 신대방동 정보를 확인할 수 있습니다. 60분·90분 이용시간과 60,000원부터 확인되는 가격 정보를 함께 확인하며 운영시간과 코스 구성, 가격, 연락 방법을 한 페이지에서 확인할 수 있습니다.","shops/seoul/seongdong-gu/옥수동/love테라피/index.html || love테라피 관련 성동구 옥수동 정보를 확인할 수 있습니다. 60분·90분 이용시간과 70,000원부터 확인되는 가격 정보를 함께 확인하며 운영시간과 코스 구성, 가격, 연락 방법을 한 페이지에서 확인할 수 있습니다.","shops/seoul/seongbuk-gu/삼선동/프리미엄테라피/index.html || 프리미엄테라피 관련 성북구 삼선동 정보를 확인할 수 있습니다. 60분·90분 이용시간과 60,000원부터 확인되는 가격 정보를 함께 확인하며 운영시간과 코스 구성, 가격, 연락 방법을 한 페이지에서 확인할 수 있습니다."
"DESCRIPTION_TEMPLATE","257","업체상세","4","x 이용을 검토할 때 참고할 loc x 상세 정보입니다 n n 이용시간과 n n 부터 확인되는 가격 정보를 함께 확인하며 가격과 코스 구성 영업시간 및 연락 수단을 비교해 이용 전 참고할 수 있습니다","shops/seoul/dongjak-gu/상도동/프리미엄테라피/index.html || 프리미엄테라피 이용을 검토할 때 참고할 동작구 상도동 상세 정보입니다. 60분·90분 이용시간과 60,000원부터 확인되는 가격 정보를 함께 확인하며 가격과 코스 구성, 영업시간 및 연락 수단을 비교해 이용 전 참고할 수 있습니다.","shops/seoul/seodaemun-gu/신촌동/한국미인테라피/index.html || 한국미인테라피 이용을 검토할 때 참고할 서대문구 신촌동 상세 정보입니다. 60분·90분 이용시간과 100,000원부터 확인되는 가격 정보를 함께 확인하며 가격과 코스 구성, 영업시간 및 연락 수단을 비교해 이용 전 참고할 수 있습니다.","shops/gyeonggi/gimpo/사우동/프리미엄테라피/index.html || 프리미엄테라피 이용을 검토할 때 참고할 김포시 사우동 상세 정보입니다. 60분·90분 이용시간과 60,000원부터 확인되는 가격 정보를 함께 확인하며 가격과 코스 구성, 영업시간 및 연락 수단을 비교해 이용 전 참고할 수 있습니다."
"DESCRIPTION_TEMPLATE","258","업체상세","4","loc x 기준 x 의 코스와 이용 정보를 확인할 수 있습니다 n n 코스와 n n 부터 영업시간과 코스별 가격을 확인하고 전화나 문자로 세부 내용을 문의할 수 있습니다","shops/seoul/mapo-gu/염리동/너무이쁜테라피/index.html || 마포구 염리동 기준 너무이쁜테라피의 코스와 이용 정보를 확인할 수 있습니다. 60분·90분 코스와 60,000원부터 영업시간과 코스별 가격을 확인하고 전화나 문자로 세부 내용을 문의할 수 있습니다.","shops/seoul/songpa-gu/삼전동/너무이쁜테라피/index.html || 송파구 삼전동 기준 너무이쁜테라피의 코스와 이용 정보를 확인할 수 있습니다. 60분·90분 코스와 60,000원부터 영업시간과 코스별 가격을 확인하고 전화나 문자로 세부 내용을 문의할 수 있습니다.","shops/gyeonggi/pocheon/군내면/love테라피/index.html || 포천시 군내면 기준 love테라피의 코스와 이용 정보를 확인할 수 있습니다. 60분·90분 코스와 70,000원부터 영업시간과 코스별 가격을 확인하고 전화나 문자로 세부 내용을 문의할 수 있습니다."
"DESCRIPTION_TEMPLATE","259","업체상세","4","x 관련 loc x 정보를 확인할 수 있습니다 n n 이용시간과 n n 부터 확인되는 가격 정보를 함께 확인하며 코스 가격 영업시간과 전화 또는 문자 문의 방법을 확인할 수 있습니다","shops/seoul/seongbuk-gu/석관동/love테라피/index.html || love테라피 관련 성북구 석관동 정보를 확인할 수 있습니다. 60분·90분 이용시간과 70,000원부터 확인되는 가격 정보를 함께 확인하며 코스·가격·영업시간과 전화 또는 문자 문의 방법을 확인할 수 있습니다.","shops/gyeonggi/gwangju-gyeonggi/초월읍/프리미엄테라피/index.html || 프리미엄테라피 관련 광주시 초월읍 정보를 확인할 수 있습니다. 60분·90분 이용시간과 60,000원부터 확인되는 가격 정보를 함께 확인하며 코스·가격·영업시간과 전화 또는 문자 문의 방법을 확인할 수 있습니다.","shops/gyeonggi/uijeongbu/의정부동/너무이쁜테라피/index.html || 너무이쁜테라피 관련 의정부시 의정부동 정보를 확인할 수 있습니다. 60분·90분 이용시간과 60,000원부터 확인되는 가격 정보를 함께 확인하며 코스·가격·영업시간과 전화 또는 문자 문의 방법을 확인할 수 있습니다."
"DESCRIPTION_TEMPLATE","260","업체상세","4","loc x 기준 x 의 코스와 이용 정보를 확인할 수 있습니다 n n 시간 구성과 n n 부터 시작하는 가격을 확인하면서 코스별 이용시간과 가격 운영시간 및 연락 방법을 비교할 수 있습니다","shops/gyeonggi/dongducheon/불현동/한국미인테라피/index.html || 동두천시 불현동 기준 한국미인테라피의 코스와 이용 정보를 확인할 수 있습니다. 60분·90분 시간 구성과 100,000원부터 시작하는 가격을 확인하면서 코스별 이용시간과 가격, 운영시간 및 연락 방법을 비교할 수 있습니다.","shops/gyeonggi/yeoju/흥천면/너무이쁜테라피/index.html || 여주시 흥천면 기준 너무이쁜테라피의 코스와 이용 정보를 확인할 수 있습니다. 60분·90분 시간 구성과 60,000원부터 시작하는 가격을 확인하면서 코스별 이용시간과 가격, 운영시간 및 연락 방법을 비교할 수 있습니다.","shops/incheon/geomdan-gu/검단동/프리미엄테라피/index.html || 검단구 검단동 기준 프리미엄테라피의 코스와 이용 정보를 확인할 수 있습니다. 60분·90분 시간 구성과 60,000원부터 시작하는 가격을 확인하면서 코스별 이용시간과 가격, 운영시간 및 연락 방법을 비교할 수 있습니다."
"DESCRIPTION_TEMPLATE","261","업체상세","4","x 의 loc loc x 운영 정보와 문의 방법을 정리했습니다 n n 코스 구성과 n n 부터 확인되는 가격대를 확인한 뒤 코스별 시간과 가격 운영시간 전화 문자 문의 내용을 살펴볼 수 있습니다","shops/gyeonggi/goyang/deogyang-gu/능곡동/너무이쁜테라피/index.html || 너무이쁜테라피의 고양시-덕양구 능곡동 운영 정보와 문의 방법을 정리했습니다. 60분·90분 코스 구성과 60,000원부터 확인되는 가격대를 확인한 뒤 코스별 시간과 가격, 운영시간, 전화·문자 문의 내용을 살펴볼 수 있습니다.","shops/gyeonggi/yongin/giheung-gu/보라동/한국미인테라피/index.html || 한국미인테라피의 용인시-기흥구 보라동 운영 정보와 문의 방법을 정리했습니다. 60분·90분 코스 구성과 100,000원부터 확인되는 가격대를 확인한 뒤 코스별 시간과 가격, 운영시간, 전화·문자 문의 내용을 살펴볼 수 있습니다.","shops/gyeonggi/yongin/giheung-gu/신갈동/love테라피/index.html || love테라피의 용인시-기흥구 신갈동 운영 정보와 문의 방법을 정리했습니다. 60분·90분 코스 구성과 70,000원부터 확인되는 가격대를 확인한 뒤 코스별 시간과 가격, 운영시간, 전화·문자 문의 내용을 살펴볼 수 있습니다."
"DESCRIPTION_TEMPLATE","262","업체상세","4","x 이용 전 살펴볼 loc x 지역 정보를 한곳에 모았습니다 n n 코스 구성과 n n 부터 확인되는 가격대를 확인한 뒤 코스 구성과 가격 운영시간 연락 방법을 한곳에서 확인할 수 있습니다","shops/seoul/seongbuk-gu/삼선동/너무이쁜테라피/index.html || 너무이쁜테라피 이용 전 살펴볼 성북구 삼선동 지역 정보를 한곳에 모았습니다. 60분·90분 코스 구성과 60,000원부터 확인되는 가격대를 확인한 뒤 코스 구성과 가격, 운영시간, 연락 방법을 한곳에서 확인할 수 있습니다.","shops/seoul/yongsan-gu/이촌동/프리미엄테라피/index.html || 프리미엄테라피 이용 전 살펴볼 용산구 이촌동 지역 정보를 한곳에 모았습니다. 60분·90분 코스 구성과 60,000원부터 확인되는 가격대를 확인한 뒤 코스 구성과 가격, 운영시간, 연락 방법을 한곳에서 확인할 수 있습니다.","shops/gyeonggi/gimpo/통진읍/프리미엄테라피/index.html || 프리미엄테라피 이용 전 살펴볼 김포시 통진읍 지역 정보를 한곳에 모았습니다. 60분·90분 코스 구성과 60,000원부터 확인되는 가격대를 확인한 뒤 코스 구성과 가격, 운영시간, 연락 방법을 한곳에서 확인할 수 있습니다."
"DESCRIPTION_TEMPLATE","263","업체상세","4","loc x 에서 이용 가능한 x 정보를 보기 쉽게 정리했습니다 n n 이용시간과 n n 부터 확인되는 가격 정보를 함께 확인하며 가격 코스 구성 영업시간과 문의 수단을 순서대로 확인할 수 있습니다","shops/gyeonggi/namyangju/평내동/프리미엄테라피/index.html || 남양주시 평내동에서 이용 가능한 프리미엄테라피 정보를 보기 쉽게 정리했습니다. 60분·90분 이용시간과 60,000원부터 확인되는 가격 정보를 함께 확인하며 가격, 코스 구성, 영업시간과 문의 수단을 순서대로 확인할 수 있습니다.","shops/gyeonggi/yangpyeong/지평면/프리미엄테라피/index.html || 양평군 지평면에서 이용 가능한 프리미엄테라피 정보를 보기 쉽게 정리했습니다. 60분·90분 이용시간과 60,000원부터 확인되는 가격 정보를 함께 확인하며 가격, 코스 구성, 영업시간과 문의 수단을 순서대로 확인할 수 있습니다.","shops/gyeonggi/pyeongtaek/원평동/너무이쁜테라피/index.html || 평택시 원평동에서 이용 가능한 너무이쁜테라피 정보를 보기 쉽게 정리했습니다. 60분·90분 이용시간과 60,000원부터 확인되는 가격 정보를 함께 확인하며 가격, 코스 구성, 영업시간과 문의 수단을 순서대로 확인할 수 있습니다."
"DESCRIPTION_TEMPLATE","264","업체상세","4","x 의 코스와 운영 정보를 loc x 기준으로 안내합니다 n n 코스와 n n 부터 코스 가격 영업시간과 전화 또는 문자 문의 방법을 확인할 수 있습니다","shops/seoul/mapo-gu/성산동/love테라피/index.html || love테라피의 코스와 운영 정보를 마포구 성산동 기준으로 안내합니다. 60분·90분 코스와 70,000원부터 코스·가격·영업시간과 전화 또는 문자 문의 방법을 확인할 수 있습니다.","shops/seoul/eunpyeong-gu/응암동/프리미엄테라피/index.html || 프리미엄테라피의 코스와 운영 정보를 은평구 응암동 기준으로 안내합니다. 60분·90분 코스와 60,000원부터 코스·가격·영업시간과 전화 또는 문자 문의 방법을 확인할 수 있습니다.","shops/seoul/jung-gu/약수동/love테라피/index.html || love테라피의 코스와 운영 정보를 중구 약수동 기준으로 안내합니다. 60분·90분 코스와 70,000원부터 코스·가격·영업시간과 전화 또는 문자 문의 방법을 확인할 수 있습니다."
"DESCRIPTION_TEMPLATE","265","업체상세","4","loc x 지역의 x 이용 정보를 정리했습니다 n n 부터 시작하는 가격과 n n 코스 정보를 바탕으로 코스 가격 영업시간과 전화 또는 문자 문의 방법을 확인할 수 있습니다","shops/seoul/songpa-gu/가락동/한국미인테라피/index.html || 송파구 가락동 지역의 한국미인테라피 이용 정보를 정리했습니다. 100,000원부터 시작하는 가격과 60분·90분 코스 정보를 바탕으로 코스·가격·영업시간과 전화 또는 문자 문의 방법을 확인할 수 있습니다.","shops/seoul/jongno-gu/6가동/프리미엄테라피/index.html || 종로구 6가동 지역의 프리미엄테라피 이용 정보를 정리했습니다. 60,000원부터 시작하는 가격과 60분·90분 코스 정보를 바탕으로 코스·가격·영업시간과 전화 또는 문자 문의 방법을 확인할 수 있습니다.","shops/incheon/yeonsu-gu/옥련동/프리미엄테라피/index.html || 연수구 옥련동 지역의 프리미엄테라피 이용 정보를 정리했습니다. 60,000원부터 시작하는 가격과 60분·90분 코스 정보를 바탕으로 코스·가격·영업시간과 전화 또는 문자 문의 방법을 확인할 수 있습니다."
"DESCRIPTION_TEMPLATE","266","업체상세","4","x 관련 loc loc x 정보를 확인할 수 있습니다 n n 부터 확인되는 가격과 n n 코스 정보를 참고해 가격과 이용시간 연락 방법을 확인해 필요한 내용을 loc 비교할 수 있습니다","shops/gyeonggi/bucheon/wonmi-gu/심곡동/너무이쁜테라피/index.html || 너무이쁜테라피 관련 부천시-원미구 심곡동 정보를 확인할 수 있습니다. 60,000원부터 확인되는 가격과 60분·90분 코스 정보를 참고해 가격과 이용시간, 연락 방법을 확인해 필요한 내용을 미리 비교할 수 있습니다.","shops/gyeonggi/seongnam/jungwon-gu/상대원동/love테라피/index.html || love테라피 관련 성남시-중원구 상대원동 정보를 확인할 수 있습니다. 70,000원부터 확인되는 가격과 60분·90분 코스 정보를 참고해 가격과 이용시간, 연락 방법을 확인해 필요한 내용을 미리 비교할 수 있습니다.","shops/gyeonggi/suwon/paldal-gu/인계동/프리미엄테라피/index.html || 프리미엄테라피 관련 수원시-팔달구 인계동 정보를 확인할 수 있습니다. 60,000원부터 확인되는 가격과 60분·90분 코스 정보를 참고해 가격과 이용시간, 연락 방법을 확인해 필요한 내용을 미리 비교할 수 있습니다."
"DESCRIPTION_TEMPLATE","267","업체상세","4","loc x 기준 x 의 코스와 이용 정보를 확인할 수 있습니다 n n 코스와 n n 부터 코스별 시간과 가격 운영시간 전화 문자 문의 내용을 살펴볼 수 있습니다","shops/seoul/seongbuk-gu/석관동/프리미엄테라피/index.html || 성북구 석관동 기준 프리미엄테라피의 코스와 이용 정보를 확인할 수 있습니다. 60분·90분 코스와 60,000원부터 코스별 시간과 가격, 운영시간, 전화·문자 문의 내용을 살펴볼 수 있습니다.","shops/gyeonggi/gunpo/산본동/프리미엄테라피/index.html || 군포시 산본동 기준 프리미엄테라피의 코스와 이용 정보를 확인할 수 있습니다. 60분·90분 코스와 60,000원부터 코스별 시간과 가격, 운영시간, 전화·문자 문의 내용을 살펴볼 수 있습니다.","shops/gyeonggi/uijeongbu/녹양동/프리미엄테라피/index.html || 의정부시 녹양동 기준 프리미엄테라피의 코스와 이용 정보를 확인할 수 있습니다. 60분·90분 코스와 60,000원부터 코스별 시간과 가격, 운영시간, 전화·문자 문의 내용을 살펴볼 수 있습니다."
"DESCRIPTION_TEMPLATE","268","업체상세","4","x 의 loc x 운영 정보와 문의 방법을 정리했습니다 n n 시간 구성과 n n 부터 시작하는 가격을 확인하면서 영업시간과 코스별 가격을 확인하고 전화나 문자로 세부 내용을 문의할 수 있습니다","shops/seoul/seongbuk-gu/성북동/love테라피/index.html || love테라피의 성북구 성북동 운영 정보와 문의 방법을 정리했습니다. 60분·90분 시간 구성과 70,000원부터 시작하는 가격을 확인하면서 영업시간과 코스별 가격을 확인하고 전화나 문자로 세부 내용을 문의할 수 있습니다.","shops/seoul/jung-gu/광희동/프리미엄테라피/index.html || 프리미엄테라피의 중구 광희동 운영 정보와 문의 방법을 정리했습니다. 60분·90분 시간 구성과 60,000원부터 시작하는 가격을 확인하면서 영업시간과 코스별 가격을 확인하고 전화나 문자로 세부 내용을 문의할 수 있습니다.","shops/gyeonggi/yeoju/중앙동/love테라피/index.html || love테라피의 여주시 중앙동 운영 정보와 문의 방법을 정리했습니다. 60분·90분 시간 구성과 70,000원부터 시작하는 가격을 확인하면서 영업시간과 코스별 가격을 확인하고 전화나 문자로 세부 내용을 문의할 수 있습니다."
"DESCRIPTION_TEMPLATE","269","업체상세","4","x 관련 loc x 정보를 확인할 수 있습니다 n n 코스와 n n 부터 확인되는 가격 정보를 포함해 운영시간과 코스 구성 가격 연락 방법을 한 페이지에서 확인할 수 있습니다","shops/seoul/mapo-gu/신수동/한국미인테라피/index.html || 한국미인테라피 관련 마포구 신수동 정보를 확인할 수 있습니다. 60분·90분 코스와 100,000원부터 확인되는 가격 정보를 포함해 운영시간과 코스 구성, 가격, 연락 방법을 한 페이지에서 확인할 수 있습니다.","shops/seoul/jongno-gu/4가동/너무이쁜테라피/index.html || 너무이쁜테라피 관련 종로구 4가동 정보를 확인할 수 있습니다. 60분·90분 코스와 60,000원부터 확인되는 가격 정보를 포함해 운영시간과 코스 구성, 가격, 연락 방법을 한 페이지에서 확인할 수 있습니다.","shops/incheon/ganghwa-gun/삼산면/love테라피/index.html || love테라피 관련 강화군 삼산면 정보를 확인할 수 있습니다. 60분·90분 코스와 70,000원부터 확인되는 가격 정보를 포함해 운영시간과 코스 구성, 가격, 연락 방법을 한 페이지에서 확인할 수 있습니다."
"DESCRIPTION_TEMPLATE","270","업체상세","4","loc x 에서 x 이용 전 확인할 정보를 모았습니다 n n 부터 확인되는 가격 정보와 n n 코스 시간을 함께 살펴보고 코스 구성과 가격 운영시간 연락 방법을 한곳에서 확인할 수 있습니다","shops/seoul/gangnam-gu/청담동/한국미인테라피/index.html || 강남구 청담동에서 한국미인테라피 이용 전 확인할 정보를 모았습니다. 100,000원부터 확인되는 가격 정보와 60분·90분 코스 시간을 함께 살펴보고 코스 구성과 가격, 운영시간, 연락 방법을 한곳에서 확인할 수 있습니다.","shops/seoul/seodaemun-gu/연희동/너무이쁜테라피/index.html || 서대문구 연희동에서 너무이쁜테라피 이용 전 확인할 정보를 모았습니다. 60,000원부터 확인되는 가격 정보와 60분·90분 코스 시간을 함께 살펴보고 코스 구성과 가격, 운영시간, 연락 방법을 한곳에서 확인할 수 있습니다.","shops/incheon/geomdan-gu/마전동/너무이쁜테라피/index.html || 검단구 마전동에서 너무이쁜테라피 이용 전 확인할 정보를 모았습니다. 60,000원부터 확인되는 가격 정보와 60분·90분 코스 시간을 함께 살펴보고 코스 구성과 가격, 운영시간, 연락 방법을 한곳에서 확인할 수 있습니다."
"DESCRIPTION_TEMPLATE","271","업체상세","4","x 의 loc x 운영 정보와 문의 방법을 정리했습니다 n n 시간 구성과 n n 부터 시작하는 가격을 확인하면서 코스별 시간과 가격 운영시간 전화 문자 문의 내용을 살펴볼 수 있습니다","shops/seoul/gangbuk-gu/번동/너무이쁜테라피/index.html || 너무이쁜테라피의 강북구 번동 운영 정보와 문의 방법을 정리했습니다. 60분·90분 시간 구성과 60,000원부터 시작하는 가격을 확인하면서 코스별 시간과 가격, 운영시간, 전화·문자 문의 내용을 살펴볼 수 있습니다.","shops/seoul/gangbuk-gu/송중동/love테라피/index.html || love테라피의 강북구 송중동 운영 정보와 문의 방법을 정리했습니다. 60분·90분 시간 구성과 70,000원부터 시작하는 가격을 확인하면서 코스별 시간과 가격, 운영시간, 전화·문자 문의 내용을 살펴볼 수 있습니다.","shops/gyeonggi/gimpo/통진읍/너무이쁜테라피/index.html || 너무이쁜테라피의 김포시 통진읍 운영 정보와 문의 방법을 정리했습니다. 60분·90분 시간 구성과 60,000원부터 시작하는 가격을 확인하면서 코스별 시간과 가격, 운영시간, 전화·문자 문의 내용을 살펴볼 수 있습니다."
"DESCRIPTION_TEMPLATE","272","업체상세","4","x 관련 loc x 정보를 확인할 수 있습니다 n n 이용시간과 n n 부터 확인되는 가격 정보를 함께 확인하며 가격과 이용시간 연락 방법을 확인해 필요한 내용을 loc 비교할 수 있습니다","shops/seoul/gwanak-gu/중앙동/프리미엄테라피/index.html || 프리미엄테라피 관련 관악구 중앙동 정보를 확인할 수 있습니다. 60분·90분 이용시간과 60,000원부터 확인되는 가격 정보를 함께 확인하며 가격과 이용시간, 연락 방법을 확인해 필요한 내용을 미리 비교할 수 있습니다.","shops/gyeonggi/pyeongtaek/중앙동/love테라피/index.html || love테라피 관련 평택시 중앙동 정보를 확인할 수 있습니다. 60분·90분 이용시간과 70,000원부터 확인되는 가격 정보를 함께 확인하며 가격과 이용시간, 연락 방법을 확인해 필요한 내용을 미리 비교할 수 있습니다.","shops/gyeonggi/pyeongtaek/청북읍/프리미엄테라피/index.html || 프리미엄테라피 관련 평택시 청북읍 정보를 확인할 수 있습니다. 60분·90분 이용시간과 60,000원부터 확인되는 가격 정보를 함께 확인하며 가격과 이용시간, 연락 방법을 확인해 필요한 내용을 미리 비교할 수 있습니다."
"DESCRIPTION_TEMPLATE","273","지역SEO","4","loc 위치를 기준으로 loc loc loc 등 주변 지역과의 연결 관계를 확인할 수 있습니다 인접 생활권과 주변 위치를 확인해 loc 동선을 검토할 때 활용할 수 있습니다","massage/수리동-출장마사지-군포시-생활권-이동동선-지역정보-이용전-안내/index.html || 수리동 위치를 기준으로 산본동·송부동·오금동 등 주변 지역과의 연결 관계를 확인할 수 있습니다. 인접 생활권과 주변 위치를 확인해 이동 동선을 검토할 때 활용할 수 있습니다.","massage/구지면-출장마사지-대구-달성군-생활권-지역정보-이용안내/index.html || 구지면 위치를 기준으로 가창면·논공읍·다사읍 등 주변 지역과의 연결 관계를 확인할 수 있습니다. 인접 생활권과 주변 위치를 확인해 이동 동선을 검토할 때 활용할 수 있습니다.","massage/송북동-출장마사지-평택시-생활권-이동동선-지역정보-이용전-안내/index.html || 송북동 위치를 기준으로 서정동·세교동·송탄동 등 주변 지역과의 연결 관계를 확인할 수 있습니다. 인접 생활권과 주변 위치를 확인해 이동 동선을 검토할 때 활용할 수 있습니다."
"DESCRIPTION_TEMPLATE","274","업체상세","4","x 이용을 검토할 때 참고할 loc x 상세 정보입니다 n n 부터 시작하는 가격과 n n 코스 정보를 바탕으로 운영시간과 코스 구성 가격 연락 방법을 한 페이지에서 확인할 수 있습니다","shops/seoul/gwanak-gu/중앙동/마인드좋은테라피/index.html || 마인드좋은테라피 이용을 검토할 때 참고할 관악구 중앙동 상세 정보입니다. 60,000원부터 시작하는 가격과 60분·90분 코스 정보를 바탕으로 운영시간과 코스 구성, 가격, 연락 방법을 한 페이지에서 확인할 수 있습니다.","shops/seoul/mapo-gu/용강동/한국미인테라피/index.html || 한국미인테라피 이용을 검토할 때 참고할 마포구 용강동 상세 정보입니다. 100,000원부터 시작하는 가격과 60분·90분 코스 정보를 바탕으로 운영시간과 코스 구성, 가격, 연락 방법을 한 페이지에서 확인할 수 있습니다.","shops/gyeonggi/gwangju-gyeonggi/신현동/love테라피/index.html || love테라피 이용을 검토할 때 참고할 광주시 신현동 상세 정보입니다. 70,000원부터 시작하는 가격과 60분·90분 코스 정보를 바탕으로 운영시간과 코스 구성, 가격, 연락 방법을 한 페이지에서 확인할 수 있습니다."
"DESCRIPTION_TEMPLATE","275","지역SEO","4","loc 주변의 loc loc loc 등 연결 지역을 중심으로 위치 정보를 구성했습니다 인접 지역의 위치 관계와 생활권 범위를 비교할 때 참고할 수 있습니다","massage/송정동-출장마사지-성동구-생활권-이동동선-지역정보-이용전-안내/index.html || 송정동 주변의 성수2가제1동·성수2가제3동·옥수동 등 연결 지역을 중심으로 위치 정보를 구성했습니다. 인접 지역의 위치 관계와 생활권 범위를 비교할 때 참고할 수 있습니다.","massage/보광동-출장마사지-용산구-생활권-이동동선-지역정보-이용전-안내/index.html || 보광동 주변의 남영동·서빙고동·용문동 등 연결 지역을 중심으로 위치 정보를 구성했습니다. 인접 지역의 위치 관계와 생활권 범위를 비교할 때 참고할 수 있습니다.","massage/용산동-출장마사지-대구-달서구-생활권-이동동선-지역정보-이용전-안내/index.html || 용산동 주변의 송현동·신당동·월성동 등 연결 지역을 중심으로 위치 정보를 구성했습니다. 인접 지역의 위치 관계와 생활권 범위를 비교할 때 참고할 수 있습니다."
"DESCRIPTION_TEMPLATE","276","지역SEO","4","loc 생활권과 loc loc loc 등 가까운 지역의 관계를 정리했습니다 인접 생활권과 loc 방향을 비교하고 지역 범위를 확인하는 데 참고할 수 있습니다","massage/장기본동-출장마사지-김포시-생활권-이동동선-지역정보-이용전-안내/index.html || 장기본동 생활권과 운양동·장기동·풍무동 등 가까운 지역의 관계를 정리했습니다. 인접 생활권과 이동 방향을 비교하고 지역 범위를 확인하는 데 참고할 수 있습니다.","massage/오륜동-출장마사지-송파구-생활권-이동동선-지역정보-이용전-안내/index.html || 오륜동 생활권과 송파동·오금동·위례동 등 가까운 지역의 관계를 정리했습니다. 인접 생활권과 이동 방향을 비교하고 지역 범위를 확인하는 데 참고할 수 있습니다.","massage/덕암동-출장마사지-대전-대덕구-생활권-이동동선-지역정보-이용전-안내/index.html || 덕암동 생활권과 대화동·목상동·법동 등 가까운 지역의 관계를 정리했습니다. 인접 생활권과 이동 방향을 비교하고 지역 범위를 확인하는 데 참고할 수 있습니다."
"DESCRIPTION_TEMPLATE","277","지역SEO","4","loc 주변 지역을 확인할 때 loc loc loc 등 가까운 생활권을 비교할 수 있습니다 주변 위치와 loc 동선을 한눈에 비교할 수 있도록 필요한 정보만 담았습니다","massage/은천동-출장마사지-관악구-생활권-이동동선-지역정보-이용전-안내/index.html || 은천동 주변 지역을 확인할 때 신사동·신원동·인헌동 등 가까운 생활권을 비교할 수 있습니다. 주변 위치와 이동 동선을 한눈에 비교할 수 있도록 필요한 정보만 담았습니다.","massage/괴정동-출장마사지-대전-서구-생활권-이동동선-지역정보-이용전-안내/index.html || 괴정동 주변 지역을 확인할 때 갈마동·관저동·기성동 등 가까운 생활권을 비교할 수 있습니다. 주변 위치와 이동 동선을 한눈에 비교할 수 있도록 필요한 정보만 담았습니다.","massage/보정동-출장마사지-용인시-기흥구-생활권-이동동선-지역정보-이용전-안내/index.html || 보정동 주변 지역을 확인할 때 마북동·보라동·상갈동 등 가까운 생활권을 비교할 수 있습니다. 주변 위치와 이동 동선을 한눈에 비교할 수 있도록 필요한 정보만 담았습니다."
"DESCRIPTION_TEMPLATE","278","업체상세","4","loc x 에서 이용 가능한 x 정보를 보기 쉽게 정리했습니다 n n 부터 확인되는 가격 정보와 n n 코스 시간을 함께 살펴보고 이용 가능한 코스와 가격 영업시간 전화 문자 문의 정보를 확인할 수 있습니다","shops/seoul/gangdong-gu/명일동/한국미인테라피/index.html || 강동구 명일동에서 이용 가능한 한국미인테라피 정보를 보기 쉽게 정리했습니다. 100,000원부터 확인되는 가격 정보와 60분·90분 코스 시간을 함께 살펴보고 이용 가능한 코스와 가격, 영업시간, 전화·문자 문의 정보를 확인할 수 있습니다.","shops/gyeonggi/pyeongtaek/송북동/한국미인테라피/index.html || 평택시 송북동에서 이용 가능한 한국미인테라피 정보를 보기 쉽게 정리했습니다. 100,000원부터 확인되는 가격 정보와 60분·90분 코스 시간을 함께 살펴보고 이용 가능한 코스와 가격, 영업시간, 전화·문자 문의 정보를 확인할 수 있습니다.","shops/incheon/gyeyang-gu/작전동/마인드좋은테라피/index.html || 계양구 작전동에서 이용 가능한 마인드좋은테라피 정보를 보기 쉽게 정리했습니다. 60,000원부터 확인되는 가격 정보와 60분·90분 코스 시간을 함께 살펴보고 이용 가능한 코스와 가격, 영업시간, 전화·문자 문의 정보를 확인할 수 있습니다."
"DESCRIPTION_TEMPLATE","279","업체상세","4","x 이용 전 살펴볼 loc x 지역 정보를 한곳에 모았습니다 n n 이용시간과 n n 부터 확인되는 가격 정보를 함께 확인하며 코스 구성과 가격 운영시간 연락 방법을 한곳에서 확인할 수 있습니다","shops/seoul/gangdong-gu/강일동/마인드좋은테라피/index.html || 마인드좋은테라피 이용 전 살펴볼 강동구 강일동 지역 정보를 한곳에 모았습니다. 60분·90분 이용시간과 60,000원부터 확인되는 가격 정보를 함께 확인하며 코스 구성과 가격, 운영시간, 연락 방법을 한곳에서 확인할 수 있습니다.","shops/gyeonggi/pyeongtaek/고덕동/한국미인테라피/index.html || 한국미인테라피 이용 전 살펴볼 평택시 고덕동 지역 정보를 한곳에 모았습니다. 60분·90분 이용시간과 100,000원부터 확인되는 가격 정보를 함께 확인하며 코스 구성과 가격, 운영시간, 연락 방법을 한곳에서 확인할 수 있습니다.","shops/incheon/ganghwa-gun/송해면/프리미엄테라피/index.html || 프리미엄테라피 이용 전 살펴볼 강화군 송해면 지역 정보를 한곳에 모았습니다. 60분·90분 이용시간과 60,000원부터 확인되는 가격 정보를 함께 확인하며 코스 구성과 가격, 운영시간, 연락 방법을 한곳에서 확인할 수 있습니다."
"DESCRIPTION_TEMPLATE","280","업체상세","4","x 관련 loc x 정보를 확인할 수 있습니다 n n 코스와 n n 부터 이용 가능한 코스와 가격 영업시간 전화 문자 문의 정보를 확인할 수 있습니다","shops/seoul/gangdong-gu/고덕동/한국미인테라피/index.html || 한국미인테라피 관련 강동구 고덕동 정보를 확인할 수 있습니다. 60분·90분 코스와 100,000원부터 이용 가능한 코스와 가격, 영업시간, 전화·문자 문의 정보를 확인할 수 있습니다.","shops/seoul/seongdong-gu/왕십리도선동/너무이쁜테라피/index.html || 너무이쁜테라피 관련 성동구 왕십리도선동 정보를 확인할 수 있습니다. 60분·90분 코스와 60,000원부터 이용 가능한 코스와 가격, 영업시간, 전화·문자 문의 정보를 확인할 수 있습니다.","shops/incheon/seohae-gu/가정동/한국미인테라피/index.html || 한국미인테라피 관련 서해구 가정동 정보를 확인할 수 있습니다. 60분·90분 코스와 100,000원부터 이용 가능한 코스와 가격, 영업시간, 전화·문자 문의 정보를 확인할 수 있습니다."
"DESCRIPTION_TEMPLATE","281","업체상세","4","loc x 에서 x 이용 전 확인할 정보를 모았습니다 n n 코스 구성과 n n 부터 확인되는 가격대를 확인한 뒤 코스별 이용시간과 가격 운영시간 및 연락 방법을 비교할 수 있습니다","shops/seoul/gwanak-gu/중앙동/한국미인테라피/index.html || 관악구 중앙동에서 한국미인테라피 이용 전 확인할 정보를 모았습니다. 60분·90분 코스 구성과 100,000원부터 확인되는 가격대를 확인한 뒤 코스별 이용시간과 가격, 운영시간 및 연락 방법을 비교할 수 있습니다.","shops/seoul/seongdong-gu/왕십리도선동/한국미인테라피/index.html || 성동구 왕십리도선동에서 한국미인테라피 이용 전 확인할 정보를 모았습니다. 60분·90분 코스 구성과 100,000원부터 확인되는 가격대를 확인한 뒤 코스별 이용시간과 가격, 운영시간 및 연락 방법을 비교할 수 있습니다.","shops/incheon/yeonsu-gu/동춘동/프리미엄테라피/index.html || 연수구 동춘동에서 프리미엄테라피 이용 전 확인할 정보를 모았습니다. 60분·90분 코스 구성과 60,000원부터 확인되는 가격대를 확인한 뒤 코스별 이용시간과 가격, 운영시간 및 연락 방법을 비교할 수 있습니다."
"DESCRIPTION_TEMPLATE","282","업체상세","4","x 의 코스와 운영 정보를 loc x 기준으로 안내합니다 n n 시간 구성과 n n 부터 시작하는 가격을 확인하면서 영업시간과 코스별 가격을 확인하고 전화나 문자로 세부 내용을 문의할 수 있습니다","shops/seoul/gwanak-gu/청림동/프리미엄테라피/index.html || 프리미엄테라피의 코스와 운영 정보를 관악구 청림동 기준으로 안내합니다. 60분·90분 시간 구성과 60,000원부터 시작하는 가격을 확인하면서 영업시간과 코스별 가격을 확인하고 전화나 문자로 세부 내용을 문의할 수 있습니다.","shops/gyeonggi/gwangmyeong/광명동/프리미엄테라피/index.html || 프리미엄테라피의 코스와 운영 정보를 광명시 광명동 기준으로 안내합니다. 60분·90분 시간 구성과 60,000원부터 시작하는 가격을 확인하면서 영업시간과 코스별 가격을 확인하고 전화나 문자로 세부 내용을 문의할 수 있습니다.","shops/gyeonggi/guri/인창동/너무이쁜테라피/index.html || 너무이쁜테라피의 코스와 운영 정보를 구리시 인창동 기준으로 안내합니다. 60분·90분 시간 구성과 60,000원부터 시작하는 가격을 확인하면서 영업시간과 코스별 가격을 확인하고 전화나 문자로 세부 내용을 문의할 수 있습니다."
"DESCRIPTION_TEMPLATE","283","업체상세","4","loc x 기준 x 의 코스와 이용 정보를 확인할 수 있습니다 n n 코스 구성과 n n 부터 확인되는 가격대를 확인한 뒤 코스와 가격 영업시간 전화 문자 문의 방법을 함께 확인할 수 있습니다","shops/seoul/gangnam-gu/압구정동/love테라피/index.html || 강남구 압구정동 기준 love테라피의 코스와 이용 정보를 확인할 수 있습니다. 60분·90분 코스 구성과 70,000원부터 확인되는 가격대를 확인한 뒤 코스와 가격, 영업시간, 전화·문자 문의 방법을 함께 확인할 수 있습니다.","shops/gyeonggi/yeoncheon/미산면/love테라피/index.html || 연천군 미산면 기준 love테라피의 코스와 이용 정보를 확인할 수 있습니다. 60분·90분 코스 구성과 70,000원부터 확인되는 가격대를 확인한 뒤 코스와 가격, 영업시간, 전화·문자 문의 방법을 함께 확인할 수 있습니다.","shops/gyeonggi/icheon/중리동/love테라피/index.html || 이천시 중리동 기준 love테라피의 코스와 이용 정보를 확인할 수 있습니다. 60분·90분 코스 구성과 70,000원부터 확인되는 가격대를 확인한 뒤 코스와 가격, 영업시간, 전화·문자 문의 방법을 함께 확인할 수 있습니다."
"DESCRIPTION_TEMPLATE","284","지역SEO","4","loc 지역과 loc loc loc 등 인접 생활권을 함께 살펴볼 수 있도록 구성했습니다 생활권별 위치와 loc 흐름을 비교해 주변 지역을 확인하기 쉽도록 구성했습니다","massage/대야동-출장마사지-군포시-생활권-이동동선-지역정보-이용전-안내/index.html || 대야동 지역과 궁내동·금정동·산본동 등 인접 생활권을 함께 살펴볼 수 있도록 구성했습니다. 생활권별 위치와 이동 흐름을 비교해 주변 지역을 확인하기 쉽도록 구성했습니다.","massage/용문동-출장마사지-용산구-생활권-이동동선-지역정보-이용전-안내/index.html || 용문동 지역과 보광동·서빙고동·용산2가동 등 인접 생활권을 함께 살펴볼 수 있도록 구성했습니다. 생활권별 위치와 이동 흐름을 비교해 주변 지역을 확인하기 쉽도록 구성했습니다.","massage/영운동-출장마사지-청주-상당구-생활권-이동동선-지역정보-이용전-안내/index.html || 영운동 지역과 금천동·성안동·용암동 등 인접 생활권을 함께 살펴볼 수 있도록 구성했습니다. 생활권별 위치와 이동 흐름을 비교해 주변 지역을 확인하기 쉽도록 구성했습니다."
"DESCRIPTION_TEMPLATE","285","업체상세","4","x 의 코스와 운영 정보를 loc x 기준으로 안내합니다 n n 부터 확인되는 가격 정보와 n n 코스 시간을 함께 살펴보고 코스별 시간과 가격 운영시간 전화 문자 문의 내용을 살펴볼 수 있습니다","shops/seoul/gwangjin-gu/광장동/love테라피/index.html || love테라피의 코스와 운영 정보를 광진구 광장동 기준으로 안내합니다. 70,000원부터 확인되는 가격 정보와 60분·90분 코스 시간을 함께 살펴보고 코스별 시간과 가격, 운영시간, 전화·문자 문의 내용을 살펴볼 수 있습니다.","shops/gyeonggi/gimpo/장기동/한국미인테라피/index.html || 한국미인테라피의 코스와 운영 정보를 김포시 장기동 기준으로 안내합니다. 100,000원부터 확인되는 가격 정보와 60분·90분 코스 시간을 함께 살펴보고 코스별 시간과 가격, 운영시간, 전화·문자 문의 내용을 살펴볼 수 있습니다.","shops/gyeonggi/uiwang/고천동/프리미엄테라피/index.html || 프리미엄테라피의 코스와 운영 정보를 의왕시 고천동 기준으로 안내합니다. 60,000원부터 확인되는 가격 정보와 60분·90분 코스 시간을 함께 살펴보고 코스별 시간과 가격, 운영시간, 전화·문자 문의 내용을 살펴볼 수 있습니다."
"DESCRIPTION_TEMPLATE","286","업체상세","4","loc x 에서 이용 가능한 x 정보를 보기 쉽게 정리했습니다 n n 부터 확인되는 가격과 n n 코스 정보를 참고해 가격과 이용시간 연락 방법을 확인해 필요한 내용을 loc 비교할 수 있습니다","shops/seoul/gwanak-gu/행운동/love테라피/index.html || 관악구 행운동에서 이용 가능한 love테라피 정보를 보기 쉽게 정리했습니다. 70,000원부터 확인되는 가격과 60분·90분 코스 정보를 참고해 가격과 이용시간, 연락 방법을 확인해 필요한 내용을 미리 비교할 수 있습니다.","shops/seoul/dongdaemun-gu/장안동/한국미인테라피/index.html || 동대문구 장안동에서 이용 가능한 한국미인테라피 정보를 보기 쉽게 정리했습니다. 100,000원부터 확인되는 가격과 60분·90분 코스 정보를 참고해 가격과 이용시간, 연락 방법을 확인해 필요한 내용을 미리 비교할 수 있습니다.","shops/seoul/yongsan-gu/원효로동/프리미엄테라피/index.html || 용산구 원효로동에서 이용 가능한 프리미엄테라피 정보를 보기 쉽게 정리했습니다. 60,000원부터 확인되는 가격과 60분·90분 코스 정보를 참고해 가격과 이용시간, 연락 방법을 확인해 필요한 내용을 미리 비교할 수 있습니다."
"DESCRIPTION_TEMPLATE","287","업체상세","4","x 이용을 검토할 때 참고할 loc x 상세 정보입니다 n n 코스와 n n 부터 이용 가능한 코스와 가격 영업시간 전화 문자 문의 정보를 확인할 수 있습니다","shops/seoul/gangseo-gu/방화동/한국미인테라피/index.html || 한국미인테라피 이용을 검토할 때 참고할 강서구 방화동 상세 정보입니다. 60분·90분 코스와 100,000원부터 이용 가능한 코스와 가격, 영업시간, 전화·문자 문의 정보를 확인할 수 있습니다.","shops/seoul/seocho-gu/반포동/love테라피/index.html || love테라피 이용을 검토할 때 참고할 서초구 반포동 상세 정보입니다. 60분·90분 코스와 70,000원부터 이용 가능한 코스와 가격, 영업시간, 전화·문자 문의 정보를 확인할 수 있습니다.","shops/other/daejeon/jung-gu/대흥동/S썸바디테라피/index.html || S썸바디테라피 이용을 검토할 때 참고할 중구 대흥동 상세 정보입니다. 60분·90분 코스와 50,000원부터 이용 가능한 코스와 가격, 영업시간, 전화·문자 문의 정보를 확인할 수 있습니다."
"DESCRIPTION_TEMPLATE","288","업체상세","4","x 관련 loc x 정보를 확인할 수 있습니다 n n 이용시간과 n n 부터 확인되는 가격 정보를 함께 확인하며 코스와 가격 영업시간 전화 문자 문의 방법을 함께 확인할 수 있습니다","shops/seoul/gangnam-gu/일원동/너무이쁜테라피/index.html || 너무이쁜테라피 관련 강남구 일원동 정보를 확인할 수 있습니다. 60분·90분 이용시간과 60,000원부터 확인되는 가격 정보를 함께 확인하며 코스와 가격, 영업시간, 전화·문자 문의 방법을 함께 확인할 수 있습니다.","shops/seoul/guro-gu/수궁동/프리미엄테라피/index.html || 프리미엄테라피 관련 구로구 수궁동 정보를 확인할 수 있습니다. 60분·90분 이용시간과 60,000원부터 확인되는 가격 정보를 함께 확인하며 코스와 가격, 영업시간, 전화·문자 문의 방법을 함께 확인할 수 있습니다.","shops/seoul/seodaemun-gu/신촌동/너무이쁜테라피/index.html || 너무이쁜테라피 관련 서대문구 신촌동 정보를 확인할 수 있습니다. 60분·90분 이용시간과 60,000원부터 확인되는 가격 정보를 함께 확인하며 코스와 가격, 영업시간, 전화·문자 문의 방법을 함께 확인할 수 있습니다."
"DESCRIPTION_TEMPLATE","289","업체상세","4","loc x 에서 이용 가능한 x 정보를 보기 쉽게 정리했습니다 n n 부터 확인되는 가격과 n n 코스 정보를 참고해 이용 가능한 코스와 가격 영업시간 전화 문자 문의 정보를 확인할 수 있습니다","shops/seoul/gangnam-gu/일원동/프리미엄테라피/index.html || 강남구 일원동에서 이용 가능한 프리미엄테라피 정보를 보기 쉽게 정리했습니다. 60,000원부터 확인되는 가격과 60분·90분 코스 정보를 참고해 이용 가능한 코스와 가격, 영업시간, 전화·문자 문의 정보를 확인할 수 있습니다.","shops/seoul/jongno-gu/이화동/프리미엄테라피/index.html || 종로구 이화동에서 이용 가능한 프리미엄테라피 정보를 보기 쉽게 정리했습니다. 60,000원부터 확인되는 가격과 60분·90분 코스 정보를 참고해 이용 가능한 코스와 가격, 영업시간, 전화·문자 문의 정보를 확인할 수 있습니다.","shops/gyeonggi/guri/갈매동/love테라피/index.html || 구리시 갈매동에서 이용 가능한 love테라피 정보를 보기 쉽게 정리했습니다. 70,000원부터 확인되는 가격과 60분·90분 코스 정보를 참고해 이용 가능한 코스와 가격, 영업시간, 전화·문자 문의 정보를 확인할 수 있습니다."
"DESCRIPTION_TEMPLATE","290","지역SEO","4","loc 기준 생활권과 loc loc loc 등 인접 지역의 범위를 함께 정리했습니다 현재 위치에서 가까운 지역을 비교하고 loc 범위를 살펴볼 때 참고할 수 있습니다","massage/산본동-출장마사지-군포시-생활권-이동동선-지역정보-이용전-안내/index.html || 산본동 기준 생활권과 금정동·대야동·송부동 등 인접 지역의 범위를 함께 정리했습니다. 현재 위치에서 가까운 지역을 비교하고 이동 범위를 살펴볼 때 참고할 수 있습니다.","massage/복수동-출장마사지-대전-서구-생활권-이동동선-지역정보-이용전-안내/index.html || 복수동 기준 생활권과 만년동·변동·용문동 등 인접 지역의 범위를 함께 정리했습니다. 현재 위치에서 가까운 지역을 비교하고 이동 범위를 살펴볼 때 참고할 수 있습니다.","massage/산성동-출장마사지-대전-중구-생활권-이동동선-지역정보-이용전-안내/index.html || 산성동 기준 생활권과 문화동·부사동·석교동 등 인접 지역의 범위를 함께 정리했습니다. 현재 위치에서 가까운 지역을 비교하고 이동 범위를 살펴볼 때 참고할 수 있습니다."
"DESCRIPTION_TEMPLATE","291","업체상세","4","x 이용을 검토할 때 참고할 loc x 상세 정보입니다 n n 시간 구성과 n n 부터 시작하는 가격을 확인하면서 영업시간과 코스별 가격을 확인하고 전화나 문자로 세부 내용을 문의할 수 있습니다","shops/seoul/gangseo-gu/염창동/프리미엄테라피/index.html || 프리미엄테라피 이용을 검토할 때 참고할 강서구 염창동 상세 정보입니다. 60분·90분 시간 구성과 60,000원부터 시작하는 가격을 확인하면서 영업시간과 코스별 가격을 확인하고 전화나 문자로 세부 내용을 문의할 수 있습니다.","shops/seoul/dongdaemun-gu/용두동/프리미엄테라피/index.html || 프리미엄테라피 이용을 검토할 때 참고할 동대문구 용두동 상세 정보입니다. 60분·90분 시간 구성과 60,000원부터 시작하는 가격을 확인하면서 영업시간과 코스별 가격을 확인하고 전화나 문자로 세부 내용을 문의할 수 있습니다.","shops/gyeonggi/gimpo/마산동/너무이쁜테라피/index.html || 너무이쁜테라피 이용을 검토할 때 참고할 김포시 마산동 상세 정보입니다. 60분·90분 시간 구성과 60,000원부터 시작하는 가격을 확인하면서 영업시간과 코스별 가격을 확인하고 전화나 문자로 세부 내용을 문의할 수 있습니다."
"DESCRIPTION_TEMPLATE","292","업체상세","4","loc x 생활권에서 확인할 수 있는 x 정보를 담았습니다 n n 시간 구성과 n n 부터 시작하는 가격을 확인하면서 이용 전 필요한 코스 가격 운영시간과 연락 정보를 한 번에 살펴볼 수 있습니다","shops/seoul/gangseo-gu/우장산동/love테라피/index.html || 강서구 우장산동 생활권에서 확인할 수 있는 love테라피 정보를 담았습니다. 60분·90분 시간 구성과 70,000원부터 시작하는 가격을 확인하면서 이용 전 필요한 코스·가격·운영시간과 연락 정보를 한 번에 살펴볼 수 있습니다.","shops/seoul/seodaemun-gu/홍제동/너무이쁜테라피/index.html || 서대문구 홍제동 생활권에서 확인할 수 있는 너무이쁜테라피 정보를 담았습니다. 60분·90분 시간 구성과 60,000원부터 시작하는 가격을 확인하면서 이용 전 필요한 코스·가격·운영시간과 연락 정보를 한 번에 살펴볼 수 있습니다.","shops/seoul/yeongdeungpo-gu/영등포동/한국미인테라피/index.html || 영등포구 영등포동 생활권에서 확인할 수 있는 한국미인테라피 정보를 담았습니다. 60분·90분 시간 구성과 100,000원부터 시작하는 가격을 확인하면서 이용 전 필요한 코스·가격·운영시간과 연락 정보를 한 번에 살펴볼 수 있습니다."
"DESCRIPTION_TEMPLATE","293","지역SEO","4","loc 주변 지역을 확인할 때 loc loc loc 등 가까운 생활권을 비교할 수 있습니다 현재 위치에서 가까운 지역을 비교하고 loc 범위를 살펴볼 때 참고할 수 있습니다","massage/도림동-출장마사지-영등포구-생활권-이동동선-지역정보-이용전-안내/index.html || 도림동 주변 지역을 확인할 때 당산동·대림동·문래동 등 가까운 생활권을 비교할 수 있습니다. 현재 위치에서 가까운 지역을 비교하고 이동 범위를 살펴볼 때 참고할 수 있습니다.","massage/도담동-출장마사지-세종-생활권-이동동선-지역정보-이용전-안내/index.html || 도담동 주변 지역을 확인할 때 다정동·대평동·반곡동 등 가까운 생활권을 비교할 수 있습니다. 현재 위치에서 가까운 지역을 비교하고 이동 범위를 살펴볼 때 참고할 수 있습니다.","massage/오동동-출장마사지-창원-마산합포구-생활권-이동동선-지역정보-이용전-안내/index.html || 오동동 주변 지역을 확인할 때 반월중앙동·산호동·완월동 등 가까운 생활권을 비교할 수 있습니다. 현재 위치에서 가까운 지역을 비교하고 이동 범위를 살펴볼 때 참고할 수 있습니다."
"DESCRIPTION_TEMPLATE","294","업체상세","4","loc x 생활권에서 확인할 수 있는 x 정보를 담았습니다 n n 코스와 n n 부터 가격 코스 구성 영업시간과 문의 수단을 순서대로 확인할 수 있습니다","shops/seoul/gwanak-gu/인헌동/한국미인테라피/index.html || 관악구 인헌동 생활권에서 확인할 수 있는 한국미인테라피 정보를 담았습니다. 60분·90분 코스와 100,000원부터 가격, 코스 구성, 영업시간과 문의 수단을 순서대로 확인할 수 있습니다.","shops/seoul/mapo-gu/신수동/프리미엄테라피/index.html || 마포구 신수동 생활권에서 확인할 수 있는 프리미엄테라피 정보를 담았습니다. 60분·90분 코스와 60,000원부터 가격, 코스 구성, 영업시간과 문의 수단을 순서대로 확인할 수 있습니다.","shops/gyeonggi/gwangju-gyeonggi/송정동/한국미인테라피/index.html || 광주시 송정동 생활권에서 확인할 수 있는 한국미인테라피 정보를 담았습니다. 60분·90분 코스와 100,000원부터 가격, 코스 구성, 영업시간과 문의 수단을 순서대로 확인할 수 있습니다."
"DESCRIPTION_TEMPLATE","295","업체상세","4","loc x 에서 이용 가능한 x 정보를 보기 쉽게 정리했습니다 n n 코스 구성과 n n 부터 확인되는 가격대를 확인한 뒤 코스별 이용시간과 가격 운영시간 및 연락 방법을 비교할 수 있습니다","shops/seoul/gwanak-gu/보라매동/한국미인테라피/index.html || 관악구 보라매동에서 이용 가능한 한국미인테라피 정보를 보기 쉽게 정리했습니다. 60분·90분 코스 구성과 100,000원부터 확인되는 가격대를 확인한 뒤 코스별 이용시간과 가격, 운영시간 및 연락 방법을 비교할 수 있습니다.","shops/gyeonggi/yeoju/오학동/한국미인테라피/index.html || 여주시 오학동에서 이용 가능한 한국미인테라피 정보를 보기 쉽게 정리했습니다. 60분·90분 코스 구성과 100,000원부터 확인되는 가격대를 확인한 뒤 코스별 이용시간과 가격, 운영시간 및 연락 방법을 비교할 수 있습니다.","shops/gyeonggi/pyeongtaek/청북읍/love테라피/index.html || 평택시 청북읍에서 이용 가능한 love테라피 정보를 보기 쉽게 정리했습니다. 60분·90분 코스 구성과 70,000원부터 확인되는 가격대를 확인한 뒤 코스별 이용시간과 가격, 운영시간 및 연락 방법을 비교할 수 있습니다."
"DESCRIPTION_TEMPLATE","296","업체상세","4","loc x 생활권에서 확인할 수 있는 x 정보를 담았습니다 n n 코스와 n n 부터 확인되는 가격 정보를 포함해 가격과 코스 구성 영업시간 및 연락 수단을 비교해 이용 전 참고할 수 있습니다","shops/seoul/gwanak-gu/난곡동/너무이쁜테라피/index.html || 관악구 난곡동 생활권에서 확인할 수 있는 너무이쁜테라피 정보를 담았습니다. 60분·90분 코스와 60,000원부터 확인되는 가격 정보를 포함해 가격과 코스 구성, 영업시간 및 연락 수단을 비교해 이용 전 참고할 수 있습니다.","shops/seoul/jung-gu/황학동/love테라피/index.html || 중구 황학동 생활권에서 확인할 수 있는 love테라피 정보를 담았습니다. 60분·90분 코스와 70,000원부터 확인되는 가격 정보를 포함해 가격과 코스 구성, 영업시간 및 연락 수단을 비교해 이용 전 참고할 수 있습니다.","shops/gyeonggi/pocheon/포천동/한국미인테라피/index.html || 포천시 포천동 생활권에서 확인할 수 있는 한국미인테라피 정보를 담았습니다. 60분·90분 코스와 100,000원부터 확인되는 가격 정보를 포함해 가격과 코스 구성, 영업시간 및 연락 수단을 비교해 이용 전 참고할 수 있습니다."
"DESCRIPTION_TEMPLATE","297","업체상세","4","x 의 코스와 운영 정보를 loc x 기준으로 안내합니다 n n 부터 확인되는 가격과 n n 코스 정보를 참고해 가격 코스 구성 영업시간과 문의 수단을 순서대로 확인할 수 있습니다","shops/seoul/gwanak-gu/남현동/프리미엄테라피/index.html || 프리미엄테라피의 코스와 운영 정보를 관악구 남현동 기준으로 안내합니다. 60,000원부터 확인되는 가격과 60분·90분 코스 정보를 참고해 가격, 코스 구성, 영업시간과 문의 수단을 순서대로 확인할 수 있습니다.","shops/gyeonggi/icheon/백사면/프리미엄테라피/index.html || 프리미엄테라피의 코스와 운영 정보를 이천시 백사면 기준으로 안내합니다. 60,000원부터 확인되는 가격과 60분·90분 코스 정보를 참고해 가격, 코스 구성, 영업시간과 문의 수단을 순서대로 확인할 수 있습니다.","shops/incheon/yeonsu-gu/선학동/프리미엄테라피/index.html || 프리미엄테라피의 코스와 운영 정보를 연수구 선학동 기준으로 안내합니다. 60,000원부터 확인되는 가격과 60분·90분 코스 정보를 참고해 가격, 코스 구성, 영업시간과 문의 수단을 순서대로 확인할 수 있습니다."
"DESCRIPTION_TEMPLATE","298","업체상세","4","loc x 생활권에서 확인할 수 있는 x 정보를 담았습니다 n n 시간 구성과 n n 부터 시작하는 가격을 확인하면서 가격 코스 구성 영업시간과 문의 수단을 순서대로 확인할 수 있습니다","shops/seoul/gwanak-gu/삼성동/한국미인테라피/index.html || 관악구 삼성동 생활권에서 확인할 수 있는 한국미인테라피 정보를 담았습니다. 60분·90분 시간 구성과 100,000원부터 시작하는 가격을 확인하면서 가격, 코스 구성, 영업시간과 문의 수단을 순서대로 확인할 수 있습니다.","shops/gyeonggi/paju/교하동/프리미엄테라피/index.html || 파주시 교하동 생활권에서 확인할 수 있는 프리미엄테라피 정보를 담았습니다. 60분·90분 시간 구성과 60,000원부터 시작하는 가격을 확인하면서 가격, 코스 구성, 영업시간과 문의 수단을 순서대로 확인할 수 있습니다.","shops/other/daejeon/daedeok-gu/신탄진동/24시미녀테라피/index.html || 대덕구 신탄진동 생활권에서 확인할 수 있는 24시미녀테라피 정보를 담았습니다. 60분·90분 시간 구성과 70,000원부터 시작하는 가격을 확인하면서 가격, 코스 구성, 영업시간과 문의 수단을 순서대로 확인할 수 있습니다."
"DESCRIPTION_TEMPLATE","299","업체상세","4","loc x 생활권에서 확인할 수 있는 x 정보를 담았습니다 n n 부터 시작하는 가격과 n n 코스 정보를 바탕으로 코스별 시간과 가격 운영시간 전화 문자 문의 내용을 살펴볼 수 있습니다","shops/seoul/gwanak-gu/보라매동/love테라피/index.html || 관악구 보라매동 생활권에서 확인할 수 있는 love테라피 정보를 담았습니다. 70,000원부터 시작하는 가격과 60분·90분 코스 정보를 바탕으로 코스별 시간과 가격, 운영시간, 전화·문자 문의 내용을 살펴볼 수 있습니다.","shops/seoul/yongsan-gu/용산2가동/한국미인테라피/index.html || 용산구 용산2가동 생활권에서 확인할 수 있는 한국미인테라피 정보를 담았습니다. 100,000원부터 시작하는 가격과 60분·90분 코스 정보를 바탕으로 코스별 시간과 가격, 운영시간, 전화·문자 문의 내용을 살펴볼 수 있습니다.","shops/gyeonggi/namyangju/진접읍/너무이쁜테라피/index.html || 남양주시 진접읍 생활권에서 확인할 수 있는 너무이쁜테라피 정보를 담았습니다. 60,000원부터 시작하는 가격과 60분·90분 코스 정보를 바탕으로 코스별 시간과 가격, 운영시간, 전화·문자 문의 내용을 살펴볼 수 있습니다."
"DESCRIPTION_TEMPLATE","300","업체상세","4","x 의 loc x 이용 안내입니다 n n 부터 확인되는 가격과 n n 코스 정보를 참고해 코스별 이용시간과 가격 운영시간 및 연락 방법을 비교할 수 있습니다","shops/seoul/gwanak-gu/보라매동/너무이쁜테라피/index.html || 너무이쁜테라피의 관악구 보라매동 이용 안내입니다. 60,000원부터 확인되는 가격과 60분·90분 코스 정보를 참고해 코스별 이용시간과 가격, 운영시간 및 연락 방법을 비교할 수 있습니다.","shops/gyeonggi/pocheon/소흘읍/프리미엄테라피/index.html || 프리미엄테라피의 포천시 소흘읍 이용 안내입니다. 60,000원부터 확인되는 가격과 60분·90분 코스 정보를 참고해 코스별 이용시간과 가격, 운영시간 및 연락 방법을 비교할 수 있습니다.","shops/incheon/ongjin-gun/자월면/프리미엄테라피/index.html || 프리미엄테라피의 옹진군 자월면 이용 안내입니다. 60,000원부터 확인되는 가격과 60분·90분 코스 정보를 참고해 코스별 이용시간과 가격, 운영시간 및 연락 방법을 비교할 수 있습니다."
"DESCRIPTION_TEMPLATE","301","업체상세","4","loc x 기준 x 의 코스와 이용 정보를 확인할 수 있습니다 n n 시간 구성과 n n 부터 시작하는 가격을 확인하면서 가격과 코스 구성 영업시간 및 연락 수단을 비교해 이용 전 참고할 수 있습니다","shops/seoul/gangdong-gu/암사동/프리미엄테라피/index.html || 강동구 암사동 기준 프리미엄테라피의 코스와 이용 정보를 확인할 수 있습니다. 60분·90분 시간 구성과 60,000원부터 시작하는 가격을 확인하면서 가격과 코스 구성, 영업시간 및 연락 수단을 비교해 이용 전 참고할 수 있습니다.","shops/seoul/gwanak-gu/은천동/한국미인테라피/index.html || 관악구 은천동 기준 한국미인테라피의 코스와 이용 정보를 확인할 수 있습니다. 60분·90분 시간 구성과 100,000원부터 시작하는 가격을 확인하면서 가격과 코스 구성, 영업시간 및 연락 수단을 비교해 이용 전 참고할 수 있습니다.","shops/gyeonggi/yangpyeong/강상면/프리미엄테라피/index.html || 양평군 강상면 기준 프리미엄테라피의 코스와 이용 정보를 확인할 수 있습니다. 60분·90분 시간 구성과 60,000원부터 시작하는 가격을 확인하면서 가격과 코스 구성, 영업시간 및 연락 수단을 비교해 이용 전 참고할 수 있습니다."
"DESCRIPTION_TEMPLATE","302","업체상세","4","x 의 코스와 운영 정보를 loc x 기준으로 안내합니다 n n 이용시간과 n n 부터 확인되는 가격 정보를 함께 확인하며 가격과 코스 구성 영업시간 및 연락 수단을 비교해 이용 전 참고할 수 있습니다","shops/seoul/gwanak-gu/난향동/너무이쁜테라피/index.html || 너무이쁜테라피의 코스와 운영 정보를 관악구 난향동 기준으로 안내합니다. 60분·90분 이용시간과 60,000원부터 확인되는 가격 정보를 함께 확인하며 가격과 코스 구성, 영업시간 및 연락 수단을 비교해 이용 전 참고할 수 있습니다.","shops/seoul/mapo-gu/대흥동/love테라피/index.html || love테라피의 코스와 운영 정보를 마포구 대흥동 기준으로 안내합니다. 60분·90분 이용시간과 70,000원부터 확인되는 가격 정보를 함께 확인하며 가격과 코스 구성, 영업시간 및 연락 수단을 비교해 이용 전 참고할 수 있습니다.","shops/gyeonggi/gimpo/월곶면/love테라피/index.html || love테라피의 코스와 운영 정보를 김포시 월곶면 기준으로 안내합니다. 60분·90분 이용시간과 70,000원부터 확인되는 가격 정보를 함께 확인하며 가격과 코스 구성, 영업시간 및 연락 수단을 비교해 이용 전 참고할 수 있습니다."
"DESCRIPTION_TEMPLATE","303","업체상세","4","x 이용 전 살펴볼 loc x 지역 정보를 한곳에 모았습니다 n n 코스와 n n 부터 코스와 가격 영업시간 전화 문자 문의 방법을 함께 확인할 수 있습니다","shops/seoul/gwanak-gu/난곡동/마인드좋은테라피/index.html || 마인드좋은테라피 이용 전 살펴볼 관악구 난곡동 지역 정보를 한곳에 모았습니다. 60분·90분 코스와 60,000원부터 코스와 가격, 영업시간, 전화·문자 문의 방법을 함께 확인할 수 있습니다.","shops/seoul/songpa-gu/잠실본동/프리미엄테라피/index.html || 프리미엄테라피 이용 전 살펴볼 송파구 잠실본동 지역 정보를 한곳에 모았습니다. 60분·90분 코스와 60,000원부터 코스와 가격, 영업시간, 전화·문자 문의 방법을 함께 확인할 수 있습니다.","shops/seoul/jung-gu/소공동/프리미엄테라피/index.html || 프리미엄테라피 이용 전 살펴볼 중구 소공동 지역 정보를 한곳에 모았습니다. 60분·90분 코스와 60,000원부터 코스와 가격, 영업시간, 전화·문자 문의 방법을 함께 확인할 수 있습니다."
"DESCRIPTION_TEMPLATE","304","업체상세","4","x 의 loc x 이용 안내입니다 n n 부터 확인되는 가격 정보와 n n 코스 시간을 함께 살펴보고 이용 전 필요한 코스 가격 운영시간과 연락 정보를 한 번에 살펴볼 수 있습니다","shops/seoul/gwanak-gu/남현동/love테라피/index.html || love테라피의 관악구 남현동 이용 안내입니다. 70,000원부터 확인되는 가격 정보와 60분·90분 코스 시간을 함께 살펴보고 이용 전 필요한 코스·가격·운영시간과 연락 정보를 한 번에 살펴볼 수 있습니다.","shops/seoul/seongbuk-gu/길음동/love테라피/index.html || love테라피의 성북구 길음동 이용 안내입니다. 70,000원부터 확인되는 가격 정보와 60분·90분 코스 시간을 함께 살펴보고 이용 전 필요한 코스·가격·운영시간과 연락 정보를 한 번에 살펴볼 수 있습니다.","shops/seoul/jongno-gu/혜화동/한국미인테라피/index.html || 한국미인테라피의 종로구 혜화동 이용 안내입니다. 100,000원부터 확인되는 가격 정보와 60분·90분 코스 시간을 함께 살펴보고 이용 전 필요한 코스·가격·운영시간과 연락 정보를 한 번에 살펴볼 수 있습니다."
"DESCRIPTION_TEMPLATE","305","업체상세","4","loc x 에서 x 이용 전 확인할 정보를 모았습니다 n n 시간 구성과 n n 부터 시작하는 가격을 확인하면서 코스별 시간과 가격 운영시간 전화 문자 문의 내용을 살펴볼 수 있습니다","shops/seoul/gwanak-gu/난향동/마인드좋은테라피/index.html || 관악구 난향동에서 마인드좋은테라피 이용 전 확인할 정보를 모았습니다. 60분·90분 시간 구성과 60,000원부터 시작하는 가격을 확인하면서 코스별 시간과 가격, 운영시간, 전화·문자 문의 내용을 살펴볼 수 있습니다.","shops/gyeonggi/namyangju/별내동/love테라피/index.html || 남양주시 별내동에서 love테라피 이용 전 확인할 정보를 모았습니다. 60분·90분 시간 구성과 70,000원부터 시작하는 가격을 확인하면서 코스별 시간과 가격, 운영시간, 전화·문자 문의 내용을 살펴볼 수 있습니다.","shops/gyeonggi/pyeongtaek/신장동/너무이쁜테라피/index.html || 평택시 신장동에서 너무이쁜테라피 이용 전 확인할 정보를 모았습니다. 60분·90분 시간 구성과 60,000원부터 시작하는 가격을 확인하면서 코스별 시간과 가격, 운영시간, 전화·문자 문의 내용을 살펴볼 수 있습니다."
"DESCRIPTION_TEMPLATE","306","업체상세","4","loc x 지역의 x 이용 정보를 정리했습니다 n n 코스 구성과 n n 부터 확인되는 가격대를 확인한 뒤 코스 구성과 가격 운영시간 연락 방법을 한곳에서 확인할 수 있습니다","shops/seoul/gangdong-gu/천호동/love테라피/index.html || 강동구 천호동 지역의 love테라피 이용 정보를 정리했습니다. 60분·90분 코스 구성과 70,000원부터 확인되는 가격대를 확인한 뒤 코스 구성과 가격, 운영시간, 연락 방법을 한곳에서 확인할 수 있습니다.","shops/gyeonggi/yangpyeong/청운면/love테라피/index.html || 양평군 청운면 지역의 love테라피 이용 정보를 정리했습니다. 60분·90분 코스 구성과 70,000원부터 확인되는 가격대를 확인한 뒤 코스 구성과 가격, 운영시간, 연락 방법을 한곳에서 확인할 수 있습니다.","shops/gyeonggi/icheon/설성면/love테라피/index.html || 이천시 설성면 지역의 love테라피 이용 정보를 정리했습니다. 60분·90분 코스 구성과 70,000원부터 확인되는 가격대를 확인한 뒤 코스 구성과 가격, 운영시간, 연락 방법을 한곳에서 확인할 수 있습니다."
"DESCRIPTION_TEMPLATE","307","지역SEO","4","loc 생활권과 loc loc loc 등 가까운 지역의 관계를 정리했습니다 주변 위치와 loc 동선을 한눈에 비교할 수 있도록 필요한 정보만 담았습니다","massage/양정동-출장마사지-남양주시-생활권-이동동선-지역정보-이용전-안내/index.html || 양정동 생활권과 다산동·별내동·평내동 등 가까운 지역의 관계를 정리했습니다. 주변 위치와 이동 동선을 한눈에 비교할 수 있도록 필요한 정보만 담았습니다.","massage/역촌동-출장마사지-은평구-생활권-이동동선-지역정보-이용전-안내/index.html || 역촌동 생활권과 수색동·신사동·응암동 등 가까운 지역의 관계를 정리했습니다. 주변 위치와 이동 동선을 한눈에 비교할 수 있도록 필요한 정보만 담았습니다.","massage/옥련동-출장마사지-연수구-생활권-이동동선-지역정보-이용전-안내/index.html || 옥련동 생활권과 송도동·연수동·청학동 등 가까운 지역의 관계를 정리했습니다. 주변 위치와 이동 동선을 한눈에 비교할 수 있도록 필요한 정보만 담았습니다."
"DESCRIPTION_TEMPLATE","308","업체상세","4","x 의 loc x 운영 정보와 문의 방법을 정리했습니다 n n 이용시간과 n n 부터 확인되는 가격 정보를 함께 확인하며 이용 가능한 코스와 가격 영업시간 전화 문자 문의 정보를 확인할 수 있습니다","shops/seoul/gwanak-gu/낙성대동/너무이쁜테라피/index.html || 너무이쁜테라피의 관악구 낙성대동 운영 정보와 문의 방법을 정리했습니다. 60분·90분 이용시간과 60,000원부터 확인되는 가격 정보를 함께 확인하며 이용 가능한 코스와 가격, 영업시간, 전화·문자 문의 정보를 확인할 수 있습니다.","shops/gyeonggi/gapyeong/설악면/한국미인테라피/index.html || 한국미인테라피의 가평군 설악면 운영 정보와 문의 방법을 정리했습니다. 60분·90분 이용시간과 100,000원부터 확인되는 가격 정보를 함께 확인하며 이용 가능한 코스와 가격, 영업시간, 전화·문자 문의 정보를 확인할 수 있습니다.","shops/gyeonggi/icheon/관고동/한국미인테라피/index.html || 한국미인테라피의 이천시 관고동 운영 정보와 문의 방법을 정리했습니다. 60분·90분 이용시간과 100,000원부터 확인되는 가격 정보를 함께 확인하며 이용 가능한 코스와 가격, 영업시간, 전화·문자 문의 정보를 확인할 수 있습니다."
"DESCRIPTION_TEMPLATE","309","업체상세","4","x 이용 전 살펴볼 loc x 지역 정보를 한곳에 모았습니다 n n 코스와 n n 부터 가격 코스 구성 영업시간과 문의 수단을 순서대로 확인할 수 있습니다","shops/seoul/gwanak-gu/신림동/한국미인테라피/index.html || 한국미인테라피 이용 전 살펴볼 관악구 신림동 지역 정보를 한곳에 모았습니다. 60분·90분 코스와 100,000원부터 가격, 코스 구성, 영업시간과 문의 수단을 순서대로 확인할 수 있습니다.","shops/seoul/dongdaemun-gu/휘경동/너무이쁜테라피/index.html || 너무이쁜테라피 이용 전 살펴볼 동대문구 휘경동 지역 정보를 한곳에 모았습니다. 60분·90분 코스와 60,000원부터 가격, 코스 구성, 영업시간과 문의 수단을 순서대로 확인할 수 있습니다.","shops/other/daejeon/daedeok-gu/중리동/24시미녀테라피/index.html || 24시미녀테라피 이용 전 살펴볼 대덕구 중리동 지역 정보를 한곳에 모았습니다. 60분·90분 코스와 70,000원부터 가격, 코스 구성, 영업시간과 문의 수단을 순서대로 확인할 수 있습니다."
"DESCRIPTION_TEMPLATE","310","업체상세","4","loc x 에서 이용 가능한 x 정보를 보기 쉽게 정리했습니다 n n 코스 구성과 n n 부터 확인되는 가격대를 확인한 뒤 이용 가능한 코스와 가격 영업시간 전화 문자 문의 정보를 확인할 수 있습니다","shops/seoul/gwanak-gu/은천동/너무이쁜테라피/index.html || 관악구 은천동에서 이용 가능한 너무이쁜테라피 정보를 보기 쉽게 정리했습니다. 60분·90분 코스 구성과 60,000원부터 확인되는 가격대를 확인한 뒤 이용 가능한 코스와 가격, 영업시간, 전화·문자 문의 정보를 확인할 수 있습니다.","shops/seoul/songpa-gu/방이동/너무이쁜테라피/index.html || 송파구 방이동에서 이용 가능한 너무이쁜테라피 정보를 보기 쉽게 정리했습니다. 60분·90분 코스 구성과 60,000원부터 확인되는 가격대를 확인한 뒤 이용 가능한 코스와 가격, 영업시간, 전화·문자 문의 정보를 확인할 수 있습니다.","shops/gyeonggi/uijeongbu/가능동/한국미인테라피/index.html || 의정부시 가능동에서 이용 가능한 한국미인테라피 정보를 보기 쉽게 정리했습니다. 60분·90분 코스 구성과 100,000원부터 확인되는 가격대를 확인한 뒤 이용 가능한 코스와 가격, 영업시간, 전화·문자 문의 정보를 확인할 수 있습니다."
"DESCRIPTION_TEMPLATE","311","지역SEO","4","loc 지역에서 loc loc 등 주변 생활권의 위치 관계를 확인할 수 있습니다 생활권별 위치와 loc 흐름을 비교해 주변 지역을 확인하기 쉽도록 구성했습니다","massage/풍무동-출장마사지-김포시-생활권-이동동선-지역정보-이용전-안내/index.html || 풍무동 지역에서 장기동·장기본동 등 주변 생활권의 위치 관계를 확인할 수 있습니다. 생활권별 위치와 이동 흐름을 비교해 주변 지역을 확인하기 쉽도록 구성했습니다.","massage/인수동-출장마사지-강북구-생활권-이동동선-지역정보-이용전-안내/index.html || 인수동 지역에서 수유동·우이동 등 주변 생활권의 위치 관계를 확인할 수 있습니다. 생활권별 위치와 이동 흐름을 비교해 주변 지역을 확인하기 쉽도록 구성했습니다.","massage/고양동-출장마사지-고양시-덕양구-생활권-이동동선-지역정보-이용전-안내/index.html || 고양동 지역에서 관산동·능곡동 등 주변 생활권의 위치 관계를 확인할 수 있습니다. 생활권별 위치와 이동 흐름을 비교해 주변 지역을 확인하기 쉽도록 구성했습니다."
"DESCRIPTION_TEMPLATE","312","지역SEO","4","loc 주변 지역을 확인할 때 loc loc loc 등 가까운 생활권을 비교할 수 있습니다 인접 지역의 위치 관계와 생활권 범위를 비교할 때 참고할 수 있습니다","massage/강화읍-출장마사지-인천-강화군-생활권-지역정보-이용안내/index.html || 강화읍 주변 지역을 확인할 때 교동면·길상면·내가면 등 가까운 생활권을 비교할 수 있습니다. 인접 지역의 위치 관계와 생활권 범위를 비교할 때 참고할 수 있습니다.","massage/용이동-출장마사지-평택시-생활권-이동동선-지역정보-이용전-안내/index.html || 용이동 주변 지역을 확인할 때 신장동·신평동·원평동 등 가까운 생활권을 비교할 수 있습니다. 인접 지역의 위치 관계와 생활권 범위를 비교할 때 참고할 수 있습니다.","massage/평창동-출장마사지-종로구-생활권-이동동선-지역정보-이용전-안내/index.html || 평창동 주변 지역을 확인할 때 창신동·청운효자동·혜화동 등 가까운 생활권을 비교할 수 있습니다. 인접 지역의 위치 관계와 생활권 범위를 비교할 때 참고할 수 있습니다."
"DESCRIPTION_TEMPLATE","313","업체상세","4","x 의 코스와 운영 정보를 loc x 기준으로 안내합니다 n n 코스와 n n 부터 확인되는 가격 정보를 포함해 이용 가능한 코스와 가격 영업시간 전화 문자 문의 정보를 확인할 수 있습니다","shops/seoul/gangdong-gu/상일동/프리미엄테라피/index.html || 프리미엄테라피의 코스와 운영 정보를 강동구 상일동 기준으로 안내합니다. 60분·90분 코스와 60,000원부터 확인되는 가격 정보를 포함해 이용 가능한 코스와 가격, 영업시간, 전화·문자 문의 정보를 확인할 수 있습니다.","shops/seoul/seongdong-gu/왕십리동/프리미엄테라피/index.html || 프리미엄테라피의 코스와 운영 정보를 성동구 왕십리동 기준으로 안내합니다. 60분·90분 코스와 60,000원부터 확인되는 가격 정보를 포함해 이용 가능한 코스와 가격, 영업시간, 전화·문자 문의 정보를 확인할 수 있습니다.","shops/gyeonggi/siheung/은행동/프리미엄테라피/index.html || 프리미엄테라피의 코스와 운영 정보를 시흥시 은행동 기준으로 안내합니다. 60분·90분 코스와 60,000원부터 확인되는 가격 정보를 포함해 이용 가능한 코스와 가격, 영업시간, 전화·문자 문의 정보를 확인할 수 있습니다."
"DESCRIPTION_TEMPLATE","314","업체상세","4","x 의 loc x 이용 안내입니다 n n 코스와 n n 부터 영업시간과 코스별 가격을 확인하고 전화나 문자로 세부 내용을 문의할 수 있습니다","shops/seoul/gangdong-gu/성내동/너무이쁜테라피/index.html || 너무이쁜테라피의 강동구 성내동 이용 안내입니다. 60분·90분 코스와 60,000원부터 영업시간과 코스별 가격을 확인하고 전화나 문자로 세부 내용을 문의할 수 있습니다.","shops/seoul/gwanak-gu/삼성동/프리미엄테라피/index.html || 프리미엄테라피의 관악구 삼성동 이용 안내입니다. 60분·90분 코스와 60,000원부터 영업시간과 코스별 가격을 확인하고 전화나 문자로 세부 내용을 문의할 수 있습니다.","shops/gyeonggi/guri/수택동/한국미인테라피/index.html || 한국미인테라피의 구리시 수택동 이용 안내입니다. 60분·90분 코스와 100,000원부터 영업시간과 코스별 가격을 확인하고 전화나 문자로 세부 내용을 문의할 수 있습니다."
"DESCRIPTION_TEMPLATE","315","업체상세","4","loc x 에서 x 이용 전 확인할 정보를 모았습니다 n n 코스와 n n 부터 확인되는 가격 정보를 포함해 가격과 코스 구성 영업시간 및 연락 수단을 비교해 이용 전 참고할 수 있습니다","shops/seoul/gangdong-gu/암사동/한국미인테라피/index.html || 강동구 암사동에서 한국미인테라피 이용 전 확인할 정보를 모았습니다. 60분·90분 코스와 100,000원부터 확인되는 가격 정보를 포함해 가격과 코스 구성, 영업시간 및 연락 수단을 비교해 이용 전 참고할 수 있습니다.","shops/gyeonggi/yangju/옥정동/love테라피/index.html || 양주시 옥정동에서 love테라피 이용 전 확인할 정보를 모았습니다. 60분·90분 코스와 70,000원부터 확인되는 가격 정보를 포함해 가격과 코스 구성, 영업시간 및 연락 수단을 비교해 이용 전 참고할 수 있습니다.","shops/gyeonggi/paju/탄현면/프리미엄테라피/index.html || 파주시 탄현면에서 프리미엄테라피 이용 전 확인할 정보를 모았습니다. 60분·90분 코스와 60,000원부터 확인되는 가격 정보를 포함해 가격과 코스 구성, 영업시간 및 연락 수단을 비교해 이용 전 참고할 수 있습니다."
"DESCRIPTION_TEMPLATE","316","업체상세","4","x 관련 loc x 정보를 확인할 수 있습니다 n n 코스와 n n 부터 코스 구성과 가격 운영시간 연락 방법을 한곳에서 확인할 수 있습니다","shops/seoul/gwanak-gu/성현동/한국미인테라피/index.html || 한국미인테라피 관련 관악구 성현동 정보를 확인할 수 있습니다. 60분·90분 코스와 100,000원부터 코스 구성과 가격, 운영시간, 연락 방법을 한곳에서 확인할 수 있습니다.","shops/seoul/jongno-gu/삼청동/너무이쁜테라피/index.html || 너무이쁜테라피 관련 종로구 삼청동 정보를 확인할 수 있습니다. 60분·90분 코스와 60,000원부터 코스 구성과 가격, 운영시간, 연락 방법을 한곳에서 확인할 수 있습니다.","shops/gyeonggi/namyangju/양정동/love테라피/index.html || love테라피 관련 남양주시 양정동 정보를 확인할 수 있습니다. 60분·90분 코스와 70,000원부터 코스 구성과 가격, 운영시간, 연락 방법을 한곳에서 확인할 수 있습니다."
"DESCRIPTION_TEMPLATE","317","업체상세","4","loc x 에서 x 이용 전 확인할 정보를 모았습니다 n n 부터 확인되는 가격과 n n 코스 정보를 참고해 운영시간과 코스 구성 가격 연락 방법을 한 페이지에서 확인할 수 있습니다","shops/seoul/gwanak-gu/서림동/프리미엄테라피/index.html || 관악구 서림동에서 프리미엄테라피 이용 전 확인할 정보를 모았습니다. 60,000원부터 확인되는 가격과 60분·90분 코스 정보를 참고해 운영시간과 코스 구성, 가격, 연락 방법을 한 페이지에서 확인할 수 있습니다.","shops/seoul/dongdaemun-gu/장안동/love테라피/index.html || 동대문구 장안동에서 love테라피 이용 전 확인할 정보를 모았습니다. 70,000원부터 확인되는 가격과 60분·90분 코스 정보를 참고해 운영시간과 코스 구성, 가격, 연락 방법을 한 페이지에서 확인할 수 있습니다.","shops/gyeonggi/guri/인창동/love테라피/index.html || 구리시 인창동에서 love테라피 이용 전 확인할 정보를 모았습니다. 70,000원부터 확인되는 가격과 60분·90분 코스 정보를 참고해 운영시간과 코스 구성, 가격, 연락 방법을 한 페이지에서 확인할 수 있습니다."
"DESCRIPTION_TEMPLATE","318","지역SEO","4","loc 지역에서 loc loc 등 주변 생활권의 위치 관계를 확인할 수 있습니다 가까운 지역과 연결 방향을 비교해 현재 위치 기준 생활권을 살펴볼 수 있습니다","massage/가양동-출장마사지-강서구-생활권-이동동선-지역정보-이용전-안내/index.html || 가양동 지역에서 공항동·등촌동 등 주변 생활권의 위치 관계를 확인할 수 있습니다. 가까운 지역과 연결 방향을 비교해 현재 위치 기준 생활권을 살펴볼 수 있습니다.","massage/남가좌동-출장마사지-서대문구-생활권-이동동선-지역정보-이용전-안내/index.html || 남가좌동 지역에서 북가좌동·북아현동 등 주변 생활권의 위치 관계를 확인할 수 있습니다. 가까운 지역과 연결 방향을 비교해 현재 위치 기준 생활권을 살펴볼 수 있습니다.","massage/고강동-출장마사지-부천시-오정구-생활권-이동동선-지역정보-이용전-안내/index.html || 고강동 지역에서 고강본동·성곡동 등 주변 생활권의 위치 관계를 확인할 수 있습니다. 가까운 지역과 연결 방향을 비교해 현재 위치 기준 생활권을 살펴볼 수 있습니다."
"DESCRIPTION_TEMPLATE","319","지역SEO","4","loc 기준 생활권과 loc loc loc 등 인접 지역의 범위를 함께 정리했습니다 인접 생활권과 loc 방향을 비교하고 지역 범위를 확인하는 데 참고할 수 있습니다","massage/황학동-출장마사지-중구-생활권-이동동선-지역정보-이용전-안내/index.html || 황학동 기준 생활권과 청구동·필동·회현동 등 인접 지역의 범위를 함께 정리했습니다. 인접 생활권과 이동 방향을 비교하고 지역 범위를 확인하는 데 참고할 수 있습니다.","massage/서서학동-출장마사지-전주-완산구-생활권-이동동선-지역정보-이용전-안내/index.html || 서서학동 기준 생활권과 동서학동·삼천동·서신동 등 인접 지역의 범위를 함께 정리했습니다. 인접 생활권과 이동 방향을 비교하고 지역 범위를 확인하는 데 참고할 수 있습니다.","massage/주월동-출장마사지-광주-남구-생활권-이동동선-지역정보-이용전-안내/index.html || 주월동 기준 생활권과 양림동·월산동·진월동 등 인접 지역의 범위를 함께 정리했습니다. 인접 생활권과 이동 방향을 비교하고 지역 범위를 확인하는 데 참고할 수 있습니다."
"DESCRIPTION_TEMPLATE","320","업체상세","4","loc x 기준 x 의 코스와 이용 정보를 확인할 수 있습니다 n n 코스와 n n 부터 코스별 이용시간과 가격 운영시간 및 연락 방법을 비교할 수 있습니다","shops/seoul/gangbuk-gu/인수동/love테라피/index.html || 강북구 인수동 기준 love테라피의 코스와 이용 정보를 확인할 수 있습니다. 60분·90분 코스와 70,000원부터 코스별 이용시간과 가격, 운영시간 및 연락 방법을 비교할 수 있습니다.","shops/seoul/gwangjin-gu/자양동/프리미엄테라피/index.html || 광진구 자양동 기준 프리미엄테라피의 코스와 이용 정보를 확인할 수 있습니다. 60분·90분 코스와 60,000원부터 코스별 이용시간과 가격, 운영시간 및 연락 방법을 비교할 수 있습니다.","shops/seoul/songpa-gu/삼전동/love테라피/index.html || 송파구 삼전동 기준 love테라피의 코스와 이용 정보를 확인할 수 있습니다. 60분·90분 코스와 70,000원부터 코스별 이용시간과 가격, 운영시간 및 연락 방법을 비교할 수 있습니다."
"DESCRIPTION_TEMPLATE","321","업체상세","4","loc x 에서 x 이용 전 확인할 정보를 모았습니다 n n 이용시간과 n n 부터 확인되는 가격 정보를 함께 확인하며 가격과 이용시간 연락 방법을 확인해 필요한 내용을 loc 비교할 수 있습니다","shops/gyeonggi/gapyeong/청평면/한국미인테라피/index.html || 가평군 청평면에서 한국미인테라피 이용 전 확인할 정보를 모았습니다. 60분·90분 이용시간과 100,000원부터 확인되는 가격 정보를 함께 확인하며 가격과 이용시간, 연락 방법을 확인해 필요한 내용을 미리 비교할 수 있습니다.","shops/gyeonggi/namyangju/오남읍/love테라피/index.html || 남양주시 오남읍에서 love테라피 이용 전 확인할 정보를 모았습니다. 60분·90분 이용시간과 70,000원부터 확인되는 가격 정보를 함께 확인하며 가격과 이용시간, 연락 방법을 확인해 필요한 내용을 미리 비교할 수 있습니다.","shops/gyeonggi/uiwang/부곡동/love테라피/index.html || 의왕시 부곡동에서 love테라피 이용 전 확인할 정보를 모았습니다. 60분·90분 이용시간과 70,000원부터 확인되는 가격 정보를 함께 확인하며 가격과 이용시간, 연락 방법을 확인해 필요한 내용을 미리 비교할 수 있습니다."
"DESCRIPTION_TEMPLATE","322","지역SEO","4","loc 생활권을 중심으로 loc loc loc 등 가까운 지역 정보를 정리했습니다 현재 위치에서 가까운 지역을 비교하고 loc 범위를 살펴볼 때 참고할 수 있습니다","massage/신둔면-출장마사지-이천시-생활권-지역정보-이용안내/index.html || 신둔면 생활권을 중심으로 대월면·마장면·모가면 등 가까운 지역 정보를 정리했습니다. 현재 위치에서 가까운 지역을 비교하고 이동 범위를 살펴볼 때 참고할 수 있습니다.","massage/은행동-출장마사지-시흥시-생활권-이동동선-지역정보-이용전-안내/index.html || 은행동 생활권을 중심으로 연성동·월곶동·장곡동 등 가까운 지역 정보를 정리했습니다. 현재 위치에서 가까운 지역을 비교하고 이동 범위를 살펴볼 때 참고할 수 있습니다.","massage/삼천동-출장마사지-전주-완산구-생활권-이동동선-지역정보-이용전-안내/index.html || 삼천동 생활권을 중심으로 노송동·동서학동·서서학동 등 가까운 지역 정보를 정리했습니다. 현재 위치에서 가까운 지역을 비교하고 이동 범위를 살펴볼 때 참고할 수 있습니다."
"DESCRIPTION_TEMPLATE","323","업체상세","4","loc x 기준으로 x 운영 정보를 정리했습니다 n n 코스와 n n 부터 코스 가격 영업시간과 전화 또는 문자 문의 방법을 확인할 수 있습니다","shops/seoul/gangbuk-gu/인수동/한국미인테라피/index.html || 강북구 인수동 기준으로 한국미인테라피 운영 정보를 정리했습니다. 60분·90분 코스와 100,000원부터 코스·가격·영업시간과 전화 또는 문자 문의 방법을 확인할 수 있습니다.","shops/gyeonggi/gwacheon/부림동/한국미인테라피/index.html || 과천시 부림동 기준으로 한국미인테라피 운영 정보를 정리했습니다. 60분·90분 코스와 100,000원부터 코스·가격·영업시간과 전화 또는 문자 문의 방법을 확인할 수 있습니다.","shops/gyeonggi/siheung/배곧동/프리미엄테라피/index.html || 시흥시 배곧동 기준으로 프리미엄테라피 운영 정보를 정리했습니다. 60분·90분 코스와 60,000원부터 코스·가격·영업시간과 전화 또는 문자 문의 방법을 확인할 수 있습니다."
"DESCRIPTION_TEMPLATE","324","업체상세","4","loc x 기준으로 x 운영 정보를 정리했습니다 n n 부터 시작하는 가격과 n n 코스 정보를 바탕으로 가격과 이용시간 연락 방법을 확인해 필요한 내용을 loc 비교할 수 있습니다","shops/seoul/gangnam-gu/삼성동/프리미엄테라피/index.html || 강남구 삼성동 기준으로 프리미엄테라피 운영 정보를 정리했습니다. 60,000원부터 시작하는 가격과 60분·90분 코스 정보를 바탕으로 가격과 이용시간, 연락 방법을 확인해 필요한 내용을 미리 비교할 수 있습니다.","shops/seoul/seongbuk-gu/월곡동/한국미인테라피/index.html || 성북구 월곡동 기준으로 한국미인테라피 운영 정보를 정리했습니다. 100,000원부터 시작하는 가격과 60분·90분 코스 정보를 바탕으로 가격과 이용시간, 연락 방법을 확인해 필요한 내용을 미리 비교할 수 있습니다.","shops/seoul/songpa-gu/문정동/프리미엄테라피/index.html || 송파구 문정동 기준으로 프리미엄테라피 운영 정보를 정리했습니다. 60,000원부터 시작하는 가격과 60분·90분 코스 정보를 바탕으로 가격과 이용시간, 연락 방법을 확인해 필요한 내용을 미리 비교할 수 있습니다."
"DESCRIPTION_TEMPLATE","325","업체상세","4","loc x 생활권에서 확인할 수 있는 x 정보를 담았습니다 n n 부터 시작하는 가격과 n n 코스 정보를 바탕으로 가격과 코스 구성 영업시간 및 연락 수단을 비교해 이용 전 참고할 수 있습니다","shops/seoul/gangbuk-gu/인수동/프리미엄테라피/index.html || 강북구 인수동 생활권에서 확인할 수 있는 프리미엄테라피 정보를 담았습니다. 60,000원부터 시작하는 가격과 60분·90분 코스 정보를 바탕으로 가격과 코스 구성, 영업시간 및 연락 수단을 비교해 이용 전 참고할 수 있습니다.","shops/seoul/geumcheon-gu/가산동/love테라피/index.html || 금천구 가산동 생활권에서 확인할 수 있는 love테라피 정보를 담았습니다. 70,000원부터 시작하는 가격과 60분·90분 코스 정보를 바탕으로 가격과 코스 구성, 영업시간 및 연락 수단을 비교해 이용 전 참고할 수 있습니다.","shops/seoul/geumcheon-gu/독산동/너무이쁜테라피/index.html || 금천구 독산동 생활권에서 확인할 수 있는 너무이쁜테라피 정보를 담았습니다. 60,000원부터 시작하는 가격과 60분·90분 코스 정보를 바탕으로 가격과 코스 구성, 영업시간 및 연락 수단을 비교해 이용 전 참고할 수 있습니다."
"DESCRIPTION_TEMPLATE","326","지역SEO","4","loc 기준으로 loc loc loc 등 인접 지역 정보를 정리했습니다 생활권 연결 방향과 위치 범위를 비교해 주변 지역을 확인할 때 활용할 수 있습니다","massage/석남동-출장마사지-서해구-생활권-이동동선-지역정보-이용전-안내/index.html || 석남동 기준으로 가좌동·검암경서동·신현원창동 등 인접 지역 정보를 정리했습니다. 생활권 연결 방향과 위치 범위를 비교해 주변 지역을 확인할 때 활용할 수 있습니다.","massage/관음동-출장마사지-대구-북구-생활권-이동동선-지역정보-이용전-안내/index.html || 관음동 기준으로 고성동·관문동·구암동 등 인접 지역 정보를 정리했습니다. 생활권 연결 방향과 위치 범위를 비교해 주변 지역을 확인할 때 활용할 수 있습니다.","massage/초지동-출장마사지-안산시-단원구-생활권-이동동선-지역정보-이용전-안내/index.html || 초지동 기준으로 원곡동·중앙동·호수동 등 인접 지역 정보를 정리했습니다. 생활권 연결 방향과 위치 범위를 비교해 주변 지역을 확인할 때 활용할 수 있습니다."
"DESCRIPTION_TEMPLATE","327","업체상세","4","loc x 에서 x 이용 전 확인할 정보를 모았습니다 n n 시간 구성과 n n 부터 시작하는 가격을 확인하면서 운영시간과 코스 구성 가격 연락 방법을 한 페이지에서 확인할 수 있습니다","shops/seoul/guro-gu/항동/너무이쁜테라피/index.html || 구로구 항동에서 너무이쁜테라피 이용 전 확인할 정보를 모았습니다. 60분·90분 시간 구성과 60,000원부터 시작하는 가격을 확인하면서 운영시간과 코스 구성, 가격, 연락 방법을 한 페이지에서 확인할 수 있습니다.","shops/seoul/yeongdeungpo-gu/여의동/한국미인테라피/index.html || 영등포구 여의동에서 한국미인테라피 이용 전 확인할 정보를 모았습니다. 60분·90분 시간 구성과 100,000원부터 시작하는 가격을 확인하면서 운영시간과 코스 구성, 가격, 연락 방법을 한 페이지에서 확인할 수 있습니다.","shops/gyeonggi/gimpo/장기동/love테라피/index.html || 김포시 장기동에서 love테라피 이용 전 확인할 정보를 모았습니다. 60분·90분 시간 구성과 70,000원부터 시작하는 가격을 확인하면서 운영시간과 코스 구성, 가격, 연락 방법을 한 페이지에서 확인할 수 있습니다."
"DESCRIPTION_TEMPLATE","328","지역SEO","4","loc 지역에서 loc loc loc 등 주변 생활권을 함께 확인할 수 있습니다 현재 위치에서 가까운 지역을 비교하고 loc 범위를 살펴볼 때 참고할 수 있습니다","massage/현덕면-출장마사지-평택시-생활권-지역정보-이용안내/index.html || 현덕면 지역에서 고덕면·서탄면·안중읍 등 주변 생활권을 함께 확인할 수 있습니다. 현재 위치에서 가까운 지역을 비교하고 이동 범위를 살펴볼 때 참고할 수 있습니다.","massage/충무동-출장마사지-창원-진해구-생활권-이동동선-지역정보-이용전-안내/index.html || 충무동 지역에서 이동·자은동·태백동 등 주변 생활권을 함께 확인할 수 있습니다. 현재 위치에서 가까운 지역을 비교하고 이동 범위를 살펴볼 때 참고할 수 있습니다.","massage/대덕면-출장마사지-안성시-생활권-지역정보-이용안내/index.html || 대덕면 지역에서 고삼면·공도읍·금광면 등 주변 생활권을 함께 확인할 수 있습니다. 현재 위치에서 가까운 지역을 비교하고 이동 범위를 살펴볼 때 참고할 수 있습니다."
"DESCRIPTION_TEMPLATE","329","업체상세","4","x 이용 전 살펴볼 loc x 지역 정보를 한곳에 모았습니다 n n 이용시간과 n n 부터 확인되는 가격 정보를 함께 확인하며 코스별 이용시간과 가격 운영시간 및 연락 방법을 비교할 수 있습니다","shops/seoul/gangnam-gu/세곡동/프리미엄테라피/index.html || 프리미엄테라피 이용 전 살펴볼 강남구 세곡동 지역 정보를 한곳에 모았습니다. 60분·90분 이용시간과 60,000원부터 확인되는 가격 정보를 함께 확인하며 코스별 이용시간과 가격, 운영시간 및 연락 방법을 비교할 수 있습니다.","shops/gyeonggi/gimpo/고촌읍/한국미인테라피/index.html || 한국미인테라피 이용 전 살펴볼 김포시 고촌읍 지역 정보를 한곳에 모았습니다. 60분·90분 이용시간과 100,000원부터 확인되는 가격 정보를 함께 확인하며 코스별 이용시간과 가격, 운영시간 및 연락 방법을 비교할 수 있습니다.","shops/gyeonggi/yeoju/강천면/한국미인테라피/index.html || 한국미인테라피 이용 전 살펴볼 여주시 강천면 지역 정보를 한곳에 모았습니다. 60분·90분 이용시간과 100,000원부터 확인되는 가격 정보를 함께 확인하며 코스별 이용시간과 가격, 운영시간 및 연락 방법을 비교할 수 있습니다."
"DESCRIPTION_TEMPLATE","330","지역SEO","4","loc 주변의 loc loc loc 등 연결 지역을 중심으로 위치 정보를 구성했습니다 주변 동 읍 면과의 연결 범위를 살펴보고 가까운 지역을 찾는 데 활용할 수 있습니다","massage/조리읍-출장마사지-파주시-생활권-지역정보-이용안내/index.html || 조리읍 주변의 광탄면·문산읍·법원읍 등 연결 지역을 중심으로 위치 정보를 구성했습니다. 주변 동·읍·면과의 연결 범위를 살펴보고 가까운 지역을 찾는 데 활용할 수 있습니다.","massage/우이동-출장마사지-강북구-생활권-이동동선-지역정보-이용전-안내/index.html || 우이동 주변의 송천동·수유동·인수동 등 연결 지역을 중심으로 위치 정보를 구성했습니다. 주변 동·읍·면과의 연결 범위를 살펴보고 가까운 지역을 찾는 데 활용할 수 있습니다.","massage/남현동-출장마사지-관악구-생활권-이동동선-지역정보-이용전-안내/index.html || 남현동 주변의 난곡동·난향동·대학동 등 연결 지역을 중심으로 위치 정보를 구성했습니다. 주변 동·읍·면과의 연결 범위를 살펴보고 가까운 지역을 찾는 데 활용할 수 있습니다."
"DESCRIPTION_TEMPLATE","331","업체상세","4","loc x 에서 x 이용 전 확인할 정보를 모았습니다 n n 부터 확인되는 가격 정보와 n n 코스 시간을 함께 살펴보고 영업시간과 코스별 가격을 확인하고 전화나 문자로 세부 내용을 문의할 수 있습니다","shops/seoul/gangnam-gu/도곡동/한국미인테라피/index.html || 강남구 도곡동에서 한국미인테라피 이용 전 확인할 정보를 모았습니다. 100,000원부터 확인되는 가격 정보와 60분·90분 코스 시간을 함께 살펴보고 영업시간과 코스별 가격을 확인하고 전화나 문자로 세부 내용을 문의할 수 있습니다.","shops/seoul/songpa-gu/오금동/프리미엄테라피/index.html || 송파구 오금동에서 프리미엄테라피 이용 전 확인할 정보를 모았습니다. 60,000원부터 확인되는 가격 정보와 60분·90분 코스 시간을 함께 살펴보고 영업시간과 코스별 가격을 확인하고 전화나 문자로 세부 내용을 문의할 수 있습니다.","shops/gyeonggi/gwangju-gyeonggi/쌍령동/너무이쁜테라피/index.html || 광주시 쌍령동에서 너무이쁜테라피 이용 전 확인할 정보를 모았습니다. 60,000원부터 확인되는 가격 정보와 60분·90분 코스 시간을 함께 살펴보고 영업시간과 코스별 가격을 확인하고 전화나 문자로 세부 내용을 문의할 수 있습니다."
"DESCRIPTION_TEMPLATE","332","업체상세","4","x 관련 loc x 정보를 확인할 수 있습니다 n n 부터 확인되는 가격 정보와 n n 코스 시간을 함께 살펴보고 가격과 코스 구성 영업시간 및 연락 수단을 비교해 이용 전 참고할 수 있습니다","shops/incheon/michuhol-gu/숭의동/한국미인테라피/index.html || 한국미인테라피 관련 미추홀구 숭의동 정보를 확인할 수 있습니다. 100,000원부터 확인되는 가격 정보와 60분·90분 코스 시간을 함께 살펴보고 가격과 코스 구성, 영업시간 및 연락 수단을 비교해 이용 전 참고할 수 있습니다.","shops/incheon/yeonsu-gu/옥련동/한국미인테라피/index.html || 한국미인테라피 관련 연수구 옥련동 정보를 확인할 수 있습니다. 100,000원부터 확인되는 가격 정보와 60분·90분 코스 시간을 함께 살펴보고 가격과 코스 구성, 영업시간 및 연락 수단을 비교해 이용 전 참고할 수 있습니다.","shops/other/daejeon/daedeok-gu/오정동/24시미녀테라피/index.html || 24시미녀테라피 관련 대덕구 오정동 정보를 확인할 수 있습니다. 70,000원부터 확인되는 가격 정보와 60분·90분 코스 시간을 함께 살펴보고 가격과 코스 구성, 영업시간 및 연락 수단을 비교해 이용 전 참고할 수 있습니다."
"DESCRIPTION_TEMPLATE","333","업체상세","4","loc x 기준 x 의 코스와 이용 정보를 확인할 수 있습니다 n n 코스 구성과 n n 부터 확인되는 가격대를 확인한 뒤 코스 구성과 가격 운영시간 연락 방법을 한곳에서 확인할 수 있습니다","shops/seoul/gangbuk-gu/수유동/love테라피/index.html || 강북구 수유동 기준 love테라피의 코스와 이용 정보를 확인할 수 있습니다. 60분·90분 코스 구성과 70,000원부터 확인되는 가격대를 확인한 뒤 코스 구성과 가격, 운영시간, 연락 방법을 한곳에서 확인할 수 있습니다.","shops/seoul/gangseo-gu/공항동/한국미인테라피/index.html || 강서구 공항동 기준 한국미인테라피의 코스와 이용 정보를 확인할 수 있습니다. 60분·90분 코스 구성과 100,000원부터 확인되는 가격대를 확인한 뒤 코스 구성과 가격, 운영시간, 연락 방법을 한곳에서 확인할 수 있습니다.","shops/other/cheongju/sangdang-gu/남일면/S썸바디테라피/index.html || 상당구 남일면 기준 S썸바디테라피의 코스와 이용 정보를 확인할 수 있습니다. 60분·90분 코스 구성과 50,000원부터 확인되는 가격대를 확인한 뒤 코스 구성과 가격, 운영시간, 연락 방법을 한곳에서 확인할 수 있습니다."
"DESCRIPTION_TEMPLATE","334","업체상세","4","loc x 에서 x 이용 전 확인할 정보를 모았습니다 n n 코스와 n n 부터 가격과 이용시간 연락 방법을 확인해 필요한 내용을 loc 비교할 수 있습니다","shops/seoul/gangbuk-gu/송중동/한국미인테라피/index.html || 강북구 송중동에서 한국미인테라피 이용 전 확인할 정보를 모았습니다. 60분·90분 코스와 100,000원부터 가격과 이용시간, 연락 방법을 확인해 필요한 내용을 미리 비교할 수 있습니다.","shops/seoul/mapo-gu/도화동/너무이쁜테라피/index.html || 마포구 도화동에서 너무이쁜테라피 이용 전 확인할 정보를 모았습니다. 60분·90분 코스와 60,000원부터 가격과 이용시간, 연락 방법을 확인해 필요한 내용을 미리 비교할 수 있습니다.","shops/seoul/mapo-gu/상암동/love테라피/index.html || 마포구 상암동에서 love테라피 이용 전 확인할 정보를 모았습니다. 60분·90분 코스와 70,000원부터 가격과 이용시간, 연락 방법을 확인해 필요한 내용을 미리 비교할 수 있습니다."
"DESCRIPTION_TEMPLATE","335","업체상세","4","x 이용 전 살펴볼 loc x 지역 정보를 한곳에 모았습니다 n n 코스와 n n 부터 확인되는 가격 정보를 포함해 운영시간과 코스 구성 가격 연락 방법을 한 페이지에서 확인할 수 있습니다","shops/seoul/gangdong-gu/둔촌동/프리미엄테라피/index.html || 프리미엄테라피 이용 전 살펴볼 강동구 둔촌동 지역 정보를 한곳에 모았습니다. 60분·90분 코스와 60,000원부터 확인되는 가격 정보를 포함해 운영시간과 코스 구성, 가격, 연락 방법을 한 페이지에서 확인할 수 있습니다.","shops/seoul/gangseo-gu/가양동/love테라피/index.html || love테라피 이용 전 살펴볼 강서구 가양동 지역 정보를 한곳에 모았습니다. 60분·90분 코스와 70,000원부터 확인되는 가격 정보를 포함해 운영시간과 코스 구성, 가격, 연락 방법을 한 페이지에서 확인할 수 있습니다.","shops/gyeonggi/gwangmyeong/일직동/love테라피/index.html || love테라피 이용 전 살펴볼 광명시 일직동 지역 정보를 한곳에 모았습니다. 60분·90분 코스와 70,000원부터 확인되는 가격 정보를 포함해 운영시간과 코스 구성, 가격, 연락 방법을 한 페이지에서 확인할 수 있습니다."
"DESCRIPTION_TEMPLATE","336","업체상세","4","x 이용을 검토할 때 참고할 loc x 상세 정보입니다 n n 부터 시작하는 가격과 n n 코스 정보를 바탕으로 코스 구성과 가격 운영시간 연락 방법을 한곳에서 확인할 수 있습니다","shops/gyeonggi/pyeongtaek/진위면/프리미엄테라피/index.html || 프리미엄테라피 이용을 검토할 때 참고할 평택시 진위면 상세 정보입니다. 60,000원부터 시작하는 가격과 60분·90분 코스 정보를 바탕으로 코스 구성과 가격, 운영시간, 연락 방법을 한곳에서 확인할 수 있습니다.","shops/incheon/namdong-gu/논현동/한국미인테라피/index.html || 한국미인테라피 이용을 검토할 때 참고할 남동구 논현동 상세 정보입니다. 100,000원부터 시작하는 가격과 60분·90분 코스 정보를 바탕으로 코스 구성과 가격, 운영시간, 연락 방법을 한곳에서 확인할 수 있습니다.","shops/incheon/seohae-gu/연희동/프리미엄테라피/index.html || 프리미엄테라피 이용을 검토할 때 참고할 서해구 연희동 상세 정보입니다. 60,000원부터 시작하는 가격과 60분·90분 코스 정보를 바탕으로 코스 구성과 가격, 운영시간, 연락 방법을 한곳에서 확인할 수 있습니다."
"DESCRIPTION_TEMPLATE","337","업체상세","4","x 의 loc x 이용 안내입니다 n n 코스와 n n 부터 확인되는 가격 정보를 포함해 가격과 이용시간 연락 방법을 확인해 필요한 내용을 loc 비교할 수 있습니다","shops/seoul/gangbuk-gu/우이동/너무이쁜테라피/index.html || 너무이쁜테라피의 강북구 우이동 이용 안내입니다. 60분·90분 코스와 60,000원부터 확인되는 가격 정보를 포함해 가격과 이용시간, 연락 방법을 확인해 필요한 내용을 미리 비교할 수 있습니다.","shops/gyeonggi/pocheon/신북면/너무이쁜테라피/index.html || 너무이쁜테라피의 포천시 신북면 이용 안내입니다. 60분·90분 코스와 60,000원부터 확인되는 가격 정보를 포함해 가격과 이용시간, 연락 방법을 확인해 필요한 내용을 미리 비교할 수 있습니다.","shops/incheon/ganghwa-gun/화도면/love테라피/index.html || love테라피의 강화군 화도면 이용 안내입니다. 60분·90분 코스와 70,000원부터 확인되는 가격 정보를 포함해 가격과 이용시간, 연락 방법을 확인해 필요한 내용을 미리 비교할 수 있습니다."
"DESCRIPTION_TEMPLATE","338","지역SEO","4","loc 지역에서 loc loc loc 등 주변 생활권의 위치 관계를 확인할 수 있습니다 주변 위치와 loc 동선을 한눈에 비교할 수 있도록 필요한 정보만 담았습니다","massage/염창동-출장마사지-강서구-염창역-한강주거생활권-업무와-귀가동선-목어깨-피로-방문-홈케어/index.html || 염창동 지역에서 발산동·방화동·우장산동 등 주변 생활권의 위치 관계를 확인할 수 있습니다. 주변 위치와 이동 동선을 한눈에 비교할 수 있도록 필요한 정보만 담았습니다.","massage/광덕면-출장마사지-천안-동남구-생활권-지역정보-이용안내/index.html || 광덕면 지역에서 동면·목천읍·병천면 등 주변 생활권의 위치 관계를 확인할 수 있습니다. 주변 위치와 이동 동선을 한눈에 비교할 수 있도록 필요한 정보만 담았습니다.","massage/태백동-출장마사지-창원-진해구-생활권-이동동선-지역정보-이용전-안내/index.html || 태백동 지역에서 자은동·충무동·풍호동 등 주변 생활권의 위치 관계를 확인할 수 있습니다. 주변 위치와 이동 동선을 한눈에 비교할 수 있도록 필요한 정보만 담았습니다."
"DESCRIPTION_TEMPLATE","339","업체상세","4","loc x 지역의 x 이용 정보를 정리했습니다 n n 코스와 n n 부터 가격과 이용시간 연락 방법을 확인해 필요한 내용을 loc 비교할 수 있습니다","shops/seoul/gangbuk-gu/우이동/프리미엄테라피/index.html || 강북구 우이동 지역의 프리미엄테라피 이용 정보를 정리했습니다. 60분·90분 코스와 60,000원부터 가격과 이용시간, 연락 방법을 확인해 필요한 내용을 미리 비교할 수 있습니다.","shops/seoul/dongdaemun-gu/회기동/프리미엄테라피/index.html || 동대문구 회기동 지역의 프리미엄테라피 이용 정보를 정리했습니다. 60분·90분 코스와 60,000원부터 가격과 이용시간, 연락 방법을 확인해 필요한 내용을 미리 비교할 수 있습니다.","shops/incheon/seohae-gu/청라동/너무이쁜테라피/index.html || 서해구 청라동 지역의 너무이쁜테라피 이용 정보를 정리했습니다. 60분·90분 코스와 60,000원부터 가격과 이용시간, 연락 방법을 확인해 필요한 내용을 미리 비교할 수 있습니다."
"DESCRIPTION_TEMPLATE","340","업체상세","4","loc x 지역의 x 이용 정보를 정리했습니다 n n 시간 구성과 n n 부터 시작하는 가격을 확인하면서 코스 가격 영업시간과 전화 또는 문자 문의 방법을 확인할 수 있습니다","shops/seoul/gangnam-gu/대치동/love테라피/index.html || 강남구 대치동 지역의 love테라피 이용 정보를 정리했습니다. 60분·90분 시간 구성과 70,000원부터 시작하는 가격을 확인하면서 코스·가격·영업시간과 전화 또는 문자 문의 방법을 확인할 수 있습니다.","shops/seoul/songpa-gu/송파동/love테라피/index.html || 송파구 송파동 지역의 love테라피 이용 정보를 정리했습니다. 60분·90분 시간 구성과 70,000원부터 시작하는 가격을 확인하면서 코스·가격·영업시간과 전화 또는 문자 문의 방법을 확인할 수 있습니다.","shops/gyeonggi/yangpyeong/단월면/너무이쁜테라피/index.html || 양평군 단월면 지역의 너무이쁜테라피 이용 정보를 정리했습니다. 60분·90분 시간 구성과 60,000원부터 시작하는 가격을 확인하면서 코스·가격·영업시간과 전화 또는 문자 문의 방법을 확인할 수 있습니다."
"DESCRIPTION_TEMPLATE","341","업체상세","4","loc x 기준 x 의 코스와 이용 정보를 확인할 수 있습니다 n n 코스와 n n 부터 가격과 이용시간 연락 방법을 확인해 필요한 내용을 loc 비교할 수 있습니다","shops/seoul/gangbuk-gu/우이동/love테라피/index.html || 강북구 우이동 기준 love테라피의 코스와 이용 정보를 확인할 수 있습니다. 60분·90분 코스와 70,000원부터 가격과 이용시간, 연락 방법을 확인해 필요한 내용을 미리 비교할 수 있습니다.","shops/seoul/songpa-gu/거여동/love테라피/index.html || 송파구 거여동 기준 love테라피의 코스와 이용 정보를 확인할 수 있습니다. 60분·90분 코스와 70,000원부터 가격과 이용시간, 연락 방법을 확인해 필요한 내용을 미리 비교할 수 있습니다.","shops/gyeonggi/gimpo/월곶면/한국미인테라피/index.html || 김포시 월곶면 기준 한국미인테라피의 코스와 이용 정보를 확인할 수 있습니다. 60분·90분 코스와 100,000원부터 가격과 이용시간, 연락 방법을 확인해 필요한 내용을 미리 비교할 수 있습니다."
"DESCRIPTION_TEMPLATE","342","업체상세","4","loc x 기준 x 의 코스와 이용 정보를 확인할 수 있습니다 n n 부터 시작하는 가격과 n n 코스 정보를 바탕으로 영업시간과 코스별 가격을 확인하고 전화나 문자로 세부 내용을 문의할 수 있습니다","shops/seoul/nowon-gu/4동/love테라피/index.html || 노원구 4동 기준 love테라피의 코스와 이용 정보를 확인할 수 있습니다. 70,000원부터 시작하는 가격과 60분·90분 코스 정보를 바탕으로 영업시간과 코스별 가격을 확인하고 전화나 문자로 세부 내용을 문의할 수 있습니다.","shops/gyeonggi/gwangju-gyeonggi/신현동/한국미인테라피/index.html || 광주시 신현동 기준 한국미인테라피의 코스와 이용 정보를 확인할 수 있습니다. 100,000원부터 시작하는 가격과 60분·90분 코스 정보를 바탕으로 영업시간과 코스별 가격을 확인하고 전화나 문자로 세부 내용을 문의할 수 있습니다.","shops/gyeonggi/uiwang/부곡동/프리미엄테라피/index.html || 의왕시 부곡동 기준 프리미엄테라피의 코스와 이용 정보를 확인할 수 있습니다. 60,000원부터 시작하는 가격과 60분·90분 코스 정보를 바탕으로 영업시간과 코스별 가격을 확인하고 전화나 문자로 세부 내용을 문의할 수 있습니다."
"DESCRIPTION_TEMPLATE","343","지역SEO","4","loc 주변의 loc loc 등 연결 지역을 중심으로 위치 정보를 구성했습니다 주변 동 읍 면과의 연결 범위를 살펴보고 가까운 지역을 찾는 데 활용할 수 있습니다","massage/인창동-출장마사지-구리시-생활권-이동동선-지역정보-이용전-안내/index.html || 인창동 주변의 동구동·수택동 등 연결 지역을 중심으로 위치 정보를 구성했습니다. 주변 동·읍·면과의 연결 범위를 살펴보고 가까운 지역을 찾는 데 활용할 수 있습니다.","massage/거북섬동-출장마사지-시흥시-생활권-이동동선-지역정보-이용전-안내/index.html || 거북섬동 주변의 과림동·군자동 등 연결 지역을 중심으로 위치 정보를 구성했습니다. 주변 동·읍·면과의 연결 범위를 살펴보고 가까운 지역을 찾는 데 활용할 수 있습니다.","massage/청담동-출장마사지-강남구-생활권-이동동선-지역정보-이용전-안내/index.html || 청담동 주변의 일원동·일원본동 등 연결 지역을 중심으로 위치 정보를 구성했습니다. 주변 동·읍·면과의 연결 범위를 살펴보고 가까운 지역을 찾는 데 활용할 수 있습니다."
"DESCRIPTION_TEMPLATE","344","업체상세","4","x 의 코스와 운영 정보를 loc x 기준으로 안내합니다 n n 부터 확인되는 가격 정보와 n n 코스 시간을 함께 살펴보고 운영시간과 코스 구성 가격 연락 방법을 한 페이지에서 확인할 수 있습니다","shops/seoul/gwangjin-gu/중곡동/너무이쁜테라피/index.html || 너무이쁜테라피의 코스와 운영 정보를 광진구 중곡동 기준으로 안내합니다. 60,000원부터 확인되는 가격 정보와 60분·90분 코스 시간을 함께 살펴보고 운영시간과 코스 구성, 가격, 연락 방법을 한 페이지에서 확인할 수 있습니다.","shops/gyeonggi/yangpyeong/강하면/너무이쁜테라피/index.html || 너무이쁜테라피의 코스와 운영 정보를 양평군 강하면 기준으로 안내합니다. 60,000원부터 확인되는 가격 정보와 60분·90분 코스 시간을 함께 살펴보고 운영시간과 코스 구성, 가격, 연락 방법을 한 페이지에서 확인할 수 있습니다.","shops/gyeonggi/pyeongtaek/동삭동/프리미엄테라피/index.html || 프리미엄테라피의 코스와 운영 정보를 평택시 동삭동 기준으로 안내합니다. 60,000원부터 확인되는 가격 정보와 60분·90분 코스 시간을 함께 살펴보고 운영시간과 코스 구성, 가격, 연락 방법을 한 페이지에서 확인할 수 있습니다."
"DESCRIPTION_TEMPLATE","345","지역SEO","4","loc 위치를 기준으로 loc loc loc 등 주변 지역과의 연결 관계를 확인할 수 있습니다 현재 위치에서 이어지는 주변 지역을 살펴보고 loc 방향을 판단할 때 활용할 수 있습니다","massage/철산동-출장마사지-광명시-생활권-이동동선-지역정보-이용전-안내/index.html || 철산동 위치를 기준으로 소하동·일직동·하안동 등 주변 지역과의 연결 관계를 확인할 수 있습니다. 현재 위치에서 이어지는 주변 지역을 살펴보고 이동 방향을 판단할 때 활용할 수 있습니다.","massage/정림동-출장마사지-대전-서구-생활권-이동동선-지역정보-이용전-안내/index.html || 정림동 위치를 기준으로 용문동·월평동·탄방동 등 주변 지역과의 연결 관계를 확인할 수 있습니다. 현재 위치에서 이어지는 주변 지역을 살펴보고 이동 방향을 판단할 때 활용할 수 있습니다.","massage/용암동-출장마사지-청주-상당구-생활권-이동동선-지역정보-이용전-안내/index.html || 용암동 위치를 기준으로 영운동·중앙동·탑대성동 등 주변 지역과의 연결 관계를 확인할 수 있습니다. 현재 위치에서 이어지는 주변 지역을 살펴보고 이동 방향을 판단할 때 활용할 수 있습니다."
"DESCRIPTION_TEMPLATE","346","업체상세","4","loc x 생활권에서 확인할 수 있는 x 정보를 담았습니다 n n 코스와 n n 부터 확인되는 가격 정보를 포함해 가격 코스 구성 영업시간과 문의 수단을 순서대로 확인할 수 있습니다","shops/seoul/guro-gu/구로동/너무이쁜테라피/index.html || 구로구 구로동 생활권에서 확인할 수 있는 너무이쁜테라피 정보를 담았습니다. 60분·90분 코스와 60,000원부터 확인되는 가격 정보를 포함해 가격, 코스 구성, 영업시간과 문의 수단을 순서대로 확인할 수 있습니다.","shops/seoul/seocho-gu/양재동/love테라피/index.html || 서초구 양재동 생활권에서 확인할 수 있는 love테라피 정보를 담았습니다. 60분·90분 코스와 70,000원부터 확인되는 가격 정보를 포함해 가격, 코스 구성, 영업시간과 문의 수단을 순서대로 확인할 수 있습니다.","shops/seoul/seongdong-gu/사근동/프리미엄테라피/index.html || 성동구 사근동 생활권에서 확인할 수 있는 프리미엄테라피 정보를 담았습니다. 60분·90분 코스와 60,000원부터 확인되는 가격 정보를 포함해 가격, 코스 구성, 영업시간과 문의 수단을 순서대로 확인할 수 있습니다."
"DESCRIPTION_TEMPLATE","347","업체상세","4","x 의 loc x 운영 정보와 문의 방법을 정리했습니다 n n 부터 시작하는 가격과 n n 코스 정보를 바탕으로 이용 가능한 코스와 가격 영업시간 전화 문자 문의 정보를 확인할 수 있습니다","shops/seoul/gangbuk-gu/삼양동/한국미인테라피/index.html || 한국미인테라피의 강북구 삼양동 운영 정보와 문의 방법을 정리했습니다. 100,000원부터 시작하는 가격과 60분·90분 코스 정보를 바탕으로 이용 가능한 코스와 가격, 영업시간, 전화·문자 문의 정보를 확인할 수 있습니다.","shops/gyeonggi/gunpo/오금동/한국미인테라피/index.html || 한국미인테라피의 군포시 오금동 운영 정보와 문의 방법을 정리했습니다. 100,000원부터 시작하는 가격과 60분·90분 코스 정보를 바탕으로 이용 가능한 코스와 가격, 영업시간, 전화·문자 문의 정보를 확인할 수 있습니다.","shops/gyeonggi/pocheon/포천동/프리미엄테라피/index.html || 프리미엄테라피의 포천시 포천동 운영 정보와 문의 방법을 정리했습니다. 60,000원부터 시작하는 가격과 60분·90분 코스 정보를 바탕으로 이용 가능한 코스와 가격, 영업시간, 전화·문자 문의 정보를 확인할 수 있습니다."
"DESCRIPTION_TEMPLATE","348","업체상세","4","loc x 에서 x 이용 전 확인할 정보를 모았습니다 n n 코스와 n n 부터 코스 가격 영업시간과 전화 또는 문자 문의 방법을 확인할 수 있습니다","shops/seoul/gwangjin-gu/군자동/프리미엄테라피/index.html || 광진구 군자동에서 프리미엄테라피 이용 전 확인할 정보를 모았습니다. 60분·90분 코스와 60,000원부터 코스·가격·영업시간과 전화 또는 문자 문의 방법을 확인할 수 있습니다.","shops/gyeonggi/siheung/연성동/프리미엄테라피/index.html || 시흥시 연성동에서 프리미엄테라피 이용 전 확인할 정보를 모았습니다. 60분·90분 코스와 60,000원부터 코스·가격·영업시간과 전화 또는 문자 문의 방법을 확인할 수 있습니다.","shops/gyeonggi/anseong/원곡면/한국미인테라피/index.html || 안성시 원곡면에서 한국미인테라피 이용 전 확인할 정보를 모았습니다. 60분·90분 코스와 100,000원부터 코스·가격·영업시간과 전화 또는 문자 문의 방법을 확인할 수 있습니다."
"DESCRIPTION_TEMPLATE","349","업체상세","4","x 이용을 검토할 때 참고할 loc x 상세 정보입니다 n n 코스 구성과 n n 부터 확인되는 가격대를 확인한 뒤 영업시간과 코스별 가격을 확인하고 전화나 문자로 세부 내용을 문의할 수 있습니다","shops/seoul/gwangjin-gu/구의동/프리미엄테라피/index.html || 프리미엄테라피 이용을 검토할 때 참고할 광진구 구의동 상세 정보입니다. 60분·90분 코스 구성과 60,000원부터 확인되는 가격대를 확인한 뒤 영업시간과 코스별 가격을 확인하고 전화나 문자로 세부 내용을 문의할 수 있습니다.","shops/seoul/jungnang-gu/망우본동/프리미엄테라피/index.html || 프리미엄테라피 이용을 검토할 때 참고할 중랑구 망우본동 상세 정보입니다. 60분·90분 코스 구성과 60,000원부터 확인되는 가격대를 확인한 뒤 영업시간과 코스별 가격을 확인하고 전화나 문자로 세부 내용을 문의할 수 있습니다.","shops/gyeonggi/gimpo/하성면/프리미엄테라피/index.html || 프리미엄테라피 이용을 검토할 때 참고할 김포시 하성면 상세 정보입니다. 60분·90분 코스 구성과 60,000원부터 확인되는 가격대를 확인한 뒤 영업시간과 코스별 가격을 확인하고 전화나 문자로 세부 내용을 문의할 수 있습니다."
"DESCRIPTION_TEMPLATE","350","업체상세","4","loc x 에서 이용 가능한 x 정보를 보기 쉽게 정리했습니다 n n 코스 구성과 n n 부터 확인되는 가격대를 확인한 뒤 가격과 이용시간 연락 방법을 확인해 필요한 내용을 loc 비교할 수 있습니다","shops/seoul/gangseo-gu/발산동/love테라피/index.html || 강서구 발산동에서 이용 가능한 love테라피 정보를 보기 쉽게 정리했습니다. 60분·90분 코스 구성과 70,000원부터 확인되는 가격대를 확인한 뒤 가격과 이용시간, 연락 방법을 확인해 필요한 내용을 미리 비교할 수 있습니다.","shops/gyeonggi/yangpyeong/양평읍/한국미인테라피/index.html || 양평군 양평읍에서 이용 가능한 한국미인테라피 정보를 보기 쉽게 정리했습니다. 60분·90분 코스 구성과 100,000원부터 확인되는 가격대를 확인한 뒤 가격과 이용시간, 연락 방법을 확인해 필요한 내용을 미리 비교할 수 있습니다.","shops/gyeonggi/yeoncheon/백학면/너무이쁜테라피/index.html || 연천군 백학면에서 이용 가능한 너무이쁜테라피 정보를 보기 쉽게 정리했습니다. 60분·90분 코스 구성과 60,000원부터 확인되는 가격대를 확인한 뒤 가격과 이용시간, 연락 방법을 확인해 필요한 내용을 미리 비교할 수 있습니다."
"DESCRIPTION_TEMPLATE","351","지역SEO","4","loc 기준으로 loc loc loc 등 인접 지역 정보를 정리했습니다 인접 생활권과 loc 방향을 비교하고 지역 범위를 확인하는 데 참고할 수 있습니다","massage/문의면-출장마사지-청주-상당구-생활권-지역정보-이용안내/index.html || 문의면 기준으로 가덕면·남일면·낭성면 등 인접 지역 정보를 정리했습니다. 인접 생활권과 이동 방향을 비교하고 지역 범위를 확인하는 데 참고할 수 있습니다.","massage/혁신동-출장마사지-대구-동구-생활권-이동동선-지역정보-이용전-안내/index.html || 혁신동 기준으로 지저동·해안동·효목동 등 인접 지역 정보를 정리했습니다. 인접 생활권과 이동 방향을 비교하고 지역 범위를 확인하는 데 참고할 수 있습니다.","massage/신가동-출장마사지-광주-광산구-생활권-이동동선-지역정보-이용전-안내/index.html || 신가동 기준으로 송정동·수완동·신창동 등 인접 지역 정보를 정리했습니다. 인접 생활권과 이동 방향을 비교하고 지역 범위를 확인하는 데 참고할 수 있습니다."
"DESCRIPTION_TEMPLATE","352","업체상세","4","loc x 에서 x 이용 전 확인할 정보를 모았습니다 n n 부터 시작하는 가격과 n n 코스 정보를 바탕으로 영업시간과 코스별 가격을 확인하고 전화나 문자로 세부 내용을 문의할 수 있습니다","shops/seoul/gangnam-gu/신사동/love테라피/index.html || 강남구 신사동에서 love테라피 이용 전 확인할 정보를 모았습니다. 70,000원부터 시작하는 가격과 60분·90분 코스 정보를 바탕으로 영업시간과 코스별 가격을 확인하고 전화나 문자로 세부 내용을 문의할 수 있습니다.","shops/seoul/seongdong-gu/금호4가동/너무이쁜테라피/index.html || 성동구 금호4가동에서 너무이쁜테라피 이용 전 확인할 정보를 모았습니다. 60,000원부터 시작하는 가격과 60분·90분 코스 정보를 바탕으로 영업시간과 코스별 가격을 확인하고 전화나 문자로 세부 내용을 문의할 수 있습니다.","shops/seoul/seongbuk-gu/장위동/프리미엄테라피/index.html || 성북구 장위동에서 프리미엄테라피 이용 전 확인할 정보를 모았습니다. 60,000원부터 시작하는 가격과 60분·90분 코스 정보를 바탕으로 영업시간과 코스별 가격을 확인하고 전화나 문자로 세부 내용을 문의할 수 있습니다."
"DESCRIPTION_TEMPLATE","353","업체상세","4","x 이용 전 살펴볼 loc x 지역 정보를 한곳에 모았습니다 n n 시간 구성과 n n 부터 시작하는 가격을 확인하면서 코스 구성과 가격 운영시간 연락 방법을 한곳에서 확인할 수 있습니다","shops/seoul/gwangjin-gu/군자동/너무이쁜테라피/index.html || 너무이쁜테라피 이용 전 살펴볼 광진구 군자동 지역 정보를 한곳에 모았습니다. 60분·90분 시간 구성과 60,000원부터 시작하는 가격을 확인하면서 코스 구성과 가격, 운영시간, 연락 방법을 한곳에서 확인할 수 있습니다.","shops/seoul/mapo-gu/대흥동/너무이쁜테라피/index.html || 너무이쁜테라피 이용 전 살펴볼 마포구 대흥동 지역 정보를 한곳에 모았습니다. 60분·90분 시간 구성과 60,000원부터 시작하는 가격을 확인하면서 코스 구성과 가격, 운영시간, 연락 방법을 한곳에서 확인할 수 있습니다.","shops/seoul/seongbuk-gu/돈암동/love테라피/index.html || love테라피 이용 전 살펴볼 성북구 돈암동 지역 정보를 한곳에 모았습니다. 60분·90분 시간 구성과 70,000원부터 시작하는 가격을 확인하면서 코스 구성과 가격, 운영시간, 연락 방법을 한곳에서 확인할 수 있습니다."
"DESCRIPTION_TEMPLATE","354","지역SEO","4","loc 기준 생활권과 loc loc 등 인접 지역의 범위를 함께 정리했습니다 생활권별 위치와 loc 흐름을 비교해 주변 지역을 확인하기 쉽도록 구성했습니다","massage/관고동-출장마사지-이천시-생활권-이동동선-지역정보-이용전-안내/index.html || 관고동 기준 생활권과 중리동·증포동 등 인접 지역의 범위를 함께 정리했습니다. 생활권별 위치와 이동 흐름을 비교해 주변 지역을 확인하기 쉽도록 구성했습니다.","massage/가산동-출장마사지-금천구-생활권-이동동선-지역정보-이용전-안내/index.html || 가산동 기준 생활권과 독산동·시흥동 등 인접 지역의 범위를 함께 정리했습니다. 생활권별 위치와 이동 흐름을 비교해 주변 지역을 확인하기 쉽도록 구성했습니다.","massage/남영동-출장마사지-용산구-생활권-이동동선-지역정보-이용전-안내/index.html || 남영동 기준 생활권과 보광동·서빙고동 등 인접 지역의 범위를 함께 정리했습니다. 생활권별 위치와 이동 흐름을 비교해 주변 지역을 확인하기 쉽도록 구성했습니다."
"DESCRIPTION_TEMPLATE","355","업체상세","4","loc x 에서 이용 가능한 x 정보를 보기 쉽게 정리했습니다 n n 시간 구성과 n n 부터 시작하는 가격을 확인하면서 코스별 이용시간과 가격 운영시간 및 연락 방법을 비교할 수 있습니다","shops/seoul/guro-gu/항동/한국미인테라피/index.html || 구로구 항동에서 이용 가능한 한국미인테라피 정보를 보기 쉽게 정리했습니다. 60분·90분 시간 구성과 100,000원부터 시작하는 가격을 확인하면서 코스별 이용시간과 가격, 운영시간 및 연락 방법을 비교할 수 있습니다.","shops/gyeonggi/gunpo/군포동/프리미엄테라피/index.html || 군포시 군포동에서 이용 가능한 프리미엄테라피 정보를 보기 쉽게 정리했습니다. 60분·90분 시간 구성과 60,000원부터 시작하는 가격을 확인하면서 코스별 이용시간과 가격, 운영시간 및 연락 방법을 비교할 수 있습니다.","shops/incheon/jemulpo-gu/만석동/너무이쁜테라피/index.html || 제물포구 만석동에서 이용 가능한 너무이쁜테라피 정보를 보기 쉽게 정리했습니다. 60분·90분 시간 구성과 60,000원부터 시작하는 가격을 확인하면서 코스별 이용시간과 가격, 운영시간 및 연락 방법을 비교할 수 있습니다."
"DESCRIPTION_TEMPLATE","356","업체상세","4","loc x 에서 이용 가능한 x 정보를 보기 쉽게 정리했습니다 n n 부터 확인되는 가격과 n n 코스 정보를 참고해 가격과 코스 구성 영업시간 및 연락 수단을 비교해 이용 전 참고할 수 있습니다","shops/seoul/guro-gu/구로동/프리미엄테라피/index.html || 구로구 구로동에서 이용 가능한 프리미엄테라피 정보를 보기 쉽게 정리했습니다. 60,000원부터 확인되는 가격과 60분·90분 코스 정보를 참고해 가격과 코스 구성, 영업시간 및 연락 수단을 비교해 이용 전 참고할 수 있습니다.","shops/gyeonggi/gwangju-gyeonggi/광남동/한국미인테라피/index.html || 광주시 광남동에서 이용 가능한 한국미인테라피 정보를 보기 쉽게 정리했습니다. 100,000원부터 확인되는 가격과 60분·90분 코스 정보를 참고해 가격과 코스 구성, 영업시간 및 연락 수단을 비교해 이용 전 참고할 수 있습니다.","shops/gyeonggi/namyangju/화도읍/한국미인테라피/index.html || 남양주시 화도읍에서 이용 가능한 한국미인테라피 정보를 보기 쉽게 정리했습니다. 100,000원부터 확인되는 가격과 60분·90분 코스 정보를 참고해 가격과 코스 구성, 영업시간 및 연락 수단을 비교해 이용 전 참고할 수 있습니다."
"DESCRIPTION_TEMPLATE","357","지역SEO","4","loc 위치를 기준으로 loc loc 등 주변 지역과의 연결 관계를 확인할 수 있습니다 지역별 위치 관계와 loc 범위를 함께 비교할 때 참고할 수 있습니다","massage/청천동-출장마사지-부평구-생활권-이동동선-지역정보-이용전-안내/index.html || 청천동 위치를 기준으로 십정동·일신동 등 주변 지역과의 연결 관계를 확인할 수 있습니다. 지역별 위치 관계와 이동 범위를 함께 비교할 때 참고할 수 있습니다.","massage/문성동-출장마사지-천안-동남구-생활권-이동동선-지역정보-이용전-안내/index.html || 문성동 위치를 기준으로 봉명동·신방동 등 주변 지역과의 연결 관계를 확인할 수 있습니다. 지역별 위치 관계와 이동 범위를 함께 비교할 때 참고할 수 있습니다.","massage/고산동-출장마사지-대구-수성구-생활권-이동동선-지역정보-이용전-안내/index.html || 고산동 위치를 기준으로 두산동·만촌동 등 주변 지역과의 연결 관계를 확인할 수 있습니다. 지역별 위치 관계와 이동 범위를 함께 비교할 때 참고할 수 있습니다."
"DESCRIPTION_TEMPLATE","358","업체상세","4","loc x 기준 x 의 코스와 이용 정보를 확인할 수 있습니다 n n 코스 구성과 n n 부터 확인되는 가격대를 확인한 뒤 가격 코스 구성 영업시간과 문의 수단을 순서대로 확인할 수 있습니다","shops/seoul/gangseo-gu/가양동/프리미엄테라피/index.html || 강서구 가양동 기준 프리미엄테라피의 코스와 이용 정보를 확인할 수 있습니다. 60분·90분 코스 구성과 60,000원부터 확인되는 가격대를 확인한 뒤 가격, 코스 구성, 영업시간과 문의 수단을 순서대로 확인할 수 있습니다.","shops/seoul/gwangjin-gu/중곡동/한국미인테라피/index.html || 광진구 중곡동 기준 한국미인테라피의 코스와 이용 정보를 확인할 수 있습니다. 60분·90분 코스 구성과 100,000원부터 확인되는 가격대를 확인한 뒤 가격, 코스 구성, 영업시간과 문의 수단을 순서대로 확인할 수 있습니다.","shops/gyeonggi/dongducheon/송내동/프리미엄테라피/index.html || 동두천시 송내동 기준 프리미엄테라피의 코스와 이용 정보를 확인할 수 있습니다. 60분·90분 코스 구성과 60,000원부터 확인되는 가격대를 확인한 뒤 가격, 코스 구성, 영업시간과 문의 수단을 순서대로 확인할 수 있습니다."
"DESCRIPTION_TEMPLATE","359","지역SEO","4","loc 지역과 loc loc 등 인접 생활권을 함께 살펴볼 수 있도록 구성했습니다 생활권 연결 방향과 위치 범위를 비교해 주변 지역을 확인할 때 활용할 수 있습니다","massage/갈산동-출장마사지-부평구-생활권-이동동선-지역정보-이용전-안내/index.html || 갈산동 지역과 부개동·부평동 등 인접 생활권을 함께 살펴볼 수 있도록 구성했습니다. 생활권 연결 방향과 위치 범위를 비교해 주변 지역을 확인할 때 활용할 수 있습니다.","massage/운서동-출장마사지-영종구-생활권-이동동선-지역정보-이용전-안내/index.html || 운서동 지역과 영종동·용유동 등 인접 생활권을 함께 살펴볼 수 있도록 구성했습니다. 생활권 연결 방향과 위치 범위를 비교해 주변 지역을 확인할 때 활용할 수 있습니다.","massage/풍향동-출장마사지-광주-북구-생활권-이동동선-지역정보-이용전-안내/index.html || 풍향동 지역과 중앙동·중흥동 등 인접 생활권을 함께 살펴볼 수 있도록 구성했습니다. 생활권 연결 방향과 위치 범위를 비교해 주변 지역을 확인할 때 활용할 수 있습니다."
"DESCRIPTION_TEMPLATE","360","업체상세","3","x 관련 loc loc x 정보를 확인할 수 있습니다 n n 코스 구성과 n n 부터 확인되는 가격대를 확인한 뒤 가격과 이용시간 연락 방법을 확인해 필요한 내용을 loc 비교할 수 있습니다","shops/gyeonggi/goyang/deogyang-gu/성사동/한국미인테라피/index.html || 한국미인테라피 관련 고양시-덕양구 성사동 정보를 확인할 수 있습니다. 60분·90분 코스 구성과 100,000원부터 확인되는 가격대를 확인한 뒤 가격과 이용시간, 연락 방법을 확인해 필요한 내용을 미리 비교할 수 있습니다.","shops/gyeonggi/suwon/gwonseon-gu/권선동/너무이쁜테라피/index.html || 너무이쁜테라피 관련 수원시-권선구 권선동 정보를 확인할 수 있습니다. 60분·90분 코스 구성과 60,000원부터 확인되는 가격대를 확인한 뒤 가격과 이용시간, 연락 방법을 확인해 필요한 내용을 미리 비교할 수 있습니다.","shops/gyeonggi/ansan/danwon-gu/백운동/프리미엄테라피/index.html || 프리미엄테라피 관련 안산시-단원구 백운동 정보를 확인할 수 있습니다. 60분·90분 코스 구성과 60,000원부터 확인되는 가격대를 확인한 뒤 가격과 이용시간, 연락 방법을 확인해 필요한 내용을 미리 비교할 수 있습니다."
"DESCRIPTION_TEMPLATE","361","업체상세","3","x 의 loc loc x 이용 안내입니다 n n 부터 확인되는 가격 정보와 n n 코스 시간을 함께 살펴보고 가격과 이용시간 연락 방법을 확인해 필요한 내용을 loc 비교할 수 있습니다","shops/gyeonggi/goyang/deogyang-gu/주교동/너무이쁜테라피/index.html || 너무이쁜테라피의 고양시-덕양구 주교동 이용 안내입니다. 60,000원부터 확인되는 가격 정보와 60분·90분 코스 시간을 함께 살펴보고 가격과 이용시간, 연락 방법을 확인해 필요한 내용을 미리 비교할 수 있습니다.","shops/gyeonggi/suwon/gwonseon-gu/평동/한국미인테라피/index.html || 한국미인테라피의 수원시-권선구 평동 이용 안내입니다. 100,000원부터 확인되는 가격 정보와 60분·90분 코스 시간을 함께 살펴보고 가격과 이용시간, 연락 방법을 확인해 필요한 내용을 미리 비교할 수 있습니다.","shops/gyeonggi/yongin/cheoin-gu/모현읍/love테라피/index.html || love테라피의 용인시-처인구 모현읍 이용 안내입니다. 70,000원부터 확인되는 가격 정보와 60분·90분 코스 시간을 함께 살펴보고 가격과 이용시간, 연락 방법을 확인해 필요한 내용을 미리 비교할 수 있습니다."
"DESCRIPTION_TEMPLATE","362","지역SEO","3","loc 주변 지역을 확인할 때 loc loc 등 가까운 생활권을 비교할 수 있습니다 가까운 생활권과 loc 범위를 비교해 지역 선택 전 참고할 수 있습니다","massage/금촌동-출장마사지-파주시-생활권-이동동선-지역정보-이용전-안내/index.html || 금촌동 주변 지역을 확인할 때 교하동·운정동 등 가까운 생활권을 비교할 수 있습니다. 가까운 생활권과 이동 범위를 비교해 지역 선택 전 참고할 수 있습니다.","massage/검단동-출장마사지-검단구-생활권-이동동선-지역정보-이용전-안내/index.html || 검단동 주변 지역을 확인할 때 당하동·마전동 등 가까운 생활권을 비교할 수 있습니다. 가까운 생활권과 이동 범위를 비교해 지역 선택 전 참고할 수 있습니다.","massage/학운동-출장마사지-광주-동구-생활권-이동동선-지역정보-이용전-안내/index.html || 학운동 주변 지역을 확인할 때 충장동·학동 등 가까운 생활권을 비교할 수 있습니다. 가까운 생활권과 이동 범위를 비교해 지역 선택 전 참고할 수 있습니다."
"DESCRIPTION_TEMPLATE","363","업체상세","3","loc loc x 기준 x 의 코스와 이용 정보를 확인할 수 있습니다 n n 코스 구성과 n n 부터 확인되는 가격대를 확인한 뒤 가격과 이용시간 연락 방법을 확인해 필요한 내용을 loc 비교할 수 있습니다","shops/gyeonggi/goyang/deogyang-gu/흥도동/너무이쁜테라피/index.html || 고양시-덕양구 흥도동 기준 너무이쁜테라피의 코스와 이용 정보를 확인할 수 있습니다. 60분·90분 코스 구성과 60,000원부터 확인되는 가격대를 확인한 뒤 가격과 이용시간, 연락 방법을 확인해 필요한 내용을 미리 비교할 수 있습니다.","shops/gyeonggi/bucheon/sosa-gu/옥길동/프리미엄테라피/index.html || 부천시-소사구 옥길동 기준 프리미엄테라피의 코스와 이용 정보를 확인할 수 있습니다. 60분·90분 코스 구성과 60,000원부터 확인되는 가격대를 확인한 뒤 가격과 이용시간, 연락 방법을 확인해 필요한 내용을 미리 비교할 수 있습니다.","shops/gyeonggi/bucheon/wonmi-gu/심곡동/한국미인테라피/index.html || 부천시-원미구 심곡동 기준 한국미인테라피의 코스와 이용 정보를 확인할 수 있습니다. 60분·90분 코스 구성과 100,000원부터 확인되는 가격대를 확인한 뒤 가격과 이용시간, 연락 방법을 확인해 필요한 내용을 미리 비교할 수 있습니다."
"DESCRIPTION_TEMPLATE","364","업체상세","3","x 관련 loc x 정보를 확인할 수 있습니다 n n 부터 시작하는 가격과 n n 코스 정보를 바탕으로 코스 구성과 가격 운영시간 연락 방법을 한곳에서 확인할 수 있습니다","shops/gyeonggi/gapyeong/조종면/love테라피/index.html || love테라피 관련 가평군 조종면 정보를 확인할 수 있습니다. 70,000원부터 시작하는 가격과 60분·90분 코스 정보를 바탕으로 코스 구성과 가격, 운영시간, 연락 방법을 한곳에서 확인할 수 있습니다.","shops/gyeonggi/yeoju/가남읍/한국미인테라피/index.html || 한국미인테라피 관련 여주시 가남읍 정보를 확인할 수 있습니다. 100,000원부터 시작하는 가격과 60분·90분 코스 정보를 바탕으로 코스 구성과 가격, 운영시간, 연락 방법을 한곳에서 확인할 수 있습니다.","shops/other/cheongju/seowon-gu/현도면/S썸바디테라피/index.html || S썸바디테라피 관련 서원구 현도면 정보를 확인할 수 있습니다. 50,000원부터 시작하는 가격과 60분·90분 코스 정보를 바탕으로 코스 구성과 가격, 운영시간, 연락 방법을 한곳에서 확인할 수 있습니다."
"DESCRIPTION_TEMPLATE","365","업체상세","3","x 관련 loc x 정보를 확인할 수 있습니다 n n 코스와 n n 부터 확인되는 가격 정보를 포함해 코스와 가격 영업시간 전화 문자 문의 방법을 함께 확인할 수 있습니다","shops/seoul/gangnam-gu/역삼동/한국미인테라피/index.html || 한국미인테라피 관련 강남구 역삼동 정보를 확인할 수 있습니다. 60분·90분 코스와 100,000원부터 확인되는 가격 정보를 포함해 코스와 가격, 영업시간, 전화·문자 문의 방법을 함께 확인할 수 있습니다.","shops/seoul/gwanak-gu/보라매동/마인드좋은테라피/index.html || 마인드좋은테라피 관련 관악구 보라매동 정보를 확인할 수 있습니다. 60분·90분 코스와 60,000원부터 확인되는 가격 정보를 포함해 코스와 가격, 영업시간, 전화·문자 문의 방법을 함께 확인할 수 있습니다.","shops/seoul/seongdong-gu/왕십리동/love테라피/index.html || love테라피 관련 성동구 왕십리동 정보를 확인할 수 있습니다. 60분·90분 코스와 70,000원부터 확인되는 가격 정보를 포함해 코스와 가격, 영업시간, 전화·문자 문의 방법을 함께 확인할 수 있습니다."
"DESCRIPTION_TEMPLATE","366","업체상세","3","x 의 loc loc x 운영 정보와 문의 방법을 정리했습니다 n n 코스와 n n 부터 확인되는 가격 정보를 포함해 운영시간과 코스 구성 가격 연락 방법을 한 페이지에서 확인할 수 있습니다","shops/gyeonggi/goyang/deogyang-gu/화정동/한국미인테라피/index.html || 한국미인테라피의 고양시-덕양구 화정동 운영 정보와 문의 방법을 정리했습니다. 60분·90분 코스와 100,000원부터 확인되는 가격 정보를 포함해 운영시간과 코스 구성, 가격, 연락 방법을 한 페이지에서 확인할 수 있습니다.","shops/gyeonggi/bucheon/wonmi-gu/원미동/프리미엄테라피/index.html || 프리미엄테라피의 부천시-원미구 원미동 운영 정보와 문의 방법을 정리했습니다. 60분·90분 코스와 60,000원부터 확인되는 가격 정보를 포함해 운영시간과 코스 구성, 가격, 연락 방법을 한 페이지에서 확인할 수 있습니다.","shops/gyeonggi/yongin/cheoin-gu/중앙동/한국미인테라피/index.html || 한국미인테라피의 용인시-처인구 중앙동 운영 정보와 문의 방법을 정리했습니다. 60분·90분 코스와 100,000원부터 확인되는 가격 정보를 포함해 운영시간과 코스 구성, 가격, 연락 방법을 한 페이지에서 확인할 수 있습니다."
"DESCRIPTION_TEMPLATE","367","업체상세","3","loc x 지역의 x 이용 정보를 정리했습니다 n n 코스와 n n 부터 확인되는 가격 정보를 포함해 코스와 가격 영업시간 전화 문자 문의 방법을 함께 확인할 수 있습니다","shops/gyeonggi/gapyeong/설악면/love테라피/index.html || 가평군 설악면 지역의 love테라피 이용 정보를 정리했습니다. 60분·90분 코스와 70,000원부터 확인되는 가격 정보를 포함해 코스와 가격, 영업시간, 전화·문자 문의 방법을 함께 확인할 수 있습니다.","shops/gyeonggi/uijeongbu/신곡동/한국미인테라피/index.html || 의정부시 신곡동 지역의 한국미인테라피 이용 정보를 정리했습니다. 60분·90분 코스와 100,000원부터 확인되는 가격 정보를 포함해 코스와 가격, 영업시간, 전화·문자 문의 방법을 함께 확인할 수 있습니다.","shops/other/daejeon/jung-gu/태평동/S썸바디테라피/index.html || 중구 태평동 지역의 S썸바디테라피 이용 정보를 정리했습니다. 60분·90분 코스와 50,000원부터 확인되는 가격 정보를 포함해 코스와 가격, 영업시간, 전화·문자 문의 방법을 함께 확인할 수 있습니다."
"DESCRIPTION_TEMPLATE","368","업체상세","3","loc x 생활권에서 확인할 수 있는 x 정보를 담았습니다 n n 코스와 n n 부터 이용 전 필요한 코스 가격 운영시간과 연락 정보를 한 번에 살펴볼 수 있습니다","shops/seoul/jungnang-gu/중화동/프리미엄테라피/index.html || 중랑구 중화동 생활권에서 확인할 수 있는 프리미엄테라피 정보를 담았습니다. 60분·90분 코스와 60,000원부터 이용 전 필요한 코스·가격·운영시간과 연락 정보를 한 번에 살펴볼 수 있습니다.","shops/gyeonggi/yeoju/흥천면/한국미인테라피/index.html || 여주시 흥천면 생활권에서 확인할 수 있는 한국미인테라피 정보를 담았습니다. 60분·90분 코스와 100,000원부터 이용 전 필요한 코스·가격·운영시간과 연락 정보를 한 번에 살펴볼 수 있습니다.","shops/other/changwon/masanhappo-gu/진동면/경남테라피/index.html || 마산합포구 진동면 생활권에서 확인할 수 있는 경남테라피 정보를 담았습니다. 60분·90분 코스와 60,000원부터 이용 전 필요한 코스·가격·운영시간과 연락 정보를 한 번에 살펴볼 수 있습니다."
"DESCRIPTION_TEMPLATE","369","지역SEO","3","loc 위치를 기준으로 loc loc 등 주변 지역과의 연결 관계를 확인할 수 있습니다 인접 생활권과 주변 위치를 확인해 loc 동선을 검토할 때 활용할 수 있습니다","massage/운정동-출장마사지-파주시-생활권-이동동선-지역정보-이용전-안내/index.html || 운정동 위치를 기준으로 교하동·금촌동 등 주변 지역과의 연결 관계를 확인할 수 있습니다. 인접 생활권과 주변 위치를 확인해 이동 동선을 검토할 때 활용할 수 있습니다.","massage/강서동-출장마사지-청주-흥덕구-생활권-이동동선-지역정보-이용전-안내/index.html || 강서동 위치를 기준으로 가경동·복대동 등 주변 지역과의 연결 관계를 확인할 수 있습니다. 인접 생활권과 주변 위치를 확인해 이동 동선을 검토할 때 활용할 수 있습니다.","massage/오근장동-출장마사지-청주-청원구-생활권-이동동선-지역정보-이용전-안내/index.html || 오근장동 위치를 기준으로 내덕동·우암동 등 주변 지역과의 연결 관계를 확인할 수 있습니다. 인접 생활권과 주변 위치를 확인해 이동 동선을 검토할 때 활용할 수 있습니다."
"DESCRIPTION_TEMPLATE","370","지역SEO","3","loc 기준 생활권과 loc loc 등 인접 지역의 범위를 함께 정리했습니다 현재 위치에서 이어지는 주변 지역을 살펴보고 loc 방향을 판단할 때 활용할 수 있습니다","massage/흥선동-출장마사지-의정부시-생활권-이동동선-지역정보-이용전-안내/index.html || 흥선동 기준 생활권과 장암동·호원동 등 인접 지역의 범위를 함께 정리했습니다. 현재 위치에서 이어지는 주변 지역을 살펴보고 이동 방향을 판단할 때 활용할 수 있습니다.","massage/회현동-출장마사지-중구-생활권-이동동선-지역정보-이용전-안내/index.html || 회현동 기준 생활권과 필동·황학동 등 인접 지역의 범위를 함께 정리했습니다. 현재 위치에서 이어지는 주변 지역을 살펴보고 이동 방향을 판단할 때 활용할 수 있습니다.","massage/청라동-출장마사지-서해구-생활권-이동동선-지역정보-이용전-안내/index.html || 청라동 기준 생활권과 신현원창동·연희동 등 인접 지역의 범위를 함께 정리했습니다. 현재 위치에서 이어지는 주변 지역을 살펴보고 이동 방향을 판단할 때 활용할 수 있습니다."
"DESCRIPTION_TEMPLATE","371","업체상세","3","x 이용을 검토할 때 참고할 loc x 상세 정보입니다 n n 시간 구성과 n n 부터 시작하는 가격을 확인하면서 가격과 코스 구성 영업시간 및 연락 수단을 비교해 이용 전 참고할 수 있습니다","shops/gyeonggi/gapyeong/상면/한국미인테라피/index.html || 한국미인테라피 이용을 검토할 때 참고할 가평군 상면 상세 정보입니다. 60분·90분 시간 구성과 100,000원부터 시작하는 가격을 확인하면서 가격과 코스 구성, 영업시간 및 연락 수단을 비교해 이용 전 참고할 수 있습니다.","shops/gyeonggi/anseong/일죽면/너무이쁜테라피/index.html || 너무이쁜테라피 이용을 검토할 때 참고할 안성시 일죽면 상세 정보입니다. 60분·90분 시간 구성과 60,000원부터 시작하는 가격을 확인하면서 가격과 코스 구성, 영업시간 및 연락 수단을 비교해 이용 전 참고할 수 있습니다.","shops/gyeonggi/paju/파주읍/love테라피/index.html || love테라피 이용을 검토할 때 참고할 파주시 파주읍 상세 정보입니다. 60분·90분 시간 구성과 70,000원부터 시작하는 가격을 확인하면서 가격과 코스 구성, 영업시간 및 연락 수단을 비교해 이용 전 참고할 수 있습니다."
"DESCRIPTION_TEMPLATE","372","지역SEO","3","loc 주변 지역을 확인할 때 loc loc loc 등 가까운 생활권을 비교할 수 있습니다 생활권 연결 방향과 위치 범위를 비교해 주변 지역을 확인할 때 활용할 수 있습니다","massage/호원동-출장마사지-의정부시-생활권-이동동선-지역정보-이용전-안내/index.html || 호원동 주변 지역을 확인할 때 자금동·장암동·흥선동 등 가까운 생활권을 비교할 수 있습니다. 생활권 연결 방향과 위치 범위를 비교해 주변 지역을 확인할 때 활용할 수 있습니다.","massage/원대동-출장마사지-대구-서구-생활권-이동동선-지역정보-이용전-안내/index.html || 원대동 주변 지역을 확인할 때 비산동·상중이동·평리동 등 가까운 생활권을 비교할 수 있습니다. 생활권 연결 방향과 위치 범위를 비교해 주변 지역을 확인할 때 활용할 수 있습니다.","massage/우아동-출장마사지-전주-덕진구-생활권-이동동선-지역정보-이용전-안내/index.html || 우아동 주변 지역을 확인할 때 송천동·여의동·인후동 등 가까운 생활권을 비교할 수 있습니다. 생활권 연결 방향과 위치 범위를 비교해 주변 지역을 확인할 때 활용할 수 있습니다."
"DESCRIPTION_TEMPLATE","373","업체상세","3","x 관련 loc loc x 정보를 확인할 수 있습니다 n n 시간 구성과 n n 부터 시작하는 가격을 확인하면서 코스 가격 영업시간과 전화 또는 문자 문의 방법을 확인할 수 있습니다","shops/gyeonggi/goyang/deogyang-gu/고양동/너무이쁜테라피/index.html || 너무이쁜테라피 관련 고양시-덕양구 고양동 정보를 확인할 수 있습니다. 60분·90분 시간 구성과 60,000원부터 시작하는 가격을 확인하면서 코스·가격·영업시간과 전화 또는 문자 문의 방법을 확인할 수 있습니다.","shops/gyeonggi/bucheon/ojeong-gu/오정동/한국미인테라피/index.html || 한국미인테라피 관련 부천시-오정구 오정동 정보를 확인할 수 있습니다. 60분·90분 시간 구성과 100,000원부터 시작하는 가격을 확인하면서 코스·가격·영업시간과 전화 또는 문자 문의 방법을 확인할 수 있습니다.","shops/gyeonggi/anyang/dongan-gu/갈산동/프리미엄테라피/index.html || 프리미엄테라피 관련 안양시-동안구 갈산동 정보를 확인할 수 있습니다. 60분·90분 시간 구성과 60,000원부터 시작하는 가격을 확인하면서 코스·가격·영업시간과 전화 또는 문자 문의 방법을 확인할 수 있습니다."
"DESCRIPTION_TEMPLATE","374","업체상세","3","loc loc x 기준으로 x 운영 정보를 정리했습니다 n n 코스와 n n 부터 확인되는 가격 정보를 포함해 이용 가능한 코스와 가격 영업시간 전화 문자 문의 정보를 확인할 수 있습니다","shops/gyeonggi/goyang/deogyang-gu/고양동/love테라피/index.html || 고양시-덕양구 고양동 기준으로 love테라피 운영 정보를 정리했습니다. 60분·90분 코스와 70,000원부터 확인되는 가격 정보를 포함해 이용 가능한 코스와 가격, 영업시간, 전화·문자 문의 정보를 확인할 수 있습니다.","shops/gyeonggi/anyang/dongan-gu/평안동/한국미인테라피/index.html || 안양시-동안구 평안동 기준으로 한국미인테라피 운영 정보를 정리했습니다. 60분·90분 코스와 100,000원부터 확인되는 가격 정보를 포함해 이용 가능한 코스와 가격, 영업시간, 전화·문자 문의 정보를 확인할 수 있습니다.","shops/gyeonggi/anyang/manan-gu/충훈동/너무이쁜테라피/index.html || 안양시-만안구 충훈동 기준으로 너무이쁜테라피 운영 정보를 정리했습니다. 60분·90분 코스와 60,000원부터 확인되는 가격 정보를 포함해 이용 가능한 코스와 가격, 영업시간, 전화·문자 문의 정보를 확인할 수 있습니다."
"DESCRIPTION_TEMPLATE","375","지역SEO","3","loc 생활권을 중심으로 loc loc loc 등 가까운 지역 정보를 정리했습니다 가까운 생활권과 loc 범위를 비교해 지역 선택 전 참고할 수 있습니다","massage/세교동-출장마사지-평택시-생활권-이동동선-지역정보-이용전-안내/index.html || 세교동 생활권을 중심으로 비전동·서정동·송북동 등 가까운 지역 정보를 정리했습니다. 가까운 생활권과 이동 범위를 비교해 지역 선택 전 참고할 수 있습니다.","massage/중계동-출장마사지-노원구-생활권-이동동선-지역정보-이용전-안내/index.html || 중계동 생활권을 중심으로 월계동·중계본동·하계동 등 가까운 지역 정보를 정리했습니다. 가까운 생활권과 이동 범위를 비교해 지역 선택 전 참고할 수 있습니다.","massage/어룡동-출장마사지-광주-광산구-생활권-이동동선-지역정보-이용전-안내/index.html || 어룡동 생활권을 중심으로 신창동·신흥동·우산동 등 가까운 지역 정보를 정리했습니다. 가까운 생활권과 이동 범위를 비교해 지역 선택 전 참고할 수 있습니다."
"DESCRIPTION_TEMPLATE","376","지역SEO","3","loc 생활권과 loc loc 등 가까운 지역의 관계를 정리했습니다 인접 생활권과 loc 방향을 비교하고 지역 범위를 확인하는 데 참고할 수 있습니다","massage/교하동-출장마사지-파주시-생활권-이동동선-지역정보-이용전-안내/index.html || 교하동 생활권과 금촌동·운정동 등 가까운 지역의 관계를 정리했습니다. 인접 생활권과 이동 방향을 비교하고 지역 범위를 확인하는 데 참고할 수 있습니다.","massage/행당동-출장마사지-성동구-생활권-이동동선-지역정보-이용전-안내/index.html || 행당동 생활권과 용답동·응봉동 등 가까운 지역의 관계를 정리했습니다. 인접 생활권과 이동 방향을 비교하고 지역 범위를 확인하는 데 참고할 수 있습니다.","massage/회덕동-출장마사지-대전-대덕구-생활권-이동동선-지역정보-이용전-안내/index.html || 회덕동 생활권과 오정동·중리동 등 가까운 지역의 관계를 정리했습니다. 인접 생활권과 이동 방향을 비교하고 지역 범위를 확인하는 데 참고할 수 있습니다."
"DESCRIPTION_TEMPLATE","377","업체상세","3","x 이용을 검토할 때 참고할 loc x 상세 정보입니다 n n 부터 확인되는 가격 정보와 n n 코스 시간을 함께 살펴보고 가격 코스 구성 영업시간과 문의 수단을 순서대로 확인할 수 있습니다","shops/seoul/eunpyeong-gu/진관동/프리미엄테라피/index.html || 프리미엄테라피 이용을 검토할 때 참고할 은평구 진관동 상세 정보입니다. 60,000원부터 확인되는 가격 정보와 60분·90분 코스 시간을 함께 살펴보고 가격, 코스 구성, 영업시간과 문의 수단을 순서대로 확인할 수 있습니다.","shops/gyeonggi/pocheon/이동면/한국미인테라피/index.html || 한국미인테라피 이용을 검토할 때 참고할 포천시 이동면 상세 정보입니다. 100,000원부터 확인되는 가격 정보와 60분·90분 코스 시간을 함께 살펴보고 가격, 코스 구성, 영업시간과 문의 수단을 순서대로 확인할 수 있습니다.","shops/other/cheongju/sangdang-gu/중앙동/S썸바디테라피/index.html || S썸바디테라피 이용을 검토할 때 참고할 상당구 중앙동 상세 정보입니다. 50,000원부터 확인되는 가격 정보와 60분·90분 코스 시간을 함께 살펴보고 가격, 코스 구성, 영업시간과 문의 수단을 순서대로 확인할 수 있습니다."
"DESCRIPTION_TEMPLATE","378","업체상세","3","loc x 생활권에서 확인할 수 있는 x 정보를 담았습니다 n n 코스 구성과 n n 부터 확인되는 가격대를 확인한 뒤 코스별 이용시간과 가격 운영시간 및 연락 방법을 비교할 수 있습니다","shops/seoul/jongno-gu/가회동/너무이쁜테라피/index.html || 종로구 가회동 생활권에서 확인할 수 있는 너무이쁜테라피 정보를 담았습니다. 60분·90분 코스 구성과 60,000원부터 확인되는 가격대를 확인한 뒤 코스별 이용시간과 가격, 운영시간 및 연락 방법을 비교할 수 있습니다.","shops/incheon/michuhol-gu/4동/너무이쁜테라피/index.html || 미추홀구 4동 생활권에서 확인할 수 있는 너무이쁜테라피 정보를 담았습니다. 60분·90분 코스 구성과 60,000원부터 확인되는 가격대를 확인한 뒤 코스별 이용시간과 가격, 운영시간 및 연락 방법을 비교할 수 있습니다.","shops/other/daejeon/yuseong-gu/원신흥동/24시미녀테라피/index.html || 유성구 원신흥동 생활권에서 확인할 수 있는 24시미녀테라피 정보를 담았습니다. 60분·90분 코스 구성과 70,000원부터 확인되는 가격대를 확인한 뒤 코스별 이용시간과 가격, 운영시간 및 연락 방법을 비교할 수 있습니다."
"DESCRIPTION_TEMPLATE","379","지역SEO","3","loc 기준으로 loc loc 등 인접 지역 정보를 정리했습니다 인접 지역의 위치 관계와 생활권 범위를 비교할 때 참고할 수 있습니다","massage/금천동-출장마사지-청주-상당구-생활권-이동동선-지역정보-이용전-안내/index.html || 금천동 기준으로 성안동·영운동 등 인접 지역 정보를 정리했습니다. 인접 지역의 위치 관계와 생활권 범위를 비교할 때 참고할 수 있습니다.","massage/황금동-출장마사지-대구-수성구-생활권-이동동선-지역정보-이용전-안내/index.html || 황금동 기준으로 지산동·파동 등 인접 지역 정보를 정리했습니다. 인접 지역의 위치 관계와 생활권 범위를 비교할 때 참고할 수 있습니다.","massage/옥길동-출장마사지-부천시-소사구-생활권-이동동선-지역정보-이용전-안내/index.html || 옥길동 기준으로 심곡본동·역곡동 등 인접 지역 정보를 정리했습니다. 인접 지역의 위치 관계와 생활권 범위를 비교할 때 참고할 수 있습니다."
"DESCRIPTION_TEMPLATE","380","지역SEO","3","loc 위치를 기준으로 loc loc 등 주변 지역과의 연결 관계를 확인할 수 있습니다 생활권 연결 방향과 위치 범위를 비교해 주변 지역을 확인할 때 활용할 수 있습니다","massage/청학동-출장마사지-연수구-생활권-이동동선-지역정보-이용전-안내/index.html || 청학동 위치를 기준으로 연수동·옥련동 등 주변 지역과의 연결 관계를 확인할 수 있습니다. 생활권 연결 방향과 위치 범위를 비교해 주변 지역을 확인할 때 활용할 수 있습니다.","massage/관평동-출장마사지-대전-유성구-생활권-이동동선-지역정보-이용전-안내/index.html || 관평동 위치를 기준으로 구즉동·노은동 등 주변 지역과의 연결 관계를 확인할 수 있습니다. 생활권 연결 방향과 위치 범위를 비교해 주변 지역을 확인할 때 활용할 수 있습니다.","massage/곡선동-출장마사지-수원시-권선구-생활권-이동동선-지역정보-이용전-안내/index.html || 곡선동 위치를 기준으로 구운동·권선동 등 주변 지역과의 연결 관계를 확인할 수 있습니다. 생활권 연결 방향과 위치 범위를 비교해 주변 지역을 확인할 때 활용할 수 있습니다."
"DESCRIPTION_TEMPLATE","381","업체상세","3","x 의 loc x 운영 정보와 문의 방법을 정리했습니다 n n 코스와 n n 부터 확인되는 가격 정보를 포함해 영업시간과 코스별 가격을 확인하고 전화나 문자로 세부 내용을 문의할 수 있습니다","shops/seoul/jongno-gu/가회동/프리미엄테라피/index.html || 프리미엄테라피의 종로구 가회동 운영 정보와 문의 방법을 정리했습니다. 60분·90분 코스와 60,000원부터 확인되는 가격 정보를 포함해 영업시간과 코스별 가격을 확인하고 전화나 문자로 세부 내용을 문의할 수 있습니다.","shops/gyeonggi/guri/교문동/프리미엄테라피/index.html || 프리미엄테라피의 구리시 교문동 운영 정보와 문의 방법을 정리했습니다. 60분·90분 코스와 60,000원부터 확인되는 가격 정보를 포함해 영업시간과 코스별 가격을 확인하고 전화나 문자로 세부 내용을 문의할 수 있습니다.","shops/gyeonggi/yangpyeong/청운면/한국미인테라피/index.html || 한국미인테라피의 양평군 청운면 운영 정보와 문의 방법을 정리했습니다. 60분·90분 코스와 100,000원부터 확인되는 가격 정보를 포함해 영업시간과 코스별 가격을 확인하고 전화나 문자로 세부 내용을 문의할 수 있습니다."
"DESCRIPTION_TEMPLATE","382","업체상세","3","loc x 에서 x 이용 전 확인할 정보를 모았습니다 n n 부터 시작하는 가격과 n n 코스 정보를 바탕으로 코스 가격 영업시간과 전화 또는 문자 문의 방법을 확인할 수 있습니다","shops/seoul/jongno-gu/사직동/너무이쁜테라피/index.html || 종로구 사직동에서 너무이쁜테라피 이용 전 확인할 정보를 모았습니다. 60,000원부터 시작하는 가격과 60분·90분 코스 정보를 바탕으로 코스·가격·영업시간과 전화 또는 문자 문의 방법을 확인할 수 있습니다.","shops/gyeonggi/yangpyeong/개군면/너무이쁜테라피/index.html || 양평군 개군면에서 너무이쁜테라피 이용 전 확인할 정보를 모았습니다. 60,000원부터 시작하는 가격과 60분·90분 코스 정보를 바탕으로 코스·가격·영업시간과 전화 또는 문자 문의 방법을 확인할 수 있습니다.","shops/other/daejeon/dong-gu/산내동/24시미녀테라피/index.html || 동구 산내동에서 24시미녀테라피 이용 전 확인할 정보를 모았습니다. 70,000원부터 시작하는 가격과 60분·90분 코스 정보를 바탕으로 코스·가격·영업시간과 전화 또는 문자 문의 방법을 확인할 수 있습니다."
"DESCRIPTION_TEMPLATE","383","지역SEO","3","loc 주변의 loc loc 등 연결 지역을 중심으로 위치 정보를 구성했습니다 주변 위치와 loc 동선을 한눈에 비교할 수 있도록 필요한 정보만 담았습니다","massage/계산동-출장마사지-계양구-생활권-이동동선-지역정보-이용전-안내/index.html || 계산동 주변의 계양동·작전동 등 연결 지역을 중심으로 위치 정보를 구성했습니다. 주변 위치와 이동 동선을 한눈에 비교할 수 있도록 필요한 정보만 담았습니다.","massage/풍산동-출장마사지-고양시-일산동구-생활권-이동동선-지역정보-이용전-안내/index.html || 풍산동 주변의 정발산동·중산동 등 연결 지역을 중심으로 위치 정보를 구성했습니다. 주변 위치와 이동 동선을 한눈에 비교할 수 있도록 필요한 정보만 담았습니다.","massage/광교동-출장마사지-수원시-영통구-생활권-이동동선-지역정보-이용전-안내/index.html || 광교동 주변의 망포동·매탄동 등 연결 지역을 중심으로 위치 정보를 구성했습니다. 주변 위치와 이동 동선을 한눈에 비교할 수 있도록 필요한 정보만 담았습니다."
"DESCRIPTION_TEMPLATE","384","업체상세","3","loc x 기준으로 x 운영 정보를 정리했습니다 n n 부터 확인되는 가격 정보와 n n 코스 시간을 함께 살펴보고 코스 가격 영업시간과 전화 또는 문자 문의 방법을 확인할 수 있습니다","shops/seoul/jongno-gu/교남동/한국미인테라피/index.html || 종로구 교남동 기준으로 한국미인테라피 운영 정보를 정리했습니다. 100,000원부터 확인되는 가격 정보와 60분·90분 코스 시간을 함께 살펴보고 코스·가격·영업시간과 전화 또는 문자 문의 방법을 확인할 수 있습니다.","shops/gyeonggi/gwangmyeong/광명동/한국미인테라피/index.html || 광명시 광명동 기준으로 한국미인테라피 운영 정보를 정리했습니다. 100,000원부터 확인되는 가격 정보와 60분·90분 코스 시간을 함께 살펴보고 코스·가격·영업시간과 전화 또는 문자 문의 방법을 확인할 수 있습니다.","shops/other/jeonju/wansan-gu/중앙동/상큼테라피/index.html || 완산구 중앙동 기준으로 상큼테라피 운영 정보를 정리했습니다. 70,000원부터 확인되는 가격 정보와 60분·90분 코스 시간을 함께 살펴보고 코스·가격·영업시간과 전화 또는 문자 문의 방법을 확인할 수 있습니다."
"DESCRIPTION_TEMPLATE","385","업체상세","3","loc x 에서 x 이용 전 확인할 정보를 모았습니다 n n 코스와 n n 부터 코스와 가격 영업시간 전화 문자 문의 방법을 함께 확인할 수 있습니다","shops/seoul/jongno-gu/부암동/love테라피/index.html || 종로구 부암동에서 love테라피 이용 전 확인할 정보를 모았습니다. 60분·90분 코스와 70,000원부터 코스와 가격, 영업시간, 전화·문자 문의 방법을 함께 확인할 수 있습니다.","shops/gyeonggi/gimpo/사우동/한국미인테라피/index.html || 김포시 사우동에서 한국미인테라피 이용 전 확인할 정보를 모았습니다. 60분·90분 코스와 100,000원부터 코스와 가격, 영업시간, 전화·문자 문의 방법을 함께 확인할 수 있습니다.","shops/gyeonggi/gimpo/장기본동/love테라피/index.html || 김포시 장기본동에서 love테라피 이용 전 확인할 정보를 모았습니다. 60분·90분 코스와 70,000원부터 코스와 가격, 영업시간, 전화·문자 문의 방법을 함께 확인할 수 있습니다."
"DESCRIPTION_TEMPLATE","386","업체상세","3","x 관련 loc x 정보를 확인할 수 있습니다 n n 시간 구성과 n n 부터 시작하는 가격을 확인하면서 가격과 코스 구성 영업시간 및 연락 수단을 비교해 이용 전 참고할 수 있습니다","shops/seoul/eunpyeong-gu/신사동/love테라피/index.html || love테라피 관련 은평구 신사동 정보를 확인할 수 있습니다. 60분·90분 시간 구성과 70,000원부터 시작하는 가격을 확인하면서 가격과 코스 구성, 영업시간 및 연락 수단을 비교해 이용 전 참고할 수 있습니다.","shops/seoul/jung-gu/회현동/love테라피/index.html || love테라피 관련 중구 회현동 정보를 확인할 수 있습니다. 60분·90분 시간 구성과 70,000원부터 시작하는 가격을 확인하면서 가격과 코스 구성, 영업시간 및 연락 수단을 비교해 이용 전 참고할 수 있습니다.","shops/gyeonggi/gimpo/양촌읍/너무이쁜테라피/index.html || 너무이쁜테라피 관련 김포시 양촌읍 정보를 확인할 수 있습니다. 60분·90분 시간 구성과 60,000원부터 시작하는 가격을 확인하면서 가격과 코스 구성, 영업시간 및 연락 수단을 비교해 이용 전 참고할 수 있습니다."
"DESCRIPTION_TEMPLATE","387","지역SEO","3","loc 위치를 기준으로 loc loc loc 등 주변 지역과의 연결 관계를 확인할 수 있습니다 인접 지역의 위치 관계와 생활권 범위를 비교할 때 참고할 수 있습니다","massage/월송동-출장마사지-공주-생활권-이동동선-지역정보-이용전-안내/index.html || 월송동 위치를 기준으로 옥룡동·웅진동·중학동 등 주변 지역과의 연결 관계를 확인할 수 있습니다. 인접 지역의 위치 관계와 생활권 범위를 비교할 때 참고할 수 있습니다.","massage/신창동-출장마사지-광주-광산구-생활권-이동동선-지역정보-이용전-안내/index.html || 신창동 위치를 기준으로 수완동·신가동·신흥동 등 주변 지역과의 연결 관계를 확인할 수 있습니다. 인접 지역의 위치 관계와 생활권 범위를 비교할 때 참고할 수 있습니다.","massage/망포동-출장마사지-수원시-영통구-생활권-이동동선-지역정보-이용전-안내/index.html || 망포동 위치를 기준으로 광교동·매탄동·영통동 등 주변 지역과의 연결 관계를 확인할 수 있습니다. 인접 지역의 위치 관계와 생활권 범위를 비교할 때 참고할 수 있습니다."
"DESCRIPTION_TEMPLATE","388","지역SEO","3","loc 기준으로 loc loc loc 등 인접 지역 정보를 정리했습니다 인접 생활권과 주변 위치를 확인해 loc 동선을 검토할 때 활용할 수 있습니다","massage/옥룡동-출장마사지-공주-생활권-이동동선-지역정보-이용전-안내/index.html || 옥룡동 기준으로 금학동·신관동·웅진동 등 인접 지역 정보를 정리했습니다. 인접 생활권과 주변 위치를 확인해 이동 동선을 검토할 때 활용할 수 있습니다.","massage/영화동-출장마사지-수원시-장안구-생활권-이동동선-지역정보-이용전-안내/index.html || 영화동 기준으로 송죽동·연무동·율천동 등 인접 지역 정보를 정리했습니다. 인접 생활권과 주변 위치를 확인해 이동 동선을 검토할 때 활용할 수 있습니다.","massage/백학면-출장마사지-연천군-생활권-지역정보-이용안내/index.html || 백학면 기준으로 군남면·미산면·신서면 등 인접 지역 정보를 정리했습니다. 인접 생활권과 주변 위치를 확인해 이동 동선을 검토할 때 활용할 수 있습니다."
"DESCRIPTION_TEMPLATE","389","지역SEO","3","loc 지역에서 loc loc loc 등 주변 생활권을 함께 확인할 수 있습니다 인접 생활권과 주변 위치를 확인해 loc 동선을 검토할 때 활용할 수 있습니다","massage/사직동-출장마사지-광주-남구-생활권-이동동선-지역정보-이용전-안내/index.html || 사직동 지역에서 백운동·봉선동·송암동 등 주변 생활권을 함께 확인할 수 있습니다. 인접 생활권과 주변 위치를 확인해 이동 동선을 검토할 때 활용할 수 있습니다.","massage/일산동-출장마사지-고양시-일산서구-생활권-이동동선-지역정보-이용전-안내/index.html || 일산동 지역에서 덕이동·송포동·주엽동 등 주변 생활권을 함께 확인할 수 있습니다. 인접 생활권과 주변 위치를 확인해 이동 동선을 검토할 때 활용할 수 있습니다.","massage/장흥면-출장마사지-양주시-생활권-지역정보-이용안내/index.html || 장흥면 지역에서 광적면·남면·백석읍 등 주변 생활권을 함께 확인할 수 있습니다. 인접 생활권과 주변 위치를 확인해 이동 동선을 검토할 때 활용할 수 있습니다."
"DESCRIPTION_TEMPLATE","390","업체상세","3","loc x 지역의 x 이용 정보를 정리했습니다 n n 부터 확인되는 가격과 n n 코스 정보를 참고해 코스와 가격 영업시간 전화 문자 문의 방법을 함께 확인할 수 있습니다","shops/seoul/eunpyeong-gu/갈현동/너무이쁜테라피/index.html || 은평구 갈현동 지역의 너무이쁜테라피 이용 정보를 정리했습니다. 60,000원부터 확인되는 가격과 60분·90분 코스 정보를 참고해 코스와 가격, 영업시간, 전화·문자 문의 방법을 함께 확인할 수 있습니다.","shops/gyeonggi/gwangju-gyeonggi/경안동/너무이쁜테라피/index.html || 광주시 경안동 지역의 너무이쁜테라피 이용 정보를 정리했습니다. 60,000원부터 확인되는 가격과 60분·90분 코스 정보를 참고해 코스와 가격, 영업시간, 전화·문자 문의 방법을 함께 확인할 수 있습니다.","shops/gyeonggi/hanam/감북동/너무이쁜테라피/index.html || 하남시 감북동 지역의 너무이쁜테라피 이용 정보를 정리했습니다. 60,000원부터 확인되는 가격과 60분·90분 코스 정보를 참고해 코스와 가격, 영업시간, 전화·문자 문의 방법을 함께 확인할 수 있습니다."
"DESCRIPTION_TEMPLATE","391","지역SEO","3","loc 생활권과 loc loc loc 등 가까운 지역의 관계를 정리했습니다 인접 생활권과 주변 위치를 확인해 loc 동선을 검토할 때 활용할 수 있습니다","massage/두산동-출장마사지-대구-수성구-생활권-이동동선-지역정보-이용전-안내/index.html || 두산동 생활권과 고산동·만촌동·범물동 등 가까운 지역의 관계를 정리했습니다. 인접 생활권과 주변 위치를 확인해 이동 동선을 검토할 때 활용할 수 있습니다.","massage/매산동-출장마사지-수원시-팔달구-생활권-이동동선-지역정보-이용전-안내/index.html || 매산동 생활권과 고등동·매교동·우만동 등 가까운 지역의 관계를 정리했습니다. 인접 생활권과 주변 위치를 확인해 이동 동선을 검토할 때 활용할 수 있습니다.","massage/연천읍-출장마사지-연천군-생활권-지역정보-이용안내/index.html || 연천읍 생활권과 군남면·미산면·백학면 등 가까운 지역의 관계를 정리했습니다. 인접 생활권과 주변 위치를 확인해 이동 동선을 검토할 때 활용할 수 있습니다."
"DESCRIPTION_TEMPLATE","392","지역SEO","3","loc 지역에서 loc loc loc 등 주변 생활권을 함께 확인할 수 있습니다 가까운 지역과 연결 방향을 비교해 현재 위치 기준 생활권을 살펴볼 수 있습니다","massage/덕산동-출장마사지-창원-진해구-생활권-이동동선-지역정보-이용전-안내/index.html || 덕산동 지역에서 경화동·병암동·석동 등 주변 생활권을 함께 확인할 수 있습니다. 가까운 지역과 연결 방향을 비교해 현재 위치 기준 생활권을 살펴볼 수 있습니다.","massage/죽전동-출장마사지-대구-달서구-생활권-이동동선-지역정보-이용전-안내/index.html || 죽전동 지역에서 이곡동·장기동·진천동 등 주변 생활권을 함께 확인할 수 있습니다. 가까운 지역과 연결 방향을 비교해 현재 위치 기준 생활권을 살펴볼 수 있습니다.","massage/모현동-출장마사지-익산-생활권-이동동선-지역정보-이용전-안내/index.html || 모현동 지역에서 동산동·마동·삼성동 등 주변 생활권을 함께 확인할 수 있습니다. 가까운 지역과 연결 방향을 비교해 현재 위치 기준 생활권을 살펴볼 수 있습니다."
"DESCRIPTION_TEMPLATE","393","지역SEO","3","loc 기준으로 loc loc 등 인접 지역 정보를 정리했습니다 가까운 생활권과 loc 범위를 비교해 지역 선택 전 참고할 수 있습니다","massage/우암동-출장마사지-청주-청원구-생활권-이동동선-지역정보-이용전-안내/index.html || 우암동 기준으로 내덕동·오근장동 등 인접 지역 정보를 정리했습니다. 가까운 생활권과 이동 범위를 비교해 지역 선택 전 참고할 수 있습니다.","massage/중앙동-출장마사지-창원-성산구-생활권-이동동선-지역정보-이용전-안내/index.html || 중앙동 기준으로 용지동·웅남동 등 인접 지역 정보를 정리했습니다. 가까운 생활권과 이동 범위를 비교해 지역 선택 전 참고할 수 있습니다.","massage/태평동-출장마사지-성남시-수정구-생활권-이동동선-지역정보-이용전-안내/index.html || 태평동 기준으로 양지동·위례동 등 인접 지역 정보를 정리했습니다. 가까운 생활권과 이동 범위를 비교해 지역 선택 전 참고할 수 있습니다."
"DESCRIPTION_TEMPLATE","394","지역SEO","3","loc 생활권을 중심으로 loc loc 등 가까운 지역 정보를 정리했습니다 인접 지역의 위치 관계와 생활권 범위를 비교할 때 참고할 수 있습니다","massage/공산동-출장마사지-대구-동구-생활권-이동동선-지역정보-이용전-안내/index.html || 공산동 생활권을 중심으로 도평동·동촌동 등 가까운 지역 정보를 정리했습니다. 인접 지역의 위치 관계와 생활권 범위를 비교할 때 참고할 수 있습니다.","massage/봉덕동-출장마사지-대구-남구-생활권-이동동선-지역정보-이용전-안내/index.html || 봉덕동 생활권을 중심으로 대명동·이천동 등 가까운 지역 정보를 정리했습니다. 인접 지역의 위치 관계와 생활권 범위를 비교할 때 참고할 수 있습니다.","massage/영덕동-출장마사지-용인시-기흥구-생활권-이동동선-지역정보-이용전-안내/index.html || 영덕동 생활권을 중심으로 서농동·신갈동 등 가까운 지역 정보를 정리했습니다. 인접 지역의 위치 관계와 생활권 범위를 비교할 때 참고할 수 있습니다."
"DESCRIPTION_TEMPLATE","395","업체상세","3","x 관련 loc x 정보를 확인할 수 있습니다 n n 코스 구성과 n n 부터 확인되는 가격대를 확인한 뒤 영업시간과 코스별 가격을 확인하고 전화나 문자로 세부 내용을 문의할 수 있습니다","shops/seoul/eunpyeong-gu/녹번동/프리미엄테라피/index.html || 프리미엄테라피 관련 은평구 녹번동 정보를 확인할 수 있습니다. 60분·90분 코스 구성과 60,000원부터 확인되는 가격대를 확인한 뒤 영업시간과 코스별 가격을 확인하고 전화나 문자로 세부 내용을 문의할 수 있습니다.","shops/incheon/gyeyang-gu/계산동/마인드좋은테라피/index.html || 마인드좋은테라피 관련 계양구 계산동 정보를 확인할 수 있습니다. 60분·90분 코스 구성과 60,000원부터 확인되는 가격대를 확인한 뒤 영업시간과 코스별 가격을 확인하고 전화나 문자로 세부 내용을 문의할 수 있습니다.","shops/incheon/bupyeong-gu/십정동/너무이쁜테라피/index.html || 너무이쁜테라피 관련 부평구 십정동 정보를 확인할 수 있습니다. 60분·90분 코스 구성과 60,000원부터 확인되는 가격대를 확인한 뒤 영업시간과 코스별 가격을 확인하고 전화나 문자로 세부 내용을 문의할 수 있습니다."
"DESCRIPTION_TEMPLATE","396","업체상세","3","x 의 loc x 운영 정보와 문의 방법을 정리했습니다 n n 이용시간과 n n 부터 확인되는 가격 정보를 함께 확인하며 운영시간과 코스 구성 가격 연락 방법을 한 페이지에서 확인할 수 있습니다","shops/seoul/jungnang-gu/망우본동/love테라피/index.html || love테라피의 중랑구 망우본동 운영 정보와 문의 방법을 정리했습니다. 60분·90분 이용시간과 70,000원부터 확인되는 가격 정보를 함께 확인하며 운영시간과 코스 구성, 가격, 연락 방법을 한 페이지에서 확인할 수 있습니다.","shops/gyeonggi/uiwang/고천동/love테라피/index.html || love테라피의 의왕시 고천동 운영 정보와 문의 방법을 정리했습니다. 60분·90분 이용시간과 70,000원부터 확인되는 가격 정보를 함께 확인하며 운영시간과 코스 구성, 가격, 연락 방법을 한 페이지에서 확인할 수 있습니다.","shops/gyeonggi/pyeongtaek/포승읍/너무이쁜테라피/index.html || 너무이쁜테라피의 평택시 포승읍 운영 정보와 문의 방법을 정리했습니다. 60분·90분 이용시간과 60,000원부터 확인되는 가격 정보를 함께 확인하며 운영시간과 코스 구성, 가격, 연락 방법을 한 페이지에서 확인할 수 있습니다."
"DESCRIPTION_TEMPLATE","397","업체상세","3","x 관련 loc x 정보를 확인할 수 있습니다 n n 부터 시작하는 가격과 n n 코스 정보를 바탕으로 가격과 코스 구성 영업시간 및 연락 수단을 비교해 이용 전 참고할 수 있습니다","shops/seoul/jungnang-gu/면목동/한국미인테라피/index.html || 한국미인테라피 관련 중랑구 면목동 정보를 확인할 수 있습니다. 100,000원부터 시작하는 가격과 60분·90분 코스 정보를 바탕으로 가격과 코스 구성, 영업시간 및 연락 수단을 비교해 이용 전 참고할 수 있습니다.","shops/other/daejeon/dong-gu/중앙동/24시미녀테라피/index.html || 24시미녀테라피 관련 동구 중앙동 정보를 확인할 수 있습니다. 70,000원부터 시작하는 가격과 60분·90분 코스 정보를 바탕으로 가격과 코스 구성, 영업시간 및 연락 수단을 비교해 이용 전 참고할 수 있습니다.","shops/other/daegu/suseong-gu/황금동/대구테라피/index.html || 대구테라피 관련 수성구 황금동 정보를 확인할 수 있습니다. 80,000원부터 시작하는 가격과 60분·90분 코스 정보를 바탕으로 가격과 코스 구성, 영업시간 및 연락 수단을 비교해 이용 전 참고할 수 있습니다."
"DESCRIPTION_TEMPLATE","398","업체상세","3","loc x 지역의 x 이용 정보를 정리했습니다 n n 부터 시작하는 가격과 n n 코스 정보를 바탕으로 영업시간과 코스별 가격을 확인하고 전화나 문자로 세부 내용을 문의할 수 있습니다","shops/seoul/jungnang-gu/8동/너무이쁜테라피/index.html || 중랑구 8동 지역의 너무이쁜테라피 이용 정보를 정리했습니다. 60,000원부터 시작하는 가격과 60분·90분 코스 정보를 바탕으로 영업시간과 코스별 가격을 확인하고 전화나 문자로 세부 내용을 문의할 수 있습니다.","shops/gyeonggi/pyeongtaek/서탄면/love테라피/index.html || 평택시 서탄면 지역의 love테라피 이용 정보를 정리했습니다. 70,000원부터 시작하는 가격과 60분·90분 코스 정보를 바탕으로 영업시간과 코스별 가격을 확인하고 전화나 문자로 세부 내용을 문의할 수 있습니다.","shops/gyeonggi/pyeongtaek/신평동/한국미인테라피/index.html || 평택시 신평동 지역의 한국미인테라피 이용 정보를 정리했습니다. 100,000원부터 시작하는 가격과 60분·90분 코스 정보를 바탕으로 영업시간과 코스별 가격을 확인하고 전화나 문자로 세부 내용을 문의할 수 있습니다."
"DESCRIPTION_TEMPLATE","399","업체상세","3","x 이용을 검토할 때 참고할 loc x 상세 정보입니다 n n 이용시간과 n n 부터 확인되는 가격 정보를 함께 확인하며 가격과 이용시간 연락 방법을 확인해 필요한 내용을 loc 비교할 수 있습니다","shops/seoul/jungnang-gu/망우본동/너무이쁜테라피/index.html || 너무이쁜테라피 이용을 검토할 때 참고할 중랑구 망우본동 상세 정보입니다. 60분·90분 이용시간과 60,000원부터 확인되는 가격 정보를 함께 확인하며 가격과 이용시간, 연락 방법을 확인해 필요한 내용을 미리 비교할 수 있습니다.","shops/incheon/jemulpo-gu/연안동/love테라피/index.html || love테라피 이용을 검토할 때 참고할 제물포구 연안동 상세 정보입니다. 60분·90분 이용시간과 70,000원부터 확인되는 가격 정보를 함께 확인하며 가격과 이용시간, 연락 방법을 확인해 필요한 내용을 미리 비교할 수 있습니다.","shops/other/cheongju/seowon-gu/사창동/레드테라피/index.html || 레드테라피 이용을 검토할 때 참고할 서원구 사창동 상세 정보입니다. 60분·90분 이용시간과 60,000원부터 확인되는 가격 정보를 함께 확인하며 가격과 이용시간, 연락 방법을 확인해 필요한 내용을 미리 비교할 수 있습니다."
"DESCRIPTION_TEMPLATE","400","업체상세","3","loc x 기준으로 x 운영 정보를 정리했습니다 n n 부터 확인되는 가격과 n n 코스 정보를 참고해 코스 가격 영업시간과 전화 또는 문자 문의 방법을 확인할 수 있습니다","shops/seoul/jungnang-gu/면목동/너무이쁜테라피/index.html || 중랑구 면목동 기준으로 너무이쁜테라피 운영 정보를 정리했습니다. 60,000원부터 확인되는 가격과 60분·90분 코스 정보를 참고해 코스·가격·영업시간과 전화 또는 문자 문의 방법을 확인할 수 있습니다.","shops/gyeonggi/gimpo/하성면/love테라피/index.html || 김포시 하성면 기준으로 love테라피 운영 정보를 정리했습니다. 70,000원부터 확인되는 가격과 60분·90분 코스 정보를 참고해 코스·가격·영업시간과 전화 또는 문자 문의 방법을 확인할 수 있습니다.","shops/gyeonggi/yeoncheon/청산면/프리미엄테라피/index.html || 연천군 청산면 기준으로 프리미엄테라피 운영 정보를 정리했습니다. 60,000원부터 확인되는 가격과 60분·90분 코스 정보를 참고해 코스·가격·영업시간과 전화 또는 문자 문의 방법을 확인할 수 있습니다."
"DESCRIPTION_TEMPLATE","401","업체상세","3","loc x 에서 x 이용 전 확인할 정보를 모았습니다 n n 이용시간과 n n 부터 확인되는 가격 정보를 함께 확인하며 코스 가격 영업시간과 전화 또는 문자 문의 방법을 확인할 수 있습니다","shops/seoul/jungnang-gu/신내동/love테라피/index.html || 중랑구 신내동에서 love테라피 이용 전 확인할 정보를 모았습니다. 60분·90분 이용시간과 70,000원부터 확인되는 가격 정보를 함께 확인하며 코스·가격·영업시간과 전화 또는 문자 문의 방법을 확인할 수 있습니다.","shops/gyeonggi/gwangju-gyeonggi/탄벌동/너무이쁜테라피/index.html || 광주시 탄벌동에서 너무이쁜테라피 이용 전 확인할 정보를 모았습니다. 60분·90분 이용시간과 60,000원부터 확인되는 가격 정보를 함께 확인하며 코스·가격·영업시간과 전화 또는 문자 문의 방법을 확인할 수 있습니다.","shops/gyeonggi/icheon/증포동/한국미인테라피/index.html || 이천시 증포동에서 한국미인테라피 이용 전 확인할 정보를 모았습니다. 60분·90분 이용시간과 100,000원부터 확인되는 가격 정보를 함께 확인하며 코스·가격·영업시간과 전화 또는 문자 문의 방법을 확인할 수 있습니다."
"DESCRIPTION_TEMPLATE","402","지역SEO","3","loc 지역에서 loc loc loc 등 주변 생활권의 위치 관계를 확인할 수 있습니다 현재 위치에서 이어지는 주변 지역을 살펴보고 loc 방향을 판단할 때 활용할 수 있습니다","massage/신장동-출장마사지-하남시-생활권-이동동선-지역정보-이용전-안내/index.html || 신장동 지역에서 덕풍동·미사동·위례동 등 주변 생활권의 위치 관계를 확인할 수 있습니다. 현재 위치에서 이어지는 주변 지역을 살펴보고 이동 방향을 판단할 때 활용할 수 있습니다.","massage/압구정동-출장마사지-강남구-생활권-이동동선-지역정보-이용전-안내/index.html || 압구정동 지역에서 수서동·신사동·역삼동 등 주변 생활권의 위치 관계를 확인할 수 있습니다. 현재 위치에서 이어지는 주변 지역을 살펴보고 이동 방향을 판단할 때 활용할 수 있습니다.","massage/마장면-출장마사지-이천시-생활권-지역정보-이용안내/index.html || 마장면 지역에서 대월면·모가면·백사면 등 주변 생활권의 위치 관계를 확인할 수 있습니다. 현재 위치에서 이어지는 주변 지역을 살펴보고 이동 방향을 판단할 때 활용할 수 있습니다."
"DESCRIPTION_TEMPLATE","403","업체상세","3","x 이용 전 살펴볼 loc x 지역 정보를 한곳에 모았습니다 n n 부터 확인되는 가격 정보와 n n 코스 시간을 함께 살펴보고 가격 코스 구성 영업시간과 문의 수단을 순서대로 확인할 수 있습니다","shops/seoul/jungnang-gu/묵동/한국미인테라피/index.html || 한국미인테라피 이용 전 살펴볼 중랑구 묵동 지역 정보를 한곳에 모았습니다. 100,000원부터 확인되는 가격 정보와 60분·90분 코스 시간을 함께 살펴보고 가격, 코스 구성, 영업시간과 문의 수단을 순서대로 확인할 수 있습니다.","shops/gyeonggi/siheung/신현동/love테라피/index.html || love테라피 이용 전 살펴볼 시흥시 신현동 지역 정보를 한곳에 모았습니다. 70,000원부터 확인되는 가격 정보와 60분·90분 코스 시간을 함께 살펴보고 가격, 코스 구성, 영업시간과 문의 수단을 순서대로 확인할 수 있습니다.","shops/gyeonggi/siheung/정왕동/프리미엄테라피/index.html || 프리미엄테라피 이용 전 살펴볼 시흥시 정왕동 지역 정보를 한곳에 모았습니다. 60,000원부터 확인되는 가격 정보와 60분·90분 코스 시간을 함께 살펴보고 가격, 코스 구성, 영업시간과 문의 수단을 순서대로 확인할 수 있습니다."
"DESCRIPTION_TEMPLATE","404","업체상세","3","loc x 기준으로 x 운영 정보를 정리했습니다 n n 코스와 n n 부터 확인되는 가격 정보를 포함해 코스 구성과 가격 운영시간 연락 방법을 한곳에서 확인할 수 있습니다","shops/seoul/jungnang-gu/묵동/너무이쁜테라피/index.html || 중랑구 묵동 기준으로 너무이쁜테라피 운영 정보를 정리했습니다. 60분·90분 코스와 60,000원부터 확인되는 가격 정보를 포함해 코스 구성과 가격, 운영시간, 연락 방법을 한곳에서 확인할 수 있습니다.","shops/gyeonggi/yeoju/강천면/너무이쁜테라피/index.html || 여주시 강천면 기준으로 너무이쁜테라피 운영 정보를 정리했습니다. 60분·90분 코스와 60,000원부터 확인되는 가격 정보를 포함해 코스 구성과 가격, 운영시간, 연락 방법을 한곳에서 확인할 수 있습니다.","shops/gyeonggi/pyeongtaek/신평동/love테라피/index.html || 평택시 신평동 기준으로 love테라피 운영 정보를 정리했습니다. 60분·90분 코스와 70,000원부터 확인되는 가격 정보를 포함해 코스 구성과 가격, 운영시간, 연락 방법을 한곳에서 확인할 수 있습니다."
"DESCRIPTION_TEMPLATE","405","업체상세","3","loc x 에서 이용 가능한 x 정보를 보기 쉽게 정리했습니다 n n 시간 구성과 n n 부터 시작하는 가격을 확인하면서 코스별 시간과 가격 운영시간 전화 문자 문의 내용을 살펴볼 수 있습니다","shops/seoul/jung-gu/필동/너무이쁜테라피/index.html || 중구 필동에서 이용 가능한 너무이쁜테라피 정보를 보기 쉽게 정리했습니다. 60분·90분 시간 구성과 60,000원부터 시작하는 가격을 확인하면서 코스별 시간과 가격, 운영시간, 전화·문자 문의 내용을 살펴볼 수 있습니다.","shops/gyeonggi/uijeongbu/녹양동/너무이쁜테라피/index.html || 의정부시 녹양동에서 이용 가능한 너무이쁜테라피 정보를 보기 쉽게 정리했습니다. 60분·90분 시간 구성과 60,000원부터 시작하는 가격을 확인하면서 코스별 시간과 가격, 운영시간, 전화·문자 문의 내용을 살펴볼 수 있습니다.","shops/gyeonggi/paju/적성면/love테라피/index.html || 파주시 적성면에서 이용 가능한 love테라피 정보를 보기 쉽게 정리했습니다. 60분·90분 시간 구성과 70,000원부터 시작하는 가격을 확인하면서 코스별 시간과 가격, 운영시간, 전화·문자 문의 내용을 살펴볼 수 있습니다."
"DESCRIPTION_TEMPLATE","406","지역SEO","3","x 위치를 기준으로 loc loc loc 등 주변 지역과의 연결 관계를 확인할 수 있습니다 현재 위치에서 가까운 지역을 비교하고 loc 범위를 살펴볼 때 참고할 수 있습니다","massage/묵동-출장마사지-중랑구-생활권-이동동선-지역정보-이용전-안내/index.html || 묵동 위치를 기준으로 면목본동·상봉동·신내동 등 주변 지역과의 연결 관계를 확인할 수 있습니다. 현재 위치에서 가까운 지역을 비교하고 이동 범위를 살펴볼 때 참고할 수 있습니다.","massage/수성1가동-출장마사지-대구-수성구-생활권-이동동선-지역정보-이용전-안내/index.html || 수성1가동 위치를 기준으로 범어동·상동·수성4가동 등 주변 지역과의 연결 관계를 확인할 수 있습니다. 현재 위치에서 가까운 지역을 비교하고 이동 범위를 살펴볼 때 참고할 수 있습니다.","massage/임동-출장마사지-광주-북구-생활권-이동동선-지역정보-이용전-안내/index.html || 임동 위치를 기준으로 운암동·일곡동·중앙동 등 주변 지역과의 연결 관계를 확인할 수 있습니다. 현재 위치에서 가까운 지역을 비교하고 이동 범위를 살펴볼 때 참고할 수 있습니다."
"DESCRIPTION_TEMPLATE","407","지역SEO","3","loc 위치를 기준으로 loc loc 등 주변 지역과의 연결 관계를 확인할 수 있습니다 인접 생활권과 loc 방향을 비교하고 지역 범위를 확인하는 데 참고할 수 있습니다","massage/혜화동-출장마사지-종로구-생활권-이동동선-지역정보-이용전-안내/index.html || 혜화동 위치를 기준으로 청운효자동·평창동 등 주변 지역과의 연결 관계를 확인할 수 있습니다. 인접 생활권과 이동 방향을 비교하고 지역 범위를 확인하는 데 참고할 수 있습니다.","massage/가경동-출장마사지-청주-흥덕구-생활권-이동동선-지역정보-이용전-안내/index.html || 가경동 위치를 기준으로 강서동·복대동 등 주변 지역과의 연결 관계를 확인할 수 있습니다. 인접 생활권과 이동 방향을 비교하고 지역 범위를 확인하는 데 참고할 수 있습니다.","massage/청룡동-출장마사지-천안-동남구-생활권-이동동선-지역정보-이용전-안내/index.html || 청룡동 위치를 기준으로 일봉동·중앙동 등 주변 지역과의 연결 관계를 확인할 수 있습니다. 인접 생활권과 이동 방향을 비교하고 지역 범위를 확인하는 데 참고할 수 있습니다."
"DESCRIPTION_TEMPLATE","408","업체상세","3","x 의 loc x 운영 정보와 문의 방법을 정리했습니다 n n 코스와 n n 부터 코스와 가격 영업시간 전화 문자 문의 방법을 함께 확인할 수 있습니다","shops/seoul/jongno-gu/숭인동/너무이쁜테라피/index.html || 너무이쁜테라피의 종로구 숭인동 운영 정보와 문의 방법을 정리했습니다. 60분·90분 코스와 60,000원부터 코스와 가격, 영업시간, 전화·문자 문의 방법을 함께 확인할 수 있습니다.","shops/gyeonggi/siheung/연성동/한국미인테라피/index.html || 한국미인테라피의 시흥시 연성동 운영 정보와 문의 방법을 정리했습니다. 60분·90분 코스와 100,000원부터 코스와 가격, 영업시간, 전화·문자 문의 방법을 함께 확인할 수 있습니다.","shops/other/daegu/dong-gu/동촌동/대구테라피/index.html || 대구테라피의 동구 동촌동 운영 정보와 문의 방법을 정리했습니다. 60분·90분 코스와 80,000원부터 코스와 가격, 영업시간, 전화·문자 문의 방법을 함께 확인할 수 있습니다."
"DESCRIPTION_TEMPLATE","409","업체상세","3","loc x 지역의 x 이용 정보를 정리했습니다 n n 코스와 n n 부터 이용 전 필요한 코스 가격 운영시간과 연락 정보를 한 번에 살펴볼 수 있습니다","shops/seoul/jongno-gu/숭인동/love테라피/index.html || 종로구 숭인동 지역의 love테라피 이용 정보를 정리했습니다. 60분·90분 코스와 70,000원부터 이용 전 필요한 코스·가격·운영시간과 연락 정보를 한 번에 살펴볼 수 있습니다.","shops/seoul/jongno-gu/이화동/love테라피/index.html || 종로구 이화동 지역의 love테라피 이용 정보를 정리했습니다. 60분·90분 코스와 70,000원부터 이용 전 필요한 코스·가격·운영시간과 연락 정보를 한 번에 살펴볼 수 있습니다.","shops/gyeonggi/pyeongtaek/오성면/한국미인테라피/index.html || 평택시 오성면 지역의 한국미인테라피 이용 정보를 정리했습니다. 60분·90분 코스와 100,000원부터 이용 전 필요한 코스·가격·운영시간과 연락 정보를 한 번에 살펴볼 수 있습니다."
"DESCRIPTION_TEMPLATE","410","업체상세","3","x 의 loc x 운영 정보와 문의 방법을 정리했습니다 n n 시간 구성과 n n 부터 시작하는 가격을 확인하면서 가격과 이용시간 연락 방법을 확인해 필요한 내용을 loc 비교할 수 있습니다","shops/seoul/jongno-gu/청운효자동/love테라피/index.html || love테라피의 종로구 청운효자동 운영 정보와 문의 방법을 정리했습니다. 60분·90분 시간 구성과 70,000원부터 시작하는 가격을 확인하면서 가격과 이용시간, 연락 방법을 확인해 필요한 내용을 미리 비교할 수 있습니다.","shops/gyeonggi/pyeongtaek/진위면/한국미인테라피/index.html || 한국미인테라피의 평택시 진위면 운영 정보와 문의 방법을 정리했습니다. 60분·90분 시간 구성과 100,000원부터 시작하는 가격을 확인하면서 가격과 이용시간, 연락 방법을 확인해 필요한 내용을 미리 비교할 수 있습니다.","shops/gyeonggi/hanam/미사동/love테라피/index.html || love테라피의 하남시 미사동 운영 정보와 문의 방법을 정리했습니다. 60분·90분 시간 구성과 70,000원부터 시작하는 가격을 확인하면서 가격과 이용시간, 연락 방법을 확인해 필요한 내용을 미리 비교할 수 있습니다."
"DESCRIPTION_TEMPLATE","411","지역SEO","3","loc 위치를 기준으로 loc loc 등 주변 지역과의 연결 관계를 확인할 수 있습니다 생활권별 위치와 loc 흐름을 비교해 주변 지역을 확인하기 쉽도록 구성했습니다","massage/홍제동-출장마사지-서대문구-생활권-이동동선-지역정보-이용전-안내/index.html || 홍제동 위치를 기준으로 충현동·홍은동 등 주변 지역과의 연결 관계를 확인할 수 있습니다. 생활권별 위치와 이동 흐름을 비교해 주변 지역을 확인하기 쉽도록 구성했습니다.","massage/가음정동-출장마사지-창원-성산구-생활권-이동동선-지역정보-이용전-안내/index.html || 가음정동 위치를 기준으로 반송동·사파동 등 주변 지역과의 연결 관계를 확인할 수 있습니다. 생활권별 위치와 이동 흐름을 비교해 주변 지역을 확인하기 쉽도록 구성했습니다.","massage/효자동-출장마사지-전주-완산구-생활권-이동동선-지역정보-이용전-안내/index.html || 효자동 위치를 기준으로 평화동·풍남동 등 주변 지역과의 연결 관계를 확인할 수 있습니다. 생활권별 위치와 이동 흐름을 비교해 주변 지역을 확인하기 쉽도록 구성했습니다."
"DESCRIPTION_TEMPLATE","412","지역SEO","3","loc 위치를 기준으로 loc loc loc 등 주변 지역과의 연결 관계를 확인할 수 있습니다 생활권 연결 방향과 위치 범위를 비교해 주변 지역을 확인할 때 활용할 수 있습니다","massage/파평면-출장마사지-파주시-생활권-지역정보-이용안내/index.html || 파평면 위치를 기준으로 광탄면·문산읍·법원읍 등 주변 지역과의 연결 관계를 확인할 수 있습니다. 생활권 연결 방향과 위치 범위를 비교해 주변 지역을 확인할 때 활용할 수 있습니다.","massage/원미동-출장마사지-부천시-원미구-생활권-이동동선-지역정보-이용전-안내/index.html || 원미동 위치를 기준으로 약대동·역곡동·중동 등 주변 지역과의 연결 관계를 확인할 수 있습니다. 생활권 연결 방향과 위치 범위를 비교해 주변 지역을 확인할 때 활용할 수 있습니다.","massage/성포동-출장마사지-안산시-상록구-생활권-이동동선-지역정보-이용전-안내/index.html || 성포동 위치를 기준으로 사동·사이동·안산동 등 주변 지역과의 연결 관계를 확인할 수 있습니다. 생활권 연결 방향과 위치 범위를 비교해 주변 지역을 확인할 때 활용할 수 있습니다."
"DESCRIPTION_TEMPLATE","413","업체상세","3","x 의 loc x 이용 안내입니다 n n 이용시간과 n n 부터 확인되는 가격 정보를 함께 확인하며 코스 가격 영업시간과 전화 또는 문자 문의 방법을 확인할 수 있습니다","shops/seoul/jongno-gu/평창동/love테라피/index.html || love테라피의 종로구 평창동 이용 안내입니다. 60분·90분 이용시간과 70,000원부터 확인되는 가격 정보를 함께 확인하며 코스·가격·영업시간과 전화 또는 문자 문의 방법을 확인할 수 있습니다.","shops/gyeonggi/anseong/고삼면/너무이쁜테라피/index.html || 너무이쁜테라피의 안성시 고삼면 이용 안내입니다. 60분·90분 이용시간과 60,000원부터 확인되는 가격 정보를 함께 확인하며 코스·가격·영업시간과 전화 또는 문자 문의 방법을 확인할 수 있습니다.","shops/incheon/jemulpo-gu/연안동/너무이쁜테라피/index.html || 너무이쁜테라피의 제물포구 연안동 이용 안내입니다. 60분·90분 이용시간과 60,000원부터 확인되는 가격 정보를 함께 확인하며 코스·가격·영업시간과 전화 또는 문자 문의 방법을 확인할 수 있습니다."
"DESCRIPTION_TEMPLATE","414","지역SEO","3","loc 지역에서 loc loc loc 등 주변 생활권을 함께 확인할 수 있습니다 주변 동 읍 면과의 연결 범위를 살펴보고 가까운 지역을 찾는 데 활용할 수 있습니다","massage/대조동-출장마사지-은평구-생활권-이동동선-지역정보-이용전-안내/index.html || 대조동 지역에서 구산동·녹번동·불광동 등 주변 생활권을 함께 확인할 수 있습니다. 주변 동·읍·면과의 연결 범위를 살펴보고 가까운 지역을 찾는 데 활용할 수 있습니다.","massage/사파동-출장마사지-창원-성산구-생활권-이동동선-지역정보-이용전-안내/index.html || 사파동 지역에서 가음정동·반송동·상남동 등 주변 생활권을 함께 확인할 수 있습니다. 주변 동·읍·면과의 연결 범위를 살펴보고 가까운 지역을 찾는 데 활용할 수 있습니다.","massage/서농동-출장마사지-용인시-기흥구-생활권-이동동선-지역정보-이용전-안내/index.html || 서농동 지역에서 상갈동·상하동·신갈동 등 주변 생활권을 함께 확인할 수 있습니다. 주변 동·읍·면과의 연결 범위를 살펴보고 가까운 지역을 찾는 데 활용할 수 있습니다."
"DESCRIPTION_TEMPLATE","415","지역SEO","3","loc 위치를 기준으로 loc loc loc 등 주변 지역과의 연결 관계를 확인할 수 있습니다 가까운 지역과 연결 방향을 비교해 현재 위치 기준 생활권을 살펴볼 수 있습니다","massage/자금동-출장마사지-의정부시-생활권-이동동선-지역정보-이용전-안내/index.html || 자금동 위치를 기준으로 신곡동·의정부동·장암동 등 주변 지역과의 연결 관계를 확인할 수 있습니다. 가까운 지역과 연결 방향을 비교해 현재 위치 기준 생활권을 살펴볼 수 있습니다.","massage/북가좌동-출장마사지-서대문구-생활권-이동동선-지역정보-이용전-안내/index.html || 북가좌동 위치를 기준으로 남가좌동·북아현동·신촌동 등 주변 지역과의 연결 관계를 확인할 수 있습니다. 가까운 지역과 연결 방향을 비교해 현재 위치 기준 생활권을 살펴볼 수 있습니다.","massage/부곡동-출장마사지-안산시-상록구-생활권-이동동선-지역정보-이용전-안내/index.html || 부곡동 위치를 기준으로 반월동·본오동·사동 등 주변 지역과의 연결 관계를 확인할 수 있습니다. 가까운 지역과 연결 방향을 비교해 현재 위치 기준 생활권을 살펴볼 수 있습니다."
"DESCRIPTION_TEMPLATE","416","업체상세","3","loc loc x 생활권에서 확인할 수 있는 x 정보를 담았습니다 n n 부터 확인되는 가격과 n n 코스 정보를 참고해 가격과 이용시간 연락 방법을 확인해 필요한 내용을 loc 비교할 수 있습니다","shops/gyeonggi/ansan/danwon-gu/와동/한국미인테라피/index.html || 안산시-단원구 와동 생활권에서 확인할 수 있는 한국미인테라피 정보를 담았습니다. 100,000원부터 확인되는 가격과 60분·90분 코스 정보를 참고해 가격과 이용시간, 연락 방법을 확인해 필요한 내용을 미리 비교할 수 있습니다.","shops/gyeonggi/yongin/suji-gu/동천동/프리미엄테라피/index.html || 용인시-수지구 동천동 생활권에서 확인할 수 있는 프리미엄테라피 정보를 담았습니다. 60,000원부터 확인되는 가격과 60분·90분 코스 정보를 참고해 가격과 이용시간, 연락 방법을 확인해 필요한 내용을 미리 비교할 수 있습니다.","shops/gyeonggi/hwaseong/manse-gu/새솔동/프리미엄테라피/index.html || 화성시-만세구 새솔동 생활권에서 확인할 수 있는 프리미엄테라피 정보를 담았습니다. 60,000원부터 확인되는 가격과 60분·90분 코스 정보를 참고해 가격과 이용시간, 연락 방법을 확인해 필요한 내용을 미리 비교할 수 있습니다."
"DESCRIPTION_TEMPLATE","417","업체상세","3","loc loc x 생활권에서 확인할 수 있는 x 정보를 담았습니다 n n 부터 확인되는 가격 정보와 n n 코스 시간을 함께 살펴보고 가격과 이용시간 연락 방법을 확인해 필요한 내용을 loc 비교할 수 있습니다","shops/gyeonggi/ansan/sangnok-gu/안산동/love테라피/index.html || 안산시-상록구 안산동 생활권에서 확인할 수 있는 love테라피 정보를 담았습니다. 70,000원부터 확인되는 가격 정보와 60분·90분 코스 시간을 함께 살펴보고 가격과 이용시간, 연락 방법을 확인해 필요한 내용을 미리 비교할 수 있습니다.","shops/gyeonggi/ansan/sangnok-gu/안산동/프리미엄테라피/index.html || 안산시-상록구 안산동 생활권에서 확인할 수 있는 프리미엄테라피 정보를 담았습니다. 60,000원부터 확인되는 가격 정보와 60분·90분 코스 시간을 함께 살펴보고 가격과 이용시간, 연락 방법을 확인해 필요한 내용을 미리 비교할 수 있습니다.","shops/gyeonggi/anyang/manan-gu/안양동/love테라피/index.html || 안양시-만안구 안양동 생활권에서 확인할 수 있는 love테라피 정보를 담았습니다. 70,000원부터 확인되는 가격 정보와 60분·90분 코스 시간을 함께 살펴보고 가격과 이용시간, 연락 방법을 확인해 필요한 내용을 미리 비교할 수 있습니다."
"DESCRIPTION_TEMPLATE","418","업체상세","3","loc x 기준 x 의 코스와 이용 정보를 확인할 수 있습니다 n n 부터 확인되는 가격과 n n 코스 정보를 참고해 이용 가능한 코스와 가격 영업시간 전화 문자 문의 정보를 확인할 수 있습니다","shops/gyeonggi/siheung/장곡동/love테라피/index.html || 시흥시 장곡동 기준 love테라피의 코스와 이용 정보를 확인할 수 있습니다. 70,000원부터 확인되는 가격과 60분·90분 코스 정보를 참고해 이용 가능한 코스와 가격, 영업시간, 전화·문자 문의 정보를 확인할 수 있습니다.","shops/gyeonggi/hanam/춘궁동/love테라피/index.html || 하남시 춘궁동 기준 love테라피의 코스와 이용 정보를 확인할 수 있습니다. 70,000원부터 확인되는 가격과 60분·90분 코스 정보를 참고해 이용 가능한 코스와 가격, 영업시간, 전화·문자 문의 정보를 확인할 수 있습니다.","shops/other/daejeon/jung-gu/대흥동/24시미녀테라피/index.html || 중구 대흥동 기준 24시미녀테라피의 코스와 이용 정보를 확인할 수 있습니다. 70,000원부터 확인되는 가격과 60분·90분 코스 정보를 참고해 이용 가능한 코스와 가격, 영업시간, 전화·문자 문의 정보를 확인할 수 있습니다."
"DESCRIPTION_TEMPLATE","419","업체상세","3","x 의 코스와 운영 정보를 loc x 기준으로 안내합니다 n n 부터 확인되는 가격과 n n 코스 정보를 참고해 영업시간과 코스별 가격을 확인하고 전화나 문자로 세부 내용을 문의할 수 있습니다","shops/gyeonggi/siheung/신천동/한국미인테라피/index.html || 한국미인테라피의 코스와 운영 정보를 시흥시 신천동 기준으로 안내합니다. 100,000원부터 확인되는 가격과 60분·90분 코스 정보를 참고해 영업시간과 코스별 가격을 확인하고 전화나 문자로 세부 내용을 문의할 수 있습니다.","shops/incheon/ganghwa-gun/강화읍/한국미인테라피/index.html || 한국미인테라피의 코스와 운영 정보를 강화군 강화읍 기준으로 안내합니다. 100,000원부터 확인되는 가격과 60분·90분 코스 정보를 참고해 영업시간과 코스별 가격을 확인하고 전화나 문자로 세부 내용을 문의할 수 있습니다.","shops/incheon/jemulpo-gu/2동/프리미엄테라피/index.html || 프리미엄테라피의 코스와 운영 정보를 제물포구 2동 기준으로 안내합니다. 60,000원부터 확인되는 가격과 60분·90분 코스 정보를 참고해 영업시간과 코스별 가격을 확인하고 전화나 문자로 세부 내용을 문의할 수 있습니다."
"DESCRIPTION_TEMPLATE","420","지역SEO","3","loc 주변의 loc loc loc 등 연결 지역을 중심으로 위치 정보를 구성했습니다 지역별 위치 관계와 loc 범위를 함께 비교할 때 참고할 수 있습니다","massage/수택동-출장마사지-구리시-생활권-이동동선-지역정보-이용전-안내/index.html || 수택동 주변의 교문동·동구동·인창동 등 연결 지역을 중심으로 위치 정보를 구성했습니다. 지역별 위치 관계와 이동 범위를 함께 비교할 때 참고할 수 있습니다.","massage/동곡동-출장마사지-광주-광산구-생활권-이동동선-지역정보-이용전-안내/index.html || 동곡동 주변의 도산동·본량동·비아동 등 연결 지역을 중심으로 위치 정보를 구성했습니다. 지역별 위치 관계와 이동 범위를 함께 비교할 때 참고할 수 있습니다.","massage/부원동-출장마사지-김해-생활권-이동동선-지역정보-이용전-안내/index.html || 부원동 주변의 내외동·동상동·북부동 등 연결 지역을 중심으로 위치 정보를 구성했습니다. 지역별 위치 관계와 이동 범위를 함께 비교할 때 참고할 수 있습니다."
"DESCRIPTION_TEMPLATE","421","업체상세","3","x 관련 loc x 정보를 확인할 수 있습니다 n n 이용시간과 n n 부터 확인되는 가격 정보를 함께 확인하며 이용 전 필요한 코스 가격 운영시간과 연락 정보를 한 번에 살펴볼 수 있습니다","shops/gyeonggi/yangju/백석읍/한국미인테라피/index.html || 한국미인테라피 관련 양주시 백석읍 정보를 확인할 수 있습니다. 60분·90분 이용시간과 100,000원부터 확인되는 가격 정보를 함께 확인하며 이용 전 필요한 코스·가격·운영시간과 연락 정보를 한 번에 살펴볼 수 있습니다.","shops/incheon/jemulpo-gu/개항동/한국미인테라피/index.html || 한국미인테라피 관련 제물포구 개항동 정보를 확인할 수 있습니다. 60분·90분 이용시간과 100,000원부터 확인되는 가격 정보를 함께 확인하며 이용 전 필요한 코스·가격·운영시간과 연락 정보를 한 번에 살펴볼 수 있습니다.","shops/other/daejeon/dong-gu/자양동/S썸바디테라피/index.html || S썸바디테라피 관련 동구 자양동 정보를 확인할 수 있습니다. 60분·90분 이용시간과 50,000원부터 확인되는 가격 정보를 함께 확인하며 이용 전 필요한 코스·가격·운영시간과 연락 정보를 한 번에 살펴볼 수 있습니다."
"DESCRIPTION_TEMPLATE","422","업체상세","3","loc x 에서 x 이용 전 확인할 정보를 모았습니다 n n 코스와 n n 부터 확인되는 가격 정보를 포함해 이용 전 필요한 코스 가격 운영시간과 연락 정보를 한 번에 살펴볼 수 있습니다","shops/gyeonggi/yangju/옥정동/프리미엄테라피/index.html || 양주시 옥정동에서 프리미엄테라피 이용 전 확인할 정보를 모았습니다. 60분·90분 코스와 60,000원부터 확인되는 가격 정보를 포함해 이용 전 필요한 코스·가격·운영시간과 연락 정보를 한 번에 살펴볼 수 있습니다.","shops/gyeonggi/pyeongtaek/신평동/너무이쁜테라피/index.html || 평택시 신평동에서 너무이쁜테라피 이용 전 확인할 정보를 모았습니다. 60분·90분 코스와 60,000원부터 확인되는 가격 정보를 포함해 이용 전 필요한 코스·가격·운영시간과 연락 정보를 한 번에 살펴볼 수 있습니다.","shops/other/daejeon/daedeok-gu/목상동/24시미녀테라피/index.html || 대덕구 목상동에서 24시미녀테라피 이용 전 확인할 정보를 모았습니다. 60분·90분 코스와 70,000원부터 확인되는 가격 정보를 포함해 이용 전 필요한 코스·가격·운영시간과 연락 정보를 한 번에 살펴볼 수 있습니다."
"DESCRIPTION_TEMPLATE","423","업체상세","3","x 관련 loc x 정보를 확인할 수 있습니다 n n 부터 확인되는 가격 정보와 n n 코스 시간을 함께 살펴보고 코스와 가격 영업시간 전화 문자 문의 방법을 함께 확인할 수 있습니다","shops/gyeonggi/anseong/양성면/love테라피/index.html || love테라피 관련 안성시 양성면 정보를 확인할 수 있습니다. 70,000원부터 확인되는 가격 정보와 60분·90분 코스 시간을 함께 살펴보고 코스와 가격, 영업시간, 전화·문자 문의 방법을 함께 확인할 수 있습니다.","shops/incheon/gyeyang-gu/작전동/너무이쁜테라피/index.html || 너무이쁜테라피 관련 계양구 작전동 정보를 확인할 수 있습니다. 60,000원부터 확인되는 가격 정보와 60분·90분 코스 시간을 함께 살펴보고 코스와 가격, 영업시간, 전화·문자 문의 방법을 함께 확인할 수 있습니다.","shops/incheon/bupyeong-gu/십정동/love테라피/index.html || love테라피 관련 부평구 십정동 정보를 확인할 수 있습니다. 70,000원부터 확인되는 가격 정보와 60분·90분 코스 시간을 함께 살펴보고 코스와 가격, 영업시간, 전화·문자 문의 방법을 함께 확인할 수 있습니다."
"DESCRIPTION_TEMPLATE","424","업체상세","3","loc x 에서 이용 가능한 x 정보를 보기 쉽게 정리했습니다 n n 이용시간과 n n 부터 확인되는 가격 정보를 함께 확인하며 이용 전 필요한 코스 가격 운영시간과 연락 정보를 한 번에 살펴볼 수 있습니다","shops/gyeonggi/anseong/고삼면/프리미엄테라피/index.html || 안성시 고삼면에서 이용 가능한 프리미엄테라피 정보를 보기 쉽게 정리했습니다. 60분·90분 이용시간과 60,000원부터 확인되는 가격 정보를 함께 확인하며 이용 전 필요한 코스·가격·운영시간과 연락 정보를 한 번에 살펴볼 수 있습니다.","shops/gyeonggi/hanam/초이동/프리미엄테라피/index.html || 하남시 초이동에서 이용 가능한 프리미엄테라피 정보를 보기 쉽게 정리했습니다. 60분·90분 이용시간과 60,000원부터 확인되는 가격 정보를 함께 확인하며 이용 전 필요한 코스·가격·운영시간과 연락 정보를 한 번에 살펴볼 수 있습니다.","shops/incheon/jemulpo-gu/개항동/프리미엄테라피/index.html || 제물포구 개항동에서 이용 가능한 프리미엄테라피 정보를 보기 쉽게 정리했습니다. 60분·90분 이용시간과 60,000원부터 확인되는 가격 정보를 함께 확인하며 이용 전 필요한 코스·가격·운영시간과 연락 정보를 한 번에 살펴볼 수 있습니다."
"DESCRIPTION_TEMPLATE","425","업체상세","3","x 의 loc x 운영 정보와 문의 방법을 정리했습니다 n n 코스와 n n 부터 확인되는 가격 정보를 포함해 가격과 이용시간 연락 방법을 확인해 필요한 내용을 loc 비교할 수 있습니다","shops/gyeonggi/anseong/안성동/한국미인테라피/index.html || 한국미인테라피의 안성시 안성동 운영 정보와 문의 방법을 정리했습니다. 60분·90분 코스와 100,000원부터 확인되는 가격 정보를 포함해 가격과 이용시간, 연락 방법을 확인해 필요한 내용을 미리 비교할 수 있습니다.","shops/gyeonggi/yangpyeong/개군면/love테라피/index.html || love테라피의 양평군 개군면 운영 정보와 문의 방법을 정리했습니다. 60분·90분 코스와 70,000원부터 확인되는 가격 정보를 포함해 가격과 이용시간, 연락 방법을 확인해 필요한 내용을 미리 비교할 수 있습니다.","shops/incheon/ganghwa-gun/길상면/프리미엄테라피/index.html || 프리미엄테라피의 강화군 길상면 운영 정보와 문의 방법을 정리했습니다. 60분·90분 코스와 60,000원부터 확인되는 가격 정보를 포함해 가격과 이용시간, 연락 방법을 확인해 필요한 내용을 미리 비교할 수 있습니다."
"DESCRIPTION_TEMPLATE","426","지역SEO","3","loc 지역에서 loc loc 등 주변 생활권을 함께 확인할 수 있습니다 인접 생활권과 loc 방향을 비교하고 지역 범위를 확인하는 데 참고할 수 있습니다","massage/광정동-출장마사지-군포시-생활권-이동동선-지역정보-이용전-안내/index.html || 광정동 지역에서 군포동·궁내동 등 주변 생활권을 함께 확인할 수 있습니다. 인접 생활권과 이동 방향을 비교하고 지역 범위를 확인하는 데 참고할 수 있습니다.","massage/개포동-출장마사지-강남구-생활권-이동동선-지역정보-이용전-안내/index.html || 개포동 지역에서 논현동·대치동 등 주변 생활권을 함께 확인할 수 있습니다. 인접 생활권과 이동 방향을 비교하고 지역 범위를 확인하는 데 참고할 수 있습니다.","massage/신월동-출장마사지-양천구-생활권-이동동선-지역정보-이용전-안내/index.html || 신월동 지역에서 목동·신정동 등 주변 생활권을 함께 확인할 수 있습니다. 인접 생활권과 이동 방향을 비교하고 지역 범위를 확인하는 데 참고할 수 있습니다."
"DESCRIPTION_TEMPLATE","427","업체상세","3","loc loc x 생활권에서 확인할 수 있는 x 정보를 담았습니다 n n 부터 확인되는 가격 정보와 n n 코스 시간을 함께 살펴보고 코스와 가격 영업시간 전화 문자 문의 방법을 함께 확인할 수 있습니다","shops/gyeonggi/seongnam/bundang-gu/분당동/한국미인테라피/index.html || 성남시-분당구 분당동 생활권에서 확인할 수 있는 한국미인테라피 정보를 담았습니다. 100,000원부터 확인되는 가격 정보와 60분·90분 코스 시간을 함께 살펴보고 코스와 가격, 영업시간, 전화·문자 문의 방법을 함께 확인할 수 있습니다.","shops/gyeonggi/anyang/dongan-gu/인덕원동/한국미인테라피/index.html || 안양시-동안구 인덕원동 생활권에서 확인할 수 있는 한국미인테라피 정보를 담았습니다. 100,000원부터 확인되는 가격 정보와 60분·90분 코스 시간을 함께 살펴보고 코스와 가격, 영업시간, 전화·문자 문의 방법을 함께 확인할 수 있습니다.","shops/gyeonggi/hwaseong/hyohaeng-gu/비봉면/프리미엄테라피/index.html || 화성시-효행구 비봉면 생활권에서 확인할 수 있는 프리미엄테라피 정보를 담았습니다. 60,000원부터 확인되는 가격 정보와 60분·90분 코스 시간을 함께 살펴보고 코스와 가격, 영업시간, 전화·문자 문의 방법을 함께 확인할 수 있습니다."
"DESCRIPTION_TEMPLATE","428","업체상세","3","x 의 loc loc x 이용 안내입니다 n n 코스와 n n 부터 확인되는 가격 정보를 포함해 운영시간과 코스 구성 가격 연락 방법을 한 페이지에서 확인할 수 있습니다","shops/gyeonggi/seongnam/bundang-gu/삼평동/한국미인테라피/index.html || 한국미인테라피의 성남시-분당구 삼평동 이용 안내입니다. 60분·90분 코스와 100,000원부터 확인되는 가격 정보를 포함해 운영시간과 코스 구성, 가격, 연락 방법을 한 페이지에서 확인할 수 있습니다.","shops/gyeonggi/seongnam/jungwon-gu/은행동/너무이쁜테라피/index.html || 너무이쁜테라피의 성남시-중원구 은행동 이용 안내입니다. 60분·90분 코스와 60,000원부터 확인되는 가격 정보를 포함해 운영시간과 코스 구성, 가격, 연락 방법을 한 페이지에서 확인할 수 있습니다.","shops/gyeonggi/yongin/cheoin-gu/원삼면/프리미엄테라피/index.html || 프리미엄테라피의 용인시-처인구 원삼면 이용 안내입니다. 60분·90분 코스와 60,000원부터 확인되는 가격 정보를 포함해 운영시간과 코스 구성, 가격, 연락 방법을 한 페이지에서 확인할 수 있습니다."
"DESCRIPTION_TEMPLATE","429","업체상세","3","x 의 코스와 운영 정보를 loc loc x 기준으로 안내합니다 n n 코스와 n n 부터 코스 구성과 가격 운영시간 연락 방법을 한곳에서 확인할 수 있습니다","shops/gyeonggi/bucheon/wonmi-gu/춘의동/한국미인테라피/index.html || 한국미인테라피의 코스와 운영 정보를 부천시-원미구 춘의동 기준으로 안내합니다. 60분·90분 코스와 100,000원부터 코스 구성과 가격, 운영시간, 연락 방법을 한곳에서 확인할 수 있습니다.","shops/gyeonggi/seongnam/bundang-gu/분당동/너무이쁜테라피/index.html || 너무이쁜테라피의 코스와 운영 정보를 성남시-분당구 분당동 기준으로 안내합니다. 60분·90분 코스와 60,000원부터 코스 구성과 가격, 운영시간, 연락 방법을 한곳에서 확인할 수 있습니다.","shops/gyeonggi/anyang/dongan-gu/달안동/프리미엄테라피/index.html || 프리미엄테라피의 코스와 운영 정보를 안양시-동안구 달안동 기준으로 안내합니다. 60분·90분 코스와 60,000원부터 코스 구성과 가격, 운영시간, 연락 방법을 한곳에서 확인할 수 있습니다."
"DESCRIPTION_TEMPLATE","430","업체상세","3","x 이용을 검토할 때 참고할 loc loc x 상세 정보입니다 n n 부터 확인되는 가격 정보와 n n 코스 시간을 함께 살펴보고 코스 구성과 가격 운영시간 연락 방법을 한곳에서 확인할 수 있습니다","shops/gyeonggi/bucheon/ojeong-gu/성곡동/프리미엄테라피/index.html || 프리미엄테라피 이용을 검토할 때 참고할 부천시-오정구 성곡동 상세 정보입니다. 60,000원부터 확인되는 가격 정보와 60분·90분 코스 시간을 함께 살펴보고 코스 구성과 가격, 운영시간, 연락 방법을 한곳에서 확인할 수 있습니다.","shops/gyeonggi/yongin/cheoin-gu/원삼면/love테라피/index.html || love테라피 이용을 검토할 때 참고할 용인시-처인구 원삼면 상세 정보입니다. 70,000원부터 확인되는 가격 정보와 60분·90분 코스 시간을 함께 살펴보고 코스 구성과 가격, 운영시간, 연락 방법을 한곳에서 확인할 수 있습니다.","shops/gyeonggi/hwaseong/byeongjeom-gu/반월동/너무이쁜테라피/index.html || 너무이쁜테라피 이용을 검토할 때 참고할 화성시-병점구 반월동 상세 정보입니다. 60,000원부터 확인되는 가격 정보와 60분·90분 코스 시간을 함께 살펴보고 코스 구성과 가격, 운영시간, 연락 방법을 한곳에서 확인할 수 있습니다."
"DESCRIPTION_TEMPLATE","431","업체상세","3","loc loc x 에서 이용 가능한 x 정보를 보기 쉽게 정리했습니다 n n 이용시간과 n n 부터 확인되는 가격 정보를 함께 확인하며 가격과 이용시간 연락 방법을 확인해 필요한 내용을 loc 비교할 수 있습니다","shops/gyeonggi/bucheon/wonmi-gu/상동/프리미엄테라피/index.html || 부천시-원미구 상동에서 이용 가능한 프리미엄테라피 정보를 보기 쉽게 정리했습니다. 60분·90분 이용시간과 60,000원부터 확인되는 가격 정보를 함께 확인하며 가격과 이용시간, 연락 방법을 확인해 필요한 내용을 미리 비교할 수 있습니다.","shops/gyeonggi/seongnam/sujeong-gu/수진동/love테라피/index.html || 성남시-수정구 수진동에서 이용 가능한 love테라피 정보를 보기 쉽게 정리했습니다. 60분·90분 이용시간과 70,000원부터 확인되는 가격 정보를 함께 확인하며 가격과 이용시간, 연락 방법을 확인해 필요한 내용을 미리 비교할 수 있습니다.","shops/gyeonggi/yongin/giheung-gu/보라동/너무이쁜테라피/index.html || 용인시-기흥구 보라동에서 이용 가능한 너무이쁜테라피 정보를 보기 쉽게 정리했습니다. 60분·90분 이용시간과 60,000원부터 확인되는 가격 정보를 함께 확인하며 가격과 이용시간, 연락 방법을 확인해 필요한 내용을 미리 비교할 수 있습니다."
"DESCRIPTION_TEMPLATE","432","업체상세","3","loc loc x 에서 x 이용 전 확인할 정보를 모았습니다 n n 코스와 n n 부터 운영시간과 코스 구성 가격 연락 방법을 한 페이지에서 확인할 수 있습니다","shops/gyeonggi/suwon/yeongtong-gu/매탄동/love테라피/index.html || 수원시-영통구 매탄동에서 love테라피 이용 전 확인할 정보를 모았습니다. 60분·90분 코스와 70,000원부터 운영시간과 코스 구성, 가격, 연락 방법을 한 페이지에서 확인할 수 있습니다.","shops/gyeonggi/yongin/giheung-gu/서농동/너무이쁜테라피/index.html || 용인시-기흥구 서농동에서 너무이쁜테라피 이용 전 확인할 정보를 모았습니다. 60분·90분 코스와 60,000원부터 운영시간과 코스 구성, 가격, 연락 방법을 한 페이지에서 확인할 수 있습니다.","shops/gyeonggi/hwaseong/manse-gu/새솔동/love테라피/index.html || 화성시-만세구 새솔동에서 love테라피 이용 전 확인할 정보를 모았습니다. 60분·90분 코스와 70,000원부터 운영시간과 코스 구성, 가격, 연락 방법을 한 페이지에서 확인할 수 있습니다."
"DESCRIPTION_TEMPLATE","433","업체상세","3","x 의 코스와 운영 정보를 loc loc x 기준으로 안내합니다 n n 부터 시작하는 가격과 n n 코스 정보를 바탕으로 이용 전 필요한 코스 가격 운영시간과 연락 정보를 한 번에 살펴볼 수 있습니다","shops/gyeonggi/suwon/paldal-gu/행궁동/love테라피/index.html || love테라피의 코스와 운영 정보를 수원시-팔달구 행궁동 기준으로 안내합니다. 70,000원부터 시작하는 가격과 60분·90분 코스 정보를 바탕으로 이용 전 필요한 코스·가격·운영시간과 연락 정보를 한 번에 살펴볼 수 있습니다.","shops/gyeonggi/ansan/sangnok-gu/해양동/프리미엄테라피/index.html || 프리미엄테라피의 코스와 운영 정보를 안산시-상록구 해양동 기준으로 안내합니다. 60,000원부터 시작하는 가격과 60분·90분 코스 정보를 바탕으로 이용 전 필요한 코스·가격·운영시간과 연락 정보를 한 번에 살펴볼 수 있습니다.","shops/gyeonggi/anyang/dongan-gu/귀인동/love테라피/index.html || love테라피의 코스와 운영 정보를 안양시-동안구 귀인동 기준으로 안내합니다. 70,000원부터 시작하는 가격과 60분·90분 코스 정보를 바탕으로 이용 전 필요한 코스·가격·운영시간과 연락 정보를 한 번에 살펴볼 수 있습니다."
"DESCRIPTION_TEMPLATE","434","업체상세","3","loc loc x 지역의 x 이용 정보를 정리했습니다 n n 코스와 n n 부터 이용 가능한 코스와 가격 영업시간 전화 문자 문의 정보를 확인할 수 있습니다","shops/gyeonggi/seongnam/jungwon-gu/상대원동/프리미엄테라피/index.html || 성남시-중원구 상대원동 지역의 프리미엄테라피 이용 정보를 정리했습니다. 60분·90분 코스와 60,000원부터 이용 가능한 코스와 가격, 영업시간, 전화·문자 문의 정보를 확인할 수 있습니다.","shops/gyeonggi/anyang/manan-gu/명학동/너무이쁜테라피/index.html || 안양시-만안구 명학동 지역의 너무이쁜테라피 이용 정보를 정리했습니다. 60분·90분 코스와 60,000원부터 이용 가능한 코스와 가격, 영업시간, 전화·문자 문의 정보를 확인할 수 있습니다.","shops/gyeonggi/hwaseong/manse-gu/마도면/한국미인테라피/index.html || 화성시-만세구 마도면 지역의 한국미인테라피 이용 정보를 정리했습니다. 60분·90분 코스와 100,000원부터 이용 가능한 코스와 가격, 영업시간, 전화·문자 문의 정보를 확인할 수 있습니다."
"DESCRIPTION_TEMPLATE","435","업체상세","3","loc loc x 생활권에서 확인할 수 있는 x 정보를 담았습니다 n n 부터 확인되는 가격 정보와 n n 코스 시간을 함께 살펴보고 가격 코스 구성 영업시간과 문의 수단을 순서대로 확인할 수 있습니다","shops/gyeonggi/seongnam/bundang-gu/서현동/너무이쁜테라피/index.html || 성남시-분당구 서현동 생활권에서 확인할 수 있는 너무이쁜테라피 정보를 담았습니다. 60,000원부터 확인되는 가격 정보와 60분·90분 코스 시간을 함께 살펴보고 가격, 코스 구성, 영업시간과 문의 수단을 순서대로 확인할 수 있습니다.","shops/gyeonggi/anyang/dongan-gu/갈산동/너무이쁜테라피/index.html || 안양시-동안구 갈산동 생활권에서 확인할 수 있는 너무이쁜테라피 정보를 담았습니다. 60,000원부터 확인되는 가격 정보와 60분·90분 코스 시간을 함께 살펴보고 가격, 코스 구성, 영업시간과 문의 수단을 순서대로 확인할 수 있습니다.","shops/gyeonggi/yongin/cheoin-gu/유림동/love테라피/index.html || 용인시-처인구 유림동 생활권에서 확인할 수 있는 love테라피 정보를 담았습니다. 70,000원부터 확인되는 가격 정보와 60분·90분 코스 시간을 함께 살펴보고 가격, 코스 구성, 영업시간과 문의 수단을 순서대로 확인할 수 있습니다."
"DESCRIPTION_TEMPLATE","436","업체상세","3","x 이용 전 살펴볼 loc loc x 지역 정보를 한곳에 모았습니다 n n 부터 시작하는 가격과 n n 코스 정보를 바탕으로 코스별 이용시간과 가격 운영시간 및 연락 방법을 비교할 수 있습니다","shops/gyeonggi/seongnam/sujeong-gu/양지동/프리미엄테라피/index.html || 프리미엄테라피 이용 전 살펴볼 성남시-수정구 양지동 지역 정보를 한곳에 모았습니다. 60,000원부터 시작하는 가격과 60분·90분 코스 정보를 바탕으로 코스별 이용시간과 가격, 운영시간 및 연락 방법을 비교할 수 있습니다.","shops/gyeonggi/ansan/danwon-gu/초지동/love테라피/index.html || love테라피 이용 전 살펴볼 안산시-단원구 초지동 지역 정보를 한곳에 모았습니다. 70,000원부터 시작하는 가격과 60분·90분 코스 정보를 바탕으로 코스별 이용시간과 가격, 운영시간 및 연락 방법을 비교할 수 있습니다.","shops/gyeonggi/anyang/dongan-gu/갈산동/love테라피/index.html || love테라피 이용 전 살펴볼 안양시-동안구 갈산동 지역 정보를 한곳에 모았습니다. 70,000원부터 시작하는 가격과 60분·90분 코스 정보를 바탕으로 코스별 이용시간과 가격, 운영시간 및 연락 방법을 비교할 수 있습니다."
"DESCRIPTION_TEMPLATE","437","업체상세","3","x 의 loc x 운영 정보와 문의 방법을 정리했습니다 n n 부터 확인되는 가격과 n n 코스 정보를 참고해 코스별 이용시간과 가격 운영시간 및 연락 방법을 비교할 수 있습니다","shops/incheon/bupyeong-gu/삼산동/너무이쁜테라피/index.html || 너무이쁜테라피의 부평구 삼산동 운영 정보와 문의 방법을 정리했습니다. 60,000원부터 확인되는 가격과 60분·90분 코스 정보를 참고해 코스별 이용시간과 가격, 운영시간 및 연락 방법을 비교할 수 있습니다.","shops/incheon/yeonsu-gu/옥련동/love테라피/index.html || love테라피의 연수구 옥련동 운영 정보와 문의 방법을 정리했습니다. 70,000원부터 확인되는 가격과 60분·90분 코스 정보를 참고해 코스별 이용시간과 가격, 운영시간 및 연락 방법을 비교할 수 있습니다.","shops/other/jeonju/deokjin-gu/송천동/상큼테라피/index.html || 상큼테라피의 덕진구 송천동 운영 정보와 문의 방법을 정리했습니다. 70,000원부터 확인되는 가격과 60분·90분 코스 정보를 참고해 코스별 이용시간과 가격, 운영시간 및 연락 방법을 비교할 수 있습니다."
"DESCRIPTION_TEMPLATE","438","업체상세","3","x 관련 loc x 정보를 확인할 수 있습니다 n n 코스와 n n 부터 확인되는 가격 정보를 포함해 코스 가격 영업시간과 전화 또는 문자 문의 방법을 확인할 수 있습니다","shops/gyeonggi/uijeongbu/장암동/love테라피/index.html || love테라피 관련 의정부시 장암동 정보를 확인할 수 있습니다. 60분·90분 코스와 70,000원부터 확인되는 가격 정보를 포함해 코스·가격·영업시간과 전화 또는 문자 문의 방법을 확인할 수 있습니다.","shops/other/daejeon/seo-gu/변동/S썸바디테라피/index.html || S썸바디테라피 관련 서구 변동 정보를 확인할 수 있습니다. 60분·90분 코스와 50,000원부터 확인되는 가격 정보를 포함해 코스·가격·영업시간과 전화 또는 문자 문의 방법을 확인할 수 있습니다.","shops/other/daegu/dalseong-gun/가창면/대구테라피/index.html || 대구테라피 관련 달성군 가창면 정보를 확인할 수 있습니다. 60분·90분 코스와 80,000원부터 확인되는 가격 정보를 포함해 코스·가격·영업시간과 전화 또는 문자 문의 방법을 확인할 수 있습니다."
"DESCRIPTION_TEMPLATE","439","업체상세","3","loc x 기준 x 의 코스와 이용 정보를 확인할 수 있습니다 n n 코스와 n n 부터 확인되는 가격 정보를 포함해 코스별 이용시간과 가격 운영시간 및 연락 방법을 비교할 수 있습니다","shops/other/daejeon/jung-gu/문창동/S썸바디테라피/index.html || 중구 문창동 기준 S썸바디테라피의 코스와 이용 정보를 확인할 수 있습니다. 60분·90분 코스와 50,000원부터 확인되는 가격 정보를 포함해 코스별 이용시간과 가격, 운영시간 및 연락 방법을 비교할 수 있습니다.","shops/other/cheongju/sangdang-gu/용암동/S썸바디테라피/index.html || 상당구 용암동 기준 S썸바디테라피의 코스와 이용 정보를 확인할 수 있습니다. 60분·90분 코스와 50,000원부터 확인되는 가격 정보를 포함해 코스별 이용시간과 가격, 운영시간 및 연락 방법을 비교할 수 있습니다.","shops/other/jeonju/wansan-gu/노송동/상큼테라피/index.html || 완산구 노송동 기준 상큼테라피의 코스와 이용 정보를 확인할 수 있습니다. 60분·90분 코스와 70,000원부터 확인되는 가격 정보를 포함해 코스별 이용시간과 가격, 운영시간 및 연락 방법을 비교할 수 있습니다."
"DESCRIPTION_TEMPLATE","440","업체상세","3","x 이용 전 살펴볼 loc x 지역 정보를 한곳에 모았습니다 n n 코스와 n n 부터 이용 전 필요한 코스 가격 운영시간과 연락 정보를 한 번에 살펴볼 수 있습니다","shops/gyeonggi/uijeongbu/의정부동/love테라피/index.html || love테라피 이용 전 살펴볼 의정부시 의정부동 지역 정보를 한곳에 모았습니다. 60분·90분 코스와 70,000원부터 이용 전 필요한 코스·가격·운영시간과 연락 정보를 한 번에 살펴볼 수 있습니다.","shops/gyeonggi/paju/파평면/love테라피/index.html || love테라피 이용 전 살펴볼 파주시 파평면 지역 정보를 한곳에 모았습니다. 60분·90분 코스와 70,000원부터 이용 전 필요한 코스·가격·운영시간과 연락 정보를 한 번에 살펴볼 수 있습니다.","shops/gyeonggi/pyeongtaek/원평동/love테라피/index.html || love테라피 이용 전 살펴볼 평택시 원평동 지역 정보를 한곳에 모았습니다. 60분·90분 코스와 70,000원부터 이용 전 필요한 코스·가격·운영시간과 연락 정보를 한 번에 살펴볼 수 있습니다."
"DESCRIPTION_TEMPLATE","441","업체상세","3","x 의 loc loc 운영 정보와 문의 방법을 정리했습니다 운영시간과 코스 구성 가격 연락 방법을 한 페이지에서 확인할 수 있습니다","shops/other/gwangju/buk-gu/삼각동/나비테라피/index.html || 나비테라피의 북구 삼각동 운영 정보와 문의 방법을 정리했습니다. 운영시간과 코스 구성, 가격, 연락 방법을 한 페이지에서 확인할 수 있습니다.","shops/other/gwangju/buk-gu/오치동/나비테라피/index.html || 나비테라피의 북구 오치동 운영 정보와 문의 방법을 정리했습니다. 운영시간과 코스 구성, 가격, 연락 방법을 한 페이지에서 확인할 수 있습니다.","shops/other/gwangju/seo-gu/상무동/나비테라피/index.html || 나비테라피의 서구 상무동 운영 정보와 문의 방법을 정리했습니다. 운영시간과 코스 구성, 가격, 연락 방법을 한 페이지에서 확인할 수 있습니다."
"DESCRIPTION_TEMPLATE","442","업체상세","3","x 의 코스와 운영 정보를 loc x 기준으로 안내합니다 n n 코스와 n n 부터 가격 코스 구성 영업시간과 문의 수단을 순서대로 확인할 수 있습니다","shops/gyeonggi/pyeongtaek/통복동/love테라피/index.html || love테라피의 코스와 운영 정보를 평택시 통복동 기준으로 안내합니다. 60분·90분 코스와 70,000원부터 가격, 코스 구성, 영업시간과 문의 수단을 순서대로 확인할 수 있습니다.","shops/gyeonggi/pocheon/영중면/love테라피/index.html || love테라피의 코스와 운영 정보를 포천시 영중면 기준으로 안내합니다. 60분·90분 코스와 70,000원부터 가격, 코스 구성, 영업시간과 문의 수단을 순서대로 확인할 수 있습니다.","shops/other/daejeon/dong-gu/용운동/24시미녀테라피/index.html || 24시미녀테라피의 코스와 운영 정보를 동구 용운동 기준으로 안내합니다. 60분·90분 코스와 70,000원부터 가격, 코스 구성, 영업시간과 문의 수단을 순서대로 확인할 수 있습니다."
"DESCRIPTION_TEMPLATE","443","업체상세","3","x 이용을 검토할 때 참고할 loc x 상세 정보입니다 n n 이용시간과 n n 부터 확인되는 가격 정보를 함께 확인하며 이용 전 필요한 코스 가격 운영시간과 연락 정보를 한 번에 살펴볼 수 있습니다","shops/gyeonggi/paju/파주읍/너무이쁜테라피/index.html || 너무이쁜테라피 이용을 검토할 때 참고할 파주시 파주읍 상세 정보입니다. 60분·90분 이용시간과 60,000원부터 확인되는 가격 정보를 함께 확인하며 이용 전 필요한 코스·가격·운영시간과 연락 정보를 한 번에 살펴볼 수 있습니다.","shops/incheon/seohae-gu/연희동/한국미인테라피/index.html || 한국미인테라피 이용을 검토할 때 참고할 서해구 연희동 상세 정보입니다. 60분·90분 이용시간과 100,000원부터 확인되는 가격 정보를 함께 확인하며 이용 전 필요한 코스·가격·운영시간과 연락 정보를 한 번에 살펴볼 수 있습니다.","shops/other/daegu/dalseo-gu/상인동/대구테라피/index.html || 대구테라피 이용을 검토할 때 참고할 달서구 상인동 상세 정보입니다. 60분·90분 이용시간과 80,000원부터 확인되는 가격 정보를 함께 확인하며 이용 전 필요한 코스·가격·운영시간과 연락 정보를 한 번에 살펴볼 수 있습니다."
"DESCRIPTION_TEMPLATE","444","업체상세","3","loc x 기준으로 x 운영 정보를 정리했습니다 n n 부터 확인되는 가격 정보와 n n 코스 시간을 함께 살펴보고 이용 가능한 코스와 가격 영업시간 전화 문자 문의 정보를 확인할 수 있습니다","shops/incheon/ganghwa-gun/화도면/프리미엄테라피/index.html || 강화군 화도면 기준으로 프리미엄테라피 운영 정보를 정리했습니다. 60,000원부터 확인되는 가격 정보와 60분·90분 코스 시간을 함께 살펴보고 이용 가능한 코스와 가격, 영업시간, 전화·문자 문의 정보를 확인할 수 있습니다.","shops/incheon/michuhol-gu/문학동/프리미엄테라피/index.html || 미추홀구 문학동 기준으로 프리미엄테라피 운영 정보를 정리했습니다. 60,000원부터 확인되는 가격 정보와 60분·90분 코스 시간을 함께 살펴보고 이용 가능한 코스와 가격, 영업시간, 전화·문자 문의 정보를 확인할 수 있습니다.","shops/other/daegu/dalseo-gu/용산동/대구테라피/index.html || 달서구 용산동 기준으로 대구테라피 운영 정보를 정리했습니다. 80,000원부터 확인되는 가격 정보와 60분·90분 코스 시간을 함께 살펴보고 이용 가능한 코스와 가격, 영업시간, 전화·문자 문의 정보를 확인할 수 있습니다."
"DESCRIPTION_TEMPLATE","445","업체상세","3","x 의 loc x 이용 안내입니다 n n 부터 시작하는 가격과 n n 코스 정보를 바탕으로 가격과 이용시간 연락 방법을 확인해 필요한 내용을 loc 비교할 수 있습니다","shops/gyeonggi/icheon/마장면/love테라피/index.html || love테라피의 이천시 마장면 이용 안내입니다. 70,000원부터 시작하는 가격과 60분·90분 코스 정보를 바탕으로 가격과 이용시간, 연락 방법을 확인해 필요한 내용을 미리 비교할 수 있습니다.","shops/gyeonggi/paju/문산읍/한국미인테라피/index.html || 한국미인테라피의 파주시 문산읍 이용 안내입니다. 100,000원부터 시작하는 가격과 60분·90분 코스 정보를 바탕으로 가격과 이용시간, 연락 방법을 확인해 필요한 내용을 미리 비교할 수 있습니다.","shops/other/jeonju/wansan-gu/서신동/다온테라피/index.html || 다온테라피의 완산구 서신동 이용 안내입니다. 60,000원부터 시작하는 가격과 60분·90분 코스 정보를 바탕으로 가격과 이용시간, 연락 방법을 확인해 필요한 내용을 미리 비교할 수 있습니다."
"DESCRIPTION_TEMPLATE","446","업체상세","3","x 관련 loc x 정보를 확인할 수 있습니다 n n 부터 확인되는 가격과 n n 코스 정보를 참고해 이용 가능한 코스와 가격 영업시간 전화 문자 문의 정보를 확인할 수 있습니다","shops/incheon/gyeyang-gu/계양동/love테라피/index.html || love테라피 관련 계양구 계양동 정보를 확인할 수 있습니다. 70,000원부터 확인되는 가격과 60분·90분 코스 정보를 참고해 이용 가능한 코스와 가격, 영업시간, 전화·문자 문의 정보를 확인할 수 있습니다.","shops/incheon/seohae-gu/검암경서동/love테라피/index.html || love테라피 관련 서해구 검암경서동 정보를 확인할 수 있습니다. 70,000원부터 확인되는 가격과 60분·90분 코스 정보를 참고해 이용 가능한 코스와 가격, 영업시간, 전화·문자 문의 정보를 확인할 수 있습니다.","shops/other/daejeon/jung-gu/은행선화동/S썸바디테라피/index.html || S썸바디테라피 관련 중구 은행선화동 정보를 확인할 수 있습니다. 50,000원부터 확인되는 가격과 60분·90분 코스 정보를 참고해 이용 가능한 코스와 가격, 영업시간, 전화·문자 문의 정보를 확인할 수 있습니다."
"DESCRIPTION_TEMPLATE","447","업체상세","3","x 의 loc x 이용 안내입니다 n n 부터 확인되는 가격 정보와 n n 코스 시간을 함께 살펴보고 이용 가능한 코스와 가격 영업시간 전화 문자 문의 정보를 확인할 수 있습니다","shops/gyeonggi/uijeongbu/고산동/한국미인테라피/index.html || 한국미인테라피의 의정부시 고산동 이용 안내입니다. 100,000원부터 확인되는 가격 정보와 60분·90분 코스 시간을 함께 살펴보고 이용 가능한 코스와 가격, 영업시간, 전화·문자 문의 정보를 확인할 수 있습니다.","shops/gyeonggi/uijeongbu/신곡동/love테라피/index.html || love테라피의 의정부시 신곡동 이용 안내입니다. 70,000원부터 확인되는 가격 정보와 60분·90분 코스 시간을 함께 살펴보고 이용 가능한 코스와 가격, 영업시간, 전화·문자 문의 정보를 확인할 수 있습니다.","shops/incheon/michuhol-gu/도화동/프리미엄테라피/index.html || 프리미엄테라피의 미추홀구 도화동 이용 안내입니다. 60,000원부터 확인되는 가격 정보와 60분·90분 코스 시간을 함께 살펴보고 이용 가능한 코스와 가격, 영업시간, 전화·문자 문의 정보를 확인할 수 있습니다."
"DESCRIPTION_TEMPLATE","448","업체상세","3","loc x 지역의 x 이용 정보를 정리했습니다 n n 시간 구성과 n n 부터 시작하는 가격을 확인하면서 가격과 이용시간 연락 방법을 확인해 필요한 내용을 loc 비교할 수 있습니다","shops/gyeonggi/yangpyeong/양서면/한국미인테라피/index.html || 양평군 양서면 지역의 한국미인테라피 이용 정보를 정리했습니다. 60분·90분 시간 구성과 100,000원부터 시작하는 가격을 확인하면서 가격과 이용시간, 연락 방법을 확인해 필요한 내용을 미리 비교할 수 있습니다.","shops/gyeonggi/paju/문산읍/love테라피/index.html || 파주시 문산읍 지역의 love테라피 이용 정보를 정리했습니다. 60분·90분 시간 구성과 70,000원부터 시작하는 가격을 확인하면서 가격과 이용시간, 연락 방법을 확인해 필요한 내용을 미리 비교할 수 있습니다.","shops/incheon/ongjin-gun/연평면/한국미인테라피/index.html || 옹진군 연평면 지역의 한국미인테라피 이용 정보를 정리했습니다. 60분·90분 시간 구성과 100,000원부터 시작하는 가격을 확인하면서 가격과 이용시간, 연락 방법을 확인해 필요한 내용을 미리 비교할 수 있습니다."
"DESCRIPTION_TEMPLATE","449","업체상세","3","x 의 코스와 운영 정보를 loc x 기준으로 안내합니다 n n 시간 구성과 n n 부터 시작하는 가격을 확인하면서 이용 가능한 코스와 가격 영업시간 전화 문자 문의 정보를 확인할 수 있습니다","shops/gyeonggi/yeoncheon/군남면/너무이쁜테라피/index.html || 너무이쁜테라피의 코스와 운영 정보를 연천군 군남면 기준으로 안내합니다. 60분·90분 시간 구성과 60,000원부터 시작하는 가격을 확인하면서 이용 가능한 코스와 가격, 영업시간, 전화·문자 문의 정보를 확인할 수 있습니다.","shops/gyeonggi/paju/탄현면/love테라피/index.html || love테라피의 코스와 운영 정보를 파주시 탄현면 기준으로 안내합니다. 60분·90분 시간 구성과 70,000원부터 시작하는 가격을 확인하면서 이용 가능한 코스와 가격, 영업시간, 전화·문자 문의 정보를 확인할 수 있습니다.","shops/other/cheongju/seowon-gu/남이면/레드테라피/index.html || 레드테라피의 코스와 운영 정보를 서원구 남이면 기준으로 안내합니다. 60분·90분 시간 구성과 60,000원부터 시작하는 가격을 확인하면서 이용 가능한 코스와 가격, 영업시간, 전화·문자 문의 정보를 확인할 수 있습니다."
"DESCRIPTION_TEMPLATE","450","업체상세","3","x 의 코스와 운영 정보를 loc x 기준으로 안내합니다 n n 부터 시작하는 가격과 n n 코스 정보를 바탕으로 가격 코스 구성 영업시간과 문의 수단을 순서대로 확인할 수 있습니다","shops/gyeonggi/yangpyeong/단월면/한국미인테라피/index.html || 한국미인테라피의 코스와 운영 정보를 양평군 단월면 기준으로 안내합니다. 100,000원부터 시작하는 가격과 60분·90분 코스 정보를 바탕으로 가격, 코스 구성, 영업시간과 문의 수단을 순서대로 확인할 수 있습니다.","shops/incheon/namdong-gu/구월동/한국미인테라피/index.html || 한국미인테라피의 코스와 운영 정보를 남동구 구월동 기준으로 안내합니다. 100,000원부터 시작하는 가격과 60분·90분 코스 정보를 바탕으로 가격, 코스 구성, 영업시간과 문의 수단을 순서대로 확인할 수 있습니다.","shops/other/daejeon/dong-gu/신인동/S썸바디테라피/index.html || S썸바디테라피의 코스와 운영 정보를 동구 신인동 기준으로 안내합니다. 50,000원부터 시작하는 가격과 60분·90분 코스 정보를 바탕으로 가격, 코스 구성, 영업시간과 문의 수단을 순서대로 확인할 수 있습니다."
"DESCRIPTION_TEMPLATE","451","지역SEO","3","loc 지역 이용 정보 주변의 loc loc loc 등 연결 지역을 중심으로 위치 정보를 구성했습니다 인접 생활권과 주변 위치를 확인해 loc 동선을 검토할 때 활용할 수 있습니다","massage/포승읍-출장마사지-평택시-생활권-지역정보-이용안내/index.html || 포승읍 지역 이용 정보 주변의 고덕면·서탄면·안중읍 등 연결 지역을 중심으로 위치 정보를 구성했습니다. 인접 생활권과 주변 위치를 확인해 이동 동선을 검토할 때 활용할 수 있습니다.","massage/길상면-출장마사지-인천-강화군-생활권-지역정보-이용안내/index.html || 길상면 지역 이용 정보 주변의 강화읍·교동면·내가면 등 연결 지역을 중심으로 위치 정보를 구성했습니다. 인접 생활권과 주변 위치를 확인해 이동 동선을 검토할 때 활용할 수 있습니다.","massage/옥천면-출장마사지-양평군-생활권-지역정보-이용안내/index.html || 옥천면 지역 이용 정보 주변의 강상면·강하면·개군면 등 연결 지역을 중심으로 위치 정보를 구성했습니다. 인접 생활권과 주변 위치를 확인해 이동 동선을 검토할 때 활용할 수 있습니다."
"DESCRIPTION_TEMPLATE","452","업체상세","3","loc x 에서 x 이용 전 확인할 정보를 모았습니다 n n 부터 시작하는 가격과 n n 코스 정보를 바탕으로 코스별 이용시간과 가격 운영시간 및 연락 방법을 비교할 수 있습니다","shops/gyeonggi/yangju/장흥면/한국미인테라피/index.html || 양주시 장흥면에서 한국미인테라피 이용 전 확인할 정보를 모았습니다. 100,000원부터 시작하는 가격과 60분·90분 코스 정보를 바탕으로 코스별 이용시간과 가격, 운영시간 및 연락 방법을 비교할 수 있습니다.","shops/gyeonggi/yeoju/산북면/love테라피/index.html || 여주시 산북면에서 love테라피 이용 전 확인할 정보를 모았습니다. 70,000원부터 시작하는 가격과 60분·90분 코스 정보를 바탕으로 코스별 이용시간과 가격, 운영시간 및 연락 방법을 비교할 수 있습니다.","shops/other/cheongju/sangdang-gu/미원면/S썸바디테라피/index.html || 상당구 미원면에서 S썸바디테라피 이용 전 확인할 정보를 모았습니다. 50,000원부터 시작하는 가격과 60분·90분 코스 정보를 바탕으로 코스별 이용시간과 가격, 운영시간 및 연락 방법을 비교할 수 있습니다."
"DESCRIPTION_TEMPLATE","453","업체상세","3","loc x 지역의 x 이용 정보를 정리했습니다 n n 부터 시작하는 가격과 n n 코스 정보를 바탕으로 가격과 코스 구성 영업시간 및 연락 수단을 비교해 이용 전 참고할 수 있습니다","shops/gyeonggi/uiwang/부곡동/너무이쁜테라피/index.html || 의왕시 부곡동 지역의 너무이쁜테라피 이용 정보를 정리했습니다. 60,000원부터 시작하는 가격과 60분·90분 코스 정보를 바탕으로 가격과 코스 구성, 영업시간 및 연락 수단을 비교해 이용 전 참고할 수 있습니다.","shops/gyeonggi/hanam/춘궁동/프리미엄테라피/index.html || 하남시 춘궁동 지역의 프리미엄테라피 이용 정보를 정리했습니다. 60,000원부터 시작하는 가격과 60분·90분 코스 정보를 바탕으로 가격과 코스 구성, 영업시간 및 연락 수단을 비교해 이용 전 참고할 수 있습니다.","shops/other/daejeon/yuseong-gu/온천동/S썸바디테라피/index.html || 유성구 온천동 지역의 S썸바디테라피 이용 정보를 정리했습니다. 50,000원부터 시작하는 가격과 60분·90분 코스 정보를 바탕으로 가격과 코스 구성, 영업시간 및 연락 수단을 비교해 이용 전 참고할 수 있습니다."
"DESCRIPTION_TEMPLATE","454","업체상세","3","x 의 loc x 운영 정보와 문의 방법을 정리했습니다 n n 코스와 n n 부터 확인되는 가격 정보를 포함해 이용 전 필요한 코스 가격 운영시간과 연락 정보를 한 번에 살펴볼 수 있습니다","shops/gyeonggi/uijeongbu/가능동/love테라피/index.html || love테라피의 의정부시 가능동 운영 정보와 문의 방법을 정리했습니다. 60분·90분 코스와 70,000원부터 확인되는 가격 정보를 포함해 이용 전 필요한 코스·가격·운영시간과 연락 정보를 한 번에 살펴볼 수 있습니다.","shops/gyeonggi/pocheon/포천동/너무이쁜테라피/index.html || 너무이쁜테라피의 포천시 포천동 운영 정보와 문의 방법을 정리했습니다. 60분·90분 코스와 60,000원부터 확인되는 가격 정보를 포함해 이용 전 필요한 코스·가격·운영시간과 연락 정보를 한 번에 살펴볼 수 있습니다.","shops/incheon/namdong-gu/장수서창동/love테라피/index.html || love테라피의 남동구 장수서창동 운영 정보와 문의 방법을 정리했습니다. 60분·90분 코스와 70,000원부터 확인되는 가격 정보를 포함해 이용 전 필요한 코스·가격·운영시간과 연락 정보를 한 번에 살펴볼 수 있습니다."
"DESCRIPTION_TEMPLATE","455","업체상세","3","x 의 loc loc x 운영 정보와 문의 방법을 정리했습니다 n n 코스와 n n 부터 운영시간과 코스 구성 가격 연락 방법을 한 페이지에서 확인할 수 있습니다","shops/gyeonggi/yongin/cheoin-gu/백암면/너무이쁜테라피/index.html || 너무이쁜테라피의 용인시-처인구 백암면 운영 정보와 문의 방법을 정리했습니다. 60분·90분 코스와 60,000원부터 운영시간과 코스 구성, 가격, 연락 방법을 한 페이지에서 확인할 수 있습니다.","shops/gyeonggi/hwaseong/hyohaeng-gu/봉담읍/너무이쁜테라피/index.html || 너무이쁜테라피의 화성시-효행구 봉담읍 운영 정보와 문의 방법을 정리했습니다. 60분·90분 코스와 60,000원부터 운영시간과 코스 구성, 가격, 연락 방법을 한 페이지에서 확인할 수 있습니다.","shops/gyeonggi/hwaseong/hyohaeng-gu/봉담읍/프리미엄테라피/index.html || 프리미엄테라피의 화성시-효행구 봉담읍 운영 정보와 문의 방법을 정리했습니다. 60분·90분 코스와 60,000원부터 운영시간과 코스 구성, 가격, 연락 방법을 한 페이지에서 확인할 수 있습니다."
"DESCRIPTION_TEMPLATE","456","업체상세","3","loc x 기준으로 x 운영 정보를 정리했습니다 n n 부터 확인되는 가격 정보와 n n 코스 시간을 함께 살펴보고 코스별 시간과 가격 운영시간 전화 문자 문의 내용을 살펴볼 수 있습니다","shops/gyeonggi/osan/남촌동/너무이쁜테라피/index.html || 오산시 남촌동 기준으로 너무이쁜테라피 운영 정보를 정리했습니다. 60,000원부터 확인되는 가격 정보와 60분·90분 코스 시간을 함께 살펴보고 코스별 시간과 가격, 운영시간, 전화·문자 문의 내용을 살펴볼 수 있습니다.","shops/gyeonggi/hanam/위례동/너무이쁜테라피/index.html || 하남시 위례동 기준으로 너무이쁜테라피 운영 정보를 정리했습니다. 60,000원부터 확인되는 가격 정보와 60분·90분 코스 시간을 함께 살펴보고 코스별 시간과 가격, 운영시간, 전화·문자 문의 내용을 살펴볼 수 있습니다.","shops/other/cheongju/seowon-gu/수곡동/S썸바디테라피/index.html || 서원구 수곡동 기준으로 S썸바디테라피 운영 정보를 정리했습니다. 50,000원부터 확인되는 가격 정보와 60분·90분 코스 시간을 함께 살펴보고 코스별 시간과 가격, 운영시간, 전화·문자 문의 내용을 살펴볼 수 있습니다."
"DESCRIPTION_TEMPLATE","457","업체상세","3","x 이용 전 살펴볼 loc x 지역 정보를 한곳에 모았습니다 n n 시간 구성과 n n 부터 시작하는 가격을 확인하면서 코스별 시간과 가격 운영시간 전화 문자 문의 내용을 살펴볼 수 있습니다","shops/gyeonggi/osan/세마동/love테라피/index.html || love테라피 이용 전 살펴볼 오산시 세마동 지역 정보를 한곳에 모았습니다. 60분·90분 시간 구성과 70,000원부터 시작하는 가격을 확인하면서 코스별 시간과 가격, 운영시간, 전화·문자 문의 내용을 살펴볼 수 있습니다.","shops/gyeonggi/pocheon/화현면/love테라피/index.html || love테라피 이용 전 살펴볼 포천시 화현면 지역 정보를 한곳에 모았습니다. 60분·90분 시간 구성과 70,000원부터 시작하는 가격을 확인하면서 코스별 시간과 가격, 운영시간, 전화·문자 문의 내용을 살펴볼 수 있습니다.","shops/gyeonggi/hanam/신장동/love테라피/index.html || love테라피 이용 전 살펴볼 하남시 신장동 지역 정보를 한곳에 모았습니다. 60분·90분 시간 구성과 70,000원부터 시작하는 가격을 확인하면서 코스별 시간과 가격, 운영시간, 전화·문자 문의 내용을 살펴볼 수 있습니다."
"DESCRIPTION_TEMPLATE","458","업체상세","3","loc loc x 기준으로 x 운영 정보를 정리했습니다 n n 시간 구성과 n n 부터 시작하는 가격을 확인하면서 코스 구성과 가격 운영시간 연락 방법을 한곳에서 확인할 수 있습니다","shops/gyeonggi/bucheon/ojeong-gu/고강본동/너무이쁜테라피/index.html || 부천시-오정구 고강본동 기준으로 너무이쁜테라피 운영 정보를 정리했습니다. 60분·90분 시간 구성과 60,000원부터 시작하는 가격을 확인하면서 코스 구성과 가격, 운영시간, 연락 방법을 한곳에서 확인할 수 있습니다.","shops/gyeonggi/yongin/suji-gu/죽전동/love테라피/index.html || 용인시-수지구 죽전동 기준으로 love테라피 운영 정보를 정리했습니다. 60분·90분 시간 구성과 70,000원부터 시작하는 가격을 확인하면서 코스 구성과 가격, 운영시간, 연락 방법을 한곳에서 확인할 수 있습니다.","shops/gyeonggi/hwaseong/manse-gu/양감면/너무이쁜테라피/index.html || 화성시-만세구 양감면 기준으로 너무이쁜테라피 운영 정보를 정리했습니다. 60분·90분 시간 구성과 60,000원부터 시작하는 가격을 확인하면서 코스 구성과 가격, 운영시간, 연락 방법을 한곳에서 확인할 수 있습니다."
"DESCRIPTION_TEMPLATE","459","업체상세","3","x 의 코스와 운영 정보를 loc x 기준으로 안내합니다 n n 부터 확인되는 가격 정보와 n n 코스 시간을 함께 살펴보고 가격 코스 구성 영업시간과 문의 수단을 순서대로 확인할 수 있습니다","shops/gyeonggi/gwangju-gyeonggi/남한산성면/프리미엄테라피/index.html || 프리미엄테라피의 코스와 운영 정보를 광주시 남한산성면 기준으로 안내합니다. 60,000원부터 확인되는 가격 정보와 60분·90분 코스 시간을 함께 살펴보고 가격, 코스 구성, 영업시간과 문의 수단을 순서대로 확인할 수 있습니다.","shops/gyeonggi/osan/신장동/프리미엄테라피/index.html || 프리미엄테라피의 코스와 운영 정보를 오산시 신장동 기준으로 안내합니다. 60,000원부터 확인되는 가격 정보와 60분·90분 코스 시간을 함께 살펴보고 가격, 코스 구성, 영업시간과 문의 수단을 순서대로 확인할 수 있습니다.","shops/gyeonggi/icheon/중리동/프리미엄테라피/index.html || 프리미엄테라피의 코스와 운영 정보를 이천시 중리동 기준으로 안내합니다. 60,000원부터 확인되는 가격 정보와 60분·90분 코스 시간을 함께 살펴보고 가격, 코스 구성, 영업시간과 문의 수단을 순서대로 확인할 수 있습니다."
"DESCRIPTION_TEMPLATE","460","지역SEO","3","loc 기준으로 loc loc 등 인접 지역 정보를 정리했습니다 인접 생활권과 주변 위치를 확인해 loc 동선을 검토할 때 활용할 수 있습니다","massage/양주동-출장마사지-양주시-생활권-이동동선-지역정보-이용전-안내/index.html || 양주동 기준으로 옥정동·회천동 등 인접 지역 정보를 정리했습니다. 인접 생활권과 주변 위치를 확인해 이동 동선을 검토할 때 활용할 수 있습니다.","massage/창전동-출장마사지-이천시-생활권-이동동선-지역정보-이용전-안내/index.html || 창전동 기준으로 중리동·증포동 등 인접 지역 정보를 정리했습니다. 인접 생활권과 주변 위치를 확인해 이동 동선을 검토할 때 활용할 수 있습니다.","massage/효덕동-출장마사지-광주-남구-생활권-이동동선-지역정보-이용전-안내/index.html || 효덕동 기준으로 주월동·진월동 등 인접 지역 정보를 정리했습니다. 인접 생활권과 주변 위치를 확인해 이동 동선을 검토할 때 활용할 수 있습니다."
"DESCRIPTION_TEMPLATE","461","업체상세","3","loc x 에서 x 이용 전 확인할 정보를 모았습니다 n n 코스와 n n 부터 확인되는 가격 정보를 포함해 코스 구성과 가격 운영시간 연락 방법을 한곳에서 확인할 수 있습니다","shops/gyeonggi/gwangju-gyeonggi/광남동/너무이쁜테라피/index.html || 광주시 광남동에서 너무이쁜테라피 이용 전 확인할 정보를 모았습니다. 60분·90분 코스와 60,000원부터 확인되는 가격 정보를 포함해 코스 구성과 가격, 운영시간, 연락 방법을 한곳에서 확인할 수 있습니다.","shops/incheon/michuhol-gu/관교동/프리미엄테라피/index.html || 미추홀구 관교동에서 프리미엄테라피 이용 전 확인할 정보를 모았습니다. 60분·90분 코스와 60,000원부터 확인되는 가격 정보를 포함해 코스 구성과 가격, 운영시간, 연락 방법을 한곳에서 확인할 수 있습니다.","shops/other/cheongju/heungdeok-gu/복대동/레드테라피/index.html || 흥덕구 복대동에서 레드테라피 이용 전 확인할 정보를 모았습니다. 60분·90분 코스와 60,000원부터 확인되는 가격 정보를 포함해 코스 구성과 가격, 운영시간, 연락 방법을 한곳에서 확인할 수 있습니다."
"DESCRIPTION_TEMPLATE","462","지역SEO","3","loc 기준 생활권과 loc loc 등 인접 지역의 범위를 함께 정리했습니다 가까운 지역과 연결 방향을 비교해 현재 위치 기준 생활권을 살펴볼 수 있습니다","massage/옥산면-출장마사지-청주-흥덕구-생활권-지역정보-이용안내/index.html || 옥산면 기준 생활권과 강내면·오송읍 등 인접 지역의 범위를 함께 정리했습니다. 가까운 지역과 연결 방향을 비교해 현재 위치 기준 생활권을 살펴볼 수 있습니다.","massage/가수원동-출장마사지-대전-서구-생활권-이동동선-지역정보-이용전-안내/index.html || 가수원동 기준 생활권과 가장동·갈마동 등 인접 지역의 범위를 함께 정리했습니다. 가까운 지역과 연결 방향을 비교해 현재 위치 기준 생활권을 살펴볼 수 있습니다.","massage/원종동-출장마사지-부천시-오정구-생활권-이동동선-지역정보-이용전-안내/index.html || 원종동 기준 생활권과 신흥동·오정동 등 인접 지역의 범위를 함께 정리했습니다. 가까운 지역과 연결 방향을 비교해 현재 위치 기준 생활권을 살펴볼 수 있습니다."
"DESCRIPTION_TEMPLATE","463","지역SEO","3","loc 지역과 loc loc 등 인접 생활권을 함께 살펴볼 수 있도록 구성했습니다 가까운 지역과 연결 방향을 비교해 현재 위치 기준 생활권을 살펴볼 수 있습니다","massage/옥정동-출장마사지-양주시-생활권-이동동선-지역정보-이용전-안내/index.html || 옥정동 지역과 양주동·회천동 등 인접 생활권을 함께 살펴볼 수 있도록 구성했습니다. 가까운 지역과 연결 방향을 비교해 현재 위치 기준 생활권을 살펴볼 수 있습니다.","massage/가정동-출장마사지-서해구-생활권-이동동선-지역정보-이용전-안내/index.html || 가정동 지역과 가좌동·검암경서동 등 인접 생활권을 함께 살펴볼 수 있도록 구성했습니다. 가까운 지역과 연결 방향을 비교해 현재 위치 기준 생활권을 살펴볼 수 있습니다.","massage/백석동-출장마사지-천안-서북구-생활권-이동동선-지역정보-이용전-안내/index.html || 백석동 지역과 부성동·불당동 등 인접 생활권을 함께 살펴볼 수 있도록 구성했습니다. 가까운 지역과 연결 방향을 비교해 현재 위치 기준 생활권을 살펴볼 수 있습니다."
"DESCRIPTION_TEMPLATE","464","지역SEO","3","loc 생활권을 중심으로 loc loc loc 등 가까운 지역 정보를 정리했습니다 지역별 위치 관계와 loc 범위를 함께 비교할 때 참고할 수 있습니다","massage/정왕동-출장마사지-시흥시-생활권-이동동선-지역정보-이용전-안내/index.html || 정왕동 생활권을 중심으로 은행동·장곡동·정왕본동 등 가까운 지역 정보를 정리했습니다. 지역별 위치 관계와 이동 범위를 함께 비교할 때 참고할 수 있습니다.","massage/무악동-출장마사지-종로구-생활권-이동동선-지역정보-이용전-안내/index.html || 무악동 생활권을 중심으로 가회동·교남동·부암동 등 가까운 지역 정보를 정리했습니다. 지역별 위치 관계와 이동 범위를 함께 비교할 때 참고할 수 있습니다.","massage/신성동-출장마사지-대전-유성구-생활권-이동동선-지역정보-이용전-안내/index.html || 신성동 생활권을 중심으로 노은동·상대동·온천동 등 가까운 지역 정보를 정리했습니다. 지역별 위치 관계와 이동 범위를 함께 비교할 때 참고할 수 있습니다."
"DESCRIPTION_TEMPLATE","465","업체상세","3","x 이용 전 살펴볼 loc x 지역 정보를 한곳에 모았습니다 n n 코스와 n n 부터 확인되는 가격 정보를 포함해 코스 구성과 가격 운영시간 연락 방법을 한곳에서 확인할 수 있습니다","shops/gyeonggi/gwangju-gyeonggi/탄벌동/한국미인테라피/index.html || 한국미인테라피 이용 전 살펴볼 광주시 탄벌동 지역 정보를 한곳에 모았습니다. 60분·90분 코스와 100,000원부터 확인되는 가격 정보를 포함해 코스 구성과 가격, 운영시간, 연락 방법을 한곳에서 확인할 수 있습니다.","shops/gyeonggi/gunpo/재궁동/너무이쁜테라피/index.html || 너무이쁜테라피 이용 전 살펴볼 군포시 재궁동 지역 정보를 한곳에 모았습니다. 60분·90분 코스와 60,000원부터 확인되는 가격 정보를 포함해 코스 구성과 가격, 운영시간, 연락 방법을 한곳에서 확인할 수 있습니다.","shops/gyeonggi/yangpyeong/강하면/프리미엄테라피/index.html || 프리미엄테라피 이용 전 살펴볼 양평군 강하면 지역 정보를 한곳에 모았습니다. 60분·90분 코스와 60,000원부터 확인되는 가격 정보를 포함해 코스 구성과 가격, 운영시간, 연락 방법을 한곳에서 확인할 수 있습니다."
"DESCRIPTION_TEMPLATE","466","업체상세","3","loc x 기준으로 x 운영 정보를 정리했습니다 n n 시간 구성과 n n 부터 시작하는 가격을 확인하면서 가격과 코스 구성 영업시간 및 연락 수단을 비교해 이용 전 참고할 수 있습니다","shops/gyeonggi/gwangju-gyeonggi/오포동/love테라피/index.html || 광주시 오포동 기준으로 love테라피 운영 정보를 정리했습니다. 60분·90분 시간 구성과 70,000원부터 시작하는 가격을 확인하면서 가격과 코스 구성, 영업시간 및 연락 수단을 비교해 이용 전 참고할 수 있습니다.","shops/gyeonggi/siheung/대야동/너무이쁜테라피/index.html || 시흥시 대야동 기준으로 너무이쁜테라피 운영 정보를 정리했습니다. 60분·90분 시간 구성과 60,000원부터 시작하는 가격을 확인하면서 가격과 코스 구성, 영업시간 및 연락 수단을 비교해 이용 전 참고할 수 있습니다.","shops/gyeonggi/siheung/신천동/프리미엄테라피/index.html || 시흥시 신천동 기준으로 프리미엄테라피 운영 정보를 정리했습니다. 60분·90분 시간 구성과 60,000원부터 시작하는 가격을 확인하면서 가격과 코스 구성, 영업시간 및 연락 수단을 비교해 이용 전 참고할 수 있습니다."
"DESCRIPTION_TEMPLATE","467","업체상세","3","loc x 지역의 x 이용 정보를 정리했습니다 n n 코스 구성과 n n 부터 확인되는 가격대를 확인한 뒤 이용 가능한 코스와 가격 영업시간 전화 문자 문의 정보를 확인할 수 있습니다","shops/gyeonggi/gwangju-gyeonggi/능평동/너무이쁜테라피/index.html || 광주시 능평동 지역의 너무이쁜테라피 이용 정보를 정리했습니다. 60분·90분 코스 구성과 60,000원부터 확인되는 가격대를 확인한 뒤 이용 가능한 코스와 가격, 영업시간, 전화·문자 문의 정보를 확인할 수 있습니다.","shops/gyeonggi/anseong/대덕면/한국미인테라피/index.html || 안성시 대덕면 지역의 한국미인테라피 이용 정보를 정리했습니다. 60분·90분 코스 구성과 100,000원부터 확인되는 가격대를 확인한 뒤 이용 가능한 코스와 가격, 영업시간, 전화·문자 문의 정보를 확인할 수 있습니다.","shops/gyeonggi/yeoncheon/왕징면/love테라피/index.html || 연천군 왕징면 지역의 love테라피 이용 정보를 정리했습니다. 60분·90분 코스 구성과 70,000원부터 확인되는 가격대를 확인한 뒤 이용 가능한 코스와 가격, 영업시간, 전화·문자 문의 정보를 확인할 수 있습니다."
"DESCRIPTION_TEMPLATE","468","지역SEO","3","x 위치를 기준으로 loc loc loc 등 주변 지역과의 연결 관계를 확인할 수 있습니다 주변 동 읍 면과의 연결 범위를 살펴보고 가까운 지역을 찾는 데 활용할 수 있습니다","massage/여산면-출장마사지-익산-생활권-지역정보-이용안내/index.html || 여산면 위치를 기준으로 금마면·낭산면·망성면 등 주변 지역과의 연결 관계를 확인할 수 있습니다. 주변 동·읍·면과의 연결 범위를 살펴보고 가까운 지역을 찾는 데 활용할 수 있습니다.","massage/지동-출장마사지-수원시-팔달구-생활권-이동동선-지역정보-이용전-안내/index.html || 지동 위치를 기준으로 우만동·인계동·행궁동 등 주변 지역과의 연결 관계를 확인할 수 있습니다. 주변 동·읍·면과의 연결 범위를 살펴보고 가까운 지역을 찾는 데 활용할 수 있습니다.","massage/남한산성면-출장마사지-광주시-생활권-지역정보-이용안내/index.html || 남한산성면 위치를 기준으로 곤지암읍·남종면·도척면 등 주변 지역과의 연결 관계를 확인할 수 있습니다. 주변 동·읍·면과의 연결 범위를 살펴보고 가까운 지역을 찾는 데 활용할 수 있습니다."
"DESCRIPTION_TEMPLATE","469","지역SEO","3","loc 지역에서 loc loc 등 주변 생활권을 함께 확인할 수 있습니다 현재 위치에서 이어지는 주변 지역을 살펴보고 loc 방향을 판단할 때 활용할 수 있습니다","massage/오송읍-출장마사지-청주-흥덕구-생활권-지역정보-이용안내/index.html || 오송읍 지역에서 강내면·옥산면 등 주변 생활권을 함께 확인할 수 있습니다. 현재 위치에서 이어지는 주변 지역을 살펴보고 이동 방향을 판단할 때 활용할 수 있습니다.","massage/학익동-출장마사지-미추홀구-생활권-이동동선-지역정보-이용전-안내/index.html || 학익동 지역에서 용현동·주안동 등 주변 생활권을 함께 확인할 수 있습니다. 현재 위치에서 이어지는 주변 지역을 살펴보고 이동 방향을 판단할 때 활용할 수 있습니다.","massage/갈산동-출장마사지-안양시-동안구-생활권-이동동선-지역정보-이용전-안내/index.html || 갈산동 지역에서 관양동·귀인동 등 주변 생활권을 함께 확인할 수 있습니다. 현재 위치에서 이어지는 주변 지역을 살펴보고 이동 방향을 판단할 때 활용할 수 있습니다."
"DESCRIPTION_TEMPLATE","470","업체상세","3","x 관련 loc loc x 정보를 확인할 수 있습니다 n n 이용시간과 n n 부터 확인되는 가격 정보를 함께 확인하며 가격과 이용시간 연락 방법을 확인해 필요한 내용을 loc 비교할 수 있습니다","shops/gyeonggi/goyang/ilsanseo-gu/대화동/너무이쁜테라피/index.html || 너무이쁜테라피 관련 고양시-일산서구 대화동 정보를 확인할 수 있습니다. 60분·90분 이용시간과 60,000원부터 확인되는 가격 정보를 함께 확인하며 가격과 이용시간, 연락 방법을 확인해 필요한 내용을 미리 비교할 수 있습니다.","shops/gyeonggi/bucheon/sosa-gu/괴안동/한국미인테라피/index.html || 한국미인테라피 관련 부천시-소사구 괴안동 정보를 확인할 수 있습니다. 60분·90분 이용시간과 100,000원부터 확인되는 가격 정보를 함께 확인하며 가격과 이용시간, 연락 방법을 확인해 필요한 내용을 미리 비교할 수 있습니다.","shops/gyeonggi/suwon/paldal-gu/매산동/love테라피/index.html || love테라피 관련 수원시-팔달구 매산동 정보를 확인할 수 있습니다. 60분·90분 이용시간과 70,000원부터 확인되는 가격 정보를 함께 확인하며 가격과 이용시간, 연락 방법을 확인해 필요한 내용을 미리 비교할 수 있습니다."
"DESCRIPTION_TEMPLATE","471","업체상세","3","loc loc x 에서 x 이용 전 확인할 정보를 모았습니다 n n 시간 구성과 n n 부터 시작하는 가격을 확인하면서 운영시간과 코스 구성 가격 연락 방법을 한 페이지에서 확인할 수 있습니다","shops/gyeonggi/goyang/ilsanseo-gu/주엽동/한국미인테라피/index.html || 고양시-일산서구 주엽동에서 한국미인테라피 이용 전 확인할 정보를 모았습니다. 60분·90분 시간 구성과 100,000원부터 시작하는 가격을 확인하면서 운영시간과 코스 구성, 가격, 연락 방법을 한 페이지에서 확인할 수 있습니다.","shops/gyeonggi/yongin/giheung-gu/구성동/한국미인테라피/index.html || 용인시-기흥구 구성동에서 한국미인테라피 이용 전 확인할 정보를 모았습니다. 60분·90분 시간 구성과 100,000원부터 시작하는 가격을 확인하면서 운영시간과 코스 구성, 가격, 연락 방법을 한 페이지에서 확인할 수 있습니다.","shops/gyeonggi/yongin/cheoin-gu/이동읍/한국미인테라피/index.html || 용인시-처인구 이동읍에서 한국미인테라피 이용 전 확인할 정보를 모았습니다. 60분·90분 시간 구성과 100,000원부터 시작하는 가격을 확인하면서 운영시간과 코스 구성, 가격, 연락 방법을 한 페이지에서 확인할 수 있습니다."
"DESCRIPTION_TEMPLATE","472","업체상세","3","loc loc x 에서 이용 가능한 x 정보를 보기 쉽게 정리했습니다 n n 코스와 n n 부터 코스별 이용시간과 가격 운영시간 및 연락 방법을 비교할 수 있습니다","shops/gyeonggi/goyang/ilsandong-gu/식사동/너무이쁜테라피/index.html || 고양시-일산동구 식사동에서 이용 가능한 너무이쁜테라피 정보를 보기 쉽게 정리했습니다. 60분·90분 코스와 60,000원부터 코스별 이용시간과 가격, 운영시간 및 연락 방법을 비교할 수 있습니다.","shops/gyeonggi/suwon/gwonseon-gu/서둔동/너무이쁜테라피/index.html || 수원시-권선구 서둔동에서 이용 가능한 너무이쁜테라피 정보를 보기 쉽게 정리했습니다. 60분·90분 코스와 60,000원부터 코스별 이용시간과 가격, 운영시간 및 연락 방법을 비교할 수 있습니다.","shops/gyeonggi/yongin/giheung-gu/구성동/너무이쁜테라피/index.html || 용인시-기흥구 구성동에서 이용 가능한 너무이쁜테라피 정보를 보기 쉽게 정리했습니다. 60분·90분 코스와 60,000원부터 코스별 이용시간과 가격, 운영시간 및 연락 방법을 비교할 수 있습니다."
"DESCRIPTION_TEMPLATE","473","지역SEO","3","loc 생활권과 loc loc 등 가까운 지역의 관계를 정리했습니다 현재 위치에서 이어지는 주변 지역을 살펴보고 loc 방향을 판단할 때 활용할 수 있습니다","massage/청계동-출장마사지-의왕시-생활권-이동동선-지역정보-이용전-안내/index.html || 청계동 생활권과 부곡동·오전동 등 가까운 지역의 관계를 정리했습니다. 현재 위치에서 이어지는 주변 지역을 살펴보고 이동 방향을 판단할 때 활용할 수 있습니다.","massage/미아동-출장마사지-강북구-생활권-이동동선-지역정보-이용전-안내/index.html || 미아동 생활권과 번동·삼각산동 등 가까운 지역의 관계를 정리했습니다. 현재 위치에서 이어지는 주변 지역을 살펴보고 이동 방향을 판단할 때 활용할 수 있습니다.","massage/잠원동-출장마사지-서초구-생활권-이동동선-지역정보-이용전-안내/index.html || 잠원동 생활권과 서초동·양재동 등 가까운 지역의 관계를 정리했습니다. 현재 위치에서 이어지는 주변 지역을 살펴보고 이동 방향을 판단할 때 활용할 수 있습니다."
"DESCRIPTION_TEMPLATE","474","업체상세","3","loc loc x 지역의 x 이용 정보를 정리했습니다 n n 코스와 n n 부터 코스 가격 영업시간과 전화 또는 문자 문의 방법을 확인할 수 있습니다","shops/gyeonggi/goyang/ilsandong-gu/백석동/프리미엄테라피/index.html || 고양시-일산동구 백석동 지역의 프리미엄테라피 이용 정보를 정리했습니다. 60분·90분 코스와 60,000원부터 코스·가격·영업시간과 전화 또는 문자 문의 방법을 확인할 수 있습니다.","shops/gyeonggi/suwon/yeongtong-gu/망포동/한국미인테라피/index.html || 수원시-영통구 망포동 지역의 한국미인테라피 이용 정보를 정리했습니다. 60분·90분 코스와 100,000원부터 코스·가격·영업시간과 전화 또는 문자 문의 방법을 확인할 수 있습니다.","shops/gyeonggi/yongin/giheung-gu/마북동/love테라피/index.html || 용인시-기흥구 마북동 지역의 love테라피 이용 정보를 정리했습니다. 60분·90분 코스와 70,000원부터 코스·가격·영업시간과 전화 또는 문자 문의 방법을 확인할 수 있습니다."
"DESCRIPTION_TEMPLATE","475","지역SEO","3","loc 생활권을 중심으로 loc loc 등 가까운 지역 정보를 정리했습니다 인접 생활권과 loc 방향을 비교하고 지역 범위를 확인하는 데 참고할 수 있습니다","massage/고천동-출장마사지-의왕시-생활권-이동동선-지역정보-이용전-안내/index.html || 고천동 생활권을 중심으로 내손동·부곡동 등 가까운 지역 정보를 정리했습니다. 인접 생활권과 이동 방향을 비교하고 지역 범위를 확인하는 데 참고할 수 있습니다.","massage/흥남동-출장마사지-군산-생활권-이동동선-지역정보-이용전-안내/index.html || 흥남동 생활권을 중심으로 중앙동·해신동 등 가까운 지역 정보를 정리했습니다. 인접 생활권과 이동 방향을 비교하고 지역 범위를 확인하는 데 참고할 수 있습니다.","massage/화서동-출장마사지-수원시-팔달구-생활권-이동동선-지역정보-이용전-안내/index.html || 화서동 생활권을 중심으로 지동·행궁동 등 가까운 지역 정보를 정리했습니다. 인접 생활권과 이동 방향을 비교하고 지역 범위를 확인하는 데 참고할 수 있습니다."
"DESCRIPTION_TEMPLATE","476","업체상세","3","x 의 코스와 운영 정보를 loc x 기준으로 안내합니다 n n 이용시간과 n n 부터 확인되는 가격 정보를 함께 확인하며 코스별 이용시간과 가격 운영시간 및 연락 방법을 비교할 수 있습니다","shops/gyeonggi/gwangmyeong/소하동/love테라피/index.html || love테라피의 코스와 운영 정보를 광명시 소하동 기준으로 안내합니다. 60분·90분 이용시간과 70,000원부터 확인되는 가격 정보를 함께 확인하며 코스별 이용시간과 가격, 운영시간 및 연락 방법을 비교할 수 있습니다.","shops/gyeonggi/paju/법원읍/한국미인테라피/index.html || 한국미인테라피의 코스와 운영 정보를 파주시 법원읍 기준으로 안내합니다. 60분·90분 이용시간과 100,000원부터 확인되는 가격 정보를 함께 확인하며 코스별 이용시간과 가격, 운영시간 및 연락 방법을 비교할 수 있습니다.","shops/gyeonggi/pyeongtaek/송북동/프리미엄테라피/index.html || 프리미엄테라피의 코스와 운영 정보를 평택시 송북동 기준으로 안내합니다. 60분·90분 이용시간과 60,000원부터 확인되는 가격 정보를 함께 확인하며 코스별 이용시간과 가격, 운영시간 및 연락 방법을 비교할 수 있습니다."
"DESCRIPTION_TEMPLATE","477","업체상세","3","x 의 loc x 이용 안내입니다 n n 코스와 n n 부터 확인되는 가격 정보를 포함해 코스별 이용시간과 가격 운영시간 및 연락 방법을 비교할 수 있습니다","shops/gyeonggi/gwangmyeong/광명동/love테라피/index.html || love테라피의 광명시 광명동 이용 안내입니다. 60분·90분 코스와 70,000원부터 확인되는 가격 정보를 포함해 코스별 이용시간과 가격, 운영시간 및 연락 방법을 비교할 수 있습니다.","shops/gyeonggi/siheung/정왕본동/한국미인테라피/index.html || 한국미인테라피의 시흥시 정왕본동 이용 안내입니다. 60분·90분 코스와 100,000원부터 확인되는 가격 정보를 포함해 코스별 이용시간과 가격, 운영시간 및 연락 방법을 비교할 수 있습니다.","shops/other/jeonju/wansan-gu/완산동/다온테라피/index.html || 다온테라피의 완산구 완산동 이용 안내입니다. 60분·90분 코스와 60,000원부터 확인되는 가격 정보를 포함해 코스별 이용시간과 가격, 운영시간 및 연락 방법을 비교할 수 있습니다."
"DESCRIPTION_TEMPLATE","478","지역SEO","3","loc 기준 생활권과 loc loc loc 등 인접 지역의 범위를 함께 정리했습니다 지역별 위치 관계와 loc 범위를 함께 비교할 때 참고할 수 있습니다","massage/내손동-출장마사지-의왕시-생활권-이동동선-지역정보-이용전-안내/index.html || 내손동 기준 생활권과 고천동·부곡동·오전동 등 인접 지역의 범위를 함께 정리했습니다. 지역별 위치 관계와 이동 범위를 함께 비교할 때 참고할 수 있습니다.","massage/지산동-출장마사지-평택시-생활권-이동동선-지역정보-이용전-안내/index.html || 지산동 기준 생활권과 원평동·중앙동·통복동 등 인접 지역의 범위를 함께 정리했습니다. 지역별 위치 관계와 이동 범위를 함께 비교할 때 참고할 수 있습니다.","massage/용답동-출장마사지-성동구-생활권-이동동선-지역정보-이용전-안내/index.html || 용답동 기준 생활권과 왕십리도선동·왕십리동·응봉동 등 인접 지역의 범위를 함께 정리했습니다. 지역별 위치 관계와 이동 범위를 함께 비교할 때 참고할 수 있습니다."
"DESCRIPTION_TEMPLATE","479","업체상세","3","loc x 에서 x 이용 전 확인할 정보를 모았습니다 n n 이용시간과 n n 부터 확인되는 가격 정보를 함께 확인하며 코스별 시간과 가격 운영시간 전화 문자 문의 내용을 살펴볼 수 있습니다","shops/gyeonggi/gwangmyeong/광명동/너무이쁜테라피/index.html || 광명시 광명동에서 너무이쁜테라피 이용 전 확인할 정보를 모았습니다. 60분·90분 이용시간과 60,000원부터 확인되는 가격 정보를 함께 확인하며 코스별 시간과 가격, 운영시간, 전화·문자 문의 내용을 살펴볼 수 있습니다.","shops/gyeonggi/yeoju/여흥동/프리미엄테라피/index.html || 여주시 여흥동에서 프리미엄테라피 이용 전 확인할 정보를 모았습니다. 60분·90분 이용시간과 60,000원부터 확인되는 가격 정보를 함께 확인하며 코스별 시간과 가격, 운영시간, 전화·문자 문의 내용을 살펴볼 수 있습니다.","shops/gyeonggi/pocheon/영북면/프리미엄테라피/index.html || 포천시 영북면에서 프리미엄테라피 이용 전 확인할 정보를 모았습니다. 60분·90분 이용시간과 60,000원부터 확인되는 가격 정보를 함께 확인하며 코스별 시간과 가격, 운영시간, 전화·문자 문의 내용을 살펴볼 수 있습니다."
"DESCRIPTION_TEMPLATE","480","업체상세","3","x 관련 loc x 정보를 확인할 수 있습니다 n n 부터 시작하는 가격과 n n 코스 정보를 바탕으로 운영시간과 코스 구성 가격 연락 방법을 한 페이지에서 확인할 수 있습니다","shops/gyeonggi/namyangju/진접읍/프리미엄테라피/index.html || 프리미엄테라피 관련 남양주시 진접읍 정보를 확인할 수 있습니다. 60,000원부터 시작하는 가격과 60분·90분 코스 정보를 바탕으로 운영시간과 코스 구성, 가격, 연락 방법을 한 페이지에서 확인할 수 있습니다.","shops/gyeonggi/yeoncheon/청산면/너무이쁜테라피/index.html || 너무이쁜테라피 관련 연천군 청산면 정보를 확인할 수 있습니다. 60,000원부터 시작하는 가격과 60분·90분 코스 정보를 바탕으로 운영시간과 코스 구성, 가격, 연락 방법을 한 페이지에서 확인할 수 있습니다.","shops/incheon/seohae-gu/청라동/한국미인테라피/index.html || 한국미인테라피 관련 서해구 청라동 정보를 확인할 수 있습니다. 100,000원부터 시작하는 가격과 60분·90분 코스 정보를 바탕으로 운영시간과 코스 구성, 가격, 연락 방법을 한 페이지에서 확인할 수 있습니다."
"DESCRIPTION_TEMPLATE","481","업체상세","3","x 관련 loc x 정보를 확인할 수 있습니다 n n 부터 확인되는 가격 정보와 n n 코스 시간을 함께 살펴보고 이용 전 필요한 코스 가격 운영시간과 연락 정보를 한 번에 살펴볼 수 있습니다","shops/gyeonggi/dongducheon/생연동/프리미엄테라피/index.html || 프리미엄테라피 관련 동두천시 생연동 정보를 확인할 수 있습니다. 60,000원부터 확인되는 가격 정보와 60분·90분 코스 시간을 함께 살펴보고 이용 전 필요한 코스·가격·운영시간과 연락 정보를 한 번에 살펴볼 수 있습니다.","shops/gyeonggi/siheung/거북섬동/너무이쁜테라피/index.html || 너무이쁜테라피 관련 시흥시 거북섬동 정보를 확인할 수 있습니다. 60,000원부터 확인되는 가격 정보와 60분·90분 코스 시간을 함께 살펴보고 이용 전 필요한 코스·가격·운영시간과 연락 정보를 한 번에 살펴볼 수 있습니다.","shops/incheon/jemulpo-gu/화수동/너무이쁜테라피/index.html || 너무이쁜테라피 관련 제물포구 화수동 정보를 확인할 수 있습니다. 60,000원부터 확인되는 가격 정보와 60분·90분 코스 시간을 함께 살펴보고 이용 전 필요한 코스·가격·운영시간과 연락 정보를 한 번에 살펴볼 수 있습니다."
"DESCRIPTION_TEMPLATE","482","업체상세","3","x 의 코스와 운영 정보를 loc x 기준으로 안내합니다 n n 코스와 n n 부터 운영시간과 코스 구성 가격 연락 방법을 한 페이지에서 확인할 수 있습니다","shops/gyeonggi/namyangju/진건읍/너무이쁜테라피/index.html || 너무이쁜테라피의 코스와 운영 정보를 남양주시 진건읍 기준으로 안내합니다. 60분·90분 코스와 60,000원부터 운영시간과 코스 구성, 가격, 연락 방법을 한 페이지에서 확인할 수 있습니다.","shops/other/daegu/dalseo-gu/송현동/대구테라피/index.html || 대구테라피의 코스와 운영 정보를 달서구 송현동 기준으로 안내합니다. 60분·90분 코스와 80,000원부터 운영시간과 코스 구성, 가격, 연락 방법을 한 페이지에서 확인할 수 있습니다.","shops/other/daegu/dalseong-gun/현풍읍/대구테라피/index.html || 대구테라피의 코스와 운영 정보를 달성군 현풍읍 기준으로 안내합니다. 60분·90분 코스와 80,000원부터 운영시간과 코스 구성, 가격, 연락 방법을 한 페이지에서 확인할 수 있습니다."
"DESCRIPTION_TEMPLATE","483","업체상세","3","loc x 생활권에서 확인할 수 있는 x 정보를 담았습니다 n n 부터 확인되는 가격 정보와 n n 코스 시간을 함께 살펴보고 영업시간과 코스별 가격을 확인하고 전화나 문자로 세부 내용을 문의할 수 있습니다","shops/gyeonggi/namyangju/금곡동/너무이쁜테라피/index.html || 남양주시 금곡동 생활권에서 확인할 수 있는 너무이쁜테라피 정보를 담았습니다. 60,000원부터 확인되는 가격 정보와 60분·90분 코스 시간을 함께 살펴보고 영업시간과 코스별 가격을 확인하고 전화나 문자로 세부 내용을 문의할 수 있습니다.","shops/gyeonggi/dongducheon/중앙동/프리미엄테라피/index.html || 동두천시 중앙동 생활권에서 확인할 수 있는 프리미엄테라피 정보를 담았습니다. 60,000원부터 확인되는 가격 정보와 60분·90분 코스 시간을 함께 살펴보고 영업시간과 코스별 가격을 확인하고 전화나 문자로 세부 내용을 문의할 수 있습니다.","shops/incheon/ganghwa-gun/송해면/한국미인테라피/index.html || 강화군 송해면 생활권에서 확인할 수 있는 한국미인테라피 정보를 담았습니다. 100,000원부터 확인되는 가격 정보와 60분·90분 코스 시간을 함께 살펴보고 영업시간과 코스별 가격을 확인하고 전화나 문자로 세부 내용을 문의할 수 있습니다."
"DESCRIPTION_TEMPLATE","484","업체상세","3","x 관련 loc x 정보를 확인할 수 있습니다 n n 코스와 n n 부터 확인되는 가격 정보를 포함해 코스별 이용시간과 가격 운영시간 및 연락 방법을 비교할 수 있습니다","shops/gyeonggi/namyangju/오남읍/너무이쁜테라피/index.html || 너무이쁜테라피 관련 남양주시 오남읍 정보를 확인할 수 있습니다. 60분·90분 코스와 60,000원부터 확인되는 가격 정보를 포함해 코스별 이용시간과 가격, 운영시간 및 연락 방법을 비교할 수 있습니다.","shops/gyeonggi/osan/대원동/프리미엄테라피/index.html || 프리미엄테라피 관련 오산시 대원동 정보를 확인할 수 있습니다. 60분·90분 코스와 60,000원부터 확인되는 가격 정보를 포함해 코스별 이용시간과 가격, 운영시간 및 연락 방법을 비교할 수 있습니다.","shops/other/daejeon/yuseong-gu/온천동/24시미녀테라피/index.html || 24시미녀테라피 관련 유성구 온천동 정보를 확인할 수 있습니다. 60분·90분 코스와 70,000원부터 확인되는 가격 정보를 포함해 코스별 이용시간과 가격, 운영시간 및 연락 방법을 비교할 수 있습니다."
"DESCRIPTION_TEMPLATE","485","업체상세","3","loc loc x 생활권에서 확인할 수 있는 x 정보를 담았습니다 n n 이용시간과 n n 부터 확인되는 가격 정보를 함께 확인하며 코스 구성과 가격 운영시간 연락 방법을 한곳에서 확인할 수 있습니다","shops/gyeonggi/bucheon/sosa-gu/옥길동/love테라피/index.html || 부천시-소사구 옥길동 생활권에서 확인할 수 있는 love테라피 정보를 담았습니다. 60분·90분 이용시간과 70,000원부터 확인되는 가격 정보를 함께 확인하며 코스 구성과 가격, 운영시간, 연락 방법을 한곳에서 확인할 수 있습니다.","shops/gyeonggi/suwon/paldal-gu/매교동/love테라피/index.html || 수원시-팔달구 매교동 생활권에서 확인할 수 있는 love테라피 정보를 담았습니다. 60분·90분 이용시간과 70,000원부터 확인되는 가격 정보를 함께 확인하며 코스 구성과 가격, 운영시간, 연락 방법을 한곳에서 확인할 수 있습니다.","shops/gyeonggi/ansan/sangnok-gu/성포동/프리미엄테라피/index.html || 안산시-상록구 성포동 생활권에서 확인할 수 있는 프리미엄테라피 정보를 담았습니다. 60분·90분 이용시간과 60,000원부터 확인되는 가격 정보를 함께 확인하며 코스 구성과 가격, 운영시간, 연락 방법을 한곳에서 확인할 수 있습니다."
"DESCRIPTION_TEMPLATE","486","업체상세","3","loc loc x 기준으로 x 운영 정보를 정리했습니다 n n 시간 구성과 n n 부터 시작하는 가격을 확인하면서 가격과 코스 구성 영업시간 및 연락 수단을 비교해 이용 전 참고할 수 있습니다","shops/gyeonggi/bucheon/ojeong-gu/고강본동/한국미인테라피/index.html || 부천시-오정구 고강본동 기준으로 한국미인테라피 운영 정보를 정리했습니다. 60분·90분 시간 구성과 100,000원부터 시작하는 가격을 확인하면서 가격과 코스 구성, 영업시간 및 연락 수단을 비교해 이용 전 참고할 수 있습니다.","shops/gyeonggi/seongnam/bundang-gu/수내동/너무이쁜테라피/index.html || 성남시-분당구 수내동 기준으로 너무이쁜테라피 운영 정보를 정리했습니다. 60분·90분 시간 구성과 60,000원부터 시작하는 가격을 확인하면서 가격과 코스 구성, 영업시간 및 연락 수단을 비교해 이용 전 참고할 수 있습니다.","shops/gyeonggi/hwaseong/hyohaeng-gu/기배동/love테라피/index.html || 화성시-효행구 기배동 기준으로 love테라피 운영 정보를 정리했습니다. 60분·90분 시간 구성과 70,000원부터 시작하는 가격을 확인하면서 가격과 코스 구성, 영업시간 및 연락 수단을 비교해 이용 전 참고할 수 있습니다."
"DESCRIPTION_TEMPLATE","487","지역SEO","3","loc 기준 생활권과 loc loc 등 인접 지역의 범위를 함께 정리했습니다 지역별 위치 관계와 loc 범위를 함께 비교할 때 참고할 수 있습니다","massage/재궁동-출장마사지-군포시-생활권-이동동선-지역정보-이용전-안내/index.html || 재궁동 기준 생활권과 수리동·오금동 등 인접 지역의 범위를 함께 정리했습니다. 지역별 위치 관계와 이동 범위를 함께 비교할 때 참고할 수 있습니다.","massage/가양동-출장마사지-대전-동구-생활권-이동동선-지역정보-이용전-안내/index.html || 가양동 기준 생활권과 대동·대청동 등 인접 지역의 범위를 함께 정리했습니다. 지역별 위치 관계와 이동 범위를 함께 비교할 때 참고할 수 있습니다.","massage/고잔동-출장마사지-안산시-단원구-생활권-이동동선-지역정보-이용전-안내/index.html || 고잔동 기준 생활권과 대부동·백운동 등 인접 지역의 범위를 함께 정리했습니다. 지역별 위치 관계와 이동 범위를 함께 비교할 때 참고할 수 있습니다."
"DESCRIPTION_TEMPLATE","488","업체상세","3","loc x 에서 x 이용 전 확인할 정보를 모았습니다 n n 부터 시작하는 가격과 n n 코스 정보를 바탕으로 이용 가능한 코스와 가격 영업시간 전화 문자 문의 정보를 확인할 수 있습니다","shops/gyeonggi/dongducheon/중앙동/너무이쁜테라피/index.html || 동두천시 중앙동에서 너무이쁜테라피 이용 전 확인할 정보를 모았습니다. 60,000원부터 시작하는 가격과 60분·90분 코스 정보를 바탕으로 이용 가능한 코스와 가격, 영업시간, 전화·문자 문의 정보를 확인할 수 있습니다.","shops/gyeonggi/pyeongtaek/지산동/love테라피/index.html || 평택시 지산동에서 love테라피 이용 전 확인할 정보를 모았습니다. 70,000원부터 시작하는 가격과 60분·90분 코스 정보를 바탕으로 이용 가능한 코스와 가격, 영업시간, 전화·문자 문의 정보를 확인할 수 있습니다.","shops/incheon/jemulpo-gu/화평동/프리미엄테라피/index.html || 제물포구 화평동에서 프리미엄테라피 이용 전 확인할 정보를 모았습니다. 60,000원부터 시작하는 가격과 60분·90분 코스 정보를 바탕으로 이용 가능한 코스와 가격, 영업시간, 전화·문자 문의 정보를 확인할 수 있습니다."
"DESCRIPTION_TEMPLATE","489","지역SEO","3","loc 기준 생활권과 loc loc 등 인접 지역의 범위를 함께 정리했습니다 인접 생활권과 주변 위치를 확인해 loc 동선을 검토할 때 활용할 수 있습니다","massage/구래동-출장마사지-김포시-생활권-이동동선-지역정보-이용전-안내/index.html || 구래동 기준 생활권과 김포본동·마산동 등 인접 지역의 범위를 함께 정리했습니다. 인접 생활권과 주변 위치를 확인해 이동 동선을 검토할 때 활용할 수 있습니다.","massage/도봉동-출장마사지-도봉구-생활권-이동동선-지역정보-이용전-안내/index.html || 도봉동 기준 생활권과 방학동·쌍문동 등 인접 지역의 범위를 함께 정리했습니다. 인접 생활권과 주변 위치를 확인해 이동 동선을 검토할 때 활용할 수 있습니다.","massage/가포동-출장마사지-창원-마산합포구-생활권-이동동선-지역정보-이용전-안내/index.html || 가포동 기준 생활권과 교방동·문화동 등 인접 지역의 범위를 함께 정리했습니다. 인접 생활권과 주변 위치를 확인해 이동 동선을 검토할 때 활용할 수 있습니다."
"DESCRIPTION_TEMPLATE","490","업체상세","3","x 이용 전 살펴볼 loc x 지역 정보를 한곳에 모았습니다 n n 부터 시작하는 가격과 n n 코스 정보를 바탕으로 가격과 이용시간 연락 방법을 확인해 필요한 내용을 loc 비교할 수 있습니다","shops/gyeonggi/gimpo/풍무동/프리미엄테라피/index.html || 프리미엄테라피 이용 전 살펴볼 김포시 풍무동 지역 정보를 한곳에 모았습니다. 60,000원부터 시작하는 가격과 60분·90분 코스 정보를 바탕으로 가격과 이용시간, 연락 방법을 확인해 필요한 내용을 미리 비교할 수 있습니다.","shops/gyeonggi/siheung/신현동/너무이쁜테라피/index.html || 너무이쁜테라피 이용 전 살펴볼 시흥시 신현동 지역 정보를 한곳에 모았습니다. 60,000원부터 시작하는 가격과 60분·90분 코스 정보를 바탕으로 가격과 이용시간, 연락 방법을 확인해 필요한 내용을 미리 비교할 수 있습니다.","shops/gyeonggi/hanam/덕풍동/프리미엄테라피/index.html || 프리미엄테라피 이용 전 살펴볼 하남시 덕풍동 지역 정보를 한곳에 모았습니다. 60,000원부터 시작하는 가격과 60분·90분 코스 정보를 바탕으로 가격과 이용시간, 연락 방법을 확인해 필요한 내용을 미리 비교할 수 있습니다."
"DESCRIPTION_TEMPLATE","491","지역SEO","3","loc 위치를 기준으로 loc loc loc 등 주변 지역과의 연결 관계를 확인할 수 있습니다 생활권별 위치와 loc 흐름을 비교해 주변 지역을 확인하기 쉽도록 구성했습니다","massage/대야동-출장마사지-시흥시-생활권-이동동선-지역정보-이용전-안내/index.html || 대야동 위치를 기준으로 군자동·능곡동·매화동 등 주변 지역과의 연결 관계를 확인할 수 있습니다. 생활권별 위치와 이동 흐름을 비교해 주변 지역을 확인하기 쉽도록 구성했습니다.","massage/한솔동-출장마사지-세종-생활권-이동동선-지역정보-이용전-안내/index.html || 한솔동 위치를 기준으로 종촌동·집현동·해밀동 등 주변 지역과의 연결 관계를 확인할 수 있습니다. 생활권별 위치와 이동 흐름을 비교해 주변 지역을 확인하기 쉽도록 구성했습니다.","massage/매곡동-출장마사지-광주-북구-생활권-이동동선-지역정보-이용전-안내/index.html || 매곡동 위치를 기준으로 동림동·두암동·문화동 등 주변 지역과의 연결 관계를 확인할 수 있습니다. 생활권별 위치와 이동 흐름을 비교해 주변 지역을 확인하기 쉽도록 구성했습니다."
"DESCRIPTION_TEMPLATE","492","지역SEO","3","loc 위치를 기준으로 loc loc loc 등 주변 지역과의 연결 관계를 확인할 수 있습니다 현재 위치에서 가까운 지역을 비교하고 loc 범위를 살펴볼 때 참고할 수 있습니다","massage/소보면-출장마사지-대구-군위군-생활권-지역정보-이용안내/index.html || 소보면 위치를 기준으로 군위읍·부계면·산성면 등 주변 지역과의 연결 관계를 확인할 수 있습니다. 현재 위치에서 가까운 지역을 비교하고 이동 범위를 살펴볼 때 참고할 수 있습니다.","massage/난곡동-출장마사지-관악구-생활권-이동동선-지역정보-이용전-안내/index.html || 난곡동 위치를 기준으로 낙성대동·난향동·남현동 등 주변 지역과의 연결 관계를 확인할 수 있습니다. 현재 위치에서 가까운 지역을 비교하고 이동 범위를 살펴볼 때 참고할 수 있습니다.","massage/사창동-출장마사지-청주-서원구-생활권-이동동선-지역정보-이용전-안내/index.html || 사창동 위치를 기준으로 분평동·사직동·산남동 등 주변 지역과의 연결 관계를 확인할 수 있습니다. 현재 위치에서 가까운 지역을 비교하고 이동 범위를 살펴볼 때 참고할 수 있습니다."
"DESCRIPTION_TEMPLATE","493","업체상세","3","x 의 코스와 운영 정보를 loc x 기준으로 안내합니다 n n 코스와 n n 부터 확인되는 가격 정보를 포함해 가격과 코스 구성 영업시간 및 연락 수단을 비교해 이용 전 참고할 수 있습니다","shops/gyeonggi/gunpo/대야동/너무이쁜테라피/index.html || 너무이쁜테라피의 코스와 운영 정보를 군포시 대야동 기준으로 안내합니다. 60분·90분 코스와 60,000원부터 확인되는 가격 정보를 포함해 가격과 코스 구성, 영업시간 및 연락 수단을 비교해 이용 전 참고할 수 있습니다.","shops/other/jeonju/wansan-gu/효자동/상큼테라피/index.html || 상큼테라피의 코스와 운영 정보를 완산구 효자동 기준으로 안내합니다. 60분·90분 코스와 70,000원부터 확인되는 가격 정보를 포함해 가격과 코스 구성, 영업시간 및 연락 수단을 비교해 이용 전 참고할 수 있습니다.","shops/other/changwon/uichang-gu/대산면/경남테라피/index.html || 경남테라피의 코스와 운영 정보를 의창구 대산면 기준으로 안내합니다. 60분·90분 코스와 60,000원부터 확인되는 가격 정보를 포함해 가격과 코스 구성, 영업시간 및 연락 수단을 비교해 이용 전 참고할 수 있습니다."
"DESCRIPTION_TEMPLATE","494","지역SEO","3","loc 생활권을 중심으로 loc loc loc 등 가까운 지역 정보를 정리했습니다 인접 지역의 위치 관계와 생활권 범위를 비교할 때 참고할 수 있습니다","massage/월곶동-출장마사지-시흥시-생활권-이동동선-지역정보-이용전-안내/index.html || 월곶동 생활권을 중심으로 신현동·연성동·은행동 등 가까운 지역 정보를 정리했습니다. 인접 지역의 위치 관계와 생활권 범위를 비교할 때 참고할 수 있습니다.","massage/판암동-출장마사지-대전-동구-생활권-이동동선-지역정보-이용전-안내/index.html || 판암동 생활권을 중심으로 자양동·중앙동·홍도동 등 가까운 지역 정보를 정리했습니다. 인접 지역의 위치 관계와 생활권 범위를 비교할 때 참고할 수 있습니다.","massage/마두동-출장마사지-고양시-일산동구-생활권-이동동선-지역정보-이용전-안내/index.html || 마두동 생활권을 중심으로 고봉동·백석동·식사동 등 가까운 지역 정보를 정리했습니다. 인접 지역의 위치 관계와 생활권 범위를 비교할 때 참고할 수 있습니다."
"DESCRIPTION_TEMPLATE","495","지역SEO","3","loc 지역에서 loc loc loc 등 주변 생활권을 함께 확인할 수 있습니다 지역별 위치 관계와 loc 범위를 함께 비교할 때 참고할 수 있습니다","massage/신천동-출장마사지-시흥시-생활권-이동동선-지역정보-이용전-안내/index.html || 신천동 지역에서 목감동·배곧동·신현동 등 주변 생활권을 함께 확인할 수 있습니다. 지역별 위치 관계와 이동 범위를 함께 비교할 때 참고할 수 있습니다.","massage/금창동-출장마사지-제물포구-생활권-이동동선-지역정보-이용전-안내/index.html || 금창동 지역에서 개항동·도원동·동인천동 등 주변 생활권을 함께 확인할 수 있습니다. 지역별 위치 관계와 이동 범위를 함께 비교할 때 참고할 수 있습니다.","massage/유림동-출장마사지-용인시-처인구-생활권-이동동선-지역정보-이용전-안내/index.html || 유림동 지역에서 삼가동·역북동·중앙동 등 주변 생활권을 함께 확인할 수 있습니다. 지역별 위치 관계와 이동 범위를 함께 비교할 때 참고할 수 있습니다."
"DESCRIPTION_TEMPLATE","496","지역SEO","3","x 주변 지역을 확인할 때 loc loc loc 등 가까운 생활권을 비교할 수 있습니다 현재 위치에서 가까운 지역을 비교하고 loc 범위를 살펴볼 때 참고할 수 있습니다","massage/의당면-출장마사지-공주-생활권-지역정보-이용안내/index.html || 의당면 주변 지역을 확인할 때 계룡면·반포면·사곡면 등 가까운 생활권을 비교할 수 있습니다. 현재 위치에서 가까운 지역을 비교하고 이동 범위를 살펴볼 때 참고할 수 있습니다.","massage/대동-출장마사지-대전-동구-생활권-이동동선-지역정보-이용전-안내/index.html || 대동 주변 지역을 확인할 때 가양동·대청동·산내동 등 가까운 생활권을 비교할 수 있습니다. 현재 위치에서 가까운 지역을 비교하고 이동 범위를 살펴볼 때 참고할 수 있습니다.","massage/수동면-출장마사지-남양주시-생활권-지역정보-이용안내/index.html || 수동면 주변 지역을 확인할 때 별내면·오남읍·와부읍 등 가까운 생활권을 비교할 수 있습니다. 현재 위치에서 가까운 지역을 비교하고 이동 범위를 살펴볼 때 참고할 수 있습니다."
"DESCRIPTION_TEMPLATE","497","업체상세","3","loc x 에서 이용 가능한 x 정보를 보기 쉽게 정리했습니다 n n 코스 구성과 n n 부터 확인되는 가격대를 확인한 뒤 코스 가격 영업시간과 전화 또는 문자 문의 방법을 확인할 수 있습니다","shops/gyeonggi/gimpo/풍무동/love테라피/index.html || 김포시 풍무동에서 이용 가능한 love테라피 정보를 보기 쉽게 정리했습니다. 60분·90분 코스 구성과 70,000원부터 확인되는 가격대를 확인한 뒤 코스·가격·영업시간과 전화 또는 문자 문의 방법을 확인할 수 있습니다.","shops/gyeonggi/yangpyeong/개군면/한국미인테라피/index.html || 양평군 개군면에서 이용 가능한 한국미인테라피 정보를 보기 쉽게 정리했습니다. 60분·90분 코스 구성과 100,000원부터 확인되는 가격대를 확인한 뒤 코스·가격·영업시간과 전화 또는 문자 문의 방법을 확인할 수 있습니다.","shops/gyeonggi/pyeongtaek/송탄동/love테라피/index.html || 평택시 송탄동에서 이용 가능한 love테라피 정보를 보기 쉽게 정리했습니다. 60분·90분 코스 구성과 70,000원부터 확인되는 가격대를 확인한 뒤 코스·가격·영업시간과 전화 또는 문자 문의 방법을 확인할 수 있습니다."
"DESCRIPTION_TEMPLATE","498","업체상세","3","loc x 생활권에서 확인할 수 있는 x 정보를 담았습니다 n n 이용시간과 n n 부터 확인되는 가격 정보를 함께 확인하며 이용 전 필요한 코스 가격 운영시간과 연락 정보를 한 번에 살펴볼 수 있습니다","shops/gyeonggi/gimpo/운양동/프리미엄테라피/index.html || 김포시 운양동 생활권에서 확인할 수 있는 프리미엄테라피 정보를 담았습니다. 60분·90분 이용시간과 60,000원부터 확인되는 가격 정보를 함께 확인하며 이용 전 필요한 코스·가격·운영시간과 연락 정보를 한 번에 살펴볼 수 있습니다.","shops/gyeonggi/pocheon/일동면/한국미인테라피/index.html || 포천시 일동면 생활권에서 확인할 수 있는 한국미인테라피 정보를 담았습니다. 60분·90분 이용시간과 100,000원부터 확인되는 가격 정보를 함께 확인하며 이용 전 필요한 코스·가격·운영시간과 연락 정보를 한 번에 살펴볼 수 있습니다.","shops/gyeonggi/hanam/초이동/한국미인테라피/index.html || 하남시 초이동 생활권에서 확인할 수 있는 한국미인테라피 정보를 담았습니다. 60분·90분 이용시간과 100,000원부터 확인되는 가격 정보를 함께 확인하며 이용 전 필요한 코스·가격·운영시간과 연락 정보를 한 번에 살펴볼 수 있습니다."
"DESCRIPTION_TEMPLATE","499","업체상세","3","x 이용을 검토할 때 참고할 loc x 상세 정보입니다 n n 부터 확인되는 가격과 n n 코스 정보를 참고해 영업시간과 코스별 가격을 확인하고 전화나 문자로 세부 내용을 문의할 수 있습니다","shops/gyeonggi/gimpo/사우동/love테라피/index.html || love테라피 이용을 검토할 때 참고할 김포시 사우동 상세 정보입니다. 70,000원부터 확인되는 가격과 60분·90분 코스 정보를 참고해 영업시간과 코스별 가격을 확인하고 전화나 문자로 세부 내용을 문의할 수 있습니다.","shops/gyeonggi/siheung/연성동/love테라피/index.html || love테라피 이용을 검토할 때 참고할 시흥시 연성동 상세 정보입니다. 70,000원부터 확인되는 가격과 60분·90분 코스 정보를 참고해 영업시간과 코스별 가격을 확인하고 전화나 문자로 세부 내용을 문의할 수 있습니다.","shops/incheon/michuhol-gu/주안동/프리미엄테라피/index.html || 프리미엄테라피 이용을 검토할 때 참고할 미추홀구 주안동 상세 정보입니다. 60,000원부터 확인되는 가격과 60분·90분 코스 정보를 참고해 영업시간과 코스별 가격을 확인하고 전화나 문자로 세부 내용을 문의할 수 있습니다."
"DESCRIPTION_TEMPLATE","500","업체상세","3","loc x 생활권에서 확인할 수 있는 x 정보를 담았습니다 n n 부터 확인되는 가격 정보와 n n 코스 시간을 함께 살펴보고 코스 구성과 가격 운영시간 연락 방법을 한곳에서 확인할 수 있습니다","shops/gyeonggi/gimpo/운양동/love테라피/index.html || 김포시 운양동 생활권에서 확인할 수 있는 love테라피 정보를 담았습니다. 70,000원부터 확인되는 가격 정보와 60분·90분 코스 시간을 함께 살펴보고 코스 구성과 가격, 운영시간, 연락 방법을 한곳에서 확인할 수 있습니다.","shops/incheon/michuhol-gu/용현동/한국미인테라피/index.html || 미추홀구 용현동 생활권에서 확인할 수 있는 한국미인테라피 정보를 담았습니다. 100,000원부터 확인되는 가격 정보와 60분·90분 코스 시간을 함께 살펴보고 코스 구성과 가격, 운영시간, 연락 방법을 한곳에서 확인할 수 있습니다.","shops/other/daegu/dong-gu/공산동/대구테라피/index.html || 동구 공산동 생활권에서 확인할 수 있는 대구테라피 정보를 담았습니다. 80,000원부터 확인되는 가격 정보와 60분·90분 코스 시간을 함께 살펴보고 코스 구성과 가격, 운영시간, 연락 방법을 한곳에서 확인할 수 있습니다."
"DESCRIPTION_TEMPLATE","501","업체상세","3","loc x 지역의 x 이용 정보를 정리했습니다 n n 코스와 n n 부터 코스 가격 영업시간과 전화 또는 문자 문의 방법을 확인할 수 있습니다","shops/seoul/seongdong-gu/3가동/프리미엄테라피/index.html || 성동구 3가동 지역의 프리미엄테라피 이용 정보를 정리했습니다. 60분·90분 코스와 60,000원부터 코스·가격·영업시간과 전화 또는 문자 문의 방법을 확인할 수 있습니다.","shops/incheon/gyeyang-gu/효성동/love테라피/index.html || 계양구 효성동 지역의 love테라피 이용 정보를 정리했습니다. 60분·90분 코스와 70,000원부터 코스·가격·영업시간과 전화 또는 문자 문의 방법을 확인할 수 있습니다.","shops/other/cheongju/cheongwon-gu/내수읍/S썸바디테라피/index.html || 청원구 내수읍 지역의 S썸바디테라피 이용 정보를 정리했습니다. 60분·90분 코스와 50,000원부터 코스·가격·영업시간과 전화 또는 문자 문의 방법을 확인할 수 있습니다."
"DESCRIPTION_TEMPLATE","502","업체상세","3","loc x 기준으로 x 운영 정보를 정리했습니다 n n 코스 구성과 n n 부터 확인되는 가격대를 확인한 뒤 가격과 코스 구성 영업시간 및 연락 수단을 비교해 이용 전 참고할 수 있습니다","shops/seoul/gwanak-gu/남현동/마인드좋은테라피/index.html || 관악구 남현동 기준으로 마인드좋은테라피 운영 정보를 정리했습니다. 60분·90분 코스 구성과 60,000원부터 확인되는 가격대를 확인한 뒤 가격과 코스 구성, 영업시간 및 연락 수단을 비교해 이용 전 참고할 수 있습니다.","shops/seoul/eunpyeong-gu/신사동/프리미엄테라피/index.html || 은평구 신사동 기준으로 프리미엄테라피 운영 정보를 정리했습니다. 60분·90분 코스 구성과 60,000원부터 확인되는 가격대를 확인한 뒤 가격과 코스 구성, 영업시간 및 연락 수단을 비교해 이용 전 참고할 수 있습니다.","shops/gyeonggi/gwangju-gyeonggi/곤지암읍/너무이쁜테라피/index.html || 광주시 곤지암읍 기준으로 너무이쁜테라피 운영 정보를 정리했습니다. 60분·90분 코스 구성과 60,000원부터 확인되는 가격대를 확인한 뒤 가격과 코스 구성, 영업시간 및 연락 수단을 비교해 이용 전 참고할 수 있습니다."
"DESCRIPTION_TEMPLATE","503","업체상세","3","x 이용을 검토할 때 참고할 loc x 상세 정보입니다 n n 시간 구성과 n n 부터 시작하는 가격을 확인하면서 코스 가격 영업시간과 전화 또는 문자 문의 방법을 확인할 수 있습니다","shops/seoul/seongdong-gu/금호4가동/프리미엄테라피/index.html || 프리미엄테라피 이용을 검토할 때 참고할 성동구 금호4가동 상세 정보입니다. 60분·90분 시간 구성과 60,000원부터 시작하는 가격을 확인하면서 코스·가격·영업시간과 전화 또는 문자 문의 방법을 확인할 수 있습니다.","shops/gyeonggi/gimpo/김포본동/love테라피/index.html || love테라피 이용을 검토할 때 참고할 김포시 김포본동 상세 정보입니다. 60분·90분 시간 구성과 70,000원부터 시작하는 가격을 확인하면서 코스·가격·영업시간과 전화 또는 문자 문의 방법을 확인할 수 있습니다.","shops/gyeonggi/pocheon/관인면/프리미엄테라피/index.html || 프리미엄테라피 이용을 검토할 때 참고할 포천시 관인면 상세 정보입니다. 60분·90분 시간 구성과 60,000원부터 시작하는 가격을 확인하면서 코스·가격·영업시간과 전화 또는 문자 문의 방법을 확인할 수 있습니다."
"DESCRIPTION_TEMPLATE","504","업체상세","3","x 의 loc x 이용 안내입니다 n n 코스와 n n 부터 확인되는 가격 정보를 포함해 코스 가격 영업시간과 전화 또는 문자 문의 방법을 확인할 수 있습니다","shops/seoul/seocho-gu/양재동/마인드좋은테라피/index.html || 마인드좋은테라피의 서초구 양재동 이용 안내입니다. 60분·90분 코스와 60,000원부터 확인되는 가격 정보를 포함해 코스·가격·영업시간과 전화 또는 문자 문의 방법을 확인할 수 있습니다.","shops/seoul/yangcheon-gu/목동/너무이쁜테라피/index.html || 너무이쁜테라피의 양천구 목동 이용 안내입니다. 60분·90분 코스와 60,000원부터 확인되는 가격 정보를 포함해 코스·가격·영업시간과 전화 또는 문자 문의 방법을 확인할 수 있습니다.","shops/gyeonggi/pyeongtaek/신장동/한국미인테라피/index.html || 한국미인테라피의 평택시 신장동 이용 안내입니다. 60분·90분 코스와 100,000원부터 확인되는 가격 정보를 포함해 코스·가격·영업시간과 전화 또는 문자 문의 방법을 확인할 수 있습니다."
"DESCRIPTION_TEMPLATE","505","업체상세","3","x 의 loc x 이용 안내입니다 n n 코스와 n n 부터 가격과 코스 구성 영업시간 및 연락 수단을 비교해 이용 전 참고할 수 있습니다","shops/seoul/seocho-gu/잠원동/한국미인테라피/index.html || 한국미인테라피의 서초구 잠원동 이용 안내입니다. 60분·90분 코스와 100,000원부터 가격과 코스 구성, 영업시간 및 연락 수단을 비교해 이용 전 참고할 수 있습니다.","shops/seoul/jungnang-gu/상봉동/한국미인테라피/index.html || 한국미인테라피의 중랑구 상봉동 이용 안내입니다. 60분·90분 코스와 100,000원부터 가격과 코스 구성, 영업시간 및 연락 수단을 비교해 이용 전 참고할 수 있습니다.","shops/gyeonggi/gwangmyeong/소하동/프리미엄테라피/index.html || 프리미엄테라피의 광명시 소하동 이용 안내입니다. 60분·90분 코스와 60,000원부터 가격과 코스 구성, 영업시간 및 연락 수단을 비교해 이용 전 참고할 수 있습니다."
"DESCRIPTION_TEMPLATE","506","업체상세","3","x 관련 loc x 정보를 확인할 수 있습니다 n n 이용시간과 n n 부터 확인되는 가격 정보를 함께 확인하며 코스 구성과 가격 운영시간 연락 방법을 한곳에서 확인할 수 있습니다","shops/seoul/seocho-gu/잠원동/프리미엄테라피/index.html || 프리미엄테라피 관련 서초구 잠원동 정보를 확인할 수 있습니다. 60분·90분 이용시간과 60,000원부터 확인되는 가격 정보를 함께 확인하며 코스 구성과 가격, 운영시간, 연락 방법을 한곳에서 확인할 수 있습니다.","shops/gyeonggi/paju/파평면/너무이쁜테라피/index.html || 너무이쁜테라피 관련 파주시 파평면 정보를 확인할 수 있습니다. 60분·90분 이용시간과 60,000원부터 확인되는 가격 정보를 함께 확인하며 코스 구성과 가격, 운영시간, 연락 방법을 한곳에서 확인할 수 있습니다.","shops/other/daejeon/seo-gu/가수원동/S썸바디테라피/index.html || S썸바디테라피 관련 서구 가수원동 정보를 확인할 수 있습니다. 60분·90분 이용시간과 50,000원부터 확인되는 가격 정보를 함께 확인하며 코스 구성과 가격, 운영시간, 연락 방법을 한곳에서 확인할 수 있습니다."
"DESCRIPTION_TEMPLATE","507","업체상세","3","x 의 코스와 운영 정보를 loc x 기준으로 안내합니다 n n 부터 확인되는 가격 정보와 n n 코스 시간을 함께 살펴보고 코스와 가격 영업시간 전화 문자 문의 방법을 함께 확인할 수 있습니다","shops/seoul/gwanak-gu/낙성대동/love테라피/index.html || love테라피의 코스와 운영 정보를 관악구 낙성대동 기준으로 안내합니다. 70,000원부터 확인되는 가격 정보와 60분·90분 코스 시간을 함께 살펴보고 코스와 가격, 영업시간, 전화·문자 문의 방법을 함께 확인할 수 있습니다.","shops/seoul/gwanak-gu/난향동/프리미엄테라피/index.html || 프리미엄테라피의 코스와 운영 정보를 관악구 난향동 기준으로 안내합니다. 60,000원부터 확인되는 가격 정보와 60분·90분 코스 시간을 함께 살펴보고 코스와 가격, 영업시간, 전화·문자 문의 방법을 함께 확인할 수 있습니다.","shops/gyeonggi/gwacheon/문원동/너무이쁜테라피/index.html || 너무이쁜테라피의 코스와 운영 정보를 과천시 문원동 기준으로 안내합니다. 60,000원부터 확인되는 가격 정보와 60분·90분 코스 시간을 함께 살펴보고 코스와 가격, 영업시간, 전화·문자 문의 방법을 함께 확인할 수 있습니다."
"DESCRIPTION_TEMPLATE","508","업체상세","3","x 관련 loc x 정보를 확인할 수 있습니다 n n 코스와 n n 부터 확인되는 가격 정보를 포함해 코스 구성과 가격 운영시간 연락 방법을 한곳에서 확인할 수 있습니다","shops/seoul/gangseo-gu/화곡본동/너무이쁜테라피/index.html || 너무이쁜테라피 관련 강서구 화곡본동 정보를 확인할 수 있습니다. 60분·90분 코스와 60,000원부터 확인되는 가격 정보를 포함해 코스 구성과 가격, 운영시간, 연락 방법을 한곳에서 확인할 수 있습니다.","shops/seoul/jungnang-gu/중화동/love테라피/index.html || love테라피 관련 중랑구 중화동 정보를 확인할 수 있습니다. 60분·90분 코스와 70,000원부터 확인되는 가격 정보를 포함해 코스 구성과 가격, 운영시간, 연락 방법을 한곳에서 확인할 수 있습니다.","shops/gyeonggi/yeoju/북내면/love테라피/index.html || love테라피 관련 여주시 북내면 정보를 확인할 수 있습니다. 60분·90분 코스와 70,000원부터 확인되는 가격 정보를 포함해 코스 구성과 가격, 운영시간, 연락 방법을 한곳에서 확인할 수 있습니다."
"DESCRIPTION_TEMPLATE","509","업체상세","3","loc x 에서 x 이용 전 확인할 정보를 모았습니다 n n 부터 확인되는 가격과 n n 코스 정보를 참고해 코스별 이용시간과 가격 운영시간 및 연락 방법을 비교할 수 있습니다","shops/seoul/dongjak-gu/신대방동/love테라피/index.html || 동작구 신대방동에서 love테라피 이용 전 확인할 정보를 모았습니다. 70,000원부터 확인되는 가격과 60분·90분 코스 정보를 참고해 코스별 이용시간과 가격, 운영시간 및 연락 방법을 비교할 수 있습니다.","shops/seoul/mapo-gu/용강동/love테라피/index.html || 마포구 용강동에서 love테라피 이용 전 확인할 정보를 모았습니다. 70,000원부터 확인되는 가격과 60분·90분 코스 정보를 참고해 코스별 이용시간과 가격, 운영시간 및 연락 방법을 비교할 수 있습니다.","shops/seoul/yeongdeungpo-gu/영등포동/프리미엄테라피/index.html || 영등포구 영등포동에서 프리미엄테라피 이용 전 확인할 정보를 모았습니다. 60,000원부터 확인되는 가격과 60분·90분 코스 정보를 참고해 코스별 이용시간과 가격, 운영시간 및 연락 방법을 비교할 수 있습니다."
"DESCRIPTION_TEMPLATE","510","업체상세","3","x 관련 loc x 정보를 확인할 수 있습니다 n n 코스와 n n 부터 코스별 시간과 가격 운영시간 전화 문자 문의 내용을 살펴볼 수 있습니다","shops/seoul/dongjak-gu/흑석동/너무이쁜테라피/index.html || 너무이쁜테라피 관련 동작구 흑석동 정보를 확인할 수 있습니다. 60분·90분 코스와 60,000원부터 코스별 시간과 가격, 운영시간, 전화·문자 문의 내용을 살펴볼 수 있습니다.","shops/seoul/mapo-gu/서교동/너무이쁜테라피/index.html || 너무이쁜테라피 관련 마포구 서교동 정보를 확인할 수 있습니다. 60분·90분 코스와 60,000원부터 코스별 시간과 가격, 운영시간, 전화·문자 문의 내용을 살펴볼 수 있습니다.","shops/incheon/bupyeong-gu/부개동/프리미엄테라피/index.html || 프리미엄테라피 관련 부평구 부개동 정보를 확인할 수 있습니다. 60분·90분 코스와 60,000원부터 코스별 시간과 가격, 운영시간, 전화·문자 문의 내용을 살펴볼 수 있습니다."
"DESCRIPTION_TEMPLATE","511","업체상세","3","x 의 loc x 운영 정보와 문의 방법을 정리했습니다 n n 부터 시작하는 가격과 n n 코스 정보를 바탕으로 가격과 코스 구성 영업시간 및 연락 수단을 비교해 이용 전 참고할 수 있습니다","shops/seoul/gwanak-gu/난향동/love테라피/index.html || love테라피의 관악구 난향동 운영 정보와 문의 방법을 정리했습니다. 70,000원부터 시작하는 가격과 60분·90분 코스 정보를 바탕으로 가격과 코스 구성, 영업시간 및 연락 수단을 비교해 이용 전 참고할 수 있습니다.","shops/gyeonggi/namyangju/평내동/한국미인테라피/index.html || 한국미인테라피의 남양주시 평내동 운영 정보와 문의 방법을 정리했습니다. 100,000원부터 시작하는 가격과 60분·90분 코스 정보를 바탕으로 가격과 코스 구성, 영업시간 및 연락 수단을 비교해 이용 전 참고할 수 있습니다.","shops/gyeonggi/icheon/마장면/프리미엄테라피/index.html || 프리미엄테라피의 이천시 마장면 운영 정보와 문의 방법을 정리했습니다. 60,000원부터 시작하는 가격과 60분·90분 코스 정보를 바탕으로 가격과 코스 구성, 영업시간 및 연락 수단을 비교해 이용 전 참고할 수 있습니다."
"DESCRIPTION_TEMPLATE","512","업체상세","3","loc x 생활권에서 확인할 수 있는 x 정보를 담았습니다 n n 부터 시작하는 가격과 n n 코스 정보를 바탕으로 가격과 이용시간 연락 방법을 확인해 필요한 내용을 loc 비교할 수 있습니다","shops/seoul/gwanak-gu/난곡동/프리미엄테라피/index.html || 관악구 난곡동 생활권에서 확인할 수 있는 프리미엄테라피 정보를 담았습니다. 60,000원부터 시작하는 가격과 60분·90분 코스 정보를 바탕으로 가격과 이용시간, 연락 방법을 확인해 필요한 내용을 미리 비교할 수 있습니다.","shops/gyeonggi/uijeongbu/신곡동/너무이쁜테라피/index.html || 의정부시 신곡동 생활권에서 확인할 수 있는 너무이쁜테라피 정보를 담았습니다. 60,000원부터 시작하는 가격과 60분·90분 코스 정보를 바탕으로 가격과 이용시간, 연락 방법을 확인해 필요한 내용을 미리 비교할 수 있습니다.","shops/gyeonggi/paju/파평면/프리미엄테라피/index.html || 파주시 파평면 생활권에서 확인할 수 있는 프리미엄테라피 정보를 담았습니다. 60,000원부터 시작하는 가격과 60분·90분 코스 정보를 바탕으로 가격과 이용시간, 연락 방법을 확인해 필요한 내용을 미리 비교할 수 있습니다."
"DESCRIPTION_TEMPLATE","513","업체상세","3","x 의 코스와 운영 정보를 loc x 기준으로 안내합니다 n n 부터 확인되는 가격과 n n 코스 정보를 참고해 코스 가격 영업시간과 전화 또는 문자 문의 방법을 확인할 수 있습니다","shops/seoul/seocho-gu/서초동/마인드좋은테라피/index.html || 마인드좋은테라피의 코스와 운영 정보를 서초구 서초동 기준으로 안내합니다. 60,000원부터 확인되는 가격과 60분·90분 코스 정보를 참고해 코스·가격·영업시간과 전화 또는 문자 문의 방법을 확인할 수 있습니다.","shops/seoul/yangcheon-gu/신월동/love테라피/index.html || love테라피의 코스와 운영 정보를 양천구 신월동 기준으로 안내합니다. 70,000원부터 확인되는 가격과 60분·90분 코스 정보를 참고해 코스·가격·영업시간과 전화 또는 문자 문의 방법을 확인할 수 있습니다.","shops/gyeonggi/gunpo/수리동/love테라피/index.html || love테라피의 코스와 운영 정보를 군포시 수리동 기준으로 안내합니다. 70,000원부터 확인되는 가격과 60분·90분 코스 정보를 참고해 코스·가격·영업시간과 전화 또는 문자 문의 방법을 확인할 수 있습니다."
"DESCRIPTION_TEMPLATE","514","업체상세","3","loc x 에서 이용 가능한 x 정보를 보기 쉽게 정리했습니다 n n 코스와 n n 부터 확인되는 가격 정보를 포함해 코스별 이용시간과 가격 운영시간 및 연락 방법을 비교할 수 있습니다","shops/seoul/gwanak-gu/미성동/마인드좋은테라피/index.html || 관악구 미성동에서 이용 가능한 마인드좋은테라피 정보를 보기 쉽게 정리했습니다. 60분·90분 코스와 60,000원부터 확인되는 가격 정보를 포함해 코스별 이용시간과 가격, 운영시간 및 연락 방법을 비교할 수 있습니다.","shops/seoul/songpa-gu/위례동/love테라피/index.html || 송파구 위례동에서 이용 가능한 love테라피 정보를 보기 쉽게 정리했습니다. 60분·90분 코스와 70,000원부터 확인되는 가격 정보를 포함해 코스별 이용시간과 가격, 운영시간 및 연락 방법을 비교할 수 있습니다.","shops/other/daejeon/jung-gu/부사동/24시미녀테라피/index.html || 중구 부사동에서 이용 가능한 24시미녀테라피 정보를 보기 쉽게 정리했습니다. 60분·90분 코스와 70,000원부터 확인되는 가격 정보를 포함해 코스별 이용시간과 가격, 운영시간 및 연락 방법을 비교할 수 있습니다."
"DESCRIPTION_TEMPLATE","515","업체상세","3","loc x 에서 x 이용 전 확인할 정보를 모았습니다 n n 코스와 n n 부터 확인되는 가격 정보를 포함해 가격과 이용시간 연락 방법을 확인해 필요한 내용을 loc 비교할 수 있습니다","shops/seoul/seocho-gu/반포동/마인드좋은테라피/index.html || 서초구 반포동에서 마인드좋은테라피 이용 전 확인할 정보를 모았습니다. 60분·90분 코스와 60,000원부터 확인되는 가격 정보를 포함해 가격과 이용시간, 연락 방법을 확인해 필요한 내용을 미리 비교할 수 있습니다.","shops/gyeonggi/gwangju-gyeonggi/쌍령동/한국미인테라피/index.html || 광주시 쌍령동에서 한국미인테라피 이용 전 확인할 정보를 모았습니다. 60분·90분 코스와 100,000원부터 확인되는 가격 정보를 포함해 가격과 이용시간, 연락 방법을 확인해 필요한 내용을 미리 비교할 수 있습니다.","shops/gyeonggi/yeoju/점동면/너무이쁜테라피/index.html || 여주시 점동면에서 너무이쁜테라피 이용 전 확인할 정보를 모았습니다. 60분·90분 코스와 60,000원부터 확인되는 가격 정보를 포함해 가격과 이용시간, 연락 방법을 확인해 필요한 내용을 미리 비교할 수 있습니다."
"DESCRIPTION_TEMPLATE","516","업체상세","3","x 의 코스와 운영 정보를 loc x 기준으로 안내합니다 n n 부터 시작하는 가격과 n n 코스 정보를 바탕으로 운영시간과 코스 구성 가격 연락 방법을 한 페이지에서 확인할 수 있습니다","shops/seoul/seocho-gu/반포본동/프리미엄테라피/index.html || 프리미엄테라피의 코스와 운영 정보를 서초구 반포본동 기준으로 안내합니다. 60,000원부터 시작하는 가격과 60분·90분 코스 정보를 바탕으로 운영시간과 코스 구성, 가격, 연락 방법을 한 페이지에서 확인할 수 있습니다.","shops/gyeonggi/gapyeong/가평읍/한국미인테라피/index.html || 한국미인테라피의 코스와 운영 정보를 가평군 가평읍 기준으로 안내합니다. 100,000원부터 시작하는 가격과 60분·90분 코스 정보를 바탕으로 운영시간과 코스 구성, 가격, 연락 방법을 한 페이지에서 확인할 수 있습니다.","shops/gyeonggi/siheung/군자동/한국미인테라피/index.html || 한국미인테라피의 코스와 운영 정보를 시흥시 군자동 기준으로 안내합니다. 100,000원부터 시작하는 가격과 60분·90분 코스 정보를 바탕으로 운영시간과 코스 구성, 가격, 연락 방법을 한 페이지에서 확인할 수 있습니다."
"DESCRIPTION_TEMPLATE","517","업체상세","3","loc x 생활권에서 확인할 수 있는 x 정보를 담았습니다 n n 코스 구성과 n n 부터 확인되는 가격대를 확인한 뒤 영업시간과 코스별 가격을 확인하고 전화나 문자로 세부 내용을 문의할 수 있습니다","shops/seoul/gwanak-gu/서림동/한국미인테라피/index.html || 관악구 서림동 생활권에서 확인할 수 있는 한국미인테라피 정보를 담았습니다. 60분·90분 코스 구성과 100,000원부터 확인되는 가격대를 확인한 뒤 영업시간과 코스별 가격을 확인하고 전화나 문자로 세부 내용을 문의할 수 있습니다.","shops/seoul/seongbuk-gu/정릉동/love테라피/index.html || 성북구 정릉동 생활권에서 확인할 수 있는 love테라피 정보를 담았습니다. 60분·90분 코스 구성과 70,000원부터 확인되는 가격대를 확인한 뒤 영업시간과 코스별 가격을 확인하고 전화나 문자로 세부 내용을 문의할 수 있습니다.","shops/other/changwon/uichang-gu/명곡동/경남테라피/index.html || 의창구 명곡동 생활권에서 확인할 수 있는 경남테라피 정보를 담았습니다. 60분·90분 코스 구성과 60,000원부터 확인되는 가격대를 확인한 뒤 영업시간과 코스별 가격을 확인하고 전화나 문자로 세부 내용을 문의할 수 있습니다."
"DESCRIPTION_TEMPLATE","518","업체상세","3","x 이용을 검토할 때 참고할 loc x 상세 정보입니다 n n 부터 확인되는 가격과 n n 코스 정보를 참고해 코스와 가격 영업시간 전화 문자 문의 방법을 함께 확인할 수 있습니다","shops/seoul/seocho-gu/반포동/너무이쁜테라피/index.html || 너무이쁜테라피 이용을 검토할 때 참고할 서초구 반포동 상세 정보입니다. 60,000원부터 확인되는 가격과 60분·90분 코스 정보를 참고해 코스와 가격, 영업시간, 전화·문자 문의 방법을 함께 확인할 수 있습니다.","shops/seoul/songpa-gu/문정동/한국미인테라피/index.html || 한국미인테라피 이용을 검토할 때 참고할 송파구 문정동 상세 정보입니다. 100,000원부터 확인되는 가격과 60분·90분 코스 정보를 참고해 코스와 가격, 영업시간, 전화·문자 문의 방법을 함께 확인할 수 있습니다.","shops/incheon/michuhol-gu/3동/love테라피/index.html || love테라피 이용을 검토할 때 참고할 미추홀구 3동 상세 정보입니다. 70,000원부터 확인되는 가격과 60분·90분 코스 정보를 참고해 코스와 가격, 영업시간, 전화·문자 문의 방법을 함께 확인할 수 있습니다."
"DESCRIPTION_TEMPLATE","519","업체상세","3","loc x 에서 이용 가능한 x 정보를 보기 쉽게 정리했습니다 n n 부터 확인되는 가격 정보와 n n 코스 시간을 함께 살펴보고 코스와 가격 영업시간 전화 문자 문의 방법을 함께 확인할 수 있습니다","shops/seoul/gwanak-gu/삼성동/마인드좋은테라피/index.html || 관악구 삼성동에서 이용 가능한 마인드좋은테라피 정보를 보기 쉽게 정리했습니다. 60,000원부터 확인되는 가격 정보와 60분·90분 코스 시간을 함께 살펴보고 코스와 가격, 영업시간, 전화·문자 문의 방법을 함께 확인할 수 있습니다.","shops/gyeonggi/gimpo/김포본동/프리미엄테라피/index.html || 김포시 김포본동에서 이용 가능한 프리미엄테라피 정보를 보기 쉽게 정리했습니다. 60,000원부터 확인되는 가격 정보와 60분·90분 코스 시간을 함께 살펴보고 코스와 가격, 영업시간, 전화·문자 문의 방법을 함께 확인할 수 있습니다.","shops/gyeonggi/siheung/은행동/love테라피/index.html || 시흥시 은행동에서 이용 가능한 love테라피 정보를 보기 쉽게 정리했습니다. 70,000원부터 확인되는 가격 정보와 60분·90분 코스 시간을 함께 살펴보고 코스와 가격, 영업시간, 전화·문자 문의 방법을 함께 확인할 수 있습니다."
"DESCRIPTION_TEMPLATE","520","업체상세","3","x 의 코스와 운영 정보를 loc x 기준으로 안내합니다 n n 코스 구성과 n n 부터 확인되는 가격대를 확인한 뒤 영업시간과 코스별 가격을 확인하고 전화나 문자로 세부 내용을 문의할 수 있습니다","shops/seoul/gwanak-gu/대학동/마인드좋은테라피/index.html || 마인드좋은테라피의 코스와 운영 정보를 관악구 대학동 기준으로 안내합니다. 60분·90분 코스 구성과 60,000원부터 확인되는 가격대를 확인한 뒤 영업시간과 코스별 가격을 확인하고 전화나 문자로 세부 내용을 문의할 수 있습니다.","shops/seoul/yongsan-gu/이촌동/한국미인테라피/index.html || 한국미인테라피의 코스와 운영 정보를 용산구 이촌동 기준으로 안내합니다. 60분·90분 코스 구성과 100,000원부터 확인되는 가격대를 확인한 뒤 영업시간과 코스별 가격을 확인하고 전화나 문자로 세부 내용을 문의할 수 있습니다.","shops/incheon/bupyeong-gu/산곡동/love테라피/index.html || love테라피의 코스와 운영 정보를 부평구 산곡동 기준으로 안내합니다. 60분·90분 코스 구성과 70,000원부터 확인되는 가격대를 확인한 뒤 영업시간과 코스별 가격을 확인하고 전화나 문자로 세부 내용을 문의할 수 있습니다."
"DESCRIPTION_TEMPLATE","521","업체상세","3","loc x 에서 x 이용 전 확인할 정보를 모았습니다 n n 부터 확인되는 가격 정보와 n n 코스 시간을 함께 살펴보고 가격과 코스 구성 영업시간 및 연락 수단을 비교해 이용 전 참고할 수 있습니다","shops/seoul/gwanak-gu/대학동/프리미엄테라피/index.html || 관악구 대학동에서 프리미엄테라피 이용 전 확인할 정보를 모았습니다. 60,000원부터 확인되는 가격 정보와 60분·90분 코스 시간을 함께 살펴보고 가격과 코스 구성, 영업시간 및 연락 수단을 비교해 이용 전 참고할 수 있습니다.","shops/seoul/mapo-gu/합정동/한국미인테라피/index.html || 마포구 합정동에서 한국미인테라피 이용 전 확인할 정보를 모았습니다. 100,000원부터 확인되는 가격 정보와 60분·90분 코스 시간을 함께 살펴보고 가격과 코스 구성, 영업시간 및 연락 수단을 비교해 이용 전 참고할 수 있습니다.","shops/seoul/yangcheon-gu/신정동/프리미엄테라피/index.html || 양천구 신정동에서 프리미엄테라피 이용 전 확인할 정보를 모았습니다. 60,000원부터 확인되는 가격 정보와 60분·90분 코스 시간을 함께 살펴보고 가격과 코스 구성, 영업시간 및 연락 수단을 비교해 이용 전 참고할 수 있습니다."
"DESCRIPTION_TEMPLATE","522","업체상세","3","x 의 loc x 이용 안내입니다 n n 시간 구성과 n n 부터 시작하는 가격을 확인하면서 이용 가능한 코스와 가격 영업시간 전화 문자 문의 정보를 확인할 수 있습니다","shops/seoul/seocho-gu/방배본동/마인드좋은테라피/index.html || 마인드좋은테라피의 서초구 방배본동 이용 안내입니다. 60분·90분 시간 구성과 60,000원부터 시작하는 가격을 확인하면서 이용 가능한 코스와 가격, 영업시간, 전화·문자 문의 정보를 확인할 수 있습니다.","shops/seoul/seocho-gu/양재동/프리미엄테라피/index.html || 프리미엄테라피의 서초구 양재동 이용 안내입니다. 60분·90분 시간 구성과 60,000원부터 시작하는 가격을 확인하면서 이용 가능한 코스와 가격, 영업시간, 전화·문자 문의 정보를 확인할 수 있습니다.","shops/seoul/songpa-gu/장지동/너무이쁜테라피/index.html || 너무이쁜테라피의 송파구 장지동 이용 안내입니다. 60분·90분 시간 구성과 60,000원부터 시작하는 가격을 확인하면서 이용 가능한 코스와 가격, 영업시간, 전화·문자 문의 정보를 확인할 수 있습니다."
"DESCRIPTION_TEMPLATE","523","업체상세","3","x 의 코스와 운영 정보를 loc x 기준으로 안내합니다 n n 코스 구성과 n n 부터 확인되는 가격대를 확인한 뒤 가격 코스 구성 영업시간과 문의 수단을 순서대로 확인할 수 있습니다","shops/seoul/seocho-gu/방배동/너무이쁜테라피/index.html || 너무이쁜테라피의 코스와 운영 정보를 서초구 방배동 기준으로 안내합니다. 60분·90분 코스 구성과 60,000원부터 확인되는 가격대를 확인한 뒤 가격, 코스 구성, 영업시간과 문의 수단을 순서대로 확인할 수 있습니다.","shops/gyeonggi/namyangju/와부읍/한국미인테라피/index.html || 한국미인테라피의 코스와 운영 정보를 남양주시 와부읍 기준으로 안내합니다. 60분·90분 코스 구성과 100,000원부터 확인되는 가격대를 확인한 뒤 가격, 코스 구성, 영업시간과 문의 수단을 순서대로 확인할 수 있습니다.","shops/other/daegu/dalseo-gu/신당동/대구테라피/index.html || 대구테라피의 코스와 운영 정보를 달서구 신당동 기준으로 안내합니다. 60분·90분 코스 구성과 80,000원부터 확인되는 가격대를 확인한 뒤 가격, 코스 구성, 영업시간과 문의 수단을 순서대로 확인할 수 있습니다."
"DESCRIPTION_TEMPLATE","524","업체상세","3","x 이용을 검토할 때 참고할 loc x 상세 정보입니다 n n 시간 구성과 n n 부터 시작하는 가격을 확인하면서 가격과 이용시간 연락 방법을 확인해 필요한 내용을 loc 비교할 수 있습니다","shops/seoul/seocho-gu/방배동/love테라피/index.html || love테라피 이용을 검토할 때 참고할 서초구 방배동 상세 정보입니다. 60분·90분 시간 구성과 70,000원부터 시작하는 가격을 확인하면서 가격과 이용시간, 연락 방법을 확인해 필요한 내용을 미리 비교할 수 있습니다.","shops/seoul/jongno-gu/평창동/한국미인테라피/index.html || 한국미인테라피 이용을 검토할 때 참고할 종로구 평창동 상세 정보입니다. 60분·90분 시간 구성과 100,000원부터 시작하는 가격을 확인하면서 가격과 이용시간, 연락 방법을 확인해 필요한 내용을 미리 비교할 수 있습니다.","shops/gyeonggi/pyeongtaek/서탄면/프리미엄테라피/index.html || 프리미엄테라피 이용을 검토할 때 참고할 평택시 서탄면 상세 정보입니다. 60분·90분 시간 구성과 60,000원부터 시작하는 가격을 확인하면서 가격과 이용시간, 연락 방법을 확인해 필요한 내용을 미리 비교할 수 있습니다."
"DESCRIPTION_TEMPLATE","525","업체상세","3","x 이용 전 살펴볼 loc x 지역 정보를 한곳에 모았습니다 n n 부터 확인되는 가격 정보와 n n 코스 시간을 함께 살펴보고 가격과 코스 구성 영업시간 및 연락 수단을 비교해 이용 전 참고할 수 있습니다","shops/seoul/seocho-gu/방배본동/한국미인테라피/index.html || 한국미인테라피 이용 전 살펴볼 서초구 방배본동 지역 정보를 한곳에 모았습니다. 100,000원부터 확인되는 가격 정보와 60분·90분 코스 시간을 함께 살펴보고 가격과 코스 구성, 영업시간 및 연락 수단을 비교해 이용 전 참고할 수 있습니다.","shops/gyeonggi/namyangju/조안면/한국미인테라피/index.html || 한국미인테라피 이용 전 살펴볼 남양주시 조안면 지역 정보를 한곳에 모았습니다. 100,000원부터 확인되는 가격 정보와 60분·90분 코스 시간을 함께 살펴보고 가격과 코스 구성, 영업시간 및 연락 수단을 비교해 이용 전 참고할 수 있습니다.","shops/gyeonggi/pocheon/내촌면/너무이쁜테라피/index.html || 너무이쁜테라피 이용 전 살펴볼 포천시 내촌면 지역 정보를 한곳에 모았습니다. 60,000원부터 확인되는 가격 정보와 60분·90분 코스 시간을 함께 살펴보고 가격과 코스 구성, 영업시간 및 연락 수단을 비교해 이용 전 참고할 수 있습니다."
"DESCRIPTION_TEMPLATE","526","업체상세","3","x 이용 전 살펴볼 loc x 지역 정보를 한곳에 모았습니다 n n 시간 구성과 n n 부터 시작하는 가격을 확인하면서 이용 전 필요한 코스 가격 운영시간과 연락 정보를 한 번에 살펴볼 수 있습니다","shops/seoul/dongjak-gu/대방동/한국미인테라피/index.html || 한국미인테라피 이용 전 살펴볼 동작구 대방동 지역 정보를 한곳에 모았습니다. 60분·90분 시간 구성과 100,000원부터 시작하는 가격을 확인하면서 이용 전 필요한 코스·가격·운영시간과 연락 정보를 한 번에 살펴볼 수 있습니다.","shops/gyeonggi/gunpo/광정동/너무이쁜테라피/index.html || 너무이쁜테라피 이용 전 살펴볼 군포시 광정동 지역 정보를 한곳에 모았습니다. 60분·90분 시간 구성과 60,000원부터 시작하는 가격을 확인하면서 이용 전 필요한 코스·가격·운영시간과 연락 정보를 한 번에 살펴볼 수 있습니다.","shops/gyeonggi/uijeongbu/흥선동/너무이쁜테라피/index.html || 너무이쁜테라피 이용 전 살펴볼 의정부시 흥선동 지역 정보를 한곳에 모았습니다. 60분·90분 시간 구성과 60,000원부터 시작하는 가격을 확인하면서 이용 전 필요한 코스·가격·운영시간과 연락 정보를 한 번에 살펴볼 수 있습니다."
"DESCRIPTION_TEMPLATE","527","업체상세","3","x 관련 loc x 정보를 확인할 수 있습니다 n n 시간 구성과 n n 부터 시작하는 가격을 확인하면서 코스와 가격 영업시간 전화 문자 문의 방법을 함께 확인할 수 있습니다","shops/seoul/seongbuk-gu/돈암동/프리미엄테라피/index.html || 프리미엄테라피 관련 성북구 돈암동 정보를 확인할 수 있습니다. 60분·90분 시간 구성과 60,000원부터 시작하는 가격을 확인하면서 코스와 가격, 영업시간, 전화·문자 문의 방법을 함께 확인할 수 있습니다.","shops/seoul/yongsan-gu/원효로동/너무이쁜테라피/index.html || 너무이쁜테라피 관련 용산구 원효로동 정보를 확인할 수 있습니다. 60분·90분 시간 구성과 60,000원부터 시작하는 가격을 확인하면서 코스와 가격, 영업시간, 전화·문자 문의 방법을 함께 확인할 수 있습니다.","shops/incheon/jemulpo-gu/연안동/프리미엄테라피/index.html || 프리미엄테라피 관련 제물포구 연안동 정보를 확인할 수 있습니다. 60분·90분 시간 구성과 60,000원부터 시작하는 가격을 확인하면서 코스와 가격, 영업시간, 전화·문자 문의 방법을 함께 확인할 수 있습니다."
"DESCRIPTION_TEMPLATE","528","업체상세","3","loc x 생활권에서 확인할 수 있는 x 정보를 담았습니다 n n 부터 확인되는 가격 정보와 n n 코스 시간을 함께 살펴보고 이용 전 필요한 코스 가격 운영시간과 연락 정보를 한 번에 살펴볼 수 있습니다","shops/seoul/gangbuk-gu/삼각산동/love테라피/index.html || 강북구 삼각산동 생활권에서 확인할 수 있는 love테라피 정보를 담았습니다. 70,000원부터 확인되는 가격 정보와 60분·90분 코스 시간을 함께 살펴보고 이용 전 필요한 코스·가격·운영시간과 연락 정보를 한 번에 살펴볼 수 있습니다.","shops/seoul/songpa-gu/가락본동/너무이쁜테라피/index.html || 송파구 가락본동 생활권에서 확인할 수 있는 너무이쁜테라피 정보를 담았습니다. 60,000원부터 확인되는 가격 정보와 60분·90분 코스 시간을 함께 살펴보고 이용 전 필요한 코스·가격·운영시간과 연락 정보를 한 번에 살펴볼 수 있습니다.","shops/gyeonggi/dongducheon/상패동/한국미인테라피/index.html || 동두천시 상패동 생활권에서 확인할 수 있는 한국미인테라피 정보를 담았습니다. 100,000원부터 확인되는 가격 정보와 60분·90분 코스 시간을 함께 살펴보고 이용 전 필요한 코스·가격·운영시간과 연락 정보를 한 번에 살펴볼 수 있습니다."
"DESCRIPTION_TEMPLATE","529","업체상세","3","x 의 loc x 운영 정보와 문의 방법을 정리했습니다 n n 부터 확인되는 가격과 n n 코스 정보를 참고해 코스와 가격 영업시간 전화 문자 문의 방법을 함께 확인할 수 있습니다","shops/seoul/gangbuk-gu/송천동/너무이쁜테라피/index.html || 너무이쁜테라피의 강북구 송천동 운영 정보와 문의 방법을 정리했습니다. 60,000원부터 확인되는 가격과 60분·90분 코스 정보를 참고해 코스와 가격, 영업시간, 전화·문자 문의 방법을 함께 확인할 수 있습니다.","shops/gyeonggi/siheung/정왕동/love테라피/index.html || love테라피의 시흥시 정왕동 운영 정보와 문의 방법을 정리했습니다. 70,000원부터 확인되는 가격과 60분·90분 코스 정보를 참고해 코스와 가격, 영업시간, 전화·문자 문의 방법을 함께 확인할 수 있습니다.","shops/other/daejeon/daedeok-gu/회덕동/24시미녀테라피/index.html || 24시미녀테라피의 대덕구 회덕동 운영 정보와 문의 방법을 정리했습니다. 70,000원부터 확인되는 가격과 60분·90분 코스 정보를 참고해 코스와 가격, 영업시간, 전화·문자 문의 방법을 함께 확인할 수 있습니다."
"DESCRIPTION_TEMPLATE","530","업체상세","3","loc x 생활권에서 확인할 수 있는 x 정보를 담았습니다 n n 부터 시작하는 가격과 n n 코스 정보를 바탕으로 코스와 가격 영업시간 전화 문자 문의 방법을 함께 확인할 수 있습니다","shops/seoul/gangbuk-gu/송천동/한국미인테라피/index.html || 강북구 송천동 생활권에서 확인할 수 있는 한국미인테라피 정보를 담았습니다. 100,000원부터 시작하는 가격과 60분·90분 코스 정보를 바탕으로 코스와 가격, 영업시간, 전화·문자 문의 방법을 함께 확인할 수 있습니다.","shops/seoul/mapo-gu/서교동/한국미인테라피/index.html || 마포구 서교동 생활권에서 확인할 수 있는 한국미인테라피 정보를 담았습니다. 100,000원부터 시작하는 가격과 60분·90분 코스 정보를 바탕으로 코스와 가격, 영업시간, 전화·문자 문의 방법을 함께 확인할 수 있습니다.","shops/gyeonggi/hanam/감북동/love테라피/index.html || 하남시 감북동 생활권에서 확인할 수 있는 love테라피 정보를 담았습니다. 70,000원부터 시작하는 가격과 60분·90분 코스 정보를 바탕으로 코스와 가격, 영업시간, 전화·문자 문의 방법을 함께 확인할 수 있습니다."
"DESCRIPTION_TEMPLATE","531","업체상세","3","loc x 기준으로 x 운영 정보를 정리했습니다 n n 시간 구성과 n n 부터 시작하는 가격을 확인하면서 이용 가능한 코스와 가격 영업시간 전화 문자 문의 정보를 확인할 수 있습니다","shops/seoul/nowon-gu/상계동/love테라피/index.html || 노원구 상계동 기준으로 love테라피 운영 정보를 정리했습니다. 60분·90분 시간 구성과 70,000원부터 시작하는 가격을 확인하면서 이용 가능한 코스와 가격, 영업시간, 전화·문자 문의 정보를 확인할 수 있습니다.","shops/incheon/seohae-gu/연희동/love테라피/index.html || 서해구 연희동 기준으로 love테라피 운영 정보를 정리했습니다. 60분·90분 시간 구성과 70,000원부터 시작하는 가격을 확인하면서 이용 가능한 코스와 가격, 영업시간, 전화·문자 문의 정보를 확인할 수 있습니다.","shops/incheon/yeonsu-gu/청학동/프리미엄테라피/index.html || 연수구 청학동 기준으로 프리미엄테라피 운영 정보를 정리했습니다. 60분·90분 시간 구성과 60,000원부터 시작하는 가격을 확인하면서 이용 가능한 코스와 가격, 영업시간, 전화·문자 문의 정보를 확인할 수 있습니다."
"DESCRIPTION_TEMPLATE","532","업체상세","3","x 의 loc x 이용 안내입니다 n n 시간 구성과 n n 부터 시작하는 가격을 확인하면서 코스별 시간과 가격 운영시간 전화 문자 문의 내용을 살펴볼 수 있습니다","shops/seoul/gangbuk-gu/미아동/love테라피/index.html || love테라피의 강북구 미아동 이용 안내입니다. 60분·90분 시간 구성과 70,000원부터 시작하는 가격을 확인하면서 코스별 시간과 가격, 운영시간, 전화·문자 문의 내용을 살펴볼 수 있습니다.","shops/other/daegu/jung-gu/삼덕동/대구테라피/index.html || 대구테라피의 중구 삼덕동 이용 안내입니다. 60분·90분 시간 구성과 80,000원부터 시작하는 가격을 확인하면서 코스별 시간과 가격, 운영시간, 전화·문자 문의 내용을 살펴볼 수 있습니다.","shops/other/changwon/seongsan-gu/성주동/경남테라피/index.html || 경남테라피의 성산구 성주동 이용 안내입니다. 60분·90분 시간 구성과 60,000원부터 시작하는 가격을 확인하면서 코스별 시간과 가격, 운영시간, 전화·문자 문의 내용을 살펴볼 수 있습니다."
"DESCRIPTION_TEMPLATE","533","업체상세","3","x 이용 전 살펴볼 loc x 지역 정보를 한곳에 모았습니다 n n 부터 확인되는 가격과 n n 코스 정보를 참고해 가격과 이용시간 연락 방법을 확인해 필요한 내용을 loc 비교할 수 있습니다","shops/seoul/dongjak-gu/노량진동/love테라피/index.html || love테라피 이용 전 살펴볼 동작구 노량진동 지역 정보를 한곳에 모았습니다. 70,000원부터 확인되는 가격과 60분·90분 코스 정보를 참고해 가격과 이용시간, 연락 방법을 확인해 필요한 내용을 미리 비교할 수 있습니다.","shops/gyeonggi/pyeongtaek/팽성읍/너무이쁜테라피/index.html || 너무이쁜테라피 이용 전 살펴볼 평택시 팽성읍 지역 정보를 한곳에 모았습니다. 60,000원부터 확인되는 가격과 60분·90분 코스 정보를 참고해 가격과 이용시간, 연락 방법을 확인해 필요한 내용을 미리 비교할 수 있습니다.","shops/incheon/jemulpo-gu/송림동/너무이쁜테라피/index.html || 너무이쁜테라피 이용 전 살펴볼 제물포구 송림동 지역 정보를 한곳에 모았습니다. 60,000원부터 확인되는 가격과 60분·90분 코스 정보를 참고해 가격과 이용시간, 연락 방법을 확인해 필요한 내용을 미리 비교할 수 있습니다."
"DESCRIPTION_TEMPLATE","534","업체상세","3","x 의 loc x 운영 정보와 문의 방법을 정리했습니다 n n 부터 확인되는 가격 정보와 n n 코스 시간을 함께 살펴보고 이용 가능한 코스와 가격 영업시간 전화 문자 문의 정보를 확인할 수 있습니다","shops/seoul/seongbuk-gu/동선동/너무이쁜테라피/index.html || 너무이쁜테라피의 성북구 동선동 운영 정보와 문의 방법을 정리했습니다. 60,000원부터 확인되는 가격 정보와 60분·90분 코스 시간을 함께 살펴보고 이용 가능한 코스와 가격, 영업시간, 전화·문자 문의 정보를 확인할 수 있습니다.","shops/gyeonggi/yangju/백석읍/love테라피/index.html || love테라피의 양주시 백석읍 운영 정보와 문의 방법을 정리했습니다. 70,000원부터 확인되는 가격 정보와 60분·90분 코스 시간을 함께 살펴보고 이용 가능한 코스와 가격, 영업시간, 전화·문자 문의 정보를 확인할 수 있습니다.","shops/gyeonggi/pocheon/관인면/love테라피/index.html || love테라피의 포천시 관인면 운영 정보와 문의 방법을 정리했습니다. 70,000원부터 확인되는 가격 정보와 60분·90분 코스 시간을 함께 살펴보고 이용 가능한 코스와 가격, 영업시간, 전화·문자 문의 정보를 확인할 수 있습니다."
"DESCRIPTION_TEMPLATE","535","업체상세","3","x 의 loc x 운영 정보와 문의 방법을 정리했습니다 n n 시간 구성과 n n 부터 시작하는 가격을 확인하면서 가격 코스 구성 영업시간과 문의 수단을 순서대로 확인할 수 있습니다","shops/seoul/gangbuk-gu/번동/love테라피/index.html || love테라피의 강북구 번동 운영 정보와 문의 방법을 정리했습니다. 60분·90분 시간 구성과 70,000원부터 시작하는 가격을 확인하면서 가격, 코스 구성, 영업시간과 문의 수단을 순서대로 확인할 수 있습니다.","shops/gyeonggi/yangju/장흥면/프리미엄테라피/index.html || 프리미엄테라피의 양주시 장흥면 운영 정보와 문의 방법을 정리했습니다. 60분·90분 시간 구성과 60,000원부터 시작하는 가격을 확인하면서 가격, 코스 구성, 영업시간과 문의 수단을 순서대로 확인할 수 있습니다.","shops/other/changwon/uichang-gu/동읍/경남테라피/index.html || 경남테라피의 의창구 동읍 운영 정보와 문의 방법을 정리했습니다. 60분·90분 시간 구성과 60,000원부터 시작하는 가격을 확인하면서 가격, 코스 구성, 영업시간과 문의 수단을 순서대로 확인할 수 있습니다."
"DESCRIPTION_TEMPLATE","536","업체상세","3","x 의 코스와 운영 정보를 loc x 기준으로 안내합니다 n n 시간 구성과 n n 부터 시작하는 가격을 확인하면서 코스별 시간과 가격 운영시간 전화 문자 문의 내용을 살펴볼 수 있습니다","shops/seoul/gangbuk-gu/번동/한국미인테라피/index.html || 한국미인테라피의 코스와 운영 정보를 강북구 번동 기준으로 안내합니다. 60분·90분 시간 구성과 100,000원부터 시작하는 가격을 확인하면서 코스별 시간과 가격, 운영시간, 전화·문자 문의 내용을 살펴볼 수 있습니다.","shops/seoul/jongno-gu/혜화동/프리미엄테라피/index.html || 프리미엄테라피의 코스와 운영 정보를 종로구 혜화동 기준으로 안내합니다. 60분·90분 시간 구성과 60,000원부터 시작하는 가격을 확인하면서 코스별 시간과 가격, 운영시간, 전화·문자 문의 내용을 살펴볼 수 있습니다.","shops/incheon/jemulpo-gu/도원동/프리미엄테라피/index.html || 프리미엄테라피의 코스와 운영 정보를 제물포구 도원동 기준으로 안내합니다. 60분·90분 시간 구성과 60,000원부터 시작하는 가격을 확인하면서 코스별 시간과 가격, 운영시간, 전화·문자 문의 내용을 살펴볼 수 있습니다."
"DESCRIPTION_TEMPLATE","537","업체상세","3","x 의 loc x 운영 정보와 문의 방법을 정리했습니다 n n 코스 구성과 n n 부터 확인되는 가격대를 확인한 뒤 코스와 가격 영업시간 전화 문자 문의 방법을 함께 확인할 수 있습니다","shops/seoul/gangbuk-gu/미아동/프리미엄테라피/index.html || 프리미엄테라피의 강북구 미아동 운영 정보와 문의 방법을 정리했습니다. 60분·90분 코스 구성과 60,000원부터 확인되는 가격대를 확인한 뒤 코스와 가격, 영업시간, 전화·문자 문의 방법을 함께 확인할 수 있습니다.","shops/gyeonggi/gunpo/금정동/love테라피/index.html || love테라피의 군포시 금정동 운영 정보와 문의 방법을 정리했습니다. 60분·90분 코스 구성과 70,000원부터 확인되는 가격대를 확인한 뒤 코스와 가격, 영업시간, 전화·문자 문의 방법을 함께 확인할 수 있습니다.","shops/gyeonggi/gimpo/장기동/프리미엄테라피/index.html || 프리미엄테라피의 김포시 장기동 운영 정보와 문의 방법을 정리했습니다. 60분·90분 코스 구성과 60,000원부터 확인되는 가격대를 확인한 뒤 코스와 가격, 영업시간, 전화·문자 문의 방법을 함께 확인할 수 있습니다."
"DESCRIPTION_TEMPLATE","538","업체상세","3","loc x 기준으로 x 운영 정보를 정리했습니다 n n 코스 구성과 n n 부터 확인되는 가격대를 확인한 뒤 운영시간과 코스 구성 가격 연락 방법을 한 페이지에서 확인할 수 있습니다","shops/seoul/dongjak-gu/사당동/한국미인테라피/index.html || 동작구 사당동 기준으로 한국미인테라피 운영 정보를 정리했습니다. 60분·90분 코스 구성과 100,000원부터 확인되는 가격대를 확인한 뒤 운영시간과 코스 구성, 가격, 연락 방법을 한 페이지에서 확인할 수 있습니다.","shops/seoul/seocho-gu/반포동/프리미엄테라피/index.html || 서초구 반포동 기준으로 프리미엄테라피 운영 정보를 정리했습니다. 60분·90분 코스 구성과 60,000원부터 확인되는 가격대를 확인한 뒤 운영시간과 코스 구성, 가격, 연락 방법을 한 페이지에서 확인할 수 있습니다.","shops/seoul/yeongdeungpo-gu/여의동/너무이쁜테라피/index.html || 영등포구 여의동 기준으로 너무이쁜테라피 운영 정보를 정리했습니다. 60분·90분 코스 구성과 60,000원부터 확인되는 가격대를 확인한 뒤 운영시간과 코스 구성, 가격, 연락 방법을 한 페이지에서 확인할 수 있습니다."
"DESCRIPTION_TEMPLATE","539","업체상세","3","loc x 지역의 x 이용 정보를 정리했습니다 n n 코스와 n n 부터 확인되는 가격 정보를 포함해 이용 전 필요한 코스 가격 운영시간과 연락 정보를 한 번에 살펴볼 수 있습니다","shops/seoul/nowon-gu/공릉동/love테라피/index.html || 노원구 공릉동 지역의 love테라피 이용 정보를 정리했습니다. 60분·90분 코스와 70,000원부터 확인되는 가격 정보를 포함해 이용 전 필요한 코스·가격·운영시간과 연락 정보를 한 번에 살펴볼 수 있습니다.","shops/gyeonggi/gwangmyeong/철산동/love테라피/index.html || 광명시 철산동 지역의 love테라피 이용 정보를 정리했습니다. 60분·90분 코스와 70,000원부터 확인되는 가격 정보를 포함해 이용 전 필요한 코스·가격·운영시간과 연락 정보를 한 번에 살펴볼 수 있습니다.","shops/other/cheongju/seowon-gu/현도면/레드테라피/index.html || 서원구 현도면 지역의 레드테라피 이용 정보를 정리했습니다. 60분·90분 코스와 60,000원부터 확인되는 가격 정보를 포함해 이용 전 필요한 코스·가격·운영시간과 연락 정보를 한 번에 살펴볼 수 있습니다."
"DESCRIPTION_TEMPLATE","540","업체상세","3","x 이용 전 살펴볼 loc x 지역 정보를 한곳에 모았습니다 n n 부터 확인되는 가격과 n n 코스 정보를 참고해 가격 코스 구성 영업시간과 문의 수단을 순서대로 확인할 수 있습니다","shops/seoul/gangseo-gu/발산동/프리미엄테라피/index.html || 프리미엄테라피 이용 전 살펴볼 강서구 발산동 지역 정보를 한곳에 모았습니다. 60,000원부터 확인되는 가격과 60분·90분 코스 정보를 참고해 가격, 코스 구성, 영업시간과 문의 수단을 순서대로 확인할 수 있습니다.","shops/incheon/ganghwa-gun/선원면/너무이쁜테라피/index.html || 너무이쁜테라피 이용 전 살펴볼 강화군 선원면 지역 정보를 한곳에 모았습니다. 60,000원부터 확인되는 가격과 60분·90분 코스 정보를 참고해 가격, 코스 구성, 영업시간과 문의 수단을 순서대로 확인할 수 있습니다.","shops/other/changwon/uichang-gu/팔룡동/경남테라피/index.html || 경남테라피 이용 전 살펴볼 의창구 팔룡동 지역 정보를 한곳에 모았습니다. 60,000원부터 확인되는 가격과 60분·90분 코스 정보를 참고해 가격, 코스 구성, 영업시간과 문의 수단을 순서대로 확인할 수 있습니다."
"DESCRIPTION_TEMPLATE","541","업체상세","3","x 관련 loc x 정보를 확인할 수 있습니다 n n 코스와 n n 부터 확인되는 가격 정보를 포함해 가격 코스 구성 영업시간과 문의 수단을 순서대로 확인할 수 있습니다","shops/seoul/gangseo-gu/발산동/너무이쁜테라피/index.html || 너무이쁜테라피 관련 강서구 발산동 정보를 확인할 수 있습니다. 60분·90분 코스와 60,000원부터 확인되는 가격 정보를 포함해 가격, 코스 구성, 영업시간과 문의 수단을 순서대로 확인할 수 있습니다.","shops/seoul/jung-gu/신당동/너무이쁜테라피/index.html || 너무이쁜테라피 관련 중구 신당동 정보를 확인할 수 있습니다. 60분·90분 코스와 60,000원부터 확인되는 가격 정보를 포함해 가격, 코스 구성, 영업시간과 문의 수단을 순서대로 확인할 수 있습니다.","shops/gyeonggi/uijeongbu/장암동/너무이쁜테라피/index.html || 너무이쁜테라피 관련 의정부시 장암동 정보를 확인할 수 있습니다. 60분·90분 코스와 60,000원부터 확인되는 가격 정보를 포함해 가격, 코스 구성, 영업시간과 문의 수단을 순서대로 확인할 수 있습니다."
"DESCRIPTION_TEMPLATE","542","업체상세","3","x 의 loc x 운영 정보와 문의 방법을 정리했습니다 n n 시간 구성과 n n 부터 시작하는 가격을 확인하면서 코스 구성과 가격 운영시간 연락 방법을 한곳에서 확인할 수 있습니다","shops/seoul/gangseo-gu/화곡동/너무이쁜테라피/index.html || 너무이쁜테라피의 강서구 화곡동 운영 정보와 문의 방법을 정리했습니다. 60분·90분 시간 구성과 60,000원부터 시작하는 가격을 확인하면서 코스 구성과 가격, 운영시간, 연락 방법을 한곳에서 확인할 수 있습니다.","shops/gyeonggi/yeoju/북내면/프리미엄테라피/index.html || 프리미엄테라피의 여주시 북내면 운영 정보와 문의 방법을 정리했습니다. 60분·90분 시간 구성과 60,000원부터 시작하는 가격을 확인하면서 코스 구성과 가격, 운영시간, 연락 방법을 한곳에서 확인할 수 있습니다.","shops/gyeonggi/paju/조리읍/너무이쁜테라피/index.html || 너무이쁜테라피의 파주시 조리읍 운영 정보와 문의 방법을 정리했습니다. 60분·90분 시간 구성과 60,000원부터 시작하는 가격을 확인하면서 코스 구성과 가격, 운영시간, 연락 방법을 한곳에서 확인할 수 있습니다."
"DESCRIPTION_TEMPLATE","543","업체상세","3","x 의 loc x 이용 안내입니다 n n 시간 구성과 n n 부터 시작하는 가격을 확인하면서 코스 구성과 가격 운영시간 연락 방법을 한곳에서 확인할 수 있습니다","shops/seoul/gangseo-gu/화곡동/한국미인테라피/index.html || 한국미인테라피의 강서구 화곡동 이용 안내입니다. 60분·90분 시간 구성과 100,000원부터 시작하는 가격을 확인하면서 코스 구성과 가격, 운영시간, 연락 방법을 한곳에서 확인할 수 있습니다.","shops/incheon/seohae-gu/연희동/너무이쁜테라피/index.html || 너무이쁜테라피의 서해구 연희동 이용 안내입니다. 60분·90분 시간 구성과 60,000원부터 시작하는 가격을 확인하면서 코스 구성과 가격, 운영시간, 연락 방법을 한곳에서 확인할 수 있습니다.","shops/incheon/ongjin-gun/백령면/love테라피/index.html || love테라피의 옹진군 백령면 이용 안내입니다. 60분·90분 시간 구성과 70,000원부터 시작하는 가격을 확인하면서 코스 구성과 가격, 운영시간, 연락 방법을 한곳에서 확인할 수 있습니다."
"DESCRIPTION_TEMPLATE","544","업체상세","3","loc x 생활권에서 확인할 수 있는 x 정보를 담았습니다 n n 시간 구성과 n n 부터 시작하는 가격을 확인하면서 코스 구성과 가격 운영시간 연락 방법을 한곳에서 확인할 수 있습니다","shops/seoul/gangseo-gu/우장산동/프리미엄테라피/index.html || 강서구 우장산동 생활권에서 확인할 수 있는 프리미엄테라피 정보를 담았습니다. 60분·90분 시간 구성과 60,000원부터 시작하는 가격을 확인하면서 코스 구성과 가격, 운영시간, 연락 방법을 한곳에서 확인할 수 있습니다.","shops/seoul/nowon-gu/하계동/프리미엄테라피/index.html || 노원구 하계동 생활권에서 확인할 수 있는 프리미엄테라피 정보를 담았습니다. 60분·90분 시간 구성과 60,000원부터 시작하는 가격을 확인하면서 코스 구성과 가격, 운영시간, 연락 방법을 한곳에서 확인할 수 있습니다.","shops/gyeonggi/siheung/배곧동/너무이쁜테라피/index.html || 시흥시 배곧동 생활권에서 확인할 수 있는 너무이쁜테라피 정보를 담았습니다. 60분·90분 시간 구성과 60,000원부터 시작하는 가격을 확인하면서 코스 구성과 가격, 운영시간, 연락 방법을 한곳에서 확인할 수 있습니다."
"DESCRIPTION_TEMPLATE","545","업체상세","3","x 관련 loc x 정보를 확인할 수 있습니다 n n 이용시간과 n n 부터 확인되는 가격 정보를 함께 확인하며 가격과 코스 구성 영업시간 및 연락 수단을 비교해 이용 전 참고할 수 있습니다","shops/seoul/gangseo-gu/등촌동/한국미인테라피/index.html || 한국미인테라피 관련 강서구 등촌동 정보를 확인할 수 있습니다. 60분·90분 이용시간과 100,000원부터 확인되는 가격 정보를 함께 확인하며 가격과 코스 구성, 영업시간 및 연락 수단을 비교해 이용 전 참고할 수 있습니다.","shops/gyeonggi/siheung/신현동/프리미엄테라피/index.html || 프리미엄테라피 관련 시흥시 신현동 정보를 확인할 수 있습니다. 60분·90분 이용시간과 60,000원부터 확인되는 가격 정보를 함께 확인하며 가격과 코스 구성, 영업시간 및 연락 수단을 비교해 이용 전 참고할 수 있습니다.","shops/gyeonggi/yangpyeong/지평면/love테라피/index.html || love테라피 관련 양평군 지평면 정보를 확인할 수 있습니다. 60분·90분 이용시간과 70,000원부터 확인되는 가격 정보를 함께 확인하며 가격과 코스 구성, 영업시간 및 연락 수단을 비교해 이용 전 참고할 수 있습니다."
"DESCRIPTION_TEMPLATE","546","업체상세","3","loc x 기준 x 의 코스와 이용 정보를 확인할 수 있습니다 n n 시간 구성과 n n 부터 시작하는 가격을 확인하면서 가격과 이용시간 연락 방법을 확인해 필요한 내용을 loc 비교할 수 있습니다","shops/seoul/gangseo-gu/가양동/한국미인테라피/index.html || 강서구 가양동 기준 한국미인테라피의 코스와 이용 정보를 확인할 수 있습니다. 60분·90분 시간 구성과 100,000원부터 시작하는 가격을 확인하면서 가격과 이용시간, 연락 방법을 확인해 필요한 내용을 미리 비교할 수 있습니다.","shops/seoul/jongno-gu/평창동/너무이쁜테라피/index.html || 종로구 평창동 기준 너무이쁜테라피의 코스와 이용 정보를 확인할 수 있습니다. 60분·90분 시간 구성과 60,000원부터 시작하는 가격을 확인하면서 가격과 이용시간, 연락 방법을 확인해 필요한 내용을 미리 비교할 수 있습니다.","shops/gyeonggi/siheung/신현동/한국미인테라피/index.html || 시흥시 신현동 기준 한국미인테라피의 코스와 이용 정보를 확인할 수 있습니다. 60분·90분 시간 구성과 100,000원부터 시작하는 가격을 확인하면서 가격과 이용시간, 연락 방법을 확인해 필요한 내용을 미리 비교할 수 있습니다."
"DESCRIPTION_TEMPLATE","547","업체상세","3","loc x 기준 x 의 코스와 이용 정보를 확인할 수 있습니다 n n 이용시간과 n n 부터 확인되는 가격 정보를 함께 확인하며 코스와 가격 영업시간 전화 문자 문의 방법을 함께 확인할 수 있습니다","shops/seoul/seongbuk-gu/길음동/한국미인테라피/index.html || 성북구 길음동 기준 한국미인테라피의 코스와 이용 정보를 확인할 수 있습니다. 60분·90분 이용시간과 100,000원부터 확인되는 가격 정보를 함께 확인하며 코스와 가격, 영업시간, 전화·문자 문의 방법을 함께 확인할 수 있습니다.","shops/seoul/jungnang-gu/망우동/프리미엄테라피/index.html || 중랑구 망우동 기준 프리미엄테라피의 코스와 이용 정보를 확인할 수 있습니다. 60분·90분 이용시간과 60,000원부터 확인되는 가격 정보를 함께 확인하며 코스와 가격, 영업시간, 전화·문자 문의 방법을 함께 확인할 수 있습니다.","shops/gyeonggi/uijeongbu/흥선동/love테라피/index.html || 의정부시 흥선동 기준 love테라피의 코스와 이용 정보를 확인할 수 있습니다. 60분·90분 이용시간과 70,000원부터 확인되는 가격 정보를 함께 확인하며 코스와 가격, 영업시간, 전화·문자 문의 방법을 함께 확인할 수 있습니다."
"DESCRIPTION_TEMPLATE","548","업체상세","3","loc x 에서 이용 가능한 x 정보를 보기 쉽게 정리했습니다 n n 코스와 n n 부터 확인되는 가격 정보를 포함해 코스 구성과 가격 운영시간 연락 방법을 한곳에서 확인할 수 있습니다","shops/seoul/gangseo-gu/발산동/한국미인테라피/index.html || 강서구 발산동에서 이용 가능한 한국미인테라피 정보를 보기 쉽게 정리했습니다. 60분·90분 코스와 100,000원부터 확인되는 가격 정보를 포함해 코스 구성과 가격, 운영시간, 연락 방법을 한곳에서 확인할 수 있습니다.","shops/seoul/yongsan-gu/효창동/너무이쁜테라피/index.html || 용산구 효창동에서 이용 가능한 너무이쁜테라피 정보를 보기 쉽게 정리했습니다. 60분·90분 코스와 60,000원부터 확인되는 가격 정보를 포함해 코스 구성과 가격, 운영시간, 연락 방법을 한곳에서 확인할 수 있습니다.","shops/gyeonggi/namyangju/진건읍/love테라피/index.html || 남양주시 진건읍에서 이용 가능한 love테라피 정보를 보기 쉽게 정리했습니다. 60분·90분 코스와 70,000원부터 확인되는 가격 정보를 포함해 코스 구성과 가격, 운영시간, 연락 방법을 한곳에서 확인할 수 있습니다."
"DESCRIPTION_TEMPLATE","549","업체상세","3","x 의 코스와 운영 정보를 loc x 기준으로 안내합니다 n n 시간 구성과 n n 부터 시작하는 가격을 확인하면서 코스와 가격 영업시간 전화 문자 문의 방법을 함께 확인할 수 있습니다","shops/seoul/seongdong-gu/행당동/한국미인테라피/index.html || 한국미인테라피의 코스와 운영 정보를 성동구 행당동 기준으로 안내합니다. 60분·90분 시간 구성과 100,000원부터 시작하는 가격을 확인하면서 코스와 가격, 영업시간, 전화·문자 문의 방법을 함께 확인할 수 있습니다.","shops/gyeonggi/pocheon/내촌면/프리미엄테라피/index.html || 프리미엄테라피의 코스와 운영 정보를 포천시 내촌면 기준으로 안내합니다. 60분·90분 시간 구성과 60,000원부터 시작하는 가격을 확인하면서 코스와 가격, 영업시간, 전화·문자 문의 방법을 함께 확인할 수 있습니다.","shops/other/daejeon/daedeok-gu/법동/S썸바디테라피/index.html || S썸바디테라피의 코스와 운영 정보를 대덕구 법동 기준으로 안내합니다. 60분·90분 시간 구성과 50,000원부터 시작하는 가격을 확인하면서 코스와 가격, 영업시간, 전화·문자 문의 방법을 함께 확인할 수 있습니다."
"DESCRIPTION_TEMPLATE","550","업체상세","3","loc x 생활권에서 확인할 수 있는 x 정보를 담았습니다 n n 코스와 n n 부터 영업시간과 코스별 가격을 확인하고 전화나 문자로 세부 내용을 문의할 수 있습니다","shops/seoul/gangseo-gu/등촌동/love테라피/index.html || 강서구 등촌동 생활권에서 확인할 수 있는 love테라피 정보를 담았습니다. 60분·90분 코스와 70,000원부터 영업시간과 코스별 가격을 확인하고 전화나 문자로 세부 내용을 문의할 수 있습니다.","shops/gyeonggi/gwangmyeong/하안동/한국미인테라피/index.html || 광명시 하안동 생활권에서 확인할 수 있는 한국미인테라피 정보를 담았습니다. 60분·90분 코스와 100,000원부터 영업시간과 코스별 가격을 확인하고 전화나 문자로 세부 내용을 문의할 수 있습니다.","shops/other/daejeon/yuseong-gu/구즉동/S썸바디테라피/index.html || 유성구 구즉동 생활권에서 확인할 수 있는 S썸바디테라피 정보를 담았습니다. 60분·90분 코스와 50,000원부터 영업시간과 코스별 가격을 확인하고 전화나 문자로 세부 내용을 문의할 수 있습니다."
"DESCRIPTION_TEMPLATE","551","업체상세","3","loc x 생활권에서 확인할 수 있는 x 정보를 담았습니다 n n 부터 확인되는 가격과 n n 코스 정보를 참고해 이용 가능한 코스와 가격 영업시간 전화 문자 문의 정보를 확인할 수 있습니다","shops/seoul/seocho-gu/내곡동/너무이쁜테라피/index.html || 서초구 내곡동 생활권에서 확인할 수 있는 너무이쁜테라피 정보를 담았습니다. 60,000원부터 확인되는 가격과 60분·90분 코스 정보를 참고해 이용 가능한 코스와 가격, 영업시간, 전화·문자 문의 정보를 확인할 수 있습니다.","shops/gyeonggi/gunpo/궁내동/너무이쁜테라피/index.html || 군포시 궁내동 생활권에서 확인할 수 있는 너무이쁜테라피 정보를 담았습니다. 60,000원부터 확인되는 가격과 60분·90분 코스 정보를 참고해 이용 가능한 코스와 가격, 영업시간, 전화·문자 문의 정보를 확인할 수 있습니다.","shops/gyeonggi/yangpyeong/서종면/프리미엄테라피/index.html || 양평군 서종면 생활권에서 확인할 수 있는 프리미엄테라피 정보를 담았습니다. 60,000원부터 확인되는 가격과 60분·90분 코스 정보를 참고해 이용 가능한 코스와 가격, 영업시간, 전화·문자 문의 정보를 확인할 수 있습니다."
"DESCRIPTION_TEMPLATE","552","업체상세","3","loc x 기준으로 x 운영 정보를 정리했습니다 n n 코스와 n n 부터 코스별 이용시간과 가격 운영시간 및 연락 방법을 비교할 수 있습니다","shops/seoul/mapo-gu/대흥동/프리미엄테라피/index.html || 마포구 대흥동 기준으로 프리미엄테라피 운영 정보를 정리했습니다. 60분·90분 코스와 60,000원부터 코스별 이용시간과 가격, 운영시간 및 연락 방법을 비교할 수 있습니다.","shops/gyeonggi/gimpo/장기본동/프리미엄테라피/index.html || 김포시 장기본동 기준으로 프리미엄테라피 운영 정보를 정리했습니다. 60분·90분 코스와 60,000원부터 코스별 이용시간과 가격, 운영시간 및 연락 방법을 비교할 수 있습니다.","shops/incheon/gyeyang-gu/계양동/마인드좋은테라피/index.html || 계양구 계양동 기준으로 마인드좋은테라피 운영 정보를 정리했습니다. 60분·90분 코스와 60,000원부터 코스별 이용시간과 가격, 운영시간 및 연락 방법을 비교할 수 있습니다."
"DESCRIPTION_TEMPLATE","553","업체상세","3","x 이용을 검토할 때 참고할 loc x 상세 정보입니다 n n 코스와 n n 부터 코스와 가격 영업시간 전화 문자 문의 방법을 함께 확인할 수 있습니다","shops/seoul/gwangjin-gu/중곡동/프리미엄테라피/index.html || 프리미엄테라피 이용을 검토할 때 참고할 광진구 중곡동 상세 정보입니다. 60분·90분 코스와 60,000원부터 코스와 가격, 영업시간, 전화·문자 문의 방법을 함께 확인할 수 있습니다.","shops/seoul/songpa-gu/오륜동/love테라피/index.html || love테라피 이용을 검토할 때 참고할 송파구 오륜동 상세 정보입니다. 60분·90분 코스와 70,000원부터 코스와 가격, 영업시간, 전화·문자 문의 방법을 함께 확인할 수 있습니다.","shops/gyeonggi/paju/조리읍/love테라피/index.html || love테라피 이용을 검토할 때 참고할 파주시 조리읍 상세 정보입니다. 60분·90분 코스와 70,000원부터 코스와 가격, 영업시간, 전화·문자 문의 방법을 함께 확인할 수 있습니다."
"DESCRIPTION_TEMPLATE","554","업체상세","3","x 관련 loc x 정보를 확인할 수 있습니다 n n 부터 확인되는 가격과 n n 코스 정보를 참고해 이용 전 필요한 코스 가격 운영시간과 연락 정보를 한 번에 살펴볼 수 있습니다","shops/seoul/gwangjin-gu/군자동/한국미인테라피/index.html || 한국미인테라피 관련 광진구 군자동 정보를 확인할 수 있습니다. 100,000원부터 확인되는 가격과 60분·90분 코스 정보를 참고해 이용 전 필요한 코스·가격·운영시간과 연락 정보를 한 번에 살펴볼 수 있습니다.","shops/seoul/seongbuk-gu/월곡동/너무이쁜테라피/index.html || 너무이쁜테라피 관련 성북구 월곡동 정보를 확인할 수 있습니다. 60,000원부터 확인되는 가격과 60분·90분 코스 정보를 참고해 이용 전 필요한 코스·가격·운영시간과 연락 정보를 한 번에 살펴볼 수 있습니다.","shops/gyeonggi/paju/운정동/love테라피/index.html || love테라피 관련 파주시 운정동 정보를 확인할 수 있습니다. 70,000원부터 확인되는 가격과 60분·90분 코스 정보를 참고해 이용 전 필요한 코스·가격·운영시간과 연락 정보를 한 번에 살펴볼 수 있습니다."
"DESCRIPTION_TEMPLATE","555","업체상세","3","loc x 기준 x 의 코스와 이용 정보를 확인할 수 있습니다 n n 코스와 n n 부터 확인되는 가격 정보를 포함해 이용 전 필요한 코스 가격 운영시간과 연락 정보를 한 번에 살펴볼 수 있습니다","shops/seoul/mapo-gu/망원동/프리미엄테라피/index.html || 마포구 망원동 기준 프리미엄테라피의 코스와 이용 정보를 확인할 수 있습니다. 60분·90분 코스와 60,000원부터 확인되는 가격 정보를 포함해 이용 전 필요한 코스·가격·운영시간과 연락 정보를 한 번에 살펴볼 수 있습니다.","shops/gyeonggi/siheung/배곧동/love테라피/index.html || 시흥시 배곧동 기준 love테라피의 코스와 이용 정보를 확인할 수 있습니다. 60분·90분 코스와 70,000원부터 확인되는 가격 정보를 포함해 이용 전 필요한 코스·가격·운영시간과 연락 정보를 한 번에 살펴볼 수 있습니다.","shops/incheon/bupyeong-gu/삼산동/프리미엄테라피/index.html || 부평구 삼산동 기준 프리미엄테라피의 코스와 이용 정보를 확인할 수 있습니다. 60분·90분 코스와 60,000원부터 확인되는 가격 정보를 포함해 이용 전 필요한 코스·가격·운영시간과 연락 정보를 한 번에 살펴볼 수 있습니다."
"DESCRIPTION_TEMPLATE","556","업체상세","3","x 관련 loc x 정보를 확인할 수 있습니다 n n 코스 구성과 n n 부터 확인되는 가격대를 확인한 뒤 가격 코스 구성 영업시간과 문의 수단을 순서대로 확인할 수 있습니다","shops/seoul/guro-gu/개봉동/한국미인테라피/index.html || 한국미인테라피 관련 구로구 개봉동 정보를 확인할 수 있습니다. 60분·90분 코스 구성과 100,000원부터 확인되는 가격대를 확인한 뒤 가격, 코스 구성, 영업시간과 문의 수단을 순서대로 확인할 수 있습니다.","shops/seoul/jongno-gu/삼청동/프리미엄테라피/index.html || 프리미엄테라피 관련 종로구 삼청동 정보를 확인할 수 있습니다. 60분·90분 코스 구성과 60,000원부터 확인되는 가격대를 확인한 뒤 가격, 코스 구성, 영업시간과 문의 수단을 순서대로 확인할 수 있습니다.","shops/incheon/namdong-gu/서창동/love테라피/index.html || love테라피 관련 남동구 서창동 정보를 확인할 수 있습니다. 60분·90분 코스 구성과 70,000원부터 확인되는 가격대를 확인한 뒤 가격, 코스 구성, 영업시간과 문의 수단을 순서대로 확인할 수 있습니다."
"DESCRIPTION_TEMPLATE","557","업체상세","3","x 의 loc x 이용 안내입니다 n n 코스와 n n 부터 확인되는 가격 정보를 포함해 코스와 가격 영업시간 전화 문자 문의 방법을 함께 확인할 수 있습니다","shops/seoul/gwangjin-gu/화양동/love테라피/index.html || love테라피의 광진구 화양동 이용 안내입니다. 60분·90분 코스와 70,000원부터 확인되는 가격 정보를 포함해 코스와 가격, 영업시간, 전화·문자 문의 방법을 함께 확인할 수 있습니다.","shops/seoul/songpa-gu/가락본동/프리미엄테라피/index.html || 프리미엄테라피의 송파구 가락본동 이용 안내입니다. 60분·90분 코스와 60,000원부터 확인되는 가격 정보를 포함해 코스와 가격, 영업시간, 전화·문자 문의 방법을 함께 확인할 수 있습니다.","shops/gyeonggi/anseong/금광면/너무이쁜테라피/index.html || 너무이쁜테라피의 안성시 금광면 이용 안내입니다. 60분·90분 코스와 60,000원부터 확인되는 가격 정보를 포함해 코스와 가격, 영업시간, 전화·문자 문의 방법을 함께 확인할 수 있습니다."
"DESCRIPTION_TEMPLATE","558","업체상세","3","loc x 기준으로 x 운영 정보를 정리했습니다 n n 부터 시작하는 가격과 n n 코스 정보를 바탕으로 코스별 이용시간과 가격 운영시간 및 연락 방법을 비교할 수 있습니다","shops/seoul/gwangjin-gu/광장동/한국미인테라피/index.html || 광진구 광장동 기준으로 한국미인테라피 운영 정보를 정리했습니다. 100,000원부터 시작하는 가격과 60분·90분 코스 정보를 바탕으로 코스별 이용시간과 가격, 운영시간 및 연락 방법을 비교할 수 있습니다.","shops/gyeonggi/yangju/옥정동/너무이쁜테라피/index.html || 양주시 옥정동 기준으로 너무이쁜테라피 운영 정보를 정리했습니다. 60,000원부터 시작하는 가격과 60분·90분 코스 정보를 바탕으로 코스별 이용시간과 가격, 운영시간 및 연락 방법을 비교할 수 있습니다.","shops/gyeonggi/paju/광탄면/한국미인테라피/index.html || 파주시 광탄면 기준으로 한국미인테라피 운영 정보를 정리했습니다. 100,000원부터 시작하는 가격과 60분·90분 코스 정보를 바탕으로 코스별 이용시간과 가격, 운영시간 및 연락 방법을 비교할 수 있습니다."
"DESCRIPTION_TEMPLATE","559","업체상세","3","x 의 loc x 운영 정보와 문의 방법을 정리했습니다 n n 코스와 n n 부터 이용 가능한 코스와 가격 영업시간 전화 문자 문의 정보를 확인할 수 있습니다","shops/seoul/mapo-gu/성산동/한국미인테라피/index.html || 한국미인테라피의 마포구 성산동 운영 정보와 문의 방법을 정리했습니다. 60분·90분 코스와 100,000원부터 이용 가능한 코스와 가격, 영업시간, 전화·문자 문의 정보를 확인할 수 있습니다.","shops/seoul/jungnang-gu/상봉동/love테라피/index.html || love테라피의 중랑구 상봉동 운영 정보와 문의 방법을 정리했습니다. 60분·90분 코스와 70,000원부터 이용 가능한 코스와 가격, 영업시간, 전화·문자 문의 정보를 확인할 수 있습니다.","shops/incheon/geomdan-gu/마전동/love테라피/index.html || love테라피의 검단구 마전동 운영 정보와 문의 방법을 정리했습니다. 60분·90분 코스와 70,000원부터 이용 가능한 코스와 가격, 영업시간, 전화·문자 문의 정보를 확인할 수 있습니다."
"DESCRIPTION_TEMPLATE","560","업체상세","3","x 이용을 검토할 때 참고할 loc x 상세 정보입니다 n n 부터 확인되는 가격 정보와 n n 코스 시간을 함께 살펴보고 이용 전 필요한 코스 가격 운영시간과 연락 정보를 한 번에 살펴볼 수 있습니다","shops/seoul/gwanak-gu/행운동/한국미인테라피/index.html || 한국미인테라피 이용을 검토할 때 참고할 관악구 행운동 상세 정보입니다. 100,000원부터 확인되는 가격 정보와 60분·90분 코스 시간을 함께 살펴보고 이용 전 필요한 코스·가격·운영시간과 연락 정보를 한 번에 살펴볼 수 있습니다.","shops/seoul/dongjak-gu/노량진동/한국미인테라피/index.html || 한국미인테라피 이용을 검토할 때 참고할 동작구 노량진동 상세 정보입니다. 100,000원부터 확인되는 가격 정보와 60분·90분 코스 시간을 함께 살펴보고 이용 전 필요한 코스·가격·운영시간과 연락 정보를 한 번에 살펴볼 수 있습니다.","shops/gyeonggi/gwangju-gyeonggi/쌍령동/프리미엄테라피/index.html || 프리미엄테라피 이용을 검토할 때 참고할 광주시 쌍령동 상세 정보입니다. 60,000원부터 확인되는 가격 정보와 60분·90분 코스 시간을 함께 살펴보고 이용 전 필요한 코스·가격·운영시간과 연락 정보를 한 번에 살펴볼 수 있습니다."
"DESCRIPTION_TEMPLATE","561","업체상세","3","loc x 지역의 x 이용 정보를 정리했습니다 n n 코스와 n n 부터 확인되는 가격 정보를 포함해 코스 구성과 가격 운영시간 연락 방법을 한곳에서 확인할 수 있습니다","shops/seoul/mapo-gu/서강동/너무이쁜테라피/index.html || 마포구 서강동 지역의 너무이쁜테라피 이용 정보를 정리했습니다. 60분·90분 코스와 60,000원부터 확인되는 가격 정보를 포함해 코스 구성과 가격, 운영시간, 연락 방법을 한곳에서 확인할 수 있습니다.","shops/seoul/seodaemun-gu/북가좌동/한국미인테라피/index.html || 서대문구 북가좌동 지역의 한국미인테라피 이용 정보를 정리했습니다. 60분·90분 코스와 100,000원부터 확인되는 가격 정보를 포함해 코스 구성과 가격, 운영시간, 연락 방법을 한곳에서 확인할 수 있습니다.","shops/other/daejeon/yuseong-gu/구즉동/24시미녀테라피/index.html || 유성구 구즉동 지역의 24시미녀테라피 이용 정보를 정리했습니다. 60분·90분 코스와 70,000원부터 확인되는 가격 정보를 포함해 코스 구성과 가격, 운영시간, 연락 방법을 한곳에서 확인할 수 있습니다."
"DESCRIPTION_TEMPLATE","562","업체상세","3","x 의 loc x 운영 정보와 문의 방법을 정리했습니다 n n 부터 확인되는 가격 정보와 n n 코스 시간을 함께 살펴보고 가격과 코스 구성 영업시간 및 연락 수단을 비교해 이용 전 참고할 수 있습니다","shops/seoul/mapo-gu/서강동/love테라피/index.html || love테라피의 마포구 서강동 운영 정보와 문의 방법을 정리했습니다. 70,000원부터 확인되는 가격 정보와 60분·90분 코스 시간을 함께 살펴보고 가격과 코스 구성, 영업시간 및 연락 수단을 비교해 이용 전 참고할 수 있습니다.","shops/seoul/jung-gu/청구동/너무이쁜테라피/index.html || 너무이쁜테라피의 중구 청구동 운영 정보와 문의 방법을 정리했습니다. 60,000원부터 확인되는 가격 정보와 60분·90분 코스 시간을 함께 살펴보고 가격과 코스 구성, 영업시간 및 연락 수단을 비교해 이용 전 참고할 수 있습니다.","shops/gyeonggi/yeoncheon/전곡읍/너무이쁜테라피/index.html || 너무이쁜테라피의 연천군 전곡읍 운영 정보와 문의 방법을 정리했습니다. 60,000원부터 확인되는 가격 정보와 60분·90분 코스 시간을 함께 살펴보고 가격과 코스 구성, 영업시간 및 연락 수단을 비교해 이용 전 참고할 수 있습니다."
"DESCRIPTION_TEMPLATE","563","업체상세","3","loc x 에서 x 이용 전 확인할 정보를 모았습니다 n n 부터 시작하는 가격과 n n 코스 정보를 바탕으로 가격과 이용시간 연락 방법을 확인해 필요한 내용을 loc 비교할 수 있습니다","shops/seoul/gwangjin-gu/구의동/한국미인테라피/index.html || 광진구 구의동에서 한국미인테라피 이용 전 확인할 정보를 모았습니다. 100,000원부터 시작하는 가격과 60분·90분 코스 정보를 바탕으로 가격과 이용시간, 연락 방법을 확인해 필요한 내용을 미리 비교할 수 있습니다.","shops/seoul/nowon-gu/월계동/프리미엄테라피/index.html || 노원구 월계동에서 프리미엄테라피 이용 전 확인할 정보를 모았습니다. 60,000원부터 시작하는 가격과 60분·90분 코스 정보를 바탕으로 가격과 이용시간, 연락 방법을 확인해 필요한 내용을 미리 비교할 수 있습니다.","shops/seoul/songpa-gu/잠실본동/love테라피/index.html || 송파구 잠실본동에서 love테라피 이용 전 확인할 정보를 모았습니다. 70,000원부터 시작하는 가격과 60분·90분 코스 정보를 바탕으로 가격과 이용시간, 연락 방법을 확인해 필요한 내용을 미리 비교할 수 있습니다."
"DESCRIPTION_TEMPLATE","564","업체상세","3","loc x 에서 x 이용 전 확인할 정보를 모았습니다 n n 부터 시작하는 가격과 n n 코스 정보를 바탕으로 이용 전 필요한 코스 가격 운영시간과 연락 정보를 한 번에 살펴볼 수 있습니다","shops/seoul/guro-gu/구로동/한국미인테라피/index.html || 구로구 구로동에서 한국미인테라피 이용 전 확인할 정보를 모았습니다. 100,000원부터 시작하는 가격과 60분·90분 코스 정보를 바탕으로 이용 전 필요한 코스·가격·운영시간과 연락 정보를 한 번에 살펴볼 수 있습니다.","shops/gyeonggi/siheung/월곶동/너무이쁜테라피/index.html || 시흥시 월곶동에서 너무이쁜테라피 이용 전 확인할 정보를 모았습니다. 60,000원부터 시작하는 가격과 60분·90분 코스 정보를 바탕으로 이용 전 필요한 코스·가격·운영시간과 연락 정보를 한 번에 살펴볼 수 있습니다.","shops/gyeonggi/yeoju/강천면/love테라피/index.html || 여주시 강천면에서 love테라피 이용 전 확인할 정보를 모았습니다. 70,000원부터 시작하는 가격과 60분·90분 코스 정보를 바탕으로 이용 전 필요한 코스·가격·운영시간과 연락 정보를 한 번에 살펴볼 수 있습니다."
"DESCRIPTION_TEMPLATE","565","업체상세","3","loc x 에서 이용 가능한 x 정보를 보기 쉽게 정리했습니다 n n 코스 구성과 n n 부터 확인되는 가격대를 확인한 뒤 가격과 코스 구성 영업시간 및 연락 수단을 비교해 이용 전 참고할 수 있습니다","shops/seoul/nowon-gu/3동/너무이쁜테라피/index.html || 노원구 3동에서 이용 가능한 너무이쁜테라피 정보를 보기 쉽게 정리했습니다. 60분·90분 코스 구성과 60,000원부터 확인되는 가격대를 확인한 뒤 가격과 코스 구성, 영업시간 및 연락 수단을 비교해 이용 전 참고할 수 있습니다.","shops/seoul/dongdaemun-gu/전농동/너무이쁜테라피/index.html || 동대문구 전농동에서 이용 가능한 너무이쁜테라피 정보를 보기 쉽게 정리했습니다. 60분·90분 코스 구성과 60,000원부터 확인되는 가격대를 확인한 뒤 가격과 코스 구성, 영업시간 및 연락 수단을 비교해 이용 전 참고할 수 있습니다.","shops/seoul/jung-gu/장충동/프리미엄테라피/index.html || 중구 장충동에서 이용 가능한 프리미엄테라피 정보를 보기 쉽게 정리했습니다. 60분·90분 코스 구성과 60,000원부터 확인되는 가격대를 확인한 뒤 가격과 코스 구성, 영업시간 및 연락 수단을 비교해 이용 전 참고할 수 있습니다."
"DESCRIPTION_TEMPLATE","566","업체상세","3","loc x 에서 x 이용 전 확인할 정보를 모았습니다 n n 부터 확인되는 가격과 n n 코스 정보를 참고해 가격과 코스 구성 영업시간 및 연락 수단을 비교해 이용 전 참고할 수 있습니다","shops/seoul/geumcheon-gu/독산동/한국미인테라피/index.html || 금천구 독산동에서 한국미인테라피 이용 전 확인할 정보를 모았습니다. 100,000원부터 확인되는 가격과 60분·90분 코스 정보를 참고해 가격과 코스 구성, 영업시간 및 연락 수단을 비교해 이용 전 참고할 수 있습니다.","shops/gyeonggi/osan/중앙동/love테라피/index.html || 오산시 중앙동에서 love테라피 이용 전 확인할 정보를 모았습니다. 70,000원부터 확인되는 가격과 60분·90분 코스 정보를 참고해 가격과 코스 구성, 영업시간 및 연락 수단을 비교해 이용 전 참고할 수 있습니다.","shops/incheon/bupyeong-gu/부개동/한국미인테라피/index.html || 부평구 부개동에서 한국미인테라피 이용 전 확인할 정보를 모았습니다. 100,000원부터 확인되는 가격과 60분·90분 코스 정보를 참고해 가격과 코스 구성, 영업시간 및 연락 수단을 비교해 이용 전 참고할 수 있습니다."
"DESCRIPTION_TEMPLATE","567","업체상세","3","loc x 기준 x 의 코스와 이용 정보를 확인할 수 있습니다 n n 부터 시작하는 가격과 n n 코스 정보를 바탕으로 가격과 이용시간 연락 방법을 확인해 필요한 내용을 loc 비교할 수 있습니다","shops/seoul/nowon-gu/4동/한국미인테라피/index.html || 노원구 4동 기준 한국미인테라피의 코스와 이용 정보를 확인할 수 있습니다. 100,000원부터 시작하는 가격과 60분·90분 코스 정보를 바탕으로 가격과 이용시간, 연락 방법을 확인해 필요한 내용을 미리 비교할 수 있습니다.","shops/gyeonggi/namyangju/화도읍/프리미엄테라피/index.html || 남양주시 화도읍 기준 프리미엄테라피의 코스와 이용 정보를 확인할 수 있습니다. 60,000원부터 시작하는 가격과 60분·90분 코스 정보를 바탕으로 가격과 이용시간, 연락 방법을 확인해 필요한 내용을 미리 비교할 수 있습니다.","shops/gyeonggi/hanam/위례동/프리미엄테라피/index.html || 하남시 위례동 기준 프리미엄테라피의 코스와 이용 정보를 확인할 수 있습니다. 60,000원부터 시작하는 가격과 60분·90분 코스 정보를 바탕으로 가격과 이용시간, 연락 방법을 확인해 필요한 내용을 미리 비교할 수 있습니다."
"DESCRIPTION_TEMPLATE","568","업체상세","3","loc x 기준 x 의 코스와 이용 정보를 확인할 수 있습니다 n n 부터 시작하는 가격과 n n 코스 정보를 바탕으로 코스별 시간과 가격 운영시간 전화 문자 문의 내용을 살펴볼 수 있습니다","shops/seoul/geumcheon-gu/시흥동/너무이쁜테라피/index.html || 금천구 시흥동 기준 너무이쁜테라피의 코스와 이용 정보를 확인할 수 있습니다. 60,000원부터 시작하는 가격과 60분·90분 코스 정보를 바탕으로 코스별 시간과 가격, 운영시간, 전화·문자 문의 내용을 살펴볼 수 있습니다.","shops/seoul/yeongdeungpo-gu/영등포본동/love테라피/index.html || 영등포구 영등포본동 기준 love테라피의 코스와 이용 정보를 확인할 수 있습니다. 70,000원부터 시작하는 가격과 60분·90분 코스 정보를 바탕으로 코스별 시간과 가격, 운영시간, 전화·문자 문의 내용을 살펴볼 수 있습니다.","shops/incheon/jemulpo-gu/도원동/love테라피/index.html || 제물포구 도원동 기준 love테라피의 코스와 이용 정보를 확인할 수 있습니다. 70,000원부터 시작하는 가격과 60분·90분 코스 정보를 바탕으로 코스별 시간과 가격, 운영시간, 전화·문자 문의 내용을 살펴볼 수 있습니다."
"DESCRIPTION_TEMPLATE","569","업체상세","3","loc x 에서 이용 가능한 x 정보를 보기 쉽게 정리했습니다 n n 이용시간과 n n 부터 확인되는 가격 정보를 함께 확인하며 코스 가격 영업시간과 전화 또는 문자 문의 방법을 확인할 수 있습니다","shops/seoul/nowon-gu/3동/한국미인테라피/index.html || 노원구 3동에서 이용 가능한 한국미인테라피 정보를 보기 쉽게 정리했습니다. 60분·90분 이용시간과 100,000원부터 확인되는 가격 정보를 함께 확인하며 코스·가격·영업시간과 전화 또는 문자 문의 방법을 확인할 수 있습니다.","shops/incheon/michuhol-gu/관교동/너무이쁜테라피/index.html || 미추홀구 관교동에서 이용 가능한 너무이쁜테라피 정보를 보기 쉽게 정리했습니다. 60분·90분 이용시간과 60,000원부터 확인되는 가격 정보를 함께 확인하며 코스·가격·영업시간과 전화 또는 문자 문의 방법을 확인할 수 있습니다.","shops/other/daejeon/yuseong-gu/원신흥동/S썸바디테라피/index.html || 유성구 원신흥동에서 이용 가능한 S썸바디테라피 정보를 보기 쉽게 정리했습니다. 60분·90분 이용시간과 50,000원부터 확인되는 가격 정보를 함께 확인하며 코스·가격·영업시간과 전화 또는 문자 문의 방법을 확인할 수 있습니다."
"DESCRIPTION_TEMPLATE","570","업체상세","3","x 의 코스와 운영 정보를 loc x 기준으로 안내합니다 n n 시간 구성과 n n 부터 시작하는 가격을 확인하면서 코스 구성과 가격 운영시간 연락 방법을 한곳에서 확인할 수 있습니다","shops/seoul/mapo-gu/도화동/한국미인테라피/index.html || 한국미인테라피의 코스와 운영 정보를 마포구 도화동 기준으로 안내합니다. 60분·90분 시간 구성과 100,000원부터 시작하는 가격을 확인하면서 코스 구성과 가격, 운영시간, 연락 방법을 한곳에서 확인할 수 있습니다.","shops/gyeonggi/hanam/감북동/한국미인테라피/index.html || 한국미인테라피의 코스와 운영 정보를 하남시 감북동 기준으로 안내합니다. 60분·90분 시간 구성과 100,000원부터 시작하는 가격을 확인하면서 코스 구성과 가격, 운영시간, 연락 방법을 한곳에서 확인할 수 있습니다.","shops/incheon/yeongjong-gu/운서동/너무이쁜테라피/index.html || 너무이쁜테라피의 코스와 운영 정보를 영종구 운서동 기준으로 안내합니다. 60분·90분 시간 구성과 60,000원부터 시작하는 가격을 확인하면서 코스 구성과 가격, 운영시간, 연락 방법을 한곳에서 확인할 수 있습니다."
"DESCRIPTION_TEMPLATE","571","업체상세","3","loc x 기준으로 x 운영 정보를 정리했습니다 n n 코스와 n n 부터 코스 구성과 가격 운영시간 연락 방법을 한곳에서 확인할 수 있습니다","shops/seoul/guro-gu/수궁동/너무이쁜테라피/index.html || 구로구 수궁동 기준으로 너무이쁜테라피 운영 정보를 정리했습니다. 60분·90분 코스와 60,000원부터 코스 구성과 가격, 운영시간, 연락 방법을 한곳에서 확인할 수 있습니다.","shops/gyeonggi/gunpo/대야동/프리미엄테라피/index.html || 군포시 대야동 기준으로 프리미엄테라피 운영 정보를 정리했습니다. 60분·90분 코스와 60,000원부터 코스 구성과 가격, 운영시간, 연락 방법을 한곳에서 확인할 수 있습니다.","shops/gyeonggi/namyangju/호평동/너무이쁜테라피/index.html || 남양주시 호평동 기준으로 너무이쁜테라피 운영 정보를 정리했습니다. 60분·90분 코스와 60,000원부터 코스 구성과 가격, 운영시간, 연락 방법을 한곳에서 확인할 수 있습니다."
"DESCRIPTION_TEMPLATE","572","업체상세","3","loc x 기준 x 의 코스와 이용 정보를 확인할 수 있습니다 n n 시간 구성과 n n 부터 시작하는 가격을 확인하면서 이용 가능한 코스와 가격 영업시간 전화 문자 문의 정보를 확인할 수 있습니다","shops/seoul/mapo-gu/망원동/너무이쁜테라피/index.html || 마포구 망원동 기준 너무이쁜테라피의 코스와 이용 정보를 확인할 수 있습니다. 60분·90분 시간 구성과 60,000원부터 시작하는 가격을 확인하면서 이용 가능한 코스와 가격, 영업시간, 전화·문자 문의 정보를 확인할 수 있습니다.","shops/gyeonggi/gimpo/구래동/love테라피/index.html || 김포시 구래동 기준 love테라피의 코스와 이용 정보를 확인할 수 있습니다. 60분·90분 시간 구성과 70,000원부터 시작하는 가격을 확인하면서 이용 가능한 코스와 가격, 영업시간, 전화·문자 문의 정보를 확인할 수 있습니다.","shops/gyeonggi/anseong/삼죽면/프리미엄테라피/index.html || 안성시 삼죽면 기준 프리미엄테라피의 코스와 이용 정보를 확인할 수 있습니다. 60분·90분 시간 구성과 60,000원부터 시작하는 가격을 확인하면서 이용 가능한 코스와 가격, 영업시간, 전화·문자 문의 정보를 확인할 수 있습니다."
"DESCRIPTION_TEMPLATE","573","업체상세","3","loc x 기준 x 의 코스와 이용 정보를 확인할 수 있습니다 n n 부터 시작하는 가격과 n n 코스 정보를 바탕으로 코스 구성과 가격 운영시간 연락 방법을 한곳에서 확인할 수 있습니다","shops/seoul/guro-gu/수궁동/한국미인테라피/index.html || 구로구 수궁동 기준 한국미인테라피의 코스와 이용 정보를 확인할 수 있습니다. 100,000원부터 시작하는 가격과 60분·90분 코스 정보를 바탕으로 코스 구성과 가격, 운영시간, 연락 방법을 한곳에서 확인할 수 있습니다.","shops/seoul/mapo-gu/서교동/프리미엄테라피/index.html || 마포구 서교동 기준 프리미엄테라피의 코스와 이용 정보를 확인할 수 있습니다. 60,000원부터 시작하는 가격과 60분·90분 코스 정보를 바탕으로 코스 구성과 가격, 운영시간, 연락 방법을 한곳에서 확인할 수 있습니다.","shops/incheon/ganghwa-gun/내가면/love테라피/index.html || 강화군 내가면 기준 love테라피의 코스와 이용 정보를 확인할 수 있습니다. 70,000원부터 시작하는 가격과 60분·90분 코스 정보를 바탕으로 코스 구성과 가격, 운영시간, 연락 방법을 한곳에서 확인할 수 있습니다."
"DESCRIPTION_TEMPLATE","574","업체상세","3","x 이용을 검토할 때 참고할 loc x 상세 정보입니다 n n 부터 시작하는 가격과 n n 코스 정보를 바탕으로 이용 전 필요한 코스 가격 운영시간과 연락 정보를 한 번에 살펴볼 수 있습니다","shops/seoul/mapo-gu/도화동/프리미엄테라피/index.html || 프리미엄테라피 이용을 검토할 때 참고할 마포구 도화동 상세 정보입니다. 60,000원부터 시작하는 가격과 60분·90분 코스 정보를 바탕으로 이용 전 필요한 코스·가격·운영시간과 연락 정보를 한 번에 살펴볼 수 있습니다.","shops/seoul/songpa-gu/송파동/너무이쁜테라피/index.html || 너무이쁜테라피 이용을 검토할 때 참고할 송파구 송파동 상세 정보입니다. 60,000원부터 시작하는 가격과 60분·90분 코스 정보를 바탕으로 이용 전 필요한 코스·가격·운영시간과 연락 정보를 한 번에 살펴볼 수 있습니다.","shops/seoul/yeongdeungpo-gu/대림동/너무이쁜테라피/index.html || 너무이쁜테라피 이용을 검토할 때 참고할 영등포구 대림동 상세 정보입니다. 60,000원부터 시작하는 가격과 60분·90분 코스 정보를 바탕으로 이용 전 필요한 코스·가격·운영시간과 연락 정보를 한 번에 살펴볼 수 있습니다."
"DESCRIPTION_TEMPLATE","575","업체상세","3","x 관련 loc x 정보를 확인할 수 있습니다 n n 코스와 n n 부터 확인되는 가격 정보를 포함해 가격과 코스 구성 영업시간 및 연락 수단을 비교해 이용 전 참고할 수 있습니다","shops/seoul/guro-gu/오류동/프리미엄테라피/index.html || 프리미엄테라피 관련 구로구 오류동 정보를 확인할 수 있습니다. 60분·90분 코스와 60,000원부터 확인되는 가격 정보를 포함해 가격과 코스 구성, 영업시간 및 연락 수단을 비교해 이용 전 참고할 수 있습니다.","shops/gyeonggi/yeoncheon/청산면/한국미인테라피/index.html || 한국미인테라피 관련 연천군 청산면 정보를 확인할 수 있습니다. 60분·90분 코스와 100,000원부터 확인되는 가격 정보를 포함해 가격과 코스 구성, 영업시간 및 연락 수단을 비교해 이용 전 참고할 수 있습니다.","shops/gyeonggi/icheon/신둔면/love테라피/index.html || love테라피 관련 이천시 신둔면 정보를 확인할 수 있습니다. 60분·90분 코스와 70,000원부터 확인되는 가격 정보를 포함해 가격과 코스 구성, 영업시간 및 연락 수단을 비교해 이용 전 참고할 수 있습니다."
"DESCRIPTION_TEMPLATE","576","업체상세","3","loc x 에서 이용 가능한 x 정보를 보기 쉽게 정리했습니다 n n 이용시간과 n n 부터 확인되는 가격 정보를 함께 확인하며 코스별 시간과 가격 운영시간 전화 문자 문의 내용을 살펴볼 수 있습니다","shops/seoul/nowon-gu/4동/프리미엄테라피/index.html || 노원구 4동에서 이용 가능한 프리미엄테라피 정보를 보기 쉽게 정리했습니다. 60분·90분 이용시간과 60,000원부터 확인되는 가격 정보를 함께 확인하며 코스별 시간과 가격, 운영시간, 전화·문자 문의 내용을 살펴볼 수 있습니다.","shops/seoul/jung-gu/명동/love테라피/index.html || 중구 명동에서 이용 가능한 love테라피 정보를 보기 쉽게 정리했습니다. 60분·90분 이용시간과 70,000원부터 확인되는 가격 정보를 함께 확인하며 코스별 시간과 가격, 운영시간, 전화·문자 문의 내용을 살펴볼 수 있습니다.","shops/incheon/ganghwa-gun/길상면/너무이쁜테라피/index.html || 강화군 길상면에서 이용 가능한 너무이쁜테라피 정보를 보기 쉽게 정리했습니다. 60분·90분 이용시간과 60,000원부터 확인되는 가격 정보를 함께 확인하며 코스별 시간과 가격, 운영시간, 전화·문자 문의 내용을 살펴볼 수 있습니다."
"DESCRIPTION_TEMPLATE","577","업체상세","3","loc x 지역의 x 이용 정보를 정리했습니다 n n 이용시간과 n n 부터 확인되는 가격 정보를 함께 확인하며 코스 가격 영업시간과 전화 또는 문자 문의 방법을 확인할 수 있습니다","shops/seoul/gwanak-gu/서원동/너무이쁜테라피/index.html || 관악구 서원동 지역의 너무이쁜테라피 이용 정보를 정리했습니다. 60분·90분 이용시간과 60,000원부터 확인되는 가격 정보를 함께 확인하며 코스·가격·영업시간과 전화 또는 문자 문의 방법을 확인할 수 있습니다.","shops/gyeonggi/yangju/회천동/love테라피/index.html || 양주시 회천동 지역의 love테라피 이용 정보를 정리했습니다. 60분·90분 이용시간과 70,000원부터 확인되는 가격 정보를 함께 확인하며 코스·가격·영업시간과 전화 또는 문자 문의 방법을 확인할 수 있습니다.","shops/other/daejeon/dong-gu/성남동/S썸바디테라피/index.html || 동구 성남동 지역의 S썸바디테라피 이용 정보를 정리했습니다. 60분·90분 이용시간과 50,000원부터 확인되는 가격 정보를 함께 확인하며 코스·가격·영업시간과 전화 또는 문자 문의 방법을 확인할 수 있습니다."
"DESCRIPTION_TEMPLATE","578","업체상세","3","x 이용 전 살펴볼 loc x 지역 정보를 한곳에 모았습니다 n n 부터 확인되는 가격과 n n 코스 정보를 참고해 이용 가능한 코스와 가격 영업시간 전화 문자 문의 정보를 확인할 수 있습니다","shops/seoul/seodaemun-gu/천연동/프리미엄테라피/index.html || 프리미엄테라피 이용 전 살펴볼 서대문구 천연동 지역 정보를 한곳에 모았습니다. 60,000원부터 확인되는 가격과 60분·90분 코스 정보를 참고해 이용 가능한 코스와 가격, 영업시간, 전화·문자 문의 정보를 확인할 수 있습니다.","shops/seoul/eunpyeong-gu/수색동/love테라피/index.html || love테라피 이용 전 살펴볼 은평구 수색동 지역 정보를 한곳에 모았습니다. 70,000원부터 확인되는 가격과 60분·90분 코스 정보를 참고해 이용 가능한 코스와 가격, 영업시간, 전화·문자 문의 정보를 확인할 수 있습니다.","shops/gyeonggi/pyeongtaek/안중읍/love테라피/index.html || love테라피 이용 전 살펴볼 평택시 안중읍 지역 정보를 한곳에 모았습니다. 70,000원부터 확인되는 가격과 60분·90분 코스 정보를 참고해 이용 가능한 코스와 가격, 영업시간, 전화·문자 문의 정보를 확인할 수 있습니다."
"DESCRIPTION_TEMPLATE","579","업체상세","3","loc x 지역의 x 이용 정보를 정리했습니다 n n 코스와 n n 부터 확인되는 가격 정보를 포함해 코스 가격 영업시간과 전화 또는 문자 문의 방법을 확인할 수 있습니다","shops/seoul/gwanak-gu/서림동/마인드좋은테라피/index.html || 관악구 서림동 지역의 마인드좋은테라피 이용 정보를 정리했습니다. 60분·90분 코스와 60,000원부터 확인되는 가격 정보를 포함해 코스·가격·영업시간과 전화 또는 문자 문의 방법을 확인할 수 있습니다.","shops/gyeonggi/gwangju-gyeonggi/남종면/한국미인테라피/index.html || 광주시 남종면 지역의 한국미인테라피 이용 정보를 정리했습니다. 60분·90분 코스와 100,000원부터 확인되는 가격 정보를 포함해 코스·가격·영업시간과 전화 또는 문자 문의 방법을 확인할 수 있습니다.","shops/gyeonggi/siheung/정왕본동/love테라피/index.html || 시흥시 정왕본동 지역의 love테라피 이용 정보를 정리했습니다. 60분·90분 코스와 70,000원부터 확인되는 가격 정보를 포함해 코스·가격·영업시간과 전화 또는 문자 문의 방법을 확인할 수 있습니다."
"DESCRIPTION_TEMPLATE","580","업체상세","3","loc x 기준으로 x 운영 정보를 정리했습니다 n n 코스와 n n 부터 확인되는 가격 정보를 포함해 가격과 이용시간 연락 방법을 확인해 필요한 내용을 loc 비교할 수 있습니다","shops/seoul/seodaemun-gu/북아현동/한국미인테라피/index.html || 서대문구 북아현동 기준으로 한국미인테라피 운영 정보를 정리했습니다. 60분·90분 코스와 100,000원부터 확인되는 가격 정보를 포함해 가격과 이용시간, 연락 방법을 확인해 필요한 내용을 미리 비교할 수 있습니다.","shops/seoul/seongdong-gu/금호4가동/love테라피/index.html || 성동구 금호4가동 기준으로 love테라피 운영 정보를 정리했습니다. 60분·90분 코스와 70,000원부터 확인되는 가격 정보를 포함해 가격과 이용시간, 연락 방법을 확인해 필요한 내용을 미리 비교할 수 있습니다.","shops/seoul/seongbuk-gu/월곡동/프리미엄테라피/index.html || 성북구 월곡동 기준으로 프리미엄테라피 운영 정보를 정리했습니다. 60분·90분 코스와 60,000원부터 확인되는 가격 정보를 포함해 가격과 이용시간, 연락 방법을 확인해 필요한 내용을 미리 비교할 수 있습니다."
"DESCRIPTION_TEMPLATE","581","업체상세","3","loc x 생활권에서 확인할 수 있는 x 정보를 담았습니다 n n 이용시간과 n n 부터 확인되는 가격 정보를 함께 확인하며 가격과 이용시간 연락 방법을 확인해 필요한 내용을 loc 비교할 수 있습니다","shops/seoul/gwanak-gu/성현동/love테라피/index.html || 관악구 성현동 생활권에서 확인할 수 있는 love테라피 정보를 담았습니다. 60분·90분 이용시간과 70,000원부터 확인되는 가격 정보를 함께 확인하며 가격과 이용시간, 연락 방법을 확인해 필요한 내용을 미리 비교할 수 있습니다.","shops/gyeonggi/gimpo/대곶면/프리미엄테라피/index.html || 김포시 대곶면 생활권에서 확인할 수 있는 프리미엄테라피 정보를 담았습니다. 60분·90분 이용시간과 60,000원부터 확인되는 가격 정보를 함께 확인하며 가격과 이용시간, 연락 방법을 확인해 필요한 내용을 미리 비교할 수 있습니다.","shops/gyeonggi/yangpyeong/옥천면/love테라피/index.html || 양평군 옥천면 생활권에서 확인할 수 있는 love테라피 정보를 담았습니다. 60분·90분 이용시간과 70,000원부터 확인되는 가격 정보를 함께 확인하며 가격과 이용시간, 연락 방법을 확인해 필요한 내용을 미리 비교할 수 있습니다."
"DESCRIPTION_TEMPLATE","582","업체상세","3","x 이용을 검토할 때 참고할 loc x 상세 정보입니다 n n 코스 구성과 n n 부터 확인되는 가격대를 확인한 뒤 이용 전 필요한 코스 가격 운영시간과 연락 정보를 한 번에 살펴볼 수 있습니다","shops/seoul/seodaemun-gu/천연동/너무이쁜테라피/index.html || 너무이쁜테라피 이용을 검토할 때 참고할 서대문구 천연동 상세 정보입니다. 60분·90분 코스 구성과 60,000원부터 확인되는 가격대를 확인한 뒤 이용 전 필요한 코스·가격·운영시간과 연락 정보를 한 번에 살펴볼 수 있습니다.","shops/seoul/jung-gu/회현동/한국미인테라피/index.html || 한국미인테라피 이용을 검토할 때 참고할 중구 회현동 상세 정보입니다. 60분·90분 코스 구성과 100,000원부터 확인되는 가격대를 확인한 뒤 이용 전 필요한 코스·가격·운영시간과 연락 정보를 한 번에 살펴볼 수 있습니다.","shops/gyeonggi/namyangju/별내면/너무이쁜테라피/index.html || 너무이쁜테라피 이용을 검토할 때 참고할 남양주시 별내면 상세 정보입니다. 60분·90분 코스 구성과 60,000원부터 확인되는 가격대를 확인한 뒤 이용 전 필요한 코스·가격·운영시간과 연락 정보를 한 번에 살펴볼 수 있습니다."
"DESCRIPTION_TEMPLATE","583","업체상세","3","x 관련 loc x 정보를 확인할 수 있습니다 n n 코스 구성과 n n 부터 확인되는 가격대를 확인한 뒤 코스별 시간과 가격 운영시간 전화 문자 문의 내용을 살펴볼 수 있습니다","shops/seoul/mapo-gu/공덕동/love테라피/index.html || love테라피 관련 마포구 공덕동 정보를 확인할 수 있습니다. 60분·90분 코스 구성과 70,000원부터 확인되는 가격대를 확인한 뒤 코스별 시간과 가격, 운영시간, 전화·문자 문의 내용을 살펴볼 수 있습니다.","shops/gyeonggi/gwacheon/별양동/love테라피/index.html || love테라피 관련 과천시 별양동 정보를 확인할 수 있습니다. 60분·90분 코스 구성과 70,000원부터 확인되는 가격대를 확인한 뒤 코스별 시간과 가격, 운영시간, 전화·문자 문의 내용을 살펴볼 수 있습니다.","shops/other/changwon/uichang-gu/봉림동/경남테라피/index.html || 경남테라피 관련 의창구 봉림동 정보를 확인할 수 있습니다. 60분·90분 코스 구성과 60,000원부터 확인되는 가격대를 확인한 뒤 코스별 시간과 가격, 운영시간, 전화·문자 문의 내용을 살펴볼 수 있습니다."
"DESCRIPTION_TEMPLATE","584","업체상세","3","loc x 에서 이용 가능한 x 정보를 보기 쉽게 정리했습니다 n n 부터 확인되는 가격과 n n 코스 정보를 참고해 코스별 이용시간과 가격 운영시간 및 연락 방법을 비교할 수 있습니다","shops/seoul/seodaemun-gu/홍은동/프리미엄테라피/index.html || 서대문구 홍은동에서 이용 가능한 프리미엄테라피 정보를 보기 쉽게 정리했습니다. 60,000원부터 확인되는 가격과 60분·90분 코스 정보를 참고해 코스별 이용시간과 가격, 운영시간 및 연락 방법을 비교할 수 있습니다.","shops/seoul/yongsan-gu/보광동/한국미인테라피/index.html || 용산구 보광동에서 이용 가능한 한국미인테라피 정보를 보기 쉽게 정리했습니다. 100,000원부터 확인되는 가격과 60분·90분 코스 정보를 참고해 코스별 이용시간과 가격, 운영시간 및 연락 방법을 비교할 수 있습니다.","shops/gyeonggi/uijeongbu/호원동/너무이쁜테라피/index.html || 의정부시 호원동에서 이용 가능한 너무이쁜테라피 정보를 보기 쉽게 정리했습니다. 60,000원부터 확인되는 가격과 60분·90분 코스 정보를 참고해 코스별 이용시간과 가격, 운영시간 및 연락 방법을 비교할 수 있습니다."
"DESCRIPTION_TEMPLATE","585","업체상세","3","x 관련 loc x 정보를 확인할 수 있습니다 n n 코스와 n n 부터 이용 전 필요한 코스 가격 운영시간과 연락 정보를 한 번에 살펴볼 수 있습니다","shops/seoul/seodaemun-gu/홍제동/프리미엄테라피/index.html || 프리미엄테라피 관련 서대문구 홍제동 정보를 확인할 수 있습니다. 60분·90분 코스와 60,000원부터 이용 전 필요한 코스·가격·운영시간과 연락 정보를 한 번에 살펴볼 수 있습니다.","shops/gyeonggi/gwangju-gyeonggi/퇴촌면/love테라피/index.html || love테라피 관련 광주시 퇴촌면 정보를 확인할 수 있습니다. 60분·90분 코스와 70,000원부터 이용 전 필요한 코스·가격·운영시간과 연락 정보를 한 번에 살펴볼 수 있습니다.","shops/gyeonggi/pocheon/일동면/love테라피/index.html || love테라피 관련 포천시 일동면 정보를 확인할 수 있습니다. 60분·90분 코스와 70,000원부터 이용 전 필요한 코스·가격·운영시간과 연락 정보를 한 번에 살펴볼 수 있습니다."
"DESCRIPTION_TEMPLATE","586","업체상세","3","x 이용을 검토할 때 참고할 loc x 상세 정보입니다 n n 코스 구성과 n n 부터 확인되는 가격대를 확인한 뒤 운영시간과 코스 구성 가격 연락 방법을 한 페이지에서 확인할 수 있습니다","shops/seoul/seodaemun-gu/충현동/너무이쁜테라피/index.html || 너무이쁜테라피 이용을 검토할 때 참고할 서대문구 충현동 상세 정보입니다. 60분·90분 코스 구성과 60,000원부터 확인되는 가격대를 확인한 뒤 운영시간과 코스 구성, 가격, 연락 방법을 한 페이지에서 확인할 수 있습니다.","shops/gyeonggi/dongducheon/송내동/너무이쁜테라피/index.html || 너무이쁜테라피 이용을 검토할 때 참고할 동두천시 송내동 상세 정보입니다. 60분·90분 코스 구성과 60,000원부터 확인되는 가격대를 확인한 뒤 운영시간과 코스 구성, 가격, 연락 방법을 한 페이지에서 확인할 수 있습니다.","shops/gyeonggi/anseong/일죽면/한국미인테라피/index.html || 한국미인테라피 이용을 검토할 때 참고할 안성시 일죽면 상세 정보입니다. 60분·90분 코스 구성과 100,000원부터 확인되는 가격대를 확인한 뒤 운영시간과 코스 구성, 가격, 연락 방법을 한 페이지에서 확인할 수 있습니다."
"DESCRIPTION_TEMPLATE","587","업체상세","3","loc x 에서 이용 가능한 x 정보를 보기 쉽게 정리했습니다 n n 코스와 n n 부터 코스별 시간과 가격 운영시간 전화 문자 문의 내용을 살펴볼 수 있습니다","shops/seoul/seodaemun-gu/충현동/love테라피/index.html || 서대문구 충현동에서 이용 가능한 love테라피 정보를 보기 쉽게 정리했습니다. 60분·90분 코스와 70,000원부터 코스별 시간과 가격, 운영시간, 전화·문자 문의 내용을 살펴볼 수 있습니다.","shops/seoul/yongsan-gu/용문동/한국미인테라피/index.html || 용산구 용문동에서 이용 가능한 한국미인테라피 정보를 보기 쉽게 정리했습니다. 60분·90분 코스와 100,000원부터 코스별 시간과 가격, 운영시간, 전화·문자 문의 내용을 살펴볼 수 있습니다.","shops/incheon/jemulpo-gu/금창동/너무이쁜테라피/index.html || 제물포구 금창동에서 이용 가능한 너무이쁜테라피 정보를 보기 쉽게 정리했습니다. 60분·90분 코스와 60,000원부터 코스별 시간과 가격, 운영시간, 전화·문자 문의 내용을 살펴볼 수 있습니다."
"DESCRIPTION_TEMPLATE","588","업체상세","3","x 의 loc x 운영 정보와 문의 방법을 정리했습니다 n n 코스와 n n 부터 코스 구성과 가격 운영시간 연락 방법을 한곳에서 확인할 수 있습니다","shops/seoul/gwanak-gu/서림동/너무이쁜테라피/index.html || 너무이쁜테라피의 관악구 서림동 운영 정보와 문의 방법을 정리했습니다. 60분·90분 코스와 60,000원부터 코스 구성과 가격, 운영시간, 연락 방법을 한곳에서 확인할 수 있습니다.","shops/seoul/gwanak-gu/청룡동/love테라피/index.html || love테라피의 관악구 청룡동 운영 정보와 문의 방법을 정리했습니다. 60분·90분 코스와 70,000원부터 코스 구성과 가격, 운영시간, 연락 방법을 한곳에서 확인할 수 있습니다.","shops/gyeonggi/icheon/부발읍/프리미엄테라피/index.html || 프리미엄테라피의 이천시 부발읍 운영 정보와 문의 방법을 정리했습니다. 60분·90분 코스와 60,000원부터 코스 구성과 가격, 운영시간, 연락 방법을 한곳에서 확인할 수 있습니다."
"DESCRIPTION_TEMPLATE","589","업체상세","3","loc x 생활권에서 확인할 수 있는 x 정보를 담았습니다 n n 코스와 n n 부터 확인되는 가격 정보를 포함해 코스별 이용시간과 가격 운영시간 및 연락 방법을 비교할 수 있습니다","shops/seoul/seodaemun-gu/남가좌동/love테라피/index.html || 서대문구 남가좌동 생활권에서 확인할 수 있는 love테라피 정보를 담았습니다. 60분·90분 코스와 70,000원부터 확인되는 가격 정보를 포함해 코스별 이용시간과 가격, 운영시간 및 연락 방법을 비교할 수 있습니다.","shops/seoul/seongdong-gu/사근동/너무이쁜테라피/index.html || 성동구 사근동 생활권에서 확인할 수 있는 너무이쁜테라피 정보를 담았습니다. 60분·90분 코스와 60,000원부터 확인되는 가격 정보를 포함해 코스별 이용시간과 가격, 운영시간 및 연락 방법을 비교할 수 있습니다.","shops/seoul/yangcheon-gu/신정동/한국미인테라피/index.html || 양천구 신정동 생활권에서 확인할 수 있는 한국미인테라피 정보를 담았습니다. 60분·90분 코스와 100,000원부터 확인되는 가격 정보를 포함해 코스별 이용시간과 가격, 운영시간 및 연락 방법을 비교할 수 있습니다."
"DESCRIPTION_TEMPLATE","590","업체상세","3","loc x 기준으로 x 운영 정보를 정리했습니다 n n 부터 확인되는 가격과 n n 코스 정보를 참고해 운영시간과 코스 구성 가격 연락 방법을 한 페이지에서 확인할 수 있습니다","shops/seoul/gwanak-gu/조원동/프리미엄테라피/index.html || 관악구 조원동 기준으로 프리미엄테라피 운영 정보를 정리했습니다. 60,000원부터 확인되는 가격과 60분·90분 코스 정보를 참고해 운영시간과 코스 구성, 가격, 연락 방법을 한 페이지에서 확인할 수 있습니다.","shops/gyeonggi/gunpo/금정동/프리미엄테라피/index.html || 군포시 금정동 기준으로 프리미엄테라피 운영 정보를 정리했습니다. 60,000원부터 확인되는 가격과 60분·90분 코스 정보를 참고해 운영시간과 코스 구성, 가격, 연락 방법을 한 페이지에서 확인할 수 있습니다.","shops/other/daegu/jung-gu/동인동/대구테라피/index.html || 중구 동인동 기준으로 대구테라피 운영 정보를 정리했습니다. 80,000원부터 확인되는 가격과 60분·90분 코스 정보를 참고해 운영시간과 코스 구성, 가격, 연락 방법을 한 페이지에서 확인할 수 있습니다."
"DESCRIPTION_TEMPLATE","591","업체상세","3","x 의 코스와 운영 정보를 loc x 기준으로 안내합니다 n n 부터 시작하는 가격과 n n 코스 정보를 바탕으로 가격과 이용시간 연락 방법을 확인해 필요한 내용을 loc 비교할 수 있습니다","shops/seoul/gwanak-gu/조원동/한국미인테라피/index.html || 한국미인테라피의 코스와 운영 정보를 관악구 조원동 기준으로 안내합니다. 100,000원부터 시작하는 가격과 60분·90분 코스 정보를 바탕으로 가격과 이용시간, 연락 방법을 확인해 필요한 내용을 미리 비교할 수 있습니다.","shops/gyeonggi/gunpo/대야동/한국미인테라피/index.html || 한국미인테라피의 코스와 운영 정보를 군포시 대야동 기준으로 안내합니다. 100,000원부터 시작하는 가격과 60분·90분 코스 정보를 바탕으로 가격과 이용시간, 연락 방법을 확인해 필요한 내용을 미리 비교할 수 있습니다.","shops/other/daejeon/dong-gu/효동/S썸바디테라피/index.html || S썸바디테라피의 코스와 운영 정보를 동구 효동 기준으로 안내합니다. 50,000원부터 시작하는 가격과 60분·90분 코스 정보를 바탕으로 가격과 이용시간, 연락 방법을 확인해 필요한 내용을 미리 비교할 수 있습니다."
"DESCRIPTION_TEMPLATE","592","업체상세","3","loc x 기준으로 x 운영 정보를 정리했습니다 n n 부터 확인되는 가격 정보와 n n 코스 시간을 함께 살펴보고 영업시간과 코스별 가격을 확인하고 전화나 문자로 세부 내용을 문의할 수 있습니다","shops/seoul/mapo-gu/연남동/프리미엄테라피/index.html || 마포구 연남동 기준으로 프리미엄테라피 운영 정보를 정리했습니다. 60,000원부터 확인되는 가격 정보와 60분·90분 코스 시간을 함께 살펴보고 영업시간과 코스별 가격을 확인하고 전화나 문자로 세부 내용을 문의할 수 있습니다.","shops/seoul/seongbuk-gu/돈암동/한국미인테라피/index.html || 성북구 돈암동 기준으로 한국미인테라피 운영 정보를 정리했습니다. 100,000원부터 확인되는 가격 정보와 60분·90분 코스 시간을 함께 살펴보고 영업시간과 코스별 가격을 확인하고 전화나 문자로 세부 내용을 문의할 수 있습니다.","shops/incheon/michuhol-gu/3동/너무이쁜테라피/index.html || 미추홀구 3동 기준으로 너무이쁜테라피 운영 정보를 정리했습니다. 60,000원부터 확인되는 가격 정보와 60분·90분 코스 시간을 함께 살펴보고 영업시간과 코스별 가격을 확인하고 전화나 문자로 세부 내용을 문의할 수 있습니다."
"DESCRIPTION_TEMPLATE","593","업체상세","3","x 관련 loc x 정보를 확인할 수 있습니다 n n 부터 확인되는 가격과 n n 코스 정보를 참고해 가격과 코스 구성 영업시간 및 연락 수단을 비교해 이용 전 참고할 수 있습니다","shops/seoul/gwanak-gu/청림동/너무이쁜테라피/index.html || 너무이쁜테라피 관련 관악구 청림동 정보를 확인할 수 있습니다. 60,000원부터 확인되는 가격과 60분·90분 코스 정보를 참고해 가격과 코스 구성, 영업시간 및 연락 수단을 비교해 이용 전 참고할 수 있습니다.","shops/seoul/dobong-gu/쌍문동/love테라피/index.html || love테라피 관련 도봉구 쌍문동 정보를 확인할 수 있습니다. 70,000원부터 확인되는 가격과 60분·90분 코스 정보를 참고해 가격과 코스 구성, 영업시간 및 연락 수단을 비교해 이용 전 참고할 수 있습니다.","shops/seoul/seocho-gu/잠원동/마인드좋은테라피/index.html || 마인드좋은테라피 관련 서초구 잠원동 정보를 확인할 수 있습니다. 60,000원부터 확인되는 가격과 60분·90분 코스 정보를 참고해 가격과 코스 구성, 영업시간 및 연락 수단을 비교해 이용 전 참고할 수 있습니다."
"DESCRIPTION_TEMPLATE","594","업체상세","3","x 의 코스와 운영 정보를 loc x 기준으로 안내합니다 n n 코스 구성과 n n 부터 확인되는 가격대를 확인한 뒤 가격과 이용시간 연락 방법을 확인해 필요한 내용을 loc 비교할 수 있습니다","shops/seoul/mapo-gu/성산동/너무이쁜테라피/index.html || 너무이쁜테라피의 코스와 운영 정보를 마포구 성산동 기준으로 안내합니다. 60분·90분 코스 구성과 60,000원부터 확인되는 가격대를 확인한 뒤 가격과 이용시간, 연락 방법을 확인해 필요한 내용을 미리 비교할 수 있습니다.","shops/gyeonggi/hanam/신장동/너무이쁜테라피/index.html || 너무이쁜테라피의 코스와 운영 정보를 하남시 신장동 기준으로 안내합니다. 60분·90분 코스 구성과 60,000원부터 확인되는 가격대를 확인한 뒤 가격과 이용시간, 연락 방법을 확인해 필요한 내용을 미리 비교할 수 있습니다.","shops/incheon/ganghwa-gun/불은면/love테라피/index.html || love테라피의 코스와 운영 정보를 강화군 불은면 기준으로 안내합니다. 60분·90분 코스 구성과 70,000원부터 확인되는 가격대를 확인한 뒤 가격과 이용시간, 연락 방법을 확인해 필요한 내용을 미리 비교할 수 있습니다."
"DESCRIPTION_TEMPLATE","595","업체상세","3","loc x 지역의 x 이용 정보를 정리했습니다 n n 코스 구성과 n n 부터 확인되는 가격대를 확인한 뒤 가격 코스 구성 영업시간과 문의 수단을 순서대로 확인할 수 있습니다","shops/seoul/mapo-gu/아현동/너무이쁜테라피/index.html || 마포구 아현동 지역의 너무이쁜테라피 이용 정보를 정리했습니다. 60분·90분 코스 구성과 60,000원부터 확인되는 가격대를 확인한 뒤 가격, 코스 구성, 영업시간과 문의 수단을 순서대로 확인할 수 있습니다.","shops/gyeonggi/gwangju-gyeonggi/초월읍/한국미인테라피/index.html || 광주시 초월읍 지역의 한국미인테라피 이용 정보를 정리했습니다. 60분·90분 코스 구성과 100,000원부터 확인되는 가격대를 확인한 뒤 가격, 코스 구성, 영업시간과 문의 수단을 순서대로 확인할 수 있습니다.","shops/gyeonggi/namyangju/와부읍/너무이쁜테라피/index.html || 남양주시 와부읍 지역의 너무이쁜테라피 이용 정보를 정리했습니다. 60분·90분 코스 구성과 60,000원부터 확인되는 가격대를 확인한 뒤 가격, 코스 구성, 영업시간과 문의 수단을 순서대로 확인할 수 있습니다."
"DESCRIPTION_TEMPLATE","596","업체상세","3","loc x 에서 x 이용 전 확인할 정보를 모았습니다 n n 부터 확인되는 가격 정보와 n n 코스 시간을 함께 살펴보고 이용 가능한 코스와 가격 영업시간 전화 문자 문의 정보를 확인할 수 있습니다","shops/seoul/gwanak-gu/신사동/마인드좋은테라피/index.html || 관악구 신사동에서 마인드좋은테라피 이용 전 확인할 정보를 모았습니다. 60,000원부터 확인되는 가격 정보와 60분·90분 코스 시간을 함께 살펴보고 이용 가능한 코스와 가격, 영업시간, 전화·문자 문의 정보를 확인할 수 있습니다.","shops/seoul/eunpyeong-gu/신사동/너무이쁜테라피/index.html || 은평구 신사동에서 너무이쁜테라피 이용 전 확인할 정보를 모았습니다. 60,000원부터 확인되는 가격 정보와 60분·90분 코스 시간을 함께 살펴보고 이용 가능한 코스와 가격, 영업시간, 전화·문자 문의 정보를 확인할 수 있습니다.","shops/gyeonggi/namyangju/와부읍/love테라피/index.html || 남양주시 와부읍에서 love테라피 이용 전 확인할 정보를 모았습니다. 70,000원부터 확인되는 가격 정보와 60분·90분 코스 시간을 함께 살펴보고 이용 가능한 코스와 가격, 영업시간, 전화·문자 문의 정보를 확인할 수 있습니다."
"DESCRIPTION_TEMPLATE","597","업체상세","3","x 관련 loc x 정보를 확인할 수 있습니다 n n 부터 확인되는 가격 정보와 n n 코스 시간을 함께 살펴보고 운영시간과 코스 구성 가격 연락 방법을 한 페이지에서 확인할 수 있습니다","shops/seoul/seodaemun-gu/남가좌동/한국미인테라피/index.html || 한국미인테라피 관련 서대문구 남가좌동 정보를 확인할 수 있습니다. 100,000원부터 확인되는 가격 정보와 60분·90분 코스 시간을 함께 살펴보고 운영시간과 코스 구성, 가격, 연락 방법을 한 페이지에서 확인할 수 있습니다.","shops/gyeonggi/gwacheon/문원동/love테라피/index.html || love테라피 관련 과천시 문원동 정보를 확인할 수 있습니다. 70,000원부터 확인되는 가격 정보와 60분·90분 코스 시간을 함께 살펴보고 운영시간과 코스 구성, 가격, 연락 방법을 한 페이지에서 확인할 수 있습니다.","shops/gyeonggi/yeoncheon/중면/너무이쁜테라피/index.html || 너무이쁜테라피 관련 연천군 중면 정보를 확인할 수 있습니다. 60,000원부터 확인되는 가격 정보와 60분·90분 코스 시간을 함께 살펴보고 운영시간과 코스 구성, 가격, 연락 방법을 한 페이지에서 확인할 수 있습니다."
"DESCRIPTION_TEMPLATE","598","업체상세","3","loc x 생활권에서 확인할 수 있는 x 정보를 담았습니다 n n 이용시간과 n n 부터 확인되는 가격 정보를 함께 확인하며 가격과 코스 구성 영업시간 및 연락 수단을 비교해 이용 전 참고할 수 있습니다","shops/seoul/gwanak-gu/신림동/너무이쁜테라피/index.html || 관악구 신림동 생활권에서 확인할 수 있는 너무이쁜테라피 정보를 담았습니다. 60분·90분 이용시간과 60,000원부터 확인되는 가격 정보를 함께 확인하며 가격과 코스 구성, 영업시간 및 연락 수단을 비교해 이용 전 참고할 수 있습니다.","shops/seoul/dobong-gu/도봉동/한국미인테라피/index.html || 도봉구 도봉동 생활권에서 확인할 수 있는 한국미인테라피 정보를 담았습니다. 60분·90분 이용시간과 100,000원부터 확인되는 가격 정보를 함께 확인하며 가격과 코스 구성, 영업시간 및 연락 수단을 비교해 이용 전 참고할 수 있습니다.","shops/gyeonggi/namyangju/진건읍/한국미인테라피/index.html || 남양주시 진건읍 생활권에서 확인할 수 있는 한국미인테라피 정보를 담았습니다. 60분·90분 이용시간과 100,000원부터 확인되는 가격 정보를 함께 확인하며 가격과 코스 구성, 영업시간 및 연락 수단을 비교해 이용 전 참고할 수 있습니다."
"DESCRIPTION_TEMPLATE","599","업체상세","3","x 이용 전 살펴볼 loc x 지역 정보를 한곳에 모았습니다 n n 부터 시작하는 가격과 n n 코스 정보를 바탕으로 코스별 시간과 가격 운영시간 전화 문자 문의 내용을 살펴볼 수 있습니다","shops/seoul/gwanak-gu/인헌동/너무이쁜테라피/index.html || 너무이쁜테라피 이용 전 살펴볼 관악구 인헌동 지역 정보를 한곳에 모았습니다. 60,000원부터 시작하는 가격과 60분·90분 코스 정보를 바탕으로 코스별 시간과 가격, 운영시간, 전화·문자 문의 내용을 살펴볼 수 있습니다.","shops/seoul/songpa-gu/방이동/love테라피/index.html || love테라피 이용 전 살펴볼 송파구 방이동 지역 정보를 한곳에 모았습니다. 70,000원부터 시작하는 가격과 60분·90분 코스 정보를 바탕으로 코스별 시간과 가격, 운영시간, 전화·문자 문의 내용을 살펴볼 수 있습니다.","shops/gyeonggi/hanam/덕풍동/너무이쁜테라피/index.html || 너무이쁜테라피 이용 전 살펴볼 하남시 덕풍동 지역 정보를 한곳에 모았습니다. 60,000원부터 시작하는 가격과 60분·90분 코스 정보를 바탕으로 코스별 시간과 가격, 운영시간, 전화·문자 문의 내용을 살펴볼 수 있습니다."
"DESCRIPTION_TEMPLATE","600","업체상세","3","x 관련 loc x 정보를 확인할 수 있습니다 n n 코스와 n n 부터 확인되는 가격 정보를 포함해 영업시간과 코스별 가격을 확인하고 전화나 문자로 세부 내용을 문의할 수 있습니다","shops/seoul/gwanak-gu/신원동/프리미엄테라피/index.html || 프리미엄테라피 관련 관악구 신원동 정보를 확인할 수 있습니다. 60분·90분 코스와 60,000원부터 확인되는 가격 정보를 포함해 영업시간과 코스별 가격을 확인하고 전화나 문자로 세부 내용을 문의할 수 있습니다.","shops/seoul/gwangjin-gu/중곡동/love테라피/index.html || love테라피 관련 광진구 중곡동 정보를 확인할 수 있습니다. 60분·90분 코스와 70,000원부터 확인되는 가격 정보를 포함해 영업시간과 코스별 가격을 확인하고 전화나 문자로 세부 내용을 문의할 수 있습니다.","shops/seoul/dongdaemun-gu/신설동/한국미인테라피/index.html || 한국미인테라피 관련 동대문구 신설동 정보를 확인할 수 있습니다. 60분·90분 코스와 100,000원부터 확인되는 가격 정보를 포함해 영업시간과 코스별 가격을 확인하고 전화나 문자로 세부 내용을 문의할 수 있습니다."
"DESCRIPTION_TEMPLATE","601","업체상세","3","loc x 생활권에서 확인할 수 있는 x 정보를 담았습니다 n n 이용시간과 n n 부터 확인되는 가격 정보를 함께 확인하며 코스별 이용시간과 가격 운영시간 및 연락 방법을 비교할 수 있습니다","shops/seoul/gwanak-gu/신원동/너무이쁜테라피/index.html || 관악구 신원동 생활권에서 확인할 수 있는 너무이쁜테라피 정보를 담았습니다. 60분·90분 이용시간과 60,000원부터 확인되는 가격 정보를 함께 확인하며 코스별 이용시간과 가격, 운영시간 및 연락 방법을 비교할 수 있습니다.","shops/seoul/jung-gu/명동/한국미인테라피/index.html || 중구 명동 생활권에서 확인할 수 있는 한국미인테라피 정보를 담았습니다. 60분·90분 이용시간과 100,000원부터 확인되는 가격 정보를 함께 확인하며 코스별 이용시간과 가격, 운영시간 및 연락 방법을 비교할 수 있습니다.","shops/other/daegu/dalseong-gun/옥포읍/대구테라피/index.html || 달성군 옥포읍 생활권에서 확인할 수 있는 대구테라피 정보를 담았습니다. 60분·90분 이용시간과 80,000원부터 확인되는 가격 정보를 함께 확인하며 코스별 이용시간과 가격, 운영시간 및 연락 방법을 비교할 수 있습니다."
"DESCRIPTION_TEMPLATE","602","업체상세","3","loc x 생활권에서 확인할 수 있는 x 정보를 담았습니다 n n 부터 확인되는 가격 정보와 n n 코스 시간을 함께 살펴보고 코스와 가격 영업시간 전화 문자 문의 방법을 함께 확인할 수 있습니다","shops/seoul/gangnam-gu/청담동/너무이쁜테라피/index.html || 강남구 청담동 생활권에서 확인할 수 있는 너무이쁜테라피 정보를 담았습니다. 60,000원부터 확인되는 가격 정보와 60분·90분 코스 시간을 함께 살펴보고 코스와 가격, 영업시간, 전화·문자 문의 방법을 함께 확인할 수 있습니다.","shops/seoul/gangbuk-gu/수유동/한국미인테라피/index.html || 강북구 수유동 생활권에서 확인할 수 있는 한국미인테라피 정보를 담았습니다. 100,000원부터 확인되는 가격 정보와 60분·90분 코스 시간을 함께 살펴보고 코스와 가격, 영업시간, 전화·문자 문의 방법을 함께 확인할 수 있습니다.","shops/gyeonggi/namyangju/금곡동/love테라피/index.html || 남양주시 금곡동 생활권에서 확인할 수 있는 love테라피 정보를 담았습니다. 70,000원부터 확인되는 가격 정보와 60분·90분 코스 시간을 함께 살펴보고 코스와 가격, 영업시간, 전화·문자 문의 방법을 함께 확인할 수 있습니다."
"DESCRIPTION_TEMPLATE","603","업체상세","3","loc x 에서 이용 가능한 x 정보를 보기 쉽게 정리했습니다 n n 시간 구성과 n n 부터 시작하는 가격을 확인하면서 이용 전 필요한 코스 가격 운영시간과 연락 정보를 한 번에 살펴볼 수 있습니다","shops/seoul/gangnam-gu/대치동/한국미인테라피/index.html || 강남구 대치동에서 이용 가능한 한국미인테라피 정보를 보기 쉽게 정리했습니다. 60분·90분 시간 구성과 100,000원부터 시작하는 가격을 확인하면서 이용 전 필요한 코스·가격·운영시간과 연락 정보를 한 번에 살펴볼 수 있습니다.","shops/seoul/yongsan-gu/용산2가동/love테라피/index.html || 용산구 용산2가동에서 이용 가능한 love테라피 정보를 보기 쉽게 정리했습니다. 60분·90분 시간 구성과 70,000원부터 시작하는 가격을 확인하면서 이용 전 필요한 코스·가격·운영시간과 연락 정보를 한 번에 살펴볼 수 있습니다.","shops/incheon/jemulpo-gu/동인천동/한국미인테라피/index.html || 제물포구 동인천동에서 이용 가능한 한국미인테라피 정보를 보기 쉽게 정리했습니다. 60분·90분 시간 구성과 100,000원부터 시작하는 가격을 확인하면서 이용 전 필요한 코스·가격·운영시간과 연락 정보를 한 번에 살펴볼 수 있습니다."
"DESCRIPTION_TEMPLATE","604","업체상세","3","loc x 에서 x 이용 전 확인할 정보를 모았습니다 n n 부터 확인되는 가격과 n n 코스 정보를 참고해 코스와 가격 영업시간 전화 문자 문의 방법을 함께 확인할 수 있습니다","shops/seoul/nowon-gu/월계동/너무이쁜테라피/index.html || 노원구 월계동에서 너무이쁜테라피 이용 전 확인할 정보를 모았습니다. 60,000원부터 확인되는 가격과 60분·90분 코스 정보를 참고해 코스와 가격, 영업시간, 전화·문자 문의 방법을 함께 확인할 수 있습니다.","shops/seoul/yangcheon-gu/신정동/너무이쁜테라피/index.html || 양천구 신정동에서 너무이쁜테라피 이용 전 확인할 정보를 모았습니다. 60,000원부터 확인되는 가격과 60분·90분 코스 정보를 참고해 코스와 가격, 영업시간, 전화·문자 문의 방법을 함께 확인할 수 있습니다.","shops/incheon/ganghwa-gun/강화읍/love테라피/index.html || 강화군 강화읍에서 love테라피 이용 전 확인할 정보를 모았습니다. 70,000원부터 확인되는 가격과 60분·90분 코스 정보를 참고해 코스와 가격, 영업시간, 전화·문자 문의 방법을 함께 확인할 수 있습니다."
"DESCRIPTION_TEMPLATE","605","업체상세","3","loc x 에서 x 이용 전 확인할 정보를 모았습니다 n n 부터 시작하는 가격과 n n 코스 정보를 바탕으로 코스와 가격 영업시간 전화 문자 문의 방법을 함께 확인할 수 있습니다","shops/seoul/dongdaemun-gu/답십리동/프리미엄테라피/index.html || 동대문구 답십리동에서 프리미엄테라피 이용 전 확인할 정보를 모았습니다. 60,000원부터 시작하는 가격과 60분·90분 코스 정보를 바탕으로 코스와 가격, 영업시간, 전화·문자 문의 방법을 함께 확인할 수 있습니다.","shops/seoul/seongbuk-gu/정릉동/너무이쁜테라피/index.html || 성북구 정릉동에서 너무이쁜테라피 이용 전 확인할 정보를 모았습니다. 60,000원부터 시작하는 가격과 60분·90분 코스 정보를 바탕으로 코스와 가격, 영업시간, 전화·문자 문의 방법을 함께 확인할 수 있습니다.","shops/gyeonggi/siheung/군자동/love테라피/index.html || 시흥시 군자동에서 love테라피 이용 전 확인할 정보를 모았습니다. 70,000원부터 시작하는 가격과 60분·90분 코스 정보를 바탕으로 코스와 가격, 영업시간, 전화·문자 문의 방법을 함께 확인할 수 있습니다."
"DESCRIPTION_TEMPLATE","606","업체상세","3","loc x 에서 x 이용 전 확인할 정보를 모았습니다 n n 코스와 n n 부터 확인되는 가격 정보를 포함해 코스 가격 영업시간과 전화 또는 문자 문의 방법을 확인할 수 있습니다","shops/seoul/songpa-gu/삼전동/한국미인테라피/index.html || 송파구 삼전동에서 한국미인테라피 이용 전 확인할 정보를 모았습니다. 60분·90분 코스와 100,000원부터 확인되는 가격 정보를 포함해 코스·가격·영업시간과 전화 또는 문자 문의 방법을 확인할 수 있습니다.","shops/seoul/jongno-gu/삼청동/love테라피/index.html || 종로구 삼청동에서 love테라피 이용 전 확인할 정보를 모았습니다. 60분·90분 코스와 70,000원부터 확인되는 가격 정보를 포함해 코스·가격·영업시간과 전화 또는 문자 문의 방법을 확인할 수 있습니다.","shops/gyeonggi/gwangju-gyeonggi/도척면/프리미엄테라피/index.html || 광주시 도척면에서 프리미엄테라피 이용 전 확인할 정보를 모았습니다. 60분·90분 코스와 60,000원부터 확인되는 가격 정보를 포함해 코스·가격·영업시간과 전화 또는 문자 문의 방법을 확인할 수 있습니다."
"DESCRIPTION_TEMPLATE","607","업체상세","3","loc x 에서 이용 가능한 x 정보를 보기 쉽게 정리했습니다 n n 코스와 n n 부터 확인되는 가격 정보를 포함해 코스별 시간과 가격 운영시간 전화 문자 문의 내용을 살펴볼 수 있습니다","shops/seoul/dobong-gu/쌍문동/한국미인테라피/index.html || 도봉구 쌍문동에서 이용 가능한 한국미인테라피 정보를 보기 쉽게 정리했습니다. 60분·90분 코스와 100,000원부터 확인되는 가격 정보를 포함해 코스별 시간과 가격, 운영시간, 전화·문자 문의 내용을 살펴볼 수 있습니다.","shops/incheon/ganghwa-gun/교동면/한국미인테라피/index.html || 강화군 교동면에서 이용 가능한 한국미인테라피 정보를 보기 쉽게 정리했습니다. 60분·90분 코스와 100,000원부터 확인되는 가격 정보를 포함해 코스별 시간과 가격, 운영시간, 전화·문자 문의 내용을 살펴볼 수 있습니다.","shops/incheon/ongjin-gun/연평면/너무이쁜테라피/index.html || 옹진군 연평면에서 이용 가능한 너무이쁜테라피 정보를 보기 쉽게 정리했습니다. 60분·90분 코스와 60,000원부터 확인되는 가격 정보를 포함해 코스별 시간과 가격, 운영시간, 전화·문자 문의 내용을 살펴볼 수 있습니다."
"DESCRIPTION_TEMPLATE","608","업체상세","3","loc x 에서 x 이용 전 확인할 정보를 모았습니다 n n 시간 구성과 n n 부터 시작하는 가격을 확인하면서 코스와 가격 영업시간 전화 문자 문의 방법을 함께 확인할 수 있습니다","shops/seoul/gangnam-gu/일원동/한국미인테라피/index.html || 강남구 일원동에서 한국미인테라피 이용 전 확인할 정보를 모았습니다. 60분·90분 시간 구성과 100,000원부터 시작하는 가격을 확인하면서 코스와 가격, 영업시간, 전화·문자 문의 방법을 함께 확인할 수 있습니다.","shops/seoul/seocho-gu/내곡동/love테라피/index.html || 서초구 내곡동에서 love테라피 이용 전 확인할 정보를 모았습니다. 60분·90분 시간 구성과 70,000원부터 시작하는 가격을 확인하면서 코스와 가격, 영업시간, 전화·문자 문의 방법을 함께 확인할 수 있습니다.","shops/other/cheongju/sangdang-gu/용암동/레드테라피/index.html || 상당구 용암동에서 레드테라피 이용 전 확인할 정보를 모았습니다. 60분·90분 시간 구성과 60,000원부터 시작하는 가격을 확인하면서 코스와 가격, 영업시간, 전화·문자 문의 방법을 함께 확인할 수 있습니다."
"DESCRIPTION_TEMPLATE","609","업체상세","3","loc x 에서 이용 가능한 x 정보를 보기 쉽게 정리했습니다 n n 부터 확인되는 가격 정보와 n n 코스 시간을 함께 살펴보고 가격 코스 구성 영업시간과 문의 수단을 순서대로 확인할 수 있습니다","shops/seoul/dongdaemun-gu/전농동/프리미엄테라피/index.html || 동대문구 전농동에서 이용 가능한 프리미엄테라피 정보를 보기 쉽게 정리했습니다. 60,000원부터 확인되는 가격 정보와 60분·90분 코스 시간을 함께 살펴보고 가격, 코스 구성, 영업시간과 문의 수단을 순서대로 확인할 수 있습니다.","shops/seoul/yongsan-gu/용문동/프리미엄테라피/index.html || 용산구 용문동에서 이용 가능한 프리미엄테라피 정보를 보기 쉽게 정리했습니다. 60,000원부터 확인되는 가격 정보와 60분·90분 코스 시간을 함께 살펴보고 가격, 코스 구성, 영업시간과 문의 수단을 순서대로 확인할 수 있습니다.","shops/incheon/jemulpo-gu/송현동/love테라피/index.html || 제물포구 송현동에서 이용 가능한 love테라피 정보를 보기 쉽게 정리했습니다. 70,000원부터 확인되는 가격 정보와 60분·90분 코스 시간을 함께 살펴보고 가격, 코스 구성, 영업시간과 문의 수단을 순서대로 확인할 수 있습니다."
"DESCRIPTION_TEMPLATE","610","업체상세","3","x 의 코스와 운영 정보를 loc x 기준으로 안내합니다 n n 코스와 n n 부터 확인되는 가격 정보를 포함해 코스와 가격 영업시간 전화 문자 문의 방법을 함께 확인할 수 있습니다","shops/seoul/dongdaemun-gu/전농동/love테라피/index.html || love테라피의 코스와 운영 정보를 동대문구 전농동 기준으로 안내합니다. 60분·90분 코스와 70,000원부터 확인되는 가격 정보를 포함해 코스와 가격, 영업시간, 전화·문자 문의 방법을 함께 확인할 수 있습니다.","shops/seoul/yongsan-gu/후암동/love테라피/index.html || love테라피의 코스와 운영 정보를 용산구 후암동 기준으로 안내합니다. 60분·90분 코스와 70,000원부터 확인되는 가격 정보를 포함해 코스와 가격, 영업시간, 전화·문자 문의 방법을 함께 확인할 수 있습니다.","shops/seoul/jung-gu/청구동/한국미인테라피/index.html || 한국미인테라피의 코스와 운영 정보를 중구 청구동 기준으로 안내합니다. 60분·90분 코스와 100,000원부터 확인되는 가격 정보를 포함해 코스와 가격, 영업시간, 전화·문자 문의 방법을 함께 확인할 수 있습니다."
"DESCRIPTION_TEMPLATE","611","업체상세","3","x 의 loc x 운영 정보와 문의 방법을 정리했습니다 n n 부터 시작하는 가격과 n n 코스 정보를 바탕으로 가격과 이용시간 연락 방법을 확인해 필요한 내용을 loc 비교할 수 있습니다","shops/seoul/dongdaemun-gu/청량리동/프리미엄테라피/index.html || 프리미엄테라피의 동대문구 청량리동 운영 정보와 문의 방법을 정리했습니다. 60,000원부터 시작하는 가격과 60분·90분 코스 정보를 바탕으로 가격과 이용시간, 연락 방법을 확인해 필요한 내용을 미리 비교할 수 있습니다.","shops/seoul/jongno-gu/청운효자동/너무이쁜테라피/index.html || 너무이쁜테라피의 종로구 청운효자동 운영 정보와 문의 방법을 정리했습니다. 60,000원부터 시작하는 가격과 60분·90분 코스 정보를 바탕으로 가격과 이용시간, 연락 방법을 확인해 필요한 내용을 미리 비교할 수 있습니다.","shops/incheon/ganghwa-gun/강화읍/너무이쁜테라피/index.html || 너무이쁜테라피의 강화군 강화읍 운영 정보와 문의 방법을 정리했습니다. 60,000원부터 시작하는 가격과 60분·90분 코스 정보를 바탕으로 가격과 이용시간, 연락 방법을 확인해 필요한 내용을 미리 비교할 수 있습니다."
"DESCRIPTION_TEMPLATE","612","업체상세","3","x 이용을 검토할 때 참고할 loc x 상세 정보입니다 n n 부터 시작하는 가격과 n n 코스 정보를 바탕으로 영업시간과 코스별 가격을 확인하고 전화나 문자로 세부 내용을 문의할 수 있습니다","shops/seoul/yeongdeungpo-gu/여의동/프리미엄테라피/index.html || 프리미엄테라피 이용을 검토할 때 참고할 영등포구 여의동 상세 정보입니다. 60,000원부터 시작하는 가격과 60분·90분 코스 정보를 바탕으로 영업시간과 코스별 가격을 확인하고 전화나 문자로 세부 내용을 문의할 수 있습니다.","shops/seoul/yongsan-gu/효창동/한국미인테라피/index.html || 한국미인테라피 이용을 검토할 때 참고할 용산구 효창동 상세 정보입니다. 100,000원부터 시작하는 가격과 60분·90분 코스 정보를 바탕으로 영업시간과 코스별 가격을 확인하고 전화나 문자로 세부 내용을 문의할 수 있습니다.","shops/other/daejeon/dong-gu/판암동/24시미녀테라피/index.html || 24시미녀테라피 이용을 검토할 때 참고할 동구 판암동 상세 정보입니다. 70,000원부터 시작하는 가격과 60분·90분 코스 정보를 바탕으로 영업시간과 코스별 가격을 확인하고 전화나 문자로 세부 내용을 문의할 수 있습니다."
"DESCRIPTION_TEMPLATE","613","업체상세","3","x 이용을 검토할 때 참고할 loc x 상세 정보입니다 n n 부터 확인되는 가격과 n n 코스 정보를 참고해 코스별 이용시간과 가격 운영시간 및 연락 방법을 비교할 수 있습니다","shops/seoul/gangdong-gu/고덕동/love테라피/index.html || love테라피 이용을 검토할 때 참고할 강동구 고덕동 상세 정보입니다. 70,000원부터 확인되는 가격과 60분·90분 코스 정보를 참고해 코스별 이용시간과 가격, 운영시간 및 연락 방법을 비교할 수 있습니다.","shops/seoul/seongbuk-gu/장위동/너무이쁜테라피/index.html || 너무이쁜테라피 이용을 검토할 때 참고할 성북구 장위동 상세 정보입니다. 60,000원부터 확인되는 가격과 60분·90분 코스 정보를 참고해 코스별 이용시간과 가격, 운영시간 및 연락 방법을 비교할 수 있습니다.","shops/gyeonggi/namyangju/별내면/한국미인테라피/index.html || 한국미인테라피 이용을 검토할 때 참고할 남양주시 별내면 상세 정보입니다. 100,000원부터 확인되는 가격과 60분·90분 코스 정보를 참고해 코스별 이용시간과 가격, 운영시간 및 연락 방법을 비교할 수 있습니다."
"DESCRIPTION_TEMPLATE","614","업체상세","3","x 이용을 검토할 때 참고할 loc x 상세 정보입니다 n n 시간 구성과 n n 부터 시작하는 가격을 확인하면서 운영시간과 코스 구성 가격 연락 방법을 한 페이지에서 확인할 수 있습니다","shops/seoul/gangnam-gu/개포동/너무이쁜테라피/index.html || 너무이쁜테라피 이용을 검토할 때 참고할 강남구 개포동 상세 정보입니다. 60분·90분 시간 구성과 60,000원부터 시작하는 가격을 확인하면서 운영시간과 코스 구성, 가격, 연락 방법을 한 페이지에서 확인할 수 있습니다.","shops/incheon/geomdan-gu/불로대곡동/love테라피/index.html || love테라피 이용을 검토할 때 참고할 검단구 불로대곡동 상세 정보입니다. 60분·90분 시간 구성과 70,000원부터 시작하는 가격을 확인하면서 운영시간과 코스 구성, 가격, 연락 방법을 한 페이지에서 확인할 수 있습니다.","shops/incheon/michuhol-gu/용현동/love테라피/index.html || love테라피 이용을 검토할 때 참고할 미추홀구 용현동 상세 정보입니다. 60분·90분 시간 구성과 70,000원부터 시작하는 가격을 확인하면서 운영시간과 코스 구성, 가격, 연락 방법을 한 페이지에서 확인할 수 있습니다."
"DESCRIPTION_TEMPLATE","615","업체상세","3","x 관련 loc x 정보를 확인할 수 있습니다 n n 코스 구성과 n n 부터 확인되는 가격대를 확인한 뒤 코스와 가격 영업시간 전화 문자 문의 방법을 함께 확인할 수 있습니다","shops/seoul/gangdong-gu/길동/프리미엄테라피/index.html || 프리미엄테라피 관련 강동구 길동 정보를 확인할 수 있습니다. 60분·90분 코스 구성과 60,000원부터 확인되는 가격대를 확인한 뒤 코스와 가격, 영업시간, 전화·문자 문의 방법을 함께 확인할 수 있습니다.","shops/seoul/mapo-gu/서강동/한국미인테라피/index.html || 한국미인테라피 관련 마포구 서강동 정보를 확인할 수 있습니다. 60분·90분 코스 구성과 100,000원부터 확인되는 가격대를 확인한 뒤 코스와 가격, 영업시간, 전화·문자 문의 방법을 함께 확인할 수 있습니다.","shops/gyeonggi/yangju/양주동/한국미인테라피/index.html || 한국미인테라피 관련 양주시 양주동 정보를 확인할 수 있습니다. 60분·90분 코스 구성과 100,000원부터 확인되는 가격대를 확인한 뒤 코스와 가격, 영업시간, 전화·문자 문의 방법을 함께 확인할 수 있습니다."
"DESCRIPTION_TEMPLATE","616","업체상세","3","x 이용 전 살펴볼 loc x 지역 정보를 한곳에 모았습니다 n n 코스 구성과 n n 부터 확인되는 가격대를 확인한 뒤 코스별 시간과 가격 운영시간 전화 문자 문의 내용을 살펴볼 수 있습니다","shops/seoul/nowon-gu/월계동/한국미인테라피/index.html || 한국미인테라피 이용 전 살펴볼 노원구 월계동 지역 정보를 한곳에 모았습니다. 60분·90분 코스 구성과 100,000원부터 확인되는 가격대를 확인한 뒤 코스별 시간과 가격, 운영시간, 전화·문자 문의 내용을 살펴볼 수 있습니다.","shops/seoul/jongno-gu/6가동/한국미인테라피/index.html || 한국미인테라피 이용 전 살펴볼 종로구 6가동 지역 정보를 한곳에 모았습니다. 60분·90분 코스 구성과 100,000원부터 확인되는 가격대를 확인한 뒤 코스별 시간과 가격, 운영시간, 전화·문자 문의 내용을 살펴볼 수 있습니다.","shops/incheon/jemulpo-gu/개항동/너무이쁜테라피/index.html || 너무이쁜테라피 이용 전 살펴볼 제물포구 개항동 지역 정보를 한곳에 모았습니다. 60분·90분 코스 구성과 60,000원부터 확인되는 가격대를 확인한 뒤 코스별 시간과 가격, 운영시간, 전화·문자 문의 내용을 살펴볼 수 있습니다."
"DESCRIPTION_TEMPLATE","617","업체상세","3","x 의 loc x 운영 정보와 문의 방법을 정리했습니다 n n 코스와 n n 부터 확인되는 가격 정보를 포함해 코스별 이용시간과 가격 운영시간 및 연락 방법을 비교할 수 있습니다","shops/seoul/gangdong-gu/고덕동/너무이쁜테라피/index.html || 너무이쁜테라피의 강동구 고덕동 운영 정보와 문의 방법을 정리했습니다. 60분·90분 코스와 60,000원부터 확인되는 가격 정보를 포함해 코스별 이용시간과 가격, 운영시간 및 연락 방법을 비교할 수 있습니다.","shops/seoul/dobong-gu/방학동/한국미인테라피/index.html || 한국미인테라피의 도봉구 방학동 운영 정보와 문의 방법을 정리했습니다. 60분·90분 코스와 100,000원부터 확인되는 가격 정보를 포함해 코스별 이용시간과 가격, 운영시간 및 연락 방법을 비교할 수 있습니다.","shops/other/changwon/masanhoewon-gu/회성동/경남테라피/index.html || 경남테라피의 마산회원구 회성동 운영 정보와 문의 방법을 정리했습니다. 60분·90분 코스와 60,000원부터 확인되는 가격 정보를 포함해 코스별 이용시간과 가격, 운영시간 및 연락 방법을 비교할 수 있습니다."
"DESCRIPTION_TEMPLATE","618","업체상세","3","x 이용 전 살펴볼 loc x 지역 정보를 한곳에 모았습니다 n n 시간 구성과 n n 부터 시작하는 가격을 확인하면서 이용 가능한 코스와 가격 영업시간 전화 문자 문의 정보를 확인할 수 있습니다","shops/seoul/gangdong-gu/강일동/프리미엄테라피/index.html || 프리미엄테라피 이용 전 살펴볼 강동구 강일동 지역 정보를 한곳에 모았습니다. 60분·90분 시간 구성과 60,000원부터 시작하는 가격을 확인하면서 이용 가능한 코스와 가격, 영업시간, 전화·문자 문의 정보를 확인할 수 있습니다.","shops/seoul/gwanak-gu/미성동/한국미인테라피/index.html || 한국미인테라피 이용 전 살펴볼 관악구 미성동 지역 정보를 한곳에 모았습니다. 60분·90분 시간 구성과 100,000원부터 시작하는 가격을 확인하면서 이용 가능한 코스와 가격, 영업시간, 전화·문자 문의 정보를 확인할 수 있습니다.","shops/gyeonggi/osan/신장동/love테라피/index.html || love테라피 이용 전 살펴볼 오산시 신장동 지역 정보를 한곳에 모았습니다. 60분·90분 시간 구성과 70,000원부터 시작하는 가격을 확인하면서 이용 가능한 코스와 가격, 영업시간, 전화·문자 문의 정보를 확인할 수 있습니다."
"DESCRIPTION_TEMPLATE","619","업체상세","3","x 관련 loc x 정보를 확인할 수 있습니다 n n 부터 시작하는 가격과 n n 코스 정보를 바탕으로 코스별 시간과 가격 운영시간 전화 문자 문의 내용을 살펴볼 수 있습니다","shops/seoul/gangnam-gu/개포동/프리미엄테라피/index.html || 프리미엄테라피 관련 강남구 개포동 정보를 확인할 수 있습니다. 60,000원부터 시작하는 가격과 60분·90분 코스 정보를 바탕으로 코스별 시간과 가격, 운영시간, 전화·문자 문의 내용을 살펴볼 수 있습니다.","shops/seoul/gwanak-gu/보라매동/프리미엄테라피/index.html || 프리미엄테라피 관련 관악구 보라매동 정보를 확인할 수 있습니다. 60,000원부터 시작하는 가격과 60분·90분 코스 정보를 바탕으로 코스별 시간과 가격, 운영시간, 전화·문자 문의 내용을 살펴볼 수 있습니다.","shops/gyeonggi/pyeongtaek/고덕동/너무이쁜테라피/index.html || 너무이쁜테라피 관련 평택시 고덕동 정보를 확인할 수 있습니다. 60,000원부터 시작하는 가격과 60분·90분 코스 정보를 바탕으로 코스별 시간과 가격, 운영시간, 전화·문자 문의 내용을 살펴볼 수 있습니다."
"DESCRIPTION_TEMPLATE","620","업체상세","3","x 이용 전 살펴볼 loc x 지역 정보를 한곳에 모았습니다 n n 부터 확인되는 가격과 n n 코스 정보를 참고해 운영시간과 코스 구성 가격 연락 방법을 한 페이지에서 확인할 수 있습니다","shops/seoul/songpa-gu/장지동/프리미엄테라피/index.html || 프리미엄테라피 이용 전 살펴볼 송파구 장지동 지역 정보를 한곳에 모았습니다. 60,000원부터 확인되는 가격과 60분·90분 코스 정보를 참고해 운영시간과 코스 구성, 가격, 연락 방법을 한 페이지에서 확인할 수 있습니다.","shops/seoul/eunpyeong-gu/갈현동/love테라피/index.html || love테라피 이용 전 살펴볼 은평구 갈현동 지역 정보를 한곳에 모았습니다. 70,000원부터 확인되는 가격과 60분·90분 코스 정보를 참고해 운영시간과 코스 구성, 가격, 연락 방법을 한 페이지에서 확인할 수 있습니다.","shops/seoul/jongno-gu/가회동/한국미인테라피/index.html || 한국미인테라피 이용 전 살펴볼 종로구 가회동 지역 정보를 한곳에 모았습니다. 100,000원부터 확인되는 가격과 60분·90분 코스 정보를 참고해 운영시간과 코스 구성, 가격, 연락 방법을 한 페이지에서 확인할 수 있습니다."
"DESCRIPTION_TEMPLATE","621","업체상세","3","loc x 에서 x 이용 전 확인할 정보를 모았습니다 n n 부터 확인되는 가격 정보와 n n 코스 시간을 함께 살펴보고 운영시간과 코스 구성 가격 연락 방법을 한 페이지에서 확인할 수 있습니다","shops/seoul/gangnam-gu/대치동/프리미엄테라피/index.html || 강남구 대치동에서 프리미엄테라피 이용 전 확인할 정보를 모았습니다. 60,000원부터 확인되는 가격 정보와 60분·90분 코스 시간을 함께 살펴보고 운영시간과 코스 구성, 가격, 연락 방법을 한 페이지에서 확인할 수 있습니다.","shops/seoul/gwanak-gu/성현동/너무이쁜테라피/index.html || 관악구 성현동에서 너무이쁜테라피 이용 전 확인할 정보를 모았습니다. 60,000원부터 확인되는 가격 정보와 60분·90분 코스 시간을 함께 살펴보고 운영시간과 코스 구성, 가격, 연락 방법을 한 페이지에서 확인할 수 있습니다.","shops/incheon/namdong-gu/구월동/프리미엄테라피/index.html || 남동구 구월동에서 프리미엄테라피 이용 전 확인할 정보를 모았습니다. 60,000원부터 확인되는 가격 정보와 60분·90분 코스 시간을 함께 살펴보고 운영시간과 코스 구성, 가격, 연락 방법을 한 페이지에서 확인할 수 있습니다."
"DESCRIPTION_TEMPLATE","622","업체상세","3","loc x 에서 이용 가능한 x 정보를 보기 쉽게 정리했습니다 n n 부터 확인되는 가격 정보와 n n 코스 시간을 함께 살펴보고 영업시간과 코스별 가격을 확인하고 전화나 문자로 세부 내용을 문의할 수 있습니다","shops/seoul/gangnam-gu/수서동/프리미엄테라피/index.html || 강남구 수서동에서 이용 가능한 프리미엄테라피 정보를 보기 쉽게 정리했습니다. 60,000원부터 확인되는 가격 정보와 60분·90분 코스 시간을 함께 살펴보고 영업시간과 코스별 가격을 확인하고 전화나 문자로 세부 내용을 문의할 수 있습니다.","shops/seoul/dongdaemun-gu/제기동/너무이쁜테라피/index.html || 동대문구 제기동에서 이용 가능한 너무이쁜테라피 정보를 보기 쉽게 정리했습니다. 60,000원부터 확인되는 가격 정보와 60분·90분 코스 시간을 함께 살펴보고 영업시간과 코스별 가격을 확인하고 전화나 문자로 세부 내용을 문의할 수 있습니다.","shops/gyeonggi/yeoncheon/군남면/love테라피/index.html || 연천군 군남면에서 이용 가능한 love테라피 정보를 보기 쉽게 정리했습니다. 70,000원부터 확인되는 가격 정보와 60분·90분 코스 시간을 함께 살펴보고 영업시간과 코스별 가격을 확인하고 전화나 문자로 세부 내용을 문의할 수 있습니다."
"DESCRIPTION_TEMPLATE","623","업체상세","3","loc x 에서 이용 가능한 x 정보를 보기 쉽게 정리했습니다 n n 코스와 n n 부터 코스와 가격 영업시간 전화 문자 문의 방법을 함께 확인할 수 있습니다","shops/seoul/songpa-gu/잠실동/love테라피/index.html || 송파구 잠실동에서 이용 가능한 love테라피 정보를 보기 쉽게 정리했습니다. 60분·90분 코스와 70,000원부터 코스와 가격, 영업시간, 전화·문자 문의 방법을 함께 확인할 수 있습니다.","shops/seoul/yongsan-gu/이태원동/프리미엄테라피/index.html || 용산구 이태원동에서 이용 가능한 프리미엄테라피 정보를 보기 쉽게 정리했습니다. 60분·90분 코스와 60,000원부터 코스와 가격, 영업시간, 전화·문자 문의 방법을 함께 확인할 수 있습니다.","shops/gyeonggi/guri/교문동/love테라피/index.html || 구리시 교문동에서 이용 가능한 love테라피 정보를 보기 쉽게 정리했습니다. 60분·90분 코스와 70,000원부터 코스와 가격, 영업시간, 전화·문자 문의 방법을 함께 확인할 수 있습니다."
"DESCRIPTION_TEMPLATE","624","업체상세","3","loc x 지역의 x 이용 정보를 정리했습니다 n n 부터 시작하는 가격과 n n 코스 정보를 바탕으로 가격과 이용시간 연락 방법을 확인해 필요한 내용을 loc 비교할 수 있습니다","shops/seoul/dongdaemun-gu/용두동/너무이쁜테라피/index.html || 동대문구 용두동 지역의 너무이쁜테라피 이용 정보를 정리했습니다. 60,000원부터 시작하는 가격과 60분·90분 코스 정보를 바탕으로 가격과 이용시간, 연락 방법을 확인해 필요한 내용을 미리 비교할 수 있습니다.","shops/gyeonggi/uijeongbu/녹양동/한국미인테라피/index.html || 의정부시 녹양동 지역의 한국미인테라피 이용 정보를 정리했습니다. 100,000원부터 시작하는 가격과 60분·90분 코스 정보를 바탕으로 가격과 이용시간, 연락 방법을 확인해 필요한 내용을 미리 비교할 수 있습니다.","shops/other/changwon/masanhoewon-gu/내서읍/경남테라피/index.html || 마산회원구 내서읍 지역의 경남테라피 이용 정보를 정리했습니다. 60,000원부터 시작하는 가격과 60분·90분 코스 정보를 바탕으로 가격과 이용시간, 연락 방법을 확인해 필요한 내용을 미리 비교할 수 있습니다."
"DESCRIPTION_TEMPLATE","625","업체상세","3","loc x 에서 x 이용 전 확인할 정보를 모았습니다 n n 부터 확인되는 가격 정보와 n n 코스 시간을 함께 살펴보고 코스 가격 영업시간과 전화 또는 문자 문의 방법을 확인할 수 있습니다","shops/seoul/gangnam-gu/신사동/한국미인테라피/index.html || 강남구 신사동에서 한국미인테라피 이용 전 확인할 정보를 모았습니다. 100,000원부터 확인되는 가격 정보와 60분·90분 코스 시간을 함께 살펴보고 코스·가격·영업시간과 전화 또는 문자 문의 방법을 확인할 수 있습니다.","shops/seoul/gangdong-gu/길동/한국미인테라피/index.html || 강동구 길동에서 한국미인테라피 이용 전 확인할 정보를 모았습니다. 100,000원부터 확인되는 가격 정보와 60분·90분 코스 시간을 함께 살펴보고 코스·가격·영업시간과 전화 또는 문자 문의 방법을 확인할 수 있습니다.","shops/gyeonggi/pyeongtaek/고덕동/love테라피/index.html || 평택시 고덕동에서 love테라피 이용 전 확인할 정보를 모았습니다. 70,000원부터 확인되는 가격 정보와 60분·90분 코스 시간을 함께 살펴보고 코스·가격·영업시간과 전화 또는 문자 문의 방법을 확인할 수 있습니다."
"DESCRIPTION_TEMPLATE","626","업체상세","3","x 이용을 검토할 때 참고할 loc x 상세 정보입니다 n n 이용시간과 n n 부터 확인되는 가격 정보를 함께 확인하며 코스별 이용시간과 가격 운영시간 및 연락 방법을 비교할 수 있습니다","shops/seoul/yangcheon-gu/신월동/한국미인테라피/index.html || 한국미인테라피 이용을 검토할 때 참고할 양천구 신월동 상세 정보입니다. 60분·90분 이용시간과 100,000원부터 확인되는 가격 정보를 함께 확인하며 코스별 이용시간과 가격, 운영시간 및 연락 방법을 비교할 수 있습니다.","shops/gyeonggi/pyeongtaek/동삭동/love테라피/index.html || love테라피 이용을 검토할 때 참고할 평택시 동삭동 상세 정보입니다. 60분·90분 이용시간과 70,000원부터 확인되는 가격 정보를 함께 확인하며 코스별 이용시간과 가격, 운영시간 및 연락 방법을 비교할 수 있습니다.","shops/gyeonggi/pocheon/소흘읍/너무이쁜테라피/index.html || 너무이쁜테라피 이용을 검토할 때 참고할 포천시 소흘읍 상세 정보입니다. 60분·90분 이용시간과 60,000원부터 확인되는 가격 정보를 함께 확인하며 코스별 이용시간과 가격, 운영시간 및 연락 방법을 비교할 수 있습니다."
"DESCRIPTION_TEMPLATE","627","업체상세","3","x 이용을 검토할 때 참고할 loc x 상세 정보입니다 n n 부터 확인되는 가격 정보와 n n 코스 시간을 함께 살펴보고 코스별 시간과 가격 운영시간 전화 문자 문의 내용을 살펴볼 수 있습니다","shops/seoul/nowon-gu/하계동/너무이쁜테라피/index.html || 너무이쁜테라피 이용을 검토할 때 참고할 노원구 하계동 상세 정보입니다. 60,000원부터 확인되는 가격 정보와 60분·90분 코스 시간을 함께 살펴보고 코스별 시간과 가격, 운영시간, 전화·문자 문의 내용을 살펴볼 수 있습니다.","shops/incheon/namdong-gu/남촌도림동/프리미엄테라피/index.html || 프리미엄테라피 이용을 검토할 때 참고할 남동구 남촌도림동 상세 정보입니다. 60,000원부터 확인되는 가격 정보와 60분·90분 코스 시간을 함께 살펴보고 코스별 시간과 가격, 운영시간, 전화·문자 문의 내용을 살펴볼 수 있습니다.","shops/other/jeonju/wansan-gu/풍남동/상큼테라피/index.html || 상큼테라피 이용을 검토할 때 참고할 완산구 풍남동 상세 정보입니다. 70,000원부터 확인되는 가격 정보와 60분·90분 코스 시간을 함께 살펴보고 코스별 시간과 가격, 운영시간, 전화·문자 문의 내용을 살펴볼 수 있습니다."
"DESCRIPTION_TEMPLATE","628","업체상세","3","loc x 에서 이용 가능한 x 정보를 보기 쉽게 정리했습니다 n n 코스와 n n 부터 확인되는 가격 정보를 포함해 가격과 코스 구성 영업시간 및 연락 수단을 비교해 이용 전 참고할 수 있습니다","shops/seoul/songpa-gu/장지동/love테라피/index.html || 송파구 장지동에서 이용 가능한 love테라피 정보를 보기 쉽게 정리했습니다. 60분·90분 코스와 70,000원부터 확인되는 가격 정보를 포함해 가격과 코스 구성, 영업시간 및 연락 수단을 비교해 이용 전 참고할 수 있습니다.","shops/gyeonggi/anseong/서운면/너무이쁜테라피/index.html || 안성시 서운면에서 이용 가능한 너무이쁜테라피 정보를 보기 쉽게 정리했습니다. 60분·90분 코스와 60,000원부터 확인되는 가격 정보를 포함해 가격과 코스 구성, 영업시간 및 연락 수단을 비교해 이용 전 참고할 수 있습니다.","shops/gyeonggi/icheon/율면/love테라피/index.html || 이천시 율면에서 이용 가능한 love테라피 정보를 보기 쉽게 정리했습니다. 60분·90분 코스와 70,000원부터 확인되는 가격 정보를 포함해 가격과 코스 구성, 영업시간 및 연락 수단을 비교해 이용 전 참고할 수 있습니다."
"DESCRIPTION_TEMPLATE","629","업체상세","3","loc x 지역의 x 이용 정보를 정리했습니다 n n 코스와 n n 부터 확인되는 가격 정보를 포함해 가격과 코스 구성 영업시간 및 연락 수단을 비교해 이용 전 참고할 수 있습니다","shops/seoul/gangnam-gu/수서동/한국미인테라피/index.html || 강남구 수서동 지역의 한국미인테라피 이용 정보를 정리했습니다. 60분·90분 코스와 100,000원부터 확인되는 가격 정보를 포함해 가격과 코스 구성, 영업시간 및 연락 수단을 비교해 이용 전 참고할 수 있습니다.","shops/incheon/seohae-gu/청라동/love테라피/index.html || 서해구 청라동 지역의 love테라피 이용 정보를 정리했습니다. 60분·90분 코스와 70,000원부터 확인되는 가격 정보를 포함해 가격과 코스 구성, 영업시간 및 연락 수단을 비교해 이용 전 참고할 수 있습니다.","shops/other/changwon/masanhoewon-gu/합성동/경남테라피/index.html || 마산회원구 합성동 지역의 경남테라피 이용 정보를 정리했습니다. 60분·90분 코스와 60,000원부터 확인되는 가격 정보를 포함해 가격과 코스 구성, 영업시간 및 연락 수단을 비교해 이용 전 참고할 수 있습니다."
"DESCRIPTION_TEMPLATE","630","업체상세","3","loc x 기준으로 x 운영 정보를 정리했습니다 n n 코스와 n n 부터 운영시간과 코스 구성 가격 연락 방법을 한 페이지에서 확인할 수 있습니다","shops/seoul/gangnam-gu/세곡동/love테라피/index.html || 강남구 세곡동 기준으로 love테라피 운영 정보를 정리했습니다. 60분·90분 코스와 70,000원부터 운영시간과 코스 구성, 가격, 연락 방법을 한 페이지에서 확인할 수 있습니다.","shops/seoul/yongsan-gu/용문동/너무이쁜테라피/index.html || 용산구 용문동 기준으로 너무이쁜테라피 운영 정보를 정리했습니다. 60분·90분 코스와 60,000원부터 운영시간과 코스 구성, 가격, 연락 방법을 한 페이지에서 확인할 수 있습니다.","shops/other/jeonju/deokjin-gu/인후동/다온테라피/index.html || 덕진구 인후동 기준으로 다온테라피 운영 정보를 정리했습니다. 60분·90분 코스와 60,000원부터 운영시간과 코스 구성, 가격, 연락 방법을 한 페이지에서 확인할 수 있습니다."
"DESCRIPTION_TEMPLATE","631","업체상세","3","loc x 생활권에서 확인할 수 있는 x 정보를 담았습니다 n n 코스와 n n 부터 확인되는 가격 정보를 포함해 운영시간과 코스 구성 가격 연락 방법을 한 페이지에서 확인할 수 있습니다","shops/seoul/songpa-gu/오륜동/너무이쁜테라피/index.html || 송파구 오륜동 생활권에서 확인할 수 있는 너무이쁜테라피 정보를 담았습니다. 60분·90분 코스와 60,000원부터 확인되는 가격 정보를 포함해 운영시간과 코스 구성, 가격, 연락 방법을 한 페이지에서 확인할 수 있습니다.","shops/gyeonggi/namyangju/별내면/love테라피/index.html || 남양주시 별내면 생활권에서 확인할 수 있는 love테라피 정보를 담았습니다. 60분·90분 코스와 70,000원부터 확인되는 가격 정보를 포함해 운영시간과 코스 구성, 가격, 연락 방법을 한 페이지에서 확인할 수 있습니다.","shops/gyeonggi/pocheon/관인면/너무이쁜테라피/index.html || 포천시 관인면 생활권에서 확인할 수 있는 너무이쁜테라피 정보를 담았습니다. 60분·90분 코스와 60,000원부터 확인되는 가격 정보를 포함해 운영시간과 코스 구성, 가격, 연락 방법을 한 페이지에서 확인할 수 있습니다."
"DESCRIPTION_TEMPLATE","632","업체상세","3","x 이용 전 살펴볼 loc x 지역 정보를 한곳에 모았습니다 n n 부터 확인되는 가격 정보와 n n 코스 시간을 함께 살펴보고 이용 전 필요한 코스 가격 운영시간과 연락 정보를 한 번에 살펴볼 수 있습니다","shops/seoul/dongdaemun-gu/장안동/너무이쁜테라피/index.html || 너무이쁜테라피 이용 전 살펴볼 동대문구 장안동 지역 정보를 한곳에 모았습니다. 60,000원부터 확인되는 가격 정보와 60분·90분 코스 시간을 함께 살펴보고 이용 전 필요한 코스·가격·운영시간과 연락 정보를 한 번에 살펴볼 수 있습니다.","shops/seoul/mapo-gu/아현동/love테라피/index.html || love테라피 이용 전 살펴볼 마포구 아현동 지역 정보를 한곳에 모았습니다. 70,000원부터 확인되는 가격 정보와 60분·90분 코스 시간을 함께 살펴보고 이용 전 필요한 코스·가격·운영시간과 연락 정보를 한 번에 살펴볼 수 있습니다.","shops/other/daejeon/yuseong-gu/상대동/S썸바디테라피/index.html || S썸바디테라피 이용 전 살펴볼 유성구 상대동 지역 정보를 한곳에 모았습니다. 50,000원부터 확인되는 가격 정보와 60분·90분 코스 시간을 함께 살펴보고 이용 전 필요한 코스·가격·운영시간과 연락 정보를 한 번에 살펴볼 수 있습니다."
"DESCRIPTION_TEMPLATE","633","업체상세","3","loc x 생활권에서 확인할 수 있는 x 정보를 담았습니다 n n 코스와 n n 부터 코스 가격 영업시간과 전화 또는 문자 문의 방법을 확인할 수 있습니다","shops/seoul/dongdaemun-gu/이문동/프리미엄테라피/index.html || 동대문구 이문동 생활권에서 확인할 수 있는 프리미엄테라피 정보를 담았습니다. 60분·90분 코스와 60,000원부터 코스·가격·영업시간과 전화 또는 문자 문의 방법을 확인할 수 있습니다.","shops/seoul/yeongdeungpo-gu/신길동/한국미인테라피/index.html || 영등포구 신길동 생활권에서 확인할 수 있는 한국미인테라피 정보를 담았습니다. 60분·90분 코스와 100,000원부터 코스·가격·영업시간과 전화 또는 문자 문의 방법을 확인할 수 있습니다.","shops/incheon/geomdan-gu/아라동/한국미인테라피/index.html || 검단구 아라동 생활권에서 확인할 수 있는 한국미인테라피 정보를 담았습니다. 60분·90분 코스와 100,000원부터 코스·가격·영업시간과 전화 또는 문자 문의 방법을 확인할 수 있습니다."
"DESCRIPTION_TEMPLATE","634","업체상세","3","x 의 코스와 운영 정보를 loc x 기준으로 안내합니다 n n 부터 확인되는 가격과 n n 코스 정보를 참고해 운영시간과 코스 구성 가격 연락 방법을 한 페이지에서 확인할 수 있습니다","shops/seoul/gangnam-gu/도곡동/프리미엄테라피/index.html || 프리미엄테라피의 코스와 운영 정보를 강남구 도곡동 기준으로 안내합니다. 60,000원부터 확인되는 가격과 60분·90분 코스 정보를 참고해 운영시간과 코스 구성, 가격, 연락 방법을 한 페이지에서 확인할 수 있습니다.","shops/seoul/seocho-gu/방배본동/love테라피/index.html || love테라피의 코스와 운영 정보를 서초구 방배본동 기준으로 안내합니다. 70,000원부터 확인되는 가격과 60분·90분 코스 정보를 참고해 운영시간과 코스 구성, 가격, 연락 방법을 한 페이지에서 확인할 수 있습니다.","shops/gyeonggi/osan/세마동/너무이쁜테라피/index.html || 너무이쁜테라피의 코스와 운영 정보를 오산시 세마동 기준으로 안내합니다. 60,000원부터 확인되는 가격과 60분·90분 코스 정보를 참고해 운영시간과 코스 구성, 가격, 연락 방법을 한 페이지에서 확인할 수 있습니다."
"DESCRIPTION_TEMPLATE","635","업체상세","3","x 의 코스와 운영 정보를 loc x 기준으로 안내합니다 n n 부터 확인되는 가격과 n n 코스 정보를 참고해 이용 전 필요한 코스 가격 운영시간과 연락 정보를 한 번에 살펴볼 수 있습니다","shops/seoul/gangnam-gu/세곡동/한국미인테라피/index.html || 한국미인테라피의 코스와 운영 정보를 강남구 세곡동 기준으로 안내합니다. 100,000원부터 확인되는 가격과 60분·90분 코스 정보를 참고해 이용 전 필요한 코스·가격·운영시간과 연락 정보를 한 번에 살펴볼 수 있습니다.","shops/incheon/namdong-gu/논현동/프리미엄테라피/index.html || 프리미엄테라피의 코스와 운영 정보를 남동구 논현동 기준으로 안내합니다. 60,000원부터 확인되는 가격과 60분·90분 코스 정보를 참고해 이용 전 필요한 코스·가격·운영시간과 연락 정보를 한 번에 살펴볼 수 있습니다.","shops/incheon/ongjin-gun/덕적면/한국미인테라피/index.html || 한국미인테라피의 코스와 운영 정보를 옹진군 덕적면 기준으로 안내합니다. 100,000원부터 확인되는 가격과 60분·90분 코스 정보를 참고해 이용 전 필요한 코스·가격·운영시간과 연락 정보를 한 번에 살펴볼 수 있습니다."
"DESCRIPTION_TEMPLATE","636","업체상세","3","loc x 기준 x 의 코스와 이용 정보를 확인할 수 있습니다 n n 부터 확인되는 가격과 n n 코스 정보를 참고해 운영시간과 코스 구성 가격 연락 방법을 한 페이지에서 확인할 수 있습니다","shops/seoul/gangnam-gu/압구정동/너무이쁜테라피/index.html || 강남구 압구정동 기준 너무이쁜테라피의 코스와 이용 정보를 확인할 수 있습니다. 60,000원부터 확인되는 가격과 60분·90분 코스 정보를 참고해 운영시간과 코스 구성, 가격, 연락 방법을 한 페이지에서 확인할 수 있습니다.","shops/seoul/seocho-gu/방배동/한국미인테라피/index.html || 서초구 방배동 기준 한국미인테라피의 코스와 이용 정보를 확인할 수 있습니다. 100,000원부터 확인되는 가격과 60분·90분 코스 정보를 참고해 운영시간과 코스 구성, 가격, 연락 방법을 한 페이지에서 확인할 수 있습니다.","shops/gyeonggi/siheung/신천동/너무이쁜테라피/index.html || 시흥시 신천동 기준 너무이쁜테라피의 코스와 이용 정보를 확인할 수 있습니다. 60,000원부터 확인되는 가격과 60분·90분 코스 정보를 참고해 운영시간과 코스 구성, 가격, 연락 방법을 한 페이지에서 확인할 수 있습니다."
"DESCRIPTION_TEMPLATE","637","업체상세","3","loc x 에서 이용 가능한 x 정보를 보기 쉽게 정리했습니다 n n 이용시간과 n n 부터 확인되는 가격 정보를 함께 확인하며 이용 가능한 코스와 가격 영업시간 전화 문자 문의 정보를 확인할 수 있습니다","shops/seoul/songpa-gu/송파동/프리미엄테라피/index.html || 송파구 송파동에서 이용 가능한 프리미엄테라피 정보를 보기 쉽게 정리했습니다. 60분·90분 이용시간과 60,000원부터 확인되는 가격 정보를 함께 확인하며 이용 가능한 코스와 가격, 영업시간, 전화·문자 문의 정보를 확인할 수 있습니다.","shops/seoul/jung-gu/다산동/한국미인테라피/index.html || 중구 다산동에서 이용 가능한 한국미인테라피 정보를 보기 쉽게 정리했습니다. 60분·90분 이용시간과 100,000원부터 확인되는 가격 정보를 함께 확인하며 이용 가능한 코스와 가격, 영업시간, 전화·문자 문의 정보를 확인할 수 있습니다.","shops/incheon/ganghwa-gun/송해면/너무이쁜테라피/index.html || 강화군 송해면에서 이용 가능한 너무이쁜테라피 정보를 보기 쉽게 정리했습니다. 60분·90분 이용시간과 60,000원부터 확인되는 가격 정보를 함께 확인하며 이용 가능한 코스와 가격, 영업시간, 전화·문자 문의 정보를 확인할 수 있습니다."
"DESCRIPTION_TEMPLATE","638","업체상세","3","x 의 코스와 운영 정보를 loc x 기준으로 안내합니다 n n 코스와 n n 부터 확인되는 가격 정보를 포함해 가격 코스 구성 영업시간과 문의 수단을 순서대로 확인할 수 있습니다","shops/seoul/yeongdeungpo-gu/당산동/너무이쁜테라피/index.html || 너무이쁜테라피의 코스와 운영 정보를 영등포구 당산동 기준으로 안내합니다. 60분·90분 코스와 60,000원부터 확인되는 가격 정보를 포함해 가격, 코스 구성, 영업시간과 문의 수단을 순서대로 확인할 수 있습니다.","shops/gyeonggi/dongducheon/상패동/프리미엄테라피/index.html || 프리미엄테라피의 코스와 운영 정보를 동두천시 상패동 기준으로 안내합니다. 60분·90분 코스와 60,000원부터 확인되는 가격 정보를 포함해 가격, 코스 구성, 영업시간과 문의 수단을 순서대로 확인할 수 있습니다.","shops/gyeonggi/pocheon/군내면/프리미엄테라피/index.html || 프리미엄테라피의 코스와 운영 정보를 포천시 군내면 기준으로 안내합니다. 60분·90분 코스와 60,000원부터 확인되는 가격 정보를 포함해 가격, 코스 구성, 영업시간과 문의 수단을 순서대로 확인할 수 있습니다."
"DESCRIPTION_TEMPLATE","639","업체상세","3","x 의 코스와 운영 정보를 loc x 기준으로 안내합니다 n n 부터 확인되는 가격 정보와 n n 코스 시간을 함께 살펴보고 가격과 이용시간 연락 방법을 확인해 필요한 내용을 loc 비교할 수 있습니다","shops/seoul/yeongdeungpo-gu/대림동/love테라피/index.html || love테라피의 코스와 운영 정보를 영등포구 대림동 기준으로 안내합니다. 70,000원부터 확인되는 가격 정보와 60분·90분 코스 시간을 함께 살펴보고 가격과 이용시간, 연락 방법을 확인해 필요한 내용을 미리 비교할 수 있습니다.","shops/incheon/seohae-gu/석남동/프리미엄테라피/index.html || 프리미엄테라피의 코스와 운영 정보를 서해구 석남동 기준으로 안내합니다. 60,000원부터 확인되는 가격 정보와 60분·90분 코스 시간을 함께 살펴보고 가격과 이용시간, 연락 방법을 확인해 필요한 내용을 미리 비교할 수 있습니다.","shops/other/changwon/jinhae-gu/웅천동/경남테라피/index.html || 경남테라피의 코스와 운영 정보를 진해구 웅천동 기준으로 안내합니다. 60,000원부터 확인되는 가격 정보와 60분·90분 코스 시간을 함께 살펴보고 가격과 이용시간, 연락 방법을 확인해 필요한 내용을 미리 비교할 수 있습니다."
"DESCRIPTION_TEMPLATE","640","업체상세","3","x 이용을 검토할 때 참고할 loc x 상세 정보입니다 n n 부터 시작하는 가격과 n n 코스 정보를 바탕으로 코스와 가격 영업시간 전화 문자 문의 방법을 함께 확인할 수 있습니다","shops/seoul/gangnam-gu/신사동/프리미엄테라피/index.html || 프리미엄테라피 이용을 검토할 때 참고할 강남구 신사동 상세 정보입니다. 60,000원부터 시작하는 가격과 60분·90분 코스 정보를 바탕으로 코스와 가격, 영업시간, 전화·문자 문의 방법을 함께 확인할 수 있습니다.","shops/other/cheongju/sangdang-gu/금천동/S썸바디테라피/index.html || S썸바디테라피 이용을 검토할 때 참고할 상당구 금천동 상세 정보입니다. 50,000원부터 시작하는 가격과 60분·90분 코스 정보를 바탕으로 코스와 가격, 영업시간, 전화·문자 문의 방법을 함께 확인할 수 있습니다.","shops/other/daegu/dong-gu/해안동/대구테라피/index.html || 대구테라피 이용을 검토할 때 참고할 동구 해안동 상세 정보입니다. 80,000원부터 시작하는 가격과 60분·90분 코스 정보를 바탕으로 코스와 가격, 영업시간, 전화·문자 문의 방법을 함께 확인할 수 있습니다."
"DESCRIPTION_TEMPLATE","641","업체상세","3","x 의 loc x 이용 안내입니다 n n 이용시간과 n n 부터 확인되는 가격 정보를 함께 확인하며 코스별 시간과 가격 운영시간 전화 문자 문의 내용을 살펴볼 수 있습니다","shops/seoul/dobong-gu/창동/너무이쁜테라피/index.html || 너무이쁜테라피의 도봉구 창동 이용 안내입니다. 60분·90분 이용시간과 60,000원부터 확인되는 가격 정보를 함께 확인하며 코스별 시간과 가격, 운영시간, 전화·문자 문의 내용을 살펴볼 수 있습니다.","shops/gyeonggi/pocheon/일동면/너무이쁜테라피/index.html || 너무이쁜테라피의 포천시 일동면 이용 안내입니다. 60분·90분 이용시간과 60,000원부터 확인되는 가격 정보를 함께 확인하며 코스별 시간과 가격, 운영시간, 전화·문자 문의 내용을 살펴볼 수 있습니다.","shops/other/daejeon/daedeok-gu/중리동/S썸바디테라피/index.html || S썸바디테라피의 대덕구 중리동 이용 안내입니다. 60분·90분 이용시간과 50,000원부터 확인되는 가격 정보를 함께 확인하며 코스별 시간과 가격, 운영시간, 전화·문자 문의 내용을 살펴볼 수 있습니다."
"DESCRIPTION_TEMPLATE","642","업체상세","3","loc x 기준 x 의 코스와 이용 정보를 확인할 수 있습니다 n n 시간 구성과 n n 부터 시작하는 가격을 확인하면서 코스와 가격 영업시간 전화 문자 문의 방법을 함께 확인할 수 있습니다","shops/seoul/dongdaemun-gu/휘경동/한국미인테라피/index.html || 동대문구 휘경동 기준 한국미인테라피의 코스와 이용 정보를 확인할 수 있습니다. 60분·90분 시간 구성과 100,000원부터 시작하는 가격을 확인하면서 코스와 가격, 영업시간, 전화·문자 문의 방법을 함께 확인할 수 있습니다.","shops/seoul/seongdong-gu/응봉동/한국미인테라피/index.html || 성동구 응봉동 기준 한국미인테라피의 코스와 이용 정보를 확인할 수 있습니다. 60분·90분 시간 구성과 100,000원부터 시작하는 가격을 확인하면서 코스와 가격, 영업시간, 전화·문자 문의 방법을 함께 확인할 수 있습니다.","shops/gyeonggi/yangpyeong/양서면/프리미엄테라피/index.html || 양평군 양서면 기준 프리미엄테라피의 코스와 이용 정보를 확인할 수 있습니다. 60분·90분 시간 구성과 60,000원부터 시작하는 가격을 확인하면서 코스와 가격, 영업시간, 전화·문자 문의 방법을 함께 확인할 수 있습니다."
"DESCRIPTION_TEMPLATE","643","업체상세","3","loc x 지역의 x 이용 정보를 정리했습니다 n n 시간 구성과 n n 부터 시작하는 가격을 확인하면서 운영시간과 코스 구성 가격 연락 방법을 한 페이지에서 확인할 수 있습니다","shops/seoul/gangdong-gu/상일동/마인드좋은테라피/index.html || 강동구 상일동 지역의 마인드좋은테라피 이용 정보를 정리했습니다. 60분·90분 시간 구성과 60,000원부터 시작하는 가격을 확인하면서 운영시간과 코스 구성, 가격, 연락 방법을 한 페이지에서 확인할 수 있습니다.","shops/gyeonggi/uiwang/내손동/너무이쁜테라피/index.html || 의왕시 내손동 지역의 너무이쁜테라피 이용 정보를 정리했습니다. 60분·90분 시간 구성과 60,000원부터 시작하는 가격을 확인하면서 운영시간과 코스 구성, 가격, 연락 방법을 한 페이지에서 확인할 수 있습니다.","shops/other/daegu/suseong-gu/범어동/대구테라피/index.html || 수성구 범어동 지역의 대구테라피 이용 정보를 정리했습니다. 60분·90분 시간 구성과 80,000원부터 시작하는 가격을 확인하면서 운영시간과 코스 구성, 가격, 연락 방법을 한 페이지에서 확인할 수 있습니다."
"DESCRIPTION_TEMPLATE","644","업체상세","3","loc x 생활권에서 확인할 수 있는 x 정보를 담았습니다 n n 시간 구성과 n n 부터 시작하는 가격을 확인하면서 코스별 이용시간과 가격 운영시간 및 연락 방법을 비교할 수 있습니다","shops/seoul/yongsan-gu/효창동/love테라피/index.html || 용산구 효창동 생활권에서 확인할 수 있는 love테라피 정보를 담았습니다. 60분·90분 시간 구성과 70,000원부터 시작하는 가격을 확인하면서 코스별 이용시간과 가격, 운영시간 및 연락 방법을 비교할 수 있습니다.","shops/other/daegu/gunwi-gun/효령면/대구테라피/index.html || 군위군 효령면 생활권에서 확인할 수 있는 대구테라피 정보를 담았습니다. 60분·90분 시간 구성과 80,000원부터 시작하는 가격을 확인하면서 코스별 이용시간과 가격, 운영시간 및 연락 방법을 비교할 수 있습니다.","shops/other/changwon/masanhappo-gu/가포동/경남테라피/index.html || 마산합포구 가포동 생활권에서 확인할 수 있는 경남테라피 정보를 담았습니다. 60분·90분 시간 구성과 60,000원부터 시작하는 가격을 확인하면서 코스별 이용시간과 가격, 운영시간 및 연락 방법을 비교할 수 있습니다."
"DESCRIPTION_TEMPLATE","645","업체상세","3","loc x 에서 x 이용 전 확인할 정보를 모았습니다 n n 이용시간과 n n 부터 확인되는 가격 정보를 함께 확인하며 코스별 이용시간과 가격 운영시간 및 연락 방법을 비교할 수 있습니다","shops/seoul/gangdong-gu/둔촌동/마인드좋은테라피/index.html || 강동구 둔촌동에서 마인드좋은테라피 이용 전 확인할 정보를 모았습니다. 60분·90분 이용시간과 60,000원부터 확인되는 가격 정보를 함께 확인하며 코스별 이용시간과 가격, 운영시간 및 연락 방법을 비교할 수 있습니다.","shops/seoul/jongno-gu/숭인동/프리미엄테라피/index.html || 종로구 숭인동에서 프리미엄테라피 이용 전 확인할 정보를 모았습니다. 60분·90분 이용시간과 60,000원부터 확인되는 가격 정보를 함께 확인하며 코스별 이용시간과 가격, 운영시간 및 연락 방법을 비교할 수 있습니다.","shops/gyeonggi/icheon/대월면/love테라피/index.html || 이천시 대월면에서 love테라피 이용 전 확인할 정보를 모았습니다. 60분·90분 이용시간과 70,000원부터 확인되는 가격 정보를 함께 확인하며 코스별 이용시간과 가격, 운영시간 및 연락 방법을 비교할 수 있습니다."
"DESCRIPTION_TEMPLATE","646","업체상세","3","loc x 생활권에서 확인할 수 있는 x 정보를 담았습니다 n n 코스와 n n 부터 코스별 시간과 가격 운영시간 전화 문자 문의 내용을 살펴볼 수 있습니다","shops/seoul/gangnam-gu/역삼동/프리미엄테라피/index.html || 강남구 역삼동 생활권에서 확인할 수 있는 프리미엄테라피 정보를 담았습니다. 60분·90분 코스와 60,000원부터 코스별 시간과 가격, 운영시간, 전화·문자 문의 내용을 살펴볼 수 있습니다.","shops/incheon/gyeyang-gu/작전동/프리미엄테라피/index.html || 계양구 작전동 생활권에서 확인할 수 있는 프리미엄테라피 정보를 담았습니다. 60분·90분 코스와 60,000원부터 코스별 시간과 가격, 운영시간, 전화·문자 문의 내용을 살펴볼 수 있습니다.","shops/incheon/bupyeong-gu/삼산동/한국미인테라피/index.html || 부평구 삼산동 생활권에서 확인할 수 있는 한국미인테라피 정보를 담았습니다. 60분·90분 코스와 100,000원부터 코스별 시간과 가격, 운영시간, 전화·문자 문의 내용을 살펴볼 수 있습니다."
"DESCRIPTION_TEMPLATE","647","업체상세","3","x 의 loc x 이용 안내입니다 n n 코스와 n n 부터 확인되는 가격 정보를 포함해 영업시간과 코스별 가격을 확인하고 전화나 문자로 세부 내용을 문의할 수 있습니다","shops/seoul/yongsan-gu/청파동/너무이쁜테라피/index.html || 너무이쁜테라피의 용산구 청파동 이용 안내입니다. 60분·90분 코스와 60,000원부터 확인되는 가격 정보를 포함해 영업시간과 코스별 가격을 확인하고 전화나 문자로 세부 내용을 문의할 수 있습니다.","shops/gyeonggi/yeoncheon/장남면/너무이쁜테라피/index.html || 너무이쁜테라피의 연천군 장남면 이용 안내입니다. 60분·90분 코스와 60,000원부터 확인되는 가격 정보를 포함해 영업시간과 코스별 가격을 확인하고 전화나 문자로 세부 내용을 문의할 수 있습니다.","shops/incheon/michuhol-gu/4동/프리미엄테라피/index.html || 프리미엄테라피의 미추홀구 4동 이용 안내입니다. 60분·90분 코스와 60,000원부터 확인되는 가격 정보를 포함해 영업시간과 코스별 가격을 확인하고 전화나 문자로 세부 내용을 문의할 수 있습니다."
"DESCRIPTION_TEMPLATE","648","업체상세","3","loc x 에서 x 이용 전 확인할 정보를 모았습니다 n n 코스 구성과 n n 부터 확인되는 가격대를 확인한 뒤 가격과 코스 구성 영업시간 및 연락 수단을 비교해 이용 전 참고할 수 있습니다","shops/seoul/gangnam-gu/역삼동/너무이쁜테라피/index.html || 강남구 역삼동에서 너무이쁜테라피 이용 전 확인할 정보를 모았습니다. 60분·90분 코스 구성과 60,000원부터 확인되는 가격대를 확인한 뒤 가격과 코스 구성, 영업시간 및 연락 수단을 비교해 이용 전 참고할 수 있습니다.","shops/seoul/yongsan-gu/후암동/너무이쁜테라피/index.html || 용산구 후암동에서 너무이쁜테라피 이용 전 확인할 정보를 모았습니다. 60분·90분 코스 구성과 60,000원부터 확인되는 가격대를 확인한 뒤 가격과 코스 구성, 영업시간 및 연락 수단을 비교해 이용 전 참고할 수 있습니다.","shops/seoul/jung-gu/필동/한국미인테라피/index.html || 중구 필동에서 한국미인테라피 이용 전 확인할 정보를 모았습니다. 60분·90분 코스 구성과 100,000원부터 확인되는 가격대를 확인한 뒤 가격과 코스 구성, 영업시간 및 연락 수단을 비교해 이용 전 참고할 수 있습니다."
"DESCRIPTION_TEMPLATE","649","업체상세","3","loc x 에서 x 이용 전 확인할 정보를 모았습니다 n n 시간 구성과 n n 부터 시작하는 가격을 확인하면서 가격 코스 구성 영업시간과 문의 수단을 순서대로 확인할 수 있습니다","shops/seoul/yongsan-gu/한남동/한국미인테라피/index.html || 용산구 한남동에서 한국미인테라피 이용 전 확인할 정보를 모았습니다. 60분·90분 시간 구성과 100,000원부터 시작하는 가격을 확인하면서 가격, 코스 구성, 영업시간과 문의 수단을 순서대로 확인할 수 있습니다.","shops/gyeonggi/icheon/마장면/한국미인테라피/index.html || 이천시 마장면에서 한국미인테라피 이용 전 확인할 정보를 모았습니다. 60분·90분 시간 구성과 100,000원부터 시작하는 가격을 확인하면서 가격, 코스 구성, 영업시간과 문의 수단을 순서대로 확인할 수 있습니다.","shops/incheon/yeonsu-gu/청학동/한국미인테라피/index.html || 연수구 청학동에서 한국미인테라피 이용 전 확인할 정보를 모았습니다. 60분·90분 시간 구성과 100,000원부터 시작하는 가격을 확인하면서 가격, 코스 구성, 영업시간과 문의 수단을 순서대로 확인할 수 있습니다."
"DESCRIPTION_TEMPLATE","650","업체상세","3","x 관련 loc x 정보를 확인할 수 있습니다 n n 시간 구성과 n n 부터 시작하는 가격을 확인하면서 이용 가능한 코스와 가격 영업시간 전화 문자 문의 정보를 확인할 수 있습니다","shops/seoul/gangdong-gu/명일동/프리미엄테라피/index.html || 프리미엄테라피 관련 강동구 명일동 정보를 확인할 수 있습니다. 60분·90분 시간 구성과 60,000원부터 시작하는 가격을 확인하면서 이용 가능한 코스와 가격, 영업시간, 전화·문자 문의 정보를 확인할 수 있습니다.","shops/seoul/gangbuk-gu/송천동/프리미엄테라피/index.html || 프리미엄테라피 관련 강북구 송천동 정보를 확인할 수 있습니다. 60분·90분 시간 구성과 60,000원부터 시작하는 가격을 확인하면서 이용 가능한 코스와 가격, 영업시간, 전화·문자 문의 정보를 확인할 수 있습니다.","shops/seoul/songpa-gu/오륜동/한국미인테라피/index.html || 한국미인테라피 관련 송파구 오륜동 정보를 확인할 수 있습니다. 60분·90분 시간 구성과 100,000원부터 시작하는 가격을 확인하면서 이용 가능한 코스와 가격, 영업시간, 전화·문자 문의 정보를 확인할 수 있습니다."
"DESCRIPTION_TEMPLATE","651","업체상세","3","loc x 기준 x 의 코스와 이용 정보를 확인할 수 있습니다 n n 부터 확인되는 가격과 n n 코스 정보를 참고해 코스별 이용시간과 가격 운영시간 및 연락 방법을 비교할 수 있습니다","shops/seoul/gangdong-gu/명일동/마인드좋은테라피/index.html || 강동구 명일동 기준 마인드좋은테라피의 코스와 이용 정보를 확인할 수 있습니다. 60,000원부터 확인되는 가격과 60분·90분 코스 정보를 참고해 코스별 이용시간과 가격, 운영시간 및 연락 방법을 비교할 수 있습니다.","shops/incheon/ganghwa-gun/길상면/한국미인테라피/index.html || 강화군 길상면 기준 한국미인테라피의 코스와 이용 정보를 확인할 수 있습니다. 100,000원부터 확인되는 가격과 60분·90분 코스 정보를 참고해 코스별 이용시간과 가격, 운영시간 및 연락 방법을 비교할 수 있습니다.","shops/other/daegu/dong-gu/방촌동/대구테라피/index.html || 동구 방촌동 기준 대구테라피의 코스와 이용 정보를 확인할 수 있습니다. 80,000원부터 확인되는 가격과 60분·90분 코스 정보를 참고해 코스별 이용시간과 가격, 운영시간 및 연락 방법을 비교할 수 있습니다."
"DESCRIPTION_TEMPLATE","652","업체상세","3","loc x 지역의 x 이용 정보를 정리했습니다 n n 코스 구성과 n n 부터 확인되는 가격대를 확인한 뒤 가격과 코스 구성 영업시간 및 연락 수단을 비교해 이용 전 참고할 수 있습니다","shops/seoul/yongsan-gu/청파동/한국미인테라피/index.html || 용산구 청파동 지역의 한국미인테라피 이용 정보를 정리했습니다. 60분·90분 코스 구성과 100,000원부터 확인되는 가격대를 확인한 뒤 가격과 코스 구성, 영업시간 및 연락 수단을 비교해 이용 전 참고할 수 있습니다.","shops/gyeonggi/siheung/목감동/love테라피/index.html || 시흥시 목감동 지역의 love테라피 이용 정보를 정리했습니다. 60분·90분 코스 구성과 70,000원부터 확인되는 가격대를 확인한 뒤 가격과 코스 구성, 영업시간 및 연락 수단을 비교해 이용 전 참고할 수 있습니다.","shops/other/changwon/masanhappo-gu/산호동/경남테라피/index.html || 마산합포구 산호동 지역의 경남테라피 이용 정보를 정리했습니다. 60분·90분 코스 구성과 60,000원부터 확인되는 가격대를 확인한 뒤 가격과 코스 구성, 영업시간 및 연락 수단을 비교해 이용 전 참고할 수 있습니다."
"DESCRIPTION_TEMPLATE","653","업체상세","3","x 의 loc x 이용 안내입니다 n n 이용시간과 n n 부터 확인되는 가격 정보를 함께 확인하며 가격과 이용시간 연락 방법을 확인해 필요한 내용을 loc 비교할 수 있습니다","shops/seoul/gangdong-gu/명일동/love테라피/index.html || love테라피의 강동구 명일동 이용 안내입니다. 60분·90분 이용시간과 70,000원부터 확인되는 가격 정보를 함께 확인하며 가격과 이용시간, 연락 방법을 확인해 필요한 내용을 미리 비교할 수 있습니다.","shops/other/daejeon/dong-gu/대동/24시미녀테라피/index.html || 24시미녀테라피의 동구 대동 이용 안내입니다. 60분·90분 이용시간과 70,000원부터 확인되는 가격 정보를 함께 확인하며 가격과 이용시간, 연락 방법을 확인해 필요한 내용을 미리 비교할 수 있습니다.","shops/other/jeonju/deokjin-gu/진북동/다온테라피/index.html || 다온테라피의 덕진구 진북동 이용 안내입니다. 60분·90분 이용시간과 60,000원부터 확인되는 가격 정보를 함께 확인하며 가격과 이용시간, 연락 방법을 확인해 필요한 내용을 미리 비교할 수 있습니다."
"DESCRIPTION_TEMPLATE","654","업체상세","3","loc x 기준으로 x 운영 정보를 정리했습니다 n n 코스와 n n 부터 이용 전 필요한 코스 가격 운영시간과 연락 정보를 한 번에 살펴볼 수 있습니다","shops/seoul/yongsan-gu/한강로동/한국미인테라피/index.html || 용산구 한강로동 기준으로 한국미인테라피 운영 정보를 정리했습니다. 60분·90분 코스와 100,000원부터 이용 전 필요한 코스·가격·운영시간과 연락 정보를 한 번에 살펴볼 수 있습니다.","shops/incheon/jemulpo-gu/신포동/love테라피/index.html || 제물포구 신포동 기준으로 love테라피 운영 정보를 정리했습니다. 60분·90분 코스와 70,000원부터 이용 전 필요한 코스·가격·운영시간과 연락 정보를 한 번에 살펴볼 수 있습니다.","shops/other/cheongju/sangdang-gu/성안동/레드테라피/index.html || 상당구 성안동 기준으로 레드테라피 운영 정보를 정리했습니다. 60분·90분 코스와 60,000원부터 이용 전 필요한 코스·가격·운영시간과 연락 정보를 한 번에 살펴볼 수 있습니다."
"DESCRIPTION_TEMPLATE","655","업체상세","3","loc x 에서 이용 가능한 x 정보를 보기 쉽게 정리했습니다 n n 부터 시작하는 가격과 n n 코스 정보를 바탕으로 이용 가능한 코스와 가격 영업시간 전화 문자 문의 정보를 확인할 수 있습니다","shops/seoul/dongdaemun-gu/회기동/한국미인테라피/index.html || 동대문구 회기동에서 이용 가능한 한국미인테라피 정보를 보기 쉽게 정리했습니다. 100,000원부터 시작하는 가격과 60분·90분 코스 정보를 바탕으로 이용 가능한 코스와 가격, 영업시간, 전화·문자 문의 정보를 확인할 수 있습니다.","shops/gyeonggi/paju/장단면/너무이쁜테라피/index.html || 파주시 장단면에서 이용 가능한 너무이쁜테라피 정보를 보기 쉽게 정리했습니다. 60,000원부터 시작하는 가격과 60분·90분 코스 정보를 바탕으로 이용 가능한 코스와 가격, 영업시간, 전화·문자 문의 정보를 확인할 수 있습니다.","shops/gyeonggi/hanam/덕풍동/한국미인테라피/index.html || 하남시 덕풍동에서 이용 가능한 한국미인테라피 정보를 보기 쉽게 정리했습니다. 100,000원부터 시작하는 가격과 60분·90분 코스 정보를 바탕으로 이용 가능한 코스와 가격, 영업시간, 전화·문자 문의 정보를 확인할 수 있습니다."
"DESCRIPTION_TEMPLATE","656","업체상세","3","loc x 기준 x 의 코스와 이용 정보를 확인할 수 있습니다 n n 부터 확인되는 가격 정보와 n n 코스 시간을 함께 살펴보고 코스와 가격 영업시간 전화 문자 문의 방법을 함께 확인할 수 있습니다","shops/seoul/seongbuk-gu/삼선동/한국미인테라피/index.html || 성북구 삼선동 기준 한국미인테라피의 코스와 이용 정보를 확인할 수 있습니다. 100,000원부터 확인되는 가격 정보와 60분·90분 코스 시간을 함께 살펴보고 코스와 가격, 영업시간, 전화·문자 문의 방법을 함께 확인할 수 있습니다.","shops/seoul/yongsan-gu/남영동/한국미인테라피/index.html || 용산구 남영동 기준 한국미인테라피의 코스와 이용 정보를 확인할 수 있습니다. 100,000원부터 확인되는 가격 정보와 60분·90분 코스 시간을 함께 살펴보고 코스와 가격, 영업시간, 전화·문자 문의 방법을 함께 확인할 수 있습니다.","shops/gyeonggi/pocheon/가산면/love테라피/index.html || 포천시 가산면 기준 love테라피의 코스와 이용 정보를 확인할 수 있습니다. 70,000원부터 확인되는 가격 정보와 60분·90분 코스 시간을 함께 살펴보고 코스와 가격, 영업시간, 전화·문자 문의 방법을 함께 확인할 수 있습니다."
"DESCRIPTION_TEMPLATE","657","업체상세","3","loc x 지역의 x 이용 정보를 정리했습니다 n n 부터 확인되는 가격 정보와 n n 코스 시간을 함께 살펴보고 코스별 시간과 가격 운영시간 전화 문자 문의 내용을 살펴볼 수 있습니다","shops/seoul/yongsan-gu/남영동/프리미엄테라피/index.html || 용산구 남영동 지역의 프리미엄테라피 이용 정보를 정리했습니다. 60,000원부터 확인되는 가격 정보와 60분·90분 코스 시간을 함께 살펴보고 코스별 시간과 가격, 운영시간, 전화·문자 문의 내용을 살펴볼 수 있습니다.","shops/incheon/gyeyang-gu/작전동/한국미인테라피/index.html || 계양구 작전동 지역의 한국미인테라피 이용 정보를 정리했습니다. 100,000원부터 확인되는 가격 정보와 60분·90분 코스 시간을 함께 살펴보고 코스별 시간과 가격, 운영시간, 전화·문자 문의 내용을 살펴볼 수 있습니다.","shops/incheon/michuhol-gu/3동/프리미엄테라피/index.html || 미추홀구 3동 지역의 프리미엄테라피 이용 정보를 정리했습니다. 60,000원부터 확인되는 가격 정보와 60분·90분 코스 시간을 함께 살펴보고 코스별 시간과 가격, 운영시간, 전화·문자 문의 내용을 살펴볼 수 있습니다."
"DESCRIPTION_TEMPLATE","658","업체상세","3","x 의 loc x 이용 안내입니다 n n 코스와 n n 부터 코스 구성과 가격 운영시간 연락 방법을 한곳에서 확인할 수 있습니다","shops/seoul/gangdong-gu/암사동/love테라피/index.html || love테라피의 강동구 암사동 이용 안내입니다. 60분·90분 코스와 70,000원부터 코스 구성과 가격, 운영시간, 연락 방법을 한곳에서 확인할 수 있습니다.","shops/seoul/eunpyeong-gu/증산동/love테라피/index.html || love테라피의 은평구 증산동 이용 안내입니다. 60분·90분 코스와 70,000원부터 코스 구성과 가격, 운영시간, 연락 방법을 한곳에서 확인할 수 있습니다.","shops/other/daejeon/daedeok-gu/대화동/S썸바디테라피/index.html || S썸바디테라피의 대덕구 대화동 이용 안내입니다. 60분·90분 코스와 50,000원부터 코스 구성과 가격, 운영시간, 연락 방법을 한곳에서 확인할 수 있습니다."
"DESCRIPTION_TEMPLATE","659","업체상세","3","x 이용 전 살펴볼 loc x 지역 정보를 한곳에 모았습니다 n n 부터 확인되는 가격 정보와 n n 코스 시간을 함께 살펴보고 운영시간과 코스 구성 가격 연락 방법을 한 페이지에서 확인할 수 있습니다","shops/seoul/yeongdeungpo-gu/영등포본동/프리미엄테라피/index.html || 프리미엄테라피 이용 전 살펴볼 영등포구 영등포본동 지역 정보를 한곳에 모았습니다. 60,000원부터 확인되는 가격 정보와 60분·90분 코스 시간을 함께 살펴보고 운영시간과 코스 구성, 가격, 연락 방법을 한 페이지에서 확인할 수 있습니다.","shops/gyeonggi/gimpo/장기본동/한국미인테라피/index.html || 한국미인테라피 이용 전 살펴볼 김포시 장기본동 지역 정보를 한곳에 모았습니다. 100,000원부터 확인되는 가격 정보와 60분·90분 코스 시간을 함께 살펴보고 운영시간과 코스 구성, 가격, 연락 방법을 한 페이지에서 확인할 수 있습니다.","shops/incheon/ongjin-gun/자월면/love테라피/index.html || love테라피 이용 전 살펴볼 옹진군 자월면 지역 정보를 한곳에 모았습니다. 70,000원부터 확인되는 가격 정보와 60분·90분 코스 시간을 함께 살펴보고 운영시간과 코스 구성, 가격, 연락 방법을 한 페이지에서 확인할 수 있습니다."
"DESCRIPTION_TEMPLATE","660","업체상세","3","x 의 loc x 이용 안내입니다 n n 부터 확인되는 가격 정보와 n n 코스 시간을 함께 살펴보고 코스별 이용시간과 가격 운영시간 및 연락 방법을 비교할 수 있습니다","shops/seoul/songpa-gu/가락본동/love테라피/index.html || love테라피의 송파구 가락본동 이용 안내입니다. 70,000원부터 확인되는 가격 정보와 60분·90분 코스 시간을 함께 살펴보고 코스별 이용시간과 가격, 운영시간 및 연락 방법을 비교할 수 있습니다.","shops/gyeonggi/yeoncheon/백학면/love테라피/index.html || love테라피의 연천군 백학면 이용 안내입니다. 70,000원부터 확인되는 가격 정보와 60분·90분 코스 시간을 함께 살펴보고 코스별 이용시간과 가격, 운영시간 및 연락 방법을 비교할 수 있습니다.","shops/incheon/ganghwa-gun/내가면/프리미엄테라피/index.html || 프리미엄테라피의 강화군 내가면 이용 안내입니다. 60,000원부터 확인되는 가격 정보와 60분·90분 코스 시간을 함께 살펴보고 코스별 이용시간과 가격, 운영시간 및 연락 방법을 비교할 수 있습니다."
"DESCRIPTION_TEMPLATE","661","업체상세","3","loc x 생활권에서 확인할 수 있는 x 정보를 담았습니다 n n 부터 확인되는 가격 정보와 n n 코스 시간을 함께 살펴보고 운영시간과 코스 구성 가격 연락 방법을 한 페이지에서 확인할 수 있습니다","shops/seoul/yongsan-gu/후암동/한국미인테라피/index.html || 용산구 후암동 생활권에서 확인할 수 있는 한국미인테라피 정보를 담았습니다. 100,000원부터 확인되는 가격 정보와 60분·90분 코스 시간을 함께 살펴보고 운영시간과 코스 구성, 가격, 연락 방법을 한 페이지에서 확인할 수 있습니다.","shops/gyeonggi/gwangju-gyeonggi/남한산성면/너무이쁜테라피/index.html || 광주시 남한산성면 생활권에서 확인할 수 있는 너무이쁜테라피 정보를 담았습니다. 60,000원부터 확인되는 가격 정보와 60분·90분 코스 시간을 함께 살펴보고 운영시간과 코스 구성, 가격, 연락 방법을 한 페이지에서 확인할 수 있습니다.","shops/incheon/yeonsu-gu/청학동/너무이쁜테라피/index.html || 연수구 청학동 생활권에서 확인할 수 있는 너무이쁜테라피 정보를 담았습니다. 60,000원부터 확인되는 가격 정보와 60분·90분 코스 시간을 함께 살펴보고 운영시간과 코스 구성, 가격, 연락 방법을 한 페이지에서 확인할 수 있습니다."
"DESCRIPTION_TEMPLATE","662","업체상세","3","loc x 기준으로 x 운영 정보를 정리했습니다 n n 코스 구성과 n n 부터 확인되는 가격대를 확인한 뒤 이용 전 필요한 코스 가격 운영시간과 연락 정보를 한 번에 살펴볼 수 있습니다","shops/seoul/seongbuk-gu/안암동/프리미엄테라피/index.html || 성북구 안암동 기준으로 프리미엄테라피 운영 정보를 정리했습니다. 60분·90분 코스 구성과 60,000원부터 확인되는 가격대를 확인한 뒤 이용 전 필요한 코스·가격·운영시간과 연락 정보를 한 번에 살펴볼 수 있습니다.","shops/seoul/yongsan-gu/보광동/너무이쁜테라피/index.html || 용산구 보광동 기준으로 너무이쁜테라피 운영 정보를 정리했습니다. 60분·90분 코스 구성과 60,000원부터 확인되는 가격대를 확인한 뒤 이용 전 필요한 코스·가격·운영시간과 연락 정보를 한 번에 살펴볼 수 있습니다.","shops/gyeonggi/gwacheon/갈현동/프리미엄테라피/index.html || 과천시 갈현동 기준으로 프리미엄테라피 운영 정보를 정리했습니다. 60분·90분 코스 구성과 60,000원부터 확인되는 가격대를 확인한 뒤 이용 전 필요한 코스·가격·운영시간과 연락 정보를 한 번에 살펴볼 수 있습니다."
"DESCRIPTION_TEMPLATE","663","업체상세","3","x 관련 loc x 정보를 확인할 수 있습니다 n n 시간 구성과 n n 부터 시작하는 가격을 확인하면서 영업시간과 코스별 가격을 확인하고 전화나 문자로 세부 내용을 문의할 수 있습니다","shops/seoul/yongsan-gu/용문동/love테라피/index.html || love테라피 관련 용산구 용문동 정보를 확인할 수 있습니다. 60분·90분 시간 구성과 70,000원부터 시작하는 가격을 확인하면서 영업시간과 코스별 가격을 확인하고 전화나 문자로 세부 내용을 문의할 수 있습니다.","shops/gyeonggi/yeoncheon/중면/love테라피/index.html || love테라피 관련 연천군 중면 정보를 확인할 수 있습니다. 60분·90분 시간 구성과 70,000원부터 시작하는 가격을 확인하면서 영업시간과 코스별 가격을 확인하고 전화나 문자로 세부 내용을 문의할 수 있습니다.","shops/incheon/bupyeong-gu/부평동/마인드좋은테라피/index.html || 마인드좋은테라피 관련 부평구 부평동 정보를 확인할 수 있습니다. 60분·90분 시간 구성과 60,000원부터 시작하는 가격을 확인하면서 영업시간과 코스별 가격을 확인하고 전화나 문자로 세부 내용을 문의할 수 있습니다."
"DESCRIPTION_TEMPLATE","664","업체상세","3","x 관련 loc x 정보를 확인할 수 있습니다 n n 시간 구성과 n n 부터 시작하는 가격을 확인하면서 운영시간과 코스 구성 가격 연락 방법을 한 페이지에서 확인할 수 있습니다","shops/seoul/seongbuk-gu/성북동/한국미인테라피/index.html || 한국미인테라피 관련 성북구 성북동 정보를 확인할 수 있습니다. 60분·90분 시간 구성과 100,000원부터 시작하는 가격을 확인하면서 운영시간과 코스 구성, 가격, 연락 방법을 한 페이지에서 확인할 수 있습니다.","shops/seoul/eunpyeong-gu/불광동/love테라피/index.html || love테라피 관련 은평구 불광동 정보를 확인할 수 있습니다. 60분·90분 시간 구성과 70,000원부터 시작하는 가격을 확인하면서 운영시간과 코스 구성, 가격, 연락 방법을 한 페이지에서 확인할 수 있습니다.","shops/other/daejeon/daedeok-gu/석봉동/24시미녀테라피/index.html || 24시미녀테라피 관련 대덕구 석봉동 정보를 확인할 수 있습니다. 60분·90분 시간 구성과 70,000원부터 시작하는 가격을 확인하면서 운영시간과 코스 구성, 가격, 연락 방법을 한 페이지에서 확인할 수 있습니다."
"DESCRIPTION_TEMPLATE","665","업체상세","3","loc x 생활권에서 확인할 수 있는 x 정보를 담았습니다 n n 이용시간과 n n 부터 확인되는 가격 정보를 함께 확인하며 영업시간과 코스별 가격을 확인하고 전화나 문자로 세부 내용을 문의할 수 있습니다","shops/seoul/gangdong-gu/둔촌동/love테라피/index.html || 강동구 둔촌동 생활권에서 확인할 수 있는 love테라피 정보를 담았습니다. 60분·90분 이용시간과 70,000원부터 확인되는 가격 정보를 함께 확인하며 영업시간과 코스별 가격을 확인하고 전화나 문자로 세부 내용을 문의할 수 있습니다.","shops/incheon/ganghwa-gun/불은면/프리미엄테라피/index.html || 강화군 불은면 생활권에서 확인할 수 있는 프리미엄테라피 정보를 담았습니다. 60분·90분 이용시간과 60,000원부터 확인되는 가격 정보를 함께 확인하며 영업시간과 코스별 가격을 확인하고 전화나 문자로 세부 내용을 문의할 수 있습니다.","shops/incheon/geomdan-gu/검단동/너무이쁜테라피/index.html || 검단구 검단동 생활권에서 확인할 수 있는 너무이쁜테라피 정보를 담았습니다. 60분·90분 이용시간과 60,000원부터 확인되는 가격 정보를 함께 확인하며 영업시간과 코스별 가격을 확인하고 전화나 문자로 세부 내용을 문의할 수 있습니다."
"DESCRIPTION_TEMPLATE","666","업체상세","3","loc x 지역의 x 이용 정보를 정리했습니다 n n 이용시간과 n n 부터 확인되는 가격 정보를 함께 확인하며 가격 코스 구성 영업시간과 문의 수단을 순서대로 확인할 수 있습니다","shops/seoul/seongbuk-gu/장위동/한국미인테라피/index.html || 성북구 장위동 지역의 한국미인테라피 이용 정보를 정리했습니다. 60분·90분 이용시간과 100,000원부터 확인되는 가격 정보를 함께 확인하며 가격, 코스 구성, 영업시간과 문의 수단을 순서대로 확인할 수 있습니다.","shops/gyeonggi/dongducheon/중앙동/한국미인테라피/index.html || 동두천시 중앙동 지역의 한국미인테라피 이용 정보를 정리했습니다. 60분·90분 이용시간과 100,000원부터 확인되는 가격 정보를 함께 확인하며 가격, 코스 구성, 영업시간과 문의 수단을 순서대로 확인할 수 있습니다.","shops/gyeonggi/paju/탄현면/너무이쁜테라피/index.html || 파주시 탄현면 지역의 너무이쁜테라피 이용 정보를 정리했습니다. 60분·90분 이용시간과 60,000원부터 확인되는 가격 정보를 함께 확인하며 가격, 코스 구성, 영업시간과 문의 수단을 순서대로 확인할 수 있습니다."
"DESCRIPTION_TEMPLATE","667","업체상세","2","x 의 코스와 운영 정보를 loc x 기준으로 안내합니다 가격과 이용시간 연락 방법을 확인해 필요한 내용을 loc 비교할 수 있습니다","shops/other/gwangju/gwangsan-gu/임곡동/나비테라피/index.html || 나비테라피의 코스와 운영 정보를 광산구 임곡동 기준으로 안내합니다. 가격과 이용시간, 연락 방법을 확인해 필요한 내용을 미리 비교할 수 있습니다.","shops/other/gwangju/gwangsan-gu/첨단동/나비테라피/index.html || 나비테라피의 코스와 운영 정보를 광산구 첨단동 기준으로 안내합니다. 가격과 이용시간, 연락 방법을 확인해 필요한 내용을 미리 비교할 수 있습니다.",""
"DESCRIPTION_TEMPLATE","668","업체상세","2","x 의 loc x 운영 정보와 문의 방법을 정리했습니다 n n 코스와 n n 부터 가격 코스 구성 영업시간과 문의 수단을 순서대로 확인할 수 있습니다","shops/gyeonggi/icheon/모가면/한국미인테라피/index.html || 한국미인테라피의 이천시 모가면 운영 정보와 문의 방법을 정리했습니다. 60분·90분 코스와 100,000원부터 가격, 코스 구성, 영업시간과 문의 수단을 순서대로 확인할 수 있습니다.","shops/gyeonggi/pocheon/화현면/너무이쁜테라피/index.html || 너무이쁜테라피의 포천시 화현면 운영 정보와 문의 방법을 정리했습니다. 60분·90분 코스와 60,000원부터 가격, 코스 구성, 영업시간과 문의 수단을 순서대로 확인할 수 있습니다.",""
"DESCRIPTION_TEMPLATE","669","업체상세","2","x 의 loc x 이용 안내입니다 n n 코스와 n n 부터 확인되는 가격 정보를 포함해 코스 구성과 가격 운영시간 연락 방법을 한곳에서 확인할 수 있습니다","shops/seoul/geumcheon-gu/시흥동/love테라피/index.html || love테라피의 금천구 시흥동 이용 안내입니다. 60분·90분 코스와 70,000원부터 확인되는 가격 정보를 포함해 코스 구성과 가격, 운영시간, 연락 방법을 한곳에서 확인할 수 있습니다.","shops/seoul/seongbuk-gu/성북동/너무이쁜테라피/index.html || 너무이쁜테라피의 성북구 성북동 이용 안내입니다. 60분·90분 코스와 60,000원부터 확인되는 가격 정보를 포함해 코스 구성과 가격, 운영시간, 연락 방법을 한곳에서 확인할 수 있습니다.",""
"DESCRIPTION_TEMPLATE","670","업체상세","2","loc loc 생활권에서 확인할 수 있는 x 정보를 담았습니다 운영시간과 코스 구성 가격 연락 방법을 한 페이지에서 확인할 수 있습니다","shops/other/gwangju/buk-gu/건국동/나비테라피/index.html || 북구 건국동 생활권에서 확인할 수 있는 나비테라피 정보를 담았습니다. 운영시간과 코스 구성, 가격, 연락 방법을 한 페이지에서 확인할 수 있습니다.","shops/other/gwangju/seo-gu/서창동/나비테라피/index.html || 서구 서창동 생활권에서 확인할 수 있는 나비테라피 정보를 담았습니다. 운영시간과 코스 구성, 가격, 연락 방법을 한 페이지에서 확인할 수 있습니다.",""
"DESCRIPTION_TEMPLATE","671","업체상세","2","loc x 기준 x 의 코스와 이용 정보를 확인할 수 있습니다 가격과 코스 구성 영업시간 및 연락 수단을 비교해 이용 전 참고할 수 있습니다","shops/other/gwangju/gwangsan-gu/하남동/나비테라피/index.html || 광산구 하남동 기준 나비테라피의 코스와 이용 정보를 확인할 수 있습니다. 가격과 코스 구성, 영업시간 및 연락 수단을 비교해 이용 전 참고할 수 있습니다.","shops/other/gwangju/dong-gu/지산동/나비테라피/index.html || 동구 지산동 기준 나비테라피의 코스와 이용 정보를 확인할 수 있습니다. 가격과 코스 구성, 영업시간 및 연락 수단을 비교해 이용 전 참고할 수 있습니다.",""
"DESCRIPTION_TEMPLATE","672","업체상세","2","loc x 지역의 x 이용 정보를 정리했습니다 n n 코스와 n n 부터 확인되는 가격 정보를 포함해 가격 코스 구성 영업시간과 문의 수단을 순서대로 확인할 수 있습니다","shops/seoul/geumcheon-gu/시흥동/프리미엄테라피/index.html || 금천구 시흥동 지역의 프리미엄테라피 이용 정보를 정리했습니다. 60분·90분 코스와 60,000원부터 확인되는 가격 정보를 포함해 가격, 코스 구성, 영업시간과 문의 수단을 순서대로 확인할 수 있습니다.","shops/gyeonggi/pocheon/신북면/love테라피/index.html || 포천시 신북면 지역의 love테라피 이용 정보를 정리했습니다. 60분·90분 코스와 70,000원부터 확인되는 가격 정보를 포함해 가격, 코스 구성, 영업시간과 문의 수단을 순서대로 확인할 수 있습니다.",""
"DESCRIPTION_TEMPLATE","673","업체상세","2","loc x 기준으로 x 운영 정보를 정리했습니다 코스 가격 영업시간과 전화 또는 문자 문의 방법을 확인할 수 있습니다","shops/other/gwangju/gwangsan-gu/신창동/나비테라피/index.html || 광산구 신창동 기준으로 나비테라피 운영 정보를 정리했습니다. 코스·가격·영업시간과 전화 또는 문자 문의 방법을 확인할 수 있습니다.","shops/other/gwangju/dong-gu/산수동/나비테라피/index.html || 동구 산수동 기준으로 나비테라피 운영 정보를 정리했습니다. 코스·가격·영업시간과 전화 또는 문자 문의 방법을 확인할 수 있습니다.",""
"DESCRIPTION_TEMPLATE","674","업체상세","2","x 관련 loc x 정보를 확인할 수 있습니다 코스 가격 영업시간과 전화 또는 문자 문의 방법을 확인할 수 있습니다","shops/other/gwangju/gwangsan-gu/수완동/나비테라피/index.html || 나비테라피 관련 광산구 수완동 정보를 확인할 수 있습니다. 코스·가격·영업시간과 전화 또는 문자 문의 방법을 확인할 수 있습니다.","shops/other/gwangju/seo-gu/양동/나비테라피/index.html || 나비테라피 관련 서구 양동 정보를 확인할 수 있습니다. 코스·가격·영업시간과 전화 또는 문자 문의 방법을 확인할 수 있습니다.",""
"DESCRIPTION_TEMPLATE","675","업체상세","2","x 관련 loc x 정보를 확인할 수 있습니다 n n 부터 확인되는 가격 정보와 n n 코스 시간을 함께 살펴보고 코스 가격 영업시간과 전화 또는 문자 문의 방법을 확인할 수 있습니다","shops/other/daegu/dalseo-gu/유천동/대구테라피/index.html || 대구테라피 관련 달서구 유천동 정보를 확인할 수 있습니다. 80,000원부터 확인되는 가격 정보와 60분·90분 코스 시간을 함께 살펴보고 코스·가격·영업시간과 전화 또는 문자 문의 방법을 확인할 수 있습니다.","shops/other/daegu/suseong-gu/상동/대구테라피/index.html || 대구테라피 관련 수성구 상동 정보를 확인할 수 있습니다. 80,000원부터 확인되는 가격 정보와 60분·90분 코스 시간을 함께 살펴보고 코스·가격·영업시간과 전화 또는 문자 문의 방법을 확인할 수 있습니다.",""
"DESCRIPTION_TEMPLATE","676","업체상세","2","loc x 기준으로 x 운영 정보를 정리했습니다 n n 코스와 n n 부터 이용 가능한 코스와 가격 영업시간 전화 문자 문의 정보를 확인할 수 있습니다","shops/seoul/nowon-gu/하계동/love테라피/index.html || 노원구 하계동 기준으로 love테라피 운영 정보를 정리했습니다. 60분·90분 코스와 70,000원부터 이용 가능한 코스와 가격, 영업시간, 전화·문자 문의 정보를 확인할 수 있습니다.","shops/incheon/geomdan-gu/검단동/한국미인테라피/index.html || 검단구 검단동 기준으로 한국미인테라피 운영 정보를 정리했습니다. 60분·90분 코스와 100,000원부터 이용 가능한 코스와 가격, 영업시간, 전화·문자 문의 정보를 확인할 수 있습니다.",""
"DESCRIPTION_TEMPLATE","677","업체상세","2","loc loc x 기준 x 의 코스와 이용 정보를 확인할 수 있습니다 n n 부터 확인되는 가격 정보와 n n 코스 시간을 함께 살펴보고 코스별 시간과 가격 운영시간 전화 문자 문의 내용을 살펴볼 수 있습니다","shops/gyeonggi/yongin/suji-gu/동천동/너무이쁜테라피/index.html || 용인시-수지구 동천동 기준 너무이쁜테라피의 코스와 이용 정보를 확인할 수 있습니다. 60,000원부터 확인되는 가격 정보와 60분·90분 코스 시간을 함께 살펴보고 코스별 시간과 가격, 운영시간, 전화·문자 문의 내용을 살펴볼 수 있습니다.","shops/gyeonggi/hwaseong/byeongjeom-gu/진안동/너무이쁜테라피/index.html || 화성시-병점구 진안동 기준 너무이쁜테라피의 코스와 이용 정보를 확인할 수 있습니다. 60,000원부터 확인되는 가격 정보와 60분·90분 코스 시간을 함께 살펴보고 코스별 시간과 가격, 운영시간, 전화·문자 문의 내용을 살펴볼 수 있습니다.",""
"DESCRIPTION_TEMPLATE","678","업체상세","2","x 의 loc x 이용 안내입니다 n n 코스와 n n 부터 코스와 가격 영업시간 전화 문자 문의 방법을 함께 확인할 수 있습니다","shops/seoul/dongdaemun-gu/답십리동/한국미인테라피/index.html || 한국미인테라피의 동대문구 답십리동 이용 안내입니다. 60분·90분 코스와 100,000원부터 코스와 가격, 영업시간, 전화·문자 문의 방법을 함께 확인할 수 있습니다.","shops/seoul/mapo-gu/신수동/너무이쁜테라피/index.html || 너무이쁜테라피의 마포구 신수동 이용 안내입니다. 60분·90분 코스와 60,000원부터 코스와 가격, 영업시간, 전화·문자 문의 방법을 함께 확인할 수 있습니다.",""
"DESCRIPTION_TEMPLATE","679","지역SEO","2","x x 기준 생활권과 loc loc loc 등 인접 지역의 범위를 함께 정리했습니다 현재 위치에서 이어지는 주변 지역을 살펴보고 loc 방향을 판단할 때 활용할 수 있습니다","massage/other/cheonan/seobuk-gu/천안-서북구-출장마사지-동별-생활권-지역안내/index.html || 천안 서북구 기준 생활권과 백석동·부성동·불당동 등 인접 지역의 범위를 함께 정리했습니다. 현재 위치에서 이어지는 주변 지역을 살펴보고 이동 방향을 판단할 때 활용할 수 있습니다.","massage/주촌면-출장마사지-김해-생활권-지역정보-이용안내/index.html || 김해 주촌면 기준 생활권과 대동면·상동면·생림면 등 인접 지역의 범위를 함께 정리했습니다. 현재 위치에서 이어지는 주변 지역을 살펴보고 이동 방향을 판단할 때 활용할 수 있습니다.",""
"DESCRIPTION_TEMPLATE","680","지역SEO","2","x x 의 위치 특성과 loc loc loc 등 인접 지역의 연결 방향을 함께 안내합니다 가까운 생활권과 loc 범위를 비교해 지역 선택 전 참고할 수 있습니다","massage/other/changwon/masanhappo-gu/창원-마산합포구-출장마사지-동별-생활권-지역안내/index.html || 창원 마산합포구의 위치 특성과 가포동·교방동·문화동 등 인접 지역의 연결 방향을 함께 안내합니다. 가까운 생활권과 이동 범위를 비교해 지역 선택 전 참고할 수 있습니다.","massage/other/daegu/dalseong-gun/대구-달성군-출장마사지-읍면-생활권-지역안내/index.html || 대구 달성군의 위치 특성과 논공읍·다사읍·옥포읍 등 인접 지역의 연결 방향을 함께 안내합니다. 가까운 생활권과 이동 범위를 비교해 지역 선택 전 참고할 수 있습니다.",""
"DESCRIPTION_TEMPLATE","681","지역SEO","2","x loc 생활권을 중심으로 loc loc loc 등 가까운 지역 정보를 정리했습니다 인접 지역의 위치 관계와 생활권 범위를 비교할 때 참고할 수 있습니다","massage/gyeonggi/suwon/paldal-gu/수원시-팔달구-출장마사지-동별-생활권-지역안내/index.html || 수원시 팔달구 생활권을 중심으로 고등동·매교동·매산동 등 가까운 지역 정보를 정리했습니다. 인접 지역의 위치 관계와 생활권 범위를 비교할 때 참고할 수 있습니다.","massage/청북읍-출장마사지-평택시-생활권-지역정보-이용안내/index.html || 평택시 청북읍 생활권을 중심으로 고덕면·서탄면·안중읍 등 가까운 지역 정보를 정리했습니다. 인접 지역의 위치 관계와 생활권 범위를 비교할 때 참고할 수 있습니다.",""
"DESCRIPTION_TEMPLATE","682","업체상세","2","x 의 loc x 이용 안내입니다 n n 코스와 n n 부터 가격과 이용시간 연락 방법을 확인해 필요한 내용을 loc 비교할 수 있습니다","shops/gyeonggi/uijeongbu/송산동/한국미인테라피/index.html || 한국미인테라피의 의정부시 송산동 이용 안내입니다. 60분·90분 코스와 100,000원부터 가격과 이용시간, 연락 방법을 확인해 필요한 내용을 미리 비교할 수 있습니다.","shops/other/daegu/suseong-gu/고산동/대구테라피/index.html || 대구테라피의 수성구 고산동 이용 안내입니다. 60분·90분 코스와 80,000원부터 가격과 이용시간, 연락 방법을 확인해 필요한 내용을 미리 비교할 수 있습니다.",""
"DESCRIPTION_TEMPLATE","683","지역SEO","2","x x 에서 loc loc loc 등 주변 지역으로 이어지는 범위를 확인할 수 있습니다 현재 위치에서 가까운 지역을 비교하고 loc 범위를 살펴볼 때 참고할 수 있습니다","massage/other/cheongju/sangdang-gu/청주-상당구-출장마사지-동별-생활권-지역안내/index.html || 청주 상당구에서 금천동·성안동·영운동 등 주변 지역으로 이어지는 범위를 확인할 수 있습니다. 현재 위치에서 가까운 지역을 비교하고 이동 범위를 살펴볼 때 참고할 수 있습니다.","massage/연기면-출장마사지-세종-생활권-지역정보-이용안내/index.html || 세종 연기면에서 금남면·부강면·소정면 등 주변 지역으로 이어지는 범위를 확인할 수 있습니다. 현재 위치에서 가까운 지역을 비교하고 이동 범위를 살펴볼 때 참고할 수 있습니다.",""
"DESCRIPTION_TEMPLATE","684","지역SEO","2","x loc 지역과 loc loc loc 등 인접 생활권을 함께 살펴볼 수 있도록 구성했습니다 가까운 지역과 연결 방향을 비교해 현재 위치 기준 생활권을 살펴볼 수 있습니다","massage/gyeonggi/seongnam/jungwon-gu/성남시-중원구-출장마사지-동별-생활권-지역안내/index.html || 성남시 중원구 지역과 금광동·도촌동·상대원동 등 인접 생활권을 함께 살펴볼 수 있도록 구성했습니다. 가까운 지역과 연결 방향을 비교해 현재 위치 기준 생활권을 살펴볼 수 있습니다.","massage/영북면-출장마사지-포천시-생활권-지역정보-이용안내/index.html || 포천시 영북면 지역과 가산면·관인면·군내면 등 인접 생활권을 함께 살펴볼 수 있도록 구성했습니다. 가까운 지역과 연결 방향을 비교해 현재 위치 기준 생활권을 살펴볼 수 있습니다.",""
"DESCRIPTION_TEMPLATE","685","지역SEO","2","x x 기준 생활권과 loc loc loc 등 인접 지역의 범위를 함께 정리했습니다 가까운 지역과 연결 방향을 비교해 현재 위치 기준 생활권을 살펴볼 수 있습니다","massage/other/cheongju/heungdeok-gu/청주-흥덕구-출장마사지-동별-생활권-지역안내/index.html || 청주 흥덕구 기준 생활권과 가경동·강서동·복대동 등 인접 지역의 범위를 함께 정리했습니다. 가까운 지역과 연결 방향을 비교해 현재 위치 기준 생활권을 살펴볼 수 있습니다.","massage/곤지암읍-출장마사지-광주시-생활권-지역정보-이용안내/index.html || 광주시 곤지암읍 기준 생활권과 남종면·남한산성면·도척면 등 인접 지역의 범위를 함께 정리했습니다. 가까운 지역과 연결 방향을 비교해 현재 위치 기준 생활권을 살펴볼 수 있습니다.",""
"DESCRIPTION_TEMPLATE","686","지역SEO","2","x x 생활권을 중심으로 loc loc loc 등 가까운 지역 정보를 정리했습니다 생활권 연결 방향과 위치 범위를 비교해 주변 지역을 확인할 때 활용할 수 있습니다","massage/other/cheonan/dongnam-gu/천안-동남구-출장마사지-동별-생활권-지역안내/index.html || 천안 동남구 생활권을 중심으로 문성동·봉명동·신방동 등 가까운 지역 정보를 정리했습니다. 생활권 연결 방향과 위치 범위를 비교해 주변 지역을 확인할 때 활용할 수 있습니다.","massage/음봉면-출장마사지-아산-생활권-지역정보-이용안내/index.html || 아산 음봉면 생활권을 중심으로 도고면·둔포면·배방읍 등 가까운 지역 정보를 정리했습니다. 생활권 연결 방향과 위치 범위를 비교해 주변 지역을 확인할 때 활용할 수 있습니다.",""
"DESCRIPTION_TEMPLATE","687","업체상세","2","x 이용을 검토할 때 참고할 loc x 상세 정보입니다 n n 코스와 n n 부터 확인되는 가격 정보를 포함해 가격과 코스 구성 영업시간 및 연락 수단을 비교해 이용 전 참고할 수 있습니다","shops/seoul/dobong-gu/창동/프리미엄테라피/index.html || 프리미엄테라피 이용을 검토할 때 참고할 도봉구 창동 상세 정보입니다. 60분·90분 코스와 60,000원부터 확인되는 가격 정보를 포함해 가격과 코스 구성, 영업시간 및 연락 수단을 비교해 이용 전 참고할 수 있습니다.","shops/seoul/jung-gu/필동/프리미엄테라피/index.html || 프리미엄테라피 이용을 검토할 때 참고할 중구 필동 상세 정보입니다. 60분·90분 코스와 60,000원부터 확인되는 가격 정보를 포함해 가격과 코스 구성, 영업시간 및 연락 수단을 비교해 이용 전 참고할 수 있습니다.",""
"DESCRIPTION_TEMPLATE","688","지역SEO","2","x x 생활권과 loc loc loc 등 가까운 지역의 관계를 정리했습니다 생활권별 위치와 loc 흐름을 비교해 주변 지역을 확인하기 쉽도록 구성했습니다","massage/other/changwon/jinhae-gu/창원-진해구-출장마사지-동별-생활권-지역안내/index.html || 창원 진해구 생활권과 경화동·덕산동·병암동 등 가까운 지역의 관계를 정리했습니다. 생활권별 위치와 이동 흐름을 비교해 주변 지역을 확인하기 쉽도록 구성했습니다.","massage/금마면-출장마사지-익산-생활권-지역정보-이용안내/index.html || 익산 금마면 생활권과 낭산면·망성면·삼기면 등 가까운 지역의 관계를 정리했습니다. 생활권별 위치와 이동 흐름을 비교해 주변 지역을 확인하기 쉽도록 구성했습니다.",""
"DESCRIPTION_TEMPLATE","689","업체상세","2","loc x 에서 x 이용 전 확인할 정보를 모았습니다 n n 코스와 n n 부터 코스별 이용시간과 가격 운영시간 및 연락 방법을 비교할 수 있습니다","shops/seoul/nowon-gu/4동/너무이쁜테라피/index.html || 노원구 4동에서 너무이쁜테라피 이용 전 확인할 정보를 모았습니다. 60분·90분 코스와 60,000원부터 코스별 이용시간과 가격, 운영시간 및 연락 방법을 비교할 수 있습니다.","shops/seoul/jung-gu/약수동/한국미인테라피/index.html || 중구 약수동에서 한국미인테라피 이용 전 확인할 정보를 모았습니다. 60분·90분 코스와 100,000원부터 코스별 이용시간과 가격, 운영시간 및 연락 방법을 비교할 수 있습니다.",""
"DESCRIPTION_TEMPLATE","690","업체상세","2","loc x 지역의 x 이용 정보를 정리했습니다 n n 부터 확인되는 가격 정보와 n n 코스 시간을 함께 살펴보고 가격과 이용시간 연락 방법을 확인해 필요한 내용을 loc 비교할 수 있습니다","shops/gyeonggi/uijeongbu/자금동/love테라피/index.html || 의정부시 자금동 지역의 love테라피 이용 정보를 정리했습니다. 70,000원부터 확인되는 가격 정보와 60분·90분 코스 시간을 함께 살펴보고 가격과 이용시간, 연락 방법을 확인해 필요한 내용을 미리 비교할 수 있습니다.","shops/other/jeonju/deokjin-gu/송천동/다온테라피/index.html || 덕진구 송천동 지역의 다온테라피 이용 정보를 정리했습니다. 60,000원부터 확인되는 가격 정보와 60분·90분 코스 시간을 함께 살펴보고 가격과 이용시간, 연락 방법을 확인해 필요한 내용을 미리 비교할 수 있습니다.",""
"DESCRIPTION_TEMPLATE","691","지역SEO","2","x loc 기준으로 loc loc loc 등 인접 지역 정보를 정리했습니다 생활권 연결 방향과 위치 범위를 비교해 주변 지역을 확인할 때 활용할 수 있습니다","massage/gyeonggi/hwaseong/manse-gu/화성시-만세구-출장마사지-동별-생활권-지역안내/index.html || 화성시 만세구 기준으로 새솔동·남양읍·우정읍 등 인접 지역 정보를 정리했습니다. 생활권 연결 방향과 위치 범위를 비교해 주변 지역을 확인할 때 활용할 수 있습니다.","massage/부발읍-출장마사지-이천시-생활권-지역정보-이용안내/index.html || 이천시 부발읍 기준으로 대월면·마장면·모가면 등 인접 지역 정보를 정리했습니다. 생활권 연결 방향과 위치 범위를 비교해 주변 지역을 확인할 때 활용할 수 있습니다.",""
"DESCRIPTION_TEMPLATE","692","업체상세","2","loc x 에서 x 이용 전 확인할 정보를 모았습니다 n n 이용시간과 n n 부터 확인되는 가격 정보를 함께 확인하며 가격 코스 구성 영업시간과 문의 수단을 순서대로 확인할 수 있습니다","shops/seoul/nowon-gu/7동/love테라피/index.html || 노원구 7동에서 love테라피 이용 전 확인할 정보를 모았습니다. 60분·90분 이용시간과 70,000원부터 확인되는 가격 정보를 함께 확인하며 가격, 코스 구성, 영업시간과 문의 수단을 순서대로 확인할 수 있습니다.","shops/gyeonggi/yangpyeong/강하면/한국미인테라피/index.html || 양평군 강하면에서 한국미인테라피 이용 전 확인할 정보를 모았습니다. 60분·90분 이용시간과 100,000원부터 확인되는 가격 정보를 함께 확인하며 가격, 코스 구성, 영업시간과 문의 수단을 순서대로 확인할 수 있습니다.",""
"DESCRIPTION_TEMPLATE","693","업체상세","2","loc x 기준 x 의 코스와 이용 정보를 확인할 수 있습니다 n n 부터 시작하는 가격과 n n 코스 정보를 바탕으로 코스 가격 영업시간과 전화 또는 문자 문의 방법을 확인할 수 있습니다","shops/seoul/dongdaemun-gu/답십리동/너무이쁜테라피/index.html || 동대문구 답십리동 기준 너무이쁜테라피의 코스와 이용 정보를 확인할 수 있습니다. 60,000원부터 시작하는 가격과 60분·90분 코스 정보를 바탕으로 코스·가격·영업시간과 전화 또는 문자 문의 방법을 확인할 수 있습니다.","shops/seoul/seongdong-gu/마장동/한국미인테라피/index.html || 성동구 마장동 기준 한국미인테라피의 코스와 이용 정보를 확인할 수 있습니다. 100,000원부터 시작하는 가격과 60분·90분 코스 정보를 바탕으로 코스·가격·영업시간과 전화 또는 문자 문의 방법을 확인할 수 있습니다.",""
"DESCRIPTION_TEMPLATE","694","업체상세","2","loc loc x 에서 x 이용 전 확인할 정보를 모았습니다 n n 코스 구성과 n n 부터 확인되는 가격대를 확인한 뒤 이용 가능한 코스와 가격 영업시간 전화 문자 문의 정보를 확인할 수 있습니다","shops/gyeonggi/yongin/cheoin-gu/양지읍/love테라피/index.html || 용인시-처인구 양지읍에서 love테라피 이용 전 확인할 정보를 모았습니다. 60분·90분 코스 구성과 70,000원부터 확인되는 가격대를 확인한 뒤 이용 가능한 코스와 가격, 영업시간, 전화·문자 문의 정보를 확인할 수 있습니다.","shops/gyeonggi/hwaseong/hyohaeng-gu/비봉면/한국미인테라피/index.html || 화성시-효행구 비봉면에서 한국미인테라피 이용 전 확인할 정보를 모았습니다. 60분·90분 코스 구성과 100,000원부터 확인되는 가격대를 확인한 뒤 이용 가능한 코스와 가격, 영업시간, 전화·문자 문의 정보를 확인할 수 있습니다.",""
"DESCRIPTION_TEMPLATE","695","업체상세","2","x 관련 loc loc x 정보를 확인할 수 있습니다 n n 코스와 n n 부터 확인되는 가격 정보를 포함해 이용 가능한 코스와 가격 영업시간 전화 문자 문의 정보를 확인할 수 있습니다","shops/gyeonggi/yongin/cheoin-gu/이동읍/프리미엄테라피/index.html || 프리미엄테라피 관련 용인시-처인구 이동읍 정보를 확인할 수 있습니다. 60분·90분 코스와 60,000원부터 확인되는 가격 정보를 포함해 이용 가능한 코스와 가격, 영업시간, 전화·문자 문의 정보를 확인할 수 있습니다.","shops/gyeonggi/hwaseong/manse-gu/향남읍/love테라피/index.html || love테라피 관련 화성시-만세구 향남읍 정보를 확인할 수 있습니다. 60분·90분 코스와 70,000원부터 확인되는 가격 정보를 포함해 이용 가능한 코스와 가격, 영업시간, 전화·문자 문의 정보를 확인할 수 있습니다.",""
"DESCRIPTION_TEMPLATE","696","지역SEO","2","x x 주변 지역을 확인할 때 loc loc loc 등 가까운 생활권을 비교할 수 있습니다 인접 생활권과 주변 위치를 확인해 loc 동선을 검토할 때 활용할 수 있습니다","massage/gyeonggi/goyang/ilsandong-gu/고양시-일산동구-출장마사지-동별-생활권-지역안내/index.html || 고양시 일산동구 주변 지역을 확인할 때 고봉동·마두동·백석동 등 가까운 생활권을 비교할 수 있습니다. 인접 생활권과 주변 위치를 확인해 이동 동선을 검토할 때 활용할 수 있습니다.","massage/개정면-출장마사지-군산-생활권-지역정보-이용안내/index.html || 군산 개정면 주변 지역을 확인할 때 나포면·대야면·서수면 등 가까운 생활권을 비교할 수 있습니다. 인접 생활권과 주변 위치를 확인해 이동 동선을 검토할 때 활용할 수 있습니다.",""
"DESCRIPTION_TEMPLATE","697","지역SEO","2","x loc 주변의 loc loc loc 등 연결 지역을 중심으로 위치 정보를 구성했습니다 주변 위치와 loc 동선을 한눈에 비교할 수 있도록 필요한 정보만 담았습니다","massage/gyeonggi/goyang/deogyang-gu/고양시-덕양구-출장마사지-동별-생활권-지역안내/index.html || 고양시 덕양구 주변의 고양동·관산동·능곡동 등 연결 지역을 중심으로 위치 정보를 구성했습니다. 주변 위치와 이동 동선을 한눈에 비교할 수 있도록 필요한 정보만 담았습니다.","massage/gyeonggi/hwaseong/byeongjeom-gu/화성시-병점구-출장마사지-동별-생활권-지역안내/index.html || 화성시 병점구 주변의 반월동·병점동·진안동 등 연결 지역을 중심으로 위치 정보를 구성했습니다. 주변 위치와 이동 동선을 한눈에 비교할 수 있도록 필요한 정보만 담았습니다.",""
"DESCRIPTION_TEMPLATE","698","업체상세","2","x 의 loc x 이용 안내입니다 n n 부터 시작하는 가격과 n n 코스 정보를 바탕으로 운영시간과 코스 구성 가격 연락 방법을 한 페이지에서 확인할 수 있습니다","shops/seoul/dobong-gu/도봉동/프리미엄테라피/index.html || 프리미엄테라피의 도봉구 도봉동 이용 안내입니다. 60,000원부터 시작하는 가격과 60분·90분 코스 정보를 바탕으로 운영시간과 코스 구성, 가격, 연락 방법을 한 페이지에서 확인할 수 있습니다.","shops/incheon/namdong-gu/장수서창동/너무이쁜테라피/index.html || 너무이쁜테라피의 남동구 장수서창동 이용 안내입니다. 60,000원부터 시작하는 가격과 60분·90분 코스 정보를 바탕으로 운영시간과 코스 구성, 가격, 연락 방법을 한 페이지에서 확인할 수 있습니다.",""
"DESCRIPTION_TEMPLATE","699","업체상세","2","loc x 지역의 x 이용 정보를 정리했습니다 n n 이용시간과 n n 부터 확인되는 가격 정보를 함께 확인하며 코스별 이용시간과 가격 운영시간 및 연락 방법을 비교할 수 있습니다","shops/incheon/michuhol-gu/학익동/한국미인테라피/index.html || 미추홀구 학익동 지역의 한국미인테라피 이용 정보를 정리했습니다. 60분·90분 이용시간과 100,000원부터 확인되는 가격 정보를 함께 확인하며 코스별 이용시간과 가격, 운영시간 및 연락 방법을 비교할 수 있습니다.","shops/other/daejeon/daedeok-gu/비래동/24시미녀테라피/index.html || 대덕구 비래동 지역의 24시미녀테라피 이용 정보를 정리했습니다. 60분·90분 이용시간과 70,000원부터 확인되는 가격 정보를 함께 확인하며 코스별 이용시간과 가격, 운영시간 및 연락 방법을 비교할 수 있습니다.",""
"DESCRIPTION_TEMPLATE","700","업체상세","2","loc x 에서 이용 가능한 x 정보를 보기 쉽게 정리했습니다 n n 코스와 n n 부터 확인되는 가격 정보를 포함해 코스와 가격 영업시간 전화 문자 문의 방법을 함께 확인할 수 있습니다","shops/incheon/bupyeong-gu/부평동/프리미엄테라피/index.html || 부평구 부평동에서 이용 가능한 프리미엄테라피 정보를 보기 쉽게 정리했습니다. 60분·90분 코스와 60,000원부터 확인되는 가격 정보를 포함해 코스와 가격, 영업시간, 전화·문자 문의 방법을 함께 확인할 수 있습니다.","shops/other/cheongju/sangdang-gu/가덕면/S썸바디테라피/index.html || 상당구 가덕면에서 이용 가능한 S썸바디테라피 정보를 보기 쉽게 정리했습니다. 60분·90분 코스와 50,000원부터 확인되는 가격 정보를 포함해 코스와 가격, 영업시간, 전화·문자 문의 방법을 함께 확인할 수 있습니다.",""
"DESCRIPTION_TEMPLATE","701","업체상세","2","x 이용 전 살펴볼 loc x 지역 정보를 한곳에 모았습니다 n n 이용시간과 n n 부터 확인되는 가격 정보를 함께 확인하며 코스별 시간과 가격 운영시간 전화 문자 문의 내용을 살펴볼 수 있습니다","shops/incheon/bupyeong-gu/산곡동/한국미인테라피/index.html || 한국미인테라피 이용 전 살펴볼 부평구 산곡동 지역 정보를 한곳에 모았습니다. 60분·90분 이용시간과 100,000원부터 확인되는 가격 정보를 함께 확인하며 코스별 시간과 가격, 운영시간, 전화·문자 문의 내용을 살펴볼 수 있습니다.","shops/incheon/yeongjong-gu/영종동/love테라피/index.html || love테라피 이용 전 살펴볼 영종구 영종동 지역 정보를 한곳에 모았습니다. 60분·90분 이용시간과 70,000원부터 확인되는 가격 정보를 함께 확인하며 코스별 시간과 가격, 운영시간, 전화·문자 문의 내용을 살펴볼 수 있습니다.",""
"DESCRIPTION_TEMPLATE","702","업체상세","2","x 의 코스와 운영 정보를 loc x 기준으로 안내합니다 n n 코스 구성과 n n 부터 확인되는 가격대를 확인한 뒤 코스별 시간과 가격 운영시간 전화 문자 문의 내용을 살펴볼 수 있습니다","shops/gyeonggi/pocheon/영중면/한국미인테라피/index.html || 한국미인테라피의 코스와 운영 정보를 포천시 영중면 기준으로 안내합니다. 60분·90분 코스 구성과 100,000원부터 확인되는 가격대를 확인한 뒤 코스별 시간과 가격, 운영시간, 전화·문자 문의 내용을 살펴볼 수 있습니다.","shops/incheon/ganghwa-gun/양도면/프리미엄테라피/index.html || 프리미엄테라피의 코스와 운영 정보를 강화군 양도면 기준으로 안내합니다. 60분·90분 코스 구성과 60,000원부터 확인되는 가격대를 확인한 뒤 코스별 시간과 가격, 운영시간, 전화·문자 문의 내용을 살펴볼 수 있습니다.",""
"DESCRIPTION_TEMPLATE","703","업체상세","2","loc x 에서 이용 가능한 x 정보를 보기 쉽게 정리했습니다 n n 시간 구성과 n n 부터 시작하는 가격을 확인하면서 가격과 코스 구성 영업시간 및 연락 수단을 비교해 이용 전 참고할 수 있습니다","shops/incheon/namdong-gu/논현고잔동/한국미인테라피/index.html || 남동구 논현고잔동에서 이용 가능한 한국미인테라피 정보를 보기 쉽게 정리했습니다. 60분·90분 시간 구성과 100,000원부터 시작하는 가격을 확인하면서 가격과 코스 구성, 영업시간 및 연락 수단을 비교해 이용 전 참고할 수 있습니다.","shops/other/daejeon/jung-gu/문화동/24시미녀테라피/index.html || 중구 문화동에서 이용 가능한 24시미녀테라피 정보를 보기 쉽게 정리했습니다. 60분·90분 시간 구성과 70,000원부터 시작하는 가격을 확인하면서 가격과 코스 구성, 영업시간 및 연락 수단을 비교해 이용 전 참고할 수 있습니다.",""
"DESCRIPTION_TEMPLATE","704","업체상세","2","x 관련 loc x 정보를 확인할 수 있습니다 n n 코스 구성과 n n 부터 확인되는 가격대를 확인한 뒤 이용 가능한 코스와 가격 영업시간 전화 문자 문의 정보를 확인할 수 있습니다","shops/incheon/michuhol-gu/도화동/한국미인테라피/index.html || 한국미인테라피 관련 미추홀구 도화동 정보를 확인할 수 있습니다. 60분·90분 코스 구성과 100,000원부터 확인되는 가격대를 확인한 뒤 이용 가능한 코스와 가격, 영업시간, 전화·문자 문의 정보를 확인할 수 있습니다.","shops/other/daegu/dalseo-gu/도원동/대구테라피/index.html || 대구테라피 관련 달서구 도원동 정보를 확인할 수 있습니다. 60분·90분 코스 구성과 80,000원부터 확인되는 가격대를 확인한 뒤 이용 가능한 코스와 가격, 영업시간, 전화·문자 문의 정보를 확인할 수 있습니다.",""
"DESCRIPTION_TEMPLATE","705","업체상세","2","x 이용 전 살펴볼 loc x 지역 정보를 한곳에 모았습니다 n n 코스와 n n 부터 확인되는 가격 정보를 포함해 코스별 시간과 가격 운영시간 전화 문자 문의 내용을 살펴볼 수 있습니다","shops/gyeonggi/pocheon/영중면/너무이쁜테라피/index.html || 너무이쁜테라피 이용 전 살펴볼 포천시 영중면 지역 정보를 한곳에 모았습니다. 60분·90분 코스와 60,000원부터 확인되는 가격 정보를 포함해 코스별 시간과 가격, 운영시간, 전화·문자 문의 내용을 살펴볼 수 있습니다.","shops/other/cheongju/heungdeok-gu/강내면/S썸바디테라피/index.html || S썸바디테라피 이용 전 살펴볼 흥덕구 강내면 지역 정보를 한곳에 모았습니다. 60분·90분 코스와 50,000원부터 확인되는 가격 정보를 포함해 코스별 시간과 가격, 운영시간, 전화·문자 문의 내용을 살펴볼 수 있습니다.",""
"DESCRIPTION_TEMPLATE","706","업체상세","2","x 관련 loc x 정보를 확인할 수 있습니다 n n 코스와 n n 부터 코스별 이용시간과 가격 운영시간 및 연락 방법을 비교할 수 있습니다","shops/gyeonggi/pocheon/내촌면/한국미인테라피/index.html || 한국미인테라피 관련 포천시 내촌면 정보를 확인할 수 있습니다. 60분·90분 코스와 100,000원부터 코스별 이용시간과 가격, 운영시간 및 연락 방법을 비교할 수 있습니다.","shops/other/jeonju/wansan-gu/동서학동/다온테라피/index.html || 다온테라피 관련 완산구 동서학동 정보를 확인할 수 있습니다. 60분·90분 코스와 60,000원부터 코스별 이용시간과 가격, 운영시간 및 연락 방법을 비교할 수 있습니다.",""
"DESCRIPTION_TEMPLATE","707","업체상세","2","loc x 생활권에서 확인할 수 있는 x 정보를 담았습니다 n n 부터 확인되는 가격과 n n 코스 정보를 참고해 코스별 이용시간과 가격 운영시간 및 연락 방법을 비교할 수 있습니다","shops/incheon/yeonsu-gu/송도동/너무이쁜테라피/index.html || 연수구 송도동 생활권에서 확인할 수 있는 너무이쁜테라피 정보를 담았습니다. 60,000원부터 확인되는 가격과 60분·90분 코스 정보를 참고해 코스별 이용시간과 가격, 운영시간 및 연락 방법을 비교할 수 있습니다.","shops/other/daejeon/jung-gu/유천동/24시미녀테라피/index.html || 중구 유천동 생활권에서 확인할 수 있는 24시미녀테라피 정보를 담았습니다. 70,000원부터 확인되는 가격과 60분·90분 코스 정보를 참고해 코스별 이용시간과 가격, 운영시간 및 연락 방법을 비교할 수 있습니다.",""
"DESCRIPTION_TEMPLATE","708","업체상세","2","loc x 생활권에서 확인할 수 있는 x 정보를 담았습니다 n n 코스와 n n 부터 코스와 가격 영업시간 전화 문자 문의 방법을 함께 확인할 수 있습니다","shops/gyeonggi/pyeongtaek/팽성읍/love테라피/index.html || 평택시 팽성읍 생활권에서 확인할 수 있는 love테라피 정보를 담았습니다. 60분·90분 코스와 70,000원부터 코스와 가격, 영업시간, 전화·문자 문의 방법을 함께 확인할 수 있습니다.","shops/incheon/bupyeong-gu/갈산동/마인드좋은테라피/index.html || 부평구 갈산동 생활권에서 확인할 수 있는 마인드좋은테라피 정보를 담았습니다. 60분·90분 코스와 60,000원부터 코스와 가격, 영업시간, 전화·문자 문의 방법을 함께 확인할 수 있습니다.",""
"DESCRIPTION_TEMPLATE","709","업체상세","2","x 의 loc x 이용 안내입니다 n n 시간 구성과 n n 부터 시작하는 가격을 확인하면서 코스별 이용시간과 가격 운영시간 및 연락 방법을 비교할 수 있습니다","shops/incheon/seohae-gu/검암경서동/한국미인테라피/index.html || 한국미인테라피의 서해구 검암경서동 이용 안내입니다. 60분·90분 시간 구성과 100,000원부터 시작하는 가격을 확인하면서 코스별 이용시간과 가격, 운영시간 및 연락 방법을 비교할 수 있습니다.","shops/other/daejeon/yuseong-gu/관평동/S썸바디테라피/index.html || S썸바디테라피의 유성구 관평동 이용 안내입니다. 60분·90분 시간 구성과 50,000원부터 시작하는 가격을 확인하면서 코스별 이용시간과 가격, 운영시간 및 연락 방법을 비교할 수 있습니다.",""
"DESCRIPTION_TEMPLATE","710","업체상세","2","x 의 loc x 운영 정보와 문의 방법을 정리했습니다 n n 코스와 n n 부터 확인되는 가격 정보를 포함해 가격 코스 구성 영업시간과 문의 수단을 순서대로 확인할 수 있습니다","shops/seoul/nowon-gu/공릉동/너무이쁜테라피/index.html || 너무이쁜테라피의 노원구 공릉동 운영 정보와 문의 방법을 정리했습니다. 60분·90분 코스와 60,000원부터 확인되는 가격 정보를 포함해 가격, 코스 구성, 영업시간과 문의 수단을 순서대로 확인할 수 있습니다.","shops/gyeonggi/siheung/매화동/한국미인테라피/index.html || 한국미인테라피의 시흥시 매화동 운영 정보와 문의 방법을 정리했습니다. 60분·90분 코스와 100,000원부터 확인되는 가격 정보를 포함해 가격, 코스 구성, 영업시간과 문의 수단을 순서대로 확인할 수 있습니다.",""
"DESCRIPTION_TEMPLATE","711","업체상세","2","x 관련 loc x 정보를 확인할 수 있습니다 n n 부터 시작하는 가격과 n n 코스 정보를 바탕으로 가격과 이용시간 연락 방법을 확인해 필요한 내용을 loc 비교할 수 있습니다","shops/incheon/bupyeong-gu/청천동/한국미인테라피/index.html || 한국미인테라피 관련 부평구 청천동 정보를 확인할 수 있습니다. 100,000원부터 시작하는 가격과 60분·90분 코스 정보를 바탕으로 가격과 이용시간, 연락 방법을 확인해 필요한 내용을 미리 비교할 수 있습니다.","shops/other/daegu/dalseong-gun/유가읍/대구테라피/index.html || 대구테라피 관련 달성군 유가읍 정보를 확인할 수 있습니다. 80,000원부터 시작하는 가격과 60분·90분 코스 정보를 바탕으로 가격과 이용시간, 연락 방법을 확인해 필요한 내용을 미리 비교할 수 있습니다.",""
"DESCRIPTION_TEMPLATE","712","업체상세","2","loc x 기준 x 의 코스와 이용 정보를 확인할 수 있습니다 n n 부터 시작하는 가격과 n n 코스 정보를 바탕으로 이용 가능한 코스와 가격 영업시간 전화 문자 문의 정보를 확인할 수 있습니다","shops/gyeonggi/pocheon/영북면/love테라피/index.html || 포천시 영북면 기준 love테라피의 코스와 이용 정보를 확인할 수 있습니다. 70,000원부터 시작하는 가격과 60분·90분 코스 정보를 바탕으로 이용 가능한 코스와 가격, 영업시간, 전화·문자 문의 정보를 확인할 수 있습니다.","shops/incheon/ongjin-gun/백령면/너무이쁜테라피/index.html || 옹진군 백령면 기준 너무이쁜테라피의 코스와 이용 정보를 확인할 수 있습니다. 60,000원부터 시작하는 가격과 60분·90분 코스 정보를 바탕으로 이용 가능한 코스와 가격, 영업시간, 전화·문자 문의 정보를 확인할 수 있습니다.",""
"DESCRIPTION_TEMPLATE","713","업체상세","2","loc x 에서 이용 가능한 x 정보를 보기 쉽게 정리했습니다 n n 이용시간과 n n 부터 확인되는 가격 정보를 함께 확인하며 가격과 이용시간 연락 방법을 확인해 필요한 내용을 loc 비교할 수 있습니다","shops/incheon/namdong-gu/간석동/너무이쁜테라피/index.html || 남동구 간석동에서 이용 가능한 너무이쁜테라피 정보를 보기 쉽게 정리했습니다. 60분·90분 이용시간과 60,000원부터 확인되는 가격 정보를 함께 확인하며 가격과 이용시간, 연락 방법을 확인해 필요한 내용을 미리 비교할 수 있습니다.","shops/incheon/ongjin-gun/덕적면/너무이쁜테라피/index.html || 옹진군 덕적면에서 이용 가능한 너무이쁜테라피 정보를 보기 쉽게 정리했습니다. 60분·90분 이용시간과 60,000원부터 확인되는 가격 정보를 함께 확인하며 가격과 이용시간, 연락 방법을 확인해 필요한 내용을 미리 비교할 수 있습니다.",""
"DESCRIPTION_TEMPLATE","714","업체상세","2","x 이용을 검토할 때 참고할 loc loc x 상세 정보입니다 n n 부터 확인되는 가격과 n n 코스 정보를 참고해 코스별 이용시간과 가격 운영시간 및 연락 방법을 비교할 수 있습니다","shops/gyeonggi/hwaseong/dongtan-gu/동탄동/한국미인테라피/index.html || 한국미인테라피 이용을 검토할 때 참고할 화성시-동탄구 동탄동 상세 정보입니다. 100,000원부터 확인되는 가격과 60분·90분 코스 정보를 참고해 코스별 이용시간과 가격, 운영시간 및 연락 방법을 비교할 수 있습니다.","shops/gyeonggi/hwaseong/byeongjeom-gu/병점동/love테라피/index.html || love테라피 이용을 검토할 때 참고할 화성시-병점구 병점동 상세 정보입니다. 70,000원부터 확인되는 가격과 60분·90분 코스 정보를 참고해 코스별 이용시간과 가격, 운영시간 및 연락 방법을 비교할 수 있습니다.",""
"DESCRIPTION_TEMPLATE","715","업체상세","2","loc x 생활권에서 확인할 수 있는 x 정보를 담았습니다 n n 코스와 n n 부터 확인되는 가격 정보를 포함해 코스 구성과 가격 운영시간 연락 방법을 한곳에서 확인할 수 있습니다","shops/incheon/ganghwa-gun/내가면/한국미인테라피/index.html || 강화군 내가면 생활권에서 확인할 수 있는 한국미인테라피 정보를 담았습니다. 60분·90분 코스와 100,000원부터 확인되는 가격 정보를 포함해 코스 구성과 가격, 운영시간, 연락 방법을 한곳에서 확인할 수 있습니다.","shops/other/daejeon/dong-gu/대청동/24시미녀테라피/index.html || 동구 대청동 생활권에서 확인할 수 있는 24시미녀테라피 정보를 담았습니다. 60분·90분 코스와 70,000원부터 확인되는 가격 정보를 포함해 코스 구성과 가격, 운영시간, 연락 방법을 한곳에서 확인할 수 있습니다.",""
"DESCRIPTION_TEMPLATE","716","업체상세","2","loc x 지역의 x 이용 정보를 정리했습니다 n n 코스와 n n 부터 이용 가능한 코스와 가격 영업시간 전화 문자 문의 정보를 확인할 수 있습니다","shops/incheon/ganghwa-gun/삼산면/프리미엄테라피/index.html || 강화군 삼산면 지역의 프리미엄테라피 이용 정보를 정리했습니다. 60분·90분 코스와 60,000원부터 이용 가능한 코스와 가격, 영업시간, 전화·문자 문의 정보를 확인할 수 있습니다.","shops/other/changwon/masanhoewon-gu/회원동/경남테라피/index.html || 마산회원구 회원동 지역의 경남테라피 이용 정보를 정리했습니다. 60분·90분 코스와 60,000원부터 이용 가능한 코스와 가격, 영업시간, 전화·문자 문의 정보를 확인할 수 있습니다.",""
"DESCRIPTION_TEMPLATE","717","업체상세","2","loc loc x 에서 x 이용 전 확인할 정보를 모았습니다 n n 부터 시작하는 가격과 n n 코스 정보를 바탕으로 운영시간과 코스 구성 가격 연락 방법을 한 페이지에서 확인할 수 있습니다","shops/gyeonggi/hwaseong/manse-gu/팔탄면/프리미엄테라피/index.html || 화성시-만세구 팔탄면에서 프리미엄테라피 이용 전 확인할 정보를 모았습니다. 60,000원부터 시작하는 가격과 60분·90분 코스 정보를 바탕으로 운영시간과 코스 구성, 가격, 연락 방법을 한 페이지에서 확인할 수 있습니다.","shops/gyeonggi/hwaseong/byeongjeom-gu/반월동/한국미인테라피/index.html || 화성시-병점구 반월동에서 한국미인테라피 이용 전 확인할 정보를 모았습니다. 100,000원부터 시작하는 가격과 60분·90분 코스 정보를 바탕으로 운영시간과 코스 구성, 가격, 연락 방법을 한 페이지에서 확인할 수 있습니다.",""
"DESCRIPTION_TEMPLATE","718","업체상세","2","x 의 loc loc x 이용 안내입니다 n n 이용시간과 n n 부터 확인되는 가격 정보를 함께 확인하며 코스별 시간과 가격 운영시간 전화 문자 문의 내용을 살펴볼 수 있습니다","shops/gyeonggi/hwaseong/manse-gu/팔탄면/한국미인테라피/index.html || 한국미인테라피의 화성시-만세구 팔탄면 이용 안내입니다. 60분·90분 이용시간과 100,000원부터 확인되는 가격 정보를 함께 확인하며 코스별 시간과 가격, 운영시간, 전화·문자 문의 내용을 살펴볼 수 있습니다.","shops/gyeonggi/hwaseong/hyohaeng-gu/봉담읍/한국미인테라피/index.html || 한국미인테라피의 화성시-효행구 봉담읍 이용 안내입니다. 60분·90분 이용시간과 100,000원부터 확인되는 가격 정보를 함께 확인하며 코스별 시간과 가격, 운영시간, 전화·문자 문의 내용을 살펴볼 수 있습니다.",""
"DESCRIPTION_TEMPLATE","719","업체상세","2","loc loc x 생활권에서 확인할 수 있는 x 정보를 담았습니다 n n 이용시간과 n n 부터 확인되는 가격 정보를 함께 확인하며 가격과 코스 구성 영업시간 및 연락 수단을 비교해 이용 전 참고할 수 있습니다","shops/gyeonggi/hwaseong/manse-gu/양감면/프리미엄테라피/index.html || 화성시-만세구 양감면 생활권에서 확인할 수 있는 프리미엄테라피 정보를 담았습니다. 60분·90분 이용시간과 60,000원부터 확인되는 가격 정보를 함께 확인하며 가격과 코스 구성, 영업시간 및 연락 수단을 비교해 이용 전 참고할 수 있습니다.","shops/gyeonggi/hwaseong/byeongjeom-gu/화산동/프리미엄테라피/index.html || 화성시-병점구 화산동 생활권에서 확인할 수 있는 프리미엄테라피 정보를 담았습니다. 60분·90분 이용시간과 60,000원부터 확인되는 가격 정보를 함께 확인하며 가격과 코스 구성, 영업시간 및 연락 수단을 비교해 이용 전 참고할 수 있습니다.",""
"DESCRIPTION_TEMPLATE","720","업체상세","2","x 의 코스와 운영 정보를 loc loc x 기준으로 안내합니다 n n 코스와 n n 부터 확인되는 가격 정보를 포함해 이용 전 필요한 코스 가격 운영시간과 연락 정보를 한 번에 살펴볼 수 있습니다","shops/gyeonggi/hwaseong/manse-gu/남양읍/love테라피/index.html || love테라피의 코스와 운영 정보를 화성시-만세구 남양읍 기준으로 안내합니다. 60분·90분 코스와 70,000원부터 확인되는 가격 정보를 포함해 이용 전 필요한 코스·가격·운영시간과 연락 정보를 한 번에 살펴볼 수 있습니다.","shops/gyeonggi/hwaseong/manse-gu/우정읍/너무이쁜테라피/index.html || 너무이쁜테라피의 코스와 운영 정보를 화성시-만세구 우정읍 기준으로 안내합니다. 60분·90분 코스와 60,000원부터 확인되는 가격 정보를 포함해 이용 전 필요한 코스·가격·운영시간과 연락 정보를 한 번에 살펴볼 수 있습니다.",""
"DESCRIPTION_TEMPLATE","721","업체상세","2","x 이용 전 살펴볼 loc x 지역 정보를 한곳에 모았습니다 n n 부터 시작하는 가격과 n n 코스 정보를 바탕으로 운영시간과 코스 구성 가격 연락 방법을 한 페이지에서 확인할 수 있습니다","shops/gyeonggi/pocheon/창수면/너무이쁜테라피/index.html || 너무이쁜테라피 이용 전 살펴볼 포천시 창수면 지역 정보를 한곳에 모았습니다. 60,000원부터 시작하는 가격과 60분·90분 코스 정보를 바탕으로 운영시간과 코스 구성, 가격, 연락 방법을 한 페이지에서 확인할 수 있습니다.","shops/other/changwon/masanhappo-gu/교방동/경남테라피/index.html || 경남테라피 이용 전 살펴볼 마산합포구 교방동 지역 정보를 한곳에 모았습니다. 60,000원부터 시작하는 가격과 60분·90분 코스 정보를 바탕으로 운영시간과 코스 구성, 가격, 연락 방법을 한 페이지에서 확인할 수 있습니다.",""
"DESCRIPTION_TEMPLATE","722","업체상세","2","x 의 코스와 운영 정보를 loc x 기준으로 안내합니다 n n 이용시간과 n n 부터 확인되는 가격 정보를 함께 확인하며 코스별 시간과 가격 운영시간 전화 문자 문의 내용을 살펴볼 수 있습니다","shops/seoul/nowon-gu/상계동/한국미인테라피/index.html || 한국미인테라피의 코스와 운영 정보를 노원구 상계동 기준으로 안내합니다. 60분·90분 이용시간과 100,000원부터 확인되는 가격 정보를 함께 확인하며 코스별 시간과 가격, 운영시간, 전화·문자 문의 내용을 살펴볼 수 있습니다.","shops/seoul/mapo-gu/아현동/한국미인테라피/index.html || 한국미인테라피의 코스와 운영 정보를 마포구 아현동 기준으로 안내합니다. 60분·90분 이용시간과 100,000원부터 확인되는 가격 정보를 함께 확인하며 코스별 시간과 가격, 운영시간, 전화·문자 문의 내용을 살펴볼 수 있습니다.",""
"DESCRIPTION_TEMPLATE","723","업체상세","2","loc x 생활권에서 확인할 수 있는 x 정보를 담았습니다 n n 부터 시작하는 가격과 n n 코스 정보를 바탕으로 가격 코스 구성 영업시간과 문의 수단을 순서대로 확인할 수 있습니다","shops/incheon/gyeyang-gu/작전서운동/한국미인테라피/index.html || 계양구 작전서운동 생활권에서 확인할 수 있는 한국미인테라피 정보를 담았습니다. 100,000원부터 시작하는 가격과 60분·90분 코스 정보를 바탕으로 가격, 코스 구성, 영업시간과 문의 수단을 순서대로 확인할 수 있습니다.","shops/other/daejeon/yuseong-gu/관평동/24시미녀테라피/index.html || 유성구 관평동 생활권에서 확인할 수 있는 24시미녀테라피 정보를 담았습니다. 70,000원부터 시작하는 가격과 60분·90분 코스 정보를 바탕으로 가격, 코스 구성, 영업시간과 문의 수단을 순서대로 확인할 수 있습니다.",""
"DESCRIPTION_TEMPLATE","724","업체상세","2","loc x 지역의 x 이용 정보를 정리했습니다 n n 코스와 n n 부터 확인되는 가격 정보를 포함해 이용 가능한 코스와 가격 영업시간 전화 문자 문의 정보를 확인할 수 있습니다","shops/gyeonggi/hanam/감일동/프리미엄테라피/index.html || 하남시 감일동 지역의 프리미엄테라피 이용 정보를 정리했습니다. 60분·90분 코스와 60,000원부터 확인되는 가격 정보를 포함해 이용 가능한 코스와 가격, 영업시간, 전화·문자 문의 정보를 확인할 수 있습니다.","shops/incheon/ganghwa-gun/서도면/love테라피/index.html || 강화군 서도면 지역의 love테라피 이용 정보를 정리했습니다. 60분·90분 코스와 70,000원부터 확인되는 가격 정보를 포함해 이용 가능한 코스와 가격, 영업시간, 전화·문자 문의 정보를 확인할 수 있습니다.",""
"DESCRIPTION_TEMPLATE","725","업체상세","2","x 이용을 검토할 때 참고할 loc x 상세 정보입니다 n n 코스 구성과 n n 부터 확인되는 가격대를 확인한 뒤 이용 가능한 코스와 가격 영업시간 전화 문자 문의 정보를 확인할 수 있습니다","shops/seoul/nowon-gu/상계동/프리미엄테라피/index.html || 프리미엄테라피 이용을 검토할 때 참고할 노원구 상계동 상세 정보입니다. 60분·90분 코스 구성과 60,000원부터 확인되는 가격대를 확인한 뒤 이용 가능한 코스와 가격, 영업시간, 전화·문자 문의 정보를 확인할 수 있습니다.","shops/seoul/eunpyeong-gu/녹번동/너무이쁜테라피/index.html || 너무이쁜테라피 이용을 검토할 때 참고할 은평구 녹번동 상세 정보입니다. 60분·90분 코스 구성과 60,000원부터 확인되는 가격대를 확인한 뒤 이용 가능한 코스와 가격, 영업시간, 전화·문자 문의 정보를 확인할 수 있습니다.",""
"DESCRIPTION_TEMPLATE","726","업체상세","2","x 이용 전 살펴볼 loc x 지역 정보를 한곳에 모았습니다 n n 부터 확인되는 가격과 n n 코스 정보를 참고해 가격과 코스 구성 영업시간 및 연락 수단을 비교해 이용 전 참고할 수 있습니다","shops/gyeonggi/hanam/미사동/프리미엄테라피/index.html || 프리미엄테라피 이용 전 살펴볼 하남시 미사동 지역 정보를 한곳에 모았습니다. 60,000원부터 확인되는 가격과 60분·90분 코스 정보를 참고해 가격과 코스 구성, 영업시간 및 연락 수단을 비교해 이용 전 참고할 수 있습니다.","shops/incheon/michuhol-gu/주안동/한국미인테라피/index.html || 한국미인테라피 이용 전 살펴볼 미추홀구 주안동 지역 정보를 한곳에 모았습니다. 100,000원부터 확인되는 가격과 60분·90분 코스 정보를 참고해 가격과 코스 구성, 영업시간 및 연락 수단을 비교해 이용 전 참고할 수 있습니다.",""
"DESCRIPTION_TEMPLATE","727","업체상세","2","loc x 생활권에서 확인할 수 있는 x 정보를 담았습니다 n n 이용시간과 n n 부터 확인되는 가격 정보를 함께 확인하며 이용 가능한 코스와 가격 영업시간 전화 문자 문의 정보를 확인할 수 있습니다","shops/incheon/geomdan-gu/당하동/너무이쁜테라피/index.html || 검단구 당하동 생활권에서 확인할 수 있는 너무이쁜테라피 정보를 담았습니다. 60분·90분 이용시간과 60,000원부터 확인되는 가격 정보를 함께 확인하며 이용 가능한 코스와 가격, 영업시간, 전화·문자 문의 정보를 확인할 수 있습니다.","shops/incheon/jemulpo-gu/신포동/너무이쁜테라피/index.html || 제물포구 신포동 생활권에서 확인할 수 있는 너무이쁜테라피 정보를 담았습니다. 60분·90분 이용시간과 60,000원부터 확인되는 가격 정보를 함께 확인하며 이용 가능한 코스와 가격, 영업시간, 전화·문자 문의 정보를 확인할 수 있습니다.",""
"DESCRIPTION_TEMPLATE","728","업체상세","2","x 의 코스와 운영 정보를 loc x 기준으로 안내합니다 n n 코스와 n n 부터 코스와 가격 영업시간 전화 문자 문의 방법을 함께 확인할 수 있습니다","shops/seoul/nowon-gu/공릉동/한국미인테라피/index.html || 한국미인테라피의 코스와 운영 정보를 노원구 공릉동 기준으로 안내합니다. 60분·90분 코스와 100,000원부터 코스와 가격, 영업시간, 전화·문자 문의 방법을 함께 확인할 수 있습니다.","shops/incheon/bupyeong-gu/청천동/마인드좋은테라피/index.html || 마인드좋은테라피의 코스와 운영 정보를 부평구 청천동 기준으로 안내합니다. 60분·90분 코스와 60,000원부터 코스와 가격, 영업시간, 전화·문자 문의 방법을 함께 확인할 수 있습니다.",""
"DESCRIPTION_TEMPLATE","729","업체상세","2","x 의 코스와 운영 정보를 loc x 기준으로 안내합니다 n n 부터 확인되는 가격 정보와 n n 코스 시간을 함께 살펴보고 이용 전 필요한 코스 가격 운영시간과 연락 정보를 한 번에 살펴볼 수 있습니다","shops/other/cheongju/sangdang-gu/금천동/레드테라피/index.html || 레드테라피의 코스와 운영 정보를 상당구 금천동 기준으로 안내합니다. 60,000원부터 확인되는 가격 정보와 60분·90분 코스 시간을 함께 살펴보고 이용 전 필요한 코스·가격·운영시간과 연락 정보를 한 번에 살펴볼 수 있습니다.","shops/other/jeonju/deokjin-gu/호성동/다온테라피/index.html || 다온테라피의 코스와 운영 정보를 덕진구 호성동 기준으로 안내합니다. 60,000원부터 확인되는 가격 정보와 60분·90분 코스 시간을 함께 살펴보고 이용 전 필요한 코스·가격·운영시간과 연락 정보를 한 번에 살펴볼 수 있습니다.",""
"DESCRIPTION_TEMPLATE","730","업체상세","2","x 의 코스와 운영 정보를 loc x 기준으로 안내합니다 n n 코스와 n n 부터 확인되는 가격 정보를 포함해 코스별 시간과 가격 운영시간 전화 문자 문의 내용을 살펴볼 수 있습니다","shops/other/cheongju/sangdang-gu/문의면/레드테라피/index.html || 레드테라피의 코스와 운영 정보를 상당구 문의면 기준으로 안내합니다. 60분·90분 코스와 60,000원부터 확인되는 가격 정보를 포함해 코스별 시간과 가격, 운영시간, 전화·문자 문의 내용을 살펴볼 수 있습니다.","shops/other/changwon/jinhae-gu/경화동/경남테라피/index.html || 경남테라피의 코스와 운영 정보를 진해구 경화동 기준으로 안내합니다. 60분·90분 코스와 60,000원부터 확인되는 가격 정보를 포함해 코스별 시간과 가격, 운영시간, 전화·문자 문의 내용을 살펴볼 수 있습니다.",""
"DESCRIPTION_TEMPLATE","731","업체상세","2","loc x 기준 x 의 코스와 이용 정보를 확인할 수 있습니다 n n 부터 확인되는 가격 정보와 n n 코스 시간을 함께 살펴보고 영업시간과 코스별 가격을 확인하고 전화나 문자로 세부 내용을 문의할 수 있습니다","shops/other/daejeon/yuseong-gu/상대동/24시미녀테라피/index.html || 유성구 상대동 기준 24시미녀테라피의 코스와 이용 정보를 확인할 수 있습니다. 70,000원부터 확인되는 가격 정보와 60분·90분 코스 시간을 함께 살펴보고 영업시간과 코스별 가격을 확인하고 전화나 문자로 세부 내용을 문의할 수 있습니다.","shops/other/daejeon/jung-gu/산성동/S썸바디테라피/index.html || 중구 산성동 기준 S썸바디테라피의 코스와 이용 정보를 확인할 수 있습니다. 50,000원부터 확인되는 가격 정보와 60분·90분 코스 시간을 함께 살펴보고 영업시간과 코스별 가격을 확인하고 전화나 문자로 세부 내용을 문의할 수 있습니다.",""
"DESCRIPTION_TEMPLATE","732","업체상세","2","x 의 loc x 이용 안내입니다 n n 코스와 n n 부터 가격 코스 구성 영업시간과 문의 수단을 순서대로 확인할 수 있습니다","shops/gyeonggi/paju/조리읍/한국미인테라피/index.html || 한국미인테라피의 파주시 조리읍 이용 안내입니다. 60분·90분 코스와 100,000원부터 가격, 코스 구성, 영업시간과 문의 수단을 순서대로 확인할 수 있습니다.","shops/gyeonggi/paju/파주읍/프리미엄테라피/index.html || 프리미엄테라피의 파주시 파주읍 이용 안내입니다. 60분·90분 코스와 60,000원부터 가격, 코스 구성, 영업시간과 문의 수단을 순서대로 확인할 수 있습니다.",""
"DESCRIPTION_TEMPLATE","733","업체상세","2","x 의 코스와 운영 정보를 loc loc 기준으로 안내합니다 n n 코스와 n n 부터 코스 가격 영업시간과 전화 또는 문자 문의 방법을 확인할 수 있습니다","shops/other/daejeon/seo-gu/갈마동/24시미녀테라피/index.html || 24시미녀테라피의 코스와 운영 정보를 서구 갈마동 기준으로 안내합니다. 60분·90분 코스와 70,000원부터 코스·가격·영업시간과 전화 또는 문자 문의 방법을 확인할 수 있습니다.","shops/other/daegu/buk-gu/태전동/대구테라피/index.html || 대구테라피의 코스와 운영 정보를 북구 태전동 기준으로 안내합니다. 60분·90분 코스와 80,000원부터 코스·가격·영업시간과 전화 또는 문자 문의 방법을 확인할 수 있습니다.",""
"DESCRIPTION_TEMPLATE","734","업체상세","2","x 의 코스와 운영 정보를 loc x 기준으로 안내합니다 n n 코스와 n n 부터 코스별 시간과 가격 운영시간 전화 문자 문의 내용을 살펴볼 수 있습니다","shops/gyeonggi/paju/금촌동/너무이쁜테라피/index.html || 너무이쁜테라피의 코스와 운영 정보를 파주시 금촌동 기준으로 안내합니다. 60분·90분 코스와 60,000원부터 코스별 시간과 가격, 운영시간, 전화·문자 문의 내용을 살펴볼 수 있습니다.","shops/incheon/seohae-gu/신현원창동/love테라피/index.html || love테라피의 코스와 운영 정보를 서해구 신현원창동 기준으로 안내합니다. 60분·90분 코스와 70,000원부터 코스별 시간과 가격, 운영시간, 전화·문자 문의 내용을 살펴볼 수 있습니다.",""
"DESCRIPTION_TEMPLATE","735","업체상세","2","loc x 지역의 x 이용 정보를 정리했습니다 n n 부터 시작하는 가격과 n n 코스 정보를 바탕으로 이용 가능한 코스와 가격 영업시간 전화 문자 문의 정보를 확인할 수 있습니다","shops/other/jeonju/wansan-gu/효자동/다온테라피/index.html || 완산구 효자동 지역의 다온테라피 이용 정보를 정리했습니다. 60,000원부터 시작하는 가격과 60분·90분 코스 정보를 바탕으로 이용 가능한 코스와 가격, 영업시간, 전화·문자 문의 정보를 확인할 수 있습니다.","shops/other/daegu/dalseo-gu/본동/대구테라피/index.html || 달서구 본동 지역의 대구테라피 이용 정보를 정리했습니다. 80,000원부터 시작하는 가격과 60분·90분 코스 정보를 바탕으로 이용 가능한 코스와 가격, 영업시간, 전화·문자 문의 정보를 확인할 수 있습니다.",""
"DESCRIPTION_TEMPLATE","736","업체상세","2","loc x 에서 이용 가능한 x 정보를 보기 쉽게 정리했습니다 n n 코스와 n n 부터 확인되는 가격 정보를 포함해 가격 코스 구성 영업시간과 문의 수단을 순서대로 확인할 수 있습니다","shops/gyeonggi/icheon/백사면/너무이쁜테라피/index.html || 이천시 백사면에서 이용 가능한 너무이쁜테라피 정보를 보기 쉽게 정리했습니다. 60분·90분 코스와 60,000원부터 확인되는 가격 정보를 포함해 가격, 코스 구성, 영업시간과 문의 수단을 순서대로 확인할 수 있습니다.","shops/other/daejeon/jung-gu/오류동/S썸바디테라피/index.html || 중구 오류동에서 이용 가능한 S썸바디테라피 정보를 보기 쉽게 정리했습니다. 60분·90분 코스와 50,000원부터 확인되는 가격 정보를 포함해 가격, 코스 구성, 영업시간과 문의 수단을 순서대로 확인할 수 있습니다.",""
"DESCRIPTION_TEMPLATE","737","업체상세","2","x 이용 전 살펴볼 loc x 지역 정보를 한곳에 모았습니다 n n 이용시간과 n n 부터 확인되는 가격 정보를 함께 확인하며 코스와 가격 영업시간 전화 문자 문의 방법을 함께 확인할 수 있습니다","shops/other/daegu/dalseo-gu/두류동/대구테라피/index.html || 대구테라피 이용 전 살펴볼 달서구 두류동 지역 정보를 한곳에 모았습니다. 60분·90분 이용시간과 80,000원부터 확인되는 가격 정보를 함께 확인하며 코스와 가격, 영업시간, 전화·문자 문의 방법을 함께 확인할 수 있습니다.","shops/other/changwon/jinhae-gu/웅동동/경남테라피/index.html || 경남테라피 이용 전 살펴볼 진해구 웅동동 지역 정보를 한곳에 모았습니다. 60분·90분 이용시간과 60,000원부터 확인되는 가격 정보를 함께 확인하며 코스와 가격, 영업시간, 전화·문자 문의 방법을 함께 확인할 수 있습니다.",""
"DESCRIPTION_TEMPLATE","738","업체상세","2","loc x 기준으로 x 운영 정보를 정리했습니다 n n 시간 구성과 n n 부터 시작하는 가격을 확인하면서 가격 코스 구성 영업시간과 문의 수단을 순서대로 확인할 수 있습니다","shops/gyeonggi/icheon/신둔면/한국미인테라피/index.html || 이천시 신둔면 기준으로 한국미인테라피 운영 정보를 정리했습니다. 60분·90분 시간 구성과 100,000원부터 시작하는 가격을 확인하면서 가격, 코스 구성, 영업시간과 문의 수단을 순서대로 확인할 수 있습니다.","shops/incheon/gyeyang-gu/계양동/한국미인테라피/index.html || 계양구 계양동 기준으로 한국미인테라피 운영 정보를 정리했습니다. 60분·90분 시간 구성과 100,000원부터 시작하는 가격을 확인하면서 가격, 코스 구성, 영업시간과 문의 수단을 순서대로 확인할 수 있습니다.",""
"DESCRIPTION_TEMPLATE","739","업체상세","2","x 관련 loc x 정보를 확인할 수 있습니다 n n 시간 구성과 n n 부터 시작하는 가격을 확인하면서 가격과 이용시간 연락 방법을 확인해 필요한 내용을 loc 비교할 수 있습니다","shops/gyeonggi/icheon/호법면/love테라피/index.html || love테라피 관련 이천시 호법면 정보를 확인할 수 있습니다. 60분·90분 시간 구성과 70,000원부터 시작하는 가격을 확인하면서 가격과 이용시간, 연락 방법을 확인해 필요한 내용을 미리 비교할 수 있습니다.","shops/gyeonggi/pyeongtaek/용이동/한국미인테라피/index.html || 한국미인테라피 관련 평택시 용이동 정보를 확인할 수 있습니다. 60분·90분 시간 구성과 100,000원부터 시작하는 가격을 확인하면서 가격과 이용시간, 연락 방법을 확인해 필요한 내용을 미리 비교할 수 있습니다.",""
"DESCRIPTION_TEMPLATE","740","업체상세","2","loc x 기준으로 x 운영 정보를 정리했습니다 n n 부터 확인되는 가격과 n n 코스 정보를 참고해 영업시간과 코스별 가격을 확인하고 전화나 문자로 세부 내용을 문의할 수 있습니다","shops/seoul/nowon-gu/중계동/love테라피/index.html || 노원구 중계동 기준으로 love테라피 운영 정보를 정리했습니다. 70,000원부터 확인되는 가격과 60분·90분 코스 정보를 참고해 영업시간과 코스별 가격을 확인하고 전화나 문자로 세부 내용을 문의할 수 있습니다.","shops/gyeonggi/siheung/정왕본동/너무이쁜테라피/index.html || 시흥시 정왕본동 기준으로 너무이쁜테라피 운영 정보를 정리했습니다. 60,000원부터 확인되는 가격과 60분·90분 코스 정보를 참고해 영업시간과 코스별 가격을 확인하고 전화나 문자로 세부 내용을 문의할 수 있습니다.",""
"DESCRIPTION_TEMPLATE","741","업체상세","2","loc x 에서 x 이용 전 확인할 정보를 모았습니다 n n 코스와 n n 부터 이용 가능한 코스와 가격 영업시간 전화 문자 문의 정보를 확인할 수 있습니다","shops/other/cheongju/cheongwon-gu/오창읍/S썸바디테라피/index.html || 청원구 오창읍에서 S썸바디테라피 이용 전 확인할 정보를 모았습니다. 60분·90분 코스와 50,000원부터 이용 가능한 코스와 가격, 영업시간, 전화·문자 문의 정보를 확인할 수 있습니다.","shops/other/cheongju/heungdeok-gu/봉명동/S썸바디테라피/index.html || 흥덕구 봉명동에서 S썸바디테라피 이용 전 확인할 정보를 모았습니다. 60분·90분 코스와 50,000원부터 이용 가능한 코스와 가격, 영업시간, 전화·문자 문의 정보를 확인할 수 있습니다.",""
"DESCRIPTION_TEMPLATE","742","업체상세","2","x 의 loc x 운영 정보와 문의 방법을 정리했습니다 n n 코스와 n n 부터 확인되는 가격 정보를 포함해 운영시간과 코스 구성 가격 연락 방법을 한 페이지에서 확인할 수 있습니다","shops/other/daejeon/seo-gu/가수원동/24시미녀테라피/index.html || 24시미녀테라피의 서구 가수원동 운영 정보와 문의 방법을 정리했습니다. 60분·90분 코스와 70,000원부터 확인되는 가격 정보를 포함해 운영시간과 코스 구성, 가격, 연락 방법을 한 페이지에서 확인할 수 있습니다.","shops/other/jeonju/deokjin-gu/여의동/상큼테라피/index.html || 상큼테라피의 덕진구 여의동 운영 정보와 문의 방법을 정리했습니다. 60분·90분 코스와 70,000원부터 확인되는 가격 정보를 포함해 운영시간과 코스 구성, 가격, 연락 방법을 한 페이지에서 확인할 수 있습니다.",""
"DESCRIPTION_TEMPLATE","743","업체상세","2","x 이용 전 살펴볼 loc x 지역 정보를 한곳에 모았습니다 n n 부터 확인되는 가격과 n n 코스 정보를 참고해 이용 전 필요한 코스 가격 운영시간과 연락 정보를 한 번에 살펴볼 수 있습니다","shops/gyeonggi/pyeongtaek/지산동/너무이쁜테라피/index.html || 너무이쁜테라피 이용 전 살펴볼 평택시 지산동 지역 정보를 한곳에 모았습니다. 60,000원부터 확인되는 가격과 60분·90분 코스 정보를 참고해 이용 전 필요한 코스·가격·운영시간과 연락 정보를 한 번에 살펴볼 수 있습니다.","shops/incheon/seohae-gu/가좌동/프리미엄테라피/index.html || 프리미엄테라피 이용 전 살펴볼 서해구 가좌동 지역 정보를 한곳에 모았습니다. 60,000원부터 확인되는 가격과 60분·90분 코스 정보를 참고해 이용 전 필요한 코스·가격·운영시간과 연락 정보를 한 번에 살펴볼 수 있습니다.",""
"DESCRIPTION_TEMPLATE","744","업체상세","2","loc x 생활권에서 확인할 수 있는 x 정보를 담았습니다 n n 부터 확인되는 가격과 n n 코스 정보를 참고해 가격 코스 구성 영업시간과 문의 수단을 순서대로 확인할 수 있습니다","shops/gyeonggi/pyeongtaek/중앙동/너무이쁜테라피/index.html || 평택시 중앙동 생활권에서 확인할 수 있는 너무이쁜테라피 정보를 담았습니다. 60,000원부터 확인되는 가격과 60분·90분 코스 정보를 참고해 가격, 코스 구성, 영업시간과 문의 수단을 순서대로 확인할 수 있습니다.","shops/incheon/geomdan-gu/아라동/love테라피/index.html || 검단구 아라동 생활권에서 확인할 수 있는 love테라피 정보를 담았습니다. 70,000원부터 확인되는 가격과 60분·90분 코스 정보를 참고해 가격, 코스 구성, 영업시간과 문의 수단을 순서대로 확인할 수 있습니다.",""
"DESCRIPTION_TEMPLATE","745","업체상세","2","x 관련 loc x 정보를 확인할 수 있습니다 n n 코스 구성과 n n 부터 확인되는 가격대를 확인한 뒤 코스별 이용시간과 가격 운영시간 및 연락 방법을 비교할 수 있습니다","shops/gyeonggi/pyeongtaek/원평동/프리미엄테라피/index.html || 프리미엄테라피 관련 평택시 원평동 정보를 확인할 수 있습니다. 60분·90분 코스 구성과 60,000원부터 확인되는 가격대를 확인한 뒤 코스별 이용시간과 가격, 운영시간 및 연락 방법을 비교할 수 있습니다.","shops/incheon/jemulpo-gu/금창동/한국미인테라피/index.html || 한국미인테라피 관련 제물포구 금창동 정보를 확인할 수 있습니다. 60분·90분 코스 구성과 100,000원부터 확인되는 가격대를 확인한 뒤 코스별 이용시간과 가격, 운영시간 및 연락 방법을 비교할 수 있습니다.",""
"DESCRIPTION_TEMPLATE","746","업체상세","2","x 의 loc x 이용 안내입니다 n n 코스 구성과 n n 부터 확인되는 가격대를 확인한 뒤 운영시간과 코스 구성 가격 연락 방법을 한 페이지에서 확인할 수 있습니다","shops/incheon/jemulpo-gu/송현동/프리미엄테라피/index.html || 프리미엄테라피의 제물포구 송현동 이용 안내입니다. 60분·90분 코스 구성과 60,000원부터 확인되는 가격대를 확인한 뒤 운영시간과 코스 구성, 가격, 연락 방법을 한 페이지에서 확인할 수 있습니다.","shops/other/daejeon/jung-gu/목동/S썸바디테라피/index.html || S썸바디테라피의 중구 목동 이용 안내입니다. 60분·90분 코스 구성과 50,000원부터 확인되는 가격대를 확인한 뒤 운영시간과 코스 구성, 가격, 연락 방법을 한 페이지에서 확인할 수 있습니다.",""
"DESCRIPTION_TEMPLATE","747","업체상세","2","loc x 지역의 x 이용 정보를 정리했습니다 n n 코스와 n n 부터 코스별 시간과 가격 운영시간 전화 문자 문의 내용을 살펴볼 수 있습니다","shops/incheon/yeonsu-gu/청학동/love테라피/index.html || 연수구 청학동 지역의 love테라피 이용 정보를 정리했습니다. 60분·90분 코스와 70,000원부터 코스별 시간과 가격, 운영시간, 전화·문자 문의 내용을 살펴볼 수 있습니다.","shops/other/daegu/gunwi-gun/소보면/대구테라피/index.html || 군위군 소보면 지역의 대구테라피 이용 정보를 정리했습니다. 60분·90분 코스와 80,000원부터 코스별 시간과 가격, 운영시간, 전화·문자 문의 내용을 살펴볼 수 있습니다.",""
"DESCRIPTION_TEMPLATE","748","업체상세","2","x 의 loc x 운영 정보와 문의 방법을 정리했습니다 n n 이용시간과 n n 부터 확인되는 가격 정보를 함께 확인하며 코스와 가격 영업시간 전화 문자 문의 방법을 함께 확인할 수 있습니다","shops/incheon/ongjin-gun/북도면/너무이쁜테라피/index.html || 너무이쁜테라피의 옹진군 북도면 운영 정보와 문의 방법을 정리했습니다. 60분·90분 이용시간과 60,000원부터 확인되는 가격 정보를 함께 확인하며 코스와 가격, 영업시간, 전화·문자 문의 방법을 함께 확인할 수 있습니다.","shops/incheon/jemulpo-gu/동인천동/프리미엄테라피/index.html || 프리미엄테라피의 제물포구 동인천동 운영 정보와 문의 방법을 정리했습니다. 60분·90분 이용시간과 60,000원부터 확인되는 가격 정보를 함께 확인하며 코스와 가격, 영업시간, 전화·문자 문의 방법을 함께 확인할 수 있습니다.",""
"DESCRIPTION_TEMPLATE","749","업체상세","2","loc x 에서 x 이용 전 확인할 정보를 모았습니다 n n 시간 구성과 n n 부터 시작하는 가격을 확인하면서 이용 가능한 코스와 가격 영업시간 전화 문자 문의 정보를 확인할 수 있습니다","shops/gyeonggi/pyeongtaek/통복동/한국미인테라피/index.html || 평택시 통복동에서 한국미인테라피 이용 전 확인할 정보를 모았습니다. 60분·90분 시간 구성과 100,000원부터 시작하는 가격을 확인하면서 이용 가능한 코스와 가격, 영업시간, 전화·문자 문의 정보를 확인할 수 있습니다.","shops/incheon/michuhol-gu/학익동/너무이쁜테라피/index.html || 미추홀구 학익동에서 너무이쁜테라피 이용 전 확인할 정보를 모았습니다. 60분·90분 시간 구성과 60,000원부터 시작하는 가격을 확인하면서 이용 가능한 코스와 가격, 영업시간, 전화·문자 문의 정보를 확인할 수 있습니다.",""
"DESCRIPTION_TEMPLATE","750","업체상세","2","x 의 천안 x 이용 안내입니다 n n 시간 구성과 n n 부터 시작하는 가격을 확인하면서 영업시간과 코스별 가격을 확인하고 전화나 문자로 세부 내용을 문의할 수 있습니다","shops/other/cheonan/dongnam-gu/북면/love테라피/index.html || love테라피의 천안 북면 이용 안내입니다. 60분·90분 시간 구성과 70,000원부터 시작하는 가격을 확인하면서 영업시간과 코스별 가격을 확인하고 전화나 문자로 세부 내용을 문의할 수 있습니다.","shops/other/cheonan/dongnam-gu/직산읍/한국미인테라피/index.html || 한국미인테라피의 천안 직산읍 이용 안내입니다. 60분·90분 시간 구성과 100,000원부터 시작하는 가격을 확인하면서 영업시간과 코스별 가격을 확인하고 전화나 문자로 세부 내용을 문의할 수 있습니다.",""
"DESCRIPTION_TEMPLATE","751","업체상세","2","x 이용 전 살펴볼 loc x 지역 정보를 한곳에 모았습니다 n n 코스 구성과 n n 부터 확인되는 가격대를 확인한 뒤 가격과 이용시간 연락 방법을 확인해 필요한 내용을 loc 비교할 수 있습니다","shops/seoul/nowon-gu/중계동/한국미인테라피/index.html || 한국미인테라피 이용 전 살펴볼 노원구 중계동 지역 정보를 한곳에 모았습니다. 60분·90분 코스 구성과 100,000원부터 확인되는 가격대를 확인한 뒤 가격과 이용시간, 연락 방법을 확인해 필요한 내용을 미리 비교할 수 있습니다.","shops/other/daejeon/daedeok-gu/비래동/S썸바디테라피/index.html || S썸바디테라피 이용 전 살펴볼 대덕구 비래동 지역 정보를 한곳에 모았습니다. 60분·90분 코스 구성과 50,000원부터 확인되는 가격대를 확인한 뒤 가격과 이용시간, 연락 방법을 확인해 필요한 내용을 미리 비교할 수 있습니다.",""
"DESCRIPTION_TEMPLATE","752","업체상세","2","x 관련 loc x 정보를 확인할 수 있습니다 n n 부터 확인되는 가격 정보와 n n 코스 시간을 함께 살펴보고 코스 구성과 가격 운영시간 연락 방법을 한곳에서 확인할 수 있습니다","shops/other/daejeon/dong-gu/자양동/24시미녀테라피/index.html || 24시미녀테라피 관련 동구 자양동 정보를 확인할 수 있습니다. 70,000원부터 확인되는 가격 정보와 60분·90분 코스 시간을 함께 살펴보고 코스 구성과 가격, 운영시간, 연락 방법을 한곳에서 확인할 수 있습니다.","shops/other/daegu/dong-gu/지저동/대구테라피/index.html || 대구테라피 관련 동구 지저동 정보를 확인할 수 있습니다. 80,000원부터 확인되는 가격 정보와 60분·90분 코스 시간을 함께 살펴보고 코스 구성과 가격, 운영시간, 연락 방법을 한곳에서 확인할 수 있습니다.",""
"DESCRIPTION_TEMPLATE","753","업체상세","2","천안 x 생활권에서 확인할 수 있는 x 정보를 담았습니다 n n 코스와 n n 부터 확인되는 가격 정보를 포함해 이용 가능한 코스와 가격 영업시간 전화 문자 문의 정보를 확인할 수 있습니다","shops/other/cheonan/dongnam-gu/부성동/한국미인테라피/index.html || 천안 부성동 생활권에서 확인할 수 있는 한국미인테라피 정보를 담았습니다. 60분·90분 코스와 100,000원부터 확인되는 가격 정보를 포함해 이용 가능한 코스와 가격, 영업시간, 전화·문자 문의 정보를 확인할 수 있습니다.","shops/other/cheonan/dongnam-gu/성거읍/한국미인테라피/index.html || 천안 성거읍 생활권에서 확인할 수 있는 한국미인테라피 정보를 담았습니다. 60분·90분 코스와 100,000원부터 확인되는 가격 정보를 포함해 이용 가능한 코스와 가격, 영업시간, 전화·문자 문의 정보를 확인할 수 있습니다.",""
"DESCRIPTION_TEMPLATE","754","업체상세","2","loc x 에서 이용 가능한 x 정보를 보기 쉽게 정리했습니다 n n 부터 시작하는 가격과 n n 코스 정보를 바탕으로 이용 전 필요한 코스 가격 운영시간과 연락 정보를 한 번에 살펴볼 수 있습니다","shops/incheon/jemulpo-gu/율목동/너무이쁜테라피/index.html || 제물포구 율목동에서 이용 가능한 너무이쁜테라피 정보를 보기 쉽게 정리했습니다. 60,000원부터 시작하는 가격과 60분·90분 코스 정보를 바탕으로 이용 전 필요한 코스·가격·운영시간과 연락 정보를 한 번에 살펴볼 수 있습니다.","shops/other/daejeon/daedeok-gu/신탄진동/S썸바디테라피/index.html || 대덕구 신탄진동에서 이용 가능한 S썸바디테라피 정보를 보기 쉽게 정리했습니다. 50,000원부터 시작하는 가격과 60분·90분 코스 정보를 바탕으로 이용 전 필요한 코스·가격·운영시간과 연락 정보를 한 번에 살펴볼 수 있습니다.",""
"DESCRIPTION_TEMPLATE","755","업체상세","2","x 관련 loc x 정보를 확인할 수 있습니다 n n 부터 확인되는 가격과 n n 코스 정보를 참고해 코스별 이용시간과 가격 운영시간 및 연락 방법을 비교할 수 있습니다","shops/gyeonggi/pyeongtaek/송북동/love테라피/index.html || love테라피 관련 평택시 송북동 정보를 확인할 수 있습니다. 70,000원부터 확인되는 가격과 60분·90분 코스 정보를 참고해 코스별 이용시간과 가격, 운영시간 및 연락 방법을 비교할 수 있습니다.","shops/gyeonggi/hanam/감일동/한국미인테라피/index.html || 한국미인테라피 관련 하남시 감일동 정보를 확인할 수 있습니다. 100,000원부터 확인되는 가격과 60분·90분 코스 정보를 참고해 코스별 이용시간과 가격, 운영시간 및 연락 방법을 비교할 수 있습니다.",""
"DESCRIPTION_TEMPLATE","756","업체상세","2","loc x 에서 이용 가능한 x 정보를 보기 쉽게 정리했습니다 n n 부터 시작하는 가격과 n n 코스 정보를 바탕으로 코스 가격 영업시간과 전화 또는 문자 문의 방법을 확인할 수 있습니다","shops/incheon/jemulpo-gu/율목동/프리미엄테라피/index.html || 제물포구 율목동에서 이용 가능한 프리미엄테라피 정보를 보기 쉽게 정리했습니다. 60,000원부터 시작하는 가격과 60분·90분 코스 정보를 바탕으로 코스·가격·영업시간과 전화 또는 문자 문의 방법을 확인할 수 있습니다.","shops/other/jeonju/deokjin-gu/덕진동/상큼테라피/index.html || 덕진구 덕진동에서 이용 가능한 상큼테라피 정보를 보기 쉽게 정리했습니다. 70,000원부터 시작하는 가격과 60분·90분 코스 정보를 바탕으로 코스·가격·영업시간과 전화 또는 문자 문의 방법을 확인할 수 있습니다.",""
"DESCRIPTION_TEMPLATE","757","업체상세","2","x 이용 전 살펴볼 loc x 지역 정보를 한곳에 모았습니다 n n 시간 구성과 n n 부터 시작하는 가격을 확인하면서 운영시간과 코스 구성 가격 연락 방법을 한 페이지에서 확인할 수 있습니다","shops/seoul/gangdong-gu/둔촌동/한국미인테라피/index.html || 한국미인테라피 이용 전 살펴볼 강동구 둔촌동 지역 정보를 한곳에 모았습니다. 60분·90분 시간 구성과 100,000원부터 시작하는 가격을 확인하면서 운영시간과 코스 구성, 가격, 연락 방법을 한 페이지에서 확인할 수 있습니다.","shops/gyeonggi/gapyeong/북면/너무이쁜테라피/index.html || 너무이쁜테라피 이용 전 살펴볼 가평군 북면 지역 정보를 한곳에 모았습니다. 60분·90분 시간 구성과 60,000원부터 시작하는 가격을 확인하면서 운영시간과 코스 구성, 가격, 연락 방법을 한 페이지에서 확인할 수 있습니다.",""
"DESCRIPTION_TEMPLATE","758","지역SEO","2","loc 주변 지역을 확인할 때 loc loc 등 가까운 생활권을 비교할 수 있습니다 생활권 연결 방향과 위치 범위를 비교해 주변 지역을 확인할 때 활용할 수 있습니다","massage/월계동-출장마사지-노원구-생활권-이동동선-지역정보-이용전-안내/index.html || 월계동 주변 지역을 확인할 때 상계동·중계동 등 가까운 생활권을 비교할 수 있습니다. 생활권 연결 방향과 위치 범위를 비교해 주변 지역을 확인할 때 활용할 수 있습니다.","massage/춘의동-출장마사지-부천시-원미구-생활권-이동동선-지역정보-이용전-안내/index.html || 춘의동 주변 지역을 확인할 때 원미동·중동 등 가까운 생활권을 비교할 수 있습니다. 생활권 연결 방향과 위치 범위를 비교해 주변 지역을 확인할 때 활용할 수 있습니다.",""
"DESCRIPTION_TEMPLATE","759","지역SEO","2","loc 생활권을 중심으로 loc loc 등 가까운 지역 정보를 정리했습니다 인접 생활권과 주변 위치를 확인해 loc 동선을 검토할 때 활용할 수 있습니다","massage/중계본동-출장마사지-노원구-생활권-이동동선-지역정보-이용전-안내/index.html || 중계본동 생활권을 중심으로 중계동·하계동 등 가까운 지역 정보를 정리했습니다. 인접 생활권과 주변 위치를 확인해 이동 동선을 검토할 때 활용할 수 있습니다.","massage/성내동-출장마사지-대구-중구-생활권-이동동선-지역정보-이용전-안내/index.html || 성내동 생활권을 중심으로 동인동·삼덕동 등 가까운 지역 정보를 정리했습니다. 인접 생활권과 주변 위치를 확인해 이동 동선을 검토할 때 활용할 수 있습니다.",""
"DESCRIPTION_TEMPLATE","760","지역SEO","2","loc 주변 지역을 확인할 때 loc loc 등 가까운 생활권을 비교할 수 있습니다 주변 위치와 loc 동선을 한눈에 비교할 수 있도록 필요한 정보만 담았습니다","massage/행운동-출장마사지-관악구-생활권-이동동선-지역정보-이용전-안내/index.html || 행운동 주변 지역을 확인할 때 청룡동·청림동 등 가까운 생활권을 비교할 수 있습니다. 주변 위치와 이동 동선을 한눈에 비교할 수 있도록 필요한 정보만 담았습니다.","massage/진천동-출장마사지-대구-달서구-생활권-이동동선-지역정보-이용전-안내/index.html || 진천동 주변 지역을 확인할 때 장기동·죽전동 등 가까운 생활권을 비교할 수 있습니다. 주변 위치와 이동 동선을 한눈에 비교할 수 있도록 필요한 정보만 담았습니다.",""
"DESCRIPTION_TEMPLATE","761","업체상세","2","loc x 에서 이용 가능한 x 정보를 보기 쉽게 정리했습니다 n n 코스와 n n 부터 가격 코스 구성 영업시간과 문의 수단을 순서대로 확인할 수 있습니다","shops/seoul/gangdong-gu/상일동/한국미인테라피/index.html || 강동구 상일동에서 이용 가능한 한국미인테라피 정보를 보기 쉽게 정리했습니다. 60분·90분 코스와 100,000원부터 가격, 코스 구성, 영업시간과 문의 수단을 순서대로 확인할 수 있습니다.","shops/gyeonggi/pocheon/일동면/프리미엄테라피/index.html || 포천시 일동면에서 이용 가능한 프리미엄테라피 정보를 보기 쉽게 정리했습니다. 60분·90분 코스와 60,000원부터 가격, 코스 구성, 영업시간과 문의 수단을 순서대로 확인할 수 있습니다.",""
"DESCRIPTION_TEMPLATE","762","지역SEO","2","loc 주변의 loc loc 등 연결 지역을 중심으로 위치 정보를 구성했습니다 현재 위치에서 가까운 지역을 비교하고 loc 범위를 살펴볼 때 참고할 수 있습니다","massage/화곡본동-출장마사지-강서구-생활권-이동동선-지역정보-이용전-안내/index.html || 화곡본동 주변의 우장산동·화곡동 등 연결 지역을 중심으로 위치 정보를 구성했습니다. 현재 위치에서 가까운 지역을 비교하고 이동 범위를 살펴볼 때 참고할 수 있습니다.","massage/원당동-출장마사지-검단구-생활권-이동동선-지역정보-이용전-안내/index.html || 원당동 주변의 아라동·오류왕길동 등 연결 지역을 중심으로 위치 정보를 구성했습니다. 현재 위치에서 가까운 지역을 비교하고 이동 범위를 살펴볼 때 참고할 수 있습니다.",""
"DESCRIPTION_TEMPLATE","763","업체상세","2","x 의 loc x 이용 안내입니다 n n 코스와 n n 부터 코스별 이용시간과 가격 운영시간 및 연락 방법을 비교할 수 있습니다","shops/seoul/gangdong-gu/명일동/너무이쁜테라피/index.html || 너무이쁜테라피의 강동구 명일동 이용 안내입니다. 60분·90분 코스와 60,000원부터 코스별 이용시간과 가격, 운영시간 및 연락 방법을 비교할 수 있습니다.","shops/other/daejeon/dong-gu/대동/S썸바디테라피/index.html || S썸바디테라피의 동구 대동 이용 안내입니다. 60분·90분 코스와 50,000원부터 코스별 이용시간과 가격, 운영시간 및 연락 방법을 비교할 수 있습니다.",""
"DESCRIPTION_TEMPLATE","764","지역SEO","2","loc 기준 생활권과 loc loc loc 등 인접 지역의 범위를 함께 정리했습니다 가까운 지역과 연결 방향을 비교해 현재 위치 기준 생활권을 살펴볼 수 있습니다","massage/천연동-출장마사지-서대문구-생활권-이동동선-지역정보-이용전-안내/index.html || 천연동 기준 생활권과 신촌동·연희동·충현동 등 인접 지역의 범위를 함께 정리했습니다. 가까운 지역과 연결 방향을 비교해 현재 위치 기준 생활권을 살펴볼 수 있습니다.","massage/대덕동-출장마사지-고양시-덕양구-생활권-이동동선-지역정보-이용전-안내/index.html || 대덕동 기준 생활권과 관산동·능곡동·삼송동 등 인접 지역의 범위를 함께 정리했습니다. 가까운 지역과 연결 방향을 비교해 현재 위치 기준 생활권을 살펴볼 수 있습니다.",""
"DESCRIPTION_TEMPLATE","765","지역SEO","2","loc 생활권을 중심으로 loc loc 등 가까운 지역 정보를 정리했습니다 생활권 연결 방향과 위치 범위를 비교해 주변 지역을 확인할 때 활용할 수 있습니다","massage/내곡동-출장마사지-서초구-생활권-이동동선-지역정보-이용전-안내/index.html || 내곡동 생활권을 중심으로 반포동·반포본동 등 가까운 지역 정보를 정리했습니다. 생활권 연결 방향과 위치 범위를 비교해 주변 지역을 확인할 때 활용할 수 있습니다.","massage/송죽동-출장마사지-수원시-장안구-생활권-이동동선-지역정보-이용전-안내/index.html || 송죽동 생활권을 중심으로 연무동·영화동 등 가까운 지역 정보를 정리했습니다. 생활권 연결 방향과 위치 범위를 비교해 주변 지역을 확인할 때 활용할 수 있습니다.",""
"DESCRIPTION_TEMPLATE","766","업체상세","2","x 이용 전 살펴볼 loc x 지역 정보를 한곳에 모았습니다 n n 코스와 n n 부터 확인되는 가격 정보를 포함해 이용 전 필요한 코스 가격 운영시간과 연락 정보를 한 번에 살펴볼 수 있습니다","shops/seoul/gangnam-gu/일원본동/프리미엄테라피/index.html || 프리미엄테라피 이용 전 살펴볼 강남구 일원본동 지역 정보를 한곳에 모았습니다. 60분·90분 코스와 60,000원부터 확인되는 가격 정보를 포함해 이용 전 필요한 코스·가격·운영시간과 연락 정보를 한 번에 살펴볼 수 있습니다.","shops/seoul/gangdong-gu/암사동/마인드좋은테라피/index.html || 마인드좋은테라피 이용 전 살펴볼 강동구 암사동 지역 정보를 한곳에 모았습니다. 60분·90분 코스와 60,000원부터 확인되는 가격 정보를 포함해 이용 전 필요한 코스·가격·운영시간과 연락 정보를 한 번에 살펴볼 수 있습니다.",""
"DESCRIPTION_TEMPLATE","767","업체상세","2","x 이용 전 살펴볼 loc x 지역 정보를 한곳에 모았습니다 n n 코스 구성과 n n 부터 확인되는 가격대를 확인한 뒤 가격과 코스 구성 영업시간 및 연락 수단을 비교해 이용 전 참고할 수 있습니다","shops/seoul/gangnam-gu/청담동/love테라피/index.html || love테라피 이용 전 살펴볼 강남구 청담동 지역 정보를 한곳에 모았습니다. 60분·90분 코스 구성과 70,000원부터 확인되는 가격대를 확인한 뒤 가격과 코스 구성, 영업시간 및 연락 수단을 비교해 이용 전 참고할 수 있습니다.","shops/gyeonggi/gwangju-gyeonggi/경안동/love테라피/index.html || love테라피 이용 전 살펴볼 광주시 경안동 지역 정보를 한곳에 모았습니다. 60분·90분 코스 구성과 70,000원부터 확인되는 가격대를 확인한 뒤 가격과 코스 구성, 영업시간 및 연락 수단을 비교해 이용 전 참고할 수 있습니다.",""
"DESCRIPTION_TEMPLATE","768","지역SEO","2","loc 지역에서 loc loc 등 주변 생활권을 함께 확인할 수 있습니다 가까운 지역과 연결 방향을 비교해 현재 위치 기준 생활권을 살펴볼 수 있습니다","massage/하계동-출장마사지-노원구-생활권-이동동선-지역정보-이용전-안내/index.html || 하계동 지역에서 중계동·중계본동 등 주변 생활권을 함께 확인할 수 있습니다. 가까운 지역과 연결 방향을 비교해 현재 위치 기준 생활권을 살펴볼 수 있습니다.","massage/종암동-출장마사지-성북구-생활권-이동동선-지역정보-이용전-안내/index.html || 종암동 지역에서 장위동·정릉동 등 주변 생활권을 함께 확인할 수 있습니다. 가까운 지역과 연결 방향을 비교해 현재 위치 기준 생활권을 살펴볼 수 있습니다.",""
"DESCRIPTION_TEMPLATE","769","지역SEO","2","loc 기준 생활권과 loc loc 등 인접 지역의 범위를 함께 정리했습니다 인접 지역의 위치 관계와 생활권 범위를 비교할 때 참고할 수 있습니다","massage/휘경동-출장마사지-동대문구-생활권-이동동선-지역정보-이용전-안내/index.html || 휘경동 기준 생활권과 청량리동·회기동 등 인접 지역의 범위를 함께 정리했습니다. 인접 지역의 위치 관계와 생활권 범위를 비교할 때 참고할 수 있습니다.","massage/길음동-출장마사지-성북구-생활권-이동동선-지역정보-이용전-안내/index.html || 길음동 기준 생활권과 돈암동·동선동 등 인접 지역의 범위를 함께 정리했습니다. 인접 지역의 위치 관계와 생활권 범위를 비교할 때 참고할 수 있습니다.",""
"DESCRIPTION_TEMPLATE","770","지역SEO","2","loc 지역과 loc loc 등 인접 생활권을 함께 살펴볼 수 있도록 구성했습니다 생활권별 위치와 loc 흐름을 비교해 주변 지역을 확인하기 쉽도록 구성했습니다","massage/흑석동-출장마사지-동작구-생활권-이동동선-지역정보-이용전-안내/index.html || 흑석동 지역과 상도동·신대방동 등 인접 생활권을 함께 살펴볼 수 있도록 구성했습니다. 생활권별 위치와 이동 흐름을 비교해 주변 지역을 확인하기 쉽도록 구성했습니다.","massage/망우동-출장마사지-중랑구-생활권-이동동선-지역정보-이용전-안내/index.html || 망우동 지역과 망우본동·면목동 등 인접 생활권을 함께 살펴볼 수 있도록 구성했습니다. 생활권별 위치와 이동 흐름을 비교해 주변 지역을 확인하기 쉽도록 구성했습니다.",""
"DESCRIPTION_TEMPLATE","771","지역SEO","2","x 지역에서 loc loc loc 등 주변 생활권을 함께 확인할 수 있습니다 생활권별 위치와 loc 흐름을 비교해 주변 지역을 확인하기 쉽도록 구성했습니다","massage/번동-출장마사지-강북구-생활권-이동동선-지역정보-이용전-안내/index.html || 번동 지역에서 미아동·삼각산동·삼양동 등 주변 생활권을 함께 확인할 수 있습니다. 생활권별 위치와 이동 흐름을 비교해 주변 지역을 확인하기 쉽도록 구성했습니다.","massage/일동-출장마사지-안산시-상록구-생활권-이동동선-지역정보-이용전-안내/index.html || 일동 지역에서 월피동·이동·해양동 등 주변 생활권을 함께 확인할 수 있습니다. 생활권별 위치와 이동 흐름을 비교해 주변 지역을 확인하기 쉽도록 구성했습니다.",""
"DESCRIPTION_TEMPLATE","772","업체상세","2","x 의 loc x 운영 정보와 문의 방법을 정리했습니다 n n 코스와 n n 부터 운영시간과 코스 구성 가격 연락 방법을 한 페이지에서 확인할 수 있습니다","shops/seoul/gangbuk-gu/삼양동/love테라피/index.html || love테라피의 강북구 삼양동 운영 정보와 문의 방법을 정리했습니다. 60분·90분 코스와 70,000원부터 운영시간과 코스 구성, 가격, 연락 방법을 한 페이지에서 확인할 수 있습니다.","shops/seoul/seodaemun-gu/천연동/한국미인테라피/index.html || 한국미인테라피의 서대문구 천연동 운영 정보와 문의 방법을 정리했습니다. 60분·90분 코스와 100,000원부터 운영시간과 코스 구성, 가격, 연락 방법을 한 페이지에서 확인할 수 있습니다.",""
"DESCRIPTION_TEMPLATE","773","업체상세","2","x 의 코스와 운영 정보를 loc x 기준으로 안내합니다 n n 코스와 n n 부터 확인되는 가격 정보를 포함해 코스 가격 영업시간과 전화 또는 문자 문의 방법을 확인할 수 있습니다","shops/seoul/gangbuk-gu/삼양동/너무이쁜테라피/index.html || 너무이쁜테라피의 코스와 운영 정보를 강북구 삼양동 기준으로 안내합니다. 60분·90분 코스와 60,000원부터 확인되는 가격 정보를 포함해 코스·가격·영업시간과 전화 또는 문자 문의 방법을 확인할 수 있습니다.","shops/gyeonggi/uiwang/오전동/love테라피/index.html || love테라피의 코스와 운영 정보를 의왕시 오전동 기준으로 안내합니다. 60분·90분 코스와 70,000원부터 확인되는 가격 정보를 포함해 코스·가격·영업시간과 전화 또는 문자 문의 방법을 확인할 수 있습니다.",""
"DESCRIPTION_TEMPLATE","774","업체상세","2","loc x 에서 이용 가능한 x 정보를 보기 쉽게 정리했습니다 n n 시간 구성과 n n 부터 시작하는 가격을 확인하면서 영업시간과 코스별 가격을 확인하고 전화나 문자로 세부 내용을 문의할 수 있습니다","shops/seoul/gangbuk-gu/번동/프리미엄테라피/index.html || 강북구 번동에서 이용 가능한 프리미엄테라피 정보를 보기 쉽게 정리했습니다. 60분·90분 시간 구성과 60,000원부터 시작하는 가격을 확인하면서 영업시간과 코스별 가격을 확인하고 전화나 문자로 세부 내용을 문의할 수 있습니다.","shops/incheon/namdong-gu/서창동/한국미인테라피/index.html || 남동구 서창동에서 이용 가능한 한국미인테라피 정보를 보기 쉽게 정리했습니다. 60분·90분 시간 구성과 100,000원부터 시작하는 가격을 확인하면서 영업시간과 코스별 가격을 확인하고 전화나 문자로 세부 내용을 문의할 수 있습니다.",""
"DESCRIPTION_TEMPLATE","775","업체상세","2","x 의 loc x 이용 안내입니다 n n 부터 확인되는 가격과 n n 코스 정보를 참고해 가격과 이용시간 연락 방법을 확인해 필요한 내용을 loc 비교할 수 있습니다","shops/seoul/gangbuk-gu/삼양동/프리미엄테라피/index.html || 프리미엄테라피의 강북구 삼양동 이용 안내입니다. 60,000원부터 확인되는 가격과 60분·90분 코스 정보를 참고해 가격과 이용시간, 연락 방법을 확인해 필요한 내용을 미리 비교할 수 있습니다.","shops/gyeonggi/pyeongtaek/고덕면/love테라피/index.html || love테라피의 평택시 고덕면 이용 안내입니다. 70,000원부터 확인되는 가격과 60분·90분 코스 정보를 참고해 가격과 이용시간, 연락 방법을 확인해 필요한 내용을 미리 비교할 수 있습니다.",""
"DESCRIPTION_TEMPLATE","776","업체상세","2","x 의 loc x 운영 정보와 문의 방법을 정리했습니다 n n 부터 확인되는 가격 정보와 n n 코스 시간을 함께 살펴보고 영업시간과 코스별 가격을 확인하고 전화나 문자로 세부 내용을 문의할 수 있습니다","shops/seoul/gangbuk-gu/수유동/너무이쁜테라피/index.html || 너무이쁜테라피의 강북구 수유동 운영 정보와 문의 방법을 정리했습니다. 60,000원부터 확인되는 가격 정보와 60분·90분 코스 시간을 함께 살펴보고 영업시간과 코스별 가격을 확인하고 전화나 문자로 세부 내용을 문의할 수 있습니다.","shops/incheon/geomdan-gu/원당동/너무이쁜테라피/index.html || 너무이쁜테라피의 검단구 원당동 운영 정보와 문의 방법을 정리했습니다. 60,000원부터 확인되는 가격 정보와 60분·90분 코스 시간을 함께 살펴보고 영업시간과 코스별 가격을 확인하고 전화나 문자로 세부 내용을 문의할 수 있습니다.",""
"DESCRIPTION_TEMPLATE","777","업체상세","2","loc x 기준으로 x 운영 정보를 정리했습니다 n n 시간 구성과 n n 부터 시작하는 가격을 확인하면서 코스 구성과 가격 운영시간 연락 방법을 한곳에서 확인할 수 있습니다","shops/seoul/gangbuk-gu/송천동/love테라피/index.html || 강북구 송천동 기준으로 love테라피 운영 정보를 정리했습니다. 60분·90분 시간 구성과 70,000원부터 시작하는 가격을 확인하면서 코스 구성과 가격, 운영시간, 연락 방법을 한곳에서 확인할 수 있습니다.","shops/gyeonggi/yangju/남면/한국미인테라피/index.html || 양주시 남면 기준으로 한국미인테라피 운영 정보를 정리했습니다. 60분·90분 시간 구성과 100,000원부터 시작하는 가격을 확인하면서 코스 구성과 가격, 운영시간, 연락 방법을 한곳에서 확인할 수 있습니다.",""
"DESCRIPTION_TEMPLATE","778","업체상세","2","x 이용을 검토할 때 참고할 loc x 상세 정보입니다 n n 부터 시작하는 가격과 n n 코스 정보를 바탕으로 가격과 이용시간 연락 방법을 확인해 필요한 내용을 loc 비교할 수 있습니다","shops/seoul/gangbuk-gu/송중동/너무이쁜테라피/index.html || 너무이쁜테라피 이용을 검토할 때 참고할 강북구 송중동 상세 정보입니다. 60,000원부터 시작하는 가격과 60분·90분 코스 정보를 바탕으로 가격과 이용시간, 연락 방법을 확인해 필요한 내용을 미리 비교할 수 있습니다.","shops/seoul/seongdong-gu/사근동/love테라피/index.html || love테라피 이용을 검토할 때 참고할 성동구 사근동 상세 정보입니다. 70,000원부터 시작하는 가격과 60분·90분 코스 정보를 바탕으로 가격과 이용시간, 연락 방법을 확인해 필요한 내용을 미리 비교할 수 있습니다.",""
"DESCRIPTION_TEMPLATE","779","업체상세","2","loc x 기준 x 의 코스와 이용 정보를 확인할 수 있습니다 n n 코스와 n n 부터 확인되는 가격 정보를 포함해 가격과 이용시간 연락 방법을 확인해 필요한 내용을 loc 비교할 수 있습니다","shops/seoul/gangdong-gu/성내동/마인드좋은테라피/index.html || 강동구 성내동 기준 마인드좋은테라피의 코스와 이용 정보를 확인할 수 있습니다. 60분·90분 코스와 60,000원부터 확인되는 가격 정보를 포함해 가격과 이용시간, 연락 방법을 확인해 필요한 내용을 미리 비교할 수 있습니다.","shops/seoul/dongdaemun-gu/신설동/프리미엄테라피/index.html || 동대문구 신설동 기준 프리미엄테라피의 코스와 이용 정보를 확인할 수 있습니다. 60분·90분 코스와 60,000원부터 확인되는 가격 정보를 포함해 가격과 이용시간, 연락 방법을 확인해 필요한 내용을 미리 비교할 수 있습니다.",""
"DESCRIPTION_TEMPLATE","780","지역SEO","2","loc 주변의 loc loc 등 연결 지역을 중심으로 위치 정보를 구성했습니다 인접 생활권과 주변 위치를 확인해 loc 동선을 검토할 때 활용할 수 있습니다","massage/강일동-출장마사지-강동구-생활권-이동동선-지역정보-이용전-안내/index.html || 강일동 주변의 고덕동·길동 등 연결 지역을 중심으로 위치 정보를 구성했습니다. 인접 생활권과 주변 위치를 확인해 이동 동선을 검토할 때 활용할 수 있습니다.","massage/도산동-출장마사지-광주-광산구-생활권-이동동선-지역정보-이용전-안내/index.html || 도산동 주변의 동곡동·본량동 등 연결 지역을 중심으로 위치 정보를 구성했습니다. 인접 생활권과 주변 위치를 확인해 이동 동선을 검토할 때 활용할 수 있습니다.",""
"DESCRIPTION_TEMPLATE","781","업체상세","2","x 의 loc x 이용 안내입니다 n n 이용시간과 n n 부터 확인되는 가격 정보를 함께 확인하며 가격과 코스 구성 영업시간 및 연락 수단을 비교해 이용 전 참고할 수 있습니다","shops/seoul/gangdong-gu/상일동/love테라피/index.html || love테라피의 강동구 상일동 이용 안내입니다. 60분·90분 이용시간과 70,000원부터 확인되는 가격 정보를 함께 확인하며 가격과 코스 구성, 영업시간 및 연락 수단을 비교해 이용 전 참고할 수 있습니다.","shops/seoul/nowon-gu/중계본동/love테라피/index.html || love테라피의 노원구 중계본동 이용 안내입니다. 60분·90분 이용시간과 70,000원부터 확인되는 가격 정보를 함께 확인하며 가격과 코스 구성, 영업시간 및 연락 수단을 비교해 이용 전 참고할 수 있습니다.",""
"DESCRIPTION_TEMPLATE","782","지역SEO","2","loc 주변 지역을 확인할 때 loc loc 등 가까운 생활권을 비교할 수 있습니다 인접 생활권과 loc 방향을 비교하고 지역 범위를 확인하는 데 참고할 수 있습니다","massage/춘궁동-출장마사지-하남시-생활권-이동동선-지역정보-이용전-안내/index.html || 춘궁동 주변 지역을 확인할 때 천현동·초이동 등 가까운 생활권을 비교할 수 있습니다. 인접 생활권과 이동 방향을 비교하고 지역 범위를 확인하는 데 참고할 수 있습니다.","massage/쌍용동-출장마사지-천안-서북구-생활권-이동동선-지역정보-이용전-안내/index.html || 쌍용동 주변 지역을 확인할 때 불당동·성정동 등 가까운 생활권을 비교할 수 있습니다. 인접 생활권과 이동 방향을 비교하고 지역 범위를 확인하는 데 참고할 수 있습니다.",""
"DESCRIPTION_TEMPLATE","783","업체상세","2","x 관련 loc x 정보를 확인할 수 있습니다 n n 코스 구성과 n n 부터 확인되는 가격대를 확인한 뒤 가격과 이용시간 연락 방법을 확인해 필요한 내용을 loc 비교할 수 있습니다","shops/seoul/gangdong-gu/천호동/프리미엄테라피/index.html || 프리미엄테라피 관련 강동구 천호동 정보를 확인할 수 있습니다. 60분·90분 코스 구성과 60,000원부터 확인되는 가격대를 확인한 뒤 가격과 이용시간, 연락 방법을 확인해 필요한 내용을 미리 비교할 수 있습니다.","shops/gyeonggi/anseong/보개면/love테라피/index.html || love테라피 관련 안성시 보개면 정보를 확인할 수 있습니다. 60분·90분 코스 구성과 70,000원부터 확인되는 가격대를 확인한 뒤 가격과 이용시간, 연락 방법을 확인해 필요한 내용을 미리 비교할 수 있습니다.",""
"DESCRIPTION_TEMPLATE","784","지역SEO","2","중앙동에서 loc loc loc 등 주변 지역으로 이어지는 범위를 확인할 수 있습니다 주변 동 읍 면과의 연결 범위를 살펴보고 가까운 지역을 찾는 데 활용할 수 있습니다","massage/중앙동-출장마사지-평택시-생활권-이동동선-지역정보-이용전-안내/index.html || 중앙동에서 용이동·원평동·지산동 등 주변 지역으로 이어지는 범위를 확인할 수 있습니다. 주변 동·읍·면과의 연결 범위를 살펴보고 가까운 지역을 찾는 데 활용할 수 있습니다.","massage/중앙동-출장마사지-성남시-중원구-생활권-이동동선-지역정보-이용전-안내/index.html || 중앙동에서 성남동·은행동·하대원동 등 주변 지역으로 이어지는 범위를 확인할 수 있습니다. 주변 동·읍·면과의 연결 범위를 살펴보고 가까운 지역을 찾는 데 활용할 수 있습니다.",""
"DESCRIPTION_TEMPLATE","785","업체상세","2","loc x 기준으로 x 운영 정보를 정리했습니다 n n 코스와 n n 부터 코스와 가격 영업시간 전화 문자 문의 방법을 함께 확인할 수 있습니다","shops/seoul/gangdong-gu/천호동/너무이쁜테라피/index.html || 강동구 천호동 기준으로 너무이쁜테라피 운영 정보를 정리했습니다. 60분·90분 코스와 60,000원부터 코스와 가격, 영업시간, 전화·문자 문의 방법을 함께 확인할 수 있습니다.","shops/seoul/seocho-gu/방배동/프리미엄테라피/index.html || 서초구 방배동 기준으로 프리미엄테라피 운영 정보를 정리했습니다. 60분·90분 코스와 60,000원부터 코스와 가격, 영업시간, 전화·문자 문의 방법을 함께 확인할 수 있습니다.",""
"DESCRIPTION_TEMPLATE","786","업체상세","2","loc x 생활권에서 확인할 수 있는 x 정보를 담았습니다 n n 부터 확인되는 가격 정보와 n n 코스 시간을 함께 살펴보고 가격과 코스 구성 영업시간 및 연락 수단을 비교해 이용 전 참고할 수 있습니다","shops/seoul/gangnam-gu/대치동/너무이쁜테라피/index.html || 강남구 대치동 생활권에서 확인할 수 있는 너무이쁜테라피 정보를 담았습니다. 60,000원부터 확인되는 가격 정보와 60분·90분 코스 시간을 함께 살펴보고 가격과 코스 구성, 영업시간 및 연락 수단을 비교해 이용 전 참고할 수 있습니다.","shops/gyeonggi/yeoju/가남읍/love테라피/index.html || 여주시 가남읍 생활권에서 확인할 수 있는 love테라피 정보를 담았습니다. 70,000원부터 확인되는 가격 정보와 60분·90분 코스 시간을 함께 살펴보고 가격과 코스 구성, 영업시간 및 연락 수단을 비교해 이용 전 참고할 수 있습니다.",""
"DESCRIPTION_TEMPLATE","787","업체상세","2","loc x 기준 x 의 코스와 이용 정보를 확인할 수 있습니다 n n 이용시간과 n n 부터 확인되는 가격 정보를 함께 확인하며 가격과 이용시간 연락 방법을 확인해 필요한 내용을 loc 비교할 수 있습니다","shops/seoul/gangnam-gu/논현동/너무이쁜테라피/index.html || 강남구 논현동 기준 너무이쁜테라피의 코스와 이용 정보를 확인할 수 있습니다. 60분·90분 이용시간과 60,000원부터 확인되는 가격 정보를 함께 확인하며 가격과 이용시간, 연락 방법을 확인해 필요한 내용을 미리 비교할 수 있습니다.","shops/seoul/seocho-gu/양재동/한국미인테라피/index.html || 서초구 양재동 기준 한국미인테라피의 코스와 이용 정보를 확인할 수 있습니다. 60분·90분 이용시간과 100,000원부터 확인되는 가격 정보를 함께 확인하며 가격과 이용시간, 연락 방법을 확인해 필요한 내용을 미리 비교할 수 있습니다.",""
"DESCRIPTION_TEMPLATE","788","지역SEO","2","loc 기준으로 loc loc 등 인접 지역 정보를 정리했습니다 주변 동 읍 면과의 연결 범위를 살펴보고 가까운 지역을 찾는 데 활용할 수 있습니다","massage/평리동-출장마사지-대구-서구-생활권-이동동선-지역정보-이용전-안내/index.html || 평리동 기준으로 상중이동·원대동 등 인접 지역 정보를 정리했습니다. 주변 동·읍·면과의 연결 범위를 살펴보고 가까운 지역을 찾는 데 활용할 수 있습니다.","massage/금학동-출장마사지-공주-생활권-이동동선-지역정보-이용전-안내/index.html || 금학동 기준으로 신관동·옥룡동 등 인접 지역 정보를 정리했습니다. 주변 동·읍·면과의 연결 범위를 살펴보고 가까운 지역을 찾는 데 활용할 수 있습니다.",""
"DESCRIPTION_TEMPLATE","789","지역SEO","2","loc 생활권과 loc loc 등 가까운 지역의 관계를 정리했습니다 주변 동 읍 면과의 연결 범위를 살펴보고 가까운 지역을 찾는 데 활용할 수 있습니다","massage/구암동-출장마사지-창원-마산회원구-생활권-이동동선-지역정보-이용전-안내/index.html || 구암동 생활권과 봉암동·석전동 등 가까운 지역의 관계를 정리했습니다. 주변 동·읍·면과의 연결 범위를 살펴보고 가까운 지역을 찾는 데 활용할 수 있습니다.","massage/하남동-출장마사지-광주-광산구-생활권-이동동선-지역정보-이용전-안내/index.html || 하남동 생활권과 첨단동·평동 등 가까운 지역의 관계를 정리했습니다. 주변 동·읍·면과의 연결 범위를 살펴보고 가까운 지역을 찾는 데 활용할 수 있습니다.",""
"DESCRIPTION_TEMPLATE","790","업체상세","2","loc x 에서 x 이용 전 확인할 정보를 모았습니다 n n 시간 구성과 n n 부터 시작하는 가격을 확인하면서 영업시간과 코스별 가격을 확인하고 전화나 문자로 세부 내용을 문의할 수 있습니다","shops/seoul/gangnam-gu/세곡동/너무이쁜테라피/index.html || 강남구 세곡동에서 너무이쁜테라피 이용 전 확인할 정보를 모았습니다. 60분·90분 시간 구성과 60,000원부터 시작하는 가격을 확인하면서 영업시간과 코스별 가격을 확인하고 전화나 문자로 세부 내용을 문의할 수 있습니다.","shops/other/daejeon/dong-gu/삼성동/S썸바디테라피/index.html || 동구 삼성동에서 S썸바디테라피 이용 전 확인할 정보를 모았습니다. 60분·90분 시간 구성과 50,000원부터 시작하는 가격을 확인하면서 영업시간과 코스별 가격을 확인하고 전화나 문자로 세부 내용을 문의할 수 있습니다.",""
"DESCRIPTION_TEMPLATE","791","지역SEO","2","loc 생활권을 중심으로 loc loc 등 가까운 지역 정보를 정리했습니다 지역별 위치 관계와 loc 범위를 함께 비교할 때 참고할 수 있습니다","massage/학하동-출장마사지-대전-유성구-생활권-이동동선-지역정보-이용전-안내/index.html || 학하동 생활권을 중심으로 전민동·진잠동 등 가까운 지역 정보를 정리했습니다. 지역별 위치 관계와 이동 범위를 함께 비교할 때 참고할 수 있습니다.","massage/풍호동-출장마사지-창원-진해구-생활권-이동동선-지역정보-이용전-안내/index.html || 풍호동 생활권을 중심으로 충무동·태백동 등 가까운 지역 정보를 정리했습니다. 지역별 위치 관계와 이동 범위를 함께 비교할 때 참고할 수 있습니다.",""
"DESCRIPTION_TEMPLATE","792","지역SEO","2","loc 생활권을 중심으로 loc loc 등 가까운 지역 정보를 정리했습니다 생활권별 위치와 loc 흐름을 비교해 주변 지역을 확인하기 쉽도록 구성했습니다","massage/탑대성동-출장마사지-청주-상당구-생활권-이동동선-지역정보-이용전-안내/index.html || 탑대성동 생활권을 중심으로 용암동·중앙동 등 가까운 지역 정보를 정리했습니다. 생활권별 위치와 이동 흐름을 비교해 주변 지역을 확인하기 쉽도록 구성했습니다.","massage/반월동-출장마사지-안산시-상록구-생활권-이동동선-지역정보-이용전-안내/index.html || 반월동 생활권을 중심으로 본오동·부곡동 등 가까운 지역 정보를 정리했습니다. 생활권별 위치와 이동 흐름을 비교해 주변 지역을 확인하기 쉽도록 구성했습니다.",""
"DESCRIPTION_TEMPLATE","793","지역SEO","2","loc 지역 이용 정보 주변의 loc loc loc 등 연결 지역을 중심으로 위치 정보를 구성했습니다 가까운 지역과 연결 방향을 비교해 현재 위치 기준 생활권을 살펴볼 수 있습니다","massage/초월읍-출장마사지-광주시-생활권-지역정보-이용안내/index.html || 초월읍 지역 이용 정보 주변의 곤지암읍·남종면·남한산성면 등 연결 지역을 중심으로 위치 정보를 구성했습니다. 가까운 지역과 연결 방향을 비교해 현재 위치 기준 생활권을 살펴볼 수 있습니다.","massage/서종면-출장마사지-양평군-생활권-지역정보-이용안내/index.html || 서종면 지역 이용 정보 주변의 강상면·강하면·개군면 등 연결 지역을 중심으로 위치 정보를 구성했습니다. 가까운 지역과 연결 방향을 비교해 현재 위치 기준 생활권을 살펴볼 수 있습니다.",""
"DESCRIPTION_TEMPLATE","794","지역SEO","2","loc 지역 이용 정보 주변의 loc loc loc 등 연결 지역을 중심으로 위치 정보를 구성했습니다 지역별 위치 관계와 loc 범위를 함께 비교할 때 참고할 수 있습니다","massage/원곡면-출장마사지-안성시-생활권-지역정보-이용안내/index.html || 원곡면 지역 이용 정보 주변의 고삼면·공도읍·금광면 등 연결 지역을 중심으로 위치 정보를 구성했습니다. 지역별 위치 관계와 이동 범위를 함께 비교할 때 참고할 수 있습니다.","massage/흥천면-출장마사지-여주시-생활권-지역정보-이용안내/index.html || 흥천면 지역 이용 정보 주변의 가남읍·강천면·금사면 등 연결 지역을 중심으로 위치 정보를 구성했습니다. 지역별 위치 관계와 이동 범위를 함께 비교할 때 참고할 수 있습니다.",""
"DESCRIPTION_TEMPLATE","795","지역SEO","2","x loc 기준 생활권과 loc loc loc 등 인접 지역의 범위를 함께 정리했습니다 생활권별 위치와 loc 흐름을 비교해 주변 지역을 확인하기 쉽도록 구성했습니다","massage/개군면-출장마사지-양평군-생활권-지역정보-이용안내/index.html || 양평군 개군면 기준 생활권과 강상면·강하면·단월면 등 인접 지역의 범위를 함께 정리했습니다. 생활권별 위치와 이동 흐름을 비교해 주변 지역을 확인하기 쉽도록 구성했습니다.","massage/전곡읍-출장마사지-연천군-생활권-지역정보-이용안내/index.html || 연천군 전곡읍 기준 생활권과 군남면·미산면·백학면 등 인접 지역의 범위를 함께 정리했습니다. 생활권별 위치와 이동 흐름을 비교해 주변 지역을 확인하기 쉽도록 구성했습니다.",""
"DESCRIPTION_TEMPLATE","796","지역SEO","2","loc 지역에서 loc loc 등 주변 생활권의 위치 관계를 확인할 수 있습니다 주변 위치와 loc 동선을 한눈에 비교할 수 있도록 필요한 정보만 담았습니다","massage/호매실동-출장마사지-수원시-권선구-생활권-이동동선-지역정보-이용전-안내/index.html || 호매실동 지역에서 입북동·평동 등 주변 생활권의 위치 관계를 확인할 수 있습니다. 주변 위치와 이동 동선을 한눈에 비교할 수 있도록 필요한 정보만 담았습니다.","massage/동부동-출장마사지-용인시-처인구-생활권-이동동선-지역정보-이용전-안내/index.html || 동부동 지역에서 삼가동·역북동 등 주변 생활권의 위치 관계를 확인할 수 있습니다. 주변 위치와 이동 동선을 한눈에 비교할 수 있도록 필요한 정보만 담았습니다.",""
"DESCRIPTION_TEMPLATE","797","지역SEO","2","loc 기준으로 loc loc loc 등 인접 지역 정보를 정리했습니다 현재 위치에서 이어지는 주변 지역을 살펴보고 loc 방향을 판단할 때 활용할 수 있습니다","massage/서신동-출장마사지-전주-완산구-생활권-이동동선-지역정보-이용전-안내/index.html || 서신동 기준으로 삼천동·서서학동·완산동 등 인접 지역 정보를 정리했습니다. 현재 위치에서 이어지는 주변 지역을 살펴보고 이동 방향을 판단할 때 활용할 수 있습니다.","massage/운암동-출장마사지-광주-북구-생활권-이동동선-지역정보-이용전-안내/index.html || 운암동 기준으로 용봉동·우산동·일곡동 등 인접 지역 정보를 정리했습니다. 현재 위치에서 이어지는 주변 지역을 살펴보고 이동 방향을 판단할 때 활용할 수 있습니다.",""
"DESCRIPTION_TEMPLATE","798","지역SEO","2","loc 생활권과 loc loc 등 가까운 지역의 관계를 정리했습니다 인접 지역의 위치 관계와 생활권 범위를 비교할 때 참고할 수 있습니다","massage/호성동-출장마사지-전주-덕진구-생활권-이동동선-지역정보-이용전-안내/index.html || 호성동 생활권과 팔복동·혁신동 등 가까운 지역의 관계를 정리했습니다. 인접 지역의 위치 관계와 생활권 범위를 비교할 때 참고할 수 있습니다.","massage/고등동-출장마사지-성남시-수정구-생활권-이동동선-지역정보-이용전-안내/index.html || 고등동 생활권과 단대동·복정동 등 가까운 지역의 관계를 정리했습니다. 인접 지역의 위치 관계와 생활권 범위를 비교할 때 참고할 수 있습니다.",""
"DESCRIPTION_TEMPLATE","799","지역SEO","2","loc 지역과 loc loc 등 인접 생활권을 함께 살펴볼 수 있도록 구성했습니다 주변 위치와 loc 동선을 한눈에 비교할 수 있도록 필요한 정보만 담았습니다","massage/계림동-출장마사지-광주-동구-생활권-이동동선-지역정보-이용전-안내/index.html || 계림동 지역과 동명동·산수동 등 인접 생활권을 함께 살펴볼 수 있도록 구성했습니다. 주변 위치와 이동 동선을 한눈에 비교할 수 있도록 필요한 정보만 담았습니다.","massage/호현동-출장마사지-안양시-만안구-생활권-이동동선-지역정보-이용전-안내/index.html || 호현동 지역과 안양동·충훈동 등 인접 생활권을 함께 살펴볼 수 있도록 구성했습니다. 주변 위치와 이동 동선을 한눈에 비교할 수 있도록 필요한 정보만 담았습니다.",""
"DESCRIPTION_TEMPLATE","800","지역SEO","2","x 의 위치 특성과 loc loc loc 등 인접 지역의 연결 방향을 함께 안내합니다 생활권 연결 방향과 위치 범위를 비교해 주변 지역을 확인할 때 활용할 수 있습니다","massage/법동-출장마사지-대전-대덕구-생활권-이동동선-지역정보-이용전-안내/index.html || 법동의 위치 특성과 덕암동·목상동·비래동 등 인접 지역의 연결 방향을 함께 안내합니다. 생활권 연결 방향과 위치 범위를 비교해 주변 지역을 확인할 때 활용할 수 있습니다.","massage/중동-출장마사지-대구-수성구-생활권-이동동선-지역정보-이용전-안내/index.html || 중동의 위치 특성과 수성4가동·지산동·파동 등 인접 지역의 연결 방향을 함께 안내합니다. 생활권 연결 방향과 위치 범위를 비교해 주변 지역을 확인할 때 활용할 수 있습니다.",""
"DESCRIPTION_TEMPLATE","801","업체상세","2","loc x 에서 x 이용 전 확인할 정보를 모았습니다 n n 부터 확인되는 가격 정보와 n n 코스 시간을 함께 살펴보고 가격과 이용시간 연락 방법을 확인해 필요한 내용을 loc 비교할 수 있습니다","shops/seoul/gangnam-gu/압구정동/프리미엄테라피/index.html || 강남구 압구정동에서 프리미엄테라피 이용 전 확인할 정보를 모았습니다. 60,000원부터 확인되는 가격 정보와 60분·90분 코스 시간을 함께 살펴보고 가격과 이용시간, 연락 방법을 확인해 필요한 내용을 미리 비교할 수 있습니다.","shops/gyeonggi/siheung/과림동/프리미엄테라피/index.html || 시흥시 과림동에서 프리미엄테라피 이용 전 확인할 정보를 모았습니다. 60,000원부터 확인되는 가격 정보와 60분·90분 코스 시간을 함께 살펴보고 가격과 이용시간, 연락 방법을 확인해 필요한 내용을 미리 비교할 수 있습니다.",""
"DESCRIPTION_TEMPLATE","802","지역SEO","2","loc 지역과 loc loc loc 등 인접 생활권을 함께 살펴볼 수 있도록 구성했습니다 생활권 연결 방향과 위치 범위를 비교해 주변 지역을 확인할 때 활용할 수 있습니다","massage/증산동-출장마사지-은평구-생활권-이동동선-지역정보-이용전-안내/index.html || 증산동 지역과 역촌동·응암동·진관동 등 인접 생활권을 함께 살펴볼 수 있도록 구성했습니다. 생활권 연결 방향과 위치 범위를 비교해 주변 지역을 확인할 때 활용할 수 있습니다.","massage/영통동-출장마사지-수원시-영통구-생활권-이동동선-지역정보-이용전-안내/index.html || 영통동 지역과 망포동·매탄동·원천동 등 인접 생활권을 함께 살펴볼 수 있도록 구성했습니다. 생활권 연결 방향과 위치 범위를 비교해 주변 지역을 확인할 때 활용할 수 있습니다.",""
"DESCRIPTION_TEMPLATE","803","지역SEO","2","loc 지역과 loc loc 등 인접 생활권을 함께 살펴볼 수 있도록 구성했습니다 주변 동 읍 면과의 연결 범위를 살펴보고 가까운 지역을 찾는 데 활용할 수 있습니다","massage/창신동-출장마사지-종로구-생활권-이동동선-지역정보-이용전-안내/index.html || 창신동 지역과 청운효자동·평창동 등 인접 생활권을 함께 살펴볼 수 있도록 구성했습니다. 주변 동·읍·면과의 연결 범위를 살펴보고 가까운 지역을 찾는 데 활용할 수 있습니다.","massage/탄현동-출장마사지-고양시-일산서구-생활권-이동동선-지역정보-이용전-안내/index.html || 탄현동 지역과 일산동·주엽동 등 인접 생활권을 함께 살펴볼 수 있도록 구성했습니다. 주변 동·읍·면과의 연결 범위를 살펴보고 가까운 지역을 찾는 데 활용할 수 있습니다.",""
"DESCRIPTION_TEMPLATE","804","지역SEO","2","loc 기준 생활권과 loc loc loc 등 인접 지역의 범위를 함께 정리했습니다 주변 동 읍 면과의 연결 범위를 살펴보고 가까운 지역을 찾는 데 활용할 수 있습니다","massage/청파동-출장마사지-용산구-생활권-이동동선-지역정보-이용전-안내/index.html || 청파동 기준 생활권과 이촌동·이태원동·한강로동 등 인접 지역의 범위를 함께 정리했습니다. 주변 동·읍·면과의 연결 범위를 살펴보고 가까운 지역을 찾는 데 활용할 수 있습니다.","massage/운중동-출장마사지-성남시-분당구-생활권-이동동선-지역정보-이용전-안내/index.html || 운중동 기준 생활권과 수내동·야탑동·이매동 등 인접 지역의 범위를 함께 정리했습니다. 주변 동·읍·면과의 연결 범위를 살펴보고 가까운 지역을 찾는 데 활용할 수 있습니다.",""
"DESCRIPTION_TEMPLATE","805","업체상세","2","x 의 loc x 운영 정보와 문의 방법을 정리했습니다 n n 코스와 n n 부터 확인되는 가격 정보를 포함해 코스 구성과 가격 운영시간 연락 방법을 한곳에서 확인할 수 있습니다","shops/seoul/gangnam-gu/일원본동/너무이쁜테라피/index.html || 너무이쁜테라피의 강남구 일원본동 운영 정보와 문의 방법을 정리했습니다. 60분·90분 코스와 60,000원부터 확인되는 가격 정보를 포함해 코스 구성과 가격, 운영시간, 연락 방법을 한곳에서 확인할 수 있습니다.","shops/seoul/dongdaemun-gu/이문동/너무이쁜테라피/index.html || 너무이쁜테라피의 동대문구 이문동 운영 정보와 문의 방법을 정리했습니다. 60분·90분 코스와 60,000원부터 확인되는 가격 정보를 포함해 코스 구성과 가격, 운영시간, 연락 방법을 한곳에서 확인할 수 있습니다.",""
"DESCRIPTION_TEMPLATE","806","업체상세","2","loc x 기준으로 x 운영 정보를 정리했습니다 n n 이용시간과 n n 부터 확인되는 가격 정보를 함께 확인하며 코스별 이용시간과 가격 운영시간 및 연락 방법을 비교할 수 있습니다","shops/seoul/gangnam-gu/일원동/love테라피/index.html || 강남구 일원동 기준으로 love테라피 운영 정보를 정리했습니다. 60분·90분 이용시간과 70,000원부터 확인되는 가격 정보를 함께 확인하며 코스별 이용시간과 가격, 운영시간 및 연락 방법을 비교할 수 있습니다.","shops/gyeonggi/anseong/보개면/한국미인테라피/index.html || 안성시 보개면 기준으로 한국미인테라피 운영 정보를 정리했습니다. 60분·90분 이용시간과 100,000원부터 확인되는 가격 정보를 함께 확인하며 코스별 이용시간과 가격, 운영시간 및 연락 방법을 비교할 수 있습니다.",""
"DESCRIPTION_TEMPLATE","807","지역SEO","2","loc 생활권과 loc loc 등 가까운 지역의 관계를 정리했습니다 가까운 생활권과 loc 범위를 비교해 지역 선택 전 참고할 수 있습니다","massage/당산동-출장마사지-영등포구-생활권-이동동선-지역정보-이용전-안내/index.html || 당산동 생활권과 대림동·도림동 등 가까운 지역의 관계를 정리했습니다. 가까운 생활권과 이동 범위를 비교해 지역 선택 전 참고할 수 있습니다.","massage/해밀동-출장마사지-세종-생활권-이동동선-지역정보-이용전-안내/index.html || 해밀동 생활권과 집현동·한솔동 등 가까운 지역의 관계를 정리했습니다. 가까운 생활권과 이동 범위를 비교해 지역 선택 전 참고할 수 있습니다.",""
"DESCRIPTION_TEMPLATE","808","지역SEO","2","loc 기준으로 loc loc 등 인접 지역 정보를 정리했습니다 지역별 위치 관계와 loc 범위를 함께 비교할 때 참고할 수 있습니다","massage/영종동-출장마사지-영종구-생활권-이동동선-지역정보-이용전-안내/index.html || 영종동 기준으로 용유동·운서동 등 인접 지역 정보를 정리했습니다. 지역별 위치 관계와 이동 범위를 함께 비교할 때 참고할 수 있습니다.","massage/탄방동-출장마사지-대전-서구-생활권-이동동선-지역정보-이용전-안내/index.html || 탄방동 기준으로 월평동·정림동 등 인접 지역 정보를 정리했습니다. 지역별 위치 관계와 이동 범위를 함께 비교할 때 참고할 수 있습니다.",""
"DESCRIPTION_TEMPLATE","809","지역SEO","2","loc 지역에서 loc loc 등 주변 생활권을 함께 확인할 수 있습니다 인접 생활권과 주변 위치를 확인해 loc 동선을 검토할 때 활용할 수 있습니다","massage/대사동-출장마사지-대전-중구-생활권-이동동선-지역정보-이용전-안내/index.html || 대사동 지역에서 대흥동·목동 등 주변 생활권을 함께 확인할 수 있습니다. 인접 생활권과 주변 위치를 확인해 이동 동선을 검토할 때 활용할 수 있습니다.","massage/검단동-출장마사지-대구-북구-생활권-이동동선-지역정보-이용전-안내/index.html || 검단동 지역에서 고성동·관문동 등 주변 생활권을 함께 확인할 수 있습니다. 인접 생활권과 주변 위치를 확인해 이동 동선을 검토할 때 활용할 수 있습니다.",""
"DESCRIPTION_TEMPLATE","810","지역SEO","2","x 에서 loc loc loc 등 주변 지역으로 이어지는 범위를 확인할 수 있습니다 인접 생활권과 loc 방향을 비교하고 지역 범위를 확인하는 데 참고할 수 있습니다","massage/목동-출장마사지-대전-중구-생활권-이동동선-지역정보-이용전-안내/index.html || 목동에서 대사동·대흥동·문창동 등 주변 지역으로 이어지는 범위를 확인할 수 있습니다. 인접 생활권과 이동 방향을 비교하고 지역 범위를 확인하는 데 참고할 수 있습니다.","massage/변동-출장마사지-대전-서구-생활권-이동동선-지역정보-이용전-안내/index.html || 변동에서 둔산동·만년동·복수동 등 주변 지역으로 이어지는 범위를 확인할 수 있습니다. 인접 생활권과 이동 방향을 비교하고 지역 범위를 확인하는 데 참고할 수 있습니다.",""
"DESCRIPTION_TEMPLATE","811","지역SEO","2","x 에서 loc loc loc 등 주변 지역으로 이어지는 범위를 확인할 수 있습니다 생활권 연결 방향과 위치 범위를 비교해 주변 지역을 확인할 때 활용할 수 있습니다","massage/검암경서동-출장마사지-서해구-생활권-이동동선-지역정보-이용전-안내/index.html || 검암경서동에서 가정동·가좌동·석남동 등 주변 지역으로 이어지는 범위를 확인할 수 있습니다. 생활권 연결 방향과 위치 범위를 비교해 주변 지역을 확인할 때 활용할 수 있습니다.","massage/중동-출장마사지-부천시-원미구-생활권-이동동선-지역정보-이용전-안내/index.html || 중동에서 역곡동·원미동·춘의동 등 주변 지역으로 이어지는 범위를 확인할 수 있습니다. 생활권 연결 방향과 위치 범위를 비교해 주변 지역을 확인할 때 활용할 수 있습니다.",""
"DESCRIPTION_TEMPLATE","812","업체상세","2","x 이용 전 살펴볼 loc x 지역 정보를 한곳에 모았습니다 n n 코스 구성과 n n 부터 확인되는 가격대를 확인한 뒤 영업시간과 코스별 가격을 확인하고 전화나 문자로 세부 내용을 문의할 수 있습니다","shops/seoul/gangnam-gu/압구정동/한국미인테라피/index.html || 한국미인테라피 이용 전 살펴볼 강남구 압구정동 지역 정보를 한곳에 모았습니다. 60분·90분 코스 구성과 100,000원부터 확인되는 가격대를 확인한 뒤 영업시간과 코스별 가격을 확인하고 전화나 문자로 세부 내용을 문의할 수 있습니다.","shops/seoul/seongdong-gu/금호1가동/love테라피/index.html || love테라피 이용 전 살펴볼 성동구 금호1가동 지역 정보를 한곳에 모았습니다. 60분·90분 코스 구성과 70,000원부터 확인되는 가격대를 확인한 뒤 영업시간과 코스별 가격을 확인하고 전화나 문자로 세부 내용을 문의할 수 있습니다.",""
"DESCRIPTION_TEMPLATE","813","업체상세","2","loc x 기준 x 의 코스와 이용 정보를 확인할 수 있습니다 n n 시간 구성과 n n 부터 시작하는 가격을 확인하면서 영업시간과 코스별 가격을 확인하고 전화나 문자로 세부 내용을 문의할 수 있습니다","shops/seoul/gangnam-gu/신사동/너무이쁜테라피/index.html || 강남구 신사동 기준 너무이쁜테라피의 코스와 이용 정보를 확인할 수 있습니다. 60분·90분 시간 구성과 60,000원부터 시작하는 가격을 확인하면서 영업시간과 코스별 가격을 확인하고 전화나 문자로 세부 내용을 문의할 수 있습니다.","shops/gyeonggi/guri/동구동/프리미엄테라피/index.html || 구리시 동구동 기준 프리미엄테라피의 코스와 이용 정보를 확인할 수 있습니다. 60분·90분 시간 구성과 60,000원부터 시작하는 가격을 확인하면서 영업시간과 코스별 가격을 확인하고 전화나 문자로 세부 내용을 문의할 수 있습니다.",""
"DESCRIPTION_TEMPLATE","814","업체상세","2","x 이용을 검토할 때 참고할 loc x 상세 정보입니다 n n 시간 구성과 n n 부터 시작하는 가격을 확인하면서 코스별 시간과 가격 운영시간 전화 문자 문의 내용을 살펴볼 수 있습니다","shops/seoul/gangnam-gu/수서동/너무이쁜테라피/index.html || 너무이쁜테라피 이용을 검토할 때 참고할 강남구 수서동 상세 정보입니다. 60분·90분 시간 구성과 60,000원부터 시작하는 가격을 확인하면서 코스별 시간과 가격, 운영시간, 전화·문자 문의 내용을 살펴볼 수 있습니다.","shops/seoul/yangcheon-gu/신정동/love테라피/index.html || love테라피 이용을 검토할 때 참고할 양천구 신정동 상세 정보입니다. 60분·90분 시간 구성과 70,000원부터 시작하는 가격을 확인하면서 코스별 시간과 가격, 운영시간, 전화·문자 문의 내용을 살펴볼 수 있습니다.",""
"DESCRIPTION_TEMPLATE","815","업체상세","2","x 관련 loc x 정보를 확인할 수 있습니다 n n 코스와 n n 부터 가격과 코스 구성 영업시간 및 연락 수단을 비교해 이용 전 참고할 수 있습니다","shops/seoul/gangseo-gu/등촌동/프리미엄테라피/index.html || 프리미엄테라피 관련 강서구 등촌동 정보를 확인할 수 있습니다. 60분·90분 코스와 60,000원부터 가격과 코스 구성, 영업시간 및 연락 수단을 비교해 이용 전 참고할 수 있습니다.","shops/gyeonggi/anseong/금광면/프리미엄테라피/index.html || 프리미엄테라피 관련 안성시 금광면 정보를 확인할 수 있습니다. 60분·90분 코스와 60,000원부터 가격과 코스 구성, 영업시간 및 연락 수단을 비교해 이용 전 참고할 수 있습니다.",""
"DESCRIPTION_TEMPLATE","816","지역SEO","2","loc 기준으로 loc loc loc 등 인접 지역 정보를 정리했습니다 생활권별 위치와 loc 흐름을 비교해 주변 지역을 확인하기 쉽도록 구성했습니다","massage/김포본동-출장마사지-김포시-생활권-이동동선-지역정보-이용전-안내/index.html || 김포본동 기준으로 구래동·마산동·사우동 등 인접 지역 정보를 정리했습니다. 생활권별 위치와 이동 흐름을 비교해 주변 지역을 확인하기 쉽도록 구성했습니다.","massage/첨단동-출장마사지-광주-광산구-생활권-이동동선-지역정보-이용전-안내/index.html || 첨단동 기준으로 월곡동·임곡동·평동 등 인접 지역 정보를 정리했습니다. 생활권별 위치와 이동 흐름을 비교해 주변 지역을 확인하기 쉽도록 구성했습니다.",""
"DESCRIPTION_TEMPLATE","817","업체상세","2","loc x 에서 이용 가능한 x 정보를 보기 쉽게 정리했습니다 n n 부터 확인되는 가격과 n n 코스 정보를 참고해 가격 코스 구성 영업시간과 문의 수단을 순서대로 확인할 수 있습니다","shops/seoul/gwanak-gu/인헌동/마인드좋은테라피/index.html || 관악구 인헌동에서 이용 가능한 마인드좋은테라피 정보를 보기 쉽게 정리했습니다. 60,000원부터 확인되는 가격과 60분·90분 코스 정보를 참고해 가격, 코스 구성, 영업시간과 문의 수단을 순서대로 확인할 수 있습니다.","shops/gyeonggi/icheon/율면/한국미인테라피/index.html || 이천시 율면에서 이용 가능한 한국미인테라피 정보를 보기 쉽게 정리했습니다. 100,000원부터 확인되는 가격과 60분·90분 코스 정보를 참고해 가격, 코스 구성, 영업시간과 문의 수단을 순서대로 확인할 수 있습니다.",""
"DESCRIPTION_TEMPLATE","818","업체상세","2","x 의 loc x 이용 안내입니다 n n 부터 확인되는 가격과 n n 코스 정보를 참고해 코스별 시간과 가격 운영시간 전화 문자 문의 내용을 살펴볼 수 있습니다","shops/seoul/gwanak-gu/신사동/너무이쁜테라피/index.html || 너무이쁜테라피의 관악구 신사동 이용 안내입니다. 60,000원부터 확인되는 가격과 60분·90분 코스 정보를 참고해 코스별 시간과 가격, 운영시간, 전화·문자 문의 내용을 살펴볼 수 있습니다.","shops/other/changwon/jinhae-gu/여좌동/경남테라피/index.html || 경남테라피의 진해구 여좌동 이용 안내입니다. 60,000원부터 확인되는 가격과 60분·90분 코스 정보를 참고해 코스별 시간과 가격, 운영시간, 전화·문자 문의 내용을 살펴볼 수 있습니다.",""
"DESCRIPTION_TEMPLATE","819","업체상세","2","x 이용 전 살펴볼 loc x 지역 정보를 한곳에 모았습니다 n n 시간 구성과 n n 부터 시작하는 가격을 확인하면서 가격 코스 구성 영업시간과 문의 수단을 순서대로 확인할 수 있습니다","shops/seoul/gwanak-gu/청룡동/마인드좋은테라피/index.html || 마인드좋은테라피 이용 전 살펴볼 관악구 청룡동 지역 정보를 한곳에 모았습니다. 60분·90분 시간 구성과 60,000원부터 시작하는 가격을 확인하면서 가격, 코스 구성, 영업시간과 문의 수단을 순서대로 확인할 수 있습니다.","shops/seoul/songpa-gu/석촌동/너무이쁜테라피/index.html || 너무이쁜테라피 이용 전 살펴볼 송파구 석촌동 지역 정보를 한곳에 모았습니다. 60분·90분 시간 구성과 60,000원부터 시작하는 가격을 확인하면서 가격, 코스 구성, 영업시간과 문의 수단을 순서대로 확인할 수 있습니다.",""
"DESCRIPTION_TEMPLATE","820","업체상세","2","x 의 코스와 운영 정보를 loc x 기준으로 안내합니다 n n 부터 확인되는 가격과 n n 코스 정보를 참고해 코스별 이용시간과 가격 운영시간 및 연락 방법을 비교할 수 있습니다","shops/seoul/gwangjin-gu/구의동/너무이쁜테라피/index.html || 너무이쁜테라피의 코스와 운영 정보를 광진구 구의동 기준으로 안내합니다. 60,000원부터 확인되는 가격과 60분·90분 코스 정보를 참고해 코스별 이용시간과 가격, 운영시간 및 연락 방법을 비교할 수 있습니다.","shops/incheon/namdong-gu/구월동/love테라피/index.html || love테라피의 코스와 운영 정보를 남동구 구월동 기준으로 안내합니다. 70,000원부터 확인되는 가격과 60분·90분 코스 정보를 참고해 코스별 이용시간과 가격, 운영시간 및 연락 방법을 비교할 수 있습니다.",""
"DESCRIPTION_TEMPLATE","821","업체상세","2","x 이용 전 살펴볼 loc x 지역 정보를 한곳에 모았습니다 n n 시간 구성과 n n 부터 시작하는 가격을 확인하면서 가격과 이용시간 연락 방법을 확인해 필요한 내용을 loc 비교할 수 있습니다","shops/seoul/gwanak-gu/행운동/너무이쁜테라피/index.html || 너무이쁜테라피 이용 전 살펴볼 관악구 행운동 지역 정보를 한곳에 모았습니다. 60분·90분 시간 구성과 60,000원부터 시작하는 가격을 확인하면서 가격과 이용시간, 연락 방법을 확인해 필요한 내용을 미리 비교할 수 있습니다.","shops/gyeonggi/gwangju-gyeonggi/퇴촌면/프리미엄테라피/index.html || 프리미엄테라피 이용 전 살펴볼 광주시 퇴촌면 지역 정보를 한곳에 모았습니다. 60분·90분 시간 구성과 60,000원부터 시작하는 가격을 확인하면서 가격과 이용시간, 연락 방법을 확인해 필요한 내용을 미리 비교할 수 있습니다.",""
"DESCRIPTION_TEMPLATE","822","업체상세","2","x 의 loc x 운영 정보와 문의 방법을 정리했습니다 n n 시간 구성과 n n 부터 시작하는 가격을 확인하면서 이용 전 필요한 코스 가격 운영시간과 연락 정보를 한 번에 살펴볼 수 있습니다","shops/seoul/gwanak-gu/청림동/love테라피/index.html || love테라피의 관악구 청림동 운영 정보와 문의 방법을 정리했습니다. 60분·90분 시간 구성과 70,000원부터 시작하는 가격을 확인하면서 이용 전 필요한 코스·가격·운영시간과 연락 정보를 한 번에 살펴볼 수 있습니다.","shops/incheon/ganghwa-gun/양사면/프리미엄테라피/index.html || 프리미엄테라피의 강화군 양사면 운영 정보와 문의 방법을 정리했습니다. 60분·90분 시간 구성과 60,000원부터 시작하는 가격을 확인하면서 이용 전 필요한 코스·가격·운영시간과 연락 정보를 한 번에 살펴볼 수 있습니다.",""
"DESCRIPTION_TEMPLATE","823","업체상세","2","x 의 코스와 운영 정보를 loc x 기준으로 안내합니다 n n 시간 구성과 n n 부터 시작하는 가격을 확인하면서 이용 전 필요한 코스 가격 운영시간과 연락 정보를 한 번에 살펴볼 수 있습니다","shops/seoul/gwanak-gu/성현동/마인드좋은테라피/index.html || 마인드좋은테라피의 코스와 운영 정보를 관악구 성현동 기준으로 안내합니다. 60분·90분 시간 구성과 60,000원부터 시작하는 가격을 확인하면서 이용 전 필요한 코스·가격·운영시간과 연락 정보를 한 번에 살펴볼 수 있습니다.","shops/gyeonggi/namyangju/호평동/한국미인테라피/index.html || 한국미인테라피의 코스와 운영 정보를 남양주시 호평동 기준으로 안내합니다. 60분·90분 시간 구성과 100,000원부터 시작하는 가격을 확인하면서 이용 전 필요한 코스·가격·운영시간과 연락 정보를 한 번에 살펴볼 수 있습니다.",""
"DESCRIPTION_TEMPLATE","824","업체상세","2","loc x 기준 x 의 코스와 이용 정보를 확인할 수 있습니다 n n 부터 확인되는 가격 정보와 n n 코스 시간을 함께 살펴보고 가격과 코스 구성 영업시간 및 연락 수단을 비교해 이용 전 참고할 수 있습니다","shops/seoul/gwanak-gu/서원동/프리미엄테라피/index.html || 관악구 서원동 기준 프리미엄테라피의 코스와 이용 정보를 확인할 수 있습니다. 60,000원부터 확인되는 가격 정보와 60분·90분 코스 시간을 함께 살펴보고 가격과 코스 구성, 영업시간 및 연락 수단을 비교해 이용 전 참고할 수 있습니다.","shops/gyeonggi/gwacheon/갈현동/한국미인테라피/index.html || 과천시 갈현동 기준 한국미인테라피의 코스와 이용 정보를 확인할 수 있습니다. 100,000원부터 확인되는 가격 정보와 60분·90분 코스 시간을 함께 살펴보고 가격과 코스 구성, 영업시간 및 연락 수단을 비교해 이용 전 참고할 수 있습니다.",""
"DESCRIPTION_TEMPLATE","825","업체상세","2","loc x 기준 x 의 코스와 이용 정보를 확인할 수 있습니다 n n 부터 확인되는 가격과 n n 코스 정보를 참고해 영업시간과 코스별 가격을 확인하고 전화나 문자로 세부 내용을 문의할 수 있습니다","shops/seoul/gwanak-gu/서원동/한국미인테라피/index.html || 관악구 서원동 기준 한국미인테라피의 코스와 이용 정보를 확인할 수 있습니다. 100,000원부터 확인되는 가격과 60분·90분 코스 정보를 참고해 영업시간과 코스별 가격을 확인하고 전화나 문자로 세부 내용을 문의할 수 있습니다.","shops/gyeonggi/anseong/삼죽면/한국미인테라피/index.html || 안성시 삼죽면 기준 한국미인테라피의 코스와 이용 정보를 확인할 수 있습니다. 100,000원부터 확인되는 가격과 60분·90분 코스 정보를 참고해 영업시간과 코스별 가격을 확인하고 전화나 문자로 세부 내용을 문의할 수 있습니다.",""
"DESCRIPTION_TEMPLATE","826","업체상세","2","x 의 코스와 운영 정보를 loc x 기준으로 안내합니다 n n 부터 확인되는 가격과 n n 코스 정보를 참고해 코스와 가격 영업시간 전화 문자 문의 방법을 함께 확인할 수 있습니다","shops/seoul/gwanak-gu/신림동/프리미엄테라피/index.html || 프리미엄테라피의 코스와 운영 정보를 관악구 신림동 기준으로 안내합니다. 60,000원부터 확인되는 가격과 60분·90분 코스 정보를 참고해 코스와 가격, 영업시간, 전화·문자 문의 방법을 함께 확인할 수 있습니다.","shops/other/daejeon/dong-gu/성남동/24시미녀테라피/index.html || 24시미녀테라피의 코스와 운영 정보를 동구 성남동 기준으로 안내합니다. 70,000원부터 확인되는 가격과 60분·90분 코스 정보를 참고해 코스와 가격, 영업시간, 전화·문자 문의 방법을 함께 확인할 수 있습니다.",""
"DESCRIPTION_TEMPLATE","827","지역SEO","2","loc 지역과 loc loc loc 등 인접 생활권을 함께 살펴볼 수 있도록 구성했습니다 지역별 위치 관계와 loc 범위를 함께 비교할 때 참고할 수 있습니다","massage/평내동-출장마사지-남양주시-생활권-이동동선-지역정보-이용전-안내/index.html || 평내동 지역과 별내동·양정동·호평동 등 인접 생활권을 함께 살펴볼 수 있도록 구성했습니다. 지역별 위치 관계와 이동 범위를 함께 비교할 때 참고할 수 있습니다.","massage/오정동-출장마사지-부천시-오정구-생활권-이동동선-지역정보-이용전-안내/index.html || 오정동 지역과 성곡동·신흥동·원종동 등 인접 생활권을 함께 살펴볼 수 있도록 구성했습니다. 지역별 위치 관계와 이동 범위를 함께 비교할 때 참고할 수 있습니다.",""
"DESCRIPTION_TEMPLATE","828","지역SEO","2","loc 기준으로 loc loc 등 인접 지역 정보를 정리했습니다 주변 위치와 loc 동선을 한눈에 비교할 수 있도록 필요한 정보만 담았습니다","massage/호평동-출장마사지-남양주시-생활권-이동동선-지역정보-이용전-안내/index.html || 호평동 기준으로 양정동·평내동 등 인접 지역 정보를 정리했습니다. 주변 위치와 이동 동선을 한눈에 비교할 수 있도록 필요한 정보만 담았습니다.","massage/회현동-출장마사지-김해-생활권-이동동선-지역정보-이용전-안내/index.html || 회현동 기준으로 칠산서부동·활천동 등 인접 지역 정보를 정리했습니다. 주변 위치와 이동 동선을 한눈에 비교할 수 있도록 필요한 정보만 담았습니다.",""
"DESCRIPTION_TEMPLATE","829","지역SEO","2","loc 기준으로 loc loc 등 인접 지역 정보를 정리했습니다 생활권별 위치와 loc 흐름을 비교해 주변 지역을 확인하기 쉽도록 구성했습니다","massage/보산동-출장마사지-동두천시-생활권-이동동선-지역정보-이용전-안내/index.html || 보산동 기준으로 불현동·상패동 등 인접 지역 정보를 정리했습니다. 생활권별 위치와 이동 흐름을 비교해 주변 지역을 확인하기 쉽도록 구성했습니다.","massage/중앙동-출장마사지-여주시-생활권-이동동선-지역정보-이용전-안내/index.html || 중앙동 기준으로 여흥동·오학동 등 인접 지역 정보를 정리했습니다. 생활권별 위치와 이동 흐름을 비교해 주변 지역을 확인하기 쉽도록 구성했습니다.",""
"DESCRIPTION_TEMPLATE","830","업체상세","2","loc x 에서 x 이용 전 확인할 정보를 모았습니다 n n 부터 확인되는 가격 정보와 n n 코스 시간을 함께 살펴보고 코스와 가격 영업시간 전화 문자 문의 방법을 함께 확인할 수 있습니다","shops/seoul/gwangjin-gu/자양동/한국미인테라피/index.html || 광진구 자양동에서 한국미인테라피 이용 전 확인할 정보를 모았습니다. 100,000원부터 확인되는 가격 정보와 60분·90분 코스 시간을 함께 살펴보고 코스와 가격, 영업시간, 전화·문자 문의 방법을 함께 확인할 수 있습니다.","shops/gyeonggi/paju/운정동/한국미인테라피/index.html || 파주시 운정동에서 한국미인테라피 이용 전 확인할 정보를 모았습니다. 100,000원부터 확인되는 가격 정보와 60분·90분 코스 시간을 함께 살펴보고 코스와 가격, 영업시간, 전화·문자 문의 방법을 함께 확인할 수 있습니다.",""
"DESCRIPTION_TEMPLATE","831","업체상세","2","loc x 기준으로 x 운영 정보를 정리했습니다 n n 코스와 n n 부터 가격 코스 구성 영업시간과 문의 수단을 순서대로 확인할 수 있습니다","shops/seoul/guro-gu/항동/love테라피/index.html || 구로구 항동 기준으로 love테라피 운영 정보를 정리했습니다. 60분·90분 코스와 70,000원부터 가격, 코스 구성, 영업시간과 문의 수단을 순서대로 확인할 수 있습니다.","shops/other/daejeon/jung-gu/부사동/S썸바디테라피/index.html || 중구 부사동 기준으로 S썸바디테라피 운영 정보를 정리했습니다. 60분·90분 코스와 50,000원부터 가격, 코스 구성, 영업시간과 문의 수단을 순서대로 확인할 수 있습니다.",""
"DESCRIPTION_TEMPLATE","832","업체상세","2","x 이용 전 살펴볼 loc x 지역 정보를 한곳에 모았습니다 n n 코스와 n n 부터 확인되는 가격 정보를 포함해 영업시간과 코스별 가격을 확인하고 전화나 문자로 세부 내용을 문의할 수 있습니다","shops/seoul/guro-gu/오류동/너무이쁜테라피/index.html || 너무이쁜테라피 이용 전 살펴볼 구로구 오류동 지역 정보를 한곳에 모았습니다. 60분·90분 코스와 60,000원부터 확인되는 가격 정보를 포함해 영업시간과 코스별 가격을 확인하고 전화나 문자로 세부 내용을 문의할 수 있습니다.","shops/seoul/seongbuk-gu/종암동/한국미인테라피/index.html || 한국미인테라피 이용 전 살펴볼 성북구 종암동 지역 정보를 한곳에 모았습니다. 60분·90분 코스와 100,000원부터 확인되는 가격 정보를 포함해 영업시간과 코스별 가격을 확인하고 전화나 문자로 세부 내용을 문의할 수 있습니다.",""
"DESCRIPTION_TEMPLATE","833","업체상세","2","loc x 지역의 x 이용 정보를 정리했습니다 n n 부터 확인되는 가격 정보와 n n 코스 시간을 함께 살펴보고 이용 전 필요한 코스 가격 운영시간과 연락 정보를 한 번에 살펴볼 수 있습니다","shops/seoul/guro-gu/수궁동/love테라피/index.html || 구로구 수궁동 지역의 love테라피 이용 정보를 정리했습니다. 70,000원부터 확인되는 가격 정보와 60분·90분 코스 시간을 함께 살펴보고 이용 전 필요한 코스·가격·운영시간과 연락 정보를 한 번에 살펴볼 수 있습니다.","shops/gyeonggi/icheon/호법면/너무이쁜테라피/index.html || 이천시 호법면 지역의 너무이쁜테라피 이용 정보를 정리했습니다. 60,000원부터 확인되는 가격 정보와 60분·90분 코스 시간을 함께 살펴보고 이용 전 필요한 코스·가격·운영시간과 연락 정보를 한 번에 살펴볼 수 있습니다.",""
"DESCRIPTION_TEMPLATE","834","업체상세","2","loc x 기준 x 의 코스와 이용 정보를 확인할 수 있습니다 n n 시간 구성과 n n 부터 시작하는 가격을 확인하면서 코스별 시간과 가격 운영시간 전화 문자 문의 내용을 살펴볼 수 있습니다","shops/seoul/geumcheon-gu/독산동/love테라피/index.html || 금천구 독산동 기준 love테라피의 코스와 이용 정보를 확인할 수 있습니다. 60분·90분 시간 구성과 70,000원부터 시작하는 가격을 확인하면서 코스별 시간과 가격, 운영시간, 전화·문자 문의 내용을 살펴볼 수 있습니다.","shops/gyeonggi/pyeongtaek/고덕면/한국미인테라피/index.html || 평택시 고덕면 기준 한국미인테라피의 코스와 이용 정보를 확인할 수 있습니다. 60분·90분 시간 구성과 100,000원부터 시작하는 가격을 확인하면서 코스별 시간과 가격, 운영시간, 전화·문자 문의 내용을 살펴볼 수 있습니다.",""
"DESCRIPTION_TEMPLATE","835","지역SEO","2","x loc 생활권과 loc loc loc 등 가까운 지역의 관계를 정리했습니다 가까운 지역과 연결 방향을 비교해 현재 위치 기준 생활권을 살펴볼 수 있습니다","massage/탄현면-출장마사지-파주시-생활권-지역정보-이용안내/index.html || 파주시 탄현면 생활권과 광탄면·문산읍·법원읍 등 가까운 지역의 관계를 정리했습니다. 가까운 지역과 연결 방향을 비교해 현재 위치 기준 생활권을 살펴볼 수 있습니다.","massage/월곶면-출장마사지-김포시-생활권-지역정보-이용안내/index.html || 김포시 월곶면 생활권과 고촌읍·대곶면·양촌읍 등 가까운 지역의 관계를 정리했습니다. 가까운 지역과 연결 방향을 비교해 현재 위치 기준 생활권을 살펴볼 수 있습니다.",""
"DESCRIPTION_TEMPLATE","836","업체상세","2","x 의 코스와 운영 정보를 loc x 기준으로 안내합니다 n n 부터 시작하는 가격과 n n 코스 정보를 바탕으로 코스 가격 영업시간과 전화 또는 문자 문의 방법을 확인할 수 있습니다","shops/seoul/geumcheon-gu/독산동/프리미엄테라피/index.html || 프리미엄테라피의 코스와 운영 정보를 금천구 독산동 기준으로 안내합니다. 60,000원부터 시작하는 가격과 60분·90분 코스 정보를 바탕으로 코스·가격·영업시간과 전화 또는 문자 문의 방법을 확인할 수 있습니다.","shops/other/jeonju/wansan-gu/서서학동/상큼테라피/index.html || 상큼테라피의 코스와 운영 정보를 완산구 서서학동 기준으로 안내합니다. 70,000원부터 시작하는 가격과 60분·90분 코스 정보를 바탕으로 코스·가격·영업시간과 전화 또는 문자 문의 방법을 확인할 수 있습니다.",""
"DESCRIPTION_TEMPLATE","837","지역SEO","2","loc 지역과 loc loc loc 등 인접 생활권을 함께 살펴볼 수 있도록 구성했습니다 현재 위치에서 이어지는 주변 지역을 살펴보고 loc 방향을 판단할 때 활용할 수 있습니다","massage/파주읍-출장마사지-파주시-생활권-지역정보-이용안내/index.html || 파주읍 지역과 광탄면·문산읍·법원읍 등 인접 생활권을 함께 살펴볼 수 있도록 구성했습니다. 현재 위치에서 이어지는 주변 지역을 살펴보고 이동 방향을 판단할 때 활용할 수 있습니다.","massage/기성동-출장마사지-대전-서구-생활권-이동동선-지역정보-이용전-안내/index.html || 기성동 지역과 관저동·괴정동·내동 등 인접 생활권을 함께 살펴볼 수 있도록 구성했습니다. 현재 위치에서 이어지는 주변 지역을 살펴보고 이동 방향을 판단할 때 활용할 수 있습니다.",""
"DESCRIPTION_TEMPLATE","838","업체상세","2","x 의 코스와 운영 정보를 loc loc 기준으로 안내합니다 n n 코스와 n n 부터 확인되는 가격 정보를 포함해 이용 가능한 코스와 가격 영업시간 전화 문자 문의 정보를 확인할 수 있습니다","shops/seoul/guro-gu/가리봉동/프리미엄테라피/index.html || 프리미엄테라피의 코스와 운영 정보를 구로구 가리봉동 기준으로 안내합니다. 60분·90분 코스와 60,000원부터 확인되는 가격 정보를 포함해 이용 가능한 코스와 가격, 영업시간, 전화·문자 문의 정보를 확인할 수 있습니다.","shops/other/daejeon/seo-gu/복수동/24시미녀테라피/index.html || 24시미녀테라피의 코스와 운영 정보를 서구 복수동 기준으로 안내합니다. 60분·90분 코스와 70,000원부터 확인되는 가격 정보를 포함해 이용 가능한 코스와 가격, 영업시간, 전화·문자 문의 정보를 확인할 수 있습니다.",""
"DESCRIPTION_TEMPLATE","839","업체상세","2","x 의 loc x 이용 안내입니다 n n 부터 시작하는 가격과 n n 코스 정보를 바탕으로 코스 가격 영업시간과 전화 또는 문자 문의 방법을 확인할 수 있습니다","shops/seoul/gwangjin-gu/화양동/너무이쁜테라피/index.html || 너무이쁜테라피의 광진구 화양동 이용 안내입니다. 60,000원부터 시작하는 가격과 60분·90분 코스 정보를 바탕으로 코스·가격·영업시간과 전화 또는 문자 문의 방법을 확인할 수 있습니다.","shops/gyeonggi/siheung/능곡동/너무이쁜테라피/index.html || 너무이쁜테라피의 시흥시 능곡동 이용 안내입니다. 60,000원부터 시작하는 가격과 60분·90분 코스 정보를 바탕으로 코스·가격·영업시간과 전화 또는 문자 문의 방법을 확인할 수 있습니다.",""
"DESCRIPTION_TEMPLATE","840","지역SEO","2","loc 기준으로 loc loc 등 인접 지역 정보를 정리했습니다 현재 위치에서 가까운 지역을 비교하고 loc 범위를 살펴볼 때 참고할 수 있습니다","massage/탄벌동-출장마사지-광주시-생활권-이동동선-지역정보-이용전-안내/index.html || 탄벌동 기준으로 쌍령동·오포동 등 인접 지역 정보를 정리했습니다. 현재 위치에서 가까운 지역을 비교하고 이동 범위를 살펴볼 때 참고할 수 있습니다.","massage/동천동-출장마사지-용인시-수지구-생활권-이동동선-지역정보-이용전-안내/index.html || 동천동 기준으로 상현동·성복동 등 인접 지역 정보를 정리했습니다. 현재 위치에서 가까운 지역을 비교하고 이동 범위를 살펴볼 때 참고할 수 있습니다.",""
"DESCRIPTION_TEMPLATE","841","지역SEO","2","loc 생활권과 loc loc 등 가까운 지역의 관계를 정리했습니다 인접 생활권과 주변 위치를 확인해 loc 동선을 검토할 때 활용할 수 있습니다","massage/학온동-출장마사지-광명시-생활권-이동동선-지역정보-이용전-안내/index.html || 학온동 생활권과 철산동·하안동 등 가까운 지역의 관계를 정리했습니다. 인접 생활권과 주변 위치를 확인해 이동 동선을 검토할 때 활용할 수 있습니다.","massage/고봉동-출장마사지-고양시-일산동구-생활권-이동동선-지역정보-이용전-안내/index.html || 고봉동 생활권과 마두동·백석동 등 가까운 지역의 관계를 정리했습니다. 인접 생활권과 주변 위치를 확인해 이동 동선을 검토할 때 활용할 수 있습니다.",""
"DESCRIPTION_TEMPLATE","842","지역SEO","2","loc 지역에서 loc loc 등 주변 생활권을 함께 확인할 수 있습니다 지역별 위치 관계와 loc 범위를 함께 비교할 때 참고할 수 있습니다","massage/광명동-출장마사지-광명시-생활권-이동동선-지역정보-이용전-안내/index.html || 광명동 지역에서 소하동·일직동 등 주변 생활권을 함께 확인할 수 있습니다. 지역별 위치 관계와 이동 범위를 함께 비교할 때 참고할 수 있습니다.","massage/가리봉동-출장마사지-구로구-생활권-이동동선-지역정보-이용전-안내/index.html || 가리봉동 지역에서 개봉동·고척동 등 주변 생활권을 함께 확인할 수 있습니다. 지역별 위치 관계와 이동 범위를 함께 비교할 때 참고할 수 있습니다.",""
"DESCRIPTION_TEMPLATE","843","업체상세","2","x 이용 전 살펴볼 loc x 지역 정보를 한곳에 모았습니다 n n 이용시간과 n n 부터 확인되는 가격 정보를 함께 확인하며 코스 가격 영업시간과 전화 또는 문자 문의 방법을 확인할 수 있습니다","shops/seoul/guro-gu/구로동/love테라피/index.html || love테라피 이용 전 살펴볼 구로구 구로동 지역 정보를 한곳에 모았습니다. 60분·90분 이용시간과 70,000원부터 확인되는 가격 정보를 함께 확인하며 코스·가격·영업시간과 전화 또는 문자 문의 방법을 확인할 수 있습니다.","shops/seoul/songpa-gu/오금동/너무이쁜테라피/index.html || 너무이쁜테라피 이용 전 살펴볼 송파구 오금동 지역 정보를 한곳에 모았습니다. 60분·90분 이용시간과 60,000원부터 확인되는 가격 정보를 함께 확인하며 코스·가격·영업시간과 전화 또는 문자 문의 방법을 확인할 수 있습니다.",""
"DESCRIPTION_TEMPLATE","844","업체상세","2","loc x 지역의 x 이용 정보를 정리했습니다 n n 코스 구성과 n n 부터 확인되는 가격대를 확인한 뒤 코스별 시간과 가격 운영시간 전화 문자 문의 내용을 살펴볼 수 있습니다","shops/seoul/guro-gu/개봉동/프리미엄테라피/index.html || 구로구 개봉동 지역의 프리미엄테라피 이용 정보를 정리했습니다. 60분·90분 코스 구성과 60,000원부터 확인되는 가격대를 확인한 뒤 코스별 시간과 가격, 운영시간, 전화·문자 문의 내용을 살펴볼 수 있습니다.","shops/other/jeonju/deokjin-gu/조촌동/상큼테라피/index.html || 덕진구 조촌동 지역의 상큼테라피 이용 정보를 정리했습니다. 60분·90분 코스 구성과 70,000원부터 확인되는 가격대를 확인한 뒤 코스별 시간과 가격, 운영시간, 전화·문자 문의 내용을 살펴볼 수 있습니다.",""
"DESCRIPTION_TEMPLATE","845","업체상세","2","loc x 에서 이용 가능한 x 정보를 보기 쉽게 정리했습니다 n n 코스와 n n 부터 확인되는 가격 정보를 포함해 코스 가격 영업시간과 전화 또는 문자 문의 방법을 확인할 수 있습니다","shops/seoul/gangseo-gu/염창동/love테라피/index.html || 강서구 염창동에서 이용 가능한 love테라피 정보를 보기 쉽게 정리했습니다. 60분·90분 코스와 70,000원부터 확인되는 가격 정보를 포함해 코스·가격·영업시간과 전화 또는 문자 문의 방법을 확인할 수 있습니다.","shops/other/cheongju/cheongwon-gu/우암동/레드테라피/index.html || 청원구 우암동에서 이용 가능한 레드테라피 정보를 보기 쉽게 정리했습니다. 60분·90분 코스와 60,000원부터 확인되는 가격 정보를 포함해 코스·가격·영업시간과 전화 또는 문자 문의 방법을 확인할 수 있습니다.",""
"DESCRIPTION_TEMPLATE","846","지역SEO","2","loc 지역에서 loc loc 등 주변 생활권의 위치 관계를 확인할 수 있습니다 현재 위치에서 이어지는 주변 지역을 살펴보고 loc 방향을 판단할 때 활용할 수 있습니다","massage/회천동-출장마사지-양주시-생활권-이동동선-지역정보-이용전-안내/index.html || 회천동 지역에서 양주동·옥정동 등 주변 생활권의 위치 관계를 확인할 수 있습니다. 현재 위치에서 이어지는 주변 지역을 살펴보고 이동 방향을 판단할 때 활용할 수 있습니다.","massage/합정동-출장마사지-마포구-생활권-이동동선-지역정보-이용전-안내/index.html || 합정동 지역에서 염리동·용강동 등 주변 생활권의 위치 관계를 확인할 수 있습니다. 현재 위치에서 이어지는 주변 지역을 살펴보고 이동 방향을 판단할 때 활용할 수 있습니다.",""
"DESCRIPTION_TEMPLATE","847","지역SEO","2","loc 기준으로 loc loc 등 인접 지역 정보를 정리했습니다 가까운 지역과 연결 방향을 비교해 현재 위치 기준 생활권을 살펴볼 수 있습니다","massage/여흥동-출장마사지-여주시-생활권-이동동선-지역정보-이용전-안내/index.html || 여흥동 기준으로 오학동·중앙동 등 인접 지역 정보를 정리했습니다. 가까운 지역과 연결 방향을 비교해 현재 위치 기준 생활권을 살펴볼 수 있습니다.","massage/대화동-출장마사지-대전-대덕구-생활권-이동동선-지역정보-이용전-안내/index.html || 대화동 기준으로 덕암동·목상동 등 인접 지역 정보를 정리했습니다. 가까운 지역과 연결 방향을 비교해 현재 위치 기준 생활권을 살펴볼 수 있습니다.",""
"DESCRIPTION_TEMPLATE","848","지역SEO","2","x 지역과 loc loc loc 등 인접 생활권을 함께 살펴볼 수 있도록 구성했습니다 주변 위치와 loc 동선을 한눈에 비교할 수 있도록 필요한 정보만 담았습니다","massage/북면-출장마사지-천안-동남구-생활권-지역정보-이용안내/index.html || 북면 지역과 광덕면·동면·목천읍 등 인접 생활권을 함께 살펴볼 수 있도록 구성했습니다. 주변 위치와 이동 동선을 한눈에 비교할 수 있도록 필요한 정보만 담았습니다.","massage/용산2가동-출장마사지-용산구-생활권-이동동선-지역정보-이용전-안내/index.html || 용산2가동 지역과 서빙고동·용문동·원효로동 등 인접 생활권을 함께 살펴볼 수 있도록 구성했습니다. 주변 위치와 이동 동선을 한눈에 비교할 수 있도록 필요한 정보만 담았습니다.",""
"DESCRIPTION_TEMPLATE","849","지역SEO","2","x 주변 지역을 확인할 때 loc loc loc 등 가까운 생활권을 비교할 수 있습니다 지역별 위치 관계와 loc 범위를 함께 비교할 때 참고할 수 있습니다","massage/함열읍-출장마사지-익산-생활권-지역정보-이용안내/index.html || 함열읍 주변 지역을 확인할 때 금마면·낭산면·망성면 등 가까운 생활권을 비교할 수 있습니다. 지역별 위치 관계와 이동 범위를 함께 비교할 때 참고할 수 있습니다.","massage/석동-출장마사지-창원-진해구-생활권-이동동선-지역정보-이용전-안내/index.html || 석동 주변 지역을 확인할 때 덕산동·병암동·여좌동 등 가까운 생활권을 비교할 수 있습니다. 지역별 위치 관계와 이동 범위를 함께 비교할 때 참고할 수 있습니다.",""
"DESCRIPTION_TEMPLATE","850","업체상세","2","loc x 기준 x 의 코스와 이용 정보를 확인할 수 있습니다 n n 부터 확인되는 가격 정보와 n n 코스 시간을 함께 살펴보고 코스별 시간과 가격 운영시간 전화 문자 문의 내용을 살펴볼 수 있습니다","shops/seoul/gangseo-gu/화곡본동/한국미인테라피/index.html || 강서구 화곡본동 기준 한국미인테라피의 코스와 이용 정보를 확인할 수 있습니다. 100,000원부터 확인되는 가격 정보와 60분·90분 코스 시간을 함께 살펴보고 코스별 시간과 가격, 운영시간, 전화·문자 문의 내용을 살펴볼 수 있습니다.","shops/incheon/jemulpo-gu/2동/love테라피/index.html || 제물포구 2동 기준 love테라피의 코스와 이용 정보를 확인할 수 있습니다. 70,000원부터 확인되는 가격 정보와 60분·90분 코스 시간을 함께 살펴보고 코스별 시간과 가격, 운영시간, 전화·문자 문의 내용을 살펴볼 수 있습니다.",""
"DESCRIPTION_TEMPLATE","851","업체상세","2","x 의 loc x 운영 정보와 문의 방법을 정리했습니다 n n 부터 확인되는 가격과 n n 코스 정보를 참고해 코스별 시간과 가격 운영시간 전화 문자 문의 내용을 살펴볼 수 있습니다","shops/seoul/gangseo-gu/화곡동/프리미엄테라피/index.html || 프리미엄테라피의 강서구 화곡동 운영 정보와 문의 방법을 정리했습니다. 60,000원부터 확인되는 가격과 60분·90분 코스 정보를 참고해 코스별 시간과 가격, 운영시간, 전화·문자 문의 내용을 살펴볼 수 있습니다.","shops/seoul/gwanak-gu/대학동/love테라피/index.html || love테라피의 관악구 대학동 운영 정보와 문의 방법을 정리했습니다. 70,000원부터 확인되는 가격과 60분·90분 코스 정보를 참고해 코스별 시간과 가격, 운영시간, 전화·문자 문의 내용을 살펴볼 수 있습니다.",""
"DESCRIPTION_TEMPLATE","852","지역SEO","2","loc 생활권과 loc loc 등 가까운 지역의 관계를 정리했습니다 가까운 지역과 연결 방향을 비교해 현재 위치 기준 생활권을 살펴볼 수 있습니다","massage/북이면-출장마사지-청주-청원구-생활권-지역정보-이용안내/index.html || 북이면 생활권과 내수읍·오창읍 등 가까운 지역의 관계를 정리했습니다. 가까운 지역과 연결 방향을 비교해 현재 위치 기준 생활권을 살펴볼 수 있습니다.","massage/호수동-출장마사지-안산시-단원구-생활권-이동동선-지역정보-이용전-안내/index.html || 호수동 생활권과 중앙동·초지동 등 가까운 지역의 관계를 정리했습니다. 가까운 지역과 연결 방향을 비교해 현재 위치 기준 생활권을 살펴볼 수 있습니다.",""
"DESCRIPTION_TEMPLATE","853","지역SEO","2","loc 주변 지역을 확인할 때 loc loc 등 가까운 생활권을 비교할 수 있습니다 지역별 위치 관계와 loc 범위를 함께 비교할 때 참고할 수 있습니다","massage/내수읍-출장마사지-청주-청원구-생활권-지역정보-이용안내/index.html || 내수읍 주변 지역을 확인할 때 북이면·오창읍 등 가까운 생활권을 비교할 수 있습니다. 지역별 위치 관계와 이동 범위를 함께 비교할 때 참고할 수 있습니다.","massage/고등동-출장마사지-수원시-팔달구-생활권-이동동선-지역정보-이용전-안내/index.html || 고등동 주변 지역을 확인할 때 매교동·매산동 등 가까운 생활권을 비교할 수 있습니다. 지역별 위치 관계와 이동 범위를 함께 비교할 때 참고할 수 있습니다.",""
"DESCRIPTION_TEMPLATE","854","지역SEO","2","loc 주변의 loc loc 등 연결 지역을 중심으로 위치 정보를 구성했습니다 가까운 생활권과 loc 범위를 비교해 지역 선택 전 참고할 수 있습니다","massage/오창읍-출장마사지-청주-청원구-생활권-지역정보-이용안내/index.html || 오창읍 주변의 내수읍·북이면 등 연결 지역을 중심으로 위치 정보를 구성했습니다. 가까운 생활권과 이동 범위를 비교해 지역 선택 전 참고할 수 있습니다.","massage/가좌동-출장마사지-고양시-일산서구-생활권-이동동선-지역정보-이용전-안내/index.html || 가좌동 주변의 대화동·덕이동 등 연결 지역을 중심으로 위치 정보를 구성했습니다. 가까운 생활권과 이동 범위를 비교해 지역 선택 전 참고할 수 있습니다.",""
"DESCRIPTION_TEMPLATE","855","지역SEO","2","loc 지역 이용 정보 위치를 기준으로 loc loc loc 등 주변 지역과의 연결 관계를 확인할 수 있습니다 인접 지역의 위치 관계와 생활권 범위를 비교할 때 참고할 수 있습니다","massage/수신면-출장마사지-천안-동남구-생활권-지역정보-이용안내/index.html || 수신면 지역 이용 정보 위치를 기준으로 광덕면·동면·목천읍 등 주변 지역과의 연결 관계를 확인할 수 있습니다. 인접 지역의 위치 관계와 생활권 범위를 비교할 때 참고할 수 있습니다.","massage/금광면-출장마사지-안성시-생활권-지역정보-이용안내/index.html || 금광면 지역 이용 정보 위치를 기준으로 고삼면·공도읍·대덕면 등 주변 지역과의 연결 관계를 확인할 수 있습니다. 인접 지역의 위치 관계와 생활권 범위를 비교할 때 참고할 수 있습니다.",""
"DESCRIPTION_TEMPLATE","856","지역SEO","2","loc 생활권과 loc loc 등 가까운 지역의 관계를 정리했습니다 지역별 위치 관계와 loc 범위를 함께 비교할 때 참고할 수 있습니다","massage/남촌동-출장마사지-오산시-생활권-이동동선-지역정보-이용전-안내/index.html || 남촌동 생활권과 대원동·세마동 등 가까운 지역의 관계를 정리했습니다. 지역별 위치 관계와 이동 범위를 함께 비교할 때 참고할 수 있습니다.","massage/초평동-출장마사지-오산시-생활권-이동동선-지역정보-이용전-안내/index.html || 초평동 생활권과 신장동·중앙동 등 가까운 지역의 관계를 정리했습니다. 지역별 위치 관계와 이동 범위를 함께 비교할 때 참고할 수 있습니다.",""
"DESCRIPTION_TEMPLATE","857","업체상세","2","x 이용 전 살펴볼 loc x 지역 정보를 한곳에 모았습니다 n n 코스와 n n 부터 이용 가능한 코스와 가격 영업시간 전화 문자 문의 정보를 확인할 수 있습니다","shops/seoul/gangseo-gu/염창동/한국미인테라피/index.html || 한국미인테라피 이용 전 살펴볼 강서구 염창동 지역 정보를 한곳에 모았습니다. 60분·90분 코스와 100,000원부터 이용 가능한 코스와 가격, 영업시간, 전화·문자 문의 정보를 확인할 수 있습니다.","shops/gyeonggi/siheung/월곶동/love테라피/index.html || love테라피 이용 전 살펴볼 시흥시 월곶동 지역 정보를 한곳에 모았습니다. 60분·90분 코스와 70,000원부터 이용 가능한 코스와 가격, 영업시간, 전화·문자 문의 정보를 확인할 수 있습니다.",""
"DESCRIPTION_TEMPLATE","858","업체상세","2","loc x 기준 x 의 코스와 이용 정보를 확인할 수 있습니다 n n 부터 확인되는 가격 정보와 n n 코스 시간을 함께 살펴보고 코스 가격 영업시간과 전화 또는 문자 문의 방법을 확인할 수 있습니다","shops/seoul/gangseo-gu/방화동/프리미엄테라피/index.html || 강서구 방화동 기준 프리미엄테라피의 코스와 이용 정보를 확인할 수 있습니다. 60,000원부터 확인되는 가격 정보와 60분·90분 코스 시간을 함께 살펴보고 코스·가격·영업시간과 전화 또는 문자 문의 방법을 확인할 수 있습니다.","shops/seoul/seocho-gu/잠원동/너무이쁜테라피/index.html || 서초구 잠원동 기준 너무이쁜테라피의 코스와 이용 정보를 확인할 수 있습니다. 60,000원부터 확인되는 가격 정보와 60분·90분 코스 시간을 함께 살펴보고 코스·가격·영업시간과 전화 또는 문자 문의 방법을 확인할 수 있습니다.",""
"DESCRIPTION_TEMPLATE","859","업체상세","2","loc x 지역의 x 이용 정보를 정리했습니다 n n 코스와 n n 부터 코스 구성과 가격 운영시간 연락 방법을 한곳에서 확인할 수 있습니다","shops/seoul/gangseo-gu/화곡본동/love테라피/index.html || 강서구 화곡본동 지역의 love테라피 이용 정보를 정리했습니다. 60분·90분 코스와 70,000원부터 코스 구성과 가격, 운영시간, 연락 방법을 한곳에서 확인할 수 있습니다.","shops/seoul/dongdaemun-gu/청량리동/love테라피/index.html || 동대문구 청량리동 지역의 love테라피 이용 정보를 정리했습니다. 60분·90분 코스와 70,000원부터 코스 구성과 가격, 운영시간, 연락 방법을 한곳에서 확인할 수 있습니다.",""
"DESCRIPTION_TEMPLATE","860","지역SEO","2","x 지역 이용 정보 주변의 loc loc loc 등 연결 지역을 중심으로 위치 정보를 구성했습니다 가까운 생활권과 loc 범위를 비교해 지역 선택 전 참고할 수 있습니다","massage/생림면-출장마사지-김해-생활권-지역정보-이용안내/index.html || 생림면 지역 이용 정보 주변의 대동면·상동면·주촌면 등 연결 지역을 중심으로 위치 정보를 구성했습니다. 가까운 생활권과 이동 범위를 비교해 지역 선택 전 참고할 수 있습니다.","massage/소정면-출장마사지-세종-생활권-지역정보-이용안내/index.html || 소정면 지역 이용 정보 주변의 금남면·부강면·연기면 등 연결 지역을 중심으로 위치 정보를 구성했습니다. 가까운 생활권과 이동 범위를 비교해 지역 선택 전 참고할 수 있습니다.",""
"DESCRIPTION_TEMPLATE","861","지역SEO","2","x 에서 loc loc loc 등 주변 지역으로 이어지는 범위를 확인할 수 있습니다 인접 지역의 위치 관계와 생활권 범위를 비교할 때 참고할 수 있습니다","massage/삼국유사면-출장마사지-대구-군위군-생활권-지역정보-이용안내/index.html || 삼국유사면에서 군위읍·부계면·산성면 등 주변 지역으로 이어지는 범위를 확인할 수 있습니다. 인접 지역의 위치 관계와 생활권 범위를 비교할 때 참고할 수 있습니다.","massage/무태조야동-출장마사지-대구-북구-생활권-이동동선-지역정보-이용전-안내/index.html || 무태조야동에서 대현동·동천동·복현동 등 주변 지역으로 이어지는 범위를 확인할 수 있습니다. 인접 지역의 위치 관계와 생활권 범위를 비교할 때 참고할 수 있습니다.",""
"DESCRIPTION_TEMPLATE","862","지역SEO","2","x 지역 이용 정보 생활권을 중심으로 loc loc loc 등 가까운 지역 정보를 정리했습니다 인접 생활권과 주변 위치를 확인해 loc 동선을 검토할 때 활용할 수 있습니다","massage/금남면-출장마사지-세종-생활권-지역정보-이용안내/index.html || 금남면 지역 이용 정보 생활권을 중심으로 부강면·소정면·연기면 등 가까운 지역 정보를 정리했습니다. 인접 생활권과 주변 위치를 확인해 이동 동선을 검토할 때 활용할 수 있습니다.","massage/춘포면-출장마사지-익산-생활권-지역정보-이용안내/index.html || 춘포면 지역 이용 정보 생활권을 중심으로 금마면·낭산면·망성면 등 가까운 지역 정보를 정리했습니다. 인접 생활권과 주변 위치를 확인해 이동 동선을 검토할 때 활용할 수 있습니다.",""
"DESCRIPTION_TEMPLATE","863","지역SEO","2","x x 지역에서 loc loc loc 등 주변 생활권의 위치 관계를 확인할 수 있습니다 현재 위치에서 가까운 지역을 비교하고 loc 범위를 살펴볼 때 참고할 수 있습니다","massage/상동면-출장마사지-김해-생활권-지역정보-이용안내/index.html || 김해 상동면 지역에서 대동면·생림면·주촌면 등 주변 생활권의 위치 관계를 확인할 수 있습니다. 현재 위치에서 가까운 지역을 비교하고 이동 범위를 살펴볼 때 참고할 수 있습니다.","massage/낭산면-출장마사지-익산-생활권-지역정보-이용안내/index.html || 익산 낭산면 지역에서 금마면·망성면·삼기면 등 주변 생활권의 위치 관계를 확인할 수 있습니다. 현재 위치에서 가까운 지역을 비교하고 이동 범위를 살펴볼 때 참고할 수 있습니다.",""
"DESCRIPTION_TEMPLATE","864","업체상세","2","loc x 에서 x 이용 전 확인할 정보를 모았습니다 n n 시간 구성과 n n 부터 시작하는 가격을 확인하면서 코스 가격 영업시간과 전화 또는 문자 문의 방법을 확인할 수 있습니다","shops/seoul/gwanak-gu/서림동/love테라피/index.html || 관악구 서림동에서 love테라피 이용 전 확인할 정보를 모았습니다. 60분·90분 시간 구성과 70,000원부터 시작하는 가격을 확인하면서 코스·가격·영업시간과 전화 또는 문자 문의 방법을 확인할 수 있습니다.","shops/incheon/geomdan-gu/오류왕길동/너무이쁜테라피/index.html || 검단구 오류왕길동에서 너무이쁜테라피 이용 전 확인할 정보를 모았습니다. 60분·90분 시간 구성과 60,000원부터 시작하는 가격을 확인하면서 코스·가격·영업시간과 전화 또는 문자 문의 방법을 확인할 수 있습니다.",""
"DESCRIPTION_TEMPLATE","865","지역SEO","2","x 기준 생활권과 loc loc loc 등 인접 지역의 범위를 함께 정리했습니다 인접 생활권과 주변 위치를 확인해 loc 동선을 검토할 때 활용할 수 있습니다","massage/대야면-출장마사지-군산-생활권-지역정보-이용안내/index.html || 대야면 기준 생활권과 개정면·나포면·서수면 등 인접 지역의 범위를 함께 정리했습니다. 인접 생활권과 주변 위치를 확인해 이동 동선을 검토할 때 활용할 수 있습니다.","massage/금호4가동-출장마사지-성동구-생활권-이동동선-지역정보-이용전-안내/index.html || 금호4가동 기준 생활권과 금호1가동·마장동·사근동 등 인접 지역의 범위를 함께 정리했습니다. 인접 생활권과 주변 위치를 확인해 이동 동선을 검토할 때 활용할 수 있습니다.",""
"DESCRIPTION_TEMPLATE","866","지역SEO","2","x 생활권과 loc loc loc 등 가까운 지역의 관계를 정리했습니다 인접 생활권과 주변 위치를 확인해 loc 동선을 검토할 때 활용할 수 있습니다","massage/옥구읍-출장마사지-군산-생활권-지역정보-이용안내/index.html || 옥구읍 생활권과 개정면·나포면·대야면 등 가까운 지역의 관계를 정리했습니다. 인접 생활권과 주변 위치를 확인해 이동 동선을 검토할 때 활용할 수 있습니다.","massage/학동-출장마사지-광주-동구-생활권-이동동선-지역정보-이용전-안내/index.html || 학동 생활권과 지원동·충장동·학운동 등 가까운 지역의 관계를 정리했습니다. 인접 생활권과 주변 위치를 확인해 이동 동선을 검토할 때 활용할 수 있습니다.",""
"DESCRIPTION_TEMPLATE","867","지역SEO","2","x x 위치를 기준으로 loc loc loc 등 주변 지역과의 연결 관계를 확인할 수 있습니다 가까운 지역과 연결 방향을 비교해 현재 위치 기준 생활권을 살펴볼 수 있습니다","massage/배방읍-출장마사지-아산-생활권-지역정보-이용안내/index.html || 아산 배방읍 위치를 기준으로 도고면·둔포면·선장면 등 주변 지역과의 연결 관계를 확인할 수 있습니다. 가까운 지역과 연결 방향을 비교해 현재 위치 기준 생활권을 살펴볼 수 있습니다.","massage/진접읍-출장마사지-남양주시-생활권-지역정보-이용안내/index.html || 남양주시 진접읍 위치를 기준으로 별내면·수동면·오남읍 등 주변 지역과의 연결 관계를 확인할 수 있습니다. 가까운 지역과 연결 방향을 비교해 현재 위치 기준 생활권을 살펴볼 수 있습니다.",""
"DESCRIPTION_TEMPLATE","868","업체상세","2","loc x 기준 x 의 코스와 이용 정보를 확인할 수 있습니다 n n 코스 구성과 n n 부터 확인되는 가격대를 확인한 뒤 코스별 이용시간과 가격 운영시간 및 연락 방법을 비교할 수 있습니다","shops/seoul/gwanak-gu/대학동/한국미인테라피/index.html || 관악구 대학동 기준 한국미인테라피의 코스와 이용 정보를 확인할 수 있습니다. 60분·90분 코스 구성과 100,000원부터 확인되는 가격대를 확인한 뒤 코스별 이용시간과 가격, 운영시간 및 연락 방법을 비교할 수 있습니다.","shops/gyeonggi/pyeongtaek/중앙동/한국미인테라피/index.html || 평택시 중앙동 기준 한국미인테라피의 코스와 이용 정보를 확인할 수 있습니다. 60분·90분 코스 구성과 100,000원부터 확인되는 가격대를 확인한 뒤 코스별 이용시간과 가격, 운영시간 및 연락 방법을 비교할 수 있습니다.",""
"DESCRIPTION_TEMPLATE","869","업체상세","2","loc x 기준으로 x 운영 정보를 정리했습니다 n n 코스 구성과 n n 부터 확인되는 가격대를 확인한 뒤 코스와 가격 영업시간 전화 문자 문의 방법을 함께 확인할 수 있습니다","shops/seoul/gwanak-gu/남현동/한국미인테라피/index.html || 관악구 남현동 기준으로 한국미인테라피 운영 정보를 정리했습니다. 60분·90분 코스 구성과 100,000원부터 확인되는 가격대를 확인한 뒤 코스와 가격, 영업시간, 전화·문자 문의 방법을 함께 확인할 수 있습니다.","shops/other/daejeon/jung-gu/중촌동/24시미녀테라피/index.html || 중구 중촌동 기준으로 24시미녀테라피 운영 정보를 정리했습니다. 60분·90분 코스 구성과 70,000원부터 확인되는 가격대를 확인한 뒤 코스와 가격, 영업시간, 전화·문자 문의 방법을 함께 확인할 수 있습니다.",""
"DESCRIPTION_TEMPLATE","870","지역SEO","2","x 생활권과 loc loc loc 등 가까운 지역의 관계를 정리했습니다 현재 위치에서 이어지는 주변 지역을 살펴보고 loc 방향을 판단할 때 활용할 수 있습니다","massage/영인면-출장마사지-아산-생활권-지역정보-이용안내/index.html || 영인면 생활권과 도고면·둔포면·배방읍 등 가까운 지역의 관계를 정리했습니다. 현재 위치에서 이어지는 주변 지역을 살펴보고 이동 방향을 판단할 때 활용할 수 있습니다.","massage/별내면-출장마사지-남양주시-생활권-지역정보-이용안내/index.html || 별내면 생활권과 수동면·오남읍·와부읍 등 가까운 지역의 관계를 정리했습니다. 현재 위치에서 이어지는 주변 지역을 살펴보고 이동 방향을 판단할 때 활용할 수 있습니다.",""
"DESCRIPTION_TEMPLATE","871","지역SEO","2","x 지역에서 loc loc loc 등 주변 생활권을 함께 확인할 수 있습니다 생활권 연결 방향과 위치 범위를 비교해 주변 지역을 확인할 때 활용할 수 있습니다","massage/부강면-출장마사지-세종-생활권-지역정보-이용안내/index.html || 부강면 지역에서 금남면·소정면·연기면 등 주변 생활권을 함께 확인할 수 있습니다. 생활권 연결 방향과 위치 범위를 비교해 주변 지역을 확인할 때 활용할 수 있습니다.","massage/상동-출장마사지-대구-수성구-생활권-이동동선-지역정보-이용전-안내/index.html || 상동 지역에서 범물동·범어동·수성1가동 등 주변 생활권을 함께 확인할 수 있습니다. 생활권 연결 방향과 위치 범위를 비교해 주변 지역을 확인할 때 활용할 수 있습니다.",""
"DESCRIPTION_TEMPLATE","872","지역SEO","2","x 생활권을 중심으로 loc loc loc 등 가까운 지역 정보를 정리했습니다 주변 위치와 loc 동선을 한눈에 비교할 수 있도록 필요한 정보만 담았습니다","massage/연동면-출장마사지-세종-생활권-지역정보-이용안내/index.html || 연동면 생활권을 중심으로 금남면·부강면·소정면 등 가까운 지역 정보를 정리했습니다. 주변 위치와 이동 동선을 한눈에 비교할 수 있도록 필요한 정보만 담았습니다.","massage/염치읍-출장마사지-아산-생활권-지역정보-이용안내/index.html || 염치읍 생활권을 중심으로 도고면·둔포면·배방읍 등 가까운 지역 정보를 정리했습니다. 주변 위치와 이동 동선을 한눈에 비교할 수 있도록 필요한 정보만 담았습니다.",""
"DESCRIPTION_TEMPLATE","873","지역SEO","2","x 의 위치 특성과 loc loc loc 등 인접 지역의 연결 방향을 함께 안내합니다 지역별 위치 관계와 loc 범위를 함께 비교할 때 참고할 수 있습니다","massage/신창면-출장마사지-아산-생활권-지역정보-이용안내/index.html || 신창면의 위치 특성과 도고면·둔포면·배방읍 등 인접 지역의 연결 방향을 함께 안내합니다. 지역별 위치 관계와 이동 범위를 함께 비교할 때 참고할 수 있습니다.","massage/남촌도림동-출장마사지-남동구-생활권-이동동선-지역정보-이용전-안내/index.html || 남촌도림동의 위치 특성과 간석동·구월동·논현고잔동 등 인접 지역의 연결 방향을 함께 안내합니다. 지역별 위치 관계와 이동 범위를 함께 비교할 때 참고할 수 있습니다.",""
"DESCRIPTION_TEMPLATE","874","업체상세","2","loc loc x 에서 x 이용 전 확인할 정보를 모았습니다 n n 이용시간과 n n 부터 확인되는 가격 정보를 함께 확인하며 이용 가능한 코스와 가격 영업시간 전화 문자 문의 정보를 확인할 수 있습니다","shops/gyeonggi/yongin/giheung-gu/영덕동/너무이쁜테라피/index.html || 용인시-기흥구 영덕동에서 너무이쁜테라피 이용 전 확인할 정보를 모았습니다. 60분·90분 이용시간과 60,000원부터 확인되는 가격 정보를 함께 확인하며 이용 가능한 코스와 가격, 영업시간, 전화·문자 문의 정보를 확인할 수 있습니다.","shops/gyeonggi/hwaseong/manse-gu/마도면/love테라피/index.html || 화성시-만세구 마도면에서 love테라피 이용 전 확인할 정보를 모았습니다. 60분·90분 이용시간과 70,000원부터 확인되는 가격 정보를 함께 확인하며 이용 가능한 코스와 가격, 영업시간, 전화·문자 문의 정보를 확인할 수 있습니다.",""
"DESCRIPTION_TEMPLATE","875","업체상세","2","loc loc x 기준으로 x 운영 정보를 정리했습니다 n n 부터 확인되는 가격 정보와 n n 코스 시간을 함께 살펴보고 코스 구성과 가격 운영시간 연락 방법을 한곳에서 확인할 수 있습니다","shops/gyeonggi/goyang/ilsandong-gu/정발산동/love테라피/index.html || 고양시-일산동구 정발산동 기준으로 love테라피 운영 정보를 정리했습니다. 70,000원부터 확인되는 가격 정보와 60분·90분 코스 시간을 함께 살펴보고 코스 구성과 가격, 운영시간, 연락 방법을 한곳에서 확인할 수 있습니다.","shops/gyeonggi/bucheon/ojeong-gu/신흥동/한국미인테라피/index.html || 부천시-오정구 신흥동 기준으로 한국미인테라피 운영 정보를 정리했습니다. 100,000원부터 확인되는 가격 정보와 60분·90분 코스 시간을 함께 살펴보고 코스 구성과 가격, 운영시간, 연락 방법을 한곳에서 확인할 수 있습니다.",""
"DESCRIPTION_TEMPLATE","876","업체상세","2","loc loc x 지역의 x 이용 정보를 정리했습니다 n n 코스 구성과 n n 부터 확인되는 가격대를 확인한 뒤 이용 전 필요한 코스 가격 운영시간과 연락 정보를 한 번에 살펴볼 수 있습니다","shops/gyeonggi/goyang/ilsandong-gu/장항동/한국미인테라피/index.html || 고양시-일산동구 장항동 지역의 한국미인테라피 이용 정보를 정리했습니다. 60분·90분 코스 구성과 100,000원부터 확인되는 가격대를 확인한 뒤 이용 전 필요한 코스·가격·운영시간과 연락 정보를 한 번에 살펴볼 수 있습니다.","shops/gyeonggi/yongin/suji-gu/신봉동/한국미인테라피/index.html || 용인시-수지구 신봉동 지역의 한국미인테라피 이용 정보를 정리했습니다. 60분·90분 코스 구성과 100,000원부터 확인되는 가격대를 확인한 뒤 이용 전 필요한 코스·가격·운영시간과 연락 정보를 한 번에 살펴볼 수 있습니다.",""
"DESCRIPTION_TEMPLATE","877","업체상세","2","x 관련 loc loc x 정보를 확인할 수 있습니다 n n 코스와 n n 부터 확인되는 가격 정보를 포함해 코스 가격 영업시간과 전화 또는 문자 문의 방법을 확인할 수 있습니다","shops/gyeonggi/goyang/ilsandong-gu/중산동/프리미엄테라피/index.html || 프리미엄테라피 관련 고양시-일산동구 중산동 정보를 확인할 수 있습니다. 60분·90분 코스와 60,000원부터 확인되는 가격 정보를 포함해 코스·가격·영업시간과 전화 또는 문자 문의 방법을 확인할 수 있습니다.","shops/gyeonggi/seongnam/jungwon-gu/도촌동/love테라피/index.html || love테라피 관련 성남시-중원구 도촌동 정보를 확인할 수 있습니다. 60분·90분 코스와 70,000원부터 확인되는 가격 정보를 포함해 코스·가격·영업시간과 전화 또는 문자 문의 방법을 확인할 수 있습니다.",""
"DESCRIPTION_TEMPLATE","878","업체상세","2","x 의 loc loc x 운영 정보와 문의 방법을 정리했습니다 n n 부터 시작하는 가격과 n n 코스 정보를 바탕으로 가격과 코스 구성 영업시간 및 연락 수단을 비교해 이용 전 참고할 수 있습니다","shops/gyeonggi/goyang/ilsandong-gu/중산동/한국미인테라피/index.html || 한국미인테라피의 고양시-일산동구 중산동 운영 정보와 문의 방법을 정리했습니다. 100,000원부터 시작하는 가격과 60분·90분 코스 정보를 바탕으로 가격과 코스 구성, 영업시간 및 연락 수단을 비교해 이용 전 참고할 수 있습니다.","shops/gyeonggi/yongin/cheoin-gu/모현읍/너무이쁜테라피/index.html || 너무이쁜테라피의 용인시-처인구 모현읍 운영 정보와 문의 방법을 정리했습니다. 60,000원부터 시작하는 가격과 60분·90분 코스 정보를 바탕으로 가격과 코스 구성, 영업시간 및 연락 수단을 비교해 이용 전 참고할 수 있습니다.",""
"DESCRIPTION_TEMPLATE","879","업체상세","2","loc x 기준으로 x 운영 정보를 정리했습니다 n n 이용시간과 n n 부터 확인되는 가격 정보를 함께 확인하며 코스와 가격 영업시간 전화 문자 문의 방법을 함께 확인할 수 있습니다","shops/seoul/seongdong-gu/용답동/love테라피/index.html || 성동구 용답동 기준으로 love테라피 운영 정보를 정리했습니다. 60분·90분 이용시간과 70,000원부터 확인되는 가격 정보를 함께 확인하며 코스와 가격, 영업시간, 전화·문자 문의 방법을 함께 확인할 수 있습니다.","shops/other/jeonju/deokjin-gu/우아동/상큼테라피/index.html || 덕진구 우아동 기준으로 상큼테라피 운영 정보를 정리했습니다. 60분·90분 이용시간과 70,000원부터 확인되는 가격 정보를 함께 확인하며 코스와 가격, 영업시간, 전화·문자 문의 방법을 함께 확인할 수 있습니다.",""
"DESCRIPTION_TEMPLATE","880","업체상세","2","loc loc x 기준 x 의 코스와 이용 정보를 확인할 수 있습니다 n n 부터 시작하는 가격과 n n 코스 정보를 바탕으로 코스 가격 영업시간과 전화 또는 문자 문의 방법을 확인할 수 있습니다","shops/gyeonggi/goyang/ilsandong-gu/백석동/love테라피/index.html || 고양시-일산동구 백석동 기준 love테라피의 코스와 이용 정보를 확인할 수 있습니다. 70,000원부터 시작하는 가격과 60분·90분 코스 정보를 바탕으로 코스·가격·영업시간과 전화 또는 문자 문의 방법을 확인할 수 있습니다.","shops/gyeonggi/ansan/danwon-gu/원곡동/love테라피/index.html || 안산시-단원구 원곡동 기준 love테라피의 코스와 이용 정보를 확인할 수 있습니다. 70,000원부터 시작하는 가격과 60분·90분 코스 정보를 바탕으로 코스·가격·영업시간과 전화 또는 문자 문의 방법을 확인할 수 있습니다.",""
"DESCRIPTION_TEMPLATE","881","업체상세","2","loc loc x 기준 x 의 코스와 이용 정보를 확인할 수 있습니다 n n 부터 확인되는 가격 정보와 n n 코스 시간을 함께 살펴보고 이용 전 필요한 코스 가격 운영시간과 연락 정보를 한 번에 살펴볼 수 있습니다","shops/gyeonggi/goyang/ilsandong-gu/백석동/너무이쁜테라피/index.html || 고양시-일산동구 백석동 기준 너무이쁜테라피의 코스와 이용 정보를 확인할 수 있습니다. 60,000원부터 확인되는 가격 정보와 60분·90분 코스 시간을 함께 살펴보고 이용 전 필요한 코스·가격·운영시간과 연락 정보를 한 번에 살펴볼 수 있습니다.","shops/gyeonggi/seongnam/sujeong-gu/고등동/너무이쁜테라피/index.html || 성남시-수정구 고등동 기준 너무이쁜테라피의 코스와 이용 정보를 확인할 수 있습니다. 60,000원부터 확인되는 가격 정보와 60분·90분 코스 시간을 함께 살펴보고 이용 전 필요한 코스·가격·운영시간과 연락 정보를 한 번에 살펴볼 수 있습니다.",""
"DESCRIPTION_TEMPLATE","882","업체상세","2","x 관련 loc loc x 정보를 확인할 수 있습니다 n n 부터 확인되는 가격 정보와 n n 코스 시간을 함께 살펴보고 이용 가능한 코스와 가격 영업시간 전화 문자 문의 정보를 확인할 수 있습니다","shops/gyeonggi/goyang/ilsandong-gu/식사동/love테라피/index.html || love테라피 관련 고양시-일산동구 식사동 정보를 확인할 수 있습니다. 70,000원부터 확인되는 가격 정보와 60분·90분 코스 시간을 함께 살펴보고 이용 가능한 코스와 가격, 영업시간, 전화·문자 문의 정보를 확인할 수 있습니다.","shops/gyeonggi/suwon/gwonseon-gu/권선동/love테라피/index.html || love테라피 관련 수원시-권선구 권선동 정보를 확인할 수 있습니다. 70,000원부터 확인되는 가격 정보와 60분·90분 코스 시간을 함께 살펴보고 이용 가능한 코스와 가격, 영업시간, 전화·문자 문의 정보를 확인할 수 있습니다.",""
"DESCRIPTION_TEMPLATE","883","업체상세","2","x 의 코스와 운영 정보를 loc x 기준으로 안내합니다 n n 시간 구성과 n n 부터 시작하는 가격을 확인하면서 코스 가격 영업시간과 전화 또는 문자 문의 방법을 확인할 수 있습니다","shops/seoul/seongdong-gu/행당동/프리미엄테라피/index.html || 프리미엄테라피의 코스와 운영 정보를 성동구 행당동 기준으로 안내합니다. 60분·90분 시간 구성과 60,000원부터 시작하는 가격을 확인하면서 코스·가격·영업시간과 전화 또는 문자 문의 방법을 확인할 수 있습니다.","shops/other/daegu/dong-gu/도평동/대구테라피/index.html || 대구테라피의 코스와 운영 정보를 동구 도평동 기준으로 안내합니다. 60분·90분 시간 구성과 80,000원부터 시작하는 가격을 확인하면서 코스·가격·영업시간과 전화 또는 문자 문의 방법을 확인할 수 있습니다.",""
"DESCRIPTION_TEMPLATE","884","업체상세","2","loc loc x 지역의 x 이용 정보를 정리했습니다 n n 코스 구성과 n n 부터 확인되는 가격대를 확인한 뒤 코스별 이용시간과 가격 운영시간 및 연락 방법을 비교할 수 있습니다","shops/gyeonggi/goyang/ilsanseo-gu/송포동/한국미인테라피/index.html || 고양시-일산서구 송포동 지역의 한국미인테라피 이용 정보를 정리했습니다. 60분·90분 코스 구성과 100,000원부터 확인되는 가격대를 확인한 뒤 코스별 이용시간과 가격, 운영시간 및 연락 방법을 비교할 수 있습니다.","shops/gyeonggi/yongin/giheung-gu/기흥동/한국미인테라피/index.html || 용인시-기흥구 기흥동 지역의 한국미인테라피 이용 정보를 정리했습니다. 60분·90분 코스 구성과 100,000원부터 확인되는 가격대를 확인한 뒤 코스별 이용시간과 가격, 운영시간 및 연락 방법을 비교할 수 있습니다.",""
"DESCRIPTION_TEMPLATE","885","업체상세","2","x 관련 loc loc x 정보를 확인할 수 있습니다 n n 시간 구성과 n n 부터 시작하는 가격을 확인하면서 이용 전 필요한 코스 가격 운영시간과 연락 정보를 한 번에 살펴볼 수 있습니다","shops/gyeonggi/goyang/ilsanseo-gu/덕이동/너무이쁜테라피/index.html || 너무이쁜테라피 관련 고양시-일산서구 덕이동 정보를 확인할 수 있습니다. 60분·90분 시간 구성과 60,000원부터 시작하는 가격을 확인하면서 이용 전 필요한 코스·가격·운영시간과 연락 정보를 한 번에 살펴볼 수 있습니다.","shops/gyeonggi/suwon/gwonseon-gu/호매실동/너무이쁜테라피/index.html || 너무이쁜테라피 관련 수원시-권선구 호매실동 정보를 확인할 수 있습니다. 60분·90분 시간 구성과 60,000원부터 시작하는 가격을 확인하면서 이용 전 필요한 코스·가격·운영시간과 연락 정보를 한 번에 살펴볼 수 있습니다.",""
"DESCRIPTION_TEMPLATE","886","업체상세","2","x 이용 전 살펴볼 loc x 지역 정보를 한곳에 모았습니다 n n 시간 구성과 n n 부터 시작하는 가격을 확인하면서 영업시간과 코스별 가격을 확인하고 전화나 문자로 세부 내용을 문의할 수 있습니다","shops/seoul/seongdong-gu/왕십리도선동/love테라피/index.html || love테라피 이용 전 살펴볼 성동구 왕십리도선동 지역 정보를 한곳에 모았습니다. 60분·90분 시간 구성과 70,000원부터 시작하는 가격을 확인하면서 영업시간과 코스별 가격을 확인하고 전화나 문자로 세부 내용을 문의할 수 있습니다.","shops/gyeonggi/uiwang/청계동/love테라피/index.html || love테라피 이용 전 살펴볼 의왕시 청계동 지역 정보를 한곳에 모았습니다. 60분·90분 시간 구성과 70,000원부터 시작하는 가격을 확인하면서 영업시간과 코스별 가격을 확인하고 전화나 문자로 세부 내용을 문의할 수 있습니다.",""
"DESCRIPTION_TEMPLATE","887","업체상세","2","loc loc x 기준으로 x 운영 정보를 정리했습니다 n n 코스와 n n 부터 확인되는 가격 정보를 포함해 코스별 시간과 가격 운영시간 전화 문자 문의 내용을 살펴볼 수 있습니다","shops/gyeonggi/goyang/ilsanseo-gu/일산동/한국미인테라피/index.html || 고양시-일산서구 일산동 기준으로 한국미인테라피 운영 정보를 정리했습니다. 60분·90분 코스와 100,000원부터 확인되는 가격 정보를 포함해 코스별 시간과 가격, 운영시간, 전화·문자 문의 내용을 살펴볼 수 있습니다.","shops/gyeonggi/anyang/manan-gu/충훈동/한국미인테라피/index.html || 안양시-만안구 충훈동 기준으로 한국미인테라피 운영 정보를 정리했습니다. 60분·90분 코스와 100,000원부터 확인되는 가격 정보를 포함해 코스별 시간과 가격, 운영시간, 전화·문자 문의 내용을 살펴볼 수 있습니다.",""
"DESCRIPTION_TEMPLATE","888","업체상세","2","loc loc x 생활권에서 확인할 수 있는 x 정보를 담았습니다 n n 시간 구성과 n n 부터 시작하는 가격을 확인하면서 가격 코스 구성 영업시간과 문의 수단을 순서대로 확인할 수 있습니다","shops/gyeonggi/goyang/ilsanseo-gu/덕이동/한국미인테라피/index.html || 고양시-일산서구 덕이동 생활권에서 확인할 수 있는 한국미인테라피 정보를 담았습니다. 60분·90분 시간 구성과 100,000원부터 시작하는 가격을 확인하면서 가격, 코스 구성, 영업시간과 문의 수단을 순서대로 확인할 수 있습니다.","shops/gyeonggi/bucheon/wonmi-gu/심곡동/프리미엄테라피/index.html || 부천시-원미구 심곡동 생활권에서 확인할 수 있는 프리미엄테라피 정보를 담았습니다. 60분·90분 시간 구성과 60,000원부터 시작하는 가격을 확인하면서 가격, 코스 구성, 영업시간과 문의 수단을 순서대로 확인할 수 있습니다.",""
"DESCRIPTION_TEMPLATE","889","업체상세","2","x 의 코스와 운영 정보를 loc loc x 기준으로 안내합니다 n n 부터 확인되는 가격 정보와 n n 코스 시간을 함께 살펴보고 영업시간과 코스별 가격을 확인하고 전화나 문자로 세부 내용을 문의할 수 있습니다","shops/gyeonggi/goyang/ilsanseo-gu/가좌동/love테라피/index.html || love테라피의 코스와 운영 정보를 고양시-일산서구 가좌동 기준으로 안내합니다. 70,000원부터 확인되는 가격 정보와 60분·90분 코스 시간을 함께 살펴보고 영업시간과 코스별 가격을 확인하고 전화나 문자로 세부 내용을 문의할 수 있습니다.","shops/gyeonggi/goyang/ilsanseo-gu/탄현동/love테라피/index.html || love테라피의 코스와 운영 정보를 고양시-일산서구 탄현동 기준으로 안내합니다. 70,000원부터 확인되는 가격 정보와 60분·90분 코스 시간을 함께 살펴보고 영업시간과 코스별 가격을 확인하고 전화나 문자로 세부 내용을 문의할 수 있습니다.",""
"DESCRIPTION_TEMPLATE","890","업체상세","2","x 의 코스와 운영 정보를 loc loc x 기준으로 안내합니다 n n 부터 확인되는 가격과 n n 코스 정보를 참고해 코스별 시간과 가격 운영시간 전화 문자 문의 내용을 살펴볼 수 있습니다","shops/gyeonggi/goyang/ilsanseo-gu/가좌동/한국미인테라피/index.html || 한국미인테라피의 코스와 운영 정보를 고양시-일산서구 가좌동 기준으로 안내합니다. 100,000원부터 확인되는 가격과 60분·90분 코스 정보를 참고해 코스별 시간과 가격, 운영시간, 전화·문자 문의 내용을 살펴볼 수 있습니다.","shops/gyeonggi/yongin/giheung-gu/상하동/love테라피/index.html || love테라피의 코스와 운영 정보를 용인시-기흥구 상하동 기준으로 안내합니다. 70,000원부터 확인되는 가격과 60분·90분 코스 정보를 참고해 코스별 시간과 가격, 운영시간, 전화·문자 문의 내용을 살펴볼 수 있습니다.",""
"DESCRIPTION_TEMPLATE","891","업체상세","2","loc loc x 기준 x 의 코스와 이용 정보를 확인할 수 있습니다 n n 코스 구성과 n n 부터 확인되는 가격대를 확인한 뒤 운영시간과 코스 구성 가격 연락 방법을 한 페이지에서 확인할 수 있습니다","shops/gyeonggi/goyang/ilsanseo-gu/대화동/love테라피/index.html || 고양시-일산서구 대화동 기준 love테라피의 코스와 이용 정보를 확인할 수 있습니다. 60분·90분 코스 구성과 70,000원부터 확인되는 가격대를 확인한 뒤 운영시간과 코스 구성, 가격, 연락 방법을 한 페이지에서 확인할 수 있습니다.","shops/gyeonggi/seongnam/jungwon-gu/중앙동/너무이쁜테라피/index.html || 성남시-중원구 중앙동 기준 너무이쁜테라피의 코스와 이용 정보를 확인할 수 있습니다. 60분·90분 코스 구성과 60,000원부터 확인되는 가격대를 확인한 뒤 운영시간과 코스 구성, 가격, 연락 방법을 한 페이지에서 확인할 수 있습니다.",""
"DESCRIPTION_TEMPLATE","892","업체상세","2","x 관련 loc x 정보를 확인할 수 있습니다 n n 시간 구성과 n n 부터 시작하는 가격을 확인하면서 가격 코스 구성 영업시간과 문의 수단을 순서대로 확인할 수 있습니다","shops/seoul/seongdong-gu/왕십리동/한국미인테라피/index.html || 한국미인테라피 관련 성동구 왕십리동 정보를 확인할 수 있습니다. 60분·90분 시간 구성과 100,000원부터 시작하는 가격을 확인하면서 가격, 코스 구성, 영업시간과 문의 수단을 순서대로 확인할 수 있습니다.","shops/seoul/seongdong-gu/응봉동/프리미엄테라피/index.html || 프리미엄테라피 관련 성동구 응봉동 정보를 확인할 수 있습니다. 60분·90분 시간 구성과 60,000원부터 시작하는 가격을 확인하면서 가격, 코스 구성, 영업시간과 문의 수단을 순서대로 확인할 수 있습니다.",""
"DESCRIPTION_TEMPLATE","893","업체상세","2","loc loc x 에서 x 이용 전 확인할 정보를 모았습니다 n n 코스와 n n 부터 코스와 가격 영업시간 전화 문자 문의 방법을 함께 확인할 수 있습니다","shops/gyeonggi/goyang/ilsandong-gu/마두동/한국미인테라피/index.html || 고양시-일산동구 마두동에서 한국미인테라피 이용 전 확인할 정보를 모았습니다. 60분·90분 코스와 100,000원부터 코스와 가격, 영업시간, 전화·문자 문의 방법을 함께 확인할 수 있습니다.","shops/gyeonggi/ansan/sangnok-gu/월피동/love테라피/index.html || 안산시-상록구 월피동에서 love테라피 이용 전 확인할 정보를 모았습니다. 60분·90분 코스와 70,000원부터 코스와 가격, 영업시간, 전화·문자 문의 방법을 함께 확인할 수 있습니다.",""
"DESCRIPTION_TEMPLATE","894","업체상세","2","x 이용 전 살펴볼 loc loc x 지역 정보를 한곳에 모았습니다 n n 부터 시작하는 가격과 n n 코스 정보를 바탕으로 코스별 시간과 가격 운영시간 전화 문자 문의 내용을 살펴볼 수 있습니다","shops/gyeonggi/goyang/deogyang-gu/행신동/너무이쁜테라피/index.html || 너무이쁜테라피 이용 전 살펴볼 고양시-덕양구 행신동 지역 정보를 한곳에 모았습니다. 60,000원부터 시작하는 가격과 60분·90분 코스 정보를 바탕으로 코스별 시간과 가격, 운영시간, 전화·문자 문의 내용을 살펴볼 수 있습니다.","shops/gyeonggi/hwaseong/byeongjeom-gu/화산동/한국미인테라피/index.html || 한국미인테라피 이용 전 살펴볼 화성시-병점구 화산동 지역 정보를 한곳에 모았습니다. 100,000원부터 시작하는 가격과 60분·90분 코스 정보를 바탕으로 코스별 시간과 가격, 운영시간, 전화·문자 문의 내용을 살펴볼 수 있습니다.",""
"DESCRIPTION_TEMPLATE","895","업체상세","2","x 의 loc loc x 이용 안내입니다 n n 코스와 n n 부터 코스별 이용시간과 가격 운영시간 및 연락 방법을 비교할 수 있습니다","shops/gyeonggi/goyang/deogyang-gu/행신동/한국미인테라피/index.html || 한국미인테라피의 고양시-덕양구 행신동 이용 안내입니다. 60분·90분 코스와 100,000원부터 코스별 이용시간과 가격, 운영시간 및 연락 방법을 비교할 수 있습니다.","shops/gyeonggi/yongin/giheung-gu/동백동/프리미엄테라피/index.html || 프리미엄테라피의 용인시-기흥구 동백동 이용 안내입니다. 60분·90분 코스와 60,000원부터 코스별 이용시간과 가격, 운영시간 및 연락 방법을 비교할 수 있습니다.",""
"DESCRIPTION_TEMPLATE","896","업체상세","2","loc loc x 기준 x 의 코스와 이용 정보를 확인할 수 있습니다 n n 부터 확인되는 가격 정보와 n n 코스 시간을 함께 살펴보고 코스와 가격 영업시간 전화 문자 문의 방법을 함께 확인할 수 있습니다","shops/gyeonggi/goyang/deogyang-gu/행신동/프리미엄테라피/index.html || 고양시-덕양구 행신동 기준 프리미엄테라피의 코스와 이용 정보를 확인할 수 있습니다. 60,000원부터 확인되는 가격 정보와 60분·90분 코스 시간을 함께 살펴보고 코스와 가격, 영업시간, 전화·문자 문의 방법을 함께 확인할 수 있습니다.","shops/gyeonggi/seongnam/sujeong-gu/수진동/프리미엄테라피/index.html || 성남시-수정구 수진동 기준 프리미엄테라피의 코스와 이용 정보를 확인할 수 있습니다. 60,000원부터 확인되는 가격 정보와 60분·90분 코스 시간을 함께 살펴보고 코스와 가격, 영업시간, 전화·문자 문의 방법을 함께 확인할 수 있습니다.",""
"DESCRIPTION_TEMPLATE","897","업체상세","2","loc loc x 에서 이용 가능한 x 정보를 보기 쉽게 정리했습니다 n n 부터 확인되는 가격과 n n 코스 정보를 참고해 코스 가격 영업시간과 전화 또는 문자 문의 방법을 확인할 수 있습니다","shops/gyeonggi/goyang/deogyang-gu/행신동/love테라피/index.html || 고양시-덕양구 행신동에서 이용 가능한 love테라피 정보를 보기 쉽게 정리했습니다. 70,000원부터 확인되는 가격과 60분·90분 코스 정보를 참고해 코스·가격·영업시간과 전화 또는 문자 문의 방법을 확인할 수 있습니다.","shops/gyeonggi/suwon/jangan-gu/율천동/한국미인테라피/index.html || 수원시-장안구 율천동에서 이용 가능한 한국미인테라피 정보를 보기 쉽게 정리했습니다. 100,000원부터 확인되는 가격과 60분·90분 코스 정보를 참고해 코스·가격·영업시간과 전화 또는 문자 문의 방법을 확인할 수 있습니다.",""
"DESCRIPTION_TEMPLATE","898","업체상세","2","x 관련 loc loc x 정보를 확인할 수 있습니다 n n 부터 시작하는 가격과 n n 코스 정보를 바탕으로 운영시간과 코스 구성 가격 연락 방법을 한 페이지에서 확인할 수 있습니다","shops/gyeonggi/goyang/deogyang-gu/창릉동/프리미엄테라피/index.html || 프리미엄테라피 관련 고양시-덕양구 창릉동 정보를 확인할 수 있습니다. 60,000원부터 시작하는 가격과 60분·90분 코스 정보를 바탕으로 운영시간과 코스 구성, 가격, 연락 방법을 한 페이지에서 확인할 수 있습니다.","shops/gyeonggi/bucheon/wonmi-gu/약대동/한국미인테라피/index.html || 한국미인테라피 관련 부천시-원미구 약대동 정보를 확인할 수 있습니다. 100,000원부터 시작하는 가격과 60분·90분 코스 정보를 바탕으로 운영시간과 코스 구성, 가격, 연락 방법을 한 페이지에서 확인할 수 있습니다.",""
"DESCRIPTION_TEMPLATE","899","업체상세","2","x 관련 loc loc x 정보를 확인할 수 있습니다 n n 이용시간과 n n 부터 확인되는 가격 정보를 함께 확인하며 가격과 코스 구성 영업시간 및 연락 수단을 비교해 이용 전 참고할 수 있습니다","shops/gyeonggi/goyang/deogyang-gu/원신동/한국미인테라피/index.html || 한국미인테라피 관련 고양시-덕양구 원신동 정보를 확인할 수 있습니다. 60분·90분 이용시간과 100,000원부터 확인되는 가격 정보를 함께 확인하며 가격과 코스 구성, 영업시간 및 연락 수단을 비교해 이용 전 참고할 수 있습니다.","shops/gyeonggi/bucheon/sosa-gu/범박동/한국미인테라피/index.html || 한국미인테라피 관련 부천시-소사구 범박동 정보를 확인할 수 있습니다. 60분·90분 이용시간과 100,000원부터 확인되는 가격 정보를 함께 확인하며 가격과 코스 구성, 영업시간 및 연락 수단을 비교해 이용 전 참고할 수 있습니다.",""
"DESCRIPTION_TEMPLATE","900","업체상세","2","loc loc x 지역의 x 이용 정보를 정리했습니다 n n 코스와 n n 부터 운영시간과 코스 구성 가격 연락 방법을 한 페이지에서 확인할 수 있습니다","shops/gyeonggi/goyang/deogyang-gu/성사동/너무이쁜테라피/index.html || 고양시-덕양구 성사동 지역의 너무이쁜테라피 이용 정보를 정리했습니다. 60분·90분 코스와 60,000원부터 운영시간과 코스 구성, 가격, 연락 방법을 한 페이지에서 확인할 수 있습니다.","shops/gyeonggi/goyang/ilsandong-gu/풍산동/한국미인테라피/index.html || 고양시-일산동구 풍산동 지역의 한국미인테라피 이용 정보를 정리했습니다. 60분·90분 코스와 100,000원부터 운영시간과 코스 구성, 가격, 연락 방법을 한 페이지에서 확인할 수 있습니다.",""
"DESCRIPTION_TEMPLATE","901","업체상세","2","loc x 에서 x 이용 전 확인할 정보를 모았습니다 n n 코스 구성과 n n 부터 확인되는 가격대를 확인한 뒤 가격과 이용시간 연락 방법을 확인해 필요한 내용을 loc 비교할 수 있습니다","shops/seoul/seongbuk-gu/동선동/한국미인테라피/index.html || 성북구 동선동에서 한국미인테라피 이용 전 확인할 정보를 모았습니다. 60분·90분 코스 구성과 100,000원부터 확인되는 가격대를 확인한 뒤 가격과 이용시간, 연락 방법을 확인해 필요한 내용을 미리 비교할 수 있습니다.","shops/gyeonggi/osan/남촌동/프리미엄테라피/index.html || 오산시 남촌동에서 프리미엄테라피 이용 전 확인할 정보를 모았습니다. 60분·90분 코스 구성과 60,000원부터 확인되는 가격대를 확인한 뒤 가격과 이용시간, 연락 방법을 확인해 필요한 내용을 미리 비교할 수 있습니다.",""
"DESCRIPTION_TEMPLATE","902","업체상세","2","x 관련 loc loc x 정보를 확인할 수 있습니다 n n 이용시간과 n n 부터 확인되는 가격 정보를 함께 확인하며 코스와 가격 영업시간 전화 문자 문의 방법을 함께 확인할 수 있습니다","shops/gyeonggi/goyang/deogyang-gu/원신동/love테라피/index.html || love테라피 관련 고양시-덕양구 원신동 정보를 확인할 수 있습니다. 60분·90분 이용시간과 70,000원부터 확인되는 가격 정보를 함께 확인하며 코스와 가격, 영업시간, 전화·문자 문의 방법을 함께 확인할 수 있습니다.","shops/gyeonggi/yongin/cheoin-gu/역북동/프리미엄테라피/index.html || 프리미엄테라피 관련 용인시-처인구 역북동 정보를 확인할 수 있습니다. 60분·90분 이용시간과 60,000원부터 확인되는 가격 정보를 함께 확인하며 코스와 가격, 영업시간, 전화·문자 문의 방법을 함께 확인할 수 있습니다.",""
"DESCRIPTION_TEMPLATE","903","업체상세","2","loc loc x 에서 x 이용 전 확인할 정보를 모았습니다 n n 코스와 n n 부터 코스별 이용시간과 가격 운영시간 및 연락 방법을 비교할 수 있습니다","shops/gyeonggi/goyang/deogyang-gu/흥도동/프리미엄테라피/index.html || 고양시-덕양구 흥도동에서 프리미엄테라피 이용 전 확인할 정보를 모았습니다. 60분·90분 코스와 60,000원부터 코스별 이용시간과 가격, 운영시간 및 연락 방법을 비교할 수 있습니다.","shops/gyeonggi/goyang/ilsandong-gu/중산동/너무이쁜테라피/index.html || 고양시-일산동구 중산동에서 너무이쁜테라피 이용 전 확인할 정보를 모았습니다. 60분·90분 코스와 60,000원부터 코스별 이용시간과 가격, 운영시간 및 연락 방법을 비교할 수 있습니다.",""
"DESCRIPTION_TEMPLATE","904","업체상세","2","loc x 기준 x 의 코스와 이용 정보를 확인할 수 있습니다 n n 부터 시작하는 가격과 n n 코스 정보를 바탕으로 운영시간과 코스 구성 가격 연락 방법을 한 페이지에서 확인할 수 있습니다","shops/seoul/seongbuk-gu/돈암동/너무이쁜테라피/index.html || 성북구 돈암동 기준 너무이쁜테라피의 코스와 이용 정보를 확인할 수 있습니다. 60,000원부터 시작하는 가격과 60분·90분 코스 정보를 바탕으로 운영시간과 코스 구성, 가격, 연락 방법을 한 페이지에서 확인할 수 있습니다.","shops/gyeonggi/yeoncheon/신서면/한국미인테라피/index.html || 연천군 신서면 기준 한국미인테라피의 코스와 이용 정보를 확인할 수 있습니다. 100,000원부터 시작하는 가격과 60분·90분 코스 정보를 바탕으로 운영시간과 코스 구성, 가격, 연락 방법을 한 페이지에서 확인할 수 있습니다.",""
"DESCRIPTION_TEMPLATE","905","업체상세","2","loc loc x 기준 x 의 코스와 이용 정보를 확인할 수 있습니다 n n 부터 확인되는 가격과 n n 코스 정보를 참고해 코스와 가격 영업시간 전화 문자 문의 방법을 함께 확인할 수 있습니다","shops/gyeonggi/goyang/ilsandong-gu/고봉동/love테라피/index.html || 고양시-일산동구 고봉동 기준 love테라피의 코스와 이용 정보를 확인할 수 있습니다. 70,000원부터 확인되는 가격과 60분·90분 코스 정보를 참고해 코스와 가격, 영업시간, 전화·문자 문의 방법을 함께 확인할 수 있습니다.","shops/gyeonggi/suwon/yeongtong-gu/원천동/한국미인테라피/index.html || 수원시-영통구 원천동 기준 한국미인테라피의 코스와 이용 정보를 확인할 수 있습니다. 100,000원부터 확인되는 가격과 60분·90분 코스 정보를 참고해 코스와 가격, 영업시간, 전화·문자 문의 방법을 함께 확인할 수 있습니다.",""
"DESCRIPTION_TEMPLATE","906","업체상세","2","loc loc x 지역의 x 이용 정보를 정리했습니다 n n 부터 확인되는 가격과 n n 코스 정보를 참고해 코스 구성과 가격 운영시간 연락 방법을 한곳에서 확인할 수 있습니다","shops/gyeonggi/goyang/ilsandong-gu/고봉동/한국미인테라피/index.html || 고양시-일산동구 고봉동 지역의 한국미인테라피 이용 정보를 정리했습니다. 100,000원부터 확인되는 가격과 60분·90분 코스 정보를 참고해 코스 구성과 가격, 운영시간, 연락 방법을 한곳에서 확인할 수 있습니다.","shops/gyeonggi/ansan/danwon-gu/원곡동/한국미인테라피/index.html || 안산시-단원구 원곡동 지역의 한국미인테라피 이용 정보를 정리했습니다. 100,000원부터 확인되는 가격과 60분·90분 코스 정보를 참고해 코스 구성과 가격, 운영시간, 연락 방법을 한곳에서 확인할 수 있습니다.",""
"DESCRIPTION_TEMPLATE","907","업체상세","2","x 의 코스와 운영 정보를 loc loc x 기준으로 안내합니다 n n 이용시간과 n n 부터 확인되는 가격 정보를 함께 확인하며 운영시간과 코스 구성 가격 연락 방법을 한 페이지에서 확인할 수 있습니다","shops/gyeonggi/goyang/deogyang-gu/효자동/한국미인테라피/index.html || 한국미인테라피의 코스와 운영 정보를 고양시-덕양구 효자동 기준으로 안내합니다. 60분·90분 이용시간과 100,000원부터 확인되는 가격 정보를 함께 확인하며 운영시간과 코스 구성, 가격, 연락 방법을 한 페이지에서 확인할 수 있습니다.","shops/gyeonggi/hwaseong/hyohaeng-gu/봉담읍/love테라피/index.html || love테라피의 코스와 운영 정보를 화성시-효행구 봉담읍 기준으로 안내합니다. 60분·90분 이용시간과 70,000원부터 확인되는 가격 정보를 함께 확인하며 운영시간과 코스 구성, 가격, 연락 방법을 한 페이지에서 확인할 수 있습니다.",""
"DESCRIPTION_TEMPLATE","908","업체상세","2","loc loc x 기준으로 x 운영 정보를 정리했습니다 n n 코스와 n n 부터 확인되는 가격 정보를 포함해 코스별 이용시간과 가격 운영시간 및 연락 방법을 비교할 수 있습니다","shops/gyeonggi/goyang/deogyang-gu/행주동/프리미엄테라피/index.html || 고양시-덕양구 행주동 기준으로 프리미엄테라피 운영 정보를 정리했습니다. 60분·90분 코스와 60,000원부터 확인되는 가격 정보를 포함해 코스별 이용시간과 가격, 운영시간 및 연락 방법을 비교할 수 있습니다.","shops/gyeonggi/yongin/suji-gu/신봉동/love테라피/index.html || 용인시-수지구 신봉동 기준으로 love테라피 운영 정보를 정리했습니다. 60분·90분 코스와 70,000원부터 확인되는 가격 정보를 포함해 코스별 이용시간과 가격, 운영시간 및 연락 방법을 비교할 수 있습니다.",""
"DESCRIPTION_TEMPLATE","909","업체상세","2","loc loc x 에서 이용 가능한 x 정보를 보기 쉽게 정리했습니다 n n 코스 구성과 n n 부터 확인되는 가격대를 확인한 뒤 운영시간과 코스 구성 가격 연락 방법을 한 페이지에서 확인할 수 있습니다","shops/gyeonggi/goyang/deogyang-gu/행주동/love테라피/index.html || 고양시-덕양구 행주동에서 이용 가능한 love테라피 정보를 보기 쉽게 정리했습니다. 60분·90분 코스 구성과 70,000원부터 확인되는 가격대를 확인한 뒤 운영시간과 코스 구성, 가격, 연락 방법을 한 페이지에서 확인할 수 있습니다.","shops/gyeonggi/bucheon/ojeong-gu/고강동/너무이쁜테라피/index.html || 부천시-오정구 고강동에서 이용 가능한 너무이쁜테라피 정보를 보기 쉽게 정리했습니다. 60분·90분 코스 구성과 60,000원부터 확인되는 가격대를 확인한 뒤 운영시간과 코스 구성, 가격, 연락 방법을 한 페이지에서 확인할 수 있습니다.",""
"DESCRIPTION_TEMPLATE","910","업체상세","2","x 이용을 검토할 때 참고할 loc loc x 상세 정보입니다 n n 코스 구성과 n n 부터 확인되는 가격대를 확인한 뒤 코스 가격 영업시간과 전화 또는 문자 문의 방법을 확인할 수 있습니다","shops/gyeonggi/goyang/deogyang-gu/화정동/너무이쁜테라피/index.html || 너무이쁜테라피 이용을 검토할 때 참고할 고양시-덕양구 화정동 상세 정보입니다. 60분·90분 코스 구성과 60,000원부터 확인되는 가격대를 확인한 뒤 코스·가격·영업시간과 전화 또는 문자 문의 방법을 확인할 수 있습니다.","shops/gyeonggi/seongnam/bundang-gu/판교동/프리미엄테라피/index.html || 프리미엄테라피 이용을 검토할 때 참고할 성남시-분당구 판교동 상세 정보입니다. 60분·90분 코스 구성과 60,000원부터 확인되는 가격대를 확인한 뒤 코스·가격·영업시간과 전화 또는 문자 문의 방법을 확인할 수 있습니다.",""
"DESCRIPTION_TEMPLATE","911","업체상세","2","x 의 loc loc x 운영 정보와 문의 방법을 정리했습니다 n n 부터 확인되는 가격과 n n 코스 정보를 참고해 코스 가격 영업시간과 전화 또는 문자 문의 방법을 확인할 수 있습니다","shops/gyeonggi/goyang/deogyang-gu/화전동/프리미엄테라피/index.html || 프리미엄테라피의 고양시-덕양구 화전동 운영 정보와 문의 방법을 정리했습니다. 60,000원부터 확인되는 가격과 60분·90분 코스 정보를 참고해 코스·가격·영업시간과 전화 또는 문자 문의 방법을 확인할 수 있습니다.","shops/gyeonggi/hwaseong/manse-gu/남양읍/너무이쁜테라피/index.html || 너무이쁜테라피의 화성시-만세구 남양읍 운영 정보와 문의 방법을 정리했습니다. 60,000원부터 확인되는 가격과 60분·90분 코스 정보를 참고해 코스·가격·영업시간과 전화 또는 문자 문의 방법을 확인할 수 있습니다.",""
"DESCRIPTION_TEMPLATE","912","업체상세","2","loc x 지역의 x 이용 정보를 정리했습니다 n n 시간 구성과 n n 부터 시작하는 가격을 확인하면서 가격과 코스 구성 영업시간 및 연락 수단을 비교해 이용 전 참고할 수 있습니다","shops/seoul/seodaemun-gu/홍제동/한국미인테라피/index.html || 서대문구 홍제동 지역의 한국미인테라피 이용 정보를 정리했습니다. 60분·90분 시간 구성과 100,000원부터 시작하는 가격을 확인하면서 가격과 코스 구성, 영업시간 및 연락 수단을 비교해 이용 전 참고할 수 있습니다.","shops/gyeonggi/guri/수택동/love테라피/index.html || 구리시 수택동 지역의 love테라피 이용 정보를 정리했습니다. 60분·90분 시간 구성과 70,000원부터 시작하는 가격을 확인하면서 가격과 코스 구성, 영업시간 및 연락 수단을 비교해 이용 전 참고할 수 있습니다.",""
"DESCRIPTION_TEMPLATE","913","업체상세","2","loc x 에서 이용 가능한 x 정보를 보기 쉽게 정리했습니다 n n 코스 구성과 n n 부터 확인되는 가격대를 확인한 뒤 영업시간과 코스별 가격을 확인하고 전화나 문자로 세부 내용을 문의할 수 있습니다","shops/gyeonggi/gunpo/궁내동/프리미엄테라피/index.html || 군포시 궁내동에서 이용 가능한 프리미엄테라피 정보를 보기 쉽게 정리했습니다. 60분·90분 코스 구성과 60,000원부터 확인되는 가격대를 확인한 뒤 영업시간과 코스별 가격을 확인하고 전화나 문자로 세부 내용을 문의할 수 있습니다.","shops/gyeonggi/namyangju/진건읍/프리미엄테라피/index.html || 남양주시 진건읍에서 이용 가능한 프리미엄테라피 정보를 보기 쉽게 정리했습니다. 60분·90분 코스 구성과 60,000원부터 확인되는 가격대를 확인한 뒤 영업시간과 코스별 가격을 확인하고 전화나 문자로 세부 내용을 문의할 수 있습니다.",""
"DESCRIPTION_TEMPLATE","914","업체상세","2","x 의 코스와 운영 정보를 loc x 기준으로 안내합니다 n n 이용시간과 n n 부터 확인되는 가격 정보를 함께 확인하며 코스 구성과 가격 운영시간 연락 방법을 한곳에서 확인할 수 있습니다","shops/seoul/seodaemun-gu/홍은동/한국미인테라피/index.html || 한국미인테라피의 코스와 운영 정보를 서대문구 홍은동 기준으로 안내합니다. 60분·90분 이용시간과 100,000원부터 확인되는 가격 정보를 함께 확인하며 코스 구성과 가격, 운영시간, 연락 방법을 한곳에서 확인할 수 있습니다.","shops/other/daegu/dalseo-gu/진천동/대구테라피/index.html || 대구테라피의 코스와 운영 정보를 달서구 진천동 기준으로 안내합니다. 60분·90분 이용시간과 80,000원부터 확인되는 가격 정보를 함께 확인하며 코스 구성과 가격, 운영시간, 연락 방법을 한곳에서 확인할 수 있습니다.",""
"DESCRIPTION_TEMPLATE","915","업체상세","2","x 의 loc x 운영 정보와 문의 방법을 정리했습니다 n n 시간 구성과 n n 부터 시작하는 가격을 확인하면서 운영시간과 코스 구성 가격 연락 방법을 한 페이지에서 확인할 수 있습니다","shops/seoul/seodaemun-gu/홍은동/love테라피/index.html || love테라피의 서대문구 홍은동 운영 정보와 문의 방법을 정리했습니다. 60분·90분 시간 구성과 70,000원부터 시작하는 가격을 확인하면서 운영시간과 코스 구성, 가격, 연락 방법을 한 페이지에서 확인할 수 있습니다.","shops/gyeonggi/icheon/설성면/너무이쁜테라피/index.html || 너무이쁜테라피의 이천시 설성면 운영 정보와 문의 방법을 정리했습니다. 60분·90분 시간 구성과 60,000원부터 시작하는 가격을 확인하면서 운영시간과 코스 구성, 가격, 연락 방법을 한 페이지에서 확인할 수 있습니다.",""
"DESCRIPTION_TEMPLATE","916","업체상세","2","x 의 코스와 운영 정보를 loc x 기준으로 안내합니다 n n 부터 시작하는 가격과 n n 코스 정보를 바탕으로 가격과 코스 구성 영업시간 및 연락 수단을 비교해 이용 전 참고할 수 있습니다","shops/gyeonggi/gunpo/군포동/한국미인테라피/index.html || 한국미인테라피의 코스와 운영 정보를 군포시 군포동 기준으로 안내합니다. 100,000원부터 시작하는 가격과 60분·90분 코스 정보를 바탕으로 가격과 코스 구성, 영업시간 및 연락 수단을 비교해 이용 전 참고할 수 있습니다.","shops/incheon/jemulpo-gu/송현동/한국미인테라피/index.html || 한국미인테라피의 코스와 운영 정보를 제물포구 송현동 기준으로 안내합니다. 100,000원부터 시작하는 가격과 60분·90분 코스 정보를 바탕으로 가격과 코스 구성, 영업시간 및 연락 수단을 비교해 이용 전 참고할 수 있습니다.",""
"DESCRIPTION_TEMPLATE","917","업체상세","2","loc x 에서 x 이용 전 확인할 정보를 모았습니다 n n 시간 구성과 n n 부터 시작하는 가격을 확인하면서 가격과 이용시간 연락 방법을 확인해 필요한 내용을 loc 비교할 수 있습니다","shops/seoul/seocho-gu/반포본동/너무이쁜테라피/index.html || 서초구 반포본동에서 너무이쁜테라피 이용 전 확인할 정보를 모았습니다. 60분·90분 시간 구성과 60,000원부터 시작하는 가격을 확인하면서 가격과 이용시간, 연락 방법을 확인해 필요한 내용을 미리 비교할 수 있습니다.","shops/incheon/jemulpo-gu/금창동/프리미엄테라피/index.html || 제물포구 금창동에서 프리미엄테라피 이용 전 확인할 정보를 모았습니다. 60분·90분 시간 구성과 60,000원부터 시작하는 가격을 확인하면서 가격과 이용시간, 연락 방법을 확인해 필요한 내용을 미리 비교할 수 있습니다.",""
"DESCRIPTION_TEMPLATE","918","업체상세","2","loc x 생활권에서 확인할 수 있는 x 정보를 담았습니다 n n 부터 확인되는 가격 정보와 n n 코스 시간을 함께 살펴보고 코스별 시간과 가격 운영시간 전화 문자 문의 내용을 살펴볼 수 있습니다","shops/seoul/seocho-gu/반포본동/love테라피/index.html || 서초구 반포본동 생활권에서 확인할 수 있는 love테라피 정보를 담았습니다. 70,000원부터 확인되는 가격 정보와 60분·90분 코스 시간을 함께 살펴보고 코스별 시간과 가격, 운영시간, 전화·문자 문의 내용을 살펴볼 수 있습니다.","shops/seoul/songpa-gu/마천동/love테라피/index.html || 송파구 마천동 생활권에서 확인할 수 있는 love테라피 정보를 담았습니다. 70,000원부터 확인되는 가격 정보와 60분·90분 코스 시간을 함께 살펴보고 코스별 시간과 가격, 운영시간, 전화·문자 문의 내용을 살펴볼 수 있습니다.",""
"DESCRIPTION_TEMPLATE","919","업체상세","2","x 이용 전 살펴볼 loc x 지역 정보를 한곳에 모았습니다 n n 이용시간과 n n 부터 확인되는 가격 정보를 함께 확인하며 이용 전 필요한 코스 가격 운영시간과 연락 정보를 한 번에 살펴볼 수 있습니다","shops/gyeonggi/guri/인창동/한국미인테라피/index.html || 한국미인테라피 이용 전 살펴볼 구리시 인창동 지역 정보를 한곳에 모았습니다. 60분·90분 이용시간과 100,000원부터 확인되는 가격 정보를 함께 확인하며 이용 전 필요한 코스·가격·운영시간과 연락 정보를 한 번에 살펴볼 수 있습니다.","shops/other/cheongju/seowon-gu/사직동/S썸바디테라피/index.html || S썸바디테라피 이용 전 살펴볼 서원구 사직동 지역 정보를 한곳에 모았습니다. 60분·90분 이용시간과 50,000원부터 확인되는 가격 정보를 함께 확인하며 이용 전 필요한 코스·가격·운영시간과 연락 정보를 한 번에 살펴볼 수 있습니다.",""
"DESCRIPTION_TEMPLATE","920","업체상세","2","loc x 생활권에서 확인할 수 있는 x 정보를 담았습니다 n n 코스와 n n 부터 확인되는 가격 정보를 포함해 이용 전 필요한 코스 가격 운영시간과 연락 정보를 한 번에 살펴볼 수 있습니다","shops/gyeonggi/guri/동구동/한국미인테라피/index.html || 구리시 동구동 생활권에서 확인할 수 있는 한국미인테라피 정보를 담았습니다. 60분·90분 코스와 100,000원부터 확인되는 가격 정보를 포함해 이용 전 필요한 코스·가격·운영시간과 연락 정보를 한 번에 살펴볼 수 있습니다.","shops/gyeonggi/yeoju/오학동/love테라피/index.html || 여주시 오학동 생활권에서 확인할 수 있는 love테라피 정보를 담았습니다. 60분·90분 코스와 70,000원부터 확인되는 가격 정보를 포함해 이용 전 필요한 코스·가격·운영시간과 연락 정보를 한 번에 살펴볼 수 있습니다.",""
"DESCRIPTION_TEMPLATE","921","업체상세","2","loc x 기준으로 x 운영 정보를 정리했습니다 n n 이용시간과 n n 부터 확인되는 가격 정보를 함께 확인하며 운영시간과 코스 구성 가격 연락 방법을 한 페이지에서 확인할 수 있습니다","shops/seoul/seodaemun-gu/신촌동/프리미엄테라피/index.html || 서대문구 신촌동 기준으로 프리미엄테라피 운영 정보를 정리했습니다. 60분·90분 이용시간과 60,000원부터 확인되는 가격 정보를 함께 확인하며 운영시간과 코스 구성, 가격, 연락 방법을 한 페이지에서 확인할 수 있습니다.","shops/incheon/jemulpo-gu/금창동/love테라피/index.html || 제물포구 금창동 기준으로 love테라피 운영 정보를 정리했습니다. 60분·90분 이용시간과 70,000원부터 확인되는 가격 정보를 함께 확인하며 운영시간과 코스 구성, 가격, 연락 방법을 한 페이지에서 확인할 수 있습니다.",""
"DESCRIPTION_TEMPLATE","922","업체상세","2","x 이용을 검토할 때 참고할 loc x 상세 정보입니다 n n 부터 확인되는 가격 정보와 n n 코스 시간을 함께 살펴보고 영업시간과 코스별 가격을 확인하고 전화나 문자로 세부 내용을 문의할 수 있습니다","shops/gyeonggi/gimpo/양촌읍/한국미인테라피/index.html || 한국미인테라피 이용을 검토할 때 참고할 김포시 양촌읍 상세 정보입니다. 100,000원부터 확인되는 가격 정보와 60분·90분 코스 시간을 함께 살펴보고 영업시간과 코스별 가격을 확인하고 전화나 문자로 세부 내용을 문의할 수 있습니다.","shops/other/daejeon/jung-gu/산성동/24시미녀테라피/index.html || 24시미녀테라피 이용을 검토할 때 참고할 중구 산성동 상세 정보입니다. 70,000원부터 확인되는 가격 정보와 60분·90분 코스 시간을 함께 살펴보고 영업시간과 코스별 가격을 확인하고 전화나 문자로 세부 내용을 문의할 수 있습니다.",""
"DESCRIPTION_TEMPLATE","923","업체상세","2","x 의 코스와 운영 정보를 loc x 기준으로 안내합니다 n n 코스와 n n 부터 가격과 코스 구성 영업시간 및 연락 수단을 비교해 이용 전 참고할 수 있습니다","shops/gyeonggi/gimpo/하성면/한국미인테라피/index.html || 한국미인테라피의 코스와 운영 정보를 김포시 하성면 기준으로 안내합니다. 60분·90분 코스와 100,000원부터 가격과 코스 구성, 영업시간 및 연락 수단을 비교해 이용 전 참고할 수 있습니다.","shops/gyeonggi/icheon/장호원읍/너무이쁜테라피/index.html || 너무이쁜테라피의 코스와 운영 정보를 이천시 장호원읍 기준으로 안내합니다. 60분·90분 코스와 60,000원부터 가격과 코스 구성, 영업시간 및 연락 수단을 비교해 이용 전 참고할 수 있습니다.",""
"DESCRIPTION_TEMPLATE","924","업체상세","2","loc x 기준 x 의 코스와 이용 정보를 확인할 수 있습니다 n n 이용시간과 n n 부터 확인되는 가격 정보를 함께 확인하며 코스 가격 영업시간과 전화 또는 문자 문의 방법을 확인할 수 있습니다","shops/seoul/seodaemun-gu/북아현동/너무이쁜테라피/index.html || 서대문구 북아현동 기준 너무이쁜테라피의 코스와 이용 정보를 확인할 수 있습니다. 60분·90분 이용시간과 60,000원부터 확인되는 가격 정보를 함께 확인하며 코스·가격·영업시간과 전화 또는 문자 문의 방법을 확인할 수 있습니다.","shops/incheon/jemulpo-gu/신흥동/love테라피/index.html || 제물포구 신흥동 기준 love테라피의 코스와 이용 정보를 확인할 수 있습니다. 60분·90분 이용시간과 70,000원부터 확인되는 가격 정보를 함께 확인하며 코스·가격·영업시간과 전화 또는 문자 문의 방법을 확인할 수 있습니다.",""
"DESCRIPTION_TEMPLATE","925","업체상세","2","x 의 코스와 운영 정보를 loc x 기준으로 안내합니다 n n 시간 구성과 n n 부터 시작하는 가격을 확인하면서 운영시간과 코스 구성 가격 연락 방법을 한 페이지에서 확인할 수 있습니다","shops/gyeonggi/gimpo/마산동/프리미엄테라피/index.html || 프리미엄테라피의 코스와 운영 정보를 김포시 마산동 기준으로 안내합니다. 60분·90분 시간 구성과 60,000원부터 시작하는 가격을 확인하면서 운영시간과 코스 구성, 가격, 연락 방법을 한 페이지에서 확인할 수 있습니다.","shops/gyeonggi/yangpyeong/용문면/프리미엄테라피/index.html || 프리미엄테라피의 코스와 운영 정보를 양평군 용문면 기준으로 안내합니다. 60분·90분 시간 구성과 60,000원부터 시작하는 가격을 확인하면서 운영시간과 코스 구성, 가격, 연락 방법을 한 페이지에서 확인할 수 있습니다.",""
"DESCRIPTION_TEMPLATE","926","업체상세","2","loc x 기준으로 x 운영 정보를 정리했습니다 n n 코스와 n n 부터 확인되는 가격 정보를 포함해 이용 가능한 코스와 가격 영업시간 전화 문자 문의 정보를 확인할 수 있습니다","shops/gyeonggi/gimpo/고촌읍/love테라피/index.html || 김포시 고촌읍 기준으로 love테라피 운영 정보를 정리했습니다. 60분·90분 코스와 70,000원부터 확인되는 가격 정보를 포함해 이용 가능한 코스와 가격, 영업시간, 전화·문자 문의 정보를 확인할 수 있습니다.","shops/gyeonggi/paju/장단면/프리미엄테라피/index.html || 파주시 장단면 기준으로 프리미엄테라피 운영 정보를 정리했습니다. 60분·90분 코스와 60,000원부터 확인되는 가격 정보를 포함해 이용 가능한 코스와 가격, 영업시간, 전화·문자 문의 정보를 확인할 수 있습니다.",""
"DESCRIPTION_TEMPLATE","927","업체상세","2","x 관련 loc x 정보를 확인할 수 있습니다 n n 코스와 n n 부터 가격 코스 구성 영업시간과 문의 수단을 순서대로 확인할 수 있습니다","shops/gyeonggi/gunpo/재궁동/love테라피/index.html || love테라피 관련 군포시 재궁동 정보를 확인할 수 있습니다. 60분·90분 코스와 70,000원부터 가격, 코스 구성, 영업시간과 문의 수단을 순서대로 확인할 수 있습니다.","shops/gyeonggi/osan/초평동/프리미엄테라피/index.html || 프리미엄테라피 관련 오산시 초평동 정보를 확인할 수 있습니다. 60분·90분 코스와 60,000원부터 가격, 코스 구성, 영업시간과 문의 수단을 순서대로 확인할 수 있습니다.",""
"DESCRIPTION_TEMPLATE","928","업체상세","2","x 이용을 검토할 때 참고할 loc x 상세 정보입니다 n n 이용시간과 n n 부터 확인되는 가격 정보를 함께 확인하며 코스별 시간과 가격 운영시간 전화 문자 문의 내용을 살펴볼 수 있습니다","shops/gyeonggi/gimpo/마산동/한국미인테라피/index.html || 한국미인테라피 이용을 검토할 때 참고할 김포시 마산동 상세 정보입니다. 60분·90분 이용시간과 100,000원부터 확인되는 가격 정보를 함께 확인하며 코스별 시간과 가격, 운영시간, 전화·문자 문의 내용을 살펴볼 수 있습니다.","shops/incheon/jemulpo-gu/2동/한국미인테라피/index.html || 한국미인테라피 이용을 검토할 때 참고할 제물포구 2동 상세 정보입니다. 60분·90분 이용시간과 100,000원부터 확인되는 가격 정보를 함께 확인하며 코스별 시간과 가격, 운영시간, 전화·문자 문의 내용을 살펴볼 수 있습니다.",""
"DESCRIPTION_TEMPLATE","929","업체상세","2","x 의 loc x 운영 정보와 문의 방법을 정리했습니다 n n 부터 확인되는 가격 정보와 n n 코스 시간을 함께 살펴보고 가격과 이용시간 연락 방법을 확인해 필요한 내용을 loc 비교할 수 있습니다","shops/gyeonggi/gimpo/김포본동/한국미인테라피/index.html || 한국미인테라피의 김포시 김포본동 운영 정보와 문의 방법을 정리했습니다. 100,000원부터 확인되는 가격 정보와 60분·90분 코스 시간을 함께 살펴보고 가격과 이용시간, 연락 방법을 확인해 필요한 내용을 미리 비교할 수 있습니다.","shops/other/daejeon/dong-gu/산내동/S썸바디테라피/index.html || S썸바디테라피의 동구 산내동 운영 정보와 문의 방법을 정리했습니다. 50,000원부터 확인되는 가격 정보와 60분·90분 코스 시간을 함께 살펴보고 가격과 이용시간, 연락 방법을 확인해 필요한 내용을 미리 비교할 수 있습니다.",""
"DESCRIPTION_TEMPLATE","930","업체상세","2","x 의 loc x 이용 안내입니다 n n 시간 구성과 n n 부터 시작하는 가격을 확인하면서 가격과 이용시간 연락 방법을 확인해 필요한 내용을 loc 비교할 수 있습니다","shops/gyeonggi/gwangju-gyeonggi/오포동/너무이쁜테라피/index.html || 너무이쁜테라피의 광주시 오포동 이용 안내입니다. 60분·90분 시간 구성과 60,000원부터 시작하는 가격을 확인하면서 가격과 이용시간, 연락 방법을 확인해 필요한 내용을 미리 비교할 수 있습니다.","shops/incheon/seohae-gu/신현원창동/너무이쁜테라피/index.html || 너무이쁜테라피의 서해구 신현원창동 이용 안내입니다. 60분·90분 시간 구성과 60,000원부터 시작하는 가격을 확인하면서 가격과 이용시간, 연락 방법을 확인해 필요한 내용을 미리 비교할 수 있습니다.",""
"DESCRIPTION_TEMPLATE","931","업체상세","2","x 의 loc x 이용 안내입니다 n n 부터 확인되는 가격 정보와 n n 코스 시간을 함께 살펴보고 가격과 이용시간 연락 방법을 확인해 필요한 내용을 loc 비교할 수 있습니다","shops/gyeonggi/gwacheon/별양동/너무이쁜테라피/index.html || 너무이쁜테라피의 과천시 별양동 이용 안내입니다. 60,000원부터 확인되는 가격 정보와 60분·90분 코스 시간을 함께 살펴보고 가격과 이용시간, 연락 방법을 확인해 필요한 내용을 미리 비교할 수 있습니다.","shops/gyeonggi/pyeongtaek/포승읍/한국미인테라피/index.html || 한국미인테라피의 평택시 포승읍 이용 안내입니다. 100,000원부터 확인되는 가격 정보와 60분·90분 코스 시간을 함께 살펴보고 가격과 이용시간, 연락 방법을 확인해 필요한 내용을 미리 비교할 수 있습니다.",""
"DESCRIPTION_TEMPLATE","932","업체상세","2","x 관련 loc x 정보를 확인할 수 있습니다 n n 부터 확인되는 가격 정보와 n n 코스 시간을 함께 살펴보고 코스별 시간과 가격 운영시간 전화 문자 문의 내용을 살펴볼 수 있습니다","shops/seoul/seongdong-gu/옥수동/한국미인테라피/index.html || 한국미인테라피 관련 성동구 옥수동 정보를 확인할 수 있습니다. 100,000원부터 확인되는 가격 정보와 60분·90분 코스 시간을 함께 살펴보고 코스별 시간과 가격, 운영시간, 전화·문자 문의 내용을 살펴볼 수 있습니다.","shops/other/jeonju/wansan-gu/삼천동/다온테라피/index.html || 다온테라피 관련 완산구 삼천동 정보를 확인할 수 있습니다. 60,000원부터 확인되는 가격 정보와 60분·90분 코스 시간을 함께 살펴보고 코스별 시간과 가격, 운영시간, 전화·문자 문의 내용을 살펴볼 수 있습니다.",""
"DESCRIPTION_TEMPLATE","933","업체상세","2","x 의 loc x 이용 안내입니다 n n 시간 구성과 n n 부터 시작하는 가격을 확인하면서 가격과 코스 구성 영업시간 및 연락 수단을 비교해 이용 전 참고할 수 있습니다","shops/seoul/seongdong-gu/송정동/너무이쁜테라피/index.html || 너무이쁜테라피의 성동구 송정동 이용 안내입니다. 60분·90분 시간 구성과 60,000원부터 시작하는 가격을 확인하면서 가격과 코스 구성, 영업시간 및 연락 수단을 비교해 이용 전 참고할 수 있습니다.","shops/gyeonggi/gunpo/수리동/너무이쁜테라피/index.html || 너무이쁜테라피의 군포시 수리동 이용 안내입니다. 60분·90분 시간 구성과 60,000원부터 시작하는 가격을 확인하면서 가격과 코스 구성, 영업시간 및 연락 수단을 비교해 이용 전 참고할 수 있습니다.",""
"DESCRIPTION_TEMPLATE","934","업체상세","2","loc x 기준 x 의 코스와 이용 정보를 확인할 수 있습니다 n n 부터 확인되는 가격과 n n 코스 정보를 참고해 코스와 가격 영업시간 전화 문자 문의 방법을 함께 확인할 수 있습니다","shops/gyeonggi/gwacheon/부림동/프리미엄테라피/index.html || 과천시 부림동 기준 프리미엄테라피의 코스와 이용 정보를 확인할 수 있습니다. 60,000원부터 확인되는 가격과 60분·90분 코스 정보를 참고해 코스와 가격, 영업시간, 전화·문자 문의 방법을 함께 확인할 수 있습니다.","shops/gyeonggi/paju/법원읍/프리미엄테라피/index.html || 파주시 법원읍 기준 프리미엄테라피의 코스와 이용 정보를 확인할 수 있습니다. 60,000원부터 확인되는 가격과 60분·90분 코스 정보를 참고해 코스와 가격, 영업시간, 전화·문자 문의 방법을 함께 확인할 수 있습니다.",""
"DESCRIPTION_TEMPLATE","935","업체상세","2","loc x 기준으로 x 운영 정보를 정리했습니다 n n 이용시간과 n n 부터 확인되는 가격 정보를 함께 확인하며 코스 구성과 가격 운영시간 연락 방법을 한곳에서 확인할 수 있습니다","shops/gyeonggi/gwacheon/과천동/한국미인테라피/index.html || 과천시 과천동 기준으로 한국미인테라피 운영 정보를 정리했습니다. 60분·90분 이용시간과 100,000원부터 확인되는 가격 정보를 함께 확인하며 코스 구성과 가격, 운영시간, 연락 방법을 한곳에서 확인할 수 있습니다.","shops/gyeonggi/gimpo/통진읍/love테라피/index.html || 김포시 통진읍 기준으로 love테라피 운영 정보를 정리했습니다. 60분·90분 이용시간과 70,000원부터 확인되는 가격 정보를 함께 확인하며 코스 구성과 가격, 운영시간, 연락 방법을 한곳에서 확인할 수 있습니다.",""
"DESCRIPTION_TEMPLATE","936","업체상세","2","loc loc x 에서 이용 가능한 x 정보를 보기 쉽게 정리했습니다 n n 코스 구성과 n n 부터 확인되는 가격대를 확인한 뒤 가격과 이용시간 연락 방법을 확인해 필요한 내용을 loc 비교할 수 있습니다","shops/gyeonggi/goyang/ilsanseo-gu/탄현동/너무이쁜테라피/index.html || 고양시-일산서구 탄현동에서 이용 가능한 너무이쁜테라피 정보를 보기 쉽게 정리했습니다. 60분·90분 코스 구성과 60,000원부터 확인되는 가격대를 확인한 뒤 가격과 이용시간, 연락 방법을 확인해 필요한 내용을 미리 비교할 수 있습니다.","shops/gyeonggi/bucheon/ojeong-gu/고강동/한국미인테라피/index.html || 부천시-오정구 고강동에서 이용 가능한 한국미인테라피 정보를 보기 쉽게 정리했습니다. 60분·90분 코스 구성과 100,000원부터 확인되는 가격대를 확인한 뒤 가격과 이용시간, 연락 방법을 확인해 필요한 내용을 미리 비교할 수 있습니다.",""
"DESCRIPTION_TEMPLATE","937","업체상세","2","loc loc x 기준으로 x 운영 정보를 정리했습니다 n n 이용시간과 n n 부터 확인되는 가격 정보를 함께 확인하며 가격과 코스 구성 영업시간 및 연락 수단을 비교해 이용 전 참고할 수 있습니다","shops/gyeonggi/goyang/ilsanseo-gu/주엽동/너무이쁜테라피/index.html || 고양시-일산서구 주엽동 기준으로 너무이쁜테라피 운영 정보를 정리했습니다. 60분·90분 이용시간과 60,000원부터 확인되는 가격 정보를 함께 확인하며 가격과 코스 구성, 영업시간 및 연락 수단을 비교해 이용 전 참고할 수 있습니다.","shops/gyeonggi/hwaseong/hyohaeng-gu/비봉면/love테라피/index.html || 화성시-효행구 비봉면 기준으로 love테라피 운영 정보를 정리했습니다. 60분·90분 이용시간과 70,000원부터 확인되는 가격 정보를 함께 확인하며 가격과 코스 구성, 영업시간 및 연락 수단을 비교해 이용 전 참고할 수 있습니다.",""
"DESCRIPTION_TEMPLATE","938","업체상세","2","loc x 기준으로 x 운영 정보를 정리했습니다 n n 코스와 n n 부터 영업시간과 코스별 가격을 확인하고 전화나 문자로 세부 내용을 문의할 수 있습니다","shops/gyeonggi/gwacheon/갈현동/너무이쁜테라피/index.html || 과천시 갈현동 기준으로 너무이쁜테라피 운영 정보를 정리했습니다. 60분·90분 코스와 60,000원부터 영업시간과 코스별 가격을 확인하고 전화나 문자로 세부 내용을 문의할 수 있습니다.","shops/gyeonggi/pyeongtaek/용이동/love테라피/index.html || 평택시 용이동 기준으로 love테라피 운영 정보를 정리했습니다. 60분·90분 코스와 70,000원부터 영업시간과 코스별 가격을 확인하고 전화나 문자로 세부 내용을 문의할 수 있습니다.",""
"DESCRIPTION_TEMPLATE","939","업체상세","2","x 이용을 검토할 때 참고할 loc loc x 상세 정보입니다 n n 이용시간과 n n 부터 확인되는 가격 정보를 함께 확인하며 코스별 이용시간과 가격 운영시간 및 연락 방법을 비교할 수 있습니다","shops/gyeonggi/goyang/ilsanseo-gu/탄현동/프리미엄테라피/index.html || 프리미엄테라피 이용을 검토할 때 참고할 고양시-일산서구 탄현동 상세 정보입니다. 60분·90분 이용시간과 60,000원부터 확인되는 가격 정보를 함께 확인하며 코스별 이용시간과 가격, 운영시간 및 연락 방법을 비교할 수 있습니다.","shops/gyeonggi/ansan/danwon-gu/신길동/한국미인테라피/index.html || 한국미인테라피 이용을 검토할 때 참고할 안산시-단원구 신길동 상세 정보입니다. 60분·90분 이용시간과 100,000원부터 확인되는 가격 정보를 함께 확인하며 코스별 이용시간과 가격, 운영시간 및 연락 방법을 비교할 수 있습니다.",""
"DESCRIPTION_TEMPLATE","940","업체상세","2","loc x 지역의 x 이용 정보를 정리했습니다 n n 이용시간과 n n 부터 확인되는 가격 정보를 함께 확인하며 코스와 가격 영업시간 전화 문자 문의 방법을 함께 확인할 수 있습니다","shops/seoul/seocho-gu/방배동/마인드좋은테라피/index.html || 서초구 방배동 지역의 마인드좋은테라피 이용 정보를 정리했습니다. 60분·90분 이용시간과 60,000원부터 확인되는 가격 정보를 함께 확인하며 코스와 가격, 영업시간, 전화·문자 문의 방법을 함께 확인할 수 있습니다.","shops/gyeonggi/hanam/감일동/love테라피/index.html || 하남시 감일동 지역의 love테라피 이용 정보를 정리했습니다. 60분·90분 이용시간과 70,000원부터 확인되는 가격 정보를 함께 확인하며 코스와 가격, 영업시간, 전화·문자 문의 방법을 함께 확인할 수 있습니다.",""
"DESCRIPTION_TEMPLATE","941","업체상세","2","loc x 지역의 x 이용 정보를 정리했습니다 n n 부터 확인되는 가격 정보와 n n 코스 시간을 함께 살펴보고 코스 구성과 가격 운영시간 연락 방법을 한곳에서 확인할 수 있습니다","shops/seoul/seocho-gu/방배본동/너무이쁜테라피/index.html || 서초구 방배본동 지역의 너무이쁜테라피 이용 정보를 정리했습니다. 60,000원부터 확인되는 가격 정보와 60분·90분 코스 시간을 함께 살펴보고 코스 구성과 가격, 운영시간, 연락 방법을 한곳에서 확인할 수 있습니다.","shops/gyeonggi/siheung/군자동/프리미엄테라피/index.html || 시흥시 군자동 지역의 프리미엄테라피 이용 정보를 정리했습니다. 60,000원부터 확인되는 가격 정보와 60분·90분 코스 시간을 함께 살펴보고 코스 구성과 가격, 운영시간, 연락 방법을 한곳에서 확인할 수 있습니다.",""
"DESCRIPTION_TEMPLATE","942","업체상세","2","loc x 생활권에서 확인할 수 있는 x 정보를 담았습니다 n n 코스와 n n 부터 가격과 코스 구성 영업시간 및 연락 수단을 비교해 이용 전 참고할 수 있습니다","shops/gyeonggi/gwangju-gyeonggi/신현동/너무이쁜테라피/index.html || 광주시 신현동 생활권에서 확인할 수 있는 너무이쁜테라피 정보를 담았습니다. 60분·90분 코스와 60,000원부터 가격과 코스 구성, 영업시간 및 연락 수단을 비교해 이용 전 참고할 수 있습니다.","shops/gyeonggi/pocheon/군내면/너무이쁜테라피/index.html || 포천시 군내면 생활권에서 확인할 수 있는 너무이쁜테라피 정보를 담았습니다. 60분·90분 코스와 60,000원부터 가격과 코스 구성, 영업시간 및 연락 수단을 비교해 이용 전 참고할 수 있습니다.",""
"DESCRIPTION_TEMPLATE","943","업체상세","2","x 의 loc x 운영 정보와 문의 방법을 정리했습니다 n n 부터 확인되는 가격 정보와 n n 코스 시간을 함께 살펴보고 코스 가격 영업시간과 전화 또는 문자 문의 방법을 확인할 수 있습니다","shops/gyeonggi/gwangju-gyeonggi/도척면/love테라피/index.html || love테라피의 광주시 도척면 운영 정보와 문의 방법을 정리했습니다. 70,000원부터 확인되는 가격 정보와 60분·90분 코스 시간을 함께 살펴보고 코스·가격·영업시간과 전화 또는 문자 문의 방법을 확인할 수 있습니다.","shops/other/daegu/suseong-gu/범물동/대구테라피/index.html || 대구테라피의 수성구 범물동 운영 정보와 문의 방법을 정리했습니다. 80,000원부터 확인되는 가격 정보와 60분·90분 코스 시간을 함께 살펴보고 코스·가격·영업시간과 전화 또는 문자 문의 방법을 확인할 수 있습니다.",""
"DESCRIPTION_TEMPLATE","944","업체상세","2","loc x 기준 x 의 코스와 이용 정보를 확인할 수 있습니다 n n 코스와 n n 부터 코스와 가격 영업시간 전화 문자 문의 방법을 함께 확인할 수 있습니다","shops/gyeonggi/gwangju-gyeonggi/남한산성면/love테라피/index.html || 광주시 남한산성면 기준 love테라피의 코스와 이용 정보를 확인할 수 있습니다. 60분·90분 코스와 70,000원부터 코스와 가격, 영업시간, 전화·문자 문의 방법을 함께 확인할 수 있습니다.","shops/gyeonggi/uijeongbu/가능동/프리미엄테라피/index.html || 의정부시 가능동 기준 프리미엄테라피의 코스와 이용 정보를 확인할 수 있습니다. 60분·90분 코스와 60,000원부터 코스와 가격, 영업시간, 전화·문자 문의 방법을 함께 확인할 수 있습니다.",""
"DESCRIPTION_TEMPLATE","945","업체상세","2","loc x 기준 x 의 코스와 이용 정보를 확인할 수 있습니다 n n 이용시간과 n n 부터 확인되는 가격 정보를 함께 확인하며 이용 전 필요한 코스 가격 운영시간과 연락 정보를 한 번에 살펴볼 수 있습니다","shops/seoul/seongdong-gu/마장동/너무이쁜테라피/index.html || 성동구 마장동 기준 너무이쁜테라피의 코스와 이용 정보를 확인할 수 있습니다. 60분·90분 이용시간과 60,000원부터 확인되는 가격 정보를 함께 확인하며 이용 전 필요한 코스·가격·운영시간과 연락 정보를 한 번에 살펴볼 수 있습니다.","shops/seoul/songpa-gu/오금동/love테라피/index.html || 송파구 오금동 기준 love테라피의 코스와 이용 정보를 확인할 수 있습니다. 60분·90분 이용시간과 70,000원부터 확인되는 가격 정보를 함께 확인하며 이용 전 필요한 코스·가격·운영시간과 연락 정보를 한 번에 살펴볼 수 있습니다.",""
"DESCRIPTION_TEMPLATE","946","업체상세","2","x 이용 전 살펴볼 loc x 지역 정보를 한곳에 모았습니다 n n 코스 구성과 n n 부터 확인되는 가격대를 확인한 뒤 가격 코스 구성 영업시간과 문의 수단을 순서대로 확인할 수 있습니다","shops/seoul/seongdong-gu/마장동/프리미엄테라피/index.html || 프리미엄테라피 이용 전 살펴볼 성동구 마장동 지역 정보를 한곳에 모았습니다. 60분·90분 코스 구성과 60,000원부터 확인되는 가격대를 확인한 뒤 가격, 코스 구성, 영업시간과 문의 수단을 순서대로 확인할 수 있습니다.","shops/incheon/seohae-gu/가정동/프리미엄테라피/index.html || 프리미엄테라피 이용 전 살펴볼 서해구 가정동 지역 정보를 한곳에 모았습니다. 60분·90분 코스 구성과 60,000원부터 확인되는 가격대를 확인한 뒤 가격, 코스 구성, 영업시간과 문의 수단을 순서대로 확인할 수 있습니다.",""
"DESCRIPTION_TEMPLATE","947","업체상세","2","loc x 생활권에서 확인할 수 있는 x 정보를 담았습니다 n n 코스 구성과 n n 부터 확인되는 가격대를 확인한 뒤 코스와 가격 영업시간 전화 문자 문의 방법을 함께 확인할 수 있습니다","shops/gyeonggi/gwangmyeong/철산동/너무이쁜테라피/index.html || 광명시 철산동 생활권에서 확인할 수 있는 너무이쁜테라피 정보를 담았습니다. 60분·90분 코스 구성과 60,000원부터 확인되는 가격대를 확인한 뒤 코스와 가격, 영업시간, 전화·문자 문의 방법을 함께 확인할 수 있습니다.","shops/gyeonggi/yeoju/강천면/프리미엄테라피/index.html || 여주시 강천면 생활권에서 확인할 수 있는 프리미엄테라피 정보를 담았습니다. 60분·90분 코스 구성과 60,000원부터 확인되는 가격대를 확인한 뒤 코스와 가격, 영업시간, 전화·문자 문의 방법을 함께 확인할 수 있습니다.",""
"DESCRIPTION_TEMPLATE","948","업체상세","2","loc x 에서 이용 가능한 x 정보를 보기 쉽게 정리했습니다 n n 이용시간과 n n 부터 확인되는 가격 정보를 함께 확인하며 코스별 이용시간과 가격 운영시간 및 연락 방법을 비교할 수 있습니다","shops/gyeonggi/gwangmyeong/소하동/너무이쁜테라피/index.html || 광명시 소하동에서 이용 가능한 너무이쁜테라피 정보를 보기 쉽게 정리했습니다. 60분·90분 이용시간과 60,000원부터 확인되는 가격 정보를 함께 확인하며 코스별 이용시간과 가격, 운영시간 및 연락 방법을 비교할 수 있습니다.","shops/incheon/bupyeong-gu/삼산동/마인드좋은테라피/index.html || 부평구 삼산동에서 이용 가능한 마인드좋은테라피 정보를 보기 쉽게 정리했습니다. 60분·90분 이용시간과 60,000원부터 확인되는 가격 정보를 함께 확인하며 코스별 이용시간과 가격, 운영시간 및 연락 방법을 비교할 수 있습니다.",""
"DESCRIPTION_TEMPLATE","949","업체상세","2","loc x 생활권에서 확인할 수 있는 x 정보를 담았습니다 n n 부터 확인되는 가격과 n n 코스 정보를 참고해 가격과 이용시간 연락 방법을 확인해 필요한 내용을 loc 비교할 수 있습니다","shops/seoul/jongno-gu/혜화동/love테라피/index.html || 종로구 혜화동 생활권에서 확인할 수 있는 love테라피 정보를 담았습니다. 70,000원부터 확인되는 가격과 60분·90분 코스 정보를 참고해 가격과 이용시간, 연락 방법을 확인해 필요한 내용을 미리 비교할 수 있습니다.","shops/gyeonggi/yeoju/여흥동/한국미인테라피/index.html || 여주시 여흥동 생활권에서 확인할 수 있는 한국미인테라피 정보를 담았습니다. 100,000원부터 확인되는 가격과 60분·90분 코스 정보를 참고해 가격과 이용시간, 연락 방법을 확인해 필요한 내용을 미리 비교할 수 있습니다.",""
"DESCRIPTION_TEMPLATE","950","업체상세","2","x 의 loc x 이용 안내입니다 n n 코스와 n n 부터 코스 가격 영업시간과 전화 또는 문자 문의 방법을 확인할 수 있습니다","shops/seoul/jongno-gu/청운효자동/프리미엄테라피/index.html || 프리미엄테라피의 종로구 청운효자동 이용 안내입니다. 60분·90분 코스와 60,000원부터 코스·가격·영업시간과 전화 또는 문자 문의 방법을 확인할 수 있습니다.","shops/gyeonggi/siheung/거북섬동/프리미엄테라피/index.html || 프리미엄테라피의 시흥시 거북섬동 이용 안내입니다. 60분·90분 코스와 60,000원부터 코스·가격·영업시간과 전화 또는 문자 문의 방법을 확인할 수 있습니다.",""
"DESCRIPTION_TEMPLATE","951","업체상세","2","loc x 에서 이용 가능한 x 정보를 보기 쉽게 정리했습니다 n n 부터 시작하는 가격과 n n 코스 정보를 바탕으로 코스별 시간과 가격 운영시간 전화 문자 문의 내용을 살펴볼 수 있습니다","shops/seoul/jung-gu/다산동/너무이쁜테라피/index.html || 중구 다산동에서 이용 가능한 너무이쁜테라피 정보를 보기 쉽게 정리했습니다. 60,000원부터 시작하는 가격과 60분·90분 코스 정보를 바탕으로 코스별 시간과 가격, 운영시간, 전화·문자 문의 내용을 살펴볼 수 있습니다.","shops/gyeonggi/yangpyeong/개군면/프리미엄테라피/index.html || 양평군 개군면에서 이용 가능한 프리미엄테라피 정보를 보기 쉽게 정리했습니다. 60,000원부터 시작하는 가격과 60분·90분 코스 정보를 바탕으로 코스별 시간과 가격, 운영시간, 전화·문자 문의 내용을 살펴볼 수 있습니다.",""
"DESCRIPTION_TEMPLATE","952","업체상세","2","x 이용을 검토할 때 참고할 loc x 상세 정보입니다 n n 코스와 n n 부터 코스 구성과 가격 운영시간 연락 방법을 한곳에서 확인할 수 있습니다","shops/seoul/jung-gu/광희동/너무이쁜테라피/index.html || 너무이쁜테라피 이용을 검토할 때 참고할 중구 광희동 상세 정보입니다. 60분·90분 코스와 60,000원부터 코스 구성과 가격, 운영시간, 연락 방법을 한곳에서 확인할 수 있습니다.","shops/gyeonggi/yangpyeong/양서면/love테라피/index.html || love테라피 이용을 검토할 때 참고할 양평군 양서면 상세 정보입니다. 60분·90분 코스와 70,000원부터 코스 구성과 가격, 운영시간, 연락 방법을 한곳에서 확인할 수 있습니다.",""
"DESCRIPTION_TEMPLATE","953","업체상세","2","x 관련 loc x 정보를 확인할 수 있습니다 n n 부터 시작하는 가격과 n n 코스 정보를 바탕으로 가격 코스 구성 영업시간과 문의 수단을 순서대로 확인할 수 있습니다","shops/seoul/yangcheon-gu/목동/프리미엄테라피/index.html || 프리미엄테라피 관련 양천구 목동 정보를 확인할 수 있습니다. 60,000원부터 시작하는 가격과 60분·90분 코스 정보를 바탕으로 가격, 코스 구성, 영업시간과 문의 수단을 순서대로 확인할 수 있습니다.","shops/gyeonggi/pyeongtaek/진위면/너무이쁜테라피/index.html || 너무이쁜테라피 관련 평택시 진위면 정보를 확인할 수 있습니다. 60,000원부터 시작하는 가격과 60분·90분 코스 정보를 바탕으로 가격, 코스 구성, 영업시간과 문의 수단을 순서대로 확인할 수 있습니다.",""
"DESCRIPTION_TEMPLATE","954","업체상세","2","loc x 기준으로 x 운영 정보를 정리했습니다 n n 이용시간과 n n 부터 확인되는 가격 정보를 함께 확인하며 가격과 코스 구성 영업시간 및 연락 수단을 비교해 이용 전 참고할 수 있습니다","shops/seoul/yangcheon-gu/신월동/프리미엄테라피/index.html || 양천구 신월동 기준으로 프리미엄테라피 운영 정보를 정리했습니다. 60분·90분 이용시간과 60,000원부터 확인되는 가격 정보를 함께 확인하며 가격과 코스 구성, 영업시간 및 연락 수단을 비교해 이용 전 참고할 수 있습니다.","shops/gyeonggi/yangju/남면/love테라피/index.html || 양주시 남면 기준으로 love테라피 운영 정보를 정리했습니다. 60분·90분 이용시간과 70,000원부터 확인되는 가격 정보를 함께 확인하며 가격과 코스 구성, 영업시간 및 연락 수단을 비교해 이용 전 참고할 수 있습니다.",""
"DESCRIPTION_TEMPLATE","955","업체상세","2","loc x 에서 이용 가능한 x 정보를 보기 쉽게 정리했습니다 n n 코스와 n n 부터 코스 구성과 가격 운영시간 연락 방법을 한곳에서 확인할 수 있습니다","shops/seoul/jongno-gu/사직동/프리미엄테라피/index.html || 종로구 사직동에서 이용 가능한 프리미엄테라피 정보를 보기 쉽게 정리했습니다. 60분·90분 코스와 60,000원부터 코스 구성과 가격, 운영시간, 연락 방법을 한곳에서 확인할 수 있습니다.","shops/gyeonggi/anseong/원곡면/프리미엄테라피/index.html || 안성시 원곡면에서 이용 가능한 프리미엄테라피 정보를 보기 쉽게 정리했습니다. 60분·90분 코스와 60,000원부터 코스 구성과 가격, 운영시간, 연락 방법을 한곳에서 확인할 수 있습니다.",""
"DESCRIPTION_TEMPLATE","956","업체상세","2","loc x 에서 x 이용 전 확인할 정보를 모았습니다 n n 부터 확인되는 가격과 n n 코스 정보를 참고해 이용 가능한 코스와 가격 영업시간 전화 문자 문의 정보를 확인할 수 있습니다","shops/seoul/jongno-gu/창신동/프리미엄테라피/index.html || 종로구 창신동에서 프리미엄테라피 이용 전 확인할 정보를 모았습니다. 60,000원부터 확인되는 가격과 60분·90분 코스 정보를 참고해 이용 가능한 코스와 가격, 영업시간, 전화·문자 문의 정보를 확인할 수 있습니다.","shops/incheon/yeonsu-gu/송도동/love테라피/index.html || 연수구 송도동에서 love테라피 이용 전 확인할 정보를 모았습니다. 70,000원부터 확인되는 가격과 60분·90분 코스 정보를 참고해 이용 가능한 코스와 가격, 영업시간, 전화·문자 문의 정보를 확인할 수 있습니다.",""
"DESCRIPTION_TEMPLATE","957","업체상세","2","x 이용을 검토할 때 참고할 loc x 상세 정보입니다 n n 시간 구성과 n n 부터 시작하는 가격을 확인하면서 가격 코스 구성 영업시간과 문의 수단을 순서대로 확인할 수 있습니다","shops/seoul/yangcheon-gu/신월동/너무이쁜테라피/index.html || 너무이쁜테라피 이용을 검토할 때 참고할 양천구 신월동 상세 정보입니다. 60분·90분 시간 구성과 60,000원부터 시작하는 가격을 확인하면서 가격, 코스 구성, 영업시간과 문의 수단을 순서대로 확인할 수 있습니다.","shops/seoul/jung-gu/장충동/한국미인테라피/index.html || 한국미인테라피 이용을 검토할 때 참고할 중구 장충동 상세 정보입니다. 60분·90분 시간 구성과 100,000원부터 시작하는 가격을 확인하면서 가격, 코스 구성, 영업시간과 문의 수단을 순서대로 확인할 수 있습니다.",""
"DESCRIPTION_TEMPLATE","958","업체상세","2","x 관련 loc x 정보를 확인할 수 있습니다 n n 코스 구성과 n n 부터 확인되는 가격대를 확인한 뒤 코스 구성과 가격 운영시간 연락 방법을 한곳에서 확인할 수 있습니다","shops/seoul/jung-gu/황학동/한국미인테라피/index.html || 한국미인테라피 관련 중구 황학동 정보를 확인할 수 있습니다. 60분·90분 코스 구성과 100,000원부터 확인되는 가격대를 확인한 뒤 코스 구성과 가격, 운영시간, 연락 방법을 한곳에서 확인할 수 있습니다.","shops/other/cheongju/heungdeok-gu/가경동/S썸바디테라피/index.html || S썸바디테라피 관련 흥덕구 가경동 정보를 확인할 수 있습니다. 60분·90분 코스 구성과 50,000원부터 확인되는 가격대를 확인한 뒤 코스 구성과 가격, 운영시간, 연락 방법을 한곳에서 확인할 수 있습니다.",""
"DESCRIPTION_TEMPLATE","959","업체상세","2","x 이용 전 살펴볼 loc x 지역 정보를 한곳에 모았습니다 n n 부터 확인되는 가격 정보와 n n 코스 시간을 함께 살펴보고 코스와 가격 영업시간 전화 문자 문의 방법을 함께 확인할 수 있습니다","shops/seoul/songpa-gu/송파동/한국미인테라피/index.html || 한국미인테라피 이용 전 살펴볼 송파구 송파동 지역 정보를 한곳에 모았습니다. 100,000원부터 확인되는 가격 정보와 60분·90분 코스 시간을 함께 살펴보고 코스와 가격, 영업시간, 전화·문자 문의 방법을 함께 확인할 수 있습니다.","shops/gyeonggi/gimpo/장기본동/너무이쁜테라피/index.html || 너무이쁜테라피 이용 전 살펴볼 김포시 장기본동 지역 정보를 한곳에 모았습니다. 60,000원부터 확인되는 가격 정보와 60분·90분 코스 시간을 함께 살펴보고 코스와 가격, 영업시간, 전화·문자 문의 방법을 함께 확인할 수 있습니다.",""
"DESCRIPTION_TEMPLATE","960","업체상세","2","x 의 loc x 운영 정보와 문의 방법을 정리했습니다 n n 부터 확인되는 가격과 n n 코스 정보를 참고해 코스 가격 영업시간과 전화 또는 문자 문의 방법을 확인할 수 있습니다","shops/seoul/jung-gu/회현동/프리미엄테라피/index.html || 프리미엄테라피의 중구 회현동 운영 정보와 문의 방법을 정리했습니다. 60,000원부터 확인되는 가격과 60분·90분 코스 정보를 참고해 코스·가격·영업시간과 전화 또는 문자 문의 방법을 확인할 수 있습니다.","shops/other/cheongju/heungdeok-gu/가경동/레드테라피/index.html || 레드테라피의 흥덕구 가경동 운영 정보와 문의 방법을 정리했습니다. 60,000원부터 확인되는 가격과 60분·90분 코스 정보를 참고해 코스·가격·영업시간과 전화 또는 문자 문의 방법을 확인할 수 있습니다.",""
"DESCRIPTION_TEMPLATE","961","업체상세","2","x 의 코스와 운영 정보를 loc x 기준으로 안내합니다 n n 시간 구성과 n n 부터 시작하는 가격을 확인하면서 코스별 이용시간과 가격 운영시간 및 연락 방법을 비교할 수 있습니다","shops/seoul/jung-gu/회현동/너무이쁜테라피/index.html || 너무이쁜테라피의 코스와 운영 정보를 중구 회현동 기준으로 안내합니다. 60분·90분 시간 구성과 60,000원부터 시작하는 가격을 확인하면서 코스별 이용시간과 가격, 운영시간 및 연락 방법을 비교할 수 있습니다.","shops/gyeonggi/gunpo/수리동/한국미인테라피/index.html || 한국미인테라피의 코스와 운영 정보를 군포시 수리동 기준으로 안내합니다. 60분·90분 시간 구성과 100,000원부터 시작하는 가격을 확인하면서 코스별 이용시간과 가격, 운영시간 및 연락 방법을 비교할 수 있습니다.",""
"DESCRIPTION_TEMPLATE","962","업체상세","2","x 의 코스와 운영 정보를 loc x 기준으로 안내합니다 n n 부터 시작하는 가격과 n n 코스 정보를 바탕으로 코스별 시간과 가격 운영시간 전화 문자 문의 내용을 살펴볼 수 있습니다","shops/seoul/songpa-gu/오금동/한국미인테라피/index.html || 한국미인테라피의 코스와 운영 정보를 송파구 오금동 기준으로 안내합니다. 100,000원부터 시작하는 가격과 60분·90분 코스 정보를 바탕으로 코스별 시간과 가격, 운영시간, 전화·문자 문의 내용을 살펴볼 수 있습니다.","shops/gyeonggi/yangpyeong/양평읍/love테라피/index.html || love테라피의 코스와 운영 정보를 양평군 양평읍 기준으로 안내합니다. 70,000원부터 시작하는 가격과 60분·90분 코스 정보를 바탕으로 코스별 시간과 가격, 운영시간, 전화·문자 문의 내용을 살펴볼 수 있습니다.",""
"DESCRIPTION_TEMPLATE","963","업체상세","2","x 관련 loc x 정보를 확인할 수 있습니다 n n 이용시간과 n n 부터 확인되는 가격 정보를 함께 확인하며 가격 코스 구성 영업시간과 문의 수단을 순서대로 확인할 수 있습니다","shops/seoul/jung-gu/다산동/프리미엄테라피/index.html || 프리미엄테라피 관련 중구 다산동 정보를 확인할 수 있습니다. 60분·90분 이용시간과 60,000원부터 확인되는 가격 정보를 함께 확인하며 가격, 코스 구성, 영업시간과 문의 수단을 순서대로 확인할 수 있습니다.","shops/gyeonggi/yeoncheon/장남면/프리미엄테라피/index.html || 프리미엄테라피 관련 연천군 장남면 정보를 확인할 수 있습니다. 60분·90분 이용시간과 60,000원부터 확인되는 가격 정보를 함께 확인하며 가격, 코스 구성, 영업시간과 문의 수단을 순서대로 확인할 수 있습니다.",""
"DESCRIPTION_TEMPLATE","964","업체상세","2","x 의 loc x 운영 정보와 문의 방법을 정리했습니다 n n 시간 구성과 n n 부터 시작하는 가격을 확인하면서 코스별 이용시간과 가격 운영시간 및 연락 방법을 비교할 수 있습니다","shops/seoul/jung-gu/다산동/love테라피/index.html || love테라피의 중구 다산동 운영 정보와 문의 방법을 정리했습니다. 60분·90분 시간 구성과 70,000원부터 시작하는 가격을 확인하면서 코스별 이용시간과 가격, 운영시간 및 연락 방법을 비교할 수 있습니다.","shops/gyeonggi/pyeongtaek/신장동/프리미엄테라피/index.html || 프리미엄테라피의 평택시 신장동 운영 정보와 문의 방법을 정리했습니다. 60분·90분 시간 구성과 60,000원부터 시작하는 가격을 확인하면서 코스별 이용시간과 가격, 운영시간 및 연락 방법을 비교할 수 있습니다.",""
"DESCRIPTION_TEMPLATE","965","업체상세","2","loc x 지역의 x 이용 정보를 정리했습니다 n n 코스와 n n 부터 확인되는 가격 정보를 포함해 코스별 이용시간과 가격 운영시간 및 연락 방법을 비교할 수 있습니다","shops/seoul/songpa-gu/위례동/너무이쁜테라피/index.html || 송파구 위례동 지역의 너무이쁜테라피 이용 정보를 정리했습니다. 60분·90분 코스와 60,000원부터 확인되는 가격 정보를 포함해 코스별 이용시간과 가격, 운영시간 및 연락 방법을 비교할 수 있습니다.","shops/incheon/geomdan-gu/오류왕길동/한국미인테라피/index.html || 검단구 오류왕길동 지역의 한국미인테라피 이용 정보를 정리했습니다. 60분·90분 코스와 100,000원부터 확인되는 가격 정보를 포함해 코스별 이용시간과 가격, 운영시간 및 연락 방법을 비교할 수 있습니다.",""
"DESCRIPTION_TEMPLATE","966","업체상세","2","x 이용을 검토할 때 참고할 loc x 상세 정보입니다 n n 코스와 n n 부터 확인되는 가격 정보를 포함해 코스별 시간과 가격 운영시간 전화 문자 문의 내용을 살펴볼 수 있습니다","shops/seoul/songpa-gu/잠실동/너무이쁜테라피/index.html || 너무이쁜테라피 이용을 검토할 때 참고할 송파구 잠실동 상세 정보입니다. 60분·90분 코스와 60,000원부터 확인되는 가격 정보를 포함해 코스별 시간과 가격, 운영시간, 전화·문자 문의 내용을 살펴볼 수 있습니다.","shops/gyeonggi/pocheon/소흘읍/한국미인테라피/index.html || 한국미인테라피 이용을 검토할 때 참고할 포천시 소흘읍 상세 정보입니다. 60분·90분 코스와 100,000원부터 확인되는 가격 정보를 포함해 코스별 시간과 가격, 운영시간, 전화·문자 문의 내용을 살펴볼 수 있습니다.",""
"DESCRIPTION_TEMPLATE","967","업체상세","2","x 의 loc x 운영 정보와 문의 방법을 정리했습니다 n n 부터 확인되는 가격과 n n 코스 정보를 참고해 운영시간과 코스 구성 가격 연락 방법을 한 페이지에서 확인할 수 있습니다","shops/seoul/jongno-gu/사직동/love테라피/index.html || love테라피의 종로구 사직동 운영 정보와 문의 방법을 정리했습니다. 70,000원부터 확인되는 가격과 60분·90분 코스 정보를 참고해 운영시간과 코스 구성, 가격, 연락 방법을 한 페이지에서 확인할 수 있습니다.","shops/gyeonggi/anseong/금광면/한국미인테라피/index.html || 한국미인테라피의 안성시 금광면 운영 정보와 문의 방법을 정리했습니다. 100,000원부터 확인되는 가격과 60분·90분 코스 정보를 참고해 운영시간과 코스 구성, 가격, 연락 방법을 한 페이지에서 확인할 수 있습니다.",""
"DESCRIPTION_TEMPLATE","968","업체상세","2","x 관련 loc x 정보를 확인할 수 있습니다 n n 코스 구성과 n n 부터 확인되는 가격대를 확인한 뒤 코스 가격 영업시간과 전화 또는 문자 문의 방법을 확인할 수 있습니다","shops/seoul/eunpyeong-gu/역촌동/한국미인테라피/index.html || 한국미인테라피 관련 은평구 역촌동 정보를 확인할 수 있습니다. 60분·90분 코스 구성과 100,000원부터 확인되는 가격대를 확인한 뒤 코스·가격·영업시간과 전화 또는 문자 문의 방법을 확인할 수 있습니다.","shops/gyeonggi/gwangju-gyeonggi/오포동/한국미인테라피/index.html || 한국미인테라피 관련 광주시 오포동 정보를 확인할 수 있습니다. 60분·90분 코스 구성과 100,000원부터 확인되는 가격대를 확인한 뒤 코스·가격·영업시간과 전화 또는 문자 문의 방법을 확인할 수 있습니다.",""
"DESCRIPTION_TEMPLATE","969","업체상세","2","x 의 코스와 운영 정보를 loc x 기준으로 안내합니다 n n 부터 확인되는 가격 정보와 n n 코스 시간을 함께 살펴보고 가격과 코스 구성 영업시간 및 연락 수단을 비교해 이용 전 참고할 수 있습니다","shops/seoul/yongsan-gu/원효로동/한국미인테라피/index.html || 한국미인테라피의 코스와 운영 정보를 용산구 원효로동 기준으로 안내합니다. 100,000원부터 확인되는 가격 정보와 60분·90분 코스 시간을 함께 살펴보고 가격과 코스 구성, 영업시간 및 연락 수단을 비교해 이용 전 참고할 수 있습니다.","shops/gyeonggi/paju/탄현면/한국미인테라피/index.html || 한국미인테라피의 코스와 운영 정보를 파주시 탄현면 기준으로 안내합니다. 100,000원부터 확인되는 가격 정보와 60분·90분 코스 시간을 함께 살펴보고 가격과 코스 구성, 영업시간 및 연락 수단을 비교해 이용 전 참고할 수 있습니다.",""
"DESCRIPTION_TEMPLATE","970","업체상세","2","x 이용을 검토할 때 참고할 loc x 상세 정보입니다 n n 시간 구성과 n n 부터 시작하는 가격을 확인하면서 코스별 이용시간과 가격 운영시간 및 연락 방법을 비교할 수 있습니다","shops/seoul/eunpyeong-gu/증산동/너무이쁜테라피/index.html || 너무이쁜테라피 이용을 검토할 때 참고할 은평구 증산동 상세 정보입니다. 60분·90분 시간 구성과 60,000원부터 시작하는 가격을 확인하면서 코스별 이용시간과 가격, 운영시간 및 연락 방법을 비교할 수 있습니다.","shops/gyeonggi/icheon/모가면/너무이쁜테라피/index.html || 너무이쁜테라피 이용을 검토할 때 참고할 이천시 모가면 상세 정보입니다. 60분·90분 시간 구성과 60,000원부터 시작하는 가격을 확인하면서 코스별 이용시간과 가격, 운영시간 및 연락 방법을 비교할 수 있습니다.",""
"DESCRIPTION_TEMPLATE","971","업체상세","2","loc x 지역의 x 이용 정보를 정리했습니다 n n 코스와 n n 부터 가격 코스 구성 영업시간과 문의 수단을 순서대로 확인할 수 있습니다","shops/seoul/eunpyeong-gu/역촌동/love테라피/index.html || 은평구 역촌동 지역의 love테라피 이용 정보를 정리했습니다. 60분·90분 코스와 70,000원부터 가격, 코스 구성, 영업시간과 문의 수단을 순서대로 확인할 수 있습니다.","shops/gyeonggi/siheung/목감동/한국미인테라피/index.html || 시흥시 목감동 지역의 한국미인테라피 이용 정보를 정리했습니다. 60분·90분 코스와 100,000원부터 가격, 코스 구성, 영업시간과 문의 수단을 순서대로 확인할 수 있습니다.",""
"DESCRIPTION_TEMPLATE","972","업체상세","2","loc x 지역의 x 이용 정보를 정리했습니다 n n 코스 구성과 n n 부터 확인되는 가격대를 확인한 뒤 코스별 이용시간과 가격 운영시간 및 연락 방법을 비교할 수 있습니다","shops/seoul/yongsan-gu/원효로동/love테라피/index.html || 용산구 원효로동 지역의 love테라피 이용 정보를 정리했습니다. 60분·90분 코스 구성과 70,000원부터 확인되는 가격대를 확인한 뒤 코스별 이용시간과 가격, 운영시간 및 연락 방법을 비교할 수 있습니다.","shops/gyeonggi/gunpo/군포동/love테라피/index.html || 군포시 군포동 지역의 love테라피 이용 정보를 정리했습니다. 60분·90분 코스 구성과 70,000원부터 확인되는 가격대를 확인한 뒤 코스별 이용시간과 가격, 운영시간 및 연락 방법을 비교할 수 있습니다.",""
"DESCRIPTION_TEMPLATE","973","업체상세","2","x 이용을 검토할 때 참고할 loc x 상세 정보입니다 n n 코스와 n n 부터 확인되는 가격 정보를 포함해 이용 전 필요한 코스 가격 운영시간과 연락 정보를 한 번에 살펴볼 수 있습니다","shops/seoul/yongsan-gu/이태원동/love테라피/index.html || love테라피 이용을 검토할 때 참고할 용산구 이태원동 상세 정보입니다. 60분·90분 코스와 70,000원부터 확인되는 가격 정보를 포함해 이용 전 필요한 코스·가격·운영시간과 연락 정보를 한 번에 살펴볼 수 있습니다.","shops/gyeonggi/siheung/목감동/너무이쁜테라피/index.html || 너무이쁜테라피 이용을 검토할 때 참고할 시흥시 목감동 상세 정보입니다. 60분·90분 코스와 60,000원부터 확인되는 가격 정보를 포함해 이용 전 필요한 코스·가격·운영시간과 연락 정보를 한 번에 살펴볼 수 있습니다.",""
"DESCRIPTION_TEMPLATE","974","업체상세","2","x 이용을 검토할 때 참고할 loc x 상세 정보입니다 n n 코스 구성과 n n 부터 확인되는 가격대를 확인한 뒤 코스 구성과 가격 운영시간 연락 방법을 한곳에서 확인할 수 있습니다","shops/seoul/eunpyeong-gu/갈현동/프리미엄테라피/index.html || 프리미엄테라피 이용을 검토할 때 참고할 은평구 갈현동 상세 정보입니다. 60분·90분 코스 구성과 60,000원부터 확인되는 가격대를 확인한 뒤 코스 구성과 가격, 운영시간, 연락 방법을 한곳에서 확인할 수 있습니다.","shops/gyeonggi/siheung/장곡동/프리미엄테라피/index.html || 프리미엄테라피 이용을 검토할 때 참고할 시흥시 장곡동 상세 정보입니다. 60분·90분 코스 구성과 60,000원부터 확인되는 가격대를 확인한 뒤 코스 구성과 가격, 운영시간, 연락 방법을 한곳에서 확인할 수 있습니다.",""
"DESCRIPTION_TEMPLATE","975","업체상세","2","x 의 loc x 이용 안내입니다 n n 부터 시작하는 가격과 n n 코스 정보를 바탕으로 영업시간과 코스별 가격을 확인하고 전화나 문자로 세부 내용을 문의할 수 있습니다","shops/seoul/yongsan-gu/이태원동/한국미인테라피/index.html || 한국미인테라피의 용산구 이태원동 이용 안내입니다. 100,000원부터 시작하는 가격과 60분·90분 코스 정보를 바탕으로 영업시간과 코스별 가격을 확인하고 전화나 문자로 세부 내용을 문의할 수 있습니다.","shops/gyeonggi/uijeongbu/송산동/프리미엄테라피/index.html || 프리미엄테라피의 의정부시 송산동 이용 안내입니다. 60,000원부터 시작하는 가격과 60분·90분 코스 정보를 바탕으로 영업시간과 코스별 가격을 확인하고 전화나 문자로 세부 내용을 문의할 수 있습니다.",""
"DESCRIPTION_TEMPLATE","976","업체상세","2","x 의 loc x 이용 안내입니다 n n 부터 확인되는 가격과 n n 코스 정보를 참고해 코스 구성과 가격 운영시간 연락 방법을 한곳에서 확인할 수 있습니다","shops/seoul/eunpyeong-gu/대조동/love테라피/index.html || love테라피의 은평구 대조동 이용 안내입니다. 70,000원부터 확인되는 가격과 60분·90분 코스 정보를 참고해 코스 구성과 가격, 운영시간, 연락 방법을 한곳에서 확인할 수 있습니다.","shops/gyeonggi/hanam/위례동/한국미인테라피/index.html || 한국미인테라피의 하남시 위례동 이용 안내입니다. 100,000원부터 확인되는 가격과 60분·90분 코스 정보를 참고해 코스 구성과 가격, 운영시간, 연락 방법을 한곳에서 확인할 수 있습니다.",""
"DESCRIPTION_TEMPLATE","977","업체상세","2","x 이용을 검토할 때 참고할 loc x 상세 정보입니다 n n 부터 확인되는 가격 정보와 n n 코스 시간을 함께 살펴보고 코스 구성과 가격 운영시간 연락 방법을 한곳에서 확인할 수 있습니다","shops/seoul/jongno-gu/무악동/한국미인테라피/index.html || 한국미인테라피 이용을 검토할 때 참고할 종로구 무악동 상세 정보입니다. 100,000원부터 확인되는 가격 정보와 60분·90분 코스 시간을 함께 살펴보고 코스 구성과 가격, 운영시간, 연락 방법을 한곳에서 확인할 수 있습니다.","shops/gyeonggi/gimpo/장기동/너무이쁜테라피/index.html || 너무이쁜테라피 이용을 검토할 때 참고할 김포시 장기동 상세 정보입니다. 60,000원부터 확인되는 가격 정보와 60분·90분 코스 시간을 함께 살펴보고 코스 구성과 가격, 운영시간, 연락 방법을 한곳에서 확인할 수 있습니다.",""
"DESCRIPTION_TEMPLATE","978","업체상세","2","x 이용을 검토할 때 참고할 loc x 상세 정보입니다 n n 부터 확인되는 가격과 n n 코스 정보를 참고해 가격과 이용시간 연락 방법을 확인해 필요한 내용을 loc 비교할 수 있습니다","shops/seoul/jongno-gu/교남동/너무이쁜테라피/index.html || 너무이쁜테라피 이용을 검토할 때 참고할 종로구 교남동 상세 정보입니다. 60,000원부터 확인되는 가격과 60분·90분 코스 정보를 참고해 가격과 이용시간, 연락 방법을 확인해 필요한 내용을 미리 비교할 수 있습니다.","shops/incheon/geomdan-gu/마전동/한국미인테라피/index.html || 한국미인테라피 이용을 검토할 때 참고할 검단구 마전동 상세 정보입니다. 100,000원부터 확인되는 가격과 60분·90분 코스 정보를 참고해 가격과 이용시간, 연락 방법을 확인해 필요한 내용을 미리 비교할 수 있습니다.",""
"DESCRIPTION_TEMPLATE","979","업체상세","2","loc x 지역의 x 이용 정보를 정리했습니다 n n 부터 확인되는 가격과 n n 코스 정보를 참고해 코스 구성과 가격 운영시간 연락 방법을 한곳에서 확인할 수 있습니다","shops/seoul/yeongdeungpo-gu/대림동/프리미엄테라피/index.html || 영등포구 대림동 지역의 프리미엄테라피 이용 정보를 정리했습니다. 60,000원부터 확인되는 가격과 60분·90분 코스 정보를 참고해 코스 구성과 가격, 운영시간, 연락 방법을 한곳에서 확인할 수 있습니다.","shops/incheon/jemulpo-gu/2동/너무이쁜테라피/index.html || 제물포구 2동 지역의 너무이쁜테라피 이용 정보를 정리했습니다. 60,000원부터 확인되는 가격과 60분·90분 코스 정보를 참고해 코스 구성과 가격, 운영시간, 연락 방법을 한곳에서 확인할 수 있습니다.",""
"DESCRIPTION_TEMPLATE","980","업체상세","2","x 의 코스와 운영 정보를 loc x 기준으로 안내합니다 n n 시간 구성과 n n 부터 시작하는 가격을 확인하면서 가격과 코스 구성 영업시간 및 연락 수단을 비교해 이용 전 참고할 수 있습니다","shops/seoul/yeongdeungpo-gu/도림동/한국미인테라피/index.html || 한국미인테라피의 코스와 운영 정보를 영등포구 도림동 기준으로 안내합니다. 60분·90분 시간 구성과 100,000원부터 시작하는 가격을 확인하면서 가격과 코스 구성, 영업시간 및 연락 수단을 비교해 이용 전 참고할 수 있습니다.","shops/gyeonggi/gwangju-gyeonggi/남종면/프리미엄테라피/index.html || 프리미엄테라피의 코스와 운영 정보를 광주시 남종면 기준으로 안내합니다. 60분·90분 시간 구성과 60,000원부터 시작하는 가격을 확인하면서 가격과 코스 구성, 영업시간 및 연락 수단을 비교해 이용 전 참고할 수 있습니다.",""
"DESCRIPTION_TEMPLATE","981","업체상세","2","loc x 에서 이용 가능한 x 정보를 보기 쉽게 정리했습니다 n n 부터 확인되는 가격 정보와 n n 코스 시간을 함께 살펴보고 운영시간과 코스 구성 가격 연락 방법을 한 페이지에서 확인할 수 있습니다","shops/seoul/yeongdeungpo-gu/도림동/love테라피/index.html || 영등포구 도림동에서 이용 가능한 love테라피 정보를 보기 쉽게 정리했습니다. 70,000원부터 확인되는 가격 정보와 60분·90분 코스 시간을 함께 살펴보고 운영시간과 코스 구성, 가격, 연락 방법을 한 페이지에서 확인할 수 있습니다.","shops/seoul/jungnang-gu/면목동/love테라피/index.html || 중랑구 면목동에서 이용 가능한 love테라피 정보를 보기 쉽게 정리했습니다. 70,000원부터 확인되는 가격 정보와 60분·90분 코스 시간을 함께 살펴보고 운영시간과 코스 구성, 가격, 연락 방법을 한 페이지에서 확인할 수 있습니다.",""
"DESCRIPTION_TEMPLATE","982","업체상세","2","x 이용을 검토할 때 참고할 loc x 상세 정보입니다 n n 이용시간과 n n 부터 확인되는 가격 정보를 함께 확인하며 운영시간과 코스 구성 가격 연락 방법을 한 페이지에서 확인할 수 있습니다","shops/seoul/yeongdeungpo-gu/여의동/love테라피/index.html || love테라피 이용을 검토할 때 참고할 영등포구 여의동 상세 정보입니다. 60분·90분 이용시간과 70,000원부터 확인되는 가격 정보를 함께 확인하며 운영시간과 코스 구성, 가격, 연락 방법을 한 페이지에서 확인할 수 있습니다.","shops/gyeonggi/siheung/연성동/너무이쁜테라피/index.html || 너무이쁜테라피 이용을 검토할 때 참고할 시흥시 연성동 상세 정보입니다. 60분·90분 이용시간과 60,000원부터 확인되는 가격 정보를 함께 확인하며 운영시간과 코스 구성, 가격, 연락 방법을 한 페이지에서 확인할 수 있습니다.",""
"DESCRIPTION_TEMPLATE","983","업체상세","2","loc x 에서 x 이용 전 확인할 정보를 모았습니다 n n 부터 확인되는 가격과 n n 코스 정보를 참고해 코스 가격 영업시간과 전화 또는 문자 문의 방법을 확인할 수 있습니다","shops/seoul/eunpyeong-gu/진관동/너무이쁜테라피/index.html || 은평구 진관동에서 너무이쁜테라피 이용 전 확인할 정보를 모았습니다. 60,000원부터 확인되는 가격과 60분·90분 코스 정보를 참고해 코스·가격·영업시간과 전화 또는 문자 문의 방법을 확인할 수 있습니다.","shops/gyeonggi/icheon/율면/프리미엄테라피/index.html || 이천시 율면에서 프리미엄테라피 이용 전 확인할 정보를 모았습니다. 60,000원부터 확인되는 가격과 60분·90분 코스 정보를 참고해 코스·가격·영업시간과 전화 또는 문자 문의 방법을 확인할 수 있습니다.",""
"DESCRIPTION_TEMPLATE","984","업체상세","2","loc x 생활권에서 확인할 수 있는 x 정보를 담았습니다 n n 이용시간과 n n 부터 확인되는 가격 정보를 함께 확인하며 코스별 시간과 가격 운영시간 전화 문자 문의 내용을 살펴볼 수 있습니다","shops/seoul/yeongdeungpo-gu/양평동/love테라피/index.html || 영등포구 양평동 생활권에서 확인할 수 있는 love테라피 정보를 담았습니다. 60분·90분 이용시간과 70,000원부터 확인되는 가격 정보를 함께 확인하며 코스별 시간과 가격, 운영시간, 전화·문자 문의 내용을 살펴볼 수 있습니다.","shops/gyeonggi/yangpyeong/서종면/love테라피/index.html || 양평군 서종면 생활권에서 확인할 수 있는 love테라피 정보를 담았습니다. 60분·90분 이용시간과 70,000원부터 확인되는 가격 정보를 함께 확인하며 코스별 시간과 가격, 운영시간, 전화·문자 문의 내용을 살펴볼 수 있습니다.",""
"DESCRIPTION_TEMPLATE","985","업체상세","2","loc x 기준으로 x 운영 정보를 정리했습니다 n n 이용시간과 n n 부터 확인되는 가격 정보를 함께 확인하며 가격과 이용시간 연락 방법을 확인해 필요한 내용을 loc 비교할 수 있습니다","shops/seoul/yeongdeungpo-gu/양평동/프리미엄테라피/index.html || 영등포구 양평동 기준으로 프리미엄테라피 운영 정보를 정리했습니다. 60분·90분 이용시간과 60,000원부터 확인되는 가격 정보를 함께 확인하며 가격과 이용시간, 연락 방법을 확인해 필요한 내용을 미리 비교할 수 있습니다.","shops/gyeonggi/pocheon/이동면/love테라피/index.html || 포천시 이동면 기준으로 love테라피 운영 정보를 정리했습니다. 60분·90분 이용시간과 70,000원부터 확인되는 가격 정보를 함께 확인하며 가격과 이용시간, 연락 방법을 확인해 필요한 내용을 미리 비교할 수 있습니다.",""
"DESCRIPTION_TEMPLATE","986","업체상세","2","x 의 loc x 이용 안내입니다 n n 코스와 n n 부터 확인되는 가격 정보를 포함해 운영시간과 코스 구성 가격 연락 방법을 한 페이지에서 확인할 수 있습니다","shops/seoul/seongbuk-gu/안암동/love테라피/index.html || love테라피의 성북구 안암동 이용 안내입니다. 60분·90분 코스와 70,000원부터 확인되는 가격 정보를 포함해 운영시간과 코스 구성, 가격, 연락 방법을 한 페이지에서 확인할 수 있습니다.","shops/gyeonggi/yeoncheon/장남면/한국미인테라피/index.html || 한국미인테라피의 연천군 장남면 이용 안내입니다. 60분·90분 코스와 100,000원부터 확인되는 가격 정보를 포함해 운영시간과 코스 구성, 가격, 연락 방법을 한 페이지에서 확인할 수 있습니다.",""
"DESCRIPTION_TEMPLATE","987","업체상세","2","loc x 지역의 x 이용 정보를 정리했습니다 n n 시간 구성과 n n 부터 시작하는 가격을 확인하면서 가격 코스 구성 영업시간과 문의 수단을 순서대로 확인할 수 있습니다","shops/gyeonggi/gapyeong/조종면/프리미엄테라피/index.html || 가평군 조종면 지역의 프리미엄테라피 이용 정보를 정리했습니다. 60분·90분 시간 구성과 60,000원부터 시작하는 가격을 확인하면서 가격, 코스 구성, 영업시간과 문의 수단을 순서대로 확인할 수 있습니다.","shops/gyeonggi/yangju/광적면/프리미엄테라피/index.html || 양주시 광적면 지역의 프리미엄테라피 이용 정보를 정리했습니다. 60분·90분 시간 구성과 60,000원부터 시작하는 가격을 확인하면서 가격, 코스 구성, 영업시간과 문의 수단을 순서대로 확인할 수 있습니다.",""
"DESCRIPTION_TEMPLATE","988","업체상세","2","x 의 코스와 운영 정보를 loc loc x 기준으로 안내합니다 n n 시간 구성과 n n 부터 시작하는 가격을 확인하면서 이용 전 필요한 코스 가격 운영시간과 연락 정보를 한 번에 살펴볼 수 있습니다","shops/gyeonggi/goyang/deogyang-gu/관산동/한국미인테라피/index.html || 한국미인테라피의 코스와 운영 정보를 고양시-덕양구 관산동 기준으로 안내합니다. 60분·90분 시간 구성과 100,000원부터 시작하는 가격을 확인하면서 이용 전 필요한 코스·가격·운영시간과 연락 정보를 한 번에 살펴볼 수 있습니다.","shops/gyeonggi/hwaseong/byeongjeom-gu/화산동/너무이쁜테라피/index.html || 너무이쁜테라피의 코스와 운영 정보를 화성시-병점구 화산동 기준으로 안내합니다. 60분·90분 시간 구성과 60,000원부터 시작하는 가격을 확인하면서 이용 전 필요한 코스·가격·운영시간과 연락 정보를 한 번에 살펴볼 수 있습니다.",""
"DESCRIPTION_TEMPLATE","989","업체상세","2","loc x 기준 x 의 코스와 이용 정보를 확인할 수 있습니다 n n 코스와 n n 부터 확인되는 가격 정보를 포함해 이용 가능한 코스와 가격 영업시간 전화 문자 문의 정보를 확인할 수 있습니다","shops/seoul/seongbuk-gu/안암동/너무이쁜테라피/index.html || 성북구 안암동 기준 너무이쁜테라피의 코스와 이용 정보를 확인할 수 있습니다. 60분·90분 코스와 60,000원부터 확인되는 가격 정보를 포함해 이용 가능한 코스와 가격, 영업시간, 전화·문자 문의 정보를 확인할 수 있습니다.","shops/gyeonggi/gwangju-gyeonggi/초월읍/love테라피/index.html || 광주시 초월읍 기준 love테라피의 코스와 이용 정보를 확인할 수 있습니다. 60분·90분 코스와 70,000원부터 확인되는 가격 정보를 포함해 이용 가능한 코스와 가격, 영업시간, 전화·문자 문의 정보를 확인할 수 있습니다.",""
"DESCRIPTION_TEMPLATE","990","업체상세","2","loc x 에서 이용 가능한 x 정보를 보기 쉽게 정리했습니다 n n 코스와 n n 부터 코스 가격 영업시간과 전화 또는 문자 문의 방법을 확인할 수 있습니다","shops/gyeonggi/gapyeong/조종면/너무이쁜테라피/index.html || 가평군 조종면에서 이용 가능한 너무이쁜테라피 정보를 보기 쉽게 정리했습니다. 60분·90분 코스와 60,000원부터 코스·가격·영업시간과 전화 또는 문자 문의 방법을 확인할 수 있습니다.","shops/gyeonggi/gwangju-gyeonggi/송정동/love테라피/index.html || 광주시 송정동에서 이용 가능한 love테라피 정보를 보기 쉽게 정리했습니다. 60분·90분 코스와 70,000원부터 코스·가격·영업시간과 전화 또는 문자 문의 방법을 확인할 수 있습니다.",""
"DESCRIPTION_TEMPLATE","991","업체상세","2","loc x 에서 이용 가능한 x 정보를 보기 쉽게 정리했습니다 n n 코스와 n n 부터 확인되는 가격 정보를 포함해 가격과 이용시간 연락 방법을 확인해 필요한 내용을 loc 비교할 수 있습니다","shops/gyeonggi/gapyeong/상면/너무이쁜테라피/index.html || 가평군 상면에서 이용 가능한 너무이쁜테라피 정보를 보기 쉽게 정리했습니다. 60분·90분 코스와 60,000원부터 확인되는 가격 정보를 포함해 가격과 이용시간, 연락 방법을 확인해 필요한 내용을 미리 비교할 수 있습니다.","shops/gyeonggi/hanam/천현동/프리미엄테라피/index.html || 하남시 천현동에서 이용 가능한 프리미엄테라피 정보를 보기 쉽게 정리했습니다. 60분·90분 코스와 60,000원부터 확인되는 가격 정보를 포함해 가격과 이용시간, 연락 방법을 확인해 필요한 내용을 미리 비교할 수 있습니다.",""
"DESCRIPTION_TEMPLATE","992","업체상세","2","loc x 에서 이용 가능한 x 정보를 보기 쉽게 정리했습니다 n n 부터 확인되는 가격 정보와 n n 코스 시간을 함께 살펴보고 이용 전 필요한 코스 가격 운영시간과 연락 정보를 한 번에 살펴볼 수 있습니다","shops/gyeonggi/gapyeong/북면/한국미인테라피/index.html || 가평군 북면에서 이용 가능한 한국미인테라피 정보를 보기 쉽게 정리했습니다. 100,000원부터 확인되는 가격 정보와 60분·90분 코스 시간을 함께 살펴보고 이용 전 필요한 코스·가격·운영시간과 연락 정보를 한 번에 살펴볼 수 있습니다.","shops/gyeonggi/paju/광탄면/love테라피/index.html || 파주시 광탄면에서 이용 가능한 love테라피 정보를 보기 쉽게 정리했습니다. 70,000원부터 확인되는 가격 정보와 60분·90분 코스 시간을 함께 살펴보고 이용 전 필요한 코스·가격·운영시간과 연락 정보를 한 번에 살펴볼 수 있습니다.",""
"DESCRIPTION_TEMPLATE","993","업체상세","2","x 이용을 검토할 때 참고할 loc x 상세 정보입니다 n n 부터 확인되는 가격 정보와 n n 코스 시간을 함께 살펴보고 코스별 이용시간과 가격 운영시간 및 연락 방법을 비교할 수 있습니다","shops/seoul/seongbuk-gu/월곡동/love테라피/index.html || love테라피 이용을 검토할 때 참고할 성북구 월곡동 상세 정보입니다. 70,000원부터 확인되는 가격 정보와 60분·90분 코스 시간을 함께 살펴보고 코스별 이용시간과 가격, 운영시간 및 연락 방법을 비교할 수 있습니다.","shops/other/daejeon/daedeok-gu/목상동/S썸바디테라피/index.html || S썸바디테라피 이용을 검토할 때 참고할 대덕구 목상동 상세 정보입니다. 50,000원부터 확인되는 가격 정보와 60분·90분 코스 시간을 함께 살펴보고 코스별 이용시간과 가격, 운영시간 및 연락 방법을 비교할 수 있습니다.",""
"DESCRIPTION_TEMPLATE","994","업체상세","2","loc x 생활권에서 확인할 수 있는 x 정보를 담았습니다 n n 코스와 n n 부터 코스별 이용시간과 가격 운영시간 및 연락 방법을 비교할 수 있습니다","shops/gyeonggi/gapyeong/상면/love테라피/index.html || 가평군 상면 생활권에서 확인할 수 있는 love테라피 정보를 담았습니다. 60분·90분 코스와 70,000원부터 코스별 이용시간과 가격, 운영시간 및 연락 방법을 비교할 수 있습니다.","shops/gyeonggi/yangpyeong/양동면/너무이쁜테라피/index.html || 양평군 양동면 생활권에서 확인할 수 있는 너무이쁜테라피 정보를 담았습니다. 60분·90분 코스와 60,000원부터 코스별 이용시간과 가격, 운영시간 및 연락 방법을 비교할 수 있습니다.",""
"DESCRIPTION_TEMPLATE","995","업체상세","2","loc loc x 지역의 x 이용 정보를 정리했습니다 n n 이용시간과 n n 부터 확인되는 가격 정보를 함께 확인하며 가격과 이용시간 연락 방법을 확인해 필요한 내용을 loc 비교할 수 있습니다","shops/gyeonggi/goyang/deogyang-gu/삼송동/love테라피/index.html || 고양시-덕양구 삼송동 지역의 love테라피 이용 정보를 정리했습니다. 60분·90분 이용시간과 70,000원부터 확인되는 가격 정보를 함께 확인하며 가격과 이용시간, 연락 방법을 확인해 필요한 내용을 미리 비교할 수 있습니다.","shops/gyeonggi/suwon/gwonseon-gu/평동/프리미엄테라피/index.html || 수원시-권선구 평동 지역의 프리미엄테라피 이용 정보를 정리했습니다. 60분·90분 이용시간과 60,000원부터 확인되는 가격 정보를 함께 확인하며 가격과 이용시간, 연락 방법을 확인해 필요한 내용을 미리 비교할 수 있습니다.",""
"DESCRIPTION_TEMPLATE","996","업체상세","2","loc loc x 기준으로 x 운영 정보를 정리했습니다 n n 코스 구성과 n n 부터 확인되는 가격대를 확인한 뒤 코스별 시간과 가격 운영시간 전화 문자 문의 내용을 살펴볼 수 있습니다","shops/gyeonggi/goyang/deogyang-gu/삼송동/너무이쁜테라피/index.html || 고양시-덕양구 삼송동 기준으로 너무이쁜테라피 운영 정보를 정리했습니다. 60분·90분 코스 구성과 60,000원부터 확인되는 가격대를 확인한 뒤 코스별 시간과 가격, 운영시간, 전화·문자 문의 내용을 살펴볼 수 있습니다.","shops/gyeonggi/goyang/deogyang-gu/흥도동/love테라피/index.html || 고양시-덕양구 흥도동 기준으로 love테라피 운영 정보를 정리했습니다. 60분·90분 코스 구성과 70,000원부터 확인되는 가격대를 확인한 뒤 코스별 시간과 가격, 운영시간, 전화·문자 문의 내용을 살펴볼 수 있습니다.",""
"DESCRIPTION_TEMPLATE","997","업체상세","2","x 의 loc x 운영 정보와 문의 방법을 정리했습니다 n n 부터 확인되는 가격 정보와 n n 코스 시간을 함께 살펴보고 코스 구성과 가격 운영시간 연락 방법을 한곳에서 확인할 수 있습니다","shops/seoul/seongbuk-gu/동선동/love테라피/index.html || love테라피의 성북구 동선동 운영 정보와 문의 방법을 정리했습니다. 70,000원부터 확인되는 가격 정보와 60분·90분 코스 시간을 함께 살펴보고 코스 구성과 가격, 운영시간, 연락 방법을 한곳에서 확인할 수 있습니다.","shops/gyeonggi/hanam/신장동/한국미인테라피/index.html || 한국미인테라피의 하남시 신장동 운영 정보와 문의 방법을 정리했습니다. 100,000원부터 확인되는 가격 정보와 60분·90분 코스 시간을 함께 살펴보고 코스 구성과 가격, 운영시간, 연락 방법을 한곳에서 확인할 수 있습니다.",""
"DESCRIPTION_TEMPLATE","998","업체상세","2","loc loc x 기준 x 의 코스와 이용 정보를 확인할 수 있습니다 n n 코스와 n n 부터 가격과 코스 구성 영업시간 및 연락 수단을 비교해 이용 전 참고할 수 있습니다","shops/gyeonggi/goyang/deogyang-gu/삼송동/프리미엄테라피/index.html || 고양시-덕양구 삼송동 기준 프리미엄테라피의 코스와 이용 정보를 확인할 수 있습니다. 60분·90분 코스와 60,000원부터 가격과 코스 구성, 영업시간 및 연락 수단을 비교해 이용 전 참고할 수 있습니다.","shops/gyeonggi/goyang/ilsanseo-gu/대화동/한국미인테라피/index.html || 고양시-일산서구 대화동 기준 한국미인테라피의 코스와 이용 정보를 확인할 수 있습니다. 60분·90분 코스와 100,000원부터 가격과 코스 구성, 영업시간 및 연락 수단을 비교해 이용 전 참고할 수 있습니다.",""
"DESCRIPTION_TEMPLATE","999","업체상세","2","x 관련 loc loc x 정보를 확인할 수 있습니다 n n 부터 시작하는 가격과 n n 코스 정보를 바탕으로 가격 코스 구성 영업시간과 문의 수단을 순서대로 확인할 수 있습니다","shops/gyeonggi/goyang/deogyang-gu/대덕동/love테라피/index.html || love테라피 관련 고양시-덕양구 대덕동 정보를 확인할 수 있습니다. 70,000원부터 시작하는 가격과 60분·90분 코스 정보를 바탕으로 가격, 코스 구성, 영업시간과 문의 수단을 순서대로 확인할 수 있습니다.","shops/gyeonggi/anyang/dongan-gu/호계동/너무이쁜테라피/index.html || 너무이쁜테라피 관련 안양시-동안구 호계동 정보를 확인할 수 있습니다. 60,000원부터 시작하는 가격과 60분·90분 코스 정보를 바탕으로 가격, 코스 구성, 영업시간과 문의 수단을 순서대로 확인할 수 있습니다.",""
"DESCRIPTION_TEMPLATE","1000","업체상세","2","x 이용 전 살펴볼 loc loc x 지역 정보를 한곳에 모았습니다 n n 부터 확인되는 가격 정보와 n n 코스 시간을 함께 살펴보고 코스별 시간과 가격 운영시간 전화 문자 문의 내용을 살펴볼 수 있습니다","shops/gyeonggi/goyang/deogyang-gu/관산동/프리미엄테라피/index.html || 프리미엄테라피 이용 전 살펴볼 고양시-덕양구 관산동 지역 정보를 한곳에 모았습니다. 60,000원부터 확인되는 가격 정보와 60분·90분 코스 시간을 함께 살펴보고 코스별 시간과 가격, 운영시간, 전화·문자 문의 내용을 살펴볼 수 있습니다.","shops/gyeonggi/seongnam/bundang-gu/백현동/프리미엄테라피/index.html || 프리미엄테라피 이용 전 살펴볼 성남시-분당구 백현동 지역 정보를 한곳에 모았습니다. 60,000원부터 확인되는 가격 정보와 60분·90분 코스 시간을 함께 살펴보고 코스별 시간과 가격, 운영시간, 전화·문자 문의 내용을 살펴볼 수 있습니다.",""
"DESCRIPTION_TEMPLATE","1001","업체상세","2","x 이용을 검토할 때 참고할 loc loc x 상세 정보입니다 n n 코스 구성과 n n 부터 확인되는 가격대를 확인한 뒤 코스 구성과 가격 운영시간 연락 방법을 한곳에서 확인할 수 있습니다","shops/gyeonggi/goyang/deogyang-gu/관산동/너무이쁜테라피/index.html || 너무이쁜테라피 이용을 검토할 때 참고할 고양시-덕양구 관산동 상세 정보입니다. 60분·90분 코스 구성과 60,000원부터 확인되는 가격대를 확인한 뒤 코스 구성과 가격, 운영시간, 연락 방법을 한곳에서 확인할 수 있습니다.","shops/gyeonggi/ansan/sangnok-gu/월피동/한국미인테라피/index.html || 한국미인테라피 이용을 검토할 때 참고할 안산시-상록구 월피동 상세 정보입니다. 60분·90분 코스 구성과 100,000원부터 확인되는 가격대를 확인한 뒤 코스 구성과 가격, 운영시간, 연락 방법을 한곳에서 확인할 수 있습니다.",""
"DESCRIPTION_TEMPLATE","1002","업체상세","2","x 관련 loc loc x 정보를 확인할 수 있습니다 n n 코스 구성과 n n 부터 확인되는 가격대를 확인한 뒤 영업시간과 코스별 가격을 확인하고 전화나 문자로 세부 내용을 문의할 수 있습니다","shops/gyeonggi/goyang/deogyang-gu/대덕동/한국미인테라피/index.html || 한국미인테라피 관련 고양시-덕양구 대덕동 정보를 확인할 수 있습니다. 60분·90분 코스 구성과 100,000원부터 확인되는 가격대를 확인한 뒤 영업시간과 코스별 가격을 확인하고 전화나 문자로 세부 내용을 문의할 수 있습니다.","shops/gyeonggi/suwon/paldal-gu/우만동/너무이쁜테라피/index.html || 너무이쁜테라피 관련 수원시-팔달구 우만동 정보를 확인할 수 있습니다. 60분·90분 코스 구성과 60,000원부터 확인되는 가격대를 확인한 뒤 영업시간과 코스별 가격을 확인하고 전화나 문자로 세부 내용을 문의할 수 있습니다.",""
"DESCRIPTION_TEMPLATE","1003","업체상세","2","loc x 지역의 x 이용 정보를 정리했습니다 n n 시간 구성과 n n 부터 시작하는 가격을 확인하면서 이용 가능한 코스와 가격 영업시간 전화 문자 문의 정보를 확인할 수 있습니다","shops/seoul/seongbuk-gu/보문동/프리미엄테라피/index.html || 성북구 보문동 지역의 프리미엄테라피 이용 정보를 정리했습니다. 60분·90분 시간 구성과 60,000원부터 시작하는 가격을 확인하면서 이용 가능한 코스와 가격, 영업시간, 전화·문자 문의 정보를 확인할 수 있습니다.","shops/incheon/ganghwa-gun/삼산면/너무이쁜테라피/index.html || 강화군 삼산면 지역의 너무이쁜테라피 이용 정보를 정리했습니다. 60분·90분 시간 구성과 60,000원부터 시작하는 가격을 확인하면서 이용 가능한 코스와 가격, 영업시간, 전화·문자 문의 정보를 확인할 수 있습니다.",""
"DESCRIPTION_TEMPLATE","1004","업체상세","2","loc x 생활권에서 확인할 수 있는 x 정보를 담았습니다 n n 부터 확인되는 가격과 n n 코스 정보를 참고해 이용 전 필요한 코스 가격 운영시간과 연락 정보를 한 번에 살펴볼 수 있습니다","shops/gyeonggi/gapyeong/가평읍/프리미엄테라피/index.html || 가평군 가평읍 생활권에서 확인할 수 있는 프리미엄테라피 정보를 담았습니다. 60,000원부터 확인되는 가격과 60분·90분 코스 정보를 참고해 이용 전 필요한 코스·가격·운영시간과 연락 정보를 한 번에 살펴볼 수 있습니다.","shops/gyeonggi/yeoju/흥천면/프리미엄테라피/index.html || 여주시 흥천면 생활권에서 확인할 수 있는 프리미엄테라피 정보를 담았습니다. 60,000원부터 확인되는 가격과 60분·90분 코스 정보를 참고해 이용 전 필요한 코스·가격·운영시간과 연락 정보를 한 번에 살펴볼 수 있습니다.",""
"DESCRIPTION_TEMPLATE","1005","업체상세","2","loc x 에서 x 이용 전 확인할 정보를 모았습니다 n n 코스와 n n 부터 확인되는 가격 정보를 포함해 코스와 가격 영업시간 전화 문자 문의 방법을 함께 확인할 수 있습니다","shops/seoul/songpa-gu/방이동/프리미엄테라피/index.html || 송파구 방이동에서 프리미엄테라피 이용 전 확인할 정보를 모았습니다. 60분·90분 코스와 60,000원부터 확인되는 가격 정보를 포함해 코스와 가격, 영업시간, 전화·문자 문의 방법을 함께 확인할 수 있습니다.","shops/seoul/jung-gu/황학동/너무이쁜테라피/index.html || 중구 황학동에서 너무이쁜테라피 이용 전 확인할 정보를 모았습니다. 60분·90분 코스와 60,000원부터 확인되는 가격 정보를 포함해 코스와 가격, 영업시간, 전화·문자 문의 방법을 함께 확인할 수 있습니다.",""
"DESCRIPTION_TEMPLATE","1006","업체상세","2","x 이용 전 살펴볼 loc x 지역 정보를 한곳에 모았습니다 n n 이용시간과 n n 부터 확인되는 가격 정보를 함께 확인하며 운영시간과 코스 구성 가격 연락 방법을 한 페이지에서 확인할 수 있습니다","shops/seoul/songpa-gu/삼전동/프리미엄테라피/index.html || 프리미엄테라피 이용 전 살펴볼 송파구 삼전동 지역 정보를 한곳에 모았습니다. 60분·90분 이용시간과 60,000원부터 확인되는 가격 정보를 함께 확인하며 운영시간과 코스 구성, 가격, 연락 방법을 한 페이지에서 확인할 수 있습니다.","shops/gyeonggi/namyangju/퇴계원읍/love테라피/index.html || love테라피 이용 전 살펴볼 남양주시 퇴계원읍 지역 정보를 한곳에 모았습니다. 60분·90분 이용시간과 70,000원부터 확인되는 가격 정보를 함께 확인하며 운영시간과 코스 구성, 가격, 연락 방법을 한 페이지에서 확인할 수 있습니다.",""
"DESCRIPTION_TEMPLATE","1007","업체상세","2","loc x 에서 이용 가능한 x 정보를 보기 쉽게 정리했습니다 n n 시간 구성과 n n 부터 시작하는 가격을 확인하면서 가격 코스 구성 영업시간과 문의 수단을 순서대로 확인할 수 있습니다","shops/seoul/jungnang-gu/면목동/프리미엄테라피/index.html || 중랑구 면목동에서 이용 가능한 프리미엄테라피 정보를 보기 쉽게 정리했습니다. 60분·90분 시간 구성과 60,000원부터 시작하는 가격을 확인하면서 가격, 코스 구성, 영업시간과 문의 수단을 순서대로 확인할 수 있습니다.","shops/gyeonggi/guri/수택동/너무이쁜테라피/index.html || 구리시 수택동에서 이용 가능한 너무이쁜테라피 정보를 보기 쉽게 정리했습니다. 60분·90분 시간 구성과 60,000원부터 시작하는 가격을 확인하면서 가격, 코스 구성, 영업시간과 문의 수단을 순서대로 확인할 수 있습니다.",""
"DESCRIPTION_TEMPLATE","1008","업체상세","2","loc x 생활권에서 확인할 수 있는 x 정보를 담았습니다 n n 코스 구성과 n n 부터 확인되는 가격대를 확인한 뒤 운영시간과 코스 구성 가격 연락 방법을 한 페이지에서 확인할 수 있습니다","shops/seoul/songpa-gu/방이동/한국미인테라피/index.html || 송파구 방이동 생활권에서 확인할 수 있는 한국미인테라피 정보를 담았습니다. 60분·90분 코스 구성과 100,000원부터 확인되는 가격대를 확인한 뒤 운영시간과 코스 구성, 가격, 연락 방법을 한 페이지에서 확인할 수 있습니다.","shops/incheon/gyeyang-gu/효성동/마인드좋은테라피/index.html || 계양구 효성동 생활권에서 확인할 수 있는 마인드좋은테라피 정보를 담았습니다. 60분·90분 코스 구성과 60,000원부터 확인되는 가격대를 확인한 뒤 운영시간과 코스 구성, 가격, 연락 방법을 한 페이지에서 확인할 수 있습니다.",""
"DESCRIPTION_TEMPLATE","1009","업체상세","2","loc x 지역의 x 이용 정보를 정리했습니다 n n 부터 확인되는 가격과 n n 코스 정보를 참고해 코스별 이용시간과 가격 운영시간 및 연락 방법을 비교할 수 있습니다","shops/seoul/jungnang-gu/망우동/love테라피/index.html || 중랑구 망우동 지역의 love테라피 이용 정보를 정리했습니다. 70,000원부터 확인되는 가격과 60분·90분 코스 정보를 참고해 코스별 이용시간과 가격, 운영시간 및 연락 방법을 비교할 수 있습니다.","shops/incheon/michuhol-gu/4동/love테라피/index.html || 미추홀구 4동 지역의 love테라피 이용 정보를 정리했습니다. 70,000원부터 확인되는 가격과 60분·90분 코스 정보를 참고해 코스별 이용시간과 가격, 운영시간 및 연락 방법을 비교할 수 있습니다.",""
"DESCRIPTION_TEMPLATE","1010","업체상세","2","loc x 기준으로 x 운영 정보를 정리했습니다 n n 부터 확인되는 가격 정보와 n n 코스 시간을 함께 살펴보고 코스와 가격 영업시간 전화 문자 문의 방법을 함께 확인할 수 있습니다","shops/seoul/songpa-gu/석촌동/한국미인테라피/index.html || 송파구 석촌동 기준으로 한국미인테라피 운영 정보를 정리했습니다. 100,000원부터 확인되는 가격 정보와 60분·90분 코스 시간을 함께 살펴보고 코스와 가격, 영업시간, 전화·문자 문의 방법을 함께 확인할 수 있습니다.","shops/seoul/jung-gu/장충동/너무이쁜테라피/index.html || 중구 장충동 기준으로 너무이쁜테라피 운영 정보를 정리했습니다. 60,000원부터 확인되는 가격 정보와 60분·90분 코스 시간을 함께 살펴보고 코스와 가격, 영업시간, 전화·문자 문의 방법을 함께 확인할 수 있습니다.",""
"DESCRIPTION_TEMPLATE","1011","업체상세","2","x 의 loc x 운영 정보와 문의 방법을 정리했습니다 n n 이용시간과 n n 부터 확인되는 가격 정보를 함께 확인하며 가격 코스 구성 영업시간과 문의 수단을 순서대로 확인할 수 있습니다","shops/seoul/jungnang-gu/8동/한국미인테라피/index.html || 한국미인테라피의 중랑구 8동 운영 정보와 문의 방법을 정리했습니다. 60분·90분 이용시간과 100,000원부터 확인되는 가격 정보를 함께 확인하며 가격, 코스 구성, 영업시간과 문의 수단을 순서대로 확인할 수 있습니다.","shops/gyeonggi/namyangju/호평동/love테라피/index.html || love테라피의 남양주시 호평동 운영 정보와 문의 방법을 정리했습니다. 60분·90분 이용시간과 70,000원부터 확인되는 가격 정보를 함께 확인하며 가격, 코스 구성, 영업시간과 문의 수단을 순서대로 확인할 수 있습니다.",""
"DESCRIPTION_TEMPLATE","1012","업체상세","2","x 이용을 검토할 때 참고할 loc x 상세 정보입니다 n n 코스와 n n 부터 확인되는 가격 정보를 포함해 코스 가격 영업시간과 전화 또는 문자 문의 방법을 확인할 수 있습니다","shops/seoul/jungnang-gu/망우동/너무이쁜테라피/index.html || 너무이쁜테라피 이용을 검토할 때 참고할 중랑구 망우동 상세 정보입니다. 60분·90분 코스와 60,000원부터 확인되는 가격 정보를 포함해 코스·가격·영업시간과 전화 또는 문자 문의 방법을 확인할 수 있습니다.","shops/gyeonggi/pyeongtaek/포승읍/love테라피/index.html || love테라피 이용을 검토할 때 참고할 평택시 포승읍 상세 정보입니다. 60분·90분 코스와 70,000원부터 확인되는 가격 정보를 포함해 코스·가격·영업시간과 전화 또는 문자 문의 방법을 확인할 수 있습니다.",""
"DESCRIPTION_TEMPLATE","1013","업체상세","2","loc x 에서 x 이용 전 확인할 정보를 모았습니다 n n 이용시간과 n n 부터 확인되는 가격 정보를 함께 확인하며 이용 가능한 코스와 가격 영업시간 전화 문자 문의 정보를 확인할 수 있습니다","shops/seoul/jungnang-gu/망우동/한국미인테라피/index.html || 중랑구 망우동에서 한국미인테라피 이용 전 확인할 정보를 모았습니다. 60분·90분 이용시간과 100,000원부터 확인되는 가격 정보를 함께 확인하며 이용 가능한 코스와 가격, 영업시간, 전화·문자 문의 정보를 확인할 수 있습니다.","shops/gyeonggi/goyang/일산동/너무이쁜테라피/index.html || 고양시 일산동에서 너무이쁜테라피 이용 전 확인할 정보를 모았습니다. 60분·90분 이용시간과 60,000원부터 확인되는 가격 정보를 함께 확인하며 이용 가능한 코스와 가격, 영업시간, 전화·문자 문의 정보를 확인할 수 있습니다.",""
"DESCRIPTION_TEMPLATE","1014","업체상세","2","x 의 loc x 이용 안내입니다 n n 코스 구성과 n n 부터 확인되는 가격대를 확인한 뒤 가격 코스 구성 영업시간과 문의 수단을 순서대로 확인할 수 있습니다","shops/seoul/jungnang-gu/신내동/프리미엄테라피/index.html || 프리미엄테라피의 중랑구 신내동 이용 안내입니다. 60분·90분 코스 구성과 60,000원부터 확인되는 가격대를 확인한 뒤 가격, 코스 구성, 영업시간과 문의 수단을 순서대로 확인할 수 있습니다.","shops/incheon/namdong-gu/논현고잔동/너무이쁜테라피/index.html || 너무이쁜테라피의 남동구 논현고잔동 이용 안내입니다. 60분·90분 코스 구성과 60,000원부터 확인되는 가격대를 확인한 뒤 가격, 코스 구성, 영업시간과 문의 수단을 순서대로 확인할 수 있습니다.",""
"DESCRIPTION_TEMPLATE","1015","업체상세","2","loc x 기준으로 x 운영 정보를 정리했습니다 n n 부터 확인되는 가격 정보와 n n 코스 시간을 함께 살펴보고 가격과 이용시간 연락 방법을 확인해 필요한 내용을 loc 비교할 수 있습니다","shops/seoul/songpa-gu/가락본동/한국미인테라피/index.html || 송파구 가락본동 기준으로 한국미인테라피 운영 정보를 정리했습니다. 100,000원부터 확인되는 가격 정보와 60분·90분 코스 시간을 함께 살펴보고 가격과 이용시간, 연락 방법을 확인해 필요한 내용을 미리 비교할 수 있습니다.","shops/gyeonggi/yeoncheon/왕징면/너무이쁜테라피/index.html || 연천군 왕징면 기준으로 너무이쁜테라피 운영 정보를 정리했습니다. 60,000원부터 확인되는 가격 정보와 60분·90분 코스 시간을 함께 살펴보고 가격과 이용시간, 연락 방법을 확인해 필요한 내용을 미리 비교할 수 있습니다.",""
"DESCRIPTION_TEMPLATE","1016","업체상세","2","loc x 기준 x 의 코스와 이용 정보를 확인할 수 있습니다 n n 부터 확인되는 가격 정보와 n n 코스 시간을 함께 살펴보고 가격 코스 구성 영업시간과 문의 수단을 순서대로 확인할 수 있습니다","shops/seoul/seongbuk-gu/종암동/love테라피/index.html || 성북구 종암동 기준 love테라피의 코스와 이용 정보를 확인할 수 있습니다. 70,000원부터 확인되는 가격 정보와 60분·90분 코스 시간을 함께 살펴보고 가격, 코스 구성, 영업시간과 문의 수단을 순서대로 확인할 수 있습니다.","shops/gyeonggi/gwangju-gyeonggi/광남동/love테라피/index.html || 광주시 광남동 기준 love테라피의 코스와 이용 정보를 확인할 수 있습니다. 70,000원부터 확인되는 가격 정보와 60분·90분 코스 시간을 함께 살펴보고 가격, 코스 구성, 영업시간과 문의 수단을 순서대로 확인할 수 있습니다.",""
"DESCRIPTION_TEMPLATE","1017","업체상세","2","loc x 에서 이용 가능한 x 정보를 보기 쉽게 정리했습니다 n n 부터 시작하는 가격과 n n 코스 정보를 바탕으로 코스별 이용시간과 가격 운영시간 및 연락 방법을 비교할 수 있습니다","shops/seoul/songpa-gu/가락동/love테라피/index.html || 송파구 가락동에서 이용 가능한 love테라피 정보를 보기 쉽게 정리했습니다. 70,000원부터 시작하는 가격과 60분·90분 코스 정보를 바탕으로 코스별 이용시간과 가격, 운영시간 및 연락 방법을 비교할 수 있습니다.","shops/seoul/yeongdeungpo-gu/문래동/프리미엄테라피/index.html || 영등포구 문래동에서 이용 가능한 프리미엄테라피 정보를 보기 쉽게 정리했습니다. 60,000원부터 시작하는 가격과 60분·90분 코스 정보를 바탕으로 코스별 이용시간과 가격, 운영시간 및 연락 방법을 비교할 수 있습니다.",""
"DESCRIPTION_TEMPLATE","1018","업체상세","2","x 이용을 검토할 때 참고할 loc x 상세 정보입니다 n n 코스 구성과 n n 부터 확인되는 가격대를 확인한 뒤 코스 가격 영업시간과 전화 또는 문자 문의 방법을 확인할 수 있습니다","shops/seoul/songpa-gu/거여동/한국미인테라피/index.html || 한국미인테라피 이용을 검토할 때 참고할 송파구 거여동 상세 정보입니다. 60분·90분 코스 구성과 100,000원부터 확인되는 가격대를 확인한 뒤 코스·가격·영업시간과 전화 또는 문자 문의 방법을 확인할 수 있습니다.","shops/gyeonggi/gapyeong/북면/프리미엄테라피/index.html || 프리미엄테라피 이용을 검토할 때 참고할 가평군 북면 상세 정보입니다. 60분·90분 코스 구성과 60,000원부터 확인되는 가격대를 확인한 뒤 코스·가격·영업시간과 전화 또는 문자 문의 방법을 확인할 수 있습니다.",""
"DESCRIPTION_TEMPLATE","1019","업체상세","2","loc x 기준으로 x 운영 정보를 정리했습니다 n n 부터 확인되는 가격과 n n 코스 정보를 참고해 코스 구성과 가격 운영시간 연락 방법을 한곳에서 확인할 수 있습니다","shops/seoul/jungnang-gu/면목본동/love테라피/index.html || 중랑구 면목본동 기준으로 love테라피 운영 정보를 정리했습니다. 70,000원부터 확인되는 가격과 60분·90분 코스 정보를 참고해 코스 구성과 가격, 운영시간, 연락 방법을 한곳에서 확인할 수 있습니다.","shops/incheon/ongjin-gun/대청면/한국미인테라피/index.html || 옹진군 대청면 기준으로 한국미인테라피 운영 정보를 정리했습니다. 100,000원부터 확인되는 가격과 60분·90분 코스 정보를 참고해 코스 구성과 가격, 운영시간, 연락 방법을 한곳에서 확인할 수 있습니다.",""
"DESCRIPTION_TEMPLATE","1020","업체상세","2","loc x 기준 x 의 코스와 이용 정보를 확인할 수 있습니다 n n 코스 구성과 n n 부터 확인되는 가격대를 확인한 뒤 이용 가능한 코스와 가격 영업시간 전화 문자 문의 정보를 확인할 수 있습니다","shops/seoul/jungnang-gu/면목본동/한국미인테라피/index.html || 중랑구 면목본동 기준 한국미인테라피의 코스와 이용 정보를 확인할 수 있습니다. 60분·90분 코스 구성과 100,000원부터 확인되는 가격대를 확인한 뒤 이용 가능한 코스와 가격, 영업시간, 전화·문자 문의 정보를 확인할 수 있습니다.","shops/other/changwon/jinhae-gu/자은동/경남테라피/index.html || 진해구 자은동 기준 경남테라피의 코스와 이용 정보를 확인할 수 있습니다. 60분·90분 코스 구성과 60,000원부터 확인되는 가격대를 확인한 뒤 이용 가능한 코스와 가격, 영업시간, 전화·문자 문의 정보를 확인할 수 있습니다.",""
"DESCRIPTION_TEMPLATE","1021","업체상세","2","x 관련 loc x 정보를 확인할 수 있습니다 n n 부터 확인되는 가격과 n n 코스 정보를 참고해 코스 가격 영업시간과 전화 또는 문자 문의 방법을 확인할 수 있습니다","shops/seoul/songpa-gu/마천동/한국미인테라피/index.html || 한국미인테라피 관련 송파구 마천동 정보를 확인할 수 있습니다. 100,000원부터 확인되는 가격과 60분·90분 코스 정보를 참고해 코스·가격·영업시간과 전화 또는 문자 문의 방법을 확인할 수 있습니다.","shops/incheon/namdong-gu/논현고잔동/love테라피/index.html || love테라피 관련 남동구 논현고잔동 정보를 확인할 수 있습니다. 70,000원부터 확인되는 가격과 60분·90분 코스 정보를 참고해 코스·가격·영업시간과 전화 또는 문자 문의 방법을 확인할 수 있습니다.",""
"DESCRIPTION_TEMPLATE","1022","업체상세","2","loc x 생활권에서 확인할 수 있는 x 정보를 담았습니다 n n 코스와 n n 부터 확인되는 가격 정보를 포함해 영업시간과 코스별 가격을 확인하고 전화나 문자로 세부 내용을 문의할 수 있습니다","shops/seoul/songpa-gu/마천동/너무이쁜테라피/index.html || 송파구 마천동 생활권에서 확인할 수 있는 너무이쁜테라피 정보를 담았습니다. 60분·90분 코스와 60,000원부터 확인되는 가격 정보를 포함해 영업시간과 코스별 가격을 확인하고 전화나 문자로 세부 내용을 문의할 수 있습니다.","shops/gyeonggi/yeoncheon/왕징면/프리미엄테라피/index.html || 연천군 왕징면 생활권에서 확인할 수 있는 프리미엄테라피 정보를 담았습니다. 60분·90분 코스와 60,000원부터 확인되는 가격 정보를 포함해 영업시간과 코스별 가격을 확인하고 전화나 문자로 세부 내용을 문의할 수 있습니다.",""
"DESCRIPTION_TEMPLATE","1023","업체상세","2","x 이용 전 살펴볼 loc loc x 지역 정보를 한곳에 모았습니다 n n 부터 확인되는 가격과 n n 코스 정보를 참고해 코스별 이용시간과 가격 운영시간 및 연락 방법을 비교할 수 있습니다","shops/gyeonggi/ansan/danwon-gu/중앙동/love테라피/index.html || love테라피 이용 전 살펴볼 안산시-단원구 중앙동 지역 정보를 한곳에 모았습니다. 70,000원부터 확인되는 가격과 60분·90분 코스 정보를 참고해 코스별 이용시간과 가격, 운영시간 및 연락 방법을 비교할 수 있습니다.","shops/gyeonggi/yongin/cheoin-gu/삼가동/love테라피/index.html || love테라피 이용 전 살펴볼 용인시-처인구 삼가동 지역 정보를 한곳에 모았습니다. 70,000원부터 확인되는 가격과 60분·90분 코스 정보를 참고해 코스별 이용시간과 가격, 운영시간 및 연락 방법을 비교할 수 있습니다.",""
"DESCRIPTION_TEMPLATE","1024","업체상세","2","x 의 코스와 운영 정보를 loc loc x 기준으로 안내합니다 n n 부터 시작하는 가격과 n n 코스 정보를 바탕으로 코스별 시간과 가격 운영시간 전화 문자 문의 내용을 살펴볼 수 있습니다","shops/gyeonggi/ansan/danwon-gu/원곡동/프리미엄테라피/index.html || 프리미엄테라피의 코스와 운영 정보를 안산시-단원구 원곡동 기준으로 안내합니다. 60,000원부터 시작하는 가격과 60분·90분 코스 정보를 바탕으로 코스별 시간과 가격, 운영시간, 전화·문자 문의 내용을 살펴볼 수 있습니다.","shops/gyeonggi/yongin/suji-gu/상현동/프리미엄테라피/index.html || 프리미엄테라피의 코스와 운영 정보를 용인시-수지구 상현동 기준으로 안내합니다. 60,000원부터 시작하는 가격과 60분·90분 코스 정보를 바탕으로 코스별 시간과 가격, 운영시간, 전화·문자 문의 내용을 살펴볼 수 있습니다.",""
"DESCRIPTION_TEMPLATE","1025","업체상세","2","x 이용을 검토할 때 참고할 loc loc x 상세 정보입니다 n n 코스와 n n 부터 가격과 이용시간 연락 방법을 확인해 필요한 내용을 loc 비교할 수 있습니다","shops/gyeonggi/ansan/sangnok-gu/본오동/너무이쁜테라피/index.html || 너무이쁜테라피 이용을 검토할 때 참고할 안산시-상록구 본오동 상세 정보입니다. 60분·90분 코스와 60,000원부터 가격과 이용시간, 연락 방법을 확인해 필요한 내용을 미리 비교할 수 있습니다.","shops/gyeonggi/anyang/dongan-gu/호계동/love테라피/index.html || love테라피 이용을 검토할 때 참고할 안양시-동안구 호계동 상세 정보입니다. 60분·90분 코스와 70,000원부터 가격과 이용시간, 연락 방법을 확인해 필요한 내용을 미리 비교할 수 있습니다.",""
"DESCRIPTION_TEMPLATE","1026","업체상세","2","loc loc x 기준으로 x 운영 정보를 정리했습니다 n n 이용시간과 n n 부터 확인되는 가격 정보를 함께 확인하며 이용 전 필요한 코스 가격 운영시간과 연락 정보를 한 번에 살펴볼 수 있습니다","shops/gyeonggi/ansan/danwon-gu/초지동/너무이쁜테라피/index.html || 안산시-단원구 초지동 기준으로 너무이쁜테라피 운영 정보를 정리했습니다. 60분·90분 이용시간과 60,000원부터 확인되는 가격 정보를 함께 확인하며 이용 전 필요한 코스·가격·운영시간과 연락 정보를 한 번에 살펴볼 수 있습니다.","shops/gyeonggi/hwaseong/hyohaeng-gu/기배동/너무이쁜테라피/index.html || 화성시-효행구 기배동 기준으로 너무이쁜테라피 운영 정보를 정리했습니다. 60분·90분 이용시간과 60,000원부터 확인되는 가격 정보를 함께 확인하며 이용 전 필요한 코스·가격·운영시간과 연락 정보를 한 번에 살펴볼 수 있습니다.",""
"DESCRIPTION_TEMPLATE","1027","업체상세","2","loc x 기준으로 x 운영 정보를 정리했습니다 n n 이용시간과 n n 부터 확인되는 가격 정보를 함께 확인하며 코스 가격 영업시간과 전화 또는 문자 문의 방법을 확인할 수 있습니다","shops/seoul/dongjak-gu/사당동/프리미엄테라피/index.html || 동작구 사당동 기준으로 프리미엄테라피 운영 정보를 정리했습니다. 60분·90분 이용시간과 60,000원부터 확인되는 가격 정보를 함께 확인하며 코스·가격·영업시간과 전화 또는 문자 문의 방법을 확인할 수 있습니다.","shops/other/daejeon/dong-gu/삼성동/24시미녀테라피/index.html || 동구 삼성동 기준으로 24시미녀테라피 운영 정보를 정리했습니다. 60분·90분 이용시간과 70,000원부터 확인되는 가격 정보를 함께 확인하며 코스·가격·영업시간과 전화 또는 문자 문의 방법을 확인할 수 있습니다.",""
"DESCRIPTION_TEMPLATE","1028","업체상세","2","loc loc x 기준 x 의 코스와 이용 정보를 확인할 수 있습니다 n n 부터 시작하는 가격과 n n 코스 정보를 바탕으로 코스별 이용시간과 가격 운영시간 및 연락 방법을 비교할 수 있습니다","shops/gyeonggi/ansan/danwon-gu/선부동/한국미인테라피/index.html || 안산시-단원구 선부동 기준 한국미인테라피의 코스와 이용 정보를 확인할 수 있습니다. 100,000원부터 시작하는 가격과 60분·90분 코스 정보를 바탕으로 코스별 이용시간과 가격, 운영시간 및 연락 방법을 비교할 수 있습니다.","shops/gyeonggi/ansan/danwon-gu/선부동/love테라피/index.html || 안산시-단원구 선부동 기준 love테라피의 코스와 이용 정보를 확인할 수 있습니다. 70,000원부터 시작하는 가격과 60분·90분 코스 정보를 바탕으로 코스별 이용시간과 가격, 운영시간 및 연락 방법을 비교할 수 있습니다.",""
"DESCRIPTION_TEMPLATE","1029","업체상세","2","x 의 loc loc x 운영 정보와 문의 방법을 정리했습니다 n n 코스와 n n 부터 확인되는 가격 정보를 포함해 코스와 가격 영업시간 전화 문자 문의 방법을 함께 확인할 수 있습니다","shops/gyeonggi/ansan/danwon-gu/백운동/love테라피/index.html || love테라피의 안산시-단원구 백운동 운영 정보와 문의 방법을 정리했습니다. 60분·90분 코스와 70,000원부터 확인되는 가격 정보를 포함해 코스와 가격, 영업시간, 전화·문자 문의 방법을 함께 확인할 수 있습니다.","shops/gyeonggi/anyang/manan-gu/석수동/love테라피/index.html || love테라피의 안양시-만안구 석수동 운영 정보와 문의 방법을 정리했습니다. 60분·90분 코스와 70,000원부터 확인되는 가격 정보를 포함해 코스와 가격, 영업시간, 전화·문자 문의 방법을 함께 확인할 수 있습니다.",""
"DESCRIPTION_TEMPLATE","1030","업체상세","2","x 이용을 검토할 때 참고할 loc loc x 상세 정보입니다 n n 코스 구성과 n n 부터 확인되는 가격대를 확인한 뒤 코스와 가격 영업시간 전화 문자 문의 방법을 함께 확인할 수 있습니다","shops/gyeonggi/ansan/danwon-gu/신길동/너무이쁜테라피/index.html || 너무이쁜테라피 이용을 검토할 때 참고할 안산시-단원구 신길동 상세 정보입니다. 60분·90분 코스 구성과 60,000원부터 확인되는 가격대를 확인한 뒤 코스와 가격, 영업시간, 전화·문자 문의 방법을 함께 확인할 수 있습니다.","shops/gyeonggi/anyang/dongan-gu/관양동/love테라피/index.html || love테라피 이용을 검토할 때 참고할 안양시-동안구 관양동 상세 정보입니다. 60분·90분 코스 구성과 70,000원부터 확인되는 가격대를 확인한 뒤 코스와 가격, 영업시간, 전화·문자 문의 방법을 함께 확인할 수 있습니다.",""
"DESCRIPTION_TEMPLATE","1031","업체상세","2","x 관련 loc loc x 정보를 확인할 수 있습니다 n n 시간 구성과 n n 부터 시작하는 가격을 확인하면서 코스와 가격 영업시간 전화 문자 문의 방법을 함께 확인할 수 있습니다","shops/gyeonggi/ansan/danwon-gu/선부동/프리미엄테라피/index.html || 프리미엄테라피 관련 안산시-단원구 선부동 정보를 확인할 수 있습니다. 60분·90분 시간 구성과 60,000원부터 시작하는 가격을 확인하면서 코스와 가격, 영업시간, 전화·문자 문의 방법을 함께 확인할 수 있습니다.","shops/gyeonggi/yongin/suji-gu/죽전동/한국미인테라피/index.html || 한국미인테라피 관련 용인시-수지구 죽전동 정보를 확인할 수 있습니다. 60분·90분 시간 구성과 100,000원부터 시작하는 가격을 확인하면서 코스와 가격, 영업시간, 전화·문자 문의 방법을 함께 확인할 수 있습니다.",""
"DESCRIPTION_TEMPLATE","1032","업체상세","2","x 의 loc x 이용 안내입니다 n n 시간 구성과 n n 부터 시작하는 가격을 확인하면서 운영시간과 코스 구성 가격 연락 방법을 한 페이지에서 확인할 수 있습니다","shops/gyeonggi/anseong/삼죽면/너무이쁜테라피/index.html || 너무이쁜테라피의 안성시 삼죽면 이용 안내입니다. 60분·90분 시간 구성과 60,000원부터 시작하는 가격을 확인하면서 운영시간과 코스 구성, 가격, 연락 방법을 한 페이지에서 확인할 수 있습니다.","shops/incheon/yeongjong-gu/운서동/프리미엄테라피/index.html || 프리미엄테라피의 영종구 운서동 이용 안내입니다. 60분·90분 시간 구성과 60,000원부터 시작하는 가격을 확인하면서 운영시간과 코스 구성, 가격, 연락 방법을 한 페이지에서 확인할 수 있습니다.",""
"DESCRIPTION_TEMPLATE","1033","업체상세","2","x 이용을 검토할 때 참고할 loc x 상세 정보입니다 n n 시간 구성과 n n 부터 시작하는 가격을 확인하면서 이용 전 필요한 코스 가격 운영시간과 연락 정보를 한 번에 살펴볼 수 있습니다","shops/gyeonggi/anseong/미양면/love테라피/index.html || love테라피 이용을 검토할 때 참고할 안성시 미양면 상세 정보입니다. 60분·90분 시간 구성과 70,000원부터 시작하는 가격을 확인하면서 이용 전 필요한 코스·가격·운영시간과 연락 정보를 한 번에 살펴볼 수 있습니다.","shops/gyeonggi/yeoju/금사면/너무이쁜테라피/index.html || 너무이쁜테라피 이용을 검토할 때 참고할 여주시 금사면 상세 정보입니다. 60분·90분 시간 구성과 60,000원부터 시작하는 가격을 확인하면서 이용 전 필요한 코스·가격·운영시간과 연락 정보를 한 번에 살펴볼 수 있습니다.",""
"DESCRIPTION_TEMPLATE","1034","업체상세","2","loc x 기준 x 의 코스와 이용 정보를 확인할 수 있습니다 n n 코스와 n n 부터 이용 전 필요한 코스 가격 운영시간과 연락 정보를 한 번에 살펴볼 수 있습니다","shops/gyeonggi/anseong/양성면/너무이쁜테라피/index.html || 안성시 양성면 기준 너무이쁜테라피의 코스와 이용 정보를 확인할 수 있습니다. 60분·90분 코스와 60,000원부터 이용 전 필요한 코스·가격·운영시간과 연락 정보를 한 번에 살펴볼 수 있습니다.","shops/gyeonggi/pyeongtaek/현덕면/love테라피/index.html || 평택시 현덕면 기준 love테라피의 코스와 이용 정보를 확인할 수 있습니다. 60분·90분 코스와 70,000원부터 이용 전 필요한 코스·가격·운영시간과 연락 정보를 한 번에 살펴볼 수 있습니다.",""
"DESCRIPTION_TEMPLATE","1035","업체상세","2","x 이용 전 살펴볼 loc x 지역 정보를 한곳에 모았습니다 n n 코스와 n n 부터 확인되는 가격 정보를 포함해 가격과 코스 구성 영업시간 및 연락 수단을 비교해 이용 전 참고할 수 있습니다","shops/gyeonggi/anseong/서운면/한국미인테라피/index.html || 한국미인테라피 이용 전 살펴볼 안성시 서운면 지역 정보를 한곳에 모았습니다. 60분·90분 코스와 100,000원부터 확인되는 가격 정보를 포함해 가격과 코스 구성, 영업시간 및 연락 수단을 비교해 이용 전 참고할 수 있습니다.","shops/gyeonggi/paju/장단면/한국미인테라피/index.html || 한국미인테라피 이용 전 살펴볼 파주시 장단면 지역 정보를 한곳에 모았습니다. 60분·90분 코스와 100,000원부터 확인되는 가격 정보를 포함해 가격과 코스 구성, 영업시간 및 연락 수단을 비교해 이용 전 참고할 수 있습니다.",""
"DESCRIPTION_TEMPLATE","1036","업체상세","2","x 의 코스와 운영 정보를 loc x 기준으로 안내합니다 n n 이용시간과 n n 부터 확인되는 가격 정보를 함께 확인하며 코스와 가격 영업시간 전화 문자 문의 방법을 함께 확인할 수 있습니다","shops/gyeonggi/anseong/대덕면/프리미엄테라피/index.html || 프리미엄테라피의 코스와 운영 정보를 안성시 대덕면 기준으로 안내합니다. 60분·90분 이용시간과 60,000원부터 확인되는 가격 정보를 함께 확인하며 코스와 가격, 영업시간, 전화·문자 문의 방법을 함께 확인할 수 있습니다.","shops/incheon/yeongjong-gu/영종동/너무이쁜테라피/index.html || 너무이쁜테라피의 코스와 운영 정보를 영종구 영종동 기준으로 안내합니다. 60분·90분 이용시간과 60,000원부터 확인되는 가격 정보를 함께 확인하며 코스와 가격, 영업시간, 전화·문자 문의 방법을 함께 확인할 수 있습니다.",""
"DESCRIPTION_TEMPLATE","1037","업체상세","2","loc loc x 지역의 x 이용 정보를 정리했습니다 n n 부터 확인되는 가격과 n n 코스 정보를 참고해 이용 전 필요한 코스 가격 운영시간과 연락 정보를 한 번에 살펴볼 수 있습니다","shops/gyeonggi/ansan/sangnok-gu/해양동/love테라피/index.html || 안산시-상록구 해양동 지역의 love테라피 이용 정보를 정리했습니다. 70,000원부터 확인되는 가격과 60분·90분 코스 정보를 참고해 이용 전 필요한 코스·가격·운영시간과 연락 정보를 한 번에 살펴볼 수 있습니다.","shops/gyeonggi/yongin/suji-gu/죽전동/프리미엄테라피/index.html || 용인시-수지구 죽전동 지역의 프리미엄테라피 이용 정보를 정리했습니다. 60,000원부터 확인되는 가격과 60분·90분 코스 정보를 참고해 이용 전 필요한 코스·가격·운영시간과 연락 정보를 한 번에 살펴볼 수 있습니다.",""
"DESCRIPTION_TEMPLATE","1038","업체상세","2","x 의 loc loc x 이용 안내입니다 n n 부터 확인되는 가격 정보와 n n 코스 시간을 함께 살펴보고 이용 전 필요한 코스 가격 운영시간과 연락 정보를 한 번에 살펴볼 수 있습니다","shops/gyeonggi/ansan/sangnok-gu/본오동/프리미엄테라피/index.html || 프리미엄테라피의 안산시-상록구 본오동 이용 안내입니다. 60,000원부터 확인되는 가격 정보와 60분·90분 코스 시간을 함께 살펴보고 이용 전 필요한 코스·가격·운영시간과 연락 정보를 한 번에 살펴볼 수 있습니다.","shops/gyeonggi/anyang/manan-gu/박달동/너무이쁜테라피/index.html || 너무이쁜테라피의 안양시-만안구 박달동 이용 안내입니다. 60,000원부터 확인되는 가격 정보와 60분·90분 코스 시간을 함께 살펴보고 이용 전 필요한 코스·가격·운영시간과 연락 정보를 한 번에 살펴볼 수 있습니다.",""
"DESCRIPTION_TEMPLATE","1039","업체상세","2","loc x 에서 이용 가능한 x 정보를 보기 쉽게 정리했습니다 n n 코스와 n n 부터 가격과 코스 구성 영업시간 및 연락 수단을 비교해 이용 전 참고할 수 있습니다","shops/gyeonggi/anseong/대덕면/너무이쁜테라피/index.html || 안성시 대덕면에서 이용 가능한 너무이쁜테라피 정보를 보기 쉽게 정리했습니다. 60분·90분 코스와 60,000원부터 가격과 코스 구성, 영업시간 및 연락 수단을 비교해 이용 전 참고할 수 있습니다.","shops/gyeonggi/uijeongbu/장암동/한국미인테라피/index.html || 의정부시 장암동에서 이용 가능한 한국미인테라피 정보를 보기 쉽게 정리했습니다. 60분·90분 코스와 100,000원부터 가격과 코스 구성, 영업시간 및 연락 수단을 비교해 이용 전 참고할 수 있습니다.",""
"DESCRIPTION_TEMPLATE","1040","업체상세","2","x 이용을 검토할 때 참고할 loc x 상세 정보입니다 n n 시간 구성과 n n 부터 시작하는 가격을 확인하면서 이용 가능한 코스와 가격 영업시간 전화 문자 문의 정보를 확인할 수 있습니다","shops/gyeonggi/anseong/공도읍/프리미엄테라피/index.html || 프리미엄테라피 이용을 검토할 때 참고할 안성시 공도읍 상세 정보입니다. 60분·90분 시간 구성과 60,000원부터 시작하는 가격을 확인하면서 이용 가능한 코스와 가격, 영업시간, 전화·문자 문의 정보를 확인할 수 있습니다.","shops/other/changwon/jinhae-gu/충무동/경남테라피/index.html || 경남테라피 이용을 검토할 때 참고할 진해구 충무동 상세 정보입니다. 60분·90분 시간 구성과 60,000원부터 시작하는 가격을 확인하면서 이용 가능한 코스와 가격, 영업시간, 전화·문자 문의 정보를 확인할 수 있습니다.",""
"DESCRIPTION_TEMPLATE","1041","업체상세","2","x 이용 전 살펴볼 loc loc x 지역 정보를 한곳에 모았습니다 n n 코스와 n n 부터 이용 가능한 코스와 가격 영업시간 전화 문자 문의 정보를 확인할 수 있습니다","shops/gyeonggi/ansan/danwon-gu/백운동/너무이쁜테라피/index.html || 너무이쁜테라피 이용 전 살펴볼 안산시-단원구 백운동 지역 정보를 한곳에 모았습니다. 60분·90분 코스와 60,000원부터 이용 가능한 코스와 가격, 영업시간, 전화·문자 문의 정보를 확인할 수 있습니다.","shops/gyeonggi/anyang/dongan-gu/평안동/프리미엄테라피/index.html || 프리미엄테라피 이용 전 살펴볼 안양시-동안구 평안동 지역 정보를 한곳에 모았습니다. 60분·90분 코스와 60,000원부터 이용 가능한 코스와 가격, 영업시간, 전화·문자 문의 정보를 확인할 수 있습니다.",""
"DESCRIPTION_TEMPLATE","1042","업체상세","2","x 의 loc loc x 이용 안내입니다 n n 코스 구성과 n n 부터 확인되는 가격대를 확인한 뒤 코스 구성과 가격 운영시간 연락 방법을 한곳에서 확인할 수 있습니다","shops/gyeonggi/suwon/jangan-gu/영화동/love테라피/index.html || love테라피의 수원시-장안구 영화동 이용 안내입니다. 60분·90분 코스 구성과 70,000원부터 확인되는 가격대를 확인한 뒤 코스 구성과 가격, 운영시간, 연락 방법을 한곳에서 확인할 수 있습니다.","shops/gyeonggi/suwon/paldal-gu/화서동/프리미엄테라피/index.html || 프리미엄테라피의 수원시-팔달구 화서동 이용 안내입니다. 60분·90분 코스 구성과 60,000원부터 확인되는 가격대를 확인한 뒤 코스 구성과 가격, 운영시간, 연락 방법을 한곳에서 확인할 수 있습니다.",""
"DESCRIPTION_TEMPLATE","1043","업체상세","2","x 의 loc loc x 운영 정보와 문의 방법을 정리했습니다 n n 부터 확인되는 가격 정보와 n n 코스 시간을 함께 살펴보고 운영시간과 코스 구성 가격 연락 방법을 한 페이지에서 확인할 수 있습니다","shops/gyeonggi/suwon/jangan-gu/영화동/한국미인테라피/index.html || 한국미인테라피의 수원시-장안구 영화동 운영 정보와 문의 방법을 정리했습니다. 100,000원부터 확인되는 가격 정보와 60분·90분 코스 시간을 함께 살펴보고 운영시간과 코스 구성, 가격, 연락 방법을 한 페이지에서 확인할 수 있습니다.","shops/gyeonggi/ansan/danwon-gu/신길동/프리미엄테라피/index.html || 프리미엄테라피의 안산시-단원구 신길동 운영 정보와 문의 방법을 정리했습니다. 60,000원부터 확인되는 가격 정보와 60분·90분 코스 시간을 함께 살펴보고 운영시간과 코스 구성, 가격, 연락 방법을 한 페이지에서 확인할 수 있습니다.",""
"DESCRIPTION_TEMPLATE","1044","업체상세","2","loc loc x 지역의 x 이용 정보를 정리했습니다 n n 시간 구성과 n n 부터 시작하는 가격을 확인하면서 코스 가격 영업시간과 전화 또는 문자 문의 방법을 확인할 수 있습니다","shops/gyeonggi/suwon/jangan-gu/조원동/프리미엄테라피/index.html || 수원시-장안구 조원동 지역의 프리미엄테라피 이용 정보를 정리했습니다. 60분·90분 시간 구성과 60,000원부터 시작하는 가격을 확인하면서 코스·가격·영업시간과 전화 또는 문자 문의 방법을 확인할 수 있습니다.","shops/gyeonggi/yongin/giheung-gu/보정동/너무이쁜테라피/index.html || 용인시-기흥구 보정동 지역의 너무이쁜테라피 이용 정보를 정리했습니다. 60분·90분 시간 구성과 60,000원부터 시작하는 가격을 확인하면서 코스·가격·영업시간과 전화 또는 문자 문의 방법을 확인할 수 있습니다.",""
"DESCRIPTION_TEMPLATE","1045","업체상세","2","x 관련 loc loc x 정보를 확인할 수 있습니다 n n 부터 확인되는 가격과 n n 코스 정보를 참고해 영업시간과 코스별 가격을 확인하고 전화나 문자로 세부 내용을 문의할 수 있습니다","shops/gyeonggi/suwon/jangan-gu/율천동/너무이쁜테라피/index.html || 너무이쁜테라피 관련 수원시-장안구 율천동 정보를 확인할 수 있습니다. 60,000원부터 확인되는 가격과 60분·90분 코스 정보를 참고해 영업시간과 코스별 가격을 확인하고 전화나 문자로 세부 내용을 문의할 수 있습니다.","shops/gyeonggi/suwon/paldal-gu/고등동/love테라피/index.html || love테라피 관련 수원시-팔달구 고등동 정보를 확인할 수 있습니다. 70,000원부터 확인되는 가격과 60분·90분 코스 정보를 참고해 영업시간과 코스별 가격을 확인하고 전화나 문자로 세부 내용을 문의할 수 있습니다.",""
"DESCRIPTION_TEMPLATE","1046","업체상세","2","x 의 loc loc x 이용 안내입니다 n n 부터 확인되는 가격 정보와 n n 코스 시간을 함께 살펴보고 코스별 이용시간과 가격 운영시간 및 연락 방법을 비교할 수 있습니다","shops/gyeonggi/suwon/jangan-gu/연무동/프리미엄테라피/index.html || 프리미엄테라피의 수원시-장안구 연무동 이용 안내입니다. 60,000원부터 확인되는 가격 정보와 60분·90분 코스 시간을 함께 살펴보고 코스별 이용시간과 가격, 운영시간 및 연락 방법을 비교할 수 있습니다.","shops/gyeonggi/suwon/paldal-gu/우만동/한국미인테라피/index.html || 한국미인테라피의 수원시-팔달구 우만동 이용 안내입니다. 100,000원부터 확인되는 가격 정보와 60분·90분 코스 시간을 함께 살펴보고 코스별 이용시간과 가격, 운영시간 및 연락 방법을 비교할 수 있습니다.",""
"DESCRIPTION_TEMPLATE","1047","업체상세","2","x 의 loc loc x 운영 정보와 문의 방법을 정리했습니다 n n 부터 시작하는 가격과 n n 코스 정보를 바탕으로 운영시간과 코스 구성 가격 연락 방법을 한 페이지에서 확인할 수 있습니다","shops/gyeonggi/suwon/yeongtong-gu/매탄동/너무이쁜테라피/index.html || 너무이쁜테라피의 수원시-영통구 매탄동 운영 정보와 문의 방법을 정리했습니다. 60,000원부터 시작하는 가격과 60분·90분 코스 정보를 바탕으로 운영시간과 코스 구성, 가격, 연락 방법을 한 페이지에서 확인할 수 있습니다.","shops/gyeonggi/suwon/paldal-gu/화서동/love테라피/index.html || love테라피의 수원시-팔달구 화서동 운영 정보와 문의 방법을 정리했습니다. 70,000원부터 시작하는 가격과 60분·90분 코스 정보를 바탕으로 운영시간과 코스 구성, 가격, 연락 방법을 한 페이지에서 확인할 수 있습니다.",""
"DESCRIPTION_TEMPLATE","1048","업체상세","2","loc loc x 기준으로 x 운영 정보를 정리했습니다 n n 코스 구성과 n n 부터 확인되는 가격대를 확인한 뒤 코스와 가격 영업시간 전화 문자 문의 방법을 함께 확인할 수 있습니다","shops/gyeonggi/suwon/yeongtong-gu/매탄동/한국미인테라피/index.html || 수원시-영통구 매탄동 기준으로 한국미인테라피 운영 정보를 정리했습니다. 60분·90분 코스 구성과 100,000원부터 확인되는 가격대를 확인한 뒤 코스와 가격, 영업시간, 전화·문자 문의 방법을 함께 확인할 수 있습니다.","shops/gyeonggi/hwaseong/byeongjeom-gu/반월동/love테라피/index.html || 화성시-병점구 반월동 기준으로 love테라피 운영 정보를 정리했습니다. 60분·90분 코스 구성과 70,000원부터 확인되는 가격대를 확인한 뒤 코스와 가격, 영업시간, 전화·문자 문의 방법을 함께 확인할 수 있습니다.",""
"DESCRIPTION_TEMPLATE","1049","업체상세","2","x 의 loc loc x 운영 정보와 문의 방법을 정리했습니다 n n 시간 구성과 n n 부터 시작하는 가격을 확인하면서 가격과 이용시간 연락 방법을 확인해 필요한 내용을 loc 비교할 수 있습니다","shops/gyeonggi/suwon/yeongtong-gu/원천동/프리미엄테라피/index.html || 프리미엄테라피의 수원시-영통구 원천동 운영 정보와 문의 방법을 정리했습니다. 60분·90분 시간 구성과 60,000원부터 시작하는 가격을 확인하면서 가격과 이용시간, 연락 방법을 확인해 필요한 내용을 미리 비교할 수 있습니다.","shops/gyeonggi/suwon/paldal-gu/매교동/너무이쁜테라피/index.html || 너무이쁜테라피의 수원시-팔달구 매교동 운영 정보와 문의 방법을 정리했습니다. 60분·90분 시간 구성과 60,000원부터 시작하는 가격을 확인하면서 가격과 이용시간, 연락 방법을 확인해 필요한 내용을 미리 비교할 수 있습니다.",""
"DESCRIPTION_TEMPLATE","1050","업체상세","2","loc loc x 기준으로 x 운영 정보를 정리했습니다 n n 부터 확인되는 가격 정보와 n n 코스 시간을 함께 살펴보고 이용 전 필요한 코스 가격 운영시간과 연락 정보를 한 번에 살펴볼 수 있습니다","shops/gyeonggi/suwon/yeongtong-gu/영통동/한국미인테라피/index.html || 수원시-영통구 영통동 기준으로 한국미인테라피 운영 정보를 정리했습니다. 100,000원부터 확인되는 가격 정보와 60분·90분 코스 시간을 함께 살펴보고 이용 전 필요한 코스·가격·운영시간과 연락 정보를 한 번에 살펴볼 수 있습니다.","shops/gyeonggi/hwaseong/manse-gu/송산면/한국미인테라피/index.html || 화성시-만세구 송산면 기준으로 한국미인테라피 운영 정보를 정리했습니다. 100,000원부터 확인되는 가격 정보와 60분·90분 코스 시간을 함께 살펴보고 이용 전 필요한 코스·가격·운영시간과 연락 정보를 한 번에 살펴볼 수 있습니다.",""
"DESCRIPTION_TEMPLATE","1051","업체상세","2","x 의 코스와 운영 정보를 loc x 기준으로 안내합니다 n n 부터 확인되는 가격 정보와 n n 코스 시간을 함께 살펴보고 코스 가격 영업시간과 전화 또는 문자 문의 방법을 확인할 수 있습니다","shops/gyeonggi/siheung/월곶동/프리미엄테라피/index.html || 프리미엄테라피의 코스와 운영 정보를 시흥시 월곶동 기준으로 안내합니다. 60,000원부터 확인되는 가격 정보와 60분·90분 코스 시간을 함께 살펴보고 코스·가격·영업시간과 전화 또는 문자 문의 방법을 확인할 수 있습니다.","shops/gyeonggi/yeoju/오학동/프리미엄테라피/index.html || 프리미엄테라피의 코스와 운영 정보를 여주시 오학동 기준으로 안내합니다. 60,000원부터 확인되는 가격 정보와 60분·90분 코스 시간을 함께 살펴보고 코스·가격·영업시간과 전화 또는 문자 문의 방법을 확인할 수 있습니다.",""
"DESCRIPTION_TEMPLATE","1052","업체상세","2","x 의 코스와 운영 정보를 loc x 기준으로 안내합니다 n n 이용시간과 n n 부터 확인되는 가격 정보를 함께 확인하며 영업시간과 코스별 가격을 확인하고 전화나 문자로 세부 내용을 문의할 수 있습니다","shops/seoul/dongjak-gu/흑석동/한국미인테라피/index.html || 한국미인테라피의 코스와 운영 정보를 동작구 흑석동 기준으로 안내합니다. 60분·90분 이용시간과 100,000원부터 확인되는 가격 정보를 함께 확인하며 영업시간과 코스별 가격을 확인하고 전화나 문자로 세부 내용을 문의할 수 있습니다.","shops/incheon/ongjin-gun/영흥면/love테라피/index.html || love테라피의 코스와 운영 정보를 옹진군 영흥면 기준으로 안내합니다. 60분·90분 이용시간과 70,000원부터 확인되는 가격 정보를 함께 확인하며 영업시간과 코스별 가격을 확인하고 전화나 문자로 세부 내용을 문의할 수 있습니다.",""
"DESCRIPTION_TEMPLATE","1053","업체상세","2","x 의 코스와 운영 정보를 loc x 기준으로 안내합니다 n n 시간 구성과 n n 부터 시작하는 가격을 확인하면서 가격과 이용시간 연락 방법을 확인해 필요한 내용을 loc 비교할 수 있습니다","shops/gyeonggi/siheung/정왕동/한국미인테라피/index.html || 한국미인테라피의 코스와 운영 정보를 시흥시 정왕동 기준으로 안내합니다. 60분·90분 시간 구성과 100,000원부터 시작하는 가격을 확인하면서 가격과 이용시간, 연락 방법을 확인해 필요한 내용을 미리 비교할 수 있습니다.","shops/incheon/bupyeong-gu/부평동/한국미인테라피/index.html || 한국미인테라피의 코스와 운영 정보를 부평구 부평동 기준으로 안내합니다. 60분·90분 시간 구성과 100,000원부터 시작하는 가격을 확인하면서 가격과 이용시간, 연락 방법을 확인해 필요한 내용을 미리 비교할 수 있습니다.",""
"DESCRIPTION_TEMPLATE","1054","업체상세","2","x 이용을 검토할 때 참고할 loc x 상세 정보입니다 n n 코스 구성과 n n 부터 확인되는 가격대를 확인한 뒤 코스별 이용시간과 가격 운영시간 및 연락 방법을 비교할 수 있습니다","shops/seoul/dongjak-gu/상도동/너무이쁜테라피/index.html || 너무이쁜테라피 이용을 검토할 때 참고할 동작구 상도동 상세 정보입니다. 60분·90분 코스 구성과 60,000원부터 확인되는 가격대를 확인한 뒤 코스별 이용시간과 가격, 운영시간 및 연락 방법을 비교할 수 있습니다.","shops/seoul/seocho-gu/내곡동/한국미인테라피/index.html || 한국미인테라피 이용을 검토할 때 참고할 서초구 내곡동 상세 정보입니다. 60분·90분 코스 구성과 100,000원부터 확인되는 가격대를 확인한 뒤 코스별 이용시간과 가격, 운영시간 및 연락 방법을 비교할 수 있습니다.",""
"DESCRIPTION_TEMPLATE","1055","업체상세","2","loc x 기준 x 의 코스와 이용 정보를 확인할 수 있습니다 n n 시간 구성과 n n 부터 시작하는 가격을 확인하면서 코스 가격 영업시간과 전화 또는 문자 문의 방법을 확인할 수 있습니다","shops/gyeonggi/siheung/매화동/love테라피/index.html || 시흥시 매화동 기준 love테라피의 코스와 이용 정보를 확인할 수 있습니다. 60분·90분 시간 구성과 70,000원부터 시작하는 가격을 확인하면서 코스·가격·영업시간과 전화 또는 문자 문의 방법을 확인할 수 있습니다.","shops/other/daegu/jung-gu/대봉동/대구테라피/index.html || 중구 대봉동 기준 대구테라피의 코스와 이용 정보를 확인할 수 있습니다. 60분·90분 시간 구성과 80,000원부터 시작하는 가격을 확인하면서 코스·가격·영업시간과 전화 또는 문자 문의 방법을 확인할 수 있습니다.",""
"DESCRIPTION_TEMPLATE","1056","업체상세","2","loc loc x 에서 이용 가능한 x 정보를 보기 쉽게 정리했습니다 n n 부터 확인되는 가격과 n n 코스 정보를 참고해 가격과 코스 구성 영업시간 및 연락 수단을 비교해 이용 전 참고할 수 있습니다","shops/gyeonggi/suwon/paldal-gu/인계동/너무이쁜테라피/index.html || 수원시-팔달구 인계동에서 이용 가능한 너무이쁜테라피 정보를 보기 쉽게 정리했습니다. 60,000원부터 확인되는 가격과 60분·90분 코스 정보를 참고해 가격과 코스 구성, 영업시간 및 연락 수단을 비교해 이용 전 참고할 수 있습니다.","shops/gyeonggi/ansan/sangnok-gu/안산동/한국미인테라피/index.html || 안산시-상록구 안산동에서 이용 가능한 한국미인테라피 정보를 보기 쉽게 정리했습니다. 100,000원부터 확인되는 가격과 60분·90분 코스 정보를 참고해 가격과 코스 구성, 영업시간 및 연락 수단을 비교해 이용 전 참고할 수 있습니다.",""
"DESCRIPTION_TEMPLATE","1057","업체상세","2","loc loc x 기준 x 의 코스와 이용 정보를 확인할 수 있습니다 n n 부터 시작하는 가격과 n n 코스 정보를 바탕으로 가격 코스 구성 영업시간과 문의 수단을 순서대로 확인할 수 있습니다","shops/gyeonggi/suwon/paldal-gu/매교동/한국미인테라피/index.html || 수원시-팔달구 매교동 기준 한국미인테라피의 코스와 이용 정보를 확인할 수 있습니다. 100,000원부터 시작하는 가격과 60분·90분 코스 정보를 바탕으로 가격, 코스 구성, 영업시간과 문의 수단을 순서대로 확인할 수 있습니다.","shops/gyeonggi/hwaseong/manse-gu/향남읍/한국미인테라피/index.html || 화성시-만세구 향남읍 기준 한국미인테라피의 코스와 이용 정보를 확인할 수 있습니다. 100,000원부터 시작하는 가격과 60분·90분 코스 정보를 바탕으로 가격, 코스 구성, 영업시간과 문의 수단을 순서대로 확인할 수 있습니다.",""
"DESCRIPTION_TEMPLATE","1058","업체상세","2","x 관련 loc x 정보를 확인할 수 있습니다 n n 시간 구성과 n n 부터 시작하는 가격을 확인하면서 코스 구성과 가격 운영시간 연락 방법을 한곳에서 확인할 수 있습니다","shops/seoul/dongjak-gu/흑석동/프리미엄테라피/index.html || 프리미엄테라피 관련 동작구 흑석동 정보를 확인할 수 있습니다. 60분·90분 시간 구성과 60,000원부터 시작하는 가격을 확인하면서 코스 구성과 가격, 운영시간, 연락 방법을 한곳에서 확인할 수 있습니다.","shops/seoul/mapo-gu/망원동/한국미인테라피/index.html || 한국미인테라피 관련 마포구 망원동 정보를 확인할 수 있습니다. 60분·90분 시간 구성과 100,000원부터 시작하는 가격을 확인하면서 코스 구성과 가격, 운영시간, 연락 방법을 한곳에서 확인할 수 있습니다.",""
"DESCRIPTION_TEMPLATE","1059","업체상세","2","x 의 loc loc x 운영 정보와 문의 방법을 정리했습니다 n n 부터 확인되는 가격과 n n 코스 정보를 참고해 이용 전 필요한 코스 가격 운영시간과 연락 정보를 한 번에 살펴볼 수 있습니다","shops/gyeonggi/suwon/paldal-gu/인계동/love테라피/index.html || love테라피의 수원시-팔달구 인계동 운영 정보와 문의 방법을 정리했습니다. 70,000원부터 확인되는 가격과 60분·90분 코스 정보를 참고해 이용 전 필요한 코스·가격·운영시간과 연락 정보를 한 번에 살펴볼 수 있습니다.","shops/gyeonggi/anyang/manan-gu/병목안동/너무이쁜테라피/index.html || 너무이쁜테라피의 안양시-만안구 병목안동 운영 정보와 문의 방법을 정리했습니다. 60,000원부터 확인되는 가격과 60분·90분 코스 정보를 참고해 이용 전 필요한 코스·가격·운영시간과 연락 정보를 한 번에 살펴볼 수 있습니다.",""
"DESCRIPTION_TEMPLATE","1060","업체상세","2","loc x 에서 이용 가능한 x 정보를 보기 쉽게 정리했습니다 n n 부터 시작하는 가격과 n n 코스 정보를 바탕으로 코스 구성과 가격 운영시간 연락 방법을 한곳에서 확인할 수 있습니다","shops/gyeonggi/yeoju/흥천면/love테라피/index.html || 여주시 흥천면에서 이용 가능한 love테라피 정보를 보기 쉽게 정리했습니다. 70,000원부터 시작하는 가격과 60분·90분 코스 정보를 바탕으로 코스 구성과 가격, 운영시간, 연락 방법을 한곳에서 확인할 수 있습니다.","shops/other/changwon/masanhappo-gu/월영동/경남테라피/index.html || 마산합포구 월영동에서 이용 가능한 경남테라피 정보를 보기 쉽게 정리했습니다. 60,000원부터 시작하는 가격과 60분·90분 코스 정보를 바탕으로 코스 구성과 가격, 운영시간, 연락 방법을 한곳에서 확인할 수 있습니다.",""
"DESCRIPTION_TEMPLATE","1061","업체상세","2","x 의 loc x 운영 정보와 문의 방법을 정리했습니다 n n 시간 구성과 n n 부터 시작하는 가격을 확인하면서 이용 가능한 코스와 가격 영업시간 전화 문자 문의 정보를 확인할 수 있습니다","shops/gyeonggi/yeoju/중앙동/너무이쁜테라피/index.html || 너무이쁜테라피의 여주시 중앙동 운영 정보와 문의 방법을 정리했습니다. 60분·90분 시간 구성과 60,000원부터 시작하는 가격을 확인하면서 이용 가능한 코스와 가격, 영업시간, 전화·문자 문의 정보를 확인할 수 있습니다.","shops/other/daegu/dalseo-gu/성당동/대구테라피/index.html || 대구테라피의 달서구 성당동 운영 정보와 문의 방법을 정리했습니다. 60분·90분 시간 구성과 80,000원부터 시작하는 가격을 확인하면서 이용 가능한 코스와 가격, 영업시간, 전화·문자 문의 정보를 확인할 수 있습니다.",""
"DESCRIPTION_TEMPLATE","1062","업체상세","2","x 의 loc x 이용 안내입니다 n n 부터 확인되는 가격 정보와 n n 코스 시간을 함께 살펴보고 코스와 가격 영업시간 전화 문자 문의 방법을 함께 확인할 수 있습니다","shops/seoul/dongdaemun-gu/신설동/love테라피/index.html || love테라피의 동대문구 신설동 이용 안내입니다. 70,000원부터 확인되는 가격 정보와 60분·90분 코스 시간을 함께 살펴보고 코스와 가격, 영업시간, 전화·문자 문의 방법을 함께 확인할 수 있습니다.","shops/gyeonggi/namyangju/금곡동/한국미인테라피/index.html || 한국미인테라피의 남양주시 금곡동 이용 안내입니다. 100,000원부터 확인되는 가격 정보와 60분·90분 코스 시간을 함께 살펴보고 코스와 가격, 영업시간, 전화·문자 문의 방법을 함께 확인할 수 있습니다.",""
"DESCRIPTION_TEMPLATE","1063","업체상세","2","x 의 loc x 이용 안내입니다 n n 코스와 n n 부터 운영시간과 코스 구성 가격 연락 방법을 한 페이지에서 확인할 수 있습니다","shops/gyeonggi/yeoncheon/미산면/한국미인테라피/index.html || 한국미인테라피의 연천군 미산면 이용 안내입니다. 60분·90분 코스와 100,000원부터 운영시간과 코스 구성, 가격, 연락 방법을 한 페이지에서 확인할 수 있습니다.","shops/gyeonggi/icheon/증포동/너무이쁜테라피/index.html || 너무이쁜테라피의 이천시 증포동 이용 안내입니다. 60분·90분 코스와 60,000원부터 운영시간과 코스 구성, 가격, 연락 방법을 한 페이지에서 확인할 수 있습니다.",""
"DESCRIPTION_TEMPLATE","1064","업체상세","2","loc x 에서 이용 가능한 x 정보를 보기 쉽게 정리했습니다 n n 부터 확인되는 가격 정보와 n n 코스 시간을 함께 살펴보고 코스 구성과 가격 운영시간 연락 방법을 한곳에서 확인할 수 있습니다","shops/gyeonggi/yeoju/여흥동/너무이쁜테라피/index.html || 여주시 여흥동에서 이용 가능한 너무이쁜테라피 정보를 보기 쉽게 정리했습니다. 60,000원부터 확인되는 가격 정보와 60분·90분 코스 시간을 함께 살펴보고 코스 구성과 가격, 운영시간, 연락 방법을 한곳에서 확인할 수 있습니다.","shops/other/cheongju/cheongwon-gu/오근장동/레드테라피/index.html || 청원구 오근장동에서 이용 가능한 레드테라피 정보를 보기 쉽게 정리했습니다. 60,000원부터 확인되는 가격 정보와 60분·90분 코스 시간을 함께 살펴보고 코스 구성과 가격, 운영시간, 연락 방법을 한곳에서 확인할 수 있습니다.",""
"DESCRIPTION_TEMPLATE","1065","업체상세","2","loc x 지역의 x 이용 정보를 정리했습니다 n n 부터 확인되는 가격 정보와 n n 코스 시간을 함께 살펴보고 코스와 가격 영업시간 전화 문자 문의 방법을 함께 확인할 수 있습니다","shops/gyeonggi/yangpyeong/청운면/프리미엄테라피/index.html || 양평군 청운면 지역의 프리미엄테라피 이용 정보를 정리했습니다. 60,000원부터 확인되는 가격 정보와 60분·90분 코스 시간을 함께 살펴보고 코스와 가격, 영업시간, 전화·문자 문의 방법을 함께 확인할 수 있습니다.","shops/other/cheongju/heungdeok-gu/강서동/레드테라피/index.html || 흥덕구 강서동 지역의 레드테라피 이용 정보를 정리했습니다. 60,000원부터 확인되는 가격 정보와 60분·90분 코스 시간을 함께 살펴보고 코스와 가격, 영업시간, 전화·문자 문의 방법을 함께 확인할 수 있습니다.",""
"DESCRIPTION_TEMPLATE","1066","업체상세","2","x 의 loc x 이용 안내입니다 n n 코스 구성과 n n 부터 확인되는 가격대를 확인한 뒤 코스 가격 영업시간과 전화 또는 문자 문의 방법을 확인할 수 있습니다","shops/gyeonggi/yangpyeong/옥천면/한국미인테라피/index.html || 한국미인테라피의 양평군 옥천면 이용 안내입니다. 60분·90분 코스 구성과 100,000원부터 확인되는 가격대를 확인한 뒤 코스·가격·영업시간과 전화 또는 문자 문의 방법을 확인할 수 있습니다.","shops/other/daegu/suseong-gu/파동/대구테라피/index.html || 대구테라피의 수성구 파동 이용 안내입니다. 60분·90분 코스 구성과 80,000원부터 확인되는 가격대를 확인한 뒤 코스·가격·영업시간과 전화 또는 문자 문의 방법을 확인할 수 있습니다.",""
"DESCRIPTION_TEMPLATE","1067","업체상세","2","x 이용을 검토할 때 참고할 loc x 상세 정보입니다 n n 코스 구성과 n n 부터 확인되는 가격대를 확인한 뒤 가격 코스 구성 영업시간과 문의 수단을 순서대로 확인할 수 있습니다","shops/gyeonggi/yeoju/북내면/한국미인테라피/index.html || 한국미인테라피 이용을 검토할 때 참고할 여주시 북내면 상세 정보입니다. 60분·90분 코스 구성과 100,000원부터 확인되는 가격대를 확인한 뒤 가격, 코스 구성, 영업시간과 문의 수단을 순서대로 확인할 수 있습니다.","shops/incheon/michuhol-gu/4동/한국미인테라피/index.html || 한국미인테라피 이용을 검토할 때 참고할 미추홀구 4동 상세 정보입니다. 60분·90분 코스 구성과 100,000원부터 확인되는 가격대를 확인한 뒤 가격, 코스 구성, 영업시간과 문의 수단을 순서대로 확인할 수 있습니다.",""
"DESCRIPTION_TEMPLATE","1068","업체상세","2","x 의 loc x 운영 정보와 문의 방법을 정리했습니다 n n 코스 구성과 n n 부터 확인되는 가격대를 확인한 뒤 운영시간과 코스 구성 가격 연락 방법을 한 페이지에서 확인할 수 있습니다","shops/gyeonggi/yeoju/가남읍/프리미엄테라피/index.html || 프리미엄테라피의 여주시 가남읍 운영 정보와 문의 방법을 정리했습니다. 60분·90분 코스 구성과 60,000원부터 확인되는 가격대를 확인한 뒤 운영시간과 코스 구성, 가격, 연락 방법을 한 페이지에서 확인할 수 있습니다.","shops/incheon/ganghwa-gun/선원면/love테라피/index.html || love테라피의 강화군 선원면 운영 정보와 문의 방법을 정리했습니다. 60분·90분 코스 구성과 70,000원부터 확인되는 가격대를 확인한 뒤 운영시간과 코스 구성, 가격, 연락 방법을 한 페이지에서 확인할 수 있습니다.",""
"DESCRIPTION_TEMPLATE","1069","업체상세","2","x 의 loc loc x 이용 안내입니다 n n 시간 구성과 n n 부터 시작하는 가격을 확인하면서 코스 가격 영업시간과 전화 또는 문자 문의 방법을 확인할 수 있습니다","shops/gyeonggi/yongin/giheung-gu/기흥동/너무이쁜테라피/index.html || 너무이쁜테라피의 용인시-기흥구 기흥동 이용 안내입니다. 60분·90분 시간 구성과 60,000원부터 시작하는 가격을 확인하면서 코스·가격·영업시간과 전화 또는 문자 문의 방법을 확인할 수 있습니다.","shops/gyeonggi/yongin/cheoin-gu/남사읍/프리미엄테라피/index.html || 프리미엄테라피의 용인시-처인구 남사읍 이용 안내입니다. 60분·90분 시간 구성과 60,000원부터 시작하는 가격을 확인하면서 코스·가격·영업시간과 전화 또는 문자 문의 방법을 확인할 수 있습니다.",""
"DESCRIPTION_TEMPLATE","1070","업체상세","2","loc x 기준으로 x 운영 정보를 정리했습니다 n n 부터 시작하는 가격과 n n 코스 정보를 바탕으로 가격 코스 구성 영업시간과 문의 수단을 순서대로 확인할 수 있습니다","shops/gyeonggi/osan/초평동/love테라피/index.html || 오산시 초평동 기준으로 love테라피 운영 정보를 정리했습니다. 70,000원부터 시작하는 가격과 60분·90분 코스 정보를 바탕으로 가격, 코스 구성, 영업시간과 문의 수단을 순서대로 확인할 수 있습니다.","shops/incheon/namdong-gu/장수서창동/한국미인테라피/index.html || 남동구 장수서창동 기준으로 한국미인테라피 운영 정보를 정리했습니다. 100,000원부터 시작하는 가격과 60분·90분 코스 정보를 바탕으로 가격, 코스 구성, 영업시간과 문의 수단을 순서대로 확인할 수 있습니다.",""
"DESCRIPTION_TEMPLATE","1071","업체상세","2","loc loc x 에서 x 이용 전 확인할 정보를 모았습니다 n n 이용시간과 n n 부터 확인되는 가격 정보를 함께 확인하며 코스 가격 영업시간과 전화 또는 문자 문의 방법을 확인할 수 있습니다","shops/gyeonggi/yongin/giheung-gu/서농동/한국미인테라피/index.html || 용인시-기흥구 서농동에서 한국미인테라피 이용 전 확인할 정보를 모았습니다. 60분·90분 이용시간과 100,000원부터 확인되는 가격 정보를 함께 확인하며 코스·가격·영업시간과 전화 또는 문자 문의 방법을 확인할 수 있습니다.","shops/gyeonggi/yongin/giheung-gu/신갈동/너무이쁜테라피/index.html || 용인시-기흥구 신갈동에서 너무이쁜테라피 이용 전 확인할 정보를 모았습니다. 60분·90분 이용시간과 60,000원부터 확인되는 가격 정보를 함께 확인하며 코스·가격·영업시간과 전화 또는 문자 문의 방법을 확인할 수 있습니다.",""
"DESCRIPTION_TEMPLATE","1072","업체상세","2","x 이용을 검토할 때 참고할 loc loc x 상세 정보입니다 n n 시간 구성과 n n 부터 시작하는 가격을 확인하면서 코스와 가격 영업시간 전화 문자 문의 방법을 함께 확인할 수 있습니다","shops/gyeonggi/yongin/giheung-gu/동백동/한국미인테라피/index.html || 한국미인테라피 이용을 검토할 때 참고할 용인시-기흥구 동백동 상세 정보입니다. 60분·90분 시간 구성과 100,000원부터 시작하는 가격을 확인하면서 코스와 가격, 영업시간, 전화·문자 문의 방법을 함께 확인할 수 있습니다.","shops/gyeonggi/yongin/cheoin-gu/모현읍/한국미인테라피/index.html || 한국미인테라피 이용을 검토할 때 참고할 용인시-처인구 모현읍 상세 정보입니다. 60분·90분 시간 구성과 100,000원부터 시작하는 가격을 확인하면서 코스와 가격, 영업시간, 전화·문자 문의 방법을 함께 확인할 수 있습니다.",""
"DESCRIPTION_TEMPLATE","1073","업체상세","2","loc x 에서 x 이용 전 확인할 정보를 모았습니다 n n 코스 구성과 n n 부터 확인되는 가격대를 확인한 뒤 이용 가능한 코스와 가격 영업시간 전화 문자 문의 정보를 확인할 수 있습니다","shops/gyeonggi/osan/초평동/너무이쁜테라피/index.html || 오산시 초평동에서 너무이쁜테라피 이용 전 확인할 정보를 모았습니다. 60분·90분 코스 구성과 60,000원부터 확인되는 가격대를 확인한 뒤 이용 가능한 코스와 가격, 영업시간, 전화·문자 문의 정보를 확인할 수 있습니다.","shops/gyeonggi/uijeongbu/신곡동/프리미엄테라피/index.html || 의정부시 신곡동에서 프리미엄테라피 이용 전 확인할 정보를 모았습니다. 60분·90분 코스 구성과 60,000원부터 확인되는 가격대를 확인한 뒤 이용 가능한 코스와 가격, 영업시간, 전화·문자 문의 정보를 확인할 수 있습니다.",""
"DESCRIPTION_TEMPLATE","1074","업체상세","2","loc x 에서 이용 가능한 x 정보를 보기 쉽게 정리했습니다 n n 부터 확인되는 가격과 n n 코스 정보를 참고해 코스와 가격 영업시간 전화 문자 문의 방법을 함께 확인할 수 있습니다","shops/gyeonggi/osan/대원동/love테라피/index.html || 오산시 대원동에서 이용 가능한 love테라피 정보를 보기 쉽게 정리했습니다. 70,000원부터 확인되는 가격과 60분·90분 코스 정보를 참고해 코스와 가격, 영업시간, 전화·문자 문의 방법을 함께 확인할 수 있습니다.","shops/other/daejeon/jung-gu/유천동/S썸바디테라피/index.html || 중구 유천동에서 이용 가능한 S썸바디테라피 정보를 보기 쉽게 정리했습니다. 50,000원부터 확인되는 가격과 60분·90분 코스 정보를 참고해 코스와 가격, 영업시간, 전화·문자 문의 방법을 함께 확인할 수 있습니다.",""
"DESCRIPTION_TEMPLATE","1075","업체상세","2","loc x 지역의 x 이용 정보를 정리했습니다 n n 이용시간과 n n 부터 확인되는 가격 정보를 함께 확인하며 가격과 코스 구성 영업시간 및 연락 수단을 비교해 이용 전 참고할 수 있습니다","shops/gyeonggi/osan/남촌동/love테라피/index.html || 오산시 남촌동 지역의 love테라피 이용 정보를 정리했습니다. 60분·90분 이용시간과 70,000원부터 확인되는 가격 정보를 함께 확인하며 가격과 코스 구성, 영업시간 및 연락 수단을 비교해 이용 전 참고할 수 있습니다.","shops/incheon/ongjin-gun/연평면/love테라피/index.html || 옹진군 연평면 지역의 love테라피 이용 정보를 정리했습니다. 60분·90분 이용시간과 70,000원부터 확인되는 가격 정보를 함께 확인하며 가격과 코스 구성, 영업시간 및 연락 수단을 비교해 이용 전 참고할 수 있습니다.",""
"DESCRIPTION_TEMPLATE","1076","업체상세","2","x 관련 loc x 정보를 확인할 수 있습니다 n n 부터 확인되는 가격 정보와 n n 코스 시간을 함께 살펴보고 코스별 이용시간과 가격 운영시간 및 연락 방법을 비교할 수 있습니다","shops/seoul/dongdaemun-gu/답십리동/love테라피/index.html || love테라피 관련 동대문구 답십리동 정보를 확인할 수 있습니다. 70,000원부터 확인되는 가격 정보와 60분·90분 코스 시간을 함께 살펴보고 코스별 이용시간과 가격, 운영시간 및 연락 방법을 비교할 수 있습니다.","shops/incheon/yeonsu-gu/동춘동/한국미인테라피/index.html || 한국미인테라피 관련 연수구 동춘동 정보를 확인할 수 있습니다. 100,000원부터 확인되는 가격 정보와 60분·90분 코스 시간을 함께 살펴보고 코스별 이용시간과 가격, 운영시간 및 연락 방법을 비교할 수 있습니다.",""
"DESCRIPTION_TEMPLATE","1077","업체상세","2","x 관련 loc x 정보를 확인할 수 있습니다 n n 부터 시작하는 가격과 n n 코스 정보를 바탕으로 이용 전 필요한 코스 가격 운영시간과 연락 정보를 한 번에 살펴볼 수 있습니다","shops/gyeonggi/osan/중앙동/프리미엄테라피/index.html || 프리미엄테라피 관련 오산시 중앙동 정보를 확인할 수 있습니다. 60,000원부터 시작하는 가격과 60분·90분 코스 정보를 바탕으로 이용 전 필요한 코스·가격·운영시간과 연락 정보를 한 번에 살펴볼 수 있습니다.","shops/gyeonggi/uiwang/내손동/love테라피/index.html || love테라피 관련 의왕시 내손동 정보를 확인할 수 있습니다. 70,000원부터 시작하는 가격과 60분·90분 코스 정보를 바탕으로 이용 전 필요한 코스·가격·운영시간과 연락 정보를 한 번에 살펴볼 수 있습니다.",""
"DESCRIPTION_TEMPLATE","1078","업체상세","2","x 이용 전 살펴볼 loc x 지역 정보를 한곳에 모았습니다 n n 이용시간과 n n 부터 확인되는 가격 정보를 함께 확인하며 이용 가능한 코스와 가격 영업시간 전화 문자 문의 정보를 확인할 수 있습니다","shops/gyeonggi/yangpyeong/양평읍/너무이쁜테라피/index.html || 너무이쁜테라피 이용 전 살펴볼 양평군 양평읍 지역 정보를 한곳에 모았습니다. 60분·90분 이용시간과 60,000원부터 확인되는 가격 정보를 함께 확인하며 이용 가능한 코스와 가격, 영업시간, 전화·문자 문의 정보를 확인할 수 있습니다.","shops/gyeonggi/yeoju/금사면/프리미엄테라피/index.html || 프리미엄테라피 이용 전 살펴볼 여주시 금사면 지역 정보를 한곳에 모았습니다. 60분·90분 이용시간과 60,000원부터 확인되는 가격 정보를 함께 확인하며 이용 가능한 코스와 가격, 영업시간, 전화·문자 문의 정보를 확인할 수 있습니다.",""
"DESCRIPTION_TEMPLATE","1079","업체상세","2","x 의 코스와 운영 정보를 loc loc x 기준으로 안내합니다 n n 이용시간과 n n 부터 확인되는 가격 정보를 함께 확인하며 코스별 시간과 가격 운영시간 전화 문자 문의 내용을 살펴볼 수 있습니다","shops/gyeonggi/anyang/dongan-gu/비산동/한국미인테라피/index.html || 한국미인테라피의 코스와 운영 정보를 안양시-동안구 비산동 기준으로 안내합니다. 60분·90분 이용시간과 100,000원부터 확인되는 가격 정보를 함께 확인하며 코스별 시간과 가격, 운영시간, 전화·문자 문의 내용을 살펴볼 수 있습니다.","shops/gyeonggi/hwaseong/hyohaeng-gu/매송면/프리미엄테라피/index.html || 프리미엄테라피의 코스와 운영 정보를 화성시-효행구 매송면 기준으로 안내합니다. 60분·90분 이용시간과 60,000원부터 확인되는 가격 정보를 함께 확인하며 코스별 시간과 가격, 운영시간, 전화·문자 문의 내용을 살펴볼 수 있습니다.",""
"DESCRIPTION_TEMPLATE","1080","업체상세","2","x 이용을 검토할 때 참고할 loc loc x 상세 정보입니다 n n 부터 확인되는 가격과 n n 코스 정보를 참고해 코스와 가격 영업시간 전화 문자 문의 방법을 함께 확인할 수 있습니다","shops/gyeonggi/anyang/dongan-gu/부흥동/love테라피/index.html || love테라피 이용을 검토할 때 참고할 안양시-동안구 부흥동 상세 정보입니다. 70,000원부터 확인되는 가격과 60분·90분 코스 정보를 참고해 코스와 가격, 영업시간, 전화·문자 문의 방법을 함께 확인할 수 있습니다.","shops/gyeonggi/yongin/giheung-gu/동백동/너무이쁜테라피/index.html || 너무이쁜테라피 이용을 검토할 때 참고할 용인시-기흥구 동백동 상세 정보입니다. 60,000원부터 확인되는 가격과 60분·90분 코스 정보를 참고해 코스와 가격, 영업시간, 전화·문자 문의 방법을 함께 확인할 수 있습니다.",""
"DESCRIPTION_TEMPLATE","1081","업체상세","2","loc loc x 에서 x 이용 전 확인할 정보를 모았습니다 n n 부터 확인되는 가격 정보와 n n 코스 시간을 함께 살펴보고 코스 가격 영업시간과 전화 또는 문자 문의 방법을 확인할 수 있습니다","shops/gyeonggi/anyang/manan-gu/명학동/프리미엄테라피/index.html || 안양시-만안구 명학동에서 프리미엄테라피 이용 전 확인할 정보를 모았습니다. 60,000원부터 확인되는 가격 정보와 60분·90분 코스 시간을 함께 살펴보고 코스·가격·영업시간과 전화 또는 문자 문의 방법을 확인할 수 있습니다.","shops/gyeonggi/yongin/giheung-gu/마북동/한국미인테라피/index.html || 용인시-기흥구 마북동에서 한국미인테라피 이용 전 확인할 정보를 모았습니다. 100,000원부터 확인되는 가격 정보와 60분·90분 코스 시간을 함께 살펴보고 코스·가격·영업시간과 전화 또는 문자 문의 방법을 확인할 수 있습니다.",""
"DESCRIPTION_TEMPLATE","1082","업체상세","2","loc loc x 에서 x 이용 전 확인할 정보를 모았습니다 n n 시간 구성과 n n 부터 시작하는 가격을 확인하면서 가격 코스 구성 영업시간과 문의 수단을 순서대로 확인할 수 있습니다","shops/gyeonggi/anyang/dongan-gu/비산동/너무이쁜테라피/index.html || 안양시-동안구 비산동에서 너무이쁜테라피 이용 전 확인할 정보를 모았습니다. 60분·90분 시간 구성과 60,000원부터 시작하는 가격을 확인하면서 가격, 코스 구성, 영업시간과 문의 수단을 순서대로 확인할 수 있습니다.","shops/gyeonggi/anyang/dongan-gu/평촌동/너무이쁜테라피/index.html || 안양시-동안구 평촌동에서 너무이쁜테라피 이용 전 확인할 정보를 모았습니다. 60분·90분 시간 구성과 60,000원부터 시작하는 가격을 확인하면서 가격, 코스 구성, 영업시간과 문의 수단을 순서대로 확인할 수 있습니다.",""
"DESCRIPTION_TEMPLATE","1083","업체상세","2","loc loc x 기준 x 의 코스와 이용 정보를 확인할 수 있습니다 n n 코스와 n n 부터 확인되는 가격 정보를 포함해 가격 코스 구성 영업시간과 문의 수단을 순서대로 확인할 수 있습니다","shops/gyeonggi/anyang/dongan-gu/범계동/love테라피/index.html || 안양시-동안구 범계동 기준 love테라피의 코스와 이용 정보를 확인할 수 있습니다. 60분·90분 코스와 70,000원부터 확인되는 가격 정보를 포함해 가격, 코스 구성, 영업시간과 문의 수단을 순서대로 확인할 수 있습니다.","shops/gyeonggi/hwaseong/byeongjeom-gu/병점동/한국미인테라피/index.html || 화성시-병점구 병점동 기준 한국미인테라피의 코스와 이용 정보를 확인할 수 있습니다. 60분·90분 코스와 100,000원부터 확인되는 가격 정보를 포함해 가격, 코스 구성, 영업시간과 문의 수단을 순서대로 확인할 수 있습니다.",""
"DESCRIPTION_TEMPLATE","1084","업체상세","2","loc x 생활권에서 확인할 수 있는 x 정보를 담았습니다 n n 부터 시작하는 가격과 n n 코스 정보를 바탕으로 이용 전 필요한 코스 가격 운영시간과 연락 정보를 한 번에 살펴볼 수 있습니다","shops/gyeonggi/anseong/원곡면/너무이쁜테라피/index.html || 안성시 원곡면 생활권에서 확인할 수 있는 너무이쁜테라피 정보를 담았습니다. 60,000원부터 시작하는 가격과 60분·90분 코스 정보를 바탕으로 이용 전 필요한 코스·가격·운영시간과 연락 정보를 한 번에 살펴볼 수 있습니다.","shops/gyeonggi/pocheon/선단동/love테라피/index.html || 포천시 선단동 생활권에서 확인할 수 있는 love테라피 정보를 담았습니다. 70,000원부터 시작하는 가격과 60분·90분 코스 정보를 바탕으로 이용 전 필요한 코스·가격·운영시간과 연락 정보를 한 번에 살펴볼 수 있습니다.",""
"DESCRIPTION_TEMPLATE","1085","업체상세","2","x 의 코스와 운영 정보를 loc x 기준으로 안내합니다 n n 부터 확인되는 가격 정보와 n n 코스 시간을 함께 살펴보고 이용 가능한 코스와 가격 영업시간 전화 문자 문의 정보를 확인할 수 있습니다","shops/gyeonggi/anseong/양성면/프리미엄테라피/index.html || 프리미엄테라피의 코스와 운영 정보를 안성시 양성면 기준으로 안내합니다. 60,000원부터 확인되는 가격 정보와 60분·90분 코스 시간을 함께 살펴보고 이용 가능한 코스와 가격, 영업시간, 전화·문자 문의 정보를 확인할 수 있습니다.","shops/gyeonggi/osan/세마동/한국미인테라피/index.html || 한국미인테라피의 코스와 운영 정보를 오산시 세마동 기준으로 안내합니다. 100,000원부터 확인되는 가격 정보와 60분·90분 코스 시간을 함께 살펴보고 이용 가능한 코스와 가격, 영업시간, 전화·문자 문의 정보를 확인할 수 있습니다.",""
"DESCRIPTION_TEMPLATE","1086","업체상세","2","x 관련 loc loc x 정보를 확인할 수 있습니다 n n 코스와 n n 부터 확인되는 가격 정보를 포함해 코스별 이용시간과 가격 운영시간 및 연락 방법을 비교할 수 있습니다","shops/gyeonggi/anyang/dongan-gu/귀인동/프리미엄테라피/index.html || 프리미엄테라피 관련 안양시-동안구 귀인동 정보를 확인할 수 있습니다. 60분·90분 코스와 60,000원부터 확인되는 가격 정보를 포함해 코스별 이용시간과 가격, 운영시간 및 연락 방법을 비교할 수 있습니다.","shops/gyeonggi/anyang/dongan-gu/신촌동/한국미인테라피/index.html || 한국미인테라피 관련 안양시-동안구 신촌동 정보를 확인할 수 있습니다. 60분·90분 코스와 100,000원부터 확인되는 가격 정보를 포함해 코스별 이용시간과 가격, 운영시간 및 연락 방법을 비교할 수 있습니다.",""
"DESCRIPTION_TEMPLATE","1087","업체상세","2","x 관련 loc x 정보를 확인할 수 있습니다 n n 부터 확인되는 가격 정보와 n n 코스 시간을 함께 살펴보고 이용 가능한 코스와 가격 영업시간 전화 문자 문의 정보를 확인할 수 있습니다","shops/gyeonggi/anseong/죽산면/프리미엄테라피/index.html || 프리미엄테라피 관련 안성시 죽산면 정보를 확인할 수 있습니다. 60,000원부터 확인되는 가격 정보와 60분·90분 코스 시간을 함께 살펴보고 이용 가능한 코스와 가격, 영업시간, 전화·문자 문의 정보를 확인할 수 있습니다.","shops/incheon/ganghwa-gun/불은면/너무이쁜테라피/index.html || 너무이쁜테라피 관련 강화군 불은면 정보를 확인할 수 있습니다. 60,000원부터 확인되는 가격 정보와 60분·90분 코스 시간을 함께 살펴보고 이용 가능한 코스와 가격, 영업시간, 전화·문자 문의 정보를 확인할 수 있습니다.",""
"DESCRIPTION_TEMPLATE","1088","업체상세","2","x 이용 전 살펴볼 loc x 지역 정보를 한곳에 모았습니다 n n 이용시간과 n n 부터 확인되는 가격 정보를 함께 확인하며 영업시간과 코스별 가격을 확인하고 전화나 문자로 세부 내용을 문의할 수 있습니다","shops/gyeonggi/yangju/회천동/너무이쁜테라피/index.html || 너무이쁜테라피 이용 전 살펴볼 양주시 회천동 지역 정보를 한곳에 모았습니다. 60분·90분 이용시간과 60,000원부터 확인되는 가격 정보를 함께 확인하며 영업시간과 코스별 가격을 확인하고 전화나 문자로 세부 내용을 문의할 수 있습니다.","shops/gyeonggi/yangpyeong/양동면/love테라피/index.html || love테라피 이용 전 살펴볼 양평군 양동면 지역 정보를 한곳에 모았습니다. 60분·90분 이용시간과 70,000원부터 확인되는 가격 정보를 함께 확인하며 영업시간과 코스별 가격을 확인하고 전화나 문자로 세부 내용을 문의할 수 있습니다.",""
"DESCRIPTION_TEMPLATE","1089","업체상세","2","loc x 생활권에서 확인할 수 있는 x 정보를 담았습니다 n n 코스 구성과 n n 부터 확인되는 가격대를 확인한 뒤 이용 가능한 코스와 가격 영업시간 전화 문자 문의 정보를 확인할 수 있습니다","shops/seoul/dongdaemun-gu/청량리동/너무이쁜테라피/index.html || 동대문구 청량리동 생활권에서 확인할 수 있는 너무이쁜테라피 정보를 담았습니다. 60분·90분 코스 구성과 60,000원부터 확인되는 가격대를 확인한 뒤 이용 가능한 코스와 가격, 영업시간, 전화·문자 문의 정보를 확인할 수 있습니다.","shops/gyeonggi/yangpyeong/청운면/너무이쁜테라피/index.html || 양평군 청운면 생활권에서 확인할 수 있는 너무이쁜테라피 정보를 담았습니다. 60분·90분 코스 구성과 60,000원부터 확인되는 가격대를 확인한 뒤 이용 가능한 코스와 가격, 영업시간, 전화·문자 문의 정보를 확인할 수 있습니다.",""
"DESCRIPTION_TEMPLATE","1090","업체상세","2","x 의 loc x 운영 정보와 문의 방법을 정리했습니다 n n 부터 확인되는 가격 정보와 n n 코스 시간을 함께 살펴보고 가격 코스 구성 영업시간과 문의 수단을 순서대로 확인할 수 있습니다","shops/seoul/dongdaemun-gu/이문동/love테라피/index.html || love테라피의 동대문구 이문동 운영 정보와 문의 방법을 정리했습니다. 70,000원부터 확인되는 가격 정보와 60분·90분 코스 시간을 함께 살펴보고 가격, 코스 구성, 영업시간과 문의 수단을 순서대로 확인할 수 있습니다.","shops/seoul/jungnang-gu/면목본동/프리미엄테라피/index.html || 프리미엄테라피의 중랑구 면목본동 운영 정보와 문의 방법을 정리했습니다. 60,000원부터 확인되는 가격 정보와 60분·90분 코스 시간을 함께 살펴보고 가격, 코스 구성, 영업시간과 문의 수단을 순서대로 확인할 수 있습니다.",""
"DESCRIPTION_TEMPLATE","1091","업체상세","2","loc x 에서 x 이용 전 확인할 정보를 모았습니다 n n 코스 구성과 n n 부터 확인되는 가격대를 확인한 뒤 코스 가격 영업시간과 전화 또는 문자 문의 방법을 확인할 수 있습니다","shops/seoul/dongdaemun-gu/장안동/프리미엄테라피/index.html || 동대문구 장안동에서 프리미엄테라피 이용 전 확인할 정보를 모았습니다. 60분·90분 코스 구성과 60,000원부터 확인되는 가격대를 확인한 뒤 코스·가격·영업시간과 전화 또는 문자 문의 방법을 확인할 수 있습니다.","shops/seoul/songpa-gu/잠실본동/한국미인테라피/index.html || 송파구 잠실본동에서 한국미인테라피 이용 전 확인할 정보를 모았습니다. 60분·90분 코스 구성과 100,000원부터 확인되는 가격대를 확인한 뒤 코스·가격·영업시간과 전화 또는 문자 문의 방법을 확인할 수 있습니다.",""
"DESCRIPTION_TEMPLATE","1092","업체상세","2","loc x 에서 이용 가능한 x 정보를 보기 쉽게 정리했습니다 n n 이용시간과 n n 부터 확인되는 가격 정보를 함께 확인하며 코스 구성과 가격 운영시간 연락 방법을 한곳에서 확인할 수 있습니다","shops/gyeonggi/yangju/옥정동/한국미인테라피/index.html || 양주시 옥정동에서 이용 가능한 한국미인테라피 정보를 보기 쉽게 정리했습니다. 60분·90분 이용시간과 100,000원부터 확인되는 가격 정보를 함께 확인하며 코스 구성과 가격, 운영시간, 연락 방법을 한곳에서 확인할 수 있습니다.","shops/other/daegu/suseong-gu/지산동/대구테라피/index.html || 수성구 지산동에서 이용 가능한 대구테라피 정보를 보기 쉽게 정리했습니다. 60분·90분 이용시간과 80,000원부터 확인되는 가격 정보를 함께 확인하며 코스 구성과 가격, 운영시간, 연락 방법을 한곳에서 확인할 수 있습니다.",""
"DESCRIPTION_TEMPLATE","1093","업체상세","2","loc x 에서 이용 가능한 x 정보를 보기 쉽게 정리했습니다 n n 이용시간과 n n 부터 확인되는 가격 정보를 함께 확인하며 운영시간과 코스 구성 가격 연락 방법을 한 페이지에서 확인할 수 있습니다","shops/gyeonggi/yangju/광적면/한국미인테라피/index.html || 양주시 광적면에서 이용 가능한 한국미인테라피 정보를 보기 쉽게 정리했습니다. 60분·90분 이용시간과 100,000원부터 확인되는 가격 정보를 함께 확인하며 운영시간과 코스 구성, 가격, 연락 방법을 한 페이지에서 확인할 수 있습니다.","shops/gyeonggi/pocheon/군내면/한국미인테라피/index.html || 포천시 군내면에서 이용 가능한 한국미인테라피 정보를 보기 쉽게 정리했습니다. 60분·90분 이용시간과 100,000원부터 확인되는 가격 정보를 함께 확인하며 운영시간과 코스 구성, 가격, 연락 방법을 한 페이지에서 확인할 수 있습니다.",""
"DESCRIPTION_TEMPLATE","1094","업체상세","2","x 의 loc loc x 운영 정보와 문의 방법을 정리했습니다 n n 부터 확인되는 가격 정보와 n n 코스 시간을 함께 살펴보고 가격과 이용시간 연락 방법을 확인해 필요한 내용을 loc 비교할 수 있습니다","shops/gyeonggi/anyang/manan-gu/호현동/프리미엄테라피/index.html || 프리미엄테라피의 안양시-만안구 호현동 운영 정보와 문의 방법을 정리했습니다. 60,000원부터 확인되는 가격 정보와 60분·90분 코스 시간을 함께 살펴보고 가격과 이용시간, 연락 방법을 확인해 필요한 내용을 미리 비교할 수 있습니다.","shops/gyeonggi/yongin/giheung-gu/보정동/프리미엄테라피/index.html || 프리미엄테라피의 용인시-기흥구 보정동 운영 정보와 문의 방법을 정리했습니다. 60,000원부터 확인되는 가격 정보와 60분·90분 코스 시간을 함께 살펴보고 가격과 이용시간, 연락 방법을 확인해 필요한 내용을 미리 비교할 수 있습니다.",""
"DESCRIPTION_TEMPLATE","1095","업체상세","2","loc x 지역의 x 이용 정보를 정리했습니다 n n 부터 확인되는 가격 정보와 n n 코스 시간을 함께 살펴보고 코스 가격 영업시간과 전화 또는 문자 문의 방법을 확인할 수 있습니다","shops/gyeonggi/yangju/양주동/프리미엄테라피/index.html || 양주시 양주동 지역의 프리미엄테라피 이용 정보를 정리했습니다. 60,000원부터 확인되는 가격 정보와 60분·90분 코스 시간을 함께 살펴보고 코스·가격·영업시간과 전화 또는 문자 문의 방법을 확인할 수 있습니다.","shops/incheon/bupyeong-gu/갈산동/한국미인테라피/index.html || 부평구 갈산동 지역의 한국미인테라피 이용 정보를 정리했습니다. 100,000원부터 확인되는 가격 정보와 60분·90분 코스 시간을 함께 살펴보고 코스·가격·영업시간과 전화 또는 문자 문의 방법을 확인할 수 있습니다.",""
"DESCRIPTION_TEMPLATE","1096","업체상세","2","loc x 에서 x 이용 전 확인할 정보를 모았습니다 n n 시간 구성과 n n 부터 시작하는 가격을 확인하면서 가격과 코스 구성 영업시간 및 연락 수단을 비교해 이용 전 참고할 수 있습니다","shops/gyeonggi/yangju/양주동/너무이쁜테라피/index.html || 양주시 양주동에서 너무이쁜테라피 이용 전 확인할 정보를 모았습니다. 60분·90분 시간 구성과 60,000원부터 시작하는 가격을 확인하면서 가격과 코스 구성, 영업시간 및 연락 수단을 비교해 이용 전 참고할 수 있습니다.","shops/gyeonggi/yangpyeong/서종면/한국미인테라피/index.html || 양평군 서종면에서 한국미인테라피 이용 전 확인할 정보를 모았습니다. 60분·90분 시간 구성과 100,000원부터 시작하는 가격을 확인하면서 가격과 코스 구성, 영업시간 및 연락 수단을 비교해 이용 전 참고할 수 있습니다.",""
"DESCRIPTION_TEMPLATE","1097","업체상세","2","x 관련 loc loc x 정보를 확인할 수 있습니다 n n 부터 시작하는 가격과 n n 코스 정보를 바탕으로 가격과 이용시간 연락 방법을 확인해 필요한 내용을 loc 비교할 수 있습니다","shops/gyeonggi/bucheon/wonmi-gu/도당동/너무이쁜테라피/index.html || 너무이쁜테라피 관련 부천시-원미구 도당동 정보를 확인할 수 있습니다. 60,000원부터 시작하는 가격과 60분·90분 코스 정보를 바탕으로 가격과 이용시간, 연락 방법을 확인해 필요한 내용을 미리 비교할 수 있습니다.","shops/gyeonggi/ansan/sangnok-gu/월피동/프리미엄테라피/index.html || 프리미엄테라피 관련 안산시-상록구 월피동 정보를 확인할 수 있습니다. 60,000원부터 시작하는 가격과 60분·90분 코스 정보를 바탕으로 가격과 이용시간, 연락 방법을 확인해 필요한 내용을 미리 비교할 수 있습니다.",""
"DESCRIPTION_TEMPLATE","1098","업체상세","2","x 이용을 검토할 때 참고할 loc loc x 상세 정보입니다 n n 부터 확인되는 가격과 n n 코스 정보를 참고해 코스별 시간과 가격 운영시간 전화 문자 문의 내용을 살펴볼 수 있습니다","shops/gyeonggi/bucheon/wonmi-gu/도당동/한국미인테라피/index.html || 한국미인테라피 이용을 검토할 때 참고할 부천시-원미구 도당동 상세 정보입니다. 100,000원부터 확인되는 가격과 60분·90분 코스 정보를 참고해 코스별 시간과 가격, 운영시간, 전화·문자 문의 내용을 살펴볼 수 있습니다.","shops/gyeonggi/bucheon/wonmi-gu/원미동/너무이쁜테라피/index.html || 너무이쁜테라피 이용을 검토할 때 참고할 부천시-원미구 원미동 상세 정보입니다. 60,000원부터 확인되는 가격과 60분·90분 코스 정보를 참고해 코스별 시간과 가격, 운영시간, 전화·문자 문의 내용을 살펴볼 수 있습니다.",""
"DESCRIPTION_TEMPLATE","1099","업체상세","2","loc loc x 기준으로 x 운영 정보를 정리했습니다 n n 부터 시작하는 가격과 n n 코스 정보를 바탕으로 영업시간과 코스별 가격을 확인하고 전화나 문자로 세부 내용을 문의할 수 있습니다","shops/gyeonggi/bucheon/wonmi-gu/상동/너무이쁜테라피/index.html || 부천시-원미구 상동 기준으로 너무이쁜테라피 운영 정보를 정리했습니다. 60,000원부터 시작하는 가격과 60분·90분 코스 정보를 바탕으로 영업시간과 코스별 가격을 확인하고 전화나 문자로 세부 내용을 문의할 수 있습니다.","shops/gyeonggi/seongnam/sujeong-gu/산성동/love테라피/index.html || 성남시-수정구 산성동 기준으로 love테라피 운영 정보를 정리했습니다. 70,000원부터 시작하는 가격과 60분·90분 코스 정보를 바탕으로 영업시간과 코스별 가격을 확인하고 전화나 문자로 세부 내용을 문의할 수 있습니다.",""
"DESCRIPTION_TEMPLATE","1100","업체상세","2","x 의 loc loc x 운영 정보와 문의 방법을 정리했습니다 n n 시간 구성과 n n 부터 시작하는 가격을 확인하면서 코스별 이용시간과 가격 운영시간 및 연락 방법을 비교할 수 있습니다","shops/gyeonggi/bucheon/wonmi-gu/도당동/프리미엄테라피/index.html || 프리미엄테라피의 부천시-원미구 도당동 운영 정보와 문의 방법을 정리했습니다. 60분·90분 시간 구성과 60,000원부터 시작하는 가격을 확인하면서 코스별 이용시간과 가격, 운영시간 및 연락 방법을 비교할 수 있습니다.","shops/gyeonggi/yongin/cheoin-gu/역북동/한국미인테라피/index.html || 한국미인테라피의 용인시-처인구 역북동 운영 정보와 문의 방법을 정리했습니다. 60분·90분 시간 구성과 100,000원부터 시작하는 가격을 확인하면서 코스별 이용시간과 가격, 운영시간 및 연락 방법을 비교할 수 있습니다.",""
"DESCRIPTION_TEMPLATE","1101","업체상세","2","loc loc x 기준 x 의 코스와 이용 정보를 확인할 수 있습니다 n n 부터 확인되는 가격과 n n 코스 정보를 참고해 영업시간과 코스별 가격을 확인하고 전화나 문자로 세부 내용을 문의할 수 있습니다","shops/gyeonggi/bucheon/ojeong-gu/원종동/프리미엄테라피/index.html || 부천시-오정구 원종동 기준 프리미엄테라피의 코스와 이용 정보를 확인할 수 있습니다. 60,000원부터 확인되는 가격과 60분·90분 코스 정보를 참고해 영업시간과 코스별 가격을 확인하고 전화나 문자로 세부 내용을 문의할 수 있습니다.","shops/gyeonggi/ansan/sangnok-gu/사동/프리미엄테라피/index.html || 안산시-상록구 사동 기준 프리미엄테라피의 코스와 이용 정보를 확인할 수 있습니다. 60,000원부터 확인되는 가격과 60분·90분 코스 정보를 참고해 영업시간과 코스별 가격을 확인하고 전화나 문자로 세부 내용을 문의할 수 있습니다.",""
"DESCRIPTION_TEMPLATE","1102","업체상세","2","x 관련 loc x 정보를 확인할 수 있습니다 n n 부터 확인되는 가격과 n n 코스 정보를 참고해 가격과 이용시간 연락 방법을 확인해 필요한 내용을 loc 비교할 수 있습니다","shops/seoul/mapo-gu/서교동/love테라피/index.html || love테라피 관련 마포구 서교동 정보를 확인할 수 있습니다. 70,000원부터 확인되는 가격과 60분·90분 코스 정보를 참고해 가격과 이용시간, 연락 방법을 확인해 필요한 내용을 미리 비교할 수 있습니다.","shops/seoul/seocho-gu/잠원동/love테라피/index.html || love테라피 관련 서초구 잠원동 정보를 확인할 수 있습니다. 70,000원부터 확인되는 가격과 60분·90분 코스 정보를 참고해 가격과 이용시간, 연락 방법을 확인해 필요한 내용을 미리 비교할 수 있습니다.",""
"DESCRIPTION_TEMPLATE","1103","업체상세","2","loc loc x 에서 x 이용 전 확인할 정보를 모았습니다 n n 부터 확인되는 가격과 n n 코스 정보를 참고해 코스 구성과 가격 운영시간 연락 방법을 한곳에서 확인할 수 있습니다","shops/gyeonggi/bucheon/ojeong-gu/고강동/프리미엄테라피/index.html || 부천시-오정구 고강동에서 프리미엄테라피 이용 전 확인할 정보를 모았습니다. 60,000원부터 확인되는 가격과 60분·90분 코스 정보를 참고해 코스 구성과 가격, 운영시간, 연락 방법을 한곳에서 확인할 수 있습니다.","shops/gyeonggi/suwon/gwonseon-gu/평동/너무이쁜테라피/index.html || 수원시-권선구 평동에서 너무이쁜테라피 이용 전 확인할 정보를 모았습니다. 60,000원부터 확인되는 가격과 60분·90분 코스 정보를 참고해 코스 구성과 가격, 운영시간, 연락 방법을 한곳에서 확인할 수 있습니다.",""
"DESCRIPTION_TEMPLATE","1104","업체상세","2","x 이용 전 살펴볼 loc loc x 지역 정보를 한곳에 모았습니다 n n 시간 구성과 n n 부터 시작하는 가격을 확인하면서 이용 전 필요한 코스 가격 운영시간과 연락 정보를 한 번에 살펴볼 수 있습니다","shops/gyeonggi/bucheon/ojeong-gu/원종동/love테라피/index.html || love테라피 이용 전 살펴볼 부천시-오정구 원종동 지역 정보를 한곳에 모았습니다. 60분·90분 시간 구성과 70,000원부터 시작하는 가격을 확인하면서 이용 전 필요한 코스·가격·운영시간과 연락 정보를 한 번에 살펴볼 수 있습니다.","shops/gyeonggi/anyang/dongan-gu/갈산동/한국미인테라피/index.html || 한국미인테라피 이용 전 살펴볼 안양시-동안구 갈산동 지역 정보를 한곳에 모았습니다. 60분·90분 시간 구성과 100,000원부터 시작하는 가격을 확인하면서 이용 전 필요한 코스·가격·운영시간과 연락 정보를 한 번에 살펴볼 수 있습니다.",""
"DESCRIPTION_TEMPLATE","1105","업체상세","2","loc loc x 에서 이용 가능한 x 정보를 보기 쉽게 정리했습니다 n n 코스와 n n 부터 확인되는 가격 정보를 포함해 코스 가격 영업시간과 전화 또는 문자 문의 방법을 확인할 수 있습니다","shops/gyeonggi/bucheon/ojeong-gu/신흥동/love테라피/index.html || 부천시-오정구 신흥동에서 이용 가능한 love테라피 정보를 보기 쉽게 정리했습니다. 60분·90분 코스와 70,000원부터 확인되는 가격 정보를 포함해 코스·가격·영업시간과 전화 또는 문자 문의 방법을 확인할 수 있습니다.","shops/gyeonggi/bucheon/wonmi-gu/원미동/love테라피/index.html || 부천시-원미구 원미동에서 이용 가능한 love테라피 정보를 보기 쉽게 정리했습니다. 60분·90분 코스와 70,000원부터 확인되는 가격 정보를 포함해 코스·가격·영업시간과 전화 또는 문자 문의 방법을 확인할 수 있습니다.",""
"DESCRIPTION_TEMPLATE","1106","업체상세","2","loc loc x 에서 이용 가능한 x 정보를 보기 쉽게 정리했습니다 n n 시간 구성과 n n 부터 시작하는 가격을 확인하면서 코스 구성과 가격 운영시간 연락 방법을 한곳에서 확인할 수 있습니다","shops/gyeonggi/bucheon/wonmi-gu/원미동/한국미인테라피/index.html || 부천시-원미구 원미동에서 이용 가능한 한국미인테라피 정보를 보기 쉽게 정리했습니다. 60분·90분 시간 구성과 100,000원부터 시작하는 가격을 확인하면서 코스 구성과 가격, 운영시간, 연락 방법을 한곳에서 확인할 수 있습니다.","shops/gyeonggi/bucheon/wonmi-gu/춘의동/너무이쁜테라피/index.html || 부천시-원미구 춘의동에서 이용 가능한 너무이쁜테라피 정보를 보기 쉽게 정리했습니다. 60분·90분 시간 구성과 60,000원부터 시작하는 가격을 확인하면서 코스 구성과 가격, 운영시간, 연락 방법을 한곳에서 확인할 수 있습니다.",""
"DESCRIPTION_TEMPLATE","1107","업체상세","2","loc loc x 생활권에서 확인할 수 있는 x 정보를 담았습니다 n n 부터 시작하는 가격과 n n 코스 정보를 바탕으로 코스와 가격 영업시간 전화 문자 문의 방법을 함께 확인할 수 있습니다","shops/gyeonggi/bucheon/wonmi-gu/역곡동/love테라피/index.html || 부천시-원미구 역곡동 생활권에서 확인할 수 있는 love테라피 정보를 담았습니다. 70,000원부터 시작하는 가격과 60분·90분 코스 정보를 바탕으로 코스와 가격, 영업시간, 전화·문자 문의 방법을 함께 확인할 수 있습니다.","shops/gyeonggi/suwon/paldal-gu/지동/너무이쁜테라피/index.html || 수원시-팔달구 지동 생활권에서 확인할 수 있는 너무이쁜테라피 정보를 담았습니다. 60,000원부터 시작하는 가격과 60분·90분 코스 정보를 바탕으로 코스와 가격, 영업시간, 전화·문자 문의 방법을 함께 확인할 수 있습니다.",""
"DESCRIPTION_TEMPLATE","1108","업체상세","2","x 의 loc loc x 이용 안내입니다 n n 코스와 n n 부터 확인되는 가격 정보를 포함해 가격 코스 구성 영업시간과 문의 수단을 순서대로 확인할 수 있습니다","shops/gyeonggi/bucheon/wonmi-gu/춘의동/프리미엄테라피/index.html || 프리미엄테라피의 부천시-원미구 춘의동 이용 안내입니다. 60분·90분 코스와 60,000원부터 확인되는 가격 정보를 포함해 가격, 코스 구성, 영업시간과 문의 수단을 순서대로 확인할 수 있습니다.","shops/gyeonggi/yongin/suji-gu/성복동/프리미엄테라피/index.html || 프리미엄테라피의 용인시-수지구 성복동 이용 안내입니다. 60분·90분 코스와 60,000원부터 확인되는 가격 정보를 포함해 가격, 코스 구성, 영업시간과 문의 수단을 순서대로 확인할 수 있습니다.",""
"DESCRIPTION_TEMPLATE","1109","업체상세","2","x 관련 loc loc x 정보를 확인할 수 있습니다 n n 코스와 n n 부터 코스별 시간과 가격 운영시간 전화 문자 문의 내용을 살펴볼 수 있습니다","shops/gyeonggi/bucheon/wonmi-gu/중동/한국미인테라피/index.html || 한국미인테라피 관련 부천시-원미구 중동 정보를 확인할 수 있습니다. 60분·90분 코스와 100,000원부터 코스별 시간과 가격, 운영시간, 전화·문자 문의 내용을 살펴볼 수 있습니다.","shops/gyeonggi/anyang/manan-gu/충훈동/프리미엄테라피/index.html || 프리미엄테라피 관련 안양시-만안구 충훈동 정보를 확인할 수 있습니다. 60분·90분 코스와 60,000원부터 코스별 시간과 가격, 운영시간, 전화·문자 문의 내용을 살펴볼 수 있습니다.",""
"DESCRIPTION_TEMPLATE","1110","업체상세","2","loc loc x 지역의 x 이용 정보를 정리했습니다 n n 부터 확인되는 가격과 n n 코스 정보를 참고해 코스와 가격 영업시간 전화 문자 문의 방법을 함께 확인할 수 있습니다","shops/gyeonggi/bucheon/wonmi-gu/역곡동/너무이쁜테라피/index.html || 부천시-원미구 역곡동 지역의 너무이쁜테라피 이용 정보를 정리했습니다. 60,000원부터 확인되는 가격과 60분·90분 코스 정보를 참고해 코스와 가격, 영업시간, 전화·문자 문의 방법을 함께 확인할 수 있습니다.","shops/gyeonggi/yongin/cheoin-gu/삼가동/한국미인테라피/index.html || 용인시-처인구 삼가동 지역의 한국미인테라피 이용 정보를 정리했습니다. 100,000원부터 확인되는 가격과 60분·90분 코스 정보를 참고해 코스와 가격, 영업시간, 전화·문자 문의 방법을 함께 확인할 수 있습니다.",""
"DESCRIPTION_TEMPLATE","1111","업체상세","2","loc loc x 지역의 x 이용 정보를 정리했습니다 n n 코스와 n n 부터 확인되는 가격 정보를 포함해 코스 가격 영업시간과 전화 또는 문자 문의 방법을 확인할 수 있습니다","shops/gyeonggi/bucheon/wonmi-gu/소사동/한국미인테라피/index.html || 부천시-원미구 소사동 지역의 한국미인테라피 이용 정보를 정리했습니다. 60분·90분 코스와 100,000원부터 확인되는 가격 정보를 포함해 코스·가격·영업시간과 전화 또는 문자 문의 방법을 확인할 수 있습니다.","shops/gyeonggi/hwaseong/byeongjeom-gu/진안동/프리미엄테라피/index.html || 화성시-병점구 진안동 지역의 프리미엄테라피 이용 정보를 정리했습니다. 60분·90분 코스와 60,000원부터 확인되는 가격 정보를 포함해 코스·가격·영업시간과 전화 또는 문자 문의 방법을 확인할 수 있습니다.",""
"DESCRIPTION_TEMPLATE","1112","업체상세","2","x 이용을 검토할 때 참고할 loc x 상세 정보입니다 n n 부터 확인되는 가격 정보와 n n 코스 시간을 함께 살펴보고 이용 가능한 코스와 가격 영업시간 전화 문자 문의 정보를 확인할 수 있습니다","shops/seoul/mapo-gu/상암동/프리미엄테라피/index.html || 프리미엄테라피 이용을 검토할 때 참고할 마포구 상암동 상세 정보입니다. 60,000원부터 확인되는 가격 정보와 60분·90분 코스 시간을 함께 살펴보고 이용 가능한 코스와 가격, 영업시간, 전화·문자 문의 정보를 확인할 수 있습니다.","shops/gyeonggi/gwangju-gyeonggi/초월읍/너무이쁜테라피/index.html || 너무이쁜테라피 이용을 검토할 때 참고할 광주시 초월읍 상세 정보입니다. 60,000원부터 확인되는 가격 정보와 60분·90분 코스 시간을 함께 살펴보고 이용 가능한 코스와 가격, 영업시간, 전화·문자 문의 정보를 확인할 수 있습니다.",""
"DESCRIPTION_TEMPLATE","1113","업체상세","2","x 의 loc x 운영 정보와 문의 방법을 정리했습니다 n n 시간 구성과 n n 부터 시작하는 가격을 확인하면서 가격과 코스 구성 영업시간 및 연락 수단을 비교해 이용 전 참고할 수 있습니다","shops/seoul/mapo-gu/상암동/한국미인테라피/index.html || 한국미인테라피의 마포구 상암동 운영 정보와 문의 방법을 정리했습니다. 60분·90분 시간 구성과 100,000원부터 시작하는 가격을 확인하면서 가격과 코스 구성, 영업시간 및 연락 수단을 비교해 이용 전 참고할 수 있습니다.","shops/seoul/seongdong-gu/금호1가동/너무이쁜테라피/index.html || 너무이쁜테라피의 성동구 금호1가동 운영 정보와 문의 방법을 정리했습니다. 60분·90분 시간 구성과 60,000원부터 시작하는 가격을 확인하면서 가격과 코스 구성, 영업시간 및 연락 수단을 비교해 이용 전 참고할 수 있습니다.",""
"DESCRIPTION_TEMPLATE","1114","업체상세","2","x 의 loc x 이용 안내입니다 n n 부터 확인되는 가격과 n n 코스 정보를 참고해 이용 가능한 코스와 가격 영업시간 전화 문자 문의 정보를 확인할 수 있습니다","shops/seoul/mapo-gu/상암동/너무이쁜테라피/index.html || 너무이쁜테라피의 마포구 상암동 이용 안내입니다. 60,000원부터 확인되는 가격과 60분·90분 코스 정보를 참고해 이용 가능한 코스와 가격, 영업시간, 전화·문자 문의 정보를 확인할 수 있습니다.","shops/seoul/jungnang-gu/신내동/너무이쁜테라피/index.html || 너무이쁜테라피의 중랑구 신내동 이용 안내입니다. 60,000원부터 확인되는 가격과 60분·90분 코스 정보를 참고해 이용 가능한 코스와 가격, 영업시간, 전화·문자 문의 정보를 확인할 수 있습니다.",""
"DESCRIPTION_TEMPLATE","1115","업체상세","2","loc loc x 생활권에서 확인할 수 있는 x 정보를 담았습니다 n n 시간 구성과 n n 부터 시작하는 가격을 확인하면서 이용 전 필요한 코스 가격 운영시간과 연락 정보를 한 번에 살펴볼 수 있습니다","shops/gyeonggi/bucheon/sosa-gu/옥길동/너무이쁜테라피/index.html || 부천시-소사구 옥길동 생활권에서 확인할 수 있는 너무이쁜테라피 정보를 담았습니다. 60분·90분 시간 구성과 60,000원부터 시작하는 가격을 확인하면서 이용 전 필요한 코스·가격·운영시간과 연락 정보를 한 번에 살펴볼 수 있습니다.","shops/gyeonggi/seongnam/sujeong-gu/산성동/너무이쁜테라피/index.html || 성남시-수정구 산성동 생활권에서 확인할 수 있는 너무이쁜테라피 정보를 담았습니다. 60분·90분 시간 구성과 60,000원부터 시작하는 가격을 확인하면서 이용 전 필요한 코스·가격·운영시간과 연락 정보를 한 번에 살펴볼 수 있습니다.",""
"DESCRIPTION_TEMPLATE","1116","업체상세","2","x 의 loc x 이용 안내입니다 n n 시간 구성과 n n 부터 시작하는 가격을 확인하면서 코스와 가격 영업시간 전화 문자 문의 방법을 함께 확인할 수 있습니다","shops/seoul/mapo-gu/합정동/너무이쁜테라피/index.html || 너무이쁜테라피의 마포구 합정동 이용 안내입니다. 60분·90분 시간 구성과 60,000원부터 시작하는 가격을 확인하면서 코스와 가격, 영업시간, 전화·문자 문의 방법을 함께 확인할 수 있습니다.","shops/incheon/jemulpo-gu/동인천동/너무이쁜테라피/index.html || 너무이쁜테라피의 제물포구 동인천동 이용 안내입니다. 60분·90분 시간 구성과 60,000원부터 시작하는 가격을 확인하면서 코스와 가격, 영업시간, 전화·문자 문의 방법을 함께 확인할 수 있습니다.",""
"DESCRIPTION_TEMPLATE","1117","업체상세","2","x 관련 loc x 정보를 확인할 수 있습니다 n n 부터 확인되는 가격과 n n 코스 정보를 참고해 코스별 시간과 가격 운영시간 전화 문자 문의 내용을 살펴볼 수 있습니다","shops/gyeonggi/namyangju/조안면/프리미엄테라피/index.html || 프리미엄테라피 관련 남양주시 조안면 정보를 확인할 수 있습니다. 60,000원부터 확인되는 가격과 60분·90분 코스 정보를 참고해 코스별 시간과 가격, 운영시간, 전화·문자 문의 내용을 살펴볼 수 있습니다.","shops/gyeonggi/pyeongtaek/안중읍/한국미인테라피/index.html || 한국미인테라피 관련 평택시 안중읍 정보를 확인할 수 있습니다. 100,000원부터 확인되는 가격과 60분·90분 코스 정보를 참고해 코스별 시간과 가격, 운영시간, 전화·문자 문의 내용을 살펴볼 수 있습니다.",""
"DESCRIPTION_TEMPLATE","1118","업체상세","2","loc x 기준으로 x 운영 정보를 정리했습니다 n n 부터 확인되는 가격 정보와 n n 코스 시간을 함께 살펴보고 코스 구성과 가격 운영시간 연락 방법을 한곳에서 확인할 수 있습니다","shops/gyeonggi/namyangju/평내동/너무이쁜테라피/index.html || 남양주시 평내동 기준으로 너무이쁜테라피 운영 정보를 정리했습니다. 60,000원부터 확인되는 가격 정보와 60분·90분 코스 시간을 함께 살펴보고 코스 구성과 가격, 운영시간, 연락 방법을 한곳에서 확인할 수 있습니다.","shops/other/cheongju/heungdeok-gu/복대동/S썸바디테라피/index.html || 흥덕구 복대동 기준으로 S썸바디테라피 운영 정보를 정리했습니다. 50,000원부터 확인되는 가격 정보와 60분·90분 코스 시간을 함께 살펴보고 코스 구성과 가격, 운영시간, 연락 방법을 한곳에서 확인할 수 있습니다.",""
"DESCRIPTION_TEMPLATE","1119","업체상세","2","x 의 loc x 운영 정보와 문의 방법을 정리했습니다 n n 코스와 n n 부터 가격과 이용시간 연락 방법을 확인해 필요한 내용을 loc 비교할 수 있습니다","shops/seoul/mapo-gu/염리동/프리미엄테라피/index.html || 프리미엄테라피의 마포구 염리동 운영 정보와 문의 방법을 정리했습니다. 60분·90분 코스와 60,000원부터 가격과 이용시간, 연락 방법을 확인해 필요한 내용을 미리 비교할 수 있습니다.","shops/incheon/gyeyang-gu/계양동/프리미엄테라피/index.html || 프리미엄테라피의 계양구 계양동 운영 정보와 문의 방법을 정리했습니다. 60분·90분 코스와 60,000원부터 가격과 이용시간, 연락 방법을 확인해 필요한 내용을 미리 비교할 수 있습니다.",""
"DESCRIPTION_TEMPLATE","1120","업체상세","2","x 의 코스와 운영 정보를 loc x 기준으로 안내합니다 n n 부터 확인되는 가격과 n n 코스 정보를 참고해 가격과 이용시간 연락 방법을 확인해 필요한 내용을 loc 비교할 수 있습니다","shops/gyeonggi/namyangju/조안면/너무이쁜테라피/index.html || 너무이쁜테라피의 코스와 운영 정보를 남양주시 조안면 기준으로 안내합니다. 60,000원부터 확인되는 가격과 60분·90분 코스 정보를 참고해 가격과 이용시간, 연락 방법을 확인해 필요한 내용을 미리 비교할 수 있습니다.","shops/gyeonggi/icheon/장호원읍/love테라피/index.html || love테라피의 코스와 운영 정보를 이천시 장호원읍 기준으로 안내합니다. 70,000원부터 확인되는 가격과 60분·90분 코스 정보를 참고해 가격과 이용시간, 연락 방법을 확인해 필요한 내용을 미리 비교할 수 있습니다.",""
"DESCRIPTION_TEMPLATE","1121","업체상세","2","x 이용 전 살펴볼 loc x 지역 정보를 한곳에 모았습니다 n n 코스와 n n 부터 가격과 코스 구성 영업시간 및 연락 수단을 비교해 이용 전 참고할 수 있습니다","shops/gyeonggi/namyangju/금곡동/프리미엄테라피/index.html || 프리미엄테라피 이용 전 살펴볼 남양주시 금곡동 지역 정보를 한곳에 모았습니다. 60분·90분 코스와 60,000원부터 가격과 코스 구성, 영업시간 및 연락 수단을 비교해 이용 전 참고할 수 있습니다.","shops/incheon/yeongjong-gu/용유동/love테라피/index.html || love테라피 이용 전 살펴볼 영종구 용유동 지역 정보를 한곳에 모았습니다. 60분·90분 코스와 70,000원부터 가격과 코스 구성, 영업시간 및 연락 수단을 비교해 이용 전 참고할 수 있습니다.",""
"DESCRIPTION_TEMPLATE","1122","업체상세","2","loc x 에서 x 이용 전 확인할 정보를 모았습니다 n n 이용시간과 n n 부터 확인되는 가격 정보를 함께 확인하며 코스와 가격 영업시간 전화 문자 문의 방법을 함께 확인할 수 있습니다","shops/seoul/seodaemun-gu/남가좌동/너무이쁜테라피/index.html || 서대문구 남가좌동에서 너무이쁜테라피 이용 전 확인할 정보를 모았습니다. 60분·90분 이용시간과 60,000원부터 확인되는 가격 정보를 함께 확인하며 코스와 가격, 영업시간, 전화·문자 문의 방법을 함께 확인할 수 있습니다.","shops/other/changwon/masanhappo-gu/자산동/경남테라피/index.html || 마산합포구 자산동에서 경남테라피 이용 전 확인할 정보를 모았습니다. 60분·90분 이용시간과 60,000원부터 확인되는 가격 정보를 함께 확인하며 코스와 가격, 영업시간, 전화·문자 문의 방법을 함께 확인할 수 있습니다.",""
"DESCRIPTION_TEMPLATE","1123","업체상세","2","x 이용을 검토할 때 참고할 loc x 상세 정보입니다 n n 코스와 n n 부터 가격 코스 구성 영업시간과 문의 수단을 순서대로 확인할 수 있습니다","shops/seoul/mapo-gu/합정동/프리미엄테라피/index.html || 프리미엄테라피 이용을 검토할 때 참고할 마포구 합정동 상세 정보입니다. 60분·90분 코스와 60,000원부터 가격, 코스 구성, 영업시간과 문의 수단을 순서대로 확인할 수 있습니다.","shops/gyeonggi/uiwang/오전동/프리미엄테라피/index.html || 프리미엄테라피 이용을 검토할 때 참고할 의왕시 오전동 상세 정보입니다. 60분·90분 코스와 60,000원부터 가격, 코스 구성, 영업시간과 문의 수단을 순서대로 확인할 수 있습니다.",""
"DESCRIPTION_TEMPLATE","1124","업체상세","2","loc x 기준 x 의 코스와 이용 정보를 확인할 수 있습니다 n n 부터 확인되는 가격과 n n 코스 정보를 참고해 코스 구성과 가격 운영시간 연락 방법을 한곳에서 확인할 수 있습니다","shops/gyeonggi/namyangju/양정동/프리미엄테라피/index.html || 남양주시 양정동 기준 프리미엄테라피의 코스와 이용 정보를 확인할 수 있습니다. 60,000원부터 확인되는 가격과 60분·90분 코스 정보를 참고해 코스 구성과 가격, 운영시간, 연락 방법을 한곳에서 확인할 수 있습니다.","shops/incheon/geomdan-gu/불로대곡동/프리미엄테라피/index.html || 검단구 불로대곡동 기준 프리미엄테라피의 코스와 이용 정보를 확인할 수 있습니다. 60,000원부터 확인되는 가격과 60분·90분 코스 정보를 참고해 코스 구성과 가격, 운영시간, 연락 방법을 한곳에서 확인할 수 있습니다.",""
"DESCRIPTION_TEMPLATE","1125","업체상세","2","loc loc x 에서 이용 가능한 x 정보를 보기 쉽게 정리했습니다 n n 부터 시작하는 가격과 n n 코스 정보를 바탕으로 이용 가능한 코스와 가격 영업시간 전화 문자 문의 정보를 확인할 수 있습니다","shops/gyeonggi/bucheon/sosa-gu/송내동/프리미엄테라피/index.html || 부천시-소사구 송내동에서 이용 가능한 프리미엄테라피 정보를 보기 쉽게 정리했습니다. 60,000원부터 시작하는 가격과 60분·90분 코스 정보를 바탕으로 이용 가능한 코스와 가격, 영업시간, 전화·문자 문의 정보를 확인할 수 있습니다.","shops/gyeonggi/ansan/sangnok-gu/사이동/프리미엄테라피/index.html || 안산시-상록구 사이동에서 이용 가능한 프리미엄테라피 정보를 보기 쉽게 정리했습니다. 60,000원부터 시작하는 가격과 60분·90분 코스 정보를 바탕으로 이용 가능한 코스와 가격, 영업시간, 전화·문자 문의 정보를 확인할 수 있습니다.",""
"DESCRIPTION_TEMPLATE","1126","업체상세","2","loc loc x 에서 이용 가능한 x 정보를 보기 쉽게 정리했습니다 n n 이용시간과 n n 부터 확인되는 가격 정보를 함께 확인하며 코스와 가격 영업시간 전화 문자 문의 방법을 함께 확인할 수 있습니다","shops/gyeonggi/bucheon/sosa-gu/범박동/프리미엄테라피/index.html || 부천시-소사구 범박동에서 이용 가능한 프리미엄테라피 정보를 보기 쉽게 정리했습니다. 60분·90분 이용시간과 60,000원부터 확인되는 가격 정보를 함께 확인하며 코스와 가격, 영업시간, 전화·문자 문의 방법을 함께 확인할 수 있습니다.","shops/gyeonggi/ansan/sangnok-gu/성포동/love테라피/index.html || 안산시-상록구 성포동에서 이용 가능한 love테라피 정보를 보기 쉽게 정리했습니다. 60분·90분 이용시간과 70,000원부터 확인되는 가격 정보를 함께 확인하며 코스와 가격, 영업시간, 전화·문자 문의 방법을 함께 확인할 수 있습니다.",""
"DESCRIPTION_TEMPLATE","1127","업체상세","2","x 관련 loc loc x 정보를 확인할 수 있습니다 n n 부터 시작하는 가격과 n n 코스 정보를 바탕으로 코스별 이용시간과 가격 운영시간 및 연락 방법을 비교할 수 있습니다","shops/gyeonggi/bucheon/sosa-gu/역곡동/프리미엄테라피/index.html || 프리미엄테라피 관련 부천시-소사구 역곡동 정보를 확인할 수 있습니다. 60,000원부터 시작하는 가격과 60분·90분 코스 정보를 바탕으로 코스별 이용시간과 가격, 운영시간 및 연락 방법을 비교할 수 있습니다.","shops/gyeonggi/suwon/gwonseon-gu/곡선동/한국미인테라피/index.html || 한국미인테라피 관련 수원시-권선구 곡선동 정보를 확인할 수 있습니다. 100,000원부터 시작하는 가격과 60분·90분 코스 정보를 바탕으로 코스별 이용시간과 가격, 운영시간 및 연락 방법을 비교할 수 있습니다.",""
"DESCRIPTION_TEMPLATE","1128","업체상세","2","loc loc x 지역의 x 이용 정보를 정리했습니다 n n 부터 확인되는 가격 정보와 n n 코스 시간을 함께 살펴보고 가격과 코스 구성 영업시간 및 연락 수단을 비교해 이용 전 참고할 수 있습니다","shops/gyeonggi/bucheon/sosa-gu/역곡동/너무이쁜테라피/index.html || 부천시-소사구 역곡동 지역의 너무이쁜테라피 이용 정보를 정리했습니다. 60,000원부터 확인되는 가격 정보와 60분·90분 코스 시간을 함께 살펴보고 가격과 코스 구성, 영업시간 및 연락 수단을 비교해 이용 전 참고할 수 있습니다.","shops/gyeonggi/hwaseong/manse-gu/양감면/love테라피/index.html || 화성시-만세구 양감면 지역의 love테라피 이용 정보를 정리했습니다. 70,000원부터 확인되는 가격 정보와 60분·90분 코스 시간을 함께 살펴보고 가격과 코스 구성, 영업시간 및 연락 수단을 비교해 이용 전 참고할 수 있습니다.",""
"DESCRIPTION_TEMPLATE","1129","업체상세","2","x 의 코스와 운영 정보를 loc x 기준으로 안내합니다 n n 부터 확인되는 가격과 n n 코스 정보를 참고해 가격과 코스 구성 영업시간 및 연락 수단을 비교해 이용 전 참고할 수 있습니다","shops/seoul/mapo-gu/연남동/love테라피/index.html || love테라피의 코스와 운영 정보를 마포구 연남동 기준으로 안내합니다. 70,000원부터 확인되는 가격과 60분·90분 코스 정보를 참고해 가격과 코스 구성, 영업시간 및 연락 수단을 비교해 이용 전 참고할 수 있습니다.","shops/seoul/seongdong-gu/용답동/프리미엄테라피/index.html || 프리미엄테라피의 코스와 운영 정보를 성동구 용답동 기준으로 안내합니다. 60,000원부터 확인되는 가격과 60분·90분 코스 정보를 참고해 가격과 코스 구성, 영업시간 및 연락 수단을 비교해 이용 전 참고할 수 있습니다.",""
"DESCRIPTION_TEMPLATE","1130","업체상세","2","x 의 loc x 이용 안내입니다 n n 코스와 n n 부터 확인되는 가격 정보를 포함해 가격 코스 구성 영업시간과 문의 수단을 순서대로 확인할 수 있습니다","shops/gyeonggi/namyangju/호평동/프리미엄테라피/index.html || 프리미엄테라피의 남양주시 호평동 이용 안내입니다. 60분·90분 코스와 60,000원부터 확인되는 가격 정보를 포함해 가격, 코스 구성, 영업시간과 문의 수단을 순서대로 확인할 수 있습니다.","shops/incheon/geomdan-gu/원당동/프리미엄테라피/index.html || 프리미엄테라피의 검단구 원당동 이용 안내입니다. 60분·90분 코스와 60,000원부터 확인되는 가격 정보를 포함해 가격, 코스 구성, 영업시간과 문의 수단을 순서대로 확인할 수 있습니다.",""
"DESCRIPTION_TEMPLATE","1131","업체상세","2","x 의 loc x 운영 정보와 문의 방법을 정리했습니다 n n 코스와 n n 부터 확인되는 가격 정보를 포함해 이용 가능한 코스와 가격 영업시간 전화 문자 문의 정보를 확인할 수 있습니다","shops/seoul/mapo-gu/염리동/love테라피/index.html || love테라피의 마포구 염리동 운영 정보와 문의 방법을 정리했습니다. 60분·90분 코스와 70,000원부터 확인되는 가격 정보를 포함해 이용 가능한 코스와 가격, 영업시간, 전화·문자 문의 정보를 확인할 수 있습니다.","shops/gyeonggi/namyangju/진접읍/한국미인테라피/index.html || 한국미인테라피의 남양주시 진접읍 운영 정보와 문의 방법을 정리했습니다. 60분·90분 코스와 100,000원부터 확인되는 가격 정보를 포함해 이용 가능한 코스와 가격, 영업시간, 전화·문자 문의 정보를 확인할 수 있습니다.",""
"DESCRIPTION_TEMPLATE","1132","업체상세","2","loc x 에서 x 이용 전 확인할 정보를 모았습니다 n n 이용시간과 n n 부터 확인되는 가격 정보를 함께 확인하며 코스 구성과 가격 운영시간 연락 방법을 한곳에서 확인할 수 있습니다","shops/gyeonggi/dongducheon/상패동/너무이쁜테라피/index.html || 동두천시 상패동에서 너무이쁜테라피 이용 전 확인할 정보를 모았습니다. 60분·90분 이용시간과 60,000원부터 확인되는 가격 정보를 함께 확인하며 코스 구성과 가격, 운영시간, 연락 방법을 한곳에서 확인할 수 있습니다.","shops/other/daegu/suseong-gu/중동/대구테라피/index.html || 수성구 중동에서 대구테라피 이용 전 확인할 정보를 모았습니다. 60분·90분 이용시간과 80,000원부터 확인되는 가격 정보를 함께 확인하며 코스 구성과 가격, 운영시간, 연락 방법을 한곳에서 확인할 수 있습니다.",""
"DESCRIPTION_TEMPLATE","1133","업체상세","2","loc x 에서 이용 가능한 x 정보를 보기 쉽게 정리했습니다 n n 부터 확인되는 가격 정보와 n n 코스 시간을 함께 살펴보고 코스 가격 영업시간과 전화 또는 문자 문의 방법을 확인할 수 있습니다","shops/gyeonggi/dongducheon/보산동/한국미인테라피/index.html || 동두천시 보산동에서 이용 가능한 한국미인테라피 정보를 보기 쉽게 정리했습니다. 100,000원부터 확인되는 가격 정보와 60분·90분 코스 시간을 함께 살펴보고 코스·가격·영업시간과 전화 또는 문자 문의 방법을 확인할 수 있습니다.","shops/incheon/bupyeong-gu/갈산동/love테라피/index.html || 부평구 갈산동에서 이용 가능한 love테라피 정보를 보기 쉽게 정리했습니다. 70,000원부터 확인되는 가격 정보와 60분·90분 코스 시간을 함께 살펴보고 코스·가격·영업시간과 전화 또는 문자 문의 방법을 확인할 수 있습니다.",""
"DESCRIPTION_TEMPLATE","1134","업체상세","2","loc loc x 에서 x 이용 전 확인할 정보를 모았습니다 n n 부터 시작하는 가격과 n n 코스 정보를 바탕으로 가격과 코스 구성 영업시간 및 연락 수단을 비교해 이용 전 참고할 수 있습니다","shops/gyeonggi/seongnam/jungwon-gu/금광동/너무이쁜테라피/index.html || 성남시-중원구 금광동에서 너무이쁜테라피 이용 전 확인할 정보를 모았습니다. 60,000원부터 시작하는 가격과 60분·90분 코스 정보를 바탕으로 가격과 코스 구성, 영업시간 및 연락 수단을 비교해 이용 전 참고할 수 있습니다.","shops/gyeonggi/yongin/giheung-gu/보정동/love테라피/index.html || 용인시-기흥구 보정동에서 love테라피 이용 전 확인할 정보를 모았습니다. 70,000원부터 시작하는 가격과 60분·90분 코스 정보를 바탕으로 가격과 코스 구성, 영업시간 및 연락 수단을 비교해 이용 전 참고할 수 있습니다.",""
"DESCRIPTION_TEMPLATE","1135","업체상세","2","loc loc x 에서 x 이용 전 확인할 정보를 모았습니다 n n 부터 확인되는 가격과 n n 코스 정보를 참고해 코스별 이용시간과 가격 운영시간 및 연락 방법을 비교할 수 있습니다","shops/gyeonggi/seongnam/sujeong-gu/태평동/너무이쁜테라피/index.html || 성남시-수정구 태평동에서 너무이쁜테라피 이용 전 확인할 정보를 모았습니다. 60,000원부터 확인되는 가격과 60분·90분 코스 정보를 참고해 코스별 이용시간과 가격, 운영시간 및 연락 방법을 비교할 수 있습니다.","shops/gyeonggi/seongnam/jungwon-gu/하대원동/한국미인테라피/index.html || 성남시-중원구 하대원동에서 한국미인테라피 이용 전 확인할 정보를 모았습니다. 100,000원부터 확인되는 가격과 60분·90분 코스 정보를 참고해 코스별 이용시간과 가격, 운영시간 및 연락 방법을 비교할 수 있습니다.",""
"DESCRIPTION_TEMPLATE","1136","업체상세","2","x 이용 전 살펴볼 loc loc x 지역 정보를 한곳에 모았습니다 n n 부터 확인되는 가격 정보와 n n 코스 시간을 함께 살펴보고 이용 전 필요한 코스 가격 운영시간과 연락 정보를 한 번에 살펴볼 수 있습니다","shops/gyeonggi/seongnam/jungwon-gu/상대원동/한국미인테라피/index.html || 한국미인테라피 이용 전 살펴볼 성남시-중원구 상대원동 지역 정보를 한곳에 모았습니다. 100,000원부터 확인되는 가격 정보와 60분·90분 코스 시간을 함께 살펴보고 이용 전 필요한 코스·가격·운영시간과 연락 정보를 한 번에 살펴볼 수 있습니다.","shops/gyeonggi/hwaseong/manse-gu/우정읍/프리미엄테라피/index.html || 프리미엄테라피 이용 전 살펴볼 화성시-만세구 우정읍 지역 정보를 한곳에 모았습니다. 60,000원부터 확인되는 가격 정보와 60분·90분 코스 시간을 함께 살펴보고 이용 전 필요한 코스·가격·운영시간과 연락 정보를 한 번에 살펴볼 수 있습니다.",""
"DESCRIPTION_TEMPLATE","1137","업체상세","2","x 이용 전 살펴볼 loc loc x 지역 정보를 한곳에 모았습니다 n n 부터 확인되는 가격 정보와 n n 코스 시간을 함께 살펴보고 코스 구성과 가격 운영시간 연락 방법을 한곳에서 확인할 수 있습니다","shops/gyeonggi/seongnam/jungwon-gu/금광동/love테라피/index.html || love테라피 이용 전 살펴볼 성남시-중원구 금광동 지역 정보를 한곳에 모았습니다. 70,000원부터 확인되는 가격 정보와 60분·90분 코스 시간을 함께 살펴보고 코스 구성과 가격, 운영시간, 연락 방법을 한곳에서 확인할 수 있습니다.","shops/gyeonggi/suwon/jangan-gu/조원동/한국미인테라피/index.html || 한국미인테라피 이용 전 살펴볼 수원시-장안구 조원동 지역 정보를 한곳에 모았습니다. 100,000원부터 확인되는 가격 정보와 60분·90분 코스 시간을 함께 살펴보고 코스 구성과 가격, 운영시간, 연락 방법을 한곳에서 확인할 수 있습니다.",""
"DESCRIPTION_TEMPLATE","1138","업체상세","2","loc loc x 지역의 x 이용 정보를 정리했습니다 n n 부터 확인되는 가격 정보와 n n 코스 시간을 함께 살펴보고 가격과 이용시간 연락 방법을 확인해 필요한 내용을 loc 비교할 수 있습니다","shops/gyeonggi/seongnam/sujeong-gu/위례동/love테라피/index.html || 성남시-수정구 위례동 지역의 love테라피 이용 정보를 정리했습니다. 70,000원부터 확인되는 가격 정보와 60분·90분 코스 시간을 함께 살펴보고 가격과 이용시간, 연락 방법을 확인해 필요한 내용을 미리 비교할 수 있습니다.","shops/gyeonggi/suwon/jangan-gu/정자동/프리미엄테라피/index.html || 수원시-장안구 정자동 지역의 프리미엄테라피 이용 정보를 정리했습니다. 60,000원부터 확인되는 가격 정보와 60분·90분 코스 시간을 함께 살펴보고 가격과 이용시간, 연락 방법을 확인해 필요한 내용을 미리 비교할 수 있습니다.",""
"DESCRIPTION_TEMPLATE","1139","업체상세","2","loc loc x 기준으로 x 운영 정보를 정리했습니다 n n 부터 확인되는 가격 정보와 n n 코스 시간을 함께 살펴보고 가격과 코스 구성 영업시간 및 연락 수단을 비교해 이용 전 참고할 수 있습니다","shops/gyeonggi/seongnam/sujeong-gu/신흥동/너무이쁜테라피/index.html || 성남시-수정구 신흥동 기준으로 너무이쁜테라피 운영 정보를 정리했습니다. 60,000원부터 확인되는 가격 정보와 60분·90분 코스 시간을 함께 살펴보고 가격과 코스 구성, 영업시간 및 연락 수단을 비교해 이용 전 참고할 수 있습니다.","shops/gyeonggi/seongnam/jungwon-gu/중앙동/프리미엄테라피/index.html || 성남시-중원구 중앙동 기준으로 프리미엄테라피 운영 정보를 정리했습니다. 60,000원부터 확인되는 가격 정보와 60분·90분 코스 시간을 함께 살펴보고 가격과 코스 구성, 영업시간 및 연락 수단을 비교해 이용 전 참고할 수 있습니다.",""
"DESCRIPTION_TEMPLATE","1140","업체상세","2","x 의 loc loc x 이용 안내입니다 n n 부터 확인되는 가격 정보와 n n 코스 시간을 함께 살펴보고 이용 가능한 코스와 가격 영업시간 전화 문자 문의 정보를 확인할 수 있습니다","shops/gyeonggi/seongnam/sujeong-gu/신흥동/한국미인테라피/index.html || 한국미인테라피의 성남시-수정구 신흥동 이용 안내입니다. 100,000원부터 확인되는 가격 정보와 60분·90분 코스 시간을 함께 살펴보고 이용 가능한 코스와 가격, 영업시간, 전화·문자 문의 정보를 확인할 수 있습니다.","shops/gyeonggi/yongin/giheung-gu/상갈동/love테라피/index.html || love테라피의 용인시-기흥구 상갈동 이용 안내입니다. 70,000원부터 확인되는 가격 정보와 60분·90분 코스 시간을 함께 살펴보고 이용 가능한 코스와 가격, 영업시간, 전화·문자 문의 정보를 확인할 수 있습니다.",""
"DESCRIPTION_TEMPLATE","1141","업체상세","2","loc loc x 기준 x 의 코스와 이용 정보를 확인할 수 있습니다 n n 시간 구성과 n n 부터 시작하는 가격을 확인하면서 이용 전 필요한 코스 가격 운영시간과 연락 정보를 한 번에 살펴볼 수 있습니다","shops/gyeonggi/seongnam/sujeong-gu/양지동/한국미인테라피/index.html || 성남시-수정구 양지동 기준 한국미인테라피의 코스와 이용 정보를 확인할 수 있습니다. 60분·90분 시간 구성과 100,000원부터 시작하는 가격을 확인하면서 이용 전 필요한 코스·가격·운영시간과 연락 정보를 한 번에 살펴볼 수 있습니다.","shops/gyeonggi/hwaseong/hyohaeng-gu/기배동/한국미인테라피/index.html || 화성시-효행구 기배동 기준 한국미인테라피의 코스와 이용 정보를 확인할 수 있습니다. 60분·90분 시간 구성과 100,000원부터 시작하는 가격을 확인하면서 이용 전 필요한 코스·가격·운영시간과 연락 정보를 한 번에 살펴볼 수 있습니다.",""
"DESCRIPTION_TEMPLATE","1142","업체상세","2","x 이용 전 살펴볼 loc loc x 지역 정보를 한곳에 모았습니다 n n 부터 확인되는 가격 정보와 n n 코스 시간을 함께 살펴보고 코스와 가격 영업시간 전화 문자 문의 방법을 함께 확인할 수 있습니다","shops/gyeonggi/seongnam/sujeong-gu/신흥동/love테라피/index.html || love테라피 이용 전 살펴볼 성남시-수정구 신흥동 지역 정보를 한곳에 모았습니다. 70,000원부터 확인되는 가격 정보와 60분·90분 코스 시간을 함께 살펴보고 코스와 가격, 영업시간, 전화·문자 문의 방법을 함께 확인할 수 있습니다.","shops/gyeonggi/ansan/sangnok-gu/이동/한국미인테라피/index.html || 한국미인테라피 이용 전 살펴볼 안산시-상록구 이동 지역 정보를 한곳에 모았습니다. 100,000원부터 확인되는 가격 정보와 60분·90분 코스 시간을 함께 살펴보고 코스와 가격, 영업시간, 전화·문자 문의 방법을 함께 확인할 수 있습니다.",""
"DESCRIPTION_TEMPLATE","1143","업체상세","2","loc loc x 에서 x 이용 전 확인할 정보를 모았습니다 n n 코스와 n n 부터 가격 코스 구성 영업시간과 문의 수단을 순서대로 확인할 수 있습니다","shops/gyeonggi/suwon/gwonseon-gu/호매실동/프리미엄테라피/index.html || 수원시-권선구 호매실동에서 프리미엄테라피 이용 전 확인할 정보를 모았습니다. 60분·90분 코스와 60,000원부터 가격, 코스 구성, 영업시간과 문의 수단을 순서대로 확인할 수 있습니다.","shops/gyeonggi/yongin/giheung-gu/영덕동/한국미인테라피/index.html || 용인시-기흥구 영덕동에서 한국미인테라피 이용 전 확인할 정보를 모았습니다. 60분·90분 코스와 100,000원부터 가격, 코스 구성, 영업시간과 문의 수단을 순서대로 확인할 수 있습니다.",""
"DESCRIPTION_TEMPLATE","1144","업체상세","2","x 의 loc loc x 이용 안내입니다 n n 이용시간과 n n 부터 확인되는 가격 정보를 함께 확인하며 코스 가격 영업시간과 전화 또는 문자 문의 방법을 확인할 수 있습니다","shops/gyeonggi/suwon/gwonseon-gu/입북동/한국미인테라피/index.html || 한국미인테라피의 수원시-권선구 입북동 이용 안내입니다. 60분·90분 이용시간과 100,000원부터 확인되는 가격 정보를 함께 확인하며 코스·가격·영업시간과 전화 또는 문자 문의 방법을 확인할 수 있습니다.","shops/gyeonggi/hwaseong/manse-gu/송산면/love테라피/index.html || love테라피의 화성시-만세구 송산면 이용 안내입니다. 60분·90분 이용시간과 70,000원부터 확인되는 가격 정보를 함께 확인하며 코스·가격·영업시간과 전화 또는 문자 문의 방법을 확인할 수 있습니다.",""
"DESCRIPTION_TEMPLATE","1145","업체상세","2","loc loc x 생활권에서 확인할 수 있는 x 정보를 담았습니다 n n 코스 구성과 n n 부터 확인되는 가격대를 확인한 뒤 가격과 코스 구성 영업시간 및 연락 수단을 비교해 이용 전 참고할 수 있습니다","shops/gyeonggi/suwon/yeongtong-gu/광교동/너무이쁜테라피/index.html || 수원시-영통구 광교동 생활권에서 확인할 수 있는 너무이쁜테라피 정보를 담았습니다. 60분·90분 코스 구성과 60,000원부터 확인되는 가격대를 확인한 뒤 가격과 코스 구성, 영업시간 및 연락 수단을 비교해 이용 전 참고할 수 있습니다.","shops/gyeonggi/anyang/dongan-gu/평안동/love테라피/index.html || 안양시-동안구 평안동 생활권에서 확인할 수 있는 love테라피 정보를 담았습니다. 60분·90분 코스 구성과 70,000원부터 확인되는 가격대를 확인한 뒤 가격과 코스 구성, 영업시간 및 연락 수단을 비교해 이용 전 참고할 수 있습니다.",""
"DESCRIPTION_TEMPLATE","1146","업체상세","2","x 의 코스와 운영 정보를 loc loc x 기준으로 안내합니다 n n 시간 구성과 n n 부터 시작하는 가격을 확인하면서 영업시간과 코스별 가격을 확인하고 전화나 문자로 세부 내용을 문의할 수 있습니다","shops/gyeonggi/suwon/yeongtong-gu/광교동/한국미인테라피/index.html || 한국미인테라피의 코스와 운영 정보를 수원시-영통구 광교동 기준으로 안내합니다. 60분·90분 시간 구성과 100,000원부터 시작하는 가격을 확인하면서 영업시간과 코스별 가격을 확인하고 전화나 문자로 세부 내용을 문의할 수 있습니다.","shops/gyeonggi/suwon/paldal-gu/고등동/프리미엄테라피/index.html || 프리미엄테라피의 코스와 운영 정보를 수원시-팔달구 고등동 기준으로 안내합니다. 60분·90분 시간 구성과 60,000원부터 시작하는 가격을 확인하면서 영업시간과 코스별 가격을 확인하고 전화나 문자로 세부 내용을 문의할 수 있습니다.",""
"DESCRIPTION_TEMPLATE","1147","업체상세","2","loc loc x 에서 이용 가능한 x 정보를 보기 쉽게 정리했습니다 n n 시간 구성과 n n 부터 시작하는 가격을 확인하면서 가격 코스 구성 영업시간과 문의 수단을 순서대로 확인할 수 있습니다","shops/gyeonggi/suwon/gwonseon-gu/세류동/프리미엄테라피/index.html || 수원시-권선구 세류동에서 이용 가능한 프리미엄테라피 정보를 보기 쉽게 정리했습니다. 60분·90분 시간 구성과 60,000원부터 시작하는 가격을 확인하면서 가격, 코스 구성, 영업시간과 문의 수단을 순서대로 확인할 수 있습니다.","shops/gyeonggi/suwon/jangan-gu/연무동/love테라피/index.html || 수원시-장안구 연무동에서 이용 가능한 love테라피 정보를 보기 쉽게 정리했습니다. 60분·90분 시간 구성과 70,000원부터 시작하는 가격을 확인하면서 가격, 코스 구성, 영업시간과 문의 수단을 순서대로 확인할 수 있습니다.",""
"DESCRIPTION_TEMPLATE","1148","업체상세","2","loc x 기준으로 x 운영 정보를 정리했습니다 n n 코스와 n n 부터 확인되는 가격 정보를 포함해 가격 코스 구성 영업시간과 문의 수단을 순서대로 확인할 수 있습니다","shops/seoul/mapo-gu/공덕동/프리미엄테라피/index.html || 마포구 공덕동 기준으로 프리미엄테라피 운영 정보를 정리했습니다. 60분·90분 코스와 60,000원부터 확인되는 가격 정보를 포함해 가격, 코스 구성, 영업시간과 문의 수단을 순서대로 확인할 수 있습니다.","shops/incheon/gyeyang-gu/계산동/너무이쁜테라피/index.html || 계양구 계산동 기준으로 너무이쁜테라피 운영 정보를 정리했습니다. 60분·90분 코스와 60,000원부터 확인되는 가격 정보를 포함해 가격, 코스 구성, 영업시간과 문의 수단을 순서대로 확인할 수 있습니다.",""
"DESCRIPTION_TEMPLATE","1149","업체상세","2","loc loc x 기준 x 의 코스와 이용 정보를 확인할 수 있습니다 n n 코스 구성과 n n 부터 확인되는 가격대를 확인한 뒤 이용 가능한 코스와 가격 영업시간 전화 문자 문의 정보를 확인할 수 있습니다","shops/gyeonggi/seongnam/jungwon-gu/상대원동/너무이쁜테라피/index.html || 성남시-중원구 상대원동 기준 너무이쁜테라피의 코스와 이용 정보를 확인할 수 있습니다. 60분·90분 코스 구성과 60,000원부터 확인되는 가격대를 확인한 뒤 이용 가능한 코스와 가격, 영업시간, 전화·문자 문의 정보를 확인할 수 있습니다.","shops/gyeonggi/anyang/manan-gu/석수동/한국미인테라피/index.html || 안양시-만안구 석수동 기준 한국미인테라피의 코스와 이용 정보를 확인할 수 있습니다. 60분·90분 코스 구성과 100,000원부터 확인되는 가격대를 확인한 뒤 이용 가능한 코스와 가격, 영업시간, 전화·문자 문의 정보를 확인할 수 있습니다.",""
"DESCRIPTION_TEMPLATE","1150","업체상세","2","x 관련 loc loc x 정보를 확인할 수 있습니다 n n 부터 시작하는 가격과 n n 코스 정보를 바탕으로 코스와 가격 영업시간 전화 문자 문의 방법을 함께 확인할 수 있습니다","shops/gyeonggi/suwon/gwonseon-gu/곡선동/프리미엄테라피/index.html || 프리미엄테라피 관련 수원시-권선구 곡선동 정보를 확인할 수 있습니다. 60,000원부터 시작하는 가격과 60분·90분 코스 정보를 바탕으로 코스와 가격, 영업시간, 전화·문자 문의 방법을 함께 확인할 수 있습니다.","shops/gyeonggi/suwon/jangan-gu/연무동/너무이쁜테라피/index.html || 너무이쁜테라피 관련 수원시-장안구 연무동 정보를 확인할 수 있습니다. 60,000원부터 시작하는 가격과 60분·90분 코스 정보를 바탕으로 코스와 가격, 영업시간, 전화·문자 문의 방법을 함께 확인할 수 있습니다.",""
"DESCRIPTION_TEMPLATE","1151","업체상세","2","x 의 코스와 운영 정보를 loc loc x 기준으로 안내합니다 n n 부터 시작하는 가격과 n n 코스 정보를 바탕으로 가격 코스 구성 영업시간과 문의 수단을 순서대로 확인할 수 있습니다","shops/gyeonggi/seongnam/jungwon-gu/은행동/love테라피/index.html || love테라피의 코스와 운영 정보를 성남시-중원구 은행동 기준으로 안내합니다. 70,000원부터 시작하는 가격과 60분·90분 코스 정보를 바탕으로 가격, 코스 구성, 영업시간과 문의 수단을 순서대로 확인할 수 있습니다.","shops/gyeonggi/ansan/danwon-gu/중앙동/한국미인테라피/index.html || 한국미인테라피의 코스와 운영 정보를 안산시-단원구 중앙동 기준으로 안내합니다. 100,000원부터 시작하는 가격과 60분·90분 코스 정보를 바탕으로 가격, 코스 구성, 영업시간과 문의 수단을 순서대로 확인할 수 있습니다.",""
"DESCRIPTION_TEMPLATE","1152","업체상세","2","loc loc x 지역의 x 이용 정보를 정리했습니다 n n 시간 구성과 n n 부터 시작하는 가격을 확인하면서 가격과 이용시간 연락 방법을 확인해 필요한 내용을 loc 비교할 수 있습니다","shops/gyeonggi/seongnam/sujeong-gu/신촌동/프리미엄테라피/index.html || 성남시-수정구 신촌동 지역의 프리미엄테라피 이용 정보를 정리했습니다. 60분·90분 시간 구성과 60,000원부터 시작하는 가격을 확인하면서 가격과 이용시간, 연락 방법을 확인해 필요한 내용을 미리 비교할 수 있습니다.","shops/gyeonggi/suwon/jangan-gu/율천동/프리미엄테라피/index.html || 수원시-장안구 율천동 지역의 프리미엄테라피 이용 정보를 정리했습니다. 60분·90분 시간 구성과 60,000원부터 시작하는 가격을 확인하면서 가격과 이용시간, 연락 방법을 확인해 필요한 내용을 미리 비교할 수 있습니다.",""
"DESCRIPTION_TEMPLATE","1153","업체상세","2","x 의 코스와 운영 정보를 loc loc x 기준으로 안내합니다 n n 부터 확인되는 가격과 n n 코스 정보를 참고해 이용 전 필요한 코스 가격 운영시간과 연락 정보를 한 번에 살펴볼 수 있습니다","shops/gyeonggi/seongnam/bundang-gu/수내동/love테라피/index.html || love테라피의 코스와 운영 정보를 성남시-분당구 수내동 기준으로 안내합니다. 70,000원부터 확인되는 가격과 60분·90분 코스 정보를 참고해 이용 전 필요한 코스·가격·운영시간과 연락 정보를 한 번에 살펴볼 수 있습니다.","shops/gyeonggi/seongnam/jungwon-gu/도촌동/너무이쁜테라피/index.html || 너무이쁜테라피의 코스와 운영 정보를 성남시-중원구 도촌동 기준으로 안내합니다. 60,000원부터 확인되는 가격과 60분·90분 코스 정보를 참고해 이용 전 필요한 코스·가격·운영시간과 연락 정보를 한 번에 살펴볼 수 있습니다.",""
"DESCRIPTION_TEMPLATE","1154","업체상세","2","x 관련 loc loc x 정보를 확인할 수 있습니다 n n 코스와 n n 부터 확인되는 가격 정보를 포함해 코스 구성과 가격 운영시간 연락 방법을 한곳에서 확인할 수 있습니다","shops/gyeonggi/seongnam/bundang-gu/삼평동/love테라피/index.html || love테라피 관련 성남시-분당구 삼평동 정보를 확인할 수 있습니다. 60분·90분 코스와 70,000원부터 확인되는 가격 정보를 포함해 코스 구성과 가격, 운영시간, 연락 방법을 한곳에서 확인할 수 있습니다.","shops/gyeonggi/suwon/gwonseon-gu/금곡동/한국미인테라피/index.html || 한국미인테라피 관련 수원시-권선구 금곡동 정보를 확인할 수 있습니다. 60분·90분 코스와 100,000원부터 확인되는 가격 정보를 포함해 코스 구성과 가격, 운영시간, 연락 방법을 한곳에서 확인할 수 있습니다.",""
"DESCRIPTION_TEMPLATE","1155","업체상세","2","loc loc x 기준으로 x 운영 정보를 정리했습니다 n n 부터 확인되는 가격과 n n 코스 정보를 참고해 코스 구성과 가격 운영시간 연락 방법을 한곳에서 확인할 수 있습니다","shops/gyeonggi/seongnam/bundang-gu/야탑동/너무이쁜테라피/index.html || 성남시-분당구 야탑동 기준으로 너무이쁜테라피 운영 정보를 정리했습니다. 60,000원부터 확인되는 가격과 60분·90분 코스 정보를 참고해 코스 구성과 가격, 운영시간, 연락 방법을 한곳에서 확인할 수 있습니다.","shops/gyeonggi/suwon/gwonseon-gu/구운동/love테라피/index.html || 수원시-권선구 구운동 기준으로 love테라피 운영 정보를 정리했습니다. 70,000원부터 확인되는 가격과 60분·90분 코스 정보를 참고해 코스 구성과 가격, 운영시간, 연락 방법을 한곳에서 확인할 수 있습니다.",""
"DESCRIPTION_TEMPLATE","1156","업체상세","2","loc loc x 기준으로 x 운영 정보를 정리했습니다 n n 부터 시작하는 가격과 n n 코스 정보를 바탕으로 코스별 이용시간과 가격 운영시간 및 연락 방법을 비교할 수 있습니다","shops/gyeonggi/seongnam/bundang-gu/야탑동/한국미인테라피/index.html || 성남시-분당구 야탑동 기준으로 한국미인테라피 운영 정보를 정리했습니다. 100,000원부터 시작하는 가격과 60분·90분 코스 정보를 바탕으로 코스별 이용시간과 가격, 운영시간 및 연락 방법을 비교할 수 있습니다.","shops/gyeonggi/ansan/sangnok-gu/반월동/너무이쁜테라피/index.html || 안산시-상록구 반월동 기준으로 너무이쁜테라피 운영 정보를 정리했습니다. 60,000원부터 시작하는 가격과 60분·90분 코스 정보를 바탕으로 코스별 이용시간과 가격, 운영시간 및 연락 방법을 비교할 수 있습니다.",""
"DESCRIPTION_TEMPLATE","1157","업체상세","2","loc x 기준으로 x 운영 정보를 정리했습니다 n n 부터 시작하는 가격과 n n 코스 정보를 바탕으로 코스와 가격 영업시간 전화 문자 문의 방법을 함께 확인할 수 있습니다","shops/seoul/mapo-gu/도화동/love테라피/index.html || 마포구 도화동 기준으로 love테라피 운영 정보를 정리했습니다. 70,000원부터 시작하는 가격과 60분·90분 코스 정보를 바탕으로 코스와 가격, 영업시간, 전화·문자 문의 방법을 함께 확인할 수 있습니다.","shops/seoul/yeongdeungpo-gu/양평동/한국미인테라피/index.html || 영등포구 양평동 기준으로 한국미인테라피 운영 정보를 정리했습니다. 100,000원부터 시작하는 가격과 60분·90분 코스 정보를 바탕으로 코스와 가격, 영업시간, 전화·문자 문의 방법을 함께 확인할 수 있습니다.",""
"DESCRIPTION_TEMPLATE","1158","업체상세","2","loc loc x 기준 x 의 코스와 이용 정보를 확인할 수 있습니다 n n 부터 시작하는 가격과 n n 코스 정보를 바탕으로 코스와 가격 영업시간 전화 문자 문의 방법을 함께 확인할 수 있습니다","shops/gyeonggi/seongnam/bundang-gu/구미동/프리미엄테라피/index.html || 성남시-분당구 구미동 기준 프리미엄테라피의 코스와 이용 정보를 확인할 수 있습니다. 60,000원부터 시작하는 가격과 60분·90분 코스 정보를 바탕으로 코스와 가격, 영업시간, 전화·문자 문의 방법을 함께 확인할 수 있습니다.","shops/gyeonggi/ansan/danwon-gu/대부동/너무이쁜테라피/index.html || 안산시-단원구 대부동 기준 너무이쁜테라피의 코스와 이용 정보를 확인할 수 있습니다. 60,000원부터 시작하는 가격과 60분·90분 코스 정보를 바탕으로 코스와 가격, 영업시간, 전화·문자 문의 방법을 함께 확인할 수 있습니다.",""
"DESCRIPTION_TEMPLATE","1159","업체상세","2","loc loc x 에서 이용 가능한 x 정보를 보기 쉽게 정리했습니다 n n 코스와 n n 부터 이용 전 필요한 코스 가격 운영시간과 연락 정보를 한 번에 살펴볼 수 있습니다","shops/gyeonggi/seongnam/bundang-gu/구미동/너무이쁜테라피/index.html || 성남시-분당구 구미동에서 이용 가능한 너무이쁜테라피 정보를 보기 쉽게 정리했습니다. 60분·90분 코스와 60,000원부터 이용 전 필요한 코스·가격·운영시간과 연락 정보를 한 번에 살펴볼 수 있습니다.","shops/gyeonggi/hwaseong/manse-gu/새솔동/너무이쁜테라피/index.html || 화성시-만세구 새솔동에서 이용 가능한 너무이쁜테라피 정보를 보기 쉽게 정리했습니다. 60분·90분 코스와 60,000원부터 이용 전 필요한 코스·가격·운영시간과 연락 정보를 한 번에 살펴볼 수 있습니다.",""
"DESCRIPTION_TEMPLATE","1160","업체상세","2","loc loc x 생활권에서 확인할 수 있는 x 정보를 담았습니다 n n 시간 구성과 n n 부터 시작하는 가격을 확인하면서 코스별 이용시간과 가격 운영시간 및 연락 방법을 비교할 수 있습니다","shops/gyeonggi/seongnam/bundang-gu/분당동/프리미엄테라피/index.html || 성남시-분당구 분당동 생활권에서 확인할 수 있는 프리미엄테라피 정보를 담았습니다. 60분·90분 시간 구성과 60,000원부터 시작하는 가격을 확인하면서 코스별 이용시간과 가격, 운영시간 및 연락 방법을 비교할 수 있습니다.","shops/gyeonggi/ansan/sangnok-gu/반월동/love테라피/index.html || 안산시-상록구 반월동 생활권에서 확인할 수 있는 love테라피 정보를 담았습니다. 60분·90분 시간 구성과 70,000원부터 시작하는 가격을 확인하면서 코스별 이용시간과 가격, 운영시간 및 연락 방법을 비교할 수 있습니다.",""
"DESCRIPTION_TEMPLATE","1161","업체상세","2","loc loc x 생활권에서 확인할 수 있는 x 정보를 담았습니다 n n 시간 구성과 n n 부터 시작하는 가격을 확인하면서 코스 가격 영업시간과 전화 또는 문자 문의 방법을 확인할 수 있습니다","shops/gyeonggi/seongnam/bundang-gu/백현동/너무이쁜테라피/index.html || 성남시-분당구 백현동 생활권에서 확인할 수 있는 너무이쁜테라피 정보를 담았습니다. 60분·90분 시간 구성과 60,000원부터 시작하는 가격을 확인하면서 코스·가격·영업시간과 전화 또는 문자 문의 방법을 확인할 수 있습니다.","shops/gyeonggi/yongin/suji-gu/동천동/love테라피/index.html || 용인시-수지구 동천동 생활권에서 확인할 수 있는 love테라피 정보를 담았습니다. 60분·90분 시간 구성과 70,000원부터 시작하는 가격을 확인하면서 코스·가격·영업시간과 전화 또는 문자 문의 방법을 확인할 수 있습니다.",""
"DESCRIPTION_TEMPLATE","1162","업체상세","2","x 의 loc loc x 이용 안내입니다 n n 코스 구성과 n n 부터 확인되는 가격대를 확인한 뒤 코스 가격 영업시간과 전화 또는 문자 문의 방법을 확인할 수 있습니다","shops/gyeonggi/seongnam/sujeong-gu/시흥동/프리미엄테라피/index.html || 프리미엄테라피의 성남시-수정구 시흥동 이용 안내입니다. 60분·90분 코스 구성과 60,000원부터 확인되는 가격대를 확인한 뒤 코스·가격·영업시간과 전화 또는 문자 문의 방법을 확인할 수 있습니다.","shops/gyeonggi/yongin/cheoin-gu/남사읍/너무이쁜테라피/index.html || 너무이쁜테라피의 용인시-처인구 남사읍 이용 안내입니다. 60분·90분 코스 구성과 60,000원부터 확인되는 가격대를 확인한 뒤 코스·가격·영업시간과 전화 또는 문자 문의 방법을 확인할 수 있습니다.",""
"DESCRIPTION_TEMPLATE","1163","업체상세","2","x 의 loc loc x 운영 정보와 문의 방법을 정리했습니다 n n 시간 구성과 n n 부터 시작하는 가격을 확인하면서 이용 가능한 코스와 가격 영업시간 전화 문자 문의 정보를 확인할 수 있습니다","shops/gyeonggi/seongnam/sujeong-gu/산성동/프리미엄테라피/index.html || 프리미엄테라피의 성남시-수정구 산성동 운영 정보와 문의 방법을 정리했습니다. 60분·90분 시간 구성과 60,000원부터 시작하는 가격을 확인하면서 이용 가능한 코스와 가격, 영업시간, 전화·문자 문의 정보를 확인할 수 있습니다.","shops/gyeonggi/seongnam/jungwon-gu/하대원동/love테라피/index.html || love테라피의 성남시-중원구 하대원동 운영 정보와 문의 방법을 정리했습니다. 60분·90분 시간 구성과 70,000원부터 시작하는 가격을 확인하면서 이용 가능한 코스와 가격, 영업시간, 전화·문자 문의 정보를 확인할 수 있습니다.",""
"DESCRIPTION_TEMPLATE","1164","업체상세","2","loc loc x 기준으로 x 운영 정보를 정리했습니다 n n 부터 확인되는 가격 정보와 n n 코스 시간을 함께 살펴보고 가격 코스 구성 영업시간과 문의 수단을 순서대로 확인할 수 있습니다","shops/gyeonggi/seongnam/sujeong-gu/신촌동/love테라피/index.html || 성남시-수정구 신촌동 기준으로 love테라피 운영 정보를 정리했습니다. 70,000원부터 확인되는 가격 정보와 60분·90분 코스 시간을 함께 살펴보고 가격, 코스 구성, 영업시간과 문의 수단을 순서대로 확인할 수 있습니다.","shops/gyeonggi/hwaseong/manse-gu/팔탄면/love테라피/index.html || 화성시-만세구 팔탄면 기준으로 love테라피 운영 정보를 정리했습니다. 70,000원부터 확인되는 가격 정보와 60분·90분 코스 시간을 함께 살펴보고 가격, 코스 구성, 영업시간과 문의 수단을 순서대로 확인할 수 있습니다.",""
"DESCRIPTION_TEMPLATE","1165","업체상세","2","loc loc x 에서 이용 가능한 x 정보를 보기 쉽게 정리했습니다 n n 이용시간과 n n 부터 확인되는 가격 정보를 함께 확인하며 코스 가격 영업시간과 전화 또는 문자 문의 방법을 확인할 수 있습니다","shops/gyeonggi/seongnam/sujeong-gu/신촌동/너무이쁜테라피/index.html || 성남시-수정구 신촌동에서 이용 가능한 너무이쁜테라피 정보를 보기 쉽게 정리했습니다. 60분·90분 이용시간과 60,000원부터 확인되는 가격 정보를 함께 확인하며 코스·가격·영업시간과 전화 또는 문자 문의 방법을 확인할 수 있습니다.","shops/gyeonggi/ansan/sangnok-gu/부곡동/love테라피/index.html || 안산시-상록구 부곡동에서 이용 가능한 love테라피 정보를 보기 쉽게 정리했습니다. 60분·90분 이용시간과 70,000원부터 확인되는 가격 정보를 함께 확인하며 코스·가격·영업시간과 전화 또는 문자 문의 방법을 확인할 수 있습니다.",""
"DESCRIPTION_TEMPLATE","1166","업체상세","2","loc loc x 지역의 x 이용 정보를 정리했습니다 n n 부터 시작하는 가격과 n n 코스 정보를 바탕으로 코스별 이용시간과 가격 운영시간 및 연락 방법을 비교할 수 있습니다","shops/gyeonggi/seongnam/sujeong-gu/복정동/한국미인테라피/index.html || 성남시-수정구 복정동 지역의 한국미인테라피 이용 정보를 정리했습니다. 100,000원부터 시작하는 가격과 60분·90분 코스 정보를 바탕으로 코스별 이용시간과 가격, 운영시간 및 연락 방법을 비교할 수 있습니다.","shops/gyeonggi/suwon/jangan-gu/파장동/너무이쁜테라피/index.html || 수원시-장안구 파장동 지역의 너무이쁜테라피 이용 정보를 정리했습니다. 60,000원부터 시작하는 가격과 60분·90분 코스 정보를 바탕으로 코스별 이용시간과 가격, 운영시간 및 연락 방법을 비교할 수 있습니다.",""
"DESCRIPTION_TEMPLATE","1167","업체상세","2","loc loc x 에서 이용 가능한 x 정보를 보기 쉽게 정리했습니다 n n 코스와 n n 부터 확인되는 가격 정보를 포함해 코스별 시간과 가격 운영시간 전화 문자 문의 내용을 살펴볼 수 있습니다","shops/gyeonggi/seongnam/bundang-gu/정자동/한국미인테라피/index.html || 성남시-분당구 정자동에서 이용 가능한 한국미인테라피 정보를 보기 쉽게 정리했습니다. 60분·90분 코스와 100,000원부터 확인되는 가격 정보를 포함해 코스별 시간과 가격, 운영시간, 전화·문자 문의 내용을 살펴볼 수 있습니다.","shops/gyeonggi/suwon/paldal-gu/고등동/한국미인테라피/index.html || 수원시-팔달구 고등동에서 이용 가능한 한국미인테라피 정보를 보기 쉽게 정리했습니다. 60분·90분 코스와 100,000원부터 확인되는 가격 정보를 포함해 코스별 시간과 가격, 운영시간, 전화·문자 문의 내용을 살펴볼 수 있습니다.",""
"DESCRIPTION_TEMPLATE","1168","업체상세","2","x 이용을 검토할 때 참고할 loc loc x 상세 정보입니다 n n 부터 확인되는 가격 정보와 n n 코스 시간을 함께 살펴보고 이용 가능한 코스와 가격 영업시간 전화 문자 문의 정보를 확인할 수 있습니다","shops/gyeonggi/seongnam/bundang-gu/운중동/love테라피/index.html || love테라피 이용을 검토할 때 참고할 성남시-분당구 운중동 상세 정보입니다. 70,000원부터 확인되는 가격 정보와 60분·90분 코스 시간을 함께 살펴보고 이용 가능한 코스와 가격, 영업시간, 전화·문자 문의 정보를 확인할 수 있습니다.","shops/gyeonggi/seongnam/sujeong-gu/산성동/한국미인테라피/index.html || 한국미인테라피 이용을 검토할 때 참고할 성남시-수정구 산성동 상세 정보입니다. 100,000원부터 확인되는 가격 정보와 60분·90분 코스 시간을 함께 살펴보고 이용 가능한 코스와 가격, 영업시간, 전화·문자 문의 정보를 확인할 수 있습니다.",""
"DESCRIPTION_TEMPLATE","1169","업체상세","2","x 이용 전 살펴볼 loc loc x 지역 정보를 한곳에 모았습니다 n n 코스와 n n 부터 가격과 이용시간 연락 방법을 확인해 필요한 내용을 loc 비교할 수 있습니다","shops/gyeonggi/seongnam/sujeong-gu/단대동/love테라피/index.html || love테라피 이용 전 살펴볼 성남시-수정구 단대동 지역 정보를 한곳에 모았습니다. 60분·90분 코스와 70,000원부터 가격과 이용시간, 연락 방법을 확인해 필요한 내용을 미리 비교할 수 있습니다.","shops/gyeonggi/ansan/sangnok-gu/부곡동/너무이쁜테라피/index.html || 너무이쁜테라피 이용 전 살펴볼 안산시-상록구 부곡동 지역 정보를 한곳에 모았습니다. 60분·90분 코스와 60,000원부터 가격과 이용시간, 연락 방법을 확인해 필요한 내용을 미리 비교할 수 있습니다.",""
"DESCRIPTION_TEMPLATE","1170","업체상세","2","loc loc x 에서 이용 가능한 x 정보를 보기 쉽게 정리했습니다 n n 코스 구성과 n n 부터 확인되는 가격대를 확인한 뒤 코스별 이용시간과 가격 운영시간 및 연락 방법을 비교할 수 있습니다","shops/gyeonggi/seongnam/bundang-gu/판교동/한국미인테라피/index.html || 성남시-분당구 판교동에서 이용 가능한 한국미인테라피 정보를 보기 쉽게 정리했습니다. 60분·90분 코스 구성과 100,000원부터 확인되는 가격대를 확인한 뒤 코스별 이용시간과 가격, 운영시간 및 연락 방법을 비교할 수 있습니다.","shops/gyeonggi/seongnam/sujeong-gu/단대동/한국미인테라피/index.html || 성남시-수정구 단대동에서 이용 가능한 한국미인테라피 정보를 보기 쉽게 정리했습니다. 60분·90분 코스 구성과 100,000원부터 확인되는 가격대를 확인한 뒤 코스별 이용시간과 가격, 운영시간 및 연락 방법을 비교할 수 있습니다.",""
