"Type","Group","Class","Count","Template","Sample1","Sample2","Sample3"
"TITLE_TEMPLATE","1","업체상세","2741","x loc x 이용 안내","shops/seoul/gangnam-gu/역삼동/한국미인테라피/index.html || 한국미인테라피 | 강남구 역삼동 이용 안내","shops/seoul/gangnam-gu/역삼동/너무이쁜테라피/index.html || 너무이쁜테라피 | 강남구 역삼동 이용 안내","shops/seoul/gangnam-gu/역삼동/love테라피/index.html || love테라피 | 강남구 역삼동 이용 안내"
"TITLE_TEMPLATE","2","업체상세","796","x loc loc x 이용 안내","shops/gyeonggi/goyang/deogyang-gu/고양동/한국미인테라피/index.html || 한국미인테라피 | 고양시-덕양구 고양동 이용 안내","shops/gyeonggi/goyang/deogyang-gu/고양동/너무이쁜테라피/index.html || 너무이쁜테라피 | 고양시-덕양구 고양동 이용 안내","shops/gyeonggi/goyang/deogyang-gu/고양동/love테라피/index.html || love테라피 | 고양시-덕양구 고양동 이용 안내"
"TITLE_TEMPLATE","3","업체상세","127","x loc loc 이용 안내","shops/seoul/guro-gu/가리봉동/한국미인테라피/index.html || 한국미인테라피 | 구로구 가리봉동 이용 안내","shops/seoul/guro-gu/가리봉동/너무이쁜테라피/index.html || 너무이쁜테라피 | 구로구 가리봉동 이용 안내","shops/seoul/guro-gu/가리봉동/love테라피/index.html || love테라피 | 구로구 가리봉동 이용 안내"
"TITLE_TEMPLATE","4","지역SEO","78","loc 생활권 안내 서울 loc 생활권 지역 이용 안내 brand","massage/화곡동-출장마사지-강서구-화곡역-주거생활권-퇴근후-목어깨-허리-피로-방문-홈케어/index.html || 화곡동 생활권 안내 | 서울 강서구 생활권·지역 이용 안내 | 몽라운지","massage/염창동-출장마사지-강서구-염창역-한강주거생활권-업무와-귀가동선-목어깨-피로-방문-홈케어/index.html || 염창동 생활권 안내 | 서울 강서구 생활권·지역 이용 안내 | 몽라운지","massage/도곡동-출장마사지-강남구-생활권-이동동선-지역정보-이용전-안내/index.html || 도곡동 생활권 안내 | 서울 강남구 생활권·지역 이용 안내 | 몽라운지"
"TITLE_TEMPLATE","5","지역SEO","76","loc kw 서울 loc 생활권 지역 이용 안내 brand","massage/개포동-출장마사지-강남구-생활권-이동동선-지역정보-이용전-안내/index.html || 개포동 출장마사지 | 서울 강남구 생활권·지역 이용 안내 | 몽라운지","massage/대치동-출장마사지-강남구-생활권-이동동선-지역정보-이용전-안내/index.html || 대치동 출장마사지 | 서울 강남구 생활권·지역 이용 안내 | 몽라운지","massage/신사동-출장마사지-강남구-생활권-이동동선-지역정보-이용전-안내/index.html || 신사동 출장마사지 | 서울 강남구 생활권·지역 이용 안내 | 몽라운지"
"TITLE_TEMPLATE","6","기타","69","loc 상세페이지 loc brand","gapyeong/index.html || 가평군 상세페이지 이동 | 몽라운지","mapo-gu/index.html || 마포구 상세페이지 이동 | 몽라운지","dobong-gu/index.html || 도봉구 상세페이지 이동 | 몽라운지"
"TITLE_TEMPLATE","7","지역SEO","64","loc 지역 이용 안내 서울 loc 생활권 지역 이용 안내 brand","massage/논현동-출장마사지-강남구-생활권-이동동선-지역정보-이용전-안내/index.html || 논현동 지역 이용 안내 | 서울 강남구 생활권·지역 이용 안내 | 몽라운지","massage/일원동-출장마사지-강남구-생활권-이동동선-지역정보-이용전-안내/index.html || 일원동 지역 이용 안내 | 서울 강남구 생활권·지역 이용 안내 | 몽라운지","massage/삼양동-출장마사지-강북구-생활권-이동동선-지역정보-이용전-안내/index.html || 삼양동 지역 이용 안내 | 서울 강북구 생활권·지역 이용 안내 | 몽라운지"
"TITLE_TEMPLATE","8","지역SEO","61","loc kw 경기 loc loc 생활권 지역 이용 안내 brand","massage/가좌동-출장마사지-고양시-일산서구-생활권-이동동선-지역정보-이용전-안내/index.html || 가좌동 출장마사지 | 경기 고양시 일산서구 생활권·지역 이용 안내 | 몽라운지","massage/능곡동-출장마사지-고양시-덕양구-생활권-이동동선-지역정보-이용전-안내/index.html || 능곡동 출장마사지 | 경기 고양시 덕양구 생활권·지역 이용 안내 | 몽라운지","massage/대덕동-출장마사지-고양시-덕양구-생활권-이동동선-지역정보-이용전-안내/index.html || 대덕동 출장마사지 | 경기 고양시 덕양구 생활권·지역 이용 안내 | 몽라운지"
"TITLE_TEMPLATE","9","지역SEO","58","loc 생활권 안내 경기 loc loc 생활권 지역 이용 안내 brand","massage/고봉동-출장마사지-고양시-일산동구-생활권-이동동선-지역정보-이용전-안내/index.html || 고봉동 생활권 안내 | 경기 고양시 일산동구 생활권·지역 이용 안내 | 몽라운지","massage/관산동-출장마사지-고양시-덕양구-생활권-이동동선-지역정보-이용전-안내/index.html || 관산동 생활권 안내 | 경기 고양시 덕양구 생활권·지역 이용 안내 | 몽라운지","massage/마두동-출장마사지-고양시-일산동구-생활권-이동동선-지역정보-이용전-안내/index.html || 마두동 생활권 안내 | 경기 고양시 일산동구 생활권·지역 이용 안내 | 몽라운지"
"TITLE_TEMPLATE","10","지역SEO","54","loc 지역 이용 안내 경기 loc loc 생활권 지역 이용 안내 brand","massage/고양동-출장마사지-고양시-덕양구-생활권-이동동선-지역정보-이용전-안내/index.html || 고양동 지역 이용 안내 | 경기 고양시 덕양구 생활권·지역 이용 안내 | 몽라운지","massage/대화동-출장마사지-고양시-일산서구-생활권-이동동선-지역정보-이용전-안내/index.html || 대화동 지역 이용 안내 | 경기 고양시 일산서구 생활권·지역 이용 안내 | 몽라운지","massage/덕이동-출장마사지-고양시-일산서구-생활권-이동동선-지역정보-이용전-안내/index.html || 덕이동 지역 이용 안내 | 경기 고양시 일산서구 생활권·지역 이용 안내 | 몽라운지"
"TITLE_TEMPLATE","11","지역SEO","54","loc 생활권 안내 x loc 생활권 지역 이용 안내 brand","massage/관평동-출장마사지-대전-유성구-생활권-이동동선-지역정보-이용전-안내/index.html || 관평동 생활권 안내 | 대전 유성구 생활권·지역 이용 안내 | 몽라운지","massage/대화동-출장마사지-대전-대덕구-생활권-이동동선-지역정보-이용전-안내/index.html || 대화동 생활권 안내 | 대전 대덕구 생활권·지역 이용 안내 | 몽라운지","massage/상대동-출장마사지-대전-유성구-생활권-이동동선-지역정보-이용전-안내/index.html || 상대동 생활권 안내 | 대전 유성구 생활권·지역 이용 안내 | 몽라운지"
"TITLE_TEMPLATE","12","지역SEO","52","loc 지역 이용 안내 경기 loc 생활권 지역 이용 안내 brand","massage/과천동-출장마사지-과천시-생활권-이동동선-지역정보-이용전-안내/index.html || 과천동 지역 이용 안내 | 경기 과천시 생활권·지역 이용 안내 | 몽라운지","massage/문원동-출장마사지-과천시-생활권-이동동선-지역정보-이용전-안내/index.html || 문원동 지역 이용 안내 | 경기 과천시 생활권·지역 이용 안내 | 몽라운지","massage/원문동-출장마사지-과천시-생활권-이동동선-지역정보-이용전-안내/index.html || 원문동 지역 이용 안내 | 경기 과천시 생활권·지역 이용 안내 | 몽라운지"
"TITLE_TEMPLATE","13","업체상세","50","x 천안 x 이용 안내","shops/other/cheonan/dongnam-gu/광덕면/한국미인테라피/index.html || 한국미인테라피 | 천안 광덕면 이용 안내","shops/other/cheonan/dongnam-gu/광덕면/love테라피/index.html || love테라피 | 천안 광덕면 이용 안내","shops/other/cheonan/dongnam-gu/동면/한국미인테라피/index.html || 한국미인테라피 | 천안 동면 이용 안내"
"TITLE_TEMPLATE","14","지역SEO","41","loc 생활권 안내 경기 loc 생활권 지역 이용 안내 brand","massage/갈현동-출장마사지-과천시-생활권-이동동선-지역정보-이용전-안내/index.html || 갈현동 생활권 안내 | 경기 과천시 생활권·지역 이용 안내 | 몽라운지","massage/소하동-출장마사지-광명시-생활권-이동동선-지역정보-이용전-안내/index.html || 소하동 생활권 안내 | 경기 광명시 생활권·지역 이용 안내 | 몽라운지","massage/경안동-출장마사지-광주시-생활권-이동동선-지역정보-이용전-안내/index.html || 경안동 생활권 안내 | 경기 광주시 생활권·지역 이용 안내 | 몽라운지"
"TITLE_TEMPLATE","15","지역SEO","41","loc 지역 이용 안내 x loc 생활권 지역 이용 안내 brand","massage/노은동-출장마사지-대전-유성구-생활권-이동동선-지역정보-이용전-안내/index.html || 노은동 지역 이용 안내 | 대전 유성구 생활권·지역 이용 안내 | 몽라운지","massage/덕암동-출장마사지-대전-대덕구-생활권-이동동선-지역정보-이용전-안내/index.html || 덕암동 지역 이용 안내 | 대전 대덕구 생활권·지역 이용 안내 | 몽라운지","massage/목상동-출장마사지-대전-대덕구-생활권-이동동선-지역정보-이용전-안내/index.html || 목상동 지역 이용 안내 | 대전 대덕구 생활권·지역 이용 안내 | 몽라운지"
"TITLE_TEMPLATE","16","지역SEO","40","loc kw x loc 생활권 지역 이용 안내 brand","massage/구즉동-출장마사지-대전-유성구-생활권-이동동선-지역정보-이용전-안내/index.html || 구즉동 출장마사지 | 대전 유성구 생활권·지역 이용 안내 | 몽라운지","massage/송촌동-출장마사지-대전-대덕구-생활권-이동동선-지역정보-이용전-안내/index.html || 송촌동 출장마사지 | 대전 대덕구 생활권·지역 이용 안내 | 몽라운지","massage/신탄진동-출장마사지-대전-대덕구-생활권-이동동선-지역정보-이용전-안내/index.html || 신탄진동 출장마사지 | 대전 대덕구 생활권·지역 이용 안내 | 몽라운지"
"TITLE_TEMPLATE","17","지역SEO","40","loc kw 경기 loc 생활권 지역 이용 안내 brand","massage/별양동-출장마사지-과천시-생활권-이동동선-지역정보-이용전-안내/index.html || 별양동 출장마사지 | 경기 과천시 생활권·지역 이용 안내 | 몽라운지","massage/부림동-출장마사지-과천시-생활권-이동동선-지역정보-이용전-안내/index.html || 부림동 출장마사지 | 경기 과천시 생활권·지역 이용 안내 | 몽라운지","massage/중앙동-출장마사지-과천시-생활권-이동동선-지역정보-이용전-안내/index.html || 중앙동 출장마사지 | 경기 과천시 생활권·지역 이용 안내 | 몽라운지"
"TITLE_TEMPLATE","18","지역SEO","29","x x 지역 안내 kw 이용 범위 생활권 정보 brand","massage/반포면-출장마사지-공주-생활권-지역정보-이용안내/index.html || 공주 반포면 지역 안내 | 출장마사지 이용 범위·생활권 정보 | 몽라운지","massage/신풍면-출장마사지-공주-생활권-지역정보-이용안내/index.html || 공주 신풍면 지역 안내 | 출장마사지 이용 범위·생활권 정보 | 몽라운지","massage/우성면-출장마사지-공주-생활권-지역정보-이용안내/index.html || 공주 우성면 지역 안내 | 출장마사지 이용 범위·생활권 정보 | 몽라운지"
"TITLE_TEMPLATE","19","업체상세","28","x 익산 x 이용 안내","shops/other/iksan/금마면/상큼테라피/index.html || 상큼테라피 | 익산 금마면 이용 안내","shops/other/iksan/남중동/상큼테라피/index.html || 상큼테라피 | 익산 남중동 이용 안내","shops/other/iksan/낭산면/상큼테라피/index.html || 상큼테라피 | 익산 낭산면 이용 안내"
"TITLE_TEMPLATE","20","지역SEO","26","loc kw x 생활권 인접 지역 안내 brand","massage/신둔면-출장마사지-이천시-생활권-지역정보-이용안내/index.html || 신둔면 출장마사지 | 이천시 생활권·인접 지역 안내 | 몽라운지","massage/호법면-출장마사지-이천시-생활권-지역정보-이용안내/index.html || 호법면 출장마사지 | 이천시 생활권·인접 지역 안내 | 몽라운지","massage/적성면-출장마사지-파주시-생활권-지역정보-이용안내/index.html || 적성면 출장마사지 | 파주시 생활권·인접 지역 안내 | 몽라운지"
"TITLE_TEMPLATE","21","지역SEO","26","x loc 지역 안내 kw 이용 범위 생활권 정보 brand","massage/백사면-출장마사지-이천시-생활권-지역정보-이용안내/index.html || 이천시 백사면 지역 안내 | 출장마사지 이용 범위·생활권 정보 | 몽라운지","massage/부발읍-출장마사지-이천시-생활권-지역정보-이용안내/index.html || 이천시 부발읍 지역 안내 | 출장마사지 이용 범위·생활권 정보 | 몽라운지","massage/장단면-출장마사지-파주시-생활권-지역정보-이용안내/index.html || 파주시 장단면 지역 안내 | 출장마사지 이용 범위·생활권 정보 | 몽라운지"
"TITLE_TEMPLATE","22","지역SEO","25","loc 지역 이용 정보 x 생활권 위치 안내 brand","massage/광탄면-출장마사지-파주시-생활권-지역정보-이용안내/index.html || 광탄면 지역 이용 정보 | 파주시 생활권·위치 안내 | 몽라운지","massage/문산읍-출장마사지-파주시-생활권-지역정보-이용안내/index.html || 문산읍 지역 이용 정보 | 파주시 생활권·위치 안내 | 몽라운지","massage/법원읍-출장마사지-파주시-생활권-지역정보-이용안내/index.html || 법원읍 지역 이용 정보 | 파주시 생활권·위치 안내 | 몽라운지"
"TITLE_TEMPLATE","23","업체상세","24","x 아산 x 이용 안내","shops/other/asan/도고면/한국미인테라피/index.html || 한국미인테라피 | 아산 도고면 이용 안내","shops/other/asan/도고면/love테라피/index.html || love테라피 | 아산 도고면 이용 안내","shops/other/asan/둔포면/한국미인테라피/index.html || 한국미인테라피 | 아산 둔포면 이용 안내"
"TITLE_TEMPLATE","24","지역SEO","23","x 지역 이용 정보 x 생활권 위치 안내 brand","massage/율면-출장마사지-이천시-생활권-지역정보-이용안내/index.html || 율면 지역 이용 정보 | 이천시 생활권·위치 안내 | 몽라운지","massage/두마면-출장마사지-계룡-생활권-지역정보-이용안내/index.html || 두마면 지역 이용 정보 | 계룡 생활권·위치 안내 | 몽라운지","massage/신도안면-출장마사지-계룡-생활권-지역정보-이용안내/index.html || 신도안면 지역 이용 정보 | 계룡 생활권·위치 안내 | 몽라운지"
"TITLE_TEMPLATE","25","지역SEO","22","loc 생활권 안내 x x 인접 지역 loc 정보 brand","massage/부계면-출장마사지-대구-군위군-생활권-지역정보-이용안내/index.html || 부계면 생활권 안내 | 대구 군위군 인접 지역·이동 정보 | 몽라운지","massage/구지면-출장마사지-대구-달성군-생활권-지역정보-이용안내/index.html || 구지면 생활권 안내 | 대구 달성군 인접 지역·이동 정보 | 몽라운지","massage/하빈면-출장마사지-대구-달성군-생활권-지역정보-이용안내/index.html || 하빈면 생활권 안내 | 대구 달성군 인접 지역·이동 정보 | 몽라운지"
"TITLE_TEMPLATE","26","지역SEO","22","loc 생활권 안내 x 인접 지역 loc 정보 brand","massage/설성면-출장마사지-이천시-생활권-지역정보-이용안내/index.html || 설성면 생활권 안내 | 이천시 인접 지역·이동 정보 | 몽라운지","massage/월롱면-출장마사지-파주시-생활권-지역정보-이용안내/index.html || 월롱면 생활권 안내 | 파주시 인접 지역·이동 정보 | 몽라운지","massage/조리읍-출장마사지-파주시-생활권-지역정보-이용안내/index.html || 조리읍 생활권 안내 | 파주시 인접 지역·이동 정보 | 몽라운지"
"TITLE_TEMPLATE","27","지역SEO","22","x loc kw x 생활권 지역 안내 brand","massage/gyeonggi/goyang/deogyang-gu/고양시-덕양구-출장마사지-동별-생활권-지역안내/index.html || 고양시 덕양구 출장마사지 | 동별 생활권·지역 안내 | 몽라운지","massage/gyeonggi/ansan/danwon-gu/안산시-단원구-출장마사지-동별-생활권-지역안내/index.html || 안산시 단원구 출장마사지 | 동별 생활권·지역 안내 | 몽라운지","massage/gyeonggi/ansan/sangnok-gu/안산시-상록구-출장마사지-동별-생활권-지역안내/index.html || 안산시 상록구 출장마사지 | 동별 생활권·지역 안내 | 몽라운지"
"TITLE_TEMPLATE","28","지역SEO","22","loc 생활권 안내 인천 loc 생활권 지역 이용 안내 brand","massage/검단동-출장마사지-검단구-생활권-이동동선-지역정보-이용전-안내/index.html || 검단동 생활권 안내 | 인천 검단구 생활권·지역 이용 안내 | 몽라운지","massage/당하동-출장마사지-검단구-생활권-이동동선-지역정보-이용전-안내/index.html || 당하동 생활권 안내 | 인천 검단구 생활권·지역 이용 안내 | 몽라운지","massage/아라동-출장마사지-검단구-생활권-이동동선-지역정보-이용전-안내/index.html || 아라동 생활권 안내 | 인천 검단구 생활권·지역 이용 안내 | 몽라운지"
"TITLE_TEMPLATE","29","지역SEO","21","loc 지역 이용 안내 x 생활권 지역 이용 안내 brand","massage/도담동-출장마사지-세종-생활권-이동동선-지역정보-이용전-안내/index.html || 도담동 지역 이용 안내 | 세종 생활권·지역 이용 안내 | 몽라운지","massage/보람동-출장마사지-세종-생활권-이동동선-지역정보-이용전-안내/index.html || 보람동 지역 이용 안내 | 세종 생활권·지역 이용 안내 | 몽라운지","massage/소담동-출장마사지-세종-생활권-이동동선-지역정보-이용전-안내/index.html || 소담동 지역 이용 안내 | 세종 생활권·지역 이용 안내 | 몽라운지"
"TITLE_TEMPLATE","30","지역SEO","21","loc 생활권 안내 x 생활권 지역 이용 안내 brand","massage/고운동-출장마사지-세종-생활권-이동동선-지역정보-이용전-안내/index.html || 고운동 생활권 안내 | 세종 생활권·지역 이용 안내 | 몽라운지","massage/나성동-출장마사지-세종-생활권-이동동선-지역정보-이용전-안내/index.html || 나성동 생활권 안내 | 세종 생활권·지역 이용 안내 | 몽라운지","massage/다정동-출장마사지-세종-생활권-이동동선-지역정보-이용전-안내/index.html || 다정동 생활권 안내 | 세종 생활권·지역 이용 안내 | 몽라운지"
"TITLE_TEMPLATE","31","지역SEO","18","loc kw 인천 loc 생활권 지역 이용 안내 brand","massage/효성동-출장마사지-계양구-생활권-이동동선-지역정보-이용전-안내/index.html || 효성동 출장마사지 | 인천 계양구 생활권·지역 이용 안내 | 몽라운지","massage/논현동-출장마사지-남동구-생활권-이동동선-지역정보-이용전-안내/index.html || 논현동 출장마사지 | 인천 남동구 생활권·지역 이용 안내 | 몽라운지","massage/서창동-출장마사지-남동구-생활권-이동동선-지역정보-이용전-안내/index.html || 서창동 출장마사지 | 인천 남동구 생활권·지역 이용 안내 | 몽라운지"
"TITLE_TEMPLATE","32","지역SEO","18","x kw x 생활권 인접 지역 안내 brand","massage/엄사면-출장마사지-계룡-생활권-지역정보-이용안내/index.html || 엄사면 출장마사지 | 계룡 생활권·인접 지역 안내 | 몽라운지","massage/계룡면-출장마사지-공주-생활권-지역정보-이용안내/index.html || 계룡면 출장마사지 | 공주 생활권·인접 지역 안내 | 몽라운지","massage/사곡면-출장마사지-공주-생활권-지역정보-이용안내/index.html || 사곡면 출장마사지 | 공주 생활권·인접 지역 안내 | 몽라운지"
"TITLE_TEMPLATE","33","지역SEO","18","x x kw 동별 생활권 지역 안내 brand","massage/other/daejeon/daedeok-gu/대전-대덕구-출장마사지-동별-생활권-지역안내/index.html || 대전 대덕구 출장마사지 | 동별 생활권·지역 안내 | 몽라운지","massage/other/daejeon/yuseong-gu/대전-유성구-출장마사지-동별-생활권-지역안내/index.html || 대전 유성구 출장마사지 | 동별 생활권·지역 안내 | 몽라운지","massage/other/cheongju/sangdang-gu/청주-상당구-출장마사지-동별-생활권-지역안내/index.html || 청주 상당구 출장마사지 | 동별 생활권·지역 안내 | 몽라운지"
"TITLE_TEMPLATE","34","지역SEO","17","loc 생활권 안내 광주 x 생활권 지역 이용 안내 brand","massage/금호동-출장마사지-광주-서구-생활권-이동동선-지역정보-이용전-안내/index.html || 금호동 생활권 안내 | 광주 서구 생활권·지역 이용 안내 | 몽라운지","massage/농성동-출장마사지-광주-서구-생활권-이동동선-지역정보-이용전-안내/index.html || 농성동 생활권 안내 | 광주 서구 생활권·지역 이용 안내 | 몽라운지","massage/동림동-출장마사지-광주-북구-생활권-이동동선-지역정보-이용전-안내/index.html || 동림동 생활권 안내 | 광주 북구 생활권·지역 이용 안내 | 몽라운지"
"TITLE_TEMPLATE","35","지역SEO","17","loc 지역 이용 안내 loc x 생활권 지역 이용 안내 brand","massage/검단동-출장마사지-대구-북구-생활권-이동동선-지역정보-이용전-안내/index.html || 검단동 지역 이용 안내 | 대구 북구 생활권·지역 이용 안내 | 몽라운지","massage/고성동-출장마사지-대구-북구-생활권-이동동선-지역정보-이용전-안내/index.html || 고성동 지역 이용 안내 | 대구 북구 생활권·지역 이용 안내 | 몽라운지","massage/공산동-출장마사지-대구-동구-생활권-이동동선-지역정보-이용전-안내/index.html || 공산동 지역 이용 안내 | 대구 동구 생활권·지역 이용 안내 | 몽라운지"
"TITLE_TEMPLATE","36","업체상세","16","x 김해 x 이용 안내","shops/other/gimhae/내외동/경남테라피/index.html || 경남테라피 | 김해 내외동 이용 안내","shops/other/gimhae/대동면/경남테라피/index.html || 경남테라피 | 김해 대동면 이용 안내","shops/other/gimhae/동상동/경남테라피/index.html || 경남테라피 | 김해 동상동 이용 안내"
"TITLE_TEMPLATE","37","지역SEO","16","loc 지역 이용 안내 광주 x 생활권 지역 이용 안내 brand","massage/건국동-출장마사지-광주-북구-생활권-이동동선-지역정보-이용전-안내/index.html || 건국동 지역 이용 안내 | 광주 북구 생활권·지역 이용 안내 | 몽라운지","massage/계림동-출장마사지-광주-동구-생활권-이동동선-지역정보-이용전-안내/index.html || 계림동 지역 이용 안내 | 광주 동구 생활권·지역 이용 안내 | 몽라운지","massage/광천동-출장마사지-광주-서구-생활권-이동동선-지역정보-이용전-안내/index.html || 광천동 지역 이용 안내 | 광주 서구 생활권·지역 이용 안내 | 몽라운지"
"TITLE_TEMPLATE","38","업체상세","16","x 공주 x 이용 안내","shops/other/gongju/계룡면/S썸바디테라피/index.html || S썸바디테라피 | 공주 계룡면 이용 안내","shops/other/gongju/금학동/S썸바디테라피/index.html || S썸바디테라피 | 공주 금학동 이용 안내","shops/other/gongju/반포면/S썸바디테라피/index.html || S썸바디테라피 | 공주 반포면 이용 안내"
"TITLE_TEMPLATE","39","지역SEO","15","loc kw x 생활권 지역 이용 안내 brand","massage/종촌동-출장마사지-세종-생활권-이동동선-지역정보-이용전-안내/index.html || 종촌동 출장마사지 | 세종 생활권·지역 이용 안내 | 몽라운지","massage/집현동-출장마사지-세종-생활권-이동동선-지역정보-이용전-안내/index.html || 집현동 출장마사지 | 세종 생활권·지역 이용 안내 | 몽라운지","massage/한솔동-출장마사지-세종-생활권-이동동선-지역정보-이용전-안내/index.html || 한솔동 출장마사지 | 세종 생활권·지역 이용 안내 | 몽라운지"
"TITLE_TEMPLATE","40","지역SEO","15","loc kw x x 생활권 인접 지역 안내 brand","massage/소보면-출장마사지-대구-군위군-생활권-지역정보-이용안내/index.html || 소보면 출장마사지 | 대구 군위군 생활권·인접 지역 안내 | 몽라운지","massage/우보면-출장마사지-대구-군위군-생활권-지역정보-이용안내/index.html || 우보면 출장마사지 | 대구 군위군 생활권·인접 지역 안내 | 몽라운지","massage/의흥면-출장마사지-대구-군위군-생활권-지역정보-이용안내/index.html || 의흥면 출장마사지 | 대구 군위군 생활권·인접 지역 안내 | 몽라운지"
"TITLE_TEMPLATE","41","지역SEO","15","loc 지역 이용 안내 인천 loc 생활권 지역 이용 안내 brand","massage/마전동-출장마사지-검단구-생활권-이동동선-지역정보-이용전-안내/index.html || 마전동 지역 이용 안내 | 인천 검단구 생활권·지역 이용 안내 | 몽라운지","massage/계산동-출장마사지-계양구-생활권-이동동선-지역정보-이용전-안내/index.html || 계산동 지역 이용 안내 | 인천 계양구 생활권·지역 이용 안내 | 몽라운지","massage/구월동-출장마사지-남동구-생활권-이동동선-지역정보-이용전-안내/index.html || 구월동 지역 이용 안내 | 인천 남동구 생활권·지역 이용 안내 | 몽라운지"
"TITLE_TEMPLATE","42","지역SEO","15","loc kw 광주 x 생활권 지역 이용 안내 brand","massage/대촌동-출장마사지-광주-남구-생활권-이동동선-지역정보-이용전-안내/index.html || 대촌동 출장마사지 | 광주 남구 생활권·지역 이용 안내 | 몽라운지","massage/동천동-출장마사지-광주-서구-생활권-이동동선-지역정보-이용전-안내/index.html || 동천동 출장마사지 | 광주 서구 생활권·지역 이용 안내 | 몽라운지","massage/백운동-출장마사지-광주-남구-생활권-이동동선-지역정보-이용전-안내/index.html || 백운동 출장마사지 | 광주 남구 생활권·지역 이용 안내 | 몽라운지"
"TITLE_TEMPLATE","43","지역SEO","14","loc 지역 이용 안내 대전 x 생활권 지역 이용 안내 brand","massage/가양동-출장마사지-대전-동구-생활권-이동동선-지역정보-이용전-안내/index.html || 가양동 지역 이용 안내 | 대전 동구 생활권·지역 이용 안내 | 몽라운지","massage/가장동-출장마사지-대전-서구-생활권-이동동선-지역정보-이용전-안내/index.html || 가장동 지역 이용 안내 | 대전 서구 생활권·지역 이용 안내 | 몽라운지","massage/괴정동-출장마사지-대전-서구-생활권-이동동선-지역정보-이용전-안내/index.html || 괴정동 지역 이용 안내 | 대전 서구 생활권·지역 이용 안내 | 몽라운지"
"TITLE_TEMPLATE","44","지역SEO","14","x 생활권 안내 x 인접 지역 loc 정보 brand","massage/장호원읍-출장마사지-이천시-생활권-지역정보-이용안내/index.html || 장호원읍 생활권 안내 | 이천시 인접 지역·이동 정보 | 몽라운지","massage/이인면-출장마사지-공주-생활권-지역정보-이용안내/index.html || 이인면 생활권 안내 | 공주 인접 지역·이동 정보 | 몽라운지","massage/정안면-출장마사지-공주-생활권-지역정보-이용안내/index.html || 정안면 생활권 안내 | 공주 인접 지역·이동 정보 | 몽라운지"
"TITLE_TEMPLATE","45","지역SEO","13","loc 생활권 안내 대전 x 생활권 지역 이용 안내 brand","massage/대사동-출장마사지-대전-중구-생활권-이동동선-지역정보-이용전-안내/index.html || 대사동 생활권 안내 | 대전 중구 생활권·지역 이용 안내 | 몽라운지","massage/대흥동-출장마사지-대전-중구-생활권-이동동선-지역정보-이용전-안내/index.html || 대흥동 생활권 안내 | 대전 중구 생활권·지역 이용 안내 | 몽라운지","massage/복수동-출장마사지-대전-서구-생활권-이동동선-지역정보-이용전-안내/index.html || 복수동 생활권 안내 | 대전 서구 생활권·지역 이용 안내 | 몽라운지"
"TITLE_TEMPLATE","46","지역SEO","13","loc kw loc x 생활권 지역 이용 안내 brand","massage/관음동-출장마사지-대구-북구-생활권-이동동선-지역정보-이용전-안내/index.html || 관음동 출장마사지 | 대구 북구 생활권·지역 이용 안내 | 몽라운지","massage/구암동-출장마사지-대구-북구-생활권-이동동선-지역정보-이용전-안내/index.html || 구암동 출장마사지 | 대구 북구 생활권·지역 이용 안내 | 몽라운지","massage/노원동-출장마사지-대구-북구-생활권-이동동선-지역정보-이용전-안내/index.html || 노원동 출장마사지 | 대구 북구 생활권·지역 이용 안내 | 몽라운지"
"TITLE_TEMPLATE","47","지역SEO","13","x x loc 지역 안내 kw 이용 범위 생활권 정보 brand","massage/산성면-출장마사지-대구-군위군-생활권-지역정보-이용안내/index.html || 대구 군위군 산성면 지역 안내 | 출장마사지 이용 범위·생활권 정보 | 몽라운지","massage/효령면-출장마사지-대구-군위군-생활권-지역정보-이용안내/index.html || 대구 군위군 효령면 지역 안내 | 출장마사지 이용 범위·생활권 정보 | 몽라운지","massage/가창면-출장마사지-대구-달성군-생활권-지역정보-이용안내/index.html || 대구 달성군 가창면 지역 안내 | 출장마사지 이용 범위·생활권 정보 | 몽라운지"
"TITLE_TEMPLATE","48","업체상세","12","x loc loc loc 이용 안내","shops/gyeonggi/bucheon/sosa-gu/소사본동/한국미인테라피/index.html || 한국미인테라피 | 부천시-소사구 소사본동 이용 안내","shops/gyeonggi/bucheon/sosa-gu/소사본동/너무이쁜테라피/index.html || 너무이쁜테라피 | 부천시-소사구 소사본동 이용 안내","shops/gyeonggi/bucheon/sosa-gu/소사본동/love테라피/index.html || love테라피 | 부천시-소사구 소사본동 이용 안내"
"TITLE_TEMPLATE","49","지역SEO","12","loc kw 대전 x 생활권 지역 이용 안내 brand","massage/가수원동-출장마사지-대전-서구-생활권-이동동선-지역정보-이용전-안내/index.html || 가수원동 출장마사지 | 대전 서구 생활권·지역 이용 안내 | 몽라운지","massage/갈마동-출장마사지-대전-서구-생활권-이동동선-지역정보-이용전-안내/index.html || 갈마동 출장마사지 | 대전 서구 생활권·지역 이용 안내 | 몽라운지","massage/관저동-출장마사지-대전-서구-생활권-이동동선-지역정보-이용전-안내/index.html || 관저동 출장마사지 | 대전 서구 생활권·지역 이용 안내 | 몽라운지"
"TITLE_TEMPLATE","50","지역SEO","10","loc 생활권 안내 loc x 생활권 지역 이용 안내 brand","massage/남산동-출장마사지-대구-중구-생활권-이동동선-지역정보-이용전-안내/index.html || 남산동 생활권 안내 | 대구 중구 생활권·지역 이용 안내 | 몽라운지","massage/동인동-출장마사지-대구-중구-생활권-이동동선-지역정보-이용전-안내/index.html || 동인동 생활권 안내 | 대구 중구 생활권·지역 이용 안내 | 몽라운지","massage/동천동-출장마사지-대구-북구-생활권-이동동선-지역정보-이용전-안내/index.html || 동천동 생활권 안내 | 대구 북구 생활권·지역 이용 안내 | 몽라운지"
"TITLE_TEMPLATE","51","지역SEO","10","x 지역 이용 안내 서울 loc 생활권 지역 이용 안내 brand","massage/길동-출장마사지-강동구-생활권-이동동선-지역정보-이용전-안내/index.html || 길동 지역 이용 안내 | 서울 강동구 생활권·지역 이용 안내 | 몽라운지","massage/능동-출장마사지-광진구-생활권-이동동선-지역정보-이용전-안내/index.html || 능동 지역 이용 안내 | 서울 광진구 생활권·지역 이용 안내 | 몽라운지","massage/항동-출장마사지-구로구-생활권-이동동선-지역정보-이용전-안내/index.html || 항동 지역 이용 안내 | 서울 구로구 생활권·지역 이용 안내 | 몽라운지"
"TITLE_TEMPLATE","52","지역SEO","10","loc 지역 이용 정보 x x 생활권 위치 안내 brand","massage/군위읍-출장마사지-대구-군위군-생활권-지역정보-이용안내/index.html || 군위읍 지역 이용 정보 | 대구 군위군 생활권·위치 안내 | 몽라운지","massage/교동면-출장마사지-인천-강화군-생활권-지역정보-이용안내/index.html || 교동면 지역 이용 정보 | 인천 강화군 생활권·위치 안내 | 몽라운지","massage/길상면-출장마사지-인천-강화군-생활권-지역정보-이용안내/index.html || 길상면 지역 이용 정보 | 인천 강화군 생활권·위치 안내 | 몽라운지"
"TITLE_TEMPLATE","53","지역SEO","8","loc kw 서울 x 생활권 지역 이용 안내 brand","massage/광희동-출장마사지-중구-생활권-이동동선-지역정보-이용전-안내/index.html || 광희동 출장마사지 | 서울 중구 생활권·지역 이용 안내 | 몽라운지","massage/다산동-출장마사지-중구-생활권-이동동선-지역정보-이용전-안내/index.html || 다산동 출장마사지 | 서울 중구 생활권·지역 이용 안내 | 몽라운지","massage/소공동-출장마사지-중구-생활권-이동동선-지역정보-이용전-안내/index.html || 소공동 출장마사지 | 서울 중구 생활권·지역 이용 안내 | 몽라운지"
"TITLE_TEMPLATE","54","지역SEO","7","loc kw x x 생활권 지역 이용 안내 brand","massage/봉암동-출장마사지-창원-마산회원구-생활권-이동동선-지역정보-이용전-안내/index.html || 봉암동 출장마사지 | 창원 마산회원구 생활권·지역 이용 안내 | 몽라운지","massage/오동동-출장마사지-창원-마산합포구-생활권-이동동선-지역정보-이용전-안내/index.html || 오동동 출장마사지 | 창원 마산합포구 생활권·지역 이용 안내 | 몽라운지","massage/월영동-출장마사지-창원-마산합포구-생활권-이동동선-지역정보-이용전-안내/index.html || 월영동 출장마사지 | 창원 마산합포구 생활권·지역 이용 안내 | 몽라운지"
"TITLE_TEMPLATE","55","지역SEO","7","x 생활권 안내 서울 loc 생활권 지역 이용 안내 brand","massage/번동-출장마사지-강북구-생활권-이동동선-지역정보-이용전-안내/index.html || 번동 생활권 안내 | 서울 강북구 생활권·지역 이용 안내 | 몽라운지","massage/창동-출장마사지-도봉구-생활권-이동동선-지역정보-이용전-안내/index.html || 창동 생활권 안내 | 서울 도봉구 생활권·지역 이용 안내 | 몽라운지","massage/성수1가제2동-출장마사지-성동구-생활권-이동동선-지역정보-이용전-안내/index.html || 성수1가제2동 생활권 안내 | 서울 성동구 생활권·지역 이용 안내 | 몽라운지"
"TITLE_TEMPLATE","56","업체상세","7","x loc x x 이용 안내","shops/other/cheongju/cheongwon-gu/율량.사천동/S썸바디테라피/index.html || S썸바디테라피 | 청원구 율량.사천동 이용 안내","shops/other/cheongju/cheongwon-gu/율량.사천동/레드테라피/index.html || 레드테라피 | 청원구 율량.사천동 이용 안내","shops/other/cheongju/heungdeok-gu/운천.신봉동/S썸바디테라피/index.html || S썸바디테라피 | 흥덕구 운천.신봉동 이용 안내"
"TITLE_TEMPLATE","57","지역SEO","6","loc 지역 이용 안내 x x 생활권 지역 이용 안내 brand","massage/가포동-출장마사지-창원-마산합포구-생활권-이동동선-지역정보-이용전-안내/index.html || 가포동 지역 이용 안내 | 창원 마산합포구 생활권·지역 이용 안내 | 몽라운지","massage/문화동-출장마사지-창원-마산합포구-생활권-이동동선-지역정보-이용전-안내/index.html || 문화동 지역 이용 안내 | 창원 마산합포구 생활권·지역 이용 안내 | 몽라운지","massage/반월중앙동-출장마사지-창원-마산합포구-생활권-이동동선-지역정보-이용전-안내/index.html || 반월중앙동 지역 이용 안내 | 창원 마산합포구 생활권·지역 이용 안내 | 몽라운지"
"TITLE_TEMPLATE","58","지역SEO","6","loc 생활권 안내 loc x 인접 지역 loc 정보 brand","massage/서신면-출장마사지-화성시-만세구-생활권-지역정보-이용안내/index.html || 서신면 생활권 안내 | 화성시 만세구 인접 지역·이동 정보 | 몽라운지","massage/향남읍-출장마사지-화성시-만세구-생활권-지역정보-이용안내/index.html || 향남읍 생활권 안내 | 화성시 만세구 인접 지역·이동 정보 | 몽라운지","massage/정남면-출장마사지-화성시-효행구-생활권-지역정보-이용안내/index.html || 정남면 생활권 안내 | 화성시 효행구 인접 지역·이동 정보 | 몽라운지"
"TITLE_TEMPLATE","59","지역SEO","6","loc kw loc x 생활권 인접 지역 안내 brand","massage/송산면-출장마사지-화성시-만세구-생활권-지역정보-이용안내/index.html || 송산면 출장마사지 | 화성시 만세구 생활권·인접 지역 안내 | 몽라운지","massage/양감면-출장마사지-화성시-만세구-생활권-지역정보-이용안내/index.html || 양감면 출장마사지 | 화성시 만세구 생활권·인접 지역 안내 | 몽라운지","massage/팔탄면-출장마사지-화성시-만세구-생활권-지역정보-이용안내/index.html || 팔탄면 출장마사지 | 화성시 만세구 생활권·인접 지역 안내 | 몽라운지"
"TITLE_TEMPLATE","60","지역SEO","5","x 지역 이용 안내 인천 loc 생활권 지역 이용 안내 brand","massage/불로대곡동-출장마사지-검단구-생활권-이동동선-지역정보-이용전-안내/index.html || 불로대곡동 지역 이용 안내 | 인천 검단구 생활권·지역 이용 안내 | 몽라운지","massage/작전서운동-출장마사지-계양구-생활권-이동동선-지역정보-이용전-안내/index.html || 작전서운동 지역 이용 안내 | 인천 계양구 생활권·지역 이용 안내 | 몽라운지","massage/남촌도림동-출장마사지-남동구-생활권-이동동선-지역정보-이용전-안내/index.html || 남촌도림동 지역 이용 안내 | 인천 남동구 생활권·지역 이용 안내 | 몽라운지"
"TITLE_TEMPLATE","61","지역SEO","5","loc 지역 이용 정보 loc x 생활권 위치 안내 brand","massage/남양읍-출장마사지-화성시-만세구-생활권-지역정보-이용안내/index.html || 남양읍 지역 이용 정보 | 화성시 만세구 생활권·위치 안내 | 몽라운지","massage/매송면-출장마사지-화성시-효행구-생활권-지역정보-이용안내/index.html || 매송면 지역 이용 정보 | 화성시 효행구 생활권·위치 안내 | 몽라운지","massage/모현읍-출장마사지-용인시-처인구-생활권-지역정보-이용안내/index.html || 모현읍 지역 이용 정보 | 용인시 처인구 생활권·위치 안내 | 몽라운지"
"TITLE_TEMPLATE","62","지역SEO","4","loc 생활권 안내 x x 생활권 지역 이용 안내 brand","massage/교방동-출장마사지-창원-마산합포구-생활권-이동동선-지역정보-이용전-안내/index.html || 교방동 생활권 안내 | 창원 마산합포구 생활권·지역 이용 안내 | 몽라운지","massage/구암동-출장마사지-창원-마산회원구-생활권-이동동선-지역정보-이용전-안내/index.html || 구암동 생활권 안내 | 창원 마산회원구 생활권·지역 이용 안내 | 몽라운지","massage/산호동-출장마사지-창원-마산합포구-생활권-이동동선-지역정보-이용전-안내/index.html || 산호동 생활권 안내 | 창원 마산합포구 생활권·지역 이용 안내 | 몽라운지"
"TITLE_TEMPLATE","63","업체상세","4","x 계룡 x 이용 안내","shops/other/gyeryong/금암동/S썸바디테라피/index.html || S썸바디테라피 | 계룡 금암동 이용 안내","shops/other/gyeryong/두마면/S썸바디테라피/index.html || S썸바디테라피 | 계룡 두마면 이용 안내","shops/other/gyeryong/신도안면/S썸바디테라피/index.html || S썸바디테라피 | 계룡 신도안면 이용 안내"
"TITLE_TEMPLATE","64","지역SEO","4","x kw 경기 loc loc 생활권 지역 이용 안내 brand","massage/중동-출장마사지-부천시-원미구-생활권-이동동선-지역정보-이용전-안내/index.html || 중동 출장마사지 | 경기 부천시 원미구 생활권·지역 이용 안내 | 몽라운지","massage/평동-출장마사지-수원시-권선구-생활권-이동동선-지역정보-이용전-안내/index.html || 평동 출장마사지 | 경기 수원시 권선구 생활권·지역 이용 안내 | 몽라운지","massage/와동-출장마사지-안산시-단원구-생활권-이동동선-지역정보-이용전-안내/index.html || 와동 출장마사지 | 경기 안산시 단원구 생활권·지역 이용 안내 | 몽라운지"
"TITLE_TEMPLATE","65","지역SEO","4","loc x kw 동별 생활권 지역 안내 brand","massage/other/daegu/nam-gu/대구-남구-출장마사지-동별-생활권-지역안내/index.html || 대구 남구 출장마사지 | 동별 생활권·지역 안내 | 몽라운지","massage/other/daegu/buk-gu/대구-북구-출장마사지-동별-생활권-지역안내/index.html || 대구 북구 출장마사지 | 동별 생활권·지역 안내 | 몽라운지","massage/other/daegu/seo-gu/대구-서구-출장마사지-동별-생활권-지역안내/index.html || 대구 서구 출장마사지 | 동별 생활권·지역 안내 | 몽라운지"
"TITLE_TEMPLATE","66","지역SEO","3","x loc kw 동별 생활권 지역 안내 brand","massage/other/daejeon/dong-gu/대전-동구-출장마사지-동별-생활권-지역안내/index.html || 대전 동구 출장마사지 | 동별 생활권·지역 안내 | 몽라운지","massage/other/daegu/dong-gu/대구-동구-출장마사지-동별-생활권-지역안내/index.html || 대구 동구 출장마사지 | 동별 생활권·지역 안내 | 몽라운지","massage/other/gwangju/dong-gu/광주-동구-출장마사지-동별-생활권-지역안내/index.html || 광주 동구 출장마사지 | 동별 생활권·지역 안내 | 몽라운지"
"TITLE_TEMPLATE","67","업체상세","3","x loc x loc 이용 안내","shops/other/cheongju/heungdeok-gu/봉명2.송정동/S썸바디테라피/index.html || S썸바디테라피 | 흥덕구 봉명2.송정동 이용 안내","shops/other/cheongju/heungdeok-gu/봉명2.송정동/레드테라피/index.html || 레드테라피 | 흥덕구 봉명2.송정동 이용 안내","shops/other/daegu/suseong-gu/수성2.3가동/대구테라피/index.html || 대구테라피 | 수성구 수성2.3가동 이용 안내"
"TITLE_TEMPLATE","68","지역SEO","3","x kw x x 생활권 인접 지역 안내 brand","massage/삼국유사면-출장마사지-대구-군위군-생활권-지역정보-이용안내/index.html || 삼국유사면 출장마사지 | 대구 군위군 생활권·인접 지역 안내 | 몽라운지","massage/진동면-출장마사지-창원-마산합포구-생활권-지역정보-이용안내/index.html || 진동면 출장마사지 | 창원 마산합포구 생활권·인접 지역 안내 | 몽라운지","massage/내서읍-출장마사지-창원-마산회원구-생활권-지역정보-이용안내/index.html || 내서읍 출장마사지 | 창원 마산회원구 생활권·인접 지역 안내 | 몽라운지"
"TITLE_TEMPLATE","69","지역SEO","3","loc x loc 지역 안내 kw 이용 범위 생활권 정보 brand","massage/마도면-출장마사지-화성시-만세구-생활권-지역정보-이용안내/index.html || 화성시 만세구 마도면 지역 안내 | 출장마사지 이용 범위·생활권 정보 | 몽라운지","massage/장안면-출장마사지-화성시-만세구-생활권-지역정보-이용안내/index.html || 화성시 만세구 장안면 지역 안내 | 출장마사지 이용 범위·생활권 정보 | 몽라운지","massage/이동읍-출장마사지-용인시-처인구-생활권-지역정보-이용안내/index.html || 용인시 처인구 이동읍 지역 안내 | 출장마사지 이용 범위·생활권 정보 | 몽라운지"
"TITLE_TEMPLATE","70","지역SEO","3","광주 x kw 동별 생활권 지역 안내 brand","massage/other/gwangju/nam-gu/광주-남구-출장마사지-동별-생활권-지역안내/index.html || 광주 남구 출장마사지 | 동별 생활권·지역 안내 | 몽라운지","massage/other/gwangju/buk-gu/광주-북구-출장마사지-동별-생활권-지역안내/index.html || 광주 북구 출장마사지 | 동별 생활권·지역 안내 | 몽라운지","massage/other/gwangju/seo-gu/광주-서구-출장마사지-동별-생활권-지역안내/index.html || 광주 서구 출장마사지 | 동별 생활권·지역 안내 | 몽라운지"
"TITLE_TEMPLATE","71","지역SEO","3","x 지역 이용 안내 대전 loc 생활권 지역 이용 안내 brand","massage/내동-출장마사지-대전-서구-생활권-이동동선-지역정보-이용전-안내/index.html || 내동 지역 이용 안내 | 대전 서구 생활권·지역 이용 안내 | 몽라운지","massage/변동-출장마사지-대전-서구-생활권-이동동선-지역정보-이용전-안내/index.html || 변동 지역 이용 안내 | 대전 서구 생활권·지역 이용 안내 | 몽라운지","massage/효동-출장마사지-대전-동구-생활권-이동동선-지역정보-이용전-안내/index.html || 효동 지역 이용 안내 | 대전 동구 생활권·지역 이용 안내 | 몽라운지"
"TITLE_TEMPLATE","72","지역SEO","2","x 지역 이용 안내 경기 loc loc 생활권 지역 이용 안내 brand","massage/지동-출장마사지-수원시-팔달구-생활권-이동동선-지역정보-이용전-안내/index.html || 지동 지역 이용 안내 | 경기 수원시 팔달구 생활권·지역 이용 안내 | 몽라운지","massage/이동-출장마사지-안산시-상록구-생활권-이동동선-지역정보-이용전-안내/index.html || 이동 지역 이용 안내 | 경기 안산시 상록구 생활권·지역 이용 안내 | 몽라운지",""
"TITLE_TEMPLATE","73","지역SEO","2","x kw 광주 loc 생활권 지역 이용 안내 brand","massage/양동-출장마사지-광주-서구-생활권-이동동선-지역정보-이용전-안내/index.html || 양동 출장마사지 | 광주 서구 생활권·지역 이용 안내 | 몽라운지","massage/학동-출장마사지-광주-동구-생활권-이동동선-지역정보-이용전-안내/index.html || 학동 출장마사지 | 광주 동구 생활권·지역 이용 안내 | 몽라운지",""
"TITLE_TEMPLATE","74","지역SEO","2","x 생활권 안내 loc loc 생활권 지역 이용 안내 brand","massage/본동-출장마사지-대구-달서구-생활권-이동동선-지역정보-이용전-안내/index.html || 본동 생활권 안내 | 대구 달서구 생활권·지역 이용 안내 | 몽라운지","massage/중동-출장마사지-대구-수성구-생활권-이동동선-지역정보-이용전-안내/index.html || 중동 생활권 안내 | 대구 수성구 생활권·지역 이용 안내 | 몽라운지",""
"TITLE_TEMPLATE","75","지역SEO","2","x 지역 이용 안내 loc loc 생활권 지역 이용 안내 brand","massage/상동-출장마사지-대구-수성구-생활권-이동동선-지역정보-이용전-안내/index.html || 상동 지역 이용 안내 | 대구 수성구 생활권·지역 이용 안내 | 몽라운지","massage/파동-출장마사지-대구-수성구-생활권-이동동선-지역정보-이용전-안내/index.html || 파동 지역 이용 안내 | 대구 수성구 생활권·지역 이용 안내 | 몽라운지",""
"TITLE_TEMPLATE","76","지역SEO","2","x kw x loc 생활권 지역 이용 안내 brand","massage/수성1가동-출장마사지-대구-수성구-생활권-이동동선-지역정보-이용전-안내/index.html || 수성1가동 출장마사지 | 대구 수성구 생활권·지역 이용 안내 | 몽라운지","massage/수성4가동-출장마사지-대구-수성구-생활권-이동동선-지역정보-이용전-안내/index.html || 수성4가동 출장마사지 | 대구 수성구 생활권·지역 이용 안내 | 몽라운지",""
"TITLE_TEMPLATE","77","지역SEO","2","x 생활권 안내 경기 loc loc 생활권 지역 이용 안내 brand","massage/상동-출장마사지-부천시-원미구-생활권-이동동선-지역정보-이용전-안내/index.html || 상동 생활권 안내 | 경기 부천시 원미구 생활권·지역 이용 안내 | 몽라운지","massage/사동-출장마사지-안산시-상록구-생활권-이동동선-지역정보-이용전-안내/index.html || 사동 생활권 안내 | 경기 안산시 상록구 생활권·지역 이용 안내 | 몽라운지",""
"TITLE_TEMPLATE","78","지역SEO","2","x kw 익산 생활권 지역 이용 안내 brand","massage/마동-출장마사지-익산-생활권-이동동선-지역정보-이용전-안내/index.html || 마동 출장마사지 | 익산 생활권·지역 이용 안내 | 몽라운지","massage/신동-출장마사지-익산-생활권-이동동선-지역정보-이용전-안내/index.html || 신동 출장마사지 | 익산 생활권·지역 이용 안내 | 몽라운지",""
"TITLE_TEMPLATE","79","지역SEO","2","x 생활권 안내 광주 loc 생활권 지역 이용 안내 brand","massage/임동-출장마사지-광주-북구-생활권-이동동선-지역정보-이용전-안내/index.html || 임동 생활권 안내 | 광주 북구 생활권·지역 이용 안내 | 몽라운지","massage/평동-출장마사지-광주-광산구-생활권-이동동선-지역정보-이용전-안내/index.html || 평동 생활권 안내 | 광주 광산구 생활권·지역 이용 안내 | 몽라운지",""
"TITLE_TEMPLATE","80","지역SEO","2","x 지역 안내 주요 생활권과 이용 전 확인 정보 brand","massage/other/daejeon/대전-지역-출장마사지-둔산-유성-대전역-생활권-방문-홈케어/index.html || 대전 지역 안내 - 주요 생활권과 이용 전 확인 정보 | 몽라운지","massage/other/gwangju/광주-지역-출장마사지-상무-수완-충장로-생활권-방문-홈케어/index.html || 광주 지역 안내 - 주요 생활권과 이용 전 확인 정보 | 몽라운지",""
"TITLE_TEMPLATE","81","지역SEO","2","x x kw x 생활권 지역 안내 brand","massage/gyeonggi/goyang/ilsandong-gu/고양시-일산동구-출장마사지-동별-생활권-지역안내/index.html || 고양시 일산동구 출장마사지 | 동별 생활권·지역 안내 | 몽라운지","massage/gyeonggi/goyang/ilsanseo-gu/고양시-일산서구-출장마사지-동별-생활권-지역안내/index.html || 고양시 일산서구 출장마사지 | 동별 생활권·지역 안내 | 몽라운지",""
"TITLE_TEMPLATE","82","지역SEO","2","x x kw 읍 면 생활권 지역 안내 brand","massage/other/daegu/gunwi-gun/대구-군위군-출장마사지-읍면-생활권-지역안내/index.html || 대구 군위군 출장마사지 | 읍·면 생활권·지역 안내 | 몽라운지","massage/other/daegu/dalseong-gun/대구-달성군-출장마사지-읍면-생활권-지역안내/index.html || 대구 달성군 출장마사지 | 읍·면 생활권·지역 안내 | 몽라운지",""
"TITLE_TEMPLATE","83","지역SEO","2","대전 x kw 동별 생활권 지역 안내 brand","massage/other/daejeon/seo-gu/대전-서구-출장마사지-동별-생활권-지역안내/index.html || 대전 서구 출장마사지 | 동별 생활권·지역 안내 | 몽라운지","massage/other/daejeon/jung-gu/대전-중구-출장마사지-동별-생활권-지역안내/index.html || 대전 중구 출장마사지 | 동별 생활권·지역 안내 | 몽라운지",""
"TITLE_TEMPLATE","84","기타","2","회원가입 brand","join.html || 회원가입 | 몽라운지","join/index.html || 회원가입 | 몽라운지",""
"TITLE_TEMPLATE","85","기타","2","로그인 brand","login.html || 로그인 | 몽라운지","login/index.html || 로그인 | 몽라운지",""
"TITLE_TEMPLATE","86","업체상세","2","x loc x 개신 x 이용 안내","shops/other/cheongju/seowon-gu/성화.개신.죽림동/S썸바디테라피/index.html || S썸바디테라피 | 서원구 성화.개신.죽림동 이용 안내","shops/other/cheongju/seowon-gu/성화.개신.죽림동/레드테라피/index.html || 레드테라피 | 서원구 성화.개신.죽림동 이용 안내",""
"TITLE_TEMPLATE","87","업체상세","2","x loc x 명암 x 이용 안내","shops/other/cheongju/sangdang-gu/용담.명암.산성동/S썸바디테라피/index.html || S썸바디테라피 | 상당구 용담.명암.산성동 이용 안내","shops/other/cheongju/sangdang-gu/용담.명암.산성동/레드테라피/index.html || 레드테라피 | 상당구 용담.명암.산성동 이용 안내",""
"TITLE_TEMPLATE","88","기타","2","내정보 brand","mypage.html || 내정보 | 몽라운지","mypage/index.html || 내정보 | 몽라운지",""
"TITLE_TEMPLATE","89","지역SEO","2","x kw 인천 loc 생활권 지역 이용 안내 brand","massage/오류왕길동-출장마사지-검단구-생활권-이동동선-지역정보-이용전-안내/index.html || 오류왕길동 출장마사지 | 인천 검단구 생활권·지역 이용 안내 | 몽라운지","massage/장수서창동-출장마사지-남동구-생활권-이동동선-지역정보-이용전-안내/index.html || 장수서창동 출장마사지 | 인천 남동구 생활권·지역 이용 안내 | 몽라운지",""
"TITLE_TEMPLATE","90","지역SEO","2","loc 생활권 안내 서울 x 생활권 지역 이용 안내 brand","massage/신당동-출장마사지-중구-생활권-이동동선-지역정보-이용전-안내/index.html || 신당동 생활권 안내 | 서울 중구 생활권·지역 이용 안내 | 몽라운지","massage/회현동-출장마사지-중구-생활권-이동동선-지역정보-이용전-안내/index.html || 회현동 생활권 안내 | 서울 중구 생활권·지역 이용 안내 | 몽라운지",""
"TITLE_TEMPLATE","91","지역SEO","2","x kw 창원 loc 생활권 지역 이용 안내 brand","massage/석동-출장마사지-창원-진해구-생활권-이동동선-지역정보-이용전-안내/index.html || 석동 출장마사지 | 창원 진해구 생활권·지역 이용 안내 | 몽라운지","massage/이동-출장마사지-창원-진해구-생활권-이동동선-지역정보-이용전-안내/index.html || 이동 출장마사지 | 창원 진해구 생활권·지역 이용 안내 | 몽라운지",""
"TITLE_TEMPLATE","92","지역SEO","2","x kw 대전 loc 생활권 지역 이용 안내 brand","massage/목동-출장마사지-대전-중구-생활권-이동동선-지역정보-이용전-안내/index.html || 목동 출장마사지 | 대전 중구 생활권·지역 이용 안내 | 몽라운지","massage/법동-출장마사지-대전-대덕구-생활권-이동동선-지역정보-이용전-안내/index.html || 법동 출장마사지 | 대전 대덕구 생활권·지역 이용 안내 | 몽라운지",""
"TITLE_TEMPLATE","93","지역SEO","2","상계 n x 지역 이용 안내 서울 loc 생활권 지역 이용 안내 brand","massage/상계3.4동-출장마사지-노원구-생활권-이동동선-지역정보-이용전-안내/index.html || 상계3.4동 지역 이용 안내 | 서울 노원구 생활권·지역 이용 안내 | 몽라운지","massage/상계6.7동-출장마사지-노원구-생활권-이동동선-지역정보-이용전-안내/index.html || 상계6.7동 지역 이용 안내 | 서울 노원구 생활권·지역 이용 안내 | 몽라운지",""
"TITLE_TEMPLATE","94","지역SEO","2","x x x 지역 안내 kw 이용 범위 생활권 정보 brand","massage/구산면-출장마사지-창원-마산합포구-생활권-지역정보-이용안내/index.html || 창원 마산합포구 구산면 지역 안내 | 출장마사지 이용 범위·생활권 정보 | 몽라운지","massage/진북면-출장마사지-창원-마산합포구-생활권-지역정보-이용안내/index.html || 창원 마산합포구 진북면 지역 안내 | 출장마사지 이용 범위·생활권 정보 | 몽라운지",""
"TITLE_TEMPLATE","95","지역SEO","2","loc 지역 이용 안내 서울 x 생활권 지역 이용 안내 brand","massage/동화동-출장마사지-중구-생활권-이동동선-지역정보-이용전-안내/index.html || 동화동 지역 이용 안내 | 서울 중구 생활권·지역 이용 안내 | 몽라운지","massage/청구동-출장마사지-중구-생활권-이동동선-지역정보-이용전-안내/index.html || 청구동 지역 이용 안내 | 서울 중구 생활권·지역 이용 안내 | 몽라운지",""
"TITLE_TEMPLATE","96","지역SEO","2","x kw 서울 loc 생활권 지역 이용 안내 brand","massage/왕십리도선동-출장마사지-성동구-생활권-이동동선-지역정보-이용전-안내/index.html || 왕십리도선동 출장마사지 | 서울 성동구 생활권·지역 이용 안내 | 몽라운지","massage/영등포본동-출장마사지-영등포구-생활권-이동동선-지역정보-이용전-안내/index.html || 영등포본동 출장마사지 | 서울 영등포구 생활권·지역 이용 안내 | 몽라운지",""
"DESCRIPTION_TEMPLATE","1","업체상세","2741","loc x 지역의 x 안내입니다 영업시간 코스와 가격 전화 문자 문의 주변 위치 정보를 확인할 수 있습니다","shops/seoul/gangnam-gu/역삼동/한국미인테라피/index.html || 강남구 역삼동 지역의 한국미인테라피 안내입니다. 영업시간, 코스와 가격, 전화·문자 문의, 주변 위치 정보를 확인할 수 있습니다.","shops/seoul/gangnam-gu/역삼동/너무이쁜테라피/index.html || 강남구 역삼동 지역의 너무이쁜테라피 안내입니다. 영업시간, 코스와 가격, 전화·문자 문의, 주변 위치 정보를 확인할 수 있습니다.","shops/seoul/gangnam-gu/역삼동/love테라피/index.html || 강남구 역삼동 지역의 love테라피 안내입니다. 영업시간, 코스와 가격, 전화·문자 문의, 주변 위치 정보를 확인할 수 있습니다."
"DESCRIPTION_TEMPLATE","2","업체상세","796","loc loc x 지역의 x 안내입니다 영업시간 코스와 가격 전화 문자 문의 주변 위치 정보를 확인할 수 있습니다","shops/gyeonggi/goyang/deogyang-gu/고양동/한국미인테라피/index.html || 고양시-덕양구 고양동 지역의 한국미인테라피 안내입니다. 영업시간, 코스와 가격, 전화·문자 문의, 주변 위치 정보를 확인할 수 있습니다.","shops/gyeonggi/goyang/deogyang-gu/고양동/너무이쁜테라피/index.html || 고양시-덕양구 고양동 지역의 너무이쁜테라피 안내입니다. 영업시간, 코스와 가격, 전화·문자 문의, 주변 위치 정보를 확인할 수 있습니다.","shops/gyeonggi/goyang/deogyang-gu/고양동/love테라피/index.html || 고양시-덕양구 고양동 지역의 love테라피 안내입니다. 영업시간, 코스와 가격, 전화·문자 문의, 주변 위치 정보를 확인할 수 있습니다."
"DESCRIPTION_TEMPLATE","3","업체상세","127","loc loc 지역의 x 안내입니다 영업시간 코스와 가격 전화 문자 문의 주변 위치 정보를 확인할 수 있습니다","shops/seoul/guro-gu/가리봉동/한국미인테라피/index.html || 구로구 가리봉동 지역의 한국미인테라피 안내입니다. 영업시간, 코스와 가격, 전화·문자 문의, 주변 위치 정보를 확인할 수 있습니다.","shops/seoul/guro-gu/가리봉동/너무이쁜테라피/index.html || 구로구 가리봉동 지역의 너무이쁜테라피 안내입니다. 영업시간, 코스와 가격, 전화·문자 문의, 주변 위치 정보를 확인할 수 있습니다.","shops/seoul/guro-gu/가리봉동/love테라피/index.html || 구로구 가리봉동 지역의 love테라피 안내입니다. 영업시간, 코스와 가격, 전화·문자 문의, 주변 위치 정보를 확인할 수 있습니다."
"DESCRIPTION_TEMPLATE","4","업체상세","50","천안 x 지역의 x 안내입니다 영업시간 코스와 가격 전화 문자 문의 주변 위치 정보를 확인할 수 있습니다","shops/other/cheonan/dongnam-gu/광덕면/한국미인테라피/index.html || 천안 광덕면 지역의 한국미인테라피 안내입니다. 영업시간, 코스와 가격, 전화·문자 문의, 주변 위치 정보를 확인할 수 있습니다.","shops/other/cheonan/dongnam-gu/광덕면/love테라피/index.html || 천안 광덕면 지역의 love테라피 안내입니다. 영업시간, 코스와 가격, 전화·문자 문의, 주변 위치 정보를 확인할 수 있습니다.","shops/other/cheonan/dongnam-gu/동면/한국미인테라피/index.html || 천안 동면 지역의 한국미인테라피 안내입니다. 영업시간, 코스와 가격, 전화·문자 문의, 주변 위치 정보를 확인할 수 있습니다."
"DESCRIPTION_TEMPLATE","5","지역SEO","30","x 을 중심으로 주거 상업 생활권과 주변 loc 동선을 정리했습니다 가까운 지역과 이용 범위를 비교하고 위치 선택에 참고할 수 있습니다","massage/반포면-출장마사지-공주-생활권-지역정보-이용안내/index.html || 반포면을 중심으로 주거·상업 생활권과 주변 이동 동선을 정리했습니다. 가까운 지역과 이용 범위를 비교하고 위치 선택에 참고할 수 있습니다.","massage/신풍면-출장마사지-공주-생활권-지역정보-이용안내/index.html || 신풍면을 중심으로 주거·상업 생활권과 주변 이동 동선을 정리했습니다. 가까운 지역과 이용 범위를 비교하고 위치 선택에 참고할 수 있습니다.","massage/우성면-출장마사지-공주-생활권-지역정보-이용안내/index.html || 우성면을 중심으로 주거·상업 생활권과 주변 이동 동선을 정리했습니다. 가까운 지역과 이용 범위를 비교하고 위치 선택에 참고할 수 있습니다."
"DESCRIPTION_TEMPLATE","6","업체상세","28","익산 x 지역의 x 안내입니다 영업시간 코스와 가격 전화 문자 문의 주변 위치 정보를 확인할 수 있습니다","shops/other/iksan/금마면/상큼테라피/index.html || 익산 금마면 지역의 상큼테라피 안내입니다. 영업시간, 코스와 가격, 전화·문자 문의, 주변 위치 정보를 확인할 수 있습니다.","shops/other/iksan/남중동/상큼테라피/index.html || 익산 남중동 지역의 상큼테라피 안내입니다. 영업시간, 코스와 가격, 전화·문자 문의, 주변 위치 정보를 확인할 수 있습니다.","shops/other/iksan/낭산면/상큼테라피/index.html || 익산 낭산면 지역의 상큼테라피 안내입니다. 영업시간, 코스와 가격, 전화·문자 문의, 주변 위치 정보를 확인할 수 있습니다."
"DESCRIPTION_TEMPLATE","7","지역SEO","25","loc 생활권에서 kw 이용 전 확인할 수 있는 위치 범위와 인접 지역 정보를 정리했습니다 x 주변 loc 동선과 가까운 생활권을 함께 확인해보세요","massage/광탄면-출장마사지-파주시-생활권-지역정보-이용안내/index.html || 광탄면 생활권에서 출장마사지 이용 전 확인할 수 있는 위치 범위와 인접 지역 정보를 정리했습니다. 파주시 주변 이동 동선과 가까운 생활권을 함께 확인해보세요.","massage/문산읍-출장마사지-파주시-생활권-지역정보-이용안내/index.html || 문산읍 생활권에서 출장마사지 이용 전 확인할 수 있는 위치 범위와 인접 지역 정보를 정리했습니다. 파주시 주변 이동 동선과 가까운 생활권을 함께 확인해보세요.","massage/법원읍-출장마사지-파주시-생활권-지역정보-이용안내/index.html || 법원읍 생활권에서 출장마사지 이용 전 확인할 수 있는 위치 범위와 인접 지역 정보를 정리했습니다. 파주시 주변 이동 동선과 가까운 생활권을 함께 확인해보세요."
"DESCRIPTION_TEMPLATE","8","업체상세","24","아산 x 지역의 x 안내입니다 영업시간 코스와 가격 전화 문자 문의 주변 위치 정보를 확인할 수 있습니다","shops/other/asan/도고면/한국미인테라피/index.html || 아산 도고면 지역의 한국미인테라피 안내입니다. 영업시간, 코스와 가격, 전화·문자 문의, 주변 위치 정보를 확인할 수 있습니다.","shops/other/asan/도고면/love테라피/index.html || 아산 도고면 지역의 love테라피 안내입니다. 영업시간, 코스와 가격, 전화·문자 문의, 주변 위치 정보를 확인할 수 있습니다.","shops/other/asan/둔포면/한국미인테라피/index.html || 아산 둔포면 지역의 한국미인테라피 안내입니다. 영업시간, 코스와 가격, 전화·문자 문의, 주변 위치 정보를 확인할 수 있습니다."
"DESCRIPTION_TEMPLATE","9","지역SEO","23","x 생활권에서 kw 이용 전 확인할 수 있는 위치 범위와 인접 지역 정보를 정리했습니다 x 주변 loc 동선과 가까운 생활권을 함께 확인해보세요","massage/율면-출장마사지-이천시-생활권-지역정보-이용안내/index.html || 율면 생활권에서 출장마사지 이용 전 확인할 수 있는 위치 범위와 인접 지역 정보를 정리했습니다. 이천시 주변 이동 동선과 가까운 생활권을 함께 확인해보세요.","massage/두마면-출장마사지-계룡-생활권-지역정보-이용안내/index.html || 두마면 생활권에서 출장마사지 이용 전 확인할 수 있는 위치 범위와 인접 지역 정보를 정리했습니다. 계룡 주변 이동 동선과 가까운 생활권을 함께 확인해보세요.","massage/신도안면-출장마사지-계룡-생활권-지역정보-이용안내/index.html || 신도안면 생활권에서 출장마사지 이용 전 확인할 수 있는 위치 범위와 인접 지역 정보를 정리했습니다. 계룡 주변 이동 동선과 가까운 생활권을 함께 확인해보세요."
"DESCRIPTION_TEMPLATE","10","지역SEO","22","loc 주변 생활권과 인접 지역을 기준으로 현재 위치와 loc 범위를 확인할 수 있도록 정리했습니다 x x 지역에서 이용 가능한 범위를 비교할 때 참고하세요","massage/부계면-출장마사지-대구-군위군-생활권-지역정보-이용안내/index.html || 부계면 주변 생활권과 인접 지역을 기준으로 현재 위치와 이동 범위를 확인할 수 있도록 정리했습니다. 대구 군위군 지역에서 이용 가능한 범위를 비교할 때 참고하세요.","massage/구지면-출장마사지-대구-달성군-생활권-지역정보-이용안내/index.html || 구지면 주변 생활권과 인접 지역을 기준으로 현재 위치와 이동 범위를 확인할 수 있도록 정리했습니다. 대구 달성군 지역에서 이용 가능한 범위를 비교할 때 참고하세요.","massage/하빈면-출장마사지-대구-달성군-생활권-지역정보-이용안내/index.html || 하빈면 주변 생활권과 인접 지역을 기준으로 현재 위치와 이동 범위를 확인할 수 있도록 정리했습니다. 대구 달성군 지역에서 이용 가능한 범위를 비교할 때 참고하세요."
"DESCRIPTION_TEMPLATE","11","지역SEO","22","loc 주변 생활권과 인접 지역을 기준으로 현재 위치와 loc 범위를 확인할 수 있도록 정리했습니다 x 지역에서 이용 가능한 범위를 비교할 때 참고하세요","massage/설성면-출장마사지-이천시-생활권-지역정보-이용안내/index.html || 설성면 주변 생활권과 인접 지역을 기준으로 현재 위치와 이동 범위를 확인할 수 있도록 정리했습니다. 이천시 지역에서 이용 가능한 범위를 비교할 때 참고하세요.","massage/월롱면-출장마사지-파주시-생활권-지역정보-이용안내/index.html || 월롱면 주변 생활권과 인접 지역을 기준으로 현재 위치와 이동 범위를 확인할 수 있도록 정리했습니다. 파주시 지역에서 이용 가능한 범위를 비교할 때 참고하세요.","massage/조리읍-출장마사지-파주시-생활권-지역정보-이용안내/index.html || 조리읍 주변 생활권과 인접 지역을 기준으로 현재 위치와 이동 범위를 확인할 수 있도록 정리했습니다. 파주시 지역에서 이용 가능한 범위를 비교할 때 참고하세요."
"DESCRIPTION_TEMPLATE","12","지역SEO","18","x 에서 오가는 주요 생활권과 주변 지역 정보를 한눈에 확인할 수 있도록 구성했습니다 x 내 현재 위치와 인접 지역의 loc 범위를 살펴보세요","massage/엄사면-출장마사지-계룡-생활권-지역정보-이용안내/index.html || 엄사면에서 오가는 주요 생활권과 주변 지역 정보를 한눈에 확인할 수 있도록 구성했습니다. 계룡 내 현재 위치와 인접 지역의 이동 범위를 살펴보세요.","massage/계룡면-출장마사지-공주-생활권-지역정보-이용안내/index.html || 계룡면에서 오가는 주요 생활권과 주변 지역 정보를 한눈에 확인할 수 있도록 구성했습니다. 공주 내 현재 위치와 인접 지역의 이동 범위를 살펴보세요.","massage/사곡면-출장마사지-공주-생활권-지역정보-이용안내/index.html || 사곡면에서 오가는 주요 생활권과 주변 지역 정보를 한눈에 확인할 수 있도록 구성했습니다. 공주 내 현재 위치와 인접 지역의 이동 범위를 살펴보세요."
"DESCRIPTION_TEMPLATE","13","업체상세","16","공주 x 지역의 x 안내입니다 영업시간 코스와 가격 전화 문자 문의 주변 위치 정보를 확인할 수 있습니다","shops/other/gongju/계룡면/S썸바디테라피/index.html || 공주 계룡면 지역의 S썸바디테라피 안내입니다. 영업시간, 코스와 가격, 전화·문자 문의, 주변 위치 정보를 확인할 수 있습니다.","shops/other/gongju/금학동/S썸바디테라피/index.html || 공주 금학동 지역의 S썸바디테라피 안내입니다. 영업시간, 코스와 가격, 전화·문자 문의, 주변 위치 정보를 확인할 수 있습니다.","shops/other/gongju/반포면/S썸바디테라피/index.html || 공주 반포면 지역의 S썸바디테라피 안내입니다. 영업시간, 코스와 가격, 전화·문자 문의, 주변 위치 정보를 확인할 수 있습니다."
"DESCRIPTION_TEMPLATE","14","업체상세","16","김해 x 지역의 x 안내입니다 영업시간 코스와 가격 전화 문자 문의 주변 위치 정보를 확인할 수 있습니다","shops/other/gimhae/내외동/경남테라피/index.html || 김해 내외동 지역의 경남테라피 안내입니다. 영업시간, 코스와 가격, 전화·문자 문의, 주변 위치 정보를 확인할 수 있습니다.","shops/other/gimhae/대동면/경남테라피/index.html || 김해 대동면 지역의 경남테라피 안내입니다. 영업시간, 코스와 가격, 전화·문자 문의, 주변 위치 정보를 확인할 수 있습니다.","shops/other/gimhae/동상동/경남테라피/index.html || 김해 동상동 지역의 경남테라피 안내입니다. 영업시간, 코스와 가격, 전화·문자 문의, 주변 위치 정보를 확인할 수 있습니다."
"DESCRIPTION_TEMPLATE","15","지역SEO","14","loc 주변의 주거 업무 생활권과 인접 지역을 기준으로 위치 정보를 정리했습니다 경기 loc loc loc 지역 이용 이용 전 loc 범위를 확인할 수 있습니다","massage/관산동-출장마사지-고양시-덕양구-생활권-이동동선-지역정보-이용전-안내/index.html || 관산동 주변의 주거·업무 생활권과 인접 지역을 기준으로 위치 정보를 정리했습니다. 경기 고양시 덕양구 관산동 지역 이용 이용 전 이동 범위를 확인할 수 있습니다.","massage/백석동-출장마사지-고양시-일산동구-생활권-이동동선-지역정보-이용전-안내/index.html || 백석동 주변의 주거·업무 생활권과 인접 지역을 기준으로 위치 정보를 정리했습니다. 경기 고양시 일산동구 백석동 지역 이용 이용 전 이동 범위를 확인할 수 있습니다.","massage/일산동-출장마사지-고양시-일산서구-생활권-이동동선-지역정보-이용전-안내/index.html || 일산동 주변의 주거·업무 생활권과 인접 지역을 기준으로 위치 정보를 정리했습니다. 경기 고양시 일산서구 일산동 지역 이용 이용 전 이동 범위를 확인할 수 있습니다."
"DESCRIPTION_TEMPLATE","16","지역SEO","14","x 주변 생활권과 인접 지역을 기준으로 현재 위치와 loc 범위를 확인할 수 있도록 정리했습니다 x 지역에서 이용 가능한 범위를 비교할 때 참고하세요","massage/장호원읍-출장마사지-이천시-생활권-지역정보-이용안내/index.html || 장호원읍 주변 생활권과 인접 지역을 기준으로 현재 위치와 이동 범위를 확인할 수 있도록 정리했습니다. 이천시 지역에서 이용 가능한 범위를 비교할 때 참고하세요.","massage/이인면-출장마사지-공주-생활권-지역정보-이용안내/index.html || 이인면 주변 생활권과 인접 지역을 기준으로 현재 위치와 이동 범위를 확인할 수 있도록 정리했습니다. 공주 지역에서 이용 가능한 범위를 비교할 때 참고하세요.","massage/정안면-출장마사지-공주-생활권-지역정보-이용안내/index.html || 정안면 주변 생활권과 인접 지역을 기준으로 현재 위치와 이동 범위를 확인할 수 있도록 정리했습니다. 공주 지역에서 이용 가능한 범위를 비교할 때 참고하세요."
"DESCRIPTION_TEMPLATE","17","지역SEO","12","loc 주변 생활권과 loc 흐름을 먼저 살펴보고 현재 위치를 확인하기 좋은 기준을 정리했습니다 경기 loc loc loc 생활권 이용 이용 전 지역 범위를 확인해 보세요","massage/대덕동-출장마사지-고양시-덕양구-생활권-이동동선-지역정보-이용전-안내/index.html || 대덕동 주변 생활권과 이동 흐름을 먼저 살펴보고 현재 위치를 확인하기 좋은 기준을 정리했습니다. 경기 고양시 덕양구 대덕동 생활권 이용 이용 전 지역 범위를 확인해 보세요.","massage/풍산동-출장마사지-고양시-일산동구-생활권-이동동선-지역정보-이용전-안내/index.html || 풍산동 주변 생활권과 이동 흐름을 먼저 살펴보고 현재 위치를 확인하기 좋은 기준을 정리했습니다. 경기 고양시 일산동구 풍산동 생활권 이용 이용 전 지역 범위를 확인해 보세요.","massage/괴안동-출장마사지-부천시-소사구-생활권-이동동선-지역정보-이용전-안내/index.html || 괴안동 주변 생활권과 이동 흐름을 먼저 살펴보고 현재 위치를 확인하기 좋은 기준을 정리했습니다. 경기 부천시 소사구 괴안동 생활권 이용 이용 전 지역 범위를 확인해 보세요."
"DESCRIPTION_TEMPLATE","18","업체상세","12","loc loc loc 지역의 x 안내입니다 영업시간 코스와 가격 전화 문자 문의 주변 위치 정보를 확인할 수 있습니다","shops/gyeonggi/bucheon/sosa-gu/소사본동/한국미인테라피/index.html || 부천시-소사구 소사본동 지역의 한국미인테라피 안내입니다. 영업시간, 코스와 가격, 전화·문자 문의, 주변 위치 정보를 확인할 수 있습니다.","shops/gyeonggi/bucheon/sosa-gu/소사본동/너무이쁜테라피/index.html || 부천시-소사구 소사본동 지역의 너무이쁜테라피 안내입니다. 영업시간, 코스와 가격, 전화·문자 문의, 주변 위치 정보를 확인할 수 있습니다.","shops/gyeonggi/bucheon/sosa-gu/소사본동/love테라피/index.html || 부천시-소사구 소사본동 지역의 love테라피 안내입니다. 영업시간, 코스와 가격, 전화·문자 문의, 주변 위치 정보를 확인할 수 있습니다."
"DESCRIPTION_TEMPLATE","19","지역SEO","12","loc 주변의 생활권과 loc 흐름을 먼저 살펴보고 loc 안에서 현재 위치를 설명하기 좋은 기준을 정리했습니다 서울 loc loc kw 이용 전 지역 범위와 위치 정보를 확인해 보세요","massage/삼양동-출장마사지-강북구-생활권-이동동선-지역정보-이용전-안내/index.html || 삼양동 주변의 생활권과 이동 흐름을 먼저 살펴보고, 강북구 안에서 현재 위치를 설명하기 좋은 기준을 정리했습니다. 서울 강북구 삼양동 출장마사지 이용 전 지역 범위와 위치 정보를 확인해 보세요.","massage/미성동-출장마사지-관악구-생활권-이동동선-지역정보-이용전-안내/index.html || 미성동 주변의 생활권과 이동 흐름을 먼저 살펴보고, 관악구 안에서 현재 위치를 설명하기 좋은 기준을 정리했습니다. 서울 관악구 미성동 출장마사지 이용 전 지역 범위와 위치 정보를 확인해 보세요.","massage/자양동-출장마사지-광진구-생활권-이동동선-지역정보-이용전-안내/index.html || 자양동 주변의 생활권과 이동 흐름을 먼저 살펴보고, 광진구 안에서 현재 위치를 설명하기 좋은 기준을 정리했습니다. 서울 광진구 자양동 출장마사지 이용 전 지역 범위와 위치 정보를 확인해 보세요."
"DESCRIPTION_TEMPLATE","20","지역SEO","11","loc 주변에서 현재 위치를 파악할 때 필요한 생활권 기준과 지역 선택 방법을 정리했습니다 서울 loc loc 지역 이용 이용 전 가까운 범위와 이용 정보를 확인할 수 있습니다","massage/역삼동-출장마사지-강남구-생활권-이동동선-지역정보-이용전-안내/index.html || 역삼동 주변에서 현재 위치를 파악할 때 필요한 생활권 기준과 지역 선택 방법을 정리했습니다. 서울 강남구 역삼동 지역 이용 이용 전 가까운 범위와 이용 정보를 확인할 수 있습니다.","massage/서원동-출장마사지-관악구-생활권-이동동선-지역정보-이용전-안내/index.html || 서원동 주변에서 현재 위치를 파악할 때 필요한 생활권 기준과 지역 선택 방법을 정리했습니다. 서울 관악구 서원동 지역 이용 이용 전 가까운 범위와 이용 정보를 확인할 수 있습니다.","massage/청림동-출장마사지-관악구-생활권-이동동선-지역정보-이용전-안내/index.html || 청림동 주변에서 현재 위치를 파악할 때 필요한 생활권 기준과 지역 선택 방법을 정리했습니다. 서울 관악구 청림동 지역 이용 이용 전 가까운 범위와 이용 정보를 확인할 수 있습니다."
"DESCRIPTION_TEMPLATE","21","지역SEO","11","loc 지역에서 현재 위치를 설명하고 가까운 생활권을 찾기 쉽도록 기본 정보를 구성했습니다 경기 loc loc loc 생활권 이용 이용 전 지역 선택에 참고하세요","massage/능곡동-출장마사지-고양시-덕양구-생활권-이동동선-지역정보-이용전-안내/index.html || 능곡동 지역에서 현재 위치를 설명하고 가까운 생활권을 찾기 쉽도록 기본 정보를 구성했습니다. 경기 고양시 덕양구 능곡동 생활권 이용 이용 전 지역 선택에 참고하세요.","massage/삼송동-출장마사지-고양시-덕양구-생활권-이동동선-지역정보-이용전-안내/index.html || 삼송동 지역에서 현재 위치를 설명하고 가까운 생활권을 찾기 쉽도록 기본 정보를 구성했습니다. 경기 고양시 덕양구 삼송동 생활권 이용 이용 전 지역 선택에 참고하세요.","massage/효자동-출장마사지-고양시-덕양구-생활권-이동동선-지역정보-이용전-안내/index.html || 효자동 지역에서 현재 위치를 설명하고 가까운 생활권을 찾기 쉽도록 기본 정보를 구성했습니다. 경기 고양시 덕양구 효자동 생활권 이용 이용 전 지역 선택에 참고하세요."
"DESCRIPTION_TEMPLATE","22","지역SEO","10","loc 주변 생활권과 loc 흐름을 먼저 살펴보고 현재 위치를 확인하기 좋은 기준을 정리했습니다 경기 loc loc loc kw 이용 전 지역 범위를 확인해 보세요","massage/성사동-출장마사지-고양시-덕양구-생활권-이동동선-지역정보-이용전-안내/index.html || 성사동 주변 생활권과 이동 흐름을 먼저 살펴보고 현재 위치를 확인하기 좋은 기준을 정리했습니다. 경기 고양시 덕양구 성사동 출장마사지 이용 전 지역 범위를 확인해 보세요.","massage/역곡동-출장마사지-부천시-원미구-생활권-이동동선-지역정보-이용전-안내/index.html || 역곡동 주변 생활권과 이동 흐름을 먼저 살펴보고 현재 위치를 확인하기 좋은 기준을 정리했습니다. 경기 부천시 원미구 역곡동 출장마사지 이용 전 지역 범위를 확인해 보세요.","massage/단대동-출장마사지-성남시-수정구-생활권-이동동선-지역정보-이용전-안내/index.html || 단대동 주변 생활권과 이동 흐름을 먼저 살펴보고 현재 위치를 확인하기 좋은 기준을 정리했습니다. 경기 성남시 수정구 단대동 출장마사지 이용 전 지역 범위를 확인해 보세요."
"DESCRIPTION_TEMPLATE","23","지역SEO","10","중심으로 주변 생활권과 loc 방향을 확인할 수 있도록 정리했습니다 경기 loc loc loc 생활권 이용 이용 전 현재 위치와 가까운 지역을 확인해 보세요","massage/원신동-출장마사지-고양시-덕양구-생활권-이동동선-지역정보-이용전-안내/index.html || 중심으로 주변 생활권과 이동 방향을 확인할 수 있도록 정리했습니다. 경기 고양시 덕양구 원신동 생활권 이용 이용 전 현재 위치와 가까운 지역을 확인해 보세요.","massage/중산동-출장마사지-고양시-일산동구-생활권-이동동선-지역정보-이용전-안내/index.html || 중심으로 주변 생활권과 이동 방향을 확인할 수 있도록 정리했습니다. 경기 고양시 일산동구 중산동 생활권 이용 이용 전 현재 위치와 가까운 지역을 확인해 보세요.","massage/심곡동-출장마사지-부천시-원미구-생활권-이동동선-지역정보-이용전-안내/index.html || 중심으로 주변 생활권과 이동 방향을 확인할 수 있도록 정리했습니다. 경기 부천시 원미구 심곡동 생활권 이용 이용 전 현재 위치와 가까운 지역을 확인해 보세요."
"DESCRIPTION_TEMPLATE","24","지역SEO","10","기준으로 가까운 생활권과 귀가 외출 동선을 확인할 수 있도록 지역 정보를 구성했습니다 x loc loc 지역 이용 이용 전 위치 설명과 loc 범위를 확인하는 데 참고하세요","massage/진잠동-출장마사지-대전-유성구-생활권-이동동선-지역정보-이용전-안내/index.html || 기준으로 가까운 생활권과 귀가·외출 동선을 확인할 수 있도록 지역 정보를 구성했습니다. 대전 유성구 진잠동 지역 이용 이용 전 위치 설명과 이동 범위를 확인하는 데 참고하세요.","massage/가경동-출장마사지-청주-흥덕구-생활권-이동동선-지역정보-이용전-안내/index.html || 기준으로 가까운 생활권과 귀가·외출 동선을 확인할 수 있도록 지역 정보를 구성했습니다. 청주 흥덕구 가경동 지역 이용 이용 전 위치 설명과 이동 범위를 확인하는 데 참고하세요.","massage/오근장동-출장마사지-청주-청원구-생활권-이동동선-지역정보-이용전-안내/index.html || 기준으로 가까운 생활권과 귀가·외출 동선을 확인할 수 있도록 지역 정보를 구성했습니다. 청주 청원구 오근장동 지역 이용 이용 전 위치 설명과 이동 범위를 확인하는 데 참고하세요."
"DESCRIPTION_TEMPLATE","25","지역SEO","10","loc 생활권 안에서 현재 위치와 가까운 지역을 찾기 쉽도록 기본 지역 정보를 구성했습니다 서울 loc loc kw 이용 전 loc 방향과 주변 생활권을 확인해 보세요","massage/난향동-출장마사지-관악구-생활권-이동동선-지역정보-이용전-안내/index.html || 난향동 생활권 안에서 현재 위치와 가까운 지역을 찾기 쉽도록 기본 지역 정보를 구성했습니다. 서울 관악구 난향동 출장마사지 이용 전 이동 방향과 주변 생활권을 확인해 보세요.","massage/신사동-출장마사지-관악구-생활권-이동동선-지역정보-이용전-안내/index.html || 신사동 생활권 안에서 현재 위치와 가까운 지역을 찾기 쉽도록 기본 지역 정보를 구성했습니다. 서울 관악구 신사동 출장마사지 이용 전 이동 방향과 주변 생활권을 확인해 보세요.","massage/구의동-출장마사지-광진구-생활권-이동동선-지역정보-이용전-안내/index.html || 구의동 생활권 안에서 현재 위치와 가까운 지역을 찾기 쉽도록 기본 지역 정보를 구성했습니다. 서울 광진구 구의동 출장마사지 이용 전 이동 방향과 주변 생활권을 확인해 보세요."
"DESCRIPTION_TEMPLATE","26","지역SEO","10","자주 오가는 생활권을 기준으로 위치와 인접 지역을 정리했습니다 경기 loc loc loc kw 이용 전 가까운 범위와 loc 방향을 비교해 보세요","massage/대화동-출장마사지-고양시-일산서구-생활권-이동동선-지역정보-이용전-안내/index.html || 자주 오가는 생활권을 기준으로 위치와 인접 지역을 정리했습니다. 경기 고양시 일산서구 대화동 출장마사지 이용 전 가까운 범위와 이동 방향을 비교해 보세요.","massage/송포동-출장마사지-고양시-일산서구-생활권-이동동선-지역정보-이용전-안내/index.html || 자주 오가는 생활권을 기준으로 위치와 인접 지역을 정리했습니다. 경기 고양시 일산서구 송포동 출장마사지 이용 전 가까운 범위와 이동 방향을 비교해 보세요.","massage/주교동-출장마사지-고양시-덕양구-생활권-이동동선-지역정보-이용전-안내/index.html || 자주 오가는 생활권을 기준으로 위치와 인접 지역을 정리했습니다. 경기 고양시 덕양구 주교동 출장마사지 이용 전 가까운 범위와 이동 방향을 비교해 보세요."
"DESCRIPTION_TEMPLATE","27","지역SEO","10","자주 오가는 생활권을 기준으로 위치와 인접 지역을 정리했습니다 경기 loc loc loc 생활권 이용 이용 전 가까운 범위와 loc 방향을 비교해 보세요","massage/가좌동-출장마사지-고양시-일산서구-생활권-이동동선-지역정보-이용전-안내/index.html || 자주 오가는 생활권을 기준으로 위치와 인접 지역을 정리했습니다. 경기 고양시 일산서구 가좌동 생활권 이용 이용 전 가까운 범위와 이동 방향을 비교해 보세요.","massage/송내동-출장마사지-부천시-소사구-생활권-이동동선-지역정보-이용전-안내/index.html || 자주 오가는 생활권을 기준으로 위치와 인접 지역을 정리했습니다. 경기 부천시 소사구 송내동 생활권 이용 이용 전 가까운 범위와 이동 방향을 비교해 보세요.","massage/춘의동-출장마사지-부천시-원미구-생활권-이동동선-지역정보-이용전-안내/index.html || 자주 오가는 생활권을 기준으로 위치와 인접 지역을 정리했습니다. 경기 부천시 원미구 춘의동 생활권 이용 이용 전 가까운 범위와 이동 방향을 비교해 보세요."
"DESCRIPTION_TEMPLATE","28","지역SEO","10","loc 지역에서 현재 위치를 설명하고 가까운 생활권을 찾기 쉽도록 기본 정보를 구성했습니다 경기 loc loc loc 지역 이용 이용 전 지역 선택에 참고하세요","massage/탄현동-출장마사지-고양시-일산서구-생활권-이동동선-지역정보-이용전-안내/index.html || 탄현동 지역에서 현재 위치를 설명하고 가까운 생활권을 찾기 쉽도록 기본 정보를 구성했습니다. 경기 고양시 일산서구 탄현동 지역 이용 이용 전 지역 선택에 참고하세요.","massage/소사동-출장마사지-부천시-원미구-생활권-이동동선-지역정보-이용전-안내/index.html || 소사동 지역에서 현재 위치를 설명하고 가까운 생활권을 찾기 쉽도록 기본 정보를 구성했습니다. 경기 부천시 원미구 소사동 지역 이용 이용 전 지역 선택에 참고하세요.","massage/금광동-출장마사지-성남시-중원구-생활권-이동동선-지역정보-이용전-안내/index.html || 금광동 지역에서 현재 위치를 설명하고 가까운 생활권을 찾기 쉽도록 기본 정보를 구성했습니다. 경기 성남시 중원구 금광동 지역 이용 이용 전 지역 선택에 참고하세요."
"DESCRIPTION_TEMPLATE","29","지역SEO","10","loc 생활권에서 현재 위치와 인접 동을 확인하기 쉽도록 지역 정보를 구성했습니다 경기 loc loc loc 생활권 이용 이용 전 위치와 지역 범위를 살펴볼 수 있습니다","massage/주엽동-출장마사지-고양시-일산서구-생활권-이동동선-지역정보-이용전-안내/index.html || 주엽동 생활권에서 현재 위치와 인접 동을 확인하기 쉽도록 지역 정보를 구성했습니다. 경기 고양시 일산서구 주엽동 생활권 이용 이용 전 위치와 지역 범위를 살펴볼 수 있습니다.","massage/범박동-출장마사지-부천시-소사구-생활권-이동동선-지역정보-이용전-안내/index.html || 범박동 생활권에서 현재 위치와 인접 동을 확인하기 쉽도록 지역 정보를 구성했습니다. 경기 부천시 소사구 범박동 생활권 이용 이용 전 위치와 지역 범위를 살펴볼 수 있습니다.","massage/망포동-출장마사지-수원시-영통구-생활권-이동동선-지역정보-이용전-안내/index.html || 망포동 생활권에서 현재 위치와 인접 동을 확인하기 쉽도록 지역 정보를 구성했습니다. 경기 수원시 영통구 망포동 생활권 이용 이용 전 위치와 지역 범위를 살펴볼 수 있습니다."
"DESCRIPTION_TEMPLATE","30","지역SEO","10","loc 생활권에서 kw 이용 전 확인할 수 있는 위치 범위와 인접 지역 정보를 정리했습니다 x x 주변 loc 동선과 가까운 생활권을 함께 확인해보세요","massage/군위읍-출장마사지-대구-군위군-생활권-지역정보-이용안내/index.html || 군위읍 생활권에서 출장마사지 이용 전 확인할 수 있는 위치 범위와 인접 지역 정보를 정리했습니다. 대구 군위군 주변 이동 동선과 가까운 생활권을 함께 확인해보세요.","massage/교동면-출장마사지-인천-강화군-생활권-지역정보-이용안내/index.html || 교동면 생활권에서 출장마사지 이용 전 확인할 수 있는 위치 범위와 인접 지역 정보를 정리했습니다. 인천 강화군 주변 이동 동선과 가까운 생활권을 함께 확인해보세요.","massage/길상면-출장마사지-인천-강화군-생활권-지역정보-이용안내/index.html || 길상면 생활권에서 출장마사지 이용 전 확인할 수 있는 위치 범위와 인접 지역 정보를 정리했습니다. 인천 강화군 주변 이동 동선과 가까운 생활권을 함께 확인해보세요."
"DESCRIPTION_TEMPLATE","31","지역SEO","9","loc 생활권의 기본적인 loc 방향과 인접 지역 확인 방법을 한 페이지에 정리했습니다 서울 loc loc 지역 이용 이용 전 현재 위치와 지역 범위를 먼저 확인해 보세요","massage/명일동-출장마사지-강동구-생활권-이동동선-지역정보-이용전-안내/index.html || 명일동 생활권의 기본적인 이동 방향과 인접 지역 확인 방법을 한 페이지에 정리했습니다. 서울 강동구 명일동 지역 이용 이용 전 현재 위치와 지역 범위를 먼저 확인해 보세요.","massage/송천동-출장마사지-강북구-생활권-이동동선-지역정보-이용전-안내/index.html || 송천동 생활권의 기본적인 이동 방향과 인접 지역 확인 방법을 한 페이지에 정리했습니다. 서울 강북구 송천동 지역 이용 이용 전 현재 위치와 지역 범위를 먼저 확인해 보세요.","massage/중앙동-출장마사지-관악구-생활권-이동동선-지역정보-이용전-안내/index.html || 중앙동 생활권의 기본적인 이동 방향과 인접 지역 확인 방법을 한 페이지에 정리했습니다. 서울 관악구 중앙동 지역 이용 이용 전 현재 위치와 지역 범위를 먼저 확인해 보세요."
"DESCRIPTION_TEMPLATE","32","지역SEO","9","자주 오가는 주거 상업 생활권을 기준으로 위치 확인 방법을 정리했습니다 서울 loc loc 생활권 이용 이용 전 가까운 지역과 loc 범위를 비교할 때 참고할 수 있습니다","massage/둔촌동-출장마사지-강동구-생활권-이동동선-지역정보-이용전-안내/index.html || 자주 오가는 주거·상업 생활권을 기준으로 위치 확인 방법을 정리했습니다. 서울 강동구 둔촌동 생활권 이용 이용 전 가까운 지역과 이동 범위를 비교할 때 참고할 수 있습니다.","massage/조원동-출장마사지-관악구-생활권-이동동선-지역정보-이용전-안내/index.html || 자주 오가는 주거·상업 생활권을 기준으로 위치 확인 방법을 정리했습니다. 서울 관악구 조원동 생활권 이용 이용 전 가까운 지역과 이동 범위를 비교할 때 참고할 수 있습니다.","massage/중곡동-출장마사지-광진구-생활권-이동동선-지역정보-이용전-안내/index.html || 자주 오가는 주거·상업 생활권을 기준으로 위치 확인 방법을 정리했습니다. 서울 광진구 중곡동 생활권 이용 이용 전 가까운 지역과 이동 범위를 비교할 때 참고할 수 있습니다."
"DESCRIPTION_TEMPLATE","33","지역SEO","9","자주 오가는 주거 상업 생활권을 기준으로 위치 확인 방법을 정리했습니다 x loc loc 지역 이용 이용 전 가까운 지역과 loc 범위를 비교할 때 참고할 수 있습니다","massage/원신흥동-출장마사지-대전-유성구-생활권-이동동선-지역정보-이용전-안내/index.html || 자주 오가는 주거·상업 생활권을 기준으로 위치 확인 방법을 정리했습니다. 대전 유성구 원신흥동 지역 이용 이용 전 가까운 지역과 이동 범위를 비교할 때 참고할 수 있습니다.","massage/회덕동-출장마사지-대전-대덕구-생활권-이동동선-지역정보-이용전-안내/index.html || 자주 오가는 주거·상업 생활권을 기준으로 위치 확인 방법을 정리했습니다. 대전 대덕구 회덕동 지역 이용 이용 전 가까운 지역과 이동 범위를 비교할 때 참고할 수 있습니다.","massage/수곡동-출장마사지-청주-서원구-생활권-이동동선-지역정보-이용전-안내/index.html || 자주 오가는 주거·상업 생활권을 기준으로 위치 확인 방법을 정리했습니다. 청주 서원구 수곡동 지역 이용 이용 전 가까운 지역과 이동 범위를 비교할 때 참고할 수 있습니다."
"DESCRIPTION_TEMPLATE","34","지역SEO","9","loc 지역에서 현재 위치를 설명하고 가까운 생활권을 찾기 쉽도록 기본 정보를 구성했습니다 경기 loc loc kw 이용 전 지역 선택에 참고하세요","massage/철산동-출장마사지-광명시-생활권-이동동선-지역정보-이용전-안내/index.html || 철산동 지역에서 현재 위치를 설명하고 가까운 생활권을 찾기 쉽도록 기본 정보를 구성했습니다. 경기 광명시 철산동 출장마사지 이용 전 지역 선택에 참고하세요.","massage/송정동-출장마사지-광주시-생활권-이동동선-지역정보-이용전-안내/index.html || 송정동 지역에서 현재 위치를 설명하고 가까운 생활권을 찾기 쉽도록 기본 정보를 구성했습니다. 경기 광주시 송정동 출장마사지 이용 전 지역 선택에 참고하세요.","massage/오금동-출장마사지-군포시-생활권-이동동선-지역정보-이용전-안내/index.html || 오금동 지역에서 현재 위치를 설명하고 가까운 생활권을 찾기 쉽도록 기본 정보를 구성했습니다. 경기 군포시 오금동 출장마사지 이용 전 지역 선택에 참고하세요."
"DESCRIPTION_TEMPLATE","35","지역SEO","9","loc 생활권의 기본적인 loc 방향과 인접 지역 확인 방법을 한 페이지에 정리했습니다 서울 loc loc 생활권 이용 이용 전 현재 위치와 지역 범위를 먼저 확인해 보세요","massage/신사동-출장마사지-강남구-생활권-이동동선-지역정보-이용전-안내/index.html || 신사동 생활권의 기본적인 이동 방향과 인접 지역 확인 방법을 한 페이지에 정리했습니다. 서울 강남구 신사동 생활권 이용 이용 전 현재 위치와 지역 범위를 먼저 확인해 보세요.","massage/우장산동-출장마사지-강서구-생활권-이동동선-지역정보-이용전-안내/index.html || 우장산동 생활권의 기본적인 이동 방향과 인접 지역 확인 방법을 한 페이지에 정리했습니다. 서울 강서구 우장산동 생활권 이용 이용 전 현재 위치와 지역 범위를 먼저 확인해 보세요.","massage/삼성동-출장마사지-관악구-생활권-이동동선-지역정보-이용전-안내/index.html || 삼성동 생활권의 기본적인 이동 방향과 인접 지역 확인 방법을 한 페이지에 정리했습니다. 서울 관악구 삼성동 생활권 이용 이용 전 현재 위치와 지역 범위를 먼저 확인해 보세요."
"DESCRIPTION_TEMPLATE","36","지역SEO","9","다른 생활권으로 이동할 때 참고하기 좋은 지역 기준과 위치 확인 항목을 정리했습니다 서울 loc loc 지역 이용 이용 전 지역 범위를 확인하는 안내입니다","massage/일원본동-출장마사지-강남구-생활권-이동동선-지역정보-이용전-안내/index.html || 다른 생활권으로 이동할 때 참고하기 좋은 지역 기준과 위치 확인 항목을 정리했습니다. 서울 강남구 일원본동 지역 이용 이용 전 지역 범위를 확인하는 안내입니다.","massage/천호동-출장마사지-강동구-생활권-이동동선-지역정보-이용전-안내/index.html || 다른 생활권으로 이동할 때 참고하기 좋은 지역 기준과 위치 확인 항목을 정리했습니다. 서울 강동구 천호동 지역 이용 이용 전 지역 범위를 확인하는 안내입니다.","massage/가양동-출장마사지-강서구-생활권-이동동선-지역정보-이용전-안내/index.html || 다른 생활권으로 이동할 때 참고하기 좋은 지역 기준과 위치 확인 항목을 정리했습니다. 서울 강서구 가양동 지역 이용 이용 전 지역 범위를 확인하는 안내입니다."
"DESCRIPTION_TEMPLATE","37","지역SEO","9","자주 오가는 생활권을 기준으로 위치와 인접 지역을 정리했습니다 경기 loc loc kw 이용 전 가까운 범위와 loc 방향을 비교해 보세요","massage/학온동-출장마사지-광명시-생활권-이동동선-지역정보-이용전-안내/index.html || 자주 오가는 생활권을 기준으로 위치와 인접 지역을 정리했습니다. 경기 광명시 학온동 출장마사지 이용 전 가까운 범위와 이동 방향을 비교해 보세요.","massage/쌍령동-출장마사지-광주시-생활권-이동동선-지역정보-이용전-안내/index.html || 자주 오가는 생활권을 기준으로 위치와 인접 지역을 정리했습니다. 경기 광주시 쌍령동 출장마사지 이용 전 가까운 범위와 이동 방향을 비교해 보세요.","massage/대야동-출장마사지-군포시-생활권-이동동선-지역정보-이용전-안내/index.html || 자주 오가는 생활권을 기준으로 위치와 인접 지역을 정리했습니다. 경기 군포시 대야동 출장마사지 이용 전 가까운 범위와 이동 방향을 비교해 보세요."
"DESCRIPTION_TEMPLATE","38","지역SEO","9","loc 생활권에서 현재 위치와 인접 동을 확인하기 쉽도록 지역 정보를 구성했습니다 경기 loc loc 지역 이용 이용 전 위치와 지역 범위를 살펴볼 수 있습니다","massage/경안동-출장마사지-광주시-생활권-이동동선-지역정보-이용전-안내/index.html || 경안동 생활권에서 현재 위치와 인접 동을 확인하기 쉽도록 지역 정보를 구성했습니다. 경기 광주시 경안동 지역 이용 이용 전 위치와 지역 범위를 살펴볼 수 있습니다.","massage/오포동-출장마사지-광주시-생활권-이동동선-지역정보-이용전-안내/index.html || 오포동 생활권에서 현재 위치와 인접 동을 확인하기 쉽도록 지역 정보를 구성했습니다. 경기 광주시 오포동 지역 이용 이용 전 위치와 지역 범위를 살펴볼 수 있습니다.","massage/산본동-출장마사지-군포시-생활권-이동동선-지역정보-이용전-안내/index.html || 산본동 생활권에서 현재 위치와 인접 동을 확인하기 쉽도록 지역 정보를 구성했습니다. 경기 군포시 산본동 지역 이용 이용 전 위치와 지역 범위를 살펴볼 수 있습니다."
"DESCRIPTION_TEMPLATE","39","지역SEO","9","기준으로 가까운 생활권과 귀가 외출 동선을 확인할 수 있도록 지역 정보를 구성했습니다 서울 loc loc 지역 이용 이용 전 위치 설명과 loc 범위를 확인하는 데 참고하세요","massage/화곡동-출장마사지-강서구-화곡역-주거생활권-퇴근후-목어깨-허리-피로-방문-홈케어/index.html || 기준으로 가까운 생활권과 귀가·외출 동선을 확인할 수 있도록 지역 정보를 구성했습니다. 서울 강서구 화곡동 지역 이용 이용 전 위치 설명과 이동 범위를 확인하는 데 참고하세요.","massage/압구정동-출장마사지-강남구-생활권-이동동선-지역정보-이용전-안내/index.html || 기준으로 가까운 생활권과 귀가·외출 동선을 확인할 수 있도록 지역 정보를 구성했습니다. 서울 강남구 압구정동 지역 이용 이용 전 위치 설명과 이동 범위를 확인하는 데 참고하세요.","massage/상일동-출장마사지-강동구-생활권-이동동선-지역정보-이용전-안내/index.html || 기준으로 가까운 생활권과 귀가·외출 동선을 확인할 수 있도록 지역 정보를 구성했습니다. 서울 강동구 상일동 지역 이용 이용 전 위치 설명과 이동 범위를 확인하는 데 참고하세요."
"DESCRIPTION_TEMPLATE","40","지역SEO","9","중심으로 주변 생활권과 loc 방향을 확인할 수 있도록 정리했습니다 경기 loc loc loc kw 이용 전 현재 위치와 가까운 지역을 확인해 보세요","massage/고양동-출장마사지-고양시-덕양구-생활권-이동동선-지역정보-이용전-안내/index.html || 중심으로 주변 생활권과 이동 방향을 확인할 수 있도록 정리했습니다. 경기 고양시 덕양구 고양동 출장마사지 이용 전 현재 위치와 가까운 지역을 확인해 보세요.","massage/옥길동-출장마사지-부천시-소사구-생활권-이동동선-지역정보-이용전-안내/index.html || 중심으로 주변 생활권과 이동 방향을 확인할 수 있도록 정리했습니다. 경기 부천시 소사구 옥길동 출장마사지 이용 전 현재 위치와 가까운 지역을 확인해 보세요.","massage/매교동-출장마사지-수원시-팔달구-생활권-이동동선-지역정보-이용전-안내/index.html || 중심으로 주변 생활권과 이동 방향을 확인할 수 있도록 정리했습니다. 경기 수원시 팔달구 매교동 출장마사지 이용 전 현재 위치와 가까운 지역을 확인해 보세요."
"DESCRIPTION_TEMPLATE","41","지역SEO","9","자주 오가는 생활권을 기준으로 위치와 인접 지역을 정리했습니다 경기 loc loc loc 지역 이용 이용 전 가까운 범위와 loc 방향을 비교해 보세요","massage/도당동-출장마사지-부천시-원미구-생활권-이동동선-지역정보-이용전-안내/index.html || 자주 오가는 생활권을 기준으로 위치와 인접 지역을 정리했습니다. 경기 부천시 원미구 도당동 지역 이용 이용 전 가까운 범위와 이동 방향을 비교해 보세요.","massage/신촌동-출장마사지-성남시-수정구-생활권-이동동선-지역정보-이용전-안내/index.html || 자주 오가는 생활권을 기준으로 위치와 인접 지역을 정리했습니다. 경기 성남시 수정구 신촌동 지역 이용 이용 전 가까운 범위와 이동 방향을 비교해 보세요.","massage/금곡동-출장마사지-수원시-권선구-생활권-이동동선-지역정보-이용전-안내/index.html || 자주 오가는 생활권을 기준으로 위치와 인접 지역을 정리했습니다. 경기 수원시 권선구 금곡동 지역 이용 이용 전 가까운 범위와 이동 방향을 비교해 보세요."
"DESCRIPTION_TEMPLATE","42","지역SEO","9","loc 생활권에서 현재 위치와 인접 동을 확인하기 쉽도록 지역 정보를 구성했습니다 경기 loc loc loc 지역 이용 이용 전 위치와 지역 범위를 살펴볼 수 있습니다","massage/고봉동-출장마사지-고양시-일산동구-생활권-이동동선-지역정보-이용전-안내/index.html || 고봉동 생활권에서 현재 위치와 인접 동을 확인하기 쉽도록 지역 정보를 구성했습니다. 경기 고양시 일산동구 고봉동 지역 이용 이용 전 위치와 지역 범위를 살펴볼 수 있습니다.","massage/행주동-출장마사지-고양시-덕양구-생활권-이동동선-지역정보-이용전-안내/index.html || 행주동 생활권에서 현재 위치와 인접 동을 확인하기 쉽도록 지역 정보를 구성했습니다. 경기 고양시 덕양구 행주동 지역 이용 이용 전 위치와 지역 범위를 살펴볼 수 있습니다.","massage/백현동-출장마사지-성남시-분당구-생활권-이동동선-지역정보-이용전-안내/index.html || 백현동 생활권에서 현재 위치와 인접 동을 확인하기 쉽도록 지역 정보를 구성했습니다. 경기 성남시 분당구 백현동 지역 이용 이용 전 위치와 지역 범위를 살펴볼 수 있습니다."
"DESCRIPTION_TEMPLATE","43","지역SEO","9","loc 생활권에서 현재 위치와 인접 동을 확인하기 쉽도록 지역 정보를 구성했습니다 경기 loc loc loc kw 이용 전 위치와 지역 범위를 살펴볼 수 있습니다","massage/덕이동-출장마사지-고양시-일산서구-생활권-이동동선-지역정보-이용전-안내/index.html || 덕이동 생활권에서 현재 위치와 인접 동을 확인하기 쉽도록 지역 정보를 구성했습니다. 경기 고양시 일산서구 덕이동 출장마사지 이용 전 위치와 지역 범위를 살펴볼 수 있습니다.","massage/식사동-출장마사지-고양시-일산동구-생활권-이동동선-지역정보-이용전-안내/index.html || 식사동 생활권에서 현재 위치와 인접 동을 확인하기 쉽도록 지역 정보를 구성했습니다. 경기 고양시 일산동구 식사동 출장마사지 이용 전 위치와 지역 범위를 살펴볼 수 있습니다.","massage/신흥동-출장마사지-부천시-오정구-생활권-이동동선-지역정보-이용전-안내/index.html || 신흥동 생활권에서 현재 위치와 인접 동을 확인하기 쉽도록 지역 정보를 구성했습니다. 경기 부천시 오정구 신흥동 출장마사지 이용 전 위치와 지역 범위를 살펴볼 수 있습니다."
"DESCRIPTION_TEMPLATE","44","지역SEO","9","중심으로 인접 생활권과 loc 범위를 먼저 살펴볼 수 있도록 지역 안내를 정리했습니다 서울 loc loc 생활권 이용 이용 전 위치 확인에 참고할 수 있습니다","massage/등촌동-출장마사지-강서구-생활권-이동동선-지역정보-이용전-안내/index.html || 중심으로 인접 생활권과 이동 범위를 먼저 살펴볼 수 있도록 지역 안내를 정리했습니다. 서울 강서구 등촌동 생활권 이용 이용 전 위치 확인에 참고할 수 있습니다.","massage/남현동-출장마사지-관악구-생활권-이동동선-지역정보-이용전-안내/index.html || 중심으로 인접 생활권과 이동 범위를 먼저 살펴볼 수 있도록 지역 안내를 정리했습니다. 서울 관악구 남현동 생활권 이용 이용 전 위치 확인에 참고할 수 있습니다.","massage/월계동-출장마사지-노원구-생활권-이동동선-지역정보-이용전-안내/index.html || 중심으로 인접 생활권과 이동 범위를 먼저 살펴볼 수 있도록 지역 안내를 정리했습니다. 서울 노원구 월계동 생활권 이용 이용 전 위치 확인에 참고할 수 있습니다."
"DESCRIPTION_TEMPLATE","45","지역SEO","9","loc 주변 생활권과 loc 흐름을 먼저 살펴보고 현재 위치를 확인하기 좋은 기준을 정리했습니다 경기 loc loc kw 이용 전 지역 범위를 확인해 보세요","massage/원문동-출장마사지-과천시-생활권-이동동선-지역정보-이용전-안내/index.html || 원문동 주변 생활권과 이동 흐름을 먼저 살펴보고 현재 위치를 확인하기 좋은 기준을 정리했습니다. 경기 과천시 원문동 출장마사지 이용 전 지역 범위를 확인해 보세요.","massage/하안동-출장마사지-광명시-생활권-이동동선-지역정보-이용전-안내/index.html || 하안동 주변 생활권과 이동 흐름을 먼저 살펴보고 현재 위치를 확인하기 좋은 기준을 정리했습니다. 경기 광명시 하안동 출장마사지 이용 전 지역 범위를 확인해 보세요.","massage/장기동-출장마사지-김포시-생활권-이동동선-지역정보-이용전-안내/index.html || 장기동 주변 생활권과 이동 흐름을 먼저 살펴보고 현재 위치를 확인하기 좋은 기준을 정리했습니다. 경기 김포시 장기동 출장마사지 이용 전 지역 범위를 확인해 보세요."
"DESCRIPTION_TEMPLATE","46","지역SEO","9","중심으로 주변 생활권과 loc 방향을 확인할 수 있도록 정리했습니다 경기 loc loc loc 지역 이용 이용 전 현재 위치와 가까운 지역을 확인해 보세요","massage/마두동-출장마사지-고양시-일산동구-생활권-이동동선-지역정보-이용전-안내/index.html || 중심으로 주변 생활권과 이동 방향을 확인할 수 있도록 정리했습니다. 경기 고양시 일산동구 마두동 지역 이용 이용 전 현재 위치와 가까운 지역을 확인해 보세요.","massage/화전동-출장마사지-고양시-덕양구-생활권-이동동선-지역정보-이용전-안내/index.html || 중심으로 주변 생활권과 이동 방향을 확인할 수 있도록 정리했습니다. 경기 고양시 덕양구 화전동 지역 이용 이용 전 현재 위치와 가까운 지역을 확인해 보세요.","massage/구미동-출장마사지-성남시-분당구-생활권-이동동선-지역정보-이용전-안내/index.html || 중심으로 주변 생활권과 이동 방향을 확인할 수 있도록 정리했습니다. 경기 성남시 분당구 구미동 지역 이용 이용 전 현재 위치와 가까운 지역을 확인해 보세요."
"DESCRIPTION_TEMPLATE","47","지역SEO","9","loc 주변 생활권을 기준으로 현재 위치와 인접 지역을 확인하는 방법을 정리했습니다 서울 loc loc 생활권 이용 이용 전 지역 선택과 loc 범위를 살펴보세요","massage/발산동-출장마사지-강서구-생활권-이동동선-지역정보-이용전-안내/index.html || 발산동 주변 생활권을 기준으로 현재 위치와 인접 지역을 확인하는 방법을 정리했습니다. 서울 강서구 발산동 생활권 이용 이용 전 지역 선택과 이동 범위를 살펴보세요.","massage/대학동-출장마사지-관악구-생활권-이동동선-지역정보-이용전-안내/index.html || 대학동 주변 생활권을 기준으로 현재 위치와 인접 지역을 확인하는 방법을 정리했습니다. 서울 관악구 대학동 생활권 이용 이용 전 지역 선택과 이동 범위를 살펴보세요.","massage/오류동-출장마사지-구로구-생활권-이동동선-지역정보-이용전-안내/index.html || 오류동 주변 생활권을 기준으로 현재 위치와 인접 지역을 확인하는 방법을 정리했습니다. 서울 구로구 오류동 생활권 이용 이용 전 지역 선택과 이동 범위를 살펴보세요."
"DESCRIPTION_TEMPLATE","48","지역SEO","9","중심으로 주변 생활권과 loc 방향을 확인할 수 있도록 정리했습니다 경기 loc loc kw 이용 전 현재 위치와 가까운 지역을 확인해 보세요","massage/문원동-출장마사지-과천시-생활권-이동동선-지역정보-이용전-안내/index.html || 중심으로 주변 생활권과 이동 방향을 확인할 수 있도록 정리했습니다. 경기 과천시 문원동 출장마사지 이용 전 현재 위치와 가까운 지역을 확인해 보세요.","massage/송부동-출장마사지-군포시-생활권-이동동선-지역정보-이용전-안내/index.html || 중심으로 주변 생활권과 이동 방향을 확인할 수 있도록 정리했습니다. 경기 군포시 송부동 출장마사지 이용 전 현재 위치와 가까운 지역을 확인해 보세요.","massage/중앙동-출장마사지-동두천시-생활권-이동동선-지역정보-이용전-안내/index.html || 중심으로 주변 생활권과 이동 방향을 확인할 수 있도록 정리했습니다. 경기 동두천시 중앙동 출장마사지 이용 전 현재 위치와 가까운 지역을 확인해 보세요."
"DESCRIPTION_TEMPLATE","49","지역SEO","8","loc 생활권의 기본적인 loc 방향과 인접 지역 확인 방법을 한 페이지에 정리했습니다 x loc loc 지역 이용 이용 전 현재 위치와 지역 범위를 먼저 확인해 보세요","massage/상대동-출장마사지-대전-유성구-생활권-이동동선-지역정보-이용전-안내/index.html || 상대동 생활권의 기본적인 이동 방향과 인접 지역 확인 방법을 한 페이지에 정리했습니다. 대전 유성구 상대동 지역 이용 이용 전 현재 위치와 지역 범위를 먼저 확인해 보세요.","massage/영운동-출장마사지-청주-상당구-생활권-이동동선-지역정보-이용전-안내/index.html || 영운동 생활권의 기본적인 이동 방향과 인접 지역 확인 방법을 한 페이지에 정리했습니다. 청주 상당구 영운동 지역 이용 이용 전 현재 위치와 지역 범위를 먼저 확인해 보세요.","massage/탑대성동-출장마사지-청주-상당구-생활권-이동동선-지역정보-이용전-안내/index.html || 탑대성동 생활권의 기본적인 이동 방향과 인접 지역 확인 방법을 한 페이지에 정리했습니다. 청주 상당구 탑대성동 지역 이용 이용 전 현재 위치와 지역 범위를 먼저 확인해 보세요."
"DESCRIPTION_TEMPLATE","50","지역SEO","8","loc 생활권 안에서 현재 위치와 가까운 지역을 찾기 쉽도록 기본 지역 정보를 구성했습니다 x loc loc 지역 이용 이용 전 loc 방향과 주변 생활권을 확인해 보세요","massage/대화동-출장마사지-대전-대덕구-생활권-이동동선-지역정보-이용전-안내/index.html || 대화동 생활권 안에서 현재 위치와 가까운 지역을 찾기 쉽도록 기본 지역 정보를 구성했습니다. 대전 대덕구 대화동 지역 이용 이용 전 이동 방향과 주변 생활권을 확인해 보세요.","massage/신성동-출장마사지-대전-유성구-생활권-이동동선-지역정보-이용전-안내/index.html || 신성동 생활권 안에서 현재 위치와 가까운 지역을 찾기 쉽도록 기본 지역 정보를 구성했습니다. 대전 유성구 신성동 지역 이용 이용 전 이동 방향과 주변 생활권을 확인해 보세요.","massage/학하동-출장마사지-대전-유성구-생활권-이동동선-지역정보-이용전-안내/index.html || 학하동 생활권 안에서 현재 위치와 가까운 지역을 찾기 쉽도록 기본 지역 정보를 구성했습니다. 대전 유성구 학하동 지역 이용 이용 전 이동 방향과 주변 생활권을 확인해 보세요."
"DESCRIPTION_TEMPLATE","51","지역SEO","8","loc 생활권 안에서 현재 위치와 가까운 지역을 찾기 쉽도록 기본 지역 정보를 구성했습니다 서울 loc loc 지역 이용 이용 전 loc 방향과 주변 생활권을 확인해 보세요","massage/청담동-출장마사지-강남구-생활권-이동동선-지역정보-이용전-안내/index.html || 청담동 생활권 안에서 현재 위치와 가까운 지역을 찾기 쉽도록 기본 지역 정보를 구성했습니다. 서울 강남구 청담동 지역 이용 이용 전 이동 방향과 주변 생활권을 확인해 보세요.","massage/공항동-출장마사지-강서구-생활권-이동동선-지역정보-이용전-안내/index.html || 공항동 생활권 안에서 현재 위치와 가까운 지역을 찾기 쉽도록 기본 지역 정보를 구성했습니다. 서울 강서구 공항동 지역 이용 이용 전 이동 방향과 주변 생활권을 확인해 보세요.","massage/상계동-출장마사지-노원구-생활권-이동동선-지역정보-이용전-안내/index.html || 상계동 생활권 안에서 현재 위치와 가까운 지역을 찾기 쉽도록 기본 지역 정보를 구성했습니다. 서울 노원구 상계동 지역 이용 이용 전 이동 방향과 주변 생활권을 확인해 보세요."
"DESCRIPTION_TEMPLATE","52","지역SEO","8","주거권과 일상 loc 범위를 중심으로 지역 정보를 먼저 확인할 수 있게 정리했습니다 서울 loc loc 지역 이용 이용 전 위치와 인접 생활권을 비교해 보세요","massage/암사동-출장마사지-강동구-생활권-이동동선-지역정보-이용전-안내/index.html || 주거권과 일상 이동 범위를 중심으로 지역 정보를 먼저 확인할 수 있게 정리했습니다. 서울 강동구 암사동 지역 이용 이용 전 위치와 인접 생활권을 비교해 보세요.","massage/인수동-출장마사지-강북구-생활권-이동동선-지역정보-이용전-안내/index.html || 주거권과 일상 이동 범위를 중심으로 지역 정보를 먼저 확인할 수 있게 정리했습니다. 서울 강북구 인수동 지역 이용 이용 전 위치와 인접 생활권을 비교해 보세요.","massage/낙성대동-출장마사지-관악구-생활권-이동동선-지역정보-이용전-안내/index.html || 주거권과 일상 이동 범위를 중심으로 지역 정보를 먼저 확인할 수 있게 정리했습니다. 서울 관악구 낙성대동 지역 이용 이용 전 위치와 인접 생활권을 비교해 보세요."
"DESCRIPTION_TEMPLATE","53","지역SEO","8","기준으로 가까운 생활권과 귀가 외출 동선을 확인할 수 있도록 지역 정보를 구성했습니다 서울 loc loc 생활권 이용 이용 전 위치 설명과 loc 범위를 확인하는 데 참고하세요","massage/제기동-출장마사지-동대문구-생활권-이동동선-지역정보-이용전-안내/index.html || 기준으로 가까운 생활권과 귀가·외출 동선을 확인할 수 있도록 지역 정보를 구성했습니다. 서울 동대문구 제기동 생활권 이용 이용 전 위치 설명과 이동 범위를 확인하는 데 참고하세요.","massage/연남동-출장마사지-마포구-생활권-이동동선-지역정보-이용전-안내/index.html || 기준으로 가까운 생활권과 귀가·외출 동선을 확인할 수 있도록 지역 정보를 구성했습니다. 서울 마포구 연남동 생활권 이용 이용 전 위치 설명과 이동 범위를 확인하는 데 참고하세요.","massage/충현동-출장마사지-서대문구-생활권-이동동선-지역정보-이용전-안내/index.html || 기준으로 가까운 생활권과 귀가·외출 동선을 확인할 수 있도록 지역 정보를 구성했습니다. 서울 서대문구 충현동 생활권 이용 이용 전 위치 설명과 이동 범위를 확인하는 데 참고하세요."
"DESCRIPTION_TEMPLATE","54","지역SEO","8","주거권과 일상 loc 범위를 중심으로 지역 정보를 먼저 확인할 수 있게 정리했습니다 서울 loc loc 생활권 이용 이용 전 위치와 인접 생활권을 비교해 보세요","massage/개포동-출장마사지-강남구-생활권-이동동선-지역정보-이용전-안내/index.html || 주거권과 일상 이동 범위를 중심으로 지역 정보를 먼저 확인할 수 있게 정리했습니다. 서울 강남구 개포동 생활권 이용 이용 전 위치와 인접 생활권을 비교해 보세요.","massage/성현동-출장마사지-관악구-생활권-이동동선-지역정보-이용전-안내/index.html || 주거권과 일상 이동 범위를 중심으로 지역 정보를 먼저 확인할 수 있게 정리했습니다. 서울 관악구 성현동 생활권 이용 이용 전 위치와 인접 생활권을 비교해 보세요.","massage/고척동-출장마사지-구로구-생활권-이동동선-지역정보-이용전-안내/index.html || 주거권과 일상 이동 범위를 중심으로 지역 정보를 먼저 확인할 수 있게 정리했습니다. 서울 구로구 고척동 생활권 이용 이용 전 위치와 인접 생활권을 비교해 보세요."
"DESCRIPTION_TEMPLATE","55","지역SEO","8","loc 지역에서 현재 위치를 설명하고 가까운 생활권을 찾기 쉽도록 기본 정보를 구성했습니다 경기 loc loc loc kw 이용 전 지역 선택에 참고하세요","massage/장항동-출장마사지-고양시-일산동구-생활권-이동동선-지역정보-이용전-안내/index.html || 장항동 지역에서 현재 위치를 설명하고 가까운 생활권을 찾기 쉽도록 기본 정보를 구성했습니다. 경기 고양시 일산동구 장항동 출장마사지 이용 전 지역 선택에 참고하세요.","massage/고강본동-출장마사지-부천시-오정구-생활권-이동동선-지역정보-이용전-안내/index.html || 고강본동 지역에서 현재 위치를 설명하고 가까운 생활권을 찾기 쉽도록 기본 정보를 구성했습니다. 경기 부천시 오정구 고강본동 출장마사지 이용 전 지역 선택에 참고하세요.","massage/약대동-출장마사지-부천시-원미구-생활권-이동동선-지역정보-이용전-안내/index.html || 약대동 지역에서 현재 위치를 설명하고 가까운 생활권을 찾기 쉽도록 기본 정보를 구성했습니다. 경기 부천시 원미구 약대동 출장마사지 이용 전 지역 선택에 참고하세요."
"DESCRIPTION_TEMPLATE","56","지역SEO","8","loc 주변의 주거 업무 생활권과 인접 지역을 기준으로 위치 정보를 정리했습니다 경기 loc loc loc 생활권 이용 이용 전 loc 범위를 확인할 수 있습니다","massage/창릉동-출장마사지-고양시-덕양구-생활권-이동동선-지역정보-이용전-안내/index.html || 창릉동 주변의 주거·업무 생활권과 인접 지역을 기준으로 위치 정보를 정리했습니다. 경기 고양시 덕양구 창릉동 생활권 이용 이용 전 이동 범위를 확인할 수 있습니다.","massage/고강동-출장마사지-부천시-오정구-생활권-이동동선-지역정보-이용전-안내/index.html || 고강동 주변의 주거·업무 생활권과 인접 지역을 기준으로 위치 정보를 정리했습니다. 경기 부천시 오정구 고강동 생활권 이용 이용 전 이동 범위를 확인할 수 있습니다.","massage/금곡동-출장마사지-성남시-분당구-생활권-이동동선-지역정보-이용전-안내/index.html || 금곡동 주변의 주거·업무 생활권과 인접 지역을 기준으로 위치 정보를 정리했습니다. 경기 성남시 분당구 금곡동 생활권 이용 이용 전 이동 범위를 확인할 수 있습니다."
"DESCRIPTION_TEMPLATE","57","지역SEO","8","자주 오가는 주거 상업 생활권을 기준으로 위치 확인 방법을 정리했습니다 서울 loc loc 지역 이용 이용 전 가까운 지역과 loc 범위를 비교할 때 참고할 수 있습니다","massage/염창동-출장마사지-강서구-염창역-한강주거생활권-업무와-귀가동선-목어깨-피로-방문-홈케어/index.html || 자주 오가는 주거·상업 생활권을 기준으로 위치 확인 방법을 정리했습니다. 서울 강서구 염창동 지역 이용 이용 전 가까운 지역과 이동 범위를 비교할 때 참고할 수 있습니다.","massage/수서동-출장마사지-강남구-생활권-이동동선-지역정보-이용전-안내/index.html || 자주 오가는 주거·상업 생활권을 기준으로 위치 확인 방법을 정리했습니다. 서울 강남구 수서동 지역 이용 이용 전 가까운 지역과 이동 범위를 비교할 때 참고할 수 있습니다.","massage/보라매동-출장마사지-관악구-생활권-이동동선-지역정보-이용전-안내/index.html || 자주 오가는 주거·상업 생활권을 기준으로 위치 확인 방법을 정리했습니다. 서울 관악구 보라매동 지역 이용 이용 전 가까운 지역과 이동 범위를 비교할 때 참고할 수 있습니다."
"DESCRIPTION_TEMPLATE","58","지역SEO","8","loc 생활권에서 현재 위치와 인접 동을 확인하기 쉽도록 지역 정보를 구성했습니다 경기 loc loc kw 이용 전 위치와 지역 범위를 살펴볼 수 있습니다","massage/과천동-출장마사지-과천시-생활권-이동동선-지역정보-이용전-안내/index.html || 과천동 생활권에서 현재 위치와 인접 동을 확인하기 쉽도록 지역 정보를 구성했습니다. 경기 과천시 과천동 출장마사지 이용 전 위치와 지역 범위를 살펴볼 수 있습니다.","massage/풍무동-출장마사지-김포시-생활권-이동동선-지역정보-이용전-안내/index.html || 풍무동 생활권에서 현재 위치와 인접 동을 확인하기 쉽도록 지역 정보를 구성했습니다. 경기 김포시 풍무동 출장마사지 이용 전 위치와 지역 범위를 살펴볼 수 있습니다.","massage/호평동-출장마사지-남양주시-생활권-이동동선-지역정보-이용전-안내/index.html || 호평동 생활권에서 현재 위치와 인접 동을 확인하기 쉽도록 지역 정보를 구성했습니다. 경기 남양주시 호평동 출장마사지 이용 전 위치와 지역 범위를 살펴볼 수 있습니다."
"DESCRIPTION_TEMPLATE","59","지역SEO","8","loc 주변의 주거 업무 생활권과 인접 지역을 기준으로 위치 정보를 정리했습니다 경기 loc loc loc kw 이용 전 loc 범위를 확인할 수 있습니다","massage/화정동-출장마사지-고양시-덕양구-생활권-이동동선-지역정보-이용전-안내/index.html || 화정동 주변의 주거·업무 생활권과 인접 지역을 기준으로 위치 정보를 정리했습니다. 경기 고양시 덕양구 화정동 출장마사지 이용 전 이동 범위를 확인할 수 있습니다.","massage/심곡본동-출장마사지-부천시-소사구-생활권-이동동선-지역정보-이용전-안내/index.html || 심곡본동 주변의 주거·업무 생활권과 인접 지역을 기준으로 위치 정보를 정리했습니다. 경기 부천시 소사구 심곡본동 출장마사지 이용 전 이동 범위를 확인할 수 있습니다.","massage/분당동-출장마사지-성남시-분당구-생활권-이동동선-지역정보-이용전-안내/index.html || 분당동 주변의 주거·업무 생활권과 인접 지역을 기준으로 위치 정보를 정리했습니다. 경기 성남시 분당구 분당동 출장마사지 이용 전 이동 범위를 확인할 수 있습니다."
"DESCRIPTION_TEMPLATE","60","지역SEO","8","loc 주변의 주거 업무 생활권과 인접 지역을 기준으로 위치 정보를 정리했습니다 경기 loc loc kw 이용 전 loc 범위를 확인할 수 있습니다","massage/일직동-출장마사지-광명시-생활권-이동동선-지역정보-이용전-안내/index.html || 일직동 주변의 주거·업무 생활권과 인접 지역을 기준으로 위치 정보를 정리했습니다. 경기 광명시 일직동 출장마사지 이용 전 이동 범위를 확인할 수 있습니다.","massage/능평동-출장마사지-광주시-생활권-이동동선-지역정보-이용전-안내/index.html || 능평동 주변의 주거·업무 생활권과 인접 지역을 기준으로 위치 정보를 정리했습니다. 경기 광주시 능평동 출장마사지 이용 전 이동 범위를 확인할 수 있습니다.","massage/수리동-출장마사지-군포시-생활권-이동동선-지역정보-이용전-안내/index.html || 수리동 주변의 주거·업무 생활권과 인접 지역을 기준으로 위치 정보를 정리했습니다. 경기 군포시 수리동 출장마사지 이용 전 이동 범위를 확인할 수 있습니다."
"DESCRIPTION_TEMPLATE","61","지역SEO","7","loc 생활권에서 현재 위치와 인접 동을 확인하기 쉽도록 지역 정보를 구성했습니다 경기 loc loc 생활권 이용 이용 전 위치와 지역 범위를 살펴볼 수 있습니다","massage/광명동-출장마사지-광명시-생활권-이동동선-지역정보-이용전-안내/index.html || 광명동 생활권에서 현재 위치와 인접 동을 확인하기 쉽도록 지역 정보를 구성했습니다. 경기 광명시 광명동 생활권 이용 이용 전 위치와 지역 범위를 살펴볼 수 있습니다.","massage/인창동-출장마사지-구리시-생활권-이동동선-지역정보-이용전-안내/index.html || 인창동 생활권에서 현재 위치와 인접 동을 확인하기 쉽도록 지역 정보를 구성했습니다. 경기 구리시 인창동 생활권 이용 이용 전 위치와 지역 범위를 살펴볼 수 있습니다.","massage/송내동-출장마사지-동두천시-생활권-이동동선-지역정보-이용전-안내/index.html || 송내동 생활권에서 현재 위치와 인접 동을 확인하기 쉽도록 지역 정보를 구성했습니다. 경기 동두천시 송내동 생활권 이용 이용 전 위치와 지역 범위를 살펴볼 수 있습니다."
"DESCRIPTION_TEMPLATE","62","지역SEO","7","loc 지역에서 현재 위치를 설명하고 가까운 생활권을 찾기 쉽도록 기본 정보를 구성했습니다 경기 loc loc 생활권 이용 이용 전 지역 선택에 참고하세요","massage/부림동-출장마사지-과천시-생활권-이동동선-지역정보-이용전-안내/index.html || 부림동 지역에서 현재 위치를 설명하고 가까운 생활권을 찾기 쉽도록 기본 정보를 구성했습니다. 경기 과천시 부림동 생활권 이용 이용 전 지역 선택에 참고하세요.","massage/궁내동-출장마사지-군포시-생활권-이동동선-지역정보-이용전-안내/index.html || 궁내동 지역에서 현재 위치를 설명하고 가까운 생활권을 찾기 쉽도록 기본 정보를 구성했습니다. 경기 군포시 궁내동 생활권 이용 이용 전 지역 선택에 참고하세요.","massage/운양동-출장마사지-김포시-생활권-이동동선-지역정보-이용전-안내/index.html || 운양동 지역에서 현재 위치를 설명하고 가까운 생활권을 찾기 쉽도록 기본 정보를 구성했습니다. 경기 김포시 운양동 생활권 이용 이용 전 지역 선택에 참고하세요."
"DESCRIPTION_TEMPLATE","63","지역SEO","7","자주 오가는 생활권을 기준으로 위치와 인접 지역을 정리했습니다 경기 loc loc 생활권 이용 이용 전 가까운 범위와 loc 방향을 비교해 보세요","massage/중앙동-출장마사지-과천시-생활권-이동동선-지역정보-이용전-안내/index.html || 자주 오가는 생활권을 기준으로 위치와 인접 지역을 정리했습니다. 경기 과천시 중앙동 생활권 이용 이용 전 가까운 범위와 이동 방향을 비교해 보세요.","massage/수택동-출장마사지-구리시-생활권-이동동선-지역정보-이용전-안내/index.html || 자주 오가는 생활권을 기준으로 위치와 인접 지역을 정리했습니다. 경기 구리시 수택동 생활권 이용 이용 전 가까운 범위와 이동 방향을 비교해 보세요.","massage/평내동-출장마사지-남양주시-생활권-이동동선-지역정보-이용전-안내/index.html || 자주 오가는 생활권을 기준으로 위치와 인접 지역을 정리했습니다. 경기 남양주시 평내동 생활권 이용 이용 전 가까운 범위와 이동 방향을 비교해 보세요."
"DESCRIPTION_TEMPLATE","64","지역SEO","7","loc 주변의 생활권과 loc 흐름을 먼저 살펴보고 loc 안에서 현재 위치를 설명하기 좋은 기준을 정리했습니다 서울 loc loc 생활권 이용 이용 전 지역 범위와 위치 정보를 확인해 보세요","massage/방화동-출장마사지-강서구-생활권-이동동선-지역정보-이용전-안내/index.html || 방화동 주변의 생활권과 이동 흐름을 먼저 살펴보고, 강서구 안에서 현재 위치를 설명하기 좋은 기준을 정리했습니다. 서울 강서구 방화동 생활권 이용 이용 전 지역 범위와 위치 정보를 확인해 보세요.","massage/인헌동-출장마사지-관악구-생활권-이동동선-지역정보-이용전-안내/index.html || 인헌동 주변의 생활권과 이동 흐름을 먼저 살펴보고, 관악구 안에서 현재 위치를 설명하기 좋은 기준을 정리했습니다. 서울 관악구 인헌동 생활권 이용 이용 전 지역 범위와 위치 정보를 확인해 보세요.","massage/중계동-출장마사지-노원구-생활권-이동동선-지역정보-이용전-안내/index.html || 중계동 주변의 생활권과 이동 흐름을 먼저 살펴보고, 노원구 안에서 현재 위치를 설명하기 좋은 기준을 정리했습니다. 서울 노원구 중계동 생활권 이용 이용 전 지역 범위와 위치 정보를 확인해 보세요."
"DESCRIPTION_TEMPLATE","65","업체상세","7","loc x x 지역의 x 안내입니다 영업시간 코스와 가격 전화 문자 문의 주변 위치 정보를 확인할 수 있습니다","shops/other/cheongju/cheongwon-gu/율량.사천동/S썸바디테라피/index.html || 청원구 율량.사천동 지역의 S썸바디테라피 안내입니다. 영업시간, 코스와 가격, 전화·문자 문의, 주변 위치 정보를 확인할 수 있습니다.","shops/other/cheongju/cheongwon-gu/율량.사천동/레드테라피/index.html || 청원구 율량.사천동 지역의 레드테라피 안내입니다. 영업시간, 코스와 가격, 전화·문자 문의, 주변 위치 정보를 확인할 수 있습니다.","shops/other/cheongju/heungdeok-gu/운천.신봉동/S썸바디테라피/index.html || 흥덕구 운천.신봉동 지역의 S썸바디테라피 안내입니다. 영업시간, 코스와 가격, 전화·문자 문의, 주변 위치 정보를 확인할 수 있습니다."
"DESCRIPTION_TEMPLATE","66","지역SEO","7","다른 생활권으로 이동할 때 참고하기 좋은 지역 기준과 위치 확인 항목을 정리했습니다 x loc loc kw 이용 전 지역 범위를 확인하는 안내입니다","massage/비래동-출장마사지-대전-대덕구-생활권-이동동선-지역정보-이용전-안내/index.html || 다른 생활권으로 이동할 때 참고하기 좋은 지역 기준과 위치 확인 항목을 정리했습니다. 대전 대덕구 비래동 출장마사지 이용 전 지역 범위를 확인하는 안내입니다.","massage/내덕동-출장마사지-청주-청원구-생활권-이동동선-지역정보-이용전-안내/index.html || 다른 생활권으로 이동할 때 참고하기 좋은 지역 기준과 위치 확인 항목을 정리했습니다. 청주 청원구 내덕동 출장마사지 이용 전 지역 범위를 확인하는 안내입니다.","massage/상남동-출장마사지-창원-성산구-생활권-이동동선-지역정보-이용전-안내/index.html || 다른 생활권으로 이동할 때 참고하기 좋은 지역 기준과 위치 확인 항목을 정리했습니다. 창원 성산구 상남동 출장마사지 이용 전 지역 범위를 확인하는 안내입니다."
"DESCRIPTION_TEMPLATE","67","지역SEO","7","다른 생활권으로 이동할 때 참고하기 좋은 지역 기준과 위치 확인 항목을 정리했습니다 x loc loc 생활권 이용 이용 전 지역 범위를 확인하는 안내입니다","massage/송촌동-출장마사지-대전-대덕구-생활권-이동동선-지역정보-이용전-안내/index.html || 다른 생활권으로 이동할 때 참고하기 좋은 지역 기준과 위치 확인 항목을 정리했습니다. 대전 대덕구 송촌동 생활권 이용 이용 전 지역 범위를 확인하는 안내입니다.","massage/전민동-출장마사지-대전-유성구-생활권-이동동선-지역정보-이용전-안내/index.html || 다른 생활권으로 이동할 때 참고하기 좋은 지역 기준과 위치 확인 항목을 정리했습니다. 대전 유성구 전민동 생활권 이용 이용 전 지역 범위를 확인하는 안내입니다.","massage/산남동-출장마사지-청주-서원구-생활권-이동동선-지역정보-이용전-안내/index.html || 다른 생활권으로 이동할 때 참고하기 좋은 지역 기준과 위치 확인 항목을 정리했습니다. 청주 서원구 산남동 생활권 이용 이용 전 지역 범위를 확인하는 안내입니다."
"DESCRIPTION_TEMPLATE","68","지역SEO","7","자주 오가는 생활권을 기준으로 위치와 인접 지역을 정리했습니다 경기 loc loc 지역 이용 이용 전 가까운 범위와 loc 방향을 비교해 보세요","massage/갈현동-출장마사지-과천시-생활권-이동동선-지역정보-이용전-안내/index.html || 자주 오가는 생활권을 기준으로 위치와 인접 지역을 정리했습니다. 경기 과천시 갈현동 지역 이용 이용 전 가까운 범위와 이동 방향을 비교해 보세요.","massage/장기본동-출장마사지-김포시-생활권-이동동선-지역정보-이용전-안내/index.html || 자주 오가는 생활권을 기준으로 위치와 인접 지역을 정리했습니다. 경기 김포시 장기본동 지역 이용 이용 전 가까운 범위와 이동 방향을 비교해 보세요.","massage/소요동-출장마사지-동두천시-생활권-이동동선-지역정보-이용전-안내/index.html || 자주 오가는 생활권을 기준으로 위치와 인접 지역을 정리했습니다. 경기 동두천시 소요동 지역 이용 이용 전 가까운 범위와 이동 방향을 비교해 보세요."
"DESCRIPTION_TEMPLATE","69","지역SEO","7","자주 오가는 주거 상업 생활권을 기준으로 위치 확인 방법을 정리했습니다 x loc loc kw 이용 전 가까운 지역과 loc 범위를 비교할 때 참고할 수 있습니다","massage/덕암동-출장마사지-대전-대덕구-생활권-이동동선-지역정보-이용전-안내/index.html || 자주 오가는 주거·상업 생활권을 기준으로 위치 확인 방법을 정리했습니다. 대전 대덕구 덕암동 출장마사지 이용 전 가까운 지역과 이동 범위를 비교할 때 참고할 수 있습니다.","massage/중앙동-출장마사지-청주-상당구-생활권-이동동선-지역정보-이용전-안내/index.html || 자주 오가는 주거·상업 생활권을 기준으로 위치 확인 방법을 정리했습니다. 청주 상당구 중앙동 출장마사지 이용 전 가까운 지역과 이동 범위를 비교할 때 참고할 수 있습니다.","massage/신방동-출장마사지-천안-동남구-생활권-이동동선-지역정보-이용전-안내/index.html || 자주 오가는 주거·상업 생활권을 기준으로 위치 확인 방법을 정리했습니다. 천안 동남구 신방동 출장마사지 이용 전 가까운 지역과 이동 범위를 비교할 때 참고할 수 있습니다."
"DESCRIPTION_TEMPLATE","70","지역SEO","7","loc 주변 생활권과 loc 흐름을 먼저 살펴보고 현재 위치를 확인하기 좋은 기준을 정리했습니다 경기 loc loc loc 지역 이용 이용 전 지역 범위를 확인해 보세요","massage/흥도동-출장마사지-고양시-덕양구-생활권-이동동선-지역정보-이용전-안내/index.html || 흥도동 주변 생활권과 이동 흐름을 먼저 살펴보고 현재 위치를 확인하기 좋은 기준을 정리했습니다. 경기 고양시 덕양구 흥도동 지역 이용 이용 전 지역 범위를 확인해 보세요.","massage/우만동-출장마사지-수원시-팔달구-생활권-이동동선-지역정보-이용전-안내/index.html || 우만동 주변 생활권과 이동 흐름을 먼저 살펴보고 현재 위치를 확인하기 좋은 기준을 정리했습니다. 경기 수원시 팔달구 우만동 지역 이용 이용 전 지역 범위를 확인해 보세요.","massage/조원동-출장마사지-수원시-장안구-생활권-이동동선-지역정보-이용전-안내/index.html || 조원동 주변 생활권과 이동 흐름을 먼저 살펴보고 현재 위치를 확인하기 좋은 기준을 정리했습니다. 경기 수원시 장안구 조원동 지역 이용 이용 전 지역 범위를 확인해 보세요."
"DESCRIPTION_TEMPLATE","71","지역SEO","7","loc 주변 생활권을 기준으로 현재 위치와 인접 지역을 확인하는 방법을 정리했습니다 서울 loc loc 지역 이용 이용 전 지역 선택과 loc 범위를 살펴보세요","massage/삼성동-출장마사지-강남구-생활권-이동동선-지역정보-이용전-안내/index.html || 삼성동 주변 생활권을 기준으로 현재 위치와 인접 지역을 확인하는 방법을 정리했습니다. 서울 강남구 삼성동 지역 이용 이용 전 지역 선택과 이동 범위를 살펴보세요.","massage/고덕동-출장마사지-강동구-생활권-이동동선-지역정보-이용전-안내/index.html || 고덕동 주변 생활권을 기준으로 현재 위치와 인접 지역을 확인하는 방법을 정리했습니다. 서울 강동구 고덕동 지역 이용 이용 전 지역 선택과 이동 범위를 살펴보세요.","massage/삼각산동-출장마사지-강북구-생활권-이동동선-지역정보-이용전-안내/index.html || 삼각산동 주변 생활권을 기준으로 현재 위치와 인접 지역을 확인하는 방법을 정리했습니다. 서울 강북구 삼각산동 지역 이용 이용 전 지역 선택과 이동 범위를 살펴보세요."
"DESCRIPTION_TEMPLATE","72","지역SEO","7","loc 주변의 주거 업무 생활권과 인접 지역을 기준으로 위치 정보를 정리했습니다 경기 loc loc 지역 이용 이용 전 loc 범위를 확인할 수 있습니다","massage/군포동-출장마사지-군포시-생활권-이동동선-지역정보-이용전-안내/index.html || 군포동 주변의 주거·업무 생활권과 인접 지역을 기준으로 위치 정보를 정리했습니다. 경기 군포시 군포동 지역 이용 이용 전 이동 범위를 확인할 수 있습니다.","massage/능곡동-출장마사지-시흥시-생활권-이동동선-지역정보-이용전-안내/index.html || 능곡동 주변의 주거·업무 생활권과 인접 지역을 기준으로 위치 정보를 정리했습니다. 경기 시흥시 능곡동 지역 이용 이용 전 이동 범위를 확인할 수 있습니다.","massage/중앙동-출장마사지-여주시-생활권-이동동선-지역정보-이용전-안내/index.html || 중앙동 주변의 주거·업무 생활권과 인접 지역을 기준으로 위치 정보를 정리했습니다. 경기 여주시 중앙동 지역 이용 이용 전 이동 범위를 확인할 수 있습니다."
"DESCRIPTION_TEMPLATE","73","지역SEO","7","중심으로 인접 생활권과 loc 범위를 먼저 살펴볼 수 있도록 지역 안내를 정리했습니다 서울 loc loc 지역 이용 이용 전 위치 확인에 참고할 수 있습니다","massage/도곡동-출장마사지-강남구-생활권-이동동선-지역정보-이용전-안내/index.html || 중심으로 인접 생활권과 이동 범위를 먼저 살펴볼 수 있도록 지역 안내를 정리했습니다. 서울 강남구 도곡동 지역 이용 이용 전 위치 확인에 참고할 수 있습니다.","massage/강일동-출장마사지-강동구-생활권-이동동선-지역정보-이용전-안내/index.html || 중심으로 인접 생활권과 이동 범위를 먼저 살펴볼 수 있도록 지역 안내를 정리했습니다. 서울 강동구 강일동 지역 이용 이용 전 위치 확인에 참고할 수 있습니다.","massage/신도림동-출장마사지-구로구-생활권-이동동선-지역정보-이용전-안내/index.html || 중심으로 인접 생활권과 이동 범위를 먼저 살펴볼 수 있도록 지역 안내를 정리했습니다. 서울 구로구 신도림동 지역 이용 이용 전 위치 확인에 참고할 수 있습니다."
"DESCRIPTION_TEMPLATE","74","지역SEO","7","loc 주변의 주거 업무 생활권과 인접 지역을 기준으로 위치 정보를 정리했습니다 경기 loc loc 생활권 이용 이용 전 loc 범위를 확인할 수 있습니다","massage/별양동-출장마사지-과천시-생활권-이동동선-지역정보-이용전-안내/index.html || 별양동 주변의 주거·업무 생활권과 인접 지역을 기준으로 위치 정보를 정리했습니다. 경기 과천시 별양동 생활권 이용 이용 전 이동 범위를 확인할 수 있습니다.","massage/갈매동-출장마사지-구리시-생활권-이동동선-지역정보-이용전-안내/index.html || 갈매동 주변의 주거·업무 생활권과 인접 지역을 기준으로 위치 정보를 정리했습니다. 경기 구리시 갈매동 생활권 이용 이용 전 이동 범위를 확인할 수 있습니다.","massage/사우동-출장마사지-김포시-생활권-이동동선-지역정보-이용전-안내/index.html || 사우동 주변의 주거·업무 생활권과 인접 지역을 기준으로 위치 정보를 정리했습니다. 경기 김포시 사우동 생활권 이용 이용 전 이동 범위를 확인할 수 있습니다."
"DESCRIPTION_TEMPLATE","75","지역SEO","7","중심으로 주변 생활권과 loc 방향을 확인할 수 있도록 정리했습니다 경기 loc loc 지역 이용 이용 전 현재 위치와 가까운 지역을 확인해 보세요","massage/소하동-출장마사지-광명시-생활권-이동동선-지역정보-이용전-안내/index.html || 중심으로 주변 생활권과 이동 방향을 확인할 수 있도록 정리했습니다. 경기 광명시 소하동 지역 이용 이용 전 현재 위치와 가까운 지역을 확인해 보세요.","massage/광남동-출장마사지-광주시-생활권-이동동선-지역정보-이용전-안내/index.html || 중심으로 주변 생활권과 이동 방향을 확인할 수 있도록 정리했습니다. 경기 광주시 광남동 지역 이용 이용 전 현재 위치와 가까운 지역을 확인해 보세요.","massage/탄벌동-출장마사지-광주시-생활권-이동동선-지역정보-이용전-안내/index.html || 중심으로 주변 생활권과 이동 방향을 확인할 수 있도록 정리했습니다. 경기 광주시 탄벌동 지역 이용 이용 전 현재 위치와 가까운 지역을 확인해 보세요."
"DESCRIPTION_TEMPLATE","76","지역SEO","7","loc 주변의 생활권과 loc 흐름을 먼저 살펴보고 현재 위치를 설명하기 좋은 기준을 정리했습니다 x loc loc 생활권 이용 이용 전 지역 범위와 위치 정보를 확인해 보세요","massage/구즉동-출장마사지-대전-유성구-생활권-이동동선-지역정보-이용전-안내/index.html || 구즉동 주변의 생활권과 이동 흐름을 먼저 살펴보고 현재 위치를 설명하기 좋은 기준을 정리했습니다. 대전 유성구 구즉동 생활권 이용 이용 전 지역 범위와 위치 정보를 확인해 보세요.","massage/복대동-출장마사지-청주-흥덕구-생활권-이동동선-지역정보-이용전-안내/index.html || 복대동 주변의 생활권과 이동 흐름을 먼저 살펴보고 현재 위치를 설명하기 좋은 기준을 정리했습니다. 청주 흥덕구 복대동 생활권 이용 이용 전 지역 범위와 위치 정보를 확인해 보세요.","massage/성정동-출장마사지-천안-서북구-생활권-이동동선-지역정보-이용전-안내/index.html || 성정동 주변의 생활권과 이동 흐름을 먼저 살펴보고 현재 위치를 설명하기 좋은 기준을 정리했습니다. 천안 서북구 성정동 생활권 이용 이용 전 지역 범위와 위치 정보를 확인해 보세요."
"DESCRIPTION_TEMPLATE","77","지역SEO","6","loc 주변 생활권과 인접 지역을 기준으로 현재 위치와 loc 범위를 확인할 수 있도록 정리했습니다 loc x 지역에서 이용 가능한 범위를 비교할 때 참고하세요","massage/서신면-출장마사지-화성시-만세구-생활권-지역정보-이용안내/index.html || 서신면 주변 생활권과 인접 지역을 기준으로 현재 위치와 이동 범위를 확인할 수 있도록 정리했습니다. 화성시 만세구 지역에서 이용 가능한 범위를 비교할 때 참고하세요.","massage/향남읍-출장마사지-화성시-만세구-생활권-지역정보-이용안내/index.html || 향남읍 주변 생활권과 인접 지역을 기준으로 현재 위치와 이동 범위를 확인할 수 있도록 정리했습니다. 화성시 만세구 지역에서 이용 가능한 범위를 비교할 때 참고하세요.","massage/정남면-출장마사지-화성시-효행구-생활권-지역정보-이용안내/index.html || 정남면 주변 생활권과 인접 지역을 기준으로 현재 위치와 이동 범위를 확인할 수 있도록 정리했습니다. 화성시 효행구 지역에서 이용 가능한 범위를 비교할 때 참고하세요."
"DESCRIPTION_TEMPLATE","78","지역SEO","6","다른 생활권으로 이동할 때 참고하기 좋은 지역 기준과 위치 확인 항목을 정리했습니다 서울 loc loc 생활권 이용 이용 전 지역 범위를 확인하는 안내입니다","massage/휘경동-출장마사지-동대문구-생활권-이동동선-지역정보-이용전-안내/index.html || 다른 생활권으로 이동할 때 참고하기 좋은 지역 기준과 위치 확인 항목을 정리했습니다. 서울 동대문구 휘경동 생활권 이용 이용 전 지역 범위를 확인하는 안내입니다.","massage/내곡동-출장마사지-서초구-생활권-이동동선-지역정보-이용전-안내/index.html || 다른 생활권으로 이동할 때 참고하기 좋은 지역 기준과 위치 확인 항목을 정리했습니다. 서울 서초구 내곡동 생활권 이용 이용 전 지역 범위를 확인하는 안내입니다.","massage/왕십리동-출장마사지-성동구-생활권-이동동선-지역정보-이용전-안내/index.html || 다른 생활권으로 이동할 때 참고하기 좋은 지역 기준과 위치 확인 항목을 정리했습니다. 서울 성동구 왕십리동 생활권 이용 이용 전 지역 범위를 확인하는 안내입니다."
"DESCRIPTION_TEMPLATE","79","지역SEO","6","다른 생활권으로 이동할 때 참고하기 좋은 지역 기준과 위치 확인 항목을 정리했습니다 서울 loc loc kw 이용 전 지역 범위를 확인하는 안내입니다","massage/논현동-출장마사지-강남구-생활권-이동동선-지역정보-이용전-안내/index.html || 다른 생활권으로 이동할 때 참고하기 좋은 지역 기준과 위치 확인 항목을 정리했습니다. 서울 강남구 논현동 출장마사지 이용 전 지역 범위를 확인하는 안내입니다.","massage/신림동-출장마사지-관악구-생활권-이동동선-지역정보-이용전-안내/index.html || 다른 생활권으로 이동할 때 참고하기 좋은 지역 기준과 위치 확인 항목을 정리했습니다. 서울 관악구 신림동 출장마사지 이용 전 지역 범위를 확인하는 안내입니다.","massage/망원동-출장마사지-마포구-생활권-이동동선-지역정보-이용전-안내/index.html || 다른 생활권으로 이동할 때 참고하기 좋은 지역 기준과 위치 확인 항목을 정리했습니다. 서울 마포구 망원동 출장마사지 이용 전 지역 범위를 확인하는 안내입니다."
"DESCRIPTION_TEMPLATE","80","지역SEO","6","loc 생활권의 동 구성을 한눈에 확인할 수 있도록 정리했습니다 경기 x loc kw 이용 전 가까운 동과 지역 연결을 살펴보세요","massage/gyeonggi/suwon/jangan-gu/수원시-장안구-출장마사지-동별-생활권-지역안내/index.html || 장안구 생활권의 동 구성을 한눈에 확인할 수 있도록 정리했습니다. 경기 수원시 장안구 출장마사지 이용 전 가까운 동과 지역 연결을 살펴보세요.","massage/gyeonggi/seongnam/sujeong-gu/성남시-수정구-출장마사지-동별-생활권-지역안내/index.html || 수정구 생활권의 동 구성을 한눈에 확인할 수 있도록 정리했습니다. 경기 성남시 수정구 출장마사지 이용 전 가까운 동과 지역 연결을 살펴보세요.","massage/gyeonggi/hwaseong/hyohaeng-gu/화성시-효행구-출장마사지-동별-생활권-지역안내/index.html || 효행구 생활권의 동 구성을 한눈에 확인할 수 있도록 정리했습니다. 경기 화성시 효행구 출장마사지 이용 전 가까운 동과 지역 연결을 살펴보세요."
"DESCRIPTION_TEMPLATE","81","지역SEO","6","loc 주변에서 현재 위치를 파악할 때 필요한 생활권 기준과 지역 선택 방법을 정리했습니다 x loc loc 지역 이용 이용 전 가까운 범위와 이용 정보를 확인할 수 있습니다","massage/석봉동-출장마사지-대전-대덕구-생활권-이동동선-지역정보-이용전-안내/index.html || 석봉동 주변에서 현재 위치를 파악할 때 필요한 생활권 기준과 지역 선택 방법을 정리했습니다. 대전 대덕구 석봉동 지역 이용 이용 전 가까운 범위와 이용 정보를 확인할 수 있습니다.","massage/백석동-출장마사지-천안-서북구-생활권-이동동선-지역정보-이용전-안내/index.html || 백석동 주변에서 현재 위치를 파악할 때 필요한 생활권 기준과 지역 선택 방법을 정리했습니다. 천안 서북구 백석동 지역 이용 이용 전 가까운 범위와 이용 정보를 확인할 수 있습니다.","massage/원성동-출장마사지-천안-동남구-생활권-이동동선-지역정보-이용전-안내/index.html || 원성동 주변에서 현재 위치를 파악할 때 필요한 생활권 기준과 지역 선택 방법을 정리했습니다. 천안 동남구 원성동 지역 이용 이용 전 가까운 범위와 이용 정보를 확인할 수 있습니다."
"DESCRIPTION_TEMPLATE","82","지역SEO","6","loc 생활권 안에서 현재 위치와 가까운 지역을 찾기 쉽도록 기본 지역 정보를 구성했습니다 서울 loc loc 생활권 이용 이용 전 loc 방향과 주변 생활권을 확인해 보세요","massage/대치동-출장마사지-강남구-생활권-이동동선-지역정보-이용전-안내/index.html || 대치동 생활권 안에서 현재 위치와 가까운 지역을 찾기 쉽도록 기본 지역 정보를 구성했습니다. 서울 강남구 대치동 생활권 이용 이용 전 이동 방향과 주변 생활권을 확인해 보세요.","massage/미아동-출장마사지-강북구-생활권-이동동선-지역정보-이용전-안내/index.html || 미아동 생활권 안에서 현재 위치와 가까운 지역을 찾기 쉽도록 기본 지역 정보를 구성했습니다. 서울 강북구 미아동 생활권 이용 이용 전 이동 방향과 주변 생활권을 확인해 보세요.","massage/남가좌동-출장마사지-서대문구-생활권-이동동선-지역정보-이용전-안내/index.html || 남가좌동 생활권 안에서 현재 위치와 가까운 지역을 찾기 쉽도록 기본 지역 정보를 구성했습니다. 서울 서대문구 남가좌동 생활권 이용 이용 전 이동 방향과 주변 생활권을 확인해 보세요."
"DESCRIPTION_TEMPLATE","83","지역SEO","6","loc 주변에서 현재 위치를 파악할 때 필요한 생활권 기준과 지역 선택 방법을 정리했습니다 서울 loc loc kw 이용 전 가까운 범위와 이용 정보를 확인할 수 있습니다","massage/우이동-출장마사지-강북구-생활권-이동동선-지역정보-이용전-안내/index.html || 우이동 주변에서 현재 위치를 파악할 때 필요한 생활권 기준과 지역 선택 방법을 정리했습니다. 서울 강북구 우이동 출장마사지 이용 전 가까운 범위와 이용 정보를 확인할 수 있습니다.","massage/화곡본동-출장마사지-강서구-생활권-이동동선-지역정보-이용전-안내/index.html || 화곡본동 주변에서 현재 위치를 파악할 때 필요한 생활권 기준과 지역 선택 방법을 정리했습니다. 서울 강서구 화곡본동 출장마사지 이용 전 가까운 범위와 이용 정보를 확인할 수 있습니다.","massage/방학동-출장마사지-도봉구-생활권-이동동선-지역정보-이용전-안내/index.html || 방학동 주변에서 현재 위치를 파악할 때 필요한 생활권 기준과 지역 선택 방법을 정리했습니다. 서울 도봉구 방학동 출장마사지 이용 전 가까운 범위와 이용 정보를 확인할 수 있습니다."
"DESCRIPTION_TEMPLATE","84","지역SEO","6","loc 안의 x 생활권과 loc 범위를 먼저 확인할 수 있도록 정리했습니다 경기 x loc kw 이용 전 현재 위치와 가까운 동을 확인해 보세요","massage/gyeonggi/goyang/deogyang-gu/고양시-덕양구-출장마사지-동별-생활권-지역안내/index.html || 덕양구 안의 동별 생활권과 이동 범위를 먼저 확인할 수 있도록 정리했습니다. 경기 고양시 덕양구 출장마사지 이용 전 현재 위치와 가까운 동을 확인해 보세요.","massage/gyeonggi/suwon/paldal-gu/수원시-팔달구-출장마사지-동별-생활권-지역안내/index.html || 팔달구 안의 동별 생활권과 이동 범위를 먼저 확인할 수 있도록 정리했습니다. 경기 수원시 팔달구 출장마사지 이용 전 현재 위치와 가까운 동을 확인해 보세요.","massage/gyeonggi/seongnam/jungwon-gu/성남시-중원구-출장마사지-동별-생활권-지역안내/index.html || 중원구 안의 동별 생활권과 이동 범위를 먼저 확인할 수 있도록 정리했습니다. 경기 성남시 중원구 출장마사지 이용 전 현재 위치와 가까운 동을 확인해 보세요."
"DESCRIPTION_TEMPLATE","85","지역SEO","6","loc 주변 생활권과 loc 흐름을 먼저 살펴보고 현재 위치를 확인하기 좋은 기준을 정리했습니다 경기 loc loc 지역 이용 이용 전 지역 범위를 확인해 보세요","massage/신현동-출장마사지-광주시-생활권-이동동선-지역정보-이용전-안내/index.html || 신현동 주변 생활권과 이동 흐름을 먼저 살펴보고 현재 위치를 확인하기 좋은 기준을 정리했습니다. 경기 광주시 신현동 지역 이용 이용 전 지역 범위를 확인해 보세요.","massage/양정동-출장마사지-남양주시-생활권-이동동선-지역정보-이용전-안내/index.html || 양정동 주변 생활권과 이동 흐름을 먼저 살펴보고 현재 위치를 확인하기 좋은 기준을 정리했습니다. 경기 남양주시 양정동 지역 이용 이용 전 지역 범위를 확인해 보세요.","massage/생연동-출장마사지-동두천시-생활권-이동동선-지역정보-이용전-안내/index.html || 생연동 주변 생활권과 이동 흐름을 먼저 살펴보고 현재 위치를 확인하기 좋은 기준을 정리했습니다. 경기 동두천시 생연동 지역 이용 이용 전 지역 범위를 확인해 보세요."
"DESCRIPTION_TEMPLATE","86","지역SEO","6","기준으로 가까운 생활권과 귀가 외출 동선을 확인할 수 있도록 지역 정보를 구성했습니다 서울 loc loc kw 이용 전 위치 설명과 loc 범위를 확인하는 데 참고하세요","massage/수유동-출장마사지-강북구-생활권-이동동선-지역정보-이용전-안내/index.html || 기준으로 가까운 생활권과 귀가·외출 동선을 확인할 수 있도록 지역 정보를 구성했습니다. 서울 강북구 수유동 출장마사지 이용 전 위치 설명과 이동 범위를 확인하는 데 참고하세요.","massage/가리봉동-출장마사지-구로구-생활권-이동동선-지역정보-이용전-안내/index.html || 기준으로 가까운 생활권과 귀가·외출 동선을 확인할 수 있도록 지역 정보를 구성했습니다. 서울 구로구 가리봉동 출장마사지 이용 전 위치 설명과 이동 범위를 확인하는 데 참고하세요.","massage/시흥동-출장마사지-금천구-생활권-이동동선-지역정보-이용전-안내/index.html || 기준으로 가까운 생활권과 귀가·외출 동선을 확인할 수 있도록 지역 정보를 구성했습니다. 서울 금천구 시흥동 출장마사지 이용 전 위치 설명과 이동 범위를 확인하는 데 참고하세요."
"DESCRIPTION_TEMPLATE","87","지역SEO","6","중심으로 인접 생활권과 loc 범위를 먼저 살펴볼 수 있도록 지역 안내를 정리했습니다 서울 loc loc kw 이용 전 위치 확인에 참고할 수 있습니다","massage/신원동-출장마사지-관악구-생활권-이동동선-지역정보-이용전-안내/index.html || 중심으로 인접 생활권과 이동 범위를 먼저 살펴볼 수 있도록 지역 안내를 정리했습니다. 서울 관악구 신원동 출장마사지 이용 전 위치 확인에 참고할 수 있습니다.","massage/군자동-출장마사지-광진구-생활권-이동동선-지역정보-이용전-안내/index.html || 중심으로 인접 생활권과 이동 범위를 먼저 살펴볼 수 있도록 지역 안내를 정리했습니다. 서울 광진구 군자동 출장마사지 이용 전 위치 확인에 참고할 수 있습니다.","massage/북가좌동-출장마사지-서대문구-생활권-이동동선-지역정보-이용전-안내/index.html || 중심으로 인접 생활권과 이동 범위를 먼저 살펴볼 수 있도록 지역 안내를 정리했습니다. 서울 서대문구 북가좌동 출장마사지 이용 전 위치 확인에 참고할 수 있습니다."
"DESCRIPTION_TEMPLATE","88","지역SEO","6","중심으로 주변 생활권과 loc 방향을 확인할 수 있도록 정리했습니다 경기 loc loc 생활권 이용 이용 전 현재 위치와 가까운 지역을 확인해 보세요","massage/마산동-출장마사지-김포시-생활권-이동동선-지역정보-이용전-안내/index.html || 중심으로 주변 생활권과 이동 방향을 확인할 수 있도록 정리했습니다. 경기 김포시 마산동 생활권 이용 이용 전 현재 위치와 가까운 지역을 확인해 보세요.","massage/금곡동-출장마사지-남양주시-생활권-이동동선-지역정보-이용전-안내/index.html || 중심으로 주변 생활권과 이동 방향을 확인할 수 있도록 정리했습니다. 경기 남양주시 금곡동 생활권 이용 이용 전 현재 위치와 가까운 지역을 확인해 보세요.","massage/보산동-출장마사지-동두천시-생활권-이동동선-지역정보-이용전-안내/index.html || 중심으로 주변 생활권과 이동 방향을 확인할 수 있도록 정리했습니다. 경기 동두천시 보산동 생활권 이용 이용 전 현재 위치와 가까운 지역을 확인해 보세요."
"DESCRIPTION_TEMPLATE","89","지역SEO","6","loc 주변 생활권과 loc 흐름을 먼저 살펴보고 현재 위치를 확인하기 좋은 기준을 정리했습니다 경기 loc loc 생활권 이용 이용 전 지역 범위를 확인해 보세요","massage/동구동-출장마사지-구리시-생활권-이동동선-지역정보-이용전-안내/index.html || 동구동 주변 생활권과 이동 흐름을 먼저 살펴보고 현재 위치를 확인하기 좋은 기준을 정리했습니다. 경기 구리시 동구동 생활권 이용 이용 전 지역 범위를 확인해 보세요.","massage/금정동-출장마사지-군포시-생활권-이동동선-지역정보-이용전-안내/index.html || 금정동 주변 생활권과 이동 흐름을 먼저 살펴보고 현재 위치를 확인하기 좋은 기준을 정리했습니다. 경기 군포시 금정동 생활권 이용 이용 전 지역 범위를 확인해 보세요.","massage/재궁동-출장마사지-군포시-생활권-이동동선-지역정보-이용전-안내/index.html || 재궁동 주변 생활권과 이동 흐름을 먼저 살펴보고 현재 위치를 확인하기 좋은 기준을 정리했습니다. 경기 군포시 재궁동 생활권 이용 이용 전 지역 범위를 확인해 보세요."
"DESCRIPTION_TEMPLATE","90","지역SEO","5","다른 생활권으로 이동할 때 참고하기 좋은 지역 기준과 위치 확인 항목을 정리했습니다 x loc loc 지역 이용 이용 전 지역 범위를 확인하는 안내입니다","massage/관평동-출장마사지-대전-유성구-생활권-이동동선-지역정보-이용전-안내/index.html || 다른 생활권으로 이동할 때 참고하기 좋은 지역 기준과 위치 확인 항목을 정리했습니다. 대전 유성구 관평동 지역 이용 이용 전 지역 범위를 확인하는 안내입니다.","massage/중앙동-출장마사지-천안-동남구-생활권-이동동선-지역정보-이용전-안내/index.html || 다른 생활권으로 이동할 때 참고하기 좋은 지역 기준과 위치 확인 항목을 정리했습니다. 천안 동남구 중앙동 지역 이용 이용 전 지역 범위를 확인하는 안내입니다.","massage/용지동-출장마사지-창원-성산구-생활권-이동동선-지역정보-이용전-안내/index.html || 다른 생활권으로 이동할 때 참고하기 좋은 지역 기준과 위치 확인 항목을 정리했습니다. 창원 성산구 용지동 지역 이용 이용 전 지역 범위를 확인하는 안내입니다."
"DESCRIPTION_TEMPLATE","91","지역SEO","5","기준으로 가까운 생활권과 귀가 외출 동선을 확인할 수 있도록 지역 정보를 구성했습니다 x loc loc kw 이용 전 위치 설명과 loc 범위를 확인하는 데 참고하세요","massage/노은동-출장마사지-대전-유성구-생활권-이동동선-지역정보-이용전-안내/index.html || 기준으로 가까운 생활권과 귀가·외출 동선을 확인할 수 있도록 지역 정보를 구성했습니다. 대전 유성구 노은동 출장마사지 이용 전 위치 설명과 이동 범위를 확인하는 데 참고하세요.","massage/오정동-출장마사지-대전-대덕구-생활권-이동동선-지역정보-이용전-안내/index.html || 기준으로 가까운 생활권과 귀가·외출 동선을 확인할 수 있도록 지역 정보를 구성했습니다. 대전 대덕구 오정동 출장마사지 이용 전 위치 설명과 이동 범위를 확인하는 데 참고하세요.","massage/문성동-출장마사지-천안-동남구-생활권-이동동선-지역정보-이용전-안내/index.html || 기준으로 가까운 생활권과 귀가·외출 동선을 확인할 수 있도록 지역 정보를 구성했습니다. 천안 동남구 문성동 출장마사지 이용 전 위치 설명과 이동 범위를 확인하는 데 참고하세요."
"DESCRIPTION_TEMPLATE","92","지역SEO","5","loc 주변에서 현재 위치를 파악할 때 필요한 생활권 기준과 지역 선택 방법을 정리했습니다 x loc loc 생활권 이용 이용 전 가까운 범위와 이용 정보를 확인할 수 있습니다","massage/온천동-출장마사지-대전-유성구-생활권-이동동선-지역정보-이용전-안내/index.html || 온천동 주변에서 현재 위치를 파악할 때 필요한 생활권 기준과 지역 선택 방법을 정리했습니다. 대전 유성구 온천동 생활권 이용 이용 전 가까운 범위와 이용 정보를 확인할 수 있습니다.","massage/강서동-출장마사지-청주-흥덕구-생활권-이동동선-지역정보-이용전-안내/index.html || 강서동 주변에서 현재 위치를 파악할 때 필요한 생활권 기준과 지역 선택 방법을 정리했습니다. 청주 흥덕구 강서동 생활권 이용 이용 전 가까운 범위와 이용 정보를 확인할 수 있습니다.","massage/사파동-출장마사지-창원-성산구-생활권-이동동선-지역정보-이용전-안내/index.html || 사파동 주변에서 현재 위치를 파악할 때 필요한 생활권 기준과 지역 선택 방법을 정리했습니다. 창원 성산구 사파동 생활권 이용 이용 전 가까운 범위와 이용 정보를 확인할 수 있습니다."
"DESCRIPTION_TEMPLATE","93","지역SEO","5","loc 주변의 생활권과 loc 흐름을 먼저 살펴보고 현재 위치를 설명하기 좋은 기준을 정리했습니다 x loc loc kw 이용 전 지역 범위와 위치 정보를 확인해 보세요","massage/중리동-출장마사지-대전-대덕구-생활권-이동동선-지역정보-이용전-안내/index.html || 중리동 주변의 생활권과 이동 흐름을 먼저 살펴보고 현재 위치를 설명하기 좋은 기준을 정리했습니다. 대전 대덕구 중리동 출장마사지 이용 전 지역 범위와 위치 정보를 확인해 보세요.","massage/충무동-출장마사지-창원-진해구-생활권-이동동선-지역정보-이용전-안내/index.html || 충무동 주변의 생활권과 이동 흐름을 먼저 살펴보고 현재 위치를 설명하기 좋은 기준을 정리했습니다. 창원 진해구 충무동 출장마사지 이용 전 지역 범위와 위치 정보를 확인해 보세요.","massage/서서학동-출장마사지-전주-완산구-생활권-이동동선-지역정보-이용전-안내/index.html || 서서학동 주변의 생활권과 이동 흐름을 먼저 살펴보고 현재 위치를 설명하기 좋은 기준을 정리했습니다. 전주 완산구 서서학동 출장마사지 이용 전 지역 범위와 위치 정보를 확인해 보세요."
"DESCRIPTION_TEMPLATE","94","지역SEO","5","기준으로 가까운 생활권과 귀가 외출 동선을 확인할 수 있도록 지역 정보를 구성했습니다 x loc loc 생활권 이용 이용 전 위치 설명과 loc 범위를 확인하는 데 참고하세요","massage/분평동-출장마사지-청주-서원구-생활권-이동동선-지역정보-이용전-안내/index.html || 기준으로 가까운 생활권과 귀가·외출 동선을 확인할 수 있도록 지역 정보를 구성했습니다. 청주 서원구 분평동 생활권 이용 이용 전 위치 설명과 이동 범위를 확인하는 데 참고하세요.","massage/의창동-출장마사지-창원-의창구-생활권-이동동선-지역정보-이용전-안내/index.html || 기준으로 가까운 생활권과 귀가·외출 동선을 확인할 수 있도록 지역 정보를 구성했습니다. 창원 의창구 의창동 생활권 이용 이용 전 위치 설명과 이동 범위를 확인하는 데 참고하세요.","massage/신창동-출장마사지-광주-광산구-생활권-이동동선-지역정보-이용전-안내/index.html || 기준으로 가까운 생활권과 귀가·외출 동선을 확인할 수 있도록 지역 정보를 구성했습니다. 광주 광산구 신창동 생활권 이용 이용 전 위치 설명과 이동 범위를 확인하는 데 참고하세요."
"DESCRIPTION_TEMPLATE","95","지역SEO","5","주거권과 일상 loc 범위를 중심으로 지역 정보를 먼저 확인할 수 있게 정리했습니다 x loc loc kw 이용 전 위치와 인접 생활권을 비교해 보세요","massage/사창동-출장마사지-청주-서원구-생활권-이동동선-지역정보-이용전-안내/index.html || 주거권과 일상 이동 범위를 중심으로 지역 정보를 먼저 확인할 수 있게 정리했습니다. 청주 서원구 사창동 출장마사지 이용 전 위치와 인접 생활권을 비교해 보세요.","massage/용암동-출장마사지-청주-상당구-생활권-이동동선-지역정보-이용전-안내/index.html || 주거권과 일상 이동 범위를 중심으로 지역 정보를 먼저 확인할 수 있게 정리했습니다. 청주 상당구 용암동 출장마사지 이용 전 위치와 인접 생활권을 비교해 보세요.","massage/일봉동-출장마사지-천안-동남구-생활권-이동동선-지역정보-이용전-안내/index.html || 주거권과 일상 이동 범위를 중심으로 지역 정보를 먼저 확인할 수 있게 정리했습니다. 천안 동남구 일봉동 출장마사지 이용 전 위치와 인접 생활권을 비교해 보세요."
"DESCRIPTION_TEMPLATE","96","지역SEO","5","loc 생활권 안에서 현재 위치와 가까운 지역을 찾기 쉽도록 기본 지역 정보를 구성했습니다 x loc loc kw 이용 전 loc 방향과 주변 생활권을 확인해 보세요","massage/목상동-출장마사지-대전-대덕구-생활권-이동동선-지역정보-이용전-안내/index.html || 목상동 생활권 안에서 현재 위치와 가까운 지역을 찾기 쉽도록 기본 지역 정보를 구성했습니다. 대전 대덕구 목상동 출장마사지 이용 전 이동 방향과 주변 생활권을 확인해 보세요.","massage/모충동-출장마사지-청주-서원구-생활권-이동동선-지역정보-이용전-안내/index.html || 모충동 생활권 안에서 현재 위치와 가까운 지역을 찾기 쉽도록 기본 지역 정보를 구성했습니다. 청주 서원구 모충동 출장마사지 이용 전 이동 방향과 주변 생활권을 확인해 보세요.","massage/불당동-출장마사지-천안-서북구-생활권-이동동선-지역정보-이용전-안내/index.html || 불당동 생활권 안에서 현재 위치와 가까운 지역을 찾기 쉽도록 기본 지역 정보를 구성했습니다. 천안 서북구 불당동 출장마사지 이용 전 이동 방향과 주변 생활권을 확인해 보세요."
"DESCRIPTION_TEMPLATE","97","지역SEO","5","loc 생활권 안에서 현재 위치와 가까운 지역을 찾기 쉽도록 기본 지역 정보를 구성했습니다 x loc loc 생활권 이용 이용 전 loc 방향과 주변 생활권을 확인해 보세요","massage/가음정동-출장마사지-창원-성산구-생활권-이동동선-지역정보-이용전-안내/index.html || 가음정동 생활권 안에서 현재 위치와 가까운 지역을 찾기 쉽도록 기본 지역 정보를 구성했습니다. 창원 성산구 가음정동 생활권 이용 이용 전 이동 방향과 주변 생활권을 확인해 보세요.","massage/반송동-출장마사지-창원-성산구-생활권-이동동선-지역정보-이용전-안내/index.html || 반송동 생활권 안에서 현재 위치와 가까운 지역을 찾기 쉽도록 기본 지역 정보를 구성했습니다. 창원 성산구 반송동 생활권 이용 이용 전 이동 방향과 주변 생활권을 확인해 보세요.","massage/삼천동-출장마사지-전주-완산구-생활권-이동동선-지역정보-이용전-안내/index.html || 삼천동 생활권 안에서 현재 위치와 가까운 지역을 찾기 쉽도록 기본 지역 정보를 구성했습니다. 전주 완산구 삼천동 생활권 이용 이용 전 이동 방향과 주변 생활권을 확인해 보세요."
"DESCRIPTION_TEMPLATE","98","지역SEO","5","자주 오가는 주거 상업 생활권을 기준으로 위치 확인 방법을 정리했습니다 x loc loc 생활권 이용 이용 전 가까운 지역과 loc 범위를 비교할 때 참고할 수 있습니다","massage/신탄진동-출장마사지-대전-대덕구-생활권-이동동선-지역정보-이용전-안내/index.html || 자주 오가는 주거·상업 생활권을 기준으로 위치 확인 방법을 정리했습니다. 대전 대덕구 신탄진동 생활권 이용 이용 전 가까운 지역과 이동 범위를 비교할 때 참고할 수 있습니다.","massage/병암동-출장마사지-창원-진해구-생활권-이동동선-지역정보-이용전-안내/index.html || 자주 오가는 주거·상업 생활권을 기준으로 위치 확인 방법을 정리했습니다. 창원 진해구 병암동 생활권 이용 이용 전 가까운 지역과 이동 범위를 비교할 때 참고할 수 있습니다.","massage/상인동-출장마사지-대구-달서구-생활권-이동동선-지역정보-이용전-안내/index.html || 자주 오가는 주거·상업 생활권을 기준으로 위치 확인 방법을 정리했습니다. 대구 달서구 상인동 생활권 이용 이용 전 가까운 지역과 이동 범위를 비교할 때 참고할 수 있습니다."
"DESCRIPTION_TEMPLATE","99","지역SEO","5","속한 주요 동과 생활권을 기준으로 지역 정보를 구성했습니다 경기 x loc kw 이용 전 x 위치와 loc 방향을 비교할 수 있습니다","massage/gyeonggi/ansan/danwon-gu/안산시-단원구-출장마사지-동별-생활권-지역안내/index.html || 속한 주요 동과 생활권을 기준으로 지역 정보를 구성했습니다. 경기 안산시 단원구 출장마사지 이용 전 동별 위치와 이동 방향을 비교할 수 있습니다.","massage/gyeonggi/suwon/gwonseon-gu/수원시-권선구-출장마사지-동별-생활권-지역안내/index.html || 속한 주요 동과 생활권을 기준으로 지역 정보를 구성했습니다. 경기 수원시 권선구 출장마사지 이용 전 동별 위치와 이동 방향을 비교할 수 있습니다.","massage/gyeonggi/hwaseong/manse-gu/화성시-만세구-출장마사지-동별-생활권-지역안내/index.html || 속한 주요 동과 생활권을 기준으로 지역 정보를 구성했습니다. 경기 화성시 만세구 출장마사지 이용 전 동별 위치와 이동 방향을 비교할 수 있습니다."
"DESCRIPTION_TEMPLATE","100","지역SEO","5","자주 오가는 주거 상업 생활권을 기준으로 위치 확인 방법을 정리했습니다 서울 loc loc kw 이용 전 가까운 지역과 loc 범위를 비교할 때 참고할 수 있습니다","massage/송중동-출장마사지-강북구-생활권-이동동선-지역정보-이용전-안내/index.html || 자주 오가는 주거·상업 생활권을 기준으로 위치 확인 방법을 정리했습니다. 서울 강북구 송중동 출장마사지 이용 전 가까운 지역과 이동 범위를 비교할 때 참고할 수 있습니다.","massage/중계본동-출장마사지-노원구-생활권-이동동선-지역정보-이용전-안내/index.html || 자주 오가는 주거·상업 생활권을 기준으로 위치 확인 방법을 정리했습니다. 서울 노원구 중계본동 출장마사지 이용 전 가까운 지역과 이동 범위를 비교할 때 참고할 수 있습니다.","massage/신대방동-출장마사지-동작구-생활권-이동동선-지역정보-이용전-안내/index.html || 자주 오가는 주거·상업 생활권을 기준으로 위치 확인 방법을 정리했습니다. 서울 동작구 신대방동 출장마사지 이용 전 가까운 지역과 이동 범위를 비교할 때 참고할 수 있습니다."
"DESCRIPTION_TEMPLATE","101","지역SEO","5","loc 주변에서 현재 위치를 파악할 때 필요한 생활권 기준과 지역 선택 방법을 정리했습니다 서울 loc loc 생활권 이용 이용 전 가까운 범위와 이용 정보를 확인할 수 있습니다","massage/성내동-출장마사지-강동구-생활권-이동동선-지역정보-이용전-안내/index.html || 성내동 주변에서 현재 위치를 파악할 때 필요한 생활권 기준과 지역 선택 방법을 정리했습니다. 서울 강동구 성내동 생활권 이용 이용 전 가까운 범위와 이용 정보를 확인할 수 있습니다.","massage/공릉동-출장마사지-노원구-생활권-이동동선-지역정보-이용전-안내/index.html || 공릉동 주변에서 현재 위치를 파악할 때 필요한 생활권 기준과 지역 선택 방법을 정리했습니다. 서울 노원구 공릉동 생활권 이용 이용 전 가까운 범위와 이용 정보를 확인할 수 있습니다.","massage/옥수동-출장마사지-성동구-생활권-이동동선-지역정보-이용전-안내/index.html || 옥수동 주변에서 현재 위치를 파악할 때 필요한 생활권 기준과 지역 선택 방법을 정리했습니다. 서울 성동구 옥수동 생활권 이용 이용 전 가까운 범위와 이용 정보를 확인할 수 있습니다."
"DESCRIPTION_TEMPLATE","102","지역SEO","5","자주 오가는 주거 상업 생활권을 기준으로 위치 확인 방법을 정리했습니다 x loc 지역 이용 이용 전 가까운 지역과 loc 범위를 비교할 때 참고할 수 있습니다","massage/나성동-출장마사지-세종-생활권-이동동선-지역정보-이용전-안내/index.html || 자주 오가는 주거·상업 생활권을 기준으로 위치 확인 방법을 정리했습니다. 세종 나성동 지역 이용 이용 전 가까운 지역과 이동 범위를 비교할 때 참고할 수 있습니다.","massage/아름동-출장마사지-세종-생활권-이동동선-지역정보-이용전-안내/index.html || 자주 오가는 주거·상업 생활권을 기준으로 위치 확인 방법을 정리했습니다. 세종 아름동 지역 이용 이용 전 가까운 지역과 이동 범위를 비교할 때 참고할 수 있습니다.","massage/중학동-출장마사지-공주-생활권-이동동선-지역정보-이용전-안내/index.html || 자주 오가는 주거·상업 생활권을 기준으로 위치 확인 방법을 정리했습니다. 공주 중학동 지역 이용 이용 전 가까운 지역과 이동 범위를 비교할 때 참고할 수 있습니다."
"DESCRIPTION_TEMPLATE","103","지역SEO","5","x 생활권에서 동별 위치와 loc 방향을 비교하기 쉽도록 지역 구성을 정리했습니다 x x kw 이용 전 가까운 동과 지역 범위를 확인할 수 있습니다","massage/other/daejeon/daedeok-gu/대전-대덕구-출장마사지-동별-생활권-지역안내/index.html || 대덕구 생활권에서 동별 위치와 이동 방향을 비교하기 쉽도록 지역 구성을 정리했습니다. 대전 대덕구 출장마사지 이용 전 가까운 동과 지역 범위를 확인할 수 있습니다.","massage/other/cheongju/cheongwon-gu/청주-청원구-출장마사지-동별-생활권-지역안내/index.html || 청원구 생활권에서 동별 위치와 이동 방향을 비교하기 쉽도록 지역 구성을 정리했습니다. 청주 청원구 출장마사지 이용 전 가까운 동과 지역 범위를 확인할 수 있습니다.","massage/other/cheonan/dongnam-gu/천안-동남구-출장마사지-동별-생활권-지역안내/index.html || 동남구 생활권에서 동별 위치와 이동 방향을 비교하기 쉽도록 지역 구성을 정리했습니다. 천안 동남구 출장마사지 이용 전 가까운 동과 지역 범위를 확인할 수 있습니다."
"DESCRIPTION_TEMPLATE","104","지역SEO","5","동별 생활권과 기본적인 지역 연결을 확인할 수 있도록 구성했습니다 x x kw 이용 전 현재 위치와 가까운 동을 먼저 확인해 보세요","massage/other/cheongju/sangdang-gu/청주-상당구-출장마사지-동별-생활권-지역안내/index.html || 동별 생활권과 기본적인 지역 연결을 확인할 수 있도록 구성했습니다. 청주 상당구 출장마사지 이용 전 현재 위치와 가까운 동을 먼저 확인해 보세요.","massage/other/changwon/uichang-gu/창원-의창구-출장마사지-동별-생활권-지역안내/index.html || 동별 생활권과 기본적인 지역 연결을 확인할 수 있도록 구성했습니다. 창원 의창구 출장마사지 이용 전 현재 위치와 가까운 동을 먼저 확인해 보세요.","massage/other/daegu/dalseo-gu/대구-달서구-출장마사지-동별-생활권-지역안내/index.html || 동별 생활권과 기본적인 지역 연결을 확인할 수 있도록 구성했습니다. 대구 달서구 출장마사지 이용 전 현재 위치와 가까운 동을 먼저 확인해 보세요."
"DESCRIPTION_TEMPLATE","105","지역SEO","5","loc 주변에서 현재 위치를 파악할 때 필요한 생활권 기준과 지역 선택 방법을 정리했습니다 인천 loc loc kw 이용 전 가까운 범위와 이용 정보를 확인할 수 있습니다","massage/구월동-출장마사지-남동구-생활권-이동동선-지역정보-이용전-안내/index.html || 구월동 주변에서 현재 위치를 파악할 때 필요한 생활권 기준과 지역 선택 방법을 정리했습니다. 인천 남동구 구월동 출장마사지 이용 전 가까운 범위와 이용 정보를 확인할 수 있습니다.","massage/문학동-출장마사지-미추홀구-생활권-이동동선-지역정보-이용전-안내/index.html || 문학동 주변에서 현재 위치를 파악할 때 필요한 생활권 기준과 지역 선택 방법을 정리했습니다. 인천 미추홀구 문학동 출장마사지 이용 전 가까운 범위와 이용 정보를 확인할 수 있습니다.","massage/산곡동-출장마사지-부평구-생활권-이동동선-지역정보-이용전-안내/index.html || 산곡동 주변에서 현재 위치를 파악할 때 필요한 생활권 기준과 지역 선택 방법을 정리했습니다. 인천 부평구 산곡동 출장마사지 이용 전 가까운 범위와 이용 정보를 확인할 수 있습니다."
"DESCRIPTION_TEMPLATE","106","지역SEO","5","주거권과 일상 loc 범위를 중심으로 지역 정보를 먼저 확인할 수 있게 정리했습니다 서울 loc loc kw 이용 전 위치와 인접 생활권을 비교해 보세요","massage/일원동-출장마사지-강남구-생활권-이동동선-지역정보-이용전-안내/index.html || 주거권과 일상 이동 범위를 중심으로 지역 정보를 먼저 확인할 수 있게 정리했습니다. 서울 강남구 일원동 출장마사지 이용 전 위치와 인접 생활권을 비교해 보세요.","massage/행운동-출장마사지-관악구-생활권-이동동선-지역정보-이용전-안내/index.html || 주거권과 일상 이동 범위를 중심으로 지역 정보를 먼저 확인할 수 있게 정리했습니다. 서울 관악구 행운동 출장마사지 이용 전 위치와 인접 생활권을 비교해 보세요.","massage/용강동-출장마사지-마포구-생활권-이동동선-지역정보-이용전-안내/index.html || 주거권과 일상 이동 범위를 중심으로 지역 정보를 먼저 확인할 수 있게 정리했습니다. 서울 마포구 용강동 출장마사지 이용 전 위치와 인접 생활권을 비교해 보세요."
"DESCRIPTION_TEMPLATE","107","지역SEO","5","loc 생활권에서 kw 이용 전 확인할 수 있는 위치 범위와 인접 지역 정보를 정리했습니다 loc x 주변 loc 동선과 가까운 생활권을 함께 확인해보세요","massage/남양읍-출장마사지-화성시-만세구-생활권-지역정보-이용안내/index.html || 남양읍 생활권에서 출장마사지 이용 전 확인할 수 있는 위치 범위와 인접 지역 정보를 정리했습니다. 화성시 만세구 주변 이동 동선과 가까운 생활권을 함께 확인해보세요.","massage/매송면-출장마사지-화성시-효행구-생활권-지역정보-이용안내/index.html || 매송면 생활권에서 출장마사지 이용 전 확인할 수 있는 위치 범위와 인접 지역 정보를 정리했습니다. 화성시 효행구 주변 이동 동선과 가까운 생활권을 함께 확인해보세요.","massage/모현읍-출장마사지-용인시-처인구-생활권-지역정보-이용안내/index.html || 모현읍 생활권에서 출장마사지 이용 전 확인할 수 있는 위치 범위와 인접 지역 정보를 정리했습니다. 용인시 처인구 주변 이동 동선과 가까운 생활권을 함께 확인해보세요."
"DESCRIPTION_TEMPLATE","108","지역SEO","5","loc 지역에서 현재 위치와 인접 동을 살펴보기 쉽도록 x 안내를 정리했습니다 경기 x loc kw 이용 전 지역 범위를 확인해 보세요","massage/gyeonggi/ansan/sangnok-gu/안산시-상록구-출장마사지-동별-생활권-지역안내/index.html || 상록구 지역에서 현재 위치와 인접 동을 살펴보기 쉽도록 동별 안내를 정리했습니다. 경기 안산시 상록구 출장마사지 이용 전 지역 범위를 확인해 보세요.","massage/gyeonggi/suwon/yeongtong-gu/수원시-영통구-출장마사지-동별-생활권-지역안내/index.html || 영통구 지역에서 현재 위치와 인접 동을 살펴보기 쉽도록 동별 안내를 정리했습니다. 경기 수원시 영통구 출장마사지 이용 전 지역 범위를 확인해 보세요.","massage/gyeonggi/seongnam/bundang-gu/성남시-분당구-출장마사지-동별-생활권-지역안내/index.html || 분당구 지역에서 현재 위치와 인접 동을 살펴보기 쉽도록 동별 안내를 정리했습니다. 경기 성남시 분당구 출장마사지 이용 전 지역 범위를 확인해 보세요."
"DESCRIPTION_TEMPLATE","109","지역SEO","5","loc 지역에서 현재 위치를 설명하고 가까운 생활권을 찾기 쉽도록 기본 정보를 구성했습니다 경기 loc loc 지역 이용 이용 전 지역 선택에 참고하세요","massage/교문동-출장마사지-구리시-생활권-이동동선-지역정보-이용전-안내/index.html || 교문동 지역에서 현재 위치를 설명하고 가까운 생활권을 찾기 쉽도록 기본 정보를 구성했습니다. 경기 구리시 교문동 지역 이용 이용 전 지역 선택에 참고하세요.","massage/별내동-출장마사지-남양주시-생활권-이동동선-지역정보-이용전-안내/index.html || 별내동 지역에서 현재 위치를 설명하고 가까운 생활권을 찾기 쉽도록 기본 정보를 구성했습니다. 경기 남양주시 별내동 지역 이용 이용 전 지역 선택에 참고하세요.","massage/대야동-출장마사지-시흥시-생활권-이동동선-지역정보-이용전-안내/index.html || 대야동 지역에서 현재 위치를 설명하고 가까운 생활권을 찾기 쉽도록 기본 정보를 구성했습니다. 경기 시흥시 대야동 지역 이용 이용 전 지역 선택에 참고하세요."
"DESCRIPTION_TEMPLATE","110","지역SEO","4","x 안의 주요 동과 생활권을 먼저 살펴볼 수 있도록 지역 정보를 정리했습니다 x x kw 이용 전 현재 위치와 가까운 동 loc 범위를 확인해 보세요","massage/other/daejeon/yuseong-gu/대전-유성구-출장마사지-동별-생활권-지역안내/index.html || 유성구 안의 주요 동과 생활권을 먼저 살펴볼 수 있도록 지역 정보를 정리했습니다. 대전 유성구 출장마사지 이용 전 현재 위치와 가까운 동, 이동 범위를 확인해 보세요.","massage/other/cheongju/seowon-gu/청주-서원구-출장마사지-동별-생활권-지역안내/index.html || 서원구 안의 주요 동과 생활권을 먼저 살펴볼 수 있도록 지역 정보를 정리했습니다. 청주 서원구 출장마사지 이용 전 현재 위치와 가까운 동, 이동 범위를 확인해 보세요.","massage/other/changwon/masanhappo-gu/창원-마산합포구-출장마사지-동별-생활권-지역안내/index.html || 마산합포구 안의 주요 동과 생활권을 먼저 살펴볼 수 있도록 지역 정보를 정리했습니다. 창원 마산합포구 출장마사지 이용 전 현재 위치와 가까운 동, 이동 범위를 확인해 보세요."
"DESCRIPTION_TEMPLATE","111","지역SEO","4","주거권과 일상 loc 범위를 중심으로 지역 정보를 먼저 확인할 수 있게 정리했습니다 인천 loc loc 지역 이용 이용 전 위치와 인접 생활권을 비교해 보세요","massage/아라동-출장마사지-검단구-생활권-이동동선-지역정보-이용전-안내/index.html || 주거권과 일상 이동 범위를 중심으로 지역 정보를 먼저 확인할 수 있게 정리했습니다. 인천 검단구 아라동 지역 이용 이용 전 위치와 인접 생활권을 비교해 보세요.","massage/삼산동-출장마사지-부평구-생활권-이동동선-지역정보-이용전-안내/index.html || 주거권과 일상 이동 범위를 중심으로 지역 정보를 먼저 확인할 수 있게 정리했습니다. 인천 부평구 삼산동 지역 이용 이용 전 위치와 인접 생활권을 비교해 보세요.","massage/청라동-출장마사지-서해구-생활권-이동동선-지역정보-이용전-안내/index.html || 주거권과 일상 이동 범위를 중심으로 지역 정보를 먼저 확인할 수 있게 정리했습니다. 인천 서해구 청라동 지역 이용 이용 전 위치와 인접 생활권을 비교해 보세요."
"DESCRIPTION_TEMPLATE","112","지역SEO","4","loc 주변 생활권을 기준으로 현재 위치와 인접 지역을 확인하는 방법을 정리했습니다 서울 loc loc kw 이용 전 지역 선택과 loc 범위를 살펴보세요","massage/은천동-출장마사지-관악구-생활권-이동동선-지역정보-이용전-안내/index.html || 은천동 주변 생활권을 기준으로 현재 위치와 인접 지역을 확인하는 방법을 정리했습니다. 서울 관악구 은천동 출장마사지 이용 전 지역 선택과 이동 범위를 살펴보세요.","massage/신월동-출장마사지-양천구-생활권-이동동선-지역정보-이용전-안내/index.html || 신월동 주변 생활권을 기준으로 현재 위치와 인접 지역을 확인하는 방법을 정리했습니다. 서울 양천구 신월동 출장마사지 이용 전 지역 선택과 이동 범위를 살펴보세요.","massage/한강로동-출장마사지-용산구-생활권-이동동선-지역정보-이용전-안내/index.html || 한강로동 주변 생활권을 기준으로 현재 위치와 인접 지역을 확인하는 방법을 정리했습니다. 서울 용산구 한강로동 출장마사지 이용 전 지역 선택과 이동 범위를 살펴보세요."
"DESCRIPTION_TEMPLATE","113","지역SEO","4","주거권과 일상 loc 범위를 중심으로 지역 정보를 먼저 확인할 수 있게 정리했습니다 광주 x loc kw 이용 전 위치와 인접 생활권을 비교해 보세요","massage/매곡동-출장마사지-광주-북구-생활권-이동동선-지역정보-이용전-안내/index.html || 주거권과 일상 이동 범위를 중심으로 지역 정보를 먼저 확인할 수 있게 정리했습니다. 광주 북구 매곡동 출장마사지 이용 전 위치와 인접 생활권을 비교해 보세요.","massage/주월동-출장마사지-광주-남구-생활권-이동동선-지역정보-이용전-안내/index.html || 주거권과 일상 이동 범위를 중심으로 지역 정보를 먼저 확인할 수 있게 정리했습니다. 광주 남구 주월동 출장마사지 이용 전 위치와 인접 생활권을 비교해 보세요.","massage/치평동-출장마사지-광주-서구-생활권-이동동선-지역정보-이용전-안내/index.html || 주거권과 일상 이동 범위를 중심으로 지역 정보를 먼저 확인할 수 있게 정리했습니다. 광주 서구 치평동 출장마사지 이용 전 위치와 인접 생활권을 비교해 보세요."
"DESCRIPTION_TEMPLATE","114","지역SEO","4","loc 생활권의 기본적인 loc 방향과 인접 지역 확인 방법을 한 페이지에 정리했습니다 x loc loc kw 이용 전 현재 위치와 지역 범위를 먼저 확인해 보세요","massage/봉명동-출장마사지-청주-흥덕구-생활권-이동동선-지역정보-이용전-안내/index.html || 봉명동 생활권의 기본적인 이동 방향과 인접 지역 확인 방법을 한 페이지에 정리했습니다. 청주 흥덕구 봉명동 출장마사지 이용 전 현재 위치와 지역 범위를 먼저 확인해 보세요.","massage/봉림동-출장마사지-창원-의창구-생활권-이동동선-지역정보-이용전-안내/index.html || 봉림동 생활권의 기본적인 이동 방향과 인접 지역 확인 방법을 한 페이지에 정리했습니다. 창원 의창구 봉림동 출장마사지 이용 전 현재 위치와 지역 범위를 먼저 확인해 보세요.","massage/팔룡동-출장마사지-창원-의창구-생활권-이동동선-지역정보-이용전-안내/index.html || 팔룡동 생활권의 기본적인 이동 방향과 인접 지역 확인 방법을 한 페이지에 정리했습니다. 창원 의창구 팔룡동 출장마사지 이용 전 현재 위치와 지역 범위를 먼저 확인해 보세요."
"DESCRIPTION_TEMPLATE","115","지역SEO","4","loc 생활권의 기본적인 loc 방향과 인접 지역 확인 방법을 한 페이지에 정리했습니다 서울 loc loc kw 이용 전 현재 위치와 지역 범위를 먼저 확인해 보세요","massage/화양동-출장마사지-광진구-생활권-이동동선-지역정보-이용전-안내/index.html || 화양동 생활권의 기본적인 이동 방향과 인접 지역 확인 방법을 한 페이지에 정리했습니다. 서울 광진구 화양동 출장마사지 이용 전 현재 위치와 지역 범위를 먼저 확인해 보세요.","massage/천연동-출장마사지-서대문구-생활권-이동동선-지역정보-이용전-안내/index.html || 천연동 생활권의 기본적인 이동 방향과 인접 지역 확인 방법을 한 페이지에 정리했습니다. 서울 서대문구 천연동 출장마사지 이용 전 현재 위치와 지역 범위를 먼저 확인해 보세요.","massage/증산동-출장마사지-은평구-생활권-이동동선-지역정보-이용전-안내/index.html || 증산동 생활권의 기본적인 이동 방향과 인접 지역 확인 방법을 한 페이지에 정리했습니다. 서울 은평구 증산동 출장마사지 이용 전 현재 위치와 지역 범위를 먼저 확인해 보세요."
"DESCRIPTION_TEMPLATE","116","지역SEO","4","속한 동들을 기준으로 현재 위치와 인접 생활권을 한눈에 확인할 수 있습니다 x x kw 이용 전 지역 선택과 loc 범위를 살펴보세요","massage/other/cheongju/heungdeok-gu/청주-흥덕구-출장마사지-동별-생활권-지역안내/index.html || 속한 동들을 기준으로 현재 위치와 인접 생활권을 한눈에 확인할 수 있습니다. 청주 흥덕구 출장마사지 이용 전 지역 선택과 이동 범위를 살펴보세요.","massage/other/cheonan/seobuk-gu/천안-서북구-출장마사지-동별-생활권-지역안내/index.html || 속한 동들을 기준으로 현재 위치와 인접 생활권을 한눈에 확인할 수 있습니다. 천안 서북구 출장마사지 이용 전 지역 선택과 이동 범위를 살펴보세요.","massage/other/changwon/seongsan-gu/창원-성산구-출장마사지-동별-생활권-지역안내/index.html || 속한 동들을 기준으로 현재 위치와 인접 생활권을 한눈에 확인할 수 있습니다. 창원 성산구 출장마사지 이용 전 지역 선택과 이동 범위를 살펴보세요."
"DESCRIPTION_TEMPLATE","117","업체상세","4","계룡 x 지역의 x 안내입니다 영업시간 코스와 가격 전화 문자 문의 주변 위치 정보를 확인할 수 있습니다","shops/other/gyeryong/금암동/S썸바디테라피/index.html || 계룡 금암동 지역의 S썸바디테라피 안내입니다. 영업시간, 코스와 가격, 전화·문자 문의, 주변 위치 정보를 확인할 수 있습니다.","shops/other/gyeryong/두마면/S썸바디테라피/index.html || 계룡 두마면 지역의 S썸바디테라피 안내입니다. 영업시간, 코스와 가격, 전화·문자 문의, 주변 위치 정보를 확인할 수 있습니다.","shops/other/gyeryong/신도안면/S썸바디테라피/index.html || 계룡 신도안면 지역의 S썸바디테라피 안내입니다. 영업시간, 코스와 가격, 전화·문자 문의, 주변 위치 정보를 확인할 수 있습니다."
"DESCRIPTION_TEMPLATE","118","지역SEO","4","주거권과 일상 loc 범위를 중심으로 지역 정보를 먼저 확인할 수 있게 정리했습니다 x loc loc 생활권 이용 이용 전 위치와 인접 생활권을 비교해 보세요","massage/금천동-출장마사지-청주-상당구-생활권-이동동선-지역정보-이용전-안내/index.html || 주거권과 일상 이동 범위를 중심으로 지역 정보를 먼저 확인할 수 있게 정리했습니다. 청주 상당구 금천동 생활권 이용 이용 전 위치와 인접 생활권을 비교해 보세요.","massage/봉명동-출장마사지-천안-동남구-생활권-이동동선-지역정보-이용전-안내/index.html || 주거권과 일상 이동 범위를 중심으로 지역 정보를 먼저 확인할 수 있게 정리했습니다. 천안 동남구 봉명동 생활권 이용 이용 전 위치와 인접 생활권을 비교해 보세요.","massage/송현동-출장마사지-대구-달서구-생활권-이동동선-지역정보-이용전-안내/index.html || 주거권과 일상 이동 범위를 중심으로 지역 정보를 먼저 확인할 수 있게 정리했습니다. 대구 달서구 송현동 생활권 이용 이용 전 위치와 인접 생활권을 비교해 보세요."
"DESCRIPTION_TEMPLATE","119","지역SEO","4","loc 주변에서 현재 위치를 파악할 때 필요한 생활권 기준과 지역 선택 방법을 정리했습니다 광주 x loc 지역 이용 이용 전 가까운 범위와 이용 정보를 확인할 수 있습니다","massage/금호동-출장마사지-광주-서구-생활권-이동동선-지역정보-이용전-안내/index.html || 금호동 주변에서 현재 위치를 파악할 때 필요한 생활권 기준과 지역 선택 방법을 정리했습니다. 광주 서구 금호동 지역 이용 이용 전 가까운 범위와 이용 정보를 확인할 수 있습니다.","massage/두암동-출장마사지-광주-북구-생활권-이동동선-지역정보-이용전-안내/index.html || 두암동 주변에서 현재 위치를 파악할 때 필요한 생활권 기준과 지역 선택 방법을 정리했습니다. 광주 북구 두암동 지역 이용 이용 전 가까운 범위와 이용 정보를 확인할 수 있습니다.","massage/석곡동-출장마사지-광주-북구-생활권-이동동선-지역정보-이용전-안내/index.html || 석곡동 주변에서 현재 위치를 파악할 때 필요한 생활권 기준과 지역 선택 방법을 정리했습니다. 광주 북구 석곡동 지역 이용 이용 전 가까운 범위와 이용 정보를 확인할 수 있습니다."
"DESCRIPTION_TEMPLATE","120","지역SEO","4","loc 주변의 생활권과 loc 흐름을 먼저 살펴보고 현재 위치를 설명하기 좋은 기준을 정리했습니다 x loc loc 지역 이용 이용 전 지역 범위와 위치 정보를 확인해 보세요","massage/웅동동-출장마사지-창원-진해구-생활권-이동동선-지역정보-이용전-안내/index.html || 웅동동 주변의 생활권과 이동 흐름을 먼저 살펴보고 현재 위치를 설명하기 좋은 기준을 정리했습니다. 창원 진해구 웅동동 지역 이용 이용 전 지역 범위와 위치 정보를 확인해 보세요.","massage/월성동-출장마사지-대구-달서구-생활권-이동동선-지역정보-이용전-안내/index.html || 월성동 주변의 생활권과 이동 흐름을 먼저 살펴보고 현재 위치를 설명하기 좋은 기준을 정리했습니다. 대구 달서구 월성동 지역 이용 이용 전 지역 범위와 위치 정보를 확인해 보세요.","massage/지산동-출장마사지-대구-수성구-생활권-이동동선-지역정보-이용전-안내/index.html || 지산동 주변의 생활권과 이동 흐름을 먼저 살펴보고 현재 위치를 설명하기 좋은 기준을 정리했습니다. 대구 수성구 지산동 지역 이용 이용 전 지역 범위와 위치 정보를 확인해 보세요."
"DESCRIPTION_TEMPLATE","121","지역SEO","4","loc 주변에서 현재 위치를 파악할 때 필요한 생활권 기준과 지역 선택 방법을 정리했습니다 loc x loc kw 이용 전 가까운 범위와 이용 정보를 확인할 수 있습니다","massage/고성동-출장마사지-대구-북구-생활권-이동동선-지역정보-이용전-안내/index.html || 고성동 주변에서 현재 위치를 파악할 때 필요한 생활권 기준과 지역 선택 방법을 정리했습니다. 대구 북구 고성동 출장마사지 이용 전 가까운 범위와 이용 정보를 확인할 수 있습니다.","massage/내당동-출장마사지-대구-서구-생활권-이동동선-지역정보-이용전-안내/index.html || 내당동 주변에서 현재 위치를 파악할 때 필요한 생활권 기준과 지역 선택 방법을 정리했습니다. 대구 서구 내당동 출장마사지 이용 전 가까운 범위와 이용 정보를 확인할 수 있습니다.","massage/방촌동-출장마사지-대구-동구-생활권-이동동선-지역정보-이용전-안내/index.html || 방촌동 주변에서 현재 위치를 파악할 때 필요한 생활권 기준과 지역 선택 방법을 정리했습니다. 대구 동구 방촌동 출장마사지 이용 전 가까운 범위와 이용 정보를 확인할 수 있습니다."
"DESCRIPTION_TEMPLATE","122","지역SEO","4","loc 생활권 안에서 현재 위치와 가까운 지역을 찾기 쉽도록 기본 지역 정보를 구성했습니다 x loc kw 이용 전 loc 방향과 주변 생활권을 확인해 보세요","massage/웅진동-출장마사지-공주-생활권-이동동선-지역정보-이용전-안내/index.html || 웅진동 생활권 안에서 현재 위치와 가까운 지역을 찾기 쉽도록 기본 지역 정보를 구성했습니다. 공주 웅진동 출장마사지 이용 전 이동 방향과 주변 생활권을 확인해 보세요.","massage/동산동-출장마사지-익산-생활권-이동동선-지역정보-이용전-안내/index.html || 동산동 생활권 안에서 현재 위치와 가까운 지역을 찾기 쉽도록 기본 지역 정보를 구성했습니다. 익산 동산동 출장마사지 이용 전 이동 방향과 주변 생활권을 확인해 보세요.","massage/인화동-출장마사지-익산-생활권-이동동선-지역정보-이용전-안내/index.html || 인화동 생활권 안에서 현재 위치와 가까운 지역을 찾기 쉽도록 기본 지역 정보를 구성했습니다. 익산 인화동 출장마사지 이용 전 이동 방향과 주변 생활권을 확인해 보세요."
"DESCRIPTION_TEMPLATE","123","지역SEO","4","다른 생활권으로 이동할 때 참고하기 좋은 지역 기준과 위치 확인 항목을 정리했습니다 인천 loc loc 지역 이용 이용 전 지역 범위를 확인하는 안내입니다","massage/십정동-출장마사지-부평구-생활권-이동동선-지역정보-이용전-안내/index.html || 다른 생활권으로 이동할 때 참고하기 좋은 지역 기준과 위치 확인 항목을 정리했습니다. 인천 부평구 십정동 지역 이용 이용 전 지역 범위를 확인하는 안내입니다.","massage/동춘동-출장마사지-연수구-생활권-이동동선-지역정보-이용전-안내/index.html || 다른 생활권으로 이동할 때 참고하기 좋은 지역 기준과 위치 확인 항목을 정리했습니다. 인천 연수구 동춘동 지역 이용 이용 전 지역 범위를 확인하는 안내입니다.","massage/금창동-출장마사지-제물포구-생활권-이동동선-지역정보-이용전-안내/index.html || 다른 생활권으로 이동할 때 참고하기 좋은 지역 기준과 위치 확인 항목을 정리했습니다. 인천 제물포구 금창동 지역 이용 이용 전 지역 범위를 확인하는 안내입니다."
"DESCRIPTION_TEMPLATE","124","지역SEO","4","loc 생활권의 기본적인 loc 방향과 인접 지역 확인 방법을 한 페이지에 정리했습니다 loc x loc kw 이용 전 현재 위치와 지역 범위를 먼저 확인해 보세요","massage/검단동-출장마사지-대구-북구-생활권-이동동선-지역정보-이용전-안내/index.html || 검단동 생활권의 기본적인 이동 방향과 인접 지역 확인 방법을 한 페이지에 정리했습니다. 대구 북구 검단동 출장마사지 이용 전 현재 위치와 지역 범위를 먼저 확인해 보세요.","massage/봉덕동-출장마사지-대구-남구-생활권-이동동선-지역정보-이용전-안내/index.html || 봉덕동 생활권의 기본적인 이동 방향과 인접 지역 확인 방법을 한 페이지에 정리했습니다. 대구 남구 봉덕동 출장마사지 이용 전 현재 위치와 지역 범위를 먼저 확인해 보세요.","massage/상중이동-출장마사지-대구-서구-생활권-이동동선-지역정보-이용전-안내/index.html || 상중이동 생활권의 기본적인 이동 방향과 인접 지역 확인 방법을 한 페이지에 정리했습니다. 대구 서구 상중이동 출장마사지 이용 전 현재 위치와 지역 범위를 먼저 확인해 보세요."
"DESCRIPTION_TEMPLATE","125","지역SEO","4","주거권과 일상 loc 범위를 중심으로 지역 정보를 먼저 확인할 수 있게 정리했습니다 x loc loc 지역 이용 이용 전 위치와 인접 생활권을 비교해 보세요","massage/명곡동-출장마사지-창원-의창구-생활권-이동동선-지역정보-이용전-안내/index.html || 주거권과 일상 이동 범위를 중심으로 지역 정보를 먼저 확인할 수 있게 정리했습니다. 창원 의창구 명곡동 지역 이용 이용 전 위치와 인접 생활권을 비교해 보세요.","massage/장기동-출장마사지-대구-달서구-생활권-이동동선-지역정보-이용전-안내/index.html || 주거권과 일상 이동 범위를 중심으로 지역 정보를 먼저 확인할 수 있게 정리했습니다. 대구 달서구 장기동 지역 이용 이용 전 위치와 인접 생활권을 비교해 보세요.","massage/덕진동-출장마사지-전주-덕진구-생활권-이동동선-지역정보-이용전-안내/index.html || 주거권과 일상 이동 범위를 중심으로 지역 정보를 먼저 확인할 수 있게 정리했습니다. 전주 덕진구 덕진동 지역 이용 이용 전 위치와 인접 생활권을 비교해 보세요."
"DESCRIPTION_TEMPLATE","126","지역SEO","4","주거권과 일상 loc 범위를 중심으로 지역 정보를 먼저 확인할 수 있게 정리했습니다 대전 x loc 지역 이용 이용 전 위치와 인접 생활권을 비교해 보세요","massage/대사동-출장마사지-대전-중구-생활권-이동동선-지역정보-이용전-안내/index.html || 주거권과 일상 이동 범위를 중심으로 지역 정보를 먼저 확인할 수 있게 정리했습니다. 대전 중구 대사동 지역 이용 이용 전 위치와 인접 생활권을 비교해 보세요.","massage/부사동-출장마사지-대전-중구-생활권-이동동선-지역정보-이용전-안내/index.html || 주거권과 일상 이동 범위를 중심으로 지역 정보를 먼저 확인할 수 있게 정리했습니다. 대전 중구 부사동 지역 이용 이용 전 위치와 인접 생활권을 비교해 보세요.","massage/용두동-출장마사지-대전-중구-생활권-이동동선-지역정보-이용전-안내/index.html || 주거권과 일상 이동 범위를 중심으로 지역 정보를 먼저 확인할 수 있게 정리했습니다. 대전 중구 용두동 지역 이용 이용 전 위치와 인접 생활권을 비교해 보세요."
"DESCRIPTION_TEMPLATE","127","지역SEO","4","기준으로 가까운 생활권과 귀가 외출 동선을 확인할 수 있도록 지역 정보를 구성했습니다 광주 x loc 생활권 이용 이용 전 위치 설명과 loc 범위를 확인하는 데 참고하세요","massage/동천동-출장마사지-광주-서구-생활권-이동동선-지역정보-이용전-안내/index.html || 기준으로 가까운 생활권과 귀가·외출 동선을 확인할 수 있도록 지역 정보를 구성했습니다. 광주 서구 동천동 생활권 이용 이용 전 위치 설명과 이동 범위를 확인하는 데 참고하세요.","massage/봉선동-출장마사지-광주-남구-생활권-이동동선-지역정보-이용전-안내/index.html || 기준으로 가까운 생활권과 귀가·외출 동선을 확인할 수 있도록 지역 정보를 구성했습니다. 광주 남구 봉선동 생활권 이용 이용 전 위치 설명과 이동 범위를 확인하는 데 참고하세요.","massage/서창동-출장마사지-광주-서구-생활권-이동동선-지역정보-이용전-안내/index.html || 기준으로 가까운 생활권과 귀가·외출 동선을 확인할 수 있도록 지역 정보를 구성했습니다. 광주 서구 서창동 생활권 이용 이용 전 위치 설명과 이동 범위를 확인하는 데 참고하세요."
"DESCRIPTION_TEMPLATE","128","지역SEO","3","자주 오가는 주거 상업 생활권을 기준으로 위치 확인 방법을 정리했습니다 광주 x loc 생활권 이용 이용 전 가까운 지역과 loc 범위를 비교할 때 참고할 수 있습니다","massage/백운동-출장마사지-광주-남구-생활권-이동동선-지역정보-이용전-안내/index.html || 자주 오가는 주거·상업 생활권을 기준으로 위치 확인 방법을 정리했습니다. 광주 남구 백운동 생활권 이용 이용 전 가까운 지역과 이동 범위를 비교할 때 참고할 수 있습니다.","massage/상무동-출장마사지-광주-서구-생활권-이동동선-지역정보-이용전-안내/index.html || 자주 오가는 주거·상업 생활권을 기준으로 위치 확인 방법을 정리했습니다. 광주 서구 상무동 생활권 이용 이용 전 가까운 지역과 이동 범위를 비교할 때 참고할 수 있습니다.","massage/유덕동-출장마사지-광주-서구-생활권-이동동선-지역정보-이용전-안내/index.html || 자주 오가는 주거·상업 생활권을 기준으로 위치 확인 방법을 정리했습니다. 광주 서구 유덕동 생활권 이용 이용 전 가까운 지역과 이동 범위를 비교할 때 참고할 수 있습니다."
"DESCRIPTION_TEMPLATE","129","지역SEO","3","주거권과 일상 loc 범위를 중심으로 지역 정보를 먼저 확인할 수 있게 정리했습니다 광주 x loc 지역 이용 이용 전 위치와 인접 생활권을 비교해 보세요","massage/농성동-출장마사지-광주-서구-생활권-이동동선-지역정보-이용전-안내/index.html || 주거권과 일상 이동 범위를 중심으로 지역 정보를 먼저 확인할 수 있게 정리했습니다. 광주 서구 농성동 지역 이용 이용 전 위치와 인접 생활권을 비교해 보세요.","massage/사직동-출장마사지-광주-남구-생활권-이동동선-지역정보-이용전-안내/index.html || 주거권과 일상 이동 범위를 중심으로 지역 정보를 먼저 확인할 수 있게 정리했습니다. 광주 남구 사직동 지역 이용 이용 전 위치와 인접 생활권을 비교해 보세요.","massage/송암동-출장마사지-광주-남구-생활권-이동동선-지역정보-이용전-안내/index.html || 주거권과 일상 이동 범위를 중심으로 지역 정보를 먼저 확인할 수 있게 정리했습니다. 광주 남구 송암동 지역 이용 이용 전 위치와 인접 생활권을 비교해 보세요."
"DESCRIPTION_TEMPLATE","130","지역SEO","3","loc 생활권의 기본적인 loc 방향과 인접 지역 확인 방법을 한 페이지에 정리했습니다 x loc 지역 이용 이용 전 현재 위치와 지역 범위를 먼저 확인해 보세요","massage/다정동-출장마사지-세종-생활권-이동동선-지역정보-이용전-안내/index.html || 다정동 생활권의 기본적인 이동 방향과 인접 지역 확인 방법을 한 페이지에 정리했습니다. 세종 다정동 지역 이용 이용 전 현재 위치와 지역 범위를 먼저 확인해 보세요.","massage/어진동-출장마사지-세종-생활권-이동동선-지역정보-이용전-안내/index.html || 어진동 생활권의 기본적인 이동 방향과 인접 지역 확인 방법을 한 페이지에 정리했습니다. 세종 어진동 지역 이용 이용 전 현재 위치와 지역 범위를 먼저 확인해 보세요.","massage/활천동-출장마사지-김해-생활권-이동동선-지역정보-이용전-안내/index.html || 활천동 생활권의 기본적인 이동 방향과 인접 지역 확인 방법을 한 페이지에 정리했습니다. 김해 활천동 지역 이용 이용 전 현재 위치와 지역 범위를 먼저 확인해 보세요."
"DESCRIPTION_TEMPLATE","131","지역SEO","3","loc 주변에서 현재 위치를 파악할 때 필요한 생활권 기준과 지역 선택 방법을 정리했습니다 x loc kw 이용 전 가까운 범위와 이용 정보를 확인할 수 있습니다","massage/도담동-출장마사지-세종-생활권-이동동선-지역정보-이용전-안내/index.html || 도담동 주변에서 현재 위치를 파악할 때 필요한 생활권 기준과 지역 선택 방법을 정리했습니다. 세종 도담동 출장마사지 이용 전 가까운 범위와 이용 정보를 확인할 수 있습니다.","massage/경암동-출장마사지-군산-생활권-이동동선-지역정보-이용전-안내/index.html || 경암동 주변에서 현재 위치를 파악할 때 필요한 생활권 기준과 지역 선택 방법을 정리했습니다. 군산 경암동 출장마사지 이용 전 가까운 범위와 이용 정보를 확인할 수 있습니다.","massage/월명동-출장마사지-군산-생활권-이동동선-지역정보-이용전-안내/index.html || 월명동 주변에서 현재 위치를 파악할 때 필요한 생활권 기준과 지역 선택 방법을 정리했습니다. 군산 월명동 출장마사지 이용 전 가까운 범위와 이용 정보를 확인할 수 있습니다."
"DESCRIPTION_TEMPLATE","132","지역SEO","3","loc 생활권의 기본적인 loc 방향과 인접 지역 확인 방법을 한 페이지에 정리했습니다 광주 x loc 지역 이용 이용 전 현재 위치와 지역 범위를 먼저 확인해 보세요","massage/동명동-출장마사지-광주-동구-생활권-이동동선-지역정보-이용전-안내/index.html || 동명동 생활권의 기본적인 이동 방향과 인접 지역 확인 방법을 한 페이지에 정리했습니다. 광주 동구 동명동 지역 이용 이용 전 현재 위치와 지역 범위를 먼저 확인해 보세요.","massage/서남동-출장마사지-광주-동구-생활권-이동동선-지역정보-이용전-안내/index.html || 서남동 생활권의 기본적인 이동 방향과 인접 지역 확인 방법을 한 페이지에 정리했습니다. 광주 동구 서남동 지역 이용 이용 전 현재 위치와 지역 범위를 먼저 확인해 보세요.","massage/용봉동-출장마사지-광주-북구-생활권-이동동선-지역정보-이용전-안내/index.html || 용봉동 생활권의 기본적인 이동 방향과 인접 지역 확인 방법을 한 페이지에 정리했습니다. 광주 북구 용봉동 지역 이용 이용 전 현재 위치와 지역 범위를 먼저 확인해 보세요."
"DESCRIPTION_TEMPLATE","133","지역SEO","3","자주 오가는 주거 상업 생활권을 기준으로 위치 확인 방법을 정리했습니다 광주 x loc kw 이용 전 가까운 지역과 loc 범위를 비교할 때 참고할 수 있습니다","massage/건국동-출장마사지-광주-북구-생활권-이동동선-지역정보-이용전-안내/index.html || 자주 오가는 주거·상업 생활권을 기준으로 위치 확인 방법을 정리했습니다. 광주 북구 건국동 출장마사지 이용 전 가까운 지역과 이동 범위를 비교할 때 참고할 수 있습니다.","massage/신안동-출장마사지-광주-북구-생활권-이동동선-지역정보-이용전-안내/index.html || 자주 오가는 주거·상업 생활권을 기준으로 위치 확인 방법을 정리했습니다. 광주 북구 신안동 출장마사지 이용 전 가까운 지역과 이동 범위를 비교할 때 참고할 수 있습니다.","massage/오치동-출장마사지-광주-북구-생활권-이동동선-지역정보-이용전-안내/index.html || 자주 오가는 주거·상업 생활권을 기준으로 위치 확인 방법을 정리했습니다. 광주 북구 오치동 출장마사지 이용 전 가까운 지역과 이동 범위를 비교할 때 참고할 수 있습니다."
"DESCRIPTION_TEMPLATE","134","지역SEO","3","다른 생활권으로 이동할 때 참고하기 좋은 지역 기준과 위치 확인 항목을 정리했습니다 x loc 생활권 이용 이용 전 지역 범위를 확인하는 안내입니다","massage/해밀동-출장마사지-세종-생활권-이동동선-지역정보-이용전-안내/index.html || 다른 생활권으로 이동할 때 참고하기 좋은 지역 기준과 위치 확인 항목을 정리했습니다. 세종 해밀동 생활권 이용 이용 전 지역 범위를 확인하는 안내입니다.","massage/옥룡동-출장마사지-공주-생활권-이동동선-지역정보-이용전-안내/index.html || 다른 생활권으로 이동할 때 참고하기 좋은 지역 기준과 위치 확인 항목을 정리했습니다. 공주 옥룡동 생활권 이용 이용 전 지역 범위를 확인하는 안내입니다.","massage/남중동-출장마사지-익산-생활권-이동동선-지역정보-이용전-안내/index.html || 다른 생활권으로 이동할 때 참고하기 좋은 지역 기준과 위치 확인 항목을 정리했습니다. 익산 남중동 생활권 이용 이용 전 지역 범위를 확인하는 안내입니다."
"DESCRIPTION_TEMPLATE","135","지역SEO","3","다른 생활권으로 이동할 때 참고하기 좋은 지역 기준과 위치 확인 항목을 정리했습니다 x loc kw 이용 전 지역 범위를 확인하는 안내입니다","massage/보람동-출장마사지-세종-생활권-이동동선-지역정보-이용전-안내/index.html || 다른 생활권으로 이동할 때 참고하기 좋은 지역 기준과 위치 확인 항목을 정리했습니다. 세종 보람동 출장마사지 이용 전 지역 범위를 확인하는 안내입니다.","massage/영등동-출장마사지-익산-생활권-이동동선-지역정보-이용전-안내/index.html || 다른 생활권으로 이동할 때 참고하기 좋은 지역 기준과 위치 확인 항목을 정리했습니다. 익산 영등동 출장마사지 이용 전 지역 범위를 확인하는 안내입니다.","massage/중앙동-출장마사지-군산-생활권-이동동선-지역정보-이용전-안내/index.html || 다른 생활권으로 이동할 때 참고하기 좋은 지역 기준과 위치 확인 항목을 정리했습니다. 군산 중앙동 출장마사지 이용 전 지역 범위를 확인하는 안내입니다."
"DESCRIPTION_TEMPLATE","136","지역SEO","3","loc 주변의 생활권과 loc 흐름을 먼저 살펴보고 현재 위치를 설명하기 좋은 기준을 정리했습니다 x x loc kw 이용 전 지역 범위와 위치 정보를 확인해 보세요","massage/가포동-출장마사지-창원-마산합포구-생활권-이동동선-지역정보-이용전-안내/index.html || 가포동 주변의 생활권과 이동 흐름을 먼저 살펴보고 현재 위치를 설명하기 좋은 기준을 정리했습니다. 창원 마산합포구 가포동 출장마사지 이용 전 지역 범위와 위치 정보를 확인해 보세요.","massage/반월중앙동-출장마사지-창원-마산합포구-생활권-이동동선-지역정보-이용전-안내/index.html || 반월중앙동 주변의 생활권과 이동 흐름을 먼저 살펴보고 현재 위치를 설명하기 좋은 기준을 정리했습니다. 창원 마산합포구 반월중앙동 출장마사지 이용 전 지역 범위와 위치 정보를 확인해 보세요.","massage/석전동-출장마사지-창원-마산회원구-생활권-이동동선-지역정보-이용전-안내/index.html || 석전동 주변의 생활권과 이동 흐름을 먼저 살펴보고 현재 위치를 설명하기 좋은 기준을 정리했습니다. 창원 마산회원구 석전동 출장마사지 이용 전 지역 범위와 위치 정보를 확인해 보세요."
"DESCRIPTION_TEMPLATE","137","지역SEO","3","기준으로 가까운 생활권과 귀가 외출 동선을 확인할 수 있도록 지역 정보를 구성했습니다 x loc kw 이용 전 위치 설명과 loc 범위를 확인하는 데 참고하세요","massage/송학동-출장마사지-익산-생활권-이동동선-지역정보-이용전-안내/index.html || 기준으로 가까운 생활권과 귀가·외출 동선을 확인할 수 있도록 지역 정보를 구성했습니다. 익산 송학동 출장마사지 이용 전 위치 설명과 이동 범위를 확인하는 데 참고하세요.","massage/신풍동-출장마사지-군산-생활권-이동동선-지역정보-이용전-안내/index.html || 기준으로 가까운 생활권과 귀가·외출 동선을 확인할 수 있도록 지역 정보를 구성했습니다. 군산 신풍동 출장마사지 이용 전 위치 설명과 이동 범위를 확인하는 데 참고하세요.","massage/회현동-출장마사지-김해-생활권-이동동선-지역정보-이용전-안내/index.html || 기준으로 가까운 생활권과 귀가·외출 동선을 확인할 수 있도록 지역 정보를 구성했습니다. 김해 회현동 출장마사지 이용 전 위치 설명과 이동 범위를 확인하는 데 참고하세요."
"DESCRIPTION_TEMPLATE","138","지역SEO","3","주거권과 일상 loc 범위를 중심으로 지역 정보를 먼저 확인할 수 있게 정리했습니다 x loc 지역 이용 이용 전 위치와 인접 생활권을 비교해 보세요","massage/반곡동-출장마사지-세종-생활권-이동동선-지역정보-이용전-안내/index.html || 주거권과 일상 이동 범위를 중심으로 지역 정보를 먼저 확인할 수 있게 정리했습니다. 세종 반곡동 지역 이용 이용 전 위치와 인접 생활권을 비교해 보세요.","massage/구암동-출장마사지-군산-생활권-이동동선-지역정보-이용전-안내/index.html || 주거권과 일상 이동 범위를 중심으로 지역 정보를 먼저 확인할 수 있게 정리했습니다. 군산 구암동 지역 이용 이용 전 위치와 인접 생활권을 비교해 보세요.","massage/조촌동-출장마사지-군산-생활권-이동동선-지역정보-이용전-안내/index.html || 주거권과 일상 이동 범위를 중심으로 지역 정보를 먼저 확인할 수 있게 정리했습니다. 군산 조촌동 지역 이용 이용 전 위치와 인접 생활권을 비교해 보세요."
"DESCRIPTION_TEMPLATE","139","지역SEO","3","loc 생활권의 기본적인 loc 방향과 인접 지역 확인 방법을 한 페이지에 정리했습니다 x loc 생활권 이용 이용 전 현재 위치와 지역 범위를 먼저 확인해 보세요","massage/금암동-출장마사지-계룡-생활권-이동동선-지역정보-이용전-안내/index.html || 금암동 생활권의 기본적인 이동 방향과 인접 지역 확인 방법을 한 페이지에 정리했습니다. 계룡 금암동 생활권 이용 이용 전 현재 위치와 지역 범위를 먼저 확인해 보세요.","massage/삼성동-출장마사지-익산-생활권-이동동선-지역정보-이용전-안내/index.html || 삼성동 생활권의 기본적인 이동 방향과 인접 지역 확인 방법을 한 페이지에 정리했습니다. 익산 삼성동 생활권 이용 이용 전 현재 위치와 지역 범위를 먼저 확인해 보세요.","massage/수송동-출장마사지-군산-생활권-이동동선-지역정보-이용전-안내/index.html || 수송동 생활권의 기본적인 이동 방향과 인접 지역 확인 방법을 한 페이지에 정리했습니다. 군산 수송동 생활권 이용 이용 전 현재 위치와 지역 범위를 먼저 확인해 보세요."
"DESCRIPTION_TEMPLATE","140","지역SEO","3","loc 생활권 안에서 현재 위치와 가까운 지역을 찾기 쉽도록 기본 지역 정보를 구성했습니다 loc x loc 생활권 이용 이용 전 loc 방향과 주변 생활권을 확인해 보세요","massage/관음동-출장마사지-대구-북구-생활권-이동동선-지역정보-이용전-안내/index.html || 관음동 생활권 안에서 현재 위치와 가까운 지역을 찾기 쉽도록 기본 지역 정보를 구성했습니다. 대구 북구 관음동 생활권 이용 이용 전 이동 방향과 주변 생활권을 확인해 보세요.","massage/대봉동-출장마사지-대구-중구-생활권-이동동선-지역정보-이용전-안내/index.html || 대봉동 생활권 안에서 현재 위치와 가까운 지역을 찾기 쉽도록 기본 지역 정보를 구성했습니다. 대구 중구 대봉동 생활권 이용 이용 전 이동 방향과 주변 생활권을 확인해 보세요.","massage/삼덕동-출장마사지-대구-중구-생활권-이동동선-지역정보-이용전-안내/index.html || 삼덕동 생활권 안에서 현재 위치와 가까운 지역을 찾기 쉽도록 기본 지역 정보를 구성했습니다. 대구 중구 삼덕동 생활권 이용 이용 전 이동 방향과 주변 생활권을 확인해 보세요."
"DESCRIPTION_TEMPLATE","141","지역SEO","3","주거권과 일상 loc 범위를 중심으로 지역 정보를 먼저 확인할 수 있게 정리했습니다 x loc kw 이용 전 위치와 인접 생활권을 비교해 보세요","massage/신관동-출장마사지-공주-생활권-이동동선-지역정보-이용전-안내/index.html || 주거권과 일상 이동 범위를 중심으로 지역 정보를 먼저 확인할 수 있게 정리했습니다. 공주 신관동 출장마사지 이용 전 위치와 인접 생활권을 비교해 보세요.","massage/어양동-출장마사지-익산-생활권-이동동선-지역정보-이용전-안내/index.html || 주거권과 일상 이동 범위를 중심으로 지역 정보를 먼저 확인할 수 있게 정리했습니다. 익산 어양동 출장마사지 이용 전 위치와 인접 생활권을 비교해 보세요.","massage/북부동-출장마사지-김해-생활권-이동동선-지역정보-이용전-안내/index.html || 주거권과 일상 이동 범위를 중심으로 지역 정보를 먼저 확인할 수 있게 정리했습니다. 김해 북부동 출장마사지 이용 전 위치와 인접 생활권을 비교해 보세요."
"DESCRIPTION_TEMPLATE","142","지역SEO","3","loc 생활권 안에서 현재 위치와 가까운 지역을 찾기 쉽도록 기본 지역 정보를 구성했습니다 대전 x loc kw 이용 전 loc 방향과 주변 생활권을 확인해 보세요","massage/괴정동-출장마사지-대전-서구-생활권-이동동선-지역정보-이용전-안내/index.html || 괴정동 생활권 안에서 현재 위치와 가까운 지역을 찾기 쉽도록 기본 지역 정보를 구성했습니다. 대전 서구 괴정동 출장마사지 이용 전 이동 방향과 주변 생활권을 확인해 보세요.","massage/산내동-출장마사지-대전-동구-생활권-이동동선-지역정보-이용전-안내/index.html || 산내동 생활권 안에서 현재 위치와 가까운 지역을 찾기 쉽도록 기본 지역 정보를 구성했습니다. 대전 동구 산내동 출장마사지 이용 전 이동 방향과 주변 생활권을 확인해 보세요.","massage/용운동-출장마사지-대전-동구-생활권-이동동선-지역정보-이용전-안내/index.html || 용운동 생활권 안에서 현재 위치와 가까운 지역을 찾기 쉽도록 기본 지역 정보를 구성했습니다. 대전 동구 용운동 출장마사지 이용 전 이동 방향과 주변 생활권을 확인해 보세요."
"DESCRIPTION_TEMPLATE","143","지역SEO","3","중심으로 인접 생활권과 loc 범위를 먼저 살펴볼 수 있도록 지역 안내를 정리했습니다 인천 loc loc 지역 이용 이용 전 위치 확인에 참고할 수 있습니다","massage/용현동-출장마사지-미추홀구-생활권-이동동선-지역정보-이용전-안내/index.html || 중심으로 인접 생활권과 이동 범위를 먼저 살펴볼 수 있도록 지역 안내를 정리했습니다. 인천 미추홀구 용현동 지역 이용 이용 전 위치 확인에 참고할 수 있습니다.","massage/송도동-출장마사지-연수구-생활권-이동동선-지역정보-이용전-안내/index.html || 중심으로 인접 생활권과 이동 범위를 먼저 살펴볼 수 있도록 지역 안내를 정리했습니다. 인천 연수구 송도동 지역 이용 이용 전 위치 확인에 참고할 수 있습니다.","massage/화수동-출장마사지-제물포구-생활권-이동동선-지역정보-이용전-안내/index.html || 중심으로 인접 생활권과 이동 범위를 먼저 살펴볼 수 있도록 지역 안내를 정리했습니다. 인천 제물포구 화수동 지역 이용 이용 전 위치 확인에 참고할 수 있습니다."
"DESCRIPTION_TEMPLATE","144","지역SEO","3","loc 주변의 생활권과 loc 흐름을 먼저 살펴보고 현재 위치를 설명하기 좋은 기준을 정리했습니다 대전 x loc 생활권 이용 이용 전 지역 범위와 위치 정보를 확인해 보세요","massage/문창동-출장마사지-대전-중구-생활권-이동동선-지역정보-이용전-안내/index.html || 문창동 주변의 생활권과 이동 흐름을 먼저 살펴보고 현재 위치를 설명하기 좋은 기준을 정리했습니다. 대전 중구 문창동 생활권 이용 이용 전 지역 범위와 위치 정보를 확인해 보세요.","massage/산성동-출장마사지-대전-중구-생활권-이동동선-지역정보-이용전-안내/index.html || 산성동 주변의 생활권과 이동 흐름을 먼저 살펴보고 현재 위치를 설명하기 좋은 기준을 정리했습니다. 대전 중구 산성동 생활권 이용 이용 전 지역 범위와 위치 정보를 확인해 보세요.","massage/홍도동-출장마사지-대전-동구-생활권-이동동선-지역정보-이용전-안내/index.html || 홍도동 주변의 생활권과 이동 흐름을 먼저 살펴보고 현재 위치를 설명하기 좋은 기준을 정리했습니다. 대전 동구 홍도동 생활권 이용 이용 전 지역 범위와 위치 정보를 확인해 보세요."
"DESCRIPTION_TEMPLATE","145","지역SEO","3","x 에서 오가는 주요 생활권과 주변 지역 정보를 한눈에 확인할 수 있도록 구성했습니다 x x 내 현재 위치와 인접 지역의 loc 범위를 살펴보세요","massage/삼국유사면-출장마사지-대구-군위군-생활권-지역정보-이용안내/index.html || 삼국유사면에서 오가는 주요 생활권과 주변 지역 정보를 한눈에 확인할 수 있도록 구성했습니다. 대구 군위군 내 현재 위치와 인접 지역의 이동 범위를 살펴보세요.","massage/진동면-출장마사지-창원-마산합포구-생활권-지역정보-이용안내/index.html || 진동면에서 오가는 주요 생활권과 주변 지역 정보를 한눈에 확인할 수 있도록 구성했습니다. 창원 마산합포구 내 현재 위치와 인접 지역의 이동 범위를 살펴보세요.","massage/내서읍-출장마사지-창원-마산회원구-생활권-지역정보-이용안내/index.html || 내서읍에서 오가는 주요 생활권과 주변 지역 정보를 한눈에 확인할 수 있도록 구성했습니다. 창원 마산회원구 내 현재 위치와 인접 지역의 이동 범위를 살펴보세요."
"DESCRIPTION_TEMPLATE","146","지역SEO","3","loc 주변 생활권을 기준으로 현재 위치와 인접 지역을 확인하는 방법을 정리했습니다 인천 loc loc 생활권 이용 이용 전 지역 선택과 loc 범위를 살펴보세요","massage/서창동-출장마사지-남동구-생활권-이동동선-지역정보-이용전-안내/index.html || 서창동 주변 생활권을 기준으로 현재 위치와 인접 지역을 확인하는 방법을 정리했습니다. 인천 남동구 서창동 생활권 이용 이용 전 지역 선택과 이동 범위를 살펴보세요.","massage/주안동-출장마사지-미추홀구-생활권-이동동선-지역정보-이용전-안내/index.html || 주안동 주변 생활권을 기준으로 현재 위치와 인접 지역을 확인하는 방법을 정리했습니다. 인천 미추홀구 주안동 생활권 이용 이용 전 지역 선택과 이동 범위를 살펴보세요.","massage/연수동-출장마사지-연수구-생활권-이동동선-지역정보-이용전-안내/index.html || 연수동 주변 생활권을 기준으로 현재 위치와 인접 지역을 확인하는 방법을 정리했습니다. 인천 연수구 연수동 생활권 이용 이용 전 지역 선택과 이동 범위를 살펴보세요."
"DESCRIPTION_TEMPLATE","147","지역SEO","3","기준으로 가까운 생활권과 귀가 외출 동선을 확인할 수 있도록 지역 정보를 구성했습니다 인천 loc loc 생활권 이용 이용 전 위치 설명과 loc 범위를 확인하는 데 참고하세요","massage/도화동-출장마사지-미추홀구-생활권-이동동선-지역정보-이용전-안내/index.html || 기준으로 가까운 생활권과 귀가·외출 동선을 확인할 수 있도록 지역 정보를 구성했습니다. 인천 미추홀구 도화동 생활권 이용 이용 전 위치 설명과 이동 범위를 확인하는 데 참고하세요.","massage/용유동-출장마사지-영종구-생활권-이동동선-지역정보-이용전-안내/index.html || 기준으로 가까운 생활권과 귀가·외출 동선을 확인할 수 있도록 지역 정보를 구성했습니다. 인천 영종구 용유동 생활권 이용 이용 전 위치 설명과 이동 범위를 확인하는 데 참고하세요.","massage/신포동-출장마사지-제물포구-생활권-이동동선-지역정보-이용전-안내/index.html || 기준으로 가까운 생활권과 귀가·외출 동선을 확인할 수 있도록 지역 정보를 구성했습니다. 인천 제물포구 신포동 생활권 이용 이용 전 위치 설명과 이동 범위를 확인하는 데 참고하세요."
"DESCRIPTION_TEMPLATE","148","지역SEO","3","loc 주변의 생활권과 loc 흐름을 먼저 살펴보고 loc 안에서 현재 위치를 설명하기 좋은 기준을 정리했습니다 인천 loc loc 지역 이용 이용 전 지역 범위와 위치 정보를 확인해 보세요","massage/작전동-출장마사지-계양구-생활권-이동동선-지역정보-이용전-안내/index.html || 작전동 주변의 생활권과 이동 흐름을 먼저 살펴보고, 계양구 안에서 현재 위치를 설명하기 좋은 기준을 정리했습니다. 인천 계양구 작전동 지역 이용 이용 전 지역 범위와 위치 정보를 확인해 보세요.","massage/학익동-출장마사지-미추홀구-생활권-이동동선-지역정보-이용전-안내/index.html || 학익동 주변의 생활권과 이동 흐름을 먼저 살펴보고, 미추홀구 안에서 현재 위치를 설명하기 좋은 기준을 정리했습니다. 인천 미추홀구 학익동 지역 이용 이용 전 지역 범위와 위치 정보를 확인해 보세요.","massage/옥련동-출장마사지-연수구-생활권-이동동선-지역정보-이용전-안내/index.html || 옥련동 주변의 생활권과 이동 흐름을 먼저 살펴보고, 연수구 안에서 현재 위치를 설명하기 좋은 기준을 정리했습니다. 인천 연수구 옥련동 지역 이용 이용 전 지역 범위와 위치 정보를 확인해 보세요."
"DESCRIPTION_TEMPLATE","149","지역SEO","3","자주 오가는 주거 상업 생활권을 기준으로 위치 확인 방법을 정리했습니다 대전 x loc 생활권 이용 이용 전 가까운 지역과 loc 범위를 비교할 때 참고할 수 있습니다","massage/가수원동-출장마사지-대전-서구-생활권-이동동선-지역정보-이용전-안내/index.html || 자주 오가는 주거·상업 생활권을 기준으로 위치 확인 방법을 정리했습니다. 대전 서구 가수원동 생활권 이용 이용 전 가까운 지역과 이동 범위를 비교할 때 참고할 수 있습니다.","massage/문화동-출장마사지-대전-중구-생활권-이동동선-지역정보-이용전-안내/index.html || 자주 오가는 주거·상업 생활권을 기준으로 위치 확인 방법을 정리했습니다. 대전 중구 문화동 생활권 이용 이용 전 가까운 지역과 이동 범위를 비교할 때 참고할 수 있습니다.","massage/중앙동-출장마사지-대전-동구-생활권-이동동선-지역정보-이용전-안내/index.html || 자주 오가는 주거·상업 생활권을 기준으로 위치 확인 방법을 정리했습니다. 대전 동구 중앙동 생활권 이용 이용 전 가까운 지역과 이동 범위를 비교할 때 참고할 수 있습니다."
"DESCRIPTION_TEMPLATE","150","업체상세","3","loc x loc 지역의 x 안내입니다 영업시간 코스와 가격 전화 문자 문의 주변 위치 정보를 확인할 수 있습니다","shops/other/cheongju/heungdeok-gu/봉명2.송정동/S썸바디테라피/index.html || 흥덕구 봉명2.송정동 지역의 S썸바디테라피 안내입니다. 영업시간, 코스와 가격, 전화·문자 문의, 주변 위치 정보를 확인할 수 있습니다.","shops/other/cheongju/heungdeok-gu/봉명2.송정동/레드테라피/index.html || 흥덕구 봉명2.송정동 지역의 레드테라피 안내입니다. 영업시간, 코스와 가격, 전화·문자 문의, 주변 위치 정보를 확인할 수 있습니다.","shops/other/daegu/suseong-gu/수성2.3가동/대구테라피/index.html || 수성구 수성2.3가동 지역의 대구테라피 안내입니다. 영업시간, 코스와 가격, 전화·문자 문의, 주변 위치 정보를 확인할 수 있습니다."
"DESCRIPTION_TEMPLATE","151","지역SEO","3","loc 생활권의 기본적인 loc 방향과 인접 지역 확인 방법을 한 페이지에 정리했습니다 대전 x loc 지역 이용 이용 전 현재 위치와 지역 범위를 먼저 확인해 보세요","massage/오류동-출장마사지-대전-중구-생활권-이동동선-지역정보-이용전-안내/index.html || 오류동 생활권의 기본적인 이동 방향과 인접 지역 확인 방법을 한 페이지에 정리했습니다. 대전 중구 오류동 지역 이용 이용 전 현재 위치와 지역 범위를 먼저 확인해 보세요.","massage/월평동-출장마사지-대전-서구-생활권-이동동선-지역정보-이용전-안내/index.html || 월평동 생활권의 기본적인 이동 방향과 인접 지역 확인 방법을 한 페이지에 정리했습니다. 대전 서구 월평동 지역 이용 이용 전 현재 위치와 지역 범위를 먼저 확인해 보세요.","massage/중촌동-출장마사지-대전-중구-생활권-이동동선-지역정보-이용전-안내/index.html || 중촌동 생활권의 기본적인 이동 방향과 인접 지역 확인 방법을 한 페이지에 정리했습니다. 대전 중구 중촌동 지역 이용 이용 전 현재 위치와 지역 범위를 먼저 확인해 보세요."
"DESCRIPTION_TEMPLATE","152","지역SEO","3","loc 주변에서 현재 위치를 파악할 때 필요한 생활권 기준과 지역 선택 방법을 정리했습니다 x loc loc kw 이용 전 가까운 범위와 이용 정보를 확인할 수 있습니다","massage/사직동-출장마사지-청주-서원구-생활권-이동동선-지역정보-이용전-안내/index.html || 사직동 주변에서 현재 위치를 파악할 때 필요한 생활권 기준과 지역 선택 방법을 정리했습니다. 청주 서원구 사직동 출장마사지 이용 전 가까운 범위와 이용 정보를 확인할 수 있습니다.","massage/성당동-출장마사지-대구-달서구-생활권-이동동선-지역정보-이용전-안내/index.html || 성당동 주변에서 현재 위치를 파악할 때 필요한 생활권 기준과 지역 선택 방법을 정리했습니다. 대구 달서구 성당동 출장마사지 이용 전 가까운 범위와 이용 정보를 확인할 수 있습니다.","massage/노송동-출장마사지-전주-완산구-생활권-이동동선-지역정보-이용전-안내/index.html || 노송동 주변에서 현재 위치를 파악할 때 필요한 생활권 기준과 지역 선택 방법을 정리했습니다. 전주 완산구 노송동 출장마사지 이용 전 가까운 범위와 이용 정보를 확인할 수 있습니다."
"DESCRIPTION_TEMPLATE","153","지역SEO","3","loc 주변의 생활권과 loc 흐름을 먼저 살펴보고 현재 위치를 설명하기 좋은 기준을 정리했습니다 x loc 지역 이용 이용 전 지역 범위와 위치 정보를 확인해 보세요","massage/고운동-출장마사지-세종-생활권-이동동선-지역정보-이용전-안내/index.html || 고운동 주변의 생활권과 이동 흐름을 먼저 살펴보고 현재 위치를 설명하기 좋은 기준을 정리했습니다. 세종 고운동 지역 이용 이용 전 지역 범위와 위치 정보를 확인해 보세요.","massage/중앙동-출장마사지-익산-생활권-이동동선-지역정보-이용전-안내/index.html || 중앙동 주변의 생활권과 이동 흐름을 먼저 살펴보고 현재 위치를 설명하기 좋은 기준을 정리했습니다. 익산 중앙동 지역 이용 이용 전 지역 범위와 위치 정보를 확인해 보세요.","massage/삼학동-출장마사지-군산-생활권-이동동선-지역정보-이용전-안내/index.html || 삼학동 주변의 생활권과 이동 흐름을 먼저 살펴보고 현재 위치를 설명하기 좋은 기준을 정리했습니다. 군산 삼학동 지역 이용 이용 전 지역 범위와 위치 정보를 확인해 보세요."
"DESCRIPTION_TEMPLATE","154","지역SEO","2","loc 생활권 안에서 현재 위치와 가까운 지역을 찾기 쉽도록 기본 지역 정보를 구성했습니다 광주 x loc kw 이용 전 loc 방향과 주변 생활권을 확인해 보세요","massage/중흥동-출장마사지-광주-북구-생활권-이동동선-지역정보-이용전-안내/index.html || 중흥동 생활권 안에서 현재 위치와 가까운 지역을 찾기 쉽도록 기본 지역 정보를 구성했습니다. 광주 북구 중흥동 출장마사지 이용 전 이동 방향과 주변 생활권을 확인해 보세요.","massage/풍암동-출장마사지-광주-서구-생활권-이동동선-지역정보-이용전-안내/index.html || 풍암동 생활권 안에서 현재 위치와 가까운 지역을 찾기 쉽도록 기본 지역 정보를 구성했습니다. 광주 서구 풍암동 출장마사지 이용 전 이동 방향과 주변 생활권을 확인해 보세요.",""
"DESCRIPTION_TEMPLATE","155","지역SEO","2","다른 생활권으로 이동할 때 참고하기 좋은 지역 기준과 위치 확인 항목을 정리했습니다 x loc 지역 이용 이용 전 지역 범위를 확인하는 안내입니다","massage/나운동-출장마사지-군산-생활권-이동동선-지역정보-이용전-안내/index.html || 다른 생활권으로 이동할 때 참고하기 좋은 지역 기준과 위치 확인 항목을 정리했습니다. 군산 나운동 지역 이용 이용 전 지역 범위를 확인하는 안내입니다.","massage/불암동-출장마사지-김해-생활권-이동동선-지역정보-이용전-안내/index.html || 다른 생활권으로 이동할 때 참고하기 좋은 지역 기준과 위치 확인 항목을 정리했습니다. 김해 불암동 지역 이용 이용 전 지역 범위를 확인하는 안내입니다.",""
"DESCRIPTION_TEMPLATE","156","지역SEO","2","loc 주변의 생활권과 loc 흐름을 먼저 살펴보고 현재 위치를 설명하기 좋은 기준을 정리했습니다 광주 x loc 생활권 이용 이용 전 지역 범위와 위치 정보를 확인해 보세요","massage/지산동-출장마사지-광주-동구-생활권-이동동선-지역정보-이용전-안내/index.html || 지산동 주변의 생활권과 이동 흐름을 먼저 살펴보고 현재 위치를 설명하기 좋은 기준을 정리했습니다. 광주 동구 지산동 생활권 이용 이용 전 지역 범위와 위치 정보를 확인해 보세요.","massage/풍향동-출장마사지-광주-북구-생활권-이동동선-지역정보-이용전-안내/index.html || 풍향동 주변의 생활권과 이동 흐름을 먼저 살펴보고 현재 위치를 설명하기 좋은 기준을 정리했습니다. 광주 북구 풍향동 생활권 이용 이용 전 지역 범위와 위치 정보를 확인해 보세요.",""
"DESCRIPTION_TEMPLATE","157","지역SEO","2","loc 생활권의 기본적인 loc 방향과 인접 지역 확인 방법을 한 페이지에 정리했습니다 x loc kw 이용 전 현재 위치와 지역 범위를 먼저 확인해 보세요","massage/평화동-출장마사지-익산-생활권-이동동선-지역정보-이용전-안내/index.html || 평화동 생활권의 기본적인 이동 방향과 인접 지역 확인 방법을 한 페이지에 정리했습니다. 익산 평화동 출장마사지 이용 전 현재 위치와 지역 범위를 먼저 확인해 보세요.","massage/내외동-출장마사지-김해-생활권-이동동선-지역정보-이용전-안내/index.html || 내외동 생활권의 기본적인 이동 방향과 인접 지역 확인 방법을 한 페이지에 정리했습니다. 김해 내외동 출장마사지 이용 전 현재 위치와 지역 범위를 먼저 확인해 보세요.",""
"DESCRIPTION_TEMPLATE","158","지역SEO","2","loc 생활권의 기본적인 loc 방향과 인접 지역 확인 방법을 한 페이지에 정리했습니다 인천 loc loc 생활권 이용 이용 전 현재 위치와 지역 범위를 먼저 확인해 보세요","massage/효성동-출장마사지-계양구-생활권-이동동선-지역정보-이용전-안내/index.html || 효성동 생활권의 기본적인 이동 방향과 인접 지역 확인 방법을 한 페이지에 정리했습니다. 인천 계양구 효성동 생활권 이용 이용 전 현재 위치와 지역 범위를 먼저 확인해 보세요.","massage/영종동-출장마사지-영종구-생활권-이동동선-지역정보-이용전-안내/index.html || 영종동 생활권의 기본적인 이동 방향과 인접 지역 확인 방법을 한 페이지에 정리했습니다. 인천 영종구 영종동 생활권 이용 이용 전 현재 위치와 지역 범위를 먼저 확인해 보세요.",""
"DESCRIPTION_TEMPLATE","159","지역SEO","2","다른 생활권으로 이동할 때 참고하기 좋은 지역 기준과 위치 확인 항목을 정리했습니다 광주 x loc kw 이용 전 지역 범위를 확인하는 안내입니다","massage/양림동-출장마사지-광주-남구-생활권-이동동선-지역정보-이용전-안내/index.html || 다른 생활권으로 이동할 때 참고하기 좋은 지역 기준과 위치 확인 항목을 정리했습니다. 광주 남구 양림동 출장마사지 이용 전 지역 범위를 확인하는 안내입니다.","massage/중앙동-출장마사지-광주-북구-생활권-이동동선-지역정보-이용전-안내/index.html || 다른 생활권으로 이동할 때 참고하기 좋은 지역 기준과 위치 확인 항목을 정리했습니다. 광주 북구 중앙동 출장마사지 이용 전 지역 범위를 확인하는 안내입니다.",""
"DESCRIPTION_TEMPLATE","160","지역SEO","2","다른 생활권으로 이동할 때 참고하기 좋은 지역 기준과 위치 확인 항목을 정리했습니다 광주 x loc 지역 이용 이용 전 지역 범위를 확인하는 안내입니다","massage/문화동-출장마사지-광주-북구-생활권-이동동선-지역정보-이용전-안내/index.html || 다른 생활권으로 이동할 때 참고하기 좋은 지역 기준과 위치 확인 항목을 정리했습니다. 광주 북구 문화동 지역 이용 이용 전 지역 범위를 확인하는 안내입니다.","massage/산수동-출장마사지-광주-동구-생활권-이동동선-지역정보-이용전-안내/index.html || 다른 생활권으로 이동할 때 참고하기 좋은 지역 기준과 위치 확인 항목을 정리했습니다. 광주 동구 산수동 지역 이용 이용 전 지역 범위를 확인하는 안내입니다.",""
"DESCRIPTION_TEMPLATE","161","지역SEO","2","중심으로 주변 생활권과 loc 방향을 확인할 수 있도록 정리했습니다 경기 loc loc x 생활권 이용 이용 전 현재 위치와 가까운 지역을 확인해 보세요","massage/평동-출장마사지-수원시-권선구-생활권-이동동선-지역정보-이용전-안내/index.html || 중심으로 주변 생활권과 이동 방향을 확인할 수 있도록 정리했습니다. 경기 수원시 권선구 평동 생활권 이용 이용 전 현재 위치와 가까운 지역을 확인해 보세요.","massage/일동-출장마사지-안산시-상록구-생활권-이동동선-지역정보-이용전-안내/index.html || 중심으로 주변 생활권과 이동 방향을 확인할 수 있도록 정리했습니다. 경기 안산시 상록구 일동 생활권 이용 이용 전 현재 위치와 가까운 지역을 확인해 보세요.",""
"DESCRIPTION_TEMPLATE","162","지역SEO","2","기준으로 가까운 생활권과 귀가 외출 동선을 확인할 수 있도록 지역 정보를 구성했습니다 인천 loc loc kw 이용 전 위치 설명과 loc 범위를 확인하는 데 참고하세요","massage/마전동-출장마사지-검단구-생활권-이동동선-지역정보-이용전-안내/index.html || 기준으로 가까운 생활권과 귀가·외출 동선을 확인할 수 있도록 지역 정보를 구성했습니다. 인천 검단구 마전동 출장마사지 이용 전 위치 설명과 이동 범위를 확인하는 데 참고하세요.","massage/부평동-출장마사지-부평구-생활권-이동동선-지역정보-이용전-안내/index.html || 기준으로 가까운 생활권과 귀가·외출 동선을 확인할 수 있도록 지역 정보를 구성했습니다. 인천 부평구 부평동 출장마사지 이용 전 위치 설명과 이동 범위를 확인하는 데 참고하세요.",""
"DESCRIPTION_TEMPLATE","163","지역SEO","2","loc 생활권의 기본적인 loc 방향과 인접 지역 확인 방법을 한 페이지에 정리했습니다 광주 x loc 생활권 이용 이용 전 현재 위치와 지역 범위를 먼저 확인해 보세요","massage/신용동-출장마사지-광주-북구-생활권-이동동선-지역정보-이용전-안내/index.html || 신용동 생활권의 기본적인 이동 방향과 인접 지역 확인 방법을 한 페이지에 정리했습니다. 광주 북구 신용동 생활권 이용 이용 전 현재 위치와 지역 범위를 먼저 확인해 보세요.","massage/진월동-출장마사지-광주-남구-생활권-이동동선-지역정보-이용전-안내/index.html || 진월동 생활권의 기본적인 이동 방향과 인접 지역 확인 방법을 한 페이지에 정리했습니다. 광주 남구 진월동 생활권 이용 이용 전 현재 위치와 지역 범위를 먼저 확인해 보세요.",""
"DESCRIPTION_TEMPLATE","164","지역SEO","2","loc 생활권 안에서 현재 위치와 가까운 지역을 찾기 쉽도록 기본 지역 정보를 구성했습니다 인천 loc loc 생활권 이용 이용 전 loc 방향과 주변 생활권을 확인해 보세요","massage/논현동-출장마사지-남동구-생활권-이동동선-지역정보-이용전-안내/index.html || 논현동 생활권 안에서 현재 위치와 가까운 지역을 찾기 쉽도록 기본 지역 정보를 구성했습니다. 인천 남동구 논현동 생활권 이용 이용 전 이동 방향과 주변 생활권을 확인해 보세요.","massage/도원동-출장마사지-제물포구-생활권-이동동선-지역정보-이용전-안내/index.html || 도원동 생활권 안에서 현재 위치와 가까운 지역을 찾기 쉽도록 기본 지역 정보를 구성했습니다. 인천 제물포구 도원동 생활권 이용 이용 전 이동 방향과 주변 생활권을 확인해 보세요.",""
"DESCRIPTION_TEMPLATE","165","지역SEO","2","loc 생활권 안에서 현재 위치와 가까운 지역을 찾기 쉽도록 기본 지역 정보를 구성했습니다 광주 x loc 지역 이용 이용 전 loc 방향과 주변 생활권을 확인해 보세요","massage/문흥동-출장마사지-광주-북구-생활권-이동동선-지역정보-이용전-안내/index.html || 문흥동 생활권 안에서 현재 위치와 가까운 지역을 찾기 쉽도록 기본 지역 정보를 구성했습니다. 광주 북구 문흥동 지역 이용 이용 전 이동 방향과 주변 생활권을 확인해 보세요.","massage/삼각동-출장마사지-광주-북구-생활권-이동동선-지역정보-이용전-안내/index.html || 삼각동 생활권 안에서 현재 위치와 가까운 지역을 찾기 쉽도록 기본 지역 정보를 구성했습니다. 광주 북구 삼각동 지역 이용 이용 전 이동 방향과 주변 생활권을 확인해 보세요.",""
"DESCRIPTION_TEMPLATE","166","지역SEO","2","loc 생활권 안에서 현재 위치와 가까운 지역을 찾기 쉽도록 기본 지역 정보를 구성했습니다 x loc 생활권 이용 이용 전 loc 방향과 주변 생활권을 확인해 보세요","massage/미성동-출장마사지-군산-생활권-이동동선-지역정보-이용전-안내/index.html || 미성동 생활권 안에서 현재 위치와 가까운 지역을 찾기 쉽도록 기본 지역 정보를 구성했습니다. 군산 미성동 생활권 이용 이용 전 이동 방향과 주변 생활권을 확인해 보세요.","massage/삼안동-출장마사지-김해-생활권-이동동선-지역정보-이용전-안내/index.html || 삼안동 생활권 안에서 현재 위치와 가까운 지역을 찾기 쉽도록 기본 지역 정보를 구성했습니다. 김해 삼안동 생활권 이용 이용 전 이동 방향과 주변 생활권을 확인해 보세요.",""
"DESCRIPTION_TEMPLATE","167","지역SEO","2","중심으로 인접 생활권과 loc 범위를 먼저 살펴볼 수 있도록 지역 안내를 정리했습니다 서울 loc x 지역 이용 이용 전 위치 확인에 참고할 수 있습니다","massage/번동-출장마사지-강북구-생활권-이동동선-지역정보-이용전-안내/index.html || 중심으로 인접 생활권과 이동 범위를 먼저 살펴볼 수 있도록 지역 안내를 정리했습니다. 서울 강북구 번동 지역 이용 이용 전 위치 확인에 참고할 수 있습니다.","massage/목동-출장마사지-양천구-생활권-이동동선-지역정보-이용전-안내/index.html || 중심으로 인접 생활권과 이동 범위를 먼저 살펴볼 수 있도록 지역 안내를 정리했습니다. 서울 양천구 목동 지역 이용 이용 전 위치 확인에 참고할 수 있습니다.",""
"DESCRIPTION_TEMPLATE","168","지역SEO","2","x 주변 생활권을 기준으로 현재 위치와 인접 지역을 확인하는 방법을 정리했습니다 서울 loc x kw 이용 전 지역 선택과 loc 범위를 살펴보세요","massage/능동-출장마사지-광진구-생활권-이동동선-지역정보-이용전-안내/index.html || 능동 주변 생활권을 기준으로 현재 위치와 인접 지역을 확인하는 방법을 정리했습니다. 서울 광진구 능동 출장마사지 이용 전 지역 선택과 이동 범위를 살펴보세요.","massage/성수1가제1동-출장마사지-성동구-생활권-이동동선-지역정보-이용전-안내/index.html || 성수1가제1동 주변 생활권을 기준으로 현재 위치와 인접 지역을 확인하는 방법을 정리했습니다. 서울 성동구 성수1가제1동 출장마사지 이용 전 지역 선택과 이동 범위를 살펴보세요.",""
"DESCRIPTION_TEMPLATE","169","업체상세","2","loc x 개신 x 지역의 x 안내입니다 영업시간 코스와 가격 전화 문자 문의 주변 위치 정보를 확인할 수 있습니다","shops/other/cheongju/seowon-gu/성화.개신.죽림동/S썸바디테라피/index.html || 서원구 성화.개신.죽림동 지역의 S썸바디테라피 안내입니다. 영업시간, 코스와 가격, 전화·문자 문의, 주변 위치 정보를 확인할 수 있습니다.","shops/other/cheongju/seowon-gu/성화.개신.죽림동/레드테라피/index.html || 서원구 성화.개신.죽림동 지역의 레드테라피 안내입니다. 영업시간, 코스와 가격, 전화·문자 문의, 주변 위치 정보를 확인할 수 있습니다.",""
"DESCRIPTION_TEMPLATE","170","지역SEO","2","x 주변의 생활권과 loc 흐름을 먼저 살펴보고 loc 안에서 현재 위치를 설명하기 좋은 기준을 정리했습니다 서울 loc x kw 이용 전 지역 범위와 위치 정보를 확인해 보세요","massage/길동-출장마사지-강동구-생활권-이동동선-지역정보-이용전-안내/index.html || 길동 주변의 생활권과 이동 흐름을 먼저 살펴보고, 강동구 안에서 현재 위치를 설명하기 좋은 기준을 정리했습니다. 서울 강동구 길동 출장마사지 이용 전 지역 범위와 위치 정보를 확인해 보세요.","massage/항동-출장마사지-구로구-생활권-이동동선-지역정보-이용전-안내/index.html || 항동 주변의 생활권과 이동 흐름을 먼저 살펴보고, 구로구 안에서 현재 위치를 설명하기 좋은 기준을 정리했습니다. 서울 구로구 항동 출장마사지 이용 전 지역 범위와 위치 정보를 확인해 보세요.",""
"DESCRIPTION_TEMPLATE","171","지역SEO","2","속한 동들을 기준으로 현재 위치와 인접 생활권을 한눈에 확인할 수 있습니다 loc x kw 이용 전 지역 선택과 loc 범위를 살펴보세요","massage/other/daegu/nam-gu/대구-남구-출장마사지-동별-생활권-지역안내/index.html || 속한 동들을 기준으로 현재 위치와 인접 생활권을 한눈에 확인할 수 있습니다. 대구 남구 출장마사지 이용 전 지역 선택과 이동 범위를 살펴보세요.","massage/other/daegu/seo-gu/대구-서구-출장마사지-동별-생활권-지역안내/index.html || 속한 동들을 기준으로 현재 위치와 인접 생활권을 한눈에 확인할 수 있습니다. 대구 서구 출장마사지 이용 전 지역 선택과 이동 범위를 살펴보세요.",""
"DESCRIPTION_TEMPLATE","172","지역SEO","2","x x 의 읍 면 생활권과 지역 범위를 한곳에서 확인할 수 있도록 정리했습니다 x x kw 이용 전 현재 위치와 가까운 읍 면을 확인해 보세요","massage/other/daegu/gunwi-gun/대구-군위군-출장마사지-읍면-생활권-지역안내/index.html || 대구 군위군의 읍·면 생활권과 지역 범위를 한곳에서 확인할 수 있도록 정리했습니다. 대구 군위군 출장마사지 이용 전 현재 위치와 가까운 읍·면을 확인해 보세요.","massage/other/daegu/dalseong-gun/대구-달성군-출장마사지-읍면-생활권-지역안내/index.html || 대구 달성군의 읍·면 생활권과 지역 범위를 한곳에서 확인할 수 있도록 정리했습니다. 대구 달성군 출장마사지 이용 전 현재 위치와 가까운 읍·면을 확인해 보세요.",""
"DESCRIPTION_TEMPLATE","173","지역SEO","2","loc 주변의 생활권과 loc 흐름을 먼저 살펴보고 loc 안에서 현재 위치를 설명하기 좋은 기준을 정리했습니다 서울 loc loc 지역 이용 이용 전 지역 범위와 위치 정보를 확인해 보세요","massage/세곡동-출장마사지-강남구-생활권-이동동선-지역정보-이용전-안내/index.html || 세곡동 주변의 생활권과 이동 흐름을 먼저 살펴보고, 강남구 안에서 현재 위치를 설명하기 좋은 기준을 정리했습니다. 서울 강남구 세곡동 지역 이용 이용 전 지역 범위와 위치 정보를 확인해 보세요.","massage/한남동-출장마사지-용산구-생활권-이동동선-지역정보-이용전-안내/index.html || 한남동 주변의 생활권과 이동 흐름을 먼저 살펴보고, 용산구 안에서 현재 위치를 설명하기 좋은 기준을 정리했습니다. 서울 용산구 한남동 지역 이용 이용 전 지역 범위와 위치 정보를 확인해 보세요.",""
"DESCRIPTION_TEMPLATE","174","지역SEO","2","중심으로 인접 생활권과 loc 범위를 먼저 살펴볼 수 있도록 지역 안내를 정리했습니다 인천 loc loc kw 이용 전 위치 확인에 참고할 수 있습니다","massage/계산동-출장마사지-계양구-생활권-이동동선-지역정보-이용전-안내/index.html || 중심으로 인접 생활권과 이동 범위를 먼저 살펴볼 수 있도록 지역 안내를 정리했습니다. 인천 계양구 계산동 출장마사지 이용 전 위치 확인에 참고할 수 있습니다.","massage/만수동-출장마사지-남동구-생활권-이동동선-지역정보-이용전-안내/index.html || 중심으로 인접 생활권과 이동 범위를 먼저 살펴볼 수 있도록 지역 안내를 정리했습니다. 인천 남동구 만수동 출장마사지 이용 전 위치 확인에 참고할 수 있습니다.",""
"DESCRIPTION_TEMPLATE","175","지역SEO","2","loc 주변 생활권을 기준으로 현재 위치와 인접 지역을 확인하는 방법을 정리했습니다 인천 loc loc 지역 이용 이용 전 지역 선택과 loc 범위를 살펴보세요","massage/계양동-출장마사지-계양구-생활권-이동동선-지역정보-이용전-안내/index.html || 계양동 주변 생활권을 기준으로 현재 위치와 인접 지역을 확인하는 방법을 정리했습니다. 인천 계양구 계양동 지역 이용 이용 전 지역 선택과 이동 범위를 살펴보세요.","massage/가정동-출장마사지-서해구-생활권-이동동선-지역정보-이용전-안내/index.html || 가정동 주변 생활권을 기준으로 현재 위치와 인접 지역을 확인하는 방법을 정리했습니다. 인천 서해구 가정동 지역 이용 이용 전 지역 선택과 이동 범위를 살펴보세요.",""
"DESCRIPTION_TEMPLATE","176","지역SEO","2","자주 오가는 주거 상업 생활권을 기준으로 위치 확인 방법을 정리했습니다 인천 loc x kw 이용 전 가까운 지역과 loc 범위를 비교할 때 참고할 수 있습니다","massage/작전서운동-출장마사지-계양구-생활권-이동동선-지역정보-이용전-안내/index.html || 자주 오가는 주거·상업 생활권을 기준으로 위치 확인 방법을 정리했습니다. 인천 계양구 작전서운동 출장마사지 이용 전 가까운 지역과 이동 범위를 비교할 때 참고할 수 있습니다.","massage/검암경서동-출장마사지-서해구-생활권-이동동선-지역정보-이용전-안내/index.html || 자주 오가는 주거·상업 생활권을 기준으로 위치 확인 방법을 정리했습니다. 인천 서해구 검암경서동 출장마사지 이용 전 가까운 지역과 이동 범위를 비교할 때 참고할 수 있습니다.",""
"DESCRIPTION_TEMPLATE","177","업체상세","2","loc x 명암 x 지역의 x 안내입니다 영업시간 코스와 가격 전화 문자 문의 주변 위치 정보를 확인할 수 있습니다","shops/other/cheongju/sangdang-gu/용담.명암.산성동/S썸바디테라피/index.html || 상당구 용담.명암.산성동 지역의 S썸바디테라피 안내입니다. 영업시간, 코스와 가격, 전화·문자 문의, 주변 위치 정보를 확인할 수 있습니다.","shops/other/cheongju/sangdang-gu/용담.명암.산성동/레드테라피/index.html || 상당구 용담.명암.산성동 지역의 레드테라피 안내입니다. 영업시간, 코스와 가격, 전화·문자 문의, 주변 위치 정보를 확인할 수 있습니다.",""
"DESCRIPTION_TEMPLATE","178","지역SEO","2","x 주변에서 현재 위치를 파악할 때 필요한 생활권 기준과 지역 선택 방법을 정리했습니다 서울 loc x kw 이용 전 가까운 범위와 이용 정보를 확인할 수 있습니다","massage/금호1가동-출장마사지-성동구-생활권-이동동선-지역정보-이용전-안내/index.html || 금호1가동 주변에서 현재 위치를 파악할 때 필요한 생활권 기준과 지역 선택 방법을 정리했습니다. 서울 성동구 금호1가동 출장마사지 이용 전 가까운 범위와 이용 정보를 확인할 수 있습니다.","massage/용산2가동-출장마사지-용산구-생활권-이동동선-지역정보-이용전-안내/index.html || 용산2가동 주변에서 현재 위치를 파악할 때 필요한 생활권 기준과 지역 선택 방법을 정리했습니다. 서울 용산구 용산2가동 출장마사지 이용 전 가까운 범위와 이용 정보를 확인할 수 있습니다.",""
"DESCRIPTION_TEMPLATE","179","지역SEO","2","자주 오가는 주거 상업 생활권을 기준으로 위치 확인 방법을 정리했습니다 인천 loc loc 지역 이용 이용 전 가까운 지역과 loc 범위를 비교할 때 참고할 수 있습니다","massage/검단동-출장마사지-검단구-생활권-이동동선-지역정보-이용전-안내/index.html || 자주 오가는 주거·상업 생활권을 기준으로 위치 확인 방법을 정리했습니다. 인천 검단구 검단동 지역 이용 이용 전 가까운 지역과 이동 범위를 비교할 때 참고할 수 있습니다.","massage/관교동-출장마사지-미추홀구-생활권-이동동선-지역정보-이용전-안내/index.html || 자주 오가는 주거·상업 생활권을 기준으로 위치 확인 방법을 정리했습니다. 인천 미추홀구 관교동 지역 이용 이용 전 가까운 지역과 이동 범위를 비교할 때 참고할 수 있습니다.",""
"DESCRIPTION_TEMPLATE","180","지역SEO","2","loc 생활권의 기본적인 loc 방향과 인접 지역 확인 방법을 한 페이지에 정리했습니다 인천 loc loc 지역 이용 이용 전 현재 위치와 지역 범위를 먼저 확인해 보세요","massage/당하동-출장마사지-검단구-생활권-이동동선-지역정보-이용전-안내/index.html || 당하동 생활권의 기본적인 이동 방향과 인접 지역 확인 방법을 한 페이지에 정리했습니다. 인천 검단구 당하동 지역 이용 이용 전 현재 위치와 지역 범위를 먼저 확인해 보세요.","massage/부개동-출장마사지-부평구-생활권-이동동선-지역정보-이용전-안내/index.html || 부개동 생활권의 기본적인 이동 방향과 인접 지역 확인 방법을 한 페이지에 정리했습니다. 인천 부평구 부개동 지역 이용 이용 전 현재 위치와 지역 범위를 먼저 확인해 보세요.",""
"DESCRIPTION_TEMPLATE","181","지역SEO","2","자주 오가는 주거 상업 생활권을 기준으로 위치 확인 방법을 정리했습니다 광주 x loc 지역 이용 이용 전 가까운 지역과 loc 범위를 비교할 때 참고할 수 있습니다","massage/동림동-출장마사지-광주-북구-생활권-이동동선-지역정보-이용전-안내/index.html || 자주 오가는 주거·상업 생활권을 기준으로 위치 확인 방법을 정리했습니다. 광주 북구 동림동 지역 이용 이용 전 가까운 지역과 이동 범위를 비교할 때 참고할 수 있습니다.","massage/지원동-출장마사지-광주-동구-생활권-이동동선-지역정보-이용전-안내/index.html || 자주 오가는 주거·상업 생활권을 기준으로 위치 확인 방법을 정리했습니다. 광주 동구 지원동 지역 이용 이용 전 가까운 지역과 이동 범위를 비교할 때 참고할 수 있습니다.",""
"DESCRIPTION_TEMPLATE","182","지역SEO","2","자주 오가는 주거 상업 생활권을 기준으로 위치 확인 방법을 정리했습니다 대전 x loc kw 이용 전 가까운 지역과 loc 범위를 비교할 때 참고할 수 있습니다","massage/기성동-출장마사지-대전-서구-생활권-이동동선-지역정보-이용전-안내/index.html || 자주 오가는 주거·상업 생활권을 기준으로 위치 확인 방법을 정리했습니다. 대전 서구 기성동 출장마사지 이용 전 가까운 지역과 이동 범위를 비교할 때 참고할 수 있습니다.","massage/삼성동-출장마사지-대전-동구-생활권-이동동선-지역정보-이용전-안내/index.html || 자주 오가는 주거·상업 생활권을 기준으로 위치 확인 방법을 정리했습니다. 대전 동구 삼성동 출장마사지 이용 전 가까운 지역과 이동 범위를 비교할 때 참고할 수 있습니다.",""
"DESCRIPTION_TEMPLATE","183","지역SEO","2","주거권과 일상 loc 범위를 중심으로 지역 정보를 먼저 확인할 수 있게 정리했습니다 loc x loc kw 이용 전 위치와 인접 생활권을 비교해 보세요","massage/공산동-출장마사지-대구-동구-생활권-이동동선-지역정보-이용전-안내/index.html || 주거권과 일상 이동 범위를 중심으로 지역 정보를 먼저 확인할 수 있게 정리했습니다. 대구 동구 공산동 출장마사지 이용 전 위치와 인접 생활권을 비교해 보세요.","massage/태전동-출장마사지-대구-북구-생활권-이동동선-지역정보-이용전-안내/index.html || 주거권과 일상 이동 범위를 중심으로 지역 정보를 먼저 확인할 수 있게 정리했습니다. 대구 북구 태전동 출장마사지 이용 전 위치와 인접 생활권을 비교해 보세요.",""
"DESCRIPTION_TEMPLATE","184","지역SEO","2","x 생활권의 기본적인 loc 방향과 인접 지역 확인 방법을 한 페이지에 정리했습니다 대전 loc x kw 이용 전 현재 위치와 지역 범위를 먼저 확인해 보세요","massage/내동-출장마사지-대전-서구-생활권-이동동선-지역정보-이용전-안내/index.html || 내동 생활권의 기본적인 이동 방향과 인접 지역 확인 방법을 한 페이지에 정리했습니다. 대전 서구 내동 출장마사지 이용 전 현재 위치와 지역 범위를 먼저 확인해 보세요.","massage/효동-출장마사지-대전-동구-생활권-이동동선-지역정보-이용전-안내/index.html || 효동 생활권의 기본적인 이동 방향과 인접 지역 확인 방법을 한 페이지에 정리했습니다. 대전 동구 효동 출장마사지 이용 전 현재 위치와 지역 범위를 먼저 확인해 보세요.",""
"DESCRIPTION_TEMPLATE","185","지역SEO","2","주거권과 일상 loc 범위를 중심으로 지역 정보를 먼저 확인할 수 있게 정리했습니다 x x loc 생활권 이용 이용 전 위치와 인접 생활권을 비교해 보세요","massage/자산동-출장마사지-창원-마산합포구-생활권-이동동선-지역정보-이용전-안내/index.html || 주거권과 일상 이동 범위를 중심으로 지역 정보를 먼저 확인할 수 있게 정리했습니다. 창원 마산합포구 자산동 생활권 이용 이용 전 위치와 인접 생활권을 비교해 보세요.","massage/합포동-출장마사지-창원-마산합포구-생활권-이동동선-지역정보-이용전-안내/index.html || 주거권과 일상 이동 범위를 중심으로 지역 정보를 먼저 확인할 수 있게 정리했습니다. 창원 마산합포구 합포동 생활권 이용 이용 전 위치와 인접 생활권을 비교해 보세요.",""
"DESCRIPTION_TEMPLATE","186","지역SEO","2","loc 주변의 생활권과 loc 흐름을 먼저 살펴보고 현재 위치를 설명하기 좋은 기준을 정리했습니다 loc x loc 생활권 이용 이용 전 지역 범위와 위치 정보를 확인해 보세요","massage/구암동-출장마사지-대구-북구-생활권-이동동선-지역정보-이용전-안내/index.html || 구암동 주변의 생활권과 이동 흐름을 먼저 살펴보고 현재 위치를 설명하기 좋은 기준을 정리했습니다. 대구 북구 구암동 생활권 이용 이용 전 지역 범위와 위치 정보를 확인해 보세요.","massage/해안동-출장마사지-대구-동구-생활권-이동동선-지역정보-이용전-안내/index.html || 해안동 주변의 생활권과 이동 흐름을 먼저 살펴보고 현재 위치를 설명하기 좋은 기준을 정리했습니다. 대구 동구 해안동 생활권 이용 이용 전 지역 범위와 위치 정보를 확인해 보세요.",""
"DESCRIPTION_TEMPLATE","187","지역SEO","2","자주 오가는 주거 상업 생활권을 기준으로 위치 확인 방법을 정리했습니다 loc x loc kw 이용 전 가까운 지역과 loc 범위를 비교할 때 참고할 수 있습니다","massage/국우동-출장마사지-대구-북구-생활권-이동동선-지역정보-이용전-안내/index.html || 자주 오가는 주거·상업 생활권을 기준으로 위치 확인 방법을 정리했습니다. 대구 북구 국우동 출장마사지 이용 전 가까운 지역과 이동 범위를 비교할 때 참고할 수 있습니다.","massage/지저동-출장마사지-대구-동구-생활권-이동동선-지역정보-이용전-안내/index.html || 자주 오가는 주거·상업 생활권을 기준으로 위치 확인 방법을 정리했습니다. 대구 동구 지저동 출장마사지 이용 전 가까운 지역과 이동 범위를 비교할 때 참고할 수 있습니다.",""
"DESCRIPTION_TEMPLATE","188","지역SEO","2","다른 생활권으로 이동할 때 참고하기 좋은 지역 기준과 위치 확인 항목을 정리했습니다 loc x loc kw 이용 전 지역 범위를 확인하는 안내입니다","massage/관문동-출장마사지-대구-북구-생활권-이동동선-지역정보-이용전-안내/index.html || 다른 생활권으로 이동할 때 참고하기 좋은 지역 기준과 위치 확인 항목을 정리했습니다. 대구 북구 관문동 출장마사지 이용 전 지역 범위를 확인하는 안내입니다.","massage/대명동-출장마사지-대구-남구-생활권-이동동선-지역정보-이용전-안내/index.html || 다른 생활권으로 이동할 때 참고하기 좋은 지역 기준과 위치 확인 항목을 정리했습니다. 대구 남구 대명동 출장마사지 이용 전 지역 범위를 확인하는 안내입니다.",""
"DESCRIPTION_TEMPLATE","189","지역SEO","2","주거권과 일상 loc 범위를 중심으로 지역 정보를 먼저 확인할 수 있게 정리했습니다 대전 x loc 생활권 이용 이용 전 위치와 인접 생활권을 비교해 보세요","massage/관저동-출장마사지-대전-서구-생활권-이동동선-지역정보-이용전-안내/index.html || 주거권과 일상 이동 범위를 중심으로 지역 정보를 먼저 확인할 수 있게 정리했습니다. 대전 서구 관저동 생활권 이용 이용 전 위치와 인접 생활권을 비교해 보세요.","massage/만년동-출장마사지-대전-서구-생활권-이동동선-지역정보-이용전-안내/index.html || 주거권과 일상 이동 범위를 중심으로 지역 정보를 먼저 확인할 수 있게 정리했습니다. 대전 서구 만년동 생활권 이용 이용 전 위치와 인접 생활권을 비교해 보세요.",""
"DESCRIPTION_TEMPLATE","190","지역SEO","2","loc 주변의 생활권과 loc 흐름을 먼저 살펴보고 현재 위치를 설명하기 좋은 기준을 정리했습니다 x loc kw 이용 전 지역 범위와 위치 정보를 확인해 보세요","massage/소담동-출장마사지-세종-생활권-이동동선-지역정보-이용전-안내/index.html || 소담동 주변의 생활권과 이동 흐름을 먼저 살펴보고 현재 위치를 설명하기 좋은 기준을 정리했습니다. 세종 소담동 출장마사지 이용 전 지역 범위와 위치 정보를 확인해 보세요.","massage/흥남동-출장마사지-군산-생활권-이동동선-지역정보-이용전-안내/index.html || 흥남동 주변의 생활권과 이동 흐름을 먼저 살펴보고 현재 위치를 설명하기 좋은 기준을 정리했습니다. 군산 흥남동 출장마사지 이용 전 지역 범위와 위치 정보를 확인해 보세요.",""
"DESCRIPTION_TEMPLATE","191","지역SEO","2","기준으로 가까운 생활권과 귀가 외출 동선을 확인할 수 있도록 지역 정보를 구성했습니다 x loc 생활권 이용 이용 전 위치 설명과 loc 범위를 확인하는 데 참고하세요","massage/종촌동-출장마사지-세종-생활권-이동동선-지역정보-이용전-안내/index.html || 기준으로 가까운 생활권과 귀가·외출 동선을 확인할 수 있도록 지역 정보를 구성했습니다. 세종 종촌동 생활권 이용 이용 전 위치 설명과 이동 범위를 확인하는 데 참고하세요.","massage/동상동-출장마사지-김해-생활권-이동동선-지역정보-이용전-안내/index.html || 기준으로 가까운 생활권과 귀가·외출 동선을 확인할 수 있도록 지역 정보를 구성했습니다. 김해 동상동 생활권 이용 이용 전 위치 설명과 이동 범위를 확인하는 데 참고하세요.",""
"DESCRIPTION_TEMPLATE","192","지역SEO","2","기준으로 가까운 생활권과 귀가 외출 동선을 확인할 수 있도록 지역 정보를 구성했습니다 x loc 지역 이용 이용 전 위치 설명과 loc 범위를 확인하는 데 참고하세요","massage/대평동-출장마사지-세종-생활권-이동동선-지역정보-이용전-안내/index.html || 기준으로 가까운 생활권과 귀가·외출 동선을 확인할 수 있도록 지역 정보를 구성했습니다. 세종 대평동 지역 이용 이용 전 위치 설명과 이동 범위를 확인하는 데 참고하세요.","massage/개정동-출장마사지-군산-생활권-이동동선-지역정보-이용전-안내/index.html || 기준으로 가까운 생활권과 귀가·외출 동선을 확인할 수 있도록 지역 정보를 구성했습니다. 군산 개정동 지역 이용 이용 전 위치 설명과 이동 범위를 확인하는 데 참고하세요.",""
"DESCRIPTION_TEMPLATE","193","지역SEO","2","주거권과 일상 loc 범위를 중심으로 지역 정보를 먼저 확인할 수 있게 정리했습니다 대전 x loc kw 이용 전 위치와 인접 생활권을 비교해 보세요","massage/성남동-출장마사지-대전-동구-생활권-이동동선-지역정보-이용전-안내/index.html || 주거권과 일상 이동 범위를 중심으로 지역 정보를 먼저 확인할 수 있게 정리했습니다. 대전 동구 성남동 출장마사지 이용 전 위치와 인접 생활권을 비교해 보세요.","massage/자양동-출장마사지-대전-동구-생활권-이동동선-지역정보-이용전-안내/index.html || 주거권과 일상 이동 범위를 중심으로 지역 정보를 먼저 확인할 수 있게 정리했습니다. 대전 동구 자양동 출장마사지 이용 전 위치와 인접 생활권을 비교해 보세요.",""
"DESCRIPTION_TEMPLATE","194","지역SEO","2","다른 생활권으로 이동할 때 참고하기 좋은 지역 기준과 위치 확인 항목을 정리했습니다 대전 x loc kw 이용 전 지역 범위를 확인하는 안내입니다","massage/대청동-출장마사지-대전-동구-생활권-이동동선-지역정보-이용전-안내/index.html || 다른 생활권으로 이동할 때 참고하기 좋은 지역 기준과 위치 확인 항목을 정리했습니다. 대전 동구 대청동 출장마사지 이용 전 지역 범위를 확인하는 안내입니다.","massage/판암동-출장마사지-대전-동구-생활권-이동동선-지역정보-이용전-안내/index.html || 다른 생활권으로 이동할 때 참고하기 좋은 지역 기준과 위치 확인 항목을 정리했습니다. 대전 동구 판암동 출장마사지 이용 전 지역 범위를 확인하는 안내입니다.",""
"DESCRIPTION_TEMPLATE","195","지역SEO","2","loc 주변에서 현재 위치를 파악할 때 필요한 생활권 기준과 지역 선택 방법을 정리했습니다 x x loc 생활권 이용 이용 전 가까운 범위와 이용 정보를 확인할 수 있습니다","massage/오동동-출장마사지-창원-마산합포구-생활권-이동동선-지역정보-이용전-안내/index.html || 오동동 주변에서 현재 위치를 파악할 때 필요한 생활권 기준과 지역 선택 방법을 정리했습니다. 창원 마산합포구 오동동 생활권 이용 이용 전 가까운 범위와 이용 정보를 확인할 수 있습니다.","massage/합성동-출장마사지-창원-마산회원구-생활권-이동동선-지역정보-이용전-안내/index.html || 합성동 주변에서 현재 위치를 파악할 때 필요한 생활권 기준과 지역 선택 방법을 정리했습니다. 창원 마산회원구 합성동 생활권 이용 이용 전 가까운 범위와 이용 정보를 확인할 수 있습니다.",""
"DESCRIPTION_TEMPLATE","196","지역SEO","2","loc 주변에서 현재 위치를 파악할 때 필요한 생활권 기준과 지역 선택 방법을 정리했습니다 대전 x loc 지역 이용 이용 전 가까운 범위와 이용 정보를 확인할 수 있습니다","massage/복수동-출장마사지-대전-서구-생활권-이동동선-지역정보-이용전-안내/index.html || 복수동 주변에서 현재 위치를 파악할 때 필요한 생활권 기준과 지역 선택 방법을 정리했습니다. 대전 서구 복수동 지역 이용 이용 전 가까운 범위와 이용 정보를 확인할 수 있습니다.","massage/탄방동-출장마사지-대전-서구-생활권-이동동선-지역정보-이용전-안내/index.html || 탄방동 주변에서 현재 위치를 파악할 때 필요한 생활권 기준과 지역 선택 방법을 정리했습니다. 대전 서구 탄방동 지역 이용 이용 전 가까운 범위와 이용 정보를 확인할 수 있습니다.",""
"DESCRIPTION_TEMPLATE","197","지역SEO","2","loc 주변의 생활권과 loc 흐름을 먼저 살펴보고 현재 위치를 설명하기 좋은 기준을 정리했습니다 대전 x loc 지역 이용 이용 전 지역 범위와 위치 정보를 확인해 보세요","massage/대흥동-출장마사지-대전-중구-생활권-이동동선-지역정보-이용전-안내/index.html || 대흥동 주변의 생활권과 이동 흐름을 먼저 살펴보고 현재 위치를 설명하기 좋은 기준을 정리했습니다. 대전 중구 대흥동 지역 이용 이용 전 지역 범위와 위치 정보를 확인해 보세요.","massage/신인동-출장마사지-대전-동구-생활권-이동동선-지역정보-이용전-안내/index.html || 신인동 주변의 생활권과 이동 흐름을 먼저 살펴보고 현재 위치를 설명하기 좋은 기준을 정리했습니다. 대전 동구 신인동 지역 이용 이용 전 지역 범위와 위치 정보를 확인해 보세요.",""
"DESCRIPTION_TEMPLATE","198","지역SEO","2","loc 생활권의 기본적인 loc 방향과 인접 지역 확인 방법을 한 페이지에 정리했습니다 loc x loc 지역 이용 이용 전 현재 위치와 지역 범위를 먼저 확인해 보세요","massage/남산동-출장마사지-대구-중구-생활권-이동동선-지역정보-이용전-안내/index.html || 남산동 생활권의 기본적인 이동 방향과 인접 지역 확인 방법을 한 페이지에 정리했습니다. 대구 중구 남산동 지역 이용 이용 전 현재 위치와 지역 범위를 먼저 확인해 보세요.","massage/신암동-출장마사지-대구-동구-생활권-이동동선-지역정보-이용전-안내/index.html || 신암동 생활권의 기본적인 이동 방향과 인접 지역 확인 방법을 한 페이지에 정리했습니다. 대구 동구 신암동 지역 이용 이용 전 현재 위치와 지역 범위를 먼저 확인해 보세요.",""
"DESCRIPTION_TEMPLATE","199","지역SEO","2","loc 생활권의 기본적인 loc 방향과 인접 지역 확인 방법을 한 페이지에 정리했습니다 인천 loc loc kw 이용 전 현재 위치와 지역 범위를 먼저 확인해 보세요","massage/석남동-출장마사지-서해구-생활권-이동동선-지역정보-이용전-안내/index.html || 석남동 생활권의 기본적인 이동 방향과 인접 지역 확인 방법을 한 페이지에 정리했습니다. 인천 서해구 석남동 출장마사지 이용 전 현재 위치와 지역 범위를 먼저 확인해 보세요.","massage/송현동-출장마사지-제물포구-생활권-이동동선-지역정보-이용전-안내/index.html || 송현동 생활권의 기본적인 이동 방향과 인접 지역 확인 방법을 한 페이지에 정리했습니다. 인천 제물포구 송현동 출장마사지 이용 전 현재 위치와 지역 범위를 먼저 확인해 보세요.",""
"DESCRIPTION_TEMPLATE","200","지역SEO","2","중심으로 인접 생활권과 loc 범위를 먼저 살펴볼 수 있도록 지역 안내를 정리했습니다 인천 loc loc 생활권 이용 이용 전 위치 확인에 참고할 수 있습니다","massage/청천동-출장마사지-부평구-생활권-이동동선-지역정보-이용전-안내/index.html || 중심으로 인접 생활권과 이동 범위를 먼저 살펴볼 수 있도록 지역 안내를 정리했습니다. 인천 부평구 청천동 생활권 이용 이용 전 위치 확인에 참고할 수 있습니다.","massage/동인천동-출장마사지-제물포구-생활권-이동동선-지역정보-이용전-안내/index.html || 중심으로 인접 생활권과 이동 범위를 먼저 살펴볼 수 있도록 지역 안내를 정리했습니다. 인천 제물포구 동인천동 생활권 이용 이용 전 위치 확인에 참고할 수 있습니다.",""
"DESCRIPTION_TEMPLATE","201","지역SEO","2","기준으로 가까운 생활권과 귀가 외출 동선을 확인할 수 있도록 지역 정보를 구성했습니다 대전 x loc kw 이용 전 위치 설명과 loc 범위를 확인하는 데 참고하세요","massage/가장동-출장마사지-대전-서구-생활권-이동동선-지역정보-이용전-안내/index.html || 기준으로 가까운 생활권과 귀가·외출 동선을 확인할 수 있도록 지역 정보를 구성했습니다. 대전 서구 가장동 출장마사지 이용 전 위치 설명과 이동 범위를 확인하는 데 참고하세요.","massage/도안동-출장마사지-대전-서구-생활권-이동동선-지역정보-이용전-안내/index.html || 기준으로 가까운 생활권과 귀가·외출 동선을 확인할 수 있도록 지역 정보를 구성했습니다. 대전 서구 도안동 출장마사지 이용 전 위치 설명과 이동 범위를 확인하는 데 참고하세요.",""
"DESCRIPTION_TEMPLATE","202","지역SEO","2","loc 주변의 생활권과 loc 흐름을 먼저 살펴보고 현재 위치를 설명하기 좋은 기준을 정리했습니다 x loc 생활권 이용 이용 전 지역 범위와 위치 정보를 확인해 보세요","massage/월송동-출장마사지-공주-생활권-이동동선-지역정보-이용전-안내/index.html || 월송동 주변의 생활권과 이동 흐름을 먼저 살펴보고 현재 위치를 설명하기 좋은 기준을 정리했습니다. 공주 월송동 생활권 이용 이용 전 지역 범위와 위치 정보를 확인해 보세요.","massage/장유동-출장마사지-김해-생활권-이동동선-지역정보-이용전-안내/index.html || 장유동 주변의 생활권과 이동 흐름을 먼저 살펴보고 현재 위치를 설명하기 좋은 기준을 정리했습니다. 김해 장유동 생활권 이용 이용 전 지역 범위와 위치 정보를 확인해 보세요.",""
"DESCRIPTION_TEMPLATE","203","지역SEO","2","자주 오가는 주거 상업 생활권을 기준으로 위치 확인 방법을 정리했습니다 인천 loc loc 생활권 이용 이용 전 가까운 지역과 loc 범위를 비교할 때 참고할 수 있습니다","massage/갈산동-출장마사지-부평구-생활권-이동동선-지역정보-이용전-안내/index.html || 자주 오가는 주거·상업 생활권을 기준으로 위치 확인 방법을 정리했습니다. 인천 부평구 갈산동 생활권 이용 이용 전 가까운 지역과 이동 범위를 비교할 때 참고할 수 있습니다.","massage/청학동-출장마사지-연수구-생활권-이동동선-지역정보-이용전-안내/index.html || 자주 오가는 주거·상업 생활권을 기준으로 위치 확인 방법을 정리했습니다. 인천 연수구 청학동 생활권 이용 이용 전 가까운 지역과 이동 범위를 비교할 때 참고할 수 있습니다.",""
"DESCRIPTION_TEMPLATE","204","지역SEO","2","다른 생활권으로 이동할 때 참고하기 좋은 지역 기준과 위치 확인 항목을 정리했습니다 광주 x loc 생활권 이용 이용 전 지역 범위를 확인하는 안내입니다","massage/대촌동-출장마사지-광주-남구-생활권-이동동선-지역정보-이용전-안내/index.html || 다른 생활권으로 이동할 때 참고하기 좋은 지역 기준과 위치 확인 항목을 정리했습니다. 광주 남구 대촌동 생활권 이용 이용 전 지역 범위를 확인하는 안내입니다.","massage/운암동-출장마사지-광주-북구-생활권-이동동선-지역정보-이용전-안내/index.html || 다른 생활권으로 이동할 때 참고하기 좋은 지역 기준과 위치 확인 항목을 정리했습니다. 광주 북구 운암동 생활권 이용 이용 전 지역 범위를 확인하는 안내입니다.",""
"DESCRIPTION_TEMPLATE","205","지역SEO","2","loc 생활권의 기본적인 loc 방향과 인접 지역 확인 방법을 한 페이지에 정리했습니다 광주 x loc kw 이용 전 현재 위치와 지역 범위를 먼저 확인해 보세요","massage/계림동-출장마사지-광주-동구-생활권-이동동선-지역정보-이용전-안내/index.html || 계림동 생활권의 기본적인 이동 방향과 인접 지역 확인 방법을 한 페이지에 정리했습니다. 광주 동구 계림동 출장마사지 이용 전 현재 위치와 지역 범위를 먼저 확인해 보세요.","massage/일곡동-출장마사지-광주-북구-생활권-이동동선-지역정보-이용전-안내/index.html || 일곡동 생활권의 기본적인 이동 방향과 인접 지역 확인 방법을 한 페이지에 정리했습니다. 광주 북구 일곡동 출장마사지 이용 전 현재 위치와 지역 범위를 먼저 확인해 보세요.",""
"DESCRIPTION_TEMPLATE","206","지역SEO","2","loc 생활권 안에서 현재 위치와 가까운 지역을 찾기 쉽도록 기본 지역 정보를 구성했습니다 인천 loc loc kw 이용 전 loc 방향과 주변 생활권을 확인해 보세요","massage/일신동-출장마사지-부평구-생활권-이동동선-지역정보-이용전-안내/index.html || 일신동 생활권 안에서 현재 위치와 가까운 지역을 찾기 쉽도록 기본 지역 정보를 구성했습니다. 인천 부평구 일신동 출장마사지 이용 전 이동 방향과 주변 생활권을 확인해 보세요.","massage/선학동-출장마사지-연수구-생활권-이동동선-지역정보-이용전-안내/index.html || 선학동 생활권 안에서 현재 위치와 가까운 지역을 찾기 쉽도록 기본 지역 정보를 구성했습니다. 인천 연수구 선학동 출장마사지 이용 전 이동 방향과 주변 생활권을 확인해 보세요.",""
"DESCRIPTION_TEMPLATE","207","지역SEO","2","loc 주변에서 현재 위치를 파악할 때 필요한 생활권 기준과 지역 선택 방법을 정리했습니다 loc x loc 지역 이용 이용 전 가까운 범위와 이용 정보를 확인할 수 있습니다","massage/동인동-출장마사지-대구-중구-생활권-이동동선-지역정보-이용전-안내/index.html || 동인동 주변에서 현재 위치를 파악할 때 필요한 생활권 기준과 지역 선택 방법을 정리했습니다. 대구 중구 동인동 지역 이용 이용 전 가까운 범위와 이용 정보를 확인할 수 있습니다.","massage/침산동-출장마사지-대구-북구-생활권-이동동선-지역정보-이용전-안내/index.html || 침산동 주변에서 현재 위치를 파악할 때 필요한 생활권 기준과 지역 선택 방법을 정리했습니다. 대구 북구 침산동 지역 이용 이용 전 가까운 범위와 이용 정보를 확인할 수 있습니다.",""
"DESCRIPTION_TEMPLATE","208","지역SEO","2","주거권과 일상 loc 범위를 중심으로 지역 정보를 먼저 확인할 수 있게 정리했습니다 loc x loc 지역 이용 이용 전 위치와 인접 생활권을 비교해 보세요","massage/동천동-출장마사지-대구-북구-생활권-이동동선-지역정보-이용전-안내/index.html || 주거권과 일상 이동 범위를 중심으로 지역 정보를 먼저 확인할 수 있게 정리했습니다. 대구 북구 동천동 지역 이용 이용 전 위치와 인접 생활권을 비교해 보세요.","massage/안심동-출장마사지-대구-동구-생활권-이동동선-지역정보-이용전-안내/index.html || 주거권과 일상 이동 범위를 중심으로 지역 정보를 먼저 확인할 수 있게 정리했습니다. 대구 동구 안심동 지역 이용 이용 전 위치와 인접 생활권을 비교해 보세요.",""
"DESCRIPTION_TEMPLATE","209","지역SEO","2","주거권과 일상 loc 범위를 중심으로 지역 정보를 먼저 확인할 수 있게 정리했습니다 loc x loc 생활권 이용 이용 전 위치와 인접 생활권을 비교해 보세요","massage/노원동-출장마사지-대구-북구-생활권-이동동선-지역정보-이용전-안내/index.html || 주거권과 일상 이동 범위를 중심으로 지역 정보를 먼저 확인할 수 있게 정리했습니다. 대구 북구 노원동 생활권 이용 이용 전 위치와 인접 생활권을 비교해 보세요.","massage/비산동-출장마사지-대구-서구-생활권-이동동선-지역정보-이용전-안내/index.html || 주거권과 일상 이동 범위를 중심으로 지역 정보를 먼저 확인할 수 있게 정리했습니다. 대구 서구 비산동 생활권 이용 이용 전 위치와 인접 생활권을 비교해 보세요.",""
"DESCRIPTION_TEMPLATE","210","지역SEO","2","기준으로 가까운 생활권과 귀가 외출 동선을 확인할 수 있도록 지역 정보를 구성했습니다 loc x loc 생활권 이용 이용 전 위치 설명과 loc 범위를 확인하는 데 참고하세요","massage/도평동-출장마사지-대구-동구-생활권-이동동선-지역정보-이용전-안내/index.html || 기준으로 가까운 생활권과 귀가·외출 동선을 확인할 수 있도록 지역 정보를 구성했습니다. 대구 동구 도평동 생활권 이용 이용 전 위치 설명과 이동 범위를 확인하는 데 참고하세요.","massage/칠성동-출장마사지-대구-북구-생활권-이동동선-지역정보-이용전-안내/index.html || 기준으로 가까운 생활권과 귀가·외출 동선을 확인할 수 있도록 지역 정보를 구성했습니다. 대구 북구 칠성동 생활권 이용 이용 전 위치 설명과 이동 범위를 확인하는 데 참고하세요.",""
"DESCRIPTION_TEMPLATE","211","지역SEO","2","loc 생활권 안에서 현재 위치와 가까운 지역을 찾기 쉽도록 기본 지역 정보를 구성했습니다 loc x loc 지역 이용 이용 전 loc 방향과 주변 생활권을 확인해 보세요","massage/복현동-출장마사지-대구-북구-생활권-이동동선-지역정보-이용전-안내/index.html || 복현동 생활권 안에서 현재 위치와 가까운 지역을 찾기 쉽도록 기본 지역 정보를 구성했습니다. 대구 북구 복현동 지역 이용 이용 전 이동 방향과 주변 생활권을 확인해 보세요.","massage/평리동-출장마사지-대구-서구-생활권-이동동선-지역정보-이용전-안내/index.html || 평리동 생활권 안에서 현재 위치와 가까운 지역을 찾기 쉽도록 기본 지역 정보를 구성했습니다. 대구 서구 평리동 지역 이용 이용 전 이동 방향과 주변 생활권을 확인해 보세요.",""
"DESCRIPTION_TEMPLATE","212","지역SEO","2","loc 주변에서 현재 위치를 파악할 때 필요한 생활권 기준과 지역 선택 방법을 정리했습니다 x loc 지역 이용 이용 전 가까운 범위와 이용 정보를 확인할 수 있습니다","massage/금학동-출장마사지-공주-생활권-이동동선-지역정보-이용전-안내/index.html || 금학동 주변에서 현재 위치를 파악할 때 필요한 생활권 기준과 지역 선택 방법을 정리했습니다. 공주 금학동 지역 이용 이용 전 가까운 범위와 이용 정보를 확인할 수 있습니다.","massage/부원동-출장마사지-김해-생활권-이동동선-지역정보-이용전-안내/index.html || 부원동 주변에서 현재 위치를 파악할 때 필요한 생활권 기준과 지역 선택 방법을 정리했습니다. 김해 부원동 지역 이용 이용 전 가까운 범위와 이용 정보를 확인할 수 있습니다.",""
"DESCRIPTION_TEMPLATE","213","지역SEO","2","다른 생활권으로 이동할 때 참고하기 좋은 지역 기준과 위치 확인 항목을 정리했습니다 loc x loc 생활권 이용 이용 전 지역 범위를 확인하는 안내입니다","massage/동촌동-출장마사지-대구-동구-생활권-이동동선-지역정보-이용전-안내/index.html || 다른 생활권으로 이동할 때 참고하기 좋은 지역 기준과 위치 확인 항목을 정리했습니다. 대구 동구 동촌동 생활권 이용 이용 전 지역 범위를 확인하는 안내입니다.","massage/산격동-출장마사지-대구-북구-생활권-이동동선-지역정보-이용전-안내/index.html || 다른 생활권으로 이동할 때 참고하기 좋은 지역 기준과 위치 확인 항목을 정리했습니다. 대구 북구 산격동 생활권 이용 이용 전 지역 범위를 확인하는 안내입니다.",""
"DESCRIPTION_TEMPLATE","214","지역SEO","2","loc 생활권의 기본적인 loc 방향과 인접 지역 확인 방법을 한 페이지에 정리했습니다 x loc loc 생활권 이용 이용 전 현재 위치와 지역 범위를 먼저 확인해 보세요","massage/만촌동-출장마사지-대구-수성구-생활권-이동동선-지역정보-이용전-안내/index.html || 만촌동 생활권의 기본적인 이동 방향과 인접 지역 확인 방법을 한 페이지에 정리했습니다. 대구 수성구 만촌동 생활권 이용 이용 전 현재 위치와 지역 범위를 먼저 확인해 보세요.","massage/황금동-출장마사지-대구-수성구-생활권-이동동선-지역정보-이용전-안내/index.html || 황금동 생활권의 기본적인 이동 방향과 인접 지역 확인 방법을 한 페이지에 정리했습니다. 대구 수성구 황금동 생활권 이용 이용 전 현재 위치와 지역 범위를 먼저 확인해 보세요.",""
