"업체명","적용지역","광역지역","상위지역","하위지역","대표역","대표역주소","역노선","위치표시","주소표시","역선정방식","역거리km","계산상가까운역","계산거리km"
"","경기","경기","가평군","가평읍","가평역","경기도 가평군 가평읍 문화로 13-42(달전리 567)","경춘선","가평역 인근","경기도 가평군 가평읍 문화로 13-42(달전리 567)","좌표최단거리","1.31","가평역","1.31"
"","경기","경기","가평군","북면","","","","북면 중심","경기 가평군 북면","지역중심","","굴봉산역","11.29"
"","경기","경기","가평군","상면","","","","상면 중심","경기 가평군 상면","지역중심","","청평역","10.03"
"","경기","경기","가평군","설악면","","","","설악면 중심","경기 가평군 설악면","지역중심","","청평역","10.98"
"","경기","경기","가평군","조종면","","","","조종면 중심","경기 가평군 조종면","지역중심","","상천역","11.86"
"","경기","경기","가평군","청평면","청평역","경기도 가평군 청평면 청평역로 97-33(청평리 125-1)","경춘선","청평역 인근","경기도 가평군 청평면 청평역로 97-33(청평리 125-1)","좌표최단거리","1.09","청평역","1.09"
"","경기","경기","고양시","일산동","일산역","경기도 고양시 일산서구 경의로 672","경의중앙선","일산역 인근","경기도 고양시 일산서구 경의로 672","좌표최단거리","0.25","일산역","0.25"
"","경기","경기","고양시-덕양구","고양동","삼송역","경기도 고양시 덕양구 삼송로 194","일산선","삼송역 인근","경기도 고양시 덕양구 삼송로 194","좌표최단거리","6.23","삼송역","6.23"
"","경기","경기","고양시-덕양구","관산동","원당역","경기도 고양시 덕양구 덕양대로 1429(성사1동 4100-7)","일산선","원당역 인근","경기도 고양시 덕양구 덕양대로 1429(성사1동 4100-7)","좌표최단거리","5.26","원당역","5.26"
"","경기","경기","고양시-덕양구","능곡동","대곡역","경기도 고양시 덕양구 대주로 107번길 71-81(대장동 420-1)","서해선","대곡역 인근","경기도 고양시 덕양구 대주로 107번길 71-81(대장동 420-1)","좌표최단거리","0.60","대곡역","0.60"
"","경기","경기","고양시-덕양구","대덕동","한국항공대역","경기도 고양시 덕양구 화랑로 53(화전동 183-10)","경의중앙선","한국항공대역 인근","경기도 고양시 덕양구 화랑로 53(화전동 183-10)","좌표최단거리","2.00","한국항공대역","2.00"
"","경기","경기","고양시-덕양구","삼송동","삼송역","경기도 고양시 덕양구 삼송로 194","일산선","삼송역 인근","경기도 고양시 덕양구 삼송로 194","좌표최단거리","0.53","삼송역","0.53"
"","경기","경기","고양시-덕양구","성사동","원당역","경기도 고양시 덕양구 덕양대로 1429(성사1동 4100-7)","일산선","원당역 인근","경기도 고양시 덕양구 덕양대로 1429(성사1동 4100-7)","좌표최단거리","0.38","원당역","0.38"
"","경기","경기","고양시-덕양구","원신동","원흥역","경기도 고양시 덕양구 권율대로 681 (원흥동, 원흥역) 원흥역","일산선","원흥역 인근","경기도 고양시 덕양구 권율대로 681 (원흥동, 원흥역) 원흥역","좌표최단거리","2.19","원흥역","2.19"
"","경기","경기","고양시-덕양구","주교동","원당역","경기도 고양시 덕양구 덕양대로 1429(성사1동 4100-7)","일산선","원당역 인근","경기도 고양시 덕양구 덕양대로 1429(성사1동 4100-7)","좌표최단거리","1.61","원당역","1.61"
"","경기","경기","고양시-덕양구","창릉동","구파발역","서울특별시 은평구 진관2로 지하15-25 (진관동)","3호선","구파발역 인근","서울특별시 은평구 진관2로 지하15-25 (진관동)","좌표최단거리","2.52","구파발역","2.52"
"","경기","경기","고양시-덕양구","행신동","행신역","경기도 고양시 덕양구 행신동 충경로 124번지(행신2동 812)","경의중앙선","행신역 인근","경기도 고양시 덕양구 행신동 충경로 124번지(행신2동 812)","좌표최단거리","0.86","행신역","0.86"
"","경기","경기","고양시-덕양구","행주동","능곡역","경기도 고양시 덕양구 토당로 35(토당동 454-3)","서해선","능곡역 인근","경기도 고양시 덕양구 토당로 35(토당동 454-3)","좌표최단거리","1.04","능곡역","1.04"
"","경기","경기","고양시-덕양구","화전동","한국항공대역","경기도 고양시 덕양구 화랑로 53(화전동 183-10)","경의중앙선","한국항공대역 인근","경기도 고양시 덕양구 화랑로 53(화전동 183-10)","좌표최단거리","1.40","한국항공대역","1.40"
"","경기","경기","고양시-덕양구","화정동","화정역","경기도 고양시 덕양구 화정로 60 화정역","일산선","화정역 인근","경기도 고양시 덕양구 화정로 60 화정역","좌표최단거리","0.06","화정역","0.06"
"","경기","경기","고양시-덕양구","효자동","지축역","경기도 고양시 덕양구 삼송로 300(지축동)","3호선","지축역 인근","경기도 고양시 덕양구 삼송로 300(지축동)","좌표최단거리","4.07","지축역","4.07"
"","경기","경기","고양시-덕양구","흥도동","원흥역","경기도 고양시 덕양구 권율대로 681 (원흥동, 원흥역) 원흥역","일산선","원흥역 인근","경기도 고양시 덕양구 권율대로 681 (원흥동, 원흥역) 원흥역","좌표최단거리","2.37","원흥역","2.37"
"","경기","경기","고양시-일산동구","고봉동","운정역","경기도 파주시 운정역길 368(야당동 299-4번지)","경의중앙선","운정역 인근","경기도 파주시 운정역길 368(야당동 299-4번지)","좌표최단거리","4.10","운정역","4.10"
"","경기","경기","고양시-일산동구","마두동","백마역","경기도 고양시 일산동구 경의로 318(풍동 482-8)","경의중앙선","백마역 인근","경기도 고양시 일산동구 경의로 318(풍동 482-8)","좌표최단거리","0.86","백마역","0.86"
"","경기","경기","고양시-일산동구","백석동","백석역","경기도 고양시 일산동구 중앙로 1042","일산선","백석역 인근","경기도 고양시 일산동구 중앙로 1042","좌표최단거리","0.08","백석역","0.08"
"","경기","경기","고양시-일산동구","식사동","풍산역","경기도 고양시 일산동구 경의로 486(풍동)","경의중앙선","풍산역 인근","경기도 고양시 일산동구 경의로 486(풍동)","좌표최단거리","2.46","풍산역","2.46"
"","경기","경기","고양시-일산동구","장항동","마두역","경기도 고양시 일산동구 중앙로 지하 1180(마두동)","일산선","마두역 인근","경기도 고양시 일산동구 중앙로 지하 1180(마두동)","좌표최단거리","1.12","마두역","1.12"
"","경기","경기","고양시-일산동구","정발산동","풍산역","경기도 고양시 일산동구 경의로 486(풍동)","경의중앙선","풍산역 인근","경기도 고양시 일산동구 경의로 486(풍동)","좌표최단거리","0.64","풍산역","0.64"
"","경기","경기","고양시-일산동구","중산동","일산역","경기도 고양시 일산서구 경의로 672","경의중앙선","일산역 인근","경기도 고양시 일산서구 경의로 672","좌표최단거리","1.30","일산역","1.30"
"","경기","경기","고양시-일산동구","풍산동","백마역","경기도 고양시 일산동구 경의로 318(풍동 482-8)","경의중앙선","백마역 인근","경기도 고양시 일산동구 경의로 318(풍동 482-8)","좌표최단거리","0.88","백마역","0.88"
"","경기","경기","고양시-일산서구","가좌동","운양역","경기도 김포시 김포한강1로 지하 235","김포도시철도","운양역 인근","경기도 김포시 김포한강1로 지하 235","좌표최단거리","3.63","운양역","3.63"
"","경기","경기","고양시-일산서구","대화동","대화역","경기도 고양시 일산서구 중앙로 1569(대화동 2221)","일산선","대화역 인근","경기도 고양시 일산서구 중앙로 1569(대화동 2221)","좌표최단거리","0.30","대화역","0.30"
"","경기","경기","고양시-일산서구","덕이동","탄현역","경기도 고양시 일산서구 경의로 856(덕이동)","경의중앙선","탄현역 인근","경기도 고양시 일산서구 경의로 856(덕이동)","좌표최단거리","1.44","탄현역","1.44"
"","경기","경기","고양시-일산서구","송포동","대화역","경기도 고양시 일산서구 중앙로 1569(대화동 2221)","일산선","대화역 인근","경기도 고양시 일산서구 중앙로 1569(대화동 2221)","좌표최단거리","2.77","대화역","2.77"
"","경기","경기","고양시-일산서구","일산동","일산역","경기도 고양시 일산서구 경의로 672","경의중앙선","일산역 인근","경기도 고양시 일산서구 경의로 672","좌표최단거리","0.25","일산역","0.25"
"","경기","경기","고양시-일산서구","주엽동","주엽역","경기도 고양시 일산서구 중앙로 1432(주엽동 166-7)","일산선","주엽역 인근","경기도 고양시 일산서구 중앙로 1432(주엽동 166-7)","좌표최단거리","0.13","주엽역","0.13"
"","경기","경기","고양시-일산서구","탄현동","탄현역","경기도 고양시 일산서구 경의로 856(덕이동)","경의중앙선","탄현역 인근","경기도 고양시 일산서구 경의로 856(덕이동)","동일이름지역검증","","",""
"","경기","경기","과천시","갈현동","정부과천청사역","경기도 과천시 중앙로 지하 100","안산과천선","정부과천청사역 인근","경기도 과천시 중앙로 지하 100","좌표최단거리","1.44","정부과천청사역","1.44"
"","경기","경기","과천시","과천동","선바위역","경기도 과천시 중앙로 440","안산과천선","선바위역 인근","경기도 과천시 중앙로 440","좌표최단거리","0.26","선바위역","0.26"
"","경기","경기","과천시","문원동","정부과천청사역","경기도 과천시 중앙로 지하 100","안산과천선","정부과천청사역 인근","경기도 과천시 중앙로 지하 100","좌표최단거리","1.17","정부과천청사역","1.17"
"","경기","경기","과천시","별양동","정부과천청사역","경기도 과천시 중앙로 지하 100","안산과천선","정부과천청사역 인근","경기도 과천시 중앙로 지하 100","좌표최단거리","0.55","정부과천청사역","0.55"
"","경기","경기","과천시","부림동","과천역","경기도 과천시 별양로 지하 177","안산과천선","과천역 인근","경기도 과천시 별양로 지하 177","좌표최단거리","0.29","과천역","0.29"
"","경기","경기","과천시","원문동","정부과천청사역","경기도 과천시 중앙로 지하 100","안산과천선","정부과천청사역 인근","경기도 과천시 중앙로 지하 100","좌표최단거리","0.49","정부과천청사역","0.49"
"","경기","경기","과천시","중앙동","정부과천청사역","경기도 과천시 중앙로 지하 100","안산과천선","정부과천청사역 인근","경기도 과천시 중앙로 지하 100","좌표최단거리","0.27","정부과천청사역","0.27"
"","경기","경기","광명시","광명동","광명사거리역","경기도 광명시 오리로 지하980(광명동)","7호선","광명사거리역 인근","경기도 광명시 오리로 지하980(광명동)","좌표최단거리","0.42","광명사거리역","0.42"
"","경기","경기","광명시","소하동","금천구청역","서울시 금천구 시흥대로 63길 91","경부선","금천구청역 인근","서울시 금천구 시흥대로 63길 91","좌표최단거리","1.75","금천구청역","1.75"
"","경기","경기","광명시","일직동","광명역","경기도 광명시 광명역로 21","경부선","광명역 인근","경기도 광명시 광명역로 21","좌표최단거리","0.39","광명역","0.39"
"","경기","경기","광명시","철산동","철산역","경기도 광명시 철산로 지하13(철산동)","7호선","철산역 인근","경기도 광명시 철산로 지하13(철산동)","좌표최단거리","0.45","철산역","0.45"
"","경기","경기","광명시","하안동","철산역","경기도 광명시 철산로 지하13(철산동)","7호선","철산역 인근","경기도 광명시 철산로 지하13(철산동)","좌표최단거리","1.68","철산역","1.68"
"","경기","경기","광명시","학온동","광명역","경기도 광명시 광명역로 21","경부선","광명역 인근","경기도 광명시 광명역로 21","좌표최단거리","3.15","광명역","3.15"
"","경기","경기","광주시","경안동","경기광주역","경기도 광주시 광주역로 10 경기광주역사","경강선","경기광주역 인근","경기도 광주시 광주역로 10 경기광주역사","좌표최단거리","1.37","경기광주역","1.37"
"","경기","경기","광주시","곤지암읍","곤지암역","경기도 광주시 곤지암천로 333","경강선","곤지암역 인근","경기도 광주시 곤지암천로 333","좌표최단거리","1.40","곤지암역","1.40"
"","경기","경기","광주시","광남동","경기광주역","경기도 광주시 광주역로 10 경기광주역사","경강선","경기광주역 인근","경기도 광주시 광주역로 10 경기광주역사","좌표최단거리","2.34","경기광주역","2.34"
"","경기","경기","광주시","남종면","양수역","경기도 양평군 양서면 목왕로 55-10","경의중앙선","양수역 인근","경기도 양평군 양서면 목왕로 55-10","좌표최단거리","5.16","양수역","5.16"
"","경기","경기","광주시","남한산성면","삼동역","경기도 광주시 순암로 451","경강선","삼동역 인근","경기도 광주시 순암로 451","좌표최단거리","6.36","삼동역","6.36"
"","경기","경기","광주시","능평동","미금역","경기도 성남시 수정구 성남대로 지하 156","분당선","미금역 인근","경기도 성남시 수정구 성남대로 지하 156","좌표최단거리","4.66","미금역","4.66"
"","경기","경기","광주시","도척면","곤지암역","경기도 광주시 곤지암천로 333","경강선","곤지암역 인근","경기도 광주시 곤지암천로 333","좌표최단거리","5.52","곤지암역","5.52"
"","경기","경기","광주시","송정동","경기광주역","경기도 광주시 광주역로 10 경기광주역사","경강선","경기광주역 인근","경기도 광주시 광주역로 10 경기광주역사","좌표최단거리","3.07","경기광주역","3.07"
"","경기","경기","광주시","신현동","서현역","경기도 성남시 분당구 성남대로 지하 601","분당선","서현역 인근","경기도 성남시 분당구 성남대로 지하 601","좌표최단거리","3.89","서현역","3.89"
"","경기","경기","광주시","쌍령동","경기광주역","경기도 광주시 광주역로 10 경기광주역사","경강선","경기광주역 인근","경기도 광주시 광주역로 10 경기광주역사","좌표최단거리","1.62","경기광주역","1.62"
"","경기","경기","광주시","오포동","경기광주역","경기도 광주시 광주역로 10 경기광주역사","경강선","경기광주역 인근","경기도 광주시 광주역로 10 경기광주역사","좌표최단거리","4.15","경기광주역","4.15"
"","경기","경기","광주시","초월읍","초월역","경기도 광주시 초월읍 경충대로 1066","경강선","초월역 인근","경기도 광주시 초월읍 경충대로 1066","좌표최단거리","2.67","초월역","2.67"
"","경기","경기","광주시","탄벌동","삼동역","경기도 광주시 순암로 451","경강선","삼동역 인근","경기도 광주시 순암로 451","좌표최단거리","3.09","삼동역","3.09"
"","경기","경기","광주시","퇴촌면","","","","퇴촌면 중심","경기 광주시 퇴촌면","지역중심","","신원역","8.55"
"","경기","경기","구리시","갈매동","갈매역","경기도 구리시 갈매동 경춘북로 229(갈매동 502-18)","경춘선","갈매역 인근","경기도 구리시 갈매동 경춘북로 229(갈매동 502-18)","좌표최단거리","0.39","갈매역","0.39"
"","경기","경기","구리시","교문동","장자호수공원역","수택동 870-3 일원(장자2사거리)","8호선","장자호수공원역 인근","수택동 870-3 일원(장자2사거리)","좌표최단거리","0.92","장자호수공원역","0.92"
"","경기","경기","구리시","동구동","동구릉역","인창동 679-8 일원(구리도매시장)","8호선","동구릉역 인근","인창동 679-8 일원(구리도매시장)","좌표최단거리","0.40","동구릉역","0.40"
"","경기","경기","구리시","수택동","구리역","인창동 675-1 일원(구리역공원)","8호선","구리역 인근","인창동 675-1 일원(구리역공원)","좌표최단거리","0.71","구리역","0.71"
"","경기","경기","구리시","인창동","동구릉역","인창동 679-8 일원(구리도매시장)","8호선","동구릉역 인근","인창동 679-8 일원(구리도매시장)","좌표최단거리","0.39","동구릉역","0.39"
"","경기","경기","군포시","광정동","산본역","경기도 군포시 번영로 504","안산과천선","산본역 인근","경기도 군포시 번영로 504","좌표최단거리","0.93","산본역","0.93"
"","경기","경기","군포시","군포동","군포역","경기도 군포시 군포역1길 27","경부선","군포역 인근","경기도 군포시 군포역1길 27","동일이름지역검증","","",""
"","경기","경기","군포시","궁내동","산본역","경기도 군포시 번영로 504","안산과천선","산본역 인근","경기도 군포시 번영로 504","좌표최단거리","1.00","산본역","1.00"
"","경기","경기","군포시","금정동","금정역","경기도 군포시 군포로 750","경부선","금정역 인근","경기도 군포시 군포로 750","좌표최단거리","0.82","금정역","0.82"
"","경기","경기","군포시","대야동","대야미역","경기도 군포시 대야1로 28","안산과천선","대야미역 인근","경기도 군포시 대야1로 28","좌표최단거리","0.27","대야미역","0.27"
"","경기","경기","군포시","산본동","수리산역","경기도 군포시 번영로 385","안산과천선","수리산역 인근","경기도 군포시 번영로 385","좌표최단거리","1.13","수리산역","1.13"
"","경기","경기","군포시","송부동","대야미역","경기도 군포시 대야1로 28","안산과천선","대야미역 인근","경기도 군포시 대야1로 28","좌표최단거리","1.12","대야미역","1.12"
"","경기","경기","군포시","수리동","수리산역","경기도 군포시 번영로 385","안산과천선","수리산역 인근","경기도 군포시 번영로 385","좌표최단거리","0.75","수리산역","0.75"
"","경기","경기","군포시","오금동","수리산역","경기도 군포시 번영로 385","안산과천선","수리산역 인근","경기도 군포시 번영로 385","좌표최단거리","0.36","수리산역","0.36"
"","경기","경기","군포시","재궁동","산본역","경기도 군포시 번영로 504","안산과천선","산본역 인근","경기도 군포시 번영로 504","좌표최단거리","0.41","산본역","0.41"
"","경기","경기","김포시","고촌읍","고촌역","경기도 김포시 고촌읍 김포대로 지하 350","김포도시철도","고촌역 인근","경기도 김포시 고촌읍 김포대로 지하 350","좌표최단거리","0.91","고촌역","0.91"
"","경기","경기","김포시","구래동","구래역","경기도 김포시 김포한강7로 87","김포도시철도","구래역 인근","경기도 김포시 김포한강7로 87","좌표최단거리","0.17","구래역","0.17"
"","경기","경기","김포시","김포본동","걸포북변역","경기도 김포시 김포대로 지하 1040","김포도시철도","걸포북변역 인근","경기도 김포시 김포대로 지하 1040","좌표최단거리","0.45","걸포북변역","0.45"
"","경기","경기","김포시","대곶면","양촌역","경기도 김포시 양촌읍 양촌역길 107","김포도시철도","양촌역 인근","경기도 김포시 양촌읍 양촌역길 107","좌표최단거리","3.96","양촌역","3.96"
"","경기","경기","김포시","마산동","마산역","경기도 김포시 김포한강3로 지하 442","김포도시철도","마산역 인근","경기도 김포시 김포한강3로 지하 442","좌표최단거리","0.10","마산역","0.10"
"","경기","경기","김포시","사우동","사우역","경기도 김포시 김포대로 지하 852","김포도시철도","사우역 인근","경기도 김포시 김포대로 지하 852","좌표최단거리","0.59","사우역","0.59"
"","경기","경기","김포시","양촌읍","구래역","경기도 김포시 김포한강7로 87","김포도시철도","구래역 인근","경기도 김포시 김포한강7로 87","좌표최단거리","1.33","구래역","1.33"
"","경기","경기","김포시","운양동","운양역","경기도 김포시 김포한강1로 지하 235","김포도시철도","운양역 인근","경기도 김포시 김포한강1로 지하 235","좌표최단거리","0.28","운양역","0.28"
"","경기","경기","김포시","월곶면","","","","월곶면 중심","경기 김포시 월곶면","지역중심","","양촌역","10.24"
"","경기","경기","김포시","장기동","장기역","경기도 김포시 김포한강1로 지하 59","김포도시철도","장기역 인근","경기도 김포시 김포한강1로 지하 59","좌표최단거리","0.24","장기역","0.24"
"","경기","경기","김포시","장기본동","장기역","경기도 김포시 김포한강1로 지하 59","김포도시철도","장기역 인근","경기도 김포시 김포한강1로 지하 59","좌표최단거리","0.95","장기역","0.95"
"","경기","경기","김포시","통진읍","구래역","경기도 김포시 김포한강7로 87","김포도시철도","구래역 인근","경기도 김포시 김포한강7로 87","좌표최단거리","5.93","구래역","5.93"
"","경기","경기","김포시","풍무동","풍무역","경기도 김포시 김포대로 지하 710","김포도시철도","풍무역 인근","경기도 김포시 김포대로 지하 710","좌표최단거리","1.06","풍무역","1.06"
"","경기","경기","김포시","하성면","","","","하성면 중심","경기 김포시 하성면","지역중심","","구래역","9.41"
"","경기","경기","남양주시","금곡동","금곡역","경기도 남양주시 경춘로 903(금곡동 404-276)","경춘선","금곡역 인근","경기도 남양주시 경춘로 903(금곡동 404-276)","좌표최단거리","0.87","금곡역","0.87"
"","경기","경기","남양주시","다산동","도농역","경기도 남양주시 경춘로 433(도농동 56-1)","경의중앙선","도농역 인근","경기도 남양주시 경춘로 433(도농동 56-1)","좌표최단거리","0.30","도농역","0.30"
"","경기","경기","남양주시","별내동","별내별가람역","경기도 남양주시 별내3로 지하 345","진접선","별내별가람역 인근","경기도 남양주시 별내3로 지하 345","좌표최단거리","1.35","별내별가람역","1.35"
"","경기","경기","남양주시","별내면","탑석역","경기도 의정부시 충의로 20","의정부","탑석역 인근","경기도 의정부시 충의로 20","좌표최단거리","3.98","탑석역","3.98"
"","경기","경기","남양주시","수동면","천마산역","경기도 남양주시 화도읍 묵현로 25번길 37","경춘선","천마산역 인근","경기도 남양주시 화도읍 묵현로 25번길 37","좌표최단거리","7.36","천마산역","7.36"
"","경기","경기","남양주시","양정동","양정역","경기도 남양주시 경강로 237(이패동 398-32)","경의중앙선","양정역 인근","경기도 남양주시 경강로 237(이패동 398-32)","좌표최단거리","0.70","양정역","0.70"
"","경기","경기","남양주시","오남읍","오남역","경기도 남양주시 오남읍 진건오남로 지하 929","진접선","오남역 인근","경기도 남양주시 오남읍 진건오남로 지하 929","좌표최단거리","3.04","오남역","3.04"
"","경기","경기","남양주시","와부읍","도심역","경기도 남양주시 와부읍 덕소로 237(도곡리 1024-2)","경의중앙선","도심역 인근","경기도 남양주시 와부읍 덕소로 237(도곡리 1024-2)","좌표최단거리","2.11","도심역","2.11"
"","경기","경기","남양주시","조안면","운길산역","경기도 남양주시 조안면 운길산로 20","경의중앙선","운길산역 인근","경기도 남양주시 조안면 운길산로 20","좌표최단거리","1.92","운길산역","1.92"
"","경기","경기","남양주시","진건읍","사릉역","경기도 남양주시 진건읍 진건우회로 72-8(사능리 590-2)","경춘선","사릉역 인근","경기도 남양주시 진건읍 진건우회로 72-8(사능리 590-2)","좌표최단거리","0.73","사릉역","0.73"
"","경기","경기","남양주시","진접읍","진접역","경기도 남양주시 진접읍 경복대로 지하 244","진접선","진접역 인근","경기도 남양주시 진접읍 경복대로 지하 244","좌표최단거리","0.55","진접역","0.55"
"","경기","경기","남양주시","퇴계원읍","퇴계원역","경기도 남양주시 퇴계원면 경춘북로 545(퇴계원리 218-8)","경춘선","퇴계원역 인근","경기도 남양주시 퇴계원면 경춘북로 545(퇴계원리 218-8)","좌표최단거리","0.06","퇴계원역","0.06"
"","경기","경기","남양주시","평내동","평내호평역","경기도 남양주시 경춘로 1375(평내동 156)","경춘선","평내호평역 인근","경기도 남양주시 경춘로 1375(평내동 156)","좌표최단거리","0.95","평내호평역","0.95"
"","경기","경기","남양주시","호평동","평내호평역","경기도 남양주시 경춘로 1375(평내동 156)","경춘선","평내호평역 인근","경기도 남양주시 경춘로 1375(평내동 156)","좌표최단거리","0.53","평내호평역","0.53"
"","경기","경기","남양주시","화도읍","마석역","경기도 남양주시 화도읍 마석우리 241-4","경춘선","마석역 인근","경기도 남양주시 화도읍 마석우리 241-4","좌표최단거리","0.72","마석역","0.72"
"","경기","경기","동두천시","보산동","보산역","경기도 동두천시 평화로 2539(보산동)","경원선","보산역 인근","경기도 동두천시 평화로 2539(보산동)","좌표최단거리","0.50","보산역","0.50"
"","경기","경기","동두천시","불현동","동두천중앙역","경기도 동두천시 동두천로 228(생연동 682)","경원선","동두천중앙역 인근","경기도 동두천시 동두천로 228(생연동 682)","좌표최단거리","0.64","동두천중앙역","0.64"
"","경기","경기","동두천시","상패동","동두천중앙역","경기도 동두천시 동두천로 228(생연동 682)","경원선","동두천중앙역 인근","경기도 동두천시 동두천로 228(생연동 682)","좌표최단거리","2.21","동두천중앙역","2.21"
"","경기","경기","동두천시","생연동","동두천중앙역","경기도 동두천시 동두천로 228(생연동 682)","경원선","동두천중앙역 인근","경기도 동두천시 동두천로 228(생연동 682)","좌표최단거리","0.54","동두천중앙역","0.54"
"","경기","경기","동두천시","소요동","동두천역","경기도 동두천시 평화로 2687(동두천동 245-210)","경원선","동두천역 인근","경기도 동두천시 평화로 2687(동두천동 245-210)","좌표최단거리","0.33","동두천역","0.33"
"","경기","경기","동두천시","송내동","지행역","경기도 동두천시 평화로 2285(지행동)","경원선","지행역 인근","경기도 동두천시 평화로 2285(지행동)","좌표최단거리","1.35","지행역","1.35"
"","경기","경기","동두천시","중앙동","동두천중앙역","경기도 동두천시 동두천로 228(생연동 682)","경원선","동두천중앙역 인근","경기도 동두천시 동두천로 228(생연동 682)","좌표최단거리","0.72","동두천중앙역","0.72"
"","경기","경기","부천시-소사구","괴안동","역곡역","경기도 부천시 원미구 역곡로 1(역곡동)","경인선","역곡역 인근","경기도 부천시 원미구 역곡로 1(역곡동)","좌표최단거리","0.33","역곡역","0.33"
"","경기","경기","부천시-소사구","범박동","소새울역","경기도 부천시 소사로 지하 284","서해선","소새울역 인근","경기도 부천시 소사로 지하 284","좌표최단거리","1.29","소새울역","1.29"
"","경기","경기","부천시-소사구","소사본동","소새울역","경기도 부천시 소사로 지하 284","서해선","소새울역 인근","경기도 부천시 소사로 지하 284","좌표최단거리","0.59","소새울역","0.59"
"","경기","경기","부천시-소사구","송내동","중동역","경기도 부천시 소사구 중동로 73","경인선","중동역 인근","경기도 부천시 소사구 중동로 73","좌표최단거리","0.44","중동역","0.44"
"","경기","경기","부천시-소사구","심곡본동","부천역","경기도 부천시 소사구 부천로 1","경인선","부천역 인근","경기도 부천시 소사구 부천로 1","좌표최단거리","0.68","부천역","0.68"
"","경기","경기","부천시-소사구","역곡동","","","","역곡동 중심","경기 부천시 소사구 역곡동","지역중심","","",""
"","경기","경기","부천시-소사구","옥길동","천왕역","서울특별시 구로구 오리로 지하1154(천왕동)","7호선","천왕역 인근","서울특별시 구로구 오리로 지하1154(천왕동)","좌표최단거리","2.26","천왕역","2.26"
"","경기","경기","부천시-오정구","고강동","원종역","경기도 부천시 원종동 404","서해선","원종역 인근","경기도 부천시 원종동 404","좌표최단거리","1.45","원종역","1.45"
"","경기","경기","부천시-오정구","고강본동","","","","고강본동 중심","경기 부천시 오정구 고강본동","지역중심","","",""
"","경기","경기","부천시-오정구","성곡동","","","","성곡동 중심","경기 부천시 오정구 성곡동","지역중심","","",""
"","경기","경기","부천시-오정구","신흥동","신중동역","경기도 부천시 원미구 길주로 지하 314 (중동)","도시철도 7호선","신중동역 인근","경기도 부천시 원미구 길주로 지하 314 (중동)","좌표최단거리","1.89","신중동역","1.89"
"","경기","경기","부천시-오정구","오정동","","","","오정동 중심","경기 부천시 오정구 오정동","지역중심","","",""
"","경기","경기","부천시-오정구","원종동","","","","원종동 중심","경기 부천시 오정구 원종동","지역중심","","",""
"","경기","경기","부천시-원미구","도당동","춘의역","경기도 부천시 원미구 길주로 지하 406 (춘의동)","도시철도 7호선","춘의역 인근","경기도 부천시 원미구 길주로 지하 406 (춘의동)","좌표최단거리","1.21","춘의역","1.21"
"","경기","경기","부천시-원미구","상동","상동역","경기도 부천시 원미구 길주로 지하 104 (상동)","도시철도 7호선","상동역 인근","경기도 부천시 원미구 길주로 지하 104 (상동)","좌표최단거리","0.01","상동역","0.01"
"","경기","경기","부천시-원미구","소사동","소사역","경기도 부천시 소사구 경인로 363","서해선","소사역 인근","경기도 부천시 소사구 경인로 363","좌표최단거리","0.38","소사역","0.38"
"","경기","경기","부천시-원미구","심곡동","부천역","경기도 부천시 소사구 부천로 1","경인선","부천역 인근","경기도 부천시 소사구 부천로 1","좌표최단거리","0.79","부천역","0.79"
"","경기","경기","부천시-원미구","약대동","부천시청역","경기도 부천시 원미구 길주로 지하 202 (중동)","도시철도 7호선","부천시청역 인근","경기도 부천시 원미구 길주로 지하 202 (중동)","좌표최단거리","1.10","부천시청역","1.10"
"","경기","경기","부천시-원미구","역곡동","역곡역","경기도 부천시 원미구 역곡로 1(역곡동)","경인선","역곡역 인근","경기도 부천시 원미구 역곡로 1(역곡동)","좌표최단거리","0.64","역곡역","0.64"
"","경기","경기","부천시-원미구","원미동","소사역","경기도 부천시 소사구 경인로 363","서해선","소사역 인근","경기도 부천시 소사구 경인로 363","좌표최단거리","1.15","소사역","1.15"
"","경기","경기","부천시-원미구","중동","중동역","경기도 부천시 소사구 중동로 73","경인선","중동역 인근","경기도 부천시 소사구 중동로 73","좌표최단거리","0.05","중동역","0.05"
"","경기","경기","부천시-원미구","춘의동","부천종합운동장역","경기도 부천시 원미구 길주로 지하 502 (춘의동)","도시철도 7호선","부천종합운동장역 인근","경기도 부천시 원미구 길주로 지하 502 (춘의동)","좌표최단거리","0.56","부천종합운동장역","0.56"
"","경기","경기","성남시-분당구","구미동","오리역","경기도 성남시 분당구 성남대로 지하 55(구미동 795)","분당선","오리역 인근","경기도 성남시 분당구 성남대로 지하 55(구미동 795)","좌표최단거리","1.07","오리역","1.07"
"","경기","경기","성남시-분당구","금곡동","정자역","경기도 성남시 분당구 성남대로 지하 333(정자동)","분당선","정자역 인근","경기도 성남시 분당구 성남대로 지하 333(정자동)","좌표최단거리","1.11","정자역","1.11"
"","경기","경기","성남시-분당구","백현동","판교역","경기도 성남시 분당구 판교역로 160","경강선","판교역 인근","경기도 성남시 분당구 판교역로 160","좌표최단거리","0.73","판교역","0.73"
"","경기","경기","성남시-분당구","분당동","서현역","경기도 성남시 분당구 성남대로 지하 601","분당선","서현역 인근","경기도 성남시 분당구 성남대로 지하 601","좌표최단거리","2.47","서현역","2.47"
"","경기","경기","성남시-분당구","삼평동","판교역","경기도 성남시 분당구 판교역로 지하 160","신분당선","판교역 인근","경기도 성남시 분당구 판교역로 지하 160","좌표최단거리","1.05","판교역","1.05"
"","경기","경기","성남시-분당구","서현동","서현역","경기도 성남시 분당구 성남대로 지하 601","분당선","서현역 인근","경기도 성남시 분당구 성남대로 지하 601","좌표최단거리","0.91","서현역","0.91"
"","경기","경기","성남시-분당구","수내동","수내역","경기도 성남시 분당구 성남대로 지하 491(수내동)","분당선","수내역 인근","경기도 성남시 분당구 성남대로 지하 491(수내동)","좌표최단거리","0.98","수내역","0.98"
"","경기","경기","성남시-분당구","야탑동","야탑역","경기도 성남시 성남대로 지하 903(야탑동 688-1)","분당선","야탑역 인근","경기도 성남시 성남대로 지하 903(야탑동 688-1)","좌표최단거리","1.63","야탑역","1.63"
"","경기","경기","성남시-분당구","운중동","판교역","경기도 성남시 분당구 판교역로 160","경강선","판교역 인근","경기도 성남시 분당구 판교역로 160","좌표최단거리","3.23","판교역","3.23"
"","경기","경기","성남시-분당구","이매동","이매역","경기도 성남시 성남대로 지하 738","분당선","이매역 인근","경기도 성남시 성남대로 지하 738","좌표최단거리","0.44","이매역","0.44"
"","경기","경기","성남시-분당구","정자동","정자역","경기도 성남시 분당구 성남대로 지하 333 ","신분당선","정자역 인근","경기도 성남시 분당구 성남대로 지하 333 ","좌표최단거리","0.94","정자역","0.94"
"","경기","경기","성남시-분당구","판교동","판교역","경기도 성남시 분당구 판교역로 160","경강선","판교역 인근","경기도 성남시 분당구 판교역로 160","좌표최단거리","1.23","판교역","1.23"
"","경기","경기","성남시-수정구","고등동","모란역","경기도 성남시 중원구 성남대로 지하 1147(성남동 1575)","분당선","모란역 인근","경기도 성남시 중원구 성남대로 지하 1147(성남동 1575)","좌표최단거리","2.93","모란역","2.93"
"","경기","경기","성남시-수정구","단대동","남한산성입구역","경기도 성남시 수정구 산성대로 지하445(단대동)","8호선","남한산성입구역 인근","경기도 성남시 수정구 산성대로 지하445(단대동)","좌표최단거리","0.41","남한산성입구역","0.41"
"","경기","경기","성남시-수정구","복정동","남위례역","경기도 성남시 수정구 공원로 601(복정동)","8호선","남위례역 인근","경기도 성남시 수정구 공원로 601(복정동)","좌표최단거리","0.66","남위례역","0.66"
"","경기","경기","성남시-수정구","산성동","산성역","경기도 성남시 수정구 수정로 지하365(신흥동)","8호선","산성역 인근","경기도 성남시 수정구 수정로 지하365(신흥동)","좌표최단거리","0.29","산성역","0.29"
"","경기","경기","성남시-수정구","수진동","태평역","경기도 성남시 수정구 성남대로 지하 1229번지","분당선","태평역 인근","경기도 성남시 수정구 성남대로 지하 1229번지","좌표최단거리","0.19","태평역","0.19"
"","경기","경기","성남시-수정구","시흥동","야탑역","경기도 성남시 성남대로 지하 903(야탑동 688-1)","분당선","야탑역 인근","경기도 성남시 성남대로 지하 903(야탑동 688-1)","좌표최단거리","2.52","야탑역","2.52"
"","경기","경기","성남시-수정구","신촌동","가천대역","경기도 성남시 수정구 성남대로 1332","분당선","가천대역 인근","경기도 성남시 수정구 성남대로 1332","좌표최단거리","1.93","가천대역","1.93"
"","경기","경기","성남시-수정구","신흥동","신흥역","경기도 성남시 수정구 산성대로 지하280(신흥동)","8호선","신흥역 인근","경기도 성남시 수정구 산성대로 지하280(신흥동)","좌표최단거리","0.64","신흥역","0.64"
"","경기","경기","성남시-수정구","양지동","남한산성입구역","경기도 성남시 수정구 산성대로 지하445(단대동)","8호선","남한산성입구역 인근","경기도 성남시 수정구 산성대로 지하445(단대동)","좌표최단거리","1.10","남한산성입구역","1.10"
"","경기","경기","성남시-수정구","위례동","","","","위례동 중심","경기 성남시 수정구 위례동","지역중심","","",""
"","경기","경기","성남시-수정구","태평동","가천대역","경기도 성남시 수정구 성남대로 1332","분당선","가천대역 인근","경기도 성남시 수정구 성남대로 1332","좌표최단거리","0.53","가천대역","0.53"
"","경기","경기","성남시-중원구","금광동","남한산성입구역","경기도 성남시 수정구 산성대로 지하445(단대동)","8호선","남한산성입구역 인근","경기도 성남시 수정구 산성대로 지하445(단대동)","좌표최단거리","0.86","남한산성입구역","0.86"
"","경기","경기","성남시-중원구","도촌동","야탑역","경기도 성남시 성남대로 지하 903(야탑동 688-1)","분당선","야탑역 인근","경기도 성남시 성남대로 지하 903(야탑동 688-1)","좌표최단거리","2.56","야탑역","2.56"
"","경기","경기","성남시-중원구","상대원동","단대오거리역","경기도 성남시 수정구 산성대로 지하365(신흥동)","8호선","단대오거리역 인근","경기도 성남시 수정구 산성대로 지하365(신흥동)","좌표최단거리","1.56","단대오거리역","1.56"
"","경기","경기","성남시-중원구","성남동","모란역","경기도 성남시 중원구 성남대로 지하 1147(성남동 1575)","분당선","모란역 인근","경기도 성남시 중원구 성남대로 지하 1147(성남동 1575)","좌표최단거리","0.43","모란역","0.43"
"","경기","경기","성남시-중원구","은행동","남한산성입구역","경기도 성남시 수정구 산성대로 지하445(단대동)","8호선","남한산성입구역 인근","경기도 성남시 수정구 산성대로 지하445(단대동)","좌표최단거리","1.07","남한산성입구역","1.07"
"","경기","경기","성남시-중원구","중앙동","신흥역","경기도 성남시 수정구 산성대로 지하280(신흥동)","8호선","신흥역 인근","경기도 성남시 수정구 산성대로 지하280(신흥동)","좌표최단거리","0.49","신흥역","0.49"
"","경기","경기","성남시-중원구","하대원동","수진역","경기도 성남시 수정구 산성대로 지하200(수진동)","8호선","수진역 인근","경기도 성남시 수정구 산성대로 지하200(수진동)","좌표최단거리","1.07","수진역","1.07"
"","경기","경기","수원시-권선구","곡선동","매탄권선역","경기도 수원시 영통구 권선로 841","분당선","매탄권선역 인근","경기도 수원시 영통구 권선로 841","좌표최단거리","1.21","매탄권선역","1.21"
"","경기","경기","수원시-권선구","구운동","화서역","경기도 수원시 팔달구 덕영대로 692","경부선","화서역 인근","경기도 수원시 팔달구 덕영대로 692","좌표최단거리","1.50","화서역","1.50"
"","경기","경기","수원시-권선구","권선동","매탄권선역","경기도 수원시 영통구 권선로 841","분당선","매탄권선역 인근","경기도 수원시 영통구 권선로 841","좌표최단거리","0.91","매탄권선역","0.91"
"","경기","경기","수원시-권선구","금곡동","성균관대역","경기도 수원시 장안구 서부로 2149","경부선","성균관대역 인근","경기도 수원시 장안구 서부로 2149","좌표최단거리","3.47","성균관대역","3.47"
"","경기","경기","수원시-권선구","서둔동","화서역","경기도 수원시 팔달구 덕영대로 692","경부선","화서역 인근","경기도 수원시 팔달구 덕영대로 692","좌표최단거리","1.32","화서역","1.32"
"","경기","경기","수원시-권선구","세류동","매교역","경기도 수원시 팔달구 효원로 126","분당선","매교역 인근","경기도 수원시 팔달구 효원로 126","좌표최단거리","0.97","매교역","0.97"
"","경기","경기","수원시-권선구","입북동","성균관대역","경기도 수원시 장안구 서부로 2149","경부선","성균관대역 인근","경기도 수원시 장안구 서부로 2149","좌표최단거리","1.38","성균관대역","1.38"
"","경기","경기","수원시-권선구","평동","고색역","경기도 수원시 권선구 매송고색로 지하690(고색동)","수인선","고색역 인근","경기도 수원시 권선구 매송고색로 지하690(고색동)","좌표최단거리","1.20","고색역","1.20"
"","경기","경기","수원시-권선구","호매실동","오목천역","경기도 수원시 권선구 삼천병마로 1576(오목천동)","수인선","오목천역 인근","경기도 수원시 권선구 삼천병마로 1576(오목천동)","좌표최단거리","2.66","오목천역","2.66"
"","경기","경기","수원시-영통구","광교동","광교중앙역","경기도 수원시 영통구 도청로 지하45","신분당선","광교중앙역 인근","경기도 수원시 영통구 도청로 지하45","좌표최단거리","0.39","광교중앙역","0.39"
"","경기","경기","수원시-영통구","망포동","망포역","경기도 수원시 영통구 봉영로 지하 1520","분당선","망포역 인근","경기도 수원시 영통구 봉영로 지하 1520","좌표최단거리","0.93","망포역","0.93"
"","경기","경기","수원시-영통구","매탄동","수원시청역","경기도 수원시 권선구 효원로 270","분당선","수원시청역 인근","경기도 수원시 권선구 효원로 270","좌표최단거리","1.53","수원시청역","1.53"
"","경기","경기","수원시-영통구","영통동","청명역","경기도 수원시 영통구 봉영로 지하 1670","분당선","청명역 인근","경기도 수원시 영통구 봉영로 지하 1670","좌표최단거리","0.58","청명역","0.58"
"","경기","경기","수원시-영통구","원천동","광교중앙역","경기도 수원시 영통구 도청로 지하45","신분당선","광교중앙역 인근","경기도 수원시 영통구 도청로 지하45","좌표최단거리","1.68","광교중앙역","1.68"
"","경기","경기","수원시-장안구","송죽동","화서역","경기도 수원시 팔달구 덕영대로 692","경부선","화서역 인근","경기도 수원시 팔달구 덕영대로 692","좌표최단거리","2.37","화서역","2.37"
"","경기","경기","수원시-장안구","연무동","광교역","경기도 수원시 영통구 대학로 55 신분당선 광교역","신분당선","광교역 인근","경기도 수원시 영통구 대학로 55 신분당선 광교역","좌표최단거리","1.91","광교역","1.91"
"","경기","경기","수원시-장안구","영화동","화서역","경기도 수원시 팔달구 덕영대로 692","경부선","화서역 인근","경기도 수원시 팔달구 덕영대로 692","좌표최단거리","2.34","화서역","2.34"
"","경기","경기","수원시-장안구","율천동","성균관대역","경기도 수원시 장안구 서부로 2149","경부선","성균관대역 인근","경기도 수원시 장안구 서부로 2149","좌표최단거리","0.29","성균관대역","0.29"
"","경기","경기","수원시-장안구","정자동","화서역","경기도 수원시 팔달구 덕영대로 692","경부선","화서역 인근","경기도 수원시 팔달구 덕영대로 692","좌표최단거리","1.43","화서역","1.43"
"","경기","경기","수원시-장안구","조원동","광교역","경기도 수원시 영통구 대학로 55 신분당선 광교역","신분당선","광교역 인근","경기도 수원시 영통구 대학로 55 신분당선 광교역","좌표최단거리","2.90","광교역","2.90"
"","경기","경기","수원시-장안구","파장동","성균관대역","경기도 수원시 장안구 서부로 2149","경부선","성균관대역 인근","경기도 수원시 장안구 서부로 2149","좌표최단거리","2.48","성균관대역","2.48"
"","경기","경기","수원시-팔달구","고등동","수원역","경기도 수원시 팔달구 덕영대로 944","분당선","수원역 인근","경기도 수원시 팔달구 덕영대로 944","좌표최단거리","0.86","수원역","0.86"
"","경기","경기","수원시-팔달구","매교동","매교역","경기도 수원시 팔달구 효원로 126","분당선","매교역 인근","경기도 수원시 팔달구 효원로 126","좌표최단거리","0.28","매교역","0.28"
"","경기","경기","수원시-팔달구","매산동","","","","매산동 중심","경기 수원시 팔달구 매산동","지역중심","","",""
"","경기","경기","수원시-팔달구","우만동","광교중앙역","경기도 수원시 영통구 도청로 지하45","신분당선","광교중앙역 인근","경기도 수원시 영통구 도청로 지하45","좌표최단거리","1.80","광교중앙역","1.80"
"","경기","경기","수원시-팔달구","인계동","수원시청역","경기도 수원시 권선구 효원로 270","분당선","수원시청역 인근","경기도 수원시 권선구 효원로 270","좌표최단거리","0.71","수원시청역","0.71"
"","경기","경기","수원시-팔달구","지동","매교역","경기도 수원시 팔달구 효원로 126","분당선","매교역 인근","경기도 수원시 팔달구 효원로 126","좌표최단거리","2.02","매교역","2.02"
"","경기","경기","수원시-팔달구","행궁동","화서역","경기도 수원시 팔달구 덕영대로 692","경부선","화서역 인근","경기도 수원시 팔달구 덕영대로 692","좌표최단거리","2.04","화서역","2.04"
"","경기","경기","수원시-팔달구","화서동","화서역","경기도 수원시 팔달구 덕영대로 692","경부선","화서역 인근","경기도 수원시 팔달구 덕영대로 692","좌표최단거리","0.94","화서역","0.94"
"","경기","경기","시흥시","거북섬동","","","","거북섬동 중심","경기 시흥시 거북섬동","지역중심","","",""
"","경기","경기","시흥시","과림동","시흥대야역","경기도 부천시 소사로 지하 120","서해선","시흥대야역 인근","경기도 부천시 소사로 지하 120","좌표최단거리","4.11","시흥대야역","4.11"
"","경기","경기","시흥시","군자동","능길역","경기도 안산시 단원구 황고개로 2","수인선","능길역 인근","경기도 안산시 단원구 황고개로 2","좌표최단거리","2.25","능길역","2.25"
"","경기","경기","시흥시","능곡동","시흥능곡역","경기도 시흥시 시흥대로 지하 327","서해선","시흥능곡역 인근","경기도 시흥시 시흥대로 지하 327","좌표최단거리","0.54","시흥능곡역","0.54"
"","경기","경기","시흥시","대야동","시흥대야역","경기도 부천시 소사로 지하 120","서해선","시흥대야역 인근","경기도 부천시 소사로 지하 120","좌표최단거리","0.89","시흥대야역","0.89"
"","경기","경기","시흥시","매화동","신현역","경기도 시승시 신현로 12번길 지하 2-10","서해선","신현역 인근","경기도 시승시 신현로 12번길 지하 2-10","좌표최단거리","3.05","신현역","3.05"
"","경기","경기","시흥시","목감동","시흥능곡역","경기도 시흥시 시흥대로 지하 327","서해선","시흥능곡역 인근","경기도 시흥시 시흥대로 지하 327","좌표최단거리","4.03","시흥능곡역","4.03"
"","경기","경기","시흥시","배곧동","오이도역","경기도 시흥시 역전로 430","수인선","오이도역 인근","경기도 시흥시 역전로 430","좌표최단거리","1.60","오이도역","1.60"
"","경기","경기","시흥시","신천동","신천역","경기도 시흥시 서해안로 지하 1670","서해선","신천역 인근","경기도 시흥시 서해안로 지하 1670","좌표최단거리","0.71","신천역","0.71"
"","경기","경기","시흥시","신현동","신현역","경기도 시승시 신현로 12번길 지하 2-10","서해선","신현역 인근","경기도 시승시 신현로 12번길 지하 2-10","좌표최단거리","1.33","신현역","1.33"
"","경기","경기","시흥시","연성동","시흥시청역","경기도 시흥시 시흥대로 지하 467","서해선","시흥시청역 인근","경기도 시흥시 시흥대로 지하 467","좌표최단거리","0.75","시흥시청역","0.75"
"","경기","경기","시흥시","월곶동","달월역","경기도 시흥시 서해안로 736번길 55(월곶동)","수인선","달월역 인근","경기도 시흥시 서해안로 736번길 55(월곶동)","좌표최단거리","1.05","달월역","1.05"
"","경기","경기","시흥시","은행동","신천역","경기도 시흥시 서해안로 지하 1670","서해선","신천역 인근","경기도 시흥시 서해안로 지하 1670","좌표최단거리","2.08","신천역","2.08"
"","경기","경기","시흥시","장곡동","시흥시청역","경기도 시흥시 시흥대로 지하 467","서해선","시흥시청역 인근","경기도 시흥시 시흥대로 지하 467","좌표최단거리","2.10","시흥시청역","2.10"
"","경기","경기","시흥시","정왕동","정왕역","경기도 시흥시 마유로 418길 15","수인선","정왕역 인근","경기도 시흥시 마유로 418길 15","좌표최단거리","1.37","정왕역","1.37"
"","경기","경기","시흥시","정왕본동","정왕역","경기도 시흥시 마유로 418길 15","수인선","정왕역 인근","경기도 시흥시 마유로 418길 15","좌표최단거리","0.91","정왕역","0.91"
"","경기","경기","안산시-단원구","고잔동","중앙역","경기도 안산시 단원구 중앙대로 918","수인선","중앙역 인근","경기도 안산시 단원구 중앙대로 918","좌표최단거리","0.65","중앙역","0.65"
"","경기","경기","안산시-단원구","대부동","","","","대부동 중심","경기 안산시 단원구 대부동","지역중심","","지식정보단지역","20.82"
"","경기","경기","안산시-단원구","백운동","안산역","경기도 안산시 단원구 중앙대로 462","수인선","안산역 인근","경기도 안산시 단원구 중앙대로 462","좌표최단거리","0.75","안산역","0.75"
"","경기","경기","안산시-단원구","선부동","선부역","경기도 안산시 단원구 선부광장로 34","서해선","선부역 인근","경기도 안산시 단원구 선부광장로 34","좌표최단거리","0.53","선부역","0.53"
"","경기","경기","안산시-단원구","신길동","능길역","경기도 안산시 단원구 황고개로 2","수인선","능길역 인근","경기도 안산시 단원구 황고개로 2","좌표최단거리","0.72","능길역","0.72"
"","경기","경기","안산시-단원구","와동","선부역","경기도 안산시 단원구 선부광장로 34","서해선","선부역 인근","경기도 안산시 단원구 선부광장로 34","좌표최단거리","1.55","선부역","1.55"
"","경기","경기","안산시-단원구","원곡동","안산역","경기도 안산시 단원구 중앙대로 462","수인선","안산역 인근","경기도 안산시 단원구 중앙대로 462","좌표최단거리","0.74","안산역","0.74"
"","경기","경기","안산시-단원구","중앙동","중앙역","경기도 안산시 단원구 중앙대로 918","수인선","중앙역 인근","경기도 안산시 단원구 중앙대로 918","좌표최단거리","0.86","중앙역","0.86"
"","경기","경기","안산시-단원구","초지동","초지역","경기도 안산시 단원구 중앙대로 620","서해선","초지역 인근","경기도 안산시 단원구 중앙대로 620","좌표최단거리","0.80","초지역","0.80"
"","경기","경기","안산시-단원구","호수동","중앙역","경기도 안산시 단원구 중앙대로 918","수인선","중앙역 인근","경기도 안산시 단원구 중앙대로 918","좌표최단거리","0.97","중앙역","0.97"
"","경기","경기","안산시-상록구","반월동","반월역","경기도 안산시 상록구 건건로 119-10","안산과천선","반월역 인근","경기도 안산시 상록구 건건로 119-10","좌표최단거리","0.70","반월역","0.70"
"","경기","경기","안산시-상록구","본오동","사리역","경기도 안산시 상록구 충장로 103(사동)","수인선","사리역 인근","경기도 안산시 상록구 충장로 103(사동)","좌표최단거리","0.89","사리역","0.89"
"","경기","경기","안산시-상록구","부곡동","한대앞역","경기도 안산시 상록구 충장로 337","수인선","한대앞역 인근","경기도 안산시 상록구 충장로 337","좌표최단거리","2.36","한대앞역","2.36"
"","경기","경기","안산시-상록구","사동","사리역","경기도 안산시 상록구 충장로 103(사동)","수인선","사리역 인근","경기도 안산시 상록구 충장로 103(사동)","좌표최단거리","1.25","사리역","1.25"
"","경기","경기","안산시-상록구","사이동","사리역","경기도 안산시 상록구 충장로 103(사동)","수인선","사리역 인근","경기도 안산시 상록구 충장로 103(사동)","좌표최단거리","0.48","사리역","0.48"
"","경기","경기","안산시-상록구","성포동","중앙역","경기도 안산시 단원구 중앙대로 918","수인선","중앙역 인근","경기도 안산시 단원구 중앙대로 918","좌표최단거리","1.16","중앙역","1.16"
"","경기","경기","안산시-상록구","안산동","수리산역","경기도 군포시 번영로 385","안산과천선","수리산역 인근","경기도 군포시 번영로 385","좌표최단거리","4.79","수리산역","4.79"
"","경기","경기","안산시-상록구","월피동","중앙역","경기도 안산시 단원구 중앙대로 918","수인선","중앙역 인근","경기도 안산시 단원구 중앙대로 918","좌표최단거리","2.16","중앙역","2.16"
"","경기","경기","안산시-상록구","이동","한대앞역","경기도 안산시 상록구 충장로 337","수인선","한대앞역 인근","경기도 안산시 상록구 충장로 337","좌표최단거리","0.11","한대앞역","0.11"
"","경기","경기","안산시-상록구","일동","상록수역","경기도 안산시 상록구 상록수로 61","안산과천선","상록수역 인근","경기도 안산시 상록구 상록수로 61","좌표최단거리","0.79","상록수역","0.79"
"","경기","경기","안산시-상록구","해양동","고잔역","경기도 안산시 단원구 중앙대로 784 ","수인선","고잔역 인근","경기도 안산시 단원구 중앙대로 784 ","좌표최단거리","2.48","고잔역","2.48"
"","경기","경기","안성시","고삼면","","","","고삼면 중심","경기 안성시 고삼면","지역중심","","용인중앙시장역","17.63"
"","경기","경기","안성시","공도읍","평택역","경기도 평택시 평택로 51","경부선","평택역 인근","경기도 평택시 평택로 51","좌표최단거리","7.70","평택역","7.70"
"","경기","경기","안성시","금광면","","","","금광면 중심","경기 안성시 금광면","지역중심","","성환역","19.69"
"","경기","경기","안성시","대덕면","","","","대덕면 중심","경기 안성시 대덕면","지역중심","","평택역","14.56"
"","경기","경기","안성시","미양면","","","","미양면 중심","경기 안성시 미양면","지역중심","","성환역","10.44"
"","경기","경기","안성시","보개면","","","","보개면 중심","경기 안성시 보개면","지역중심","","평택역","20.80"
"","경기","경기","안성시","삼죽면","","","","삼죽면 중심","경기 안성시 삼죽면","지역중심","","이천역","22.80"
"","경기","경기","안성시","서운면","","","","서운면 중심","경기 안성시 서운면","지역중심","","성환역","11.79"
"","경기","경기","안성시","안성동","","","","안성동 중심","경기 안성시 안성동","지역중심","","",""
"","경기","경기","안성시","양성면","","","","양성면 중심","경기 안성시 양성면","지역중심","","평택지제역","14.11"
"","경기","경기","안성시","원곡면","평택지제역","경기도 평택시 경기대로 777","경부선","평택지제역 인근","경기도 평택시 경기대로 777","좌표최단거리","6.91","평택지제역","6.91"
"","경기","경기","안성시","일죽면","","","","일죽면 중심","경기 안성시 일죽면","지역중심","","부발역","18.87"
"","경기","경기","안성시","죽산면","","","","죽산면 중심","경기 안성시 죽산면","지역중심","","이천역","21.95"
"","경기","경기","안양시-동안구","갈산동","평촌역","경기도 안양시 동안구 부림로 지하 123","안산과천선","평촌역 인근","경기도 안양시 동안구 부림로 지하 123","좌표최단거리","2.03","평촌역","2.03"
"","경기","경기","안양시-동안구","관양동","평촌역","경기도 안양시 동안구 부림로 지하 123","안산과천선","평촌역 인근","경기도 안양시 동안구 부림로 지하 123","좌표최단거리","1.11","평촌역","1.11"
"","경기","경기","안양시-동안구","귀인동","평촌역","경기도 안양시 동안구 부림로 지하 123","안산과천선","평촌역 인근","경기도 안양시 동안구 부림로 지하 123","좌표최단거리","1.10","평촌역","1.10"
"","경기","경기","안양시-동안구","달안동","범계역","경기도 안양시 동안구 동안로 지하 130","안산과천선","범계역 인근","경기도 안양시 동안구 동안로 지하 130","좌표최단거리","0.70","범계역","0.70"
"","경기","경기","안양시-동안구","범계동","범계역","경기도 안양시 동안구 동안로 지하 130","안산과천선","범계역 인근","경기도 안양시 동안구 동안로 지하 130","좌표최단거리","0.16","범계역","0.16"
"","경기","경기","안양시-동안구","부림동","평촌역","경기도 안양시 동안구 부림로 지하 123","안산과천선","평촌역 인근","경기도 안양시 동안구 부림로 지하 123","좌표최단거리","0.63","평촌역","0.63"
"","경기","경기","안양시-동안구","부흥동","범계역","경기도 안양시 동안구 동안로 지하 130","안산과천선","범계역 인근","경기도 안양시 동안구 동안로 지하 130","좌표최단거리","0.54","범계역","0.54"
"","경기","경기","안양시-동안구","비산동","범계역","경기도 안양시 동안구 동안로 지하 130","안산과천선","범계역 인근","경기도 안양시 동안구 동안로 지하 130","좌표최단거리","1.45","범계역","1.45"
"","경기","경기","안양시-동안구","신촌동","범계역","경기도 안양시 동안구 동안로 지하 130","안산과천선","범계역 인근","경기도 안양시 동안구 동안로 지하 130","좌표최단거리","1.02","범계역","1.02"
"","경기","경기","안양시-동안구","인덕원동","인덕원역","경기도 안양시 동안구 흥안대로 529","안산과천선","인덕원역 인근","경기도 안양시 동안구 흥안대로 529","동일이름지역검증","","",""
"","경기","경기","안양시-동안구","평안동","평촌역","경기도 안양시 동안구 부림로 지하 123","안산과천선","평촌역 인근","경기도 안양시 동안구 부림로 지하 123","좌표최단거리","0.44","평촌역","0.44"
"","경기","경기","안양시-동안구","평촌동","인덕원역","경기도 안양시 동안구 흥안대로 529","안산과천선","인덕원역 인근","경기도 안양시 동안구 흥안대로 529","좌표최단거리","0.80","인덕원역","0.80"
"","경기","경기","안양시-동안구","호계동","금정역","경기도 군포시 군포로 750","안산과천선","금정역 인근","경기도 군포시 군포로 750","좌표최단거리","1.16","금정역","1.16"
"","경기","경기","안양시-만안구","명학동","명학역","경기도 안양시 만안구 만안로 20","경부선","명학역 인근","경기도 안양시 만안구 만안로 20","동일이름지역검증","","",""
"","경기","경기","안양시-만안구","박달동","광명역","경기도 광명시 광명역로 21","경부선","광명역 인근","경기도 광명시 광명역로 21","좌표최단거리","1.82","광명역","1.82"
"","경기","경기","안양시-만안구","병목안동","","","","병목안동 중심","경기 안양시 만안구 병목안동","지역중심","","",""
"","경기","경기","안양시-만안구","석수동","관악역","경기도 안양시 만안구 경수대로 1273번길 46","경부선","관악역 인근","경기도 안양시 만안구 경수대로 1273번길 46","좌표최단거리","0.22","관악역","0.22"
"","경기","경기","안양시-만안구","안양동","안양역","경기도 안양시 만안구 만안로 232","경부선","안양역 인근","경기도 안양시 만안구 만안로 232","좌표최단거리","0.47","안양역","0.47"
"","경기","경기","안양시-만안구","충훈동","","","","충훈동 중심","경기 안양시 만안구 충훈동","지역중심","","",""
"","경기","경기","안양시-만안구","호현동","","","","호현동 중심","경기 안양시 만안구 호현동","지역중심","","",""
"","경기","경기","양주시","광적면","덕계역","경기도 양주시 고덕로 139번길 317","경원선","덕계역 인근","경기도 양주시 고덕로 139번길 317","좌표최단거리","6.43","덕계역","6.43"
"","경기","경기","양주시","남면","지행역","경기도 동두천시 평화로 2285(지행동)","경원선","지행역 인근","경기도 동두천시 평화로 2285(지행동)","좌표최단거리","6.97","지행역","6.97"
"","경기","경기","양주시","백석읍","양주역","경기도 양주시 평화로 919(남방동 94-1)","경원선","양주역 인근","경기도 양주시 평화로 919(남방동 94-1)","좌표최단거리","5.68","양주역","5.68"
"","경기","경기","양주시","양주동","양주역","경기도 양주시 평화로 919(남방동 94-1)","경원선","양주역 인근","경기도 양주시 평화로 919(남방동 94-1)","동일이름지역검증","","",""
"","경기","경기","양주시","옥정동","덕계역","경기도 양주시 고덕로 139번길 317","경원선","덕계역 인근","경기도 양주시 고덕로 139번길 317","좌표최단거리","2.67","덕계역","2.67"
"","경기","경기","양주시","은현면","지행역","경기도 동두천시 평화로 2285(지행동)","경원선","지행역 인근","경기도 동두천시 평화로 2285(지행동)","좌표최단거리","3.35","지행역","3.35"
"","경기","경기","양주시","장흥면","","","","장흥면 중심","경기 양주시 장흥면","지역중심","","지축역","8.11"
"","경기","경기","양주시","회천동","","","","회천동 중심","경기 양주시 회천동","지역중심","","",""
"","경기","경기","양평군","강상면","양평역","경기도 양평군 양평읍 역전길 30","경의중앙선","양평역 인근","경기도 양평군 양평읍 역전길 30","좌표최단거리","3.85","양평역","3.85"
"","경기","경기","양평군","강하면","국수역","경기도 양평군 양서면 국수역길 45","경의중앙선","국수역 인근","경기도 양평군 양서면 국수역길 45","좌표최단거리","5.21","국수역","5.21"
"","경기","경기","양평군","개군면","원덕역","경기도 양평군 양평읍 원덕흑천길 138","경의중앙선","원덕역 인근","경기도 양평군 양평읍 원덕흑천길 138","좌표최단거리","2.96","원덕역","2.96"
"","경기","경기","양평군","단월면","","","","단월면 중심","경기 양평군 단월면","지역중심","","용문역","12.31"
"","경기","경기","양평군","서종면","","","","서종면 중심","경기 양평군 서종면","지역중심","","대성리역","8.87"
"","경기","경기","양평군","양동면","","","","양동면 중심","경기 양평군 양동면","지역중심","","지평역","10.23"
"","경기","경기","양평군","양서면","양수역","경기도 양평군 양서면 목왕로 55-10","경의중앙선","양수역 인근","경기도 양평군 양서면 목왕로 55-10","좌표최단거리","0.59","양수역","0.59"
"","경기","경기","양평군","양평읍","양평역","경기도 양평군 양평읍 역전길 30","경의중앙선","양평역 인근","경기도 양평군 양평읍 역전길 30","좌표최단거리","0.67","양평역","0.67"
"","경기","경기","양평군","옥천면","아신역","경기도 양평군 옥천면 아신역길 1길 23-3","경의중앙선","아신역 인근","경기도 양평군 옥천면 아신역길 1길 23-3","좌표최단거리","1.22","아신역","1.22"
"","경기","경기","양평군","용문면","용문역","경기도 양평군 용문면 다문리 748-2","경의중앙선","용문역 인근","경기도 양평군 용문면 다문리 748-2","좌표최단거리","2.26","용문역","2.26"
"","경기","경기","양평군","지평면","지평역","경기도 양평군 지평면 지평역길 32","경의중앙선","지평역 인근","경기도 양평군 지평면 지평역길 32","좌표최단거리","3.41","지평역","3.41"
"","경기","경기","양평군","청운면","","","","청운면 중심","경기 양평군 청운면","지역중심","","지평역","13.09"
"","경기","경기","여주시","가남읍","","","","가남읍 중심","경기 여주시 가남읍","지역중심","","세종대왕릉역","9.00"
"","경기","경기","여주시","강천면","여주역","경기도 여주시 교동로 80(교동 403-1)","경강선","여주역 인근","경기도 여주시 교동로 80(교동 403-1)","좌표최단거리","7.83","여주역","7.83"
"","경기","경기","여주시","금사면","","","","금사면 중심","경기 여주시 금사면","지역중심","","원덕역","8.70"
"","경기","경기","여주시","대신면","","","","대신면 중심","경기 여주시 대신면","지역중심","","세종대왕릉역","10.22"
"","경기","경기","여주시","북내면","","","","북내면 중심","경기 여주시 북내면","지역중심","","여주역","8.49"
"","경기","경기","여주시","산북면","","","","산북면 중심","경기 여주시 산북면","지역중심","","양평역","10.27"
"","경기","경기","여주시","세종대왕면","세종대왕릉역","경기도 여주시 능서면 양화로 877","경강선","세종대왕릉역 인근","경기도 여주시 능서면 양화로 877","좌표최단거리","0.39","세종대왕릉역","0.39"
"","경기","경기","여주시","여흥동","여주역","경기도 여주시 교동로 80(교동 403-1)","경강선","여주역 인근","경기도 여주시 교동로 80(교동 403-1)","좌표최단거리","1.69","여주역","1.69"
"","경기","경기","여주시","오학동","여주역","경기도 여주시 교동로 80(교동 403-1)","경강선","여주역 인근","경기도 여주시 교동로 80(교동 403-1)","좌표최단거리","3.46","여주역","3.46"
"","경기","경기","여주시","점동면","","","","점동면 중심","경기 여주시 점동면","지역중심","","여주역","11.21"
"","경기","경기","여주시","중앙동","여주역","경기도 여주시 교동로 80(교동 403-1)","경강선","여주역 인근","경기도 여주시 교동로 80(교동 403-1)","좌표최단거리","1.76","여주역","1.76"
"","경기","경기","여주시","흥천면","세종대왕릉역","경기도 여주시 능서면 양화로 877","경강선","세종대왕릉역 인근","경기도 여주시 능서면 양화로 877","좌표최단거리","6.84","세종대왕릉역","6.84"
"","경기","경기","연천군","군남면","연천역","경기도 연천군 연천읍 연천로 273-7(차탄리)","경원선","연천역 인근","경기도 연천군 연천읍 연천로 273-7(차탄리)","좌표최단거리","4.50","연천역","4.50"
"","경기","경기","연천군","미산면","","","","미산면 중심","경기 연천군 미산면","지역중심","","전곡역","8.29"
"","경기","경기","연천군","백학면","","","","백학면 중심","경기 연천군 백학면","지역중심","","전곡역","15.17"
"","경기","경기","연천군","신서면","","","","신서면 중심","경기 연천군 신서면","지역중심","","연천역","10.86"
"","경기","경기","연천군","연천읍","연천역","경기도 연천군 연천읍 연천로 273-7(차탄리)","경원선","연천역 인근","경기도 연천군 연천읍 연천로 273-7(차탄리)","좌표최단거리","0.42","연천역","0.42"
"","경기","경기","연천군","왕징면","","","","왕징면 중심","경기 연천군 왕징면","지역중심","","연천역","12.25"
"","경기","경기","연천군","장남면","","","","장남면 중심","경기 연천군 장남면","지역중심","","운천역","14.08"
"","경기","경기","연천군","전곡읍","청산역","경기도 연천군 청산면 초성리 170-1","경원선","청산역 인근","경기도 연천군 청산면 초성리 170-1","좌표최단거리","3.21","청산역","3.21"
"","경기","경기","연천군","중면","","","","중면 중심","경기 연천군 중면","지역중심","","연천역","8.14"
"","경기","경기","연천군","청산면","전곡역","경기도 연천군 전곡읍 전곡역로 75(전곡리)","경원선","전곡역 인근","경기도 연천군 전곡읍 전곡역로 75(전곡리)","좌표최단거리","3.14","전곡역","3.14"
"","경기","경기","오산시","남촌동","오산역","경기도 오산시 오산동 역광장로 59","경부선","오산역 인근","경기도 오산시 오산동 역광장로 59","좌표최단거리","1.05","오산역","1.05"
"","경기","경기","오산시","대원동","오산역","경기도 오산시 오산동 역광장로 59","경부선","오산역 인근","경기도 오산시 오산동 역광장로 59","좌표최단거리","0.88","오산역","0.88"
"","경기","경기","오산시","세마동","세마역","경기도 오산시 세마역로 88","경부선","세마역 인근","경기도 오산시 세마역로 88","좌표최단거리","0.25","세마역","0.25"
"","경기","경기","오산시","신장동","오산대역","경기도 오산시 청학로 236","경부선","오산대역 인근","경기도 오산시 청학로 236","좌표최단거리","1.10","오산대역","1.10"
"","경기","경기","오산시","중앙동","오산역","경기도 오산시 오산동 역광장로 59","경부선","오산역 인근","경기도 오산시 오산동 역광장로 59","좌표최단거리","0.95","오산역","0.95"
"","경기","경기","오산시","초평동","오산역","경기도 오산시 오산동 역광장로 59","경부선","오산역 인근","경기도 오산시 오산동 역광장로 59","좌표최단거리","2.10","오산역","2.10"
"","경기","경기","용인시-기흥구","구갈동","기흥역","경기도 용인시 기흥구 중부대로 460","에버라인","기흥역 인근","경기도 용인시 기흥구 중부대로 460","좌표최단거리","0.50","기흥역","0.50"
"","경기","경기","용인시-기흥구","구성동","구성역","경기도 용인시 기흥구 용구대로 2403","분당선","구성역 인근","경기도 용인시 기흥구 용구대로 2403","좌표최단거리","1.21","구성역","1.21"
"","경기","경기","용인시-기흥구","기흥동","상갈역","경기도 용인시 기흥구 금화로 지하 40","분당선","상갈역 인근","경기도 용인시 기흥구 금화로 지하 40","좌표최단거리","3.42","상갈역","3.42"
"","경기","경기","용인시-기흥구","동백동","어정역","경기도 용인시 기흥구 어정로 128","에버라인","어정역 인근","경기도 용인시 기흥구 어정로 128","좌표최단거리","1.83","어정역","1.83"
"","경기","경기","용인시-기흥구","마북동","구성역","경기도 용인시 기흥구 용구대로 2403","분당선","구성역 인근","경기도 용인시 기흥구 용구대로 2403","좌표최단거리","1.02","구성역","1.02"
"","경기","경기","용인시-기흥구","보라동","상갈역","경기도 용인시 기흥구 금화로 지하 40","분당선","상갈역 인근","경기도 용인시 기흥구 금화로 지하 40","좌표최단거리","1.13","상갈역","1.13"
"","경기","경기","용인시-기흥구","보정동","보정역","경기도 용인시 기흥구 용구대로 2560  _x000D_","분당선","보정역 인근","경기도 용인시 기흥구 용구대로 2560  _x000D_","좌표최단거리","0.92","보정역","0.92"
"","경기","경기","용인시-기흥구","상갈동","상갈역","경기도 용인시 기흥구 금화로 지하 40","분당선","상갈역 인근","경기도 용인시 기흥구 금화로 지하 40","좌표최단거리","0.64","상갈역","0.64"
"","경기","경기","용인시-기흥구","상하동","지석역","경기도 용인시 기흥구 어정로 28","에버라인","지석역 인근","경기도 용인시 기흥구 어정로 28","좌표최단거리","0.76","지석역","0.76"
"","경기","경기","용인시-기흥구","서농동","망포역","경기도 수원시 영통구 봉영로 지하 1520","분당선","망포역 인근","경기도 수원시 영통구 봉영로 지하 1520","좌표최단거리","1.30","망포역","1.30"
"","경기","경기","용인시-기흥구","신갈동","신갈역","경기도 용인시 기흥구 기흥로 136","분당선","신갈역 인근","경기도 용인시 기흥구 기흥로 136","좌표최단거리","1.16","신갈역","1.16"
"","경기","경기","용인시-기흥구","영덕동","청명역","경기도 수원시 영통구 봉영로 지하 1670","분당선","청명역 인근","경기도 수원시 영통구 봉영로 지하 1670","좌표최단거리","1.52","청명역","1.52"
"","경기","경기","용인시-수지구","동천동","동천역","경기도 용인시 수지구 신수로 지하760","신분당선","동천역 인근","경기도 용인시 수지구 신수로 지하760","좌표최단거리","1.53","동천역","1.53"
"","경기","경기","용인시-수지구","상현동","상현역","경기도 용인시 수지구 광교중앙로 지하312","신분당선","상현역 인근","경기도 용인시 수지구 광교중앙로 지하312","좌표최단거리","0.83","상현역","0.83"
"","경기","경기","용인시-수지구","성복동","성복역","경기도 용인시 수지구 수지로 지하134","신분당선","성복역 인근","경기도 용인시 수지구 수지로 지하134","좌표최단거리","0.88","성복역","0.88"
"","경기","경기","용인시-수지구","신봉동","성복역","경기도 용인시 수지구 수지로 지하134","신분당선","성복역 인근","경기도 용인시 수지구 수지로 지하134","좌표최단거리","0.77","성복역","0.77"
"","경기","경기","용인시-수지구","죽전동","죽전역","경기도 용인시 수지구 포은대로 530(죽전동 1014)","분당선","죽전역 인근","경기도 용인시 수지구 포은대로 530(죽전동 1014)","좌표최단거리","0.94","죽전역","0.94"
"","경기","경기","용인시-수지구","풍덕천동","수지구청역","경기도 용인시 수지구 풍덕천로 지하120 ","신분당선","수지구청역 인근","경기도 용인시 수지구 풍덕천로 지하120 ","좌표최단거리","0.12","수지구청역","0.12"
"","경기","경기","용인시-처인구","남사읍","진위역","경기도 평택시 경기대로 1855","경부선","진위역 인근","경기도 평택시 경기대로 1855","좌표최단거리","7.84","진위역","7.84"
"","경기","경기","용인시-처인구","동부동","용인중앙시장역","경기도 용인시 처인구 금학로 409","에버라인","용인중앙시장역 인근","경기도 용인시 처인구 금학로 409","좌표최단거리","1.06","용인중앙시장역","1.06"
"","경기","경기","용인시-처인구","모현읍","전대·에버랜드역","경기도 용인시 처인구 포곡읍 에버랜드로 143","에버라인","전대·에버랜드역 인근","경기도 용인시 처인구 포곡읍 에버랜드로 143","좌표최단거리","4.93","전대·에버랜드역","4.93"
"","경기","경기","용인시-처인구","백암면","","","","백암면 중심","경기 용인시 처인구 백암면","지역중심","","이천역","12.67"
"","경기","경기","용인시-처인구","삼가동","삼가역","경기도 용인시 처인구 중부대로 1098","에버라인","삼가역 인근","경기도 용인시 처인구 중부대로 1098","좌표최단거리","0.25","삼가역","0.25"
"","경기","경기","용인시-처인구","양지읍","고진역","경기도 용인시 처인구 경안천로 141","에버라인","고진역 인근","경기도 용인시 처인구 경안천로 141","좌표최단거리","5.90","고진역","5.90"
"","경기","경기","용인시-처인구","역북동","명지대역","경기도 용인시 처인구 금학로 241","에버라인","명지대역 인근","경기도 용인시 처인구 금학로 241","좌표최단거리","0.30","명지대역","0.30"
"","경기","경기","용인시-처인구","원삼면","","","","원삼면 중심","경기 용인시 처인구 원삼면","지역중심","","용인중앙시장역","12.18"
"","경기","경기","용인시-처인구","유림동","보평역","경기도 용인시 처인구 경안천로 313","에버라인","보평역 인근","경기도 용인시 처인구 경안천로 313","좌표최단거리","0.55","보평역","0.55"
"","경기","경기","용인시-처인구","이동읍","","","","이동읍 중심","경기 용인시 처인구 이동읍","지역중심","","김량장역","10.70"
"","경기","경기","용인시-처인구","중앙동","","","","중앙동 중심","경기 용인시 처인구 중앙동","지역중심","","",""
"","경기","경기","용인시-처인구","포곡읍","전대·에버랜드역","경기도 용인시 처인구 포곡읍 에버랜드로 143","에버라인","전대·에버랜드역 인근","경기도 용인시 처인구 포곡읍 에버랜드로 143","좌표최단거리","1.31","전대·에버랜드역","1.31"
"","경기","경기","의왕시","고천동","당정역","경기도 군포시 당정역로 91","경부선","당정역 인근","경기도 군포시 당정역로 91","좌표최단거리","3.44","당정역","3.44"
"","경기","경기","의왕시","내손동","평촌역","경기도 안양시 동안구 부림로 지하 123","안산과천선","평촌역 인근","경기도 안양시 동안구 부림로 지하 123","좌표최단거리","1.91","평촌역","1.91"
"","경기","경기","의왕시","부곡동","의왕역","경기도 의왕시 철도박물관로 66(삼동)","경부선","의왕역 인근","경기도 의왕시 철도박물관로 66(삼동)","좌표최단거리","0.84","의왕역","0.84"
"","경기","경기","의왕시","오전동","군포역","경기도 군포시 군포역1길 27","경부선","군포역 인근","경기도 군포시 군포역1길 27","좌표최단거리","3.12","군포역","3.12"
"","경기","경기","의왕시","청계동","인덕원역","경기도 안양시 동안구 흥안대로 529","안산과천선","인덕원역 인근","경기도 안양시 동안구 흥안대로 529","좌표최단거리","3.66","인덕원역","3.66"
"","경기","경기","의정부시","가능동","흥선역","경기도 의정부시 호국로 1197","의정부","흥선역 인근","경기도 의정부시 호국로 1197","좌표최단거리","0.83","흥선역","0.83"
"","경기","경기","의정부시","고산동","탑석역","경기도 의정부시 충의로 20","의정부","탑석역 인근","경기도 의정부시 충의로 20","좌표최단거리","1.38","탑석역","1.38"
"","경기","경기","의정부시","녹양동","녹양역","경기도 의정부시 평화로 757(녹양동 973)","경원선","녹양역 인근","경기도 의정부시 평화로 757(녹양동 973)","좌표최단거리","0.83","녹양역","0.83"
"","경기","경기","의정부시","송산동","탑석역","경기도 의정부시 충의로 20","의정부","탑석역 인근","경기도 의정부시 충의로 20","좌표최단거리","1.89","탑석역","1.89"
"","경기","경기","의정부시","신곡동","동오역","경기도 의정부시 장곡로 471","의정부","동오역 인근","경기도 의정부시 장곡로 471","좌표최단거리","0.90","동오역","0.90"
"","경기","경기","의정부시","의정부동","의정부역","경기도 의정부시 평화로 525","경원선","의정부역 인근","경기도 의정부시 평화로 525","좌표최단거리","0.09","의정부역","0.09"
"","경기","경기","의정부시","자금동","효자역","경기도 의정부시 부용로 159-40","의정부","효자역 인근","경기도 의정부시 부용로 159-40","좌표최단거리","0.97","효자역","0.97"
"","경기","경기","의정부시","장암동","장암역","경기도 의정부시 동일로 121(장암동)","7호선","장암역 인근","경기도 의정부시 동일로 121(장암동)","좌표최단거리","1.07","장암역","1.07"
"","경기","경기","의정부시","호원동","회룡역","경기도 의정부시 평화로 363","경원선","회룡역 인근","경기도 의정부시 평화로 363","좌표최단거리","0.99","회룡역","0.99"
"","경기","경기","의정부시","흥선동","의정부시청역","경기도 의정부시 의정로 69","의정부","의정부시청역 인근","경기도 의정부시 의정로 69","좌표최단거리","1.55","의정부시청역","1.55"
"","경기","경기","이천시","관고동","이천역","경기도 이천시 이섭대천로 1063","경강선","이천역 인근","경기도 이천시 이섭대천로 1063","좌표최단거리","3.14","이천역","3.14"
"","경기","경기","이천시","대월면","부발역","경기도 이천시 부발읍 신아로 87","경강선","부발역 인근","경기도 이천시 부발읍 신아로 87","좌표최단거리","5.19","부발역","5.19"
"","경기","경기","이천시","마장면","이천역","경기도 이천시 이섭대천로 1063","경강선","이천역 인근","경기도 이천시 이섭대천로 1063","좌표최단거리","7.15","이천역","7.15"
"","경기","경기","이천시","모가면","","","","모가면 중심","경기 이천시 모가면","지역중심","","부발역","9.94"
"","경기","경기","이천시","백사면","부발역","경기도 이천시 부발읍 신아로 87","경강선","부발역 인근","경기도 이천시 부발읍 신아로 87","좌표최단거리","7.13","부발역","7.13"
"","경기","경기","이천시","부발읍","부발역","경기도 이천시 부발읍 신아로 87","경강선","부발역 인근","경기도 이천시 부발읍 신아로 87","좌표최단거리","2.57","부발역","2.57"
"","경기","경기","이천시","설성면","","","","설성면 중심","경기 이천시 설성면","지역중심","","부발역","13.72"
"","경기","경기","이천시","신둔면","신둔도예촌역","경기도 이천시 신둔면 남정로 55","경강선","신둔도예촌역 인근","경기도 이천시 신둔면 남정로 55","좌표최단거리","0.58","신둔도예촌역","0.58"
"","경기","경기","이천시","율면","","","","율면 중심","경기 이천시 율면","지역중심","","부발역","19.23"
"","경기","경기","이천시","장호원읍","","","","장호원읍 중심","경기 이천시 장호원읍","지역중심","","여주역","17.03"
"","경기","경기","이천시","중리동","이천역","경기도 이천시 이섭대천로 1063","경강선","이천역 인근","경기도 이천시 이섭대천로 1063","좌표최단거리","3.26","이천역","3.26"
"","경기","경기","이천시","증포동","이천역","경기도 이천시 이섭대천로 1063","경강선","이천역 인근","경기도 이천시 이섭대천로 1063","좌표최단거리","2.98","이천역","2.98"
"","경기","경기","이천시","창전동","이천역","경기도 이천시 이섭대천로 1063","경강선","이천역 인근","경기도 이천시 이섭대천로 1063","좌표최단거리","2.14","이천역","2.14"
"","경기","경기","이천시","호법면","이천역","경기도 이천시 이섭대천로 1063","경강선","이천역 인근","경기도 이천시 이섭대천로 1063","좌표최단거리","5.65","이천역","5.65"
"","경기","경기","파주시","광탄면","","","","광탄면 중심","경기 파주시 광탄면","지역중심","","월롱역","8.08"
"","경기","경기","파주시","교하동","야당역","경기도 파주시 소리천로 10","경의중앙선","야당역 인근","경기도 파주시 소리천로 10","좌표최단거리","5.45","야당역","5.45"
"","경기","경기","파주시","금촌동","금릉역","경기도 파주시 금릉역로85","경의중앙선","금릉역 인근","경기도 파주시 금릉역로85","좌표최단거리","0.88","금릉역","0.88"
"","경기","경기","파주시","문산읍","문산역","경기도 파주시 문산읍 문산역로 94","경의중앙선","문산역 인근","경기도 파주시 문산읍 문산역로 94","좌표최단거리","1.13","문산역","1.13"
"","경기","경기","파주시","법원읍","","","","법원읍 중심","경기 파주시 법원읍","지역중심","","문산역","9.13"
"","경기","경기","파주시","운정동","운정역","경기도 파주시 운정역길 368(야당동 299-4번지)","경의중앙선","운정역 인근","경기도 파주시 운정역길 368(야당동 299-4번지)","동일이름지역검증","","",""
"","경기","경기","파주시","월롱면","월롱역","경기도 파주시 월롱면 통일로 980","경의중앙선","월롱역 인근","경기도 파주시 월롱면 통일로 980","좌표최단거리","0.23","월롱역","0.23"
"","경기","경기","파주시","장단면","임진강역","경기도 파주시 문산읍 임진각로 115(문산읍)","경의중앙선","임진강역 인근","경기도 파주시 문산읍 임진각로 115(문산읍)","좌표최단거리","3.28","임진강역","3.28"
"","경기","경기","파주시","적성면","","","","적성면 중심","경기 파주시 적성면","지역중심","","소요산역","12.12"
"","경기","경기","파주시","조리읍","금촌역","경기도 파주시 새꽃로 193","경의중앙선","금촌역 인근","경기도 파주시 새꽃로 193","좌표최단거리","3.76","금촌역","3.76"
"","경기","경기","파주시","탄현면","파주역","경기도 파주시 파주읍 주라위길 38","경의중앙선","파주역 인근","경기도 파주시 파주읍 주라위길 38","좌표최단거리","7.26","파주역","7.26"
"","경기","경기","파주시","파주읍","파주역","경기도 파주시 파주읍 주라위길 38","경의중앙선","파주역 인근","경기도 파주시 파주읍 주라위길 38","좌표최단거리","2.62","파주역","2.62"
"","경기","경기","파주시","파평면","","","","파평면 중심","경기 파주시 파평면","지역중심","","운천역","8.22"
"","경기","경기","평택시","고덕동","서정리역","경기도 평택시 탄현로 51","경부선","서정리역 인근","경기도 평택시 탄현로 51","좌표최단거리","1.73","서정리역","1.73"
"","경기","경기","평택시","고덕면","서정리역","경기도 평택시 탄현로 51","경부선","서정리역 인근","경기도 평택시 탄현로 51","좌표최단거리","4.35","서정리역","4.35"
"","경기","경기","평택시","동삭동","평택지제역","경기도 평택시 경기대로 777","경부선","평택지제역 인근","경기도 평택시 경기대로 777","좌표최단거리","2.66","평택지제역","2.66"
"","경기","경기","평택시","비전동","평택역","경기도 평택시 평택로 51","경부선","평택역 인근","경기도 평택시 평택로 51","좌표최단거리","1.78","평택역","1.78"
"","경기","경기","평택시","서정동","송탄역","경기도 평택시 신장동 송탄공원로 43","경부선","송탄역 인근","경기도 평택시 신장동 송탄공원로 43","좌표최단거리","0.83","송탄역","0.83"
"","경기","경기","평택시","서탄면","진위역","경기도 평택시 경기대로 1855","경부선","진위역 인근","경기도 평택시 경기대로 1855","좌표최단거리","3.07","진위역","3.07"
"","경기","경기","평택시","세교동","평택역","경기도 평택시 평택로 51","경부선","평택역 인근","경기도 평택시 평택로 51","좌표최단거리","1.74","평택역","1.74"
"","경기","경기","평택시","송북동","송탄역","경기도 평택시 신장동 송탄공원로 43","경부선","송탄역 인근","경기도 평택시 신장동 송탄공원로 43","좌표최단거리","0.87","송탄역","0.87"
"","경기","경기","평택시","송탄동","평택지제역","경기도 평택시 경기대로 777","경부선","평택지제역 인근","경기도 평택시 경기대로 777","좌표최단거리","3.59","평택지제역","3.59"
"","경기","경기","평택시","신장동","송탄역","경기도 평택시 신장동 송탄공원로 43","경부선","송탄역 인근","경기도 평택시 신장동 송탄공원로 43","좌표최단거리","0.82","송탄역","0.82"
"","경기","경기","평택시","신평동","","","","신평동 중심","경기 평택시 신평동","지역중심","","",""
"","경기","경기","평택시","안중읍","","","","안중읍 중심","경기 평택시 안중읍","지역중심","","평택지제역","13.19"
"","경기","경기","평택시","오성면","평택지제역","경기도 평택시 경기대로 777","경부선","평택지제역 인근","경기도 평택시 경기대로 777","좌표최단거리","7.70","평택지제역","7.70"
"","경기","경기","평택시","용이동","평택역","경기도 평택시 평택로 51","경부선","평택역 인근","경기도 평택시 평택로 51","좌표최단거리","5.14","평택역","5.14"
"","경기","경기","평택시","원평동","평택역","경기도 평택시 평택로 51","경부선","평택역 인근","경기도 평택시 평택로 51","좌표최단거리","0.47","평택역","0.47"
"","경기","경기","평택시","중앙동","서정리역","경기도 평택시 탄현로 51","경부선","서정리역 인근","경기도 평택시 탄현로 51","좌표최단거리","0.31","서정리역","0.31"
"","경기","경기","평택시","지산동","송탄역","경기도 평택시 신장동 송탄공원로 43","경부선","송탄역 인근","경기도 평택시 신장동 송탄공원로 43","좌표최단거리","1.20","송탄역","1.20"
"","경기","경기","평택시","진위면","진위역","경기도 평택시 경기대로 1855","경부선","진위역 인근","경기도 평택시 경기대로 1855","좌표최단거리","1.93","진위역","1.93"
"","경기","경기","평택시","청북읍","","","","청북읍 중심","경기 평택시 청북읍","지역중심","","서정리역","10.80"
"","경기","경기","평택시","통복동","평택역","경기도 평택시 평택로 51","경부선","평택역 인근","경기도 평택시 평택로 51","좌표최단거리","0.70","평택역","0.70"
"","경기","경기","평택시","팽성읍","평택역","경기도 평택시 평택로 51","경부선","평택역 인근","경기도 평택시 평택로 51","좌표최단거리","4.92","평택역","4.92"
"","경기","경기","평택시","포승읍","","","","포승읍 중심","경기 평택시 포승읍","지역중심","","서정리역","18.65"
"","경기","경기","평택시","현덕면","","","","현덕면 중심","경기 평택시 현덕면","지역중심","","평택역","15.12"
"","경기","경기","포천시","가산면","","","","가산면 중심","경기 포천시 가산면","지역중심","","덕정역","11.48"
"","경기","경기","포천시","관인면","","","","관인면 중심","경기 포천시 관인면","지역중심","","연천역","15.09"
"","경기","경기","포천시","군내면","","","","군내면 중심","경기 포천시 군내면","지역중심","","덕정역","14.59"
"","경기","경기","포천시","내촌면","","","","내촌면 중심","경기 포천시 내촌면","지역중심","","진접역","9.06"
"","경기","경기","포천시","선단동","덕정역","경기도 양주시 화합로 1356","경원선","덕정역 인근","경기도 양주시 화합로 1356","좌표최단거리","7.83","덕정역","7.83"
"","경기","경기","포천시","소흘읍","","","","소흘읍 중심","경기 포천시 소흘읍","지역중심","","곤제역","8.29"
"","경기","경기","포천시","신북면","","","","신북면 중심","경기 포천시 신북면","지역중심","","소요산역","10.30"
"","경기","경기","포천시","영북면","","","","영북면 중심","경기 포천시 영북면","지역중심","","연천역","17.78"
"","경기","경기","포천시","영중면","","","","영중면 중심","경기 포천시 영중면","지역중심","","청산역","14.98"
"","경기","경기","포천시","이동면","","","","이동면 중심","경기 포천시 이동면","지역중심","","전곡역","25.80"
"","경기","경기","포천시","일동면","","","","일동면 중심","경기 포천시 일동면","지역중심","","청산역","22.04"
"","경기","경기","포천시","창수면","","","","창수면 중심","경기 포천시 창수면","지역중심","","전곡역","9.09"
"","경기","경기","포천시","포천동","","","","포천동 중심","경기 포천시 포천동","지역중심","","동두천중앙역","10.91"
"","경기","경기","포천시","화현면","","","","화현면 중심","경기 포천시 화현면","지역중심","","동두천중앙역","19.77"
"","경기","경기","하남시","감북동","중앙보훈병원역","서울특별시 강동구 명일로 지하 117","수도권  도시철도 9호선","중앙보훈병원역 인근","서울특별시 강동구 명일로 지하 117","좌표최단거리","1.32","중앙보훈병원역","1.32"
"","경기","경기","하남시","감일동","마천역","서울특별시 송파구 마천로57길 지하7(마천동)","5호선","마천역 인근","서울특별시 송파구 마천로57길 지하7(마천동)","좌표최단거리","1.48","마천역","1.48"
"","경기","경기","하남시","덕풍동","하남시청역","경기도 하남시 하남대로 지하820(덕풍동)","5호선","하남시청역 인근","경기도 하남시 하남대로 지하820(덕풍동)","좌표최단거리","0.57","하남시청역","0.57"
"","경기","경기","하남시","미사동","미사역","경기도 하남시 미사강변동로 지하90(망월동)","5호선","미사역 인근","경기도 하남시 미사강변동로 지하90(망월동)","좌표최단거리","1.34","미사역","1.34"
"","경기","경기","하남시","신장동","하남시청역","경기도 하남시 하남대로 지하820(덕풍동)","5호선","하남시청역 인근","경기도 하남시 하남대로 지하820(덕풍동)","좌표최단거리","0.58","하남시청역","0.58"
"","경기","경기","하남시","위례동","마천역","서울특별시 송파구 마천로57길 지하7(마천동)","5호선","마천역 인근","서울특별시 송파구 마천로57길 지하7(마천동)","좌표최단거리","1.61","마천역","1.61"
"","경기","경기","하남시","천현동","하남검단산역","경기도 하남시 대청로 지하100(창우동)","5호선","하남검단산역 인근","경기도 하남시 대청로 지하100(창우동)","좌표최단거리","3.56","하남검단산역","3.56"
"","경기","경기","하남시","초이동","중앙보훈병원역","서울특별시 강동구 명일로 지하 117","수도권  도시철도 9호선","중앙보훈병원역 인근","서울특별시 강동구 명일로 지하 117","좌표최단거리","2.36","중앙보훈병원역","2.36"
"","경기","경기","하남시","춘궁동","하남시청역","경기도 하남시 하남대로 지하820(덕풍동)","5호선","하남시청역 인근","경기도 하남시 하남대로 지하820(덕풍동)","좌표최단거리","4.00","하남시청역","4.00"
"","경기","경기","화성시-동탄구","동탄동","","","","동탄동 중심","경기 화성시 동탄구 동탄동","지역중심","","",""
"","경기","경기","화성시-만세구","남양읍","야목역","경기도 화성시 매송면 본오매송로 286(야목리)","수인선","야목역 인근","경기도 화성시 매송면 본오매송로 286(야목리)","좌표최단거리","7.93","야목역","7.93"
"","경기","경기","화성시-만세구","마도면","","","","마도면 중심","경기 화성시 만세구 마도면","지역중심","","원시역","10.91"
"","경기","경기","화성시-만세구","새솔동","사리역","경기도 안산시 상록구 충장로 103(사동)","수인선","사리역 인근","경기도 안산시 상록구 충장로 103(사동)","좌표최단거리","3.54","사리역","3.54"
"","경기","경기","화성시-만세구","서신면","","","","서신면 중심","경기 화성시 만세구 서신면","지역중심","","원시역","16.63"
"","경기","경기","화성시-만세구","송산면","","","","송산면 중심","경기 화성시 만세구 송산면","지역중심","","원시역","10.32"
"","경기","경기","화성시-만세구","양감면","","","","양감면 중심","경기 화성시 만세구 양감면","지역중심","","송탄역","9.68"
"","경기","경기","화성시-만세구","우정읍","","","","우정읍 중심","경기 화성시 만세구 우정읍","지역중심","","어천역","19.64"
"","경기","경기","화성시-만세구","장안면","","","","장안면 중심","경기 화성시 만세구 장안면","지역중심","","송탄역","19.79"
"","경기","경기","화성시-만세구","팔탄면","","","","팔탄면 중심","경기 화성시 만세구 팔탄면","지역중심","","어천역","12.93"
"","경기","경기","화성시-만세구","향남읍","","","","향남읍 중심","경기 화성시 만세구 향남읍","지역중심","","세마역","12.49"
"","경기","경기","화성시-병점구","반월동","망포역","경기도 수원시 영통구 봉영로 지하 1520","분당선","망포역 인근","경기도 수원시 영통구 봉영로 지하 1520","좌표최단거리","1.86","망포역","1.86"
"","경기","경기","화성시-병점구","병점동","병점역","경기도 화성시 떡전골로 97","경부선","병점역 인근","경기도 화성시 떡전골로 97","좌표최단거리","0.77","병점역","0.77"
"","경기","경기","화성시-병점구","진안동","병점역","경기도 화성시 떡전골로 97","경부선","병점역 인근","경기도 화성시 떡전골로 97","좌표최단거리","1.05","병점역","1.05"
"","경기","경기","화성시-병점구","화산동","병점역","경기도 화성시 떡전골로 97","경부선","병점역 인근","경기도 화성시 떡전골로 97","좌표최단거리","1.63","병점역","1.63"
"","경기","경기","화성시-효행구","기배동","오목천역","경기도 수원시 권선구 삼천병마로 1576(오목천동)","수인선","오목천역 인근","경기도 수원시 권선구 삼천병마로 1576(오목천동)","좌표최단거리","2.86","오목천역","2.86"
"","경기","경기","화성시-효행구","매송면","어천역","경기도 화성시 매송면 화성로 2227-5(어천리)","수인선","어천역 인근","경기도 화성시 매송면 화성로 2227-5(어천리)","좌표최단거리","0.59","어천역","0.59"
"","경기","경기","화성시-효행구","봉담읍","오목천역","경기도 수원시 권선구 삼천병마로 1576(오목천동)","수인선","오목천역 인근","경기도 수원시 권선구 삼천병마로 1576(오목천동)","좌표최단거리","5.67","오목천역","5.67"
"","경기","경기","화성시-효행구","비봉면","야목역","경기도 화성시 매송면 본오매송로 286(야목리)","수인선","야목역 인근","경기도 화성시 매송면 본오매송로 286(야목리)","좌표최단거리","3.20","야목역","3.20"
"","경기","경기","화성시-효행구","정남면","세마역","경기도 오산시 세마역로 88","경부선","세마역 인근","경기도 오산시 세마역로 88","좌표최단거리","7.04","세마역","7.04"
"","김해","경남","김해","내외동","","","","","","","","",""
"","김해","경남","김해","대동면","","","","","","","","",""
"","김해","경남","김해","동상동","","","","","","","","",""
"","김해","경남","김해","부원동","","","","","","","","",""
"","김해","경남","김해","북부동","","","","","","","","",""
"","김해","경남","김해","불암동","","","","","","","","",""
"","김해","경남","김해","삼안동","","","","","","","","",""
"","김해","경남","김해","상동면","","","","","","","","",""
"","김해","경남","김해","생림면","","","","","","","","",""
"","김해","경남","김해","장유동","","","","","","","","",""
"","김해","경남","김해","주촌면","","","","","","","","",""
"","김해","경남","김해","진례면","","","","","","","","",""
"","김해","경남","김해","진영읍","","","","","","","","",""
"","김해","경남","김해","칠산서부동","","","","","","","","",""
"","김해","경남","김해","한림면","","","","","","","","",""
"","김해","경남","김해","활천동","","","","","","","","",""
"","김해","경남","김해","회현동","","","","","","","","",""
"","창원","경남","마산합포구","가포동","","","","","","","","",""
"","창원","경남","마산합포구","교방동","","","","","","","","",""
"","창원","경남","마산합포구","구산면","","","","","","","","",""
"","창원","경남","마산합포구","문화동","","","","","","","","",""
"","창원","경남","마산합포구","반월중앙동","","","","","","","","",""
"","창원","경남","마산합포구","산호동","","","","","","","","",""
"","창원","경남","마산합포구","오동동","","","","","","","","",""
"","창원","경남","마산합포구","완월동","","","","","","","","",""
"","창원","경남","마산합포구","월영동","","","","","","","","",""
"","창원","경남","마산합포구","자산동","","","","","","","","",""
"","창원","경남","마산합포구","진동면","","","","","","","","",""
"","창원","경남","마산합포구","진북면","","","","","","","","",""
"","창원","경남","마산합포구","진전면","","","","","","","","",""
"","창원","경남","마산합포구","합포동","","","","","","","","",""
"","창원","경남","마산합포구","현동","","","","","","","","",""
"","창원","경남","마산회원구","구암동","","","","","","","","",""
"","창원","경남","마산회원구","내서읍","","","","","","","","",""
"","창원","경남","마산회원구","봉암동","","","","","","","","",""
"","창원","경남","마산회원구","석전동","","","","","","","","",""
"","창원","경남","마산회원구","양덕동","","","","","","","","",""
"","창원","경남","마산회원구","합성동","","","","","","","","",""
"","창원","경남","마산회원구","회성동","","","","","","","","",""
"","창원","경남","마산회원구","회원동","","","","","","","","",""
"","창원","경남","성산구","가음정동","","","","","","","","",""
"","창원","경남","성산구","반송동","","","","","","","","",""
"","창원","경남","성산구","사파동","","","","","","","","",""
"","창원","경남","성산구","상남동","","","","","","","","",""
"","창원","경남","성산구","성주동","","","","","","","","",""
"","창원","경남","성산구","용지동","","","","","","","","",""
"","창원","경남","성산구","웅남동","","","","","","","","",""
"","창원","경남","성산구","중앙동","","","","","","","","",""
"","창원","경남","의창구","대산면","","","","","","","","",""
"","창원","경남","의창구","동읍","","","","","","","","",""
"","창원","경남","의창구","명곡동","","","","","","","","",""
"","창원","경남","의창구","봉림동","","","","","","","","",""
"","창원","경남","의창구","북면","","","","","","","","",""
"","창원","경남","의창구","의창동","","","","","","","","",""
"","창원","경남","의창구","팔룡동","","","","","","","","",""
"","창원","경남","진해구","경화동","","","","","","","","",""
"","창원","경남","진해구","덕산동","","","","","","","","",""
"","창원","경남","진해구","병암동","","","","","","","","",""
"","창원","경남","진해구","석동","","","","","","","","",""
"","창원","경남","진해구","여좌동","","","","","","","","",""
"","창원","경남","진해구","웅동동","","","","","","","","",""
"","창원","경남","진해구","웅천동","","","","","","","","",""
"","창원","경남","진해구","이동","","","","","","","","",""
"","창원","경남","진해구","자은동","","","","","","","","",""
"","창원","경남","진해구","충무동","","","","","","","","",""
"","창원","경남","진해구","태백동","","","","","","","","",""
"","창원","경남","진해구","풍호동","","","","","","","","",""
"","광주광역시","광주광역시","광산구","도산동","","","","","","","","",""
"","광주광역시","광주광역시","광산구","동곡동","","","","","","","","",""
"","광주광역시","광주광역시","광산구","본량동","","","","","","","","",""
"","광주광역시","광주광역시","광산구","비아동","","","","","","","","",""
"","광주광역시","광주광역시","광산구","삼도동","","","","","","","","",""
"","광주광역시","광주광역시","광산구","송정동","","","","","","","","",""
"","광주광역시","광주광역시","광산구","수완동","","","","","","","","",""
"","광주광역시","광주광역시","광산구","신가동","","","","","","","","",""
"","광주광역시","광주광역시","광산구","신창동","","","","","","","","",""
"","광주광역시","광주광역시","광산구","신흥동","","","","","","","","",""
"","광주광역시","광주광역시","광산구","어룡동","","","","","","","","",""
"","광주광역시","광주광역시","광산구","우산동","","","","","","","","",""
"","광주광역시","광주광역시","광산구","운남동","","","","","","","","",""
"","광주광역시","광주광역시","광산구","월곡동","","","","","","","","",""
"","광주광역시","광주광역시","광산구","임곡동","","","","","","","","",""
"","광주광역시","광주광역시","광산구","첨단동","","","","","","","","",""
"","광주광역시","광주광역시","광산구","평동","","","","","","","","",""
"","광주광역시","광주광역시","광산구","하남동","","","","","","","","",""
"","광주광역시","광주광역시","남구","대촌동","","","","","","","","",""
"","광주광역시","광주광역시","남구","방림동","","","","","","","","",""
"","광주광역시","광주광역시","남구","백운동","","","","","","","","",""
"","광주광역시","광주광역시","남구","봉선동","","","","","","","","",""
"","광주광역시","광주광역시","남구","사직동","","","","","","","","",""
"","광주광역시","광주광역시","남구","송암동","","","","","","","","",""
"","광주광역시","광주광역시","남구","양림동","","","","","","","","",""
"","광주광역시","광주광역시","남구","월산동","","","","","","","","",""
"","광주광역시","광주광역시","남구","주월동","","","","","","","","",""
"","광주광역시","광주광역시","남구","진월동","","","","","","","","",""
"","광주광역시","광주광역시","남구","효덕동","","","","","","","","",""
"","광주광역시","광주광역시","동구","계림동","","","","","","","","",""
"","광주광역시","광주광역시","동구","동명동","","","","","","","","",""
"","광주광역시","광주광역시","동구","산수동","","","","","","","","",""
"","광주광역시","광주광역시","동구","서남동","","","","","","","","",""
"","광주광역시","광주광역시","동구","지산동","","","","","","","","",""
"","광주광역시","광주광역시","동구","지원동","","","","","","","","",""
"","광주광역시","광주광역시","동구","충장동","","","","","","","","",""
"","광주광역시","광주광역시","동구","학동","","","","","","","","",""
"","광주광역시","광주광역시","동구","학운동","","","","","","","","",""
"","광주광역시","광주광역시","북구","건국동","","","","","","","","",""
"","광주광역시","광주광역시","북구","동림동","","","","","","","","",""
"","광주광역시","광주광역시","북구","두암동","","","","","","","","",""
"","광주광역시","광주광역시","북구","매곡동","","","","","","","","",""
"","광주광역시","광주광역시","북구","문화동","","","","","","","","",""
"","광주광역시","광주광역시","북구","문흥동","","","","","","","","",""
"","광주광역시","광주광역시","북구","삼각동","","","","","","","","",""
"","광주광역시","광주광역시","북구","석곡동","","","","","","","","",""
"","광주광역시","광주광역시","북구","신안동","","","","","","","","",""
"","광주광역시","광주광역시","북구","신용동","","","","","","","","",""
"","광주광역시","광주광역시","북구","양산동","","","","","","","","",""
"","광주광역시","광주광역시","북구","오치동","","","","","","","","",""
"","광주광역시","광주광역시","북구","용봉동","","","","","","","","",""
"","광주광역시","광주광역시","북구","우산동","","","","","","","","",""
"","광주광역시","광주광역시","북구","운암동","","","","","","","","",""
"","광주광역시","광주광역시","북구","일곡동","","","","","","","","",""
"","광주광역시","광주광역시","북구","임동","","","","","","","","",""
"","광주광역시","광주광역시","북구","중앙동","","","","","","","","",""
"","광주광역시","광주광역시","북구","중흥동","","","","","","","","",""
"","광주광역시","광주광역시","북구","풍향동","","","","","","","","",""
"","광주광역시","광주광역시","서구","광천동","","","","","","","","",""
"","광주광역시","광주광역시","서구","금호동","","","","","","","","",""
"","광주광역시","광주광역시","서구","농성동","","","","","","","","",""
"","광주광역시","광주광역시","서구","동천동","","","","","","","","",""
"","광주광역시","광주광역시","서구","상무동","","","","","","","","",""
"","광주광역시","광주광역시","서구","서창동","","","","","","","","",""
"","광주광역시","광주광역시","서구","양동","","","","","","","","",""
"","광주광역시","광주광역시","서구","유덕동","","","","","","","","",""
"","광주광역시","광주광역시","서구","치평동","","","","","","","","",""
"","광주광역시","광주광역시","서구","풍암동","","","","","","","","",""
"","광주광역시","광주광역시","서구","화정동","","","","","","","","",""
"","대구","대구","군위군","군위읍","","","","","","","","",""
"","대구","대구","군위군","부계면","","","","","","","","",""
"","대구","대구","군위군","산성면","","","","","","","","",""
"","대구","대구","군위군","삼국유사면","","","","","","","","",""
"","대구","대구","군위군","소보면","","","","","","","","",""
"","대구","대구","군위군","우보면","","","","","","","","",""
"","대구","대구","군위군","의흥면","","","","","","","","",""
"","대구","대구","군위군","효령면","","","","","","","","",""
"","대구","대구","남구","대명동","","","","","","","","",""
"","대구","대구","남구","봉덕동","","","","","","","","",""
"","대구","대구","남구","이천동","","","","","","","","",""
"","대구","대구","달서구","감삼동","","","","","","","","",""
"","대구","대구","달서구","도원동","","","","","","","","",""
"","대구","대구","달서구","두류1.2동","","","","","","","","",""
"","대구","대구","달서구","두류동","","","","","","","","",""
"","대구","대구","달서구","본동","","","","","","","","",""
"","대구","대구","달서구","본리동","","","","","","","","",""
"","대구","대구","달서구","상인동","","","","","","","","",""
"","대구","대구","달서구","성당동","","","","","","","","",""
"","대구","대구","달서구","송현동","","","","","","","","",""
"","대구","대구","달서구","신당동","","","","","","","","",""
"","대구","대구","달서구","용산동","","","","","","","","",""
"","대구","대구","달서구","월성동","","","","","","","","",""
"","대구","대구","달서구","유천동","","","","","","","","",""
"","대구","대구","달서구","이곡동","","","","","","","","",""
"","대구","대구","달서구","장기동","","","","","","","","",""
"","대구","대구","달서구","죽전동","","","","","","","","",""
"","대구","대구","달서구","진천동","","","","","","","","",""
"","대구","대구","달성군","가창면","","","","","","","","",""
"","대구","대구","달성군","구지면","","","","","","","","",""
"","대구","대구","달성군","논공읍","","","","","","","","",""
"","대구","대구","달성군","다사읍","","","","","","","","",""
"","대구","대구","달성군","옥포읍","","","","","","","","",""
"","대구","대구","달성군","유가읍","","","","","","","","",""
"","대구","대구","달성군","하빈면","","","","","","","","",""
"","대구","대구","달성군","현풍읍","","","","","","","","",""
"","대구","대구","달성군","화원읍","","","","","","","","",""
"","대구","대구","동구","공산동","","","","","","","","",""
"","대구","대구","동구","도평동","","","","","","","","",""
"","대구","대구","동구","동촌동","","","","","","","","",""
"","대구","대구","동구","방촌동","","","","","","","","",""
"","대구","대구","동구","불로.봉무동","","","","","","","","",""
"","대구","대구","동구","신암동","","","","","","","","",""
"","대구","대구","동구","신천1.2동","","","","","","","","",""
"","대구","대구","동구","신천동","","","","","","","","",""
"","대구","대구","동구","안심동","","","","","","","","",""
"","대구","대구","동구","지저동","","","","","","","","",""
"","대구","대구","동구","해안동","","","","","","","","",""
"","대구","대구","동구","혁신동","","","","","","","","",""
"","대구","대구","동구","효목동","","","","","","","","",""
"","대구","대구","북구","검단동","","","","","","","","",""
"","대구","대구","북구","고성동","","","","","","","","",""
"","대구","대구","북구","관문동","","","","","","","","",""
"","대구","대구","북구","관음동","","","","","","","","",""
"","대구","대구","북구","구암동","","","","","","","","",""
"","대구","대구","북구","국우동","","","","","","","","",""
"","대구","대구","북구","노원동","","","","","","","","",""
"","대구","대구","북구","대현동","","","","","","","","",""
"","대구","대구","북구","동천동","","","","","","","","",""
"","대구","대구","북구","무태조야동","","","","","","","","",""
"","대구","대구","북구","복현동","","","","","","","","",""
"","대구","대구","북구","산격동","","","","","","","","",""
"","대구","대구","북구","읍내동","","","","","","","","",""
"","대구","대구","북구","칠성동","","","","","","","","",""
"","대구","대구","북구","침산동","","","","","","","","",""
"","대구","대구","북구","태전동","","","","","","","","",""
"","대구","대구","서구","내당2.3동","","","","","","","","",""
"","대구","대구","서구","내당동","","","","","","","","",""
"","대구","대구","서구","비산2.3동","","","","","","","","",""
"","대구","대구","서구","비산동","","","","","","","","",""
"","대구","대구","서구","상중이동","","","","","","","","",""
"","대구","대구","서구","원대동","","","","","","","","",""
"","대구","대구","서구","평리동","","","","","","","","",""
"","대구","대구","수성구","고산동","","","","","","","","",""
"","대구","대구","수성구","두산동","","","","","","","","",""
"","대구","대구","수성구","만촌동","","","","","","","","",""
"","대구","대구","수성구","범물동","","","","","","","","",""
"","대구","대구","수성구","범어동","","","","","","","","",""
"","대구","대구","수성구","상동","","","","","","","","",""
"","대구","대구","수성구","수성1가동","","","","","","","","",""
"","대구","대구","수성구","수성2.3가동","","","","","","","","",""
"","대구","대구","수성구","수성4가동","","","","","","","","",""
"","대구","대구","수성구","중동","","","","","","","","",""
"","대구","대구","수성구","지산동","","","","","","","","",""
"","대구","대구","수성구","파동","","","","","","","","",""
"","대구","대구","수성구","황금동","","","","","","","","",""
"","대구","대구","중구","남산동","","","","","","","","",""
"","대구","대구","중구","대봉동","","","","","","","","",""
"","대구","대구","중구","대신동","","","","","","","","",""
"","대구","대구","중구","동인동","","","","","","","","",""
"","대구","대구","중구","삼덕동","","","","","","","","",""
"","대구","대구","중구","성내동","","","","","","","","",""
"","대전","대전","대덕구","대화동","","","","","","","","",""
"","대전","대전","대덕구","덕암동","","","","","","","","",""
"","대전","대전","대덕구","목상동","","","","","","","","",""
"","대전","대전","대덕구","법동","","","","","","","","",""
"","대전","대전","대덕구","비래동","","","","","","","","",""
"","대전","대전","대덕구","석봉동","","","","","","","","",""
"","대전","대전","대덕구","송촌동","","","","","","","","",""
"","대전","대전","대덕구","신탄진동","","","","","","","","",""
"","대전","대전","대덕구","오정동","","","","","","","","",""
"","대전","대전","대덕구","중리동","","","","","","","","",""
"","대전","대전","대덕구","회덕동","","","","","","","","",""
"","대전","대전","동구","가양동","","","","","","","","",""
"","대전","대전","동구","대동","","","","","","","","",""
"","대전","대전","동구","대청동","","","","","","","","",""
"","대전","대전","동구","산내동","","","","","","","","",""
"","대전","대전","동구","삼성동","","","","","","","","",""
"","대전","대전","동구","성남동","","","","","","","","",""
"","대전","대전","동구","신인동","","","","","","","","",""
"","대전","대전","동구","용운동","","","","","","","","",""
"","대전","대전","동구","용전동","","","","","","","","",""
"","대전","대전","동구","자양동","","","","","","","","",""
"","대전","대전","동구","중앙동","","","","","","","","",""
"","대전","대전","동구","판암동","","","","","","","","",""
"","대전","대전","동구","홍도동","","","","","","","","",""
"","대전","대전","동구","효동","","","","","","","","",""
"","대전","대전","서구","가수원동","","","","","","","","",""
"","대전","대전","서구","가장동","","","","","","","","",""
"","대전","대전","서구","갈마동","","","","","","","","",""
"","대전","대전","서구","관저동","","","","","","","","",""
"","대전","대전","서구","괴정동","","","","","","","","",""
"","대전","대전","서구","기성동","","","","","","","","",""
"","대전","대전","서구","내동","","","","","","","","",""
"","대전","대전","서구","도마동","","","","","","","","",""
"","대전","대전","서구","도안동","","","","","","","","",""
"","대전","대전","서구","둔산동","","","","","","","","",""
"","대전","대전","서구","만년동","","","","","","","","",""
"","대전","대전","서구","변동","","","","","","","","",""
"","대전","대전","서구","복수동","","","","","","","","",""
"","대전","대전","서구","용문동","","","","","","","","",""
"","대전","대전","서구","월평동","","","","","","","","",""
"","대전","대전","서구","정림동","","","","","","","","",""
"","대전","대전","서구","탄방동","","","","","","","","",""
"","대전","대전","유성구","관평동","","","","","","","","",""
"","대전","대전","유성구","구즉동","","","","","","","","",""
"","대전","대전","유성구","노은동","","","","","","","","",""
"","대전","대전","유성구","상대동","","","","","","","","",""
"","대전","대전","유성구","신성동","","","","","","","","",""
"","대전","대전","유성구","온천동","","","","","","","","",""
"","대전","대전","유성구","원신흥동","","","","","","","","",""
"","대전","대전","유성구","전민동","","","","","","","","",""
"","대전","대전","유성구","진잠동","","","","","","","","",""
"","대전","대전","유성구","학하동","","","","","","","","",""
"","대전","대전","중구","대사동","","","","","","","","",""
"","대전","대전","중구","대흥동","","","","","","","","",""
"","대전","대전","중구","목동","","","","","","","","",""
"","대전","대전","중구","문창동","","","","","","","","",""
"","대전","대전","중구","문화동","","","","","","","","",""
"","대전","대전","중구","부사동","","","","","","","","",""
"","대전","대전","중구","산성동","","","","","","","","",""
"","대전","대전","중구","석교동","","","","","","","","",""
"","대전","대전","중구","오류동","","","","","","","","",""
"","대전","대전","중구","용두동","","","","","","","","",""
"","대전","대전","중구","유천동","","","","","","","","",""
"","대전","대전","중구","은행선화동","","","","","","","","",""
"","대전","대전","중구","중촌동","","","","","","","","",""
"","대전","대전","중구","태평동","","","","","","","","",""
"","서울","서울","강남구","개포동","개포동역","서울시 강남구 개포동 지하 420(개포동)","분당선","개포동역 인근","서울시 강남구 개포동 지하 420(개포동)","좌표최단거리","0.00","개포동역","0.00"
"","서울","서울","강남구","논현동","학동역","서울특별시 강남구 학동로 지하180(논현동)","7호선","학동역 인근","서울특별시 강남구 학동로 지하180(논현동)","좌표최단거리","0.29","학동역","0.29"
"","서울","서울","강남구","대치동","학여울역","서울특별시 강남구 남부순환로 지하3104(대치동)","3호선","학여울역 인근","서울특별시 강남구 남부순환로 지하3104(대치동)","좌표최단거리","0.51","학여울역","0.51"
"","서울","서울","강남구","도곡동","매봉역","서울특별시 강남구 남부순환로 지하2744(도곡동)","3호선","매봉역 인근","서울특별시 강남구 남부순환로 지하2744(도곡동)","좌표최단거리","0.28","매봉역","0.28"
"","서울","서울","강남구","삼성동","삼성중앙역","서울특별시 강남구 봉은사로 501","수도권  도시철도 9호선","삼성중앙역 인근","서울특별시 강남구 봉은사로 501","좌표최단거리","0.29","삼성중앙역","0.29"
"","서울","서울","강남구","세곡동","수서역","서울특별시 강남구 광평로 지하270(수서동)","3호선","수서역 인근","서울특별시 강남구 광평로 지하270(수서동)","좌표최단거리","1.85","수서역","1.85"
"","서울","서울","강남구","수서동","수서역","서울시 강남구 광평로 지하 270(수서동)","분당선","수서역 인근","서울시 강남구 광평로 지하 270(수서동)","좌표최단거리","0.43","수서역","0.43"
"","서울","서울","강남구","신사동","압구정역","서울특별시 강남구 압구정로 지하172(신사동)","3호선","압구정역 인근","서울특별시 강남구 압구정로 지하172(신사동)","좌표최단거리","0.43","압구정역","0.43"
"","서울","서울","강남구","압구정동","압구정역","서울특별시 강남구 압구정로 지하172(신사동)","3호선","압구정역 인근","서울특별시 강남구 압구정로 지하172(신사동)","좌표최단거리","0.50","압구정역","0.50"
"","서울","서울","강남구","역삼동","역삼역","서울특별시 강남구 테헤란로 지하156(역삼동)","2호선","역삼역 인근","서울특별시 강남구 테헤란로 지하156(역삼동)","좌표최단거리","0.21","역삼역","0.21"
"","서울","서울","강남구","일원동","일원역","서울특별시 강남구 일원로 지하121(일원동)","3호선","일원역 인근","서울특별시 강남구 일원로 지하121(일원동)","좌표최단거리","0.48","일원역","0.48"
"","서울","서울","강남구","일원본동","일원역","서울특별시 강남구 일원로 지하121(일원동)","3호선","일원역 인근","서울특별시 강남구 일원로 지하121(일원동)","좌표최단거리","0.22","일원역","0.22"
"","서울","서울","강남구","청담동","청담역","서울특별시 강남구 학동로 지하508(청담동)","7호선","청담역 인근","서울특별시 강남구 학동로 지하508(청담동)","좌표최단거리","0.74","청담역","0.74"
"","서울","서울","강동구","강일동","강일역","서울특별시 강동구 고덕로 지하456(강일동)","5호선","강일역 인근","서울특별시 강동구 고덕로 지하456(강일동)","좌표최단거리","1.16","강일역","1.16"
"","서울","서울","강동구","고덕동","고덕역","서울특별시 강동구 고덕로 지하253(고덕동)","5호선","고덕역 인근","서울특별시 강동구 고덕로 지하253(고덕동)","좌표최단거리","1.18","고덕역","1.18"
"","서울","서울","강동구","길동","길동역","서울특별시 강동구 양재대로 지하1480(길동)","5호선","길동역 인근","서울특별시 강동구 양재대로 지하1480(길동)","좌표최단거리","0.04","길동역","0.04"
"","서울","서울","강동구","둔촌동","둔촌동역","서울특별시 강동구 양재대로 지하1369(둔촌동)","5호선","둔촌동역 인근","서울특별시 강동구 양재대로 지하1369(둔촌동)","좌표최단거리","0.00","둔촌동역","0.00"
"","서울","서울","강동구","명일동","명일역","서울특별시 강동구 양재대로 지하1632(명일동)","5호선","명일역 인근","서울특별시 강동구 양재대로 지하1632(명일동)","좌표최단거리","0.74","명일역","0.74"
"","서울","서울","강동구","상일동","상일동역","서울특별시 강동구 고덕로 지하359(상일동)","5호선","상일동역 인근","서울특별시 강동구 고덕로 지하359(상일동)","좌표최단거리","0.04","상일동역","0.04"
"","서울","서울","강동구","성내동","둔촌동역","서울특별시 강동구 양재대로 지하1369(둔촌동)","5호선","둔촌동역 인근","서울특별시 강동구 양재대로 지하1369(둔촌동)","좌표최단거리","0.70","둔촌동역","0.70"
"","서울","서울","강동구","암사동","암사역사공원역","서울시 강동구 아리수로 27번길 2","8호선","암사역사공원역 인근","서울시 강동구 아리수로 27번길 2","좌표최단거리","0.60","암사역사공원역","0.60"
"","서울","서울","강동구","천호동","천호역","서울특별시 강동구 천호대로 지하997(천호동)","5호선","천호역 인근","서울특별시 강동구 천호대로 지하997(천호동)","좌표최단거리","0.59","천호역","0.59"
"","서울","서울","강북구","미아동","삼양사거리역","서울특별시 강북구 삼양로 197","우이신설선","삼양사거리역 인근","서울특별시 강북구 삼양로 197","좌표최단거리","0.08","삼양사거리역","0.08"
"","서울","서울","강북구","번동","미아역","서울특별시 강북구 도봉로 지하198(미아동)","4호선","미아역 인근","서울특별시 강북구 도봉로 지하198(미아동)","좌표최단거리","1.04","미아역","1.04"
"","서울","서울","강북구","삼각산동","솔샘역","서울특별시 강북구 솔샘로 지하 189","우이신설선","솔샘역 인근","서울특별시 강북구 솔샘로 지하 189","좌표최단거리","0.56","솔샘역","0.56"
"","서울","서울","강북구","삼양동","솔샘역","서울특별시 강북구 솔샘로 지하 189","우이신설선","솔샘역 인근","서울특별시 강북구 솔샘로 지하 189","좌표최단거리","0.46","솔샘역","0.46"
"","서울","서울","강북구","송중동","미아사거리역","서울특별시 강북구 도봉로 지하50(미아동)","4호선","미아사거리역 인근","서울특별시 강북구 도봉로 지하50(미아동)","좌표최단거리","0.58","미아사거리역","0.58"
"","서울","서울","강북구","송천동","삼양사거리역","서울특별시 강북구 삼양로 197","우이신설선","삼양사거리역 인근","서울특별시 강북구 삼양로 197","좌표최단거리","0.54","삼양사거리역","0.54"
"","서울","서울","강북구","수유동","화계역","서울특별시 강북구 삼양로 341","우이신설선","화계역 인근","서울특별시 강북구 삼양로 341","좌표최단거리","1.18","화계역","1.18"
"","서울","서울","강북구","우이동","솔밭공원역","서울특별시 강북구 삼양로 595","우이신설선","솔밭공원역 인근","서울특별시 강북구 삼양로 595","좌표최단거리","0.41","솔밭공원역","0.41"
"","서울","서울","강북구","인수동","가오리역","서울특별시 강북구 삼양로 426","우이신설선","가오리역 인근","서울특별시 강북구 삼양로 426","좌표최단거리","1.46","가오리역","1.46"
"","서울","서울","강서구","가양동","양천향교역","서울특별시 강서구 양천로 지하341","서울 도시철도 9호선","양천향교역 인근","서울특별시 강서구 양천로 지하341","좌표최단거리","0.75","양천향교역","0.75"
"","서울","서울","강서구","공항동","김포공항역","서울특별시 강서구 하늘길 지하77(방화동)","5호선","김포공항역 인근","서울특별시 강서구 하늘길 지하77(방화동)","좌표최단거리","0.99","김포공항역","0.99"
"","서울","서울","강서구","등촌동","등촌역","서울특별시 강서구 공항대로 지하529","서울 도시철도 9호선","등촌역 인근","서울특별시 강서구 공항대로 지하529","좌표최단거리","0.30","등촌역","0.30"
"","서울","서울","강서구","발산동","발산역","서울특별시 강서구 공항대로 지하267(마곡동)","5호선","발산역 인근","서울특별시 강서구 공항대로 지하267(마곡동)","동일이름지역검증","","",""
"","서울","서울","강서구","방화동","방화역","서울특별시 강서구 금낭화로 지하132(방화동)","5호선","방화역 인근","서울특별시 강서구 금낭화로 지하132(방화동)","좌표최단거리","0.16","방화역","0.16"
"","서울","서울","강서구","염창동","등촌역","서울특별시 강서구 공항대로 지하529","서울 도시철도 9호선","등촌역 인근","서울특별시 강서구 공항대로 지하529","좌표최단거리","0.83","등촌역","0.83"
"","서울","서울","강서구","우장산동","우장산역","서울특별시 강서구 강서로 지하262(화곡동)","5호선","우장산역 인근","서울특별시 강서구 강서로 지하262(화곡동)","좌표최단거리","0.46","우장산역","0.46"
"","서울","서울","강서구","화곡동","화곡역","서울특별시 강서구 화곡로 지하168(화곡동)","5호선","화곡역 인근","서울특별시 강서구 화곡로 지하168(화곡동)","좌표최단거리","0.34","화곡역","0.34"
"","서울","서울","강서구","화곡본동","화곡역","서울특별시 강서구 화곡로 지하168(화곡동)","5호선","화곡역 인근","서울특별시 강서구 화곡로 지하168(화곡동)","좌표최단거리","0.76","화곡역","0.76"
"","서울","서울","관악구","낙성대동","낙성대역","서울특별시 관악구 남부순환로 지하1928(봉천동)","2호선","낙성대역 인근","서울특별시 관악구 남부순환로 지하1928(봉천동)","좌표최단거리","1.07","낙성대역","1.07"
"","서울","서울","관악구","난곡동","서울대벤처타운역","서울특별시 관악구 신림로 144 (신림동)","수도권 경량도시철도 신림선","서울대벤처타운역 인근","서울특별시 관악구 신림로 144 (신림동)","좌표최단거리","1.22","서울대벤처타운역","1.22"
"","서울","서울","관악구","난향동","서울대벤처타운역","서울특별시 관악구 신림로 144 (신림동)","수도권 경량도시철도 신림선","서울대벤처타운역 인근","서울특별시 관악구 신림로 144 (신림동)","좌표최단거리","1.77","서울대벤처타운역","1.77"
"","서울","서울","관악구","남현동","남태령역","서울특별시 서초구 과천대로 지하816(방배동)","4호선","남태령역 인근","서울특별시 서초구 과천대로 지하816(방배동)","좌표최단거리","0.89","남태령역","0.89"
"","서울","서울","관악구","대학동","관악산역","서울특별시 관악구 신림로 23 (신림동)","수도권 경량도시철도 신림선","관악산역 인근","서울특별시 관악구 신림로 23 (신림동)","좌표최단거리","1.89","관악산역","1.89"
"","서울","서울","관악구","미성동","신대방역","서울특별시 동작구 대림로 2(신대방동)","2호선","신대방역 인근","서울특별시 동작구 대림로 2(신대방동)","좌표최단거리","1.49","신대방역","1.49"
"","서울","서울","관악구","보라매동","당곡역","서울특별시 관악구 보라매로 6 (봉천동)","수도권 경량도시철도 신림선","당곡역 인근","서울특별시 관악구 보라매로 6 (봉천동)","좌표최단거리","0.39","당곡역","0.39"
"","서울","서울","관악구","삼성동","서울대벤처타운역","서울특별시 관악구 신림로 144 (신림동)","수도권 경량도시철도 신림선","서울대벤처타운역 인근","서울특별시 관악구 신림로 144 (신림동)","좌표최단거리","1.06","서울대벤처타운역","1.06"
"","서울","서울","관악구","서림동","관악산역","서울특별시 관악구 신림로 23 (신림동)","수도권 경량도시철도 신림선","관악산역 인근","서울특별시 관악구 신림로 23 (신림동)","좌표최단거리","0.56","관악산역","0.56"
"","서울","서울","관악구","서원동","서원역","서울특별시 관악구 신림로 258 (신림동)","수도권 경량도시철도 신림선","서원역 인근","서울특별시 관악구 신림로 258 (신림동)","좌표최단거리","0.18","서원역","0.18"
"","서울","서울","관악구","성현동","숭실대입구역","서울특별시 동작구 상도로 지하378(상도동)","7호선","숭실대입구역 인근","서울특별시 동작구 상도로 지하378(상도동)","좌표최단거리","0.74","숭실대입구역","0.74"
"","서울","서울","관악구","신림동","신림역","서울특별시 관악구 남부순환로 지하1614 (신림동)","수도권 경량도시철도 신림선","신림역 인근","서울특별시 관악구 남부순환로 지하1614 (신림동)","좌표최단거리","0.26","신림역","0.26"
"","서울","서울","관악구","신사동","신대방역","서울특별시 동작구 대림로 2(신대방동)","2호선","신대방역 인근","서울특별시 동작구 대림로 2(신대방동)","좌표최단거리","0.50","신대방역","0.50"
"","서울","서울","관악구","신원동","서원역","서울특별시 관악구 신림로 258 (신림동)","수도권 경량도시철도 신림선","서원역 인근","서울특별시 관악구 신림로 258 (신림동)","좌표최단거리","0.57","서원역","0.57"
"","서울","서울","관악구","은천동","봉천역","서울특별시 관악구 남부순환로 지하1721(봉천동)","2호선","봉천역 인근","서울특별시 관악구 남부순환로 지하1721(봉천동)","좌표최단거리","0.56","봉천역","0.56"
"","서울","서울","관악구","인헌동","낙성대역","서울특별시 관악구 남부순환로 지하1928(봉천동)","2호선","낙성대역 인근","서울특별시 관악구 남부순환로 지하1928(봉천동)","좌표최단거리","0.90","낙성대역","0.90"
"","서울","서울","관악구","조원동","구로디지털단지역","서울특별시 구로구 도림천로 477(구로동)","2호선","구로디지털단지역 인근","서울특별시 구로구 도림천로 477(구로동)","좌표최단거리","0.62","구로디지털단지역","0.62"
"","서울","서울","관악구","중앙동","서울대입구역","서울특별시 관악구 남부순환로 지하1822(봉천동)","2호선","서울대입구역 인근","서울특별시 관악구 남부순환로 지하1822(봉천동)","좌표최단거리","0.36","서울대입구역","0.36"
"","서울","서울","관악구","청룡동","봉천역","서울특별시 관악구 남부순환로 지하1721(봉천동)","2호선","봉천역 인근","서울특별시 관악구 남부순환로 지하1721(봉천동)","좌표최단거리","0.67","봉천역","0.67"
"","서울","서울","관악구","청림동","숭실대입구역","서울특별시 동작구 상도로 지하378(상도동)","7호선","숭실대입구역 인근","서울특별시 동작구 상도로 지하378(상도동)","좌표최단거리","0.90","숭실대입구역","0.90"
"","서울","서울","관악구","행운동","서울대입구역","서울특별시 관악구 남부순환로 지하1822(봉천동)","2호선","서울대입구역 인근","서울특별시 관악구 남부순환로 지하1822(봉천동)","좌표최단거리","0.56","서울대입구역","0.56"
"","서울","서울","광진구","광장동","광나루역","서울특별시 광진구 아차산로 지하571(광장동)","5호선","광나루역 인근","서울특별시 광진구 아차산로 지하571(광장동)","좌표최단거리","0.29","광나루역","0.29"
"","서울","서울","광진구","구의동","구의역","서울특별시 광진구 아차산로 384-1(구의동)","2호선","구의역 인근","서울특별시 광진구 아차산로 384-1(구의동)","좌표최단거리","0.82","구의역","0.82"
"","서울","서울","광진구","군자동","어린이대공원역","서울특별시 광진구 능동로 지하210(화양동)","7호선","어린이대공원역 인근","서울특별시 광진구 능동로 지하210(화양동)","좌표최단거리","0.58","어린이대공원역","0.58"
"","서울","서울","광진구","능동","군자역","서울특별시 광진구 천호대로 지하550(능동)","5호선","군자역 인근","서울특별시 광진구 천호대로 지하550(능동)","좌표최단거리","0.34","군자역","0.34"
"","서울","서울","광진구","자양동","자양역","서울특별시 광진구 능동로 10(자양동)","7호선","자양역 인근","서울특별시 광진구 능동로 10(자양동)","좌표최단거리","0.73","자양역","0.73"
"","서울","서울","광진구","중곡동","중곡역","서울특별시 광진구 능동로 지하417(중곡동)","7호선","중곡역 인근","서울특별시 광진구 능동로 지하417(중곡동)","좌표최단거리","0.43","중곡역","0.43"
"","서울","서울","광진구","화양동","건대입구역","서울특별시 광진구 능동로 지하110(화양동)","7호선","건대입구역 인근","서울특별시 광진구 능동로 지하110(화양동)","좌표최단거리","0.31","건대입구역","0.31"
"","서울","서울","구로구","가리봉동","남구로역","서울특별시 구로구 도림로 지하7(구로동) ","7호선","남구로역 인근","서울특별시 구로구 도림로 지하7(구로동) ","좌표최단거리","0.29","남구로역","0.29"
"","서울","서울","구로구","개봉동","개봉역","서울시 구로구 경인로 40길 47","경인선","개봉역 인근","서울시 구로구 경인로 40길 47","좌표최단거리","0.20","개봉역","0.20"
"","서울","서울","구로구","고척동","구일역","서울시 구로구 구일로 133","경인선","구일역 인근","서울시 구로구 구일로 133","좌표최단거리","0.91","구일역","0.91"
"","서울","서울","구로구","구로동","대림역","서울특별시 구로구 도림천로 351(구로동)","2호선","대림역 인근","서울특별시 구로구 도림천로 351(구로동)","좌표최단거리","0.93","대림역","0.93"
"","서울","서울","구로구","수궁동","온수역","서울시 구로구 부일로 872","경인선","온수역 인근","서울시 구로구 부일로 872","좌표최단거리","0.88","온수역","0.88"
"","서울","서울","구로구","신도림동","도림천역","서울특별시 구로구 경인로67길 160(신도림동)","2호선","도림천역 인근","서울특별시 구로구 경인로67길 160(신도림동)","좌표최단거리","0.45","도림천역","0.45"
"","서울","서울","구로구","오류동","오류동역","서울시 구로구 경인로 20길 13","경인선","오류동역 인근","서울시 구로구 경인로 20길 13","좌표최단거리","0.01","오류동역","0.01"
"","서울","서울","구로구","항동","온수역","서울특별시 구로구 경인로3길 지하64(온수동)","7호선","온수역 인근","서울특별시 구로구 경인로3길 지하64(온수동)","좌표최단거리","1.20","온수역","1.20"
"","서울","서울","금천구","가산동","가산디지털단지역","서울특별시 금천구 벚꽃로 309(가산동)","7호선","가산디지털단지역 인근","서울특별시 금천구 벚꽃로 309(가산동)","좌표최단거리","0.65","가산디지털단지역","0.65"
"","서울","서울","금천구","독산동","독산역","서울시 금천구 벚꽃로 115","경부선","독산역 인근","서울시 금천구 벚꽃로 115","좌표최단거리","0.79","독산역","0.79"
"","서울","서울","금천구","시흥동","금천구청역","서울시 금천구 시흥대로 63길 91","경부선","금천구청역 인근","서울시 금천구 시흥대로 63길 91","좌표최단거리","1.37","금천구청역","1.37"
"","서울","서울","노원구","3동","중계역","서울특별시 노원구 동일로 지하1308-1(중계동)","7호선","중계역 인근","서울특별시 노원구 동일로 지하1308-1(중계동)","좌표최단거리","0.21","중계역","0.21"
"","서울","서울","노원구","4동","불암산역","서울특별시 노원구 상계로 305(상계동)","4호선","불암산역 인근","서울특별시 노원구 상계로 305(상계동)","좌표최단거리","0.77","불암산역","0.77"
"","서울","서울","노원구","7동","중계역","서울특별시 노원구 동일로 지하1308-1(중계동)","7호선","중계역 인근","서울특별시 노원구 동일로 지하1308-1(중계동)","좌표최단거리","0.44","중계역","0.44"
"","서울","서울","노원구","공릉동","화랑대역","서울특별시 노원구 화랑로 지하510(공릉동)","6호선","화랑대역 인근","서울특별시 노원구 화랑로 지하510(공릉동)","좌표최단거리","1.18","화랑대역","1.18"
"","서울","서울","노원구","상계동","불암산역","서울특별시 노원구 상계로 305(상계동)","4호선","불암산역 인근","서울특별시 노원구 상계로 305(상계동)","좌표최단거리","0.66","불암산역","0.66"
"","서울","서울","노원구","월계동","월계역","서울시 노원구 월계로 53길 40(월계2동 261)","경원선","월계역 인근","서울시 노원구 월계로 53길 40(월계2동 261)","좌표최단거리","0.55","월계역","0.55"
"","서울","서울","노원구","중계동","상계역","서울특별시 노원구 상계로 182(상계동)","4호선","상계역 인근","서울특별시 노원구 상계로 182(상계동)","좌표최단거리","1.27","상계역","1.27"
"","서울","서울","노원구","중계본동","상계역","서울특별시 노원구 상계로 182(상계동)","4호선","상계역 인근","서울특별시 노원구 상계로 182(상계동)","좌표최단거리","1.70","상계역","1.70"
"","서울","서울","노원구","하계동","하계역","서울특별시 노원구 동일로 지하1196(하계동)","7호선","하계역 인근","서울특별시 노원구 동일로 지하1196(하계동)","좌표최단거리","0.55","하계역","0.55"
"","서울","서울","도봉구","도봉동","도봉산역","서울시 도봉구 도봉로 964-33","경원선","도봉산역 인근","서울시 도봉구 도봉로 964-33","좌표최단거리","1.46","도봉산역","1.46"
"","서울","서울","도봉구","방학동","방학역","서울시 도봉구 도봉로 150다길 3","경원선","방학역 인근","서울시 도봉구 도봉로 150다길 3","좌표최단거리","1.02","방학역","1.02"
"","서울","서울","도봉구","쌍문동","쌍문역","서울특별시 도봉구 도봉로 지하 486-1(창동)","4호선","쌍문역 인근","서울특별시 도봉구 도봉로 지하 486-1(창동)","좌표최단거리","0.98","쌍문역","0.98"
"","서울","서울","도봉구","창동","창동역","서울시 도봉구 마들로 11길 77(창1동 135-86)","경원선","창동역 인근","서울시 도봉구 마들로 11길 77(창1동 135-86)","좌표최단거리","0.00","창동역","0.00"
"","서울","서울","동대문구","답십리동","답십리역","서울특별시 성동구 천호대로 지하300(용답동)","5호선","답십리역 인근","서울특별시 성동구 천호대로 지하300(용답동)","좌표최단거리","0.40","답십리역","0.40"
"","서울","서울","동대문구","신설동","신설동역","서울특별시 동대문구 왕산로 지하1(신설동)","1호선","신설동역 인근","서울특별시 동대문구 왕산로 지하1(신설동)","좌표최단거리","0.01","신설동역","0.01"
"","서울","서울","동대문구","용두동","제기동역","서울특별시 동대문구 왕산로 지하93(제기동)","1호선","제기동역 인근","서울특별시 동대문구 왕산로 지하93(제기동)","좌표최단거리","0.22","제기동역","0.22"
"","서울","서울","동대문구","이문동","외대앞역","서울시 동대문구 휘경로 27(이문동 360-5)","경원선","외대앞역 인근","서울시 동대문구 휘경로 27(이문동 360-5)","좌표최단거리","0.50","외대앞역","0.50"
"","서울","서울","동대문구","장안동","장한평역","서울특별시 동대문구 천호대로 지하405(장안동)","5호선","장한평역 인근","서울특별시 동대문구 천호대로 지하405(장안동)","좌표최단거리","1.11","장한평역","1.11"
"","서울","서울","동대문구","전농동","청량리역","서울시 동대문구 왕산로 214","경원선","청량리역 인근","서울시 동대문구 왕산로 214","좌표최단거리","0.65","청량리역","0.65"
"","서울","서울","동대문구","제기동","제기동역","서울특별시 동대문구 왕산로 지하93(제기동)","1호선","제기동역 인근","서울특별시 동대문구 왕산로 지하93(제기동)","좌표최단거리","0.05","제기동역","0.05"
"","서울","서울","동대문구","청량리동","청량리역","서울시 동대문구 왕산로 214","경원선","청량리역 인근","서울시 동대문구 왕산로 214","좌표최단거리","0.87","청량리역","0.87"
"","서울","서울","동대문구","회기동","회기역","서울시 동대문구 회기로196(휘경동 317-101)","경의중앙선","회기역 인근","서울시 동대문구 회기로196(휘경동 317-101)","좌표최단거리","0.74","회기역","0.74"
"","서울","서울","동대문구","휘경동","회기역","서울시 동대문구 회기로196(휘경동 317-101)","경원선","회기역 인근","서울시 동대문구 회기로196(휘경동 317-101)","좌표최단거리","0.68","회기역","0.68"
"","서울","서울","동작구","노량진동","노량진역","서울특별시 동작구 노량진로 지하130","서울 도시철도 9호선","노량진역 인근","서울특별시 동작구 노량진로 지하130","좌표최단거리","0.16","노량진역","0.16"
"","서울","서울","동작구","대방동","서울지방병무청역","서울특별시 동작구 여의대방로 지하218 (대방동)","수도권 경량도시철도 신림선","서울지방병무청역 인근","서울특별시 동작구 여의대방로 지하218 (대방동)","좌표최단거리","0.57","서울지방병무청역","0.57"
"","서울","서울","동작구","사당동","남성역","서울특별시 동작구 사당로 지하218(사당동)","7호선","남성역 인근","서울특별시 동작구 사당로 지하218(사당동)","좌표최단거리","0.07","남성역","0.07"
"","서울","서울","동작구","상도동","상도역","서울특별시 동작구 상도로 지하272(상도1동)","7호선","상도역 인근","서울특별시 동작구 상도로 지하272(상도1동)","좌표최단거리","0.56","상도역","0.56"
"","서울","서울","동작구","신대방동","보라매공원역","서울특별시 동작구 여의대방로20길 지하11 (신대방동)","수도권 경량도시철도 신림선","보라매공원역 인근","서울특별시 동작구 여의대방로20길 지하11 (신대방동)","좌표최단거리","0.44","보라매공원역","0.44"
"","서울","서울","동작구","흑석동","흑석역","서울특별시 동작구 현충로 지하90 (흑석동)","서울 도시철도 9호선","흑석역 인근","서울특별시 동작구 현충로 지하90 (흑석동)","좌표최단거리","0.34","흑석역","0.34"
"","서울","서울","마포구","공덕동","애오개역","서울특별시 마포구 마포대로 지하210(아현동)","5호선","애오개역 인근","서울특별시 마포구 마포대로 지하210(아현동)","좌표최단거리","0.47","애오개역","0.47"
"","서울","서울","마포구","대흥동","대흥역","서울특별시 마포구 대흥로 지하85(대흥동)","6호선","대흥역 인근","서울특별시 마포구 대흥로 지하85(대흥동)","좌표최단거리","0.36","대흥역","0.36"
"","서울","서울","마포구","도화동","마포역","서울특별시 마포구 마포대로 지하33(도화동)","5호선","마포역 인근","서울특별시 마포구 마포대로 지하33(도화동)","좌표최단거리","0.31","마포역","0.31"
"","서울","서울","마포구","망원동","망원역","서울특별시 마포구 월드컵로 지하77(망원동)","6호선","망원역 인근","서울특별시 마포구 월드컵로 지하77(망원동)","좌표최단거리","0.81","망원역","0.81"
"","서울","서울","마포구","상암동","증미역","서울특별시 강서구 양천로 지하560","서울 도시철도 9호선","증미역 인근","서울특별시 강서구 양천로 지하560","좌표최단거리","1.84","증미역","1.84"
"","서울","서울","마포구","서강동","상수역","서울특별시 마포구 독막로 지하85(상수동)","6호선","상수역 인근","서울특별시 마포구 독막로 지하85(상수동)","좌표최단거리","0.29","상수역","0.29"
"","서울","서울","마포구","서교동","홍대입구역","서울특별시 마포구 양화로 지하160(동교동)","2호선","홍대입구역 인근","서울특별시 마포구 양화로 지하160(동교동)","좌표최단거리","0.19","홍대입구역","0.19"
"","서울","서울","마포구","성산동","월드컵경기장역","서울특별시 마포구 월드컵로 지하240(성산동)","6호선","월드컵경기장역 인근","서울특별시 마포구 월드컵로 지하240(성산동)","좌표최단거리","0.37","월드컵경기장역","0.37"
"","서울","서울","마포구","신수동","광흥창역","서울특별시 마포구 독막로 지하165(창전동)","6호선","광흥창역 인근","서울특별시 마포구 독막로 지하165(창전동)","좌표최단거리","0.38","광흥창역","0.38"
"","서울","서울","마포구","아현동","애오개역","서울특별시 마포구 마포대로 지하210(아현동)","5호선","애오개역 인근","서울특별시 마포구 마포대로 지하210(아현동)","좌표최단거리","0.50","애오개역","0.50"
"","서울","서울","마포구","연남동","홍대입구역","서울특별시 마포구 양화로 188","인천국제공항선","홍대입구역 인근","서울특별시 마포구 양화로 188","좌표최단거리","0.65","홍대입구역","0.65"
"","서울","서울","마포구","염리동","대흥역","서울특별시 마포구 대흥로 지하85(대흥동)","6호선","대흥역 인근","서울특별시 마포구 대흥로 지하85(대흥동)","좌표최단거리","0.57","대흥역","0.57"
"","서울","서울","마포구","용강동","마포역","서울특별시 마포구 마포대로 지하33(도화동)","5호선","마포역 인근","서울특별시 마포구 마포대로 지하33(도화동)","좌표최단거리","0.37","마포역","0.37"
"","서울","서울","마포구","합정동","합정역","서울특별시 마포구 양화로 지하45(합정동)","6호선","합정역 인근","서울특별시 마포구 양화로 지하45(합정동)","좌표최단거리","0.38","합정역","0.38"
"","서울","서울","서대문구","남가좌동","가좌역","서울시 서대문구 수색로 27(남가좌동)","경의중앙선","가좌역 인근","서울시 서대문구 수색로 27(남가좌동)","좌표최단거리","1.05","가좌역","1.05"
"","서울","서울","서대문구","북가좌동","증산역","서울특별시 은평구 증산로 지하306(증산동)","6호선","증산역 인근","서울특별시 은평구 증산로 지하306(증산동)","좌표최단거리","0.56","증산역","0.56"
"","서울","서울","서대문구","북아현동","아현역","서울특별시 마포구 신촌로 지하270(아현동)","2호선","아현역 인근","서울특별시 마포구 신촌로 지하270(아현동)","좌표최단거리","0.70","아현역","0.70"
"","서울","서울","서대문구","신촌동","신촌역","서울특별시 서대문구 신촌역로 30 신촌민자역사","경의중앙선","신촌역 인근","서울특별시 서대문구 신촌역로 30 신촌민자역사","좌표최단거리","0.72","신촌역","0.72"
"","서울","서울","서대문구","연희동","가좌역","서울시 서대문구 수색로 27(남가좌동)","경의중앙선","가좌역 인근","서울시 서대문구 수색로 27(남가좌동)","좌표최단거리","1.47","가좌역","1.47"
"","서울","서울","서대문구","천연동","서대문역","서울특별시 종로구 통일로 지하126(평동)","5호선","서대문역 인근","서울특별시 종로구 통일로 지하126(평동)","좌표최단거리","0.60","서대문역","0.60"
"","서울","서울","서대문구","충현동","충정로역","서울특별시 서대문구 충정로 지하 28-1(충정로3가)","5호선","충정로역 인근","서울특별시 서대문구 충정로 지하 28-1(충정로3가)","좌표최단거리","0.64","충정로역","0.64"
"","서울","서울","서대문구","홍은동","홍제역","서울특별시 서대문구 통일로 지하440-1(홍제동)","3호선","홍제역 인근","서울특별시 서대문구 통일로 지하440-1(홍제동)","좌표최단거리","0.76","홍제역","0.76"
"","서울","서울","서대문구","홍제동","홍제역","서울특별시 서대문구 통일로 지하440-1(홍제동)","3호선","홍제역 인근","서울특별시 서대문구 통일로 지하440-1(홍제동)","좌표최단거리","0.31","홍제역","0.31"
"","서울","서울","서초구","내곡동","청계산입구역","서울특별시 서초구 청계산로 지하 179","신분당선","청계산입구역 인근","서울특별시 서초구 청계산로 지하 179","좌표최단거리","1.19","청계산입구역","1.19"
"","서울","서울","서초구","반포동","고속터미널역","서울특별시 서초구 신반포로 지하188","서울 도시철도 9호선","고속터미널역 인근","서울특별시 서초구 신반포로 지하188","좌표최단거리","0.29","고속터미널역","0.29"
"","서울","서울","서초구","반포본동","구반포역","서울특별시 서초구 신반포로 지하17","서울 도시철도 9호선","구반포역 인근","서울특별시 서초구 신반포로 지하17","좌표최단거리","0.42","구반포역","0.42"
"","서울","서울","서초구","방배동","방배역","서울특별시 서초구 방배로 지하80(방배동)","2호선","방배역 인근","서울특별시 서초구 방배로 지하80(방배동)","좌표최단거리","0.51","방배역","0.51"
"","서울","서울","서초구","방배본동","내방역","서울특별시 서초구 서초대로 지하103(방배동)","7호선","내방역 인근","서울특별시 서초구 서초대로 지하103(방배동)","좌표최단거리","0.33","내방역","0.33"
"","서울","서울","서초구","서초동","남부터미널역","서울특별시 서초구 서초중앙로 지하31(서초동)","3호선","남부터미널역 인근","서울특별시 서초구 서초중앙로 지하31(서초동)","좌표최단거리","0.39","남부터미널역","0.39"
"","서울","서울","서초구","양재동","양재시민의숲역","서울특별시 서초구 매헌로 지하 116","신분당선","양재시민의숲역 인근","서울특별시 서초구 매헌로 지하 116","좌표최단거리","0.22","양재시민의숲역","0.22"
"","서울","서울","서초구","잠원동","잠원역","서울특별시 서초구 잠원로4길 지하46(잠원동)","3호선","잠원역 인근","서울특별시 서초구 잠원로4길 지하46(잠원동)","좌표최단거리","0.59","잠원역","0.59"
"","서울","서울","성동구","3가동","신금호역","서울특별시 성동구 금호로 지하154(금호동2가)","5호선","신금호역 인근","서울특별시 성동구 금호로 지하154(금호동2가)","좌표최단거리","0.19","신금호역","0.19"
"","서울","서울","성동구","금호1가동","행당역","서울특별시 성동구 행당로 지하89(행당동)","5호선","행당역 인근","서울특별시 성동구 행당로 지하89(행당동)","좌표최단거리","0.56","행당역","0.56"
"","서울","서울","성동구","금호4가동","옥수역","서울시 성동구 동호로 지하21(옥수동)","경원선","옥수역 인근","서울시 성동구 동호로 지하21(옥수동)","좌표최단거리","0.69","옥수역","0.69"
"","서울","서울","성동구","마장동","마장역","서울특별시 성동구 마장로 지하296(마장동)","5호선","마장역 인근","서울특별시 성동구 마장로 지하296(마장동)","좌표최단거리","0.27","마장역","0.27"
"","서울","서울","성동구","사근동","용답역","서울특별시 성동구 용답길 86(용답동)","2호선","용답역 인근","서울특별시 성동구 용답길 86(용답동)","좌표최단거리","0.42","용답역","0.42"
"","서울","서울","성동구","성수1가제1동","","","","성수1가제1동 중심","서울 성동구 성수1가제1동","지역중심","","",""
"","서울","서울","성동구","성수1가제2동","뚝섬역","서울특별시 성동구 아차산로 18(성수동1가)","2호선","뚝섬역 인근","서울특별시 성동구 아차산로 18(성수동1가)","좌표최단거리","0.25","뚝섬역","0.25"
"","서울","서울","성동구","성수2가제1동","","","","성수2가제1동 중심","서울 성동구 성수2가제1동","지역중심","","",""
"","서울","서울","성동구","성수2가제3동","","","","성수2가제3동 중심","서울 성동구 성수2가제3동","지역중심","","",""
"","서울","서울","성동구","송정동","어린이대공원역","서울특별시 광진구 능동로 지하210(화양동)","7호선","어린이대공원역 인근","서울특별시 광진구 능동로 지하210(화양동)","좌표최단거리","0.84","어린이대공원역","0.84"
"","서울","서울","성동구","옥수동","옥수역","서울특별시 성동구 동호로 21(옥수동)","3호선","옥수역 인근","서울특별시 성동구 동호로 21(옥수동)","좌표최단거리","0.07","옥수역","0.07"
"","서울","서울","성동구","왕십리도선동","상왕십리역","서울특별시 성동구 왕십리로 지하374(하왕십리동)","2호선","상왕십리역 인근","서울특별시 성동구 왕십리로 지하374(하왕십리동)","좌표최단거리","0.23","상왕십리역","0.23"
"","서울","서울","성동구","왕십리동","왕십리역","서울시 성동구 왕십리 광장로 17(행당동)","경원선","왕십리역 인근","서울시 성동구 왕십리 광장로 17(행당동)","동일이름지역검증","","",""
"","서울","서울","성동구","용답동","장한평역","서울특별시 동대문구 천호대로 지하405(장안동)","5호선","장한평역 인근","서울특별시 동대문구 천호대로 지하405(장안동)","좌표최단거리","0.58","장한평역","0.58"
"","서울","서울","성동구","응봉동","응봉역","서울시 성동구 고산자로 123(응봉동)","경원선","응봉역 인근","서울시 성동구 고산자로 123(응봉동)","좌표최단거리","0.24","응봉역","0.24"
"","서울","서울","성동구","행당동","왕십리역","서울특별시 성동구 왕십리로 지하300(행당동)","2호선","왕십리역 인근","서울특별시 성동구 왕십리로 지하300(행당동)","좌표최단거리","0.40","왕십리역","0.40"
"","서울","서울","성북구","길음동","길음역","서울특별시 성북구 동소문로 지하248(길음동)","4호선","길음역 인근","서울특별시 성북구 동소문로 지하248(길음동)","좌표최단거리","0.71","길음역","0.71"
"","서울","서울","성북구","돈암동","성신여대입구역","서울특별시 성북구 동소문로 지하102(동선동4가)","4호선","성신여대입구역 인근","서울특별시 성북구 동소문로 지하102(동선동4가)","좌표최단거리","0.66","성신여대입구역","0.66"
"","서울","서울","성북구","동선동","성신여대입구역","서울특별시 성북구 동소문로 지하102(동선동4가)","4호선","성신여대입구역 인근","서울특별시 성북구 동소문로 지하102(동선동4가)","좌표최단거리","0.14","성신여대입구역","0.14"
"","서울","서울","성북구","보문동","보문역","서울특별시 성북구 보문동1가 127-6","우이신설선","보문역 인근","서울특별시 성북구 보문동1가 127-6","좌표최단거리","0.27","보문역","0.27"
"","서울","서울","성북구","삼선동","한성대입구역","서울특별시 성북구 삼선교로 지하1(삼선동1가)","4호선","한성대입구역 인근","서울특별시 성북구 삼선교로 지하1(삼선동1가)","좌표최단거리","0.52","한성대입구역","0.52"
"","서울","서울","성북구","석관동","돌곶이역","서울특별시 성북구 화랑로 지하243(석관동)","6호선","돌곶이역 인근","서울특별시 성북구 화랑로 지하243(석관동)","좌표최단거리","0.53","돌곶이역","0.53"
"","서울","서울","성북구","성북동","한성대입구역","서울특별시 성북구 삼선교로 지하1(삼선동1가)","4호선","한성대입구역 인근","서울특별시 성북구 삼선교로 지하1(삼선동1가)","좌표최단거리","1.45","한성대입구역","1.45"
"","서울","서울","성북구","안암동","안암역","서울특별시 성북구 고려대로 지하89(안암동5가)","6호선","안암역 인근","서울특별시 성북구 고려대로 지하89(안암동5가)","좌표최단거리","0.23","안암역","0.23"
"","서울","서울","성북구","월곡동","월곡역","서울특별시 성북구 월곡로 지하107(하월곡동)","6호선","월곡역 인근","서울특별시 성북구 월곡로 지하107(하월곡동)","동일이름지역검증","","",""
"","서울","서울","성북구","장위동","돌곶이역","서울특별시 성북구 화랑로 지하243(석관동)","6호선","돌곶이역 인근","서울특별시 성북구 화랑로 지하243(석관동)","좌표최단거리","0.82","돌곶이역","0.82"
"","서울","서울","성북구","정릉동","북한산보국문역","서울특별시 성북구 보국문로 지하 88","우이신설선","북한산보국문역 인근","서울특별시 성북구 보국문로 지하 88","좌표최단거리","1.08","북한산보국문역","1.08"
"","서울","서울","성북구","종암동","고려대역","서울특별시 성북구 종암로 지하1(종암동)","6호선","고려대역 인근","서울특별시 성북구 종암로 지하1(종암동)","좌표최단거리","0.71","고려대역","0.71"
"","서울","서울","송파구","가락동","가락시장역","서울특별시 송파구 송파대로 지하257(가락동)","8호선","가락시장역 인근","서울특별시 송파구 송파대로 지하257(가락동)","좌표최단거리","0.20","가락시장역","0.20"
"","서울","서울","송파구","가락본동","경찰병원역","서울특별시 송파구 중대로 지하149(가락동)","3호선","경찰병원역 인근","서울특별시 송파구 중대로 지하149(가락동)","좌표최단거리","0.40","경찰병원역","0.40"
"","서울","서울","송파구","거여동","거여역","서울특별시 송파구 오금로 지하499(거여동)","5호선","거여역 인근","서울특별시 송파구 오금로 지하499(거여동)","좌표최단거리","0.38","거여역","0.38"
"","서울","서울","송파구","마천동","마천역","서울특별시 송파구 마천로57길 지하7(마천동)","5호선","마천역 인근","서울특별시 송파구 마천로57길 지하7(마천동)","좌표최단거리","0.35","마천역","0.35"
"","서울","서울","송파구","문정동","문정역","서울특별시 송파구 송파대로 지하179(문정동)","8호선","문정역 인근","서울특별시 송파구 송파대로 지하179(문정동)","좌표최단거리","0.29","문정역","0.29"
"","서울","서울","송파구","방이동","송파나루역","서울특별시 송파구 백제고분로 지하 446","수도권  도시철도 9호선","송파나루역 인근","서울특별시 송파구 백제고분로 지하 446","좌표최단거리","0.57","송파나루역","0.57"
"","서울","서울","송파구","삼전동","삼전역","서울특별시 송파구 백제고분로 지하 187","수도권  도시철도 9호선","삼전역 인근","서울특별시 송파구 백제고분로 지하 187","좌표최단거리","0.43","삼전역","0.43"
"","서울","서울","송파구","석촌동","석촌역","서울특별시 송파구 석촌동 209","수도권  도시철도 9호선","석촌역 인근","서울특별시 송파구 석촌동 209","좌표최단거리","0.42","석촌역","0.42"
"","서울","서울","송파구","송파동","송파역","서울특별시 송파구 송파대로 지하354(가락동)","8호선","송파역 인근","서울특별시 송파구 송파대로 지하354(가락동)","좌표최단거리","0.60","송파역","0.60"
"","서울","서울","송파구","오금동","오금역","서울특별시 송파구 오금로 지하321(오금동)","3호선","오금역 인근","서울특별시 송파구 오금로 지하321(오금동)","좌표최단거리","0.50","오금역","0.50"
"","서울","서울","송파구","오륜동","올림픽공원역","서울특별시 송파구 양재대로 지하 1233","수도권  도시철도 9호선","올림픽공원역 인근","서울특별시 송파구 양재대로 지하 1233","좌표최단거리","0.41","올림픽공원역","0.41"
"","서울","서울","송파구","위례동","거여역","서울특별시 송파구 오금로 지하499(거여동)","5호선","거여역 인근","서울특별시 송파구 오금로 지하499(거여동)","좌표최단거리","1.46","거여역","1.46"
"","서울","서울","송파구","잠실동","잠실새내역","서울특별시 송파구 올림픽로 지하140(잠실동)","2호선","잠실새내역 인근","서울특별시 송파구 올림픽로 지하140(잠실동)","좌표최단거리","0.09","잠실새내역","0.09"
"","서울","서울","송파구","잠실본동","삼전역","서울특별시 송파구 백제고분로 지하 187","수도권  도시철도 9호선","삼전역 인근","서울특별시 송파구 백제고분로 지하 187","좌표최단거리","0.37","삼전역","0.37"
"","서울","서울","송파구","장지동","장지역","서울특별시 송파구 송파대로 지하82(장지동)","8호선","장지역 인근","서울특별시 송파구 송파대로 지하82(장지동)","좌표최단거리","0.44","장지역","0.44"
"","서울","서울","송파구","풍납동","강동구청역","서울특별시 강동구 올림픽로 지하550(성내동)","8호선","강동구청역 인근","서울특별시 강동구 올림픽로 지하550(성내동)","좌표최단거리","0.61","강동구청역","0.61"
"","서울","서울","양천구","목동","목동역","서울특별시 양천구 오목로 지하245(목동)","5호선","목동역 인근","서울특별시 양천구 오목로 지하245(목동)","좌표최단거리","0.02","목동역","0.02"
"","서울","서울","양천구","신월동","까치산역","서울특별시 강서구 강서로 지하54(화곡동)","5호선","까치산역 인근","서울특별시 강서구 강서로 지하54(화곡동)","좌표최단거리","1.19","까치산역","1.19"
"","서울","서울","양천구","신정동","양천구청역","서울특별시 양천구 목동로3길 지하33(신정동)","2호선","양천구청역 인근","서울특별시 양천구 목동로3길 지하33(신정동)","좌표최단거리","0.48","양천구청역","0.48"
"","서울","서울","영등포구","당산동","당산역","서울특별시 영등포구 당산로 229(당산동6가)","2호선","당산역 인근","서울특별시 영등포구 당산로 229(당산동6가)","좌표최단거리","0.35","당산역","0.35"
"","서울","서울","영등포구","대림동","대림역","서울특별시 영등포구 도림로 지하137(대림동)","7호선","대림역 인근","서울특별시 영등포구 도림로 지하137(대림동)","좌표최단거리","0.55","대림역","0.55"
"","서울","서울","영등포구","도림동","신도림역","서울시 구로구 새말로 117-21","경부선","신도림역 인근","서울시 구로구 새말로 117-21","좌표최단거리","0.70","신도림역","0.70"
"","서울","서울","영등포구","문래동","문래역","서울특별시 영등포구 당산로 지하28(문래동3가)","2호선","문래역 인근","서울특별시 영등포구 당산로 지하28(문래동3가)","좌표최단거리","0.33","문래역","0.33"
"","서울","서울","영등포구","신길동","신풍역","서울특별시 영등포구 신풍로 지하27(신길동)","7호선","신풍역 인근","서울특별시 영등포구 신풍로 지하27(신길동)","좌표최단거리","0.74","신풍역","0.74"
"","서울","서울","영등포구","양평동","선유도역","서울특별시 영등포구 양평로 지하124","서울 도시철도 9호선","선유도역 인근","서울특별시 영등포구 양평로 지하124","좌표최단거리","0.08","선유도역","0.08"
"","서울","서울","영등포구","여의동","여의나루역","서울특별시 영등포구 여의동로 지하343(여의도동)","5호선","여의나루역 인근","서울특별시 영등포구 여의동로 지하343(여의도동)","좌표최단거리","0.29","여의나루역","0.29"
"","서울","서울","영등포구","영등포동","영등포시장역","서울특별시 영등포구 양산로 지하200(영등포동5가)","5호선","영등포시장역 인근","서울특별시 영등포구 양산로 지하200(영등포동5가)","좌표최단거리","0.25","영등포시장역","0.25"
"","서울","서울","영등포구","영등포본동","영등포역","서울시 영등포구 경인로 846(영등포동 1가 618-496)","경부선","영등포역 인근","서울시 영등포구 경인로 846(영등포동 1가 618-496)","좌표최단거리","0.34","영등포역","0.34"
"","서울","서울","용산구","남영동","숙대입구역","서울특별시 용산구 한강대로 지하306(갈월동)","4호선","숙대입구역 인근","서울특별시 용산구 한강대로 지하306(갈월동)","좌표최단거리","0.25","숙대입구역","0.25"
"","서울","서울","용산구","보광동","한남역","서울시 용산구 독서당로6길 12-13(한남동)","경원선","한남역 인근","서울시 용산구 독서당로6길 12-13(한남동)","좌표최단거리","0.83","한남역","0.83"
"","서울","서울","용산구","서빙고동","서빙고역","서울시 용산구 서빙고로 238(서빙고동 241-11)","경원선","서빙고역 인근","서울시 용산구 서빙고로 238(서빙고동 241-11)","좌표최단거리","0.33","서빙고역","0.33"
"","서울","서울","용산구","용문동","효창공원앞역","서울특별시 용산구 백범로 지하287(효창동)","6호선","효창공원앞역 인근","서울특별시 용산구 백범로 지하287(효창동)","좌표최단거리","0.27","효창공원앞역","0.27"
"","서울","서울","용산구","용산2가동","녹사평역","서울특별시 용산구 녹사평대로 지하195(용산동4가)","6호선","녹사평역 인근","서울특별시 용산구 녹사평대로 지하195(용산동4가)","좌표최단거리","0.53","녹사평역","0.53"
"","서울","서울","용산구","원효로동","마포역","서울특별시 마포구 마포대로 지하33(도화동)","5호선","마포역 인근","서울특별시 마포구 마포대로 지하33(도화동)","좌표최단거리","0.81","마포역","0.81"
"","서울","서울","용산구","이촌동","이촌역","서울시 용산구 이촌로 71길 42","경원선","이촌역 인근","서울시 용산구 이촌로 71길 42","좌표최단거리","0.73","이촌역","0.73"
"","서울","서울","용산구","이태원동","이태원역","서울특별시 용산구 이태원로 지하177(이태원동)","6호선","이태원역 인근","서울특별시 용산구 이태원로 지하177(이태원동)","좌표최단거리","0.48","이태원역","0.48"
"","서울","서울","용산구","청파동","서울역","서울특별시 용산구 청파로 378","인천국제공항선","서울역 인근","서울특별시 용산구 청파로 378","좌표최단거리","0.55","서울역","0.55"
"","서울","서울","용산구","한강로동","이촌역","서울특별시 용산구 서빙고로 지하83(용산동5가)","4호선","이촌역 인근","서울특별시 용산구 서빙고로 지하83(용산동5가)","좌표최단거리","0.17","이촌역","0.17"
"","서울","서울","용산구","한남동","한강진역","서울특별시 용산구 이태원로 지하287(한남동)","6호선","한강진역 인근","서울특별시 용산구 이태원로 지하287(한남동)","좌표최단거리","0.52","한강진역","0.52"
"","서울","서울","용산구","효창동","효창공원앞역","서울특별시 용산구 백범로 지하287(효창동)","6호선","효창공원앞역 인근","서울특별시 용산구 백범로 지하287(효창동)","좌표최단거리","0.47","효창공원앞역","0.47"
"","서울","서울","용산구","후암동","서울역","서울특별시 용산구 한강대로 지하392(동자동)","4호선","서울역 인근","서울특별시 용산구 한강대로 지하392(동자동)","좌표최단거리","0.75","서울역","0.75"
"","서울","서울","은평구","갈현동","연신내역","서울특별시 은평구 통일로 지하849(갈현동)","6호선","연신내역 인근","서울특별시 은평구 통일로 지하849(갈현동)","좌표최단거리","0.73","연신내역","0.73"
"","서울","서울","은평구","구산동","구산역","서울특별시 은평구 연서로 지하137-1(구산동)","6호선","구산역 인근","서울특별시 은평구 연서로 지하137-1(구산동)","좌표최단거리","0.80","구산역","0.80"
"","서울","서울","은평구","녹번동","녹번역","서울특별시 은평구 통일로 지하602-1(녹번동)","3호선","녹번역 인근","서울특별시 은평구 통일로 지하602-1(녹번동)","좌표최단거리","0.50","녹번역","0.50"
"","서울","서울","은평구","대조동","구산역","서울특별시 은평구 연서로 지하137-1(구산동)","6호선","구산역 인근","서울특별시 은평구 연서로 지하137-1(구산동)","좌표최단거리","0.51","구산역","0.51"
"","서울","서울","은평구","불광동","독바위역","서울특별시 은평구 불광로 지하129-1(불광동)","6호선","독바위역 인근","서울특별시 은평구 불광로 지하129-1(불광동)","좌표최단거리","0.24","독바위역","0.24"
"","서울","서울","은평구","수색동","수색역","서울시 은평구 수색로 261-1","경의중앙선","수색역 인근","서울시 은평구 수색로 261-1","좌표최단거리","0.49","수색역","0.49"
"","서울","서울","은평구","신사동","새절역","서울특별시 은평구 증산로 지하400(신사동)","6호선","새절역 인근","서울특별시 은평구 증산로 지하400(신사동)","좌표최단거리","0.68","새절역","0.68"
"","서울","서울","은평구","역촌동","역촌역","서울특별시 은평구 서오릉로 지하63(녹번동)","6호선","역촌역 인근","서울특별시 은평구 서오릉로 지하63(녹번동)","좌표최단거리","0.70","역촌역","0.70"
"","서울","서울","은평구","응암동","새절역","서울특별시 은평구 증산로 지하400(신사동)","6호선","새절역 인근","서울특별시 은평구 증산로 지하400(신사동)","좌표최단거리","0.72","새절역","0.72"
"","서울","서울","은평구","증산동","증산역","서울특별시 은평구 증산로 지하306(증산동)","6호선","증산역 인근","서울특별시 은평구 증산로 지하306(증산동)","좌표최단거리","0.38","증산역","0.38"
"","서울","서울","은평구","진관동","구파발역","서울특별시 은평구 진관2로 지하15-25 (진관동)","3호선","구파발역 인근","서울특별시 은평구 진관2로 지하15-25 (진관동)","좌표최단거리","1.58","구파발역","1.58"
"","서울","서울","종로구","4가동","종로3가역","서울특별시 종로구 돈화문로11길 지하 26(돈의동)","5호선","종로3가역 인근","서울특별시 종로구 돈화문로11길 지하 26(돈의동)","좌표최단거리","0.64","종로3가역","0.64"
"","서울","서울","종로구","6가동","종로5가역","서울특별시 종로구 종로 지하216(종로5가)","1호선","종로5가역 인근","서울특별시 종로구 종로 지하216(종로5가)","좌표최단거리","0.28","종로5가역","0.28"
"","서울","서울","종로구","가회동","안국역","서울특별시 종로구 율곡로 지하62(안국동)","3호선","안국역 인근","서울특별시 종로구 율곡로 지하62(안국동)","좌표최단거리","0.84","안국역","0.84"
"","서울","서울","종로구","교남동","독립문역","서울특별시 서대문구 통일로 지하247(현저동)","3호선","독립문역 인근","서울특별시 서대문구 통일로 지하247(현저동)","좌표최단거리","0.58","독립문역","0.58"
"","서울","서울","종로구","무악동","독립문역","서울특별시 서대문구 통일로 지하247(현저동)","3호선","독립문역 인근","서울특별시 서대문구 통일로 지하247(현저동)","좌표최단거리","0.24","독립문역","0.24"
"","서울","서울","종로구","부암동","무악재역","서울특별시 서대문구 통일로 지하361(홍제동)","3호선","무악재역 인근","서울특별시 서대문구 통일로 지하361(홍제동)","좌표최단거리","1.94","무악재역","1.94"
"","서울","서울","종로구","사직동","경복궁역","서울특별시 종로구 사직로 지하130(적선동)","3호선","경복궁역 인근","서울특별시 종로구 사직로 지하130(적선동)","좌표최단거리","0.37","경복궁역","0.37"
"","서울","서울","종로구","삼청동","안국역","서울특별시 종로구 율곡로 지하62(안국동)","3호선","안국역 인근","서울특별시 종로구 율곡로 지하62(안국동)","좌표최단거리","1.50","안국역","1.50"
"","서울","서울","종로구","숭인동","동묘앞역","서울특별시 종로구 종로 359(숭인동)","1호선","동묘앞역 인근","서울특별시 종로구 종로 359(숭인동)","좌표최단거리","0.40","동묘앞역","0.40"
"","서울","서울","종로구","이화동","혜화역","서울특별시 종로구 대학로 지하120(명륜4가)","4호선","혜화역 인근","서울특별시 종로구 대학로 지하120(명륜4가)","좌표최단거리","0.67","혜화역","0.67"
"","서울","서울","종로구","창신동","동묘앞역","서울특별시 종로구 종로 359(숭인동)","1호선","동묘앞역 인근","서울특별시 종로구 종로 359(숭인동)","좌표최단거리","0.42","동묘앞역","0.42"
"","서울","서울","종로구","청운효자동","경복궁역","서울특별시 종로구 사직로 지하130(적선동)","3호선","경복궁역 인근","서울특별시 종로구 사직로 지하130(적선동)","좌표최단거리","1.11","경복궁역","1.11"
"","서울","서울","종로구","평창동","독바위역","서울특별시 은평구 불광로 지하129-1(불광동)","6호선","독바위역 인근","서울특별시 은평구 불광로 지하129-1(불광동)","좌표최단거리","3.06","독바위역","3.06"
"","서울","서울","종로구","혜화동","한성대입구역","서울특별시 성북구 삼선교로 지하1(삼선동1가)","4호선","한성대입구역 인근","서울특별시 성북구 삼선교로 지하1(삼선동1가)","좌표최단거리","0.35","한성대입구역","0.35"
"","서울","서울","중구","광희동","동대문역사문화공원역","서울특별시 중구 장충단로 지하230(광희동2가)","4호선","동대문역사문화공원역 인근","서울특별시 중구 장충단로 지하230(광희동2가)","좌표최단거리","0.08","동대문역사문화공원역","0.08"
"","서울","서울","중구","다산동","약수역","서울특별시 중구 다산로 지하115(신당동)","6호선","약수역 인근","서울특별시 중구 다산로 지하115(신당동)","좌표최단거리","0.21","약수역","0.21"
"","서울","서울","중구","동화동","청구역","서울특별시 중구 청구로 지하77(신당동)","5호선","청구역 인근","서울특별시 중구 청구로 지하77(신당동)","좌표최단거리","0.34","청구역","0.34"
"","서울","서울","중구","명동","명동역","서울특별시 중구 퇴계로 지하126(충무로2가)","4호선","명동역 인근","서울특별시 중구 퇴계로 지하126(충무로2가)","좌표최단거리","0.11","명동역","0.11"
"","서울","서울","중구","소공동","시청역","서울특별시 중구 세종대로 지하101(정동)","1호선","시청역 인근","서울특별시 중구 세종대로 지하101(정동)","좌표최단거리","0.27","시청역","0.27"
"","서울","서울","중구","신당동","신당역","서울특별시 중구 다산로 지하260(흥인동)","6호선","신당역 인근","서울특별시 중구 다산로 지하260(흥인동)","좌표최단거리","0.28","신당역","0.28"
"","서울","서울","중구","약수동","버티고개역","서울특별시 중구 다산로 지하38(신당동)","6호선","버티고개역 인근","서울특별시 중구 다산로 지하38(신당동)","좌표최단거리","0.33","버티고개역","0.33"
"","서울","서울","중구","을지로동","을지로4가역","서울특별시 중구 을지로 지하178(을지로4가)","2호선","을지로4가역 인근","서울특별시 중구 을지로 지하178(을지로4가)","좌표최단거리","0.07","을지로4가역","0.07"
"","서울","서울","중구","장충동","동대입구역","서울특별시 중구 동호로 지하256(장충동2가)","3호선","동대입구역 인근","서울특별시 중구 동호로 지하256(장충동2가)","좌표최단거리","0.42","동대입구역","0.42"
"","서울","서울","중구","중림동","충정로역","서울특별시 서대문구 서소문로 지하17(충정로3가)","2호선","충정로역 인근","서울특별시 서대문구 서소문로 지하17(충정로3가)","좌표최단거리","0.37","충정로역","0.37"
"","서울","서울","중구","청구동","약수역","서울특별시 중구 다산로 지하122(신당동)","3호선","약수역 인근","서울특별시 중구 다산로 지하122(신당동)","좌표최단거리","0.41","약수역","0.41"
"","서울","서울","중구","필동","충무로역","서울특별시 중구 퇴계로 지하214(필동2가)","3호선","충무로역 인근","서울특별시 중구 퇴계로 지하214(필동2가)","좌표최단거리","0.53","충무로역","0.53"
"","서울","서울","중구","황학동","신당역","서울특별시 중구 퇴계로 지하431-1(신당동)","2호선","신당역 인근","서울특별시 중구 퇴계로 지하431-1(신당동)","좌표최단거리","0.29","신당역","0.29"
"","서울","서울","중구","회현동","회현역","서울특별시 중구 퇴계로 지하54(남창동)","4호선","회현역 인근","서울특별시 중구 퇴계로 지하54(남창동)","좌표최단거리","0.26","회현역","0.26"
"","서울","서울","중랑구","8동","신내역","서울특별시 중랑구 용마산로136길 33 신내차량기지","6호선","신내역 인근","서울특별시 중랑구 용마산로136길 33 신내차량기지","좌표최단거리","1.15","신내역","1.15"
"","서울","서울","중랑구","망우동","신내역","서울특별시 중랑구 용마산로136길 33 신내차량기지","6호선","신내역 인근","서울특별시 중랑구 용마산로136길 33 신내차량기지","좌표최단거리","1.33","신내역","1.33"
"","서울","서울","중랑구","망우본동","신내역","서울특별시 중랑구 용마산로136길 33 신내차량기지","6호선","신내역 인근","서울특별시 중랑구 용마산로136길 33 신내차량기지","좌표최단거리","1.16","신내역","1.16"
"","서울","서울","중랑구","면목동","사가정역","서울특별시 중랑구 사가정로 지하393(면목동)","7호선","사가정역 인근","서울특별시 중랑구 사가정로 지하393(면목동)","좌표최단거리","0.24","사가정역","0.24"
"","서울","서울","중랑구","면목본동","면목역","서울특별시 중랑구 면목로 지하407(면목동) ","7호선","면목역 인근","서울특별시 중랑구 면목로 지하407(면목동) ","좌표최단거리","0.17","면목역","0.17"
"","서울","서울","중랑구","묵동","먹골역","서울특별시 중랑구 동일로 지하901(묵동)","7호선","먹골역 인근","서울특별시 중랑구 동일로 지하901(묵동)","좌표최단거리","0.25","먹골역","0.25"
"","서울","서울","중랑구","상봉동","망우역","서울시 중랑구 망우로 55길 11-10","경춘선","망우역 인근","서울시 중랑구 망우로 55길 11-10","좌표최단거리","0.10","망우역","0.10"
"","서울","서울","중랑구","신내동","봉화산역","서울특별시 중랑구 신내로 지하232(신내동)","6호선","봉화산역 인근","서울특별시 중랑구 신내로 지하232(신내동)","좌표최단거리","0.77","봉화산역","0.77"
"","서울","서울","중랑구","중화동","중화역","서울특별시 중랑구 동일로 지하797(중화동)","7호선","중화역 인근","서울특별시 중랑구 동일로 지하797(중화동)","좌표최단거리","0.23","중화역","0.23"
"","인천","인천","강화군","강화읍","","","","강화읍 중심","인천 강화군 강화읍","지역중심","","양촌역","16.54"
"","인천","인천","강화군","교동면","","","","교동면 중심","인천 강화군 교동면","지역중심","","양촌역","34.46"
"","인천","인천","강화군","길상면","","","","길상면 중심","인천 강화군 길상면","지역중심","","양촌역","10.34"
"","인천","인천","강화군","내가면","","","","내가면 중심","인천 강화군 내가면","지역중심","","양촌역","21.90"
"","인천","인천","강화군","불은면","","","","불은면 중심","인천 강화군 불은면","지역중심","","양촌역","11.48"
"","인천","인천","강화군","삼산면","","","","삼산면 중심","인천 강화군 삼산면","지역중심","","양촌역","28.35"
"","인천","인천","강화군","서도면","","","","서도면 중심","인천 강화군 서도면","지역중심","","인천공항2터미널역","27.60"
"","인천","인천","강화군","선원면","","","","선원면 중심","인천 강화군 선원면","지역중심","","양촌역","13.83"
"","인천","인천","강화군","송해면","","","","송해면 중심","인천 강화군 송해면","지역중심","","양촌역","20.06"
"","인천","인천","강화군","양도면","","","","양도면 중심","인천 강화군 양도면","지역중심","","양촌역","16.65"
"","인천","인천","강화군","양사면","","","","양사면 중심","인천 강화군 양사면","지역중심","","양촌역","25.64"
"","인천","인천","강화군","하점면","","","","하점면 중심","인천 강화군 하점면","지역중심","","양촌역","23.23"
"","인천","인천","강화군","화도면","","","","화도면 중심","인천 강화군 화도면","지역중심","","영종역","14.87"
"","인천","인천","검단구","검단동","검단사거리역","인천광역시 서구 검단로 473 (왕길동)","인천지하철 2호선","검단사거리역 인근","인천광역시 서구 검단로 473 (왕길동)","좌표최단거리","1.46","검단사거리역","1.46"
"","인천","인천","검단구","당하동","독정역","인천광역시 서구 서곶로 760 (백석동)","인천지하철 2호선","독정역 인근","인천광역시 서구 서곶로 760 (백석동)","좌표최단거리","0.40","독정역","0.40"
"","인천","인천","검단구","마전동","마전역","인천광역시 서구 완정로 68 (마전동)","인천지하철 2호선","마전역 인근","인천광역시 서구 완정로 68 (마전동)","좌표최단거리","0.09","마전역","0.09"
"","인천","인천","검단구","불로대곡동","검단호수공원역","인천광역시 서구 불로동 608-16","인천지하철 1호선","검단호수공원역 인근","인천광역시 서구 불로동 608-16","좌표최단거리","1.87","검단호수공원역","1.87"
"","인천","인천","검단구","아라동","아라역","인천광역시 서구 당하동 1238","인천지하철 1호선","아라역 인근","인천광역시 서구 당하동 1238","좌표최단거리","0.16","아라역","0.16"
"","인천","인천","검단구","오류왕길동","검단오류역","인천광역시 서구 검단로 187 (오류동)","인천지하철 2호선","검단오류역 인근","인천광역시 서구 검단로 187 (오류동)","좌표최단거리","2.17","검단오류역","2.17"
"","인천","인천","검단구","원당동","신검단중앙역","인천광역시 서구 원당로652","인천지하철 1호선","신검단중앙역 인근","인천광역시 서구 원당로652","좌표최단거리","1.21","신검단중앙역","1.21"
"","인천","인천","계양구","계산동","경인교대입구역","인천광역시 계양구 계양대로 162","인천지하철 1호선","경인교대입구역 인근","인천광역시 계양구 계양대로 162","좌표최단거리","0.60","경인교대입구역","0.60"
"","인천","인천","계양구","계양동","계양역","인천광역시 계양구 다남로 24","인천국제공항선","계양역 인근","인천광역시 계양구 다남로 24","동일이름지역검증","","",""
"","인천","인천","계양구","작전동","작전역","인천광역시 계양구 게양대로 73","인천지하철 1호선","작전역 인근","인천광역시 계양구 게양대로 73","좌표최단거리","0.29","작전역","0.29"
"","인천","인천","계양구","작전서운동","임학역","인천광역시 계양구 장제로 875","인천지하철 1호선","임학역 인근","인천광역시 계양구 장제로 875","좌표최단거리","1.74","임학역","1.74"
"","인천","인천","계양구","효성동","작전역","인천광역시 계양구 게양대로 73","인천지하철 1호선","작전역 인근","인천광역시 계양구 게양대로 73","좌표최단거리","1.42","작전역","1.42"
"","인천","인천","남동구","간석동","간석오거리역","인천광역시 남동구 경인로 674","인천지하철 1호선","간석오거리역 인근","인천광역시 남동구 경인로 674","좌표최단거리","0.25","간석오거리역","0.25"
"","인천","인천","남동구","구월동","예술회관역","인천광역시 남동구 예술로 172","인천지하철 1호선","예술회관역 인근","인천광역시 남동구 예술로 172","좌표최단거리","0.52","예술회관역","0.52"
"","인천","인천","남동구","남촌도림동","선학역","인천광역시 연수구 경원대로 480","인천지하철 1호선","선학역 인근","인천광역시 연수구 경원대로 480","좌표최단거리","2.01","선학역","2.01"
"","인천","인천","남동구","논현고잔동","호구포역","인천시 남동구 호구포로 205","수인선","호구포역 인근","인천시 남동구 호구포로 205","좌표최단거리","1.02","호구포역","1.02"
"","인천","인천","남동구","논현동","인천논현역","인천시 남동구 청능대로 567","수인선","인천논현역 인근","인천시 남동구 청능대로 567","좌표최단거리","0.43","인천논현역","0.43"
"","인천","인천","남동구","만수동","만수역","인천광역시 남동구 구월로 지하 367 (만수동)","인천지하철 2호선","만수역 인근","인천광역시 남동구 구월로 지하 367 (만수동)","좌표최단거리","0.43","만수역","0.43"
"","인천","인천","남동구","서창동","운연역","인천광역시 남동구 매소홀로 1229 (운연동)","인천지하철 2호선","운연역 인근","인천광역시 남동구 매소홀로 1229 (운연동)","좌표최단거리","1.24","운연역","1.24"
"","인천","인천","남동구","장수서창동","인천대공원역","인천광역시 남동구 수인로 3677 (장수동)","인천지하철 2호선","인천대공원역 인근","인천광역시 남동구 수인로 3677 (장수동)","좌표최단거리","0.54","인천대공원역","0.54"
"","인천","인천","미추홀구","3동","도화역","인천시 남구 숙골로 24번길 9","경인선","도화역 인근","인천시 남구 숙골로 24번길 9","좌표최단거리","0.77","도화역","0.77"
"","인천","인천","미추홀구","4동","인하대역","인천시 남구 용현동 294-3","수인선","인하대역 인근","인천시 남구 용현동 294-3","좌표최단거리","0.98","인하대역","0.98"
"","인천","인천","미추홀구","관교동","인천터미널역","인천광역시 미추홀구 예술로 85","인천지하철 1호선","인천터미널역 인근","인천광역시 미추홀구 예술로 85","좌표최단거리","0.80","인천터미널역","0.80"
"","인천","인천","미추홀구","도화동","제물포역","인천시 남구 경인로 129","경인선","제물포역 인근","인천시 남구 경인로 129","좌표최단거리","0.65","제물포역","0.65"
"","인천","인천","미추홀구","문학동","문학경기장역","인천광역시 연수구 예술로 2","인천지하철 1호선","문학경기장역 인근","인천광역시 연수구 예술로 2","좌표최단거리","1.40","문학경기장역","1.40"
"","인천","인천","미추홀구","숭의동","제물포역","인천시 남구 경인로 129","경인선","제물포역 인근","인천시 남구 경인로 129","좌표최단거리","0.68","제물포역","0.68"
"","인천","인천","미추홀구","용현동","인하대역","인천시 남구 용현동 294-3","수인선","인하대역 인근","인천시 남구 용현동 294-3","좌표최단거리","0.30","인하대역","0.30"
"","인천","인천","미추홀구","주안동","시민공원역","인천광역시 미추홀구 경인로 371 (주안동)","인천지하철 2호선","시민공원역 인근","인천광역시 미추홀구 경인로 371 (주안동)","좌표최단거리","0.12","시민공원역","0.12"
"","인천","인천","미추홀구","학익동","인하대역","인천시 남구 용현동 294-3","수인선","인하대역 인근","인천시 남구 용현동 294-3","좌표최단거리","1.08","인하대역","1.08"
"","인천","인천","부평구","갈산동","갈산역","인천광역시 부평구 부평대로 286","인천지하철 1호선","갈산역 인근","인천광역시 부평구 부평대로 286","좌표최단거리","0.50","갈산역","0.50"
"","인천","인천","부평구","부개동","부개역","인천시 부평구 수변로 22","경인선","부개역 인근","인천시 부평구 수변로 22","좌표최단거리","0.63","부개역","0.63"
"","인천","인천","부평구","부평동","부평역","인천광역시 부평구 광장로 15","인천지하철 1호선","부평역 인근","인천광역시 부평구 광장로 15","좌표최단거리","0.04","부평역","0.04"
"","인천","인천","부평구","산곡동","산곡역","인천광역시 부평구 길주로 지하 379 (산곡동)","도시철도 7호선","산곡역 인근","인천광역시 부평구 길주로 지하 379 (산곡동)","좌표최단거리","1.05","산곡역","1.05"
"","인천","인천","부평구","삼산동","삼산체육관역","인천광역시 부평구 길주로 지하 713 (삼산동)","도시철도 7호선","삼산체육관역 인근","인천광역시 부평구 길주로 지하 713 (삼산동)","좌표최단거리","0.97","삼산체육관역","0.97"
"","인천","인천","부평구","십정동","동암역","인천시 부평구 동암광장로 10","경인선","동암역 인근","인천시 부평구 동암광장로 10","좌표최단거리","0.81","동암역","0.81"
"","인천","인천","부평구","일신동","송내역","경기도 부천시 소사구 송내대로 43","경인선","송내역 인근","경기도 부천시 소사구 송내대로 43","좌표최단거리","0.88","송내역","0.88"
"","인천","인천","부평구","청천동","갈산역","인천광역시 부평구 부평대로 286","인천지하철 1호선","갈산역 인근","인천광역시 부평구 부평대로 286","좌표최단거리","1.20","갈산역","1.20"
"","인천","인천","서해구","가정동","가정역","인천광역시 서구 봉오대로 234 (가정동)","인천지하철 2호선","가정역 인근","인천광역시 서구 봉오대로 234 (가정동)","좌표최단거리","0.23","가정역","0.23"
"","인천","인천","서해구","가좌동","인천가좌역","인천광역시 서구 가석로 67 (가좌동)","인천지하철 2호선","인천가좌역 인근","인천광역시 서구 가석로 67 (가좌동)","좌표최단거리","0.22","인천가좌역","0.22"
"","인천","인천","서해구","검암경서동","검바위역","인천광역시 서구 서곶로 492 (검암동)","인천지하철 2호선","검바위역 인근","인천광역시 서구 서곶로 492 (검암동)","좌표최단거리","1.90","검바위역","1.90"
"","인천","인천","서해구","석남동","석남역","인천광역시 서구 길주로 지하 120 (석남동)","도시철도 7호선","석남역 인근","인천광역시 서구 길주로 지하 120 (석남동)","좌표최단거리","0.50","석남역","0.50"
"","인천","인천","서해구","신현원창동","청라국제도시역","인천광역시 서구 에코로 163","인천국제공항선","청라국제도시역 인근","인천광역시 서구 에코로 163","좌표최단거리","3.75","청라국제도시역","3.75"
"","인천","인천","서해구","연희동","아시아드경기장역","인천광역시 서구 서곶로 382 (연희동)","인천지하철 2호선","아시아드경기장역 인근","인천광역시 서구 서곶로 382 (연희동)","좌표최단거리","0.58","아시아드경기장역","0.58"
"","인천","인천","서해구","청라동","청라국제도시역","인천광역시 서구 에코로 163","인천국제공항선","청라국제도시역 인근","인천광역시 서구 에코로 163","좌표최단거리","2.65","청라국제도시역","2.65"
"","인천","인천","연수구","동춘동","동막역","인천광역시 연수구 경원대로 80","인천지하철 1호선","동막역 인근","인천광역시 연수구 경원대로 80","좌표최단거리","1.04","동막역","1.04"
"","인천","인천","연수구","선학동","선학역","인천광역시 연수구 경원대로 480","인천지하철 1호선","선학역 인근","인천광역시 연수구 경원대로 480","좌표최단거리","0.25","선학역","0.25"
"","인천","인천","연수구","송도동","인천대입구역","인천광역시 연수구 인천타워대로 155","인천지하철 1호선","인천대입구역 인근","인천광역시 연수구 인천타워대로 155","좌표최단거리","0.58","인천대입구역","0.58"
"","인천","인천","연수구","연수동","연수역","인천시 연수구 벚꽃로 115","수인선","연수역 인근","인천시 연수구 벚꽃로 115","좌표최단거리","0.64","연수역","0.64"
"","인천","인천","연수구","옥련동","송도역","인천시 연수구 비류대로 175(옥련동)","수인선","송도역 인근","인천시 연수구 비류대로 175(옥련동)","좌표최단거리","0.85","송도역","0.85"
"","인천","인천","연수구","청학동","송도역","인천시 연수구 비류대로 175(옥련동)","수인선","송도역 인근","인천시 연수구 비류대로 175(옥련동)","좌표최단거리","1.13","송도역","1.13"
"","인천","인천","영종구","영종동","영종역","인천광역시 중구 백운로414번길 75","인천국제공항선","영종역 인근","인천광역시 중구 백운로414번길 75","좌표최단거리","1.56","영종역","1.56"
"","인천","인천","영종구","용유동","용유역","인천시 중구 용유로 44","자기부상철도","용유역 인근","인천시 중구 용유로 44","좌표최단거리","1.92","용유역","1.92"
"","인천","인천","영종구","운서동","운서역","인천광역시 중구 흰바위로59번길 26","인천국제공항선","운서역 인근","인천광역시 중구 흰바위로59번길 26","좌표최단거리","1.14","운서역","1.14"
"","인천","인천","옹진군","대청면","","","","대청면 중심","인천 옹진군 대청면","지역중심","","인천공항2터미널역","157.59"
"","인천","인천","옹진군","덕적면","","","","덕적면 중심","인천 옹진군 덕적면","지역중심","","용유역","34.68"
"","인천","인천","옹진군","백령면","","","","백령면 중심","인천 옹진군 백령면","지역중심","","인천공항2터미널역","163.23"
"","인천","인천","옹진군","북도면","인천공항2터미널역","인천광역시 중구 공항로 272","인천국제공항선","인천공항2터미널역 인근","인천광역시 중구 공항로 272","좌표최단거리","7.34","인천공항2터미널역","7.34"
"","인천","인천","옹진군","연평면","","","","연평면 중심","인천 옹진군 연평면","지역중심","","인천공항2터미널역","68.80"
"","인천","인천","옹진군","영흥면","","","","영흥면 중심","인천 옹진군 영흥면","지역중심","","용유역","19.41"
"","인천","인천","옹진군","자월면","","","","자월면 중심","인천 옹진군 자월면","지역중심","","용유역","21.90"
"","인천","인천","제물포구","2동","신포역","인천시 중구 우현로 지하 3","수인선","신포역 인근","인천시 중구 우현로 지하 3","좌표최단거리","2.44","신포역","2.44"
"","인천","인천","제물포구","개항동","인천역","인천시 중구 제물량로 269","수인선","인천역 인근","인천시 중구 제물량로 269","좌표최단거리","0.71","인천역","0.71"
"","인천","인천","제물포구","금창동","도원역","인천시 동구 참외전로 245","경인선","도원역 인근","인천시 동구 참외전로 245","좌표최단거리","0.40","도원역","0.40"
"","인천","인천","제물포구","도원동","도원역","인천시 동구 참외전로 245","경인선","도원역 인근","인천시 동구 참외전로 245","좌표최단거리","0.29","도원역","0.29"
"","인천","인천","제물포구","동인천동","동인천역","인천시 중구 참외전로 119","경인선","동인천역 인근","인천시 중구 참외전로 119","좌표최단거리","0.41","동인천역","0.41"
"","인천","인천","제물포구","만석동","인천역","인천시 중구 제물량로 269","수인선","인천역 인근","인천시 중구 제물량로 269","좌표최단거리","1.13","인천역","1.13"
"","인천","인천","제물포구","송림동","도원역","인천시 동구 참외전로 245","경인선","도원역 인근","인천시 동구 참외전로 245","좌표최단거리","1.11","도원역","1.11"
"","인천","인천","제물포구","송현동","동인천역","인천시 중구 참외전로 119","경인선","동인천역 인근","인천시 중구 참외전로 119","좌표최단거리","1.43","동인천역","1.43"
"","인천","인천","제물포구","신포동","신포역","인천시 중구 우현로 지하 3","수인선","신포역 인근","인천시 중구 우현로 지하 3","좌표최단거리","0.34","신포역","0.34"
"","인천","인천","제물포구","신흥동","숭의역","인천시 남구 인주대로 지하6","수인선","숭의역 인근","인천시 남구 인주대로 지하6","좌표최단거리","0.56","숭의역","0.56"
"","인천","인천","제물포구","연안동","신포역","인천시 중구 우현로 지하 3","수인선","신포역 인근","인천시 중구 우현로 지하 3","좌표최단거리","3.23","신포역","3.23"
"","인천","인천","제물포구","율목동","동인천역","인천시 중구 참외전로 119","경인선","동인천역 인근","인천시 중구 참외전로 119","좌표최단거리","0.63","동인천역","0.63"
"","인천","인천","제물포구","화수동","동인천역","인천시 중구 참외전로 119","경인선","동인천역 인근","인천시 중구 참외전로 119","좌표최단거리","0.79","동인천역","0.79"
"","인천","인천","제물포구","화평동","동인천역","인천시 중구 참외전로 119","경인선","동인천역 인근","인천시 중구 참외전로 119","좌표최단거리","0.45","동인천역","0.45"
"","익산","전북","익산","금마면","","","","","","","","",""
"","익산","전북","익산","남중동","","","","","","","","",""
"","익산","전북","익산","낭산면","","","","","","","","",""
"","익산","전북","익산","동산동","","","","","","","","",""
"","익산","전북","익산","마동","","","","","","","","",""
"","익산","전북","익산","망성면","","","","","","","","",""
"","익산","전북","익산","모현동","","","","","","","","",""
"","익산","전북","익산","삼기면","","","","","","","","",""
"","익산","전북","익산","삼성동","","","","","","","","",""
"","익산","전북","익산","성당면","","","","","","","","",""
"","익산","전북","익산","송학동","","","","","","","","",""
"","익산","전북","익산","신동","","","","","","","","",""
"","익산","전북","익산","어양동","","","","","","","","",""
"","익산","전북","익산","여산면","","","","","","","","",""
"","익산","전북","익산","영등동","","","","","","","","",""
"","익산","전북","익산","오산면","","","","","","","","",""
"","익산","전북","익산","왕궁면","","","","","","","","",""
"","익산","전북","익산","용동면","","","","","","","","",""
"","익산","전북","익산","용안면","","","","","","","","",""
"","익산","전북","익산","웅포면","","","","","","","","",""
"","익산","전북","익산","인화동","","","","","","","","",""
"","익산","전북","익산","중앙동","","","","","","","","",""
"","익산","전북","익산","춘포면","","","","","","","","",""
"","익산","전북","익산","팔봉동","","","","","","","","",""
"","익산","전북","익산","평화동","","","","","","","","",""
"","익산","전북","익산","함라면","","","","","","","","",""
"","익산","전북","익산","함열읍","","","","","","","","",""
"","익산","전북","익산","황등면","","","","","","","","",""
"","전주","전북","덕진구","금암동","","","","","","","","",""
"","전주","전북","덕진구","덕진동","","","","","","","","",""
"","전주","전북","덕진구","송천동","","","","","","","","",""
"","전주","전북","덕진구","여의동","","","","","","","","",""
"","전주","전북","덕진구","우아동","","","","","","","","",""
"","전주","전북","덕진구","인후동","","","","","","","","",""
"","전주","전북","덕진구","조촌동","","","","","","","","",""
"","전주","전북","덕진구","진북동","","","","","","","","",""
"","전주","전북","덕진구","팔복동","","","","","","","","",""
"","전주","전북","덕진구","혁신동","","","","","","","","",""
"","전주","전북","덕진구","호성동","","","","","","","","",""
"","전주","전북","완산구","노송동","","","","","","","","",""
"","전주","전북","완산구","동서학동","","","","","","","","",""
"","전주","전북","완산구","삼천동","","","","","","","","",""
"","전주","전북","완산구","서서학동","","","","","","","","",""
"","전주","전북","완산구","서신동","","","","","","","","",""
"","전주","전북","완산구","완산동","","","","","","","","",""
"","전주","전북","완산구","중앙동","","","","","","","","",""
"","전주","전북","완산구","중화산동","","","","","","","","",""
"","전주","전북","완산구","평화동","","","","","","","","",""
"","전주","전북","완산구","풍남동","","","","","","","","",""
"","전주","전북","완산구","효자동","","","","","","","","",""
"","계룡","충남","계룡","금암동","","","","","","","","",""
"","계룡","충남","계룡","두마면","","","","","","","","",""
"","계룡","충남","계룡","신도안면","","","","","","","","",""
"","계룡","충남","계룡","엄사면","","","","","","","","",""
"","공주","충남","공주","계룡면","","","","","","","","",""
"","공주","충남","공주","금학동","","","","","","","","",""
"","공주","충남","공주","반포면","","","","","","","","",""
"","공주","충남","공주","사곡면","","","","","","","","",""
"","공주","충남","공주","신관동","","","","","","","","",""
"","공주","충남","공주","신풍면","","","","","","","","",""
"","공주","충남","공주","옥룡동","","","","","","","","",""
"","공주","충남","공주","우성면","","","","","","","","",""
"","공주","충남","공주","웅진동","","","","","","","","",""
"","공주","충남","공주","월송동","","","","","","","","",""
"","공주","충남","공주","유구읍","","","","","","","","",""
"","공주","충남","공주","의당면","","","","","","","","",""
"","공주","충남","공주","이인면","","","","","","","","",""
"","공주","충남","공주","정안면","","","","","","","","",""
"","공주","충남","공주","중학동","","","","","","","","",""
"","공주","충남","공주","탄천면","","","","","","","","",""
"","아산","충남","아산","도고면","신창(순천향대)역","충남 아산시 신창면 행목로 50","장항선","신창(순천향대)역 인근","충남 아산시 신창면 행목로 50","좌표최단거리","5.55","신창(순천향대)역","5.55"
"","아산","충남","아산","둔포면","성환역","충남 천안시 서북구 성환읍 성환1로 237-5(성환리 449-128)","경부선","성환역 인근","충남 천안시 서북구 성환읍 성환1로 237-5(성환리 449-128)","좌표최단거리","7.88","성환역","7.88"
"","아산","충남","아산","배방읍","배방역","충남 아산시 배방읍 온천대로 1967","장항선","배방역 인근","충남 아산시 배방읍 온천대로 1967","좌표최단거리","1.79","배방역","1.79"
"","아산","충남","아산","선장면","신창(순천향대)역","충남 아산시 신창면 행목로 50","장항선","신창(순천향대)역 인근","충남 아산시 신창면 행목로 50","좌표최단거리","7.72","신창(순천향대)역","7.72"
"","아산","충남","아산","송악면","온양온천역","충남 아산시 온천대로 1496(온천동 56-9)","장항선","온양온천역 인근","충남 아산시 온천대로 1496(온천동 56-9)","좌표최단거리","5.57","온양온천역","5.57"
"","아산","충남","아산","신창면","신창(순천향대)역","충남 아산시 신창면 행목로 50","장항선","신창(순천향대)역 인근","충남 아산시 신창면 행목로 50","좌표최단거리","2.80","신창(순천향대)역","2.80"
"","아산","충남","아산","염치읍","온양온천역","충남 아산시 온천대로 1496(온천동 56-9)","장항선","온양온천역 인근","충남 아산시 온천대로 1496(온천동 56-9)","좌표최단거리","4.67","온양온천역","4.67"
"","아산","충남","아산","영인면","","","","영인면 중심","충남 아산 영인면","지역중심","","온양온천역","11.89"
"","아산","충남","아산","온양동","","","","온양동 중심","충남 아산 온양동","지역중심","","",""
"","아산","충남","아산","음봉면","","","","음봉면 중심","충남 아산 음봉면","지역중심","","직산역","8.48"
"","아산","충남","아산","인주면","","","","인주면 중심","충남 아산 인주면","지역중심","","신창(순천향대)역","11.70"
"","아산","충남","아산","탕정면","탕정역","충청남도 아산시 탕정면 매곡중앙6로 11","장항선","탕정역 인근","충청남도 아산시 탕정면 매곡중앙6로 11","좌표최단거리","2.74","탕정역","2.74"
"","천안","충남","천안","광덕면","","","","광덕면 중심","충남 천안 광덕면","지역중심","","배방역","11.79"
"","천안","충남","천안","동면","","","","동면 중심","충남 천안 동면","지역중심","","천안역","19.58"
"","천안","충남","천안","목천읍","천안역","충남 천안시 동남구 대흥로 239(대흥동 57-1)","경부선","천안역 인근","충남 천안시 동남구 대흥로 239(대흥동 57-1)","좌표최단거리","6.75","천안역","6.75"
"","천안","충남","천안","문성동","천안역","충남 천안시 동남구 대흥로 239(대흥동 57-1)","경부선","천안역 인근","충남 천안시 동남구 대흥로 239(대흥동 57-1)","좌표최단거리","0.36","천안역","0.36"
"","천안","충남","천안","백석동","두정역","충남 천안시 서북구 두정로 289(두정동 84-1)","경부선","두정역 인근","충남 천안시 서북구 두정로 289(두정동 84-1)","좌표최단거리","2.96","두정역","2.96"
"","천안","충남","천안","병천면","","","","병천면 중심","충남 천안 병천면","지역중심","","천안역","14.97"
"","천안","충남","천안","봉명동","봉명역","충남 천안시 동남구 차돌로 51(봉명동 20-2)","장항선","봉명역 인근","충남 천안시 동남구 차돌로 51(봉명동 20-2)","좌표최단거리","0.56","봉명역","0.56"
"","천안","충남","천안","부성동","","","","부성동 중심","충남 천안 부성동","지역중심","","",""
"","천안","충남","천안","북면","","","","북면 중심","충남 천안 북면","지역중심","","두정역","10.73"
"","천안","충남","천안","불당동","아산역","충남 아산시 배방읍 희망로 90(장재리 325-3)","장항선","아산역 인근","충남 아산시 배방읍 희망로 90(장재리 325-3)","좌표최단거리","2.24","아산역","2.24"
"","천안","충남","천안","성거읍","직산역","충남 천안시 서북구 직산읍 천안대로 1471-33","경부선","직산역 인근","충남 천안시 서북구 직산읍 천안대로 1471-33","좌표최단거리","4.85","직산역","4.85"
"","천안","충남","천안","성남면","","","","성남면 중심","충남 천안 성남면","지역중심","","천안역","11.50"
"","천안","충남","천안","성정동","천안역","충남 천안시 동남구 대흥로 239(대흥동 57-1)","경부선","천안역 인근","충남 천안시 동남구 대흥로 239(대흥동 57-1)","좌표최단거리","0.93","천안역","0.93"
"","천안","충남","천안","성환읍","성환역","충남 천안시 서북구 성환읍 성환1로 237-5(성환리 449-128)","경부선","성환역 인근","충남 천안시 서북구 성환읍 성환1로 237-5(성환리 449-128)","좌표최단거리","0.17","성환역","0.17"
"","천안","충남","천안","수신면","","","","수신면 중심","충남 천안 수신면","지역중심","","천안역","15.43"
"","천안","충남","천안","신방동","쌍용(나사렛대)역","충청남도 천안시 서북구 쌍용19로 20  _x000D_","장항선","쌍용(나사렛대)역 인근","충청남도 천안시 서북구 쌍용19로 20  _x000D_","좌표최단거리","1.13","쌍용(나사렛대)역","1.13"
"","천안","충남","천안","신안동","천안역","충남 천안시 동남구 대흥로 239(대흥동 57-1)","경부선","천안역 인근","충남 천안시 동남구 대흥로 239(대흥동 57-1)","좌표최단거리","1.48","천안역","1.48"
"","천안","충남","천안","쌍용동","봉명역","충남 천안시 동남구 차돌로 51(봉명동 20-2)","장항선","봉명역 인근","충남 천안시 동남구 차돌로 51(봉명동 20-2)","좌표최단거리","0.35","봉명역","0.35"
"","천안","충남","천안","원성동","천안역","충남 천안시 동남구 대흥로 239(대흥동 57-1)","경부선","천안역 인근","충남 천안시 동남구 대흥로 239(대흥동 57-1)","좌표최단거리","1.30","천안역","1.30"
"","천안","충남","천안","일봉동","봉명역","충남 천안시 동남구 차돌로 51(봉명동 20-2)","장항선","봉명역 인근","충남 천안시 동남구 차돌로 51(봉명동 20-2)","좌표최단거리","0.51","봉명역","0.51"
"","천안","충남","천안","입장면","","","","입장면 중심","충남 천안 입장면","지역중심","","직산역","8.16"
"","천안","충남","천안","중앙동","천안역","충남 천안시 동남구 대흥로 239(대흥동 57-1)","경부선","천안역 인근","충남 천안시 동남구 대흥로 239(대흥동 57-1)","좌표최단거리","1.26","천안역","1.26"
"","천안","충남","천안","직산읍","직산역","충남 천안시 서북구 직산읍 천안대로 1471-33","경부선","직산역 인근","충남 천안시 서북구 직산읍 천안대로 1471-33","좌표최단거리","0.92","직산역","0.92"
"","천안","충남","천안","청룡동","봉명역","충남 천안시 동남구 차돌로 51(봉명동 20-2)","장항선","봉명역 인근","충남 천안시 동남구 차돌로 51(봉명동 20-2)","좌표최단거리","2.50","봉명역","2.50"
"","천안","충남","천안","풍세면","쌍용(나사렛대)역","충청남도 천안시 서북구 쌍용19로 20  _x000D_","장항선","쌍용(나사렛대)역 인근","충청남도 천안시 서북구 쌍용19로 20  _x000D_","좌표최단거리","6.15","쌍용(나사렛대)역","6.15"
"","청주","충북","상당구","가덕면","","","","","","","","",""
"","청주","충북","상당구","금천동","","","","","","","","",""
"","청주","충북","상당구","남일면","","","","","","","","",""
"","청주","충북","상당구","낭성면","","","","","","","","",""
"","청주","충북","상당구","문의면","","","","","","","","",""
"","청주","충북","상당구","미원면","","","","","","","","",""
"","청주","충북","상당구","성안동","","","","","","","","",""
"","청주","충북","상당구","영운동","","","","","","","","",""
"","청주","충북","상당구","용담.명암.산성동","","","","","","","","",""
"","청주","충북","상당구","용암동","","","","","","","","",""
"","청주","충북","상당구","중앙동","","","","","","","","",""
"","청주","충북","상당구","탑대성동","","","","","","","","",""
"","청주","충북","서원구","남이면","","","","","","","","",""
"","청주","충북","서원구","모충동","","","","","","","","",""
"","청주","충북","서원구","분평동","","","","","","","","",""
"","청주","충북","서원구","사직동","","","","","","","","",""
"","청주","충북","서원구","사창동","","","","","","","","",""
"","청주","충북","서원구","산남동","","","","","","","","",""
"","청주","충북","서원구","성화.개신.죽림동","","","","","","","","",""
"","청주","충북","서원구","수곡동","","","","","","","","",""
"","청주","충북","서원구","현도면","","","","","","","","",""
"","청주","충북","청원구","내덕동","","","","","","","","",""
"","청주","충북","청원구","내수읍","","","","","","","","",""
"","청주","충북","청원구","북이면","","","","","","","","",""
"","청주","충북","청원구","오근장동","","","","","","","","",""
"","청주","충북","청원구","오창읍","","","","","","","","",""
"","청주","충북","청원구","우암동","","","","","","","","",""
"","청주","충북","청원구","율량.사천동","","","","","","","","",""
"","청주","충북","흥덕구","가경동","","","","","","","","",""
"","청주","충북","흥덕구","강내면","","","","","","","","",""
"","청주","충북","흥덕구","강서동","","","","","","","","",""
"","청주","충북","흥덕구","복대동","","","","","","","","",""
"","청주","충북","흥덕구","봉명2.송정동","","","","","","","","",""
"","청주","충북","흥덕구","봉명동","","","","","","","","",""
"","청주","충북","흥덕구","오송읍","","","","","","","","",""
"","청주","충북","흥덕구","옥산면","","","","","","","","",""
"","청주","충북","흥덕구","운천.신봉동","","","","","","","","",""
