"Class","File","Url","Noindex","InSitemap","Issue"
"기타","blank-one-shop.html","https://1004테라피.shop/blank-one-shop.html/","True","False",""
"기타","blank-swedish.html","https://1004테라피.shop/blank-swedish.html/","True","False",""
"기타","blank-women.html","https://1004테라피.shop/blank-women.html/","True","False",""
"기타","blank-region-daejeon.html","https://1004테라피.shop/blank-region-daejeon.html/","True","False",""
"기타","blank-region-cheongju.html","https://1004테라피.shop/blank-region-cheongju.html/","True","False",""
"기타","blank-region-cheonan.html","https://1004테라피.shop/blank-region-cheonan.html/","True","False",""
"기타","blank-region-sejong.html","https://1004테라피.shop/blank-region-sejong.html/","True","False",""
"기타","blank-region-changwon.html","https://1004테라피.shop/blank-region-changwon.html/","True","False",""
"기타","blank-region-daegu.html","https://1004테라피.shop/blank-region-daegu.html/","True","False",""
"기타","blank-region-gongju.html","https://1004테라피.shop/blank-region-gongju.html/","True","False",""
"기타","blank-region-gyeryong.html","https://1004테라피.shop/blank-region-gyeryong.html/","True","False",""
"기타","blank-region-jeonju.html","https://1004테라피.shop/blank-region-jeonju.html/","True","False",""
"기타","blank-region-gwangju.html","https://1004테라피.shop/blank-region-gwangju.html/","True","False",""
"기타","blank-region-iksan.html","https://1004테라피.shop/blank-region-iksan.html/","True","False",""
"기타","blank-region-gunsan.html","https://1004테라피.shop/blank-region-gunsan.html/","True","False",""
"기타","blank-region-asan.html","https://1004테라피.shop/blank-region-asan.html/","True","False",""
"기타","blank-region-gimhae.html","https://1004테라피.shop/blank-region-gimhae.html/","True","False",""
"기타","dong-check.html","https://1004테라피.shop/dong-check.html/","True","False",""
"기타","shop-songpa.html","https://1004테라피.shop/shop-songpa.html/","True","False",""
"기타","event.html","https://1004테라피.shop/event.html/","True","False",""
"기타","mypage.html","https://1004테라피.shop/mypage.html/","True","False",""
"기타","privacy.html","https://1004테라피.shop/privacy.html/","True","False",""
"기타","partner.html","https://1004테라피.shop/partner.html/","True","False",""
"기타","search.html","https://1004테라피.shop/search.html/","True","False",""
"기타","premium.html","https://1004테라피.shop/premium.html/","True","False",""
"기타","shop-gangnam.html","https://1004테라피.shop/shop-gangnam.html/","True","False",""
"기타","subway.html","https://1004테라피.shop/subway.html/","True","False",""
"기타","blog.html","https://1004테라피.shop/blog.html/","True","False",""
"기타","login.html","https://1004테라피.shop/login.html/","True","False",""
"기타","terms.html","https://1004테라피.shop/terms.html/","True","False",""
"기타","notice.html","https://1004테라피.shop/notice.html/","True","False",""
"기타","community.html","https://1004테라피.shop/community.html/","True","False",""
"기타","shop-suwon.html","https://1004테라피.shop/shop-suwon.html/","True","False",""
"기타","faq.html","https://1004테라피.shop/faq.html/","True","False",""
"기타","coupon.html","https://1004테라피.shop/coupon.html/","True","False",""
"기타","vip.html","https://1004테라피.shop/vip.html/","True","False",""
"기타","shop.html","https://1004테라피.shop/shop.html/","True","False",""
"기타","special.html","https://1004테라피.shop/special.html/","True","False",""
"기타","join.html","https://1004테라피.shop/join.html/","True","False",""
"기타","shop-bupyeong.html","https://1004테라피.shop/shop-bupyeong.html/","True","False",""
"기타","region.html","https://1004테라피.shop/region.html/","True","False",""
"메인","index.html","https://1004테라피.shop/","False","True",""
"기타","blank-waxing.html","https://1004테라피.shop/blank-waxing.html/","True","False",""
"기타","data/shop-detail-template.html","https://1004테라피.shop/data/shop-detail-template.html/","True","False",""
"업체상세","shops/seoul/gangnam-gu/한국미인테라피/index.html","https://1004테라피.shop/shops/seoul/gangnam-gu/한국미인테라피/","False","True",""
"업체상세","shops/seoul/gangnam-gu/역삼동/한국미인테라피/index.html","https://1004테라피.shop/shops/seoul/gangnam-gu/역삼동/한국미인테라피/","False","True",""
"업체상세","shops/seoul/gangnam-gu/역삼동/너무이쁜테라피/index.html","https://1004테라피.shop/shops/seoul/gangnam-gu/역삼동/너무이쁜테라피/","False","True",""
"업체상세","shops/seoul/gangnam-gu/역삼동/love테라피/index.html","https://1004테라피.shop/shops/seoul/gangnam-gu/역삼동/love테라피/","False","True",""
"업체상세","shops/seoul/gangnam-gu/역삼동/프리미엄테라피/index.html","https://1004테라피.shop/shops/seoul/gangnam-gu/역삼동/프리미엄테라피/","False","True",""
"업체상세","shops/seoul/gangnam-gu/개포동/한국미인테라피/index.html","https://1004테라피.shop/shops/seoul/gangnam-gu/개포동/한국미인테라피/","False","True",""
"업체상세","shops/seoul/gangnam-gu/개포동/너무이쁜테라피/index.html","https://1004테라피.shop/shops/seoul/gangnam-gu/개포동/너무이쁜테라피/","False","True",""
"업체상세","shops/seoul/gangnam-gu/개포동/love테라피/index.html","https://1004테라피.shop/shops/seoul/gangnam-gu/개포동/love테라피/","False","True",""
"업체상세","shops/seoul/gangnam-gu/개포동/프리미엄테라피/index.html","https://1004테라피.shop/shops/seoul/gangnam-gu/개포동/프리미엄테라피/","False","True",""
"업체상세","shops/seoul/gangnam-gu/논현동/한국미인테라피/index.html","https://1004테라피.shop/shops/seoul/gangnam-gu/논현동/한국미인테라피/","False","True",""
"업체상세","shops/seoul/gangnam-gu/논현동/너무이쁜테라피/index.html","https://1004테라피.shop/shops/seoul/gangnam-gu/논현동/너무이쁜테라피/","False","True",""
"업체상세","shops/seoul/gangnam-gu/논현동/love테라피/index.html","https://1004테라피.shop/shops/seoul/gangnam-gu/논현동/love테라피/","False","True",""
"업체상세","shops/seoul/gangnam-gu/논현동/프리미엄테라피/index.html","https://1004테라피.shop/shops/seoul/gangnam-gu/논현동/프리미엄테라피/","False","True",""
"업체상세","shops/seoul/gangnam-gu/대치동/한국미인테라피/index.html","https://1004테라피.shop/shops/seoul/gangnam-gu/대치동/한국미인테라피/","False","True",""
"업체상세","shops/seoul/gangnam-gu/대치동/너무이쁜테라피/index.html","https://1004테라피.shop/shops/seoul/gangnam-gu/대치동/너무이쁜테라피/","False","True",""
"업체상세","shops/seoul/gangnam-gu/대치동/love테라피/index.html","https://1004테라피.shop/shops/seoul/gangnam-gu/대치동/love테라피/","False","True",""
"업체상세","shops/seoul/gangnam-gu/대치동/프리미엄테라피/index.html","https://1004테라피.shop/shops/seoul/gangnam-gu/대치동/프리미엄테라피/","False","True",""
"업체상세","shops/seoul/gangnam-gu/도곡동/한국미인테라피/index.html","https://1004테라피.shop/shops/seoul/gangnam-gu/도곡동/한국미인테라피/","False","True",""
"업체상세","shops/seoul/gangnam-gu/도곡동/너무이쁜테라피/index.html","https://1004테라피.shop/shops/seoul/gangnam-gu/도곡동/너무이쁜테라피/","False","True",""
"업체상세","shops/seoul/gangnam-gu/도곡동/love테라피/index.html","https://1004테라피.shop/shops/seoul/gangnam-gu/도곡동/love테라피/","False","True",""
"업체상세","shops/seoul/gangnam-gu/도곡동/프리미엄테라피/index.html","https://1004테라피.shop/shops/seoul/gangnam-gu/도곡동/프리미엄테라피/","False","True",""
"업체상세","shops/seoul/gangnam-gu/삼성동/한국미인테라피/index.html","https://1004테라피.shop/shops/seoul/gangnam-gu/삼성동/한국미인테라피/","False","True",""
"업체상세","shops/seoul/gangnam-gu/삼성동/너무이쁜테라피/index.html","https://1004테라피.shop/shops/seoul/gangnam-gu/삼성동/너무이쁜테라피/","False","True",""
"업체상세","shops/seoul/gangnam-gu/삼성동/love테라피/index.html","https://1004테라피.shop/shops/seoul/gangnam-gu/삼성동/love테라피/","False","True",""
"업체상세","shops/seoul/gangnam-gu/삼성동/프리미엄테라피/index.html","https://1004테라피.shop/shops/seoul/gangnam-gu/삼성동/프리미엄테라피/","False","True",""
"업체상세","shops/seoul/gangnam-gu/세곡동/한국미인테라피/index.html","https://1004테라피.shop/shops/seoul/gangnam-gu/세곡동/한국미인테라피/","False","True",""
"업체상세","shops/seoul/gangnam-gu/세곡동/너무이쁜테라피/index.html","https://1004테라피.shop/shops/seoul/gangnam-gu/세곡동/너무이쁜테라피/","False","True",""
"업체상세","shops/seoul/gangnam-gu/세곡동/love테라피/index.html","https://1004테라피.shop/shops/seoul/gangnam-gu/세곡동/love테라피/","False","True",""
"업체상세","shops/seoul/gangnam-gu/세곡동/프리미엄테라피/index.html","https://1004테라피.shop/shops/seoul/gangnam-gu/세곡동/프리미엄테라피/","False","True",""
"업체상세","shops/seoul/gangnam-gu/수서동/한국미인테라피/index.html","https://1004테라피.shop/shops/seoul/gangnam-gu/수서동/한국미인테라피/","False","True",""
"업체상세","shops/seoul/gangnam-gu/수서동/너무이쁜테라피/index.html","https://1004테라피.shop/shops/seoul/gangnam-gu/수서동/너무이쁜테라피/","False","True",""
"업체상세","shops/seoul/gangnam-gu/수서동/love테라피/index.html","https://1004테라피.shop/shops/seoul/gangnam-gu/수서동/love테라피/","False","True",""
"업체상세","shops/seoul/gangnam-gu/수서동/프리미엄테라피/index.html","https://1004테라피.shop/shops/seoul/gangnam-gu/수서동/프리미엄테라피/","False","True",""
"업체상세","shops/seoul/gangnam-gu/신사동/한국미인테라피/index.html","https://1004테라피.shop/shops/seoul/gangnam-gu/신사동/한국미인테라피/","False","True",""
"업체상세","shops/seoul/gangnam-gu/신사동/너무이쁜테라피/index.html","https://1004테라피.shop/shops/seoul/gangnam-gu/신사동/너무이쁜테라피/","False","True",""
"업체상세","shops/seoul/gangnam-gu/신사동/love테라피/index.html","https://1004테라피.shop/shops/seoul/gangnam-gu/신사동/love테라피/","False","True",""
"업체상세","shops/seoul/gangnam-gu/신사동/프리미엄테라피/index.html","https://1004테라피.shop/shops/seoul/gangnam-gu/신사동/프리미엄테라피/","False","True",""
"업체상세","shops/seoul/gangnam-gu/압구정동/한국미인테라피/index.html","https://1004테라피.shop/shops/seoul/gangnam-gu/압구정동/한국미인테라피/","False","True",""
"업체상세","shops/seoul/gangnam-gu/압구정동/너무이쁜테라피/index.html","https://1004테라피.shop/shops/seoul/gangnam-gu/압구정동/너무이쁜테라피/","False","True",""
"업체상세","shops/seoul/gangnam-gu/압구정동/love테라피/index.html","https://1004테라피.shop/shops/seoul/gangnam-gu/압구정동/love테라피/","False","True",""
"업체상세","shops/seoul/gangnam-gu/압구정동/프리미엄테라피/index.html","https://1004테라피.shop/shops/seoul/gangnam-gu/압구정동/프리미엄테라피/","False","True",""
"업체상세","shops/seoul/gangnam-gu/일원동/한국미인테라피/index.html","https://1004테라피.shop/shops/seoul/gangnam-gu/일원동/한국미인테라피/","False","True",""
"업체상세","shops/seoul/gangnam-gu/일원동/너무이쁜테라피/index.html","https://1004테라피.shop/shops/seoul/gangnam-gu/일원동/너무이쁜테라피/","False","True",""
"업체상세","shops/seoul/gangnam-gu/일원동/love테라피/index.html","https://1004테라피.shop/shops/seoul/gangnam-gu/일원동/love테라피/","False","True",""
"업체상세","shops/seoul/gangnam-gu/일원동/프리미엄테라피/index.html","https://1004테라피.shop/shops/seoul/gangnam-gu/일원동/프리미엄테라피/","False","True",""
"업체상세","shops/seoul/gangnam-gu/일원본동/한국미인테라피/index.html","https://1004테라피.shop/shops/seoul/gangnam-gu/일원본동/한국미인테라피/","False","True",""
"업체상세","shops/seoul/gangnam-gu/일원본동/너무이쁜테라피/index.html","https://1004테라피.shop/shops/seoul/gangnam-gu/일원본동/너무이쁜테라피/","False","True",""
"업체상세","shops/seoul/gangnam-gu/일원본동/love테라피/index.html","https://1004테라피.shop/shops/seoul/gangnam-gu/일원본동/love테라피/","False","True",""
"업체상세","shops/seoul/gangnam-gu/일원본동/프리미엄테라피/index.html","https://1004테라피.shop/shops/seoul/gangnam-gu/일원본동/프리미엄테라피/","False","True",""
"업체상세","shops/seoul/gangnam-gu/청담동/한국미인테라피/index.html","https://1004테라피.shop/shops/seoul/gangnam-gu/청담동/한국미인테라피/","False","True",""
"업체상세","shops/seoul/gangnam-gu/청담동/너무이쁜테라피/index.html","https://1004테라피.shop/shops/seoul/gangnam-gu/청담동/너무이쁜테라피/","False","True",""
"업체상세","shops/seoul/gangnam-gu/청담동/love테라피/index.html","https://1004테라피.shop/shops/seoul/gangnam-gu/청담동/love테라피/","False","True",""
"업체상세","shops/seoul/gangnam-gu/청담동/프리미엄테라피/index.html","https://1004테라피.shop/shops/seoul/gangnam-gu/청담동/프리미엄테라피/","False","True",""
"업체상세","shops/seoul/gangdong-gu/강일동/한국미인테라피/index.html","https://1004테라피.shop/shops/seoul/gangdong-gu/강일동/한국미인테라피/","False","True",""
"업체상세","shops/seoul/gangdong-gu/강일동/너무이쁜테라피/index.html","https://1004테라피.shop/shops/seoul/gangdong-gu/강일동/너무이쁜테라피/","False","True",""
"업체상세","shops/seoul/gangdong-gu/강일동/love테라피/index.html","https://1004테라피.shop/shops/seoul/gangdong-gu/강일동/love테라피/","False","True",""
"업체상세","shops/seoul/gangdong-gu/강일동/프리미엄테라피/index.html","https://1004테라피.shop/shops/seoul/gangdong-gu/강일동/프리미엄테라피/","False","True",""
"업체상세","shops/seoul/gangdong-gu/강일동/마인드좋은테라피/index.html","https://1004테라피.shop/shops/seoul/gangdong-gu/강일동/마인드좋은테라피/","False","True",""
"업체상세","shops/seoul/gangdong-gu/고덕동/한국미인테라피/index.html","https://1004테라피.shop/shops/seoul/gangdong-gu/고덕동/한국미인테라피/","False","True",""
"업체상세","shops/seoul/gangdong-gu/고덕동/너무이쁜테라피/index.html","https://1004테라피.shop/shops/seoul/gangdong-gu/고덕동/너무이쁜테라피/","False","True",""
"업체상세","shops/seoul/gangdong-gu/고덕동/love테라피/index.html","https://1004테라피.shop/shops/seoul/gangdong-gu/고덕동/love테라피/","False","True",""
"업체상세","shops/seoul/gangdong-gu/고덕동/프리미엄테라피/index.html","https://1004테라피.shop/shops/seoul/gangdong-gu/고덕동/프리미엄테라피/","False","True",""
"업체상세","shops/seoul/gangdong-gu/고덕동/마인드좋은테라피/index.html","https://1004테라피.shop/shops/seoul/gangdong-gu/고덕동/마인드좋은테라피/","False","True",""
"업체상세","shops/seoul/gangdong-gu/길동/한국미인테라피/index.html","https://1004테라피.shop/shops/seoul/gangdong-gu/길동/한국미인테라피/","False","True",""
"업체상세","shops/seoul/gangdong-gu/길동/너무이쁜테라피/index.html","https://1004테라피.shop/shops/seoul/gangdong-gu/길동/너무이쁜테라피/","False","True",""
"업체상세","shops/seoul/gangdong-gu/길동/love테라피/index.html","https://1004테라피.shop/shops/seoul/gangdong-gu/길동/love테라피/","False","True",""
"업체상세","shops/seoul/gangdong-gu/길동/프리미엄테라피/index.html","https://1004테라피.shop/shops/seoul/gangdong-gu/길동/프리미엄테라피/","False","True",""
"업체상세","shops/seoul/gangdong-gu/길동/마인드좋은테라피/index.html","https://1004테라피.shop/shops/seoul/gangdong-gu/길동/마인드좋은테라피/","False","True",""
"업체상세","shops/seoul/gangdong-gu/둔촌동/한국미인테라피/index.html","https://1004테라피.shop/shops/seoul/gangdong-gu/둔촌동/한국미인테라피/","False","True",""
"업체상세","shops/seoul/gangdong-gu/둔촌동/너무이쁜테라피/index.html","https://1004테라피.shop/shops/seoul/gangdong-gu/둔촌동/너무이쁜테라피/","False","True",""
"업체상세","shops/seoul/gangdong-gu/둔촌동/love테라피/index.html","https://1004테라피.shop/shops/seoul/gangdong-gu/둔촌동/love테라피/","False","True",""
"업체상세","shops/seoul/gangdong-gu/둔촌동/프리미엄테라피/index.html","https://1004테라피.shop/shops/seoul/gangdong-gu/둔촌동/프리미엄테라피/","False","True",""
"업체상세","shops/seoul/gangdong-gu/둔촌동/마인드좋은테라피/index.html","https://1004테라피.shop/shops/seoul/gangdong-gu/둔촌동/마인드좋은테라피/","False","True",""
"업체상세","shops/seoul/gangdong-gu/명일동/한국미인테라피/index.html","https://1004테라피.shop/shops/seoul/gangdong-gu/명일동/한국미인테라피/","False","True",""
"업체상세","shops/seoul/gangdong-gu/명일동/너무이쁜테라피/index.html","https://1004테라피.shop/shops/seoul/gangdong-gu/명일동/너무이쁜테라피/","False","True",""
"업체상세","shops/seoul/gangdong-gu/명일동/love테라피/index.html","https://1004테라피.shop/shops/seoul/gangdong-gu/명일동/love테라피/","False","True",""
"업체상세","shops/seoul/gangdong-gu/명일동/프리미엄테라피/index.html","https://1004테라피.shop/shops/seoul/gangdong-gu/명일동/프리미엄테라피/","False","True",""
"업체상세","shops/seoul/gangdong-gu/명일동/마인드좋은테라피/index.html","https://1004테라피.shop/shops/seoul/gangdong-gu/명일동/마인드좋은테라피/","False","True",""
"업체상세","shops/seoul/gangdong-gu/상일동/한국미인테라피/index.html","https://1004테라피.shop/shops/seoul/gangdong-gu/상일동/한국미인테라피/","False","True",""
"업체상세","shops/seoul/gangdong-gu/상일동/너무이쁜테라피/index.html","https://1004테라피.shop/shops/seoul/gangdong-gu/상일동/너무이쁜테라피/","False","True",""
"업체상세","shops/seoul/gangdong-gu/상일동/love테라피/index.html","https://1004테라피.shop/shops/seoul/gangdong-gu/상일동/love테라피/","False","True",""
"업체상세","shops/seoul/gangdong-gu/상일동/프리미엄테라피/index.html","https://1004테라피.shop/shops/seoul/gangdong-gu/상일동/프리미엄테라피/","False","True",""
"업체상세","shops/seoul/gangdong-gu/상일동/마인드좋은테라피/index.html","https://1004테라피.shop/shops/seoul/gangdong-gu/상일동/마인드좋은테라피/","False","True",""
"업체상세","shops/seoul/gangdong-gu/성내동/한국미인테라피/index.html","https://1004테라피.shop/shops/seoul/gangdong-gu/성내동/한국미인테라피/","False","True",""
"업체상세","shops/seoul/gangdong-gu/성내동/너무이쁜테라피/index.html","https://1004테라피.shop/shops/seoul/gangdong-gu/성내동/너무이쁜테라피/","False","True",""
"업체상세","shops/seoul/gangdong-gu/성내동/love테라피/index.html","https://1004테라피.shop/shops/seoul/gangdong-gu/성내동/love테라피/","False","True",""
"업체상세","shops/seoul/gangdong-gu/성내동/프리미엄테라피/index.html","https://1004테라피.shop/shops/seoul/gangdong-gu/성내동/프리미엄테라피/","False","True",""
"업체상세","shops/seoul/gangdong-gu/성내동/마인드좋은테라피/index.html","https://1004테라피.shop/shops/seoul/gangdong-gu/성내동/마인드좋은테라피/","False","True",""
"업체상세","shops/seoul/gangdong-gu/암사동/한국미인테라피/index.html","https://1004테라피.shop/shops/seoul/gangdong-gu/암사동/한국미인테라피/","False","True",""
"업체상세","shops/seoul/gangdong-gu/암사동/너무이쁜테라피/index.html","https://1004테라피.shop/shops/seoul/gangdong-gu/암사동/너무이쁜테라피/","False","True",""
"업체상세","shops/seoul/gangdong-gu/암사동/love테라피/index.html","https://1004테라피.shop/shops/seoul/gangdong-gu/암사동/love테라피/","False","True",""
"업체상세","shops/seoul/gangdong-gu/암사동/프리미엄테라피/index.html","https://1004테라피.shop/shops/seoul/gangdong-gu/암사동/프리미엄테라피/","False","True",""
"업체상세","shops/seoul/gangdong-gu/암사동/마인드좋은테라피/index.html","https://1004테라피.shop/shops/seoul/gangdong-gu/암사동/마인드좋은테라피/","False","True",""
"업체상세","shops/seoul/gangdong-gu/천호동/한국미인테라피/index.html","https://1004테라피.shop/shops/seoul/gangdong-gu/천호동/한국미인테라피/","False","True",""
"업체상세","shops/seoul/gangdong-gu/천호동/너무이쁜테라피/index.html","https://1004테라피.shop/shops/seoul/gangdong-gu/천호동/너무이쁜테라피/","False","True",""
"업체상세","shops/seoul/gangdong-gu/천호동/love테라피/index.html","https://1004테라피.shop/shops/seoul/gangdong-gu/천호동/love테라피/","False","True",""
"업체상세","shops/seoul/gangdong-gu/천호동/프리미엄테라피/index.html","https://1004테라피.shop/shops/seoul/gangdong-gu/천호동/프리미엄테라피/","False","True",""
"업체상세","shops/seoul/gangdong-gu/천호동/마인드좋은테라피/index.html","https://1004테라피.shop/shops/seoul/gangdong-gu/천호동/마인드좋은테라피/","False","True",""
"업체상세","shops/seoul/gangbuk-gu/미아동/한국미인테라피/index.html","https://1004테라피.shop/shops/seoul/gangbuk-gu/미아동/한국미인테라피/","False","True",""
"업체상세","shops/seoul/gangbuk-gu/미아동/너무이쁜테라피/index.html","https://1004테라피.shop/shops/seoul/gangbuk-gu/미아동/너무이쁜테라피/","False","True",""
"업체상세","shops/seoul/gangbuk-gu/미아동/love테라피/index.html","https://1004테라피.shop/shops/seoul/gangbuk-gu/미아동/love테라피/","False","True",""
"업체상세","shops/seoul/gangbuk-gu/미아동/프리미엄테라피/index.html","https://1004테라피.shop/shops/seoul/gangbuk-gu/미아동/프리미엄테라피/","False","True",""
"업체상세","shops/seoul/gangbuk-gu/번동/한국미인테라피/index.html","https://1004테라피.shop/shops/seoul/gangbuk-gu/번동/한국미인테라피/","False","True",""
"업체상세","shops/seoul/gangbuk-gu/번동/너무이쁜테라피/index.html","https://1004테라피.shop/shops/seoul/gangbuk-gu/번동/너무이쁜테라피/","False","True",""
"업체상세","shops/seoul/gangbuk-gu/번동/love테라피/index.html","https://1004테라피.shop/shops/seoul/gangbuk-gu/번동/love테라피/","False","True",""
"업체상세","shops/seoul/gangbuk-gu/번동/프리미엄테라피/index.html","https://1004테라피.shop/shops/seoul/gangbuk-gu/번동/프리미엄테라피/","False","True",""
"업체상세","shops/seoul/gangbuk-gu/삼각산동/한국미인테라피/index.html","https://1004테라피.shop/shops/seoul/gangbuk-gu/삼각산동/한국미인테라피/","False","True",""
"업체상세","shops/seoul/gangbuk-gu/삼각산동/너무이쁜테라피/index.html","https://1004테라피.shop/shops/seoul/gangbuk-gu/삼각산동/너무이쁜테라피/","False","True",""
"업체상세","shops/seoul/gangbuk-gu/삼각산동/love테라피/index.html","https://1004테라피.shop/shops/seoul/gangbuk-gu/삼각산동/love테라피/","False","True",""
"업체상세","shops/seoul/gangbuk-gu/삼각산동/프리미엄테라피/index.html","https://1004테라피.shop/shops/seoul/gangbuk-gu/삼각산동/프리미엄테라피/","False","True",""
"업체상세","shops/seoul/gangbuk-gu/삼양동/한국미인테라피/index.html","https://1004테라피.shop/shops/seoul/gangbuk-gu/삼양동/한국미인테라피/","False","True",""
"업체상세","shops/seoul/gangbuk-gu/삼양동/너무이쁜테라피/index.html","https://1004테라피.shop/shops/seoul/gangbuk-gu/삼양동/너무이쁜테라피/","False","True",""
"업체상세","shops/seoul/gangbuk-gu/삼양동/love테라피/index.html","https://1004테라피.shop/shops/seoul/gangbuk-gu/삼양동/love테라피/","False","True",""
"업체상세","shops/seoul/gangbuk-gu/삼양동/프리미엄테라피/index.html","https://1004테라피.shop/shops/seoul/gangbuk-gu/삼양동/프리미엄테라피/","False","True",""
"업체상세","shops/seoul/gangbuk-gu/송중동/한국미인테라피/index.html","https://1004테라피.shop/shops/seoul/gangbuk-gu/송중동/한국미인테라피/","False","True",""
"업체상세","shops/seoul/gangbuk-gu/송중동/너무이쁜테라피/index.html","https://1004테라피.shop/shops/seoul/gangbuk-gu/송중동/너무이쁜테라피/","False","True",""
"업체상세","shops/seoul/gangbuk-gu/송중동/love테라피/index.html","https://1004테라피.shop/shops/seoul/gangbuk-gu/송중동/love테라피/","False","True",""
"업체상세","shops/seoul/gangbuk-gu/송중동/프리미엄테라피/index.html","https://1004테라피.shop/shops/seoul/gangbuk-gu/송중동/프리미엄테라피/","False","True",""
"업체상세","shops/seoul/gangbuk-gu/송천동/한국미인테라피/index.html","https://1004테라피.shop/shops/seoul/gangbuk-gu/송천동/한국미인테라피/","False","True",""
"업체상세","shops/seoul/gangbuk-gu/송천동/너무이쁜테라피/index.html","https://1004테라피.shop/shops/seoul/gangbuk-gu/송천동/너무이쁜테라피/","False","True",""
"업체상세","shops/seoul/gangbuk-gu/송천동/love테라피/index.html","https://1004테라피.shop/shops/seoul/gangbuk-gu/송천동/love테라피/","False","True",""
"업체상세","shops/seoul/gangbuk-gu/송천동/프리미엄테라피/index.html","https://1004테라피.shop/shops/seoul/gangbuk-gu/송천동/프리미엄테라피/","False","True",""
"업체상세","shops/seoul/gangbuk-gu/수유동/한국미인테라피/index.html","https://1004테라피.shop/shops/seoul/gangbuk-gu/수유동/한국미인테라피/","False","True",""
"업체상세","shops/seoul/gangbuk-gu/수유동/너무이쁜테라피/index.html","https://1004테라피.shop/shops/seoul/gangbuk-gu/수유동/너무이쁜테라피/","False","True",""
"업체상세","shops/seoul/gangbuk-gu/수유동/love테라피/index.html","https://1004테라피.shop/shops/seoul/gangbuk-gu/수유동/love테라피/","False","True",""
"업체상세","shops/seoul/gangbuk-gu/수유동/프리미엄테라피/index.html","https://1004테라피.shop/shops/seoul/gangbuk-gu/수유동/프리미엄테라피/","False","True",""
"업체상세","shops/seoul/gangbuk-gu/우이동/한국미인테라피/index.html","https://1004테라피.shop/shops/seoul/gangbuk-gu/우이동/한국미인테라피/","False","True",""
"업체상세","shops/seoul/gangbuk-gu/우이동/너무이쁜테라피/index.html","https://1004테라피.shop/shops/seoul/gangbuk-gu/우이동/너무이쁜테라피/","False","True",""
"업체상세","shops/seoul/gangbuk-gu/우이동/love테라피/index.html","https://1004테라피.shop/shops/seoul/gangbuk-gu/우이동/love테라피/","False","True",""
"업체상세","shops/seoul/gangbuk-gu/우이동/프리미엄테라피/index.html","https://1004테라피.shop/shops/seoul/gangbuk-gu/우이동/프리미엄테라피/","False","True",""
"업체상세","shops/seoul/gangbuk-gu/인수동/한국미인테라피/index.html","https://1004테라피.shop/shops/seoul/gangbuk-gu/인수동/한국미인테라피/","False","True",""
"업체상세","shops/seoul/gangbuk-gu/인수동/너무이쁜테라피/index.html","https://1004테라피.shop/shops/seoul/gangbuk-gu/인수동/너무이쁜테라피/","False","True",""
"업체상세","shops/seoul/gangbuk-gu/인수동/love테라피/index.html","https://1004테라피.shop/shops/seoul/gangbuk-gu/인수동/love테라피/","False","True",""
"업체상세","shops/seoul/gangbuk-gu/인수동/프리미엄테라피/index.html","https://1004테라피.shop/shops/seoul/gangbuk-gu/인수동/프리미엄테라피/","False","True",""
"업체상세","shops/seoul/gangseo-gu/가양동/한국미인테라피/index.html","https://1004테라피.shop/shops/seoul/gangseo-gu/가양동/한국미인테라피/","False","True",""
"업체상세","shops/seoul/gangseo-gu/가양동/너무이쁜테라피/index.html","https://1004테라피.shop/shops/seoul/gangseo-gu/가양동/너무이쁜테라피/","False","True",""
"업체상세","shops/seoul/gangseo-gu/가양동/love테라피/index.html","https://1004테라피.shop/shops/seoul/gangseo-gu/가양동/love테라피/","False","True",""
"업체상세","shops/seoul/gangseo-gu/가양동/프리미엄테라피/index.html","https://1004테라피.shop/shops/seoul/gangseo-gu/가양동/프리미엄테라피/","False","True",""
"업체상세","shops/seoul/gangseo-gu/공항동/한국미인테라피/index.html","https://1004테라피.shop/shops/seoul/gangseo-gu/공항동/한국미인테라피/","False","True",""
"업체상세","shops/seoul/gangseo-gu/공항동/너무이쁜테라피/index.html","https://1004테라피.shop/shops/seoul/gangseo-gu/공항동/너무이쁜테라피/","False","True",""
"업체상세","shops/seoul/gangseo-gu/공항동/love테라피/index.html","https://1004테라피.shop/shops/seoul/gangseo-gu/공항동/love테라피/","False","True",""
"업체상세","shops/seoul/gangseo-gu/공항동/프리미엄테라피/index.html","https://1004테라피.shop/shops/seoul/gangseo-gu/공항동/프리미엄테라피/","False","True",""
"업체상세","shops/seoul/gangseo-gu/등촌동/한국미인테라피/index.html","https://1004테라피.shop/shops/seoul/gangseo-gu/등촌동/한국미인테라피/","False","True",""
"업체상세","shops/seoul/gangseo-gu/등촌동/너무이쁜테라피/index.html","https://1004테라피.shop/shops/seoul/gangseo-gu/등촌동/너무이쁜테라피/","False","True",""
"업체상세","shops/seoul/gangseo-gu/등촌동/love테라피/index.html","https://1004테라피.shop/shops/seoul/gangseo-gu/등촌동/love테라피/","False","True",""
"업체상세","shops/seoul/gangseo-gu/등촌동/프리미엄테라피/index.html","https://1004테라피.shop/shops/seoul/gangseo-gu/등촌동/프리미엄테라피/","False","True",""
"업체상세","shops/seoul/gangseo-gu/발산동/한국미인테라피/index.html","https://1004테라피.shop/shops/seoul/gangseo-gu/발산동/한국미인테라피/","False","True",""
"업체상세","shops/seoul/gangseo-gu/발산동/너무이쁜테라피/index.html","https://1004테라피.shop/shops/seoul/gangseo-gu/발산동/너무이쁜테라피/","False","True",""
"업체상세","shops/seoul/gangseo-gu/발산동/love테라피/index.html","https://1004테라피.shop/shops/seoul/gangseo-gu/발산동/love테라피/","False","True",""
"업체상세","shops/seoul/gangseo-gu/발산동/프리미엄테라피/index.html","https://1004테라피.shop/shops/seoul/gangseo-gu/발산동/프리미엄테라피/","False","True",""
"업체상세","shops/seoul/gangseo-gu/방화동/한국미인테라피/index.html","https://1004테라피.shop/shops/seoul/gangseo-gu/방화동/한국미인테라피/","False","True",""
"업체상세","shops/seoul/gangseo-gu/방화동/너무이쁜테라피/index.html","https://1004테라피.shop/shops/seoul/gangseo-gu/방화동/너무이쁜테라피/","False","True",""
"업체상세","shops/seoul/gangseo-gu/방화동/love테라피/index.html","https://1004테라피.shop/shops/seoul/gangseo-gu/방화동/love테라피/","False","True",""
"업체상세","shops/seoul/gangseo-gu/방화동/프리미엄테라피/index.html","https://1004테라피.shop/shops/seoul/gangseo-gu/방화동/프리미엄테라피/","False","True",""
"업체상세","shops/seoul/gangseo-gu/염창동/한국미인테라피/index.html","https://1004테라피.shop/shops/seoul/gangseo-gu/염창동/한국미인테라피/","False","True",""
"업체상세","shops/seoul/gangseo-gu/염창동/너무이쁜테라피/index.html","https://1004테라피.shop/shops/seoul/gangseo-gu/염창동/너무이쁜테라피/","False","True",""
"업체상세","shops/seoul/gangseo-gu/염창동/love테라피/index.html","https://1004테라피.shop/shops/seoul/gangseo-gu/염창동/love테라피/","False","True",""
"업체상세","shops/seoul/gangseo-gu/염창동/프리미엄테라피/index.html","https://1004테라피.shop/shops/seoul/gangseo-gu/염창동/프리미엄테라피/","False","True",""
"업체상세","shops/seoul/gangseo-gu/우장산동/한국미인테라피/index.html","https://1004테라피.shop/shops/seoul/gangseo-gu/우장산동/한국미인테라피/","False","True",""
"업체상세","shops/seoul/gangseo-gu/우장산동/너무이쁜테라피/index.html","https://1004테라피.shop/shops/seoul/gangseo-gu/우장산동/너무이쁜테라피/","False","True",""
"업체상세","shops/seoul/gangseo-gu/우장산동/love테라피/index.html","https://1004테라피.shop/shops/seoul/gangseo-gu/우장산동/love테라피/","False","True",""
"업체상세","shops/seoul/gangseo-gu/우장산동/프리미엄테라피/index.html","https://1004테라피.shop/shops/seoul/gangseo-gu/우장산동/프리미엄테라피/","False","True",""
"업체상세","shops/seoul/gangseo-gu/화곡동/한국미인테라피/index.html","https://1004테라피.shop/shops/seoul/gangseo-gu/화곡동/한국미인테라피/","False","True",""
"업체상세","shops/seoul/gangseo-gu/화곡동/너무이쁜테라피/index.html","https://1004테라피.shop/shops/seoul/gangseo-gu/화곡동/너무이쁜테라피/","False","True",""
"업체상세","shops/seoul/gangseo-gu/화곡동/love테라피/index.html","https://1004테라피.shop/shops/seoul/gangseo-gu/화곡동/love테라피/","False","True",""
"업체상세","shops/seoul/gangseo-gu/화곡동/프리미엄테라피/index.html","https://1004테라피.shop/shops/seoul/gangseo-gu/화곡동/프리미엄테라피/","False","True",""
"업체상세","shops/seoul/gangseo-gu/화곡본동/한국미인테라피/index.html","https://1004테라피.shop/shops/seoul/gangseo-gu/화곡본동/한국미인테라피/","False","True",""
"업체상세","shops/seoul/gangseo-gu/화곡본동/너무이쁜테라피/index.html","https://1004테라피.shop/shops/seoul/gangseo-gu/화곡본동/너무이쁜테라피/","False","True",""
"업체상세","shops/seoul/gangseo-gu/화곡본동/love테라피/index.html","https://1004테라피.shop/shops/seoul/gangseo-gu/화곡본동/love테라피/","False","True",""
"업체상세","shops/seoul/gangseo-gu/화곡본동/프리미엄테라피/index.html","https://1004테라피.shop/shops/seoul/gangseo-gu/화곡본동/프리미엄테라피/","False","True",""
"업체상세","shops/seoul/gwanak-gu/낙성대동/한국미인테라피/index.html","https://1004테라피.shop/shops/seoul/gwanak-gu/낙성대동/한국미인테라피/","False","True",""
"업체상세","shops/seoul/gwanak-gu/낙성대동/너무이쁜테라피/index.html","https://1004테라피.shop/shops/seoul/gwanak-gu/낙성대동/너무이쁜테라피/","False","True",""
"업체상세","shops/seoul/gwanak-gu/낙성대동/love테라피/index.html","https://1004테라피.shop/shops/seoul/gwanak-gu/낙성대동/love테라피/","False","True",""
"업체상세","shops/seoul/gwanak-gu/낙성대동/프리미엄테라피/index.html","https://1004테라피.shop/shops/seoul/gwanak-gu/낙성대동/프리미엄테라피/","False","True",""
"업체상세","shops/seoul/gwanak-gu/낙성대동/마인드좋은테라피/index.html","https://1004테라피.shop/shops/seoul/gwanak-gu/낙성대동/마인드좋은테라피/","False","True",""
"업체상세","shops/seoul/gwanak-gu/난곡동/한국미인테라피/index.html","https://1004테라피.shop/shops/seoul/gwanak-gu/난곡동/한국미인테라피/","False","True",""
"업체상세","shops/seoul/gwanak-gu/난곡동/너무이쁜테라피/index.html","https://1004테라피.shop/shops/seoul/gwanak-gu/난곡동/너무이쁜테라피/","False","True",""
"업체상세","shops/seoul/gwanak-gu/난곡동/love테라피/index.html","https://1004테라피.shop/shops/seoul/gwanak-gu/난곡동/love테라피/","False","True",""
"업체상세","shops/seoul/gwanak-gu/난곡동/프리미엄테라피/index.html","https://1004테라피.shop/shops/seoul/gwanak-gu/난곡동/프리미엄테라피/","False","True",""
"업체상세","shops/seoul/gwanak-gu/난곡동/마인드좋은테라피/index.html","https://1004테라피.shop/shops/seoul/gwanak-gu/난곡동/마인드좋은테라피/","False","True",""
"업체상세","shops/seoul/gwanak-gu/난향동/한국미인테라피/index.html","https://1004테라피.shop/shops/seoul/gwanak-gu/난향동/한국미인테라피/","False","True",""
"업체상세","shops/seoul/gwanak-gu/난향동/너무이쁜테라피/index.html","https://1004테라피.shop/shops/seoul/gwanak-gu/난향동/너무이쁜테라피/","False","True",""
"업체상세","shops/seoul/gwanak-gu/난향동/love테라피/index.html","https://1004테라피.shop/shops/seoul/gwanak-gu/난향동/love테라피/","False","True",""
"업체상세","shops/seoul/gwanak-gu/난향동/프리미엄테라피/index.html","https://1004테라피.shop/shops/seoul/gwanak-gu/난향동/프리미엄테라피/","False","True",""
"업체상세","shops/seoul/gwanak-gu/난향동/마인드좋은테라피/index.html","https://1004테라피.shop/shops/seoul/gwanak-gu/난향동/마인드좋은테라피/","False","True",""
"업체상세","shops/seoul/gwanak-gu/남현동/한국미인테라피/index.html","https://1004테라피.shop/shops/seoul/gwanak-gu/남현동/한국미인테라피/","False","True",""
"업체상세","shops/seoul/gwanak-gu/남현동/너무이쁜테라피/index.html","https://1004테라피.shop/shops/seoul/gwanak-gu/남현동/너무이쁜테라피/","False","True",""
"업체상세","shops/seoul/gwanak-gu/남현동/love테라피/index.html","https://1004테라피.shop/shops/seoul/gwanak-gu/남현동/love테라피/","False","True",""
"업체상세","shops/seoul/gwanak-gu/남현동/프리미엄테라피/index.html","https://1004테라피.shop/shops/seoul/gwanak-gu/남현동/프리미엄테라피/","False","True",""
"업체상세","shops/seoul/gwanak-gu/남현동/마인드좋은테라피/index.html","https://1004테라피.shop/shops/seoul/gwanak-gu/남현동/마인드좋은테라피/","False","True",""
"업체상세","shops/seoul/gwanak-gu/대학동/한국미인테라피/index.html","https://1004테라피.shop/shops/seoul/gwanak-gu/대학동/한국미인테라피/","False","True",""
"업체상세","shops/seoul/gwanak-gu/대학동/너무이쁜테라피/index.html","https://1004테라피.shop/shops/seoul/gwanak-gu/대학동/너무이쁜테라피/","False","True",""
"업체상세","shops/seoul/gwanak-gu/대학동/love테라피/index.html","https://1004테라피.shop/shops/seoul/gwanak-gu/대학동/love테라피/","False","True",""
"업체상세","shops/seoul/gwanak-gu/대학동/프리미엄테라피/index.html","https://1004테라피.shop/shops/seoul/gwanak-gu/대학동/프리미엄테라피/","False","True",""
"업체상세","shops/seoul/gwanak-gu/대학동/마인드좋은테라피/index.html","https://1004테라피.shop/shops/seoul/gwanak-gu/대학동/마인드좋은테라피/","False","True",""
"업체상세","shops/seoul/gwanak-gu/미성동/한국미인테라피/index.html","https://1004테라피.shop/shops/seoul/gwanak-gu/미성동/한국미인테라피/","False","True",""
"업체상세","shops/seoul/gwanak-gu/미성동/너무이쁜테라피/index.html","https://1004테라피.shop/shops/seoul/gwanak-gu/미성동/너무이쁜테라피/","False","True",""
"업체상세","shops/seoul/gwanak-gu/미성동/love테라피/index.html","https://1004테라피.shop/shops/seoul/gwanak-gu/미성동/love테라피/","False","True",""
"업체상세","shops/seoul/gwanak-gu/미성동/프리미엄테라피/index.html","https://1004테라피.shop/shops/seoul/gwanak-gu/미성동/프리미엄테라피/","False","True",""
"업체상세","shops/seoul/gwanak-gu/미성동/마인드좋은테라피/index.html","https://1004테라피.shop/shops/seoul/gwanak-gu/미성동/마인드좋은테라피/","False","True",""
"업체상세","shops/seoul/gwanak-gu/보라매동/한국미인테라피/index.html","https://1004테라피.shop/shops/seoul/gwanak-gu/보라매동/한국미인테라피/","False","True",""
"업체상세","shops/seoul/gwanak-gu/보라매동/너무이쁜테라피/index.html","https://1004테라피.shop/shops/seoul/gwanak-gu/보라매동/너무이쁜테라피/","False","True",""
"업체상세","shops/seoul/gwanak-gu/보라매동/love테라피/index.html","https://1004테라피.shop/shops/seoul/gwanak-gu/보라매동/love테라피/","False","True",""
"업체상세","shops/seoul/gwanak-gu/보라매동/프리미엄테라피/index.html","https://1004테라피.shop/shops/seoul/gwanak-gu/보라매동/프리미엄테라피/","False","True",""
"업체상세","shops/seoul/gwanak-gu/보라매동/마인드좋은테라피/index.html","https://1004테라피.shop/shops/seoul/gwanak-gu/보라매동/마인드좋은테라피/","False","True",""
"업체상세","shops/seoul/gwanak-gu/삼성동/한국미인테라피/index.html","https://1004테라피.shop/shops/seoul/gwanak-gu/삼성동/한국미인테라피/","False","True",""
"업체상세","shops/seoul/gwanak-gu/삼성동/너무이쁜테라피/index.html","https://1004테라피.shop/shops/seoul/gwanak-gu/삼성동/너무이쁜테라피/","False","True",""
"업체상세","shops/seoul/gwanak-gu/삼성동/love테라피/index.html","https://1004테라피.shop/shops/seoul/gwanak-gu/삼성동/love테라피/","False","True",""
"업체상세","shops/seoul/gwanak-gu/삼성동/프리미엄테라피/index.html","https://1004테라피.shop/shops/seoul/gwanak-gu/삼성동/프리미엄테라피/","False","True",""
"업체상세","shops/seoul/gwanak-gu/삼성동/마인드좋은테라피/index.html","https://1004테라피.shop/shops/seoul/gwanak-gu/삼성동/마인드좋은테라피/","False","True",""
"업체상세","shops/seoul/gwanak-gu/서림동/한국미인테라피/index.html","https://1004테라피.shop/shops/seoul/gwanak-gu/서림동/한국미인테라피/","False","True",""
"업체상세","shops/seoul/gwanak-gu/서림동/너무이쁜테라피/index.html","https://1004테라피.shop/shops/seoul/gwanak-gu/서림동/너무이쁜테라피/","False","True",""
"업체상세","shops/seoul/gwanak-gu/서림동/love테라피/index.html","https://1004테라피.shop/shops/seoul/gwanak-gu/서림동/love테라피/","False","True",""
"업체상세","shops/seoul/gwanak-gu/서림동/프리미엄테라피/index.html","https://1004테라피.shop/shops/seoul/gwanak-gu/서림동/프리미엄테라피/","False","True",""
"업체상세","shops/seoul/gwanak-gu/서림동/마인드좋은테라피/index.html","https://1004테라피.shop/shops/seoul/gwanak-gu/서림동/마인드좋은테라피/","False","True",""
"업체상세","shops/seoul/gwanak-gu/서원동/한국미인테라피/index.html","https://1004테라피.shop/shops/seoul/gwanak-gu/서원동/한국미인테라피/","False","True",""
"업체상세","shops/seoul/gwanak-gu/서원동/너무이쁜테라피/index.html","https://1004테라피.shop/shops/seoul/gwanak-gu/서원동/너무이쁜테라피/","False","True",""
"업체상세","shops/seoul/gwanak-gu/서원동/love테라피/index.html","https://1004테라피.shop/shops/seoul/gwanak-gu/서원동/love테라피/","False","True",""
"업체상세","shops/seoul/gwanak-gu/서원동/프리미엄테라피/index.html","https://1004테라피.shop/shops/seoul/gwanak-gu/서원동/프리미엄테라피/","False","True",""
"업체상세","shops/seoul/gwanak-gu/서원동/마인드좋은테라피/index.html","https://1004테라피.shop/shops/seoul/gwanak-gu/서원동/마인드좋은테라피/","False","True",""
"업체상세","shops/seoul/gwanak-gu/성현동/한국미인테라피/index.html","https://1004테라피.shop/shops/seoul/gwanak-gu/성현동/한국미인테라피/","False","True",""
"업체상세","shops/seoul/gwanak-gu/성현동/너무이쁜테라피/index.html","https://1004테라피.shop/shops/seoul/gwanak-gu/성현동/너무이쁜테라피/","False","True",""
"업체상세","shops/seoul/gwanak-gu/성현동/love테라피/index.html","https://1004테라피.shop/shops/seoul/gwanak-gu/성현동/love테라피/","False","True",""
"업체상세","shops/seoul/gwanak-gu/성현동/프리미엄테라피/index.html","https://1004테라피.shop/shops/seoul/gwanak-gu/성현동/프리미엄테라피/","False","True",""
"업체상세","shops/seoul/gwanak-gu/성현동/마인드좋은테라피/index.html","https://1004테라피.shop/shops/seoul/gwanak-gu/성현동/마인드좋은테라피/","False","True",""
"업체상세","shops/seoul/gwanak-gu/신림동/한국미인테라피/index.html","https://1004테라피.shop/shops/seoul/gwanak-gu/신림동/한국미인테라피/","False","True",""
"업체상세","shops/seoul/gwanak-gu/신림동/너무이쁜테라피/index.html","https://1004테라피.shop/shops/seoul/gwanak-gu/신림동/너무이쁜테라피/","False","True",""
"업체상세","shops/seoul/gwanak-gu/신림동/love테라피/index.html","https://1004테라피.shop/shops/seoul/gwanak-gu/신림동/love테라피/","False","True",""
"업체상세","shops/seoul/gwanak-gu/신림동/프리미엄테라피/index.html","https://1004테라피.shop/shops/seoul/gwanak-gu/신림동/프리미엄테라피/","False","True",""
"업체상세","shops/seoul/gwanak-gu/신림동/마인드좋은테라피/index.html","https://1004테라피.shop/shops/seoul/gwanak-gu/신림동/마인드좋은테라피/","False","True",""
"업체상세","shops/seoul/gwanak-gu/신사동/한국미인테라피/index.html","https://1004테라피.shop/shops/seoul/gwanak-gu/신사동/한국미인테라피/","False","True",""
"업체상세","shops/seoul/gwanak-gu/신사동/너무이쁜테라피/index.html","https://1004테라피.shop/shops/seoul/gwanak-gu/신사동/너무이쁜테라피/","False","True",""
"업체상세","shops/seoul/gwanak-gu/신사동/love테라피/index.html","https://1004테라피.shop/shops/seoul/gwanak-gu/신사동/love테라피/","False","True",""
"업체상세","shops/seoul/gwanak-gu/신사동/프리미엄테라피/index.html","https://1004테라피.shop/shops/seoul/gwanak-gu/신사동/프리미엄테라피/","False","True",""
"업체상세","shops/seoul/gwanak-gu/신사동/마인드좋은테라피/index.html","https://1004테라피.shop/shops/seoul/gwanak-gu/신사동/마인드좋은테라피/","False","True",""
"업체상세","shops/seoul/gwanak-gu/신원동/한국미인테라피/index.html","https://1004테라피.shop/shops/seoul/gwanak-gu/신원동/한국미인테라피/","False","True",""
"업체상세","shops/seoul/gwanak-gu/신원동/너무이쁜테라피/index.html","https://1004테라피.shop/shops/seoul/gwanak-gu/신원동/너무이쁜테라피/","False","True",""
"업체상세","shops/seoul/gwanak-gu/신원동/love테라피/index.html","https://1004테라피.shop/shops/seoul/gwanak-gu/신원동/love테라피/","False","True",""
"업체상세","shops/seoul/gwanak-gu/신원동/프리미엄테라피/index.html","https://1004테라피.shop/shops/seoul/gwanak-gu/신원동/프리미엄테라피/","False","True",""
"업체상세","shops/seoul/gwanak-gu/신원동/마인드좋은테라피/index.html","https://1004테라피.shop/shops/seoul/gwanak-gu/신원동/마인드좋은테라피/","False","True",""
"업체상세","shops/seoul/gwanak-gu/은천동/한국미인테라피/index.html","https://1004테라피.shop/shops/seoul/gwanak-gu/은천동/한국미인테라피/","False","True",""
"업체상세","shops/seoul/gwanak-gu/은천동/너무이쁜테라피/index.html","https://1004테라피.shop/shops/seoul/gwanak-gu/은천동/너무이쁜테라피/","False","True",""
"업체상세","shops/seoul/gwanak-gu/은천동/love테라피/index.html","https://1004테라피.shop/shops/seoul/gwanak-gu/은천동/love테라피/","False","True",""
"업체상세","shops/seoul/gwanak-gu/은천동/프리미엄테라피/index.html","https://1004테라피.shop/shops/seoul/gwanak-gu/은천동/프리미엄테라피/","False","True",""
"업체상세","shops/seoul/gwanak-gu/은천동/마인드좋은테라피/index.html","https://1004테라피.shop/shops/seoul/gwanak-gu/은천동/마인드좋은테라피/","False","True",""
"업체상세","shops/seoul/gwanak-gu/인헌동/한국미인테라피/index.html","https://1004테라피.shop/shops/seoul/gwanak-gu/인헌동/한국미인테라피/","False","True",""
"업체상세","shops/seoul/gwanak-gu/인헌동/너무이쁜테라피/index.html","https://1004테라피.shop/shops/seoul/gwanak-gu/인헌동/너무이쁜테라피/","False","True",""
"업체상세","shops/seoul/gwanak-gu/인헌동/love테라피/index.html","https://1004테라피.shop/shops/seoul/gwanak-gu/인헌동/love테라피/","False","True",""
"업체상세","shops/seoul/gwanak-gu/인헌동/프리미엄테라피/index.html","https://1004테라피.shop/shops/seoul/gwanak-gu/인헌동/프리미엄테라피/","False","True",""
"업체상세","shops/seoul/gwanak-gu/인헌동/마인드좋은테라피/index.html","https://1004테라피.shop/shops/seoul/gwanak-gu/인헌동/마인드좋은테라피/","False","True",""
"업체상세","shops/seoul/gwanak-gu/조원동/한국미인테라피/index.html","https://1004테라피.shop/shops/seoul/gwanak-gu/조원동/한국미인테라피/","False","True",""
"업체상세","shops/seoul/gwanak-gu/조원동/너무이쁜테라피/index.html","https://1004테라피.shop/shops/seoul/gwanak-gu/조원동/너무이쁜테라피/","False","True",""
"업체상세","shops/seoul/gwanak-gu/조원동/love테라피/index.html","https://1004테라피.shop/shops/seoul/gwanak-gu/조원동/love테라피/","False","True",""
"업체상세","shops/seoul/gwanak-gu/조원동/프리미엄테라피/index.html","https://1004테라피.shop/shops/seoul/gwanak-gu/조원동/프리미엄테라피/","False","True",""
"업체상세","shops/seoul/gwanak-gu/조원동/마인드좋은테라피/index.html","https://1004테라피.shop/shops/seoul/gwanak-gu/조원동/마인드좋은테라피/","False","True",""
"업체상세","shops/seoul/gwanak-gu/중앙동/한국미인테라피/index.html","https://1004테라피.shop/shops/seoul/gwanak-gu/중앙동/한국미인테라피/","False","True",""
"업체상세","shops/seoul/gwanak-gu/중앙동/너무이쁜테라피/index.html","https://1004테라피.shop/shops/seoul/gwanak-gu/중앙동/너무이쁜테라피/","False","True",""
"업체상세","shops/seoul/gwanak-gu/중앙동/love테라피/index.html","https://1004테라피.shop/shops/seoul/gwanak-gu/중앙동/love테라피/","False","True",""
"업체상세","shops/seoul/gwanak-gu/중앙동/프리미엄테라피/index.html","https://1004테라피.shop/shops/seoul/gwanak-gu/중앙동/프리미엄테라피/","False","True",""
"업체상세","shops/seoul/gwanak-gu/중앙동/마인드좋은테라피/index.html","https://1004테라피.shop/shops/seoul/gwanak-gu/중앙동/마인드좋은테라피/","False","True",""
"업체상세","shops/seoul/gwanak-gu/청룡동/한국미인테라피/index.html","https://1004테라피.shop/shops/seoul/gwanak-gu/청룡동/한국미인테라피/","False","True",""
"업체상세","shops/seoul/gwanak-gu/청룡동/너무이쁜테라피/index.html","https://1004테라피.shop/shops/seoul/gwanak-gu/청룡동/너무이쁜테라피/","False","True",""
"업체상세","shops/seoul/gwanak-gu/청룡동/love테라피/index.html","https://1004테라피.shop/shops/seoul/gwanak-gu/청룡동/love테라피/","False","True",""
"업체상세","shops/seoul/gwanak-gu/청룡동/프리미엄테라피/index.html","https://1004테라피.shop/shops/seoul/gwanak-gu/청룡동/프리미엄테라피/","False","True",""
"업체상세","shops/seoul/gwanak-gu/청룡동/마인드좋은테라피/index.html","https://1004테라피.shop/shops/seoul/gwanak-gu/청룡동/마인드좋은테라피/","False","True",""
"업체상세","shops/seoul/gwanak-gu/청림동/한국미인테라피/index.html","https://1004테라피.shop/shops/seoul/gwanak-gu/청림동/한국미인테라피/","False","True",""
"업체상세","shops/seoul/gwanak-gu/청림동/너무이쁜테라피/index.html","https://1004테라피.shop/shops/seoul/gwanak-gu/청림동/너무이쁜테라피/","False","True",""
"업체상세","shops/seoul/gwanak-gu/청림동/love테라피/index.html","https://1004테라피.shop/shops/seoul/gwanak-gu/청림동/love테라피/","False","True",""
"업체상세","shops/seoul/gwanak-gu/청림동/프리미엄테라피/index.html","https://1004테라피.shop/shops/seoul/gwanak-gu/청림동/프리미엄테라피/","False","True",""
"업체상세","shops/seoul/gwanak-gu/청림동/마인드좋은테라피/index.html","https://1004테라피.shop/shops/seoul/gwanak-gu/청림동/마인드좋은테라피/","False","True",""
"업체상세","shops/seoul/gwanak-gu/행운동/한국미인테라피/index.html","https://1004테라피.shop/shops/seoul/gwanak-gu/행운동/한국미인테라피/","False","True",""
"업체상세","shops/seoul/gwanak-gu/행운동/너무이쁜테라피/index.html","https://1004테라피.shop/shops/seoul/gwanak-gu/행운동/너무이쁜테라피/","False","True",""
"업체상세","shops/seoul/gwanak-gu/행운동/love테라피/index.html","https://1004테라피.shop/shops/seoul/gwanak-gu/행운동/love테라피/","False","True",""
"업체상세","shops/seoul/gwanak-gu/행운동/프리미엄테라피/index.html","https://1004테라피.shop/shops/seoul/gwanak-gu/행운동/프리미엄테라피/","False","True",""
"업체상세","shops/seoul/gwanak-gu/행운동/마인드좋은테라피/index.html","https://1004테라피.shop/shops/seoul/gwanak-gu/행운동/마인드좋은테라피/","False","True",""
"업체상세","shops/seoul/gwangjin-gu/광장동/한국미인테라피/index.html","https://1004테라피.shop/shops/seoul/gwangjin-gu/광장동/한국미인테라피/","False","True",""
"업체상세","shops/seoul/gwangjin-gu/광장동/너무이쁜테라피/index.html","https://1004테라피.shop/shops/seoul/gwangjin-gu/광장동/너무이쁜테라피/","False","True",""
"업체상세","shops/seoul/gwangjin-gu/광장동/love테라피/index.html","https://1004테라피.shop/shops/seoul/gwangjin-gu/광장동/love테라피/","False","True",""
"업체상세","shops/seoul/gwangjin-gu/광장동/프리미엄테라피/index.html","https://1004테라피.shop/shops/seoul/gwangjin-gu/광장동/프리미엄테라피/","False","True",""
"업체상세","shops/seoul/gwangjin-gu/구의동/한국미인테라피/index.html","https://1004테라피.shop/shops/seoul/gwangjin-gu/구의동/한국미인테라피/","False","True",""
"업체상세","shops/seoul/gwangjin-gu/구의동/너무이쁜테라피/index.html","https://1004테라피.shop/shops/seoul/gwangjin-gu/구의동/너무이쁜테라피/","False","True",""
"업체상세","shops/seoul/gwangjin-gu/구의동/love테라피/index.html","https://1004테라피.shop/shops/seoul/gwangjin-gu/구의동/love테라피/","False","True",""
"업체상세","shops/seoul/gwangjin-gu/구의동/프리미엄테라피/index.html","https://1004테라피.shop/shops/seoul/gwangjin-gu/구의동/프리미엄테라피/","False","True",""
"업체상세","shops/seoul/gwangjin-gu/군자동/한국미인테라피/index.html","https://1004테라피.shop/shops/seoul/gwangjin-gu/군자동/한국미인테라피/","False","True",""
"업체상세","shops/seoul/gwangjin-gu/군자동/너무이쁜테라피/index.html","https://1004테라피.shop/shops/seoul/gwangjin-gu/군자동/너무이쁜테라피/","False","True",""
"업체상세","shops/seoul/gwangjin-gu/군자동/love테라피/index.html","https://1004테라피.shop/shops/seoul/gwangjin-gu/군자동/love테라피/","False","True",""
"업체상세","shops/seoul/gwangjin-gu/군자동/프리미엄테라피/index.html","https://1004테라피.shop/shops/seoul/gwangjin-gu/군자동/프리미엄테라피/","False","True",""
"업체상세","shops/seoul/gwangjin-gu/능동/한국미인테라피/index.html","https://1004테라피.shop/shops/seoul/gwangjin-gu/능동/한국미인테라피/","False","True",""
"업체상세","shops/seoul/gwangjin-gu/능동/너무이쁜테라피/index.html","https://1004테라피.shop/shops/seoul/gwangjin-gu/능동/너무이쁜테라피/","False","True",""
"업체상세","shops/seoul/gwangjin-gu/능동/love테라피/index.html","https://1004테라피.shop/shops/seoul/gwangjin-gu/능동/love테라피/","False","True",""
"업체상세","shops/seoul/gwangjin-gu/능동/프리미엄테라피/index.html","https://1004테라피.shop/shops/seoul/gwangjin-gu/능동/프리미엄테라피/","False","True",""
"업체상세","shops/seoul/gwangjin-gu/자양동/한국미인테라피/index.html","https://1004테라피.shop/shops/seoul/gwangjin-gu/자양동/한국미인테라피/","False","True",""
"업체상세","shops/seoul/gwangjin-gu/자양동/너무이쁜테라피/index.html","https://1004테라피.shop/shops/seoul/gwangjin-gu/자양동/너무이쁜테라피/","False","True",""
"업체상세","shops/seoul/gwangjin-gu/자양동/love테라피/index.html","https://1004테라피.shop/shops/seoul/gwangjin-gu/자양동/love테라피/","False","True",""
"업체상세","shops/seoul/gwangjin-gu/자양동/프리미엄테라피/index.html","https://1004테라피.shop/shops/seoul/gwangjin-gu/자양동/프리미엄테라피/","False","True",""
"업체상세","shops/seoul/gwangjin-gu/중곡동/한국미인테라피/index.html","https://1004테라피.shop/shops/seoul/gwangjin-gu/중곡동/한국미인테라피/","False","True",""
"업체상세","shops/seoul/gwangjin-gu/중곡동/너무이쁜테라피/index.html","https://1004테라피.shop/shops/seoul/gwangjin-gu/중곡동/너무이쁜테라피/","False","True",""
"업체상세","shops/seoul/gwangjin-gu/중곡동/love테라피/index.html","https://1004테라피.shop/shops/seoul/gwangjin-gu/중곡동/love테라피/","False","True",""
"업체상세","shops/seoul/gwangjin-gu/중곡동/프리미엄테라피/index.html","https://1004테라피.shop/shops/seoul/gwangjin-gu/중곡동/프리미엄테라피/","False","True",""
"업체상세","shops/seoul/gwangjin-gu/화양동/한국미인테라피/index.html","https://1004테라피.shop/shops/seoul/gwangjin-gu/화양동/한국미인테라피/","False","True",""
"업체상세","shops/seoul/gwangjin-gu/화양동/너무이쁜테라피/index.html","https://1004테라피.shop/shops/seoul/gwangjin-gu/화양동/너무이쁜테라피/","False","True",""
"업체상세","shops/seoul/gwangjin-gu/화양동/love테라피/index.html","https://1004테라피.shop/shops/seoul/gwangjin-gu/화양동/love테라피/","False","True",""
"업체상세","shops/seoul/gwangjin-gu/화양동/프리미엄테라피/index.html","https://1004테라피.shop/shops/seoul/gwangjin-gu/화양동/프리미엄테라피/","False","True",""
"업체상세","shops/seoul/guro-gu/가리봉동/한국미인테라피/index.html","https://1004테라피.shop/shops/seoul/guro-gu/가리봉동/한국미인테라피/","False","True",""
"업체상세","shops/seoul/guro-gu/가리봉동/너무이쁜테라피/index.html","https://1004테라피.shop/shops/seoul/guro-gu/가리봉동/너무이쁜테라피/","False","True",""
"업체상세","shops/seoul/guro-gu/가리봉동/love테라피/index.html","https://1004테라피.shop/shops/seoul/guro-gu/가리봉동/love테라피/","False","True",""
"업체상세","shops/seoul/guro-gu/가리봉동/프리미엄테라피/index.html","https://1004테라피.shop/shops/seoul/guro-gu/가리봉동/프리미엄테라피/","False","True",""
"업체상세","shops/seoul/guro-gu/개봉동/한국미인테라피/index.html","https://1004테라피.shop/shops/seoul/guro-gu/개봉동/한국미인테라피/","False","True",""
"업체상세","shops/seoul/guro-gu/개봉동/너무이쁜테라피/index.html","https://1004테라피.shop/shops/seoul/guro-gu/개봉동/너무이쁜테라피/","False","True",""
"업체상세","shops/seoul/guro-gu/개봉동/love테라피/index.html","https://1004테라피.shop/shops/seoul/guro-gu/개봉동/love테라피/","False","True",""
"업체상세","shops/seoul/guro-gu/개봉동/프리미엄테라피/index.html","https://1004테라피.shop/shops/seoul/guro-gu/개봉동/프리미엄테라피/","False","True",""
"업체상세","shops/seoul/guro-gu/고척동/한국미인테라피/index.html","https://1004테라피.shop/shops/seoul/guro-gu/고척동/한국미인테라피/","False","True",""
"업체상세","shops/seoul/guro-gu/고척동/너무이쁜테라피/index.html","https://1004테라피.shop/shops/seoul/guro-gu/고척동/너무이쁜테라피/","False","True",""
"업체상세","shops/seoul/guro-gu/고척동/love테라피/index.html","https://1004테라피.shop/shops/seoul/guro-gu/고척동/love테라피/","False","True",""
"업체상세","shops/seoul/guro-gu/고척동/프리미엄테라피/index.html","https://1004테라피.shop/shops/seoul/guro-gu/고척동/프리미엄테라피/","False","True",""
"업체상세","shops/seoul/guro-gu/구로동/한국미인테라피/index.html","https://1004테라피.shop/shops/seoul/guro-gu/구로동/한국미인테라피/","False","True",""
"업체상세","shops/seoul/guro-gu/구로동/너무이쁜테라피/index.html","https://1004테라피.shop/shops/seoul/guro-gu/구로동/너무이쁜테라피/","False","True",""
"업체상세","shops/seoul/guro-gu/구로동/love테라피/index.html","https://1004테라피.shop/shops/seoul/guro-gu/구로동/love테라피/","False","True",""
"업체상세","shops/seoul/guro-gu/구로동/프리미엄테라피/index.html","https://1004테라피.shop/shops/seoul/guro-gu/구로동/프리미엄테라피/","False","True",""
"업체상세","shops/seoul/guro-gu/수궁동/한국미인테라피/index.html","https://1004테라피.shop/shops/seoul/guro-gu/수궁동/한국미인테라피/","False","True",""
"업체상세","shops/seoul/guro-gu/수궁동/너무이쁜테라피/index.html","https://1004테라피.shop/shops/seoul/guro-gu/수궁동/너무이쁜테라피/","False","True",""
"업체상세","shops/seoul/guro-gu/수궁동/love테라피/index.html","https://1004테라피.shop/shops/seoul/guro-gu/수궁동/love테라피/","False","True",""
"업체상세","shops/seoul/guro-gu/수궁동/프리미엄테라피/index.html","https://1004테라피.shop/shops/seoul/guro-gu/수궁동/프리미엄테라피/","False","True",""
"업체상세","shops/seoul/guro-gu/신도림동/한국미인테라피/index.html","https://1004테라피.shop/shops/seoul/guro-gu/신도림동/한국미인테라피/","False","True",""
"업체상세","shops/seoul/guro-gu/신도림동/너무이쁜테라피/index.html","https://1004테라피.shop/shops/seoul/guro-gu/신도림동/너무이쁜테라피/","False","True",""
"업체상세","shops/seoul/guro-gu/신도림동/love테라피/index.html","https://1004테라피.shop/shops/seoul/guro-gu/신도림동/love테라피/","False","True",""
"업체상세","shops/seoul/guro-gu/신도림동/프리미엄테라피/index.html","https://1004테라피.shop/shops/seoul/guro-gu/신도림동/프리미엄테라피/","False","True",""
"업체상세","shops/seoul/guro-gu/오류동/한국미인테라피/index.html","https://1004테라피.shop/shops/seoul/guro-gu/오류동/한국미인테라피/","False","True",""
"업체상세","shops/seoul/guro-gu/오류동/너무이쁜테라피/index.html","https://1004테라피.shop/shops/seoul/guro-gu/오류동/너무이쁜테라피/","False","True",""
"업체상세","shops/seoul/guro-gu/오류동/love테라피/index.html","https://1004테라피.shop/shops/seoul/guro-gu/오류동/love테라피/","False","True",""
"업체상세","shops/seoul/guro-gu/오류동/프리미엄테라피/index.html","https://1004테라피.shop/shops/seoul/guro-gu/오류동/프리미엄테라피/","False","True",""
"업체상세","shops/seoul/guro-gu/항동/한국미인테라피/index.html","https://1004테라피.shop/shops/seoul/guro-gu/항동/한국미인테라피/","False","True",""
"업체상세","shops/seoul/guro-gu/항동/너무이쁜테라피/index.html","https://1004테라피.shop/shops/seoul/guro-gu/항동/너무이쁜테라피/","False","True",""
"업체상세","shops/seoul/guro-gu/항동/love테라피/index.html","https://1004테라피.shop/shops/seoul/guro-gu/항동/love테라피/","False","True",""
"업체상세","shops/seoul/guro-gu/항동/프리미엄테라피/index.html","https://1004테라피.shop/shops/seoul/guro-gu/항동/프리미엄테라피/","False","True",""
"업체상세","shops/seoul/geumcheon-gu/가산동/한국미인테라피/index.html","https://1004테라피.shop/shops/seoul/geumcheon-gu/가산동/한국미인테라피/","False","True",""
"업체상세","shops/seoul/geumcheon-gu/가산동/너무이쁜테라피/index.html","https://1004테라피.shop/shops/seoul/geumcheon-gu/가산동/너무이쁜테라피/","False","True",""
"업체상세","shops/seoul/geumcheon-gu/가산동/love테라피/index.html","https://1004테라피.shop/shops/seoul/geumcheon-gu/가산동/love테라피/","False","True",""
"업체상세","shops/seoul/geumcheon-gu/가산동/프리미엄테라피/index.html","https://1004테라피.shop/shops/seoul/geumcheon-gu/가산동/프리미엄테라피/","False","True",""
"업체상세","shops/seoul/geumcheon-gu/독산동/한국미인테라피/index.html","https://1004테라피.shop/shops/seoul/geumcheon-gu/독산동/한국미인테라피/","False","True",""
"업체상세","shops/seoul/geumcheon-gu/독산동/너무이쁜테라피/index.html","https://1004테라피.shop/shops/seoul/geumcheon-gu/독산동/너무이쁜테라피/","False","True",""
"업체상세","shops/seoul/geumcheon-gu/독산동/love테라피/index.html","https://1004테라피.shop/shops/seoul/geumcheon-gu/독산동/love테라피/","False","True",""
"업체상세","shops/seoul/geumcheon-gu/독산동/프리미엄테라피/index.html","https://1004테라피.shop/shops/seoul/geumcheon-gu/독산동/프리미엄테라피/","False","True",""
"업체상세","shops/seoul/geumcheon-gu/시흥동/한국미인테라피/index.html","https://1004테라피.shop/shops/seoul/geumcheon-gu/시흥동/한국미인테라피/","False","True",""
"업체상세","shops/seoul/geumcheon-gu/시흥동/너무이쁜테라피/index.html","https://1004테라피.shop/shops/seoul/geumcheon-gu/시흥동/너무이쁜테라피/","False","True",""
"업체상세","shops/seoul/geumcheon-gu/시흥동/love테라피/index.html","https://1004테라피.shop/shops/seoul/geumcheon-gu/시흥동/love테라피/","False","True",""
"업체상세","shops/seoul/geumcheon-gu/시흥동/프리미엄테라피/index.html","https://1004테라피.shop/shops/seoul/geumcheon-gu/시흥동/프리미엄테라피/","False","True",""
"업체상세","shops/seoul/nowon-gu/3동/한국미인테라피/index.html","https://1004테라피.shop/shops/seoul/nowon-gu/3동/한국미인테라피/","False","True",""
"업체상세","shops/seoul/nowon-gu/3동/너무이쁜테라피/index.html","https://1004테라피.shop/shops/seoul/nowon-gu/3동/너무이쁜테라피/","False","True",""
"업체상세","shops/seoul/nowon-gu/3동/love테라피/index.html","https://1004테라피.shop/shops/seoul/nowon-gu/3동/love테라피/","False","True",""
"업체상세","shops/seoul/nowon-gu/3동/프리미엄테라피/index.html","https://1004테라피.shop/shops/seoul/nowon-gu/3동/프리미엄테라피/","False","True",""
"업체상세","shops/seoul/nowon-gu/4동/한국미인테라피/index.html","https://1004테라피.shop/shops/seoul/nowon-gu/4동/한국미인테라피/","False","True",""
"업체상세","shops/seoul/nowon-gu/4동/너무이쁜테라피/index.html","https://1004테라피.shop/shops/seoul/nowon-gu/4동/너무이쁜테라피/","False","True",""
"업체상세","shops/seoul/nowon-gu/4동/love테라피/index.html","https://1004테라피.shop/shops/seoul/nowon-gu/4동/love테라피/","False","True",""
"업체상세","shops/seoul/nowon-gu/4동/프리미엄테라피/index.html","https://1004테라피.shop/shops/seoul/nowon-gu/4동/프리미엄테라피/","False","True",""
"업체상세","shops/seoul/nowon-gu/7동/한국미인테라피/index.html","https://1004테라피.shop/shops/seoul/nowon-gu/7동/한국미인테라피/","False","True",""
"업체상세","shops/seoul/nowon-gu/7동/너무이쁜테라피/index.html","https://1004테라피.shop/shops/seoul/nowon-gu/7동/너무이쁜테라피/","False","True",""
"업체상세","shops/seoul/nowon-gu/7동/love테라피/index.html","https://1004테라피.shop/shops/seoul/nowon-gu/7동/love테라피/","False","True",""
"업체상세","shops/seoul/nowon-gu/7동/프리미엄테라피/index.html","https://1004테라피.shop/shops/seoul/nowon-gu/7동/프리미엄테라피/","False","True",""
"업체상세","shops/seoul/nowon-gu/공릉동/한국미인테라피/index.html","https://1004테라피.shop/shops/seoul/nowon-gu/공릉동/한국미인테라피/","False","True",""
"업체상세","shops/seoul/nowon-gu/공릉동/너무이쁜테라피/index.html","https://1004테라피.shop/shops/seoul/nowon-gu/공릉동/너무이쁜테라피/","False","True",""
"업체상세","shops/seoul/nowon-gu/공릉동/love테라피/index.html","https://1004테라피.shop/shops/seoul/nowon-gu/공릉동/love테라피/","False","True",""
"업체상세","shops/seoul/nowon-gu/공릉동/프리미엄테라피/index.html","https://1004테라피.shop/shops/seoul/nowon-gu/공릉동/프리미엄테라피/","False","True",""
"업체상세","shops/seoul/nowon-gu/상계동/한국미인테라피/index.html","https://1004테라피.shop/shops/seoul/nowon-gu/상계동/한국미인테라피/","False","True",""
"업체상세","shops/seoul/nowon-gu/상계동/너무이쁜테라피/index.html","https://1004테라피.shop/shops/seoul/nowon-gu/상계동/너무이쁜테라피/","False","True",""
"업체상세","shops/seoul/nowon-gu/상계동/love테라피/index.html","https://1004테라피.shop/shops/seoul/nowon-gu/상계동/love테라피/","False","True",""
"업체상세","shops/seoul/nowon-gu/상계동/프리미엄테라피/index.html","https://1004테라피.shop/shops/seoul/nowon-gu/상계동/프리미엄테라피/","False","True",""
"업체상세","shops/seoul/nowon-gu/월계동/한국미인테라피/index.html","https://1004테라피.shop/shops/seoul/nowon-gu/월계동/한국미인테라피/","False","True",""
"업체상세","shops/seoul/nowon-gu/월계동/너무이쁜테라피/index.html","https://1004테라피.shop/shops/seoul/nowon-gu/월계동/너무이쁜테라피/","False","True",""
"업체상세","shops/seoul/nowon-gu/월계동/love테라피/index.html","https://1004테라피.shop/shops/seoul/nowon-gu/월계동/love테라피/","False","True",""
"업체상세","shops/seoul/nowon-gu/월계동/프리미엄테라피/index.html","https://1004테라피.shop/shops/seoul/nowon-gu/월계동/프리미엄테라피/","False","True",""
"업체상세","shops/seoul/nowon-gu/중계동/한국미인테라피/index.html","https://1004테라피.shop/shops/seoul/nowon-gu/중계동/한국미인테라피/","False","True",""
"업체상세","shops/seoul/nowon-gu/중계동/너무이쁜테라피/index.html","https://1004테라피.shop/shops/seoul/nowon-gu/중계동/너무이쁜테라피/","False","True",""
"업체상세","shops/seoul/nowon-gu/중계동/love테라피/index.html","https://1004테라피.shop/shops/seoul/nowon-gu/중계동/love테라피/","False","True",""
"업체상세","shops/seoul/nowon-gu/중계동/프리미엄테라피/index.html","https://1004테라피.shop/shops/seoul/nowon-gu/중계동/프리미엄테라피/","False","True",""
"업체상세","shops/seoul/nowon-gu/중계본동/한국미인테라피/index.html","https://1004테라피.shop/shops/seoul/nowon-gu/중계본동/한국미인테라피/","False","True",""
"업체상세","shops/seoul/nowon-gu/중계본동/너무이쁜테라피/index.html","https://1004테라피.shop/shops/seoul/nowon-gu/중계본동/너무이쁜테라피/","False","True",""
"업체상세","shops/seoul/nowon-gu/중계본동/love테라피/index.html","https://1004테라피.shop/shops/seoul/nowon-gu/중계본동/love테라피/","False","True",""
"업체상세","shops/seoul/nowon-gu/중계본동/프리미엄테라피/index.html","https://1004테라피.shop/shops/seoul/nowon-gu/중계본동/프리미엄테라피/","False","True",""
"업체상세","shops/seoul/nowon-gu/하계동/한국미인테라피/index.html","https://1004테라피.shop/shops/seoul/nowon-gu/하계동/한국미인테라피/","False","True",""
"업체상세","shops/seoul/nowon-gu/하계동/너무이쁜테라피/index.html","https://1004테라피.shop/shops/seoul/nowon-gu/하계동/너무이쁜테라피/","False","True",""
"업체상세","shops/seoul/nowon-gu/하계동/love테라피/index.html","https://1004테라피.shop/shops/seoul/nowon-gu/하계동/love테라피/","False","True",""
"업체상세","shops/seoul/nowon-gu/하계동/프리미엄테라피/index.html","https://1004테라피.shop/shops/seoul/nowon-gu/하계동/프리미엄테라피/","False","True",""
"업체상세","shops/seoul/dobong-gu/도봉동/한국미인테라피/index.html","https://1004테라피.shop/shops/seoul/dobong-gu/도봉동/한국미인테라피/","False","True",""
"업체상세","shops/seoul/dobong-gu/도봉동/너무이쁜테라피/index.html","https://1004테라피.shop/shops/seoul/dobong-gu/도봉동/너무이쁜테라피/","False","True",""
"업체상세","shops/seoul/dobong-gu/도봉동/love테라피/index.html","https://1004테라피.shop/shops/seoul/dobong-gu/도봉동/love테라피/","False","True",""
"업체상세","shops/seoul/dobong-gu/도봉동/프리미엄테라피/index.html","https://1004테라피.shop/shops/seoul/dobong-gu/도봉동/프리미엄테라피/","False","True",""
"업체상세","shops/seoul/dobong-gu/방학동/한국미인테라피/index.html","https://1004테라피.shop/shops/seoul/dobong-gu/방학동/한국미인테라피/","False","True",""
"업체상세","shops/seoul/dobong-gu/방학동/너무이쁜테라피/index.html","https://1004테라피.shop/shops/seoul/dobong-gu/방학동/너무이쁜테라피/","False","True",""
"업체상세","shops/seoul/dobong-gu/방학동/love테라피/index.html","https://1004테라피.shop/shops/seoul/dobong-gu/방학동/love테라피/","False","True",""
"업체상세","shops/seoul/dobong-gu/방학동/프리미엄테라피/index.html","https://1004테라피.shop/shops/seoul/dobong-gu/방학동/프리미엄테라피/","False","True",""
"업체상세","shops/seoul/dobong-gu/쌍문동/한국미인테라피/index.html","https://1004테라피.shop/shops/seoul/dobong-gu/쌍문동/한국미인테라피/","False","True",""
"업체상세","shops/seoul/dobong-gu/쌍문동/너무이쁜테라피/index.html","https://1004테라피.shop/shops/seoul/dobong-gu/쌍문동/너무이쁜테라피/","False","True",""
"업체상세","shops/seoul/dobong-gu/쌍문동/love테라피/index.html","https://1004테라피.shop/shops/seoul/dobong-gu/쌍문동/love테라피/","False","True",""
"업체상세","shops/seoul/dobong-gu/쌍문동/프리미엄테라피/index.html","https://1004테라피.shop/shops/seoul/dobong-gu/쌍문동/프리미엄테라피/","False","True",""
"업체상세","shops/seoul/dobong-gu/창동/한국미인테라피/index.html","https://1004테라피.shop/shops/seoul/dobong-gu/창동/한국미인테라피/","False","True",""
"업체상세","shops/seoul/dobong-gu/창동/너무이쁜테라피/index.html","https://1004테라피.shop/shops/seoul/dobong-gu/창동/너무이쁜테라피/","False","True",""
"업체상세","shops/seoul/dobong-gu/창동/love테라피/index.html","https://1004테라피.shop/shops/seoul/dobong-gu/창동/love테라피/","False","True",""
"업체상세","shops/seoul/dobong-gu/창동/프리미엄테라피/index.html","https://1004테라피.shop/shops/seoul/dobong-gu/창동/프리미엄테라피/","False","True",""
"업체상세","shops/seoul/dongdaemun-gu/답십리동/한국미인테라피/index.html","https://1004테라피.shop/shops/seoul/dongdaemun-gu/답십리동/한국미인테라피/","False","True",""
"업체상세","shops/seoul/dongdaemun-gu/답십리동/너무이쁜테라피/index.html","https://1004테라피.shop/shops/seoul/dongdaemun-gu/답십리동/너무이쁜테라피/","False","True",""
"업체상세","shops/seoul/dongdaemun-gu/답십리동/love테라피/index.html","https://1004테라피.shop/shops/seoul/dongdaemun-gu/답십리동/love테라피/","False","True",""
"업체상세","shops/seoul/dongdaemun-gu/답십리동/프리미엄테라피/index.html","https://1004테라피.shop/shops/seoul/dongdaemun-gu/답십리동/프리미엄테라피/","False","True",""
"업체상세","shops/seoul/dongdaemun-gu/신설동/한국미인테라피/index.html","https://1004테라피.shop/shops/seoul/dongdaemun-gu/신설동/한국미인테라피/","False","True",""
"업체상세","shops/seoul/dongdaemun-gu/신설동/너무이쁜테라피/index.html","https://1004테라피.shop/shops/seoul/dongdaemun-gu/신설동/너무이쁜테라피/","False","True",""
"업체상세","shops/seoul/dongdaemun-gu/신설동/love테라피/index.html","https://1004테라피.shop/shops/seoul/dongdaemun-gu/신설동/love테라피/","False","True",""
"업체상세","shops/seoul/dongdaemun-gu/신설동/프리미엄테라피/index.html","https://1004테라피.shop/shops/seoul/dongdaemun-gu/신설동/프리미엄테라피/","False","True",""
"업체상세","shops/seoul/dongdaemun-gu/용두동/한국미인테라피/index.html","https://1004테라피.shop/shops/seoul/dongdaemun-gu/용두동/한국미인테라피/","False","True",""
"업체상세","shops/seoul/dongdaemun-gu/용두동/너무이쁜테라피/index.html","https://1004테라피.shop/shops/seoul/dongdaemun-gu/용두동/너무이쁜테라피/","False","True",""
"업체상세","shops/seoul/dongdaemun-gu/용두동/love테라피/index.html","https://1004테라피.shop/shops/seoul/dongdaemun-gu/용두동/love테라피/","False","True",""
"업체상세","shops/seoul/dongdaemun-gu/용두동/프리미엄테라피/index.html","https://1004테라피.shop/shops/seoul/dongdaemun-gu/용두동/프리미엄테라피/","False","True",""
"업체상세","shops/seoul/dongdaemun-gu/이문동/한국미인테라피/index.html","https://1004테라피.shop/shops/seoul/dongdaemun-gu/이문동/한국미인테라피/","False","True",""
"업체상세","shops/seoul/dongdaemun-gu/이문동/너무이쁜테라피/index.html","https://1004테라피.shop/shops/seoul/dongdaemun-gu/이문동/너무이쁜테라피/","False","True",""
"업체상세","shops/seoul/dongdaemun-gu/이문동/love테라피/index.html","https://1004테라피.shop/shops/seoul/dongdaemun-gu/이문동/love테라피/","False","True",""
"업체상세","shops/seoul/dongdaemun-gu/이문동/프리미엄테라피/index.html","https://1004테라피.shop/shops/seoul/dongdaemun-gu/이문동/프리미엄테라피/","False","True",""
"업체상세","shops/seoul/dongdaemun-gu/장안동/한국미인테라피/index.html","https://1004테라피.shop/shops/seoul/dongdaemun-gu/장안동/한국미인테라피/","False","True",""
"업체상세","shops/seoul/dongdaemun-gu/장안동/너무이쁜테라피/index.html","https://1004테라피.shop/shops/seoul/dongdaemun-gu/장안동/너무이쁜테라피/","False","True",""
"업체상세","shops/seoul/dongdaemun-gu/장안동/love테라피/index.html","https://1004테라피.shop/shops/seoul/dongdaemun-gu/장안동/love테라피/","False","True",""
"업체상세","shops/seoul/dongdaemun-gu/장안동/프리미엄테라피/index.html","https://1004테라피.shop/shops/seoul/dongdaemun-gu/장안동/프리미엄테라피/","False","True",""
"업체상세","shops/seoul/dongdaemun-gu/전농동/한국미인테라피/index.html","https://1004테라피.shop/shops/seoul/dongdaemun-gu/전농동/한국미인테라피/","False","True",""
"업체상세","shops/seoul/dongdaemun-gu/전농동/너무이쁜테라피/index.html","https://1004테라피.shop/shops/seoul/dongdaemun-gu/전농동/너무이쁜테라피/","False","True",""
"업체상세","shops/seoul/dongdaemun-gu/전농동/love테라피/index.html","https://1004테라피.shop/shops/seoul/dongdaemun-gu/전농동/love테라피/","False","True",""
"업체상세","shops/seoul/dongdaemun-gu/전농동/프리미엄테라피/index.html","https://1004테라피.shop/shops/seoul/dongdaemun-gu/전농동/프리미엄테라피/","False","True",""
"업체상세","shops/seoul/dongdaemun-gu/제기동/한국미인테라피/index.html","https://1004테라피.shop/shops/seoul/dongdaemun-gu/제기동/한국미인테라피/","False","True",""
"업체상세","shops/seoul/dongdaemun-gu/제기동/너무이쁜테라피/index.html","https://1004테라피.shop/shops/seoul/dongdaemun-gu/제기동/너무이쁜테라피/","False","True",""
"업체상세","shops/seoul/dongdaemun-gu/제기동/love테라피/index.html","https://1004테라피.shop/shops/seoul/dongdaemun-gu/제기동/love테라피/","False","True",""
"업체상세","shops/seoul/dongdaemun-gu/제기동/프리미엄테라피/index.html","https://1004테라피.shop/shops/seoul/dongdaemun-gu/제기동/프리미엄테라피/","False","True",""
"업체상세","shops/seoul/dongdaemun-gu/청량리동/한국미인테라피/index.html","https://1004테라피.shop/shops/seoul/dongdaemun-gu/청량리동/한국미인테라피/","False","True",""
"업체상세","shops/seoul/dongdaemun-gu/청량리동/너무이쁜테라피/index.html","https://1004테라피.shop/shops/seoul/dongdaemun-gu/청량리동/너무이쁜테라피/","False","True",""
"업체상세","shops/seoul/dongdaemun-gu/청량리동/love테라피/index.html","https://1004테라피.shop/shops/seoul/dongdaemun-gu/청량리동/love테라피/","False","True",""
"업체상세","shops/seoul/dongdaemun-gu/청량리동/프리미엄테라피/index.html","https://1004테라피.shop/shops/seoul/dongdaemun-gu/청량리동/프리미엄테라피/","False","True",""
"업체상세","shops/seoul/dongdaemun-gu/회기동/한국미인테라피/index.html","https://1004테라피.shop/shops/seoul/dongdaemun-gu/회기동/한국미인테라피/","False","True",""
"업체상세","shops/seoul/dongdaemun-gu/회기동/너무이쁜테라피/index.html","https://1004테라피.shop/shops/seoul/dongdaemun-gu/회기동/너무이쁜테라피/","False","True",""
"업체상세","shops/seoul/dongdaemun-gu/회기동/love테라피/index.html","https://1004테라피.shop/shops/seoul/dongdaemun-gu/회기동/love테라피/","False","True",""
"업체상세","shops/seoul/dongdaemun-gu/회기동/프리미엄테라피/index.html","https://1004테라피.shop/shops/seoul/dongdaemun-gu/회기동/프리미엄테라피/","False","True",""
"업체상세","shops/seoul/dongdaemun-gu/휘경동/한국미인테라피/index.html","https://1004테라피.shop/shops/seoul/dongdaemun-gu/휘경동/한국미인테라피/","False","True",""
"업체상세","shops/seoul/dongdaemun-gu/휘경동/너무이쁜테라피/index.html","https://1004테라피.shop/shops/seoul/dongdaemun-gu/휘경동/너무이쁜테라피/","False","True",""
"업체상세","shops/seoul/dongdaemun-gu/휘경동/love테라피/index.html","https://1004테라피.shop/shops/seoul/dongdaemun-gu/휘경동/love테라피/","False","True",""
"업체상세","shops/seoul/dongdaemun-gu/휘경동/프리미엄테라피/index.html","https://1004테라피.shop/shops/seoul/dongdaemun-gu/휘경동/프리미엄테라피/","False","True",""
"업체상세","shops/seoul/dongjak-gu/노량진동/한국미인테라피/index.html","https://1004테라피.shop/shops/seoul/dongjak-gu/노량진동/한국미인테라피/","False","True",""
"업체상세","shops/seoul/dongjak-gu/노량진동/너무이쁜테라피/index.html","https://1004테라피.shop/shops/seoul/dongjak-gu/노량진동/너무이쁜테라피/","False","True",""
"업체상세","shops/seoul/dongjak-gu/노량진동/love테라피/index.html","https://1004테라피.shop/shops/seoul/dongjak-gu/노량진동/love테라피/","False","True",""
"업체상세","shops/seoul/dongjak-gu/노량진동/프리미엄테라피/index.html","https://1004테라피.shop/shops/seoul/dongjak-gu/노량진동/프리미엄테라피/","False","True",""
"업체상세","shops/seoul/dongjak-gu/대방동/한국미인테라피/index.html","https://1004테라피.shop/shops/seoul/dongjak-gu/대방동/한국미인테라피/","False","True",""
"업체상세","shops/seoul/dongjak-gu/대방동/너무이쁜테라피/index.html","https://1004테라피.shop/shops/seoul/dongjak-gu/대방동/너무이쁜테라피/","False","True",""
"업체상세","shops/seoul/dongjak-gu/대방동/love테라피/index.html","https://1004테라피.shop/shops/seoul/dongjak-gu/대방동/love테라피/","False","True",""
"업체상세","shops/seoul/dongjak-gu/대방동/프리미엄테라피/index.html","https://1004테라피.shop/shops/seoul/dongjak-gu/대방동/프리미엄테라피/","False","True",""
"업체상세","shops/seoul/dongjak-gu/사당동/한국미인테라피/index.html","https://1004테라피.shop/shops/seoul/dongjak-gu/사당동/한국미인테라피/","False","True",""
"업체상세","shops/seoul/dongjak-gu/사당동/너무이쁜테라피/index.html","https://1004테라피.shop/shops/seoul/dongjak-gu/사당동/너무이쁜테라피/","False","True",""
"업체상세","shops/seoul/dongjak-gu/사당동/love테라피/index.html","https://1004테라피.shop/shops/seoul/dongjak-gu/사당동/love테라피/","False","True",""
"업체상세","shops/seoul/dongjak-gu/사당동/프리미엄테라피/index.html","https://1004테라피.shop/shops/seoul/dongjak-gu/사당동/프리미엄테라피/","False","True",""
"업체상세","shops/seoul/dongjak-gu/상도동/한국미인테라피/index.html","https://1004테라피.shop/shops/seoul/dongjak-gu/상도동/한국미인테라피/","False","True",""
"업체상세","shops/seoul/dongjak-gu/상도동/너무이쁜테라피/index.html","https://1004테라피.shop/shops/seoul/dongjak-gu/상도동/너무이쁜테라피/","False","True",""
"업체상세","shops/seoul/dongjak-gu/상도동/love테라피/index.html","https://1004테라피.shop/shops/seoul/dongjak-gu/상도동/love테라피/","False","True",""
"업체상세","shops/seoul/dongjak-gu/상도동/프리미엄테라피/index.html","https://1004테라피.shop/shops/seoul/dongjak-gu/상도동/프리미엄테라피/","False","True",""
"업체상세","shops/seoul/dongjak-gu/신대방동/한국미인테라피/index.html","https://1004테라피.shop/shops/seoul/dongjak-gu/신대방동/한국미인테라피/","False","True",""
"업체상세","shops/seoul/dongjak-gu/신대방동/너무이쁜테라피/index.html","https://1004테라피.shop/shops/seoul/dongjak-gu/신대방동/너무이쁜테라피/","False","True",""
"업체상세","shops/seoul/dongjak-gu/신대방동/love테라피/index.html","https://1004테라피.shop/shops/seoul/dongjak-gu/신대방동/love테라피/","False","True",""
"업체상세","shops/seoul/dongjak-gu/신대방동/프리미엄테라피/index.html","https://1004테라피.shop/shops/seoul/dongjak-gu/신대방동/프리미엄테라피/","False","True",""
"업체상세","shops/seoul/dongjak-gu/흑석동/한국미인테라피/index.html","https://1004테라피.shop/shops/seoul/dongjak-gu/흑석동/한국미인테라피/","False","True",""
"업체상세","shops/seoul/dongjak-gu/흑석동/너무이쁜테라피/index.html","https://1004테라피.shop/shops/seoul/dongjak-gu/흑석동/너무이쁜테라피/","False","True",""
"업체상세","shops/seoul/dongjak-gu/흑석동/love테라피/index.html","https://1004테라피.shop/shops/seoul/dongjak-gu/흑석동/love테라피/","False","True",""
"업체상세","shops/seoul/dongjak-gu/흑석동/프리미엄테라피/index.html","https://1004테라피.shop/shops/seoul/dongjak-gu/흑석동/프리미엄테라피/","False","True",""
"업체상세","shops/seoul/mapo-gu/공덕동/한국미인테라피/index.html","https://1004테라피.shop/shops/seoul/mapo-gu/공덕동/한국미인테라피/","False","True",""
"업체상세","shops/seoul/mapo-gu/공덕동/너무이쁜테라피/index.html","https://1004테라피.shop/shops/seoul/mapo-gu/공덕동/너무이쁜테라피/","False","True",""
"업체상세","shops/seoul/mapo-gu/공덕동/love테라피/index.html","https://1004테라피.shop/shops/seoul/mapo-gu/공덕동/love테라피/","False","True",""
"업체상세","shops/seoul/mapo-gu/공덕동/프리미엄테라피/index.html","https://1004테라피.shop/shops/seoul/mapo-gu/공덕동/프리미엄테라피/","False","True",""
"업체상세","shops/seoul/mapo-gu/대흥동/한국미인테라피/index.html","https://1004테라피.shop/shops/seoul/mapo-gu/대흥동/한국미인테라피/","False","True",""
"업체상세","shops/seoul/mapo-gu/대흥동/너무이쁜테라피/index.html","https://1004테라피.shop/shops/seoul/mapo-gu/대흥동/너무이쁜테라피/","False","True",""
"업체상세","shops/seoul/mapo-gu/대흥동/love테라피/index.html","https://1004테라피.shop/shops/seoul/mapo-gu/대흥동/love테라피/","False","True",""
"업체상세","shops/seoul/mapo-gu/대흥동/프리미엄테라피/index.html","https://1004테라피.shop/shops/seoul/mapo-gu/대흥동/프리미엄테라피/","False","True",""
"업체상세","shops/seoul/mapo-gu/도화동/한국미인테라피/index.html","https://1004테라피.shop/shops/seoul/mapo-gu/도화동/한국미인테라피/","False","True",""
"업체상세","shops/seoul/mapo-gu/도화동/너무이쁜테라피/index.html","https://1004테라피.shop/shops/seoul/mapo-gu/도화동/너무이쁜테라피/","False","True",""
"업체상세","shops/seoul/mapo-gu/도화동/love테라피/index.html","https://1004테라피.shop/shops/seoul/mapo-gu/도화동/love테라피/","False","True",""
"업체상세","shops/seoul/mapo-gu/도화동/프리미엄테라피/index.html","https://1004테라피.shop/shops/seoul/mapo-gu/도화동/프리미엄테라피/","False","True",""
"업체상세","shops/seoul/mapo-gu/망원동/한국미인테라피/index.html","https://1004테라피.shop/shops/seoul/mapo-gu/망원동/한국미인테라피/","False","True",""
"업체상세","shops/seoul/mapo-gu/망원동/너무이쁜테라피/index.html","https://1004테라피.shop/shops/seoul/mapo-gu/망원동/너무이쁜테라피/","False","True",""
"업체상세","shops/seoul/mapo-gu/망원동/love테라피/index.html","https://1004테라피.shop/shops/seoul/mapo-gu/망원동/love테라피/","False","True",""
"업체상세","shops/seoul/mapo-gu/망원동/프리미엄테라피/index.html","https://1004테라피.shop/shops/seoul/mapo-gu/망원동/프리미엄테라피/","False","True",""
"업체상세","shops/seoul/mapo-gu/상암동/한국미인테라피/index.html","https://1004테라피.shop/shops/seoul/mapo-gu/상암동/한국미인테라피/","False","True",""
"업체상세","shops/seoul/mapo-gu/상암동/너무이쁜테라피/index.html","https://1004테라피.shop/shops/seoul/mapo-gu/상암동/너무이쁜테라피/","False","True",""
"업체상세","shops/seoul/mapo-gu/상암동/love테라피/index.html","https://1004테라피.shop/shops/seoul/mapo-gu/상암동/love테라피/","False","True",""
"업체상세","shops/seoul/mapo-gu/상암동/프리미엄테라피/index.html","https://1004테라피.shop/shops/seoul/mapo-gu/상암동/프리미엄테라피/","False","True",""
"업체상세","shops/seoul/mapo-gu/서강동/한국미인테라피/index.html","https://1004테라피.shop/shops/seoul/mapo-gu/서강동/한국미인테라피/","False","True",""
"업체상세","shops/seoul/mapo-gu/서강동/너무이쁜테라피/index.html","https://1004테라피.shop/shops/seoul/mapo-gu/서강동/너무이쁜테라피/","False","True",""
"업체상세","shops/seoul/mapo-gu/서강동/love테라피/index.html","https://1004테라피.shop/shops/seoul/mapo-gu/서강동/love테라피/","False","True",""
"업체상세","shops/seoul/mapo-gu/서강동/프리미엄테라피/index.html","https://1004테라피.shop/shops/seoul/mapo-gu/서강동/프리미엄테라피/","False","True",""
"업체상세","shops/seoul/mapo-gu/서교동/한국미인테라피/index.html","https://1004테라피.shop/shops/seoul/mapo-gu/서교동/한국미인테라피/","False","True",""
"업체상세","shops/seoul/mapo-gu/서교동/너무이쁜테라피/index.html","https://1004테라피.shop/shops/seoul/mapo-gu/서교동/너무이쁜테라피/","False","True",""
"업체상세","shops/seoul/mapo-gu/서교동/love테라피/index.html","https://1004테라피.shop/shops/seoul/mapo-gu/서교동/love테라피/","False","True",""
"업체상세","shops/seoul/mapo-gu/서교동/프리미엄테라피/index.html","https://1004테라피.shop/shops/seoul/mapo-gu/서교동/프리미엄테라피/","False","True",""
"업체상세","shops/seoul/mapo-gu/성산동/한국미인테라피/index.html","https://1004테라피.shop/shops/seoul/mapo-gu/성산동/한국미인테라피/","False","True",""
"업체상세","shops/seoul/mapo-gu/성산동/너무이쁜테라피/index.html","https://1004테라피.shop/shops/seoul/mapo-gu/성산동/너무이쁜테라피/","False","True",""
"업체상세","shops/seoul/mapo-gu/성산동/love테라피/index.html","https://1004테라피.shop/shops/seoul/mapo-gu/성산동/love테라피/","False","True",""
"업체상세","shops/seoul/mapo-gu/성산동/프리미엄테라피/index.html","https://1004테라피.shop/shops/seoul/mapo-gu/성산동/프리미엄테라피/","False","True",""
"업체상세","shops/seoul/mapo-gu/신수동/한국미인테라피/index.html","https://1004테라피.shop/shops/seoul/mapo-gu/신수동/한국미인테라피/","False","True",""
"업체상세","shops/seoul/mapo-gu/신수동/너무이쁜테라피/index.html","https://1004테라피.shop/shops/seoul/mapo-gu/신수동/너무이쁜테라피/","False","True",""
"업체상세","shops/seoul/mapo-gu/신수동/love테라피/index.html","https://1004테라피.shop/shops/seoul/mapo-gu/신수동/love테라피/","False","True",""
"업체상세","shops/seoul/mapo-gu/신수동/프리미엄테라피/index.html","https://1004테라피.shop/shops/seoul/mapo-gu/신수동/프리미엄테라피/","False","True",""
"업체상세","shops/seoul/mapo-gu/아현동/한국미인테라피/index.html","https://1004테라피.shop/shops/seoul/mapo-gu/아현동/한국미인테라피/","False","True",""
"업체상세","shops/seoul/mapo-gu/아현동/너무이쁜테라피/index.html","https://1004테라피.shop/shops/seoul/mapo-gu/아현동/너무이쁜테라피/","False","True",""
"업체상세","shops/seoul/mapo-gu/아현동/love테라피/index.html","https://1004테라피.shop/shops/seoul/mapo-gu/아현동/love테라피/","False","True",""
"업체상세","shops/seoul/mapo-gu/아현동/프리미엄테라피/index.html","https://1004테라피.shop/shops/seoul/mapo-gu/아현동/프리미엄테라피/","False","True",""
"업체상세","shops/seoul/mapo-gu/연남동/한국미인테라피/index.html","https://1004테라피.shop/shops/seoul/mapo-gu/연남동/한국미인테라피/","False","True",""
"업체상세","shops/seoul/mapo-gu/연남동/너무이쁜테라피/index.html","https://1004테라피.shop/shops/seoul/mapo-gu/연남동/너무이쁜테라피/","False","True",""
"업체상세","shops/seoul/mapo-gu/연남동/love테라피/index.html","https://1004테라피.shop/shops/seoul/mapo-gu/연남동/love테라피/","False","True",""
"업체상세","shops/seoul/mapo-gu/연남동/프리미엄테라피/index.html","https://1004테라피.shop/shops/seoul/mapo-gu/연남동/프리미엄테라피/","False","True",""
"업체상세","shops/seoul/mapo-gu/염리동/한국미인테라피/index.html","https://1004테라피.shop/shops/seoul/mapo-gu/염리동/한국미인테라피/","False","True",""
"업체상세","shops/seoul/mapo-gu/염리동/너무이쁜테라피/index.html","https://1004테라피.shop/shops/seoul/mapo-gu/염리동/너무이쁜테라피/","False","True",""
"업체상세","shops/seoul/mapo-gu/염리동/love테라피/index.html","https://1004테라피.shop/shops/seoul/mapo-gu/염리동/love테라피/","False","True",""
"업체상세","shops/seoul/mapo-gu/염리동/프리미엄테라피/index.html","https://1004테라피.shop/shops/seoul/mapo-gu/염리동/프리미엄테라피/","False","True",""
"업체상세","shops/seoul/mapo-gu/용강동/한국미인테라피/index.html","https://1004테라피.shop/shops/seoul/mapo-gu/용강동/한국미인테라피/","False","True",""
"업체상세","shops/seoul/mapo-gu/용강동/너무이쁜테라피/index.html","https://1004테라피.shop/shops/seoul/mapo-gu/용강동/너무이쁜테라피/","False","True",""
"업체상세","shops/seoul/mapo-gu/용강동/love테라피/index.html","https://1004테라피.shop/shops/seoul/mapo-gu/용강동/love테라피/","False","True",""
"업체상세","shops/seoul/mapo-gu/용강동/프리미엄테라피/index.html","https://1004테라피.shop/shops/seoul/mapo-gu/용강동/프리미엄테라피/","False","True",""
"업체상세","shops/seoul/mapo-gu/합정동/한국미인테라피/index.html","https://1004테라피.shop/shops/seoul/mapo-gu/합정동/한국미인테라피/","False","True",""
"업체상세","shops/seoul/mapo-gu/합정동/너무이쁜테라피/index.html","https://1004테라피.shop/shops/seoul/mapo-gu/합정동/너무이쁜테라피/","False","True",""
"업체상세","shops/seoul/mapo-gu/합정동/love테라피/index.html","https://1004테라피.shop/shops/seoul/mapo-gu/합정동/love테라피/","False","True",""
"업체상세","shops/seoul/mapo-gu/합정동/프리미엄테라피/index.html","https://1004테라피.shop/shops/seoul/mapo-gu/합정동/프리미엄테라피/","False","True",""
"업체상세","shops/seoul/seodaemun-gu/남가좌동/한국미인테라피/index.html","https://1004테라피.shop/shops/seoul/seodaemun-gu/남가좌동/한국미인테라피/","False","True",""
"업체상세","shops/seoul/seodaemun-gu/남가좌동/너무이쁜테라피/index.html","https://1004테라피.shop/shops/seoul/seodaemun-gu/남가좌동/너무이쁜테라피/","False","True",""
"업체상세","shops/seoul/seodaemun-gu/남가좌동/love테라피/index.html","https://1004테라피.shop/shops/seoul/seodaemun-gu/남가좌동/love테라피/","False","True",""
"업체상세","shops/seoul/seodaemun-gu/남가좌동/프리미엄테라피/index.html","https://1004테라피.shop/shops/seoul/seodaemun-gu/남가좌동/프리미엄테라피/","False","True",""
"업체상세","shops/seoul/seodaemun-gu/북가좌동/한국미인테라피/index.html","https://1004테라피.shop/shops/seoul/seodaemun-gu/북가좌동/한국미인테라피/","False","True",""
"업체상세","shops/seoul/seodaemun-gu/북가좌동/너무이쁜테라피/index.html","https://1004테라피.shop/shops/seoul/seodaemun-gu/북가좌동/너무이쁜테라피/","False","True",""
"업체상세","shops/seoul/seodaemun-gu/북가좌동/love테라피/index.html","https://1004테라피.shop/shops/seoul/seodaemun-gu/북가좌동/love테라피/","False","True",""
"업체상세","shops/seoul/seodaemun-gu/북가좌동/프리미엄테라피/index.html","https://1004테라피.shop/shops/seoul/seodaemun-gu/북가좌동/프리미엄테라피/","False","True",""
"업체상세","shops/seoul/seodaemun-gu/북아현동/한국미인테라피/index.html","https://1004테라피.shop/shops/seoul/seodaemun-gu/북아현동/한국미인테라피/","False","True",""
"업체상세","shops/seoul/seodaemun-gu/북아현동/너무이쁜테라피/index.html","https://1004테라피.shop/shops/seoul/seodaemun-gu/북아현동/너무이쁜테라피/","False","True",""
"업체상세","shops/seoul/seodaemun-gu/북아현동/love테라피/index.html","https://1004테라피.shop/shops/seoul/seodaemun-gu/북아현동/love테라피/","False","True",""
"업체상세","shops/seoul/seodaemun-gu/북아현동/프리미엄테라피/index.html","https://1004테라피.shop/shops/seoul/seodaemun-gu/북아현동/프리미엄테라피/","False","True",""
"업체상세","shops/seoul/seodaemun-gu/신촌동/한국미인테라피/index.html","https://1004테라피.shop/shops/seoul/seodaemun-gu/신촌동/한국미인테라피/","False","True",""
"업체상세","shops/seoul/seodaemun-gu/신촌동/너무이쁜테라피/index.html","https://1004테라피.shop/shops/seoul/seodaemun-gu/신촌동/너무이쁜테라피/","False","True",""
"업체상세","shops/seoul/seodaemun-gu/신촌동/love테라피/index.html","https://1004테라피.shop/shops/seoul/seodaemun-gu/신촌동/love테라피/","False","True",""
"업체상세","shops/seoul/seodaemun-gu/신촌동/프리미엄테라피/index.html","https://1004테라피.shop/shops/seoul/seodaemun-gu/신촌동/프리미엄테라피/","False","True",""
"업체상세","shops/seoul/seodaemun-gu/연희동/한국미인테라피/index.html","https://1004테라피.shop/shops/seoul/seodaemun-gu/연희동/한국미인테라피/","False","True",""
"업체상세","shops/seoul/seodaemun-gu/연희동/너무이쁜테라피/index.html","https://1004테라피.shop/shops/seoul/seodaemun-gu/연희동/너무이쁜테라피/","False","True",""
"업체상세","shops/seoul/seodaemun-gu/연희동/love테라피/index.html","https://1004테라피.shop/shops/seoul/seodaemun-gu/연희동/love테라피/","False","True",""
"업체상세","shops/seoul/seodaemun-gu/연희동/프리미엄테라피/index.html","https://1004테라피.shop/shops/seoul/seodaemun-gu/연희동/프리미엄테라피/","False","True",""
"업체상세","shops/seoul/seodaemun-gu/천연동/한국미인테라피/index.html","https://1004테라피.shop/shops/seoul/seodaemun-gu/천연동/한국미인테라피/","False","True",""
"업체상세","shops/seoul/seodaemun-gu/천연동/너무이쁜테라피/index.html","https://1004테라피.shop/shops/seoul/seodaemun-gu/천연동/너무이쁜테라피/","False","True",""
"업체상세","shops/seoul/seodaemun-gu/천연동/love테라피/index.html","https://1004테라피.shop/shops/seoul/seodaemun-gu/천연동/love테라피/","False","True",""
"업체상세","shops/seoul/seodaemun-gu/천연동/프리미엄테라피/index.html","https://1004테라피.shop/shops/seoul/seodaemun-gu/천연동/프리미엄테라피/","False","True",""
"업체상세","shops/seoul/seodaemun-gu/충현동/한국미인테라피/index.html","https://1004테라피.shop/shops/seoul/seodaemun-gu/충현동/한국미인테라피/","False","True",""
"업체상세","shops/seoul/seodaemun-gu/충현동/너무이쁜테라피/index.html","https://1004테라피.shop/shops/seoul/seodaemun-gu/충현동/너무이쁜테라피/","False","True",""
"업체상세","shops/seoul/seodaemun-gu/충현동/love테라피/index.html","https://1004테라피.shop/shops/seoul/seodaemun-gu/충현동/love테라피/","False","True",""
"업체상세","shops/seoul/seodaemun-gu/충현동/프리미엄테라피/index.html","https://1004테라피.shop/shops/seoul/seodaemun-gu/충현동/프리미엄테라피/","False","True",""
"업체상세","shops/seoul/seodaemun-gu/홍은동/한국미인테라피/index.html","https://1004테라피.shop/shops/seoul/seodaemun-gu/홍은동/한국미인테라피/","False","True",""
"업체상세","shops/seoul/seodaemun-gu/홍은동/너무이쁜테라피/index.html","https://1004테라피.shop/shops/seoul/seodaemun-gu/홍은동/너무이쁜테라피/","False","True",""
"업체상세","shops/seoul/seodaemun-gu/홍은동/love테라피/index.html","https://1004테라피.shop/shops/seoul/seodaemun-gu/홍은동/love테라피/","False","True",""
"업체상세","shops/seoul/seodaemun-gu/홍은동/프리미엄테라피/index.html","https://1004테라피.shop/shops/seoul/seodaemun-gu/홍은동/프리미엄테라피/","False","True",""
"업체상세","shops/seoul/seodaemun-gu/홍제동/한국미인테라피/index.html","https://1004테라피.shop/shops/seoul/seodaemun-gu/홍제동/한국미인테라피/","False","True",""
"업체상세","shops/seoul/seodaemun-gu/홍제동/너무이쁜테라피/index.html","https://1004테라피.shop/shops/seoul/seodaemun-gu/홍제동/너무이쁜테라피/","False","True",""
"업체상세","shops/seoul/seodaemun-gu/홍제동/love테라피/index.html","https://1004테라피.shop/shops/seoul/seodaemun-gu/홍제동/love테라피/","False","True",""
"업체상세","shops/seoul/seodaemun-gu/홍제동/프리미엄테라피/index.html","https://1004테라피.shop/shops/seoul/seodaemun-gu/홍제동/프리미엄테라피/","False","True",""
"업체상세","shops/seoul/seocho-gu/내곡동/한국미인테라피/index.html","https://1004테라피.shop/shops/seoul/seocho-gu/내곡동/한국미인테라피/","False","True",""
"업체상세","shops/seoul/seocho-gu/내곡동/너무이쁜테라피/index.html","https://1004테라피.shop/shops/seoul/seocho-gu/내곡동/너무이쁜테라피/","False","True",""
"업체상세","shops/seoul/seocho-gu/내곡동/love테라피/index.html","https://1004테라피.shop/shops/seoul/seocho-gu/내곡동/love테라피/","False","True",""
"업체상세","shops/seoul/seocho-gu/내곡동/프리미엄테라피/index.html","https://1004테라피.shop/shops/seoul/seocho-gu/내곡동/프리미엄테라피/","False","True",""
"업체상세","shops/seoul/seocho-gu/내곡동/마인드좋은테라피/index.html","https://1004테라피.shop/shops/seoul/seocho-gu/내곡동/마인드좋은테라피/","False","True",""
"업체상세","shops/seoul/seocho-gu/반포동/한국미인테라피/index.html","https://1004테라피.shop/shops/seoul/seocho-gu/반포동/한국미인테라피/","False","True",""
"업체상세","shops/seoul/seocho-gu/반포동/너무이쁜테라피/index.html","https://1004테라피.shop/shops/seoul/seocho-gu/반포동/너무이쁜테라피/","False","True",""
"업체상세","shops/seoul/seocho-gu/반포동/love테라피/index.html","https://1004테라피.shop/shops/seoul/seocho-gu/반포동/love테라피/","False","True",""
"업체상세","shops/seoul/seocho-gu/반포동/프리미엄테라피/index.html","https://1004테라피.shop/shops/seoul/seocho-gu/반포동/프리미엄테라피/","False","True",""
"업체상세","shops/seoul/seocho-gu/반포동/마인드좋은테라피/index.html","https://1004테라피.shop/shops/seoul/seocho-gu/반포동/마인드좋은테라피/","False","True",""
"업체상세","shops/seoul/seocho-gu/반포본동/한국미인테라피/index.html","https://1004테라피.shop/shops/seoul/seocho-gu/반포본동/한국미인테라피/","False","True",""
"업체상세","shops/seoul/seocho-gu/반포본동/너무이쁜테라피/index.html","https://1004테라피.shop/shops/seoul/seocho-gu/반포본동/너무이쁜테라피/","False","True",""
"업체상세","shops/seoul/seocho-gu/반포본동/love테라피/index.html","https://1004테라피.shop/shops/seoul/seocho-gu/반포본동/love테라피/","False","True",""
"업체상세","shops/seoul/seocho-gu/반포본동/프리미엄테라피/index.html","https://1004테라피.shop/shops/seoul/seocho-gu/반포본동/프리미엄테라피/","False","True",""
"업체상세","shops/seoul/seocho-gu/반포본동/마인드좋은테라피/index.html","https://1004테라피.shop/shops/seoul/seocho-gu/반포본동/마인드좋은테라피/","False","True",""
"업체상세","shops/seoul/seocho-gu/방배동/한국미인테라피/index.html","https://1004테라피.shop/shops/seoul/seocho-gu/방배동/한국미인테라피/","False","True",""
"업체상세","shops/seoul/seocho-gu/방배동/너무이쁜테라피/index.html","https://1004테라피.shop/shops/seoul/seocho-gu/방배동/너무이쁜테라피/","False","True",""
"업체상세","shops/seoul/seocho-gu/방배동/love테라피/index.html","https://1004테라피.shop/shops/seoul/seocho-gu/방배동/love테라피/","False","True",""
"업체상세","shops/seoul/seocho-gu/방배동/프리미엄테라피/index.html","https://1004테라피.shop/shops/seoul/seocho-gu/방배동/프리미엄테라피/","False","True",""
"업체상세","shops/seoul/seocho-gu/방배동/마인드좋은테라피/index.html","https://1004테라피.shop/shops/seoul/seocho-gu/방배동/마인드좋은테라피/","False","True",""
"업체상세","shops/seoul/seocho-gu/방배본동/한국미인테라피/index.html","https://1004테라피.shop/shops/seoul/seocho-gu/방배본동/한국미인테라피/","False","True",""
"업체상세","shops/seoul/seocho-gu/방배본동/너무이쁜테라피/index.html","https://1004테라피.shop/shops/seoul/seocho-gu/방배본동/너무이쁜테라피/","False","True",""
"업체상세","shops/seoul/seocho-gu/방배본동/love테라피/index.html","https://1004테라피.shop/shops/seoul/seocho-gu/방배본동/love테라피/","False","True",""
"업체상세","shops/seoul/seocho-gu/방배본동/프리미엄테라피/index.html","https://1004테라피.shop/shops/seoul/seocho-gu/방배본동/프리미엄테라피/","False","True",""
"업체상세","shops/seoul/seocho-gu/방배본동/마인드좋은테라피/index.html","https://1004테라피.shop/shops/seoul/seocho-gu/방배본동/마인드좋은테라피/","False","True",""
"업체상세","shops/seoul/seocho-gu/서초동/한국미인테라피/index.html","https://1004테라피.shop/shops/seoul/seocho-gu/서초동/한국미인테라피/","False","True",""
"업체상세","shops/seoul/seocho-gu/서초동/너무이쁜테라피/index.html","https://1004테라피.shop/shops/seoul/seocho-gu/서초동/너무이쁜테라피/","False","True",""
"업체상세","shops/seoul/seocho-gu/서초동/love테라피/index.html","https://1004테라피.shop/shops/seoul/seocho-gu/서초동/love테라피/","False","True",""
"업체상세","shops/seoul/seocho-gu/서초동/프리미엄테라피/index.html","https://1004테라피.shop/shops/seoul/seocho-gu/서초동/프리미엄테라피/","False","True",""
"업체상세","shops/seoul/seocho-gu/서초동/마인드좋은테라피/index.html","https://1004테라피.shop/shops/seoul/seocho-gu/서초동/마인드좋은테라피/","False","True",""
"업체상세","shops/seoul/seocho-gu/양재동/한국미인테라피/index.html","https://1004테라피.shop/shops/seoul/seocho-gu/양재동/한국미인테라피/","False","True",""
"업체상세","shops/seoul/seocho-gu/양재동/너무이쁜테라피/index.html","https://1004테라피.shop/shops/seoul/seocho-gu/양재동/너무이쁜테라피/","False","True",""
"업체상세","shops/seoul/seocho-gu/양재동/love테라피/index.html","https://1004테라피.shop/shops/seoul/seocho-gu/양재동/love테라피/","False","True",""
"업체상세","shops/seoul/seocho-gu/양재동/프리미엄테라피/index.html","https://1004테라피.shop/shops/seoul/seocho-gu/양재동/프리미엄테라피/","False","True",""
"업체상세","shops/seoul/seocho-gu/양재동/마인드좋은테라피/index.html","https://1004테라피.shop/shops/seoul/seocho-gu/양재동/마인드좋은테라피/","False","True",""
"업체상세","shops/seoul/seocho-gu/잠원동/한국미인테라피/index.html","https://1004테라피.shop/shops/seoul/seocho-gu/잠원동/한국미인테라피/","False","True",""
"업체상세","shops/seoul/seocho-gu/잠원동/너무이쁜테라피/index.html","https://1004테라피.shop/shops/seoul/seocho-gu/잠원동/너무이쁜테라피/","False","True",""
"업체상세","shops/seoul/seocho-gu/잠원동/love테라피/index.html","https://1004테라피.shop/shops/seoul/seocho-gu/잠원동/love테라피/","False","True",""
"업체상세","shops/seoul/seocho-gu/잠원동/프리미엄테라피/index.html","https://1004테라피.shop/shops/seoul/seocho-gu/잠원동/프리미엄테라피/","False","True",""
"업체상세","shops/seoul/seocho-gu/잠원동/마인드좋은테라피/index.html","https://1004테라피.shop/shops/seoul/seocho-gu/잠원동/마인드좋은테라피/","False","True",""
"업체상세","shops/seoul/seongdong-gu/3가동/한국미인테라피/index.html","https://1004테라피.shop/shops/seoul/seongdong-gu/3가동/한국미인테라피/","False","True",""
"업체상세","shops/seoul/seongdong-gu/3가동/너무이쁜테라피/index.html","https://1004테라피.shop/shops/seoul/seongdong-gu/3가동/너무이쁜테라피/","False","True",""
"업체상세","shops/seoul/seongdong-gu/3가동/love테라피/index.html","https://1004테라피.shop/shops/seoul/seongdong-gu/3가동/love테라피/","False","True",""
"업체상세","shops/seoul/seongdong-gu/3가동/프리미엄테라피/index.html","https://1004테라피.shop/shops/seoul/seongdong-gu/3가동/프리미엄테라피/","False","True",""
"업체상세","shops/seoul/seongdong-gu/금호1가동/한국미인테라피/index.html","https://1004테라피.shop/shops/seoul/seongdong-gu/금호1가동/한국미인테라피/","False","True",""
"업체상세","shops/seoul/seongdong-gu/금호1가동/너무이쁜테라피/index.html","https://1004테라피.shop/shops/seoul/seongdong-gu/금호1가동/너무이쁜테라피/","False","True",""
"업체상세","shops/seoul/seongdong-gu/금호1가동/love테라피/index.html","https://1004테라피.shop/shops/seoul/seongdong-gu/금호1가동/love테라피/","False","True",""
"업체상세","shops/seoul/seongdong-gu/금호1가동/프리미엄테라피/index.html","https://1004테라피.shop/shops/seoul/seongdong-gu/금호1가동/프리미엄테라피/","False","True",""
"업체상세","shops/seoul/seongdong-gu/금호4가동/한국미인테라피/index.html","https://1004테라피.shop/shops/seoul/seongdong-gu/금호4가동/한국미인테라피/","False","True",""
"업체상세","shops/seoul/seongdong-gu/금호4가동/너무이쁜테라피/index.html","https://1004테라피.shop/shops/seoul/seongdong-gu/금호4가동/너무이쁜테라피/","False","True",""
"업체상세","shops/seoul/seongdong-gu/금호4가동/love테라피/index.html","https://1004테라피.shop/shops/seoul/seongdong-gu/금호4가동/love테라피/","False","True",""
"업체상세","shops/seoul/seongdong-gu/금호4가동/프리미엄테라피/index.html","https://1004테라피.shop/shops/seoul/seongdong-gu/금호4가동/프리미엄테라피/","False","True",""
"업체상세","shops/seoul/seongdong-gu/마장동/한국미인테라피/index.html","https://1004테라피.shop/shops/seoul/seongdong-gu/마장동/한국미인테라피/","False","True",""
"업체상세","shops/seoul/seongdong-gu/마장동/너무이쁜테라피/index.html","https://1004테라피.shop/shops/seoul/seongdong-gu/마장동/너무이쁜테라피/","False","True",""
"업체상세","shops/seoul/seongdong-gu/마장동/love테라피/index.html","https://1004테라피.shop/shops/seoul/seongdong-gu/마장동/love테라피/","False","True",""
"업체상세","shops/seoul/seongdong-gu/마장동/프리미엄테라피/index.html","https://1004테라피.shop/shops/seoul/seongdong-gu/마장동/프리미엄테라피/","False","True",""
"업체상세","shops/seoul/seongdong-gu/사근동/한국미인테라피/index.html","https://1004테라피.shop/shops/seoul/seongdong-gu/사근동/한국미인테라피/","False","True",""
"업체상세","shops/seoul/seongdong-gu/사근동/너무이쁜테라피/index.html","https://1004테라피.shop/shops/seoul/seongdong-gu/사근동/너무이쁜테라피/","False","True",""
"업체상세","shops/seoul/seongdong-gu/사근동/love테라피/index.html","https://1004테라피.shop/shops/seoul/seongdong-gu/사근동/love테라피/","False","True",""
"업체상세","shops/seoul/seongdong-gu/사근동/프리미엄테라피/index.html","https://1004테라피.shop/shops/seoul/seongdong-gu/사근동/프리미엄테라피/","False","True",""
"업체상세","shops/seoul/seongdong-gu/성수1가제1동/한국미인테라피/index.html","https://1004테라피.shop/shops/seoul/seongdong-gu/성수1가제1동/한국미인테라피/","False","True",""
"업체상세","shops/seoul/seongdong-gu/성수1가제1동/너무이쁜테라피/index.html","https://1004테라피.shop/shops/seoul/seongdong-gu/성수1가제1동/너무이쁜테라피/","False","True",""
"업체상세","shops/seoul/seongdong-gu/성수1가제1동/love테라피/index.html","https://1004테라피.shop/shops/seoul/seongdong-gu/성수1가제1동/love테라피/","False","True",""
"업체상세","shops/seoul/seongdong-gu/성수1가제1동/프리미엄테라피/index.html","https://1004테라피.shop/shops/seoul/seongdong-gu/성수1가제1동/프리미엄테라피/","False","True",""
"업체상세","shops/seoul/seongdong-gu/성수1가제2동/한국미인테라피/index.html","https://1004테라피.shop/shops/seoul/seongdong-gu/성수1가제2동/한국미인테라피/","False","True",""
"업체상세","shops/seoul/seongdong-gu/성수1가제2동/너무이쁜테라피/index.html","https://1004테라피.shop/shops/seoul/seongdong-gu/성수1가제2동/너무이쁜테라피/","False","True",""
"업체상세","shops/seoul/seongdong-gu/성수1가제2동/love테라피/index.html","https://1004테라피.shop/shops/seoul/seongdong-gu/성수1가제2동/love테라피/","False","True",""
"업체상세","shops/seoul/seongdong-gu/성수1가제2동/프리미엄테라피/index.html","https://1004테라피.shop/shops/seoul/seongdong-gu/성수1가제2동/프리미엄테라피/","False","True",""
"업체상세","shops/seoul/seongdong-gu/성수2가제1동/한국미인테라피/index.html","https://1004테라피.shop/shops/seoul/seongdong-gu/성수2가제1동/한국미인테라피/","False","True",""
"업체상세","shops/seoul/seongdong-gu/성수2가제1동/너무이쁜테라피/index.html","https://1004테라피.shop/shops/seoul/seongdong-gu/성수2가제1동/너무이쁜테라피/","False","True",""
"업체상세","shops/seoul/seongdong-gu/성수2가제1동/love테라피/index.html","https://1004테라피.shop/shops/seoul/seongdong-gu/성수2가제1동/love테라피/","False","True",""
"업체상세","shops/seoul/seongdong-gu/성수2가제1동/프리미엄테라피/index.html","https://1004테라피.shop/shops/seoul/seongdong-gu/성수2가제1동/프리미엄테라피/","False","True",""
"업체상세","shops/seoul/seongdong-gu/성수2가제3동/한국미인테라피/index.html","https://1004테라피.shop/shops/seoul/seongdong-gu/성수2가제3동/한국미인테라피/","False","True",""
"업체상세","shops/seoul/seongdong-gu/성수2가제3동/너무이쁜테라피/index.html","https://1004테라피.shop/shops/seoul/seongdong-gu/성수2가제3동/너무이쁜테라피/","False","True",""
"업체상세","shops/seoul/seongdong-gu/성수2가제3동/love테라피/index.html","https://1004테라피.shop/shops/seoul/seongdong-gu/성수2가제3동/love테라피/","False","True",""
"업체상세","shops/seoul/seongdong-gu/성수2가제3동/프리미엄테라피/index.html","https://1004테라피.shop/shops/seoul/seongdong-gu/성수2가제3동/프리미엄테라피/","False","True",""
"업체상세","shops/seoul/seongdong-gu/송정동/한국미인테라피/index.html","https://1004테라피.shop/shops/seoul/seongdong-gu/송정동/한국미인테라피/","False","True",""
"업체상세","shops/seoul/seongdong-gu/송정동/너무이쁜테라피/index.html","https://1004테라피.shop/shops/seoul/seongdong-gu/송정동/너무이쁜테라피/","False","True",""
"업체상세","shops/seoul/seongdong-gu/송정동/love테라피/index.html","https://1004테라피.shop/shops/seoul/seongdong-gu/송정동/love테라피/","False","True",""
"업체상세","shops/seoul/seongdong-gu/송정동/프리미엄테라피/index.html","https://1004테라피.shop/shops/seoul/seongdong-gu/송정동/프리미엄테라피/","False","True",""
"업체상세","shops/seoul/seongdong-gu/옥수동/한국미인테라피/index.html","https://1004테라피.shop/shops/seoul/seongdong-gu/옥수동/한국미인테라피/","False","True",""
"업체상세","shops/seoul/seongdong-gu/옥수동/너무이쁜테라피/index.html","https://1004테라피.shop/shops/seoul/seongdong-gu/옥수동/너무이쁜테라피/","False","True",""
"업체상세","shops/seoul/seongdong-gu/옥수동/love테라피/index.html","https://1004테라피.shop/shops/seoul/seongdong-gu/옥수동/love테라피/","False","True",""
"업체상세","shops/seoul/seongdong-gu/옥수동/프리미엄테라피/index.html","https://1004테라피.shop/shops/seoul/seongdong-gu/옥수동/프리미엄테라피/","False","True",""
"업체상세","shops/seoul/seongdong-gu/왕십리도선동/한국미인테라피/index.html","https://1004테라피.shop/shops/seoul/seongdong-gu/왕십리도선동/한국미인테라피/","False","True",""
"업체상세","shops/seoul/seongdong-gu/왕십리도선동/너무이쁜테라피/index.html","https://1004테라피.shop/shops/seoul/seongdong-gu/왕십리도선동/너무이쁜테라피/","False","True",""
"업체상세","shops/seoul/seongdong-gu/왕십리도선동/love테라피/index.html","https://1004테라피.shop/shops/seoul/seongdong-gu/왕십리도선동/love테라피/","False","True",""
"업체상세","shops/seoul/seongdong-gu/왕십리도선동/프리미엄테라피/index.html","https://1004테라피.shop/shops/seoul/seongdong-gu/왕십리도선동/프리미엄테라피/","False","True",""
"업체상세","shops/seoul/seongdong-gu/왕십리동/한국미인테라피/index.html","https://1004테라피.shop/shops/seoul/seongdong-gu/왕십리동/한국미인테라피/","False","True",""
"업체상세","shops/seoul/seongdong-gu/왕십리동/너무이쁜테라피/index.html","https://1004테라피.shop/shops/seoul/seongdong-gu/왕십리동/너무이쁜테라피/","False","True",""
"업체상세","shops/seoul/seongdong-gu/왕십리동/love테라피/index.html","https://1004테라피.shop/shops/seoul/seongdong-gu/왕십리동/love테라피/","False","True",""
"업체상세","shops/seoul/seongdong-gu/왕십리동/프리미엄테라피/index.html","https://1004테라피.shop/shops/seoul/seongdong-gu/왕십리동/프리미엄테라피/","False","True",""
"업체상세","shops/seoul/seongdong-gu/용답동/한국미인테라피/index.html","https://1004테라피.shop/shops/seoul/seongdong-gu/용답동/한국미인테라피/","False","True",""
"업체상세","shops/seoul/seongdong-gu/용답동/너무이쁜테라피/index.html","https://1004테라피.shop/shops/seoul/seongdong-gu/용답동/너무이쁜테라피/","False","True",""
"업체상세","shops/seoul/seongdong-gu/용답동/love테라피/index.html","https://1004테라피.shop/shops/seoul/seongdong-gu/용답동/love테라피/","False","True",""
"업체상세","shops/seoul/seongdong-gu/용답동/프리미엄테라피/index.html","https://1004테라피.shop/shops/seoul/seongdong-gu/용답동/프리미엄테라피/","False","True",""
"업체상세","shops/seoul/seongdong-gu/응봉동/한국미인테라피/index.html","https://1004테라피.shop/shops/seoul/seongdong-gu/응봉동/한국미인테라피/","False","True",""
"업체상세","shops/seoul/seongdong-gu/응봉동/너무이쁜테라피/index.html","https://1004테라피.shop/shops/seoul/seongdong-gu/응봉동/너무이쁜테라피/","False","True",""
"업체상세","shops/seoul/seongdong-gu/응봉동/love테라피/index.html","https://1004테라피.shop/shops/seoul/seongdong-gu/응봉동/love테라피/","False","True",""
"업체상세","shops/seoul/seongdong-gu/응봉동/프리미엄테라피/index.html","https://1004테라피.shop/shops/seoul/seongdong-gu/응봉동/프리미엄테라피/","False","True",""
"업체상세","shops/seoul/seongdong-gu/행당동/한국미인테라피/index.html","https://1004테라피.shop/shops/seoul/seongdong-gu/행당동/한국미인테라피/","False","True",""
"업체상세","shops/seoul/seongdong-gu/행당동/너무이쁜테라피/index.html","https://1004테라피.shop/shops/seoul/seongdong-gu/행당동/너무이쁜테라피/","False","True",""
"업체상세","shops/seoul/seongdong-gu/행당동/love테라피/index.html","https://1004테라피.shop/shops/seoul/seongdong-gu/행당동/love테라피/","False","True",""
"업체상세","shops/seoul/seongdong-gu/행당동/프리미엄테라피/index.html","https://1004테라피.shop/shops/seoul/seongdong-gu/행당동/프리미엄테라피/","False","True",""
"업체상세","shops/seoul/seongbuk-gu/길음동/한국미인테라피/index.html","https://1004테라피.shop/shops/seoul/seongbuk-gu/길음동/한국미인테라피/","False","True",""
"업체상세","shops/seoul/seongbuk-gu/길음동/너무이쁜테라피/index.html","https://1004테라피.shop/shops/seoul/seongbuk-gu/길음동/너무이쁜테라피/","False","True",""
"업체상세","shops/seoul/seongbuk-gu/길음동/love테라피/index.html","https://1004테라피.shop/shops/seoul/seongbuk-gu/길음동/love테라피/","False","True",""
"업체상세","shops/seoul/seongbuk-gu/길음동/프리미엄테라피/index.html","https://1004테라피.shop/shops/seoul/seongbuk-gu/길음동/프리미엄테라피/","False","True",""
"업체상세","shops/seoul/seongbuk-gu/돈암동/한국미인테라피/index.html","https://1004테라피.shop/shops/seoul/seongbuk-gu/돈암동/한국미인테라피/","False","True",""
"업체상세","shops/seoul/seongbuk-gu/돈암동/너무이쁜테라피/index.html","https://1004테라피.shop/shops/seoul/seongbuk-gu/돈암동/너무이쁜테라피/","False","True",""
"업체상세","shops/seoul/seongbuk-gu/돈암동/love테라피/index.html","https://1004테라피.shop/shops/seoul/seongbuk-gu/돈암동/love테라피/","False","True",""
"업체상세","shops/seoul/seongbuk-gu/돈암동/프리미엄테라피/index.html","https://1004테라피.shop/shops/seoul/seongbuk-gu/돈암동/프리미엄테라피/","False","True",""
"업체상세","shops/seoul/seongbuk-gu/동선동/한국미인테라피/index.html","https://1004테라피.shop/shops/seoul/seongbuk-gu/동선동/한국미인테라피/","False","True",""
"업체상세","shops/seoul/seongbuk-gu/동선동/너무이쁜테라피/index.html","https://1004테라피.shop/shops/seoul/seongbuk-gu/동선동/너무이쁜테라피/","False","True",""
"업체상세","shops/seoul/seongbuk-gu/동선동/love테라피/index.html","https://1004테라피.shop/shops/seoul/seongbuk-gu/동선동/love테라피/","False","True",""
"업체상세","shops/seoul/seongbuk-gu/동선동/프리미엄테라피/index.html","https://1004테라피.shop/shops/seoul/seongbuk-gu/동선동/프리미엄테라피/","False","True",""
"업체상세","shops/seoul/seongbuk-gu/보문동/한국미인테라피/index.html","https://1004테라피.shop/shops/seoul/seongbuk-gu/보문동/한국미인테라피/","False","True",""
"업체상세","shops/seoul/seongbuk-gu/보문동/너무이쁜테라피/index.html","https://1004테라피.shop/shops/seoul/seongbuk-gu/보문동/너무이쁜테라피/","False","True",""
"업체상세","shops/seoul/seongbuk-gu/보문동/love테라피/index.html","https://1004테라피.shop/shops/seoul/seongbuk-gu/보문동/love테라피/","False","True",""
"업체상세","shops/seoul/seongbuk-gu/보문동/프리미엄테라피/index.html","https://1004테라피.shop/shops/seoul/seongbuk-gu/보문동/프리미엄테라피/","False","True",""
"업체상세","shops/seoul/seongbuk-gu/삼선동/한국미인테라피/index.html","https://1004테라피.shop/shops/seoul/seongbuk-gu/삼선동/한국미인테라피/","False","True",""
"업체상세","shops/seoul/seongbuk-gu/삼선동/너무이쁜테라피/index.html","https://1004테라피.shop/shops/seoul/seongbuk-gu/삼선동/너무이쁜테라피/","False","True",""
"업체상세","shops/seoul/seongbuk-gu/삼선동/love테라피/index.html","https://1004테라피.shop/shops/seoul/seongbuk-gu/삼선동/love테라피/","False","True",""
"업체상세","shops/seoul/seongbuk-gu/삼선동/프리미엄테라피/index.html","https://1004테라피.shop/shops/seoul/seongbuk-gu/삼선동/프리미엄테라피/","False","True",""
"업체상세","shops/seoul/seongbuk-gu/석관동/한국미인테라피/index.html","https://1004테라피.shop/shops/seoul/seongbuk-gu/석관동/한국미인테라피/","False","True",""
"업체상세","shops/seoul/seongbuk-gu/석관동/너무이쁜테라피/index.html","https://1004테라피.shop/shops/seoul/seongbuk-gu/석관동/너무이쁜테라피/","False","True",""
"업체상세","shops/seoul/seongbuk-gu/석관동/love테라피/index.html","https://1004테라피.shop/shops/seoul/seongbuk-gu/석관동/love테라피/","False","True",""
"업체상세","shops/seoul/seongbuk-gu/석관동/프리미엄테라피/index.html","https://1004테라피.shop/shops/seoul/seongbuk-gu/석관동/프리미엄테라피/","False","True",""
"업체상세","shops/seoul/seongbuk-gu/성북동/한국미인테라피/index.html","https://1004테라피.shop/shops/seoul/seongbuk-gu/성북동/한국미인테라피/","False","True",""
"업체상세","shops/seoul/seongbuk-gu/성북동/너무이쁜테라피/index.html","https://1004테라피.shop/shops/seoul/seongbuk-gu/성북동/너무이쁜테라피/","False","True",""
"업체상세","shops/seoul/seongbuk-gu/성북동/love테라피/index.html","https://1004테라피.shop/shops/seoul/seongbuk-gu/성북동/love테라피/","False","True",""
"업체상세","shops/seoul/seongbuk-gu/성북동/프리미엄테라피/index.html","https://1004테라피.shop/shops/seoul/seongbuk-gu/성북동/프리미엄테라피/","False","True",""
"업체상세","shops/seoul/seongbuk-gu/안암동/한국미인테라피/index.html","https://1004테라피.shop/shops/seoul/seongbuk-gu/안암동/한국미인테라피/","False","True",""
"업체상세","shops/seoul/seongbuk-gu/안암동/너무이쁜테라피/index.html","https://1004테라피.shop/shops/seoul/seongbuk-gu/안암동/너무이쁜테라피/","False","True",""
"업체상세","shops/seoul/seongbuk-gu/안암동/love테라피/index.html","https://1004테라피.shop/shops/seoul/seongbuk-gu/안암동/love테라피/","False","True",""
"업체상세","shops/seoul/seongbuk-gu/안암동/프리미엄테라피/index.html","https://1004테라피.shop/shops/seoul/seongbuk-gu/안암동/프리미엄테라피/","False","True",""
"업체상세","shops/seoul/seongbuk-gu/월곡동/한국미인테라피/index.html","https://1004테라피.shop/shops/seoul/seongbuk-gu/월곡동/한국미인테라피/","False","True",""
"업체상세","shops/seoul/seongbuk-gu/월곡동/너무이쁜테라피/index.html","https://1004테라피.shop/shops/seoul/seongbuk-gu/월곡동/너무이쁜테라피/","False","True",""
"업체상세","shops/seoul/seongbuk-gu/월곡동/love테라피/index.html","https://1004테라피.shop/shops/seoul/seongbuk-gu/월곡동/love테라피/","False","True",""
"업체상세","shops/seoul/seongbuk-gu/월곡동/프리미엄테라피/index.html","https://1004테라피.shop/shops/seoul/seongbuk-gu/월곡동/프리미엄테라피/","False","True",""
"업체상세","shops/seoul/seongbuk-gu/장위동/한국미인테라피/index.html","https://1004테라피.shop/shops/seoul/seongbuk-gu/장위동/한국미인테라피/","False","True",""
"업체상세","shops/seoul/seongbuk-gu/장위동/너무이쁜테라피/index.html","https://1004테라피.shop/shops/seoul/seongbuk-gu/장위동/너무이쁜테라피/","False","True",""
"업체상세","shops/seoul/seongbuk-gu/장위동/love테라피/index.html","https://1004테라피.shop/shops/seoul/seongbuk-gu/장위동/love테라피/","False","True",""
"업체상세","shops/seoul/seongbuk-gu/장위동/프리미엄테라피/index.html","https://1004테라피.shop/shops/seoul/seongbuk-gu/장위동/프리미엄테라피/","False","True",""
"업체상세","shops/seoul/seongbuk-gu/정릉동/한국미인테라피/index.html","https://1004테라피.shop/shops/seoul/seongbuk-gu/정릉동/한국미인테라피/","False","True",""
"업체상세","shops/seoul/seongbuk-gu/정릉동/너무이쁜테라피/index.html","https://1004테라피.shop/shops/seoul/seongbuk-gu/정릉동/너무이쁜테라피/","False","True",""
"업체상세","shops/seoul/seongbuk-gu/정릉동/love테라피/index.html","https://1004테라피.shop/shops/seoul/seongbuk-gu/정릉동/love테라피/","False","True",""
"업체상세","shops/seoul/seongbuk-gu/정릉동/프리미엄테라피/index.html","https://1004테라피.shop/shops/seoul/seongbuk-gu/정릉동/프리미엄테라피/","False","True",""
"업체상세","shops/seoul/seongbuk-gu/종암동/한국미인테라피/index.html","https://1004테라피.shop/shops/seoul/seongbuk-gu/종암동/한국미인테라피/","False","True",""
"업체상세","shops/seoul/seongbuk-gu/종암동/너무이쁜테라피/index.html","https://1004테라피.shop/shops/seoul/seongbuk-gu/종암동/너무이쁜테라피/","False","True",""
"업체상세","shops/seoul/seongbuk-gu/종암동/love테라피/index.html","https://1004테라피.shop/shops/seoul/seongbuk-gu/종암동/love테라피/","False","True",""
"업체상세","shops/seoul/seongbuk-gu/종암동/프리미엄테라피/index.html","https://1004테라피.shop/shops/seoul/seongbuk-gu/종암동/프리미엄테라피/","False","True",""
"업체상세","shops/seoul/songpa-gu/가락동/한국미인테라피/index.html","https://1004테라피.shop/shops/seoul/songpa-gu/가락동/한국미인테라피/","False","True",""
"업체상세","shops/seoul/songpa-gu/가락동/너무이쁜테라피/index.html","https://1004테라피.shop/shops/seoul/songpa-gu/가락동/너무이쁜테라피/","False","True",""
"업체상세","shops/seoul/songpa-gu/가락동/love테라피/index.html","https://1004테라피.shop/shops/seoul/songpa-gu/가락동/love테라피/","False","True",""
"업체상세","shops/seoul/songpa-gu/가락동/프리미엄테라피/index.html","https://1004테라피.shop/shops/seoul/songpa-gu/가락동/프리미엄테라피/","False","True",""
"업체상세","shops/seoul/songpa-gu/가락본동/한국미인테라피/index.html","https://1004테라피.shop/shops/seoul/songpa-gu/가락본동/한국미인테라피/","False","True",""
"업체상세","shops/seoul/songpa-gu/가락본동/너무이쁜테라피/index.html","https://1004테라피.shop/shops/seoul/songpa-gu/가락본동/너무이쁜테라피/","False","True",""
"업체상세","shops/seoul/songpa-gu/가락본동/love테라피/index.html","https://1004테라피.shop/shops/seoul/songpa-gu/가락본동/love테라피/","False","True",""
"업체상세","shops/seoul/songpa-gu/가락본동/프리미엄테라피/index.html","https://1004테라피.shop/shops/seoul/songpa-gu/가락본동/프리미엄테라피/","False","True",""
"업체상세","shops/seoul/songpa-gu/거여동/한국미인테라피/index.html","https://1004테라피.shop/shops/seoul/songpa-gu/거여동/한국미인테라피/","False","True",""
"업체상세","shops/seoul/songpa-gu/거여동/너무이쁜테라피/index.html","https://1004테라피.shop/shops/seoul/songpa-gu/거여동/너무이쁜테라피/","False","True",""
"업체상세","shops/seoul/songpa-gu/거여동/love테라피/index.html","https://1004테라피.shop/shops/seoul/songpa-gu/거여동/love테라피/","False","True",""
"업체상세","shops/seoul/songpa-gu/거여동/프리미엄테라피/index.html","https://1004테라피.shop/shops/seoul/songpa-gu/거여동/프리미엄테라피/","False","True",""
"업체상세","shops/seoul/songpa-gu/마천동/한국미인테라피/index.html","https://1004테라피.shop/shops/seoul/songpa-gu/마천동/한국미인테라피/","False","True",""
"업체상세","shops/seoul/songpa-gu/마천동/너무이쁜테라피/index.html","https://1004테라피.shop/shops/seoul/songpa-gu/마천동/너무이쁜테라피/","False","True",""
"업체상세","shops/seoul/songpa-gu/마천동/love테라피/index.html","https://1004테라피.shop/shops/seoul/songpa-gu/마천동/love테라피/","False","True",""
"업체상세","shops/seoul/songpa-gu/마천동/프리미엄테라피/index.html","https://1004테라피.shop/shops/seoul/songpa-gu/마천동/프리미엄테라피/","False","True",""
"업체상세","shops/seoul/songpa-gu/문정동/한국미인테라피/index.html","https://1004테라피.shop/shops/seoul/songpa-gu/문정동/한국미인테라피/","False","True",""
"업체상세","shops/seoul/songpa-gu/문정동/너무이쁜테라피/index.html","https://1004테라피.shop/shops/seoul/songpa-gu/문정동/너무이쁜테라피/","False","True",""
"업체상세","shops/seoul/songpa-gu/문정동/love테라피/index.html","https://1004테라피.shop/shops/seoul/songpa-gu/문정동/love테라피/","False","True",""
"업체상세","shops/seoul/songpa-gu/문정동/프리미엄테라피/index.html","https://1004테라피.shop/shops/seoul/songpa-gu/문정동/프리미엄테라피/","False","True",""
"업체상세","shops/seoul/songpa-gu/방이동/한국미인테라피/index.html","https://1004테라피.shop/shops/seoul/songpa-gu/방이동/한국미인테라피/","False","True",""
"업체상세","shops/seoul/songpa-gu/방이동/너무이쁜테라피/index.html","https://1004테라피.shop/shops/seoul/songpa-gu/방이동/너무이쁜테라피/","False","True",""
"업체상세","shops/seoul/songpa-gu/방이동/love테라피/index.html","https://1004테라피.shop/shops/seoul/songpa-gu/방이동/love테라피/","False","True",""
"업체상세","shops/seoul/songpa-gu/방이동/프리미엄테라피/index.html","https://1004테라피.shop/shops/seoul/songpa-gu/방이동/프리미엄테라피/","False","True",""
"업체상세","shops/seoul/songpa-gu/삼전동/한국미인테라피/index.html","https://1004테라피.shop/shops/seoul/songpa-gu/삼전동/한국미인테라피/","False","True",""
"업체상세","shops/seoul/songpa-gu/삼전동/너무이쁜테라피/index.html","https://1004테라피.shop/shops/seoul/songpa-gu/삼전동/너무이쁜테라피/","False","True",""
"업체상세","shops/seoul/songpa-gu/삼전동/love테라피/index.html","https://1004테라피.shop/shops/seoul/songpa-gu/삼전동/love테라피/","False","True",""
"업체상세","shops/seoul/songpa-gu/삼전동/프리미엄테라피/index.html","https://1004테라피.shop/shops/seoul/songpa-gu/삼전동/프리미엄테라피/","False","True",""
"업체상세","shops/seoul/songpa-gu/석촌동/한국미인테라피/index.html","https://1004테라피.shop/shops/seoul/songpa-gu/석촌동/한국미인테라피/","False","True",""
"업체상세","shops/seoul/songpa-gu/석촌동/너무이쁜테라피/index.html","https://1004테라피.shop/shops/seoul/songpa-gu/석촌동/너무이쁜테라피/","False","True",""
"업체상세","shops/seoul/songpa-gu/석촌동/love테라피/index.html","https://1004테라피.shop/shops/seoul/songpa-gu/석촌동/love테라피/","False","True",""
"업체상세","shops/seoul/songpa-gu/석촌동/프리미엄테라피/index.html","https://1004테라피.shop/shops/seoul/songpa-gu/석촌동/프리미엄테라피/","False","True",""
"업체상세","shops/seoul/songpa-gu/송파동/한국미인테라피/index.html","https://1004테라피.shop/shops/seoul/songpa-gu/송파동/한국미인테라피/","False","True",""
"업체상세","shops/seoul/songpa-gu/송파동/너무이쁜테라피/index.html","https://1004테라피.shop/shops/seoul/songpa-gu/송파동/너무이쁜테라피/","False","True",""
"업체상세","shops/seoul/songpa-gu/송파동/love테라피/index.html","https://1004테라피.shop/shops/seoul/songpa-gu/송파동/love테라피/","False","True",""
"업체상세","shops/seoul/songpa-gu/송파동/프리미엄테라피/index.html","https://1004테라피.shop/shops/seoul/songpa-gu/송파동/프리미엄테라피/","False","True",""
"업체상세","shops/seoul/songpa-gu/오금동/한국미인테라피/index.html","https://1004테라피.shop/shops/seoul/songpa-gu/오금동/한국미인테라피/","False","True",""
"업체상세","shops/seoul/songpa-gu/오금동/너무이쁜테라피/index.html","https://1004테라피.shop/shops/seoul/songpa-gu/오금동/너무이쁜테라피/","False","True",""
"업체상세","shops/seoul/songpa-gu/오금동/love테라피/index.html","https://1004테라피.shop/shops/seoul/songpa-gu/오금동/love테라피/","False","True",""
"업체상세","shops/seoul/songpa-gu/오금동/프리미엄테라피/index.html","https://1004테라피.shop/shops/seoul/songpa-gu/오금동/프리미엄테라피/","False","True",""
"업체상세","shops/seoul/songpa-gu/오륜동/한국미인테라피/index.html","https://1004테라피.shop/shops/seoul/songpa-gu/오륜동/한국미인테라피/","False","True",""
"업체상세","shops/seoul/songpa-gu/오륜동/너무이쁜테라피/index.html","https://1004테라피.shop/shops/seoul/songpa-gu/오륜동/너무이쁜테라피/","False","True",""
"업체상세","shops/seoul/songpa-gu/오륜동/love테라피/index.html","https://1004테라피.shop/shops/seoul/songpa-gu/오륜동/love테라피/","False","True",""
"업체상세","shops/seoul/songpa-gu/오륜동/프리미엄테라피/index.html","https://1004테라피.shop/shops/seoul/songpa-gu/오륜동/프리미엄테라피/","False","True",""
"업체상세","shops/seoul/songpa-gu/위례동/한국미인테라피/index.html","https://1004테라피.shop/shops/seoul/songpa-gu/위례동/한국미인테라피/","False","True",""
"업체상세","shops/seoul/songpa-gu/위례동/너무이쁜테라피/index.html","https://1004테라피.shop/shops/seoul/songpa-gu/위례동/너무이쁜테라피/","False","True",""
"업체상세","shops/seoul/songpa-gu/위례동/love테라피/index.html","https://1004테라피.shop/shops/seoul/songpa-gu/위례동/love테라피/","False","True",""
"업체상세","shops/seoul/songpa-gu/위례동/프리미엄테라피/index.html","https://1004테라피.shop/shops/seoul/songpa-gu/위례동/프리미엄테라피/","False","True",""
"업체상세","shops/seoul/songpa-gu/잠실동/한국미인테라피/index.html","https://1004테라피.shop/shops/seoul/songpa-gu/잠실동/한국미인테라피/","False","True",""
"업체상세","shops/seoul/songpa-gu/잠실동/너무이쁜테라피/index.html","https://1004테라피.shop/shops/seoul/songpa-gu/잠실동/너무이쁜테라피/","False","True",""
"업체상세","shops/seoul/songpa-gu/잠실동/love테라피/index.html","https://1004테라피.shop/shops/seoul/songpa-gu/잠실동/love테라피/","False","True",""
"업체상세","shops/seoul/songpa-gu/잠실동/프리미엄테라피/index.html","https://1004테라피.shop/shops/seoul/songpa-gu/잠실동/프리미엄테라피/","False","True",""
"업체상세","shops/seoul/songpa-gu/잠실본동/한국미인테라피/index.html","https://1004테라피.shop/shops/seoul/songpa-gu/잠실본동/한국미인테라피/","False","True",""
"업체상세","shops/seoul/songpa-gu/잠실본동/너무이쁜테라피/index.html","https://1004테라피.shop/shops/seoul/songpa-gu/잠실본동/너무이쁜테라피/","False","True",""
"업체상세","shops/seoul/songpa-gu/잠실본동/love테라피/index.html","https://1004테라피.shop/shops/seoul/songpa-gu/잠실본동/love테라피/","False","True",""
"업체상세","shops/seoul/songpa-gu/잠실본동/프리미엄테라피/index.html","https://1004테라피.shop/shops/seoul/songpa-gu/잠실본동/프리미엄테라피/","False","True",""
"업체상세","shops/seoul/songpa-gu/장지동/한국미인테라피/index.html","https://1004테라피.shop/shops/seoul/songpa-gu/장지동/한국미인테라피/","False","True",""
"업체상세","shops/seoul/songpa-gu/장지동/너무이쁜테라피/index.html","https://1004테라피.shop/shops/seoul/songpa-gu/장지동/너무이쁜테라피/","False","True",""
"업체상세","shops/seoul/songpa-gu/장지동/love테라피/index.html","https://1004테라피.shop/shops/seoul/songpa-gu/장지동/love테라피/","False","True",""
"업체상세","shops/seoul/songpa-gu/장지동/프리미엄테라피/index.html","https://1004테라피.shop/shops/seoul/songpa-gu/장지동/프리미엄테라피/","False","True",""
"업체상세","shops/seoul/songpa-gu/풍납동/한국미인테라피/index.html","https://1004테라피.shop/shops/seoul/songpa-gu/풍납동/한국미인테라피/","False","True",""
"업체상세","shops/seoul/songpa-gu/풍납동/너무이쁜테라피/index.html","https://1004테라피.shop/shops/seoul/songpa-gu/풍납동/너무이쁜테라피/","False","True",""
"업체상세","shops/seoul/songpa-gu/풍납동/love테라피/index.html","https://1004테라피.shop/shops/seoul/songpa-gu/풍납동/love테라피/","False","True",""
"업체상세","shops/seoul/songpa-gu/풍납동/프리미엄테라피/index.html","https://1004테라피.shop/shops/seoul/songpa-gu/풍납동/프리미엄테라피/","False","True",""
"업체상세","shops/seoul/yangcheon-gu/목동/한국미인테라피/index.html","https://1004테라피.shop/shops/seoul/yangcheon-gu/목동/한국미인테라피/","False","True",""
"업체상세","shops/seoul/yangcheon-gu/목동/너무이쁜테라피/index.html","https://1004테라피.shop/shops/seoul/yangcheon-gu/목동/너무이쁜테라피/","False","True",""
"업체상세","shops/seoul/yangcheon-gu/목동/love테라피/index.html","https://1004테라피.shop/shops/seoul/yangcheon-gu/목동/love테라피/","False","True",""
"업체상세","shops/seoul/yangcheon-gu/목동/프리미엄테라피/index.html","https://1004테라피.shop/shops/seoul/yangcheon-gu/목동/프리미엄테라피/","False","True",""
"업체상세","shops/seoul/yangcheon-gu/신월동/한국미인테라피/index.html","https://1004테라피.shop/shops/seoul/yangcheon-gu/신월동/한국미인테라피/","False","True",""
"업체상세","shops/seoul/yangcheon-gu/신월동/너무이쁜테라피/index.html","https://1004테라피.shop/shops/seoul/yangcheon-gu/신월동/너무이쁜테라피/","False","True",""
"업체상세","shops/seoul/yangcheon-gu/신월동/love테라피/index.html","https://1004테라피.shop/shops/seoul/yangcheon-gu/신월동/love테라피/","False","True",""
"업체상세","shops/seoul/yangcheon-gu/신월동/프리미엄테라피/index.html","https://1004테라피.shop/shops/seoul/yangcheon-gu/신월동/프리미엄테라피/","False","True",""
"업체상세","shops/seoul/yangcheon-gu/신정동/한국미인테라피/index.html","https://1004테라피.shop/shops/seoul/yangcheon-gu/신정동/한국미인테라피/","False","True",""
"업체상세","shops/seoul/yangcheon-gu/신정동/너무이쁜테라피/index.html","https://1004테라피.shop/shops/seoul/yangcheon-gu/신정동/너무이쁜테라피/","False","True",""
"업체상세","shops/seoul/yangcheon-gu/신정동/love테라피/index.html","https://1004테라피.shop/shops/seoul/yangcheon-gu/신정동/love테라피/","False","True",""
"업체상세","shops/seoul/yangcheon-gu/신정동/프리미엄테라피/index.html","https://1004테라피.shop/shops/seoul/yangcheon-gu/신정동/프리미엄테라피/","False","True",""
"업체상세","shops/seoul/yeongdeungpo-gu/당산동/한국미인테라피/index.html","https://1004테라피.shop/shops/seoul/yeongdeungpo-gu/당산동/한국미인테라피/","False","True",""
"업체상세","shops/seoul/yeongdeungpo-gu/당산동/너무이쁜테라피/index.html","https://1004테라피.shop/shops/seoul/yeongdeungpo-gu/당산동/너무이쁜테라피/","False","True",""
"업체상세","shops/seoul/yeongdeungpo-gu/당산동/love테라피/index.html","https://1004테라피.shop/shops/seoul/yeongdeungpo-gu/당산동/love테라피/","False","True",""
"업체상세","shops/seoul/yeongdeungpo-gu/당산동/프리미엄테라피/index.html","https://1004테라피.shop/shops/seoul/yeongdeungpo-gu/당산동/프리미엄테라피/","False","True",""
"업체상세","shops/seoul/yeongdeungpo-gu/대림동/한국미인테라피/index.html","https://1004테라피.shop/shops/seoul/yeongdeungpo-gu/대림동/한국미인테라피/","False","True",""
"업체상세","shops/seoul/yeongdeungpo-gu/대림동/너무이쁜테라피/index.html","https://1004테라피.shop/shops/seoul/yeongdeungpo-gu/대림동/너무이쁜테라피/","False","True",""
"업체상세","shops/seoul/yeongdeungpo-gu/대림동/love테라피/index.html","https://1004테라피.shop/shops/seoul/yeongdeungpo-gu/대림동/love테라피/","False","True",""
"업체상세","shops/seoul/yeongdeungpo-gu/대림동/프리미엄테라피/index.html","https://1004테라피.shop/shops/seoul/yeongdeungpo-gu/대림동/프리미엄테라피/","False","True",""
"업체상세","shops/seoul/yeongdeungpo-gu/도림동/한국미인테라피/index.html","https://1004테라피.shop/shops/seoul/yeongdeungpo-gu/도림동/한국미인테라피/","False","True",""
"업체상세","shops/seoul/yeongdeungpo-gu/도림동/너무이쁜테라피/index.html","https://1004테라피.shop/shops/seoul/yeongdeungpo-gu/도림동/너무이쁜테라피/","False","True",""
"업체상세","shops/seoul/yeongdeungpo-gu/도림동/love테라피/index.html","https://1004테라피.shop/shops/seoul/yeongdeungpo-gu/도림동/love테라피/","False","True",""
"업체상세","shops/seoul/yeongdeungpo-gu/도림동/프리미엄테라피/index.html","https://1004테라피.shop/shops/seoul/yeongdeungpo-gu/도림동/프리미엄테라피/","False","True",""
"업체상세","shops/seoul/yeongdeungpo-gu/문래동/한국미인테라피/index.html","https://1004테라피.shop/shops/seoul/yeongdeungpo-gu/문래동/한국미인테라피/","False","True",""
"업체상세","shops/seoul/yeongdeungpo-gu/문래동/너무이쁜테라피/index.html","https://1004테라피.shop/shops/seoul/yeongdeungpo-gu/문래동/너무이쁜테라피/","False","True",""
"업체상세","shops/seoul/yeongdeungpo-gu/문래동/love테라피/index.html","https://1004테라피.shop/shops/seoul/yeongdeungpo-gu/문래동/love테라피/","False","True",""
"업체상세","shops/seoul/yeongdeungpo-gu/문래동/프리미엄테라피/index.html","https://1004테라피.shop/shops/seoul/yeongdeungpo-gu/문래동/프리미엄테라피/","False","True",""
"업체상세","shops/seoul/yeongdeungpo-gu/신길동/한국미인테라피/index.html","https://1004테라피.shop/shops/seoul/yeongdeungpo-gu/신길동/한국미인테라피/","False","True",""
"업체상세","shops/seoul/yeongdeungpo-gu/신길동/너무이쁜테라피/index.html","https://1004테라피.shop/shops/seoul/yeongdeungpo-gu/신길동/너무이쁜테라피/","False","True",""
"업체상세","shops/seoul/yeongdeungpo-gu/신길동/love테라피/index.html","https://1004테라피.shop/shops/seoul/yeongdeungpo-gu/신길동/love테라피/","False","True",""
"업체상세","shops/seoul/yeongdeungpo-gu/신길동/프리미엄테라피/index.html","https://1004테라피.shop/shops/seoul/yeongdeungpo-gu/신길동/프리미엄테라피/","False","True",""
"업체상세","shops/seoul/yeongdeungpo-gu/양평동/한국미인테라피/index.html","https://1004테라피.shop/shops/seoul/yeongdeungpo-gu/양평동/한국미인테라피/","False","True",""
"업체상세","shops/seoul/yeongdeungpo-gu/양평동/너무이쁜테라피/index.html","https://1004테라피.shop/shops/seoul/yeongdeungpo-gu/양평동/너무이쁜테라피/","False","True",""
"업체상세","shops/seoul/yeongdeungpo-gu/양평동/love테라피/index.html","https://1004테라피.shop/shops/seoul/yeongdeungpo-gu/양평동/love테라피/","False","True",""
"업체상세","shops/seoul/yeongdeungpo-gu/양평동/프리미엄테라피/index.html","https://1004테라피.shop/shops/seoul/yeongdeungpo-gu/양평동/프리미엄테라피/","False","True",""
"업체상세","shops/seoul/yeongdeungpo-gu/여의동/한국미인테라피/index.html","https://1004테라피.shop/shops/seoul/yeongdeungpo-gu/여의동/한국미인테라피/","False","True",""
"업체상세","shops/seoul/yeongdeungpo-gu/여의동/너무이쁜테라피/index.html","https://1004테라피.shop/shops/seoul/yeongdeungpo-gu/여의동/너무이쁜테라피/","False","True",""
"업체상세","shops/seoul/yeongdeungpo-gu/여의동/love테라피/index.html","https://1004테라피.shop/shops/seoul/yeongdeungpo-gu/여의동/love테라피/","False","True",""
"업체상세","shops/seoul/yeongdeungpo-gu/여의동/프리미엄테라피/index.html","https://1004테라피.shop/shops/seoul/yeongdeungpo-gu/여의동/프리미엄테라피/","False","True",""
"업체상세","shops/seoul/yeongdeungpo-gu/영등포동/한국미인테라피/index.html","https://1004테라피.shop/shops/seoul/yeongdeungpo-gu/영등포동/한국미인테라피/","False","True",""
"업체상세","shops/seoul/yeongdeungpo-gu/영등포동/너무이쁜테라피/index.html","https://1004테라피.shop/shops/seoul/yeongdeungpo-gu/영등포동/너무이쁜테라피/","False","True",""
"업체상세","shops/seoul/yeongdeungpo-gu/영등포동/love테라피/index.html","https://1004테라피.shop/shops/seoul/yeongdeungpo-gu/영등포동/love테라피/","False","True",""
"업체상세","shops/seoul/yeongdeungpo-gu/영등포동/프리미엄테라피/index.html","https://1004테라피.shop/shops/seoul/yeongdeungpo-gu/영등포동/프리미엄테라피/","False","True",""
"업체상세","shops/seoul/yeongdeungpo-gu/영등포본동/한국미인테라피/index.html","https://1004테라피.shop/shops/seoul/yeongdeungpo-gu/영등포본동/한국미인테라피/","False","True",""
"업체상세","shops/seoul/yeongdeungpo-gu/영등포본동/너무이쁜테라피/index.html","https://1004테라피.shop/shops/seoul/yeongdeungpo-gu/영등포본동/너무이쁜테라피/","False","True",""
"업체상세","shops/seoul/yeongdeungpo-gu/영등포본동/love테라피/index.html","https://1004테라피.shop/shops/seoul/yeongdeungpo-gu/영등포본동/love테라피/","False","True",""
"업체상세","shops/seoul/yeongdeungpo-gu/영등포본동/프리미엄테라피/index.html","https://1004테라피.shop/shops/seoul/yeongdeungpo-gu/영등포본동/프리미엄테라피/","False","True",""
"업체상세","shops/seoul/yongsan-gu/남영동/한국미인테라피/index.html","https://1004테라피.shop/shops/seoul/yongsan-gu/남영동/한국미인테라피/","False","True",""
"업체상세","shops/seoul/yongsan-gu/남영동/너무이쁜테라피/index.html","https://1004테라피.shop/shops/seoul/yongsan-gu/남영동/너무이쁜테라피/","False","True",""
"업체상세","shops/seoul/yongsan-gu/남영동/love테라피/index.html","https://1004테라피.shop/shops/seoul/yongsan-gu/남영동/love테라피/","False","True",""
"업체상세","shops/seoul/yongsan-gu/남영동/프리미엄테라피/index.html","https://1004테라피.shop/shops/seoul/yongsan-gu/남영동/프리미엄테라피/","False","True",""
"업체상세","shops/seoul/yongsan-gu/보광동/한국미인테라피/index.html","https://1004테라피.shop/shops/seoul/yongsan-gu/보광동/한국미인테라피/","False","True",""
"업체상세","shops/seoul/yongsan-gu/보광동/너무이쁜테라피/index.html","https://1004테라피.shop/shops/seoul/yongsan-gu/보광동/너무이쁜테라피/","False","True",""
"업체상세","shops/seoul/yongsan-gu/보광동/love테라피/index.html","https://1004테라피.shop/shops/seoul/yongsan-gu/보광동/love테라피/","False","True",""
"업체상세","shops/seoul/yongsan-gu/보광동/프리미엄테라피/index.html","https://1004테라피.shop/shops/seoul/yongsan-gu/보광동/프리미엄테라피/","False","True",""
"업체상세","shops/seoul/yongsan-gu/서빙고동/한국미인테라피/index.html","https://1004테라피.shop/shops/seoul/yongsan-gu/서빙고동/한국미인테라피/","False","True",""
"업체상세","shops/seoul/yongsan-gu/서빙고동/너무이쁜테라피/index.html","https://1004테라피.shop/shops/seoul/yongsan-gu/서빙고동/너무이쁜테라피/","False","True",""
"업체상세","shops/seoul/yongsan-gu/서빙고동/love테라피/index.html","https://1004테라피.shop/shops/seoul/yongsan-gu/서빙고동/love테라피/","False","True",""
"업체상세","shops/seoul/yongsan-gu/서빙고동/프리미엄테라피/index.html","https://1004테라피.shop/shops/seoul/yongsan-gu/서빙고동/프리미엄테라피/","False","True",""
"업체상세","shops/seoul/yongsan-gu/용문동/한국미인테라피/index.html","https://1004테라피.shop/shops/seoul/yongsan-gu/용문동/한국미인테라피/","False","True",""
"업체상세","shops/seoul/yongsan-gu/용문동/너무이쁜테라피/index.html","https://1004테라피.shop/shops/seoul/yongsan-gu/용문동/너무이쁜테라피/","False","True",""
"업체상세","shops/seoul/yongsan-gu/용문동/love테라피/index.html","https://1004테라피.shop/shops/seoul/yongsan-gu/용문동/love테라피/","False","True",""
"업체상세","shops/seoul/yongsan-gu/용문동/프리미엄테라피/index.html","https://1004테라피.shop/shops/seoul/yongsan-gu/용문동/프리미엄테라피/","False","True",""
"업체상세","shops/seoul/yongsan-gu/용산2가동/한국미인테라피/index.html","https://1004테라피.shop/shops/seoul/yongsan-gu/용산2가동/한국미인테라피/","False","True",""
"업체상세","shops/seoul/yongsan-gu/용산2가동/너무이쁜테라피/index.html","https://1004테라피.shop/shops/seoul/yongsan-gu/용산2가동/너무이쁜테라피/","False","True",""
"업체상세","shops/seoul/yongsan-gu/용산2가동/love테라피/index.html","https://1004테라피.shop/shops/seoul/yongsan-gu/용산2가동/love테라피/","False","True",""
"업체상세","shops/seoul/yongsan-gu/용산2가동/프리미엄테라피/index.html","https://1004테라피.shop/shops/seoul/yongsan-gu/용산2가동/프리미엄테라피/","False","True",""
"업체상세","shops/seoul/yongsan-gu/원효로동/한국미인테라피/index.html","https://1004테라피.shop/shops/seoul/yongsan-gu/원효로동/한국미인테라피/","False","True",""
"업체상세","shops/seoul/yongsan-gu/원효로동/너무이쁜테라피/index.html","https://1004테라피.shop/shops/seoul/yongsan-gu/원효로동/너무이쁜테라피/","False","True",""
"업체상세","shops/seoul/yongsan-gu/원효로동/love테라피/index.html","https://1004테라피.shop/shops/seoul/yongsan-gu/원효로동/love테라피/","False","True",""
"업체상세","shops/seoul/yongsan-gu/원효로동/프리미엄테라피/index.html","https://1004테라피.shop/shops/seoul/yongsan-gu/원효로동/프리미엄테라피/","False","True",""
"업체상세","shops/seoul/yongsan-gu/이촌동/한국미인테라피/index.html","https://1004테라피.shop/shops/seoul/yongsan-gu/이촌동/한국미인테라피/","False","True",""
"업체상세","shops/seoul/yongsan-gu/이촌동/너무이쁜테라피/index.html","https://1004테라피.shop/shops/seoul/yongsan-gu/이촌동/너무이쁜테라피/","False","True",""
"업체상세","shops/seoul/yongsan-gu/이촌동/love테라피/index.html","https://1004테라피.shop/shops/seoul/yongsan-gu/이촌동/love테라피/","False","True",""
"업체상세","shops/seoul/yongsan-gu/이촌동/프리미엄테라피/index.html","https://1004테라피.shop/shops/seoul/yongsan-gu/이촌동/프리미엄테라피/","False","True",""
"업체상세","shops/seoul/yongsan-gu/이태원동/한국미인테라피/index.html","https://1004테라피.shop/shops/seoul/yongsan-gu/이태원동/한국미인테라피/","False","True",""
"업체상세","shops/seoul/yongsan-gu/이태원동/너무이쁜테라피/index.html","https://1004테라피.shop/shops/seoul/yongsan-gu/이태원동/너무이쁜테라피/","False","True",""
"업체상세","shops/seoul/yongsan-gu/이태원동/love테라피/index.html","https://1004테라피.shop/shops/seoul/yongsan-gu/이태원동/love테라피/","False","True",""
"업체상세","shops/seoul/yongsan-gu/이태원동/프리미엄테라피/index.html","https://1004테라피.shop/shops/seoul/yongsan-gu/이태원동/프리미엄테라피/","False","True",""
"업체상세","shops/seoul/yongsan-gu/청파동/한국미인테라피/index.html","https://1004테라피.shop/shops/seoul/yongsan-gu/청파동/한국미인테라피/","False","True",""
"업체상세","shops/seoul/yongsan-gu/청파동/너무이쁜테라피/index.html","https://1004테라피.shop/shops/seoul/yongsan-gu/청파동/너무이쁜테라피/","False","True",""
"업체상세","shops/seoul/yongsan-gu/청파동/love테라피/index.html","https://1004테라피.shop/shops/seoul/yongsan-gu/청파동/love테라피/","False","True",""
"업체상세","shops/seoul/yongsan-gu/청파동/프리미엄테라피/index.html","https://1004테라피.shop/shops/seoul/yongsan-gu/청파동/프리미엄테라피/","False","True",""
"업체상세","shops/seoul/yongsan-gu/한강로동/한국미인테라피/index.html","https://1004테라피.shop/shops/seoul/yongsan-gu/한강로동/한국미인테라피/","False","True",""
"업체상세","shops/seoul/yongsan-gu/한강로동/너무이쁜테라피/index.html","https://1004테라피.shop/shops/seoul/yongsan-gu/한강로동/너무이쁜테라피/","False","True",""
"업체상세","shops/seoul/yongsan-gu/한강로동/love테라피/index.html","https://1004테라피.shop/shops/seoul/yongsan-gu/한강로동/love테라피/","False","True",""
"업체상세","shops/seoul/yongsan-gu/한강로동/프리미엄테라피/index.html","https://1004테라피.shop/shops/seoul/yongsan-gu/한강로동/프리미엄테라피/","False","True",""
"업체상세","shops/seoul/yongsan-gu/한남동/한국미인테라피/index.html","https://1004테라피.shop/shops/seoul/yongsan-gu/한남동/한국미인테라피/","False","True",""
"업체상세","shops/seoul/yongsan-gu/한남동/너무이쁜테라피/index.html","https://1004테라피.shop/shops/seoul/yongsan-gu/한남동/너무이쁜테라피/","False","True",""
"업체상세","shops/seoul/yongsan-gu/한남동/love테라피/index.html","https://1004테라피.shop/shops/seoul/yongsan-gu/한남동/love테라피/","False","True",""
"업체상세","shops/seoul/yongsan-gu/한남동/프리미엄테라피/index.html","https://1004테라피.shop/shops/seoul/yongsan-gu/한남동/프리미엄테라피/","False","True",""
"업체상세","shops/seoul/yongsan-gu/효창동/한국미인테라피/index.html","https://1004테라피.shop/shops/seoul/yongsan-gu/효창동/한국미인테라피/","False","True",""
"업체상세","shops/seoul/yongsan-gu/효창동/너무이쁜테라피/index.html","https://1004테라피.shop/shops/seoul/yongsan-gu/효창동/너무이쁜테라피/","False","True",""
"업체상세","shops/seoul/yongsan-gu/효창동/love테라피/index.html","https://1004테라피.shop/shops/seoul/yongsan-gu/효창동/love테라피/","False","True",""
"업체상세","shops/seoul/yongsan-gu/효창동/프리미엄테라피/index.html","https://1004테라피.shop/shops/seoul/yongsan-gu/효창동/프리미엄테라피/","False","True",""
"업체상세","shops/seoul/yongsan-gu/후암동/한국미인테라피/index.html","https://1004테라피.shop/shops/seoul/yongsan-gu/후암동/한국미인테라피/","False","True",""
"업체상세","shops/seoul/yongsan-gu/후암동/너무이쁜테라피/index.html","https://1004테라피.shop/shops/seoul/yongsan-gu/후암동/너무이쁜테라피/","False","True",""
"업체상세","shops/seoul/yongsan-gu/후암동/love테라피/index.html","https://1004테라피.shop/shops/seoul/yongsan-gu/후암동/love테라피/","False","True",""
"업체상세","shops/seoul/yongsan-gu/후암동/프리미엄테라피/index.html","https://1004테라피.shop/shops/seoul/yongsan-gu/후암동/프리미엄테라피/","False","True",""
"업체상세","shops/seoul/eunpyeong-gu/갈현동/한국미인테라피/index.html","https://1004테라피.shop/shops/seoul/eunpyeong-gu/갈현동/한국미인테라피/","False","True",""
"업체상세","shops/seoul/eunpyeong-gu/갈현동/너무이쁜테라피/index.html","https://1004테라피.shop/shops/seoul/eunpyeong-gu/갈현동/너무이쁜테라피/","False","True",""
"업체상세","shops/seoul/eunpyeong-gu/갈현동/love테라피/index.html","https://1004테라피.shop/shops/seoul/eunpyeong-gu/갈현동/love테라피/","False","True",""
"업체상세","shops/seoul/eunpyeong-gu/갈현동/프리미엄테라피/index.html","https://1004테라피.shop/shops/seoul/eunpyeong-gu/갈현동/프리미엄테라피/","False","True",""
"업체상세","shops/seoul/eunpyeong-gu/구산동/한국미인테라피/index.html","https://1004테라피.shop/shops/seoul/eunpyeong-gu/구산동/한국미인테라피/","False","True",""
"업체상세","shops/seoul/eunpyeong-gu/구산동/너무이쁜테라피/index.html","https://1004테라피.shop/shops/seoul/eunpyeong-gu/구산동/너무이쁜테라피/","False","True",""
"업체상세","shops/seoul/eunpyeong-gu/구산동/love테라피/index.html","https://1004테라피.shop/shops/seoul/eunpyeong-gu/구산동/love테라피/","False","True",""
"업체상세","shops/seoul/eunpyeong-gu/구산동/프리미엄테라피/index.html","https://1004테라피.shop/shops/seoul/eunpyeong-gu/구산동/프리미엄테라피/","False","True",""
"업체상세","shops/seoul/eunpyeong-gu/녹번동/한국미인테라피/index.html","https://1004테라피.shop/shops/seoul/eunpyeong-gu/녹번동/한국미인테라피/","False","True",""
"업체상세","shops/seoul/eunpyeong-gu/녹번동/너무이쁜테라피/index.html","https://1004테라피.shop/shops/seoul/eunpyeong-gu/녹번동/너무이쁜테라피/","False","True",""
"업체상세","shops/seoul/eunpyeong-gu/녹번동/love테라피/index.html","https://1004테라피.shop/shops/seoul/eunpyeong-gu/녹번동/love테라피/","False","True",""
"업체상세","shops/seoul/eunpyeong-gu/녹번동/프리미엄테라피/index.html","https://1004테라피.shop/shops/seoul/eunpyeong-gu/녹번동/프리미엄테라피/","False","True",""
"업체상세","shops/seoul/eunpyeong-gu/대조동/한국미인테라피/index.html","https://1004테라피.shop/shops/seoul/eunpyeong-gu/대조동/한국미인테라피/","False","True",""
"업체상세","shops/seoul/eunpyeong-gu/대조동/너무이쁜테라피/index.html","https://1004테라피.shop/shops/seoul/eunpyeong-gu/대조동/너무이쁜테라피/","False","True",""
"업체상세","shops/seoul/eunpyeong-gu/대조동/love테라피/index.html","https://1004테라피.shop/shops/seoul/eunpyeong-gu/대조동/love테라피/","False","True",""
"업체상세","shops/seoul/eunpyeong-gu/대조동/프리미엄테라피/index.html","https://1004테라피.shop/shops/seoul/eunpyeong-gu/대조동/프리미엄테라피/","False","True",""
"업체상세","shops/seoul/eunpyeong-gu/불광동/한국미인테라피/index.html","https://1004테라피.shop/shops/seoul/eunpyeong-gu/불광동/한국미인테라피/","False","True",""
"업체상세","shops/seoul/eunpyeong-gu/불광동/너무이쁜테라피/index.html","https://1004테라피.shop/shops/seoul/eunpyeong-gu/불광동/너무이쁜테라피/","False","True",""
"업체상세","shops/seoul/eunpyeong-gu/불광동/love테라피/index.html","https://1004테라피.shop/shops/seoul/eunpyeong-gu/불광동/love테라피/","False","True",""
"업체상세","shops/seoul/eunpyeong-gu/불광동/프리미엄테라피/index.html","https://1004테라피.shop/shops/seoul/eunpyeong-gu/불광동/프리미엄테라피/","False","True",""
"업체상세","shops/seoul/eunpyeong-gu/수색동/한국미인테라피/index.html","https://1004테라피.shop/shops/seoul/eunpyeong-gu/수색동/한국미인테라피/","False","True",""
"업체상세","shops/seoul/eunpyeong-gu/수색동/너무이쁜테라피/index.html","https://1004테라피.shop/shops/seoul/eunpyeong-gu/수색동/너무이쁜테라피/","False","True",""
"업체상세","shops/seoul/eunpyeong-gu/수색동/love테라피/index.html","https://1004테라피.shop/shops/seoul/eunpyeong-gu/수색동/love테라피/","False","True",""
"업체상세","shops/seoul/eunpyeong-gu/수색동/프리미엄테라피/index.html","https://1004테라피.shop/shops/seoul/eunpyeong-gu/수색동/프리미엄테라피/","False","True",""
"업체상세","shops/seoul/eunpyeong-gu/신사동/한국미인테라피/index.html","https://1004테라피.shop/shops/seoul/eunpyeong-gu/신사동/한국미인테라피/","False","True",""
"업체상세","shops/seoul/eunpyeong-gu/신사동/너무이쁜테라피/index.html","https://1004테라피.shop/shops/seoul/eunpyeong-gu/신사동/너무이쁜테라피/","False","True",""
"업체상세","shops/seoul/eunpyeong-gu/신사동/love테라피/index.html","https://1004테라피.shop/shops/seoul/eunpyeong-gu/신사동/love테라피/","False","True",""
"업체상세","shops/seoul/eunpyeong-gu/신사동/프리미엄테라피/index.html","https://1004테라피.shop/shops/seoul/eunpyeong-gu/신사동/프리미엄테라피/","False","True",""
"업체상세","shops/seoul/eunpyeong-gu/역촌동/한국미인테라피/index.html","https://1004테라피.shop/shops/seoul/eunpyeong-gu/역촌동/한국미인테라피/","False","True",""
"업체상세","shops/seoul/eunpyeong-gu/역촌동/너무이쁜테라피/index.html","https://1004테라피.shop/shops/seoul/eunpyeong-gu/역촌동/너무이쁜테라피/","False","True",""
"업체상세","shops/seoul/eunpyeong-gu/역촌동/love테라피/index.html","https://1004테라피.shop/shops/seoul/eunpyeong-gu/역촌동/love테라피/","False","True",""
"업체상세","shops/seoul/eunpyeong-gu/역촌동/프리미엄테라피/index.html","https://1004테라피.shop/shops/seoul/eunpyeong-gu/역촌동/프리미엄테라피/","False","True",""
"업체상세","shops/seoul/eunpyeong-gu/응암동/한국미인테라피/index.html","https://1004테라피.shop/shops/seoul/eunpyeong-gu/응암동/한국미인테라피/","False","True",""
"업체상세","shops/seoul/eunpyeong-gu/응암동/너무이쁜테라피/index.html","https://1004테라피.shop/shops/seoul/eunpyeong-gu/응암동/너무이쁜테라피/","False","True",""
"업체상세","shops/seoul/eunpyeong-gu/응암동/love테라피/index.html","https://1004테라피.shop/shops/seoul/eunpyeong-gu/응암동/love테라피/","False","True",""
"업체상세","shops/seoul/eunpyeong-gu/응암동/프리미엄테라피/index.html","https://1004테라피.shop/shops/seoul/eunpyeong-gu/응암동/프리미엄테라피/","False","True",""
"업체상세","shops/seoul/eunpyeong-gu/증산동/한국미인테라피/index.html","https://1004테라피.shop/shops/seoul/eunpyeong-gu/증산동/한국미인테라피/","False","True",""
"업체상세","shops/seoul/eunpyeong-gu/증산동/너무이쁜테라피/index.html","https://1004테라피.shop/shops/seoul/eunpyeong-gu/증산동/너무이쁜테라피/","False","True",""
"업체상세","shops/seoul/eunpyeong-gu/증산동/love테라피/index.html","https://1004테라피.shop/shops/seoul/eunpyeong-gu/증산동/love테라피/","False","True",""
"업체상세","shops/seoul/eunpyeong-gu/증산동/프리미엄테라피/index.html","https://1004테라피.shop/shops/seoul/eunpyeong-gu/증산동/프리미엄테라피/","False","True",""
"업체상세","shops/seoul/eunpyeong-gu/진관동/한국미인테라피/index.html","https://1004테라피.shop/shops/seoul/eunpyeong-gu/진관동/한국미인테라피/","False","True",""
"업체상세","shops/seoul/eunpyeong-gu/진관동/너무이쁜테라피/index.html","https://1004테라피.shop/shops/seoul/eunpyeong-gu/진관동/너무이쁜테라피/","False","True",""
"업체상세","shops/seoul/eunpyeong-gu/진관동/love테라피/index.html","https://1004테라피.shop/shops/seoul/eunpyeong-gu/진관동/love테라피/","False","True",""
"업체상세","shops/seoul/eunpyeong-gu/진관동/프리미엄테라피/index.html","https://1004테라피.shop/shops/seoul/eunpyeong-gu/진관동/프리미엄테라피/","False","True",""
"업체상세","shops/seoul/jongno-gu/4가동/한국미인테라피/index.html","https://1004테라피.shop/shops/seoul/jongno-gu/4가동/한국미인테라피/","False","True",""
"업체상세","shops/seoul/jongno-gu/4가동/너무이쁜테라피/index.html","https://1004테라피.shop/shops/seoul/jongno-gu/4가동/너무이쁜테라피/","False","True",""
"업체상세","shops/seoul/jongno-gu/4가동/love테라피/index.html","https://1004테라피.shop/shops/seoul/jongno-gu/4가동/love테라피/","False","True",""
"업체상세","shops/seoul/jongno-gu/4가동/프리미엄테라피/index.html","https://1004테라피.shop/shops/seoul/jongno-gu/4가동/프리미엄테라피/","False","True",""
"업체상세","shops/seoul/jongno-gu/6가동/한국미인테라피/index.html","https://1004테라피.shop/shops/seoul/jongno-gu/6가동/한국미인테라피/","False","True",""
"업체상세","shops/seoul/jongno-gu/6가동/너무이쁜테라피/index.html","https://1004테라피.shop/shops/seoul/jongno-gu/6가동/너무이쁜테라피/","False","True",""
"업체상세","shops/seoul/jongno-gu/6가동/love테라피/index.html","https://1004테라피.shop/shops/seoul/jongno-gu/6가동/love테라피/","False","True",""
"업체상세","shops/seoul/jongno-gu/6가동/프리미엄테라피/index.html","https://1004테라피.shop/shops/seoul/jongno-gu/6가동/프리미엄테라피/","False","True",""
"업체상세","shops/seoul/jongno-gu/가회동/한국미인테라피/index.html","https://1004테라피.shop/shops/seoul/jongno-gu/가회동/한국미인테라피/","False","True",""
"업체상세","shops/seoul/jongno-gu/가회동/너무이쁜테라피/index.html","https://1004테라피.shop/shops/seoul/jongno-gu/가회동/너무이쁜테라피/","False","True",""
"업체상세","shops/seoul/jongno-gu/가회동/love테라피/index.html","https://1004테라피.shop/shops/seoul/jongno-gu/가회동/love테라피/","False","True",""
"업체상세","shops/seoul/jongno-gu/가회동/프리미엄테라피/index.html","https://1004테라피.shop/shops/seoul/jongno-gu/가회동/프리미엄테라피/","False","True",""
"업체상세","shops/seoul/jongno-gu/교남동/한국미인테라피/index.html","https://1004테라피.shop/shops/seoul/jongno-gu/교남동/한국미인테라피/","False","True",""
"업체상세","shops/seoul/jongno-gu/교남동/너무이쁜테라피/index.html","https://1004테라피.shop/shops/seoul/jongno-gu/교남동/너무이쁜테라피/","False","True",""
"업체상세","shops/seoul/jongno-gu/교남동/love테라피/index.html","https://1004테라피.shop/shops/seoul/jongno-gu/교남동/love테라피/","False","True",""
"업체상세","shops/seoul/jongno-gu/교남동/프리미엄테라피/index.html","https://1004테라피.shop/shops/seoul/jongno-gu/교남동/프리미엄테라피/","False","True",""
"업체상세","shops/seoul/jongno-gu/무악동/한국미인테라피/index.html","https://1004테라피.shop/shops/seoul/jongno-gu/무악동/한국미인테라피/","False","True",""
"업체상세","shops/seoul/jongno-gu/무악동/너무이쁜테라피/index.html","https://1004테라피.shop/shops/seoul/jongno-gu/무악동/너무이쁜테라피/","False","True",""
"업체상세","shops/seoul/jongno-gu/무악동/love테라피/index.html","https://1004테라피.shop/shops/seoul/jongno-gu/무악동/love테라피/","False","True",""
"업체상세","shops/seoul/jongno-gu/무악동/프리미엄테라피/index.html","https://1004테라피.shop/shops/seoul/jongno-gu/무악동/프리미엄테라피/","False","True",""
"업체상세","shops/seoul/jongno-gu/부암동/한국미인테라피/index.html","https://1004테라피.shop/shops/seoul/jongno-gu/부암동/한국미인테라피/","False","True",""
"업체상세","shops/seoul/jongno-gu/부암동/너무이쁜테라피/index.html","https://1004테라피.shop/shops/seoul/jongno-gu/부암동/너무이쁜테라피/","False","True",""
"업체상세","shops/seoul/jongno-gu/부암동/love테라피/index.html","https://1004테라피.shop/shops/seoul/jongno-gu/부암동/love테라피/","False","True",""
"업체상세","shops/seoul/jongno-gu/부암동/프리미엄테라피/index.html","https://1004테라피.shop/shops/seoul/jongno-gu/부암동/프리미엄테라피/","False","True",""
"업체상세","shops/seoul/jongno-gu/사직동/한국미인테라피/index.html","https://1004테라피.shop/shops/seoul/jongno-gu/사직동/한국미인테라피/","False","True",""
"업체상세","shops/seoul/jongno-gu/사직동/너무이쁜테라피/index.html","https://1004테라피.shop/shops/seoul/jongno-gu/사직동/너무이쁜테라피/","False","True",""
"업체상세","shops/seoul/jongno-gu/사직동/love테라피/index.html","https://1004테라피.shop/shops/seoul/jongno-gu/사직동/love테라피/","False","True",""
"업체상세","shops/seoul/jongno-gu/사직동/프리미엄테라피/index.html","https://1004테라피.shop/shops/seoul/jongno-gu/사직동/프리미엄테라피/","False","True",""
"업체상세","shops/seoul/jongno-gu/삼청동/한국미인테라피/index.html","https://1004테라피.shop/shops/seoul/jongno-gu/삼청동/한국미인테라피/","False","True",""
"업체상세","shops/seoul/jongno-gu/삼청동/너무이쁜테라피/index.html","https://1004테라피.shop/shops/seoul/jongno-gu/삼청동/너무이쁜테라피/","False","True",""
"업체상세","shops/seoul/jongno-gu/삼청동/love테라피/index.html","https://1004테라피.shop/shops/seoul/jongno-gu/삼청동/love테라피/","False","True",""
"업체상세","shops/seoul/jongno-gu/삼청동/프리미엄테라피/index.html","https://1004테라피.shop/shops/seoul/jongno-gu/삼청동/프리미엄테라피/","False","True",""
"업체상세","shops/seoul/jongno-gu/숭인동/한국미인테라피/index.html","https://1004테라피.shop/shops/seoul/jongno-gu/숭인동/한국미인테라피/","False","True",""
"업체상세","shops/seoul/jongno-gu/숭인동/너무이쁜테라피/index.html","https://1004테라피.shop/shops/seoul/jongno-gu/숭인동/너무이쁜테라피/","False","True",""
"업체상세","shops/seoul/jongno-gu/숭인동/love테라피/index.html","https://1004테라피.shop/shops/seoul/jongno-gu/숭인동/love테라피/","False","True",""
"업체상세","shops/seoul/jongno-gu/숭인동/프리미엄테라피/index.html","https://1004테라피.shop/shops/seoul/jongno-gu/숭인동/프리미엄테라피/","False","True",""
"업체상세","shops/seoul/jongno-gu/이화동/한국미인테라피/index.html","https://1004테라피.shop/shops/seoul/jongno-gu/이화동/한국미인테라피/","False","True",""
"업체상세","shops/seoul/jongno-gu/이화동/너무이쁜테라피/index.html","https://1004테라피.shop/shops/seoul/jongno-gu/이화동/너무이쁜테라피/","False","True",""
"업체상세","shops/seoul/jongno-gu/이화동/love테라피/index.html","https://1004테라피.shop/shops/seoul/jongno-gu/이화동/love테라피/","False","True",""
"업체상세","shops/seoul/jongno-gu/이화동/프리미엄테라피/index.html","https://1004테라피.shop/shops/seoul/jongno-gu/이화동/프리미엄테라피/","False","True",""
"업체상세","shops/seoul/jongno-gu/창신동/한국미인테라피/index.html","https://1004테라피.shop/shops/seoul/jongno-gu/창신동/한국미인테라피/","False","True",""
"업체상세","shops/seoul/jongno-gu/창신동/너무이쁜테라피/index.html","https://1004테라피.shop/shops/seoul/jongno-gu/창신동/너무이쁜테라피/","False","True",""
"업체상세","shops/seoul/jongno-gu/창신동/love테라피/index.html","https://1004테라피.shop/shops/seoul/jongno-gu/창신동/love테라피/","False","True",""
"업체상세","shops/seoul/jongno-gu/창신동/프리미엄테라피/index.html","https://1004테라피.shop/shops/seoul/jongno-gu/창신동/프리미엄테라피/","False","True",""
"업체상세","shops/seoul/jongno-gu/청운효자동/한국미인테라피/index.html","https://1004테라피.shop/shops/seoul/jongno-gu/청운효자동/한국미인테라피/","False","True",""
"업체상세","shops/seoul/jongno-gu/청운효자동/너무이쁜테라피/index.html","https://1004테라피.shop/shops/seoul/jongno-gu/청운효자동/너무이쁜테라피/","False","True",""
"업체상세","shops/seoul/jongno-gu/청운효자동/love테라피/index.html","https://1004테라피.shop/shops/seoul/jongno-gu/청운효자동/love테라피/","False","True",""
"업체상세","shops/seoul/jongno-gu/청운효자동/프리미엄테라피/index.html","https://1004테라피.shop/shops/seoul/jongno-gu/청운효자동/프리미엄테라피/","False","True",""
"업체상세","shops/seoul/jongno-gu/평창동/한국미인테라피/index.html","https://1004테라피.shop/shops/seoul/jongno-gu/평창동/한국미인테라피/","False","True",""
"업체상세","shops/seoul/jongno-gu/평창동/너무이쁜테라피/index.html","https://1004테라피.shop/shops/seoul/jongno-gu/평창동/너무이쁜테라피/","False","True",""
"업체상세","shops/seoul/jongno-gu/평창동/love테라피/index.html","https://1004테라피.shop/shops/seoul/jongno-gu/평창동/love테라피/","False","True",""
"업체상세","shops/seoul/jongno-gu/평창동/프리미엄테라피/index.html","https://1004테라피.shop/shops/seoul/jongno-gu/평창동/프리미엄테라피/","False","True",""
"업체상세","shops/seoul/jongno-gu/혜화동/한국미인테라피/index.html","https://1004테라피.shop/shops/seoul/jongno-gu/혜화동/한국미인테라피/","False","True",""
"업체상세","shops/seoul/jongno-gu/혜화동/너무이쁜테라피/index.html","https://1004테라피.shop/shops/seoul/jongno-gu/혜화동/너무이쁜테라피/","False","True",""
"업체상세","shops/seoul/jongno-gu/혜화동/love테라피/index.html","https://1004테라피.shop/shops/seoul/jongno-gu/혜화동/love테라피/","False","True",""
"업체상세","shops/seoul/jongno-gu/혜화동/프리미엄테라피/index.html","https://1004테라피.shop/shops/seoul/jongno-gu/혜화동/프리미엄테라피/","False","True",""
"업체상세","shops/seoul/jung-gu/광희동/한국미인테라피/index.html","https://1004테라피.shop/shops/seoul/jung-gu/광희동/한국미인테라피/","False","True",""
"업체상세","shops/seoul/jung-gu/광희동/너무이쁜테라피/index.html","https://1004테라피.shop/shops/seoul/jung-gu/광희동/너무이쁜테라피/","False","True",""
"업체상세","shops/seoul/jung-gu/광희동/love테라피/index.html","https://1004테라피.shop/shops/seoul/jung-gu/광희동/love테라피/","False","True",""
"업체상세","shops/seoul/jung-gu/광희동/프리미엄테라피/index.html","https://1004테라피.shop/shops/seoul/jung-gu/광희동/프리미엄테라피/","False","True",""
"업체상세","shops/seoul/jung-gu/다산동/한국미인테라피/index.html","https://1004테라피.shop/shops/seoul/jung-gu/다산동/한국미인테라피/","False","True",""
"업체상세","shops/seoul/jung-gu/다산동/너무이쁜테라피/index.html","https://1004테라피.shop/shops/seoul/jung-gu/다산동/너무이쁜테라피/","False","True",""
"업체상세","shops/seoul/jung-gu/다산동/love테라피/index.html","https://1004테라피.shop/shops/seoul/jung-gu/다산동/love테라피/","False","True",""
"업체상세","shops/seoul/jung-gu/다산동/프리미엄테라피/index.html","https://1004테라피.shop/shops/seoul/jung-gu/다산동/프리미엄테라피/","False","True",""
"업체상세","shops/seoul/jung-gu/동화동/한국미인테라피/index.html","https://1004테라피.shop/shops/seoul/jung-gu/동화동/한국미인테라피/","False","True",""
"업체상세","shops/seoul/jung-gu/동화동/너무이쁜테라피/index.html","https://1004테라피.shop/shops/seoul/jung-gu/동화동/너무이쁜테라피/","False","True",""
"업체상세","shops/seoul/jung-gu/동화동/love테라피/index.html","https://1004테라피.shop/shops/seoul/jung-gu/동화동/love테라피/","False","True",""
"업체상세","shops/seoul/jung-gu/동화동/프리미엄테라피/index.html","https://1004테라피.shop/shops/seoul/jung-gu/동화동/프리미엄테라피/","False","True",""
"업체상세","shops/seoul/jung-gu/명동/한국미인테라피/index.html","https://1004테라피.shop/shops/seoul/jung-gu/명동/한국미인테라피/","False","True",""
"업체상세","shops/seoul/jung-gu/명동/너무이쁜테라피/index.html","https://1004테라피.shop/shops/seoul/jung-gu/명동/너무이쁜테라피/","False","True",""
"업체상세","shops/seoul/jung-gu/명동/love테라피/index.html","https://1004테라피.shop/shops/seoul/jung-gu/명동/love테라피/","False","True",""
"업체상세","shops/seoul/jung-gu/명동/프리미엄테라피/index.html","https://1004테라피.shop/shops/seoul/jung-gu/명동/프리미엄테라피/","False","True",""
"업체상세","shops/seoul/jung-gu/소공동/한국미인테라피/index.html","https://1004테라피.shop/shops/seoul/jung-gu/소공동/한국미인테라피/","False","True",""
"업체상세","shops/seoul/jung-gu/소공동/너무이쁜테라피/index.html","https://1004테라피.shop/shops/seoul/jung-gu/소공동/너무이쁜테라피/","False","True",""
"업체상세","shops/seoul/jung-gu/소공동/love테라피/index.html","https://1004테라피.shop/shops/seoul/jung-gu/소공동/love테라피/","False","True",""
"업체상세","shops/seoul/jung-gu/소공동/프리미엄테라피/index.html","https://1004테라피.shop/shops/seoul/jung-gu/소공동/프리미엄테라피/","False","True",""
"업체상세","shops/seoul/jung-gu/신당동/한국미인테라피/index.html","https://1004테라피.shop/shops/seoul/jung-gu/신당동/한국미인테라피/","False","True",""
"업체상세","shops/seoul/jung-gu/신당동/너무이쁜테라피/index.html","https://1004테라피.shop/shops/seoul/jung-gu/신당동/너무이쁜테라피/","False","True",""
"업체상세","shops/seoul/jung-gu/신당동/love테라피/index.html","https://1004테라피.shop/shops/seoul/jung-gu/신당동/love테라피/","False","True",""
"업체상세","shops/seoul/jung-gu/신당동/프리미엄테라피/index.html","https://1004테라피.shop/shops/seoul/jung-gu/신당동/프리미엄테라피/","False","True",""
"업체상세","shops/seoul/jung-gu/약수동/한국미인테라피/index.html","https://1004테라피.shop/shops/seoul/jung-gu/약수동/한국미인테라피/","False","True",""
"업체상세","shops/seoul/jung-gu/약수동/너무이쁜테라피/index.html","https://1004테라피.shop/shops/seoul/jung-gu/약수동/너무이쁜테라피/","False","True",""
"업체상세","shops/seoul/jung-gu/약수동/love테라피/index.html","https://1004테라피.shop/shops/seoul/jung-gu/약수동/love테라피/","False","True",""
"업체상세","shops/seoul/jung-gu/약수동/프리미엄테라피/index.html","https://1004테라피.shop/shops/seoul/jung-gu/약수동/프리미엄테라피/","False","True",""
"업체상세","shops/seoul/jung-gu/을지로동/한국미인테라피/index.html","https://1004테라피.shop/shops/seoul/jung-gu/을지로동/한국미인테라피/","False","True",""
"업체상세","shops/seoul/jung-gu/을지로동/너무이쁜테라피/index.html","https://1004테라피.shop/shops/seoul/jung-gu/을지로동/너무이쁜테라피/","False","True",""
"업체상세","shops/seoul/jung-gu/을지로동/love테라피/index.html","https://1004테라피.shop/shops/seoul/jung-gu/을지로동/love테라피/","False","True",""
"업체상세","shops/seoul/jung-gu/을지로동/프리미엄테라피/index.html","https://1004테라피.shop/shops/seoul/jung-gu/을지로동/프리미엄테라피/","False","True",""
"업체상세","shops/seoul/jung-gu/장충동/한국미인테라피/index.html","https://1004테라피.shop/shops/seoul/jung-gu/장충동/한국미인테라피/","False","True",""
"업체상세","shops/seoul/jung-gu/장충동/너무이쁜테라피/index.html","https://1004테라피.shop/shops/seoul/jung-gu/장충동/너무이쁜테라피/","False","True",""
"업체상세","shops/seoul/jung-gu/장충동/love테라피/index.html","https://1004테라피.shop/shops/seoul/jung-gu/장충동/love테라피/","False","True",""
"업체상세","shops/seoul/jung-gu/장충동/프리미엄테라피/index.html","https://1004테라피.shop/shops/seoul/jung-gu/장충동/프리미엄테라피/","False","True",""
"업체상세","shops/seoul/jung-gu/중림동/한국미인테라피/index.html","https://1004테라피.shop/shops/seoul/jung-gu/중림동/한국미인테라피/","False","True",""
"업체상세","shops/seoul/jung-gu/중림동/너무이쁜테라피/index.html","https://1004테라피.shop/shops/seoul/jung-gu/중림동/너무이쁜테라피/","False","True",""
"업체상세","shops/seoul/jung-gu/중림동/love테라피/index.html","https://1004테라피.shop/shops/seoul/jung-gu/중림동/love테라피/","False","True",""
"업체상세","shops/seoul/jung-gu/중림동/프리미엄테라피/index.html","https://1004테라피.shop/shops/seoul/jung-gu/중림동/프리미엄테라피/","False","True",""
"업체상세","shops/seoul/jung-gu/청구동/한국미인테라피/index.html","https://1004테라피.shop/shops/seoul/jung-gu/청구동/한국미인테라피/","False","True",""
"업체상세","shops/seoul/jung-gu/청구동/너무이쁜테라피/index.html","https://1004테라피.shop/shops/seoul/jung-gu/청구동/너무이쁜테라피/","False","True",""
"업체상세","shops/seoul/jung-gu/청구동/love테라피/index.html","https://1004테라피.shop/shops/seoul/jung-gu/청구동/love테라피/","False","True",""
"업체상세","shops/seoul/jung-gu/청구동/프리미엄테라피/index.html","https://1004테라피.shop/shops/seoul/jung-gu/청구동/프리미엄테라피/","False","True",""
"업체상세","shops/seoul/jung-gu/필동/한국미인테라피/index.html","https://1004테라피.shop/shops/seoul/jung-gu/필동/한국미인테라피/","False","True",""
"업체상세","shops/seoul/jung-gu/필동/너무이쁜테라피/index.html","https://1004테라피.shop/shops/seoul/jung-gu/필동/너무이쁜테라피/","False","True",""
"업체상세","shops/seoul/jung-gu/필동/love테라피/index.html","https://1004테라피.shop/shops/seoul/jung-gu/필동/love테라피/","False","True",""
"업체상세","shops/seoul/jung-gu/필동/프리미엄테라피/index.html","https://1004테라피.shop/shops/seoul/jung-gu/필동/프리미엄테라피/","False","True",""
"업체상세","shops/seoul/jung-gu/황학동/한국미인테라피/index.html","https://1004테라피.shop/shops/seoul/jung-gu/황학동/한국미인테라피/","False","True",""
"업체상세","shops/seoul/jung-gu/황학동/너무이쁜테라피/index.html","https://1004테라피.shop/shops/seoul/jung-gu/황학동/너무이쁜테라피/","False","True",""
"업체상세","shops/seoul/jung-gu/황학동/love테라피/index.html","https://1004테라피.shop/shops/seoul/jung-gu/황학동/love테라피/","False","True",""
"업체상세","shops/seoul/jung-gu/황학동/프리미엄테라피/index.html","https://1004테라피.shop/shops/seoul/jung-gu/황학동/프리미엄테라피/","False","True",""
"업체상세","shops/seoul/jung-gu/회현동/한국미인테라피/index.html","https://1004테라피.shop/shops/seoul/jung-gu/회현동/한국미인테라피/","False","True",""
"업체상세","shops/seoul/jung-gu/회현동/너무이쁜테라피/index.html","https://1004테라피.shop/shops/seoul/jung-gu/회현동/너무이쁜테라피/","False","True",""
"업체상세","shops/seoul/jung-gu/회현동/love테라피/index.html","https://1004테라피.shop/shops/seoul/jung-gu/회현동/love테라피/","False","True",""
"업체상세","shops/seoul/jung-gu/회현동/프리미엄테라피/index.html","https://1004테라피.shop/shops/seoul/jung-gu/회현동/프리미엄테라피/","False","True",""
"업체상세","shops/seoul/jungnang-gu/8동/한국미인테라피/index.html","https://1004테라피.shop/shops/seoul/jungnang-gu/8동/한국미인테라피/","False","True",""
"업체상세","shops/seoul/jungnang-gu/8동/너무이쁜테라피/index.html","https://1004테라피.shop/shops/seoul/jungnang-gu/8동/너무이쁜테라피/","False","True",""
"업체상세","shops/seoul/jungnang-gu/8동/love테라피/index.html","https://1004테라피.shop/shops/seoul/jungnang-gu/8동/love테라피/","False","True",""
"업체상세","shops/seoul/jungnang-gu/8동/프리미엄테라피/index.html","https://1004테라피.shop/shops/seoul/jungnang-gu/8동/프리미엄테라피/","False","True",""
"업체상세","shops/seoul/jungnang-gu/망우동/한국미인테라피/index.html","https://1004테라피.shop/shops/seoul/jungnang-gu/망우동/한국미인테라피/","False","True",""
"업체상세","shops/seoul/jungnang-gu/망우동/너무이쁜테라피/index.html","https://1004테라피.shop/shops/seoul/jungnang-gu/망우동/너무이쁜테라피/","False","True",""
"업체상세","shops/seoul/jungnang-gu/망우동/love테라피/index.html","https://1004테라피.shop/shops/seoul/jungnang-gu/망우동/love테라피/","False","True",""
"업체상세","shops/seoul/jungnang-gu/망우동/프리미엄테라피/index.html","https://1004테라피.shop/shops/seoul/jungnang-gu/망우동/프리미엄테라피/","False","True",""
"업체상세","shops/seoul/jungnang-gu/망우본동/한국미인테라피/index.html","https://1004테라피.shop/shops/seoul/jungnang-gu/망우본동/한국미인테라피/","False","True",""
"업체상세","shops/seoul/jungnang-gu/망우본동/너무이쁜테라피/index.html","https://1004테라피.shop/shops/seoul/jungnang-gu/망우본동/너무이쁜테라피/","False","True",""
"업체상세","shops/seoul/jungnang-gu/망우본동/love테라피/index.html","https://1004테라피.shop/shops/seoul/jungnang-gu/망우본동/love테라피/","False","True",""
"업체상세","shops/seoul/jungnang-gu/망우본동/프리미엄테라피/index.html","https://1004테라피.shop/shops/seoul/jungnang-gu/망우본동/프리미엄테라피/","False","True",""
"업체상세","shops/seoul/jungnang-gu/면목동/한국미인테라피/index.html","https://1004테라피.shop/shops/seoul/jungnang-gu/면목동/한국미인테라피/","False","True",""
"업체상세","shops/seoul/jungnang-gu/면목동/너무이쁜테라피/index.html","https://1004테라피.shop/shops/seoul/jungnang-gu/면목동/너무이쁜테라피/","False","True",""
"업체상세","shops/seoul/jungnang-gu/면목동/love테라피/index.html","https://1004테라피.shop/shops/seoul/jungnang-gu/면목동/love테라피/","False","True",""
"업체상세","shops/seoul/jungnang-gu/면목동/프리미엄테라피/index.html","https://1004테라피.shop/shops/seoul/jungnang-gu/면목동/프리미엄테라피/","False","True",""
"업체상세","shops/seoul/jungnang-gu/면목본동/한국미인테라피/index.html","https://1004테라피.shop/shops/seoul/jungnang-gu/면목본동/한국미인테라피/","False","True",""
"업체상세","shops/seoul/jungnang-gu/면목본동/너무이쁜테라피/index.html","https://1004테라피.shop/shops/seoul/jungnang-gu/면목본동/너무이쁜테라피/","False","True",""
"업체상세","shops/seoul/jungnang-gu/면목본동/love테라피/index.html","https://1004테라피.shop/shops/seoul/jungnang-gu/면목본동/love테라피/","False","True",""
"업체상세","shops/seoul/jungnang-gu/면목본동/프리미엄테라피/index.html","https://1004테라피.shop/shops/seoul/jungnang-gu/면목본동/프리미엄테라피/","False","True",""
"업체상세","shops/seoul/jungnang-gu/묵동/한국미인테라피/index.html","https://1004테라피.shop/shops/seoul/jungnang-gu/묵동/한국미인테라피/","False","True",""
"업체상세","shops/seoul/jungnang-gu/묵동/너무이쁜테라피/index.html","https://1004테라피.shop/shops/seoul/jungnang-gu/묵동/너무이쁜테라피/","False","True",""
"업체상세","shops/seoul/jungnang-gu/묵동/love테라피/index.html","https://1004테라피.shop/shops/seoul/jungnang-gu/묵동/love테라피/","False","True",""
"업체상세","shops/seoul/jungnang-gu/묵동/프리미엄테라피/index.html","https://1004테라피.shop/shops/seoul/jungnang-gu/묵동/프리미엄테라피/","False","True",""
"업체상세","shops/seoul/jungnang-gu/상봉동/한국미인테라피/index.html","https://1004테라피.shop/shops/seoul/jungnang-gu/상봉동/한국미인테라피/","False","True",""
"업체상세","shops/seoul/jungnang-gu/상봉동/너무이쁜테라피/index.html","https://1004테라피.shop/shops/seoul/jungnang-gu/상봉동/너무이쁜테라피/","False","True",""
"업체상세","shops/seoul/jungnang-gu/상봉동/love테라피/index.html","https://1004테라피.shop/shops/seoul/jungnang-gu/상봉동/love테라피/","False","True",""
"업체상세","shops/seoul/jungnang-gu/상봉동/프리미엄테라피/index.html","https://1004테라피.shop/shops/seoul/jungnang-gu/상봉동/프리미엄테라피/","False","True",""
"업체상세","shops/seoul/jungnang-gu/신내동/한국미인테라피/index.html","https://1004테라피.shop/shops/seoul/jungnang-gu/신내동/한국미인테라피/","False","True",""
"업체상세","shops/seoul/jungnang-gu/신내동/너무이쁜테라피/index.html","https://1004테라피.shop/shops/seoul/jungnang-gu/신내동/너무이쁜테라피/","False","True",""
"업체상세","shops/seoul/jungnang-gu/신내동/love테라피/index.html","https://1004테라피.shop/shops/seoul/jungnang-gu/신내동/love테라피/","False","True",""
"업체상세","shops/seoul/jungnang-gu/신내동/프리미엄테라피/index.html","https://1004테라피.shop/shops/seoul/jungnang-gu/신내동/프리미엄테라피/","False","True",""
"업체상세","shops/seoul/jungnang-gu/중화동/한국미인테라피/index.html","https://1004테라피.shop/shops/seoul/jungnang-gu/중화동/한국미인테라피/","False","True",""
"업체상세","shops/seoul/jungnang-gu/중화동/너무이쁜테라피/index.html","https://1004테라피.shop/shops/seoul/jungnang-gu/중화동/너무이쁜테라피/","False","True",""
"업체상세","shops/seoul/jungnang-gu/중화동/love테라피/index.html","https://1004테라피.shop/shops/seoul/jungnang-gu/중화동/love테라피/","False","True",""
"업체상세","shops/seoul/jungnang-gu/중화동/프리미엄테라피/index.html","https://1004테라피.shop/shops/seoul/jungnang-gu/중화동/프리미엄테라피/","False","True",""
"업체상세","shops/gyeonggi/gapyeong/가평읍/한국미인테라피/index.html","https://1004테라피.shop/shops/gyeonggi/gapyeong/가평읍/한국미인테라피/","False","True",""
"업체상세","shops/gyeonggi/gapyeong/가평읍/너무이쁜테라피/index.html","https://1004테라피.shop/shops/gyeonggi/gapyeong/가평읍/너무이쁜테라피/","False","True",""
"업체상세","shops/gyeonggi/gapyeong/가평읍/love테라피/index.html","https://1004테라피.shop/shops/gyeonggi/gapyeong/가평읍/love테라피/","False","True",""
"업체상세","shops/gyeonggi/gapyeong/가평읍/프리미엄테라피/index.html","https://1004테라피.shop/shops/gyeonggi/gapyeong/가평읍/프리미엄테라피/","False","True",""
"업체상세","shops/gyeonggi/gapyeong/북면/한국미인테라피/index.html","https://1004테라피.shop/shops/gyeonggi/gapyeong/북면/한국미인테라피/","False","True",""
"업체상세","shops/gyeonggi/gapyeong/북면/너무이쁜테라피/index.html","https://1004테라피.shop/shops/gyeonggi/gapyeong/북면/너무이쁜테라피/","False","True",""
"업체상세","shops/gyeonggi/gapyeong/북면/love테라피/index.html","https://1004테라피.shop/shops/gyeonggi/gapyeong/북면/love테라피/","False","True",""
"업체상세","shops/gyeonggi/gapyeong/북면/프리미엄테라피/index.html","https://1004테라피.shop/shops/gyeonggi/gapyeong/북면/프리미엄테라피/","False","True",""
"업체상세","shops/gyeonggi/gapyeong/상면/한국미인테라피/index.html","https://1004테라피.shop/shops/gyeonggi/gapyeong/상면/한국미인테라피/","False","True",""
"업체상세","shops/gyeonggi/gapyeong/상면/너무이쁜테라피/index.html","https://1004테라피.shop/shops/gyeonggi/gapyeong/상면/너무이쁜테라피/","False","True",""
"업체상세","shops/gyeonggi/gapyeong/상면/love테라피/index.html","https://1004테라피.shop/shops/gyeonggi/gapyeong/상면/love테라피/","False","True",""
"업체상세","shops/gyeonggi/gapyeong/상면/프리미엄테라피/index.html","https://1004테라피.shop/shops/gyeonggi/gapyeong/상면/프리미엄테라피/","False","True",""
"업체상세","shops/gyeonggi/gapyeong/설악면/한국미인테라피/index.html","https://1004테라피.shop/shops/gyeonggi/gapyeong/설악면/한국미인테라피/","False","True",""
"업체상세","shops/gyeonggi/gapyeong/설악면/너무이쁜테라피/index.html","https://1004테라피.shop/shops/gyeonggi/gapyeong/설악면/너무이쁜테라피/","False","True",""
"업체상세","shops/gyeonggi/gapyeong/설악면/love테라피/index.html","https://1004테라피.shop/shops/gyeonggi/gapyeong/설악면/love테라피/","False","True",""
"업체상세","shops/gyeonggi/gapyeong/설악면/프리미엄테라피/index.html","https://1004테라피.shop/shops/gyeonggi/gapyeong/설악면/프리미엄테라피/","False","True",""
"업체상세","shops/gyeonggi/gapyeong/조종면/한국미인테라피/index.html","https://1004테라피.shop/shops/gyeonggi/gapyeong/조종면/한국미인테라피/","False","True",""
"업체상세","shops/gyeonggi/gapyeong/조종면/너무이쁜테라피/index.html","https://1004테라피.shop/shops/gyeonggi/gapyeong/조종면/너무이쁜테라피/","False","True",""
"업체상세","shops/gyeonggi/gapyeong/조종면/love테라피/index.html","https://1004테라피.shop/shops/gyeonggi/gapyeong/조종면/love테라피/","False","True",""
"업체상세","shops/gyeonggi/gapyeong/조종면/프리미엄테라피/index.html","https://1004테라피.shop/shops/gyeonggi/gapyeong/조종면/프리미엄테라피/","False","True",""
"업체상세","shops/gyeonggi/gapyeong/청평면/한국미인테라피/index.html","https://1004테라피.shop/shops/gyeonggi/gapyeong/청평면/한국미인테라피/","False","True",""
"업체상세","shops/gyeonggi/gapyeong/청평면/너무이쁜테라피/index.html","https://1004테라피.shop/shops/gyeonggi/gapyeong/청평면/너무이쁜테라피/","False","True",""
"업체상세","shops/gyeonggi/gapyeong/청평면/love테라피/index.html","https://1004테라피.shop/shops/gyeonggi/gapyeong/청평면/love테라피/","False","True",""
"업체상세","shops/gyeonggi/gapyeong/청평면/프리미엄테라피/index.html","https://1004테라피.shop/shops/gyeonggi/gapyeong/청평면/프리미엄테라피/","False","True",""
"업체상세","shops/gyeonggi/goyang/일산동/한국미인테라피/index.html","https://1004테라피.shop/shops/gyeonggi/goyang/일산동/한국미인테라피/","False","True",""
"업체상세","shops/gyeonggi/goyang/일산동/너무이쁜테라피/index.html","https://1004테라피.shop/shops/gyeonggi/goyang/일산동/너무이쁜테라피/","False","True",""
"업체상세","shops/gyeonggi/goyang/일산동/love테라피/index.html","https://1004테라피.shop/shops/gyeonggi/goyang/일산동/love테라피/","False","True",""
"업체상세","shops/gyeonggi/goyang/일산동/프리미엄테라피/index.html","https://1004테라피.shop/shops/gyeonggi/goyang/일산동/프리미엄테라피/","False","True",""
"업체상세","shops/gyeonggi/goyang/deogyang-gu/고양동/한국미인테라피/index.html","https://1004테라피.shop/shops/gyeonggi/goyang/deogyang-gu/고양동/한국미인테라피/","False","True",""
"업체상세","shops/gyeonggi/goyang/deogyang-gu/고양동/너무이쁜테라피/index.html","https://1004테라피.shop/shops/gyeonggi/goyang/deogyang-gu/고양동/너무이쁜테라피/","False","True",""
"업체상세","shops/gyeonggi/goyang/deogyang-gu/고양동/love테라피/index.html","https://1004테라피.shop/shops/gyeonggi/goyang/deogyang-gu/고양동/love테라피/","False","True",""
"업체상세","shops/gyeonggi/goyang/deogyang-gu/고양동/프리미엄테라피/index.html","https://1004테라피.shop/shops/gyeonggi/goyang/deogyang-gu/고양동/프리미엄테라피/","False","True",""
"업체상세","shops/gyeonggi/goyang/deogyang-gu/관산동/한국미인테라피/index.html","https://1004테라피.shop/shops/gyeonggi/goyang/deogyang-gu/관산동/한국미인테라피/","False","True",""
"업체상세","shops/gyeonggi/goyang/deogyang-gu/관산동/너무이쁜테라피/index.html","https://1004테라피.shop/shops/gyeonggi/goyang/deogyang-gu/관산동/너무이쁜테라피/","False","True",""
"업체상세","shops/gyeonggi/goyang/deogyang-gu/관산동/love테라피/index.html","https://1004테라피.shop/shops/gyeonggi/goyang/deogyang-gu/관산동/love테라피/","False","True",""
"업체상세","shops/gyeonggi/goyang/deogyang-gu/관산동/프리미엄테라피/index.html","https://1004테라피.shop/shops/gyeonggi/goyang/deogyang-gu/관산동/프리미엄테라피/","False","True",""
"업체상세","shops/gyeonggi/goyang/deogyang-gu/능곡동/한국미인테라피/index.html","https://1004테라피.shop/shops/gyeonggi/goyang/deogyang-gu/능곡동/한국미인테라피/","False","True",""
"업체상세","shops/gyeonggi/goyang/deogyang-gu/능곡동/너무이쁜테라피/index.html","https://1004테라피.shop/shops/gyeonggi/goyang/deogyang-gu/능곡동/너무이쁜테라피/","False","True",""
"업체상세","shops/gyeonggi/goyang/deogyang-gu/능곡동/love테라피/index.html","https://1004테라피.shop/shops/gyeonggi/goyang/deogyang-gu/능곡동/love테라피/","False","True",""
"업체상세","shops/gyeonggi/goyang/deogyang-gu/능곡동/프리미엄테라피/index.html","https://1004테라피.shop/shops/gyeonggi/goyang/deogyang-gu/능곡동/프리미엄테라피/","False","True",""
"업체상세","shops/gyeonggi/goyang/deogyang-gu/대덕동/한국미인테라피/index.html","https://1004테라피.shop/shops/gyeonggi/goyang/deogyang-gu/대덕동/한국미인테라피/","False","True",""
"업체상세","shops/gyeonggi/goyang/deogyang-gu/대덕동/너무이쁜테라피/index.html","https://1004테라피.shop/shops/gyeonggi/goyang/deogyang-gu/대덕동/너무이쁜테라피/","False","True",""
"업체상세","shops/gyeonggi/goyang/deogyang-gu/대덕동/love테라피/index.html","https://1004테라피.shop/shops/gyeonggi/goyang/deogyang-gu/대덕동/love테라피/","False","True",""
"업체상세","shops/gyeonggi/goyang/deogyang-gu/대덕동/프리미엄테라피/index.html","https://1004테라피.shop/shops/gyeonggi/goyang/deogyang-gu/대덕동/프리미엄테라피/","False","True",""
"업체상세","shops/gyeonggi/goyang/deogyang-gu/삼송동/한국미인테라피/index.html","https://1004테라피.shop/shops/gyeonggi/goyang/deogyang-gu/삼송동/한국미인테라피/","False","True",""
"업체상세","shops/gyeonggi/goyang/deogyang-gu/삼송동/너무이쁜테라피/index.html","https://1004테라피.shop/shops/gyeonggi/goyang/deogyang-gu/삼송동/너무이쁜테라피/","False","True",""
"업체상세","shops/gyeonggi/goyang/deogyang-gu/삼송동/love테라피/index.html","https://1004테라피.shop/shops/gyeonggi/goyang/deogyang-gu/삼송동/love테라피/","False","True",""
"업체상세","shops/gyeonggi/goyang/deogyang-gu/삼송동/프리미엄테라피/index.html","https://1004테라피.shop/shops/gyeonggi/goyang/deogyang-gu/삼송동/프리미엄테라피/","False","True",""
"업체상세","shops/gyeonggi/goyang/deogyang-gu/성사동/한국미인테라피/index.html","https://1004테라피.shop/shops/gyeonggi/goyang/deogyang-gu/성사동/한국미인테라피/","False","True",""
"업체상세","shops/gyeonggi/goyang/deogyang-gu/성사동/너무이쁜테라피/index.html","https://1004테라피.shop/shops/gyeonggi/goyang/deogyang-gu/성사동/너무이쁜테라피/","False","True",""
"업체상세","shops/gyeonggi/goyang/deogyang-gu/성사동/love테라피/index.html","https://1004테라피.shop/shops/gyeonggi/goyang/deogyang-gu/성사동/love테라피/","False","True",""
"업체상세","shops/gyeonggi/goyang/deogyang-gu/성사동/프리미엄테라피/index.html","https://1004테라피.shop/shops/gyeonggi/goyang/deogyang-gu/성사동/프리미엄테라피/","False","True",""
"업체상세","shops/gyeonggi/goyang/deogyang-gu/원신동/한국미인테라피/index.html","https://1004테라피.shop/shops/gyeonggi/goyang/deogyang-gu/원신동/한국미인테라피/","False","True",""
"업체상세","shops/gyeonggi/goyang/deogyang-gu/원신동/너무이쁜테라피/index.html","https://1004테라피.shop/shops/gyeonggi/goyang/deogyang-gu/원신동/너무이쁜테라피/","False","True",""
"업체상세","shops/gyeonggi/goyang/deogyang-gu/원신동/love테라피/index.html","https://1004테라피.shop/shops/gyeonggi/goyang/deogyang-gu/원신동/love테라피/","False","True",""
"업체상세","shops/gyeonggi/goyang/deogyang-gu/원신동/프리미엄테라피/index.html","https://1004테라피.shop/shops/gyeonggi/goyang/deogyang-gu/원신동/프리미엄테라피/","False","True",""
"업체상세","shops/gyeonggi/goyang/deogyang-gu/주교동/한국미인테라피/index.html","https://1004테라피.shop/shops/gyeonggi/goyang/deogyang-gu/주교동/한국미인테라피/","False","True",""
"업체상세","shops/gyeonggi/goyang/deogyang-gu/주교동/너무이쁜테라피/index.html","https://1004테라피.shop/shops/gyeonggi/goyang/deogyang-gu/주교동/너무이쁜테라피/","False","True",""
"업체상세","shops/gyeonggi/goyang/deogyang-gu/주교동/love테라피/index.html","https://1004테라피.shop/shops/gyeonggi/goyang/deogyang-gu/주교동/love테라피/","False","True",""
"업체상세","shops/gyeonggi/goyang/deogyang-gu/주교동/프리미엄테라피/index.html","https://1004테라피.shop/shops/gyeonggi/goyang/deogyang-gu/주교동/프리미엄테라피/","False","True",""
"업체상세","shops/gyeonggi/goyang/deogyang-gu/창릉동/한국미인테라피/index.html","https://1004테라피.shop/shops/gyeonggi/goyang/deogyang-gu/창릉동/한국미인테라피/","False","True",""
"업체상세","shops/gyeonggi/goyang/deogyang-gu/창릉동/너무이쁜테라피/index.html","https://1004테라피.shop/shops/gyeonggi/goyang/deogyang-gu/창릉동/너무이쁜테라피/","False","True",""
"업체상세","shops/gyeonggi/goyang/deogyang-gu/창릉동/love테라피/index.html","https://1004테라피.shop/shops/gyeonggi/goyang/deogyang-gu/창릉동/love테라피/","False","True",""
"업체상세","shops/gyeonggi/goyang/deogyang-gu/창릉동/프리미엄테라피/index.html","https://1004테라피.shop/shops/gyeonggi/goyang/deogyang-gu/창릉동/프리미엄테라피/","False","True",""
"업체상세","shops/gyeonggi/goyang/deogyang-gu/행신동/한국미인테라피/index.html","https://1004테라피.shop/shops/gyeonggi/goyang/deogyang-gu/행신동/한국미인테라피/","False","True",""
"업체상세","shops/gyeonggi/goyang/deogyang-gu/행신동/너무이쁜테라피/index.html","https://1004테라피.shop/shops/gyeonggi/goyang/deogyang-gu/행신동/너무이쁜테라피/","False","True",""
"업체상세","shops/gyeonggi/goyang/deogyang-gu/행신동/love테라피/index.html","https://1004테라피.shop/shops/gyeonggi/goyang/deogyang-gu/행신동/love테라피/","False","True",""
"업체상세","shops/gyeonggi/goyang/deogyang-gu/행신동/프리미엄테라피/index.html","https://1004테라피.shop/shops/gyeonggi/goyang/deogyang-gu/행신동/프리미엄테라피/","False","True",""
"업체상세","shops/gyeonggi/goyang/deogyang-gu/행주동/한국미인테라피/index.html","https://1004테라피.shop/shops/gyeonggi/goyang/deogyang-gu/행주동/한국미인테라피/","False","True",""
"업체상세","shops/gyeonggi/goyang/deogyang-gu/행주동/너무이쁜테라피/index.html","https://1004테라피.shop/shops/gyeonggi/goyang/deogyang-gu/행주동/너무이쁜테라피/","False","True",""
"업체상세","shops/gyeonggi/goyang/deogyang-gu/행주동/love테라피/index.html","https://1004테라피.shop/shops/gyeonggi/goyang/deogyang-gu/행주동/love테라피/","False","True",""
"업체상세","shops/gyeonggi/goyang/deogyang-gu/행주동/프리미엄테라피/index.html","https://1004테라피.shop/shops/gyeonggi/goyang/deogyang-gu/행주동/프리미엄테라피/","False","True",""
"업체상세","shops/gyeonggi/goyang/deogyang-gu/화전동/한국미인테라피/index.html","https://1004테라피.shop/shops/gyeonggi/goyang/deogyang-gu/화전동/한국미인테라피/","False","True",""
"업체상세","shops/gyeonggi/goyang/deogyang-gu/화전동/너무이쁜테라피/index.html","https://1004테라피.shop/shops/gyeonggi/goyang/deogyang-gu/화전동/너무이쁜테라피/","False","True",""
"업체상세","shops/gyeonggi/goyang/deogyang-gu/화전동/love테라피/index.html","https://1004테라피.shop/shops/gyeonggi/goyang/deogyang-gu/화전동/love테라피/","False","True",""
"업체상세","shops/gyeonggi/goyang/deogyang-gu/화전동/프리미엄테라피/index.html","https://1004테라피.shop/shops/gyeonggi/goyang/deogyang-gu/화전동/프리미엄테라피/","False","True",""
"업체상세","shops/gyeonggi/goyang/deogyang-gu/화정동/한국미인테라피/index.html","https://1004테라피.shop/shops/gyeonggi/goyang/deogyang-gu/화정동/한국미인테라피/","False","True",""
"업체상세","shops/gyeonggi/goyang/deogyang-gu/화정동/너무이쁜테라피/index.html","https://1004테라피.shop/shops/gyeonggi/goyang/deogyang-gu/화정동/너무이쁜테라피/","False","True",""
"업체상세","shops/gyeonggi/goyang/deogyang-gu/화정동/love테라피/index.html","https://1004테라피.shop/shops/gyeonggi/goyang/deogyang-gu/화정동/love테라피/","False","True",""
"업체상세","shops/gyeonggi/goyang/deogyang-gu/화정동/프리미엄테라피/index.html","https://1004테라피.shop/shops/gyeonggi/goyang/deogyang-gu/화정동/프리미엄테라피/","False","True",""
"업체상세","shops/gyeonggi/goyang/deogyang-gu/효자동/한국미인테라피/index.html","https://1004테라피.shop/shops/gyeonggi/goyang/deogyang-gu/효자동/한국미인테라피/","False","True",""
"업체상세","shops/gyeonggi/goyang/deogyang-gu/효자동/너무이쁜테라피/index.html","https://1004테라피.shop/shops/gyeonggi/goyang/deogyang-gu/효자동/너무이쁜테라피/","False","True",""
"업체상세","shops/gyeonggi/goyang/deogyang-gu/효자동/love테라피/index.html","https://1004테라피.shop/shops/gyeonggi/goyang/deogyang-gu/효자동/love테라피/","False","True",""
"업체상세","shops/gyeonggi/goyang/deogyang-gu/효자동/프리미엄테라피/index.html","https://1004테라피.shop/shops/gyeonggi/goyang/deogyang-gu/효자동/프리미엄테라피/","False","True",""
"업체상세","shops/gyeonggi/goyang/deogyang-gu/흥도동/한국미인테라피/index.html","https://1004테라피.shop/shops/gyeonggi/goyang/deogyang-gu/흥도동/한국미인테라피/","False","True",""
"업체상세","shops/gyeonggi/goyang/deogyang-gu/흥도동/너무이쁜테라피/index.html","https://1004테라피.shop/shops/gyeonggi/goyang/deogyang-gu/흥도동/너무이쁜테라피/","False","True",""
"업체상세","shops/gyeonggi/goyang/deogyang-gu/흥도동/love테라피/index.html","https://1004테라피.shop/shops/gyeonggi/goyang/deogyang-gu/흥도동/love테라피/","False","True",""
"업체상세","shops/gyeonggi/goyang/deogyang-gu/흥도동/프리미엄테라피/index.html","https://1004테라피.shop/shops/gyeonggi/goyang/deogyang-gu/흥도동/프리미엄테라피/","False","True",""
"업체상세","shops/gyeonggi/goyang/ilsandong-gu/고봉동/한국미인테라피/index.html","https://1004테라피.shop/shops/gyeonggi/goyang/ilsandong-gu/고봉동/한국미인테라피/","False","True",""
"업체상세","shops/gyeonggi/goyang/ilsandong-gu/고봉동/너무이쁜테라피/index.html","https://1004테라피.shop/shops/gyeonggi/goyang/ilsandong-gu/고봉동/너무이쁜테라피/","False","True",""
"업체상세","shops/gyeonggi/goyang/ilsandong-gu/고봉동/love테라피/index.html","https://1004테라피.shop/shops/gyeonggi/goyang/ilsandong-gu/고봉동/love테라피/","False","True",""
"업체상세","shops/gyeonggi/goyang/ilsandong-gu/고봉동/프리미엄테라피/index.html","https://1004테라피.shop/shops/gyeonggi/goyang/ilsandong-gu/고봉동/프리미엄테라피/","False","True",""
"업체상세","shops/gyeonggi/goyang/ilsandong-gu/마두동/한국미인테라피/index.html","https://1004테라피.shop/shops/gyeonggi/goyang/ilsandong-gu/마두동/한국미인테라피/","False","True",""
"업체상세","shops/gyeonggi/goyang/ilsandong-gu/마두동/너무이쁜테라피/index.html","https://1004테라피.shop/shops/gyeonggi/goyang/ilsandong-gu/마두동/너무이쁜테라피/","False","True",""
"업체상세","shops/gyeonggi/goyang/ilsandong-gu/마두동/love테라피/index.html","https://1004테라피.shop/shops/gyeonggi/goyang/ilsandong-gu/마두동/love테라피/","False","True",""
"업체상세","shops/gyeonggi/goyang/ilsandong-gu/마두동/프리미엄테라피/index.html","https://1004테라피.shop/shops/gyeonggi/goyang/ilsandong-gu/마두동/프리미엄테라피/","False","True",""
"업체상세","shops/gyeonggi/goyang/ilsandong-gu/백석동/한국미인테라피/index.html","https://1004테라피.shop/shops/gyeonggi/goyang/ilsandong-gu/백석동/한국미인테라피/","False","True",""
"업체상세","shops/gyeonggi/goyang/ilsandong-gu/백석동/너무이쁜테라피/index.html","https://1004테라피.shop/shops/gyeonggi/goyang/ilsandong-gu/백석동/너무이쁜테라피/","False","True",""
"업체상세","shops/gyeonggi/goyang/ilsandong-gu/백석동/love테라피/index.html","https://1004테라피.shop/shops/gyeonggi/goyang/ilsandong-gu/백석동/love테라피/","False","True",""
"업체상세","shops/gyeonggi/goyang/ilsandong-gu/백석동/프리미엄테라피/index.html","https://1004테라피.shop/shops/gyeonggi/goyang/ilsandong-gu/백석동/프리미엄테라피/","False","True",""
"업체상세","shops/gyeonggi/goyang/ilsandong-gu/식사동/한국미인테라피/index.html","https://1004테라피.shop/shops/gyeonggi/goyang/ilsandong-gu/식사동/한국미인테라피/","False","True",""
"업체상세","shops/gyeonggi/goyang/ilsandong-gu/식사동/너무이쁜테라피/index.html","https://1004테라피.shop/shops/gyeonggi/goyang/ilsandong-gu/식사동/너무이쁜테라피/","False","True",""
"업체상세","shops/gyeonggi/goyang/ilsandong-gu/식사동/love테라피/index.html","https://1004테라피.shop/shops/gyeonggi/goyang/ilsandong-gu/식사동/love테라피/","False","True",""
"업체상세","shops/gyeonggi/goyang/ilsandong-gu/식사동/프리미엄테라피/index.html","https://1004테라피.shop/shops/gyeonggi/goyang/ilsandong-gu/식사동/프리미엄테라피/","False","True",""
"업체상세","shops/gyeonggi/goyang/ilsandong-gu/장항동/한국미인테라피/index.html","https://1004테라피.shop/shops/gyeonggi/goyang/ilsandong-gu/장항동/한국미인테라피/","False","True",""
"업체상세","shops/gyeonggi/goyang/ilsandong-gu/장항동/너무이쁜테라피/index.html","https://1004테라피.shop/shops/gyeonggi/goyang/ilsandong-gu/장항동/너무이쁜테라피/","False","True",""
"업체상세","shops/gyeonggi/goyang/ilsandong-gu/장항동/love테라피/index.html","https://1004테라피.shop/shops/gyeonggi/goyang/ilsandong-gu/장항동/love테라피/","False","True",""
"업체상세","shops/gyeonggi/goyang/ilsandong-gu/장항동/프리미엄테라피/index.html","https://1004테라피.shop/shops/gyeonggi/goyang/ilsandong-gu/장항동/프리미엄테라피/","False","True",""
"업체상세","shops/gyeonggi/goyang/ilsandong-gu/정발산동/한국미인테라피/index.html","https://1004테라피.shop/shops/gyeonggi/goyang/ilsandong-gu/정발산동/한국미인테라피/","False","True",""
"업체상세","shops/gyeonggi/goyang/ilsandong-gu/정발산동/너무이쁜테라피/index.html","https://1004테라피.shop/shops/gyeonggi/goyang/ilsandong-gu/정발산동/너무이쁜테라피/","False","True",""
"업체상세","shops/gyeonggi/goyang/ilsandong-gu/정발산동/love테라피/index.html","https://1004테라피.shop/shops/gyeonggi/goyang/ilsandong-gu/정발산동/love테라피/","False","True",""
"업체상세","shops/gyeonggi/goyang/ilsandong-gu/정발산동/프리미엄테라피/index.html","https://1004테라피.shop/shops/gyeonggi/goyang/ilsandong-gu/정발산동/프리미엄테라피/","False","True",""
"업체상세","shops/gyeonggi/goyang/ilsandong-gu/중산동/한국미인테라피/index.html","https://1004테라피.shop/shops/gyeonggi/goyang/ilsandong-gu/중산동/한국미인테라피/","False","True",""
"업체상세","shops/gyeonggi/goyang/ilsandong-gu/중산동/너무이쁜테라피/index.html","https://1004테라피.shop/shops/gyeonggi/goyang/ilsandong-gu/중산동/너무이쁜테라피/","False","True",""
"업체상세","shops/gyeonggi/goyang/ilsandong-gu/중산동/love테라피/index.html","https://1004테라피.shop/shops/gyeonggi/goyang/ilsandong-gu/중산동/love테라피/","False","True",""
"업체상세","shops/gyeonggi/goyang/ilsandong-gu/중산동/프리미엄테라피/index.html","https://1004테라피.shop/shops/gyeonggi/goyang/ilsandong-gu/중산동/프리미엄테라피/","False","True",""
"업체상세","shops/gyeonggi/goyang/ilsandong-gu/풍산동/한국미인테라피/index.html","https://1004테라피.shop/shops/gyeonggi/goyang/ilsandong-gu/풍산동/한국미인테라피/","False","True",""
"업체상세","shops/gyeonggi/goyang/ilsandong-gu/풍산동/너무이쁜테라피/index.html","https://1004테라피.shop/shops/gyeonggi/goyang/ilsandong-gu/풍산동/너무이쁜테라피/","False","True",""
"업체상세","shops/gyeonggi/goyang/ilsandong-gu/풍산동/love테라피/index.html","https://1004테라피.shop/shops/gyeonggi/goyang/ilsandong-gu/풍산동/love테라피/","False","True",""
"업체상세","shops/gyeonggi/goyang/ilsandong-gu/풍산동/프리미엄테라피/index.html","https://1004테라피.shop/shops/gyeonggi/goyang/ilsandong-gu/풍산동/프리미엄테라피/","False","True",""
"업체상세","shops/gyeonggi/goyang/ilsanseo-gu/가좌동/한국미인테라피/index.html","https://1004테라피.shop/shops/gyeonggi/goyang/ilsanseo-gu/가좌동/한국미인테라피/","False","True",""
"업체상세","shops/gyeonggi/goyang/ilsanseo-gu/가좌동/너무이쁜테라피/index.html","https://1004테라피.shop/shops/gyeonggi/goyang/ilsanseo-gu/가좌동/너무이쁜테라피/","False","True",""
"업체상세","shops/gyeonggi/goyang/ilsanseo-gu/가좌동/love테라피/index.html","https://1004테라피.shop/shops/gyeonggi/goyang/ilsanseo-gu/가좌동/love테라피/","False","True",""
"업체상세","shops/gyeonggi/goyang/ilsanseo-gu/가좌동/프리미엄테라피/index.html","https://1004테라피.shop/shops/gyeonggi/goyang/ilsanseo-gu/가좌동/프리미엄테라피/","False","True",""
"업체상세","shops/gyeonggi/goyang/ilsanseo-gu/대화동/한국미인테라피/index.html","https://1004테라피.shop/shops/gyeonggi/goyang/ilsanseo-gu/대화동/한국미인테라피/","False","True",""
"업체상세","shops/gyeonggi/goyang/ilsanseo-gu/대화동/너무이쁜테라피/index.html","https://1004테라피.shop/shops/gyeonggi/goyang/ilsanseo-gu/대화동/너무이쁜테라피/","False","True",""
"업체상세","shops/gyeonggi/goyang/ilsanseo-gu/대화동/love테라피/index.html","https://1004테라피.shop/shops/gyeonggi/goyang/ilsanseo-gu/대화동/love테라피/","False","True",""
"업체상세","shops/gyeonggi/goyang/ilsanseo-gu/대화동/프리미엄테라피/index.html","https://1004테라피.shop/shops/gyeonggi/goyang/ilsanseo-gu/대화동/프리미엄테라피/","False","True",""
"업체상세","shops/gyeonggi/goyang/ilsanseo-gu/덕이동/한국미인테라피/index.html","https://1004테라피.shop/shops/gyeonggi/goyang/ilsanseo-gu/덕이동/한국미인테라피/","False","True",""
"업체상세","shops/gyeonggi/goyang/ilsanseo-gu/덕이동/너무이쁜테라피/index.html","https://1004테라피.shop/shops/gyeonggi/goyang/ilsanseo-gu/덕이동/너무이쁜테라피/","False","True",""
"업체상세","shops/gyeonggi/goyang/ilsanseo-gu/덕이동/love테라피/index.html","https://1004테라피.shop/shops/gyeonggi/goyang/ilsanseo-gu/덕이동/love테라피/","False","True",""
"업체상세","shops/gyeonggi/goyang/ilsanseo-gu/덕이동/프리미엄테라피/index.html","https://1004테라피.shop/shops/gyeonggi/goyang/ilsanseo-gu/덕이동/프리미엄테라피/","False","True",""
"업체상세","shops/gyeonggi/goyang/ilsanseo-gu/송포동/한국미인테라피/index.html","https://1004테라피.shop/shops/gyeonggi/goyang/ilsanseo-gu/송포동/한국미인테라피/","False","True",""
"업체상세","shops/gyeonggi/goyang/ilsanseo-gu/송포동/너무이쁜테라피/index.html","https://1004테라피.shop/shops/gyeonggi/goyang/ilsanseo-gu/송포동/너무이쁜테라피/","False","True",""
"업체상세","shops/gyeonggi/goyang/ilsanseo-gu/송포동/love테라피/index.html","https://1004테라피.shop/shops/gyeonggi/goyang/ilsanseo-gu/송포동/love테라피/","False","True",""
"업체상세","shops/gyeonggi/goyang/ilsanseo-gu/송포동/프리미엄테라피/index.html","https://1004테라피.shop/shops/gyeonggi/goyang/ilsanseo-gu/송포동/프리미엄테라피/","False","True",""
"업체상세","shops/gyeonggi/goyang/ilsanseo-gu/일산동/한국미인테라피/index.html","https://1004테라피.shop/shops/gyeonggi/goyang/ilsanseo-gu/일산동/한국미인테라피/","False","True",""
"업체상세","shops/gyeonggi/goyang/ilsanseo-gu/일산동/너무이쁜테라피/index.html","https://1004테라피.shop/shops/gyeonggi/goyang/ilsanseo-gu/일산동/너무이쁜테라피/","False","True",""
"업체상세","shops/gyeonggi/goyang/ilsanseo-gu/일산동/love테라피/index.html","https://1004테라피.shop/shops/gyeonggi/goyang/ilsanseo-gu/일산동/love테라피/","False","True",""
"업체상세","shops/gyeonggi/goyang/ilsanseo-gu/일산동/프리미엄테라피/index.html","https://1004테라피.shop/shops/gyeonggi/goyang/ilsanseo-gu/일산동/프리미엄테라피/","False","True",""
"업체상세","shops/gyeonggi/goyang/ilsanseo-gu/주엽동/한국미인테라피/index.html","https://1004테라피.shop/shops/gyeonggi/goyang/ilsanseo-gu/주엽동/한국미인테라피/","False","True",""
"업체상세","shops/gyeonggi/goyang/ilsanseo-gu/주엽동/너무이쁜테라피/index.html","https://1004테라피.shop/shops/gyeonggi/goyang/ilsanseo-gu/주엽동/너무이쁜테라피/","False","True",""
"업체상세","shops/gyeonggi/goyang/ilsanseo-gu/주엽동/love테라피/index.html","https://1004테라피.shop/shops/gyeonggi/goyang/ilsanseo-gu/주엽동/love테라피/","False","True",""
"업체상세","shops/gyeonggi/goyang/ilsanseo-gu/주엽동/프리미엄테라피/index.html","https://1004테라피.shop/shops/gyeonggi/goyang/ilsanseo-gu/주엽동/프리미엄테라피/","False","True",""
"업체상세","shops/gyeonggi/goyang/ilsanseo-gu/탄현동/한국미인테라피/index.html","https://1004테라피.shop/shops/gyeonggi/goyang/ilsanseo-gu/탄현동/한국미인테라피/","False","True",""
"업체상세","shops/gyeonggi/goyang/ilsanseo-gu/탄현동/너무이쁜테라피/index.html","https://1004테라피.shop/shops/gyeonggi/goyang/ilsanseo-gu/탄현동/너무이쁜테라피/","False","True",""
"업체상세","shops/gyeonggi/goyang/ilsanseo-gu/탄현동/love테라피/index.html","https://1004테라피.shop/shops/gyeonggi/goyang/ilsanseo-gu/탄현동/love테라피/","False","True",""
"업체상세","shops/gyeonggi/goyang/ilsanseo-gu/탄현동/프리미엄테라피/index.html","https://1004테라피.shop/shops/gyeonggi/goyang/ilsanseo-gu/탄현동/프리미엄테라피/","False","True",""
"업체상세","shops/gyeonggi/gwacheon/갈현동/한국미인테라피/index.html","https://1004테라피.shop/shops/gyeonggi/gwacheon/갈현동/한국미인테라피/","False","True",""
"업체상세","shops/gyeonggi/gwacheon/갈현동/너무이쁜테라피/index.html","https://1004테라피.shop/shops/gyeonggi/gwacheon/갈현동/너무이쁜테라피/","False","True",""
"업체상세","shops/gyeonggi/gwacheon/갈현동/love테라피/index.html","https://1004테라피.shop/shops/gyeonggi/gwacheon/갈현동/love테라피/","False","True",""
"업체상세","shops/gyeonggi/gwacheon/갈현동/프리미엄테라피/index.html","https://1004테라피.shop/shops/gyeonggi/gwacheon/갈현동/프리미엄테라피/","False","True",""
"업체상세","shops/gyeonggi/gwacheon/과천동/한국미인테라피/index.html","https://1004테라피.shop/shops/gyeonggi/gwacheon/과천동/한국미인테라피/","False","True",""
"업체상세","shops/gyeonggi/gwacheon/과천동/너무이쁜테라피/index.html","https://1004테라피.shop/shops/gyeonggi/gwacheon/과천동/너무이쁜테라피/","False","True",""
"업체상세","shops/gyeonggi/gwacheon/과천동/love테라피/index.html","https://1004테라피.shop/shops/gyeonggi/gwacheon/과천동/love테라피/","False","True",""
"업체상세","shops/gyeonggi/gwacheon/과천동/프리미엄테라피/index.html","https://1004테라피.shop/shops/gyeonggi/gwacheon/과천동/프리미엄테라피/","False","True",""
"업체상세","shops/gyeonggi/gwacheon/문원동/한국미인테라피/index.html","https://1004테라피.shop/shops/gyeonggi/gwacheon/문원동/한국미인테라피/","False","True",""
"업체상세","shops/gyeonggi/gwacheon/문원동/너무이쁜테라피/index.html","https://1004테라피.shop/shops/gyeonggi/gwacheon/문원동/너무이쁜테라피/","False","True",""
"업체상세","shops/gyeonggi/gwacheon/문원동/love테라피/index.html","https://1004테라피.shop/shops/gyeonggi/gwacheon/문원동/love테라피/","False","True",""
"업체상세","shops/gyeonggi/gwacheon/문원동/프리미엄테라피/index.html","https://1004테라피.shop/shops/gyeonggi/gwacheon/문원동/프리미엄테라피/","False","True",""
"업체상세","shops/gyeonggi/gwacheon/별양동/한국미인테라피/index.html","https://1004테라피.shop/shops/gyeonggi/gwacheon/별양동/한국미인테라피/","False","True",""
"업체상세","shops/gyeonggi/gwacheon/별양동/너무이쁜테라피/index.html","https://1004테라피.shop/shops/gyeonggi/gwacheon/별양동/너무이쁜테라피/","False","True",""
"업체상세","shops/gyeonggi/gwacheon/별양동/love테라피/index.html","https://1004테라피.shop/shops/gyeonggi/gwacheon/별양동/love테라피/","False","True",""
"업체상세","shops/gyeonggi/gwacheon/별양동/프리미엄테라피/index.html","https://1004테라피.shop/shops/gyeonggi/gwacheon/별양동/프리미엄테라피/","False","True",""
"업체상세","shops/gyeonggi/gwacheon/부림동/한국미인테라피/index.html","https://1004테라피.shop/shops/gyeonggi/gwacheon/부림동/한국미인테라피/","False","True",""
"업체상세","shops/gyeonggi/gwacheon/부림동/너무이쁜테라피/index.html","https://1004테라피.shop/shops/gyeonggi/gwacheon/부림동/너무이쁜테라피/","False","True",""
"업체상세","shops/gyeonggi/gwacheon/부림동/love테라피/index.html","https://1004테라피.shop/shops/gyeonggi/gwacheon/부림동/love테라피/","False","True",""
"업체상세","shops/gyeonggi/gwacheon/부림동/프리미엄테라피/index.html","https://1004테라피.shop/shops/gyeonggi/gwacheon/부림동/프리미엄테라피/","False","True",""
"업체상세","shops/gyeonggi/gwacheon/원문동/한국미인테라피/index.html","https://1004테라피.shop/shops/gyeonggi/gwacheon/원문동/한국미인테라피/","False","True",""
"업체상세","shops/gyeonggi/gwacheon/원문동/너무이쁜테라피/index.html","https://1004테라피.shop/shops/gyeonggi/gwacheon/원문동/너무이쁜테라피/","False","True",""
"업체상세","shops/gyeonggi/gwacheon/원문동/love테라피/index.html","https://1004테라피.shop/shops/gyeonggi/gwacheon/원문동/love테라피/","False","True",""
"업체상세","shops/gyeonggi/gwacheon/원문동/프리미엄테라피/index.html","https://1004테라피.shop/shops/gyeonggi/gwacheon/원문동/프리미엄테라피/","False","True",""
"업체상세","shops/gyeonggi/gwacheon/중앙동/한국미인테라피/index.html","https://1004테라피.shop/shops/gyeonggi/gwacheon/중앙동/한국미인테라피/","False","True",""
"업체상세","shops/gyeonggi/gwacheon/중앙동/너무이쁜테라피/index.html","https://1004테라피.shop/shops/gyeonggi/gwacheon/중앙동/너무이쁜테라피/","False","True",""
"업체상세","shops/gyeonggi/gwacheon/중앙동/love테라피/index.html","https://1004테라피.shop/shops/gyeonggi/gwacheon/중앙동/love테라피/","False","True",""
"업체상세","shops/gyeonggi/gwacheon/중앙동/프리미엄테라피/index.html","https://1004테라피.shop/shops/gyeonggi/gwacheon/중앙동/프리미엄테라피/","False","True",""
"업체상세","shops/gyeonggi/gwangmyeong/광명동/한국미인테라피/index.html","https://1004테라피.shop/shops/gyeonggi/gwangmyeong/광명동/한국미인테라피/","False","True",""
"업체상세","shops/gyeonggi/gwangmyeong/광명동/너무이쁜테라피/index.html","https://1004테라피.shop/shops/gyeonggi/gwangmyeong/광명동/너무이쁜테라피/","False","True",""
"업체상세","shops/gyeonggi/gwangmyeong/광명동/love테라피/index.html","https://1004테라피.shop/shops/gyeonggi/gwangmyeong/광명동/love테라피/","False","True",""
"업체상세","shops/gyeonggi/gwangmyeong/광명동/프리미엄테라피/index.html","https://1004테라피.shop/shops/gyeonggi/gwangmyeong/광명동/프리미엄테라피/","False","True",""
"업체상세","shops/gyeonggi/gwangmyeong/소하동/한국미인테라피/index.html","https://1004테라피.shop/shops/gyeonggi/gwangmyeong/소하동/한국미인테라피/","False","True",""
"업체상세","shops/gyeonggi/gwangmyeong/소하동/너무이쁜테라피/index.html","https://1004테라피.shop/shops/gyeonggi/gwangmyeong/소하동/너무이쁜테라피/","False","True",""
"업체상세","shops/gyeonggi/gwangmyeong/소하동/love테라피/index.html","https://1004테라피.shop/shops/gyeonggi/gwangmyeong/소하동/love테라피/","False","True",""
"업체상세","shops/gyeonggi/gwangmyeong/소하동/프리미엄테라피/index.html","https://1004테라피.shop/shops/gyeonggi/gwangmyeong/소하동/프리미엄테라피/","False","True",""
"업체상세","shops/gyeonggi/gwangmyeong/일직동/한국미인테라피/index.html","https://1004테라피.shop/shops/gyeonggi/gwangmyeong/일직동/한국미인테라피/","False","True",""
"업체상세","shops/gyeonggi/gwangmyeong/일직동/너무이쁜테라피/index.html","https://1004테라피.shop/shops/gyeonggi/gwangmyeong/일직동/너무이쁜테라피/","False","True",""
"업체상세","shops/gyeonggi/gwangmyeong/일직동/love테라피/index.html","https://1004테라피.shop/shops/gyeonggi/gwangmyeong/일직동/love테라피/","False","True",""
"업체상세","shops/gyeonggi/gwangmyeong/일직동/프리미엄테라피/index.html","https://1004테라피.shop/shops/gyeonggi/gwangmyeong/일직동/프리미엄테라피/","False","True",""
"업체상세","shops/gyeonggi/gwangmyeong/철산동/한국미인테라피/index.html","https://1004테라피.shop/shops/gyeonggi/gwangmyeong/철산동/한국미인테라피/","False","True",""
"업체상세","shops/gyeonggi/gwangmyeong/철산동/너무이쁜테라피/index.html","https://1004테라피.shop/shops/gyeonggi/gwangmyeong/철산동/너무이쁜테라피/","False","True",""
"업체상세","shops/gyeonggi/gwangmyeong/철산동/love테라피/index.html","https://1004테라피.shop/shops/gyeonggi/gwangmyeong/철산동/love테라피/","False","True",""
"업체상세","shops/gyeonggi/gwangmyeong/철산동/프리미엄테라피/index.html","https://1004테라피.shop/shops/gyeonggi/gwangmyeong/철산동/프리미엄테라피/","False","True",""
"업체상세","shops/gyeonggi/gwangmyeong/하안동/한국미인테라피/index.html","https://1004테라피.shop/shops/gyeonggi/gwangmyeong/하안동/한국미인테라피/","False","True",""
"업체상세","shops/gyeonggi/gwangmyeong/하안동/너무이쁜테라피/index.html","https://1004테라피.shop/shops/gyeonggi/gwangmyeong/하안동/너무이쁜테라피/","False","True",""
"업체상세","shops/gyeonggi/gwangmyeong/하안동/love테라피/index.html","https://1004테라피.shop/shops/gyeonggi/gwangmyeong/하안동/love테라피/","False","True",""
"업체상세","shops/gyeonggi/gwangmyeong/하안동/프리미엄테라피/index.html","https://1004테라피.shop/shops/gyeonggi/gwangmyeong/하안동/프리미엄테라피/","False","True",""
"업체상세","shops/gyeonggi/gwangmyeong/학온동/한국미인테라피/index.html","https://1004테라피.shop/shops/gyeonggi/gwangmyeong/학온동/한국미인테라피/","False","True",""
"업체상세","shops/gyeonggi/gwangmyeong/학온동/너무이쁜테라피/index.html","https://1004테라피.shop/shops/gyeonggi/gwangmyeong/학온동/너무이쁜테라피/","False","True",""
"업체상세","shops/gyeonggi/gwangmyeong/학온동/love테라피/index.html","https://1004테라피.shop/shops/gyeonggi/gwangmyeong/학온동/love테라피/","False","True",""
"업체상세","shops/gyeonggi/gwangmyeong/학온동/프리미엄테라피/index.html","https://1004테라피.shop/shops/gyeonggi/gwangmyeong/학온동/프리미엄테라피/","False","True",""
"업체상세","shops/gyeonggi/gwangju-gyeonggi/경안동/한국미인테라피/index.html","https://1004테라피.shop/shops/gyeonggi/gwangju-gyeonggi/경안동/한국미인테라피/","False","True",""
"업체상세","shops/gyeonggi/gwangju-gyeonggi/경안동/너무이쁜테라피/index.html","https://1004테라피.shop/shops/gyeonggi/gwangju-gyeonggi/경안동/너무이쁜테라피/","False","True",""
"업체상세","shops/gyeonggi/gwangju-gyeonggi/경안동/love테라피/index.html","https://1004테라피.shop/shops/gyeonggi/gwangju-gyeonggi/경안동/love테라피/","False","True",""
"업체상세","shops/gyeonggi/gwangju-gyeonggi/경안동/프리미엄테라피/index.html","https://1004테라피.shop/shops/gyeonggi/gwangju-gyeonggi/경안동/프리미엄테라피/","False","True",""
"업체상세","shops/gyeonggi/gwangju-gyeonggi/곤지암읍/한국미인테라피/index.html","https://1004테라피.shop/shops/gyeonggi/gwangju-gyeonggi/곤지암읍/한국미인테라피/","False","True",""
"업체상세","shops/gyeonggi/gwangju-gyeonggi/곤지암읍/너무이쁜테라피/index.html","https://1004테라피.shop/shops/gyeonggi/gwangju-gyeonggi/곤지암읍/너무이쁜테라피/","False","True",""
"업체상세","shops/gyeonggi/gwangju-gyeonggi/곤지암읍/love테라피/index.html","https://1004테라피.shop/shops/gyeonggi/gwangju-gyeonggi/곤지암읍/love테라피/","False","True",""
"업체상세","shops/gyeonggi/gwangju-gyeonggi/곤지암읍/프리미엄테라피/index.html","https://1004테라피.shop/shops/gyeonggi/gwangju-gyeonggi/곤지암읍/프리미엄테라피/","False","True",""
"업체상세","shops/gyeonggi/gwangju-gyeonggi/광남동/한국미인테라피/index.html","https://1004테라피.shop/shops/gyeonggi/gwangju-gyeonggi/광남동/한국미인테라피/","False","True",""
"업체상세","shops/gyeonggi/gwangju-gyeonggi/광남동/너무이쁜테라피/index.html","https://1004테라피.shop/shops/gyeonggi/gwangju-gyeonggi/광남동/너무이쁜테라피/","False","True",""
"업체상세","shops/gyeonggi/gwangju-gyeonggi/광남동/love테라피/index.html","https://1004테라피.shop/shops/gyeonggi/gwangju-gyeonggi/광남동/love테라피/","False","True",""
"업체상세","shops/gyeonggi/gwangju-gyeonggi/광남동/프리미엄테라피/index.html","https://1004테라피.shop/shops/gyeonggi/gwangju-gyeonggi/광남동/프리미엄테라피/","False","True",""
"업체상세","shops/gyeonggi/gwangju-gyeonggi/남종면/한국미인테라피/index.html","https://1004테라피.shop/shops/gyeonggi/gwangju-gyeonggi/남종면/한국미인테라피/","False","True",""
"업체상세","shops/gyeonggi/gwangju-gyeonggi/남종면/너무이쁜테라피/index.html","https://1004테라피.shop/shops/gyeonggi/gwangju-gyeonggi/남종면/너무이쁜테라피/","False","True",""
"업체상세","shops/gyeonggi/gwangju-gyeonggi/남종면/love테라피/index.html","https://1004테라피.shop/shops/gyeonggi/gwangju-gyeonggi/남종면/love테라피/","False","True",""
"업체상세","shops/gyeonggi/gwangju-gyeonggi/남종면/프리미엄테라피/index.html","https://1004테라피.shop/shops/gyeonggi/gwangju-gyeonggi/남종면/프리미엄테라피/","False","True",""
"업체상세","shops/gyeonggi/gwangju-gyeonggi/남한산성면/한국미인테라피/index.html","https://1004테라피.shop/shops/gyeonggi/gwangju-gyeonggi/남한산성면/한국미인테라피/","False","True",""
"업체상세","shops/gyeonggi/gwangju-gyeonggi/남한산성면/너무이쁜테라피/index.html","https://1004테라피.shop/shops/gyeonggi/gwangju-gyeonggi/남한산성면/너무이쁜테라피/","False","True",""
"업체상세","shops/gyeonggi/gwangju-gyeonggi/남한산성면/love테라피/index.html","https://1004테라피.shop/shops/gyeonggi/gwangju-gyeonggi/남한산성면/love테라피/","False","True",""
"업체상세","shops/gyeonggi/gwangju-gyeonggi/남한산성면/프리미엄테라피/index.html","https://1004테라피.shop/shops/gyeonggi/gwangju-gyeonggi/남한산성면/프리미엄테라피/","False","True",""
"업체상세","shops/gyeonggi/gwangju-gyeonggi/능평동/한국미인테라피/index.html","https://1004테라피.shop/shops/gyeonggi/gwangju-gyeonggi/능평동/한국미인테라피/","False","True",""
"업체상세","shops/gyeonggi/gwangju-gyeonggi/능평동/너무이쁜테라피/index.html","https://1004테라피.shop/shops/gyeonggi/gwangju-gyeonggi/능평동/너무이쁜테라피/","False","True",""
"업체상세","shops/gyeonggi/gwangju-gyeonggi/능평동/love테라피/index.html","https://1004테라피.shop/shops/gyeonggi/gwangju-gyeonggi/능평동/love테라피/","False","True",""
"업체상세","shops/gyeonggi/gwangju-gyeonggi/능평동/프리미엄테라피/index.html","https://1004테라피.shop/shops/gyeonggi/gwangju-gyeonggi/능평동/프리미엄테라피/","False","True",""
"업체상세","shops/gyeonggi/gwangju-gyeonggi/도척면/한국미인테라피/index.html","https://1004테라피.shop/shops/gyeonggi/gwangju-gyeonggi/도척면/한국미인테라피/","False","True",""
"업체상세","shops/gyeonggi/gwangju-gyeonggi/도척면/너무이쁜테라피/index.html","https://1004테라피.shop/shops/gyeonggi/gwangju-gyeonggi/도척면/너무이쁜테라피/","False","True",""
"업체상세","shops/gyeonggi/gwangju-gyeonggi/도척면/love테라피/index.html","https://1004테라피.shop/shops/gyeonggi/gwangju-gyeonggi/도척면/love테라피/","False","True",""
"업체상세","shops/gyeonggi/gwangju-gyeonggi/도척면/프리미엄테라피/index.html","https://1004테라피.shop/shops/gyeonggi/gwangju-gyeonggi/도척면/프리미엄테라피/","False","True",""
"업체상세","shops/gyeonggi/gwangju-gyeonggi/송정동/한국미인테라피/index.html","https://1004테라피.shop/shops/gyeonggi/gwangju-gyeonggi/송정동/한국미인테라피/","False","True",""
"업체상세","shops/gyeonggi/gwangju-gyeonggi/송정동/너무이쁜테라피/index.html","https://1004테라피.shop/shops/gyeonggi/gwangju-gyeonggi/송정동/너무이쁜테라피/","False","True",""
"업체상세","shops/gyeonggi/gwangju-gyeonggi/송정동/love테라피/index.html","https://1004테라피.shop/shops/gyeonggi/gwangju-gyeonggi/송정동/love테라피/","False","True",""
"업체상세","shops/gyeonggi/gwangju-gyeonggi/송정동/프리미엄테라피/index.html","https://1004테라피.shop/shops/gyeonggi/gwangju-gyeonggi/송정동/프리미엄테라피/","False","True",""
"업체상세","shops/gyeonggi/gwangju-gyeonggi/신현동/한국미인테라피/index.html","https://1004테라피.shop/shops/gyeonggi/gwangju-gyeonggi/신현동/한국미인테라피/","False","True",""
"업체상세","shops/gyeonggi/gwangju-gyeonggi/신현동/너무이쁜테라피/index.html","https://1004테라피.shop/shops/gyeonggi/gwangju-gyeonggi/신현동/너무이쁜테라피/","False","True",""
"업체상세","shops/gyeonggi/gwangju-gyeonggi/신현동/love테라피/index.html","https://1004테라피.shop/shops/gyeonggi/gwangju-gyeonggi/신현동/love테라피/","False","True",""
"업체상세","shops/gyeonggi/gwangju-gyeonggi/신현동/프리미엄테라피/index.html","https://1004테라피.shop/shops/gyeonggi/gwangju-gyeonggi/신현동/프리미엄테라피/","False","True",""
"업체상세","shops/gyeonggi/gwangju-gyeonggi/쌍령동/한국미인테라피/index.html","https://1004테라피.shop/shops/gyeonggi/gwangju-gyeonggi/쌍령동/한국미인테라피/","False","True",""
"업체상세","shops/gyeonggi/gwangju-gyeonggi/쌍령동/너무이쁜테라피/index.html","https://1004테라피.shop/shops/gyeonggi/gwangju-gyeonggi/쌍령동/너무이쁜테라피/","False","True",""
"업체상세","shops/gyeonggi/gwangju-gyeonggi/쌍령동/love테라피/index.html","https://1004테라피.shop/shops/gyeonggi/gwangju-gyeonggi/쌍령동/love테라피/","False","True",""
"업체상세","shops/gyeonggi/gwangju-gyeonggi/쌍령동/프리미엄테라피/index.html","https://1004테라피.shop/shops/gyeonggi/gwangju-gyeonggi/쌍령동/프리미엄테라피/","False","True",""
"업체상세","shops/gyeonggi/gwangju-gyeonggi/오포동/한국미인테라피/index.html","https://1004테라피.shop/shops/gyeonggi/gwangju-gyeonggi/오포동/한국미인테라피/","False","True",""
"업체상세","shops/gyeonggi/gwangju-gyeonggi/오포동/너무이쁜테라피/index.html","https://1004테라피.shop/shops/gyeonggi/gwangju-gyeonggi/오포동/너무이쁜테라피/","False","True",""
"업체상세","shops/gyeonggi/gwangju-gyeonggi/오포동/love테라피/index.html","https://1004테라피.shop/shops/gyeonggi/gwangju-gyeonggi/오포동/love테라피/","False","True",""
"업체상세","shops/gyeonggi/gwangju-gyeonggi/오포동/프리미엄테라피/index.html","https://1004테라피.shop/shops/gyeonggi/gwangju-gyeonggi/오포동/프리미엄테라피/","False","True",""
"업체상세","shops/gyeonggi/gwangju-gyeonggi/초월읍/한국미인테라피/index.html","https://1004테라피.shop/shops/gyeonggi/gwangju-gyeonggi/초월읍/한국미인테라피/","False","True",""
"업체상세","shops/gyeonggi/gwangju-gyeonggi/초월읍/너무이쁜테라피/index.html","https://1004테라피.shop/shops/gyeonggi/gwangju-gyeonggi/초월읍/너무이쁜테라피/","False","True",""
"업체상세","shops/gyeonggi/gwangju-gyeonggi/초월읍/love테라피/index.html","https://1004테라피.shop/shops/gyeonggi/gwangju-gyeonggi/초월읍/love테라피/","False","True",""
"업체상세","shops/gyeonggi/gwangju-gyeonggi/초월읍/프리미엄테라피/index.html","https://1004테라피.shop/shops/gyeonggi/gwangju-gyeonggi/초월읍/프리미엄테라피/","False","True",""
"업체상세","shops/gyeonggi/gwangju-gyeonggi/탄벌동/한국미인테라피/index.html","https://1004테라피.shop/shops/gyeonggi/gwangju-gyeonggi/탄벌동/한국미인테라피/","False","True",""
"업체상세","shops/gyeonggi/gwangju-gyeonggi/탄벌동/너무이쁜테라피/index.html","https://1004테라피.shop/shops/gyeonggi/gwangju-gyeonggi/탄벌동/너무이쁜테라피/","False","True",""
"업체상세","shops/gyeonggi/gwangju-gyeonggi/탄벌동/love테라피/index.html","https://1004테라피.shop/shops/gyeonggi/gwangju-gyeonggi/탄벌동/love테라피/","False","True",""
"업체상세","shops/gyeonggi/gwangju-gyeonggi/탄벌동/프리미엄테라피/index.html","https://1004테라피.shop/shops/gyeonggi/gwangju-gyeonggi/탄벌동/프리미엄테라피/","False","True",""
"업체상세","shops/gyeonggi/gwangju-gyeonggi/퇴촌면/한국미인테라피/index.html","https://1004테라피.shop/shops/gyeonggi/gwangju-gyeonggi/퇴촌면/한국미인테라피/","False","True",""
"업체상세","shops/gyeonggi/gwangju-gyeonggi/퇴촌면/너무이쁜테라피/index.html","https://1004테라피.shop/shops/gyeonggi/gwangju-gyeonggi/퇴촌면/너무이쁜테라피/","False","True",""
"업체상세","shops/gyeonggi/gwangju-gyeonggi/퇴촌면/love테라피/index.html","https://1004테라피.shop/shops/gyeonggi/gwangju-gyeonggi/퇴촌면/love테라피/","False","True",""
"업체상세","shops/gyeonggi/gwangju-gyeonggi/퇴촌면/프리미엄테라피/index.html","https://1004테라피.shop/shops/gyeonggi/gwangju-gyeonggi/퇴촌면/프리미엄테라피/","False","True",""
"업체상세","shops/gyeonggi/guri/갈매동/한국미인테라피/index.html","https://1004테라피.shop/shops/gyeonggi/guri/갈매동/한국미인테라피/","False","True",""
"업체상세","shops/gyeonggi/guri/갈매동/너무이쁜테라피/index.html","https://1004테라피.shop/shops/gyeonggi/guri/갈매동/너무이쁜테라피/","False","True",""
"업체상세","shops/gyeonggi/guri/갈매동/love테라피/index.html","https://1004테라피.shop/shops/gyeonggi/guri/갈매동/love테라피/","False","True",""
"업체상세","shops/gyeonggi/guri/갈매동/프리미엄테라피/index.html","https://1004테라피.shop/shops/gyeonggi/guri/갈매동/프리미엄테라피/","False","True",""
"업체상세","shops/gyeonggi/guri/교문동/한국미인테라피/index.html","https://1004테라피.shop/shops/gyeonggi/guri/교문동/한국미인테라피/","False","True",""
"업체상세","shops/gyeonggi/guri/교문동/너무이쁜테라피/index.html","https://1004테라피.shop/shops/gyeonggi/guri/교문동/너무이쁜테라피/","False","True",""
"업체상세","shops/gyeonggi/guri/교문동/love테라피/index.html","https://1004테라피.shop/shops/gyeonggi/guri/교문동/love테라피/","False","True",""
"업체상세","shops/gyeonggi/guri/교문동/프리미엄테라피/index.html","https://1004테라피.shop/shops/gyeonggi/guri/교문동/프리미엄테라피/","False","True",""
"업체상세","shops/gyeonggi/guri/동구동/한국미인테라피/index.html","https://1004테라피.shop/shops/gyeonggi/guri/동구동/한국미인테라피/","False","True",""
"업체상세","shops/gyeonggi/guri/동구동/너무이쁜테라피/index.html","https://1004테라피.shop/shops/gyeonggi/guri/동구동/너무이쁜테라피/","False","True",""
"업체상세","shops/gyeonggi/guri/동구동/love테라피/index.html","https://1004테라피.shop/shops/gyeonggi/guri/동구동/love테라피/","False","True",""
"업체상세","shops/gyeonggi/guri/동구동/프리미엄테라피/index.html","https://1004테라피.shop/shops/gyeonggi/guri/동구동/프리미엄테라피/","False","True",""
"업체상세","shops/gyeonggi/guri/수택동/한국미인테라피/index.html","https://1004테라피.shop/shops/gyeonggi/guri/수택동/한국미인테라피/","False","True",""
"업체상세","shops/gyeonggi/guri/수택동/너무이쁜테라피/index.html","https://1004테라피.shop/shops/gyeonggi/guri/수택동/너무이쁜테라피/","False","True",""
"업체상세","shops/gyeonggi/guri/수택동/love테라피/index.html","https://1004테라피.shop/shops/gyeonggi/guri/수택동/love테라피/","False","True",""
"업체상세","shops/gyeonggi/guri/수택동/프리미엄테라피/index.html","https://1004테라피.shop/shops/gyeonggi/guri/수택동/프리미엄테라피/","False","True",""
"업체상세","shops/gyeonggi/guri/인창동/한국미인테라피/index.html","https://1004테라피.shop/shops/gyeonggi/guri/인창동/한국미인테라피/","False","True",""
"업체상세","shops/gyeonggi/guri/인창동/너무이쁜테라피/index.html","https://1004테라피.shop/shops/gyeonggi/guri/인창동/너무이쁜테라피/","False","True",""
"업체상세","shops/gyeonggi/guri/인창동/love테라피/index.html","https://1004테라피.shop/shops/gyeonggi/guri/인창동/love테라피/","False","True",""
"업체상세","shops/gyeonggi/guri/인창동/프리미엄테라피/index.html","https://1004테라피.shop/shops/gyeonggi/guri/인창동/프리미엄테라피/","False","True",""
"업체상세","shops/gyeonggi/gunpo/광정동/한국미인테라피/index.html","https://1004테라피.shop/shops/gyeonggi/gunpo/광정동/한국미인테라피/","False","True",""
"업체상세","shops/gyeonggi/gunpo/광정동/너무이쁜테라피/index.html","https://1004테라피.shop/shops/gyeonggi/gunpo/광정동/너무이쁜테라피/","False","True",""
"업체상세","shops/gyeonggi/gunpo/광정동/love테라피/index.html","https://1004테라피.shop/shops/gyeonggi/gunpo/광정동/love테라피/","False","True",""
"업체상세","shops/gyeonggi/gunpo/광정동/프리미엄테라피/index.html","https://1004테라피.shop/shops/gyeonggi/gunpo/광정동/프리미엄테라피/","False","True",""
"업체상세","shops/gyeonggi/gunpo/군포동/한국미인테라피/index.html","https://1004테라피.shop/shops/gyeonggi/gunpo/군포동/한국미인테라피/","False","True",""
"업체상세","shops/gyeonggi/gunpo/군포동/너무이쁜테라피/index.html","https://1004테라피.shop/shops/gyeonggi/gunpo/군포동/너무이쁜테라피/","False","True",""
"업체상세","shops/gyeonggi/gunpo/군포동/love테라피/index.html","https://1004테라피.shop/shops/gyeonggi/gunpo/군포동/love테라피/","False","True",""
"업체상세","shops/gyeonggi/gunpo/군포동/프리미엄테라피/index.html","https://1004테라피.shop/shops/gyeonggi/gunpo/군포동/프리미엄테라피/","False","True",""
"업체상세","shops/gyeonggi/gunpo/궁내동/한국미인테라피/index.html","https://1004테라피.shop/shops/gyeonggi/gunpo/궁내동/한국미인테라피/","False","True",""
"업체상세","shops/gyeonggi/gunpo/궁내동/너무이쁜테라피/index.html","https://1004테라피.shop/shops/gyeonggi/gunpo/궁내동/너무이쁜테라피/","False","True",""
"업체상세","shops/gyeonggi/gunpo/궁내동/love테라피/index.html","https://1004테라피.shop/shops/gyeonggi/gunpo/궁내동/love테라피/","False","True",""
"업체상세","shops/gyeonggi/gunpo/궁내동/프리미엄테라피/index.html","https://1004테라피.shop/shops/gyeonggi/gunpo/궁내동/프리미엄테라피/","False","True",""
"업체상세","shops/gyeonggi/gunpo/금정동/한국미인테라피/index.html","https://1004테라피.shop/shops/gyeonggi/gunpo/금정동/한국미인테라피/","False","True",""
"업체상세","shops/gyeonggi/gunpo/금정동/너무이쁜테라피/index.html","https://1004테라피.shop/shops/gyeonggi/gunpo/금정동/너무이쁜테라피/","False","True",""
"업체상세","shops/gyeonggi/gunpo/금정동/love테라피/index.html","https://1004테라피.shop/shops/gyeonggi/gunpo/금정동/love테라피/","False","True",""
"업체상세","shops/gyeonggi/gunpo/금정동/프리미엄테라피/index.html","https://1004테라피.shop/shops/gyeonggi/gunpo/금정동/프리미엄테라피/","False","True",""
"업체상세","shops/gyeonggi/gunpo/대야동/한국미인테라피/index.html","https://1004테라피.shop/shops/gyeonggi/gunpo/대야동/한국미인테라피/","False","True",""
"업체상세","shops/gyeonggi/gunpo/대야동/너무이쁜테라피/index.html","https://1004테라피.shop/shops/gyeonggi/gunpo/대야동/너무이쁜테라피/","False","True",""
"업체상세","shops/gyeonggi/gunpo/대야동/love테라피/index.html","https://1004테라피.shop/shops/gyeonggi/gunpo/대야동/love테라피/","False","True",""
"업체상세","shops/gyeonggi/gunpo/대야동/프리미엄테라피/index.html","https://1004테라피.shop/shops/gyeonggi/gunpo/대야동/프리미엄테라피/","False","True",""
"업체상세","shops/gyeonggi/gunpo/산본동/한국미인테라피/index.html","https://1004테라피.shop/shops/gyeonggi/gunpo/산본동/한국미인테라피/","False","True",""
"업체상세","shops/gyeonggi/gunpo/산본동/너무이쁜테라피/index.html","https://1004테라피.shop/shops/gyeonggi/gunpo/산본동/너무이쁜테라피/","False","True",""
"업체상세","shops/gyeonggi/gunpo/산본동/love테라피/index.html","https://1004테라피.shop/shops/gyeonggi/gunpo/산본동/love테라피/","False","True",""
"업체상세","shops/gyeonggi/gunpo/산본동/프리미엄테라피/index.html","https://1004테라피.shop/shops/gyeonggi/gunpo/산본동/프리미엄테라피/","False","True",""
"업체상세","shops/gyeonggi/gunpo/송부동/한국미인테라피/index.html","https://1004테라피.shop/shops/gyeonggi/gunpo/송부동/한국미인테라피/","False","True",""
"업체상세","shops/gyeonggi/gunpo/송부동/너무이쁜테라피/index.html","https://1004테라피.shop/shops/gyeonggi/gunpo/송부동/너무이쁜테라피/","False","True",""
"업체상세","shops/gyeonggi/gunpo/송부동/love테라피/index.html","https://1004테라피.shop/shops/gyeonggi/gunpo/송부동/love테라피/","False","True",""
"업체상세","shops/gyeonggi/gunpo/송부동/프리미엄테라피/index.html","https://1004테라피.shop/shops/gyeonggi/gunpo/송부동/프리미엄테라피/","False","True",""
"업체상세","shops/gyeonggi/gunpo/수리동/한국미인테라피/index.html","https://1004테라피.shop/shops/gyeonggi/gunpo/수리동/한국미인테라피/","False","True",""
"업체상세","shops/gyeonggi/gunpo/수리동/너무이쁜테라피/index.html","https://1004테라피.shop/shops/gyeonggi/gunpo/수리동/너무이쁜테라피/","False","True",""
"업체상세","shops/gyeonggi/gunpo/수리동/love테라피/index.html","https://1004테라피.shop/shops/gyeonggi/gunpo/수리동/love테라피/","False","True",""
"업체상세","shops/gyeonggi/gunpo/수리동/프리미엄테라피/index.html","https://1004테라피.shop/shops/gyeonggi/gunpo/수리동/프리미엄테라피/","False","True",""
"업체상세","shops/gyeonggi/gunpo/오금동/한국미인테라피/index.html","https://1004테라피.shop/shops/gyeonggi/gunpo/오금동/한국미인테라피/","False","True",""
"업체상세","shops/gyeonggi/gunpo/오금동/너무이쁜테라피/index.html","https://1004테라피.shop/shops/gyeonggi/gunpo/오금동/너무이쁜테라피/","False","True",""
"업체상세","shops/gyeonggi/gunpo/오금동/love테라피/index.html","https://1004테라피.shop/shops/gyeonggi/gunpo/오금동/love테라피/","False","True",""
"업체상세","shops/gyeonggi/gunpo/오금동/프리미엄테라피/index.html","https://1004테라피.shop/shops/gyeonggi/gunpo/오금동/프리미엄테라피/","False","True",""
"업체상세","shops/gyeonggi/gunpo/재궁동/한국미인테라피/index.html","https://1004테라피.shop/shops/gyeonggi/gunpo/재궁동/한국미인테라피/","False","True",""
"업체상세","shops/gyeonggi/gunpo/재궁동/너무이쁜테라피/index.html","https://1004테라피.shop/shops/gyeonggi/gunpo/재궁동/너무이쁜테라피/","False","True",""
"업체상세","shops/gyeonggi/gunpo/재궁동/love테라피/index.html","https://1004테라피.shop/shops/gyeonggi/gunpo/재궁동/love테라피/","False","True",""
"업체상세","shops/gyeonggi/gunpo/재궁동/프리미엄테라피/index.html","https://1004테라피.shop/shops/gyeonggi/gunpo/재궁동/프리미엄테라피/","False","True",""
"업체상세","shops/gyeonggi/gimpo/고촌읍/한국미인테라피/index.html","https://1004테라피.shop/shops/gyeonggi/gimpo/고촌읍/한국미인테라피/","False","True",""
"업체상세","shops/gyeonggi/gimpo/고촌읍/너무이쁜테라피/index.html","https://1004테라피.shop/shops/gyeonggi/gimpo/고촌읍/너무이쁜테라피/","False","True",""
"업체상세","shops/gyeonggi/gimpo/고촌읍/love테라피/index.html","https://1004테라피.shop/shops/gyeonggi/gimpo/고촌읍/love테라피/","False","True",""
"업체상세","shops/gyeonggi/gimpo/고촌읍/프리미엄테라피/index.html","https://1004테라피.shop/shops/gyeonggi/gimpo/고촌읍/프리미엄테라피/","False","True",""
"업체상세","shops/gyeonggi/gimpo/구래동/한국미인테라피/index.html","https://1004테라피.shop/shops/gyeonggi/gimpo/구래동/한국미인테라피/","False","True",""
"업체상세","shops/gyeonggi/gimpo/구래동/너무이쁜테라피/index.html","https://1004테라피.shop/shops/gyeonggi/gimpo/구래동/너무이쁜테라피/","False","True",""
"업체상세","shops/gyeonggi/gimpo/구래동/love테라피/index.html","https://1004테라피.shop/shops/gyeonggi/gimpo/구래동/love테라피/","False","True",""
"업체상세","shops/gyeonggi/gimpo/구래동/프리미엄테라피/index.html","https://1004테라피.shop/shops/gyeonggi/gimpo/구래동/프리미엄테라피/","False","True",""
"업체상세","shops/gyeonggi/gimpo/김포본동/한국미인테라피/index.html","https://1004테라피.shop/shops/gyeonggi/gimpo/김포본동/한국미인테라피/","False","True",""
"업체상세","shops/gyeonggi/gimpo/김포본동/너무이쁜테라피/index.html","https://1004테라피.shop/shops/gyeonggi/gimpo/김포본동/너무이쁜테라피/","False","True",""
"업체상세","shops/gyeonggi/gimpo/김포본동/love테라피/index.html","https://1004테라피.shop/shops/gyeonggi/gimpo/김포본동/love테라피/","False","True",""
"업체상세","shops/gyeonggi/gimpo/김포본동/프리미엄테라피/index.html","https://1004테라피.shop/shops/gyeonggi/gimpo/김포본동/프리미엄테라피/","False","True",""
"업체상세","shops/gyeonggi/gimpo/대곶면/한국미인테라피/index.html","https://1004테라피.shop/shops/gyeonggi/gimpo/대곶면/한국미인테라피/","False","True",""
"업체상세","shops/gyeonggi/gimpo/대곶면/너무이쁜테라피/index.html","https://1004테라피.shop/shops/gyeonggi/gimpo/대곶면/너무이쁜테라피/","False","True",""
"업체상세","shops/gyeonggi/gimpo/대곶면/love테라피/index.html","https://1004테라피.shop/shops/gyeonggi/gimpo/대곶면/love테라피/","False","True",""
"업체상세","shops/gyeonggi/gimpo/대곶면/프리미엄테라피/index.html","https://1004테라피.shop/shops/gyeonggi/gimpo/대곶면/프리미엄테라피/","False","True",""
"업체상세","shops/gyeonggi/gimpo/마산동/한국미인테라피/index.html","https://1004테라피.shop/shops/gyeonggi/gimpo/마산동/한국미인테라피/","False","True",""
"업체상세","shops/gyeonggi/gimpo/마산동/너무이쁜테라피/index.html","https://1004테라피.shop/shops/gyeonggi/gimpo/마산동/너무이쁜테라피/","False","True",""
"업체상세","shops/gyeonggi/gimpo/마산동/love테라피/index.html","https://1004테라피.shop/shops/gyeonggi/gimpo/마산동/love테라피/","False","True",""
"업체상세","shops/gyeonggi/gimpo/마산동/프리미엄테라피/index.html","https://1004테라피.shop/shops/gyeonggi/gimpo/마산동/프리미엄테라피/","False","True",""
"업체상세","shops/gyeonggi/gimpo/사우동/한국미인테라피/index.html","https://1004테라피.shop/shops/gyeonggi/gimpo/사우동/한국미인테라피/","False","True",""
"업체상세","shops/gyeonggi/gimpo/사우동/너무이쁜테라피/index.html","https://1004테라피.shop/shops/gyeonggi/gimpo/사우동/너무이쁜테라피/","False","True",""
"업체상세","shops/gyeonggi/gimpo/사우동/love테라피/index.html","https://1004테라피.shop/shops/gyeonggi/gimpo/사우동/love테라피/","False","True",""
"업체상세","shops/gyeonggi/gimpo/사우동/프리미엄테라피/index.html","https://1004테라피.shop/shops/gyeonggi/gimpo/사우동/프리미엄테라피/","False","True",""
"업체상세","shops/gyeonggi/gimpo/양촌읍/한국미인테라피/index.html","https://1004테라피.shop/shops/gyeonggi/gimpo/양촌읍/한국미인테라피/","False","True",""
"업체상세","shops/gyeonggi/gimpo/양촌읍/너무이쁜테라피/index.html","https://1004테라피.shop/shops/gyeonggi/gimpo/양촌읍/너무이쁜테라피/","False","True",""
"업체상세","shops/gyeonggi/gimpo/양촌읍/love테라피/index.html","https://1004테라피.shop/shops/gyeonggi/gimpo/양촌읍/love테라피/","False","True",""
"업체상세","shops/gyeonggi/gimpo/양촌읍/프리미엄테라피/index.html","https://1004테라피.shop/shops/gyeonggi/gimpo/양촌읍/프리미엄테라피/","False","True",""
"업체상세","shops/gyeonggi/gimpo/운양동/한국미인테라피/index.html","https://1004테라피.shop/shops/gyeonggi/gimpo/운양동/한국미인테라피/","False","True",""
"업체상세","shops/gyeonggi/gimpo/운양동/너무이쁜테라피/index.html","https://1004테라피.shop/shops/gyeonggi/gimpo/운양동/너무이쁜테라피/","False","True",""
"업체상세","shops/gyeonggi/gimpo/운양동/love테라피/index.html","https://1004테라피.shop/shops/gyeonggi/gimpo/운양동/love테라피/","False","True",""
"업체상세","shops/gyeonggi/gimpo/운양동/프리미엄테라피/index.html","https://1004테라피.shop/shops/gyeonggi/gimpo/운양동/프리미엄테라피/","False","True",""
"업체상세","shops/gyeonggi/gimpo/월곶면/한국미인테라피/index.html","https://1004테라피.shop/shops/gyeonggi/gimpo/월곶면/한국미인테라피/","False","True",""
"업체상세","shops/gyeonggi/gimpo/월곶면/너무이쁜테라피/index.html","https://1004테라피.shop/shops/gyeonggi/gimpo/월곶면/너무이쁜테라피/","False","True",""
"업체상세","shops/gyeonggi/gimpo/월곶면/love테라피/index.html","https://1004테라피.shop/shops/gyeonggi/gimpo/월곶면/love테라피/","False","True",""
"업체상세","shops/gyeonggi/gimpo/월곶면/프리미엄테라피/index.html","https://1004테라피.shop/shops/gyeonggi/gimpo/월곶면/프리미엄테라피/","False","True",""
"업체상세","shops/gyeonggi/gimpo/장기동/한국미인테라피/index.html","https://1004테라피.shop/shops/gyeonggi/gimpo/장기동/한국미인테라피/","False","True",""
"업체상세","shops/gyeonggi/gimpo/장기동/너무이쁜테라피/index.html","https://1004테라피.shop/shops/gyeonggi/gimpo/장기동/너무이쁜테라피/","False","True",""
"업체상세","shops/gyeonggi/gimpo/장기동/love테라피/index.html","https://1004테라피.shop/shops/gyeonggi/gimpo/장기동/love테라피/","False","True",""
"업체상세","shops/gyeonggi/gimpo/장기동/프리미엄테라피/index.html","https://1004테라피.shop/shops/gyeonggi/gimpo/장기동/프리미엄테라피/","False","True",""
"업체상세","shops/gyeonggi/gimpo/장기본동/한국미인테라피/index.html","https://1004테라피.shop/shops/gyeonggi/gimpo/장기본동/한국미인테라피/","False","True",""
"업체상세","shops/gyeonggi/gimpo/장기본동/너무이쁜테라피/index.html","https://1004테라피.shop/shops/gyeonggi/gimpo/장기본동/너무이쁜테라피/","False","True",""
"업체상세","shops/gyeonggi/gimpo/장기본동/love테라피/index.html","https://1004테라피.shop/shops/gyeonggi/gimpo/장기본동/love테라피/","False","True",""
"업체상세","shops/gyeonggi/gimpo/장기본동/프리미엄테라피/index.html","https://1004테라피.shop/shops/gyeonggi/gimpo/장기본동/프리미엄테라피/","False","True",""
"업체상세","shops/gyeonggi/gimpo/통진읍/한국미인테라피/index.html","https://1004테라피.shop/shops/gyeonggi/gimpo/통진읍/한국미인테라피/","False","True",""
"업체상세","shops/gyeonggi/gimpo/통진읍/너무이쁜테라피/index.html","https://1004테라피.shop/shops/gyeonggi/gimpo/통진읍/너무이쁜테라피/","False","True",""
"업체상세","shops/gyeonggi/gimpo/통진읍/love테라피/index.html","https://1004테라피.shop/shops/gyeonggi/gimpo/통진읍/love테라피/","False","True",""
"업체상세","shops/gyeonggi/gimpo/통진읍/프리미엄테라피/index.html","https://1004테라피.shop/shops/gyeonggi/gimpo/통진읍/프리미엄테라피/","False","True",""
"업체상세","shops/gyeonggi/gimpo/풍무동/한국미인테라피/index.html","https://1004테라피.shop/shops/gyeonggi/gimpo/풍무동/한국미인테라피/","False","True",""
"업체상세","shops/gyeonggi/gimpo/풍무동/너무이쁜테라피/index.html","https://1004테라피.shop/shops/gyeonggi/gimpo/풍무동/너무이쁜테라피/","False","True",""
"업체상세","shops/gyeonggi/gimpo/풍무동/love테라피/index.html","https://1004테라피.shop/shops/gyeonggi/gimpo/풍무동/love테라피/","False","True",""
"업체상세","shops/gyeonggi/gimpo/풍무동/프리미엄테라피/index.html","https://1004테라피.shop/shops/gyeonggi/gimpo/풍무동/프리미엄테라피/","False","True",""
"업체상세","shops/gyeonggi/gimpo/하성면/한국미인테라피/index.html","https://1004테라피.shop/shops/gyeonggi/gimpo/하성면/한국미인테라피/","False","True",""
"업체상세","shops/gyeonggi/gimpo/하성면/너무이쁜테라피/index.html","https://1004테라피.shop/shops/gyeonggi/gimpo/하성면/너무이쁜테라피/","False","True",""
"업체상세","shops/gyeonggi/gimpo/하성면/love테라피/index.html","https://1004테라피.shop/shops/gyeonggi/gimpo/하성면/love테라피/","False","True",""
"업체상세","shops/gyeonggi/gimpo/하성면/프리미엄테라피/index.html","https://1004테라피.shop/shops/gyeonggi/gimpo/하성면/프리미엄테라피/","False","True",""
"업체상세","shops/gyeonggi/namyangju/금곡동/한국미인테라피/index.html","https://1004테라피.shop/shops/gyeonggi/namyangju/금곡동/한국미인테라피/","False","True",""
"업체상세","shops/gyeonggi/namyangju/금곡동/너무이쁜테라피/index.html","https://1004테라피.shop/shops/gyeonggi/namyangju/금곡동/너무이쁜테라피/","False","True",""
"업체상세","shops/gyeonggi/namyangju/금곡동/love테라피/index.html","https://1004테라피.shop/shops/gyeonggi/namyangju/금곡동/love테라피/","False","True",""
"업체상세","shops/gyeonggi/namyangju/금곡동/프리미엄테라피/index.html","https://1004테라피.shop/shops/gyeonggi/namyangju/금곡동/프리미엄테라피/","False","True",""
"업체상세","shops/gyeonggi/namyangju/다산동/한국미인테라피/index.html","https://1004테라피.shop/shops/gyeonggi/namyangju/다산동/한국미인테라피/","False","True",""
"업체상세","shops/gyeonggi/namyangju/다산동/너무이쁜테라피/index.html","https://1004테라피.shop/shops/gyeonggi/namyangju/다산동/너무이쁜테라피/","False","True",""
"업체상세","shops/gyeonggi/namyangju/다산동/love테라피/index.html","https://1004테라피.shop/shops/gyeonggi/namyangju/다산동/love테라피/","False","True",""
"업체상세","shops/gyeonggi/namyangju/다산동/프리미엄테라피/index.html","https://1004테라피.shop/shops/gyeonggi/namyangju/다산동/프리미엄테라피/","False","True",""
"업체상세","shops/gyeonggi/namyangju/별내동/한국미인테라피/index.html","https://1004테라피.shop/shops/gyeonggi/namyangju/별내동/한국미인테라피/","False","True",""
"업체상세","shops/gyeonggi/namyangju/별내동/너무이쁜테라피/index.html","https://1004테라피.shop/shops/gyeonggi/namyangju/별내동/너무이쁜테라피/","False","True",""
"업체상세","shops/gyeonggi/namyangju/별내동/love테라피/index.html","https://1004테라피.shop/shops/gyeonggi/namyangju/별내동/love테라피/","False","True",""
"업체상세","shops/gyeonggi/namyangju/별내동/프리미엄테라피/index.html","https://1004테라피.shop/shops/gyeonggi/namyangju/별내동/프리미엄테라피/","False","True",""
"업체상세","shops/gyeonggi/namyangju/별내면/한국미인테라피/index.html","https://1004테라피.shop/shops/gyeonggi/namyangju/별내면/한국미인테라피/","False","True",""
"업체상세","shops/gyeonggi/namyangju/별내면/너무이쁜테라피/index.html","https://1004테라피.shop/shops/gyeonggi/namyangju/별내면/너무이쁜테라피/","False","True",""
"업체상세","shops/gyeonggi/namyangju/별내면/love테라피/index.html","https://1004테라피.shop/shops/gyeonggi/namyangju/별내면/love테라피/","False","True",""
"업체상세","shops/gyeonggi/namyangju/별내면/프리미엄테라피/index.html","https://1004테라피.shop/shops/gyeonggi/namyangju/별내면/프리미엄테라피/","False","True",""
"업체상세","shops/gyeonggi/namyangju/수동면/한국미인테라피/index.html","https://1004테라피.shop/shops/gyeonggi/namyangju/수동면/한국미인테라피/","False","True",""
"업체상세","shops/gyeonggi/namyangju/수동면/너무이쁜테라피/index.html","https://1004테라피.shop/shops/gyeonggi/namyangju/수동면/너무이쁜테라피/","False","True",""
"업체상세","shops/gyeonggi/namyangju/수동면/love테라피/index.html","https://1004테라피.shop/shops/gyeonggi/namyangju/수동면/love테라피/","False","True",""
"업체상세","shops/gyeonggi/namyangju/수동면/프리미엄테라피/index.html","https://1004테라피.shop/shops/gyeonggi/namyangju/수동면/프리미엄테라피/","False","True",""
"업체상세","shops/gyeonggi/namyangju/양정동/한국미인테라피/index.html","https://1004테라피.shop/shops/gyeonggi/namyangju/양정동/한국미인테라피/","False","True",""
"업체상세","shops/gyeonggi/namyangju/양정동/너무이쁜테라피/index.html","https://1004테라피.shop/shops/gyeonggi/namyangju/양정동/너무이쁜테라피/","False","True",""
"업체상세","shops/gyeonggi/namyangju/양정동/love테라피/index.html","https://1004테라피.shop/shops/gyeonggi/namyangju/양정동/love테라피/","False","True",""
"업체상세","shops/gyeonggi/namyangju/양정동/프리미엄테라피/index.html","https://1004테라피.shop/shops/gyeonggi/namyangju/양정동/프리미엄테라피/","False","True",""
"업체상세","shops/gyeonggi/namyangju/오남읍/한국미인테라피/index.html","https://1004테라피.shop/shops/gyeonggi/namyangju/오남읍/한국미인테라피/","False","True",""
"업체상세","shops/gyeonggi/namyangju/오남읍/너무이쁜테라피/index.html","https://1004테라피.shop/shops/gyeonggi/namyangju/오남읍/너무이쁜테라피/","False","True",""
"업체상세","shops/gyeonggi/namyangju/오남읍/love테라피/index.html","https://1004테라피.shop/shops/gyeonggi/namyangju/오남읍/love테라피/","False","True",""
"업체상세","shops/gyeonggi/namyangju/오남읍/프리미엄테라피/index.html","https://1004테라피.shop/shops/gyeonggi/namyangju/오남읍/프리미엄테라피/","False","True",""
"업체상세","shops/gyeonggi/namyangju/와부읍/한국미인테라피/index.html","https://1004테라피.shop/shops/gyeonggi/namyangju/와부읍/한국미인테라피/","False","True",""
"업체상세","shops/gyeonggi/namyangju/와부읍/너무이쁜테라피/index.html","https://1004테라피.shop/shops/gyeonggi/namyangju/와부읍/너무이쁜테라피/","False","True",""
"업체상세","shops/gyeonggi/namyangju/와부읍/love테라피/index.html","https://1004테라피.shop/shops/gyeonggi/namyangju/와부읍/love테라피/","False","True",""
"업체상세","shops/gyeonggi/namyangju/와부읍/프리미엄테라피/index.html","https://1004테라피.shop/shops/gyeonggi/namyangju/와부읍/프리미엄테라피/","False","True",""
"업체상세","shops/gyeonggi/namyangju/조안면/한국미인테라피/index.html","https://1004테라피.shop/shops/gyeonggi/namyangju/조안면/한국미인테라피/","False","True",""
"업체상세","shops/gyeonggi/namyangju/조안면/너무이쁜테라피/index.html","https://1004테라피.shop/shops/gyeonggi/namyangju/조안면/너무이쁜테라피/","False","True",""
"업체상세","shops/gyeonggi/namyangju/조안면/love테라피/index.html","https://1004테라피.shop/shops/gyeonggi/namyangju/조안면/love테라피/","False","True",""
"업체상세","shops/gyeonggi/namyangju/조안면/프리미엄테라피/index.html","https://1004테라피.shop/shops/gyeonggi/namyangju/조안면/프리미엄테라피/","False","True",""
"업체상세","shops/gyeonggi/namyangju/진건읍/한국미인테라피/index.html","https://1004테라피.shop/shops/gyeonggi/namyangju/진건읍/한국미인테라피/","False","True",""
"업체상세","shops/gyeonggi/namyangju/진건읍/너무이쁜테라피/index.html","https://1004테라피.shop/shops/gyeonggi/namyangju/진건읍/너무이쁜테라피/","False","True",""
"업체상세","shops/gyeonggi/namyangju/진건읍/love테라피/index.html","https://1004테라피.shop/shops/gyeonggi/namyangju/진건읍/love테라피/","False","True",""
"업체상세","shops/gyeonggi/namyangju/진건읍/프리미엄테라피/index.html","https://1004테라피.shop/shops/gyeonggi/namyangju/진건읍/프리미엄테라피/","False","True",""
"업체상세","shops/gyeonggi/namyangju/진접읍/한국미인테라피/index.html","https://1004테라피.shop/shops/gyeonggi/namyangju/진접읍/한국미인테라피/","False","True",""
"업체상세","shops/gyeonggi/namyangju/진접읍/너무이쁜테라피/index.html","https://1004테라피.shop/shops/gyeonggi/namyangju/진접읍/너무이쁜테라피/","False","True",""
"업체상세","shops/gyeonggi/namyangju/진접읍/love테라피/index.html","https://1004테라피.shop/shops/gyeonggi/namyangju/진접읍/love테라피/","False","True",""
"업체상세","shops/gyeonggi/namyangju/진접읍/프리미엄테라피/index.html","https://1004테라피.shop/shops/gyeonggi/namyangju/진접읍/프리미엄테라피/","False","True",""
"업체상세","shops/gyeonggi/namyangju/퇴계원읍/한국미인테라피/index.html","https://1004테라피.shop/shops/gyeonggi/namyangju/퇴계원읍/한국미인테라피/","False","True",""
"업체상세","shops/gyeonggi/namyangju/퇴계원읍/너무이쁜테라피/index.html","https://1004테라피.shop/shops/gyeonggi/namyangju/퇴계원읍/너무이쁜테라피/","False","True",""
"업체상세","shops/gyeonggi/namyangju/퇴계원읍/love테라피/index.html","https://1004테라피.shop/shops/gyeonggi/namyangju/퇴계원읍/love테라피/","False","True",""
"업체상세","shops/gyeonggi/namyangju/퇴계원읍/프리미엄테라피/index.html","https://1004테라피.shop/shops/gyeonggi/namyangju/퇴계원읍/프리미엄테라피/","False","True",""
"업체상세","shops/gyeonggi/namyangju/평내동/한국미인테라피/index.html","https://1004테라피.shop/shops/gyeonggi/namyangju/평내동/한국미인테라피/","False","True",""
"업체상세","shops/gyeonggi/namyangju/평내동/너무이쁜테라피/index.html","https://1004테라피.shop/shops/gyeonggi/namyangju/평내동/너무이쁜테라피/","False","True",""
"업체상세","shops/gyeonggi/namyangju/평내동/love테라피/index.html","https://1004테라피.shop/shops/gyeonggi/namyangju/평내동/love테라피/","False","True",""
"업체상세","shops/gyeonggi/namyangju/평내동/프리미엄테라피/index.html","https://1004테라피.shop/shops/gyeonggi/namyangju/평내동/프리미엄테라피/","False","True",""
"업체상세","shops/gyeonggi/namyangju/호평동/한국미인테라피/index.html","https://1004테라피.shop/shops/gyeonggi/namyangju/호평동/한국미인테라피/","False","True",""
"업체상세","shops/gyeonggi/namyangju/호평동/너무이쁜테라피/index.html","https://1004테라피.shop/shops/gyeonggi/namyangju/호평동/너무이쁜테라피/","False","True",""
"업체상세","shops/gyeonggi/namyangju/호평동/love테라피/index.html","https://1004테라피.shop/shops/gyeonggi/namyangju/호평동/love테라피/","False","True",""
"업체상세","shops/gyeonggi/namyangju/호평동/프리미엄테라피/index.html","https://1004테라피.shop/shops/gyeonggi/namyangju/호평동/프리미엄테라피/","False","True",""
"업체상세","shops/gyeonggi/namyangju/화도읍/한국미인테라피/index.html","https://1004테라피.shop/shops/gyeonggi/namyangju/화도읍/한국미인테라피/","False","True",""
"업체상세","shops/gyeonggi/namyangju/화도읍/너무이쁜테라피/index.html","https://1004테라피.shop/shops/gyeonggi/namyangju/화도읍/너무이쁜테라피/","False","True",""
"업체상세","shops/gyeonggi/namyangju/화도읍/love테라피/index.html","https://1004테라피.shop/shops/gyeonggi/namyangju/화도읍/love테라피/","False","True",""
"업체상세","shops/gyeonggi/namyangju/화도읍/프리미엄테라피/index.html","https://1004테라피.shop/shops/gyeonggi/namyangju/화도읍/프리미엄테라피/","False","True",""
"업체상세","shops/gyeonggi/dongducheon/보산동/한국미인테라피/index.html","https://1004테라피.shop/shops/gyeonggi/dongducheon/보산동/한국미인테라피/","False","True",""
"업체상세","shops/gyeonggi/dongducheon/보산동/너무이쁜테라피/index.html","https://1004테라피.shop/shops/gyeonggi/dongducheon/보산동/너무이쁜테라피/","False","True",""
"업체상세","shops/gyeonggi/dongducheon/보산동/love테라피/index.html","https://1004테라피.shop/shops/gyeonggi/dongducheon/보산동/love테라피/","False","True",""
"업체상세","shops/gyeonggi/dongducheon/보산동/프리미엄테라피/index.html","https://1004테라피.shop/shops/gyeonggi/dongducheon/보산동/프리미엄테라피/","False","True",""
"업체상세","shops/gyeonggi/dongducheon/불현동/한국미인테라피/index.html","https://1004테라피.shop/shops/gyeonggi/dongducheon/불현동/한국미인테라피/","False","True",""
"업체상세","shops/gyeonggi/dongducheon/불현동/너무이쁜테라피/index.html","https://1004테라피.shop/shops/gyeonggi/dongducheon/불현동/너무이쁜테라피/","False","True",""
"업체상세","shops/gyeonggi/dongducheon/불현동/love테라피/index.html","https://1004테라피.shop/shops/gyeonggi/dongducheon/불현동/love테라피/","False","True",""
"업체상세","shops/gyeonggi/dongducheon/불현동/프리미엄테라피/index.html","https://1004테라피.shop/shops/gyeonggi/dongducheon/불현동/프리미엄테라피/","False","True",""
"업체상세","shops/gyeonggi/dongducheon/상패동/한국미인테라피/index.html","https://1004테라피.shop/shops/gyeonggi/dongducheon/상패동/한국미인테라피/","False","True",""
"업체상세","shops/gyeonggi/dongducheon/상패동/너무이쁜테라피/index.html","https://1004테라피.shop/shops/gyeonggi/dongducheon/상패동/너무이쁜테라피/","False","True",""
"업체상세","shops/gyeonggi/dongducheon/상패동/love테라피/index.html","https://1004테라피.shop/shops/gyeonggi/dongducheon/상패동/love테라피/","False","True",""
"업체상세","shops/gyeonggi/dongducheon/상패동/프리미엄테라피/index.html","https://1004테라피.shop/shops/gyeonggi/dongducheon/상패동/프리미엄테라피/","False","True",""
"업체상세","shops/gyeonggi/dongducheon/생연동/한국미인테라피/index.html","https://1004테라피.shop/shops/gyeonggi/dongducheon/생연동/한국미인테라피/","False","True",""
"업체상세","shops/gyeonggi/dongducheon/생연동/너무이쁜테라피/index.html","https://1004테라피.shop/shops/gyeonggi/dongducheon/생연동/너무이쁜테라피/","False","True",""
"업체상세","shops/gyeonggi/dongducheon/생연동/love테라피/index.html","https://1004테라피.shop/shops/gyeonggi/dongducheon/생연동/love테라피/","False","True",""
"업체상세","shops/gyeonggi/dongducheon/생연동/프리미엄테라피/index.html","https://1004테라피.shop/shops/gyeonggi/dongducheon/생연동/프리미엄테라피/","False","True",""
"업체상세","shops/gyeonggi/dongducheon/소요동/한국미인테라피/index.html","https://1004테라피.shop/shops/gyeonggi/dongducheon/소요동/한국미인테라피/","False","True",""
"업체상세","shops/gyeonggi/dongducheon/소요동/너무이쁜테라피/index.html","https://1004테라피.shop/shops/gyeonggi/dongducheon/소요동/너무이쁜테라피/","False","True",""
"업체상세","shops/gyeonggi/dongducheon/소요동/love테라피/index.html","https://1004테라피.shop/shops/gyeonggi/dongducheon/소요동/love테라피/","False","True",""
"업체상세","shops/gyeonggi/dongducheon/소요동/프리미엄테라피/index.html","https://1004테라피.shop/shops/gyeonggi/dongducheon/소요동/프리미엄테라피/","False","True",""
"업체상세","shops/gyeonggi/dongducheon/송내동/한국미인테라피/index.html","https://1004테라피.shop/shops/gyeonggi/dongducheon/송내동/한국미인테라피/","False","True",""
"업체상세","shops/gyeonggi/dongducheon/송내동/너무이쁜테라피/index.html","https://1004테라피.shop/shops/gyeonggi/dongducheon/송내동/너무이쁜테라피/","False","True",""
"업체상세","shops/gyeonggi/dongducheon/송내동/love테라피/index.html","https://1004테라피.shop/shops/gyeonggi/dongducheon/송내동/love테라피/","False","True",""
"업체상세","shops/gyeonggi/dongducheon/송내동/프리미엄테라피/index.html","https://1004테라피.shop/shops/gyeonggi/dongducheon/송내동/프리미엄테라피/","False","True",""
"업체상세","shops/gyeonggi/dongducheon/중앙동/한국미인테라피/index.html","https://1004테라피.shop/shops/gyeonggi/dongducheon/중앙동/한국미인테라피/","False","True",""
"업체상세","shops/gyeonggi/dongducheon/중앙동/너무이쁜테라피/index.html","https://1004테라피.shop/shops/gyeonggi/dongducheon/중앙동/너무이쁜테라피/","False","True",""
"업체상세","shops/gyeonggi/dongducheon/중앙동/love테라피/index.html","https://1004테라피.shop/shops/gyeonggi/dongducheon/중앙동/love테라피/","False","True",""
"업체상세","shops/gyeonggi/dongducheon/중앙동/프리미엄테라피/index.html","https://1004테라피.shop/shops/gyeonggi/dongducheon/중앙동/프리미엄테라피/","False","True",""
"업체상세","shops/gyeonggi/bucheon/sosa-gu/괴안동/한국미인테라피/index.html","https://1004테라피.shop/shops/gyeonggi/bucheon/sosa-gu/괴안동/한국미인테라피/","False","True",""
"업체상세","shops/gyeonggi/bucheon/sosa-gu/괴안동/너무이쁜테라피/index.html","https://1004테라피.shop/shops/gyeonggi/bucheon/sosa-gu/괴안동/너무이쁜테라피/","False","True",""
"업체상세","shops/gyeonggi/bucheon/sosa-gu/괴안동/love테라피/index.html","https://1004테라피.shop/shops/gyeonggi/bucheon/sosa-gu/괴안동/love테라피/","False","True",""
"업체상세","shops/gyeonggi/bucheon/sosa-gu/괴안동/프리미엄테라피/index.html","https://1004테라피.shop/shops/gyeonggi/bucheon/sosa-gu/괴안동/프리미엄테라피/","False","True",""
"업체상세","shops/gyeonggi/bucheon/sosa-gu/범박동/한국미인테라피/index.html","https://1004테라피.shop/shops/gyeonggi/bucheon/sosa-gu/범박동/한국미인테라피/","False","True",""
"업체상세","shops/gyeonggi/bucheon/sosa-gu/범박동/너무이쁜테라피/index.html","https://1004테라피.shop/shops/gyeonggi/bucheon/sosa-gu/범박동/너무이쁜테라피/","False","True",""
"업체상세","shops/gyeonggi/bucheon/sosa-gu/범박동/love테라피/index.html","https://1004테라피.shop/shops/gyeonggi/bucheon/sosa-gu/범박동/love테라피/","False","True",""
"업체상세","shops/gyeonggi/bucheon/sosa-gu/범박동/프리미엄테라피/index.html","https://1004테라피.shop/shops/gyeonggi/bucheon/sosa-gu/범박동/프리미엄테라피/","False","True",""
"업체상세","shops/gyeonggi/bucheon/sosa-gu/소사본동/한국미인테라피/index.html","https://1004테라피.shop/shops/gyeonggi/bucheon/sosa-gu/소사본동/한국미인테라피/","False","True",""
"업체상세","shops/gyeonggi/bucheon/sosa-gu/소사본동/너무이쁜테라피/index.html","https://1004테라피.shop/shops/gyeonggi/bucheon/sosa-gu/소사본동/너무이쁜테라피/","False","True",""
"업체상세","shops/gyeonggi/bucheon/sosa-gu/소사본동/love테라피/index.html","https://1004테라피.shop/shops/gyeonggi/bucheon/sosa-gu/소사본동/love테라피/","False","True",""
"업체상세","shops/gyeonggi/bucheon/sosa-gu/소사본동/프리미엄테라피/index.html","https://1004테라피.shop/shops/gyeonggi/bucheon/sosa-gu/소사본동/프리미엄테라피/","False","True",""
"업체상세","shops/gyeonggi/bucheon/sosa-gu/송내동/한국미인테라피/index.html","https://1004테라피.shop/shops/gyeonggi/bucheon/sosa-gu/송내동/한국미인테라피/","False","True",""
"업체상세","shops/gyeonggi/bucheon/sosa-gu/송내동/너무이쁜테라피/index.html","https://1004테라피.shop/shops/gyeonggi/bucheon/sosa-gu/송내동/너무이쁜테라피/","False","True",""
"업체상세","shops/gyeonggi/bucheon/sosa-gu/송내동/love테라피/index.html","https://1004테라피.shop/shops/gyeonggi/bucheon/sosa-gu/송내동/love테라피/","False","True",""
"업체상세","shops/gyeonggi/bucheon/sosa-gu/송내동/프리미엄테라피/index.html","https://1004테라피.shop/shops/gyeonggi/bucheon/sosa-gu/송내동/프리미엄테라피/","False","True",""
"업체상세","shops/gyeonggi/bucheon/sosa-gu/심곡본동/한국미인테라피/index.html","https://1004테라피.shop/shops/gyeonggi/bucheon/sosa-gu/심곡본동/한국미인테라피/","False","True",""
"업체상세","shops/gyeonggi/bucheon/sosa-gu/심곡본동/너무이쁜테라피/index.html","https://1004테라피.shop/shops/gyeonggi/bucheon/sosa-gu/심곡본동/너무이쁜테라피/","False","True",""
"업체상세","shops/gyeonggi/bucheon/sosa-gu/심곡본동/love테라피/index.html","https://1004테라피.shop/shops/gyeonggi/bucheon/sosa-gu/심곡본동/love테라피/","False","True",""
"업체상세","shops/gyeonggi/bucheon/sosa-gu/심곡본동/프리미엄테라피/index.html","https://1004테라피.shop/shops/gyeonggi/bucheon/sosa-gu/심곡본동/프리미엄테라피/","False","True",""
"업체상세","shops/gyeonggi/bucheon/sosa-gu/역곡동/한국미인테라피/index.html","https://1004테라피.shop/shops/gyeonggi/bucheon/sosa-gu/역곡동/한국미인테라피/","False","True",""
"업체상세","shops/gyeonggi/bucheon/sosa-gu/역곡동/너무이쁜테라피/index.html","https://1004테라피.shop/shops/gyeonggi/bucheon/sosa-gu/역곡동/너무이쁜테라피/","False","True",""
"업체상세","shops/gyeonggi/bucheon/sosa-gu/역곡동/love테라피/index.html","https://1004테라피.shop/shops/gyeonggi/bucheon/sosa-gu/역곡동/love테라피/","False","True",""
"업체상세","shops/gyeonggi/bucheon/sosa-gu/역곡동/프리미엄테라피/index.html","https://1004테라피.shop/shops/gyeonggi/bucheon/sosa-gu/역곡동/프리미엄테라피/","False","True",""
"업체상세","shops/gyeonggi/bucheon/sosa-gu/옥길동/한국미인테라피/index.html","https://1004테라피.shop/shops/gyeonggi/bucheon/sosa-gu/옥길동/한국미인테라피/","False","True",""
"업체상세","shops/gyeonggi/bucheon/sosa-gu/옥길동/너무이쁜테라피/index.html","https://1004테라피.shop/shops/gyeonggi/bucheon/sosa-gu/옥길동/너무이쁜테라피/","False","True",""
"업체상세","shops/gyeonggi/bucheon/sosa-gu/옥길동/love테라피/index.html","https://1004테라피.shop/shops/gyeonggi/bucheon/sosa-gu/옥길동/love테라피/","False","True",""
"업체상세","shops/gyeonggi/bucheon/sosa-gu/옥길동/프리미엄테라피/index.html","https://1004테라피.shop/shops/gyeonggi/bucheon/sosa-gu/옥길동/프리미엄테라피/","False","True",""
"업체상세","shops/gyeonggi/bucheon/ojeong-gu/고강동/한국미인테라피/index.html","https://1004테라피.shop/shops/gyeonggi/bucheon/ojeong-gu/고강동/한국미인테라피/","False","True",""
"업체상세","shops/gyeonggi/bucheon/ojeong-gu/고강동/너무이쁜테라피/index.html","https://1004테라피.shop/shops/gyeonggi/bucheon/ojeong-gu/고강동/너무이쁜테라피/","False","True",""
"업체상세","shops/gyeonggi/bucheon/ojeong-gu/고강동/love테라피/index.html","https://1004테라피.shop/shops/gyeonggi/bucheon/ojeong-gu/고강동/love테라피/","False","True",""
"업체상세","shops/gyeonggi/bucheon/ojeong-gu/고강동/프리미엄테라피/index.html","https://1004테라피.shop/shops/gyeonggi/bucheon/ojeong-gu/고강동/프리미엄테라피/","False","True",""
"업체상세","shops/gyeonggi/bucheon/ojeong-gu/고강본동/한국미인테라피/index.html","https://1004테라피.shop/shops/gyeonggi/bucheon/ojeong-gu/고강본동/한국미인테라피/","False","True",""
"업체상세","shops/gyeonggi/bucheon/ojeong-gu/고강본동/너무이쁜테라피/index.html","https://1004테라피.shop/shops/gyeonggi/bucheon/ojeong-gu/고강본동/너무이쁜테라피/","False","True",""
"업체상세","shops/gyeonggi/bucheon/ojeong-gu/고강본동/love테라피/index.html","https://1004테라피.shop/shops/gyeonggi/bucheon/ojeong-gu/고강본동/love테라피/","False","True",""
"업체상세","shops/gyeonggi/bucheon/ojeong-gu/고강본동/프리미엄테라피/index.html","https://1004테라피.shop/shops/gyeonggi/bucheon/ojeong-gu/고강본동/프리미엄테라피/","False","True",""
"업체상세","shops/gyeonggi/bucheon/ojeong-gu/성곡동/한국미인테라피/index.html","https://1004테라피.shop/shops/gyeonggi/bucheon/ojeong-gu/성곡동/한국미인테라피/","False","True",""
"업체상세","shops/gyeonggi/bucheon/ojeong-gu/성곡동/너무이쁜테라피/index.html","https://1004테라피.shop/shops/gyeonggi/bucheon/ojeong-gu/성곡동/너무이쁜테라피/","False","True",""
"업체상세","shops/gyeonggi/bucheon/ojeong-gu/성곡동/love테라피/index.html","https://1004테라피.shop/shops/gyeonggi/bucheon/ojeong-gu/성곡동/love테라피/","False","True",""
"업체상세","shops/gyeonggi/bucheon/ojeong-gu/성곡동/프리미엄테라피/index.html","https://1004테라피.shop/shops/gyeonggi/bucheon/ojeong-gu/성곡동/프리미엄테라피/","False","True",""
"업체상세","shops/gyeonggi/bucheon/ojeong-gu/신흥동/한국미인테라피/index.html","https://1004테라피.shop/shops/gyeonggi/bucheon/ojeong-gu/신흥동/한국미인테라피/","False","True",""
"업체상세","shops/gyeonggi/bucheon/ojeong-gu/신흥동/너무이쁜테라피/index.html","https://1004테라피.shop/shops/gyeonggi/bucheon/ojeong-gu/신흥동/너무이쁜테라피/","False","True",""
"업체상세","shops/gyeonggi/bucheon/ojeong-gu/신흥동/love테라피/index.html","https://1004테라피.shop/shops/gyeonggi/bucheon/ojeong-gu/신흥동/love테라피/","False","True",""
"업체상세","shops/gyeonggi/bucheon/ojeong-gu/신흥동/프리미엄테라피/index.html","https://1004테라피.shop/shops/gyeonggi/bucheon/ojeong-gu/신흥동/프리미엄테라피/","False","True",""
"업체상세","shops/gyeonggi/bucheon/ojeong-gu/오정동/한국미인테라피/index.html","https://1004테라피.shop/shops/gyeonggi/bucheon/ojeong-gu/오정동/한국미인테라피/","False","True",""
"업체상세","shops/gyeonggi/bucheon/ojeong-gu/오정동/너무이쁜테라피/index.html","https://1004테라피.shop/shops/gyeonggi/bucheon/ojeong-gu/오정동/너무이쁜테라피/","False","True",""
"업체상세","shops/gyeonggi/bucheon/ojeong-gu/오정동/love테라피/index.html","https://1004테라피.shop/shops/gyeonggi/bucheon/ojeong-gu/오정동/love테라피/","False","True",""
"업체상세","shops/gyeonggi/bucheon/ojeong-gu/오정동/프리미엄테라피/index.html","https://1004테라피.shop/shops/gyeonggi/bucheon/ojeong-gu/오정동/프리미엄테라피/","False","True",""
"업체상세","shops/gyeonggi/bucheon/ojeong-gu/원종동/한국미인테라피/index.html","https://1004테라피.shop/shops/gyeonggi/bucheon/ojeong-gu/원종동/한국미인테라피/","False","True",""
"업체상세","shops/gyeonggi/bucheon/ojeong-gu/원종동/너무이쁜테라피/index.html","https://1004테라피.shop/shops/gyeonggi/bucheon/ojeong-gu/원종동/너무이쁜테라피/","False","True",""
"업체상세","shops/gyeonggi/bucheon/ojeong-gu/원종동/love테라피/index.html","https://1004테라피.shop/shops/gyeonggi/bucheon/ojeong-gu/원종동/love테라피/","False","True",""
"업체상세","shops/gyeonggi/bucheon/ojeong-gu/원종동/프리미엄테라피/index.html","https://1004테라피.shop/shops/gyeonggi/bucheon/ojeong-gu/원종동/프리미엄테라피/","False","True",""
"업체상세","shops/gyeonggi/bucheon/wonmi-gu/도당동/한국미인테라피/index.html","https://1004테라피.shop/shops/gyeonggi/bucheon/wonmi-gu/도당동/한국미인테라피/","False","True",""
"업체상세","shops/gyeonggi/bucheon/wonmi-gu/도당동/너무이쁜테라피/index.html","https://1004테라피.shop/shops/gyeonggi/bucheon/wonmi-gu/도당동/너무이쁜테라피/","False","True",""
"업체상세","shops/gyeonggi/bucheon/wonmi-gu/도당동/love테라피/index.html","https://1004테라피.shop/shops/gyeonggi/bucheon/wonmi-gu/도당동/love테라피/","False","True",""
"업체상세","shops/gyeonggi/bucheon/wonmi-gu/도당동/프리미엄테라피/index.html","https://1004테라피.shop/shops/gyeonggi/bucheon/wonmi-gu/도당동/프리미엄테라피/","False","True",""
"업체상세","shops/gyeonggi/bucheon/wonmi-gu/상동/한국미인테라피/index.html","https://1004테라피.shop/shops/gyeonggi/bucheon/wonmi-gu/상동/한국미인테라피/","False","True",""
"업체상세","shops/gyeonggi/bucheon/wonmi-gu/상동/너무이쁜테라피/index.html","https://1004테라피.shop/shops/gyeonggi/bucheon/wonmi-gu/상동/너무이쁜테라피/","False","True",""
"업체상세","shops/gyeonggi/bucheon/wonmi-gu/상동/love테라피/index.html","https://1004테라피.shop/shops/gyeonggi/bucheon/wonmi-gu/상동/love테라피/","False","True",""
"업체상세","shops/gyeonggi/bucheon/wonmi-gu/상동/프리미엄테라피/index.html","https://1004테라피.shop/shops/gyeonggi/bucheon/wonmi-gu/상동/프리미엄테라피/","False","True",""
"업체상세","shops/gyeonggi/bucheon/wonmi-gu/소사동/한국미인테라피/index.html","https://1004테라피.shop/shops/gyeonggi/bucheon/wonmi-gu/소사동/한국미인테라피/","False","True",""
"업체상세","shops/gyeonggi/bucheon/wonmi-gu/소사동/너무이쁜테라피/index.html","https://1004테라피.shop/shops/gyeonggi/bucheon/wonmi-gu/소사동/너무이쁜테라피/","False","True",""
"업체상세","shops/gyeonggi/bucheon/wonmi-gu/소사동/love테라피/index.html","https://1004테라피.shop/shops/gyeonggi/bucheon/wonmi-gu/소사동/love테라피/","False","True",""
"업체상세","shops/gyeonggi/bucheon/wonmi-gu/소사동/프리미엄테라피/index.html","https://1004테라피.shop/shops/gyeonggi/bucheon/wonmi-gu/소사동/프리미엄테라피/","False","True",""
"업체상세","shops/gyeonggi/bucheon/wonmi-gu/심곡동/한국미인테라피/index.html","https://1004테라피.shop/shops/gyeonggi/bucheon/wonmi-gu/심곡동/한국미인테라피/","False","True",""
"업체상세","shops/gyeonggi/bucheon/wonmi-gu/심곡동/너무이쁜테라피/index.html","https://1004테라피.shop/shops/gyeonggi/bucheon/wonmi-gu/심곡동/너무이쁜테라피/","False","True",""
"업체상세","shops/gyeonggi/bucheon/wonmi-gu/심곡동/love테라피/index.html","https://1004테라피.shop/shops/gyeonggi/bucheon/wonmi-gu/심곡동/love테라피/","False","True",""
"업체상세","shops/gyeonggi/bucheon/wonmi-gu/심곡동/프리미엄테라피/index.html","https://1004테라피.shop/shops/gyeonggi/bucheon/wonmi-gu/심곡동/프리미엄테라피/","False","True",""
"업체상세","shops/gyeonggi/bucheon/wonmi-gu/약대동/한국미인테라피/index.html","https://1004테라피.shop/shops/gyeonggi/bucheon/wonmi-gu/약대동/한국미인테라피/","False","True",""
"업체상세","shops/gyeonggi/bucheon/wonmi-gu/약대동/너무이쁜테라피/index.html","https://1004테라피.shop/shops/gyeonggi/bucheon/wonmi-gu/약대동/너무이쁜테라피/","False","True",""
"업체상세","shops/gyeonggi/bucheon/wonmi-gu/약대동/love테라피/index.html","https://1004테라피.shop/shops/gyeonggi/bucheon/wonmi-gu/약대동/love테라피/","False","True",""
"업체상세","shops/gyeonggi/bucheon/wonmi-gu/약대동/프리미엄테라피/index.html","https://1004테라피.shop/shops/gyeonggi/bucheon/wonmi-gu/약대동/프리미엄테라피/","False","True",""
"업체상세","shops/gyeonggi/bucheon/wonmi-gu/역곡동/한국미인테라피/index.html","https://1004테라피.shop/shops/gyeonggi/bucheon/wonmi-gu/역곡동/한국미인테라피/","False","True",""
"업체상세","shops/gyeonggi/bucheon/wonmi-gu/역곡동/너무이쁜테라피/index.html","https://1004테라피.shop/shops/gyeonggi/bucheon/wonmi-gu/역곡동/너무이쁜테라피/","False","True",""
"업체상세","shops/gyeonggi/bucheon/wonmi-gu/역곡동/love테라피/index.html","https://1004테라피.shop/shops/gyeonggi/bucheon/wonmi-gu/역곡동/love테라피/","False","True",""
"업체상세","shops/gyeonggi/bucheon/wonmi-gu/역곡동/프리미엄테라피/index.html","https://1004테라피.shop/shops/gyeonggi/bucheon/wonmi-gu/역곡동/프리미엄테라피/","False","True",""
"업체상세","shops/gyeonggi/bucheon/wonmi-gu/원미동/한국미인테라피/index.html","https://1004테라피.shop/shops/gyeonggi/bucheon/wonmi-gu/원미동/한국미인테라피/","False","True",""
"업체상세","shops/gyeonggi/bucheon/wonmi-gu/원미동/너무이쁜테라피/index.html","https://1004테라피.shop/shops/gyeonggi/bucheon/wonmi-gu/원미동/너무이쁜테라피/","False","True",""
"업체상세","shops/gyeonggi/bucheon/wonmi-gu/원미동/love테라피/index.html","https://1004테라피.shop/shops/gyeonggi/bucheon/wonmi-gu/원미동/love테라피/","False","True",""
"업체상세","shops/gyeonggi/bucheon/wonmi-gu/원미동/프리미엄테라피/index.html","https://1004테라피.shop/shops/gyeonggi/bucheon/wonmi-gu/원미동/프리미엄테라피/","False","True",""
"업체상세","shops/gyeonggi/bucheon/wonmi-gu/중동/한국미인테라피/index.html","https://1004테라피.shop/shops/gyeonggi/bucheon/wonmi-gu/중동/한국미인테라피/","False","True",""
"업체상세","shops/gyeonggi/bucheon/wonmi-gu/중동/너무이쁜테라피/index.html","https://1004테라피.shop/shops/gyeonggi/bucheon/wonmi-gu/중동/너무이쁜테라피/","False","True",""
"업체상세","shops/gyeonggi/bucheon/wonmi-gu/중동/love테라피/index.html","https://1004테라피.shop/shops/gyeonggi/bucheon/wonmi-gu/중동/love테라피/","False","True",""
"업체상세","shops/gyeonggi/bucheon/wonmi-gu/중동/프리미엄테라피/index.html","https://1004테라피.shop/shops/gyeonggi/bucheon/wonmi-gu/중동/프리미엄테라피/","False","True",""
"업체상세","shops/gyeonggi/bucheon/wonmi-gu/춘의동/한국미인테라피/index.html","https://1004테라피.shop/shops/gyeonggi/bucheon/wonmi-gu/춘의동/한국미인테라피/","False","True",""
"업체상세","shops/gyeonggi/bucheon/wonmi-gu/춘의동/너무이쁜테라피/index.html","https://1004테라피.shop/shops/gyeonggi/bucheon/wonmi-gu/춘의동/너무이쁜테라피/","False","True",""
"업체상세","shops/gyeonggi/bucheon/wonmi-gu/춘의동/love테라피/index.html","https://1004테라피.shop/shops/gyeonggi/bucheon/wonmi-gu/춘의동/love테라피/","False","True",""
"업체상세","shops/gyeonggi/bucheon/wonmi-gu/춘의동/프리미엄테라피/index.html","https://1004테라피.shop/shops/gyeonggi/bucheon/wonmi-gu/춘의동/프리미엄테라피/","False","True",""
"업체상세","shops/gyeonggi/seongnam/bundang-gu/구미동/한국미인테라피/index.html","https://1004테라피.shop/shops/gyeonggi/seongnam/bundang-gu/구미동/한국미인테라피/","False","True",""
"업체상세","shops/gyeonggi/seongnam/bundang-gu/구미동/너무이쁜테라피/index.html","https://1004테라피.shop/shops/gyeonggi/seongnam/bundang-gu/구미동/너무이쁜테라피/","False","True",""
"업체상세","shops/gyeonggi/seongnam/bundang-gu/구미동/love테라피/index.html","https://1004테라피.shop/shops/gyeonggi/seongnam/bundang-gu/구미동/love테라피/","False","True",""
"업체상세","shops/gyeonggi/seongnam/bundang-gu/구미동/프리미엄테라피/index.html","https://1004테라피.shop/shops/gyeonggi/seongnam/bundang-gu/구미동/프리미엄테라피/","False","True",""
"업체상세","shops/gyeonggi/seongnam/bundang-gu/금곡동/한국미인테라피/index.html","https://1004테라피.shop/shops/gyeonggi/seongnam/bundang-gu/금곡동/한국미인테라피/","False","True",""
"업체상세","shops/gyeonggi/seongnam/bundang-gu/금곡동/너무이쁜테라피/index.html","https://1004테라피.shop/shops/gyeonggi/seongnam/bundang-gu/금곡동/너무이쁜테라피/","False","True",""
"업체상세","shops/gyeonggi/seongnam/bundang-gu/금곡동/love테라피/index.html","https://1004테라피.shop/shops/gyeonggi/seongnam/bundang-gu/금곡동/love테라피/","False","True",""
"업체상세","shops/gyeonggi/seongnam/bundang-gu/금곡동/프리미엄테라피/index.html","https://1004테라피.shop/shops/gyeonggi/seongnam/bundang-gu/금곡동/프리미엄테라피/","False","True",""
"업체상세","shops/gyeonggi/seongnam/bundang-gu/백현동/한국미인테라피/index.html","https://1004테라피.shop/shops/gyeonggi/seongnam/bundang-gu/백현동/한국미인테라피/","False","True",""
"업체상세","shops/gyeonggi/seongnam/bundang-gu/백현동/너무이쁜테라피/index.html","https://1004테라피.shop/shops/gyeonggi/seongnam/bundang-gu/백현동/너무이쁜테라피/","False","True",""
"업체상세","shops/gyeonggi/seongnam/bundang-gu/백현동/love테라피/index.html","https://1004테라피.shop/shops/gyeonggi/seongnam/bundang-gu/백현동/love테라피/","False","True",""
"업체상세","shops/gyeonggi/seongnam/bundang-gu/백현동/프리미엄테라피/index.html","https://1004테라피.shop/shops/gyeonggi/seongnam/bundang-gu/백현동/프리미엄테라피/","False","True",""
"업체상세","shops/gyeonggi/seongnam/bundang-gu/분당동/한국미인테라피/index.html","https://1004테라피.shop/shops/gyeonggi/seongnam/bundang-gu/분당동/한국미인테라피/","False","True",""
"업체상세","shops/gyeonggi/seongnam/bundang-gu/분당동/너무이쁜테라피/index.html","https://1004테라피.shop/shops/gyeonggi/seongnam/bundang-gu/분당동/너무이쁜테라피/","False","True",""
"업체상세","shops/gyeonggi/seongnam/bundang-gu/분당동/love테라피/index.html","https://1004테라피.shop/shops/gyeonggi/seongnam/bundang-gu/분당동/love테라피/","False","True",""
"업체상세","shops/gyeonggi/seongnam/bundang-gu/분당동/프리미엄테라피/index.html","https://1004테라피.shop/shops/gyeonggi/seongnam/bundang-gu/분당동/프리미엄테라피/","False","True",""
"업체상세","shops/gyeonggi/seongnam/bundang-gu/삼평동/한국미인테라피/index.html","https://1004테라피.shop/shops/gyeonggi/seongnam/bundang-gu/삼평동/한국미인테라피/","False","True",""
"업체상세","shops/gyeonggi/seongnam/bundang-gu/삼평동/너무이쁜테라피/index.html","https://1004테라피.shop/shops/gyeonggi/seongnam/bundang-gu/삼평동/너무이쁜테라피/","False","True",""
"업체상세","shops/gyeonggi/seongnam/bundang-gu/삼평동/love테라피/index.html","https://1004테라피.shop/shops/gyeonggi/seongnam/bundang-gu/삼평동/love테라피/","False","True",""
"업체상세","shops/gyeonggi/seongnam/bundang-gu/삼평동/프리미엄테라피/index.html","https://1004테라피.shop/shops/gyeonggi/seongnam/bundang-gu/삼평동/프리미엄테라피/","False","True",""
"업체상세","shops/gyeonggi/seongnam/bundang-gu/서현동/한국미인테라피/index.html","https://1004테라피.shop/shops/gyeonggi/seongnam/bundang-gu/서현동/한국미인테라피/","False","True",""
"업체상세","shops/gyeonggi/seongnam/bundang-gu/서현동/너무이쁜테라피/index.html","https://1004테라피.shop/shops/gyeonggi/seongnam/bundang-gu/서현동/너무이쁜테라피/","False","True",""
"업체상세","shops/gyeonggi/seongnam/bundang-gu/서현동/love테라피/index.html","https://1004테라피.shop/shops/gyeonggi/seongnam/bundang-gu/서현동/love테라피/","False","True",""
"업체상세","shops/gyeonggi/seongnam/bundang-gu/서현동/프리미엄테라피/index.html","https://1004테라피.shop/shops/gyeonggi/seongnam/bundang-gu/서현동/프리미엄테라피/","False","True",""
"업체상세","shops/gyeonggi/seongnam/bundang-gu/수내동/한국미인테라피/index.html","https://1004테라피.shop/shops/gyeonggi/seongnam/bundang-gu/수내동/한국미인테라피/","False","True",""
"업체상세","shops/gyeonggi/seongnam/bundang-gu/수내동/너무이쁜테라피/index.html","https://1004테라피.shop/shops/gyeonggi/seongnam/bundang-gu/수내동/너무이쁜테라피/","False","True",""
"업체상세","shops/gyeonggi/seongnam/bundang-gu/수내동/love테라피/index.html","https://1004테라피.shop/shops/gyeonggi/seongnam/bundang-gu/수내동/love테라피/","False","True",""
"업체상세","shops/gyeonggi/seongnam/bundang-gu/수내동/프리미엄테라피/index.html","https://1004테라피.shop/shops/gyeonggi/seongnam/bundang-gu/수내동/프리미엄테라피/","False","True",""
"업체상세","shops/gyeonggi/seongnam/bundang-gu/야탑동/한국미인테라피/index.html","https://1004테라피.shop/shops/gyeonggi/seongnam/bundang-gu/야탑동/한국미인테라피/","False","True",""
"업체상세","shops/gyeonggi/seongnam/bundang-gu/야탑동/너무이쁜테라피/index.html","https://1004테라피.shop/shops/gyeonggi/seongnam/bundang-gu/야탑동/너무이쁜테라피/","False","True",""
"업체상세","shops/gyeonggi/seongnam/bundang-gu/야탑동/love테라피/index.html","https://1004테라피.shop/shops/gyeonggi/seongnam/bundang-gu/야탑동/love테라피/","False","True",""
"업체상세","shops/gyeonggi/seongnam/bundang-gu/야탑동/프리미엄테라피/index.html","https://1004테라피.shop/shops/gyeonggi/seongnam/bundang-gu/야탑동/프리미엄테라피/","False","True",""
"업체상세","shops/gyeonggi/seongnam/bundang-gu/운중동/한국미인테라피/index.html","https://1004테라피.shop/shops/gyeonggi/seongnam/bundang-gu/운중동/한국미인테라피/","False","True",""
"업체상세","shops/gyeonggi/seongnam/bundang-gu/운중동/너무이쁜테라피/index.html","https://1004테라피.shop/shops/gyeonggi/seongnam/bundang-gu/운중동/너무이쁜테라피/","False","True",""
"업체상세","shops/gyeonggi/seongnam/bundang-gu/운중동/love테라피/index.html","https://1004테라피.shop/shops/gyeonggi/seongnam/bundang-gu/운중동/love테라피/","False","True",""
"업체상세","shops/gyeonggi/seongnam/bundang-gu/운중동/프리미엄테라피/index.html","https://1004테라피.shop/shops/gyeonggi/seongnam/bundang-gu/운중동/프리미엄테라피/","False","True",""
"업체상세","shops/gyeonggi/seongnam/bundang-gu/이매동/한국미인테라피/index.html","https://1004테라피.shop/shops/gyeonggi/seongnam/bundang-gu/이매동/한국미인테라피/","False","True",""
"업체상세","shops/gyeonggi/seongnam/bundang-gu/이매동/너무이쁜테라피/index.html","https://1004테라피.shop/shops/gyeonggi/seongnam/bundang-gu/이매동/너무이쁜테라피/","False","True",""
"업체상세","shops/gyeonggi/seongnam/bundang-gu/이매동/love테라피/index.html","https://1004테라피.shop/shops/gyeonggi/seongnam/bundang-gu/이매동/love테라피/","False","True",""
"업체상세","shops/gyeonggi/seongnam/bundang-gu/이매동/프리미엄테라피/index.html","https://1004테라피.shop/shops/gyeonggi/seongnam/bundang-gu/이매동/프리미엄테라피/","False","True",""
"업체상세","shops/gyeonggi/seongnam/bundang-gu/정자동/한국미인테라피/index.html","https://1004테라피.shop/shops/gyeonggi/seongnam/bundang-gu/정자동/한국미인테라피/","False","True",""
"업체상세","shops/gyeonggi/seongnam/bundang-gu/정자동/너무이쁜테라피/index.html","https://1004테라피.shop/shops/gyeonggi/seongnam/bundang-gu/정자동/너무이쁜테라피/","False","True",""
"업체상세","shops/gyeonggi/seongnam/bundang-gu/정자동/love테라피/index.html","https://1004테라피.shop/shops/gyeonggi/seongnam/bundang-gu/정자동/love테라피/","False","True",""
"업체상세","shops/gyeonggi/seongnam/bundang-gu/정자동/프리미엄테라피/index.html","https://1004테라피.shop/shops/gyeonggi/seongnam/bundang-gu/정자동/프리미엄테라피/","False","True",""
"업체상세","shops/gyeonggi/seongnam/bundang-gu/판교동/한국미인테라피/index.html","https://1004테라피.shop/shops/gyeonggi/seongnam/bundang-gu/판교동/한국미인테라피/","False","True",""
"업체상세","shops/gyeonggi/seongnam/bundang-gu/판교동/너무이쁜테라피/index.html","https://1004테라피.shop/shops/gyeonggi/seongnam/bundang-gu/판교동/너무이쁜테라피/","False","True",""
"업체상세","shops/gyeonggi/seongnam/bundang-gu/판교동/love테라피/index.html","https://1004테라피.shop/shops/gyeonggi/seongnam/bundang-gu/판교동/love테라피/","False","True",""
"업체상세","shops/gyeonggi/seongnam/bundang-gu/판교동/프리미엄테라피/index.html","https://1004테라피.shop/shops/gyeonggi/seongnam/bundang-gu/판교동/프리미엄테라피/","False","True",""
"업체상세","shops/gyeonggi/seongnam/sujeong-gu/고등동/한국미인테라피/index.html","https://1004테라피.shop/shops/gyeonggi/seongnam/sujeong-gu/고등동/한국미인테라피/","False","True",""
"업체상세","shops/gyeonggi/seongnam/sujeong-gu/고등동/너무이쁜테라피/index.html","https://1004테라피.shop/shops/gyeonggi/seongnam/sujeong-gu/고등동/너무이쁜테라피/","False","True",""
"업체상세","shops/gyeonggi/seongnam/sujeong-gu/고등동/love테라피/index.html","https://1004테라피.shop/shops/gyeonggi/seongnam/sujeong-gu/고등동/love테라피/","False","True",""
"업체상세","shops/gyeonggi/seongnam/sujeong-gu/고등동/프리미엄테라피/index.html","https://1004테라피.shop/shops/gyeonggi/seongnam/sujeong-gu/고등동/프리미엄테라피/","False","True",""
"업체상세","shops/gyeonggi/seongnam/sujeong-gu/단대동/한국미인테라피/index.html","https://1004테라피.shop/shops/gyeonggi/seongnam/sujeong-gu/단대동/한국미인테라피/","False","True",""
"업체상세","shops/gyeonggi/seongnam/sujeong-gu/단대동/너무이쁜테라피/index.html","https://1004테라피.shop/shops/gyeonggi/seongnam/sujeong-gu/단대동/너무이쁜테라피/","False","True",""
"업체상세","shops/gyeonggi/seongnam/sujeong-gu/단대동/love테라피/index.html","https://1004테라피.shop/shops/gyeonggi/seongnam/sujeong-gu/단대동/love테라피/","False","True",""
"업체상세","shops/gyeonggi/seongnam/sujeong-gu/단대동/프리미엄테라피/index.html","https://1004테라피.shop/shops/gyeonggi/seongnam/sujeong-gu/단대동/프리미엄테라피/","False","True",""
"업체상세","shops/gyeonggi/seongnam/sujeong-gu/복정동/한국미인테라피/index.html","https://1004테라피.shop/shops/gyeonggi/seongnam/sujeong-gu/복정동/한국미인테라피/","False","True",""
"업체상세","shops/gyeonggi/seongnam/sujeong-gu/복정동/너무이쁜테라피/index.html","https://1004테라피.shop/shops/gyeonggi/seongnam/sujeong-gu/복정동/너무이쁜테라피/","False","True",""
"업체상세","shops/gyeonggi/seongnam/sujeong-gu/복정동/love테라피/index.html","https://1004테라피.shop/shops/gyeonggi/seongnam/sujeong-gu/복정동/love테라피/","False","True",""
"업체상세","shops/gyeonggi/seongnam/sujeong-gu/복정동/프리미엄테라피/index.html","https://1004테라피.shop/shops/gyeonggi/seongnam/sujeong-gu/복정동/프리미엄테라피/","False","True",""
"업체상세","shops/gyeonggi/seongnam/sujeong-gu/산성동/한국미인테라피/index.html","https://1004테라피.shop/shops/gyeonggi/seongnam/sujeong-gu/산성동/한국미인테라피/","False","True",""
"업체상세","shops/gyeonggi/seongnam/sujeong-gu/산성동/너무이쁜테라피/index.html","https://1004테라피.shop/shops/gyeonggi/seongnam/sujeong-gu/산성동/너무이쁜테라피/","False","True",""
"업체상세","shops/gyeonggi/seongnam/sujeong-gu/산성동/love테라피/index.html","https://1004테라피.shop/shops/gyeonggi/seongnam/sujeong-gu/산성동/love테라피/","False","True",""
"업체상세","shops/gyeonggi/seongnam/sujeong-gu/산성동/프리미엄테라피/index.html","https://1004테라피.shop/shops/gyeonggi/seongnam/sujeong-gu/산성동/프리미엄테라피/","False","True",""
"업체상세","shops/gyeonggi/seongnam/sujeong-gu/수진동/한국미인테라피/index.html","https://1004테라피.shop/shops/gyeonggi/seongnam/sujeong-gu/수진동/한국미인테라피/","False","True",""
"업체상세","shops/gyeonggi/seongnam/sujeong-gu/수진동/너무이쁜테라피/index.html","https://1004테라피.shop/shops/gyeonggi/seongnam/sujeong-gu/수진동/너무이쁜테라피/","False","True",""
"업체상세","shops/gyeonggi/seongnam/sujeong-gu/수진동/love테라피/index.html","https://1004테라피.shop/shops/gyeonggi/seongnam/sujeong-gu/수진동/love테라피/","False","True",""
"업체상세","shops/gyeonggi/seongnam/sujeong-gu/수진동/프리미엄테라피/index.html","https://1004테라피.shop/shops/gyeonggi/seongnam/sujeong-gu/수진동/프리미엄테라피/","False","True",""
"업체상세","shops/gyeonggi/seongnam/sujeong-gu/시흥동/한국미인테라피/index.html","https://1004테라피.shop/shops/gyeonggi/seongnam/sujeong-gu/시흥동/한국미인테라피/","False","True",""
"업체상세","shops/gyeonggi/seongnam/sujeong-gu/시흥동/너무이쁜테라피/index.html","https://1004테라피.shop/shops/gyeonggi/seongnam/sujeong-gu/시흥동/너무이쁜테라피/","False","True",""
"업체상세","shops/gyeonggi/seongnam/sujeong-gu/시흥동/love테라피/index.html","https://1004테라피.shop/shops/gyeonggi/seongnam/sujeong-gu/시흥동/love테라피/","False","True",""
"업체상세","shops/gyeonggi/seongnam/sujeong-gu/시흥동/프리미엄테라피/index.html","https://1004테라피.shop/shops/gyeonggi/seongnam/sujeong-gu/시흥동/프리미엄테라피/","False","True",""
"업체상세","shops/gyeonggi/seongnam/sujeong-gu/신촌동/한국미인테라피/index.html","https://1004테라피.shop/shops/gyeonggi/seongnam/sujeong-gu/신촌동/한국미인테라피/","False","True",""
"업체상세","shops/gyeonggi/seongnam/sujeong-gu/신촌동/너무이쁜테라피/index.html","https://1004테라피.shop/shops/gyeonggi/seongnam/sujeong-gu/신촌동/너무이쁜테라피/","False","True",""
"업체상세","shops/gyeonggi/seongnam/sujeong-gu/신촌동/love테라피/index.html","https://1004테라피.shop/shops/gyeonggi/seongnam/sujeong-gu/신촌동/love테라피/","False","True",""
"업체상세","shops/gyeonggi/seongnam/sujeong-gu/신촌동/프리미엄테라피/index.html","https://1004테라피.shop/shops/gyeonggi/seongnam/sujeong-gu/신촌동/프리미엄테라피/","False","True",""
"업체상세","shops/gyeonggi/seongnam/sujeong-gu/신흥동/한국미인테라피/index.html","https://1004테라피.shop/shops/gyeonggi/seongnam/sujeong-gu/신흥동/한국미인테라피/","False","True",""
"업체상세","shops/gyeonggi/seongnam/sujeong-gu/신흥동/너무이쁜테라피/index.html","https://1004테라피.shop/shops/gyeonggi/seongnam/sujeong-gu/신흥동/너무이쁜테라피/","False","True",""
"업체상세","shops/gyeonggi/seongnam/sujeong-gu/신흥동/love테라피/index.html","https://1004테라피.shop/shops/gyeonggi/seongnam/sujeong-gu/신흥동/love테라피/","False","True",""
"업체상세","shops/gyeonggi/seongnam/sujeong-gu/신흥동/프리미엄테라피/index.html","https://1004테라피.shop/shops/gyeonggi/seongnam/sujeong-gu/신흥동/프리미엄테라피/","False","True",""
"업체상세","shops/gyeonggi/seongnam/sujeong-gu/양지동/한국미인테라피/index.html","https://1004테라피.shop/shops/gyeonggi/seongnam/sujeong-gu/양지동/한국미인테라피/","False","True",""
"업체상세","shops/gyeonggi/seongnam/sujeong-gu/양지동/너무이쁜테라피/index.html","https://1004테라피.shop/shops/gyeonggi/seongnam/sujeong-gu/양지동/너무이쁜테라피/","False","True",""
"업체상세","shops/gyeonggi/seongnam/sujeong-gu/양지동/love테라피/index.html","https://1004테라피.shop/shops/gyeonggi/seongnam/sujeong-gu/양지동/love테라피/","False","True",""
"업체상세","shops/gyeonggi/seongnam/sujeong-gu/양지동/프리미엄테라피/index.html","https://1004테라피.shop/shops/gyeonggi/seongnam/sujeong-gu/양지동/프리미엄테라피/","False","True",""
"업체상세","shops/gyeonggi/seongnam/sujeong-gu/위례동/한국미인테라피/index.html","https://1004테라피.shop/shops/gyeonggi/seongnam/sujeong-gu/위례동/한국미인테라피/","False","True",""
"업체상세","shops/gyeonggi/seongnam/sujeong-gu/위례동/너무이쁜테라피/index.html","https://1004테라피.shop/shops/gyeonggi/seongnam/sujeong-gu/위례동/너무이쁜테라피/","False","True",""
"업체상세","shops/gyeonggi/seongnam/sujeong-gu/위례동/love테라피/index.html","https://1004테라피.shop/shops/gyeonggi/seongnam/sujeong-gu/위례동/love테라피/","False","True",""
"업체상세","shops/gyeonggi/seongnam/sujeong-gu/위례동/프리미엄테라피/index.html","https://1004테라피.shop/shops/gyeonggi/seongnam/sujeong-gu/위례동/프리미엄테라피/","False","True",""
"업체상세","shops/gyeonggi/seongnam/sujeong-gu/태평동/한국미인테라피/index.html","https://1004테라피.shop/shops/gyeonggi/seongnam/sujeong-gu/태평동/한국미인테라피/","False","True",""
"업체상세","shops/gyeonggi/seongnam/sujeong-gu/태평동/너무이쁜테라피/index.html","https://1004테라피.shop/shops/gyeonggi/seongnam/sujeong-gu/태평동/너무이쁜테라피/","False","True",""
"업체상세","shops/gyeonggi/seongnam/sujeong-gu/태평동/love테라피/index.html","https://1004테라피.shop/shops/gyeonggi/seongnam/sujeong-gu/태평동/love테라피/","False","True",""
"업체상세","shops/gyeonggi/seongnam/sujeong-gu/태평동/프리미엄테라피/index.html","https://1004테라피.shop/shops/gyeonggi/seongnam/sujeong-gu/태평동/프리미엄테라피/","False","True",""
"업체상세","shops/gyeonggi/seongnam/jungwon-gu/금광동/한국미인테라피/index.html","https://1004테라피.shop/shops/gyeonggi/seongnam/jungwon-gu/금광동/한국미인테라피/","False","True",""
"업체상세","shops/gyeonggi/seongnam/jungwon-gu/금광동/너무이쁜테라피/index.html","https://1004테라피.shop/shops/gyeonggi/seongnam/jungwon-gu/금광동/너무이쁜테라피/","False","True",""
"업체상세","shops/gyeonggi/seongnam/jungwon-gu/금광동/love테라피/index.html","https://1004테라피.shop/shops/gyeonggi/seongnam/jungwon-gu/금광동/love테라피/","False","True",""
"업체상세","shops/gyeonggi/seongnam/jungwon-gu/금광동/프리미엄테라피/index.html","https://1004테라피.shop/shops/gyeonggi/seongnam/jungwon-gu/금광동/프리미엄테라피/","False","True",""
"업체상세","shops/gyeonggi/seongnam/jungwon-gu/도촌동/한국미인테라피/index.html","https://1004테라피.shop/shops/gyeonggi/seongnam/jungwon-gu/도촌동/한국미인테라피/","False","True",""
"업체상세","shops/gyeonggi/seongnam/jungwon-gu/도촌동/너무이쁜테라피/index.html","https://1004테라피.shop/shops/gyeonggi/seongnam/jungwon-gu/도촌동/너무이쁜테라피/","False","True",""
"업체상세","shops/gyeonggi/seongnam/jungwon-gu/도촌동/love테라피/index.html","https://1004테라피.shop/shops/gyeonggi/seongnam/jungwon-gu/도촌동/love테라피/","False","True",""
"업체상세","shops/gyeonggi/seongnam/jungwon-gu/도촌동/프리미엄테라피/index.html","https://1004테라피.shop/shops/gyeonggi/seongnam/jungwon-gu/도촌동/프리미엄테라피/","False","True",""
"업체상세","shops/gyeonggi/seongnam/jungwon-gu/상대원동/한국미인테라피/index.html","https://1004테라피.shop/shops/gyeonggi/seongnam/jungwon-gu/상대원동/한국미인테라피/","False","True",""
"업체상세","shops/gyeonggi/seongnam/jungwon-gu/상대원동/너무이쁜테라피/index.html","https://1004테라피.shop/shops/gyeonggi/seongnam/jungwon-gu/상대원동/너무이쁜테라피/","False","True",""
"업체상세","shops/gyeonggi/seongnam/jungwon-gu/상대원동/love테라피/index.html","https://1004테라피.shop/shops/gyeonggi/seongnam/jungwon-gu/상대원동/love테라피/","False","True",""
"업체상세","shops/gyeonggi/seongnam/jungwon-gu/상대원동/프리미엄테라피/index.html","https://1004테라피.shop/shops/gyeonggi/seongnam/jungwon-gu/상대원동/프리미엄테라피/","False","True",""
"업체상세","shops/gyeonggi/seongnam/jungwon-gu/성남동/한국미인테라피/index.html","https://1004테라피.shop/shops/gyeonggi/seongnam/jungwon-gu/성남동/한국미인테라피/","False","True",""
"업체상세","shops/gyeonggi/seongnam/jungwon-gu/성남동/너무이쁜테라피/index.html","https://1004테라피.shop/shops/gyeonggi/seongnam/jungwon-gu/성남동/너무이쁜테라피/","False","True",""
"업체상세","shops/gyeonggi/seongnam/jungwon-gu/성남동/love테라피/index.html","https://1004테라피.shop/shops/gyeonggi/seongnam/jungwon-gu/성남동/love테라피/","False","True",""
"업체상세","shops/gyeonggi/seongnam/jungwon-gu/성남동/프리미엄테라피/index.html","https://1004테라피.shop/shops/gyeonggi/seongnam/jungwon-gu/성남동/프리미엄테라피/","False","True",""
"업체상세","shops/gyeonggi/seongnam/jungwon-gu/은행동/한국미인테라피/index.html","https://1004테라피.shop/shops/gyeonggi/seongnam/jungwon-gu/은행동/한국미인테라피/","False","True",""
"업체상세","shops/gyeonggi/seongnam/jungwon-gu/은행동/너무이쁜테라피/index.html","https://1004테라피.shop/shops/gyeonggi/seongnam/jungwon-gu/은행동/너무이쁜테라피/","False","True",""
"업체상세","shops/gyeonggi/seongnam/jungwon-gu/은행동/love테라피/index.html","https://1004테라피.shop/shops/gyeonggi/seongnam/jungwon-gu/은행동/love테라피/","False","True",""
"업체상세","shops/gyeonggi/seongnam/jungwon-gu/은행동/프리미엄테라피/index.html","https://1004테라피.shop/shops/gyeonggi/seongnam/jungwon-gu/은행동/프리미엄테라피/","False","True",""
"업체상세","shops/gyeonggi/seongnam/jungwon-gu/중앙동/한국미인테라피/index.html","https://1004테라피.shop/shops/gyeonggi/seongnam/jungwon-gu/중앙동/한국미인테라피/","False","True",""
"업체상세","shops/gyeonggi/seongnam/jungwon-gu/중앙동/너무이쁜테라피/index.html","https://1004테라피.shop/shops/gyeonggi/seongnam/jungwon-gu/중앙동/너무이쁜테라피/","False","True",""
"업체상세","shops/gyeonggi/seongnam/jungwon-gu/중앙동/love테라피/index.html","https://1004테라피.shop/shops/gyeonggi/seongnam/jungwon-gu/중앙동/love테라피/","False","True",""
"업체상세","shops/gyeonggi/seongnam/jungwon-gu/중앙동/프리미엄테라피/index.html","https://1004테라피.shop/shops/gyeonggi/seongnam/jungwon-gu/중앙동/프리미엄테라피/","False","True",""
"업체상세","shops/gyeonggi/seongnam/jungwon-gu/하대원동/한국미인테라피/index.html","https://1004테라피.shop/shops/gyeonggi/seongnam/jungwon-gu/하대원동/한국미인테라피/","False","True",""
"업체상세","shops/gyeonggi/seongnam/jungwon-gu/하대원동/너무이쁜테라피/index.html","https://1004테라피.shop/shops/gyeonggi/seongnam/jungwon-gu/하대원동/너무이쁜테라피/","False","True",""
"업체상세","shops/gyeonggi/seongnam/jungwon-gu/하대원동/love테라피/index.html","https://1004테라피.shop/shops/gyeonggi/seongnam/jungwon-gu/하대원동/love테라피/","False","True",""
"업체상세","shops/gyeonggi/seongnam/jungwon-gu/하대원동/프리미엄테라피/index.html","https://1004테라피.shop/shops/gyeonggi/seongnam/jungwon-gu/하대원동/프리미엄테라피/","False","True",""
"업체상세","shops/gyeonggi/suwon/gwonseon-gu/곡선동/한국미인테라피/index.html","https://1004테라피.shop/shops/gyeonggi/suwon/gwonseon-gu/곡선동/한국미인테라피/","False","True",""
"업체상세","shops/gyeonggi/suwon/gwonseon-gu/곡선동/너무이쁜테라피/index.html","https://1004테라피.shop/shops/gyeonggi/suwon/gwonseon-gu/곡선동/너무이쁜테라피/","False","True",""
"업체상세","shops/gyeonggi/suwon/gwonseon-gu/곡선동/love테라피/index.html","https://1004테라피.shop/shops/gyeonggi/suwon/gwonseon-gu/곡선동/love테라피/","False","True",""
"업체상세","shops/gyeonggi/suwon/gwonseon-gu/곡선동/프리미엄테라피/index.html","https://1004테라피.shop/shops/gyeonggi/suwon/gwonseon-gu/곡선동/프리미엄테라피/","False","True",""
"업체상세","shops/gyeonggi/suwon/gwonseon-gu/구운동/한국미인테라피/index.html","https://1004테라피.shop/shops/gyeonggi/suwon/gwonseon-gu/구운동/한국미인테라피/","False","True",""
"업체상세","shops/gyeonggi/suwon/gwonseon-gu/구운동/너무이쁜테라피/index.html","https://1004테라피.shop/shops/gyeonggi/suwon/gwonseon-gu/구운동/너무이쁜테라피/","False","True",""
"업체상세","shops/gyeonggi/suwon/gwonseon-gu/구운동/love테라피/index.html","https://1004테라피.shop/shops/gyeonggi/suwon/gwonseon-gu/구운동/love테라피/","False","True",""
"업체상세","shops/gyeonggi/suwon/gwonseon-gu/구운동/프리미엄테라피/index.html","https://1004테라피.shop/shops/gyeonggi/suwon/gwonseon-gu/구운동/프리미엄테라피/","False","True",""
"업체상세","shops/gyeonggi/suwon/gwonseon-gu/권선동/한국미인테라피/index.html","https://1004테라피.shop/shops/gyeonggi/suwon/gwonseon-gu/권선동/한국미인테라피/","False","True",""
"업체상세","shops/gyeonggi/suwon/gwonseon-gu/권선동/너무이쁜테라피/index.html","https://1004테라피.shop/shops/gyeonggi/suwon/gwonseon-gu/권선동/너무이쁜테라피/","False","True",""
"업체상세","shops/gyeonggi/suwon/gwonseon-gu/권선동/love테라피/index.html","https://1004테라피.shop/shops/gyeonggi/suwon/gwonseon-gu/권선동/love테라피/","False","True",""
"업체상세","shops/gyeonggi/suwon/gwonseon-gu/권선동/프리미엄테라피/index.html","https://1004테라피.shop/shops/gyeonggi/suwon/gwonseon-gu/권선동/프리미엄테라피/","False","True",""
"업체상세","shops/gyeonggi/suwon/gwonseon-gu/금곡동/한국미인테라피/index.html","https://1004테라피.shop/shops/gyeonggi/suwon/gwonseon-gu/금곡동/한국미인테라피/","False","True",""
"업체상세","shops/gyeonggi/suwon/gwonseon-gu/금곡동/너무이쁜테라피/index.html","https://1004테라피.shop/shops/gyeonggi/suwon/gwonseon-gu/금곡동/너무이쁜테라피/","False","True",""
"업체상세","shops/gyeonggi/suwon/gwonseon-gu/금곡동/love테라피/index.html","https://1004테라피.shop/shops/gyeonggi/suwon/gwonseon-gu/금곡동/love테라피/","False","True",""
"업체상세","shops/gyeonggi/suwon/gwonseon-gu/금곡동/프리미엄테라피/index.html","https://1004테라피.shop/shops/gyeonggi/suwon/gwonseon-gu/금곡동/프리미엄테라피/","False","True",""
"업체상세","shops/gyeonggi/suwon/gwonseon-gu/서둔동/한국미인테라피/index.html","https://1004테라피.shop/shops/gyeonggi/suwon/gwonseon-gu/서둔동/한국미인테라피/","False","True",""
"업체상세","shops/gyeonggi/suwon/gwonseon-gu/서둔동/너무이쁜테라피/index.html","https://1004테라피.shop/shops/gyeonggi/suwon/gwonseon-gu/서둔동/너무이쁜테라피/","False","True",""
"업체상세","shops/gyeonggi/suwon/gwonseon-gu/서둔동/love테라피/index.html","https://1004테라피.shop/shops/gyeonggi/suwon/gwonseon-gu/서둔동/love테라피/","False","True",""
"업체상세","shops/gyeonggi/suwon/gwonseon-gu/서둔동/프리미엄테라피/index.html","https://1004테라피.shop/shops/gyeonggi/suwon/gwonseon-gu/서둔동/프리미엄테라피/","False","True",""
"업체상세","shops/gyeonggi/suwon/gwonseon-gu/세류동/한국미인테라피/index.html","https://1004테라피.shop/shops/gyeonggi/suwon/gwonseon-gu/세류동/한국미인테라피/","False","True",""
"업체상세","shops/gyeonggi/suwon/gwonseon-gu/세류동/너무이쁜테라피/index.html","https://1004테라피.shop/shops/gyeonggi/suwon/gwonseon-gu/세류동/너무이쁜테라피/","False","True",""
"업체상세","shops/gyeonggi/suwon/gwonseon-gu/세류동/love테라피/index.html","https://1004테라피.shop/shops/gyeonggi/suwon/gwonseon-gu/세류동/love테라피/","False","True",""
"업체상세","shops/gyeonggi/suwon/gwonseon-gu/세류동/프리미엄테라피/index.html","https://1004테라피.shop/shops/gyeonggi/suwon/gwonseon-gu/세류동/프리미엄테라피/","False","True",""
"업체상세","shops/gyeonggi/suwon/gwonseon-gu/입북동/한국미인테라피/index.html","https://1004테라피.shop/shops/gyeonggi/suwon/gwonseon-gu/입북동/한국미인테라피/","False","True",""
"업체상세","shops/gyeonggi/suwon/gwonseon-gu/입북동/너무이쁜테라피/index.html","https://1004테라피.shop/shops/gyeonggi/suwon/gwonseon-gu/입북동/너무이쁜테라피/","False","True",""
"업체상세","shops/gyeonggi/suwon/gwonseon-gu/입북동/love테라피/index.html","https://1004테라피.shop/shops/gyeonggi/suwon/gwonseon-gu/입북동/love테라피/","False","True",""
"업체상세","shops/gyeonggi/suwon/gwonseon-gu/입북동/프리미엄테라피/index.html","https://1004테라피.shop/shops/gyeonggi/suwon/gwonseon-gu/입북동/프리미엄테라피/","False","True",""
"업체상세","shops/gyeonggi/suwon/gwonseon-gu/평동/한국미인테라피/index.html","https://1004테라피.shop/shops/gyeonggi/suwon/gwonseon-gu/평동/한국미인테라피/","False","True",""
"업체상세","shops/gyeonggi/suwon/gwonseon-gu/평동/너무이쁜테라피/index.html","https://1004테라피.shop/shops/gyeonggi/suwon/gwonseon-gu/평동/너무이쁜테라피/","False","True",""
"업체상세","shops/gyeonggi/suwon/gwonseon-gu/평동/love테라피/index.html","https://1004테라피.shop/shops/gyeonggi/suwon/gwonseon-gu/평동/love테라피/","False","True",""
"업체상세","shops/gyeonggi/suwon/gwonseon-gu/평동/프리미엄테라피/index.html","https://1004테라피.shop/shops/gyeonggi/suwon/gwonseon-gu/평동/프리미엄테라피/","False","True",""
"업체상세","shops/gyeonggi/suwon/gwonseon-gu/호매실동/한국미인테라피/index.html","https://1004테라피.shop/shops/gyeonggi/suwon/gwonseon-gu/호매실동/한국미인테라피/","False","True",""
"업체상세","shops/gyeonggi/suwon/gwonseon-gu/호매실동/너무이쁜테라피/index.html","https://1004테라피.shop/shops/gyeonggi/suwon/gwonseon-gu/호매실동/너무이쁜테라피/","False","True",""
"업체상세","shops/gyeonggi/suwon/gwonseon-gu/호매실동/love테라피/index.html","https://1004테라피.shop/shops/gyeonggi/suwon/gwonseon-gu/호매실동/love테라피/","False","True",""
"업체상세","shops/gyeonggi/suwon/gwonseon-gu/호매실동/프리미엄테라피/index.html","https://1004테라피.shop/shops/gyeonggi/suwon/gwonseon-gu/호매실동/프리미엄테라피/","False","True",""
"업체상세","shops/gyeonggi/suwon/yeongtong-gu/광교동/한국미인테라피/index.html","https://1004테라피.shop/shops/gyeonggi/suwon/yeongtong-gu/광교동/한국미인테라피/","False","True",""
"업체상세","shops/gyeonggi/suwon/yeongtong-gu/광교동/너무이쁜테라피/index.html","https://1004테라피.shop/shops/gyeonggi/suwon/yeongtong-gu/광교동/너무이쁜테라피/","False","True",""
"업체상세","shops/gyeonggi/suwon/yeongtong-gu/광교동/love테라피/index.html","https://1004테라피.shop/shops/gyeonggi/suwon/yeongtong-gu/광교동/love테라피/","False","True",""
"업체상세","shops/gyeonggi/suwon/yeongtong-gu/광교동/프리미엄테라피/index.html","https://1004테라피.shop/shops/gyeonggi/suwon/yeongtong-gu/광교동/프리미엄테라피/","False","True",""
"업체상세","shops/gyeonggi/suwon/yeongtong-gu/망포동/한국미인테라피/index.html","https://1004테라피.shop/shops/gyeonggi/suwon/yeongtong-gu/망포동/한국미인테라피/","False","True",""
"업체상세","shops/gyeonggi/suwon/yeongtong-gu/망포동/너무이쁜테라피/index.html","https://1004테라피.shop/shops/gyeonggi/suwon/yeongtong-gu/망포동/너무이쁜테라피/","False","True",""
"업체상세","shops/gyeonggi/suwon/yeongtong-gu/망포동/love테라피/index.html","https://1004테라피.shop/shops/gyeonggi/suwon/yeongtong-gu/망포동/love테라피/","False","True",""
"업체상세","shops/gyeonggi/suwon/yeongtong-gu/망포동/프리미엄테라피/index.html","https://1004테라피.shop/shops/gyeonggi/suwon/yeongtong-gu/망포동/프리미엄테라피/","False","True",""
"업체상세","shops/gyeonggi/suwon/yeongtong-gu/매탄동/한국미인테라피/index.html","https://1004테라피.shop/shops/gyeonggi/suwon/yeongtong-gu/매탄동/한국미인테라피/","False","True",""
"업체상세","shops/gyeonggi/suwon/yeongtong-gu/매탄동/너무이쁜테라피/index.html","https://1004테라피.shop/shops/gyeonggi/suwon/yeongtong-gu/매탄동/너무이쁜테라피/","False","True",""
"업체상세","shops/gyeonggi/suwon/yeongtong-gu/매탄동/love테라피/index.html","https://1004테라피.shop/shops/gyeonggi/suwon/yeongtong-gu/매탄동/love테라피/","False","True",""
"업체상세","shops/gyeonggi/suwon/yeongtong-gu/매탄동/프리미엄테라피/index.html","https://1004테라피.shop/shops/gyeonggi/suwon/yeongtong-gu/매탄동/프리미엄테라피/","False","True",""
"업체상세","shops/gyeonggi/suwon/yeongtong-gu/영통동/한국미인테라피/index.html","https://1004테라피.shop/shops/gyeonggi/suwon/yeongtong-gu/영통동/한국미인테라피/","False","True",""
"업체상세","shops/gyeonggi/suwon/yeongtong-gu/영통동/너무이쁜테라피/index.html","https://1004테라피.shop/shops/gyeonggi/suwon/yeongtong-gu/영통동/너무이쁜테라피/","False","True",""
"업체상세","shops/gyeonggi/suwon/yeongtong-gu/영통동/love테라피/index.html","https://1004테라피.shop/shops/gyeonggi/suwon/yeongtong-gu/영통동/love테라피/","False","True",""
"업체상세","shops/gyeonggi/suwon/yeongtong-gu/영통동/프리미엄테라피/index.html","https://1004테라피.shop/shops/gyeonggi/suwon/yeongtong-gu/영통동/프리미엄테라피/","False","True",""
"업체상세","shops/gyeonggi/suwon/yeongtong-gu/원천동/한국미인테라피/index.html","https://1004테라피.shop/shops/gyeonggi/suwon/yeongtong-gu/원천동/한국미인테라피/","False","True",""
"업체상세","shops/gyeonggi/suwon/yeongtong-gu/원천동/너무이쁜테라피/index.html","https://1004테라피.shop/shops/gyeonggi/suwon/yeongtong-gu/원천동/너무이쁜테라피/","False","True",""
"업체상세","shops/gyeonggi/suwon/yeongtong-gu/원천동/love테라피/index.html","https://1004테라피.shop/shops/gyeonggi/suwon/yeongtong-gu/원천동/love테라피/","False","True",""
"업체상세","shops/gyeonggi/suwon/yeongtong-gu/원천동/프리미엄테라피/index.html","https://1004테라피.shop/shops/gyeonggi/suwon/yeongtong-gu/원천동/프리미엄테라피/","False","True",""
"업체상세","shops/gyeonggi/suwon/jangan-gu/송죽동/한국미인테라피/index.html","https://1004테라피.shop/shops/gyeonggi/suwon/jangan-gu/송죽동/한국미인테라피/","False","True",""
"업체상세","shops/gyeonggi/suwon/jangan-gu/송죽동/너무이쁜테라피/index.html","https://1004테라피.shop/shops/gyeonggi/suwon/jangan-gu/송죽동/너무이쁜테라피/","False","True",""
"업체상세","shops/gyeonggi/suwon/jangan-gu/송죽동/love테라피/index.html","https://1004테라피.shop/shops/gyeonggi/suwon/jangan-gu/송죽동/love테라피/","False","True",""
"업체상세","shops/gyeonggi/suwon/jangan-gu/송죽동/프리미엄테라피/index.html","https://1004테라피.shop/shops/gyeonggi/suwon/jangan-gu/송죽동/프리미엄테라피/","False","True",""
"업체상세","shops/gyeonggi/suwon/jangan-gu/연무동/한국미인테라피/index.html","https://1004테라피.shop/shops/gyeonggi/suwon/jangan-gu/연무동/한국미인테라피/","False","True",""
"업체상세","shops/gyeonggi/suwon/jangan-gu/연무동/너무이쁜테라피/index.html","https://1004테라피.shop/shops/gyeonggi/suwon/jangan-gu/연무동/너무이쁜테라피/","False","True",""
"업체상세","shops/gyeonggi/suwon/jangan-gu/연무동/love테라피/index.html","https://1004테라피.shop/shops/gyeonggi/suwon/jangan-gu/연무동/love테라피/","False","True",""
"업체상세","shops/gyeonggi/suwon/jangan-gu/연무동/프리미엄테라피/index.html","https://1004테라피.shop/shops/gyeonggi/suwon/jangan-gu/연무동/프리미엄테라피/","False","True",""
"업체상세","shops/gyeonggi/suwon/jangan-gu/영화동/한국미인테라피/index.html","https://1004테라피.shop/shops/gyeonggi/suwon/jangan-gu/영화동/한국미인테라피/","False","True",""
"업체상세","shops/gyeonggi/suwon/jangan-gu/영화동/너무이쁜테라피/index.html","https://1004테라피.shop/shops/gyeonggi/suwon/jangan-gu/영화동/너무이쁜테라피/","False","True",""
"업체상세","shops/gyeonggi/suwon/jangan-gu/영화동/love테라피/index.html","https://1004테라피.shop/shops/gyeonggi/suwon/jangan-gu/영화동/love테라피/","False","True",""
"업체상세","shops/gyeonggi/suwon/jangan-gu/영화동/프리미엄테라피/index.html","https://1004테라피.shop/shops/gyeonggi/suwon/jangan-gu/영화동/프리미엄테라피/","False","True",""
"업체상세","shops/gyeonggi/suwon/jangan-gu/율천동/한국미인테라피/index.html","https://1004테라피.shop/shops/gyeonggi/suwon/jangan-gu/율천동/한국미인테라피/","False","True",""
"업체상세","shops/gyeonggi/suwon/jangan-gu/율천동/너무이쁜테라피/index.html","https://1004테라피.shop/shops/gyeonggi/suwon/jangan-gu/율천동/너무이쁜테라피/","False","True",""
"업체상세","shops/gyeonggi/suwon/jangan-gu/율천동/love테라피/index.html","https://1004테라피.shop/shops/gyeonggi/suwon/jangan-gu/율천동/love테라피/","False","True",""
"업체상세","shops/gyeonggi/suwon/jangan-gu/율천동/프리미엄테라피/index.html","https://1004테라피.shop/shops/gyeonggi/suwon/jangan-gu/율천동/프리미엄테라피/","False","True",""
"업체상세","shops/gyeonggi/suwon/jangan-gu/정자동/한국미인테라피/index.html","https://1004테라피.shop/shops/gyeonggi/suwon/jangan-gu/정자동/한국미인테라피/","False","True",""
"업체상세","shops/gyeonggi/suwon/jangan-gu/정자동/너무이쁜테라피/index.html","https://1004테라피.shop/shops/gyeonggi/suwon/jangan-gu/정자동/너무이쁜테라피/","False","True",""
"업체상세","shops/gyeonggi/suwon/jangan-gu/정자동/love테라피/index.html","https://1004테라피.shop/shops/gyeonggi/suwon/jangan-gu/정자동/love테라피/","False","True",""
"업체상세","shops/gyeonggi/suwon/jangan-gu/정자동/프리미엄테라피/index.html","https://1004테라피.shop/shops/gyeonggi/suwon/jangan-gu/정자동/프리미엄테라피/","False","True",""
"업체상세","shops/gyeonggi/suwon/jangan-gu/조원동/한국미인테라피/index.html","https://1004테라피.shop/shops/gyeonggi/suwon/jangan-gu/조원동/한국미인테라피/","False","True",""
"업체상세","shops/gyeonggi/suwon/jangan-gu/조원동/너무이쁜테라피/index.html","https://1004테라피.shop/shops/gyeonggi/suwon/jangan-gu/조원동/너무이쁜테라피/","False","True",""
"업체상세","shops/gyeonggi/suwon/jangan-gu/조원동/love테라피/index.html","https://1004테라피.shop/shops/gyeonggi/suwon/jangan-gu/조원동/love테라피/","False","True",""
"업체상세","shops/gyeonggi/suwon/jangan-gu/조원동/프리미엄테라피/index.html","https://1004테라피.shop/shops/gyeonggi/suwon/jangan-gu/조원동/프리미엄테라피/","False","True",""
"업체상세","shops/gyeonggi/suwon/jangan-gu/파장동/한국미인테라피/index.html","https://1004테라피.shop/shops/gyeonggi/suwon/jangan-gu/파장동/한국미인테라피/","False","True",""
"업체상세","shops/gyeonggi/suwon/jangan-gu/파장동/너무이쁜테라피/index.html","https://1004테라피.shop/shops/gyeonggi/suwon/jangan-gu/파장동/너무이쁜테라피/","False","True",""
"업체상세","shops/gyeonggi/suwon/jangan-gu/파장동/love테라피/index.html","https://1004테라피.shop/shops/gyeonggi/suwon/jangan-gu/파장동/love테라피/","False","True",""
"업체상세","shops/gyeonggi/suwon/jangan-gu/파장동/프리미엄테라피/index.html","https://1004테라피.shop/shops/gyeonggi/suwon/jangan-gu/파장동/프리미엄테라피/","False","True",""
"업체상세","shops/gyeonggi/suwon/paldal-gu/고등동/한국미인테라피/index.html","https://1004테라피.shop/shops/gyeonggi/suwon/paldal-gu/고등동/한국미인테라피/","False","True",""
"업체상세","shops/gyeonggi/suwon/paldal-gu/고등동/너무이쁜테라피/index.html","https://1004테라피.shop/shops/gyeonggi/suwon/paldal-gu/고등동/너무이쁜테라피/","False","True",""
"업체상세","shops/gyeonggi/suwon/paldal-gu/고등동/love테라피/index.html","https://1004테라피.shop/shops/gyeonggi/suwon/paldal-gu/고등동/love테라피/","False","True",""
"업체상세","shops/gyeonggi/suwon/paldal-gu/고등동/프리미엄테라피/index.html","https://1004테라피.shop/shops/gyeonggi/suwon/paldal-gu/고등동/프리미엄테라피/","False","True",""
"업체상세","shops/gyeonggi/suwon/paldal-gu/매교동/한국미인테라피/index.html","https://1004테라피.shop/shops/gyeonggi/suwon/paldal-gu/매교동/한국미인테라피/","False","True",""
"업체상세","shops/gyeonggi/suwon/paldal-gu/매교동/너무이쁜테라피/index.html","https://1004테라피.shop/shops/gyeonggi/suwon/paldal-gu/매교동/너무이쁜테라피/","False","True",""
"업체상세","shops/gyeonggi/suwon/paldal-gu/매교동/love테라피/index.html","https://1004테라피.shop/shops/gyeonggi/suwon/paldal-gu/매교동/love테라피/","False","True",""
"업체상세","shops/gyeonggi/suwon/paldal-gu/매교동/프리미엄테라피/index.html","https://1004테라피.shop/shops/gyeonggi/suwon/paldal-gu/매교동/프리미엄테라피/","False","True",""
"업체상세","shops/gyeonggi/suwon/paldal-gu/매산동/한국미인테라피/index.html","https://1004테라피.shop/shops/gyeonggi/suwon/paldal-gu/매산동/한국미인테라피/","False","True",""
"업체상세","shops/gyeonggi/suwon/paldal-gu/매산동/너무이쁜테라피/index.html","https://1004테라피.shop/shops/gyeonggi/suwon/paldal-gu/매산동/너무이쁜테라피/","False","True",""
"업체상세","shops/gyeonggi/suwon/paldal-gu/매산동/love테라피/index.html","https://1004테라피.shop/shops/gyeonggi/suwon/paldal-gu/매산동/love테라피/","False","True",""
"업체상세","shops/gyeonggi/suwon/paldal-gu/매산동/프리미엄테라피/index.html","https://1004테라피.shop/shops/gyeonggi/suwon/paldal-gu/매산동/프리미엄테라피/","False","True",""
"업체상세","shops/gyeonggi/suwon/paldal-gu/우만동/한국미인테라피/index.html","https://1004테라피.shop/shops/gyeonggi/suwon/paldal-gu/우만동/한국미인테라피/","False","True",""
"업체상세","shops/gyeonggi/suwon/paldal-gu/우만동/너무이쁜테라피/index.html","https://1004테라피.shop/shops/gyeonggi/suwon/paldal-gu/우만동/너무이쁜테라피/","False","True",""
"업체상세","shops/gyeonggi/suwon/paldal-gu/우만동/love테라피/index.html","https://1004테라피.shop/shops/gyeonggi/suwon/paldal-gu/우만동/love테라피/","False","True",""
"업체상세","shops/gyeonggi/suwon/paldal-gu/우만동/프리미엄테라피/index.html","https://1004테라피.shop/shops/gyeonggi/suwon/paldal-gu/우만동/프리미엄테라피/","False","True",""
"업체상세","shops/gyeonggi/suwon/paldal-gu/인계동/한국미인테라피/index.html","https://1004테라피.shop/shops/gyeonggi/suwon/paldal-gu/인계동/한국미인테라피/","False","True",""
"업체상세","shops/gyeonggi/suwon/paldal-gu/인계동/너무이쁜테라피/index.html","https://1004테라피.shop/shops/gyeonggi/suwon/paldal-gu/인계동/너무이쁜테라피/","False","True",""
"업체상세","shops/gyeonggi/suwon/paldal-gu/인계동/love테라피/index.html","https://1004테라피.shop/shops/gyeonggi/suwon/paldal-gu/인계동/love테라피/","False","True",""
"업체상세","shops/gyeonggi/suwon/paldal-gu/인계동/프리미엄테라피/index.html","https://1004테라피.shop/shops/gyeonggi/suwon/paldal-gu/인계동/프리미엄테라피/","False","True",""
"업체상세","shops/gyeonggi/suwon/paldal-gu/지동/한국미인테라피/index.html","https://1004테라피.shop/shops/gyeonggi/suwon/paldal-gu/지동/한국미인테라피/","False","True",""
"업체상세","shops/gyeonggi/suwon/paldal-gu/지동/너무이쁜테라피/index.html","https://1004테라피.shop/shops/gyeonggi/suwon/paldal-gu/지동/너무이쁜테라피/","False","True",""
"업체상세","shops/gyeonggi/suwon/paldal-gu/지동/love테라피/index.html","https://1004테라피.shop/shops/gyeonggi/suwon/paldal-gu/지동/love테라피/","False","True",""
"업체상세","shops/gyeonggi/suwon/paldal-gu/지동/프리미엄테라피/index.html","https://1004테라피.shop/shops/gyeonggi/suwon/paldal-gu/지동/프리미엄테라피/","False","True",""
"업체상세","shops/gyeonggi/suwon/paldal-gu/행궁동/한국미인테라피/index.html","https://1004테라피.shop/shops/gyeonggi/suwon/paldal-gu/행궁동/한국미인테라피/","False","True",""
"업체상세","shops/gyeonggi/suwon/paldal-gu/행궁동/너무이쁜테라피/index.html","https://1004테라피.shop/shops/gyeonggi/suwon/paldal-gu/행궁동/너무이쁜테라피/","False","True",""
"업체상세","shops/gyeonggi/suwon/paldal-gu/행궁동/love테라피/index.html","https://1004테라피.shop/shops/gyeonggi/suwon/paldal-gu/행궁동/love테라피/","False","True",""
"업체상세","shops/gyeonggi/suwon/paldal-gu/행궁동/프리미엄테라피/index.html","https://1004테라피.shop/shops/gyeonggi/suwon/paldal-gu/행궁동/프리미엄테라피/","False","True",""
"업체상세","shops/gyeonggi/suwon/paldal-gu/화서동/한국미인테라피/index.html","https://1004테라피.shop/shops/gyeonggi/suwon/paldal-gu/화서동/한국미인테라피/","False","True",""
"업체상세","shops/gyeonggi/suwon/paldal-gu/화서동/너무이쁜테라피/index.html","https://1004테라피.shop/shops/gyeonggi/suwon/paldal-gu/화서동/너무이쁜테라피/","False","True",""
"업체상세","shops/gyeonggi/suwon/paldal-gu/화서동/love테라피/index.html","https://1004테라피.shop/shops/gyeonggi/suwon/paldal-gu/화서동/love테라피/","False","True",""
"업체상세","shops/gyeonggi/suwon/paldal-gu/화서동/프리미엄테라피/index.html","https://1004테라피.shop/shops/gyeonggi/suwon/paldal-gu/화서동/프리미엄테라피/","False","True",""
"업체상세","shops/gyeonggi/siheung/거북섬동/한국미인테라피/index.html","https://1004테라피.shop/shops/gyeonggi/siheung/거북섬동/한국미인테라피/","False","True",""
"업체상세","shops/gyeonggi/siheung/거북섬동/너무이쁜테라피/index.html","https://1004테라피.shop/shops/gyeonggi/siheung/거북섬동/너무이쁜테라피/","False","True",""
"업체상세","shops/gyeonggi/siheung/거북섬동/love테라피/index.html","https://1004테라피.shop/shops/gyeonggi/siheung/거북섬동/love테라피/","False","True",""
"업체상세","shops/gyeonggi/siheung/거북섬동/프리미엄테라피/index.html","https://1004테라피.shop/shops/gyeonggi/siheung/거북섬동/프리미엄테라피/","False","True",""
"업체상세","shops/gyeonggi/siheung/과림동/한국미인테라피/index.html","https://1004테라피.shop/shops/gyeonggi/siheung/과림동/한국미인테라피/","False","True",""
"업체상세","shops/gyeonggi/siheung/과림동/너무이쁜테라피/index.html","https://1004테라피.shop/shops/gyeonggi/siheung/과림동/너무이쁜테라피/","False","True",""
"업체상세","shops/gyeonggi/siheung/과림동/love테라피/index.html","https://1004테라피.shop/shops/gyeonggi/siheung/과림동/love테라피/","False","True",""
"업체상세","shops/gyeonggi/siheung/과림동/프리미엄테라피/index.html","https://1004테라피.shop/shops/gyeonggi/siheung/과림동/프리미엄테라피/","False","True",""
"업체상세","shops/gyeonggi/siheung/군자동/한국미인테라피/index.html","https://1004테라피.shop/shops/gyeonggi/siheung/군자동/한국미인테라피/","False","True",""
"업체상세","shops/gyeonggi/siheung/군자동/너무이쁜테라피/index.html","https://1004테라피.shop/shops/gyeonggi/siheung/군자동/너무이쁜테라피/","False","True",""
"업체상세","shops/gyeonggi/siheung/군자동/love테라피/index.html","https://1004테라피.shop/shops/gyeonggi/siheung/군자동/love테라피/","False","True",""
"업체상세","shops/gyeonggi/siheung/군자동/프리미엄테라피/index.html","https://1004테라피.shop/shops/gyeonggi/siheung/군자동/프리미엄테라피/","False","True",""
"업체상세","shops/gyeonggi/siheung/능곡동/한국미인테라피/index.html","https://1004테라피.shop/shops/gyeonggi/siheung/능곡동/한국미인테라피/","False","True",""
"업체상세","shops/gyeonggi/siheung/능곡동/너무이쁜테라피/index.html","https://1004테라피.shop/shops/gyeonggi/siheung/능곡동/너무이쁜테라피/","False","True",""
"업체상세","shops/gyeonggi/siheung/능곡동/love테라피/index.html","https://1004테라피.shop/shops/gyeonggi/siheung/능곡동/love테라피/","False","True",""
"업체상세","shops/gyeonggi/siheung/능곡동/프리미엄테라피/index.html","https://1004테라피.shop/shops/gyeonggi/siheung/능곡동/프리미엄테라피/","False","True",""
"업체상세","shops/gyeonggi/siheung/대야동/한국미인테라피/index.html","https://1004테라피.shop/shops/gyeonggi/siheung/대야동/한국미인테라피/","False","True",""
"업체상세","shops/gyeonggi/siheung/대야동/너무이쁜테라피/index.html","https://1004테라피.shop/shops/gyeonggi/siheung/대야동/너무이쁜테라피/","False","True",""
"업체상세","shops/gyeonggi/siheung/대야동/love테라피/index.html","https://1004테라피.shop/shops/gyeonggi/siheung/대야동/love테라피/","False","True",""
"업체상세","shops/gyeonggi/siheung/대야동/프리미엄테라피/index.html","https://1004테라피.shop/shops/gyeonggi/siheung/대야동/프리미엄테라피/","False","True",""
"업체상세","shops/gyeonggi/siheung/매화동/한국미인테라피/index.html","https://1004테라피.shop/shops/gyeonggi/siheung/매화동/한국미인테라피/","False","True",""
"업체상세","shops/gyeonggi/siheung/매화동/너무이쁜테라피/index.html","https://1004테라피.shop/shops/gyeonggi/siheung/매화동/너무이쁜테라피/","False","True",""
"업체상세","shops/gyeonggi/siheung/매화동/love테라피/index.html","https://1004테라피.shop/shops/gyeonggi/siheung/매화동/love테라피/","False","True",""
"업체상세","shops/gyeonggi/siheung/매화동/프리미엄테라피/index.html","https://1004테라피.shop/shops/gyeonggi/siheung/매화동/프리미엄테라피/","False","True",""
"업체상세","shops/gyeonggi/siheung/목감동/한국미인테라피/index.html","https://1004테라피.shop/shops/gyeonggi/siheung/목감동/한국미인테라피/","False","True",""
"업체상세","shops/gyeonggi/siheung/목감동/너무이쁜테라피/index.html","https://1004테라피.shop/shops/gyeonggi/siheung/목감동/너무이쁜테라피/","False","True",""
"업체상세","shops/gyeonggi/siheung/목감동/love테라피/index.html","https://1004테라피.shop/shops/gyeonggi/siheung/목감동/love테라피/","False","True",""
"업체상세","shops/gyeonggi/siheung/목감동/프리미엄테라피/index.html","https://1004테라피.shop/shops/gyeonggi/siheung/목감동/프리미엄테라피/","False","True",""
"업체상세","shops/gyeonggi/siheung/배곧동/한국미인테라피/index.html","https://1004테라피.shop/shops/gyeonggi/siheung/배곧동/한국미인테라피/","False","True",""
"업체상세","shops/gyeonggi/siheung/배곧동/너무이쁜테라피/index.html","https://1004테라피.shop/shops/gyeonggi/siheung/배곧동/너무이쁜테라피/","False","True",""
"업체상세","shops/gyeonggi/siheung/배곧동/love테라피/index.html","https://1004테라피.shop/shops/gyeonggi/siheung/배곧동/love테라피/","False","True",""
"업체상세","shops/gyeonggi/siheung/배곧동/프리미엄테라피/index.html","https://1004테라피.shop/shops/gyeonggi/siheung/배곧동/프리미엄테라피/","False","True",""
"업체상세","shops/gyeonggi/siheung/신천동/한국미인테라피/index.html","https://1004테라피.shop/shops/gyeonggi/siheung/신천동/한국미인테라피/","False","True",""
"업체상세","shops/gyeonggi/siheung/신천동/너무이쁜테라피/index.html","https://1004테라피.shop/shops/gyeonggi/siheung/신천동/너무이쁜테라피/","False","True",""
"업체상세","shops/gyeonggi/siheung/신천동/love테라피/index.html","https://1004테라피.shop/shops/gyeonggi/siheung/신천동/love테라피/","False","True",""
"업체상세","shops/gyeonggi/siheung/신천동/프리미엄테라피/index.html","https://1004테라피.shop/shops/gyeonggi/siheung/신천동/프리미엄테라피/","False","True",""
"업체상세","shops/gyeonggi/siheung/신현동/한국미인테라피/index.html","https://1004테라피.shop/shops/gyeonggi/siheung/신현동/한국미인테라피/","False","True",""
"업체상세","shops/gyeonggi/siheung/신현동/너무이쁜테라피/index.html","https://1004테라피.shop/shops/gyeonggi/siheung/신현동/너무이쁜테라피/","False","True",""
"업체상세","shops/gyeonggi/siheung/신현동/love테라피/index.html","https://1004테라피.shop/shops/gyeonggi/siheung/신현동/love테라피/","False","True",""
"업체상세","shops/gyeonggi/siheung/신현동/프리미엄테라피/index.html","https://1004테라피.shop/shops/gyeonggi/siheung/신현동/프리미엄테라피/","False","True",""
"업체상세","shops/gyeonggi/siheung/연성동/한국미인테라피/index.html","https://1004테라피.shop/shops/gyeonggi/siheung/연성동/한국미인테라피/","False","True",""
"업체상세","shops/gyeonggi/siheung/연성동/너무이쁜테라피/index.html","https://1004테라피.shop/shops/gyeonggi/siheung/연성동/너무이쁜테라피/","False","True",""
"업체상세","shops/gyeonggi/siheung/연성동/love테라피/index.html","https://1004테라피.shop/shops/gyeonggi/siheung/연성동/love테라피/","False","True",""
"업체상세","shops/gyeonggi/siheung/연성동/프리미엄테라피/index.html","https://1004테라피.shop/shops/gyeonggi/siheung/연성동/프리미엄테라피/","False","True",""
"업체상세","shops/gyeonggi/siheung/월곶동/한국미인테라피/index.html","https://1004테라피.shop/shops/gyeonggi/siheung/월곶동/한국미인테라피/","False","True",""
"업체상세","shops/gyeonggi/siheung/월곶동/너무이쁜테라피/index.html","https://1004테라피.shop/shops/gyeonggi/siheung/월곶동/너무이쁜테라피/","False","True",""
"업체상세","shops/gyeonggi/siheung/월곶동/love테라피/index.html","https://1004테라피.shop/shops/gyeonggi/siheung/월곶동/love테라피/","False","True",""
"업체상세","shops/gyeonggi/siheung/월곶동/프리미엄테라피/index.html","https://1004테라피.shop/shops/gyeonggi/siheung/월곶동/프리미엄테라피/","False","True",""
"업체상세","shops/gyeonggi/siheung/은행동/한국미인테라피/index.html","https://1004테라피.shop/shops/gyeonggi/siheung/은행동/한국미인테라피/","False","True",""
"업체상세","shops/gyeonggi/siheung/은행동/너무이쁜테라피/index.html","https://1004테라피.shop/shops/gyeonggi/siheung/은행동/너무이쁜테라피/","False","True",""
"업체상세","shops/gyeonggi/siheung/은행동/love테라피/index.html","https://1004테라피.shop/shops/gyeonggi/siheung/은행동/love테라피/","False","True",""
"업체상세","shops/gyeonggi/siheung/은행동/프리미엄테라피/index.html","https://1004테라피.shop/shops/gyeonggi/siheung/은행동/프리미엄테라피/","False","True",""
"업체상세","shops/gyeonggi/siheung/장곡동/한국미인테라피/index.html","https://1004테라피.shop/shops/gyeonggi/siheung/장곡동/한국미인테라피/","False","True",""
"업체상세","shops/gyeonggi/siheung/장곡동/너무이쁜테라피/index.html","https://1004테라피.shop/shops/gyeonggi/siheung/장곡동/너무이쁜테라피/","False","True",""
"업체상세","shops/gyeonggi/siheung/장곡동/love테라피/index.html","https://1004테라피.shop/shops/gyeonggi/siheung/장곡동/love테라피/","False","True",""
"업체상세","shops/gyeonggi/siheung/장곡동/프리미엄테라피/index.html","https://1004테라피.shop/shops/gyeonggi/siheung/장곡동/프리미엄테라피/","False","True",""
"업체상세","shops/gyeonggi/siheung/정왕동/한국미인테라피/index.html","https://1004테라피.shop/shops/gyeonggi/siheung/정왕동/한국미인테라피/","False","True",""
"업체상세","shops/gyeonggi/siheung/정왕동/너무이쁜테라피/index.html","https://1004테라피.shop/shops/gyeonggi/siheung/정왕동/너무이쁜테라피/","False","True",""
"업체상세","shops/gyeonggi/siheung/정왕동/love테라피/index.html","https://1004테라피.shop/shops/gyeonggi/siheung/정왕동/love테라피/","False","True",""
"업체상세","shops/gyeonggi/siheung/정왕동/프리미엄테라피/index.html","https://1004테라피.shop/shops/gyeonggi/siheung/정왕동/프리미엄테라피/","False","True",""
"업체상세","shops/gyeonggi/siheung/정왕본동/한국미인테라피/index.html","https://1004테라피.shop/shops/gyeonggi/siheung/정왕본동/한국미인테라피/","False","True",""
"업체상세","shops/gyeonggi/siheung/정왕본동/너무이쁜테라피/index.html","https://1004테라피.shop/shops/gyeonggi/siheung/정왕본동/너무이쁜테라피/","False","True",""
"업체상세","shops/gyeonggi/siheung/정왕본동/love테라피/index.html","https://1004테라피.shop/shops/gyeonggi/siheung/정왕본동/love테라피/","False","True",""
"업체상세","shops/gyeonggi/siheung/정왕본동/프리미엄테라피/index.html","https://1004테라피.shop/shops/gyeonggi/siheung/정왕본동/프리미엄테라피/","False","True",""
"업체상세","shops/gyeonggi/ansan/danwon-gu/고잔동/한국미인테라피/index.html","https://1004테라피.shop/shops/gyeonggi/ansan/danwon-gu/고잔동/한국미인테라피/","False","True",""
"업체상세","shops/gyeonggi/ansan/danwon-gu/고잔동/너무이쁜테라피/index.html","https://1004테라피.shop/shops/gyeonggi/ansan/danwon-gu/고잔동/너무이쁜테라피/","False","True",""
"업체상세","shops/gyeonggi/ansan/danwon-gu/고잔동/love테라피/index.html","https://1004테라피.shop/shops/gyeonggi/ansan/danwon-gu/고잔동/love테라피/","False","True",""
"업체상세","shops/gyeonggi/ansan/danwon-gu/고잔동/프리미엄테라피/index.html","https://1004테라피.shop/shops/gyeonggi/ansan/danwon-gu/고잔동/프리미엄테라피/","False","True",""
"업체상세","shops/gyeonggi/ansan/danwon-gu/대부동/한국미인테라피/index.html","https://1004테라피.shop/shops/gyeonggi/ansan/danwon-gu/대부동/한국미인테라피/","False","True",""
"업체상세","shops/gyeonggi/ansan/danwon-gu/대부동/너무이쁜테라피/index.html","https://1004테라피.shop/shops/gyeonggi/ansan/danwon-gu/대부동/너무이쁜테라피/","False","True",""
"업체상세","shops/gyeonggi/ansan/danwon-gu/대부동/love테라피/index.html","https://1004테라피.shop/shops/gyeonggi/ansan/danwon-gu/대부동/love테라피/","False","True",""
"업체상세","shops/gyeonggi/ansan/danwon-gu/대부동/프리미엄테라피/index.html","https://1004테라피.shop/shops/gyeonggi/ansan/danwon-gu/대부동/프리미엄테라피/","False","True",""
"업체상세","shops/gyeonggi/ansan/danwon-gu/백운동/한국미인테라피/index.html","https://1004테라피.shop/shops/gyeonggi/ansan/danwon-gu/백운동/한국미인테라피/","False","True",""
"업체상세","shops/gyeonggi/ansan/danwon-gu/백운동/너무이쁜테라피/index.html","https://1004테라피.shop/shops/gyeonggi/ansan/danwon-gu/백운동/너무이쁜테라피/","False","True",""
"업체상세","shops/gyeonggi/ansan/danwon-gu/백운동/love테라피/index.html","https://1004테라피.shop/shops/gyeonggi/ansan/danwon-gu/백운동/love테라피/","False","True",""
"업체상세","shops/gyeonggi/ansan/danwon-gu/백운동/프리미엄테라피/index.html","https://1004테라피.shop/shops/gyeonggi/ansan/danwon-gu/백운동/프리미엄테라피/","False","True",""
"업체상세","shops/gyeonggi/ansan/danwon-gu/선부동/한국미인테라피/index.html","https://1004테라피.shop/shops/gyeonggi/ansan/danwon-gu/선부동/한국미인테라피/","False","True",""
"업체상세","shops/gyeonggi/ansan/danwon-gu/선부동/너무이쁜테라피/index.html","https://1004테라피.shop/shops/gyeonggi/ansan/danwon-gu/선부동/너무이쁜테라피/","False","True",""
"업체상세","shops/gyeonggi/ansan/danwon-gu/선부동/love테라피/index.html","https://1004테라피.shop/shops/gyeonggi/ansan/danwon-gu/선부동/love테라피/","False","True",""
"업체상세","shops/gyeonggi/ansan/danwon-gu/선부동/프리미엄테라피/index.html","https://1004테라피.shop/shops/gyeonggi/ansan/danwon-gu/선부동/프리미엄테라피/","False","True",""
"업체상세","shops/gyeonggi/ansan/danwon-gu/신길동/한국미인테라피/index.html","https://1004테라피.shop/shops/gyeonggi/ansan/danwon-gu/신길동/한국미인테라피/","False","True",""
"업체상세","shops/gyeonggi/ansan/danwon-gu/신길동/너무이쁜테라피/index.html","https://1004테라피.shop/shops/gyeonggi/ansan/danwon-gu/신길동/너무이쁜테라피/","False","True",""
"업체상세","shops/gyeonggi/ansan/danwon-gu/신길동/love테라피/index.html","https://1004테라피.shop/shops/gyeonggi/ansan/danwon-gu/신길동/love테라피/","False","True",""
"업체상세","shops/gyeonggi/ansan/danwon-gu/신길동/프리미엄테라피/index.html","https://1004테라피.shop/shops/gyeonggi/ansan/danwon-gu/신길동/프리미엄테라피/","False","True",""
"업체상세","shops/gyeonggi/ansan/danwon-gu/와동/한국미인테라피/index.html","https://1004테라피.shop/shops/gyeonggi/ansan/danwon-gu/와동/한국미인테라피/","False","True",""
"업체상세","shops/gyeonggi/ansan/danwon-gu/와동/너무이쁜테라피/index.html","https://1004테라피.shop/shops/gyeonggi/ansan/danwon-gu/와동/너무이쁜테라피/","False","True",""
"업체상세","shops/gyeonggi/ansan/danwon-gu/와동/love테라피/index.html","https://1004테라피.shop/shops/gyeonggi/ansan/danwon-gu/와동/love테라피/","False","True",""
"업체상세","shops/gyeonggi/ansan/danwon-gu/와동/프리미엄테라피/index.html","https://1004테라피.shop/shops/gyeonggi/ansan/danwon-gu/와동/프리미엄테라피/","False","True",""
"업체상세","shops/gyeonggi/ansan/danwon-gu/원곡동/한국미인테라피/index.html","https://1004테라피.shop/shops/gyeonggi/ansan/danwon-gu/원곡동/한국미인테라피/","False","True",""
"업체상세","shops/gyeonggi/ansan/danwon-gu/원곡동/너무이쁜테라피/index.html","https://1004테라피.shop/shops/gyeonggi/ansan/danwon-gu/원곡동/너무이쁜테라피/","False","True",""
"업체상세","shops/gyeonggi/ansan/danwon-gu/원곡동/love테라피/index.html","https://1004테라피.shop/shops/gyeonggi/ansan/danwon-gu/원곡동/love테라피/","False","True",""
"업체상세","shops/gyeonggi/ansan/danwon-gu/원곡동/프리미엄테라피/index.html","https://1004테라피.shop/shops/gyeonggi/ansan/danwon-gu/원곡동/프리미엄테라피/","False","True",""
"업체상세","shops/gyeonggi/ansan/danwon-gu/중앙동/한국미인테라피/index.html","https://1004테라피.shop/shops/gyeonggi/ansan/danwon-gu/중앙동/한국미인테라피/","False","True",""
"업체상세","shops/gyeonggi/ansan/danwon-gu/중앙동/너무이쁜테라피/index.html","https://1004테라피.shop/shops/gyeonggi/ansan/danwon-gu/중앙동/너무이쁜테라피/","False","True",""
"업체상세","shops/gyeonggi/ansan/danwon-gu/중앙동/love테라피/index.html","https://1004테라피.shop/shops/gyeonggi/ansan/danwon-gu/중앙동/love테라피/","False","True",""
"업체상세","shops/gyeonggi/ansan/danwon-gu/중앙동/프리미엄테라피/index.html","https://1004테라피.shop/shops/gyeonggi/ansan/danwon-gu/중앙동/프리미엄테라피/","False","True",""
"업체상세","shops/gyeonggi/ansan/danwon-gu/초지동/한국미인테라피/index.html","https://1004테라피.shop/shops/gyeonggi/ansan/danwon-gu/초지동/한국미인테라피/","False","True",""
"업체상세","shops/gyeonggi/ansan/danwon-gu/초지동/너무이쁜테라피/index.html","https://1004테라피.shop/shops/gyeonggi/ansan/danwon-gu/초지동/너무이쁜테라피/","False","True",""
"업체상세","shops/gyeonggi/ansan/danwon-gu/초지동/love테라피/index.html","https://1004테라피.shop/shops/gyeonggi/ansan/danwon-gu/초지동/love테라피/","False","True",""
"업체상세","shops/gyeonggi/ansan/danwon-gu/초지동/프리미엄테라피/index.html","https://1004테라피.shop/shops/gyeonggi/ansan/danwon-gu/초지동/프리미엄테라피/","False","True",""
"업체상세","shops/gyeonggi/ansan/danwon-gu/호수동/한국미인테라피/index.html","https://1004테라피.shop/shops/gyeonggi/ansan/danwon-gu/호수동/한국미인테라피/","False","True",""
"업체상세","shops/gyeonggi/ansan/danwon-gu/호수동/너무이쁜테라피/index.html","https://1004테라피.shop/shops/gyeonggi/ansan/danwon-gu/호수동/너무이쁜테라피/","False","True",""
"업체상세","shops/gyeonggi/ansan/danwon-gu/호수동/love테라피/index.html","https://1004테라피.shop/shops/gyeonggi/ansan/danwon-gu/호수동/love테라피/","False","True",""
"업체상세","shops/gyeonggi/ansan/danwon-gu/호수동/프리미엄테라피/index.html","https://1004테라피.shop/shops/gyeonggi/ansan/danwon-gu/호수동/프리미엄테라피/","False","True",""
"업체상세","shops/gyeonggi/ansan/sangnok-gu/반월동/한국미인테라피/index.html","https://1004테라피.shop/shops/gyeonggi/ansan/sangnok-gu/반월동/한국미인테라피/","False","True",""
"업체상세","shops/gyeonggi/ansan/sangnok-gu/반월동/너무이쁜테라피/index.html","https://1004테라피.shop/shops/gyeonggi/ansan/sangnok-gu/반월동/너무이쁜테라피/","False","True",""
"업체상세","shops/gyeonggi/ansan/sangnok-gu/반월동/love테라피/index.html","https://1004테라피.shop/shops/gyeonggi/ansan/sangnok-gu/반월동/love테라피/","False","True",""
"업체상세","shops/gyeonggi/ansan/sangnok-gu/반월동/프리미엄테라피/index.html","https://1004테라피.shop/shops/gyeonggi/ansan/sangnok-gu/반월동/프리미엄테라피/","False","True",""
"업체상세","shops/gyeonggi/ansan/sangnok-gu/본오동/한국미인테라피/index.html","https://1004테라피.shop/shops/gyeonggi/ansan/sangnok-gu/본오동/한국미인테라피/","False","True",""
"업체상세","shops/gyeonggi/ansan/sangnok-gu/본오동/너무이쁜테라피/index.html","https://1004테라피.shop/shops/gyeonggi/ansan/sangnok-gu/본오동/너무이쁜테라피/","False","True",""
"업체상세","shops/gyeonggi/ansan/sangnok-gu/본오동/love테라피/index.html","https://1004테라피.shop/shops/gyeonggi/ansan/sangnok-gu/본오동/love테라피/","False","True",""
"업체상세","shops/gyeonggi/ansan/sangnok-gu/본오동/프리미엄테라피/index.html","https://1004테라피.shop/shops/gyeonggi/ansan/sangnok-gu/본오동/프리미엄테라피/","False","True",""
"업체상세","shops/gyeonggi/ansan/sangnok-gu/부곡동/한국미인테라피/index.html","https://1004테라피.shop/shops/gyeonggi/ansan/sangnok-gu/부곡동/한국미인테라피/","False","True",""
"업체상세","shops/gyeonggi/ansan/sangnok-gu/부곡동/너무이쁜테라피/index.html","https://1004테라피.shop/shops/gyeonggi/ansan/sangnok-gu/부곡동/너무이쁜테라피/","False","True",""
"업체상세","shops/gyeonggi/ansan/sangnok-gu/부곡동/love테라피/index.html","https://1004테라피.shop/shops/gyeonggi/ansan/sangnok-gu/부곡동/love테라피/","False","True",""
"업체상세","shops/gyeonggi/ansan/sangnok-gu/부곡동/프리미엄테라피/index.html","https://1004테라피.shop/shops/gyeonggi/ansan/sangnok-gu/부곡동/프리미엄테라피/","False","True",""
"업체상세","shops/gyeonggi/ansan/sangnok-gu/사동/한국미인테라피/index.html","https://1004테라피.shop/shops/gyeonggi/ansan/sangnok-gu/사동/한국미인테라피/","False","True",""
"업체상세","shops/gyeonggi/ansan/sangnok-gu/사동/너무이쁜테라피/index.html","https://1004테라피.shop/shops/gyeonggi/ansan/sangnok-gu/사동/너무이쁜테라피/","False","True",""
"업체상세","shops/gyeonggi/ansan/sangnok-gu/사동/love테라피/index.html","https://1004테라피.shop/shops/gyeonggi/ansan/sangnok-gu/사동/love테라피/","False","True",""
"업체상세","shops/gyeonggi/ansan/sangnok-gu/사동/프리미엄테라피/index.html","https://1004테라피.shop/shops/gyeonggi/ansan/sangnok-gu/사동/프리미엄테라피/","False","True",""
"업체상세","shops/gyeonggi/ansan/sangnok-gu/사이동/한국미인테라피/index.html","https://1004테라피.shop/shops/gyeonggi/ansan/sangnok-gu/사이동/한국미인테라피/","False","True",""
"업체상세","shops/gyeonggi/ansan/sangnok-gu/사이동/너무이쁜테라피/index.html","https://1004테라피.shop/shops/gyeonggi/ansan/sangnok-gu/사이동/너무이쁜테라피/","False","True",""
"업체상세","shops/gyeonggi/ansan/sangnok-gu/사이동/love테라피/index.html","https://1004테라피.shop/shops/gyeonggi/ansan/sangnok-gu/사이동/love테라피/","False","True",""
"업체상세","shops/gyeonggi/ansan/sangnok-gu/사이동/프리미엄테라피/index.html","https://1004테라피.shop/shops/gyeonggi/ansan/sangnok-gu/사이동/프리미엄테라피/","False","True",""
"업체상세","shops/gyeonggi/ansan/sangnok-gu/성포동/한국미인테라피/index.html","https://1004테라피.shop/shops/gyeonggi/ansan/sangnok-gu/성포동/한국미인테라피/","False","True",""
"업체상세","shops/gyeonggi/ansan/sangnok-gu/성포동/너무이쁜테라피/index.html","https://1004테라피.shop/shops/gyeonggi/ansan/sangnok-gu/성포동/너무이쁜테라피/","False","True",""
"업체상세","shops/gyeonggi/ansan/sangnok-gu/성포동/love테라피/index.html","https://1004테라피.shop/shops/gyeonggi/ansan/sangnok-gu/성포동/love테라피/","False","True",""
"업체상세","shops/gyeonggi/ansan/sangnok-gu/성포동/프리미엄테라피/index.html","https://1004테라피.shop/shops/gyeonggi/ansan/sangnok-gu/성포동/프리미엄테라피/","False","True",""
"업체상세","shops/gyeonggi/ansan/sangnok-gu/안산동/한국미인테라피/index.html","https://1004테라피.shop/shops/gyeonggi/ansan/sangnok-gu/안산동/한국미인테라피/","False","True",""
"업체상세","shops/gyeonggi/ansan/sangnok-gu/안산동/너무이쁜테라피/index.html","https://1004테라피.shop/shops/gyeonggi/ansan/sangnok-gu/안산동/너무이쁜테라피/","False","True",""
"업체상세","shops/gyeonggi/ansan/sangnok-gu/안산동/love테라피/index.html","https://1004테라피.shop/shops/gyeonggi/ansan/sangnok-gu/안산동/love테라피/","False","True",""
"업체상세","shops/gyeonggi/ansan/sangnok-gu/안산동/프리미엄테라피/index.html","https://1004테라피.shop/shops/gyeonggi/ansan/sangnok-gu/안산동/프리미엄테라피/","False","True",""
"업체상세","shops/gyeonggi/ansan/sangnok-gu/월피동/한국미인테라피/index.html","https://1004테라피.shop/shops/gyeonggi/ansan/sangnok-gu/월피동/한국미인테라피/","False","True",""
"업체상세","shops/gyeonggi/ansan/sangnok-gu/월피동/너무이쁜테라피/index.html","https://1004테라피.shop/shops/gyeonggi/ansan/sangnok-gu/월피동/너무이쁜테라피/","False","True",""
"업체상세","shops/gyeonggi/ansan/sangnok-gu/월피동/love테라피/index.html","https://1004테라피.shop/shops/gyeonggi/ansan/sangnok-gu/월피동/love테라피/","False","True",""
"업체상세","shops/gyeonggi/ansan/sangnok-gu/월피동/프리미엄테라피/index.html","https://1004테라피.shop/shops/gyeonggi/ansan/sangnok-gu/월피동/프리미엄테라피/","False","True",""
"업체상세","shops/gyeonggi/ansan/sangnok-gu/이동/한국미인테라피/index.html","https://1004테라피.shop/shops/gyeonggi/ansan/sangnok-gu/이동/한국미인테라피/","False","True",""
"업체상세","shops/gyeonggi/ansan/sangnok-gu/이동/너무이쁜테라피/index.html","https://1004테라피.shop/shops/gyeonggi/ansan/sangnok-gu/이동/너무이쁜테라피/","False","True",""
"업체상세","shops/gyeonggi/ansan/sangnok-gu/이동/love테라피/index.html","https://1004테라피.shop/shops/gyeonggi/ansan/sangnok-gu/이동/love테라피/","False","True",""
"업체상세","shops/gyeonggi/ansan/sangnok-gu/이동/프리미엄테라피/index.html","https://1004테라피.shop/shops/gyeonggi/ansan/sangnok-gu/이동/프리미엄테라피/","False","True",""
"업체상세","shops/gyeonggi/ansan/sangnok-gu/일동/한국미인테라피/index.html","https://1004테라피.shop/shops/gyeonggi/ansan/sangnok-gu/일동/한국미인테라피/","False","True",""
"업체상세","shops/gyeonggi/ansan/sangnok-gu/일동/너무이쁜테라피/index.html","https://1004테라피.shop/shops/gyeonggi/ansan/sangnok-gu/일동/너무이쁜테라피/","False","True",""
"업체상세","shops/gyeonggi/ansan/sangnok-gu/일동/love테라피/index.html","https://1004테라피.shop/shops/gyeonggi/ansan/sangnok-gu/일동/love테라피/","False","True",""
"업체상세","shops/gyeonggi/ansan/sangnok-gu/일동/프리미엄테라피/index.html","https://1004테라피.shop/shops/gyeonggi/ansan/sangnok-gu/일동/프리미엄테라피/","False","True",""
"업체상세","shops/gyeonggi/ansan/sangnok-gu/해양동/한국미인테라피/index.html","https://1004테라피.shop/shops/gyeonggi/ansan/sangnok-gu/해양동/한국미인테라피/","False","True",""
"업체상세","shops/gyeonggi/ansan/sangnok-gu/해양동/너무이쁜테라피/index.html","https://1004테라피.shop/shops/gyeonggi/ansan/sangnok-gu/해양동/너무이쁜테라피/","False","True",""
"업체상세","shops/gyeonggi/ansan/sangnok-gu/해양동/love테라피/index.html","https://1004테라피.shop/shops/gyeonggi/ansan/sangnok-gu/해양동/love테라피/","False","True",""
"업체상세","shops/gyeonggi/ansan/sangnok-gu/해양동/프리미엄테라피/index.html","https://1004테라피.shop/shops/gyeonggi/ansan/sangnok-gu/해양동/프리미엄테라피/","False","True",""
"업체상세","shops/gyeonggi/anseong/고삼면/한국미인테라피/index.html","https://1004테라피.shop/shops/gyeonggi/anseong/고삼면/한국미인테라피/","False","True",""
"업체상세","shops/gyeonggi/anseong/고삼면/너무이쁜테라피/index.html","https://1004테라피.shop/shops/gyeonggi/anseong/고삼면/너무이쁜테라피/","False","True",""
"업체상세","shops/gyeonggi/anseong/고삼면/love테라피/index.html","https://1004테라피.shop/shops/gyeonggi/anseong/고삼면/love테라피/","False","True",""
"업체상세","shops/gyeonggi/anseong/고삼면/프리미엄테라피/index.html","https://1004테라피.shop/shops/gyeonggi/anseong/고삼면/프리미엄테라피/","False","True",""
"업체상세","shops/gyeonggi/anseong/공도읍/한국미인테라피/index.html","https://1004테라피.shop/shops/gyeonggi/anseong/공도읍/한국미인테라피/","False","True",""
"업체상세","shops/gyeonggi/anseong/공도읍/너무이쁜테라피/index.html","https://1004테라피.shop/shops/gyeonggi/anseong/공도읍/너무이쁜테라피/","False","True",""
"업체상세","shops/gyeonggi/anseong/공도읍/love테라피/index.html","https://1004테라피.shop/shops/gyeonggi/anseong/공도읍/love테라피/","False","True",""
"업체상세","shops/gyeonggi/anseong/공도읍/프리미엄테라피/index.html","https://1004테라피.shop/shops/gyeonggi/anseong/공도읍/프리미엄테라피/","False","True",""
"업체상세","shops/gyeonggi/anseong/금광면/한국미인테라피/index.html","https://1004테라피.shop/shops/gyeonggi/anseong/금광면/한국미인테라피/","False","True",""
"업체상세","shops/gyeonggi/anseong/금광면/너무이쁜테라피/index.html","https://1004테라피.shop/shops/gyeonggi/anseong/금광면/너무이쁜테라피/","False","True",""
"업체상세","shops/gyeonggi/anseong/금광면/love테라피/index.html","https://1004테라피.shop/shops/gyeonggi/anseong/금광면/love테라피/","False","True",""
"업체상세","shops/gyeonggi/anseong/금광면/프리미엄테라피/index.html","https://1004테라피.shop/shops/gyeonggi/anseong/금광면/프리미엄테라피/","False","True",""
"업체상세","shops/gyeonggi/anseong/대덕면/한국미인테라피/index.html","https://1004테라피.shop/shops/gyeonggi/anseong/대덕면/한국미인테라피/","False","True",""
"업체상세","shops/gyeonggi/anseong/대덕면/너무이쁜테라피/index.html","https://1004테라피.shop/shops/gyeonggi/anseong/대덕면/너무이쁜테라피/","False","True",""
"업체상세","shops/gyeonggi/anseong/대덕면/love테라피/index.html","https://1004테라피.shop/shops/gyeonggi/anseong/대덕면/love테라피/","False","True",""
"업체상세","shops/gyeonggi/anseong/대덕면/프리미엄테라피/index.html","https://1004테라피.shop/shops/gyeonggi/anseong/대덕면/프리미엄테라피/","False","True",""
"업체상세","shops/gyeonggi/anseong/미양면/한국미인테라피/index.html","https://1004테라피.shop/shops/gyeonggi/anseong/미양면/한국미인테라피/","False","True",""
"업체상세","shops/gyeonggi/anseong/미양면/너무이쁜테라피/index.html","https://1004테라피.shop/shops/gyeonggi/anseong/미양면/너무이쁜테라피/","False","True",""
"업체상세","shops/gyeonggi/anseong/미양면/love테라피/index.html","https://1004테라피.shop/shops/gyeonggi/anseong/미양면/love테라피/","False","True",""
"업체상세","shops/gyeonggi/anseong/미양면/프리미엄테라피/index.html","https://1004테라피.shop/shops/gyeonggi/anseong/미양면/프리미엄테라피/","False","True",""
"업체상세","shops/gyeonggi/anseong/보개면/한국미인테라피/index.html","https://1004테라피.shop/shops/gyeonggi/anseong/보개면/한국미인테라피/","False","True",""
"업체상세","shops/gyeonggi/anseong/보개면/너무이쁜테라피/index.html","https://1004테라피.shop/shops/gyeonggi/anseong/보개면/너무이쁜테라피/","False","True",""
"업체상세","shops/gyeonggi/anseong/보개면/love테라피/index.html","https://1004테라피.shop/shops/gyeonggi/anseong/보개면/love테라피/","False","True",""
"업체상세","shops/gyeonggi/anseong/보개면/프리미엄테라피/index.html","https://1004테라피.shop/shops/gyeonggi/anseong/보개면/프리미엄테라피/","False","True",""
"업체상세","shops/gyeonggi/anseong/삼죽면/한국미인테라피/index.html","https://1004테라피.shop/shops/gyeonggi/anseong/삼죽면/한국미인테라피/","False","True",""
"업체상세","shops/gyeonggi/anseong/삼죽면/너무이쁜테라피/index.html","https://1004테라피.shop/shops/gyeonggi/anseong/삼죽면/너무이쁜테라피/","False","True",""
"업체상세","shops/gyeonggi/anseong/삼죽면/love테라피/index.html","https://1004테라피.shop/shops/gyeonggi/anseong/삼죽면/love테라피/","False","True",""
"업체상세","shops/gyeonggi/anseong/삼죽면/프리미엄테라피/index.html","https://1004테라피.shop/shops/gyeonggi/anseong/삼죽면/프리미엄테라피/","False","True",""
"업체상세","shops/gyeonggi/anseong/서운면/한국미인테라피/index.html","https://1004테라피.shop/shops/gyeonggi/anseong/서운면/한국미인테라피/","False","True",""
"업체상세","shops/gyeonggi/anseong/서운면/너무이쁜테라피/index.html","https://1004테라피.shop/shops/gyeonggi/anseong/서운면/너무이쁜테라피/","False","True",""
"업체상세","shops/gyeonggi/anseong/서운면/love테라피/index.html","https://1004테라피.shop/shops/gyeonggi/anseong/서운면/love테라피/","False","True",""
"업체상세","shops/gyeonggi/anseong/서운면/프리미엄테라피/index.html","https://1004테라피.shop/shops/gyeonggi/anseong/서운면/프리미엄테라피/","False","True",""
"업체상세","shops/gyeonggi/anseong/안성동/한국미인테라피/index.html","https://1004테라피.shop/shops/gyeonggi/anseong/안성동/한국미인테라피/","False","True",""
"업체상세","shops/gyeonggi/anseong/안성동/너무이쁜테라피/index.html","https://1004테라피.shop/shops/gyeonggi/anseong/안성동/너무이쁜테라피/","False","True",""
"업체상세","shops/gyeonggi/anseong/안성동/love테라피/index.html","https://1004테라피.shop/shops/gyeonggi/anseong/안성동/love테라피/","False","True",""
"업체상세","shops/gyeonggi/anseong/안성동/프리미엄테라피/index.html","https://1004테라피.shop/shops/gyeonggi/anseong/안성동/프리미엄테라피/","False","True",""
"업체상세","shops/gyeonggi/anseong/양성면/한국미인테라피/index.html","https://1004테라피.shop/shops/gyeonggi/anseong/양성면/한국미인테라피/","False","True",""
"업체상세","shops/gyeonggi/anseong/양성면/너무이쁜테라피/index.html","https://1004테라피.shop/shops/gyeonggi/anseong/양성면/너무이쁜테라피/","False","True",""
"업체상세","shops/gyeonggi/anseong/양성면/love테라피/index.html","https://1004테라피.shop/shops/gyeonggi/anseong/양성면/love테라피/","False","True",""
"업체상세","shops/gyeonggi/anseong/양성면/프리미엄테라피/index.html","https://1004테라피.shop/shops/gyeonggi/anseong/양성면/프리미엄테라피/","False","True",""
"업체상세","shops/gyeonggi/anseong/원곡면/한국미인테라피/index.html","https://1004테라피.shop/shops/gyeonggi/anseong/원곡면/한국미인테라피/","False","True",""
"업체상세","shops/gyeonggi/anseong/원곡면/너무이쁜테라피/index.html","https://1004테라피.shop/shops/gyeonggi/anseong/원곡면/너무이쁜테라피/","False","True",""
"업체상세","shops/gyeonggi/anseong/원곡면/love테라피/index.html","https://1004테라피.shop/shops/gyeonggi/anseong/원곡면/love테라피/","False","True",""
"업체상세","shops/gyeonggi/anseong/원곡면/프리미엄테라피/index.html","https://1004테라피.shop/shops/gyeonggi/anseong/원곡면/프리미엄테라피/","False","True",""
"업체상세","shops/gyeonggi/anseong/일죽면/한국미인테라피/index.html","https://1004테라피.shop/shops/gyeonggi/anseong/일죽면/한국미인테라피/","False","True",""
"업체상세","shops/gyeonggi/anseong/일죽면/너무이쁜테라피/index.html","https://1004테라피.shop/shops/gyeonggi/anseong/일죽면/너무이쁜테라피/","False","True",""
"업체상세","shops/gyeonggi/anseong/일죽면/love테라피/index.html","https://1004테라피.shop/shops/gyeonggi/anseong/일죽면/love테라피/","False","True",""
"업체상세","shops/gyeonggi/anseong/일죽면/프리미엄테라피/index.html","https://1004테라피.shop/shops/gyeonggi/anseong/일죽면/프리미엄테라피/","False","True",""
"업체상세","shops/gyeonggi/anseong/죽산면/한국미인테라피/index.html","https://1004테라피.shop/shops/gyeonggi/anseong/죽산면/한국미인테라피/","False","True",""
"업체상세","shops/gyeonggi/anseong/죽산면/너무이쁜테라피/index.html","https://1004테라피.shop/shops/gyeonggi/anseong/죽산면/너무이쁜테라피/","False","True",""
"업체상세","shops/gyeonggi/anseong/죽산면/love테라피/index.html","https://1004테라피.shop/shops/gyeonggi/anseong/죽산면/love테라피/","False","True",""
"업체상세","shops/gyeonggi/anseong/죽산면/프리미엄테라피/index.html","https://1004테라피.shop/shops/gyeonggi/anseong/죽산면/프리미엄테라피/","False","True",""
"업체상세","shops/gyeonggi/anyang/dongan-gu/갈산동/한국미인테라피/index.html","https://1004테라피.shop/shops/gyeonggi/anyang/dongan-gu/갈산동/한국미인테라피/","False","True",""
"업체상세","shops/gyeonggi/anyang/dongan-gu/갈산동/너무이쁜테라피/index.html","https://1004테라피.shop/shops/gyeonggi/anyang/dongan-gu/갈산동/너무이쁜테라피/","False","True",""
"업체상세","shops/gyeonggi/anyang/dongan-gu/갈산동/love테라피/index.html","https://1004테라피.shop/shops/gyeonggi/anyang/dongan-gu/갈산동/love테라피/","False","True",""
"업체상세","shops/gyeonggi/anyang/dongan-gu/갈산동/프리미엄테라피/index.html","https://1004테라피.shop/shops/gyeonggi/anyang/dongan-gu/갈산동/프리미엄테라피/","False","True",""
"업체상세","shops/gyeonggi/anyang/dongan-gu/관양동/한국미인테라피/index.html","https://1004테라피.shop/shops/gyeonggi/anyang/dongan-gu/관양동/한국미인테라피/","False","True",""
"업체상세","shops/gyeonggi/anyang/dongan-gu/관양동/너무이쁜테라피/index.html","https://1004테라피.shop/shops/gyeonggi/anyang/dongan-gu/관양동/너무이쁜테라피/","False","True",""
"업체상세","shops/gyeonggi/anyang/dongan-gu/관양동/love테라피/index.html","https://1004테라피.shop/shops/gyeonggi/anyang/dongan-gu/관양동/love테라피/","False","True",""
"업체상세","shops/gyeonggi/anyang/dongan-gu/관양동/프리미엄테라피/index.html","https://1004테라피.shop/shops/gyeonggi/anyang/dongan-gu/관양동/프리미엄테라피/","False","True",""
"업체상세","shops/gyeonggi/anyang/dongan-gu/귀인동/한국미인테라피/index.html","https://1004테라피.shop/shops/gyeonggi/anyang/dongan-gu/귀인동/한국미인테라피/","False","True",""
"업체상세","shops/gyeonggi/anyang/dongan-gu/귀인동/너무이쁜테라피/index.html","https://1004테라피.shop/shops/gyeonggi/anyang/dongan-gu/귀인동/너무이쁜테라피/","False","True",""
"업체상세","shops/gyeonggi/anyang/dongan-gu/귀인동/love테라피/index.html","https://1004테라피.shop/shops/gyeonggi/anyang/dongan-gu/귀인동/love테라피/","False","True",""
"업체상세","shops/gyeonggi/anyang/dongan-gu/귀인동/프리미엄테라피/index.html","https://1004테라피.shop/shops/gyeonggi/anyang/dongan-gu/귀인동/프리미엄테라피/","False","True",""
"업체상세","shops/gyeonggi/anyang/dongan-gu/달안동/한국미인테라피/index.html","https://1004테라피.shop/shops/gyeonggi/anyang/dongan-gu/달안동/한국미인테라피/","False","True",""
"업체상세","shops/gyeonggi/anyang/dongan-gu/달안동/너무이쁜테라피/index.html","https://1004테라피.shop/shops/gyeonggi/anyang/dongan-gu/달안동/너무이쁜테라피/","False","True",""
"업체상세","shops/gyeonggi/anyang/dongan-gu/달안동/love테라피/index.html","https://1004테라피.shop/shops/gyeonggi/anyang/dongan-gu/달안동/love테라피/","False","True",""
"업체상세","shops/gyeonggi/anyang/dongan-gu/달안동/프리미엄테라피/index.html","https://1004테라피.shop/shops/gyeonggi/anyang/dongan-gu/달안동/프리미엄테라피/","False","True",""
"업체상세","shops/gyeonggi/anyang/dongan-gu/범계동/한국미인테라피/index.html","https://1004테라피.shop/shops/gyeonggi/anyang/dongan-gu/범계동/한국미인테라피/","False","True",""
"업체상세","shops/gyeonggi/anyang/dongan-gu/범계동/너무이쁜테라피/index.html","https://1004테라피.shop/shops/gyeonggi/anyang/dongan-gu/범계동/너무이쁜테라피/","False","True",""
"업체상세","shops/gyeonggi/anyang/dongan-gu/범계동/love테라피/index.html","https://1004테라피.shop/shops/gyeonggi/anyang/dongan-gu/범계동/love테라피/","False","True",""
"업체상세","shops/gyeonggi/anyang/dongan-gu/범계동/프리미엄테라피/index.html","https://1004테라피.shop/shops/gyeonggi/anyang/dongan-gu/범계동/프리미엄테라피/","False","True",""
"업체상세","shops/gyeonggi/anyang/dongan-gu/부림동/한국미인테라피/index.html","https://1004테라피.shop/shops/gyeonggi/anyang/dongan-gu/부림동/한국미인테라피/","False","True",""
"업체상세","shops/gyeonggi/anyang/dongan-gu/부림동/너무이쁜테라피/index.html","https://1004테라피.shop/shops/gyeonggi/anyang/dongan-gu/부림동/너무이쁜테라피/","False","True",""
"업체상세","shops/gyeonggi/anyang/dongan-gu/부림동/love테라피/index.html","https://1004테라피.shop/shops/gyeonggi/anyang/dongan-gu/부림동/love테라피/","False","True",""
"업체상세","shops/gyeonggi/anyang/dongan-gu/부림동/프리미엄테라피/index.html","https://1004테라피.shop/shops/gyeonggi/anyang/dongan-gu/부림동/프리미엄테라피/","False","True",""
"업체상세","shops/gyeonggi/anyang/dongan-gu/부흥동/한국미인테라피/index.html","https://1004테라피.shop/shops/gyeonggi/anyang/dongan-gu/부흥동/한국미인테라피/","False","True",""
"업체상세","shops/gyeonggi/anyang/dongan-gu/부흥동/너무이쁜테라피/index.html","https://1004테라피.shop/shops/gyeonggi/anyang/dongan-gu/부흥동/너무이쁜테라피/","False","True",""
"업체상세","shops/gyeonggi/anyang/dongan-gu/부흥동/love테라피/index.html","https://1004테라피.shop/shops/gyeonggi/anyang/dongan-gu/부흥동/love테라피/","False","True",""
"업체상세","shops/gyeonggi/anyang/dongan-gu/부흥동/프리미엄테라피/index.html","https://1004테라피.shop/shops/gyeonggi/anyang/dongan-gu/부흥동/프리미엄테라피/","False","True",""
"업체상세","shops/gyeonggi/anyang/dongan-gu/비산동/한국미인테라피/index.html","https://1004테라피.shop/shops/gyeonggi/anyang/dongan-gu/비산동/한국미인테라피/","False","True",""
"업체상세","shops/gyeonggi/anyang/dongan-gu/비산동/너무이쁜테라피/index.html","https://1004테라피.shop/shops/gyeonggi/anyang/dongan-gu/비산동/너무이쁜테라피/","False","True",""
"업체상세","shops/gyeonggi/anyang/dongan-gu/비산동/love테라피/index.html","https://1004테라피.shop/shops/gyeonggi/anyang/dongan-gu/비산동/love테라피/","False","True",""
"업체상세","shops/gyeonggi/anyang/dongan-gu/비산동/프리미엄테라피/index.html","https://1004테라피.shop/shops/gyeonggi/anyang/dongan-gu/비산동/프리미엄테라피/","False","True",""
"업체상세","shops/gyeonggi/anyang/dongan-gu/신촌동/한국미인테라피/index.html","https://1004테라피.shop/shops/gyeonggi/anyang/dongan-gu/신촌동/한국미인테라피/","False","True",""
"업체상세","shops/gyeonggi/anyang/dongan-gu/신촌동/너무이쁜테라피/index.html","https://1004테라피.shop/shops/gyeonggi/anyang/dongan-gu/신촌동/너무이쁜테라피/","False","True",""
"업체상세","shops/gyeonggi/anyang/dongan-gu/신촌동/love테라피/index.html","https://1004테라피.shop/shops/gyeonggi/anyang/dongan-gu/신촌동/love테라피/","False","True",""
"업체상세","shops/gyeonggi/anyang/dongan-gu/신촌동/프리미엄테라피/index.html","https://1004테라피.shop/shops/gyeonggi/anyang/dongan-gu/신촌동/프리미엄테라피/","False","True",""
"업체상세","shops/gyeonggi/anyang/dongan-gu/인덕원동/한국미인테라피/index.html","https://1004테라피.shop/shops/gyeonggi/anyang/dongan-gu/인덕원동/한국미인테라피/","False","True",""
"업체상세","shops/gyeonggi/anyang/dongan-gu/인덕원동/너무이쁜테라피/index.html","https://1004테라피.shop/shops/gyeonggi/anyang/dongan-gu/인덕원동/너무이쁜테라피/","False","True",""
"업체상세","shops/gyeonggi/anyang/dongan-gu/인덕원동/love테라피/index.html","https://1004테라피.shop/shops/gyeonggi/anyang/dongan-gu/인덕원동/love테라피/","False","True",""
"업체상세","shops/gyeonggi/anyang/dongan-gu/인덕원동/프리미엄테라피/index.html","https://1004테라피.shop/shops/gyeonggi/anyang/dongan-gu/인덕원동/프리미엄테라피/","False","True",""
"업체상세","shops/gyeonggi/anyang/dongan-gu/평안동/한국미인테라피/index.html","https://1004테라피.shop/shops/gyeonggi/anyang/dongan-gu/평안동/한국미인테라피/","False","True",""
"업체상세","shops/gyeonggi/anyang/dongan-gu/평안동/너무이쁜테라피/index.html","https://1004테라피.shop/shops/gyeonggi/anyang/dongan-gu/평안동/너무이쁜테라피/","False","True",""
"업체상세","shops/gyeonggi/anyang/dongan-gu/평안동/love테라피/index.html","https://1004테라피.shop/shops/gyeonggi/anyang/dongan-gu/평안동/love테라피/","False","True",""
"업체상세","shops/gyeonggi/anyang/dongan-gu/평안동/프리미엄테라피/index.html","https://1004테라피.shop/shops/gyeonggi/anyang/dongan-gu/평안동/프리미엄테라피/","False","True",""
"업체상세","shops/gyeonggi/anyang/dongan-gu/평촌동/한국미인테라피/index.html","https://1004테라피.shop/shops/gyeonggi/anyang/dongan-gu/평촌동/한국미인테라피/","False","True",""
"업체상세","shops/gyeonggi/anyang/dongan-gu/평촌동/너무이쁜테라피/index.html","https://1004테라피.shop/shops/gyeonggi/anyang/dongan-gu/평촌동/너무이쁜테라피/","False","True",""
"업체상세","shops/gyeonggi/anyang/dongan-gu/평촌동/love테라피/index.html","https://1004테라피.shop/shops/gyeonggi/anyang/dongan-gu/평촌동/love테라피/","False","True",""
"업체상세","shops/gyeonggi/anyang/dongan-gu/평촌동/프리미엄테라피/index.html","https://1004테라피.shop/shops/gyeonggi/anyang/dongan-gu/평촌동/프리미엄테라피/","False","True",""
"업체상세","shops/gyeonggi/anyang/dongan-gu/호계동/한국미인테라피/index.html","https://1004테라피.shop/shops/gyeonggi/anyang/dongan-gu/호계동/한국미인테라피/","False","True",""
"업체상세","shops/gyeonggi/anyang/dongan-gu/호계동/너무이쁜테라피/index.html","https://1004테라피.shop/shops/gyeonggi/anyang/dongan-gu/호계동/너무이쁜테라피/","False","True",""
"업체상세","shops/gyeonggi/anyang/dongan-gu/호계동/love테라피/index.html","https://1004테라피.shop/shops/gyeonggi/anyang/dongan-gu/호계동/love테라피/","False","True",""
"업체상세","shops/gyeonggi/anyang/dongan-gu/호계동/프리미엄테라피/index.html","https://1004테라피.shop/shops/gyeonggi/anyang/dongan-gu/호계동/프리미엄테라피/","False","True",""
"업체상세","shops/gyeonggi/anyang/manan-gu/명학동/한국미인테라피/index.html","https://1004테라피.shop/shops/gyeonggi/anyang/manan-gu/명학동/한국미인테라피/","False","True",""
"업체상세","shops/gyeonggi/anyang/manan-gu/명학동/너무이쁜테라피/index.html","https://1004테라피.shop/shops/gyeonggi/anyang/manan-gu/명학동/너무이쁜테라피/","False","True",""
"업체상세","shops/gyeonggi/anyang/manan-gu/명학동/love테라피/index.html","https://1004테라피.shop/shops/gyeonggi/anyang/manan-gu/명학동/love테라피/","False","True",""
"업체상세","shops/gyeonggi/anyang/manan-gu/명학동/프리미엄테라피/index.html","https://1004테라피.shop/shops/gyeonggi/anyang/manan-gu/명학동/프리미엄테라피/","False","True",""
"업체상세","shops/gyeonggi/anyang/manan-gu/박달동/한국미인테라피/index.html","https://1004테라피.shop/shops/gyeonggi/anyang/manan-gu/박달동/한국미인테라피/","False","True",""
"업체상세","shops/gyeonggi/anyang/manan-gu/박달동/너무이쁜테라피/index.html","https://1004테라피.shop/shops/gyeonggi/anyang/manan-gu/박달동/너무이쁜테라피/","False","True",""
"업체상세","shops/gyeonggi/anyang/manan-gu/박달동/love테라피/index.html","https://1004테라피.shop/shops/gyeonggi/anyang/manan-gu/박달동/love테라피/","False","True",""
"업체상세","shops/gyeonggi/anyang/manan-gu/박달동/프리미엄테라피/index.html","https://1004테라피.shop/shops/gyeonggi/anyang/manan-gu/박달동/프리미엄테라피/","False","True",""
"업체상세","shops/gyeonggi/anyang/manan-gu/병목안동/한국미인테라피/index.html","https://1004테라피.shop/shops/gyeonggi/anyang/manan-gu/병목안동/한국미인테라피/","False","True",""
"업체상세","shops/gyeonggi/anyang/manan-gu/병목안동/너무이쁜테라피/index.html","https://1004테라피.shop/shops/gyeonggi/anyang/manan-gu/병목안동/너무이쁜테라피/","False","True",""
"업체상세","shops/gyeonggi/anyang/manan-gu/병목안동/love테라피/index.html","https://1004테라피.shop/shops/gyeonggi/anyang/manan-gu/병목안동/love테라피/","False","True",""
"업체상세","shops/gyeonggi/anyang/manan-gu/병목안동/프리미엄테라피/index.html","https://1004테라피.shop/shops/gyeonggi/anyang/manan-gu/병목안동/프리미엄테라피/","False","True",""
"업체상세","shops/gyeonggi/anyang/manan-gu/석수동/한국미인테라피/index.html","https://1004테라피.shop/shops/gyeonggi/anyang/manan-gu/석수동/한국미인테라피/","False","True",""
"업체상세","shops/gyeonggi/anyang/manan-gu/석수동/너무이쁜테라피/index.html","https://1004테라피.shop/shops/gyeonggi/anyang/manan-gu/석수동/너무이쁜테라피/","False","True",""
"업체상세","shops/gyeonggi/anyang/manan-gu/석수동/love테라피/index.html","https://1004테라피.shop/shops/gyeonggi/anyang/manan-gu/석수동/love테라피/","False","True",""
"업체상세","shops/gyeonggi/anyang/manan-gu/석수동/프리미엄테라피/index.html","https://1004테라피.shop/shops/gyeonggi/anyang/manan-gu/석수동/프리미엄테라피/","False","True",""
"업체상세","shops/gyeonggi/anyang/manan-gu/안양동/한국미인테라피/index.html","https://1004테라피.shop/shops/gyeonggi/anyang/manan-gu/안양동/한국미인테라피/","False","True",""
"업체상세","shops/gyeonggi/anyang/manan-gu/안양동/너무이쁜테라피/index.html","https://1004테라피.shop/shops/gyeonggi/anyang/manan-gu/안양동/너무이쁜테라피/","False","True",""
"업체상세","shops/gyeonggi/anyang/manan-gu/안양동/love테라피/index.html","https://1004테라피.shop/shops/gyeonggi/anyang/manan-gu/안양동/love테라피/","False","True",""
"업체상세","shops/gyeonggi/anyang/manan-gu/안양동/프리미엄테라피/index.html","https://1004테라피.shop/shops/gyeonggi/anyang/manan-gu/안양동/프리미엄테라피/","False","True",""
"업체상세","shops/gyeonggi/anyang/manan-gu/충훈동/한국미인테라피/index.html","https://1004테라피.shop/shops/gyeonggi/anyang/manan-gu/충훈동/한국미인테라피/","False","True",""
"업체상세","shops/gyeonggi/anyang/manan-gu/충훈동/너무이쁜테라피/index.html","https://1004테라피.shop/shops/gyeonggi/anyang/manan-gu/충훈동/너무이쁜테라피/","False","True",""
"업체상세","shops/gyeonggi/anyang/manan-gu/충훈동/love테라피/index.html","https://1004테라피.shop/shops/gyeonggi/anyang/manan-gu/충훈동/love테라피/","False","True",""
"업체상세","shops/gyeonggi/anyang/manan-gu/충훈동/프리미엄테라피/index.html","https://1004테라피.shop/shops/gyeonggi/anyang/manan-gu/충훈동/프리미엄테라피/","False","True",""
"업체상세","shops/gyeonggi/anyang/manan-gu/호현동/한국미인테라피/index.html","https://1004테라피.shop/shops/gyeonggi/anyang/manan-gu/호현동/한국미인테라피/","False","True",""
"업체상세","shops/gyeonggi/anyang/manan-gu/호현동/너무이쁜테라피/index.html","https://1004테라피.shop/shops/gyeonggi/anyang/manan-gu/호현동/너무이쁜테라피/","False","True",""
"업체상세","shops/gyeonggi/anyang/manan-gu/호현동/love테라피/index.html","https://1004테라피.shop/shops/gyeonggi/anyang/manan-gu/호현동/love테라피/","False","True",""
"업체상세","shops/gyeonggi/anyang/manan-gu/호현동/프리미엄테라피/index.html","https://1004테라피.shop/shops/gyeonggi/anyang/manan-gu/호현동/프리미엄테라피/","False","True",""
"업체상세","shops/gyeonggi/yangju/광적면/한국미인테라피/index.html","https://1004테라피.shop/shops/gyeonggi/yangju/광적면/한국미인테라피/","False","True",""
"업체상세","shops/gyeonggi/yangju/광적면/너무이쁜테라피/index.html","https://1004테라피.shop/shops/gyeonggi/yangju/광적면/너무이쁜테라피/","False","True",""
"업체상세","shops/gyeonggi/yangju/광적면/love테라피/index.html","https://1004테라피.shop/shops/gyeonggi/yangju/광적면/love테라피/","False","True",""
"업체상세","shops/gyeonggi/yangju/광적면/프리미엄테라피/index.html","https://1004테라피.shop/shops/gyeonggi/yangju/광적면/프리미엄테라피/","False","True",""
"업체상세","shops/gyeonggi/yangju/남면/한국미인테라피/index.html","https://1004테라피.shop/shops/gyeonggi/yangju/남면/한국미인테라피/","False","True",""
"업체상세","shops/gyeonggi/yangju/남면/너무이쁜테라피/index.html","https://1004테라피.shop/shops/gyeonggi/yangju/남면/너무이쁜테라피/","False","True",""
"업체상세","shops/gyeonggi/yangju/남면/love테라피/index.html","https://1004테라피.shop/shops/gyeonggi/yangju/남면/love테라피/","False","True",""
"업체상세","shops/gyeonggi/yangju/남면/프리미엄테라피/index.html","https://1004테라피.shop/shops/gyeonggi/yangju/남면/프리미엄테라피/","False","True",""
"업체상세","shops/gyeonggi/yangju/백석읍/한국미인테라피/index.html","https://1004테라피.shop/shops/gyeonggi/yangju/백석읍/한국미인테라피/","False","True",""
"업체상세","shops/gyeonggi/yangju/백석읍/너무이쁜테라피/index.html","https://1004테라피.shop/shops/gyeonggi/yangju/백석읍/너무이쁜테라피/","False","True",""
"업체상세","shops/gyeonggi/yangju/백석읍/love테라피/index.html","https://1004테라피.shop/shops/gyeonggi/yangju/백석읍/love테라피/","False","True",""
"업체상세","shops/gyeonggi/yangju/백석읍/프리미엄테라피/index.html","https://1004테라피.shop/shops/gyeonggi/yangju/백석읍/프리미엄테라피/","False","True",""
"업체상세","shops/gyeonggi/yangju/양주동/한국미인테라피/index.html","https://1004테라피.shop/shops/gyeonggi/yangju/양주동/한국미인테라피/","False","True",""
"업체상세","shops/gyeonggi/yangju/양주동/너무이쁜테라피/index.html","https://1004테라피.shop/shops/gyeonggi/yangju/양주동/너무이쁜테라피/","False","True",""
"업체상세","shops/gyeonggi/yangju/양주동/love테라피/index.html","https://1004테라피.shop/shops/gyeonggi/yangju/양주동/love테라피/","False","True",""
"업체상세","shops/gyeonggi/yangju/양주동/프리미엄테라피/index.html","https://1004테라피.shop/shops/gyeonggi/yangju/양주동/프리미엄테라피/","False","True",""
"업체상세","shops/gyeonggi/yangju/옥정동/한국미인테라피/index.html","https://1004테라피.shop/shops/gyeonggi/yangju/옥정동/한국미인테라피/","False","True",""
"업체상세","shops/gyeonggi/yangju/옥정동/너무이쁜테라피/index.html","https://1004테라피.shop/shops/gyeonggi/yangju/옥정동/너무이쁜테라피/","False","True",""
"업체상세","shops/gyeonggi/yangju/옥정동/love테라피/index.html","https://1004테라피.shop/shops/gyeonggi/yangju/옥정동/love테라피/","False","True",""
"업체상세","shops/gyeonggi/yangju/옥정동/프리미엄테라피/index.html","https://1004테라피.shop/shops/gyeonggi/yangju/옥정동/프리미엄테라피/","False","True",""
"업체상세","shops/gyeonggi/yangju/은현면/한국미인테라피/index.html","https://1004테라피.shop/shops/gyeonggi/yangju/은현면/한국미인테라피/","False","True",""
"업체상세","shops/gyeonggi/yangju/은현면/너무이쁜테라피/index.html","https://1004테라피.shop/shops/gyeonggi/yangju/은현면/너무이쁜테라피/","False","True",""
"업체상세","shops/gyeonggi/yangju/은현면/love테라피/index.html","https://1004테라피.shop/shops/gyeonggi/yangju/은현면/love테라피/","False","True",""
"업체상세","shops/gyeonggi/yangju/은현면/프리미엄테라피/index.html","https://1004테라피.shop/shops/gyeonggi/yangju/은현면/프리미엄테라피/","False","True",""
"업체상세","shops/gyeonggi/yangju/장흥면/한국미인테라피/index.html","https://1004테라피.shop/shops/gyeonggi/yangju/장흥면/한국미인테라피/","False","True",""
"업체상세","shops/gyeonggi/yangju/장흥면/너무이쁜테라피/index.html","https://1004테라피.shop/shops/gyeonggi/yangju/장흥면/너무이쁜테라피/","False","True",""
"업체상세","shops/gyeonggi/yangju/장흥면/love테라피/index.html","https://1004테라피.shop/shops/gyeonggi/yangju/장흥면/love테라피/","False","True",""
"업체상세","shops/gyeonggi/yangju/장흥면/프리미엄테라피/index.html","https://1004테라피.shop/shops/gyeonggi/yangju/장흥면/프리미엄테라피/","False","True",""
"업체상세","shops/gyeonggi/yangju/회천동/한국미인테라피/index.html","https://1004테라피.shop/shops/gyeonggi/yangju/회천동/한국미인테라피/","False","True",""
"업체상세","shops/gyeonggi/yangju/회천동/너무이쁜테라피/index.html","https://1004테라피.shop/shops/gyeonggi/yangju/회천동/너무이쁜테라피/","False","True",""
"업체상세","shops/gyeonggi/yangju/회천동/love테라피/index.html","https://1004테라피.shop/shops/gyeonggi/yangju/회천동/love테라피/","False","True",""
"업체상세","shops/gyeonggi/yangju/회천동/프리미엄테라피/index.html","https://1004테라피.shop/shops/gyeonggi/yangju/회천동/프리미엄테라피/","False","True",""
"업체상세","shops/gyeonggi/yangpyeong/강상면/한국미인테라피/index.html","https://1004테라피.shop/shops/gyeonggi/yangpyeong/강상면/한국미인테라피/","False","True",""
"업체상세","shops/gyeonggi/yangpyeong/강상면/너무이쁜테라피/index.html","https://1004테라피.shop/shops/gyeonggi/yangpyeong/강상면/너무이쁜테라피/","False","True",""
"업체상세","shops/gyeonggi/yangpyeong/강상면/love테라피/index.html","https://1004테라피.shop/shops/gyeonggi/yangpyeong/강상면/love테라피/","False","True",""
"업체상세","shops/gyeonggi/yangpyeong/강상면/프리미엄테라피/index.html","https://1004테라피.shop/shops/gyeonggi/yangpyeong/강상면/프리미엄테라피/","False","True",""
"업체상세","shops/gyeonggi/yangpyeong/강하면/한국미인테라피/index.html","https://1004테라피.shop/shops/gyeonggi/yangpyeong/강하면/한국미인테라피/","False","True",""
"업체상세","shops/gyeonggi/yangpyeong/강하면/너무이쁜테라피/index.html","https://1004테라피.shop/shops/gyeonggi/yangpyeong/강하면/너무이쁜테라피/","False","True",""
"업체상세","shops/gyeonggi/yangpyeong/강하면/love테라피/index.html","https://1004테라피.shop/shops/gyeonggi/yangpyeong/강하면/love테라피/","False","True",""
"업체상세","shops/gyeonggi/yangpyeong/강하면/프리미엄테라피/index.html","https://1004테라피.shop/shops/gyeonggi/yangpyeong/강하면/프리미엄테라피/","False","True",""
"업체상세","shops/gyeonggi/yangpyeong/개군면/한국미인테라피/index.html","https://1004테라피.shop/shops/gyeonggi/yangpyeong/개군면/한국미인테라피/","False","True",""
"업체상세","shops/gyeonggi/yangpyeong/개군면/너무이쁜테라피/index.html","https://1004테라피.shop/shops/gyeonggi/yangpyeong/개군면/너무이쁜테라피/","False","True",""
"업체상세","shops/gyeonggi/yangpyeong/개군면/love테라피/index.html","https://1004테라피.shop/shops/gyeonggi/yangpyeong/개군면/love테라피/","False","True",""
"업체상세","shops/gyeonggi/yangpyeong/개군면/프리미엄테라피/index.html","https://1004테라피.shop/shops/gyeonggi/yangpyeong/개군면/프리미엄테라피/","False","True",""
"업체상세","shops/gyeonggi/yangpyeong/단월면/한국미인테라피/index.html","https://1004테라피.shop/shops/gyeonggi/yangpyeong/단월면/한국미인테라피/","False","True",""
"업체상세","shops/gyeonggi/yangpyeong/단월면/너무이쁜테라피/index.html","https://1004테라피.shop/shops/gyeonggi/yangpyeong/단월면/너무이쁜테라피/","False","True",""
"업체상세","shops/gyeonggi/yangpyeong/단월면/love테라피/index.html","https://1004테라피.shop/shops/gyeonggi/yangpyeong/단월면/love테라피/","False","True",""
"업체상세","shops/gyeonggi/yangpyeong/단월면/프리미엄테라피/index.html","https://1004테라피.shop/shops/gyeonggi/yangpyeong/단월면/프리미엄테라피/","False","True",""
"업체상세","shops/gyeonggi/yangpyeong/서종면/한국미인테라피/index.html","https://1004테라피.shop/shops/gyeonggi/yangpyeong/서종면/한국미인테라피/","False","True",""
"업체상세","shops/gyeonggi/yangpyeong/서종면/너무이쁜테라피/index.html","https://1004테라피.shop/shops/gyeonggi/yangpyeong/서종면/너무이쁜테라피/","False","True",""
"업체상세","shops/gyeonggi/yangpyeong/서종면/love테라피/index.html","https://1004테라피.shop/shops/gyeonggi/yangpyeong/서종면/love테라피/","False","True",""
"업체상세","shops/gyeonggi/yangpyeong/서종면/프리미엄테라피/index.html","https://1004테라피.shop/shops/gyeonggi/yangpyeong/서종면/프리미엄테라피/","False","True",""
"업체상세","shops/gyeonggi/yangpyeong/양동면/한국미인테라피/index.html","https://1004테라피.shop/shops/gyeonggi/yangpyeong/양동면/한국미인테라피/","False","True",""
"업체상세","shops/gyeonggi/yangpyeong/양동면/너무이쁜테라피/index.html","https://1004테라피.shop/shops/gyeonggi/yangpyeong/양동면/너무이쁜테라피/","False","True",""
"업체상세","shops/gyeonggi/yangpyeong/양동면/love테라피/index.html","https://1004테라피.shop/shops/gyeonggi/yangpyeong/양동면/love테라피/","False","True",""
"업체상세","shops/gyeonggi/yangpyeong/양동면/프리미엄테라피/index.html","https://1004테라피.shop/shops/gyeonggi/yangpyeong/양동면/프리미엄테라피/","False","True",""
"업체상세","shops/gyeonggi/yangpyeong/양서면/한국미인테라피/index.html","https://1004테라피.shop/shops/gyeonggi/yangpyeong/양서면/한국미인테라피/","False","True",""
"업체상세","shops/gyeonggi/yangpyeong/양서면/너무이쁜테라피/index.html","https://1004테라피.shop/shops/gyeonggi/yangpyeong/양서면/너무이쁜테라피/","False","True",""
"업체상세","shops/gyeonggi/yangpyeong/양서면/love테라피/index.html","https://1004테라피.shop/shops/gyeonggi/yangpyeong/양서면/love테라피/","False","True",""
"업체상세","shops/gyeonggi/yangpyeong/양서면/프리미엄테라피/index.html","https://1004테라피.shop/shops/gyeonggi/yangpyeong/양서면/프리미엄테라피/","False","True",""
"업체상세","shops/gyeonggi/yangpyeong/양평읍/한국미인테라피/index.html","https://1004테라피.shop/shops/gyeonggi/yangpyeong/양평읍/한국미인테라피/","False","True",""
"업체상세","shops/gyeonggi/yangpyeong/양평읍/너무이쁜테라피/index.html","https://1004테라피.shop/shops/gyeonggi/yangpyeong/양평읍/너무이쁜테라피/","False","True",""
"업체상세","shops/gyeonggi/yangpyeong/양평읍/love테라피/index.html","https://1004테라피.shop/shops/gyeonggi/yangpyeong/양평읍/love테라피/","False","True",""
"업체상세","shops/gyeonggi/yangpyeong/양평읍/프리미엄테라피/index.html","https://1004테라피.shop/shops/gyeonggi/yangpyeong/양평읍/프리미엄테라피/","False","True",""
"업체상세","shops/gyeonggi/yangpyeong/옥천면/한국미인테라피/index.html","https://1004테라피.shop/shops/gyeonggi/yangpyeong/옥천면/한국미인테라피/","False","True",""
"업체상세","shops/gyeonggi/yangpyeong/옥천면/너무이쁜테라피/index.html","https://1004테라피.shop/shops/gyeonggi/yangpyeong/옥천면/너무이쁜테라피/","False","True",""
"업체상세","shops/gyeonggi/yangpyeong/옥천면/love테라피/index.html","https://1004테라피.shop/shops/gyeonggi/yangpyeong/옥천면/love테라피/","False","True",""
"업체상세","shops/gyeonggi/yangpyeong/옥천면/프리미엄테라피/index.html","https://1004테라피.shop/shops/gyeonggi/yangpyeong/옥천면/프리미엄테라피/","False","True",""
"업체상세","shops/gyeonggi/yangpyeong/용문면/한국미인테라피/index.html","https://1004테라피.shop/shops/gyeonggi/yangpyeong/용문면/한국미인테라피/","False","True",""
"업체상세","shops/gyeonggi/yangpyeong/용문면/너무이쁜테라피/index.html","https://1004테라피.shop/shops/gyeonggi/yangpyeong/용문면/너무이쁜테라피/","False","True",""
"업체상세","shops/gyeonggi/yangpyeong/용문면/love테라피/index.html","https://1004테라피.shop/shops/gyeonggi/yangpyeong/용문면/love테라피/","False","True",""
"업체상세","shops/gyeonggi/yangpyeong/용문면/프리미엄테라피/index.html","https://1004테라피.shop/shops/gyeonggi/yangpyeong/용문면/프리미엄테라피/","False","True",""
"업체상세","shops/gyeonggi/yangpyeong/지평면/한국미인테라피/index.html","https://1004테라피.shop/shops/gyeonggi/yangpyeong/지평면/한국미인테라피/","False","True",""
"업체상세","shops/gyeonggi/yangpyeong/지평면/너무이쁜테라피/index.html","https://1004테라피.shop/shops/gyeonggi/yangpyeong/지평면/너무이쁜테라피/","False","True",""
"업체상세","shops/gyeonggi/yangpyeong/지평면/love테라피/index.html","https://1004테라피.shop/shops/gyeonggi/yangpyeong/지평면/love테라피/","False","True",""
"업체상세","shops/gyeonggi/yangpyeong/지평면/프리미엄테라피/index.html","https://1004테라피.shop/shops/gyeonggi/yangpyeong/지평면/프리미엄테라피/","False","True",""
"업체상세","shops/gyeonggi/yangpyeong/청운면/한국미인테라피/index.html","https://1004테라피.shop/shops/gyeonggi/yangpyeong/청운면/한국미인테라피/","False","True",""
"업체상세","shops/gyeonggi/yangpyeong/청운면/너무이쁜테라피/index.html","https://1004테라피.shop/shops/gyeonggi/yangpyeong/청운면/너무이쁜테라피/","False","True",""
"업체상세","shops/gyeonggi/yangpyeong/청운면/love테라피/index.html","https://1004테라피.shop/shops/gyeonggi/yangpyeong/청운면/love테라피/","False","True",""
"업체상세","shops/gyeonggi/yangpyeong/청운면/프리미엄테라피/index.html","https://1004테라피.shop/shops/gyeonggi/yangpyeong/청운면/프리미엄테라피/","False","True",""
"업체상세","shops/gyeonggi/yeoju/가남읍/한국미인테라피/index.html","https://1004테라피.shop/shops/gyeonggi/yeoju/가남읍/한국미인테라피/","False","True",""
"업체상세","shops/gyeonggi/yeoju/가남읍/너무이쁜테라피/index.html","https://1004테라피.shop/shops/gyeonggi/yeoju/가남읍/너무이쁜테라피/","False","True",""
"업체상세","shops/gyeonggi/yeoju/가남읍/love테라피/index.html","https://1004테라피.shop/shops/gyeonggi/yeoju/가남읍/love테라피/","False","True",""
"업체상세","shops/gyeonggi/yeoju/가남읍/프리미엄테라피/index.html","https://1004테라피.shop/shops/gyeonggi/yeoju/가남읍/프리미엄테라피/","False","True",""
"업체상세","shops/gyeonggi/yeoju/강천면/한국미인테라피/index.html","https://1004테라피.shop/shops/gyeonggi/yeoju/강천면/한국미인테라피/","False","True",""
"업체상세","shops/gyeonggi/yeoju/강천면/너무이쁜테라피/index.html","https://1004테라피.shop/shops/gyeonggi/yeoju/강천면/너무이쁜테라피/","False","True",""
"업체상세","shops/gyeonggi/yeoju/강천면/love테라피/index.html","https://1004테라피.shop/shops/gyeonggi/yeoju/강천면/love테라피/","False","True",""
"업체상세","shops/gyeonggi/yeoju/강천면/프리미엄테라피/index.html","https://1004테라피.shop/shops/gyeonggi/yeoju/강천면/프리미엄테라피/","False","True",""
"업체상세","shops/gyeonggi/yeoju/금사면/한국미인테라피/index.html","https://1004테라피.shop/shops/gyeonggi/yeoju/금사면/한국미인테라피/","False","True",""
"업체상세","shops/gyeonggi/yeoju/금사면/너무이쁜테라피/index.html","https://1004테라피.shop/shops/gyeonggi/yeoju/금사면/너무이쁜테라피/","False","True",""
"업체상세","shops/gyeonggi/yeoju/금사면/love테라피/index.html","https://1004테라피.shop/shops/gyeonggi/yeoju/금사면/love테라피/","False","True",""
"업체상세","shops/gyeonggi/yeoju/금사면/프리미엄테라피/index.html","https://1004테라피.shop/shops/gyeonggi/yeoju/금사면/프리미엄테라피/","False","True",""
"업체상세","shops/gyeonggi/yeoju/대신면/한국미인테라피/index.html","https://1004테라피.shop/shops/gyeonggi/yeoju/대신면/한국미인테라피/","False","True",""
"업체상세","shops/gyeonggi/yeoju/대신면/너무이쁜테라피/index.html","https://1004테라피.shop/shops/gyeonggi/yeoju/대신면/너무이쁜테라피/","False","True",""
"업체상세","shops/gyeonggi/yeoju/대신면/love테라피/index.html","https://1004테라피.shop/shops/gyeonggi/yeoju/대신면/love테라피/","False","True",""
"업체상세","shops/gyeonggi/yeoju/대신면/프리미엄테라피/index.html","https://1004테라피.shop/shops/gyeonggi/yeoju/대신면/프리미엄테라피/","False","True",""
"업체상세","shops/gyeonggi/yeoju/북내면/한국미인테라피/index.html","https://1004테라피.shop/shops/gyeonggi/yeoju/북내면/한국미인테라피/","False","True",""
"업체상세","shops/gyeonggi/yeoju/북내면/너무이쁜테라피/index.html","https://1004테라피.shop/shops/gyeonggi/yeoju/북내면/너무이쁜테라피/","False","True",""
"업체상세","shops/gyeonggi/yeoju/북내면/love테라피/index.html","https://1004테라피.shop/shops/gyeonggi/yeoju/북내면/love테라피/","False","True",""
"업체상세","shops/gyeonggi/yeoju/북내면/프리미엄테라피/index.html","https://1004테라피.shop/shops/gyeonggi/yeoju/북내면/프리미엄테라피/","False","True",""
"업체상세","shops/gyeonggi/yeoju/산북면/한국미인테라피/index.html","https://1004테라피.shop/shops/gyeonggi/yeoju/산북면/한국미인테라피/","False","True",""
"업체상세","shops/gyeonggi/yeoju/산북면/너무이쁜테라피/index.html","https://1004테라피.shop/shops/gyeonggi/yeoju/산북면/너무이쁜테라피/","False","True",""
"업체상세","shops/gyeonggi/yeoju/산북면/love테라피/index.html","https://1004테라피.shop/shops/gyeonggi/yeoju/산북면/love테라피/","False","True",""
"업체상세","shops/gyeonggi/yeoju/산북면/프리미엄테라피/index.html","https://1004테라피.shop/shops/gyeonggi/yeoju/산북면/프리미엄테라피/","False","True",""
"업체상세","shops/gyeonggi/yeoju/세종대왕면/한국미인테라피/index.html","https://1004테라피.shop/shops/gyeonggi/yeoju/세종대왕면/한국미인테라피/","False","True",""
"업체상세","shops/gyeonggi/yeoju/세종대왕면/너무이쁜테라피/index.html","https://1004테라피.shop/shops/gyeonggi/yeoju/세종대왕면/너무이쁜테라피/","False","True",""
"업체상세","shops/gyeonggi/yeoju/세종대왕면/love테라피/index.html","https://1004테라피.shop/shops/gyeonggi/yeoju/세종대왕면/love테라피/","False","True",""
"업체상세","shops/gyeonggi/yeoju/세종대왕면/프리미엄테라피/index.html","https://1004테라피.shop/shops/gyeonggi/yeoju/세종대왕면/프리미엄테라피/","False","True",""
"업체상세","shops/gyeonggi/yeoju/여흥동/한국미인테라피/index.html","https://1004테라피.shop/shops/gyeonggi/yeoju/여흥동/한국미인테라피/","False","True",""
"업체상세","shops/gyeonggi/yeoju/여흥동/너무이쁜테라피/index.html","https://1004테라피.shop/shops/gyeonggi/yeoju/여흥동/너무이쁜테라피/","False","True",""
"업체상세","shops/gyeonggi/yeoju/여흥동/love테라피/index.html","https://1004테라피.shop/shops/gyeonggi/yeoju/여흥동/love테라피/","False","True",""
"업체상세","shops/gyeonggi/yeoju/여흥동/프리미엄테라피/index.html","https://1004테라피.shop/shops/gyeonggi/yeoju/여흥동/프리미엄테라피/","False","True",""
"업체상세","shops/gyeonggi/yeoju/오학동/한국미인테라피/index.html","https://1004테라피.shop/shops/gyeonggi/yeoju/오학동/한국미인테라피/","False","True",""
"업체상세","shops/gyeonggi/yeoju/오학동/너무이쁜테라피/index.html","https://1004테라피.shop/shops/gyeonggi/yeoju/오학동/너무이쁜테라피/","False","True",""
"업체상세","shops/gyeonggi/yeoju/오학동/love테라피/index.html","https://1004테라피.shop/shops/gyeonggi/yeoju/오학동/love테라피/","False","True",""
"업체상세","shops/gyeonggi/yeoju/오학동/프리미엄테라피/index.html","https://1004테라피.shop/shops/gyeonggi/yeoju/오학동/프리미엄테라피/","False","True",""
"업체상세","shops/gyeonggi/yeoju/점동면/한국미인테라피/index.html","https://1004테라피.shop/shops/gyeonggi/yeoju/점동면/한국미인테라피/","False","True",""
"업체상세","shops/gyeonggi/yeoju/점동면/너무이쁜테라피/index.html","https://1004테라피.shop/shops/gyeonggi/yeoju/점동면/너무이쁜테라피/","False","True",""
"업체상세","shops/gyeonggi/yeoju/점동면/love테라피/index.html","https://1004테라피.shop/shops/gyeonggi/yeoju/점동면/love테라피/","False","True",""
"업체상세","shops/gyeonggi/yeoju/점동면/프리미엄테라피/index.html","https://1004테라피.shop/shops/gyeonggi/yeoju/점동면/프리미엄테라피/","False","True",""
"업체상세","shops/gyeonggi/yeoju/중앙동/한국미인테라피/index.html","https://1004테라피.shop/shops/gyeonggi/yeoju/중앙동/한국미인테라피/","False","True",""
"업체상세","shops/gyeonggi/yeoju/중앙동/너무이쁜테라피/index.html","https://1004테라피.shop/shops/gyeonggi/yeoju/중앙동/너무이쁜테라피/","False","True",""
"업체상세","shops/gyeonggi/yeoju/중앙동/love테라피/index.html","https://1004테라피.shop/shops/gyeonggi/yeoju/중앙동/love테라피/","False","True",""
"업체상세","shops/gyeonggi/yeoju/중앙동/프리미엄테라피/index.html","https://1004테라피.shop/shops/gyeonggi/yeoju/중앙동/프리미엄테라피/","False","True",""
"업체상세","shops/gyeonggi/yeoju/흥천면/한국미인테라피/index.html","https://1004테라피.shop/shops/gyeonggi/yeoju/흥천면/한국미인테라피/","False","True",""
"업체상세","shops/gyeonggi/yeoju/흥천면/너무이쁜테라피/index.html","https://1004테라피.shop/shops/gyeonggi/yeoju/흥천면/너무이쁜테라피/","False","True",""
"업체상세","shops/gyeonggi/yeoju/흥천면/love테라피/index.html","https://1004테라피.shop/shops/gyeonggi/yeoju/흥천면/love테라피/","False","True",""
"업체상세","shops/gyeonggi/yeoju/흥천면/프리미엄테라피/index.html","https://1004테라피.shop/shops/gyeonggi/yeoju/흥천면/프리미엄테라피/","False","True",""
"업체상세","shops/gyeonggi/yeoncheon/군남면/한국미인테라피/index.html","https://1004테라피.shop/shops/gyeonggi/yeoncheon/군남면/한국미인테라피/","False","True",""
"업체상세","shops/gyeonggi/yeoncheon/군남면/너무이쁜테라피/index.html","https://1004테라피.shop/shops/gyeonggi/yeoncheon/군남면/너무이쁜테라피/","False","True",""
"업체상세","shops/gyeonggi/yeoncheon/군남면/love테라피/index.html","https://1004테라피.shop/shops/gyeonggi/yeoncheon/군남면/love테라피/","False","True",""
"업체상세","shops/gyeonggi/yeoncheon/군남면/프리미엄테라피/index.html","https://1004테라피.shop/shops/gyeonggi/yeoncheon/군남면/프리미엄테라피/","False","True",""
"업체상세","shops/gyeonggi/yeoncheon/미산면/한국미인테라피/index.html","https://1004테라피.shop/shops/gyeonggi/yeoncheon/미산면/한국미인테라피/","False","True",""
"업체상세","shops/gyeonggi/yeoncheon/미산면/너무이쁜테라피/index.html","https://1004테라피.shop/shops/gyeonggi/yeoncheon/미산면/너무이쁜테라피/","False","True",""
"업체상세","shops/gyeonggi/yeoncheon/미산면/love테라피/index.html","https://1004테라피.shop/shops/gyeonggi/yeoncheon/미산면/love테라피/","False","True",""
"업체상세","shops/gyeonggi/yeoncheon/미산면/프리미엄테라피/index.html","https://1004테라피.shop/shops/gyeonggi/yeoncheon/미산면/프리미엄테라피/","False","True",""
"업체상세","shops/gyeonggi/yeoncheon/백학면/한국미인테라피/index.html","https://1004테라피.shop/shops/gyeonggi/yeoncheon/백학면/한국미인테라피/","False","True",""
"업체상세","shops/gyeonggi/yeoncheon/백학면/너무이쁜테라피/index.html","https://1004테라피.shop/shops/gyeonggi/yeoncheon/백학면/너무이쁜테라피/","False","True",""
"업체상세","shops/gyeonggi/yeoncheon/백학면/love테라피/index.html","https://1004테라피.shop/shops/gyeonggi/yeoncheon/백학면/love테라피/","False","True",""
"업체상세","shops/gyeonggi/yeoncheon/백학면/프리미엄테라피/index.html","https://1004테라피.shop/shops/gyeonggi/yeoncheon/백학면/프리미엄테라피/","False","True",""
"업체상세","shops/gyeonggi/yeoncheon/신서면/한국미인테라피/index.html","https://1004테라피.shop/shops/gyeonggi/yeoncheon/신서면/한국미인테라피/","False","True",""
"업체상세","shops/gyeonggi/yeoncheon/신서면/너무이쁜테라피/index.html","https://1004테라피.shop/shops/gyeonggi/yeoncheon/신서면/너무이쁜테라피/","False","True",""
"업체상세","shops/gyeonggi/yeoncheon/신서면/love테라피/index.html","https://1004테라피.shop/shops/gyeonggi/yeoncheon/신서면/love테라피/","False","True",""
"업체상세","shops/gyeonggi/yeoncheon/신서면/프리미엄테라피/index.html","https://1004테라피.shop/shops/gyeonggi/yeoncheon/신서면/프리미엄테라피/","False","True",""
"업체상세","shops/gyeonggi/yeoncheon/연천읍/한국미인테라피/index.html","https://1004테라피.shop/shops/gyeonggi/yeoncheon/연천읍/한국미인테라피/","False","True",""
"업체상세","shops/gyeonggi/yeoncheon/연천읍/너무이쁜테라피/index.html","https://1004테라피.shop/shops/gyeonggi/yeoncheon/연천읍/너무이쁜테라피/","False","True",""
"업체상세","shops/gyeonggi/yeoncheon/연천읍/love테라피/index.html","https://1004테라피.shop/shops/gyeonggi/yeoncheon/연천읍/love테라피/","False","True",""
"업체상세","shops/gyeonggi/yeoncheon/연천읍/프리미엄테라피/index.html","https://1004테라피.shop/shops/gyeonggi/yeoncheon/연천읍/프리미엄테라피/","False","True",""
"업체상세","shops/gyeonggi/yeoncheon/왕징면/한국미인테라피/index.html","https://1004테라피.shop/shops/gyeonggi/yeoncheon/왕징면/한국미인테라피/","False","True",""
"업체상세","shops/gyeonggi/yeoncheon/왕징면/너무이쁜테라피/index.html","https://1004테라피.shop/shops/gyeonggi/yeoncheon/왕징면/너무이쁜테라피/","False","True",""
"업체상세","shops/gyeonggi/yeoncheon/왕징면/love테라피/index.html","https://1004테라피.shop/shops/gyeonggi/yeoncheon/왕징면/love테라피/","False","True",""
"업체상세","shops/gyeonggi/yeoncheon/왕징면/프리미엄테라피/index.html","https://1004테라피.shop/shops/gyeonggi/yeoncheon/왕징면/프리미엄테라피/","False","True",""
"업체상세","shops/gyeonggi/yeoncheon/장남면/한국미인테라피/index.html","https://1004테라피.shop/shops/gyeonggi/yeoncheon/장남면/한국미인테라피/","False","True",""
"업체상세","shops/gyeonggi/yeoncheon/장남면/너무이쁜테라피/index.html","https://1004테라피.shop/shops/gyeonggi/yeoncheon/장남면/너무이쁜테라피/","False","True",""
"업체상세","shops/gyeonggi/yeoncheon/장남면/love테라피/index.html","https://1004테라피.shop/shops/gyeonggi/yeoncheon/장남면/love테라피/","False","True",""
"업체상세","shops/gyeonggi/yeoncheon/장남면/프리미엄테라피/index.html","https://1004테라피.shop/shops/gyeonggi/yeoncheon/장남면/프리미엄테라피/","False","True",""
"업체상세","shops/gyeonggi/yeoncheon/전곡읍/한국미인테라피/index.html","https://1004테라피.shop/shops/gyeonggi/yeoncheon/전곡읍/한국미인테라피/","False","True",""
"업체상세","shops/gyeonggi/yeoncheon/전곡읍/너무이쁜테라피/index.html","https://1004테라피.shop/shops/gyeonggi/yeoncheon/전곡읍/너무이쁜테라피/","False","True",""
"업체상세","shops/gyeonggi/yeoncheon/전곡읍/love테라피/index.html","https://1004테라피.shop/shops/gyeonggi/yeoncheon/전곡읍/love테라피/","False","True",""
"업체상세","shops/gyeonggi/yeoncheon/전곡읍/프리미엄테라피/index.html","https://1004테라피.shop/shops/gyeonggi/yeoncheon/전곡읍/프리미엄테라피/","False","True",""
"업체상세","shops/gyeonggi/yeoncheon/중면/한국미인테라피/index.html","https://1004테라피.shop/shops/gyeonggi/yeoncheon/중면/한국미인테라피/","False","True",""
"업체상세","shops/gyeonggi/yeoncheon/중면/너무이쁜테라피/index.html","https://1004테라피.shop/shops/gyeonggi/yeoncheon/중면/너무이쁜테라피/","False","True",""
"업체상세","shops/gyeonggi/yeoncheon/중면/love테라피/index.html","https://1004테라피.shop/shops/gyeonggi/yeoncheon/중면/love테라피/","False","True",""
"업체상세","shops/gyeonggi/yeoncheon/중면/프리미엄테라피/index.html","https://1004테라피.shop/shops/gyeonggi/yeoncheon/중면/프리미엄테라피/","False","True",""
"업체상세","shops/gyeonggi/yeoncheon/청산면/한국미인테라피/index.html","https://1004테라피.shop/shops/gyeonggi/yeoncheon/청산면/한국미인테라피/","False","True",""
"업체상세","shops/gyeonggi/yeoncheon/청산면/너무이쁜테라피/index.html","https://1004테라피.shop/shops/gyeonggi/yeoncheon/청산면/너무이쁜테라피/","False","True",""
"업체상세","shops/gyeonggi/yeoncheon/청산면/love테라피/index.html","https://1004테라피.shop/shops/gyeonggi/yeoncheon/청산면/love테라피/","False","True",""
"업체상세","shops/gyeonggi/yeoncheon/청산면/프리미엄테라피/index.html","https://1004테라피.shop/shops/gyeonggi/yeoncheon/청산면/프리미엄테라피/","False","True",""
"업체상세","shops/gyeonggi/osan/남촌동/한국미인테라피/index.html","https://1004테라피.shop/shops/gyeonggi/osan/남촌동/한국미인테라피/","False","True",""
"업체상세","shops/gyeonggi/osan/남촌동/너무이쁜테라피/index.html","https://1004테라피.shop/shops/gyeonggi/osan/남촌동/너무이쁜테라피/","False","True",""
"업체상세","shops/gyeonggi/osan/남촌동/love테라피/index.html","https://1004테라피.shop/shops/gyeonggi/osan/남촌동/love테라피/","False","True",""
"업체상세","shops/gyeonggi/osan/남촌동/프리미엄테라피/index.html","https://1004테라피.shop/shops/gyeonggi/osan/남촌동/프리미엄테라피/","False","True",""
"업체상세","shops/gyeonggi/osan/대원동/한국미인테라피/index.html","https://1004테라피.shop/shops/gyeonggi/osan/대원동/한국미인테라피/","False","True",""
"업체상세","shops/gyeonggi/osan/대원동/너무이쁜테라피/index.html","https://1004테라피.shop/shops/gyeonggi/osan/대원동/너무이쁜테라피/","False","True",""
"업체상세","shops/gyeonggi/osan/대원동/love테라피/index.html","https://1004테라피.shop/shops/gyeonggi/osan/대원동/love테라피/","False","True",""
"업체상세","shops/gyeonggi/osan/대원동/프리미엄테라피/index.html","https://1004테라피.shop/shops/gyeonggi/osan/대원동/프리미엄테라피/","False","True",""
"업체상세","shops/gyeonggi/osan/세마동/한국미인테라피/index.html","https://1004테라피.shop/shops/gyeonggi/osan/세마동/한국미인테라피/","False","True",""
"업체상세","shops/gyeonggi/osan/세마동/너무이쁜테라피/index.html","https://1004테라피.shop/shops/gyeonggi/osan/세마동/너무이쁜테라피/","False","True",""
"업체상세","shops/gyeonggi/osan/세마동/love테라피/index.html","https://1004테라피.shop/shops/gyeonggi/osan/세마동/love테라피/","False","True",""
"업체상세","shops/gyeonggi/osan/세마동/프리미엄테라피/index.html","https://1004테라피.shop/shops/gyeonggi/osan/세마동/프리미엄테라피/","False","True",""
"업체상세","shops/gyeonggi/osan/신장동/한국미인테라피/index.html","https://1004테라피.shop/shops/gyeonggi/osan/신장동/한국미인테라피/","False","True",""
"업체상세","shops/gyeonggi/osan/신장동/너무이쁜테라피/index.html","https://1004테라피.shop/shops/gyeonggi/osan/신장동/너무이쁜테라피/","False","True",""
"업체상세","shops/gyeonggi/osan/신장동/love테라피/index.html","https://1004테라피.shop/shops/gyeonggi/osan/신장동/love테라피/","False","True",""
"업체상세","shops/gyeonggi/osan/신장동/프리미엄테라피/index.html","https://1004테라피.shop/shops/gyeonggi/osan/신장동/프리미엄테라피/","False","True",""
"업체상세","shops/gyeonggi/osan/중앙동/한국미인테라피/index.html","https://1004테라피.shop/shops/gyeonggi/osan/중앙동/한국미인테라피/","False","True",""
"업체상세","shops/gyeonggi/osan/중앙동/너무이쁜테라피/index.html","https://1004테라피.shop/shops/gyeonggi/osan/중앙동/너무이쁜테라피/","False","True",""
"업체상세","shops/gyeonggi/osan/중앙동/love테라피/index.html","https://1004테라피.shop/shops/gyeonggi/osan/중앙동/love테라피/","False","True",""
"업체상세","shops/gyeonggi/osan/중앙동/프리미엄테라피/index.html","https://1004테라피.shop/shops/gyeonggi/osan/중앙동/프리미엄테라피/","False","True",""
"업체상세","shops/gyeonggi/osan/초평동/한국미인테라피/index.html","https://1004테라피.shop/shops/gyeonggi/osan/초평동/한국미인테라피/","False","True",""
"업체상세","shops/gyeonggi/osan/초평동/너무이쁜테라피/index.html","https://1004테라피.shop/shops/gyeonggi/osan/초평동/너무이쁜테라피/","False","True",""
"업체상세","shops/gyeonggi/osan/초평동/love테라피/index.html","https://1004테라피.shop/shops/gyeonggi/osan/초평동/love테라피/","False","True",""
"업체상세","shops/gyeonggi/osan/초평동/프리미엄테라피/index.html","https://1004테라피.shop/shops/gyeonggi/osan/초평동/프리미엄테라피/","False","True",""
"업체상세","shops/gyeonggi/yongin/giheung-gu/구갈동/한국미인테라피/index.html","https://1004테라피.shop/shops/gyeonggi/yongin/giheung-gu/구갈동/한국미인테라피/","False","True",""
"업체상세","shops/gyeonggi/yongin/giheung-gu/구갈동/너무이쁜테라피/index.html","https://1004테라피.shop/shops/gyeonggi/yongin/giheung-gu/구갈동/너무이쁜테라피/","False","True",""
"업체상세","shops/gyeonggi/yongin/giheung-gu/구갈동/love테라피/index.html","https://1004테라피.shop/shops/gyeonggi/yongin/giheung-gu/구갈동/love테라피/","False","True",""
"업체상세","shops/gyeonggi/yongin/giheung-gu/구갈동/프리미엄테라피/index.html","https://1004테라피.shop/shops/gyeonggi/yongin/giheung-gu/구갈동/프리미엄테라피/","False","True",""
"업체상세","shops/gyeonggi/yongin/giheung-gu/구성동/한국미인테라피/index.html","https://1004테라피.shop/shops/gyeonggi/yongin/giheung-gu/구성동/한국미인테라피/","False","True",""
"업체상세","shops/gyeonggi/yongin/giheung-gu/구성동/너무이쁜테라피/index.html","https://1004테라피.shop/shops/gyeonggi/yongin/giheung-gu/구성동/너무이쁜테라피/","False","True",""
"업체상세","shops/gyeonggi/yongin/giheung-gu/구성동/love테라피/index.html","https://1004테라피.shop/shops/gyeonggi/yongin/giheung-gu/구성동/love테라피/","False","True",""
"업체상세","shops/gyeonggi/yongin/giheung-gu/구성동/프리미엄테라피/index.html","https://1004테라피.shop/shops/gyeonggi/yongin/giheung-gu/구성동/프리미엄테라피/","False","True",""
"업체상세","shops/gyeonggi/yongin/giheung-gu/기흥동/한국미인테라피/index.html","https://1004테라피.shop/shops/gyeonggi/yongin/giheung-gu/기흥동/한국미인테라피/","False","True",""
"업체상세","shops/gyeonggi/yongin/giheung-gu/기흥동/너무이쁜테라피/index.html","https://1004테라피.shop/shops/gyeonggi/yongin/giheung-gu/기흥동/너무이쁜테라피/","False","True",""
"업체상세","shops/gyeonggi/yongin/giheung-gu/기흥동/love테라피/index.html","https://1004테라피.shop/shops/gyeonggi/yongin/giheung-gu/기흥동/love테라피/","False","True",""
"업체상세","shops/gyeonggi/yongin/giheung-gu/기흥동/프리미엄테라피/index.html","https://1004테라피.shop/shops/gyeonggi/yongin/giheung-gu/기흥동/프리미엄테라피/","False","True",""
"업체상세","shops/gyeonggi/yongin/giheung-gu/동백동/한국미인테라피/index.html","https://1004테라피.shop/shops/gyeonggi/yongin/giheung-gu/동백동/한국미인테라피/","False","True",""
"업체상세","shops/gyeonggi/yongin/giheung-gu/동백동/너무이쁜테라피/index.html","https://1004테라피.shop/shops/gyeonggi/yongin/giheung-gu/동백동/너무이쁜테라피/","False","True",""
"업체상세","shops/gyeonggi/yongin/giheung-gu/동백동/love테라피/index.html","https://1004테라피.shop/shops/gyeonggi/yongin/giheung-gu/동백동/love테라피/","False","True",""
"업체상세","shops/gyeonggi/yongin/giheung-gu/동백동/프리미엄테라피/index.html","https://1004테라피.shop/shops/gyeonggi/yongin/giheung-gu/동백동/프리미엄테라피/","False","True",""
"업체상세","shops/gyeonggi/yongin/giheung-gu/마북동/한국미인테라피/index.html","https://1004테라피.shop/shops/gyeonggi/yongin/giheung-gu/마북동/한국미인테라피/","False","True",""
"업체상세","shops/gyeonggi/yongin/giheung-gu/마북동/너무이쁜테라피/index.html","https://1004테라피.shop/shops/gyeonggi/yongin/giheung-gu/마북동/너무이쁜테라피/","False","True",""
"업체상세","shops/gyeonggi/yongin/giheung-gu/마북동/love테라피/index.html","https://1004테라피.shop/shops/gyeonggi/yongin/giheung-gu/마북동/love테라피/","False","True",""
"업체상세","shops/gyeonggi/yongin/giheung-gu/마북동/프리미엄테라피/index.html","https://1004테라피.shop/shops/gyeonggi/yongin/giheung-gu/마북동/프리미엄테라피/","False","True",""
"업체상세","shops/gyeonggi/yongin/giheung-gu/보라동/한국미인테라피/index.html","https://1004테라피.shop/shops/gyeonggi/yongin/giheung-gu/보라동/한국미인테라피/","False","True",""
"업체상세","shops/gyeonggi/yongin/giheung-gu/보라동/너무이쁜테라피/index.html","https://1004테라피.shop/shops/gyeonggi/yongin/giheung-gu/보라동/너무이쁜테라피/","False","True",""
"업체상세","shops/gyeonggi/yongin/giheung-gu/보라동/love테라피/index.html","https://1004테라피.shop/shops/gyeonggi/yongin/giheung-gu/보라동/love테라피/","False","True",""
"업체상세","shops/gyeonggi/yongin/giheung-gu/보라동/프리미엄테라피/index.html","https://1004테라피.shop/shops/gyeonggi/yongin/giheung-gu/보라동/프리미엄테라피/","False","True",""
"업체상세","shops/gyeonggi/yongin/giheung-gu/보정동/한국미인테라피/index.html","https://1004테라피.shop/shops/gyeonggi/yongin/giheung-gu/보정동/한국미인테라피/","False","True",""
"업체상세","shops/gyeonggi/yongin/giheung-gu/보정동/너무이쁜테라피/index.html","https://1004테라피.shop/shops/gyeonggi/yongin/giheung-gu/보정동/너무이쁜테라피/","False","True",""
"업체상세","shops/gyeonggi/yongin/giheung-gu/보정동/love테라피/index.html","https://1004테라피.shop/shops/gyeonggi/yongin/giheung-gu/보정동/love테라피/","False","True",""
"업체상세","shops/gyeonggi/yongin/giheung-gu/보정동/프리미엄테라피/index.html","https://1004테라피.shop/shops/gyeonggi/yongin/giheung-gu/보정동/프리미엄테라피/","False","True",""
"업체상세","shops/gyeonggi/yongin/giheung-gu/상갈동/한국미인테라피/index.html","https://1004테라피.shop/shops/gyeonggi/yongin/giheung-gu/상갈동/한국미인테라피/","False","True",""
"업체상세","shops/gyeonggi/yongin/giheung-gu/상갈동/너무이쁜테라피/index.html","https://1004테라피.shop/shops/gyeonggi/yongin/giheung-gu/상갈동/너무이쁜테라피/","False","True",""
"업체상세","shops/gyeonggi/yongin/giheung-gu/상갈동/love테라피/index.html","https://1004테라피.shop/shops/gyeonggi/yongin/giheung-gu/상갈동/love테라피/","False","True",""
"업체상세","shops/gyeonggi/yongin/giheung-gu/상갈동/프리미엄테라피/index.html","https://1004테라피.shop/shops/gyeonggi/yongin/giheung-gu/상갈동/프리미엄테라피/","False","True",""
"업체상세","shops/gyeonggi/yongin/giheung-gu/상하동/한국미인테라피/index.html","https://1004테라피.shop/shops/gyeonggi/yongin/giheung-gu/상하동/한국미인테라피/","False","True",""
"업체상세","shops/gyeonggi/yongin/giheung-gu/상하동/너무이쁜테라피/index.html","https://1004테라피.shop/shops/gyeonggi/yongin/giheung-gu/상하동/너무이쁜테라피/","False","True",""
"업체상세","shops/gyeonggi/yongin/giheung-gu/상하동/love테라피/index.html","https://1004테라피.shop/shops/gyeonggi/yongin/giheung-gu/상하동/love테라피/","False","True",""
"업체상세","shops/gyeonggi/yongin/giheung-gu/상하동/프리미엄테라피/index.html","https://1004테라피.shop/shops/gyeonggi/yongin/giheung-gu/상하동/프리미엄테라피/","False","True",""
"업체상세","shops/gyeonggi/yongin/giheung-gu/서농동/한국미인테라피/index.html","https://1004테라피.shop/shops/gyeonggi/yongin/giheung-gu/서농동/한국미인테라피/","False","True",""
"업체상세","shops/gyeonggi/yongin/giheung-gu/서농동/너무이쁜테라피/index.html","https://1004테라피.shop/shops/gyeonggi/yongin/giheung-gu/서농동/너무이쁜테라피/","False","True",""
"업체상세","shops/gyeonggi/yongin/giheung-gu/서농동/love테라피/index.html","https://1004테라피.shop/shops/gyeonggi/yongin/giheung-gu/서농동/love테라피/","False","True",""
"업체상세","shops/gyeonggi/yongin/giheung-gu/서농동/프리미엄테라피/index.html","https://1004테라피.shop/shops/gyeonggi/yongin/giheung-gu/서농동/프리미엄테라피/","False","True",""
"업체상세","shops/gyeonggi/yongin/giheung-gu/신갈동/한국미인테라피/index.html","https://1004테라피.shop/shops/gyeonggi/yongin/giheung-gu/신갈동/한국미인테라피/","False","True",""
"업체상세","shops/gyeonggi/yongin/giheung-gu/신갈동/너무이쁜테라피/index.html","https://1004테라피.shop/shops/gyeonggi/yongin/giheung-gu/신갈동/너무이쁜테라피/","False","True",""
"업체상세","shops/gyeonggi/yongin/giheung-gu/신갈동/love테라피/index.html","https://1004테라피.shop/shops/gyeonggi/yongin/giheung-gu/신갈동/love테라피/","False","True",""
"업체상세","shops/gyeonggi/yongin/giheung-gu/신갈동/프리미엄테라피/index.html","https://1004테라피.shop/shops/gyeonggi/yongin/giheung-gu/신갈동/프리미엄테라피/","False","True",""
"업체상세","shops/gyeonggi/yongin/giheung-gu/영덕동/한국미인테라피/index.html","https://1004테라피.shop/shops/gyeonggi/yongin/giheung-gu/영덕동/한국미인테라피/","False","True",""
"업체상세","shops/gyeonggi/yongin/giheung-gu/영덕동/너무이쁜테라피/index.html","https://1004테라피.shop/shops/gyeonggi/yongin/giheung-gu/영덕동/너무이쁜테라피/","False","True",""
"업체상세","shops/gyeonggi/yongin/giheung-gu/영덕동/love테라피/index.html","https://1004테라피.shop/shops/gyeonggi/yongin/giheung-gu/영덕동/love테라피/","False","True",""
"업체상세","shops/gyeonggi/yongin/giheung-gu/영덕동/프리미엄테라피/index.html","https://1004테라피.shop/shops/gyeonggi/yongin/giheung-gu/영덕동/프리미엄테라피/","False","True",""
"업체상세","shops/gyeonggi/yongin/suji-gu/동천동/한국미인테라피/index.html","https://1004테라피.shop/shops/gyeonggi/yongin/suji-gu/동천동/한국미인테라피/","False","True",""
"업체상세","shops/gyeonggi/yongin/suji-gu/동천동/너무이쁜테라피/index.html","https://1004테라피.shop/shops/gyeonggi/yongin/suji-gu/동천동/너무이쁜테라피/","False","True",""
"업체상세","shops/gyeonggi/yongin/suji-gu/동천동/love테라피/index.html","https://1004테라피.shop/shops/gyeonggi/yongin/suji-gu/동천동/love테라피/","False","True",""
"업체상세","shops/gyeonggi/yongin/suji-gu/동천동/프리미엄테라피/index.html","https://1004테라피.shop/shops/gyeonggi/yongin/suji-gu/동천동/프리미엄테라피/","False","True",""
"업체상세","shops/gyeonggi/yongin/suji-gu/상현동/한국미인테라피/index.html","https://1004테라피.shop/shops/gyeonggi/yongin/suji-gu/상현동/한국미인테라피/","False","True",""
"업체상세","shops/gyeonggi/yongin/suji-gu/상현동/너무이쁜테라피/index.html","https://1004테라피.shop/shops/gyeonggi/yongin/suji-gu/상현동/너무이쁜테라피/","False","True",""
"업체상세","shops/gyeonggi/yongin/suji-gu/상현동/love테라피/index.html","https://1004테라피.shop/shops/gyeonggi/yongin/suji-gu/상현동/love테라피/","False","True",""
"업체상세","shops/gyeonggi/yongin/suji-gu/상현동/프리미엄테라피/index.html","https://1004테라피.shop/shops/gyeonggi/yongin/suji-gu/상현동/프리미엄테라피/","False","True",""
"업체상세","shops/gyeonggi/yongin/suji-gu/성복동/한국미인테라피/index.html","https://1004테라피.shop/shops/gyeonggi/yongin/suji-gu/성복동/한국미인테라피/","False","True",""
"업체상세","shops/gyeonggi/yongin/suji-gu/성복동/너무이쁜테라피/index.html","https://1004테라피.shop/shops/gyeonggi/yongin/suji-gu/성복동/너무이쁜테라피/","False","True",""
"업체상세","shops/gyeonggi/yongin/suji-gu/성복동/love테라피/index.html","https://1004테라피.shop/shops/gyeonggi/yongin/suji-gu/성복동/love테라피/","False","True",""
"업체상세","shops/gyeonggi/yongin/suji-gu/성복동/프리미엄테라피/index.html","https://1004테라피.shop/shops/gyeonggi/yongin/suji-gu/성복동/프리미엄테라피/","False","True",""
"업체상세","shops/gyeonggi/yongin/suji-gu/신봉동/한국미인테라피/index.html","https://1004테라피.shop/shops/gyeonggi/yongin/suji-gu/신봉동/한국미인테라피/","False","True",""
"업체상세","shops/gyeonggi/yongin/suji-gu/신봉동/너무이쁜테라피/index.html","https://1004테라피.shop/shops/gyeonggi/yongin/suji-gu/신봉동/너무이쁜테라피/","False","True",""
"업체상세","shops/gyeonggi/yongin/suji-gu/신봉동/love테라피/index.html","https://1004테라피.shop/shops/gyeonggi/yongin/suji-gu/신봉동/love테라피/","False","True",""
"업체상세","shops/gyeonggi/yongin/suji-gu/신봉동/프리미엄테라피/index.html","https://1004테라피.shop/shops/gyeonggi/yongin/suji-gu/신봉동/프리미엄테라피/","False","True",""
"업체상세","shops/gyeonggi/yongin/suji-gu/죽전동/한국미인테라피/index.html","https://1004테라피.shop/shops/gyeonggi/yongin/suji-gu/죽전동/한국미인테라피/","False","True",""
"업체상세","shops/gyeonggi/yongin/suji-gu/죽전동/너무이쁜테라피/index.html","https://1004테라피.shop/shops/gyeonggi/yongin/suji-gu/죽전동/너무이쁜테라피/","False","True",""
"업체상세","shops/gyeonggi/yongin/suji-gu/죽전동/love테라피/index.html","https://1004테라피.shop/shops/gyeonggi/yongin/suji-gu/죽전동/love테라피/","False","True",""
"업체상세","shops/gyeonggi/yongin/suji-gu/죽전동/프리미엄테라피/index.html","https://1004테라피.shop/shops/gyeonggi/yongin/suji-gu/죽전동/프리미엄테라피/","False","True",""
"업체상세","shops/gyeonggi/yongin/suji-gu/풍덕천동/한국미인테라피/index.html","https://1004테라피.shop/shops/gyeonggi/yongin/suji-gu/풍덕천동/한국미인테라피/","False","True",""
"업체상세","shops/gyeonggi/yongin/suji-gu/풍덕천동/너무이쁜테라피/index.html","https://1004테라피.shop/shops/gyeonggi/yongin/suji-gu/풍덕천동/너무이쁜테라피/","False","True",""
"업체상세","shops/gyeonggi/yongin/suji-gu/풍덕천동/love테라피/index.html","https://1004테라피.shop/shops/gyeonggi/yongin/suji-gu/풍덕천동/love테라피/","False","True",""
"업체상세","shops/gyeonggi/yongin/suji-gu/풍덕천동/프리미엄테라피/index.html","https://1004테라피.shop/shops/gyeonggi/yongin/suji-gu/풍덕천동/프리미엄테라피/","False","True",""
"업체상세","shops/gyeonggi/yongin/cheoin-gu/남사읍/한국미인테라피/index.html","https://1004테라피.shop/shops/gyeonggi/yongin/cheoin-gu/남사읍/한국미인테라피/","False","True",""
"업체상세","shops/gyeonggi/yongin/cheoin-gu/남사읍/너무이쁜테라피/index.html","https://1004테라피.shop/shops/gyeonggi/yongin/cheoin-gu/남사읍/너무이쁜테라피/","False","True",""
"업체상세","shops/gyeonggi/yongin/cheoin-gu/남사읍/love테라피/index.html","https://1004테라피.shop/shops/gyeonggi/yongin/cheoin-gu/남사읍/love테라피/","False","True",""
"업체상세","shops/gyeonggi/yongin/cheoin-gu/남사읍/프리미엄테라피/index.html","https://1004테라피.shop/shops/gyeonggi/yongin/cheoin-gu/남사읍/프리미엄테라피/","False","True",""
"업체상세","shops/gyeonggi/yongin/cheoin-gu/동부동/한국미인테라피/index.html","https://1004테라피.shop/shops/gyeonggi/yongin/cheoin-gu/동부동/한국미인테라피/","False","True",""
"업체상세","shops/gyeonggi/yongin/cheoin-gu/동부동/너무이쁜테라피/index.html","https://1004테라피.shop/shops/gyeonggi/yongin/cheoin-gu/동부동/너무이쁜테라피/","False","True",""
"업체상세","shops/gyeonggi/yongin/cheoin-gu/동부동/love테라피/index.html","https://1004테라피.shop/shops/gyeonggi/yongin/cheoin-gu/동부동/love테라피/","False","True",""
"업체상세","shops/gyeonggi/yongin/cheoin-gu/동부동/프리미엄테라피/index.html","https://1004테라피.shop/shops/gyeonggi/yongin/cheoin-gu/동부동/프리미엄테라피/","False","True",""
"업체상세","shops/gyeonggi/yongin/cheoin-gu/모현읍/한국미인테라피/index.html","https://1004테라피.shop/shops/gyeonggi/yongin/cheoin-gu/모현읍/한국미인테라피/","False","True",""
"업체상세","shops/gyeonggi/yongin/cheoin-gu/모현읍/너무이쁜테라피/index.html","https://1004테라피.shop/shops/gyeonggi/yongin/cheoin-gu/모현읍/너무이쁜테라피/","False","True",""
"업체상세","shops/gyeonggi/yongin/cheoin-gu/모현읍/love테라피/index.html","https://1004테라피.shop/shops/gyeonggi/yongin/cheoin-gu/모현읍/love테라피/","False","True",""
"업체상세","shops/gyeonggi/yongin/cheoin-gu/모현읍/프리미엄테라피/index.html","https://1004테라피.shop/shops/gyeonggi/yongin/cheoin-gu/모현읍/프리미엄테라피/","False","True",""
"업체상세","shops/gyeonggi/yongin/cheoin-gu/백암면/한국미인테라피/index.html","https://1004테라피.shop/shops/gyeonggi/yongin/cheoin-gu/백암면/한국미인테라피/","False","True",""
"업체상세","shops/gyeonggi/yongin/cheoin-gu/백암면/너무이쁜테라피/index.html","https://1004테라피.shop/shops/gyeonggi/yongin/cheoin-gu/백암면/너무이쁜테라피/","False","True",""
"업체상세","shops/gyeonggi/yongin/cheoin-gu/백암면/love테라피/index.html","https://1004테라피.shop/shops/gyeonggi/yongin/cheoin-gu/백암면/love테라피/","False","True",""
"업체상세","shops/gyeonggi/yongin/cheoin-gu/백암면/프리미엄테라피/index.html","https://1004테라피.shop/shops/gyeonggi/yongin/cheoin-gu/백암면/프리미엄테라피/","False","True",""
"업체상세","shops/gyeonggi/yongin/cheoin-gu/삼가동/한국미인테라피/index.html","https://1004테라피.shop/shops/gyeonggi/yongin/cheoin-gu/삼가동/한국미인테라피/","False","True",""
"업체상세","shops/gyeonggi/yongin/cheoin-gu/삼가동/너무이쁜테라피/index.html","https://1004테라피.shop/shops/gyeonggi/yongin/cheoin-gu/삼가동/너무이쁜테라피/","False","True",""
"업체상세","shops/gyeonggi/yongin/cheoin-gu/삼가동/love테라피/index.html","https://1004테라피.shop/shops/gyeonggi/yongin/cheoin-gu/삼가동/love테라피/","False","True",""
"업체상세","shops/gyeonggi/yongin/cheoin-gu/삼가동/프리미엄테라피/index.html","https://1004테라피.shop/shops/gyeonggi/yongin/cheoin-gu/삼가동/프리미엄테라피/","False","True",""
"업체상세","shops/gyeonggi/yongin/cheoin-gu/양지읍/한국미인테라피/index.html","https://1004테라피.shop/shops/gyeonggi/yongin/cheoin-gu/양지읍/한국미인테라피/","False","True",""
"업체상세","shops/gyeonggi/yongin/cheoin-gu/양지읍/너무이쁜테라피/index.html","https://1004테라피.shop/shops/gyeonggi/yongin/cheoin-gu/양지읍/너무이쁜테라피/","False","True",""
"업체상세","shops/gyeonggi/yongin/cheoin-gu/양지읍/love테라피/index.html","https://1004테라피.shop/shops/gyeonggi/yongin/cheoin-gu/양지읍/love테라피/","False","True",""
"업체상세","shops/gyeonggi/yongin/cheoin-gu/양지읍/프리미엄테라피/index.html","https://1004테라피.shop/shops/gyeonggi/yongin/cheoin-gu/양지읍/프리미엄테라피/","False","True",""
"업체상세","shops/gyeonggi/yongin/cheoin-gu/역북동/한국미인테라피/index.html","https://1004테라피.shop/shops/gyeonggi/yongin/cheoin-gu/역북동/한국미인테라피/","False","True",""
"업체상세","shops/gyeonggi/yongin/cheoin-gu/역북동/너무이쁜테라피/index.html","https://1004테라피.shop/shops/gyeonggi/yongin/cheoin-gu/역북동/너무이쁜테라피/","False","True",""
"업체상세","shops/gyeonggi/yongin/cheoin-gu/역북동/love테라피/index.html","https://1004테라피.shop/shops/gyeonggi/yongin/cheoin-gu/역북동/love테라피/","False","True",""
"업체상세","shops/gyeonggi/yongin/cheoin-gu/역북동/프리미엄테라피/index.html","https://1004테라피.shop/shops/gyeonggi/yongin/cheoin-gu/역북동/프리미엄테라피/","False","True",""
"업체상세","shops/gyeonggi/yongin/cheoin-gu/원삼면/한국미인테라피/index.html","https://1004테라피.shop/shops/gyeonggi/yongin/cheoin-gu/원삼면/한국미인테라피/","False","True",""
"업체상세","shops/gyeonggi/yongin/cheoin-gu/원삼면/너무이쁜테라피/index.html","https://1004테라피.shop/shops/gyeonggi/yongin/cheoin-gu/원삼면/너무이쁜테라피/","False","True",""
"업체상세","shops/gyeonggi/yongin/cheoin-gu/원삼면/love테라피/index.html","https://1004테라피.shop/shops/gyeonggi/yongin/cheoin-gu/원삼면/love테라피/","False","True",""
"업체상세","shops/gyeonggi/yongin/cheoin-gu/원삼면/프리미엄테라피/index.html","https://1004테라피.shop/shops/gyeonggi/yongin/cheoin-gu/원삼면/프리미엄테라피/","False","True",""
"업체상세","shops/gyeonggi/yongin/cheoin-gu/유림동/한국미인테라피/index.html","https://1004테라피.shop/shops/gyeonggi/yongin/cheoin-gu/유림동/한국미인테라피/","False","True",""
"업체상세","shops/gyeonggi/yongin/cheoin-gu/유림동/너무이쁜테라피/index.html","https://1004테라피.shop/shops/gyeonggi/yongin/cheoin-gu/유림동/너무이쁜테라피/","False","True",""
"업체상세","shops/gyeonggi/yongin/cheoin-gu/유림동/love테라피/index.html","https://1004테라피.shop/shops/gyeonggi/yongin/cheoin-gu/유림동/love테라피/","False","True",""
"업체상세","shops/gyeonggi/yongin/cheoin-gu/유림동/프리미엄테라피/index.html","https://1004테라피.shop/shops/gyeonggi/yongin/cheoin-gu/유림동/프리미엄테라피/","False","True",""
"업체상세","shops/gyeonggi/yongin/cheoin-gu/이동읍/한국미인테라피/index.html","https://1004테라피.shop/shops/gyeonggi/yongin/cheoin-gu/이동읍/한국미인테라피/","False","True",""
"업체상세","shops/gyeonggi/yongin/cheoin-gu/이동읍/너무이쁜테라피/index.html","https://1004테라피.shop/shops/gyeonggi/yongin/cheoin-gu/이동읍/너무이쁜테라피/","False","True",""
"업체상세","shops/gyeonggi/yongin/cheoin-gu/이동읍/love테라피/index.html","https://1004테라피.shop/shops/gyeonggi/yongin/cheoin-gu/이동읍/love테라피/","False","True",""
"업체상세","shops/gyeonggi/yongin/cheoin-gu/이동읍/프리미엄테라피/index.html","https://1004테라피.shop/shops/gyeonggi/yongin/cheoin-gu/이동읍/프리미엄테라피/","False","True",""
"업체상세","shops/gyeonggi/yongin/cheoin-gu/중앙동/한국미인테라피/index.html","https://1004테라피.shop/shops/gyeonggi/yongin/cheoin-gu/중앙동/한국미인테라피/","False","True",""
"업체상세","shops/gyeonggi/yongin/cheoin-gu/중앙동/너무이쁜테라피/index.html","https://1004테라피.shop/shops/gyeonggi/yongin/cheoin-gu/중앙동/너무이쁜테라피/","False","True",""
"업체상세","shops/gyeonggi/yongin/cheoin-gu/중앙동/love테라피/index.html","https://1004테라피.shop/shops/gyeonggi/yongin/cheoin-gu/중앙동/love테라피/","False","True",""
"업체상세","shops/gyeonggi/yongin/cheoin-gu/중앙동/프리미엄테라피/index.html","https://1004테라피.shop/shops/gyeonggi/yongin/cheoin-gu/중앙동/프리미엄테라피/","False","True",""
"업체상세","shops/gyeonggi/yongin/cheoin-gu/포곡읍/한국미인테라피/index.html","https://1004테라피.shop/shops/gyeonggi/yongin/cheoin-gu/포곡읍/한국미인테라피/","False","True",""
"업체상세","shops/gyeonggi/yongin/cheoin-gu/포곡읍/너무이쁜테라피/index.html","https://1004테라피.shop/shops/gyeonggi/yongin/cheoin-gu/포곡읍/너무이쁜테라피/","False","True",""
"업체상세","shops/gyeonggi/yongin/cheoin-gu/포곡읍/love테라피/index.html","https://1004테라피.shop/shops/gyeonggi/yongin/cheoin-gu/포곡읍/love테라피/","False","True",""
"업체상세","shops/gyeonggi/yongin/cheoin-gu/포곡읍/프리미엄테라피/index.html","https://1004테라피.shop/shops/gyeonggi/yongin/cheoin-gu/포곡읍/프리미엄테라피/","False","True",""
"업체상세","shops/gyeonggi/uiwang/고천동/한국미인테라피/index.html","https://1004테라피.shop/shops/gyeonggi/uiwang/고천동/한국미인테라피/","False","True",""
"업체상세","shops/gyeonggi/uiwang/고천동/너무이쁜테라피/index.html","https://1004테라피.shop/shops/gyeonggi/uiwang/고천동/너무이쁜테라피/","False","True",""
"업체상세","shops/gyeonggi/uiwang/고천동/love테라피/index.html","https://1004테라피.shop/shops/gyeonggi/uiwang/고천동/love테라피/","False","True",""
"업체상세","shops/gyeonggi/uiwang/고천동/프리미엄테라피/index.html","https://1004테라피.shop/shops/gyeonggi/uiwang/고천동/프리미엄테라피/","False","True",""
"업체상세","shops/gyeonggi/uiwang/내손동/한국미인테라피/index.html","https://1004테라피.shop/shops/gyeonggi/uiwang/내손동/한국미인테라피/","False","True",""
"업체상세","shops/gyeonggi/uiwang/내손동/너무이쁜테라피/index.html","https://1004테라피.shop/shops/gyeonggi/uiwang/내손동/너무이쁜테라피/","False","True",""
"업체상세","shops/gyeonggi/uiwang/내손동/love테라피/index.html","https://1004테라피.shop/shops/gyeonggi/uiwang/내손동/love테라피/","False","True",""
"업체상세","shops/gyeonggi/uiwang/내손동/프리미엄테라피/index.html","https://1004테라피.shop/shops/gyeonggi/uiwang/내손동/프리미엄테라피/","False","True",""
"업체상세","shops/gyeonggi/uiwang/부곡동/한국미인테라피/index.html","https://1004테라피.shop/shops/gyeonggi/uiwang/부곡동/한국미인테라피/","False","True",""
"업체상세","shops/gyeonggi/uiwang/부곡동/너무이쁜테라피/index.html","https://1004테라피.shop/shops/gyeonggi/uiwang/부곡동/너무이쁜테라피/","False","True",""
"업체상세","shops/gyeonggi/uiwang/부곡동/love테라피/index.html","https://1004테라피.shop/shops/gyeonggi/uiwang/부곡동/love테라피/","False","True",""
"업체상세","shops/gyeonggi/uiwang/부곡동/프리미엄테라피/index.html","https://1004테라피.shop/shops/gyeonggi/uiwang/부곡동/프리미엄테라피/","False","True",""
"업체상세","shops/gyeonggi/uiwang/오전동/한국미인테라피/index.html","https://1004테라피.shop/shops/gyeonggi/uiwang/오전동/한국미인테라피/","False","True",""
"업체상세","shops/gyeonggi/uiwang/오전동/너무이쁜테라피/index.html","https://1004테라피.shop/shops/gyeonggi/uiwang/오전동/너무이쁜테라피/","False","True",""
"업체상세","shops/gyeonggi/uiwang/오전동/love테라피/index.html","https://1004테라피.shop/shops/gyeonggi/uiwang/오전동/love테라피/","False","True",""
"업체상세","shops/gyeonggi/uiwang/오전동/프리미엄테라피/index.html","https://1004테라피.shop/shops/gyeonggi/uiwang/오전동/프리미엄테라피/","False","True",""
"업체상세","shops/gyeonggi/uiwang/청계동/한국미인테라피/index.html","https://1004테라피.shop/shops/gyeonggi/uiwang/청계동/한국미인테라피/","False","True",""
"업체상세","shops/gyeonggi/uiwang/청계동/너무이쁜테라피/index.html","https://1004테라피.shop/shops/gyeonggi/uiwang/청계동/너무이쁜테라피/","False","True",""
"업체상세","shops/gyeonggi/uiwang/청계동/love테라피/index.html","https://1004테라피.shop/shops/gyeonggi/uiwang/청계동/love테라피/","False","True",""
"업체상세","shops/gyeonggi/uiwang/청계동/프리미엄테라피/index.html","https://1004테라피.shop/shops/gyeonggi/uiwang/청계동/프리미엄테라피/","False","True",""
"업체상세","shops/gyeonggi/uijeongbu/가능동/한국미인테라피/index.html","https://1004테라피.shop/shops/gyeonggi/uijeongbu/가능동/한국미인테라피/","False","True",""
"업체상세","shops/gyeonggi/uijeongbu/가능동/너무이쁜테라피/index.html","https://1004테라피.shop/shops/gyeonggi/uijeongbu/가능동/너무이쁜테라피/","False","True",""
"업체상세","shops/gyeonggi/uijeongbu/가능동/love테라피/index.html","https://1004테라피.shop/shops/gyeonggi/uijeongbu/가능동/love테라피/","False","True",""
"업체상세","shops/gyeonggi/uijeongbu/가능동/프리미엄테라피/index.html","https://1004테라피.shop/shops/gyeonggi/uijeongbu/가능동/프리미엄테라피/","False","True",""
"업체상세","shops/gyeonggi/uijeongbu/고산동/한국미인테라피/index.html","https://1004테라피.shop/shops/gyeonggi/uijeongbu/고산동/한국미인테라피/","False","True",""
"업체상세","shops/gyeonggi/uijeongbu/고산동/너무이쁜테라피/index.html","https://1004테라피.shop/shops/gyeonggi/uijeongbu/고산동/너무이쁜테라피/","False","True",""
"업체상세","shops/gyeonggi/uijeongbu/고산동/love테라피/index.html","https://1004테라피.shop/shops/gyeonggi/uijeongbu/고산동/love테라피/","False","True",""
"업체상세","shops/gyeonggi/uijeongbu/고산동/프리미엄테라피/index.html","https://1004테라피.shop/shops/gyeonggi/uijeongbu/고산동/프리미엄테라피/","False","True",""
"업체상세","shops/gyeonggi/uijeongbu/녹양동/한국미인테라피/index.html","https://1004테라피.shop/shops/gyeonggi/uijeongbu/녹양동/한국미인테라피/","False","True",""
"업체상세","shops/gyeonggi/uijeongbu/녹양동/너무이쁜테라피/index.html","https://1004테라피.shop/shops/gyeonggi/uijeongbu/녹양동/너무이쁜테라피/","False","True",""
"업체상세","shops/gyeonggi/uijeongbu/녹양동/love테라피/index.html","https://1004테라피.shop/shops/gyeonggi/uijeongbu/녹양동/love테라피/","False","True",""
"업체상세","shops/gyeonggi/uijeongbu/녹양동/프리미엄테라피/index.html","https://1004테라피.shop/shops/gyeonggi/uijeongbu/녹양동/프리미엄테라피/","False","True",""
"업체상세","shops/gyeonggi/uijeongbu/송산동/한국미인테라피/index.html","https://1004테라피.shop/shops/gyeonggi/uijeongbu/송산동/한국미인테라피/","False","True",""
"업체상세","shops/gyeonggi/uijeongbu/송산동/너무이쁜테라피/index.html","https://1004테라피.shop/shops/gyeonggi/uijeongbu/송산동/너무이쁜테라피/","False","True",""
"업체상세","shops/gyeonggi/uijeongbu/송산동/love테라피/index.html","https://1004테라피.shop/shops/gyeonggi/uijeongbu/송산동/love테라피/","False","True",""
"업체상세","shops/gyeonggi/uijeongbu/송산동/프리미엄테라피/index.html","https://1004테라피.shop/shops/gyeonggi/uijeongbu/송산동/프리미엄테라피/","False","True",""
"업체상세","shops/gyeonggi/uijeongbu/신곡동/한국미인테라피/index.html","https://1004테라피.shop/shops/gyeonggi/uijeongbu/신곡동/한국미인테라피/","False","True",""
"업체상세","shops/gyeonggi/uijeongbu/신곡동/너무이쁜테라피/index.html","https://1004테라피.shop/shops/gyeonggi/uijeongbu/신곡동/너무이쁜테라피/","False","True",""
"업체상세","shops/gyeonggi/uijeongbu/신곡동/love테라피/index.html","https://1004테라피.shop/shops/gyeonggi/uijeongbu/신곡동/love테라피/","False","True",""
"업체상세","shops/gyeonggi/uijeongbu/신곡동/프리미엄테라피/index.html","https://1004테라피.shop/shops/gyeonggi/uijeongbu/신곡동/프리미엄테라피/","False","True",""
"업체상세","shops/gyeonggi/uijeongbu/의정부동/한국미인테라피/index.html","https://1004테라피.shop/shops/gyeonggi/uijeongbu/의정부동/한국미인테라피/","False","True",""
"업체상세","shops/gyeonggi/uijeongbu/의정부동/너무이쁜테라피/index.html","https://1004테라피.shop/shops/gyeonggi/uijeongbu/의정부동/너무이쁜테라피/","False","True",""
"업체상세","shops/gyeonggi/uijeongbu/의정부동/love테라피/index.html","https://1004테라피.shop/shops/gyeonggi/uijeongbu/의정부동/love테라피/","False","True",""
"업체상세","shops/gyeonggi/uijeongbu/의정부동/프리미엄테라피/index.html","https://1004테라피.shop/shops/gyeonggi/uijeongbu/의정부동/프리미엄테라피/","False","True",""
"업체상세","shops/gyeonggi/uijeongbu/자금동/한국미인테라피/index.html","https://1004테라피.shop/shops/gyeonggi/uijeongbu/자금동/한국미인테라피/","False","True",""
"업체상세","shops/gyeonggi/uijeongbu/자금동/너무이쁜테라피/index.html","https://1004테라피.shop/shops/gyeonggi/uijeongbu/자금동/너무이쁜테라피/","False","True",""
"업체상세","shops/gyeonggi/uijeongbu/자금동/love테라피/index.html","https://1004테라피.shop/shops/gyeonggi/uijeongbu/자금동/love테라피/","False","True",""
"업체상세","shops/gyeonggi/uijeongbu/자금동/프리미엄테라피/index.html","https://1004테라피.shop/shops/gyeonggi/uijeongbu/자금동/프리미엄테라피/","False","True",""
"업체상세","shops/gyeonggi/uijeongbu/장암동/한국미인테라피/index.html","https://1004테라피.shop/shops/gyeonggi/uijeongbu/장암동/한국미인테라피/","False","True",""
"업체상세","shops/gyeonggi/uijeongbu/장암동/너무이쁜테라피/index.html","https://1004테라피.shop/shops/gyeonggi/uijeongbu/장암동/너무이쁜테라피/","False","True",""
"업체상세","shops/gyeonggi/uijeongbu/장암동/love테라피/index.html","https://1004테라피.shop/shops/gyeonggi/uijeongbu/장암동/love테라피/","False","True",""
"업체상세","shops/gyeonggi/uijeongbu/장암동/프리미엄테라피/index.html","https://1004테라피.shop/shops/gyeonggi/uijeongbu/장암동/프리미엄테라피/","False","True",""
"업체상세","shops/gyeonggi/uijeongbu/호원동/한국미인테라피/index.html","https://1004테라피.shop/shops/gyeonggi/uijeongbu/호원동/한국미인테라피/","False","True",""
"업체상세","shops/gyeonggi/uijeongbu/호원동/너무이쁜테라피/index.html","https://1004테라피.shop/shops/gyeonggi/uijeongbu/호원동/너무이쁜테라피/","False","True",""
"업체상세","shops/gyeonggi/uijeongbu/호원동/love테라피/index.html","https://1004테라피.shop/shops/gyeonggi/uijeongbu/호원동/love테라피/","False","True",""
"업체상세","shops/gyeonggi/uijeongbu/호원동/프리미엄테라피/index.html","https://1004테라피.shop/shops/gyeonggi/uijeongbu/호원동/프리미엄테라피/","False","True",""
"업체상세","shops/gyeonggi/uijeongbu/흥선동/한국미인테라피/index.html","https://1004테라피.shop/shops/gyeonggi/uijeongbu/흥선동/한국미인테라피/","False","True",""
"업체상세","shops/gyeonggi/uijeongbu/흥선동/너무이쁜테라피/index.html","https://1004테라피.shop/shops/gyeonggi/uijeongbu/흥선동/너무이쁜테라피/","False","True",""
"업체상세","shops/gyeonggi/uijeongbu/흥선동/love테라피/index.html","https://1004테라피.shop/shops/gyeonggi/uijeongbu/흥선동/love테라피/","False","True",""
"업체상세","shops/gyeonggi/uijeongbu/흥선동/프리미엄테라피/index.html","https://1004테라피.shop/shops/gyeonggi/uijeongbu/흥선동/프리미엄테라피/","False","True",""
"업체상세","shops/gyeonggi/icheon/관고동/한국미인테라피/index.html","https://1004테라피.shop/shops/gyeonggi/icheon/관고동/한국미인테라피/","False","True",""
"업체상세","shops/gyeonggi/icheon/관고동/너무이쁜테라피/index.html","https://1004테라피.shop/shops/gyeonggi/icheon/관고동/너무이쁜테라피/","False","True",""
"업체상세","shops/gyeonggi/icheon/관고동/love테라피/index.html","https://1004테라피.shop/shops/gyeonggi/icheon/관고동/love테라피/","False","True",""
"업체상세","shops/gyeonggi/icheon/관고동/프리미엄테라피/index.html","https://1004테라피.shop/shops/gyeonggi/icheon/관고동/프리미엄테라피/","False","True",""
"업체상세","shops/gyeonggi/icheon/대월면/한국미인테라피/index.html","https://1004테라피.shop/shops/gyeonggi/icheon/대월면/한국미인테라피/","False","True",""
"업체상세","shops/gyeonggi/icheon/대월면/너무이쁜테라피/index.html","https://1004테라피.shop/shops/gyeonggi/icheon/대월면/너무이쁜테라피/","False","True",""
"업체상세","shops/gyeonggi/icheon/대월면/love테라피/index.html","https://1004테라피.shop/shops/gyeonggi/icheon/대월면/love테라피/","False","True",""
"업체상세","shops/gyeonggi/icheon/대월면/프리미엄테라피/index.html","https://1004테라피.shop/shops/gyeonggi/icheon/대월면/프리미엄테라피/","False","True",""
"업체상세","shops/gyeonggi/icheon/마장면/한국미인테라피/index.html","https://1004테라피.shop/shops/gyeonggi/icheon/마장면/한국미인테라피/","False","True",""
"업체상세","shops/gyeonggi/icheon/마장면/너무이쁜테라피/index.html","https://1004테라피.shop/shops/gyeonggi/icheon/마장면/너무이쁜테라피/","False","True",""
"업체상세","shops/gyeonggi/icheon/마장면/love테라피/index.html","https://1004테라피.shop/shops/gyeonggi/icheon/마장면/love테라피/","False","True",""
"업체상세","shops/gyeonggi/icheon/마장면/프리미엄테라피/index.html","https://1004테라피.shop/shops/gyeonggi/icheon/마장면/프리미엄테라피/","False","True",""
"업체상세","shops/gyeonggi/icheon/모가면/한국미인테라피/index.html","https://1004테라피.shop/shops/gyeonggi/icheon/모가면/한국미인테라피/","False","True",""
"업체상세","shops/gyeonggi/icheon/모가면/너무이쁜테라피/index.html","https://1004테라피.shop/shops/gyeonggi/icheon/모가면/너무이쁜테라피/","False","True",""
"업체상세","shops/gyeonggi/icheon/모가면/love테라피/index.html","https://1004테라피.shop/shops/gyeonggi/icheon/모가면/love테라피/","False","True",""
"업체상세","shops/gyeonggi/icheon/모가면/프리미엄테라피/index.html","https://1004테라피.shop/shops/gyeonggi/icheon/모가면/프리미엄테라피/","False","True",""
"업체상세","shops/gyeonggi/icheon/백사면/한국미인테라피/index.html","https://1004테라피.shop/shops/gyeonggi/icheon/백사면/한국미인테라피/","False","True",""
"업체상세","shops/gyeonggi/icheon/백사면/너무이쁜테라피/index.html","https://1004테라피.shop/shops/gyeonggi/icheon/백사면/너무이쁜테라피/","False","True",""
"업체상세","shops/gyeonggi/icheon/백사면/love테라피/index.html","https://1004테라피.shop/shops/gyeonggi/icheon/백사면/love테라피/","False","True",""
"업체상세","shops/gyeonggi/icheon/백사면/프리미엄테라피/index.html","https://1004테라피.shop/shops/gyeonggi/icheon/백사면/프리미엄테라피/","False","True",""
"업체상세","shops/gyeonggi/icheon/부발읍/한국미인테라피/index.html","https://1004테라피.shop/shops/gyeonggi/icheon/부발읍/한국미인테라피/","False","True",""
"업체상세","shops/gyeonggi/icheon/부발읍/너무이쁜테라피/index.html","https://1004테라피.shop/shops/gyeonggi/icheon/부발읍/너무이쁜테라피/","False","True",""
"업체상세","shops/gyeonggi/icheon/부발읍/love테라피/index.html","https://1004테라피.shop/shops/gyeonggi/icheon/부발읍/love테라피/","False","True",""
"업체상세","shops/gyeonggi/icheon/부발읍/프리미엄테라피/index.html","https://1004테라피.shop/shops/gyeonggi/icheon/부발읍/프리미엄테라피/","False","True",""
"업체상세","shops/gyeonggi/icheon/설성면/한국미인테라피/index.html","https://1004테라피.shop/shops/gyeonggi/icheon/설성면/한국미인테라피/","False","True",""
"업체상세","shops/gyeonggi/icheon/설성면/너무이쁜테라피/index.html","https://1004테라피.shop/shops/gyeonggi/icheon/설성면/너무이쁜테라피/","False","True",""
"업체상세","shops/gyeonggi/icheon/설성면/love테라피/index.html","https://1004테라피.shop/shops/gyeonggi/icheon/설성면/love테라피/","False","True",""
"업체상세","shops/gyeonggi/icheon/설성면/프리미엄테라피/index.html","https://1004테라피.shop/shops/gyeonggi/icheon/설성면/프리미엄테라피/","False","True",""
"업체상세","shops/gyeonggi/icheon/신둔면/한국미인테라피/index.html","https://1004테라피.shop/shops/gyeonggi/icheon/신둔면/한국미인테라피/","False","True",""
"업체상세","shops/gyeonggi/icheon/신둔면/너무이쁜테라피/index.html","https://1004테라피.shop/shops/gyeonggi/icheon/신둔면/너무이쁜테라피/","False","True",""
"업체상세","shops/gyeonggi/icheon/신둔면/love테라피/index.html","https://1004테라피.shop/shops/gyeonggi/icheon/신둔면/love테라피/","False","True",""
"업체상세","shops/gyeonggi/icheon/신둔면/프리미엄테라피/index.html","https://1004테라피.shop/shops/gyeonggi/icheon/신둔면/프리미엄테라피/","False","True",""
"업체상세","shops/gyeonggi/icheon/율면/한국미인테라피/index.html","https://1004테라피.shop/shops/gyeonggi/icheon/율면/한국미인테라피/","False","True",""
"업체상세","shops/gyeonggi/icheon/율면/너무이쁜테라피/index.html","https://1004테라피.shop/shops/gyeonggi/icheon/율면/너무이쁜테라피/","False","True",""
"업체상세","shops/gyeonggi/icheon/율면/love테라피/index.html","https://1004테라피.shop/shops/gyeonggi/icheon/율면/love테라피/","False","True",""
"업체상세","shops/gyeonggi/icheon/율면/프리미엄테라피/index.html","https://1004테라피.shop/shops/gyeonggi/icheon/율면/프리미엄테라피/","False","True",""
"업체상세","shops/gyeonggi/icheon/장호원읍/한국미인테라피/index.html","https://1004테라피.shop/shops/gyeonggi/icheon/장호원읍/한국미인테라피/","False","True",""
"업체상세","shops/gyeonggi/icheon/장호원읍/너무이쁜테라피/index.html","https://1004테라피.shop/shops/gyeonggi/icheon/장호원읍/너무이쁜테라피/","False","True",""
"업체상세","shops/gyeonggi/icheon/장호원읍/love테라피/index.html","https://1004테라피.shop/shops/gyeonggi/icheon/장호원읍/love테라피/","False","True",""
"업체상세","shops/gyeonggi/icheon/장호원읍/프리미엄테라피/index.html","https://1004테라피.shop/shops/gyeonggi/icheon/장호원읍/프리미엄테라피/","False","True",""
"업체상세","shops/gyeonggi/icheon/중리동/한국미인테라피/index.html","https://1004테라피.shop/shops/gyeonggi/icheon/중리동/한국미인테라피/","False","True",""
"업체상세","shops/gyeonggi/icheon/중리동/너무이쁜테라피/index.html","https://1004테라피.shop/shops/gyeonggi/icheon/중리동/너무이쁜테라피/","False","True",""
"업체상세","shops/gyeonggi/icheon/중리동/love테라피/index.html","https://1004테라피.shop/shops/gyeonggi/icheon/중리동/love테라피/","False","True",""
"업체상세","shops/gyeonggi/icheon/중리동/프리미엄테라피/index.html","https://1004테라피.shop/shops/gyeonggi/icheon/중리동/프리미엄테라피/","False","True",""
"업체상세","shops/gyeonggi/icheon/증포동/한국미인테라피/index.html","https://1004테라피.shop/shops/gyeonggi/icheon/증포동/한국미인테라피/","False","True",""
"업체상세","shops/gyeonggi/icheon/증포동/너무이쁜테라피/index.html","https://1004테라피.shop/shops/gyeonggi/icheon/증포동/너무이쁜테라피/","False","True",""
"업체상세","shops/gyeonggi/icheon/증포동/love테라피/index.html","https://1004테라피.shop/shops/gyeonggi/icheon/증포동/love테라피/","False","True",""
"업체상세","shops/gyeonggi/icheon/증포동/프리미엄테라피/index.html","https://1004테라피.shop/shops/gyeonggi/icheon/증포동/프리미엄테라피/","False","True",""
"업체상세","shops/gyeonggi/icheon/창전동/한국미인테라피/index.html","https://1004테라피.shop/shops/gyeonggi/icheon/창전동/한국미인테라피/","False","True",""
"업체상세","shops/gyeonggi/icheon/창전동/너무이쁜테라피/index.html","https://1004테라피.shop/shops/gyeonggi/icheon/창전동/너무이쁜테라피/","False","True",""
"업체상세","shops/gyeonggi/icheon/창전동/love테라피/index.html","https://1004테라피.shop/shops/gyeonggi/icheon/창전동/love테라피/","False","True",""
"업체상세","shops/gyeonggi/icheon/창전동/프리미엄테라피/index.html","https://1004테라피.shop/shops/gyeonggi/icheon/창전동/프리미엄테라피/","False","True",""
"업체상세","shops/gyeonggi/icheon/호법면/한국미인테라피/index.html","https://1004테라피.shop/shops/gyeonggi/icheon/호법면/한국미인테라피/","False","True",""
"업체상세","shops/gyeonggi/icheon/호법면/너무이쁜테라피/index.html","https://1004테라피.shop/shops/gyeonggi/icheon/호법면/너무이쁜테라피/","False","True",""
"업체상세","shops/gyeonggi/icheon/호법면/love테라피/index.html","https://1004테라피.shop/shops/gyeonggi/icheon/호법면/love테라피/","False","True",""
"업체상세","shops/gyeonggi/icheon/호법면/프리미엄테라피/index.html","https://1004테라피.shop/shops/gyeonggi/icheon/호법면/프리미엄테라피/","False","True",""
"업체상세","shops/gyeonggi/paju/광탄면/한국미인테라피/index.html","https://1004테라피.shop/shops/gyeonggi/paju/광탄면/한국미인테라피/","False","True",""
"업체상세","shops/gyeonggi/paju/광탄면/너무이쁜테라피/index.html","https://1004테라피.shop/shops/gyeonggi/paju/광탄면/너무이쁜테라피/","False","True",""
"업체상세","shops/gyeonggi/paju/광탄면/love테라피/index.html","https://1004테라피.shop/shops/gyeonggi/paju/광탄면/love테라피/","False","True",""
"업체상세","shops/gyeonggi/paju/광탄면/프리미엄테라피/index.html","https://1004테라피.shop/shops/gyeonggi/paju/광탄면/프리미엄테라피/","False","True",""
"업체상세","shops/gyeonggi/paju/교하동/한국미인테라피/index.html","https://1004테라피.shop/shops/gyeonggi/paju/교하동/한국미인테라피/","False","True",""
"업체상세","shops/gyeonggi/paju/교하동/너무이쁜테라피/index.html","https://1004테라피.shop/shops/gyeonggi/paju/교하동/너무이쁜테라피/","False","True",""
"업체상세","shops/gyeonggi/paju/교하동/love테라피/index.html","https://1004테라피.shop/shops/gyeonggi/paju/교하동/love테라피/","False","True",""
"업체상세","shops/gyeonggi/paju/교하동/프리미엄테라피/index.html","https://1004테라피.shop/shops/gyeonggi/paju/교하동/프리미엄테라피/","False","True",""
"업체상세","shops/gyeonggi/paju/금촌동/한국미인테라피/index.html","https://1004테라피.shop/shops/gyeonggi/paju/금촌동/한국미인테라피/","False","True",""
"업체상세","shops/gyeonggi/paju/금촌동/너무이쁜테라피/index.html","https://1004테라피.shop/shops/gyeonggi/paju/금촌동/너무이쁜테라피/","False","True",""
"업체상세","shops/gyeonggi/paju/금촌동/love테라피/index.html","https://1004테라피.shop/shops/gyeonggi/paju/금촌동/love테라피/","False","True",""
"업체상세","shops/gyeonggi/paju/금촌동/프리미엄테라피/index.html","https://1004테라피.shop/shops/gyeonggi/paju/금촌동/프리미엄테라피/","False","True",""
"업체상세","shops/gyeonggi/paju/문산읍/한국미인테라피/index.html","https://1004테라피.shop/shops/gyeonggi/paju/문산읍/한국미인테라피/","False","True",""
"업체상세","shops/gyeonggi/paju/문산읍/너무이쁜테라피/index.html","https://1004테라피.shop/shops/gyeonggi/paju/문산읍/너무이쁜테라피/","False","True",""
"업체상세","shops/gyeonggi/paju/문산읍/love테라피/index.html","https://1004테라피.shop/shops/gyeonggi/paju/문산읍/love테라피/","False","True",""
"업체상세","shops/gyeonggi/paju/문산읍/프리미엄테라피/index.html","https://1004테라피.shop/shops/gyeonggi/paju/문산읍/프리미엄테라피/","False","True",""
"업체상세","shops/gyeonggi/paju/법원읍/한국미인테라피/index.html","https://1004테라피.shop/shops/gyeonggi/paju/법원읍/한국미인테라피/","False","True",""
"업체상세","shops/gyeonggi/paju/법원읍/너무이쁜테라피/index.html","https://1004테라피.shop/shops/gyeonggi/paju/법원읍/너무이쁜테라피/","False","True",""
"업체상세","shops/gyeonggi/paju/법원읍/love테라피/index.html","https://1004테라피.shop/shops/gyeonggi/paju/법원읍/love테라피/","False","True",""
"업체상세","shops/gyeonggi/paju/법원읍/프리미엄테라피/index.html","https://1004테라피.shop/shops/gyeonggi/paju/법원읍/프리미엄테라피/","False","True",""
"업체상세","shops/gyeonggi/paju/운정동/한국미인테라피/index.html","https://1004테라피.shop/shops/gyeonggi/paju/운정동/한국미인테라피/","False","True",""
"업체상세","shops/gyeonggi/paju/운정동/너무이쁜테라피/index.html","https://1004테라피.shop/shops/gyeonggi/paju/운정동/너무이쁜테라피/","False","True",""
"업체상세","shops/gyeonggi/paju/운정동/love테라피/index.html","https://1004테라피.shop/shops/gyeonggi/paju/운정동/love테라피/","False","True",""
"업체상세","shops/gyeonggi/paju/운정동/프리미엄테라피/index.html","https://1004테라피.shop/shops/gyeonggi/paju/운정동/프리미엄테라피/","False","True",""
"업체상세","shops/gyeonggi/paju/월롱면/한국미인테라피/index.html","https://1004테라피.shop/shops/gyeonggi/paju/월롱면/한국미인테라피/","False","True",""
"업체상세","shops/gyeonggi/paju/월롱면/너무이쁜테라피/index.html","https://1004테라피.shop/shops/gyeonggi/paju/월롱면/너무이쁜테라피/","False","True",""
"업체상세","shops/gyeonggi/paju/월롱면/love테라피/index.html","https://1004테라피.shop/shops/gyeonggi/paju/월롱면/love테라피/","False","True",""
"업체상세","shops/gyeonggi/paju/월롱면/프리미엄테라피/index.html","https://1004테라피.shop/shops/gyeonggi/paju/월롱면/프리미엄테라피/","False","True",""
"업체상세","shops/gyeonggi/paju/장단면/한국미인테라피/index.html","https://1004테라피.shop/shops/gyeonggi/paju/장단면/한국미인테라피/","False","True",""
"업체상세","shops/gyeonggi/paju/장단면/너무이쁜테라피/index.html","https://1004테라피.shop/shops/gyeonggi/paju/장단면/너무이쁜테라피/","False","True",""
"업체상세","shops/gyeonggi/paju/장단면/love테라피/index.html","https://1004테라피.shop/shops/gyeonggi/paju/장단면/love테라피/","False","True",""
"업체상세","shops/gyeonggi/paju/장단면/프리미엄테라피/index.html","https://1004테라피.shop/shops/gyeonggi/paju/장단면/프리미엄테라피/","False","True",""
"업체상세","shops/gyeonggi/paju/적성면/한국미인테라피/index.html","https://1004테라피.shop/shops/gyeonggi/paju/적성면/한국미인테라피/","False","True",""
"업체상세","shops/gyeonggi/paju/적성면/너무이쁜테라피/index.html","https://1004테라피.shop/shops/gyeonggi/paju/적성면/너무이쁜테라피/","False","True",""
"업체상세","shops/gyeonggi/paju/적성면/love테라피/index.html","https://1004테라피.shop/shops/gyeonggi/paju/적성면/love테라피/","False","True",""
"업체상세","shops/gyeonggi/paju/적성면/프리미엄테라피/index.html","https://1004테라피.shop/shops/gyeonggi/paju/적성면/프리미엄테라피/","False","True",""
"업체상세","shops/gyeonggi/paju/조리읍/한국미인테라피/index.html","https://1004테라피.shop/shops/gyeonggi/paju/조리읍/한국미인테라피/","False","True",""
"업체상세","shops/gyeonggi/paju/조리읍/너무이쁜테라피/index.html","https://1004테라피.shop/shops/gyeonggi/paju/조리읍/너무이쁜테라피/","False","True",""
"업체상세","shops/gyeonggi/paju/조리읍/love테라피/index.html","https://1004테라피.shop/shops/gyeonggi/paju/조리읍/love테라피/","False","True",""
"업체상세","shops/gyeonggi/paju/조리읍/프리미엄테라피/index.html","https://1004테라피.shop/shops/gyeonggi/paju/조리읍/프리미엄테라피/","False","True",""
"업체상세","shops/gyeonggi/paju/탄현면/한국미인테라피/index.html","https://1004테라피.shop/shops/gyeonggi/paju/탄현면/한국미인테라피/","False","True",""
"업체상세","shops/gyeonggi/paju/탄현면/너무이쁜테라피/index.html","https://1004테라피.shop/shops/gyeonggi/paju/탄현면/너무이쁜테라피/","False","True",""
"업체상세","shops/gyeonggi/paju/탄현면/love테라피/index.html","https://1004테라피.shop/shops/gyeonggi/paju/탄현면/love테라피/","False","True",""
"업체상세","shops/gyeonggi/paju/탄현면/프리미엄테라피/index.html","https://1004테라피.shop/shops/gyeonggi/paju/탄현면/프리미엄테라피/","False","True",""
"업체상세","shops/gyeonggi/paju/파주읍/한국미인테라피/index.html","https://1004테라피.shop/shops/gyeonggi/paju/파주읍/한국미인테라피/","False","True",""
"업체상세","shops/gyeonggi/paju/파주읍/너무이쁜테라피/index.html","https://1004테라피.shop/shops/gyeonggi/paju/파주읍/너무이쁜테라피/","False","True",""
"업체상세","shops/gyeonggi/paju/파주읍/love테라피/index.html","https://1004테라피.shop/shops/gyeonggi/paju/파주읍/love테라피/","False","True",""
"업체상세","shops/gyeonggi/paju/파주읍/프리미엄테라피/index.html","https://1004테라피.shop/shops/gyeonggi/paju/파주읍/프리미엄테라피/","False","True",""
"업체상세","shops/gyeonggi/paju/파평면/한국미인테라피/index.html","https://1004테라피.shop/shops/gyeonggi/paju/파평면/한국미인테라피/","False","True",""
"업체상세","shops/gyeonggi/paju/파평면/너무이쁜테라피/index.html","https://1004테라피.shop/shops/gyeonggi/paju/파평면/너무이쁜테라피/","False","True",""
"업체상세","shops/gyeonggi/paju/파평면/love테라피/index.html","https://1004테라피.shop/shops/gyeonggi/paju/파평면/love테라피/","False","True",""
"업체상세","shops/gyeonggi/paju/파평면/프리미엄테라피/index.html","https://1004테라피.shop/shops/gyeonggi/paju/파평면/프리미엄테라피/","False","True",""
"업체상세","shops/gyeonggi/pyeongtaek/고덕동/한국미인테라피/index.html","https://1004테라피.shop/shops/gyeonggi/pyeongtaek/고덕동/한국미인테라피/","False","True",""
"업체상세","shops/gyeonggi/pyeongtaek/고덕동/너무이쁜테라피/index.html","https://1004테라피.shop/shops/gyeonggi/pyeongtaek/고덕동/너무이쁜테라피/","False","True",""
"업체상세","shops/gyeonggi/pyeongtaek/고덕동/love테라피/index.html","https://1004테라피.shop/shops/gyeonggi/pyeongtaek/고덕동/love테라피/","False","True",""
"업체상세","shops/gyeonggi/pyeongtaek/고덕동/프리미엄테라피/index.html","https://1004테라피.shop/shops/gyeonggi/pyeongtaek/고덕동/프리미엄테라피/","False","True",""
"업체상세","shops/gyeonggi/pyeongtaek/고덕면/한국미인테라피/index.html","https://1004테라피.shop/shops/gyeonggi/pyeongtaek/고덕면/한국미인테라피/","False","True",""
"업체상세","shops/gyeonggi/pyeongtaek/고덕면/너무이쁜테라피/index.html","https://1004테라피.shop/shops/gyeonggi/pyeongtaek/고덕면/너무이쁜테라피/","False","True",""
"업체상세","shops/gyeonggi/pyeongtaek/고덕면/love테라피/index.html","https://1004테라피.shop/shops/gyeonggi/pyeongtaek/고덕면/love테라피/","False","True",""
"업체상세","shops/gyeonggi/pyeongtaek/고덕면/프리미엄테라피/index.html","https://1004테라피.shop/shops/gyeonggi/pyeongtaek/고덕면/프리미엄테라피/","False","True",""
"업체상세","shops/gyeonggi/pyeongtaek/동삭동/한국미인테라피/index.html","https://1004테라피.shop/shops/gyeonggi/pyeongtaek/동삭동/한국미인테라피/","False","True",""
"업체상세","shops/gyeonggi/pyeongtaek/동삭동/너무이쁜테라피/index.html","https://1004테라피.shop/shops/gyeonggi/pyeongtaek/동삭동/너무이쁜테라피/","False","True",""
"업체상세","shops/gyeonggi/pyeongtaek/동삭동/love테라피/index.html","https://1004테라피.shop/shops/gyeonggi/pyeongtaek/동삭동/love테라피/","False","True",""
"업체상세","shops/gyeonggi/pyeongtaek/동삭동/프리미엄테라피/index.html","https://1004테라피.shop/shops/gyeonggi/pyeongtaek/동삭동/프리미엄테라피/","False","True",""
"업체상세","shops/gyeonggi/pyeongtaek/비전동/한국미인테라피/index.html","https://1004테라피.shop/shops/gyeonggi/pyeongtaek/비전동/한국미인테라피/","False","True",""
"업체상세","shops/gyeonggi/pyeongtaek/비전동/너무이쁜테라피/index.html","https://1004테라피.shop/shops/gyeonggi/pyeongtaek/비전동/너무이쁜테라피/","False","True",""
"업체상세","shops/gyeonggi/pyeongtaek/비전동/love테라피/index.html","https://1004테라피.shop/shops/gyeonggi/pyeongtaek/비전동/love테라피/","False","True",""
"업체상세","shops/gyeonggi/pyeongtaek/비전동/프리미엄테라피/index.html","https://1004테라피.shop/shops/gyeonggi/pyeongtaek/비전동/프리미엄테라피/","False","True",""
"업체상세","shops/gyeonggi/pyeongtaek/서정동/한국미인테라피/index.html","https://1004테라피.shop/shops/gyeonggi/pyeongtaek/서정동/한국미인테라피/","False","True",""
"업체상세","shops/gyeonggi/pyeongtaek/서정동/너무이쁜테라피/index.html","https://1004테라피.shop/shops/gyeonggi/pyeongtaek/서정동/너무이쁜테라피/","False","True",""
"업체상세","shops/gyeonggi/pyeongtaek/서정동/love테라피/index.html","https://1004테라피.shop/shops/gyeonggi/pyeongtaek/서정동/love테라피/","False","True",""
"업체상세","shops/gyeonggi/pyeongtaek/서정동/프리미엄테라피/index.html","https://1004테라피.shop/shops/gyeonggi/pyeongtaek/서정동/프리미엄테라피/","False","True",""
"업체상세","shops/gyeonggi/pyeongtaek/서탄면/한국미인테라피/index.html","https://1004테라피.shop/shops/gyeonggi/pyeongtaek/서탄면/한국미인테라피/","False","True",""
"업체상세","shops/gyeonggi/pyeongtaek/서탄면/너무이쁜테라피/index.html","https://1004테라피.shop/shops/gyeonggi/pyeongtaek/서탄면/너무이쁜테라피/","False","True",""
"업체상세","shops/gyeonggi/pyeongtaek/서탄면/love테라피/index.html","https://1004테라피.shop/shops/gyeonggi/pyeongtaek/서탄면/love테라피/","False","True",""
"업체상세","shops/gyeonggi/pyeongtaek/서탄면/프리미엄테라피/index.html","https://1004테라피.shop/shops/gyeonggi/pyeongtaek/서탄면/프리미엄테라피/","False","True",""
"업체상세","shops/gyeonggi/pyeongtaek/세교동/한국미인테라피/index.html","https://1004테라피.shop/shops/gyeonggi/pyeongtaek/세교동/한국미인테라피/","False","True",""
"업체상세","shops/gyeonggi/pyeongtaek/세교동/너무이쁜테라피/index.html","https://1004테라피.shop/shops/gyeonggi/pyeongtaek/세교동/너무이쁜테라피/","False","True",""
"업체상세","shops/gyeonggi/pyeongtaek/세교동/love테라피/index.html","https://1004테라피.shop/shops/gyeonggi/pyeongtaek/세교동/love테라피/","False","True",""
"업체상세","shops/gyeonggi/pyeongtaek/세교동/프리미엄테라피/index.html","https://1004테라피.shop/shops/gyeonggi/pyeongtaek/세교동/프리미엄테라피/","False","True",""
"업체상세","shops/gyeonggi/pyeongtaek/송북동/한국미인테라피/index.html","https://1004테라피.shop/shops/gyeonggi/pyeongtaek/송북동/한국미인테라피/","False","True",""
"업체상세","shops/gyeonggi/pyeongtaek/송북동/너무이쁜테라피/index.html","https://1004테라피.shop/shops/gyeonggi/pyeongtaek/송북동/너무이쁜테라피/","False","True",""
"업체상세","shops/gyeonggi/pyeongtaek/송북동/love테라피/index.html","https://1004테라피.shop/shops/gyeonggi/pyeongtaek/송북동/love테라피/","False","True",""
"업체상세","shops/gyeonggi/pyeongtaek/송북동/프리미엄테라피/index.html","https://1004테라피.shop/shops/gyeonggi/pyeongtaek/송북동/프리미엄테라피/","False","True",""
"업체상세","shops/gyeonggi/pyeongtaek/송탄동/한국미인테라피/index.html","https://1004테라피.shop/shops/gyeonggi/pyeongtaek/송탄동/한국미인테라피/","False","True",""
"업체상세","shops/gyeonggi/pyeongtaek/송탄동/너무이쁜테라피/index.html","https://1004테라피.shop/shops/gyeonggi/pyeongtaek/송탄동/너무이쁜테라피/","False","True",""
"업체상세","shops/gyeonggi/pyeongtaek/송탄동/love테라피/index.html","https://1004테라피.shop/shops/gyeonggi/pyeongtaek/송탄동/love테라피/","False","True",""
"업체상세","shops/gyeonggi/pyeongtaek/송탄동/프리미엄테라피/index.html","https://1004테라피.shop/shops/gyeonggi/pyeongtaek/송탄동/프리미엄테라피/","False","True",""
"업체상세","shops/gyeonggi/pyeongtaek/신장동/한국미인테라피/index.html","https://1004테라피.shop/shops/gyeonggi/pyeongtaek/신장동/한국미인테라피/","False","True",""
"업체상세","shops/gyeonggi/pyeongtaek/신장동/너무이쁜테라피/index.html","https://1004테라피.shop/shops/gyeonggi/pyeongtaek/신장동/너무이쁜테라피/","False","True",""
"업체상세","shops/gyeonggi/pyeongtaek/신장동/love테라피/index.html","https://1004테라피.shop/shops/gyeonggi/pyeongtaek/신장동/love테라피/","False","True",""
"업체상세","shops/gyeonggi/pyeongtaek/신장동/프리미엄테라피/index.html","https://1004테라피.shop/shops/gyeonggi/pyeongtaek/신장동/프리미엄테라피/","False","True",""
"업체상세","shops/gyeonggi/pyeongtaek/신평동/한국미인테라피/index.html","https://1004테라피.shop/shops/gyeonggi/pyeongtaek/신평동/한국미인테라피/","False","True",""
"업체상세","shops/gyeonggi/pyeongtaek/신평동/너무이쁜테라피/index.html","https://1004테라피.shop/shops/gyeonggi/pyeongtaek/신평동/너무이쁜테라피/","False","True",""
"업체상세","shops/gyeonggi/pyeongtaek/신평동/love테라피/index.html","https://1004테라피.shop/shops/gyeonggi/pyeongtaek/신평동/love테라피/","False","True",""
"업체상세","shops/gyeonggi/pyeongtaek/신평동/프리미엄테라피/index.html","https://1004테라피.shop/shops/gyeonggi/pyeongtaek/신평동/프리미엄테라피/","False","True",""
"업체상세","shops/gyeonggi/pyeongtaek/안중읍/한국미인테라피/index.html","https://1004테라피.shop/shops/gyeonggi/pyeongtaek/안중읍/한국미인테라피/","False","True",""
"업체상세","shops/gyeonggi/pyeongtaek/안중읍/너무이쁜테라피/index.html","https://1004테라피.shop/shops/gyeonggi/pyeongtaek/안중읍/너무이쁜테라피/","False","True",""
"업체상세","shops/gyeonggi/pyeongtaek/안중읍/love테라피/index.html","https://1004테라피.shop/shops/gyeonggi/pyeongtaek/안중읍/love테라피/","False","True",""
"업체상세","shops/gyeonggi/pyeongtaek/안중읍/프리미엄테라피/index.html","https://1004테라피.shop/shops/gyeonggi/pyeongtaek/안중읍/프리미엄테라피/","False","True",""
"업체상세","shops/gyeonggi/pyeongtaek/오성면/한국미인테라피/index.html","https://1004테라피.shop/shops/gyeonggi/pyeongtaek/오성면/한국미인테라피/","False","True",""
"업체상세","shops/gyeonggi/pyeongtaek/오성면/너무이쁜테라피/index.html","https://1004테라피.shop/shops/gyeonggi/pyeongtaek/오성면/너무이쁜테라피/","False","True",""
"업체상세","shops/gyeonggi/pyeongtaek/오성면/love테라피/index.html","https://1004테라피.shop/shops/gyeonggi/pyeongtaek/오성면/love테라피/","False","True",""
"업체상세","shops/gyeonggi/pyeongtaek/오성면/프리미엄테라피/index.html","https://1004테라피.shop/shops/gyeonggi/pyeongtaek/오성면/프리미엄테라피/","False","True",""
"업체상세","shops/gyeonggi/pyeongtaek/용이동/한국미인테라피/index.html","https://1004테라피.shop/shops/gyeonggi/pyeongtaek/용이동/한국미인테라피/","False","True",""
"업체상세","shops/gyeonggi/pyeongtaek/용이동/너무이쁜테라피/index.html","https://1004테라피.shop/shops/gyeonggi/pyeongtaek/용이동/너무이쁜테라피/","False","True",""
"업체상세","shops/gyeonggi/pyeongtaek/용이동/love테라피/index.html","https://1004테라피.shop/shops/gyeonggi/pyeongtaek/용이동/love테라피/","False","True",""
"업체상세","shops/gyeonggi/pyeongtaek/용이동/프리미엄테라피/index.html","https://1004테라피.shop/shops/gyeonggi/pyeongtaek/용이동/프리미엄테라피/","False","True",""
"업체상세","shops/gyeonggi/pyeongtaek/원평동/한국미인테라피/index.html","https://1004테라피.shop/shops/gyeonggi/pyeongtaek/원평동/한국미인테라피/","False","True",""
"업체상세","shops/gyeonggi/pyeongtaek/원평동/너무이쁜테라피/index.html","https://1004테라피.shop/shops/gyeonggi/pyeongtaek/원평동/너무이쁜테라피/","False","True",""
"업체상세","shops/gyeonggi/pyeongtaek/원평동/love테라피/index.html","https://1004테라피.shop/shops/gyeonggi/pyeongtaek/원평동/love테라피/","False","True",""
"업체상세","shops/gyeonggi/pyeongtaek/원평동/프리미엄테라피/index.html","https://1004테라피.shop/shops/gyeonggi/pyeongtaek/원평동/프리미엄테라피/","False","True",""
"업체상세","shops/gyeonggi/pyeongtaek/중앙동/한국미인테라피/index.html","https://1004테라피.shop/shops/gyeonggi/pyeongtaek/중앙동/한국미인테라피/","False","True",""
"업체상세","shops/gyeonggi/pyeongtaek/중앙동/너무이쁜테라피/index.html","https://1004테라피.shop/shops/gyeonggi/pyeongtaek/중앙동/너무이쁜테라피/","False","True",""
"업체상세","shops/gyeonggi/pyeongtaek/중앙동/love테라피/index.html","https://1004테라피.shop/shops/gyeonggi/pyeongtaek/중앙동/love테라피/","False","True",""
"업체상세","shops/gyeonggi/pyeongtaek/중앙동/프리미엄테라피/index.html","https://1004테라피.shop/shops/gyeonggi/pyeongtaek/중앙동/프리미엄테라피/","False","True",""
"업체상세","shops/gyeonggi/pyeongtaek/지산동/한국미인테라피/index.html","https://1004테라피.shop/shops/gyeonggi/pyeongtaek/지산동/한국미인테라피/","False","True",""
"업체상세","shops/gyeonggi/pyeongtaek/지산동/너무이쁜테라피/index.html","https://1004테라피.shop/shops/gyeonggi/pyeongtaek/지산동/너무이쁜테라피/","False","True",""
"업체상세","shops/gyeonggi/pyeongtaek/지산동/love테라피/index.html","https://1004테라피.shop/shops/gyeonggi/pyeongtaek/지산동/love테라피/","False","True",""
"업체상세","shops/gyeonggi/pyeongtaek/지산동/프리미엄테라피/index.html","https://1004테라피.shop/shops/gyeonggi/pyeongtaek/지산동/프리미엄테라피/","False","True",""
"업체상세","shops/gyeonggi/pyeongtaek/진위면/한국미인테라피/index.html","https://1004테라피.shop/shops/gyeonggi/pyeongtaek/진위면/한국미인테라피/","False","True",""
"업체상세","shops/gyeonggi/pyeongtaek/진위면/너무이쁜테라피/index.html","https://1004테라피.shop/shops/gyeonggi/pyeongtaek/진위면/너무이쁜테라피/","False","True",""
"업체상세","shops/gyeonggi/pyeongtaek/진위면/love테라피/index.html","https://1004테라피.shop/shops/gyeonggi/pyeongtaek/진위면/love테라피/","False","True",""
"업체상세","shops/gyeonggi/pyeongtaek/진위면/프리미엄테라피/index.html","https://1004테라피.shop/shops/gyeonggi/pyeongtaek/진위면/프리미엄테라피/","False","True",""
"업체상세","shops/gyeonggi/pyeongtaek/청북읍/한국미인테라피/index.html","https://1004테라피.shop/shops/gyeonggi/pyeongtaek/청북읍/한국미인테라피/","False","True",""
"업체상세","shops/gyeonggi/pyeongtaek/청북읍/너무이쁜테라피/index.html","https://1004테라피.shop/shops/gyeonggi/pyeongtaek/청북읍/너무이쁜테라피/","False","True",""
"업체상세","shops/gyeonggi/pyeongtaek/청북읍/love테라피/index.html","https://1004테라피.shop/shops/gyeonggi/pyeongtaek/청북읍/love테라피/","False","True",""
"업체상세","shops/gyeonggi/pyeongtaek/청북읍/프리미엄테라피/index.html","https://1004테라피.shop/shops/gyeonggi/pyeongtaek/청북읍/프리미엄테라피/","False","True",""
"업체상세","shops/gyeonggi/pyeongtaek/통복동/한국미인테라피/index.html","https://1004테라피.shop/shops/gyeonggi/pyeongtaek/통복동/한국미인테라피/","False","True",""
"업체상세","shops/gyeonggi/pyeongtaek/통복동/너무이쁜테라피/index.html","https://1004테라피.shop/shops/gyeonggi/pyeongtaek/통복동/너무이쁜테라피/","False","True",""
"업체상세","shops/gyeonggi/pyeongtaek/통복동/love테라피/index.html","https://1004테라피.shop/shops/gyeonggi/pyeongtaek/통복동/love테라피/","False","True",""
"업체상세","shops/gyeonggi/pyeongtaek/통복동/프리미엄테라피/index.html","https://1004테라피.shop/shops/gyeonggi/pyeongtaek/통복동/프리미엄테라피/","False","True",""
"업체상세","shops/gyeonggi/pyeongtaek/팽성읍/한국미인테라피/index.html","https://1004테라피.shop/shops/gyeonggi/pyeongtaek/팽성읍/한국미인테라피/","False","True",""
"업체상세","shops/gyeonggi/pyeongtaek/팽성읍/너무이쁜테라피/index.html","https://1004테라피.shop/shops/gyeonggi/pyeongtaek/팽성읍/너무이쁜테라피/","False","True",""
"업체상세","shops/gyeonggi/pyeongtaek/팽성읍/love테라피/index.html","https://1004테라피.shop/shops/gyeonggi/pyeongtaek/팽성읍/love테라피/","False","True",""
"업체상세","shops/gyeonggi/pyeongtaek/팽성읍/프리미엄테라피/index.html","https://1004테라피.shop/shops/gyeonggi/pyeongtaek/팽성읍/프리미엄테라피/","False","True",""
"업체상세","shops/gyeonggi/pyeongtaek/포승읍/한국미인테라피/index.html","https://1004테라피.shop/shops/gyeonggi/pyeongtaek/포승읍/한국미인테라피/","False","True",""
"업체상세","shops/gyeonggi/pyeongtaek/포승읍/너무이쁜테라피/index.html","https://1004테라피.shop/shops/gyeonggi/pyeongtaek/포승읍/너무이쁜테라피/","False","True",""
"업체상세","shops/gyeonggi/pyeongtaek/포승읍/love테라피/index.html","https://1004테라피.shop/shops/gyeonggi/pyeongtaek/포승읍/love테라피/","False","True",""
"업체상세","shops/gyeonggi/pyeongtaek/포승읍/프리미엄테라피/index.html","https://1004테라피.shop/shops/gyeonggi/pyeongtaek/포승읍/프리미엄테라피/","False","True",""
"업체상세","shops/gyeonggi/pyeongtaek/현덕면/한국미인테라피/index.html","https://1004테라피.shop/shops/gyeonggi/pyeongtaek/현덕면/한국미인테라피/","False","True",""
"업체상세","shops/gyeonggi/pyeongtaek/현덕면/너무이쁜테라피/index.html","https://1004테라피.shop/shops/gyeonggi/pyeongtaek/현덕면/너무이쁜테라피/","False","True",""
"업체상세","shops/gyeonggi/pyeongtaek/현덕면/love테라피/index.html","https://1004테라피.shop/shops/gyeonggi/pyeongtaek/현덕면/love테라피/","False","True",""
"업체상세","shops/gyeonggi/pyeongtaek/현덕면/프리미엄테라피/index.html","https://1004테라피.shop/shops/gyeonggi/pyeongtaek/현덕면/프리미엄테라피/","False","True",""
"업체상세","shops/gyeonggi/pocheon/가산면/한국미인테라피/index.html","https://1004테라피.shop/shops/gyeonggi/pocheon/가산면/한국미인테라피/","False","True",""
"업체상세","shops/gyeonggi/pocheon/가산면/너무이쁜테라피/index.html","https://1004테라피.shop/shops/gyeonggi/pocheon/가산면/너무이쁜테라피/","False","True",""
"업체상세","shops/gyeonggi/pocheon/가산면/love테라피/index.html","https://1004테라피.shop/shops/gyeonggi/pocheon/가산면/love테라피/","False","True",""
"업체상세","shops/gyeonggi/pocheon/가산면/프리미엄테라피/index.html","https://1004테라피.shop/shops/gyeonggi/pocheon/가산면/프리미엄테라피/","False","True",""
"업체상세","shops/gyeonggi/pocheon/관인면/한국미인테라피/index.html","https://1004테라피.shop/shops/gyeonggi/pocheon/관인면/한국미인테라피/","False","True",""
"업체상세","shops/gyeonggi/pocheon/관인면/너무이쁜테라피/index.html","https://1004테라피.shop/shops/gyeonggi/pocheon/관인면/너무이쁜테라피/","False","True",""
"업체상세","shops/gyeonggi/pocheon/관인면/love테라피/index.html","https://1004테라피.shop/shops/gyeonggi/pocheon/관인면/love테라피/","False","True",""
"업체상세","shops/gyeonggi/pocheon/관인면/프리미엄테라피/index.html","https://1004테라피.shop/shops/gyeonggi/pocheon/관인면/프리미엄테라피/","False","True",""
"업체상세","shops/gyeonggi/pocheon/군내면/한국미인테라피/index.html","https://1004테라피.shop/shops/gyeonggi/pocheon/군내면/한국미인테라피/","False","True",""
"업체상세","shops/gyeonggi/pocheon/군내면/너무이쁜테라피/index.html","https://1004테라피.shop/shops/gyeonggi/pocheon/군내면/너무이쁜테라피/","False","True",""
"업체상세","shops/gyeonggi/pocheon/군내면/love테라피/index.html","https://1004테라피.shop/shops/gyeonggi/pocheon/군내면/love테라피/","False","True",""
"업체상세","shops/gyeonggi/pocheon/군내면/프리미엄테라피/index.html","https://1004테라피.shop/shops/gyeonggi/pocheon/군내면/프리미엄테라피/","False","True",""
"업체상세","shops/gyeonggi/pocheon/내촌면/한국미인테라피/index.html","https://1004테라피.shop/shops/gyeonggi/pocheon/내촌면/한국미인테라피/","False","True",""
"업체상세","shops/gyeonggi/pocheon/내촌면/너무이쁜테라피/index.html","https://1004테라피.shop/shops/gyeonggi/pocheon/내촌면/너무이쁜테라피/","False","True",""
"업체상세","shops/gyeonggi/pocheon/내촌면/love테라피/index.html","https://1004테라피.shop/shops/gyeonggi/pocheon/내촌면/love테라피/","False","True",""
"업체상세","shops/gyeonggi/pocheon/내촌면/프리미엄테라피/index.html","https://1004테라피.shop/shops/gyeonggi/pocheon/내촌면/프리미엄테라피/","False","True",""
"업체상세","shops/gyeonggi/pocheon/선단동/한국미인테라피/index.html","https://1004테라피.shop/shops/gyeonggi/pocheon/선단동/한국미인테라피/","False","True",""
"업체상세","shops/gyeonggi/pocheon/선단동/너무이쁜테라피/index.html","https://1004테라피.shop/shops/gyeonggi/pocheon/선단동/너무이쁜테라피/","False","True",""
"업체상세","shops/gyeonggi/pocheon/선단동/love테라피/index.html","https://1004테라피.shop/shops/gyeonggi/pocheon/선단동/love테라피/","False","True",""
"업체상세","shops/gyeonggi/pocheon/선단동/프리미엄테라피/index.html","https://1004테라피.shop/shops/gyeonggi/pocheon/선단동/프리미엄테라피/","False","True",""
"업체상세","shops/gyeonggi/pocheon/소흘읍/한국미인테라피/index.html","https://1004테라피.shop/shops/gyeonggi/pocheon/소흘읍/한국미인테라피/","False","True",""
"업체상세","shops/gyeonggi/pocheon/소흘읍/너무이쁜테라피/index.html","https://1004테라피.shop/shops/gyeonggi/pocheon/소흘읍/너무이쁜테라피/","False","True",""
"업체상세","shops/gyeonggi/pocheon/소흘읍/love테라피/index.html","https://1004테라피.shop/shops/gyeonggi/pocheon/소흘읍/love테라피/","False","True",""
"업체상세","shops/gyeonggi/pocheon/소흘읍/프리미엄테라피/index.html","https://1004테라피.shop/shops/gyeonggi/pocheon/소흘읍/프리미엄테라피/","False","True",""
"업체상세","shops/gyeonggi/pocheon/신북면/한국미인테라피/index.html","https://1004테라피.shop/shops/gyeonggi/pocheon/신북면/한국미인테라피/","False","True",""
"업체상세","shops/gyeonggi/pocheon/신북면/너무이쁜테라피/index.html","https://1004테라피.shop/shops/gyeonggi/pocheon/신북면/너무이쁜테라피/","False","True",""
"업체상세","shops/gyeonggi/pocheon/신북면/love테라피/index.html","https://1004테라피.shop/shops/gyeonggi/pocheon/신북면/love테라피/","False","True",""
"업체상세","shops/gyeonggi/pocheon/신북면/프리미엄테라피/index.html","https://1004테라피.shop/shops/gyeonggi/pocheon/신북면/프리미엄테라피/","False","True",""
"업체상세","shops/gyeonggi/pocheon/영북면/한국미인테라피/index.html","https://1004테라피.shop/shops/gyeonggi/pocheon/영북면/한국미인테라피/","False","True",""
"업체상세","shops/gyeonggi/pocheon/영북면/너무이쁜테라피/index.html","https://1004테라피.shop/shops/gyeonggi/pocheon/영북면/너무이쁜테라피/","False","True",""
"업체상세","shops/gyeonggi/pocheon/영북면/love테라피/index.html","https://1004테라피.shop/shops/gyeonggi/pocheon/영북면/love테라피/","False","True",""
"업체상세","shops/gyeonggi/pocheon/영북면/프리미엄테라피/index.html","https://1004테라피.shop/shops/gyeonggi/pocheon/영북면/프리미엄테라피/","False","True",""
"업체상세","shops/gyeonggi/pocheon/영중면/한국미인테라피/index.html","https://1004테라피.shop/shops/gyeonggi/pocheon/영중면/한국미인테라피/","False","True",""
"업체상세","shops/gyeonggi/pocheon/영중면/너무이쁜테라피/index.html","https://1004테라피.shop/shops/gyeonggi/pocheon/영중면/너무이쁜테라피/","False","True",""
"업체상세","shops/gyeonggi/pocheon/영중면/love테라피/index.html","https://1004테라피.shop/shops/gyeonggi/pocheon/영중면/love테라피/","False","True",""
"업체상세","shops/gyeonggi/pocheon/영중면/프리미엄테라피/index.html","https://1004테라피.shop/shops/gyeonggi/pocheon/영중면/프리미엄테라피/","False","True",""
"업체상세","shops/gyeonggi/pocheon/이동면/한국미인테라피/index.html","https://1004테라피.shop/shops/gyeonggi/pocheon/이동면/한국미인테라피/","False","True",""
"업체상세","shops/gyeonggi/pocheon/이동면/너무이쁜테라피/index.html","https://1004테라피.shop/shops/gyeonggi/pocheon/이동면/너무이쁜테라피/","False","True",""
"업체상세","shops/gyeonggi/pocheon/이동면/love테라피/index.html","https://1004테라피.shop/shops/gyeonggi/pocheon/이동면/love테라피/","False","True",""
"업체상세","shops/gyeonggi/pocheon/이동면/프리미엄테라피/index.html","https://1004테라피.shop/shops/gyeonggi/pocheon/이동면/프리미엄테라피/","False","True",""
"업체상세","shops/gyeonggi/pocheon/일동면/한국미인테라피/index.html","https://1004테라피.shop/shops/gyeonggi/pocheon/일동면/한국미인테라피/","False","True",""
"업체상세","shops/gyeonggi/pocheon/일동면/너무이쁜테라피/index.html","https://1004테라피.shop/shops/gyeonggi/pocheon/일동면/너무이쁜테라피/","False","True",""
"업체상세","shops/gyeonggi/pocheon/일동면/love테라피/index.html","https://1004테라피.shop/shops/gyeonggi/pocheon/일동면/love테라피/","False","True",""
"업체상세","shops/gyeonggi/pocheon/일동면/프리미엄테라피/index.html","https://1004테라피.shop/shops/gyeonggi/pocheon/일동면/프리미엄테라피/","False","True",""
"업체상세","shops/gyeonggi/pocheon/창수면/한국미인테라피/index.html","https://1004테라피.shop/shops/gyeonggi/pocheon/창수면/한국미인테라피/","False","True",""
"업체상세","shops/gyeonggi/pocheon/창수면/너무이쁜테라피/index.html","https://1004테라피.shop/shops/gyeonggi/pocheon/창수면/너무이쁜테라피/","False","True",""
"업체상세","shops/gyeonggi/pocheon/창수면/love테라피/index.html","https://1004테라피.shop/shops/gyeonggi/pocheon/창수면/love테라피/","False","True",""
"업체상세","shops/gyeonggi/pocheon/창수면/프리미엄테라피/index.html","https://1004테라피.shop/shops/gyeonggi/pocheon/창수면/프리미엄테라피/","False","True",""
"업체상세","shops/gyeonggi/pocheon/포천동/한국미인테라피/index.html","https://1004테라피.shop/shops/gyeonggi/pocheon/포천동/한국미인테라피/","False","True",""
"업체상세","shops/gyeonggi/pocheon/포천동/너무이쁜테라피/index.html","https://1004테라피.shop/shops/gyeonggi/pocheon/포천동/너무이쁜테라피/","False","True",""
"업체상세","shops/gyeonggi/pocheon/포천동/love테라피/index.html","https://1004테라피.shop/shops/gyeonggi/pocheon/포천동/love테라피/","False","True",""
"업체상세","shops/gyeonggi/pocheon/포천동/프리미엄테라피/index.html","https://1004테라피.shop/shops/gyeonggi/pocheon/포천동/프리미엄테라피/","False","True",""
"업체상세","shops/gyeonggi/pocheon/화현면/한국미인테라피/index.html","https://1004테라피.shop/shops/gyeonggi/pocheon/화현면/한국미인테라피/","False","True",""
"업체상세","shops/gyeonggi/pocheon/화현면/너무이쁜테라피/index.html","https://1004테라피.shop/shops/gyeonggi/pocheon/화현면/너무이쁜테라피/","False","True",""
"업체상세","shops/gyeonggi/pocheon/화현면/love테라피/index.html","https://1004테라피.shop/shops/gyeonggi/pocheon/화현면/love테라피/","False","True",""
"업체상세","shops/gyeonggi/pocheon/화현면/프리미엄테라피/index.html","https://1004테라피.shop/shops/gyeonggi/pocheon/화현면/프리미엄테라피/","False","True",""
"업체상세","shops/gyeonggi/hanam/감북동/한국미인테라피/index.html","https://1004테라피.shop/shops/gyeonggi/hanam/감북동/한국미인테라피/","False","True",""
"업체상세","shops/gyeonggi/hanam/감북동/너무이쁜테라피/index.html","https://1004테라피.shop/shops/gyeonggi/hanam/감북동/너무이쁜테라피/","False","True",""
"업체상세","shops/gyeonggi/hanam/감북동/love테라피/index.html","https://1004테라피.shop/shops/gyeonggi/hanam/감북동/love테라피/","False","True",""
"업체상세","shops/gyeonggi/hanam/감북동/프리미엄테라피/index.html","https://1004테라피.shop/shops/gyeonggi/hanam/감북동/프리미엄테라피/","False","True",""
"업체상세","shops/gyeonggi/hanam/감일동/한국미인테라피/index.html","https://1004테라피.shop/shops/gyeonggi/hanam/감일동/한국미인테라피/","False","True",""
"업체상세","shops/gyeonggi/hanam/감일동/너무이쁜테라피/index.html","https://1004테라피.shop/shops/gyeonggi/hanam/감일동/너무이쁜테라피/","False","True",""
"업체상세","shops/gyeonggi/hanam/감일동/love테라피/index.html","https://1004테라피.shop/shops/gyeonggi/hanam/감일동/love테라피/","False","True",""
"업체상세","shops/gyeonggi/hanam/감일동/프리미엄테라피/index.html","https://1004테라피.shop/shops/gyeonggi/hanam/감일동/프리미엄테라피/","False","True",""
"업체상세","shops/gyeonggi/hanam/덕풍동/한국미인테라피/index.html","https://1004테라피.shop/shops/gyeonggi/hanam/덕풍동/한국미인테라피/","False","True",""
"업체상세","shops/gyeonggi/hanam/덕풍동/너무이쁜테라피/index.html","https://1004테라피.shop/shops/gyeonggi/hanam/덕풍동/너무이쁜테라피/","False","True",""
"업체상세","shops/gyeonggi/hanam/덕풍동/love테라피/index.html","https://1004테라피.shop/shops/gyeonggi/hanam/덕풍동/love테라피/","False","True",""
"업체상세","shops/gyeonggi/hanam/덕풍동/프리미엄테라피/index.html","https://1004테라피.shop/shops/gyeonggi/hanam/덕풍동/프리미엄테라피/","False","True",""
"업체상세","shops/gyeonggi/hanam/미사동/한국미인테라피/index.html","https://1004테라피.shop/shops/gyeonggi/hanam/미사동/한국미인테라피/","False","True",""
"업체상세","shops/gyeonggi/hanam/미사동/너무이쁜테라피/index.html","https://1004테라피.shop/shops/gyeonggi/hanam/미사동/너무이쁜테라피/","False","True",""
"업체상세","shops/gyeonggi/hanam/미사동/love테라피/index.html","https://1004테라피.shop/shops/gyeonggi/hanam/미사동/love테라피/","False","True",""
"업체상세","shops/gyeonggi/hanam/미사동/프리미엄테라피/index.html","https://1004테라피.shop/shops/gyeonggi/hanam/미사동/프리미엄테라피/","False","True",""
"업체상세","shops/gyeonggi/hanam/신장동/한국미인테라피/index.html","https://1004테라피.shop/shops/gyeonggi/hanam/신장동/한국미인테라피/","False","True",""
"업체상세","shops/gyeonggi/hanam/신장동/너무이쁜테라피/index.html","https://1004테라피.shop/shops/gyeonggi/hanam/신장동/너무이쁜테라피/","False","True",""
"업체상세","shops/gyeonggi/hanam/신장동/love테라피/index.html","https://1004테라피.shop/shops/gyeonggi/hanam/신장동/love테라피/","False","True",""
"업체상세","shops/gyeonggi/hanam/신장동/프리미엄테라피/index.html","https://1004테라피.shop/shops/gyeonggi/hanam/신장동/프리미엄테라피/","False","True",""
"업체상세","shops/gyeonggi/hanam/위례동/한국미인테라피/index.html","https://1004테라피.shop/shops/gyeonggi/hanam/위례동/한국미인테라피/","False","True",""
"업체상세","shops/gyeonggi/hanam/위례동/너무이쁜테라피/index.html","https://1004테라피.shop/shops/gyeonggi/hanam/위례동/너무이쁜테라피/","False","True",""
"업체상세","shops/gyeonggi/hanam/위례동/love테라피/index.html","https://1004테라피.shop/shops/gyeonggi/hanam/위례동/love테라피/","False","True",""
"업체상세","shops/gyeonggi/hanam/위례동/프리미엄테라피/index.html","https://1004테라피.shop/shops/gyeonggi/hanam/위례동/프리미엄테라피/","False","True",""
"업체상세","shops/gyeonggi/hanam/천현동/한국미인테라피/index.html","https://1004테라피.shop/shops/gyeonggi/hanam/천현동/한국미인테라피/","False","True",""
"업체상세","shops/gyeonggi/hanam/천현동/너무이쁜테라피/index.html","https://1004테라피.shop/shops/gyeonggi/hanam/천현동/너무이쁜테라피/","False","True",""
"업체상세","shops/gyeonggi/hanam/천현동/love테라피/index.html","https://1004테라피.shop/shops/gyeonggi/hanam/천현동/love테라피/","False","True",""
"업체상세","shops/gyeonggi/hanam/천현동/프리미엄테라피/index.html","https://1004테라피.shop/shops/gyeonggi/hanam/천현동/프리미엄테라피/","False","True",""
"업체상세","shops/gyeonggi/hanam/초이동/한국미인테라피/index.html","https://1004테라피.shop/shops/gyeonggi/hanam/초이동/한국미인테라피/","False","True",""
"업체상세","shops/gyeonggi/hanam/초이동/너무이쁜테라피/index.html","https://1004테라피.shop/shops/gyeonggi/hanam/초이동/너무이쁜테라피/","False","True",""
"업체상세","shops/gyeonggi/hanam/초이동/love테라피/index.html","https://1004테라피.shop/shops/gyeonggi/hanam/초이동/love테라피/","False","True",""
"업체상세","shops/gyeonggi/hanam/초이동/프리미엄테라피/index.html","https://1004테라피.shop/shops/gyeonggi/hanam/초이동/프리미엄테라피/","False","True",""
"업체상세","shops/gyeonggi/hanam/춘궁동/한국미인테라피/index.html","https://1004테라피.shop/shops/gyeonggi/hanam/춘궁동/한국미인테라피/","False","True",""
"업체상세","shops/gyeonggi/hanam/춘궁동/너무이쁜테라피/index.html","https://1004테라피.shop/shops/gyeonggi/hanam/춘궁동/너무이쁜테라피/","False","True",""
"업체상세","shops/gyeonggi/hanam/춘궁동/love테라피/index.html","https://1004테라피.shop/shops/gyeonggi/hanam/춘궁동/love테라피/","False","True",""
"업체상세","shops/gyeonggi/hanam/춘궁동/프리미엄테라피/index.html","https://1004테라피.shop/shops/gyeonggi/hanam/춘궁동/프리미엄테라피/","False","True",""
"업체상세","shops/gyeonggi/hwaseong/dongtan-gu/동탄동/한국미인테라피/index.html","https://1004테라피.shop/shops/gyeonggi/hwaseong/dongtan-gu/동탄동/한국미인테라피/","False","True",""
"업체상세","shops/gyeonggi/hwaseong/dongtan-gu/동탄동/너무이쁜테라피/index.html","https://1004테라피.shop/shops/gyeonggi/hwaseong/dongtan-gu/동탄동/너무이쁜테라피/","False","True",""
"업체상세","shops/gyeonggi/hwaseong/dongtan-gu/동탄동/love테라피/index.html","https://1004테라피.shop/shops/gyeonggi/hwaseong/dongtan-gu/동탄동/love테라피/","False","True",""
"업체상세","shops/gyeonggi/hwaseong/dongtan-gu/동탄동/프리미엄테라피/index.html","https://1004테라피.shop/shops/gyeonggi/hwaseong/dongtan-gu/동탄동/프리미엄테라피/","False","True",""
"업체상세","shops/gyeonggi/hwaseong/manse-gu/남양읍/한국미인테라피/index.html","https://1004테라피.shop/shops/gyeonggi/hwaseong/manse-gu/남양읍/한국미인테라피/","False","True",""
"업체상세","shops/gyeonggi/hwaseong/manse-gu/남양읍/너무이쁜테라피/index.html","https://1004테라피.shop/shops/gyeonggi/hwaseong/manse-gu/남양읍/너무이쁜테라피/","False","True",""
"업체상세","shops/gyeonggi/hwaseong/manse-gu/남양읍/love테라피/index.html","https://1004테라피.shop/shops/gyeonggi/hwaseong/manse-gu/남양읍/love테라피/","False","True",""
"업체상세","shops/gyeonggi/hwaseong/manse-gu/남양읍/프리미엄테라피/index.html","https://1004테라피.shop/shops/gyeonggi/hwaseong/manse-gu/남양읍/프리미엄테라피/","False","True",""
"업체상세","shops/gyeonggi/hwaseong/manse-gu/마도면/한국미인테라피/index.html","https://1004테라피.shop/shops/gyeonggi/hwaseong/manse-gu/마도면/한국미인테라피/","False","True",""
"업체상세","shops/gyeonggi/hwaseong/manse-gu/마도면/너무이쁜테라피/index.html","https://1004테라피.shop/shops/gyeonggi/hwaseong/manse-gu/마도면/너무이쁜테라피/","False","True",""
"업체상세","shops/gyeonggi/hwaseong/manse-gu/마도면/love테라피/index.html","https://1004테라피.shop/shops/gyeonggi/hwaseong/manse-gu/마도면/love테라피/","False","True",""
"업체상세","shops/gyeonggi/hwaseong/manse-gu/마도면/프리미엄테라피/index.html","https://1004테라피.shop/shops/gyeonggi/hwaseong/manse-gu/마도면/프리미엄테라피/","False","True",""
"업체상세","shops/gyeonggi/hwaseong/manse-gu/새솔동/한국미인테라피/index.html","https://1004테라피.shop/shops/gyeonggi/hwaseong/manse-gu/새솔동/한국미인테라피/","False","True",""
"업체상세","shops/gyeonggi/hwaseong/manse-gu/새솔동/너무이쁜테라피/index.html","https://1004테라피.shop/shops/gyeonggi/hwaseong/manse-gu/새솔동/너무이쁜테라피/","False","True",""
"업체상세","shops/gyeonggi/hwaseong/manse-gu/새솔동/love테라피/index.html","https://1004테라피.shop/shops/gyeonggi/hwaseong/manse-gu/새솔동/love테라피/","False","True",""
"업체상세","shops/gyeonggi/hwaseong/manse-gu/새솔동/프리미엄테라피/index.html","https://1004테라피.shop/shops/gyeonggi/hwaseong/manse-gu/새솔동/프리미엄테라피/","False","True",""
"업체상세","shops/gyeonggi/hwaseong/manse-gu/서신면/한국미인테라피/index.html","https://1004테라피.shop/shops/gyeonggi/hwaseong/manse-gu/서신면/한국미인테라피/","False","True",""
"업체상세","shops/gyeonggi/hwaseong/manse-gu/서신면/너무이쁜테라피/index.html","https://1004테라피.shop/shops/gyeonggi/hwaseong/manse-gu/서신면/너무이쁜테라피/","False","True",""
"업체상세","shops/gyeonggi/hwaseong/manse-gu/서신면/love테라피/index.html","https://1004테라피.shop/shops/gyeonggi/hwaseong/manse-gu/서신면/love테라피/","False","True",""
"업체상세","shops/gyeonggi/hwaseong/manse-gu/서신면/프리미엄테라피/index.html","https://1004테라피.shop/shops/gyeonggi/hwaseong/manse-gu/서신면/프리미엄테라피/","False","True",""
"업체상세","shops/gyeonggi/hwaseong/manse-gu/송산면/한국미인테라피/index.html","https://1004테라피.shop/shops/gyeonggi/hwaseong/manse-gu/송산면/한국미인테라피/","False","True",""
"업체상세","shops/gyeonggi/hwaseong/manse-gu/송산면/너무이쁜테라피/index.html","https://1004테라피.shop/shops/gyeonggi/hwaseong/manse-gu/송산면/너무이쁜테라피/","False","True",""
"업체상세","shops/gyeonggi/hwaseong/manse-gu/송산면/love테라피/index.html","https://1004테라피.shop/shops/gyeonggi/hwaseong/manse-gu/송산면/love테라피/","False","True",""
"업체상세","shops/gyeonggi/hwaseong/manse-gu/송산면/프리미엄테라피/index.html","https://1004테라피.shop/shops/gyeonggi/hwaseong/manse-gu/송산면/프리미엄테라피/","False","True",""
"업체상세","shops/gyeonggi/hwaseong/manse-gu/양감면/한국미인테라피/index.html","https://1004테라피.shop/shops/gyeonggi/hwaseong/manse-gu/양감면/한국미인테라피/","False","True",""
"업체상세","shops/gyeonggi/hwaseong/manse-gu/양감면/너무이쁜테라피/index.html","https://1004테라피.shop/shops/gyeonggi/hwaseong/manse-gu/양감면/너무이쁜테라피/","False","True",""
"업체상세","shops/gyeonggi/hwaseong/manse-gu/양감면/love테라피/index.html","https://1004테라피.shop/shops/gyeonggi/hwaseong/manse-gu/양감면/love테라피/","False","True",""
"업체상세","shops/gyeonggi/hwaseong/manse-gu/양감면/프리미엄테라피/index.html","https://1004테라피.shop/shops/gyeonggi/hwaseong/manse-gu/양감면/프리미엄테라피/","False","True",""
"업체상세","shops/gyeonggi/hwaseong/manse-gu/우정읍/한국미인테라피/index.html","https://1004테라피.shop/shops/gyeonggi/hwaseong/manse-gu/우정읍/한국미인테라피/","False","True",""
"업체상세","shops/gyeonggi/hwaseong/manse-gu/우정읍/너무이쁜테라피/index.html","https://1004테라피.shop/shops/gyeonggi/hwaseong/manse-gu/우정읍/너무이쁜테라피/","False","True",""
"업체상세","shops/gyeonggi/hwaseong/manse-gu/우정읍/love테라피/index.html","https://1004테라피.shop/shops/gyeonggi/hwaseong/manse-gu/우정읍/love테라피/","False","True",""
"업체상세","shops/gyeonggi/hwaseong/manse-gu/우정읍/프리미엄테라피/index.html","https://1004테라피.shop/shops/gyeonggi/hwaseong/manse-gu/우정읍/프리미엄테라피/","False","True",""
"업체상세","shops/gyeonggi/hwaseong/manse-gu/장안면/한국미인테라피/index.html","https://1004테라피.shop/shops/gyeonggi/hwaseong/manse-gu/장안면/한국미인테라피/","False","True",""
"업체상세","shops/gyeonggi/hwaseong/manse-gu/장안면/너무이쁜테라피/index.html","https://1004테라피.shop/shops/gyeonggi/hwaseong/manse-gu/장안면/너무이쁜테라피/","False","True",""
"업체상세","shops/gyeonggi/hwaseong/manse-gu/장안면/love테라피/index.html","https://1004테라피.shop/shops/gyeonggi/hwaseong/manse-gu/장안면/love테라피/","False","True",""
"업체상세","shops/gyeonggi/hwaseong/manse-gu/장안면/프리미엄테라피/index.html","https://1004테라피.shop/shops/gyeonggi/hwaseong/manse-gu/장안면/프리미엄테라피/","False","True",""
"업체상세","shops/gyeonggi/hwaseong/manse-gu/팔탄면/한국미인테라피/index.html","https://1004테라피.shop/shops/gyeonggi/hwaseong/manse-gu/팔탄면/한국미인테라피/","False","True",""
"업체상세","shops/gyeonggi/hwaseong/manse-gu/팔탄면/너무이쁜테라피/index.html","https://1004테라피.shop/shops/gyeonggi/hwaseong/manse-gu/팔탄면/너무이쁜테라피/","False","True",""
"업체상세","shops/gyeonggi/hwaseong/manse-gu/팔탄면/love테라피/index.html","https://1004테라피.shop/shops/gyeonggi/hwaseong/manse-gu/팔탄면/love테라피/","False","True",""
"업체상세","shops/gyeonggi/hwaseong/manse-gu/팔탄면/프리미엄테라피/index.html","https://1004테라피.shop/shops/gyeonggi/hwaseong/manse-gu/팔탄면/프리미엄테라피/","False","True",""
"업체상세","shops/gyeonggi/hwaseong/manse-gu/향남읍/한국미인테라피/index.html","https://1004테라피.shop/shops/gyeonggi/hwaseong/manse-gu/향남읍/한국미인테라피/","False","True",""
"업체상세","shops/gyeonggi/hwaseong/manse-gu/향남읍/너무이쁜테라피/index.html","https://1004테라피.shop/shops/gyeonggi/hwaseong/manse-gu/향남읍/너무이쁜테라피/","False","True",""
"업체상세","shops/gyeonggi/hwaseong/manse-gu/향남읍/love테라피/index.html","https://1004테라피.shop/shops/gyeonggi/hwaseong/manse-gu/향남읍/love테라피/","False","True",""
"업체상세","shops/gyeonggi/hwaseong/manse-gu/향남읍/프리미엄테라피/index.html","https://1004테라피.shop/shops/gyeonggi/hwaseong/manse-gu/향남읍/프리미엄테라피/","False","True",""
"업체상세","shops/gyeonggi/hwaseong/byeongjeom-gu/반월동/한국미인테라피/index.html","https://1004테라피.shop/shops/gyeonggi/hwaseong/byeongjeom-gu/반월동/한국미인테라피/","False","True",""
"업체상세","shops/gyeonggi/hwaseong/byeongjeom-gu/반월동/너무이쁜테라피/index.html","https://1004테라피.shop/shops/gyeonggi/hwaseong/byeongjeom-gu/반월동/너무이쁜테라피/","False","True",""
"업체상세","shops/gyeonggi/hwaseong/byeongjeom-gu/반월동/love테라피/index.html","https://1004테라피.shop/shops/gyeonggi/hwaseong/byeongjeom-gu/반월동/love테라피/","False","True",""
"업체상세","shops/gyeonggi/hwaseong/byeongjeom-gu/반월동/프리미엄테라피/index.html","https://1004테라피.shop/shops/gyeonggi/hwaseong/byeongjeom-gu/반월동/프리미엄테라피/","False","True",""
"업체상세","shops/gyeonggi/hwaseong/byeongjeom-gu/병점동/한국미인테라피/index.html","https://1004테라피.shop/shops/gyeonggi/hwaseong/byeongjeom-gu/병점동/한국미인테라피/","False","True",""
"업체상세","shops/gyeonggi/hwaseong/byeongjeom-gu/병점동/너무이쁜테라피/index.html","https://1004테라피.shop/shops/gyeonggi/hwaseong/byeongjeom-gu/병점동/너무이쁜테라피/","False","True",""
"업체상세","shops/gyeonggi/hwaseong/byeongjeom-gu/병점동/love테라피/index.html","https://1004테라피.shop/shops/gyeonggi/hwaseong/byeongjeom-gu/병점동/love테라피/","False","True",""
"업체상세","shops/gyeonggi/hwaseong/byeongjeom-gu/병점동/프리미엄테라피/index.html","https://1004테라피.shop/shops/gyeonggi/hwaseong/byeongjeom-gu/병점동/프리미엄테라피/","False","True",""
"업체상세","shops/gyeonggi/hwaseong/byeongjeom-gu/진안동/한국미인테라피/index.html","https://1004테라피.shop/shops/gyeonggi/hwaseong/byeongjeom-gu/진안동/한국미인테라피/","False","True",""
"업체상세","shops/gyeonggi/hwaseong/byeongjeom-gu/진안동/너무이쁜테라피/index.html","https://1004테라피.shop/shops/gyeonggi/hwaseong/byeongjeom-gu/진안동/너무이쁜테라피/","False","True",""
"업체상세","shops/gyeonggi/hwaseong/byeongjeom-gu/진안동/love테라피/index.html","https://1004테라피.shop/shops/gyeonggi/hwaseong/byeongjeom-gu/진안동/love테라피/","False","True",""
"업체상세","shops/gyeonggi/hwaseong/byeongjeom-gu/진안동/프리미엄테라피/index.html","https://1004테라피.shop/shops/gyeonggi/hwaseong/byeongjeom-gu/진안동/프리미엄테라피/","False","True",""
"업체상세","shops/gyeonggi/hwaseong/byeongjeom-gu/화산동/한국미인테라피/index.html","https://1004테라피.shop/shops/gyeonggi/hwaseong/byeongjeom-gu/화산동/한국미인테라피/","False","True",""
"업체상세","shops/gyeonggi/hwaseong/byeongjeom-gu/화산동/너무이쁜테라피/index.html","https://1004테라피.shop/shops/gyeonggi/hwaseong/byeongjeom-gu/화산동/너무이쁜테라피/","False","True",""
"업체상세","shops/gyeonggi/hwaseong/byeongjeom-gu/화산동/love테라피/index.html","https://1004테라피.shop/shops/gyeonggi/hwaseong/byeongjeom-gu/화산동/love테라피/","False","True",""
"업체상세","shops/gyeonggi/hwaseong/byeongjeom-gu/화산동/프리미엄테라피/index.html","https://1004테라피.shop/shops/gyeonggi/hwaseong/byeongjeom-gu/화산동/프리미엄테라피/","False","True",""
"업체상세","shops/gyeonggi/hwaseong/hyohaeng-gu/기배동/한국미인테라피/index.html","https://1004테라피.shop/shops/gyeonggi/hwaseong/hyohaeng-gu/기배동/한국미인테라피/","False","True",""
"업체상세","shops/gyeonggi/hwaseong/hyohaeng-gu/기배동/너무이쁜테라피/index.html","https://1004테라피.shop/shops/gyeonggi/hwaseong/hyohaeng-gu/기배동/너무이쁜테라피/","False","True",""
"업체상세","shops/gyeonggi/hwaseong/hyohaeng-gu/기배동/love테라피/index.html","https://1004테라피.shop/shops/gyeonggi/hwaseong/hyohaeng-gu/기배동/love테라피/","False","True",""
"업체상세","shops/gyeonggi/hwaseong/hyohaeng-gu/기배동/프리미엄테라피/index.html","https://1004테라피.shop/shops/gyeonggi/hwaseong/hyohaeng-gu/기배동/프리미엄테라피/","False","True",""
"업체상세","shops/gyeonggi/hwaseong/hyohaeng-gu/매송면/한국미인테라피/index.html","https://1004테라피.shop/shops/gyeonggi/hwaseong/hyohaeng-gu/매송면/한국미인테라피/","False","True",""
"업체상세","shops/gyeonggi/hwaseong/hyohaeng-gu/매송면/너무이쁜테라피/index.html","https://1004테라피.shop/shops/gyeonggi/hwaseong/hyohaeng-gu/매송면/너무이쁜테라피/","False","True",""
"업체상세","shops/gyeonggi/hwaseong/hyohaeng-gu/매송면/love테라피/index.html","https://1004테라피.shop/shops/gyeonggi/hwaseong/hyohaeng-gu/매송면/love테라피/","False","True",""
"업체상세","shops/gyeonggi/hwaseong/hyohaeng-gu/매송면/프리미엄테라피/index.html","https://1004테라피.shop/shops/gyeonggi/hwaseong/hyohaeng-gu/매송면/프리미엄테라피/","False","True",""
"업체상세","shops/gyeonggi/hwaseong/hyohaeng-gu/봉담읍/한국미인테라피/index.html","https://1004테라피.shop/shops/gyeonggi/hwaseong/hyohaeng-gu/봉담읍/한국미인테라피/","False","True",""
"업체상세","shops/gyeonggi/hwaseong/hyohaeng-gu/봉담읍/너무이쁜테라피/index.html","https://1004테라피.shop/shops/gyeonggi/hwaseong/hyohaeng-gu/봉담읍/너무이쁜테라피/","False","True",""
"업체상세","shops/gyeonggi/hwaseong/hyohaeng-gu/봉담읍/love테라피/index.html","https://1004테라피.shop/shops/gyeonggi/hwaseong/hyohaeng-gu/봉담읍/love테라피/","False","True",""
"업체상세","shops/gyeonggi/hwaseong/hyohaeng-gu/봉담읍/프리미엄테라피/index.html","https://1004테라피.shop/shops/gyeonggi/hwaseong/hyohaeng-gu/봉담읍/프리미엄테라피/","False","True",""
"업체상세","shops/gyeonggi/hwaseong/hyohaeng-gu/비봉면/한국미인테라피/index.html","https://1004테라피.shop/shops/gyeonggi/hwaseong/hyohaeng-gu/비봉면/한국미인테라피/","False","True",""
"업체상세","shops/gyeonggi/hwaseong/hyohaeng-gu/비봉면/너무이쁜테라피/index.html","https://1004테라피.shop/shops/gyeonggi/hwaseong/hyohaeng-gu/비봉면/너무이쁜테라피/","False","True",""
"업체상세","shops/gyeonggi/hwaseong/hyohaeng-gu/비봉면/love테라피/index.html","https://1004테라피.shop/shops/gyeonggi/hwaseong/hyohaeng-gu/비봉면/love테라피/","False","True",""
"업체상세","shops/gyeonggi/hwaseong/hyohaeng-gu/비봉면/프리미엄테라피/index.html","https://1004테라피.shop/shops/gyeonggi/hwaseong/hyohaeng-gu/비봉면/프리미엄테라피/","False","True",""
"업체상세","shops/gyeonggi/hwaseong/hyohaeng-gu/정남면/한국미인테라피/index.html","https://1004테라피.shop/shops/gyeonggi/hwaseong/hyohaeng-gu/정남면/한국미인테라피/","False","True",""
"업체상세","shops/gyeonggi/hwaseong/hyohaeng-gu/정남면/너무이쁜테라피/index.html","https://1004테라피.shop/shops/gyeonggi/hwaseong/hyohaeng-gu/정남면/너무이쁜테라피/","False","True",""
"업체상세","shops/gyeonggi/hwaseong/hyohaeng-gu/정남면/love테라피/index.html","https://1004테라피.shop/shops/gyeonggi/hwaseong/hyohaeng-gu/정남면/love테라피/","False","True",""
"업체상세","shops/gyeonggi/hwaseong/hyohaeng-gu/정남면/프리미엄테라피/index.html","https://1004테라피.shop/shops/gyeonggi/hwaseong/hyohaeng-gu/정남면/프리미엄테라피/","False","True",""
"업체상세","shops/incheon/ganghwa-gun/강화읍/한국미인테라피/index.html","https://1004테라피.shop/shops/incheon/ganghwa-gun/강화읍/한국미인테라피/","False","True",""
"업체상세","shops/incheon/ganghwa-gun/강화읍/너무이쁜테라피/index.html","https://1004테라피.shop/shops/incheon/ganghwa-gun/강화읍/너무이쁜테라피/","False","True",""
"업체상세","shops/incheon/ganghwa-gun/강화읍/love테라피/index.html","https://1004테라피.shop/shops/incheon/ganghwa-gun/강화읍/love테라피/","False","True",""
"업체상세","shops/incheon/ganghwa-gun/강화읍/프리미엄테라피/index.html","https://1004테라피.shop/shops/incheon/ganghwa-gun/강화읍/프리미엄테라피/","False","True",""
"업체상세","shops/incheon/ganghwa-gun/교동면/한국미인테라피/index.html","https://1004테라피.shop/shops/incheon/ganghwa-gun/교동면/한국미인테라피/","False","True",""
"업체상세","shops/incheon/ganghwa-gun/교동면/너무이쁜테라피/index.html","https://1004테라피.shop/shops/incheon/ganghwa-gun/교동면/너무이쁜테라피/","False","True",""
"업체상세","shops/incheon/ganghwa-gun/교동면/love테라피/index.html","https://1004테라피.shop/shops/incheon/ganghwa-gun/교동면/love테라피/","False","True",""
"업체상세","shops/incheon/ganghwa-gun/교동면/프리미엄테라피/index.html","https://1004테라피.shop/shops/incheon/ganghwa-gun/교동면/프리미엄테라피/","False","True",""
"업체상세","shops/incheon/ganghwa-gun/길상면/한국미인테라피/index.html","https://1004테라피.shop/shops/incheon/ganghwa-gun/길상면/한국미인테라피/","False","True",""
"업체상세","shops/incheon/ganghwa-gun/길상면/너무이쁜테라피/index.html","https://1004테라피.shop/shops/incheon/ganghwa-gun/길상면/너무이쁜테라피/","False","True",""
"업체상세","shops/incheon/ganghwa-gun/길상면/love테라피/index.html","https://1004테라피.shop/shops/incheon/ganghwa-gun/길상면/love테라피/","False","True",""
"업체상세","shops/incheon/ganghwa-gun/길상면/프리미엄테라피/index.html","https://1004테라피.shop/shops/incheon/ganghwa-gun/길상면/프리미엄테라피/","False","True",""
"업체상세","shops/incheon/ganghwa-gun/내가면/한국미인테라피/index.html","https://1004테라피.shop/shops/incheon/ganghwa-gun/내가면/한국미인테라피/","False","True",""
"업체상세","shops/incheon/ganghwa-gun/내가면/너무이쁜테라피/index.html","https://1004테라피.shop/shops/incheon/ganghwa-gun/내가면/너무이쁜테라피/","False","True",""
"업체상세","shops/incheon/ganghwa-gun/내가면/love테라피/index.html","https://1004테라피.shop/shops/incheon/ganghwa-gun/내가면/love테라피/","False","True",""
"업체상세","shops/incheon/ganghwa-gun/내가면/프리미엄테라피/index.html","https://1004테라피.shop/shops/incheon/ganghwa-gun/내가면/프리미엄테라피/","False","True",""
"업체상세","shops/incheon/ganghwa-gun/불은면/한국미인테라피/index.html","https://1004테라피.shop/shops/incheon/ganghwa-gun/불은면/한국미인테라피/","False","True",""
"업체상세","shops/incheon/ganghwa-gun/불은면/너무이쁜테라피/index.html","https://1004테라피.shop/shops/incheon/ganghwa-gun/불은면/너무이쁜테라피/","False","True",""
"업체상세","shops/incheon/ganghwa-gun/불은면/love테라피/index.html","https://1004테라피.shop/shops/incheon/ganghwa-gun/불은면/love테라피/","False","True",""
"업체상세","shops/incheon/ganghwa-gun/불은면/프리미엄테라피/index.html","https://1004테라피.shop/shops/incheon/ganghwa-gun/불은면/프리미엄테라피/","False","True",""
"업체상세","shops/incheon/ganghwa-gun/삼산면/한국미인테라피/index.html","https://1004테라피.shop/shops/incheon/ganghwa-gun/삼산면/한국미인테라피/","False","True",""
"업체상세","shops/incheon/ganghwa-gun/삼산면/너무이쁜테라피/index.html","https://1004테라피.shop/shops/incheon/ganghwa-gun/삼산면/너무이쁜테라피/","False","True",""
"업체상세","shops/incheon/ganghwa-gun/삼산면/love테라피/index.html","https://1004테라피.shop/shops/incheon/ganghwa-gun/삼산면/love테라피/","False","True",""
"업체상세","shops/incheon/ganghwa-gun/삼산면/프리미엄테라피/index.html","https://1004테라피.shop/shops/incheon/ganghwa-gun/삼산면/프리미엄테라피/","False","True",""
"업체상세","shops/incheon/ganghwa-gun/서도면/한국미인테라피/index.html","https://1004테라피.shop/shops/incheon/ganghwa-gun/서도면/한국미인테라피/","False","True",""
"업체상세","shops/incheon/ganghwa-gun/서도면/너무이쁜테라피/index.html","https://1004테라피.shop/shops/incheon/ganghwa-gun/서도면/너무이쁜테라피/","False","True",""
"업체상세","shops/incheon/ganghwa-gun/서도면/love테라피/index.html","https://1004테라피.shop/shops/incheon/ganghwa-gun/서도면/love테라피/","False","True",""
"업체상세","shops/incheon/ganghwa-gun/서도면/프리미엄테라피/index.html","https://1004테라피.shop/shops/incheon/ganghwa-gun/서도면/프리미엄테라피/","False","True",""
"업체상세","shops/incheon/ganghwa-gun/선원면/한국미인테라피/index.html","https://1004테라피.shop/shops/incheon/ganghwa-gun/선원면/한국미인테라피/","False","True",""
"업체상세","shops/incheon/ganghwa-gun/선원면/너무이쁜테라피/index.html","https://1004테라피.shop/shops/incheon/ganghwa-gun/선원면/너무이쁜테라피/","False","True",""
"업체상세","shops/incheon/ganghwa-gun/선원면/love테라피/index.html","https://1004테라피.shop/shops/incheon/ganghwa-gun/선원면/love테라피/","False","True",""
"업체상세","shops/incheon/ganghwa-gun/선원면/프리미엄테라피/index.html","https://1004테라피.shop/shops/incheon/ganghwa-gun/선원면/프리미엄테라피/","False","True",""
"업체상세","shops/incheon/ganghwa-gun/송해면/한국미인테라피/index.html","https://1004테라피.shop/shops/incheon/ganghwa-gun/송해면/한국미인테라피/","False","True",""
"업체상세","shops/incheon/ganghwa-gun/송해면/너무이쁜테라피/index.html","https://1004테라피.shop/shops/incheon/ganghwa-gun/송해면/너무이쁜테라피/","False","True",""
"업체상세","shops/incheon/ganghwa-gun/송해면/love테라피/index.html","https://1004테라피.shop/shops/incheon/ganghwa-gun/송해면/love테라피/","False","True",""
"업체상세","shops/incheon/ganghwa-gun/송해면/프리미엄테라피/index.html","https://1004테라피.shop/shops/incheon/ganghwa-gun/송해면/프리미엄테라피/","False","True",""
"업체상세","shops/incheon/ganghwa-gun/양도면/한국미인테라피/index.html","https://1004테라피.shop/shops/incheon/ganghwa-gun/양도면/한국미인테라피/","False","True",""
"업체상세","shops/incheon/ganghwa-gun/양도면/너무이쁜테라피/index.html","https://1004테라피.shop/shops/incheon/ganghwa-gun/양도면/너무이쁜테라피/","False","True",""
"업체상세","shops/incheon/ganghwa-gun/양도면/love테라피/index.html","https://1004테라피.shop/shops/incheon/ganghwa-gun/양도면/love테라피/","False","True",""
"업체상세","shops/incheon/ganghwa-gun/양도면/프리미엄테라피/index.html","https://1004테라피.shop/shops/incheon/ganghwa-gun/양도면/프리미엄테라피/","False","True",""
"업체상세","shops/incheon/ganghwa-gun/양사면/한국미인테라피/index.html","https://1004테라피.shop/shops/incheon/ganghwa-gun/양사면/한국미인테라피/","False","True",""
"업체상세","shops/incheon/ganghwa-gun/양사면/너무이쁜테라피/index.html","https://1004테라피.shop/shops/incheon/ganghwa-gun/양사면/너무이쁜테라피/","False","True",""
"업체상세","shops/incheon/ganghwa-gun/양사면/love테라피/index.html","https://1004테라피.shop/shops/incheon/ganghwa-gun/양사면/love테라피/","False","True",""
"업체상세","shops/incheon/ganghwa-gun/양사면/프리미엄테라피/index.html","https://1004테라피.shop/shops/incheon/ganghwa-gun/양사면/프리미엄테라피/","False","True",""
"업체상세","shops/incheon/ganghwa-gun/하점면/한국미인테라피/index.html","https://1004테라피.shop/shops/incheon/ganghwa-gun/하점면/한국미인테라피/","False","True",""
"업체상세","shops/incheon/ganghwa-gun/하점면/너무이쁜테라피/index.html","https://1004테라피.shop/shops/incheon/ganghwa-gun/하점면/너무이쁜테라피/","False","True",""
"업체상세","shops/incheon/ganghwa-gun/하점면/love테라피/index.html","https://1004테라피.shop/shops/incheon/ganghwa-gun/하점면/love테라피/","False","True",""
"업체상세","shops/incheon/ganghwa-gun/하점면/프리미엄테라피/index.html","https://1004테라피.shop/shops/incheon/ganghwa-gun/하점면/프리미엄테라피/","False","True",""
"업체상세","shops/incheon/ganghwa-gun/화도면/한국미인테라피/index.html","https://1004테라피.shop/shops/incheon/ganghwa-gun/화도면/한국미인테라피/","False","True",""
"업체상세","shops/incheon/ganghwa-gun/화도면/너무이쁜테라피/index.html","https://1004테라피.shop/shops/incheon/ganghwa-gun/화도면/너무이쁜테라피/","False","True",""
"업체상세","shops/incheon/ganghwa-gun/화도면/love테라피/index.html","https://1004테라피.shop/shops/incheon/ganghwa-gun/화도면/love테라피/","False","True",""
"업체상세","shops/incheon/ganghwa-gun/화도면/프리미엄테라피/index.html","https://1004테라피.shop/shops/incheon/ganghwa-gun/화도면/프리미엄테라피/","False","True",""
"업체상세","shops/incheon/geomdan-gu/검단동/한국미인테라피/index.html","https://1004테라피.shop/shops/incheon/geomdan-gu/검단동/한국미인테라피/","False","True",""
"업체상세","shops/incheon/geomdan-gu/검단동/너무이쁜테라피/index.html","https://1004테라피.shop/shops/incheon/geomdan-gu/검단동/너무이쁜테라피/","False","True",""
"업체상세","shops/incheon/geomdan-gu/검단동/love테라피/index.html","https://1004테라피.shop/shops/incheon/geomdan-gu/검단동/love테라피/","False","True",""
"업체상세","shops/incheon/geomdan-gu/검단동/프리미엄테라피/index.html","https://1004테라피.shop/shops/incheon/geomdan-gu/검단동/프리미엄테라피/","False","True",""
"업체상세","shops/incheon/geomdan-gu/당하동/한국미인테라피/index.html","https://1004테라피.shop/shops/incheon/geomdan-gu/당하동/한국미인테라피/","False","True",""
"업체상세","shops/incheon/geomdan-gu/당하동/너무이쁜테라피/index.html","https://1004테라피.shop/shops/incheon/geomdan-gu/당하동/너무이쁜테라피/","False","True",""
"업체상세","shops/incheon/geomdan-gu/당하동/love테라피/index.html","https://1004테라피.shop/shops/incheon/geomdan-gu/당하동/love테라피/","False","True",""
"업체상세","shops/incheon/geomdan-gu/당하동/프리미엄테라피/index.html","https://1004테라피.shop/shops/incheon/geomdan-gu/당하동/프리미엄테라피/","False","True",""
"업체상세","shops/incheon/geomdan-gu/마전동/한국미인테라피/index.html","https://1004테라피.shop/shops/incheon/geomdan-gu/마전동/한국미인테라피/","False","True",""
"업체상세","shops/incheon/geomdan-gu/마전동/너무이쁜테라피/index.html","https://1004테라피.shop/shops/incheon/geomdan-gu/마전동/너무이쁜테라피/","False","True",""
"업체상세","shops/incheon/geomdan-gu/마전동/love테라피/index.html","https://1004테라피.shop/shops/incheon/geomdan-gu/마전동/love테라피/","False","True",""
"업체상세","shops/incheon/geomdan-gu/마전동/프리미엄테라피/index.html","https://1004테라피.shop/shops/incheon/geomdan-gu/마전동/프리미엄테라피/","False","True",""
"업체상세","shops/incheon/geomdan-gu/불로대곡동/한국미인테라피/index.html","https://1004테라피.shop/shops/incheon/geomdan-gu/불로대곡동/한국미인테라피/","False","True",""
"업체상세","shops/incheon/geomdan-gu/불로대곡동/너무이쁜테라피/index.html","https://1004테라피.shop/shops/incheon/geomdan-gu/불로대곡동/너무이쁜테라피/","False","True",""
"업체상세","shops/incheon/geomdan-gu/불로대곡동/love테라피/index.html","https://1004테라피.shop/shops/incheon/geomdan-gu/불로대곡동/love테라피/","False","True",""
"업체상세","shops/incheon/geomdan-gu/불로대곡동/프리미엄테라피/index.html","https://1004테라피.shop/shops/incheon/geomdan-gu/불로대곡동/프리미엄테라피/","False","True",""
"업체상세","shops/incheon/geomdan-gu/아라동/한국미인테라피/index.html","https://1004테라피.shop/shops/incheon/geomdan-gu/아라동/한국미인테라피/","False","True",""
"업체상세","shops/incheon/geomdan-gu/아라동/너무이쁜테라피/index.html","https://1004테라피.shop/shops/incheon/geomdan-gu/아라동/너무이쁜테라피/","False","True",""
"업체상세","shops/incheon/geomdan-gu/아라동/love테라피/index.html","https://1004테라피.shop/shops/incheon/geomdan-gu/아라동/love테라피/","False","True",""
"업체상세","shops/incheon/geomdan-gu/아라동/프리미엄테라피/index.html","https://1004테라피.shop/shops/incheon/geomdan-gu/아라동/프리미엄테라피/","False","True",""
"업체상세","shops/incheon/geomdan-gu/오류왕길동/한국미인테라피/index.html","https://1004테라피.shop/shops/incheon/geomdan-gu/오류왕길동/한국미인테라피/","False","True",""
"업체상세","shops/incheon/geomdan-gu/오류왕길동/너무이쁜테라피/index.html","https://1004테라피.shop/shops/incheon/geomdan-gu/오류왕길동/너무이쁜테라피/","False","True",""
"업체상세","shops/incheon/geomdan-gu/오류왕길동/love테라피/index.html","https://1004테라피.shop/shops/incheon/geomdan-gu/오류왕길동/love테라피/","False","True",""
"업체상세","shops/incheon/geomdan-gu/오류왕길동/프리미엄테라피/index.html","https://1004테라피.shop/shops/incheon/geomdan-gu/오류왕길동/프리미엄테라피/","False","True",""
"업체상세","shops/incheon/geomdan-gu/원당동/한국미인테라피/index.html","https://1004테라피.shop/shops/incheon/geomdan-gu/원당동/한국미인테라피/","False","True",""
"업체상세","shops/incheon/geomdan-gu/원당동/너무이쁜테라피/index.html","https://1004테라피.shop/shops/incheon/geomdan-gu/원당동/너무이쁜테라피/","False","True",""
"업체상세","shops/incheon/geomdan-gu/원당동/love테라피/index.html","https://1004테라피.shop/shops/incheon/geomdan-gu/원당동/love테라피/","False","True",""
"업체상세","shops/incheon/geomdan-gu/원당동/프리미엄테라피/index.html","https://1004테라피.shop/shops/incheon/geomdan-gu/원당동/프리미엄테라피/","False","True",""
"업체상세","shops/incheon/gyeyang-gu/계산동/한국미인테라피/index.html","https://1004테라피.shop/shops/incheon/gyeyang-gu/계산동/한국미인테라피/","False","True",""
"업체상세","shops/incheon/gyeyang-gu/계산동/너무이쁜테라피/index.html","https://1004테라피.shop/shops/incheon/gyeyang-gu/계산동/너무이쁜테라피/","False","True",""
"업체상세","shops/incheon/gyeyang-gu/계산동/love테라피/index.html","https://1004테라피.shop/shops/incheon/gyeyang-gu/계산동/love테라피/","False","True",""
"업체상세","shops/incheon/gyeyang-gu/계산동/프리미엄테라피/index.html","https://1004테라피.shop/shops/incheon/gyeyang-gu/계산동/프리미엄테라피/","False","True",""
"업체상세","shops/incheon/gyeyang-gu/계산동/마인드좋은테라피/index.html","https://1004테라피.shop/shops/incheon/gyeyang-gu/계산동/마인드좋은테라피/","False","True",""
"업체상세","shops/incheon/gyeyang-gu/계양동/한국미인테라피/index.html","https://1004테라피.shop/shops/incheon/gyeyang-gu/계양동/한국미인테라피/","False","True",""
"업체상세","shops/incheon/gyeyang-gu/계양동/너무이쁜테라피/index.html","https://1004테라피.shop/shops/incheon/gyeyang-gu/계양동/너무이쁜테라피/","False","True",""
"업체상세","shops/incheon/gyeyang-gu/계양동/love테라피/index.html","https://1004테라피.shop/shops/incheon/gyeyang-gu/계양동/love테라피/","False","True",""
"업체상세","shops/incheon/gyeyang-gu/계양동/프리미엄테라피/index.html","https://1004테라피.shop/shops/incheon/gyeyang-gu/계양동/프리미엄테라피/","False","True",""
"업체상세","shops/incheon/gyeyang-gu/계양동/마인드좋은테라피/index.html","https://1004테라피.shop/shops/incheon/gyeyang-gu/계양동/마인드좋은테라피/","False","True",""
"업체상세","shops/incheon/gyeyang-gu/작전동/한국미인테라피/index.html","https://1004테라피.shop/shops/incheon/gyeyang-gu/작전동/한국미인테라피/","False","True",""
"업체상세","shops/incheon/gyeyang-gu/작전동/너무이쁜테라피/index.html","https://1004테라피.shop/shops/incheon/gyeyang-gu/작전동/너무이쁜테라피/","False","True",""
"업체상세","shops/incheon/gyeyang-gu/작전동/love테라피/index.html","https://1004테라피.shop/shops/incheon/gyeyang-gu/작전동/love테라피/","False","True",""
"업체상세","shops/incheon/gyeyang-gu/작전동/프리미엄테라피/index.html","https://1004테라피.shop/shops/incheon/gyeyang-gu/작전동/프리미엄테라피/","False","True",""
"업체상세","shops/incheon/gyeyang-gu/작전동/마인드좋은테라피/index.html","https://1004테라피.shop/shops/incheon/gyeyang-gu/작전동/마인드좋은테라피/","False","True",""
"업체상세","shops/incheon/gyeyang-gu/작전서운동/한국미인테라피/index.html","https://1004테라피.shop/shops/incheon/gyeyang-gu/작전서운동/한국미인테라피/","False","True",""
"업체상세","shops/incheon/gyeyang-gu/작전서운동/너무이쁜테라피/index.html","https://1004테라피.shop/shops/incheon/gyeyang-gu/작전서운동/너무이쁜테라피/","False","True",""
"업체상세","shops/incheon/gyeyang-gu/작전서운동/love테라피/index.html","https://1004테라피.shop/shops/incheon/gyeyang-gu/작전서운동/love테라피/","False","True",""
"업체상세","shops/incheon/gyeyang-gu/작전서운동/프리미엄테라피/index.html","https://1004테라피.shop/shops/incheon/gyeyang-gu/작전서운동/프리미엄테라피/","False","True",""
"업체상세","shops/incheon/gyeyang-gu/작전서운동/마인드좋은테라피/index.html","https://1004테라피.shop/shops/incheon/gyeyang-gu/작전서운동/마인드좋은테라피/","False","True",""
"업체상세","shops/incheon/gyeyang-gu/효성동/한국미인테라피/index.html","https://1004테라피.shop/shops/incheon/gyeyang-gu/효성동/한국미인테라피/","False","True",""
"업체상세","shops/incheon/gyeyang-gu/효성동/너무이쁜테라피/index.html","https://1004테라피.shop/shops/incheon/gyeyang-gu/효성동/너무이쁜테라피/","False","True",""
"업체상세","shops/incheon/gyeyang-gu/효성동/love테라피/index.html","https://1004테라피.shop/shops/incheon/gyeyang-gu/효성동/love테라피/","False","True",""
"업체상세","shops/incheon/gyeyang-gu/효성동/프리미엄테라피/index.html","https://1004테라피.shop/shops/incheon/gyeyang-gu/효성동/프리미엄테라피/","False","True",""
"업체상세","shops/incheon/gyeyang-gu/효성동/마인드좋은테라피/index.html","https://1004테라피.shop/shops/incheon/gyeyang-gu/효성동/마인드좋은테라피/","False","True",""
"업체상세","shops/incheon/namdong-gu/간석동/한국미인테라피/index.html","https://1004테라피.shop/shops/incheon/namdong-gu/간석동/한국미인테라피/","False","True",""
"업체상세","shops/incheon/namdong-gu/간석동/너무이쁜테라피/index.html","https://1004테라피.shop/shops/incheon/namdong-gu/간석동/너무이쁜테라피/","False","True",""
"업체상세","shops/incheon/namdong-gu/간석동/love테라피/index.html","https://1004테라피.shop/shops/incheon/namdong-gu/간석동/love테라피/","False","True",""
"업체상세","shops/incheon/namdong-gu/간석동/프리미엄테라피/index.html","https://1004테라피.shop/shops/incheon/namdong-gu/간석동/프리미엄테라피/","False","True",""
"업체상세","shops/incheon/namdong-gu/구월동/한국미인테라피/index.html","https://1004테라피.shop/shops/incheon/namdong-gu/구월동/한국미인테라피/","False","True",""
"업체상세","shops/incheon/namdong-gu/구월동/너무이쁜테라피/index.html","https://1004테라피.shop/shops/incheon/namdong-gu/구월동/너무이쁜테라피/","False","True",""
"업체상세","shops/incheon/namdong-gu/구월동/love테라피/index.html","https://1004테라피.shop/shops/incheon/namdong-gu/구월동/love테라피/","False","True",""
"업체상세","shops/incheon/namdong-gu/구월동/프리미엄테라피/index.html","https://1004테라피.shop/shops/incheon/namdong-gu/구월동/프리미엄테라피/","False","True",""
"업체상세","shops/incheon/namdong-gu/남촌도림동/한국미인테라피/index.html","https://1004테라피.shop/shops/incheon/namdong-gu/남촌도림동/한국미인테라피/","False","True",""
"업체상세","shops/incheon/namdong-gu/남촌도림동/너무이쁜테라피/index.html","https://1004테라피.shop/shops/incheon/namdong-gu/남촌도림동/너무이쁜테라피/","False","True",""
"업체상세","shops/incheon/namdong-gu/남촌도림동/love테라피/index.html","https://1004테라피.shop/shops/incheon/namdong-gu/남촌도림동/love테라피/","False","True",""
"업체상세","shops/incheon/namdong-gu/남촌도림동/프리미엄테라피/index.html","https://1004테라피.shop/shops/incheon/namdong-gu/남촌도림동/프리미엄테라피/","False","True",""
"업체상세","shops/incheon/namdong-gu/논현고잔동/한국미인테라피/index.html","https://1004테라피.shop/shops/incheon/namdong-gu/논현고잔동/한국미인테라피/","False","True",""
"업체상세","shops/incheon/namdong-gu/논현고잔동/너무이쁜테라피/index.html","https://1004테라피.shop/shops/incheon/namdong-gu/논현고잔동/너무이쁜테라피/","False","True",""
"업체상세","shops/incheon/namdong-gu/논현고잔동/love테라피/index.html","https://1004테라피.shop/shops/incheon/namdong-gu/논현고잔동/love테라피/","False","True",""
"업체상세","shops/incheon/namdong-gu/논현고잔동/프리미엄테라피/index.html","https://1004테라피.shop/shops/incheon/namdong-gu/논현고잔동/프리미엄테라피/","False","True",""
"업체상세","shops/incheon/namdong-gu/논현동/한국미인테라피/index.html","https://1004테라피.shop/shops/incheon/namdong-gu/논현동/한국미인테라피/","False","True",""
"업체상세","shops/incheon/namdong-gu/논현동/너무이쁜테라피/index.html","https://1004테라피.shop/shops/incheon/namdong-gu/논현동/너무이쁜테라피/","False","True",""
"업체상세","shops/incheon/namdong-gu/논현동/love테라피/index.html","https://1004테라피.shop/shops/incheon/namdong-gu/논현동/love테라피/","False","True",""
"업체상세","shops/incheon/namdong-gu/논현동/프리미엄테라피/index.html","https://1004테라피.shop/shops/incheon/namdong-gu/논현동/프리미엄테라피/","False","True",""
"업체상세","shops/incheon/namdong-gu/만수동/한국미인테라피/index.html","https://1004테라피.shop/shops/incheon/namdong-gu/만수동/한국미인테라피/","False","True",""
"업체상세","shops/incheon/namdong-gu/만수동/너무이쁜테라피/index.html","https://1004테라피.shop/shops/incheon/namdong-gu/만수동/너무이쁜테라피/","False","True",""
"업체상세","shops/incheon/namdong-gu/만수동/love테라피/index.html","https://1004테라피.shop/shops/incheon/namdong-gu/만수동/love테라피/","False","True",""
"업체상세","shops/incheon/namdong-gu/만수동/프리미엄테라피/index.html","https://1004테라피.shop/shops/incheon/namdong-gu/만수동/프리미엄테라피/","False","True",""
"업체상세","shops/incheon/namdong-gu/서창동/한국미인테라피/index.html","https://1004테라피.shop/shops/incheon/namdong-gu/서창동/한국미인테라피/","False","True",""
"업체상세","shops/incheon/namdong-gu/서창동/너무이쁜테라피/index.html","https://1004테라피.shop/shops/incheon/namdong-gu/서창동/너무이쁜테라피/","False","True",""
"업체상세","shops/incheon/namdong-gu/서창동/love테라피/index.html","https://1004테라피.shop/shops/incheon/namdong-gu/서창동/love테라피/","False","True",""
"업체상세","shops/incheon/namdong-gu/서창동/프리미엄테라피/index.html","https://1004테라피.shop/shops/incheon/namdong-gu/서창동/프리미엄테라피/","False","True",""
"업체상세","shops/incheon/namdong-gu/장수서창동/한국미인테라피/index.html","https://1004테라피.shop/shops/incheon/namdong-gu/장수서창동/한국미인테라피/","False","True",""
"업체상세","shops/incheon/namdong-gu/장수서창동/너무이쁜테라피/index.html","https://1004테라피.shop/shops/incheon/namdong-gu/장수서창동/너무이쁜테라피/","False","True",""
"업체상세","shops/incheon/namdong-gu/장수서창동/love테라피/index.html","https://1004테라피.shop/shops/incheon/namdong-gu/장수서창동/love테라피/","False","True",""
"업체상세","shops/incheon/namdong-gu/장수서창동/프리미엄테라피/index.html","https://1004테라피.shop/shops/incheon/namdong-gu/장수서창동/프리미엄테라피/","False","True",""
"업체상세","shops/incheon/michuhol-gu/3동/한국미인테라피/index.html","https://1004테라피.shop/shops/incheon/michuhol-gu/3동/한국미인테라피/","False","True",""
"업체상세","shops/incheon/michuhol-gu/3동/너무이쁜테라피/index.html","https://1004테라피.shop/shops/incheon/michuhol-gu/3동/너무이쁜테라피/","False","True",""
"업체상세","shops/incheon/michuhol-gu/3동/love테라피/index.html","https://1004테라피.shop/shops/incheon/michuhol-gu/3동/love테라피/","False","True",""
"업체상세","shops/incheon/michuhol-gu/3동/프리미엄테라피/index.html","https://1004테라피.shop/shops/incheon/michuhol-gu/3동/프리미엄테라피/","False","True",""
"업체상세","shops/incheon/michuhol-gu/4동/한국미인테라피/index.html","https://1004테라피.shop/shops/incheon/michuhol-gu/4동/한국미인테라피/","False","True",""
"업체상세","shops/incheon/michuhol-gu/4동/너무이쁜테라피/index.html","https://1004테라피.shop/shops/incheon/michuhol-gu/4동/너무이쁜테라피/","False","True",""
"업체상세","shops/incheon/michuhol-gu/4동/love테라피/index.html","https://1004테라피.shop/shops/incheon/michuhol-gu/4동/love테라피/","False","True",""
"업체상세","shops/incheon/michuhol-gu/4동/프리미엄테라피/index.html","https://1004테라피.shop/shops/incheon/michuhol-gu/4동/프리미엄테라피/","False","True",""
"업체상세","shops/incheon/michuhol-gu/관교동/한국미인테라피/index.html","https://1004테라피.shop/shops/incheon/michuhol-gu/관교동/한국미인테라피/","False","True",""
"업체상세","shops/incheon/michuhol-gu/관교동/너무이쁜테라피/index.html","https://1004테라피.shop/shops/incheon/michuhol-gu/관교동/너무이쁜테라피/","False","True",""
"업체상세","shops/incheon/michuhol-gu/관교동/love테라피/index.html","https://1004테라피.shop/shops/incheon/michuhol-gu/관교동/love테라피/","False","True",""
"업체상세","shops/incheon/michuhol-gu/관교동/프리미엄테라피/index.html","https://1004테라피.shop/shops/incheon/michuhol-gu/관교동/프리미엄테라피/","False","True",""
"업체상세","shops/incheon/michuhol-gu/도화동/한국미인테라피/index.html","https://1004테라피.shop/shops/incheon/michuhol-gu/도화동/한국미인테라피/","False","True",""
"업체상세","shops/incheon/michuhol-gu/도화동/너무이쁜테라피/index.html","https://1004테라피.shop/shops/incheon/michuhol-gu/도화동/너무이쁜테라피/","False","True",""
"업체상세","shops/incheon/michuhol-gu/도화동/love테라피/index.html","https://1004테라피.shop/shops/incheon/michuhol-gu/도화동/love테라피/","False","True",""
"업체상세","shops/incheon/michuhol-gu/도화동/프리미엄테라피/index.html","https://1004테라피.shop/shops/incheon/michuhol-gu/도화동/프리미엄테라피/","False","True",""
"업체상세","shops/incheon/michuhol-gu/문학동/한국미인테라피/index.html","https://1004테라피.shop/shops/incheon/michuhol-gu/문학동/한국미인테라피/","False","True",""
"업체상세","shops/incheon/michuhol-gu/문학동/너무이쁜테라피/index.html","https://1004테라피.shop/shops/incheon/michuhol-gu/문학동/너무이쁜테라피/","False","True",""
"업체상세","shops/incheon/michuhol-gu/문학동/love테라피/index.html","https://1004테라피.shop/shops/incheon/michuhol-gu/문학동/love테라피/","False","True",""
"업체상세","shops/incheon/michuhol-gu/문학동/프리미엄테라피/index.html","https://1004테라피.shop/shops/incheon/michuhol-gu/문학동/프리미엄테라피/","False","True",""
"업체상세","shops/incheon/michuhol-gu/숭의동/한국미인테라피/index.html","https://1004테라피.shop/shops/incheon/michuhol-gu/숭의동/한국미인테라피/","False","True",""
"업체상세","shops/incheon/michuhol-gu/숭의동/너무이쁜테라피/index.html","https://1004테라피.shop/shops/incheon/michuhol-gu/숭의동/너무이쁜테라피/","False","True",""
"업체상세","shops/incheon/michuhol-gu/숭의동/love테라피/index.html","https://1004테라피.shop/shops/incheon/michuhol-gu/숭의동/love테라피/","False","True",""
"업체상세","shops/incheon/michuhol-gu/숭의동/프리미엄테라피/index.html","https://1004테라피.shop/shops/incheon/michuhol-gu/숭의동/프리미엄테라피/","False","True",""
"업체상세","shops/incheon/michuhol-gu/용현동/한국미인테라피/index.html","https://1004테라피.shop/shops/incheon/michuhol-gu/용현동/한국미인테라피/","False","True",""
"업체상세","shops/incheon/michuhol-gu/용현동/너무이쁜테라피/index.html","https://1004테라피.shop/shops/incheon/michuhol-gu/용현동/너무이쁜테라피/","False","True",""
"업체상세","shops/incheon/michuhol-gu/용현동/love테라피/index.html","https://1004테라피.shop/shops/incheon/michuhol-gu/용현동/love테라피/","False","True",""
"업체상세","shops/incheon/michuhol-gu/용현동/프리미엄테라피/index.html","https://1004테라피.shop/shops/incheon/michuhol-gu/용현동/프리미엄테라피/","False","True",""
"업체상세","shops/incheon/michuhol-gu/주안동/한국미인테라피/index.html","https://1004테라피.shop/shops/incheon/michuhol-gu/주안동/한국미인테라피/","False","True",""
"업체상세","shops/incheon/michuhol-gu/주안동/너무이쁜테라피/index.html","https://1004테라피.shop/shops/incheon/michuhol-gu/주안동/너무이쁜테라피/","False","True",""
"업체상세","shops/incheon/michuhol-gu/주안동/love테라피/index.html","https://1004테라피.shop/shops/incheon/michuhol-gu/주안동/love테라피/","False","True",""
"업체상세","shops/incheon/michuhol-gu/주안동/프리미엄테라피/index.html","https://1004테라피.shop/shops/incheon/michuhol-gu/주안동/프리미엄테라피/","False","True",""
"업체상세","shops/incheon/michuhol-gu/학익동/한국미인테라피/index.html","https://1004테라피.shop/shops/incheon/michuhol-gu/학익동/한국미인테라피/","False","True",""
"업체상세","shops/incheon/michuhol-gu/학익동/너무이쁜테라피/index.html","https://1004테라피.shop/shops/incheon/michuhol-gu/학익동/너무이쁜테라피/","False","True",""
"업체상세","shops/incheon/michuhol-gu/학익동/love테라피/index.html","https://1004테라피.shop/shops/incheon/michuhol-gu/학익동/love테라피/","False","True",""
"업체상세","shops/incheon/michuhol-gu/학익동/프리미엄테라피/index.html","https://1004테라피.shop/shops/incheon/michuhol-gu/학익동/프리미엄테라피/","False","True",""
"업체상세","shops/incheon/bupyeong-gu/갈산동/한국미인테라피/index.html","https://1004테라피.shop/shops/incheon/bupyeong-gu/갈산동/한국미인테라피/","False","True",""
"업체상세","shops/incheon/bupyeong-gu/갈산동/너무이쁜테라피/index.html","https://1004테라피.shop/shops/incheon/bupyeong-gu/갈산동/너무이쁜테라피/","False","True",""
"업체상세","shops/incheon/bupyeong-gu/갈산동/love테라피/index.html","https://1004테라피.shop/shops/incheon/bupyeong-gu/갈산동/love테라피/","False","True",""
"업체상세","shops/incheon/bupyeong-gu/갈산동/프리미엄테라피/index.html","https://1004테라피.shop/shops/incheon/bupyeong-gu/갈산동/프리미엄테라피/","False","True",""
"업체상세","shops/incheon/bupyeong-gu/갈산동/마인드좋은테라피/index.html","https://1004테라피.shop/shops/incheon/bupyeong-gu/갈산동/마인드좋은테라피/","False","True",""
"업체상세","shops/incheon/bupyeong-gu/부개동/한국미인테라피/index.html","https://1004테라피.shop/shops/incheon/bupyeong-gu/부개동/한국미인테라피/","False","True",""
"업체상세","shops/incheon/bupyeong-gu/부개동/너무이쁜테라피/index.html","https://1004테라피.shop/shops/incheon/bupyeong-gu/부개동/너무이쁜테라피/","False","True",""
"업체상세","shops/incheon/bupyeong-gu/부개동/love테라피/index.html","https://1004테라피.shop/shops/incheon/bupyeong-gu/부개동/love테라피/","False","True",""
"업체상세","shops/incheon/bupyeong-gu/부개동/프리미엄테라피/index.html","https://1004테라피.shop/shops/incheon/bupyeong-gu/부개동/프리미엄테라피/","False","True",""
"업체상세","shops/incheon/bupyeong-gu/부개동/마인드좋은테라피/index.html","https://1004테라피.shop/shops/incheon/bupyeong-gu/부개동/마인드좋은테라피/","False","True",""
"업체상세","shops/incheon/bupyeong-gu/부평동/한국미인테라피/index.html","https://1004테라피.shop/shops/incheon/bupyeong-gu/부평동/한국미인테라피/","False","True",""
"업체상세","shops/incheon/bupyeong-gu/부평동/너무이쁜테라피/index.html","https://1004테라피.shop/shops/incheon/bupyeong-gu/부평동/너무이쁜테라피/","False","True",""
"업체상세","shops/incheon/bupyeong-gu/부평동/love테라피/index.html","https://1004테라피.shop/shops/incheon/bupyeong-gu/부평동/love테라피/","False","True",""
"업체상세","shops/incheon/bupyeong-gu/부평동/프리미엄테라피/index.html","https://1004테라피.shop/shops/incheon/bupyeong-gu/부평동/프리미엄테라피/","False","True",""
"업체상세","shops/incheon/bupyeong-gu/부평동/마인드좋은테라피/index.html","https://1004테라피.shop/shops/incheon/bupyeong-gu/부평동/마인드좋은테라피/","False","True",""
"업체상세","shops/incheon/bupyeong-gu/산곡동/한국미인테라피/index.html","https://1004테라피.shop/shops/incheon/bupyeong-gu/산곡동/한국미인테라피/","False","True",""
"업체상세","shops/incheon/bupyeong-gu/산곡동/너무이쁜테라피/index.html","https://1004테라피.shop/shops/incheon/bupyeong-gu/산곡동/너무이쁜테라피/","False","True",""
"업체상세","shops/incheon/bupyeong-gu/산곡동/love테라피/index.html","https://1004테라피.shop/shops/incheon/bupyeong-gu/산곡동/love테라피/","False","True",""
"업체상세","shops/incheon/bupyeong-gu/산곡동/프리미엄테라피/index.html","https://1004테라피.shop/shops/incheon/bupyeong-gu/산곡동/프리미엄테라피/","False","True",""
"업체상세","shops/incheon/bupyeong-gu/산곡동/마인드좋은테라피/index.html","https://1004테라피.shop/shops/incheon/bupyeong-gu/산곡동/마인드좋은테라피/","False","True",""
"업체상세","shops/incheon/bupyeong-gu/삼산동/한국미인테라피/index.html","https://1004테라피.shop/shops/incheon/bupyeong-gu/삼산동/한국미인테라피/","False","True",""
"업체상세","shops/incheon/bupyeong-gu/삼산동/너무이쁜테라피/index.html","https://1004테라피.shop/shops/incheon/bupyeong-gu/삼산동/너무이쁜테라피/","False","True",""
"업체상세","shops/incheon/bupyeong-gu/삼산동/love테라피/index.html","https://1004테라피.shop/shops/incheon/bupyeong-gu/삼산동/love테라피/","False","True",""
"업체상세","shops/incheon/bupyeong-gu/삼산동/프리미엄테라피/index.html","https://1004테라피.shop/shops/incheon/bupyeong-gu/삼산동/프리미엄테라피/","False","True",""
"업체상세","shops/incheon/bupyeong-gu/삼산동/마인드좋은테라피/index.html","https://1004테라피.shop/shops/incheon/bupyeong-gu/삼산동/마인드좋은테라피/","False","True",""
"업체상세","shops/incheon/bupyeong-gu/십정동/한국미인테라피/index.html","https://1004테라피.shop/shops/incheon/bupyeong-gu/십정동/한국미인테라피/","False","True",""
"업체상세","shops/incheon/bupyeong-gu/십정동/너무이쁜테라피/index.html","https://1004테라피.shop/shops/incheon/bupyeong-gu/십정동/너무이쁜테라피/","False","True",""
"업체상세","shops/incheon/bupyeong-gu/십정동/love테라피/index.html","https://1004테라피.shop/shops/incheon/bupyeong-gu/십정동/love테라피/","False","True",""
"업체상세","shops/incheon/bupyeong-gu/십정동/프리미엄테라피/index.html","https://1004테라피.shop/shops/incheon/bupyeong-gu/십정동/프리미엄테라피/","False","True",""
"업체상세","shops/incheon/bupyeong-gu/십정동/마인드좋은테라피/index.html","https://1004테라피.shop/shops/incheon/bupyeong-gu/십정동/마인드좋은테라피/","False","True",""
"업체상세","shops/incheon/bupyeong-gu/일신동/한국미인테라피/index.html","https://1004테라피.shop/shops/incheon/bupyeong-gu/일신동/한국미인테라피/","False","True",""
"업체상세","shops/incheon/bupyeong-gu/일신동/너무이쁜테라피/index.html","https://1004테라피.shop/shops/incheon/bupyeong-gu/일신동/너무이쁜테라피/","False","True",""
"업체상세","shops/incheon/bupyeong-gu/일신동/love테라피/index.html","https://1004테라피.shop/shops/incheon/bupyeong-gu/일신동/love테라피/","False","True",""
"업체상세","shops/incheon/bupyeong-gu/일신동/프리미엄테라피/index.html","https://1004테라피.shop/shops/incheon/bupyeong-gu/일신동/프리미엄테라피/","False","True",""
"업체상세","shops/incheon/bupyeong-gu/일신동/마인드좋은테라피/index.html","https://1004테라피.shop/shops/incheon/bupyeong-gu/일신동/마인드좋은테라피/","False","True",""
"업체상세","shops/incheon/bupyeong-gu/청천동/한국미인테라피/index.html","https://1004테라피.shop/shops/incheon/bupyeong-gu/청천동/한국미인테라피/","False","True",""
"업체상세","shops/incheon/bupyeong-gu/청천동/너무이쁜테라피/index.html","https://1004테라피.shop/shops/incheon/bupyeong-gu/청천동/너무이쁜테라피/","False","True",""
"업체상세","shops/incheon/bupyeong-gu/청천동/love테라피/index.html","https://1004테라피.shop/shops/incheon/bupyeong-gu/청천동/love테라피/","False","True",""
"업체상세","shops/incheon/bupyeong-gu/청천동/프리미엄테라피/index.html","https://1004테라피.shop/shops/incheon/bupyeong-gu/청천동/프리미엄테라피/","False","True",""
"업체상세","shops/incheon/bupyeong-gu/청천동/마인드좋은테라피/index.html","https://1004테라피.shop/shops/incheon/bupyeong-gu/청천동/마인드좋은테라피/","False","True",""
"업체상세","shops/incheon/seohae-gu/가정동/한국미인테라피/index.html","https://1004테라피.shop/shops/incheon/seohae-gu/가정동/한국미인테라피/","False","True",""
"업체상세","shops/incheon/seohae-gu/가정동/너무이쁜테라피/index.html","https://1004테라피.shop/shops/incheon/seohae-gu/가정동/너무이쁜테라피/","False","True",""
"업체상세","shops/incheon/seohae-gu/가정동/love테라피/index.html","https://1004테라피.shop/shops/incheon/seohae-gu/가정동/love테라피/","False","True",""
"업체상세","shops/incheon/seohae-gu/가정동/프리미엄테라피/index.html","https://1004테라피.shop/shops/incheon/seohae-gu/가정동/프리미엄테라피/","False","True",""
"업체상세","shops/incheon/seohae-gu/가좌동/한국미인테라피/index.html","https://1004테라피.shop/shops/incheon/seohae-gu/가좌동/한국미인테라피/","False","True",""
"업체상세","shops/incheon/seohae-gu/가좌동/너무이쁜테라피/index.html","https://1004테라피.shop/shops/incheon/seohae-gu/가좌동/너무이쁜테라피/","False","True",""
"업체상세","shops/incheon/seohae-gu/가좌동/love테라피/index.html","https://1004테라피.shop/shops/incheon/seohae-gu/가좌동/love테라피/","False","True",""
"업체상세","shops/incheon/seohae-gu/가좌동/프리미엄테라피/index.html","https://1004테라피.shop/shops/incheon/seohae-gu/가좌동/프리미엄테라피/","False","True",""
"업체상세","shops/incheon/seohae-gu/검암경서동/한국미인테라피/index.html","https://1004테라피.shop/shops/incheon/seohae-gu/검암경서동/한국미인테라피/","False","True",""
"업체상세","shops/incheon/seohae-gu/검암경서동/너무이쁜테라피/index.html","https://1004테라피.shop/shops/incheon/seohae-gu/검암경서동/너무이쁜테라피/","False","True",""
"업체상세","shops/incheon/seohae-gu/검암경서동/love테라피/index.html","https://1004테라피.shop/shops/incheon/seohae-gu/검암경서동/love테라피/","False","True",""
"업체상세","shops/incheon/seohae-gu/검암경서동/프리미엄테라피/index.html","https://1004테라피.shop/shops/incheon/seohae-gu/검암경서동/프리미엄테라피/","False","True",""
"업체상세","shops/incheon/seohae-gu/석남동/한국미인테라피/index.html","https://1004테라피.shop/shops/incheon/seohae-gu/석남동/한국미인테라피/","False","True",""
"업체상세","shops/incheon/seohae-gu/석남동/너무이쁜테라피/index.html","https://1004테라피.shop/shops/incheon/seohae-gu/석남동/너무이쁜테라피/","False","True",""
"업체상세","shops/incheon/seohae-gu/석남동/love테라피/index.html","https://1004테라피.shop/shops/incheon/seohae-gu/석남동/love테라피/","False","True",""
"업체상세","shops/incheon/seohae-gu/석남동/프리미엄테라피/index.html","https://1004테라피.shop/shops/incheon/seohae-gu/석남동/프리미엄테라피/","False","True",""
"업체상세","shops/incheon/seohae-gu/신현원창동/한국미인테라피/index.html","https://1004테라피.shop/shops/incheon/seohae-gu/신현원창동/한국미인테라피/","False","True",""
"업체상세","shops/incheon/seohae-gu/신현원창동/너무이쁜테라피/index.html","https://1004테라피.shop/shops/incheon/seohae-gu/신현원창동/너무이쁜테라피/","False","True",""
"업체상세","shops/incheon/seohae-gu/신현원창동/love테라피/index.html","https://1004테라피.shop/shops/incheon/seohae-gu/신현원창동/love테라피/","False","True",""
"업체상세","shops/incheon/seohae-gu/신현원창동/프리미엄테라피/index.html","https://1004테라피.shop/shops/incheon/seohae-gu/신현원창동/프리미엄테라피/","False","True",""
"업체상세","shops/incheon/seohae-gu/연희동/한국미인테라피/index.html","https://1004테라피.shop/shops/incheon/seohae-gu/연희동/한국미인테라피/","False","True",""
"업체상세","shops/incheon/seohae-gu/연희동/너무이쁜테라피/index.html","https://1004테라피.shop/shops/incheon/seohae-gu/연희동/너무이쁜테라피/","False","True",""
"업체상세","shops/incheon/seohae-gu/연희동/love테라피/index.html","https://1004테라피.shop/shops/incheon/seohae-gu/연희동/love테라피/","False","True",""
"업체상세","shops/incheon/seohae-gu/연희동/프리미엄테라피/index.html","https://1004테라피.shop/shops/incheon/seohae-gu/연희동/프리미엄테라피/","False","True",""
"업체상세","shops/incheon/seohae-gu/청라동/한국미인테라피/index.html","https://1004테라피.shop/shops/incheon/seohae-gu/청라동/한국미인테라피/","False","True",""
"업체상세","shops/incheon/seohae-gu/청라동/너무이쁜테라피/index.html","https://1004테라피.shop/shops/incheon/seohae-gu/청라동/너무이쁜테라피/","False","True",""
"업체상세","shops/incheon/seohae-gu/청라동/love테라피/index.html","https://1004테라피.shop/shops/incheon/seohae-gu/청라동/love테라피/","False","True",""
"업체상세","shops/incheon/seohae-gu/청라동/프리미엄테라피/index.html","https://1004테라피.shop/shops/incheon/seohae-gu/청라동/프리미엄테라피/","False","True",""
"업체상세","shops/incheon/yeonsu-gu/동춘동/한국미인테라피/index.html","https://1004테라피.shop/shops/incheon/yeonsu-gu/동춘동/한국미인테라피/","False","True",""
"업체상세","shops/incheon/yeonsu-gu/동춘동/너무이쁜테라피/index.html","https://1004테라피.shop/shops/incheon/yeonsu-gu/동춘동/너무이쁜테라피/","False","True",""
"업체상세","shops/incheon/yeonsu-gu/동춘동/love테라피/index.html","https://1004테라피.shop/shops/incheon/yeonsu-gu/동춘동/love테라피/","False","True",""
"업체상세","shops/incheon/yeonsu-gu/동춘동/프리미엄테라피/index.html","https://1004테라피.shop/shops/incheon/yeonsu-gu/동춘동/프리미엄테라피/","False","True",""
"업체상세","shops/incheon/yeonsu-gu/선학동/한국미인테라피/index.html","https://1004테라피.shop/shops/incheon/yeonsu-gu/선학동/한국미인테라피/","False","True",""
"업체상세","shops/incheon/yeonsu-gu/선학동/너무이쁜테라피/index.html","https://1004테라피.shop/shops/incheon/yeonsu-gu/선학동/너무이쁜테라피/","False","True",""
"업체상세","shops/incheon/yeonsu-gu/선학동/love테라피/index.html","https://1004테라피.shop/shops/incheon/yeonsu-gu/선학동/love테라피/","False","True",""
"업체상세","shops/incheon/yeonsu-gu/선학동/프리미엄테라피/index.html","https://1004테라피.shop/shops/incheon/yeonsu-gu/선학동/프리미엄테라피/","False","True",""
"업체상세","shops/incheon/yeonsu-gu/송도동/한국미인테라피/index.html","https://1004테라피.shop/shops/incheon/yeonsu-gu/송도동/한국미인테라피/","False","True",""
"업체상세","shops/incheon/yeonsu-gu/송도동/너무이쁜테라피/index.html","https://1004테라피.shop/shops/incheon/yeonsu-gu/송도동/너무이쁜테라피/","False","True",""
"업체상세","shops/incheon/yeonsu-gu/송도동/love테라피/index.html","https://1004테라피.shop/shops/incheon/yeonsu-gu/송도동/love테라피/","False","True",""
"업체상세","shops/incheon/yeonsu-gu/송도동/프리미엄테라피/index.html","https://1004테라피.shop/shops/incheon/yeonsu-gu/송도동/프리미엄테라피/","False","True",""
"업체상세","shops/incheon/yeonsu-gu/연수동/한국미인테라피/index.html","https://1004테라피.shop/shops/incheon/yeonsu-gu/연수동/한국미인테라피/","False","True",""
"업체상세","shops/incheon/yeonsu-gu/연수동/너무이쁜테라피/index.html","https://1004테라피.shop/shops/incheon/yeonsu-gu/연수동/너무이쁜테라피/","False","True",""
"업체상세","shops/incheon/yeonsu-gu/연수동/love테라피/index.html","https://1004테라피.shop/shops/incheon/yeonsu-gu/연수동/love테라피/","False","True",""
"업체상세","shops/incheon/yeonsu-gu/연수동/프리미엄테라피/index.html","https://1004테라피.shop/shops/incheon/yeonsu-gu/연수동/프리미엄테라피/","False","True",""
"업체상세","shops/incheon/yeonsu-gu/옥련동/한국미인테라피/index.html","https://1004테라피.shop/shops/incheon/yeonsu-gu/옥련동/한국미인테라피/","False","True",""
"업체상세","shops/incheon/yeonsu-gu/옥련동/너무이쁜테라피/index.html","https://1004테라피.shop/shops/incheon/yeonsu-gu/옥련동/너무이쁜테라피/","False","True",""
"업체상세","shops/incheon/yeonsu-gu/옥련동/love테라피/index.html","https://1004테라피.shop/shops/incheon/yeonsu-gu/옥련동/love테라피/","False","True",""
"업체상세","shops/incheon/yeonsu-gu/옥련동/프리미엄테라피/index.html","https://1004테라피.shop/shops/incheon/yeonsu-gu/옥련동/프리미엄테라피/","False","True",""
"업체상세","shops/incheon/yeonsu-gu/청학동/한국미인테라피/index.html","https://1004테라피.shop/shops/incheon/yeonsu-gu/청학동/한국미인테라피/","False","True",""
"업체상세","shops/incheon/yeonsu-gu/청학동/너무이쁜테라피/index.html","https://1004테라피.shop/shops/incheon/yeonsu-gu/청학동/너무이쁜테라피/","False","True",""
"업체상세","shops/incheon/yeonsu-gu/청학동/love테라피/index.html","https://1004테라피.shop/shops/incheon/yeonsu-gu/청학동/love테라피/","False","True",""
"업체상세","shops/incheon/yeonsu-gu/청학동/프리미엄테라피/index.html","https://1004테라피.shop/shops/incheon/yeonsu-gu/청학동/프리미엄테라피/","False","True",""
"업체상세","shops/incheon/yeongjong-gu/영종동/한국미인테라피/index.html","https://1004테라피.shop/shops/incheon/yeongjong-gu/영종동/한국미인테라피/","False","True",""
"업체상세","shops/incheon/yeongjong-gu/영종동/너무이쁜테라피/index.html","https://1004테라피.shop/shops/incheon/yeongjong-gu/영종동/너무이쁜테라피/","False","True",""
"업체상세","shops/incheon/yeongjong-gu/영종동/love테라피/index.html","https://1004테라피.shop/shops/incheon/yeongjong-gu/영종동/love테라피/","False","True",""
"업체상세","shops/incheon/yeongjong-gu/영종동/프리미엄테라피/index.html","https://1004테라피.shop/shops/incheon/yeongjong-gu/영종동/프리미엄테라피/","False","True",""
"업체상세","shops/incheon/yeongjong-gu/용유동/한국미인테라피/index.html","https://1004테라피.shop/shops/incheon/yeongjong-gu/용유동/한국미인테라피/","False","True",""
"업체상세","shops/incheon/yeongjong-gu/용유동/너무이쁜테라피/index.html","https://1004테라피.shop/shops/incheon/yeongjong-gu/용유동/너무이쁜테라피/","False","True",""
"업체상세","shops/incheon/yeongjong-gu/용유동/love테라피/index.html","https://1004테라피.shop/shops/incheon/yeongjong-gu/용유동/love테라피/","False","True",""
"업체상세","shops/incheon/yeongjong-gu/용유동/프리미엄테라피/index.html","https://1004테라피.shop/shops/incheon/yeongjong-gu/용유동/프리미엄테라피/","False","True",""
"업체상세","shops/incheon/yeongjong-gu/운서동/한국미인테라피/index.html","https://1004테라피.shop/shops/incheon/yeongjong-gu/운서동/한국미인테라피/","False","True",""
"업체상세","shops/incheon/yeongjong-gu/운서동/너무이쁜테라피/index.html","https://1004테라피.shop/shops/incheon/yeongjong-gu/운서동/너무이쁜테라피/","False","True",""
"업체상세","shops/incheon/yeongjong-gu/운서동/love테라피/index.html","https://1004테라피.shop/shops/incheon/yeongjong-gu/운서동/love테라피/","False","True",""
"업체상세","shops/incheon/yeongjong-gu/운서동/프리미엄테라피/index.html","https://1004테라피.shop/shops/incheon/yeongjong-gu/운서동/프리미엄테라피/","False","True",""
"업체상세","shops/incheon/ongjin-gun/대청면/한국미인테라피/index.html","https://1004테라피.shop/shops/incheon/ongjin-gun/대청면/한국미인테라피/","False","True",""
"업체상세","shops/incheon/ongjin-gun/대청면/너무이쁜테라피/index.html","https://1004테라피.shop/shops/incheon/ongjin-gun/대청면/너무이쁜테라피/","False","True",""
"업체상세","shops/incheon/ongjin-gun/대청면/love테라피/index.html","https://1004테라피.shop/shops/incheon/ongjin-gun/대청면/love테라피/","False","True",""
"업체상세","shops/incheon/ongjin-gun/대청면/프리미엄테라피/index.html","https://1004테라피.shop/shops/incheon/ongjin-gun/대청면/프리미엄테라피/","False","True",""
"업체상세","shops/incheon/ongjin-gun/덕적면/한국미인테라피/index.html","https://1004테라피.shop/shops/incheon/ongjin-gun/덕적면/한국미인테라피/","False","True",""
"업체상세","shops/incheon/ongjin-gun/덕적면/너무이쁜테라피/index.html","https://1004테라피.shop/shops/incheon/ongjin-gun/덕적면/너무이쁜테라피/","False","True",""
"업체상세","shops/incheon/ongjin-gun/덕적면/love테라피/index.html","https://1004테라피.shop/shops/incheon/ongjin-gun/덕적면/love테라피/","False","True",""
"업체상세","shops/incheon/ongjin-gun/덕적면/프리미엄테라피/index.html","https://1004테라피.shop/shops/incheon/ongjin-gun/덕적면/프리미엄테라피/","False","True",""
"업체상세","shops/incheon/ongjin-gun/백령면/한국미인테라피/index.html","https://1004테라피.shop/shops/incheon/ongjin-gun/백령면/한국미인테라피/","False","True",""
"업체상세","shops/incheon/ongjin-gun/백령면/너무이쁜테라피/index.html","https://1004테라피.shop/shops/incheon/ongjin-gun/백령면/너무이쁜테라피/","False","True",""
"업체상세","shops/incheon/ongjin-gun/백령면/love테라피/index.html","https://1004테라피.shop/shops/incheon/ongjin-gun/백령면/love테라피/","False","True",""
"업체상세","shops/incheon/ongjin-gun/백령면/프리미엄테라피/index.html","https://1004테라피.shop/shops/incheon/ongjin-gun/백령면/프리미엄테라피/","False","True",""
"업체상세","shops/incheon/ongjin-gun/북도면/한국미인테라피/index.html","https://1004테라피.shop/shops/incheon/ongjin-gun/북도면/한국미인테라피/","False","True",""
"업체상세","shops/incheon/ongjin-gun/북도면/너무이쁜테라피/index.html","https://1004테라피.shop/shops/incheon/ongjin-gun/북도면/너무이쁜테라피/","False","True",""
"업체상세","shops/incheon/ongjin-gun/북도면/love테라피/index.html","https://1004테라피.shop/shops/incheon/ongjin-gun/북도면/love테라피/","False","True",""
"업체상세","shops/incheon/ongjin-gun/북도면/프리미엄테라피/index.html","https://1004테라피.shop/shops/incheon/ongjin-gun/북도면/프리미엄테라피/","False","True",""
"업체상세","shops/incheon/ongjin-gun/연평면/한국미인테라피/index.html","https://1004테라피.shop/shops/incheon/ongjin-gun/연평면/한국미인테라피/","False","True",""
"업체상세","shops/incheon/ongjin-gun/연평면/너무이쁜테라피/index.html","https://1004테라피.shop/shops/incheon/ongjin-gun/연평면/너무이쁜테라피/","False","True",""
"업체상세","shops/incheon/ongjin-gun/연평면/love테라피/index.html","https://1004테라피.shop/shops/incheon/ongjin-gun/연평면/love테라피/","False","True",""
"업체상세","shops/incheon/ongjin-gun/연평면/프리미엄테라피/index.html","https://1004테라피.shop/shops/incheon/ongjin-gun/연평면/프리미엄테라피/","False","True",""
"업체상세","shops/incheon/ongjin-gun/영흥면/한국미인테라피/index.html","https://1004테라피.shop/shops/incheon/ongjin-gun/영흥면/한국미인테라피/","False","True",""
"업체상세","shops/incheon/ongjin-gun/영흥면/너무이쁜테라피/index.html","https://1004테라피.shop/shops/incheon/ongjin-gun/영흥면/너무이쁜테라피/","False","True",""
"업체상세","shops/incheon/ongjin-gun/영흥면/love테라피/index.html","https://1004테라피.shop/shops/incheon/ongjin-gun/영흥면/love테라피/","False","True",""
"업체상세","shops/incheon/ongjin-gun/영흥면/프리미엄테라피/index.html","https://1004테라피.shop/shops/incheon/ongjin-gun/영흥면/프리미엄테라피/","False","True",""
"업체상세","shops/incheon/ongjin-gun/자월면/한국미인테라피/index.html","https://1004테라피.shop/shops/incheon/ongjin-gun/자월면/한국미인테라피/","False","True",""
"업체상세","shops/incheon/ongjin-gun/자월면/너무이쁜테라피/index.html","https://1004테라피.shop/shops/incheon/ongjin-gun/자월면/너무이쁜테라피/","False","True",""
"업체상세","shops/incheon/ongjin-gun/자월면/love테라피/index.html","https://1004테라피.shop/shops/incheon/ongjin-gun/자월면/love테라피/","False","True",""
"업체상세","shops/incheon/ongjin-gun/자월면/프리미엄테라피/index.html","https://1004테라피.shop/shops/incheon/ongjin-gun/자월면/프리미엄테라피/","False","True",""
"업체상세","shops/incheon/jemulpo-gu/2동/한국미인테라피/index.html","https://1004테라피.shop/shops/incheon/jemulpo-gu/2동/한국미인테라피/","False","True",""
"업체상세","shops/incheon/jemulpo-gu/2동/너무이쁜테라피/index.html","https://1004테라피.shop/shops/incheon/jemulpo-gu/2동/너무이쁜테라피/","False","True",""
"업체상세","shops/incheon/jemulpo-gu/2동/love테라피/index.html","https://1004테라피.shop/shops/incheon/jemulpo-gu/2동/love테라피/","False","True",""
"업체상세","shops/incheon/jemulpo-gu/2동/프리미엄테라피/index.html","https://1004테라피.shop/shops/incheon/jemulpo-gu/2동/프리미엄테라피/","False","True",""
"업체상세","shops/incheon/jemulpo-gu/개항동/한국미인테라피/index.html","https://1004테라피.shop/shops/incheon/jemulpo-gu/개항동/한국미인테라피/","False","True",""
"업체상세","shops/incheon/jemulpo-gu/개항동/너무이쁜테라피/index.html","https://1004테라피.shop/shops/incheon/jemulpo-gu/개항동/너무이쁜테라피/","False","True",""
"업체상세","shops/incheon/jemulpo-gu/개항동/love테라피/index.html","https://1004테라피.shop/shops/incheon/jemulpo-gu/개항동/love테라피/","False","True",""
"업체상세","shops/incheon/jemulpo-gu/개항동/프리미엄테라피/index.html","https://1004테라피.shop/shops/incheon/jemulpo-gu/개항동/프리미엄테라피/","False","True",""
"업체상세","shops/incheon/jemulpo-gu/금창동/한국미인테라피/index.html","https://1004테라피.shop/shops/incheon/jemulpo-gu/금창동/한국미인테라피/","False","True",""
"업체상세","shops/incheon/jemulpo-gu/금창동/너무이쁜테라피/index.html","https://1004테라피.shop/shops/incheon/jemulpo-gu/금창동/너무이쁜테라피/","False","True",""
"업체상세","shops/incheon/jemulpo-gu/금창동/love테라피/index.html","https://1004테라피.shop/shops/incheon/jemulpo-gu/금창동/love테라피/","False","True",""
"업체상세","shops/incheon/jemulpo-gu/금창동/프리미엄테라피/index.html","https://1004테라피.shop/shops/incheon/jemulpo-gu/금창동/프리미엄테라피/","False","True",""
"업체상세","shops/incheon/jemulpo-gu/도원동/한국미인테라피/index.html","https://1004테라피.shop/shops/incheon/jemulpo-gu/도원동/한국미인테라피/","False","True",""
"업체상세","shops/incheon/jemulpo-gu/도원동/너무이쁜테라피/index.html","https://1004테라피.shop/shops/incheon/jemulpo-gu/도원동/너무이쁜테라피/","False","True",""
"업체상세","shops/incheon/jemulpo-gu/도원동/love테라피/index.html","https://1004테라피.shop/shops/incheon/jemulpo-gu/도원동/love테라피/","False","True",""
"업체상세","shops/incheon/jemulpo-gu/도원동/프리미엄테라피/index.html","https://1004테라피.shop/shops/incheon/jemulpo-gu/도원동/프리미엄테라피/","False","True",""
"업체상세","shops/incheon/jemulpo-gu/동인천동/한국미인테라피/index.html","https://1004테라피.shop/shops/incheon/jemulpo-gu/동인천동/한국미인테라피/","False","True",""
"업체상세","shops/incheon/jemulpo-gu/동인천동/너무이쁜테라피/index.html","https://1004테라피.shop/shops/incheon/jemulpo-gu/동인천동/너무이쁜테라피/","False","True",""
"업체상세","shops/incheon/jemulpo-gu/동인천동/love테라피/index.html","https://1004테라피.shop/shops/incheon/jemulpo-gu/동인천동/love테라피/","False","True",""
"업체상세","shops/incheon/jemulpo-gu/동인천동/프리미엄테라피/index.html","https://1004테라피.shop/shops/incheon/jemulpo-gu/동인천동/프리미엄테라피/","False","True",""
"업체상세","shops/incheon/jemulpo-gu/만석동/한국미인테라피/index.html","https://1004테라피.shop/shops/incheon/jemulpo-gu/만석동/한국미인테라피/","False","True",""
"업체상세","shops/incheon/jemulpo-gu/만석동/너무이쁜테라피/index.html","https://1004테라피.shop/shops/incheon/jemulpo-gu/만석동/너무이쁜테라피/","False","True",""
"업체상세","shops/incheon/jemulpo-gu/만석동/love테라피/index.html","https://1004테라피.shop/shops/incheon/jemulpo-gu/만석동/love테라피/","False","True",""
"업체상세","shops/incheon/jemulpo-gu/만석동/프리미엄테라피/index.html","https://1004테라피.shop/shops/incheon/jemulpo-gu/만석동/프리미엄테라피/","False","True",""
"업체상세","shops/incheon/jemulpo-gu/송림동/한국미인테라피/index.html","https://1004테라피.shop/shops/incheon/jemulpo-gu/송림동/한국미인테라피/","False","True",""
"업체상세","shops/incheon/jemulpo-gu/송림동/너무이쁜테라피/index.html","https://1004테라피.shop/shops/incheon/jemulpo-gu/송림동/너무이쁜테라피/","False","True",""
"업체상세","shops/incheon/jemulpo-gu/송림동/love테라피/index.html","https://1004테라피.shop/shops/incheon/jemulpo-gu/송림동/love테라피/","False","True",""
"업체상세","shops/incheon/jemulpo-gu/송림동/프리미엄테라피/index.html","https://1004테라피.shop/shops/incheon/jemulpo-gu/송림동/프리미엄테라피/","False","True",""
"업체상세","shops/incheon/jemulpo-gu/송현동/한국미인테라피/index.html","https://1004테라피.shop/shops/incheon/jemulpo-gu/송현동/한국미인테라피/","False","True",""
"업체상세","shops/incheon/jemulpo-gu/송현동/너무이쁜테라피/index.html","https://1004테라피.shop/shops/incheon/jemulpo-gu/송현동/너무이쁜테라피/","False","True",""
"업체상세","shops/incheon/jemulpo-gu/송현동/love테라피/index.html","https://1004테라피.shop/shops/incheon/jemulpo-gu/송현동/love테라피/","False","True",""
"업체상세","shops/incheon/jemulpo-gu/송현동/프리미엄테라피/index.html","https://1004테라피.shop/shops/incheon/jemulpo-gu/송현동/프리미엄테라피/","False","True",""
"업체상세","shops/incheon/jemulpo-gu/신포동/한국미인테라피/index.html","https://1004테라피.shop/shops/incheon/jemulpo-gu/신포동/한국미인테라피/","False","True",""
"업체상세","shops/incheon/jemulpo-gu/신포동/너무이쁜테라피/index.html","https://1004테라피.shop/shops/incheon/jemulpo-gu/신포동/너무이쁜테라피/","False","True",""
"업체상세","shops/incheon/jemulpo-gu/신포동/love테라피/index.html","https://1004테라피.shop/shops/incheon/jemulpo-gu/신포동/love테라피/","False","True",""
"업체상세","shops/incheon/jemulpo-gu/신포동/프리미엄테라피/index.html","https://1004테라피.shop/shops/incheon/jemulpo-gu/신포동/프리미엄테라피/","False","True",""
"업체상세","shops/incheon/jemulpo-gu/신흥동/한국미인테라피/index.html","https://1004테라피.shop/shops/incheon/jemulpo-gu/신흥동/한국미인테라피/","False","True",""
"업체상세","shops/incheon/jemulpo-gu/신흥동/너무이쁜테라피/index.html","https://1004테라피.shop/shops/incheon/jemulpo-gu/신흥동/너무이쁜테라피/","False","True",""
"업체상세","shops/incheon/jemulpo-gu/신흥동/love테라피/index.html","https://1004테라피.shop/shops/incheon/jemulpo-gu/신흥동/love테라피/","False","True",""
"업체상세","shops/incheon/jemulpo-gu/신흥동/프리미엄테라피/index.html","https://1004테라피.shop/shops/incheon/jemulpo-gu/신흥동/프리미엄테라피/","False","True",""
"업체상세","shops/incheon/jemulpo-gu/연안동/한국미인테라피/index.html","https://1004테라피.shop/shops/incheon/jemulpo-gu/연안동/한국미인테라피/","False","True",""
"업체상세","shops/incheon/jemulpo-gu/연안동/너무이쁜테라피/index.html","https://1004테라피.shop/shops/incheon/jemulpo-gu/연안동/너무이쁜테라피/","False","True",""
"업체상세","shops/incheon/jemulpo-gu/연안동/love테라피/index.html","https://1004테라피.shop/shops/incheon/jemulpo-gu/연안동/love테라피/","False","True",""
"업체상세","shops/incheon/jemulpo-gu/연안동/프리미엄테라피/index.html","https://1004테라피.shop/shops/incheon/jemulpo-gu/연안동/프리미엄테라피/","False","True",""
"업체상세","shops/incheon/jemulpo-gu/율목동/한국미인테라피/index.html","https://1004테라피.shop/shops/incheon/jemulpo-gu/율목동/한국미인테라피/","False","True",""
"업체상세","shops/incheon/jemulpo-gu/율목동/너무이쁜테라피/index.html","https://1004테라피.shop/shops/incheon/jemulpo-gu/율목동/너무이쁜테라피/","False","True",""
"업체상세","shops/incheon/jemulpo-gu/율목동/love테라피/index.html","https://1004테라피.shop/shops/incheon/jemulpo-gu/율목동/love테라피/","False","True",""
"업체상세","shops/incheon/jemulpo-gu/율목동/프리미엄테라피/index.html","https://1004테라피.shop/shops/incheon/jemulpo-gu/율목동/프리미엄테라피/","False","True",""
"업체상세","shops/incheon/jemulpo-gu/화수동/한국미인테라피/index.html","https://1004테라피.shop/shops/incheon/jemulpo-gu/화수동/한국미인테라피/","False","True",""
"업체상세","shops/incheon/jemulpo-gu/화수동/너무이쁜테라피/index.html","https://1004테라피.shop/shops/incheon/jemulpo-gu/화수동/너무이쁜테라피/","False","True",""
"업체상세","shops/incheon/jemulpo-gu/화수동/love테라피/index.html","https://1004테라피.shop/shops/incheon/jemulpo-gu/화수동/love테라피/","False","True",""
"업체상세","shops/incheon/jemulpo-gu/화수동/프리미엄테라피/index.html","https://1004테라피.shop/shops/incheon/jemulpo-gu/화수동/프리미엄테라피/","False","True",""
"업체상세","shops/incheon/jemulpo-gu/화평동/한국미인테라피/index.html","https://1004테라피.shop/shops/incheon/jemulpo-gu/화평동/한국미인테라피/","False","True",""
"업체상세","shops/incheon/jemulpo-gu/화평동/너무이쁜테라피/index.html","https://1004테라피.shop/shops/incheon/jemulpo-gu/화평동/너무이쁜테라피/","False","True",""
"업체상세","shops/incheon/jemulpo-gu/화평동/love테라피/index.html","https://1004테라피.shop/shops/incheon/jemulpo-gu/화평동/love테라피/","False","True",""
"업체상세","shops/incheon/jemulpo-gu/화평동/프리미엄테라피/index.html","https://1004테라피.shop/shops/incheon/jemulpo-gu/화평동/프리미엄테라피/","False","True",""
"업체상세","shops/other/asan/도고면/한국미인테라피/index.html","https://1004테라피.shop/shops/other/asan/도고면/한국미인테라피/","False","True",""
"업체상세","shops/other/asan/도고면/love테라피/index.html","https://1004테라피.shop/shops/other/asan/도고면/love테라피/","False","True",""
"업체상세","shops/other/asan/둔포면/한국미인테라피/index.html","https://1004테라피.shop/shops/other/asan/둔포면/한국미인테라피/","False","True",""
"업체상세","shops/other/asan/둔포면/love테라피/index.html","https://1004테라피.shop/shops/other/asan/둔포면/love테라피/","False","True",""
"업체상세","shops/other/asan/배방읍/한국미인테라피/index.html","https://1004테라피.shop/shops/other/asan/배방읍/한국미인테라피/","False","True",""
"업체상세","shops/other/asan/배방읍/love테라피/index.html","https://1004테라피.shop/shops/other/asan/배방읍/love테라피/","False","True",""
"업체상세","shops/other/asan/선장면/한국미인테라피/index.html","https://1004테라피.shop/shops/other/asan/선장면/한국미인테라피/","False","True",""
"업체상세","shops/other/asan/선장면/love테라피/index.html","https://1004테라피.shop/shops/other/asan/선장면/love테라피/","False","True",""
"업체상세","shops/other/asan/송악면/한국미인테라피/index.html","https://1004테라피.shop/shops/other/asan/송악면/한국미인테라피/","False","True",""
"업체상세","shops/other/asan/송악면/love테라피/index.html","https://1004테라피.shop/shops/other/asan/송악면/love테라피/","False","True",""
"업체상세","shops/other/asan/신창면/한국미인테라피/index.html","https://1004테라피.shop/shops/other/asan/신창면/한국미인테라피/","False","True",""
"업체상세","shops/other/asan/신창면/love테라피/index.html","https://1004테라피.shop/shops/other/asan/신창면/love테라피/","False","True",""
"업체상세","shops/other/asan/염치읍/한국미인테라피/index.html","https://1004테라피.shop/shops/other/asan/염치읍/한국미인테라피/","False","True",""
"업체상세","shops/other/asan/염치읍/love테라피/index.html","https://1004테라피.shop/shops/other/asan/염치읍/love테라피/","False","True",""
"업체상세","shops/other/asan/영인면/한국미인테라피/index.html","https://1004테라피.shop/shops/other/asan/영인면/한국미인테라피/","False","True",""
"업체상세","shops/other/asan/영인면/love테라피/index.html","https://1004테라피.shop/shops/other/asan/영인면/love테라피/","False","True",""
"업체상세","shops/other/asan/온양동/한국미인테라피/index.html","https://1004테라피.shop/shops/other/asan/온양동/한국미인테라피/","False","True",""
"업체상세","shops/other/asan/온양동/love테라피/index.html","https://1004테라피.shop/shops/other/asan/온양동/love테라피/","False","True",""
"업체상세","shops/other/asan/음봉면/한국미인테라피/index.html","https://1004테라피.shop/shops/other/asan/음봉면/한국미인테라피/","False","True",""
"업체상세","shops/other/asan/음봉면/love테라피/index.html","https://1004테라피.shop/shops/other/asan/음봉면/love테라피/","False","True",""
"업체상세","shops/other/asan/인주면/한국미인테라피/index.html","https://1004테라피.shop/shops/other/asan/인주면/한국미인테라피/","False","True",""
"업체상세","shops/other/asan/인주면/love테라피/index.html","https://1004테라피.shop/shops/other/asan/인주면/love테라피/","False","True",""
"업체상세","shops/other/asan/탕정면/한국미인테라피/index.html","https://1004테라피.shop/shops/other/asan/탕정면/한국미인테라피/","False","True",""
"업체상세","shops/other/asan/탕정면/love테라피/index.html","https://1004테라피.shop/shops/other/asan/탕정면/love테라피/","False","True",""
"업체상세","shops/other/cheonan/dongnam-gu/광덕면/한국미인테라피/index.html","https://1004테라피.shop/shops/other/cheonan/dongnam-gu/광덕면/한국미인테라피/","False","True",""
"업체상세","shops/other/cheonan/dongnam-gu/광덕면/love테라피/index.html","https://1004테라피.shop/shops/other/cheonan/dongnam-gu/광덕면/love테라피/","False","True",""
"업체상세","shops/other/cheonan/dongnam-gu/동면/한국미인테라피/index.html","https://1004테라피.shop/shops/other/cheonan/dongnam-gu/동면/한국미인테라피/","False","True",""
"업체상세","shops/other/cheonan/dongnam-gu/동면/love테라피/index.html","https://1004테라피.shop/shops/other/cheonan/dongnam-gu/동면/love테라피/","False","True",""
"업체상세","shops/other/cheonan/dongnam-gu/목천읍/한국미인테라피/index.html","https://1004테라피.shop/shops/other/cheonan/dongnam-gu/목천읍/한국미인테라피/","False","True",""
"업체상세","shops/other/cheonan/dongnam-gu/목천읍/love테라피/index.html","https://1004테라피.shop/shops/other/cheonan/dongnam-gu/목천읍/love테라피/","False","True",""
"업체상세","shops/other/cheonan/dongnam-gu/문성동/한국미인테라피/index.html","https://1004테라피.shop/shops/other/cheonan/dongnam-gu/문성동/한국미인테라피/","False","True",""
"업체상세","shops/other/cheonan/dongnam-gu/문성동/love테라피/index.html","https://1004테라피.shop/shops/other/cheonan/dongnam-gu/문성동/love테라피/","False","True",""
"업체상세","shops/other/cheonan/dongnam-gu/백석동/한국미인테라피/index.html","https://1004테라피.shop/shops/other/cheonan/dongnam-gu/백석동/한국미인테라피/","False","True",""
"업체상세","shops/other/cheonan/dongnam-gu/백석동/love테라피/index.html","https://1004테라피.shop/shops/other/cheonan/dongnam-gu/백석동/love테라피/","False","True",""
"업체상세","shops/other/cheonan/dongnam-gu/병천면/한국미인테라피/index.html","https://1004테라피.shop/shops/other/cheonan/dongnam-gu/병천면/한국미인테라피/","False","True",""
"업체상세","shops/other/cheonan/dongnam-gu/병천면/love테라피/index.html","https://1004테라피.shop/shops/other/cheonan/dongnam-gu/병천면/love테라피/","False","True",""
"업체상세","shops/other/cheonan/dongnam-gu/봉명동/한국미인테라피/index.html","https://1004테라피.shop/shops/other/cheonan/dongnam-gu/봉명동/한국미인테라피/","False","True",""
"업체상세","shops/other/cheonan/dongnam-gu/봉명동/love테라피/index.html","https://1004테라피.shop/shops/other/cheonan/dongnam-gu/봉명동/love테라피/","False","True",""
"업체상세","shops/other/cheonan/dongnam-gu/부성동/한국미인테라피/index.html","https://1004테라피.shop/shops/other/cheonan/dongnam-gu/부성동/한국미인테라피/","False","True",""
"업체상세","shops/other/cheonan/dongnam-gu/부성동/love테라피/index.html","https://1004테라피.shop/shops/other/cheonan/dongnam-gu/부성동/love테라피/","False","True",""
"업체상세","shops/other/cheonan/dongnam-gu/북면/한국미인테라피/index.html","https://1004테라피.shop/shops/other/cheonan/dongnam-gu/북면/한국미인테라피/","False","True",""
"업체상세","shops/other/cheonan/dongnam-gu/북면/love테라피/index.html","https://1004테라피.shop/shops/other/cheonan/dongnam-gu/북면/love테라피/","False","True",""
"업체상세","shops/other/cheonan/dongnam-gu/불당동/한국미인테라피/index.html","https://1004테라피.shop/shops/other/cheonan/dongnam-gu/불당동/한국미인테라피/","False","True",""
"업체상세","shops/other/cheonan/dongnam-gu/불당동/love테라피/index.html","https://1004테라피.shop/shops/other/cheonan/dongnam-gu/불당동/love테라피/","False","True",""
"업체상세","shops/other/cheonan/dongnam-gu/성거읍/한국미인테라피/index.html","https://1004테라피.shop/shops/other/cheonan/dongnam-gu/성거읍/한국미인테라피/","False","True",""
"업체상세","shops/other/cheonan/dongnam-gu/성거읍/love테라피/index.html","https://1004테라피.shop/shops/other/cheonan/dongnam-gu/성거읍/love테라피/","False","True",""
"업체상세","shops/other/cheonan/dongnam-gu/성남면/한국미인테라피/index.html","https://1004테라피.shop/shops/other/cheonan/dongnam-gu/성남면/한국미인테라피/","False","True",""
"업체상세","shops/other/cheonan/dongnam-gu/성남면/love테라피/index.html","https://1004테라피.shop/shops/other/cheonan/dongnam-gu/성남면/love테라피/","False","True",""
"업체상세","shops/other/cheonan/dongnam-gu/성정동/한국미인테라피/index.html","https://1004테라피.shop/shops/other/cheonan/dongnam-gu/성정동/한국미인테라피/","False","True",""
"업체상세","shops/other/cheonan/dongnam-gu/성정동/love테라피/index.html","https://1004테라피.shop/shops/other/cheonan/dongnam-gu/성정동/love테라피/","False","True",""
"업체상세","shops/other/cheonan/dongnam-gu/성환읍/한국미인테라피/index.html","https://1004테라피.shop/shops/other/cheonan/dongnam-gu/성환읍/한국미인테라피/","False","True",""
"업체상세","shops/other/cheonan/dongnam-gu/성환읍/love테라피/index.html","https://1004테라피.shop/shops/other/cheonan/dongnam-gu/성환읍/love테라피/","False","True",""
"업체상세","shops/other/cheonan/dongnam-gu/수신면/한국미인테라피/index.html","https://1004테라피.shop/shops/other/cheonan/dongnam-gu/수신면/한국미인테라피/","False","True",""
"업체상세","shops/other/cheonan/dongnam-gu/수신면/love테라피/index.html","https://1004테라피.shop/shops/other/cheonan/dongnam-gu/수신면/love테라피/","False","True",""
"업체상세","shops/other/cheonan/dongnam-gu/신방동/한국미인테라피/index.html","https://1004테라피.shop/shops/other/cheonan/dongnam-gu/신방동/한국미인테라피/","False","True",""
"업체상세","shops/other/cheonan/dongnam-gu/신방동/love테라피/index.html","https://1004테라피.shop/shops/other/cheonan/dongnam-gu/신방동/love테라피/","False","True",""
"업체상세","shops/other/cheonan/dongnam-gu/신안동/한국미인테라피/index.html","https://1004테라피.shop/shops/other/cheonan/dongnam-gu/신안동/한국미인테라피/","False","True",""
"업체상세","shops/other/cheonan/dongnam-gu/신안동/love테라피/index.html","https://1004테라피.shop/shops/other/cheonan/dongnam-gu/신안동/love테라피/","False","True",""
"업체상세","shops/other/cheonan/dongnam-gu/쌍용동/한국미인테라피/index.html","https://1004테라피.shop/shops/other/cheonan/dongnam-gu/쌍용동/한국미인테라피/","False","True",""
"업체상세","shops/other/cheonan/dongnam-gu/쌍용동/love테라피/index.html","https://1004테라피.shop/shops/other/cheonan/dongnam-gu/쌍용동/love테라피/","False","True",""
"업체상세","shops/other/cheonan/dongnam-gu/원성동/한국미인테라피/index.html","https://1004테라피.shop/shops/other/cheonan/dongnam-gu/원성동/한국미인테라피/","False","True",""
"업체상세","shops/other/cheonan/dongnam-gu/원성동/love테라피/index.html","https://1004테라피.shop/shops/other/cheonan/dongnam-gu/원성동/love테라피/","False","True",""
"업체상세","shops/other/cheonan/dongnam-gu/일봉동/한국미인테라피/index.html","https://1004테라피.shop/shops/other/cheonan/dongnam-gu/일봉동/한국미인테라피/","False","True",""
"업체상세","shops/other/cheonan/dongnam-gu/일봉동/love테라피/index.html","https://1004테라피.shop/shops/other/cheonan/dongnam-gu/일봉동/love테라피/","False","True",""
"업체상세","shops/other/cheonan/dongnam-gu/입장면/한국미인테라피/index.html","https://1004테라피.shop/shops/other/cheonan/dongnam-gu/입장면/한국미인테라피/","False","True",""
"업체상세","shops/other/cheonan/dongnam-gu/입장면/love테라피/index.html","https://1004테라피.shop/shops/other/cheonan/dongnam-gu/입장면/love테라피/","False","True",""
"업체상세","shops/other/cheonan/dongnam-gu/중앙동/한국미인테라피/index.html","https://1004테라피.shop/shops/other/cheonan/dongnam-gu/중앙동/한국미인테라피/","False","True",""
"업체상세","shops/other/cheonan/dongnam-gu/중앙동/love테라피/index.html","https://1004테라피.shop/shops/other/cheonan/dongnam-gu/중앙동/love테라피/","False","True",""
"업체상세","shops/other/cheonan/dongnam-gu/직산읍/한국미인테라피/index.html","https://1004테라피.shop/shops/other/cheonan/dongnam-gu/직산읍/한국미인테라피/","False","True",""
"업체상세","shops/other/cheonan/dongnam-gu/직산읍/love테라피/index.html","https://1004테라피.shop/shops/other/cheonan/dongnam-gu/직산읍/love테라피/","False","True",""
"업체상세","shops/other/cheonan/dongnam-gu/청룡동/한국미인테라피/index.html","https://1004테라피.shop/shops/other/cheonan/dongnam-gu/청룡동/한국미인테라피/","False","True",""
"업체상세","shops/other/cheonan/dongnam-gu/청룡동/love테라피/index.html","https://1004테라피.shop/shops/other/cheonan/dongnam-gu/청룡동/love테라피/","False","True",""
"업체상세","shops/other/cheonan/dongnam-gu/풍세면/한국미인테라피/index.html","https://1004테라피.shop/shops/other/cheonan/dongnam-gu/풍세면/한국미인테라피/","False","True",""
"업체상세","shops/other/cheonan/dongnam-gu/풍세면/love테라피/index.html","https://1004테라피.shop/shops/other/cheonan/dongnam-gu/풍세면/love테라피/","False","True",""
"업체상세","shops/other/daejeon/daedeok-gu/대화동/S썸바디테라피/index.html","https://1004테라피.shop/shops/other/daejeon/daedeok-gu/대화동/S썸바디테라피/","False","True",""
"업체상세","shops/other/daejeon/daedeok-gu/대화동/24시미녀테라피/index.html","https://1004테라피.shop/shops/other/daejeon/daedeok-gu/대화동/24시미녀테라피/","False","True",""
"업체상세","shops/other/daejeon/daedeok-gu/덕암동/S썸바디테라피/index.html","https://1004테라피.shop/shops/other/daejeon/daedeok-gu/덕암동/S썸바디테라피/","False","True",""
"업체상세","shops/other/daejeon/daedeok-gu/덕암동/24시미녀테라피/index.html","https://1004테라피.shop/shops/other/daejeon/daedeok-gu/덕암동/24시미녀테라피/","False","True",""
"업체상세","shops/other/daejeon/daedeok-gu/목상동/S썸바디테라피/index.html","https://1004테라피.shop/shops/other/daejeon/daedeok-gu/목상동/S썸바디테라피/","False","True",""
"업체상세","shops/other/daejeon/daedeok-gu/목상동/24시미녀테라피/index.html","https://1004테라피.shop/shops/other/daejeon/daedeok-gu/목상동/24시미녀테라피/","False","True",""
"업체상세","shops/other/daejeon/daedeok-gu/법동/S썸바디테라피/index.html","https://1004테라피.shop/shops/other/daejeon/daedeok-gu/법동/S썸바디테라피/","False","True",""
"업체상세","shops/other/daejeon/daedeok-gu/법동/24시미녀테라피/index.html","https://1004테라피.shop/shops/other/daejeon/daedeok-gu/법동/24시미녀테라피/","False","True",""
"업체상세","shops/other/daejeon/daedeok-gu/비래동/S썸바디테라피/index.html","https://1004테라피.shop/shops/other/daejeon/daedeok-gu/비래동/S썸바디테라피/","False","True",""
"업체상세","shops/other/daejeon/daedeok-gu/비래동/24시미녀테라피/index.html","https://1004테라피.shop/shops/other/daejeon/daedeok-gu/비래동/24시미녀테라피/","False","True",""
"업체상세","shops/other/daejeon/daedeok-gu/석봉동/S썸바디테라피/index.html","https://1004테라피.shop/shops/other/daejeon/daedeok-gu/석봉동/S썸바디테라피/","False","True",""
"업체상세","shops/other/daejeon/daedeok-gu/석봉동/24시미녀테라피/index.html","https://1004테라피.shop/shops/other/daejeon/daedeok-gu/석봉동/24시미녀테라피/","False","True",""
"업체상세","shops/other/daejeon/daedeok-gu/송촌동/S썸바디테라피/index.html","https://1004테라피.shop/shops/other/daejeon/daedeok-gu/송촌동/S썸바디테라피/","False","True",""
"업체상세","shops/other/daejeon/daedeok-gu/송촌동/24시미녀테라피/index.html","https://1004테라피.shop/shops/other/daejeon/daedeok-gu/송촌동/24시미녀테라피/","False","True",""
"업체상세","shops/other/daejeon/daedeok-gu/신탄진동/S썸바디테라피/index.html","https://1004테라피.shop/shops/other/daejeon/daedeok-gu/신탄진동/S썸바디테라피/","False","True",""
"업체상세","shops/other/daejeon/daedeok-gu/신탄진동/24시미녀테라피/index.html","https://1004테라피.shop/shops/other/daejeon/daedeok-gu/신탄진동/24시미녀테라피/","False","True",""
"업체상세","shops/other/daejeon/daedeok-gu/오정동/S썸바디테라피/index.html","https://1004테라피.shop/shops/other/daejeon/daedeok-gu/오정동/S썸바디테라피/","False","True",""
"업체상세","shops/other/daejeon/daedeok-gu/오정동/24시미녀테라피/index.html","https://1004테라피.shop/shops/other/daejeon/daedeok-gu/오정동/24시미녀테라피/","False","True",""
"업체상세","shops/other/daejeon/daedeok-gu/중리동/S썸바디테라피/index.html","https://1004테라피.shop/shops/other/daejeon/daedeok-gu/중리동/S썸바디테라피/","False","True",""
"업체상세","shops/other/daejeon/daedeok-gu/중리동/24시미녀테라피/index.html","https://1004테라피.shop/shops/other/daejeon/daedeok-gu/중리동/24시미녀테라피/","False","True",""
"업체상세","shops/other/daejeon/daedeok-gu/회덕동/S썸바디테라피/index.html","https://1004테라피.shop/shops/other/daejeon/daedeok-gu/회덕동/S썸바디테라피/","False","True",""
"업체상세","shops/other/daejeon/daedeok-gu/회덕동/24시미녀테라피/index.html","https://1004테라피.shop/shops/other/daejeon/daedeok-gu/회덕동/24시미녀테라피/","False","True",""
"업체상세","shops/other/daejeon/dong-gu/가양동/S썸바디테라피/index.html","https://1004테라피.shop/shops/other/daejeon/dong-gu/가양동/S썸바디테라피/","False","True",""
"업체상세","shops/other/daejeon/dong-gu/가양동/24시미녀테라피/index.html","https://1004테라피.shop/shops/other/daejeon/dong-gu/가양동/24시미녀테라피/","False","True",""
"업체상세","shops/other/daejeon/dong-gu/대동/S썸바디테라피/index.html","https://1004테라피.shop/shops/other/daejeon/dong-gu/대동/S썸바디테라피/","False","True",""
"업체상세","shops/other/daejeon/dong-gu/대동/24시미녀테라피/index.html","https://1004테라피.shop/shops/other/daejeon/dong-gu/대동/24시미녀테라피/","False","True",""
"업체상세","shops/other/daejeon/dong-gu/대청동/S썸바디테라피/index.html","https://1004테라피.shop/shops/other/daejeon/dong-gu/대청동/S썸바디테라피/","False","True",""
"업체상세","shops/other/daejeon/dong-gu/대청동/24시미녀테라피/index.html","https://1004테라피.shop/shops/other/daejeon/dong-gu/대청동/24시미녀테라피/","False","True",""
"업체상세","shops/other/daejeon/dong-gu/산내동/S썸바디테라피/index.html","https://1004테라피.shop/shops/other/daejeon/dong-gu/산내동/S썸바디테라피/","False","True",""
"업체상세","shops/other/daejeon/dong-gu/산내동/24시미녀테라피/index.html","https://1004테라피.shop/shops/other/daejeon/dong-gu/산내동/24시미녀테라피/","False","True",""
"업체상세","shops/other/daejeon/dong-gu/삼성동/S썸바디테라피/index.html","https://1004테라피.shop/shops/other/daejeon/dong-gu/삼성동/S썸바디테라피/","False","True",""
"업체상세","shops/other/daejeon/dong-gu/삼성동/24시미녀테라피/index.html","https://1004테라피.shop/shops/other/daejeon/dong-gu/삼성동/24시미녀테라피/","False","True",""
"업체상세","shops/other/daejeon/dong-gu/성남동/S썸바디테라피/index.html","https://1004테라피.shop/shops/other/daejeon/dong-gu/성남동/S썸바디테라피/","False","True",""
"업체상세","shops/other/daejeon/dong-gu/성남동/24시미녀테라피/index.html","https://1004테라피.shop/shops/other/daejeon/dong-gu/성남동/24시미녀테라피/","False","True",""
"업체상세","shops/other/daejeon/dong-gu/신인동/S썸바디테라피/index.html","https://1004테라피.shop/shops/other/daejeon/dong-gu/신인동/S썸바디테라피/","False","True",""
"업체상세","shops/other/daejeon/dong-gu/신인동/24시미녀테라피/index.html","https://1004테라피.shop/shops/other/daejeon/dong-gu/신인동/24시미녀테라피/","False","True",""
"업체상세","shops/other/daejeon/dong-gu/용운동/S썸바디테라피/index.html","https://1004테라피.shop/shops/other/daejeon/dong-gu/용운동/S썸바디테라피/","False","True",""
"업체상세","shops/other/daejeon/dong-gu/용운동/24시미녀테라피/index.html","https://1004테라피.shop/shops/other/daejeon/dong-gu/용운동/24시미녀테라피/","False","True",""
"업체상세","shops/other/daejeon/dong-gu/용전동/S썸바디테라피/index.html","https://1004테라피.shop/shops/other/daejeon/dong-gu/용전동/S썸바디테라피/","False","True",""
"업체상세","shops/other/daejeon/dong-gu/용전동/24시미녀테라피/index.html","https://1004테라피.shop/shops/other/daejeon/dong-gu/용전동/24시미녀테라피/","False","True",""
"업체상세","shops/other/daejeon/dong-gu/자양동/S썸바디테라피/index.html","https://1004테라피.shop/shops/other/daejeon/dong-gu/자양동/S썸바디테라피/","False","True",""
"업체상세","shops/other/daejeon/dong-gu/자양동/24시미녀테라피/index.html","https://1004테라피.shop/shops/other/daejeon/dong-gu/자양동/24시미녀테라피/","False","True",""
"업체상세","shops/other/daejeon/dong-gu/중앙동/S썸바디테라피/index.html","https://1004테라피.shop/shops/other/daejeon/dong-gu/중앙동/S썸바디테라피/","False","True",""
"업체상세","shops/other/daejeon/dong-gu/중앙동/24시미녀테라피/index.html","https://1004테라피.shop/shops/other/daejeon/dong-gu/중앙동/24시미녀테라피/","False","True",""
"업체상세","shops/other/daejeon/dong-gu/판암동/S썸바디테라피/index.html","https://1004테라피.shop/shops/other/daejeon/dong-gu/판암동/S썸바디테라피/","False","True",""
"업체상세","shops/other/daejeon/dong-gu/판암동/24시미녀테라피/index.html","https://1004테라피.shop/shops/other/daejeon/dong-gu/판암동/24시미녀테라피/","False","True",""
"업체상세","shops/other/daejeon/dong-gu/홍도동/S썸바디테라피/index.html","https://1004테라피.shop/shops/other/daejeon/dong-gu/홍도동/S썸바디테라피/","False","True",""
"업체상세","shops/other/daejeon/dong-gu/홍도동/24시미녀테라피/index.html","https://1004테라피.shop/shops/other/daejeon/dong-gu/홍도동/24시미녀테라피/","False","True",""
"업체상세","shops/other/daejeon/dong-gu/효동/S썸바디테라피/index.html","https://1004테라피.shop/shops/other/daejeon/dong-gu/효동/S썸바디테라피/","False","True",""
"업체상세","shops/other/daejeon/dong-gu/효동/24시미녀테라피/index.html","https://1004테라피.shop/shops/other/daejeon/dong-gu/효동/24시미녀테라피/","False","True",""
"업체상세","shops/other/daejeon/seo-gu/가수원동/S썸바디테라피/index.html","https://1004테라피.shop/shops/other/daejeon/seo-gu/가수원동/S썸바디테라피/","False","True",""
"업체상세","shops/other/daejeon/seo-gu/가수원동/24시미녀테라피/index.html","https://1004테라피.shop/shops/other/daejeon/seo-gu/가수원동/24시미녀테라피/","False","True",""
"업체상세","shops/other/daejeon/seo-gu/가장동/S썸바디테라피/index.html","https://1004테라피.shop/shops/other/daejeon/seo-gu/가장동/S썸바디테라피/","False","True",""
"업체상세","shops/other/daejeon/seo-gu/가장동/24시미녀테라피/index.html","https://1004테라피.shop/shops/other/daejeon/seo-gu/가장동/24시미녀테라피/","False","True",""
"업체상세","shops/other/daejeon/seo-gu/갈마동/S썸바디테라피/index.html","https://1004테라피.shop/shops/other/daejeon/seo-gu/갈마동/S썸바디테라피/","False","True",""
"업체상세","shops/other/daejeon/seo-gu/갈마동/24시미녀테라피/index.html","https://1004테라피.shop/shops/other/daejeon/seo-gu/갈마동/24시미녀테라피/","False","True",""
"업체상세","shops/other/daejeon/seo-gu/관저동/S썸바디테라피/index.html","https://1004테라피.shop/shops/other/daejeon/seo-gu/관저동/S썸바디테라피/","False","True",""
"업체상세","shops/other/daejeon/seo-gu/관저동/24시미녀테라피/index.html","https://1004테라피.shop/shops/other/daejeon/seo-gu/관저동/24시미녀테라피/","False","True",""
"업체상세","shops/other/daejeon/seo-gu/괴정동/S썸바디테라피/index.html","https://1004테라피.shop/shops/other/daejeon/seo-gu/괴정동/S썸바디테라피/","False","True",""
"업체상세","shops/other/daejeon/seo-gu/괴정동/24시미녀테라피/index.html","https://1004테라피.shop/shops/other/daejeon/seo-gu/괴정동/24시미녀테라피/","False","True",""
"업체상세","shops/other/daejeon/seo-gu/기성동/S썸바디테라피/index.html","https://1004테라피.shop/shops/other/daejeon/seo-gu/기성동/S썸바디테라피/","False","True",""
"업체상세","shops/other/daejeon/seo-gu/기성동/24시미녀테라피/index.html","https://1004테라피.shop/shops/other/daejeon/seo-gu/기성동/24시미녀테라피/","False","True",""
"업체상세","shops/other/daejeon/seo-gu/내동/S썸바디테라피/index.html","https://1004테라피.shop/shops/other/daejeon/seo-gu/내동/S썸바디테라피/","False","True",""
"업체상세","shops/other/daejeon/seo-gu/내동/24시미녀테라피/index.html","https://1004테라피.shop/shops/other/daejeon/seo-gu/내동/24시미녀테라피/","False","True",""
"업체상세","shops/other/daejeon/seo-gu/도마동/S썸바디테라피/index.html","https://1004테라피.shop/shops/other/daejeon/seo-gu/도마동/S썸바디테라피/","False","True",""
"업체상세","shops/other/daejeon/seo-gu/도마동/24시미녀테라피/index.html","https://1004테라피.shop/shops/other/daejeon/seo-gu/도마동/24시미녀테라피/","False","True",""
"업체상세","shops/other/daejeon/seo-gu/도안동/S썸바디테라피/index.html","https://1004테라피.shop/shops/other/daejeon/seo-gu/도안동/S썸바디테라피/","False","True",""
"업체상세","shops/other/daejeon/seo-gu/도안동/24시미녀테라피/index.html","https://1004테라피.shop/shops/other/daejeon/seo-gu/도안동/24시미녀테라피/","False","True",""
"업체상세","shops/other/daejeon/seo-gu/둔산동/S썸바디테라피/index.html","https://1004테라피.shop/shops/other/daejeon/seo-gu/둔산동/S썸바디테라피/","False","True",""
"업체상세","shops/other/daejeon/seo-gu/둔산동/24시미녀테라피/index.html","https://1004테라피.shop/shops/other/daejeon/seo-gu/둔산동/24시미녀테라피/","False","True",""
"업체상세","shops/other/daejeon/seo-gu/만년동/S썸바디테라피/index.html","https://1004테라피.shop/shops/other/daejeon/seo-gu/만년동/S썸바디테라피/","False","True",""
"업체상세","shops/other/daejeon/seo-gu/만년동/24시미녀테라피/index.html","https://1004테라피.shop/shops/other/daejeon/seo-gu/만년동/24시미녀테라피/","False","True",""
"업체상세","shops/other/daejeon/seo-gu/변동/S썸바디테라피/index.html","https://1004테라피.shop/shops/other/daejeon/seo-gu/변동/S썸바디테라피/","False","True",""
"업체상세","shops/other/daejeon/seo-gu/변동/24시미녀테라피/index.html","https://1004테라피.shop/shops/other/daejeon/seo-gu/변동/24시미녀테라피/","False","True",""
"업체상세","shops/other/daejeon/seo-gu/복수동/S썸바디테라피/index.html","https://1004테라피.shop/shops/other/daejeon/seo-gu/복수동/S썸바디테라피/","False","True",""
"업체상세","shops/other/daejeon/seo-gu/복수동/24시미녀테라피/index.html","https://1004테라피.shop/shops/other/daejeon/seo-gu/복수동/24시미녀테라피/","False","True",""
"업체상세","shops/other/daejeon/seo-gu/용문동/S썸바디테라피/index.html","https://1004테라피.shop/shops/other/daejeon/seo-gu/용문동/S썸바디테라피/","False","True",""
"업체상세","shops/other/daejeon/seo-gu/용문동/24시미녀테라피/index.html","https://1004테라피.shop/shops/other/daejeon/seo-gu/용문동/24시미녀테라피/","False","True",""
"업체상세","shops/other/daejeon/seo-gu/월평동/S썸바디테라피/index.html","https://1004테라피.shop/shops/other/daejeon/seo-gu/월평동/S썸바디테라피/","False","True",""
"업체상세","shops/other/daejeon/seo-gu/월평동/24시미녀테라피/index.html","https://1004테라피.shop/shops/other/daejeon/seo-gu/월평동/24시미녀테라피/","False","True",""
"업체상세","shops/other/daejeon/seo-gu/정림동/S썸바디테라피/index.html","https://1004테라피.shop/shops/other/daejeon/seo-gu/정림동/S썸바디테라피/","False","True",""
"업체상세","shops/other/daejeon/seo-gu/정림동/24시미녀테라피/index.html","https://1004테라피.shop/shops/other/daejeon/seo-gu/정림동/24시미녀테라피/","False","True",""
"업체상세","shops/other/daejeon/seo-gu/탄방동/S썸바디테라피/index.html","https://1004테라피.shop/shops/other/daejeon/seo-gu/탄방동/S썸바디테라피/","False","True",""
"업체상세","shops/other/daejeon/seo-gu/탄방동/24시미녀테라피/index.html","https://1004테라피.shop/shops/other/daejeon/seo-gu/탄방동/24시미녀테라피/","False","True",""
"업체상세","shops/other/daejeon/yuseong-gu/관평동/S썸바디테라피/index.html","https://1004테라피.shop/shops/other/daejeon/yuseong-gu/관평동/S썸바디테라피/","False","True",""
"업체상세","shops/other/daejeon/yuseong-gu/관평동/24시미녀테라피/index.html","https://1004테라피.shop/shops/other/daejeon/yuseong-gu/관평동/24시미녀테라피/","False","True",""
"업체상세","shops/other/daejeon/yuseong-gu/구즉동/S썸바디테라피/index.html","https://1004테라피.shop/shops/other/daejeon/yuseong-gu/구즉동/S썸바디테라피/","False","True",""
"업체상세","shops/other/daejeon/yuseong-gu/구즉동/24시미녀테라피/index.html","https://1004테라피.shop/shops/other/daejeon/yuseong-gu/구즉동/24시미녀테라피/","False","True",""
"업체상세","shops/other/daejeon/yuseong-gu/노은동/S썸바디테라피/index.html","https://1004테라피.shop/shops/other/daejeon/yuseong-gu/노은동/S썸바디테라피/","False","True",""
"업체상세","shops/other/daejeon/yuseong-gu/노은동/24시미녀테라피/index.html","https://1004테라피.shop/shops/other/daejeon/yuseong-gu/노은동/24시미녀테라피/","False","True",""
"업체상세","shops/other/daejeon/yuseong-gu/상대동/S썸바디테라피/index.html","https://1004테라피.shop/shops/other/daejeon/yuseong-gu/상대동/S썸바디테라피/","False","True",""
"업체상세","shops/other/daejeon/yuseong-gu/상대동/24시미녀테라피/index.html","https://1004테라피.shop/shops/other/daejeon/yuseong-gu/상대동/24시미녀테라피/","False","True",""
"업체상세","shops/other/daejeon/yuseong-gu/신성동/S썸바디테라피/index.html","https://1004테라피.shop/shops/other/daejeon/yuseong-gu/신성동/S썸바디테라피/","False","True",""
"업체상세","shops/other/daejeon/yuseong-gu/신성동/24시미녀테라피/index.html","https://1004테라피.shop/shops/other/daejeon/yuseong-gu/신성동/24시미녀테라피/","False","True",""
"업체상세","shops/other/daejeon/yuseong-gu/온천동/S썸바디테라피/index.html","https://1004테라피.shop/shops/other/daejeon/yuseong-gu/온천동/S썸바디테라피/","False","True",""
"업체상세","shops/other/daejeon/yuseong-gu/온천동/24시미녀테라피/index.html","https://1004테라피.shop/shops/other/daejeon/yuseong-gu/온천동/24시미녀테라피/","False","True",""
"업체상세","shops/other/daejeon/yuseong-gu/원신흥동/S썸바디테라피/index.html","https://1004테라피.shop/shops/other/daejeon/yuseong-gu/원신흥동/S썸바디테라피/","False","True",""
"업체상세","shops/other/daejeon/yuseong-gu/원신흥동/24시미녀테라피/index.html","https://1004테라피.shop/shops/other/daejeon/yuseong-gu/원신흥동/24시미녀테라피/","False","True",""
"업체상세","shops/other/daejeon/yuseong-gu/전민동/S썸바디테라피/index.html","https://1004테라피.shop/shops/other/daejeon/yuseong-gu/전민동/S썸바디테라피/","False","True",""
"업체상세","shops/other/daejeon/yuseong-gu/전민동/24시미녀테라피/index.html","https://1004테라피.shop/shops/other/daejeon/yuseong-gu/전민동/24시미녀테라피/","False","True",""
"업체상세","shops/other/daejeon/yuseong-gu/진잠동/S썸바디테라피/index.html","https://1004테라피.shop/shops/other/daejeon/yuseong-gu/진잠동/S썸바디테라피/","False","True",""
"업체상세","shops/other/daejeon/yuseong-gu/진잠동/24시미녀테라피/index.html","https://1004테라피.shop/shops/other/daejeon/yuseong-gu/진잠동/24시미녀테라피/","False","True",""
"업체상세","shops/other/daejeon/yuseong-gu/학하동/S썸바디테라피/index.html","https://1004테라피.shop/shops/other/daejeon/yuseong-gu/학하동/S썸바디테라피/","False","True",""
"업체상세","shops/other/daejeon/yuseong-gu/학하동/24시미녀테라피/index.html","https://1004테라피.shop/shops/other/daejeon/yuseong-gu/학하동/24시미녀테라피/","False","True",""
"업체상세","shops/other/daejeon/jung-gu/대사동/S썸바디테라피/index.html","https://1004테라피.shop/shops/other/daejeon/jung-gu/대사동/S썸바디테라피/","False","True",""
"업체상세","shops/other/daejeon/jung-gu/대사동/24시미녀테라피/index.html","https://1004테라피.shop/shops/other/daejeon/jung-gu/대사동/24시미녀테라피/","False","True",""
"업체상세","shops/other/daejeon/jung-gu/대흥동/S썸바디테라피/index.html","https://1004테라피.shop/shops/other/daejeon/jung-gu/대흥동/S썸바디테라피/","False","True",""
"업체상세","shops/other/daejeon/jung-gu/대흥동/24시미녀테라피/index.html","https://1004테라피.shop/shops/other/daejeon/jung-gu/대흥동/24시미녀테라피/","False","True",""
"업체상세","shops/other/daejeon/jung-gu/목동/S썸바디테라피/index.html","https://1004테라피.shop/shops/other/daejeon/jung-gu/목동/S썸바디테라피/","False","True",""
"업체상세","shops/other/daejeon/jung-gu/목동/24시미녀테라피/index.html","https://1004테라피.shop/shops/other/daejeon/jung-gu/목동/24시미녀테라피/","False","True",""
"업체상세","shops/other/daejeon/jung-gu/문창동/S썸바디테라피/index.html","https://1004테라피.shop/shops/other/daejeon/jung-gu/문창동/S썸바디테라피/","False","True",""
"업체상세","shops/other/daejeon/jung-gu/문창동/24시미녀테라피/index.html","https://1004테라피.shop/shops/other/daejeon/jung-gu/문창동/24시미녀테라피/","False","True",""
"업체상세","shops/other/daejeon/jung-gu/문화동/S썸바디테라피/index.html","https://1004테라피.shop/shops/other/daejeon/jung-gu/문화동/S썸바디테라피/","False","True",""
"업체상세","shops/other/daejeon/jung-gu/문화동/24시미녀테라피/index.html","https://1004테라피.shop/shops/other/daejeon/jung-gu/문화동/24시미녀테라피/","False","True",""
"업체상세","shops/other/daejeon/jung-gu/부사동/S썸바디테라피/index.html","https://1004테라피.shop/shops/other/daejeon/jung-gu/부사동/S썸바디테라피/","False","True",""
"업체상세","shops/other/daejeon/jung-gu/부사동/24시미녀테라피/index.html","https://1004테라피.shop/shops/other/daejeon/jung-gu/부사동/24시미녀테라피/","False","True",""
"업체상세","shops/other/daejeon/jung-gu/산성동/S썸바디테라피/index.html","https://1004테라피.shop/shops/other/daejeon/jung-gu/산성동/S썸바디테라피/","False","True",""
"업체상세","shops/other/daejeon/jung-gu/산성동/24시미녀테라피/index.html","https://1004테라피.shop/shops/other/daejeon/jung-gu/산성동/24시미녀테라피/","False","True",""
"업체상세","shops/other/daejeon/jung-gu/석교동/S썸바디테라피/index.html","https://1004테라피.shop/shops/other/daejeon/jung-gu/석교동/S썸바디테라피/","False","True",""
"업체상세","shops/other/daejeon/jung-gu/석교동/24시미녀테라피/index.html","https://1004테라피.shop/shops/other/daejeon/jung-gu/석교동/24시미녀테라피/","False","True",""
"업체상세","shops/other/daejeon/jung-gu/오류동/S썸바디테라피/index.html","https://1004테라피.shop/shops/other/daejeon/jung-gu/오류동/S썸바디테라피/","False","True",""
"업체상세","shops/other/daejeon/jung-gu/오류동/24시미녀테라피/index.html","https://1004테라피.shop/shops/other/daejeon/jung-gu/오류동/24시미녀테라피/","False","True",""
"업체상세","shops/other/daejeon/jung-gu/용두동/S썸바디테라피/index.html","https://1004테라피.shop/shops/other/daejeon/jung-gu/용두동/S썸바디테라피/","False","True",""
"업체상세","shops/other/daejeon/jung-gu/용두동/24시미녀테라피/index.html","https://1004테라피.shop/shops/other/daejeon/jung-gu/용두동/24시미녀테라피/","False","True",""
"업체상세","shops/other/daejeon/jung-gu/유천동/S썸바디테라피/index.html","https://1004테라피.shop/shops/other/daejeon/jung-gu/유천동/S썸바디테라피/","False","True",""
"업체상세","shops/other/daejeon/jung-gu/유천동/24시미녀테라피/index.html","https://1004테라피.shop/shops/other/daejeon/jung-gu/유천동/24시미녀테라피/","False","True",""
"업체상세","shops/other/daejeon/jung-gu/은행선화동/S썸바디테라피/index.html","https://1004테라피.shop/shops/other/daejeon/jung-gu/은행선화동/S썸바디테라피/","False","True",""
"업체상세","shops/other/daejeon/jung-gu/은행선화동/24시미녀테라피/index.html","https://1004테라피.shop/shops/other/daejeon/jung-gu/은행선화동/24시미녀테라피/","False","True",""
"업체상세","shops/other/daejeon/jung-gu/중촌동/S썸바디테라피/index.html","https://1004테라피.shop/shops/other/daejeon/jung-gu/중촌동/S썸바디테라피/","False","True",""
"업체상세","shops/other/daejeon/jung-gu/중촌동/24시미녀테라피/index.html","https://1004테라피.shop/shops/other/daejeon/jung-gu/중촌동/24시미녀테라피/","False","True",""
"업체상세","shops/other/daejeon/jung-gu/태평동/S썸바디테라피/index.html","https://1004테라피.shop/shops/other/daejeon/jung-gu/태평동/S썸바디테라피/","False","True",""
"업체상세","shops/other/daejeon/jung-gu/태평동/24시미녀테라피/index.html","https://1004테라피.shop/shops/other/daejeon/jung-gu/태평동/24시미녀테라피/","False","True",""
"업체상세","shops/other/gyeryong/금암동/S썸바디테라피/index.html","https://1004테라피.shop/shops/other/gyeryong/금암동/S썸바디테라피/","False","True",""
"업체상세","shops/other/gyeryong/두마면/S썸바디테라피/index.html","https://1004테라피.shop/shops/other/gyeryong/두마면/S썸바디테라피/","False","True",""
"업체상세","shops/other/gyeryong/신도안면/S썸바디테라피/index.html","https://1004테라피.shop/shops/other/gyeryong/신도안면/S썸바디테라피/","False","True",""
"업체상세","shops/other/gyeryong/엄사면/S썸바디테라피/index.html","https://1004테라피.shop/shops/other/gyeryong/엄사면/S썸바디테라피/","False","True",""
"업체상세","shops/other/gongju/계룡면/S썸바디테라피/index.html","https://1004테라피.shop/shops/other/gongju/계룡면/S썸바디테라피/","False","True",""
"업체상세","shops/other/gongju/금학동/S썸바디테라피/index.html","https://1004테라피.shop/shops/other/gongju/금학동/S썸바디테라피/","False","True",""
"업체상세","shops/other/gongju/반포면/S썸바디테라피/index.html","https://1004테라피.shop/shops/other/gongju/반포면/S썸바디테라피/","False","True",""
"업체상세","shops/other/gongju/사곡면/S썸바디테라피/index.html","https://1004테라피.shop/shops/other/gongju/사곡면/S썸바디테라피/","False","True",""
"업체상세","shops/other/gongju/신관동/S썸바디테라피/index.html","https://1004테라피.shop/shops/other/gongju/신관동/S썸바디테라피/","False","True",""
"업체상세","shops/other/gongju/신풍면/S썸바디테라피/index.html","https://1004테라피.shop/shops/other/gongju/신풍면/S썸바디테라피/","False","True",""
"업체상세","shops/other/gongju/옥룡동/S썸바디테라피/index.html","https://1004테라피.shop/shops/other/gongju/옥룡동/S썸바디테라피/","False","True",""
"업체상세","shops/other/gongju/우성면/S썸바디테라피/index.html","https://1004테라피.shop/shops/other/gongju/우성면/S썸바디테라피/","False","True",""
"업체상세","shops/other/gongju/웅진동/S썸바디테라피/index.html","https://1004테라피.shop/shops/other/gongju/웅진동/S썸바디테라피/","False","True",""
"업체상세","shops/other/gongju/월송동/S썸바디테라피/index.html","https://1004테라피.shop/shops/other/gongju/월송동/S썸바디테라피/","False","True",""
"업체상세","shops/other/gongju/유구읍/S썸바디테라피/index.html","https://1004테라피.shop/shops/other/gongju/유구읍/S썸바디테라피/","False","True",""
"업체상세","shops/other/gongju/의당면/S썸바디테라피/index.html","https://1004테라피.shop/shops/other/gongju/의당면/S썸바디테라피/","False","True",""
"업체상세","shops/other/gongju/이인면/S썸바디테라피/index.html","https://1004테라피.shop/shops/other/gongju/이인면/S썸바디테라피/","False","True",""
"업체상세","shops/other/gongju/정안면/S썸바디테라피/index.html","https://1004테라피.shop/shops/other/gongju/정안면/S썸바디테라피/","False","True",""
"업체상세","shops/other/gongju/중학동/S썸바디테라피/index.html","https://1004테라피.shop/shops/other/gongju/중학동/S썸바디테라피/","False","True",""
"업체상세","shops/other/gongju/탄천면/S썸바디테라피/index.html","https://1004테라피.shop/shops/other/gongju/탄천면/S썸바디테라피/","False","True",""
"업체상세","shops/other/cheongju/sangdang-gu/가덕면/S썸바디테라피/index.html","https://1004테라피.shop/shops/other/cheongju/sangdang-gu/가덕면/S썸바디테라피/","False","True",""
"업체상세","shops/other/cheongju/sangdang-gu/가덕면/레드테라피/index.html","https://1004테라피.shop/shops/other/cheongju/sangdang-gu/가덕면/레드테라피/","False","True",""
"업체상세","shops/other/cheongju/sangdang-gu/금천동/S썸바디테라피/index.html","https://1004테라피.shop/shops/other/cheongju/sangdang-gu/금천동/S썸바디테라피/","False","True",""
"업체상세","shops/other/cheongju/sangdang-gu/금천동/레드테라피/index.html","https://1004테라피.shop/shops/other/cheongju/sangdang-gu/금천동/레드테라피/","False","True",""
"업체상세","shops/other/cheongju/sangdang-gu/남일면/S썸바디테라피/index.html","https://1004테라피.shop/shops/other/cheongju/sangdang-gu/남일면/S썸바디테라피/","False","True",""
"업체상세","shops/other/cheongju/sangdang-gu/남일면/레드테라피/index.html","https://1004테라피.shop/shops/other/cheongju/sangdang-gu/남일면/레드테라피/","False","True",""
"업체상세","shops/other/cheongju/sangdang-gu/낭성면/S썸바디테라피/index.html","https://1004테라피.shop/shops/other/cheongju/sangdang-gu/낭성면/S썸바디테라피/","False","True",""
"업체상세","shops/other/cheongju/sangdang-gu/낭성면/레드테라피/index.html","https://1004테라피.shop/shops/other/cheongju/sangdang-gu/낭성면/레드테라피/","False","True",""
"업체상세","shops/other/cheongju/sangdang-gu/문의면/S썸바디테라피/index.html","https://1004테라피.shop/shops/other/cheongju/sangdang-gu/문의면/S썸바디테라피/","False","True",""
"업체상세","shops/other/cheongju/sangdang-gu/문의면/레드테라피/index.html","https://1004테라피.shop/shops/other/cheongju/sangdang-gu/문의면/레드테라피/","False","True",""
"업체상세","shops/other/cheongju/sangdang-gu/미원면/S썸바디테라피/index.html","https://1004테라피.shop/shops/other/cheongju/sangdang-gu/미원면/S썸바디테라피/","False","True",""
"업체상세","shops/other/cheongju/sangdang-gu/미원면/레드테라피/index.html","https://1004테라피.shop/shops/other/cheongju/sangdang-gu/미원면/레드테라피/","False","True",""
"업체상세","shops/other/cheongju/sangdang-gu/성안동/S썸바디테라피/index.html","https://1004테라피.shop/shops/other/cheongju/sangdang-gu/성안동/S썸바디테라피/","False","True",""
"업체상세","shops/other/cheongju/sangdang-gu/성안동/레드테라피/index.html","https://1004테라피.shop/shops/other/cheongju/sangdang-gu/성안동/레드테라피/","False","True",""
"업체상세","shops/other/cheongju/sangdang-gu/영운동/S썸바디테라피/index.html","https://1004테라피.shop/shops/other/cheongju/sangdang-gu/영운동/S썸바디테라피/","False","True",""
"업체상세","shops/other/cheongju/sangdang-gu/영운동/레드테라피/index.html","https://1004테라피.shop/shops/other/cheongju/sangdang-gu/영운동/레드테라피/","False","True",""
"업체상세","shops/other/cheongju/sangdang-gu/용담.명암.산성동/S썸바디테라피/index.html","https://1004테라피.shop/shops/other/cheongju/sangdang-gu/용담.명암.산성동/S썸바디테라피/","False","True",""
"업체상세","shops/other/cheongju/sangdang-gu/용담.명암.산성동/레드테라피/index.html","https://1004테라피.shop/shops/other/cheongju/sangdang-gu/용담.명암.산성동/레드테라피/","False","True",""
"업체상세","shops/other/cheongju/sangdang-gu/용암동/S썸바디테라피/index.html","https://1004테라피.shop/shops/other/cheongju/sangdang-gu/용암동/S썸바디테라피/","False","True",""
"업체상세","shops/other/cheongju/sangdang-gu/용암동/레드테라피/index.html","https://1004테라피.shop/shops/other/cheongju/sangdang-gu/용암동/레드테라피/","False","True",""
"업체상세","shops/other/cheongju/sangdang-gu/중앙동/S썸바디테라피/index.html","https://1004테라피.shop/shops/other/cheongju/sangdang-gu/중앙동/S썸바디테라피/","False","True",""
"업체상세","shops/other/cheongju/sangdang-gu/중앙동/레드테라피/index.html","https://1004테라피.shop/shops/other/cheongju/sangdang-gu/중앙동/레드테라피/","False","True",""
"업체상세","shops/other/cheongju/sangdang-gu/탑대성동/S썸바디테라피/index.html","https://1004테라피.shop/shops/other/cheongju/sangdang-gu/탑대성동/S썸바디테라피/","False","True",""
"업체상세","shops/other/cheongju/sangdang-gu/탑대성동/레드테라피/index.html","https://1004테라피.shop/shops/other/cheongju/sangdang-gu/탑대성동/레드테라피/","False","True",""
"업체상세","shops/other/cheongju/seowon-gu/남이면/S썸바디테라피/index.html","https://1004테라피.shop/shops/other/cheongju/seowon-gu/남이면/S썸바디테라피/","False","True",""
"업체상세","shops/other/cheongju/seowon-gu/남이면/레드테라피/index.html","https://1004테라피.shop/shops/other/cheongju/seowon-gu/남이면/레드테라피/","False","True",""
"업체상세","shops/other/cheongju/seowon-gu/모충동/S썸바디테라피/index.html","https://1004테라피.shop/shops/other/cheongju/seowon-gu/모충동/S썸바디테라피/","False","True",""
"업체상세","shops/other/cheongju/seowon-gu/모충동/레드테라피/index.html","https://1004테라피.shop/shops/other/cheongju/seowon-gu/모충동/레드테라피/","False","True",""
"업체상세","shops/other/cheongju/seowon-gu/분평동/S썸바디테라피/index.html","https://1004테라피.shop/shops/other/cheongju/seowon-gu/분평동/S썸바디테라피/","False","True",""
"업체상세","shops/other/cheongju/seowon-gu/분평동/레드테라피/index.html","https://1004테라피.shop/shops/other/cheongju/seowon-gu/분평동/레드테라피/","False","True",""
"업체상세","shops/other/cheongju/seowon-gu/사직동/S썸바디테라피/index.html","https://1004테라피.shop/shops/other/cheongju/seowon-gu/사직동/S썸바디테라피/","False","True",""
"업체상세","shops/other/cheongju/seowon-gu/사직동/레드테라피/index.html","https://1004테라피.shop/shops/other/cheongju/seowon-gu/사직동/레드테라피/","False","True",""
"업체상세","shops/other/cheongju/seowon-gu/사창동/S썸바디테라피/index.html","https://1004테라피.shop/shops/other/cheongju/seowon-gu/사창동/S썸바디테라피/","False","True",""
"업체상세","shops/other/cheongju/seowon-gu/사창동/레드테라피/index.html","https://1004테라피.shop/shops/other/cheongju/seowon-gu/사창동/레드테라피/","False","True",""
"업체상세","shops/other/cheongju/seowon-gu/산남동/S썸바디테라피/index.html","https://1004테라피.shop/shops/other/cheongju/seowon-gu/산남동/S썸바디테라피/","False","True",""
"업체상세","shops/other/cheongju/seowon-gu/산남동/레드테라피/index.html","https://1004테라피.shop/shops/other/cheongju/seowon-gu/산남동/레드테라피/","False","True",""
"업체상세","shops/other/cheongju/seowon-gu/성화.개신.죽림동/S썸바디테라피/index.html","https://1004테라피.shop/shops/other/cheongju/seowon-gu/성화.개신.죽림동/S썸바디테라피/","False","True",""
"업체상세","shops/other/cheongju/seowon-gu/성화.개신.죽림동/레드테라피/index.html","https://1004테라피.shop/shops/other/cheongju/seowon-gu/성화.개신.죽림동/레드테라피/","False","True",""
"업체상세","shops/other/cheongju/seowon-gu/수곡동/S썸바디테라피/index.html","https://1004테라피.shop/shops/other/cheongju/seowon-gu/수곡동/S썸바디테라피/","False","True",""
"업체상세","shops/other/cheongju/seowon-gu/수곡동/레드테라피/index.html","https://1004테라피.shop/shops/other/cheongju/seowon-gu/수곡동/레드테라피/","False","True",""
"업체상세","shops/other/cheongju/seowon-gu/현도면/S썸바디테라피/index.html","https://1004테라피.shop/shops/other/cheongju/seowon-gu/현도면/S썸바디테라피/","False","True",""
"업체상세","shops/other/cheongju/seowon-gu/현도면/레드테라피/index.html","https://1004테라피.shop/shops/other/cheongju/seowon-gu/현도면/레드테라피/","False","True",""
"업체상세","shops/other/cheongju/cheongwon-gu/내덕동/S썸바디테라피/index.html","https://1004테라피.shop/shops/other/cheongju/cheongwon-gu/내덕동/S썸바디테라피/","False","True",""
"업체상세","shops/other/cheongju/cheongwon-gu/내덕동/레드테라피/index.html","https://1004테라피.shop/shops/other/cheongju/cheongwon-gu/내덕동/레드테라피/","False","True",""
"업체상세","shops/other/cheongju/cheongwon-gu/내수읍/S썸바디테라피/index.html","https://1004테라피.shop/shops/other/cheongju/cheongwon-gu/내수읍/S썸바디테라피/","False","True",""
"업체상세","shops/other/cheongju/cheongwon-gu/내수읍/레드테라피/index.html","https://1004테라피.shop/shops/other/cheongju/cheongwon-gu/내수읍/레드테라피/","False","True",""
"업체상세","shops/other/cheongju/cheongwon-gu/북이면/S썸바디테라피/index.html","https://1004테라피.shop/shops/other/cheongju/cheongwon-gu/북이면/S썸바디테라피/","False","True",""
"업체상세","shops/other/cheongju/cheongwon-gu/북이면/레드테라피/index.html","https://1004테라피.shop/shops/other/cheongju/cheongwon-gu/북이면/레드테라피/","False","True",""
"업체상세","shops/other/cheongju/cheongwon-gu/오근장동/S썸바디테라피/index.html","https://1004테라피.shop/shops/other/cheongju/cheongwon-gu/오근장동/S썸바디테라피/","False","True",""
"업체상세","shops/other/cheongju/cheongwon-gu/오근장동/레드테라피/index.html","https://1004테라피.shop/shops/other/cheongju/cheongwon-gu/오근장동/레드테라피/","False","True",""
"업체상세","shops/other/cheongju/cheongwon-gu/오창읍/S썸바디테라피/index.html","https://1004테라피.shop/shops/other/cheongju/cheongwon-gu/오창읍/S썸바디테라피/","False","True",""
"업체상세","shops/other/cheongju/cheongwon-gu/오창읍/레드테라피/index.html","https://1004테라피.shop/shops/other/cheongju/cheongwon-gu/오창읍/레드테라피/","False","True",""
"업체상세","shops/other/cheongju/cheongwon-gu/우암동/S썸바디테라피/index.html","https://1004테라피.shop/shops/other/cheongju/cheongwon-gu/우암동/S썸바디테라피/","False","True",""
"업체상세","shops/other/cheongju/cheongwon-gu/우암동/레드테라피/index.html","https://1004테라피.shop/shops/other/cheongju/cheongwon-gu/우암동/레드테라피/","False","True",""
"업체상세","shops/other/cheongju/cheongwon-gu/율량.사천동/S썸바디테라피/index.html","https://1004테라피.shop/shops/other/cheongju/cheongwon-gu/율량.사천동/S썸바디테라피/","False","True",""
"업체상세","shops/other/cheongju/cheongwon-gu/율량.사천동/레드테라피/index.html","https://1004테라피.shop/shops/other/cheongju/cheongwon-gu/율량.사천동/레드테라피/","False","True",""
"업체상세","shops/other/cheongju/heungdeok-gu/가경동/S썸바디테라피/index.html","https://1004테라피.shop/shops/other/cheongju/heungdeok-gu/가경동/S썸바디테라피/","False","True",""
"업체상세","shops/other/cheongju/heungdeok-gu/가경동/레드테라피/index.html","https://1004테라피.shop/shops/other/cheongju/heungdeok-gu/가경동/레드테라피/","False","True",""
"업체상세","shops/other/cheongju/heungdeok-gu/강내면/S썸바디테라피/index.html","https://1004테라피.shop/shops/other/cheongju/heungdeok-gu/강내면/S썸바디테라피/","False","True",""
"업체상세","shops/other/cheongju/heungdeok-gu/강내면/레드테라피/index.html","https://1004테라피.shop/shops/other/cheongju/heungdeok-gu/강내면/레드테라피/","False","True",""
"업체상세","shops/other/cheongju/heungdeok-gu/강서동/S썸바디테라피/index.html","https://1004테라피.shop/shops/other/cheongju/heungdeok-gu/강서동/S썸바디테라피/","False","True",""
"업체상세","shops/other/cheongju/heungdeok-gu/강서동/레드테라피/index.html","https://1004테라피.shop/shops/other/cheongju/heungdeok-gu/강서동/레드테라피/","False","True",""
"업체상세","shops/other/cheongju/heungdeok-gu/복대동/S썸바디테라피/index.html","https://1004테라피.shop/shops/other/cheongju/heungdeok-gu/복대동/S썸바디테라피/","False","True",""
"업체상세","shops/other/cheongju/heungdeok-gu/복대동/레드테라피/index.html","https://1004테라피.shop/shops/other/cheongju/heungdeok-gu/복대동/레드테라피/","False","True",""
"업체상세","shops/other/cheongju/heungdeok-gu/봉명2.송정동/S썸바디테라피/index.html","https://1004테라피.shop/shops/other/cheongju/heungdeok-gu/봉명2.송정동/S썸바디테라피/","False","True",""
"업체상세","shops/other/cheongju/heungdeok-gu/봉명2.송정동/레드테라피/index.html","https://1004테라피.shop/shops/other/cheongju/heungdeok-gu/봉명2.송정동/레드테라피/","False","True",""
"업체상세","shops/other/cheongju/heungdeok-gu/봉명동/S썸바디테라피/index.html","https://1004테라피.shop/shops/other/cheongju/heungdeok-gu/봉명동/S썸바디테라피/","False","True",""
"업체상세","shops/other/cheongju/heungdeok-gu/봉명동/레드테라피/index.html","https://1004테라피.shop/shops/other/cheongju/heungdeok-gu/봉명동/레드테라피/","False","True",""
"업체상세","shops/other/cheongju/heungdeok-gu/오송읍/S썸바디테라피/index.html","https://1004테라피.shop/shops/other/cheongju/heungdeok-gu/오송읍/S썸바디테라피/","False","True",""
"업체상세","shops/other/cheongju/heungdeok-gu/오송읍/레드테라피/index.html","https://1004테라피.shop/shops/other/cheongju/heungdeok-gu/오송읍/레드테라피/","False","True",""
"업체상세","shops/other/cheongju/heungdeok-gu/옥산면/S썸바디테라피/index.html","https://1004테라피.shop/shops/other/cheongju/heungdeok-gu/옥산면/S썸바디테라피/","False","True",""
"업체상세","shops/other/cheongju/heungdeok-gu/옥산면/레드테라피/index.html","https://1004테라피.shop/shops/other/cheongju/heungdeok-gu/옥산면/레드테라피/","False","True",""
"업체상세","shops/other/cheongju/heungdeok-gu/운천.신봉동/S썸바디테라피/index.html","https://1004테라피.shop/shops/other/cheongju/heungdeok-gu/운천.신봉동/S썸바디테라피/","False","True",""
"업체상세","shops/other/cheongju/heungdeok-gu/운천.신봉동/레드테라피/index.html","https://1004테라피.shop/shops/other/cheongju/heungdeok-gu/운천.신봉동/레드테라피/","False","True",""
"업체상세","shops/other/jeonju/deokjin-gu/금암동/다온테라피/index.html","https://1004테라피.shop/shops/other/jeonju/deokjin-gu/금암동/다온테라피/","False","True",""
"업체상세","shops/other/jeonju/deokjin-gu/금암동/상큼테라피/index.html","https://1004테라피.shop/shops/other/jeonju/deokjin-gu/금암동/상큼테라피/","False","True",""
"업체상세","shops/other/jeonju/deokjin-gu/덕진동/다온테라피/index.html","https://1004테라피.shop/shops/other/jeonju/deokjin-gu/덕진동/다온테라피/","False","True",""
"업체상세","shops/other/jeonju/deokjin-gu/덕진동/상큼테라피/index.html","https://1004테라피.shop/shops/other/jeonju/deokjin-gu/덕진동/상큼테라피/","False","True",""
"업체상세","shops/other/jeonju/deokjin-gu/송천동/다온테라피/index.html","https://1004테라피.shop/shops/other/jeonju/deokjin-gu/송천동/다온테라피/","False","True",""
"업체상세","shops/other/jeonju/deokjin-gu/송천동/상큼테라피/index.html","https://1004테라피.shop/shops/other/jeonju/deokjin-gu/송천동/상큼테라피/","False","True",""
"업체상세","shops/other/jeonju/deokjin-gu/여의동/다온테라피/index.html","https://1004테라피.shop/shops/other/jeonju/deokjin-gu/여의동/다온테라피/","False","True",""
"업체상세","shops/other/jeonju/deokjin-gu/여의동/상큼테라피/index.html","https://1004테라피.shop/shops/other/jeonju/deokjin-gu/여의동/상큼테라피/","False","True",""
"업체상세","shops/other/jeonju/deokjin-gu/우아동/다온테라피/index.html","https://1004테라피.shop/shops/other/jeonju/deokjin-gu/우아동/다온테라피/","False","True",""
"업체상세","shops/other/jeonju/deokjin-gu/우아동/상큼테라피/index.html","https://1004테라피.shop/shops/other/jeonju/deokjin-gu/우아동/상큼테라피/","False","True",""
"업체상세","shops/other/jeonju/deokjin-gu/인후동/다온테라피/index.html","https://1004테라피.shop/shops/other/jeonju/deokjin-gu/인후동/다온테라피/","False","True",""
"업체상세","shops/other/jeonju/deokjin-gu/인후동/상큼테라피/index.html","https://1004테라피.shop/shops/other/jeonju/deokjin-gu/인후동/상큼테라피/","False","True",""
"업체상세","shops/other/jeonju/deokjin-gu/조촌동/다온테라피/index.html","https://1004테라피.shop/shops/other/jeonju/deokjin-gu/조촌동/다온테라피/","False","True",""
"업체상세","shops/other/jeonju/deokjin-gu/조촌동/상큼테라피/index.html","https://1004테라피.shop/shops/other/jeonju/deokjin-gu/조촌동/상큼테라피/","False","True",""
"업체상세","shops/other/jeonju/deokjin-gu/진북동/다온테라피/index.html","https://1004테라피.shop/shops/other/jeonju/deokjin-gu/진북동/다온테라피/","False","True",""
"업체상세","shops/other/jeonju/deokjin-gu/진북동/상큼테라피/index.html","https://1004테라피.shop/shops/other/jeonju/deokjin-gu/진북동/상큼테라피/","False","True",""
"업체상세","shops/other/jeonju/deokjin-gu/팔복동/다온테라피/index.html","https://1004테라피.shop/shops/other/jeonju/deokjin-gu/팔복동/다온테라피/","False","True",""
"업체상세","shops/other/jeonju/deokjin-gu/팔복동/상큼테라피/index.html","https://1004테라피.shop/shops/other/jeonju/deokjin-gu/팔복동/상큼테라피/","False","True",""
"업체상세","shops/other/jeonju/deokjin-gu/혁신동/다온테라피/index.html","https://1004테라피.shop/shops/other/jeonju/deokjin-gu/혁신동/다온테라피/","False","True",""
"업체상세","shops/other/jeonju/deokjin-gu/혁신동/상큼테라피/index.html","https://1004테라피.shop/shops/other/jeonju/deokjin-gu/혁신동/상큼테라피/","False","True",""
"업체상세","shops/other/jeonju/deokjin-gu/호성동/다온테라피/index.html","https://1004테라피.shop/shops/other/jeonju/deokjin-gu/호성동/다온테라피/","False","True",""
"업체상세","shops/other/jeonju/deokjin-gu/호성동/상큼테라피/index.html","https://1004테라피.shop/shops/other/jeonju/deokjin-gu/호성동/상큼테라피/","False","True",""
"업체상세","shops/other/jeonju/wansan-gu/노송동/다온테라피/index.html","https://1004테라피.shop/shops/other/jeonju/wansan-gu/노송동/다온테라피/","False","True",""
"업체상세","shops/other/jeonju/wansan-gu/노송동/상큼테라피/index.html","https://1004테라피.shop/shops/other/jeonju/wansan-gu/노송동/상큼테라피/","False","True",""
"업체상세","shops/other/jeonju/wansan-gu/동서학동/다온테라피/index.html","https://1004테라피.shop/shops/other/jeonju/wansan-gu/동서학동/다온테라피/","False","True",""
"업체상세","shops/other/jeonju/wansan-gu/동서학동/상큼테라피/index.html","https://1004테라피.shop/shops/other/jeonju/wansan-gu/동서학동/상큼테라피/","False","True",""
"업체상세","shops/other/jeonju/wansan-gu/삼천동/다온테라피/index.html","https://1004테라피.shop/shops/other/jeonju/wansan-gu/삼천동/다온테라피/","False","True",""
"업체상세","shops/other/jeonju/wansan-gu/삼천동/상큼테라피/index.html","https://1004테라피.shop/shops/other/jeonju/wansan-gu/삼천동/상큼테라피/","False","True",""
"업체상세","shops/other/jeonju/wansan-gu/서서학동/다온테라피/index.html","https://1004테라피.shop/shops/other/jeonju/wansan-gu/서서학동/다온테라피/","False","True",""
"업체상세","shops/other/jeonju/wansan-gu/서서학동/상큼테라피/index.html","https://1004테라피.shop/shops/other/jeonju/wansan-gu/서서학동/상큼테라피/","False","True",""
"업체상세","shops/other/jeonju/wansan-gu/서신동/다온테라피/index.html","https://1004테라피.shop/shops/other/jeonju/wansan-gu/서신동/다온테라피/","False","True",""
"업체상세","shops/other/jeonju/wansan-gu/서신동/상큼테라피/index.html","https://1004테라피.shop/shops/other/jeonju/wansan-gu/서신동/상큼테라피/","False","True",""
"업체상세","shops/other/jeonju/wansan-gu/완산동/다온테라피/index.html","https://1004테라피.shop/shops/other/jeonju/wansan-gu/완산동/다온테라피/","False","True",""
"업체상세","shops/other/jeonju/wansan-gu/완산동/상큼테라피/index.html","https://1004테라피.shop/shops/other/jeonju/wansan-gu/완산동/상큼테라피/","False","True",""
"업체상세","shops/other/jeonju/wansan-gu/중앙동/다온테라피/index.html","https://1004테라피.shop/shops/other/jeonju/wansan-gu/중앙동/다온테라피/","False","True",""
"업체상세","shops/other/jeonju/wansan-gu/중앙동/상큼테라피/index.html","https://1004테라피.shop/shops/other/jeonju/wansan-gu/중앙동/상큼테라피/","False","True",""
"업체상세","shops/other/jeonju/wansan-gu/중화산동/다온테라피/index.html","https://1004테라피.shop/shops/other/jeonju/wansan-gu/중화산동/다온테라피/","False","True",""
"업체상세","shops/other/jeonju/wansan-gu/중화산동/상큼테라피/index.html","https://1004테라피.shop/shops/other/jeonju/wansan-gu/중화산동/상큼테라피/","False","True",""
"업체상세","shops/other/jeonju/wansan-gu/평화동/다온테라피/index.html","https://1004테라피.shop/shops/other/jeonju/wansan-gu/평화동/다온테라피/","False","True",""
"업체상세","shops/other/jeonju/wansan-gu/평화동/상큼테라피/index.html","https://1004테라피.shop/shops/other/jeonju/wansan-gu/평화동/상큼테라피/","False","True",""
"업체상세","shops/other/jeonju/wansan-gu/풍남동/다온테라피/index.html","https://1004테라피.shop/shops/other/jeonju/wansan-gu/풍남동/다온테라피/","False","True",""
"업체상세","shops/other/jeonju/wansan-gu/풍남동/상큼테라피/index.html","https://1004테라피.shop/shops/other/jeonju/wansan-gu/풍남동/상큼테라피/","False","True",""
"업체상세","shops/other/jeonju/wansan-gu/효자동/다온테라피/index.html","https://1004테라피.shop/shops/other/jeonju/wansan-gu/효자동/다온테라피/","False","True",""
"업체상세","shops/other/jeonju/wansan-gu/효자동/상큼테라피/index.html","https://1004테라피.shop/shops/other/jeonju/wansan-gu/효자동/상큼테라피/","False","True",""
"업체상세","shops/other/iksan/금마면/상큼테라피/index.html","https://1004테라피.shop/shops/other/iksan/금마면/상큼테라피/","False","True",""
"업체상세","shops/other/iksan/남중동/상큼테라피/index.html","https://1004테라피.shop/shops/other/iksan/남중동/상큼테라피/","False","True",""
"업체상세","shops/other/iksan/낭산면/상큼테라피/index.html","https://1004테라피.shop/shops/other/iksan/낭산면/상큼테라피/","False","True",""
"업체상세","shops/other/iksan/동산동/상큼테라피/index.html","https://1004테라피.shop/shops/other/iksan/동산동/상큼테라피/","False","True",""
"업체상세","shops/other/iksan/마동/상큼테라피/index.html","https://1004테라피.shop/shops/other/iksan/마동/상큼테라피/","False","True",""
"업체상세","shops/other/iksan/망성면/상큼테라피/index.html","https://1004테라피.shop/shops/other/iksan/망성면/상큼테라피/","False","True",""
"업체상세","shops/other/iksan/모현동/상큼테라피/index.html","https://1004테라피.shop/shops/other/iksan/모현동/상큼테라피/","False","True",""
"업체상세","shops/other/iksan/삼기면/상큼테라피/index.html","https://1004테라피.shop/shops/other/iksan/삼기면/상큼테라피/","False","True",""
"업체상세","shops/other/iksan/삼성동/상큼테라피/index.html","https://1004테라피.shop/shops/other/iksan/삼성동/상큼테라피/","False","True",""
"업체상세","shops/other/iksan/성당면/상큼테라피/index.html","https://1004테라피.shop/shops/other/iksan/성당면/상큼테라피/","False","True",""
"업체상세","shops/other/iksan/송학동/상큼테라피/index.html","https://1004테라피.shop/shops/other/iksan/송학동/상큼테라피/","False","True",""
"업체상세","shops/other/iksan/신동/상큼테라피/index.html","https://1004테라피.shop/shops/other/iksan/신동/상큼테라피/","False","True",""
"업체상세","shops/other/iksan/어양동/상큼테라피/index.html","https://1004테라피.shop/shops/other/iksan/어양동/상큼테라피/","False","True",""
"업체상세","shops/other/iksan/여산면/상큼테라피/index.html","https://1004테라피.shop/shops/other/iksan/여산면/상큼테라피/","False","True",""
"업체상세","shops/other/iksan/영등동/상큼테라피/index.html","https://1004테라피.shop/shops/other/iksan/영등동/상큼테라피/","False","True",""
"업체상세","shops/other/iksan/오산면/상큼테라피/index.html","https://1004테라피.shop/shops/other/iksan/오산면/상큼테라피/","False","True",""
"업체상세","shops/other/iksan/왕궁면/상큼테라피/index.html","https://1004테라피.shop/shops/other/iksan/왕궁면/상큼테라피/","False","True",""
"업체상세","shops/other/iksan/용동면/상큼테라피/index.html","https://1004테라피.shop/shops/other/iksan/용동면/상큼테라피/","False","True",""
"업체상세","shops/other/iksan/용안면/상큼테라피/index.html","https://1004테라피.shop/shops/other/iksan/용안면/상큼테라피/","False","True",""
"업체상세","shops/other/iksan/웅포면/상큼테라피/index.html","https://1004테라피.shop/shops/other/iksan/웅포면/상큼테라피/","False","True",""
"업체상세","shops/other/iksan/인화동/상큼테라피/index.html","https://1004테라피.shop/shops/other/iksan/인화동/상큼테라피/","False","True",""
"업체상세","shops/other/iksan/중앙동/상큼테라피/index.html","https://1004테라피.shop/shops/other/iksan/중앙동/상큼테라피/","False","True",""
"업체상세","shops/other/iksan/춘포면/상큼테라피/index.html","https://1004테라피.shop/shops/other/iksan/춘포면/상큼테라피/","False","True",""
"업체상세","shops/other/iksan/팔봉동/상큼테라피/index.html","https://1004테라피.shop/shops/other/iksan/팔봉동/상큼테라피/","False","True",""
"업체상세","shops/other/iksan/평화동/상큼테라피/index.html","https://1004테라피.shop/shops/other/iksan/평화동/상큼테라피/","False","True",""
"업체상세","shops/other/iksan/함라면/상큼테라피/index.html","https://1004테라피.shop/shops/other/iksan/함라면/상큼테라피/","False","True",""
"업체상세","shops/other/iksan/함열읍/상큼테라피/index.html","https://1004테라피.shop/shops/other/iksan/함열읍/상큼테라피/","False","True",""
"업체상세","shops/other/iksan/황등면/상큼테라피/index.html","https://1004테라피.shop/shops/other/iksan/황등면/상큼테라피/","False","True",""
"업체상세","shops/other/daegu/gunwi-gun/군위읍/대구테라피/index.html","https://1004테라피.shop/shops/other/daegu/gunwi-gun/군위읍/대구테라피/","False","True",""
"업체상세","shops/other/daegu/gunwi-gun/부계면/대구테라피/index.html","https://1004테라피.shop/shops/other/daegu/gunwi-gun/부계면/대구테라피/","False","True",""
"업체상세","shops/other/daegu/gunwi-gun/산성면/대구테라피/index.html","https://1004테라피.shop/shops/other/daegu/gunwi-gun/산성면/대구테라피/","False","True",""
"업체상세","shops/other/daegu/gunwi-gun/삼국유사면/대구테라피/index.html","https://1004테라피.shop/shops/other/daegu/gunwi-gun/삼국유사면/대구테라피/","False","True",""
"업체상세","shops/other/daegu/gunwi-gun/소보면/대구테라피/index.html","https://1004테라피.shop/shops/other/daegu/gunwi-gun/소보면/대구테라피/","False","True",""
"업체상세","shops/other/daegu/gunwi-gun/우보면/대구테라피/index.html","https://1004테라피.shop/shops/other/daegu/gunwi-gun/우보면/대구테라피/","False","True",""
"업체상세","shops/other/daegu/gunwi-gun/의흥면/대구테라피/index.html","https://1004테라피.shop/shops/other/daegu/gunwi-gun/의흥면/대구테라피/","False","True",""
"업체상세","shops/other/daegu/gunwi-gun/효령면/대구테라피/index.html","https://1004테라피.shop/shops/other/daegu/gunwi-gun/효령면/대구테라피/","False","True",""
"업체상세","shops/other/daegu/nam-gu/대명동/대구테라피/index.html","https://1004테라피.shop/shops/other/daegu/nam-gu/대명동/대구테라피/","False","True",""
"업체상세","shops/other/daegu/nam-gu/봉덕동/대구테라피/index.html","https://1004테라피.shop/shops/other/daegu/nam-gu/봉덕동/대구테라피/","False","True",""
"업체상세","shops/other/daegu/nam-gu/이천동/대구테라피/index.html","https://1004테라피.shop/shops/other/daegu/nam-gu/이천동/대구테라피/","False","True",""
"업체상세","shops/other/daegu/dalseo-gu/감삼동/대구테라피/index.html","https://1004테라피.shop/shops/other/daegu/dalseo-gu/감삼동/대구테라피/","False","True",""
"업체상세","shops/other/daegu/dalseo-gu/도원동/대구테라피/index.html","https://1004테라피.shop/shops/other/daegu/dalseo-gu/도원동/대구테라피/","False","True",""
"업체상세","shops/other/daegu/dalseo-gu/두류1.2동/대구테라피/index.html","https://1004테라피.shop/shops/other/daegu/dalseo-gu/두류1.2동/대구테라피/","False","True",""
"업체상세","shops/other/daegu/dalseo-gu/두류동/대구테라피/index.html","https://1004테라피.shop/shops/other/daegu/dalseo-gu/두류동/대구테라피/","False","True",""
"업체상세","shops/other/daegu/dalseo-gu/본동/대구테라피/index.html","https://1004테라피.shop/shops/other/daegu/dalseo-gu/본동/대구테라피/","False","True",""
"업체상세","shops/other/daegu/dalseo-gu/본리동/대구테라피/index.html","https://1004테라피.shop/shops/other/daegu/dalseo-gu/본리동/대구테라피/","False","True",""
"업체상세","shops/other/daegu/dalseo-gu/상인동/대구테라피/index.html","https://1004테라피.shop/shops/other/daegu/dalseo-gu/상인동/대구테라피/","False","True",""
"업체상세","shops/other/daegu/dalseo-gu/성당동/대구테라피/index.html","https://1004테라피.shop/shops/other/daegu/dalseo-gu/성당동/대구테라피/","False","True",""
"업체상세","shops/other/daegu/dalseo-gu/송현동/대구테라피/index.html","https://1004테라피.shop/shops/other/daegu/dalseo-gu/송현동/대구테라피/","False","True",""
"업체상세","shops/other/daegu/dalseo-gu/신당동/대구테라피/index.html","https://1004테라피.shop/shops/other/daegu/dalseo-gu/신당동/대구테라피/","False","True",""
"업체상세","shops/other/daegu/dalseo-gu/용산동/대구테라피/index.html","https://1004테라피.shop/shops/other/daegu/dalseo-gu/용산동/대구테라피/","False","True",""
"업체상세","shops/other/daegu/dalseo-gu/월성동/대구테라피/index.html","https://1004테라피.shop/shops/other/daegu/dalseo-gu/월성동/대구테라피/","False","True",""
"업체상세","shops/other/daegu/dalseo-gu/유천동/대구테라피/index.html","https://1004테라피.shop/shops/other/daegu/dalseo-gu/유천동/대구테라피/","False","True",""
"업체상세","shops/other/daegu/dalseo-gu/이곡동/대구테라피/index.html","https://1004테라피.shop/shops/other/daegu/dalseo-gu/이곡동/대구테라피/","False","True",""
"업체상세","shops/other/daegu/dalseo-gu/장기동/대구테라피/index.html","https://1004테라피.shop/shops/other/daegu/dalseo-gu/장기동/대구테라피/","False","True",""
"업체상세","shops/other/daegu/dalseo-gu/죽전동/대구테라피/index.html","https://1004테라피.shop/shops/other/daegu/dalseo-gu/죽전동/대구테라피/","False","True",""
"업체상세","shops/other/daegu/dalseo-gu/진천동/대구테라피/index.html","https://1004테라피.shop/shops/other/daegu/dalseo-gu/진천동/대구테라피/","False","True",""
"업체상세","shops/other/daegu/dalseong-gun/가창면/대구테라피/index.html","https://1004테라피.shop/shops/other/daegu/dalseong-gun/가창면/대구테라피/","False","True",""
"업체상세","shops/other/daegu/dalseong-gun/구지면/대구테라피/index.html","https://1004테라피.shop/shops/other/daegu/dalseong-gun/구지면/대구테라피/","False","True",""
"업체상세","shops/other/daegu/dalseong-gun/논공읍/대구테라피/index.html","https://1004테라피.shop/shops/other/daegu/dalseong-gun/논공읍/대구테라피/","False","True",""
"업체상세","shops/other/daegu/dalseong-gun/다사읍/대구테라피/index.html","https://1004테라피.shop/shops/other/daegu/dalseong-gun/다사읍/대구테라피/","False","True",""
"업체상세","shops/other/daegu/dalseong-gun/옥포읍/대구테라피/index.html","https://1004테라피.shop/shops/other/daegu/dalseong-gun/옥포읍/대구테라피/","False","True",""
"업체상세","shops/other/daegu/dalseong-gun/유가읍/대구테라피/index.html","https://1004테라피.shop/shops/other/daegu/dalseong-gun/유가읍/대구테라피/","False","True",""
"업체상세","shops/other/daegu/dalseong-gun/하빈면/대구테라피/index.html","https://1004테라피.shop/shops/other/daegu/dalseong-gun/하빈면/대구테라피/","False","True",""
"업체상세","shops/other/daegu/dalseong-gun/현풍읍/대구테라피/index.html","https://1004테라피.shop/shops/other/daegu/dalseong-gun/현풍읍/대구테라피/","False","True",""
"업체상세","shops/other/daegu/dalseong-gun/화원읍/대구테라피/index.html","https://1004테라피.shop/shops/other/daegu/dalseong-gun/화원읍/대구테라피/","False","True",""
"업체상세","shops/other/daegu/dong-gu/공산동/대구테라피/index.html","https://1004테라피.shop/shops/other/daegu/dong-gu/공산동/대구테라피/","False","True",""
"업체상세","shops/other/daegu/dong-gu/도평동/대구테라피/index.html","https://1004테라피.shop/shops/other/daegu/dong-gu/도평동/대구테라피/","False","True",""
"업체상세","shops/other/daegu/dong-gu/동촌동/대구테라피/index.html","https://1004테라피.shop/shops/other/daegu/dong-gu/동촌동/대구테라피/","False","True",""
"업체상세","shops/other/daegu/dong-gu/방촌동/대구테라피/index.html","https://1004테라피.shop/shops/other/daegu/dong-gu/방촌동/대구테라피/","False","True",""
"업체상세","shops/other/daegu/dong-gu/불로.봉무동/대구테라피/index.html","https://1004테라피.shop/shops/other/daegu/dong-gu/불로.봉무동/대구테라피/","False","True",""
"업체상세","shops/other/daegu/dong-gu/신암동/대구테라피/index.html","https://1004테라피.shop/shops/other/daegu/dong-gu/신암동/대구테라피/","False","True",""
"업체상세","shops/other/daegu/dong-gu/신천1.2동/대구테라피/index.html","https://1004테라피.shop/shops/other/daegu/dong-gu/신천1.2동/대구테라피/","False","True",""
"업체상세","shops/other/daegu/dong-gu/신천동/대구테라피/index.html","https://1004테라피.shop/shops/other/daegu/dong-gu/신천동/대구테라피/","False","True",""
"업체상세","shops/other/daegu/dong-gu/안심동/대구테라피/index.html","https://1004테라피.shop/shops/other/daegu/dong-gu/안심동/대구테라피/","False","True",""
"업체상세","shops/other/daegu/dong-gu/지저동/대구테라피/index.html","https://1004테라피.shop/shops/other/daegu/dong-gu/지저동/대구테라피/","False","True",""
"업체상세","shops/other/daegu/dong-gu/해안동/대구테라피/index.html","https://1004테라피.shop/shops/other/daegu/dong-gu/해안동/대구테라피/","False","True",""
"업체상세","shops/other/daegu/dong-gu/혁신동/대구테라피/index.html","https://1004테라피.shop/shops/other/daegu/dong-gu/혁신동/대구테라피/","False","True",""
"업체상세","shops/other/daegu/dong-gu/효목동/대구테라피/index.html","https://1004테라피.shop/shops/other/daegu/dong-gu/효목동/대구테라피/","False","True",""
"업체상세","shops/other/daegu/buk-gu/검단동/대구테라피/index.html","https://1004테라피.shop/shops/other/daegu/buk-gu/검단동/대구테라피/","False","True",""
"업체상세","shops/other/daegu/buk-gu/고성동/대구테라피/index.html","https://1004테라피.shop/shops/other/daegu/buk-gu/고성동/대구테라피/","False","True",""
"업체상세","shops/other/daegu/buk-gu/관문동/대구테라피/index.html","https://1004테라피.shop/shops/other/daegu/buk-gu/관문동/대구테라피/","False","True",""
"업체상세","shops/other/daegu/buk-gu/관음동/대구테라피/index.html","https://1004테라피.shop/shops/other/daegu/buk-gu/관음동/대구테라피/","False","True",""
"업체상세","shops/other/daegu/buk-gu/구암동/대구테라피/index.html","https://1004테라피.shop/shops/other/daegu/buk-gu/구암동/대구테라피/","False","True",""
"업체상세","shops/other/daegu/buk-gu/국우동/대구테라피/index.html","https://1004테라피.shop/shops/other/daegu/buk-gu/국우동/대구테라피/","False","True",""
"업체상세","shops/other/daegu/buk-gu/노원동/대구테라피/index.html","https://1004테라피.shop/shops/other/daegu/buk-gu/노원동/대구테라피/","False","True",""
"업체상세","shops/other/daegu/buk-gu/대현동/대구테라피/index.html","https://1004테라피.shop/shops/other/daegu/buk-gu/대현동/대구테라피/","False","True",""
"업체상세","shops/other/daegu/buk-gu/동천동/대구테라피/index.html","https://1004테라피.shop/shops/other/daegu/buk-gu/동천동/대구테라피/","False","True",""
"업체상세","shops/other/daegu/buk-gu/무태조야동/대구테라피/index.html","https://1004테라피.shop/shops/other/daegu/buk-gu/무태조야동/대구테라피/","False","True",""
"업체상세","shops/other/daegu/buk-gu/복현동/대구테라피/index.html","https://1004테라피.shop/shops/other/daegu/buk-gu/복현동/대구테라피/","False","True",""
"업체상세","shops/other/daegu/buk-gu/산격동/대구테라피/index.html","https://1004테라피.shop/shops/other/daegu/buk-gu/산격동/대구테라피/","False","True",""
"업체상세","shops/other/daegu/buk-gu/읍내동/대구테라피/index.html","https://1004테라피.shop/shops/other/daegu/buk-gu/읍내동/대구테라피/","False","True",""
"업체상세","shops/other/daegu/buk-gu/칠성동/대구테라피/index.html","https://1004테라피.shop/shops/other/daegu/buk-gu/칠성동/대구테라피/","False","True",""
"업체상세","shops/other/daegu/buk-gu/침산동/대구테라피/index.html","https://1004테라피.shop/shops/other/daegu/buk-gu/침산동/대구테라피/","False","True",""
"업체상세","shops/other/daegu/buk-gu/태전동/대구테라피/index.html","https://1004테라피.shop/shops/other/daegu/buk-gu/태전동/대구테라피/","False","True",""
"업체상세","shops/other/daegu/seo-gu/내당2.3동/대구테라피/index.html","https://1004테라피.shop/shops/other/daegu/seo-gu/내당2.3동/대구테라피/","False","True",""
"업체상세","shops/other/daegu/seo-gu/내당동/대구테라피/index.html","https://1004테라피.shop/shops/other/daegu/seo-gu/내당동/대구테라피/","False","True",""
"업체상세","shops/other/daegu/seo-gu/비산2.3동/대구테라피/index.html","https://1004테라피.shop/shops/other/daegu/seo-gu/비산2.3동/대구테라피/","False","True",""
"업체상세","shops/other/daegu/seo-gu/비산동/대구테라피/index.html","https://1004테라피.shop/shops/other/daegu/seo-gu/비산동/대구테라피/","False","True",""
"업체상세","shops/other/daegu/seo-gu/상중이동/대구테라피/index.html","https://1004테라피.shop/shops/other/daegu/seo-gu/상중이동/대구테라피/","False","True",""
"업체상세","shops/other/daegu/seo-gu/원대동/대구테라피/index.html","https://1004테라피.shop/shops/other/daegu/seo-gu/원대동/대구테라피/","False","True",""
"업체상세","shops/other/daegu/seo-gu/평리동/대구테라피/index.html","https://1004테라피.shop/shops/other/daegu/seo-gu/평리동/대구테라피/","False","True",""
"업체상세","shops/other/daegu/suseong-gu/고산동/대구테라피/index.html","https://1004테라피.shop/shops/other/daegu/suseong-gu/고산동/대구테라피/","False","True",""
"업체상세","shops/other/daegu/suseong-gu/두산동/대구테라피/index.html","https://1004테라피.shop/shops/other/daegu/suseong-gu/두산동/대구테라피/","False","True",""
"업체상세","shops/other/daegu/suseong-gu/만촌동/대구테라피/index.html","https://1004테라피.shop/shops/other/daegu/suseong-gu/만촌동/대구테라피/","False","True",""
"업체상세","shops/other/daegu/suseong-gu/범물동/대구테라피/index.html","https://1004테라피.shop/shops/other/daegu/suseong-gu/범물동/대구테라피/","False","True",""
"업체상세","shops/other/daegu/suseong-gu/범어동/대구테라피/index.html","https://1004테라피.shop/shops/other/daegu/suseong-gu/범어동/대구테라피/","False","True",""
"업체상세","shops/other/daegu/suseong-gu/상동/대구테라피/index.html","https://1004테라피.shop/shops/other/daegu/suseong-gu/상동/대구테라피/","False","True",""
"업체상세","shops/other/daegu/suseong-gu/수성1가동/대구테라피/index.html","https://1004테라피.shop/shops/other/daegu/suseong-gu/수성1가동/대구테라피/","False","True",""
"업체상세","shops/other/daegu/suseong-gu/수성2.3가동/대구테라피/index.html","https://1004테라피.shop/shops/other/daegu/suseong-gu/수성2.3가동/대구테라피/","False","True",""
"업체상세","shops/other/daegu/suseong-gu/수성4가동/대구테라피/index.html","https://1004테라피.shop/shops/other/daegu/suseong-gu/수성4가동/대구테라피/","False","True",""
"업체상세","shops/other/daegu/suseong-gu/중동/대구테라피/index.html","https://1004테라피.shop/shops/other/daegu/suseong-gu/중동/대구테라피/","False","True",""
"업체상세","shops/other/daegu/suseong-gu/지산동/대구테라피/index.html","https://1004테라피.shop/shops/other/daegu/suseong-gu/지산동/대구테라피/","False","True",""
"업체상세","shops/other/daegu/suseong-gu/파동/대구테라피/index.html","https://1004테라피.shop/shops/other/daegu/suseong-gu/파동/대구테라피/","False","True",""
"업체상세","shops/other/daegu/suseong-gu/황금동/대구테라피/index.html","https://1004테라피.shop/shops/other/daegu/suseong-gu/황금동/대구테라피/","False","True",""
"업체상세","shops/other/daegu/jung-gu/남산동/대구테라피/index.html","https://1004테라피.shop/shops/other/daegu/jung-gu/남산동/대구테라피/","False","True",""
"업체상세","shops/other/daegu/jung-gu/대봉동/대구테라피/index.html","https://1004테라피.shop/shops/other/daegu/jung-gu/대봉동/대구테라피/","False","True",""
"업체상세","shops/other/daegu/jung-gu/대신동/대구테라피/index.html","https://1004테라피.shop/shops/other/daegu/jung-gu/대신동/대구테라피/","False","True",""
"업체상세","shops/other/daegu/jung-gu/동인동/대구테라피/index.html","https://1004테라피.shop/shops/other/daegu/jung-gu/동인동/대구테라피/","False","True",""
"업체상세","shops/other/daegu/jung-gu/삼덕동/대구테라피/index.html","https://1004테라피.shop/shops/other/daegu/jung-gu/삼덕동/대구테라피/","False","True",""
"업체상세","shops/other/daegu/jung-gu/성내동/대구테라피/index.html","https://1004테라피.shop/shops/other/daegu/jung-gu/성내동/대구테라피/","False","True",""
"업체상세","shops/other/gimhae/내외동/경남테라피/index.html","https://1004테라피.shop/shops/other/gimhae/내외동/경남테라피/","False","True",""
"업체상세","shops/other/gimhae/대동면/경남테라피/index.html","https://1004테라피.shop/shops/other/gimhae/대동면/경남테라피/","False","True",""
"업체상세","shops/other/gimhae/동상동/경남테라피/index.html","https://1004테라피.shop/shops/other/gimhae/동상동/경남테라피/","False","True",""
"업체상세","shops/other/gimhae/부원동/경남테라피/index.html","https://1004테라피.shop/shops/other/gimhae/부원동/경남테라피/","False","True",""
"업체상세","shops/other/gimhae/북부동/경남테라피/index.html","https://1004테라피.shop/shops/other/gimhae/북부동/경남테라피/","False","True",""
"업체상세","shops/other/gimhae/불암동/경남테라피/index.html","https://1004테라피.shop/shops/other/gimhae/불암동/경남테라피/","False","True",""
"업체상세","shops/other/gimhae/삼안동/경남테라피/index.html","https://1004테라피.shop/shops/other/gimhae/삼안동/경남테라피/","False","True",""
"업체상세","shops/other/gimhae/상동면/경남테라피/index.html","https://1004테라피.shop/shops/other/gimhae/상동면/경남테라피/","False","True",""
"업체상세","shops/other/gimhae/생림면/경남테라피/index.html","https://1004테라피.shop/shops/other/gimhae/생림면/경남테라피/","False","True",""
"업체상세","shops/other/gimhae/장유동/경남테라피/index.html","https://1004테라피.shop/shops/other/gimhae/장유동/경남테라피/","False","True",""
"업체상세","shops/other/gimhae/주촌면/경남테라피/index.html","https://1004테라피.shop/shops/other/gimhae/주촌면/경남테라피/","False","True",""
"업체상세","shops/other/gimhae/진례면/경남테라피/index.html","https://1004테라피.shop/shops/other/gimhae/진례면/경남테라피/","False","True",""
"업체상세","shops/other/gimhae/진영읍/경남테라피/index.html","https://1004테라피.shop/shops/other/gimhae/진영읍/경남테라피/","False","True",""
"업체상세","shops/other/gimhae/칠산서부동/경남테라피/index.html","https://1004테라피.shop/shops/other/gimhae/칠산서부동/경남테라피/","False","True",""
"업체상세","shops/other/gimhae/한림면/경남테라피/index.html","https://1004테라피.shop/shops/other/gimhae/한림면/경남테라피/","False","True",""
"업체상세","shops/other/gimhae/활천동/경남테라피/index.html","https://1004테라피.shop/shops/other/gimhae/활천동/경남테라피/","False","True",""
"업체상세","shops/other/gimhae/회현동/경남테라피/index.html","https://1004테라피.shop/shops/other/gimhae/회현동/경남테라피/","False","True",""
"업체상세","shops/other/changwon/masanhappo-gu/가포동/경남테라피/index.html","https://1004테라피.shop/shops/other/changwon/masanhappo-gu/가포동/경남테라피/","False","True",""
"업체상세","shops/other/changwon/masanhappo-gu/교방동/경남테라피/index.html","https://1004테라피.shop/shops/other/changwon/masanhappo-gu/교방동/경남테라피/","False","True",""
"업체상세","shops/other/changwon/masanhappo-gu/구산면/경남테라피/index.html","https://1004테라피.shop/shops/other/changwon/masanhappo-gu/구산면/경남테라피/","False","True",""
"업체상세","shops/other/changwon/masanhappo-gu/문화동/경남테라피/index.html","https://1004테라피.shop/shops/other/changwon/masanhappo-gu/문화동/경남테라피/","False","True",""
"업체상세","shops/other/changwon/masanhappo-gu/반월중앙동/경남테라피/index.html","https://1004테라피.shop/shops/other/changwon/masanhappo-gu/반월중앙동/경남테라피/","False","True",""
"업체상세","shops/other/changwon/masanhappo-gu/산호동/경남테라피/index.html","https://1004테라피.shop/shops/other/changwon/masanhappo-gu/산호동/경남테라피/","False","True",""
"업체상세","shops/other/changwon/masanhappo-gu/오동동/경남테라피/index.html","https://1004테라피.shop/shops/other/changwon/masanhappo-gu/오동동/경남테라피/","False","True",""
"업체상세","shops/other/changwon/masanhappo-gu/완월동/경남테라피/index.html","https://1004테라피.shop/shops/other/changwon/masanhappo-gu/완월동/경남테라피/","False","True",""
"업체상세","shops/other/changwon/masanhappo-gu/월영동/경남테라피/index.html","https://1004테라피.shop/shops/other/changwon/masanhappo-gu/월영동/경남테라피/","False","True",""
"업체상세","shops/other/changwon/masanhappo-gu/자산동/경남테라피/index.html","https://1004테라피.shop/shops/other/changwon/masanhappo-gu/자산동/경남테라피/","False","True",""
"업체상세","shops/other/changwon/masanhappo-gu/진동면/경남테라피/index.html","https://1004테라피.shop/shops/other/changwon/masanhappo-gu/진동면/경남테라피/","False","True",""
"업체상세","shops/other/changwon/masanhappo-gu/진북면/경남테라피/index.html","https://1004테라피.shop/shops/other/changwon/masanhappo-gu/진북면/경남테라피/","False","True",""
"업체상세","shops/other/changwon/masanhappo-gu/진전면/경남테라피/index.html","https://1004테라피.shop/shops/other/changwon/masanhappo-gu/진전면/경남테라피/","False","True",""
"업체상세","shops/other/changwon/masanhappo-gu/합포동/경남테라피/index.html","https://1004테라피.shop/shops/other/changwon/masanhappo-gu/합포동/경남테라피/","False","True",""
"업체상세","shops/other/changwon/masanhappo-gu/현동/경남테라피/index.html","https://1004테라피.shop/shops/other/changwon/masanhappo-gu/현동/경남테라피/","False","True",""
"업체상세","shops/other/changwon/masanhoewon-gu/구암동/경남테라피/index.html","https://1004테라피.shop/shops/other/changwon/masanhoewon-gu/구암동/경남테라피/","False","True",""
"업체상세","shops/other/changwon/masanhoewon-gu/내서읍/경남테라피/index.html","https://1004테라피.shop/shops/other/changwon/masanhoewon-gu/내서읍/경남테라피/","False","True",""
"업체상세","shops/other/changwon/masanhoewon-gu/봉암동/경남테라피/index.html","https://1004테라피.shop/shops/other/changwon/masanhoewon-gu/봉암동/경남테라피/","False","True",""
"업체상세","shops/other/changwon/masanhoewon-gu/석전동/경남테라피/index.html","https://1004테라피.shop/shops/other/changwon/masanhoewon-gu/석전동/경남테라피/","False","True",""
"업체상세","shops/other/changwon/masanhoewon-gu/양덕동/경남테라피/index.html","https://1004테라피.shop/shops/other/changwon/masanhoewon-gu/양덕동/경남테라피/","False","True",""
"업체상세","shops/other/changwon/masanhoewon-gu/합성동/경남테라피/index.html","https://1004테라피.shop/shops/other/changwon/masanhoewon-gu/합성동/경남테라피/","False","True",""
"업체상세","shops/other/changwon/masanhoewon-gu/회성동/경남테라피/index.html","https://1004테라피.shop/shops/other/changwon/masanhoewon-gu/회성동/경남테라피/","False","True",""
"업체상세","shops/other/changwon/masanhoewon-gu/회원동/경남테라피/index.html","https://1004테라피.shop/shops/other/changwon/masanhoewon-gu/회원동/경남테라피/","False","True",""
"업체상세","shops/other/changwon/seongsan-gu/가음정동/경남테라피/index.html","https://1004테라피.shop/shops/other/changwon/seongsan-gu/가음정동/경남테라피/","False","True",""
"업체상세","shops/other/changwon/seongsan-gu/반송동/경남테라피/index.html","https://1004테라피.shop/shops/other/changwon/seongsan-gu/반송동/경남테라피/","False","True",""
"업체상세","shops/other/changwon/seongsan-gu/사파동/경남테라피/index.html","https://1004테라피.shop/shops/other/changwon/seongsan-gu/사파동/경남테라피/","False","True",""
"업체상세","shops/other/changwon/seongsan-gu/상남동/경남테라피/index.html","https://1004테라피.shop/shops/other/changwon/seongsan-gu/상남동/경남테라피/","False","True",""
"업체상세","shops/other/changwon/seongsan-gu/성주동/경남테라피/index.html","https://1004테라피.shop/shops/other/changwon/seongsan-gu/성주동/경남테라피/","False","True",""
"업체상세","shops/other/changwon/seongsan-gu/용지동/경남테라피/index.html","https://1004테라피.shop/shops/other/changwon/seongsan-gu/용지동/경남테라피/","False","True",""
"업체상세","shops/other/changwon/seongsan-gu/웅남동/경남테라피/index.html","https://1004테라피.shop/shops/other/changwon/seongsan-gu/웅남동/경남테라피/","False","True",""
"업체상세","shops/other/changwon/seongsan-gu/중앙동/경남테라피/index.html","https://1004테라피.shop/shops/other/changwon/seongsan-gu/중앙동/경남테라피/","False","True",""
"업체상세","shops/other/changwon/uichang-gu/대산면/경남테라피/index.html","https://1004테라피.shop/shops/other/changwon/uichang-gu/대산면/경남테라피/","False","True",""
"업체상세","shops/other/changwon/uichang-gu/동읍/경남테라피/index.html","https://1004테라피.shop/shops/other/changwon/uichang-gu/동읍/경남테라피/","False","True",""
"업체상세","shops/other/changwon/uichang-gu/명곡동/경남테라피/index.html","https://1004테라피.shop/shops/other/changwon/uichang-gu/명곡동/경남테라피/","False","True",""
"업체상세","shops/other/changwon/uichang-gu/봉림동/경남테라피/index.html","https://1004테라피.shop/shops/other/changwon/uichang-gu/봉림동/경남테라피/","False","True",""
"업체상세","shops/other/changwon/uichang-gu/북면/경남테라피/index.html","https://1004테라피.shop/shops/other/changwon/uichang-gu/북면/경남테라피/","False","True",""
"업체상세","shops/other/changwon/uichang-gu/의창동/경남테라피/index.html","https://1004테라피.shop/shops/other/changwon/uichang-gu/의창동/경남테라피/","False","True",""
"업체상세","shops/other/changwon/uichang-gu/팔룡동/경남테라피/index.html","https://1004테라피.shop/shops/other/changwon/uichang-gu/팔룡동/경남테라피/","False","True",""
"업체상세","shops/other/changwon/jinhae-gu/경화동/경남테라피/index.html","https://1004테라피.shop/shops/other/changwon/jinhae-gu/경화동/경남테라피/","False","True",""
"업체상세","shops/other/changwon/jinhae-gu/덕산동/경남테라피/index.html","https://1004테라피.shop/shops/other/changwon/jinhae-gu/덕산동/경남테라피/","False","True",""
"업체상세","shops/other/changwon/jinhae-gu/병암동/경남테라피/index.html","https://1004테라피.shop/shops/other/changwon/jinhae-gu/병암동/경남테라피/","False","True",""
"업체상세","shops/other/changwon/jinhae-gu/석동/경남테라피/index.html","https://1004테라피.shop/shops/other/changwon/jinhae-gu/석동/경남테라피/","False","True",""
"업체상세","shops/other/changwon/jinhae-gu/여좌동/경남테라피/index.html","https://1004테라피.shop/shops/other/changwon/jinhae-gu/여좌동/경남테라피/","False","True",""
"업체상세","shops/other/changwon/jinhae-gu/웅동동/경남테라피/index.html","https://1004테라피.shop/shops/other/changwon/jinhae-gu/웅동동/경남테라피/","False","True",""
"업체상세","shops/other/changwon/jinhae-gu/웅천동/경남테라피/index.html","https://1004테라피.shop/shops/other/changwon/jinhae-gu/웅천동/경남테라피/","False","True",""
"업체상세","shops/other/changwon/jinhae-gu/이동/경남테라피/index.html","https://1004테라피.shop/shops/other/changwon/jinhae-gu/이동/경남테라피/","False","True",""
"업체상세","shops/other/changwon/jinhae-gu/자은동/경남테라피/index.html","https://1004테라피.shop/shops/other/changwon/jinhae-gu/자은동/경남테라피/","False","True",""
"업체상세","shops/other/changwon/jinhae-gu/충무동/경남테라피/index.html","https://1004테라피.shop/shops/other/changwon/jinhae-gu/충무동/경남테라피/","False","True",""
"업체상세","shops/other/changwon/jinhae-gu/태백동/경남테라피/index.html","https://1004테라피.shop/shops/other/changwon/jinhae-gu/태백동/경남테라피/","False","True",""
"업체상세","shops/other/changwon/jinhae-gu/풍호동/경남테라피/index.html","https://1004테라피.shop/shops/other/changwon/jinhae-gu/풍호동/경남테라피/","False","True",""
"업체상세","shops/other/gwangju/gwangsan-gu/도산동/나비테라피/index.html","https://1004테라피.shop/shops/other/gwangju/gwangsan-gu/도산동/나비테라피/","False","True",""
"업체상세","shops/other/gwangju/gwangsan-gu/동곡동/나비테라피/index.html","https://1004테라피.shop/shops/other/gwangju/gwangsan-gu/동곡동/나비테라피/","False","True",""
"업체상세","shops/other/gwangju/gwangsan-gu/본량동/나비테라피/index.html","https://1004테라피.shop/shops/other/gwangju/gwangsan-gu/본량동/나비테라피/","False","True",""
"업체상세","shops/other/gwangju/gwangsan-gu/비아동/나비테라피/index.html","https://1004테라피.shop/shops/other/gwangju/gwangsan-gu/비아동/나비테라피/","False","True",""
"업체상세","shops/other/gwangju/gwangsan-gu/삼도동/나비테라피/index.html","https://1004테라피.shop/shops/other/gwangju/gwangsan-gu/삼도동/나비테라피/","False","True",""
"업체상세","shops/other/gwangju/gwangsan-gu/송정동/나비테라피/index.html","https://1004테라피.shop/shops/other/gwangju/gwangsan-gu/송정동/나비테라피/","False","True",""
"업체상세","shops/other/gwangju/gwangsan-gu/수완동/나비테라피/index.html","https://1004테라피.shop/shops/other/gwangju/gwangsan-gu/수완동/나비테라피/","False","True",""
"업체상세","shops/other/gwangju/gwangsan-gu/신가동/나비테라피/index.html","https://1004테라피.shop/shops/other/gwangju/gwangsan-gu/신가동/나비테라피/","False","True",""
"업체상세","shops/other/gwangju/gwangsan-gu/신창동/나비테라피/index.html","https://1004테라피.shop/shops/other/gwangju/gwangsan-gu/신창동/나비테라피/","False","True",""
"업체상세","shops/other/gwangju/gwangsan-gu/신흥동/나비테라피/index.html","https://1004테라피.shop/shops/other/gwangju/gwangsan-gu/신흥동/나비테라피/","False","True",""
"업체상세","shops/other/gwangju/gwangsan-gu/어룡동/나비테라피/index.html","https://1004테라피.shop/shops/other/gwangju/gwangsan-gu/어룡동/나비테라피/","False","True",""
"업체상세","shops/other/gwangju/gwangsan-gu/우산동/나비테라피/index.html","https://1004테라피.shop/shops/other/gwangju/gwangsan-gu/우산동/나비테라피/","False","True",""
"업체상세","shops/other/gwangju/gwangsan-gu/운남동/나비테라피/index.html","https://1004테라피.shop/shops/other/gwangju/gwangsan-gu/운남동/나비테라피/","False","True",""
"업체상세","shops/other/gwangju/gwangsan-gu/월곡동/나비테라피/index.html","https://1004테라피.shop/shops/other/gwangju/gwangsan-gu/월곡동/나비테라피/","False","True",""
"업체상세","shops/other/gwangju/gwangsan-gu/임곡동/나비테라피/index.html","https://1004테라피.shop/shops/other/gwangju/gwangsan-gu/임곡동/나비테라피/","False","True",""
"업체상세","shops/other/gwangju/gwangsan-gu/첨단동/나비테라피/index.html","https://1004테라피.shop/shops/other/gwangju/gwangsan-gu/첨단동/나비테라피/","False","True",""
"업체상세","shops/other/gwangju/gwangsan-gu/평동/나비테라피/index.html","https://1004테라피.shop/shops/other/gwangju/gwangsan-gu/평동/나비테라피/","False","True",""
"업체상세","shops/other/gwangju/gwangsan-gu/하남동/나비테라피/index.html","https://1004테라피.shop/shops/other/gwangju/gwangsan-gu/하남동/나비테라피/","False","True",""
"업체상세","shops/other/gwangju/nam-gu/대촌동/나비테라피/index.html","https://1004테라피.shop/shops/other/gwangju/nam-gu/대촌동/나비테라피/","False","True",""
"업체상세","shops/other/gwangju/nam-gu/방림동/나비테라피/index.html","https://1004테라피.shop/shops/other/gwangju/nam-gu/방림동/나비테라피/","False","True",""
"업체상세","shops/other/gwangju/nam-gu/백운동/나비테라피/index.html","https://1004테라피.shop/shops/other/gwangju/nam-gu/백운동/나비테라피/","False","True",""
"업체상세","shops/other/gwangju/nam-gu/봉선동/나비테라피/index.html","https://1004테라피.shop/shops/other/gwangju/nam-gu/봉선동/나비테라피/","False","True",""
"업체상세","shops/other/gwangju/nam-gu/사직동/나비테라피/index.html","https://1004테라피.shop/shops/other/gwangju/nam-gu/사직동/나비테라피/","False","True",""
"업체상세","shops/other/gwangju/nam-gu/송암동/나비테라피/index.html","https://1004테라피.shop/shops/other/gwangju/nam-gu/송암동/나비테라피/","False","True",""
"업체상세","shops/other/gwangju/nam-gu/양림동/나비테라피/index.html","https://1004테라피.shop/shops/other/gwangju/nam-gu/양림동/나비테라피/","False","True",""
"업체상세","shops/other/gwangju/nam-gu/월산동/나비테라피/index.html","https://1004테라피.shop/shops/other/gwangju/nam-gu/월산동/나비테라피/","False","True",""
"업체상세","shops/other/gwangju/nam-gu/주월동/나비테라피/index.html","https://1004테라피.shop/shops/other/gwangju/nam-gu/주월동/나비테라피/","False","True",""
"업체상세","shops/other/gwangju/nam-gu/진월동/나비테라피/index.html","https://1004테라피.shop/shops/other/gwangju/nam-gu/진월동/나비테라피/","False","True",""
"업체상세","shops/other/gwangju/nam-gu/효덕동/나비테라피/index.html","https://1004테라피.shop/shops/other/gwangju/nam-gu/효덕동/나비테라피/","False","True",""
"업체상세","shops/other/gwangju/dong-gu/계림동/나비테라피/index.html","https://1004테라피.shop/shops/other/gwangju/dong-gu/계림동/나비테라피/","False","True",""
"업체상세","shops/other/gwangju/dong-gu/동명동/나비테라피/index.html","https://1004테라피.shop/shops/other/gwangju/dong-gu/동명동/나비테라피/","False","True",""
"업체상세","shops/other/gwangju/dong-gu/산수동/나비테라피/index.html","https://1004테라피.shop/shops/other/gwangju/dong-gu/산수동/나비테라피/","False","True",""
"업체상세","shops/other/gwangju/dong-gu/서남동/나비테라피/index.html","https://1004테라피.shop/shops/other/gwangju/dong-gu/서남동/나비테라피/","False","True",""
"업체상세","shops/other/gwangju/dong-gu/지산동/나비테라피/index.html","https://1004테라피.shop/shops/other/gwangju/dong-gu/지산동/나비테라피/","False","True",""
"업체상세","shops/other/gwangju/dong-gu/지원동/나비테라피/index.html","https://1004테라피.shop/shops/other/gwangju/dong-gu/지원동/나비테라피/","False","True",""
"업체상세","shops/other/gwangju/dong-gu/충장동/나비테라피/index.html","https://1004테라피.shop/shops/other/gwangju/dong-gu/충장동/나비테라피/","False","True",""
"업체상세","shops/other/gwangju/dong-gu/학동/나비테라피/index.html","https://1004테라피.shop/shops/other/gwangju/dong-gu/학동/나비테라피/","False","True",""
"업체상세","shops/other/gwangju/dong-gu/학운동/나비테라피/index.html","https://1004테라피.shop/shops/other/gwangju/dong-gu/학운동/나비테라피/","False","True",""
"업체상세","shops/other/gwangju/buk-gu/건국동/나비테라피/index.html","https://1004테라피.shop/shops/other/gwangju/buk-gu/건국동/나비테라피/","False","True",""
"업체상세","shops/other/gwangju/buk-gu/동림동/나비테라피/index.html","https://1004테라피.shop/shops/other/gwangju/buk-gu/동림동/나비테라피/","False","True",""
"업체상세","shops/other/gwangju/buk-gu/두암동/나비테라피/index.html","https://1004테라피.shop/shops/other/gwangju/buk-gu/두암동/나비테라피/","False","True",""
"업체상세","shops/other/gwangju/buk-gu/매곡동/나비테라피/index.html","https://1004테라피.shop/shops/other/gwangju/buk-gu/매곡동/나비테라피/","False","True",""
"업체상세","shops/other/gwangju/buk-gu/문화동/나비테라피/index.html","https://1004테라피.shop/shops/other/gwangju/buk-gu/문화동/나비테라피/","False","True",""
"업체상세","shops/other/gwangju/buk-gu/문흥동/나비테라피/index.html","https://1004테라피.shop/shops/other/gwangju/buk-gu/문흥동/나비테라피/","False","True",""
"업체상세","shops/other/gwangju/buk-gu/삼각동/나비테라피/index.html","https://1004테라피.shop/shops/other/gwangju/buk-gu/삼각동/나비테라피/","False","True",""
"업체상세","shops/other/gwangju/buk-gu/석곡동/나비테라피/index.html","https://1004테라피.shop/shops/other/gwangju/buk-gu/석곡동/나비테라피/","False","True",""
"업체상세","shops/other/gwangju/buk-gu/신안동/나비테라피/index.html","https://1004테라피.shop/shops/other/gwangju/buk-gu/신안동/나비테라피/","False","True",""
"업체상세","shops/other/gwangju/buk-gu/신용동/나비테라피/index.html","https://1004테라피.shop/shops/other/gwangju/buk-gu/신용동/나비테라피/","False","True",""
"업체상세","shops/other/gwangju/buk-gu/양산동/나비테라피/index.html","https://1004테라피.shop/shops/other/gwangju/buk-gu/양산동/나비테라피/","False","True",""
"업체상세","shops/other/gwangju/buk-gu/오치동/나비테라피/index.html","https://1004테라피.shop/shops/other/gwangju/buk-gu/오치동/나비테라피/","False","True",""
"업체상세","shops/other/gwangju/buk-gu/용봉동/나비테라피/index.html","https://1004테라피.shop/shops/other/gwangju/buk-gu/용봉동/나비테라피/","False","True",""
"업체상세","shops/other/gwangju/buk-gu/우산동/나비테라피/index.html","https://1004테라피.shop/shops/other/gwangju/buk-gu/우산동/나비테라피/","False","True",""
"업체상세","shops/other/gwangju/buk-gu/운암동/나비테라피/index.html","https://1004테라피.shop/shops/other/gwangju/buk-gu/운암동/나비테라피/","False","True",""
"업체상세","shops/other/gwangju/buk-gu/일곡동/나비테라피/index.html","https://1004테라피.shop/shops/other/gwangju/buk-gu/일곡동/나비테라피/","False","True",""
"업체상세","shops/other/gwangju/buk-gu/임동/나비테라피/index.html","https://1004테라피.shop/shops/other/gwangju/buk-gu/임동/나비테라피/","False","True",""
"업체상세","shops/other/gwangju/buk-gu/중앙동/나비테라피/index.html","https://1004테라피.shop/shops/other/gwangju/buk-gu/중앙동/나비테라피/","False","True",""
"업체상세","shops/other/gwangju/buk-gu/중흥동/나비테라피/index.html","https://1004테라피.shop/shops/other/gwangju/buk-gu/중흥동/나비테라피/","False","True",""
"업체상세","shops/other/gwangju/buk-gu/풍향동/나비테라피/index.html","https://1004테라피.shop/shops/other/gwangju/buk-gu/풍향동/나비테라피/","False","True",""
"업체상세","shops/other/gwangju/seo-gu/광천동/나비테라피/index.html","https://1004테라피.shop/shops/other/gwangju/seo-gu/광천동/나비테라피/","False","True",""
"업체상세","shops/other/gwangju/seo-gu/금호동/나비테라피/index.html","https://1004테라피.shop/shops/other/gwangju/seo-gu/금호동/나비테라피/","False","True",""
"업체상세","shops/other/gwangju/seo-gu/농성동/나비테라피/index.html","https://1004테라피.shop/shops/other/gwangju/seo-gu/농성동/나비테라피/","False","True",""
"업체상세","shops/other/gwangju/seo-gu/동천동/나비테라피/index.html","https://1004테라피.shop/shops/other/gwangju/seo-gu/동천동/나비테라피/","False","True",""
"업체상세","shops/other/gwangju/seo-gu/상무동/나비테라피/index.html","https://1004테라피.shop/shops/other/gwangju/seo-gu/상무동/나비테라피/","False","True",""
"업체상세","shops/other/gwangju/seo-gu/서창동/나비테라피/index.html","https://1004테라피.shop/shops/other/gwangju/seo-gu/서창동/나비테라피/","False","True",""
"업체상세","shops/other/gwangju/seo-gu/양동/나비테라피/index.html","https://1004테라피.shop/shops/other/gwangju/seo-gu/양동/나비테라피/","False","True",""
"업체상세","shops/other/gwangju/seo-gu/유덕동/나비테라피/index.html","https://1004테라피.shop/shops/other/gwangju/seo-gu/유덕동/나비테라피/","False","True",""
"업체상세","shops/other/gwangju/seo-gu/치평동/나비테라피/index.html","https://1004테라피.shop/shops/other/gwangju/seo-gu/치평동/나비테라피/","False","True",""
"업체상세","shops/other/gwangju/seo-gu/풍암동/나비테라피/index.html","https://1004테라피.shop/shops/other/gwangju/seo-gu/풍암동/나비테라피/","False","True",""
"업체상세","shops/other/gwangju/seo-gu/화정동/나비테라피/index.html","https://1004테라피.shop/shops/other/gwangju/seo-gu/화정동/나비테라피/","False","True",""
"기타","premium/index.html","https://1004테라피.shop/premium/","False","True",""
"기타","mypage/index.html","https://1004테라피.shop/mypage/","True","False",""
"기타","community/index.html","https://1004테라피.shop/community/","False","True",""
"기타","blog/index.html","https://1004테라피.shop/blog/","False","True",""
"기타","terms/index.html","https://1004테라피.shop/terms/","False","True",""
"기타","join/index.html","https://1004테라피.shop/join/","True","False",""
"기타","region/index.html","https://1004테라피.shop/region/","False","True",""
"기타","special/index.html","https://1004테라피.shop/special/","False","True",""
"기타","subway/index.html","https://1004테라피.shop/subway/","False","True",""
"기타","login/index.html","https://1004테라피.shop/login/","True","False",""
"기타","privacy/index.html","https://1004테라피.shop/privacy/","False","True",""
"기타","coupon/index.html","https://1004테라피.shop/coupon/","False","True",""
"기타","vip/index.html","https://1004테라피.shop/vip/","False","True",""
"기타","faq/index.html","https://1004테라피.shop/faq/","False","True",""
"기타","event/index.html","https://1004테라피.shop/event/","False","True",""
"기타","partner/index.html","https://1004테라피.shop/partner/","False","True",""
"기타","notice/index.html","https://1004테라피.shop/notice/","False","True",""
"기타","gapyeong/index.html","https://1004테라피.shop/gapyeong/","True","False",""
"기타","mapo-gu/index.html","https://1004테라피.shop/mapo-gu/","True","False",""
"기타","dobong-gu/index.html","https://1004테라피.shop/dobong-gu/","True","False",""
"기타","hanam/index.html","https://1004테라피.shop/hanam/","True","False",""
"기타","yeoju/index.html","https://1004테라피.shop/yeoju/","True","False",""
"기타","yangju/index.html","https://1004테라피.shop/yangju/","True","False",""
"기타","pocheon/index.html","https://1004테라피.shop/pocheon/","True","False",""
"기타","ansan/index.html","https://1004테라피.shop/ansan/","True","False",""
"기타","nowon-gu/index.html","https://1004테라피.shop/nowon-gu/","True","False",""
"기타","goyang/index.html","https://1004테라피.shop/goyang/","True","False",""
"기타","jung-gu/index.html","https://1004테라피.shop/jung-gu/","True","False",""
"기타","siheung/index.html","https://1004테라피.shop/siheung/","True","False",""
"기타","namyangju/index.html","https://1004테라피.shop/namyangju/","True","False",""
"기타","bupyeong-gu/index.html","https://1004테라피.shop/bupyeong-gu/","True","False",""
"기타","seongnam/index.html","https://1004테라피.shop/seongnam/","True","False",""
"기타","seongbuk-gu/index.html","https://1004테라피.shop/seongbuk-gu/","True","False",""
"기타","geomdan-gu/index.html","https://1004테라피.shop/geomdan-gu/","True","False",""
"기타","yeoncheon/index.html","https://1004테라피.shop/yeoncheon/","True","False",""
"기타","seodaemun-gu/index.html","https://1004테라피.shop/seodaemun-gu/","True","False",""
"기타","gwacheon/index.html","https://1004테라피.shop/gwacheon/","True","False",""
"기타","suwon/index.html","https://1004테라피.shop/suwon/","True","False",""
"기타","yeongdeungpo-gu/index.html","https://1004테라피.shop/yeongdeungpo-gu/","True","False",""
"기타","gangbuk-gu/index.html","https://1004테라피.shop/gangbuk-gu/","True","False",""
"기타","osan/index.html","https://1004테라피.shop/osan/","True","False",""
"기타","yongsan-gu/index.html","https://1004테라피.shop/yongsan-gu/","True","False",""
"기타","jungnang-gu/index.html","https://1004테라피.shop/jungnang-gu/","True","False",""
"기타","gimpo/index.html","https://1004테라피.shop/gimpo/","True","False",""
"기타","gwanak-gu/index.html","https://1004테라피.shop/gwanak-gu/","True","False",""
"기타","yongin/index.html","https://1004테라피.shop/yongin/","True","False",""
"기타","yeongjong-gu/index.html","https://1004테라피.shop/yeongjong-gu/","True","False",""
"기타","gunpo/index.html","https://1004테라피.shop/gunpo/","True","False",""
"기타","seocho-gu/index.html","https://1004테라피.shop/seocho-gu/","True","False",""
"기타","michuhol-gu/index.html","https://1004테라피.shop/michuhol-gu/","True","False",""
"기타","guro-gu/index.html","https://1004테라피.shop/guro-gu/","True","False",""
"기타","eunpyeong-gu/index.html","https://1004테라피.shop/eunpyeong-gu/","True","False",""
"기타","guri/index.html","https://1004테라피.shop/guri/","True","False",""
"기타","hwaseong/index.html","https://1004테라피.shop/hwaseong/","True","False",""
"기타","uijeongbu/index.html","https://1004테라피.shop/uijeongbu/","True","False",""
"기타","yangpyeong/index.html","https://1004테라피.shop/yangpyeong/","True","False",""
"기타","gangdong-gu/index.html","https://1004테라피.shop/gangdong-gu/","True","False",""
"기타","gangdong-gu/cheonho-amsa-riverside/index.html","https://1004테라피.shop/gangdong-gu/cheonho-amsa-riverside/","True","False",""
"기타","gangdong-gu/godeok-sangil-residential/index.html","https://1004테라피.shop/gangdong-gu/godeok-sangil-residential/","True","False",""
"기타","bucheon/index.html","https://1004테라피.shop/bucheon/","True","False",""
"기타","uiwang/index.html","https://1004테라피.shop/uiwang/","True","False",""
"기타","dongducheon/index.html","https://1004테라피.shop/dongducheon/","True","False",""
"기타","gangseo-gu/index.html","https://1004테라피.shop/gangseo-gu/","True","False",""
"기타","namdong-gu/index.html","https://1004테라피.shop/namdong-gu/","True","False",""
"기타","seohae-gu/index.html","https://1004테라피.shop/seohae-gu/","True","False",""
"기타","jongno-gu/index.html","https://1004테라피.shop/jongno-gu/","True","False",""
"기타","gyeyang-gu/index.html","https://1004테라피.shop/gyeyang-gu/","True","False",""
"기타","gwangmyeong/index.html","https://1004테라피.shop/gwangmyeong/","True","False",""
"기타","jemulpo-gu/index.html","https://1004테라피.shop/jemulpo-gu/","True","False",""
"기타","pyeongtaek/index.html","https://1004테라피.shop/pyeongtaek/","True","False",""
"기타","anyang/index.html","https://1004테라피.shop/anyang/","True","False",""
"기타","icheon/index.html","https://1004테라피.shop/icheon/","True","False",""
"기타","ganghwa-gun/index.html","https://1004테라피.shop/ganghwa-gun/","True","False",""
"기타","seongdong-gu/index.html","https://1004테라피.shop/seongdong-gu/","True","False",""
"기타","gwangjin-gu/index.html","https://1004테라피.shop/gwangjin-gu/","True","False",""
"기타","yangcheon-gu/index.html","https://1004테라피.shop/yangcheon-gu/","True","False",""
"기타","ongjin-gun/index.html","https://1004테라피.shop/ongjin-gun/","True","False",""
"기타","yeonsu-gu/index.html","https://1004테라피.shop/yeonsu-gu/","True","False",""
"기타","paju/index.html","https://1004테라피.shop/paju/","True","False",""
"기타","anseong/index.html","https://1004테라피.shop/anseong/","True","False",""
"기타","geumcheon-gu/index.html","https://1004테라피.shop/geumcheon-gu/","True","False",""
"기타","dongdaemun-gu/index.html","https://1004테라피.shop/dongdaemun-gu/","True","False",""
"기타","gangnam-gu/index.html","https://1004테라피.shop/gangnam-gu/","True","False",""
"기타","gwangju-gyeonggi/index.html","https://1004테라피.shop/gwangju-gyeonggi/","True","False",""
"기타","songpa-gu/index.html","https://1004테라피.shop/songpa-gu/","True","False",""
"기타","dongjak-gu/index.html","https://1004테라피.shop/dongjak-gu/","True","False",""
"지역SEO","massage/seoul/index.html","https://1004테라피.shop/massage/seoul/","False","True",""
"지역SEO","massage/seoul/seodaemun-gu/서대문구-출장마사지-홍제-북가좌-연희-집안일과-외출이-겹친-하루-어깨-허리-뻐근함-방문-홈케어/index.html","https://1004테라피.shop/massage/seoul/seodaemun-gu/서대문구-출장마사지-홍제-북가좌-연희-집안일과-외출이-겹친-하루-어깨-허리-뻐근함-방문-홈케어/","False","True",""
"지역SEO","massage/seoul/mapo-gu/마포구-출장마사지-공덕-연남-합정-오피스-근무와-프리랜서-일정-어깨-허리-피로-방문-홈케어/index.html","https://1004테라피.shop/massage/seoul/mapo-gu/마포구-출장마사지-공덕-연남-합정-오피스-근무와-프리랜서-일정-어깨-허리-피로-방문-홈케어/","False","True",""
"지역SEO","massage/seoul/jungnang-gu/중랑구-출장마사지-사가정-중화-면목-매장-운영과-반복적인-손-사용-손목-허리-피로-방문-홈케어/index.html","https://1004테라피.shop/massage/seoul/jungnang-gu/중랑구-출장마사지-사가정-중화-면목-매장-운영과-반복적인-손-사용-손목-허리-피로-방문-홈케어/","False","True",""
"지역SEO","massage/seoul/nowon-gu/노원구-출장마사지-상계-공릉-중계-육아와-집안일이-이어진-날-어깨-손목의-무거움-방문-홈케어/index.html","https://1004테라피.shop/massage/seoul/nowon-gu/노원구-출장마사지-상계-공릉-중계-육아와-집안일이-이어진-날-어깨-손목의-무거움-방문-홈케어/","False","True",""
"지역SEO","massage/seoul/dongjak-gu/동작구-출장마사지-상도-흑석-사당-긴-통근과-계단-이동이-이어진-날-허리-골반-주변-피로-방문-홈케어/index.html","https://1004테라피.shop/massage/seoul/dongjak-gu/동작구-출장마사지-상도-흑석-사당-긴-통근과-계단-이동이-이어진-날-허리-골반-주변-피로-방문-홈케어/","False","True",""
"지역SEO","massage/seoul/geumcheon-gu/금천구-출장마사지-독산-시흥-가산-제조-교대-일정이-길어진-날-허리-어깨-피로-방문-홈케어/index.html","https://1004테라피.shop/massage/seoul/geumcheon-gu/금천구-출장마사지-독산-시흥-가산-제조-교대-일정이-길어진-날-허리-어깨-피로-방문-홈케어/","False","True",""
"지역SEO","massage/seoul/gangbuk-gu/강북구-출장마사지-미아사거리-수유-번동-판매-미용-업무로-오래-서-있는-날-종아리-발-손목-피로-방문-홈케어/index.html","https://1004테라피.shop/massage/seoul/gangbuk-gu/강북구-출장마사지-미아사거리-수유-번동-판매-미용-업무로-오래-서-있는-날-종아리-발-손목-피로-방문-홈케어/","False","True",""
"지역SEO","massage/seoul/seocho-gu/서초구-출장마사지-양재-서초-강남대로-야근과-회의가-길어진-날-목-어깨-눈의-피로-방문-홈케어/index.html","https://1004테라피.shop/massage/seoul/seocho-gu/서초구-출장마사지-양재-서초-강남대로-야근과-회의가-길어진-날-목-어깨-눈의-피로-방문-홈케어/","False","True",""
"지역SEO","massage/seoul/dobong-gu/도봉구-출장마사지-방학-도봉-창동-생활-이동과-집안일이-겹친-날-허리-무릎-주변-피로-방문-홈케어/index.html","https://1004테라피.shop/massage/seoul/dobong-gu/도봉구-출장마사지-방학-도봉-창동-생활-이동과-집안일이-겹친-날-허리-무릎-주변-피로-방문-홈케어/","False","True",""
"지역SEO","massage/seoul/yongsan-gu/용산구-출장마사지-이촌-한강로-신용산-주거와-오피스를-오가는-긴-하루-어깨-허리-뻐근함-방문-홈케어/index.html","https://1004테라피.shop/massage/seoul/yongsan-gu/용산구-출장마사지-이촌-한강로-신용산-주거와-오피스를-오가는-긴-하루-어깨-허리-뻐근함-방문-홈케어/","False","True",""
"지역SEO","massage/seoul/gangdong-gu/강동구-출장마사지-둔촌-올림픽공원-일자산-입주-이사와-장시간-정리-전신-뭉침과-무거움-방문-홈케어/index.html","https://1004테라피.shop/massage/seoul/gangdong-gu/강동구-출장마사지-둔촌-올림픽공원-일자산-입주-이사와-장시간-정리-전신-뭉침과-무거움-방문-홈케어/","False","True",""
"지역SEO","massage/seoul/guro-gu/구로구-출장마사지-신도림-구로-대림-유통-판매-업무로-오래-선-날-다리-발의-무거움-방문-홈케어/index.html","https://1004테라피.shop/massage/seoul/guro-gu/구로구-출장마사지-신도림-구로-대림-유통-판매-업무로-오래-선-날-다리-발의-무거움-방문-홈케어/","False","True",""
"지역SEO","massage/seoul/gwanak-gu/관악구-출장마사지-서울대입구-샤로수길-신림-프리랜서-작업과-창업-일정-눈-목-어깨-피로-방문-홈케어/index.html","https://1004테라피.shop/massage/seoul/gwanak-gu/관악구-출장마사지-서울대입구-샤로수길-신림-프리랜서-작업과-창업-일정-눈-목-어깨-피로-방문-홈케어/","False","True",""
"지역SEO","massage/seoul/gwangjin-gu/광진구-출장마사지-구의-광나루-건대입구-재택업무와-장시간-화면-작업-목-손목의-뻐근함-방문-홈케어/index.html","https://1004테라피.shop/massage/seoul/gwangjin-gu/광진구-출장마사지-구의-광나루-건대입구-재택업무와-장시간-화면-작업-목-손목의-뻐근함-방문-홈케어/","False","True",""
"지역SEO","massage/seoul/dongdaemun-gu/동대문구-출장마사지-회기-이문-청량리-공부-연구가-길어진-날-목-어깨의-긴장감-방문-홈케어/index.html","https://1004테라피.shop/massage/seoul/dongdaemun-gu/동대문구-출장마사지-회기-이문-청량리-공부-연구가-길어진-날-목-어깨의-긴장감-방문-홈케어/","False","True",""
"지역SEO","massage/seoul/jongno-gu/종로구-출장마사지-혜화-대학로-종로5가-공연-관람-뒤-오래-걷는-일정-다리-발의-무거움-방문-홈케어/index.html","https://1004테라피.shop/massage/seoul/jongno-gu/종로구-출장마사지-혜화-대학로-종로5가-공연-관람-뒤-오래-걷는-일정-다리-발의-무거움-방문-홈케어/","False","True",""
"지역SEO","massage/seoul/seongdong-gu/성동구-출장마사지-왕십리-행당-성수-통근과-약속이-이어진-하루-전신-피로-방문-홈케어/index.html","https://1004테라피.shop/massage/seoul/seongdong-gu/성동구-출장마사지-왕십리-행당-성수-통근과-약속이-이어진-하루-전신-피로-방문-홈케어/","False","True",""
"지역SEO","massage/seoul/seongbuk-gu/성북구-출장마사지-정릉-돈암-길음-집안일과-일상-활동이-길어진-날-어깨-목의-뻐근함-방문-홈케어/index.html","https://1004테라피.shop/massage/seoul/seongbuk-gu/성북구-출장마사지-정릉-돈암-길음-집안일과-일상-활동이-길어진-날-어깨-목의-뻐근함-방문-홈케어/","False","True",""
"지역SEO","massage/seoul/yeongdeungpo-gu/영등포구-출장마사지-문래-영등포-여의도-판매-제조-오피스-일정이-겹친-날-다리-손목-피로-방문-홈케어/index.html","https://1004테라피.shop/massage/seoul/yeongdeungpo-gu/영등포구-출장마사지-문래-영등포-여의도-판매-제조-오피스-일정이-겹친-날-다리-손목-피로-방문-홈케어/","False","True",""
"지역SEO","massage/seoul/songpa-gu/송파구-출장마사지-문정-법조타운-잠실-야근과-장시간-화면-업무-어깨-목-눈의-피로-방문-홈케어/index.html","https://1004테라피.shop/massage/seoul/songpa-gu/송파구-출장마사지-문정-법조타운-잠실-야근과-장시간-화면-업무-어깨-목-눈의-피로-방문-홈케어/","False","True",""
"지역SEO","massage/seoul/eunpyeong-gu/은평구-출장마사지-응암-역촌-불광-생활-이동과-장보기-일정-허리-어깨-피로-방문-홈케어/index.html","https://1004테라피.shop/massage/seoul/eunpyeong-gu/은평구-출장마사지-응암-역촌-불광-생활-이동과-장보기-일정-허리-어깨-피로-방문-홈케어/","False","True",""
"지역SEO","massage/seoul/jung-gu/중구-출장마사지-신당-동대문시장-을지로-야간-영업과-장시간-서-있는-일정-다리-허리-피로-방문-홈케어/index.html","https://1004테라피.shop/massage/seoul/jung-gu/중구-출장마사지-신당-동대문시장-을지로-야간-영업과-장시간-서-있는-일정-다리-허리-피로-방문-홈케어/","False","True",""
"지역SEO","massage/seoul/gangnam-gu/강남구-출장마사지-압구정-청담-역삼-외출-미팅-일정이-길어진-날-목-어깨의-뻐근함-방문-홈케어/index.html","https://1004테라피.shop/massage/seoul/gangnam-gu/강남구-출장마사지-압구정-청담-역삼-외출-미팅-일정이-길어진-날-목-어깨의-뻐근함-방문-홈케어/","False","True",""
"지역SEO","massage/seoul/yangcheon-gu/양천구-출장마사지-신정-신월-목동-강의와-장시간-발성이-이어진-날-목-어깨의-뻐근함-방문-홈케어/index.html","https://1004테라피.shop/massage/seoul/yangcheon-gu/양천구-출장마사지-신정-신월-목동-강의와-장시간-발성이-이어진-날-목-어깨의-뻐근함-방문-홈케어/","False","True",""
"지역SEO","massage/seoul/gangseo-gu/강서구-출장마사지-가양-등촌-마곡-육아와-집안일이-길어진-날-어깨-손목-허리-피로-방문-홈케어/index.html","https://1004테라피.shop/massage/seoul/gangseo-gu/강서구-출장마사지-가양-등촌-마곡-육아와-집안일이-길어진-날-어깨-손목-허리-피로-방문-홈케어/","False","True",""
"지역SEO","massage/gyeonggi/index.html","https://1004테라피.shop/massage/gyeonggi/","False","True",""
"지역SEO","massage/gyeonggi/goyang/고양시-출장마사지-일산-대화-백석-전시-행사와-장시간-보행-일정-다리-어깨-피로-방문-홈케어/index.html","https://1004테라피.shop/massage/gyeonggi/goyang/고양시-출장마사지-일산-대화-백석-전시-행사와-장시간-보행-일정-다리-어깨-피로-방문-홈케어/","False","True",""
"지역SEO","massage/gyeonggi/goyang/deogyang-gu/고양시-덕양구-출장마사지-동별-생활권-지역안내/index.html","https://1004테라피.shop/massage/gyeonggi/goyang/deogyang-gu/고양시-덕양구-출장마사지-동별-생활권-지역안내/","False","True",""
"지역SEO","massage/gyeonggi/goyang/ilsandong-gu/고양시-일산동구-출장마사지-동별-생활권-지역안내/index.html","https://1004테라피.shop/massage/gyeonggi/goyang/ilsandong-gu/고양시-일산동구-출장마사지-동별-생활권-지역안내/","False","True",""
"지역SEO","massage/gyeonggi/goyang/ilsanseo-gu/고양시-일산서구-출장마사지-동별-생활권-지역안내/index.html","https://1004테라피.shop/massage/gyeonggi/goyang/ilsanseo-gu/고양시-일산서구-출장마사지-동별-생활권-지역안내/","False","True",""
"지역SEO","massage/gyeonggi/uijeongbu/의정부시-출장마사지-민락-회룡-의정부역-통근과-생활-이동이-겹친-날-허리-다리-피로-방문-홈케어/index.html","https://1004테라피.shop/massage/gyeonggi/uijeongbu/의정부시-출장마사지-민락-회룡-의정부역-통근과-생활-이동이-겹친-날-허리-다리-피로-방문-홈케어/","False","True",""
"지역SEO","massage/gyeonggi/ansan/안산시-출장마사지-중앙-고잔-선부-산업단지-통근과-현장-일정-어깨-허리-피로-방문-홈케어/index.html","https://1004테라피.shop/massage/gyeonggi/ansan/안산시-출장마사지-중앙-고잔-선부-산업단지-통근과-현장-일정-어깨-허리-피로-방문-홈케어/","False","True",""
"지역SEO","massage/gyeonggi/ansan/danwon-gu/안산시-단원구-출장마사지-동별-생활권-지역안내/index.html","https://1004테라피.shop/massage/gyeonggi/ansan/danwon-gu/안산시-단원구-출장마사지-동별-생활권-지역안내/","False","True",""
"지역SEO","massage/gyeonggi/ansan/sangnok-gu/안산시-상록구-출장마사지-동별-생활권-지역안내/index.html","https://1004테라피.shop/massage/gyeonggi/ansan/sangnok-gu/안산시-상록구-출장마사지-동별-생활권-지역안내/","False","True",""
"지역SEO","massage/gyeonggi/suwon/수원시-출장마사지-광교-인계-수원역-출퇴근과-상권-이동이-길어진-날-어깨-허리-피로-방문-홈케어/index.html","https://1004테라피.shop/massage/gyeonggi/suwon/수원시-출장마사지-광교-인계-수원역-출퇴근과-상권-이동이-길어진-날-어깨-허리-피로-방문-홈케어/","False","True",""
"지역SEO","massage/gyeonggi/suwon/gwonseon-gu/수원시-권선구-출장마사지-동별-생활권-지역안내/index.html","https://1004테라피.shop/massage/gyeonggi/suwon/gwonseon-gu/수원시-권선구-출장마사지-동별-생활권-지역안내/","False","True",""
"지역SEO","massage/gyeonggi/suwon/yeongtong-gu/수원시-영통구-출장마사지-동별-생활권-지역안내/index.html","https://1004테라피.shop/massage/gyeonggi/suwon/yeongtong-gu/수원시-영통구-출장마사지-동별-생활권-지역안내/","False","True",""
"지역SEO","massage/gyeonggi/suwon/jangan-gu/수원시-장안구-출장마사지-동별-생활권-지역안내/index.html","https://1004테라피.shop/massage/gyeonggi/suwon/jangan-gu/수원시-장안구-출장마사지-동별-생활권-지역안내/","False","True",""
"지역SEO","massage/gyeonggi/suwon/paldal-gu/수원시-팔달구-출장마사지-동별-생활권-지역안내/index.html","https://1004테라피.shop/massage/gyeonggi/suwon/paldal-gu/수원시-팔달구-출장마사지-동별-생활권-지역안내/","False","True",""
"지역SEO","massage/gyeonggi/anseong/안성시-출장마사지-공도-석정-대덕-산업-통근과-장시간-운전-허리-다리-피로-방문-홈케어/index.html","https://1004테라피.shop/massage/gyeonggi/anseong/안성시-출장마사지-공도-석정-대덕-산업-통근과-장시간-운전-허리-다리-피로-방문-홈케어/","False","True",""
"지역SEO","massage/gyeonggi/uiwang/의왕시-출장마사지-내손-포일-오전-오피스-통근과-장시간-앉은-업무-목-허리-피로-방문-홈케어/index.html","https://1004테라피.shop/massage/gyeonggi/uiwang/의왕시-출장마사지-내손-포일-오전-오피스-통근과-장시간-앉은-업무-목-허리-피로-방문-홈케어/","False","True",""
"지역SEO","massage/gyeonggi/seongnam/성남시-출장마사지-판교-정자-야탑-IT-오피스-업무와-긴-화면-작업-목-손목의-뻐근함-방문-홈케어/index.html","https://1004테라피.shop/massage/gyeonggi/seongnam/성남시-출장마사지-판교-정자-야탑-IT-오피스-업무와-긴-화면-작업-목-손목의-뻐근함-방문-홈케어/","False","True",""
"지역SEO","massage/gyeonggi/seongnam/bundang-gu/성남시-분당구-출장마사지-동별-생활권-지역안내/index.html","https://1004테라피.shop/massage/gyeonggi/seongnam/bundang-gu/성남시-분당구-출장마사지-동별-생활권-지역안내/","False","True",""
"지역SEO","massage/gyeonggi/seongnam/sujeong-gu/성남시-수정구-출장마사지-동별-생활권-지역안내/index.html","https://1004테라피.shop/massage/gyeonggi/seongnam/sujeong-gu/성남시-수정구-출장마사지-동별-생활권-지역안내/","False","True",""
"지역SEO","massage/gyeonggi/seongnam/jungwon-gu/성남시-중원구-출장마사지-동별-생활권-지역안내/index.html","https://1004테라피.shop/massage/gyeonggi/seongnam/jungwon-gu/성남시-중원구-출장마사지-동별-생활권-지역안내/","False","True",""
"지역SEO","massage/gyeonggi/gwacheon/과천시-출장마사지-중앙-별양-정부과천청사-오피스-통근과-회의-일정-목-어깨-피로-방문-홈케어/index.html","https://1004테라피.shop/massage/gyeonggi/gwacheon/과천시-출장마사지-중앙-별양-정부과천청사-오피스-통근과-회의-일정-목-어깨-피로-방문-홈케어/","False","True",""
"지역SEO","massage/gyeonggi/gimpo/김포시-출장마사지-장기-구래-마산-신도시-통근과-대중교통-이동-어깨-다리-피로-방문-홈케어/index.html","https://1004테라피.shop/massage/gyeonggi/gimpo/김포시-출장마사지-장기-구래-마산-신도시-통근과-대중교통-이동-어깨-다리-피로-방문-홈케어/","False","True",""
"지역SEO","massage/gyeonggi/yeoju/여주시-출장마사지-오학-홍문-여주역-쇼핑-업무와-차량-이동이-겹친-날-다리-허리-피로-방문-홈케어/index.html","https://1004테라피.shop/massage/gyeonggi/yeoju/여주시-출장마사지-오학-홍문-여주역-쇼핑-업무와-차량-이동이-겹친-날-다리-허리-피로-방문-홈케어/","False","True",""
"지역SEO","massage/gyeonggi/pocheon/포천시-출장마사지-소흘-송우리-포천동-장거리-차량-이동과-현장-일정-허리-어깨-피로-방문-홈케어/index.html","https://1004테라피.shop/massage/gyeonggi/pocheon/포천시-출장마사지-소흘-송우리-포천동-장거리-차량-이동과-현장-일정-허리-어깨-피로-방문-홈케어/","False","True",""
"지역SEO","massage/gyeonggi/dongducheon/동두천시-출장마사지-지행-생연-보산-광역-통근과-생활-이동이-긴-날-어깨-허리-피로-방문-홈케어/index.html","https://1004테라피.shop/massage/gyeonggi/dongducheon/동두천시-출장마사지-지행-생연-보산-광역-통근과-생활-이동이-긴-날-어깨-허리-피로-방문-홈케어/","False","True",""
"지역SEO","massage/gyeonggi/yeoncheon/연천군-출장마사지-전곡-연천읍-청산-장거리-운전과-외곽-이동-허리-다리-피로-방문-홈케어/index.html","https://1004테라피.shop/massage/gyeonggi/yeoncheon/연천군-출장마사지-전곡-연천읍-청산-장거리-운전과-외곽-이동-허리-다리-피로-방문-홈케어/","False","True",""
"지역SEO","massage/gyeonggi/guri/구리시-출장마사지-인창-갈매-수택-서울-통근과-생활-이동이-긴-날-목-허리-피로-방문-홈케어/index.html","https://1004테라피.shop/massage/gyeonggi/guri/구리시-출장마사지-인창-갈매-수택-서울-통근과-생활-이동이-긴-날-목-허리-피로-방문-홈케어/","False","True",""
"지역SEO","massage/gyeonggi/yangpyeong/양평군-출장마사지-양평읍-용문-양서-주말-차량-이동과-외출-일정-허리-다리-피로-방문-홈케어/index.html","https://1004테라피.shop/massage/gyeonggi/yangpyeong/양평군-출장마사지-양평읍-용문-양서-주말-차량-이동과-외출-일정-허리-다리-피로-방문-홈케어/","False","True",""
"지역SEO","massage/gyeonggi/icheon/이천시-출장마사지-창전-부발-증포-물류-산업-업무와-장시간-이동-어깨-허리-피로-방문-홈케어/index.html","https://1004테라피.shop/massage/gyeonggi/icheon/이천시-출장마사지-창전-부발-증포-물류-산업-업무와-장시간-이동-어깨-허리-피로-방문-홈케어/","False","True",""
"지역SEO","massage/gyeonggi/pyeongtaek/평택시-출장마사지-고덕-송탄-평택역-교대-근무와-장시간-이동-다리-어깨-피로-방문-홈케어/index.html","https://1004테라피.shop/massage/gyeonggi/pyeongtaek/평택시-출장마사지-고덕-송탄-평택역-교대-근무와-장시간-이동-다리-어깨-피로-방문-홈케어/","False","True",""
"지역SEO","massage/gyeonggi/osan/오산시-출장마사지-세교-오산역-원동-출퇴근과-환승-이동이-길어진-날-목-다리-피로-방문-홈케어/index.html","https://1004테라피.shop/massage/gyeonggi/osan/오산시-출장마사지-세교-오산역-원동-출퇴근과-환승-이동이-길어진-날-목-다리-피로-방문-홈케어/","False","True",""
"지역SEO","massage/gyeonggi/gunpo/군포시-출장마사지-산본-금정-당동-지하철-통근과-장시간-보행-다리-허리-피로-방문-홈케어/index.html","https://1004테라피.shop/massage/gyeonggi/gunpo/군포시-출장마사지-산본-금정-당동-지하철-통근과-장시간-보행-다리-허리-피로-방문-홈케어/","False","True",""
"지역SEO","massage/gyeonggi/hanam/하남시-출장마사지-미사-감일-덕풍-신도시-생활과-집안-정리-일정-어깨-허리-피로-방문-홈케어/index.html","https://1004테라피.shop/massage/gyeonggi/hanam/하남시-출장마사지-미사-감일-덕풍-신도시-생활과-집안-정리-일정-어깨-허리-피로-방문-홈케어/","False","True",""
"지역SEO","massage/gyeonggi/gapyeong/가평군-출장마사지-가평읍-청평-설악-여행-숙박과-장시간-이동-다리-허리-피로-방문-홈케어/index.html","https://1004테라피.shop/massage/gyeonggi/gapyeong/가평군-출장마사지-가평읍-청평-설악-여행-숙박과-장시간-이동-다리-허리-피로-방문-홈케어/","False","True",""
"지역SEO","massage/gyeonggi/hwaseong/화성시-출장마사지-동탄-병점-향남-신도시-생활과-가족-일정-어깨-허리-피로-방문-홈케어/index.html","https://1004테라피.shop/massage/gyeonggi/hwaseong/화성시-출장마사지-동탄-병점-향남-신도시-생활과-가족-일정-어깨-허리-피로-방문-홈케어/","False","True",""
"지역SEO","massage/gyeonggi/hwaseong/dongtan-gu/화성시-동탄구-출장마사지-동별-생활권-지역안내/index.html","https://1004테라피.shop/massage/gyeonggi/hwaseong/dongtan-gu/화성시-동탄구-출장마사지-동별-생활권-지역안내/","False","True",""
"지역SEO","massage/gyeonggi/hwaseong/manse-gu/화성시-만세구-출장마사지-동별-생활권-지역안내/index.html","https://1004테라피.shop/massage/gyeonggi/hwaseong/manse-gu/화성시-만세구-출장마사지-동별-생활권-지역안내/","False","True",""
"지역SEO","massage/gyeonggi/hwaseong/byeongjeom-gu/화성시-병점구-출장마사지-동별-생활권-지역안내/index.html","https://1004테라피.shop/massage/gyeonggi/hwaseong/byeongjeom-gu/화성시-병점구-출장마사지-동별-생활권-지역안내/","False","True",""
"지역SEO","massage/gyeonggi/hwaseong/hyohaeng-gu/화성시-효행구-출장마사지-동별-생활권-지역안내/index.html","https://1004테라피.shop/massage/gyeonggi/hwaseong/hyohaeng-gu/화성시-효행구-출장마사지-동별-생활권-지역안내/","False","True",""
"지역SEO","massage/gyeonggi/gwangmyeong/광명시-출장마사지-광명역-철산-하안-출장과-광역-이동이-겹친-날-다리-허리-피로-방문-홈케어/index.html","https://1004테라피.shop/massage/gyeonggi/gwangmyeong/광명시-출장마사지-광명역-철산-하안-출장과-광역-이동이-겹친-날-다리-허리-피로-방문-홈케어/","False","True",""
"지역SEO","massage/gyeonggi/yangju/양주시-출장마사지-옥정-덕계-회천-가족-일정과-차량-이동이-겹친-날-허리-다리-피로-방문-홈케어/index.html","https://1004테라피.shop/massage/gyeonggi/yangju/양주시-출장마사지-옥정-덕계-회천-가족-일정과-차량-이동이-겹친-날-허리-다리-피로-방문-홈케어/","False","True",""
"지역SEO","massage/gyeonggi/anyang/안양시-출장마사지-평촌-범계-안양역-오피스-통근과-장시간-앉은-업무-목-허리-뻐근함-방문-홈케어/index.html","https://1004테라피.shop/massage/gyeonggi/anyang/안양시-출장마사지-평촌-범계-안양역-오피스-통근과-장시간-앉은-업무-목-허리-뻐근함-방문-홈케어/","False","True",""
"지역SEO","massage/gyeonggi/anyang/dongan-gu/안양시-동안구-출장마사지-동별-생활권-지역안내/index.html","https://1004테라피.shop/massage/gyeonggi/anyang/dongan-gu/안양시-동안구-출장마사지-동별-생활권-지역안내/","False","True",""
"지역SEO","massage/gyeonggi/anyang/manan-gu/안양시-만안구-출장마사지-동별-생활권-지역안내/index.html","https://1004테라피.shop/massage/gyeonggi/anyang/manan-gu/안양시-만안구-출장마사지-동별-생활권-지역안내/","False","True",""
"지역SEO","massage/gyeonggi/bucheon/부천시-출장마사지-중동-상동-부천역-쇼핑-서비스-업무로-오래-선-날-다리-발-피로-방문-홈케어/index.html","https://1004테라피.shop/massage/gyeonggi/bucheon/부천시-출장마사지-중동-상동-부천역-쇼핑-서비스-업무로-오래-선-날-다리-발-피로-방문-홈케어/","False","True",""
"지역SEO","massage/gyeonggi/bucheon/sosa-gu/부천시-소사구-출장마사지-동별-생활권-지역안내/index.html","https://1004테라피.shop/massage/gyeonggi/bucheon/sosa-gu/부천시-소사구-출장마사지-동별-생활권-지역안내/","False","True",""
"지역SEO","massage/gyeonggi/bucheon/ojeong-gu/부천시-오정구-출장마사지-동별-생활권-지역안내/index.html","https://1004테라피.shop/massage/gyeonggi/bucheon/ojeong-gu/부천시-오정구-출장마사지-동별-생활권-지역안내/","False","True",""
"지역SEO","massage/gyeonggi/bucheon/wonmi-gu/부천시-원미구-출장마사지-동별-생활권-지역안내/index.html","https://1004테라피.shop/massage/gyeonggi/bucheon/wonmi-gu/부천시-원미구-출장마사지-동별-생활권-지역안내/","False","True",""
"지역SEO","massage/gyeonggi/yongin/용인시-출장마사지-죽전-기흥-수지-긴-통근과-차량-이동이-겹친-날-허리-다리-피로-방문-홈케어/index.html","https://1004테라피.shop/massage/gyeonggi/yongin/용인시-출장마사지-죽전-기흥-수지-긴-통근과-차량-이동이-겹친-날-허리-다리-피로-방문-홈케어/","False","True",""
"지역SEO","massage/gyeonggi/yongin/giheung-gu/용인시-기흥구-출장마사지-동별-생활권-지역안내/index.html","https://1004테라피.shop/massage/gyeonggi/yongin/giheung-gu/용인시-기흥구-출장마사지-동별-생활권-지역안내/","False","True",""
"지역SEO","massage/gyeonggi/yongin/suji-gu/용인시-수지구-출장마사지-동별-생활권-지역안내/index.html","https://1004테라피.shop/massage/gyeonggi/yongin/suji-gu/용인시-수지구-출장마사지-동별-생활권-지역안내/","False","True",""
"지역SEO","massage/gyeonggi/yongin/cheoin-gu/용인시-처인구-출장마사지-동별-생활권-지역안내/index.html","https://1004테라피.shop/massage/gyeonggi/yongin/cheoin-gu/용인시-처인구-출장마사지-동별-생활권-지역안내/","False","True",""
"지역SEO","massage/gyeonggi/namyangju/남양주시-출장마사지-다산-별내-진접-차량-이동과-외곽-통근이-긴-날-허리-다리-피로-방문-홈케어/index.html","https://1004테라피.shop/massage/gyeonggi/namyangju/남양주시-출장마사지-다산-별내-진접-차량-이동과-외곽-통근이-긴-날-허리-다리-피로-방문-홈케어/","False","True",""
"지역SEO","massage/gyeonggi/siheung/시흥시-출장마사지-배곧-정왕-은계-산업-상업-업무로-오래-선-날-다리-발의-무거움-방문-홈케어/index.html","https://1004테라피.shop/massage/gyeonggi/siheung/시흥시-출장마사지-배곧-정왕-은계-산업-상업-업무로-오래-선-날-다리-발의-무거움-방문-홈케어/","False","True",""
"지역SEO","massage/gyeonggi/gwangju-gyeonggi/광주시-출장마사지-태전-경안-곤지암-차량-이동과-생활권-이동이-긴-날-허리-어깨-피로-방문-홈케어/index.html","https://1004테라피.shop/massage/gyeonggi/gwangju-gyeonggi/광주시-출장마사지-태전-경안-곤지암-차량-이동과-생활권-이동이-긴-날-허리-어깨-피로-방문-홈케어/","False","True",""
"지역SEO","massage/gyeonggi/paju/파주시-출장마사지-운정-금촌-문산-차량-통근과-장시간-운전-허리-어깨-피로-방문-홈케어/index.html","https://1004테라피.shop/massage/gyeonggi/paju/파주시-출장마사지-운정-금촌-문산-차량-통근과-장시간-운전-허리-어깨-피로-방문-홈케어/","False","True",""
"지역SEO","massage/incheon/index.html","https://1004테라피.shop/massage/incheon/","False","True",""
"지역SEO","massage/incheon/namdong-gu/남동구-출장마사지-구월-논현-간석-오피스와-쇼핑-일정이-겹친-날-다리-어깨-피로-방문-홈케어/index.html","https://1004테라피.shop/massage/incheon/namdong-gu/남동구-출장마사지-구월-논현-간석-오피스와-쇼핑-일정이-겹친-날-다리-어깨-피로-방문-홈케어/","False","True",""
"지역SEO","massage/incheon/yeongjong-gu/영종구-출장마사지-영종-운서-공항신도시-공항-이동과-여행-일정이-이어진-날-다리-허리-피로-방문-홈케어/index.html","https://1004테라피.shop/massage/incheon/yeongjong-gu/영종구-출장마사지-영종-운서-공항신도시-공항-이동과-여행-일정이-이어진-날-다리-허리-피로-방문-홈케어/","False","True",""
"지역SEO","massage/incheon/geomdan-gu/검단구-출장마사지-검단신도시-원당-불로-입주-이사와-신도시-정리-일정-어깨-허리-피로-방문-홈케어/index.html","https://1004테라피.shop/massage/incheon/geomdan-gu/검단구-출장마사지-검단신도시-원당-불로-입주-이사와-신도시-정리-일정-어깨-허리-피로-방문-홈케어/","False","True",""
"지역SEO","massage/incheon/michuhol-gu/미추홀구-출장마사지-주안-용현-도화-통근과-대학가-이동이-길어진-날-목-허리-피로-방문-홈케어/index.html","https://1004테라피.shop/massage/incheon/michuhol-gu/미추홀구-출장마사지-주안-용현-도화-통근과-대학가-이동이-길어진-날-목-허리-피로-방문-홈케어/","False","True",""
"지역SEO","massage/incheon/ongjin-gun/옹진군-출장마사지-영흥-백령-덕적-섬-이동과-숙박-일정이-길어진-날-다리-허리-피로-방문-홈케어/index.html","https://1004테라피.shop/massage/incheon/ongjin-gun/옹진군-출장마사지-영흥-백령-덕적-섬-이동과-숙박-일정이-길어진-날-다리-허리-피로-방문-홈케어/","False","True",""
"지역SEO","massage/incheon/bupyeong-gu/부평구-출장마사지-부평-삼산-갈산-쇼핑-서비스-업무로-오래-선-날-다리-손목-피로-방문-홈케어/index.html","https://1004테라피.shop/massage/incheon/bupyeong-gu/부평구-출장마사지-부평-삼산-갈산-쇼핑-서비스-업무로-오래-선-날-다리-손목-피로-방문-홈케어/","False","True",""
"지역SEO","massage/incheon/seohae-gu/서해구-출장마사지-청라-가정-석남-신도시-통근과-가족-일정이-겹친-날-허리-어깨-피로-방문-홈케어/index.html","https://1004테라피.shop/massage/incheon/seohae-gu/서해구-출장마사지-청라-가정-석남-신도시-통근과-가족-일정이-겹친-날-허리-어깨-피로-방문-홈케어/","False","True",""
"지역SEO","massage/incheon/yeonsu-gu/연수구-출장마사지-송도-연수-동춘-오피스-업무와-국제업무-일정이-길어진-날-목-눈-어깨-피로-방문-홈케어/index.html","https://1004테라피.shop/massage/incheon/yeonsu-gu/연수구-출장마사지-송도-연수-동춘-오피스-업무와-국제업무-일정이-길어진-날-목-눈-어깨-피로-방문-홈케어/","False","True",""
"지역SEO","massage/incheon/ganghwa-gun/강화군-출장마사지-강화읍-길상-불은-당일-여행과-차량-이동이-길어진-날-다리-허리-피로-방문-홈케어/index.html","https://1004테라피.shop/massage/incheon/ganghwa-gun/강화군-출장마사지-강화읍-길상-불은-당일-여행과-차량-이동이-길어진-날-다리-허리-피로-방문-홈케어/","False","True",""
"지역SEO","massage/incheon/gyeyang-gu/계양구-출장마사지-계산-작전-임학-출퇴근과-환승-이동이-길어진-날-목-허리-피로-방문-홈케어/index.html","https://1004테라피.shop/massage/incheon/gyeyang-gu/계양구-출장마사지-계산-작전-임학-출퇴근과-환승-이동이-길어진-날-목-허리-피로-방문-홈케어/","False","True",""
"지역SEO","massage/incheon/jemulpo-gu/제물포구-출장마사지-동인천-월미-송현-시장-관광과-장시간-보행-일정-다리-허리-피로-방문-홈케어/index.html","https://1004테라피.shop/massage/incheon/jemulpo-gu/제물포구-출장마사지-동인천-월미-송현-시장-관광과-장시간-보행-일정-다리-허리-피로-방문-홈케어/","False","True",""
"지역SEO","massage/other/daejeon/대전-지역-출장마사지-둔산-유성-대전역-생활권-방문-홈케어/index.html","https://1004테라피.shop/massage/other/daejeon/대전-지역-출장마사지-둔산-유성-대전역-생활권-방문-홈케어/","False","True",""
"지역SEO","massage/other/daejeon/daedeok-gu/대전-대덕구-출장마사지-동별-생활권-지역안내/index.html","https://1004테라피.shop/massage/other/daejeon/daedeok-gu/대전-대덕구-출장마사지-동별-생활권-지역안내/","False","True",""
"지역SEO","massage/other/daejeon/dong-gu/대전-동구-출장마사지-동별-생활권-지역안내/index.html","https://1004테라피.shop/massage/other/daejeon/dong-gu/대전-동구-출장마사지-동별-생활권-지역안내/","False","True",""
"지역SEO","massage/other/daejeon/seo-gu/대전-서구-출장마사지-동별-생활권-지역안내/index.html","https://1004테라피.shop/massage/other/daejeon/seo-gu/대전-서구-출장마사지-동별-생활권-지역안내/","False","True",""
"지역SEO","massage/other/daejeon/yuseong-gu/대전-유성구-출장마사지-동별-생활권-지역안내/index.html","https://1004테라피.shop/massage/other/daejeon/yuseong-gu/대전-유성구-출장마사지-동별-생활권-지역안내/","False","True",""
"지역SEO","massage/other/daejeon/jung-gu/대전-중구-출장마사지-동별-생활권-지역안내/index.html","https://1004테라피.shop/massage/other/daejeon/jung-gu/대전-중구-출장마사지-동별-생활권-지역안내/","False","True",""
"지역SEO","massage/other/cheongju/청주-지역-출장마사지-복대-오창-성안길-생활권-방문-홈케어/index.html","https://1004테라피.shop/massage/other/cheongju/청주-지역-출장마사지-복대-오창-성안길-생활권-방문-홈케어/","False","True",""
"지역SEO","massage/other/cheongju/sangdang-gu/청주-상당구-출장마사지-동별-생활권-지역안내/index.html","https://1004테라피.shop/massage/other/cheongju/sangdang-gu/청주-상당구-출장마사지-동별-생활권-지역안내/","False","True",""
"지역SEO","massage/other/cheongju/seowon-gu/청주-서원구-출장마사지-동별-생활권-지역안내/index.html","https://1004테라피.shop/massage/other/cheongju/seowon-gu/청주-서원구-출장마사지-동별-생활권-지역안내/","False","True",""
"지역SEO","massage/other/cheongju/cheongwon-gu/청주-청원구-출장마사지-동별-생활권-지역안내/index.html","https://1004테라피.shop/massage/other/cheongju/cheongwon-gu/청주-청원구-출장마사지-동별-생활권-지역안내/","False","True",""
"지역SEO","massage/other/cheongju/heungdeok-gu/청주-흥덕구-출장마사지-동별-생활권-지역안내/index.html","https://1004테라피.shop/massage/other/cheongju/heungdeok-gu/청주-흥덕구-출장마사지-동별-생활권-지역안내/","False","True",""
"지역SEO","massage/other/cheonan/천안-지역-출장마사지-불당-두정-천안역-생활권-방문-홈케어/index.html","https://1004테라피.shop/massage/other/cheonan/천안-지역-출장마사지-불당-두정-천안역-생활권-방문-홈케어/","False","True",""
"지역SEO","massage/other/cheonan/dongnam-gu/천안-동남구-출장마사지-동별-생활권-지역안내/index.html","https://1004테라피.shop/massage/other/cheonan/dongnam-gu/천안-동남구-출장마사지-동별-생활권-지역안내/","False","True",""
"지역SEO","massage/other/cheonan/seobuk-gu/천안-서북구-출장마사지-동별-생활권-지역안내/index.html","https://1004테라피.shop/massage/other/cheonan/seobuk-gu/천안-서북구-출장마사지-동별-생활권-지역안내/","False","True",""
"지역SEO","massage/other/sejong/세종-지역-출장마사지-나성-어진-도담-생활권-방문-홈케어/index.html","https://1004테라피.shop/massage/other/sejong/세종-지역-출장마사지-나성-어진-도담-생활권-방문-홈케어/","False","True",""
"지역SEO","massage/other/changwon/창원-지역-출장마사지-상남-중앙-진해-생활권-방문-홈케어/index.html","https://1004테라피.shop/massage/other/changwon/창원-지역-출장마사지-상남-중앙-진해-생활권-방문-홈케어/","False","True",""
"지역SEO","massage/other/changwon/masanhappo-gu/창원-마산합포구-출장마사지-동별-생활권-지역안내/index.html","https://1004테라피.shop/massage/other/changwon/masanhappo-gu/창원-마산합포구-출장마사지-동별-생활권-지역안내/","False","True",""
"지역SEO","massage/other/changwon/masanhoewon-gu/창원-마산회원구-출장마사지-동별-생활권-지역안내/index.html","https://1004테라피.shop/massage/other/changwon/masanhoewon-gu/창원-마산회원구-출장마사지-동별-생활권-지역안내/","False","True",""
"지역SEO","massage/other/changwon/seongsan-gu/창원-성산구-출장마사지-동별-생활권-지역안내/index.html","https://1004테라피.shop/massage/other/changwon/seongsan-gu/창원-성산구-출장마사지-동별-생활권-지역안내/","False","True",""
"지역SEO","massage/other/changwon/uichang-gu/창원-의창구-출장마사지-동별-생활권-지역안내/index.html","https://1004테라피.shop/massage/other/changwon/uichang-gu/창원-의창구-출장마사지-동별-생활권-지역안내/","False","True",""
"지역SEO","massage/other/changwon/jinhae-gu/창원-진해구-출장마사지-동별-생활권-지역안내/index.html","https://1004테라피.shop/massage/other/changwon/jinhae-gu/창원-진해구-출장마사지-동별-생활권-지역안내/","False","True",""
"지역SEO","massage/other/daegu/대구-지역-출장마사지-동성로-수성-성서-생활권-방문-홈케어/index.html","https://1004테라피.shop/massage/other/daegu/대구-지역-출장마사지-동성로-수성-성서-생활권-방문-홈케어/","False","True",""
"지역SEO","massage/other/daegu/nam-gu/대구-남구-출장마사지-동별-생활권-지역안내/index.html","https://1004테라피.shop/massage/other/daegu/nam-gu/대구-남구-출장마사지-동별-생활권-지역안내/","False","True",""
"지역SEO","massage/other/daegu/dalseo-gu/대구-달서구-출장마사지-동별-생활권-지역안내/index.html","https://1004테라피.shop/massage/other/daegu/dalseo-gu/대구-달서구-출장마사지-동별-생활권-지역안내/","False","True",""
"지역SEO","massage/other/daegu/dong-gu/대구-동구-출장마사지-동별-생활권-지역안내/index.html","https://1004테라피.shop/massage/other/daegu/dong-gu/대구-동구-출장마사지-동별-생활권-지역안내/","False","True",""
"지역SEO","massage/other/daegu/buk-gu/대구-북구-출장마사지-동별-생활권-지역안내/index.html","https://1004테라피.shop/massage/other/daegu/buk-gu/대구-북구-출장마사지-동별-생활권-지역안내/","False","True",""
"지역SEO","massage/other/daegu/seo-gu/대구-서구-출장마사지-동별-생활권-지역안내/index.html","https://1004테라피.shop/massage/other/daegu/seo-gu/대구-서구-출장마사지-동별-생활권-지역안내/","False","True",""
"지역SEO","massage/other/daegu/suseong-gu/대구-수성구-출장마사지-동별-생활권-지역안내/index.html","https://1004테라피.shop/massage/other/daegu/suseong-gu/대구-수성구-출장마사지-동별-생활권-지역안내/","False","True",""
"지역SEO","massage/other/daegu/jung-gu/대구-중구-출장마사지-동별-생활권-지역안내/index.html","https://1004테라피.shop/massage/other/daegu/jung-gu/대구-중구-출장마사지-동별-생활권-지역안내/","False","True",""
"지역SEO","massage/other/daegu/gunwi-gun/대구-군위군-출장마사지-읍면-생활권-지역안내/index.html","https://1004테라피.shop/massage/other/daegu/gunwi-gun/대구-군위군-출장마사지-읍면-생활권-지역안내/","False","True",""
"지역SEO","massage/other/daegu/dalseong-gun/대구-달성군-출장마사지-읍면-생활권-지역안내/index.html","https://1004테라피.shop/massage/other/daegu/dalseong-gun/대구-달성군-출장마사지-읍면-생활권-지역안내/","False","True",""
"지역SEO","massage/other/gongju/공주-지역-출장마사지-신관-공주역-금강-생활권-방문-홈케어/index.html","https://1004테라피.shop/massage/other/gongju/공주-지역-출장마사지-신관-공주역-금강-생활권-방문-홈케어/","False","True",""
"지역SEO","massage/other/gyeryong/계룡-지역-출장마사지-금암-엄사-계룡역-생활권-방문-홈케어/index.html","https://1004테라피.shop/massage/other/gyeryong/계룡-지역-출장마사지-금암-엄사-계룡역-생활권-방문-홈케어/","False","True",""
"지역SEO","massage/other/jeonju/전주-지역-출장마사지-효자-혁신-한옥마을-생활권-방문-홈케어/index.html","https://1004테라피.shop/massage/other/jeonju/전주-지역-출장마사지-효자-혁신-한옥마을-생활권-방문-홈케어/","False","True",""
"지역SEO","massage/other/jeonju/deokjin-gu/전주-덕진구-출장마사지-동별-생활권-지역안내/index.html","https://1004테라피.shop/massage/other/jeonju/deokjin-gu/전주-덕진구-출장마사지-동별-생활권-지역안내/","False","True",""
"지역SEO","massage/other/jeonju/wansan-gu/전주-완산구-출장마사지-동별-생활권-지역안내/index.html","https://1004테라피.shop/massage/other/jeonju/wansan-gu/전주-완산구-출장마사지-동별-생활권-지역안내/","False","True",""
"지역SEO","massage/other/gwangju/광주-지역-출장마사지-상무-수완-충장로-생활권-방문-홈케어/index.html","https://1004테라피.shop/massage/other/gwangju/광주-지역-출장마사지-상무-수완-충장로-생활권-방문-홈케어/","False","True",""
"지역SEO","massage/other/gwangju/gwangsan-gu/광주-광산구-출장마사지-동별-생활권-지역안내/index.html","https://1004테라피.shop/massage/other/gwangju/gwangsan-gu/광주-광산구-출장마사지-동별-생활권-지역안내/","False","True",""
"지역SEO","massage/other/gwangju/nam-gu/광주-남구-출장마사지-동별-생활권-지역안내/index.html","https://1004테라피.shop/massage/other/gwangju/nam-gu/광주-남구-출장마사지-동별-생활권-지역안내/","False","True",""
"지역SEO","massage/other/gwangju/dong-gu/광주-동구-출장마사지-동별-생활권-지역안내/index.html","https://1004테라피.shop/massage/other/gwangju/dong-gu/광주-동구-출장마사지-동별-생활권-지역안내/","False","True",""
"지역SEO","massage/other/gwangju/buk-gu/광주-북구-출장마사지-동별-생활권-지역안내/index.html","https://1004테라피.shop/massage/other/gwangju/buk-gu/광주-북구-출장마사지-동별-생활권-지역안내/","False","True",""
"지역SEO","massage/other/gwangju/seo-gu/광주-서구-출장마사지-동별-생활권-지역안내/index.html","https://1004테라피.shop/massage/other/gwangju/seo-gu/광주-서구-출장마사지-동별-생활권-지역안내/","False","True",""
"지역SEO","massage/other/iksan/익산-지역-출장마사지-영등-모현-익산역-생활권-방문-홈케어/index.html","https://1004테라피.shop/massage/other/iksan/익산-지역-출장마사지-영등-모현-익산역-생활권-방문-홈케어/","False","True",""
"지역SEO","massage/other/gunsan/군산-지역-출장마사지-수송-나운-군산역-생활권-방문-홈케어/index.html","https://1004테라피.shop/massage/other/gunsan/군산-지역-출장마사지-수송-나운-군산역-생활권-방문-홈케어/","False","True",""
"지역SEO","massage/other/asan/아산-지역-출장마사지-배방-탕정-온양온천역-생활권-방문-홈케어/index.html","https://1004테라피.shop/massage/other/asan/아산-지역-출장마사지-배방-탕정-온양온천역-생활권-방문-홈케어/","False","True",""
"지역SEO","massage/other/gimhae/김해-지역-출장마사지-내외-장유-봉황-생활권-방문-홈케어/index.html","https://1004테라피.shop/massage/other/gimhae/김해-지역-출장마사지-내외-장유-봉황-생활권-방문-홈케어/","False","True",""
"지역SEO","massage/화곡동-출장마사지-강서구-화곡역-주거생활권-퇴근후-목어깨-허리-피로-방문-홈케어/index.html","https://1004테라피.shop/massage/화곡동-출장마사지-강서구-화곡역-주거생활권-퇴근후-목어깨-허리-피로-방문-홈케어/","False","True",""
"지역SEO","massage/염창동-출장마사지-강서구-염창역-한강주거생활권-업무와-귀가동선-목어깨-피로-방문-홈케어/index.html","https://1004테라피.shop/massage/염창동-출장마사지-강서구-염창역-한강주거생활권-업무와-귀가동선-목어깨-피로-방문-홈케어/","False","True",""
"지역SEO","massage/백사면-출장마사지-이천시-생활권-지역정보-이용안내/index.html","https://1004테라피.shop/massage/백사면-출장마사지-이천시-생활권-지역정보-이용안내/","False","True",""
"지역SEO","massage/설성면-출장마사지-이천시-생활권-지역정보-이용안내/index.html","https://1004테라피.shop/massage/설성면-출장마사지-이천시-생활권-지역정보-이용안내/","False","True",""
"지역SEO","massage/신둔면-출장마사지-이천시-생활권-지역정보-이용안내/index.html","https://1004테라피.shop/massage/신둔면-출장마사지-이천시-생활권-지역정보-이용안내/","False","True",""
"지역SEO","massage/율면-출장마사지-이천시-생활권-지역정보-이용안내/index.html","https://1004테라피.shop/massage/율면-출장마사지-이천시-생활권-지역정보-이용안내/","False","True",""
"지역SEO","massage/호법면-출장마사지-이천시-생활권-지역정보-이용안내/index.html","https://1004테라피.shop/massage/호법면-출장마사지-이천시-생활권-지역정보-이용안내/","False","True",""
"지역SEO","massage/부발읍-출장마사지-이천시-생활권-지역정보-이용안내/index.html","https://1004테라피.shop/massage/부발읍-출장마사지-이천시-생활권-지역정보-이용안내/","False","True",""
"지역SEO","massage/장호원읍-출장마사지-이천시-생활권-지역정보-이용안내/index.html","https://1004테라피.shop/massage/장호원읍-출장마사지-이천시-생활권-지역정보-이용안내/","False","True",""
"지역SEO","massage/광탄면-출장마사지-파주시-생활권-지역정보-이용안내/index.html","https://1004테라피.shop/massage/광탄면-출장마사지-파주시-생활권-지역정보-이용안내/","False","True",""
"지역SEO","massage/월롱면-출장마사지-파주시-생활권-지역정보-이용안내/index.html","https://1004테라피.shop/massage/월롱면-출장마사지-파주시-생활권-지역정보-이용안내/","False","True",""
"지역SEO","massage/장단면-출장마사지-파주시-생활권-지역정보-이용안내/index.html","https://1004테라피.shop/massage/장단면-출장마사지-파주시-생활권-지역정보-이용안내/","False","True",""
"지역SEO","massage/적성면-출장마사지-파주시-생활권-지역정보-이용안내/index.html","https://1004테라피.shop/massage/적성면-출장마사지-파주시-생활권-지역정보-이용안내/","False","True",""
"지역SEO","massage/탄현면-출장마사지-파주시-생활권-지역정보-이용안내/index.html","https://1004테라피.shop/massage/탄현면-출장마사지-파주시-생활권-지역정보-이용안내/","False","True",""
"지역SEO","massage/파평면-출장마사지-파주시-생활권-지역정보-이용안내/index.html","https://1004테라피.shop/massage/파평면-출장마사지-파주시-생활권-지역정보-이용안내/","False","True",""
"지역SEO","massage/문산읍-출장마사지-파주시-생활권-지역정보-이용안내/index.html","https://1004테라피.shop/massage/문산읍-출장마사지-파주시-생활권-지역정보-이용안내/","False","True",""
"지역SEO","massage/법원읍-출장마사지-파주시-생활권-지역정보-이용안내/index.html","https://1004테라피.shop/massage/법원읍-출장마사지-파주시-생활권-지역정보-이용안내/","False","True",""
"지역SEO","massage/조리읍-출장마사지-파주시-생활권-지역정보-이용안내/index.html","https://1004테라피.shop/massage/조리읍-출장마사지-파주시-생활권-지역정보-이용안내/","False","True",""
"지역SEO","massage/파주읍-출장마사지-파주시-생활권-지역정보-이용안내/index.html","https://1004테라피.shop/massage/파주읍-출장마사지-파주시-생활권-지역정보-이용안내/","False","True",""
"지역SEO","massage/고덕면-출장마사지-평택시-생활권-지역정보-이용안내/index.html","https://1004테라피.shop/massage/고덕면-출장마사지-평택시-생활권-지역정보-이용안내/","False","True",""
"지역SEO","massage/서탄면-출장마사지-평택시-생활권-지역정보-이용안내/index.html","https://1004테라피.shop/massage/서탄면-출장마사지-평택시-생활권-지역정보-이용안내/","False","True",""
"지역SEO","massage/오성면-출장마사지-평택시-생활권-지역정보-이용안내/index.html","https://1004테라피.shop/massage/오성면-출장마사지-평택시-생활권-지역정보-이용안내/","False","True",""
"지역SEO","massage/진위면-출장마사지-평택시-생활권-지역정보-이용안내/index.html","https://1004테라피.shop/massage/진위면-출장마사지-평택시-생활권-지역정보-이용안내/","False","True",""
"지역SEO","massage/현덕면-출장마사지-평택시-생활권-지역정보-이용안내/index.html","https://1004테라피.shop/massage/현덕면-출장마사지-평택시-생활권-지역정보-이용안내/","False","True",""
"지역SEO","massage/안중읍-출장마사지-평택시-생활권-지역정보-이용안내/index.html","https://1004테라피.shop/massage/안중읍-출장마사지-평택시-생활권-지역정보-이용안내/","False","True",""
"지역SEO","massage/청북읍-출장마사지-평택시-생활권-지역정보-이용안내/index.html","https://1004테라피.shop/massage/청북읍-출장마사지-평택시-생활권-지역정보-이용안내/","False","True",""
"지역SEO","massage/팽성읍-출장마사지-평택시-생활권-지역정보-이용안내/index.html","https://1004테라피.shop/massage/팽성읍-출장마사지-평택시-생활권-지역정보-이용안내/","False","True",""
"지역SEO","massage/포승읍-출장마사지-평택시-생활권-지역정보-이용안내/index.html","https://1004테라피.shop/massage/포승읍-출장마사지-평택시-생활권-지역정보-이용안내/","False","True",""
"지역SEO","massage/가산면-출장마사지-포천시-생활권-지역정보-이용안내/index.html","https://1004테라피.shop/massage/가산면-출장마사지-포천시-생활권-지역정보-이용안내/","False","True",""
"지역SEO","massage/관인면-출장마사지-포천시-생활권-지역정보-이용안내/index.html","https://1004테라피.shop/massage/관인면-출장마사지-포천시-생활권-지역정보-이용안내/","False","True",""
"지역SEO","massage/군내면-출장마사지-포천시-생활권-지역정보-이용안내/index.html","https://1004테라피.shop/massage/군내면-출장마사지-포천시-생활권-지역정보-이용안내/","False","True",""
"지역SEO","massage/내촌면-출장마사지-포천시-생활권-지역정보-이용안내/index.html","https://1004테라피.shop/massage/내촌면-출장마사지-포천시-생활권-지역정보-이용안내/","False","True",""
"지역SEO","massage/갈현동-출장마사지-과천시-생활권-이동동선-지역정보-이용전-안내/index.html","https://1004테라피.shop/massage/갈현동-출장마사지-과천시-생활권-이동동선-지역정보-이용전-안내/","False","True",""
"지역SEO","massage/과천동-출장마사지-과천시-생활권-이동동선-지역정보-이용전-안내/index.html","https://1004테라피.shop/massage/과천동-출장마사지-과천시-생활권-이동동선-지역정보-이용전-안내/","False","True",""
"지역SEO","massage/문원동-출장마사지-과천시-생활권-이동동선-지역정보-이용전-안내/index.html","https://1004테라피.shop/massage/문원동-출장마사지-과천시-생활권-이동동선-지역정보-이용전-안내/","False","True",""
"지역SEO","massage/별양동-출장마사지-과천시-생활권-이동동선-지역정보-이용전-안내/index.html","https://1004테라피.shop/massage/별양동-출장마사지-과천시-생활권-이동동선-지역정보-이용전-안내/","False","True",""
"지역SEO","massage/부림동-출장마사지-과천시-생활권-이동동선-지역정보-이용전-안내/index.html","https://1004테라피.shop/massage/부림동-출장마사지-과천시-생활권-이동동선-지역정보-이용전-안내/","False","True",""
"지역SEO","massage/원문동-출장마사지-과천시-생활권-이동동선-지역정보-이용전-안내/index.html","https://1004테라피.shop/massage/원문동-출장마사지-과천시-생활권-이동동선-지역정보-이용전-안내/","False","True",""
"지역SEO","massage/중앙동-출장마사지-과천시-생활권-이동동선-지역정보-이용전-안내/index.html","https://1004테라피.shop/massage/중앙동-출장마사지-과천시-생활권-이동동선-지역정보-이용전-안내/","False","True",""
"지역SEO","massage/광명동-출장마사지-광명시-생활권-이동동선-지역정보-이용전-안내/index.html","https://1004테라피.shop/massage/광명동-출장마사지-광명시-생활권-이동동선-지역정보-이용전-안내/","False","True",""
"지역SEO","massage/소하동-출장마사지-광명시-생활권-이동동선-지역정보-이용전-안내/index.html","https://1004테라피.shop/massage/소하동-출장마사지-광명시-생활권-이동동선-지역정보-이용전-안내/","False","True",""
"지역SEO","massage/일직동-출장마사지-광명시-생활권-이동동선-지역정보-이용전-안내/index.html","https://1004테라피.shop/massage/일직동-출장마사지-광명시-생활권-이동동선-지역정보-이용전-안내/","False","True",""
"지역SEO","massage/철산동-출장마사지-광명시-생활권-이동동선-지역정보-이용전-안내/index.html","https://1004테라피.shop/massage/철산동-출장마사지-광명시-생활권-이동동선-지역정보-이용전-안내/","False","True",""
"지역SEO","massage/하안동-출장마사지-광명시-생활권-이동동선-지역정보-이용전-안내/index.html","https://1004테라피.shop/massage/하안동-출장마사지-광명시-생활권-이동동선-지역정보-이용전-안내/","False","True",""
"지역SEO","massage/학온동-출장마사지-광명시-생활권-이동동선-지역정보-이용전-안내/index.html","https://1004테라피.shop/massage/학온동-출장마사지-광명시-생활권-이동동선-지역정보-이용전-안내/","False","True",""
"지역SEO","massage/경안동-출장마사지-광주시-생활권-이동동선-지역정보-이용전-안내/index.html","https://1004테라피.shop/massage/경안동-출장마사지-광주시-생활권-이동동선-지역정보-이용전-안내/","False","True",""
"지역SEO","massage/광남동-출장마사지-광주시-생활권-이동동선-지역정보-이용전-안내/index.html","https://1004테라피.shop/massage/광남동-출장마사지-광주시-생활권-이동동선-지역정보-이용전-안내/","False","True",""
"지역SEO","massage/능평동-출장마사지-광주시-생활권-이동동선-지역정보-이용전-안내/index.html","https://1004테라피.shop/massage/능평동-출장마사지-광주시-생활권-이동동선-지역정보-이용전-안내/","False","True",""
"지역SEO","massage/송정동-출장마사지-광주시-생활권-이동동선-지역정보-이용전-안내/index.html","https://1004테라피.shop/massage/송정동-출장마사지-광주시-생활권-이동동선-지역정보-이용전-안내/","False","True",""
"지역SEO","massage/신현동-출장마사지-광주시-생활권-이동동선-지역정보-이용전-안내/index.html","https://1004테라피.shop/massage/신현동-출장마사지-광주시-생활권-이동동선-지역정보-이용전-안내/","False","True",""
"지역SEO","massage/쌍령동-출장마사지-광주시-생활권-이동동선-지역정보-이용전-안내/index.html","https://1004테라피.shop/massage/쌍령동-출장마사지-광주시-생활권-이동동선-지역정보-이용전-안내/","False","True",""
"지역SEO","massage/오포동-출장마사지-광주시-생활권-이동동선-지역정보-이용전-안내/index.html","https://1004테라피.shop/massage/오포동-출장마사지-광주시-생활권-이동동선-지역정보-이용전-안내/","False","True",""
"지역SEO","massage/탄벌동-출장마사지-광주시-생활권-이동동선-지역정보-이용전-안내/index.html","https://1004테라피.shop/massage/탄벌동-출장마사지-광주시-생활권-이동동선-지역정보-이용전-안내/","False","True",""
"지역SEO","massage/갈매동-출장마사지-구리시-생활권-이동동선-지역정보-이용전-안내/index.html","https://1004테라피.shop/massage/갈매동-출장마사지-구리시-생활권-이동동선-지역정보-이용전-안내/","False","True",""
"지역SEO","massage/교문동-출장마사지-구리시-생활권-이동동선-지역정보-이용전-안내/index.html","https://1004테라피.shop/massage/교문동-출장마사지-구리시-생활권-이동동선-지역정보-이용전-안내/","False","True",""
"지역SEO","massage/동구동-출장마사지-구리시-생활권-이동동선-지역정보-이용전-안내/index.html","https://1004테라피.shop/massage/동구동-출장마사지-구리시-생활권-이동동선-지역정보-이용전-안내/","False","True",""
"지역SEO","massage/수택동-출장마사지-구리시-생활권-이동동선-지역정보-이용전-안내/index.html","https://1004테라피.shop/massage/수택동-출장마사지-구리시-생활권-이동동선-지역정보-이용전-안내/","False","True",""
"지역SEO","massage/인창동-출장마사지-구리시-생활권-이동동선-지역정보-이용전-안내/index.html","https://1004테라피.shop/massage/인창동-출장마사지-구리시-생활권-이동동선-지역정보-이용전-안내/","False","True",""
"지역SEO","massage/광정동-출장마사지-군포시-생활권-이동동선-지역정보-이용전-안내/index.html","https://1004테라피.shop/massage/광정동-출장마사지-군포시-생활권-이동동선-지역정보-이용전-안내/","False","True",""
"지역SEO","massage/군포동-출장마사지-군포시-생활권-이동동선-지역정보-이용전-안내/index.html","https://1004테라피.shop/massage/군포동-출장마사지-군포시-생활권-이동동선-지역정보-이용전-안내/","False","True",""
"지역SEO","massage/궁내동-출장마사지-군포시-생활권-이동동선-지역정보-이용전-안내/index.html","https://1004테라피.shop/massage/궁내동-출장마사지-군포시-생활권-이동동선-지역정보-이용전-안내/","False","True",""
"지역SEO","massage/금정동-출장마사지-군포시-생활권-이동동선-지역정보-이용전-안내/index.html","https://1004테라피.shop/massage/금정동-출장마사지-군포시-생활권-이동동선-지역정보-이용전-안내/","False","True",""
"지역SEO","massage/대야동-출장마사지-군포시-생활권-이동동선-지역정보-이용전-안내/index.html","https://1004테라피.shop/massage/대야동-출장마사지-군포시-생활권-이동동선-지역정보-이용전-안내/","False","True",""
"지역SEO","massage/산본동-출장마사지-군포시-생활권-이동동선-지역정보-이용전-안내/index.html","https://1004테라피.shop/massage/산본동-출장마사지-군포시-생활권-이동동선-지역정보-이용전-안내/","False","True",""
"지역SEO","massage/송부동-출장마사지-군포시-생활권-이동동선-지역정보-이용전-안내/index.html","https://1004테라피.shop/massage/송부동-출장마사지-군포시-생활권-이동동선-지역정보-이용전-안내/","False","True",""
"지역SEO","massage/수리동-출장마사지-군포시-생활권-이동동선-지역정보-이용전-안내/index.html","https://1004테라피.shop/massage/수리동-출장마사지-군포시-생활권-이동동선-지역정보-이용전-안내/","False","True",""
"지역SEO","massage/오금동-출장마사지-군포시-생활권-이동동선-지역정보-이용전-안내/index.html","https://1004테라피.shop/massage/오금동-출장마사지-군포시-생활권-이동동선-지역정보-이용전-안내/","False","True",""
"지역SEO","massage/재궁동-출장마사지-군포시-생활권-이동동선-지역정보-이용전-안내/index.html","https://1004테라피.shop/massage/재궁동-출장마사지-군포시-생활권-이동동선-지역정보-이용전-안내/","False","True",""
"지역SEO","massage/구래동-출장마사지-김포시-생활권-이동동선-지역정보-이용전-안내/index.html","https://1004테라피.shop/massage/구래동-출장마사지-김포시-생활권-이동동선-지역정보-이용전-안내/","False","True",""
"지역SEO","massage/김포본동-출장마사지-김포시-생활권-이동동선-지역정보-이용전-안내/index.html","https://1004테라피.shop/massage/김포본동-출장마사지-김포시-생활권-이동동선-지역정보-이용전-안내/","False","True",""
"지역SEO","massage/마산동-출장마사지-김포시-생활권-이동동선-지역정보-이용전-안내/index.html","https://1004테라피.shop/massage/마산동-출장마사지-김포시-생활권-이동동선-지역정보-이용전-안내/","False","True",""
"지역SEO","massage/사우동-출장마사지-김포시-생활권-이동동선-지역정보-이용전-안내/index.html","https://1004테라피.shop/massage/사우동-출장마사지-김포시-생활권-이동동선-지역정보-이용전-안내/","False","True",""
"지역SEO","massage/운양동-출장마사지-김포시-생활권-이동동선-지역정보-이용전-안내/index.html","https://1004테라피.shop/massage/운양동-출장마사지-김포시-생활권-이동동선-지역정보-이용전-안내/","False","True",""
"지역SEO","massage/장기동-출장마사지-김포시-생활권-이동동선-지역정보-이용전-안내/index.html","https://1004테라피.shop/massage/장기동-출장마사지-김포시-생활권-이동동선-지역정보-이용전-안내/","False","True",""
"지역SEO","massage/장기본동-출장마사지-김포시-생활권-이동동선-지역정보-이용전-안내/index.html","https://1004테라피.shop/massage/장기본동-출장마사지-김포시-생활권-이동동선-지역정보-이용전-안내/","False","True",""
"지역SEO","massage/풍무동-출장마사지-김포시-생활권-이동동선-지역정보-이용전-안내/index.html","https://1004테라피.shop/massage/풍무동-출장마사지-김포시-생활권-이동동선-지역정보-이용전-안내/","False","True",""
"지역SEO","massage/금곡동-출장마사지-남양주시-생활권-이동동선-지역정보-이용전-안내/index.html","https://1004테라피.shop/massage/금곡동-출장마사지-남양주시-생활권-이동동선-지역정보-이용전-안내/","False","True",""
"지역SEO","massage/다산동-출장마사지-남양주시-생활권-이동동선-지역정보-이용전-안내/index.html","https://1004테라피.shop/massage/다산동-출장마사지-남양주시-생활권-이동동선-지역정보-이용전-안내/","False","True",""
"지역SEO","massage/별내동-출장마사지-남양주시-생활권-이동동선-지역정보-이용전-안내/index.html","https://1004테라피.shop/massage/별내동-출장마사지-남양주시-생활권-이동동선-지역정보-이용전-안내/","False","True",""
"지역SEO","massage/양정동-출장마사지-남양주시-생활권-이동동선-지역정보-이용전-안내/index.html","https://1004테라피.shop/massage/양정동-출장마사지-남양주시-생활권-이동동선-지역정보-이용전-안내/","False","True",""
"지역SEO","massage/평내동-출장마사지-남양주시-생활권-이동동선-지역정보-이용전-안내/index.html","https://1004테라피.shop/massage/평내동-출장마사지-남양주시-생활권-이동동선-지역정보-이용전-안내/","False","True",""
"지역SEO","massage/호평동-출장마사지-남양주시-생활권-이동동선-지역정보-이용전-안내/index.html","https://1004테라피.shop/massage/호평동-출장마사지-남양주시-생활권-이동동선-지역정보-이용전-안내/","False","True",""
"지역SEO","massage/보산동-출장마사지-동두천시-생활권-이동동선-지역정보-이용전-안내/index.html","https://1004테라피.shop/massage/보산동-출장마사지-동두천시-생활권-이동동선-지역정보-이용전-안내/","False","True",""
"지역SEO","massage/불현동-출장마사지-동두천시-생활권-이동동선-지역정보-이용전-안내/index.html","https://1004테라피.shop/massage/불현동-출장마사지-동두천시-생활권-이동동선-지역정보-이용전-안내/","False","True",""
"지역SEO","massage/상패동-출장마사지-동두천시-생활권-이동동선-지역정보-이용전-안내/index.html","https://1004테라피.shop/massage/상패동-출장마사지-동두천시-생활권-이동동선-지역정보-이용전-안내/","False","True",""
"지역SEO","massage/생연동-출장마사지-동두천시-생활권-이동동선-지역정보-이용전-안내/index.html","https://1004테라피.shop/massage/생연동-출장마사지-동두천시-생활권-이동동선-지역정보-이용전-안내/","False","True",""
"지역SEO","massage/소요동-출장마사지-동두천시-생활권-이동동선-지역정보-이용전-안내/index.html","https://1004테라피.shop/massage/소요동-출장마사지-동두천시-생활권-이동동선-지역정보-이용전-안내/","False","True",""
"지역SEO","massage/송내동-출장마사지-동두천시-생활권-이동동선-지역정보-이용전-안내/index.html","https://1004테라피.shop/massage/송내동-출장마사지-동두천시-생활권-이동동선-지역정보-이용전-안내/","False","True",""
"지역SEO","massage/중앙동-출장마사지-동두천시-생활권-이동동선-지역정보-이용전-안내/index.html","https://1004테라피.shop/massage/중앙동-출장마사지-동두천시-생활권-이동동선-지역정보-이용전-안내/","False","True",""
"지역SEO","massage/신북면-출장마사지-포천시-생활권-지역정보-이용안내/index.html","https://1004테라피.shop/massage/신북면-출장마사지-포천시-생활권-지역정보-이용안내/","False","True",""
"지역SEO","massage/영북면-출장마사지-포천시-생활권-지역정보-이용안내/index.html","https://1004테라피.shop/massage/영북면-출장마사지-포천시-생활권-지역정보-이용안내/","False","True",""
"지역SEO","massage/영중면-출장마사지-포천시-생활권-지역정보-이용안내/index.html","https://1004테라피.shop/massage/영중면-출장마사지-포천시-생활권-지역정보-이용안내/","False","True",""
"지역SEO","massage/이동면-출장마사지-포천시-생활권-지역정보-이용안내/index.html","https://1004테라피.shop/massage/이동면-출장마사지-포천시-생활권-지역정보-이용안내/","False","True",""
"지역SEO","massage/일동면-출장마사지-포천시-생활권-지역정보-이용안내/index.html","https://1004테라피.shop/massage/일동면-출장마사지-포천시-생활권-지역정보-이용안내/","False","True",""
"지역SEO","massage/창수면-출장마사지-포천시-생활권-지역정보-이용안내/index.html","https://1004테라피.shop/massage/창수면-출장마사지-포천시-생활권-지역정보-이용안내/","False","True",""
"지역SEO","massage/화현면-출장마사지-포천시-생활권-지역정보-이용안내/index.html","https://1004테라피.shop/massage/화현면-출장마사지-포천시-생활권-지역정보-이용안내/","False","True",""
"지역SEO","massage/소흘읍-출장마사지-포천시-생활권-지역정보-이용안내/index.html","https://1004테라피.shop/massage/소흘읍-출장마사지-포천시-생활권-지역정보-이용안내/","False","True",""
"지역SEO","massage/마도면-출장마사지-화성시-만세구-생활권-지역정보-이용안내/index.html","https://1004테라피.shop/massage/마도면-출장마사지-화성시-만세구-생활권-지역정보-이용안내/","False","True",""
"지역SEO","massage/서신면-출장마사지-화성시-만세구-생활권-지역정보-이용안내/index.html","https://1004테라피.shop/massage/서신면-출장마사지-화성시-만세구-생활권-지역정보-이용안내/","False","True",""
"지역SEO","massage/송산면-출장마사지-화성시-만세구-생활권-지역정보-이용안내/index.html","https://1004테라피.shop/massage/송산면-출장마사지-화성시-만세구-생활권-지역정보-이용안내/","False","True",""
"지역SEO","massage/양감면-출장마사지-화성시-만세구-생활권-지역정보-이용안내/index.html","https://1004테라피.shop/massage/양감면-출장마사지-화성시-만세구-생활권-지역정보-이용안내/","False","True",""
"지역SEO","massage/장안면-출장마사지-화성시-만세구-생활권-지역정보-이용안내/index.html","https://1004테라피.shop/massage/장안면-출장마사지-화성시-만세구-생활권-지역정보-이용안내/","False","True",""
"지역SEO","massage/팔탄면-출장마사지-화성시-만세구-생활권-지역정보-이용안내/index.html","https://1004테라피.shop/massage/팔탄면-출장마사지-화성시-만세구-생활권-지역정보-이용안내/","False","True",""
"지역SEO","massage/남양읍-출장마사지-화성시-만세구-생활권-지역정보-이용안내/index.html","https://1004테라피.shop/massage/남양읍-출장마사지-화성시-만세구-생활권-지역정보-이용안내/","False","True",""
"지역SEO","massage/우정읍-출장마사지-화성시-만세구-생활권-지역정보-이용안내/index.html","https://1004테라피.shop/massage/우정읍-출장마사지-화성시-만세구-생활권-지역정보-이용안내/","False","True",""
"지역SEO","massage/향남읍-출장마사지-화성시-만세구-생활권-지역정보-이용안내/index.html","https://1004테라피.shop/massage/향남읍-출장마사지-화성시-만세구-생활권-지역정보-이용안내/","False","True",""
"지역SEO","massage/매송면-출장마사지-화성시-효행구-생활권-지역정보-이용안내/index.html","https://1004테라피.shop/massage/매송면-출장마사지-화성시-효행구-생활권-지역정보-이용안내/","False","True",""
"지역SEO","massage/비봉면-출장마사지-화성시-효행구-생활권-지역정보-이용안내/index.html","https://1004테라피.shop/massage/비봉면-출장마사지-화성시-효행구-생활권-지역정보-이용안내/","False","True",""
"지역SEO","massage/정남면-출장마사지-화성시-효행구-생활권-지역정보-이용안내/index.html","https://1004테라피.shop/massage/정남면-출장마사지-화성시-효행구-생활권-지역정보-이용안내/","False","True",""
"지역SEO","massage/봉담읍-출장마사지-화성시-효행구-생활권-지역정보-이용안내/index.html","https://1004테라피.shop/massage/봉담읍-출장마사지-화성시-효행구-생활권-지역정보-이용안내/","False","True",""
"지역SEO","massage/두마면-출장마사지-계룡-생활권-지역정보-이용안내/index.html","https://1004테라피.shop/massage/두마면-출장마사지-계룡-생활권-지역정보-이용안내/","False","True",""
"지역SEO","massage/신도안면-출장마사지-계룡-생활권-지역정보-이용안내/index.html","https://1004테라피.shop/massage/신도안면-출장마사지-계룡-생활권-지역정보-이용안내/","False","True",""
"지역SEO","massage/엄사면-출장마사지-계룡-생활권-지역정보-이용안내/index.html","https://1004테라피.shop/massage/엄사면-출장마사지-계룡-생활권-지역정보-이용안내/","False","True",""
"지역SEO","massage/계룡면-출장마사지-공주-생활권-지역정보-이용안내/index.html","https://1004테라피.shop/massage/계룡면-출장마사지-공주-생활권-지역정보-이용안내/","False","True",""
"지역SEO","massage/반포면-출장마사지-공주-생활권-지역정보-이용안내/index.html","https://1004테라피.shop/massage/반포면-출장마사지-공주-생활권-지역정보-이용안내/","False","True",""
"지역SEO","massage/사곡면-출장마사지-공주-생활권-지역정보-이용안내/index.html","https://1004테라피.shop/massage/사곡면-출장마사지-공주-생활권-지역정보-이용안내/","False","True",""
"지역SEO","massage/신풍면-출장마사지-공주-생활권-지역정보-이용안내/index.html","https://1004테라피.shop/massage/신풍면-출장마사지-공주-생활권-지역정보-이용안내/","False","True",""
"지역SEO","massage/우성면-출장마사지-공주-생활권-지역정보-이용안내/index.html","https://1004테라피.shop/massage/우성면-출장마사지-공주-생활권-지역정보-이용안내/","False","True",""
"지역SEO","massage/의당면-출장마사지-공주-생활권-지역정보-이용안내/index.html","https://1004테라피.shop/massage/의당면-출장마사지-공주-생활권-지역정보-이용안내/","False","True",""
"지역SEO","massage/이인면-출장마사지-공주-생활권-지역정보-이용안내/index.html","https://1004테라피.shop/massage/이인면-출장마사지-공주-생활권-지역정보-이용안내/","False","True",""
"지역SEO","massage/정안면-출장마사지-공주-생활권-지역정보-이용안내/index.html","https://1004테라피.shop/massage/정안면-출장마사지-공주-생활권-지역정보-이용안내/","False","True",""
"지역SEO","massage/탄천면-출장마사지-공주-생활권-지역정보-이용안내/index.html","https://1004테라피.shop/massage/탄천면-출장마사지-공주-생활권-지역정보-이용안내/","False","True",""
"지역SEO","massage/유구읍-출장마사지-공주-생활권-지역정보-이용안내/index.html","https://1004테라피.shop/massage/유구읍-출장마사지-공주-생활권-지역정보-이용안내/","False","True",""
"지역SEO","massage/개정면-출장마사지-군산-생활권-지역정보-이용안내/index.html","https://1004테라피.shop/massage/개정면-출장마사지-군산-생활권-지역정보-이용안내/","False","True",""
"지역SEO","massage/나포면-출장마사지-군산-생활권-지역정보-이용안내/index.html","https://1004테라피.shop/massage/나포면-출장마사지-군산-생활권-지역정보-이용안내/","False","True",""
"지역SEO","massage/대야면-출장마사지-군산-생활권-지역정보-이용안내/index.html","https://1004테라피.shop/massage/대야면-출장마사지-군산-생활권-지역정보-이용안내/","False","True",""
"지역SEO","massage/서수면-출장마사지-군산-생활권-지역정보-이용안내/index.html","https://1004테라피.shop/massage/서수면-출장마사지-군산-생활권-지역정보-이용안내/","False","True",""
"지역SEO","massage/성산면-출장마사지-군산-생활권-지역정보-이용안내/index.html","https://1004테라피.shop/massage/성산면-출장마사지-군산-생활권-지역정보-이용안내/","False","True",""
"지역SEO","massage/옥도면-출장마사지-군산-생활권-지역정보-이용안내/index.html","https://1004테라피.shop/massage/옥도면-출장마사지-군산-생활권-지역정보-이용안내/","False","True",""
"지역SEO","massage/옥산면-출장마사지-군산-생활권-지역정보-이용안내/index.html","https://1004테라피.shop/massage/옥산면-출장마사지-군산-생활권-지역정보-이용안내/","False","True",""
"지역SEO","massage/옥서면-출장마사지-군산-생활권-지역정보-이용안내/index.html","https://1004테라피.shop/massage/옥서면-출장마사지-군산-생활권-지역정보-이용안내/","False","True",""
"지역SEO","massage/임피면-출장마사지-군산-생활권-지역정보-이용안내/index.html","https://1004테라피.shop/massage/임피면-출장마사지-군산-생활권-지역정보-이용안내/","False","True",""
"지역SEO","massage/회현면-출장마사지-군산-생활권-지역정보-이용안내/index.html","https://1004테라피.shop/massage/회현면-출장마사지-군산-생활권-지역정보-이용안내/","False","True",""
"지역SEO","massage/옥구읍-출장마사지-군산-생활권-지역정보-이용안내/index.html","https://1004테라피.shop/massage/옥구읍-출장마사지-군산-생활권-지역정보-이용안내/","False","True",""
"지역SEO","massage/대동면-출장마사지-김해-생활권-지역정보-이용안내/index.html","https://1004테라피.shop/massage/대동면-출장마사지-김해-생활권-지역정보-이용안내/","False","True",""
"지역SEO","massage/상동면-출장마사지-김해-생활권-지역정보-이용안내/index.html","https://1004테라피.shop/massage/상동면-출장마사지-김해-생활권-지역정보-이용안내/","False","True",""
"지역SEO","massage/생림면-출장마사지-김해-생활권-지역정보-이용안내/index.html","https://1004테라피.shop/massage/생림면-출장마사지-김해-생활권-지역정보-이용안내/","False","True",""
"지역SEO","massage/주촌면-출장마사지-김해-생활권-지역정보-이용안내/index.html","https://1004테라피.shop/massage/주촌면-출장마사지-김해-생활권-지역정보-이용안내/","False","True",""
"지역SEO","massage/진례면-출장마사지-김해-생활권-지역정보-이용안내/index.html","https://1004테라피.shop/massage/진례면-출장마사지-김해-생활권-지역정보-이용안내/","False","True",""
"지역SEO","massage/한림면-출장마사지-김해-생활권-지역정보-이용안내/index.html","https://1004테라피.shop/massage/한림면-출장마사지-김해-생활권-지역정보-이용안내/","False","True",""
"지역SEO","massage/진영읍-출장마사지-김해-생활권-지역정보-이용안내/index.html","https://1004테라피.shop/massage/진영읍-출장마사지-김해-생활권-지역정보-이용안내/","False","True",""
"지역SEO","massage/부계면-출장마사지-대구-군위군-생활권-지역정보-이용안내/index.html","https://1004테라피.shop/massage/부계면-출장마사지-대구-군위군-생활권-지역정보-이용안내/","False","True",""
"지역SEO","massage/산성면-출장마사지-대구-군위군-생활권-지역정보-이용안내/index.html","https://1004테라피.shop/massage/산성면-출장마사지-대구-군위군-생활권-지역정보-이용안내/","False","True",""
"지역SEO","massage/삼국유사면-출장마사지-대구-군위군-생활권-지역정보-이용안내/index.html","https://1004테라피.shop/massage/삼국유사면-출장마사지-대구-군위군-생활권-지역정보-이용안내/","False","True",""
"지역SEO","massage/소보면-출장마사지-대구-군위군-생활권-지역정보-이용안내/index.html","https://1004테라피.shop/massage/소보면-출장마사지-대구-군위군-생활권-지역정보-이용안내/","False","True",""
"지역SEO","massage/우보면-출장마사지-대구-군위군-생활권-지역정보-이용안내/index.html","https://1004테라피.shop/massage/우보면-출장마사지-대구-군위군-생활권-지역정보-이용안내/","False","True",""
"지역SEO","massage/의흥면-출장마사지-대구-군위군-생활권-지역정보-이용안내/index.html","https://1004테라피.shop/massage/의흥면-출장마사지-대구-군위군-생활권-지역정보-이용안내/","False","True",""
"지역SEO","massage/효령면-출장마사지-대구-군위군-생활권-지역정보-이용안내/index.html","https://1004테라피.shop/massage/효령면-출장마사지-대구-군위군-생활권-지역정보-이용안내/","False","True",""
"지역SEO","massage/군위읍-출장마사지-대구-군위군-생활권-지역정보-이용안내/index.html","https://1004테라피.shop/massage/군위읍-출장마사지-대구-군위군-생활권-지역정보-이용안내/","False","True",""
"지역SEO","massage/가창면-출장마사지-대구-달성군-생활권-지역정보-이용안내/index.html","https://1004테라피.shop/massage/가창면-출장마사지-대구-달성군-생활권-지역정보-이용안내/","False","True",""
"지역SEO","massage/구지면-출장마사지-대구-달성군-생활권-지역정보-이용안내/index.html","https://1004테라피.shop/massage/구지면-출장마사지-대구-달성군-생활권-지역정보-이용안내/","False","True",""
"지역SEO","massage/하빈면-출장마사지-대구-달성군-생활권-지역정보-이용안내/index.html","https://1004테라피.shop/massage/하빈면-출장마사지-대구-달성군-생활권-지역정보-이용안내/","False","True",""
"지역SEO","massage/논공읍-출장마사지-대구-달성군-생활권-지역정보-이용안내/index.html","https://1004테라피.shop/massage/논공읍-출장마사지-대구-달성군-생활권-지역정보-이용안내/","False","True",""
"지역SEO","massage/다사읍-출장마사지-대구-달성군-생활권-지역정보-이용안내/index.html","https://1004테라피.shop/massage/다사읍-출장마사지-대구-달성군-생활권-지역정보-이용안내/","False","True",""
"지역SEO","massage/옥포읍-출장마사지-대구-달성군-생활권-지역정보-이용안내/index.html","https://1004테라피.shop/massage/옥포읍-출장마사지-대구-달성군-생활권-지역정보-이용안내/","False","True",""
"지역SEO","massage/유가읍-출장마사지-대구-달성군-생활권-지역정보-이용안내/index.html","https://1004테라피.shop/massage/유가읍-출장마사지-대구-달성군-생활권-지역정보-이용안내/","False","True",""
"지역SEO","massage/현풍읍-출장마사지-대구-달성군-생활권-지역정보-이용안내/index.html","https://1004테라피.shop/massage/현풍읍-출장마사지-대구-달성군-생활권-지역정보-이용안내/","False","True",""
"지역SEO","massage/화원읍-출장마사지-대구-달성군-생활권-지역정보-이용안내/index.html","https://1004테라피.shop/massage/화원읍-출장마사지-대구-달성군-생활권-지역정보-이용안내/","False","True",""
"지역SEO","massage/금남면-출장마사지-세종-생활권-지역정보-이용안내/index.html","https://1004테라피.shop/massage/금남면-출장마사지-세종-생활권-지역정보-이용안내/","False","True",""
"지역SEO","massage/부강면-출장마사지-세종-생활권-지역정보-이용안내/index.html","https://1004테라피.shop/massage/부강면-출장마사지-세종-생활권-지역정보-이용안내/","False","True",""
"지역SEO","massage/소정면-출장마사지-세종-생활권-지역정보-이용안내/index.html","https://1004테라피.shop/massage/소정면-출장마사지-세종-생활권-지역정보-이용안내/","False","True",""
"지역SEO","massage/연기면-출장마사지-세종-생활권-지역정보-이용안내/index.html","https://1004테라피.shop/massage/연기면-출장마사지-세종-생활권-지역정보-이용안내/","False","True",""
"지역SEO","massage/연동면-출장마사지-세종-생활권-지역정보-이용안내/index.html","https://1004테라피.shop/massage/연동면-출장마사지-세종-생활권-지역정보-이용안내/","False","True",""
"지역SEO","massage/연서면-출장마사지-세종-생활권-지역정보-이용안내/index.html","https://1004테라피.shop/massage/연서면-출장마사지-세종-생활권-지역정보-이용안내/","False","True",""
"지역SEO","massage/장군면-출장마사지-세종-생활권-지역정보-이용안내/index.html","https://1004테라피.shop/massage/장군면-출장마사지-세종-생활권-지역정보-이용안내/","False","True",""
"지역SEO","massage/전동면-출장마사지-세종-생활권-지역정보-이용안내/index.html","https://1004테라피.shop/massage/전동면-출장마사지-세종-생활권-지역정보-이용안내/","False","True",""
"지역SEO","massage/전의면-출장마사지-세종-생활권-지역정보-이용안내/index.html","https://1004테라피.shop/massage/전의면-출장마사지-세종-생활권-지역정보-이용안내/","False","True",""
"지역SEO","massage/조치원읍-출장마사지-세종-생활권-지역정보-이용안내/index.html","https://1004테라피.shop/massage/조치원읍-출장마사지-세종-생활권-지역정보-이용안내/","False","True",""
"지역SEO","massage/도고면-출장마사지-아산-생활권-지역정보-이용안내/index.html","https://1004테라피.shop/massage/도고면-출장마사지-아산-생활권-지역정보-이용안내/","False","True",""
"지역SEO","massage/둔포면-출장마사지-아산-생활권-지역정보-이용안내/index.html","https://1004테라피.shop/massage/둔포면-출장마사지-아산-생활권-지역정보-이용안내/","False","True",""
"지역SEO","massage/선장면-출장마사지-아산-생활권-지역정보-이용안내/index.html","https://1004테라피.shop/massage/선장면-출장마사지-아산-생활권-지역정보-이용안내/","False","True",""
"지역SEO","massage/송악면-출장마사지-아산-생활권-지역정보-이용안내/index.html","https://1004테라피.shop/massage/송악면-출장마사지-아산-생활권-지역정보-이용안내/","False","True",""
"지역SEO","massage/신창면-출장마사지-아산-생활권-지역정보-이용안내/index.html","https://1004테라피.shop/massage/신창면-출장마사지-아산-생활권-지역정보-이용안내/","False","True",""
"지역SEO","massage/영인면-출장마사지-아산-생활권-지역정보-이용안내/index.html","https://1004테라피.shop/massage/영인면-출장마사지-아산-생활권-지역정보-이용안내/","False","True",""
"지역SEO","massage/음봉면-출장마사지-아산-생활권-지역정보-이용안내/index.html","https://1004테라피.shop/massage/음봉면-출장마사지-아산-생활권-지역정보-이용안내/","False","True",""
"지역SEO","massage/인주면-출장마사지-아산-생활권-지역정보-이용안내/index.html","https://1004테라피.shop/massage/인주면-출장마사지-아산-생활권-지역정보-이용안내/","False","True",""
"지역SEO","massage/탕정면-출장마사지-아산-생활권-지역정보-이용안내/index.html","https://1004테라피.shop/massage/탕정면-출장마사지-아산-생활권-지역정보-이용안내/","False","True",""
"지역SEO","massage/배방읍-출장마사지-아산-생활권-지역정보-이용안내/index.html","https://1004테라피.shop/massage/배방읍-출장마사지-아산-생활권-지역정보-이용안내/","False","True",""
"지역SEO","massage/염치읍-출장마사지-아산-생활권-지역정보-이용안내/index.html","https://1004테라피.shop/massage/염치읍-출장마사지-아산-생활권-지역정보-이용안내/","False","True",""
"지역SEO","massage/금마면-출장마사지-익산-생활권-지역정보-이용안내/index.html","https://1004테라피.shop/massage/금마면-출장마사지-익산-생활권-지역정보-이용안내/","False","True",""
"지역SEO","massage/낭산면-출장마사지-익산-생활권-지역정보-이용안내/index.html","https://1004테라피.shop/massage/낭산면-출장마사지-익산-생활권-지역정보-이용안내/","False","True",""
"지역SEO","massage/망성면-출장마사지-익산-생활권-지역정보-이용안내/index.html","https://1004테라피.shop/massage/망성면-출장마사지-익산-생활권-지역정보-이용안내/","False","True",""
"지역SEO","massage/거북섬동-출장마사지-시흥시-생활권-이동동선-지역정보-이용전-안내/index.html","https://1004테라피.shop/massage/거북섬동-출장마사지-시흥시-생활권-이동동선-지역정보-이용전-안내/","False","True",""
"지역SEO","massage/과림동-출장마사지-시흥시-생활권-이동동선-지역정보-이용전-안내/index.html","https://1004테라피.shop/massage/과림동-출장마사지-시흥시-생활권-이동동선-지역정보-이용전-안내/","False","True",""
"지역SEO","massage/군자동-출장마사지-시흥시-생활권-이동동선-지역정보-이용전-안내/index.html","https://1004테라피.shop/massage/군자동-출장마사지-시흥시-생활권-이동동선-지역정보-이용전-안내/","False","True",""
"지역SEO","massage/능곡동-출장마사지-시흥시-생활권-이동동선-지역정보-이용전-안내/index.html","https://1004테라피.shop/massage/능곡동-출장마사지-시흥시-생활권-이동동선-지역정보-이용전-안내/","False","True",""
"지역SEO","massage/대야동-출장마사지-시흥시-생활권-이동동선-지역정보-이용전-안내/index.html","https://1004테라피.shop/massage/대야동-출장마사지-시흥시-생활권-이동동선-지역정보-이용전-안내/","False","True",""
"지역SEO","massage/매화동-출장마사지-시흥시-생활권-이동동선-지역정보-이용전-안내/index.html","https://1004테라피.shop/massage/매화동-출장마사지-시흥시-생활권-이동동선-지역정보-이용전-안내/","False","True",""
"지역SEO","massage/목감동-출장마사지-시흥시-생활권-이동동선-지역정보-이용전-안내/index.html","https://1004테라피.shop/massage/목감동-출장마사지-시흥시-생활권-이동동선-지역정보-이용전-안내/","False","True",""
"지역SEO","massage/배곧동-출장마사지-시흥시-생활권-이동동선-지역정보-이용전-안내/index.html","https://1004테라피.shop/massage/배곧동-출장마사지-시흥시-생활권-이동동선-지역정보-이용전-안내/","False","True",""
"지역SEO","massage/신천동-출장마사지-시흥시-생활권-이동동선-지역정보-이용전-안내/index.html","https://1004테라피.shop/massage/신천동-출장마사지-시흥시-생활권-이동동선-지역정보-이용전-안내/","False","True",""
"지역SEO","massage/신현동-출장마사지-시흥시-생활권-이동동선-지역정보-이용전-안내/index.html","https://1004테라피.shop/massage/신현동-출장마사지-시흥시-생활권-이동동선-지역정보-이용전-안내/","False","True",""
"지역SEO","massage/연성동-출장마사지-시흥시-생활권-이동동선-지역정보-이용전-안내/index.html","https://1004테라피.shop/massage/연성동-출장마사지-시흥시-생활권-이동동선-지역정보-이용전-안내/","False","True",""
"지역SEO","massage/월곶동-출장마사지-시흥시-생활권-이동동선-지역정보-이용전-안내/index.html","https://1004테라피.shop/massage/월곶동-출장마사지-시흥시-생활권-이동동선-지역정보-이용전-안내/","False","True",""
"지역SEO","massage/은행동-출장마사지-시흥시-생활권-이동동선-지역정보-이용전-안내/index.html","https://1004테라피.shop/massage/은행동-출장마사지-시흥시-생활권-이동동선-지역정보-이용전-안내/","False","True",""
"지역SEO","massage/장곡동-출장마사지-시흥시-생활권-이동동선-지역정보-이용전-안내/index.html","https://1004테라피.shop/massage/장곡동-출장마사지-시흥시-생활권-이동동선-지역정보-이용전-안내/","False","True",""
"지역SEO","massage/정왕동-출장마사지-시흥시-생활권-이동동선-지역정보-이용전-안내/index.html","https://1004테라피.shop/massage/정왕동-출장마사지-시흥시-생활권-이동동선-지역정보-이용전-안내/","False","True",""
"지역SEO","massage/정왕본동-출장마사지-시흥시-생활권-이동동선-지역정보-이용전-안내/index.html","https://1004테라피.shop/massage/정왕본동-출장마사지-시흥시-생활권-이동동선-지역정보-이용전-안내/","False","True",""
"지역SEO","massage/삼기면-출장마사지-익산-생활권-지역정보-이용안내/index.html","https://1004테라피.shop/massage/삼기면-출장마사지-익산-생활권-지역정보-이용안내/","False","True",""
"지역SEO","massage/성당면-출장마사지-익산-생활권-지역정보-이용안내/index.html","https://1004테라피.shop/massage/성당면-출장마사지-익산-생활권-지역정보-이용안내/","False","True",""
"지역SEO","massage/여산면-출장마사지-익산-생활권-지역정보-이용안내/index.html","https://1004테라피.shop/massage/여산면-출장마사지-익산-생활권-지역정보-이용안내/","False","True",""
"지역SEO","massage/오산면-출장마사지-익산-생활권-지역정보-이용안내/index.html","https://1004테라피.shop/massage/오산면-출장마사지-익산-생활권-지역정보-이용안내/","False","True",""
"지역SEO","massage/왕궁면-출장마사지-익산-생활권-지역정보-이용안내/index.html","https://1004테라피.shop/massage/왕궁면-출장마사지-익산-생활권-지역정보-이용안내/","False","True",""
"지역SEO","massage/용동면-출장마사지-익산-생활권-지역정보-이용안내/index.html","https://1004테라피.shop/massage/용동면-출장마사지-익산-생활권-지역정보-이용안내/","False","True",""
"지역SEO","massage/용안면-출장마사지-익산-생활권-지역정보-이용안내/index.html","https://1004테라피.shop/massage/용안면-출장마사지-익산-생활권-지역정보-이용안내/","False","True",""
"지역SEO","massage/웅포면-출장마사지-익산-생활권-지역정보-이용안내/index.html","https://1004테라피.shop/massage/웅포면-출장마사지-익산-생활권-지역정보-이용안내/","False","True",""
"지역SEO","massage/춘포면-출장마사지-익산-생활권-지역정보-이용안내/index.html","https://1004테라피.shop/massage/춘포면-출장마사지-익산-생활권-지역정보-이용안내/","False","True",""
"지역SEO","massage/함라면-출장마사지-익산-생활권-지역정보-이용안내/index.html","https://1004테라피.shop/massage/함라면-출장마사지-익산-생활권-지역정보-이용안내/","False","True",""
"지역SEO","massage/황등면-출장마사지-익산-생활권-지역정보-이용안내/index.html","https://1004테라피.shop/massage/황등면-출장마사지-익산-생활권-지역정보-이용안내/","False","True",""
"지역SEO","massage/함열읍-출장마사지-익산-생활권-지역정보-이용안내/index.html","https://1004테라피.shop/massage/함열읍-출장마사지-익산-생활권-지역정보-이용안내/","False","True",""
"지역SEO","massage/교동면-출장마사지-인천-강화군-생활권-지역정보-이용안내/index.html","https://1004테라피.shop/massage/교동면-출장마사지-인천-강화군-생활권-지역정보-이용안내/","False","True",""
"지역SEO","massage/길상면-출장마사지-인천-강화군-생활권-지역정보-이용안내/index.html","https://1004테라피.shop/massage/길상면-출장마사지-인천-강화군-생활권-지역정보-이용안내/","False","True",""
"지역SEO","massage/내가면-출장마사지-인천-강화군-생활권-지역정보-이용안내/index.html","https://1004테라피.shop/massage/내가면-출장마사지-인천-강화군-생활권-지역정보-이용안내/","False","True",""
"지역SEO","massage/불은면-출장마사지-인천-강화군-생활권-지역정보-이용안내/index.html","https://1004테라피.shop/massage/불은면-출장마사지-인천-강화군-생활권-지역정보-이용안내/","False","True",""
"지역SEO","massage/삼산면-출장마사지-인천-강화군-생활권-지역정보-이용안내/index.html","https://1004테라피.shop/massage/삼산면-출장마사지-인천-강화군-생활권-지역정보-이용안내/","False","True",""
"지역SEO","massage/서도면-출장마사지-인천-강화군-생활권-지역정보-이용안내/index.html","https://1004테라피.shop/massage/서도면-출장마사지-인천-강화군-생활권-지역정보-이용안내/","False","True",""
"지역SEO","massage/선원면-출장마사지-인천-강화군-생활권-지역정보-이용안내/index.html","https://1004테라피.shop/massage/선원면-출장마사지-인천-강화군-생활권-지역정보-이용안내/","False","True",""
"지역SEO","massage/송해면-출장마사지-인천-강화군-생활권-지역정보-이용안내/index.html","https://1004테라피.shop/massage/송해면-출장마사지-인천-강화군-생활권-지역정보-이용안내/","False","True",""
"지역SEO","massage/양도면-출장마사지-인천-강화군-생활권-지역정보-이용안내/index.html","https://1004테라피.shop/massage/양도면-출장마사지-인천-강화군-생활권-지역정보-이용안내/","False","True",""
"지역SEO","massage/양사면-출장마사지-인천-강화군-생활권-지역정보-이용안내/index.html","https://1004테라피.shop/massage/양사면-출장마사지-인천-강화군-생활권-지역정보-이용안내/","False","True",""
"지역SEO","massage/하점면-출장마사지-인천-강화군-생활권-지역정보-이용안내/index.html","https://1004테라피.shop/massage/하점면-출장마사지-인천-강화군-생활권-지역정보-이용안내/","False","True",""
"지역SEO","massage/화도면-출장마사지-인천-강화군-생활권-지역정보-이용안내/index.html","https://1004테라피.shop/massage/화도면-출장마사지-인천-강화군-생활권-지역정보-이용안내/","False","True",""
"지역SEO","massage/안성동-출장마사지-안성시-생활권-이동동선-지역정보-이용전-안내/index.html","https://1004테라피.shop/massage/안성동-출장마사지-안성시-생활권-이동동선-지역정보-이용전-안내/","False","True",""
"지역SEO","massage/강화읍-출장마사지-인천-강화군-생활권-지역정보-이용안내/index.html","https://1004테라피.shop/massage/강화읍-출장마사지-인천-강화군-생활권-지역정보-이용안내/","False","True",""
"지역SEO","massage/대청면-출장마사지-인천-옹진군-생활권-지역정보-이용안내/index.html","https://1004테라피.shop/massage/대청면-출장마사지-인천-옹진군-생활권-지역정보-이용안내/","False","True",""
"지역SEO","massage/덕적면-출장마사지-인천-옹진군-생활권-지역정보-이용안내/index.html","https://1004테라피.shop/massage/덕적면-출장마사지-인천-옹진군-생활권-지역정보-이용안내/","False","True",""
"지역SEO","massage/백령면-출장마사지-인천-옹진군-생활권-지역정보-이용안내/index.html","https://1004테라피.shop/massage/백령면-출장마사지-인천-옹진군-생활권-지역정보-이용안내/","False","True",""
"지역SEO","massage/북도면-출장마사지-인천-옹진군-생활권-지역정보-이용안내/index.html","https://1004테라피.shop/massage/북도면-출장마사지-인천-옹진군-생활권-지역정보-이용안내/","False","True",""
"지역SEO","massage/연평면-출장마사지-인천-옹진군-생활권-지역정보-이용안내/index.html","https://1004테라피.shop/massage/연평면-출장마사지-인천-옹진군-생활권-지역정보-이용안내/","False","True",""
"지역SEO","massage/영흥면-출장마사지-인천-옹진군-생활권-지역정보-이용안내/index.html","https://1004테라피.shop/massage/영흥면-출장마사지-인천-옹진군-생활권-지역정보-이용안내/","False","True",""
"지역SEO","massage/자월면-출장마사지-인천-옹진군-생활권-지역정보-이용안내/index.html","https://1004테라피.shop/massage/자월면-출장마사지-인천-옹진군-생활권-지역정보-이용안내/","False","True",""
"지역SEO","massage/구산면-출장마사지-창원-마산합포구-생활권-지역정보-이용안내/index.html","https://1004테라피.shop/massage/구산면-출장마사지-창원-마산합포구-생활권-지역정보-이용안내/","False","True",""
"지역SEO","massage/진동면-출장마사지-창원-마산합포구-생활권-지역정보-이용안내/index.html","https://1004테라피.shop/massage/진동면-출장마사지-창원-마산합포구-생활권-지역정보-이용안내/","False","True",""
"지역SEO","massage/진북면-출장마사지-창원-마산합포구-생활권-지역정보-이용안내/index.html","https://1004테라피.shop/massage/진북면-출장마사지-창원-마산합포구-생활권-지역정보-이용안내/","False","True",""
"지역SEO","massage/진전면-출장마사지-창원-마산합포구-생활권-지역정보-이용안내/index.html","https://1004테라피.shop/massage/진전면-출장마사지-창원-마산합포구-생활권-지역정보-이용안내/","False","True",""
"지역SEO","massage/내서읍-출장마사지-창원-마산회원구-생활권-지역정보-이용안내/index.html","https://1004테라피.shop/massage/내서읍-출장마사지-창원-마산회원구-생활권-지역정보-이용안내/","False","True",""
"지역SEO","massage/대산면-출장마사지-창원-의창구-생활권-지역정보-이용안내/index.html","https://1004테라피.shop/massage/대산면-출장마사지-창원-의창구-생활권-지역정보-이용안내/","False","True",""
"지역SEO","massage/북면-출장마사지-창원-의창구-생활권-지역정보-이용안내/index.html","https://1004테라피.shop/massage/북면-출장마사지-창원-의창구-생활권-지역정보-이용안내/","False","True",""
"지역SEO","massage/동읍-출장마사지-창원-의창구-생활권-지역정보-이용안내/index.html","https://1004테라피.shop/massage/동읍-출장마사지-창원-의창구-생활권-지역정보-이용안내/","False","True",""
"지역SEO","massage/광덕면-출장마사지-천안-동남구-생활권-지역정보-이용안내/index.html","https://1004테라피.shop/massage/광덕면-출장마사지-천안-동남구-생활권-지역정보-이용안내/","False","True",""
"지역SEO","massage/동면-출장마사지-천안-동남구-생활권-지역정보-이용안내/index.html","https://1004테라피.shop/massage/동면-출장마사지-천안-동남구-생활권-지역정보-이용안내/","False","True",""
"지역SEO","massage/병천면-출장마사지-천안-동남구-생활권-지역정보-이용안내/index.html","https://1004테라피.shop/massage/병천면-출장마사지-천안-동남구-생활권-지역정보-이용안내/","False","True",""
"지역SEO","massage/북면-출장마사지-천안-동남구-생활권-지역정보-이용안내/index.html","https://1004테라피.shop/massage/북면-출장마사지-천안-동남구-생활권-지역정보-이용안내/","False","True",""
"지역SEO","massage/양주동-출장마사지-양주시-생활권-이동동선-지역정보-이용전-안내/index.html","https://1004테라피.shop/massage/양주동-출장마사지-양주시-생활권-이동동선-지역정보-이용전-안내/","False","True",""
"지역SEO","massage/옥정동-출장마사지-양주시-생활권-이동동선-지역정보-이용전-안내/index.html","https://1004테라피.shop/massage/옥정동-출장마사지-양주시-생활권-이동동선-지역정보-이용전-안내/","False","True",""
"지역SEO","massage/회천동-출장마사지-양주시-생활권-이동동선-지역정보-이용전-안내/index.html","https://1004테라피.shop/massage/회천동-출장마사지-양주시-생활권-이동동선-지역정보-이용전-안내/","False","True",""
"지역SEO","massage/여흥동-출장마사지-여주시-생활권-이동동선-지역정보-이용전-안내/index.html","https://1004테라피.shop/massage/여흥동-출장마사지-여주시-생활권-이동동선-지역정보-이용전-안내/","False","True",""
"지역SEO","massage/오학동-출장마사지-여주시-생활권-이동동선-지역정보-이용전-안내/index.html","https://1004테라피.shop/massage/오학동-출장마사지-여주시-생활권-이동동선-지역정보-이용전-안내/","False","True",""
"지역SEO","massage/중앙동-출장마사지-여주시-생활권-이동동선-지역정보-이용전-안내/index.html","https://1004테라피.shop/massage/중앙동-출장마사지-여주시-생활권-이동동선-지역정보-이용전-안내/","False","True",""
"지역SEO","massage/남촌동-출장마사지-오산시-생활권-이동동선-지역정보-이용전-안내/index.html","https://1004테라피.shop/massage/남촌동-출장마사지-오산시-생활권-이동동선-지역정보-이용전-안내/","False","True",""
"지역SEO","massage/대원동-출장마사지-오산시-생활권-이동동선-지역정보-이용전-안내/index.html","https://1004테라피.shop/massage/대원동-출장마사지-오산시-생활권-이동동선-지역정보-이용전-안내/","False","True",""
"지역SEO","massage/세마동-출장마사지-오산시-생활권-이동동선-지역정보-이용전-안내/index.html","https://1004테라피.shop/massage/세마동-출장마사지-오산시-생활권-이동동선-지역정보-이용전-안내/","False","True",""
"지역SEO","massage/신장동-출장마사지-오산시-생활권-이동동선-지역정보-이용전-안내/index.html","https://1004테라피.shop/massage/신장동-출장마사지-오산시-생활권-이동동선-지역정보-이용전-안내/","False","True",""
"지역SEO","massage/중앙동-출장마사지-오산시-생활권-이동동선-지역정보-이용전-안내/index.html","https://1004테라피.shop/massage/중앙동-출장마사지-오산시-생활권-이동동선-지역정보-이용전-안내/","False","True",""
"지역SEO","massage/초평동-출장마사지-오산시-생활권-이동동선-지역정보-이용전-안내/index.html","https://1004테라피.shop/massage/초평동-출장마사지-오산시-생활권-이동동선-지역정보-이용전-안내/","False","True",""
"지역SEO","massage/성남면-출장마사지-천안-동남구-생활권-지역정보-이용안내/index.html","https://1004테라피.shop/massage/성남면-출장마사지-천안-동남구-생활권-지역정보-이용안내/","False","True",""
"지역SEO","massage/수신면-출장마사지-천안-동남구-생활권-지역정보-이용안내/index.html","https://1004테라피.shop/massage/수신면-출장마사지-천안-동남구-생활권-지역정보-이용안내/","False","True",""
"지역SEO","massage/풍세면-출장마사지-천안-동남구-생활권-지역정보-이용안내/index.html","https://1004테라피.shop/massage/풍세면-출장마사지-천안-동남구-생활권-지역정보-이용안내/","False","True",""
"지역SEO","massage/목천읍-출장마사지-천안-동남구-생활권-지역정보-이용안내/index.html","https://1004테라피.shop/massage/목천읍-출장마사지-천안-동남구-생활권-지역정보-이용안내/","False","True",""
"지역SEO","massage/입장면-출장마사지-천안-서북구-생활권-지역정보-이용안내/index.html","https://1004테라피.shop/massage/입장면-출장마사지-천안-서북구-생활권-지역정보-이용안내/","False","True",""
"지역SEO","massage/성거읍-출장마사지-천안-서북구-생활권-지역정보-이용안내/index.html","https://1004테라피.shop/massage/성거읍-출장마사지-천안-서북구-생활권-지역정보-이용안내/","False","True",""
"지역SEO","massage/성환읍-출장마사지-천안-서북구-생활권-지역정보-이용안내/index.html","https://1004테라피.shop/massage/성환읍-출장마사지-천안-서북구-생활권-지역정보-이용안내/","False","True",""
"지역SEO","massage/직산읍-출장마사지-천안-서북구-생활권-지역정보-이용안내/index.html","https://1004테라피.shop/massage/직산읍-출장마사지-천안-서북구-생활권-지역정보-이용안내/","False","True",""
"지역SEO","massage/가덕면-출장마사지-청주-상당구-생활권-지역정보-이용안내/index.html","https://1004테라피.shop/massage/가덕면-출장마사지-청주-상당구-생활권-지역정보-이용안내/","False","True",""
"지역SEO","massage/남일면-출장마사지-청주-상당구-생활권-지역정보-이용안내/index.html","https://1004테라피.shop/massage/남일면-출장마사지-청주-상당구-생활권-지역정보-이용안내/","False","True",""
"지역SEO","massage/낭성면-출장마사지-청주-상당구-생활권-지역정보-이용안내/index.html","https://1004테라피.shop/massage/낭성면-출장마사지-청주-상당구-생활권-지역정보-이용안내/","False","True",""
"지역SEO","massage/문의면-출장마사지-청주-상당구-생활권-지역정보-이용안내/index.html","https://1004테라피.shop/massage/문의면-출장마사지-청주-상당구-생활권-지역정보-이용안내/","False","True",""
"지역SEO","massage/미원면-출장마사지-청주-상당구-생활권-지역정보-이용안내/index.html","https://1004테라피.shop/massage/미원면-출장마사지-청주-상당구-생활권-지역정보-이용안내/","False","True",""
"지역SEO","massage/남이면-출장마사지-청주-서원구-생활권-지역정보-이용안내/index.html","https://1004테라피.shop/massage/남이면-출장마사지-청주-서원구-생활권-지역정보-이용안내/","False","True",""
"지역SEO","massage/현도면-출장마사지-청주-서원구-생활권-지역정보-이용안내/index.html","https://1004테라피.shop/massage/현도면-출장마사지-청주-서원구-생활권-지역정보-이용안내/","False","True",""
"지역SEO","massage/북이면-출장마사지-청주-청원구-생활권-지역정보-이용안내/index.html","https://1004테라피.shop/massage/북이면-출장마사지-청주-청원구-생활권-지역정보-이용안내/","False","True",""
"지역SEO","massage/내수읍-출장마사지-청주-청원구-생활권-지역정보-이용안내/index.html","https://1004테라피.shop/massage/내수읍-출장마사지-청주-청원구-생활권-지역정보-이용안내/","False","True",""
"지역SEO","massage/오창읍-출장마사지-청주-청원구-생활권-지역정보-이용안내/index.html","https://1004테라피.shop/massage/오창읍-출장마사지-청주-청원구-생활권-지역정보-이용안내/","False","True",""
"지역SEO","massage/강내면-출장마사지-청주-흥덕구-생활권-지역정보-이용안내/index.html","https://1004테라피.shop/massage/강내면-출장마사지-청주-흥덕구-생활권-지역정보-이용안내/","False","True",""
"지역SEO","massage/옥산면-출장마사지-청주-흥덕구-생활권-지역정보-이용안내/index.html","https://1004테라피.shop/massage/옥산면-출장마사지-청주-흥덕구-생활권-지역정보-이용안내/","False","True",""
"지역SEO","massage/오송읍-출장마사지-청주-흥덕구-생활권-지역정보-이용안내/index.html","https://1004테라피.shop/massage/오송읍-출장마사지-청주-흥덕구-생활권-지역정보-이용안내/","False","True",""
"지역SEO","massage/고천동-출장마사지-의왕시-생활권-이동동선-지역정보-이용전-안내/index.html","https://1004테라피.shop/massage/고천동-출장마사지-의왕시-생활권-이동동선-지역정보-이용전-안내/","False","True",""
"지역SEO","massage/내손동-출장마사지-의왕시-생활권-이동동선-지역정보-이용전-안내/index.html","https://1004테라피.shop/massage/내손동-출장마사지-의왕시-생활권-이동동선-지역정보-이용전-안내/","False","True",""
"지역SEO","massage/부곡동-출장마사지-의왕시-생활권-이동동선-지역정보-이용전-안내/index.html","https://1004테라피.shop/massage/부곡동-출장마사지-의왕시-생활권-이동동선-지역정보-이용전-안내/","False","True",""
"지역SEO","massage/오전동-출장마사지-의왕시-생활권-이동동선-지역정보-이용전-안내/index.html","https://1004테라피.shop/massage/오전동-출장마사지-의왕시-생활권-이동동선-지역정보-이용전-안내/","False","True",""
"지역SEO","massage/청계동-출장마사지-의왕시-생활권-이동동선-지역정보-이용전-안내/index.html","https://1004테라피.shop/massage/청계동-출장마사지-의왕시-생활권-이동동선-지역정보-이용전-안내/","False","True",""
"지역SEO","massage/가능동-출장마사지-의정부시-생활권-이동동선-지역정보-이용전-안내/index.html","https://1004테라피.shop/massage/가능동-출장마사지-의정부시-생활권-이동동선-지역정보-이용전-안내/","False","True",""
"지역SEO","massage/고산동-출장마사지-의정부시-생활권-이동동선-지역정보-이용전-안내/index.html","https://1004테라피.shop/massage/고산동-출장마사지-의정부시-생활권-이동동선-지역정보-이용전-안내/","False","True",""
"지역SEO","massage/녹양동-출장마사지-의정부시-생활권-이동동선-지역정보-이용전-안내/index.html","https://1004테라피.shop/massage/녹양동-출장마사지-의정부시-생활권-이동동선-지역정보-이용전-안내/","False","True",""
"지역SEO","massage/송산동-출장마사지-의정부시-생활권-이동동선-지역정보-이용전-안내/index.html","https://1004테라피.shop/massage/송산동-출장마사지-의정부시-생활권-이동동선-지역정보-이용전-안내/","False","True",""
"지역SEO","massage/신곡동-출장마사지-의정부시-생활권-이동동선-지역정보-이용전-안내/index.html","https://1004테라피.shop/massage/신곡동-출장마사지-의정부시-생활권-이동동선-지역정보-이용전-안내/","False","True",""
"지역SEO","massage/의정부동-출장마사지-의정부시-생활권-이동동선-지역정보-이용전-안내/index.html","https://1004테라피.shop/massage/의정부동-출장마사지-의정부시-생활권-이동동선-지역정보-이용전-안내/","False","True",""
"지역SEO","massage/자금동-출장마사지-의정부시-생활권-이동동선-지역정보-이용전-안내/index.html","https://1004테라피.shop/massage/자금동-출장마사지-의정부시-생활권-이동동선-지역정보-이용전-안내/","False","True",""
"지역SEO","massage/장암동-출장마사지-의정부시-생활권-이동동선-지역정보-이용전-안내/index.html","https://1004테라피.shop/massage/장암동-출장마사지-의정부시-생활권-이동동선-지역정보-이용전-안내/","False","True",""
"지역SEO","massage/호원동-출장마사지-의정부시-생활권-이동동선-지역정보-이용전-안내/index.html","https://1004테라피.shop/massage/호원동-출장마사지-의정부시-생활권-이동동선-지역정보-이용전-안내/","False","True",""
"지역SEO","massage/흥선동-출장마사지-의정부시-생활권-이동동선-지역정보-이용전-안내/index.html","https://1004테라피.shop/massage/흥선동-출장마사지-의정부시-생활권-이동동선-지역정보-이용전-안내/","False","True",""
"지역SEO","massage/관고동-출장마사지-이천시-생활권-이동동선-지역정보-이용전-안내/index.html","https://1004테라피.shop/massage/관고동-출장마사지-이천시-생활권-이동동선-지역정보-이용전-안내/","False","True",""
"지역SEO","massage/중리동-출장마사지-이천시-생활권-이동동선-지역정보-이용전-안내/index.html","https://1004테라피.shop/massage/중리동-출장마사지-이천시-생활권-이동동선-지역정보-이용전-안내/","False","True",""
"지역SEO","massage/증포동-출장마사지-이천시-생활권-이동동선-지역정보-이용전-안내/index.html","https://1004테라피.shop/massage/증포동-출장마사지-이천시-생활권-이동동선-지역정보-이용전-안내/","False","True",""
"지역SEO","massage/창전동-출장마사지-이천시-생활권-이동동선-지역정보-이용전-안내/index.html","https://1004테라피.shop/massage/창전동-출장마사지-이천시-생활권-이동동선-지역정보-이용전-안내/","False","True",""
"지역SEO","massage/교하동-출장마사지-파주시-생활권-이동동선-지역정보-이용전-안내/index.html","https://1004테라피.shop/massage/교하동-출장마사지-파주시-생활권-이동동선-지역정보-이용전-안내/","False","True",""
"지역SEO","massage/금촌동-출장마사지-파주시-생활권-이동동선-지역정보-이용전-안내/index.html","https://1004테라피.shop/massage/금촌동-출장마사지-파주시-생활권-이동동선-지역정보-이용전-안내/","False","True",""
"지역SEO","massage/운정동-출장마사지-파주시-생활권-이동동선-지역정보-이용전-안내/index.html","https://1004테라피.shop/massage/운정동-출장마사지-파주시-생활권-이동동선-지역정보-이용전-안내/","False","True",""
"지역SEO","massage/고덕동-출장마사지-평택시-생활권-이동동선-지역정보-이용전-안내/index.html","https://1004테라피.shop/massage/고덕동-출장마사지-평택시-생활권-이동동선-지역정보-이용전-안내/","False","True",""
"지역SEO","massage/동삭동-출장마사지-평택시-생활권-이동동선-지역정보-이용전-안내/index.html","https://1004테라피.shop/massage/동삭동-출장마사지-평택시-생활권-이동동선-지역정보-이용전-안내/","False","True",""
"지역SEO","massage/비전동-출장마사지-평택시-생활권-이동동선-지역정보-이용전-안내/index.html","https://1004테라피.shop/massage/비전동-출장마사지-평택시-생활권-이동동선-지역정보-이용전-안내/","False","True",""
"지역SEO","massage/서정동-출장마사지-평택시-생활권-이동동선-지역정보-이용전-안내/index.html","https://1004테라피.shop/massage/서정동-출장마사지-평택시-생활권-이동동선-지역정보-이용전-안내/","False","True",""
"지역SEO","massage/세교동-출장마사지-평택시-생활권-이동동선-지역정보-이용전-안내/index.html","https://1004테라피.shop/massage/세교동-출장마사지-평택시-생활권-이동동선-지역정보-이용전-안내/","False","True",""
"지역SEO","massage/송북동-출장마사지-평택시-생활권-이동동선-지역정보-이용전-안내/index.html","https://1004테라피.shop/massage/송북동-출장마사지-평택시-생활권-이동동선-지역정보-이용전-안내/","False","True",""
"지역SEO","massage/송탄동-출장마사지-평택시-생활권-이동동선-지역정보-이용전-안내/index.html","https://1004테라피.shop/massage/송탄동-출장마사지-평택시-생활권-이동동선-지역정보-이용전-안내/","False","True",""
"지역SEO","massage/신장동-출장마사지-평택시-생활권-이동동선-지역정보-이용전-안내/index.html","https://1004테라피.shop/massage/신장동-출장마사지-평택시-생활권-이동동선-지역정보-이용전-안내/","False","True",""
"지역SEO","massage/신평동-출장마사지-평택시-생활권-이동동선-지역정보-이용전-안내/index.html","https://1004테라피.shop/massage/신평동-출장마사지-평택시-생활권-이동동선-지역정보-이용전-안내/","False","True",""
"지역SEO","massage/용이동-출장마사지-평택시-생활권-이동동선-지역정보-이용전-안내/index.html","https://1004테라피.shop/massage/용이동-출장마사지-평택시-생활권-이동동선-지역정보-이용전-안내/","False","True",""
"지역SEO","massage/원평동-출장마사지-평택시-생활권-이동동선-지역정보-이용전-안내/index.html","https://1004테라피.shop/massage/원평동-출장마사지-평택시-생활권-이동동선-지역정보-이용전-안내/","False","True",""
"지역SEO","massage/중앙동-출장마사지-평택시-생활권-이동동선-지역정보-이용전-안내/index.html","https://1004테라피.shop/massage/중앙동-출장마사지-평택시-생활권-이동동선-지역정보-이용전-안내/","False","True",""
"지역SEO","massage/지산동-출장마사지-평택시-생활권-이동동선-지역정보-이용전-안내/index.html","https://1004테라피.shop/massage/지산동-출장마사지-평택시-생활권-이동동선-지역정보-이용전-안내/","False","True",""
"지역SEO","massage/통복동-출장마사지-평택시-생활권-이동동선-지역정보-이용전-안내/index.html","https://1004테라피.shop/massage/통복동-출장마사지-평택시-생활권-이동동선-지역정보-이용전-안내/","False","True",""
"지역SEO","massage/선단동-출장마사지-포천시-생활권-이동동선-지역정보-이용전-안내/index.html","https://1004테라피.shop/massage/선단동-출장마사지-포천시-생활권-이동동선-지역정보-이용전-안내/","False","True",""
"지역SEO","massage/포천동-출장마사지-포천시-생활권-이동동선-지역정보-이용전-안내/index.html","https://1004테라피.shop/massage/포천동-출장마사지-포천시-생활권-이동동선-지역정보-이용전-안내/","False","True",""
"지역SEO","massage/감북동-출장마사지-하남시-생활권-이동동선-지역정보-이용전-안내/index.html","https://1004테라피.shop/massage/감북동-출장마사지-하남시-생활권-이동동선-지역정보-이용전-안내/","False","True",""
"지역SEO","massage/감일동-출장마사지-하남시-생활권-이동동선-지역정보-이용전-안내/index.html","https://1004테라피.shop/massage/감일동-출장마사지-하남시-생활권-이동동선-지역정보-이용전-안내/","False","True",""
"지역SEO","massage/덕풍동-출장마사지-하남시-생활권-이동동선-지역정보-이용전-안내/index.html","https://1004테라피.shop/massage/덕풍동-출장마사지-하남시-생활권-이동동선-지역정보-이용전-안내/","False","True",""
"지역SEO","massage/미사동-출장마사지-하남시-생활권-이동동선-지역정보-이용전-안내/index.html","https://1004테라피.shop/massage/미사동-출장마사지-하남시-생활권-이동동선-지역정보-이용전-안내/","False","True",""
"지역SEO","massage/신장동-출장마사지-하남시-생활권-이동동선-지역정보-이용전-안내/index.html","https://1004테라피.shop/massage/신장동-출장마사지-하남시-생활권-이동동선-지역정보-이용전-안내/","False","True",""
"지역SEO","massage/위례동-출장마사지-하남시-생활권-이동동선-지역정보-이용전-안내/index.html","https://1004테라피.shop/massage/위례동-출장마사지-하남시-생활권-이동동선-지역정보-이용전-안내/","False","True",""
"지역SEO","massage/천현동-출장마사지-하남시-생활권-이동동선-지역정보-이용전-안내/index.html","https://1004테라피.shop/massage/천현동-출장마사지-하남시-생활권-이동동선-지역정보-이용전-안내/","False","True",""
"지역SEO","massage/초이동-출장마사지-하남시-생활권-이동동선-지역정보-이용전-안내/index.html","https://1004테라피.shop/massage/초이동-출장마사지-하남시-생활권-이동동선-지역정보-이용전-안내/","False","True",""
"지역SEO","massage/춘궁동-출장마사지-하남시-생활권-이동동선-지역정보-이용전-안내/index.html","https://1004테라피.shop/massage/춘궁동-출장마사지-하남시-생활권-이동동선-지역정보-이용전-안내/","False","True",""
"지역SEO","massage/개포동-출장마사지-강남구-생활권-이동동선-지역정보-이용전-안내/index.html","https://1004테라피.shop/massage/개포동-출장마사지-강남구-생활권-이동동선-지역정보-이용전-안내/","False","True",""
"지역SEO","massage/논현동-출장마사지-강남구-생활권-이동동선-지역정보-이용전-안내/index.html","https://1004테라피.shop/massage/논현동-출장마사지-강남구-생활권-이동동선-지역정보-이용전-안내/","False","True",""
"지역SEO","massage/대치동-출장마사지-강남구-생활권-이동동선-지역정보-이용전-안내/index.html","https://1004테라피.shop/massage/대치동-출장마사지-강남구-생활권-이동동선-지역정보-이용전-안내/","False","True",""
"지역SEO","massage/도곡동-출장마사지-강남구-생활권-이동동선-지역정보-이용전-안내/index.html","https://1004테라피.shop/massage/도곡동-출장마사지-강남구-생활권-이동동선-지역정보-이용전-안내/","False","True",""
"지역SEO","massage/삼성동-출장마사지-강남구-생활권-이동동선-지역정보-이용전-안내/index.html","https://1004테라피.shop/massage/삼성동-출장마사지-강남구-생활권-이동동선-지역정보-이용전-안내/","False","True",""
"지역SEO","massage/세곡동-출장마사지-강남구-생활권-이동동선-지역정보-이용전-안내/index.html","https://1004테라피.shop/massage/세곡동-출장마사지-강남구-생활권-이동동선-지역정보-이용전-안내/","False","True",""
"지역SEO","massage/수서동-출장마사지-강남구-생활권-이동동선-지역정보-이용전-안내/index.html","https://1004테라피.shop/massage/수서동-출장마사지-강남구-생활권-이동동선-지역정보-이용전-안내/","False","True",""
"지역SEO","massage/신사동-출장마사지-강남구-생활권-이동동선-지역정보-이용전-안내/index.html","https://1004테라피.shop/massage/신사동-출장마사지-강남구-생활권-이동동선-지역정보-이용전-안내/","False","True",""
"지역SEO","massage/압구정동-출장마사지-강남구-생활권-이동동선-지역정보-이용전-안내/index.html","https://1004테라피.shop/massage/압구정동-출장마사지-강남구-생활권-이동동선-지역정보-이용전-안내/","False","True",""
"지역SEO","massage/역삼동-출장마사지-강남구-생활권-이동동선-지역정보-이용전-안내/index.html","https://1004테라피.shop/massage/역삼동-출장마사지-강남구-생활권-이동동선-지역정보-이용전-안내/","False","True",""
"지역SEO","massage/일원동-출장마사지-강남구-생활권-이동동선-지역정보-이용전-안내/index.html","https://1004테라피.shop/massage/일원동-출장마사지-강남구-생활권-이동동선-지역정보-이용전-안내/","False","True",""
"지역SEO","massage/일원본동-출장마사지-강남구-생활권-이동동선-지역정보-이용전-안내/index.html","https://1004테라피.shop/massage/일원본동-출장마사지-강남구-생활권-이동동선-지역정보-이용전-안내/","False","True",""
"지역SEO","massage/청담동-출장마사지-강남구-생활권-이동동선-지역정보-이용전-안내/index.html","https://1004테라피.shop/massage/청담동-출장마사지-강남구-생활권-이동동선-지역정보-이용전-안내/","False","True",""
"지역SEO","massage/강일동-출장마사지-강동구-생활권-이동동선-지역정보-이용전-안내/index.html","https://1004테라피.shop/massage/강일동-출장마사지-강동구-생활권-이동동선-지역정보-이용전-안내/","False","True",""
"지역SEO","massage/고덕동-출장마사지-강동구-생활권-이동동선-지역정보-이용전-안내/index.html","https://1004테라피.shop/massage/고덕동-출장마사지-강동구-생활권-이동동선-지역정보-이용전-안내/","False","True",""
"지역SEO","massage/길동-출장마사지-강동구-생활권-이동동선-지역정보-이용전-안내/index.html","https://1004테라피.shop/massage/길동-출장마사지-강동구-생활권-이동동선-지역정보-이용전-안내/","False","True",""
"지역SEO","massage/둔촌동-출장마사지-강동구-생활권-이동동선-지역정보-이용전-안내/index.html","https://1004테라피.shop/massage/둔촌동-출장마사지-강동구-생활권-이동동선-지역정보-이용전-안내/","False","True",""
"지역SEO","massage/명일동-출장마사지-강동구-생활권-이동동선-지역정보-이용전-안내/index.html","https://1004테라피.shop/massage/명일동-출장마사지-강동구-생활권-이동동선-지역정보-이용전-안내/","False","True",""
"지역SEO","massage/상일동-출장마사지-강동구-생활권-이동동선-지역정보-이용전-안내/index.html","https://1004테라피.shop/massage/상일동-출장마사지-강동구-생활권-이동동선-지역정보-이용전-안내/","False","True",""
"지역SEO","massage/성내동-출장마사지-강동구-생활권-이동동선-지역정보-이용전-안내/index.html","https://1004테라피.shop/massage/성내동-출장마사지-강동구-생활권-이동동선-지역정보-이용전-안내/","False","True",""
"지역SEO","massage/암사동-출장마사지-강동구-생활권-이동동선-지역정보-이용전-안내/index.html","https://1004테라피.shop/massage/암사동-출장마사지-강동구-생활권-이동동선-지역정보-이용전-안내/","False","True",""
"지역SEO","massage/천호동-출장마사지-강동구-생활권-이동동선-지역정보-이용전-안내/index.html","https://1004테라피.shop/massage/천호동-출장마사지-강동구-생활권-이동동선-지역정보-이용전-안내/","False","True",""
"지역SEO","massage/미아동-출장마사지-강북구-생활권-이동동선-지역정보-이용전-안내/index.html","https://1004테라피.shop/massage/미아동-출장마사지-강북구-생활권-이동동선-지역정보-이용전-안내/","False","True",""
"지역SEO","massage/번동-출장마사지-강북구-생활권-이동동선-지역정보-이용전-안내/index.html","https://1004테라피.shop/massage/번동-출장마사지-강북구-생활권-이동동선-지역정보-이용전-안내/","False","True",""
"지역SEO","massage/삼각산동-출장마사지-강북구-생활권-이동동선-지역정보-이용전-안내/index.html","https://1004테라피.shop/massage/삼각산동-출장마사지-강북구-생활권-이동동선-지역정보-이용전-안내/","False","True",""
"지역SEO","massage/삼양동-출장마사지-강북구-생활권-이동동선-지역정보-이용전-안내/index.html","https://1004테라피.shop/massage/삼양동-출장마사지-강북구-생활권-이동동선-지역정보-이용전-안내/","False","True",""
"지역SEO","massage/송중동-출장마사지-강북구-생활권-이동동선-지역정보-이용전-안내/index.html","https://1004테라피.shop/massage/송중동-출장마사지-강북구-생활권-이동동선-지역정보-이용전-안내/","False","True",""
"지역SEO","massage/송천동-출장마사지-강북구-생활권-이동동선-지역정보-이용전-안내/index.html","https://1004테라피.shop/massage/송천동-출장마사지-강북구-생활권-이동동선-지역정보-이용전-안내/","False","True",""
"지역SEO","massage/수유동-출장마사지-강북구-생활권-이동동선-지역정보-이용전-안내/index.html","https://1004테라피.shop/massage/수유동-출장마사지-강북구-생활권-이동동선-지역정보-이용전-안내/","False","True",""
"지역SEO","massage/우이동-출장마사지-강북구-생활권-이동동선-지역정보-이용전-안내/index.html","https://1004테라피.shop/massage/우이동-출장마사지-강북구-생활권-이동동선-지역정보-이용전-안내/","False","True",""
"지역SEO","massage/인수동-출장마사지-강북구-생활권-이동동선-지역정보-이용전-안내/index.html","https://1004테라피.shop/massage/인수동-출장마사지-강북구-생활권-이동동선-지역정보-이용전-안내/","False","True",""
"지역SEO","massage/가양동-출장마사지-강서구-생활권-이동동선-지역정보-이용전-안내/index.html","https://1004테라피.shop/massage/가양동-출장마사지-강서구-생활권-이동동선-지역정보-이용전-안내/","False","True",""
"지역SEO","massage/공항동-출장마사지-강서구-생활권-이동동선-지역정보-이용전-안내/index.html","https://1004테라피.shop/massage/공항동-출장마사지-강서구-생활권-이동동선-지역정보-이용전-안내/","False","True",""
"지역SEO","massage/등촌동-출장마사지-강서구-생활권-이동동선-지역정보-이용전-안내/index.html","https://1004테라피.shop/massage/등촌동-출장마사지-강서구-생활권-이동동선-지역정보-이용전-안내/","False","True",""
"지역SEO","massage/발산동-출장마사지-강서구-생활권-이동동선-지역정보-이용전-안내/index.html","https://1004테라피.shop/massage/발산동-출장마사지-강서구-생활권-이동동선-지역정보-이용전-안내/","False","True",""
"지역SEO","massage/방화동-출장마사지-강서구-생활권-이동동선-지역정보-이용전-안내/index.html","https://1004테라피.shop/massage/방화동-출장마사지-강서구-생활권-이동동선-지역정보-이용전-안내/","False","True",""
"지역SEO","massage/우장산동-출장마사지-강서구-생활권-이동동선-지역정보-이용전-안내/index.html","https://1004테라피.shop/massage/우장산동-출장마사지-강서구-생활권-이동동선-지역정보-이용전-안내/","False","True",""
"지역SEO","massage/화곡본동-출장마사지-강서구-생활권-이동동선-지역정보-이용전-안내/index.html","https://1004테라피.shop/massage/화곡본동-출장마사지-강서구-생활권-이동동선-지역정보-이용전-안내/","False","True",""
"지역SEO","massage/낙성대동-출장마사지-관악구-생활권-이동동선-지역정보-이용전-안내/index.html","https://1004테라피.shop/massage/낙성대동-출장마사지-관악구-생활권-이동동선-지역정보-이용전-안내/","False","True",""
"지역SEO","massage/난곡동-출장마사지-관악구-생활권-이동동선-지역정보-이용전-안내/index.html","https://1004테라피.shop/massage/난곡동-출장마사지-관악구-생활권-이동동선-지역정보-이용전-안내/","False","True",""
"지역SEO","massage/난향동-출장마사지-관악구-생활권-이동동선-지역정보-이용전-안내/index.html","https://1004테라피.shop/massage/난향동-출장마사지-관악구-생활권-이동동선-지역정보-이용전-안내/","False","True",""
"지역SEO","massage/남현동-출장마사지-관악구-생활권-이동동선-지역정보-이용전-안내/index.html","https://1004테라피.shop/massage/남현동-출장마사지-관악구-생활권-이동동선-지역정보-이용전-안내/","False","True",""
"지역SEO","massage/대학동-출장마사지-관악구-생활권-이동동선-지역정보-이용전-안내/index.html","https://1004테라피.shop/massage/대학동-출장마사지-관악구-생활권-이동동선-지역정보-이용전-안내/","False","True",""
"지역SEO","massage/미성동-출장마사지-관악구-생활권-이동동선-지역정보-이용전-안내/index.html","https://1004테라피.shop/massage/미성동-출장마사지-관악구-생활권-이동동선-지역정보-이용전-안내/","False","True",""
"지역SEO","massage/보라매동-출장마사지-관악구-생활권-이동동선-지역정보-이용전-안내/index.html","https://1004테라피.shop/massage/보라매동-출장마사지-관악구-생활권-이동동선-지역정보-이용전-안내/","False","True",""
"지역SEO","massage/삼성동-출장마사지-관악구-생활권-이동동선-지역정보-이용전-안내/index.html","https://1004테라피.shop/massage/삼성동-출장마사지-관악구-생활권-이동동선-지역정보-이용전-안내/","False","True",""
"지역SEO","massage/서림동-출장마사지-관악구-생활권-이동동선-지역정보-이용전-안내/index.html","https://1004테라피.shop/massage/서림동-출장마사지-관악구-생활권-이동동선-지역정보-이용전-안내/","False","True",""
"지역SEO","massage/서원동-출장마사지-관악구-생활권-이동동선-지역정보-이용전-안내/index.html","https://1004테라피.shop/massage/서원동-출장마사지-관악구-생활권-이동동선-지역정보-이용전-안내/","False","True",""
"지역SEO","massage/성현동-출장마사지-관악구-생활권-이동동선-지역정보-이용전-안내/index.html","https://1004테라피.shop/massage/성현동-출장마사지-관악구-생활권-이동동선-지역정보-이용전-안내/","False","True",""
"지역SEO","massage/신림동-출장마사지-관악구-생활권-이동동선-지역정보-이용전-안내/index.html","https://1004테라피.shop/massage/신림동-출장마사지-관악구-생활권-이동동선-지역정보-이용전-안내/","False","True",""
"지역SEO","massage/신사동-출장마사지-관악구-생활권-이동동선-지역정보-이용전-안내/index.html","https://1004테라피.shop/massage/신사동-출장마사지-관악구-생활권-이동동선-지역정보-이용전-안내/","False","True",""
"지역SEO","massage/신원동-출장마사지-관악구-생활권-이동동선-지역정보-이용전-안내/index.html","https://1004테라피.shop/massage/신원동-출장마사지-관악구-생활권-이동동선-지역정보-이용전-안내/","False","True",""
"지역SEO","massage/은천동-출장마사지-관악구-생활권-이동동선-지역정보-이용전-안내/index.html","https://1004테라피.shop/massage/은천동-출장마사지-관악구-생활권-이동동선-지역정보-이용전-안내/","False","True",""
"지역SEO","massage/인헌동-출장마사지-관악구-생활권-이동동선-지역정보-이용전-안내/index.html","https://1004테라피.shop/massage/인헌동-출장마사지-관악구-생활권-이동동선-지역정보-이용전-안내/","False","True",""
"지역SEO","massage/조원동-출장마사지-관악구-생활권-이동동선-지역정보-이용전-안내/index.html","https://1004테라피.shop/massage/조원동-출장마사지-관악구-생활권-이동동선-지역정보-이용전-안내/","False","True",""
"지역SEO","massage/중앙동-출장마사지-관악구-생활권-이동동선-지역정보-이용전-안내/index.html","https://1004테라피.shop/massage/중앙동-출장마사지-관악구-생활권-이동동선-지역정보-이용전-안내/","False","True",""
"지역SEO","massage/청룡동-출장마사지-관악구-생활권-이동동선-지역정보-이용전-안내/index.html","https://1004테라피.shop/massage/청룡동-출장마사지-관악구-생활권-이동동선-지역정보-이용전-안내/","False","True",""
"지역SEO","massage/청림동-출장마사지-관악구-생활권-이동동선-지역정보-이용전-안내/index.html","https://1004테라피.shop/massage/청림동-출장마사지-관악구-생활권-이동동선-지역정보-이용전-안내/","False","True",""
"지역SEO","massage/행운동-출장마사지-관악구-생활권-이동동선-지역정보-이용전-안내/index.html","https://1004테라피.shop/massage/행운동-출장마사지-관악구-생활권-이동동선-지역정보-이용전-안내/","False","True",""
"지역SEO","massage/광장동-출장마사지-광진구-생활권-이동동선-지역정보-이용전-안내/index.html","https://1004테라피.shop/massage/광장동-출장마사지-광진구-생활권-이동동선-지역정보-이용전-안내/","False","True",""
"지역SEO","massage/구의동-출장마사지-광진구-생활권-이동동선-지역정보-이용전-안내/index.html","https://1004테라피.shop/massage/구의동-출장마사지-광진구-생활권-이동동선-지역정보-이용전-안내/","False","True",""
"지역SEO","massage/군자동-출장마사지-광진구-생활권-이동동선-지역정보-이용전-안내/index.html","https://1004테라피.shop/massage/군자동-출장마사지-광진구-생활권-이동동선-지역정보-이용전-안내/","False","True",""
"지역SEO","massage/능동-출장마사지-광진구-생활권-이동동선-지역정보-이용전-안내/index.html","https://1004테라피.shop/massage/능동-출장마사지-광진구-생활권-이동동선-지역정보-이용전-안내/","False","True",""
"지역SEO","massage/자양동-출장마사지-광진구-생활권-이동동선-지역정보-이용전-안내/index.html","https://1004테라피.shop/massage/자양동-출장마사지-광진구-생활권-이동동선-지역정보-이용전-안내/","False","True",""
"지역SEO","massage/중곡동-출장마사지-광진구-생활권-이동동선-지역정보-이용전-안내/index.html","https://1004테라피.shop/massage/중곡동-출장마사지-광진구-생활권-이동동선-지역정보-이용전-안내/","False","True",""
"지역SEO","massage/화양동-출장마사지-광진구-생활권-이동동선-지역정보-이용전-안내/index.html","https://1004테라피.shop/massage/화양동-출장마사지-광진구-생활권-이동동선-지역정보-이용전-안내/","False","True",""
"지역SEO","massage/가리봉동-출장마사지-구로구-생활권-이동동선-지역정보-이용전-안내/index.html","https://1004테라피.shop/massage/가리봉동-출장마사지-구로구-생활권-이동동선-지역정보-이용전-안내/","False","True",""
"지역SEO","massage/개봉동-출장마사지-구로구-생활권-이동동선-지역정보-이용전-안내/index.html","https://1004테라피.shop/massage/개봉동-출장마사지-구로구-생활권-이동동선-지역정보-이용전-안내/","False","True",""
"지역SEO","massage/고척동-출장마사지-구로구-생활권-이동동선-지역정보-이용전-안내/index.html","https://1004테라피.shop/massage/고척동-출장마사지-구로구-생활권-이동동선-지역정보-이용전-안내/","False","True",""
"지역SEO","massage/구로동-출장마사지-구로구-생활권-이동동선-지역정보-이용전-안내/index.html","https://1004테라피.shop/massage/구로동-출장마사지-구로구-생활권-이동동선-지역정보-이용전-안내/","False","True",""
"지역SEO","massage/수궁동-출장마사지-구로구-생활권-이동동선-지역정보-이용전-안내/index.html","https://1004테라피.shop/massage/수궁동-출장마사지-구로구-생활권-이동동선-지역정보-이용전-안내/","False","True",""
"지역SEO","massage/신도림동-출장마사지-구로구-생활권-이동동선-지역정보-이용전-안내/index.html","https://1004테라피.shop/massage/신도림동-출장마사지-구로구-생활권-이동동선-지역정보-이용전-안내/","False","True",""
"지역SEO","massage/오류동-출장마사지-구로구-생활권-이동동선-지역정보-이용전-안내/index.html","https://1004테라피.shop/massage/오류동-출장마사지-구로구-생활권-이동동선-지역정보-이용전-안내/","False","True",""
"지역SEO","massage/항동-출장마사지-구로구-생활권-이동동선-지역정보-이용전-안내/index.html","https://1004테라피.shop/massage/항동-출장마사지-구로구-생활권-이동동선-지역정보-이용전-안내/","False","True",""
"지역SEO","massage/가산동-출장마사지-금천구-생활권-이동동선-지역정보-이용전-안내/index.html","https://1004테라피.shop/massage/가산동-출장마사지-금천구-생활권-이동동선-지역정보-이용전-안내/","False","True",""
"지역SEO","massage/독산동-출장마사지-금천구-생활권-이동동선-지역정보-이용전-안내/index.html","https://1004테라피.shop/massage/독산동-출장마사지-금천구-생활권-이동동선-지역정보-이용전-안내/","False","True",""
"지역SEO","massage/시흥동-출장마사지-금천구-생활권-이동동선-지역정보-이용전-안내/index.html","https://1004테라피.shop/massage/시흥동-출장마사지-금천구-생활권-이동동선-지역정보-이용전-안내/","False","True",""
"지역SEO","massage/공릉동-출장마사지-노원구-생활권-이동동선-지역정보-이용전-안내/index.html","https://1004테라피.shop/massage/공릉동-출장마사지-노원구-생활권-이동동선-지역정보-이용전-안내/","False","True",""
"지역SEO","massage/상계3.4동-출장마사지-노원구-생활권-이동동선-지역정보-이용전-안내/index.html","https://1004테라피.shop/massage/상계3.4동-출장마사지-노원구-생활권-이동동선-지역정보-이용전-안내/","False","True",""
"지역SEO","massage/상계6.7동-출장마사지-노원구-생활권-이동동선-지역정보-이용전-안내/index.html","https://1004테라피.shop/massage/상계6.7동-출장마사지-노원구-생활권-이동동선-지역정보-이용전-안내/","False","True",""
"지역SEO","massage/상계동-출장마사지-노원구-생활권-이동동선-지역정보-이용전-안내/index.html","https://1004테라피.shop/massage/상계동-출장마사지-노원구-생활권-이동동선-지역정보-이용전-안내/","False","True",""
"지역SEO","massage/월계동-출장마사지-노원구-생활권-이동동선-지역정보-이용전-안내/index.html","https://1004테라피.shop/massage/월계동-출장마사지-노원구-생활권-이동동선-지역정보-이용전-안내/","False","True",""
"지역SEO","massage/중계2.3동-출장마사지-노원구-생활권-이동동선-지역정보-이용전-안내/index.html","https://1004테라피.shop/massage/중계2.3동-출장마사지-노원구-생활권-이동동선-지역정보-이용전-안내/","False","True",""
"지역SEO","massage/중계동-출장마사지-노원구-생활권-이동동선-지역정보-이용전-안내/index.html","https://1004테라피.shop/massage/중계동-출장마사지-노원구-생활권-이동동선-지역정보-이용전-안내/","False","True",""
"지역SEO","massage/중계본동-출장마사지-노원구-생활권-이동동선-지역정보-이용전-안내/index.html","https://1004테라피.shop/massage/중계본동-출장마사지-노원구-생활권-이동동선-지역정보-이용전-안내/","False","True",""
"지역SEO","massage/하계동-출장마사지-노원구-생활권-이동동선-지역정보-이용전-안내/index.html","https://1004테라피.shop/massage/하계동-출장마사지-노원구-생활권-이동동선-지역정보-이용전-안내/","False","True",""
"지역SEO","massage/도봉동-출장마사지-도봉구-생활권-이동동선-지역정보-이용전-안내/index.html","https://1004테라피.shop/massage/도봉동-출장마사지-도봉구-생활권-이동동선-지역정보-이용전-안내/","False","True",""
"지역SEO","massage/방학동-출장마사지-도봉구-생활권-이동동선-지역정보-이용전-안내/index.html","https://1004테라피.shop/massage/방학동-출장마사지-도봉구-생활권-이동동선-지역정보-이용전-안내/","False","True",""
"지역SEO","massage/쌍문동-출장마사지-도봉구-생활권-이동동선-지역정보-이용전-안내/index.html","https://1004테라피.shop/massage/쌍문동-출장마사지-도봉구-생활권-이동동선-지역정보-이용전-안내/","False","True",""
"지역SEO","massage/창동-출장마사지-도봉구-생활권-이동동선-지역정보-이용전-안내/index.html","https://1004테라피.shop/massage/창동-출장마사지-도봉구-생활권-이동동선-지역정보-이용전-안내/","False","True",""
"지역SEO","massage/답십리동-출장마사지-동대문구-생활권-이동동선-지역정보-이용전-안내/index.html","https://1004테라피.shop/massage/답십리동-출장마사지-동대문구-생활권-이동동선-지역정보-이용전-안내/","False","True",""
"지역SEO","massage/신설동-출장마사지-동대문구-생활권-이동동선-지역정보-이용전-안내/index.html","https://1004테라피.shop/massage/신설동-출장마사지-동대문구-생활권-이동동선-지역정보-이용전-안내/","False","True",""
"지역SEO","massage/용두동-출장마사지-동대문구-생활권-이동동선-지역정보-이용전-안내/index.html","https://1004테라피.shop/massage/용두동-출장마사지-동대문구-생활권-이동동선-지역정보-이용전-안내/","False","True",""
"지역SEO","massage/이문동-출장마사지-동대문구-생활권-이동동선-지역정보-이용전-안내/index.html","https://1004테라피.shop/massage/이문동-출장마사지-동대문구-생활권-이동동선-지역정보-이용전-안내/","False","True",""
"지역SEO","massage/장안동-출장마사지-동대문구-생활권-이동동선-지역정보-이용전-안내/index.html","https://1004테라피.shop/massage/장안동-출장마사지-동대문구-생활권-이동동선-지역정보-이용전-안내/","False","True",""
"지역SEO","massage/전농동-출장마사지-동대문구-생활권-이동동선-지역정보-이용전-안내/index.html","https://1004테라피.shop/massage/전농동-출장마사지-동대문구-생활권-이동동선-지역정보-이용전-안내/","False","True",""
"지역SEO","massage/제기동-출장마사지-동대문구-생활권-이동동선-지역정보-이용전-안내/index.html","https://1004테라피.shop/massage/제기동-출장마사지-동대문구-생활권-이동동선-지역정보-이용전-안내/","False","True",""
"지역SEO","massage/청량리동-출장마사지-동대문구-생활권-이동동선-지역정보-이용전-안내/index.html","https://1004테라피.shop/massage/청량리동-출장마사지-동대문구-생활권-이동동선-지역정보-이용전-안내/","False","True",""
"지역SEO","massage/회기동-출장마사지-동대문구-생활권-이동동선-지역정보-이용전-안내/index.html","https://1004테라피.shop/massage/회기동-출장마사지-동대문구-생활권-이동동선-지역정보-이용전-안내/","False","True",""
"지역SEO","massage/휘경동-출장마사지-동대문구-생활권-이동동선-지역정보-이용전-안내/index.html","https://1004테라피.shop/massage/휘경동-출장마사지-동대문구-생활권-이동동선-지역정보-이용전-안내/","False","True",""
"지역SEO","massage/노량진동-출장마사지-동작구-생활권-이동동선-지역정보-이용전-안내/index.html","https://1004테라피.shop/massage/노량진동-출장마사지-동작구-생활권-이동동선-지역정보-이용전-안내/","False","True",""
"지역SEO","massage/대방동-출장마사지-동작구-생활권-이동동선-지역정보-이용전-안내/index.html","https://1004테라피.shop/massage/대방동-출장마사지-동작구-생활권-이동동선-지역정보-이용전-안내/","False","True",""
"지역SEO","massage/사당동-출장마사지-동작구-생활권-이동동선-지역정보-이용전-안내/index.html","https://1004테라피.shop/massage/사당동-출장마사지-동작구-생활권-이동동선-지역정보-이용전-안내/","False","True",""
"지역SEO","massage/상도동-출장마사지-동작구-생활권-이동동선-지역정보-이용전-안내/index.html","https://1004테라피.shop/massage/상도동-출장마사지-동작구-생활권-이동동선-지역정보-이용전-안내/","False","True",""
"지역SEO","massage/신대방동-출장마사지-동작구-생활권-이동동선-지역정보-이용전-안내/index.html","https://1004테라피.shop/massage/신대방동-출장마사지-동작구-생활권-이동동선-지역정보-이용전-안내/","False","True",""
"지역SEO","massage/흑석동-출장마사지-동작구-생활권-이동동선-지역정보-이용전-안내/index.html","https://1004테라피.shop/massage/흑석동-출장마사지-동작구-생활권-이동동선-지역정보-이용전-안내/","False","True",""
"지역SEO","massage/공덕동-출장마사지-마포구-생활권-이동동선-지역정보-이용전-안내/index.html","https://1004테라피.shop/massage/공덕동-출장마사지-마포구-생활권-이동동선-지역정보-이용전-안내/","False","True",""
"지역SEO","massage/대흥동-출장마사지-마포구-생활권-이동동선-지역정보-이용전-안내/index.html","https://1004테라피.shop/massage/대흥동-출장마사지-마포구-생활권-이동동선-지역정보-이용전-안내/","False","True",""
"지역SEO","massage/도화동-출장마사지-마포구-생활권-이동동선-지역정보-이용전-안내/index.html","https://1004테라피.shop/massage/도화동-출장마사지-마포구-생활권-이동동선-지역정보-이용전-안내/","False","True",""
"지역SEO","massage/망원동-출장마사지-마포구-생활권-이동동선-지역정보-이용전-안내/index.html","https://1004테라피.shop/massage/망원동-출장마사지-마포구-생활권-이동동선-지역정보-이용전-안내/","False","True",""
"지역SEO","massage/상암동-출장마사지-마포구-생활권-이동동선-지역정보-이용전-안내/index.html","https://1004테라피.shop/massage/상암동-출장마사지-마포구-생활권-이동동선-지역정보-이용전-안내/","False","True",""
"지역SEO","massage/서강동-출장마사지-마포구-생활권-이동동선-지역정보-이용전-안내/index.html","https://1004테라피.shop/massage/서강동-출장마사지-마포구-생활권-이동동선-지역정보-이용전-안내/","False","True",""
"지역SEO","massage/서교동-출장마사지-마포구-생활권-이동동선-지역정보-이용전-안내/index.html","https://1004테라피.shop/massage/서교동-출장마사지-마포구-생활권-이동동선-지역정보-이용전-안내/","False","True",""
"지역SEO","massage/성산동-출장마사지-마포구-생활권-이동동선-지역정보-이용전-안내/index.html","https://1004테라피.shop/massage/성산동-출장마사지-마포구-생활권-이동동선-지역정보-이용전-안내/","False","True",""
"지역SEO","massage/신수동-출장마사지-마포구-생활권-이동동선-지역정보-이용전-안내/index.html","https://1004테라피.shop/massage/신수동-출장마사지-마포구-생활권-이동동선-지역정보-이용전-안내/","False","True",""
"지역SEO","massage/아현동-출장마사지-마포구-생활권-이동동선-지역정보-이용전-안내/index.html","https://1004테라피.shop/massage/아현동-출장마사지-마포구-생활권-이동동선-지역정보-이용전-안내/","False","True",""
"지역SEO","massage/연남동-출장마사지-마포구-생활권-이동동선-지역정보-이용전-안내/index.html","https://1004테라피.shop/massage/연남동-출장마사지-마포구-생활권-이동동선-지역정보-이용전-안내/","False","True",""
"지역SEO","massage/염리동-출장마사지-마포구-생활권-이동동선-지역정보-이용전-안내/index.html","https://1004테라피.shop/massage/염리동-출장마사지-마포구-생활권-이동동선-지역정보-이용전-안내/","False","True",""
"지역SEO","massage/용강동-출장마사지-마포구-생활권-이동동선-지역정보-이용전-안내/index.html","https://1004테라피.shop/massage/용강동-출장마사지-마포구-생활권-이동동선-지역정보-이용전-안내/","False","True",""
"지역SEO","massage/합정동-출장마사지-마포구-생활권-이동동선-지역정보-이용전-안내/index.html","https://1004테라피.shop/massage/합정동-출장마사지-마포구-생활권-이동동선-지역정보-이용전-안내/","False","True",""
"지역SEO","massage/남가좌동-출장마사지-서대문구-생활권-이동동선-지역정보-이용전-안내/index.html","https://1004테라피.shop/massage/남가좌동-출장마사지-서대문구-생활권-이동동선-지역정보-이용전-안내/","False","True",""
"지역SEO","massage/북가좌동-출장마사지-서대문구-생활권-이동동선-지역정보-이용전-안내/index.html","https://1004테라피.shop/massage/북가좌동-출장마사지-서대문구-생활권-이동동선-지역정보-이용전-안내/","False","True",""
"지역SEO","massage/북아현동-출장마사지-서대문구-생활권-이동동선-지역정보-이용전-안내/index.html","https://1004테라피.shop/massage/북아현동-출장마사지-서대문구-생활권-이동동선-지역정보-이용전-안내/","False","True",""
"지역SEO","massage/신촌동-출장마사지-서대문구-생활권-이동동선-지역정보-이용전-안내/index.html","https://1004테라피.shop/massage/신촌동-출장마사지-서대문구-생활권-이동동선-지역정보-이용전-안내/","False","True",""
"지역SEO","massage/연희동-출장마사지-서대문구-생활권-이동동선-지역정보-이용전-안내/index.html","https://1004테라피.shop/massage/연희동-출장마사지-서대문구-생활권-이동동선-지역정보-이용전-안내/","False","True",""
"지역SEO","massage/천연동-출장마사지-서대문구-생활권-이동동선-지역정보-이용전-안내/index.html","https://1004테라피.shop/massage/천연동-출장마사지-서대문구-생활권-이동동선-지역정보-이용전-안내/","False","True",""
"지역SEO","massage/충현동-출장마사지-서대문구-생활권-이동동선-지역정보-이용전-안내/index.html","https://1004테라피.shop/massage/충현동-출장마사지-서대문구-생활권-이동동선-지역정보-이용전-안내/","False","True",""
"지역SEO","massage/홍은동-출장마사지-서대문구-생활권-이동동선-지역정보-이용전-안내/index.html","https://1004테라피.shop/massage/홍은동-출장마사지-서대문구-생활권-이동동선-지역정보-이용전-안내/","False","True",""
"지역SEO","massage/홍제동-출장마사지-서대문구-생활권-이동동선-지역정보-이용전-안내/index.html","https://1004테라피.shop/massage/홍제동-출장마사지-서대문구-생활권-이동동선-지역정보-이용전-안내/","False","True",""
"지역SEO","massage/내곡동-출장마사지-서초구-생활권-이동동선-지역정보-이용전-안내/index.html","https://1004테라피.shop/massage/내곡동-출장마사지-서초구-생활권-이동동선-지역정보-이용전-안내/","False","True",""
"지역SEO","massage/반포동-출장마사지-서초구-생활권-이동동선-지역정보-이용전-안내/index.html","https://1004테라피.shop/massage/반포동-출장마사지-서초구-생활권-이동동선-지역정보-이용전-안내/","False","True",""
"지역SEO","massage/반포본동-출장마사지-서초구-생활권-이동동선-지역정보-이용전-안내/index.html","https://1004테라피.shop/massage/반포본동-출장마사지-서초구-생활권-이동동선-지역정보-이용전-안내/","False","True",""
"지역SEO","massage/방배동-출장마사지-서초구-생활권-이동동선-지역정보-이용전-안내/index.html","https://1004테라피.shop/massage/방배동-출장마사지-서초구-생활권-이동동선-지역정보-이용전-안내/","False","True",""
"지역SEO","massage/방배본동-출장마사지-서초구-생활권-이동동선-지역정보-이용전-안내/index.html","https://1004테라피.shop/massage/방배본동-출장마사지-서초구-생활권-이동동선-지역정보-이용전-안내/","False","True",""
"지역SEO","massage/서초동-출장마사지-서초구-생활권-이동동선-지역정보-이용전-안내/index.html","https://1004테라피.shop/massage/서초동-출장마사지-서초구-생활권-이동동선-지역정보-이용전-안내/","False","True",""
"지역SEO","massage/양재동-출장마사지-서초구-생활권-이동동선-지역정보-이용전-안내/index.html","https://1004테라피.shop/massage/양재동-출장마사지-서초구-생활권-이동동선-지역정보-이용전-안내/","False","True",""
"지역SEO","massage/잠원동-출장마사지-서초구-생활권-이동동선-지역정보-이용전-안내/index.html","https://1004테라피.shop/massage/잠원동-출장마사지-서초구-생활권-이동동선-지역정보-이용전-안내/","False","True",""
"지역SEO","massage/금호1가동-출장마사지-성동구-생활권-이동동선-지역정보-이용전-안내/index.html","https://1004테라피.shop/massage/금호1가동-출장마사지-성동구-생활권-이동동선-지역정보-이용전-안내/","False","True",""
"지역SEO","massage/금호2.3가동-출장마사지-성동구-생활권-이동동선-지역정보-이용전-안내/index.html","https://1004테라피.shop/massage/금호2.3가동-출장마사지-성동구-생활권-이동동선-지역정보-이용전-안내/","False","True",""
"지역SEO","massage/금호4가동-출장마사지-성동구-생활권-이동동선-지역정보-이용전-안내/index.html","https://1004테라피.shop/massage/금호4가동-출장마사지-성동구-생활권-이동동선-지역정보-이용전-안내/","False","True",""
"지역SEO","massage/마장동-출장마사지-성동구-생활권-이동동선-지역정보-이용전-안내/index.html","https://1004테라피.shop/massage/마장동-출장마사지-성동구-생활권-이동동선-지역정보-이용전-안내/","False","True",""
"지역SEO","massage/사근동-출장마사지-성동구-생활권-이동동선-지역정보-이용전-안내/index.html","https://1004테라피.shop/massage/사근동-출장마사지-성동구-생활권-이동동선-지역정보-이용전-안내/","False","True",""
"지역SEO","massage/성수1가제1동-출장마사지-성동구-생활권-이동동선-지역정보-이용전-안내/index.html","https://1004테라피.shop/massage/성수1가제1동-출장마사지-성동구-생활권-이동동선-지역정보-이용전-안내/","False","True",""
"지역SEO","massage/성수1가제2동-출장마사지-성동구-생활권-이동동선-지역정보-이용전-안내/index.html","https://1004테라피.shop/massage/성수1가제2동-출장마사지-성동구-생활권-이동동선-지역정보-이용전-안내/","False","True",""
"지역SEO","massage/성수2가제1동-출장마사지-성동구-생활권-이동동선-지역정보-이용전-안내/index.html","https://1004테라피.shop/massage/성수2가제1동-출장마사지-성동구-생활권-이동동선-지역정보-이용전-안내/","False","True",""
"지역SEO","massage/성수2가제3동-출장마사지-성동구-생활권-이동동선-지역정보-이용전-안내/index.html","https://1004테라피.shop/massage/성수2가제3동-출장마사지-성동구-생활권-이동동선-지역정보-이용전-안내/","False","True",""
"지역SEO","massage/송정동-출장마사지-성동구-생활권-이동동선-지역정보-이용전-안내/index.html","https://1004테라피.shop/massage/송정동-출장마사지-성동구-생활권-이동동선-지역정보-이용전-안내/","False","True",""
"지역SEO","massage/옥수동-출장마사지-성동구-생활권-이동동선-지역정보-이용전-안내/index.html","https://1004테라피.shop/massage/옥수동-출장마사지-성동구-생활권-이동동선-지역정보-이용전-안내/","False","True",""
"지역SEO","massage/왕십리도선동-출장마사지-성동구-생활권-이동동선-지역정보-이용전-안내/index.html","https://1004테라피.shop/massage/왕십리도선동-출장마사지-성동구-생활권-이동동선-지역정보-이용전-안내/","False","True",""
"지역SEO","massage/왕십리동-출장마사지-성동구-생활권-이동동선-지역정보-이용전-안내/index.html","https://1004테라피.shop/massage/왕십리동-출장마사지-성동구-생활권-이동동선-지역정보-이용전-안내/","False","True",""
"지역SEO","massage/용답동-출장마사지-성동구-생활권-이동동선-지역정보-이용전-안내/index.html","https://1004테라피.shop/massage/용답동-출장마사지-성동구-생활권-이동동선-지역정보-이용전-안내/","False","True",""
"지역SEO","massage/응봉동-출장마사지-성동구-생활권-이동동선-지역정보-이용전-안내/index.html","https://1004테라피.shop/massage/응봉동-출장마사지-성동구-생활권-이동동선-지역정보-이용전-안내/","False","True",""
"지역SEO","massage/행당동-출장마사지-성동구-생활권-이동동선-지역정보-이용전-안내/index.html","https://1004테라피.shop/massage/행당동-출장마사지-성동구-생활권-이동동선-지역정보-이용전-안내/","False","True",""
"지역SEO","massage/길음동-출장마사지-성북구-생활권-이동동선-지역정보-이용전-안내/index.html","https://1004테라피.shop/massage/길음동-출장마사지-성북구-생활권-이동동선-지역정보-이용전-안내/","False","True",""
"지역SEO","massage/돈암동-출장마사지-성북구-생활권-이동동선-지역정보-이용전-안내/index.html","https://1004테라피.shop/massage/돈암동-출장마사지-성북구-생활권-이동동선-지역정보-이용전-안내/","False","True",""
"지역SEO","massage/동선동-출장마사지-성북구-생활권-이동동선-지역정보-이용전-안내/index.html","https://1004테라피.shop/massage/동선동-출장마사지-성북구-생활권-이동동선-지역정보-이용전-안내/","False","True",""
"지역SEO","massage/보문동-출장마사지-성북구-생활권-이동동선-지역정보-이용전-안내/index.html","https://1004테라피.shop/massage/보문동-출장마사지-성북구-생활권-이동동선-지역정보-이용전-안내/","False","True",""
"지역SEO","massage/삼선동-출장마사지-성북구-생활권-이동동선-지역정보-이용전-안내/index.html","https://1004테라피.shop/massage/삼선동-출장마사지-성북구-생활권-이동동선-지역정보-이용전-안내/","False","True",""
"지역SEO","massage/석관동-출장마사지-성북구-생활권-이동동선-지역정보-이용전-안내/index.html","https://1004테라피.shop/massage/석관동-출장마사지-성북구-생활권-이동동선-지역정보-이용전-안내/","False","True",""
"지역SEO","massage/성북동-출장마사지-성북구-생활권-이동동선-지역정보-이용전-안내/index.html","https://1004테라피.shop/massage/성북동-출장마사지-성북구-생활권-이동동선-지역정보-이용전-안내/","False","True",""
"지역SEO","massage/안암동-출장마사지-성북구-생활권-이동동선-지역정보-이용전-안내/index.html","https://1004테라피.shop/massage/안암동-출장마사지-성북구-생활권-이동동선-지역정보-이용전-안내/","False","True",""
"지역SEO","massage/월곡동-출장마사지-성북구-생활권-이동동선-지역정보-이용전-안내/index.html","https://1004테라피.shop/massage/월곡동-출장마사지-성북구-생활권-이동동선-지역정보-이용전-안내/","False","True",""
"지역SEO","massage/장위동-출장마사지-성북구-생활권-이동동선-지역정보-이용전-안내/index.html","https://1004테라피.shop/massage/장위동-출장마사지-성북구-생활권-이동동선-지역정보-이용전-안내/","False","True",""
"지역SEO","massage/정릉동-출장마사지-성북구-생활권-이동동선-지역정보-이용전-안내/index.html","https://1004테라피.shop/massage/정릉동-출장마사지-성북구-생활권-이동동선-지역정보-이용전-안내/","False","True",""
"지역SEO","massage/종암동-출장마사지-성북구-생활권-이동동선-지역정보-이용전-안내/index.html","https://1004테라피.shop/massage/종암동-출장마사지-성북구-생활권-이동동선-지역정보-이용전-안내/","False","True",""
"지역SEO","massage/가락동-출장마사지-송파구-생활권-이동동선-지역정보-이용전-안내/index.html","https://1004테라피.shop/massage/가락동-출장마사지-송파구-생활권-이동동선-지역정보-이용전-안내/","False","True",""
"지역SEO","massage/가락본동-출장마사지-송파구-생활권-이동동선-지역정보-이용전-안내/index.html","https://1004테라피.shop/massage/가락본동-출장마사지-송파구-생활권-이동동선-지역정보-이용전-안내/","False","True",""
"지역SEO","massage/거여동-출장마사지-송파구-생활권-이동동선-지역정보-이용전-안내/index.html","https://1004테라피.shop/massage/거여동-출장마사지-송파구-생활권-이동동선-지역정보-이용전-안내/","False","True",""
"지역SEO","massage/마천동-출장마사지-송파구-생활권-이동동선-지역정보-이용전-안내/index.html","https://1004테라피.shop/massage/마천동-출장마사지-송파구-생활권-이동동선-지역정보-이용전-안내/","False","True",""
"지역SEO","massage/문정동-출장마사지-송파구-생활권-이동동선-지역정보-이용전-안내/index.html","https://1004테라피.shop/massage/문정동-출장마사지-송파구-생활권-이동동선-지역정보-이용전-안내/","False","True",""
"지역SEO","massage/방이동-출장마사지-송파구-생활권-이동동선-지역정보-이용전-안내/index.html","https://1004테라피.shop/massage/방이동-출장마사지-송파구-생활권-이동동선-지역정보-이용전-안내/","False","True",""
"지역SEO","massage/삼전동-출장마사지-송파구-생활권-이동동선-지역정보-이용전-안내/index.html","https://1004테라피.shop/massage/삼전동-출장마사지-송파구-생활권-이동동선-지역정보-이용전-안내/","False","True",""
"지역SEO","massage/석촌동-출장마사지-송파구-생활권-이동동선-지역정보-이용전-안내/index.html","https://1004테라피.shop/massage/석촌동-출장마사지-송파구-생활권-이동동선-지역정보-이용전-안내/","False","True",""
"지역SEO","massage/송파동-출장마사지-송파구-생활권-이동동선-지역정보-이용전-안내/index.html","https://1004테라피.shop/massage/송파동-출장마사지-송파구-생활권-이동동선-지역정보-이용전-안내/","False","True",""
"지역SEO","massage/오금동-출장마사지-송파구-생활권-이동동선-지역정보-이용전-안내/index.html","https://1004테라피.shop/massage/오금동-출장마사지-송파구-생활권-이동동선-지역정보-이용전-안내/","False","True",""
"지역SEO","massage/오륜동-출장마사지-송파구-생활권-이동동선-지역정보-이용전-안내/index.html","https://1004테라피.shop/massage/오륜동-출장마사지-송파구-생활권-이동동선-지역정보-이용전-안내/","False","True",""
"지역SEO","massage/위례동-출장마사지-송파구-생활권-이동동선-지역정보-이용전-안내/index.html","https://1004테라피.shop/massage/위례동-출장마사지-송파구-생활권-이동동선-지역정보-이용전-안내/","False","True",""
"지역SEO","massage/잠실동-출장마사지-송파구-생활권-이동동선-지역정보-이용전-안내/index.html","https://1004테라피.shop/massage/잠실동-출장마사지-송파구-생활권-이동동선-지역정보-이용전-안내/","False","True",""
"지역SEO","massage/잠실본동-출장마사지-송파구-생활권-이동동선-지역정보-이용전-안내/index.html","https://1004테라피.shop/massage/잠실본동-출장마사지-송파구-생활권-이동동선-지역정보-이용전-안내/","False","True",""
"지역SEO","massage/장지동-출장마사지-송파구-생활권-이동동선-지역정보-이용전-안내/index.html","https://1004테라피.shop/massage/장지동-출장마사지-송파구-생활권-이동동선-지역정보-이용전-안내/","False","True",""
"지역SEO","massage/풍납동-출장마사지-송파구-생활권-이동동선-지역정보-이용전-안내/index.html","https://1004테라피.shop/massage/풍납동-출장마사지-송파구-생활권-이동동선-지역정보-이용전-안내/","False","True",""
"지역SEO","massage/목동-출장마사지-양천구-생활권-이동동선-지역정보-이용전-안내/index.html","https://1004테라피.shop/massage/목동-출장마사지-양천구-생활권-이동동선-지역정보-이용전-안내/","False","True",""
"지역SEO","massage/신월동-출장마사지-양천구-생활권-이동동선-지역정보-이용전-안내/index.html","https://1004테라피.shop/massage/신월동-출장마사지-양천구-생활권-이동동선-지역정보-이용전-안내/","False","True",""
"지역SEO","massage/신정동-출장마사지-양천구-생활권-이동동선-지역정보-이용전-안내/index.html","https://1004테라피.shop/massage/신정동-출장마사지-양천구-생활권-이동동선-지역정보-이용전-안내/","False","True",""
"지역SEO","massage/당산동-출장마사지-영등포구-생활권-이동동선-지역정보-이용전-안내/index.html","https://1004테라피.shop/massage/당산동-출장마사지-영등포구-생활권-이동동선-지역정보-이용전-안내/","False","True",""
"지역SEO","massage/대림동-출장마사지-영등포구-생활권-이동동선-지역정보-이용전-안내/index.html","https://1004테라피.shop/massage/대림동-출장마사지-영등포구-생활권-이동동선-지역정보-이용전-안내/","False","True",""
"지역SEO","massage/도림동-출장마사지-영등포구-생활권-이동동선-지역정보-이용전-안내/index.html","https://1004테라피.shop/massage/도림동-출장마사지-영등포구-생활권-이동동선-지역정보-이용전-안내/","False","True",""
"지역SEO","massage/문래동-출장마사지-영등포구-생활권-이동동선-지역정보-이용전-안내/index.html","https://1004테라피.shop/massage/문래동-출장마사지-영등포구-생활권-이동동선-지역정보-이용전-안내/","False","True",""
"지역SEO","massage/신길동-출장마사지-영등포구-생활권-이동동선-지역정보-이용전-안내/index.html","https://1004테라피.shop/massage/신길동-출장마사지-영등포구-생활권-이동동선-지역정보-이용전-안내/","False","True",""
"지역SEO","massage/양평동-출장마사지-영등포구-생활권-이동동선-지역정보-이용전-안내/index.html","https://1004테라피.shop/massage/양평동-출장마사지-영등포구-생활권-이동동선-지역정보-이용전-안내/","False","True",""
"지역SEO","massage/여의동-출장마사지-영등포구-생활권-이동동선-지역정보-이용전-안내/index.html","https://1004테라피.shop/massage/여의동-출장마사지-영등포구-생활권-이동동선-지역정보-이용전-안내/","False","True",""
"지역SEO","massage/영등포동-출장마사지-영등포구-생활권-이동동선-지역정보-이용전-안내/index.html","https://1004테라피.shop/massage/영등포동-출장마사지-영등포구-생활권-이동동선-지역정보-이용전-안내/","False","True",""
"지역SEO","massage/영등포본동-출장마사지-영등포구-생활권-이동동선-지역정보-이용전-안내/index.html","https://1004테라피.shop/massage/영등포본동-출장마사지-영등포구-생활권-이동동선-지역정보-이용전-안내/","False","True",""
"지역SEO","massage/남영동-출장마사지-용산구-생활권-이동동선-지역정보-이용전-안내/index.html","https://1004테라피.shop/massage/남영동-출장마사지-용산구-생활권-이동동선-지역정보-이용전-안내/","False","True",""
"지역SEO","massage/보광동-출장마사지-용산구-생활권-이동동선-지역정보-이용전-안내/index.html","https://1004테라피.shop/massage/보광동-출장마사지-용산구-생활권-이동동선-지역정보-이용전-안내/","False","True",""
"지역SEO","massage/서빙고동-출장마사지-용산구-생활권-이동동선-지역정보-이용전-안내/index.html","https://1004테라피.shop/massage/서빙고동-출장마사지-용산구-생활권-이동동선-지역정보-이용전-안내/","False","True",""
"지역SEO","massage/용문동-출장마사지-용산구-생활권-이동동선-지역정보-이용전-안내/index.html","https://1004테라피.shop/massage/용문동-출장마사지-용산구-생활권-이동동선-지역정보-이용전-안내/","False","True",""
"지역SEO","massage/용산2가동-출장마사지-용산구-생활권-이동동선-지역정보-이용전-안내/index.html","https://1004테라피.shop/massage/용산2가동-출장마사지-용산구-생활권-이동동선-지역정보-이용전-안내/","False","True",""
"지역SEO","massage/원효로동-출장마사지-용산구-생활권-이동동선-지역정보-이용전-안내/index.html","https://1004테라피.shop/massage/원효로동-출장마사지-용산구-생활권-이동동선-지역정보-이용전-안내/","False","True",""
"지역SEO","massage/이촌동-출장마사지-용산구-생활권-이동동선-지역정보-이용전-안내/index.html","https://1004테라피.shop/massage/이촌동-출장마사지-용산구-생활권-이동동선-지역정보-이용전-안내/","False","True",""
"지역SEO","massage/이태원동-출장마사지-용산구-생활권-이동동선-지역정보-이용전-안내/index.html","https://1004테라피.shop/massage/이태원동-출장마사지-용산구-생활권-이동동선-지역정보-이용전-안내/","False","True",""
"지역SEO","massage/청파동-출장마사지-용산구-생활권-이동동선-지역정보-이용전-안내/index.html","https://1004테라피.shop/massage/청파동-출장마사지-용산구-생활권-이동동선-지역정보-이용전-안내/","False","True",""
"지역SEO","massage/한강로동-출장마사지-용산구-생활권-이동동선-지역정보-이용전-안내/index.html","https://1004테라피.shop/massage/한강로동-출장마사지-용산구-생활권-이동동선-지역정보-이용전-안내/","False","True",""
"지역SEO","massage/한남동-출장마사지-용산구-생활권-이동동선-지역정보-이용전-안내/index.html","https://1004테라피.shop/massage/한남동-출장마사지-용산구-생활권-이동동선-지역정보-이용전-안내/","False","True",""
"지역SEO","massage/효창동-출장마사지-용산구-생활권-이동동선-지역정보-이용전-안내/index.html","https://1004테라피.shop/massage/효창동-출장마사지-용산구-생활권-이동동선-지역정보-이용전-안내/","False","True",""
"지역SEO","massage/후암동-출장마사지-용산구-생활권-이동동선-지역정보-이용전-안내/index.html","https://1004테라피.shop/massage/후암동-출장마사지-용산구-생활권-이동동선-지역정보-이용전-안내/","False","True",""
"지역SEO","massage/갈현동-출장마사지-은평구-생활권-이동동선-지역정보-이용전-안내/index.html","https://1004테라피.shop/massage/갈현동-출장마사지-은평구-생활권-이동동선-지역정보-이용전-안내/","False","True",""
"지역SEO","massage/구산동-출장마사지-은평구-생활권-이동동선-지역정보-이용전-안내/index.html","https://1004테라피.shop/massage/구산동-출장마사지-은평구-생활권-이동동선-지역정보-이용전-안내/","False","True",""
"지역SEO","massage/녹번동-출장마사지-은평구-생활권-이동동선-지역정보-이용전-안내/index.html","https://1004테라피.shop/massage/녹번동-출장마사지-은평구-생활권-이동동선-지역정보-이용전-안내/","False","True",""
"지역SEO","massage/대조동-출장마사지-은평구-생활권-이동동선-지역정보-이용전-안내/index.html","https://1004테라피.shop/massage/대조동-출장마사지-은평구-생활권-이동동선-지역정보-이용전-안내/","False","True",""
"지역SEO","massage/불광동-출장마사지-은평구-생활권-이동동선-지역정보-이용전-안내/index.html","https://1004테라피.shop/massage/불광동-출장마사지-은평구-생활권-이동동선-지역정보-이용전-안내/","False","True",""
"지역SEO","massage/수색동-출장마사지-은평구-생활권-이동동선-지역정보-이용전-안내/index.html","https://1004테라피.shop/massage/수색동-출장마사지-은평구-생활권-이동동선-지역정보-이용전-안내/","False","True",""
"지역SEO","massage/신사동-출장마사지-은평구-생활권-이동동선-지역정보-이용전-안내/index.html","https://1004테라피.shop/massage/신사동-출장마사지-은평구-생활권-이동동선-지역정보-이용전-안내/","False","True",""
"지역SEO","massage/역촌동-출장마사지-은평구-생활권-이동동선-지역정보-이용전-안내/index.html","https://1004테라피.shop/massage/역촌동-출장마사지-은평구-생활권-이동동선-지역정보-이용전-안내/","False","True",""
"지역SEO","massage/응암동-출장마사지-은평구-생활권-이동동선-지역정보-이용전-안내/index.html","https://1004테라피.shop/massage/응암동-출장마사지-은평구-생활권-이동동선-지역정보-이용전-안내/","False","True",""
"지역SEO","massage/증산동-출장마사지-은평구-생활권-이동동선-지역정보-이용전-안내/index.html","https://1004테라피.shop/massage/증산동-출장마사지-은평구-생활권-이동동선-지역정보-이용전-안내/","False","True",""
"지역SEO","massage/진관동-출장마사지-은평구-생활권-이동동선-지역정보-이용전-안내/index.html","https://1004테라피.shop/massage/진관동-출장마사지-은평구-생활권-이동동선-지역정보-이용전-안내/","False","True",""
"지역SEO","massage/가회동-출장마사지-종로구-생활권-이동동선-지역정보-이용전-안내/index.html","https://1004테라피.shop/massage/가회동-출장마사지-종로구-생활권-이동동선-지역정보-이용전-안내/","False","True",""
"지역SEO","massage/교남동-출장마사지-종로구-생활권-이동동선-지역정보-이용전-안내/index.html","https://1004테라피.shop/massage/교남동-출장마사지-종로구-생활권-이동동선-지역정보-이용전-안내/","False","True",""
"지역SEO","massage/무악동-출장마사지-종로구-생활권-이동동선-지역정보-이용전-안내/index.html","https://1004테라피.shop/massage/무악동-출장마사지-종로구-생활권-이동동선-지역정보-이용전-안내/","False","True",""
"지역SEO","massage/부암동-출장마사지-종로구-생활권-이동동선-지역정보-이용전-안내/index.html","https://1004테라피.shop/massage/부암동-출장마사지-종로구-생활권-이동동선-지역정보-이용전-안내/","False","True",""
"지역SEO","massage/사직동-출장마사지-종로구-생활권-이동동선-지역정보-이용전-안내/index.html","https://1004테라피.shop/massage/사직동-출장마사지-종로구-생활권-이동동선-지역정보-이용전-안내/","False","True",""
"지역SEO","massage/삼청동-출장마사지-종로구-생활권-이동동선-지역정보-이용전-안내/index.html","https://1004테라피.shop/massage/삼청동-출장마사지-종로구-생활권-이동동선-지역정보-이용전-안내/","False","True",""
"지역SEO","massage/숭인동-출장마사지-종로구-생활권-이동동선-지역정보-이용전-안내/index.html","https://1004테라피.shop/massage/숭인동-출장마사지-종로구-생활권-이동동선-지역정보-이용전-안내/","False","True",""
"지역SEO","massage/이화동-출장마사지-종로구-생활권-이동동선-지역정보-이용전-안내/index.html","https://1004테라피.shop/massage/이화동-출장마사지-종로구-생활권-이동동선-지역정보-이용전-안내/","False","True",""
"지역SEO","massage/종로1.2.3.4가동-출장마사지-종로구-생활권-이동동선-지역정보-이용전-안내/index.html","https://1004테라피.shop/massage/종로1.2.3.4가동-출장마사지-종로구-생활권-이동동선-지역정보-이용전-안내/","False","True",""
"지역SEO","massage/종로5.6가동-출장마사지-종로구-생활권-이동동선-지역정보-이용전-안내/index.html","https://1004테라피.shop/massage/종로5.6가동-출장마사지-종로구-생활권-이동동선-지역정보-이용전-안내/","False","True",""
"지역SEO","massage/창신동-출장마사지-종로구-생활권-이동동선-지역정보-이용전-안내/index.html","https://1004테라피.shop/massage/창신동-출장마사지-종로구-생활권-이동동선-지역정보-이용전-안내/","False","True",""
"지역SEO","massage/청운효자동-출장마사지-종로구-생활권-이동동선-지역정보-이용전-안내/index.html","https://1004테라피.shop/massage/청운효자동-출장마사지-종로구-생활권-이동동선-지역정보-이용전-안내/","False","True",""
"지역SEO","massage/평창동-출장마사지-종로구-생활권-이동동선-지역정보-이용전-안내/index.html","https://1004테라피.shop/massage/평창동-출장마사지-종로구-생활권-이동동선-지역정보-이용전-안내/","False","True",""
"지역SEO","massage/혜화동-출장마사지-종로구-생활권-이동동선-지역정보-이용전-안내/index.html","https://1004테라피.shop/massage/혜화동-출장마사지-종로구-생활권-이동동선-지역정보-이용전-안내/","False","True",""
"지역SEO","massage/광희동-출장마사지-중구-생활권-이동동선-지역정보-이용전-안내/index.html","https://1004테라피.shop/massage/광희동-출장마사지-중구-생활권-이동동선-지역정보-이용전-안내/","False","True",""
"지역SEO","massage/다산동-출장마사지-중구-생활권-이동동선-지역정보-이용전-안내/index.html","https://1004테라피.shop/massage/다산동-출장마사지-중구-생활권-이동동선-지역정보-이용전-안내/","False","True",""
"지역SEO","massage/동화동-출장마사지-중구-생활권-이동동선-지역정보-이용전-안내/index.html","https://1004테라피.shop/massage/동화동-출장마사지-중구-생활권-이동동선-지역정보-이용전-안내/","False","True",""
"지역SEO","massage/명동-출장마사지-중구-생활권-이동동선-지역정보-이용전-안내/index.html","https://1004테라피.shop/massage/명동-출장마사지-중구-생활권-이동동선-지역정보-이용전-안내/","False","True",""
"지역SEO","massage/소공동-출장마사지-중구-생활권-이동동선-지역정보-이용전-안내/index.html","https://1004테라피.shop/massage/소공동-출장마사지-중구-생활권-이동동선-지역정보-이용전-안내/","False","True",""
"지역SEO","massage/신당동-출장마사지-중구-생활권-이동동선-지역정보-이용전-안내/index.html","https://1004테라피.shop/massage/신당동-출장마사지-중구-생활권-이동동선-지역정보-이용전-안내/","False","True",""
"지역SEO","massage/약수동-출장마사지-중구-생활권-이동동선-지역정보-이용전-안내/index.html","https://1004테라피.shop/massage/약수동-출장마사지-중구-생활권-이동동선-지역정보-이용전-안내/","False","True",""
"지역SEO","massage/을지로동-출장마사지-중구-생활권-이동동선-지역정보-이용전-안내/index.html","https://1004테라피.shop/massage/을지로동-출장마사지-중구-생활권-이동동선-지역정보-이용전-안내/","False","True",""
"지역SEO","massage/장충동-출장마사지-중구-생활권-이동동선-지역정보-이용전-안내/index.html","https://1004테라피.shop/massage/장충동-출장마사지-중구-생활권-이동동선-지역정보-이용전-안내/","False","True",""
"지역SEO","massage/중림동-출장마사지-중구-생활권-이동동선-지역정보-이용전-안내/index.html","https://1004테라피.shop/massage/중림동-출장마사지-중구-생활권-이동동선-지역정보-이용전-안내/","False","True",""
"지역SEO","massage/청구동-출장마사지-중구-생활권-이동동선-지역정보-이용전-안내/index.html","https://1004테라피.shop/massage/청구동-출장마사지-중구-생활권-이동동선-지역정보-이용전-안내/","False","True",""
"지역SEO","massage/필동-출장마사지-중구-생활권-이동동선-지역정보-이용전-안내/index.html","https://1004테라피.shop/massage/필동-출장마사지-중구-생활권-이동동선-지역정보-이용전-안내/","False","True",""
"지역SEO","massage/황학동-출장마사지-중구-생활권-이동동선-지역정보-이용전-안내/index.html","https://1004테라피.shop/massage/황학동-출장마사지-중구-생활권-이동동선-지역정보-이용전-안내/","False","True",""
"지역SEO","massage/회현동-출장마사지-중구-생활권-이동동선-지역정보-이용전-안내/index.html","https://1004테라피.shop/massage/회현동-출장마사지-중구-생활권-이동동선-지역정보-이용전-안내/","False","True",""
"지역SEO","massage/망우동-출장마사지-중랑구-생활권-이동동선-지역정보-이용전-안내/index.html","https://1004테라피.shop/massage/망우동-출장마사지-중랑구-생활권-이동동선-지역정보-이용전-안내/","False","True",""
"지역SEO","massage/망우본동-출장마사지-중랑구-생활권-이동동선-지역정보-이용전-안내/index.html","https://1004테라피.shop/massage/망우본동-출장마사지-중랑구-생활권-이동동선-지역정보-이용전-안내/","False","True",""
"지역SEO","massage/면목동-출장마사지-중랑구-생활권-이동동선-지역정보-이용전-안내/index.html","https://1004테라피.shop/massage/면목동-출장마사지-중랑구-생활권-이동동선-지역정보-이용전-안내/","False","True",""
"지역SEO","massage/면목본동-출장마사지-중랑구-생활권-이동동선-지역정보-이용전-안내/index.html","https://1004테라피.shop/massage/면목본동-출장마사지-중랑구-생활권-이동동선-지역정보-이용전-안내/","False","True",""
"지역SEO","massage/면목제3.8동-출장마사지-중랑구-생활권-이동동선-지역정보-이용전-안내/index.html","https://1004테라피.shop/massage/면목제3.8동-출장마사지-중랑구-생활권-이동동선-지역정보-이용전-안내/","False","True",""
"지역SEO","massage/묵동-출장마사지-중랑구-생활권-이동동선-지역정보-이용전-안내/index.html","https://1004테라피.shop/massage/묵동-출장마사지-중랑구-생활권-이동동선-지역정보-이용전-안내/","False","True",""
"지역SEO","massage/상봉동-출장마사지-중랑구-생활권-이동동선-지역정보-이용전-안내/index.html","https://1004테라피.shop/massage/상봉동-출장마사지-중랑구-생활권-이동동선-지역정보-이용전-안내/","False","True",""
"지역SEO","massage/신내동-출장마사지-중랑구-생활권-이동동선-지역정보-이용전-안내/index.html","https://1004테라피.shop/massage/신내동-출장마사지-중랑구-생활권-이동동선-지역정보-이용전-안내/","False","True",""
"지역SEO","massage/중화동-출장마사지-중랑구-생활권-이동동선-지역정보-이용전-안내/index.html","https://1004테라피.shop/massage/중화동-출장마사지-중랑구-생활권-이동동선-지역정보-이용전-안내/","False","True",""
"지역SEO","massage/검단동-출장마사지-검단구-생활권-이동동선-지역정보-이용전-안내/index.html","https://1004테라피.shop/massage/검단동-출장마사지-검단구-생활권-이동동선-지역정보-이용전-안내/","False","True",""
"지역SEO","massage/당하동-출장마사지-검단구-생활권-이동동선-지역정보-이용전-안내/index.html","https://1004테라피.shop/massage/당하동-출장마사지-검단구-생활권-이동동선-지역정보-이용전-안내/","False","True",""
"지역SEO","massage/마전동-출장마사지-검단구-생활권-이동동선-지역정보-이용전-안내/index.html","https://1004테라피.shop/massage/마전동-출장마사지-검단구-생활권-이동동선-지역정보-이용전-안내/","False","True",""
"지역SEO","massage/불로대곡동-출장마사지-검단구-생활권-이동동선-지역정보-이용전-안내/index.html","https://1004테라피.shop/massage/불로대곡동-출장마사지-검단구-생활권-이동동선-지역정보-이용전-안내/","False","True",""
"지역SEO","massage/아라동-출장마사지-검단구-생활권-이동동선-지역정보-이용전-안내/index.html","https://1004테라피.shop/massage/아라동-출장마사지-검단구-생활권-이동동선-지역정보-이용전-안내/","False","True",""
"지역SEO","massage/오류왕길동-출장마사지-검단구-생활권-이동동선-지역정보-이용전-안내/index.html","https://1004테라피.shop/massage/오류왕길동-출장마사지-검단구-생활권-이동동선-지역정보-이용전-안내/","False","True",""
"지역SEO","massage/원당동-출장마사지-검단구-생활권-이동동선-지역정보-이용전-안내/index.html","https://1004테라피.shop/massage/원당동-출장마사지-검단구-생활권-이동동선-지역정보-이용전-안내/","False","True",""
"지역SEO","massage/계산동-출장마사지-계양구-생활권-이동동선-지역정보-이용전-안내/index.html","https://1004테라피.shop/massage/계산동-출장마사지-계양구-생활권-이동동선-지역정보-이용전-안내/","False","True",""
"지역SEO","massage/계양동-출장마사지-계양구-생활권-이동동선-지역정보-이용전-안내/index.html","https://1004테라피.shop/massage/계양동-출장마사지-계양구-생활권-이동동선-지역정보-이용전-안내/","False","True",""
"지역SEO","massage/작전동-출장마사지-계양구-생활권-이동동선-지역정보-이용전-안내/index.html","https://1004테라피.shop/massage/작전동-출장마사지-계양구-생활권-이동동선-지역정보-이용전-안내/","False","True",""
"지역SEO","massage/작전서운동-출장마사지-계양구-생활권-이동동선-지역정보-이용전-안내/index.html","https://1004테라피.shop/massage/작전서운동-출장마사지-계양구-생활권-이동동선-지역정보-이용전-안내/","False","True",""
"지역SEO","massage/효성동-출장마사지-계양구-생활권-이동동선-지역정보-이용전-안내/index.html","https://1004테라피.shop/massage/효성동-출장마사지-계양구-생활권-이동동선-지역정보-이용전-안내/","False","True",""
"지역SEO","massage/간석동-출장마사지-남동구-생활권-이동동선-지역정보-이용전-안내/index.html","https://1004테라피.shop/massage/간석동-출장마사지-남동구-생활권-이동동선-지역정보-이용전-안내/","False","True",""
"지역SEO","massage/구월동-출장마사지-남동구-생활권-이동동선-지역정보-이용전-안내/index.html","https://1004테라피.shop/massage/구월동-출장마사지-남동구-생활권-이동동선-지역정보-이용전-안내/","False","True",""
"지역SEO","massage/남촌도림동-출장마사지-남동구-생활권-이동동선-지역정보-이용전-안내/index.html","https://1004테라피.shop/massage/남촌도림동-출장마사지-남동구-생활권-이동동선-지역정보-이용전-안내/","False","True",""
"지역SEO","massage/논현고잔동-출장마사지-남동구-생활권-이동동선-지역정보-이용전-안내/index.html","https://1004테라피.shop/massage/논현고잔동-출장마사지-남동구-생활권-이동동선-지역정보-이용전-안내/","False","True",""
"지역SEO","massage/논현동-출장마사지-남동구-생활권-이동동선-지역정보-이용전-안내/index.html","https://1004테라피.shop/massage/논현동-출장마사지-남동구-생활권-이동동선-지역정보-이용전-안내/","False","True",""
"지역SEO","massage/만수동-출장마사지-남동구-생활권-이동동선-지역정보-이용전-안내/index.html","https://1004테라피.shop/massage/만수동-출장마사지-남동구-생활권-이동동선-지역정보-이용전-안내/","False","True",""
"지역SEO","massage/서창동-출장마사지-남동구-생활권-이동동선-지역정보-이용전-안내/index.html","https://1004테라피.shop/massage/서창동-출장마사지-남동구-생활권-이동동선-지역정보-이용전-안내/","False","True",""
"지역SEO","massage/장수서창동-출장마사지-남동구-생활권-이동동선-지역정보-이용전-안내/index.html","https://1004테라피.shop/massage/장수서창동-출장마사지-남동구-생활권-이동동선-지역정보-이용전-안내/","False","True",""
"지역SEO","massage/관교동-출장마사지-미추홀구-생활권-이동동선-지역정보-이용전-안내/index.html","https://1004테라피.shop/massage/관교동-출장마사지-미추홀구-생활권-이동동선-지역정보-이용전-안내/","False","True",""
"지역SEO","massage/도화2.3동-출장마사지-미추홀구-생활권-이동동선-지역정보-이용전-안내/index.html","https://1004테라피.shop/massage/도화2.3동-출장마사지-미추홀구-생활권-이동동선-지역정보-이용전-안내/","False","True",""
"지역SEO","massage/도화동-출장마사지-미추홀구-생활권-이동동선-지역정보-이용전-안내/index.html","https://1004테라피.shop/massage/도화동-출장마사지-미추홀구-생활권-이동동선-지역정보-이용전-안내/","False","True",""
"지역SEO","massage/문학동-출장마사지-미추홀구-생활권-이동동선-지역정보-이용전-안내/index.html","https://1004테라피.shop/massage/문학동-출장마사지-미추홀구-생활권-이동동선-지역정보-이용전-안내/","False","True",""
"지역SEO","massage/숭의1.3동-출장마사지-미추홀구-생활권-이동동선-지역정보-이용전-안내/index.html","https://1004테라피.shop/massage/숭의1.3동-출장마사지-미추홀구-생활권-이동동선-지역정보-이용전-안내/","False","True",""
"지역SEO","massage/숭의동-출장마사지-미추홀구-생활권-이동동선-지역정보-이용전-안내/index.html","https://1004테라피.shop/massage/숭의동-출장마사지-미추홀구-생활권-이동동선-지역정보-이용전-안내/","False","True",""
"지역SEO","massage/용현1.4동-출장마사지-미추홀구-생활권-이동동선-지역정보-이용전-안내/index.html","https://1004테라피.shop/massage/용현1.4동-출장마사지-미추홀구-생활권-이동동선-지역정보-이용전-안내/","False","True",""
"지역SEO","massage/용현동-출장마사지-미추홀구-생활권-이동동선-지역정보-이용전-안내/index.html","https://1004테라피.shop/massage/용현동-출장마사지-미추홀구-생활권-이동동선-지역정보-이용전-안내/","False","True",""
"지역SEO","massage/주안동-출장마사지-미추홀구-생활권-이동동선-지역정보-이용전-안내/index.html","https://1004테라피.shop/massage/주안동-출장마사지-미추홀구-생활권-이동동선-지역정보-이용전-안내/","False","True",""
"지역SEO","massage/학익동-출장마사지-미추홀구-생활권-이동동선-지역정보-이용전-안내/index.html","https://1004테라피.shop/massage/학익동-출장마사지-미추홀구-생활권-이동동선-지역정보-이용전-안내/","False","True",""
"지역SEO","massage/갈산동-출장마사지-부평구-생활권-이동동선-지역정보-이용전-안내/index.html","https://1004테라피.shop/massage/갈산동-출장마사지-부평구-생활권-이동동선-지역정보-이용전-안내/","False","True",""
"지역SEO","massage/부개동-출장마사지-부평구-생활권-이동동선-지역정보-이용전-안내/index.html","https://1004테라피.shop/massage/부개동-출장마사지-부평구-생활권-이동동선-지역정보-이용전-안내/","False","True",""
"지역SEO","massage/부평동-출장마사지-부평구-생활권-이동동선-지역정보-이용전-안내/index.html","https://1004테라피.shop/massage/부평동-출장마사지-부평구-생활권-이동동선-지역정보-이용전-안내/","False","True",""
"지역SEO","massage/산곡동-출장마사지-부평구-생활권-이동동선-지역정보-이용전-안내/index.html","https://1004테라피.shop/massage/산곡동-출장마사지-부평구-생활권-이동동선-지역정보-이용전-안내/","False","True",""
"지역SEO","massage/삼산동-출장마사지-부평구-생활권-이동동선-지역정보-이용전-안내/index.html","https://1004테라피.shop/massage/삼산동-출장마사지-부평구-생활권-이동동선-지역정보-이용전-안내/","False","True",""
"지역SEO","massage/십정동-출장마사지-부평구-생활권-이동동선-지역정보-이용전-안내/index.html","https://1004테라피.shop/massage/십정동-출장마사지-부평구-생활권-이동동선-지역정보-이용전-안내/","False","True",""
"지역SEO","massage/일신동-출장마사지-부평구-생활권-이동동선-지역정보-이용전-안내/index.html","https://1004테라피.shop/massage/일신동-출장마사지-부평구-생활권-이동동선-지역정보-이용전-안내/","False","True",""
"지역SEO","massage/청천동-출장마사지-부평구-생활권-이동동선-지역정보-이용전-안내/index.html","https://1004테라피.shop/massage/청천동-출장마사지-부평구-생활권-이동동선-지역정보-이용전-안내/","False","True",""
"지역SEO","massage/가정동-출장마사지-서해구-생활권-이동동선-지역정보-이용전-안내/index.html","https://1004테라피.shop/massage/가정동-출장마사지-서해구-생활권-이동동선-지역정보-이용전-안내/","False","True",""
"지역SEO","massage/가좌동-출장마사지-서해구-생활권-이동동선-지역정보-이용전-안내/index.html","https://1004테라피.shop/massage/가좌동-출장마사지-서해구-생활권-이동동선-지역정보-이용전-안내/","False","True",""
"지역SEO","massage/검암경서동-출장마사지-서해구-생활권-이동동선-지역정보-이용전-안내/index.html","https://1004테라피.shop/massage/검암경서동-출장마사지-서해구-생활권-이동동선-지역정보-이용전-안내/","False","True",""
"지역SEO","massage/석남동-출장마사지-서해구-생활권-이동동선-지역정보-이용전-안내/index.html","https://1004테라피.shop/massage/석남동-출장마사지-서해구-생활권-이동동선-지역정보-이용전-안내/","False","True",""
"지역SEO","massage/신현원창동-출장마사지-서해구-생활권-이동동선-지역정보-이용전-안내/index.html","https://1004테라피.shop/massage/신현원창동-출장마사지-서해구-생활권-이동동선-지역정보-이용전-안내/","False","True",""
"지역SEO","massage/연희동-출장마사지-서해구-생활권-이동동선-지역정보-이용전-안내/index.html","https://1004테라피.shop/massage/연희동-출장마사지-서해구-생활권-이동동선-지역정보-이용전-안내/","False","True",""
"지역SEO","massage/청라동-출장마사지-서해구-생활권-이동동선-지역정보-이용전-안내/index.html","https://1004테라피.shop/massage/청라동-출장마사지-서해구-생활권-이동동선-지역정보-이용전-안내/","False","True",""
"지역SEO","massage/동춘동-출장마사지-연수구-생활권-이동동선-지역정보-이용전-안내/index.html","https://1004테라피.shop/massage/동춘동-출장마사지-연수구-생활권-이동동선-지역정보-이용전-안내/","False","True",""
"지역SEO","massage/선학동-출장마사지-연수구-생활권-이동동선-지역정보-이용전-안내/index.html","https://1004테라피.shop/massage/선학동-출장마사지-연수구-생활권-이동동선-지역정보-이용전-안내/","False","True",""
"지역SEO","massage/송도동-출장마사지-연수구-생활권-이동동선-지역정보-이용전-안내/index.html","https://1004테라피.shop/massage/송도동-출장마사지-연수구-생활권-이동동선-지역정보-이용전-안내/","False","True",""
"지역SEO","massage/연수동-출장마사지-연수구-생활권-이동동선-지역정보-이용전-안내/index.html","https://1004테라피.shop/massage/연수동-출장마사지-연수구-생활권-이동동선-지역정보-이용전-안내/","False","True",""
"지역SEO","massage/옥련동-출장마사지-연수구-생활권-이동동선-지역정보-이용전-안내/index.html","https://1004테라피.shop/massage/옥련동-출장마사지-연수구-생활권-이동동선-지역정보-이용전-안내/","False","True",""
"지역SEO","massage/청학동-출장마사지-연수구-생활권-이동동선-지역정보-이용전-안내/index.html","https://1004테라피.shop/massage/청학동-출장마사지-연수구-생활권-이동동선-지역정보-이용전-안내/","False","True",""
"지역SEO","massage/영종동-출장마사지-영종구-생활권-이동동선-지역정보-이용전-안내/index.html","https://1004테라피.shop/massage/영종동-출장마사지-영종구-생활권-이동동선-지역정보-이용전-안내/","False","True",""
"지역SEO","massage/용유동-출장마사지-영종구-생활권-이동동선-지역정보-이용전-안내/index.html","https://1004테라피.shop/massage/용유동-출장마사지-영종구-생활권-이동동선-지역정보-이용전-안내/","False","True",""
"지역SEO","massage/운서동-출장마사지-영종구-생활권-이동동선-지역정보-이용전-안내/index.html","https://1004테라피.shop/massage/운서동-출장마사지-영종구-생활권-이동동선-지역정보-이용전-안내/","False","True",""
"지역SEO","massage/개항동-출장마사지-제물포구-생활권-이동동선-지역정보-이용전-안내/index.html","https://1004테라피.shop/massage/개항동-출장마사지-제물포구-생활권-이동동선-지역정보-이용전-안내/","False","True",""
"지역SEO","massage/금창동-출장마사지-제물포구-생활권-이동동선-지역정보-이용전-안내/index.html","https://1004테라피.shop/massage/금창동-출장마사지-제물포구-생활권-이동동선-지역정보-이용전-안내/","False","True",""
"지역SEO","massage/도원동-출장마사지-제물포구-생활권-이동동선-지역정보-이용전-안내/index.html","https://1004테라피.shop/massage/도원동-출장마사지-제물포구-생활권-이동동선-지역정보-이용전-안내/","False","True",""
"지역SEO","massage/동인천동-출장마사지-제물포구-생활권-이동동선-지역정보-이용전-안내/index.html","https://1004테라피.shop/massage/동인천동-출장마사지-제물포구-생활권-이동동선-지역정보-이용전-안내/","False","True",""
"지역SEO","massage/만석동-출장마사지-제물포구-생활권-이동동선-지역정보-이용전-안내/index.html","https://1004테라피.shop/massage/만석동-출장마사지-제물포구-생활권-이동동선-지역정보-이용전-안내/","False","True",""
"지역SEO","massage/송림동-출장마사지-제물포구-생활권-이동동선-지역정보-이용전-안내/index.html","https://1004테라피.shop/massage/송림동-출장마사지-제물포구-생활권-이동동선-지역정보-이용전-안내/","False","True",""
"지역SEO","massage/송현1.2동-출장마사지-제물포구-생활권-이동동선-지역정보-이용전-안내/index.html","https://1004테라피.shop/massage/송현1.2동-출장마사지-제물포구-생활권-이동동선-지역정보-이용전-안내/","False","True",""
"지역SEO","massage/송현동-출장마사지-제물포구-생활권-이동동선-지역정보-이용전-안내/index.html","https://1004테라피.shop/massage/송현동-출장마사지-제물포구-생활권-이동동선-지역정보-이용전-안내/","False","True",""
"지역SEO","massage/신포동-출장마사지-제물포구-생활권-이동동선-지역정보-이용전-안내/index.html","https://1004테라피.shop/massage/신포동-출장마사지-제물포구-생활권-이동동선-지역정보-이용전-안내/","False","True",""
"지역SEO","massage/신흥동-출장마사지-제물포구-생활권-이동동선-지역정보-이용전-안내/index.html","https://1004테라피.shop/massage/신흥동-출장마사지-제물포구-생활권-이동동선-지역정보-이용전-안내/","False","True",""
"지역SEO","massage/연안동-출장마사지-제물포구-생활권-이동동선-지역정보-이용전-안내/index.html","https://1004테라피.shop/massage/연안동-출장마사지-제물포구-생활권-이동동선-지역정보-이용전-안내/","False","True",""
"지역SEO","massage/율목동-출장마사지-제물포구-생활권-이동동선-지역정보-이용전-안내/index.html","https://1004테라피.shop/massage/율목동-출장마사지-제물포구-생활권-이동동선-지역정보-이용전-안내/","False","True",""
"지역SEO","massage/화수1.화평동-출장마사지-제물포구-생활권-이동동선-지역정보-이용전-안내/index.html","https://1004테라피.shop/massage/화수1.화평동-출장마사지-제물포구-생활권-이동동선-지역정보-이용전-안내/","False","True",""
"지역SEO","massage/화수동-출장마사지-제물포구-생활권-이동동선-지역정보-이용전-안내/index.html","https://1004테라피.shop/massage/화수동-출장마사지-제물포구-생활권-이동동선-지역정보-이용전-안내/","False","True",""
"지역SEO","massage/가수원동-출장마사지-대전-서구-생활권-이동동선-지역정보-이용전-안내/index.html","https://1004테라피.shop/massage/가수원동-출장마사지-대전-서구-생활권-이동동선-지역정보-이용전-안내/","False","True",""
"지역SEO","massage/가양동-출장마사지-대전-동구-생활권-이동동선-지역정보-이용전-안내/index.html","https://1004테라피.shop/massage/가양동-출장마사지-대전-동구-생활권-이동동선-지역정보-이용전-안내/","False","True",""
"지역SEO","massage/가장동-출장마사지-대전-서구-생활권-이동동선-지역정보-이용전-안내/index.html","https://1004테라피.shop/massage/가장동-출장마사지-대전-서구-생활권-이동동선-지역정보-이용전-안내/","False","True",""
"지역SEO","massage/갈마동-출장마사지-대전-서구-생활권-이동동선-지역정보-이용전-안내/index.html","https://1004테라피.shop/massage/갈마동-출장마사지-대전-서구-생활권-이동동선-지역정보-이용전-안내/","False","True",""
"지역SEO","massage/관저동-출장마사지-대전-서구-생활권-이동동선-지역정보-이용전-안내/index.html","https://1004테라피.shop/massage/관저동-출장마사지-대전-서구-생활권-이동동선-지역정보-이용전-안내/","False","True",""
"지역SEO","massage/관평동-출장마사지-대전-유성구-생활권-이동동선-지역정보-이용전-안내/index.html","https://1004테라피.shop/massage/관평동-출장마사지-대전-유성구-생활권-이동동선-지역정보-이용전-안내/","False","True",""
"지역SEO","massage/괴정동-출장마사지-대전-서구-생활권-이동동선-지역정보-이용전-안내/index.html","https://1004테라피.shop/massage/괴정동-출장마사지-대전-서구-생활권-이동동선-지역정보-이용전-안내/","False","True",""
"지역SEO","massage/구즉동-출장마사지-대전-유성구-생활권-이동동선-지역정보-이용전-안내/index.html","https://1004테라피.shop/massage/구즉동-출장마사지-대전-유성구-생활권-이동동선-지역정보-이용전-안내/","False","True",""
"지역SEO","massage/기성동-출장마사지-대전-서구-생활권-이동동선-지역정보-이용전-안내/index.html","https://1004테라피.shop/massage/기성동-출장마사지-대전-서구-생활권-이동동선-지역정보-이용전-안내/","False","True",""
"지역SEO","massage/내동-출장마사지-대전-서구-생활권-이동동선-지역정보-이용전-안내/index.html","https://1004테라피.shop/massage/내동-출장마사지-대전-서구-생활권-이동동선-지역정보-이용전-안내/","False","True",""
"지역SEO","massage/노은동-출장마사지-대전-유성구-생활권-이동동선-지역정보-이용전-안내/index.html","https://1004테라피.shop/massage/노은동-출장마사지-대전-유성구-생활권-이동동선-지역정보-이용전-안내/","False","True",""
"지역SEO","massage/대동-출장마사지-대전-동구-생활권-이동동선-지역정보-이용전-안내/index.html","https://1004테라피.shop/massage/대동-출장마사지-대전-동구-생활권-이동동선-지역정보-이용전-안내/","False","True",""
"지역SEO","massage/대사동-출장마사지-대전-중구-생활권-이동동선-지역정보-이용전-안내/index.html","https://1004테라피.shop/massage/대사동-출장마사지-대전-중구-생활권-이동동선-지역정보-이용전-안내/","False","True",""
"지역SEO","massage/대청동-출장마사지-대전-동구-생활권-이동동선-지역정보-이용전-안내/index.html","https://1004테라피.shop/massage/대청동-출장마사지-대전-동구-생활권-이동동선-지역정보-이용전-안내/","False","True",""
"지역SEO","massage/대화동-출장마사지-대전-대덕구-생활권-이동동선-지역정보-이용전-안내/index.html","https://1004테라피.shop/massage/대화동-출장마사지-대전-대덕구-생활권-이동동선-지역정보-이용전-안내/","False","True",""
"지역SEO","massage/대흥동-출장마사지-대전-중구-생활권-이동동선-지역정보-이용전-안내/index.html","https://1004테라피.shop/massage/대흥동-출장마사지-대전-중구-생활권-이동동선-지역정보-이용전-안내/","False","True",""
"지역SEO","massage/덕암동-출장마사지-대전-대덕구-생활권-이동동선-지역정보-이용전-안내/index.html","https://1004테라피.shop/massage/덕암동-출장마사지-대전-대덕구-생활권-이동동선-지역정보-이용전-안내/","False","True",""
"지역SEO","massage/도마동-출장마사지-대전-서구-생활권-이동동선-지역정보-이용전-안내/index.html","https://1004테라피.shop/massage/도마동-출장마사지-대전-서구-생활권-이동동선-지역정보-이용전-안내/","False","True",""
"지역SEO","massage/도안동-출장마사지-대전-서구-생활권-이동동선-지역정보-이용전-안내/index.html","https://1004테라피.shop/massage/도안동-출장마사지-대전-서구-생활권-이동동선-지역정보-이용전-안내/","False","True",""
"지역SEO","massage/둔산동-출장마사지-대전-서구-생활권-이동동선-지역정보-이용전-안내/index.html","https://1004테라피.shop/massage/둔산동-출장마사지-대전-서구-생활권-이동동선-지역정보-이용전-안내/","False","True",""
"지역SEO","massage/만년동-출장마사지-대전-서구-생활권-이동동선-지역정보-이용전-안내/index.html","https://1004테라피.shop/massage/만년동-출장마사지-대전-서구-생활권-이동동선-지역정보-이용전-안내/","False","True",""
"지역SEO","massage/목동-출장마사지-대전-중구-생활권-이동동선-지역정보-이용전-안내/index.html","https://1004테라피.shop/massage/목동-출장마사지-대전-중구-생활권-이동동선-지역정보-이용전-안내/","False","True",""
"지역SEO","massage/목상동-출장마사지-대전-대덕구-생활권-이동동선-지역정보-이용전-안내/index.html","https://1004테라피.shop/massage/목상동-출장마사지-대전-대덕구-생활권-이동동선-지역정보-이용전-안내/","False","True",""
"지역SEO","massage/문창동-출장마사지-대전-중구-생활권-이동동선-지역정보-이용전-안내/index.html","https://1004테라피.shop/massage/문창동-출장마사지-대전-중구-생활권-이동동선-지역정보-이용전-안내/","False","True",""
"지역SEO","massage/문화동-출장마사지-대전-중구-생활권-이동동선-지역정보-이용전-안내/index.html","https://1004테라피.shop/massage/문화동-출장마사지-대전-중구-생활권-이동동선-지역정보-이용전-안내/","False","True",""
"지역SEO","massage/법동-출장마사지-대전-대덕구-생활권-이동동선-지역정보-이용전-안내/index.html","https://1004테라피.shop/massage/법동-출장마사지-대전-대덕구-생활권-이동동선-지역정보-이용전-안내/","False","True",""
"지역SEO","massage/변동-출장마사지-대전-서구-생활권-이동동선-지역정보-이용전-안내/index.html","https://1004테라피.shop/massage/변동-출장마사지-대전-서구-생활권-이동동선-지역정보-이용전-안내/","False","True",""
"지역SEO","massage/복수동-출장마사지-대전-서구-생활권-이동동선-지역정보-이용전-안내/index.html","https://1004테라피.shop/massage/복수동-출장마사지-대전-서구-생활권-이동동선-지역정보-이용전-안내/","False","True",""
"지역SEO","massage/부사동-출장마사지-대전-중구-생활권-이동동선-지역정보-이용전-안내/index.html","https://1004테라피.shop/massage/부사동-출장마사지-대전-중구-생활권-이동동선-지역정보-이용전-안내/","False","True",""
"지역SEO","massage/비래동-출장마사지-대전-대덕구-생활권-이동동선-지역정보-이용전-안내/index.html","https://1004테라피.shop/massage/비래동-출장마사지-대전-대덕구-생활권-이동동선-지역정보-이용전-안내/","False","True",""
"지역SEO","massage/산내동-출장마사지-대전-동구-생활권-이동동선-지역정보-이용전-안내/index.html","https://1004테라피.shop/massage/산내동-출장마사지-대전-동구-생활권-이동동선-지역정보-이용전-안내/","False","True",""
"지역SEO","massage/산성동-출장마사지-대전-중구-생활권-이동동선-지역정보-이용전-안내/index.html","https://1004테라피.shop/massage/산성동-출장마사지-대전-중구-생활권-이동동선-지역정보-이용전-안내/","False","True",""
"지역SEO","massage/삼성동-출장마사지-대전-동구-생활권-이동동선-지역정보-이용전-안내/index.html","https://1004테라피.shop/massage/삼성동-출장마사지-대전-동구-생활권-이동동선-지역정보-이용전-안내/","False","True",""
"지역SEO","massage/상대동-출장마사지-대전-유성구-생활권-이동동선-지역정보-이용전-안내/index.html","https://1004테라피.shop/massage/상대동-출장마사지-대전-유성구-생활권-이동동선-지역정보-이용전-안내/","False","True",""
"지역SEO","massage/석교동-출장마사지-대전-중구-생활권-이동동선-지역정보-이용전-안내/index.html","https://1004테라피.shop/massage/석교동-출장마사지-대전-중구-생활권-이동동선-지역정보-이용전-안내/","False","True",""
"지역SEO","massage/석봉동-출장마사지-대전-대덕구-생활권-이동동선-지역정보-이용전-안내/index.html","https://1004테라피.shop/massage/석봉동-출장마사지-대전-대덕구-생활권-이동동선-지역정보-이용전-안내/","False","True",""
"지역SEO","massage/성남동-출장마사지-대전-동구-생활권-이동동선-지역정보-이용전-안내/index.html","https://1004테라피.shop/massage/성남동-출장마사지-대전-동구-생활권-이동동선-지역정보-이용전-안내/","False","True",""
"지역SEO","massage/송촌동-출장마사지-대전-대덕구-생활권-이동동선-지역정보-이용전-안내/index.html","https://1004테라피.shop/massage/송촌동-출장마사지-대전-대덕구-생활권-이동동선-지역정보-이용전-안내/","False","True",""
"지역SEO","massage/신성동-출장마사지-대전-유성구-생활권-이동동선-지역정보-이용전-안내/index.html","https://1004테라피.shop/massage/신성동-출장마사지-대전-유성구-생활권-이동동선-지역정보-이용전-안내/","False","True",""
"지역SEO","massage/신인동-출장마사지-대전-동구-생활권-이동동선-지역정보-이용전-안내/index.html","https://1004테라피.shop/massage/신인동-출장마사지-대전-동구-생활권-이동동선-지역정보-이용전-안내/","False","True",""
"지역SEO","massage/신탄진동-출장마사지-대전-대덕구-생활권-이동동선-지역정보-이용전-안내/index.html","https://1004테라피.shop/massage/신탄진동-출장마사지-대전-대덕구-생활권-이동동선-지역정보-이용전-안내/","False","True",""
"지역SEO","massage/오류동-출장마사지-대전-중구-생활권-이동동선-지역정보-이용전-안내/index.html","https://1004테라피.shop/massage/오류동-출장마사지-대전-중구-생활권-이동동선-지역정보-이용전-안내/","False","True",""
"지역SEO","massage/오정동-출장마사지-대전-대덕구-생활권-이동동선-지역정보-이용전-안내/index.html","https://1004테라피.shop/massage/오정동-출장마사지-대전-대덕구-생활권-이동동선-지역정보-이용전-안내/","False","True",""
"지역SEO","massage/온천동-출장마사지-대전-유성구-생활권-이동동선-지역정보-이용전-안내/index.html","https://1004테라피.shop/massage/온천동-출장마사지-대전-유성구-생활권-이동동선-지역정보-이용전-안내/","False","True",""
"지역SEO","massage/용두동-출장마사지-대전-중구-생활권-이동동선-지역정보-이용전-안내/index.html","https://1004테라피.shop/massage/용두동-출장마사지-대전-중구-생활권-이동동선-지역정보-이용전-안내/","False","True",""
"지역SEO","massage/용문동-출장마사지-대전-서구-생활권-이동동선-지역정보-이용전-안내/index.html","https://1004테라피.shop/massage/용문동-출장마사지-대전-서구-생활권-이동동선-지역정보-이용전-안내/","False","True",""
"지역SEO","massage/용운동-출장마사지-대전-동구-생활권-이동동선-지역정보-이용전-안내/index.html","https://1004테라피.shop/massage/용운동-출장마사지-대전-동구-생활권-이동동선-지역정보-이용전-안내/","False","True",""
"지역SEO","massage/용전동-출장마사지-대전-동구-생활권-이동동선-지역정보-이용전-안내/index.html","https://1004테라피.shop/massage/용전동-출장마사지-대전-동구-생활권-이동동선-지역정보-이용전-안내/","False","True",""
"지역SEO","massage/원신흥동-출장마사지-대전-유성구-생활권-이동동선-지역정보-이용전-안내/index.html","https://1004테라피.shop/massage/원신흥동-출장마사지-대전-유성구-생활권-이동동선-지역정보-이용전-안내/","False","True",""
"지역SEO","massage/월평동-출장마사지-대전-서구-생활권-이동동선-지역정보-이용전-안내/index.html","https://1004테라피.shop/massage/월평동-출장마사지-대전-서구-생활권-이동동선-지역정보-이용전-안내/","False","True",""
"지역SEO","massage/유천동-출장마사지-대전-중구-생활권-이동동선-지역정보-이용전-안내/index.html","https://1004테라피.shop/massage/유천동-출장마사지-대전-중구-생활권-이동동선-지역정보-이용전-안내/","False","True",""
"지역SEO","massage/은행선화동-출장마사지-대전-중구-생활권-이동동선-지역정보-이용전-안내/index.html","https://1004테라피.shop/massage/은행선화동-출장마사지-대전-중구-생활권-이동동선-지역정보-이용전-안내/","False","True",""
"지역SEO","massage/자양동-출장마사지-대전-동구-생활권-이동동선-지역정보-이용전-안내/index.html","https://1004테라피.shop/massage/자양동-출장마사지-대전-동구-생활권-이동동선-지역정보-이용전-안내/","False","True",""
"지역SEO","massage/전민동-출장마사지-대전-유성구-생활권-이동동선-지역정보-이용전-안내/index.html","https://1004테라피.shop/massage/전민동-출장마사지-대전-유성구-생활권-이동동선-지역정보-이용전-안내/","False","True",""
"지역SEO","massage/정림동-출장마사지-대전-서구-생활권-이동동선-지역정보-이용전-안내/index.html","https://1004테라피.shop/massage/정림동-출장마사지-대전-서구-생활권-이동동선-지역정보-이용전-안내/","False","True",""
"지역SEO","massage/중리동-출장마사지-대전-대덕구-생활권-이동동선-지역정보-이용전-안내/index.html","https://1004테라피.shop/massage/중리동-출장마사지-대전-대덕구-생활권-이동동선-지역정보-이용전-안내/","False","True",""
"지역SEO","massage/중앙동-출장마사지-대전-동구-생활권-이동동선-지역정보-이용전-안내/index.html","https://1004테라피.shop/massage/중앙동-출장마사지-대전-동구-생활권-이동동선-지역정보-이용전-안내/","False","True",""
"지역SEO","massage/중촌동-출장마사지-대전-중구-생활권-이동동선-지역정보-이용전-안내/index.html","https://1004테라피.shop/massage/중촌동-출장마사지-대전-중구-생활권-이동동선-지역정보-이용전-안내/","False","True",""
"지역SEO","massage/진잠동-출장마사지-대전-유성구-생활권-이동동선-지역정보-이용전-안내/index.html","https://1004테라피.shop/massage/진잠동-출장마사지-대전-유성구-생활권-이동동선-지역정보-이용전-안내/","False","True",""
"지역SEO","massage/탄방동-출장마사지-대전-서구-생활권-이동동선-지역정보-이용전-안내/index.html","https://1004테라피.shop/massage/탄방동-출장마사지-대전-서구-생활권-이동동선-지역정보-이용전-안내/","False","True",""
"지역SEO","massage/태평동-출장마사지-대전-중구-생활권-이동동선-지역정보-이용전-안내/index.html","https://1004테라피.shop/massage/태평동-출장마사지-대전-중구-생활권-이동동선-지역정보-이용전-안내/","False","True",""
"지역SEO","massage/판암동-출장마사지-대전-동구-생활권-이동동선-지역정보-이용전-안내/index.html","https://1004테라피.shop/massage/판암동-출장마사지-대전-동구-생활권-이동동선-지역정보-이용전-안내/","False","True",""
"지역SEO","massage/학하동-출장마사지-대전-유성구-생활권-이동동선-지역정보-이용전-안내/index.html","https://1004테라피.shop/massage/학하동-출장마사지-대전-유성구-생활권-이동동선-지역정보-이용전-안내/","False","True",""
"지역SEO","massage/홍도동-출장마사지-대전-동구-생활권-이동동선-지역정보-이용전-안내/index.html","https://1004테라피.shop/massage/홍도동-출장마사지-대전-동구-생활권-이동동선-지역정보-이용전-안내/","False","True",""
"지역SEO","massage/회덕동-출장마사지-대전-대덕구-생활권-이동동선-지역정보-이용전-안내/index.html","https://1004테라피.shop/massage/회덕동-출장마사지-대전-대덕구-생활권-이동동선-지역정보-이용전-안내/","False","True",""
"지역SEO","massage/효동-출장마사지-대전-동구-생활권-이동동선-지역정보-이용전-안내/index.html","https://1004테라피.shop/massage/효동-출장마사지-대전-동구-생활권-이동동선-지역정보-이용전-안내/","False","True",""
"지역SEO","massage/가경동-출장마사지-청주-흥덕구-생활권-이동동선-지역정보-이용전-안내/index.html","https://1004테라피.shop/massage/가경동-출장마사지-청주-흥덕구-생활권-이동동선-지역정보-이용전-안내/","False","True",""
"지역SEO","massage/강서동-출장마사지-청주-흥덕구-생활권-이동동선-지역정보-이용전-안내/index.html","https://1004테라피.shop/massage/강서동-출장마사지-청주-흥덕구-생활권-이동동선-지역정보-이용전-안내/","False","True",""
"지역SEO","massage/금천동-출장마사지-청주-상당구-생활권-이동동선-지역정보-이용전-안내/index.html","https://1004테라피.shop/massage/금천동-출장마사지-청주-상당구-생활권-이동동선-지역정보-이용전-안내/","False","True",""
"지역SEO","massage/내덕동-출장마사지-청주-청원구-생활권-이동동선-지역정보-이용전-안내/index.html","https://1004테라피.shop/massage/내덕동-출장마사지-청주-청원구-생활권-이동동선-지역정보-이용전-안내/","False","True",""
"지역SEO","massage/모충동-출장마사지-청주-서원구-생활권-이동동선-지역정보-이용전-안내/index.html","https://1004테라피.shop/massage/모충동-출장마사지-청주-서원구-생활권-이동동선-지역정보-이용전-안내/","False","True",""
"지역SEO","massage/복대동-출장마사지-청주-흥덕구-생활권-이동동선-지역정보-이용전-안내/index.html","https://1004테라피.shop/massage/복대동-출장마사지-청주-흥덕구-생활권-이동동선-지역정보-이용전-안내/","False","True",""
"지역SEO","massage/봉명2.송정동-출장마사지-청주-흥덕구-생활권-이동동선-지역정보-이용전-안내/index.html","https://1004테라피.shop/massage/봉명2.송정동-출장마사지-청주-흥덕구-생활권-이동동선-지역정보-이용전-안내/","False","True",""
"지역SEO","massage/봉명동-출장마사지-청주-흥덕구-생활권-이동동선-지역정보-이용전-안내/index.html","https://1004테라피.shop/massage/봉명동-출장마사지-청주-흥덕구-생활권-이동동선-지역정보-이용전-안내/","False","True",""
"지역SEO","massage/분평동-출장마사지-청주-서원구-생활권-이동동선-지역정보-이용전-안내/index.html","https://1004테라피.shop/massage/분평동-출장마사지-청주-서원구-생활권-이동동선-지역정보-이용전-안내/","False","True",""
"지역SEO","massage/사직동-출장마사지-청주-서원구-생활권-이동동선-지역정보-이용전-안내/index.html","https://1004테라피.shop/massage/사직동-출장마사지-청주-서원구-생활권-이동동선-지역정보-이용전-안내/","False","True",""
"지역SEO","massage/사창동-출장마사지-청주-서원구-생활권-이동동선-지역정보-이용전-안내/index.html","https://1004테라피.shop/massage/사창동-출장마사지-청주-서원구-생활권-이동동선-지역정보-이용전-안내/","False","True",""
"지역SEO","massage/산남동-출장마사지-청주-서원구-생활권-이동동선-지역정보-이용전-안내/index.html","https://1004테라피.shop/massage/산남동-출장마사지-청주-서원구-생활권-이동동선-지역정보-이용전-안내/","False","True",""
"지역SEO","massage/성안동-출장마사지-청주-상당구-생활권-이동동선-지역정보-이용전-안내/index.html","https://1004테라피.shop/massage/성안동-출장마사지-청주-상당구-생활권-이동동선-지역정보-이용전-안내/","False","True",""
"지역SEO","massage/성화.개신.죽림동-출장마사지-청주-서원구-생활권-이동동선-지역정보-이용전-안내/index.html","https://1004테라피.shop/massage/성화.개신.죽림동-출장마사지-청주-서원구-생활권-이동동선-지역정보-이용전-안내/","False","True",""
"지역SEO","massage/수곡동-출장마사지-청주-서원구-생활권-이동동선-지역정보-이용전-안내/index.html","https://1004테라피.shop/massage/수곡동-출장마사지-청주-서원구-생활권-이동동선-지역정보-이용전-안내/","False","True",""
"지역SEO","massage/영운동-출장마사지-청주-상당구-생활권-이동동선-지역정보-이용전-안내/index.html","https://1004테라피.shop/massage/영운동-출장마사지-청주-상당구-생활권-이동동선-지역정보-이용전-안내/","False","True",""
"지역SEO","massage/오근장동-출장마사지-청주-청원구-생활권-이동동선-지역정보-이용전-안내/index.html","https://1004테라피.shop/massage/오근장동-출장마사지-청주-청원구-생활권-이동동선-지역정보-이용전-안내/","False","True",""
"지역SEO","massage/용담.명암.산성동-출장마사지-청주-상당구-생활권-이동동선-지역정보-이용전-안내/index.html","https://1004테라피.shop/massage/용담.명암.산성동-출장마사지-청주-상당구-생활권-이동동선-지역정보-이용전-안내/","False","True",""
"지역SEO","massage/용암동-출장마사지-청주-상당구-생활권-이동동선-지역정보-이용전-안내/index.html","https://1004테라피.shop/massage/용암동-출장마사지-청주-상당구-생활권-이동동선-지역정보-이용전-안내/","False","True",""
"지역SEO","massage/우암동-출장마사지-청주-청원구-생활권-이동동선-지역정보-이용전-안내/index.html","https://1004테라피.shop/massage/우암동-출장마사지-청주-청원구-생활권-이동동선-지역정보-이용전-안내/","False","True",""
"지역SEO","massage/운천.신봉동-출장마사지-청주-흥덕구-생활권-이동동선-지역정보-이용전-안내/index.html","https://1004테라피.shop/massage/운천.신봉동-출장마사지-청주-흥덕구-생활권-이동동선-지역정보-이용전-안내/","False","True",""
"지역SEO","massage/율량.사천동-출장마사지-청주-청원구-생활권-이동동선-지역정보-이용전-안내/index.html","https://1004테라피.shop/massage/율량.사천동-출장마사지-청주-청원구-생활권-이동동선-지역정보-이용전-안내/","False","True",""
"지역SEO","massage/중앙동-출장마사지-청주-상당구-생활권-이동동선-지역정보-이용전-안내/index.html","https://1004테라피.shop/massage/중앙동-출장마사지-청주-상당구-생활권-이동동선-지역정보-이용전-안내/","False","True",""
"지역SEO","massage/탑대성동-출장마사지-청주-상당구-생활권-이동동선-지역정보-이용전-안내/index.html","https://1004테라피.shop/massage/탑대성동-출장마사지-청주-상당구-생활권-이동동선-지역정보-이용전-안내/","False","True",""
"지역SEO","massage/문성동-출장마사지-천안-동남구-생활권-이동동선-지역정보-이용전-안내/index.html","https://1004테라피.shop/massage/문성동-출장마사지-천안-동남구-생활권-이동동선-지역정보-이용전-안내/","False","True",""
"지역SEO","massage/백석동-출장마사지-천안-서북구-생활권-이동동선-지역정보-이용전-안내/index.html","https://1004테라피.shop/massage/백석동-출장마사지-천안-서북구-생활권-이동동선-지역정보-이용전-안내/","False","True",""
"지역SEO","massage/봉명동-출장마사지-천안-동남구-생활권-이동동선-지역정보-이용전-안내/index.html","https://1004테라피.shop/massage/봉명동-출장마사지-천안-동남구-생활권-이동동선-지역정보-이용전-안내/","False","True",""
"지역SEO","massage/부성동-출장마사지-천안-서북구-생활권-이동동선-지역정보-이용전-안내/index.html","https://1004테라피.shop/massage/부성동-출장마사지-천안-서북구-생활권-이동동선-지역정보-이용전-안내/","False","True",""
"지역SEO","massage/불당동-출장마사지-천안-서북구-생활권-이동동선-지역정보-이용전-안내/index.html","https://1004테라피.shop/massage/불당동-출장마사지-천안-서북구-생활권-이동동선-지역정보-이용전-안내/","False","True",""
"지역SEO","massage/성정동-출장마사지-천안-서북구-생활권-이동동선-지역정보-이용전-안내/index.html","https://1004테라피.shop/massage/성정동-출장마사지-천안-서북구-생활권-이동동선-지역정보-이용전-안내/","False","True",""
"지역SEO","massage/신방동-출장마사지-천안-동남구-생활권-이동동선-지역정보-이용전-안내/index.html","https://1004테라피.shop/massage/신방동-출장마사지-천안-동남구-생활권-이동동선-지역정보-이용전-안내/","False","True",""
"지역SEO","massage/신안동-출장마사지-천안-동남구-생활권-이동동선-지역정보-이용전-안내/index.html","https://1004테라피.shop/massage/신안동-출장마사지-천안-동남구-생활권-이동동선-지역정보-이용전-안내/","False","True",""
"지역SEO","massage/쌍용동-출장마사지-천안-서북구-생활권-이동동선-지역정보-이용전-안내/index.html","https://1004테라피.shop/massage/쌍용동-출장마사지-천안-서북구-생활권-이동동선-지역정보-이용전-안내/","False","True",""
"지역SEO","massage/원성동-출장마사지-천안-동남구-생활권-이동동선-지역정보-이용전-안내/index.html","https://1004테라피.shop/massage/원성동-출장마사지-천안-동남구-생활권-이동동선-지역정보-이용전-안내/","False","True",""
"지역SEO","massage/일봉동-출장마사지-천안-동남구-생활권-이동동선-지역정보-이용전-안내/index.html","https://1004테라피.shop/massage/일봉동-출장마사지-천안-동남구-생활권-이동동선-지역정보-이용전-안내/","False","True",""
"지역SEO","massage/중앙동-출장마사지-천안-동남구-생활권-이동동선-지역정보-이용전-안내/index.html","https://1004테라피.shop/massage/중앙동-출장마사지-천안-동남구-생활권-이동동선-지역정보-이용전-안내/","False","True",""
"지역SEO","massage/청룡동-출장마사지-천안-동남구-생활권-이동동선-지역정보-이용전-안내/index.html","https://1004테라피.shop/massage/청룡동-출장마사지-천안-동남구-생활권-이동동선-지역정보-이용전-안내/","False","True",""
"지역SEO","massage/고운동-출장마사지-세종-생활권-이동동선-지역정보-이용전-안내/index.html","https://1004테라피.shop/massage/고운동-출장마사지-세종-생활권-이동동선-지역정보-이용전-안내/","False","True",""
"지역SEO","massage/나성동-출장마사지-세종-생활권-이동동선-지역정보-이용전-안내/index.html","https://1004테라피.shop/massage/나성동-출장마사지-세종-생활권-이동동선-지역정보-이용전-안내/","False","True",""
"지역SEO","massage/다정동-출장마사지-세종-생활권-이동동선-지역정보-이용전-안내/index.html","https://1004테라피.shop/massage/다정동-출장마사지-세종-생활권-이동동선-지역정보-이용전-안내/","False","True",""
"지역SEO","massage/대평동-출장마사지-세종-생활권-이동동선-지역정보-이용전-안내/index.html","https://1004테라피.shop/massage/대평동-출장마사지-세종-생활권-이동동선-지역정보-이용전-안내/","False","True",""
"지역SEO","massage/도담동-출장마사지-세종-생활권-이동동선-지역정보-이용전-안내/index.html","https://1004테라피.shop/massage/도담동-출장마사지-세종-생활권-이동동선-지역정보-이용전-안내/","False","True",""
"지역SEO","massage/반곡동-출장마사지-세종-생활권-이동동선-지역정보-이용전-안내/index.html","https://1004테라피.shop/massage/반곡동-출장마사지-세종-생활권-이동동선-지역정보-이용전-안내/","False","True",""
"지역SEO","massage/보람동-출장마사지-세종-생활권-이동동선-지역정보-이용전-안내/index.html","https://1004테라피.shop/massage/보람동-출장마사지-세종-생활권-이동동선-지역정보-이용전-안내/","False","True",""
"지역SEO","massage/새롬동-출장마사지-세종-생활권-이동동선-지역정보-이용전-안내/index.html","https://1004테라피.shop/massage/새롬동-출장마사지-세종-생활권-이동동선-지역정보-이용전-안내/","False","True",""
"지역SEO","massage/소담동-출장마사지-세종-생활권-이동동선-지역정보-이용전-안내/index.html","https://1004테라피.shop/massage/소담동-출장마사지-세종-생활권-이동동선-지역정보-이용전-안내/","False","True",""
"지역SEO","massage/아름동-출장마사지-세종-생활권-이동동선-지역정보-이용전-안내/index.html","https://1004테라피.shop/massage/아름동-출장마사지-세종-생활권-이동동선-지역정보-이용전-안내/","False","True",""
"지역SEO","massage/어진동-출장마사지-세종-생활권-이동동선-지역정보-이용전-안내/index.html","https://1004테라피.shop/massage/어진동-출장마사지-세종-생활권-이동동선-지역정보-이용전-안내/","False","True",""
"지역SEO","massage/종촌동-출장마사지-세종-생활권-이동동선-지역정보-이용전-안내/index.html","https://1004테라피.shop/massage/종촌동-출장마사지-세종-생활권-이동동선-지역정보-이용전-안내/","False","True",""
"지역SEO","massage/집현동-출장마사지-세종-생활권-이동동선-지역정보-이용전-안내/index.html","https://1004테라피.shop/massage/집현동-출장마사지-세종-생활권-이동동선-지역정보-이용전-안내/","False","True",""
"지역SEO","massage/한솔동-출장마사지-세종-생활권-이동동선-지역정보-이용전-안내/index.html","https://1004테라피.shop/massage/한솔동-출장마사지-세종-생활권-이동동선-지역정보-이용전-안내/","False","True",""
"지역SEO","massage/해밀동-출장마사지-세종-생활권-이동동선-지역정보-이용전-안내/index.html","https://1004테라피.shop/massage/해밀동-출장마사지-세종-생활권-이동동선-지역정보-이용전-안내/","False","True",""
"지역SEO","massage/가음정동-출장마사지-창원-성산구-생활권-이동동선-지역정보-이용전-안내/index.html","https://1004테라피.shop/massage/가음정동-출장마사지-창원-성산구-생활권-이동동선-지역정보-이용전-안내/","False","True",""
"지역SEO","massage/가포동-출장마사지-창원-마산합포구-생활권-이동동선-지역정보-이용전-안내/index.html","https://1004테라피.shop/massage/가포동-출장마사지-창원-마산합포구-생활권-이동동선-지역정보-이용전-안내/","False","True",""
"지역SEO","massage/경화동-출장마사지-창원-진해구-생활권-이동동선-지역정보-이용전-안내/index.html","https://1004테라피.shop/massage/경화동-출장마사지-창원-진해구-생활권-이동동선-지역정보-이용전-안내/","False","True",""
"지역SEO","massage/교방동-출장마사지-창원-마산합포구-생활권-이동동선-지역정보-이용전-안내/index.html","https://1004테라피.shop/massage/교방동-출장마사지-창원-마산합포구-생활권-이동동선-지역정보-이용전-안내/","False","True",""
"지역SEO","massage/구암동-출장마사지-창원-마산회원구-생활권-이동동선-지역정보-이용전-안내/index.html","https://1004테라피.shop/massage/구암동-출장마사지-창원-마산회원구-생활권-이동동선-지역정보-이용전-안내/","False","True",""
"지역SEO","massage/덕산동-출장마사지-창원-진해구-생활권-이동동선-지역정보-이용전-안내/index.html","https://1004테라피.shop/massage/덕산동-출장마사지-창원-진해구-생활권-이동동선-지역정보-이용전-안내/","False","True",""
"지역SEO","massage/명곡동-출장마사지-창원-의창구-생활권-이동동선-지역정보-이용전-안내/index.html","https://1004테라피.shop/massage/명곡동-출장마사지-창원-의창구-생활권-이동동선-지역정보-이용전-안내/","False","True",""
"지역SEO","massage/문화동-출장마사지-창원-마산합포구-생활권-이동동선-지역정보-이용전-안내/index.html","https://1004테라피.shop/massage/문화동-출장마사지-창원-마산합포구-생활권-이동동선-지역정보-이용전-안내/","False","True",""
"지역SEO","massage/반송동-출장마사지-창원-성산구-생활권-이동동선-지역정보-이용전-안내/index.html","https://1004테라피.shop/massage/반송동-출장마사지-창원-성산구-생활권-이동동선-지역정보-이용전-안내/","False","True",""
"지역SEO","massage/반월중앙동-출장마사지-창원-마산합포구-생활권-이동동선-지역정보-이용전-안내/index.html","https://1004테라피.shop/massage/반월중앙동-출장마사지-창원-마산합포구-생활권-이동동선-지역정보-이용전-안내/","False","True",""
"지역SEO","massage/병암동-출장마사지-창원-진해구-생활권-이동동선-지역정보-이용전-안내/index.html","https://1004테라피.shop/massage/병암동-출장마사지-창원-진해구-생활권-이동동선-지역정보-이용전-안내/","False","True",""
"지역SEO","massage/봉림동-출장마사지-창원-의창구-생활권-이동동선-지역정보-이용전-안내/index.html","https://1004테라피.shop/massage/봉림동-출장마사지-창원-의창구-생활권-이동동선-지역정보-이용전-안내/","False","True",""
"지역SEO","massage/봉암동-출장마사지-창원-마산회원구-생활권-이동동선-지역정보-이용전-안내/index.html","https://1004테라피.shop/massage/봉암동-출장마사지-창원-마산회원구-생활권-이동동선-지역정보-이용전-안내/","False","True",""
"지역SEO","massage/사파동-출장마사지-창원-성산구-생활권-이동동선-지역정보-이용전-안내/index.html","https://1004테라피.shop/massage/사파동-출장마사지-창원-성산구-생활권-이동동선-지역정보-이용전-안내/","False","True",""
"지역SEO","massage/산호동-출장마사지-창원-마산합포구-생활권-이동동선-지역정보-이용전-안내/index.html","https://1004테라피.shop/massage/산호동-출장마사지-창원-마산합포구-생활권-이동동선-지역정보-이용전-안내/","False","True",""
"지역SEO","massage/상남동-출장마사지-창원-성산구-생활권-이동동선-지역정보-이용전-안내/index.html","https://1004테라피.shop/massage/상남동-출장마사지-창원-성산구-생활권-이동동선-지역정보-이용전-안내/","False","True",""
"지역SEO","massage/석동-출장마사지-창원-진해구-생활권-이동동선-지역정보-이용전-안내/index.html","https://1004테라피.shop/massage/석동-출장마사지-창원-진해구-생활권-이동동선-지역정보-이용전-안내/","False","True",""
"지역SEO","massage/석전동-출장마사지-창원-마산회원구-생활권-이동동선-지역정보-이용전-안내/index.html","https://1004테라피.shop/massage/석전동-출장마사지-창원-마산회원구-생활권-이동동선-지역정보-이용전-안내/","False","True",""
"지역SEO","massage/성주동-출장마사지-창원-성산구-생활권-이동동선-지역정보-이용전-안내/index.html","https://1004테라피.shop/massage/성주동-출장마사지-창원-성산구-생활권-이동동선-지역정보-이용전-안내/","False","True",""
"지역SEO","massage/양덕동-출장마사지-창원-마산회원구-생활권-이동동선-지역정보-이용전-안내/index.html","https://1004테라피.shop/massage/양덕동-출장마사지-창원-마산회원구-생활권-이동동선-지역정보-이용전-안내/","False","True",""
"지역SEO","massage/여좌동-출장마사지-창원-진해구-생활권-이동동선-지역정보-이용전-안내/index.html","https://1004테라피.shop/massage/여좌동-출장마사지-창원-진해구-생활권-이동동선-지역정보-이용전-안내/","False","True",""
"지역SEO","massage/오동동-출장마사지-창원-마산합포구-생활권-이동동선-지역정보-이용전-안내/index.html","https://1004테라피.shop/massage/오동동-출장마사지-창원-마산합포구-생활권-이동동선-지역정보-이용전-안내/","False","True",""
"지역SEO","massage/완월동-출장마사지-창원-마산합포구-생활권-이동동선-지역정보-이용전-안내/index.html","https://1004테라피.shop/massage/완월동-출장마사지-창원-마산합포구-생활권-이동동선-지역정보-이용전-안내/","False","True",""
"지역SEO","massage/용지동-출장마사지-창원-성산구-생활권-이동동선-지역정보-이용전-안내/index.html","https://1004테라피.shop/massage/용지동-출장마사지-창원-성산구-생활권-이동동선-지역정보-이용전-안내/","False","True",""
"지역SEO","massage/웅남동-출장마사지-창원-성산구-생활권-이동동선-지역정보-이용전-안내/index.html","https://1004테라피.shop/massage/웅남동-출장마사지-창원-성산구-생활권-이동동선-지역정보-이용전-안내/","False","True",""
"지역SEO","massage/웅동동-출장마사지-창원-진해구-생활권-이동동선-지역정보-이용전-안내/index.html","https://1004테라피.shop/massage/웅동동-출장마사지-창원-진해구-생활권-이동동선-지역정보-이용전-안내/","False","True",""
"지역SEO","massage/웅천동-출장마사지-창원-진해구-생활권-이동동선-지역정보-이용전-안내/index.html","https://1004테라피.shop/massage/웅천동-출장마사지-창원-진해구-생활권-이동동선-지역정보-이용전-안내/","False","True",""
"지역SEO","massage/월영동-출장마사지-창원-마산합포구-생활권-이동동선-지역정보-이용전-안내/index.html","https://1004테라피.shop/massage/월영동-출장마사지-창원-마산합포구-생활권-이동동선-지역정보-이용전-안내/","False","True",""
"지역SEO","massage/의창동-출장마사지-창원-의창구-생활권-이동동선-지역정보-이용전-안내/index.html","https://1004테라피.shop/massage/의창동-출장마사지-창원-의창구-생활권-이동동선-지역정보-이용전-안내/","False","True",""
"지역SEO","massage/이동-출장마사지-창원-진해구-생활권-이동동선-지역정보-이용전-안내/index.html","https://1004테라피.shop/massage/이동-출장마사지-창원-진해구-생활권-이동동선-지역정보-이용전-안내/","False","True",""
"지역SEO","massage/자산동-출장마사지-창원-마산합포구-생활권-이동동선-지역정보-이용전-안내/index.html","https://1004테라피.shop/massage/자산동-출장마사지-창원-마산합포구-생활권-이동동선-지역정보-이용전-안내/","False","True",""
"지역SEO","massage/자은동-출장마사지-창원-진해구-생활권-이동동선-지역정보-이용전-안내/index.html","https://1004테라피.shop/massage/자은동-출장마사지-창원-진해구-생활권-이동동선-지역정보-이용전-안내/","False","True",""
"지역SEO","massage/중앙동-출장마사지-창원-성산구-생활권-이동동선-지역정보-이용전-안내/index.html","https://1004테라피.shop/massage/중앙동-출장마사지-창원-성산구-생활권-이동동선-지역정보-이용전-안내/","False","True",""
"지역SEO","massage/충무동-출장마사지-창원-진해구-생활권-이동동선-지역정보-이용전-안내/index.html","https://1004테라피.shop/massage/충무동-출장마사지-창원-진해구-생활권-이동동선-지역정보-이용전-안내/","False","True",""
"지역SEO","massage/태백동-출장마사지-창원-진해구-생활권-이동동선-지역정보-이용전-안내/index.html","https://1004테라피.shop/massage/태백동-출장마사지-창원-진해구-생활권-이동동선-지역정보-이용전-안내/","False","True",""
"지역SEO","massage/팔룡동-출장마사지-창원-의창구-생활권-이동동선-지역정보-이용전-안내/index.html","https://1004테라피.shop/massage/팔룡동-출장마사지-창원-의창구-생활권-이동동선-지역정보-이용전-안내/","False","True",""
"지역SEO","massage/풍호동-출장마사지-창원-진해구-생활권-이동동선-지역정보-이용전-안내/index.html","https://1004테라피.shop/massage/풍호동-출장마사지-창원-진해구-생활권-이동동선-지역정보-이용전-안내/","False","True",""
"지역SEO","massage/합성동-출장마사지-창원-마산회원구-생활권-이동동선-지역정보-이용전-안내/index.html","https://1004테라피.shop/massage/합성동-출장마사지-창원-마산회원구-생활권-이동동선-지역정보-이용전-안내/","False","True",""
"지역SEO","massage/합포동-출장마사지-창원-마산합포구-생활권-이동동선-지역정보-이용전-안내/index.html","https://1004테라피.shop/massage/합포동-출장마사지-창원-마산합포구-생활권-이동동선-지역정보-이용전-안내/","False","True",""
"지역SEO","massage/현동-출장마사지-창원-마산합포구-생활권-이동동선-지역정보-이용전-안내/index.html","https://1004테라피.shop/massage/현동-출장마사지-창원-마산합포구-생활권-이동동선-지역정보-이용전-안내/","False","True",""
"지역SEO","massage/회성동-출장마사지-창원-마산회원구-생활권-이동동선-지역정보-이용전-안내/index.html","https://1004테라피.shop/massage/회성동-출장마사지-창원-마산회원구-생활권-이동동선-지역정보-이용전-안내/","False","True",""
"지역SEO","massage/회원동-출장마사지-창원-마산회원구-생활권-이동동선-지역정보-이용전-안내/index.html","https://1004테라피.shop/massage/회원동-출장마사지-창원-마산회원구-생활권-이동동선-지역정보-이용전-안내/","False","True",""
"지역SEO","massage/감삼동-출장마사지-대구-달서구-생활권-이동동선-지역정보-이용전-안내/index.html","https://1004테라피.shop/massage/감삼동-출장마사지-대구-달서구-생활권-이동동선-지역정보-이용전-안내/","False","True",""
"지역SEO","massage/검단동-출장마사지-대구-북구-생활권-이동동선-지역정보-이용전-안내/index.html","https://1004테라피.shop/massage/검단동-출장마사지-대구-북구-생활권-이동동선-지역정보-이용전-안내/","False","True",""
"지역SEO","massage/고산동-출장마사지-대구-수성구-생활권-이동동선-지역정보-이용전-안내/index.html","https://1004테라피.shop/massage/고산동-출장마사지-대구-수성구-생활권-이동동선-지역정보-이용전-안내/","False","True",""
"지역SEO","massage/고성동-출장마사지-대구-북구-생활권-이동동선-지역정보-이용전-안내/index.html","https://1004테라피.shop/massage/고성동-출장마사지-대구-북구-생활권-이동동선-지역정보-이용전-안내/","False","True",""
"지역SEO","massage/공산동-출장마사지-대구-동구-생활권-이동동선-지역정보-이용전-안내/index.html","https://1004테라피.shop/massage/공산동-출장마사지-대구-동구-생활권-이동동선-지역정보-이용전-안내/","False","True",""
"지역SEO","massage/관문동-출장마사지-대구-북구-생활권-이동동선-지역정보-이용전-안내/index.html","https://1004테라피.shop/massage/관문동-출장마사지-대구-북구-생활권-이동동선-지역정보-이용전-안내/","False","True",""
"지역SEO","massage/관음동-출장마사지-대구-북구-생활권-이동동선-지역정보-이용전-안내/index.html","https://1004테라피.shop/massage/관음동-출장마사지-대구-북구-생활권-이동동선-지역정보-이용전-안내/","False","True",""
"지역SEO","massage/구암동-출장마사지-대구-북구-생활권-이동동선-지역정보-이용전-안내/index.html","https://1004테라피.shop/massage/구암동-출장마사지-대구-북구-생활권-이동동선-지역정보-이용전-안내/","False","True",""
"지역SEO","massage/국우동-출장마사지-대구-북구-생활권-이동동선-지역정보-이용전-안내/index.html","https://1004테라피.shop/massage/국우동-출장마사지-대구-북구-생활권-이동동선-지역정보-이용전-안내/","False","True",""
"지역SEO","massage/남산동-출장마사지-대구-중구-생활권-이동동선-지역정보-이용전-안내/index.html","https://1004테라피.shop/massage/남산동-출장마사지-대구-중구-생활권-이동동선-지역정보-이용전-안내/","False","True",""
"지역SEO","massage/내당2.3동-출장마사지-대구-서구-생활권-이동동선-지역정보-이용전-안내/index.html","https://1004테라피.shop/massage/내당2.3동-출장마사지-대구-서구-생활권-이동동선-지역정보-이용전-안내/","False","True",""
"지역SEO","massage/내당동-출장마사지-대구-서구-생활권-이동동선-지역정보-이용전-안내/index.html","https://1004테라피.shop/massage/내당동-출장마사지-대구-서구-생활권-이동동선-지역정보-이용전-안내/","False","True",""
"지역SEO","massage/노원동-출장마사지-대구-북구-생활권-이동동선-지역정보-이용전-안내/index.html","https://1004테라피.shop/massage/노원동-출장마사지-대구-북구-생활권-이동동선-지역정보-이용전-안내/","False","True",""
"지역SEO","massage/대명동-출장마사지-대구-남구-생활권-이동동선-지역정보-이용전-안내/index.html","https://1004테라피.shop/massage/대명동-출장마사지-대구-남구-생활권-이동동선-지역정보-이용전-안내/","False","True",""
"지역SEO","massage/대봉동-출장마사지-대구-중구-생활권-이동동선-지역정보-이용전-안내/index.html","https://1004테라피.shop/massage/대봉동-출장마사지-대구-중구-생활권-이동동선-지역정보-이용전-안내/","False","True",""
"지역SEO","massage/대신동-출장마사지-대구-중구-생활권-이동동선-지역정보-이용전-안내/index.html","https://1004테라피.shop/massage/대신동-출장마사지-대구-중구-생활권-이동동선-지역정보-이용전-안내/","False","True",""
"지역SEO","massage/대현동-출장마사지-대구-북구-생활권-이동동선-지역정보-이용전-안내/index.html","https://1004테라피.shop/massage/대현동-출장마사지-대구-북구-생활권-이동동선-지역정보-이용전-안내/","False","True",""
"지역SEO","massage/도원동-출장마사지-대구-달서구-생활권-이동동선-지역정보-이용전-안내/index.html","https://1004테라피.shop/massage/도원동-출장마사지-대구-달서구-생활권-이동동선-지역정보-이용전-안내/","False","True",""
"지역SEO","massage/도평동-출장마사지-대구-동구-생활권-이동동선-지역정보-이용전-안내/index.html","https://1004테라피.shop/massage/도평동-출장마사지-대구-동구-생활권-이동동선-지역정보-이용전-안내/","False","True",""
"지역SEO","massage/동인동-출장마사지-대구-중구-생활권-이동동선-지역정보-이용전-안내/index.html","https://1004테라피.shop/massage/동인동-출장마사지-대구-중구-생활권-이동동선-지역정보-이용전-안내/","False","True",""
"지역SEO","massage/동천동-출장마사지-대구-북구-생활권-이동동선-지역정보-이용전-안내/index.html","https://1004테라피.shop/massage/동천동-출장마사지-대구-북구-생활권-이동동선-지역정보-이용전-안내/","False","True",""
"지역SEO","massage/동촌동-출장마사지-대구-동구-생활권-이동동선-지역정보-이용전-안내/index.html","https://1004테라피.shop/massage/동촌동-출장마사지-대구-동구-생활권-이동동선-지역정보-이용전-안내/","False","True",""
"지역SEO","massage/두류1.2동-출장마사지-대구-달서구-생활권-이동동선-지역정보-이용전-안내/index.html","https://1004테라피.shop/massage/두류1.2동-출장마사지-대구-달서구-생활권-이동동선-지역정보-이용전-안내/","False","True",""
"지역SEO","massage/두류동-출장마사지-대구-달서구-생활권-이동동선-지역정보-이용전-안내/index.html","https://1004테라피.shop/massage/두류동-출장마사지-대구-달서구-생활권-이동동선-지역정보-이용전-안내/","False","True",""
"지역SEO","massage/두산동-출장마사지-대구-수성구-생활권-이동동선-지역정보-이용전-안내/index.html","https://1004테라피.shop/massage/두산동-출장마사지-대구-수성구-생활권-이동동선-지역정보-이용전-안내/","False","True",""
"지역SEO","massage/만촌동-출장마사지-대구-수성구-생활권-이동동선-지역정보-이용전-안내/index.html","https://1004테라피.shop/massage/만촌동-출장마사지-대구-수성구-생활권-이동동선-지역정보-이용전-안내/","False","True",""
"지역SEO","massage/무태조야동-출장마사지-대구-북구-생활권-이동동선-지역정보-이용전-안내/index.html","https://1004테라피.shop/massage/무태조야동-출장마사지-대구-북구-생활권-이동동선-지역정보-이용전-안내/","False","True",""
"지역SEO","massage/방촌동-출장마사지-대구-동구-생활권-이동동선-지역정보-이용전-안내/index.html","https://1004테라피.shop/massage/방촌동-출장마사지-대구-동구-생활권-이동동선-지역정보-이용전-안내/","False","True",""
"지역SEO","massage/범물동-출장마사지-대구-수성구-생활권-이동동선-지역정보-이용전-안내/index.html","https://1004테라피.shop/massage/범물동-출장마사지-대구-수성구-생활권-이동동선-지역정보-이용전-안내/","False","True",""
"지역SEO","massage/범어동-출장마사지-대구-수성구-생활권-이동동선-지역정보-이용전-안내/index.html","https://1004테라피.shop/massage/범어동-출장마사지-대구-수성구-생활권-이동동선-지역정보-이용전-안내/","False","True",""
"지역SEO","massage/복현동-출장마사지-대구-북구-생활권-이동동선-지역정보-이용전-안내/index.html","https://1004테라피.shop/massage/복현동-출장마사지-대구-북구-생활권-이동동선-지역정보-이용전-안내/","False","True",""
"지역SEO","massage/본동-출장마사지-대구-달서구-생활권-이동동선-지역정보-이용전-안내/index.html","https://1004테라피.shop/massage/본동-출장마사지-대구-달서구-생활권-이동동선-지역정보-이용전-안내/","False","True",""
"지역SEO","massage/본리동-출장마사지-대구-달서구-생활권-이동동선-지역정보-이용전-안내/index.html","https://1004테라피.shop/massage/본리동-출장마사지-대구-달서구-생활권-이동동선-지역정보-이용전-안내/","False","True",""
"지역SEO","massage/봉덕동-출장마사지-대구-남구-생활권-이동동선-지역정보-이용전-안내/index.html","https://1004테라피.shop/massage/봉덕동-출장마사지-대구-남구-생활권-이동동선-지역정보-이용전-안내/","False","True",""
"지역SEO","massage/불로.봉무동-출장마사지-대구-동구-생활권-이동동선-지역정보-이용전-안내/index.html","https://1004테라피.shop/massage/불로.봉무동-출장마사지-대구-동구-생활권-이동동선-지역정보-이용전-안내/","False","True",""
"지역SEO","massage/비산2.3동-출장마사지-대구-서구-생활권-이동동선-지역정보-이용전-안내/index.html","https://1004테라피.shop/massage/비산2.3동-출장마사지-대구-서구-생활권-이동동선-지역정보-이용전-안내/","False","True",""
"지역SEO","massage/비산동-출장마사지-대구-서구-생활권-이동동선-지역정보-이용전-안내/index.html","https://1004테라피.shop/massage/비산동-출장마사지-대구-서구-생활권-이동동선-지역정보-이용전-안내/","False","True",""
"지역SEO","massage/산격동-출장마사지-대구-북구-생활권-이동동선-지역정보-이용전-안내/index.html","https://1004테라피.shop/massage/산격동-출장마사지-대구-북구-생활권-이동동선-지역정보-이용전-안내/","False","True",""
"지역SEO","massage/삼덕동-출장마사지-대구-중구-생활권-이동동선-지역정보-이용전-안내/index.html","https://1004테라피.shop/massage/삼덕동-출장마사지-대구-중구-생활권-이동동선-지역정보-이용전-안내/","False","True",""
"지역SEO","massage/상동-출장마사지-대구-수성구-생활권-이동동선-지역정보-이용전-안내/index.html","https://1004테라피.shop/massage/상동-출장마사지-대구-수성구-생활권-이동동선-지역정보-이용전-안내/","False","True",""
"지역SEO","massage/상인동-출장마사지-대구-달서구-생활권-이동동선-지역정보-이용전-안내/index.html","https://1004테라피.shop/massage/상인동-출장마사지-대구-달서구-생활권-이동동선-지역정보-이용전-안내/","False","True",""
"지역SEO","massage/상중이동-출장마사지-대구-서구-생활권-이동동선-지역정보-이용전-안내/index.html","https://1004테라피.shop/massage/상중이동-출장마사지-대구-서구-생활권-이동동선-지역정보-이용전-안내/","False","True",""
"지역SEO","massage/성내동-출장마사지-대구-중구-생활권-이동동선-지역정보-이용전-안내/index.html","https://1004테라피.shop/massage/성내동-출장마사지-대구-중구-생활권-이동동선-지역정보-이용전-안내/","False","True",""
"지역SEO","massage/성당동-출장마사지-대구-달서구-생활권-이동동선-지역정보-이용전-안내/index.html","https://1004테라피.shop/massage/성당동-출장마사지-대구-달서구-생활권-이동동선-지역정보-이용전-안내/","False","True",""
"지역SEO","massage/송현동-출장마사지-대구-달서구-생활권-이동동선-지역정보-이용전-안내/index.html","https://1004테라피.shop/massage/송현동-출장마사지-대구-달서구-생활권-이동동선-지역정보-이용전-안내/","False","True",""
"지역SEO","massage/수성1가동-출장마사지-대구-수성구-생활권-이동동선-지역정보-이용전-안내/index.html","https://1004테라피.shop/massage/수성1가동-출장마사지-대구-수성구-생활권-이동동선-지역정보-이용전-안내/","False","True",""
"지역SEO","massage/수성2.3가동-출장마사지-대구-수성구-생활권-이동동선-지역정보-이용전-안내/index.html","https://1004테라피.shop/massage/수성2.3가동-출장마사지-대구-수성구-생활권-이동동선-지역정보-이용전-안내/","False","True",""
"지역SEO","massage/수성4가동-출장마사지-대구-수성구-생활권-이동동선-지역정보-이용전-안내/index.html","https://1004테라피.shop/massage/수성4가동-출장마사지-대구-수성구-생활권-이동동선-지역정보-이용전-안내/","False","True",""
"지역SEO","massage/신당동-출장마사지-대구-달서구-생활권-이동동선-지역정보-이용전-안내/index.html","https://1004테라피.shop/massage/신당동-출장마사지-대구-달서구-생활권-이동동선-지역정보-이용전-안내/","False","True",""
"지역SEO","massage/신암동-출장마사지-대구-동구-생활권-이동동선-지역정보-이용전-안내/index.html","https://1004테라피.shop/massage/신암동-출장마사지-대구-동구-생활권-이동동선-지역정보-이용전-안내/","False","True",""
"지역SEO","massage/신천1.2동-출장마사지-대구-동구-생활권-이동동선-지역정보-이용전-안내/index.html","https://1004테라피.shop/massage/신천1.2동-출장마사지-대구-동구-생활권-이동동선-지역정보-이용전-안내/","False","True",""
"지역SEO","massage/신천동-출장마사지-대구-동구-생활권-이동동선-지역정보-이용전-안내/index.html","https://1004테라피.shop/massage/신천동-출장마사지-대구-동구-생활권-이동동선-지역정보-이용전-안내/","False","True",""
"지역SEO","massage/안심동-출장마사지-대구-동구-생활권-이동동선-지역정보-이용전-안내/index.html","https://1004테라피.shop/massage/안심동-출장마사지-대구-동구-생활권-이동동선-지역정보-이용전-안내/","False","True",""
"지역SEO","massage/용산동-출장마사지-대구-달서구-생활권-이동동선-지역정보-이용전-안내/index.html","https://1004테라피.shop/massage/용산동-출장마사지-대구-달서구-생활권-이동동선-지역정보-이용전-안내/","False","True",""
"지역SEO","massage/원대동-출장마사지-대구-서구-생활권-이동동선-지역정보-이용전-안내/index.html","https://1004테라피.shop/massage/원대동-출장마사지-대구-서구-생활권-이동동선-지역정보-이용전-안내/","False","True",""
"지역SEO","massage/월성동-출장마사지-대구-달서구-생활권-이동동선-지역정보-이용전-안내/index.html","https://1004테라피.shop/massage/월성동-출장마사지-대구-달서구-생활권-이동동선-지역정보-이용전-안내/","False","True",""
"지역SEO","massage/유천동-출장마사지-대구-달서구-생활권-이동동선-지역정보-이용전-안내/index.html","https://1004테라피.shop/massage/유천동-출장마사지-대구-달서구-생활권-이동동선-지역정보-이용전-안내/","False","True",""
"지역SEO","massage/읍내동-출장마사지-대구-북구-생활권-이동동선-지역정보-이용전-안내/index.html","https://1004테라피.shop/massage/읍내동-출장마사지-대구-북구-생활권-이동동선-지역정보-이용전-안내/","False","True",""
"지역SEO","massage/이곡동-출장마사지-대구-달서구-생활권-이동동선-지역정보-이용전-안내/index.html","https://1004테라피.shop/massage/이곡동-출장마사지-대구-달서구-생활권-이동동선-지역정보-이용전-안내/","False","True",""
"지역SEO","massage/이천동-출장마사지-대구-남구-생활권-이동동선-지역정보-이용전-안내/index.html","https://1004테라피.shop/massage/이천동-출장마사지-대구-남구-생활권-이동동선-지역정보-이용전-안내/","False","True",""
"지역SEO","massage/장기동-출장마사지-대구-달서구-생활권-이동동선-지역정보-이용전-안내/index.html","https://1004테라피.shop/massage/장기동-출장마사지-대구-달서구-생활권-이동동선-지역정보-이용전-안내/","False","True",""
"지역SEO","massage/죽전동-출장마사지-대구-달서구-생활권-이동동선-지역정보-이용전-안내/index.html","https://1004테라피.shop/massage/죽전동-출장마사지-대구-달서구-생활권-이동동선-지역정보-이용전-안내/","False","True",""
"지역SEO","massage/중동-출장마사지-대구-수성구-생활권-이동동선-지역정보-이용전-안내/index.html","https://1004테라피.shop/massage/중동-출장마사지-대구-수성구-생활권-이동동선-지역정보-이용전-안내/","False","True",""
"지역SEO","massage/지산동-출장마사지-대구-수성구-생활권-이동동선-지역정보-이용전-안내/index.html","https://1004테라피.shop/massage/지산동-출장마사지-대구-수성구-생활권-이동동선-지역정보-이용전-안내/","False","True",""
"지역SEO","massage/지저동-출장마사지-대구-동구-생활권-이동동선-지역정보-이용전-안내/index.html","https://1004테라피.shop/massage/지저동-출장마사지-대구-동구-생활권-이동동선-지역정보-이용전-안내/","False","True",""
"지역SEO","massage/진천동-출장마사지-대구-달서구-생활권-이동동선-지역정보-이용전-안내/index.html","https://1004테라피.shop/massage/진천동-출장마사지-대구-달서구-생활권-이동동선-지역정보-이용전-안내/","False","True",""
"지역SEO","massage/칠성동-출장마사지-대구-북구-생활권-이동동선-지역정보-이용전-안내/index.html","https://1004테라피.shop/massage/칠성동-출장마사지-대구-북구-생활권-이동동선-지역정보-이용전-안내/","False","True",""
"지역SEO","massage/침산동-출장마사지-대구-북구-생활권-이동동선-지역정보-이용전-안내/index.html","https://1004테라피.shop/massage/침산동-출장마사지-대구-북구-생활권-이동동선-지역정보-이용전-안내/","False","True",""
"지역SEO","massage/태전동-출장마사지-대구-북구-생활권-이동동선-지역정보-이용전-안내/index.html","https://1004테라피.shop/massage/태전동-출장마사지-대구-북구-생활권-이동동선-지역정보-이용전-안내/","False","True",""
"지역SEO","massage/파동-출장마사지-대구-수성구-생활권-이동동선-지역정보-이용전-안내/index.html","https://1004테라피.shop/massage/파동-출장마사지-대구-수성구-생활권-이동동선-지역정보-이용전-안내/","False","True",""
"지역SEO","massage/평리동-출장마사지-대구-서구-생활권-이동동선-지역정보-이용전-안내/index.html","https://1004테라피.shop/massage/평리동-출장마사지-대구-서구-생활권-이동동선-지역정보-이용전-안내/","False","True",""
"지역SEO","massage/해안동-출장마사지-대구-동구-생활권-이동동선-지역정보-이용전-안내/index.html","https://1004테라피.shop/massage/해안동-출장마사지-대구-동구-생활권-이동동선-지역정보-이용전-안내/","False","True",""
"지역SEO","massage/혁신동-출장마사지-대구-동구-생활권-이동동선-지역정보-이용전-안내/index.html","https://1004테라피.shop/massage/혁신동-출장마사지-대구-동구-생활권-이동동선-지역정보-이용전-안내/","False","True",""
"지역SEO","massage/황금동-출장마사지-대구-수성구-생활권-이동동선-지역정보-이용전-안내/index.html","https://1004테라피.shop/massage/황금동-출장마사지-대구-수성구-생활권-이동동선-지역정보-이용전-안내/","False","True",""
"지역SEO","massage/효목동-출장마사지-대구-동구-생활권-이동동선-지역정보-이용전-안내/index.html","https://1004테라피.shop/massage/효목동-출장마사지-대구-동구-생활권-이동동선-지역정보-이용전-안내/","False","True",""
"지역SEO","massage/금학동-출장마사지-공주-생활권-이동동선-지역정보-이용전-안내/index.html","https://1004테라피.shop/massage/금학동-출장마사지-공주-생활권-이동동선-지역정보-이용전-안내/","False","True",""
"지역SEO","massage/신관동-출장마사지-공주-생활권-이동동선-지역정보-이용전-안내/index.html","https://1004테라피.shop/massage/신관동-출장마사지-공주-생활권-이동동선-지역정보-이용전-안내/","False","True",""
"지역SEO","massage/옥룡동-출장마사지-공주-생활권-이동동선-지역정보-이용전-안내/index.html","https://1004테라피.shop/massage/옥룡동-출장마사지-공주-생활권-이동동선-지역정보-이용전-안내/","False","True",""
"지역SEO","massage/웅진동-출장마사지-공주-생활권-이동동선-지역정보-이용전-안내/index.html","https://1004테라피.shop/massage/웅진동-출장마사지-공주-생활권-이동동선-지역정보-이용전-안내/","False","True",""
"지역SEO","massage/월송동-출장마사지-공주-생활권-이동동선-지역정보-이용전-안내/index.html","https://1004테라피.shop/massage/월송동-출장마사지-공주-생활권-이동동선-지역정보-이용전-안내/","False","True",""
"지역SEO","massage/중학동-출장마사지-공주-생활권-이동동선-지역정보-이용전-안내/index.html","https://1004테라피.shop/massage/중학동-출장마사지-공주-생활권-이동동선-지역정보-이용전-안내/","False","True",""
"지역SEO","massage/금암동-출장마사지-계룡-생활권-이동동선-지역정보-이용전-안내/index.html","https://1004테라피.shop/massage/금암동-출장마사지-계룡-생활권-이동동선-지역정보-이용전-안내/","False","True",""
"지역SEO","massage/금암동-출장마사지-전주-덕진구-생활권-이동동선-지역정보-이용전-안내/index.html","https://1004테라피.shop/massage/금암동-출장마사지-전주-덕진구-생활권-이동동선-지역정보-이용전-안내/","False","True",""
"지역SEO","massage/노송동-출장마사지-전주-완산구-생활권-이동동선-지역정보-이용전-안내/index.html","https://1004테라피.shop/massage/노송동-출장마사지-전주-완산구-생활권-이동동선-지역정보-이용전-안내/","False","True",""
"지역SEO","massage/덕진동-출장마사지-전주-덕진구-생활권-이동동선-지역정보-이용전-안내/index.html","https://1004테라피.shop/massage/덕진동-출장마사지-전주-덕진구-생활권-이동동선-지역정보-이용전-안내/","False","True",""
"지역SEO","massage/동서학동-출장마사지-전주-완산구-생활권-이동동선-지역정보-이용전-안내/index.html","https://1004테라피.shop/massage/동서학동-출장마사지-전주-완산구-생활권-이동동선-지역정보-이용전-안내/","False","True",""
"지역SEO","massage/삼천동-출장마사지-전주-완산구-생활권-이동동선-지역정보-이용전-안내/index.html","https://1004테라피.shop/massage/삼천동-출장마사지-전주-완산구-생활권-이동동선-지역정보-이용전-안내/","False","True",""
"지역SEO","massage/서서학동-출장마사지-전주-완산구-생활권-이동동선-지역정보-이용전-안내/index.html","https://1004테라피.shop/massage/서서학동-출장마사지-전주-완산구-생활권-이동동선-지역정보-이용전-안내/","False","True",""
"지역SEO","massage/서신동-출장마사지-전주-완산구-생활권-이동동선-지역정보-이용전-안내/index.html","https://1004테라피.shop/massage/서신동-출장마사지-전주-완산구-생활권-이동동선-지역정보-이용전-안내/","False","True",""
"지역SEO","massage/송천동-출장마사지-전주-덕진구-생활권-이동동선-지역정보-이용전-안내/index.html","https://1004테라피.shop/massage/송천동-출장마사지-전주-덕진구-생활권-이동동선-지역정보-이용전-안내/","False","True",""
"지역SEO","massage/여의동-출장마사지-전주-덕진구-생활권-이동동선-지역정보-이용전-안내/index.html","https://1004테라피.shop/massage/여의동-출장마사지-전주-덕진구-생활권-이동동선-지역정보-이용전-안내/","False","True",""
"지역SEO","massage/완산동-출장마사지-전주-완산구-생활권-이동동선-지역정보-이용전-안내/index.html","https://1004테라피.shop/massage/완산동-출장마사지-전주-완산구-생활권-이동동선-지역정보-이용전-안내/","False","True",""
"지역SEO","massage/우아동-출장마사지-전주-덕진구-생활권-이동동선-지역정보-이용전-안내/index.html","https://1004테라피.shop/massage/우아동-출장마사지-전주-덕진구-생활권-이동동선-지역정보-이용전-안내/","False","True",""
"지역SEO","massage/인후동-출장마사지-전주-덕진구-생활권-이동동선-지역정보-이용전-안내/index.html","https://1004테라피.shop/massage/인후동-출장마사지-전주-덕진구-생활권-이동동선-지역정보-이용전-안내/","False","True",""
"지역SEO","massage/조촌동-출장마사지-전주-덕진구-생활권-이동동선-지역정보-이용전-안내/index.html","https://1004테라피.shop/massage/조촌동-출장마사지-전주-덕진구-생활권-이동동선-지역정보-이용전-안내/","False","True",""
"지역SEO","massage/중앙동-출장마사지-전주-완산구-생활권-이동동선-지역정보-이용전-안내/index.html","https://1004테라피.shop/massage/중앙동-출장마사지-전주-완산구-생활권-이동동선-지역정보-이용전-안내/","False","True",""
"지역SEO","massage/중화산동-출장마사지-전주-완산구-생활권-이동동선-지역정보-이용전-안내/index.html","https://1004테라피.shop/massage/중화산동-출장마사지-전주-완산구-생활권-이동동선-지역정보-이용전-안내/","False","True",""
"지역SEO","massage/진북동-출장마사지-전주-덕진구-생활권-이동동선-지역정보-이용전-안내/index.html","https://1004테라피.shop/massage/진북동-출장마사지-전주-덕진구-생활권-이동동선-지역정보-이용전-안내/","False","True",""
"지역SEO","massage/팔복동-출장마사지-전주-덕진구-생활권-이동동선-지역정보-이용전-안내/index.html","https://1004테라피.shop/massage/팔복동-출장마사지-전주-덕진구-생활권-이동동선-지역정보-이용전-안내/","False","True",""
"지역SEO","massage/평화동-출장마사지-전주-완산구-생활권-이동동선-지역정보-이용전-안내/index.html","https://1004테라피.shop/massage/평화동-출장마사지-전주-완산구-생활권-이동동선-지역정보-이용전-안내/","False","True",""
"지역SEO","massage/풍남동-출장마사지-전주-완산구-생활권-이동동선-지역정보-이용전-안내/index.html","https://1004테라피.shop/massage/풍남동-출장마사지-전주-완산구-생활권-이동동선-지역정보-이용전-안내/","False","True",""
"지역SEO","massage/혁신동-출장마사지-전주-덕진구-생활권-이동동선-지역정보-이용전-안내/index.html","https://1004테라피.shop/massage/혁신동-출장마사지-전주-덕진구-생활권-이동동선-지역정보-이용전-안내/","False","True",""
"지역SEO","massage/호성동-출장마사지-전주-덕진구-생활권-이동동선-지역정보-이용전-안내/index.html","https://1004테라피.shop/massage/호성동-출장마사지-전주-덕진구-생활권-이동동선-지역정보-이용전-안내/","False","True",""
"지역SEO","massage/효자동-출장마사지-전주-완산구-생활권-이동동선-지역정보-이용전-안내/index.html","https://1004테라피.shop/massage/효자동-출장마사지-전주-완산구-생활권-이동동선-지역정보-이용전-안내/","False","True",""
"지역SEO","massage/건국동-출장마사지-광주-북구-생활권-이동동선-지역정보-이용전-안내/index.html","https://1004테라피.shop/massage/건국동-출장마사지-광주-북구-생활권-이동동선-지역정보-이용전-안내/","False","True",""
"지역SEO","massage/계림동-출장마사지-광주-동구-생활권-이동동선-지역정보-이용전-안내/index.html","https://1004테라피.shop/massage/계림동-출장마사지-광주-동구-생활권-이동동선-지역정보-이용전-안내/","False","True",""
"지역SEO","massage/광천동-출장마사지-광주-서구-생활권-이동동선-지역정보-이용전-안내/index.html","https://1004테라피.shop/massage/광천동-출장마사지-광주-서구-생활권-이동동선-지역정보-이용전-안내/","False","True",""
"지역SEO","massage/금호동-출장마사지-광주-서구-생활권-이동동선-지역정보-이용전-안내/index.html","https://1004테라피.shop/massage/금호동-출장마사지-광주-서구-생활권-이동동선-지역정보-이용전-안내/","False","True",""
"지역SEO","massage/농성동-출장마사지-광주-서구-생활권-이동동선-지역정보-이용전-안내/index.html","https://1004테라피.shop/massage/농성동-출장마사지-광주-서구-생활권-이동동선-지역정보-이용전-안내/","False","True",""
"지역SEO","massage/대촌동-출장마사지-광주-남구-생활권-이동동선-지역정보-이용전-안내/index.html","https://1004테라피.shop/massage/대촌동-출장마사지-광주-남구-생활권-이동동선-지역정보-이용전-안내/","False","True",""
"지역SEO","massage/도산동-출장마사지-광주-광산구-생활권-이동동선-지역정보-이용전-안내/index.html","https://1004테라피.shop/massage/도산동-출장마사지-광주-광산구-생활권-이동동선-지역정보-이용전-안내/","False","True",""
"지역SEO","massage/동곡동-출장마사지-광주-광산구-생활권-이동동선-지역정보-이용전-안내/index.html","https://1004테라피.shop/massage/동곡동-출장마사지-광주-광산구-생활권-이동동선-지역정보-이용전-안내/","False","True",""
"지역SEO","massage/동림동-출장마사지-광주-북구-생활권-이동동선-지역정보-이용전-안내/index.html","https://1004테라피.shop/massage/동림동-출장마사지-광주-북구-생활권-이동동선-지역정보-이용전-안내/","False","True",""
"지역SEO","massage/동명동-출장마사지-광주-동구-생활권-이동동선-지역정보-이용전-안내/index.html","https://1004테라피.shop/massage/동명동-출장마사지-광주-동구-생활권-이동동선-지역정보-이용전-안내/","False","True",""
"지역SEO","massage/동천동-출장마사지-광주-서구-생활권-이동동선-지역정보-이용전-안내/index.html","https://1004테라피.shop/massage/동천동-출장마사지-광주-서구-생활권-이동동선-지역정보-이용전-안내/","False","True",""
"지역SEO","massage/두암동-출장마사지-광주-북구-생활권-이동동선-지역정보-이용전-안내/index.html","https://1004테라피.shop/massage/두암동-출장마사지-광주-북구-생활권-이동동선-지역정보-이용전-안내/","False","True",""
"지역SEO","massage/매곡동-출장마사지-광주-북구-생활권-이동동선-지역정보-이용전-안내/index.html","https://1004테라피.shop/massage/매곡동-출장마사지-광주-북구-생활권-이동동선-지역정보-이용전-안내/","False","True",""
"지역SEO","massage/문화동-출장마사지-광주-북구-생활권-이동동선-지역정보-이용전-안내/index.html","https://1004테라피.shop/massage/문화동-출장마사지-광주-북구-생활권-이동동선-지역정보-이용전-안내/","False","True",""
"지역SEO","massage/문흥동-출장마사지-광주-북구-생활권-이동동선-지역정보-이용전-안내/index.html","https://1004테라피.shop/massage/문흥동-출장마사지-광주-북구-생활권-이동동선-지역정보-이용전-안내/","False","True",""
"지역SEO","massage/방림동-출장마사지-광주-남구-생활권-이동동선-지역정보-이용전-안내/index.html","https://1004테라피.shop/massage/방림동-출장마사지-광주-남구-생활권-이동동선-지역정보-이용전-안내/","False","True",""
"지역SEO","massage/백운동-출장마사지-광주-남구-생활권-이동동선-지역정보-이용전-안내/index.html","https://1004테라피.shop/massage/백운동-출장마사지-광주-남구-생활권-이동동선-지역정보-이용전-안내/","False","True",""
"지역SEO","massage/본량동-출장마사지-광주-광산구-생활권-이동동선-지역정보-이용전-안내/index.html","https://1004테라피.shop/massage/본량동-출장마사지-광주-광산구-생활권-이동동선-지역정보-이용전-안내/","False","True",""
"지역SEO","massage/봉선동-출장마사지-광주-남구-생활권-이동동선-지역정보-이용전-안내/index.html","https://1004테라피.shop/massage/봉선동-출장마사지-광주-남구-생활권-이동동선-지역정보-이용전-안내/","False","True",""
"지역SEO","massage/비아동-출장마사지-광주-광산구-생활권-이동동선-지역정보-이용전-안내/index.html","https://1004테라피.shop/massage/비아동-출장마사지-광주-광산구-생활권-이동동선-지역정보-이용전-안내/","False","True",""
"지역SEO","massage/사직동-출장마사지-광주-남구-생활권-이동동선-지역정보-이용전-안내/index.html","https://1004테라피.shop/massage/사직동-출장마사지-광주-남구-생활권-이동동선-지역정보-이용전-안내/","False","True",""
"지역SEO","massage/산수동-출장마사지-광주-동구-생활권-이동동선-지역정보-이용전-안내/index.html","https://1004테라피.shop/massage/산수동-출장마사지-광주-동구-생활권-이동동선-지역정보-이용전-안내/","False","True",""
"지역SEO","massage/삼각동-출장마사지-광주-북구-생활권-이동동선-지역정보-이용전-안내/index.html","https://1004테라피.shop/massage/삼각동-출장마사지-광주-북구-생활권-이동동선-지역정보-이용전-안내/","False","True",""
"지역SEO","massage/삼도동-출장마사지-광주-광산구-생활권-이동동선-지역정보-이용전-안내/index.html","https://1004테라피.shop/massage/삼도동-출장마사지-광주-광산구-생활권-이동동선-지역정보-이용전-안내/","False","True",""
"지역SEO","massage/상무동-출장마사지-광주-서구-생활권-이동동선-지역정보-이용전-안내/index.html","https://1004테라피.shop/massage/상무동-출장마사지-광주-서구-생활권-이동동선-지역정보-이용전-안내/","False","True",""
"지역SEO","massage/서남동-출장마사지-광주-동구-생활권-이동동선-지역정보-이용전-안내/index.html","https://1004테라피.shop/massage/서남동-출장마사지-광주-동구-생활권-이동동선-지역정보-이용전-안내/","False","True",""
"지역SEO","massage/서창동-출장마사지-광주-서구-생활권-이동동선-지역정보-이용전-안내/index.html","https://1004테라피.shop/massage/서창동-출장마사지-광주-서구-생활권-이동동선-지역정보-이용전-안내/","False","True",""
"지역SEO","massage/석곡동-출장마사지-광주-북구-생활권-이동동선-지역정보-이용전-안내/index.html","https://1004테라피.shop/massage/석곡동-출장마사지-광주-북구-생활권-이동동선-지역정보-이용전-안내/","False","True",""
"지역SEO","massage/송암동-출장마사지-광주-남구-생활권-이동동선-지역정보-이용전-안내/index.html","https://1004테라피.shop/massage/송암동-출장마사지-광주-남구-생활권-이동동선-지역정보-이용전-안내/","False","True",""
"지역SEO","massage/송정동-출장마사지-광주-광산구-생활권-이동동선-지역정보-이용전-안내/index.html","https://1004테라피.shop/massage/송정동-출장마사지-광주-광산구-생활권-이동동선-지역정보-이용전-안내/","False","True",""
"지역SEO","massage/수완동-출장마사지-광주-광산구-생활권-이동동선-지역정보-이용전-안내/index.html","https://1004테라피.shop/massage/수완동-출장마사지-광주-광산구-생활권-이동동선-지역정보-이용전-안내/","False","True",""
"지역SEO","massage/신가동-출장마사지-광주-광산구-생활권-이동동선-지역정보-이용전-안내/index.html","https://1004테라피.shop/massage/신가동-출장마사지-광주-광산구-생활권-이동동선-지역정보-이용전-안내/","False","True",""
"지역SEO","massage/신안동-출장마사지-광주-북구-생활권-이동동선-지역정보-이용전-안내/index.html","https://1004테라피.shop/massage/신안동-출장마사지-광주-북구-생활권-이동동선-지역정보-이용전-안내/","False","True",""
"지역SEO","massage/신용동-출장마사지-광주-북구-생활권-이동동선-지역정보-이용전-안내/index.html","https://1004테라피.shop/massage/신용동-출장마사지-광주-북구-생활권-이동동선-지역정보-이용전-안내/","False","True",""
"지역SEO","massage/신창동-출장마사지-광주-광산구-생활권-이동동선-지역정보-이용전-안내/index.html","https://1004테라피.shop/massage/신창동-출장마사지-광주-광산구-생활권-이동동선-지역정보-이용전-안내/","False","True",""
"지역SEO","massage/신흥동-출장마사지-광주-광산구-생활권-이동동선-지역정보-이용전-안내/index.html","https://1004테라피.shop/massage/신흥동-출장마사지-광주-광산구-생활권-이동동선-지역정보-이용전-안내/","False","True",""
"지역SEO","massage/양동-출장마사지-광주-서구-생활권-이동동선-지역정보-이용전-안내/index.html","https://1004테라피.shop/massage/양동-출장마사지-광주-서구-생활권-이동동선-지역정보-이용전-안내/","False","True",""
"지역SEO","massage/양림동-출장마사지-광주-남구-생활권-이동동선-지역정보-이용전-안내/index.html","https://1004테라피.shop/massage/양림동-출장마사지-광주-남구-생활권-이동동선-지역정보-이용전-안내/","False","True",""
"지역SEO","massage/양산동-출장마사지-광주-북구-생활권-이동동선-지역정보-이용전-안내/index.html","https://1004테라피.shop/massage/양산동-출장마사지-광주-북구-생활권-이동동선-지역정보-이용전-안내/","False","True",""
"지역SEO","massage/어룡동-출장마사지-광주-광산구-생활권-이동동선-지역정보-이용전-안내/index.html","https://1004테라피.shop/massage/어룡동-출장마사지-광주-광산구-생활권-이동동선-지역정보-이용전-안내/","False","True",""
"지역SEO","massage/오치동-출장마사지-광주-북구-생활권-이동동선-지역정보-이용전-안내/index.html","https://1004테라피.shop/massage/오치동-출장마사지-광주-북구-생활권-이동동선-지역정보-이용전-안내/","False","True",""
"지역SEO","massage/용봉동-출장마사지-광주-북구-생활권-이동동선-지역정보-이용전-안내/index.html","https://1004테라피.shop/massage/용봉동-출장마사지-광주-북구-생활권-이동동선-지역정보-이용전-안내/","False","True",""
"지역SEO","massage/우산동-출장마사지-광주-광산구-생활권-이동동선-지역정보-이용전-안내/index.html","https://1004테라피.shop/massage/우산동-출장마사지-광주-광산구-생활권-이동동선-지역정보-이용전-안내/","False","True",""
"지역SEO","massage/우산동-출장마사지-광주-북구-생활권-이동동선-지역정보-이용전-안내/index.html","https://1004테라피.shop/massage/우산동-출장마사지-광주-북구-생활권-이동동선-지역정보-이용전-안내/","False","True",""
"지역SEO","massage/운남동-출장마사지-광주-광산구-생활권-이동동선-지역정보-이용전-안내/index.html","https://1004테라피.shop/massage/운남동-출장마사지-광주-광산구-생활권-이동동선-지역정보-이용전-안내/","False","True",""
"지역SEO","massage/운암동-출장마사지-광주-북구-생활권-이동동선-지역정보-이용전-안내/index.html","https://1004테라피.shop/massage/운암동-출장마사지-광주-북구-생활권-이동동선-지역정보-이용전-안내/","False","True",""
"지역SEO","massage/월곡동-출장마사지-광주-광산구-생활권-이동동선-지역정보-이용전-안내/index.html","https://1004테라피.shop/massage/월곡동-출장마사지-광주-광산구-생활권-이동동선-지역정보-이용전-안내/","False","True",""
"지역SEO","massage/월산동-출장마사지-광주-남구-생활권-이동동선-지역정보-이용전-안내/index.html","https://1004테라피.shop/massage/월산동-출장마사지-광주-남구-생활권-이동동선-지역정보-이용전-안내/","False","True",""
"지역SEO","massage/유덕동-출장마사지-광주-서구-생활권-이동동선-지역정보-이용전-안내/index.html","https://1004테라피.shop/massage/유덕동-출장마사지-광주-서구-생활권-이동동선-지역정보-이용전-안내/","False","True",""
"지역SEO","massage/일곡동-출장마사지-광주-북구-생활권-이동동선-지역정보-이용전-안내/index.html","https://1004테라피.shop/massage/일곡동-출장마사지-광주-북구-생활권-이동동선-지역정보-이용전-안내/","False","True",""
"지역SEO","massage/임곡동-출장마사지-광주-광산구-생활권-이동동선-지역정보-이용전-안내/index.html","https://1004테라피.shop/massage/임곡동-출장마사지-광주-광산구-생활권-이동동선-지역정보-이용전-안내/","False","True",""
"지역SEO","massage/임동-출장마사지-광주-북구-생활권-이동동선-지역정보-이용전-안내/index.html","https://1004테라피.shop/massage/임동-출장마사지-광주-북구-생활권-이동동선-지역정보-이용전-안내/","False","True",""
"지역SEO","massage/주월동-출장마사지-광주-남구-생활권-이동동선-지역정보-이용전-안내/index.html","https://1004테라피.shop/massage/주월동-출장마사지-광주-남구-생활권-이동동선-지역정보-이용전-안내/","False","True",""
"지역SEO","massage/중앙동-출장마사지-광주-북구-생활권-이동동선-지역정보-이용전-안내/index.html","https://1004테라피.shop/massage/중앙동-출장마사지-광주-북구-생활권-이동동선-지역정보-이용전-안내/","False","True",""
"지역SEO","massage/중흥동-출장마사지-광주-북구-생활권-이동동선-지역정보-이용전-안내/index.html","https://1004테라피.shop/massage/중흥동-출장마사지-광주-북구-생활권-이동동선-지역정보-이용전-안내/","False","True",""
"지역SEO","massage/지산동-출장마사지-광주-동구-생활권-이동동선-지역정보-이용전-안내/index.html","https://1004테라피.shop/massage/지산동-출장마사지-광주-동구-생활권-이동동선-지역정보-이용전-안내/","False","True",""
"지역SEO","massage/지원동-출장마사지-광주-동구-생활권-이동동선-지역정보-이용전-안내/index.html","https://1004테라피.shop/massage/지원동-출장마사지-광주-동구-생활권-이동동선-지역정보-이용전-안내/","False","True",""
"지역SEO","massage/진월동-출장마사지-광주-남구-생활권-이동동선-지역정보-이용전-안내/index.html","https://1004테라피.shop/massage/진월동-출장마사지-광주-남구-생활권-이동동선-지역정보-이용전-안내/","False","True",""
"지역SEO","massage/첨단동-출장마사지-광주-광산구-생활권-이동동선-지역정보-이용전-안내/index.html","https://1004테라피.shop/massage/첨단동-출장마사지-광주-광산구-생활권-이동동선-지역정보-이용전-안내/","False","True",""
"지역SEO","massage/충장동-출장마사지-광주-동구-생활권-이동동선-지역정보-이용전-안내/index.html","https://1004테라피.shop/massage/충장동-출장마사지-광주-동구-생활권-이동동선-지역정보-이용전-안내/","False","True",""
"지역SEO","massage/치평동-출장마사지-광주-서구-생활권-이동동선-지역정보-이용전-안내/index.html","https://1004테라피.shop/massage/치평동-출장마사지-광주-서구-생활권-이동동선-지역정보-이용전-안내/","False","True",""
"지역SEO","massage/평동-출장마사지-광주-광산구-생활권-이동동선-지역정보-이용전-안내/index.html","https://1004테라피.shop/massage/평동-출장마사지-광주-광산구-생활권-이동동선-지역정보-이용전-안내/","False","True",""
"지역SEO","massage/풍암동-출장마사지-광주-서구-생활권-이동동선-지역정보-이용전-안내/index.html","https://1004테라피.shop/massage/풍암동-출장마사지-광주-서구-생활권-이동동선-지역정보-이용전-안내/","False","True",""
"지역SEO","massage/풍향동-출장마사지-광주-북구-생활권-이동동선-지역정보-이용전-안내/index.html","https://1004테라피.shop/massage/풍향동-출장마사지-광주-북구-생활권-이동동선-지역정보-이용전-안내/","False","True",""
"지역SEO","massage/하남동-출장마사지-광주-광산구-생활권-이동동선-지역정보-이용전-안내/index.html","https://1004테라피.shop/massage/하남동-출장마사지-광주-광산구-생활권-이동동선-지역정보-이용전-안내/","False","True",""
"지역SEO","massage/학동-출장마사지-광주-동구-생활권-이동동선-지역정보-이용전-안내/index.html","https://1004테라피.shop/massage/학동-출장마사지-광주-동구-생활권-이동동선-지역정보-이용전-안내/","False","True",""
"지역SEO","massage/학운동-출장마사지-광주-동구-생활권-이동동선-지역정보-이용전-안내/index.html","https://1004테라피.shop/massage/학운동-출장마사지-광주-동구-생활권-이동동선-지역정보-이용전-안내/","False","True",""
"지역SEO","massage/화정동-출장마사지-광주-서구-생활권-이동동선-지역정보-이용전-안내/index.html","https://1004테라피.shop/massage/화정동-출장마사지-광주-서구-생활권-이동동선-지역정보-이용전-안내/","False","True",""
"지역SEO","massage/효덕동-출장마사지-광주-남구-생활권-이동동선-지역정보-이용전-안내/index.html","https://1004테라피.shop/massage/효덕동-출장마사지-광주-남구-생활권-이동동선-지역정보-이용전-안내/","False","True",""
"지역SEO","massage/남중동-출장마사지-익산-생활권-이동동선-지역정보-이용전-안내/index.html","https://1004테라피.shop/massage/남중동-출장마사지-익산-생활권-이동동선-지역정보-이용전-안내/","False","True",""
"지역SEO","massage/동산동-출장마사지-익산-생활권-이동동선-지역정보-이용전-안내/index.html","https://1004테라피.shop/massage/동산동-출장마사지-익산-생활권-이동동선-지역정보-이용전-안내/","False","True",""
"지역SEO","massage/마동-출장마사지-익산-생활권-이동동선-지역정보-이용전-안내/index.html","https://1004테라피.shop/massage/마동-출장마사지-익산-생활권-이동동선-지역정보-이용전-안내/","False","True",""
"지역SEO","massage/모현동-출장마사지-익산-생활권-이동동선-지역정보-이용전-안내/index.html","https://1004테라피.shop/massage/모현동-출장마사지-익산-생활권-이동동선-지역정보-이용전-안내/","False","True",""
"지역SEO","massage/삼성동-출장마사지-익산-생활권-이동동선-지역정보-이용전-안내/index.html","https://1004테라피.shop/massage/삼성동-출장마사지-익산-생활권-이동동선-지역정보-이용전-안내/","False","True",""
"지역SEO","massage/송학동-출장마사지-익산-생활권-이동동선-지역정보-이용전-안내/index.html","https://1004테라피.shop/massage/송학동-출장마사지-익산-생활권-이동동선-지역정보-이용전-안내/","False","True",""
"지역SEO","massage/신동-출장마사지-익산-생활권-이동동선-지역정보-이용전-안내/index.html","https://1004테라피.shop/massage/신동-출장마사지-익산-생활권-이동동선-지역정보-이용전-안내/","False","True",""
"지역SEO","massage/어양동-출장마사지-익산-생활권-이동동선-지역정보-이용전-안내/index.html","https://1004테라피.shop/massage/어양동-출장마사지-익산-생활권-이동동선-지역정보-이용전-안내/","False","True",""
"지역SEO","massage/영등동-출장마사지-익산-생활권-이동동선-지역정보-이용전-안내/index.html","https://1004테라피.shop/massage/영등동-출장마사지-익산-생활권-이동동선-지역정보-이용전-안내/","False","True",""
"지역SEO","massage/인화동-출장마사지-익산-생활권-이동동선-지역정보-이용전-안내/index.html","https://1004테라피.shop/massage/인화동-출장마사지-익산-생활권-이동동선-지역정보-이용전-안내/","False","True",""
"지역SEO","massage/중앙동-출장마사지-익산-생활권-이동동선-지역정보-이용전-안내/index.html","https://1004테라피.shop/massage/중앙동-출장마사지-익산-생활권-이동동선-지역정보-이용전-안내/","False","True",""
"지역SEO","massage/팔봉동-출장마사지-익산-생활권-이동동선-지역정보-이용전-안내/index.html","https://1004테라피.shop/massage/팔봉동-출장마사지-익산-생활권-이동동선-지역정보-이용전-안내/","False","True",""
"지역SEO","massage/평화동-출장마사지-익산-생활권-이동동선-지역정보-이용전-안내/index.html","https://1004테라피.shop/massage/평화동-출장마사지-익산-생활권-이동동선-지역정보-이용전-안내/","False","True",""
"지역SEO","massage/개정동-출장마사지-군산-생활권-이동동선-지역정보-이용전-안내/index.html","https://1004테라피.shop/massage/개정동-출장마사지-군산-생활권-이동동선-지역정보-이용전-안내/","False","True",""
"지역SEO","massage/경암동-출장마사지-군산-생활권-이동동선-지역정보-이용전-안내/index.html","https://1004테라피.shop/massage/경암동-출장마사지-군산-생활권-이동동선-지역정보-이용전-안내/","False","True",""
"지역SEO","massage/구암동-출장마사지-군산-생활권-이동동선-지역정보-이용전-안내/index.html","https://1004테라피.shop/massage/구암동-출장마사지-군산-생활권-이동동선-지역정보-이용전-안내/","False","True",""
"지역SEO","massage/나운동-출장마사지-군산-생활권-이동동선-지역정보-이용전-안내/index.html","https://1004테라피.shop/massage/나운동-출장마사지-군산-생활권-이동동선-지역정보-이용전-안내/","False","True",""
"지역SEO","massage/미성동-출장마사지-군산-생활권-이동동선-지역정보-이용전-안내/index.html","https://1004테라피.shop/massage/미성동-출장마사지-군산-생활권-이동동선-지역정보-이용전-안내/","False","True",""
"지역SEO","massage/삼학동-출장마사지-군산-생활권-이동동선-지역정보-이용전-안내/index.html","https://1004테라피.shop/massage/삼학동-출장마사지-군산-생활권-이동동선-지역정보-이용전-안내/","False","True",""
"지역SEO","massage/소룡동-출장마사지-군산-생활권-이동동선-지역정보-이용전-안내/index.html","https://1004테라피.shop/massage/소룡동-출장마사지-군산-생활권-이동동선-지역정보-이용전-안내/","False","True",""
"지역SEO","massage/수송동-출장마사지-군산-생활권-이동동선-지역정보-이용전-안내/index.html","https://1004테라피.shop/massage/수송동-출장마사지-군산-생활권-이동동선-지역정보-이용전-안내/","False","True",""
"지역SEO","massage/신풍동-출장마사지-군산-생활권-이동동선-지역정보-이용전-안내/index.html","https://1004테라피.shop/massage/신풍동-출장마사지-군산-생활권-이동동선-지역정보-이용전-안내/","False","True",""
"지역SEO","massage/월명동-출장마사지-군산-생활권-이동동선-지역정보-이용전-안내/index.html","https://1004테라피.shop/massage/월명동-출장마사지-군산-생활권-이동동선-지역정보-이용전-안내/","False","True",""
"지역SEO","massage/조촌동-출장마사지-군산-생활권-이동동선-지역정보-이용전-안내/index.html","https://1004테라피.shop/massage/조촌동-출장마사지-군산-생활권-이동동선-지역정보-이용전-안내/","False","True",""
"지역SEO","massage/중앙동-출장마사지-군산-생활권-이동동선-지역정보-이용전-안내/index.html","https://1004테라피.shop/massage/중앙동-출장마사지-군산-생활권-이동동선-지역정보-이용전-안내/","False","True",""
"지역SEO","massage/해신동-출장마사지-군산-생활권-이동동선-지역정보-이용전-안내/index.html","https://1004테라피.shop/massage/해신동-출장마사지-군산-생활권-이동동선-지역정보-이용전-안내/","False","True",""
"지역SEO","massage/흥남동-출장마사지-군산-생활권-이동동선-지역정보-이용전-안내/index.html","https://1004테라피.shop/massage/흥남동-출장마사지-군산-생활권-이동동선-지역정보-이용전-안내/","False","True",""
"지역SEO","massage/온양동-출장마사지-아산-생활권-이동동선-지역정보-이용전-안내/index.html","https://1004테라피.shop/massage/온양동-출장마사지-아산-생활권-이동동선-지역정보-이용전-안내/","False","True",""
"지역SEO","massage/내외동-출장마사지-김해-생활권-이동동선-지역정보-이용전-안내/index.html","https://1004테라피.shop/massage/내외동-출장마사지-김해-생활권-이동동선-지역정보-이용전-안내/","False","True",""
"지역SEO","massage/동상동-출장마사지-김해-생활권-이동동선-지역정보-이용전-안내/index.html","https://1004테라피.shop/massage/동상동-출장마사지-김해-생활권-이동동선-지역정보-이용전-안내/","False","True",""
"지역SEO","massage/부원동-출장마사지-김해-생활권-이동동선-지역정보-이용전-안내/index.html","https://1004테라피.shop/massage/부원동-출장마사지-김해-생활권-이동동선-지역정보-이용전-안내/","False","True",""
"지역SEO","massage/북부동-출장마사지-김해-생활권-이동동선-지역정보-이용전-안내/index.html","https://1004테라피.shop/massage/북부동-출장마사지-김해-생활권-이동동선-지역정보-이용전-안내/","False","True",""
"지역SEO","massage/불암동-출장마사지-김해-생활권-이동동선-지역정보-이용전-안내/index.html","https://1004테라피.shop/massage/불암동-출장마사지-김해-생활권-이동동선-지역정보-이용전-안내/","False","True",""
"지역SEO","massage/삼안동-출장마사지-김해-생활권-이동동선-지역정보-이용전-안내/index.html","https://1004테라피.shop/massage/삼안동-출장마사지-김해-생활권-이동동선-지역정보-이용전-안내/","False","True",""
"지역SEO","massage/장유동-출장마사지-김해-생활권-이동동선-지역정보-이용전-안내/index.html","https://1004테라피.shop/massage/장유동-출장마사지-김해-생활권-이동동선-지역정보-이용전-안내/","False","True",""
"지역SEO","massage/칠산서부동-출장마사지-김해-생활권-이동동선-지역정보-이용전-안내/index.html","https://1004테라피.shop/massage/칠산서부동-출장마사지-김해-생활권-이동동선-지역정보-이용전-안내/","False","True",""
"지역SEO","massage/활천동-출장마사지-김해-생활권-이동동선-지역정보-이용전-안내/index.html","https://1004테라피.shop/massage/활천동-출장마사지-김해-생활권-이동동선-지역정보-이용전-안내/","False","True",""
"지역SEO","massage/회현동-출장마사지-김해-생활권-이동동선-지역정보-이용전-안내/index.html","https://1004테라피.shop/massage/회현동-출장마사지-김해-생활권-이동동선-지역정보-이용전-안내/","False","True",""
"지역SEO","massage/가좌동-출장마사지-고양시-일산서구-생활권-이동동선-지역정보-이용전-안내/index.html","https://1004테라피.shop/massage/가좌동-출장마사지-고양시-일산서구-생활권-이동동선-지역정보-이용전-안내/","False","True",""
"지역SEO","massage/고봉동-출장마사지-고양시-일산동구-생활권-이동동선-지역정보-이용전-안내/index.html","https://1004테라피.shop/massage/고봉동-출장마사지-고양시-일산동구-생활권-이동동선-지역정보-이용전-안내/","False","True",""
"지역SEO","massage/고양동-출장마사지-고양시-덕양구-생활권-이동동선-지역정보-이용전-안내/index.html","https://1004테라피.shop/massage/고양동-출장마사지-고양시-덕양구-생활권-이동동선-지역정보-이용전-안내/","False","True",""
"지역SEO","massage/관산동-출장마사지-고양시-덕양구-생활권-이동동선-지역정보-이용전-안내/index.html","https://1004테라피.shop/massage/관산동-출장마사지-고양시-덕양구-생활권-이동동선-지역정보-이용전-안내/","False","True",""
"지역SEO","massage/능곡동-출장마사지-고양시-덕양구-생활권-이동동선-지역정보-이용전-안내/index.html","https://1004테라피.shop/massage/능곡동-출장마사지-고양시-덕양구-생활권-이동동선-지역정보-이용전-안내/","False","True",""
"지역SEO","massage/대덕동-출장마사지-고양시-덕양구-생활권-이동동선-지역정보-이용전-안내/index.html","https://1004테라피.shop/massage/대덕동-출장마사지-고양시-덕양구-생활권-이동동선-지역정보-이용전-안내/","False","True",""
"지역SEO","massage/대화동-출장마사지-고양시-일산서구-생활권-이동동선-지역정보-이용전-안내/index.html","https://1004테라피.shop/massage/대화동-출장마사지-고양시-일산서구-생활권-이동동선-지역정보-이용전-안내/","False","True",""
"지역SEO","massage/덕이동-출장마사지-고양시-일산서구-생활권-이동동선-지역정보-이용전-안내/index.html","https://1004테라피.shop/massage/덕이동-출장마사지-고양시-일산서구-생활권-이동동선-지역정보-이용전-안내/","False","True",""
"지역SEO","massage/마두동-출장마사지-고양시-일산동구-생활권-이동동선-지역정보-이용전-안내/index.html","https://1004테라피.shop/massage/마두동-출장마사지-고양시-일산동구-생활권-이동동선-지역정보-이용전-안내/","False","True",""
"지역SEO","massage/백석동-출장마사지-고양시-일산동구-생활권-이동동선-지역정보-이용전-안내/index.html","https://1004테라피.shop/massage/백석동-출장마사지-고양시-일산동구-생활권-이동동선-지역정보-이용전-안내/","False","True",""
"지역SEO","massage/삼송동-출장마사지-고양시-덕양구-생활권-이동동선-지역정보-이용전-안내/index.html","https://1004테라피.shop/massage/삼송동-출장마사지-고양시-덕양구-생활권-이동동선-지역정보-이용전-안내/","False","True",""
"지역SEO","massage/성사동-출장마사지-고양시-덕양구-생활권-이동동선-지역정보-이용전-안내/index.html","https://1004테라피.shop/massage/성사동-출장마사지-고양시-덕양구-생활권-이동동선-지역정보-이용전-안내/","False","True",""
"지역SEO","massage/송포동-출장마사지-고양시-일산서구-생활권-이동동선-지역정보-이용전-안내/index.html","https://1004테라피.shop/massage/송포동-출장마사지-고양시-일산서구-생활권-이동동선-지역정보-이용전-안내/","False","True",""
"지역SEO","massage/식사동-출장마사지-고양시-일산동구-생활권-이동동선-지역정보-이용전-안내/index.html","https://1004테라피.shop/massage/식사동-출장마사지-고양시-일산동구-생활권-이동동선-지역정보-이용전-안내/","False","True",""
"지역SEO","massage/원신동-출장마사지-고양시-덕양구-생활권-이동동선-지역정보-이용전-안내/index.html","https://1004테라피.shop/massage/원신동-출장마사지-고양시-덕양구-생활권-이동동선-지역정보-이용전-안내/","False","True",""
"지역SEO","massage/일산동-출장마사지-고양시-일산서구-생활권-이동동선-지역정보-이용전-안내/index.html","https://1004테라피.shop/massage/일산동-출장마사지-고양시-일산서구-생활권-이동동선-지역정보-이용전-안내/","False","True",""
"지역SEO","massage/장항동-출장마사지-고양시-일산동구-생활권-이동동선-지역정보-이용전-안내/index.html","https://1004테라피.shop/massage/장항동-출장마사지-고양시-일산동구-생활권-이동동선-지역정보-이용전-안내/","False","True",""
"지역SEO","massage/정발산동-출장마사지-고양시-일산동구-생활권-이동동선-지역정보-이용전-안내/index.html","https://1004테라피.shop/massage/정발산동-출장마사지-고양시-일산동구-생활권-이동동선-지역정보-이용전-안내/","False","True",""
"지역SEO","massage/주교동-출장마사지-고양시-덕양구-생활권-이동동선-지역정보-이용전-안내/index.html","https://1004테라피.shop/massage/주교동-출장마사지-고양시-덕양구-생활권-이동동선-지역정보-이용전-안내/","False","True",""
"지역SEO","massage/주엽동-출장마사지-고양시-일산서구-생활권-이동동선-지역정보-이용전-안내/index.html","https://1004테라피.shop/massage/주엽동-출장마사지-고양시-일산서구-생활권-이동동선-지역정보-이용전-안내/","False","True",""
"지역SEO","massage/중산동-출장마사지-고양시-일산동구-생활권-이동동선-지역정보-이용전-안내/index.html","https://1004테라피.shop/massage/중산동-출장마사지-고양시-일산동구-생활권-이동동선-지역정보-이용전-안내/","False","True",""
"지역SEO","massage/창릉동-출장마사지-고양시-덕양구-생활권-이동동선-지역정보-이용전-안내/index.html","https://1004테라피.shop/massage/창릉동-출장마사지-고양시-덕양구-생활권-이동동선-지역정보-이용전-안내/","False","True",""
"지역SEO","massage/탄현동-출장마사지-고양시-일산서구-생활권-이동동선-지역정보-이용전-안내/index.html","https://1004테라피.shop/massage/탄현동-출장마사지-고양시-일산서구-생활권-이동동선-지역정보-이용전-안내/","False","True",""
"지역SEO","massage/풍산동-출장마사지-고양시-일산동구-생활권-이동동선-지역정보-이용전-안내/index.html","https://1004테라피.shop/massage/풍산동-출장마사지-고양시-일산동구-생활권-이동동선-지역정보-이용전-안내/","False","True",""
"지역SEO","massage/행신동-출장마사지-고양시-덕양구-생활권-이동동선-지역정보-이용전-안내/index.html","https://1004테라피.shop/massage/행신동-출장마사지-고양시-덕양구-생활권-이동동선-지역정보-이용전-안내/","False","True",""
"지역SEO","massage/행주동-출장마사지-고양시-덕양구-생활권-이동동선-지역정보-이용전-안내/index.html","https://1004테라피.shop/massage/행주동-출장마사지-고양시-덕양구-생활권-이동동선-지역정보-이용전-안내/","False","True",""
"지역SEO","massage/화전동-출장마사지-고양시-덕양구-생활권-이동동선-지역정보-이용전-안내/index.html","https://1004테라피.shop/massage/화전동-출장마사지-고양시-덕양구-생활권-이동동선-지역정보-이용전-안내/","False","True",""
"지역SEO","massage/화정동-출장마사지-고양시-덕양구-생활권-이동동선-지역정보-이용전-안내/index.html","https://1004테라피.shop/massage/화정동-출장마사지-고양시-덕양구-생활권-이동동선-지역정보-이용전-안내/","False","True",""
"지역SEO","massage/효자동-출장마사지-고양시-덕양구-생활권-이동동선-지역정보-이용전-안내/index.html","https://1004테라피.shop/massage/효자동-출장마사지-고양시-덕양구-생활권-이동동선-지역정보-이용전-안내/","False","True",""
"지역SEO","massage/흥도동-출장마사지-고양시-덕양구-생활권-이동동선-지역정보-이용전-안내/index.html","https://1004테라피.shop/massage/흥도동-출장마사지-고양시-덕양구-생활권-이동동선-지역정보-이용전-안내/","False","True",""
"지역SEO","massage/고강동-출장마사지-부천시-오정구-생활권-이동동선-지역정보-이용전-안내/index.html","https://1004테라피.shop/massage/고강동-출장마사지-부천시-오정구-생활권-이동동선-지역정보-이용전-안내/","False","True",""
"지역SEO","massage/고강본동-출장마사지-부천시-오정구-생활권-이동동선-지역정보-이용전-안내/index.html","https://1004테라피.shop/massage/고강본동-출장마사지-부천시-오정구-생활권-이동동선-지역정보-이용전-안내/","False","True",""
"지역SEO","massage/괴안동-출장마사지-부천시-소사구-생활권-이동동선-지역정보-이용전-안내/index.html","https://1004테라피.shop/massage/괴안동-출장마사지-부천시-소사구-생활권-이동동선-지역정보-이용전-안내/","False","True",""
"지역SEO","massage/도당동-출장마사지-부천시-원미구-생활권-이동동선-지역정보-이용전-안내/index.html","https://1004테라피.shop/massage/도당동-출장마사지-부천시-원미구-생활권-이동동선-지역정보-이용전-안내/","False","True",""
"지역SEO","massage/범박동-출장마사지-부천시-소사구-생활권-이동동선-지역정보-이용전-안내/index.html","https://1004테라피.shop/massage/범박동-출장마사지-부천시-소사구-생활권-이동동선-지역정보-이용전-안내/","False","True",""
"지역SEO","massage/상동-출장마사지-부천시-원미구-생활권-이동동선-지역정보-이용전-안내/index.html","https://1004테라피.shop/massage/상동-출장마사지-부천시-원미구-생활권-이동동선-지역정보-이용전-안내/","False","True",""
"지역SEO","massage/성곡동-출장마사지-부천시-오정구-생활권-이동동선-지역정보-이용전-안내/index.html","https://1004테라피.shop/massage/성곡동-출장마사지-부천시-오정구-생활권-이동동선-지역정보-이용전-안내/","False","True",""
"지역SEO","massage/소사동-출장마사지-부천시-원미구-생활권-이동동선-지역정보-이용전-안내/index.html","https://1004테라피.shop/massage/소사동-출장마사지-부천시-원미구-생활권-이동동선-지역정보-이용전-안내/","False","True",""
"지역SEO","massage/소사본동-출장마사지-부천시-소사구-생활권-이동동선-지역정보-이용전-안내/index.html","https://1004테라피.shop/massage/소사본동-출장마사지-부천시-소사구-생활권-이동동선-지역정보-이용전-안내/","False","True",""
"지역SEO","massage/송내동-출장마사지-부천시-소사구-생활권-이동동선-지역정보-이용전-안내/index.html","https://1004테라피.shop/massage/송내동-출장마사지-부천시-소사구-생활권-이동동선-지역정보-이용전-안내/","False","True",""
"지역SEO","massage/신흥동-출장마사지-부천시-오정구-생활권-이동동선-지역정보-이용전-안내/index.html","https://1004테라피.shop/massage/신흥동-출장마사지-부천시-오정구-생활권-이동동선-지역정보-이용전-안내/","False","True",""
"지역SEO","massage/심곡동-출장마사지-부천시-원미구-생활권-이동동선-지역정보-이용전-안내/index.html","https://1004테라피.shop/massage/심곡동-출장마사지-부천시-원미구-생활권-이동동선-지역정보-이용전-안내/","False","True",""
"지역SEO","massage/심곡본동-출장마사지-부천시-소사구-생활권-이동동선-지역정보-이용전-안내/index.html","https://1004테라피.shop/massage/심곡본동-출장마사지-부천시-소사구-생활권-이동동선-지역정보-이용전-안내/","False","True",""
"지역SEO","massage/약대동-출장마사지-부천시-원미구-생활권-이동동선-지역정보-이용전-안내/index.html","https://1004테라피.shop/massage/약대동-출장마사지-부천시-원미구-생활권-이동동선-지역정보-이용전-안내/","False","True",""
"지역SEO","massage/역곡동-출장마사지-부천시-원미구-생활권-이동동선-지역정보-이용전-안내/index.html","https://1004테라피.shop/massage/역곡동-출장마사지-부천시-원미구-생활권-이동동선-지역정보-이용전-안내/","False","True",""
"지역SEO","massage/역곡동-출장마사지-부천시-소사구-생활권-이동동선-지역정보-이용전-안내/index.html","https://1004테라피.shop/massage/역곡동-출장마사지-부천시-소사구-생활권-이동동선-지역정보-이용전-안내/","False","True",""
"지역SEO","massage/오정동-출장마사지-부천시-오정구-생활권-이동동선-지역정보-이용전-안내/index.html","https://1004테라피.shop/massage/오정동-출장마사지-부천시-오정구-생활권-이동동선-지역정보-이용전-안내/","False","True",""
"지역SEO","massage/옥길동-출장마사지-부천시-소사구-생활권-이동동선-지역정보-이용전-안내/index.html","https://1004테라피.shop/massage/옥길동-출장마사지-부천시-소사구-생활권-이동동선-지역정보-이용전-안내/","False","True",""
"지역SEO","massage/원미동-출장마사지-부천시-원미구-생활권-이동동선-지역정보-이용전-안내/index.html","https://1004테라피.shop/massage/원미동-출장마사지-부천시-원미구-생활권-이동동선-지역정보-이용전-안내/","False","True",""
"지역SEO","massage/원종동-출장마사지-부천시-오정구-생활권-이동동선-지역정보-이용전-안내/index.html","https://1004테라피.shop/massage/원종동-출장마사지-부천시-오정구-생활권-이동동선-지역정보-이용전-안내/","False","True",""
"지역SEO","massage/중동-출장마사지-부천시-원미구-생활권-이동동선-지역정보-이용전-안내/index.html","https://1004테라피.shop/massage/중동-출장마사지-부천시-원미구-생활권-이동동선-지역정보-이용전-안내/","False","True",""
"지역SEO","massage/춘의동-출장마사지-부천시-원미구-생활권-이동동선-지역정보-이용전-안내/index.html","https://1004테라피.shop/massage/춘의동-출장마사지-부천시-원미구-생활권-이동동선-지역정보-이용전-안내/","False","True",""
"지역SEO","massage/고등동-출장마사지-성남시-수정구-생활권-이동동선-지역정보-이용전-안내/index.html","https://1004테라피.shop/massage/고등동-출장마사지-성남시-수정구-생활권-이동동선-지역정보-이용전-안내/","False","True",""
"지역SEO","massage/구미동-출장마사지-성남시-분당구-생활권-이동동선-지역정보-이용전-안내/index.html","https://1004테라피.shop/massage/구미동-출장마사지-성남시-분당구-생활권-이동동선-지역정보-이용전-안내/","False","True",""
"지역SEO","massage/금곡동-출장마사지-성남시-분당구-생활권-이동동선-지역정보-이용전-안내/index.html","https://1004테라피.shop/massage/금곡동-출장마사지-성남시-분당구-생활권-이동동선-지역정보-이용전-안내/","False","True",""
"지역SEO","massage/금광동-출장마사지-성남시-중원구-생활권-이동동선-지역정보-이용전-안내/index.html","https://1004테라피.shop/massage/금광동-출장마사지-성남시-중원구-생활권-이동동선-지역정보-이용전-안내/","False","True",""
"지역SEO","massage/단대동-출장마사지-성남시-수정구-생활권-이동동선-지역정보-이용전-안내/index.html","https://1004테라피.shop/massage/단대동-출장마사지-성남시-수정구-생활권-이동동선-지역정보-이용전-안내/","False","True",""
"지역SEO","massage/도촌동-출장마사지-성남시-중원구-생활권-이동동선-지역정보-이용전-안내/index.html","https://1004테라피.shop/massage/도촌동-출장마사지-성남시-중원구-생활권-이동동선-지역정보-이용전-안내/","False","True",""
"지역SEO","massage/백현동-출장마사지-성남시-분당구-생활권-이동동선-지역정보-이용전-안내/index.html","https://1004테라피.shop/massage/백현동-출장마사지-성남시-분당구-생활권-이동동선-지역정보-이용전-안내/","False","True",""
"지역SEO","massage/복정동-출장마사지-성남시-수정구-생활권-이동동선-지역정보-이용전-안내/index.html","https://1004테라피.shop/massage/복정동-출장마사지-성남시-수정구-생활권-이동동선-지역정보-이용전-안내/","False","True",""
"지역SEO","massage/분당동-출장마사지-성남시-분당구-생활권-이동동선-지역정보-이용전-안내/index.html","https://1004테라피.shop/massage/분당동-출장마사지-성남시-분당구-생활권-이동동선-지역정보-이용전-안내/","False","True",""
"지역SEO","massage/산성동-출장마사지-성남시-수정구-생활권-이동동선-지역정보-이용전-안내/index.html","https://1004테라피.shop/massage/산성동-출장마사지-성남시-수정구-생활권-이동동선-지역정보-이용전-안내/","False","True",""
"지역SEO","massage/삼평동-출장마사지-성남시-분당구-생활권-이동동선-지역정보-이용전-안내/index.html","https://1004테라피.shop/massage/삼평동-출장마사지-성남시-분당구-생활권-이동동선-지역정보-이용전-안내/","False","True",""
"지역SEO","massage/상대원동-출장마사지-성남시-중원구-생활권-이동동선-지역정보-이용전-안내/index.html","https://1004테라피.shop/massage/상대원동-출장마사지-성남시-중원구-생활권-이동동선-지역정보-이용전-안내/","False","True",""
"지역SEO","massage/서현동-출장마사지-성남시-분당구-생활권-이동동선-지역정보-이용전-안내/index.html","https://1004테라피.shop/massage/서현동-출장마사지-성남시-분당구-생활권-이동동선-지역정보-이용전-안내/","False","True",""
"지역SEO","massage/성남동-출장마사지-성남시-중원구-생활권-이동동선-지역정보-이용전-안내/index.html","https://1004테라피.shop/massage/성남동-출장마사지-성남시-중원구-생활권-이동동선-지역정보-이용전-안내/","False","True",""
"지역SEO","massage/수내동-출장마사지-성남시-분당구-생활권-이동동선-지역정보-이용전-안내/index.html","https://1004테라피.shop/massage/수내동-출장마사지-성남시-분당구-생활권-이동동선-지역정보-이용전-안내/","False","True",""
"지역SEO","massage/수진동-출장마사지-성남시-수정구-생활권-이동동선-지역정보-이용전-안내/index.html","https://1004테라피.shop/massage/수진동-출장마사지-성남시-수정구-생활권-이동동선-지역정보-이용전-안내/","False","True",""
"지역SEO","massage/시흥동-출장마사지-성남시-수정구-생활권-이동동선-지역정보-이용전-안내/index.html","https://1004테라피.shop/massage/시흥동-출장마사지-성남시-수정구-생활권-이동동선-지역정보-이용전-안내/","False","True",""
"지역SEO","massage/신촌동-출장마사지-성남시-수정구-생활권-이동동선-지역정보-이용전-안내/index.html","https://1004테라피.shop/massage/신촌동-출장마사지-성남시-수정구-생활권-이동동선-지역정보-이용전-안내/","False","True",""
"지역SEO","massage/신흥동-출장마사지-성남시-수정구-생활권-이동동선-지역정보-이용전-안내/index.html","https://1004테라피.shop/massage/신흥동-출장마사지-성남시-수정구-생활권-이동동선-지역정보-이용전-안내/","False","True",""
"지역SEO","massage/야탑동-출장마사지-성남시-분당구-생활권-이동동선-지역정보-이용전-안내/index.html","https://1004테라피.shop/massage/야탑동-출장마사지-성남시-분당구-생활권-이동동선-지역정보-이용전-안내/","False","True",""
"지역SEO","massage/양지동-출장마사지-성남시-수정구-생활권-이동동선-지역정보-이용전-안내/index.html","https://1004테라피.shop/massage/양지동-출장마사지-성남시-수정구-생활권-이동동선-지역정보-이용전-안내/","False","True",""
"지역SEO","massage/운중동-출장마사지-성남시-분당구-생활권-이동동선-지역정보-이용전-안내/index.html","https://1004테라피.shop/massage/운중동-출장마사지-성남시-분당구-생활권-이동동선-지역정보-이용전-안내/","False","True",""
"지역SEO","massage/위례동-출장마사지-성남시-수정구-생활권-이동동선-지역정보-이용전-안내/index.html","https://1004테라피.shop/massage/위례동-출장마사지-성남시-수정구-생활권-이동동선-지역정보-이용전-안내/","False","True",""
"지역SEO","massage/은행동-출장마사지-성남시-중원구-생활권-이동동선-지역정보-이용전-안내/index.html","https://1004테라피.shop/massage/은행동-출장마사지-성남시-중원구-생활권-이동동선-지역정보-이용전-안내/","False","True",""
"지역SEO","massage/이매동-출장마사지-성남시-분당구-생활권-이동동선-지역정보-이용전-안내/index.html","https://1004테라피.shop/massage/이매동-출장마사지-성남시-분당구-생활권-이동동선-지역정보-이용전-안내/","False","True",""
"지역SEO","massage/정자동-출장마사지-성남시-분당구-생활권-이동동선-지역정보-이용전-안내/index.html","https://1004테라피.shop/massage/정자동-출장마사지-성남시-분당구-생활권-이동동선-지역정보-이용전-안내/","False","True",""
"지역SEO","massage/중앙동-출장마사지-성남시-중원구-생활권-이동동선-지역정보-이용전-안내/index.html","https://1004테라피.shop/massage/중앙동-출장마사지-성남시-중원구-생활권-이동동선-지역정보-이용전-안내/","False","True",""
"지역SEO","massage/태평동-출장마사지-성남시-수정구-생활권-이동동선-지역정보-이용전-안내/index.html","https://1004테라피.shop/massage/태평동-출장마사지-성남시-수정구-생활권-이동동선-지역정보-이용전-안내/","False","True",""
"지역SEO","massage/판교동-출장마사지-성남시-분당구-생활권-이동동선-지역정보-이용전-안내/index.html","https://1004테라피.shop/massage/판교동-출장마사지-성남시-분당구-생활권-이동동선-지역정보-이용전-안내/","False","True",""
"지역SEO","massage/하대원동-출장마사지-성남시-중원구-생활권-이동동선-지역정보-이용전-안내/index.html","https://1004테라피.shop/massage/하대원동-출장마사지-성남시-중원구-생활권-이동동선-지역정보-이용전-안내/","False","True",""
"지역SEO","massage/고등동-출장마사지-수원시-팔달구-생활권-이동동선-지역정보-이용전-안내/index.html","https://1004테라피.shop/massage/고등동-출장마사지-수원시-팔달구-생활권-이동동선-지역정보-이용전-안내/","False","True",""
"지역SEO","massage/곡선동-출장마사지-수원시-권선구-생활권-이동동선-지역정보-이용전-안내/index.html","https://1004테라피.shop/massage/곡선동-출장마사지-수원시-권선구-생활권-이동동선-지역정보-이용전-안내/","False","True",""
"지역SEO","massage/광교동-출장마사지-수원시-영통구-생활권-이동동선-지역정보-이용전-안내/index.html","https://1004테라피.shop/massage/광교동-출장마사지-수원시-영통구-생활권-이동동선-지역정보-이용전-안내/","False","True",""
"지역SEO","massage/구운동-출장마사지-수원시-권선구-생활권-이동동선-지역정보-이용전-안내/index.html","https://1004테라피.shop/massage/구운동-출장마사지-수원시-권선구-생활권-이동동선-지역정보-이용전-안내/","False","True",""
"지역SEO","massage/권선동-출장마사지-수원시-권선구-생활권-이동동선-지역정보-이용전-안내/index.html","https://1004테라피.shop/massage/권선동-출장마사지-수원시-권선구-생활권-이동동선-지역정보-이용전-안내/","False","True",""
"지역SEO","massage/금곡동-출장마사지-수원시-권선구-생활권-이동동선-지역정보-이용전-안내/index.html","https://1004테라피.shop/massage/금곡동-출장마사지-수원시-권선구-생활권-이동동선-지역정보-이용전-안내/","False","True",""
"지역SEO","massage/망포동-출장마사지-수원시-영통구-생활권-이동동선-지역정보-이용전-안내/index.html","https://1004테라피.shop/massage/망포동-출장마사지-수원시-영통구-생활권-이동동선-지역정보-이용전-안내/","False","True",""
"지역SEO","massage/매교동-출장마사지-수원시-팔달구-생활권-이동동선-지역정보-이용전-안내/index.html","https://1004테라피.shop/massage/매교동-출장마사지-수원시-팔달구-생활권-이동동선-지역정보-이용전-안내/","False","True",""
"지역SEO","massage/매산동-출장마사지-수원시-팔달구-생활권-이동동선-지역정보-이용전-안내/index.html","https://1004테라피.shop/massage/매산동-출장마사지-수원시-팔달구-생활권-이동동선-지역정보-이용전-안내/","False","True",""
"지역SEO","massage/매탄동-출장마사지-수원시-영통구-생활권-이동동선-지역정보-이용전-안내/index.html","https://1004테라피.shop/massage/매탄동-출장마사지-수원시-영통구-생활권-이동동선-지역정보-이용전-안내/","False","True",""
"지역SEO","massage/서둔동-출장마사지-수원시-권선구-생활권-이동동선-지역정보-이용전-안내/index.html","https://1004테라피.shop/massage/서둔동-출장마사지-수원시-권선구-생활권-이동동선-지역정보-이용전-안내/","False","True",""
"지역SEO","massage/세류동-출장마사지-수원시-권선구-생활권-이동동선-지역정보-이용전-안내/index.html","https://1004테라피.shop/massage/세류동-출장마사지-수원시-권선구-생활권-이동동선-지역정보-이용전-안내/","False","True",""
"지역SEO","massage/송죽동-출장마사지-수원시-장안구-생활권-이동동선-지역정보-이용전-안내/index.html","https://1004테라피.shop/massage/송죽동-출장마사지-수원시-장안구-생활권-이동동선-지역정보-이용전-안내/","False","True",""
"지역SEO","massage/연무동-출장마사지-수원시-장안구-생활권-이동동선-지역정보-이용전-안내/index.html","https://1004테라피.shop/massage/연무동-출장마사지-수원시-장안구-생활권-이동동선-지역정보-이용전-안내/","False","True",""
"지역SEO","massage/영통동-출장마사지-수원시-영통구-생활권-이동동선-지역정보-이용전-안내/index.html","https://1004테라피.shop/massage/영통동-출장마사지-수원시-영통구-생활권-이동동선-지역정보-이용전-안내/","False","True",""
"지역SEO","massage/영화동-출장마사지-수원시-장안구-생활권-이동동선-지역정보-이용전-안내/index.html","https://1004테라피.shop/massage/영화동-출장마사지-수원시-장안구-생활권-이동동선-지역정보-이용전-안내/","False","True",""
"지역SEO","massage/우만동-출장마사지-수원시-팔달구-생활권-이동동선-지역정보-이용전-안내/index.html","https://1004테라피.shop/massage/우만동-출장마사지-수원시-팔달구-생활권-이동동선-지역정보-이용전-안내/","False","True",""
"지역SEO","massage/원천동-출장마사지-수원시-영통구-생활권-이동동선-지역정보-이용전-안내/index.html","https://1004테라피.shop/massage/원천동-출장마사지-수원시-영통구-생활권-이동동선-지역정보-이용전-안내/","False","True",""
"지역SEO","massage/율천동-출장마사지-수원시-장안구-생활권-이동동선-지역정보-이용전-안내/index.html","https://1004테라피.shop/massage/율천동-출장마사지-수원시-장안구-생활권-이동동선-지역정보-이용전-안내/","False","True",""
"지역SEO","massage/인계동-출장마사지-수원시-팔달구-생활권-이동동선-지역정보-이용전-안내/index.html","https://1004테라피.shop/massage/인계동-출장마사지-수원시-팔달구-생활권-이동동선-지역정보-이용전-안내/","False","True",""
"지역SEO","massage/입북동-출장마사지-수원시-권선구-생활권-이동동선-지역정보-이용전-안내/index.html","https://1004테라피.shop/massage/입북동-출장마사지-수원시-권선구-생활권-이동동선-지역정보-이용전-안내/","False","True",""
"지역SEO","massage/정자동-출장마사지-수원시-장안구-생활권-이동동선-지역정보-이용전-안내/index.html","https://1004테라피.shop/massage/정자동-출장마사지-수원시-장안구-생활권-이동동선-지역정보-이용전-안내/","False","True",""
"지역SEO","massage/조원동-출장마사지-수원시-장안구-생활권-이동동선-지역정보-이용전-안내/index.html","https://1004테라피.shop/massage/조원동-출장마사지-수원시-장안구-생활권-이동동선-지역정보-이용전-안내/","False","True",""
"지역SEO","massage/지동-출장마사지-수원시-팔달구-생활권-이동동선-지역정보-이용전-안내/index.html","https://1004테라피.shop/massage/지동-출장마사지-수원시-팔달구-생활권-이동동선-지역정보-이용전-안내/","False","True",""
"지역SEO","massage/파장동-출장마사지-수원시-장안구-생활권-이동동선-지역정보-이용전-안내/index.html","https://1004테라피.shop/massage/파장동-출장마사지-수원시-장안구-생활권-이동동선-지역정보-이용전-안내/","False","True",""
"지역SEO","massage/평동-출장마사지-수원시-권선구-생활권-이동동선-지역정보-이용전-안내/index.html","https://1004테라피.shop/massage/평동-출장마사지-수원시-권선구-생활권-이동동선-지역정보-이용전-안내/","False","True",""
"지역SEO","massage/행궁동-출장마사지-수원시-팔달구-생활권-이동동선-지역정보-이용전-안내/index.html","https://1004테라피.shop/massage/행궁동-출장마사지-수원시-팔달구-생활권-이동동선-지역정보-이용전-안내/","False","True",""
"지역SEO","massage/호매실동-출장마사지-수원시-권선구-생활권-이동동선-지역정보-이용전-안내/index.html","https://1004테라피.shop/massage/호매실동-출장마사지-수원시-권선구-생활권-이동동선-지역정보-이용전-안내/","False","True",""
"지역SEO","massage/화서동-출장마사지-수원시-팔달구-생활권-이동동선-지역정보-이용전-안내/index.html","https://1004테라피.shop/massage/화서동-출장마사지-수원시-팔달구-생활권-이동동선-지역정보-이용전-안내/","False","True",""
"지역SEO","massage/고잔동-출장마사지-안산시-단원구-생활권-이동동선-지역정보-이용전-안내/index.html","https://1004테라피.shop/massage/고잔동-출장마사지-안산시-단원구-생활권-이동동선-지역정보-이용전-안내/","False","True",""
"지역SEO","massage/대부동-출장마사지-안산시-단원구-생활권-이동동선-지역정보-이용전-안내/index.html","https://1004테라피.shop/massage/대부동-출장마사지-안산시-단원구-생활권-이동동선-지역정보-이용전-안내/","False","True",""
"지역SEO","massage/반월동-출장마사지-안산시-상록구-생활권-이동동선-지역정보-이용전-안내/index.html","https://1004테라피.shop/massage/반월동-출장마사지-안산시-상록구-생활권-이동동선-지역정보-이용전-안내/","False","True",""
"지역SEO","massage/백운동-출장마사지-안산시-단원구-생활권-이동동선-지역정보-이용전-안내/index.html","https://1004테라피.shop/massage/백운동-출장마사지-안산시-단원구-생활권-이동동선-지역정보-이용전-안내/","False","True",""
"지역SEO","massage/본오동-출장마사지-안산시-상록구-생활권-이동동선-지역정보-이용전-안내/index.html","https://1004테라피.shop/massage/본오동-출장마사지-안산시-상록구-생활권-이동동선-지역정보-이용전-안내/","False","True",""
"지역SEO","massage/부곡동-출장마사지-안산시-상록구-생활권-이동동선-지역정보-이용전-안내/index.html","https://1004테라피.shop/massage/부곡동-출장마사지-안산시-상록구-생활권-이동동선-지역정보-이용전-안내/","False","True",""
"지역SEO","massage/사동-출장마사지-안산시-상록구-생활권-이동동선-지역정보-이용전-안내/index.html","https://1004테라피.shop/massage/사동-출장마사지-안산시-상록구-생활권-이동동선-지역정보-이용전-안내/","False","True",""
"지역SEO","massage/사이동-출장마사지-안산시-상록구-생활권-이동동선-지역정보-이용전-안내/index.html","https://1004테라피.shop/massage/사이동-출장마사지-안산시-상록구-생활권-이동동선-지역정보-이용전-안내/","False","True",""
"지역SEO","massage/선부동-출장마사지-안산시-단원구-생활권-이동동선-지역정보-이용전-안내/index.html","https://1004테라피.shop/massage/선부동-출장마사지-안산시-단원구-생활권-이동동선-지역정보-이용전-안내/","False","True",""
"지역SEO","massage/성포동-출장마사지-안산시-상록구-생활권-이동동선-지역정보-이용전-안내/index.html","https://1004테라피.shop/massage/성포동-출장마사지-안산시-상록구-생활권-이동동선-지역정보-이용전-안내/","False","True",""
"지역SEO","massage/신길동-출장마사지-안산시-단원구-생활권-이동동선-지역정보-이용전-안내/index.html","https://1004테라피.shop/massage/신길동-출장마사지-안산시-단원구-생활권-이동동선-지역정보-이용전-안내/","False","True",""
"지역SEO","massage/안산동-출장마사지-안산시-상록구-생활권-이동동선-지역정보-이용전-안내/index.html","https://1004테라피.shop/massage/안산동-출장마사지-안산시-상록구-생활권-이동동선-지역정보-이용전-안내/","False","True",""
"지역SEO","massage/와동-출장마사지-안산시-단원구-생활권-이동동선-지역정보-이용전-안내/index.html","https://1004테라피.shop/massage/와동-출장마사지-안산시-단원구-생활권-이동동선-지역정보-이용전-안내/","False","True",""
"지역SEO","massage/원곡동-출장마사지-안산시-단원구-생활권-이동동선-지역정보-이용전-안내/index.html","https://1004테라피.shop/massage/원곡동-출장마사지-안산시-단원구-생활권-이동동선-지역정보-이용전-안내/","False","True",""
"지역SEO","massage/월피동-출장마사지-안산시-상록구-생활권-이동동선-지역정보-이용전-안내/index.html","https://1004테라피.shop/massage/월피동-출장마사지-안산시-상록구-생활권-이동동선-지역정보-이용전-안내/","False","True",""
"지역SEO","massage/이동-출장마사지-안산시-상록구-생활권-이동동선-지역정보-이용전-안내/index.html","https://1004테라피.shop/massage/이동-출장마사지-안산시-상록구-생활권-이동동선-지역정보-이용전-안내/","False","True",""
"지역SEO","massage/일동-출장마사지-안산시-상록구-생활권-이동동선-지역정보-이용전-안내/index.html","https://1004테라피.shop/massage/일동-출장마사지-안산시-상록구-생활권-이동동선-지역정보-이용전-안내/","False","True",""
"지역SEO","massage/중앙동-출장마사지-안산시-단원구-생활권-이동동선-지역정보-이용전-안내/index.html","https://1004테라피.shop/massage/중앙동-출장마사지-안산시-단원구-생활권-이동동선-지역정보-이용전-안내/","False","True",""
"지역SEO","massage/초지동-출장마사지-안산시-단원구-생활권-이동동선-지역정보-이용전-안내/index.html","https://1004테라피.shop/massage/초지동-출장마사지-안산시-단원구-생활권-이동동선-지역정보-이용전-안내/","False","True",""
"지역SEO","massage/해양동-출장마사지-안산시-상록구-생활권-이동동선-지역정보-이용전-안내/index.html","https://1004테라피.shop/massage/해양동-출장마사지-안산시-상록구-생활권-이동동선-지역정보-이용전-안내/","False","True",""
"지역SEO","massage/호수동-출장마사지-안산시-단원구-생활권-이동동선-지역정보-이용전-안내/index.html","https://1004테라피.shop/massage/호수동-출장마사지-안산시-단원구-생활권-이동동선-지역정보-이용전-안내/","False","True",""
"지역SEO","massage/갈산동-출장마사지-안양시-동안구-생활권-이동동선-지역정보-이용전-안내/index.html","https://1004테라피.shop/massage/갈산동-출장마사지-안양시-동안구-생활권-이동동선-지역정보-이용전-안내/","False","True",""
"지역SEO","massage/관양동-출장마사지-안양시-동안구-생활권-이동동선-지역정보-이용전-안내/index.html","https://1004테라피.shop/massage/관양동-출장마사지-안양시-동안구-생활권-이동동선-지역정보-이용전-안내/","False","True",""
"지역SEO","massage/귀인동-출장마사지-안양시-동안구-생활권-이동동선-지역정보-이용전-안내/index.html","https://1004테라피.shop/massage/귀인동-출장마사지-안양시-동안구-생활권-이동동선-지역정보-이용전-안내/","False","True",""
"지역SEO","massage/달안동-출장마사지-안양시-동안구-생활권-이동동선-지역정보-이용전-안내/index.html","https://1004테라피.shop/massage/달안동-출장마사지-안양시-동안구-생활권-이동동선-지역정보-이용전-안내/","False","True",""
"지역SEO","massage/명학동-출장마사지-안양시-만안구-생활권-이동동선-지역정보-이용전-안내/index.html","https://1004테라피.shop/massage/명학동-출장마사지-안양시-만안구-생활권-이동동선-지역정보-이용전-안내/","False","True",""
"지역SEO","massage/박달동-출장마사지-안양시-만안구-생활권-이동동선-지역정보-이용전-안내/index.html","https://1004테라피.shop/massage/박달동-출장마사지-안양시-만안구-생활권-이동동선-지역정보-이용전-안내/","False","True",""
"지역SEO","massage/범계동-출장마사지-안양시-동안구-생활권-이동동선-지역정보-이용전-안내/index.html","https://1004테라피.shop/massage/범계동-출장마사지-안양시-동안구-생활권-이동동선-지역정보-이용전-안내/","False","True",""
"지역SEO","massage/병목안동-출장마사지-안양시-만안구-생활권-이동동선-지역정보-이용전-안내/index.html","https://1004테라피.shop/massage/병목안동-출장마사지-안양시-만안구-생활권-이동동선-지역정보-이용전-안내/","False","True",""
"지역SEO","massage/부림동-출장마사지-안양시-동안구-생활권-이동동선-지역정보-이용전-안내/index.html","https://1004테라피.shop/massage/부림동-출장마사지-안양시-동안구-생활권-이동동선-지역정보-이용전-안내/","False","True",""
"지역SEO","massage/부흥동-출장마사지-안양시-동안구-생활권-이동동선-지역정보-이용전-안내/index.html","https://1004테라피.shop/massage/부흥동-출장마사지-안양시-동안구-생활권-이동동선-지역정보-이용전-안내/","False","True",""
"지역SEO","massage/비산동-출장마사지-안양시-동안구-생활권-이동동선-지역정보-이용전-안내/index.html","https://1004테라피.shop/massage/비산동-출장마사지-안양시-동안구-생활권-이동동선-지역정보-이용전-안내/","False","True",""
"지역SEO","massage/석수동-출장마사지-안양시-만안구-생활권-이동동선-지역정보-이용전-안내/index.html","https://1004테라피.shop/massage/석수동-출장마사지-안양시-만안구-생활권-이동동선-지역정보-이용전-안내/","False","True",""
"지역SEO","massage/신촌동-출장마사지-안양시-동안구-생활권-이동동선-지역정보-이용전-안내/index.html","https://1004테라피.shop/massage/신촌동-출장마사지-안양시-동안구-생활권-이동동선-지역정보-이용전-안내/","False","True",""
"지역SEO","massage/안양동-출장마사지-안양시-만안구-생활권-이동동선-지역정보-이용전-안내/index.html","https://1004테라피.shop/massage/안양동-출장마사지-안양시-만안구-생활권-이동동선-지역정보-이용전-안내/","False","True",""
"지역SEO","massage/인덕원동-출장마사지-안양시-동안구-생활권-이동동선-지역정보-이용전-안내/index.html","https://1004테라피.shop/massage/인덕원동-출장마사지-안양시-동안구-생활권-이동동선-지역정보-이용전-안내/","False","True",""
"지역SEO","massage/충훈동-출장마사지-안양시-만안구-생활권-이동동선-지역정보-이용전-안내/index.html","https://1004테라피.shop/massage/충훈동-출장마사지-안양시-만안구-생활권-이동동선-지역정보-이용전-안내/","False","True",""
"지역SEO","massage/평안동-출장마사지-안양시-동안구-생활권-이동동선-지역정보-이용전-안내/index.html","https://1004테라피.shop/massage/평안동-출장마사지-안양시-동안구-생활권-이동동선-지역정보-이용전-안내/","False","True",""
"지역SEO","massage/평촌동-출장마사지-안양시-동안구-생활권-이동동선-지역정보-이용전-안내/index.html","https://1004테라피.shop/massage/평촌동-출장마사지-안양시-동안구-생활권-이동동선-지역정보-이용전-안내/","False","True",""
"지역SEO","massage/호계동-출장마사지-안양시-동안구-생활권-이동동선-지역정보-이용전-안내/index.html","https://1004테라피.shop/massage/호계동-출장마사지-안양시-동안구-생활권-이동동선-지역정보-이용전-안내/","False","True",""
"지역SEO","massage/호현동-출장마사지-안양시-만안구-생활권-이동동선-지역정보-이용전-안내/index.html","https://1004테라피.shop/massage/호현동-출장마사지-안양시-만안구-생활권-이동동선-지역정보-이용전-안내/","False","True",""
"지역SEO","massage/구갈동-출장마사지-용인시-기흥구-생활권-이동동선-지역정보-이용전-안내/index.html","https://1004테라피.shop/massage/구갈동-출장마사지-용인시-기흥구-생활권-이동동선-지역정보-이용전-안내/","False","True",""
"지역SEO","massage/구성동-출장마사지-용인시-기흥구-생활권-이동동선-지역정보-이용전-안내/index.html","https://1004테라피.shop/massage/구성동-출장마사지-용인시-기흥구-생활권-이동동선-지역정보-이용전-안내/","False","True",""
"지역SEO","massage/기흥동-출장마사지-용인시-기흥구-생활권-이동동선-지역정보-이용전-안내/index.html","https://1004테라피.shop/massage/기흥동-출장마사지-용인시-기흥구-생활권-이동동선-지역정보-이용전-안내/","False","True",""
"지역SEO","massage/동백동-출장마사지-용인시-기흥구-생활권-이동동선-지역정보-이용전-안내/index.html","https://1004테라피.shop/massage/동백동-출장마사지-용인시-기흥구-생활권-이동동선-지역정보-이용전-안내/","False","True",""
"지역SEO","massage/동부동-출장마사지-용인시-처인구-생활권-이동동선-지역정보-이용전-안내/index.html","https://1004테라피.shop/massage/동부동-출장마사지-용인시-처인구-생활권-이동동선-지역정보-이용전-안내/","False","True",""
"지역SEO","massage/동천동-출장마사지-용인시-수지구-생활권-이동동선-지역정보-이용전-안내/index.html","https://1004테라피.shop/massage/동천동-출장마사지-용인시-수지구-생활권-이동동선-지역정보-이용전-안내/","False","True",""
"지역SEO","massage/마북동-출장마사지-용인시-기흥구-생활권-이동동선-지역정보-이용전-안내/index.html","https://1004테라피.shop/massage/마북동-출장마사지-용인시-기흥구-생활권-이동동선-지역정보-이용전-안내/","False","True",""
"지역SEO","massage/보라동-출장마사지-용인시-기흥구-생활권-이동동선-지역정보-이용전-안내/index.html","https://1004테라피.shop/massage/보라동-출장마사지-용인시-기흥구-생활권-이동동선-지역정보-이용전-안내/","False","True",""
"지역SEO","massage/보정동-출장마사지-용인시-기흥구-생활권-이동동선-지역정보-이용전-안내/index.html","https://1004테라피.shop/massage/보정동-출장마사지-용인시-기흥구-생활권-이동동선-지역정보-이용전-안내/","False","True",""
"지역SEO","massage/삼가동-출장마사지-용인시-처인구-생활권-이동동선-지역정보-이용전-안내/index.html","https://1004테라피.shop/massage/삼가동-출장마사지-용인시-처인구-생활권-이동동선-지역정보-이용전-안내/","False","True",""
"지역SEO","massage/상갈동-출장마사지-용인시-기흥구-생활권-이동동선-지역정보-이용전-안내/index.html","https://1004테라피.shop/massage/상갈동-출장마사지-용인시-기흥구-생활권-이동동선-지역정보-이용전-안내/","False","True",""
"지역SEO","massage/상하동-출장마사지-용인시-기흥구-생활권-이동동선-지역정보-이용전-안내/index.html","https://1004테라피.shop/massage/상하동-출장마사지-용인시-기흥구-생활권-이동동선-지역정보-이용전-안내/","False","True",""
"지역SEO","massage/상현동-출장마사지-용인시-수지구-생활권-이동동선-지역정보-이용전-안내/index.html","https://1004테라피.shop/massage/상현동-출장마사지-용인시-수지구-생활권-이동동선-지역정보-이용전-안내/","False","True",""
"지역SEO","massage/서농동-출장마사지-용인시-기흥구-생활권-이동동선-지역정보-이용전-안내/index.html","https://1004테라피.shop/massage/서농동-출장마사지-용인시-기흥구-생활권-이동동선-지역정보-이용전-안내/","False","True",""
"지역SEO","massage/성복동-출장마사지-용인시-수지구-생활권-이동동선-지역정보-이용전-안내/index.html","https://1004테라피.shop/massage/성복동-출장마사지-용인시-수지구-생활권-이동동선-지역정보-이용전-안내/","False","True",""
"지역SEO","massage/신갈동-출장마사지-용인시-기흥구-생활권-이동동선-지역정보-이용전-안내/index.html","https://1004테라피.shop/massage/신갈동-출장마사지-용인시-기흥구-생활권-이동동선-지역정보-이용전-안내/","False","True",""
"지역SEO","massage/신봉동-출장마사지-용인시-수지구-생활권-이동동선-지역정보-이용전-안내/index.html","https://1004테라피.shop/massage/신봉동-출장마사지-용인시-수지구-생활권-이동동선-지역정보-이용전-안내/","False","True",""
"지역SEO","massage/역북동-출장마사지-용인시-처인구-생활권-이동동선-지역정보-이용전-안내/index.html","https://1004테라피.shop/massage/역북동-출장마사지-용인시-처인구-생활권-이동동선-지역정보-이용전-안내/","False","True",""
"지역SEO","massage/영덕동-출장마사지-용인시-기흥구-생활권-이동동선-지역정보-이용전-안내/index.html","https://1004테라피.shop/massage/영덕동-출장마사지-용인시-기흥구-생활권-이동동선-지역정보-이용전-안내/","False","True",""
"지역SEO","massage/유림동-출장마사지-용인시-처인구-생활권-이동동선-지역정보-이용전-안내/index.html","https://1004테라피.shop/massage/유림동-출장마사지-용인시-처인구-생활권-이동동선-지역정보-이용전-안내/","False","True",""
"지역SEO","massage/죽전동-출장마사지-용인시-수지구-생활권-이동동선-지역정보-이용전-안내/index.html","https://1004테라피.shop/massage/죽전동-출장마사지-용인시-수지구-생활권-이동동선-지역정보-이용전-안내/","False","True",""
"지역SEO","massage/중앙동-출장마사지-용인시-처인구-생활권-이동동선-지역정보-이용전-안내/index.html","https://1004테라피.shop/massage/중앙동-출장마사지-용인시-처인구-생활권-이동동선-지역정보-이용전-안내/","False","True",""
"지역SEO","massage/풍덕천동-출장마사지-용인시-수지구-생활권-이동동선-지역정보-이용전-안내/index.html","https://1004테라피.shop/massage/풍덕천동-출장마사지-용인시-수지구-생활권-이동동선-지역정보-이용전-안내/","False","True",""
"지역SEO","massage/기배동-출장마사지-화성시-효행구-생활권-이동동선-지역정보-이용전-안내/index.html","https://1004테라피.shop/massage/기배동-출장마사지-화성시-효행구-생활권-이동동선-지역정보-이용전-안내/","False","True",""
"지역SEO","massage/동탄동-출장마사지-화성시-동탄구-생활권-이동동선-지역정보-이용전-안내/index.html","https://1004테라피.shop/massage/동탄동-출장마사지-화성시-동탄구-생활권-이동동선-지역정보-이용전-안내/","False","True",""
"지역SEO","massage/반월동-출장마사지-화성시-병점구-생활권-이동동선-지역정보-이용전-안내/index.html","https://1004테라피.shop/massage/반월동-출장마사지-화성시-병점구-생활권-이동동선-지역정보-이용전-안내/","False","True",""
"지역SEO","massage/병점동-출장마사지-화성시-병점구-생활권-이동동선-지역정보-이용전-안내/index.html","https://1004테라피.shop/massage/병점동-출장마사지-화성시-병점구-생활권-이동동선-지역정보-이용전-안내/","False","True",""
"지역SEO","massage/새솔동-출장마사지-화성시-만세구-생활권-이동동선-지역정보-이용전-안내/index.html","https://1004테라피.shop/massage/새솔동-출장마사지-화성시-만세구-생활권-이동동선-지역정보-이용전-안내/","False","True",""
"지역SEO","massage/진안동-출장마사지-화성시-병점구-생활권-이동동선-지역정보-이용전-안내/index.html","https://1004테라피.shop/massage/진안동-출장마사지-화성시-병점구-생활권-이동동선-지역정보-이용전-안내/","False","True",""
"지역SEO","massage/화산동-출장마사지-화성시-병점구-생활권-이동동선-지역정보-이용전-안내/index.html","https://1004테라피.shop/massage/화산동-출장마사지-화성시-병점구-생활권-이동동선-지역정보-이용전-안내/","False","True",""
"지역SEO","massage/북면-출장마사지-가평군-생활권-지역정보-이용안내/index.html","https://1004테라피.shop/massage/북면-출장마사지-가평군-생활권-지역정보-이용안내/","False","True",""
"지역SEO","massage/상면-출장마사지-가평군-생활권-지역정보-이용안내/index.html","https://1004테라피.shop/massage/상면-출장마사지-가평군-생활권-지역정보-이용안내/","False","True",""
"지역SEO","massage/설악면-출장마사지-가평군-생활권-지역정보-이용안내/index.html","https://1004테라피.shop/massage/설악면-출장마사지-가평군-생활권-지역정보-이용안내/","False","True",""
"지역SEO","massage/조종면-출장마사지-가평군-생활권-지역정보-이용안내/index.html","https://1004테라피.shop/massage/조종면-출장마사지-가평군-생활권-지역정보-이용안내/","False","True",""
"지역SEO","massage/청평면-출장마사지-가평군-생활권-지역정보-이용안내/index.html","https://1004테라피.shop/massage/청평면-출장마사지-가평군-생활권-지역정보-이용안내/","False","True",""
"지역SEO","massage/가평읍-출장마사지-가평군-생활권-지역정보-이용안내/index.html","https://1004테라피.shop/massage/가평읍-출장마사지-가평군-생활권-지역정보-이용안내/","False","True",""
"지역SEO","massage/남종면-출장마사지-광주시-생활권-지역정보-이용안내/index.html","https://1004테라피.shop/massage/남종면-출장마사지-광주시-생활권-지역정보-이용안내/","False","True",""
"지역SEO","massage/남한산성면-출장마사지-광주시-생활권-지역정보-이용안내/index.html","https://1004테라피.shop/massage/남한산성면-출장마사지-광주시-생활권-지역정보-이용안내/","False","True",""
"지역SEO","massage/도척면-출장마사지-광주시-생활권-지역정보-이용안내/index.html","https://1004테라피.shop/massage/도척면-출장마사지-광주시-생활권-지역정보-이용안내/","False","True",""
"지역SEO","massage/퇴촌면-출장마사지-광주시-생활권-지역정보-이용안내/index.html","https://1004테라피.shop/massage/퇴촌면-출장마사지-광주시-생활권-지역정보-이용안내/","False","True",""
"지역SEO","massage/곤지암읍-출장마사지-광주시-생활권-지역정보-이용안내/index.html","https://1004테라피.shop/massage/곤지암읍-출장마사지-광주시-생활권-지역정보-이용안내/","False","True",""
"지역SEO","massage/초월읍-출장마사지-광주시-생활권-지역정보-이용안내/index.html","https://1004테라피.shop/massage/초월읍-출장마사지-광주시-생활권-지역정보-이용안내/","False","True",""
"지역SEO","massage/대곶면-출장마사지-김포시-생활권-지역정보-이용안내/index.html","https://1004테라피.shop/massage/대곶면-출장마사지-김포시-생활권-지역정보-이용안내/","False","True",""
"지역SEO","massage/월곶면-출장마사지-김포시-생활권-지역정보-이용안내/index.html","https://1004테라피.shop/massage/월곶면-출장마사지-김포시-생활권-지역정보-이용안내/","False","True",""
"지역SEO","massage/하성면-출장마사지-김포시-생활권-지역정보-이용안내/index.html","https://1004테라피.shop/massage/하성면-출장마사지-김포시-생활권-지역정보-이용안내/","False","True",""
"지역SEO","massage/고촌읍-출장마사지-김포시-생활권-지역정보-이용안내/index.html","https://1004테라피.shop/massage/고촌읍-출장마사지-김포시-생활권-지역정보-이용안내/","False","True",""
"지역SEO","massage/양촌읍-출장마사지-김포시-생활권-지역정보-이용안내/index.html","https://1004테라피.shop/massage/양촌읍-출장마사지-김포시-생활권-지역정보-이용안내/","False","True",""
"지역SEO","massage/통진읍-출장마사지-김포시-생활권-지역정보-이용안내/index.html","https://1004테라피.shop/massage/통진읍-출장마사지-김포시-생활권-지역정보-이용안내/","False","True",""
"지역SEO","massage/별내면-출장마사지-남양주시-생활권-지역정보-이용안내/index.html","https://1004테라피.shop/massage/별내면-출장마사지-남양주시-생활권-지역정보-이용안내/","False","True",""
"지역SEO","massage/수동면-출장마사지-남양주시-생활권-지역정보-이용안내/index.html","https://1004테라피.shop/massage/수동면-출장마사지-남양주시-생활권-지역정보-이용안내/","False","True",""
"지역SEO","massage/조안면-출장마사지-남양주시-생활권-지역정보-이용안내/index.html","https://1004테라피.shop/massage/조안면-출장마사지-남양주시-생활권-지역정보-이용안내/","False","True",""
"지역SEO","massage/오남읍-출장마사지-남양주시-생활권-지역정보-이용안내/index.html","https://1004테라피.shop/massage/오남읍-출장마사지-남양주시-생활권-지역정보-이용안내/","False","True",""
"지역SEO","massage/와부읍-출장마사지-남양주시-생활권-지역정보-이용안내/index.html","https://1004테라피.shop/massage/와부읍-출장마사지-남양주시-생활권-지역정보-이용안내/","False","True",""
"지역SEO","massage/진건읍-출장마사지-남양주시-생활권-지역정보-이용안내/index.html","https://1004테라피.shop/massage/진건읍-출장마사지-남양주시-생활권-지역정보-이용안내/","False","True",""
"지역SEO","massage/진접읍-출장마사지-남양주시-생활권-지역정보-이용안내/index.html","https://1004테라피.shop/massage/진접읍-출장마사지-남양주시-생활권-지역정보-이용안내/","False","True",""
"지역SEO","massage/퇴계원읍-출장마사지-남양주시-생활권-지역정보-이용안내/index.html","https://1004테라피.shop/massage/퇴계원읍-출장마사지-남양주시-생활권-지역정보-이용안내/","False","True",""
"지역SEO","massage/화도읍-출장마사지-남양주시-생활권-지역정보-이용안내/index.html","https://1004테라피.shop/massage/화도읍-출장마사지-남양주시-생활권-지역정보-이용안내/","False","True",""
"지역SEO","massage/고삼면-출장마사지-안성시-생활권-지역정보-이용안내/index.html","https://1004테라피.shop/massage/고삼면-출장마사지-안성시-생활권-지역정보-이용안내/","False","True",""
"지역SEO","massage/금광면-출장마사지-안성시-생활권-지역정보-이용안내/index.html","https://1004테라피.shop/massage/금광면-출장마사지-안성시-생활권-지역정보-이용안내/","False","True",""
"지역SEO","massage/대덕면-출장마사지-안성시-생활권-지역정보-이용안내/index.html","https://1004테라피.shop/massage/대덕면-출장마사지-안성시-생활권-지역정보-이용안내/","False","True",""
"지역SEO","massage/미양면-출장마사지-안성시-생활권-지역정보-이용안내/index.html","https://1004테라피.shop/massage/미양면-출장마사지-안성시-생활권-지역정보-이용안내/","False","True",""
"지역SEO","massage/보개면-출장마사지-안성시-생활권-지역정보-이용안내/index.html","https://1004테라피.shop/massage/보개면-출장마사지-안성시-생활권-지역정보-이용안내/","False","True",""
"지역SEO","massage/삼죽면-출장마사지-안성시-생활권-지역정보-이용안내/index.html","https://1004테라피.shop/massage/삼죽면-출장마사지-안성시-생활권-지역정보-이용안내/","False","True",""
"지역SEO","massage/서운면-출장마사지-안성시-생활권-지역정보-이용안내/index.html","https://1004테라피.shop/massage/서운면-출장마사지-안성시-생활권-지역정보-이용안내/","False","True",""
"지역SEO","massage/양성면-출장마사지-안성시-생활권-지역정보-이용안내/index.html","https://1004테라피.shop/massage/양성면-출장마사지-안성시-생활권-지역정보-이용안내/","False","True",""
"지역SEO","massage/원곡면-출장마사지-안성시-생활권-지역정보-이용안내/index.html","https://1004테라피.shop/massage/원곡면-출장마사지-안성시-생활권-지역정보-이용안내/","False","True",""
"지역SEO","massage/일죽면-출장마사지-안성시-생활권-지역정보-이용안내/index.html","https://1004테라피.shop/massage/일죽면-출장마사지-안성시-생활권-지역정보-이용안내/","False","True",""
"지역SEO","massage/죽산면-출장마사지-안성시-생활권-지역정보-이용안내/index.html","https://1004테라피.shop/massage/죽산면-출장마사지-안성시-생활권-지역정보-이용안내/","False","True",""
"지역SEO","massage/공도읍-출장마사지-안성시-생활권-지역정보-이용안내/index.html","https://1004테라피.shop/massage/공도읍-출장마사지-안성시-생활권-지역정보-이용안내/","False","True",""
"지역SEO","massage/광적면-출장마사지-양주시-생활권-지역정보-이용안내/index.html","https://1004테라피.shop/massage/광적면-출장마사지-양주시-생활권-지역정보-이용안내/","False","True",""
"지역SEO","massage/남면-출장마사지-양주시-생활권-지역정보-이용안내/index.html","https://1004테라피.shop/massage/남면-출장마사지-양주시-생활권-지역정보-이용안내/","False","True",""
"지역SEO","massage/은현면-출장마사지-양주시-생활권-지역정보-이용안내/index.html","https://1004테라피.shop/massage/은현면-출장마사지-양주시-생활권-지역정보-이용안내/","False","True",""
"지역SEO","massage/장흥면-출장마사지-양주시-생활권-지역정보-이용안내/index.html","https://1004테라피.shop/massage/장흥면-출장마사지-양주시-생활권-지역정보-이용안내/","False","True",""
"지역SEO","massage/백석읍-출장마사지-양주시-생활권-지역정보-이용안내/index.html","https://1004테라피.shop/massage/백석읍-출장마사지-양주시-생활권-지역정보-이용안내/","False","True",""
"지역SEO","massage/강상면-출장마사지-양평군-생활권-지역정보-이용안내/index.html","https://1004테라피.shop/massage/강상면-출장마사지-양평군-생활권-지역정보-이용안내/","False","True",""
"지역SEO","massage/강하면-출장마사지-양평군-생활권-지역정보-이용안내/index.html","https://1004테라피.shop/massage/강하면-출장마사지-양평군-생활권-지역정보-이용안내/","False","True",""
"지역SEO","massage/개군면-출장마사지-양평군-생활권-지역정보-이용안내/index.html","https://1004테라피.shop/massage/개군면-출장마사지-양평군-생활권-지역정보-이용안내/","False","True",""
"지역SEO","massage/단월면-출장마사지-양평군-생활권-지역정보-이용안내/index.html","https://1004테라피.shop/massage/단월면-출장마사지-양평군-생활권-지역정보-이용안내/","False","True",""
"지역SEO","massage/서종면-출장마사지-양평군-생활권-지역정보-이용안내/index.html","https://1004테라피.shop/massage/서종면-출장마사지-양평군-생활권-지역정보-이용안내/","False","True",""
"지역SEO","massage/양동면-출장마사지-양평군-생활권-지역정보-이용안내/index.html","https://1004테라피.shop/massage/양동면-출장마사지-양평군-생활권-지역정보-이용안내/","False","True",""
"지역SEO","massage/양서면-출장마사지-양평군-생활권-지역정보-이용안내/index.html","https://1004테라피.shop/massage/양서면-출장마사지-양평군-생활권-지역정보-이용안내/","False","True",""
"지역SEO","massage/옥천면-출장마사지-양평군-생활권-지역정보-이용안내/index.html","https://1004테라피.shop/massage/옥천면-출장마사지-양평군-생활권-지역정보-이용안내/","False","True",""
"지역SEO","massage/용문면-출장마사지-양평군-생활권-지역정보-이용안내/index.html","https://1004테라피.shop/massage/용문면-출장마사지-양평군-생활권-지역정보-이용안내/","False","True",""
"지역SEO","massage/지평면-출장마사지-양평군-생활권-지역정보-이용안내/index.html","https://1004테라피.shop/massage/지평면-출장마사지-양평군-생활권-지역정보-이용안내/","False","True",""
"지역SEO","massage/청운면-출장마사지-양평군-생활권-지역정보-이용안내/index.html","https://1004테라피.shop/massage/청운면-출장마사지-양평군-생활권-지역정보-이용안내/","False","True",""
"지역SEO","massage/양평읍-출장마사지-양평군-생활권-지역정보-이용안내/index.html","https://1004테라피.shop/massage/양평읍-출장마사지-양평군-생활권-지역정보-이용안내/","False","True",""
"지역SEO","massage/강천면-출장마사지-여주시-생활권-지역정보-이용안내/index.html","https://1004테라피.shop/massage/강천면-출장마사지-여주시-생활권-지역정보-이용안내/","False","True",""
"지역SEO","massage/금사면-출장마사지-여주시-생활권-지역정보-이용안내/index.html","https://1004테라피.shop/massage/금사면-출장마사지-여주시-생활권-지역정보-이용안내/","False","True",""
"지역SEO","massage/대신면-출장마사지-여주시-생활권-지역정보-이용안내/index.html","https://1004테라피.shop/massage/대신면-출장마사지-여주시-생활권-지역정보-이용안내/","False","True",""
"지역SEO","massage/북내면-출장마사지-여주시-생활권-지역정보-이용안내/index.html","https://1004테라피.shop/massage/북내면-출장마사지-여주시-생활권-지역정보-이용안내/","False","True",""
"지역SEO","massage/산북면-출장마사지-여주시-생활권-지역정보-이용안내/index.html","https://1004테라피.shop/massage/산북면-출장마사지-여주시-생활권-지역정보-이용안내/","False","True",""
"지역SEO","massage/세종대왕면-출장마사지-여주시-생활권-지역정보-이용안내/index.html","https://1004테라피.shop/massage/세종대왕면-출장마사지-여주시-생활권-지역정보-이용안내/","False","True",""
"지역SEO","massage/점동면-출장마사지-여주시-생활권-지역정보-이용안내/index.html","https://1004테라피.shop/massage/점동면-출장마사지-여주시-생활권-지역정보-이용안내/","False","True",""
"지역SEO","massage/흥천면-출장마사지-여주시-생활권-지역정보-이용안내/index.html","https://1004테라피.shop/massage/흥천면-출장마사지-여주시-생활권-지역정보-이용안내/","False","True",""
"지역SEO","massage/가남읍-출장마사지-여주시-생활권-지역정보-이용안내/index.html","https://1004테라피.shop/massage/가남읍-출장마사지-여주시-생활권-지역정보-이용안내/","False","True",""
"지역SEO","massage/군남면-출장마사지-연천군-생활권-지역정보-이용안내/index.html","https://1004테라피.shop/massage/군남면-출장마사지-연천군-생활권-지역정보-이용안내/","False","True",""
"지역SEO","massage/미산면-출장마사지-연천군-생활권-지역정보-이용안내/index.html","https://1004테라피.shop/massage/미산면-출장마사지-연천군-생활권-지역정보-이용안내/","False","True",""
"지역SEO","massage/백학면-출장마사지-연천군-생활권-지역정보-이용안내/index.html","https://1004테라피.shop/massage/백학면-출장마사지-연천군-생활권-지역정보-이용안내/","False","True",""
"지역SEO","massage/신서면-출장마사지-연천군-생활권-지역정보-이용안내/index.html","https://1004테라피.shop/massage/신서면-출장마사지-연천군-생활권-지역정보-이용안내/","False","True",""
"지역SEO","massage/왕징면-출장마사지-연천군-생활권-지역정보-이용안내/index.html","https://1004테라피.shop/massage/왕징면-출장마사지-연천군-생활권-지역정보-이용안내/","False","True",""
"지역SEO","massage/장남면-출장마사지-연천군-생활권-지역정보-이용안내/index.html","https://1004테라피.shop/massage/장남면-출장마사지-연천군-생활권-지역정보-이용안내/","False","True",""
"지역SEO","massage/중면-출장마사지-연천군-생활권-지역정보-이용안내/index.html","https://1004테라피.shop/massage/중면-출장마사지-연천군-생활권-지역정보-이용안내/","False","True",""
"지역SEO","massage/청산면-출장마사지-연천군-생활권-지역정보-이용안내/index.html","https://1004테라피.shop/massage/청산면-출장마사지-연천군-생활권-지역정보-이용안내/","False","True",""
"지역SEO","massage/연천읍-출장마사지-연천군-생활권-지역정보-이용안내/index.html","https://1004테라피.shop/massage/연천읍-출장마사지-연천군-생활권-지역정보-이용안내/","False","True",""
"지역SEO","massage/전곡읍-출장마사지-연천군-생활권-지역정보-이용안내/index.html","https://1004테라피.shop/massage/전곡읍-출장마사지-연천군-생활권-지역정보-이용안내/","False","True",""
"지역SEO","massage/백암면-출장마사지-용인시-처인구-생활권-지역정보-이용안내/index.html","https://1004테라피.shop/massage/백암면-출장마사지-용인시-처인구-생활권-지역정보-이용안내/","False","True",""
"지역SEO","massage/원삼면-출장마사지-용인시-처인구-생활권-지역정보-이용안내/index.html","https://1004테라피.shop/massage/원삼면-출장마사지-용인시-처인구-생활권-지역정보-이용안내/","False","True",""
"지역SEO","massage/남사읍-출장마사지-용인시-처인구-생활권-지역정보-이용안내/index.html","https://1004테라피.shop/massage/남사읍-출장마사지-용인시-처인구-생활권-지역정보-이용안내/","False","True",""
"지역SEO","massage/모현읍-출장마사지-용인시-처인구-생활권-지역정보-이용안내/index.html","https://1004테라피.shop/massage/모현읍-출장마사지-용인시-처인구-생활권-지역정보-이용안내/","False","True",""
"지역SEO","massage/양지읍-출장마사지-용인시-처인구-생활권-지역정보-이용안내/index.html","https://1004테라피.shop/massage/양지읍-출장마사지-용인시-처인구-생활권-지역정보-이용안내/","False","True",""
"지역SEO","massage/이동읍-출장마사지-용인시-처인구-생활권-지역정보-이용안내/index.html","https://1004테라피.shop/massage/이동읍-출장마사지-용인시-처인구-생활권-지역정보-이용안내/","False","True",""
"지역SEO","massage/포곡읍-출장마사지-용인시-처인구-생활권-지역정보-이용안내/index.html","https://1004테라피.shop/massage/포곡읍-출장마사지-용인시-처인구-생활권-지역정보-이용안내/","False","True",""
"지역SEO","massage/대월면-출장마사지-이천시-생활권-지역정보-이용안내/index.html","https://1004테라피.shop/massage/대월면-출장마사지-이천시-생활권-지역정보-이용안내/","False","True",""
"지역SEO","massage/마장면-출장마사지-이천시-생활권-지역정보-이용안내/index.html","https://1004테라피.shop/massage/마장면-출장마사지-이천시-생활권-지역정보-이용안내/","False","True",""
"지역SEO","massage/모가면-출장마사지-이천시-생활권-지역정보-이용안내/index.html","https://1004테라피.shop/massage/모가면-출장마사지-이천시-생활권-지역정보-이용안내/","False","True",""
