"업체명","적용지역","광역지역","상위지역","하위지역","지역위도","지역경도","지오코딩상태","대표역","역노선","역운영기관","역도로명주소","역거리km","검토필요","검색결과주소"
"한국미인테라피","경기","경기","가평군","가평읍","37.8253380","127.5166062","OK","가평역","경춘선","한국철도공사","경기도 가평군 가평읍 문화로 13-42(달전리 567)","1.31","","가평읍, 가평군, 경기도, 대한민국"
"한국미인테라피","경기","경기","가평군","북면","37.9266500","127.5109300","OK","굴봉산역","경춘선","한국철도공사","강원도 춘천시 남산면 서백길 192(백양리 588-30)","11.29","8km초과","북면, 가평군, 경기도, 대한민국"
"한국미인테라피","경기","경기","가평군","상면","37.7937800","127.3394400","OK","청평역","경춘선","한국철도공사","경기도 가평군 청평면 청평역로 97-33(청평리 125-1)","10.03","8km초과","상면, 가평군, 경기도, 대한민국"
"한국미인테라피","경기","경기","가평군","설악면","37.6575000","127.5031000","OK","청평역","경춘선","한국철도공사","경기도 가평군 청평면 청평역로 97-33(청평리 125-1)","10.98","8km초과","설악면, 가평군, 경기도, 대한민국"
"한국미인테라피","경기","경기","가평군","조종면","37.8485770","127.3625446","OK","상천역","경춘선","한국철도공사","경기도 가평군 청평면 상천역로 29(상천리 1261)","11.86","8km초과","조종면, 가평군, 경기도, 대한민국"
"한국미인테라피","경기","경기","가평군","청평면","37.7256797","127.4264583","OK","청평역","경춘선","한국철도공사","경기도 가평군 청평면 청평역로 97-33(청평리 125-1)","1.09","","청평면, 가평군, 경기도, 대한민국"
"한국미인테라피","경기","경기","고양시","일산동","37.6844028","126.7690149","OK","일산역","경의중앙선","한국철도공사","경기도 고양시 일산서구 경의로 672","0.25","","일산동, 일산1동, 일산서구, 고양시, 경기도, 10352, 대한민국"
"한국미인테라피","경기","경기","고양시-덕양구","고양동","37.7090099","126.8997941","OK","삼송역","일산선","한국철도공사","경기도 고양시 덕양구 삼송로 194","6.23","","고양동, 덕양구, 고양시, 경기도, 대한민국"
"한국미인테라피","경기","경기","고양시-덕양구","관산동","37.6980373","126.8616018","OK","원당역","일산선","한국철도공사","경기도 고양시 덕양구 덕양대로 1429(성사1동 4100-7)","5.26","","관산동, 덕양구, 고양시, 경기도, 대한민국"
"한국미인테라피","경기","경기","고양시-덕양구","능곡동","37.6266625","126.8070727","OK","대곡역","서해선","한국철도공사","경기도 고양시 덕양구 대주로 107번길 71-81(대장동 420-1)","0.60","","능곡동, 덕양구, 고양시, 경기도, 대한민국"
"한국미인테라피","경기","경기","고양시-덕양구","대덕동","37.5904075","126.8522875","OK","한국항공대역","경의중앙선","한국철도공사","경기도 고양시 덕양구 화랑로 53(화전동 183-10)","2.00","","대덕동, 덕양구, 고양시, 경기도, 대한민국"
"한국미인테라피","경기","경기","고양시-덕양구","삼송동","37.6518400","126.8897232","OK","삼송역","일산선","한국철도공사","경기도 고양시 덕양구 삼송로 194","0.53","","삼송동, 삼송1동, 덕양구, 고양시, 경기도, 10589, 대한민국"
"한국미인테라피","경기","경기","고양시-덕양구","성사동","37.6549591","126.8465702","OK","원당역","일산선","한국철도공사","경기도 고양시 덕양구 덕양대로 1429(성사1동 4100-7)","0.38","","성사동, 성사1동, 덕양구, 고양시, 경기도, 10479, 대한민국"
"한국미인테라피","경기","경기","고양시-덕양구","원신동","37.6698003","126.8671701","OK","원흥역","일산선","한국철도공사","경기도 고양시 덕양구 권율대로 681 (원흥동, 원흥역) 원흥역","2.19","","원신동, 덕양구, 고양시, 경기도, 대한민국"
"한국미인테라피","경기","경기","고양시-덕양구","주교동","37.6600889","126.8268991","OK","원당역","일산선","한국철도공사","경기도 고양시 덕양구 덕양대로 1429(성사1동 4100-7)","1.61","","주교동, 덕양구, 고양시, 경기도, 대한민국"
"한국미인테라피","경기","경기","고양시-덕양구","창릉동","37.6306469","126.8912180","OK","구파발역","3호선","서울교통공사","서울특별시 은평구 진관2로 지하15-25 (진관동)","2.52","","창릉동, 덕양구, 고양시, 경기도, 대한민국"
"한국미인테라피","경기","경기","고양시-덕양구","행신동","37.6194469","126.8372169","OK","행신역","경의중앙선","한국철도공사","경기도 고양시 덕양구 행신동 충경로 124번지(행신2동 812)","0.86","","행신동, 행신1동, 덕양구, 고양시, 경기도, 10528, 대한민국"
"한국미인테라피","경기","경기","고양시-덕양구","행주동","37.6098173","126.8171463","OK","능곡역","서해선","한국철도공사","경기도 고양시 덕양구 토당로 35(토당동 454-3)","1.04","","행주동, 덕양구, 고양시, 경기도, 대한민국"
"한국미인테라피","경기","경기","고양시-덕양구","화전동","37.6031310","126.8841703","OK","한국항공대역","경의중앙선","한국철도공사","경기도 고양시 덕양구 화랑로 53(화전동 183-10)","1.40","","화전동, 덕양구, 고양시, 경기도, 대한민국"
"한국미인테라피","경기","경기","고양시-덕양구","화정동","37.6351667","126.8328241","OK","화정역","일산선","한국철도공사","경기도 고양시 덕양구 화정로 60 화정역","0.06","","화정동, 화정1동, 덕양구, 고양시, 경기도, 10497, 대한민국"
"한국미인테라피","경기","경기","고양시-덕양구","효자동","37.6611270","126.9569905","OK","지축역","3호선","서울교통공사","경기도 고양시 덕양구 삼송로 300(지축동)","4.07","","효자동, 덕양구, 고양시, 경기도, 대한민국"
"한국미인테라피","경기","경기","고양시-덕양구","흥도동","37.6313124","126.8620107","OK","원흥역","일산선","한국철도공사","경기도 고양시 덕양구 권율대로 681 (원흥동, 원흥역) 원흥역","2.37","","흥도동, 덕양구, 고양시, 경기도, 대한민국"
"한국미인테라피","경기","경기","고양시-일산동구","고봉동","37.7096193","126.8092190","OK","운정역","경의중앙선","한국철도공사","경기도 파주시 운정역길 368(야당동 299-4번지)","4.10","","고봉동, 일산동구, 고양시, 경기도, 대한민국"
"한국미인테라피","경기","경기","고양시-일산동구","마두동","37.6577703","126.7846924","OK","백마역","경의중앙선","한국철도공사","경기도 고양시 일산동구 경의로 318(풍동 482-8)","0.86","","마두동, 마두2동, 일산동구, 고양시, 경기도, 10411, 대한민국"
"한국미인테라피","경기","경기","고양시-일산동구","백석동","37.6436734","126.7878528","OK","백석역","일산선","한국철도공사","경기도 고양시 일산동구 중앙로 1042","0.08","","백석동, 백석1동, 일산동구, 고양시, 경기도, 10447, 대한민국"
"한국미인테라피","경기","경기","고양시-일산동구","식사동","37.6778734","126.8133169","OK","풍산역","경의중앙선","한국철도공사","경기도 고양시 일산동구 경의로 486(풍동)","2.46","","식사동, 일산동구, 고양시, 경기도, 대한민국"
"한국미인테라피","경기","경기","고양시-일산동구","장항동","37.6495000","126.7653867","OK","마두역","일산선","한국철도공사","경기도 고양시 일산동구 중앙로 지하 1180(마두동)","1.12","","장항동, 장항1동, 일산동구, 고양시, 경기도, 10429, 대한민국"
"한국미인테라피","경기","경기","고양시-일산동구","정발산동","37.6706405","126.7793564","OK","풍산역","경의중앙선","한국철도공사","경기도 고양시 일산동구 경의로 486(풍동)","0.64","","정발산동, 일산동구, 고양시, 경기도, 대한민국"
"한국미인테라피","경기","경기","고양시-일산동구","중산동","37.6901545","126.7804306","OK","일산역","경의중앙선","한국철도공사","경기도 고양시 일산서구 경의로 672","1.30","","중산동, 중산1동, 일산동구, 고양시, 경기도, 10333, 대한민국"
"한국미인테라피","경기","경기","고양시-일산동구","풍산동","37.6641595","126.8011521","OK","백마역","경의중앙선","한국철도공사","경기도 고양시 일산동구 경의로 318(풍동 482-8)","0.88","","풍산동, 일산동구, 고양시, 경기도, 대한민국"
"한국미인테라피","경기","경기","고양시-일산서구","가좌동","37.6839540","126.6997268","OK","운양역","김포도시철도","김포골드라인에스알에스㈜","경기도 김포시 김포한강1로 지하 235","3.63","","가좌동, 일산서구, 고양시, 경기도, 대한민국"
"한국미인테라피","경기","경기","고양시-일산서구","대화동","37.6777329","126.7502918","OK","대화역","일산선","한국철도공사","경기도 고양시 일산서구 중앙로 1569(대화동 2221)","0.30","","대화동, 일산서구, 고양시, 경기도, 대한민국"
"한국미인테라피","경기","경기","고양시-일산서구","덕이동","37.6957279","126.7448226","OK","탄현역","경의중앙선","한국철도공사","경기도 고양시 일산서구 경의로 856(덕이동)","1.44","","덕이동, 일산서구, 고양시, 경기도, 대한민국"
"한국미인테라피","경기","경기","고양시-일산서구","송포동","37.6691138","126.7174631","OK","대화역","일산선","한국철도공사","경기도 고양시 일산서구 중앙로 1569(대화동 2221)","2.77","","송포동, 일산서구, 고양시, 경기도, 대한민국"
"한국미인테라피","경기","경기","고양시-일산서구","일산동","37.6844028","126.7690149","OK","일산역","경의중앙선","한국철도공사","경기도 고양시 일산서구 경의로 672","0.25","","일산동, 일산1동, 일산서구, 고양시, 경기도, 10352, 대한민국"
"한국미인테라피","경기","경기","고양시-일산서구","주엽동","37.6712292","126.7618004","OK","주엽역","일산선","한국철도공사","경기도 고양시 일산서구 중앙로 1432(주엽동 166-7)","0.13","","주엽동, 주엽2동, 일산서구, 고양시, 경기도, 10388, 대한민국"
"한국미인테라피","경기","경기","고양시-일산서구","탄현동","","","OK","","","","","","역미배정",""
"한국미인테라피","경기","경기","과천시","갈현동","37.4149075","126.9824277","OK","정부과천청사역","안산과천선","한국철도공사","경기도 과천시 중앙로 지하 100","1.44","","갈현동, 과천시, 경기도, 13840, 대한민국"
"한국미인테라피","경기","경기","과천시","과천동","37.4497001","127.0008925","OK","선바위역","안산과천선","한국철도공사","경기도 과천시 중앙로 440","0.26","","과천동, 과천시, 경기도, 13815, 대한민국"
"한국미인테라피","경기","경기","과천시","문원동","37.4210755","127.0012297","OK","정부과천청사역","안산과천선","한국철도공사","경기도 과천시 중앙로 지하 100","1.17","","문원동, 과천시, 경기도, 13834, 대한민국"
"한국미인테라피","경기","경기","과천시","별양동","37.4276861","126.9958682","OK","정부과천청사역","안산과천선","한국철도공사","경기도 과천시 중앙로 지하 100","0.55","","별양동, 과천시, 경기도, 13834, 대한민국"
"한국미인테라피","경기","경기","과천시","부림동","37.4348254","126.9984635","OK","과천역","안산과천선","한국철도공사","경기도 과천시 별양로 지하 177","0.29","","부림동, 과천시, 경기도, 13831, 대한민국"
"한국미인테라피","경기","경기","과천시","원문동","37.4222641","126.9914257","OK","정부과천청사역","안산과천선","한국철도공사","경기도 과천시 중앙로 지하 100","0.49","","원문동, 과천시, 경기도, 13839, 대한민국"
"한국미인테라피","경기","경기","과천시","중앙동","37.4288386","126.9891084","OK","정부과천청사역","안산과천선","한국철도공사","경기도 과천시 중앙로 지하 100","0.27","","중앙동, 과천시, 경기도, 13806, 대한민국"
"한국미인테라피","경기","경기","광명시","광명동","37.4755611","126.8538184","OK","광명사거리역","7호선","서울교통공사","경기도 광명시 오리로 지하980(광명동)","0.42","","광명동, 광명4동, 광명시, 경기도, 14268, 대한민국"
"한국미인테라피","경기","경기","광명시","소하동","37.4432784","126.8823406","OK","금천구청역","경부선","한국철도공사","서울시 금천구 시흥대로 63길 91","1.75","","소하동, 소하2동, 광명시, 경기도, 14323, 대한민국"
"한국미인테라피","경기","경기","광명시","일직동","37.4194860","126.8837827","OK","광명역","경부선","한국철도공사","경기도 광명시 광명역로 21","0.39","","일직동, 광명시, 경기도, 대한민국"
"한국미인테라피","경기","경기","광명시","철산동","37.4802090","126.8678124","OK","철산역","7호선","서울교통공사","경기도 광명시 철산로 지하13(철산동)","0.45","","철산동, 철산3동, 광명시, 경기도, 14233, 대한민국"
"한국미인테라피","경기","경기","광명시","하안동","37.4611134","126.8698981","OK","철산역","7호선","서울교통공사","경기도 광명시 철산로 지하13(철산동)","1.68","","하안동, 하안1동, 광명시, 경기도, 14259, 대한민국"
"한국미인테라피","경기","경기","광명시","학온동","37.4307416","126.8540778","OK","광명역","경부선","한국철도공사","경기도 광명시 광명역로 21","3.15","","학온동, 광명시, 경기도, 대한민국"
"한국미인테라피","경기","경기","광주시","경안동","37.4112600","127.2539300","OK","경기광주역","경강선","한국철도공사","경기도 광주시 광주역로 10 경기광주역사","1.37","","경안동, 광주시, 경기도, 대한민국"
"한국미인테라피","경기","경기","광주시","곤지암읍","37.3499544","127.3619528","OK","곤지암역","경강선","한국철도공사","경기도 광주시 곤지암천로 333","1.40","","곤지암읍, 광주시, 경기도, 대한민국"
"한국미인테라피","경기","경기","광주시","광남동","37.3890193","127.2298173","OK","경기광주역","경강선","한국철도공사","경기도 광주시 광주역로 10 경기광주역사","2.34","","광남동 행정복지센터, 45, 태봉로, 태전동, 광남2동, 광주시, 경기도, 12784, 대한민국"
"한국미인테라피","경기","경기","광주시","남종면","37.5004800","127.3175300","OK","양수역","경의중앙선","한국철도공사","경기도 양평군 양서면 목왕로 55-10","5.16","","남종면, 광주시, 경기도, 대한민국"
"한국미인테라피","경기","경기","광주시","남한산성면","37.4611375","127.2324427","OK","삼동역","경강선","한국철도공사","경기도 광주시 순암로 451","6.36","","남한산성면, 광주시, 경기도, 대한민국"
"한국미인테라피","경기","경기","광주시","능평동","37.3505851","127.1616109","OK","미금역","분당선","한국철도공사","경기도 성남시 수정구 성남대로 지하 156","4.66","","능평동, 용산골, 광주시, 경기도, 대한민국"
"한국미인테라피","경기","경기","광주시","도척면","37.3062000","127.3180900","OK","곤지암역","경강선","한국철도공사","경기도 광주시 곤지암천로 333","5.52","","도척면, 광주시, 경기도, 대한민국"
"한국미인테라피","경기","경기","광주시","송정동","37.4264102","127.2575353","OK","경기광주역","경강선","한국철도공사","경기도 광주시 광주역로 10 경기광주역사","3.07","","송정동, 광주시, 경기도, 대한민국"
"한국미인테라피","경기","경기","광주시","신현동","37.3653600","127.1597800","OK","서현역","분당선","한국철도공사","경기도 성남시 분당구 성남대로 지하 601","3.89","","신현동, 동막골, 광주시, 경기도, 대한민국"
"한국미인테라피","경기","경기","광주시","쌍령동","37.4030800","127.2708400","OK","경기광주역","경강선","한국철도공사","경기도 광주시 광주역로 10 경기광주역사","1.62","","쌍령동, 대쌍령리, 광주시, 경기도, 12791, 대한민국"
"한국미인테라피","경기","경기","광주시","오포동","37.3654165","127.2326884","OK","경기광주역","경강선","한국철도공사","경기도 광주시 광주역로 10 경기광주역사","4.15","","오포동, 광주시, 경기도, 대한민국"
"한국미인테라피","경기","경기","광주시","초월읍","37.3959800","127.3100900","OK","초월역","경강선","한국철도공사","경기도 광주시 초월읍 경충대로 1066","2.67","","초월읍, 광주시, 경기도, 대한민국"
"한국미인테라피","경기","경기","광주시","탄벌동","37.4319006","127.2227948","OK","삼동역","경강선","한국철도공사","경기도 광주시 순암로 451","3.09","","탄벌동, 광주시, 경기도, 대한민국"
"한국미인테라피","경기","경기","광주시","퇴촌면","37.4587800","127.3256000","OK","신원역","경의중앙선","한국철도공사","경기도 양평군 양서면 신원역길 7  _x000D_","8.55","8km초과","퇴촌면, 광주시, 경기도, 대한민국"
"한국미인테라피","경기","경기","구리시","갈매동","37.6310565","127.1168045","OK","갈매역","경춘선","한국철도공사","경기도 구리시 갈매동 경춘북로 229(갈매동 502-18)","0.39","","갈매동, 구리시, 경기도, 11902, 대한민국"
"한국미인테라피","경기","경기","구리시","교문동","37.5875737","127.1275277","OK","장자호수공원역","8호선","구리도시공사","수택동 870-3 일원(장자2사거리)","0.92","","교문동, 구리시, 경기도, 11954, 대한민국"
"한국미인테라피","경기","경기","구리시","동구동","37.6117004","127.1393514","OK","동구릉역","8호선","구리도시공사","인창동 679-8 일원(구리도매시장)","0.40","","동구동 행정복지센터, 25, 동구릉로148번길, 인창동, 구리시, 경기도, 11915, 대한민국"
"한국미인테라피","경기","경기","구리시","수택동","37.5962736","127.1419836","OK","구리역","8호선","구리도시공사","인창동 675-1 일원(구리역공원)","0.71","","수택동, 구리시, 경기도, 11932, 대한민국"
"한국미인테라피","경기","경기","구리시","인창동","37.6130980","127.1319711","OK","동구릉역","8호선","구리도시공사","인창동 679-8 일원(구리도매시장)","0.39","","인창동, 구리시, 경기도, 11914, 대한민국"
"한국미인테라피","경기","경기","군포시","광정동","37.3652654","126.9277554","OK","산본역","안산과천선","한국철도공사","경기도 군포시 번영로 504","0.93","","광정동, 군포시, 경기도, 대한민국"
"한국미인테라피","경기","경기","군포시","군포동","","","OK","","","","","","역미배정",""
"한국미인테라피","경기","경기","군포시","궁내동","37.3596587","126.9218365","OK","산본역","안산과천선","한국철도공사","경기도 군포시 번영로 504","1.00","","궁내동, 산본동, 경기도, 대한민국"
"한국미인테라피","경기","경기","군포시","금정동","37.3653542","126.9393439","OK","금정역","경부선","한국철도공사","경기도 군포시 군포로 750","0.82","","금정동, 군포시, 경기도, 15827, 대한민국"
"한국미인테라피","경기","경기","군포시","대야동","37.3303161","126.9153537","OK","대야미역","안산과천선","한국철도공사","경기도 군포시 대야1로 28","0.27","","대야동, 군포시, 경기도, 15886, 대한민국"
"한국미인테라피","경기","경기","군포시","산본동","37.3595509","126.9203336","OK","수리산역","안산과천선","한국철도공사","경기도 군포시 번영로 385","1.13","","산본동, 광정동, 군포시, 경기도, 대한민국"
"한국미인테라피","경기","경기","군포시","송부동","37.3203965","126.9250291","OK","대야미역","안산과천선","한국철도공사","경기도 군포시 대야1로 28","1.12","","송부동, 군포시, 경기도, 대한민국"
"한국미인테라피","경기","경기","군포시","수리동","37.3559970","126.9210314","OK","수리산역","안산과천선","한국철도공사","경기도 군포시 번영로 385","0.75","","수리동, 산본동, 경기도, 대한민국"
"한국미인테라피","경기","경기","군포시","오금동","37.3510196","126.9295394","OK","수리산역","안산과천선","한국철도공사","경기도 군포시 번영로 385","0.36","","오금동, 금정동, 경기도, 대한민국"
"한국미인테라피","경기","경기","군포시","재궁동","37.3578972","126.9376392","OK","산본역","안산과천선","한국철도공사","경기도 군포시 번영로 504","0.41","","재궁동, 금정동, 경기도, 대한민국"
"한국미인테라피","경기","경기","김포시","고촌읍","37.6059900","126.7619500","OK","고촌역","김포도시철도","김포골드라인에스알에스㈜","경기도 김포시 고촌읍 김포대로 지하 350","0.91","","고촌읍, 김포시, 경기도, 대한민국"
"한국미인테라피","경기","경기","김포시","구래동","37.6438664","126.6290477","OK","구래역","김포도시철도","김포골드라인에스알에스㈜","경기도 김포시 김포한강7로 87","0.17","","구래동, 양곡리, 김포시, 경기도, 대한민국"
"한국미인테라피","경기","경기","김포시","김포본동","37.6275594","126.7056939","OK","걸포북변역","김포도시철도","김포골드라인에스알에스㈜","경기도 김포시 김포대로 지하 1040","0.45","","김포본동 행정복지센터, 13, 북변1로, 북변동, 김포시, 경기도, 10106, 대한민국"
"한국미인테라피","경기","경기","김포시","대곶면","37.6520600","126.5716900","OK","양촌역","김포도시철도","김포골드라인에스알에스㈜","경기도 김포시 양촌읍 양촌역길 107","3.96","","대곶면, 김포시, 경기도, 대한민국"
"한국미인테라피","경기","경기","김포시","마산동","37.6400169","126.6431466","OK","마산역","김포도시철도","김포골드라인에스알에스㈜","경기도 김포시 김포한강3로 지하 442","0.10","","마산동, 구래리, 김포시, 경기도, 대한민국"
"한국미인테라피","경기","경기","김포시","사우동","37.6199671","126.7263650","OK","사우역","김포도시철도","김포골드라인에스알에스㈜","경기도 김포시 김포대로 지하 852","0.59","","사우동, 김포시, 경기도, 10111, 대한민국"
"한국미인테라피","경기","경기","김포시","양촌읍","37.6570591","126.6254451","OK","구래역","김포도시철도","김포골드라인에스알에스㈜","경기도 김포시 김포한강7로 87","1.33","","양촌읍, 김포시, 경기도, 대한민국"
"한국미인테라피","경기","경기","김포시","운양동","37.6562562","126.6829889","OK","운양역","김포도시철도","김포골드라인에스알에스㈜","경기도 김포시 김포한강1로 지하 235","0.28","","운양동, 김포시, 경기도, 10078, 대한민국"
"한국미인테라피","경기","경기","김포시","월곶면","37.7181750","126.5500645","OK","양촌역","김포도시철도","김포골드라인에스알에스㈜","경기도 김포시 양촌읍 양촌역길 107","10.24","8km초과","월곶면, 김포시, 경기도, 10024, 대한민국"
"한국미인테라피","경기","경기","김포시","장기동","37.6460000","126.6678400","OK","장기역","김포도시철도","김포골드라인에스알에스㈜","경기도 김포시 김포한강1로 지하 59","0.24","","장기동, 석모리, 김포시, 경기도, 10080, 대한민국"
"한국미인테라피","경기","경기","김포시","장기본동","37.6523062","126.6717281","OK","장기역","김포도시철도","김포골드라인에스알에스㈜","경기도 김포시 김포한강1로 지하 59","0.95","","장기본동 행정복지센터, 1433, 김포대로, 운양동, 누산리, 김포시, 경기도, 10081, 대한민국"
"한국미인테라피","경기","경기","김포시","통진읍","37.6948000","126.6031200","OK","구래역","김포도시철도","김포골드라인에스알에스㈜","경기도 김포시 김포한강7로 87","5.93","","통진읍, 김포시, 경기도, 대한민국"
"한국미인테라피","경기","경기","김포시","풍무동","37.6067383","126.7228355","OK","풍무역","김포도시철도","김포골드라인에스알에스㈜","경기도 김포시 김포대로 지하 710","1.06","","풍무동, 김포시, 경기도, 10114, 대한민국"
"한국미인테라피","경기","경기","김포시","하성면","37.7297500","126.6361600","OK","구래역","김포도시철도","김포골드라인에스알에스㈜","경기도 김포시 김포한강7로 87","9.41","8km초과","하성면, 김포시, 경기도, 대한민국"
"한국미인테라피","경기","경기","남양주시","금곡동","37.6334900","127.2165100","OK","금곡역","경춘선","한국철도공사","경기도 남양주시 경춘로 903(금곡동 404-276)","0.87","","금곡동, 율석리, 남양주시, 경기도, 대한민국"
"한국미인테라피","경기","경기","남양주시","다산동","37.6113669","127.1602960","OK","도농역","경의중앙선","한국철도공사","경기도 남양주시 경춘로 433(도농동 56-1)","0.30","","다산동, 다산1동, 남양주시, 경기도, 12251, 대한민국"
"한국미인테라피","경기","경기","남양주시","별내동","37.6565148","127.1216627","OK","별내별가람역","진접선","남양주도시공사","경기도 남양주시 별내3로 지하 345","1.35","","별내동, 퇴계원리, 남양주시, 경기도, 대한민국"
"한국미인테라피","경기","경기","남양주시","별내면","37.7094209","127.1223847","OK","탑석역","의정부","의정부경량전철㈜","경기도 의정부시 충의로 20","3.98","","별내면, 남양주시, 경기도, 대한민국"
"한국미인테라피","경기","경기","남양주시","수동면","37.7222169","127.3103805","OK","천마산역","경춘선","한국철도공사","경기도 남양주시 화도읍 묵현로 25번길 37","7.36","","수동면, 남양주시, 경기도, 대한민국"
"한국미인테라피","경기","경기","남양주시","양정동","37.6098927","127.1910156","OK","양정역","경의중앙선","한국철도공사","경기도 남양주시 경강로 237(이패동 398-32)","0.70","","양정동, 남양주시, 경기도, 대한민국"
"한국미인테라피","경기","경기","남양주시","오남읍","37.6938801","127.2230356","OK","오남역","진접선","남양주도시공사","경기도 남양주시 오남읍 진건오남로 지하 929","3.04","","오남읍, 남양주시, 경기도, 대한민국"
"한국미인테라피","경기","경기","남양주시","와부읍","37.5946765","127.2374641","OK","도심역","경의중앙선","한국철도공사","경기도 남양주시 와부읍 덕소로 237(도곡리 1024-2)","2.11","","와부읍, 남양주시, 경기도, 대한민국"
"한국미인테라피","경기","경기","남양주시","조안면","37.5688200","127.2977100","OK","운길산역","경의중앙선","한국철도공사","경기도 남양주시 조안면 운길산로 20","1.92","","조안면, 남양주시, 경기도, 대한민국"
"한국미인테라피","경기","경기","남양주시","진건읍","37.6575320","127.1788606","OK","사릉역","경춘선","한국철도공사","경기도 남양주시 진건읍 진건우회로 72-8(사능리 590-2)","0.73","","진건읍, 남양주시, 경기도, 대한민국"
"한국미인테라피","경기","경기","남양주시","진접읍","37.7228358","127.1976354","OK","진접역","진접선","남양주도시공사","경기도 남양주시 진접읍 경복대로 지하 244","0.55","","진접읍, 남양주시, 경기도, 대한민국"
"한국미인테라피","경기","경기","남양주시","퇴계원읍","37.6486812","127.1433630","OK","퇴계원역","경춘선","한국철도공사","경기도 남양주시 퇴계원면 경춘북로 545(퇴계원리 218-8)","0.06","","퇴계원읍, 남양주시, 경기도, 대한민국"
"한국미인테라피","경기","경기","남양주시","평내동","37.6480755","127.2357794","OK","평내호평역","경춘선","한국철도공사","경기도 남양주시 경춘로 1375(평내동 156)","0.95","","평내동, 남양주시, 경기도, 12217, 대한민국"
"한국미인테라피","경기","경기","남양주시","호평동","37.6576388","127.2465940","OK","평내호평역","경춘선","한국철도공사","경기도 남양주시 경춘로 1375(평내동 156)","0.53","","호평동, 남양주시, 경기도, 12147, 대한민국"
"한국미인테라피","경기","경기","남양주시","화도읍","37.6538308","127.3196785","OK","마석역","경춘선","한국철도공사","경기도 남양주시 화도읍 마석우리 241-4","0.72","","화도읍, 남양주시, 경기도, 12181, 대한민국"
"한국미인테라피","경기","경기","동두천시","보산동","37.9176604","127.0609443","OK","보산역","경원선","한국철도공사","경기도 동두천시 평화로 2539(보산동)","0.50","","보산동, 동두천시, 경기도, 11309, 대한민국"
"한국미인테라피","경기","경기","동두천시","불현동","37.8984570","127.0625040","OK","동두천중앙역","경원선","한국철도공사","경기도 동두천시 동두천로 228(생연동 682)","0.64","","불현동 행정복지센터, 123, 행선로, 생연동, 동두천시, 경기도, 11358, 대한민국"
"한국미인테라피","경기","경기","동두천시","상패동","37.9073575","127.0323924","OK","동두천중앙역","경원선","한국철도공사","경기도 동두천시 동두천로 228(생연동 682)","2.21","","상패동, 동두천시, 경기도, 11340, 대한민국"
"한국미인테라피","경기","경기","동두천시","생연동","37.9051316","127.0609492","OK","동두천중앙역","경원선","한국철도공사","경기도 동두천시 동두천로 228(생연동 682)","0.54","","생연동, 동두천시, 경기도, 11313, 대한민국"
"한국미인테라피","경기","경기","동두천시","소요동","37.9295380","127.0576286","OK","동두천역","경원선","한국철도공사","경기도 동두천시 평화로 2687(동두천동 245-210)","0.33","","소요동 행정복지센터, 2706, 평화로, 동두천동, 동두천시, 경기도, 11307, 대한민국"
"한국미인테라피","경기","경기","동두천시","송내동","37.8811658","127.0616025","OK","지행역","경원선","한국철도공사","경기도 동두천시 평화로 2285(지행동)","1.35","","송내동, 동두천시, 경기도, 11366, 대한민국"
"한국미인테라피","경기","경기","동두천시","중앙동","37.9077636","127.0532058","OK","동두천중앙역","경원선","한국철도공사","경기도 동두천시 동두천로 228(생연동 682)","0.72","","중앙동 행정복지센터, 172, 생연로, 보산동, 동두천시, 경기도, 11328, 대한민국"
"한국미인테라피","경기","경기","부천시-소사구","괴안동","37.4821599","126.8114808","OK","역곡역","경인선","한국철도공사","경기도 부천시 원미구 역곡로 1(역곡동)","0.33","","괴안동, 소사구, 부천시, 경기도, 대한민국"
"한국미인테라피","경기","경기","부천시-소사구","범박동","37.4697151","126.8117156","OK","소새울역","서해선","한국철도공사","경기도 부천시 소사로 지하 284","1.29","","범박동, 소사구, 부천시, 경기도, 대한민국"
"한국미인테라피","경기","경기","부천시-소사구","소사본동","37.4734085","126.7947805","OK","소새울역","서해선","한국철도공사","경기도 부천시 소사로 지하 284","0.59","","소사본동, 소사구, 부천시, 경기도, 대한민국"
"한국미인테라피","경기","경기","부천시-소사구","송내동","37.4829235","126.7630049","OK","중동역","경인선","한국철도공사","경기도 부천시 소사구 중동로 73","0.44","","송내동, 소사구, 부천시, 경기도, 14728, 대한민국"
"한국미인테라피","경기","경기","부천시-소사구","심곡본동","37.4784640","126.7797815","OK","부천역","경인선","한국철도공사","경기도 부천시 소사구 부천로 1","0.68","","심곡본동, 소사구, 부천시, 경기도, 대한민국"
"한국미인테라피","경기","경기","부천시-소사구","역곡동","","","OK","","","","","","역미배정",""
"한국미인테라피","경기","경기","부천시-소사구","옥길동","37.4681285","126.8282883","OK","천왕역","7호선","서울교통공사","서울특별시 구로구 오리로 지하1154(천왕동)","2.26","","옥길동, 소사구, 부천시, 경기도, 14785, 대한민국"
"한국미인테라피","경기","경기","부천시-오정구","고강동","37.5269263","126.8208568","OK","원종역","서해선","한국철도공사","경기도 부천시 원종동 404","1.45","","고강동 중앙경로당, 고리울로40번길, 고강동, 부천시, 경기도, 14408, 대한민국"
"한국미인테라피","경기","경기","부천시-오정구","고강본동","","","OK","","","","","","역미배정",""
"한국미인테라피","경기","경기","부천시-오정구","성곡동","","","OK","","","","","","역미배정",""
"한국미인테라피","경기","경기","부천시-오정구","신흥동","37.5199587","126.7737023","OK","신중동역","도시철도 7호선","인천교통공사","경기도 부천시 원미구 길주로 지하 314 (중동)","1.89","","신흥동 주민센터, 삼작로, 연립주택단지, 내동, 부천시, 경기도, 14451, 대한민국"
"한국미인테라피","경기","경기","부천시-오정구","오정동","","","OK","","","","","","역미배정",""
"한국미인테라피","경기","경기","부천시-오정구","원종동","","","OK","","","","","","역미배정",""
"한국미인테라피","경기","경기","부천시-원미구","도당동","37.5139236","126.7827000","OK","춘의역","도시철도 7호선","인천교통공사","경기도 부천시 원미구 길주로 지하 406 (춘의동)","1.21","","도당동, 원미구, 부천시, 경기도, 대한민국"
"한국미인테라피","경기","경기","부천시-원미구","상동","37.5058355","126.7531743","OK","상동역","도시철도 7호선","인천교통공사","경기도 부천시 원미구 길주로 지하 104 (상동)","0.01","","상동, 길주로, 원미구, 부천시, 경기도, 14545, 대한민국"
"한국미인테라피","경기","경기","부천시-원미구","소사동","37.4862030","126.7953149","OK","소사역","서해선","한국철도공사","경기도 부천시 소사구 경인로 363","0.38","","소사동, 원미구, 부천시, 경기도, 대한민국"
"한국미인테라피","경기","경기","부천시-원미구","심곡동","37.4911516","126.7838692","OK","부천역","경인선","한국철도공사","경기도 부천시 소사구 부천로 1","0.79","","심곡동, 원미구, 부천시, 경기도, 대한민국"
"한국미인테라피","경기","경기","부천시-원미구","약대동","37.5131306","126.7699687","OK","부천시청역","도시철도 7호선","인천교통공사","경기도 부천시 원미구 길주로 지하 202 (중동)","1.10","","약대동, 원미구, 부천시, 경기도, 대한민국"
"한국미인테라피","경기","경기","부천시-원미구","역곡동","37.4903062","126.8083179","OK","역곡역","경인선","한국철도공사","경기도 부천시 원미구 역곡로 1(역곡동)","0.64","","역곡동, 원미구, 부천시, 경기도, 대한민국"
"한국미인테라피","경기","경기","부천시-원미구","원미동","37.4926826","126.7914425","OK","소사역","서해선","한국철도공사","경기도 부천시 소사구 경인로 363","1.15","","원미동, 원미구, 부천시, 경기도, 14565, 대한민국"
"한국미인테라피","경기","경기","부천시-원미구","중동","37.4867775","126.7639671","OK","중동역","경인선","한국철도공사","경기도 부천시 소사구 중동로 73","0.05","","중동, 석천로2번길, 상동, 원미구, 부천시, 경기도, 14625, 대한민국"
"한국미인테라피","경기","경기","부천시-원미구","춘의동","37.5019274","126.8019570","OK","부천종합운동장역","도시철도 7호선","인천교통공사","경기도 부천시 원미구 길주로 지하 502 (춘의동)","0.56","","춘의동, 원미구, 부천시, 경기도, 대한민국"
"한국미인테라피","경기","경기","성남시-분당구","구미동","37.3435400","127.1201200","OK","오리역","분당선","한국철도공사","경기도 성남시 분당구 성남대로 지하 55(구미동 795)","1.07","","구미동, 분당구, 성남시, 경기도, 13634, 대한민국"
"한국미인테라피","경기","경기","성남시-분당구","금곡동","37.3607700","127.0974000","OK","정자역","분당선","한국철도공사","경기도 성남시 분당구 성남대로 지하 333(정자동)","1.11","","금곡동, 분당구, 성남시, 경기도, 13552, 대한민국"
"한국미인테라피","경기","경기","성남시-분당구","백현동","37.3887318","127.1078551","OK","판교역","경강선","한국철도공사","경기도 성남시 분당구 판교역로 160","0.73","","백현동, 판교, 분당구, 성남시, 경기도, 13531, 대한민국"
"한국미인테라피","경기","경기","성남시-분당구","분당동","37.3694400","127.1433600","OK","서현역","분당선","한국철도공사","경기도 성남시 분당구 성남대로 지하 601","2.47","","분당동, 분당, 분당구, 성남시, 경기도, 13584, 대한민국"
"한국미인테라피","경기","경기","성남시-분당구","삼평동","37.4017255","127.1019907","OK","판교역","신분당선","경기도 신분당선","경기도 성남시 분당구 판교역로 지하 160","1.05","","삼평동, 판교, 분당구, 성남시, 경기도, 13487, 대한민국"
"한국미인테라피","경기","경기","성남시-분당구","서현동","37.3817897","127.1327823","OK","서현역","분당선","한국철도공사","경기도 성남시 분당구 성남대로 지하 601","0.91","","서현동, 분당, 분당구, 성남시, 경기도, 13577, 대한민국"
"한국미인테라피","경기","경기","성남시-분당구","수내동","37.3724400","127.1223600","OK","수내역","분당선","한국철도공사","경기도 성남시 분당구 성남대로 지하 491(수내동)","0.98","","수내동, 분당, 분당구, 성남시, 경기도, 13599, 대한민국"
"한국미인테라피","경기","경기","성남시-분당구","야탑동","37.4058300","127.1458300","OK","야탑역","분당선","한국철도공사","경기도 성남시 성남대로 지하 903(야탑동 688-1)","1.63","","야탑동, 분당구, 성남시, 경기도, 13512, 대한민국"
"한국미인테라피","경기","경기","성남시-분당구","운중동","37.3944345","127.0745340","OK","판교역","경강선","한국철도공사","경기도 성남시 분당구 판교역로 160","3.23","","운중동, 분당구, 성남시, 경기도, 13457, 대한민국"
"한국미인테라피","경기","경기","성남시-분당구","이매동","37.3959400","127.1332700","OK","이매역","분당선","한국철도공사","경기도 성남시 성남대로 지하 738","0.44","","이매동, 판교, 분당구, 성남시, 경기도, 13569, 대한민국"
"한국미인테라피","경기","경기","성남시-분당구","정자동","37.3662800","127.1187300","OK","정자역","신분당선","경기도 신분당선","경기도 성남시 분당구 성남대로 지하 333 ","0.94","","정자동, 분당, 분당구, 성남시, 경기도, 13607, 대한민국"
"한국미인테라피","경기","경기","성남시-분당구","판교동","37.3899495","127.0985928","OK","판교역","경강선","한국철도공사","경기도 성남시 분당구 판교역로 160","1.23","","판교동, 판교, 분당구, 성남시, 경기도, 13479, 대한민국"
"한국미인테라피","경기","경기","성남시-수정구","고등동","37.4305171","127.0959858","OK","모란역","분당선","한국철도공사","경기도 성남시 중원구 성남대로 지하 1147(성남동 1575)","2.93","","고등동, 수정구, 성남시, 경기도, 13105, 대한민국"
"한국미인테라피","경기","경기","성남시-수정구","단대동","37.4548200","127.1576700","OK","남한산성입구역","8호선","서울교통공사","경기도 성남시 수정구 산성대로 지하445(단대동)","0.41","","단대동, 수정구, 성남시, 경기도, 13142, 대한민국"
"한국미인테라피","경기","경기","성남시-수정구","복정동","37.4589600","127.1334000","OK","남위례역","8호선","서울교통공사","경기도 성남시 수정구 공원로 601(복정동)","0.66","","복정동, 수정구, 성남시, 경기도, 13114, 대한민국"
"한국미인테라피","경기","경기","성남시-수정구","산성동","37.4557600","127.1529100","OK","산성역","8호선","서울교통공사","경기도 성남시 수정구 수정로 지하365(신흥동)","0.29","","산성동, 수정구, 성남시, 경기도, 13127, 대한민국"
"한국미인테라피","경기","경기","성남시-수정구","수진동","37.4389492","127.1296112","OK","태평역","분당선","한국철도공사","경기도 성남시 수정구 성남대로 지하 1229번지","0.19","","수진동, 수정구, 성남시, 경기도, 13319, 대한민국"
"한국미인테라피","경기","경기","성남시-수정구","시흥동","37.4191100","127.1018600","OK","야탑역","분당선","한국철도공사","경기도 성남시 성남대로 지하 903(야탑동 688-1)","2.52","","시흥동, 수정구, 성남시, 경기도, 13445, 대한민국"
"한국미인테라피","경기","경기","성남시-수정구","신촌동","37.4578856","127.1080213","OK","가천대역","분당선","한국철도공사","경기도 성남시 수정구 성남대로 1332","1.93","","신촌동, 수정구, 성남시, 경기도, 13101, 대한민국"
"한국미인테라피","경기","경기","성남시-수정구","신흥동","37.4466800","127.1470500","OK","신흥역","8호선","서울교통공사","경기도 성남시 수정구 산성대로 지하280(신흥동)","0.64","","신흥동, 수정구, 성남시, 경기도, 13259, 대한민국"
"한국미인테라피","경기","경기","성남시-수정구","양지동","37.4608584","127.1641951","OK","남한산성입구역","8호선","서울교통공사","경기도 성남시 수정구 산성대로 지하445(단대동)","1.10","","양지동, 수정구, 성남시, 경기도, 13152, 대한민국"
"한국미인테라피","경기","경기","성남시-수정구","위례동","","","OK","","","","","","역미배정",""
"한국미인테라피","경기","경기","성남시-수정구","태평동","37.4464330","127.1319544","OK","가천대역","분당선","한국철도공사","경기도 성남시 수정구 성남대로 1332","0.53","","태평동, 수정구, 성남시, 경기도, 13297, 대한민국"
"한국미인테라피","경기","경기","성남시-중원구","금광동","37.4473100","127.1679700","OK","남한산성입구역","8호선","서울교통공사","경기도 성남시 수정구 산성대로 지하445(단대동)","0.86","","금광동, 중원구, 성남시, 경기도, 13183, 대한민국"
"한국미인테라피","경기","경기","성남시-중원구","도촌동","37.4146700","127.1573500","OK","야탑역","분당선","한국철도공사","경기도 성남시 성남대로 지하 903(야탑동 688-1)","2.56","","도촌동, 중원구, 성남시, 경기도, 13421, 대한민국"
"한국미인테라피","경기","경기","성남시-중원구","상대원동","37.4421100","127.1740400","OK","단대오거리역","8호선","서울교통공사","경기도 성남시 수정구 산성대로 지하365(신흥동)","1.56","","상대원동, 중원구, 성남시, 경기도, 13201, 대한민국"
"한국미인테라피","경기","경기","성남시-중원구","성남동","37.4306800","127.1335800","OK","모란역","분당선","한국철도공사","경기도 성남시 중원구 성남대로 지하 1147(성남동 1575)","0.43","","성남동, 중원구, 성남시, 경기도, 13364, 대한민국"
"한국미인테라피","경기","경기","성남시-중원구","은행동","37.4582980","127.1684660","OK","남한산성입구역","8호선","서울교통공사","경기도 성남시 수정구 산성대로 지하445(단대동)","1.07","","은행동, 중원구, 성남시, 경기도, 13154, 대한민국"
"한국미인테라피","경기","경기","성남시-중원구","중앙동","37.4388700","127.1525400","OK","신흥역","8호선","서울교통공사","경기도 성남시 수정구 산성대로 지하280(신흥동)","0.49","","중앙동, 중원구, 성남시, 경기도, 13255, 대한민국"
"한국미인테라피","경기","경기","성남시-중원구","하대원동","37.4283600","127.1443500","OK","수진역","8호선","서울교통공사","경기도 성남시 수정구 산성대로 지하200(수진동)","1.07","","하대원동, 중원구, 성남시, 경기도, 13387, 대한민국"
"한국미인테라피","경기","경기","수원시-권선구","곡선동","37.2433321","127.0333231","OK","매탄권선역","분당선","한국철도공사","경기도 수원시 영통구 권선로 841","1.21","","곡선동 행정복지센터, 174, 동수원로146번길, 곡반정동, 권선구, 수원시, 경기도, 16667, 대한민국"
"한국미인테라피","경기","경기","수원시-권선구","구운동","37.2783252","126.9742236","OK","화서역","경부선","한국철도공사","경기도 수원시 팔달구 덕영대로 692","1.50","","구운동, 권선구, 수원시, 경기도, 16408, 대한민국"
"한국미인테라피","경기","경기","수원시-권선구","권선동","37.2508559","127.0307889","OK","매탄권선역","분당선","한국철도공사","경기도 수원시 영통구 권선로 841","0.91","","권선동, 권선구, 수원시, 경기도, 16558, 대한민국"
"한국미인테라피","경기","경기","수원시-권선구","금곡동","37.2728973","126.9521411","OK","성균관대역","경부선","한국철도공사","경기도 수원시 장안구 서부로 2149","3.47","","금곡동, 권선구, 수원시, 경기도, 16397, 대한민국"
"한국미인테라피","경기","경기","수원시-권선구","서둔동","37.2722831","126.9869531","OK","화서역","경부선","한국철도공사","경기도 수원시 팔달구 덕영대로 692","1.32","","서둔동, 권선구, 수원시, 경기도, 16617, 대한민국"
"한국미인테라피","경기","경기","수원시-권선구","세류동","37.2571500","127.0124100","OK","매교역","분당선","한국철도공사","경기도 수원시 팔달구 효원로 126","0.97","","세류동, 권선구, 수원시, 경기도, 16587, 대한민국"
"한국미인테라피","경기","경기","수원시-권선구","입북동","37.2939700","126.9574685","OK","성균관대역","경부선","한국철도공사","경기도 수원시 장안구 서부로 2149","1.38","","입북동, 권선구, 수원시, 경기도, 16367, 대한민국"
"한국미인테라피","경기","경기","수원시-권선구","평동","37.2548637","126.9925828","OK","고색역","수인선","한국철도공사","경기도 수원시 권선구 매송고색로 지하690(고색동)","1.20","","평동, 권선구, 수원시, 경기도, 16645, 대한민국"
"한국미인테라피","경기","경기","수원시-권선구","호매실동","37.2663933","126.9571912","OK","오목천역","수인선","한국철도공사","경기도 수원시 권선구 삼천병마로 1576(오목천동)","2.66","","호매실동, 권선구, 수원시, 경기도, 16400, 대한민국"
"한국미인테라피","경기","경기","수원시-영통구","광교동","37.2842296","127.0521977","OK","광교중앙역","신분당선","경기도 신분당선","경기도 수원시 영통구 도청로 지하45","0.39","","수원 광교동 우체국, 8, 혜령로, 영통구, 수원시, 경기도, 16509, 대한민국"
"한국미인테라피","경기","경기","수원시-영통구","망포동","37.2388116","127.0516653","OK","망포역","분당선","한국철도공사","경기도 수원시 영통구 봉영로 지하 1520","0.93","","망포동, 영통구, 수원시, 경기도, 16686, 대한민국"
"한국미인테라피","경기","경기","수원시-영통구","매탄동","37.2661800","127.0472300","OK","수원시청역","분당선","한국철도공사","경기도 수원시 권선구 효원로 270","1.53","","매탄동, 영통구, 수원시, 경기도, 16541, 대한민국"
"한국미인테라피","경기","경기","수원시-영통구","영통동","37.2645833","127.0775472","OK","청명역","분당선","한국철도공사","경기도 수원시 영통구 봉영로 지하 1670","0.58","","GS25 황골주공점, 영통로, 영통동, 영통구, 수원시, 경기도, 16708, 대한민국"
"한국미인테라피","경기","경기","수원시-영통구","원천동","37.2735544","127.0591495","OK","광교중앙역","신분당선","경기도 신분당선","경기도 수원시 영통구 도청로 지하45","1.68","","원천동, 영통구, 수원시, 경기도, 16515, 대한민국"
"한국미인테라피","경기","경기","수원시-장안구","송죽동","37.3033091","127.0008226","OK","화서역","경부선","한국철도공사","경기도 수원시 팔달구 덕영대로 692","2.37","","송죽동, 장안구, 수원시, 경기도, 16303, 대한민국"
"한국미인테라피","경기","경기","수원시-장안구","연무동","37.2925332","127.0265670","OK","광교역","신분당선","경기도 신분당선","경기도 수원시 영통구 대학로 55 신분당선 광교역","1.91","","연무동, 장안구, 수원시, 경기도, 16221, 대한민국"
"한국미인테라피","경기","경기","수원시-장안구","영화동","37.2927500","127.0136100","OK","화서역","경부선","한국철도공사","경기도 수원시 팔달구 덕영대로 692","2.34","","영화동, 장안구, 수원시, 경기도, 16269, 대한민국"
"한국미인테라피","경기","경기","수원시-장안구","율천동","37.2978035","126.9715123","OK","성균관대역","경부선","한국철도공사","경기도 수원시 장안구 서부로 2149","0.29","","율천동 밤밭 문화센터, 35, 서부로2106번길, 율전동, 장안구, 수원시, 경기도, 16417, 대한민국"
"한국미인테라피","경기","경기","수원시-장안구","정자동","37.2966073","126.9928359","OK","화서역","경부선","한국철도공사","경기도 수원시 팔달구 덕영대로 692","1.43","","정자동, 장안구, 수원시, 경기도, 16334, 대한민국"
"한국미인테라피","경기","경기","수원시-장안구","조원동","37.3039794","127.0122244","OK","광교역","신분당선","경기도 신분당선","경기도 수원시 영통구 대학로 55 신분당선 광교역","2.90","","조원동, 장안구, 수원시, 경기도, 16283, 대한민국"
"한국미인테라피","경기","경기","수원시-장안구","파장동","37.3093591","126.9965323","OK","성균관대역","경부선","한국철도공사","경기도 수원시 장안구 서부로 2149","2.48","","파장동, 장안구, 수원시, 경기도, 16204, 대한민국"
"한국미인테라피","경기","경기","수원시-팔달구","고등동","37.2734763","127.0031678","OK","수원역","분당선","한국철도공사","경기도 수원시 팔달구 덕영대로 944","0.86","","고등동, 팔달구, 수원시, 경기도, 16447, 대한민국"
"한국미인테라피","경기","경기","수원시-팔달구","매교동","37.2678861","127.0165984","OK","매교역","분당선","한국철도공사","경기도 수원시 팔달구 효원로 126","0.28","","매교동, 팔달구, 수원시, 경기도, 16467, 대한민국"
"한국미인테라피","경기","경기","수원시-팔달구","매산동","","","OK","","","","","","역미배정",""
"한국미인테라피","경기","경기","수원시-팔달구","우만동","37.2843300","127.0327900","OK","광교중앙역","신분당선","경기도 신분당선","경기도 수원시 영통구 도청로 지하45","1.80","","우만동, 팔달구, 수원시, 경기도, 16239, 대한민국"
"한국미인테라피","경기","경기","수원시-팔달구","인계동","37.2682080","127.0293802","OK","수원시청역","분당선","한국철도공사","경기도 수원시 권선구 효원로 270","0.71","","인계동, 팔달구, 수원시, 경기도, 16489, 대한민국"
"한국미인테라피","경기","경기","수원시-팔달구","지동","37.2821700","127.0247700","OK","매교역","분당선","한국철도공사","경기도 수원시 팔달구 효원로 126","2.02","","지동, 팔달구, 수원시, 경기도, 16243, 대한민국"
"한국미인테라피","경기","경기","수원시-팔달구","행궁동","37.2840392","127.0126351","OK","화서역","경부선","한국철도공사","경기도 수원시 팔달구 덕영대로 692","2.04","","행궁동 행정복지센터, 40, 신풍로23번길, 행리단길, 신풍동, 팔달구, 수원시, 경기도, 16251, 대한민국"
"한국미인테라피","경기","경기","수원시-팔달구","화서동","37.2811000","126.9996100","OK","화서역","경부선","한국철도공사","경기도 수원시 팔달구 덕영대로 692","0.94","","화서동, 팔달구, 수원시, 경기도, 16438, 대한민국"
"한국미인테라피","경기","경기","시흥시","거북섬동","","","OK","","","","","","역미배정",""
"한국미인테라피","경기","경기","시흥시","과림동","37.4316874","126.8332027","OK","시흥대야역","서해선","한국철도공사","경기도 부천시 소사로 지하 120","4.11","","과림동, 시흥시, 경기도, 대한민국"
"한국미인테라피","경기","경기","시흥시","군자동","37.3548600","126.7803814","OK","능길역","수인선","한국철도공사","경기도 안산시 단원구 황고개로 2","2.25","","군자동, 시흥시, 경기도, 대한민국"
"한국미인테라피","경기","경기","시흥시","능곡동","37.3653126","126.8100453","OK","시흥능곡역","서해선","한국철도공사","경기도 시흥시 시흥대로 지하 327","0.54","","능곡동, 시흥시, 경기도, 대한민국"
"한국미인테라피","경기","경기","시흥시","대야동","37.4551254","126.8013314","OK","시흥대야역","서해선","한국철도공사","경기도 부천시 소사로 지하 120","0.89","","대야동, 시흥시, 경기도, 대한민국"
"한국미인테라피","경기","경기","시흥시","매화동","37.4084185","126.8223887","OK","신현역","서해선","한국철도공사","경기도 시승시 신현로 12번길 지하 2-10","3.05","","매화동, 시흥시, 경기도, 대한민국"
"한국미인테라피","경기","경기","시흥시","목감동","37.3820885","126.8516086","OK","시흥능곡역","서해선","한국철도공사","경기도 시흥시 시흥대로 지하 327","4.03","","목감동, 시흥시, 경기도, 대한민국"
"한국미인테라피","경기","경기","시흥시","배곧동","37.3675747","126.7218267","OK","오이도역","수인선","한국철도공사","경기도 시흥시 역전로 430","1.60","","배곧동, 배곧2동, 시흥시, 경기도, 15011, 대한민국"
"한국미인테라피","경기","경기","시흥시","신천동","37.4396138","126.7788556","OK","신천역","서해선","한국철도공사","경기도 시흥시 서해안로 지하 1670","0.71","","신천동, 시흥시, 경기도, 대한민국"
"한국미인테라피","경기","경기","시흥시","신현동","37.4119011","126.7732818","OK","신현역","서해선","한국철도공사","경기도 시승시 신현로 12번길 지하 2-10","1.33","","신현동, 시흥시, 경기도, 대한민국"
"한국미인테라피","경기","경기","시흥시","연성동","37.3881123","126.8064654","OK","시흥시청역","서해선","한국철도공사","경기도 시흥시 시흥대로 지하 467","0.75","","연성동, 시흥시, 경기도, 대한민국"
"한국미인테라피","경기","경기","시흥시","월곶동","37.3840960","126.7561360","OK","달월역","수인선","한국철도공사","경기도 시흥시 서해안로 736번길 55(월곶동)","1.05","","월곶동, 시흥시, 경기도, 대한민국"
"한국미인테라피","경기","경기","시흥시","은행동","37.4334715","126.8093504","OK","신천역","서해선","한국철도공사","경기도 시흥시 서해안로 지하 1670","2.08","","은행동, 시흥시, 경기도, 대한민국"
"한국미인테라피","경기","경기","시흥시","장곡동","37.3828263","126.7822238","OK","시흥시청역","서해선","한국철도공사","경기도 시흥시 시흥대로 지하 467","2.10","","장곡동, 시흥시, 경기도, 대한민국"
"한국미인테라피","경기","경기","시흥시","정왕동","37.3439240","126.7308801","OK","정왕역","수인선","한국철도공사","경기도 시흥시 마유로 418길 15","1.37","","정왕동, 정왕2동, 시흥시, 경기도, 15082, 대한민국"
"한국미인테라피","경기","경기","시흥시","정왕본동","37.3571249","126.7506570","OK","정왕역","수인선","한국철도공사","경기도 시흥시 마유로 418길 15","0.91","","정왕본동, 시흥시, 경기도, 대한민국"
"한국미인테라피","경기","경기","안산시-단원구","고잔동","37.3157805","126.8311620","OK","중앙역","수인선","한국철도공사","경기도 안산시 단원구 중앙대로 918","0.65","","고잔동, 단원구, 안산시, 경기도, 15462, 대한민국"
"한국미인테라피","경기","경기","안산시-단원구","대부동","37.1987754","126.5772581","OK","지식정보단지역","인천지하철 1호선","인천교통공사","인천광역시 연수구 인천타워대로 57","20.82","15km초과","대부동, 단원구, 안산시, 경기도, 대한민국"
"한국미인테라피","경기","경기","안산시-단원구","백운동","37.3281411","126.7971017","OK","안산역","수인선","한국철도공사","경기도 안산시 단원구 중앙대로 462","0.75","","백운동 행정복지센터, 31, 원선로, 원곡동, 단원구, 안산시, 경기도, 15380, 대한민국"
"한국미인테라피","경기","경기","안산시-단원구","선부동","37.3393461","126.8100178","OK","선부역","서해선","한국철도공사","경기도 안산시 단원구 선부광장로 34","0.53","","선부동, 단원구, 안산시, 경기도, 15232, 대한민국"
"한국미인테라피","경기","경기","안산시-단원구","신길동","37.3335204","126.7737800","OK","능길역","수인선","한국철도공사","경기도 안산시 단원구 황고개로 2","0.72","","신길동, 단원구, 안산시, 경기도, 15400, 대한민국"
"한국미인테라피","경기","경기","안산시-단원구","와동","37.3403332","126.8259970","OK","선부역","서해선","한국철도공사","경기도 안산시 단원구 선부광장로 34","1.55","","와동, 단원구, 안산시, 경기도, 15254, 대한민국"
"한국미인테라피","경기","경기","안산시-단원구","원곡동","37.3304454","126.7959133","OK","안산역","수인선","한국철도공사","경기도 안산시 단원구 중앙대로 462","0.74","","원곡동, 단원구, 안산시, 경기도, 15379, 대한민국"
"한국미인테라피","경기","경기","안산시-단원구","중앙동","37.3237428","126.8376124","OK","중앙역","수인선","한국철도공사","경기도 안산시 단원구 중앙대로 918","0.86","","중앙동 행정복지센터, 76, 예술대학로, 고잔동, 단원구, 안산시, 경기도, 15339, 대한민국"
"한국미인테라피","경기","경기","안산시-단원구","초지동","37.3134845","126.8115434","OK","초지역","서해선","한국철도공사","경기도 안산시 단원구 중앙대로 620","0.80","","초지동, 단원구, 안산시, 경기도, 15440, 대한민국"
"한국미인테라피","경기","경기","안산시-단원구","호수동","37.3094921","126.8313312","OK","중앙역","수인선","한국철도공사","경기도 안산시 단원구 중앙대로 918","0.97","","호수동 우체국, 186, 광덕2로, 고잔동, 단원구, 안산시, 경기도, 15477, 대한민국"
"한국미인테라피","경기","경기","안산시-상록구","반월동","37.3060928","126.9022330","OK","반월역","안산과천선","한국철도공사","경기도 안산시 상록구 건건로 119-10","0.70","","반월동 행정복지센터, 51, 건건로, 건건동, 삼천리, 상록구, 안산시, 경기도, 15521, 대한민국"
"한국미인테라피","경기","경기","안산시-상록구","본오동","37.2928744","126.8668397","OK","사리역","수인선","한국철도공사","경기도 안산시 상록구 충장로 103(사동)","0.89","","본오동, 상록구, 안산시, 경기도, 15550, 대한민국"
"한국미인테라피","경기","경기","안산시-상록구","부곡동","37.3297885","126.8630566","OK","한대앞역","수인선","한국철도공사","경기도 안산시 상록구 충장로 337","2.36","","부곡동, 상록구, 안산시, 경기도, 15309, 대한민국"
"한국미인테라피","경기","경기","안산시-상록구","사동","37.2899559","126.8430878","OK","사리역","수인선","한국철도공사","경기도 안산시 상록구 충장로 103(사동)","1.25","","사동, 상록구, 안산시, 경기도, 15590, 대한민국"
"한국미인테라피","경기","경기","안산시-상록구","사이동","37.2897822","126.8518634","OK","사리역","수인선","한국철도공사","경기도 안산시 상록구 충장로 103(사동)","0.48","","사이동 행정복지센터, 52, 감골1로, 사동, 상록구, 안산시, 경기도, 15623, 대한민국"
"한국미인테라피","경기","경기","안산시-상록구","성포동","37.3216873","126.8495703","OK","중앙역","수인선","한국철도공사","경기도 안산시 단원구 중앙대로 918","1.16","","성포동, 상록구, 안산시, 경기도, 15294, 대한민국"
"한국미인테라피","경기","경기","안산시-상록구","안산동","37.3619063","126.8733391","OK","수리산역","안산과천선","한국철도공사","경기도 군포시 번영로 385","4.79","","안산동 행정복지센터, 315, 장하로, 장하동, 상록구, 안산시, 경기도, 15204, 대한민국"
"한국미인테라피","경기","경기","안산시-상록구","월피동","37.3339358","126.8482051","OK","중앙역","수인선","한국철도공사","경기도 안산시 단원구 중앙대로 918","2.16","","월피동, 상록구, 안산시, 경기도, 15282, 대한민국"
"한국미인테라피","경기","경기","안산시-상록구","이동","37.3102303","126.8546722","OK","한대앞역","수인선","한국철도공사","경기도 안산시 상록구 충장로 337","0.11","","이동, 상록구, 안산시, 경기도, 15508, 대한민국"
"한국미인테라피","경기","경기","안산시-상록구","일동","37.3097058","126.8688060","OK","상록수역","안산과천선","한국철도공사","경기도 안산시 상록구 상록수로 61","0.79","","일동, 상록구, 안산시, 경기도, 15326, 대한민국"
"한국미인테라피","경기","경기","안산시-상록구","해양동","37.2946758","126.8200206","OK","고잔역","수인선","한국철도공사","경기도 안산시 단원구 중앙대로 784 ","2.48","","해양동 행정복지센터, 8, 해양로, 상록구, 안산시, 경기도, 15595, 대한민국"
"한국미인테라피","경기","경기","안성시","고삼면","37.0871000","127.2705400","OK","용인중앙시장역","에버라인","경기도 용인경전철","경기도 용인시 처인구 금학로 409","17.63","15km초과","고삼면, 안성시, 경기도, 대한민국"
"한국미인테라피","경기","경기","안성시","공도읍","36.9915000","127.1721400","OK","평택역","경부선","한국철도공사","경기도 평택시 평택로 51","7.70","","공도읍, 안성시, 경기도, 대한민국"
"한국미인테라피","경기","경기","안성시","금광면","36.9814400","127.3327700","OK","성환역","경부선","한국철도공사","충남 천안시 서북구 성환읍 성환1로 237-5(성환리 449-128)","19.69","15km초과","금광면, 안성시, 경기도, 대한민국"
"한국미인테라피","경기","경기","안성시","대덕면","37.0354700","127.2395800","OK","평택역","경부선","한국철도공사","경기도 평택시 평택로 51","14.56","8km초과","대덕면, 안성시, 경기도, 대한민국"
"한국미인테라피","경기","경기","안성시","미양면","36.9714600","127.2216400","OK","성환역","경부선","한국철도공사","충남 천안시 서북구 성환읍 성환1로 237-5(성환리 449-128)","10.44","8km초과","미양면, 안성시, 경기도, 대한민국"
"한국미인테라피","경기","경기","안성시","보개면","37.0452500","127.3095700","OK","평택역","경부선","한국철도공사","경기도 평택시 평택로 51","20.80","15km초과","보개면, 안성시, 경기도, 17509, 대한민국"
"한국미인테라피","경기","경기","안성시","삼죽면","37.0679800","127.3676400","OK","이천역","경강선","한국철도공사","경기도 이천시 이섭대천로 1063","22.80","15km초과","삼죽면, 안성시, 경기도, 대한민국"
"한국미인테라피","경기","경기","안성시","서운면","36.9428185","127.2553093","OK","성환역","경부선","한국철도공사","충남 천안시 서북구 성환읍 성환1로 237-5(성환리 449-128)","11.79","8km초과","서운면, 안성시, 경기도, 대한민국"
"한국미인테라피","경기","경기","안성시","안성동","","","OK","","","","","","역미배정",""
"한국미인테라피","경기","경기","안성시","양성면","37.0715600","127.2148600","OK","평택지제역","경부선","한국철도공사","경기도 평택시 경기대로 777","14.11","8km초과","양성면, 안성시, 경기도, 대한민국"
"한국미인테라피","경기","경기","안성시","원곡면","37.0498578","127.1376566","OK","평택지제역","경부선","한국철도공사","경기도 평택시 경기대로 777","6.91","","원곡면, 안성시, 경기도, 대한민국"
"한국미인테라피","경기","경기","안성시","일죽면","37.0913900","127.4709100","OK","부발역","경강선","한국철도공사","경기도 이천시 부발읍 신아로 87","18.87","15km초과","일죽면, 안성시, 경기도, 대한민국"
"한국미인테라피","경기","경기","안성시","죽산면","37.0677159","127.4183430","OK","이천역","경강선","한국철도공사","경기도 이천시 이섭대천로 1063","21.95","15km초과","죽산면, 안성시, 경기도, 대한민국"
"한국미인테라피","경기","경기","안양시-동안구","갈산동","37.3761398","126.9661539","OK","평촌역","안산과천선","한국철도공사","경기도 안양시 동안구 부림로 지하 123","2.03","","갈산동, 평촌, 동안구, 안양시, 경기도, 대한민국"
"한국미인테라피","경기","경기","안양시-동안구","관양동","37.4043622","126.9641500","OK","평촌역","안산과천선","한국철도공사","경기도 안양시 동안구 부림로 지하 123","1.11","","관양동, 관양1동, 평촌, 동안구, 안양시, 경기도, 13947, 대한민국"
"한국미인테라피","경기","경기","안양시-동안구","귀인동","37.3855259","126.9695096","OK","평촌역","안산과천선","한국철도공사","경기도 안양시 동안구 부림로 지하 123","1.10","","귀인동, 평촌, 동안구, 안양시, 경기도, 대한민국"
"한국미인테라피","경기","경기","안양시-동안구","달안동","37.3960996","126.9501721","OK","범계역","안산과천선","한국철도공사","경기도 안양시 동안구 동안로 지하 130","0.70","","달안동, 평촌, 동안구, 안양시, 경기도, 대한민국"
"한국미인테라피","경기","경기","안양시-동안구","범계동","37.3897612","126.9525181","OK","범계역","안산과천선","한국철도공사","경기도 안양시 동안구 동안로 지하 130","0.16","","범계동, 평촌, 동안구, 안양시, 경기도, 대한민국"
"한국미인테라피","경기","경기","안양시-동안구","부림동","37.3987517","126.9594554","OK","평촌역","안산과천선","한국철도공사","경기도 안양시 동안구 부림로 지하 123","0.63","","부림동, 평촌, 동안구, 안양시, 경기도, 대한민국"
"한국미인테라피","경기","경기","안양시-동안구","부흥동","37.3936710","126.9471645","OK","범계역","안산과천선","한국철도공사","경기도 안양시 동안구 동안로 지하 130","0.54","","부흥동, 평촌, 동안구, 안양시, 경기도, 대한민국"
"한국미인테라피","경기","경기","안양시-동안구","비산동","37.4011874","126.9428157","OK","범계역","안산과천선","한국철도공사","경기도 안양시 동안구 동안로 지하 130","1.45","","비산동, 비산3동, 평촌, 동안구, 안양시, 경기도, 13926, 대한민국"
"한국미인테라피","경기","경기","안양시-동안구","신촌동","37.3817868","126.9563074","OK","범계역","안산과천선","한국철도공사","경기도 안양시 동안구 동안로 지하 130","1.02","","신촌동, 평촌, 동안구, 안양시, 경기도, 대한민국"
"한국미인테라피","경기","경기","안양시-동안구","인덕원동","","","OK","","","","","","역미배정",""
"한국미인테라피","경기","경기","안양시-동안구","평안동","37.3903987","126.9643258","OK","평촌역","안산과천선","한국철도공사","경기도 안양시 동안구 부림로 지하 123","0.44","","평안동, 평촌, 동안구, 안양시, 경기도, 대한민국"
"한국미인테라피","경기","경기","안양시-동안구","평촌동","37.3946757","126.9771614","OK","인덕원역","안산과천선","한국철도공사","경기도 안양시 동안구 흥안대로 529","0.80","","평촌동, 평촌, 동안구, 안양시, 경기도, 대한민국"
"한국미인테라피","경기","경기","안양시-동안구","호계동","37.3779842","126.9543224","OK","금정역","안산과천선","한국철도공사","경기도 군포시 군포로 750","1.16","","호계동, 호계2동, 평촌, 동안구, 안양시, 경기도, 14114, 대한민국"
"한국미인테라피","경기","경기","안양시-만안구","명학동","","","OK","","","","","","역미배정",""
"한국미인테라피","경기","경기","안양시-만안구","박달동","37.4022354","126.8956585","OK","광명역","경부선","한국철도공사","경기도 광명시 광명역로 21","1.82","","박달동, 만안구, 안양시, 경기도, 14015, 대한민국"
"한국미인테라피","경기","경기","안양시-만안구","병목안동","","","OK","","","","","","역미배정",""
"한국미인테라피","경기","경기","안양시-만안구","석수동","37.4201369","126.9061259","OK","관악역","경부선","한국철도공사","경기도 안양시 만안구 경수대로 1273번길 46","0.22","","석수동, 만안구, 안양시, 경기도, 13962, 대한민국"
"한국미인테라피","경기","경기","안양시-만안구","안양동","37.3976904","126.9225717","OK","안양역","경부선","한국철도공사","경기도 안양시 만안구 만안로 232","0.47","","안양동, 만안구, 안양시, 경기도, 13997, 대한민국"
"한국미인테라피","경기","경기","안양시-만안구","충훈동","","","OK","","","","","","역미배정",""
"한국미인테라피","경기","경기","안양시-만안구","호현동","","","OK","","","","","","역미배정",""
"한국미인테라피","경기","경기","양주시","광적면","37.8245077","126.9838784","OK","덕계역","경원선","한국철도공사","경기도 양주시 고덕로 139번길 317","6.43","","광적면, 양주시, 경기도, 대한민국"
"한국미인테라피","경기","경기","양주시","남면","37.8979205","126.9765995","OK","지행역","경원선","한국철도공사","경기도 동두천시 평화로 2285(지행동)","6.97","","남면, 양주시, 경기도, 대한민국"
"한국미인테라피","경기","경기","양주시","백석읍","37.7948404","126.9855291","OK","양주역","경원선","한국철도공사","경기도 양주시 평화로 919(남방동 94-1)","5.68","","백석읍, 양주시, 경기도, 대한민국"
"한국미인테라피","경기","경기","양주시","양주동","","","OK","","","","","","역미배정",""
"한국미인테라피","경기","경기","양주시","옥정동","37.8207524","127.0869850","OK","덕계역","경원선","한국철도공사","경기도 양주시 고덕로 139번길 317","2.67","","옥정동, 옥정2동, 옥정신도시, 양주시, 경기도, 11471, 대한민국"
"한국미인테라피","경기","경기","양주시","은현면","37.8749598","127.0245042","OK","지행역","경원선","한국철도공사","경기도 동두천시 평화로 2285(지행동)","3.35","","은현면, 양주시, 경기도, 대한민국"
"한국미인테라피","경기","경기","양주시","장흥면","37.7177729","126.9412400","OK","지축역","3호선","서울교통공사","경기도 고양시 덕양구 삼송로 300(지축동)","8.11","8km초과","장흥면, 양주시, 경기도, 대한민국"
"한국미인테라피","경기","경기","양주시","회천동","","","OK","","","","","","역미배정",""
"한국미인테라피","경기","경기","양평군","강상면","37.4626300","127.4702700","OK","양평역","경의중앙선","한국철도공사","경기도 양평군 양평읍 역전길 30","3.85","","강상면, 양평군, 경기도, 12572, 대한민국"
"한국미인테라피","경기","경기","양평군","강하면","37.4696200","127.4056600","OK","국수역","경의중앙선","한국철도공사","경기도 양평군 양서면 국수역길 45","5.21","","강하면, 양평군, 경기도, 12574, 대한민국"
"한국미인테라피","경기","경기","양평군","개군면","37.4419737","127.5455780","OK","원덕역","경의중앙선","한국철도공사","경기도 양평군 양평읍 원덕흑천길 138","2.96","","개군면, 양평군, 경기도, 12568, 대한민국"
"한국미인테라피","경기","경기","양평군","단월면","37.5876528","127.6363952","OK","용문역","경의중앙선","한국철도공사","경기도 양평군 용문면 다문리 748-2","12.31","8km초과","단월면, 양평군, 경기도, 12528, 대한민국"
"한국미인테라피","경기","경기","양평군","서종면","37.6077900","127.4094200","OK","대성리역","경춘선","한국철도공사","경기도 가평군 청평면 경춘로 88(대성리 393)","8.87","8km초과","서종면, 양평군, 경기도, 12501, 대한민국"
"한국미인테라피","경기","경기","양평군","양동면","37.4466098","127.7392521","OK","지평역","경의중앙선","한국철도공사","경기도 양평군 지평면 지평역길 32","10.23","8km초과","양동면, 양평군, 경기도, 12539, 대한민국"
"한국미인테라피","경기","경기","양평군","양서면","37.5433928","127.3231712","OK","양수역","경의중앙선","한국철도공사","경기도 양평군 양서면 목왕로 55-10","0.59","","양서면, 양평군, 경기도, 12585, 대한민국"
"한국미인테라피","경기","경기","양평군","양평읍","37.4868673","127.4939730","OK","양평역","경의중앙선","한국철도공사","경기도 양평군 양평읍 역전길 30","0.67","","양평읍, 양평군, 경기도, 12562, 대한민국"
"한국미인테라피","경기","경기","양평군","옥천면","37.5179878","127.4560689","OK","아신역","경의중앙선","한국철도공사","경기도 양평군 옥천면 아신역길 1길 23-3","1.22","","옥천면, 양평군, 경기도, 12507, 대한민국"
"한국미인테라피","경기","경기","양평군","용문면","37.5022823","127.5915757","OK","용문역","경의중앙선","한국철도공사","경기도 양평군 용문면 다문리 748-2","2.26","","용문면, 양평군, 경기도, 12515, 대한민국"
"한국미인테라피","경기","경기","양평군","지평면","37.4476065","127.6425328","OK","지평역","경의중앙선","한국철도공사","경기도 양평군 지평면 지평역길 32","3.41","","지평면, 양평군, 경기도, 12541, 대한민국"
"한국미인테라피","경기","경기","양평군","청운면","37.5522302","127.7433406","OK","지평역","경의중앙선","한국철도공사","경기도 양평군 지평면 지평역길 32","13.09","8km초과","청운면, 양평군, 경기도, 12530, 대한민국"
"한국미인테라피","경기","경기","여주시","가남읍","37.2128600","127.5772400","OK","세종대왕릉역","경강선","한국철도공사","경기도 여주시 능서면 양화로 877","9.00","8km초과","가남읍, 여주시, 경기도, 12656, 대한민국"
"한국미인테라피","경기","경기","여주시","강천면","37.2754700","127.7166200","OK","여주역","경강선","한국철도공사","경기도 여주시 교동로 80(교동 403-1)","7.83","","강천면, 여주시, 경기도, 12616, 대한민국"
"한국미인테라피","경기","경기","여주시","금사면","37.3990700","127.5023300","OK","원덕역","경의중앙선","한국철도공사","경기도 양평군 양평읍 원덕흑천길 138","8.70","8km초과","금사면, 여주시, 경기도, 12601, 대한민국"
"한국미인테라피","경기","경기","여주시","대신면","37.3829300","127.5979900","OK","세종대왕릉역","경강선","한국철도공사","경기도 여주시 능서면 양화로 877","10.22","8km초과","대신면, 여주시, 경기도, 12608, 대한민국"
"한국미인테라피","경기","경기","여주시","북내면","37.3470100","127.6806200","OK","여주역","경강선","한국철도공사","경기도 여주시 교동로 80(교동 403-1)","8.49","8km초과","북내면, 여주시, 경기도, 12614, 대한민국"
"한국미인테라피","경기","경기","여주시","산북면","37.4069039","127.4486074","OK","양평역","경의중앙선","한국철도공사","경기도 양평군 양평읍 역전길 30","10.27","8km초과","산북면, 여주시, 경기도, 12603, 대한민국"
"한국미인테라피","경기","경기","여주시","세종대왕면","37.2907700","127.5734000","OK","세종대왕릉역","경강선","한국철도공사","경기도 여주시 능서면 양화로 877","0.39","","세종대왕면, 여주시, 경기도, 12641, 대한민국"
"한국미인테라피","경기","경기","여주시","여흥동","37.2950808","127.6398834","OK","여주역","경강선","한국철도공사","경기도 여주시 교동로 80(교동 403-1)","1.69","","여흥동 행정복지센터, 148, 여흥로, 상동, 여주시, 경기도, 12628, 대한민국"
"한국미인테라피","경기","경기","여주시","오학동","37.3109191","127.6455998","OK","여주역","경강선","한국철도공사","경기도 여주시 교동로 80(교동 403-1)","3.46","","오학동, 현암3리, 여주시, 경기도, 12637, 대한민국"
"한국미인테라피","경기","경기","여주시","점동면","37.1912700","127.6815200","OK","여주역","경강선","한국철도공사","경기도 여주시 교동로 80(교동 403-1)","11.21","8km초과","점동면, 여주시, 경기도, 12666, 대한민국"
"한국미인테라피","경기","경기","여주시","중앙동","37.2986860","127.6289512","OK","여주역","경강선","한국철도공사","경기도 여주시 교동로 80(교동 403-1)","1.76","","중앙동 행정복지센터, 26, 여흥로11번길, 하동, 여주시, 경기도, 12623, 대한민국"
"한국미인테라피","경기","경기","여주시","흥천면","37.3465800","127.5314200","OK","세종대왕릉역","경강선","한국철도공사","경기도 여주시 능서면 양화로 877","6.84","","흥천면, 여주시, 경기도, 12607, 대한민국"
"한국미인테라피","경기","경기","연천군","군남면","38.0727312","127.0362672","OK","연천역","경원선","한국철도공사","경기도 연천군 연천읍 연천로 273-7(차탄리)","4.50","","군남면, 연천군, 경기도, 대한민국"
"한국미인테라피","경기","경기","연천군","미산면","38.0341500","126.9781600","OK","전곡역","경원선","한국철도공사","경기도 연천군 전곡읍 전곡역로 75(전곡리)","8.29","8km초과","미산면, 연천군, 경기도, 대한민국"
"한국미인테라피","경기","경기","연천군","백학면","38.0246253","126.8987729","OK","전곡역","경원선","한국철도공사","경기도 연천군 전곡읍 전곡역로 75(전곡리)","15.17","15km초과","백학면, 연천군, 경기도, 11048, 대한민국"
"한국미인테라피","경기","경기","연천군","신서면","38.1955620","127.1022950","OK","연천역","경원선","한국철도공사","경기도 연천군 연천읍 연천로 273-7(차탄리)","10.86","8km초과","신서면, 연천군, 경기도, 11000, 대한민국"
"한국미인테라피","경기","경기","연천군","연천읍","38.1039198","127.0756497","OK","연천역","경원선","한국철도공사","경기도 연천군 연천읍 연천로 273-7(차탄리)","0.42","","연천읍, 연천군, 경기도, 대한민국"
"한국미인테라피","경기","경기","연천군","왕징면","38.0958056","126.9337624","OK","연천역","경원선","한국철도공사","경기도 연천군 연천읍 연천로 273-7(차탄리)","12.25","8km초과","왕징면, 연천군, 경기도, 11044, 대한민국"
"한국미인테라피","경기","경기","연천군","장남면","37.9910400","126.8469600","OK","운천역","경의중앙선","한국철도공사","경기도 파주시 문산읍 통일로2033번길3","14.08","8km초과","장남면, 연천군, 경기도, 11050, 대한민국"
"한국미인테라피","경기","경기","연천군","전곡읍","37.9950067","127.0374364","OK","청산역","경원선","한국철도공사","경기도 연천군 청산면 초성리 170-1","3.21","","전곡읍, 연천군, 경기도, 대한민국"
"한국미인테라피","경기","경기","연천군","중면","38.1588167","127.0174264","OK","연천역","경원선","한국철도공사","경기도 연천군 연천읍 연천로 273-7(차탄리)","8.14","8km초과","중면, 연천군, 경기도, 11004, 대한민국"
"한국미인테라피","경기","경기","연천군","청산면","38.0148200","127.1058100","OK","전곡역","경원선","한국철도공사","경기도 연천군 전곡읍 전곡역로 75(전곡리)","3.14","","청산면, 연천군, 경기도, 대한민국"
"한국미인테라피","경기","경기","오산시","남촌동","37.1545903","127.0634894","OK","오산역","경부선","한국철도공사","경기도 오산시 오산동 역광장로 59","1.05","","남촌동 행정복지센터, 55-5, 청학로, 청학동, 오산시, 경기도, 18119, 대한민국"
"한국미인테라피","경기","경기","오산시","대원동","37.1386110","127.0717379","OK","오산역","경부선","한국철도공사","경기도 오산시 오산동 역광장로 59","0.88","","대원동 행정복지센터, 28, 오산로132번길, 갈곶동, 오산시, 경기도, 18143, 대한민국"
"한국미인테라피","경기","경기","오산시","세마동","37.1883126","127.0408128","OK","세마역","경부선","한국철도공사","경기도 오산시 세마역로 88","0.25","","세마동 행정복지센터, 419, 독산성로, 세교동, 오산시, 경기도, 18105, 대한민국"
"한국미인테라피","경기","경기","오산시","신장동","37.1766365","127.0545602","OK","오산대역","경부선","한국철도공사","경기도 오산시 청학로 236","1.10","","신장동 행정복지센터, 45, 수청로, 내삼미동, 오산시, 경기도, 18108, 대한민국"
"한국미인테라피","경기","경기","오산시","중앙동","37.1523481","127.0731353","OK","오산역","경부선","한국철도공사","경기도 오산시 오산동 역광장로 59","0.95","","중앙동 행정복지센터, 307, 경기대로, 은계동, 오산시, 경기도, 18135, 대한민국"
"한국미인테라피","경기","경기","오산시","초평동","37.1400664","127.0440104","OK","오산역","경부선","한국철도공사","경기도 오산시 오산동 역광장로 59","2.10","","초평동 행정복지센터, 77, 초평중앙로, 탑동, 오산시, 경기도, 18127, 대한민국"
"한국미인테라피","경기","경기","용인시-기흥구","구갈동","37.2748500","127.1225900","OK","기흥역","에버라인","경기도 용인경전철","경기도 용인시 기흥구 중부대로 460","0.50","","구갈동, 기흥구, 용인시, 경기도, 17066, 대한민국"
"한국미인테라피","경기","경기","용인시-기흥구","구성동","37.2967589","127.1190441","OK","구성역","분당선","한국철도공사","경기도 용인시 기흥구 용구대로 2403","1.21","","구성동 행정복지센터, 17, 구성로77번길, 마북동, 기흥구, 용인시, 경기도, 16917, 대한민국"
"한국미인테라피","경기","경기","용인시-기흥구","기흥동","37.2314789","127.1155335","OK","상갈역","분당선","한국철도공사","경기도 용인시 기흥구 금화로 지하 40","3.42","","기흥동 행정복지센터, 12-14, 고매로43번길, 공세동, 기흥구, 용인시, 경기도, 17085, 대한민국"
"한국미인테라피","경기","경기","용인시-기흥구","동백동","37.2857563","127.1594247","OK","어정역","에버라인","경기도 용인경전철","경기도 용인시 기흥구 어정로 128","1.83","","동백동, 기흥구, 용인시, 경기도, 17000, 대한민국"
"한국미인테라피","경기","경기","용인시-기흥구","마북동","37.3003279","127.1170325","OK","구성역","분당선","한국철도공사","경기도 용인시 기흥구 용구대로 2403","1.02","","마북동, 기흥구, 용인시, 경기도, 16909, 대한민국"
"한국미인테라피","경기","경기","용인시-기흥구","보라동","37.2527118","127.1143984","OK","상갈역","분당선","한국철도공사","경기도 용인시 기흥구 금화로 지하 40","1.13","","보라동, 기흥구, 용인시, 경기도, 17079, 대한민국"
"한국미인테라피","경기","경기","용인시-기흥구","보정동","37.3185389","127.1156843","OK","보정역","분당선","한국철도공사","경기도 용인시 기흥구 용구대로 2560  _x000D_","0.92","","보정동, 기흥구, 용인시, 경기도, 16898, 대한민국"
"한국미인테라피","경기","경기","용인시-기흥구","상갈동","37.2649800","127.1147000","OK","상갈역","분당선","한국철도공사","경기도 용인시 기흥구 금화로 지하 40","0.64","","상갈동, 기흥구, 용인시, 경기도, 17068, 대한민국"
"한국미인테라피","경기","경기","용인시-기흥구","상하동","37.2636069","127.1400337","OK","지석역","에버라인","경기도 용인경전철","경기도 용인시 기흥구 어정로 28","0.76","","상하동, 기흥구, 용인시, 경기도, 17070, 대한민국"
"한국미인테라피","경기","경기","용인시-기흥구","서농동","37.2380035","127.0682692","OK","망포역","분당선","한국철도공사","경기도 수원시 영통구 봉영로 지하 1520","1.30","","서농동 행정복지센터, 79, 서천서로, 서천동, 기흥구, 용인시, 경기도, 17109, 대한민국"
"한국미인테라피","경기","경기","용인시-기흥구","신갈동","37.2784708","127.1023373","OK","신갈역","분당선","한국철도공사","경기도 용인시 기흥구 기흥로 136","1.16","","신갈동, 기흥구, 용인시, 경기도, 16969, 대한민국"
"한국미인테라피","경기","경기","용인시-기흥구","영덕동","37.2730290","127.0812559","OK","청명역","분당선","한국철도공사","경기도 수원시 영통구 봉영로 지하 1670","1.52","","영덕동, 기흥구, 용인시, 경기도, 16950, 대한민국"
"한국미인테라피","경기","경기","용인시-수지구","동천동","37.3403800","127.0856400","OK","동천역","신분당선","경기도 신분당선","경기도 용인시 수지구 신수로 지하760","1.53","","동천동, 신봉동, 수지구, 용인시, 경기도, 16822, 대한민국"
"한국미인테라피","경기","경기","용인시-수지구","상현동","37.3031800","127.0770400","OK","상현역","신분당선","경기도 신분당선","경기도 용인시 수지구 광교중앙로 지하312","0.83","","상현동, 신봉동, 수지구, 용인시, 경기도, 16862, 대한민국"
"한국미인테라피","경기","경기","용인시-수지구","성복동","37.3160035","127.0710645","OK","성복역","신분당선","경기도 신분당선","경기도 용인시 수지구 수지로 지하134","0.88","","성복동 수호수 느티나무, 신봉동, 수지구, 용인시, 경기도, 대한민국"
"한국미인테라피","경기","경기","용인시-수지구","신봉동","37.3206926","127.0833645","OK","성복역","신분당선","경기도 신분당선","경기도 용인시 수지구 수지로 지하134","0.77","","신봉동, 수지구, 용인시, 경기도, 16845, 대한민국"
"한국미인테라피","경기","경기","용인시-수지구","죽전동","37.3292000","127.1163100","OK","죽전역","분당선","한국철도공사","경기도 용인시 수지구 포은대로 530(죽전동 1014)","0.94","","죽전동, 신봉동, 수지구, 용인시, 경기도, 16872, 대한민국"
"한국미인테라피","경기","경기","용인시-수지구","풍덕천동","37.3239700","127.0949500","OK","수지구청역","신분당선","경기도 신분당선","경기도 용인시 수지구 풍덕천로 지하120 ","0.12","","풍덕천동, 신봉동, 수지구, 용인시, 경기도, 16837, 대한민국"
"한국미인테라피","경기","경기","용인시-처인구","남사읍","37.1157224","127.1504900","OK","진위역","경부선","한국철도공사","경기도 평택시 경기대로 1855","7.84","","남사읍 행정복지센터, 22, 봉무로15번길, 처인구, 용인시, 경기도, 17118, 대한민국"
"한국미인테라피","경기","경기","용인시-처인구","동부동","37.2328948","127.2191825","OK","용인중앙시장역","에버라인","경기도 용인경전철","경기도 용인시 처인구 금학로 409","1.06","","동부동 행정복지센터, 1574, 중부대로, 마평동, 처인구, 용인시, 경기도, 17144, 대한민국"
"한국미인테라피","경기","경기","용인시-처인구","모현읍","37.3297000","127.2170300","OK","전대·에버랜드역","에버라인","경기도 용인경전철","경기도 용인시 처인구 포곡읍 에버랜드로 143","4.93","","모현읍, 처인구, 용인시, 경기도, 대한민국"
"한국미인테라피","경기","경기","용인시-처인구","백암면","37.1634125","127.3754054","OK","이천역","경강선","한국철도공사","경기도 이천시 이섭대천로 1063","12.67","8km초과","백암면 행정복지센터, 189, 백암로, 처인구, 용인시, 경기도, 17178, 대한민국"
"한국미인테라피","경기","경기","용인시-처인구","삼가동","37.2406000","127.1660600","OK","삼가역","에버라인","경기도 용인경전철","경기도 용인시 처인구 중부대로 1098","0.25","","삼가동, 처인구, 용인시, 경기도, 17091, 대한민국"
"한국미인테라피","경기","경기","용인시-처인구","양지읍","37.2354917","127.2798585","OK","고진역","에버라인","경기도 용인경전철","경기도 용인시 처인구 경안천로 141","5.90","","양지읍 행정복지센터, 5, 양지로105번길, 처인구, 용인시, 경기도, 17158, 대한민국"
"한국미인테라피","경기","경기","용인시-처인구","역북동","37.2357419","127.1886075","OK","명지대역","에버라인","경기도 용인경전철","경기도 용인시 처인구 금학로 241","0.30","","역북동, 처인구, 용인시, 경기도, 17055, 대한민국"
"한국미인테라피","경기","경기","용인시-처인구","원삼면","37.1665125","127.3133844","OK","용인중앙시장역","에버라인","경기도 용인경전철","경기도 용인시 처인구 금학로 409","12.18","8km초과","원삼면 행정복지센터, 64, 원양로, 용인 반도체클러스터 일반산업단지, 처인구, 용인시, 경기도, 17168, 대한민국"
"한국미인테라피","경기","경기","용인시-처인구","유림동","37.2573755","127.2125964","OK","보평역","에버라인","경기도 용인경전철","경기도 용인시 처인구 경안천로 313","0.55","","유림동.방축, 백옥대로, 유방동, 처인구, 용인시, 경기도, 17041, 대한민국"
"한국미인테라피","경기","경기","용인시-처인구","이동읍","37.1411028","127.1962022","OK","김량장역","에버라인","경기도 용인경전철","경기도 용인시 처인구 금학로 315","10.70","8km초과","이동읍 행정복지센터, 673, 경기동로, 처인구, 용인시, 경기도, 17136, 대한민국"
"한국미인테라피","경기","경기","용인시-처인구","중앙동","","","OK","","","","","","역미배정",""
"한국미인테라피","경기","경기","용인시-처인구","포곡읍","37.2778094","127.2308608","OK","전대·에버랜드역","에버라인","경기도 용인경전철","경기도 용인시 처인구 포곡읍 에버랜드로 143","1.31","","포곡읍 행정복지센터, 258, 포곡로, 처인구, 용인시, 경기도, 17028, 대한민국"
"한국미인테라피","경기","경기","의왕시","고천동","37.3414144","126.9872221","OK","당정역","경부선","한국철도공사","경기도 군포시 당정역로 91","3.44","","고천동, 의왕시, 경기도, 대한민국"
"한국미인테라피","경기","경기","의왕시","내손동","37.3821161","126.9790943","OK","평촌역","안산과천선","한국철도공사","경기도 안양시 동안구 부림로 지하 123","1.91","","내손동, 내손2동, 의왕시, 경기도, 16031, 대한민국"
"한국미인테라피","경기","경기","의왕시","부곡동","37.3237611","126.9568136","OK","의왕역","경부선","한국철도공사","경기도 의왕시 철도박물관로 66(삼동)","0.84","","부곡동, 의왕시, 경기도, 대한민국"
"한국미인테라피","경기","경기","의왕시","오전동","37.3610269","126.9826253","OK","군포역","경부선","한국철도공사","경기도 군포시 군포역1길 27","3.12","","오전동, 의왕시, 경기도, 대한민국"
"한국미인테라피","경기","경기","의왕시","청계동","37.3843639","127.0117299","OK","인덕원역","안산과천선","한국철도공사","경기도 안양시 동안구 흥안대로 529","3.66","","청계동, 의왕시, 경기도, 대한민국"
"한국미인테라피","경기","경기","의정부시","가능동","37.7495468","127.0322159","OK","흥선역","의정부","의정부경량전철㈜","경기도 의정부시 호국로 1197","0.83","","가능동, 의정부시, 경기도, 대한민국"
"한국미인테라피","경기","경기","의정부시","고산동","37.7314300","127.1043300","OK","탑석역","의정부","의정부경량전철㈜","경기도 의정부시 충의로 20","1.38","","고산동, 의정부시, 경기도, 11801, 대한민국"
"한국미인테라피","경기","경기","의정부시","녹양동","37.7632835","127.0341847","OK","녹양역","경원선","한국철도공사","경기도 의정부시 평화로 757(녹양동 973)","0.83","","녹양동, 의정부시, 경기도, 대한민국"
"한국미인테라피","경기","경기","의정부시","송산동","37.7199369","127.1017226","OK","탑석역","의정부","의정부경량전철㈜","경기도 의정부시 충의로 20","1.89","","고산동.빼뻘, 송산로, 용현동, 의정부시, 경기도, 11799, 대한민국"
"한국미인테라피","경기","경기","의정부시","신곡동","37.7374524","127.0600135","OK","동오역","의정부","의정부경량전철㈜","경기도 의정부시 장곡로 471","0.90","","신곡동, 신곡2동, 의정부시, 경기도, 11747, 대한민국"
"한국미인테라피","경기","경기","의정부시","의정부동","37.7393544","127.0464579","OK","의정부역","경원선","한국철도공사","경기도 의정부시 평화로 525","0.09","","의정부동, 의정부1동, 의정부시, 경기도, 11696, 대한민국"
"한국미인테라피","경기","경기","의정부시","자금동","37.7620045","127.0816396","OK","효자역","의정부","의정부경량전철㈜","경기도 의정부시 부용로 159-40","0.97","","자금동, 의정부시, 경기도, 대한민국"
"한국미인테라피","경기","경기","의정부시","장암동","37.7069742","127.0617178","OK","장암역","7호선","서울교통공사","경기도 의정부시 동일로 121(장암동)","1.07","","장암동, 의정부시, 경기도, 대한민국"
"한국미인테라피","경기","경기","의정부시","호원동","37.7174363","127.0396935","OK","회룡역","경원선","한국철도공사","경기도 의정부시 평화로 363","0.99","","호원동, 호원1동, 의정부시, 경기도, 11641, 대한민국"
"한국미인테라피","경기","경기","의정부시","흥선동","37.7365815","127.0174955","OK","의정부시청역","의정부","의정부경량전철㈜","경기도 의정부시 의정로 69","1.55","","흥선동, 의정부시, 경기도, 대한민국"
"한국미인테라피","경기","경기","이천시","관고동","37.2865789","127.4204930","OK","이천역","경강선","한국철도공사","경기도 이천시 이섭대천로 1063","3.14","","관고동, 이천시, 경기도, 대한민국"
"한국미인테라피","경기","경기","이천시","대월면","37.2144300","127.5004400","OK","부발역","경강선","한국철도공사","경기도 이천시 부발읍 신아로 87","5.19","","대월면, 이천시, 경기도, 대한민국"
"한국미인테라피","경기","경기","이천시","마장면","37.2497263","127.3634125","OK","이천역","경강선","한국철도공사","경기도 이천시 이섭대천로 1063","7.15","","마장면, 이천시, 경기도, 대한민국"
"한국미인테라피","경기","경기","이천시","모가면","37.1730510","127.4662734","OK","부발역","경강선","한국철도공사","경기도 이천시 부발읍 신아로 87","9.94","8km초과","모가면, 이천시, 경기도, 17408, 대한민국"
"한국미인테라피","경기","경기","이천시","백사면","37.3244400","127.4862800","OK","부발역","경강선","한국철도공사","경기도 이천시 부발읍 신아로 87","7.13","","백사면, 이천시, 경기도, 대한민국"
"한국미인테라피","경기","경기","이천시","부발읍","37.2834010","127.4872796","OK","부발역","경강선","한국철도공사","경기도 이천시 부발읍 신아로 87","2.57","","부발읍, 이천시, 경기도, 대한민국"
"한국미인테라피","경기","경기","이천시","설성면","37.1401200","127.5247100","OK","부발역","경강선","한국철도공사","경기도 이천시 부발읍 신아로 87","13.72","8km초과","설성면, 이천시, 경기도, 17411, 대한민국"
"한국미인테라피","경기","경기","이천시","신둔면","37.3105300","127.4072900","OK","신둔도예촌역","경강선","한국철도공사","경기도 이천시 신둔면 남정로 55","0.58","","신둔면, 이천시, 경기도, 대한민국"
"한국미인테라피","경기","경기","이천시","율면","37.0937144","127.5482665","OK","부발역","경강선","한국철도공사","경기도 이천시 부발읍 신아로 87","19.23","15km초과","율면, 이천시, 경기도, 17423, 대한민국"
"한국미인테라피","경기","경기","이천시","장호원읍","37.1318100","127.5969800","OK","여주역","경강선","한국철도공사","경기도 여주시 교동로 80(교동 403-1)","17.03","15km초과","장호원읍, 이천시, 경기도, 대한민국"
"한국미인테라피","경기","경기","이천시","중리동","37.2380787","127.4588829","OK","이천역","경강선","한국철도공사","경기도 이천시 이섭대천로 1063","3.26","","중리동, 이천시, 경기도, 대한민국"
"한국미인테라피","경기","경기","이천시","증포동","37.2886953","127.4558688","OK","이천역","경강선","한국철도공사","경기도 이천시 이섭대천로 1063","2.98","","증포동, 이천시, 경기도, 대한민국"
"한국미인테라피","경기","경기","이천시","창전동","37.2830213","127.4473830","OK","이천역","경강선","한국철도공사","경기도 이천시 이섭대천로 1063","2.14","","창전동, 이천시, 경기도, 대한민국"
"한국미인테라피","경기","경기","이천시","호법면","37.2170000","127.4184300","OK","이천역","경강선","한국철도공사","경기도 이천시 이섭대천로 1063","5.65","","호법면, 이천시, 경기도, 대한민국"
"한국미인테라피","경기","경기","파주시","광탄면","37.7797029","126.8821362","OK","월롱역","경의중앙선","한국철도공사","경기도 파주시 월롱면 통일로 980","8.08","8km초과","광탄면, 파주시, 경기도, 대한민국"
"한국미인테라피","경기","경기","파주시","교하동","37.7260940","126.7019257","OK","야당역","경의중앙선","한국철도공사","경기도 파주시 소리천로 10","5.45","","교하동, 파주시, 경기도, 대한민국"
"한국미인테라피","경기","경기","파주시","금촌동","37.7584627","126.7697535","OK","금릉역","경의중앙선","한국철도공사","경기도 파주시 금릉역로85","0.88","","금촌동, 금촌1동, 파주시, 경기도, 10926, 대한민국"
"한국미인테라피","경기","경기","파주시","문산읍","37.8637399","126.7819766","OK","문산역","경의중앙선","한국철도공사","경기도 파주시 문산읍 문산역로 94","1.13","","문산읍, 파주시, 경기도, 대한민국"
"한국미인테라피","경기","경기","파주시","법원읍","37.8656000","126.8905700","OK","문산역","경의중앙선","한국철도공사","경기도 파주시 문산읍 문산역로 94","9.13","8km초과","법원읍, 파주시, 경기도, 대한민국"
"한국미인테라피","경기","경기","파주시","운정동","","","OK","","","","","","역미배정",""
"한국미인테라피","경기","경기","파주시","월롱면","37.7978400","126.7909200","OK","월롱역","경의중앙선","한국철도공사","경기도 파주시 월롱면 통일로 980","0.23","","월롱면, 파주시, 경기도, 대한민국"
"한국미인테라피","경기","경기","파주시","장단면","37.8769367","126.7123046","OK","임진강역","경의중앙선","한국철도공사","경기도 파주시 문산읍 임진각로 115(문산읍)","3.28","","장단면, 파주시, 경기도, 대한민국"
"한국미인테라피","경기","경기","파주시","적성면","37.9661500","126.9245393","OK","소요산역","경원선","한국철도공사","경기도 동두천시 평화로 2925(상봉암동 126)","12.12","8km초과","적성면, 파주시, 경기도, 대한민국"
"한국미인테라피","경기","경기","파주시","조리읍","37.7532481","126.8140871","OK","금촌역","경의중앙선","한국철도공사","경기도 파주시 새꽃로 193","3.76","","조리읍, 파주시, 경기도, 대한민국"
"한국미인테라피","경기","경기","파주시","탄현면","37.8091900","126.7101500","OK","파주역","경의중앙선","한국철도공사","경기도 파주시 파주읍 주라위길 38","7.26","","탄현면, 파주시, 경기도, 대한민국"
"한국미인테라피","경기","경기","파주시","파주읍","37.8292632","126.8164928","OK","파주역","경의중앙선","한국철도공사","경기도 파주시 파주읍 주라위길 38","2.62","","파주읍, 파주시, 경기도, 대한민국"
"한국미인테라피","경기","경기","파주시","파평면","37.9141511","126.8527670","OK","운천역","경의중앙선","한국철도공사","경기도 파주시 문산읍 통일로2033번길3","8.22","8km초과","파평면, 파주시, 경기도, 대한민국"
"한국미인테라피","경기","경기","평택시","고덕동","37.0480854","127.0363555","OK","서정리역","경부선","한국철도공사","경기도 평택시 탄현로 51","1.73","","고덕동, 평택시, 경기도, 18007, 대한민국"
"한국미인테라피","경기","경기","평택시","고덕면","37.0334835","127.0132264","OK","서정리역","경부선","한국철도공사","경기도 평택시 탄현로 51","4.35","","고덕면, 평택시, 경기도, 18021, 대한민국"
"한국미인테라피","경기","경기","평택시","동삭동","37.0152300","127.0998600","OK","평택지제역","경부선","한국철도공사","경기도 평택시 경기대로 777","2.66","","동삭동, 평택시, 경기도, 17848, 대한민국"
"한국미인테라피","경기","경기","평택시","비전동","37.0008941","127.1007780","OK","평택역","경부선","한국철도공사","경기도 평택시 평택로 51","1.78","","비전동, 평택시, 경기도, 17851, 대한민국"
"한국미인테라피","경기","경기","평택시","서정동","37.0678815","127.0546499","OK","송탄역","경부선","한국철도공사","경기도 평택시 신장동 송탄공원로 43","0.83","","서정동, 송탄, 당현리, 평택시, 경기도, 17772, 대한민국"
"한국미인테라피","경기","경기","평택시","서탄면","37.1088408","127.0277445","OK","진위역","경부선","한국철도공사","경기도 평택시 경기대로 1855","3.07","","서탄면, 평택시, 경기도, 17704, 대한민국"
"한국미인테라피","경기","경기","평택시","세교동","37.0061508","127.0834733","OK","평택역","경부선","한국철도공사","경기도 평택시 평택로 51","1.74","","세교동, 평택시, 경기도, 17835, 대한민국"
"한국미인테라피","경기","경기","평택시","송북동","37.0816418","127.0602516","OK","송탄역","경부선","한국철도공사","경기도 평택시 신장동 송탄공원로 43","0.87","","송북동 행정복지센터, 113, 지산2로, 독곡동, 송탄, 신리, 평택시, 경기도, 17756, 대한민국"
"한국미인테라피","경기","경기","평택시","송탄동","37.0444047","127.0948511","OK","평택지제역","경부선","한국철도공사","경기도 평택시 경기대로 777","3.59","","송탄동 행정복지센터, 117, 방여울로, 가재동, 평택시, 경기도, 17742, 대한민국"
"한국미인테라피","경기","경기","평택시","신장동","37.0816300","127.0495700","OK","송탄역","경부선","한국철도공사","경기도 평택시 신장동 송탄공원로 43","0.82","","신장동, 송탄, 당현리, 평택시, 경기도, 17758, 대한민국"
"한국미인테라피","경기","경기","평택시","신평동","","","OK","","","","","","역미배정",""
"한국미인테라피","경기","경기","평택시","안중읍","36.9871501","126.9271689","OK","평택지제역","경부선","한국철도공사","경기도 평택시 경기대로 777","13.19","8km초과","안중읍, 평택시, 경기도, 17936, 대한민국"
"한국미인테라피","경기","경기","평택시","오성면","37.0102258","126.9842484","OK","평택지제역","경부선","한국철도공사","경기도 평택시 경기대로 777","7.70","","오성면, 평택시, 경기도, 17819, 대한민국"
"한국미인테라피","경기","경기","평택시","용이동","37.0000400","127.1421400","OK","평택역","경부선","한국철도공사","경기도 평택시 평택로 51","5.14","","용이동, 평택시, 경기도, 17867, 대한민국"
"한국미인테라피","경기","경기","평택시","원평동","36.9892586","127.0804766","OK","평택역","경부선","한국철도공사","경기도 평택시 평택로 51","0.47","","원평동 행정복지센터, 9, 원평2로, 통복동, 신궁리, 평택시, 경기도, 17921, 대한민국"
"한국미인테라피","경기","경기","평택시","중앙동","37.0553622","127.0560079","OK","서정리역","경부선","한국철도공사","경기도 평택시 탄현로 51","0.31","","중앙동 행정복지센터, 16, 서정역로, 장당동, 송탄, 고덕동, 평택시, 경기도, 17783, 대한민국"
"한국미인테라피","경기","경기","평택시","지산동","37.0787341","127.0672852","OK","송탄역","경부선","한국철도공사","경기도 평택시 신장동 송탄공원로 43","1.20","","지산동, 송탄, 진위면, 평택시, 경기도, 17727, 대한민국"
"한국미인테라피","경기","경기","평택시","진위면","37.1088700","127.0840700","OK","진위역","경부선","한국철도공사","경기도 평택시 경기대로 1855","1.93","","진위면, 평택시, 경기도, 17712, 대한민국"
"한국미인테라피","경기","경기","평택시","청북읍","37.0392736","126.9330358","OK","서정리역","경부선","한국철도공사","경기도 평택시 탄현로 51","10.80","8km초과","청북읍, 평택시, 경기도, 17812, 대한민국"
"한국미인테라피","경기","경기","평택시","통복동","36.9896300","127.0777500","OK","평택역","경부선","한국철도공사","경기도 평택시 평택로 51","0.70","","통복동, 신궁리, 평택시, 경기도, 17921, 대한민국"
"한국미인테라피","경기","경기","평택시","팽성읍","36.9612668","127.0439500","OK","평택역","경부선","한국철도공사","경기도 평택시 평택로 51","4.92","","팽성읍, 평택시, 경기도, 17982, 대한민국"
"한국미인테라피","경기","경기","평택시","포승읍","36.9808400","126.8653400","OK","서정리역","경부선","한국철도공사","경기도 평택시 탄현로 51","18.65","15km초과","포승읍, 평택시, 경기도, 17965, 대한민국"
"한국미인테라피","경기","경기","평택시","현덕면","36.9483725","126.9237016","OK","평택역","경부선","한국철도공사","경기도 평택시 평택로 51","15.12","15km초과","현덕면, 평택시, 경기도, 17946, 대한민국"
"한국미인테라피","경기","경기","포천시","가산면","37.8359533","127.1919212","OK","덕정역","경원선","한국철도공사","경기도 양주시 화합로 1356","11.48","8km초과","가산면, 포천시, 경기도, 11164, 대한민국"
"한국미인테라피","경기","경기","포천시","관인면","38.1370600","127.2397700","OK","연천역","경원선","한국철도공사","경기도 연천군 연천읍 연천로 273-7(차탄리)","15.09","15km초과","관인면, 포천시, 경기도, 11101, 대한민국"
"한국미인테라피","경기","경기","포천시","군내면","37.8772300","127.2219800","OK","덕정역","경원선","한국철도공사","경기도 양주시 화합로 1356","14.59","8km초과","군내면, 포천시, 경기도, 11155, 대한민국"
"한국미인테라피","경기","경기","포천시","내촌면","37.7981539","127.2341011","OK","진접역","진접선","남양주도시공사","경기도 남양주시 진접읍 경복대로 지하 244","9.06","8km초과","내촌면, 포천시, 경기도, 11189, 대한민국"
"한국미인테라피","경기","경기","포천시","선단동","37.8642666","127.1466017","OK","덕정역","경원선","한국철도공사","경기도 양주시 화합로 1356","7.83","","선단동, 포천시, 경기도, 대한민국"
"한국미인테라피","경기","경기","포천시","소흘읍","37.8039536","127.1496410","OK","곤제역","의정부","의정부경량전철㈜","경기도 의정부시 천보로 173","8.29","8km초과","소흘읍, 포천시, 경기도, 11182, 대한민국"
"한국미인테라피","경기","경기","포천시","신북면","37.9456000","127.1783800","OK","소요산역","경원선","한국철도공사","경기도 동두천시 평화로 2925(상봉암동 126)","10.30","8km초과","신북면, 포천시, 경기도, 대한민국"
"한국미인테라피","경기","경기","포천시","영북면","38.0769600","127.2746200","OK","연천역","경원선","한국철도공사","경기도 연천군 연천읍 연천로 273-7(차탄리)","17.78","15km초과","영북면, 포천시, 경기도, 11107, 대한민국"
"한국미인테라피","경기","경기","포천시","영중면","38.0061106","127.2444728","OK","청산역","경원선","한국철도공사","경기도 연천군 청산면 초성리 170-1","14.98","8km초과","영중면, 포천시, 경기도, 11129, 대한민국"
"한국미인테라피","경기","경기","포천시","이동면","38.0387563","127.3658983","OK","전곡역","경원선","한국철도공사","경기도 연천군 전곡읍 전곡역로 75(전곡리)","25.80","15km초과","이동면, 포천시, 경기도, 11113, 대한민국"
"한국미인테라피","경기","경기","포천시","일동면","37.9599732","127.3215602","OK","청산역","경원선","한국철도공사","경기도 연천군 청산면 초성리 170-1","22.04","15km초과","일동면, 포천시, 경기도, 11116, 대한민국"
"한국미인테라피","경기","경기","포천시","창수면","38.0202500","127.1755700","OK","전곡역","경원선","한국철도공사","경기도 연천군 전곡읍 전곡역로 75(전곡리)","9.09","8km초과","창수면, 포천시, 경기도, 11134, 대한민국"
"한국미인테라피","경기","경기","포천시","포천동","37.8915944","127.1801797","OK","동두천중앙역","경원선","한국철도공사","경기도 동두천시 동두천로 228(생연동 682)","10.91","8km초과","포천동, 포천시, 경기도, 대한민국"
"한국미인테라피","경기","경기","포천시","화현면","37.8971547","127.2817387","OK","동두천중앙역","경원선","한국철도공사","경기도 동두천시 동두천로 228(생연동 682)","19.77","15km초과","화현면, 포천시, 경기도, 11123, 대한민국"
"한국미인테라피","경기","경기","하남시","감북동","37.5187770","127.1565830","OK","중앙보훈병원역","수도권  도시철도 9호선","서울시메트로9호선㈜","서울특별시 강동구 명일로 지하 117","1.32","","감북동, 하남시, 경기도, 대한민국"
"한국미인테라피","경기","경기","하남시","감일동","37.5000721","127.1682337","OK","마천역","5호선","서울교통공사","서울특별시 송파구 마천로57길 지하7(마천동)","1.48","","감일동, 하남시, 경기도, 대한민국"
"한국미인테라피","경기","경기","하남시","덕풍동","37.5451587","127.2021787","OK","하남시청역","5호선","서울교통공사","경기도 하남시 하남대로 지하820(덕풍동)","0.57","","덕풍동, 덕풍3동, 하남시, 경기도, 12936, 대한민국"
"한국미인테라피","경기","경기","하남시","미사동","37.5698900","127.2054400","OK","미사역","5호선","서울교통공사","경기도 하남시 미사강변동로 지하90(망월동)","1.34","","미사동, 미사리, 미사1동, 하남시, 경기도, 12900, 대한민국"
"한국미인테라피","경기","경기","하남시","신장동","37.5426986","127.2133852","OK","하남시청역","5호선","서울교통공사","경기도 하남시 하남대로 지하820(덕풍동)","0.58","","신장동, 신장2동, 하남시, 경기도, 12950, 대한민국"
"한국미인테라피","경기","경기","하남시","위례동","37.4822575","127.1616045","OK","마천역","5호선","서울교통공사","서울특별시 송파구 마천로57길 지하7(마천동)","1.61","","위례동, 하남시, 경기도, 대한민국"
"한국미인테라피","경기","경기","하남시","천현동","37.5131064","127.2458999","OK","하남검단산역","5호선","서울교통공사","경기도 하남시 대청로 지하100(창우동)","3.56","","천현동, 하남시, 경기도, 대한민국"
"한국미인테라피","경기","경기","하남시","초이동","37.5318250","127.1749883","OK","중앙보훈병원역","수도권  도시철도 9호선","서울시메트로9호선㈜","서울특별시 강동구 명일로 지하 117","2.36","","초이동, 하남시, 경기도, 대한민국"
"한국미인테라피","경기","경기","하남시","춘궁동","37.5064520","127.1977057","OK","하남시청역","5호선","서울교통공사","경기도 하남시 하남대로 지하820(덕풍동)","4.00","","춘궁동, 하남시, 경기도, 대한민국"
"한국미인테라피","경기","경기","화성시-동탄구","동탄동","","","OK","","","","","","역미배정",""
"한국미인테라피","경기","경기","화성시-만세구","남양읍","37.2098661","126.8219260","OK","야목역","수인선","한국철도공사","경기도 화성시 매송면 본오매송로 286(야목리)","7.93","","남양읍, 만세구, 화성시, 경기도, 대한민국"
"한국미인테라피","경기","경기","화성시-만세구","마도면","37.2055325","126.7696540","OK","원시역","서해선","한국철도공사","경기도 안산시 단원구 선단로 지하 70","10.91","8km초과","마도면 행정복지센터, 389, 마도북로, 만세구, 화성시, 경기도, 18537, 대한민국"
"한국미인테라피","경기","경기","화성시-만세구","새솔동","37.2814080","126.8189116","OK","사리역","수인선","한국철도공사","경기도 안산시 상록구 충장로 103(사동)","3.54","","새솔동, 만세구, 화성시, 경기도, 대한민국"
"한국미인테라피","경기","경기","화성시-만세구","서신면","37.1665592","126.7087827","OK","원시역","서해선","한국철도공사","경기도 안산시 단원구 선단로 지하 70","16.63","15km초과","서신면 행정복지센터, 1702, 궁평항로, 만세구, 화성시, 경기도, 18555, 대한민국"
"한국미인테라피","경기","경기","화성시-만세구","송산면","37.2178997","126.7391529","OK","원시역","서해선","한국철도공사","경기도 안산시 단원구 선단로 지하 70","10.32","8km초과","송산면 행정복지센터, 12, 매봉산길, 수노을그린팰리스 2차, 만세구, 화성시, 경기도, 18549, 대한민국"
"한국미인테라피","경기","경기","화성시-만세구","양감면","37.0815708","126.9455851","OK","송탄역","경부선","한국철도공사","경기도 평택시 신장동 송탄공원로 43","9.68","8km초과","양감면 행정복지센터, 7, 초록로, 만세구, 화성시, 경기도, 18633, 대한민국"
"한국미인테라피","경기","경기","화성시-만세구","우정읍","37.0898420","126.8154337","OK","어천역","수인선","한국철도공사","경기도 화성시 매송면 화성로 2227-5(어천리)","19.64","15km초과","우정읍 행정복지센터, 109-14, 쌍봉로, 만세구, 화성시, 경기도, 18563, 대한민국"
"한국미인테라피","경기","경기","화성시-만세구","장안면","37.0797371","126.8313313","OK","송탄역","경부선","한국철도공사","경기도 평택시 신장동 송탄공원로 43","19.79","15km초과","장안면 행정복지센터, 1460-7, 포승장안로, 만세구, 화성시, 경기도, 18584, 대한민국"
"한국미인테라피","경기","경기","화성시-만세구","팔탄면","37.1362666","126.8789260","OK","어천역","수인선","한국철도공사","경기도 화성시 매송면 화성로 2227-5(어천리)","12.93","8km초과","팔탄면 체육센터, 서해안고속도로, 만세구, 화성시, 경기도, 18577, 대한민국"
"한국미인테라피","경기","경기","화성시-만세구","향남읍","37.1324577","126.9203262","OK","세마역","경부선","한국철도공사","경기도 오산시 세마역로 88","12.49","8km초과","향남읍 행정복지센터, 89, 발안로, 만세구, 화성시, 경기도, 18592, 대한민국"
"한국미인테라피","경기","경기","화성시-병점구","반월동","37.2301800","127.0649700","OK","망포역","분당선","한국철도공사","경기도 수원시 영통구 봉영로 지하 1520","1.86","","반월동, 병점구, 화성시, 경기도, 대한민국"
"한국미인테라피","경기","경기","화성시-병점구","병점동","37.2072052","127.0419929","OK","병점역","경부선","한국철도공사","경기도 화성시 떡전골로 97","0.77","","병점동, 병점2동, 병점구, 화성시, 경기도, 18410, 대한민국"
"한국미인테라피","경기","경기","화성시-병점구","진안동","37.2154948","127.0378136","OK","병점역","경부선","한국철도공사","경기도 화성시 떡전골로 97","1.05","","진안동, 병점구, 화성시, 경기도, 18392, 대한민국"
"한국미인테라피","경기","경기","화성시-병점구","화산동","37.2061527","127.0148452","OK","병점역","경부선","한국철도공사","경기도 화성시 떡전골로 97","1.63","","화산동 행정복지센터, 16, 화산중앙로, 송산동, 병점구, 화성시, 경기도, 18360, 대한민국"
"한국미인테라피","경기","경기","화성시-효행구","기배동","37.2243819","126.9859687","OK","오목천역","수인선","한국철도공사","경기도 수원시 권선구 삼천병마로 1576(오목천동)","2.86","","기배동, 효행구, 화성시, 경기도, 대한민국"
"한국미인테라피","경기","경기","화성시-효행구","매송면","37.2554048","126.9086701","OK","어천역","수인선","한국철도공사","경기도 화성시 매송면 화성로 2227-5(어천리)","0.59","","매송면, 효행구, 화성시, 경기도, 대한민국"
"한국미인테라피","경기","경기","화성시-효행구","봉담읍","37.1948200","126.9428800","OK","오목천역","수인선","한국철도공사","경기도 수원시 권선구 삼천병마로 1576(오목천동)","5.67","","봉담읍, 효행구, 화성시, 경기도, 대한민국"
"한국미인테라피","경기","경기","화성시-효행구","비봉면","37.2348300","126.8696200","OK","야목역","수인선","한국철도공사","경기도 화성시 매송면 본오매송로 286(야목리)","3.20","","비봉면, 효행구, 화성시, 경기도, 대한민국"
"한국미인테라피","경기","경기","화성시-효행구","정남면","37.1603631","126.9713854","OK","세마역","경부선","한국철도공사","경기도 오산시 세마역로 88","7.04","","정남면, 효행구, 화성시, 경기도, 대한민국"
"한국미인테라피","서울","서울","강남구","개포동","37.4891184","127.0660366","OK","개포동역","분당선","한국철도공사","서울시 강남구 개포동 지하 420(개포동)","0.00","","개포동, 개포로, 달터마을, 개포2동, 강남구, 서울특별시, 06329, 대한민국"
"한국미인테라피","서울","서울","강남구","논현동","37.5123018","127.0294935","OK","학동역","7호선","서울교통공사","서울특별시 강남구 학동로 지하180(논현동)","0.29","","논현동, 논현1동, 강남구, 서울특별시, 06112, 대한민국"
"한국미인테라피","서울","서울","강남구","대치동","37.4989205","127.0657857","OK","학여울역","3호선","서울교통공사","서울특별시 강남구 남부순환로 지하3104(대치동)","0.51","","대치동, 강남구, 서울특별시, 대한민국"
"한국미인테라피","서울","서울","강남구","도곡동","37.4878395","127.0438569","OK","매봉역","3호선","서울교통공사","서울특별시 강남구 남부순환로 지하2744(도곡동)","0.28","","도곡동, 도곡1동, 강남구, 서울특별시, 06274, 대한민국"
"한국미인테라피","서울","서울","강남구","삼성동","37.5152233","127.0549741","OK","삼성중앙역","수도권  도시철도 9호선","서울시메트로9호선㈜","서울특별시 강남구 봉은사로 501","0.29","","삼성동, 강남구, 서울특별시, 대한민국"
"한국미인테라피","서울","서울","강남구","세곡동","37.4708898","127.1033677","OK","수서역","3호선","서울교통공사","서울특별시 강남구 광평로 지하270(수서동)","1.85","","세곡동, 강남구, 서울특별시, 대한민국"
"한국미인테라피","서울","서울","강남구","수서동","37.4844500","127.0983800","OK","수서역","분당선","한국철도공사","서울시 강남구 광평로 지하 270(수서동)","0.43","","수서동, 강남구, 서울특별시, 대한민국"
"한국미인테라피","서울","서울","강남구","신사동","37.5223206","127.0277019","OK","압구정역","3호선","서울교통공사","서울특별시 강남구 압구정로 지하172(신사동)","0.43","","신사동, 강남구, 서울특별시, 대한민국"
"한국미인테라피","서울","서울","강남구","압구정동","37.5300432","127.0313346","OK","압구정역","3호선","서울교통공사","서울특별시 강남구 압구정로 지하172(신사동)","0.50","","압구정동, 강남구, 서울특별시, 대한민국"
"한국미인테라피","서울","서울","강남구","역삼동","37.4998800","127.0385600","OK","역삼역","2호선","서울교통공사","서울특별시 강남구 테헤란로 지하156(역삼동)","0.21","","역삼동, 역삼2동, 강남구, 서울특별시, 06220, 대한민국"
"한국미인테라피","서울","서울","강남구","일원동","37.4875400","127.0870500","OK","일원역","3호선","서울교통공사","서울특별시 강남구 일원로 지하121(일원동)","0.48","","일원동, 일원본동, 강남구, 서울특별시, 06351, 대한민국"
"한국미인테라피","서울","서울","강남구","일원본동","37.4827959","127.0861900","OK","일원역","3호선","서울교통공사","서울특별시 강남구 일원로 지하121(일원동)","0.22","","일원본동, 강남구, 서울특별시, 대한민국"
"한국미인테라피","서울","서울","강남구","청담동","37.5257536","127.0523217","OK","청담역","7호선","서울교통공사","서울특별시 강남구 학동로 지하508(청담동)","0.74","","청담동, 강남구, 서울특별시, 대한민국"
"한국미인테라피","서울","서울","강동구","강일동","37.5672300","127.1713000","OK","강일역","5호선","서울교통공사","서울특별시 강동구 고덕로 지하456(강일동)","1.16","","강일동, 강동구, 서울특별시, 05211, 대한민국"
"한국미인테라피","서울","서울","강동구","고덕동","37.5652800","127.1576100","OK","고덕역","5호선","서울교통공사","서울특별시 강동구 고덕로 지하253(고덕동)","1.18","","고덕동, 고덕2동, 강동구, 서울특별시, 05203, 대한민국"
"한국미인테라피","서울","서울","강동구","길동","37.5383683","127.1402049","OK","길동역","5호선","서울교통공사","서울특별시 강동구 양재대로 지하1480(길동)","0.04","","길동, 양재대로, 길동, 강동구, 서울특별시, 05342, 대한민국"
"한국미인테라피","서울","서울","강동구","둔촌동","37.5278024","127.1362433","OK","둔촌동역","5호선","서울교통공사","서울특별시 강동구 양재대로 지하1369(둔촌동)","0.00","","둔촌동, 양재대로, 성내3동, 강동구, 서울특별시, 05376, 대한민국"
"한국미인테라피","서울","서울","강동구","명일동","37.5484100","127.1515800","OK","명일역","5호선","서울교통공사","서울특별시 강동구 양재대로 지하1632(명일동)","0.74","","명일동, 명일2동, 강동구, 서울특별시, 05272, 대한민국"
"한국미인테라피","서울","서울","강동구","상일동","37.5567762","127.1667789","OK","상일동역","5호선","서울교통공사","서울특별시 강동구 고덕로 지하359(상일동)","0.04","","상일동, 고덕로, 고덕동, 상일1동, 강동구, 서울특별시, 05224, 대한민국"
"한국미인테라피","서울","서울","강동구","성내동","37.5299800","127.1287500","OK","둔촌동역","5호선","서울교통공사","서울특별시 강동구 양재대로 지하1369(둔촌동)","0.70","","성내동, 성내1동, 강동구, 서울특별시, 05394, 대한민국"
"한국미인테라피","서울","서울","강동구","암사동","37.5582352","127.1308542","OK","암사역사공원역","8호선","서울교통공사","서울시 강동구 아리수로 27번길 2","0.60","","암사동, 암사3동, 강동구, 서울특별시, 05239, 대한민국"
"한국미인테라피","서울","서울","강동구","천호동","37.5429400","127.1273300","OK","천호역","5호선","서울교통공사","서울특별시 강동구 천호대로 지하997(천호동)","0.59","","천호동, 천호2동, 강동구, 서울특별시, 05324, 대한민국"
"한국미인테라피","서울","서울","강북구","미아동","37.6220808","127.0209076","OK","삼양사거리역","우이신설선","우이신설경전철운영㈜","서울특별시 강북구 삼양로 197","0.08","","미아동, 강북구, 서울특별시, 대한민국"
"한국미인테라피","서울","서울","강북구","번동","37.6292271","127.0374758","OK","미아역","4호선","서울교통공사","서울특별시 강북구 도봉로 지하198(미아동)","1.04","","번동, 강북구, 서울특별시, 대한민국"
"한국미인테라피","서울","서울","강북구","삼각산동","37.6161991","127.0171852","OK","솔샘역","우이신설선","우이신설경전철운영㈜","서울특별시 강북구 솔샘로 지하 189","0.56","","삼각산동, 강북구, 서울특별시, 대한민국"
"한국미인테라피","서울","서울","강북구","삼양동","37.6245054","127.0134256","OK","솔샘역","우이신설선","우이신설경전철운영㈜","서울특별시 강북구 솔샘로 지하 189","0.46","","삼양동, 강북구, 서울특별시, 대한민국"
"한국미인테라피","서울","서울","강북구","송중동","37.6173962","127.0341128","OK","미아사거리역","4호선","서울교통공사","서울특별시 강북구 도봉로 지하50(미아동)","0.58","","송중동, 강북구, 서울특별시, 대한민국"
"한국미인테라피","서울","서울","강북구","송천동","37.6183872","127.0252978","OK","삼양사거리역","우이신설선","우이신설경전철운영㈜","서울특별시 강북구 삼양로 197","0.54","","송천동, 강북구, 서울특별시, 대한민국"
"한국미인테라피","서울","서울","강북구","수유동","37.6365970","127.0043825","OK","화계역","우이신설선","우이신설경전철운영㈜","서울특별시 강북구 삼양로 341","1.18","","수유동, 강북구, 서울특별시, 대한민국"
"한국미인테라피","서울","서울","강북구","우이동","37.6575291","127.0089505","OK","솔밭공원역","우이신설선","우이신설경전철운영㈜","서울특별시 강북구 삼양로 595","0.41","","우이동, 강북구, 서울특별시, 대한민국"
"한국미인테라피","서울","서울","강북구","인수동","37.6370627","127.0012170","OK","가오리역","우이신설선","우이신설경전철운영㈜","서울특별시 강북구 삼양로 426","1.46","","인수동, 강북구, 서울특별시, 대한민국"
"한국미인테라피","서울","서울","강서구","가양동","37.5678839","126.8498488","OK","양천향교역","서울 도시철도 9호선","서울특별시 서울시메트로9호선㈜","서울특별시 강서구 양천로 지하341","0.75","","가양동, 강서구, 서울특별시, 대한민국"
"한국미인테라피","서울","서울","강서구","공항동","37.5559097","126.7932758","OK","김포공항역","5호선","서울교통공사","서울특별시 강서구 하늘길 지하77(방화동)","0.99","","공항동, 강서구, 서울특별시, 대한민국"
"한국미인테라피","서울","서울","강서구","등촌동","37.5520560","126.8615649","OK","등촌역","서울 도시철도 9호선","서울특별시 서울시메트로9호선㈜","서울특별시 강서구 공항대로 지하529","0.30","","등촌동, 강서구, 서울특별시, 대한민국"
"한국미인테라피","서울","서울","강서구","발산동","","","OK","","","","","","역미배정",""
"한국미인테라피","서울","서울","강서구","방화동","37.5768200","126.8142200","OK","방화역","5호선","서울교통공사","서울특별시 강서구 금낭화로 지하132(방화동)","0.16","","방화동, 방화3동, 강서구, 서울특별시, 07511, 대한민국"
"한국미인테라피","서울","서울","강서구","염창동","37.5553472","126.8725283","OK","등촌역","서울 도시철도 9호선","서울특별시 서울시메트로9호선㈜","서울특별시 강서구 공항대로 지하529","0.83","","염창동, 강서구, 서울특별시, 대한민국"
"한국미인테라피","서울","서울","강서구","우장산동","37.5502949","126.8412122","OK","우장산역","5호선","서울교통공사","서울특별시 강서구 강서로 지하262(화곡동)","0.46","","우장산동, 강서구, 서울특별시, 대한민국"
"한국미인테라피","서울","서울","강서구","화곡동","37.5421340","126.8441752","OK","화곡역","5호선","서울교통공사","서울특별시 강서구 화곡로 지하168(화곡동)","0.34","","화곡동, 강서구, 서울특별시, 대한민국"
"한국미인테라피","서울","서울","강서구","화곡본동","37.5430162","126.8488954","OK","화곡역","5호선","서울교통공사","서울특별시 강서구 화곡로 지하168(화곡동)","0.76","","화곡본동, 강서구, 서울특별시, 대한민국"
"한국미인테라피","서울","서울","관악구","낙성대동","37.4682402","126.9590265","OK","낙성대역","2호선","서울교통공사","서울특별시 관악구 남부순환로 지하1928(봉천동)","1.07","","낙성대동, 관악구, 서울특별시, 대한민국"
"한국미인테라피","서울","서울","관악구","난곡동","37.4707433","126.9202974","OK","서울대벤처타운역","수도권 경량도시철도 신림선","남서울경전철 주식회사","서울특별시 관악구 신림로 144 (신림동)","1.22","","난곡동, 관악구, 서울특별시, 대한민국"
"한국미인테라피","서울","서울","관악구","난향동","37.4617772","126.9186527","OK","서울대벤처타운역","수도권 경량도시철도 신림선","남서울경전철 주식회사","서울특별시 관악구 신림로 144 (신림동)","1.77","","난향동, 관악구, 서울특별시, 대한민국"
"한국미인테라피","서울","서울","관악구","남현동","37.4620535","126.9793641","OK","남태령역","4호선","서울교통공사","서울특별시 서초구 과천대로 지하816(방배동)","0.89","","남현동, 관악구, 서울특별시, 대한민국"
"한국미인테라피","서울","서울","관악구","대학동","37.4533083","126.9525963","OK","관악산역","수도권 경량도시철도 신림선","남서울경전철 주식회사","서울특별시 관악구 신림로 23 (신림동)","1.89","","대학동, 관악구, 서울특별시, 대한민국"
"한국미인테라피","서울","서울","관악구","미성동","37.4742580","126.9151197","OK","신대방역","2호선","서울교통공사","서울특별시 동작구 대림로 2(신대방동)","1.49","","미성동, 관악구, 서울특별시, 대한민국"
"한국미인테라피","서울","서울","관악구","보라매동","37.4909111","126.9318486","OK","당곡역","수도권 경량도시철도 신림선","남서울경전철 주식회사","서울특별시 관악구 보라매로 6 (봉천동)","0.39","","보라매동, 관악구, 서울특별시, 대한민국"
"한국미인테라피","서울","서울","관악구","삼성동","37.4633268","126.9292176","OK","서울대벤처타운역","수도권 경량도시철도 신림선","남서울경전철 주식회사","서울특별시 관악구 신림로 144 (신림동)","1.06","","삼성동, 관악구, 서울특별시, 대한민국"
"한국미인테라피","서울","서울","관악구","서림동","37.4726426","126.9403939","OK","관악산역","수도권 경량도시철도 신림선","남서울경전철 주식회사","서울특별시 관악구 신림로 23 (신림동)","0.56","","서림동, 관악구, 서울특별시, 대한민국"
"한국미인테라피","서울","서울","관악구","서원동","37.4798326","126.9337832","OK","서원역","수도권 경량도시철도 신림선","남서울경전철 주식회사","서울특별시 관악구 신림로 258 (신림동)","0.18","","서원동, 관악구, 서울특별시, 대한민국"
"한국미인테라피","서울","서울","관악구","성현동","37.4898358","126.9515644","OK","숭실대입구역","7호선","서울교통공사","서울특별시 동작구 상도로 지하378(상도동)","0.74","","성현동, 관악구, 서울특별시, 대한민국"
"한국미인테라피","서울","서울","관악구","신림동","37.4868970","126.9281770","OK","신림역","수도권 경량도시철도 신림선","남서울경전철 주식회사","서울특별시 관악구 남부순환로 지하1614 (신림동)","0.26","","신림동, 관악구, 서울특별시, 대한민국"
"한국미인테라피","서울","서울","관악구","신사동","37.4857442","126.9186975","OK","신대방역","2호선","서울교통공사","서울특별시 동작구 대림로 2(신대방동)","0.50","","신사동, 관악구, 서울특별시, 대한민국"
"한국미인테라피","서울","서울","관악구","신원동","37.4793846","126.9269359","OK","서원역","수도권 경량도시철도 신림선","남서울경전철 주식회사","서울특별시 관악구 신림로 258 (신림동)","0.57","","신원동, 관악구, 서울특별시, 대한민국"
"한국미인테라피","서울","서울","관악구","은천동","37.4873111","126.9430350","OK","봉천역","2호선","서울교통공사","서울특별시 관악구 남부순환로 지하1721(봉천동)","0.56","","은천동, 관악구, 서울특별시, 대한민국"
"한국미인테라피","서울","서울","관악구","인헌동","37.4694855","126.9670581","OK","낙성대역","2호선","서울교통공사","서울특별시 관악구 남부순환로 지하1928(봉천동)","0.90","","인헌동, 관악구, 서울특별시, 대한민국"
"한국미인테라피","서울","서울","관악구","조원동","37.4831117","126.9079604","OK","구로디지털단지역","2호선","서울교통공사","서울특별시 구로구 도림천로 477(구로동)","0.62","","조원동, 관악구, 서울특별시, 대한민국"
"한국미인테라피","서울","서울","관악구","중앙동","37.4840096","126.9507216","OK","서울대입구역","2호선","서울교통공사","서울특별시 관악구 남부순환로 지하1822(봉천동)","0.36","","중앙동, 관악구, 서울특별시, 대한민국"
"한국미인테라피","서울","서울","관악구","청룡동","37.4774977","126.9460227","OK","봉천역","2호선","서울교통공사","서울특별시 관악구 남부순환로 지하1721(봉천동)","0.67","","청룡동, 관악구, 서울특별시, 대한민국"
"한국미인테라피","서울","서울","관악구","청림동","37.4894120","126.9591931","OK","숭실대입구역","7호선","서울교통공사","서울특별시 동작구 상도로 지하378(상도동)","0.90","","청림동, 관악구, 서울특별시, 대한민국"
"한국미인테라피","서울","서울","관악구","행운동","37.4807633","126.9590554","OK","서울대입구역","2호선","서울교통공사","서울특별시 관악구 남부순환로 지하1822(봉천동)","0.56","","행운동, 관악구, 서울특별시, 대한민국"
"한국미인테라피","서울","서울","광진구","광장동","37.5476923","127.1047902","OK","광나루역","5호선","서울교통공사","서울특별시 광진구 아차산로 지하571(광장동)","0.29","","광장동, 광진구, 서울특별시, 대한민국"
"한국미인테라피","서울","서울","광진구","구의동","37.5444896","127.0874678","OK","구의역","2호선","서울교통공사","서울특별시 광진구 아차산로 384-1(구의동)","0.82","","구의동, 광진구, 서울특별시, 대한민국"
"한국미인테라피","서울","서울","광진구","군자동","37.5531697","127.0737738","OK","어린이대공원역","7호선","서울교통공사","서울특별시 광진구 능동로 지하210(화양동)","0.58","","군자동, 광진구, 서울특별시, 대한민국"
"한국미인테라피","서울","서울","광진구","능동","37.5544400","127.0815600","OK","군자역","5호선","서울교통공사","서울특별시 광진구 천호대로 지하550(능동)","0.34","","능동, 광진구, 서울특별시, 대한민국"
"한국미인테라피","서울","서울","광진구","자양동","37.5316905","127.0749477","OK","자양역","7호선","서울교통공사","서울특별시 광진구 능동로 10(자양동)","0.73","","자양동, 광진구, 서울특별시, 대한민국"
"한국미인테라피","서울","서울","광진구","중곡동","37.5634435","127.0880808","OK","중곡역","7호선","서울교통공사","서울특별시 광진구 능동로 지하417(중곡동)","0.43","","중곡동, 광진구, 서울특별시, 대한민국"
"한국미인테라피","서울","서울","광진구","화양동","37.5435296","127.0721435","OK","건대입구역","7호선","서울교통공사","서울특별시 광진구 능동로 지하110(화양동)","0.31","","화양동, 광진구, 서울특별시, 대한민국"
"한국미인테라피","서울","서울","구로구","가리봉동","37.4838745","126.8889756","OK","남구로역","7호선","서울교통공사","서울특별시 구로구 도림로 지하7(구로동) ","0.29","","가리봉동, 구로구, 서울특별시, 대한민국"
"한국미인테라피","서울","서울","구로구","개봉동","37.4946193","126.8562104","OK","개봉역","경인선","한국철도공사","서울시 구로구 경인로 40길 47","0.20","","개봉동, 구로구, 서울특별시, 대한민국"
"한국미인테라피","서울","서울","구로구","고척동","37.5023851","126.8628501","OK","구일역","경인선","한국철도공사","서울시 구로구 구일로 133","0.91","","고척동, 구로구, 서울특별시, 대한민국"
"한국미인테라피","서울","서울","구로구","구로동","37.4945849","126.8845477","OK","대림역","2호선","서울교통공사","서울특별시 구로구 도림천로 351(구로동)","0.93","","구로동, 구로2동, 구로구, 서울특별시, 08285, 대한민국"
"한국미인테라피","서울","서울","구로구","수궁동","37.4995850","126.8271431","OK","온수역","경인선","한국철도공사","서울시 구로구 부일로 872","0.88","","수궁동, 구로구, 서울특별시, 대한민국"
"한국미인테라피","서울","서울","구로구","신도림동","37.5105701","126.8831597","OK","도림천역","2호선","서울교통공사","서울특별시 구로구 경인로67길 160(신도림동)","0.45","","신도림동, 구로구, 서울특별시, 대한민국"
"한국미인테라피","서울","서울","구로구","오류동","37.4943466","126.8445367","OK","오류동역","경인선","한국철도공사","서울시 구로구 경인로 20길 13","0.01","","오류동, 13, 경인로20길, 오류1동, 구로구, 서울특별시, 08272, 대한민국"
"한국미인테라피","서울","서울","구로구","항동","37.4813204","126.8244434","OK","온수역","7호선","서울교통공사","서울특별시 구로구 경인로3길 지하64(온수동)","1.20","","항동, 오류2동, 구로구, 서울특별시, 08361, 대한민국"
"한국미인테라피","서울","서울","금천구","가산동","37.4753253","126.8863954","OK","가산디지털단지역","7호선","서울교통공사","서울특별시 금천구 벚꽃로 309(가산동)","0.65","","가산동, 금천구, 서울특별시, 대한민국"
"한국미인테라피","서울","서울","금천구","독산동","37.4683990","126.8979571","OK","독산역","경부선","한국철도공사","서울시 금천구 벚꽃로 115","0.79","","독산동, 독산4동, 금천구, 서울특별시, 08579, 대한민국"
"한국미인테라피","서울","서울","금천구","시흥동","37.4507049","126.9085555","OK","금천구청역","경부선","한국철도공사","서울시 금천구 시흥대로 63길 91","1.37","","시흥동, 시흥5동, 금천구, 서울특별시, 08574, 대한민국"
"한국미인테라피","서울","서울","노원구","3동","37.6440741","127.0661279","OK","중계역","7호선","서울교통공사","서울특별시 노원구 동일로 지하1308-1(중계동)","0.21","","중계2·3동, 노원구, 서울특별시, 대한민국"
"한국미인테라피","서울","서울","노원구","4동","37.6760502","127.0834473","OK","불암산역","4호선","서울교통공사","서울특별시 노원구 상계로 305(상계동)","0.77","","상계3·4동, 노원구, 서울특별시, 대한민국"
"한국미인테라피","서울","서울","노원구","7동","37.6465470","127.0594817","OK","중계역","7호선","서울교통공사","서울특별시 노원구 동일로 지하1308-1(중계동)","0.44","","상계6·7동, 노원구, 서울특별시, 대한민국"
"한국미인테라피","서울","서울","노원구","공릉동","37.6302152","127.0872902","OK","화랑대역","6호선","서울교통공사","서울특별시 노원구 화랑로 지하510(공릉동)","1.18","","공릉동, 노원구, 서울특별시, 대한민국"
"한국미인테라피","서울","서울","노원구","상계동","37.6672700","127.0724200","OK","불암산역","4호선","서울교통공사","서울특별시 노원구 상계로 305(상계동)","0.66","","상계동, 상계5동, 노원구, 서울특별시, 01657, 대한민국"
"한국미인테라피","서울","서울","노원구","월계동","37.6298479","127.0541062","OK","월계역","경원선","한국철도공사","서울시 노원구 월계로 53길 40(월계2동 261)","0.55","","월계동, 노원구, 서울특별시, 대한민국"
"한국미인테라피","서울","서울","노원구","중계동","37.6509815","127.0810259","OK","상계역","4호선","서울교통공사","서울특별시 노원구 상계로 182(상계동)","1.27","","중계동, 노원구, 서울특별시, 대한민국"
"한국미인테라피","서울","서울","노원구","중계본동","37.6481008","127.0844256","OK","상계역","4호선","서울교통공사","서울특별시 노원구 상계로 182(상계동)","1.70","","중계본동, 노원구, 서울특별시, 대한민국"
"한국미인테라피","서울","서울","노원구","하계동","37.6382503","127.0738302","OK","하계역","7호선","서울교통공사","서울특별시 노원구 동일로 지하1196(하계동)","0.55","","하계동, 노원구, 서울특별시, 대한민국"
"한국미인테라피","서울","서울","도봉구","도봉동","37.6852654","127.0303548","OK","도봉산역","경원선","한국철도공사","서울시 도봉구 도봉로 964-33","1.46","","도봉동, 도봉구, 서울특별시, 대한민국"
"한국미인테라피","서울","서울","도봉구","방학동","37.6643214","127.0333780","OK","방학역","경원선","한국철도공사","서울시 도봉구 도봉로 150다길 3","1.02","","방학동, 도봉구, 서울특별시, 대한민국"
"한국미인테라피","서울","서울","도봉구","쌍문동","37.6529346","127.0249366","OK","쌍문역","4호선","서울교통공사","서울특별시 도봉구 도봉로 지하 486-1(창동)","0.98","","쌍문동, 도봉구, 서울특별시, 대한민국"
"한국미인테라피","서울","서울","도봉구","창동","37.6531817","127.0476987","OK","창동역","경원선","한국철도공사","서울시 도봉구 마들로 11길 77(창1동 135-86)","0.00","","창동, 77, 마들로11길, 창4동, 도봉구, 서울특별시, 01413, 대한민국"
"한국미인테라피","서울","서울","동대문구","답십리동","37.5700200","127.0546700","OK","답십리역","5호선","서울교통공사","서울특별시 성동구 천호대로 지하300(용답동)","0.40","","답십리동, 답십리1동, 동대문구, 서울특별시, 02601, 대한민국"
"한국미인테라피","서울","서울","동대문구","신설동","37.5760544","127.0246657","OK","신설동역","1호선","서울교통공사","서울특별시 동대문구 왕산로 지하1(신설동)","0.01","","신설동, 지하1, 왕산로, 신설동, 용신동, 동대문구, 서울특별시, 02582, 대한민국"
"한국미인테라피","서울","서울","동대문구","용두동","37.5761600","127.0347600","OK","제기동역","1호선","서울교통공사","서울특별시 동대문구 왕산로 지하93(제기동)","0.22","","용두동, 용신동, 동대문구, 서울특별시, 02585, 대한민국"
"한국미인테라피","서울","서울","동대문구","이문동","37.6002100","127.0612400","OK","외대앞역","경원선","한국철도공사","서울시 동대문구 휘경로 27(이문동 360-5)","0.50","","이문동, 이문2동, 동대문구, 서울특별시, 02404, 대한민국"
"한국미인테라피","서울","서울","동대문구","장안동","37.5710500","127.0680600","OK","장한평역","5호선","서울교통공사","서울특별시 동대문구 천호대로 지하405(장안동)","1.11","","장안동, 장안1동, 동대문구, 서울특별시, 02624, 대한민국"
"한국미인테라피","서울","서울","동대문구","전농동","37.5806000","127.0554300","OK","청량리역","경원선","한국철도공사","서울시 동대문구 왕산로 214","0.65","","전농동, 전농1동, 동대문구, 서울특별시, 02544, 대한민국"
"한국미인테라피","서울","서울","동대문구","제기동","37.5783784","127.0344672","OK","제기동역","1호선","서울교통공사","서울특별시 동대문구 왕산로 지하93(제기동)","0.05","","제기동, 지하93, 왕산로, 제기동, 용신동, 동대문구, 서울특별시, 02568, 대한민국"
"한국미인테라피","서울","서울","동대문구","청량리동","37.5882073","127.0462518","OK","청량리역","경원선","한국철도공사","서울시 동대문구 왕산로 214","0.87","","청량리동, 동대문구, 서울특별시, 대한민국"
"한국미인테라피","서울","서울","동대문구","회기동","37.5943300","127.0517800","OK","회기역","경의중앙선","한국철도공사","서울시 동대문구 회기로196(휘경동 317-101)","0.74","","회기동, 동대문구, 서울특별시, 대한민국"
"한국미인테라피","서울","서울","동대문구","휘경동","37.5877300","127.0652600","OK","회기역","경원선","한국철도공사","서울시 동대문구 회기로196(휘경동 317-101)","0.68","","휘경동, 휘경2동, 동대문구, 서울특별시, 02500, 대한민국"
"한국미인테라피","서울","서울","동작구","노량진동","37.5126131","126.9421240","OK","노량진역","서울 도시철도 9호선","서울특별시 서울시메트로9호선㈜","서울특별시 동작구 노량진로 지하130","0.16","","노량진동, 동작구, 서울특별시, 대한민국"
"한국미인테라피","서울","서울","동작구","대방동","37.5067997","126.9291349","OK","서울지방병무청역","수도권 경량도시철도 신림선","남서울경전철 주식회사","서울특별시 동작구 여의대방로 지하218 (대방동)","0.57","","대방동, 동작구, 서울특별시, 대한민국"
"한국미인테라피","서울","서울","동작구","사당동","37.4850800","126.9704949","OK","남성역","7호선","서울교통공사","서울특별시 동작구 사당로 지하218(사당동)","0.07","","사당동, 동작구, 서울특별시, 대한민국"
"한국미인테라피","서울","서울","동작구","상도동","37.4988159","126.9441045","OK","상도역","7호선","서울교통공사","서울특별시 동작구 상도로 지하272(상도1동)","0.56","","상도동, 상도4동, 동작구, 서울특별시, 07036, 대한민국"
"한국미인테라피","서울","서울","동작구","신대방동","37.4914562","126.9166688","OK","보라매공원역","수도권 경량도시철도 신림선","남서울경전철 주식회사","서울특별시 동작구 여의대방로20길 지하11 (신대방동)","0.44","","신대방동, 동작구, 서울특별시, 대한민국"
"한국미인테라피","서울","서울","동작구","흑석동","37.5058344","126.9632085","OK","흑석역","서울 도시철도 9호선","서울특별시 서울시메트로9호선㈜","서울특별시 동작구 현충로 지하90 (흑석동)","0.34","","흑석동, 동작구, 서울특별시, 대한민국"
"한국미인테라피","서울","서울","마포구","공덕동","37.5499270","126.9592897","OK","애오개역","5호선","서울교통공사","서울특별시 마포구 마포대로 지하210(아현동)","0.47","","공덕동, 마포구, 서울특별시, 대한민국"
"한국미인테라피","서울","서울","마포구","대흥동","37.5510043","126.9419496","OK","대흥역","6호선","서울교통공사","서울특별시 마포구 대흥로 지하85(대흥동)","0.36","","대흥동, 마포구, 서울특별시, 대한민국"
"한국미인테라피","서울","서울","마포구","도화동","37.5386394","126.9492428","OK","마포역","5호선","서울교통공사","서울특별시 마포구 마포대로 지하33(도화동)","0.31","","도화동, 마포구, 서울특별시, 대한민국"
"한국미인테라피","서울","서울","마포구","망원동","37.5560241","126.9009751","OK","망원역","6호선","서울교통공사","서울특별시 마포구 월드컵로 지하77(망원동)","0.81","","망원동, 마포구, 서울특별시, 대한민국"
"한국미인테라피","서울","서울","마포구","상암동","37.5715723","126.8728063","OK","증미역","서울 도시철도 9호선","서울특별시 서울시메트로9호선㈜","서울특별시 강서구 양천로 지하560","1.84","","상암동, 마포구, 서울특별시, 대한민국"
"한국미인테라피","서울","서울","마포구","서강동","37.5468923","126.9260216","OK","상수역","6호선","서울교통공사","서울특별시 마포구 독막로 지하85(상수동)","0.29","","서강동, 마포구, 서울특별시, 대한민국"
"한국미인테라피","서울","서울","마포구","서교동","37.5550711","126.9238244","OK","홍대입구역","2호선","서울교통공사","서울특별시 마포구 양화로 지하160(동교동)","0.19","","서교동, 마포구, 서울특별시, 대한민국"
"한국미인테라피","서울","서울","마포구","성산동","37.5677500","126.9026300","OK","월드컵경기장역","6호선","서울교통공사","서울특별시 마포구 월드컵로 지하240(성산동)","0.37","","성산동, 성산2동, 마포구, 서울특별시, 03937, 대한민국"
"한국미인테라피","서울","서울","마포구","신수동","37.5462035","126.9359375","OK","광흥창역","6호선","서울교통공사","서울특별시 마포구 독막로 지하165(창전동)","0.38","","신수동, 마포구, 서울특별시, 대한민국"
"한국미인테라피","서울","서울","마포구","아현동","37.5505624","126.9525116","OK","애오개역","5호선","서울교통공사","서울특별시 마포구 마포대로 지하210(아현동)","0.50","","아현동, 마포구, 서울특별시, 대한민국"
"한국미인테라피","서울","서울","마포구","연남동","37.5626596","126.9226107","OK","홍대입구역","인천국제공항선","공항철도주식회사","서울특별시 마포구 양화로 188","0.65","","연남동, 마포구, 서울특별시, 대한민국"
"한국미인테라피","서울","서울","마포구","염리동","37.5501812","126.9479037","OK","대흥역","6호선","서울교통공사","서울특별시 마포구 대흥로 지하85(대흥동)","0.57","","염리동, 마포구, 서울특별시, 대한민국"
"한국미인테라피","서울","서울","마포구","용강동","37.5415852","126.9426315","OK","마포역","5호선","서울교통공사","서울특별시 마포구 마포대로 지하33(도화동)","0.37","","용강동, 마포구, 서울특별시, 대한민국"
"한국미인테라피","서울","서울","마포구","합정동","37.5477846","126.9095636","OK","합정역","6호선","서울교통공사","서울특별시 마포구 양화로 지하45(합정동)","0.38","","합정동, 마포구, 서울특별시, 대한민국"
"한국미인테라피","서울","서울","서대문구","남가좌동","37.5766371","126.9210650","OK","가좌역","경의중앙선","한국철도공사","서울시 서대문구 수색로 27(남가좌동)","1.05","","남가좌동, 서대문구, 서울특별시, 대한민국"
"한국미인테라피","서울","서울","서대문구","북가좌동","37.5789959","126.9103438","OK","증산역","6호선","서울교통공사","서울특별시 은평구 증산로 지하306(증산동)","0.56","","북가좌동, 서대문구, 서울특별시, 대한민국"
"한국미인테라피","서울","서울","서대문구","북아현동","37.5635510","126.9543303","OK","아현역","2호선","서울교통공사","서울특별시 마포구 신촌로 지하270(아현동)","0.70","","북아현동, 서대문구, 서울특별시, 대한민국"
"한국미인테라피","서울","서울","서대문구","신촌동","37.5662284","126.9428990","OK","신촌역","경의중앙선","한국철도공사","서울특별시 서대문구 신촌역로 30 신촌민자역사","0.72","","신촌동, 서대문구, 서울특별시, 대한민국"
"한국미인테라피","서울","서울","서대문구","연희동","37.5723400","126.9308400","OK","가좌역","경의중앙선","한국철도공사","서울시 서대문구 수색로 27(남가좌동)","1.47","","연희동, 서대문구, 서울특별시, 대한민국"
"한국미인테라피","서울","서울","서대문구","천연동","37.5682303","126.9605136","OK","서대문역","5호선","서울교통공사","서울특별시 종로구 통일로 지하126(평동)","0.60","","천연동, 서대문구, 서울특별시, 대한민국"
"한국미인테라피","서울","서울","서대문구","충현동","37.5647114","126.9585282","OK","충정로역","5호선","서울교통공사","서울특별시 서대문구 충정로 지하 28-1(충정로3가)","0.64","","충현동, 서대문구, 서울특별시, 대한민국"
"한국미인테라피","서울","서울","서대문구","홍은동","37.5933933","126.9375964","OK","홍제역","3호선","서울교통공사","서울특별시 서대문구 통일로 지하440-1(홍제동)","0.76","","홍은동, 서대문구, 서울특별시, 대한민국"
"한국미인테라피","서울","서울","서대문구","홍제동","37.5871000","126.9467600","OK","홍제역","3호선","서울교통공사","서울특별시 서대문구 통일로 지하440-1(홍제동)","0.31","","홍제동, 홍제2동, 서대문구, 서울특별시, 03630, 대한민국"
"한국미인테라피","서울","서울","서초구","내곡동","37.4534615","127.0664442","OK","청계산입구역","신분당선","경기도 신분당선","서울특별시 서초구 청계산로 지하 179","1.19","","내곡동, 안골, 서초구, 서울특별시, 대한민국"
"한국미인테라피","서울","서울","서초구","반포동","37.5040052","127.0017984","OK","고속터미널역","서울 도시철도 9호선","서울특별시 서울시메트로9호선㈜","서울특별시 서초구 신반포로 지하188","0.29","","반포동, 서초구, 서울특별시, 대한민국"
"한국미인테라피","서울","서울","서초구","반포본동","37.5050467","126.9862564","OK","구반포역","서울 도시철도 9호선","서울특별시 서울시메트로9호선㈜","서울특별시 서초구 신반포로 지하17","0.42","","반포본동, 서초구, 서울특별시, 대한민국"
"한국미인테라피","서울","서울","서초구","방배동","37.4787937","126.9929225","OK","방배역","2호선","서울교통공사","서울특별시 서초구 방배로 지하80(방배동)","0.51","","방배동, 서초구, 서울특별시, 대한민국"
"한국미인테라피","서울","서울","서초구","방배본동","37.4900190","126.9912367","OK","내방역","7호선","서울교통공사","서울특별시 서초구 서초대로 지하103(방배동)","0.33","","방배본동, 서초구, 서울특별시, 대한민국"
"한국미인테라피","서울","서울","서초구","서초동","37.4884513","127.0164398","OK","남부터미널역","3호선","서울교통공사","서울특별시 서초구 서초중앙로 지하31(서초동)","0.39","","서초동, 서초구, 서울특별시, 대한민국"
"한국미인테라피","서울","서울","서초구","양재동","37.4690298","127.0387937","OK","양재시민의숲역","신분당선","경기도 신분당선","서울특별시 서초구 매헌로 지하 116","0.22","","양재동, 서초구, 서울특별시, 대한민국"
"한국미인테라피","서울","서울","서초구","잠원동","37.5182544","127.0124028","OK","잠원역","3호선","서울교통공사","서울특별시 서초구 잠원로4길 지하46(잠원동)","0.59","","잠원동, 서초구, 서울특별시, 대한민국"
"한국미인테라피","서울","서울","성동구","3가동","37.5528065","127.0200950","OK","신금호역","5호선","서울교통공사","서울특별시 성동구 금호로 지하154(금호동2가)","0.19","","금호2·3가동, 성동구, 서울특별시, 대한민국"
"한국미인테라피","서울","서울","성동구","금호1가동","37.5528394","127.0264877","OK","행당역","5호선","서울교통공사","서울특별시 성동구 행당로 지하89(행당동)","0.56","","금호1가동, 성동구, 서울특별시, 대한민국"
"한국미인테라피","서울","서울","성동구","금호4가동","37.5444238","127.0247548","OK","옥수역","경원선","한국철도공사","서울시 성동구 동호로 지하21(옥수동)","0.69","","금호4가동, 성동구, 서울특별시, 대한민국"
"한국미인테라피","서울","서울","성동구","마장동","37.5674300","127.0404500","OK","마장역","5호선","서울교통공사","서울특별시 성동구 마장로 지하296(마장동)","0.27","","마장동, 성동구, 서울특별시, 대한민국"
"한국미인테라피","서울","서울","성동구","사근동","37.5589948","127.0480281","OK","용답역","2호선","서울교통공사","서울특별시 성동구 용답길 86(용답동)","0.42","","사근동, 성동구, 서울특별시, 대한민국"
"한국미인테라피","서울","서울","성동구","성수1가제1동","","","OK","","","","","","역미배정",""
"한국미인테라피","서울","서울","성동구","성수1가제2동","37.5464308","127.0447955","OK","뚝섬역","2호선","서울교통공사","서울특별시 성동구 아차산로 18(성수동1가)","0.25","","성수1가제2동 주민센터, 왕십리로, 성수동1가, 성수1가2동, 성동구, 서울특별시, 04778, 대한민국"
"한국미인테라피","서울","서울","성동구","성수2가제1동","","","OK","","","","","","역미배정",""
"한국미인테라피","서울","서울","성동구","성수2가제3동","","","OK","","","","","","역미배정",""
"한국미인테라피","서울","서울","성동구","송정동","37.5537483","127.0684835","OK","어린이대공원역","7호선","서울교통공사","서울특별시 광진구 능동로 지하210(화양동)","0.84","","송정동, 성동구, 서울특별시, 대한민국"
"한국미인테라피","서울","서울","성동구","옥수동","37.5417600","127.0164800","OK","옥수역","3호선","서울교통공사","서울특별시 성동구 동호로 21(옥수동)","0.07","","옥수동, 성동구, 서울특별시, 대한민국"
"한국미인테라피","서울","서울","성동구","왕십리도선동","37.5665195","127.0290193","OK","상왕십리역","2호선","서울교통공사","서울특별시 성동구 왕십리로 지하374(하왕십리동)","0.23","","왕십리도선동, 성동구, 서울특별시, 대한민국"
"한국미인테라피","서울","서울","성동구","왕십리동","","","OK","","","","","","역미배정",""
"한국미인테라피","서울","서울","성동구","용답동","37.5613328","127.0580146","OK","장한평역","5호선","서울교통공사","서울특별시 동대문구 천호대로 지하405(장안동)","0.58","","용답동, 성동구, 서울특별시, 대한민국"
"한국미인테라피","서울","서울","성동구","응봉동","37.5523600","127.0335600","OK","응봉역","경원선","한국철도공사","서울시 성동구 고산자로 123(응봉동)","0.24","","응봉동, 성동구, 서울특별시, 대한민국"
"한국미인테라피","서울","서울","성동구","행당동","37.5578300","127.0357100","OK","왕십리역","2호선","서울교통공사","서울특별시 성동구 왕십리로 지하300(행당동)","0.40","","행당동, 행당1동, 성동구, 서울특별시, 04745, 대한민국"
"한국미인테라피","서울","서울","성북구","길음동","37.6085308","127.0201946","OK","길음역","4호선","서울교통공사","서울특별시 성북구 동소문로 지하248(길음동)","0.71","","길음동, 길음1동, 성북구, 서울특별시, 02715, 대한민국"
"한국미인테라피","서울","서울","성북구","돈암동","37.5978554","127.0209865","OK","성신여대입구역","4호선","서울교통공사","서울특별시 성북구 동소문로 지하102(동선동4가)","0.66","","돈암동, 돈암1동, 성북구, 서울특별시, 대한민국"
"한국미인테라피","서울","서울","성북구","동선동","37.5936463","127.0182330","OK","성신여대입구역","4호선","서울교통공사","서울특별시 성북구 동소문로 지하102(동선동4가)","0.14","","동선동, 성북구, 서울특별시, 대한민국"
"한국미인테라피","서울","서울","성북구","보문동","37.5832222","127.0182317","OK","보문역","우이신설선","우이신설경전철운영㈜","서울특별시 성북구 보문동1가 127-6","0.27","","보문동, 성북구, 서울특별시, 대한민국"
"한국미인테라피","서울","서울","성북구","삼선동","37.5863988","127.0113018","OK","한성대입구역","4호선","서울교통공사","서울특별시 성북구 삼선교로 지하1(삼선동1가)","0.52","","삼선동, 성북구, 서울특별시, 대한민국"
"한국미인테라피","서울","서울","성북구","석관동","37.6078902","127.0614852","OK","돌곶이역","6호선","서울교통공사","서울특별시 성북구 화랑로 지하243(석관동)","0.53","","석관동, 성북구, 서울특별시, 대한민국"
"한국미인테라피","서울","서울","성북구","성북동","37.5955200","126.9921500","OK","한성대입구역","4호선","서울교통공사","서울특별시 성북구 삼선교로 지하1(삼선동1가)","1.45","","성북동, 성북구, 서울특별시, 대한민국"
"한국미인테라피","서울","서울","성북구","안암동","37.5876085","127.0270968","OK","안암역","6호선","서울교통공사","서울특별시 성북구 고려대로 지하89(안암동5가)","0.23","","안암동, 성북구, 서울특별시, 대한민국"
"한국미인테라피","서울","서울","성북구","월곡동","","","OK","","","","","","역미배정",""
"한국미인테라피","서울","서울","성북구","장위동","37.6160221","127.0502500","OK","돌곶이역","6호선","서울교통공사","서울특별시 성북구 화랑로 지하243(석관동)","0.82","","장위동, 성북구, 서울특별시, 대한민국"
"한국미인테라피","서울","서울","성북구","정릉동","37.6167954","126.9972998","OK","북한산보국문역","우이신설선","우이신설경전철운영㈜","서울특별시 성북구 보국문로 지하 88","1.08","","정릉동, 성북구, 서울특별시, 대한민국"
"한국미인테라피","서울","서울","성북구","종암동","37.5963100","127.0333300","OK","고려대역","6호선","서울교통공사","서울특별시 성북구 종암로 지하1(종암동)","0.71","","종암동, 성북구, 서울특별시, 대한민국"
"한국미인테라피","서울","서울","송파구","가락동","37.4947008","127.1191293","OK","가락시장역","8호선","서울교통공사","서울특별시 송파구 송파대로 지하257(가락동)","0.20","","가락동, 송파구, 서울특별시, 대한민국"
"한국미인테라피","서울","서울","송파구","가락본동","37.4969696","127.1198946","OK","경찰병원역","3호선","서울교통공사","서울특별시 송파구 중대로 지하149(가락동)","0.40","","가락본동, 송파구, 서울특별시, 대한민국"
"한국미인테라피","서울","서울","송파구","거여동","37.4906870","127.1469121","OK","거여역","5호선","서울교통공사","서울특별시 송파구 오금로 지하499(거여동)","0.38","","거여동, 송파구, 서울특별시, 대한민국"
"한국미인테라피","서울","서울","송파구","마천동","37.4980300","127.1516700","OK","마천역","5호선","서울교통공사","서울특별시 송파구 마천로57길 지하7(마천동)","0.35","","마천동, 마천2동, 송파구, 서울특별시, 05751, 대한민국"
"한국미인테라피","서울","서울","송파구","문정동","37.4850937","127.1193144","OK","문정역","8호선","서울교통공사","서울특별시 송파구 송파대로 지하179(문정동)","0.29","","문정동, 송파구, 서울특별시, 대한민국"
"한국미인테라피","서울","서울","송파구","방이동","37.5113307","127.1187808","OK","송파나루역","수도권  도시철도 9호선","서울시메트로9호선㈜","서울특별시 송파구 백제고분로 지하 446","0.57","","방이동, 송파구, 서울특별시, 대한민국"
"한국미인테라피","서울","서울","송파구","삼전동","37.5014521","127.0901512","OK","삼전역","수도권  도시철도 9호선","서울시메트로9호선㈜","서울특별시 송파구 백제고분로 지하 187","0.43","","삼전동, 송파구, 서울특별시, 대한민국"
"한국미인테라피","서울","서울","송파구","석촌동","37.5024827","127.1034950","OK","석촌역","수도권  도시철도 9호선","서울시메트로9호선㈜","서울특별시 송파구 석촌동 209","0.42","","석촌동, 송파구, 서울특별시, 대한민국"
"한국미인테라피","서울","서울","송파구","송파동","37.5044007","127.1156551","OK","송파역","8호선","서울교통공사","서울특별시 송파구 송파대로 지하354(가락동)","0.60","","송파동, 송파구, 서울특별시, 대한민국"
"한국미인테라피","서울","서울","송파구","오금동","37.5035500","127.1337900","OK","오금역","3호선","서울교통공사","서울특별시 송파구 오금로 지하321(오금동)","0.50","","오금동, 송파구, 서울특별시, 대한민국"
"한국미인테라피","서울","서울","송파구","오륜동","37.5163300","127.1257200","OK","올림픽공원역","수도권  도시철도 9호선","서울시메트로9호선㈜","서울특별시 송파구 양재대로 지하 1233","0.41","","오륜동, 송파구, 서울특별시, 대한민국"
"한국미인테라피","서울","서울","송파구","위례동","37.4800987","127.1427225","OK","거여역","5호선","서울교통공사","서울특별시 송파구 오금로 지하499(거여동)","1.46","","위례동, 송파구, 서울특별시, 대한민국"
"한국미인테라피","서울","서울","송파구","잠실동","37.5122807","127.0855986","OK","잠실새내역","2호선","서울교통공사","서울특별시 송파구 올림픽로 지하140(잠실동)","0.09","","잠실동, 잠실2동, 송파구, 서울특별시, 05555, 대한민국"
"한국미인테라피","서울","서울","송파구","잠실본동","37.5051271","127.0830446","OK","삼전역","수도권  도시철도 9호선","서울시메트로9호선㈜","서울특별시 송파구 백제고분로 지하 187","0.37","","잠실본동, 송파구, 서울특별시, 대한민국"
"한국미인테라피","서울","서울","송파구","장지동","37.4798337","127.1310225","OK","장지역","8호선","서울교통공사","서울특별시 송파구 송파대로 지하82(장지동)","0.44","","장지동, 송파구, 서울특별시, 대한민국"
"한국미인테라피","서울","서울","송파구","풍납동","37.5338756","127.1151268","OK","강동구청역","8호선","서울교통공사","서울특별시 강동구 올림픽로 지하550(성내동)","0.61","","풍납동, 송파구, 서울특별시, 대한민국"
"한국미인테라피","서울","서울","양천구","목동","37.5261241","126.8645174","OK","목동역","5호선","서울교통공사","서울특별시 양천구 오목로 지하245(목동)","0.02","","목동, 오목로, 목1동, 양천구, 서울특별시, 07937, 대한민국"
"한국미인테라피","서울","서울","양천구","신월동","37.5290495","126.8335466","OK","까치산역","5호선","서울교통공사","서울특별시 강서구 강서로 지하54(화곡동)","1.19","","신월동, 양천구, 서울특별시, 대한민국"
"한국미인테라피","서울","서울","양천구","신정동","37.5163163","126.8634455","OK","양천구청역","2호선","서울교통공사","서울특별시 양천구 목동로3길 지하33(신정동)","0.48","","신정동, 양천구, 서울특별시, 대한민국"
"한국미인테라피","서울","서울","영등포구","당산동","37.5346241","126.9065487","OK","당산역","2호선","서울교통공사","서울특별시 영등포구 당산로 229(당산동6가)","0.35","","당산동, 당산2동, 영등포구, 서울특별시, 07223, 대한민국"
"한국미인테라피","서울","서울","영등포구","대림동","37.4967202","126.9011231","OK","대림역","7호선","서울교통공사","서울특별시 영등포구 도림로 지하137(대림동)","0.55","","대림동, 영등포구, 서울특별시, 대한민국"
"한국미인테라피","서울","서울","영등포구","도림동","37.5082619","126.8993866","OK","신도림역","경부선","한국철도공사","서울시 구로구 새말로 117-21","0.70","","도림동, 영등포구, 서울특별시, 대한민국"
"한국미인테라피","서울","서울","영등포구","문래동","37.5158226","126.8922546","OK","문래역","2호선","서울교통공사","서울특별시 영등포구 당산로 지하28(문래동3가)","0.33","","문래동, 영등포구, 서울특별시, 대한민국"
"한국미인테라피","서울","서울","영등포구","신길동","37.5065214","126.9119108","OK","신풍역","7호선","서울교통공사","서울특별시 영등포구 신풍로 지하27(신길동)","0.74","","신길동, 영등포구, 서울특별시, 대한민국"
"한국미인테라피","서울","서울","영등포구","양평동","37.5384352","126.8934868","OK","선유도역","서울 도시철도 9호선","서울특별시 서울시메트로9호선㈜","서울특별시 영등포구 양평로 지하124","0.08","","양평동, 영등포구, 서울특별시, 대한민국"
"한국미인테라피","서울","서울","영등포구","여의동","37.5284646","126.9300522","OK","여의나루역","5호선","서울교통공사","서울특별시 영등포구 여의동로 지하343(여의도동)","0.29","","여의동, 영등포구, 서울특별시, 대한민국"
"한국미인테라피","서울","서울","영등포구","영등포동","37.5222786","126.9078574","OK","영등포시장역","5호선","서울교통공사","서울특별시 영등포구 양산로 지하200(영등포동5가)","0.25","","영등포동, 영등포구, 서울특별시, 대한민국"
"한국미인테라피","서울","서울","영등포구","영등포본동","37.5136772","126.9102027","OK","영등포역","경부선","한국철도공사","서울시 영등포구 경인로 846(영등포동 1가 618-496)","0.34","","영등포본동, 영등포구, 서울특별시, 대한민국"
"한국미인테라피","서울","서울","용산구","남영동","37.5450805","126.9748884","OK","숙대입구역","4호선","서울교통공사","서울특별시 용산구 한강대로 지하306(갈월동)","0.25","","남영동, 용산구, 서울특별시, 대한민국"
"한국미인테라피","서울","서울","용산구","보광동","37.5267109","127.0002165","OK","한남역","경원선","한국철도공사","서울시 용산구 독서당로6길 12-13(한남동)","0.83","","보광동, 용산구, 서울특별시, 대한민국"
"한국미인테라피","서울","서울","용산구","서빙고동","37.5176908","126.9912397","OK","서빙고역","경원선","한국철도공사","서울시 용산구 서빙고로 238(서빙고동 241-11)","0.33","","서빙고동, 용산구, 서울특별시, 대한민국"
"한국미인테라피","서울","서울","용산구","용문동","37.5380978","126.9586211","OK","효창공원앞역","6호선","서울교통공사","서울특별시 용산구 백범로 지하287(효창동)","0.27","","용문동, 용산구, 서울특별시, 대한민국"
"한국미인테라피","서울","서울","용산구","용산2가동","37.5388210","126.9836884","OK","녹사평역","6호선","서울교통공사","서울특별시 용산구 녹사평대로 지하195(용산동4가)","0.53","","용산2가동, 용산구, 서울특별시, 대한민국"
"한국미인테라피","서울","서울","용산구","원효로동","37.5355383","126.9535053","OK","마포역","5호선","서울교통공사","서울특별시 마포구 마포대로 지하33(도화동)","0.81","","원효로동, 용산구, 서울특별시, 대한민국"
"한국미인테라피","서울","서울","용산구","이촌동","37.5192594","126.9665446","OK","이촌역","경원선","한국철도공사","서울시 용산구 이촌로 71길 42","0.73","","이촌동, 용산구, 서울특별시, 대한민국"
"한국미인테라피","서울","서울","용산구","이태원동","37.5384200","126.9920000","OK","이태원역","6호선","서울교통공사","서울특별시 용산구 이태원로 지하177(이태원동)","0.48","","이태원동, 이태원2동, 용산구, 서울특별시, 04344, 대한민국"
"한국미인테라피","서울","서울","용산구","청파동","37.5484522","126.9672724","OK","서울역","인천국제공항선","공항철도주식회사","서울특별시 용산구 청파로 378","0.55","","청파동, 용산구, 서울특별시, 대한민국"
"한국미인테라피","서울","서울","용산구","한강로동","37.5306543","126.9674196","OK","이촌역","4호선","서울교통공사","서울특별시 용산구 서빙고로 지하83(용산동5가)","0.17","","한강로동, 용산구, 서울특별시, 대한민국"
"한국미인테라피","서울","서울","용산구","한남동","37.5382200","127.0074000","OK","한강진역","6호선","서울교통공사","서울특별시 용산구 이태원로 지하287(한남동)","0.52","","한남동, 용산구, 서울특별시, 대한민국"
"한국미인테라피","서울","서울","용산구","효창동","37.5434100","126.9603700","OK","효창공원앞역","6호선","서울교통공사","서울특별시 용산구 백범로 지하287(효창동)","0.47","","효창동, 용산구, 서울특별시, 대한민국"
"한국미인테라피","서울","서울","용산구","후암동","37.5501100","126.9802800","OK","서울역","4호선","서울교통공사","서울특별시 용산구 한강대로 지하392(동자동)","0.75","","후암동, 용산구, 서울특별시, 대한민국"
"한국미인테라피","서울","서울","은평구","갈현동","37.6208998","126.9127557","OK","연신내역","6호선","서울교통공사","서울특별시 은평구 통일로 지하849(갈현동)","0.73","","갈현동, 은평구, 서울특별시, 대한민국"
"한국미인테라피","서울","서울","은평구","구산동","37.6122812","126.9082658","OK","구산역","6호선","서울교통공사","서울특별시 은평구 연서로 지하137-1(구산동)","0.80","","구산동, 은평구, 서울특별시, 대한민국"
"한국미인테라피","서울","서울","은평구","녹번동","37.6040879","126.9317233","OK","녹번역","3호선","서울교통공사","서울특별시 은평구 통일로 지하602-1(녹번동)","0.50","","녹번동, 은평구, 서울특별시, 대한민국"
"한국미인테라피","서울","서울","은평구","대조동","37.6126100","126.9227835","OK","구산역","6호선","서울교통공사","서울특별시 은평구 연서로 지하137-1(구산동)","0.51","","대조동, 은평구, 서울특별시, 대한민국"
"한국미인테라피","서울","서울","은평구","불광동","37.6194236","126.9354046","OK","독바위역","6호선","서울교통공사","서울특별시 은평구 불광로 지하129-1(불광동)","0.24","","불광동, 은평구, 서울특별시, 대한민국"
"한국미인테라피","서울","서울","은평구","수색동","37.5851873","126.8948584","OK","수색역","경의중앙선","한국철도공사","서울시 은평구 수색로 261-1","0.49","","수색동, 은평구, 서울특별시, 대한민국"
"한국미인테라피","서울","서울","은평구","신사동","37.5957252","126.9085503","OK","새절역","6호선","서울교통공사","서울특별시 은평구 증산로 지하400(신사동)","0.68","","신사동, 은평구, 서울특별시, 대한민국"
"한국미인테라피","서울","서울","은평구","역촌동","37.6049941","126.9148856","OK","역촌역","6호선","서울교통공사","서울특별시 은평구 서오릉로 지하63(녹번동)","0.70","","역촌동, 은평구, 서울특별시, 대한민국"
"한국미인테라피","서울","서울","은평구","응암동","37.5926573","126.9216114","OK","새절역","6호선","서울교통공사","서울특별시 은평구 증산로 지하400(신사동)","0.72","","응암동, 은평구, 서울특별시, 대한민국"
"한국미인테라피","서울","서울","은평구","증산동","37.5831882","126.9055622","OK","증산역","6호선","서울교통공사","서울특별시 은평구 증산로 지하306(증산동)","0.38","","증산동, 은평구, 서울특별시, 대한민국"
"한국미인테라피","서울","서울","은평구","진관동","37.6421169","126.9354305","OK","구파발역","3호선","서울교통공사","서울특별시 은평구 진관2로 지하15-25 (진관동)","1.58","","진관동, 은평구, 서울특별시, 대한민국"
"한국미인테라피","서울","서울","종로구","4가동","37.5779119","126.9930777","OK","종로3가역","5호선","서울교통공사","서울특별시 종로구 돈화문로11길 지하 26(돈의동)","0.64","","종로1·2·3·4가동, 종로구, 서울특별시, 대한민국"
"한국미인테라피","서울","서울","종로구","6가동","37.5730770","127.0037308","OK","종로5가역","1호선","서울교통공사","서울특별시 종로구 종로 지하216(종로5가)","0.28","","종로5·6가동, 종로구, 서울특별시, 대한민국"
"한국미인테라피","서울","서울","종로구","가회동","37.5840597","126.9864644","OK","안국역","3호선","서울교통공사","서울특별시 종로구 율곡로 지하62(안국동)","0.84","","가회동, 종로구, 서울특별시, 대한민국"
"한국미인테라피","서울","서울","종로구","교남동","37.5716654","126.9633904","OK","독립문역","3호선","서울교통공사","서울특별시 서대문구 통일로 지하247(현저동)","0.58","","교남동, 종로구, 서울특별시, 대한민국"
"한국미인테라피","서울","서울","종로구","무악동","37.5767200","126.9581200","OK","독립문역","3호선","서울교통공사","서울특별시 서대문구 통일로 지하247(현저동)","0.24","","무악동, 종로구, 서울특별시, 03024, 대한민국"
"한국미인테라피","서울","서울","종로구","부암동","37.5949602","126.9657272","OK","무악재역","3호선","서울교통공사","서울특별시 서대문구 통일로 지하361(홍제동)","1.94","","부암동, 종로구, 서울특별시, 대한민국"
"한국미인테라피","서울","서울","종로구","사직동","37.5738317","126.9703028","OK","경복궁역","3호선","서울교통공사","서울특별시 종로구 사직로 지하130(적선동)","0.37","","사직동, 종로구, 서울특별시, 대한민국"
"한국미인테라피","서울","서울","종로구","삼청동","37.5896400","126.9811200","OK","안국역","3호선","서울교통공사","서울특별시 종로구 율곡로 지하62(안국동)","1.50","","삼청동, 종로구, 서울특별시, 03050, 대한민국"
"한국미인테라피","서울","서울","종로구","숭인동","37.5764800","127.0184800","OK","동묘앞역","1호선","서울교통공사","서울특별시 종로구 종로 359(숭인동)","0.40","","숭인동, 숭인1동, 종로구, 서울특별시, 03110, 대한민국"
"한국미인테라피","서울","서울","종로구","이화동","37.5766300","127.0051500","OK","혜화역","4호선","서울교통공사","서울특별시 종로구 대학로 지하120(명륜4가)","0.67","","이화동, 종로구, 서울특별시, 03100, 대한민국"
"한국미인테라피","서울","서울","종로구","창신동","37.5759500","127.0131300","OK","동묘앞역","1호선","서울교통공사","서울특별시 종로구 종로 359(숭인동)","0.42","","창신동, 창신3동, 종로구, 서울특별시, 03103, 대한민국"
"한국미인테라피","서울","서울","종로구","청운효자동","37.5849757","126.9684832","OK","경복궁역","3호선","서울교통공사","서울특별시 종로구 사직로 지하130(적선동)","1.11","","청운효자동, 종로구, 서울특별시, 대한민국"
"한국미인테라피","서울","서울","종로구","평창동","37.6159731","126.9676478","OK","독바위역","6호선","서울교통공사","서울특별시 은평구 불광로 지하129-1(불광동)","3.06","","평창동, 종로구, 서울특별시, 대한민국"
"한국미인테라피","서울","서울","종로구","혜화동","37.5875500","127.0021700","OK","한성대입구역","4호선","서울교통공사","서울특별시 성북구 삼선교로 지하1(삼선동1가)","0.35","","혜화동, 종로구, 서울특별시, 03076, 대한민국"
"한국미인테라피","서울","서울","중구","광희동","37.5655625","127.0071401","OK","동대문역사문화공원역","4호선","서울교통공사","서울특별시 중구 장충단로 지하230(광희동2가)","0.08","","광희동, 중구, 서울특별시, 대한민국"
"한국미인테라피","서울","서울","중구","다산동","37.5548536","127.0080699","OK","약수역","6호선","서울교통공사","서울특별시 중구 다산로 지하115(신당동)","0.21","","다산동, 중구, 서울특별시, 대한민국"
"한국미인테라피","서울","서울","중구","동화동","37.5607687","127.0175424","OK","청구역","5호선","서울교통공사","서울특별시 중구 청구로 지하77(신당동)","0.34","","동화동, 중구, 서울특별시, 대한민국"
"한국미인테라피","서울","서울","중구","명동","37.5613134","126.9850861","OK","명동역","4호선","서울교통공사","서울특별시 중구 퇴계로 지하126(충무로2가)","0.11","","명동, 중구, 서울특별시, 대한민국"
"한국미인테라피","서울","서울","중구","소공동","37.5636592","126.9794961","OK","시청역","1호선","서울교통공사","서울특별시 중구 세종대로 지하101(정동)","0.27","","소공동, 중구, 서울특별시, 04531, 대한민국"
"한국미인테라피","서울","서울","중구","신당동","37.5651969","127.0132200","OK","신당역","6호선","서울교통공사","서울특별시 중구 다산로 지하260(흥인동)","0.28","","신당동, 중구, 서울특별시, 대한민국"
"한국미인테라피","서울","서울","중구","약수동","37.5496054","127.0101079","OK","버티고개역","6호선","서울교통공사","서울특별시 중구 다산로 지하38(신당동)","0.33","","약수동, 중구, 서울특별시, 대한민국"
"한국미인테라피","서울","서울","중구","을지로동","37.5664192","126.9968622","OK","을지로4가역","2호선","서울교통공사","서울특별시 중구 을지로 지하178(을지로4가)","0.07","","을지로동, 중구, 서울특별시, 대한민국"
"한국미인테라피","서울","서울","중구","장충동","37.5557749","127.0029706","OK","동대입구역","3호선","서울교통공사","서울특별시 중구 동호로 지하256(장충동2가)","0.42","","장충동, 중구, 서울특별시, 대한민국"
"한국미인테라피","서울","서울","중구","중림동","37.5567609","126.9663037","OK","충정로역","2호선","서울교통공사","서울특별시 서대문구 서소문로 지하17(충정로3가)","0.37","","중림동, 중구, 서울특별시, 대한민국"
"한국미인테라피","서울","서울","중구","청구동","37.5565812","127.0147653","OK","약수역","3호선","서울교통공사","서울특별시 중구 다산로 지하122(신당동)","0.41","","청구동, 중구, 서울특별시, 대한민국"
"한국미인테라피","서울","서울","중구","필동","37.5567795","126.9926577","OK","충무로역","3호선","서울교통공사","서울특별시 중구 퇴계로 지하214(필동2가)","0.53","","필동, 중구, 서울특별시, 대한민국"
"한국미인테라피","서울","서울","중구","황학동","37.5675499","127.0217200","OK","신당역","2호선","서울교통공사","서울특별시 중구 퇴계로 지하431-1(신당동)","0.29","","황학동, 중구, 서울특별시, 대한민국"
"한국미인테라피","서울","서울","중구","회현동","37.5570967","126.9762286","OK","회현역","4호선","서울교통공사","서울특별시 중구 퇴계로 지하54(남창동)","0.26","","회현동, 중구, 서울특별시, 대한민국"
"한국미인테라피","서울","서울","중랑구","8동","37.6024751","127.1070410","OK","신내역","6호선","서울교통공사","서울특별시 중랑구 용마산로136길 33 신내차량기지","1.15","","8동, 망우로81길, 경남아파트 (37), 망우동, 망우본동, 중랑구, 서울특별시, 02062, 대한민국"
"한국미인테라피","서울","서울","중랑구","망우동","37.6008638","127.1076269","OK","신내역","6호선","서울교통공사","서울특별시 중랑구 용마산로136길 33 신내차량기지","1.33","","망우동, 중랑구, 서울특별시, 대한민국"
"한국미인테라피","서울","서울","중랑구","망우본동","37.6028465","127.1089737","OK","신내역","6호선","서울교통공사","서울특별시 중랑구 용마산로136길 33 신내차량기지","1.16","","망우본동, 중랑구, 서울특별시, 대한민국"
"한국미인테라피","서울","서울","중랑구","면목동","37.5817944","127.0910424","OK","사가정역","7호선","서울교통공사","서울특별시 중랑구 사가정로 지하393(면목동)","0.24","","면목동, 중랑구, 서울특별시, 대한민국"
"한국미인테라피","서울","서울","중랑구","면목본동","37.5892468","127.0892776","OK","면목역","7호선","서울교통공사","서울특별시 중랑구 면목로 지하407(면목동) ","0.17","","면목본동, 중랑구, 서울특별시, 대한민국"
"한국미인테라피","서울","서울","중랑구","묵동","37.6127705","127.0785200","OK","먹골역","7호선","서울교통공사","서울특별시 중랑구 동일로 지하901(묵동)","0.25","","묵동, 중랑구, 서울특별시, 대한민국"
"한국미인테라피","서울","서울","중랑구","상봉동","37.6001644","127.0909024","OK","망우역","경춘선","한국철도공사","서울시 중랑구 망우로 55길 11-10","0.10","","상봉동, 중랑구, 서울특별시, 대한민국"
"한국미인테라피","서울","서울","중랑구","신내동","37.6107129","127.0931277","OK","봉화산역","6호선","서울교통공사","서울특별시 중랑구 신내로 지하232(신내동)","0.77","","신내동, 중랑구, 서울특별시, 대한민국"
"한국미인테라피","서울","서울","중랑구","중화동","37.6005135","127.0793787","OK","중화역","7호선","서울교통공사","서울특별시 중랑구 동일로 지하797(중화동)","0.23","","중화동, 중랑구, 서울특별시, 대한민국"
"한국미인테라피","인천","인천","강화군","강화읍","37.7482072","126.4835323","OK","양촌역","김포도시철도","김포골드라인에스알에스㈜","경기도 김포시 양촌읍 양촌역길 107","16.54","15km초과","강화읍, 강화군, 인천광역시, 대한민국"
"한국미인테라피","인천","인천","강화군","교동면","37.7884282","126.2696329","OK","양촌역","김포도시철도","김포골드라인에스알에스㈜","경기도 김포시 양촌읍 양촌역길 107","34.46","15km초과","교동면, 강화군, 인천광역시, 대한민국"
"한국미인테라피","인천","인천","강화군","길상면","37.6265000","126.4988400","OK","양촌역","김포도시철도","김포골드라인에스알에스㈜","경기도 김포시 양촌읍 양촌역길 107","10.34","8km초과","길상면, 강화군, 인천광역시, 대한민국"
"한국미인테라피","인천","인천","강화군","내가면","37.7191220","126.3858798","OK","양촌역","김포도시철도","김포골드라인에스알에스㈜","경기도 김포시 양촌읍 양촌역길 107","21.90","15km초과","내가면, 강화군, 인천광역시, 대한민국"
"한국미인테라피","인천","인천","강화군","불은면","37.6782700","126.4927200","OK","양촌역","김포도시철도","김포골드라인에스알에스㈜","경기도 김포시 양촌읍 양촌역길 107","11.48","8km초과","불은면, 강화군, 인천광역시, 대한민국"
"한국미인테라피","인천","인천","강화군","삼산면","37.7083200","126.3038246","OK","양촌역","김포도시철도","김포골드라인에스알에스㈜","경기도 김포시 양촌읍 양촌역길 107","28.35","15km초과","삼산면, 강화군, 인천광역시, 대한민국"
"한국미인테라피","인천","인천","강화군","서도면","37.6531305","126.2238429","OK","인천공항2터미널역","인천국제공항선","공항철도주식회사","인천광역시 중구 공항로 272","27.60","15km초과","서도면, 강화군, 인천광역시, 대한민국"
"한국미인테라피","인천","인천","강화군","선원면","37.7166400","126.4893700","OK","양촌역","김포도시철도","김포골드라인에스알에스㈜","경기도 김포시 양촌읍 양촌역길 107","13.83","8km초과","선원면, 강화군, 인천광역시, 대한민국"
"한국미인테라피","인천","인천","강화군","송해면","37.7759204","126.4623744","OK","양촌역","김포도시철도","김포골드라인에스알에스㈜","경기도 김포시 양촌읍 양촌역길 107","20.06","15km초과","송해면, 강화군, 인천광역시, 23019, 대한민국"
"한국미인테라피","인천","인천","강화군","양도면","37.6676800","126.4284500","OK","양촌역","김포도시철도","김포골드라인에스알에스㈜","경기도 김포시 양촌읍 양촌역길 107","16.65","15km초과","양도면, 강화군, 인천광역시, 대한민국"
"한국미인테라피","인천","인천","강화군","양사면","37.8026812","126.4060337","OK","양촌역","김포도시철도","김포골드라인에스알에스㈜","경기도 김포시 양촌읍 양촌역길 107","25.64","15km초과","양사면, 강화군, 인천광역시, 23011, 대한민국"
"한국미인테라피","인천","인천","강화군","하점면","37.7684050","126.4048539","OK","양촌역","김포도시철도","김포골드라인에스알에스㈜","경기도 김포시 양촌읍 양촌역길 107","23.23","15km초과","하점면, 강화군, 인천광역시, 대한민국"
"한국미인테라피","인천","인천","강화군","화도면","37.6165073","126.4189198","OK","영종역","인천국제공항선","공항철도주식회사","인천광역시 중구 백운로414번길 75","14.87","8km초과","화도면, 강화군, 인천광역시, 대한민국"
"한국미인테라피","인천","인천","검단구","검단동","37.6132558","126.6487956","OK","검단사거리역","인천지하철 2호선","인천교통공사","인천광역시 서구 검단로 473 (왕길동)","1.46","","검단동, 검단구, 인천광역시, 대한민국"
"한국미인테라피","인천","인천","검단구","당하동","37.5854662","126.6805067","OK","독정역","인천지하철 2호선","인천교통공사","인천광역시 서구 서곶로 760 (백석동)","0.40","","당하동, 검단구, 인천광역시, 대한민국"
"한국미인테라피","인천","인천","검단구","마전동","37.5969838","126.6676253","OK","마전역","인천지하철 2호선","인천교통공사","인천광역시 서구 완정로 68 (마전동)","0.09","","마전동, 당하동, 검단구, 인천광역시, 22640, 대한민국"
"한국미인테라피","인천","인천","검단구","불로대곡동","37.6177446","126.6791275","OK","검단호수공원역","인천지하철 1호선","인천교통공사","인천광역시 서구 불로동 608-16","1.87","","불로대곡동, 검단구, 인천광역시, 대한민국"
"한국미인테라피","인천","인천","검단구","아라동","37.5913583","126.7119120","OK","아라역","인천지하철 1호선","인천교통공사","인천광역시 서구 당하동 1238","0.16","","아라동, 검단구, 인천광역시, 대한민국"
"한국미인테라피","인천","인천","검단구","오류왕길동","37.5810833","126.6106940","OK","검단오류역","인천지하철 2호선","인천교통공사","인천광역시 서구 검단로 187 (오류동)","2.17","","오류왕길동, 검단구, 인천광역시, 대한민국"
"한국미인테라피","인천","인천","검단구","원당동","37.5924107","126.6938209","OK","신검단중앙역","인천지하철 1호선","인천교통공사","인천광역시 서구 원당로652","1.21","","원당동, 검단구, 인천광역시, 대한민국"
"한국미인테라피","인천","인천","계양구","계산동","37.5432316","126.7198961","OK","경인교대입구역","인천지하철 1호선","인천교통공사","인천광역시 계양구 계양대로 162","0.60","","계산동, 계양구, 인천광역시, 대한민국"
"한국미인테라피","인천","인천","계양구","계양동","","","OK","","","","","","역미배정",""
"한국미인테라피","인천","인천","계양구","작전동","37.5304086","126.7257911","OK","작전역","인천지하철 1호선","인천교통공사","인천광역시 계양구 게양대로 73","0.29","","작전동, 작전2동, 계양구, 인천광역시, 21115, 대한민국"
"한국미인테라피","인천","인천","계양구","작전서운동","37.5308718","126.7469442","OK","임학역","인천지하철 1호선","인천교통공사","인천광역시 계양구 장제로 875","1.74","","작전서운동, 계양구, 인천광역시, 407-063, 대한민국"
"한국미인테라피","인천","인천","계양구","효성동","37.5293934","126.7065108","OK","작전역","인천지하철 1호선","인천교통공사","인천광역시 계양구 게양대로 73","1.42","","효성동, 효성1동, 계양구, 인천광역시, 21098, 대한민국"
"한국미인테라피","인천","인천","남동구","간석동","37.4669753","126.7050548","OK","간석오거리역","인천지하철 1호선","인천교통공사","인천광역시 남동구 경인로 674","0.25","","간석동, 남동구, 인천광역시, 대한민국"
"한국미인테라피","인천","인천","남동구","구월동","37.4473875","126.7062890","OK","예술회관역","인천지하철 1호선","인천교통공사","인천광역시 남동구 예술로 172","0.52","","구월동, 남동구, 인천광역시, 대한민국"
"한국미인테라피","인천","인천","남동구","남촌도림동","37.4283270","126.7215478","OK","선학역","인천지하철 1호선","인천교통공사","인천광역시 연수구 경원대로 480","2.01","","남촌도림동, 남동구, 인천광역시, 대한민국"
"한국미인테라피","인천","인천","남동구","논현고잔동","37.3936073","126.7031795","OK","호구포역","수인선","한국철도공사","인천시 남동구 호구포로 205","1.02","","논현고잔동, 남동구, 인천광역시, 대한민국"
"한국미인테라피","인천","인천","남동구","논현동","37.4031099","126.7261793","OK","인천논현역","수인선","한국철도공사","인천시 남동구 청능대로 567","0.43","","논현동, 논현1동, 남동구, 인천광역시, 21653, 대한민국"
"한국미인테라피","인천","인천","남동구","만수동","37.4529100","126.7358300","OK","만수역","인천지하철 2호선","인천교통공사","인천광역시 남동구 구월로 지하 367 (만수동)","0.43","","만수동, 만수1동, 남동구, 인천광역시, 21541, 대한민국"
"한국미인테라피","인천","인천","남동구","서창동","37.4321061","126.7491895","OK","운연역","인천지하철 2호선","인천교통공사","인천광역시 남동구 매소홀로 1229 (운연동)","1.24","","서창동, 장수서창동, 남동구, 인천광역시, 21604, 대한민국"
"한국미인테라피","인천","인천","남동구","장수서창동","37.4471592","126.7589506","OK","인천대공원역","인천지하철 2호선","인천교통공사","인천광역시 남동구 수인로 3677 (장수동)","0.54","","장수서창동, 남동구, 인천광역시, 대한민국"
"한국미인테라피","인천","인천","미추홀구","3동","37.4595010","126.6658828","OK","도화역","경인선","한국철도공사","인천시 남구 숙골로 24번길 9","0.77","","3동, 수봉로163번길, 우진맨션아파트, 주안2동, 미추홀구, 인천광역시, 22156, 대한민국"
"한국미인테라피","인천","인천","미추홀구","4동","37.4523591","126.6596359","OK","인하대역","수인선","한국철도공사","인천시 남구 용현동 294-3","0.98","","용현1·4동, 미추홀구, 인천광역시, 대한민국"
"한국미인테라피","인천","인천","미추홀구","관교동","37.4433241","126.6908239","OK","인천터미널역","인천지하철 1호선","인천교통공사","인천광역시 미추홀구 예술로 85","0.80","","관교동, 미추홀구, 인천광역시, 22241, 대한민국"
"한국미인테라피","인천","인천","미추홀구","도화동","37.4713487","126.6617180","OK","제물포역","경인선","한국철도공사","인천시 남구 경인로 129","0.65","","도화동, 도화2·3동, 미추홀구, 인천광역시, 22102, 대한민국"
"한국미인테라피","인천","인천","미추홀구","문학동","37.4378379","126.6829082","OK","문학경기장역","인천지하철 1호선","인천교통공사","인천광역시 연수구 예술로 2","1.40","","문학동, 미추홀구, 인천광역시, 대한민국"
"한국미인테라피","인천","인천","미추홀구","숭의동","37.4636414","126.6505708","OK","제물포역","경인선","한국철도공사","인천시 남구 경인로 129","0.68","","숭의동, 미추홀구, 인천광역시, 대한민국"
"한국미인테라피","인천","인천","미추홀구","용현동","37.4508937","126.6492456","OK","인하대역","수인선","한국철도공사","인천시 남구 용현동 294-3","0.30","","용현동, 용현1·4동, 미추홀구, 인천광역시, 22188, 대한민국"
"한국미인테라피","인천","인천","미추홀구","주안동","37.4587798","126.6797890","OK","시민공원역","인천지하철 2호선","인천교통공사","인천광역시 미추홀구 경인로 371 (주안동)","0.12","","주안동, 주안1동, 미추홀구, 인천광역시, 22139, 대한민국"
"한국미인테라피","인천","인천","미추홀구","학익동","37.4400661","126.6564528","OK","인하대역","수인선","한국철도공사","인천시 남구 용현동 294-3","1.08","","학익동, 학익1동, 미추홀구, 인천광역시, 22205, 대한민국"
"한국미인테라피","인천","인천","부평구","갈산동","37.5154100","126.7267600","OK","갈산역","인천지하철 1호선","인천교통공사","인천광역시 부평구 부평대로 286","0.50","","갈산동, 부평구, 인천광역시, 대한민국"
"한국미인테라피","인천","인천","부평구","부개동","37.4937932","126.7380537","OK","부개역","경인선","한국철도공사","인천시 부평구 수변로 22","0.63","","부개동, 부평구, 인천광역시, 대한민국"
"한국미인테라피","인천","인천","부평구","부평동","37.4906976","126.7238170","OK","부평역","인천지하철 1호선","인천교통공사","인천광역시 부평구 광장로 15","0.04","","부평동, 부평구, 인천광역시, 대한민국"
"한국미인테라피","인천","인천","부평구","산곡동","37.4991807","126.7024188","OK","산곡역","도시철도 7호선","인천교통공사","인천광역시 부평구 길주로 지하 379 (산곡동)","1.05","","산곡동, 부평구, 인천광역시, 대한민국"
"한국미인테라피","인천","인천","부평구","삼산동","37.5151336","126.7418482","OK","삼산체육관역","도시철도 7호선","인천교통공사","인천광역시 부평구 길주로 지하 713 (삼산동)","0.97","","삼산동, 부평구, 인천광역시, 대한민국"
"한국미인테라피","인천","인천","부평구","십정동","37.4766289","126.6974314","OK","동암역","경인선","한국철도공사","인천시 부평구 동암광장로 10","0.81","","십정동, 부평구, 인천광역시, 대한민국"
"한국미인테라피","인천","인천","부평구","일신동","37.4808392","126.7479615","OK","송내역","경인선","한국철도공사","경기도 부천시 소사구 송내대로 43","0.88","","일신동, 부평구, 인천광역시, 대한민국"
"한국미인테라피","인천","인천","부평구","청천동","37.5188330","126.7080961","OK","갈산역","인천지하철 1호선","인천교통공사","인천광역시 부평구 부평대로 286","1.20","","청천동, 청천2동, 부평구, 인천광역시, 21311, 대한민국"
"한국미인테라피","인천","인천","서해구","가정동","37.5265430","126.6740693","OK","가정역","인천지하철 2호선","인천교통공사","인천광역시 서구 봉오대로 234 (가정동)","0.23","","가정동, 서해구, 인천광역시, 대한민국"
"한국미인테라피","인천","인천","서해구","가좌동","37.4881988","126.6764228","OK","인천가좌역","인천지하철 2호선","인천교통공사","인천광역시 서구 가석로 67 (가좌동)","0.22","","가좌동, 서해구, 인천광역시, 대한민국"
"한국미인테라피","인천","인천","서해구","검암경서동","37.5583760","126.6562938","OK","검바위역","인천지하철 2호선","인천교통공사","인천광역시 서구 서곶로 492 (검암동)","1.90","","검암경서동, 서해구, 인천광역시, 대한민국"
"한국미인테라피","인천","인천","서해구","석남동","37.5066407","126.6705375","OK","석남역","도시철도 7호선","인천교통공사","인천광역시 서구 길주로 지하 120 (석남동)","0.50","","석남동, 서해구, 인천광역시, 대한민국"
"한국미인테라피","인천","인천","서해구","신현원창동","37.5392720","126.5882090","OK","청라국제도시역","인천국제공항선","공항철도주식회사","인천광역시 서구 에코로 163","3.75","","신현원창동, 서해구, 인천광역시, 대한민국"
"한국미인테라피","인천","인천","서해구","연희동","37.5486392","126.6826642","OK","아시아드경기장역","인천지하철 2호선","인천교통공사","인천광역시 서구 서곶로 382 (연희동)","0.58","","연희동, 서해구, 인천광역시, 대한민국"
"한국미인테라피","인천","인천","서해구","청라동","37.5330681","126.6299034","OK","청라국제도시역","인천국제공항선","공항철도주식회사","인천광역시 서구 에코로 163","2.65","","청라동, 청라3동, 서해구, 인천광역시, 22758, 대한민국"
"한국미인테라피","인천","인천","연수구","동춘동","37.4046979","126.6650924","OK","동막역","인천지하철 1호선","인천교통공사","인천광역시 연수구 경원대로 80","1.04","","동춘동, 동춘1동, 연수구, 인천광역시, 21971, 대한민국"
"한국미인테라피","인천","인천","연수구","선학동","37.4278854","126.6963107","OK","선학역","인천지하철 1호선","인천교통공사","인천광역시 연수구 경원대로 480","0.25","","선학동, 연수구, 인천광역시, 21938, 대한민국"
"한국미인테라피","인천","인천","연수구","송도동","37.3851499","126.6457433","OK","인천대입구역","인천지하철 1호선","인천교통공사","인천광역시 연수구 인천타워대로 155","0.58","","송도동, 송도1동, 연수구, 인천광역시, 22000, 대한민국"
"한국미인테라피","인천","인천","연수구","연수동","37.4190772","126.6860232","OK","연수역","수인선","한국철도공사","인천시 연수구 벚꽃로 115","0.64","","연수동, 연수구, 인천광역시, 대한민국"
"한국미인테라피","인천","인천","연수구","옥련동","37.4242577","126.6478206","OK","송도역","수인선","한국철도공사","인천시 연수구 비류대로 175(옥련동)","0.85","","옥련동, 연수구, 인천광역시, 대한민국"
"한국미인테라피","인천","인천","연수구","청학동","37.4234771","126.6645224","OK","송도역","수인선","한국철도공사","인천시 연수구 비류대로 175(옥련동)","1.13","","청학동, 연수구, 인천광역시, 대한민국"
"한국미인테라피","인천","인천","영종구","영종동","37.5043470","126.5389436","OK","영종역","인천국제공항선","공항철도주식회사","인천광역시 중구 백운로414번길 75","1.56","","영종동, 영종구, 인천광역시, 대한민국"
"한국미인테라피","인천","인천","영종구","용유동","37.4090800","126.4325567","OK","용유역","자기부상철도","인천광역시 인천국제공항공사","인천시 중구 용유로 44","1.92","","용유동, 영종구, 인천광역시, 대한민국"
"한국미인테라피","인천","인천","영종구","운서동","37.4844700","126.4862600","OK","운서역","인천국제공항선","공항철도주식회사","인천광역시 중구 흰바위로59번길 26","1.14","","운서동, 공항신도시, 영종구, 인천광역시, 대한민국"
"한국미인테라피","인천","인천","옹진군","대청면","37.8330448","124.7035999","OK","인천공항2터미널역","인천국제공항선","공항철도주식회사","인천광역시 중구 공항로 272","157.59","15km초과","대청면, 옹진군, 인천광역시, 대한민국"
"한국미인테라피","인천","인천","옹진군","덕적면","37.2317714","126.1155044","OK","용유역","자기부상철도","인천광역시 인천국제공항공사","인천시 중구 용유로 44","34.68","15km초과","덕적면, 옹진군, 인천광역시, 대한민국"
"한국미인테라피","인천","인천","옹진군","백령면","37.9486074","124.6798095","OK","인천공항2터미널역","인천국제공항선","공항철도주식회사","인천광역시 중구 공항로 272","163.23","15km초과","백령면, 옹진군, 인천광역시, 대한민국"
"한국미인테라피","인천","인천","옹진군","북도면","37.5311860","126.4067084","OK","인천공항2터미널역","인천국제공항선","공항철도주식회사","인천광역시 중구 공항로 272","7.34","","북도면, 옹진군, 인천광역시, 대한민국"
"한국미인테라피","인천","인천","옹진군","연평면","37.6687698","125.6946955","OK","인천공항2터미널역","인천국제공항선","공항철도주식회사","인천광역시 중구 공항로 272","68.80","15km초과","연평면, 옹진군, 인천광역시, 대한민국"
"한국미인테라피","인천","인천","옹진군","영흥면","37.2532931","126.4642048","OK","용유역","자기부상철도","인천광역시 인천국제공항공사","인천시 중구 용유로 44","19.41","15km초과","영흥면, 옹진군, 인천광역시, 대한민국"
"한국미인테라피","인천","인천","옹진군","자월면","37.2504608","126.3084438","OK","용유역","자기부상철도","인천광역시 인천국제공항공사","인천시 중구 용유로 44","21.90","15km초과","자월면, 옹진군, 인천광역시, 대한민국"
"한국미인테라피","인천","인천","제물포구","2동","37.4527796","126.6050965","OK","신포역","수인선","한국철도공사","인천시 중구 우현로 지하 3","2.44","","2동, 축항대로86번길, 항동7가, 연안동, 제물포구, 인천광역시, 22348, 대한민국"
"한국미인테라피","인천","인천","제물포구","개항동","37.4797781","126.6242542","OK","인천역","수인선","한국철도공사","인천시 중구 제물량로 269","0.71","","개항동 어울터, 참외전로37번길, 송월동1가, 송월동, 제물포구, 인천광역시, 22308, 대한민국"
"한국미인테라피","인천","인천","제물포구","금창동","37.4716038","126.6403114","OK","도원역","경인선","한국철도공사","인천시 동구 참외전로 245","0.40","","금창동, 제물포구, 인천광역시, 대한민국"
"한국미인테라피","인천","인천","제물포구","도원동","37.4672333","126.6399999","OK","도원역","경인선","한국철도공사","인천시 동구 참외전로 245","0.29","","도원동, 제물포구, 인천광역시, 22327, 대한민국"
"한국미인테라피","인천","인천","제물포구","동인천동","37.4753702","126.6279210","OK","동인천역","경인선","한국철도공사","인천시 중구 참외전로 119","0.41","","동인천동, 제물포구, 인천광역시, 대한민국"
"한국미인테라피","인천","인천","제물포구","만석동","37.4857038","126.6225567","OK","인천역","수인선","한국철도공사","인천시 중구 제물량로 269","1.13","","만석동, 중구, 제물포구, 인천광역시, 대한민국"
"한국미인테라피","인천","인천","제물포구","송림동","37.4773577","126.6487611","OK","도원역","경인선","한국철도공사","인천시 동구 참외전로 245","1.11","","송림동, 동구, 제물포구, 인천광역시, 대한민국"
"한국미인테라피","인천","인천","제물포구","송현동","37.4863200","126.6412510","OK","동인천역","경인선","한국철도공사","인천시 중구 참외전로 119","1.43","","송현동, 제물포구, 인천광역시, 대한민국"
"한국미인테라피","인천","인천","제물포구","신포동","37.4673141","126.6208741","OK","신포역","수인선","한국철도공사","인천시 중구 우현로 지하 3","0.34","","신포동, 제물포구, 인천광역시, 대한민국"
"한국미인테라피","인천","인천","제물포구","신흥동","37.4659300","126.6373200","OK","숭의역","수인선","한국철도공사","인천시 남구 인주대로 지하6","0.56","","신흥동, 동구, 제물포구, 인천광역시, 대한민국"
"한국미인테라피","인천","인천","제물포구","연안동","37.4521981","126.5941411","OK","신포역","수인선","한국철도공사","인천시 중구 우현로 지하 3","3.23","","연안동, 제물포구, 인천광역시, 대한민국"
"한국미인테라피","인천","인천","제물포구","율목동","37.4700935","126.6350444","OK","동인천역","경인선","한국철도공사","인천시 중구 참외전로 119","0.63","","율목동, 제물포구, 인천광역시, 22319, 대한민국"
"한국미인테라피","인천","인천","제물포구","화수동","37.4824887","126.6320161","OK","동인천역","경인선","한국철도공사","인천시 중구 참외전로 119","0.79","","화수동, 화수1·화평동, 제물포구, 인천광역시, 22516, 대한민국"
"한국미인테라피","인천","인천","제물포구","화평동","37.4792400","126.6308200","OK","동인천역","경인선","한국철도공사","인천시 중구 참외전로 119","0.45","","화평동, 화수1·화평동, 제물포구, 인천광역시, 22549, 대한민국"
"한국미인테라피","아산","충남","아산","도고면","36.7573924","126.8895814","OK","신창(순천향대)역","장항선","한국철도공사","충남 아산시 신창면 행목로 50","5.55","","도고면, 아산시, 충청남도, 31550, 대한민국"
"한국미인테라피","아산","충남","아산","둔포면","36.9158923","127.0383651","OK","성환역","경부선","한국철도공사","충남 천안시 서북구 성환읍 성환1로 237-5(성환리 449-128)","7.88","","둔포면, 아산시, 충청남도, 31405, 대한민국"
"한국미인테라피","아산","충남","아산","배방읍","36.7656300","127.0662549","OK","배방역","장항선","한국철도공사","충남 아산시 배방읍 온천대로 1967","1.79","","배방읍, 아산시, 충청남도, 31487, 대한민국"
"한국미인테라피","아산","충남","아산","선장면","36.7945000","126.8693900","OK","신창(순천향대)역","장항선","한국철도공사","충남 아산시 신창면 행목로 50","7.72","","선장면, 아산시, 충청남도, 31546, 대한민국"
"한국미인테라피","아산","충남","아산","송악면","36.7305737","127.0097967","OK","온양온천역","장항선","한국철도공사","충남 아산시 온천대로 1496(온천동 56-9)","5.57","","송악면, 아산시, 충청남도, 31557, 대한민국"
"한국미인테라피","아산","충남","아산","신창면","36.7908700","126.9341100","OK","신창(순천향대)역","장항선","한국철도공사","충남 아산시 신창면 행목로 50","2.80","","신창면, 아산시, 충청남도, 31536, 대한민국"
"한국미인테라피","아산","충남","아산","염치읍","36.8200300","126.9862700","OK","온양온천역","장항선","한국철도공사","충남 아산시 온천대로 1496(온천동 56-9)","4.67","","염치읍, 아산시, 충청남도, 31445, 대한민국"
"한국미인테라피","아산","충남","아산","영인면","36.8808400","126.9578000","OK","온양온천역","장항선","한국철도공사","충남 아산시 온천대로 1496(온천동 56-9)","11.89","8km초과","영인면, 아산시, 충청남도, 31425, 대한민국"
"한국미인테라피","아산","충남","아산","온양동","","","OK","","","","","","역미배정",""
"한국미인테라피","아산","충남","아산","음봉면","36.8595400","127.0495500","OK","직산역","경부선","한국철도공사","충남 천안시 서북구 직산읍 천안대로 1471-33","8.48","8km초과","음봉면, 아산시, 충청남도, 31413, 대한민국"
"한국미인테라피","아산","충남","아산","인주면","36.8637000","126.8923500","OK","신창(순천향대)역","장항선","한국철도공사","충남 아산시 신창면 행목로 50","11.70","8km초과","인주면, 아산시, 충청남도, 31434, 대한민국"
"한국미인테라피","아산","충남","아산","탕정면","36.8093757","127.0686422","OK","탕정역","장항선","한국철도공사","충청남도 아산시 탕정면 매곡중앙6로 11","2.74","","탕정면, 아산시, 충청남도, 31454, 대한민국"
"한국미인테라피","천안","충남","천안","광덕면","36.6809200","127.1072000","OK","배방역","장항선","한국철도공사","충남 아산시 배방읍 온천대로 1967","11.79","8km초과","광덕면, 천안시, 충청남도, 31221, 대한민국"
"한국미인테라피","천안","충남","천안","동면","36.7835300","127.3637700","OK","천안역","경부선","한국철도공사","충남 천안시 동남구 대흥로 239(대흥동 57-1)","19.58","15km초과","동면, 천안시, 충청남도, 31258, 대한민국"
"한국미인테라피","천안","충남","천안","목천읍","36.7843300","127.2149200","OK","천안역","경부선","한국철도공사","충남 천안시 동남구 대흥로 239(대흥동 57-1)","6.75","","목천읍, 천안시, 충청남도, 31233, 대한민국"
"한국미인테라피","천안","충남","천안","문성동","36.8109640","127.1503014","OK","천안역","경부선","한국철도공사","충남 천안시 동남구 대흥로 239(대흥동 57-1)","0.36","","문성동 행정복지센터, 15, 문화로, 문화동, 동남구, 천안시, 충청남도, 31128, 대한민국"
"한국미인테라피","천안","충남","천안","백석동","36.8242631","127.1178826","OK","두정역","경부선","한국철도공사","충남 천안시 서북구 두정로 289(두정동 84-1)","2.96","","백석동, 서북구, 천안시, 충청남도, 대한민국"
"한국미인테라피","천안","충남","천안","병천면","36.7827400","127.3109500","OK","천안역","경부선","한국철도공사","충남 천안시 동남구 대흥로 239(대흥동 57-1)","14.97","8km초과","병천면, 천안시, 충청남도, 31254, 대한민국"
"한국미인테라피","천안","충남","천안","봉명동","36.8065649","127.1373904","OK","봉명역","장항선","한국철도공사","충남 천안시 동남구 차돌로 51(봉명동 20-2)","0.56","","봉명동, 동남구, 천안시, 충청남도, 대한민국"
"한국미인테라피","천안","충남","천안","부성동","","","OK","","","","","","역미배정",""
"한국미인테라피","천안","충남","천안","북면","36.8242200","127.2689100","OK","두정역","경부선","한국철도공사","충남 천안시 서북구 두정로 289(두정동 84-1)","10.73","8km초과","북면, 천안시, 충청남도, 31238, 대한민국"
"한국미인테라피","천안","충남","천안","불당동","36.8119683","127.1089675","OK","아산역","장항선","한국철도공사","충남 아산시 배방읍 희망로 90(장재리 325-3)","2.24","","불당동, 서북구, 천안시, 충청남도, 대한민국"
"한국미인테라피","천안","충남","천안","성거읍","36.8780677","127.1975680","OK","직산역","경부선","한국철도공사","충남 천안시 서북구 직산읍 천안대로 1471-33","4.85","","성거읍, 서북구, 천안시, 충청남도, 대한민국"
"한국미인테라피","천안","충남","천안","성남면","36.7355600","127.2358000","OK","천안역","경부선","한국철도공사","충남 천안시 동남구 대흥로 239(대흥동 57-1)","11.50","8km초과","성남면, 천안시, 충청남도, 31245, 대한민국"
"한국미인테라피","천안","충남","천안","성정동","36.8175265","127.1412257","OK","천안역","경부선","한국철도공사","충남 천안시 동남구 대흥로 239(대흥동 57-1)","0.93","","성정동, 성정1동, 서북구, 천안시, 충청남도, 31142, 대한민국"
"한국미인테라피","천안","충남","천안","성환읍","36.9158842","127.1251269","OK","성환역","경부선","한국철도공사","충남 천안시 서북구 성환읍 성환1로 237-5(성환리 449-128)","0.17","","성환읍, 서북구, 천안시, 충청남도, 대한민국"
"한국미인테라피","천안","충남","천안","수신면","36.7256400","127.2837600","OK","천안역","경부선","한국철도공사","충남 천안시 동남구 대흥로 239(대흥동 57-1)","15.43","15km초과","수신면, 천안시, 충청남도, 31251, 대한민국"
"한국미인테라피","천안","충남","천안","신방동","36.7840779","127.1253344","OK","쌍용(나사렛대)역","장항선","한국철도공사","충청남도 천안시 서북구 쌍용19로 20  _x000D_","1.13","","신방동, 동남구, 천안시, 충청남도, 31178, 대한민국"
"한국미인테라피","천안","충남","천안","신안동","36.8173807","127.1604107","OK","천안역","경부선","한국철도공사","충남 천안시 동남구 대흥로 239(대흥동 57-1)","1.48","","신안동 행정복지센터, 16-6, 신부3길, 신부동, 동남구, 천안시, 충청남도, 31125, 대한민국"
"한국미인테라피","천안","충남","천안","쌍용동","36.8025052","127.1325712","OK","봉명역","장항선","한국철도공사","충남 천안시 동남구 차돌로 51(봉명동 20-2)","0.35","","쌍용동, 동남구, 천안시, 충청남도, 대한민국"
"한국미인테라피","천안","충남","천안","원성동","36.8090900","127.1609600","OK","천안역","경부선","한국철도공사","충남 천안시 동남구 대흥로 239(대흥동 57-1)","1.30","","원성동, 동남구, 천안시, 충청남도, 31127, 대한민국"
"한국미인테라피","천안","충남","천안","일봉동","36.8009985","127.1419924","OK","봉명역","장항선","한국철도공사","충남 천안시 동남구 차돌로 51(봉명동 20-2)","0.51","","일봉동 행정복지센터, 48, 신용로, 다가동, 동남구, 천안시, 충청남도, 31154, 대한민국"
"한국미인테라피","천안","충남","천안","입장면","36.9078420","127.2231241","OK","직산역","경부선","한국철도공사","충남 천안시 서북구 직산읍 천안대로 1471-33","8.16","8km초과","입장면, 서북구, 천안시, 충청남도, 대한민국"
"한국미인테라피","천안","충남","천안","중앙동","36.8000473","127.1525799","OK","천안역","경부선","한국철도공사","충남 천안시 동남구 대흥로 239(대흥동 57-1)","1.26","","중앙동 행정복지센터, 17, 원성천1길, 영성동, 동남구, 천안시, 충청남도, 31131, 대한민국"
"한국미인테라피","천안","충남","천안","직산읍","36.8781020","127.1489664","OK","직산역","경부선","한국철도공사","충남 천안시 서북구 직산읍 천안대로 1471-33","0.92","","직산읍, 서북구, 천안시, 충청남도, 대한민국"
"한국미인테라피","천안","충남","천안","청룡동","36.7860806","127.1567320","OK","봉명역","장항선","한국철도공사","충남 천안시 동남구 차돌로 51(봉명동 20-2)","2.50","","청룡동 행정복지센터, 99, 청수14로, 청당동, 동남구, 천안시, 충청남도, 31198, 대한민국"
"한국미인테라피","천안","충남","천안","풍세면","36.7384900","127.1250000","OK","쌍용(나사렛대)역","장항선","한국철도공사","충청남도 천안시 서북구 쌍용19로 20  _x000D_","6.15","","풍세면, 천안시, 충청남도, 31216, 대한민국"
