"업체명","적용지역","광역지역","상위지역","하위지역","지역페이지","상세페이지","상태"
"한국미인테라피","경기","경기","가평군","가평읍","E:\mong-lounge-site\massage\gyeonggi\gapyeong\가평군-출장마사지-가평읍-청평-설악-여행-숙박과-장시간-이동-다리-허리-피로-방문-홈케어\index.html","E:\mong-lounge-site\shops\gyeonggi\gapyeong\가평읍\한국미인테라피\index.html","신규"
"한국미인테라피","경기","경기","가평군","북면","E:\mong-lounge-site\massage\gyeonggi\gapyeong\가평군-출장마사지-가평읍-청평-설악-여행-숙박과-장시간-이동-다리-허리-피로-방문-홈케어\index.html","E:\mong-lounge-site\shops\gyeonggi\gapyeong\북면\한국미인테라피\index.html","신규"
"한국미인테라피","경기","경기","가평군","상면","E:\mong-lounge-site\massage\gyeonggi\gapyeong\가평군-출장마사지-가평읍-청평-설악-여행-숙박과-장시간-이동-다리-허리-피로-방문-홈케어\index.html","E:\mong-lounge-site\shops\gyeonggi\gapyeong\상면\한국미인테라피\index.html","신규"
"한국미인테라피","경기","경기","가평군","설악면","E:\mong-lounge-site\massage\gyeonggi\gapyeong\가평군-출장마사지-가평읍-청평-설악-여행-숙박과-장시간-이동-다리-허리-피로-방문-홈케어\index.html","E:\mong-lounge-site\shops\gyeonggi\gapyeong\설악면\한국미인테라피\index.html","신규"
"한국미인테라피","경기","경기","가평군","조종면","E:\mong-lounge-site\massage\gyeonggi\gapyeong\가평군-출장마사지-가평읍-청평-설악-여행-숙박과-장시간-이동-다리-허리-피로-방문-홈케어\index.html","E:\mong-lounge-site\shops\gyeonggi\gapyeong\조종면\한국미인테라피\index.html","신규"
"한국미인테라피","경기","경기","가평군","청평면","E:\mong-lounge-site\massage\gyeonggi\gapyeong\가평군-출장마사지-가평읍-청평-설악-여행-숙박과-장시간-이동-다리-허리-피로-방문-홈케어\index.html","E:\mong-lounge-site\shops\gyeonggi\gapyeong\청평면\한국미인테라피\index.html","신규"
"한국미인테라피","경기","경기","고양시","일산동","E:\mong-lounge-site\massage\gyeonggi\goyang\고양시-출장마사지-일산-대화-백석-전시-행사와-장시간-보행-일정-다리-어깨-피로-방문-홈케어\index.html","E:\mong-lounge-site\shops\gyeonggi\goyang\일산동\한국미인테라피\index.html","신규"
"한국미인테라피","경기","경기","고양시-덕양구","고양동","E:\mong-lounge-site\massage\gyeonggi\goyang\deogyang-gu\고양시-덕양구-출장마사지-동별-생활권-지역안내\index.html","E:\mong-lounge-site\shops\gyeonggi\goyang\deogyang-gu\고양동\한국미인테라피\index.html","신규"
"한국미인테라피","경기","경기","고양시-덕양구","관산동","E:\mong-lounge-site\massage\gyeonggi\goyang\deogyang-gu\고양시-덕양구-출장마사지-동별-생활권-지역안내\index.html","E:\mong-lounge-site\shops\gyeonggi\goyang\deogyang-gu\관산동\한국미인테라피\index.html","신규"
"한국미인테라피","경기","경기","고양시-덕양구","능곡동","E:\mong-lounge-site\massage\gyeonggi\goyang\deogyang-gu\고양시-덕양구-출장마사지-동별-생활권-지역안내\index.html","E:\mong-lounge-site\shops\gyeonggi\goyang\deogyang-gu\능곡동\한국미인테라피\index.html","신규"
"한국미인테라피","경기","경기","고양시-덕양구","대덕동","E:\mong-lounge-site\massage\gyeonggi\goyang\deogyang-gu\고양시-덕양구-출장마사지-동별-생활권-지역안내\index.html","E:\mong-lounge-site\shops\gyeonggi\goyang\deogyang-gu\대덕동\한국미인테라피\index.html","신규"
"한국미인테라피","경기","경기","고양시-덕양구","삼송동","E:\mong-lounge-site\massage\gyeonggi\goyang\deogyang-gu\고양시-덕양구-출장마사지-동별-생활권-지역안내\index.html","E:\mong-lounge-site\shops\gyeonggi\goyang\deogyang-gu\삼송동\한국미인테라피\index.html","신규"
"한국미인테라피","경기","경기","고양시-덕양구","성사동","E:\mong-lounge-site\massage\gyeonggi\goyang\deogyang-gu\고양시-덕양구-출장마사지-동별-생활권-지역안내\index.html","E:\mong-lounge-site\shops\gyeonggi\goyang\deogyang-gu\성사동\한국미인테라피\index.html","신규"
"한국미인테라피","경기","경기","고양시-덕양구","원신동","E:\mong-lounge-site\massage\gyeonggi\goyang\deogyang-gu\고양시-덕양구-출장마사지-동별-생활권-지역안내\index.html","E:\mong-lounge-site\shops\gyeonggi\goyang\deogyang-gu\원신동\한국미인테라피\index.html","신규"
"한국미인테라피","경기","경기","고양시-덕양구","주교동","E:\mong-lounge-site\massage\gyeonggi\goyang\deogyang-gu\고양시-덕양구-출장마사지-동별-생활권-지역안내\index.html","E:\mong-lounge-site\shops\gyeonggi\goyang\deogyang-gu\주교동\한국미인테라피\index.html","신규"
"한국미인테라피","경기","경기","고양시-덕양구","창릉동","E:\mong-lounge-site\massage\gyeonggi\goyang\deogyang-gu\고양시-덕양구-출장마사지-동별-생활권-지역안내\index.html","E:\mong-lounge-site\shops\gyeonggi\goyang\deogyang-gu\창릉동\한국미인테라피\index.html","신규"
"한국미인테라피","경기","경기","고양시-덕양구","행신동","E:\mong-lounge-site\massage\gyeonggi\goyang\deogyang-gu\고양시-덕양구-출장마사지-동별-생활권-지역안내\index.html","E:\mong-lounge-site\shops\gyeonggi\goyang\deogyang-gu\행신동\한국미인테라피\index.html","신규"
"한국미인테라피","경기","경기","고양시-덕양구","행주동","E:\mong-lounge-site\massage\gyeonggi\goyang\deogyang-gu\고양시-덕양구-출장마사지-동별-생활권-지역안내\index.html","E:\mong-lounge-site\shops\gyeonggi\goyang\deogyang-gu\행주동\한국미인테라피\index.html","신규"
"한국미인테라피","경기","경기","고양시-덕양구","화전동","E:\mong-lounge-site\massage\gyeonggi\goyang\deogyang-gu\고양시-덕양구-출장마사지-동별-생활권-지역안내\index.html","E:\mong-lounge-site\shops\gyeonggi\goyang\deogyang-gu\화전동\한국미인테라피\index.html","신규"
"한국미인테라피","경기","경기","고양시-덕양구","화정동","E:\mong-lounge-site\massage\gyeonggi\goyang\deogyang-gu\고양시-덕양구-출장마사지-동별-생활권-지역안내\index.html","E:\mong-lounge-site\shops\gyeonggi\goyang\deogyang-gu\화정동\한국미인테라피\index.html","신규"
"한국미인테라피","경기","경기","고양시-덕양구","효자동","E:\mong-lounge-site\massage\gyeonggi\goyang\deogyang-gu\고양시-덕양구-출장마사지-동별-생활권-지역안내\index.html","E:\mong-lounge-site\shops\gyeonggi\goyang\deogyang-gu\효자동\한국미인테라피\index.html","신규"
"한국미인테라피","경기","경기","고양시-덕양구","흥도동","E:\mong-lounge-site\massage\gyeonggi\goyang\deogyang-gu\고양시-덕양구-출장마사지-동별-생활권-지역안내\index.html","E:\mong-lounge-site\shops\gyeonggi\goyang\deogyang-gu\흥도동\한국미인테라피\index.html","신규"
"한국미인테라피","경기","경기","고양시-일산동구","고봉동","E:\mong-lounge-site\massage\gyeonggi\goyang\ilsandong-gu\고양시-일산동구-출장마사지-동별-생활권-지역안내\index.html","E:\mong-lounge-site\shops\gyeonggi\goyang\ilsandong-gu\고봉동\한국미인테라피\index.html","신규"
"한국미인테라피","경기","경기","고양시-일산동구","마두동","E:\mong-lounge-site\massage\gyeonggi\goyang\ilsandong-gu\고양시-일산동구-출장마사지-동별-생활권-지역안내\index.html","E:\mong-lounge-site\shops\gyeonggi\goyang\ilsandong-gu\마두동\한국미인테라피\index.html","신규"
"한국미인테라피","경기","경기","고양시-일산동구","백석동","E:\mong-lounge-site\massage\gyeonggi\goyang\ilsandong-gu\고양시-일산동구-출장마사지-동별-생활권-지역안내\index.html","E:\mong-lounge-site\shops\gyeonggi\goyang\ilsandong-gu\백석동\한국미인테라피\index.html","신규"
"한국미인테라피","경기","경기","고양시-일산동구","식사동","E:\mong-lounge-site\massage\gyeonggi\goyang\ilsandong-gu\고양시-일산동구-출장마사지-동별-생활권-지역안내\index.html","E:\mong-lounge-site\shops\gyeonggi\goyang\ilsandong-gu\식사동\한국미인테라피\index.html","신규"
"한국미인테라피","경기","경기","고양시-일산동구","장항동","E:\mong-lounge-site\massage\gyeonggi\goyang\ilsandong-gu\고양시-일산동구-출장마사지-동별-생활권-지역안내\index.html","E:\mong-lounge-site\shops\gyeonggi\goyang\ilsandong-gu\장항동\한국미인테라피\index.html","신규"
"한국미인테라피","경기","경기","고양시-일산동구","정발산동","E:\mong-lounge-site\massage\gyeonggi\goyang\ilsandong-gu\고양시-일산동구-출장마사지-동별-생활권-지역안내\index.html","E:\mong-lounge-site\shops\gyeonggi\goyang\ilsandong-gu\정발산동\한국미인테라피\index.html","신규"
"한국미인테라피","경기","경기","고양시-일산동구","중산동","E:\mong-lounge-site\massage\gyeonggi\goyang\ilsandong-gu\고양시-일산동구-출장마사지-동별-생활권-지역안내\index.html","E:\mong-lounge-site\shops\gyeonggi\goyang\ilsandong-gu\중산동\한국미인테라피\index.html","신규"
"한국미인테라피","경기","경기","고양시-일산동구","풍산동","E:\mong-lounge-site\massage\gyeonggi\goyang\ilsandong-gu\고양시-일산동구-출장마사지-동별-생활권-지역안내\index.html","E:\mong-lounge-site\shops\gyeonggi\goyang\ilsandong-gu\풍산동\한국미인테라피\index.html","신규"
"한국미인테라피","경기","경기","고양시-일산서구","가좌동","E:\mong-lounge-site\massage\gyeonggi\goyang\ilsanseo-gu\고양시-일산서구-출장마사지-동별-생활권-지역안내\index.html","E:\mong-lounge-site\shops\gyeonggi\goyang\ilsanseo-gu\가좌동\한국미인테라피\index.html","신규"
"한국미인테라피","경기","경기","고양시-일산서구","대화동","E:\mong-lounge-site\massage\gyeonggi\goyang\ilsanseo-gu\고양시-일산서구-출장마사지-동별-생활권-지역안내\index.html","E:\mong-lounge-site\shops\gyeonggi\goyang\ilsanseo-gu\대화동\한국미인테라피\index.html","신규"
"한국미인테라피","경기","경기","고양시-일산서구","덕이동","E:\mong-lounge-site\massage\gyeonggi\goyang\ilsanseo-gu\고양시-일산서구-출장마사지-동별-생활권-지역안내\index.html","E:\mong-lounge-site\shops\gyeonggi\goyang\ilsanseo-gu\덕이동\한국미인테라피\index.html","신규"
"한국미인테라피","경기","경기","고양시-일산서구","송포동","E:\mong-lounge-site\massage\gyeonggi\goyang\ilsanseo-gu\고양시-일산서구-출장마사지-동별-생활권-지역안내\index.html","E:\mong-lounge-site\shops\gyeonggi\goyang\ilsanseo-gu\송포동\한국미인테라피\index.html","신규"
"한국미인테라피","경기","경기","고양시-일산서구","일산동","E:\mong-lounge-site\massage\gyeonggi\goyang\ilsanseo-gu\고양시-일산서구-출장마사지-동별-생활권-지역안내\index.html","E:\mong-lounge-site\shops\gyeonggi\goyang\ilsanseo-gu\일산동\한국미인테라피\index.html","신규"
"한국미인테라피","경기","경기","고양시-일산서구","주엽동","E:\mong-lounge-site\massage\gyeonggi\goyang\ilsanseo-gu\고양시-일산서구-출장마사지-동별-생활권-지역안내\index.html","E:\mong-lounge-site\shops\gyeonggi\goyang\ilsanseo-gu\주엽동\한국미인테라피\index.html","신규"
"한국미인테라피","경기","경기","고양시-일산서구","탄현동","E:\mong-lounge-site\massage\gyeonggi\goyang\ilsanseo-gu\고양시-일산서구-출장마사지-동별-생활권-지역안내\index.html","E:\mong-lounge-site\shops\gyeonggi\goyang\ilsanseo-gu\탄현동\한국미인테라피\index.html","신규"
"한국미인테라피","경기","경기","과천시","갈현동","E:\mong-lounge-site\massage\gyeonggi\gwacheon\과천시-출장마사지-중앙-별양-정부과천청사-오피스-통근과-회의-일정-목-어깨-피로-방문-홈케어\index.html","E:\mong-lounge-site\shops\gyeonggi\gwacheon\갈현동\한국미인테라피\index.html","신규"
"한국미인테라피","경기","경기","과천시","과천동","E:\mong-lounge-site\massage\gyeonggi\gwacheon\과천시-출장마사지-중앙-별양-정부과천청사-오피스-통근과-회의-일정-목-어깨-피로-방문-홈케어\index.html","E:\mong-lounge-site\shops\gyeonggi\gwacheon\과천동\한국미인테라피\index.html","신규"
"한국미인테라피","경기","경기","과천시","문원동","E:\mong-lounge-site\massage\gyeonggi\gwacheon\과천시-출장마사지-중앙-별양-정부과천청사-오피스-통근과-회의-일정-목-어깨-피로-방문-홈케어\index.html","E:\mong-lounge-site\shops\gyeonggi\gwacheon\문원동\한국미인테라피\index.html","신규"
"한국미인테라피","경기","경기","과천시","별양동","E:\mong-lounge-site\massage\gyeonggi\gwacheon\과천시-출장마사지-중앙-별양-정부과천청사-오피스-통근과-회의-일정-목-어깨-피로-방문-홈케어\index.html","E:\mong-lounge-site\shops\gyeonggi\gwacheon\별양동\한국미인테라피\index.html","신규"
"한국미인테라피","경기","경기","과천시","부림동","E:\mong-lounge-site\massage\gyeonggi\gwacheon\과천시-출장마사지-중앙-별양-정부과천청사-오피스-통근과-회의-일정-목-어깨-피로-방문-홈케어\index.html","E:\mong-lounge-site\shops\gyeonggi\gwacheon\부림동\한국미인테라피\index.html","신규"
"한국미인테라피","경기","경기","과천시","원문동","E:\mong-lounge-site\massage\gyeonggi\gwacheon\과천시-출장마사지-중앙-별양-정부과천청사-오피스-통근과-회의-일정-목-어깨-피로-방문-홈케어\index.html","E:\mong-lounge-site\shops\gyeonggi\gwacheon\원문동\한국미인테라피\index.html","신규"
"한국미인테라피","경기","경기","과천시","중앙동","E:\mong-lounge-site\massage\gyeonggi\gwacheon\과천시-출장마사지-중앙-별양-정부과천청사-오피스-통근과-회의-일정-목-어깨-피로-방문-홈케어\index.html","E:\mong-lounge-site\shops\gyeonggi\gwacheon\중앙동\한국미인테라피\index.html","신규"
"한국미인테라피","경기","경기","광명시","광명동","E:\mong-lounge-site\massage\gyeonggi\gwangmyeong\광명시-출장마사지-광명역-철산-하안-출장과-광역-이동이-겹친-날-다리-허리-피로-방문-홈케어\index.html","E:\mong-lounge-site\shops\gyeonggi\gwangmyeong\광명동\한국미인테라피\index.html","신규"
"한국미인테라피","경기","경기","광명시","소하동","E:\mong-lounge-site\massage\gyeonggi\gwangmyeong\광명시-출장마사지-광명역-철산-하안-출장과-광역-이동이-겹친-날-다리-허리-피로-방문-홈케어\index.html","E:\mong-lounge-site\shops\gyeonggi\gwangmyeong\소하동\한국미인테라피\index.html","신규"
"한국미인테라피","경기","경기","광명시","일직동","E:\mong-lounge-site\massage\gyeonggi\gwangmyeong\광명시-출장마사지-광명역-철산-하안-출장과-광역-이동이-겹친-날-다리-허리-피로-방문-홈케어\index.html","E:\mong-lounge-site\shops\gyeonggi\gwangmyeong\일직동\한국미인테라피\index.html","신규"
"한국미인테라피","경기","경기","광명시","철산동","E:\mong-lounge-site\massage\gyeonggi\gwangmyeong\광명시-출장마사지-광명역-철산-하안-출장과-광역-이동이-겹친-날-다리-허리-피로-방문-홈케어\index.html","E:\mong-lounge-site\shops\gyeonggi\gwangmyeong\철산동\한국미인테라피\index.html","신규"
"한국미인테라피","경기","경기","광명시","하안동","E:\mong-lounge-site\massage\gyeonggi\gwangmyeong\광명시-출장마사지-광명역-철산-하안-출장과-광역-이동이-겹친-날-다리-허리-피로-방문-홈케어\index.html","E:\mong-lounge-site\shops\gyeonggi\gwangmyeong\하안동\한국미인테라피\index.html","신규"
"한국미인테라피","경기","경기","광명시","학온동","E:\mong-lounge-site\massage\gyeonggi\gwangmyeong\광명시-출장마사지-광명역-철산-하안-출장과-광역-이동이-겹친-날-다리-허리-피로-방문-홈케어\index.html","E:\mong-lounge-site\shops\gyeonggi\gwangmyeong\학온동\한국미인테라피\index.html","신규"
"한국미인테라피","경기","경기","광주시","경안동","E:\mong-lounge-site\massage\gyeonggi\gwangju-gyeonggi\광주시-출장마사지-태전-경안-곤지암-차량-이동과-생활권-이동이-긴-날-허리-어깨-피로-방문-홈케어\index.html","E:\mong-lounge-site\shops\gyeonggi\gwangju-gyeonggi\경안동\한국미인테라피\index.html","신규"
"한국미인테라피","경기","경기","광주시","곤지암읍","E:\mong-lounge-site\massage\gyeonggi\gwangju-gyeonggi\광주시-출장마사지-태전-경안-곤지암-차량-이동과-생활권-이동이-긴-날-허리-어깨-피로-방문-홈케어\index.html","E:\mong-lounge-site\shops\gyeonggi\gwangju-gyeonggi\곤지암읍\한국미인테라피\index.html","신규"
"한국미인테라피","경기","경기","광주시","광남동","E:\mong-lounge-site\massage\gyeonggi\gwangju-gyeonggi\광주시-출장마사지-태전-경안-곤지암-차량-이동과-생활권-이동이-긴-날-허리-어깨-피로-방문-홈케어\index.html","E:\mong-lounge-site\shops\gyeonggi\gwangju-gyeonggi\광남동\한국미인테라피\index.html","신규"
"한국미인테라피","경기","경기","광주시","남종면","E:\mong-lounge-site\massage\gyeonggi\gwangju-gyeonggi\광주시-출장마사지-태전-경안-곤지암-차량-이동과-생활권-이동이-긴-날-허리-어깨-피로-방문-홈케어\index.html","E:\mong-lounge-site\shops\gyeonggi\gwangju-gyeonggi\남종면\한국미인테라피\index.html","신규"
"한국미인테라피","경기","경기","광주시","남한산성면","E:\mong-lounge-site\massage\gyeonggi\gwangju-gyeonggi\광주시-출장마사지-태전-경안-곤지암-차량-이동과-생활권-이동이-긴-날-허리-어깨-피로-방문-홈케어\index.html","E:\mong-lounge-site\shops\gyeonggi\gwangju-gyeonggi\남한산성면\한국미인테라피\index.html","신규"
"한국미인테라피","경기","경기","광주시","능평동","E:\mong-lounge-site\massage\gyeonggi\gwangju-gyeonggi\광주시-출장마사지-태전-경안-곤지암-차량-이동과-생활권-이동이-긴-날-허리-어깨-피로-방문-홈케어\index.html","E:\mong-lounge-site\shops\gyeonggi\gwangju-gyeonggi\능평동\한국미인테라피\index.html","신규"
"한국미인테라피","경기","경기","광주시","도척면","E:\mong-lounge-site\massage\gyeonggi\gwangju-gyeonggi\광주시-출장마사지-태전-경안-곤지암-차량-이동과-생활권-이동이-긴-날-허리-어깨-피로-방문-홈케어\index.html","E:\mong-lounge-site\shops\gyeonggi\gwangju-gyeonggi\도척면\한국미인테라피\index.html","신규"
"한국미인테라피","경기","경기","광주시","송정동","E:\mong-lounge-site\massage\gyeonggi\gwangju-gyeonggi\광주시-출장마사지-태전-경안-곤지암-차량-이동과-생활권-이동이-긴-날-허리-어깨-피로-방문-홈케어\index.html","E:\mong-lounge-site\shops\gyeonggi\gwangju-gyeonggi\송정동\한국미인테라피\index.html","신규"
"한국미인테라피","경기","경기","광주시","신현동","E:\mong-lounge-site\massage\gyeonggi\gwangju-gyeonggi\광주시-출장마사지-태전-경안-곤지암-차량-이동과-생활권-이동이-긴-날-허리-어깨-피로-방문-홈케어\index.html","E:\mong-lounge-site\shops\gyeonggi\gwangju-gyeonggi\신현동\한국미인테라피\index.html","신규"
"한국미인테라피","경기","경기","광주시","쌍령동","E:\mong-lounge-site\massage\gyeonggi\gwangju-gyeonggi\광주시-출장마사지-태전-경안-곤지암-차량-이동과-생활권-이동이-긴-날-허리-어깨-피로-방문-홈케어\index.html","E:\mong-lounge-site\shops\gyeonggi\gwangju-gyeonggi\쌍령동\한국미인테라피\index.html","신규"
"한국미인테라피","경기","경기","광주시","오포동","E:\mong-lounge-site\massage\gyeonggi\gwangju-gyeonggi\광주시-출장마사지-태전-경안-곤지암-차량-이동과-생활권-이동이-긴-날-허리-어깨-피로-방문-홈케어\index.html","E:\mong-lounge-site\shops\gyeonggi\gwangju-gyeonggi\오포동\한국미인테라피\index.html","신규"
"한국미인테라피","경기","경기","광주시","초월읍","E:\mong-lounge-site\massage\gyeonggi\gwangju-gyeonggi\광주시-출장마사지-태전-경안-곤지암-차량-이동과-생활권-이동이-긴-날-허리-어깨-피로-방문-홈케어\index.html","E:\mong-lounge-site\shops\gyeonggi\gwangju-gyeonggi\초월읍\한국미인테라피\index.html","신규"
"한국미인테라피","경기","경기","광주시","탄벌동","E:\mong-lounge-site\massage\gyeonggi\gwangju-gyeonggi\광주시-출장마사지-태전-경안-곤지암-차량-이동과-생활권-이동이-긴-날-허리-어깨-피로-방문-홈케어\index.html","E:\mong-lounge-site\shops\gyeonggi\gwangju-gyeonggi\탄벌동\한국미인테라피\index.html","신규"
"한국미인테라피","경기","경기","광주시","퇴촌면","E:\mong-lounge-site\massage\gyeonggi\gwangju-gyeonggi\광주시-출장마사지-태전-경안-곤지암-차량-이동과-생활권-이동이-긴-날-허리-어깨-피로-방문-홈케어\index.html","E:\mong-lounge-site\shops\gyeonggi\gwangju-gyeonggi\퇴촌면\한국미인테라피\index.html","신규"
"한국미인테라피","경기","경기","구리시","갈매동","E:\mong-lounge-site\massage\gyeonggi\guri\구리시-출장마사지-인창-갈매-수택-서울-통근과-생활-이동이-긴-날-목-허리-피로-방문-홈케어\index.html","E:\mong-lounge-site\shops\gyeonggi\guri\갈매동\한국미인테라피\index.html","신규"
"한국미인테라피","경기","경기","구리시","교문동","E:\mong-lounge-site\massage\gyeonggi\guri\구리시-출장마사지-인창-갈매-수택-서울-통근과-생활-이동이-긴-날-목-허리-피로-방문-홈케어\index.html","E:\mong-lounge-site\shops\gyeonggi\guri\교문동\한국미인테라피\index.html","신규"
"한국미인테라피","경기","경기","구리시","동구동","E:\mong-lounge-site\massage\gyeonggi\guri\구리시-출장마사지-인창-갈매-수택-서울-통근과-생활-이동이-긴-날-목-허리-피로-방문-홈케어\index.html","E:\mong-lounge-site\shops\gyeonggi\guri\동구동\한국미인테라피\index.html","신규"
"한국미인테라피","경기","경기","구리시","수택동","E:\mong-lounge-site\massage\gyeonggi\guri\구리시-출장마사지-인창-갈매-수택-서울-통근과-생활-이동이-긴-날-목-허리-피로-방문-홈케어\index.html","E:\mong-lounge-site\shops\gyeonggi\guri\수택동\한국미인테라피\index.html","신규"
"한국미인테라피","경기","경기","구리시","인창동","E:\mong-lounge-site\massage\gyeonggi\guri\구리시-출장마사지-인창-갈매-수택-서울-통근과-생활-이동이-긴-날-목-허리-피로-방문-홈케어\index.html","E:\mong-lounge-site\shops\gyeonggi\guri\인창동\한국미인테라피\index.html","신규"
"한국미인테라피","경기","경기","군포시","광정동","E:\mong-lounge-site\massage\gyeonggi\gunpo\군포시-출장마사지-산본-금정-당동-지하철-통근과-장시간-보행-다리-허리-피로-방문-홈케어\index.html","E:\mong-lounge-site\shops\gyeonggi\gunpo\광정동\한국미인테라피\index.html","신규"
"한국미인테라피","경기","경기","군포시","군포동","E:\mong-lounge-site\massage\gyeonggi\gunpo\군포시-출장마사지-산본-금정-당동-지하철-통근과-장시간-보행-다리-허리-피로-방문-홈케어\index.html","E:\mong-lounge-site\shops\gyeonggi\gunpo\군포동\한국미인테라피\index.html","신규"
"한국미인테라피","경기","경기","군포시","궁내동","E:\mong-lounge-site\massage\gyeonggi\gunpo\군포시-출장마사지-산본-금정-당동-지하철-통근과-장시간-보행-다리-허리-피로-방문-홈케어\index.html","E:\mong-lounge-site\shops\gyeonggi\gunpo\궁내동\한국미인테라피\index.html","신규"
"한국미인테라피","경기","경기","군포시","금정동","E:\mong-lounge-site\massage\gyeonggi\gunpo\군포시-출장마사지-산본-금정-당동-지하철-통근과-장시간-보행-다리-허리-피로-방문-홈케어\index.html","E:\mong-lounge-site\shops\gyeonggi\gunpo\금정동\한국미인테라피\index.html","신규"
"한국미인테라피","경기","경기","군포시","대야동","E:\mong-lounge-site\massage\gyeonggi\gunpo\군포시-출장마사지-산본-금정-당동-지하철-통근과-장시간-보행-다리-허리-피로-방문-홈케어\index.html","E:\mong-lounge-site\shops\gyeonggi\gunpo\대야동\한국미인테라피\index.html","신규"
"한국미인테라피","경기","경기","군포시","산본동","E:\mong-lounge-site\massage\gyeonggi\gunpo\군포시-출장마사지-산본-금정-당동-지하철-통근과-장시간-보행-다리-허리-피로-방문-홈케어\index.html","E:\mong-lounge-site\shops\gyeonggi\gunpo\산본동\한국미인테라피\index.html","신규"
"한국미인테라피","경기","경기","군포시","송부동","E:\mong-lounge-site\massage\gyeonggi\gunpo\군포시-출장마사지-산본-금정-당동-지하철-통근과-장시간-보행-다리-허리-피로-방문-홈케어\index.html","E:\mong-lounge-site\shops\gyeonggi\gunpo\송부동\한국미인테라피\index.html","신규"
"한국미인테라피","경기","경기","군포시","수리동","E:\mong-lounge-site\massage\gyeonggi\gunpo\군포시-출장마사지-산본-금정-당동-지하철-통근과-장시간-보행-다리-허리-피로-방문-홈케어\index.html","E:\mong-lounge-site\shops\gyeonggi\gunpo\수리동\한국미인테라피\index.html","신규"
"한국미인테라피","경기","경기","군포시","오금동","E:\mong-lounge-site\massage\gyeonggi\gunpo\군포시-출장마사지-산본-금정-당동-지하철-통근과-장시간-보행-다리-허리-피로-방문-홈케어\index.html","E:\mong-lounge-site\shops\gyeonggi\gunpo\오금동\한국미인테라피\index.html","신규"
"한국미인테라피","경기","경기","군포시","재궁동","E:\mong-lounge-site\massage\gyeonggi\gunpo\군포시-출장마사지-산본-금정-당동-지하철-통근과-장시간-보행-다리-허리-피로-방문-홈케어\index.html","E:\mong-lounge-site\shops\gyeonggi\gunpo\재궁동\한국미인테라피\index.html","신규"
"한국미인테라피","경기","경기","김포시","고촌읍","E:\mong-lounge-site\massage\gyeonggi\gimpo\김포시-출장마사지-장기-구래-마산-신도시-통근과-대중교통-이동-어깨-다리-피로-방문-홈케어\index.html","E:\mong-lounge-site\shops\gyeonggi\gimpo\고촌읍\한국미인테라피\index.html","신규"
"한국미인테라피","경기","경기","김포시","구래동","E:\mong-lounge-site\massage\gyeonggi\gimpo\김포시-출장마사지-장기-구래-마산-신도시-통근과-대중교통-이동-어깨-다리-피로-방문-홈케어\index.html","E:\mong-lounge-site\shops\gyeonggi\gimpo\구래동\한국미인테라피\index.html","신규"
"한국미인테라피","경기","경기","김포시","김포본동","E:\mong-lounge-site\massage\gyeonggi\gimpo\김포시-출장마사지-장기-구래-마산-신도시-통근과-대중교통-이동-어깨-다리-피로-방문-홈케어\index.html","E:\mong-lounge-site\shops\gyeonggi\gimpo\김포본동\한국미인테라피\index.html","신규"
"한국미인테라피","경기","경기","김포시","대곶면","E:\mong-lounge-site\massage\gyeonggi\gimpo\김포시-출장마사지-장기-구래-마산-신도시-통근과-대중교통-이동-어깨-다리-피로-방문-홈케어\index.html","E:\mong-lounge-site\shops\gyeonggi\gimpo\대곶면\한국미인테라피\index.html","신규"
"한국미인테라피","경기","경기","김포시","마산동","E:\mong-lounge-site\massage\gyeonggi\gimpo\김포시-출장마사지-장기-구래-마산-신도시-통근과-대중교통-이동-어깨-다리-피로-방문-홈케어\index.html","E:\mong-lounge-site\shops\gyeonggi\gimpo\마산동\한국미인테라피\index.html","신규"
"한국미인테라피","경기","경기","김포시","사우동","E:\mong-lounge-site\massage\gyeonggi\gimpo\김포시-출장마사지-장기-구래-마산-신도시-통근과-대중교통-이동-어깨-다리-피로-방문-홈케어\index.html","E:\mong-lounge-site\shops\gyeonggi\gimpo\사우동\한국미인테라피\index.html","신규"
"한국미인테라피","경기","경기","김포시","양촌읍","E:\mong-lounge-site\massage\gyeonggi\gimpo\김포시-출장마사지-장기-구래-마산-신도시-통근과-대중교통-이동-어깨-다리-피로-방문-홈케어\index.html","E:\mong-lounge-site\shops\gyeonggi\gimpo\양촌읍\한국미인테라피\index.html","신규"
"한국미인테라피","경기","경기","김포시","운양동","E:\mong-lounge-site\massage\gyeonggi\gimpo\김포시-출장마사지-장기-구래-마산-신도시-통근과-대중교통-이동-어깨-다리-피로-방문-홈케어\index.html","E:\mong-lounge-site\shops\gyeonggi\gimpo\운양동\한국미인테라피\index.html","신규"
"한국미인테라피","경기","경기","김포시","월곶면","E:\mong-lounge-site\massage\gyeonggi\gimpo\김포시-출장마사지-장기-구래-마산-신도시-통근과-대중교통-이동-어깨-다리-피로-방문-홈케어\index.html","E:\mong-lounge-site\shops\gyeonggi\gimpo\월곶면\한국미인테라피\index.html","신규"
"한국미인테라피","경기","경기","김포시","장기동","E:\mong-lounge-site\massage\gyeonggi\gimpo\김포시-출장마사지-장기-구래-마산-신도시-통근과-대중교통-이동-어깨-다리-피로-방문-홈케어\index.html","E:\mong-lounge-site\shops\gyeonggi\gimpo\장기동\한국미인테라피\index.html","신규"
"한국미인테라피","경기","경기","김포시","장기본동","E:\mong-lounge-site\massage\gyeonggi\gimpo\김포시-출장마사지-장기-구래-마산-신도시-통근과-대중교통-이동-어깨-다리-피로-방문-홈케어\index.html","E:\mong-lounge-site\shops\gyeonggi\gimpo\장기본동\한국미인테라피\index.html","신규"
"한국미인테라피","경기","경기","김포시","통진읍","E:\mong-lounge-site\massage\gyeonggi\gimpo\김포시-출장마사지-장기-구래-마산-신도시-통근과-대중교통-이동-어깨-다리-피로-방문-홈케어\index.html","E:\mong-lounge-site\shops\gyeonggi\gimpo\통진읍\한국미인테라피\index.html","신규"
"한국미인테라피","경기","경기","김포시","풍무동","E:\mong-lounge-site\massage\gyeonggi\gimpo\김포시-출장마사지-장기-구래-마산-신도시-통근과-대중교통-이동-어깨-다리-피로-방문-홈케어\index.html","E:\mong-lounge-site\shops\gyeonggi\gimpo\풍무동\한국미인테라피\index.html","신규"
"한국미인테라피","경기","경기","김포시","하성면","E:\mong-lounge-site\massage\gyeonggi\gimpo\김포시-출장마사지-장기-구래-마산-신도시-통근과-대중교통-이동-어깨-다리-피로-방문-홈케어\index.html","E:\mong-lounge-site\shops\gyeonggi\gimpo\하성면\한국미인테라피\index.html","신규"
"한국미인테라피","경기","경기","남양주시","금곡동","E:\mong-lounge-site\massage\gyeonggi\namyangju\남양주시-출장마사지-다산-별내-진접-차량-이동과-외곽-통근이-긴-날-허리-다리-피로-방문-홈케어\index.html","E:\mong-lounge-site\shops\gyeonggi\namyangju\금곡동\한국미인테라피\index.html","신규"
"한국미인테라피","경기","경기","남양주시","다산동","E:\mong-lounge-site\massage\gyeonggi\namyangju\남양주시-출장마사지-다산-별내-진접-차량-이동과-외곽-통근이-긴-날-허리-다리-피로-방문-홈케어\index.html","E:\mong-lounge-site\shops\gyeonggi\namyangju\다산동\한국미인테라피\index.html","신규"
"한국미인테라피","경기","경기","남양주시","별내동","E:\mong-lounge-site\massage\gyeonggi\namyangju\남양주시-출장마사지-다산-별내-진접-차량-이동과-외곽-통근이-긴-날-허리-다리-피로-방문-홈케어\index.html","E:\mong-lounge-site\shops\gyeonggi\namyangju\별내동\한국미인테라피\index.html","신규"
"한국미인테라피","경기","경기","남양주시","별내면","E:\mong-lounge-site\massage\gyeonggi\namyangju\남양주시-출장마사지-다산-별내-진접-차량-이동과-외곽-통근이-긴-날-허리-다리-피로-방문-홈케어\index.html","E:\mong-lounge-site\shops\gyeonggi\namyangju\별내면\한국미인테라피\index.html","신규"
"한국미인테라피","경기","경기","남양주시","수동면","E:\mong-lounge-site\massage\gyeonggi\namyangju\남양주시-출장마사지-다산-별내-진접-차량-이동과-외곽-통근이-긴-날-허리-다리-피로-방문-홈케어\index.html","E:\mong-lounge-site\shops\gyeonggi\namyangju\수동면\한국미인테라피\index.html","신규"
"한국미인테라피","경기","경기","남양주시","양정동","E:\mong-lounge-site\massage\gyeonggi\namyangju\남양주시-출장마사지-다산-별내-진접-차량-이동과-외곽-통근이-긴-날-허리-다리-피로-방문-홈케어\index.html","E:\mong-lounge-site\shops\gyeonggi\namyangju\양정동\한국미인테라피\index.html","신규"
"한국미인테라피","경기","경기","남양주시","오남읍","E:\mong-lounge-site\massage\gyeonggi\namyangju\남양주시-출장마사지-다산-별내-진접-차량-이동과-외곽-통근이-긴-날-허리-다리-피로-방문-홈케어\index.html","E:\mong-lounge-site\shops\gyeonggi\namyangju\오남읍\한국미인테라피\index.html","신규"
"한국미인테라피","경기","경기","남양주시","와부읍","E:\mong-lounge-site\massage\gyeonggi\namyangju\남양주시-출장마사지-다산-별내-진접-차량-이동과-외곽-통근이-긴-날-허리-다리-피로-방문-홈케어\index.html","E:\mong-lounge-site\shops\gyeonggi\namyangju\와부읍\한국미인테라피\index.html","신규"
"한국미인테라피","경기","경기","남양주시","조안면","E:\mong-lounge-site\massage\gyeonggi\namyangju\남양주시-출장마사지-다산-별내-진접-차량-이동과-외곽-통근이-긴-날-허리-다리-피로-방문-홈케어\index.html","E:\mong-lounge-site\shops\gyeonggi\namyangju\조안면\한국미인테라피\index.html","신규"
"한국미인테라피","경기","경기","남양주시","진건읍","E:\mong-lounge-site\massage\gyeonggi\namyangju\남양주시-출장마사지-다산-별내-진접-차량-이동과-외곽-통근이-긴-날-허리-다리-피로-방문-홈케어\index.html","E:\mong-lounge-site\shops\gyeonggi\namyangju\진건읍\한국미인테라피\index.html","신규"
"한국미인테라피","경기","경기","남양주시","진접읍","E:\mong-lounge-site\massage\gyeonggi\namyangju\남양주시-출장마사지-다산-별내-진접-차량-이동과-외곽-통근이-긴-날-허리-다리-피로-방문-홈케어\index.html","E:\mong-lounge-site\shops\gyeonggi\namyangju\진접읍\한국미인테라피\index.html","신규"
"한국미인테라피","경기","경기","남양주시","퇴계원읍","E:\mong-lounge-site\massage\gyeonggi\namyangju\남양주시-출장마사지-다산-별내-진접-차량-이동과-외곽-통근이-긴-날-허리-다리-피로-방문-홈케어\index.html","E:\mong-lounge-site\shops\gyeonggi\namyangju\퇴계원읍\한국미인테라피\index.html","신규"
"한국미인테라피","경기","경기","남양주시","평내동","E:\mong-lounge-site\massage\gyeonggi\namyangju\남양주시-출장마사지-다산-별내-진접-차량-이동과-외곽-통근이-긴-날-허리-다리-피로-방문-홈케어\index.html","E:\mong-lounge-site\shops\gyeonggi\namyangju\평내동\한국미인테라피\index.html","신규"
"한국미인테라피","경기","경기","남양주시","호평동","E:\mong-lounge-site\massage\gyeonggi\namyangju\남양주시-출장마사지-다산-별내-진접-차량-이동과-외곽-통근이-긴-날-허리-다리-피로-방문-홈케어\index.html","E:\mong-lounge-site\shops\gyeonggi\namyangju\호평동\한국미인테라피\index.html","신규"
"한국미인테라피","경기","경기","남양주시","화도읍","E:\mong-lounge-site\massage\gyeonggi\namyangju\남양주시-출장마사지-다산-별내-진접-차량-이동과-외곽-통근이-긴-날-허리-다리-피로-방문-홈케어\index.html","E:\mong-lounge-site\shops\gyeonggi\namyangju\화도읍\한국미인테라피\index.html","신규"
"한국미인테라피","경기","경기","동두천시","보산동","E:\mong-lounge-site\massage\gyeonggi\dongducheon\동두천시-출장마사지-지행-생연-보산-광역-통근과-생활-이동이-긴-날-어깨-허리-피로-방문-홈케어\index.html","E:\mong-lounge-site\shops\gyeonggi\dongducheon\보산동\한국미인테라피\index.html","신규"
"한국미인테라피","경기","경기","동두천시","불현동","E:\mong-lounge-site\massage\gyeonggi\dongducheon\동두천시-출장마사지-지행-생연-보산-광역-통근과-생활-이동이-긴-날-어깨-허리-피로-방문-홈케어\index.html","E:\mong-lounge-site\shops\gyeonggi\dongducheon\불현동\한국미인테라피\index.html","신규"
"한국미인테라피","경기","경기","동두천시","상패동","E:\mong-lounge-site\massage\gyeonggi\dongducheon\동두천시-출장마사지-지행-생연-보산-광역-통근과-생활-이동이-긴-날-어깨-허리-피로-방문-홈케어\index.html","E:\mong-lounge-site\shops\gyeonggi\dongducheon\상패동\한국미인테라피\index.html","신규"
"한국미인테라피","경기","경기","동두천시","생연동","E:\mong-lounge-site\massage\gyeonggi\dongducheon\동두천시-출장마사지-지행-생연-보산-광역-통근과-생활-이동이-긴-날-어깨-허리-피로-방문-홈케어\index.html","E:\mong-lounge-site\shops\gyeonggi\dongducheon\생연동\한국미인테라피\index.html","신규"
"한국미인테라피","경기","경기","동두천시","소요동","E:\mong-lounge-site\massage\gyeonggi\dongducheon\동두천시-출장마사지-지행-생연-보산-광역-통근과-생활-이동이-긴-날-어깨-허리-피로-방문-홈케어\index.html","E:\mong-lounge-site\shops\gyeonggi\dongducheon\소요동\한국미인테라피\index.html","신규"
"한국미인테라피","경기","경기","동두천시","송내동","E:\mong-lounge-site\massage\gyeonggi\dongducheon\동두천시-출장마사지-지행-생연-보산-광역-통근과-생활-이동이-긴-날-어깨-허리-피로-방문-홈케어\index.html","E:\mong-lounge-site\shops\gyeonggi\dongducheon\송내동\한국미인테라피\index.html","신규"
"한국미인테라피","경기","경기","동두천시","중앙동","E:\mong-lounge-site\massage\gyeonggi\dongducheon\동두천시-출장마사지-지행-생연-보산-광역-통근과-생활-이동이-긴-날-어깨-허리-피로-방문-홈케어\index.html","E:\mong-lounge-site\shops\gyeonggi\dongducheon\중앙동\한국미인테라피\index.html","신규"
"한국미인테라피","경기","경기","부천시-소사구","괴안동","E:\mong-lounge-site\massage\gyeonggi\bucheon\sosa-gu\부천시-소사구-출장마사지-동별-생활권-지역안내\index.html","E:\mong-lounge-site\shops\gyeonggi\bucheon\sosa-gu\괴안동\한국미인테라피\index.html","신규"
"한국미인테라피","경기","경기","부천시-소사구","범박동","E:\mong-lounge-site\massage\gyeonggi\bucheon\sosa-gu\부천시-소사구-출장마사지-동별-생활권-지역안내\index.html","E:\mong-lounge-site\shops\gyeonggi\bucheon\sosa-gu\범박동\한국미인테라피\index.html","신규"
"한국미인테라피","경기","경기","부천시-소사구","소사본동","E:\mong-lounge-site\massage\gyeonggi\bucheon\sosa-gu\부천시-소사구-출장마사지-동별-생활권-지역안내\index.html","E:\mong-lounge-site\shops\gyeonggi\bucheon\sosa-gu\소사본동\한국미인테라피\index.html","신규"
"한국미인테라피","경기","경기","부천시-소사구","송내동","E:\mong-lounge-site\massage\gyeonggi\bucheon\sosa-gu\부천시-소사구-출장마사지-동별-생활권-지역안내\index.html","E:\mong-lounge-site\shops\gyeonggi\bucheon\sosa-gu\송내동\한국미인테라피\index.html","신규"
"한국미인테라피","경기","경기","부천시-소사구","심곡본동","E:\mong-lounge-site\massage\gyeonggi\bucheon\sosa-gu\부천시-소사구-출장마사지-동별-생활권-지역안내\index.html","E:\mong-lounge-site\shops\gyeonggi\bucheon\sosa-gu\심곡본동\한국미인테라피\index.html","신규"
"한국미인테라피","경기","경기","부천시-소사구","역곡동","E:\mong-lounge-site\massage\gyeonggi\bucheon\sosa-gu\부천시-소사구-출장마사지-동별-생활권-지역안내\index.html","E:\mong-lounge-site\shops\gyeonggi\bucheon\sosa-gu\역곡동\한국미인테라피\index.html","신규"
"한국미인테라피","경기","경기","부천시-소사구","옥길동","E:\mong-lounge-site\massage\gyeonggi\bucheon\sosa-gu\부천시-소사구-출장마사지-동별-생활권-지역안내\index.html","E:\mong-lounge-site\shops\gyeonggi\bucheon\sosa-gu\옥길동\한국미인테라피\index.html","신규"
"한국미인테라피","경기","경기","부천시-오정구","고강동","E:\mong-lounge-site\massage\gyeonggi\bucheon\ojeong-gu\부천시-오정구-출장마사지-동별-생활권-지역안내\index.html","E:\mong-lounge-site\shops\gyeonggi\bucheon\ojeong-gu\고강동\한국미인테라피\index.html","신규"
"한국미인테라피","경기","경기","부천시-오정구","고강본동","E:\mong-lounge-site\massage\gyeonggi\bucheon\ojeong-gu\부천시-오정구-출장마사지-동별-생활권-지역안내\index.html","E:\mong-lounge-site\shops\gyeonggi\bucheon\ojeong-gu\고강본동\한국미인테라피\index.html","신규"
"한국미인테라피","경기","경기","부천시-오정구","성곡동","E:\mong-lounge-site\massage\gyeonggi\bucheon\ojeong-gu\부천시-오정구-출장마사지-동별-생활권-지역안내\index.html","E:\mong-lounge-site\shops\gyeonggi\bucheon\ojeong-gu\성곡동\한국미인테라피\index.html","신규"
"한국미인테라피","경기","경기","부천시-오정구","신흥동","E:\mong-lounge-site\massage\gyeonggi\bucheon\ojeong-gu\부천시-오정구-출장마사지-동별-생활권-지역안내\index.html","E:\mong-lounge-site\shops\gyeonggi\bucheon\ojeong-gu\신흥동\한국미인테라피\index.html","신규"
"한국미인테라피","경기","경기","부천시-오정구","오정동","E:\mong-lounge-site\massage\gyeonggi\bucheon\ojeong-gu\부천시-오정구-출장마사지-동별-생활권-지역안내\index.html","E:\mong-lounge-site\shops\gyeonggi\bucheon\ojeong-gu\오정동\한국미인테라피\index.html","신규"
"한국미인테라피","경기","경기","부천시-오정구","원종동","E:\mong-lounge-site\massage\gyeonggi\bucheon\ojeong-gu\부천시-오정구-출장마사지-동별-생활권-지역안내\index.html","E:\mong-lounge-site\shops\gyeonggi\bucheon\ojeong-gu\원종동\한국미인테라피\index.html","신규"
"한국미인테라피","경기","경기","부천시-원미구","도당동","E:\mong-lounge-site\massage\gyeonggi\bucheon\wonmi-gu\부천시-원미구-출장마사지-동별-생활권-지역안내\index.html","E:\mong-lounge-site\shops\gyeonggi\bucheon\wonmi-gu\도당동\한국미인테라피\index.html","신규"
"한국미인테라피","경기","경기","부천시-원미구","상동","E:\mong-lounge-site\massage\gyeonggi\bucheon\wonmi-gu\부천시-원미구-출장마사지-동별-생활권-지역안내\index.html","E:\mong-lounge-site\shops\gyeonggi\bucheon\wonmi-gu\상동\한국미인테라피\index.html","신규"
"한국미인테라피","경기","경기","부천시-원미구","소사동","E:\mong-lounge-site\massage\gyeonggi\bucheon\wonmi-gu\부천시-원미구-출장마사지-동별-생활권-지역안내\index.html","E:\mong-lounge-site\shops\gyeonggi\bucheon\wonmi-gu\소사동\한국미인테라피\index.html","신규"
"한국미인테라피","경기","경기","부천시-원미구","심곡동","E:\mong-lounge-site\massage\gyeonggi\bucheon\wonmi-gu\부천시-원미구-출장마사지-동별-생활권-지역안내\index.html","E:\mong-lounge-site\shops\gyeonggi\bucheon\wonmi-gu\심곡동\한국미인테라피\index.html","신규"
"한국미인테라피","경기","경기","부천시-원미구","약대동","E:\mong-lounge-site\massage\gyeonggi\bucheon\wonmi-gu\부천시-원미구-출장마사지-동별-생활권-지역안내\index.html","E:\mong-lounge-site\shops\gyeonggi\bucheon\wonmi-gu\약대동\한국미인테라피\index.html","신규"
"한국미인테라피","경기","경기","부천시-원미구","역곡동","E:\mong-lounge-site\massage\gyeonggi\bucheon\wonmi-gu\부천시-원미구-출장마사지-동별-생활권-지역안내\index.html","E:\mong-lounge-site\shops\gyeonggi\bucheon\wonmi-gu\역곡동\한국미인테라피\index.html","신규"
"한국미인테라피","경기","경기","부천시-원미구","원미동","E:\mong-lounge-site\massage\gyeonggi\bucheon\wonmi-gu\부천시-원미구-출장마사지-동별-생활권-지역안내\index.html","E:\mong-lounge-site\shops\gyeonggi\bucheon\wonmi-gu\원미동\한국미인테라피\index.html","신규"
"한국미인테라피","경기","경기","부천시-원미구","중동","E:\mong-lounge-site\massage\gyeonggi\bucheon\wonmi-gu\부천시-원미구-출장마사지-동별-생활권-지역안내\index.html","E:\mong-lounge-site\shops\gyeonggi\bucheon\wonmi-gu\중동\한국미인테라피\index.html","신규"
"한국미인테라피","경기","경기","부천시-원미구","춘의동","E:\mong-lounge-site\massage\gyeonggi\bucheon\wonmi-gu\부천시-원미구-출장마사지-동별-생활권-지역안내\index.html","E:\mong-lounge-site\shops\gyeonggi\bucheon\wonmi-gu\춘의동\한국미인테라피\index.html","신규"
"한국미인테라피","경기","경기","성남시-분당구","구미동","E:\mong-lounge-site\massage\gyeonggi\seongnam\bundang-gu\성남시-분당구-출장마사지-동별-생활권-지역안내\index.html","E:\mong-lounge-site\shops\gyeonggi\seongnam\bundang-gu\구미동\한국미인테라피\index.html","신규"
"한국미인테라피","경기","경기","성남시-분당구","금곡동","E:\mong-lounge-site\massage\gyeonggi\seongnam\bundang-gu\성남시-분당구-출장마사지-동별-생활권-지역안내\index.html","E:\mong-lounge-site\shops\gyeonggi\seongnam\bundang-gu\금곡동\한국미인테라피\index.html","신규"
"한국미인테라피","경기","경기","성남시-분당구","백현동","E:\mong-lounge-site\massage\gyeonggi\seongnam\bundang-gu\성남시-분당구-출장마사지-동별-생활권-지역안내\index.html","E:\mong-lounge-site\shops\gyeonggi\seongnam\bundang-gu\백현동\한국미인테라피\index.html","신규"
"한국미인테라피","경기","경기","성남시-분당구","분당동","E:\mong-lounge-site\massage\gyeonggi\seongnam\bundang-gu\성남시-분당구-출장마사지-동별-생활권-지역안내\index.html","E:\mong-lounge-site\shops\gyeonggi\seongnam\bundang-gu\분당동\한국미인테라피\index.html","신규"
"한국미인테라피","경기","경기","성남시-분당구","삼평동","E:\mong-lounge-site\massage\gyeonggi\seongnam\bundang-gu\성남시-분당구-출장마사지-동별-생활권-지역안내\index.html","E:\mong-lounge-site\shops\gyeonggi\seongnam\bundang-gu\삼평동\한국미인테라피\index.html","신규"
"한국미인테라피","경기","경기","성남시-분당구","서현동","E:\mong-lounge-site\massage\gyeonggi\seongnam\bundang-gu\성남시-분당구-출장마사지-동별-생활권-지역안내\index.html","E:\mong-lounge-site\shops\gyeonggi\seongnam\bundang-gu\서현동\한국미인테라피\index.html","신규"
"한국미인테라피","경기","경기","성남시-분당구","수내동","E:\mong-lounge-site\massage\gyeonggi\seongnam\bundang-gu\성남시-분당구-출장마사지-동별-생활권-지역안내\index.html","E:\mong-lounge-site\shops\gyeonggi\seongnam\bundang-gu\수내동\한국미인테라피\index.html","신규"
"한국미인테라피","경기","경기","성남시-분당구","야탑동","E:\mong-lounge-site\massage\gyeonggi\seongnam\bundang-gu\성남시-분당구-출장마사지-동별-생활권-지역안내\index.html","E:\mong-lounge-site\shops\gyeonggi\seongnam\bundang-gu\야탑동\한국미인테라피\index.html","신규"
"한국미인테라피","경기","경기","성남시-분당구","운중동","E:\mong-lounge-site\massage\gyeonggi\seongnam\bundang-gu\성남시-분당구-출장마사지-동별-생활권-지역안내\index.html","E:\mong-lounge-site\shops\gyeonggi\seongnam\bundang-gu\운중동\한국미인테라피\index.html","신규"
"한국미인테라피","경기","경기","성남시-분당구","이매동","E:\mong-lounge-site\massage\gyeonggi\seongnam\bundang-gu\성남시-분당구-출장마사지-동별-생활권-지역안내\index.html","E:\mong-lounge-site\shops\gyeonggi\seongnam\bundang-gu\이매동\한국미인테라피\index.html","신규"
"한국미인테라피","경기","경기","성남시-분당구","정자동","E:\mong-lounge-site\massage\gyeonggi\seongnam\bundang-gu\성남시-분당구-출장마사지-동별-생활권-지역안내\index.html","E:\mong-lounge-site\shops\gyeonggi\seongnam\bundang-gu\정자동\한국미인테라피\index.html","신규"
"한국미인테라피","경기","경기","성남시-분당구","판교동","E:\mong-lounge-site\massage\gyeonggi\seongnam\bundang-gu\성남시-분당구-출장마사지-동별-생활권-지역안내\index.html","E:\mong-lounge-site\shops\gyeonggi\seongnam\bundang-gu\판교동\한국미인테라피\index.html","신규"
"한국미인테라피","경기","경기","성남시-수정구","고등동","E:\mong-lounge-site\massage\gyeonggi\seongnam\sujeong-gu\성남시-수정구-출장마사지-동별-생활권-지역안내\index.html","E:\mong-lounge-site\shops\gyeonggi\seongnam\sujeong-gu\고등동\한국미인테라피\index.html","신규"
"한국미인테라피","경기","경기","성남시-수정구","단대동","E:\mong-lounge-site\massage\gyeonggi\seongnam\sujeong-gu\성남시-수정구-출장마사지-동별-생활권-지역안내\index.html","E:\mong-lounge-site\shops\gyeonggi\seongnam\sujeong-gu\단대동\한국미인테라피\index.html","신규"
"한국미인테라피","경기","경기","성남시-수정구","복정동","E:\mong-lounge-site\massage\gyeonggi\seongnam\sujeong-gu\성남시-수정구-출장마사지-동별-생활권-지역안내\index.html","E:\mong-lounge-site\shops\gyeonggi\seongnam\sujeong-gu\복정동\한국미인테라피\index.html","신규"
"한국미인테라피","경기","경기","성남시-수정구","산성동","E:\mong-lounge-site\massage\gyeonggi\seongnam\sujeong-gu\성남시-수정구-출장마사지-동별-생활권-지역안내\index.html","E:\mong-lounge-site\shops\gyeonggi\seongnam\sujeong-gu\산성동\한국미인테라피\index.html","신규"
"한국미인테라피","경기","경기","성남시-수정구","수진동","E:\mong-lounge-site\massage\gyeonggi\seongnam\sujeong-gu\성남시-수정구-출장마사지-동별-생활권-지역안내\index.html","E:\mong-lounge-site\shops\gyeonggi\seongnam\sujeong-gu\수진동\한국미인테라피\index.html","신규"
"한국미인테라피","경기","경기","성남시-수정구","시흥동","E:\mong-lounge-site\massage\gyeonggi\seongnam\sujeong-gu\성남시-수정구-출장마사지-동별-생활권-지역안내\index.html","E:\mong-lounge-site\shops\gyeonggi\seongnam\sujeong-gu\시흥동\한국미인테라피\index.html","신규"
"한국미인테라피","경기","경기","성남시-수정구","신촌동","E:\mong-lounge-site\massage\gyeonggi\seongnam\sujeong-gu\성남시-수정구-출장마사지-동별-생활권-지역안내\index.html","E:\mong-lounge-site\shops\gyeonggi\seongnam\sujeong-gu\신촌동\한국미인테라피\index.html","신규"
"한국미인테라피","경기","경기","성남시-수정구","신흥동","E:\mong-lounge-site\massage\gyeonggi\seongnam\sujeong-gu\성남시-수정구-출장마사지-동별-생활권-지역안내\index.html","E:\mong-lounge-site\shops\gyeonggi\seongnam\sujeong-gu\신흥동\한국미인테라피\index.html","신규"
"한국미인테라피","경기","경기","성남시-수정구","양지동","E:\mong-lounge-site\massage\gyeonggi\seongnam\sujeong-gu\성남시-수정구-출장마사지-동별-생활권-지역안내\index.html","E:\mong-lounge-site\shops\gyeonggi\seongnam\sujeong-gu\양지동\한국미인테라피\index.html","신규"
"한국미인테라피","경기","경기","성남시-수정구","위례동","E:\mong-lounge-site\massage\gyeonggi\seongnam\sujeong-gu\성남시-수정구-출장마사지-동별-생활권-지역안내\index.html","E:\mong-lounge-site\shops\gyeonggi\seongnam\sujeong-gu\위례동\한국미인테라피\index.html","신규"
"한국미인테라피","경기","경기","성남시-수정구","태평동","E:\mong-lounge-site\massage\gyeonggi\seongnam\sujeong-gu\성남시-수정구-출장마사지-동별-생활권-지역안내\index.html","E:\mong-lounge-site\shops\gyeonggi\seongnam\sujeong-gu\태평동\한국미인테라피\index.html","신규"
"한국미인테라피","경기","경기","성남시-중원구","금광동","E:\mong-lounge-site\massage\gyeonggi\seongnam\jungwon-gu\성남시-중원구-출장마사지-동별-생활권-지역안내\index.html","E:\mong-lounge-site\shops\gyeonggi\seongnam\jungwon-gu\금광동\한국미인테라피\index.html","신규"
"한국미인테라피","경기","경기","성남시-중원구","도촌동","E:\mong-lounge-site\massage\gyeonggi\seongnam\jungwon-gu\성남시-중원구-출장마사지-동별-생활권-지역안내\index.html","E:\mong-lounge-site\shops\gyeonggi\seongnam\jungwon-gu\도촌동\한국미인테라피\index.html","신규"
"한국미인테라피","경기","경기","성남시-중원구","상대원동","E:\mong-lounge-site\massage\gyeonggi\seongnam\jungwon-gu\성남시-중원구-출장마사지-동별-생활권-지역안내\index.html","E:\mong-lounge-site\shops\gyeonggi\seongnam\jungwon-gu\상대원동\한국미인테라피\index.html","신규"
"한국미인테라피","경기","경기","성남시-중원구","성남동","E:\mong-lounge-site\massage\gyeonggi\seongnam\jungwon-gu\성남시-중원구-출장마사지-동별-생활권-지역안내\index.html","E:\mong-lounge-site\shops\gyeonggi\seongnam\jungwon-gu\성남동\한국미인테라피\index.html","신규"
"한국미인테라피","경기","경기","성남시-중원구","은행동","E:\mong-lounge-site\massage\gyeonggi\seongnam\jungwon-gu\성남시-중원구-출장마사지-동별-생활권-지역안내\index.html","E:\mong-lounge-site\shops\gyeonggi\seongnam\jungwon-gu\은행동\한국미인테라피\index.html","신규"
"한국미인테라피","경기","경기","성남시-중원구","중앙동","E:\mong-lounge-site\massage\gyeonggi\seongnam\jungwon-gu\성남시-중원구-출장마사지-동별-생활권-지역안내\index.html","E:\mong-lounge-site\shops\gyeonggi\seongnam\jungwon-gu\중앙동\한국미인테라피\index.html","신규"
"한국미인테라피","경기","경기","성남시-중원구","하대원동","E:\mong-lounge-site\massage\gyeonggi\seongnam\jungwon-gu\성남시-중원구-출장마사지-동별-생활권-지역안내\index.html","E:\mong-lounge-site\shops\gyeonggi\seongnam\jungwon-gu\하대원동\한국미인테라피\index.html","신규"
"한국미인테라피","경기","경기","수원시-권선구","곡선동","E:\mong-lounge-site\massage\gyeonggi\suwon\gwonseon-gu\수원시-권선구-출장마사지-동별-생활권-지역안내\index.html","E:\mong-lounge-site\shops\gyeonggi\suwon\gwonseon-gu\곡선동\한국미인테라피\index.html","신규"
"한국미인테라피","경기","경기","수원시-권선구","구운동","E:\mong-lounge-site\massage\gyeonggi\suwon\gwonseon-gu\수원시-권선구-출장마사지-동별-생활권-지역안내\index.html","E:\mong-lounge-site\shops\gyeonggi\suwon\gwonseon-gu\구운동\한국미인테라피\index.html","신규"
"한국미인테라피","경기","경기","수원시-권선구","권선동","E:\mong-lounge-site\massage\gyeonggi\suwon\gwonseon-gu\수원시-권선구-출장마사지-동별-생활권-지역안내\index.html","E:\mong-lounge-site\shops\gyeonggi\suwon\gwonseon-gu\권선동\한국미인테라피\index.html","신규"
"한국미인테라피","경기","경기","수원시-권선구","금곡동","E:\mong-lounge-site\massage\gyeonggi\suwon\gwonseon-gu\수원시-권선구-출장마사지-동별-생활권-지역안내\index.html","E:\mong-lounge-site\shops\gyeonggi\suwon\gwonseon-gu\금곡동\한국미인테라피\index.html","신규"
"한국미인테라피","경기","경기","수원시-권선구","서둔동","E:\mong-lounge-site\massage\gyeonggi\suwon\gwonseon-gu\수원시-권선구-출장마사지-동별-생활권-지역안내\index.html","E:\mong-lounge-site\shops\gyeonggi\suwon\gwonseon-gu\서둔동\한국미인테라피\index.html","신규"
"한국미인테라피","경기","경기","수원시-권선구","세류동","E:\mong-lounge-site\massage\gyeonggi\suwon\gwonseon-gu\수원시-권선구-출장마사지-동별-생활권-지역안내\index.html","E:\mong-lounge-site\shops\gyeonggi\suwon\gwonseon-gu\세류동\한국미인테라피\index.html","신규"
"한국미인테라피","경기","경기","수원시-권선구","입북동","E:\mong-lounge-site\massage\gyeonggi\suwon\gwonseon-gu\수원시-권선구-출장마사지-동별-생활권-지역안내\index.html","E:\mong-lounge-site\shops\gyeonggi\suwon\gwonseon-gu\입북동\한국미인테라피\index.html","신규"
"한국미인테라피","경기","경기","수원시-권선구","평동","E:\mong-lounge-site\massage\gyeonggi\suwon\gwonseon-gu\수원시-권선구-출장마사지-동별-생활권-지역안내\index.html","E:\mong-lounge-site\shops\gyeonggi\suwon\gwonseon-gu\평동\한국미인테라피\index.html","신규"
"한국미인테라피","경기","경기","수원시-권선구","호매실동","E:\mong-lounge-site\massage\gyeonggi\suwon\gwonseon-gu\수원시-권선구-출장마사지-동별-생활권-지역안내\index.html","E:\mong-lounge-site\shops\gyeonggi\suwon\gwonseon-gu\호매실동\한국미인테라피\index.html","신규"
"한국미인테라피","경기","경기","수원시-영통구","광교동","E:\mong-lounge-site\massage\gyeonggi\suwon\yeongtong-gu\수원시-영통구-출장마사지-동별-생활권-지역안내\index.html","E:\mong-lounge-site\shops\gyeonggi\suwon\yeongtong-gu\광교동\한국미인테라피\index.html","신규"
"한국미인테라피","경기","경기","수원시-영통구","망포동","E:\mong-lounge-site\massage\gyeonggi\suwon\yeongtong-gu\수원시-영통구-출장마사지-동별-생활권-지역안내\index.html","E:\mong-lounge-site\shops\gyeonggi\suwon\yeongtong-gu\망포동\한국미인테라피\index.html","신규"
"한국미인테라피","경기","경기","수원시-영통구","매탄동","E:\mong-lounge-site\massage\gyeonggi\suwon\yeongtong-gu\수원시-영통구-출장마사지-동별-생활권-지역안내\index.html","E:\mong-lounge-site\shops\gyeonggi\suwon\yeongtong-gu\매탄동\한국미인테라피\index.html","신규"
"한국미인테라피","경기","경기","수원시-영통구","영통동","E:\mong-lounge-site\massage\gyeonggi\suwon\yeongtong-gu\수원시-영통구-출장마사지-동별-생활권-지역안내\index.html","E:\mong-lounge-site\shops\gyeonggi\suwon\yeongtong-gu\영통동\한국미인테라피\index.html","신규"
"한국미인테라피","경기","경기","수원시-영통구","원천동","E:\mong-lounge-site\massage\gyeonggi\suwon\yeongtong-gu\수원시-영통구-출장마사지-동별-생활권-지역안내\index.html","E:\mong-lounge-site\shops\gyeonggi\suwon\yeongtong-gu\원천동\한국미인테라피\index.html","신규"
"한국미인테라피","경기","경기","수원시-장안구","송죽동","E:\mong-lounge-site\massage\gyeonggi\suwon\jangan-gu\수원시-장안구-출장마사지-동별-생활권-지역안내\index.html","E:\mong-lounge-site\shops\gyeonggi\suwon\jangan-gu\송죽동\한국미인테라피\index.html","신규"
"한국미인테라피","경기","경기","수원시-장안구","연무동","E:\mong-lounge-site\massage\gyeonggi\suwon\jangan-gu\수원시-장안구-출장마사지-동별-생활권-지역안내\index.html","E:\mong-lounge-site\shops\gyeonggi\suwon\jangan-gu\연무동\한국미인테라피\index.html","신규"
"한국미인테라피","경기","경기","수원시-장안구","영화동","E:\mong-lounge-site\massage\gyeonggi\suwon\jangan-gu\수원시-장안구-출장마사지-동별-생활권-지역안내\index.html","E:\mong-lounge-site\shops\gyeonggi\suwon\jangan-gu\영화동\한국미인테라피\index.html","신규"
"한국미인테라피","경기","경기","수원시-장안구","율천동","E:\mong-lounge-site\massage\gyeonggi\suwon\jangan-gu\수원시-장안구-출장마사지-동별-생활권-지역안내\index.html","E:\mong-lounge-site\shops\gyeonggi\suwon\jangan-gu\율천동\한국미인테라피\index.html","신규"
"한국미인테라피","경기","경기","수원시-장안구","정자동","E:\mong-lounge-site\massage\gyeonggi\suwon\jangan-gu\수원시-장안구-출장마사지-동별-생활권-지역안내\index.html","E:\mong-lounge-site\shops\gyeonggi\suwon\jangan-gu\정자동\한국미인테라피\index.html","신규"
"한국미인테라피","경기","경기","수원시-장안구","조원동","E:\mong-lounge-site\massage\gyeonggi\suwon\jangan-gu\수원시-장안구-출장마사지-동별-생활권-지역안내\index.html","E:\mong-lounge-site\shops\gyeonggi\suwon\jangan-gu\조원동\한국미인테라피\index.html","신규"
"한국미인테라피","경기","경기","수원시-장안구","파장동","E:\mong-lounge-site\massage\gyeonggi\suwon\jangan-gu\수원시-장안구-출장마사지-동별-생활권-지역안내\index.html","E:\mong-lounge-site\shops\gyeonggi\suwon\jangan-gu\파장동\한국미인테라피\index.html","신규"
"한국미인테라피","경기","경기","수원시-팔달구","고등동","E:\mong-lounge-site\massage\gyeonggi\suwon\paldal-gu\수원시-팔달구-출장마사지-동별-생활권-지역안내\index.html","E:\mong-lounge-site\shops\gyeonggi\suwon\paldal-gu\고등동\한국미인테라피\index.html","신규"
"한국미인테라피","경기","경기","수원시-팔달구","매교동","E:\mong-lounge-site\massage\gyeonggi\suwon\paldal-gu\수원시-팔달구-출장마사지-동별-생활권-지역안내\index.html","E:\mong-lounge-site\shops\gyeonggi\suwon\paldal-gu\매교동\한국미인테라피\index.html","신규"
"한국미인테라피","경기","경기","수원시-팔달구","매산동","E:\mong-lounge-site\massage\gyeonggi\suwon\paldal-gu\수원시-팔달구-출장마사지-동별-생활권-지역안내\index.html","E:\mong-lounge-site\shops\gyeonggi\suwon\paldal-gu\매산동\한국미인테라피\index.html","신규"
"한국미인테라피","경기","경기","수원시-팔달구","우만동","E:\mong-lounge-site\massage\gyeonggi\suwon\paldal-gu\수원시-팔달구-출장마사지-동별-생활권-지역안내\index.html","E:\mong-lounge-site\shops\gyeonggi\suwon\paldal-gu\우만동\한국미인테라피\index.html","신규"
"한국미인테라피","경기","경기","수원시-팔달구","인계동","E:\mong-lounge-site\massage\gyeonggi\suwon\paldal-gu\수원시-팔달구-출장마사지-동별-생활권-지역안내\index.html","E:\mong-lounge-site\shops\gyeonggi\suwon\paldal-gu\인계동\한국미인테라피\index.html","신규"
"한국미인테라피","경기","경기","수원시-팔달구","지동","E:\mong-lounge-site\massage\gyeonggi\suwon\paldal-gu\수원시-팔달구-출장마사지-동별-생활권-지역안내\index.html","E:\mong-lounge-site\shops\gyeonggi\suwon\paldal-gu\지동\한국미인테라피\index.html","신규"
"한국미인테라피","경기","경기","수원시-팔달구","행궁동","E:\mong-lounge-site\massage\gyeonggi\suwon\paldal-gu\수원시-팔달구-출장마사지-동별-생활권-지역안내\index.html","E:\mong-lounge-site\shops\gyeonggi\suwon\paldal-gu\행궁동\한국미인테라피\index.html","신규"
"한국미인테라피","경기","경기","수원시-팔달구","화서동","E:\mong-lounge-site\massage\gyeonggi\suwon\paldal-gu\수원시-팔달구-출장마사지-동별-생활권-지역안내\index.html","E:\mong-lounge-site\shops\gyeonggi\suwon\paldal-gu\화서동\한국미인테라피\index.html","신규"
"한국미인테라피","경기","경기","시흥시","거북섬동","E:\mong-lounge-site\massage\gyeonggi\siheung\시흥시-출장마사지-배곧-정왕-은계-산업-상업-업무로-오래-선-날-다리-발의-무거움-방문-홈케어\index.html","E:\mong-lounge-site\shops\gyeonggi\siheung\거북섬동\한국미인테라피\index.html","신규"
"한국미인테라피","경기","경기","시흥시","과림동","E:\mong-lounge-site\massage\gyeonggi\siheung\시흥시-출장마사지-배곧-정왕-은계-산업-상업-업무로-오래-선-날-다리-발의-무거움-방문-홈케어\index.html","E:\mong-lounge-site\shops\gyeonggi\siheung\과림동\한국미인테라피\index.html","신규"
"한국미인테라피","경기","경기","시흥시","군자동","E:\mong-lounge-site\massage\gyeonggi\siheung\시흥시-출장마사지-배곧-정왕-은계-산업-상업-업무로-오래-선-날-다리-발의-무거움-방문-홈케어\index.html","E:\mong-lounge-site\shops\gyeonggi\siheung\군자동\한국미인테라피\index.html","신규"
"한국미인테라피","경기","경기","시흥시","능곡동","E:\mong-lounge-site\massage\gyeonggi\siheung\시흥시-출장마사지-배곧-정왕-은계-산업-상업-업무로-오래-선-날-다리-발의-무거움-방문-홈케어\index.html","E:\mong-lounge-site\shops\gyeonggi\siheung\능곡동\한국미인테라피\index.html","신규"
"한국미인테라피","경기","경기","시흥시","대야동","E:\mong-lounge-site\massage\gyeonggi\siheung\시흥시-출장마사지-배곧-정왕-은계-산업-상업-업무로-오래-선-날-다리-발의-무거움-방문-홈케어\index.html","E:\mong-lounge-site\shops\gyeonggi\siheung\대야동\한국미인테라피\index.html","신규"
"한국미인테라피","경기","경기","시흥시","매화동","E:\mong-lounge-site\massage\gyeonggi\siheung\시흥시-출장마사지-배곧-정왕-은계-산업-상업-업무로-오래-선-날-다리-발의-무거움-방문-홈케어\index.html","E:\mong-lounge-site\shops\gyeonggi\siheung\매화동\한국미인테라피\index.html","신규"
"한국미인테라피","경기","경기","시흥시","목감동","E:\mong-lounge-site\massage\gyeonggi\siheung\시흥시-출장마사지-배곧-정왕-은계-산업-상업-업무로-오래-선-날-다리-발의-무거움-방문-홈케어\index.html","E:\mong-lounge-site\shops\gyeonggi\siheung\목감동\한국미인테라피\index.html","신규"
"한국미인테라피","경기","경기","시흥시","배곧동","E:\mong-lounge-site\massage\gyeonggi\siheung\시흥시-출장마사지-배곧-정왕-은계-산업-상업-업무로-오래-선-날-다리-발의-무거움-방문-홈케어\index.html","E:\mong-lounge-site\shops\gyeonggi\siheung\배곧동\한국미인테라피\index.html","신규"
"한국미인테라피","경기","경기","시흥시","신천동","E:\mong-lounge-site\massage\gyeonggi\siheung\시흥시-출장마사지-배곧-정왕-은계-산업-상업-업무로-오래-선-날-다리-발의-무거움-방문-홈케어\index.html","E:\mong-lounge-site\shops\gyeonggi\siheung\신천동\한국미인테라피\index.html","신규"
"한국미인테라피","경기","경기","시흥시","신현동","E:\mong-lounge-site\massage\gyeonggi\siheung\시흥시-출장마사지-배곧-정왕-은계-산업-상업-업무로-오래-선-날-다리-발의-무거움-방문-홈케어\index.html","E:\mong-lounge-site\shops\gyeonggi\siheung\신현동\한국미인테라피\index.html","신규"
"한국미인테라피","경기","경기","시흥시","연성동","E:\mong-lounge-site\massage\gyeonggi\siheung\시흥시-출장마사지-배곧-정왕-은계-산업-상업-업무로-오래-선-날-다리-발의-무거움-방문-홈케어\index.html","E:\mong-lounge-site\shops\gyeonggi\siheung\연성동\한국미인테라피\index.html","신규"
"한국미인테라피","경기","경기","시흥시","월곶동","E:\mong-lounge-site\massage\gyeonggi\siheung\시흥시-출장마사지-배곧-정왕-은계-산업-상업-업무로-오래-선-날-다리-발의-무거움-방문-홈케어\index.html","E:\mong-lounge-site\shops\gyeonggi\siheung\월곶동\한국미인테라피\index.html","신규"
"한국미인테라피","경기","경기","시흥시","은행동","E:\mong-lounge-site\massage\gyeonggi\siheung\시흥시-출장마사지-배곧-정왕-은계-산업-상업-업무로-오래-선-날-다리-발의-무거움-방문-홈케어\index.html","E:\mong-lounge-site\shops\gyeonggi\siheung\은행동\한국미인테라피\index.html","신규"
"한국미인테라피","경기","경기","시흥시","장곡동","E:\mong-lounge-site\massage\gyeonggi\siheung\시흥시-출장마사지-배곧-정왕-은계-산업-상업-업무로-오래-선-날-다리-발의-무거움-방문-홈케어\index.html","E:\mong-lounge-site\shops\gyeonggi\siheung\장곡동\한국미인테라피\index.html","신규"
"한국미인테라피","경기","경기","시흥시","정왕동","E:\mong-lounge-site\massage\gyeonggi\siheung\시흥시-출장마사지-배곧-정왕-은계-산업-상업-업무로-오래-선-날-다리-발의-무거움-방문-홈케어\index.html","E:\mong-lounge-site\shops\gyeonggi\siheung\정왕동\한국미인테라피\index.html","신규"
"한국미인테라피","경기","경기","시흥시","정왕본동","E:\mong-lounge-site\massage\gyeonggi\siheung\시흥시-출장마사지-배곧-정왕-은계-산업-상업-업무로-오래-선-날-다리-발의-무거움-방문-홈케어\index.html","E:\mong-lounge-site\shops\gyeonggi\siheung\정왕본동\한국미인테라피\index.html","신규"
"한국미인테라피","경기","경기","안산시-단원구","고잔동","E:\mong-lounge-site\massage\gyeonggi\ansan\danwon-gu\안산시-단원구-출장마사지-동별-생활권-지역안내\index.html","E:\mong-lounge-site\shops\gyeonggi\ansan\danwon-gu\고잔동\한국미인테라피\index.html","신규"
"한국미인테라피","경기","경기","안산시-단원구","대부동","E:\mong-lounge-site\massage\gyeonggi\ansan\danwon-gu\안산시-단원구-출장마사지-동별-생활권-지역안내\index.html","E:\mong-lounge-site\shops\gyeonggi\ansan\danwon-gu\대부동\한국미인테라피\index.html","신규"
"한국미인테라피","경기","경기","안산시-단원구","백운동","E:\mong-lounge-site\massage\gyeonggi\ansan\danwon-gu\안산시-단원구-출장마사지-동별-생활권-지역안내\index.html","E:\mong-lounge-site\shops\gyeonggi\ansan\danwon-gu\백운동\한국미인테라피\index.html","신규"
"한국미인테라피","경기","경기","안산시-단원구","선부동","E:\mong-lounge-site\massage\gyeonggi\ansan\danwon-gu\안산시-단원구-출장마사지-동별-생활권-지역안내\index.html","E:\mong-lounge-site\shops\gyeonggi\ansan\danwon-gu\선부동\한국미인테라피\index.html","신규"
"한국미인테라피","경기","경기","안산시-단원구","신길동","E:\mong-lounge-site\massage\gyeonggi\ansan\danwon-gu\안산시-단원구-출장마사지-동별-생활권-지역안내\index.html","E:\mong-lounge-site\shops\gyeonggi\ansan\danwon-gu\신길동\한국미인테라피\index.html","신규"
"한국미인테라피","경기","경기","안산시-단원구","와동","E:\mong-lounge-site\massage\gyeonggi\ansan\danwon-gu\안산시-단원구-출장마사지-동별-생활권-지역안내\index.html","E:\mong-lounge-site\shops\gyeonggi\ansan\danwon-gu\와동\한국미인테라피\index.html","신규"
"한국미인테라피","경기","경기","안산시-단원구","원곡동","E:\mong-lounge-site\massage\gyeonggi\ansan\danwon-gu\안산시-단원구-출장마사지-동별-생활권-지역안내\index.html","E:\mong-lounge-site\shops\gyeonggi\ansan\danwon-gu\원곡동\한국미인테라피\index.html","신규"
"한국미인테라피","경기","경기","안산시-단원구","중앙동","E:\mong-lounge-site\massage\gyeonggi\ansan\danwon-gu\안산시-단원구-출장마사지-동별-생활권-지역안내\index.html","E:\mong-lounge-site\shops\gyeonggi\ansan\danwon-gu\중앙동\한국미인테라피\index.html","신규"
"한국미인테라피","경기","경기","안산시-단원구","초지동","E:\mong-lounge-site\massage\gyeonggi\ansan\danwon-gu\안산시-단원구-출장마사지-동별-생활권-지역안내\index.html","E:\mong-lounge-site\shops\gyeonggi\ansan\danwon-gu\초지동\한국미인테라피\index.html","신규"
"한국미인테라피","경기","경기","안산시-단원구","호수동","E:\mong-lounge-site\massage\gyeonggi\ansan\danwon-gu\안산시-단원구-출장마사지-동별-생활권-지역안내\index.html","E:\mong-lounge-site\shops\gyeonggi\ansan\danwon-gu\호수동\한국미인테라피\index.html","신규"
"한국미인테라피","경기","경기","안산시-상록구","반월동","E:\mong-lounge-site\massage\gyeonggi\ansan\sangnok-gu\안산시-상록구-출장마사지-동별-생활권-지역안내\index.html","E:\mong-lounge-site\shops\gyeonggi\ansan\sangnok-gu\반월동\한국미인테라피\index.html","신규"
"한국미인테라피","경기","경기","안산시-상록구","본오동","E:\mong-lounge-site\massage\gyeonggi\ansan\sangnok-gu\안산시-상록구-출장마사지-동별-생활권-지역안내\index.html","E:\mong-lounge-site\shops\gyeonggi\ansan\sangnok-gu\본오동\한국미인테라피\index.html","신규"
"한국미인테라피","경기","경기","안산시-상록구","부곡동","E:\mong-lounge-site\massage\gyeonggi\ansan\sangnok-gu\안산시-상록구-출장마사지-동별-생활권-지역안내\index.html","E:\mong-lounge-site\shops\gyeonggi\ansan\sangnok-gu\부곡동\한국미인테라피\index.html","신규"
"한국미인테라피","경기","경기","안산시-상록구","사동","E:\mong-lounge-site\massage\gyeonggi\ansan\sangnok-gu\안산시-상록구-출장마사지-동별-생활권-지역안내\index.html","E:\mong-lounge-site\shops\gyeonggi\ansan\sangnok-gu\사동\한국미인테라피\index.html","신규"
"한국미인테라피","경기","경기","안산시-상록구","사이동","E:\mong-lounge-site\massage\gyeonggi\ansan\sangnok-gu\안산시-상록구-출장마사지-동별-생활권-지역안내\index.html","E:\mong-lounge-site\shops\gyeonggi\ansan\sangnok-gu\사이동\한국미인테라피\index.html","신규"
"한국미인테라피","경기","경기","안산시-상록구","성포동","E:\mong-lounge-site\massage\gyeonggi\ansan\sangnok-gu\안산시-상록구-출장마사지-동별-생활권-지역안내\index.html","E:\mong-lounge-site\shops\gyeonggi\ansan\sangnok-gu\성포동\한국미인테라피\index.html","신규"
"한국미인테라피","경기","경기","안산시-상록구","안산동","E:\mong-lounge-site\massage\gyeonggi\ansan\sangnok-gu\안산시-상록구-출장마사지-동별-생활권-지역안내\index.html","E:\mong-lounge-site\shops\gyeonggi\ansan\sangnok-gu\안산동\한국미인테라피\index.html","신규"
"한국미인테라피","경기","경기","안산시-상록구","월피동","E:\mong-lounge-site\massage\gyeonggi\ansan\sangnok-gu\안산시-상록구-출장마사지-동별-생활권-지역안내\index.html","E:\mong-lounge-site\shops\gyeonggi\ansan\sangnok-gu\월피동\한국미인테라피\index.html","신규"
"한국미인테라피","경기","경기","안산시-상록구","이동","E:\mong-lounge-site\massage\gyeonggi\ansan\sangnok-gu\안산시-상록구-출장마사지-동별-생활권-지역안내\index.html","E:\mong-lounge-site\shops\gyeonggi\ansan\sangnok-gu\이동\한국미인테라피\index.html","신규"
"한국미인테라피","경기","경기","안산시-상록구","일동","E:\mong-lounge-site\massage\gyeonggi\ansan\sangnok-gu\안산시-상록구-출장마사지-동별-생활권-지역안내\index.html","E:\mong-lounge-site\shops\gyeonggi\ansan\sangnok-gu\일동\한국미인테라피\index.html","신규"
"한국미인테라피","경기","경기","안산시-상록구","해양동","E:\mong-lounge-site\massage\gyeonggi\ansan\sangnok-gu\안산시-상록구-출장마사지-동별-생활권-지역안내\index.html","E:\mong-lounge-site\shops\gyeonggi\ansan\sangnok-gu\해양동\한국미인테라피\index.html","신규"
"한국미인테라피","경기","경기","안성시","고삼면","E:\mong-lounge-site\massage\gyeonggi\anseong\안성시-출장마사지-공도-석정-대덕-산업-통근과-장시간-운전-허리-다리-피로-방문-홈케어\index.html","E:\mong-lounge-site\shops\gyeonggi\anseong\고삼면\한국미인테라피\index.html","신규"
"한국미인테라피","경기","경기","안성시","공도읍","E:\mong-lounge-site\massage\gyeonggi\anseong\안성시-출장마사지-공도-석정-대덕-산업-통근과-장시간-운전-허리-다리-피로-방문-홈케어\index.html","E:\mong-lounge-site\shops\gyeonggi\anseong\공도읍\한국미인테라피\index.html","신규"
"한국미인테라피","경기","경기","안성시","금광면","E:\mong-lounge-site\massage\gyeonggi\anseong\안성시-출장마사지-공도-석정-대덕-산업-통근과-장시간-운전-허리-다리-피로-방문-홈케어\index.html","E:\mong-lounge-site\shops\gyeonggi\anseong\금광면\한국미인테라피\index.html","신규"
"한국미인테라피","경기","경기","안성시","대덕면","E:\mong-lounge-site\massage\gyeonggi\anseong\안성시-출장마사지-공도-석정-대덕-산업-통근과-장시간-운전-허리-다리-피로-방문-홈케어\index.html","E:\mong-lounge-site\shops\gyeonggi\anseong\대덕면\한국미인테라피\index.html","신규"
"한국미인테라피","경기","경기","안성시","미양면","E:\mong-lounge-site\massage\gyeonggi\anseong\안성시-출장마사지-공도-석정-대덕-산업-통근과-장시간-운전-허리-다리-피로-방문-홈케어\index.html","E:\mong-lounge-site\shops\gyeonggi\anseong\미양면\한국미인테라피\index.html","신규"
"한국미인테라피","경기","경기","안성시","보개면","E:\mong-lounge-site\massage\gyeonggi\anseong\안성시-출장마사지-공도-석정-대덕-산업-통근과-장시간-운전-허리-다리-피로-방문-홈케어\index.html","E:\mong-lounge-site\shops\gyeonggi\anseong\보개면\한국미인테라피\index.html","신규"
"한국미인테라피","경기","경기","안성시","삼죽면","E:\mong-lounge-site\massage\gyeonggi\anseong\안성시-출장마사지-공도-석정-대덕-산업-통근과-장시간-운전-허리-다리-피로-방문-홈케어\index.html","E:\mong-lounge-site\shops\gyeonggi\anseong\삼죽면\한국미인테라피\index.html","신규"
"한국미인테라피","경기","경기","안성시","서운면","E:\mong-lounge-site\massage\gyeonggi\anseong\안성시-출장마사지-공도-석정-대덕-산업-통근과-장시간-운전-허리-다리-피로-방문-홈케어\index.html","E:\mong-lounge-site\shops\gyeonggi\anseong\서운면\한국미인테라피\index.html","신규"
"한국미인테라피","경기","경기","안성시","안성동","E:\mong-lounge-site\massage\gyeonggi\anseong\안성시-출장마사지-공도-석정-대덕-산업-통근과-장시간-운전-허리-다리-피로-방문-홈케어\index.html","E:\mong-lounge-site\shops\gyeonggi\anseong\안성동\한국미인테라피\index.html","신규"
"한국미인테라피","경기","경기","안성시","양성면","E:\mong-lounge-site\massage\gyeonggi\anseong\안성시-출장마사지-공도-석정-대덕-산업-통근과-장시간-운전-허리-다리-피로-방문-홈케어\index.html","E:\mong-lounge-site\shops\gyeonggi\anseong\양성면\한국미인테라피\index.html","신규"
"한국미인테라피","경기","경기","안성시","원곡면","E:\mong-lounge-site\massage\gyeonggi\anseong\안성시-출장마사지-공도-석정-대덕-산업-통근과-장시간-운전-허리-다리-피로-방문-홈케어\index.html","E:\mong-lounge-site\shops\gyeonggi\anseong\원곡면\한국미인테라피\index.html","신규"
"한국미인테라피","경기","경기","안성시","일죽면","E:\mong-lounge-site\massage\gyeonggi\anseong\안성시-출장마사지-공도-석정-대덕-산업-통근과-장시간-운전-허리-다리-피로-방문-홈케어\index.html","E:\mong-lounge-site\shops\gyeonggi\anseong\일죽면\한국미인테라피\index.html","신규"
"한국미인테라피","경기","경기","안성시","죽산면","E:\mong-lounge-site\massage\gyeonggi\anseong\안성시-출장마사지-공도-석정-대덕-산업-통근과-장시간-운전-허리-다리-피로-방문-홈케어\index.html","E:\mong-lounge-site\shops\gyeonggi\anseong\죽산면\한국미인테라피\index.html","신규"
"한국미인테라피","경기","경기","안양시-동안구","갈산동","E:\mong-lounge-site\massage\gyeonggi\anyang\dongan-gu\안양시-동안구-출장마사지-동별-생활권-지역안내\index.html","E:\mong-lounge-site\shops\gyeonggi\anyang\dongan-gu\갈산동\한국미인테라피\index.html","신규"
"한국미인테라피","경기","경기","안양시-동안구","관양동","E:\mong-lounge-site\massage\gyeonggi\anyang\dongan-gu\안양시-동안구-출장마사지-동별-생활권-지역안내\index.html","E:\mong-lounge-site\shops\gyeonggi\anyang\dongan-gu\관양동\한국미인테라피\index.html","신규"
"한국미인테라피","경기","경기","안양시-동안구","귀인동","E:\mong-lounge-site\massage\gyeonggi\anyang\dongan-gu\안양시-동안구-출장마사지-동별-생활권-지역안내\index.html","E:\mong-lounge-site\shops\gyeonggi\anyang\dongan-gu\귀인동\한국미인테라피\index.html","신규"
"한국미인테라피","경기","경기","안양시-동안구","달안동","E:\mong-lounge-site\massage\gyeonggi\anyang\dongan-gu\안양시-동안구-출장마사지-동별-생활권-지역안내\index.html","E:\mong-lounge-site\shops\gyeonggi\anyang\dongan-gu\달안동\한국미인테라피\index.html","신규"
"한국미인테라피","경기","경기","안양시-동안구","범계동","E:\mong-lounge-site\massage\gyeonggi\anyang\dongan-gu\안양시-동안구-출장마사지-동별-생활권-지역안내\index.html","E:\mong-lounge-site\shops\gyeonggi\anyang\dongan-gu\범계동\한국미인테라피\index.html","신규"
"한국미인테라피","경기","경기","안양시-동안구","부림동","E:\mong-lounge-site\massage\gyeonggi\anyang\dongan-gu\안양시-동안구-출장마사지-동별-생활권-지역안내\index.html","E:\mong-lounge-site\shops\gyeonggi\anyang\dongan-gu\부림동\한국미인테라피\index.html","신규"
"한국미인테라피","경기","경기","안양시-동안구","부흥동","E:\mong-lounge-site\massage\gyeonggi\anyang\dongan-gu\안양시-동안구-출장마사지-동별-생활권-지역안내\index.html","E:\mong-lounge-site\shops\gyeonggi\anyang\dongan-gu\부흥동\한국미인테라피\index.html","신규"
"한국미인테라피","경기","경기","안양시-동안구","비산동","E:\mong-lounge-site\massage\gyeonggi\anyang\dongan-gu\안양시-동안구-출장마사지-동별-생활권-지역안내\index.html","E:\mong-lounge-site\shops\gyeonggi\anyang\dongan-gu\비산동\한국미인테라피\index.html","신규"
"한국미인테라피","경기","경기","안양시-동안구","신촌동","E:\mong-lounge-site\massage\gyeonggi\anyang\dongan-gu\안양시-동안구-출장마사지-동별-생활권-지역안내\index.html","E:\mong-lounge-site\shops\gyeonggi\anyang\dongan-gu\신촌동\한국미인테라피\index.html","신규"
"한국미인테라피","경기","경기","안양시-동안구","인덕원동","E:\mong-lounge-site\massage\gyeonggi\anyang\dongan-gu\안양시-동안구-출장마사지-동별-생활권-지역안내\index.html","E:\mong-lounge-site\shops\gyeonggi\anyang\dongan-gu\인덕원동\한국미인테라피\index.html","신규"
"한국미인테라피","경기","경기","안양시-동안구","평안동","E:\mong-lounge-site\massage\gyeonggi\anyang\dongan-gu\안양시-동안구-출장마사지-동별-생활권-지역안내\index.html","E:\mong-lounge-site\shops\gyeonggi\anyang\dongan-gu\평안동\한국미인테라피\index.html","신규"
"한국미인테라피","경기","경기","안양시-동안구","평촌동","E:\mong-lounge-site\massage\gyeonggi\anyang\dongan-gu\안양시-동안구-출장마사지-동별-생활권-지역안내\index.html","E:\mong-lounge-site\shops\gyeonggi\anyang\dongan-gu\평촌동\한국미인테라피\index.html","신규"
"한국미인테라피","경기","경기","안양시-동안구","호계동","E:\mong-lounge-site\massage\gyeonggi\anyang\dongan-gu\안양시-동안구-출장마사지-동별-생활권-지역안내\index.html","E:\mong-lounge-site\shops\gyeonggi\anyang\dongan-gu\호계동\한국미인테라피\index.html","신규"
"한국미인테라피","경기","경기","안양시-만안구","명학동","E:\mong-lounge-site\massage\gyeonggi\anyang\manan-gu\안양시-만안구-출장마사지-동별-생활권-지역안내\index.html","E:\mong-lounge-site\shops\gyeonggi\anyang\manan-gu\명학동\한국미인테라피\index.html","신규"
"한국미인테라피","경기","경기","안양시-만안구","박달동","E:\mong-lounge-site\massage\gyeonggi\anyang\manan-gu\안양시-만안구-출장마사지-동별-생활권-지역안내\index.html","E:\mong-lounge-site\shops\gyeonggi\anyang\manan-gu\박달동\한국미인테라피\index.html","신규"
"한국미인테라피","경기","경기","안양시-만안구","병목안동","E:\mong-lounge-site\massage\gyeonggi\anyang\manan-gu\안양시-만안구-출장마사지-동별-생활권-지역안내\index.html","E:\mong-lounge-site\shops\gyeonggi\anyang\manan-gu\병목안동\한국미인테라피\index.html","신규"
"한국미인테라피","경기","경기","안양시-만안구","석수동","E:\mong-lounge-site\massage\gyeonggi\anyang\manan-gu\안양시-만안구-출장마사지-동별-생활권-지역안내\index.html","E:\mong-lounge-site\shops\gyeonggi\anyang\manan-gu\석수동\한국미인테라피\index.html","신규"
"한국미인테라피","경기","경기","안양시-만안구","안양동","E:\mong-lounge-site\massage\gyeonggi\anyang\manan-gu\안양시-만안구-출장마사지-동별-생활권-지역안내\index.html","E:\mong-lounge-site\shops\gyeonggi\anyang\manan-gu\안양동\한국미인테라피\index.html","신규"
"한국미인테라피","경기","경기","안양시-만안구","충훈동","E:\mong-lounge-site\massage\gyeonggi\anyang\manan-gu\안양시-만안구-출장마사지-동별-생활권-지역안내\index.html","E:\mong-lounge-site\shops\gyeonggi\anyang\manan-gu\충훈동\한국미인테라피\index.html","신규"
"한국미인테라피","경기","경기","안양시-만안구","호현동","E:\mong-lounge-site\massage\gyeonggi\anyang\manan-gu\안양시-만안구-출장마사지-동별-생활권-지역안내\index.html","E:\mong-lounge-site\shops\gyeonggi\anyang\manan-gu\호현동\한국미인테라피\index.html","신규"
"한국미인테라피","경기","경기","양주시","광적면","E:\mong-lounge-site\massage\gyeonggi\yangju\양주시-출장마사지-옥정-덕계-회천-가족-일정과-차량-이동이-겹친-날-허리-다리-피로-방문-홈케어\index.html","E:\mong-lounge-site\shops\gyeonggi\yangju\광적면\한국미인테라피\index.html","신규"
"한국미인테라피","경기","경기","양주시","남면","E:\mong-lounge-site\massage\gyeonggi\yangju\양주시-출장마사지-옥정-덕계-회천-가족-일정과-차량-이동이-겹친-날-허리-다리-피로-방문-홈케어\index.html","E:\mong-lounge-site\shops\gyeonggi\yangju\남면\한국미인테라피\index.html","신규"
"한국미인테라피","경기","경기","양주시","백석읍","E:\mong-lounge-site\massage\gyeonggi\yangju\양주시-출장마사지-옥정-덕계-회천-가족-일정과-차량-이동이-겹친-날-허리-다리-피로-방문-홈케어\index.html","E:\mong-lounge-site\shops\gyeonggi\yangju\백석읍\한국미인테라피\index.html","신규"
"한국미인테라피","경기","경기","양주시","양주동","E:\mong-lounge-site\massage\gyeonggi\yangju\양주시-출장마사지-옥정-덕계-회천-가족-일정과-차량-이동이-겹친-날-허리-다리-피로-방문-홈케어\index.html","E:\mong-lounge-site\shops\gyeonggi\yangju\양주동\한국미인테라피\index.html","신규"
"한국미인테라피","경기","경기","양주시","옥정동","E:\mong-lounge-site\massage\gyeonggi\yangju\양주시-출장마사지-옥정-덕계-회천-가족-일정과-차량-이동이-겹친-날-허리-다리-피로-방문-홈케어\index.html","E:\mong-lounge-site\shops\gyeonggi\yangju\옥정동\한국미인테라피\index.html","신규"
"한국미인테라피","경기","경기","양주시","은현면","E:\mong-lounge-site\massage\gyeonggi\yangju\양주시-출장마사지-옥정-덕계-회천-가족-일정과-차량-이동이-겹친-날-허리-다리-피로-방문-홈케어\index.html","E:\mong-lounge-site\shops\gyeonggi\yangju\은현면\한국미인테라피\index.html","신규"
"한국미인테라피","경기","경기","양주시","장흥면","E:\mong-lounge-site\massage\gyeonggi\yangju\양주시-출장마사지-옥정-덕계-회천-가족-일정과-차량-이동이-겹친-날-허리-다리-피로-방문-홈케어\index.html","E:\mong-lounge-site\shops\gyeonggi\yangju\장흥면\한국미인테라피\index.html","신규"
"한국미인테라피","경기","경기","양주시","회천동","E:\mong-lounge-site\massage\gyeonggi\yangju\양주시-출장마사지-옥정-덕계-회천-가족-일정과-차량-이동이-겹친-날-허리-다리-피로-방문-홈케어\index.html","E:\mong-lounge-site\shops\gyeonggi\yangju\회천동\한국미인테라피\index.html","신규"
"한국미인테라피","경기","경기","양평군","강상면","E:\mong-lounge-site\massage\gyeonggi\yangpyeong\양평군-출장마사지-양평읍-용문-양서-주말-차량-이동과-외출-일정-허리-다리-피로-방문-홈케어\index.html","E:\mong-lounge-site\shops\gyeonggi\yangpyeong\강상면\한국미인테라피\index.html","신규"
"한국미인테라피","경기","경기","양평군","강하면","E:\mong-lounge-site\massage\gyeonggi\yangpyeong\양평군-출장마사지-양평읍-용문-양서-주말-차량-이동과-외출-일정-허리-다리-피로-방문-홈케어\index.html","E:\mong-lounge-site\shops\gyeonggi\yangpyeong\강하면\한국미인테라피\index.html","신규"
"한국미인테라피","경기","경기","양평군","개군면","E:\mong-lounge-site\massage\gyeonggi\yangpyeong\양평군-출장마사지-양평읍-용문-양서-주말-차량-이동과-외출-일정-허리-다리-피로-방문-홈케어\index.html","E:\mong-lounge-site\shops\gyeonggi\yangpyeong\개군면\한국미인테라피\index.html","신규"
"한국미인테라피","경기","경기","양평군","단월면","E:\mong-lounge-site\massage\gyeonggi\yangpyeong\양평군-출장마사지-양평읍-용문-양서-주말-차량-이동과-외출-일정-허리-다리-피로-방문-홈케어\index.html","E:\mong-lounge-site\shops\gyeonggi\yangpyeong\단월면\한국미인테라피\index.html","신규"
"한국미인테라피","경기","경기","양평군","서종면","E:\mong-lounge-site\massage\gyeonggi\yangpyeong\양평군-출장마사지-양평읍-용문-양서-주말-차량-이동과-외출-일정-허리-다리-피로-방문-홈케어\index.html","E:\mong-lounge-site\shops\gyeonggi\yangpyeong\서종면\한국미인테라피\index.html","신규"
"한국미인테라피","경기","경기","양평군","양동면","E:\mong-lounge-site\massage\gyeonggi\yangpyeong\양평군-출장마사지-양평읍-용문-양서-주말-차량-이동과-외출-일정-허리-다리-피로-방문-홈케어\index.html","E:\mong-lounge-site\shops\gyeonggi\yangpyeong\양동면\한국미인테라피\index.html","신규"
"한국미인테라피","경기","경기","양평군","양서면","E:\mong-lounge-site\massage\gyeonggi\yangpyeong\양평군-출장마사지-양평읍-용문-양서-주말-차량-이동과-외출-일정-허리-다리-피로-방문-홈케어\index.html","E:\mong-lounge-site\shops\gyeonggi\yangpyeong\양서면\한국미인테라피\index.html","신규"
"한국미인테라피","경기","경기","양평군","양평읍","E:\mong-lounge-site\massage\gyeonggi\yangpyeong\양평군-출장마사지-양평읍-용문-양서-주말-차량-이동과-외출-일정-허리-다리-피로-방문-홈케어\index.html","E:\mong-lounge-site\shops\gyeonggi\yangpyeong\양평읍\한국미인테라피\index.html","신규"
"한국미인테라피","경기","경기","양평군","옥천면","E:\mong-lounge-site\massage\gyeonggi\yangpyeong\양평군-출장마사지-양평읍-용문-양서-주말-차량-이동과-외출-일정-허리-다리-피로-방문-홈케어\index.html","E:\mong-lounge-site\shops\gyeonggi\yangpyeong\옥천면\한국미인테라피\index.html","신규"
"한국미인테라피","경기","경기","양평군","용문면","E:\mong-lounge-site\massage\gyeonggi\yangpyeong\양평군-출장마사지-양평읍-용문-양서-주말-차량-이동과-외출-일정-허리-다리-피로-방문-홈케어\index.html","E:\mong-lounge-site\shops\gyeonggi\yangpyeong\용문면\한국미인테라피\index.html","신규"
"한국미인테라피","경기","경기","양평군","지평면","E:\mong-lounge-site\massage\gyeonggi\yangpyeong\양평군-출장마사지-양평읍-용문-양서-주말-차량-이동과-외출-일정-허리-다리-피로-방문-홈케어\index.html","E:\mong-lounge-site\shops\gyeonggi\yangpyeong\지평면\한국미인테라피\index.html","신규"
"한국미인테라피","경기","경기","양평군","청운면","E:\mong-lounge-site\massage\gyeonggi\yangpyeong\양평군-출장마사지-양평읍-용문-양서-주말-차량-이동과-외출-일정-허리-다리-피로-방문-홈케어\index.html","E:\mong-lounge-site\shops\gyeonggi\yangpyeong\청운면\한국미인테라피\index.html","신규"
"한국미인테라피","경기","경기","여주시","가남읍","E:\mong-lounge-site\massage\gyeonggi\yeoju\여주시-출장마사지-오학-홍문-여주역-쇼핑-업무와-차량-이동이-겹친-날-다리-허리-피로-방문-홈케어\index.html","E:\mong-lounge-site\shops\gyeonggi\yeoju\가남읍\한국미인테라피\index.html","신규"
"한국미인테라피","경기","경기","여주시","강천면","E:\mong-lounge-site\massage\gyeonggi\yeoju\여주시-출장마사지-오학-홍문-여주역-쇼핑-업무와-차량-이동이-겹친-날-다리-허리-피로-방문-홈케어\index.html","E:\mong-lounge-site\shops\gyeonggi\yeoju\강천면\한국미인테라피\index.html","신규"
"한국미인테라피","경기","경기","여주시","금사면","E:\mong-lounge-site\massage\gyeonggi\yeoju\여주시-출장마사지-오학-홍문-여주역-쇼핑-업무와-차량-이동이-겹친-날-다리-허리-피로-방문-홈케어\index.html","E:\mong-lounge-site\shops\gyeonggi\yeoju\금사면\한국미인테라피\index.html","신규"
"한국미인테라피","경기","경기","여주시","대신면","E:\mong-lounge-site\massage\gyeonggi\yeoju\여주시-출장마사지-오학-홍문-여주역-쇼핑-업무와-차량-이동이-겹친-날-다리-허리-피로-방문-홈케어\index.html","E:\mong-lounge-site\shops\gyeonggi\yeoju\대신면\한국미인테라피\index.html","신규"
"한국미인테라피","경기","경기","여주시","북내면","E:\mong-lounge-site\massage\gyeonggi\yeoju\여주시-출장마사지-오학-홍문-여주역-쇼핑-업무와-차량-이동이-겹친-날-다리-허리-피로-방문-홈케어\index.html","E:\mong-lounge-site\shops\gyeonggi\yeoju\북내면\한국미인테라피\index.html","신규"
"한국미인테라피","경기","경기","여주시","산북면","E:\mong-lounge-site\massage\gyeonggi\yeoju\여주시-출장마사지-오학-홍문-여주역-쇼핑-업무와-차량-이동이-겹친-날-다리-허리-피로-방문-홈케어\index.html","E:\mong-lounge-site\shops\gyeonggi\yeoju\산북면\한국미인테라피\index.html","신규"
"한국미인테라피","경기","경기","여주시","세종대왕면","E:\mong-lounge-site\massage\gyeonggi\yeoju\여주시-출장마사지-오학-홍문-여주역-쇼핑-업무와-차량-이동이-겹친-날-다리-허리-피로-방문-홈케어\index.html","E:\mong-lounge-site\shops\gyeonggi\yeoju\세종대왕면\한국미인테라피\index.html","신규"
"한국미인테라피","경기","경기","여주시","여흥동","E:\mong-lounge-site\massage\gyeonggi\yeoju\여주시-출장마사지-오학-홍문-여주역-쇼핑-업무와-차량-이동이-겹친-날-다리-허리-피로-방문-홈케어\index.html","E:\mong-lounge-site\shops\gyeonggi\yeoju\여흥동\한국미인테라피\index.html","신규"
"한국미인테라피","경기","경기","여주시","오학동","E:\mong-lounge-site\massage\gyeonggi\yeoju\여주시-출장마사지-오학-홍문-여주역-쇼핑-업무와-차량-이동이-겹친-날-다리-허리-피로-방문-홈케어\index.html","E:\mong-lounge-site\shops\gyeonggi\yeoju\오학동\한국미인테라피\index.html","신규"
"한국미인테라피","경기","경기","여주시","점동면","E:\mong-lounge-site\massage\gyeonggi\yeoju\여주시-출장마사지-오학-홍문-여주역-쇼핑-업무와-차량-이동이-겹친-날-다리-허리-피로-방문-홈케어\index.html","E:\mong-lounge-site\shops\gyeonggi\yeoju\점동면\한국미인테라피\index.html","신규"
"한국미인테라피","경기","경기","여주시","중앙동","E:\mong-lounge-site\massage\gyeonggi\yeoju\여주시-출장마사지-오학-홍문-여주역-쇼핑-업무와-차량-이동이-겹친-날-다리-허리-피로-방문-홈케어\index.html","E:\mong-lounge-site\shops\gyeonggi\yeoju\중앙동\한국미인테라피\index.html","신규"
"한국미인테라피","경기","경기","여주시","흥천면","E:\mong-lounge-site\massage\gyeonggi\yeoju\여주시-출장마사지-오학-홍문-여주역-쇼핑-업무와-차량-이동이-겹친-날-다리-허리-피로-방문-홈케어\index.html","E:\mong-lounge-site\shops\gyeonggi\yeoju\흥천면\한국미인테라피\index.html","신규"
"한국미인테라피","경기","경기","연천군","군남면","E:\mong-lounge-site\massage\gyeonggi\yeoncheon\연천군-출장마사지-전곡-연천읍-청산-장거리-운전과-외곽-이동-허리-다리-피로-방문-홈케어\index.html","E:\mong-lounge-site\shops\gyeonggi\yeoncheon\군남면\한국미인테라피\index.html","신규"
"한국미인테라피","경기","경기","연천군","미산면","E:\mong-lounge-site\massage\gyeonggi\yeoncheon\연천군-출장마사지-전곡-연천읍-청산-장거리-운전과-외곽-이동-허리-다리-피로-방문-홈케어\index.html","E:\mong-lounge-site\shops\gyeonggi\yeoncheon\미산면\한국미인테라피\index.html","신규"
"한국미인테라피","경기","경기","연천군","백학면","E:\mong-lounge-site\massage\gyeonggi\yeoncheon\연천군-출장마사지-전곡-연천읍-청산-장거리-운전과-외곽-이동-허리-다리-피로-방문-홈케어\index.html","E:\mong-lounge-site\shops\gyeonggi\yeoncheon\백학면\한국미인테라피\index.html","신규"
"한국미인테라피","경기","경기","연천군","신서면","E:\mong-lounge-site\massage\gyeonggi\yeoncheon\연천군-출장마사지-전곡-연천읍-청산-장거리-운전과-외곽-이동-허리-다리-피로-방문-홈케어\index.html","E:\mong-lounge-site\shops\gyeonggi\yeoncheon\신서면\한국미인테라피\index.html","신규"
"한국미인테라피","경기","경기","연천군","연천읍","E:\mong-lounge-site\massage\gyeonggi\yeoncheon\연천군-출장마사지-전곡-연천읍-청산-장거리-운전과-외곽-이동-허리-다리-피로-방문-홈케어\index.html","E:\mong-lounge-site\shops\gyeonggi\yeoncheon\연천읍\한국미인테라피\index.html","신규"
"한국미인테라피","경기","경기","연천군","왕징면","E:\mong-lounge-site\massage\gyeonggi\yeoncheon\연천군-출장마사지-전곡-연천읍-청산-장거리-운전과-외곽-이동-허리-다리-피로-방문-홈케어\index.html","E:\mong-lounge-site\shops\gyeonggi\yeoncheon\왕징면\한국미인테라피\index.html","신규"
"한국미인테라피","경기","경기","연천군","장남면","E:\mong-lounge-site\massage\gyeonggi\yeoncheon\연천군-출장마사지-전곡-연천읍-청산-장거리-운전과-외곽-이동-허리-다리-피로-방문-홈케어\index.html","E:\mong-lounge-site\shops\gyeonggi\yeoncheon\장남면\한국미인테라피\index.html","신규"
"한국미인테라피","경기","경기","연천군","전곡읍","E:\mong-lounge-site\massage\gyeonggi\yeoncheon\연천군-출장마사지-전곡-연천읍-청산-장거리-운전과-외곽-이동-허리-다리-피로-방문-홈케어\index.html","E:\mong-lounge-site\shops\gyeonggi\yeoncheon\전곡읍\한국미인테라피\index.html","신규"
"한국미인테라피","경기","경기","연천군","중면","E:\mong-lounge-site\massage\gyeonggi\yeoncheon\연천군-출장마사지-전곡-연천읍-청산-장거리-운전과-외곽-이동-허리-다리-피로-방문-홈케어\index.html","E:\mong-lounge-site\shops\gyeonggi\yeoncheon\중면\한국미인테라피\index.html","신규"
"한국미인테라피","경기","경기","연천군","청산면","E:\mong-lounge-site\massage\gyeonggi\yeoncheon\연천군-출장마사지-전곡-연천읍-청산-장거리-운전과-외곽-이동-허리-다리-피로-방문-홈케어\index.html","E:\mong-lounge-site\shops\gyeonggi\yeoncheon\청산면\한국미인테라피\index.html","신규"
"한국미인테라피","경기","경기","오산시","남촌동","E:\mong-lounge-site\massage\gyeonggi\osan\오산시-출장마사지-세교-오산역-원동-출퇴근과-환승-이동이-길어진-날-목-다리-피로-방문-홈케어\index.html","E:\mong-lounge-site\shops\gyeonggi\osan\남촌동\한국미인테라피\index.html","신규"
"한국미인테라피","경기","경기","오산시","대원동","E:\mong-lounge-site\massage\gyeonggi\osan\오산시-출장마사지-세교-오산역-원동-출퇴근과-환승-이동이-길어진-날-목-다리-피로-방문-홈케어\index.html","E:\mong-lounge-site\shops\gyeonggi\osan\대원동\한국미인테라피\index.html","신규"
"한국미인테라피","경기","경기","오산시","세마동","E:\mong-lounge-site\massage\gyeonggi\osan\오산시-출장마사지-세교-오산역-원동-출퇴근과-환승-이동이-길어진-날-목-다리-피로-방문-홈케어\index.html","E:\mong-lounge-site\shops\gyeonggi\osan\세마동\한국미인테라피\index.html","신규"
"한국미인테라피","경기","경기","오산시","신장동","E:\mong-lounge-site\massage\gyeonggi\osan\오산시-출장마사지-세교-오산역-원동-출퇴근과-환승-이동이-길어진-날-목-다리-피로-방문-홈케어\index.html","E:\mong-lounge-site\shops\gyeonggi\osan\신장동\한국미인테라피\index.html","신규"
"한국미인테라피","경기","경기","오산시","중앙동","E:\mong-lounge-site\massage\gyeonggi\osan\오산시-출장마사지-세교-오산역-원동-출퇴근과-환승-이동이-길어진-날-목-다리-피로-방문-홈케어\index.html","E:\mong-lounge-site\shops\gyeonggi\osan\중앙동\한국미인테라피\index.html","신규"
"한국미인테라피","경기","경기","오산시","초평동","E:\mong-lounge-site\massage\gyeonggi\osan\오산시-출장마사지-세교-오산역-원동-출퇴근과-환승-이동이-길어진-날-목-다리-피로-방문-홈케어\index.html","E:\mong-lounge-site\shops\gyeonggi\osan\초평동\한국미인테라피\index.html","신규"
"한국미인테라피","경기","경기","용인시-기흥구","구갈동","E:\mong-lounge-site\massage\gyeonggi\yongin\giheung-gu\용인시-기흥구-출장마사지-동별-생활권-지역안내\index.html","E:\mong-lounge-site\shops\gyeonggi\yongin\giheung-gu\구갈동\한국미인테라피\index.html","신규"
"한국미인테라피","경기","경기","용인시-기흥구","구성동","E:\mong-lounge-site\massage\gyeonggi\yongin\giheung-gu\용인시-기흥구-출장마사지-동별-생활권-지역안내\index.html","E:\mong-lounge-site\shops\gyeonggi\yongin\giheung-gu\구성동\한국미인테라피\index.html","신규"
"한국미인테라피","경기","경기","용인시-기흥구","기흥동","E:\mong-lounge-site\massage\gyeonggi\yongin\giheung-gu\용인시-기흥구-출장마사지-동별-생활권-지역안내\index.html","E:\mong-lounge-site\shops\gyeonggi\yongin\giheung-gu\기흥동\한국미인테라피\index.html","신규"
"한국미인테라피","경기","경기","용인시-기흥구","동백동","E:\mong-lounge-site\massage\gyeonggi\yongin\giheung-gu\용인시-기흥구-출장마사지-동별-생활권-지역안내\index.html","E:\mong-lounge-site\shops\gyeonggi\yongin\giheung-gu\동백동\한국미인테라피\index.html","신규"
"한국미인테라피","경기","경기","용인시-기흥구","마북동","E:\mong-lounge-site\massage\gyeonggi\yongin\giheung-gu\용인시-기흥구-출장마사지-동별-생활권-지역안내\index.html","E:\mong-lounge-site\shops\gyeonggi\yongin\giheung-gu\마북동\한국미인테라피\index.html","신규"
"한국미인테라피","경기","경기","용인시-기흥구","보라동","E:\mong-lounge-site\massage\gyeonggi\yongin\giheung-gu\용인시-기흥구-출장마사지-동별-생활권-지역안내\index.html","E:\mong-lounge-site\shops\gyeonggi\yongin\giheung-gu\보라동\한국미인테라피\index.html","신규"
"한국미인테라피","경기","경기","용인시-기흥구","보정동","E:\mong-lounge-site\massage\gyeonggi\yongin\giheung-gu\용인시-기흥구-출장마사지-동별-생활권-지역안내\index.html","E:\mong-lounge-site\shops\gyeonggi\yongin\giheung-gu\보정동\한국미인테라피\index.html","신규"
"한국미인테라피","경기","경기","용인시-기흥구","상갈동","E:\mong-lounge-site\massage\gyeonggi\yongin\giheung-gu\용인시-기흥구-출장마사지-동별-생활권-지역안내\index.html","E:\mong-lounge-site\shops\gyeonggi\yongin\giheung-gu\상갈동\한국미인테라피\index.html","신규"
"한국미인테라피","경기","경기","용인시-기흥구","상하동","E:\mong-lounge-site\massage\gyeonggi\yongin\giheung-gu\용인시-기흥구-출장마사지-동별-생활권-지역안내\index.html","E:\mong-lounge-site\shops\gyeonggi\yongin\giheung-gu\상하동\한국미인테라피\index.html","신규"
"한국미인테라피","경기","경기","용인시-기흥구","서농동","E:\mong-lounge-site\massage\gyeonggi\yongin\giheung-gu\용인시-기흥구-출장마사지-동별-생활권-지역안내\index.html","E:\mong-lounge-site\shops\gyeonggi\yongin\giheung-gu\서농동\한국미인테라피\index.html","신규"
"한국미인테라피","경기","경기","용인시-기흥구","신갈동","E:\mong-lounge-site\massage\gyeonggi\yongin\giheung-gu\용인시-기흥구-출장마사지-동별-생활권-지역안내\index.html","E:\mong-lounge-site\shops\gyeonggi\yongin\giheung-gu\신갈동\한국미인테라피\index.html","신규"
"한국미인테라피","경기","경기","용인시-기흥구","영덕동","E:\mong-lounge-site\massage\gyeonggi\yongin\giheung-gu\용인시-기흥구-출장마사지-동별-생활권-지역안내\index.html","E:\mong-lounge-site\shops\gyeonggi\yongin\giheung-gu\영덕동\한국미인테라피\index.html","신규"
"한국미인테라피","경기","경기","용인시-수지구","동천동","E:\mong-lounge-site\massage\gyeonggi\yongin\suji-gu\용인시-수지구-출장마사지-동별-생활권-지역안내\index.html","E:\mong-lounge-site\shops\gyeonggi\yongin\suji-gu\동천동\한국미인테라피\index.html","신규"
"한국미인테라피","경기","경기","용인시-수지구","상현동","E:\mong-lounge-site\massage\gyeonggi\yongin\suji-gu\용인시-수지구-출장마사지-동별-생활권-지역안내\index.html","E:\mong-lounge-site\shops\gyeonggi\yongin\suji-gu\상현동\한국미인테라피\index.html","신규"
"한국미인테라피","경기","경기","용인시-수지구","성복동","E:\mong-lounge-site\massage\gyeonggi\yongin\suji-gu\용인시-수지구-출장마사지-동별-생활권-지역안내\index.html","E:\mong-lounge-site\shops\gyeonggi\yongin\suji-gu\성복동\한국미인테라피\index.html","신규"
"한국미인테라피","경기","경기","용인시-수지구","신봉동","E:\mong-lounge-site\massage\gyeonggi\yongin\suji-gu\용인시-수지구-출장마사지-동별-생활권-지역안내\index.html","E:\mong-lounge-site\shops\gyeonggi\yongin\suji-gu\신봉동\한국미인테라피\index.html","신규"
"한국미인테라피","경기","경기","용인시-수지구","죽전동","E:\mong-lounge-site\massage\gyeonggi\yongin\suji-gu\용인시-수지구-출장마사지-동별-생활권-지역안내\index.html","E:\mong-lounge-site\shops\gyeonggi\yongin\suji-gu\죽전동\한국미인테라피\index.html","신규"
"한국미인테라피","경기","경기","용인시-수지구","풍덕천동","E:\mong-lounge-site\massage\gyeonggi\yongin\suji-gu\용인시-수지구-출장마사지-동별-생활권-지역안내\index.html","E:\mong-lounge-site\shops\gyeonggi\yongin\suji-gu\풍덕천동\한국미인테라피\index.html","신규"
"한국미인테라피","경기","경기","용인시-처인구","남사읍","E:\mong-lounge-site\massage\gyeonggi\yongin\cheoin-gu\용인시-처인구-출장마사지-동별-생활권-지역안내\index.html","E:\mong-lounge-site\shops\gyeonggi\yongin\cheoin-gu\남사읍\한국미인테라피\index.html","신규"
"한국미인테라피","경기","경기","용인시-처인구","동부동","E:\mong-lounge-site\massage\gyeonggi\yongin\cheoin-gu\용인시-처인구-출장마사지-동별-생활권-지역안내\index.html","E:\mong-lounge-site\shops\gyeonggi\yongin\cheoin-gu\동부동\한국미인테라피\index.html","신규"
"한국미인테라피","경기","경기","용인시-처인구","모현읍","E:\mong-lounge-site\massage\gyeonggi\yongin\cheoin-gu\용인시-처인구-출장마사지-동별-생활권-지역안내\index.html","E:\mong-lounge-site\shops\gyeonggi\yongin\cheoin-gu\모현읍\한국미인테라피\index.html","신규"
"한국미인테라피","경기","경기","용인시-처인구","백암면","E:\mong-lounge-site\massage\gyeonggi\yongin\cheoin-gu\용인시-처인구-출장마사지-동별-생활권-지역안내\index.html","E:\mong-lounge-site\shops\gyeonggi\yongin\cheoin-gu\백암면\한국미인테라피\index.html","신규"
"한국미인테라피","경기","경기","용인시-처인구","삼가동","E:\mong-lounge-site\massage\gyeonggi\yongin\cheoin-gu\용인시-처인구-출장마사지-동별-생활권-지역안내\index.html","E:\mong-lounge-site\shops\gyeonggi\yongin\cheoin-gu\삼가동\한국미인테라피\index.html","신규"
"한국미인테라피","경기","경기","용인시-처인구","양지읍","E:\mong-lounge-site\massage\gyeonggi\yongin\cheoin-gu\용인시-처인구-출장마사지-동별-생활권-지역안내\index.html","E:\mong-lounge-site\shops\gyeonggi\yongin\cheoin-gu\양지읍\한국미인테라피\index.html","신규"
"한국미인테라피","경기","경기","용인시-처인구","역북동","E:\mong-lounge-site\massage\gyeonggi\yongin\cheoin-gu\용인시-처인구-출장마사지-동별-생활권-지역안내\index.html","E:\mong-lounge-site\shops\gyeonggi\yongin\cheoin-gu\역북동\한국미인테라피\index.html","신규"
"한국미인테라피","경기","경기","용인시-처인구","원삼면","E:\mong-lounge-site\massage\gyeonggi\yongin\cheoin-gu\용인시-처인구-출장마사지-동별-생활권-지역안내\index.html","E:\mong-lounge-site\shops\gyeonggi\yongin\cheoin-gu\원삼면\한국미인테라피\index.html","신규"
"한국미인테라피","경기","경기","용인시-처인구","유림동","E:\mong-lounge-site\massage\gyeonggi\yongin\cheoin-gu\용인시-처인구-출장마사지-동별-생활권-지역안내\index.html","E:\mong-lounge-site\shops\gyeonggi\yongin\cheoin-gu\유림동\한국미인테라피\index.html","신규"
"한국미인테라피","경기","경기","용인시-처인구","이동읍","E:\mong-lounge-site\massage\gyeonggi\yongin\cheoin-gu\용인시-처인구-출장마사지-동별-생활권-지역안내\index.html","E:\mong-lounge-site\shops\gyeonggi\yongin\cheoin-gu\이동읍\한국미인테라피\index.html","신규"
"한국미인테라피","경기","경기","용인시-처인구","중앙동","E:\mong-lounge-site\massage\gyeonggi\yongin\cheoin-gu\용인시-처인구-출장마사지-동별-생활권-지역안내\index.html","E:\mong-lounge-site\shops\gyeonggi\yongin\cheoin-gu\중앙동\한국미인테라피\index.html","신규"
"한국미인테라피","경기","경기","용인시-처인구","포곡읍","E:\mong-lounge-site\massage\gyeonggi\yongin\cheoin-gu\용인시-처인구-출장마사지-동별-생활권-지역안내\index.html","E:\mong-lounge-site\shops\gyeonggi\yongin\cheoin-gu\포곡읍\한국미인테라피\index.html","신규"
"한국미인테라피","경기","경기","의왕시","고천동","E:\mong-lounge-site\massage\gyeonggi\uiwang\의왕시-출장마사지-내손-포일-오전-오피스-통근과-장시간-앉은-업무-목-허리-피로-방문-홈케어\index.html","E:\mong-lounge-site\shops\gyeonggi\uiwang\고천동\한국미인테라피\index.html","신규"
"한국미인테라피","경기","경기","의왕시","내손동","E:\mong-lounge-site\massage\gyeonggi\uiwang\의왕시-출장마사지-내손-포일-오전-오피스-통근과-장시간-앉은-업무-목-허리-피로-방문-홈케어\index.html","E:\mong-lounge-site\shops\gyeonggi\uiwang\내손동\한국미인테라피\index.html","신규"
"한국미인테라피","경기","경기","의왕시","부곡동","E:\mong-lounge-site\massage\gyeonggi\uiwang\의왕시-출장마사지-내손-포일-오전-오피스-통근과-장시간-앉은-업무-목-허리-피로-방문-홈케어\index.html","E:\mong-lounge-site\shops\gyeonggi\uiwang\부곡동\한국미인테라피\index.html","신규"
"한국미인테라피","경기","경기","의왕시","오전동","E:\mong-lounge-site\massage\gyeonggi\uiwang\의왕시-출장마사지-내손-포일-오전-오피스-통근과-장시간-앉은-업무-목-허리-피로-방문-홈케어\index.html","E:\mong-lounge-site\shops\gyeonggi\uiwang\오전동\한국미인테라피\index.html","신규"
"한국미인테라피","경기","경기","의왕시","청계동","E:\mong-lounge-site\massage\gyeonggi\uiwang\의왕시-출장마사지-내손-포일-오전-오피스-통근과-장시간-앉은-업무-목-허리-피로-방문-홈케어\index.html","E:\mong-lounge-site\shops\gyeonggi\uiwang\청계동\한국미인테라피\index.html","신규"
"한국미인테라피","경기","경기","의정부시","가능동","E:\mong-lounge-site\massage\gyeonggi\uijeongbu\의정부시-출장마사지-민락-회룡-의정부역-통근과-생활-이동이-겹친-날-허리-다리-피로-방문-홈케어\index.html","E:\mong-lounge-site\shops\gyeonggi\uijeongbu\가능동\한국미인테라피\index.html","신규"
"한국미인테라피","경기","경기","의정부시","고산동","E:\mong-lounge-site\massage\gyeonggi\uijeongbu\의정부시-출장마사지-민락-회룡-의정부역-통근과-생활-이동이-겹친-날-허리-다리-피로-방문-홈케어\index.html","E:\mong-lounge-site\shops\gyeonggi\uijeongbu\고산동\한국미인테라피\index.html","신규"
"한국미인테라피","경기","경기","의정부시","녹양동","E:\mong-lounge-site\massage\gyeonggi\uijeongbu\의정부시-출장마사지-민락-회룡-의정부역-통근과-생활-이동이-겹친-날-허리-다리-피로-방문-홈케어\index.html","E:\mong-lounge-site\shops\gyeonggi\uijeongbu\녹양동\한국미인테라피\index.html","신규"
"한국미인테라피","경기","경기","의정부시","송산동","E:\mong-lounge-site\massage\gyeonggi\uijeongbu\의정부시-출장마사지-민락-회룡-의정부역-통근과-생활-이동이-겹친-날-허리-다리-피로-방문-홈케어\index.html","E:\mong-lounge-site\shops\gyeonggi\uijeongbu\송산동\한국미인테라피\index.html","신규"
"한국미인테라피","경기","경기","의정부시","신곡동","E:\mong-lounge-site\massage\gyeonggi\uijeongbu\의정부시-출장마사지-민락-회룡-의정부역-통근과-생활-이동이-겹친-날-허리-다리-피로-방문-홈케어\index.html","E:\mong-lounge-site\shops\gyeonggi\uijeongbu\신곡동\한국미인테라피\index.html","신규"
"한국미인테라피","경기","경기","의정부시","의정부동","E:\mong-lounge-site\massage\gyeonggi\uijeongbu\의정부시-출장마사지-민락-회룡-의정부역-통근과-생활-이동이-겹친-날-허리-다리-피로-방문-홈케어\index.html","E:\mong-lounge-site\shops\gyeonggi\uijeongbu\의정부동\한국미인테라피\index.html","신규"
"한국미인테라피","경기","경기","의정부시","자금동","E:\mong-lounge-site\massage\gyeonggi\uijeongbu\의정부시-출장마사지-민락-회룡-의정부역-통근과-생활-이동이-겹친-날-허리-다리-피로-방문-홈케어\index.html","E:\mong-lounge-site\shops\gyeonggi\uijeongbu\자금동\한국미인테라피\index.html","신규"
"한국미인테라피","경기","경기","의정부시","장암동","E:\mong-lounge-site\massage\gyeonggi\uijeongbu\의정부시-출장마사지-민락-회룡-의정부역-통근과-생활-이동이-겹친-날-허리-다리-피로-방문-홈케어\index.html","E:\mong-lounge-site\shops\gyeonggi\uijeongbu\장암동\한국미인테라피\index.html","신규"
"한국미인테라피","경기","경기","의정부시","호원동","E:\mong-lounge-site\massage\gyeonggi\uijeongbu\의정부시-출장마사지-민락-회룡-의정부역-통근과-생활-이동이-겹친-날-허리-다리-피로-방문-홈케어\index.html","E:\mong-lounge-site\shops\gyeonggi\uijeongbu\호원동\한국미인테라피\index.html","신규"
"한국미인테라피","경기","경기","의정부시","흥선동","E:\mong-lounge-site\massage\gyeonggi\uijeongbu\의정부시-출장마사지-민락-회룡-의정부역-통근과-생활-이동이-겹친-날-허리-다리-피로-방문-홈케어\index.html","E:\mong-lounge-site\shops\gyeonggi\uijeongbu\흥선동\한국미인테라피\index.html","신규"
"한국미인테라피","경기","경기","이천시","관고동","E:\mong-lounge-site\massage\gyeonggi\icheon\이천시-출장마사지-창전-부발-증포-물류-산업-업무와-장시간-이동-어깨-허리-피로-방문-홈케어\index.html","E:\mong-lounge-site\shops\gyeonggi\icheon\관고동\한국미인테라피\index.html","신규"
"한국미인테라피","경기","경기","이천시","대월면","E:\mong-lounge-site\massage\gyeonggi\icheon\이천시-출장마사지-창전-부발-증포-물류-산업-업무와-장시간-이동-어깨-허리-피로-방문-홈케어\index.html","E:\mong-lounge-site\shops\gyeonggi\icheon\대월면\한국미인테라피\index.html","신규"
"한국미인테라피","경기","경기","이천시","마장면","E:\mong-lounge-site\massage\gyeonggi\icheon\이천시-출장마사지-창전-부발-증포-물류-산업-업무와-장시간-이동-어깨-허리-피로-방문-홈케어\index.html","E:\mong-lounge-site\shops\gyeonggi\icheon\마장면\한국미인테라피\index.html","신규"
"한국미인테라피","경기","경기","이천시","모가면","E:\mong-lounge-site\massage\gyeonggi\icheon\이천시-출장마사지-창전-부발-증포-물류-산업-업무와-장시간-이동-어깨-허리-피로-방문-홈케어\index.html","E:\mong-lounge-site\shops\gyeonggi\icheon\모가면\한국미인테라피\index.html","신규"
"한국미인테라피","경기","경기","이천시","백사면","E:\mong-lounge-site\massage\gyeonggi\icheon\이천시-출장마사지-창전-부발-증포-물류-산업-업무와-장시간-이동-어깨-허리-피로-방문-홈케어\index.html","E:\mong-lounge-site\shops\gyeonggi\icheon\백사면\한국미인테라피\index.html","신규"
"한국미인테라피","경기","경기","이천시","부발읍","E:\mong-lounge-site\massage\gyeonggi\icheon\이천시-출장마사지-창전-부발-증포-물류-산업-업무와-장시간-이동-어깨-허리-피로-방문-홈케어\index.html","E:\mong-lounge-site\shops\gyeonggi\icheon\부발읍\한국미인테라피\index.html","신규"
"한국미인테라피","경기","경기","이천시","설성면","E:\mong-lounge-site\massage\gyeonggi\icheon\이천시-출장마사지-창전-부발-증포-물류-산업-업무와-장시간-이동-어깨-허리-피로-방문-홈케어\index.html","E:\mong-lounge-site\shops\gyeonggi\icheon\설성면\한국미인테라피\index.html","신규"
"한국미인테라피","경기","경기","이천시","신둔면","E:\mong-lounge-site\massage\gyeonggi\icheon\이천시-출장마사지-창전-부발-증포-물류-산업-업무와-장시간-이동-어깨-허리-피로-방문-홈케어\index.html","E:\mong-lounge-site\shops\gyeonggi\icheon\신둔면\한국미인테라피\index.html","신규"
"한국미인테라피","경기","경기","이천시","율면","E:\mong-lounge-site\massage\gyeonggi\icheon\이천시-출장마사지-창전-부발-증포-물류-산업-업무와-장시간-이동-어깨-허리-피로-방문-홈케어\index.html","E:\mong-lounge-site\shops\gyeonggi\icheon\율면\한국미인테라피\index.html","신규"
"한국미인테라피","경기","경기","이천시","장호원읍","E:\mong-lounge-site\massage\gyeonggi\icheon\이천시-출장마사지-창전-부발-증포-물류-산업-업무와-장시간-이동-어깨-허리-피로-방문-홈케어\index.html","E:\mong-lounge-site\shops\gyeonggi\icheon\장호원읍\한국미인테라피\index.html","신규"
"한국미인테라피","경기","경기","이천시","중리동","E:\mong-lounge-site\massage\gyeonggi\icheon\이천시-출장마사지-창전-부발-증포-물류-산업-업무와-장시간-이동-어깨-허리-피로-방문-홈케어\index.html","E:\mong-lounge-site\shops\gyeonggi\icheon\중리동\한국미인테라피\index.html","신규"
"한국미인테라피","경기","경기","이천시","증포동","E:\mong-lounge-site\massage\gyeonggi\icheon\이천시-출장마사지-창전-부발-증포-물류-산업-업무와-장시간-이동-어깨-허리-피로-방문-홈케어\index.html","E:\mong-lounge-site\shops\gyeonggi\icheon\증포동\한국미인테라피\index.html","신규"
"한국미인테라피","경기","경기","이천시","창전동","E:\mong-lounge-site\massage\gyeonggi\icheon\이천시-출장마사지-창전-부발-증포-물류-산업-업무와-장시간-이동-어깨-허리-피로-방문-홈케어\index.html","E:\mong-lounge-site\shops\gyeonggi\icheon\창전동\한국미인테라피\index.html","신규"
"한국미인테라피","경기","경기","이천시","호법면","E:\mong-lounge-site\massage\gyeonggi\icheon\이천시-출장마사지-창전-부발-증포-물류-산업-업무와-장시간-이동-어깨-허리-피로-방문-홈케어\index.html","E:\mong-lounge-site\shops\gyeonggi\icheon\호법면\한국미인테라피\index.html","신규"
"한국미인테라피","경기","경기","파주시","광탄면","E:\mong-lounge-site\massage\gyeonggi\paju\파주시-출장마사지-운정-금촌-문산-차량-통근과-장시간-운전-허리-어깨-피로-방문-홈케어\index.html","E:\mong-lounge-site\shops\gyeonggi\paju\광탄면\한국미인테라피\index.html","신규"
"한국미인테라피","경기","경기","파주시","교하동","E:\mong-lounge-site\massage\gyeonggi\paju\파주시-출장마사지-운정-금촌-문산-차량-통근과-장시간-운전-허리-어깨-피로-방문-홈케어\index.html","E:\mong-lounge-site\shops\gyeonggi\paju\교하동\한국미인테라피\index.html","신규"
"한국미인테라피","경기","경기","파주시","금촌동","E:\mong-lounge-site\massage\gyeonggi\paju\파주시-출장마사지-운정-금촌-문산-차량-통근과-장시간-운전-허리-어깨-피로-방문-홈케어\index.html","E:\mong-lounge-site\shops\gyeonggi\paju\금촌동\한국미인테라피\index.html","신규"
"한국미인테라피","경기","경기","파주시","문산읍","E:\mong-lounge-site\massage\gyeonggi\paju\파주시-출장마사지-운정-금촌-문산-차량-통근과-장시간-운전-허리-어깨-피로-방문-홈케어\index.html","E:\mong-lounge-site\shops\gyeonggi\paju\문산읍\한국미인테라피\index.html","신규"
"한국미인테라피","경기","경기","파주시","법원읍","E:\mong-lounge-site\massage\gyeonggi\paju\파주시-출장마사지-운정-금촌-문산-차량-통근과-장시간-운전-허리-어깨-피로-방문-홈케어\index.html","E:\mong-lounge-site\shops\gyeonggi\paju\법원읍\한국미인테라피\index.html","신규"
"한국미인테라피","경기","경기","파주시","운정동","E:\mong-lounge-site\massage\gyeonggi\paju\파주시-출장마사지-운정-금촌-문산-차량-통근과-장시간-운전-허리-어깨-피로-방문-홈케어\index.html","E:\mong-lounge-site\shops\gyeonggi\paju\운정동\한국미인테라피\index.html","신규"
"한국미인테라피","경기","경기","파주시","월롱면","E:\mong-lounge-site\massage\gyeonggi\paju\파주시-출장마사지-운정-금촌-문산-차량-통근과-장시간-운전-허리-어깨-피로-방문-홈케어\index.html","E:\mong-lounge-site\shops\gyeonggi\paju\월롱면\한국미인테라피\index.html","신규"
"한국미인테라피","경기","경기","파주시","장단면","E:\mong-lounge-site\massage\gyeonggi\paju\파주시-출장마사지-운정-금촌-문산-차량-통근과-장시간-운전-허리-어깨-피로-방문-홈케어\index.html","E:\mong-lounge-site\shops\gyeonggi\paju\장단면\한국미인테라피\index.html","신규"
"한국미인테라피","경기","경기","파주시","적성면","E:\mong-lounge-site\massage\gyeonggi\paju\파주시-출장마사지-운정-금촌-문산-차량-통근과-장시간-운전-허리-어깨-피로-방문-홈케어\index.html","E:\mong-lounge-site\shops\gyeonggi\paju\적성면\한국미인테라피\index.html","신규"
"한국미인테라피","경기","경기","파주시","조리읍","E:\mong-lounge-site\massage\gyeonggi\paju\파주시-출장마사지-운정-금촌-문산-차량-통근과-장시간-운전-허리-어깨-피로-방문-홈케어\index.html","E:\mong-lounge-site\shops\gyeonggi\paju\조리읍\한국미인테라피\index.html","신규"
"한국미인테라피","경기","경기","파주시","탄현면","E:\mong-lounge-site\massage\gyeonggi\paju\파주시-출장마사지-운정-금촌-문산-차량-통근과-장시간-운전-허리-어깨-피로-방문-홈케어\index.html","E:\mong-lounge-site\shops\gyeonggi\paju\탄현면\한국미인테라피\index.html","신규"
"한국미인테라피","경기","경기","파주시","파주읍","E:\mong-lounge-site\massage\gyeonggi\paju\파주시-출장마사지-운정-금촌-문산-차량-통근과-장시간-운전-허리-어깨-피로-방문-홈케어\index.html","E:\mong-lounge-site\shops\gyeonggi\paju\파주읍\한국미인테라피\index.html","신규"
"한국미인테라피","경기","경기","파주시","파평면","E:\mong-lounge-site\massage\gyeonggi\paju\파주시-출장마사지-운정-금촌-문산-차량-통근과-장시간-운전-허리-어깨-피로-방문-홈케어\index.html","E:\mong-lounge-site\shops\gyeonggi\paju\파평면\한국미인테라피\index.html","신규"
"한국미인테라피","경기","경기","평택시","고덕동","E:\mong-lounge-site\massage\gyeonggi\pyeongtaek\평택시-출장마사지-고덕-송탄-평택역-교대-근무와-장시간-이동-다리-어깨-피로-방문-홈케어\index.html","E:\mong-lounge-site\shops\gyeonggi\pyeongtaek\고덕동\한국미인테라피\index.html","신규"
"한국미인테라피","경기","경기","평택시","고덕면","E:\mong-lounge-site\massage\gyeonggi\pyeongtaek\평택시-출장마사지-고덕-송탄-평택역-교대-근무와-장시간-이동-다리-어깨-피로-방문-홈케어\index.html","E:\mong-lounge-site\shops\gyeonggi\pyeongtaek\고덕면\한국미인테라피\index.html","신규"
"한국미인테라피","경기","경기","평택시","동삭동","E:\mong-lounge-site\massage\gyeonggi\pyeongtaek\평택시-출장마사지-고덕-송탄-평택역-교대-근무와-장시간-이동-다리-어깨-피로-방문-홈케어\index.html","E:\mong-lounge-site\shops\gyeonggi\pyeongtaek\동삭동\한국미인테라피\index.html","신규"
"한국미인테라피","경기","경기","평택시","비전동","E:\mong-lounge-site\massage\gyeonggi\pyeongtaek\평택시-출장마사지-고덕-송탄-평택역-교대-근무와-장시간-이동-다리-어깨-피로-방문-홈케어\index.html","E:\mong-lounge-site\shops\gyeonggi\pyeongtaek\비전동\한국미인테라피\index.html","신규"
"한국미인테라피","경기","경기","평택시","서정동","E:\mong-lounge-site\massage\gyeonggi\pyeongtaek\평택시-출장마사지-고덕-송탄-평택역-교대-근무와-장시간-이동-다리-어깨-피로-방문-홈케어\index.html","E:\mong-lounge-site\shops\gyeonggi\pyeongtaek\서정동\한국미인테라피\index.html","신규"
"한국미인테라피","경기","경기","평택시","서탄면","E:\mong-lounge-site\massage\gyeonggi\pyeongtaek\평택시-출장마사지-고덕-송탄-평택역-교대-근무와-장시간-이동-다리-어깨-피로-방문-홈케어\index.html","E:\mong-lounge-site\shops\gyeonggi\pyeongtaek\서탄면\한국미인테라피\index.html","신규"
"한국미인테라피","경기","경기","평택시","세교동","E:\mong-lounge-site\massage\gyeonggi\pyeongtaek\평택시-출장마사지-고덕-송탄-평택역-교대-근무와-장시간-이동-다리-어깨-피로-방문-홈케어\index.html","E:\mong-lounge-site\shops\gyeonggi\pyeongtaek\세교동\한국미인테라피\index.html","신규"
"한국미인테라피","경기","경기","평택시","송북동","E:\mong-lounge-site\massage\gyeonggi\pyeongtaek\평택시-출장마사지-고덕-송탄-평택역-교대-근무와-장시간-이동-다리-어깨-피로-방문-홈케어\index.html","E:\mong-lounge-site\shops\gyeonggi\pyeongtaek\송북동\한국미인테라피\index.html","신규"
"한국미인테라피","경기","경기","평택시","송탄동","E:\mong-lounge-site\massage\gyeonggi\pyeongtaek\평택시-출장마사지-고덕-송탄-평택역-교대-근무와-장시간-이동-다리-어깨-피로-방문-홈케어\index.html","E:\mong-lounge-site\shops\gyeonggi\pyeongtaek\송탄동\한국미인테라피\index.html","신규"
"한국미인테라피","경기","경기","평택시","신장동","E:\mong-lounge-site\massage\gyeonggi\pyeongtaek\평택시-출장마사지-고덕-송탄-평택역-교대-근무와-장시간-이동-다리-어깨-피로-방문-홈케어\index.html","E:\mong-lounge-site\shops\gyeonggi\pyeongtaek\신장동\한국미인테라피\index.html","신규"
"한국미인테라피","경기","경기","평택시","신평동","E:\mong-lounge-site\massage\gyeonggi\pyeongtaek\평택시-출장마사지-고덕-송탄-평택역-교대-근무와-장시간-이동-다리-어깨-피로-방문-홈케어\index.html","E:\mong-lounge-site\shops\gyeonggi\pyeongtaek\신평동\한국미인테라피\index.html","신규"
"한국미인테라피","경기","경기","평택시","안중읍","E:\mong-lounge-site\massage\gyeonggi\pyeongtaek\평택시-출장마사지-고덕-송탄-평택역-교대-근무와-장시간-이동-다리-어깨-피로-방문-홈케어\index.html","E:\mong-lounge-site\shops\gyeonggi\pyeongtaek\안중읍\한국미인테라피\index.html","신규"
"한국미인테라피","경기","경기","평택시","오성면","E:\mong-lounge-site\massage\gyeonggi\pyeongtaek\평택시-출장마사지-고덕-송탄-평택역-교대-근무와-장시간-이동-다리-어깨-피로-방문-홈케어\index.html","E:\mong-lounge-site\shops\gyeonggi\pyeongtaek\오성면\한국미인테라피\index.html","신규"
"한국미인테라피","경기","경기","평택시","용이동","E:\mong-lounge-site\massage\gyeonggi\pyeongtaek\평택시-출장마사지-고덕-송탄-평택역-교대-근무와-장시간-이동-다리-어깨-피로-방문-홈케어\index.html","E:\mong-lounge-site\shops\gyeonggi\pyeongtaek\용이동\한국미인테라피\index.html","신규"
"한국미인테라피","경기","경기","평택시","원평동","E:\mong-lounge-site\massage\gyeonggi\pyeongtaek\평택시-출장마사지-고덕-송탄-평택역-교대-근무와-장시간-이동-다리-어깨-피로-방문-홈케어\index.html","E:\mong-lounge-site\shops\gyeonggi\pyeongtaek\원평동\한국미인테라피\index.html","신규"
"한국미인테라피","경기","경기","평택시","중앙동","E:\mong-lounge-site\massage\gyeonggi\pyeongtaek\평택시-출장마사지-고덕-송탄-평택역-교대-근무와-장시간-이동-다리-어깨-피로-방문-홈케어\index.html","E:\mong-lounge-site\shops\gyeonggi\pyeongtaek\중앙동\한국미인테라피\index.html","신규"
"한국미인테라피","경기","경기","평택시","지산동","E:\mong-lounge-site\massage\gyeonggi\pyeongtaek\평택시-출장마사지-고덕-송탄-평택역-교대-근무와-장시간-이동-다리-어깨-피로-방문-홈케어\index.html","E:\mong-lounge-site\shops\gyeonggi\pyeongtaek\지산동\한국미인테라피\index.html","신규"
"한국미인테라피","경기","경기","평택시","진위면","E:\mong-lounge-site\massage\gyeonggi\pyeongtaek\평택시-출장마사지-고덕-송탄-평택역-교대-근무와-장시간-이동-다리-어깨-피로-방문-홈케어\index.html","E:\mong-lounge-site\shops\gyeonggi\pyeongtaek\진위면\한국미인테라피\index.html","신규"
"한국미인테라피","경기","경기","평택시","청북읍","E:\mong-lounge-site\massage\gyeonggi\pyeongtaek\평택시-출장마사지-고덕-송탄-평택역-교대-근무와-장시간-이동-다리-어깨-피로-방문-홈케어\index.html","E:\mong-lounge-site\shops\gyeonggi\pyeongtaek\청북읍\한국미인테라피\index.html","신규"
"한국미인테라피","경기","경기","평택시","통복동","E:\mong-lounge-site\massage\gyeonggi\pyeongtaek\평택시-출장마사지-고덕-송탄-평택역-교대-근무와-장시간-이동-다리-어깨-피로-방문-홈케어\index.html","E:\mong-lounge-site\shops\gyeonggi\pyeongtaek\통복동\한국미인테라피\index.html","신규"
"한국미인테라피","경기","경기","평택시","팽성읍","E:\mong-lounge-site\massage\gyeonggi\pyeongtaek\평택시-출장마사지-고덕-송탄-평택역-교대-근무와-장시간-이동-다리-어깨-피로-방문-홈케어\index.html","E:\mong-lounge-site\shops\gyeonggi\pyeongtaek\팽성읍\한국미인테라피\index.html","신규"
"한국미인테라피","경기","경기","평택시","포승읍","E:\mong-lounge-site\massage\gyeonggi\pyeongtaek\평택시-출장마사지-고덕-송탄-평택역-교대-근무와-장시간-이동-다리-어깨-피로-방문-홈케어\index.html","E:\mong-lounge-site\shops\gyeonggi\pyeongtaek\포승읍\한국미인테라피\index.html","신규"
"한국미인테라피","경기","경기","평택시","현덕면","E:\mong-lounge-site\massage\gyeonggi\pyeongtaek\평택시-출장마사지-고덕-송탄-평택역-교대-근무와-장시간-이동-다리-어깨-피로-방문-홈케어\index.html","E:\mong-lounge-site\shops\gyeonggi\pyeongtaek\현덕면\한국미인테라피\index.html","신규"
"한국미인테라피","경기","경기","포천시","가산면","E:\mong-lounge-site\massage\gyeonggi\pocheon\포천시-출장마사지-소흘-송우리-포천동-장거리-차량-이동과-현장-일정-허리-어깨-피로-방문-홈케어\index.html","E:\mong-lounge-site\shops\gyeonggi\pocheon\가산면\한국미인테라피\index.html","신규"
"한국미인테라피","경기","경기","포천시","관인면","E:\mong-lounge-site\massage\gyeonggi\pocheon\포천시-출장마사지-소흘-송우리-포천동-장거리-차량-이동과-현장-일정-허리-어깨-피로-방문-홈케어\index.html","E:\mong-lounge-site\shops\gyeonggi\pocheon\관인면\한국미인테라피\index.html","신규"
"한국미인테라피","경기","경기","포천시","군내면","E:\mong-lounge-site\massage\gyeonggi\pocheon\포천시-출장마사지-소흘-송우리-포천동-장거리-차량-이동과-현장-일정-허리-어깨-피로-방문-홈케어\index.html","E:\mong-lounge-site\shops\gyeonggi\pocheon\군내면\한국미인테라피\index.html","신규"
"한국미인테라피","경기","경기","포천시","내촌면","E:\mong-lounge-site\massage\gyeonggi\pocheon\포천시-출장마사지-소흘-송우리-포천동-장거리-차량-이동과-현장-일정-허리-어깨-피로-방문-홈케어\index.html","E:\mong-lounge-site\shops\gyeonggi\pocheon\내촌면\한국미인테라피\index.html","신규"
"한국미인테라피","경기","경기","포천시","선단동","E:\mong-lounge-site\massage\gyeonggi\pocheon\포천시-출장마사지-소흘-송우리-포천동-장거리-차량-이동과-현장-일정-허리-어깨-피로-방문-홈케어\index.html","E:\mong-lounge-site\shops\gyeonggi\pocheon\선단동\한국미인테라피\index.html","신규"
"한국미인테라피","경기","경기","포천시","소흘읍","E:\mong-lounge-site\massage\gyeonggi\pocheon\포천시-출장마사지-소흘-송우리-포천동-장거리-차량-이동과-현장-일정-허리-어깨-피로-방문-홈케어\index.html","E:\mong-lounge-site\shops\gyeonggi\pocheon\소흘읍\한국미인테라피\index.html","신규"
"한국미인테라피","경기","경기","포천시","신북면","E:\mong-lounge-site\massage\gyeonggi\pocheon\포천시-출장마사지-소흘-송우리-포천동-장거리-차량-이동과-현장-일정-허리-어깨-피로-방문-홈케어\index.html","E:\mong-lounge-site\shops\gyeonggi\pocheon\신북면\한국미인테라피\index.html","신규"
"한국미인테라피","경기","경기","포천시","영북면","E:\mong-lounge-site\massage\gyeonggi\pocheon\포천시-출장마사지-소흘-송우리-포천동-장거리-차량-이동과-현장-일정-허리-어깨-피로-방문-홈케어\index.html","E:\mong-lounge-site\shops\gyeonggi\pocheon\영북면\한국미인테라피\index.html","신규"
"한국미인테라피","경기","경기","포천시","영중면","E:\mong-lounge-site\massage\gyeonggi\pocheon\포천시-출장마사지-소흘-송우리-포천동-장거리-차량-이동과-현장-일정-허리-어깨-피로-방문-홈케어\index.html","E:\mong-lounge-site\shops\gyeonggi\pocheon\영중면\한국미인테라피\index.html","신규"
"한국미인테라피","경기","경기","포천시","이동면","E:\mong-lounge-site\massage\gyeonggi\pocheon\포천시-출장마사지-소흘-송우리-포천동-장거리-차량-이동과-현장-일정-허리-어깨-피로-방문-홈케어\index.html","E:\mong-lounge-site\shops\gyeonggi\pocheon\이동면\한국미인테라피\index.html","신규"
"한국미인테라피","경기","경기","포천시","일동면","E:\mong-lounge-site\massage\gyeonggi\pocheon\포천시-출장마사지-소흘-송우리-포천동-장거리-차량-이동과-현장-일정-허리-어깨-피로-방문-홈케어\index.html","E:\mong-lounge-site\shops\gyeonggi\pocheon\일동면\한국미인테라피\index.html","신규"
"한국미인테라피","경기","경기","포천시","창수면","E:\mong-lounge-site\massage\gyeonggi\pocheon\포천시-출장마사지-소흘-송우리-포천동-장거리-차량-이동과-현장-일정-허리-어깨-피로-방문-홈케어\index.html","E:\mong-lounge-site\shops\gyeonggi\pocheon\창수면\한국미인테라피\index.html","신규"
"한국미인테라피","경기","경기","포천시","포천동","E:\mong-lounge-site\massage\gyeonggi\pocheon\포천시-출장마사지-소흘-송우리-포천동-장거리-차량-이동과-현장-일정-허리-어깨-피로-방문-홈케어\index.html","E:\mong-lounge-site\shops\gyeonggi\pocheon\포천동\한국미인테라피\index.html","신규"
"한국미인테라피","경기","경기","포천시","화현면","E:\mong-lounge-site\massage\gyeonggi\pocheon\포천시-출장마사지-소흘-송우리-포천동-장거리-차량-이동과-현장-일정-허리-어깨-피로-방문-홈케어\index.html","E:\mong-lounge-site\shops\gyeonggi\pocheon\화현면\한국미인테라피\index.html","신규"
"한국미인테라피","경기","경기","하남시","감북동","E:\mong-lounge-site\massage\gyeonggi\hanam\하남시-출장마사지-미사-감일-덕풍-신도시-생활과-집안-정리-일정-어깨-허리-피로-방문-홈케어\index.html","E:\mong-lounge-site\shops\gyeonggi\hanam\감북동\한국미인테라피\index.html","신규"
"한국미인테라피","경기","경기","하남시","감일동","E:\mong-lounge-site\massage\gyeonggi\hanam\하남시-출장마사지-미사-감일-덕풍-신도시-생활과-집안-정리-일정-어깨-허리-피로-방문-홈케어\index.html","E:\mong-lounge-site\shops\gyeonggi\hanam\감일동\한국미인테라피\index.html","신규"
"한국미인테라피","경기","경기","하남시","덕풍동","E:\mong-lounge-site\massage\gyeonggi\hanam\하남시-출장마사지-미사-감일-덕풍-신도시-생활과-집안-정리-일정-어깨-허리-피로-방문-홈케어\index.html","E:\mong-lounge-site\shops\gyeonggi\hanam\덕풍동\한국미인테라피\index.html","신규"
"한국미인테라피","경기","경기","하남시","미사동","E:\mong-lounge-site\massage\gyeonggi\hanam\하남시-출장마사지-미사-감일-덕풍-신도시-생활과-집안-정리-일정-어깨-허리-피로-방문-홈케어\index.html","E:\mong-lounge-site\shops\gyeonggi\hanam\미사동\한국미인테라피\index.html","신규"
"한국미인테라피","경기","경기","하남시","신장동","E:\mong-lounge-site\massage\gyeonggi\hanam\하남시-출장마사지-미사-감일-덕풍-신도시-생활과-집안-정리-일정-어깨-허리-피로-방문-홈케어\index.html","E:\mong-lounge-site\shops\gyeonggi\hanam\신장동\한국미인테라피\index.html","신규"
"한국미인테라피","경기","경기","하남시","위례동","E:\mong-lounge-site\massage\gyeonggi\hanam\하남시-출장마사지-미사-감일-덕풍-신도시-생활과-집안-정리-일정-어깨-허리-피로-방문-홈케어\index.html","E:\mong-lounge-site\shops\gyeonggi\hanam\위례동\한국미인테라피\index.html","신규"
"한국미인테라피","경기","경기","하남시","천현동","E:\mong-lounge-site\massage\gyeonggi\hanam\하남시-출장마사지-미사-감일-덕풍-신도시-생활과-집안-정리-일정-어깨-허리-피로-방문-홈케어\index.html","E:\mong-lounge-site\shops\gyeonggi\hanam\천현동\한국미인테라피\index.html","신규"
"한국미인테라피","경기","경기","하남시","초이동","E:\mong-lounge-site\massage\gyeonggi\hanam\하남시-출장마사지-미사-감일-덕풍-신도시-생활과-집안-정리-일정-어깨-허리-피로-방문-홈케어\index.html","E:\mong-lounge-site\shops\gyeonggi\hanam\초이동\한국미인테라피\index.html","신규"
"한국미인테라피","경기","경기","하남시","춘궁동","E:\mong-lounge-site\massage\gyeonggi\hanam\하남시-출장마사지-미사-감일-덕풍-신도시-생활과-집안-정리-일정-어깨-허리-피로-방문-홈케어\index.html","E:\mong-lounge-site\shops\gyeonggi\hanam\춘궁동\한국미인테라피\index.html","신규"
"한국미인테라피","경기","경기","화성시-동탄구","동탄동","E:\mong-lounge-site\massage\gyeonggi\hwaseong\dongtan-gu\화성시-동탄구-출장마사지-동별-생활권-지역안내\index.html","E:\mong-lounge-site\shops\gyeonggi\hwaseong\dongtan-gu\동탄동\한국미인테라피\index.html","신규"
"한국미인테라피","경기","경기","화성시-만세구","남양읍","E:\mong-lounge-site\massage\gyeonggi\hwaseong\manse-gu\화성시-만세구-출장마사지-동별-생활권-지역안내\index.html","E:\mong-lounge-site\shops\gyeonggi\hwaseong\manse-gu\남양읍\한국미인테라피\index.html","신규"
"한국미인테라피","경기","경기","화성시-만세구","마도면","E:\mong-lounge-site\massage\gyeonggi\hwaseong\manse-gu\화성시-만세구-출장마사지-동별-생활권-지역안내\index.html","E:\mong-lounge-site\shops\gyeonggi\hwaseong\manse-gu\마도면\한국미인테라피\index.html","신규"
"한국미인테라피","경기","경기","화성시-만세구","새솔동","E:\mong-lounge-site\massage\gyeonggi\hwaseong\manse-gu\화성시-만세구-출장마사지-동별-생활권-지역안내\index.html","E:\mong-lounge-site\shops\gyeonggi\hwaseong\manse-gu\새솔동\한국미인테라피\index.html","신규"
"한국미인테라피","경기","경기","화성시-만세구","서신면","E:\mong-lounge-site\massage\gyeonggi\hwaseong\manse-gu\화성시-만세구-출장마사지-동별-생활권-지역안내\index.html","E:\mong-lounge-site\shops\gyeonggi\hwaseong\manse-gu\서신면\한국미인테라피\index.html","신규"
"한국미인테라피","경기","경기","화성시-만세구","송산면","E:\mong-lounge-site\massage\gyeonggi\hwaseong\manse-gu\화성시-만세구-출장마사지-동별-생활권-지역안내\index.html","E:\mong-lounge-site\shops\gyeonggi\hwaseong\manse-gu\송산면\한국미인테라피\index.html","신규"
"한국미인테라피","경기","경기","화성시-만세구","양감면","E:\mong-lounge-site\massage\gyeonggi\hwaseong\manse-gu\화성시-만세구-출장마사지-동별-생활권-지역안내\index.html","E:\mong-lounge-site\shops\gyeonggi\hwaseong\manse-gu\양감면\한국미인테라피\index.html","신규"
"한국미인테라피","경기","경기","화성시-만세구","우정읍","E:\mong-lounge-site\massage\gyeonggi\hwaseong\manse-gu\화성시-만세구-출장마사지-동별-생활권-지역안내\index.html","E:\mong-lounge-site\shops\gyeonggi\hwaseong\manse-gu\우정읍\한국미인테라피\index.html","신규"
"한국미인테라피","경기","경기","화성시-만세구","장안면","E:\mong-lounge-site\massage\gyeonggi\hwaseong\manse-gu\화성시-만세구-출장마사지-동별-생활권-지역안내\index.html","E:\mong-lounge-site\shops\gyeonggi\hwaseong\manse-gu\장안면\한국미인테라피\index.html","신규"
"한국미인테라피","경기","경기","화성시-만세구","팔탄면","E:\mong-lounge-site\massage\gyeonggi\hwaseong\manse-gu\화성시-만세구-출장마사지-동별-생활권-지역안내\index.html","E:\mong-lounge-site\shops\gyeonggi\hwaseong\manse-gu\팔탄면\한국미인테라피\index.html","신규"
"한국미인테라피","경기","경기","화성시-만세구","향남읍","E:\mong-lounge-site\massage\gyeonggi\hwaseong\manse-gu\화성시-만세구-출장마사지-동별-생활권-지역안내\index.html","E:\mong-lounge-site\shops\gyeonggi\hwaseong\manse-gu\향남읍\한국미인테라피\index.html","신규"
"한국미인테라피","경기","경기","화성시-병점구","반월동","E:\mong-lounge-site\massage\gyeonggi\hwaseong\byeongjeom-gu\화성시-병점구-출장마사지-동별-생활권-지역안내\index.html","E:\mong-lounge-site\shops\gyeonggi\hwaseong\byeongjeom-gu\반월동\한국미인테라피\index.html","신규"
"한국미인테라피","경기","경기","화성시-병점구","병점동","E:\mong-lounge-site\massage\gyeonggi\hwaseong\byeongjeom-gu\화성시-병점구-출장마사지-동별-생활권-지역안내\index.html","E:\mong-lounge-site\shops\gyeonggi\hwaseong\byeongjeom-gu\병점동\한국미인테라피\index.html","신규"
"한국미인테라피","경기","경기","화성시-병점구","진안동","E:\mong-lounge-site\massage\gyeonggi\hwaseong\byeongjeom-gu\화성시-병점구-출장마사지-동별-생활권-지역안내\index.html","E:\mong-lounge-site\shops\gyeonggi\hwaseong\byeongjeom-gu\진안동\한국미인테라피\index.html","신규"
"한국미인테라피","경기","경기","화성시-병점구","화산동","E:\mong-lounge-site\massage\gyeonggi\hwaseong\byeongjeom-gu\화성시-병점구-출장마사지-동별-생활권-지역안내\index.html","E:\mong-lounge-site\shops\gyeonggi\hwaseong\byeongjeom-gu\화산동\한국미인테라피\index.html","신규"
"한국미인테라피","경기","경기","화성시-효행구","기배동","E:\mong-lounge-site\massage\gyeonggi\hwaseong\hyohaeng-gu\화성시-효행구-출장마사지-동별-생활권-지역안내\index.html","E:\mong-lounge-site\shops\gyeonggi\hwaseong\hyohaeng-gu\기배동\한국미인테라피\index.html","신규"
"한국미인테라피","경기","경기","화성시-효행구","매송면","E:\mong-lounge-site\massage\gyeonggi\hwaseong\hyohaeng-gu\화성시-효행구-출장마사지-동별-생활권-지역안내\index.html","E:\mong-lounge-site\shops\gyeonggi\hwaseong\hyohaeng-gu\매송면\한국미인테라피\index.html","신규"
"한국미인테라피","경기","경기","화성시-효행구","봉담읍","E:\mong-lounge-site\massage\gyeonggi\hwaseong\hyohaeng-gu\화성시-효행구-출장마사지-동별-생활권-지역안내\index.html","E:\mong-lounge-site\shops\gyeonggi\hwaseong\hyohaeng-gu\봉담읍\한국미인테라피\index.html","신규"
"한국미인테라피","경기","경기","화성시-효행구","비봉면","E:\mong-lounge-site\massage\gyeonggi\hwaseong\hyohaeng-gu\화성시-효행구-출장마사지-동별-생활권-지역안내\index.html","E:\mong-lounge-site\shops\gyeonggi\hwaseong\hyohaeng-gu\비봉면\한국미인테라피\index.html","신규"
"한국미인테라피","경기","경기","화성시-효행구","정남면","E:\mong-lounge-site\massage\gyeonggi\hwaseong\hyohaeng-gu\화성시-효행구-출장마사지-동별-생활권-지역안내\index.html","E:\mong-lounge-site\shops\gyeonggi\hwaseong\hyohaeng-gu\정남면\한국미인테라피\index.html","신규"
"한국미인테라피","서울","서울","강남구","개포동","E:\mong-lounge-site\massage\seoul\gangnam-gu\강남구-출장마사지-압구정-청담-역삼-외출-미팅-일정이-길어진-날-목-어깨의-뻐근함-방문-홈케어\index.html","E:\mong-lounge-site\shops\seoul\gangnam-gu\개포동\한국미인테라피\index.html","신규"
"한국미인테라피","서울","서울","강남구","논현동","E:\mong-lounge-site\massage\seoul\gangnam-gu\강남구-출장마사지-압구정-청담-역삼-외출-미팅-일정이-길어진-날-목-어깨의-뻐근함-방문-홈케어\index.html","E:\mong-lounge-site\shops\seoul\gangnam-gu\논현동\한국미인테라피\index.html","신규"
"한국미인테라피","서울","서울","강남구","대치동","E:\mong-lounge-site\massage\seoul\gangnam-gu\강남구-출장마사지-압구정-청담-역삼-외출-미팅-일정이-길어진-날-목-어깨의-뻐근함-방문-홈케어\index.html","E:\mong-lounge-site\shops\seoul\gangnam-gu\대치동\한국미인테라피\index.html","신규"
"한국미인테라피","서울","서울","강남구","도곡동","E:\mong-lounge-site\massage\seoul\gangnam-gu\강남구-출장마사지-압구정-청담-역삼-외출-미팅-일정이-길어진-날-목-어깨의-뻐근함-방문-홈케어\index.html","E:\mong-lounge-site\shops\seoul\gangnam-gu\도곡동\한국미인테라피\index.html","신규"
"한국미인테라피","서울","서울","강남구","삼성동","E:\mong-lounge-site\massage\seoul\gangnam-gu\강남구-출장마사지-압구정-청담-역삼-외출-미팅-일정이-길어진-날-목-어깨의-뻐근함-방문-홈케어\index.html","E:\mong-lounge-site\shops\seoul\gangnam-gu\삼성동\한국미인테라피\index.html","신규"
"한국미인테라피","서울","서울","강남구","세곡동","E:\mong-lounge-site\massage\seoul\gangnam-gu\강남구-출장마사지-압구정-청담-역삼-외출-미팅-일정이-길어진-날-목-어깨의-뻐근함-방문-홈케어\index.html","E:\mong-lounge-site\shops\seoul\gangnam-gu\세곡동\한국미인테라피\index.html","신규"
"한국미인테라피","서울","서울","강남구","수서동","E:\mong-lounge-site\massage\seoul\gangnam-gu\강남구-출장마사지-압구정-청담-역삼-외출-미팅-일정이-길어진-날-목-어깨의-뻐근함-방문-홈케어\index.html","E:\mong-lounge-site\shops\seoul\gangnam-gu\수서동\한국미인테라피\index.html","신규"
"한국미인테라피","서울","서울","강남구","신사동","E:\mong-lounge-site\massage\seoul\gangnam-gu\강남구-출장마사지-압구정-청담-역삼-외출-미팅-일정이-길어진-날-목-어깨의-뻐근함-방문-홈케어\index.html","E:\mong-lounge-site\shops\seoul\gangnam-gu\신사동\한국미인테라피\index.html","신규"
"한국미인테라피","서울","서울","강남구","압구정동","E:\mong-lounge-site\massage\seoul\gangnam-gu\강남구-출장마사지-압구정-청담-역삼-외출-미팅-일정이-길어진-날-목-어깨의-뻐근함-방문-홈케어\index.html","E:\mong-lounge-site\shops\seoul\gangnam-gu\압구정동\한국미인테라피\index.html","신규"
"한국미인테라피","서울","서울","강남구","역삼동","E:\mong-lounge-site\massage\seoul\gangnam-gu\강남구-출장마사지-압구정-청담-역삼-외출-미팅-일정이-길어진-날-목-어깨의-뻐근함-방문-홈케어\index.html","E:\mong-lounge-site\shops\seoul\gangnam-gu\역삼동\한국미인테라피\index.html","업데이트"
"한국미인테라피","서울","서울","강남구","일원동","E:\mong-lounge-site\massage\seoul\gangnam-gu\강남구-출장마사지-압구정-청담-역삼-외출-미팅-일정이-길어진-날-목-어깨의-뻐근함-방문-홈케어\index.html","E:\mong-lounge-site\shops\seoul\gangnam-gu\일원동\한국미인테라피\index.html","신규"
"한국미인테라피","서울","서울","강남구","일원본동","E:\mong-lounge-site\massage\seoul\gangnam-gu\강남구-출장마사지-압구정-청담-역삼-외출-미팅-일정이-길어진-날-목-어깨의-뻐근함-방문-홈케어\index.html","E:\mong-lounge-site\shops\seoul\gangnam-gu\일원본동\한국미인테라피\index.html","신규"
"한국미인테라피","서울","서울","강남구","청담동","E:\mong-lounge-site\massage\seoul\gangnam-gu\강남구-출장마사지-압구정-청담-역삼-외출-미팅-일정이-길어진-날-목-어깨의-뻐근함-방문-홈케어\index.html","E:\mong-lounge-site\shops\seoul\gangnam-gu\청담동\한국미인테라피\index.html","신규"
"한국미인테라피","서울","서울","강동구","강일동","E:\mong-lounge-site\massage\seoul\gangdong-gu\강동구-출장마사지-둔촌-올림픽공원-일자산-입주-이사와-장시간-정리-전신-뭉침과-무거움-방문-홈케어\index.html","E:\mong-lounge-site\shops\seoul\gangdong-gu\강일동\한국미인테라피\index.html","신규"
"한국미인테라피","서울","서울","강동구","고덕동","E:\mong-lounge-site\massage\seoul\gangdong-gu\강동구-출장마사지-둔촌-올림픽공원-일자산-입주-이사와-장시간-정리-전신-뭉침과-무거움-방문-홈케어\index.html","E:\mong-lounge-site\shops\seoul\gangdong-gu\고덕동\한국미인테라피\index.html","신규"
"한국미인테라피","서울","서울","강동구","길동","E:\mong-lounge-site\massage\seoul\gangdong-gu\강동구-출장마사지-둔촌-올림픽공원-일자산-입주-이사와-장시간-정리-전신-뭉침과-무거움-방문-홈케어\index.html","E:\mong-lounge-site\shops\seoul\gangdong-gu\길동\한국미인테라피\index.html","신규"
"한국미인테라피","서울","서울","강동구","둔촌동","E:\mong-lounge-site\massage\seoul\gangdong-gu\강동구-출장마사지-둔촌-올림픽공원-일자산-입주-이사와-장시간-정리-전신-뭉침과-무거움-방문-홈케어\index.html","E:\mong-lounge-site\shops\seoul\gangdong-gu\둔촌동\한국미인테라피\index.html","신규"
"한국미인테라피","서울","서울","강동구","명일동","E:\mong-lounge-site\massage\seoul\gangdong-gu\강동구-출장마사지-둔촌-올림픽공원-일자산-입주-이사와-장시간-정리-전신-뭉침과-무거움-방문-홈케어\index.html","E:\mong-lounge-site\shops\seoul\gangdong-gu\명일동\한국미인테라피\index.html","신규"
"한국미인테라피","서울","서울","강동구","상일동","E:\mong-lounge-site\massage\seoul\gangdong-gu\강동구-출장마사지-둔촌-올림픽공원-일자산-입주-이사와-장시간-정리-전신-뭉침과-무거움-방문-홈케어\index.html","E:\mong-lounge-site\shops\seoul\gangdong-gu\상일동\한국미인테라피\index.html","신규"
"한국미인테라피","서울","서울","강동구","성내동","E:\mong-lounge-site\massage\seoul\gangdong-gu\강동구-출장마사지-둔촌-올림픽공원-일자산-입주-이사와-장시간-정리-전신-뭉침과-무거움-방문-홈케어\index.html","E:\mong-lounge-site\shops\seoul\gangdong-gu\성내동\한국미인테라피\index.html","신규"
"한국미인테라피","서울","서울","강동구","암사동","E:\mong-lounge-site\massage\seoul\gangdong-gu\강동구-출장마사지-둔촌-올림픽공원-일자산-입주-이사와-장시간-정리-전신-뭉침과-무거움-방문-홈케어\index.html","E:\mong-lounge-site\shops\seoul\gangdong-gu\암사동\한국미인테라피\index.html","신규"
"한국미인테라피","서울","서울","강동구","천호동","E:\mong-lounge-site\massage\seoul\gangdong-gu\강동구-출장마사지-둔촌-올림픽공원-일자산-입주-이사와-장시간-정리-전신-뭉침과-무거움-방문-홈케어\index.html","E:\mong-lounge-site\shops\seoul\gangdong-gu\천호동\한국미인테라피\index.html","신규"
"한국미인테라피","서울","서울","강북구","미아동","E:\mong-lounge-site\massage\seoul\gangbuk-gu\강북구-출장마사지-미아사거리-수유-번동-판매-미용-업무로-오래-서-있는-날-종아리-발-손목-피로-방문-홈케어\index.html","E:\mong-lounge-site\shops\seoul\gangbuk-gu\미아동\한국미인테라피\index.html","신규"
"한국미인테라피","서울","서울","강북구","번동","E:\mong-lounge-site\massage\seoul\gangbuk-gu\강북구-출장마사지-미아사거리-수유-번동-판매-미용-업무로-오래-서-있는-날-종아리-발-손목-피로-방문-홈케어\index.html","E:\mong-lounge-site\shops\seoul\gangbuk-gu\번동\한국미인테라피\index.html","신규"
"한국미인테라피","서울","서울","강북구","삼각산동","E:\mong-lounge-site\massage\seoul\gangbuk-gu\강북구-출장마사지-미아사거리-수유-번동-판매-미용-업무로-오래-서-있는-날-종아리-발-손목-피로-방문-홈케어\index.html","E:\mong-lounge-site\shops\seoul\gangbuk-gu\삼각산동\한국미인테라피\index.html","신규"
"한국미인테라피","서울","서울","강북구","삼양동","E:\mong-lounge-site\massage\seoul\gangbuk-gu\강북구-출장마사지-미아사거리-수유-번동-판매-미용-업무로-오래-서-있는-날-종아리-발-손목-피로-방문-홈케어\index.html","E:\mong-lounge-site\shops\seoul\gangbuk-gu\삼양동\한국미인테라피\index.html","신규"
"한국미인테라피","서울","서울","강북구","송중동","E:\mong-lounge-site\massage\seoul\gangbuk-gu\강북구-출장마사지-미아사거리-수유-번동-판매-미용-업무로-오래-서-있는-날-종아리-발-손목-피로-방문-홈케어\index.html","E:\mong-lounge-site\shops\seoul\gangbuk-gu\송중동\한국미인테라피\index.html","신규"
"한국미인테라피","서울","서울","강북구","송천동","E:\mong-lounge-site\massage\seoul\gangbuk-gu\강북구-출장마사지-미아사거리-수유-번동-판매-미용-업무로-오래-서-있는-날-종아리-발-손목-피로-방문-홈케어\index.html","E:\mong-lounge-site\shops\seoul\gangbuk-gu\송천동\한국미인테라피\index.html","신규"
"한국미인테라피","서울","서울","강북구","수유동","E:\mong-lounge-site\massage\seoul\gangbuk-gu\강북구-출장마사지-미아사거리-수유-번동-판매-미용-업무로-오래-서-있는-날-종아리-발-손목-피로-방문-홈케어\index.html","E:\mong-lounge-site\shops\seoul\gangbuk-gu\수유동\한국미인테라피\index.html","신규"
"한국미인테라피","서울","서울","강북구","우이동","E:\mong-lounge-site\massage\seoul\gangbuk-gu\강북구-출장마사지-미아사거리-수유-번동-판매-미용-업무로-오래-서-있는-날-종아리-발-손목-피로-방문-홈케어\index.html","E:\mong-lounge-site\shops\seoul\gangbuk-gu\우이동\한국미인테라피\index.html","신규"
"한국미인테라피","서울","서울","강북구","인수동","E:\mong-lounge-site\massage\seoul\gangbuk-gu\강북구-출장마사지-미아사거리-수유-번동-판매-미용-업무로-오래-서-있는-날-종아리-발-손목-피로-방문-홈케어\index.html","E:\mong-lounge-site\shops\seoul\gangbuk-gu\인수동\한국미인테라피\index.html","신규"
"한국미인테라피","서울","서울","강서구","가양동","E:\mong-lounge-site\massage\seoul\gangseo-gu\강서구-출장마사지-가양-등촌-마곡-육아와-집안일이-길어진-날-어깨-손목-허리-피로-방문-홈케어\index.html","E:\mong-lounge-site\shops\seoul\gangseo-gu\가양동\한국미인테라피\index.html","신규"
"한국미인테라피","서울","서울","강서구","공항동","E:\mong-lounge-site\massage\seoul\gangseo-gu\강서구-출장마사지-가양-등촌-마곡-육아와-집안일이-길어진-날-어깨-손목-허리-피로-방문-홈케어\index.html","E:\mong-lounge-site\shops\seoul\gangseo-gu\공항동\한국미인테라피\index.html","신규"
"한국미인테라피","서울","서울","강서구","등촌동","E:\mong-lounge-site\massage\seoul\gangseo-gu\강서구-출장마사지-가양-등촌-마곡-육아와-집안일이-길어진-날-어깨-손목-허리-피로-방문-홈케어\index.html","E:\mong-lounge-site\shops\seoul\gangseo-gu\등촌동\한국미인테라피\index.html","신규"
"한국미인테라피","서울","서울","강서구","발산동","E:\mong-lounge-site\massage\seoul\gangseo-gu\강서구-출장마사지-가양-등촌-마곡-육아와-집안일이-길어진-날-어깨-손목-허리-피로-방문-홈케어\index.html","E:\mong-lounge-site\shops\seoul\gangseo-gu\발산동\한국미인테라피\index.html","신규"
"한국미인테라피","서울","서울","강서구","방화동","E:\mong-lounge-site\massage\seoul\gangseo-gu\강서구-출장마사지-가양-등촌-마곡-육아와-집안일이-길어진-날-어깨-손목-허리-피로-방문-홈케어\index.html","E:\mong-lounge-site\shops\seoul\gangseo-gu\방화동\한국미인테라피\index.html","신규"
"한국미인테라피","서울","서울","강서구","염창동","E:\mong-lounge-site\massage\seoul\gangseo-gu\강서구-출장마사지-가양-등촌-마곡-육아와-집안일이-길어진-날-어깨-손목-허리-피로-방문-홈케어\index.html","E:\mong-lounge-site\shops\seoul\gangseo-gu\염창동\한국미인테라피\index.html","신규"
"한국미인테라피","서울","서울","강서구","우장산동","E:\mong-lounge-site\massage\seoul\gangseo-gu\강서구-출장마사지-가양-등촌-마곡-육아와-집안일이-길어진-날-어깨-손목-허리-피로-방문-홈케어\index.html","E:\mong-lounge-site\shops\seoul\gangseo-gu\우장산동\한국미인테라피\index.html","신규"
"한국미인테라피","서울","서울","강서구","화곡동","E:\mong-lounge-site\massage\seoul\gangseo-gu\강서구-출장마사지-가양-등촌-마곡-육아와-집안일이-길어진-날-어깨-손목-허리-피로-방문-홈케어\index.html","E:\mong-lounge-site\shops\seoul\gangseo-gu\화곡동\한국미인테라피\index.html","신규"
"한국미인테라피","서울","서울","강서구","화곡본동","E:\mong-lounge-site\massage\seoul\gangseo-gu\강서구-출장마사지-가양-등촌-마곡-육아와-집안일이-길어진-날-어깨-손목-허리-피로-방문-홈케어\index.html","E:\mong-lounge-site\shops\seoul\gangseo-gu\화곡본동\한국미인테라피\index.html","신규"
"한국미인테라피","서울","서울","관악구","낙성대동","E:\mong-lounge-site\massage\seoul\gwanak-gu\관악구-출장마사지-서울대입구-샤로수길-신림-프리랜서-작업과-창업-일정-눈-목-어깨-피로-방문-홈케어\index.html","E:\mong-lounge-site\shops\seoul\gwanak-gu\낙성대동\한국미인테라피\index.html","신규"
"한국미인테라피","서울","서울","관악구","난곡동","E:\mong-lounge-site\massage\seoul\gwanak-gu\관악구-출장마사지-서울대입구-샤로수길-신림-프리랜서-작업과-창업-일정-눈-목-어깨-피로-방문-홈케어\index.html","E:\mong-lounge-site\shops\seoul\gwanak-gu\난곡동\한국미인테라피\index.html","신규"
"한국미인테라피","서울","서울","관악구","난향동","E:\mong-lounge-site\massage\seoul\gwanak-gu\관악구-출장마사지-서울대입구-샤로수길-신림-프리랜서-작업과-창업-일정-눈-목-어깨-피로-방문-홈케어\index.html","E:\mong-lounge-site\shops\seoul\gwanak-gu\난향동\한국미인테라피\index.html","신규"
"한국미인테라피","서울","서울","관악구","남현동","E:\mong-lounge-site\massage\seoul\gwanak-gu\관악구-출장마사지-서울대입구-샤로수길-신림-프리랜서-작업과-창업-일정-눈-목-어깨-피로-방문-홈케어\index.html","E:\mong-lounge-site\shops\seoul\gwanak-gu\남현동\한국미인테라피\index.html","신규"
"한국미인테라피","서울","서울","관악구","대학동","E:\mong-lounge-site\massage\seoul\gwanak-gu\관악구-출장마사지-서울대입구-샤로수길-신림-프리랜서-작업과-창업-일정-눈-목-어깨-피로-방문-홈케어\index.html","E:\mong-lounge-site\shops\seoul\gwanak-gu\대학동\한국미인테라피\index.html","신규"
"한국미인테라피","서울","서울","관악구","미성동","E:\mong-lounge-site\massage\seoul\gwanak-gu\관악구-출장마사지-서울대입구-샤로수길-신림-프리랜서-작업과-창업-일정-눈-목-어깨-피로-방문-홈케어\index.html","E:\mong-lounge-site\shops\seoul\gwanak-gu\미성동\한국미인테라피\index.html","신규"
"한국미인테라피","서울","서울","관악구","보라매동","E:\mong-lounge-site\massage\seoul\gwanak-gu\관악구-출장마사지-서울대입구-샤로수길-신림-프리랜서-작업과-창업-일정-눈-목-어깨-피로-방문-홈케어\index.html","E:\mong-lounge-site\shops\seoul\gwanak-gu\보라매동\한국미인테라피\index.html","신규"
"한국미인테라피","서울","서울","관악구","삼성동","E:\mong-lounge-site\massage\seoul\gwanak-gu\관악구-출장마사지-서울대입구-샤로수길-신림-프리랜서-작업과-창업-일정-눈-목-어깨-피로-방문-홈케어\index.html","E:\mong-lounge-site\shops\seoul\gwanak-gu\삼성동\한국미인테라피\index.html","신규"
"한국미인테라피","서울","서울","관악구","서림동","E:\mong-lounge-site\massage\seoul\gwanak-gu\관악구-출장마사지-서울대입구-샤로수길-신림-프리랜서-작업과-창업-일정-눈-목-어깨-피로-방문-홈케어\index.html","E:\mong-lounge-site\shops\seoul\gwanak-gu\서림동\한국미인테라피\index.html","신규"
"한국미인테라피","서울","서울","관악구","서원동","E:\mong-lounge-site\massage\seoul\gwanak-gu\관악구-출장마사지-서울대입구-샤로수길-신림-프리랜서-작업과-창업-일정-눈-목-어깨-피로-방문-홈케어\index.html","E:\mong-lounge-site\shops\seoul\gwanak-gu\서원동\한국미인테라피\index.html","신규"
"한국미인테라피","서울","서울","관악구","성현동","E:\mong-lounge-site\massage\seoul\gwanak-gu\관악구-출장마사지-서울대입구-샤로수길-신림-프리랜서-작업과-창업-일정-눈-목-어깨-피로-방문-홈케어\index.html","E:\mong-lounge-site\shops\seoul\gwanak-gu\성현동\한국미인테라피\index.html","신규"
"한국미인테라피","서울","서울","관악구","신림동","E:\mong-lounge-site\massage\seoul\gwanak-gu\관악구-출장마사지-서울대입구-샤로수길-신림-프리랜서-작업과-창업-일정-눈-목-어깨-피로-방문-홈케어\index.html","E:\mong-lounge-site\shops\seoul\gwanak-gu\신림동\한국미인테라피\index.html","신규"
"한국미인테라피","서울","서울","관악구","신사동","E:\mong-lounge-site\massage\seoul\gwanak-gu\관악구-출장마사지-서울대입구-샤로수길-신림-프리랜서-작업과-창업-일정-눈-목-어깨-피로-방문-홈케어\index.html","E:\mong-lounge-site\shops\seoul\gwanak-gu\신사동\한국미인테라피\index.html","신규"
"한국미인테라피","서울","서울","관악구","신원동","E:\mong-lounge-site\massage\seoul\gwanak-gu\관악구-출장마사지-서울대입구-샤로수길-신림-프리랜서-작업과-창업-일정-눈-목-어깨-피로-방문-홈케어\index.html","E:\mong-lounge-site\shops\seoul\gwanak-gu\신원동\한국미인테라피\index.html","신규"
"한국미인테라피","서울","서울","관악구","은천동","E:\mong-lounge-site\massage\seoul\gwanak-gu\관악구-출장마사지-서울대입구-샤로수길-신림-프리랜서-작업과-창업-일정-눈-목-어깨-피로-방문-홈케어\index.html","E:\mong-lounge-site\shops\seoul\gwanak-gu\은천동\한국미인테라피\index.html","신규"
"한국미인테라피","서울","서울","관악구","인헌동","E:\mong-lounge-site\massage\seoul\gwanak-gu\관악구-출장마사지-서울대입구-샤로수길-신림-프리랜서-작업과-창업-일정-눈-목-어깨-피로-방문-홈케어\index.html","E:\mong-lounge-site\shops\seoul\gwanak-gu\인헌동\한국미인테라피\index.html","신규"
"한국미인테라피","서울","서울","관악구","조원동","E:\mong-lounge-site\massage\seoul\gwanak-gu\관악구-출장마사지-서울대입구-샤로수길-신림-프리랜서-작업과-창업-일정-눈-목-어깨-피로-방문-홈케어\index.html","E:\mong-lounge-site\shops\seoul\gwanak-gu\조원동\한국미인테라피\index.html","신규"
"한국미인테라피","서울","서울","관악구","중앙동","E:\mong-lounge-site\massage\seoul\gwanak-gu\관악구-출장마사지-서울대입구-샤로수길-신림-프리랜서-작업과-창업-일정-눈-목-어깨-피로-방문-홈케어\index.html","E:\mong-lounge-site\shops\seoul\gwanak-gu\중앙동\한국미인테라피\index.html","신규"
"한국미인테라피","서울","서울","관악구","청룡동","E:\mong-lounge-site\massage\seoul\gwanak-gu\관악구-출장마사지-서울대입구-샤로수길-신림-프리랜서-작업과-창업-일정-눈-목-어깨-피로-방문-홈케어\index.html","E:\mong-lounge-site\shops\seoul\gwanak-gu\청룡동\한국미인테라피\index.html","신규"
"한국미인테라피","서울","서울","관악구","청림동","E:\mong-lounge-site\massage\seoul\gwanak-gu\관악구-출장마사지-서울대입구-샤로수길-신림-프리랜서-작업과-창업-일정-눈-목-어깨-피로-방문-홈케어\index.html","E:\mong-lounge-site\shops\seoul\gwanak-gu\청림동\한국미인테라피\index.html","신규"
"한국미인테라피","서울","서울","관악구","행운동","E:\mong-lounge-site\massage\seoul\gwanak-gu\관악구-출장마사지-서울대입구-샤로수길-신림-프리랜서-작업과-창업-일정-눈-목-어깨-피로-방문-홈케어\index.html","E:\mong-lounge-site\shops\seoul\gwanak-gu\행운동\한국미인테라피\index.html","신규"
"한국미인테라피","서울","서울","광진구","광장동","E:\mong-lounge-site\massage\seoul\gwangjin-gu\광진구-출장마사지-구의-광나루-건대입구-재택업무와-장시간-화면-작업-목-손목의-뻐근함-방문-홈케어\index.html","E:\mong-lounge-site\shops\seoul\gwangjin-gu\광장동\한국미인테라피\index.html","신규"
"한국미인테라피","서울","서울","광진구","구의동","E:\mong-lounge-site\massage\seoul\gwangjin-gu\광진구-출장마사지-구의-광나루-건대입구-재택업무와-장시간-화면-작업-목-손목의-뻐근함-방문-홈케어\index.html","E:\mong-lounge-site\shops\seoul\gwangjin-gu\구의동\한국미인테라피\index.html","신규"
"한국미인테라피","서울","서울","광진구","군자동","E:\mong-lounge-site\massage\seoul\gwangjin-gu\광진구-출장마사지-구의-광나루-건대입구-재택업무와-장시간-화면-작업-목-손목의-뻐근함-방문-홈케어\index.html","E:\mong-lounge-site\shops\seoul\gwangjin-gu\군자동\한국미인테라피\index.html","신규"
"한국미인테라피","서울","서울","광진구","능동","E:\mong-lounge-site\massage\seoul\gwangjin-gu\광진구-출장마사지-구의-광나루-건대입구-재택업무와-장시간-화면-작업-목-손목의-뻐근함-방문-홈케어\index.html","E:\mong-lounge-site\shops\seoul\gwangjin-gu\능동\한국미인테라피\index.html","신규"
"한국미인테라피","서울","서울","광진구","자양동","E:\mong-lounge-site\massage\seoul\gwangjin-gu\광진구-출장마사지-구의-광나루-건대입구-재택업무와-장시간-화면-작업-목-손목의-뻐근함-방문-홈케어\index.html","E:\mong-lounge-site\shops\seoul\gwangjin-gu\자양동\한국미인테라피\index.html","신규"
"한국미인테라피","서울","서울","광진구","중곡동","E:\mong-lounge-site\massage\seoul\gwangjin-gu\광진구-출장마사지-구의-광나루-건대입구-재택업무와-장시간-화면-작업-목-손목의-뻐근함-방문-홈케어\index.html","E:\mong-lounge-site\shops\seoul\gwangjin-gu\중곡동\한국미인테라피\index.html","신규"
"한국미인테라피","서울","서울","광진구","화양동","E:\mong-lounge-site\massage\seoul\gwangjin-gu\광진구-출장마사지-구의-광나루-건대입구-재택업무와-장시간-화면-작업-목-손목의-뻐근함-방문-홈케어\index.html","E:\mong-lounge-site\shops\seoul\gwangjin-gu\화양동\한국미인테라피\index.html","신규"
"한국미인테라피","서울","서울","구로구","가리봉동","E:\mong-lounge-site\massage\seoul\guro-gu\구로구-출장마사지-신도림-구로-대림-유통-판매-업무로-오래-선-날-다리-발의-무거움-방문-홈케어\index.html","E:\mong-lounge-site\shops\seoul\guro-gu\가리봉동\한국미인테라피\index.html","신규"
"한국미인테라피","서울","서울","구로구","개봉동","E:\mong-lounge-site\massage\seoul\guro-gu\구로구-출장마사지-신도림-구로-대림-유통-판매-업무로-오래-선-날-다리-발의-무거움-방문-홈케어\index.html","E:\mong-lounge-site\shops\seoul\guro-gu\개봉동\한국미인테라피\index.html","신규"
"한국미인테라피","서울","서울","구로구","고척동","E:\mong-lounge-site\massage\seoul\guro-gu\구로구-출장마사지-신도림-구로-대림-유통-판매-업무로-오래-선-날-다리-발의-무거움-방문-홈케어\index.html","E:\mong-lounge-site\shops\seoul\guro-gu\고척동\한국미인테라피\index.html","신규"
"한국미인테라피","서울","서울","구로구","구로동","E:\mong-lounge-site\massage\seoul\guro-gu\구로구-출장마사지-신도림-구로-대림-유통-판매-업무로-오래-선-날-다리-발의-무거움-방문-홈케어\index.html","E:\mong-lounge-site\shops\seoul\guro-gu\구로동\한국미인테라피\index.html","신규"
"한국미인테라피","서울","서울","구로구","수궁동","E:\mong-lounge-site\massage\seoul\guro-gu\구로구-출장마사지-신도림-구로-대림-유통-판매-업무로-오래-선-날-다리-발의-무거움-방문-홈케어\index.html","E:\mong-lounge-site\shops\seoul\guro-gu\수궁동\한국미인테라피\index.html","신규"
"한국미인테라피","서울","서울","구로구","신도림동","E:\mong-lounge-site\massage\seoul\guro-gu\구로구-출장마사지-신도림-구로-대림-유통-판매-업무로-오래-선-날-다리-발의-무거움-방문-홈케어\index.html","E:\mong-lounge-site\shops\seoul\guro-gu\신도림동\한국미인테라피\index.html","신규"
"한국미인테라피","서울","서울","구로구","오류동","E:\mong-lounge-site\massage\seoul\guro-gu\구로구-출장마사지-신도림-구로-대림-유통-판매-업무로-오래-선-날-다리-발의-무거움-방문-홈케어\index.html","E:\mong-lounge-site\shops\seoul\guro-gu\오류동\한국미인테라피\index.html","신규"
"한국미인테라피","서울","서울","구로구","항동","E:\mong-lounge-site\massage\seoul\guro-gu\구로구-출장마사지-신도림-구로-대림-유통-판매-업무로-오래-선-날-다리-발의-무거움-방문-홈케어\index.html","E:\mong-lounge-site\shops\seoul\guro-gu\항동\한국미인테라피\index.html","신규"
"한국미인테라피","서울","서울","금천구","가산동","E:\mong-lounge-site\massage\seoul\geumcheon-gu\금천구-출장마사지-독산-시흥-가산-제조-교대-일정이-길어진-날-허리-어깨-피로-방문-홈케어\index.html","E:\mong-lounge-site\shops\seoul\geumcheon-gu\가산동\한국미인테라피\index.html","신규"
"한국미인테라피","서울","서울","금천구","독산동","E:\mong-lounge-site\massage\seoul\geumcheon-gu\금천구-출장마사지-독산-시흥-가산-제조-교대-일정이-길어진-날-허리-어깨-피로-방문-홈케어\index.html","E:\mong-lounge-site\shops\seoul\geumcheon-gu\독산동\한국미인테라피\index.html","신규"
"한국미인테라피","서울","서울","금천구","시흥동","E:\mong-lounge-site\massage\seoul\geumcheon-gu\금천구-출장마사지-독산-시흥-가산-제조-교대-일정이-길어진-날-허리-어깨-피로-방문-홈케어\index.html","E:\mong-lounge-site\shops\seoul\geumcheon-gu\시흥동\한국미인테라피\index.html","신규"
"한국미인테라피","서울","서울","노원구","3동","E:\mong-lounge-site\massage\seoul\nowon-gu\노원구-출장마사지-상계-공릉-중계-육아와-집안일이-이어진-날-어깨-손목의-무거움-방문-홈케어\index.html","E:\mong-lounge-site\shops\seoul\nowon-gu\3동\한국미인테라피\index.html","신규"
"한국미인테라피","서울","서울","노원구","4동","E:\mong-lounge-site\massage\seoul\nowon-gu\노원구-출장마사지-상계-공릉-중계-육아와-집안일이-이어진-날-어깨-손목의-무거움-방문-홈케어\index.html","E:\mong-lounge-site\shops\seoul\nowon-gu\4동\한국미인테라피\index.html","신규"
"한국미인테라피","서울","서울","노원구","7동","E:\mong-lounge-site\massage\seoul\nowon-gu\노원구-출장마사지-상계-공릉-중계-육아와-집안일이-이어진-날-어깨-손목의-무거움-방문-홈케어\index.html","E:\mong-lounge-site\shops\seoul\nowon-gu\7동\한국미인테라피\index.html","신규"
"한국미인테라피","서울","서울","노원구","공릉동","E:\mong-lounge-site\massage\seoul\nowon-gu\노원구-출장마사지-상계-공릉-중계-육아와-집안일이-이어진-날-어깨-손목의-무거움-방문-홈케어\index.html","E:\mong-lounge-site\shops\seoul\nowon-gu\공릉동\한국미인테라피\index.html","신규"
"한국미인테라피","서울","서울","노원구","상계동","E:\mong-lounge-site\massage\seoul\nowon-gu\노원구-출장마사지-상계-공릉-중계-육아와-집안일이-이어진-날-어깨-손목의-무거움-방문-홈케어\index.html","E:\mong-lounge-site\shops\seoul\nowon-gu\상계동\한국미인테라피\index.html","신규"
"한국미인테라피","서울","서울","노원구","월계동","E:\mong-lounge-site\massage\seoul\nowon-gu\노원구-출장마사지-상계-공릉-중계-육아와-집안일이-이어진-날-어깨-손목의-무거움-방문-홈케어\index.html","E:\mong-lounge-site\shops\seoul\nowon-gu\월계동\한국미인테라피\index.html","신규"
"한국미인테라피","서울","서울","노원구","중계동","E:\mong-lounge-site\massage\seoul\nowon-gu\노원구-출장마사지-상계-공릉-중계-육아와-집안일이-이어진-날-어깨-손목의-무거움-방문-홈케어\index.html","E:\mong-lounge-site\shops\seoul\nowon-gu\중계동\한국미인테라피\index.html","신규"
"한국미인테라피","서울","서울","노원구","중계본동","E:\mong-lounge-site\massage\seoul\nowon-gu\노원구-출장마사지-상계-공릉-중계-육아와-집안일이-이어진-날-어깨-손목의-무거움-방문-홈케어\index.html","E:\mong-lounge-site\shops\seoul\nowon-gu\중계본동\한국미인테라피\index.html","신규"
"한국미인테라피","서울","서울","노원구","하계동","E:\mong-lounge-site\massage\seoul\nowon-gu\노원구-출장마사지-상계-공릉-중계-육아와-집안일이-이어진-날-어깨-손목의-무거움-방문-홈케어\index.html","E:\mong-lounge-site\shops\seoul\nowon-gu\하계동\한국미인테라피\index.html","신규"
"한국미인테라피","서울","서울","도봉구","도봉동","E:\mong-lounge-site\massage\seoul\dobong-gu\도봉구-출장마사지-방학-도봉-창동-생활-이동과-집안일이-겹친-날-허리-무릎-주변-피로-방문-홈케어\index.html","E:\mong-lounge-site\shops\seoul\dobong-gu\도봉동\한국미인테라피\index.html","신규"
"한국미인테라피","서울","서울","도봉구","방학동","E:\mong-lounge-site\massage\seoul\dobong-gu\도봉구-출장마사지-방학-도봉-창동-생활-이동과-집안일이-겹친-날-허리-무릎-주변-피로-방문-홈케어\index.html","E:\mong-lounge-site\shops\seoul\dobong-gu\방학동\한국미인테라피\index.html","신규"
"한국미인테라피","서울","서울","도봉구","쌍문동","E:\mong-lounge-site\massage\seoul\dobong-gu\도봉구-출장마사지-방학-도봉-창동-생활-이동과-집안일이-겹친-날-허리-무릎-주변-피로-방문-홈케어\index.html","E:\mong-lounge-site\shops\seoul\dobong-gu\쌍문동\한국미인테라피\index.html","신규"
"한국미인테라피","서울","서울","도봉구","창동","E:\mong-lounge-site\massage\seoul\dobong-gu\도봉구-출장마사지-방학-도봉-창동-생활-이동과-집안일이-겹친-날-허리-무릎-주변-피로-방문-홈케어\index.html","E:\mong-lounge-site\shops\seoul\dobong-gu\창동\한국미인테라피\index.html","신규"
"한국미인테라피","서울","서울","동대문구","답십리동","E:\mong-lounge-site\massage\seoul\dongdaemun-gu\동대문구-출장마사지-회기-이문-청량리-공부-연구가-길어진-날-목-어깨의-긴장감-방문-홈케어\index.html","E:\mong-lounge-site\shops\seoul\dongdaemun-gu\답십리동\한국미인테라피\index.html","신규"
"한국미인테라피","서울","서울","동대문구","신설동","E:\mong-lounge-site\massage\seoul\dongdaemun-gu\동대문구-출장마사지-회기-이문-청량리-공부-연구가-길어진-날-목-어깨의-긴장감-방문-홈케어\index.html","E:\mong-lounge-site\shops\seoul\dongdaemun-gu\신설동\한국미인테라피\index.html","신규"
"한국미인테라피","서울","서울","동대문구","용두동","E:\mong-lounge-site\massage\seoul\dongdaemun-gu\동대문구-출장마사지-회기-이문-청량리-공부-연구가-길어진-날-목-어깨의-긴장감-방문-홈케어\index.html","E:\mong-lounge-site\shops\seoul\dongdaemun-gu\용두동\한국미인테라피\index.html","신규"
"한국미인테라피","서울","서울","동대문구","이문동","E:\mong-lounge-site\massage\seoul\dongdaemun-gu\동대문구-출장마사지-회기-이문-청량리-공부-연구가-길어진-날-목-어깨의-긴장감-방문-홈케어\index.html","E:\mong-lounge-site\shops\seoul\dongdaemun-gu\이문동\한국미인테라피\index.html","신규"
"한국미인테라피","서울","서울","동대문구","장안동","E:\mong-lounge-site\massage\seoul\dongdaemun-gu\동대문구-출장마사지-회기-이문-청량리-공부-연구가-길어진-날-목-어깨의-긴장감-방문-홈케어\index.html","E:\mong-lounge-site\shops\seoul\dongdaemun-gu\장안동\한국미인테라피\index.html","신규"
"한국미인테라피","서울","서울","동대문구","전농동","E:\mong-lounge-site\massage\seoul\dongdaemun-gu\동대문구-출장마사지-회기-이문-청량리-공부-연구가-길어진-날-목-어깨의-긴장감-방문-홈케어\index.html","E:\mong-lounge-site\shops\seoul\dongdaemun-gu\전농동\한국미인테라피\index.html","신규"
"한국미인테라피","서울","서울","동대문구","제기동","E:\mong-lounge-site\massage\seoul\dongdaemun-gu\동대문구-출장마사지-회기-이문-청량리-공부-연구가-길어진-날-목-어깨의-긴장감-방문-홈케어\index.html","E:\mong-lounge-site\shops\seoul\dongdaemun-gu\제기동\한국미인테라피\index.html","신규"
"한국미인테라피","서울","서울","동대문구","청량리동","E:\mong-lounge-site\massage\seoul\dongdaemun-gu\동대문구-출장마사지-회기-이문-청량리-공부-연구가-길어진-날-목-어깨의-긴장감-방문-홈케어\index.html","E:\mong-lounge-site\shops\seoul\dongdaemun-gu\청량리동\한국미인테라피\index.html","신규"
"한국미인테라피","서울","서울","동대문구","회기동","E:\mong-lounge-site\massage\seoul\dongdaemun-gu\동대문구-출장마사지-회기-이문-청량리-공부-연구가-길어진-날-목-어깨의-긴장감-방문-홈케어\index.html","E:\mong-lounge-site\shops\seoul\dongdaemun-gu\회기동\한국미인테라피\index.html","신규"
"한국미인테라피","서울","서울","동대문구","휘경동","E:\mong-lounge-site\massage\seoul\dongdaemun-gu\동대문구-출장마사지-회기-이문-청량리-공부-연구가-길어진-날-목-어깨의-긴장감-방문-홈케어\index.html","E:\mong-lounge-site\shops\seoul\dongdaemun-gu\휘경동\한국미인테라피\index.html","신규"
"한국미인테라피","서울","서울","동작구","노량진동","E:\mong-lounge-site\massage\seoul\dongjak-gu\동작구-출장마사지-상도-흑석-사당-긴-통근과-계단-이동이-이어진-날-허리-골반-주변-피로-방문-홈케어\index.html","E:\mong-lounge-site\shops\seoul\dongjak-gu\노량진동\한국미인테라피\index.html","신규"
"한국미인테라피","서울","서울","동작구","대방동","E:\mong-lounge-site\massage\seoul\dongjak-gu\동작구-출장마사지-상도-흑석-사당-긴-통근과-계단-이동이-이어진-날-허리-골반-주변-피로-방문-홈케어\index.html","E:\mong-lounge-site\shops\seoul\dongjak-gu\대방동\한국미인테라피\index.html","신규"
"한국미인테라피","서울","서울","동작구","사당동","E:\mong-lounge-site\massage\seoul\dongjak-gu\동작구-출장마사지-상도-흑석-사당-긴-통근과-계단-이동이-이어진-날-허리-골반-주변-피로-방문-홈케어\index.html","E:\mong-lounge-site\shops\seoul\dongjak-gu\사당동\한국미인테라피\index.html","신규"
"한국미인테라피","서울","서울","동작구","상도동","E:\mong-lounge-site\massage\seoul\dongjak-gu\동작구-출장마사지-상도-흑석-사당-긴-통근과-계단-이동이-이어진-날-허리-골반-주변-피로-방문-홈케어\index.html","E:\mong-lounge-site\shops\seoul\dongjak-gu\상도동\한국미인테라피\index.html","신규"
"한국미인테라피","서울","서울","동작구","신대방동","E:\mong-lounge-site\massage\seoul\dongjak-gu\동작구-출장마사지-상도-흑석-사당-긴-통근과-계단-이동이-이어진-날-허리-골반-주변-피로-방문-홈케어\index.html","E:\mong-lounge-site\shops\seoul\dongjak-gu\신대방동\한국미인테라피\index.html","신규"
"한국미인테라피","서울","서울","동작구","흑석동","E:\mong-lounge-site\massage\seoul\dongjak-gu\동작구-출장마사지-상도-흑석-사당-긴-통근과-계단-이동이-이어진-날-허리-골반-주변-피로-방문-홈케어\index.html","E:\mong-lounge-site\shops\seoul\dongjak-gu\흑석동\한국미인테라피\index.html","신규"
"한국미인테라피","서울","서울","마포구","공덕동","E:\mong-lounge-site\massage\seoul\mapo-gu\마포구-출장마사지-공덕-연남-합정-오피스-근무와-프리랜서-일정-어깨-허리-피로-방문-홈케어\index.html","E:\mong-lounge-site\shops\seoul\mapo-gu\공덕동\한국미인테라피\index.html","신규"
"한국미인테라피","서울","서울","마포구","대흥동","E:\mong-lounge-site\massage\seoul\mapo-gu\마포구-출장마사지-공덕-연남-합정-오피스-근무와-프리랜서-일정-어깨-허리-피로-방문-홈케어\index.html","E:\mong-lounge-site\shops\seoul\mapo-gu\대흥동\한국미인테라피\index.html","신규"
"한국미인테라피","서울","서울","마포구","도화동","E:\mong-lounge-site\massage\seoul\mapo-gu\마포구-출장마사지-공덕-연남-합정-오피스-근무와-프리랜서-일정-어깨-허리-피로-방문-홈케어\index.html","E:\mong-lounge-site\shops\seoul\mapo-gu\도화동\한국미인테라피\index.html","신규"
"한국미인테라피","서울","서울","마포구","망원동","E:\mong-lounge-site\massage\seoul\mapo-gu\마포구-출장마사지-공덕-연남-합정-오피스-근무와-프리랜서-일정-어깨-허리-피로-방문-홈케어\index.html","E:\mong-lounge-site\shops\seoul\mapo-gu\망원동\한국미인테라피\index.html","신규"
"한국미인테라피","서울","서울","마포구","상암동","E:\mong-lounge-site\massage\seoul\mapo-gu\마포구-출장마사지-공덕-연남-합정-오피스-근무와-프리랜서-일정-어깨-허리-피로-방문-홈케어\index.html","E:\mong-lounge-site\shops\seoul\mapo-gu\상암동\한국미인테라피\index.html","신규"
"한국미인테라피","서울","서울","마포구","서강동","E:\mong-lounge-site\massage\seoul\mapo-gu\마포구-출장마사지-공덕-연남-합정-오피스-근무와-프리랜서-일정-어깨-허리-피로-방문-홈케어\index.html","E:\mong-lounge-site\shops\seoul\mapo-gu\서강동\한국미인테라피\index.html","신규"
"한국미인테라피","서울","서울","마포구","서교동","E:\mong-lounge-site\massage\seoul\mapo-gu\마포구-출장마사지-공덕-연남-합정-오피스-근무와-프리랜서-일정-어깨-허리-피로-방문-홈케어\index.html","E:\mong-lounge-site\shops\seoul\mapo-gu\서교동\한국미인테라피\index.html","신규"
"한국미인테라피","서울","서울","마포구","성산동","E:\mong-lounge-site\massage\seoul\mapo-gu\마포구-출장마사지-공덕-연남-합정-오피스-근무와-프리랜서-일정-어깨-허리-피로-방문-홈케어\index.html","E:\mong-lounge-site\shops\seoul\mapo-gu\성산동\한국미인테라피\index.html","신규"
"한국미인테라피","서울","서울","마포구","신수동","E:\mong-lounge-site\massage\seoul\mapo-gu\마포구-출장마사지-공덕-연남-합정-오피스-근무와-프리랜서-일정-어깨-허리-피로-방문-홈케어\index.html","E:\mong-lounge-site\shops\seoul\mapo-gu\신수동\한국미인테라피\index.html","신규"
"한국미인테라피","서울","서울","마포구","아현동","E:\mong-lounge-site\massage\seoul\mapo-gu\마포구-출장마사지-공덕-연남-합정-오피스-근무와-프리랜서-일정-어깨-허리-피로-방문-홈케어\index.html","E:\mong-lounge-site\shops\seoul\mapo-gu\아현동\한국미인테라피\index.html","신규"
"한국미인테라피","서울","서울","마포구","연남동","E:\mong-lounge-site\massage\seoul\mapo-gu\마포구-출장마사지-공덕-연남-합정-오피스-근무와-프리랜서-일정-어깨-허리-피로-방문-홈케어\index.html","E:\mong-lounge-site\shops\seoul\mapo-gu\연남동\한국미인테라피\index.html","신규"
"한국미인테라피","서울","서울","마포구","염리동","E:\mong-lounge-site\massage\seoul\mapo-gu\마포구-출장마사지-공덕-연남-합정-오피스-근무와-프리랜서-일정-어깨-허리-피로-방문-홈케어\index.html","E:\mong-lounge-site\shops\seoul\mapo-gu\염리동\한국미인테라피\index.html","신규"
"한국미인테라피","서울","서울","마포구","용강동","E:\mong-lounge-site\massage\seoul\mapo-gu\마포구-출장마사지-공덕-연남-합정-오피스-근무와-프리랜서-일정-어깨-허리-피로-방문-홈케어\index.html","E:\mong-lounge-site\shops\seoul\mapo-gu\용강동\한국미인테라피\index.html","신규"
"한국미인테라피","서울","서울","마포구","합정동","E:\mong-lounge-site\massage\seoul\mapo-gu\마포구-출장마사지-공덕-연남-합정-오피스-근무와-프리랜서-일정-어깨-허리-피로-방문-홈케어\index.html","E:\mong-lounge-site\shops\seoul\mapo-gu\합정동\한국미인테라피\index.html","신규"
"한국미인테라피","서울","서울","서대문구","남가좌동","E:\mong-lounge-site\massage\seoul\seodaemun-gu\서대문구-출장마사지-홍제-북가좌-연희-집안일과-외출이-겹친-하루-어깨-허리-뻐근함-방문-홈케어\index.html","E:\mong-lounge-site\shops\seoul\seodaemun-gu\남가좌동\한국미인테라피\index.html","신규"
"한국미인테라피","서울","서울","서대문구","북가좌동","E:\mong-lounge-site\massage\seoul\seodaemun-gu\서대문구-출장마사지-홍제-북가좌-연희-집안일과-외출이-겹친-하루-어깨-허리-뻐근함-방문-홈케어\index.html","E:\mong-lounge-site\shops\seoul\seodaemun-gu\북가좌동\한국미인테라피\index.html","신규"
"한국미인테라피","서울","서울","서대문구","북아현동","E:\mong-lounge-site\massage\seoul\seodaemun-gu\서대문구-출장마사지-홍제-북가좌-연희-집안일과-외출이-겹친-하루-어깨-허리-뻐근함-방문-홈케어\index.html","E:\mong-lounge-site\shops\seoul\seodaemun-gu\북아현동\한국미인테라피\index.html","신규"
"한국미인테라피","서울","서울","서대문구","신촌동","E:\mong-lounge-site\massage\seoul\seodaemun-gu\서대문구-출장마사지-홍제-북가좌-연희-집안일과-외출이-겹친-하루-어깨-허리-뻐근함-방문-홈케어\index.html","E:\mong-lounge-site\shops\seoul\seodaemun-gu\신촌동\한국미인테라피\index.html","신규"
"한국미인테라피","서울","서울","서대문구","연희동","E:\mong-lounge-site\massage\seoul\seodaemun-gu\서대문구-출장마사지-홍제-북가좌-연희-집안일과-외출이-겹친-하루-어깨-허리-뻐근함-방문-홈케어\index.html","E:\mong-lounge-site\shops\seoul\seodaemun-gu\연희동\한국미인테라피\index.html","신규"
"한국미인테라피","서울","서울","서대문구","천연동","E:\mong-lounge-site\massage\seoul\seodaemun-gu\서대문구-출장마사지-홍제-북가좌-연희-집안일과-외출이-겹친-하루-어깨-허리-뻐근함-방문-홈케어\index.html","E:\mong-lounge-site\shops\seoul\seodaemun-gu\천연동\한국미인테라피\index.html","신규"
"한국미인테라피","서울","서울","서대문구","충현동","E:\mong-lounge-site\massage\seoul\seodaemun-gu\서대문구-출장마사지-홍제-북가좌-연희-집안일과-외출이-겹친-하루-어깨-허리-뻐근함-방문-홈케어\index.html","E:\mong-lounge-site\shops\seoul\seodaemun-gu\충현동\한국미인테라피\index.html","신규"
"한국미인테라피","서울","서울","서대문구","홍은동","E:\mong-lounge-site\massage\seoul\seodaemun-gu\서대문구-출장마사지-홍제-북가좌-연희-집안일과-외출이-겹친-하루-어깨-허리-뻐근함-방문-홈케어\index.html","E:\mong-lounge-site\shops\seoul\seodaemun-gu\홍은동\한국미인테라피\index.html","신규"
"한국미인테라피","서울","서울","서대문구","홍제동","E:\mong-lounge-site\massage\seoul\seodaemun-gu\서대문구-출장마사지-홍제-북가좌-연희-집안일과-외출이-겹친-하루-어깨-허리-뻐근함-방문-홈케어\index.html","E:\mong-lounge-site\shops\seoul\seodaemun-gu\홍제동\한국미인테라피\index.html","신규"
"한국미인테라피","서울","서울","서초구","내곡동","E:\mong-lounge-site\massage\seoul\seocho-gu\서초구-출장마사지-양재-서초-강남대로-야근과-회의가-길어진-날-목-어깨-눈의-피로-방문-홈케어\index.html","E:\mong-lounge-site\shops\seoul\seocho-gu\내곡동\한국미인테라피\index.html","신규"
"한국미인테라피","서울","서울","서초구","반포동","E:\mong-lounge-site\massage\seoul\seocho-gu\서초구-출장마사지-양재-서초-강남대로-야근과-회의가-길어진-날-목-어깨-눈의-피로-방문-홈케어\index.html","E:\mong-lounge-site\shops\seoul\seocho-gu\반포동\한국미인테라피\index.html","신규"
"한국미인테라피","서울","서울","서초구","반포본동","E:\mong-lounge-site\massage\seoul\seocho-gu\서초구-출장마사지-양재-서초-강남대로-야근과-회의가-길어진-날-목-어깨-눈의-피로-방문-홈케어\index.html","E:\mong-lounge-site\shops\seoul\seocho-gu\반포본동\한국미인테라피\index.html","신규"
"한국미인테라피","서울","서울","서초구","방배동","E:\mong-lounge-site\massage\seoul\seocho-gu\서초구-출장마사지-양재-서초-강남대로-야근과-회의가-길어진-날-목-어깨-눈의-피로-방문-홈케어\index.html","E:\mong-lounge-site\shops\seoul\seocho-gu\방배동\한국미인테라피\index.html","신규"
"한국미인테라피","서울","서울","서초구","방배본동","E:\mong-lounge-site\massage\seoul\seocho-gu\서초구-출장마사지-양재-서초-강남대로-야근과-회의가-길어진-날-목-어깨-눈의-피로-방문-홈케어\index.html","E:\mong-lounge-site\shops\seoul\seocho-gu\방배본동\한국미인테라피\index.html","신규"
"한국미인테라피","서울","서울","서초구","서초동","E:\mong-lounge-site\massage\seoul\seocho-gu\서초구-출장마사지-양재-서초-강남대로-야근과-회의가-길어진-날-목-어깨-눈의-피로-방문-홈케어\index.html","E:\mong-lounge-site\shops\seoul\seocho-gu\서초동\한국미인테라피\index.html","신규"
"한국미인테라피","서울","서울","서초구","양재동","E:\mong-lounge-site\massage\seoul\seocho-gu\서초구-출장마사지-양재-서초-강남대로-야근과-회의가-길어진-날-목-어깨-눈의-피로-방문-홈케어\index.html","E:\mong-lounge-site\shops\seoul\seocho-gu\양재동\한국미인테라피\index.html","신규"
"한국미인테라피","서울","서울","서초구","잠원동","E:\mong-lounge-site\massage\seoul\seocho-gu\서초구-출장마사지-양재-서초-강남대로-야근과-회의가-길어진-날-목-어깨-눈의-피로-방문-홈케어\index.html","E:\mong-lounge-site\shops\seoul\seocho-gu\잠원동\한국미인테라피\index.html","신규"
"한국미인테라피","서울","서울","성동구","3가동","E:\mong-lounge-site\massage\seoul\seongdong-gu\성동구-출장마사지-왕십리-행당-성수-통근과-약속이-이어진-하루-전신-피로-방문-홈케어\index.html","E:\mong-lounge-site\shops\seoul\seongdong-gu\3가동\한국미인테라피\index.html","신규"
"한국미인테라피","서울","서울","성동구","금호1가동","E:\mong-lounge-site\massage\seoul\seongdong-gu\성동구-출장마사지-왕십리-행당-성수-통근과-약속이-이어진-하루-전신-피로-방문-홈케어\index.html","E:\mong-lounge-site\shops\seoul\seongdong-gu\금호1가동\한국미인테라피\index.html","신규"
"한국미인테라피","서울","서울","성동구","금호4가동","E:\mong-lounge-site\massage\seoul\seongdong-gu\성동구-출장마사지-왕십리-행당-성수-통근과-약속이-이어진-하루-전신-피로-방문-홈케어\index.html","E:\mong-lounge-site\shops\seoul\seongdong-gu\금호4가동\한국미인테라피\index.html","신규"
"한국미인테라피","서울","서울","성동구","마장동","E:\mong-lounge-site\massage\seoul\seongdong-gu\성동구-출장마사지-왕십리-행당-성수-통근과-약속이-이어진-하루-전신-피로-방문-홈케어\index.html","E:\mong-lounge-site\shops\seoul\seongdong-gu\마장동\한국미인테라피\index.html","신규"
"한국미인테라피","서울","서울","성동구","사근동","E:\mong-lounge-site\massage\seoul\seongdong-gu\성동구-출장마사지-왕십리-행당-성수-통근과-약속이-이어진-하루-전신-피로-방문-홈케어\index.html","E:\mong-lounge-site\shops\seoul\seongdong-gu\사근동\한국미인테라피\index.html","신규"
"한국미인테라피","서울","서울","성동구","성수1가제1동","E:\mong-lounge-site\massage\seoul\seongdong-gu\성동구-출장마사지-왕십리-행당-성수-통근과-약속이-이어진-하루-전신-피로-방문-홈케어\index.html","E:\mong-lounge-site\shops\seoul\seongdong-gu\성수1가제1동\한국미인테라피\index.html","신규"
"한국미인테라피","서울","서울","성동구","성수1가제2동","E:\mong-lounge-site\massage\seoul\seongdong-gu\성동구-출장마사지-왕십리-행당-성수-통근과-약속이-이어진-하루-전신-피로-방문-홈케어\index.html","E:\mong-lounge-site\shops\seoul\seongdong-gu\성수1가제2동\한국미인테라피\index.html","신규"
"한국미인테라피","서울","서울","성동구","성수2가제1동","E:\mong-lounge-site\massage\seoul\seongdong-gu\성동구-출장마사지-왕십리-행당-성수-통근과-약속이-이어진-하루-전신-피로-방문-홈케어\index.html","E:\mong-lounge-site\shops\seoul\seongdong-gu\성수2가제1동\한국미인테라피\index.html","신규"
"한국미인테라피","서울","서울","성동구","성수2가제3동","E:\mong-lounge-site\massage\seoul\seongdong-gu\성동구-출장마사지-왕십리-행당-성수-통근과-약속이-이어진-하루-전신-피로-방문-홈케어\index.html","E:\mong-lounge-site\shops\seoul\seongdong-gu\성수2가제3동\한국미인테라피\index.html","신규"
"한국미인테라피","서울","서울","성동구","송정동","E:\mong-lounge-site\massage\seoul\seongdong-gu\성동구-출장마사지-왕십리-행당-성수-통근과-약속이-이어진-하루-전신-피로-방문-홈케어\index.html","E:\mong-lounge-site\shops\seoul\seongdong-gu\송정동\한국미인테라피\index.html","신규"
"한국미인테라피","서울","서울","성동구","옥수동","E:\mong-lounge-site\massage\seoul\seongdong-gu\성동구-출장마사지-왕십리-행당-성수-통근과-약속이-이어진-하루-전신-피로-방문-홈케어\index.html","E:\mong-lounge-site\shops\seoul\seongdong-gu\옥수동\한국미인테라피\index.html","신규"
"한국미인테라피","서울","서울","성동구","왕십리도선동","E:\mong-lounge-site\massage\seoul\seongdong-gu\성동구-출장마사지-왕십리-행당-성수-통근과-약속이-이어진-하루-전신-피로-방문-홈케어\index.html","E:\mong-lounge-site\shops\seoul\seongdong-gu\왕십리도선동\한국미인테라피\index.html","신규"
"한국미인테라피","서울","서울","성동구","왕십리동","E:\mong-lounge-site\massage\seoul\seongdong-gu\성동구-출장마사지-왕십리-행당-성수-통근과-약속이-이어진-하루-전신-피로-방문-홈케어\index.html","E:\mong-lounge-site\shops\seoul\seongdong-gu\왕십리동\한국미인테라피\index.html","신규"
"한국미인테라피","서울","서울","성동구","용답동","E:\mong-lounge-site\massage\seoul\seongdong-gu\성동구-출장마사지-왕십리-행당-성수-통근과-약속이-이어진-하루-전신-피로-방문-홈케어\index.html","E:\mong-lounge-site\shops\seoul\seongdong-gu\용답동\한국미인테라피\index.html","신규"
"한국미인테라피","서울","서울","성동구","응봉동","E:\mong-lounge-site\massage\seoul\seongdong-gu\성동구-출장마사지-왕십리-행당-성수-통근과-약속이-이어진-하루-전신-피로-방문-홈케어\index.html","E:\mong-lounge-site\shops\seoul\seongdong-gu\응봉동\한국미인테라피\index.html","신규"
"한국미인테라피","서울","서울","성동구","행당동","E:\mong-lounge-site\massage\seoul\seongdong-gu\성동구-출장마사지-왕십리-행당-성수-통근과-약속이-이어진-하루-전신-피로-방문-홈케어\index.html","E:\mong-lounge-site\shops\seoul\seongdong-gu\행당동\한국미인테라피\index.html","신규"
"한국미인테라피","서울","서울","성북구","길음동","E:\mong-lounge-site\massage\seoul\seongbuk-gu\성북구-출장마사지-정릉-돈암-길음-집안일과-일상-활동이-길어진-날-어깨-목의-뻐근함-방문-홈케어\index.html","E:\mong-lounge-site\shops\seoul\seongbuk-gu\길음동\한국미인테라피\index.html","신규"
"한국미인테라피","서울","서울","성북구","돈암동","E:\mong-lounge-site\massage\seoul\seongbuk-gu\성북구-출장마사지-정릉-돈암-길음-집안일과-일상-활동이-길어진-날-어깨-목의-뻐근함-방문-홈케어\index.html","E:\mong-lounge-site\shops\seoul\seongbuk-gu\돈암동\한국미인테라피\index.html","신규"
"한국미인테라피","서울","서울","성북구","동선동","E:\mong-lounge-site\massage\seoul\seongbuk-gu\성북구-출장마사지-정릉-돈암-길음-집안일과-일상-활동이-길어진-날-어깨-목의-뻐근함-방문-홈케어\index.html","E:\mong-lounge-site\shops\seoul\seongbuk-gu\동선동\한국미인테라피\index.html","신규"
"한국미인테라피","서울","서울","성북구","보문동","E:\mong-lounge-site\massage\seoul\seongbuk-gu\성북구-출장마사지-정릉-돈암-길음-집안일과-일상-활동이-길어진-날-어깨-목의-뻐근함-방문-홈케어\index.html","E:\mong-lounge-site\shops\seoul\seongbuk-gu\보문동\한국미인테라피\index.html","신규"
"한국미인테라피","서울","서울","성북구","삼선동","E:\mong-lounge-site\massage\seoul\seongbuk-gu\성북구-출장마사지-정릉-돈암-길음-집안일과-일상-활동이-길어진-날-어깨-목의-뻐근함-방문-홈케어\index.html","E:\mong-lounge-site\shops\seoul\seongbuk-gu\삼선동\한국미인테라피\index.html","신규"
"한국미인테라피","서울","서울","성북구","석관동","E:\mong-lounge-site\massage\seoul\seongbuk-gu\성북구-출장마사지-정릉-돈암-길음-집안일과-일상-활동이-길어진-날-어깨-목의-뻐근함-방문-홈케어\index.html","E:\mong-lounge-site\shops\seoul\seongbuk-gu\석관동\한국미인테라피\index.html","신규"
"한국미인테라피","서울","서울","성북구","성북동","E:\mong-lounge-site\massage\seoul\seongbuk-gu\성북구-출장마사지-정릉-돈암-길음-집안일과-일상-활동이-길어진-날-어깨-목의-뻐근함-방문-홈케어\index.html","E:\mong-lounge-site\shops\seoul\seongbuk-gu\성북동\한국미인테라피\index.html","신규"
"한국미인테라피","서울","서울","성북구","안암동","E:\mong-lounge-site\massage\seoul\seongbuk-gu\성북구-출장마사지-정릉-돈암-길음-집안일과-일상-활동이-길어진-날-어깨-목의-뻐근함-방문-홈케어\index.html","E:\mong-lounge-site\shops\seoul\seongbuk-gu\안암동\한국미인테라피\index.html","신규"
"한국미인테라피","서울","서울","성북구","월곡동","E:\mong-lounge-site\massage\seoul\seongbuk-gu\성북구-출장마사지-정릉-돈암-길음-집안일과-일상-활동이-길어진-날-어깨-목의-뻐근함-방문-홈케어\index.html","E:\mong-lounge-site\shops\seoul\seongbuk-gu\월곡동\한국미인테라피\index.html","신규"
"한국미인테라피","서울","서울","성북구","장위동","E:\mong-lounge-site\massage\seoul\seongbuk-gu\성북구-출장마사지-정릉-돈암-길음-집안일과-일상-활동이-길어진-날-어깨-목의-뻐근함-방문-홈케어\index.html","E:\mong-lounge-site\shops\seoul\seongbuk-gu\장위동\한국미인테라피\index.html","신규"
"한국미인테라피","서울","서울","성북구","정릉동","E:\mong-lounge-site\massage\seoul\seongbuk-gu\성북구-출장마사지-정릉-돈암-길음-집안일과-일상-활동이-길어진-날-어깨-목의-뻐근함-방문-홈케어\index.html","E:\mong-lounge-site\shops\seoul\seongbuk-gu\정릉동\한국미인테라피\index.html","신규"
"한국미인테라피","서울","서울","성북구","종암동","E:\mong-lounge-site\massage\seoul\seongbuk-gu\성북구-출장마사지-정릉-돈암-길음-집안일과-일상-활동이-길어진-날-어깨-목의-뻐근함-방문-홈케어\index.html","E:\mong-lounge-site\shops\seoul\seongbuk-gu\종암동\한국미인테라피\index.html","신규"
"한국미인테라피","서울","서울","송파구","가락동","E:\mong-lounge-site\massage\seoul\songpa-gu\송파구-출장마사지-문정-법조타운-잠실-야근과-장시간-화면-업무-어깨-목-눈의-피로-방문-홈케어\index.html","E:\mong-lounge-site\shops\seoul\songpa-gu\가락동\한국미인테라피\index.html","신규"
"한국미인테라피","서울","서울","송파구","가락본동","E:\mong-lounge-site\massage\seoul\songpa-gu\송파구-출장마사지-문정-법조타운-잠실-야근과-장시간-화면-업무-어깨-목-눈의-피로-방문-홈케어\index.html","E:\mong-lounge-site\shops\seoul\songpa-gu\가락본동\한국미인테라피\index.html","신규"
"한국미인테라피","서울","서울","송파구","거여동","E:\mong-lounge-site\massage\seoul\songpa-gu\송파구-출장마사지-문정-법조타운-잠실-야근과-장시간-화면-업무-어깨-목-눈의-피로-방문-홈케어\index.html","E:\mong-lounge-site\shops\seoul\songpa-gu\거여동\한국미인테라피\index.html","신규"
"한국미인테라피","서울","서울","송파구","마천동","E:\mong-lounge-site\massage\seoul\songpa-gu\송파구-출장마사지-문정-법조타운-잠실-야근과-장시간-화면-업무-어깨-목-눈의-피로-방문-홈케어\index.html","E:\mong-lounge-site\shops\seoul\songpa-gu\마천동\한국미인테라피\index.html","신규"
"한국미인테라피","서울","서울","송파구","문정동","E:\mong-lounge-site\massage\seoul\songpa-gu\송파구-출장마사지-문정-법조타운-잠실-야근과-장시간-화면-업무-어깨-목-눈의-피로-방문-홈케어\index.html","E:\mong-lounge-site\shops\seoul\songpa-gu\문정동\한국미인테라피\index.html","신규"
"한국미인테라피","서울","서울","송파구","방이동","E:\mong-lounge-site\massage\seoul\songpa-gu\송파구-출장마사지-문정-법조타운-잠실-야근과-장시간-화면-업무-어깨-목-눈의-피로-방문-홈케어\index.html","E:\mong-lounge-site\shops\seoul\songpa-gu\방이동\한국미인테라피\index.html","신규"
"한국미인테라피","서울","서울","송파구","삼전동","E:\mong-lounge-site\massage\seoul\songpa-gu\송파구-출장마사지-문정-법조타운-잠실-야근과-장시간-화면-업무-어깨-목-눈의-피로-방문-홈케어\index.html","E:\mong-lounge-site\shops\seoul\songpa-gu\삼전동\한국미인테라피\index.html","신규"
"한국미인테라피","서울","서울","송파구","석촌동","E:\mong-lounge-site\massage\seoul\songpa-gu\송파구-출장마사지-문정-법조타운-잠실-야근과-장시간-화면-업무-어깨-목-눈의-피로-방문-홈케어\index.html","E:\mong-lounge-site\shops\seoul\songpa-gu\석촌동\한국미인테라피\index.html","신규"
"한국미인테라피","서울","서울","송파구","송파동","E:\mong-lounge-site\massage\seoul\songpa-gu\송파구-출장마사지-문정-법조타운-잠실-야근과-장시간-화면-업무-어깨-목-눈의-피로-방문-홈케어\index.html","E:\mong-lounge-site\shops\seoul\songpa-gu\송파동\한국미인테라피\index.html","신규"
"한국미인테라피","서울","서울","송파구","오금동","E:\mong-lounge-site\massage\seoul\songpa-gu\송파구-출장마사지-문정-법조타운-잠실-야근과-장시간-화면-업무-어깨-목-눈의-피로-방문-홈케어\index.html","E:\mong-lounge-site\shops\seoul\songpa-gu\오금동\한국미인테라피\index.html","신규"
"한국미인테라피","서울","서울","송파구","오륜동","E:\mong-lounge-site\massage\seoul\songpa-gu\송파구-출장마사지-문정-법조타운-잠실-야근과-장시간-화면-업무-어깨-목-눈의-피로-방문-홈케어\index.html","E:\mong-lounge-site\shops\seoul\songpa-gu\오륜동\한국미인테라피\index.html","신규"
"한국미인테라피","서울","서울","송파구","위례동","E:\mong-lounge-site\massage\seoul\songpa-gu\송파구-출장마사지-문정-법조타운-잠실-야근과-장시간-화면-업무-어깨-목-눈의-피로-방문-홈케어\index.html","E:\mong-lounge-site\shops\seoul\songpa-gu\위례동\한국미인테라피\index.html","신규"
"한국미인테라피","서울","서울","송파구","잠실동","E:\mong-lounge-site\massage\seoul\songpa-gu\송파구-출장마사지-문정-법조타운-잠실-야근과-장시간-화면-업무-어깨-목-눈의-피로-방문-홈케어\index.html","E:\mong-lounge-site\shops\seoul\songpa-gu\잠실동\한국미인테라피\index.html","신규"
"한국미인테라피","서울","서울","송파구","잠실본동","E:\mong-lounge-site\massage\seoul\songpa-gu\송파구-출장마사지-문정-법조타운-잠실-야근과-장시간-화면-업무-어깨-목-눈의-피로-방문-홈케어\index.html","E:\mong-lounge-site\shops\seoul\songpa-gu\잠실본동\한국미인테라피\index.html","신규"
"한국미인테라피","서울","서울","송파구","장지동","E:\mong-lounge-site\massage\seoul\songpa-gu\송파구-출장마사지-문정-법조타운-잠실-야근과-장시간-화면-업무-어깨-목-눈의-피로-방문-홈케어\index.html","E:\mong-lounge-site\shops\seoul\songpa-gu\장지동\한국미인테라피\index.html","신규"
"한국미인테라피","서울","서울","송파구","풍납동","E:\mong-lounge-site\massage\seoul\songpa-gu\송파구-출장마사지-문정-법조타운-잠실-야근과-장시간-화면-업무-어깨-목-눈의-피로-방문-홈케어\index.html","E:\mong-lounge-site\shops\seoul\songpa-gu\풍납동\한국미인테라피\index.html","신규"
"한국미인테라피","서울","서울","양천구","목동","E:\mong-lounge-site\massage\seoul\yangcheon-gu\양천구-출장마사지-신정-신월-목동-강의와-장시간-발성이-이어진-날-목-어깨의-뻐근함-방문-홈케어\index.html","E:\mong-lounge-site\shops\seoul\yangcheon-gu\목동\한국미인테라피\index.html","신규"
"한국미인테라피","서울","서울","양천구","신월동","E:\mong-lounge-site\massage\seoul\yangcheon-gu\양천구-출장마사지-신정-신월-목동-강의와-장시간-발성이-이어진-날-목-어깨의-뻐근함-방문-홈케어\index.html","E:\mong-lounge-site\shops\seoul\yangcheon-gu\신월동\한국미인테라피\index.html","신규"
"한국미인테라피","서울","서울","양천구","신정동","E:\mong-lounge-site\massage\seoul\yangcheon-gu\양천구-출장마사지-신정-신월-목동-강의와-장시간-발성이-이어진-날-목-어깨의-뻐근함-방문-홈케어\index.html","E:\mong-lounge-site\shops\seoul\yangcheon-gu\신정동\한국미인테라피\index.html","신규"
"한국미인테라피","서울","서울","영등포구","당산동","E:\mong-lounge-site\massage\seoul\yeongdeungpo-gu\영등포구-출장마사지-문래-영등포-여의도-판매-제조-오피스-일정이-겹친-날-다리-손목-피로-방문-홈케어\index.html","E:\mong-lounge-site\shops\seoul\yeongdeungpo-gu\당산동\한국미인테라피\index.html","신규"
"한국미인테라피","서울","서울","영등포구","대림동","E:\mong-lounge-site\massage\seoul\yeongdeungpo-gu\영등포구-출장마사지-문래-영등포-여의도-판매-제조-오피스-일정이-겹친-날-다리-손목-피로-방문-홈케어\index.html","E:\mong-lounge-site\shops\seoul\yeongdeungpo-gu\대림동\한국미인테라피\index.html","신규"
"한국미인테라피","서울","서울","영등포구","도림동","E:\mong-lounge-site\massage\seoul\yeongdeungpo-gu\영등포구-출장마사지-문래-영등포-여의도-판매-제조-오피스-일정이-겹친-날-다리-손목-피로-방문-홈케어\index.html","E:\mong-lounge-site\shops\seoul\yeongdeungpo-gu\도림동\한국미인테라피\index.html","신규"
"한국미인테라피","서울","서울","영등포구","문래동","E:\mong-lounge-site\massage\seoul\yeongdeungpo-gu\영등포구-출장마사지-문래-영등포-여의도-판매-제조-오피스-일정이-겹친-날-다리-손목-피로-방문-홈케어\index.html","E:\mong-lounge-site\shops\seoul\yeongdeungpo-gu\문래동\한국미인테라피\index.html","신규"
"한국미인테라피","서울","서울","영등포구","신길동","E:\mong-lounge-site\massage\seoul\yeongdeungpo-gu\영등포구-출장마사지-문래-영등포-여의도-판매-제조-오피스-일정이-겹친-날-다리-손목-피로-방문-홈케어\index.html","E:\mong-lounge-site\shops\seoul\yeongdeungpo-gu\신길동\한국미인테라피\index.html","신규"
"한국미인테라피","서울","서울","영등포구","양평동","E:\mong-lounge-site\massage\seoul\yeongdeungpo-gu\영등포구-출장마사지-문래-영등포-여의도-판매-제조-오피스-일정이-겹친-날-다리-손목-피로-방문-홈케어\index.html","E:\mong-lounge-site\shops\seoul\yeongdeungpo-gu\양평동\한국미인테라피\index.html","신규"
"한국미인테라피","서울","서울","영등포구","여의동","E:\mong-lounge-site\massage\seoul\yeongdeungpo-gu\영등포구-출장마사지-문래-영등포-여의도-판매-제조-오피스-일정이-겹친-날-다리-손목-피로-방문-홈케어\index.html","E:\mong-lounge-site\shops\seoul\yeongdeungpo-gu\여의동\한국미인테라피\index.html","신규"
"한국미인테라피","서울","서울","영등포구","영등포동","E:\mong-lounge-site\massage\seoul\yeongdeungpo-gu\영등포구-출장마사지-문래-영등포-여의도-판매-제조-오피스-일정이-겹친-날-다리-손목-피로-방문-홈케어\index.html","E:\mong-lounge-site\shops\seoul\yeongdeungpo-gu\영등포동\한국미인테라피\index.html","신규"
"한국미인테라피","서울","서울","영등포구","영등포본동","E:\mong-lounge-site\massage\seoul\yeongdeungpo-gu\영등포구-출장마사지-문래-영등포-여의도-판매-제조-오피스-일정이-겹친-날-다리-손목-피로-방문-홈케어\index.html","E:\mong-lounge-site\shops\seoul\yeongdeungpo-gu\영등포본동\한국미인테라피\index.html","신규"
"한국미인테라피","서울","서울","용산구","남영동","E:\mong-lounge-site\massage\seoul\yongsan-gu\용산구-출장마사지-이촌-한강로-신용산-주거와-오피스를-오가는-긴-하루-어깨-허리-뻐근함-방문-홈케어\index.html","E:\mong-lounge-site\shops\seoul\yongsan-gu\남영동\한국미인테라피\index.html","신규"
"한국미인테라피","서울","서울","용산구","보광동","E:\mong-lounge-site\massage\seoul\yongsan-gu\용산구-출장마사지-이촌-한강로-신용산-주거와-오피스를-오가는-긴-하루-어깨-허리-뻐근함-방문-홈케어\index.html","E:\mong-lounge-site\shops\seoul\yongsan-gu\보광동\한국미인테라피\index.html","신규"
"한국미인테라피","서울","서울","용산구","서빙고동","E:\mong-lounge-site\massage\seoul\yongsan-gu\용산구-출장마사지-이촌-한강로-신용산-주거와-오피스를-오가는-긴-하루-어깨-허리-뻐근함-방문-홈케어\index.html","E:\mong-lounge-site\shops\seoul\yongsan-gu\서빙고동\한국미인테라피\index.html","신규"
"한국미인테라피","서울","서울","용산구","용문동","E:\mong-lounge-site\massage\seoul\yongsan-gu\용산구-출장마사지-이촌-한강로-신용산-주거와-오피스를-오가는-긴-하루-어깨-허리-뻐근함-방문-홈케어\index.html","E:\mong-lounge-site\shops\seoul\yongsan-gu\용문동\한국미인테라피\index.html","신규"
"한국미인테라피","서울","서울","용산구","용산2가동","E:\mong-lounge-site\massage\seoul\yongsan-gu\용산구-출장마사지-이촌-한강로-신용산-주거와-오피스를-오가는-긴-하루-어깨-허리-뻐근함-방문-홈케어\index.html","E:\mong-lounge-site\shops\seoul\yongsan-gu\용산2가동\한국미인테라피\index.html","신규"
"한국미인테라피","서울","서울","용산구","원효로동","E:\mong-lounge-site\massage\seoul\yongsan-gu\용산구-출장마사지-이촌-한강로-신용산-주거와-오피스를-오가는-긴-하루-어깨-허리-뻐근함-방문-홈케어\index.html","E:\mong-lounge-site\shops\seoul\yongsan-gu\원효로동\한국미인테라피\index.html","신규"
"한국미인테라피","서울","서울","용산구","이촌동","E:\mong-lounge-site\massage\seoul\yongsan-gu\용산구-출장마사지-이촌-한강로-신용산-주거와-오피스를-오가는-긴-하루-어깨-허리-뻐근함-방문-홈케어\index.html","E:\mong-lounge-site\shops\seoul\yongsan-gu\이촌동\한국미인테라피\index.html","신규"
"한국미인테라피","서울","서울","용산구","이태원동","E:\mong-lounge-site\massage\seoul\yongsan-gu\용산구-출장마사지-이촌-한강로-신용산-주거와-오피스를-오가는-긴-하루-어깨-허리-뻐근함-방문-홈케어\index.html","E:\mong-lounge-site\shops\seoul\yongsan-gu\이태원동\한국미인테라피\index.html","신규"
"한국미인테라피","서울","서울","용산구","청파동","E:\mong-lounge-site\massage\seoul\yongsan-gu\용산구-출장마사지-이촌-한강로-신용산-주거와-오피스를-오가는-긴-하루-어깨-허리-뻐근함-방문-홈케어\index.html","E:\mong-lounge-site\shops\seoul\yongsan-gu\청파동\한국미인테라피\index.html","신규"
"한국미인테라피","서울","서울","용산구","한강로동","E:\mong-lounge-site\massage\seoul\yongsan-gu\용산구-출장마사지-이촌-한강로-신용산-주거와-오피스를-오가는-긴-하루-어깨-허리-뻐근함-방문-홈케어\index.html","E:\mong-lounge-site\shops\seoul\yongsan-gu\한강로동\한국미인테라피\index.html","신규"
"한국미인테라피","서울","서울","용산구","한남동","E:\mong-lounge-site\massage\seoul\yongsan-gu\용산구-출장마사지-이촌-한강로-신용산-주거와-오피스를-오가는-긴-하루-어깨-허리-뻐근함-방문-홈케어\index.html","E:\mong-lounge-site\shops\seoul\yongsan-gu\한남동\한국미인테라피\index.html","신규"
"한국미인테라피","서울","서울","용산구","효창동","E:\mong-lounge-site\massage\seoul\yongsan-gu\용산구-출장마사지-이촌-한강로-신용산-주거와-오피스를-오가는-긴-하루-어깨-허리-뻐근함-방문-홈케어\index.html","E:\mong-lounge-site\shops\seoul\yongsan-gu\효창동\한국미인테라피\index.html","신규"
"한국미인테라피","서울","서울","용산구","후암동","E:\mong-lounge-site\massage\seoul\yongsan-gu\용산구-출장마사지-이촌-한강로-신용산-주거와-오피스를-오가는-긴-하루-어깨-허리-뻐근함-방문-홈케어\index.html","E:\mong-lounge-site\shops\seoul\yongsan-gu\후암동\한국미인테라피\index.html","신규"
"한국미인테라피","서울","서울","은평구","갈현동","E:\mong-lounge-site\massage\seoul\eunpyeong-gu\은평구-출장마사지-응암-역촌-불광-생활-이동과-장보기-일정-허리-어깨-피로-방문-홈케어\index.html","E:\mong-lounge-site\shops\seoul\eunpyeong-gu\갈현동\한국미인테라피\index.html","신규"
"한국미인테라피","서울","서울","은평구","구산동","E:\mong-lounge-site\massage\seoul\eunpyeong-gu\은평구-출장마사지-응암-역촌-불광-생활-이동과-장보기-일정-허리-어깨-피로-방문-홈케어\index.html","E:\mong-lounge-site\shops\seoul\eunpyeong-gu\구산동\한국미인테라피\index.html","신규"
"한국미인테라피","서울","서울","은평구","녹번동","E:\mong-lounge-site\massage\seoul\eunpyeong-gu\은평구-출장마사지-응암-역촌-불광-생활-이동과-장보기-일정-허리-어깨-피로-방문-홈케어\index.html","E:\mong-lounge-site\shops\seoul\eunpyeong-gu\녹번동\한국미인테라피\index.html","신규"
"한국미인테라피","서울","서울","은평구","대조동","E:\mong-lounge-site\massage\seoul\eunpyeong-gu\은평구-출장마사지-응암-역촌-불광-생활-이동과-장보기-일정-허리-어깨-피로-방문-홈케어\index.html","E:\mong-lounge-site\shops\seoul\eunpyeong-gu\대조동\한국미인테라피\index.html","신규"
"한국미인테라피","서울","서울","은평구","불광동","E:\mong-lounge-site\massage\seoul\eunpyeong-gu\은평구-출장마사지-응암-역촌-불광-생활-이동과-장보기-일정-허리-어깨-피로-방문-홈케어\index.html","E:\mong-lounge-site\shops\seoul\eunpyeong-gu\불광동\한국미인테라피\index.html","신규"
"한국미인테라피","서울","서울","은평구","수색동","E:\mong-lounge-site\massage\seoul\eunpyeong-gu\은평구-출장마사지-응암-역촌-불광-생활-이동과-장보기-일정-허리-어깨-피로-방문-홈케어\index.html","E:\mong-lounge-site\shops\seoul\eunpyeong-gu\수색동\한국미인테라피\index.html","신규"
"한국미인테라피","서울","서울","은평구","신사동","E:\mong-lounge-site\massage\seoul\eunpyeong-gu\은평구-출장마사지-응암-역촌-불광-생활-이동과-장보기-일정-허리-어깨-피로-방문-홈케어\index.html","E:\mong-lounge-site\shops\seoul\eunpyeong-gu\신사동\한국미인테라피\index.html","신규"
"한국미인테라피","서울","서울","은평구","역촌동","E:\mong-lounge-site\massage\seoul\eunpyeong-gu\은평구-출장마사지-응암-역촌-불광-생활-이동과-장보기-일정-허리-어깨-피로-방문-홈케어\index.html","E:\mong-lounge-site\shops\seoul\eunpyeong-gu\역촌동\한국미인테라피\index.html","신규"
"한국미인테라피","서울","서울","은평구","응암동","E:\mong-lounge-site\massage\seoul\eunpyeong-gu\은평구-출장마사지-응암-역촌-불광-생활-이동과-장보기-일정-허리-어깨-피로-방문-홈케어\index.html","E:\mong-lounge-site\shops\seoul\eunpyeong-gu\응암동\한국미인테라피\index.html","신규"
"한국미인테라피","서울","서울","은평구","증산동","E:\mong-lounge-site\massage\seoul\eunpyeong-gu\은평구-출장마사지-응암-역촌-불광-생활-이동과-장보기-일정-허리-어깨-피로-방문-홈케어\index.html","E:\mong-lounge-site\shops\seoul\eunpyeong-gu\증산동\한국미인테라피\index.html","신규"
"한국미인테라피","서울","서울","은평구","진관동","E:\mong-lounge-site\massage\seoul\eunpyeong-gu\은평구-출장마사지-응암-역촌-불광-생활-이동과-장보기-일정-허리-어깨-피로-방문-홈케어\index.html","E:\mong-lounge-site\shops\seoul\eunpyeong-gu\진관동\한국미인테라피\index.html","신규"
"한국미인테라피","서울","서울","종로구","4가동","E:\mong-lounge-site\massage\seoul\jongno-gu\종로구-출장마사지-혜화-대학로-종로5가-공연-관람-뒤-오래-걷는-일정-다리-발의-무거움-방문-홈케어\index.html","E:\mong-lounge-site\shops\seoul\jongno-gu\4가동\한국미인테라피\index.html","신규"
"한국미인테라피","서울","서울","종로구","6가동","E:\mong-lounge-site\massage\seoul\jongno-gu\종로구-출장마사지-혜화-대학로-종로5가-공연-관람-뒤-오래-걷는-일정-다리-발의-무거움-방문-홈케어\index.html","E:\mong-lounge-site\shops\seoul\jongno-gu\6가동\한국미인테라피\index.html","신규"
"한국미인테라피","서울","서울","종로구","가회동","E:\mong-lounge-site\massage\seoul\jongno-gu\종로구-출장마사지-혜화-대학로-종로5가-공연-관람-뒤-오래-걷는-일정-다리-발의-무거움-방문-홈케어\index.html","E:\mong-lounge-site\shops\seoul\jongno-gu\가회동\한국미인테라피\index.html","신규"
"한국미인테라피","서울","서울","종로구","교남동","E:\mong-lounge-site\massage\seoul\jongno-gu\종로구-출장마사지-혜화-대학로-종로5가-공연-관람-뒤-오래-걷는-일정-다리-발의-무거움-방문-홈케어\index.html","E:\mong-lounge-site\shops\seoul\jongno-gu\교남동\한국미인테라피\index.html","신규"
"한국미인테라피","서울","서울","종로구","무악동","E:\mong-lounge-site\massage\seoul\jongno-gu\종로구-출장마사지-혜화-대학로-종로5가-공연-관람-뒤-오래-걷는-일정-다리-발의-무거움-방문-홈케어\index.html","E:\mong-lounge-site\shops\seoul\jongno-gu\무악동\한국미인테라피\index.html","신규"
"한국미인테라피","서울","서울","종로구","부암동","E:\mong-lounge-site\massage\seoul\jongno-gu\종로구-출장마사지-혜화-대학로-종로5가-공연-관람-뒤-오래-걷는-일정-다리-발의-무거움-방문-홈케어\index.html","E:\mong-lounge-site\shops\seoul\jongno-gu\부암동\한국미인테라피\index.html","신규"
"한국미인테라피","서울","서울","종로구","사직동","E:\mong-lounge-site\massage\seoul\jongno-gu\종로구-출장마사지-혜화-대학로-종로5가-공연-관람-뒤-오래-걷는-일정-다리-발의-무거움-방문-홈케어\index.html","E:\mong-lounge-site\shops\seoul\jongno-gu\사직동\한국미인테라피\index.html","신규"
"한국미인테라피","서울","서울","종로구","삼청동","E:\mong-lounge-site\massage\seoul\jongno-gu\종로구-출장마사지-혜화-대학로-종로5가-공연-관람-뒤-오래-걷는-일정-다리-발의-무거움-방문-홈케어\index.html","E:\mong-lounge-site\shops\seoul\jongno-gu\삼청동\한국미인테라피\index.html","신규"
"한국미인테라피","서울","서울","종로구","숭인동","E:\mong-lounge-site\massage\seoul\jongno-gu\종로구-출장마사지-혜화-대학로-종로5가-공연-관람-뒤-오래-걷는-일정-다리-발의-무거움-방문-홈케어\index.html","E:\mong-lounge-site\shops\seoul\jongno-gu\숭인동\한국미인테라피\index.html","신규"
"한국미인테라피","서울","서울","종로구","이화동","E:\mong-lounge-site\massage\seoul\jongno-gu\종로구-출장마사지-혜화-대학로-종로5가-공연-관람-뒤-오래-걷는-일정-다리-발의-무거움-방문-홈케어\index.html","E:\mong-lounge-site\shops\seoul\jongno-gu\이화동\한국미인테라피\index.html","신규"
"한국미인테라피","서울","서울","종로구","창신동","E:\mong-lounge-site\massage\seoul\jongno-gu\종로구-출장마사지-혜화-대학로-종로5가-공연-관람-뒤-오래-걷는-일정-다리-발의-무거움-방문-홈케어\index.html","E:\mong-lounge-site\shops\seoul\jongno-gu\창신동\한국미인테라피\index.html","신규"
"한국미인테라피","서울","서울","종로구","청운효자동","E:\mong-lounge-site\massage\seoul\jongno-gu\종로구-출장마사지-혜화-대학로-종로5가-공연-관람-뒤-오래-걷는-일정-다리-발의-무거움-방문-홈케어\index.html","E:\mong-lounge-site\shops\seoul\jongno-gu\청운효자동\한국미인테라피\index.html","신규"
"한국미인테라피","서울","서울","종로구","평창동","E:\mong-lounge-site\massage\seoul\jongno-gu\종로구-출장마사지-혜화-대학로-종로5가-공연-관람-뒤-오래-걷는-일정-다리-발의-무거움-방문-홈케어\index.html","E:\mong-lounge-site\shops\seoul\jongno-gu\평창동\한국미인테라피\index.html","신규"
"한국미인테라피","서울","서울","종로구","혜화동","E:\mong-lounge-site\massage\seoul\jongno-gu\종로구-출장마사지-혜화-대학로-종로5가-공연-관람-뒤-오래-걷는-일정-다리-발의-무거움-방문-홈케어\index.html","E:\mong-lounge-site\shops\seoul\jongno-gu\혜화동\한국미인테라피\index.html","신규"
"한국미인테라피","서울","서울","중구","광희동","E:\mong-lounge-site\massage\seoul\jung-gu\중구-출장마사지-신당-동대문시장-을지로-야간-영업과-장시간-서-있는-일정-다리-허리-피로-방문-홈케어\index.html","E:\mong-lounge-site\shops\seoul\jung-gu\광희동\한국미인테라피\index.html","신규"
"한국미인테라피","서울","서울","중구","다산동","E:\mong-lounge-site\massage\seoul\jung-gu\중구-출장마사지-신당-동대문시장-을지로-야간-영업과-장시간-서-있는-일정-다리-허리-피로-방문-홈케어\index.html","E:\mong-lounge-site\shops\seoul\jung-gu\다산동\한국미인테라피\index.html","신규"
"한국미인테라피","서울","서울","중구","동화동","E:\mong-lounge-site\massage\seoul\jung-gu\중구-출장마사지-신당-동대문시장-을지로-야간-영업과-장시간-서-있는-일정-다리-허리-피로-방문-홈케어\index.html","E:\mong-lounge-site\shops\seoul\jung-gu\동화동\한국미인테라피\index.html","신규"
"한국미인테라피","서울","서울","중구","명동","E:\mong-lounge-site\massage\seoul\jung-gu\중구-출장마사지-신당-동대문시장-을지로-야간-영업과-장시간-서-있는-일정-다리-허리-피로-방문-홈케어\index.html","E:\mong-lounge-site\shops\seoul\jung-gu\명동\한국미인테라피\index.html","신규"
"한국미인테라피","서울","서울","중구","소공동","E:\mong-lounge-site\massage\seoul\jung-gu\중구-출장마사지-신당-동대문시장-을지로-야간-영업과-장시간-서-있는-일정-다리-허리-피로-방문-홈케어\index.html","E:\mong-lounge-site\shops\seoul\jung-gu\소공동\한국미인테라피\index.html","신규"
"한국미인테라피","서울","서울","중구","신당동","E:\mong-lounge-site\massage\seoul\jung-gu\중구-출장마사지-신당-동대문시장-을지로-야간-영업과-장시간-서-있는-일정-다리-허리-피로-방문-홈케어\index.html","E:\mong-lounge-site\shops\seoul\jung-gu\신당동\한국미인테라피\index.html","신규"
"한국미인테라피","서울","서울","중구","약수동","E:\mong-lounge-site\massage\seoul\jung-gu\중구-출장마사지-신당-동대문시장-을지로-야간-영업과-장시간-서-있는-일정-다리-허리-피로-방문-홈케어\index.html","E:\mong-lounge-site\shops\seoul\jung-gu\약수동\한국미인테라피\index.html","신규"
"한국미인테라피","서울","서울","중구","을지로동","E:\mong-lounge-site\massage\seoul\jung-gu\중구-출장마사지-신당-동대문시장-을지로-야간-영업과-장시간-서-있는-일정-다리-허리-피로-방문-홈케어\index.html","E:\mong-lounge-site\shops\seoul\jung-gu\을지로동\한국미인테라피\index.html","신규"
"한국미인테라피","서울","서울","중구","장충동","E:\mong-lounge-site\massage\seoul\jung-gu\중구-출장마사지-신당-동대문시장-을지로-야간-영업과-장시간-서-있는-일정-다리-허리-피로-방문-홈케어\index.html","E:\mong-lounge-site\shops\seoul\jung-gu\장충동\한국미인테라피\index.html","신규"
"한국미인테라피","서울","서울","중구","중림동","E:\mong-lounge-site\massage\seoul\jung-gu\중구-출장마사지-신당-동대문시장-을지로-야간-영업과-장시간-서-있는-일정-다리-허리-피로-방문-홈케어\index.html","E:\mong-lounge-site\shops\seoul\jung-gu\중림동\한국미인테라피\index.html","신규"
"한국미인테라피","서울","서울","중구","청구동","E:\mong-lounge-site\massage\seoul\jung-gu\중구-출장마사지-신당-동대문시장-을지로-야간-영업과-장시간-서-있는-일정-다리-허리-피로-방문-홈케어\index.html","E:\mong-lounge-site\shops\seoul\jung-gu\청구동\한국미인테라피\index.html","신규"
"한국미인테라피","서울","서울","중구","필동","E:\mong-lounge-site\massage\seoul\jung-gu\중구-출장마사지-신당-동대문시장-을지로-야간-영업과-장시간-서-있는-일정-다리-허리-피로-방문-홈케어\index.html","E:\mong-lounge-site\shops\seoul\jung-gu\필동\한국미인테라피\index.html","신규"
"한국미인테라피","서울","서울","중구","황학동","E:\mong-lounge-site\massage\seoul\jung-gu\중구-출장마사지-신당-동대문시장-을지로-야간-영업과-장시간-서-있는-일정-다리-허리-피로-방문-홈케어\index.html","E:\mong-lounge-site\shops\seoul\jung-gu\황학동\한국미인테라피\index.html","신규"
"한국미인테라피","서울","서울","중구","회현동","E:\mong-lounge-site\massage\seoul\jung-gu\중구-출장마사지-신당-동대문시장-을지로-야간-영업과-장시간-서-있는-일정-다리-허리-피로-방문-홈케어\index.html","E:\mong-lounge-site\shops\seoul\jung-gu\회현동\한국미인테라피\index.html","신규"
"한국미인테라피","서울","서울","중랑구","8동","E:\mong-lounge-site\massage\seoul\jungnang-gu\중랑구-출장마사지-사가정-중화-면목-매장-운영과-반복적인-손-사용-손목-허리-피로-방문-홈케어\index.html","E:\mong-lounge-site\shops\seoul\jungnang-gu\8동\한국미인테라피\index.html","신규"
"한국미인테라피","서울","서울","중랑구","망우동","E:\mong-lounge-site\massage\seoul\jungnang-gu\중랑구-출장마사지-사가정-중화-면목-매장-운영과-반복적인-손-사용-손목-허리-피로-방문-홈케어\index.html","E:\mong-lounge-site\shops\seoul\jungnang-gu\망우동\한국미인테라피\index.html","신규"
"한국미인테라피","서울","서울","중랑구","망우본동","E:\mong-lounge-site\massage\seoul\jungnang-gu\중랑구-출장마사지-사가정-중화-면목-매장-운영과-반복적인-손-사용-손목-허리-피로-방문-홈케어\index.html","E:\mong-lounge-site\shops\seoul\jungnang-gu\망우본동\한국미인테라피\index.html","신규"
"한국미인테라피","서울","서울","중랑구","면목동","E:\mong-lounge-site\massage\seoul\jungnang-gu\중랑구-출장마사지-사가정-중화-면목-매장-운영과-반복적인-손-사용-손목-허리-피로-방문-홈케어\index.html","E:\mong-lounge-site\shops\seoul\jungnang-gu\면목동\한국미인테라피\index.html","신규"
"한국미인테라피","서울","서울","중랑구","면목본동","E:\mong-lounge-site\massage\seoul\jungnang-gu\중랑구-출장마사지-사가정-중화-면목-매장-운영과-반복적인-손-사용-손목-허리-피로-방문-홈케어\index.html","E:\mong-lounge-site\shops\seoul\jungnang-gu\면목본동\한국미인테라피\index.html","신규"
"한국미인테라피","서울","서울","중랑구","묵동","E:\mong-lounge-site\massage\seoul\jungnang-gu\중랑구-출장마사지-사가정-중화-면목-매장-운영과-반복적인-손-사용-손목-허리-피로-방문-홈케어\index.html","E:\mong-lounge-site\shops\seoul\jungnang-gu\묵동\한국미인테라피\index.html","신규"
"한국미인테라피","서울","서울","중랑구","상봉동","E:\mong-lounge-site\massage\seoul\jungnang-gu\중랑구-출장마사지-사가정-중화-면목-매장-운영과-반복적인-손-사용-손목-허리-피로-방문-홈케어\index.html","E:\mong-lounge-site\shops\seoul\jungnang-gu\상봉동\한국미인테라피\index.html","신규"
"한국미인테라피","서울","서울","중랑구","신내동","E:\mong-lounge-site\massage\seoul\jungnang-gu\중랑구-출장마사지-사가정-중화-면목-매장-운영과-반복적인-손-사용-손목-허리-피로-방문-홈케어\index.html","E:\mong-lounge-site\shops\seoul\jungnang-gu\신내동\한국미인테라피\index.html","신규"
"한국미인테라피","서울","서울","중랑구","중화동","E:\mong-lounge-site\massage\seoul\jungnang-gu\중랑구-출장마사지-사가정-중화-면목-매장-운영과-반복적인-손-사용-손목-허리-피로-방문-홈케어\index.html","E:\mong-lounge-site\shops\seoul\jungnang-gu\중화동\한국미인테라피\index.html","신규"
"한국미인테라피","인천","인천","강화군","강화읍","E:\mong-lounge-site\massage\incheon\ganghwa-gun\강화군-출장마사지-강화읍-길상-불은-당일-여행과-차량-이동이-길어진-날-다리-허리-피로-방문-홈케어\index.html","E:\mong-lounge-site\shops\incheon\ganghwa-gun\강화읍\한국미인테라피\index.html","신규"
"한국미인테라피","인천","인천","강화군","교동면","E:\mong-lounge-site\massage\incheon\ganghwa-gun\강화군-출장마사지-강화읍-길상-불은-당일-여행과-차량-이동이-길어진-날-다리-허리-피로-방문-홈케어\index.html","E:\mong-lounge-site\shops\incheon\ganghwa-gun\교동면\한국미인테라피\index.html","신규"
"한국미인테라피","인천","인천","강화군","길상면","E:\mong-lounge-site\massage\incheon\ganghwa-gun\강화군-출장마사지-강화읍-길상-불은-당일-여행과-차량-이동이-길어진-날-다리-허리-피로-방문-홈케어\index.html","E:\mong-lounge-site\shops\incheon\ganghwa-gun\길상면\한국미인테라피\index.html","신규"
"한국미인테라피","인천","인천","강화군","내가면","E:\mong-lounge-site\massage\incheon\ganghwa-gun\강화군-출장마사지-강화읍-길상-불은-당일-여행과-차량-이동이-길어진-날-다리-허리-피로-방문-홈케어\index.html","E:\mong-lounge-site\shops\incheon\ganghwa-gun\내가면\한국미인테라피\index.html","신규"
"한국미인테라피","인천","인천","강화군","불은면","E:\mong-lounge-site\massage\incheon\ganghwa-gun\강화군-출장마사지-강화읍-길상-불은-당일-여행과-차량-이동이-길어진-날-다리-허리-피로-방문-홈케어\index.html","E:\mong-lounge-site\shops\incheon\ganghwa-gun\불은면\한국미인테라피\index.html","신규"
"한국미인테라피","인천","인천","강화군","삼산면","E:\mong-lounge-site\massage\incheon\ganghwa-gun\강화군-출장마사지-강화읍-길상-불은-당일-여행과-차량-이동이-길어진-날-다리-허리-피로-방문-홈케어\index.html","E:\mong-lounge-site\shops\incheon\ganghwa-gun\삼산면\한국미인테라피\index.html","신규"
"한국미인테라피","인천","인천","강화군","서도면","E:\mong-lounge-site\massage\incheon\ganghwa-gun\강화군-출장마사지-강화읍-길상-불은-당일-여행과-차량-이동이-길어진-날-다리-허리-피로-방문-홈케어\index.html","E:\mong-lounge-site\shops\incheon\ganghwa-gun\서도면\한국미인테라피\index.html","신규"
"한국미인테라피","인천","인천","강화군","선원면","E:\mong-lounge-site\massage\incheon\ganghwa-gun\강화군-출장마사지-강화읍-길상-불은-당일-여행과-차량-이동이-길어진-날-다리-허리-피로-방문-홈케어\index.html","E:\mong-lounge-site\shops\incheon\ganghwa-gun\선원면\한국미인테라피\index.html","신규"
"한국미인테라피","인천","인천","강화군","송해면","E:\mong-lounge-site\massage\incheon\ganghwa-gun\강화군-출장마사지-강화읍-길상-불은-당일-여행과-차량-이동이-길어진-날-다리-허리-피로-방문-홈케어\index.html","E:\mong-lounge-site\shops\incheon\ganghwa-gun\송해면\한국미인테라피\index.html","신규"
"한국미인테라피","인천","인천","강화군","양도면","E:\mong-lounge-site\massage\incheon\ganghwa-gun\강화군-출장마사지-강화읍-길상-불은-당일-여행과-차량-이동이-길어진-날-다리-허리-피로-방문-홈케어\index.html","E:\mong-lounge-site\shops\incheon\ganghwa-gun\양도면\한국미인테라피\index.html","신규"
"한국미인테라피","인천","인천","강화군","양사면","E:\mong-lounge-site\massage\incheon\ganghwa-gun\강화군-출장마사지-강화읍-길상-불은-당일-여행과-차량-이동이-길어진-날-다리-허리-피로-방문-홈케어\index.html","E:\mong-lounge-site\shops\incheon\ganghwa-gun\양사면\한국미인테라피\index.html","신규"
"한국미인테라피","인천","인천","강화군","하점면","E:\mong-lounge-site\massage\incheon\ganghwa-gun\강화군-출장마사지-강화읍-길상-불은-당일-여행과-차량-이동이-길어진-날-다리-허리-피로-방문-홈케어\index.html","E:\mong-lounge-site\shops\incheon\ganghwa-gun\하점면\한국미인테라피\index.html","신규"
"한국미인테라피","인천","인천","강화군","화도면","E:\mong-lounge-site\massage\incheon\ganghwa-gun\강화군-출장마사지-강화읍-길상-불은-당일-여행과-차량-이동이-길어진-날-다리-허리-피로-방문-홈케어\index.html","E:\mong-lounge-site\shops\incheon\ganghwa-gun\화도면\한국미인테라피\index.html","신규"
"한국미인테라피","인천","인천","검단구","검단동","E:\mong-lounge-site\massage\incheon\geomdan-gu\검단구-출장마사지-검단신도시-원당-불로-입주-이사와-신도시-정리-일정-어깨-허리-피로-방문-홈케어\index.html","E:\mong-lounge-site\shops\incheon\geomdan-gu\검단동\한국미인테라피\index.html","신규"
"한국미인테라피","인천","인천","검단구","당하동","E:\mong-lounge-site\massage\incheon\geomdan-gu\검단구-출장마사지-검단신도시-원당-불로-입주-이사와-신도시-정리-일정-어깨-허리-피로-방문-홈케어\index.html","E:\mong-lounge-site\shops\incheon\geomdan-gu\당하동\한국미인테라피\index.html","신규"
"한국미인테라피","인천","인천","검단구","마전동","E:\mong-lounge-site\massage\incheon\geomdan-gu\검단구-출장마사지-검단신도시-원당-불로-입주-이사와-신도시-정리-일정-어깨-허리-피로-방문-홈케어\index.html","E:\mong-lounge-site\shops\incheon\geomdan-gu\마전동\한국미인테라피\index.html","신규"
"한국미인테라피","인천","인천","검단구","불로대곡동","E:\mong-lounge-site\massage\incheon\geomdan-gu\검단구-출장마사지-검단신도시-원당-불로-입주-이사와-신도시-정리-일정-어깨-허리-피로-방문-홈케어\index.html","E:\mong-lounge-site\shops\incheon\geomdan-gu\불로대곡동\한국미인테라피\index.html","신규"
"한국미인테라피","인천","인천","검단구","아라동","E:\mong-lounge-site\massage\incheon\geomdan-gu\검단구-출장마사지-검단신도시-원당-불로-입주-이사와-신도시-정리-일정-어깨-허리-피로-방문-홈케어\index.html","E:\mong-lounge-site\shops\incheon\geomdan-gu\아라동\한국미인테라피\index.html","신규"
"한국미인테라피","인천","인천","검단구","오류왕길동","E:\mong-lounge-site\massage\incheon\geomdan-gu\검단구-출장마사지-검단신도시-원당-불로-입주-이사와-신도시-정리-일정-어깨-허리-피로-방문-홈케어\index.html","E:\mong-lounge-site\shops\incheon\geomdan-gu\오류왕길동\한국미인테라피\index.html","신규"
"한국미인테라피","인천","인천","검단구","원당동","E:\mong-lounge-site\massage\incheon\geomdan-gu\검단구-출장마사지-검단신도시-원당-불로-입주-이사와-신도시-정리-일정-어깨-허리-피로-방문-홈케어\index.html","E:\mong-lounge-site\shops\incheon\geomdan-gu\원당동\한국미인테라피\index.html","신규"
"한국미인테라피","인천","인천","계양구","계산동","E:\mong-lounge-site\massage\incheon\gyeyang-gu\계양구-출장마사지-계산-작전-임학-출퇴근과-환승-이동이-길어진-날-목-허리-피로-방문-홈케어\index.html","E:\mong-lounge-site\shops\incheon\gyeyang-gu\계산동\한국미인테라피\index.html","신규"
"한국미인테라피","인천","인천","계양구","계양동","E:\mong-lounge-site\massage\incheon\gyeyang-gu\계양구-출장마사지-계산-작전-임학-출퇴근과-환승-이동이-길어진-날-목-허리-피로-방문-홈케어\index.html","E:\mong-lounge-site\shops\incheon\gyeyang-gu\계양동\한국미인테라피\index.html","신규"
"한국미인테라피","인천","인천","계양구","작전동","E:\mong-lounge-site\massage\incheon\gyeyang-gu\계양구-출장마사지-계산-작전-임학-출퇴근과-환승-이동이-길어진-날-목-허리-피로-방문-홈케어\index.html","E:\mong-lounge-site\shops\incheon\gyeyang-gu\작전동\한국미인테라피\index.html","신규"
"한국미인테라피","인천","인천","계양구","작전서운동","E:\mong-lounge-site\massage\incheon\gyeyang-gu\계양구-출장마사지-계산-작전-임학-출퇴근과-환승-이동이-길어진-날-목-허리-피로-방문-홈케어\index.html","E:\mong-lounge-site\shops\incheon\gyeyang-gu\작전서운동\한국미인테라피\index.html","신규"
"한국미인테라피","인천","인천","계양구","효성동","E:\mong-lounge-site\massage\incheon\gyeyang-gu\계양구-출장마사지-계산-작전-임학-출퇴근과-환승-이동이-길어진-날-목-허리-피로-방문-홈케어\index.html","E:\mong-lounge-site\shops\incheon\gyeyang-gu\효성동\한국미인테라피\index.html","신규"
"한국미인테라피","인천","인천","남동구","간석동","E:\mong-lounge-site\massage\incheon\namdong-gu\남동구-출장마사지-구월-논현-간석-오피스와-쇼핑-일정이-겹친-날-다리-어깨-피로-방문-홈케어\index.html","E:\mong-lounge-site\shops\incheon\namdong-gu\간석동\한국미인테라피\index.html","신규"
"한국미인테라피","인천","인천","남동구","구월동","E:\mong-lounge-site\massage\incheon\namdong-gu\남동구-출장마사지-구월-논현-간석-오피스와-쇼핑-일정이-겹친-날-다리-어깨-피로-방문-홈케어\index.html","E:\mong-lounge-site\shops\incheon\namdong-gu\구월동\한국미인테라피\index.html","신규"
"한국미인테라피","인천","인천","남동구","남촌도림동","E:\mong-lounge-site\massage\incheon\namdong-gu\남동구-출장마사지-구월-논현-간석-오피스와-쇼핑-일정이-겹친-날-다리-어깨-피로-방문-홈케어\index.html","E:\mong-lounge-site\shops\incheon\namdong-gu\남촌도림동\한국미인테라피\index.html","신규"
"한국미인테라피","인천","인천","남동구","논현고잔동","E:\mong-lounge-site\massage\incheon\namdong-gu\남동구-출장마사지-구월-논현-간석-오피스와-쇼핑-일정이-겹친-날-다리-어깨-피로-방문-홈케어\index.html","E:\mong-lounge-site\shops\incheon\namdong-gu\논현고잔동\한국미인테라피\index.html","신규"
"한국미인테라피","인천","인천","남동구","논현동","E:\mong-lounge-site\massage\incheon\namdong-gu\남동구-출장마사지-구월-논현-간석-오피스와-쇼핑-일정이-겹친-날-다리-어깨-피로-방문-홈케어\index.html","E:\mong-lounge-site\shops\incheon\namdong-gu\논현동\한국미인테라피\index.html","신규"
"한국미인테라피","인천","인천","남동구","만수동","E:\mong-lounge-site\massage\incheon\namdong-gu\남동구-출장마사지-구월-논현-간석-오피스와-쇼핑-일정이-겹친-날-다리-어깨-피로-방문-홈케어\index.html","E:\mong-lounge-site\shops\incheon\namdong-gu\만수동\한국미인테라피\index.html","신규"
"한국미인테라피","인천","인천","남동구","서창동","E:\mong-lounge-site\massage\incheon\namdong-gu\남동구-출장마사지-구월-논현-간석-오피스와-쇼핑-일정이-겹친-날-다리-어깨-피로-방문-홈케어\index.html","E:\mong-lounge-site\shops\incheon\namdong-gu\서창동\한국미인테라피\index.html","신규"
"한국미인테라피","인천","인천","남동구","장수서창동","E:\mong-lounge-site\massage\incheon\namdong-gu\남동구-출장마사지-구월-논현-간석-오피스와-쇼핑-일정이-겹친-날-다리-어깨-피로-방문-홈케어\index.html","E:\mong-lounge-site\shops\incheon\namdong-gu\장수서창동\한국미인테라피\index.html","신규"
"한국미인테라피","인천","인천","미추홀구","3동","E:\mong-lounge-site\massage\incheon\michuhol-gu\미추홀구-출장마사지-주안-용현-도화-통근과-대학가-이동이-길어진-날-목-허리-피로-방문-홈케어\index.html","E:\mong-lounge-site\shops\incheon\michuhol-gu\3동\한국미인테라피\index.html","신규"
"한국미인테라피","인천","인천","미추홀구","4동","E:\mong-lounge-site\massage\incheon\michuhol-gu\미추홀구-출장마사지-주안-용현-도화-통근과-대학가-이동이-길어진-날-목-허리-피로-방문-홈케어\index.html","E:\mong-lounge-site\shops\incheon\michuhol-gu\4동\한국미인테라피\index.html","신규"
"한국미인테라피","인천","인천","미추홀구","관교동","E:\mong-lounge-site\massage\incheon\michuhol-gu\미추홀구-출장마사지-주안-용현-도화-통근과-대학가-이동이-길어진-날-목-허리-피로-방문-홈케어\index.html","E:\mong-lounge-site\shops\incheon\michuhol-gu\관교동\한국미인테라피\index.html","신규"
"한국미인테라피","인천","인천","미추홀구","도화동","E:\mong-lounge-site\massage\incheon\michuhol-gu\미추홀구-출장마사지-주안-용현-도화-통근과-대학가-이동이-길어진-날-목-허리-피로-방문-홈케어\index.html","E:\mong-lounge-site\shops\incheon\michuhol-gu\도화동\한국미인테라피\index.html","신규"
"한국미인테라피","인천","인천","미추홀구","문학동","E:\mong-lounge-site\massage\incheon\michuhol-gu\미추홀구-출장마사지-주안-용현-도화-통근과-대학가-이동이-길어진-날-목-허리-피로-방문-홈케어\index.html","E:\mong-lounge-site\shops\incheon\michuhol-gu\문학동\한국미인테라피\index.html","신규"
"한국미인테라피","인천","인천","미추홀구","숭의동","E:\mong-lounge-site\massage\incheon\michuhol-gu\미추홀구-출장마사지-주안-용현-도화-통근과-대학가-이동이-길어진-날-목-허리-피로-방문-홈케어\index.html","E:\mong-lounge-site\shops\incheon\michuhol-gu\숭의동\한국미인테라피\index.html","신규"
"한국미인테라피","인천","인천","미추홀구","용현동","E:\mong-lounge-site\massage\incheon\michuhol-gu\미추홀구-출장마사지-주안-용현-도화-통근과-대학가-이동이-길어진-날-목-허리-피로-방문-홈케어\index.html","E:\mong-lounge-site\shops\incheon\michuhol-gu\용현동\한국미인테라피\index.html","신규"
"한국미인테라피","인천","인천","미추홀구","주안동","E:\mong-lounge-site\massage\incheon\michuhol-gu\미추홀구-출장마사지-주안-용현-도화-통근과-대학가-이동이-길어진-날-목-허리-피로-방문-홈케어\index.html","E:\mong-lounge-site\shops\incheon\michuhol-gu\주안동\한국미인테라피\index.html","신규"
"한국미인테라피","인천","인천","미추홀구","학익동","E:\mong-lounge-site\massage\incheon\michuhol-gu\미추홀구-출장마사지-주안-용현-도화-통근과-대학가-이동이-길어진-날-목-허리-피로-방문-홈케어\index.html","E:\mong-lounge-site\shops\incheon\michuhol-gu\학익동\한국미인테라피\index.html","신규"
"한국미인테라피","인천","인천","부평구","갈산동","E:\mong-lounge-site\massage\incheon\bupyeong-gu\부평구-출장마사지-부평-삼산-갈산-쇼핑-서비스-업무로-오래-선-날-다리-손목-피로-방문-홈케어\index.html","E:\mong-lounge-site\shops\incheon\bupyeong-gu\갈산동\한국미인테라피\index.html","신규"
"한국미인테라피","인천","인천","부평구","부개동","E:\mong-lounge-site\massage\incheon\bupyeong-gu\부평구-출장마사지-부평-삼산-갈산-쇼핑-서비스-업무로-오래-선-날-다리-손목-피로-방문-홈케어\index.html","E:\mong-lounge-site\shops\incheon\bupyeong-gu\부개동\한국미인테라피\index.html","신규"
"한국미인테라피","인천","인천","부평구","부평동","E:\mong-lounge-site\massage\incheon\bupyeong-gu\부평구-출장마사지-부평-삼산-갈산-쇼핑-서비스-업무로-오래-선-날-다리-손목-피로-방문-홈케어\index.html","E:\mong-lounge-site\shops\incheon\bupyeong-gu\부평동\한국미인테라피\index.html","신규"
"한국미인테라피","인천","인천","부평구","산곡동","E:\mong-lounge-site\massage\incheon\bupyeong-gu\부평구-출장마사지-부평-삼산-갈산-쇼핑-서비스-업무로-오래-선-날-다리-손목-피로-방문-홈케어\index.html","E:\mong-lounge-site\shops\incheon\bupyeong-gu\산곡동\한국미인테라피\index.html","신규"
"한국미인테라피","인천","인천","부평구","삼산동","E:\mong-lounge-site\massage\incheon\bupyeong-gu\부평구-출장마사지-부평-삼산-갈산-쇼핑-서비스-업무로-오래-선-날-다리-손목-피로-방문-홈케어\index.html","E:\mong-lounge-site\shops\incheon\bupyeong-gu\삼산동\한국미인테라피\index.html","신규"
"한국미인테라피","인천","인천","부평구","십정동","E:\mong-lounge-site\massage\incheon\bupyeong-gu\부평구-출장마사지-부평-삼산-갈산-쇼핑-서비스-업무로-오래-선-날-다리-손목-피로-방문-홈케어\index.html","E:\mong-lounge-site\shops\incheon\bupyeong-gu\십정동\한국미인테라피\index.html","신규"
"한국미인테라피","인천","인천","부평구","일신동","E:\mong-lounge-site\massage\incheon\bupyeong-gu\부평구-출장마사지-부평-삼산-갈산-쇼핑-서비스-업무로-오래-선-날-다리-손목-피로-방문-홈케어\index.html","E:\mong-lounge-site\shops\incheon\bupyeong-gu\일신동\한국미인테라피\index.html","신규"
"한국미인테라피","인천","인천","부평구","청천동","E:\mong-lounge-site\massage\incheon\bupyeong-gu\부평구-출장마사지-부평-삼산-갈산-쇼핑-서비스-업무로-오래-선-날-다리-손목-피로-방문-홈케어\index.html","E:\mong-lounge-site\shops\incheon\bupyeong-gu\청천동\한국미인테라피\index.html","신규"
"한국미인테라피","인천","인천","서해구","가정동","E:\mong-lounge-site\massage\incheon\seohae-gu\서해구-출장마사지-청라-가정-석남-신도시-통근과-가족-일정이-겹친-날-허리-어깨-피로-방문-홈케어\index.html","E:\mong-lounge-site\shops\incheon\seohae-gu\가정동\한국미인테라피\index.html","신규"
"한국미인테라피","인천","인천","서해구","가좌동","E:\mong-lounge-site\massage\incheon\seohae-gu\서해구-출장마사지-청라-가정-석남-신도시-통근과-가족-일정이-겹친-날-허리-어깨-피로-방문-홈케어\index.html","E:\mong-lounge-site\shops\incheon\seohae-gu\가좌동\한국미인테라피\index.html","신규"
"한국미인테라피","인천","인천","서해구","검암경서동","E:\mong-lounge-site\massage\incheon\seohae-gu\서해구-출장마사지-청라-가정-석남-신도시-통근과-가족-일정이-겹친-날-허리-어깨-피로-방문-홈케어\index.html","E:\mong-lounge-site\shops\incheon\seohae-gu\검암경서동\한국미인테라피\index.html","신규"
"한국미인테라피","인천","인천","서해구","석남동","E:\mong-lounge-site\massage\incheon\seohae-gu\서해구-출장마사지-청라-가정-석남-신도시-통근과-가족-일정이-겹친-날-허리-어깨-피로-방문-홈케어\index.html","E:\mong-lounge-site\shops\incheon\seohae-gu\석남동\한국미인테라피\index.html","신규"
"한국미인테라피","인천","인천","서해구","신현원창동","E:\mong-lounge-site\massage\incheon\seohae-gu\서해구-출장마사지-청라-가정-석남-신도시-통근과-가족-일정이-겹친-날-허리-어깨-피로-방문-홈케어\index.html","E:\mong-lounge-site\shops\incheon\seohae-gu\신현원창동\한국미인테라피\index.html","신규"
"한국미인테라피","인천","인천","서해구","연희동","E:\mong-lounge-site\massage\incheon\seohae-gu\서해구-출장마사지-청라-가정-석남-신도시-통근과-가족-일정이-겹친-날-허리-어깨-피로-방문-홈케어\index.html","E:\mong-lounge-site\shops\incheon\seohae-gu\연희동\한국미인테라피\index.html","신규"
"한국미인테라피","인천","인천","서해구","청라동","E:\mong-lounge-site\massage\incheon\seohae-gu\서해구-출장마사지-청라-가정-석남-신도시-통근과-가족-일정이-겹친-날-허리-어깨-피로-방문-홈케어\index.html","E:\mong-lounge-site\shops\incheon\seohae-gu\청라동\한국미인테라피\index.html","신규"
"한국미인테라피","인천","인천","연수구","동춘동","E:\mong-lounge-site\massage\incheon\yeonsu-gu\연수구-출장마사지-송도-연수-동춘-오피스-업무와-국제업무-일정이-길어진-날-목-눈-어깨-피로-방문-홈케어\index.html","E:\mong-lounge-site\shops\incheon\yeonsu-gu\동춘동\한국미인테라피\index.html","신규"
"한국미인테라피","인천","인천","연수구","선학동","E:\mong-lounge-site\massage\incheon\yeonsu-gu\연수구-출장마사지-송도-연수-동춘-오피스-업무와-국제업무-일정이-길어진-날-목-눈-어깨-피로-방문-홈케어\index.html","E:\mong-lounge-site\shops\incheon\yeonsu-gu\선학동\한국미인테라피\index.html","신규"
"한국미인테라피","인천","인천","연수구","송도동","E:\mong-lounge-site\massage\incheon\yeonsu-gu\연수구-출장마사지-송도-연수-동춘-오피스-업무와-국제업무-일정이-길어진-날-목-눈-어깨-피로-방문-홈케어\index.html","E:\mong-lounge-site\shops\incheon\yeonsu-gu\송도동\한국미인테라피\index.html","신규"
"한국미인테라피","인천","인천","연수구","연수동","E:\mong-lounge-site\massage\incheon\yeonsu-gu\연수구-출장마사지-송도-연수-동춘-오피스-업무와-국제업무-일정이-길어진-날-목-눈-어깨-피로-방문-홈케어\index.html","E:\mong-lounge-site\shops\incheon\yeonsu-gu\연수동\한국미인테라피\index.html","신규"
"한국미인테라피","인천","인천","연수구","옥련동","E:\mong-lounge-site\massage\incheon\yeonsu-gu\연수구-출장마사지-송도-연수-동춘-오피스-업무와-국제업무-일정이-길어진-날-목-눈-어깨-피로-방문-홈케어\index.html","E:\mong-lounge-site\shops\incheon\yeonsu-gu\옥련동\한국미인테라피\index.html","신규"
"한국미인테라피","인천","인천","연수구","청학동","E:\mong-lounge-site\massage\incheon\yeonsu-gu\연수구-출장마사지-송도-연수-동춘-오피스-업무와-국제업무-일정이-길어진-날-목-눈-어깨-피로-방문-홈케어\index.html","E:\mong-lounge-site\shops\incheon\yeonsu-gu\청학동\한국미인테라피\index.html","신규"
"한국미인테라피","인천","인천","영종구","영종동","E:\mong-lounge-site\massage\incheon\yeongjong-gu\영종구-출장마사지-영종-운서-공항신도시-공항-이동과-여행-일정이-이어진-날-다리-허리-피로-방문-홈케어\index.html","E:\mong-lounge-site\shops\incheon\yeongjong-gu\영종동\한국미인테라피\index.html","신규"
"한국미인테라피","인천","인천","영종구","용유동","E:\mong-lounge-site\massage\incheon\yeongjong-gu\영종구-출장마사지-영종-운서-공항신도시-공항-이동과-여행-일정이-이어진-날-다리-허리-피로-방문-홈케어\index.html","E:\mong-lounge-site\shops\incheon\yeongjong-gu\용유동\한국미인테라피\index.html","신규"
"한국미인테라피","인천","인천","영종구","운서동","E:\mong-lounge-site\massage\incheon\yeongjong-gu\영종구-출장마사지-영종-운서-공항신도시-공항-이동과-여행-일정이-이어진-날-다리-허리-피로-방문-홈케어\index.html","E:\mong-lounge-site\shops\incheon\yeongjong-gu\운서동\한국미인테라피\index.html","신규"
"한국미인테라피","인천","인천","옹진군","대청면","E:\mong-lounge-site\massage\incheon\ongjin-gun\옹진군-출장마사지-영흥-백령-덕적-섬-이동과-숙박-일정이-길어진-날-다리-허리-피로-방문-홈케어\index.html","E:\mong-lounge-site\shops\incheon\ongjin-gun\대청면\한국미인테라피\index.html","신규"
"한국미인테라피","인천","인천","옹진군","덕적면","E:\mong-lounge-site\massage\incheon\ongjin-gun\옹진군-출장마사지-영흥-백령-덕적-섬-이동과-숙박-일정이-길어진-날-다리-허리-피로-방문-홈케어\index.html","E:\mong-lounge-site\shops\incheon\ongjin-gun\덕적면\한국미인테라피\index.html","신규"
"한국미인테라피","인천","인천","옹진군","백령면","E:\mong-lounge-site\massage\incheon\ongjin-gun\옹진군-출장마사지-영흥-백령-덕적-섬-이동과-숙박-일정이-길어진-날-다리-허리-피로-방문-홈케어\index.html","E:\mong-lounge-site\shops\incheon\ongjin-gun\백령면\한국미인테라피\index.html","신규"
"한국미인테라피","인천","인천","옹진군","북도면","E:\mong-lounge-site\massage\incheon\ongjin-gun\옹진군-출장마사지-영흥-백령-덕적-섬-이동과-숙박-일정이-길어진-날-다리-허리-피로-방문-홈케어\index.html","E:\mong-lounge-site\shops\incheon\ongjin-gun\북도면\한국미인테라피\index.html","신규"
"한국미인테라피","인천","인천","옹진군","연평면","E:\mong-lounge-site\massage\incheon\ongjin-gun\옹진군-출장마사지-영흥-백령-덕적-섬-이동과-숙박-일정이-길어진-날-다리-허리-피로-방문-홈케어\index.html","E:\mong-lounge-site\shops\incheon\ongjin-gun\연평면\한국미인테라피\index.html","신규"
"한국미인테라피","인천","인천","옹진군","영흥면","E:\mong-lounge-site\massage\incheon\ongjin-gun\옹진군-출장마사지-영흥-백령-덕적-섬-이동과-숙박-일정이-길어진-날-다리-허리-피로-방문-홈케어\index.html","E:\mong-lounge-site\shops\incheon\ongjin-gun\영흥면\한국미인테라피\index.html","신규"
"한국미인테라피","인천","인천","옹진군","자월면","E:\mong-lounge-site\massage\incheon\ongjin-gun\옹진군-출장마사지-영흥-백령-덕적-섬-이동과-숙박-일정이-길어진-날-다리-허리-피로-방문-홈케어\index.html","E:\mong-lounge-site\shops\incheon\ongjin-gun\자월면\한국미인테라피\index.html","신규"
"한국미인테라피","인천","인천","제물포구","2동","E:\mong-lounge-site\massage\incheon\jemulpo-gu\제물포구-출장마사지-동인천-월미-송현-시장-관광과-장시간-보행-일정-다리-허리-피로-방문-홈케어\index.html","E:\mong-lounge-site\shops\incheon\jemulpo-gu\2동\한국미인테라피\index.html","신규"
"한국미인테라피","인천","인천","제물포구","개항동","E:\mong-lounge-site\massage\incheon\jemulpo-gu\제물포구-출장마사지-동인천-월미-송현-시장-관광과-장시간-보행-일정-다리-허리-피로-방문-홈케어\index.html","E:\mong-lounge-site\shops\incheon\jemulpo-gu\개항동\한국미인테라피\index.html","신규"
"한국미인테라피","인천","인천","제물포구","금창동","E:\mong-lounge-site\massage\incheon\jemulpo-gu\제물포구-출장마사지-동인천-월미-송현-시장-관광과-장시간-보행-일정-다리-허리-피로-방문-홈케어\index.html","E:\mong-lounge-site\shops\incheon\jemulpo-gu\금창동\한국미인테라피\index.html","신규"
"한국미인테라피","인천","인천","제물포구","도원동","E:\mong-lounge-site\massage\incheon\jemulpo-gu\제물포구-출장마사지-동인천-월미-송현-시장-관광과-장시간-보행-일정-다리-허리-피로-방문-홈케어\index.html","E:\mong-lounge-site\shops\incheon\jemulpo-gu\도원동\한국미인테라피\index.html","신규"
"한국미인테라피","인천","인천","제물포구","동인천동","E:\mong-lounge-site\massage\incheon\jemulpo-gu\제물포구-출장마사지-동인천-월미-송현-시장-관광과-장시간-보행-일정-다리-허리-피로-방문-홈케어\index.html","E:\mong-lounge-site\shops\incheon\jemulpo-gu\동인천동\한국미인테라피\index.html","신규"
"한국미인테라피","인천","인천","제물포구","만석동","E:\mong-lounge-site\massage\incheon\jemulpo-gu\제물포구-출장마사지-동인천-월미-송현-시장-관광과-장시간-보행-일정-다리-허리-피로-방문-홈케어\index.html","E:\mong-lounge-site\shops\incheon\jemulpo-gu\만석동\한국미인테라피\index.html","신규"
"한국미인테라피","인천","인천","제물포구","송림동","E:\mong-lounge-site\massage\incheon\jemulpo-gu\제물포구-출장마사지-동인천-월미-송현-시장-관광과-장시간-보행-일정-다리-허리-피로-방문-홈케어\index.html","E:\mong-lounge-site\shops\incheon\jemulpo-gu\송림동\한국미인테라피\index.html","신규"
"한국미인테라피","인천","인천","제물포구","송현동","E:\mong-lounge-site\massage\incheon\jemulpo-gu\제물포구-출장마사지-동인천-월미-송현-시장-관광과-장시간-보행-일정-다리-허리-피로-방문-홈케어\index.html","E:\mong-lounge-site\shops\incheon\jemulpo-gu\송현동\한국미인테라피\index.html","신규"
"한국미인테라피","인천","인천","제물포구","신포동","E:\mong-lounge-site\massage\incheon\jemulpo-gu\제물포구-출장마사지-동인천-월미-송현-시장-관광과-장시간-보행-일정-다리-허리-피로-방문-홈케어\index.html","E:\mong-lounge-site\shops\incheon\jemulpo-gu\신포동\한국미인테라피\index.html","신규"
"한국미인테라피","인천","인천","제물포구","신흥동","E:\mong-lounge-site\massage\incheon\jemulpo-gu\제물포구-출장마사지-동인천-월미-송현-시장-관광과-장시간-보행-일정-다리-허리-피로-방문-홈케어\index.html","E:\mong-lounge-site\shops\incheon\jemulpo-gu\신흥동\한국미인테라피\index.html","신규"
"한국미인테라피","인천","인천","제물포구","연안동","E:\mong-lounge-site\massage\incheon\jemulpo-gu\제물포구-출장마사지-동인천-월미-송현-시장-관광과-장시간-보행-일정-다리-허리-피로-방문-홈케어\index.html","E:\mong-lounge-site\shops\incheon\jemulpo-gu\연안동\한국미인테라피\index.html","신규"
"한국미인테라피","인천","인천","제물포구","율목동","E:\mong-lounge-site\massage\incheon\jemulpo-gu\제물포구-출장마사지-동인천-월미-송현-시장-관광과-장시간-보행-일정-다리-허리-피로-방문-홈케어\index.html","E:\mong-lounge-site\shops\incheon\jemulpo-gu\율목동\한국미인테라피\index.html","신규"
"한국미인테라피","인천","인천","제물포구","화수동","E:\mong-lounge-site\massage\incheon\jemulpo-gu\제물포구-출장마사지-동인천-월미-송현-시장-관광과-장시간-보행-일정-다리-허리-피로-방문-홈케어\index.html","E:\mong-lounge-site\shops\incheon\jemulpo-gu\화수동\한국미인테라피\index.html","신규"
"한국미인테라피","인천","인천","제물포구","화평동","E:\mong-lounge-site\massage\incheon\jemulpo-gu\제물포구-출장마사지-동인천-월미-송현-시장-관광과-장시간-보행-일정-다리-허리-피로-방문-홈케어\index.html","E:\mong-lounge-site\shops\incheon\jemulpo-gu\화평동\한국미인테라피\index.html","신규"
"한국미인테라피","아산","충남","아산","도고면","E:\mong-lounge-site\massage\other\asan\아산-지역-출장마사지-배방-탕정-온양온천역-생활권-방문-홈케어\index.html","E:\mong-lounge-site\shops\other\asan\도고면\한국미인테라피\index.html","신규"
"한국미인테라피","아산","충남","아산","둔포면","E:\mong-lounge-site\massage\other\asan\아산-지역-출장마사지-배방-탕정-온양온천역-생활권-방문-홈케어\index.html","E:\mong-lounge-site\shops\other\asan\둔포면\한국미인테라피\index.html","신규"
"한국미인테라피","아산","충남","아산","배방읍","E:\mong-lounge-site\massage\other\asan\아산-지역-출장마사지-배방-탕정-온양온천역-생활권-방문-홈케어\index.html","E:\mong-lounge-site\shops\other\asan\배방읍\한국미인테라피\index.html","신규"
"한국미인테라피","아산","충남","아산","선장면","E:\mong-lounge-site\massage\other\asan\아산-지역-출장마사지-배방-탕정-온양온천역-생활권-방문-홈케어\index.html","E:\mong-lounge-site\shops\other\asan\선장면\한국미인테라피\index.html","신규"
"한국미인테라피","아산","충남","아산","송악면","E:\mong-lounge-site\massage\other\asan\아산-지역-출장마사지-배방-탕정-온양온천역-생활권-방문-홈케어\index.html","E:\mong-lounge-site\shops\other\asan\송악면\한국미인테라피\index.html","신규"
"한국미인테라피","아산","충남","아산","신창면","E:\mong-lounge-site\massage\other\asan\아산-지역-출장마사지-배방-탕정-온양온천역-생활권-방문-홈케어\index.html","E:\mong-lounge-site\shops\other\asan\신창면\한국미인테라피\index.html","신규"
"한국미인테라피","아산","충남","아산","염치읍","E:\mong-lounge-site\massage\other\asan\아산-지역-출장마사지-배방-탕정-온양온천역-생활권-방문-홈케어\index.html","E:\mong-lounge-site\shops\other\asan\염치읍\한국미인테라피\index.html","신규"
"한국미인테라피","아산","충남","아산","영인면","E:\mong-lounge-site\massage\other\asan\아산-지역-출장마사지-배방-탕정-온양온천역-생활권-방문-홈케어\index.html","E:\mong-lounge-site\shops\other\asan\영인면\한국미인테라피\index.html","신규"
"한국미인테라피","아산","충남","아산","온양동","E:\mong-lounge-site\massage\other\asan\아산-지역-출장마사지-배방-탕정-온양온천역-생활권-방문-홈케어\index.html","E:\mong-lounge-site\shops\other\asan\온양동\한국미인테라피\index.html","신규"
"한국미인테라피","아산","충남","아산","음봉면","E:\mong-lounge-site\massage\other\asan\아산-지역-출장마사지-배방-탕정-온양온천역-생활권-방문-홈케어\index.html","E:\mong-lounge-site\shops\other\asan\음봉면\한국미인테라피\index.html","신규"
"한국미인테라피","아산","충남","아산","인주면","E:\mong-lounge-site\massage\other\asan\아산-지역-출장마사지-배방-탕정-온양온천역-생활권-방문-홈케어\index.html","E:\mong-lounge-site\shops\other\asan\인주면\한국미인테라피\index.html","신규"
"한국미인테라피","아산","충남","아산","탕정면","E:\mong-lounge-site\massage\other\asan\아산-지역-출장마사지-배방-탕정-온양온천역-생활권-방문-홈케어\index.html","E:\mong-lounge-site\shops\other\asan\탕정면\한국미인테라피\index.html","신규"
"한국미인테라피","천안","충남","천안","광덕면","E:\mong-lounge-site\massage\other\cheonan\dongnam-gu\천안-동남구-출장마사지-동별-생활권-지역안내\index.html","E:\mong-lounge-site\shops\other\cheonan\dongnam-gu\광덕면\한국미인테라피\index.html","신규"
"한국미인테라피","천안","충남","천안","동면","E:\mong-lounge-site\massage\other\cheonan\dongnam-gu\천안-동남구-출장마사지-동별-생활권-지역안내\index.html","E:\mong-lounge-site\shops\other\cheonan\dongnam-gu\동면\한국미인테라피\index.html","신규"
"한국미인테라피","천안","충남","천안","목천읍","E:\mong-lounge-site\massage\other\cheonan\dongnam-gu\천안-동남구-출장마사지-동별-생활권-지역안내\index.html","E:\mong-lounge-site\shops\other\cheonan\dongnam-gu\목천읍\한국미인테라피\index.html","신규"
"한국미인테라피","천안","충남","천안","문성동","E:\mong-lounge-site\massage\other\cheonan\dongnam-gu\천안-동남구-출장마사지-동별-생활권-지역안내\index.html","E:\mong-lounge-site\shops\other\cheonan\dongnam-gu\문성동\한국미인테라피\index.html","신규"
"한국미인테라피","천안","충남","천안","백석동","E:\mong-lounge-site\massage\other\cheonan\dongnam-gu\천안-동남구-출장마사지-동별-생활권-지역안내\index.html","E:\mong-lounge-site\shops\other\cheonan\dongnam-gu\백석동\한국미인테라피\index.html","신규"
"한국미인테라피","천안","충남","천안","병천면","E:\mong-lounge-site\massage\other\cheonan\dongnam-gu\천안-동남구-출장마사지-동별-생활권-지역안내\index.html","E:\mong-lounge-site\shops\other\cheonan\dongnam-gu\병천면\한국미인테라피\index.html","신규"
"한국미인테라피","천안","충남","천안","봉명동","E:\mong-lounge-site\massage\other\cheonan\dongnam-gu\천안-동남구-출장마사지-동별-생활권-지역안내\index.html","E:\mong-lounge-site\shops\other\cheonan\dongnam-gu\봉명동\한국미인테라피\index.html","신규"
"한국미인테라피","천안","충남","천안","부성동","E:\mong-lounge-site\massage\other\cheonan\dongnam-gu\천안-동남구-출장마사지-동별-생활권-지역안내\index.html","E:\mong-lounge-site\shops\other\cheonan\dongnam-gu\부성동\한국미인테라피\index.html","신규"
"한국미인테라피","천안","충남","천안","북면","E:\mong-lounge-site\massage\other\cheonan\dongnam-gu\천안-동남구-출장마사지-동별-생활권-지역안내\index.html","E:\mong-lounge-site\shops\other\cheonan\dongnam-gu\북면\한국미인테라피\index.html","신규"
"한국미인테라피","천안","충남","천안","불당동","E:\mong-lounge-site\massage\other\cheonan\dongnam-gu\천안-동남구-출장마사지-동별-생활권-지역안내\index.html","E:\mong-lounge-site\shops\other\cheonan\dongnam-gu\불당동\한국미인테라피\index.html","신규"
"한국미인테라피","천안","충남","천안","성거읍","E:\mong-lounge-site\massage\other\cheonan\dongnam-gu\천안-동남구-출장마사지-동별-생활권-지역안내\index.html","E:\mong-lounge-site\shops\other\cheonan\dongnam-gu\성거읍\한국미인테라피\index.html","신규"
"한국미인테라피","천안","충남","천안","성남면","E:\mong-lounge-site\massage\other\cheonan\dongnam-gu\천안-동남구-출장마사지-동별-생활권-지역안내\index.html","E:\mong-lounge-site\shops\other\cheonan\dongnam-gu\성남면\한국미인테라피\index.html","신규"
"한국미인테라피","천안","충남","천안","성정동","E:\mong-lounge-site\massage\other\cheonan\dongnam-gu\천안-동남구-출장마사지-동별-생활권-지역안내\index.html","E:\mong-lounge-site\shops\other\cheonan\dongnam-gu\성정동\한국미인테라피\index.html","신규"
"한국미인테라피","천안","충남","천안","성환읍","E:\mong-lounge-site\massage\other\cheonan\dongnam-gu\천안-동남구-출장마사지-동별-생활권-지역안내\index.html","E:\mong-lounge-site\shops\other\cheonan\dongnam-gu\성환읍\한국미인테라피\index.html","신규"
"한국미인테라피","천안","충남","천안","수신면","E:\mong-lounge-site\massage\other\cheonan\dongnam-gu\천안-동남구-출장마사지-동별-생활권-지역안내\index.html","E:\mong-lounge-site\shops\other\cheonan\dongnam-gu\수신면\한국미인테라피\index.html","신규"
"한국미인테라피","천안","충남","천안","신방동","E:\mong-lounge-site\massage\other\cheonan\dongnam-gu\천안-동남구-출장마사지-동별-생활권-지역안내\index.html","E:\mong-lounge-site\shops\other\cheonan\dongnam-gu\신방동\한국미인테라피\index.html","신규"
"한국미인테라피","천안","충남","천안","신안동","E:\mong-lounge-site\massage\other\cheonan\dongnam-gu\천안-동남구-출장마사지-동별-생활권-지역안내\index.html","E:\mong-lounge-site\shops\other\cheonan\dongnam-gu\신안동\한국미인테라피\index.html","신규"
"한국미인테라피","천안","충남","천안","쌍용동","E:\mong-lounge-site\massage\other\cheonan\dongnam-gu\천안-동남구-출장마사지-동별-생활권-지역안내\index.html","E:\mong-lounge-site\shops\other\cheonan\dongnam-gu\쌍용동\한국미인테라피\index.html","신규"
"한국미인테라피","천안","충남","천안","원성동","E:\mong-lounge-site\massage\other\cheonan\dongnam-gu\천안-동남구-출장마사지-동별-생활권-지역안내\index.html","E:\mong-lounge-site\shops\other\cheonan\dongnam-gu\원성동\한국미인테라피\index.html","신규"
"한국미인테라피","천안","충남","천안","일봉동","E:\mong-lounge-site\massage\other\cheonan\dongnam-gu\천안-동남구-출장마사지-동별-생활권-지역안내\index.html","E:\mong-lounge-site\shops\other\cheonan\dongnam-gu\일봉동\한국미인테라피\index.html","신규"
"한국미인테라피","천안","충남","천안","입장면","E:\mong-lounge-site\massage\other\cheonan\dongnam-gu\천안-동남구-출장마사지-동별-생활권-지역안내\index.html","E:\mong-lounge-site\shops\other\cheonan\dongnam-gu\입장면\한국미인테라피\index.html","신규"
"한국미인테라피","천안","충남","천안","중앙동","E:\mong-lounge-site\massage\other\cheonan\dongnam-gu\천안-동남구-출장마사지-동별-생활권-지역안내\index.html","E:\mong-lounge-site\shops\other\cheonan\dongnam-gu\중앙동\한국미인테라피\index.html","신규"
"한국미인테라피","천안","충남","천안","직산읍","E:\mong-lounge-site\massage\other\cheonan\dongnam-gu\천안-동남구-출장마사지-동별-생활권-지역안내\index.html","E:\mong-lounge-site\shops\other\cheonan\dongnam-gu\직산읍\한국미인테라피\index.html","신규"
"한국미인테라피","천안","충남","천안","청룡동","E:\mong-lounge-site\massage\other\cheonan\dongnam-gu\천안-동남구-출장마사지-동별-생활권-지역안내\index.html","E:\mong-lounge-site\shops\other\cheonan\dongnam-gu\청룡동\한국미인테라피\index.html","신규"
"한국미인테라피","천안","충남","천안","풍세면","E:\mong-lounge-site\massage\other\cheonan\dongnam-gu\천안-동남구-출장마사지-동별-생활권-지역안내\index.html","E:\mong-lounge-site\shops\other\cheonan\dongnam-gu\풍세면\한국미인테라피\index.html","신규"
"너무이쁜테라피","경기","경기","가평군","가평읍","E:\mong-lounge-site\massage\gyeonggi\gapyeong\가평군-출장마사지-가평읍-청평-설악-여행-숙박과-장시간-이동-다리-허리-피로-방문-홈케어\index.html","E:\mong-lounge-site\shops\gyeonggi\gapyeong\가평읍\너무이쁜테라피\index.html","신규"
"너무이쁜테라피","경기","경기","가평군","북면","E:\mong-lounge-site\massage\gyeonggi\gapyeong\가평군-출장마사지-가평읍-청평-설악-여행-숙박과-장시간-이동-다리-허리-피로-방문-홈케어\index.html","E:\mong-lounge-site\shops\gyeonggi\gapyeong\북면\너무이쁜테라피\index.html","신규"
"너무이쁜테라피","경기","경기","가평군","상면","E:\mong-lounge-site\massage\gyeonggi\gapyeong\가평군-출장마사지-가평읍-청평-설악-여행-숙박과-장시간-이동-다리-허리-피로-방문-홈케어\index.html","E:\mong-lounge-site\shops\gyeonggi\gapyeong\상면\너무이쁜테라피\index.html","신규"
"너무이쁜테라피","경기","경기","가평군","설악면","E:\mong-lounge-site\massage\gyeonggi\gapyeong\가평군-출장마사지-가평읍-청평-설악-여행-숙박과-장시간-이동-다리-허리-피로-방문-홈케어\index.html","E:\mong-lounge-site\shops\gyeonggi\gapyeong\설악면\너무이쁜테라피\index.html","신규"
"너무이쁜테라피","경기","경기","가평군","조종면","E:\mong-lounge-site\massage\gyeonggi\gapyeong\가평군-출장마사지-가평읍-청평-설악-여행-숙박과-장시간-이동-다리-허리-피로-방문-홈케어\index.html","E:\mong-lounge-site\shops\gyeonggi\gapyeong\조종면\너무이쁜테라피\index.html","신규"
"너무이쁜테라피","경기","경기","가평군","청평면","E:\mong-lounge-site\massage\gyeonggi\gapyeong\가평군-출장마사지-가평읍-청평-설악-여행-숙박과-장시간-이동-다리-허리-피로-방문-홈케어\index.html","E:\mong-lounge-site\shops\gyeonggi\gapyeong\청평면\너무이쁜테라피\index.html","신규"
"너무이쁜테라피","경기","경기","고양시","일산동","E:\mong-lounge-site\massage\gyeonggi\goyang\고양시-출장마사지-일산-대화-백석-전시-행사와-장시간-보행-일정-다리-어깨-피로-방문-홈케어\index.html","E:\mong-lounge-site\shops\gyeonggi\goyang\일산동\너무이쁜테라피\index.html","신규"
"너무이쁜테라피","경기","경기","고양시-덕양구","고양동","E:\mong-lounge-site\massage\gyeonggi\goyang\deogyang-gu\고양시-덕양구-출장마사지-동별-생활권-지역안내\index.html","E:\mong-lounge-site\shops\gyeonggi\goyang\deogyang-gu\고양동\너무이쁜테라피\index.html","신규"
"너무이쁜테라피","경기","경기","고양시-덕양구","관산동","E:\mong-lounge-site\massage\gyeonggi\goyang\deogyang-gu\고양시-덕양구-출장마사지-동별-생활권-지역안내\index.html","E:\mong-lounge-site\shops\gyeonggi\goyang\deogyang-gu\관산동\너무이쁜테라피\index.html","신규"
"너무이쁜테라피","경기","경기","고양시-덕양구","능곡동","E:\mong-lounge-site\massage\gyeonggi\goyang\deogyang-gu\고양시-덕양구-출장마사지-동별-생활권-지역안내\index.html","E:\mong-lounge-site\shops\gyeonggi\goyang\deogyang-gu\능곡동\너무이쁜테라피\index.html","신규"
"너무이쁜테라피","경기","경기","고양시-덕양구","대덕동","E:\mong-lounge-site\massage\gyeonggi\goyang\deogyang-gu\고양시-덕양구-출장마사지-동별-생활권-지역안내\index.html","E:\mong-lounge-site\shops\gyeonggi\goyang\deogyang-gu\대덕동\너무이쁜테라피\index.html","신규"
"너무이쁜테라피","경기","경기","고양시-덕양구","삼송동","E:\mong-lounge-site\massage\gyeonggi\goyang\deogyang-gu\고양시-덕양구-출장마사지-동별-생활권-지역안내\index.html","E:\mong-lounge-site\shops\gyeonggi\goyang\deogyang-gu\삼송동\너무이쁜테라피\index.html","신규"
"너무이쁜테라피","경기","경기","고양시-덕양구","성사동","E:\mong-lounge-site\massage\gyeonggi\goyang\deogyang-gu\고양시-덕양구-출장마사지-동별-생활권-지역안내\index.html","E:\mong-lounge-site\shops\gyeonggi\goyang\deogyang-gu\성사동\너무이쁜테라피\index.html","신규"
"너무이쁜테라피","경기","경기","고양시-덕양구","원신동","E:\mong-lounge-site\massage\gyeonggi\goyang\deogyang-gu\고양시-덕양구-출장마사지-동별-생활권-지역안내\index.html","E:\mong-lounge-site\shops\gyeonggi\goyang\deogyang-gu\원신동\너무이쁜테라피\index.html","신규"
"너무이쁜테라피","경기","경기","고양시-덕양구","주교동","E:\mong-lounge-site\massage\gyeonggi\goyang\deogyang-gu\고양시-덕양구-출장마사지-동별-생활권-지역안내\index.html","E:\mong-lounge-site\shops\gyeonggi\goyang\deogyang-gu\주교동\너무이쁜테라피\index.html","신규"
"너무이쁜테라피","경기","경기","고양시-덕양구","창릉동","E:\mong-lounge-site\massage\gyeonggi\goyang\deogyang-gu\고양시-덕양구-출장마사지-동별-생활권-지역안내\index.html","E:\mong-lounge-site\shops\gyeonggi\goyang\deogyang-gu\창릉동\너무이쁜테라피\index.html","신규"
"너무이쁜테라피","경기","경기","고양시-덕양구","행신동","E:\mong-lounge-site\massage\gyeonggi\goyang\deogyang-gu\고양시-덕양구-출장마사지-동별-생활권-지역안내\index.html","E:\mong-lounge-site\shops\gyeonggi\goyang\deogyang-gu\행신동\너무이쁜테라피\index.html","신규"
"너무이쁜테라피","경기","경기","고양시-덕양구","행주동","E:\mong-lounge-site\massage\gyeonggi\goyang\deogyang-gu\고양시-덕양구-출장마사지-동별-생활권-지역안내\index.html","E:\mong-lounge-site\shops\gyeonggi\goyang\deogyang-gu\행주동\너무이쁜테라피\index.html","신규"
"너무이쁜테라피","경기","경기","고양시-덕양구","화전동","E:\mong-lounge-site\massage\gyeonggi\goyang\deogyang-gu\고양시-덕양구-출장마사지-동별-생활권-지역안내\index.html","E:\mong-lounge-site\shops\gyeonggi\goyang\deogyang-gu\화전동\너무이쁜테라피\index.html","신규"
"너무이쁜테라피","경기","경기","고양시-덕양구","화정동","E:\mong-lounge-site\massage\gyeonggi\goyang\deogyang-gu\고양시-덕양구-출장마사지-동별-생활권-지역안내\index.html","E:\mong-lounge-site\shops\gyeonggi\goyang\deogyang-gu\화정동\너무이쁜테라피\index.html","신규"
"너무이쁜테라피","경기","경기","고양시-덕양구","효자동","E:\mong-lounge-site\massage\gyeonggi\goyang\deogyang-gu\고양시-덕양구-출장마사지-동별-생활권-지역안내\index.html","E:\mong-lounge-site\shops\gyeonggi\goyang\deogyang-gu\효자동\너무이쁜테라피\index.html","신규"
"너무이쁜테라피","경기","경기","고양시-덕양구","흥도동","E:\mong-lounge-site\massage\gyeonggi\goyang\deogyang-gu\고양시-덕양구-출장마사지-동별-생활권-지역안내\index.html","E:\mong-lounge-site\shops\gyeonggi\goyang\deogyang-gu\흥도동\너무이쁜테라피\index.html","신규"
"너무이쁜테라피","경기","경기","고양시-일산동구","고봉동","E:\mong-lounge-site\massage\gyeonggi\goyang\ilsandong-gu\고양시-일산동구-출장마사지-동별-생활권-지역안내\index.html","E:\mong-lounge-site\shops\gyeonggi\goyang\ilsandong-gu\고봉동\너무이쁜테라피\index.html","신규"
"너무이쁜테라피","경기","경기","고양시-일산동구","마두동","E:\mong-lounge-site\massage\gyeonggi\goyang\ilsandong-gu\고양시-일산동구-출장마사지-동별-생활권-지역안내\index.html","E:\mong-lounge-site\shops\gyeonggi\goyang\ilsandong-gu\마두동\너무이쁜테라피\index.html","신규"
"너무이쁜테라피","경기","경기","고양시-일산동구","백석동","E:\mong-lounge-site\massage\gyeonggi\goyang\ilsandong-gu\고양시-일산동구-출장마사지-동별-생활권-지역안내\index.html","E:\mong-lounge-site\shops\gyeonggi\goyang\ilsandong-gu\백석동\너무이쁜테라피\index.html","신규"
"너무이쁜테라피","경기","경기","고양시-일산동구","식사동","E:\mong-lounge-site\massage\gyeonggi\goyang\ilsandong-gu\고양시-일산동구-출장마사지-동별-생활권-지역안내\index.html","E:\mong-lounge-site\shops\gyeonggi\goyang\ilsandong-gu\식사동\너무이쁜테라피\index.html","신규"
"너무이쁜테라피","경기","경기","고양시-일산동구","장항동","E:\mong-lounge-site\massage\gyeonggi\goyang\ilsandong-gu\고양시-일산동구-출장마사지-동별-생활권-지역안내\index.html","E:\mong-lounge-site\shops\gyeonggi\goyang\ilsandong-gu\장항동\너무이쁜테라피\index.html","신규"
"너무이쁜테라피","경기","경기","고양시-일산동구","정발산동","E:\mong-lounge-site\massage\gyeonggi\goyang\ilsandong-gu\고양시-일산동구-출장마사지-동별-생활권-지역안내\index.html","E:\mong-lounge-site\shops\gyeonggi\goyang\ilsandong-gu\정발산동\너무이쁜테라피\index.html","신규"
"너무이쁜테라피","경기","경기","고양시-일산동구","중산동","E:\mong-lounge-site\massage\gyeonggi\goyang\ilsandong-gu\고양시-일산동구-출장마사지-동별-생활권-지역안내\index.html","E:\mong-lounge-site\shops\gyeonggi\goyang\ilsandong-gu\중산동\너무이쁜테라피\index.html","신규"
"너무이쁜테라피","경기","경기","고양시-일산동구","풍산동","E:\mong-lounge-site\massage\gyeonggi\goyang\ilsandong-gu\고양시-일산동구-출장마사지-동별-생활권-지역안내\index.html","E:\mong-lounge-site\shops\gyeonggi\goyang\ilsandong-gu\풍산동\너무이쁜테라피\index.html","신규"
"너무이쁜테라피","경기","경기","고양시-일산서구","가좌동","E:\mong-lounge-site\massage\gyeonggi\goyang\ilsanseo-gu\고양시-일산서구-출장마사지-동별-생활권-지역안내\index.html","E:\mong-lounge-site\shops\gyeonggi\goyang\ilsanseo-gu\가좌동\너무이쁜테라피\index.html","신규"
"너무이쁜테라피","경기","경기","고양시-일산서구","대화동","E:\mong-lounge-site\massage\gyeonggi\goyang\ilsanseo-gu\고양시-일산서구-출장마사지-동별-생활권-지역안내\index.html","E:\mong-lounge-site\shops\gyeonggi\goyang\ilsanseo-gu\대화동\너무이쁜테라피\index.html","신규"
"너무이쁜테라피","경기","경기","고양시-일산서구","덕이동","E:\mong-lounge-site\massage\gyeonggi\goyang\ilsanseo-gu\고양시-일산서구-출장마사지-동별-생활권-지역안내\index.html","E:\mong-lounge-site\shops\gyeonggi\goyang\ilsanseo-gu\덕이동\너무이쁜테라피\index.html","신규"
"너무이쁜테라피","경기","경기","고양시-일산서구","송포동","E:\mong-lounge-site\massage\gyeonggi\goyang\ilsanseo-gu\고양시-일산서구-출장마사지-동별-생활권-지역안내\index.html","E:\mong-lounge-site\shops\gyeonggi\goyang\ilsanseo-gu\송포동\너무이쁜테라피\index.html","신규"
"너무이쁜테라피","경기","경기","고양시-일산서구","일산동","E:\mong-lounge-site\massage\gyeonggi\goyang\ilsanseo-gu\고양시-일산서구-출장마사지-동별-생활권-지역안내\index.html","E:\mong-lounge-site\shops\gyeonggi\goyang\ilsanseo-gu\일산동\너무이쁜테라피\index.html","신규"
"너무이쁜테라피","경기","경기","고양시-일산서구","주엽동","E:\mong-lounge-site\massage\gyeonggi\goyang\ilsanseo-gu\고양시-일산서구-출장마사지-동별-생활권-지역안내\index.html","E:\mong-lounge-site\shops\gyeonggi\goyang\ilsanseo-gu\주엽동\너무이쁜테라피\index.html","신규"
"너무이쁜테라피","경기","경기","고양시-일산서구","탄현동","E:\mong-lounge-site\massage\gyeonggi\goyang\ilsanseo-gu\고양시-일산서구-출장마사지-동별-생활권-지역안내\index.html","E:\mong-lounge-site\shops\gyeonggi\goyang\ilsanseo-gu\탄현동\너무이쁜테라피\index.html","신규"
"너무이쁜테라피","경기","경기","과천시","갈현동","E:\mong-lounge-site\massage\gyeonggi\gwacheon\과천시-출장마사지-중앙-별양-정부과천청사-오피스-통근과-회의-일정-목-어깨-피로-방문-홈케어\index.html","E:\mong-lounge-site\shops\gyeonggi\gwacheon\갈현동\너무이쁜테라피\index.html","신규"
"너무이쁜테라피","경기","경기","과천시","과천동","E:\mong-lounge-site\massage\gyeonggi\gwacheon\과천시-출장마사지-중앙-별양-정부과천청사-오피스-통근과-회의-일정-목-어깨-피로-방문-홈케어\index.html","E:\mong-lounge-site\shops\gyeonggi\gwacheon\과천동\너무이쁜테라피\index.html","신규"
"너무이쁜테라피","경기","경기","과천시","문원동","E:\mong-lounge-site\massage\gyeonggi\gwacheon\과천시-출장마사지-중앙-별양-정부과천청사-오피스-통근과-회의-일정-목-어깨-피로-방문-홈케어\index.html","E:\mong-lounge-site\shops\gyeonggi\gwacheon\문원동\너무이쁜테라피\index.html","신규"
"너무이쁜테라피","경기","경기","과천시","별양동","E:\mong-lounge-site\massage\gyeonggi\gwacheon\과천시-출장마사지-중앙-별양-정부과천청사-오피스-통근과-회의-일정-목-어깨-피로-방문-홈케어\index.html","E:\mong-lounge-site\shops\gyeonggi\gwacheon\별양동\너무이쁜테라피\index.html","신규"
"너무이쁜테라피","경기","경기","과천시","부림동","E:\mong-lounge-site\massage\gyeonggi\gwacheon\과천시-출장마사지-중앙-별양-정부과천청사-오피스-통근과-회의-일정-목-어깨-피로-방문-홈케어\index.html","E:\mong-lounge-site\shops\gyeonggi\gwacheon\부림동\너무이쁜테라피\index.html","신규"
"너무이쁜테라피","경기","경기","과천시","원문동","E:\mong-lounge-site\massage\gyeonggi\gwacheon\과천시-출장마사지-중앙-별양-정부과천청사-오피스-통근과-회의-일정-목-어깨-피로-방문-홈케어\index.html","E:\mong-lounge-site\shops\gyeonggi\gwacheon\원문동\너무이쁜테라피\index.html","신규"
"너무이쁜테라피","경기","경기","과천시","중앙동","E:\mong-lounge-site\massage\gyeonggi\gwacheon\과천시-출장마사지-중앙-별양-정부과천청사-오피스-통근과-회의-일정-목-어깨-피로-방문-홈케어\index.html","E:\mong-lounge-site\shops\gyeonggi\gwacheon\중앙동\너무이쁜테라피\index.html","신규"
"너무이쁜테라피","경기","경기","광명시","광명동","E:\mong-lounge-site\massage\gyeonggi\gwangmyeong\광명시-출장마사지-광명역-철산-하안-출장과-광역-이동이-겹친-날-다리-허리-피로-방문-홈케어\index.html","E:\mong-lounge-site\shops\gyeonggi\gwangmyeong\광명동\너무이쁜테라피\index.html","신규"
"너무이쁜테라피","경기","경기","광명시","소하동","E:\mong-lounge-site\massage\gyeonggi\gwangmyeong\광명시-출장마사지-광명역-철산-하안-출장과-광역-이동이-겹친-날-다리-허리-피로-방문-홈케어\index.html","E:\mong-lounge-site\shops\gyeonggi\gwangmyeong\소하동\너무이쁜테라피\index.html","신규"
"너무이쁜테라피","경기","경기","광명시","일직동","E:\mong-lounge-site\massage\gyeonggi\gwangmyeong\광명시-출장마사지-광명역-철산-하안-출장과-광역-이동이-겹친-날-다리-허리-피로-방문-홈케어\index.html","E:\mong-lounge-site\shops\gyeonggi\gwangmyeong\일직동\너무이쁜테라피\index.html","신규"
"너무이쁜테라피","경기","경기","광명시","철산동","E:\mong-lounge-site\massage\gyeonggi\gwangmyeong\광명시-출장마사지-광명역-철산-하안-출장과-광역-이동이-겹친-날-다리-허리-피로-방문-홈케어\index.html","E:\mong-lounge-site\shops\gyeonggi\gwangmyeong\철산동\너무이쁜테라피\index.html","신규"
"너무이쁜테라피","경기","경기","광명시","하안동","E:\mong-lounge-site\massage\gyeonggi\gwangmyeong\광명시-출장마사지-광명역-철산-하안-출장과-광역-이동이-겹친-날-다리-허리-피로-방문-홈케어\index.html","E:\mong-lounge-site\shops\gyeonggi\gwangmyeong\하안동\너무이쁜테라피\index.html","신규"
"너무이쁜테라피","경기","경기","광명시","학온동","E:\mong-lounge-site\massage\gyeonggi\gwangmyeong\광명시-출장마사지-광명역-철산-하안-출장과-광역-이동이-겹친-날-다리-허리-피로-방문-홈케어\index.html","E:\mong-lounge-site\shops\gyeonggi\gwangmyeong\학온동\너무이쁜테라피\index.html","신규"
"너무이쁜테라피","경기","경기","광주시","경안동","E:\mong-lounge-site\massage\gyeonggi\gwangju-gyeonggi\광주시-출장마사지-태전-경안-곤지암-차량-이동과-생활권-이동이-긴-날-허리-어깨-피로-방문-홈케어\index.html","E:\mong-lounge-site\shops\gyeonggi\gwangju-gyeonggi\경안동\너무이쁜테라피\index.html","신규"
"너무이쁜테라피","경기","경기","광주시","곤지암읍","E:\mong-lounge-site\massage\gyeonggi\gwangju-gyeonggi\광주시-출장마사지-태전-경안-곤지암-차량-이동과-생활권-이동이-긴-날-허리-어깨-피로-방문-홈케어\index.html","E:\mong-lounge-site\shops\gyeonggi\gwangju-gyeonggi\곤지암읍\너무이쁜테라피\index.html","신규"
"너무이쁜테라피","경기","경기","광주시","광남동","E:\mong-lounge-site\massage\gyeonggi\gwangju-gyeonggi\광주시-출장마사지-태전-경안-곤지암-차량-이동과-생활권-이동이-긴-날-허리-어깨-피로-방문-홈케어\index.html","E:\mong-lounge-site\shops\gyeonggi\gwangju-gyeonggi\광남동\너무이쁜테라피\index.html","신규"
"너무이쁜테라피","경기","경기","광주시","남종면","E:\mong-lounge-site\massage\gyeonggi\gwangju-gyeonggi\광주시-출장마사지-태전-경안-곤지암-차량-이동과-생활권-이동이-긴-날-허리-어깨-피로-방문-홈케어\index.html","E:\mong-lounge-site\shops\gyeonggi\gwangju-gyeonggi\남종면\너무이쁜테라피\index.html","신규"
"너무이쁜테라피","경기","경기","광주시","남한산성면","E:\mong-lounge-site\massage\gyeonggi\gwangju-gyeonggi\광주시-출장마사지-태전-경안-곤지암-차량-이동과-생활권-이동이-긴-날-허리-어깨-피로-방문-홈케어\index.html","E:\mong-lounge-site\shops\gyeonggi\gwangju-gyeonggi\남한산성면\너무이쁜테라피\index.html","신규"
"너무이쁜테라피","경기","경기","광주시","능평동","E:\mong-lounge-site\massage\gyeonggi\gwangju-gyeonggi\광주시-출장마사지-태전-경안-곤지암-차량-이동과-생활권-이동이-긴-날-허리-어깨-피로-방문-홈케어\index.html","E:\mong-lounge-site\shops\gyeonggi\gwangju-gyeonggi\능평동\너무이쁜테라피\index.html","신규"
"너무이쁜테라피","경기","경기","광주시","도척면","E:\mong-lounge-site\massage\gyeonggi\gwangju-gyeonggi\광주시-출장마사지-태전-경안-곤지암-차량-이동과-생활권-이동이-긴-날-허리-어깨-피로-방문-홈케어\index.html","E:\mong-lounge-site\shops\gyeonggi\gwangju-gyeonggi\도척면\너무이쁜테라피\index.html","신규"
"너무이쁜테라피","경기","경기","광주시","송정동","E:\mong-lounge-site\massage\gyeonggi\gwangju-gyeonggi\광주시-출장마사지-태전-경안-곤지암-차량-이동과-생활권-이동이-긴-날-허리-어깨-피로-방문-홈케어\index.html","E:\mong-lounge-site\shops\gyeonggi\gwangju-gyeonggi\송정동\너무이쁜테라피\index.html","신규"
"너무이쁜테라피","경기","경기","광주시","신현동","E:\mong-lounge-site\massage\gyeonggi\gwangju-gyeonggi\광주시-출장마사지-태전-경안-곤지암-차량-이동과-생활권-이동이-긴-날-허리-어깨-피로-방문-홈케어\index.html","E:\mong-lounge-site\shops\gyeonggi\gwangju-gyeonggi\신현동\너무이쁜테라피\index.html","신규"
"너무이쁜테라피","경기","경기","광주시","쌍령동","E:\mong-lounge-site\massage\gyeonggi\gwangju-gyeonggi\광주시-출장마사지-태전-경안-곤지암-차량-이동과-생활권-이동이-긴-날-허리-어깨-피로-방문-홈케어\index.html","E:\mong-lounge-site\shops\gyeonggi\gwangju-gyeonggi\쌍령동\너무이쁜테라피\index.html","신규"
"너무이쁜테라피","경기","경기","광주시","오포동","E:\mong-lounge-site\massage\gyeonggi\gwangju-gyeonggi\광주시-출장마사지-태전-경안-곤지암-차량-이동과-생활권-이동이-긴-날-허리-어깨-피로-방문-홈케어\index.html","E:\mong-lounge-site\shops\gyeonggi\gwangju-gyeonggi\오포동\너무이쁜테라피\index.html","신규"
"너무이쁜테라피","경기","경기","광주시","초월읍","E:\mong-lounge-site\massage\gyeonggi\gwangju-gyeonggi\광주시-출장마사지-태전-경안-곤지암-차량-이동과-생활권-이동이-긴-날-허리-어깨-피로-방문-홈케어\index.html","E:\mong-lounge-site\shops\gyeonggi\gwangju-gyeonggi\초월읍\너무이쁜테라피\index.html","신규"
"너무이쁜테라피","경기","경기","광주시","탄벌동","E:\mong-lounge-site\massage\gyeonggi\gwangju-gyeonggi\광주시-출장마사지-태전-경안-곤지암-차량-이동과-생활권-이동이-긴-날-허리-어깨-피로-방문-홈케어\index.html","E:\mong-lounge-site\shops\gyeonggi\gwangju-gyeonggi\탄벌동\너무이쁜테라피\index.html","신규"
"너무이쁜테라피","경기","경기","광주시","퇴촌면","E:\mong-lounge-site\massage\gyeonggi\gwangju-gyeonggi\광주시-출장마사지-태전-경안-곤지암-차량-이동과-생활권-이동이-긴-날-허리-어깨-피로-방문-홈케어\index.html","E:\mong-lounge-site\shops\gyeonggi\gwangju-gyeonggi\퇴촌면\너무이쁜테라피\index.html","신규"
"너무이쁜테라피","경기","경기","구리시","갈매동","E:\mong-lounge-site\massage\gyeonggi\guri\구리시-출장마사지-인창-갈매-수택-서울-통근과-생활-이동이-긴-날-목-허리-피로-방문-홈케어\index.html","E:\mong-lounge-site\shops\gyeonggi\guri\갈매동\너무이쁜테라피\index.html","신규"
"너무이쁜테라피","경기","경기","구리시","교문동","E:\mong-lounge-site\massage\gyeonggi\guri\구리시-출장마사지-인창-갈매-수택-서울-통근과-생활-이동이-긴-날-목-허리-피로-방문-홈케어\index.html","E:\mong-lounge-site\shops\gyeonggi\guri\교문동\너무이쁜테라피\index.html","신규"
"너무이쁜테라피","경기","경기","구리시","동구동","E:\mong-lounge-site\massage\gyeonggi\guri\구리시-출장마사지-인창-갈매-수택-서울-통근과-생활-이동이-긴-날-목-허리-피로-방문-홈케어\index.html","E:\mong-lounge-site\shops\gyeonggi\guri\동구동\너무이쁜테라피\index.html","신규"
"너무이쁜테라피","경기","경기","구리시","수택동","E:\mong-lounge-site\massage\gyeonggi\guri\구리시-출장마사지-인창-갈매-수택-서울-통근과-생활-이동이-긴-날-목-허리-피로-방문-홈케어\index.html","E:\mong-lounge-site\shops\gyeonggi\guri\수택동\너무이쁜테라피\index.html","신규"
"너무이쁜테라피","경기","경기","구리시","인창동","E:\mong-lounge-site\massage\gyeonggi\guri\구리시-출장마사지-인창-갈매-수택-서울-통근과-생활-이동이-긴-날-목-허리-피로-방문-홈케어\index.html","E:\mong-lounge-site\shops\gyeonggi\guri\인창동\너무이쁜테라피\index.html","신규"
"너무이쁜테라피","경기","경기","군포시","광정동","E:\mong-lounge-site\massage\gyeonggi\gunpo\군포시-출장마사지-산본-금정-당동-지하철-통근과-장시간-보행-다리-허리-피로-방문-홈케어\index.html","E:\mong-lounge-site\shops\gyeonggi\gunpo\광정동\너무이쁜테라피\index.html","신규"
"너무이쁜테라피","경기","경기","군포시","군포동","E:\mong-lounge-site\massage\gyeonggi\gunpo\군포시-출장마사지-산본-금정-당동-지하철-통근과-장시간-보행-다리-허리-피로-방문-홈케어\index.html","E:\mong-lounge-site\shops\gyeonggi\gunpo\군포동\너무이쁜테라피\index.html","신규"
"너무이쁜테라피","경기","경기","군포시","궁내동","E:\mong-lounge-site\massage\gyeonggi\gunpo\군포시-출장마사지-산본-금정-당동-지하철-통근과-장시간-보행-다리-허리-피로-방문-홈케어\index.html","E:\mong-lounge-site\shops\gyeonggi\gunpo\궁내동\너무이쁜테라피\index.html","신규"
"너무이쁜테라피","경기","경기","군포시","금정동","E:\mong-lounge-site\massage\gyeonggi\gunpo\군포시-출장마사지-산본-금정-당동-지하철-통근과-장시간-보행-다리-허리-피로-방문-홈케어\index.html","E:\mong-lounge-site\shops\gyeonggi\gunpo\금정동\너무이쁜테라피\index.html","신규"
"너무이쁜테라피","경기","경기","군포시","대야동","E:\mong-lounge-site\massage\gyeonggi\gunpo\군포시-출장마사지-산본-금정-당동-지하철-통근과-장시간-보행-다리-허리-피로-방문-홈케어\index.html","E:\mong-lounge-site\shops\gyeonggi\gunpo\대야동\너무이쁜테라피\index.html","신규"
"너무이쁜테라피","경기","경기","군포시","산본동","E:\mong-lounge-site\massage\gyeonggi\gunpo\군포시-출장마사지-산본-금정-당동-지하철-통근과-장시간-보행-다리-허리-피로-방문-홈케어\index.html","E:\mong-lounge-site\shops\gyeonggi\gunpo\산본동\너무이쁜테라피\index.html","신규"
"너무이쁜테라피","경기","경기","군포시","송부동","E:\mong-lounge-site\massage\gyeonggi\gunpo\군포시-출장마사지-산본-금정-당동-지하철-통근과-장시간-보행-다리-허리-피로-방문-홈케어\index.html","E:\mong-lounge-site\shops\gyeonggi\gunpo\송부동\너무이쁜테라피\index.html","신규"
"너무이쁜테라피","경기","경기","군포시","수리동","E:\mong-lounge-site\massage\gyeonggi\gunpo\군포시-출장마사지-산본-금정-당동-지하철-통근과-장시간-보행-다리-허리-피로-방문-홈케어\index.html","E:\mong-lounge-site\shops\gyeonggi\gunpo\수리동\너무이쁜테라피\index.html","신규"
"너무이쁜테라피","경기","경기","군포시","오금동","E:\mong-lounge-site\massage\gyeonggi\gunpo\군포시-출장마사지-산본-금정-당동-지하철-통근과-장시간-보행-다리-허리-피로-방문-홈케어\index.html","E:\mong-lounge-site\shops\gyeonggi\gunpo\오금동\너무이쁜테라피\index.html","신규"
"너무이쁜테라피","경기","경기","군포시","재궁동","E:\mong-lounge-site\massage\gyeonggi\gunpo\군포시-출장마사지-산본-금정-당동-지하철-통근과-장시간-보행-다리-허리-피로-방문-홈케어\index.html","E:\mong-lounge-site\shops\gyeonggi\gunpo\재궁동\너무이쁜테라피\index.html","신규"
"너무이쁜테라피","경기","경기","김포시","고촌읍","E:\mong-lounge-site\massage\gyeonggi\gimpo\김포시-출장마사지-장기-구래-마산-신도시-통근과-대중교통-이동-어깨-다리-피로-방문-홈케어\index.html","E:\mong-lounge-site\shops\gyeonggi\gimpo\고촌읍\너무이쁜테라피\index.html","신규"
"너무이쁜테라피","경기","경기","김포시","구래동","E:\mong-lounge-site\massage\gyeonggi\gimpo\김포시-출장마사지-장기-구래-마산-신도시-통근과-대중교통-이동-어깨-다리-피로-방문-홈케어\index.html","E:\mong-lounge-site\shops\gyeonggi\gimpo\구래동\너무이쁜테라피\index.html","신규"
"너무이쁜테라피","경기","경기","김포시","김포본동","E:\mong-lounge-site\massage\gyeonggi\gimpo\김포시-출장마사지-장기-구래-마산-신도시-통근과-대중교통-이동-어깨-다리-피로-방문-홈케어\index.html","E:\mong-lounge-site\shops\gyeonggi\gimpo\김포본동\너무이쁜테라피\index.html","신규"
"너무이쁜테라피","경기","경기","김포시","대곶면","E:\mong-lounge-site\massage\gyeonggi\gimpo\김포시-출장마사지-장기-구래-마산-신도시-통근과-대중교통-이동-어깨-다리-피로-방문-홈케어\index.html","E:\mong-lounge-site\shops\gyeonggi\gimpo\대곶면\너무이쁜테라피\index.html","신규"
"너무이쁜테라피","경기","경기","김포시","마산동","E:\mong-lounge-site\massage\gyeonggi\gimpo\김포시-출장마사지-장기-구래-마산-신도시-통근과-대중교통-이동-어깨-다리-피로-방문-홈케어\index.html","E:\mong-lounge-site\shops\gyeonggi\gimpo\마산동\너무이쁜테라피\index.html","신규"
"너무이쁜테라피","경기","경기","김포시","사우동","E:\mong-lounge-site\massage\gyeonggi\gimpo\김포시-출장마사지-장기-구래-마산-신도시-통근과-대중교통-이동-어깨-다리-피로-방문-홈케어\index.html","E:\mong-lounge-site\shops\gyeonggi\gimpo\사우동\너무이쁜테라피\index.html","신규"
"너무이쁜테라피","경기","경기","김포시","양촌읍","E:\mong-lounge-site\massage\gyeonggi\gimpo\김포시-출장마사지-장기-구래-마산-신도시-통근과-대중교통-이동-어깨-다리-피로-방문-홈케어\index.html","E:\mong-lounge-site\shops\gyeonggi\gimpo\양촌읍\너무이쁜테라피\index.html","신규"
"너무이쁜테라피","경기","경기","김포시","운양동","E:\mong-lounge-site\massage\gyeonggi\gimpo\김포시-출장마사지-장기-구래-마산-신도시-통근과-대중교통-이동-어깨-다리-피로-방문-홈케어\index.html","E:\mong-lounge-site\shops\gyeonggi\gimpo\운양동\너무이쁜테라피\index.html","신규"
"너무이쁜테라피","경기","경기","김포시","월곶면","E:\mong-lounge-site\massage\gyeonggi\gimpo\김포시-출장마사지-장기-구래-마산-신도시-통근과-대중교통-이동-어깨-다리-피로-방문-홈케어\index.html","E:\mong-lounge-site\shops\gyeonggi\gimpo\월곶면\너무이쁜테라피\index.html","신규"
"너무이쁜테라피","경기","경기","김포시","장기동","E:\mong-lounge-site\massage\gyeonggi\gimpo\김포시-출장마사지-장기-구래-마산-신도시-통근과-대중교통-이동-어깨-다리-피로-방문-홈케어\index.html","E:\mong-lounge-site\shops\gyeonggi\gimpo\장기동\너무이쁜테라피\index.html","신규"
"너무이쁜테라피","경기","경기","김포시","장기본동","E:\mong-lounge-site\massage\gyeonggi\gimpo\김포시-출장마사지-장기-구래-마산-신도시-통근과-대중교통-이동-어깨-다리-피로-방문-홈케어\index.html","E:\mong-lounge-site\shops\gyeonggi\gimpo\장기본동\너무이쁜테라피\index.html","신규"
"너무이쁜테라피","경기","경기","김포시","통진읍","E:\mong-lounge-site\massage\gyeonggi\gimpo\김포시-출장마사지-장기-구래-마산-신도시-통근과-대중교통-이동-어깨-다리-피로-방문-홈케어\index.html","E:\mong-lounge-site\shops\gyeonggi\gimpo\통진읍\너무이쁜테라피\index.html","신규"
"너무이쁜테라피","경기","경기","김포시","풍무동","E:\mong-lounge-site\massage\gyeonggi\gimpo\김포시-출장마사지-장기-구래-마산-신도시-통근과-대중교통-이동-어깨-다리-피로-방문-홈케어\index.html","E:\mong-lounge-site\shops\gyeonggi\gimpo\풍무동\너무이쁜테라피\index.html","신규"
"너무이쁜테라피","경기","경기","김포시","하성면","E:\mong-lounge-site\massage\gyeonggi\gimpo\김포시-출장마사지-장기-구래-마산-신도시-통근과-대중교통-이동-어깨-다리-피로-방문-홈케어\index.html","E:\mong-lounge-site\shops\gyeonggi\gimpo\하성면\너무이쁜테라피\index.html","신규"
"너무이쁜테라피","경기","경기","남양주시","금곡동","E:\mong-lounge-site\massage\gyeonggi\namyangju\남양주시-출장마사지-다산-별내-진접-차량-이동과-외곽-통근이-긴-날-허리-다리-피로-방문-홈케어\index.html","E:\mong-lounge-site\shops\gyeonggi\namyangju\금곡동\너무이쁜테라피\index.html","신규"
"너무이쁜테라피","경기","경기","남양주시","다산동","E:\mong-lounge-site\massage\gyeonggi\namyangju\남양주시-출장마사지-다산-별내-진접-차량-이동과-외곽-통근이-긴-날-허리-다리-피로-방문-홈케어\index.html","E:\mong-lounge-site\shops\gyeonggi\namyangju\다산동\너무이쁜테라피\index.html","신규"
"너무이쁜테라피","경기","경기","남양주시","별내동","E:\mong-lounge-site\massage\gyeonggi\namyangju\남양주시-출장마사지-다산-별내-진접-차량-이동과-외곽-통근이-긴-날-허리-다리-피로-방문-홈케어\index.html","E:\mong-lounge-site\shops\gyeonggi\namyangju\별내동\너무이쁜테라피\index.html","신규"
"너무이쁜테라피","경기","경기","남양주시","별내면","E:\mong-lounge-site\massage\gyeonggi\namyangju\남양주시-출장마사지-다산-별내-진접-차량-이동과-외곽-통근이-긴-날-허리-다리-피로-방문-홈케어\index.html","E:\mong-lounge-site\shops\gyeonggi\namyangju\별내면\너무이쁜테라피\index.html","신규"
"너무이쁜테라피","경기","경기","남양주시","수동면","E:\mong-lounge-site\massage\gyeonggi\namyangju\남양주시-출장마사지-다산-별내-진접-차량-이동과-외곽-통근이-긴-날-허리-다리-피로-방문-홈케어\index.html","E:\mong-lounge-site\shops\gyeonggi\namyangju\수동면\너무이쁜테라피\index.html","신규"
"너무이쁜테라피","경기","경기","남양주시","양정동","E:\mong-lounge-site\massage\gyeonggi\namyangju\남양주시-출장마사지-다산-별내-진접-차량-이동과-외곽-통근이-긴-날-허리-다리-피로-방문-홈케어\index.html","E:\mong-lounge-site\shops\gyeonggi\namyangju\양정동\너무이쁜테라피\index.html","신규"
"너무이쁜테라피","경기","경기","남양주시","오남읍","E:\mong-lounge-site\massage\gyeonggi\namyangju\남양주시-출장마사지-다산-별내-진접-차량-이동과-외곽-통근이-긴-날-허리-다리-피로-방문-홈케어\index.html","E:\mong-lounge-site\shops\gyeonggi\namyangju\오남읍\너무이쁜테라피\index.html","신규"
"너무이쁜테라피","경기","경기","남양주시","와부읍","E:\mong-lounge-site\massage\gyeonggi\namyangju\남양주시-출장마사지-다산-별내-진접-차량-이동과-외곽-통근이-긴-날-허리-다리-피로-방문-홈케어\index.html","E:\mong-lounge-site\shops\gyeonggi\namyangju\와부읍\너무이쁜테라피\index.html","신규"
"너무이쁜테라피","경기","경기","남양주시","조안면","E:\mong-lounge-site\massage\gyeonggi\namyangju\남양주시-출장마사지-다산-별내-진접-차량-이동과-외곽-통근이-긴-날-허리-다리-피로-방문-홈케어\index.html","E:\mong-lounge-site\shops\gyeonggi\namyangju\조안면\너무이쁜테라피\index.html","신규"
"너무이쁜테라피","경기","경기","남양주시","진건읍","E:\mong-lounge-site\massage\gyeonggi\namyangju\남양주시-출장마사지-다산-별내-진접-차량-이동과-외곽-통근이-긴-날-허리-다리-피로-방문-홈케어\index.html","E:\mong-lounge-site\shops\gyeonggi\namyangju\진건읍\너무이쁜테라피\index.html","신규"
"너무이쁜테라피","경기","경기","남양주시","진접읍","E:\mong-lounge-site\massage\gyeonggi\namyangju\남양주시-출장마사지-다산-별내-진접-차량-이동과-외곽-통근이-긴-날-허리-다리-피로-방문-홈케어\index.html","E:\mong-lounge-site\shops\gyeonggi\namyangju\진접읍\너무이쁜테라피\index.html","신규"
"너무이쁜테라피","경기","경기","남양주시","퇴계원읍","E:\mong-lounge-site\massage\gyeonggi\namyangju\남양주시-출장마사지-다산-별내-진접-차량-이동과-외곽-통근이-긴-날-허리-다리-피로-방문-홈케어\index.html","E:\mong-lounge-site\shops\gyeonggi\namyangju\퇴계원읍\너무이쁜테라피\index.html","신규"
"너무이쁜테라피","경기","경기","남양주시","평내동","E:\mong-lounge-site\massage\gyeonggi\namyangju\남양주시-출장마사지-다산-별내-진접-차량-이동과-외곽-통근이-긴-날-허리-다리-피로-방문-홈케어\index.html","E:\mong-lounge-site\shops\gyeonggi\namyangju\평내동\너무이쁜테라피\index.html","신규"
"너무이쁜테라피","경기","경기","남양주시","호평동","E:\mong-lounge-site\massage\gyeonggi\namyangju\남양주시-출장마사지-다산-별내-진접-차량-이동과-외곽-통근이-긴-날-허리-다리-피로-방문-홈케어\index.html","E:\mong-lounge-site\shops\gyeonggi\namyangju\호평동\너무이쁜테라피\index.html","신규"
"너무이쁜테라피","경기","경기","남양주시","화도읍","E:\mong-lounge-site\massage\gyeonggi\namyangju\남양주시-출장마사지-다산-별내-진접-차량-이동과-외곽-통근이-긴-날-허리-다리-피로-방문-홈케어\index.html","E:\mong-lounge-site\shops\gyeonggi\namyangju\화도읍\너무이쁜테라피\index.html","신규"
"너무이쁜테라피","경기","경기","동두천시","보산동","E:\mong-lounge-site\massage\gyeonggi\dongducheon\동두천시-출장마사지-지행-생연-보산-광역-통근과-생활-이동이-긴-날-어깨-허리-피로-방문-홈케어\index.html","E:\mong-lounge-site\shops\gyeonggi\dongducheon\보산동\너무이쁜테라피\index.html","신규"
"너무이쁜테라피","경기","경기","동두천시","불현동","E:\mong-lounge-site\massage\gyeonggi\dongducheon\동두천시-출장마사지-지행-생연-보산-광역-통근과-생활-이동이-긴-날-어깨-허리-피로-방문-홈케어\index.html","E:\mong-lounge-site\shops\gyeonggi\dongducheon\불현동\너무이쁜테라피\index.html","신규"
"너무이쁜테라피","경기","경기","동두천시","상패동","E:\mong-lounge-site\massage\gyeonggi\dongducheon\동두천시-출장마사지-지행-생연-보산-광역-통근과-생활-이동이-긴-날-어깨-허리-피로-방문-홈케어\index.html","E:\mong-lounge-site\shops\gyeonggi\dongducheon\상패동\너무이쁜테라피\index.html","신규"
"너무이쁜테라피","경기","경기","동두천시","생연동","E:\mong-lounge-site\massage\gyeonggi\dongducheon\동두천시-출장마사지-지행-생연-보산-광역-통근과-생활-이동이-긴-날-어깨-허리-피로-방문-홈케어\index.html","E:\mong-lounge-site\shops\gyeonggi\dongducheon\생연동\너무이쁜테라피\index.html","신규"
"너무이쁜테라피","경기","경기","동두천시","소요동","E:\mong-lounge-site\massage\gyeonggi\dongducheon\동두천시-출장마사지-지행-생연-보산-광역-통근과-생활-이동이-긴-날-어깨-허리-피로-방문-홈케어\index.html","E:\mong-lounge-site\shops\gyeonggi\dongducheon\소요동\너무이쁜테라피\index.html","신규"
"너무이쁜테라피","경기","경기","동두천시","송내동","E:\mong-lounge-site\massage\gyeonggi\dongducheon\동두천시-출장마사지-지행-생연-보산-광역-통근과-생활-이동이-긴-날-어깨-허리-피로-방문-홈케어\index.html","E:\mong-lounge-site\shops\gyeonggi\dongducheon\송내동\너무이쁜테라피\index.html","신규"
"너무이쁜테라피","경기","경기","동두천시","중앙동","E:\mong-lounge-site\massage\gyeonggi\dongducheon\동두천시-출장마사지-지행-생연-보산-광역-통근과-생활-이동이-긴-날-어깨-허리-피로-방문-홈케어\index.html","E:\mong-lounge-site\shops\gyeonggi\dongducheon\중앙동\너무이쁜테라피\index.html","신규"
"너무이쁜테라피","경기","경기","부천시-소사구","괴안동","E:\mong-lounge-site\massage\gyeonggi\bucheon\sosa-gu\부천시-소사구-출장마사지-동별-생활권-지역안내\index.html","E:\mong-lounge-site\shops\gyeonggi\bucheon\sosa-gu\괴안동\너무이쁜테라피\index.html","신규"
"너무이쁜테라피","경기","경기","부천시-소사구","범박동","E:\mong-lounge-site\massage\gyeonggi\bucheon\sosa-gu\부천시-소사구-출장마사지-동별-생활권-지역안내\index.html","E:\mong-lounge-site\shops\gyeonggi\bucheon\sosa-gu\범박동\너무이쁜테라피\index.html","신규"
"너무이쁜테라피","경기","경기","부천시-소사구","소사본동","E:\mong-lounge-site\massage\gyeonggi\bucheon\sosa-gu\부천시-소사구-출장마사지-동별-생활권-지역안내\index.html","E:\mong-lounge-site\shops\gyeonggi\bucheon\sosa-gu\소사본동\너무이쁜테라피\index.html","신규"
"너무이쁜테라피","경기","경기","부천시-소사구","송내동","E:\mong-lounge-site\massage\gyeonggi\bucheon\sosa-gu\부천시-소사구-출장마사지-동별-생활권-지역안내\index.html","E:\mong-lounge-site\shops\gyeonggi\bucheon\sosa-gu\송내동\너무이쁜테라피\index.html","신규"
"너무이쁜테라피","경기","경기","부천시-소사구","심곡본동","E:\mong-lounge-site\massage\gyeonggi\bucheon\sosa-gu\부천시-소사구-출장마사지-동별-생활권-지역안내\index.html","E:\mong-lounge-site\shops\gyeonggi\bucheon\sosa-gu\심곡본동\너무이쁜테라피\index.html","신규"
"너무이쁜테라피","경기","경기","부천시-소사구","역곡동","E:\mong-lounge-site\massage\gyeonggi\bucheon\sosa-gu\부천시-소사구-출장마사지-동별-생활권-지역안내\index.html","E:\mong-lounge-site\shops\gyeonggi\bucheon\sosa-gu\역곡동\너무이쁜테라피\index.html","신규"
"너무이쁜테라피","경기","경기","부천시-소사구","옥길동","E:\mong-lounge-site\massage\gyeonggi\bucheon\sosa-gu\부천시-소사구-출장마사지-동별-생활권-지역안내\index.html","E:\mong-lounge-site\shops\gyeonggi\bucheon\sosa-gu\옥길동\너무이쁜테라피\index.html","신규"
"너무이쁜테라피","경기","경기","부천시-오정구","고강동","E:\mong-lounge-site\massage\gyeonggi\bucheon\ojeong-gu\부천시-오정구-출장마사지-동별-생활권-지역안내\index.html","E:\mong-lounge-site\shops\gyeonggi\bucheon\ojeong-gu\고강동\너무이쁜테라피\index.html","신규"
"너무이쁜테라피","경기","경기","부천시-오정구","고강본동","E:\mong-lounge-site\massage\gyeonggi\bucheon\ojeong-gu\부천시-오정구-출장마사지-동별-생활권-지역안내\index.html","E:\mong-lounge-site\shops\gyeonggi\bucheon\ojeong-gu\고강본동\너무이쁜테라피\index.html","신규"
"너무이쁜테라피","경기","경기","부천시-오정구","성곡동","E:\mong-lounge-site\massage\gyeonggi\bucheon\ojeong-gu\부천시-오정구-출장마사지-동별-생활권-지역안내\index.html","E:\mong-lounge-site\shops\gyeonggi\bucheon\ojeong-gu\성곡동\너무이쁜테라피\index.html","신규"
"너무이쁜테라피","경기","경기","부천시-오정구","신흥동","E:\mong-lounge-site\massage\gyeonggi\bucheon\ojeong-gu\부천시-오정구-출장마사지-동별-생활권-지역안내\index.html","E:\mong-lounge-site\shops\gyeonggi\bucheon\ojeong-gu\신흥동\너무이쁜테라피\index.html","신규"
"너무이쁜테라피","경기","경기","부천시-오정구","오정동","E:\mong-lounge-site\massage\gyeonggi\bucheon\ojeong-gu\부천시-오정구-출장마사지-동별-생활권-지역안내\index.html","E:\mong-lounge-site\shops\gyeonggi\bucheon\ojeong-gu\오정동\너무이쁜테라피\index.html","신규"
"너무이쁜테라피","경기","경기","부천시-오정구","원종동","E:\mong-lounge-site\massage\gyeonggi\bucheon\ojeong-gu\부천시-오정구-출장마사지-동별-생활권-지역안내\index.html","E:\mong-lounge-site\shops\gyeonggi\bucheon\ojeong-gu\원종동\너무이쁜테라피\index.html","신규"
"너무이쁜테라피","경기","경기","부천시-원미구","도당동","E:\mong-lounge-site\massage\gyeonggi\bucheon\wonmi-gu\부천시-원미구-출장마사지-동별-생활권-지역안내\index.html","E:\mong-lounge-site\shops\gyeonggi\bucheon\wonmi-gu\도당동\너무이쁜테라피\index.html","신규"
"너무이쁜테라피","경기","경기","부천시-원미구","상동","E:\mong-lounge-site\massage\gyeonggi\bucheon\wonmi-gu\부천시-원미구-출장마사지-동별-생활권-지역안내\index.html","E:\mong-lounge-site\shops\gyeonggi\bucheon\wonmi-gu\상동\너무이쁜테라피\index.html","신규"
"너무이쁜테라피","경기","경기","부천시-원미구","소사동","E:\mong-lounge-site\massage\gyeonggi\bucheon\wonmi-gu\부천시-원미구-출장마사지-동별-생활권-지역안내\index.html","E:\mong-lounge-site\shops\gyeonggi\bucheon\wonmi-gu\소사동\너무이쁜테라피\index.html","신규"
"너무이쁜테라피","경기","경기","부천시-원미구","심곡동","E:\mong-lounge-site\massage\gyeonggi\bucheon\wonmi-gu\부천시-원미구-출장마사지-동별-생활권-지역안내\index.html","E:\mong-lounge-site\shops\gyeonggi\bucheon\wonmi-gu\심곡동\너무이쁜테라피\index.html","신규"
"너무이쁜테라피","경기","경기","부천시-원미구","약대동","E:\mong-lounge-site\massage\gyeonggi\bucheon\wonmi-gu\부천시-원미구-출장마사지-동별-생활권-지역안내\index.html","E:\mong-lounge-site\shops\gyeonggi\bucheon\wonmi-gu\약대동\너무이쁜테라피\index.html","신규"
"너무이쁜테라피","경기","경기","부천시-원미구","역곡동","E:\mong-lounge-site\massage\gyeonggi\bucheon\wonmi-gu\부천시-원미구-출장마사지-동별-생활권-지역안내\index.html","E:\mong-lounge-site\shops\gyeonggi\bucheon\wonmi-gu\역곡동\너무이쁜테라피\index.html","신규"
"너무이쁜테라피","경기","경기","부천시-원미구","원미동","E:\mong-lounge-site\massage\gyeonggi\bucheon\wonmi-gu\부천시-원미구-출장마사지-동별-생활권-지역안내\index.html","E:\mong-lounge-site\shops\gyeonggi\bucheon\wonmi-gu\원미동\너무이쁜테라피\index.html","신규"
"너무이쁜테라피","경기","경기","부천시-원미구","중동","E:\mong-lounge-site\massage\gyeonggi\bucheon\wonmi-gu\부천시-원미구-출장마사지-동별-생활권-지역안내\index.html","E:\mong-lounge-site\shops\gyeonggi\bucheon\wonmi-gu\중동\너무이쁜테라피\index.html","신규"
"너무이쁜테라피","경기","경기","부천시-원미구","춘의동","E:\mong-lounge-site\massage\gyeonggi\bucheon\wonmi-gu\부천시-원미구-출장마사지-동별-생활권-지역안내\index.html","E:\mong-lounge-site\shops\gyeonggi\bucheon\wonmi-gu\춘의동\너무이쁜테라피\index.html","신규"
"너무이쁜테라피","경기","경기","성남시-분당구","구미동","E:\mong-lounge-site\massage\gyeonggi\seongnam\bundang-gu\성남시-분당구-출장마사지-동별-생활권-지역안내\index.html","E:\mong-lounge-site\shops\gyeonggi\seongnam\bundang-gu\구미동\너무이쁜테라피\index.html","신규"
"너무이쁜테라피","경기","경기","성남시-분당구","금곡동","E:\mong-lounge-site\massage\gyeonggi\seongnam\bundang-gu\성남시-분당구-출장마사지-동별-생활권-지역안내\index.html","E:\mong-lounge-site\shops\gyeonggi\seongnam\bundang-gu\금곡동\너무이쁜테라피\index.html","신규"
"너무이쁜테라피","경기","경기","성남시-분당구","백현동","E:\mong-lounge-site\massage\gyeonggi\seongnam\bundang-gu\성남시-분당구-출장마사지-동별-생활권-지역안내\index.html","E:\mong-lounge-site\shops\gyeonggi\seongnam\bundang-gu\백현동\너무이쁜테라피\index.html","신규"
"너무이쁜테라피","경기","경기","성남시-분당구","분당동","E:\mong-lounge-site\massage\gyeonggi\seongnam\bundang-gu\성남시-분당구-출장마사지-동별-생활권-지역안내\index.html","E:\mong-lounge-site\shops\gyeonggi\seongnam\bundang-gu\분당동\너무이쁜테라피\index.html","신규"
"너무이쁜테라피","경기","경기","성남시-분당구","삼평동","E:\mong-lounge-site\massage\gyeonggi\seongnam\bundang-gu\성남시-분당구-출장마사지-동별-생활권-지역안내\index.html","E:\mong-lounge-site\shops\gyeonggi\seongnam\bundang-gu\삼평동\너무이쁜테라피\index.html","신규"
"너무이쁜테라피","경기","경기","성남시-분당구","서현동","E:\mong-lounge-site\massage\gyeonggi\seongnam\bundang-gu\성남시-분당구-출장마사지-동별-생활권-지역안내\index.html","E:\mong-lounge-site\shops\gyeonggi\seongnam\bundang-gu\서현동\너무이쁜테라피\index.html","신규"
"너무이쁜테라피","경기","경기","성남시-분당구","수내동","E:\mong-lounge-site\massage\gyeonggi\seongnam\bundang-gu\성남시-분당구-출장마사지-동별-생활권-지역안내\index.html","E:\mong-lounge-site\shops\gyeonggi\seongnam\bundang-gu\수내동\너무이쁜테라피\index.html","신규"
"너무이쁜테라피","경기","경기","성남시-분당구","야탑동","E:\mong-lounge-site\massage\gyeonggi\seongnam\bundang-gu\성남시-분당구-출장마사지-동별-생활권-지역안내\index.html","E:\mong-lounge-site\shops\gyeonggi\seongnam\bundang-gu\야탑동\너무이쁜테라피\index.html","신규"
"너무이쁜테라피","경기","경기","성남시-분당구","운중동","E:\mong-lounge-site\massage\gyeonggi\seongnam\bundang-gu\성남시-분당구-출장마사지-동별-생활권-지역안내\index.html","E:\mong-lounge-site\shops\gyeonggi\seongnam\bundang-gu\운중동\너무이쁜테라피\index.html","신규"
"너무이쁜테라피","경기","경기","성남시-분당구","이매동","E:\mong-lounge-site\massage\gyeonggi\seongnam\bundang-gu\성남시-분당구-출장마사지-동별-생활권-지역안내\index.html","E:\mong-lounge-site\shops\gyeonggi\seongnam\bundang-gu\이매동\너무이쁜테라피\index.html","신규"
"너무이쁜테라피","경기","경기","성남시-분당구","정자동","E:\mong-lounge-site\massage\gyeonggi\seongnam\bundang-gu\성남시-분당구-출장마사지-동별-생활권-지역안내\index.html","E:\mong-lounge-site\shops\gyeonggi\seongnam\bundang-gu\정자동\너무이쁜테라피\index.html","신규"
"너무이쁜테라피","경기","경기","성남시-분당구","판교동","E:\mong-lounge-site\massage\gyeonggi\seongnam\bundang-gu\성남시-분당구-출장마사지-동별-생활권-지역안내\index.html","E:\mong-lounge-site\shops\gyeonggi\seongnam\bundang-gu\판교동\너무이쁜테라피\index.html","신규"
"너무이쁜테라피","경기","경기","성남시-수정구","고등동","E:\mong-lounge-site\massage\gyeonggi\seongnam\sujeong-gu\성남시-수정구-출장마사지-동별-생활권-지역안내\index.html","E:\mong-lounge-site\shops\gyeonggi\seongnam\sujeong-gu\고등동\너무이쁜테라피\index.html","신규"
"너무이쁜테라피","경기","경기","성남시-수정구","단대동","E:\mong-lounge-site\massage\gyeonggi\seongnam\sujeong-gu\성남시-수정구-출장마사지-동별-생활권-지역안내\index.html","E:\mong-lounge-site\shops\gyeonggi\seongnam\sujeong-gu\단대동\너무이쁜테라피\index.html","신규"
"너무이쁜테라피","경기","경기","성남시-수정구","복정동","E:\mong-lounge-site\massage\gyeonggi\seongnam\sujeong-gu\성남시-수정구-출장마사지-동별-생활권-지역안내\index.html","E:\mong-lounge-site\shops\gyeonggi\seongnam\sujeong-gu\복정동\너무이쁜테라피\index.html","신규"
"너무이쁜테라피","경기","경기","성남시-수정구","산성동","E:\mong-lounge-site\massage\gyeonggi\seongnam\sujeong-gu\성남시-수정구-출장마사지-동별-생활권-지역안내\index.html","E:\mong-lounge-site\shops\gyeonggi\seongnam\sujeong-gu\산성동\너무이쁜테라피\index.html","신규"
"너무이쁜테라피","경기","경기","성남시-수정구","수진동","E:\mong-lounge-site\massage\gyeonggi\seongnam\sujeong-gu\성남시-수정구-출장마사지-동별-생활권-지역안내\index.html","E:\mong-lounge-site\shops\gyeonggi\seongnam\sujeong-gu\수진동\너무이쁜테라피\index.html","신규"
"너무이쁜테라피","경기","경기","성남시-수정구","시흥동","E:\mong-lounge-site\massage\gyeonggi\seongnam\sujeong-gu\성남시-수정구-출장마사지-동별-생활권-지역안내\index.html","E:\mong-lounge-site\shops\gyeonggi\seongnam\sujeong-gu\시흥동\너무이쁜테라피\index.html","신규"
"너무이쁜테라피","경기","경기","성남시-수정구","신촌동","E:\mong-lounge-site\massage\gyeonggi\seongnam\sujeong-gu\성남시-수정구-출장마사지-동별-생활권-지역안내\index.html","E:\mong-lounge-site\shops\gyeonggi\seongnam\sujeong-gu\신촌동\너무이쁜테라피\index.html","신규"
"너무이쁜테라피","경기","경기","성남시-수정구","신흥동","E:\mong-lounge-site\massage\gyeonggi\seongnam\sujeong-gu\성남시-수정구-출장마사지-동별-생활권-지역안내\index.html","E:\mong-lounge-site\shops\gyeonggi\seongnam\sujeong-gu\신흥동\너무이쁜테라피\index.html","신규"
"너무이쁜테라피","경기","경기","성남시-수정구","양지동","E:\mong-lounge-site\massage\gyeonggi\seongnam\sujeong-gu\성남시-수정구-출장마사지-동별-생활권-지역안내\index.html","E:\mong-lounge-site\shops\gyeonggi\seongnam\sujeong-gu\양지동\너무이쁜테라피\index.html","신규"
"너무이쁜테라피","경기","경기","성남시-수정구","위례동","E:\mong-lounge-site\massage\gyeonggi\seongnam\sujeong-gu\성남시-수정구-출장마사지-동별-생활권-지역안내\index.html","E:\mong-lounge-site\shops\gyeonggi\seongnam\sujeong-gu\위례동\너무이쁜테라피\index.html","신규"
"너무이쁜테라피","경기","경기","성남시-수정구","태평동","E:\mong-lounge-site\massage\gyeonggi\seongnam\sujeong-gu\성남시-수정구-출장마사지-동별-생활권-지역안내\index.html","E:\mong-lounge-site\shops\gyeonggi\seongnam\sujeong-gu\태평동\너무이쁜테라피\index.html","신규"
"너무이쁜테라피","경기","경기","성남시-중원구","금광동","E:\mong-lounge-site\massage\gyeonggi\seongnam\jungwon-gu\성남시-중원구-출장마사지-동별-생활권-지역안내\index.html","E:\mong-lounge-site\shops\gyeonggi\seongnam\jungwon-gu\금광동\너무이쁜테라피\index.html","신규"
"너무이쁜테라피","경기","경기","성남시-중원구","도촌동","E:\mong-lounge-site\massage\gyeonggi\seongnam\jungwon-gu\성남시-중원구-출장마사지-동별-생활권-지역안내\index.html","E:\mong-lounge-site\shops\gyeonggi\seongnam\jungwon-gu\도촌동\너무이쁜테라피\index.html","신규"
"너무이쁜테라피","경기","경기","성남시-중원구","상대원동","E:\mong-lounge-site\massage\gyeonggi\seongnam\jungwon-gu\성남시-중원구-출장마사지-동별-생활권-지역안내\index.html","E:\mong-lounge-site\shops\gyeonggi\seongnam\jungwon-gu\상대원동\너무이쁜테라피\index.html","신규"
"너무이쁜테라피","경기","경기","성남시-중원구","성남동","E:\mong-lounge-site\massage\gyeonggi\seongnam\jungwon-gu\성남시-중원구-출장마사지-동별-생활권-지역안내\index.html","E:\mong-lounge-site\shops\gyeonggi\seongnam\jungwon-gu\성남동\너무이쁜테라피\index.html","신규"
"너무이쁜테라피","경기","경기","성남시-중원구","은행동","E:\mong-lounge-site\massage\gyeonggi\seongnam\jungwon-gu\성남시-중원구-출장마사지-동별-생활권-지역안내\index.html","E:\mong-lounge-site\shops\gyeonggi\seongnam\jungwon-gu\은행동\너무이쁜테라피\index.html","신규"
"너무이쁜테라피","경기","경기","성남시-중원구","중앙동","E:\mong-lounge-site\massage\gyeonggi\seongnam\jungwon-gu\성남시-중원구-출장마사지-동별-생활권-지역안내\index.html","E:\mong-lounge-site\shops\gyeonggi\seongnam\jungwon-gu\중앙동\너무이쁜테라피\index.html","신규"
"너무이쁜테라피","경기","경기","성남시-중원구","하대원동","E:\mong-lounge-site\massage\gyeonggi\seongnam\jungwon-gu\성남시-중원구-출장마사지-동별-생활권-지역안내\index.html","E:\mong-lounge-site\shops\gyeonggi\seongnam\jungwon-gu\하대원동\너무이쁜테라피\index.html","신규"
"너무이쁜테라피","경기","경기","수원시-권선구","곡선동","E:\mong-lounge-site\massage\gyeonggi\suwon\gwonseon-gu\수원시-권선구-출장마사지-동별-생활권-지역안내\index.html","E:\mong-lounge-site\shops\gyeonggi\suwon\gwonseon-gu\곡선동\너무이쁜테라피\index.html","신규"
"너무이쁜테라피","경기","경기","수원시-권선구","구운동","E:\mong-lounge-site\massage\gyeonggi\suwon\gwonseon-gu\수원시-권선구-출장마사지-동별-생활권-지역안내\index.html","E:\mong-lounge-site\shops\gyeonggi\suwon\gwonseon-gu\구운동\너무이쁜테라피\index.html","신규"
"너무이쁜테라피","경기","경기","수원시-권선구","권선동","E:\mong-lounge-site\massage\gyeonggi\suwon\gwonseon-gu\수원시-권선구-출장마사지-동별-생활권-지역안내\index.html","E:\mong-lounge-site\shops\gyeonggi\suwon\gwonseon-gu\권선동\너무이쁜테라피\index.html","신규"
"너무이쁜테라피","경기","경기","수원시-권선구","금곡동","E:\mong-lounge-site\massage\gyeonggi\suwon\gwonseon-gu\수원시-권선구-출장마사지-동별-생활권-지역안내\index.html","E:\mong-lounge-site\shops\gyeonggi\suwon\gwonseon-gu\금곡동\너무이쁜테라피\index.html","신규"
"너무이쁜테라피","경기","경기","수원시-권선구","서둔동","E:\mong-lounge-site\massage\gyeonggi\suwon\gwonseon-gu\수원시-권선구-출장마사지-동별-생활권-지역안내\index.html","E:\mong-lounge-site\shops\gyeonggi\suwon\gwonseon-gu\서둔동\너무이쁜테라피\index.html","신규"
"너무이쁜테라피","경기","경기","수원시-권선구","세류동","E:\mong-lounge-site\massage\gyeonggi\suwon\gwonseon-gu\수원시-권선구-출장마사지-동별-생활권-지역안내\index.html","E:\mong-lounge-site\shops\gyeonggi\suwon\gwonseon-gu\세류동\너무이쁜테라피\index.html","신규"
"너무이쁜테라피","경기","경기","수원시-권선구","입북동","E:\mong-lounge-site\massage\gyeonggi\suwon\gwonseon-gu\수원시-권선구-출장마사지-동별-생활권-지역안내\index.html","E:\mong-lounge-site\shops\gyeonggi\suwon\gwonseon-gu\입북동\너무이쁜테라피\index.html","신규"
"너무이쁜테라피","경기","경기","수원시-권선구","평동","E:\mong-lounge-site\massage\gyeonggi\suwon\gwonseon-gu\수원시-권선구-출장마사지-동별-생활권-지역안내\index.html","E:\mong-lounge-site\shops\gyeonggi\suwon\gwonseon-gu\평동\너무이쁜테라피\index.html","신규"
"너무이쁜테라피","경기","경기","수원시-권선구","호매실동","E:\mong-lounge-site\massage\gyeonggi\suwon\gwonseon-gu\수원시-권선구-출장마사지-동별-생활권-지역안내\index.html","E:\mong-lounge-site\shops\gyeonggi\suwon\gwonseon-gu\호매실동\너무이쁜테라피\index.html","신규"
"너무이쁜테라피","경기","경기","수원시-영통구","광교동","E:\mong-lounge-site\massage\gyeonggi\suwon\yeongtong-gu\수원시-영통구-출장마사지-동별-생활권-지역안내\index.html","E:\mong-lounge-site\shops\gyeonggi\suwon\yeongtong-gu\광교동\너무이쁜테라피\index.html","신규"
"너무이쁜테라피","경기","경기","수원시-영통구","망포동","E:\mong-lounge-site\massage\gyeonggi\suwon\yeongtong-gu\수원시-영통구-출장마사지-동별-생활권-지역안내\index.html","E:\mong-lounge-site\shops\gyeonggi\suwon\yeongtong-gu\망포동\너무이쁜테라피\index.html","신규"
"너무이쁜테라피","경기","경기","수원시-영통구","매탄동","E:\mong-lounge-site\massage\gyeonggi\suwon\yeongtong-gu\수원시-영통구-출장마사지-동별-생활권-지역안내\index.html","E:\mong-lounge-site\shops\gyeonggi\suwon\yeongtong-gu\매탄동\너무이쁜테라피\index.html","신규"
"너무이쁜테라피","경기","경기","수원시-영통구","영통동","E:\mong-lounge-site\massage\gyeonggi\suwon\yeongtong-gu\수원시-영통구-출장마사지-동별-생활권-지역안내\index.html","E:\mong-lounge-site\shops\gyeonggi\suwon\yeongtong-gu\영통동\너무이쁜테라피\index.html","신규"
"너무이쁜테라피","경기","경기","수원시-영통구","원천동","E:\mong-lounge-site\massage\gyeonggi\suwon\yeongtong-gu\수원시-영통구-출장마사지-동별-생활권-지역안내\index.html","E:\mong-lounge-site\shops\gyeonggi\suwon\yeongtong-gu\원천동\너무이쁜테라피\index.html","신규"
"너무이쁜테라피","경기","경기","수원시-장안구","송죽동","E:\mong-lounge-site\massage\gyeonggi\suwon\jangan-gu\수원시-장안구-출장마사지-동별-생활권-지역안내\index.html","E:\mong-lounge-site\shops\gyeonggi\suwon\jangan-gu\송죽동\너무이쁜테라피\index.html","신규"
"너무이쁜테라피","경기","경기","수원시-장안구","연무동","E:\mong-lounge-site\massage\gyeonggi\suwon\jangan-gu\수원시-장안구-출장마사지-동별-생활권-지역안내\index.html","E:\mong-lounge-site\shops\gyeonggi\suwon\jangan-gu\연무동\너무이쁜테라피\index.html","신규"
"너무이쁜테라피","경기","경기","수원시-장안구","영화동","E:\mong-lounge-site\massage\gyeonggi\suwon\jangan-gu\수원시-장안구-출장마사지-동별-생활권-지역안내\index.html","E:\mong-lounge-site\shops\gyeonggi\suwon\jangan-gu\영화동\너무이쁜테라피\index.html","신규"
"너무이쁜테라피","경기","경기","수원시-장안구","율천동","E:\mong-lounge-site\massage\gyeonggi\suwon\jangan-gu\수원시-장안구-출장마사지-동별-생활권-지역안내\index.html","E:\mong-lounge-site\shops\gyeonggi\suwon\jangan-gu\율천동\너무이쁜테라피\index.html","신규"
"너무이쁜테라피","경기","경기","수원시-장안구","정자동","E:\mong-lounge-site\massage\gyeonggi\suwon\jangan-gu\수원시-장안구-출장마사지-동별-생활권-지역안내\index.html","E:\mong-lounge-site\shops\gyeonggi\suwon\jangan-gu\정자동\너무이쁜테라피\index.html","신규"
"너무이쁜테라피","경기","경기","수원시-장안구","조원동","E:\mong-lounge-site\massage\gyeonggi\suwon\jangan-gu\수원시-장안구-출장마사지-동별-생활권-지역안내\index.html","E:\mong-lounge-site\shops\gyeonggi\suwon\jangan-gu\조원동\너무이쁜테라피\index.html","신규"
"너무이쁜테라피","경기","경기","수원시-장안구","파장동","E:\mong-lounge-site\massage\gyeonggi\suwon\jangan-gu\수원시-장안구-출장마사지-동별-생활권-지역안내\index.html","E:\mong-lounge-site\shops\gyeonggi\suwon\jangan-gu\파장동\너무이쁜테라피\index.html","신규"
"너무이쁜테라피","경기","경기","수원시-팔달구","고등동","E:\mong-lounge-site\massage\gyeonggi\suwon\paldal-gu\수원시-팔달구-출장마사지-동별-생활권-지역안내\index.html","E:\mong-lounge-site\shops\gyeonggi\suwon\paldal-gu\고등동\너무이쁜테라피\index.html","신규"
"너무이쁜테라피","경기","경기","수원시-팔달구","매교동","E:\mong-lounge-site\massage\gyeonggi\suwon\paldal-gu\수원시-팔달구-출장마사지-동별-생활권-지역안내\index.html","E:\mong-lounge-site\shops\gyeonggi\suwon\paldal-gu\매교동\너무이쁜테라피\index.html","신규"
"너무이쁜테라피","경기","경기","수원시-팔달구","매산동","E:\mong-lounge-site\massage\gyeonggi\suwon\paldal-gu\수원시-팔달구-출장마사지-동별-생활권-지역안내\index.html","E:\mong-lounge-site\shops\gyeonggi\suwon\paldal-gu\매산동\너무이쁜테라피\index.html","신규"
"너무이쁜테라피","경기","경기","수원시-팔달구","우만동","E:\mong-lounge-site\massage\gyeonggi\suwon\paldal-gu\수원시-팔달구-출장마사지-동별-생활권-지역안내\index.html","E:\mong-lounge-site\shops\gyeonggi\suwon\paldal-gu\우만동\너무이쁜테라피\index.html","신규"
"너무이쁜테라피","경기","경기","수원시-팔달구","인계동","E:\mong-lounge-site\massage\gyeonggi\suwon\paldal-gu\수원시-팔달구-출장마사지-동별-생활권-지역안내\index.html","E:\mong-lounge-site\shops\gyeonggi\suwon\paldal-gu\인계동\너무이쁜테라피\index.html","신규"
"너무이쁜테라피","경기","경기","수원시-팔달구","지동","E:\mong-lounge-site\massage\gyeonggi\suwon\paldal-gu\수원시-팔달구-출장마사지-동별-생활권-지역안내\index.html","E:\mong-lounge-site\shops\gyeonggi\suwon\paldal-gu\지동\너무이쁜테라피\index.html","신규"
"너무이쁜테라피","경기","경기","수원시-팔달구","행궁동","E:\mong-lounge-site\massage\gyeonggi\suwon\paldal-gu\수원시-팔달구-출장마사지-동별-생활권-지역안내\index.html","E:\mong-lounge-site\shops\gyeonggi\suwon\paldal-gu\행궁동\너무이쁜테라피\index.html","신규"
"너무이쁜테라피","경기","경기","수원시-팔달구","화서동","E:\mong-lounge-site\massage\gyeonggi\suwon\paldal-gu\수원시-팔달구-출장마사지-동별-생활권-지역안내\index.html","E:\mong-lounge-site\shops\gyeonggi\suwon\paldal-gu\화서동\너무이쁜테라피\index.html","신규"
"너무이쁜테라피","경기","경기","시흥시","거북섬동","E:\mong-lounge-site\massage\gyeonggi\siheung\시흥시-출장마사지-배곧-정왕-은계-산업-상업-업무로-오래-선-날-다리-발의-무거움-방문-홈케어\index.html","E:\mong-lounge-site\shops\gyeonggi\siheung\거북섬동\너무이쁜테라피\index.html","신규"
"너무이쁜테라피","경기","경기","시흥시","과림동","E:\mong-lounge-site\massage\gyeonggi\siheung\시흥시-출장마사지-배곧-정왕-은계-산업-상업-업무로-오래-선-날-다리-발의-무거움-방문-홈케어\index.html","E:\mong-lounge-site\shops\gyeonggi\siheung\과림동\너무이쁜테라피\index.html","신규"
"너무이쁜테라피","경기","경기","시흥시","군자동","E:\mong-lounge-site\massage\gyeonggi\siheung\시흥시-출장마사지-배곧-정왕-은계-산업-상업-업무로-오래-선-날-다리-발의-무거움-방문-홈케어\index.html","E:\mong-lounge-site\shops\gyeonggi\siheung\군자동\너무이쁜테라피\index.html","신규"
"너무이쁜테라피","경기","경기","시흥시","능곡동","E:\mong-lounge-site\massage\gyeonggi\siheung\시흥시-출장마사지-배곧-정왕-은계-산업-상업-업무로-오래-선-날-다리-발의-무거움-방문-홈케어\index.html","E:\mong-lounge-site\shops\gyeonggi\siheung\능곡동\너무이쁜테라피\index.html","신규"
"너무이쁜테라피","경기","경기","시흥시","대야동","E:\mong-lounge-site\massage\gyeonggi\siheung\시흥시-출장마사지-배곧-정왕-은계-산업-상업-업무로-오래-선-날-다리-발의-무거움-방문-홈케어\index.html","E:\mong-lounge-site\shops\gyeonggi\siheung\대야동\너무이쁜테라피\index.html","신규"
"너무이쁜테라피","경기","경기","시흥시","매화동","E:\mong-lounge-site\massage\gyeonggi\siheung\시흥시-출장마사지-배곧-정왕-은계-산업-상업-업무로-오래-선-날-다리-발의-무거움-방문-홈케어\index.html","E:\mong-lounge-site\shops\gyeonggi\siheung\매화동\너무이쁜테라피\index.html","신규"
"너무이쁜테라피","경기","경기","시흥시","목감동","E:\mong-lounge-site\massage\gyeonggi\siheung\시흥시-출장마사지-배곧-정왕-은계-산업-상업-업무로-오래-선-날-다리-발의-무거움-방문-홈케어\index.html","E:\mong-lounge-site\shops\gyeonggi\siheung\목감동\너무이쁜테라피\index.html","신규"
"너무이쁜테라피","경기","경기","시흥시","배곧동","E:\mong-lounge-site\massage\gyeonggi\siheung\시흥시-출장마사지-배곧-정왕-은계-산업-상업-업무로-오래-선-날-다리-발의-무거움-방문-홈케어\index.html","E:\mong-lounge-site\shops\gyeonggi\siheung\배곧동\너무이쁜테라피\index.html","신규"
"너무이쁜테라피","경기","경기","시흥시","신천동","E:\mong-lounge-site\massage\gyeonggi\siheung\시흥시-출장마사지-배곧-정왕-은계-산업-상업-업무로-오래-선-날-다리-발의-무거움-방문-홈케어\index.html","E:\mong-lounge-site\shops\gyeonggi\siheung\신천동\너무이쁜테라피\index.html","신규"
"너무이쁜테라피","경기","경기","시흥시","신현동","E:\mong-lounge-site\massage\gyeonggi\siheung\시흥시-출장마사지-배곧-정왕-은계-산업-상업-업무로-오래-선-날-다리-발의-무거움-방문-홈케어\index.html","E:\mong-lounge-site\shops\gyeonggi\siheung\신현동\너무이쁜테라피\index.html","신규"
"너무이쁜테라피","경기","경기","시흥시","연성동","E:\mong-lounge-site\massage\gyeonggi\siheung\시흥시-출장마사지-배곧-정왕-은계-산업-상업-업무로-오래-선-날-다리-발의-무거움-방문-홈케어\index.html","E:\mong-lounge-site\shops\gyeonggi\siheung\연성동\너무이쁜테라피\index.html","신규"
"너무이쁜테라피","경기","경기","시흥시","월곶동","E:\mong-lounge-site\massage\gyeonggi\siheung\시흥시-출장마사지-배곧-정왕-은계-산업-상업-업무로-오래-선-날-다리-발의-무거움-방문-홈케어\index.html","E:\mong-lounge-site\shops\gyeonggi\siheung\월곶동\너무이쁜테라피\index.html","신규"
"너무이쁜테라피","경기","경기","시흥시","은행동","E:\mong-lounge-site\massage\gyeonggi\siheung\시흥시-출장마사지-배곧-정왕-은계-산업-상업-업무로-오래-선-날-다리-발의-무거움-방문-홈케어\index.html","E:\mong-lounge-site\shops\gyeonggi\siheung\은행동\너무이쁜테라피\index.html","신규"
"너무이쁜테라피","경기","경기","시흥시","장곡동","E:\mong-lounge-site\massage\gyeonggi\siheung\시흥시-출장마사지-배곧-정왕-은계-산업-상업-업무로-오래-선-날-다리-발의-무거움-방문-홈케어\index.html","E:\mong-lounge-site\shops\gyeonggi\siheung\장곡동\너무이쁜테라피\index.html","신규"
"너무이쁜테라피","경기","경기","시흥시","정왕동","E:\mong-lounge-site\massage\gyeonggi\siheung\시흥시-출장마사지-배곧-정왕-은계-산업-상업-업무로-오래-선-날-다리-발의-무거움-방문-홈케어\index.html","E:\mong-lounge-site\shops\gyeonggi\siheung\정왕동\너무이쁜테라피\index.html","신규"
"너무이쁜테라피","경기","경기","시흥시","정왕본동","E:\mong-lounge-site\massage\gyeonggi\siheung\시흥시-출장마사지-배곧-정왕-은계-산업-상업-업무로-오래-선-날-다리-발의-무거움-방문-홈케어\index.html","E:\mong-lounge-site\shops\gyeonggi\siheung\정왕본동\너무이쁜테라피\index.html","신규"
"너무이쁜테라피","경기","경기","안산시-단원구","고잔동","E:\mong-lounge-site\massage\gyeonggi\ansan\danwon-gu\안산시-단원구-출장마사지-동별-생활권-지역안내\index.html","E:\mong-lounge-site\shops\gyeonggi\ansan\danwon-gu\고잔동\너무이쁜테라피\index.html","신규"
"너무이쁜테라피","경기","경기","안산시-단원구","대부동","E:\mong-lounge-site\massage\gyeonggi\ansan\danwon-gu\안산시-단원구-출장마사지-동별-생활권-지역안내\index.html","E:\mong-lounge-site\shops\gyeonggi\ansan\danwon-gu\대부동\너무이쁜테라피\index.html","신규"
"너무이쁜테라피","경기","경기","안산시-단원구","백운동","E:\mong-lounge-site\massage\gyeonggi\ansan\danwon-gu\안산시-단원구-출장마사지-동별-생활권-지역안내\index.html","E:\mong-lounge-site\shops\gyeonggi\ansan\danwon-gu\백운동\너무이쁜테라피\index.html","신규"
"너무이쁜테라피","경기","경기","안산시-단원구","선부동","E:\mong-lounge-site\massage\gyeonggi\ansan\danwon-gu\안산시-단원구-출장마사지-동별-생활권-지역안내\index.html","E:\mong-lounge-site\shops\gyeonggi\ansan\danwon-gu\선부동\너무이쁜테라피\index.html","신규"
"너무이쁜테라피","경기","경기","안산시-단원구","신길동","E:\mong-lounge-site\massage\gyeonggi\ansan\danwon-gu\안산시-단원구-출장마사지-동별-생활권-지역안내\index.html","E:\mong-lounge-site\shops\gyeonggi\ansan\danwon-gu\신길동\너무이쁜테라피\index.html","신규"
"너무이쁜테라피","경기","경기","안산시-단원구","와동","E:\mong-lounge-site\massage\gyeonggi\ansan\danwon-gu\안산시-단원구-출장마사지-동별-생활권-지역안내\index.html","E:\mong-lounge-site\shops\gyeonggi\ansan\danwon-gu\와동\너무이쁜테라피\index.html","신규"
"너무이쁜테라피","경기","경기","안산시-단원구","원곡동","E:\mong-lounge-site\massage\gyeonggi\ansan\danwon-gu\안산시-단원구-출장마사지-동별-생활권-지역안내\index.html","E:\mong-lounge-site\shops\gyeonggi\ansan\danwon-gu\원곡동\너무이쁜테라피\index.html","신규"
"너무이쁜테라피","경기","경기","안산시-단원구","중앙동","E:\mong-lounge-site\massage\gyeonggi\ansan\danwon-gu\안산시-단원구-출장마사지-동별-생활권-지역안내\index.html","E:\mong-lounge-site\shops\gyeonggi\ansan\danwon-gu\중앙동\너무이쁜테라피\index.html","신규"
"너무이쁜테라피","경기","경기","안산시-단원구","초지동","E:\mong-lounge-site\massage\gyeonggi\ansan\danwon-gu\안산시-단원구-출장마사지-동별-생활권-지역안내\index.html","E:\mong-lounge-site\shops\gyeonggi\ansan\danwon-gu\초지동\너무이쁜테라피\index.html","신규"
"너무이쁜테라피","경기","경기","안산시-단원구","호수동","E:\mong-lounge-site\massage\gyeonggi\ansan\danwon-gu\안산시-단원구-출장마사지-동별-생활권-지역안내\index.html","E:\mong-lounge-site\shops\gyeonggi\ansan\danwon-gu\호수동\너무이쁜테라피\index.html","신규"
"너무이쁜테라피","경기","경기","안산시-상록구","반월동","E:\mong-lounge-site\massage\gyeonggi\ansan\sangnok-gu\안산시-상록구-출장마사지-동별-생활권-지역안내\index.html","E:\mong-lounge-site\shops\gyeonggi\ansan\sangnok-gu\반월동\너무이쁜테라피\index.html","신규"
"너무이쁜테라피","경기","경기","안산시-상록구","본오동","E:\mong-lounge-site\massage\gyeonggi\ansan\sangnok-gu\안산시-상록구-출장마사지-동별-생활권-지역안내\index.html","E:\mong-lounge-site\shops\gyeonggi\ansan\sangnok-gu\본오동\너무이쁜테라피\index.html","신규"
"너무이쁜테라피","경기","경기","안산시-상록구","부곡동","E:\mong-lounge-site\massage\gyeonggi\ansan\sangnok-gu\안산시-상록구-출장마사지-동별-생활권-지역안내\index.html","E:\mong-lounge-site\shops\gyeonggi\ansan\sangnok-gu\부곡동\너무이쁜테라피\index.html","신규"
"너무이쁜테라피","경기","경기","안산시-상록구","사동","E:\mong-lounge-site\massage\gyeonggi\ansan\sangnok-gu\안산시-상록구-출장마사지-동별-생활권-지역안내\index.html","E:\mong-lounge-site\shops\gyeonggi\ansan\sangnok-gu\사동\너무이쁜테라피\index.html","신규"
"너무이쁜테라피","경기","경기","안산시-상록구","사이동","E:\mong-lounge-site\massage\gyeonggi\ansan\sangnok-gu\안산시-상록구-출장마사지-동별-생활권-지역안내\index.html","E:\mong-lounge-site\shops\gyeonggi\ansan\sangnok-gu\사이동\너무이쁜테라피\index.html","신규"
"너무이쁜테라피","경기","경기","안산시-상록구","성포동","E:\mong-lounge-site\massage\gyeonggi\ansan\sangnok-gu\안산시-상록구-출장마사지-동별-생활권-지역안내\index.html","E:\mong-lounge-site\shops\gyeonggi\ansan\sangnok-gu\성포동\너무이쁜테라피\index.html","신규"
"너무이쁜테라피","경기","경기","안산시-상록구","안산동","E:\mong-lounge-site\massage\gyeonggi\ansan\sangnok-gu\안산시-상록구-출장마사지-동별-생활권-지역안내\index.html","E:\mong-lounge-site\shops\gyeonggi\ansan\sangnok-gu\안산동\너무이쁜테라피\index.html","신규"
"너무이쁜테라피","경기","경기","안산시-상록구","월피동","E:\mong-lounge-site\massage\gyeonggi\ansan\sangnok-gu\안산시-상록구-출장마사지-동별-생활권-지역안내\index.html","E:\mong-lounge-site\shops\gyeonggi\ansan\sangnok-gu\월피동\너무이쁜테라피\index.html","신규"
"너무이쁜테라피","경기","경기","안산시-상록구","이동","E:\mong-lounge-site\massage\gyeonggi\ansan\sangnok-gu\안산시-상록구-출장마사지-동별-생활권-지역안내\index.html","E:\mong-lounge-site\shops\gyeonggi\ansan\sangnok-gu\이동\너무이쁜테라피\index.html","신규"
"너무이쁜테라피","경기","경기","안산시-상록구","일동","E:\mong-lounge-site\massage\gyeonggi\ansan\sangnok-gu\안산시-상록구-출장마사지-동별-생활권-지역안내\index.html","E:\mong-lounge-site\shops\gyeonggi\ansan\sangnok-gu\일동\너무이쁜테라피\index.html","신규"
"너무이쁜테라피","경기","경기","안산시-상록구","해양동","E:\mong-lounge-site\massage\gyeonggi\ansan\sangnok-gu\안산시-상록구-출장마사지-동별-생활권-지역안내\index.html","E:\mong-lounge-site\shops\gyeonggi\ansan\sangnok-gu\해양동\너무이쁜테라피\index.html","신규"
"너무이쁜테라피","경기","경기","안성시","고삼면","E:\mong-lounge-site\massage\gyeonggi\anseong\안성시-출장마사지-공도-석정-대덕-산업-통근과-장시간-운전-허리-다리-피로-방문-홈케어\index.html","E:\mong-lounge-site\shops\gyeonggi\anseong\고삼면\너무이쁜테라피\index.html","신규"
"너무이쁜테라피","경기","경기","안성시","공도읍","E:\mong-lounge-site\massage\gyeonggi\anseong\안성시-출장마사지-공도-석정-대덕-산업-통근과-장시간-운전-허리-다리-피로-방문-홈케어\index.html","E:\mong-lounge-site\shops\gyeonggi\anseong\공도읍\너무이쁜테라피\index.html","신규"
"너무이쁜테라피","경기","경기","안성시","금광면","E:\mong-lounge-site\massage\gyeonggi\anseong\안성시-출장마사지-공도-석정-대덕-산업-통근과-장시간-운전-허리-다리-피로-방문-홈케어\index.html","E:\mong-lounge-site\shops\gyeonggi\anseong\금광면\너무이쁜테라피\index.html","신규"
"너무이쁜테라피","경기","경기","안성시","대덕면","E:\mong-lounge-site\massage\gyeonggi\anseong\안성시-출장마사지-공도-석정-대덕-산업-통근과-장시간-운전-허리-다리-피로-방문-홈케어\index.html","E:\mong-lounge-site\shops\gyeonggi\anseong\대덕면\너무이쁜테라피\index.html","신규"
"너무이쁜테라피","경기","경기","안성시","미양면","E:\mong-lounge-site\massage\gyeonggi\anseong\안성시-출장마사지-공도-석정-대덕-산업-통근과-장시간-운전-허리-다리-피로-방문-홈케어\index.html","E:\mong-lounge-site\shops\gyeonggi\anseong\미양면\너무이쁜테라피\index.html","신규"
"너무이쁜테라피","경기","경기","안성시","보개면","E:\mong-lounge-site\massage\gyeonggi\anseong\안성시-출장마사지-공도-석정-대덕-산업-통근과-장시간-운전-허리-다리-피로-방문-홈케어\index.html","E:\mong-lounge-site\shops\gyeonggi\anseong\보개면\너무이쁜테라피\index.html","신규"
"너무이쁜테라피","경기","경기","안성시","삼죽면","E:\mong-lounge-site\massage\gyeonggi\anseong\안성시-출장마사지-공도-석정-대덕-산업-통근과-장시간-운전-허리-다리-피로-방문-홈케어\index.html","E:\mong-lounge-site\shops\gyeonggi\anseong\삼죽면\너무이쁜테라피\index.html","신규"
"너무이쁜테라피","경기","경기","안성시","서운면","E:\mong-lounge-site\massage\gyeonggi\anseong\안성시-출장마사지-공도-석정-대덕-산업-통근과-장시간-운전-허리-다리-피로-방문-홈케어\index.html","E:\mong-lounge-site\shops\gyeonggi\anseong\서운면\너무이쁜테라피\index.html","신규"
"너무이쁜테라피","경기","경기","안성시","안성동","E:\mong-lounge-site\massage\gyeonggi\anseong\안성시-출장마사지-공도-석정-대덕-산업-통근과-장시간-운전-허리-다리-피로-방문-홈케어\index.html","E:\mong-lounge-site\shops\gyeonggi\anseong\안성동\너무이쁜테라피\index.html","신규"
"너무이쁜테라피","경기","경기","안성시","양성면","E:\mong-lounge-site\massage\gyeonggi\anseong\안성시-출장마사지-공도-석정-대덕-산업-통근과-장시간-운전-허리-다리-피로-방문-홈케어\index.html","E:\mong-lounge-site\shops\gyeonggi\anseong\양성면\너무이쁜테라피\index.html","신규"
"너무이쁜테라피","경기","경기","안성시","원곡면","E:\mong-lounge-site\massage\gyeonggi\anseong\안성시-출장마사지-공도-석정-대덕-산업-통근과-장시간-운전-허리-다리-피로-방문-홈케어\index.html","E:\mong-lounge-site\shops\gyeonggi\anseong\원곡면\너무이쁜테라피\index.html","신규"
"너무이쁜테라피","경기","경기","안성시","일죽면","E:\mong-lounge-site\massage\gyeonggi\anseong\안성시-출장마사지-공도-석정-대덕-산업-통근과-장시간-운전-허리-다리-피로-방문-홈케어\index.html","E:\mong-lounge-site\shops\gyeonggi\anseong\일죽면\너무이쁜테라피\index.html","신규"
"너무이쁜테라피","경기","경기","안성시","죽산면","E:\mong-lounge-site\massage\gyeonggi\anseong\안성시-출장마사지-공도-석정-대덕-산업-통근과-장시간-운전-허리-다리-피로-방문-홈케어\index.html","E:\mong-lounge-site\shops\gyeonggi\anseong\죽산면\너무이쁜테라피\index.html","신규"
"너무이쁜테라피","경기","경기","안양시-동안구","갈산동","E:\mong-lounge-site\massage\gyeonggi\anyang\dongan-gu\안양시-동안구-출장마사지-동별-생활권-지역안내\index.html","E:\mong-lounge-site\shops\gyeonggi\anyang\dongan-gu\갈산동\너무이쁜테라피\index.html","신규"
"너무이쁜테라피","경기","경기","안양시-동안구","관양동","E:\mong-lounge-site\massage\gyeonggi\anyang\dongan-gu\안양시-동안구-출장마사지-동별-생활권-지역안내\index.html","E:\mong-lounge-site\shops\gyeonggi\anyang\dongan-gu\관양동\너무이쁜테라피\index.html","신규"
"너무이쁜테라피","경기","경기","안양시-동안구","귀인동","E:\mong-lounge-site\massage\gyeonggi\anyang\dongan-gu\안양시-동안구-출장마사지-동별-생활권-지역안내\index.html","E:\mong-lounge-site\shops\gyeonggi\anyang\dongan-gu\귀인동\너무이쁜테라피\index.html","신규"
"너무이쁜테라피","경기","경기","안양시-동안구","달안동","E:\mong-lounge-site\massage\gyeonggi\anyang\dongan-gu\안양시-동안구-출장마사지-동별-생활권-지역안내\index.html","E:\mong-lounge-site\shops\gyeonggi\anyang\dongan-gu\달안동\너무이쁜테라피\index.html","신규"
"너무이쁜테라피","경기","경기","안양시-동안구","범계동","E:\mong-lounge-site\massage\gyeonggi\anyang\dongan-gu\안양시-동안구-출장마사지-동별-생활권-지역안내\index.html","E:\mong-lounge-site\shops\gyeonggi\anyang\dongan-gu\범계동\너무이쁜테라피\index.html","신규"
"너무이쁜테라피","경기","경기","안양시-동안구","부림동","E:\mong-lounge-site\massage\gyeonggi\anyang\dongan-gu\안양시-동안구-출장마사지-동별-생활권-지역안내\index.html","E:\mong-lounge-site\shops\gyeonggi\anyang\dongan-gu\부림동\너무이쁜테라피\index.html","신규"
"너무이쁜테라피","경기","경기","안양시-동안구","부흥동","E:\mong-lounge-site\massage\gyeonggi\anyang\dongan-gu\안양시-동안구-출장마사지-동별-생활권-지역안내\index.html","E:\mong-lounge-site\shops\gyeonggi\anyang\dongan-gu\부흥동\너무이쁜테라피\index.html","신규"
"너무이쁜테라피","경기","경기","안양시-동안구","비산동","E:\mong-lounge-site\massage\gyeonggi\anyang\dongan-gu\안양시-동안구-출장마사지-동별-생활권-지역안내\index.html","E:\mong-lounge-site\shops\gyeonggi\anyang\dongan-gu\비산동\너무이쁜테라피\index.html","신규"
"너무이쁜테라피","경기","경기","안양시-동안구","신촌동","E:\mong-lounge-site\massage\gyeonggi\anyang\dongan-gu\안양시-동안구-출장마사지-동별-생활권-지역안내\index.html","E:\mong-lounge-site\shops\gyeonggi\anyang\dongan-gu\신촌동\너무이쁜테라피\index.html","신규"
"너무이쁜테라피","경기","경기","안양시-동안구","인덕원동","E:\mong-lounge-site\massage\gyeonggi\anyang\dongan-gu\안양시-동안구-출장마사지-동별-생활권-지역안내\index.html","E:\mong-lounge-site\shops\gyeonggi\anyang\dongan-gu\인덕원동\너무이쁜테라피\index.html","신규"
"너무이쁜테라피","경기","경기","안양시-동안구","평안동","E:\mong-lounge-site\massage\gyeonggi\anyang\dongan-gu\안양시-동안구-출장마사지-동별-생활권-지역안내\index.html","E:\mong-lounge-site\shops\gyeonggi\anyang\dongan-gu\평안동\너무이쁜테라피\index.html","신규"
"너무이쁜테라피","경기","경기","안양시-동안구","평촌동","E:\mong-lounge-site\massage\gyeonggi\anyang\dongan-gu\안양시-동안구-출장마사지-동별-생활권-지역안내\index.html","E:\mong-lounge-site\shops\gyeonggi\anyang\dongan-gu\평촌동\너무이쁜테라피\index.html","신규"
"너무이쁜테라피","경기","경기","안양시-동안구","호계동","E:\mong-lounge-site\massage\gyeonggi\anyang\dongan-gu\안양시-동안구-출장마사지-동별-생활권-지역안내\index.html","E:\mong-lounge-site\shops\gyeonggi\anyang\dongan-gu\호계동\너무이쁜테라피\index.html","신규"
"너무이쁜테라피","경기","경기","안양시-만안구","명학동","E:\mong-lounge-site\massage\gyeonggi\anyang\manan-gu\안양시-만안구-출장마사지-동별-생활권-지역안내\index.html","E:\mong-lounge-site\shops\gyeonggi\anyang\manan-gu\명학동\너무이쁜테라피\index.html","신규"
"너무이쁜테라피","경기","경기","안양시-만안구","박달동","E:\mong-lounge-site\massage\gyeonggi\anyang\manan-gu\안양시-만안구-출장마사지-동별-생활권-지역안내\index.html","E:\mong-lounge-site\shops\gyeonggi\anyang\manan-gu\박달동\너무이쁜테라피\index.html","신규"
"너무이쁜테라피","경기","경기","안양시-만안구","병목안동","E:\mong-lounge-site\massage\gyeonggi\anyang\manan-gu\안양시-만안구-출장마사지-동별-생활권-지역안내\index.html","E:\mong-lounge-site\shops\gyeonggi\anyang\manan-gu\병목안동\너무이쁜테라피\index.html","신규"
"너무이쁜테라피","경기","경기","안양시-만안구","석수동","E:\mong-lounge-site\massage\gyeonggi\anyang\manan-gu\안양시-만안구-출장마사지-동별-생활권-지역안내\index.html","E:\mong-lounge-site\shops\gyeonggi\anyang\manan-gu\석수동\너무이쁜테라피\index.html","신규"
"너무이쁜테라피","경기","경기","안양시-만안구","안양동","E:\mong-lounge-site\massage\gyeonggi\anyang\manan-gu\안양시-만안구-출장마사지-동별-생활권-지역안내\index.html","E:\mong-lounge-site\shops\gyeonggi\anyang\manan-gu\안양동\너무이쁜테라피\index.html","신규"
"너무이쁜테라피","경기","경기","안양시-만안구","충훈동","E:\mong-lounge-site\massage\gyeonggi\anyang\manan-gu\안양시-만안구-출장마사지-동별-생활권-지역안내\index.html","E:\mong-lounge-site\shops\gyeonggi\anyang\manan-gu\충훈동\너무이쁜테라피\index.html","신규"
"너무이쁜테라피","경기","경기","안양시-만안구","호현동","E:\mong-lounge-site\massage\gyeonggi\anyang\manan-gu\안양시-만안구-출장마사지-동별-생활권-지역안내\index.html","E:\mong-lounge-site\shops\gyeonggi\anyang\manan-gu\호현동\너무이쁜테라피\index.html","신규"
"너무이쁜테라피","경기","경기","양주시","광적면","E:\mong-lounge-site\massage\gyeonggi\yangju\양주시-출장마사지-옥정-덕계-회천-가족-일정과-차량-이동이-겹친-날-허리-다리-피로-방문-홈케어\index.html","E:\mong-lounge-site\shops\gyeonggi\yangju\광적면\너무이쁜테라피\index.html","신규"
"너무이쁜테라피","경기","경기","양주시","남면","E:\mong-lounge-site\massage\gyeonggi\yangju\양주시-출장마사지-옥정-덕계-회천-가족-일정과-차량-이동이-겹친-날-허리-다리-피로-방문-홈케어\index.html","E:\mong-lounge-site\shops\gyeonggi\yangju\남면\너무이쁜테라피\index.html","신규"
"너무이쁜테라피","경기","경기","양주시","백석읍","E:\mong-lounge-site\massage\gyeonggi\yangju\양주시-출장마사지-옥정-덕계-회천-가족-일정과-차량-이동이-겹친-날-허리-다리-피로-방문-홈케어\index.html","E:\mong-lounge-site\shops\gyeonggi\yangju\백석읍\너무이쁜테라피\index.html","신규"
"너무이쁜테라피","경기","경기","양주시","양주동","E:\mong-lounge-site\massage\gyeonggi\yangju\양주시-출장마사지-옥정-덕계-회천-가족-일정과-차량-이동이-겹친-날-허리-다리-피로-방문-홈케어\index.html","E:\mong-lounge-site\shops\gyeonggi\yangju\양주동\너무이쁜테라피\index.html","신규"
"너무이쁜테라피","경기","경기","양주시","옥정동","E:\mong-lounge-site\massage\gyeonggi\yangju\양주시-출장마사지-옥정-덕계-회천-가족-일정과-차량-이동이-겹친-날-허리-다리-피로-방문-홈케어\index.html","E:\mong-lounge-site\shops\gyeonggi\yangju\옥정동\너무이쁜테라피\index.html","신규"
"너무이쁜테라피","경기","경기","양주시","은현면","E:\mong-lounge-site\massage\gyeonggi\yangju\양주시-출장마사지-옥정-덕계-회천-가족-일정과-차량-이동이-겹친-날-허리-다리-피로-방문-홈케어\index.html","E:\mong-lounge-site\shops\gyeonggi\yangju\은현면\너무이쁜테라피\index.html","신규"
"너무이쁜테라피","경기","경기","양주시","장흥면","E:\mong-lounge-site\massage\gyeonggi\yangju\양주시-출장마사지-옥정-덕계-회천-가족-일정과-차량-이동이-겹친-날-허리-다리-피로-방문-홈케어\index.html","E:\mong-lounge-site\shops\gyeonggi\yangju\장흥면\너무이쁜테라피\index.html","신규"
"너무이쁜테라피","경기","경기","양주시","회천동","E:\mong-lounge-site\massage\gyeonggi\yangju\양주시-출장마사지-옥정-덕계-회천-가족-일정과-차량-이동이-겹친-날-허리-다리-피로-방문-홈케어\index.html","E:\mong-lounge-site\shops\gyeonggi\yangju\회천동\너무이쁜테라피\index.html","신규"
"너무이쁜테라피","경기","경기","양평군","강상면","E:\mong-lounge-site\massage\gyeonggi\yangpyeong\양평군-출장마사지-양평읍-용문-양서-주말-차량-이동과-외출-일정-허리-다리-피로-방문-홈케어\index.html","E:\mong-lounge-site\shops\gyeonggi\yangpyeong\강상면\너무이쁜테라피\index.html","신규"
"너무이쁜테라피","경기","경기","양평군","강하면","E:\mong-lounge-site\massage\gyeonggi\yangpyeong\양평군-출장마사지-양평읍-용문-양서-주말-차량-이동과-외출-일정-허리-다리-피로-방문-홈케어\index.html","E:\mong-lounge-site\shops\gyeonggi\yangpyeong\강하면\너무이쁜테라피\index.html","신규"
"너무이쁜테라피","경기","경기","양평군","개군면","E:\mong-lounge-site\massage\gyeonggi\yangpyeong\양평군-출장마사지-양평읍-용문-양서-주말-차량-이동과-외출-일정-허리-다리-피로-방문-홈케어\index.html","E:\mong-lounge-site\shops\gyeonggi\yangpyeong\개군면\너무이쁜테라피\index.html","신규"
"너무이쁜테라피","경기","경기","양평군","단월면","E:\mong-lounge-site\massage\gyeonggi\yangpyeong\양평군-출장마사지-양평읍-용문-양서-주말-차량-이동과-외출-일정-허리-다리-피로-방문-홈케어\index.html","E:\mong-lounge-site\shops\gyeonggi\yangpyeong\단월면\너무이쁜테라피\index.html","신규"
"너무이쁜테라피","경기","경기","양평군","서종면","E:\mong-lounge-site\massage\gyeonggi\yangpyeong\양평군-출장마사지-양평읍-용문-양서-주말-차량-이동과-외출-일정-허리-다리-피로-방문-홈케어\index.html","E:\mong-lounge-site\shops\gyeonggi\yangpyeong\서종면\너무이쁜테라피\index.html","신규"
"너무이쁜테라피","경기","경기","양평군","양동면","E:\mong-lounge-site\massage\gyeonggi\yangpyeong\양평군-출장마사지-양평읍-용문-양서-주말-차량-이동과-외출-일정-허리-다리-피로-방문-홈케어\index.html","E:\mong-lounge-site\shops\gyeonggi\yangpyeong\양동면\너무이쁜테라피\index.html","신규"
"너무이쁜테라피","경기","경기","양평군","양서면","E:\mong-lounge-site\massage\gyeonggi\yangpyeong\양평군-출장마사지-양평읍-용문-양서-주말-차량-이동과-외출-일정-허리-다리-피로-방문-홈케어\index.html","E:\mong-lounge-site\shops\gyeonggi\yangpyeong\양서면\너무이쁜테라피\index.html","신규"
"너무이쁜테라피","경기","경기","양평군","양평읍","E:\mong-lounge-site\massage\gyeonggi\yangpyeong\양평군-출장마사지-양평읍-용문-양서-주말-차량-이동과-외출-일정-허리-다리-피로-방문-홈케어\index.html","E:\mong-lounge-site\shops\gyeonggi\yangpyeong\양평읍\너무이쁜테라피\index.html","신규"
"너무이쁜테라피","경기","경기","양평군","옥천면","E:\mong-lounge-site\massage\gyeonggi\yangpyeong\양평군-출장마사지-양평읍-용문-양서-주말-차량-이동과-외출-일정-허리-다리-피로-방문-홈케어\index.html","E:\mong-lounge-site\shops\gyeonggi\yangpyeong\옥천면\너무이쁜테라피\index.html","신규"
"너무이쁜테라피","경기","경기","양평군","용문면","E:\mong-lounge-site\massage\gyeonggi\yangpyeong\양평군-출장마사지-양평읍-용문-양서-주말-차량-이동과-외출-일정-허리-다리-피로-방문-홈케어\index.html","E:\mong-lounge-site\shops\gyeonggi\yangpyeong\용문면\너무이쁜테라피\index.html","신규"
"너무이쁜테라피","경기","경기","양평군","지평면","E:\mong-lounge-site\massage\gyeonggi\yangpyeong\양평군-출장마사지-양평읍-용문-양서-주말-차량-이동과-외출-일정-허리-다리-피로-방문-홈케어\index.html","E:\mong-lounge-site\shops\gyeonggi\yangpyeong\지평면\너무이쁜테라피\index.html","신규"
"너무이쁜테라피","경기","경기","양평군","청운면","E:\mong-lounge-site\massage\gyeonggi\yangpyeong\양평군-출장마사지-양평읍-용문-양서-주말-차량-이동과-외출-일정-허리-다리-피로-방문-홈케어\index.html","E:\mong-lounge-site\shops\gyeonggi\yangpyeong\청운면\너무이쁜테라피\index.html","신규"
"너무이쁜테라피","경기","경기","여주시","가남읍","E:\mong-lounge-site\massage\gyeonggi\yeoju\여주시-출장마사지-오학-홍문-여주역-쇼핑-업무와-차량-이동이-겹친-날-다리-허리-피로-방문-홈케어\index.html","E:\mong-lounge-site\shops\gyeonggi\yeoju\가남읍\너무이쁜테라피\index.html","신규"
"너무이쁜테라피","경기","경기","여주시","강천면","E:\mong-lounge-site\massage\gyeonggi\yeoju\여주시-출장마사지-오학-홍문-여주역-쇼핑-업무와-차량-이동이-겹친-날-다리-허리-피로-방문-홈케어\index.html","E:\mong-lounge-site\shops\gyeonggi\yeoju\강천면\너무이쁜테라피\index.html","신규"
"너무이쁜테라피","경기","경기","여주시","금사면","E:\mong-lounge-site\massage\gyeonggi\yeoju\여주시-출장마사지-오학-홍문-여주역-쇼핑-업무와-차량-이동이-겹친-날-다리-허리-피로-방문-홈케어\index.html","E:\mong-lounge-site\shops\gyeonggi\yeoju\금사면\너무이쁜테라피\index.html","신규"
"너무이쁜테라피","경기","경기","여주시","대신면","E:\mong-lounge-site\massage\gyeonggi\yeoju\여주시-출장마사지-오학-홍문-여주역-쇼핑-업무와-차량-이동이-겹친-날-다리-허리-피로-방문-홈케어\index.html","E:\mong-lounge-site\shops\gyeonggi\yeoju\대신면\너무이쁜테라피\index.html","신규"
"너무이쁜테라피","경기","경기","여주시","북내면","E:\mong-lounge-site\massage\gyeonggi\yeoju\여주시-출장마사지-오학-홍문-여주역-쇼핑-업무와-차량-이동이-겹친-날-다리-허리-피로-방문-홈케어\index.html","E:\mong-lounge-site\shops\gyeonggi\yeoju\북내면\너무이쁜테라피\index.html","신규"
"너무이쁜테라피","경기","경기","여주시","산북면","E:\mong-lounge-site\massage\gyeonggi\yeoju\여주시-출장마사지-오학-홍문-여주역-쇼핑-업무와-차량-이동이-겹친-날-다리-허리-피로-방문-홈케어\index.html","E:\mong-lounge-site\shops\gyeonggi\yeoju\산북면\너무이쁜테라피\index.html","신규"
"너무이쁜테라피","경기","경기","여주시","세종대왕면","E:\mong-lounge-site\massage\gyeonggi\yeoju\여주시-출장마사지-오학-홍문-여주역-쇼핑-업무와-차량-이동이-겹친-날-다리-허리-피로-방문-홈케어\index.html","E:\mong-lounge-site\shops\gyeonggi\yeoju\세종대왕면\너무이쁜테라피\index.html","신규"
"너무이쁜테라피","경기","경기","여주시","여흥동","E:\mong-lounge-site\massage\gyeonggi\yeoju\여주시-출장마사지-오학-홍문-여주역-쇼핑-업무와-차량-이동이-겹친-날-다리-허리-피로-방문-홈케어\index.html","E:\mong-lounge-site\shops\gyeonggi\yeoju\여흥동\너무이쁜테라피\index.html","신규"
"너무이쁜테라피","경기","경기","여주시","오학동","E:\mong-lounge-site\massage\gyeonggi\yeoju\여주시-출장마사지-오학-홍문-여주역-쇼핑-업무와-차량-이동이-겹친-날-다리-허리-피로-방문-홈케어\index.html","E:\mong-lounge-site\shops\gyeonggi\yeoju\오학동\너무이쁜테라피\index.html","신규"
"너무이쁜테라피","경기","경기","여주시","점동면","E:\mong-lounge-site\massage\gyeonggi\yeoju\여주시-출장마사지-오학-홍문-여주역-쇼핑-업무와-차량-이동이-겹친-날-다리-허리-피로-방문-홈케어\index.html","E:\mong-lounge-site\shops\gyeonggi\yeoju\점동면\너무이쁜테라피\index.html","신규"
"너무이쁜테라피","경기","경기","여주시","중앙동","E:\mong-lounge-site\massage\gyeonggi\yeoju\여주시-출장마사지-오학-홍문-여주역-쇼핑-업무와-차량-이동이-겹친-날-다리-허리-피로-방문-홈케어\index.html","E:\mong-lounge-site\shops\gyeonggi\yeoju\중앙동\너무이쁜테라피\index.html","신규"
"너무이쁜테라피","경기","경기","여주시","흥천면","E:\mong-lounge-site\massage\gyeonggi\yeoju\여주시-출장마사지-오학-홍문-여주역-쇼핑-업무와-차량-이동이-겹친-날-다리-허리-피로-방문-홈케어\index.html","E:\mong-lounge-site\shops\gyeonggi\yeoju\흥천면\너무이쁜테라피\index.html","신규"
"너무이쁜테라피","경기","경기","연천군","군남면","E:\mong-lounge-site\massage\gyeonggi\yeoncheon\연천군-출장마사지-전곡-연천읍-청산-장거리-운전과-외곽-이동-허리-다리-피로-방문-홈케어\index.html","E:\mong-lounge-site\shops\gyeonggi\yeoncheon\군남면\너무이쁜테라피\index.html","신규"
"너무이쁜테라피","경기","경기","연천군","미산면","E:\mong-lounge-site\massage\gyeonggi\yeoncheon\연천군-출장마사지-전곡-연천읍-청산-장거리-운전과-외곽-이동-허리-다리-피로-방문-홈케어\index.html","E:\mong-lounge-site\shops\gyeonggi\yeoncheon\미산면\너무이쁜테라피\index.html","신규"
"너무이쁜테라피","경기","경기","연천군","백학면","E:\mong-lounge-site\massage\gyeonggi\yeoncheon\연천군-출장마사지-전곡-연천읍-청산-장거리-운전과-외곽-이동-허리-다리-피로-방문-홈케어\index.html","E:\mong-lounge-site\shops\gyeonggi\yeoncheon\백학면\너무이쁜테라피\index.html","신규"
"너무이쁜테라피","경기","경기","연천군","신서면","E:\mong-lounge-site\massage\gyeonggi\yeoncheon\연천군-출장마사지-전곡-연천읍-청산-장거리-운전과-외곽-이동-허리-다리-피로-방문-홈케어\index.html","E:\mong-lounge-site\shops\gyeonggi\yeoncheon\신서면\너무이쁜테라피\index.html","신규"
"너무이쁜테라피","경기","경기","연천군","연천읍","E:\mong-lounge-site\massage\gyeonggi\yeoncheon\연천군-출장마사지-전곡-연천읍-청산-장거리-운전과-외곽-이동-허리-다리-피로-방문-홈케어\index.html","E:\mong-lounge-site\shops\gyeonggi\yeoncheon\연천읍\너무이쁜테라피\index.html","신규"
"너무이쁜테라피","경기","경기","연천군","왕징면","E:\mong-lounge-site\massage\gyeonggi\yeoncheon\연천군-출장마사지-전곡-연천읍-청산-장거리-운전과-외곽-이동-허리-다리-피로-방문-홈케어\index.html","E:\mong-lounge-site\shops\gyeonggi\yeoncheon\왕징면\너무이쁜테라피\index.html","신규"
"너무이쁜테라피","경기","경기","연천군","장남면","E:\mong-lounge-site\massage\gyeonggi\yeoncheon\연천군-출장마사지-전곡-연천읍-청산-장거리-운전과-외곽-이동-허리-다리-피로-방문-홈케어\index.html","E:\mong-lounge-site\shops\gyeonggi\yeoncheon\장남면\너무이쁜테라피\index.html","신규"
"너무이쁜테라피","경기","경기","연천군","전곡읍","E:\mong-lounge-site\massage\gyeonggi\yeoncheon\연천군-출장마사지-전곡-연천읍-청산-장거리-운전과-외곽-이동-허리-다리-피로-방문-홈케어\index.html","E:\mong-lounge-site\shops\gyeonggi\yeoncheon\전곡읍\너무이쁜테라피\index.html","신규"
"너무이쁜테라피","경기","경기","연천군","중면","E:\mong-lounge-site\massage\gyeonggi\yeoncheon\연천군-출장마사지-전곡-연천읍-청산-장거리-운전과-외곽-이동-허리-다리-피로-방문-홈케어\index.html","E:\mong-lounge-site\shops\gyeonggi\yeoncheon\중면\너무이쁜테라피\index.html","신규"
"너무이쁜테라피","경기","경기","연천군","청산면","E:\mong-lounge-site\massage\gyeonggi\yeoncheon\연천군-출장마사지-전곡-연천읍-청산-장거리-운전과-외곽-이동-허리-다리-피로-방문-홈케어\index.html","E:\mong-lounge-site\shops\gyeonggi\yeoncheon\청산면\너무이쁜테라피\index.html","신규"
"너무이쁜테라피","경기","경기","오산시","남촌동","E:\mong-lounge-site\massage\gyeonggi\osan\오산시-출장마사지-세교-오산역-원동-출퇴근과-환승-이동이-길어진-날-목-다리-피로-방문-홈케어\index.html","E:\mong-lounge-site\shops\gyeonggi\osan\남촌동\너무이쁜테라피\index.html","신규"
"너무이쁜테라피","경기","경기","오산시","대원동","E:\mong-lounge-site\massage\gyeonggi\osan\오산시-출장마사지-세교-오산역-원동-출퇴근과-환승-이동이-길어진-날-목-다리-피로-방문-홈케어\index.html","E:\mong-lounge-site\shops\gyeonggi\osan\대원동\너무이쁜테라피\index.html","신규"
"너무이쁜테라피","경기","경기","오산시","세마동","E:\mong-lounge-site\massage\gyeonggi\osan\오산시-출장마사지-세교-오산역-원동-출퇴근과-환승-이동이-길어진-날-목-다리-피로-방문-홈케어\index.html","E:\mong-lounge-site\shops\gyeonggi\osan\세마동\너무이쁜테라피\index.html","신규"
"너무이쁜테라피","경기","경기","오산시","신장동","E:\mong-lounge-site\massage\gyeonggi\osan\오산시-출장마사지-세교-오산역-원동-출퇴근과-환승-이동이-길어진-날-목-다리-피로-방문-홈케어\index.html","E:\mong-lounge-site\shops\gyeonggi\osan\신장동\너무이쁜테라피\index.html","신규"
"너무이쁜테라피","경기","경기","오산시","중앙동","E:\mong-lounge-site\massage\gyeonggi\osan\오산시-출장마사지-세교-오산역-원동-출퇴근과-환승-이동이-길어진-날-목-다리-피로-방문-홈케어\index.html","E:\mong-lounge-site\shops\gyeonggi\osan\중앙동\너무이쁜테라피\index.html","신규"
"너무이쁜테라피","경기","경기","오산시","초평동","E:\mong-lounge-site\massage\gyeonggi\osan\오산시-출장마사지-세교-오산역-원동-출퇴근과-환승-이동이-길어진-날-목-다리-피로-방문-홈케어\index.html","E:\mong-lounge-site\shops\gyeonggi\osan\초평동\너무이쁜테라피\index.html","신규"
"너무이쁜테라피","경기","경기","용인시-기흥구","구갈동","E:\mong-lounge-site\massage\gyeonggi\yongin\giheung-gu\용인시-기흥구-출장마사지-동별-생활권-지역안내\index.html","E:\mong-lounge-site\shops\gyeonggi\yongin\giheung-gu\구갈동\너무이쁜테라피\index.html","신규"
"너무이쁜테라피","경기","경기","용인시-기흥구","구성동","E:\mong-lounge-site\massage\gyeonggi\yongin\giheung-gu\용인시-기흥구-출장마사지-동별-생활권-지역안내\index.html","E:\mong-lounge-site\shops\gyeonggi\yongin\giheung-gu\구성동\너무이쁜테라피\index.html","신규"
"너무이쁜테라피","경기","경기","용인시-기흥구","기흥동","E:\mong-lounge-site\massage\gyeonggi\yongin\giheung-gu\용인시-기흥구-출장마사지-동별-생활권-지역안내\index.html","E:\mong-lounge-site\shops\gyeonggi\yongin\giheung-gu\기흥동\너무이쁜테라피\index.html","신규"
"너무이쁜테라피","경기","경기","용인시-기흥구","동백동","E:\mong-lounge-site\massage\gyeonggi\yongin\giheung-gu\용인시-기흥구-출장마사지-동별-생활권-지역안내\index.html","E:\mong-lounge-site\shops\gyeonggi\yongin\giheung-gu\동백동\너무이쁜테라피\index.html","신규"
"너무이쁜테라피","경기","경기","용인시-기흥구","마북동","E:\mong-lounge-site\massage\gyeonggi\yongin\giheung-gu\용인시-기흥구-출장마사지-동별-생활권-지역안내\index.html","E:\mong-lounge-site\shops\gyeonggi\yongin\giheung-gu\마북동\너무이쁜테라피\index.html","신규"
"너무이쁜테라피","경기","경기","용인시-기흥구","보라동","E:\mong-lounge-site\massage\gyeonggi\yongin\giheung-gu\용인시-기흥구-출장마사지-동별-생활권-지역안내\index.html","E:\mong-lounge-site\shops\gyeonggi\yongin\giheung-gu\보라동\너무이쁜테라피\index.html","신규"
"너무이쁜테라피","경기","경기","용인시-기흥구","보정동","E:\mong-lounge-site\massage\gyeonggi\yongin\giheung-gu\용인시-기흥구-출장마사지-동별-생활권-지역안내\index.html","E:\mong-lounge-site\shops\gyeonggi\yongin\giheung-gu\보정동\너무이쁜테라피\index.html","신규"
"너무이쁜테라피","경기","경기","용인시-기흥구","상갈동","E:\mong-lounge-site\massage\gyeonggi\yongin\giheung-gu\용인시-기흥구-출장마사지-동별-생활권-지역안내\index.html","E:\mong-lounge-site\shops\gyeonggi\yongin\giheung-gu\상갈동\너무이쁜테라피\index.html","신규"
"너무이쁜테라피","경기","경기","용인시-기흥구","상하동","E:\mong-lounge-site\massage\gyeonggi\yongin\giheung-gu\용인시-기흥구-출장마사지-동별-생활권-지역안내\index.html","E:\mong-lounge-site\shops\gyeonggi\yongin\giheung-gu\상하동\너무이쁜테라피\index.html","신규"
"너무이쁜테라피","경기","경기","용인시-기흥구","서농동","E:\mong-lounge-site\massage\gyeonggi\yongin\giheung-gu\용인시-기흥구-출장마사지-동별-생활권-지역안내\index.html","E:\mong-lounge-site\shops\gyeonggi\yongin\giheung-gu\서농동\너무이쁜테라피\index.html","신규"
"너무이쁜테라피","경기","경기","용인시-기흥구","신갈동","E:\mong-lounge-site\massage\gyeonggi\yongin\giheung-gu\용인시-기흥구-출장마사지-동별-생활권-지역안내\index.html","E:\mong-lounge-site\shops\gyeonggi\yongin\giheung-gu\신갈동\너무이쁜테라피\index.html","신규"
"너무이쁜테라피","경기","경기","용인시-기흥구","영덕동","E:\mong-lounge-site\massage\gyeonggi\yongin\giheung-gu\용인시-기흥구-출장마사지-동별-생활권-지역안내\index.html","E:\mong-lounge-site\shops\gyeonggi\yongin\giheung-gu\영덕동\너무이쁜테라피\index.html","신규"
"너무이쁜테라피","경기","경기","용인시-수지구","동천동","E:\mong-lounge-site\massage\gyeonggi\yongin\suji-gu\용인시-수지구-출장마사지-동별-생활권-지역안내\index.html","E:\mong-lounge-site\shops\gyeonggi\yongin\suji-gu\동천동\너무이쁜테라피\index.html","신규"
"너무이쁜테라피","경기","경기","용인시-수지구","상현동","E:\mong-lounge-site\massage\gyeonggi\yongin\suji-gu\용인시-수지구-출장마사지-동별-생활권-지역안내\index.html","E:\mong-lounge-site\shops\gyeonggi\yongin\suji-gu\상현동\너무이쁜테라피\index.html","신규"
"너무이쁜테라피","경기","경기","용인시-수지구","성복동","E:\mong-lounge-site\massage\gyeonggi\yongin\suji-gu\용인시-수지구-출장마사지-동별-생활권-지역안내\index.html","E:\mong-lounge-site\shops\gyeonggi\yongin\suji-gu\성복동\너무이쁜테라피\index.html","신규"
"너무이쁜테라피","경기","경기","용인시-수지구","신봉동","E:\mong-lounge-site\massage\gyeonggi\yongin\suji-gu\용인시-수지구-출장마사지-동별-생활권-지역안내\index.html","E:\mong-lounge-site\shops\gyeonggi\yongin\suji-gu\신봉동\너무이쁜테라피\index.html","신규"
"너무이쁜테라피","경기","경기","용인시-수지구","죽전동","E:\mong-lounge-site\massage\gyeonggi\yongin\suji-gu\용인시-수지구-출장마사지-동별-생활권-지역안내\index.html","E:\mong-lounge-site\shops\gyeonggi\yongin\suji-gu\죽전동\너무이쁜테라피\index.html","신규"
"너무이쁜테라피","경기","경기","용인시-수지구","풍덕천동","E:\mong-lounge-site\massage\gyeonggi\yongin\suji-gu\용인시-수지구-출장마사지-동별-생활권-지역안내\index.html","E:\mong-lounge-site\shops\gyeonggi\yongin\suji-gu\풍덕천동\너무이쁜테라피\index.html","신규"
"너무이쁜테라피","경기","경기","용인시-처인구","남사읍","E:\mong-lounge-site\massage\gyeonggi\yongin\cheoin-gu\용인시-처인구-출장마사지-동별-생활권-지역안내\index.html","E:\mong-lounge-site\shops\gyeonggi\yongin\cheoin-gu\남사읍\너무이쁜테라피\index.html","신규"
"너무이쁜테라피","경기","경기","용인시-처인구","동부동","E:\mong-lounge-site\massage\gyeonggi\yongin\cheoin-gu\용인시-처인구-출장마사지-동별-생활권-지역안내\index.html","E:\mong-lounge-site\shops\gyeonggi\yongin\cheoin-gu\동부동\너무이쁜테라피\index.html","신규"
"너무이쁜테라피","경기","경기","용인시-처인구","모현읍","E:\mong-lounge-site\massage\gyeonggi\yongin\cheoin-gu\용인시-처인구-출장마사지-동별-생활권-지역안내\index.html","E:\mong-lounge-site\shops\gyeonggi\yongin\cheoin-gu\모현읍\너무이쁜테라피\index.html","신규"
"너무이쁜테라피","경기","경기","용인시-처인구","백암면","E:\mong-lounge-site\massage\gyeonggi\yongin\cheoin-gu\용인시-처인구-출장마사지-동별-생활권-지역안내\index.html","E:\mong-lounge-site\shops\gyeonggi\yongin\cheoin-gu\백암면\너무이쁜테라피\index.html","신규"
"너무이쁜테라피","경기","경기","용인시-처인구","삼가동","E:\mong-lounge-site\massage\gyeonggi\yongin\cheoin-gu\용인시-처인구-출장마사지-동별-생활권-지역안내\index.html","E:\mong-lounge-site\shops\gyeonggi\yongin\cheoin-gu\삼가동\너무이쁜테라피\index.html","신규"
"너무이쁜테라피","경기","경기","용인시-처인구","양지읍","E:\mong-lounge-site\massage\gyeonggi\yongin\cheoin-gu\용인시-처인구-출장마사지-동별-생활권-지역안내\index.html","E:\mong-lounge-site\shops\gyeonggi\yongin\cheoin-gu\양지읍\너무이쁜테라피\index.html","신규"
"너무이쁜테라피","경기","경기","용인시-처인구","역북동","E:\mong-lounge-site\massage\gyeonggi\yongin\cheoin-gu\용인시-처인구-출장마사지-동별-생활권-지역안내\index.html","E:\mong-lounge-site\shops\gyeonggi\yongin\cheoin-gu\역북동\너무이쁜테라피\index.html","신규"
"너무이쁜테라피","경기","경기","용인시-처인구","원삼면","E:\mong-lounge-site\massage\gyeonggi\yongin\cheoin-gu\용인시-처인구-출장마사지-동별-생활권-지역안내\index.html","E:\mong-lounge-site\shops\gyeonggi\yongin\cheoin-gu\원삼면\너무이쁜테라피\index.html","신규"
"너무이쁜테라피","경기","경기","용인시-처인구","유림동","E:\mong-lounge-site\massage\gyeonggi\yongin\cheoin-gu\용인시-처인구-출장마사지-동별-생활권-지역안내\index.html","E:\mong-lounge-site\shops\gyeonggi\yongin\cheoin-gu\유림동\너무이쁜테라피\index.html","신규"
"너무이쁜테라피","경기","경기","용인시-처인구","이동읍","E:\mong-lounge-site\massage\gyeonggi\yongin\cheoin-gu\용인시-처인구-출장마사지-동별-생활권-지역안내\index.html","E:\mong-lounge-site\shops\gyeonggi\yongin\cheoin-gu\이동읍\너무이쁜테라피\index.html","신규"
"너무이쁜테라피","경기","경기","용인시-처인구","중앙동","E:\mong-lounge-site\massage\gyeonggi\yongin\cheoin-gu\용인시-처인구-출장마사지-동별-생활권-지역안내\index.html","E:\mong-lounge-site\shops\gyeonggi\yongin\cheoin-gu\중앙동\너무이쁜테라피\index.html","신규"
"너무이쁜테라피","경기","경기","용인시-처인구","포곡읍","E:\mong-lounge-site\massage\gyeonggi\yongin\cheoin-gu\용인시-처인구-출장마사지-동별-생활권-지역안내\index.html","E:\mong-lounge-site\shops\gyeonggi\yongin\cheoin-gu\포곡읍\너무이쁜테라피\index.html","신규"
"너무이쁜테라피","경기","경기","의왕시","고천동","E:\mong-lounge-site\massage\gyeonggi\uiwang\의왕시-출장마사지-내손-포일-오전-오피스-통근과-장시간-앉은-업무-목-허리-피로-방문-홈케어\index.html","E:\mong-lounge-site\shops\gyeonggi\uiwang\고천동\너무이쁜테라피\index.html","신규"
"너무이쁜테라피","경기","경기","의왕시","내손동","E:\mong-lounge-site\massage\gyeonggi\uiwang\의왕시-출장마사지-내손-포일-오전-오피스-통근과-장시간-앉은-업무-목-허리-피로-방문-홈케어\index.html","E:\mong-lounge-site\shops\gyeonggi\uiwang\내손동\너무이쁜테라피\index.html","신규"
"너무이쁜테라피","경기","경기","의왕시","부곡동","E:\mong-lounge-site\massage\gyeonggi\uiwang\의왕시-출장마사지-내손-포일-오전-오피스-통근과-장시간-앉은-업무-목-허리-피로-방문-홈케어\index.html","E:\mong-lounge-site\shops\gyeonggi\uiwang\부곡동\너무이쁜테라피\index.html","신규"
"너무이쁜테라피","경기","경기","의왕시","오전동","E:\mong-lounge-site\massage\gyeonggi\uiwang\의왕시-출장마사지-내손-포일-오전-오피스-통근과-장시간-앉은-업무-목-허리-피로-방문-홈케어\index.html","E:\mong-lounge-site\shops\gyeonggi\uiwang\오전동\너무이쁜테라피\index.html","신규"
"너무이쁜테라피","경기","경기","의왕시","청계동","E:\mong-lounge-site\massage\gyeonggi\uiwang\의왕시-출장마사지-내손-포일-오전-오피스-통근과-장시간-앉은-업무-목-허리-피로-방문-홈케어\index.html","E:\mong-lounge-site\shops\gyeonggi\uiwang\청계동\너무이쁜테라피\index.html","신규"
"너무이쁜테라피","경기","경기","의정부시","가능동","E:\mong-lounge-site\massage\gyeonggi\uijeongbu\의정부시-출장마사지-민락-회룡-의정부역-통근과-생활-이동이-겹친-날-허리-다리-피로-방문-홈케어\index.html","E:\mong-lounge-site\shops\gyeonggi\uijeongbu\가능동\너무이쁜테라피\index.html","신규"
"너무이쁜테라피","경기","경기","의정부시","고산동","E:\mong-lounge-site\massage\gyeonggi\uijeongbu\의정부시-출장마사지-민락-회룡-의정부역-통근과-생활-이동이-겹친-날-허리-다리-피로-방문-홈케어\index.html","E:\mong-lounge-site\shops\gyeonggi\uijeongbu\고산동\너무이쁜테라피\index.html","신규"
"너무이쁜테라피","경기","경기","의정부시","녹양동","E:\mong-lounge-site\massage\gyeonggi\uijeongbu\의정부시-출장마사지-민락-회룡-의정부역-통근과-생활-이동이-겹친-날-허리-다리-피로-방문-홈케어\index.html","E:\mong-lounge-site\shops\gyeonggi\uijeongbu\녹양동\너무이쁜테라피\index.html","신규"
"너무이쁜테라피","경기","경기","의정부시","송산동","E:\mong-lounge-site\massage\gyeonggi\uijeongbu\의정부시-출장마사지-민락-회룡-의정부역-통근과-생활-이동이-겹친-날-허리-다리-피로-방문-홈케어\index.html","E:\mong-lounge-site\shops\gyeonggi\uijeongbu\송산동\너무이쁜테라피\index.html","신규"
"너무이쁜테라피","경기","경기","의정부시","신곡동","E:\mong-lounge-site\massage\gyeonggi\uijeongbu\의정부시-출장마사지-민락-회룡-의정부역-통근과-생활-이동이-겹친-날-허리-다리-피로-방문-홈케어\index.html","E:\mong-lounge-site\shops\gyeonggi\uijeongbu\신곡동\너무이쁜테라피\index.html","신규"
"너무이쁜테라피","경기","경기","의정부시","의정부동","E:\mong-lounge-site\massage\gyeonggi\uijeongbu\의정부시-출장마사지-민락-회룡-의정부역-통근과-생활-이동이-겹친-날-허리-다리-피로-방문-홈케어\index.html","E:\mong-lounge-site\shops\gyeonggi\uijeongbu\의정부동\너무이쁜테라피\index.html","신규"
"너무이쁜테라피","경기","경기","의정부시","자금동","E:\mong-lounge-site\massage\gyeonggi\uijeongbu\의정부시-출장마사지-민락-회룡-의정부역-통근과-생활-이동이-겹친-날-허리-다리-피로-방문-홈케어\index.html","E:\mong-lounge-site\shops\gyeonggi\uijeongbu\자금동\너무이쁜테라피\index.html","신규"
"너무이쁜테라피","경기","경기","의정부시","장암동","E:\mong-lounge-site\massage\gyeonggi\uijeongbu\의정부시-출장마사지-민락-회룡-의정부역-통근과-생활-이동이-겹친-날-허리-다리-피로-방문-홈케어\index.html","E:\mong-lounge-site\shops\gyeonggi\uijeongbu\장암동\너무이쁜테라피\index.html","신규"
"너무이쁜테라피","경기","경기","의정부시","호원동","E:\mong-lounge-site\massage\gyeonggi\uijeongbu\의정부시-출장마사지-민락-회룡-의정부역-통근과-생활-이동이-겹친-날-허리-다리-피로-방문-홈케어\index.html","E:\mong-lounge-site\shops\gyeonggi\uijeongbu\호원동\너무이쁜테라피\index.html","신규"
"너무이쁜테라피","경기","경기","의정부시","흥선동","E:\mong-lounge-site\massage\gyeonggi\uijeongbu\의정부시-출장마사지-민락-회룡-의정부역-통근과-생활-이동이-겹친-날-허리-다리-피로-방문-홈케어\index.html","E:\mong-lounge-site\shops\gyeonggi\uijeongbu\흥선동\너무이쁜테라피\index.html","신규"
"너무이쁜테라피","경기","경기","이천시","관고동","E:\mong-lounge-site\massage\gyeonggi\icheon\이천시-출장마사지-창전-부발-증포-물류-산업-업무와-장시간-이동-어깨-허리-피로-방문-홈케어\index.html","E:\mong-lounge-site\shops\gyeonggi\icheon\관고동\너무이쁜테라피\index.html","신규"
"너무이쁜테라피","경기","경기","이천시","대월면","E:\mong-lounge-site\massage\gyeonggi\icheon\이천시-출장마사지-창전-부발-증포-물류-산업-업무와-장시간-이동-어깨-허리-피로-방문-홈케어\index.html","E:\mong-lounge-site\shops\gyeonggi\icheon\대월면\너무이쁜테라피\index.html","신규"
"너무이쁜테라피","경기","경기","이천시","마장면","E:\mong-lounge-site\massage\gyeonggi\icheon\이천시-출장마사지-창전-부발-증포-물류-산업-업무와-장시간-이동-어깨-허리-피로-방문-홈케어\index.html","E:\mong-lounge-site\shops\gyeonggi\icheon\마장면\너무이쁜테라피\index.html","신규"
"너무이쁜테라피","경기","경기","이천시","모가면","E:\mong-lounge-site\massage\gyeonggi\icheon\이천시-출장마사지-창전-부발-증포-물류-산업-업무와-장시간-이동-어깨-허리-피로-방문-홈케어\index.html","E:\mong-lounge-site\shops\gyeonggi\icheon\모가면\너무이쁜테라피\index.html","신규"
"너무이쁜테라피","경기","경기","이천시","백사면","E:\mong-lounge-site\massage\gyeonggi\icheon\이천시-출장마사지-창전-부발-증포-물류-산업-업무와-장시간-이동-어깨-허리-피로-방문-홈케어\index.html","E:\mong-lounge-site\shops\gyeonggi\icheon\백사면\너무이쁜테라피\index.html","신규"
"너무이쁜테라피","경기","경기","이천시","부발읍","E:\mong-lounge-site\massage\gyeonggi\icheon\이천시-출장마사지-창전-부발-증포-물류-산업-업무와-장시간-이동-어깨-허리-피로-방문-홈케어\index.html","E:\mong-lounge-site\shops\gyeonggi\icheon\부발읍\너무이쁜테라피\index.html","신규"
"너무이쁜테라피","경기","경기","이천시","설성면","E:\mong-lounge-site\massage\gyeonggi\icheon\이천시-출장마사지-창전-부발-증포-물류-산업-업무와-장시간-이동-어깨-허리-피로-방문-홈케어\index.html","E:\mong-lounge-site\shops\gyeonggi\icheon\설성면\너무이쁜테라피\index.html","신규"
"너무이쁜테라피","경기","경기","이천시","신둔면","E:\mong-lounge-site\massage\gyeonggi\icheon\이천시-출장마사지-창전-부발-증포-물류-산업-업무와-장시간-이동-어깨-허리-피로-방문-홈케어\index.html","E:\mong-lounge-site\shops\gyeonggi\icheon\신둔면\너무이쁜테라피\index.html","신규"
"너무이쁜테라피","경기","경기","이천시","율면","E:\mong-lounge-site\massage\gyeonggi\icheon\이천시-출장마사지-창전-부발-증포-물류-산업-업무와-장시간-이동-어깨-허리-피로-방문-홈케어\index.html","E:\mong-lounge-site\shops\gyeonggi\icheon\율면\너무이쁜테라피\index.html","신규"
"너무이쁜테라피","경기","경기","이천시","장호원읍","E:\mong-lounge-site\massage\gyeonggi\icheon\이천시-출장마사지-창전-부발-증포-물류-산업-업무와-장시간-이동-어깨-허리-피로-방문-홈케어\index.html","E:\mong-lounge-site\shops\gyeonggi\icheon\장호원읍\너무이쁜테라피\index.html","신규"
"너무이쁜테라피","경기","경기","이천시","중리동","E:\mong-lounge-site\massage\gyeonggi\icheon\이천시-출장마사지-창전-부발-증포-물류-산업-업무와-장시간-이동-어깨-허리-피로-방문-홈케어\index.html","E:\mong-lounge-site\shops\gyeonggi\icheon\중리동\너무이쁜테라피\index.html","신규"
"너무이쁜테라피","경기","경기","이천시","증포동","E:\mong-lounge-site\massage\gyeonggi\icheon\이천시-출장마사지-창전-부발-증포-물류-산업-업무와-장시간-이동-어깨-허리-피로-방문-홈케어\index.html","E:\mong-lounge-site\shops\gyeonggi\icheon\증포동\너무이쁜테라피\index.html","신규"
"너무이쁜테라피","경기","경기","이천시","창전동","E:\mong-lounge-site\massage\gyeonggi\icheon\이천시-출장마사지-창전-부발-증포-물류-산업-업무와-장시간-이동-어깨-허리-피로-방문-홈케어\index.html","E:\mong-lounge-site\shops\gyeonggi\icheon\창전동\너무이쁜테라피\index.html","신규"
"너무이쁜테라피","경기","경기","이천시","호법면","E:\mong-lounge-site\massage\gyeonggi\icheon\이천시-출장마사지-창전-부발-증포-물류-산업-업무와-장시간-이동-어깨-허리-피로-방문-홈케어\index.html","E:\mong-lounge-site\shops\gyeonggi\icheon\호법면\너무이쁜테라피\index.html","신규"
"너무이쁜테라피","경기","경기","파주시","광탄면","E:\mong-lounge-site\massage\gyeonggi\paju\파주시-출장마사지-운정-금촌-문산-차량-통근과-장시간-운전-허리-어깨-피로-방문-홈케어\index.html","E:\mong-lounge-site\shops\gyeonggi\paju\광탄면\너무이쁜테라피\index.html","신규"
"너무이쁜테라피","경기","경기","파주시","교하동","E:\mong-lounge-site\massage\gyeonggi\paju\파주시-출장마사지-운정-금촌-문산-차량-통근과-장시간-운전-허리-어깨-피로-방문-홈케어\index.html","E:\mong-lounge-site\shops\gyeonggi\paju\교하동\너무이쁜테라피\index.html","신규"
"너무이쁜테라피","경기","경기","파주시","금촌동","E:\mong-lounge-site\massage\gyeonggi\paju\파주시-출장마사지-운정-금촌-문산-차량-통근과-장시간-운전-허리-어깨-피로-방문-홈케어\index.html","E:\mong-lounge-site\shops\gyeonggi\paju\금촌동\너무이쁜테라피\index.html","신규"
"너무이쁜테라피","경기","경기","파주시","문산읍","E:\mong-lounge-site\massage\gyeonggi\paju\파주시-출장마사지-운정-금촌-문산-차량-통근과-장시간-운전-허리-어깨-피로-방문-홈케어\index.html","E:\mong-lounge-site\shops\gyeonggi\paju\문산읍\너무이쁜테라피\index.html","신규"
"너무이쁜테라피","경기","경기","파주시","법원읍","E:\mong-lounge-site\massage\gyeonggi\paju\파주시-출장마사지-운정-금촌-문산-차량-통근과-장시간-운전-허리-어깨-피로-방문-홈케어\index.html","E:\mong-lounge-site\shops\gyeonggi\paju\법원읍\너무이쁜테라피\index.html","신규"
"너무이쁜테라피","경기","경기","파주시","운정동","E:\mong-lounge-site\massage\gyeonggi\paju\파주시-출장마사지-운정-금촌-문산-차량-통근과-장시간-운전-허리-어깨-피로-방문-홈케어\index.html","E:\mong-lounge-site\shops\gyeonggi\paju\운정동\너무이쁜테라피\index.html","신규"
"너무이쁜테라피","경기","경기","파주시","월롱면","E:\mong-lounge-site\massage\gyeonggi\paju\파주시-출장마사지-운정-금촌-문산-차량-통근과-장시간-운전-허리-어깨-피로-방문-홈케어\index.html","E:\mong-lounge-site\shops\gyeonggi\paju\월롱면\너무이쁜테라피\index.html","신규"
"너무이쁜테라피","경기","경기","파주시","장단면","E:\mong-lounge-site\massage\gyeonggi\paju\파주시-출장마사지-운정-금촌-문산-차량-통근과-장시간-운전-허리-어깨-피로-방문-홈케어\index.html","E:\mong-lounge-site\shops\gyeonggi\paju\장단면\너무이쁜테라피\index.html","신규"
"너무이쁜테라피","경기","경기","파주시","적성면","E:\mong-lounge-site\massage\gyeonggi\paju\파주시-출장마사지-운정-금촌-문산-차량-통근과-장시간-운전-허리-어깨-피로-방문-홈케어\index.html","E:\mong-lounge-site\shops\gyeonggi\paju\적성면\너무이쁜테라피\index.html","신규"
"너무이쁜테라피","경기","경기","파주시","조리읍","E:\mong-lounge-site\massage\gyeonggi\paju\파주시-출장마사지-운정-금촌-문산-차량-통근과-장시간-운전-허리-어깨-피로-방문-홈케어\index.html","E:\mong-lounge-site\shops\gyeonggi\paju\조리읍\너무이쁜테라피\index.html","신규"
"너무이쁜테라피","경기","경기","파주시","탄현면","E:\mong-lounge-site\massage\gyeonggi\paju\파주시-출장마사지-운정-금촌-문산-차량-통근과-장시간-운전-허리-어깨-피로-방문-홈케어\index.html","E:\mong-lounge-site\shops\gyeonggi\paju\탄현면\너무이쁜테라피\index.html","신규"
"너무이쁜테라피","경기","경기","파주시","파주읍","E:\mong-lounge-site\massage\gyeonggi\paju\파주시-출장마사지-운정-금촌-문산-차량-통근과-장시간-운전-허리-어깨-피로-방문-홈케어\index.html","E:\mong-lounge-site\shops\gyeonggi\paju\파주읍\너무이쁜테라피\index.html","신규"
"너무이쁜테라피","경기","경기","파주시","파평면","E:\mong-lounge-site\massage\gyeonggi\paju\파주시-출장마사지-운정-금촌-문산-차량-통근과-장시간-운전-허리-어깨-피로-방문-홈케어\index.html","E:\mong-lounge-site\shops\gyeonggi\paju\파평면\너무이쁜테라피\index.html","신규"
"너무이쁜테라피","경기","경기","평택시","고덕동","E:\mong-lounge-site\massage\gyeonggi\pyeongtaek\평택시-출장마사지-고덕-송탄-평택역-교대-근무와-장시간-이동-다리-어깨-피로-방문-홈케어\index.html","E:\mong-lounge-site\shops\gyeonggi\pyeongtaek\고덕동\너무이쁜테라피\index.html","신규"
"너무이쁜테라피","경기","경기","평택시","고덕면","E:\mong-lounge-site\massage\gyeonggi\pyeongtaek\평택시-출장마사지-고덕-송탄-평택역-교대-근무와-장시간-이동-다리-어깨-피로-방문-홈케어\index.html","E:\mong-lounge-site\shops\gyeonggi\pyeongtaek\고덕면\너무이쁜테라피\index.html","신규"
"너무이쁜테라피","경기","경기","평택시","동삭동","E:\mong-lounge-site\massage\gyeonggi\pyeongtaek\평택시-출장마사지-고덕-송탄-평택역-교대-근무와-장시간-이동-다리-어깨-피로-방문-홈케어\index.html","E:\mong-lounge-site\shops\gyeonggi\pyeongtaek\동삭동\너무이쁜테라피\index.html","신규"
"너무이쁜테라피","경기","경기","평택시","비전동","E:\mong-lounge-site\massage\gyeonggi\pyeongtaek\평택시-출장마사지-고덕-송탄-평택역-교대-근무와-장시간-이동-다리-어깨-피로-방문-홈케어\index.html","E:\mong-lounge-site\shops\gyeonggi\pyeongtaek\비전동\너무이쁜테라피\index.html","신규"
"너무이쁜테라피","경기","경기","평택시","서정동","E:\mong-lounge-site\massage\gyeonggi\pyeongtaek\평택시-출장마사지-고덕-송탄-평택역-교대-근무와-장시간-이동-다리-어깨-피로-방문-홈케어\index.html","E:\mong-lounge-site\shops\gyeonggi\pyeongtaek\서정동\너무이쁜테라피\index.html","신규"
"너무이쁜테라피","경기","경기","평택시","서탄면","E:\mong-lounge-site\massage\gyeonggi\pyeongtaek\평택시-출장마사지-고덕-송탄-평택역-교대-근무와-장시간-이동-다리-어깨-피로-방문-홈케어\index.html","E:\mong-lounge-site\shops\gyeonggi\pyeongtaek\서탄면\너무이쁜테라피\index.html","신규"
"너무이쁜테라피","경기","경기","평택시","세교동","E:\mong-lounge-site\massage\gyeonggi\pyeongtaek\평택시-출장마사지-고덕-송탄-평택역-교대-근무와-장시간-이동-다리-어깨-피로-방문-홈케어\index.html","E:\mong-lounge-site\shops\gyeonggi\pyeongtaek\세교동\너무이쁜테라피\index.html","신규"
"너무이쁜테라피","경기","경기","평택시","송북동","E:\mong-lounge-site\massage\gyeonggi\pyeongtaek\평택시-출장마사지-고덕-송탄-평택역-교대-근무와-장시간-이동-다리-어깨-피로-방문-홈케어\index.html","E:\mong-lounge-site\shops\gyeonggi\pyeongtaek\송북동\너무이쁜테라피\index.html","신규"
"너무이쁜테라피","경기","경기","평택시","송탄동","E:\mong-lounge-site\massage\gyeonggi\pyeongtaek\평택시-출장마사지-고덕-송탄-평택역-교대-근무와-장시간-이동-다리-어깨-피로-방문-홈케어\index.html","E:\mong-lounge-site\shops\gyeonggi\pyeongtaek\송탄동\너무이쁜테라피\index.html","신규"
"너무이쁜테라피","경기","경기","평택시","신장동","E:\mong-lounge-site\massage\gyeonggi\pyeongtaek\평택시-출장마사지-고덕-송탄-평택역-교대-근무와-장시간-이동-다리-어깨-피로-방문-홈케어\index.html","E:\mong-lounge-site\shops\gyeonggi\pyeongtaek\신장동\너무이쁜테라피\index.html","신규"
"너무이쁜테라피","경기","경기","평택시","신평동","E:\mong-lounge-site\massage\gyeonggi\pyeongtaek\평택시-출장마사지-고덕-송탄-평택역-교대-근무와-장시간-이동-다리-어깨-피로-방문-홈케어\index.html","E:\mong-lounge-site\shops\gyeonggi\pyeongtaek\신평동\너무이쁜테라피\index.html","신규"
"너무이쁜테라피","경기","경기","평택시","안중읍","E:\mong-lounge-site\massage\gyeonggi\pyeongtaek\평택시-출장마사지-고덕-송탄-평택역-교대-근무와-장시간-이동-다리-어깨-피로-방문-홈케어\index.html","E:\mong-lounge-site\shops\gyeonggi\pyeongtaek\안중읍\너무이쁜테라피\index.html","신규"
"너무이쁜테라피","경기","경기","평택시","오성면","E:\mong-lounge-site\massage\gyeonggi\pyeongtaek\평택시-출장마사지-고덕-송탄-평택역-교대-근무와-장시간-이동-다리-어깨-피로-방문-홈케어\index.html","E:\mong-lounge-site\shops\gyeonggi\pyeongtaek\오성면\너무이쁜테라피\index.html","신규"
"너무이쁜테라피","경기","경기","평택시","용이동","E:\mong-lounge-site\massage\gyeonggi\pyeongtaek\평택시-출장마사지-고덕-송탄-평택역-교대-근무와-장시간-이동-다리-어깨-피로-방문-홈케어\index.html","E:\mong-lounge-site\shops\gyeonggi\pyeongtaek\용이동\너무이쁜테라피\index.html","신규"
"너무이쁜테라피","경기","경기","평택시","원평동","E:\mong-lounge-site\massage\gyeonggi\pyeongtaek\평택시-출장마사지-고덕-송탄-평택역-교대-근무와-장시간-이동-다리-어깨-피로-방문-홈케어\index.html","E:\mong-lounge-site\shops\gyeonggi\pyeongtaek\원평동\너무이쁜테라피\index.html","신규"
"너무이쁜테라피","경기","경기","평택시","중앙동","E:\mong-lounge-site\massage\gyeonggi\pyeongtaek\평택시-출장마사지-고덕-송탄-평택역-교대-근무와-장시간-이동-다리-어깨-피로-방문-홈케어\index.html","E:\mong-lounge-site\shops\gyeonggi\pyeongtaek\중앙동\너무이쁜테라피\index.html","신규"
"너무이쁜테라피","경기","경기","평택시","지산동","E:\mong-lounge-site\massage\gyeonggi\pyeongtaek\평택시-출장마사지-고덕-송탄-평택역-교대-근무와-장시간-이동-다리-어깨-피로-방문-홈케어\index.html","E:\mong-lounge-site\shops\gyeonggi\pyeongtaek\지산동\너무이쁜테라피\index.html","신규"
"너무이쁜테라피","경기","경기","평택시","진위면","E:\mong-lounge-site\massage\gyeonggi\pyeongtaek\평택시-출장마사지-고덕-송탄-평택역-교대-근무와-장시간-이동-다리-어깨-피로-방문-홈케어\index.html","E:\mong-lounge-site\shops\gyeonggi\pyeongtaek\진위면\너무이쁜테라피\index.html","신규"
"너무이쁜테라피","경기","경기","평택시","청북읍","E:\mong-lounge-site\massage\gyeonggi\pyeongtaek\평택시-출장마사지-고덕-송탄-평택역-교대-근무와-장시간-이동-다리-어깨-피로-방문-홈케어\index.html","E:\mong-lounge-site\shops\gyeonggi\pyeongtaek\청북읍\너무이쁜테라피\index.html","신규"
"너무이쁜테라피","경기","경기","평택시","통복동","E:\mong-lounge-site\massage\gyeonggi\pyeongtaek\평택시-출장마사지-고덕-송탄-평택역-교대-근무와-장시간-이동-다리-어깨-피로-방문-홈케어\index.html","E:\mong-lounge-site\shops\gyeonggi\pyeongtaek\통복동\너무이쁜테라피\index.html","신규"
"너무이쁜테라피","경기","경기","평택시","팽성읍","E:\mong-lounge-site\massage\gyeonggi\pyeongtaek\평택시-출장마사지-고덕-송탄-평택역-교대-근무와-장시간-이동-다리-어깨-피로-방문-홈케어\index.html","E:\mong-lounge-site\shops\gyeonggi\pyeongtaek\팽성읍\너무이쁜테라피\index.html","신규"
"너무이쁜테라피","경기","경기","평택시","포승읍","E:\mong-lounge-site\massage\gyeonggi\pyeongtaek\평택시-출장마사지-고덕-송탄-평택역-교대-근무와-장시간-이동-다리-어깨-피로-방문-홈케어\index.html","E:\mong-lounge-site\shops\gyeonggi\pyeongtaek\포승읍\너무이쁜테라피\index.html","신규"
"너무이쁜테라피","경기","경기","평택시","현덕면","E:\mong-lounge-site\massage\gyeonggi\pyeongtaek\평택시-출장마사지-고덕-송탄-평택역-교대-근무와-장시간-이동-다리-어깨-피로-방문-홈케어\index.html","E:\mong-lounge-site\shops\gyeonggi\pyeongtaek\현덕면\너무이쁜테라피\index.html","신규"
"너무이쁜테라피","경기","경기","포천시","가산면","E:\mong-lounge-site\massage\gyeonggi\pocheon\포천시-출장마사지-소흘-송우리-포천동-장거리-차량-이동과-현장-일정-허리-어깨-피로-방문-홈케어\index.html","E:\mong-lounge-site\shops\gyeonggi\pocheon\가산면\너무이쁜테라피\index.html","신규"
"너무이쁜테라피","경기","경기","포천시","관인면","E:\mong-lounge-site\massage\gyeonggi\pocheon\포천시-출장마사지-소흘-송우리-포천동-장거리-차량-이동과-현장-일정-허리-어깨-피로-방문-홈케어\index.html","E:\mong-lounge-site\shops\gyeonggi\pocheon\관인면\너무이쁜테라피\index.html","신규"
"너무이쁜테라피","경기","경기","포천시","군내면","E:\mong-lounge-site\massage\gyeonggi\pocheon\포천시-출장마사지-소흘-송우리-포천동-장거리-차량-이동과-현장-일정-허리-어깨-피로-방문-홈케어\index.html","E:\mong-lounge-site\shops\gyeonggi\pocheon\군내면\너무이쁜테라피\index.html","신규"
"너무이쁜테라피","경기","경기","포천시","내촌면","E:\mong-lounge-site\massage\gyeonggi\pocheon\포천시-출장마사지-소흘-송우리-포천동-장거리-차량-이동과-현장-일정-허리-어깨-피로-방문-홈케어\index.html","E:\mong-lounge-site\shops\gyeonggi\pocheon\내촌면\너무이쁜테라피\index.html","신규"
"너무이쁜테라피","경기","경기","포천시","선단동","E:\mong-lounge-site\massage\gyeonggi\pocheon\포천시-출장마사지-소흘-송우리-포천동-장거리-차량-이동과-현장-일정-허리-어깨-피로-방문-홈케어\index.html","E:\mong-lounge-site\shops\gyeonggi\pocheon\선단동\너무이쁜테라피\index.html","신규"
"너무이쁜테라피","경기","경기","포천시","소흘읍","E:\mong-lounge-site\massage\gyeonggi\pocheon\포천시-출장마사지-소흘-송우리-포천동-장거리-차량-이동과-현장-일정-허리-어깨-피로-방문-홈케어\index.html","E:\mong-lounge-site\shops\gyeonggi\pocheon\소흘읍\너무이쁜테라피\index.html","신규"
"너무이쁜테라피","경기","경기","포천시","신북면","E:\mong-lounge-site\massage\gyeonggi\pocheon\포천시-출장마사지-소흘-송우리-포천동-장거리-차량-이동과-현장-일정-허리-어깨-피로-방문-홈케어\index.html","E:\mong-lounge-site\shops\gyeonggi\pocheon\신북면\너무이쁜테라피\index.html","신규"
"너무이쁜테라피","경기","경기","포천시","영북면","E:\mong-lounge-site\massage\gyeonggi\pocheon\포천시-출장마사지-소흘-송우리-포천동-장거리-차량-이동과-현장-일정-허리-어깨-피로-방문-홈케어\index.html","E:\mong-lounge-site\shops\gyeonggi\pocheon\영북면\너무이쁜테라피\index.html","신규"
"너무이쁜테라피","경기","경기","포천시","영중면","E:\mong-lounge-site\massage\gyeonggi\pocheon\포천시-출장마사지-소흘-송우리-포천동-장거리-차량-이동과-현장-일정-허리-어깨-피로-방문-홈케어\index.html","E:\mong-lounge-site\shops\gyeonggi\pocheon\영중면\너무이쁜테라피\index.html","신규"
"너무이쁜테라피","경기","경기","포천시","이동면","E:\mong-lounge-site\massage\gyeonggi\pocheon\포천시-출장마사지-소흘-송우리-포천동-장거리-차량-이동과-현장-일정-허리-어깨-피로-방문-홈케어\index.html","E:\mong-lounge-site\shops\gyeonggi\pocheon\이동면\너무이쁜테라피\index.html","신규"
"너무이쁜테라피","경기","경기","포천시","일동면","E:\mong-lounge-site\massage\gyeonggi\pocheon\포천시-출장마사지-소흘-송우리-포천동-장거리-차량-이동과-현장-일정-허리-어깨-피로-방문-홈케어\index.html","E:\mong-lounge-site\shops\gyeonggi\pocheon\일동면\너무이쁜테라피\index.html","신규"
"너무이쁜테라피","경기","경기","포천시","창수면","E:\mong-lounge-site\massage\gyeonggi\pocheon\포천시-출장마사지-소흘-송우리-포천동-장거리-차량-이동과-현장-일정-허리-어깨-피로-방문-홈케어\index.html","E:\mong-lounge-site\shops\gyeonggi\pocheon\창수면\너무이쁜테라피\index.html","신규"
"너무이쁜테라피","경기","경기","포천시","포천동","E:\mong-lounge-site\massage\gyeonggi\pocheon\포천시-출장마사지-소흘-송우리-포천동-장거리-차량-이동과-현장-일정-허리-어깨-피로-방문-홈케어\index.html","E:\mong-lounge-site\shops\gyeonggi\pocheon\포천동\너무이쁜테라피\index.html","신규"
"너무이쁜테라피","경기","경기","포천시","화현면","E:\mong-lounge-site\massage\gyeonggi\pocheon\포천시-출장마사지-소흘-송우리-포천동-장거리-차량-이동과-현장-일정-허리-어깨-피로-방문-홈케어\index.html","E:\mong-lounge-site\shops\gyeonggi\pocheon\화현면\너무이쁜테라피\index.html","신규"
"너무이쁜테라피","경기","경기","하남시","감북동","E:\mong-lounge-site\massage\gyeonggi\hanam\하남시-출장마사지-미사-감일-덕풍-신도시-생활과-집안-정리-일정-어깨-허리-피로-방문-홈케어\index.html","E:\mong-lounge-site\shops\gyeonggi\hanam\감북동\너무이쁜테라피\index.html","신규"
"너무이쁜테라피","경기","경기","하남시","감일동","E:\mong-lounge-site\massage\gyeonggi\hanam\하남시-출장마사지-미사-감일-덕풍-신도시-생활과-집안-정리-일정-어깨-허리-피로-방문-홈케어\index.html","E:\mong-lounge-site\shops\gyeonggi\hanam\감일동\너무이쁜테라피\index.html","신규"
"너무이쁜테라피","경기","경기","하남시","덕풍동","E:\mong-lounge-site\massage\gyeonggi\hanam\하남시-출장마사지-미사-감일-덕풍-신도시-생활과-집안-정리-일정-어깨-허리-피로-방문-홈케어\index.html","E:\mong-lounge-site\shops\gyeonggi\hanam\덕풍동\너무이쁜테라피\index.html","신규"
"너무이쁜테라피","경기","경기","하남시","미사동","E:\mong-lounge-site\massage\gyeonggi\hanam\하남시-출장마사지-미사-감일-덕풍-신도시-생활과-집안-정리-일정-어깨-허리-피로-방문-홈케어\index.html","E:\mong-lounge-site\shops\gyeonggi\hanam\미사동\너무이쁜테라피\index.html","신규"
"너무이쁜테라피","경기","경기","하남시","신장동","E:\mong-lounge-site\massage\gyeonggi\hanam\하남시-출장마사지-미사-감일-덕풍-신도시-생활과-집안-정리-일정-어깨-허리-피로-방문-홈케어\index.html","E:\mong-lounge-site\shops\gyeonggi\hanam\신장동\너무이쁜테라피\index.html","신규"
"너무이쁜테라피","경기","경기","하남시","위례동","E:\mong-lounge-site\massage\gyeonggi\hanam\하남시-출장마사지-미사-감일-덕풍-신도시-생활과-집안-정리-일정-어깨-허리-피로-방문-홈케어\index.html","E:\mong-lounge-site\shops\gyeonggi\hanam\위례동\너무이쁜테라피\index.html","신규"
"너무이쁜테라피","경기","경기","하남시","천현동","E:\mong-lounge-site\massage\gyeonggi\hanam\하남시-출장마사지-미사-감일-덕풍-신도시-생활과-집안-정리-일정-어깨-허리-피로-방문-홈케어\index.html","E:\mong-lounge-site\shops\gyeonggi\hanam\천현동\너무이쁜테라피\index.html","신규"
"너무이쁜테라피","경기","경기","하남시","초이동","E:\mong-lounge-site\massage\gyeonggi\hanam\하남시-출장마사지-미사-감일-덕풍-신도시-생활과-집안-정리-일정-어깨-허리-피로-방문-홈케어\index.html","E:\mong-lounge-site\shops\gyeonggi\hanam\초이동\너무이쁜테라피\index.html","신규"
"너무이쁜테라피","경기","경기","하남시","춘궁동","E:\mong-lounge-site\massage\gyeonggi\hanam\하남시-출장마사지-미사-감일-덕풍-신도시-생활과-집안-정리-일정-어깨-허리-피로-방문-홈케어\index.html","E:\mong-lounge-site\shops\gyeonggi\hanam\춘궁동\너무이쁜테라피\index.html","신규"
"너무이쁜테라피","경기","경기","화성시-동탄구","동탄동","E:\mong-lounge-site\massage\gyeonggi\hwaseong\dongtan-gu\화성시-동탄구-출장마사지-동별-생활권-지역안내\index.html","E:\mong-lounge-site\shops\gyeonggi\hwaseong\dongtan-gu\동탄동\너무이쁜테라피\index.html","신규"
"너무이쁜테라피","경기","경기","화성시-만세구","남양읍","E:\mong-lounge-site\massage\gyeonggi\hwaseong\manse-gu\화성시-만세구-출장마사지-동별-생활권-지역안내\index.html","E:\mong-lounge-site\shops\gyeonggi\hwaseong\manse-gu\남양읍\너무이쁜테라피\index.html","신규"
"너무이쁜테라피","경기","경기","화성시-만세구","마도면","E:\mong-lounge-site\massage\gyeonggi\hwaseong\manse-gu\화성시-만세구-출장마사지-동별-생활권-지역안내\index.html","E:\mong-lounge-site\shops\gyeonggi\hwaseong\manse-gu\마도면\너무이쁜테라피\index.html","신규"
"너무이쁜테라피","경기","경기","화성시-만세구","새솔동","E:\mong-lounge-site\massage\gyeonggi\hwaseong\manse-gu\화성시-만세구-출장마사지-동별-생활권-지역안내\index.html","E:\mong-lounge-site\shops\gyeonggi\hwaseong\manse-gu\새솔동\너무이쁜테라피\index.html","신규"
"너무이쁜테라피","경기","경기","화성시-만세구","서신면","E:\mong-lounge-site\massage\gyeonggi\hwaseong\manse-gu\화성시-만세구-출장마사지-동별-생활권-지역안내\index.html","E:\mong-lounge-site\shops\gyeonggi\hwaseong\manse-gu\서신면\너무이쁜테라피\index.html","신규"
"너무이쁜테라피","경기","경기","화성시-만세구","송산면","E:\mong-lounge-site\massage\gyeonggi\hwaseong\manse-gu\화성시-만세구-출장마사지-동별-생활권-지역안내\index.html","E:\mong-lounge-site\shops\gyeonggi\hwaseong\manse-gu\송산면\너무이쁜테라피\index.html","신규"
"너무이쁜테라피","경기","경기","화성시-만세구","양감면","E:\mong-lounge-site\massage\gyeonggi\hwaseong\manse-gu\화성시-만세구-출장마사지-동별-생활권-지역안내\index.html","E:\mong-lounge-site\shops\gyeonggi\hwaseong\manse-gu\양감면\너무이쁜테라피\index.html","신규"
"너무이쁜테라피","경기","경기","화성시-만세구","우정읍","E:\mong-lounge-site\massage\gyeonggi\hwaseong\manse-gu\화성시-만세구-출장마사지-동별-생활권-지역안내\index.html","E:\mong-lounge-site\shops\gyeonggi\hwaseong\manse-gu\우정읍\너무이쁜테라피\index.html","신규"
"너무이쁜테라피","경기","경기","화성시-만세구","장안면","E:\mong-lounge-site\massage\gyeonggi\hwaseong\manse-gu\화성시-만세구-출장마사지-동별-생활권-지역안내\index.html","E:\mong-lounge-site\shops\gyeonggi\hwaseong\manse-gu\장안면\너무이쁜테라피\index.html","신규"
"너무이쁜테라피","경기","경기","화성시-만세구","팔탄면","E:\mong-lounge-site\massage\gyeonggi\hwaseong\manse-gu\화성시-만세구-출장마사지-동별-생활권-지역안내\index.html","E:\mong-lounge-site\shops\gyeonggi\hwaseong\manse-gu\팔탄면\너무이쁜테라피\index.html","신규"
"너무이쁜테라피","경기","경기","화성시-만세구","향남읍","E:\mong-lounge-site\massage\gyeonggi\hwaseong\manse-gu\화성시-만세구-출장마사지-동별-생활권-지역안내\index.html","E:\mong-lounge-site\shops\gyeonggi\hwaseong\manse-gu\향남읍\너무이쁜테라피\index.html","신규"
"너무이쁜테라피","경기","경기","화성시-병점구","반월동","E:\mong-lounge-site\massage\gyeonggi\hwaseong\byeongjeom-gu\화성시-병점구-출장마사지-동별-생활권-지역안내\index.html","E:\mong-lounge-site\shops\gyeonggi\hwaseong\byeongjeom-gu\반월동\너무이쁜테라피\index.html","신규"
"너무이쁜테라피","경기","경기","화성시-병점구","병점동","E:\mong-lounge-site\massage\gyeonggi\hwaseong\byeongjeom-gu\화성시-병점구-출장마사지-동별-생활권-지역안내\index.html","E:\mong-lounge-site\shops\gyeonggi\hwaseong\byeongjeom-gu\병점동\너무이쁜테라피\index.html","신규"
"너무이쁜테라피","경기","경기","화성시-병점구","진안동","E:\mong-lounge-site\massage\gyeonggi\hwaseong\byeongjeom-gu\화성시-병점구-출장마사지-동별-생활권-지역안내\index.html","E:\mong-lounge-site\shops\gyeonggi\hwaseong\byeongjeom-gu\진안동\너무이쁜테라피\index.html","신규"
"너무이쁜테라피","경기","경기","화성시-병점구","화산동","E:\mong-lounge-site\massage\gyeonggi\hwaseong\byeongjeom-gu\화성시-병점구-출장마사지-동별-생활권-지역안내\index.html","E:\mong-lounge-site\shops\gyeonggi\hwaseong\byeongjeom-gu\화산동\너무이쁜테라피\index.html","신규"
"너무이쁜테라피","경기","경기","화성시-효행구","기배동","E:\mong-lounge-site\massage\gyeonggi\hwaseong\hyohaeng-gu\화성시-효행구-출장마사지-동별-생활권-지역안내\index.html","E:\mong-lounge-site\shops\gyeonggi\hwaseong\hyohaeng-gu\기배동\너무이쁜테라피\index.html","신규"
"너무이쁜테라피","경기","경기","화성시-효행구","매송면","E:\mong-lounge-site\massage\gyeonggi\hwaseong\hyohaeng-gu\화성시-효행구-출장마사지-동별-생활권-지역안내\index.html","E:\mong-lounge-site\shops\gyeonggi\hwaseong\hyohaeng-gu\매송면\너무이쁜테라피\index.html","신규"
"너무이쁜테라피","경기","경기","화성시-효행구","봉담읍","E:\mong-lounge-site\massage\gyeonggi\hwaseong\hyohaeng-gu\화성시-효행구-출장마사지-동별-생활권-지역안내\index.html","E:\mong-lounge-site\shops\gyeonggi\hwaseong\hyohaeng-gu\봉담읍\너무이쁜테라피\index.html","신규"
"너무이쁜테라피","경기","경기","화성시-효행구","비봉면","E:\mong-lounge-site\massage\gyeonggi\hwaseong\hyohaeng-gu\화성시-효행구-출장마사지-동별-생활권-지역안내\index.html","E:\mong-lounge-site\shops\gyeonggi\hwaseong\hyohaeng-gu\비봉면\너무이쁜테라피\index.html","신규"
"너무이쁜테라피","경기","경기","화성시-효행구","정남면","E:\mong-lounge-site\massage\gyeonggi\hwaseong\hyohaeng-gu\화성시-효행구-출장마사지-동별-생활권-지역안내\index.html","E:\mong-lounge-site\shops\gyeonggi\hwaseong\hyohaeng-gu\정남면\너무이쁜테라피\index.html","신규"
"너무이쁜테라피","서울","서울","강남구","개포동","E:\mong-lounge-site\massage\seoul\gangnam-gu\강남구-출장마사지-압구정-청담-역삼-외출-미팅-일정이-길어진-날-목-어깨의-뻐근함-방문-홈케어\index.html","E:\mong-lounge-site\shops\seoul\gangnam-gu\개포동\너무이쁜테라피\index.html","신규"
"너무이쁜테라피","서울","서울","강남구","논현동","E:\mong-lounge-site\massage\seoul\gangnam-gu\강남구-출장마사지-압구정-청담-역삼-외출-미팅-일정이-길어진-날-목-어깨의-뻐근함-방문-홈케어\index.html","E:\mong-lounge-site\shops\seoul\gangnam-gu\논현동\너무이쁜테라피\index.html","신규"
"너무이쁜테라피","서울","서울","강남구","대치동","E:\mong-lounge-site\massage\seoul\gangnam-gu\강남구-출장마사지-압구정-청담-역삼-외출-미팅-일정이-길어진-날-목-어깨의-뻐근함-방문-홈케어\index.html","E:\mong-lounge-site\shops\seoul\gangnam-gu\대치동\너무이쁜테라피\index.html","신규"
"너무이쁜테라피","서울","서울","강남구","도곡동","E:\mong-lounge-site\massage\seoul\gangnam-gu\강남구-출장마사지-압구정-청담-역삼-외출-미팅-일정이-길어진-날-목-어깨의-뻐근함-방문-홈케어\index.html","E:\mong-lounge-site\shops\seoul\gangnam-gu\도곡동\너무이쁜테라피\index.html","신규"
"너무이쁜테라피","서울","서울","강남구","삼성동","E:\mong-lounge-site\massage\seoul\gangnam-gu\강남구-출장마사지-압구정-청담-역삼-외출-미팅-일정이-길어진-날-목-어깨의-뻐근함-방문-홈케어\index.html","E:\mong-lounge-site\shops\seoul\gangnam-gu\삼성동\너무이쁜테라피\index.html","신규"
"너무이쁜테라피","서울","서울","강남구","세곡동","E:\mong-lounge-site\massage\seoul\gangnam-gu\강남구-출장마사지-압구정-청담-역삼-외출-미팅-일정이-길어진-날-목-어깨의-뻐근함-방문-홈케어\index.html","E:\mong-lounge-site\shops\seoul\gangnam-gu\세곡동\너무이쁜테라피\index.html","신규"
"너무이쁜테라피","서울","서울","강남구","수서동","E:\mong-lounge-site\massage\seoul\gangnam-gu\강남구-출장마사지-압구정-청담-역삼-외출-미팅-일정이-길어진-날-목-어깨의-뻐근함-방문-홈케어\index.html","E:\mong-lounge-site\shops\seoul\gangnam-gu\수서동\너무이쁜테라피\index.html","신규"
"너무이쁜테라피","서울","서울","강남구","신사동","E:\mong-lounge-site\massage\seoul\gangnam-gu\강남구-출장마사지-압구정-청담-역삼-외출-미팅-일정이-길어진-날-목-어깨의-뻐근함-방문-홈케어\index.html","E:\mong-lounge-site\shops\seoul\gangnam-gu\신사동\너무이쁜테라피\index.html","신규"
"너무이쁜테라피","서울","서울","강남구","압구정동","E:\mong-lounge-site\massage\seoul\gangnam-gu\강남구-출장마사지-압구정-청담-역삼-외출-미팅-일정이-길어진-날-목-어깨의-뻐근함-방문-홈케어\index.html","E:\mong-lounge-site\shops\seoul\gangnam-gu\압구정동\너무이쁜테라피\index.html","신규"
"너무이쁜테라피","서울","서울","강남구","역삼동","E:\mong-lounge-site\massage\seoul\gangnam-gu\강남구-출장마사지-압구정-청담-역삼-외출-미팅-일정이-길어진-날-목-어깨의-뻐근함-방문-홈케어\index.html","E:\mong-lounge-site\shops\seoul\gangnam-gu\역삼동\너무이쁜테라피\index.html","신규"
"너무이쁜테라피","서울","서울","강남구","일원동","E:\mong-lounge-site\massage\seoul\gangnam-gu\강남구-출장마사지-압구정-청담-역삼-외출-미팅-일정이-길어진-날-목-어깨의-뻐근함-방문-홈케어\index.html","E:\mong-lounge-site\shops\seoul\gangnam-gu\일원동\너무이쁜테라피\index.html","신규"
"너무이쁜테라피","서울","서울","강남구","일원본동","E:\mong-lounge-site\massage\seoul\gangnam-gu\강남구-출장마사지-압구정-청담-역삼-외출-미팅-일정이-길어진-날-목-어깨의-뻐근함-방문-홈케어\index.html","E:\mong-lounge-site\shops\seoul\gangnam-gu\일원본동\너무이쁜테라피\index.html","신규"
"너무이쁜테라피","서울","서울","강남구","청담동","E:\mong-lounge-site\massage\seoul\gangnam-gu\강남구-출장마사지-압구정-청담-역삼-외출-미팅-일정이-길어진-날-목-어깨의-뻐근함-방문-홈케어\index.html","E:\mong-lounge-site\shops\seoul\gangnam-gu\청담동\너무이쁜테라피\index.html","신규"
"너무이쁜테라피","서울","서울","강동구","강일동","E:\mong-lounge-site\massage\seoul\gangdong-gu\강동구-출장마사지-둔촌-올림픽공원-일자산-입주-이사와-장시간-정리-전신-뭉침과-무거움-방문-홈케어\index.html","E:\mong-lounge-site\shops\seoul\gangdong-gu\강일동\너무이쁜테라피\index.html","신규"
"너무이쁜테라피","서울","서울","강동구","고덕동","E:\mong-lounge-site\massage\seoul\gangdong-gu\강동구-출장마사지-둔촌-올림픽공원-일자산-입주-이사와-장시간-정리-전신-뭉침과-무거움-방문-홈케어\index.html","E:\mong-lounge-site\shops\seoul\gangdong-gu\고덕동\너무이쁜테라피\index.html","신규"
"너무이쁜테라피","서울","서울","강동구","길동","E:\mong-lounge-site\massage\seoul\gangdong-gu\강동구-출장마사지-둔촌-올림픽공원-일자산-입주-이사와-장시간-정리-전신-뭉침과-무거움-방문-홈케어\index.html","E:\mong-lounge-site\shops\seoul\gangdong-gu\길동\너무이쁜테라피\index.html","신규"
"너무이쁜테라피","서울","서울","강동구","둔촌동","E:\mong-lounge-site\massage\seoul\gangdong-gu\강동구-출장마사지-둔촌-올림픽공원-일자산-입주-이사와-장시간-정리-전신-뭉침과-무거움-방문-홈케어\index.html","E:\mong-lounge-site\shops\seoul\gangdong-gu\둔촌동\너무이쁜테라피\index.html","신규"
"너무이쁜테라피","서울","서울","강동구","명일동","E:\mong-lounge-site\massage\seoul\gangdong-gu\강동구-출장마사지-둔촌-올림픽공원-일자산-입주-이사와-장시간-정리-전신-뭉침과-무거움-방문-홈케어\index.html","E:\mong-lounge-site\shops\seoul\gangdong-gu\명일동\너무이쁜테라피\index.html","신규"
"너무이쁜테라피","서울","서울","강동구","상일동","E:\mong-lounge-site\massage\seoul\gangdong-gu\강동구-출장마사지-둔촌-올림픽공원-일자산-입주-이사와-장시간-정리-전신-뭉침과-무거움-방문-홈케어\index.html","E:\mong-lounge-site\shops\seoul\gangdong-gu\상일동\너무이쁜테라피\index.html","신규"
"너무이쁜테라피","서울","서울","강동구","성내동","E:\mong-lounge-site\massage\seoul\gangdong-gu\강동구-출장마사지-둔촌-올림픽공원-일자산-입주-이사와-장시간-정리-전신-뭉침과-무거움-방문-홈케어\index.html","E:\mong-lounge-site\shops\seoul\gangdong-gu\성내동\너무이쁜테라피\index.html","신규"
"너무이쁜테라피","서울","서울","강동구","암사동","E:\mong-lounge-site\massage\seoul\gangdong-gu\강동구-출장마사지-둔촌-올림픽공원-일자산-입주-이사와-장시간-정리-전신-뭉침과-무거움-방문-홈케어\index.html","E:\mong-lounge-site\shops\seoul\gangdong-gu\암사동\너무이쁜테라피\index.html","신규"
"너무이쁜테라피","서울","서울","강동구","천호동","E:\mong-lounge-site\massage\seoul\gangdong-gu\강동구-출장마사지-둔촌-올림픽공원-일자산-입주-이사와-장시간-정리-전신-뭉침과-무거움-방문-홈케어\index.html","E:\mong-lounge-site\shops\seoul\gangdong-gu\천호동\너무이쁜테라피\index.html","신규"
"너무이쁜테라피","서울","서울","강북구","미아동","E:\mong-lounge-site\massage\seoul\gangbuk-gu\강북구-출장마사지-미아사거리-수유-번동-판매-미용-업무로-오래-서-있는-날-종아리-발-손목-피로-방문-홈케어\index.html","E:\mong-lounge-site\shops\seoul\gangbuk-gu\미아동\너무이쁜테라피\index.html","신규"
"너무이쁜테라피","서울","서울","강북구","번동","E:\mong-lounge-site\massage\seoul\gangbuk-gu\강북구-출장마사지-미아사거리-수유-번동-판매-미용-업무로-오래-서-있는-날-종아리-발-손목-피로-방문-홈케어\index.html","E:\mong-lounge-site\shops\seoul\gangbuk-gu\번동\너무이쁜테라피\index.html","신규"
"너무이쁜테라피","서울","서울","강북구","삼각산동","E:\mong-lounge-site\massage\seoul\gangbuk-gu\강북구-출장마사지-미아사거리-수유-번동-판매-미용-업무로-오래-서-있는-날-종아리-발-손목-피로-방문-홈케어\index.html","E:\mong-lounge-site\shops\seoul\gangbuk-gu\삼각산동\너무이쁜테라피\index.html","신규"
"너무이쁜테라피","서울","서울","강북구","삼양동","E:\mong-lounge-site\massage\seoul\gangbuk-gu\강북구-출장마사지-미아사거리-수유-번동-판매-미용-업무로-오래-서-있는-날-종아리-발-손목-피로-방문-홈케어\index.html","E:\mong-lounge-site\shops\seoul\gangbuk-gu\삼양동\너무이쁜테라피\index.html","신규"
"너무이쁜테라피","서울","서울","강북구","송중동","E:\mong-lounge-site\massage\seoul\gangbuk-gu\강북구-출장마사지-미아사거리-수유-번동-판매-미용-업무로-오래-서-있는-날-종아리-발-손목-피로-방문-홈케어\index.html","E:\mong-lounge-site\shops\seoul\gangbuk-gu\송중동\너무이쁜테라피\index.html","신규"
"너무이쁜테라피","서울","서울","강북구","송천동","E:\mong-lounge-site\massage\seoul\gangbuk-gu\강북구-출장마사지-미아사거리-수유-번동-판매-미용-업무로-오래-서-있는-날-종아리-발-손목-피로-방문-홈케어\index.html","E:\mong-lounge-site\shops\seoul\gangbuk-gu\송천동\너무이쁜테라피\index.html","신규"
"너무이쁜테라피","서울","서울","강북구","수유동","E:\mong-lounge-site\massage\seoul\gangbuk-gu\강북구-출장마사지-미아사거리-수유-번동-판매-미용-업무로-오래-서-있는-날-종아리-발-손목-피로-방문-홈케어\index.html","E:\mong-lounge-site\shops\seoul\gangbuk-gu\수유동\너무이쁜테라피\index.html","신규"
"너무이쁜테라피","서울","서울","강북구","우이동","E:\mong-lounge-site\massage\seoul\gangbuk-gu\강북구-출장마사지-미아사거리-수유-번동-판매-미용-업무로-오래-서-있는-날-종아리-발-손목-피로-방문-홈케어\index.html","E:\mong-lounge-site\shops\seoul\gangbuk-gu\우이동\너무이쁜테라피\index.html","신규"
"너무이쁜테라피","서울","서울","강북구","인수동","E:\mong-lounge-site\massage\seoul\gangbuk-gu\강북구-출장마사지-미아사거리-수유-번동-판매-미용-업무로-오래-서-있는-날-종아리-발-손목-피로-방문-홈케어\index.html","E:\mong-lounge-site\shops\seoul\gangbuk-gu\인수동\너무이쁜테라피\index.html","신규"
"너무이쁜테라피","서울","서울","강서구","가양동","E:\mong-lounge-site\massage\seoul\gangseo-gu\강서구-출장마사지-가양-등촌-마곡-육아와-집안일이-길어진-날-어깨-손목-허리-피로-방문-홈케어\index.html","E:\mong-lounge-site\shops\seoul\gangseo-gu\가양동\너무이쁜테라피\index.html","신규"
"너무이쁜테라피","서울","서울","강서구","공항동","E:\mong-lounge-site\massage\seoul\gangseo-gu\강서구-출장마사지-가양-등촌-마곡-육아와-집안일이-길어진-날-어깨-손목-허리-피로-방문-홈케어\index.html","E:\mong-lounge-site\shops\seoul\gangseo-gu\공항동\너무이쁜테라피\index.html","신규"
"너무이쁜테라피","서울","서울","강서구","등촌동","E:\mong-lounge-site\massage\seoul\gangseo-gu\강서구-출장마사지-가양-등촌-마곡-육아와-집안일이-길어진-날-어깨-손목-허리-피로-방문-홈케어\index.html","E:\mong-lounge-site\shops\seoul\gangseo-gu\등촌동\너무이쁜테라피\index.html","신규"
"너무이쁜테라피","서울","서울","강서구","발산동","E:\mong-lounge-site\massage\seoul\gangseo-gu\강서구-출장마사지-가양-등촌-마곡-육아와-집안일이-길어진-날-어깨-손목-허리-피로-방문-홈케어\index.html","E:\mong-lounge-site\shops\seoul\gangseo-gu\발산동\너무이쁜테라피\index.html","신규"
"너무이쁜테라피","서울","서울","강서구","방화동","E:\mong-lounge-site\massage\seoul\gangseo-gu\강서구-출장마사지-가양-등촌-마곡-육아와-집안일이-길어진-날-어깨-손목-허리-피로-방문-홈케어\index.html","E:\mong-lounge-site\shops\seoul\gangseo-gu\방화동\너무이쁜테라피\index.html","신규"
"너무이쁜테라피","서울","서울","강서구","염창동","E:\mong-lounge-site\massage\seoul\gangseo-gu\강서구-출장마사지-가양-등촌-마곡-육아와-집안일이-길어진-날-어깨-손목-허리-피로-방문-홈케어\index.html","E:\mong-lounge-site\shops\seoul\gangseo-gu\염창동\너무이쁜테라피\index.html","신규"
"너무이쁜테라피","서울","서울","강서구","우장산동","E:\mong-lounge-site\massage\seoul\gangseo-gu\강서구-출장마사지-가양-등촌-마곡-육아와-집안일이-길어진-날-어깨-손목-허리-피로-방문-홈케어\index.html","E:\mong-lounge-site\shops\seoul\gangseo-gu\우장산동\너무이쁜테라피\index.html","신규"
"너무이쁜테라피","서울","서울","강서구","화곡동","E:\mong-lounge-site\massage\seoul\gangseo-gu\강서구-출장마사지-가양-등촌-마곡-육아와-집안일이-길어진-날-어깨-손목-허리-피로-방문-홈케어\index.html","E:\mong-lounge-site\shops\seoul\gangseo-gu\화곡동\너무이쁜테라피\index.html","신규"
"너무이쁜테라피","서울","서울","강서구","화곡본동","E:\mong-lounge-site\massage\seoul\gangseo-gu\강서구-출장마사지-가양-등촌-마곡-육아와-집안일이-길어진-날-어깨-손목-허리-피로-방문-홈케어\index.html","E:\mong-lounge-site\shops\seoul\gangseo-gu\화곡본동\너무이쁜테라피\index.html","신규"
"너무이쁜테라피","서울","서울","관악구","낙성대동","E:\mong-lounge-site\massage\seoul\gwanak-gu\관악구-출장마사지-서울대입구-샤로수길-신림-프리랜서-작업과-창업-일정-눈-목-어깨-피로-방문-홈케어\index.html","E:\mong-lounge-site\shops\seoul\gwanak-gu\낙성대동\너무이쁜테라피\index.html","신규"
"너무이쁜테라피","서울","서울","관악구","난곡동","E:\mong-lounge-site\massage\seoul\gwanak-gu\관악구-출장마사지-서울대입구-샤로수길-신림-프리랜서-작업과-창업-일정-눈-목-어깨-피로-방문-홈케어\index.html","E:\mong-lounge-site\shops\seoul\gwanak-gu\난곡동\너무이쁜테라피\index.html","신규"
"너무이쁜테라피","서울","서울","관악구","난향동","E:\mong-lounge-site\massage\seoul\gwanak-gu\관악구-출장마사지-서울대입구-샤로수길-신림-프리랜서-작업과-창업-일정-눈-목-어깨-피로-방문-홈케어\index.html","E:\mong-lounge-site\shops\seoul\gwanak-gu\난향동\너무이쁜테라피\index.html","신규"
"너무이쁜테라피","서울","서울","관악구","남현동","E:\mong-lounge-site\massage\seoul\gwanak-gu\관악구-출장마사지-서울대입구-샤로수길-신림-프리랜서-작업과-창업-일정-눈-목-어깨-피로-방문-홈케어\index.html","E:\mong-lounge-site\shops\seoul\gwanak-gu\남현동\너무이쁜테라피\index.html","신규"
"너무이쁜테라피","서울","서울","관악구","대학동","E:\mong-lounge-site\massage\seoul\gwanak-gu\관악구-출장마사지-서울대입구-샤로수길-신림-프리랜서-작업과-창업-일정-눈-목-어깨-피로-방문-홈케어\index.html","E:\mong-lounge-site\shops\seoul\gwanak-gu\대학동\너무이쁜테라피\index.html","신규"
"너무이쁜테라피","서울","서울","관악구","미성동","E:\mong-lounge-site\massage\seoul\gwanak-gu\관악구-출장마사지-서울대입구-샤로수길-신림-프리랜서-작업과-창업-일정-눈-목-어깨-피로-방문-홈케어\index.html","E:\mong-lounge-site\shops\seoul\gwanak-gu\미성동\너무이쁜테라피\index.html","신규"
"너무이쁜테라피","서울","서울","관악구","보라매동","E:\mong-lounge-site\massage\seoul\gwanak-gu\관악구-출장마사지-서울대입구-샤로수길-신림-프리랜서-작업과-창업-일정-눈-목-어깨-피로-방문-홈케어\index.html","E:\mong-lounge-site\shops\seoul\gwanak-gu\보라매동\너무이쁜테라피\index.html","신규"
"너무이쁜테라피","서울","서울","관악구","삼성동","E:\mong-lounge-site\massage\seoul\gwanak-gu\관악구-출장마사지-서울대입구-샤로수길-신림-프리랜서-작업과-창업-일정-눈-목-어깨-피로-방문-홈케어\index.html","E:\mong-lounge-site\shops\seoul\gwanak-gu\삼성동\너무이쁜테라피\index.html","신규"
"너무이쁜테라피","서울","서울","관악구","서림동","E:\mong-lounge-site\massage\seoul\gwanak-gu\관악구-출장마사지-서울대입구-샤로수길-신림-프리랜서-작업과-창업-일정-눈-목-어깨-피로-방문-홈케어\index.html","E:\mong-lounge-site\shops\seoul\gwanak-gu\서림동\너무이쁜테라피\index.html","신규"
"너무이쁜테라피","서울","서울","관악구","서원동","E:\mong-lounge-site\massage\seoul\gwanak-gu\관악구-출장마사지-서울대입구-샤로수길-신림-프리랜서-작업과-창업-일정-눈-목-어깨-피로-방문-홈케어\index.html","E:\mong-lounge-site\shops\seoul\gwanak-gu\서원동\너무이쁜테라피\index.html","신규"
"너무이쁜테라피","서울","서울","관악구","성현동","E:\mong-lounge-site\massage\seoul\gwanak-gu\관악구-출장마사지-서울대입구-샤로수길-신림-프리랜서-작업과-창업-일정-눈-목-어깨-피로-방문-홈케어\index.html","E:\mong-lounge-site\shops\seoul\gwanak-gu\성현동\너무이쁜테라피\index.html","신규"
"너무이쁜테라피","서울","서울","관악구","신림동","E:\mong-lounge-site\massage\seoul\gwanak-gu\관악구-출장마사지-서울대입구-샤로수길-신림-프리랜서-작업과-창업-일정-눈-목-어깨-피로-방문-홈케어\index.html","E:\mong-lounge-site\shops\seoul\gwanak-gu\신림동\너무이쁜테라피\index.html","신규"
"너무이쁜테라피","서울","서울","관악구","신사동","E:\mong-lounge-site\massage\seoul\gwanak-gu\관악구-출장마사지-서울대입구-샤로수길-신림-프리랜서-작업과-창업-일정-눈-목-어깨-피로-방문-홈케어\index.html","E:\mong-lounge-site\shops\seoul\gwanak-gu\신사동\너무이쁜테라피\index.html","신규"
"너무이쁜테라피","서울","서울","관악구","신원동","E:\mong-lounge-site\massage\seoul\gwanak-gu\관악구-출장마사지-서울대입구-샤로수길-신림-프리랜서-작업과-창업-일정-눈-목-어깨-피로-방문-홈케어\index.html","E:\mong-lounge-site\shops\seoul\gwanak-gu\신원동\너무이쁜테라피\index.html","신규"
"너무이쁜테라피","서울","서울","관악구","은천동","E:\mong-lounge-site\massage\seoul\gwanak-gu\관악구-출장마사지-서울대입구-샤로수길-신림-프리랜서-작업과-창업-일정-눈-목-어깨-피로-방문-홈케어\index.html","E:\mong-lounge-site\shops\seoul\gwanak-gu\은천동\너무이쁜테라피\index.html","신규"
"너무이쁜테라피","서울","서울","관악구","인헌동","E:\mong-lounge-site\massage\seoul\gwanak-gu\관악구-출장마사지-서울대입구-샤로수길-신림-프리랜서-작업과-창업-일정-눈-목-어깨-피로-방문-홈케어\index.html","E:\mong-lounge-site\shops\seoul\gwanak-gu\인헌동\너무이쁜테라피\index.html","신규"
"너무이쁜테라피","서울","서울","관악구","조원동","E:\mong-lounge-site\massage\seoul\gwanak-gu\관악구-출장마사지-서울대입구-샤로수길-신림-프리랜서-작업과-창업-일정-눈-목-어깨-피로-방문-홈케어\index.html","E:\mong-lounge-site\shops\seoul\gwanak-gu\조원동\너무이쁜테라피\index.html","신규"
"너무이쁜테라피","서울","서울","관악구","중앙동","E:\mong-lounge-site\massage\seoul\gwanak-gu\관악구-출장마사지-서울대입구-샤로수길-신림-프리랜서-작업과-창업-일정-눈-목-어깨-피로-방문-홈케어\index.html","E:\mong-lounge-site\shops\seoul\gwanak-gu\중앙동\너무이쁜테라피\index.html","신규"
"너무이쁜테라피","서울","서울","관악구","청룡동","E:\mong-lounge-site\massage\seoul\gwanak-gu\관악구-출장마사지-서울대입구-샤로수길-신림-프리랜서-작업과-창업-일정-눈-목-어깨-피로-방문-홈케어\index.html","E:\mong-lounge-site\shops\seoul\gwanak-gu\청룡동\너무이쁜테라피\index.html","신규"
"너무이쁜테라피","서울","서울","관악구","청림동","E:\mong-lounge-site\massage\seoul\gwanak-gu\관악구-출장마사지-서울대입구-샤로수길-신림-프리랜서-작업과-창업-일정-눈-목-어깨-피로-방문-홈케어\index.html","E:\mong-lounge-site\shops\seoul\gwanak-gu\청림동\너무이쁜테라피\index.html","신규"
"너무이쁜테라피","서울","서울","관악구","행운동","E:\mong-lounge-site\massage\seoul\gwanak-gu\관악구-출장마사지-서울대입구-샤로수길-신림-프리랜서-작업과-창업-일정-눈-목-어깨-피로-방문-홈케어\index.html","E:\mong-lounge-site\shops\seoul\gwanak-gu\행운동\너무이쁜테라피\index.html","신규"
"너무이쁜테라피","서울","서울","광진구","광장동","E:\mong-lounge-site\massage\seoul\gwangjin-gu\광진구-출장마사지-구의-광나루-건대입구-재택업무와-장시간-화면-작업-목-손목의-뻐근함-방문-홈케어\index.html","E:\mong-lounge-site\shops\seoul\gwangjin-gu\광장동\너무이쁜테라피\index.html","신규"
"너무이쁜테라피","서울","서울","광진구","구의동","E:\mong-lounge-site\massage\seoul\gwangjin-gu\광진구-출장마사지-구의-광나루-건대입구-재택업무와-장시간-화면-작업-목-손목의-뻐근함-방문-홈케어\index.html","E:\mong-lounge-site\shops\seoul\gwangjin-gu\구의동\너무이쁜테라피\index.html","신규"
"너무이쁜테라피","서울","서울","광진구","군자동","E:\mong-lounge-site\massage\seoul\gwangjin-gu\광진구-출장마사지-구의-광나루-건대입구-재택업무와-장시간-화면-작업-목-손목의-뻐근함-방문-홈케어\index.html","E:\mong-lounge-site\shops\seoul\gwangjin-gu\군자동\너무이쁜테라피\index.html","신규"
"너무이쁜테라피","서울","서울","광진구","능동","E:\mong-lounge-site\massage\seoul\gwangjin-gu\광진구-출장마사지-구의-광나루-건대입구-재택업무와-장시간-화면-작업-목-손목의-뻐근함-방문-홈케어\index.html","E:\mong-lounge-site\shops\seoul\gwangjin-gu\능동\너무이쁜테라피\index.html","신규"
"너무이쁜테라피","서울","서울","광진구","자양동","E:\mong-lounge-site\massage\seoul\gwangjin-gu\광진구-출장마사지-구의-광나루-건대입구-재택업무와-장시간-화면-작업-목-손목의-뻐근함-방문-홈케어\index.html","E:\mong-lounge-site\shops\seoul\gwangjin-gu\자양동\너무이쁜테라피\index.html","신규"
"너무이쁜테라피","서울","서울","광진구","중곡동","E:\mong-lounge-site\massage\seoul\gwangjin-gu\광진구-출장마사지-구의-광나루-건대입구-재택업무와-장시간-화면-작업-목-손목의-뻐근함-방문-홈케어\index.html","E:\mong-lounge-site\shops\seoul\gwangjin-gu\중곡동\너무이쁜테라피\index.html","신규"
"너무이쁜테라피","서울","서울","광진구","화양동","E:\mong-lounge-site\massage\seoul\gwangjin-gu\광진구-출장마사지-구의-광나루-건대입구-재택업무와-장시간-화면-작업-목-손목의-뻐근함-방문-홈케어\index.html","E:\mong-lounge-site\shops\seoul\gwangjin-gu\화양동\너무이쁜테라피\index.html","신규"
"너무이쁜테라피","서울","서울","구로구","가리봉동","E:\mong-lounge-site\massage\seoul\guro-gu\구로구-출장마사지-신도림-구로-대림-유통-판매-업무로-오래-선-날-다리-발의-무거움-방문-홈케어\index.html","E:\mong-lounge-site\shops\seoul\guro-gu\가리봉동\너무이쁜테라피\index.html","신규"
"너무이쁜테라피","서울","서울","구로구","개봉동","E:\mong-lounge-site\massage\seoul\guro-gu\구로구-출장마사지-신도림-구로-대림-유통-판매-업무로-오래-선-날-다리-발의-무거움-방문-홈케어\index.html","E:\mong-lounge-site\shops\seoul\guro-gu\개봉동\너무이쁜테라피\index.html","신규"
"너무이쁜테라피","서울","서울","구로구","고척동","E:\mong-lounge-site\massage\seoul\guro-gu\구로구-출장마사지-신도림-구로-대림-유통-판매-업무로-오래-선-날-다리-발의-무거움-방문-홈케어\index.html","E:\mong-lounge-site\shops\seoul\guro-gu\고척동\너무이쁜테라피\index.html","신규"
"너무이쁜테라피","서울","서울","구로구","구로동","E:\mong-lounge-site\massage\seoul\guro-gu\구로구-출장마사지-신도림-구로-대림-유통-판매-업무로-오래-선-날-다리-발의-무거움-방문-홈케어\index.html","E:\mong-lounge-site\shops\seoul\guro-gu\구로동\너무이쁜테라피\index.html","신규"
"너무이쁜테라피","서울","서울","구로구","수궁동","E:\mong-lounge-site\massage\seoul\guro-gu\구로구-출장마사지-신도림-구로-대림-유통-판매-업무로-오래-선-날-다리-발의-무거움-방문-홈케어\index.html","E:\mong-lounge-site\shops\seoul\guro-gu\수궁동\너무이쁜테라피\index.html","신규"
"너무이쁜테라피","서울","서울","구로구","신도림동","E:\mong-lounge-site\massage\seoul\guro-gu\구로구-출장마사지-신도림-구로-대림-유통-판매-업무로-오래-선-날-다리-발의-무거움-방문-홈케어\index.html","E:\mong-lounge-site\shops\seoul\guro-gu\신도림동\너무이쁜테라피\index.html","신규"
"너무이쁜테라피","서울","서울","구로구","오류동","E:\mong-lounge-site\massage\seoul\guro-gu\구로구-출장마사지-신도림-구로-대림-유통-판매-업무로-오래-선-날-다리-발의-무거움-방문-홈케어\index.html","E:\mong-lounge-site\shops\seoul\guro-gu\오류동\너무이쁜테라피\index.html","신규"
"너무이쁜테라피","서울","서울","구로구","항동","E:\mong-lounge-site\massage\seoul\guro-gu\구로구-출장마사지-신도림-구로-대림-유통-판매-업무로-오래-선-날-다리-발의-무거움-방문-홈케어\index.html","E:\mong-lounge-site\shops\seoul\guro-gu\항동\너무이쁜테라피\index.html","신규"
"너무이쁜테라피","서울","서울","금천구","가산동","E:\mong-lounge-site\massage\seoul\geumcheon-gu\금천구-출장마사지-독산-시흥-가산-제조-교대-일정이-길어진-날-허리-어깨-피로-방문-홈케어\index.html","E:\mong-lounge-site\shops\seoul\geumcheon-gu\가산동\너무이쁜테라피\index.html","신규"
"너무이쁜테라피","서울","서울","금천구","독산동","E:\mong-lounge-site\massage\seoul\geumcheon-gu\금천구-출장마사지-독산-시흥-가산-제조-교대-일정이-길어진-날-허리-어깨-피로-방문-홈케어\index.html","E:\mong-lounge-site\shops\seoul\geumcheon-gu\독산동\너무이쁜테라피\index.html","신규"
"너무이쁜테라피","서울","서울","금천구","시흥동","E:\mong-lounge-site\massage\seoul\geumcheon-gu\금천구-출장마사지-독산-시흥-가산-제조-교대-일정이-길어진-날-허리-어깨-피로-방문-홈케어\index.html","E:\mong-lounge-site\shops\seoul\geumcheon-gu\시흥동\너무이쁜테라피\index.html","신규"
"너무이쁜테라피","서울","서울","노원구","3동","E:\mong-lounge-site\massage\seoul\nowon-gu\노원구-출장마사지-상계-공릉-중계-육아와-집안일이-이어진-날-어깨-손목의-무거움-방문-홈케어\index.html","E:\mong-lounge-site\shops\seoul\nowon-gu\3동\너무이쁜테라피\index.html","신규"
"너무이쁜테라피","서울","서울","노원구","4동","E:\mong-lounge-site\massage\seoul\nowon-gu\노원구-출장마사지-상계-공릉-중계-육아와-집안일이-이어진-날-어깨-손목의-무거움-방문-홈케어\index.html","E:\mong-lounge-site\shops\seoul\nowon-gu\4동\너무이쁜테라피\index.html","신규"
"너무이쁜테라피","서울","서울","노원구","7동","E:\mong-lounge-site\massage\seoul\nowon-gu\노원구-출장마사지-상계-공릉-중계-육아와-집안일이-이어진-날-어깨-손목의-무거움-방문-홈케어\index.html","E:\mong-lounge-site\shops\seoul\nowon-gu\7동\너무이쁜테라피\index.html","신규"
"너무이쁜테라피","서울","서울","노원구","공릉동","E:\mong-lounge-site\massage\seoul\nowon-gu\노원구-출장마사지-상계-공릉-중계-육아와-집안일이-이어진-날-어깨-손목의-무거움-방문-홈케어\index.html","E:\mong-lounge-site\shops\seoul\nowon-gu\공릉동\너무이쁜테라피\index.html","신규"
"너무이쁜테라피","서울","서울","노원구","상계동","E:\mong-lounge-site\massage\seoul\nowon-gu\노원구-출장마사지-상계-공릉-중계-육아와-집안일이-이어진-날-어깨-손목의-무거움-방문-홈케어\index.html","E:\mong-lounge-site\shops\seoul\nowon-gu\상계동\너무이쁜테라피\index.html","신규"
"너무이쁜테라피","서울","서울","노원구","월계동","E:\mong-lounge-site\massage\seoul\nowon-gu\노원구-출장마사지-상계-공릉-중계-육아와-집안일이-이어진-날-어깨-손목의-무거움-방문-홈케어\index.html","E:\mong-lounge-site\shops\seoul\nowon-gu\월계동\너무이쁜테라피\index.html","신규"
"너무이쁜테라피","서울","서울","노원구","중계동","E:\mong-lounge-site\massage\seoul\nowon-gu\노원구-출장마사지-상계-공릉-중계-육아와-집안일이-이어진-날-어깨-손목의-무거움-방문-홈케어\index.html","E:\mong-lounge-site\shops\seoul\nowon-gu\중계동\너무이쁜테라피\index.html","신규"
"너무이쁜테라피","서울","서울","노원구","중계본동","E:\mong-lounge-site\massage\seoul\nowon-gu\노원구-출장마사지-상계-공릉-중계-육아와-집안일이-이어진-날-어깨-손목의-무거움-방문-홈케어\index.html","E:\mong-lounge-site\shops\seoul\nowon-gu\중계본동\너무이쁜테라피\index.html","신규"
"너무이쁜테라피","서울","서울","노원구","하계동","E:\mong-lounge-site\massage\seoul\nowon-gu\노원구-출장마사지-상계-공릉-중계-육아와-집안일이-이어진-날-어깨-손목의-무거움-방문-홈케어\index.html","E:\mong-lounge-site\shops\seoul\nowon-gu\하계동\너무이쁜테라피\index.html","신규"
"너무이쁜테라피","서울","서울","도봉구","도봉동","E:\mong-lounge-site\massage\seoul\dobong-gu\도봉구-출장마사지-방학-도봉-창동-생활-이동과-집안일이-겹친-날-허리-무릎-주변-피로-방문-홈케어\index.html","E:\mong-lounge-site\shops\seoul\dobong-gu\도봉동\너무이쁜테라피\index.html","신규"
"너무이쁜테라피","서울","서울","도봉구","방학동","E:\mong-lounge-site\massage\seoul\dobong-gu\도봉구-출장마사지-방학-도봉-창동-생활-이동과-집안일이-겹친-날-허리-무릎-주변-피로-방문-홈케어\index.html","E:\mong-lounge-site\shops\seoul\dobong-gu\방학동\너무이쁜테라피\index.html","신규"
"너무이쁜테라피","서울","서울","도봉구","쌍문동","E:\mong-lounge-site\massage\seoul\dobong-gu\도봉구-출장마사지-방학-도봉-창동-생활-이동과-집안일이-겹친-날-허리-무릎-주변-피로-방문-홈케어\index.html","E:\mong-lounge-site\shops\seoul\dobong-gu\쌍문동\너무이쁜테라피\index.html","신규"
"너무이쁜테라피","서울","서울","도봉구","창동","E:\mong-lounge-site\massage\seoul\dobong-gu\도봉구-출장마사지-방학-도봉-창동-생활-이동과-집안일이-겹친-날-허리-무릎-주변-피로-방문-홈케어\index.html","E:\mong-lounge-site\shops\seoul\dobong-gu\창동\너무이쁜테라피\index.html","신규"
"너무이쁜테라피","서울","서울","동대문구","답십리동","E:\mong-lounge-site\massage\seoul\dongdaemun-gu\동대문구-출장마사지-회기-이문-청량리-공부-연구가-길어진-날-목-어깨의-긴장감-방문-홈케어\index.html","E:\mong-lounge-site\shops\seoul\dongdaemun-gu\답십리동\너무이쁜테라피\index.html","신규"
"너무이쁜테라피","서울","서울","동대문구","신설동","E:\mong-lounge-site\massage\seoul\dongdaemun-gu\동대문구-출장마사지-회기-이문-청량리-공부-연구가-길어진-날-목-어깨의-긴장감-방문-홈케어\index.html","E:\mong-lounge-site\shops\seoul\dongdaemun-gu\신설동\너무이쁜테라피\index.html","신규"
"너무이쁜테라피","서울","서울","동대문구","용두동","E:\mong-lounge-site\massage\seoul\dongdaemun-gu\동대문구-출장마사지-회기-이문-청량리-공부-연구가-길어진-날-목-어깨의-긴장감-방문-홈케어\index.html","E:\mong-lounge-site\shops\seoul\dongdaemun-gu\용두동\너무이쁜테라피\index.html","신규"
"너무이쁜테라피","서울","서울","동대문구","이문동","E:\mong-lounge-site\massage\seoul\dongdaemun-gu\동대문구-출장마사지-회기-이문-청량리-공부-연구가-길어진-날-목-어깨의-긴장감-방문-홈케어\index.html","E:\mong-lounge-site\shops\seoul\dongdaemun-gu\이문동\너무이쁜테라피\index.html","신규"
"너무이쁜테라피","서울","서울","동대문구","장안동","E:\mong-lounge-site\massage\seoul\dongdaemun-gu\동대문구-출장마사지-회기-이문-청량리-공부-연구가-길어진-날-목-어깨의-긴장감-방문-홈케어\index.html","E:\mong-lounge-site\shops\seoul\dongdaemun-gu\장안동\너무이쁜테라피\index.html","신규"
"너무이쁜테라피","서울","서울","동대문구","전농동","E:\mong-lounge-site\massage\seoul\dongdaemun-gu\동대문구-출장마사지-회기-이문-청량리-공부-연구가-길어진-날-목-어깨의-긴장감-방문-홈케어\index.html","E:\mong-lounge-site\shops\seoul\dongdaemun-gu\전농동\너무이쁜테라피\index.html","신규"
"너무이쁜테라피","서울","서울","동대문구","제기동","E:\mong-lounge-site\massage\seoul\dongdaemun-gu\동대문구-출장마사지-회기-이문-청량리-공부-연구가-길어진-날-목-어깨의-긴장감-방문-홈케어\index.html","E:\mong-lounge-site\shops\seoul\dongdaemun-gu\제기동\너무이쁜테라피\index.html","신규"
"너무이쁜테라피","서울","서울","동대문구","청량리동","E:\mong-lounge-site\massage\seoul\dongdaemun-gu\동대문구-출장마사지-회기-이문-청량리-공부-연구가-길어진-날-목-어깨의-긴장감-방문-홈케어\index.html","E:\mong-lounge-site\shops\seoul\dongdaemun-gu\청량리동\너무이쁜테라피\index.html","신규"
"너무이쁜테라피","서울","서울","동대문구","회기동","E:\mong-lounge-site\massage\seoul\dongdaemun-gu\동대문구-출장마사지-회기-이문-청량리-공부-연구가-길어진-날-목-어깨의-긴장감-방문-홈케어\index.html","E:\mong-lounge-site\shops\seoul\dongdaemun-gu\회기동\너무이쁜테라피\index.html","신규"
"너무이쁜테라피","서울","서울","동대문구","휘경동","E:\mong-lounge-site\massage\seoul\dongdaemun-gu\동대문구-출장마사지-회기-이문-청량리-공부-연구가-길어진-날-목-어깨의-긴장감-방문-홈케어\index.html","E:\mong-lounge-site\shops\seoul\dongdaemun-gu\휘경동\너무이쁜테라피\index.html","신규"
"너무이쁜테라피","서울","서울","동작구","노량진동","E:\mong-lounge-site\massage\seoul\dongjak-gu\동작구-출장마사지-상도-흑석-사당-긴-통근과-계단-이동이-이어진-날-허리-골반-주변-피로-방문-홈케어\index.html","E:\mong-lounge-site\shops\seoul\dongjak-gu\노량진동\너무이쁜테라피\index.html","신규"
"너무이쁜테라피","서울","서울","동작구","대방동","E:\mong-lounge-site\massage\seoul\dongjak-gu\동작구-출장마사지-상도-흑석-사당-긴-통근과-계단-이동이-이어진-날-허리-골반-주변-피로-방문-홈케어\index.html","E:\mong-lounge-site\shops\seoul\dongjak-gu\대방동\너무이쁜테라피\index.html","신규"
"너무이쁜테라피","서울","서울","동작구","사당동","E:\mong-lounge-site\massage\seoul\dongjak-gu\동작구-출장마사지-상도-흑석-사당-긴-통근과-계단-이동이-이어진-날-허리-골반-주변-피로-방문-홈케어\index.html","E:\mong-lounge-site\shops\seoul\dongjak-gu\사당동\너무이쁜테라피\index.html","신규"
"너무이쁜테라피","서울","서울","동작구","상도동","E:\mong-lounge-site\massage\seoul\dongjak-gu\동작구-출장마사지-상도-흑석-사당-긴-통근과-계단-이동이-이어진-날-허리-골반-주변-피로-방문-홈케어\index.html","E:\mong-lounge-site\shops\seoul\dongjak-gu\상도동\너무이쁜테라피\index.html","신규"
"너무이쁜테라피","서울","서울","동작구","신대방동","E:\mong-lounge-site\massage\seoul\dongjak-gu\동작구-출장마사지-상도-흑석-사당-긴-통근과-계단-이동이-이어진-날-허리-골반-주변-피로-방문-홈케어\index.html","E:\mong-lounge-site\shops\seoul\dongjak-gu\신대방동\너무이쁜테라피\index.html","신규"
"너무이쁜테라피","서울","서울","동작구","흑석동","E:\mong-lounge-site\massage\seoul\dongjak-gu\동작구-출장마사지-상도-흑석-사당-긴-통근과-계단-이동이-이어진-날-허리-골반-주변-피로-방문-홈케어\index.html","E:\mong-lounge-site\shops\seoul\dongjak-gu\흑석동\너무이쁜테라피\index.html","신규"
"너무이쁜테라피","서울","서울","마포구","공덕동","E:\mong-lounge-site\massage\seoul\mapo-gu\마포구-출장마사지-공덕-연남-합정-오피스-근무와-프리랜서-일정-어깨-허리-피로-방문-홈케어\index.html","E:\mong-lounge-site\shops\seoul\mapo-gu\공덕동\너무이쁜테라피\index.html","신규"
"너무이쁜테라피","서울","서울","마포구","대흥동","E:\mong-lounge-site\massage\seoul\mapo-gu\마포구-출장마사지-공덕-연남-합정-오피스-근무와-프리랜서-일정-어깨-허리-피로-방문-홈케어\index.html","E:\mong-lounge-site\shops\seoul\mapo-gu\대흥동\너무이쁜테라피\index.html","신규"
"너무이쁜테라피","서울","서울","마포구","도화동","E:\mong-lounge-site\massage\seoul\mapo-gu\마포구-출장마사지-공덕-연남-합정-오피스-근무와-프리랜서-일정-어깨-허리-피로-방문-홈케어\index.html","E:\mong-lounge-site\shops\seoul\mapo-gu\도화동\너무이쁜테라피\index.html","신규"
"너무이쁜테라피","서울","서울","마포구","망원동","E:\mong-lounge-site\massage\seoul\mapo-gu\마포구-출장마사지-공덕-연남-합정-오피스-근무와-프리랜서-일정-어깨-허리-피로-방문-홈케어\index.html","E:\mong-lounge-site\shops\seoul\mapo-gu\망원동\너무이쁜테라피\index.html","신규"
"너무이쁜테라피","서울","서울","마포구","상암동","E:\mong-lounge-site\massage\seoul\mapo-gu\마포구-출장마사지-공덕-연남-합정-오피스-근무와-프리랜서-일정-어깨-허리-피로-방문-홈케어\index.html","E:\mong-lounge-site\shops\seoul\mapo-gu\상암동\너무이쁜테라피\index.html","신규"
"너무이쁜테라피","서울","서울","마포구","서강동","E:\mong-lounge-site\massage\seoul\mapo-gu\마포구-출장마사지-공덕-연남-합정-오피스-근무와-프리랜서-일정-어깨-허리-피로-방문-홈케어\index.html","E:\mong-lounge-site\shops\seoul\mapo-gu\서강동\너무이쁜테라피\index.html","신규"
"너무이쁜테라피","서울","서울","마포구","서교동","E:\mong-lounge-site\massage\seoul\mapo-gu\마포구-출장마사지-공덕-연남-합정-오피스-근무와-프리랜서-일정-어깨-허리-피로-방문-홈케어\index.html","E:\mong-lounge-site\shops\seoul\mapo-gu\서교동\너무이쁜테라피\index.html","신규"
"너무이쁜테라피","서울","서울","마포구","성산동","E:\mong-lounge-site\massage\seoul\mapo-gu\마포구-출장마사지-공덕-연남-합정-오피스-근무와-프리랜서-일정-어깨-허리-피로-방문-홈케어\index.html","E:\mong-lounge-site\shops\seoul\mapo-gu\성산동\너무이쁜테라피\index.html","신규"
"너무이쁜테라피","서울","서울","마포구","신수동","E:\mong-lounge-site\massage\seoul\mapo-gu\마포구-출장마사지-공덕-연남-합정-오피스-근무와-프리랜서-일정-어깨-허리-피로-방문-홈케어\index.html","E:\mong-lounge-site\shops\seoul\mapo-gu\신수동\너무이쁜테라피\index.html","신규"
"너무이쁜테라피","서울","서울","마포구","아현동","E:\mong-lounge-site\massage\seoul\mapo-gu\마포구-출장마사지-공덕-연남-합정-오피스-근무와-프리랜서-일정-어깨-허리-피로-방문-홈케어\index.html","E:\mong-lounge-site\shops\seoul\mapo-gu\아현동\너무이쁜테라피\index.html","신규"
"너무이쁜테라피","서울","서울","마포구","연남동","E:\mong-lounge-site\massage\seoul\mapo-gu\마포구-출장마사지-공덕-연남-합정-오피스-근무와-프리랜서-일정-어깨-허리-피로-방문-홈케어\index.html","E:\mong-lounge-site\shops\seoul\mapo-gu\연남동\너무이쁜테라피\index.html","신규"
"너무이쁜테라피","서울","서울","마포구","염리동","E:\mong-lounge-site\massage\seoul\mapo-gu\마포구-출장마사지-공덕-연남-합정-오피스-근무와-프리랜서-일정-어깨-허리-피로-방문-홈케어\index.html","E:\mong-lounge-site\shops\seoul\mapo-gu\염리동\너무이쁜테라피\index.html","신규"
"너무이쁜테라피","서울","서울","마포구","용강동","E:\mong-lounge-site\massage\seoul\mapo-gu\마포구-출장마사지-공덕-연남-합정-오피스-근무와-프리랜서-일정-어깨-허리-피로-방문-홈케어\index.html","E:\mong-lounge-site\shops\seoul\mapo-gu\용강동\너무이쁜테라피\index.html","신규"
"너무이쁜테라피","서울","서울","마포구","합정동","E:\mong-lounge-site\massage\seoul\mapo-gu\마포구-출장마사지-공덕-연남-합정-오피스-근무와-프리랜서-일정-어깨-허리-피로-방문-홈케어\index.html","E:\mong-lounge-site\shops\seoul\mapo-gu\합정동\너무이쁜테라피\index.html","신규"
"너무이쁜테라피","서울","서울","서대문구","남가좌동","E:\mong-lounge-site\massage\seoul\seodaemun-gu\서대문구-출장마사지-홍제-북가좌-연희-집안일과-외출이-겹친-하루-어깨-허리-뻐근함-방문-홈케어\index.html","E:\mong-lounge-site\shops\seoul\seodaemun-gu\남가좌동\너무이쁜테라피\index.html","신규"
"너무이쁜테라피","서울","서울","서대문구","북가좌동","E:\mong-lounge-site\massage\seoul\seodaemun-gu\서대문구-출장마사지-홍제-북가좌-연희-집안일과-외출이-겹친-하루-어깨-허리-뻐근함-방문-홈케어\index.html","E:\mong-lounge-site\shops\seoul\seodaemun-gu\북가좌동\너무이쁜테라피\index.html","신규"
"너무이쁜테라피","서울","서울","서대문구","북아현동","E:\mong-lounge-site\massage\seoul\seodaemun-gu\서대문구-출장마사지-홍제-북가좌-연희-집안일과-외출이-겹친-하루-어깨-허리-뻐근함-방문-홈케어\index.html","E:\mong-lounge-site\shops\seoul\seodaemun-gu\북아현동\너무이쁜테라피\index.html","신규"
"너무이쁜테라피","서울","서울","서대문구","신촌동","E:\mong-lounge-site\massage\seoul\seodaemun-gu\서대문구-출장마사지-홍제-북가좌-연희-집안일과-외출이-겹친-하루-어깨-허리-뻐근함-방문-홈케어\index.html","E:\mong-lounge-site\shops\seoul\seodaemun-gu\신촌동\너무이쁜테라피\index.html","신규"
"너무이쁜테라피","서울","서울","서대문구","연희동","E:\mong-lounge-site\massage\seoul\seodaemun-gu\서대문구-출장마사지-홍제-북가좌-연희-집안일과-외출이-겹친-하루-어깨-허리-뻐근함-방문-홈케어\index.html","E:\mong-lounge-site\shops\seoul\seodaemun-gu\연희동\너무이쁜테라피\index.html","신규"
"너무이쁜테라피","서울","서울","서대문구","천연동","E:\mong-lounge-site\massage\seoul\seodaemun-gu\서대문구-출장마사지-홍제-북가좌-연희-집안일과-외출이-겹친-하루-어깨-허리-뻐근함-방문-홈케어\index.html","E:\mong-lounge-site\shops\seoul\seodaemun-gu\천연동\너무이쁜테라피\index.html","신규"
"너무이쁜테라피","서울","서울","서대문구","충현동","E:\mong-lounge-site\massage\seoul\seodaemun-gu\서대문구-출장마사지-홍제-북가좌-연희-집안일과-외출이-겹친-하루-어깨-허리-뻐근함-방문-홈케어\index.html","E:\mong-lounge-site\shops\seoul\seodaemun-gu\충현동\너무이쁜테라피\index.html","신규"
"너무이쁜테라피","서울","서울","서대문구","홍은동","E:\mong-lounge-site\massage\seoul\seodaemun-gu\서대문구-출장마사지-홍제-북가좌-연희-집안일과-외출이-겹친-하루-어깨-허리-뻐근함-방문-홈케어\index.html","E:\mong-lounge-site\shops\seoul\seodaemun-gu\홍은동\너무이쁜테라피\index.html","신규"
"너무이쁜테라피","서울","서울","서대문구","홍제동","E:\mong-lounge-site\massage\seoul\seodaemun-gu\서대문구-출장마사지-홍제-북가좌-연희-집안일과-외출이-겹친-하루-어깨-허리-뻐근함-방문-홈케어\index.html","E:\mong-lounge-site\shops\seoul\seodaemun-gu\홍제동\너무이쁜테라피\index.html","신규"
"너무이쁜테라피","서울","서울","서초구","내곡동","E:\mong-lounge-site\massage\seoul\seocho-gu\서초구-출장마사지-양재-서초-강남대로-야근과-회의가-길어진-날-목-어깨-눈의-피로-방문-홈케어\index.html","E:\mong-lounge-site\shops\seoul\seocho-gu\내곡동\너무이쁜테라피\index.html","신규"
"너무이쁜테라피","서울","서울","서초구","반포동","E:\mong-lounge-site\massage\seoul\seocho-gu\서초구-출장마사지-양재-서초-강남대로-야근과-회의가-길어진-날-목-어깨-눈의-피로-방문-홈케어\index.html","E:\mong-lounge-site\shops\seoul\seocho-gu\반포동\너무이쁜테라피\index.html","신규"
"너무이쁜테라피","서울","서울","서초구","반포본동","E:\mong-lounge-site\massage\seoul\seocho-gu\서초구-출장마사지-양재-서초-강남대로-야근과-회의가-길어진-날-목-어깨-눈의-피로-방문-홈케어\index.html","E:\mong-lounge-site\shops\seoul\seocho-gu\반포본동\너무이쁜테라피\index.html","신규"
"너무이쁜테라피","서울","서울","서초구","방배동","E:\mong-lounge-site\massage\seoul\seocho-gu\서초구-출장마사지-양재-서초-강남대로-야근과-회의가-길어진-날-목-어깨-눈의-피로-방문-홈케어\index.html","E:\mong-lounge-site\shops\seoul\seocho-gu\방배동\너무이쁜테라피\index.html","신규"
"너무이쁜테라피","서울","서울","서초구","방배본동","E:\mong-lounge-site\massage\seoul\seocho-gu\서초구-출장마사지-양재-서초-강남대로-야근과-회의가-길어진-날-목-어깨-눈의-피로-방문-홈케어\index.html","E:\mong-lounge-site\shops\seoul\seocho-gu\방배본동\너무이쁜테라피\index.html","신규"
"너무이쁜테라피","서울","서울","서초구","서초동","E:\mong-lounge-site\massage\seoul\seocho-gu\서초구-출장마사지-양재-서초-강남대로-야근과-회의가-길어진-날-목-어깨-눈의-피로-방문-홈케어\index.html","E:\mong-lounge-site\shops\seoul\seocho-gu\서초동\너무이쁜테라피\index.html","신규"
"너무이쁜테라피","서울","서울","서초구","양재동","E:\mong-lounge-site\massage\seoul\seocho-gu\서초구-출장마사지-양재-서초-강남대로-야근과-회의가-길어진-날-목-어깨-눈의-피로-방문-홈케어\index.html","E:\mong-lounge-site\shops\seoul\seocho-gu\양재동\너무이쁜테라피\index.html","신규"
"너무이쁜테라피","서울","서울","서초구","잠원동","E:\mong-lounge-site\massage\seoul\seocho-gu\서초구-출장마사지-양재-서초-강남대로-야근과-회의가-길어진-날-목-어깨-눈의-피로-방문-홈케어\index.html","E:\mong-lounge-site\shops\seoul\seocho-gu\잠원동\너무이쁜테라피\index.html","신규"
"너무이쁜테라피","서울","서울","성동구","3가동","E:\mong-lounge-site\massage\seoul\seongdong-gu\성동구-출장마사지-왕십리-행당-성수-통근과-약속이-이어진-하루-전신-피로-방문-홈케어\index.html","E:\mong-lounge-site\shops\seoul\seongdong-gu\3가동\너무이쁜테라피\index.html","신규"
"너무이쁜테라피","서울","서울","성동구","금호1가동","E:\mong-lounge-site\massage\seoul\seongdong-gu\성동구-출장마사지-왕십리-행당-성수-통근과-약속이-이어진-하루-전신-피로-방문-홈케어\index.html","E:\mong-lounge-site\shops\seoul\seongdong-gu\금호1가동\너무이쁜테라피\index.html","신규"
"너무이쁜테라피","서울","서울","성동구","금호4가동","E:\mong-lounge-site\massage\seoul\seongdong-gu\성동구-출장마사지-왕십리-행당-성수-통근과-약속이-이어진-하루-전신-피로-방문-홈케어\index.html","E:\mong-lounge-site\shops\seoul\seongdong-gu\금호4가동\너무이쁜테라피\index.html","신규"
"너무이쁜테라피","서울","서울","성동구","마장동","E:\mong-lounge-site\massage\seoul\seongdong-gu\성동구-출장마사지-왕십리-행당-성수-통근과-약속이-이어진-하루-전신-피로-방문-홈케어\index.html","E:\mong-lounge-site\shops\seoul\seongdong-gu\마장동\너무이쁜테라피\index.html","신규"
"너무이쁜테라피","서울","서울","성동구","사근동","E:\mong-lounge-site\massage\seoul\seongdong-gu\성동구-출장마사지-왕십리-행당-성수-통근과-약속이-이어진-하루-전신-피로-방문-홈케어\index.html","E:\mong-lounge-site\shops\seoul\seongdong-gu\사근동\너무이쁜테라피\index.html","신규"
"너무이쁜테라피","서울","서울","성동구","성수1가제1동","E:\mong-lounge-site\massage\seoul\seongdong-gu\성동구-출장마사지-왕십리-행당-성수-통근과-약속이-이어진-하루-전신-피로-방문-홈케어\index.html","E:\mong-lounge-site\shops\seoul\seongdong-gu\성수1가제1동\너무이쁜테라피\index.html","신규"
"너무이쁜테라피","서울","서울","성동구","성수1가제2동","E:\mong-lounge-site\massage\seoul\seongdong-gu\성동구-출장마사지-왕십리-행당-성수-통근과-약속이-이어진-하루-전신-피로-방문-홈케어\index.html","E:\mong-lounge-site\shops\seoul\seongdong-gu\성수1가제2동\너무이쁜테라피\index.html","신규"
"너무이쁜테라피","서울","서울","성동구","성수2가제1동","E:\mong-lounge-site\massage\seoul\seongdong-gu\성동구-출장마사지-왕십리-행당-성수-통근과-약속이-이어진-하루-전신-피로-방문-홈케어\index.html","E:\mong-lounge-site\shops\seoul\seongdong-gu\성수2가제1동\너무이쁜테라피\index.html","신규"
"너무이쁜테라피","서울","서울","성동구","성수2가제3동","E:\mong-lounge-site\massage\seoul\seongdong-gu\성동구-출장마사지-왕십리-행당-성수-통근과-약속이-이어진-하루-전신-피로-방문-홈케어\index.html","E:\mong-lounge-site\shops\seoul\seongdong-gu\성수2가제3동\너무이쁜테라피\index.html","신규"
"너무이쁜테라피","서울","서울","성동구","송정동","E:\mong-lounge-site\massage\seoul\seongdong-gu\성동구-출장마사지-왕십리-행당-성수-통근과-약속이-이어진-하루-전신-피로-방문-홈케어\index.html","E:\mong-lounge-site\shops\seoul\seongdong-gu\송정동\너무이쁜테라피\index.html","신규"
"너무이쁜테라피","서울","서울","성동구","옥수동","E:\mong-lounge-site\massage\seoul\seongdong-gu\성동구-출장마사지-왕십리-행당-성수-통근과-약속이-이어진-하루-전신-피로-방문-홈케어\index.html","E:\mong-lounge-site\shops\seoul\seongdong-gu\옥수동\너무이쁜테라피\index.html","신규"
"너무이쁜테라피","서울","서울","성동구","왕십리도선동","E:\mong-lounge-site\massage\seoul\seongdong-gu\성동구-출장마사지-왕십리-행당-성수-통근과-약속이-이어진-하루-전신-피로-방문-홈케어\index.html","E:\mong-lounge-site\shops\seoul\seongdong-gu\왕십리도선동\너무이쁜테라피\index.html","신규"
"너무이쁜테라피","서울","서울","성동구","왕십리동","E:\mong-lounge-site\massage\seoul\seongdong-gu\성동구-출장마사지-왕십리-행당-성수-통근과-약속이-이어진-하루-전신-피로-방문-홈케어\index.html","E:\mong-lounge-site\shops\seoul\seongdong-gu\왕십리동\너무이쁜테라피\index.html","신규"
"너무이쁜테라피","서울","서울","성동구","용답동","E:\mong-lounge-site\massage\seoul\seongdong-gu\성동구-출장마사지-왕십리-행당-성수-통근과-약속이-이어진-하루-전신-피로-방문-홈케어\index.html","E:\mong-lounge-site\shops\seoul\seongdong-gu\용답동\너무이쁜테라피\index.html","신규"
"너무이쁜테라피","서울","서울","성동구","응봉동","E:\mong-lounge-site\massage\seoul\seongdong-gu\성동구-출장마사지-왕십리-행당-성수-통근과-약속이-이어진-하루-전신-피로-방문-홈케어\index.html","E:\mong-lounge-site\shops\seoul\seongdong-gu\응봉동\너무이쁜테라피\index.html","신규"
"너무이쁜테라피","서울","서울","성동구","행당동","E:\mong-lounge-site\massage\seoul\seongdong-gu\성동구-출장마사지-왕십리-행당-성수-통근과-약속이-이어진-하루-전신-피로-방문-홈케어\index.html","E:\mong-lounge-site\shops\seoul\seongdong-gu\행당동\너무이쁜테라피\index.html","신규"
"너무이쁜테라피","서울","서울","성북구","길음동","E:\mong-lounge-site\massage\seoul\seongbuk-gu\성북구-출장마사지-정릉-돈암-길음-집안일과-일상-활동이-길어진-날-어깨-목의-뻐근함-방문-홈케어\index.html","E:\mong-lounge-site\shops\seoul\seongbuk-gu\길음동\너무이쁜테라피\index.html","신규"
"너무이쁜테라피","서울","서울","성북구","돈암동","E:\mong-lounge-site\massage\seoul\seongbuk-gu\성북구-출장마사지-정릉-돈암-길음-집안일과-일상-활동이-길어진-날-어깨-목의-뻐근함-방문-홈케어\index.html","E:\mong-lounge-site\shops\seoul\seongbuk-gu\돈암동\너무이쁜테라피\index.html","신규"
"너무이쁜테라피","서울","서울","성북구","동선동","E:\mong-lounge-site\massage\seoul\seongbuk-gu\성북구-출장마사지-정릉-돈암-길음-집안일과-일상-활동이-길어진-날-어깨-목의-뻐근함-방문-홈케어\index.html","E:\mong-lounge-site\shops\seoul\seongbuk-gu\동선동\너무이쁜테라피\index.html","신규"
"너무이쁜테라피","서울","서울","성북구","보문동","E:\mong-lounge-site\massage\seoul\seongbuk-gu\성북구-출장마사지-정릉-돈암-길음-집안일과-일상-활동이-길어진-날-어깨-목의-뻐근함-방문-홈케어\index.html","E:\mong-lounge-site\shops\seoul\seongbuk-gu\보문동\너무이쁜테라피\index.html","신규"
"너무이쁜테라피","서울","서울","성북구","삼선동","E:\mong-lounge-site\massage\seoul\seongbuk-gu\성북구-출장마사지-정릉-돈암-길음-집안일과-일상-활동이-길어진-날-어깨-목의-뻐근함-방문-홈케어\index.html","E:\mong-lounge-site\shops\seoul\seongbuk-gu\삼선동\너무이쁜테라피\index.html","신규"
"너무이쁜테라피","서울","서울","성북구","석관동","E:\mong-lounge-site\massage\seoul\seongbuk-gu\성북구-출장마사지-정릉-돈암-길음-집안일과-일상-활동이-길어진-날-어깨-목의-뻐근함-방문-홈케어\index.html","E:\mong-lounge-site\shops\seoul\seongbuk-gu\석관동\너무이쁜테라피\index.html","신규"
"너무이쁜테라피","서울","서울","성북구","성북동","E:\mong-lounge-site\massage\seoul\seongbuk-gu\성북구-출장마사지-정릉-돈암-길음-집안일과-일상-활동이-길어진-날-어깨-목의-뻐근함-방문-홈케어\index.html","E:\mong-lounge-site\shops\seoul\seongbuk-gu\성북동\너무이쁜테라피\index.html","신규"
"너무이쁜테라피","서울","서울","성북구","안암동","E:\mong-lounge-site\massage\seoul\seongbuk-gu\성북구-출장마사지-정릉-돈암-길음-집안일과-일상-활동이-길어진-날-어깨-목의-뻐근함-방문-홈케어\index.html","E:\mong-lounge-site\shops\seoul\seongbuk-gu\안암동\너무이쁜테라피\index.html","신규"
"너무이쁜테라피","서울","서울","성북구","월곡동","E:\mong-lounge-site\massage\seoul\seongbuk-gu\성북구-출장마사지-정릉-돈암-길음-집안일과-일상-활동이-길어진-날-어깨-목의-뻐근함-방문-홈케어\index.html","E:\mong-lounge-site\shops\seoul\seongbuk-gu\월곡동\너무이쁜테라피\index.html","신규"
"너무이쁜테라피","서울","서울","성북구","장위동","E:\mong-lounge-site\massage\seoul\seongbuk-gu\성북구-출장마사지-정릉-돈암-길음-집안일과-일상-활동이-길어진-날-어깨-목의-뻐근함-방문-홈케어\index.html","E:\mong-lounge-site\shops\seoul\seongbuk-gu\장위동\너무이쁜테라피\index.html","신규"
"너무이쁜테라피","서울","서울","성북구","정릉동","E:\mong-lounge-site\massage\seoul\seongbuk-gu\성북구-출장마사지-정릉-돈암-길음-집안일과-일상-활동이-길어진-날-어깨-목의-뻐근함-방문-홈케어\index.html","E:\mong-lounge-site\shops\seoul\seongbuk-gu\정릉동\너무이쁜테라피\index.html","신규"
"너무이쁜테라피","서울","서울","성북구","종암동","E:\mong-lounge-site\massage\seoul\seongbuk-gu\성북구-출장마사지-정릉-돈암-길음-집안일과-일상-활동이-길어진-날-어깨-목의-뻐근함-방문-홈케어\index.html","E:\mong-lounge-site\shops\seoul\seongbuk-gu\종암동\너무이쁜테라피\index.html","신규"
"너무이쁜테라피","서울","서울","송파구","가락동","E:\mong-lounge-site\massage\seoul\songpa-gu\송파구-출장마사지-문정-법조타운-잠실-야근과-장시간-화면-업무-어깨-목-눈의-피로-방문-홈케어\index.html","E:\mong-lounge-site\shops\seoul\songpa-gu\가락동\너무이쁜테라피\index.html","신규"
"너무이쁜테라피","서울","서울","송파구","가락본동","E:\mong-lounge-site\massage\seoul\songpa-gu\송파구-출장마사지-문정-법조타운-잠실-야근과-장시간-화면-업무-어깨-목-눈의-피로-방문-홈케어\index.html","E:\mong-lounge-site\shops\seoul\songpa-gu\가락본동\너무이쁜테라피\index.html","신규"
"너무이쁜테라피","서울","서울","송파구","거여동","E:\mong-lounge-site\massage\seoul\songpa-gu\송파구-출장마사지-문정-법조타운-잠실-야근과-장시간-화면-업무-어깨-목-눈의-피로-방문-홈케어\index.html","E:\mong-lounge-site\shops\seoul\songpa-gu\거여동\너무이쁜테라피\index.html","신규"
"너무이쁜테라피","서울","서울","송파구","마천동","E:\mong-lounge-site\massage\seoul\songpa-gu\송파구-출장마사지-문정-법조타운-잠실-야근과-장시간-화면-업무-어깨-목-눈의-피로-방문-홈케어\index.html","E:\mong-lounge-site\shops\seoul\songpa-gu\마천동\너무이쁜테라피\index.html","신규"
"너무이쁜테라피","서울","서울","송파구","문정동","E:\mong-lounge-site\massage\seoul\songpa-gu\송파구-출장마사지-문정-법조타운-잠실-야근과-장시간-화면-업무-어깨-목-눈의-피로-방문-홈케어\index.html","E:\mong-lounge-site\shops\seoul\songpa-gu\문정동\너무이쁜테라피\index.html","신규"
"너무이쁜테라피","서울","서울","송파구","방이동","E:\mong-lounge-site\massage\seoul\songpa-gu\송파구-출장마사지-문정-법조타운-잠실-야근과-장시간-화면-업무-어깨-목-눈의-피로-방문-홈케어\index.html","E:\mong-lounge-site\shops\seoul\songpa-gu\방이동\너무이쁜테라피\index.html","신규"
"너무이쁜테라피","서울","서울","송파구","삼전동","E:\mong-lounge-site\massage\seoul\songpa-gu\송파구-출장마사지-문정-법조타운-잠실-야근과-장시간-화면-업무-어깨-목-눈의-피로-방문-홈케어\index.html","E:\mong-lounge-site\shops\seoul\songpa-gu\삼전동\너무이쁜테라피\index.html","신규"
"너무이쁜테라피","서울","서울","송파구","석촌동","E:\mong-lounge-site\massage\seoul\songpa-gu\송파구-출장마사지-문정-법조타운-잠실-야근과-장시간-화면-업무-어깨-목-눈의-피로-방문-홈케어\index.html","E:\mong-lounge-site\shops\seoul\songpa-gu\석촌동\너무이쁜테라피\index.html","신규"
"너무이쁜테라피","서울","서울","송파구","송파동","E:\mong-lounge-site\massage\seoul\songpa-gu\송파구-출장마사지-문정-법조타운-잠실-야근과-장시간-화면-업무-어깨-목-눈의-피로-방문-홈케어\index.html","E:\mong-lounge-site\shops\seoul\songpa-gu\송파동\너무이쁜테라피\index.html","신규"
"너무이쁜테라피","서울","서울","송파구","오금동","E:\mong-lounge-site\massage\seoul\songpa-gu\송파구-출장마사지-문정-법조타운-잠실-야근과-장시간-화면-업무-어깨-목-눈의-피로-방문-홈케어\index.html","E:\mong-lounge-site\shops\seoul\songpa-gu\오금동\너무이쁜테라피\index.html","신규"
"너무이쁜테라피","서울","서울","송파구","오륜동","E:\mong-lounge-site\massage\seoul\songpa-gu\송파구-출장마사지-문정-법조타운-잠실-야근과-장시간-화면-업무-어깨-목-눈의-피로-방문-홈케어\index.html","E:\mong-lounge-site\shops\seoul\songpa-gu\오륜동\너무이쁜테라피\index.html","신규"
"너무이쁜테라피","서울","서울","송파구","위례동","E:\mong-lounge-site\massage\seoul\songpa-gu\송파구-출장마사지-문정-법조타운-잠실-야근과-장시간-화면-업무-어깨-목-눈의-피로-방문-홈케어\index.html","E:\mong-lounge-site\shops\seoul\songpa-gu\위례동\너무이쁜테라피\index.html","신규"
"너무이쁜테라피","서울","서울","송파구","잠실동","E:\mong-lounge-site\massage\seoul\songpa-gu\송파구-출장마사지-문정-법조타운-잠실-야근과-장시간-화면-업무-어깨-목-눈의-피로-방문-홈케어\index.html","E:\mong-lounge-site\shops\seoul\songpa-gu\잠실동\너무이쁜테라피\index.html","신규"
"너무이쁜테라피","서울","서울","송파구","잠실본동","E:\mong-lounge-site\massage\seoul\songpa-gu\송파구-출장마사지-문정-법조타운-잠실-야근과-장시간-화면-업무-어깨-목-눈의-피로-방문-홈케어\index.html","E:\mong-lounge-site\shops\seoul\songpa-gu\잠실본동\너무이쁜테라피\index.html","신규"
"너무이쁜테라피","서울","서울","송파구","장지동","E:\mong-lounge-site\massage\seoul\songpa-gu\송파구-출장마사지-문정-법조타운-잠실-야근과-장시간-화면-업무-어깨-목-눈의-피로-방문-홈케어\index.html","E:\mong-lounge-site\shops\seoul\songpa-gu\장지동\너무이쁜테라피\index.html","신규"
"너무이쁜테라피","서울","서울","송파구","풍납동","E:\mong-lounge-site\massage\seoul\songpa-gu\송파구-출장마사지-문정-법조타운-잠실-야근과-장시간-화면-업무-어깨-목-눈의-피로-방문-홈케어\index.html","E:\mong-lounge-site\shops\seoul\songpa-gu\풍납동\너무이쁜테라피\index.html","신규"
"너무이쁜테라피","서울","서울","양천구","목동","E:\mong-lounge-site\massage\seoul\yangcheon-gu\양천구-출장마사지-신정-신월-목동-강의와-장시간-발성이-이어진-날-목-어깨의-뻐근함-방문-홈케어\index.html","E:\mong-lounge-site\shops\seoul\yangcheon-gu\목동\너무이쁜테라피\index.html","신규"
"너무이쁜테라피","서울","서울","양천구","신월동","E:\mong-lounge-site\massage\seoul\yangcheon-gu\양천구-출장마사지-신정-신월-목동-강의와-장시간-발성이-이어진-날-목-어깨의-뻐근함-방문-홈케어\index.html","E:\mong-lounge-site\shops\seoul\yangcheon-gu\신월동\너무이쁜테라피\index.html","신규"
"너무이쁜테라피","서울","서울","양천구","신정동","E:\mong-lounge-site\massage\seoul\yangcheon-gu\양천구-출장마사지-신정-신월-목동-강의와-장시간-발성이-이어진-날-목-어깨의-뻐근함-방문-홈케어\index.html","E:\mong-lounge-site\shops\seoul\yangcheon-gu\신정동\너무이쁜테라피\index.html","신규"
"너무이쁜테라피","서울","서울","영등포구","당산동","E:\mong-lounge-site\massage\seoul\yeongdeungpo-gu\영등포구-출장마사지-문래-영등포-여의도-판매-제조-오피스-일정이-겹친-날-다리-손목-피로-방문-홈케어\index.html","E:\mong-lounge-site\shops\seoul\yeongdeungpo-gu\당산동\너무이쁜테라피\index.html","신규"
"너무이쁜테라피","서울","서울","영등포구","대림동","E:\mong-lounge-site\massage\seoul\yeongdeungpo-gu\영등포구-출장마사지-문래-영등포-여의도-판매-제조-오피스-일정이-겹친-날-다리-손목-피로-방문-홈케어\index.html","E:\mong-lounge-site\shops\seoul\yeongdeungpo-gu\대림동\너무이쁜테라피\index.html","신규"
"너무이쁜테라피","서울","서울","영등포구","도림동","E:\mong-lounge-site\massage\seoul\yeongdeungpo-gu\영등포구-출장마사지-문래-영등포-여의도-판매-제조-오피스-일정이-겹친-날-다리-손목-피로-방문-홈케어\index.html","E:\mong-lounge-site\shops\seoul\yeongdeungpo-gu\도림동\너무이쁜테라피\index.html","신규"
"너무이쁜테라피","서울","서울","영등포구","문래동","E:\mong-lounge-site\massage\seoul\yeongdeungpo-gu\영등포구-출장마사지-문래-영등포-여의도-판매-제조-오피스-일정이-겹친-날-다리-손목-피로-방문-홈케어\index.html","E:\mong-lounge-site\shops\seoul\yeongdeungpo-gu\문래동\너무이쁜테라피\index.html","신규"
"너무이쁜테라피","서울","서울","영등포구","신길동","E:\mong-lounge-site\massage\seoul\yeongdeungpo-gu\영등포구-출장마사지-문래-영등포-여의도-판매-제조-오피스-일정이-겹친-날-다리-손목-피로-방문-홈케어\index.html","E:\mong-lounge-site\shops\seoul\yeongdeungpo-gu\신길동\너무이쁜테라피\index.html","신규"
"너무이쁜테라피","서울","서울","영등포구","양평동","E:\mong-lounge-site\massage\seoul\yeongdeungpo-gu\영등포구-출장마사지-문래-영등포-여의도-판매-제조-오피스-일정이-겹친-날-다리-손목-피로-방문-홈케어\index.html","E:\mong-lounge-site\shops\seoul\yeongdeungpo-gu\양평동\너무이쁜테라피\index.html","신규"
"너무이쁜테라피","서울","서울","영등포구","여의동","E:\mong-lounge-site\massage\seoul\yeongdeungpo-gu\영등포구-출장마사지-문래-영등포-여의도-판매-제조-오피스-일정이-겹친-날-다리-손목-피로-방문-홈케어\index.html","E:\mong-lounge-site\shops\seoul\yeongdeungpo-gu\여의동\너무이쁜테라피\index.html","신규"
"너무이쁜테라피","서울","서울","영등포구","영등포동","E:\mong-lounge-site\massage\seoul\yeongdeungpo-gu\영등포구-출장마사지-문래-영등포-여의도-판매-제조-오피스-일정이-겹친-날-다리-손목-피로-방문-홈케어\index.html","E:\mong-lounge-site\shops\seoul\yeongdeungpo-gu\영등포동\너무이쁜테라피\index.html","신규"
"너무이쁜테라피","서울","서울","영등포구","영등포본동","E:\mong-lounge-site\massage\seoul\yeongdeungpo-gu\영등포구-출장마사지-문래-영등포-여의도-판매-제조-오피스-일정이-겹친-날-다리-손목-피로-방문-홈케어\index.html","E:\mong-lounge-site\shops\seoul\yeongdeungpo-gu\영등포본동\너무이쁜테라피\index.html","신규"
"너무이쁜테라피","서울","서울","용산구","남영동","E:\mong-lounge-site\massage\seoul\yongsan-gu\용산구-출장마사지-이촌-한강로-신용산-주거와-오피스를-오가는-긴-하루-어깨-허리-뻐근함-방문-홈케어\index.html","E:\mong-lounge-site\shops\seoul\yongsan-gu\남영동\너무이쁜테라피\index.html","신규"
"너무이쁜테라피","서울","서울","용산구","보광동","E:\mong-lounge-site\massage\seoul\yongsan-gu\용산구-출장마사지-이촌-한강로-신용산-주거와-오피스를-오가는-긴-하루-어깨-허리-뻐근함-방문-홈케어\index.html","E:\mong-lounge-site\shops\seoul\yongsan-gu\보광동\너무이쁜테라피\index.html","신규"
"너무이쁜테라피","서울","서울","용산구","서빙고동","E:\mong-lounge-site\massage\seoul\yongsan-gu\용산구-출장마사지-이촌-한강로-신용산-주거와-오피스를-오가는-긴-하루-어깨-허리-뻐근함-방문-홈케어\index.html","E:\mong-lounge-site\shops\seoul\yongsan-gu\서빙고동\너무이쁜테라피\index.html","신규"
"너무이쁜테라피","서울","서울","용산구","용문동","E:\mong-lounge-site\massage\seoul\yongsan-gu\용산구-출장마사지-이촌-한강로-신용산-주거와-오피스를-오가는-긴-하루-어깨-허리-뻐근함-방문-홈케어\index.html","E:\mong-lounge-site\shops\seoul\yongsan-gu\용문동\너무이쁜테라피\index.html","신규"
"너무이쁜테라피","서울","서울","용산구","용산2가동","E:\mong-lounge-site\massage\seoul\yongsan-gu\용산구-출장마사지-이촌-한강로-신용산-주거와-오피스를-오가는-긴-하루-어깨-허리-뻐근함-방문-홈케어\index.html","E:\mong-lounge-site\shops\seoul\yongsan-gu\용산2가동\너무이쁜테라피\index.html","신규"
"너무이쁜테라피","서울","서울","용산구","원효로동","E:\mong-lounge-site\massage\seoul\yongsan-gu\용산구-출장마사지-이촌-한강로-신용산-주거와-오피스를-오가는-긴-하루-어깨-허리-뻐근함-방문-홈케어\index.html","E:\mong-lounge-site\shops\seoul\yongsan-gu\원효로동\너무이쁜테라피\index.html","신규"
"너무이쁜테라피","서울","서울","용산구","이촌동","E:\mong-lounge-site\massage\seoul\yongsan-gu\용산구-출장마사지-이촌-한강로-신용산-주거와-오피스를-오가는-긴-하루-어깨-허리-뻐근함-방문-홈케어\index.html","E:\mong-lounge-site\shops\seoul\yongsan-gu\이촌동\너무이쁜테라피\index.html","신규"
"너무이쁜테라피","서울","서울","용산구","이태원동","E:\mong-lounge-site\massage\seoul\yongsan-gu\용산구-출장마사지-이촌-한강로-신용산-주거와-오피스를-오가는-긴-하루-어깨-허리-뻐근함-방문-홈케어\index.html","E:\mong-lounge-site\shops\seoul\yongsan-gu\이태원동\너무이쁜테라피\index.html","신규"
"너무이쁜테라피","서울","서울","용산구","청파동","E:\mong-lounge-site\massage\seoul\yongsan-gu\용산구-출장마사지-이촌-한강로-신용산-주거와-오피스를-오가는-긴-하루-어깨-허리-뻐근함-방문-홈케어\index.html","E:\mong-lounge-site\shops\seoul\yongsan-gu\청파동\너무이쁜테라피\index.html","신규"
"너무이쁜테라피","서울","서울","용산구","한강로동","E:\mong-lounge-site\massage\seoul\yongsan-gu\용산구-출장마사지-이촌-한강로-신용산-주거와-오피스를-오가는-긴-하루-어깨-허리-뻐근함-방문-홈케어\index.html","E:\mong-lounge-site\shops\seoul\yongsan-gu\한강로동\너무이쁜테라피\index.html","신규"
"너무이쁜테라피","서울","서울","용산구","한남동","E:\mong-lounge-site\massage\seoul\yongsan-gu\용산구-출장마사지-이촌-한강로-신용산-주거와-오피스를-오가는-긴-하루-어깨-허리-뻐근함-방문-홈케어\index.html","E:\mong-lounge-site\shops\seoul\yongsan-gu\한남동\너무이쁜테라피\index.html","신규"
"너무이쁜테라피","서울","서울","용산구","효창동","E:\mong-lounge-site\massage\seoul\yongsan-gu\용산구-출장마사지-이촌-한강로-신용산-주거와-오피스를-오가는-긴-하루-어깨-허리-뻐근함-방문-홈케어\index.html","E:\mong-lounge-site\shops\seoul\yongsan-gu\효창동\너무이쁜테라피\index.html","신규"
"너무이쁜테라피","서울","서울","용산구","후암동","E:\mong-lounge-site\massage\seoul\yongsan-gu\용산구-출장마사지-이촌-한강로-신용산-주거와-오피스를-오가는-긴-하루-어깨-허리-뻐근함-방문-홈케어\index.html","E:\mong-lounge-site\shops\seoul\yongsan-gu\후암동\너무이쁜테라피\index.html","신규"
"너무이쁜테라피","서울","서울","은평구","갈현동","E:\mong-lounge-site\massage\seoul\eunpyeong-gu\은평구-출장마사지-응암-역촌-불광-생활-이동과-장보기-일정-허리-어깨-피로-방문-홈케어\index.html","E:\mong-lounge-site\shops\seoul\eunpyeong-gu\갈현동\너무이쁜테라피\index.html","신규"
"너무이쁜테라피","서울","서울","은평구","구산동","E:\mong-lounge-site\massage\seoul\eunpyeong-gu\은평구-출장마사지-응암-역촌-불광-생활-이동과-장보기-일정-허리-어깨-피로-방문-홈케어\index.html","E:\mong-lounge-site\shops\seoul\eunpyeong-gu\구산동\너무이쁜테라피\index.html","신규"
"너무이쁜테라피","서울","서울","은평구","녹번동","E:\mong-lounge-site\massage\seoul\eunpyeong-gu\은평구-출장마사지-응암-역촌-불광-생활-이동과-장보기-일정-허리-어깨-피로-방문-홈케어\index.html","E:\mong-lounge-site\shops\seoul\eunpyeong-gu\녹번동\너무이쁜테라피\index.html","신규"
"너무이쁜테라피","서울","서울","은평구","대조동","E:\mong-lounge-site\massage\seoul\eunpyeong-gu\은평구-출장마사지-응암-역촌-불광-생활-이동과-장보기-일정-허리-어깨-피로-방문-홈케어\index.html","E:\mong-lounge-site\shops\seoul\eunpyeong-gu\대조동\너무이쁜테라피\index.html","신규"
"너무이쁜테라피","서울","서울","은평구","불광동","E:\mong-lounge-site\massage\seoul\eunpyeong-gu\은평구-출장마사지-응암-역촌-불광-생활-이동과-장보기-일정-허리-어깨-피로-방문-홈케어\index.html","E:\mong-lounge-site\shops\seoul\eunpyeong-gu\불광동\너무이쁜테라피\index.html","신규"
"너무이쁜테라피","서울","서울","은평구","수색동","E:\mong-lounge-site\massage\seoul\eunpyeong-gu\은평구-출장마사지-응암-역촌-불광-생활-이동과-장보기-일정-허리-어깨-피로-방문-홈케어\index.html","E:\mong-lounge-site\shops\seoul\eunpyeong-gu\수색동\너무이쁜테라피\index.html","신규"
"너무이쁜테라피","서울","서울","은평구","신사동","E:\mong-lounge-site\massage\seoul\eunpyeong-gu\은평구-출장마사지-응암-역촌-불광-생활-이동과-장보기-일정-허리-어깨-피로-방문-홈케어\index.html","E:\mong-lounge-site\shops\seoul\eunpyeong-gu\신사동\너무이쁜테라피\index.html","신규"
"너무이쁜테라피","서울","서울","은평구","역촌동","E:\mong-lounge-site\massage\seoul\eunpyeong-gu\은평구-출장마사지-응암-역촌-불광-생활-이동과-장보기-일정-허리-어깨-피로-방문-홈케어\index.html","E:\mong-lounge-site\shops\seoul\eunpyeong-gu\역촌동\너무이쁜테라피\index.html","신규"
"너무이쁜테라피","서울","서울","은평구","응암동","E:\mong-lounge-site\massage\seoul\eunpyeong-gu\은평구-출장마사지-응암-역촌-불광-생활-이동과-장보기-일정-허리-어깨-피로-방문-홈케어\index.html","E:\mong-lounge-site\shops\seoul\eunpyeong-gu\응암동\너무이쁜테라피\index.html","신규"
"너무이쁜테라피","서울","서울","은평구","증산동","E:\mong-lounge-site\massage\seoul\eunpyeong-gu\은평구-출장마사지-응암-역촌-불광-생활-이동과-장보기-일정-허리-어깨-피로-방문-홈케어\index.html","E:\mong-lounge-site\shops\seoul\eunpyeong-gu\증산동\너무이쁜테라피\index.html","신규"
"너무이쁜테라피","서울","서울","은평구","진관동","E:\mong-lounge-site\massage\seoul\eunpyeong-gu\은평구-출장마사지-응암-역촌-불광-생활-이동과-장보기-일정-허리-어깨-피로-방문-홈케어\index.html","E:\mong-lounge-site\shops\seoul\eunpyeong-gu\진관동\너무이쁜테라피\index.html","신규"
"너무이쁜테라피","서울","서울","종로구","4가동","E:\mong-lounge-site\massage\seoul\jongno-gu\종로구-출장마사지-혜화-대학로-종로5가-공연-관람-뒤-오래-걷는-일정-다리-발의-무거움-방문-홈케어\index.html","E:\mong-lounge-site\shops\seoul\jongno-gu\4가동\너무이쁜테라피\index.html","신규"
"너무이쁜테라피","서울","서울","종로구","6가동","E:\mong-lounge-site\massage\seoul\jongno-gu\종로구-출장마사지-혜화-대학로-종로5가-공연-관람-뒤-오래-걷는-일정-다리-발의-무거움-방문-홈케어\index.html","E:\mong-lounge-site\shops\seoul\jongno-gu\6가동\너무이쁜테라피\index.html","신규"
"너무이쁜테라피","서울","서울","종로구","가회동","E:\mong-lounge-site\massage\seoul\jongno-gu\종로구-출장마사지-혜화-대학로-종로5가-공연-관람-뒤-오래-걷는-일정-다리-발의-무거움-방문-홈케어\index.html","E:\mong-lounge-site\shops\seoul\jongno-gu\가회동\너무이쁜테라피\index.html","신규"
"너무이쁜테라피","서울","서울","종로구","교남동","E:\mong-lounge-site\massage\seoul\jongno-gu\종로구-출장마사지-혜화-대학로-종로5가-공연-관람-뒤-오래-걷는-일정-다리-발의-무거움-방문-홈케어\index.html","E:\mong-lounge-site\shops\seoul\jongno-gu\교남동\너무이쁜테라피\index.html","신규"
"너무이쁜테라피","서울","서울","종로구","무악동","E:\mong-lounge-site\massage\seoul\jongno-gu\종로구-출장마사지-혜화-대학로-종로5가-공연-관람-뒤-오래-걷는-일정-다리-발의-무거움-방문-홈케어\index.html","E:\mong-lounge-site\shops\seoul\jongno-gu\무악동\너무이쁜테라피\index.html","신규"
"너무이쁜테라피","서울","서울","종로구","부암동","E:\mong-lounge-site\massage\seoul\jongno-gu\종로구-출장마사지-혜화-대학로-종로5가-공연-관람-뒤-오래-걷는-일정-다리-발의-무거움-방문-홈케어\index.html","E:\mong-lounge-site\shops\seoul\jongno-gu\부암동\너무이쁜테라피\index.html","신규"
"너무이쁜테라피","서울","서울","종로구","사직동","E:\mong-lounge-site\massage\seoul\jongno-gu\종로구-출장마사지-혜화-대학로-종로5가-공연-관람-뒤-오래-걷는-일정-다리-발의-무거움-방문-홈케어\index.html","E:\mong-lounge-site\shops\seoul\jongno-gu\사직동\너무이쁜테라피\index.html","신규"
"너무이쁜테라피","서울","서울","종로구","삼청동","E:\mong-lounge-site\massage\seoul\jongno-gu\종로구-출장마사지-혜화-대학로-종로5가-공연-관람-뒤-오래-걷는-일정-다리-발의-무거움-방문-홈케어\index.html","E:\mong-lounge-site\shops\seoul\jongno-gu\삼청동\너무이쁜테라피\index.html","신규"
"너무이쁜테라피","서울","서울","종로구","숭인동","E:\mong-lounge-site\massage\seoul\jongno-gu\종로구-출장마사지-혜화-대학로-종로5가-공연-관람-뒤-오래-걷는-일정-다리-발의-무거움-방문-홈케어\index.html","E:\mong-lounge-site\shops\seoul\jongno-gu\숭인동\너무이쁜테라피\index.html","신규"
"너무이쁜테라피","서울","서울","종로구","이화동","E:\mong-lounge-site\massage\seoul\jongno-gu\종로구-출장마사지-혜화-대학로-종로5가-공연-관람-뒤-오래-걷는-일정-다리-발의-무거움-방문-홈케어\index.html","E:\mong-lounge-site\shops\seoul\jongno-gu\이화동\너무이쁜테라피\index.html","신규"
"너무이쁜테라피","서울","서울","종로구","창신동","E:\mong-lounge-site\massage\seoul\jongno-gu\종로구-출장마사지-혜화-대학로-종로5가-공연-관람-뒤-오래-걷는-일정-다리-발의-무거움-방문-홈케어\index.html","E:\mong-lounge-site\shops\seoul\jongno-gu\창신동\너무이쁜테라피\index.html","신규"
"너무이쁜테라피","서울","서울","종로구","청운효자동","E:\mong-lounge-site\massage\seoul\jongno-gu\종로구-출장마사지-혜화-대학로-종로5가-공연-관람-뒤-오래-걷는-일정-다리-발의-무거움-방문-홈케어\index.html","E:\mong-lounge-site\shops\seoul\jongno-gu\청운효자동\너무이쁜테라피\index.html","신규"
"너무이쁜테라피","서울","서울","종로구","평창동","E:\mong-lounge-site\massage\seoul\jongno-gu\종로구-출장마사지-혜화-대학로-종로5가-공연-관람-뒤-오래-걷는-일정-다리-발의-무거움-방문-홈케어\index.html","E:\mong-lounge-site\shops\seoul\jongno-gu\평창동\너무이쁜테라피\index.html","신규"
"너무이쁜테라피","서울","서울","종로구","혜화동","E:\mong-lounge-site\massage\seoul\jongno-gu\종로구-출장마사지-혜화-대학로-종로5가-공연-관람-뒤-오래-걷는-일정-다리-발의-무거움-방문-홈케어\index.html","E:\mong-lounge-site\shops\seoul\jongno-gu\혜화동\너무이쁜테라피\index.html","신규"
"너무이쁜테라피","서울","서울","중구","광희동","E:\mong-lounge-site\massage\seoul\jung-gu\중구-출장마사지-신당-동대문시장-을지로-야간-영업과-장시간-서-있는-일정-다리-허리-피로-방문-홈케어\index.html","E:\mong-lounge-site\shops\seoul\jung-gu\광희동\너무이쁜테라피\index.html","신규"
"너무이쁜테라피","서울","서울","중구","다산동","E:\mong-lounge-site\massage\seoul\jung-gu\중구-출장마사지-신당-동대문시장-을지로-야간-영업과-장시간-서-있는-일정-다리-허리-피로-방문-홈케어\index.html","E:\mong-lounge-site\shops\seoul\jung-gu\다산동\너무이쁜테라피\index.html","신규"
"너무이쁜테라피","서울","서울","중구","동화동","E:\mong-lounge-site\massage\seoul\jung-gu\중구-출장마사지-신당-동대문시장-을지로-야간-영업과-장시간-서-있는-일정-다리-허리-피로-방문-홈케어\index.html","E:\mong-lounge-site\shops\seoul\jung-gu\동화동\너무이쁜테라피\index.html","신규"
"너무이쁜테라피","서울","서울","중구","명동","E:\mong-lounge-site\massage\seoul\jung-gu\중구-출장마사지-신당-동대문시장-을지로-야간-영업과-장시간-서-있는-일정-다리-허리-피로-방문-홈케어\index.html","E:\mong-lounge-site\shops\seoul\jung-gu\명동\너무이쁜테라피\index.html","신규"
"너무이쁜테라피","서울","서울","중구","소공동","E:\mong-lounge-site\massage\seoul\jung-gu\중구-출장마사지-신당-동대문시장-을지로-야간-영업과-장시간-서-있는-일정-다리-허리-피로-방문-홈케어\index.html","E:\mong-lounge-site\shops\seoul\jung-gu\소공동\너무이쁜테라피\index.html","신규"
"너무이쁜테라피","서울","서울","중구","신당동","E:\mong-lounge-site\massage\seoul\jung-gu\중구-출장마사지-신당-동대문시장-을지로-야간-영업과-장시간-서-있는-일정-다리-허리-피로-방문-홈케어\index.html","E:\mong-lounge-site\shops\seoul\jung-gu\신당동\너무이쁜테라피\index.html","신규"
"너무이쁜테라피","서울","서울","중구","약수동","E:\mong-lounge-site\massage\seoul\jung-gu\중구-출장마사지-신당-동대문시장-을지로-야간-영업과-장시간-서-있는-일정-다리-허리-피로-방문-홈케어\index.html","E:\mong-lounge-site\shops\seoul\jung-gu\약수동\너무이쁜테라피\index.html","신규"
"너무이쁜테라피","서울","서울","중구","을지로동","E:\mong-lounge-site\massage\seoul\jung-gu\중구-출장마사지-신당-동대문시장-을지로-야간-영업과-장시간-서-있는-일정-다리-허리-피로-방문-홈케어\index.html","E:\mong-lounge-site\shops\seoul\jung-gu\을지로동\너무이쁜테라피\index.html","신규"
"너무이쁜테라피","서울","서울","중구","장충동","E:\mong-lounge-site\massage\seoul\jung-gu\중구-출장마사지-신당-동대문시장-을지로-야간-영업과-장시간-서-있는-일정-다리-허리-피로-방문-홈케어\index.html","E:\mong-lounge-site\shops\seoul\jung-gu\장충동\너무이쁜테라피\index.html","신규"
"너무이쁜테라피","서울","서울","중구","중림동","E:\mong-lounge-site\massage\seoul\jung-gu\중구-출장마사지-신당-동대문시장-을지로-야간-영업과-장시간-서-있는-일정-다리-허리-피로-방문-홈케어\index.html","E:\mong-lounge-site\shops\seoul\jung-gu\중림동\너무이쁜테라피\index.html","신규"
"너무이쁜테라피","서울","서울","중구","청구동","E:\mong-lounge-site\massage\seoul\jung-gu\중구-출장마사지-신당-동대문시장-을지로-야간-영업과-장시간-서-있는-일정-다리-허리-피로-방문-홈케어\index.html","E:\mong-lounge-site\shops\seoul\jung-gu\청구동\너무이쁜테라피\index.html","신규"
"너무이쁜테라피","서울","서울","중구","필동","E:\mong-lounge-site\massage\seoul\jung-gu\중구-출장마사지-신당-동대문시장-을지로-야간-영업과-장시간-서-있는-일정-다리-허리-피로-방문-홈케어\index.html","E:\mong-lounge-site\shops\seoul\jung-gu\필동\너무이쁜테라피\index.html","신규"
"너무이쁜테라피","서울","서울","중구","황학동","E:\mong-lounge-site\massage\seoul\jung-gu\중구-출장마사지-신당-동대문시장-을지로-야간-영업과-장시간-서-있는-일정-다리-허리-피로-방문-홈케어\index.html","E:\mong-lounge-site\shops\seoul\jung-gu\황학동\너무이쁜테라피\index.html","신규"
"너무이쁜테라피","서울","서울","중구","회현동","E:\mong-lounge-site\massage\seoul\jung-gu\중구-출장마사지-신당-동대문시장-을지로-야간-영업과-장시간-서-있는-일정-다리-허리-피로-방문-홈케어\index.html","E:\mong-lounge-site\shops\seoul\jung-gu\회현동\너무이쁜테라피\index.html","신규"
"너무이쁜테라피","서울","서울","중랑구","8동","E:\mong-lounge-site\massage\seoul\jungnang-gu\중랑구-출장마사지-사가정-중화-면목-매장-운영과-반복적인-손-사용-손목-허리-피로-방문-홈케어\index.html","E:\mong-lounge-site\shops\seoul\jungnang-gu\8동\너무이쁜테라피\index.html","신규"
"너무이쁜테라피","서울","서울","중랑구","망우동","E:\mong-lounge-site\massage\seoul\jungnang-gu\중랑구-출장마사지-사가정-중화-면목-매장-운영과-반복적인-손-사용-손목-허리-피로-방문-홈케어\index.html","E:\mong-lounge-site\shops\seoul\jungnang-gu\망우동\너무이쁜테라피\index.html","신규"
"너무이쁜테라피","서울","서울","중랑구","망우본동","E:\mong-lounge-site\massage\seoul\jungnang-gu\중랑구-출장마사지-사가정-중화-면목-매장-운영과-반복적인-손-사용-손목-허리-피로-방문-홈케어\index.html","E:\mong-lounge-site\shops\seoul\jungnang-gu\망우본동\너무이쁜테라피\index.html","신규"
"너무이쁜테라피","서울","서울","중랑구","면목동","E:\mong-lounge-site\massage\seoul\jungnang-gu\중랑구-출장마사지-사가정-중화-면목-매장-운영과-반복적인-손-사용-손목-허리-피로-방문-홈케어\index.html","E:\mong-lounge-site\shops\seoul\jungnang-gu\면목동\너무이쁜테라피\index.html","신규"
"너무이쁜테라피","서울","서울","중랑구","면목본동","E:\mong-lounge-site\massage\seoul\jungnang-gu\중랑구-출장마사지-사가정-중화-면목-매장-운영과-반복적인-손-사용-손목-허리-피로-방문-홈케어\index.html","E:\mong-lounge-site\shops\seoul\jungnang-gu\면목본동\너무이쁜테라피\index.html","신규"
"너무이쁜테라피","서울","서울","중랑구","묵동","E:\mong-lounge-site\massage\seoul\jungnang-gu\중랑구-출장마사지-사가정-중화-면목-매장-운영과-반복적인-손-사용-손목-허리-피로-방문-홈케어\index.html","E:\mong-lounge-site\shops\seoul\jungnang-gu\묵동\너무이쁜테라피\index.html","신규"
"너무이쁜테라피","서울","서울","중랑구","상봉동","E:\mong-lounge-site\massage\seoul\jungnang-gu\중랑구-출장마사지-사가정-중화-면목-매장-운영과-반복적인-손-사용-손목-허리-피로-방문-홈케어\index.html","E:\mong-lounge-site\shops\seoul\jungnang-gu\상봉동\너무이쁜테라피\index.html","신규"
"너무이쁜테라피","서울","서울","중랑구","신내동","E:\mong-lounge-site\massage\seoul\jungnang-gu\중랑구-출장마사지-사가정-중화-면목-매장-운영과-반복적인-손-사용-손목-허리-피로-방문-홈케어\index.html","E:\mong-lounge-site\shops\seoul\jungnang-gu\신내동\너무이쁜테라피\index.html","신규"
"너무이쁜테라피","서울","서울","중랑구","중화동","E:\mong-lounge-site\massage\seoul\jungnang-gu\중랑구-출장마사지-사가정-중화-면목-매장-운영과-반복적인-손-사용-손목-허리-피로-방문-홈케어\index.html","E:\mong-lounge-site\shops\seoul\jungnang-gu\중화동\너무이쁜테라피\index.html","신규"
"너무이쁜테라피","인천","인천","강화군","강화읍","E:\mong-lounge-site\massage\incheon\ganghwa-gun\강화군-출장마사지-강화읍-길상-불은-당일-여행과-차량-이동이-길어진-날-다리-허리-피로-방문-홈케어\index.html","E:\mong-lounge-site\shops\incheon\ganghwa-gun\강화읍\너무이쁜테라피\index.html","신규"
"너무이쁜테라피","인천","인천","강화군","교동면","E:\mong-lounge-site\massage\incheon\ganghwa-gun\강화군-출장마사지-강화읍-길상-불은-당일-여행과-차량-이동이-길어진-날-다리-허리-피로-방문-홈케어\index.html","E:\mong-lounge-site\shops\incheon\ganghwa-gun\교동면\너무이쁜테라피\index.html","신규"
"너무이쁜테라피","인천","인천","강화군","길상면","E:\mong-lounge-site\massage\incheon\ganghwa-gun\강화군-출장마사지-강화읍-길상-불은-당일-여행과-차량-이동이-길어진-날-다리-허리-피로-방문-홈케어\index.html","E:\mong-lounge-site\shops\incheon\ganghwa-gun\길상면\너무이쁜테라피\index.html","신규"
"너무이쁜테라피","인천","인천","강화군","내가면","E:\mong-lounge-site\massage\incheon\ganghwa-gun\강화군-출장마사지-강화읍-길상-불은-당일-여행과-차량-이동이-길어진-날-다리-허리-피로-방문-홈케어\index.html","E:\mong-lounge-site\shops\incheon\ganghwa-gun\내가면\너무이쁜테라피\index.html","신규"
"너무이쁜테라피","인천","인천","강화군","불은면","E:\mong-lounge-site\massage\incheon\ganghwa-gun\강화군-출장마사지-강화읍-길상-불은-당일-여행과-차량-이동이-길어진-날-다리-허리-피로-방문-홈케어\index.html","E:\mong-lounge-site\shops\incheon\ganghwa-gun\불은면\너무이쁜테라피\index.html","신규"
"너무이쁜테라피","인천","인천","강화군","삼산면","E:\mong-lounge-site\massage\incheon\ganghwa-gun\강화군-출장마사지-강화읍-길상-불은-당일-여행과-차량-이동이-길어진-날-다리-허리-피로-방문-홈케어\index.html","E:\mong-lounge-site\shops\incheon\ganghwa-gun\삼산면\너무이쁜테라피\index.html","신규"
"너무이쁜테라피","인천","인천","강화군","서도면","E:\mong-lounge-site\massage\incheon\ganghwa-gun\강화군-출장마사지-강화읍-길상-불은-당일-여행과-차량-이동이-길어진-날-다리-허리-피로-방문-홈케어\index.html","E:\mong-lounge-site\shops\incheon\ganghwa-gun\서도면\너무이쁜테라피\index.html","신규"
"너무이쁜테라피","인천","인천","강화군","선원면","E:\mong-lounge-site\massage\incheon\ganghwa-gun\강화군-출장마사지-강화읍-길상-불은-당일-여행과-차량-이동이-길어진-날-다리-허리-피로-방문-홈케어\index.html","E:\mong-lounge-site\shops\incheon\ganghwa-gun\선원면\너무이쁜테라피\index.html","신규"
"너무이쁜테라피","인천","인천","강화군","송해면","E:\mong-lounge-site\massage\incheon\ganghwa-gun\강화군-출장마사지-강화읍-길상-불은-당일-여행과-차량-이동이-길어진-날-다리-허리-피로-방문-홈케어\index.html","E:\mong-lounge-site\shops\incheon\ganghwa-gun\송해면\너무이쁜테라피\index.html","신규"
"너무이쁜테라피","인천","인천","강화군","양도면","E:\mong-lounge-site\massage\incheon\ganghwa-gun\강화군-출장마사지-강화읍-길상-불은-당일-여행과-차량-이동이-길어진-날-다리-허리-피로-방문-홈케어\index.html","E:\mong-lounge-site\shops\incheon\ganghwa-gun\양도면\너무이쁜테라피\index.html","신규"
"너무이쁜테라피","인천","인천","강화군","양사면","E:\mong-lounge-site\massage\incheon\ganghwa-gun\강화군-출장마사지-강화읍-길상-불은-당일-여행과-차량-이동이-길어진-날-다리-허리-피로-방문-홈케어\index.html","E:\mong-lounge-site\shops\incheon\ganghwa-gun\양사면\너무이쁜테라피\index.html","신규"
"너무이쁜테라피","인천","인천","강화군","하점면","E:\mong-lounge-site\massage\incheon\ganghwa-gun\강화군-출장마사지-강화읍-길상-불은-당일-여행과-차량-이동이-길어진-날-다리-허리-피로-방문-홈케어\index.html","E:\mong-lounge-site\shops\incheon\ganghwa-gun\하점면\너무이쁜테라피\index.html","신규"
"너무이쁜테라피","인천","인천","강화군","화도면","E:\mong-lounge-site\massage\incheon\ganghwa-gun\강화군-출장마사지-강화읍-길상-불은-당일-여행과-차량-이동이-길어진-날-다리-허리-피로-방문-홈케어\index.html","E:\mong-lounge-site\shops\incheon\ganghwa-gun\화도면\너무이쁜테라피\index.html","신규"
"너무이쁜테라피","인천","인천","검단구","검단동","E:\mong-lounge-site\massage\incheon\geomdan-gu\검단구-출장마사지-검단신도시-원당-불로-입주-이사와-신도시-정리-일정-어깨-허리-피로-방문-홈케어\index.html","E:\mong-lounge-site\shops\incheon\geomdan-gu\검단동\너무이쁜테라피\index.html","신규"
"너무이쁜테라피","인천","인천","검단구","당하동","E:\mong-lounge-site\massage\incheon\geomdan-gu\검단구-출장마사지-검단신도시-원당-불로-입주-이사와-신도시-정리-일정-어깨-허리-피로-방문-홈케어\index.html","E:\mong-lounge-site\shops\incheon\geomdan-gu\당하동\너무이쁜테라피\index.html","신규"
"너무이쁜테라피","인천","인천","검단구","마전동","E:\mong-lounge-site\massage\incheon\geomdan-gu\검단구-출장마사지-검단신도시-원당-불로-입주-이사와-신도시-정리-일정-어깨-허리-피로-방문-홈케어\index.html","E:\mong-lounge-site\shops\incheon\geomdan-gu\마전동\너무이쁜테라피\index.html","신규"
"너무이쁜테라피","인천","인천","검단구","불로대곡동","E:\mong-lounge-site\massage\incheon\geomdan-gu\검단구-출장마사지-검단신도시-원당-불로-입주-이사와-신도시-정리-일정-어깨-허리-피로-방문-홈케어\index.html","E:\mong-lounge-site\shops\incheon\geomdan-gu\불로대곡동\너무이쁜테라피\index.html","신규"
"너무이쁜테라피","인천","인천","검단구","아라동","E:\mong-lounge-site\massage\incheon\geomdan-gu\검단구-출장마사지-검단신도시-원당-불로-입주-이사와-신도시-정리-일정-어깨-허리-피로-방문-홈케어\index.html","E:\mong-lounge-site\shops\incheon\geomdan-gu\아라동\너무이쁜테라피\index.html","신규"
"너무이쁜테라피","인천","인천","검단구","오류왕길동","E:\mong-lounge-site\massage\incheon\geomdan-gu\검단구-출장마사지-검단신도시-원당-불로-입주-이사와-신도시-정리-일정-어깨-허리-피로-방문-홈케어\index.html","E:\mong-lounge-site\shops\incheon\geomdan-gu\오류왕길동\너무이쁜테라피\index.html","신규"
"너무이쁜테라피","인천","인천","검단구","원당동","E:\mong-lounge-site\massage\incheon\geomdan-gu\검단구-출장마사지-검단신도시-원당-불로-입주-이사와-신도시-정리-일정-어깨-허리-피로-방문-홈케어\index.html","E:\mong-lounge-site\shops\incheon\geomdan-gu\원당동\너무이쁜테라피\index.html","신규"
"너무이쁜테라피","인천","인천","계양구","계산동","E:\mong-lounge-site\massage\incheon\gyeyang-gu\계양구-출장마사지-계산-작전-임학-출퇴근과-환승-이동이-길어진-날-목-허리-피로-방문-홈케어\index.html","E:\mong-lounge-site\shops\incheon\gyeyang-gu\계산동\너무이쁜테라피\index.html","신규"
"너무이쁜테라피","인천","인천","계양구","계양동","E:\mong-lounge-site\massage\incheon\gyeyang-gu\계양구-출장마사지-계산-작전-임학-출퇴근과-환승-이동이-길어진-날-목-허리-피로-방문-홈케어\index.html","E:\mong-lounge-site\shops\incheon\gyeyang-gu\계양동\너무이쁜테라피\index.html","신규"
"너무이쁜테라피","인천","인천","계양구","작전동","E:\mong-lounge-site\massage\incheon\gyeyang-gu\계양구-출장마사지-계산-작전-임학-출퇴근과-환승-이동이-길어진-날-목-허리-피로-방문-홈케어\index.html","E:\mong-lounge-site\shops\incheon\gyeyang-gu\작전동\너무이쁜테라피\index.html","신규"
"너무이쁜테라피","인천","인천","계양구","작전서운동","E:\mong-lounge-site\massage\incheon\gyeyang-gu\계양구-출장마사지-계산-작전-임학-출퇴근과-환승-이동이-길어진-날-목-허리-피로-방문-홈케어\index.html","E:\mong-lounge-site\shops\incheon\gyeyang-gu\작전서운동\너무이쁜테라피\index.html","신규"
"너무이쁜테라피","인천","인천","계양구","효성동","E:\mong-lounge-site\massage\incheon\gyeyang-gu\계양구-출장마사지-계산-작전-임학-출퇴근과-환승-이동이-길어진-날-목-허리-피로-방문-홈케어\index.html","E:\mong-lounge-site\shops\incheon\gyeyang-gu\효성동\너무이쁜테라피\index.html","신규"
"너무이쁜테라피","인천","인천","남동구","간석동","E:\mong-lounge-site\massage\incheon\namdong-gu\남동구-출장마사지-구월-논현-간석-오피스와-쇼핑-일정이-겹친-날-다리-어깨-피로-방문-홈케어\index.html","E:\mong-lounge-site\shops\incheon\namdong-gu\간석동\너무이쁜테라피\index.html","신규"
"너무이쁜테라피","인천","인천","남동구","구월동","E:\mong-lounge-site\massage\incheon\namdong-gu\남동구-출장마사지-구월-논현-간석-오피스와-쇼핑-일정이-겹친-날-다리-어깨-피로-방문-홈케어\index.html","E:\mong-lounge-site\shops\incheon\namdong-gu\구월동\너무이쁜테라피\index.html","신규"
"너무이쁜테라피","인천","인천","남동구","남촌도림동","E:\mong-lounge-site\massage\incheon\namdong-gu\남동구-출장마사지-구월-논현-간석-오피스와-쇼핑-일정이-겹친-날-다리-어깨-피로-방문-홈케어\index.html","E:\mong-lounge-site\shops\incheon\namdong-gu\남촌도림동\너무이쁜테라피\index.html","신규"
"너무이쁜테라피","인천","인천","남동구","논현고잔동","E:\mong-lounge-site\massage\incheon\namdong-gu\남동구-출장마사지-구월-논현-간석-오피스와-쇼핑-일정이-겹친-날-다리-어깨-피로-방문-홈케어\index.html","E:\mong-lounge-site\shops\incheon\namdong-gu\논현고잔동\너무이쁜테라피\index.html","신규"
"너무이쁜테라피","인천","인천","남동구","논현동","E:\mong-lounge-site\massage\incheon\namdong-gu\남동구-출장마사지-구월-논현-간석-오피스와-쇼핑-일정이-겹친-날-다리-어깨-피로-방문-홈케어\index.html","E:\mong-lounge-site\shops\incheon\namdong-gu\논현동\너무이쁜테라피\index.html","신규"
"너무이쁜테라피","인천","인천","남동구","만수동","E:\mong-lounge-site\massage\incheon\namdong-gu\남동구-출장마사지-구월-논현-간석-오피스와-쇼핑-일정이-겹친-날-다리-어깨-피로-방문-홈케어\index.html","E:\mong-lounge-site\shops\incheon\namdong-gu\만수동\너무이쁜테라피\index.html","신규"
"너무이쁜테라피","인천","인천","남동구","서창동","E:\mong-lounge-site\massage\incheon\namdong-gu\남동구-출장마사지-구월-논현-간석-오피스와-쇼핑-일정이-겹친-날-다리-어깨-피로-방문-홈케어\index.html","E:\mong-lounge-site\shops\incheon\namdong-gu\서창동\너무이쁜테라피\index.html","신규"
"너무이쁜테라피","인천","인천","남동구","장수서창동","E:\mong-lounge-site\massage\incheon\namdong-gu\남동구-출장마사지-구월-논현-간석-오피스와-쇼핑-일정이-겹친-날-다리-어깨-피로-방문-홈케어\index.html","E:\mong-lounge-site\shops\incheon\namdong-gu\장수서창동\너무이쁜테라피\index.html","신규"
"너무이쁜테라피","인천","인천","미추홀구","3동","E:\mong-lounge-site\massage\incheon\michuhol-gu\미추홀구-출장마사지-주안-용현-도화-통근과-대학가-이동이-길어진-날-목-허리-피로-방문-홈케어\index.html","E:\mong-lounge-site\shops\incheon\michuhol-gu\3동\너무이쁜테라피\index.html","신규"
"너무이쁜테라피","인천","인천","미추홀구","4동","E:\mong-lounge-site\massage\incheon\michuhol-gu\미추홀구-출장마사지-주안-용현-도화-통근과-대학가-이동이-길어진-날-목-허리-피로-방문-홈케어\index.html","E:\mong-lounge-site\shops\incheon\michuhol-gu\4동\너무이쁜테라피\index.html","신규"
"너무이쁜테라피","인천","인천","미추홀구","관교동","E:\mong-lounge-site\massage\incheon\michuhol-gu\미추홀구-출장마사지-주안-용현-도화-통근과-대학가-이동이-길어진-날-목-허리-피로-방문-홈케어\index.html","E:\mong-lounge-site\shops\incheon\michuhol-gu\관교동\너무이쁜테라피\index.html","신규"
"너무이쁜테라피","인천","인천","미추홀구","도화동","E:\mong-lounge-site\massage\incheon\michuhol-gu\미추홀구-출장마사지-주안-용현-도화-통근과-대학가-이동이-길어진-날-목-허리-피로-방문-홈케어\index.html","E:\mong-lounge-site\shops\incheon\michuhol-gu\도화동\너무이쁜테라피\index.html","신규"
"너무이쁜테라피","인천","인천","미추홀구","문학동","E:\mong-lounge-site\massage\incheon\michuhol-gu\미추홀구-출장마사지-주안-용현-도화-통근과-대학가-이동이-길어진-날-목-허리-피로-방문-홈케어\index.html","E:\mong-lounge-site\shops\incheon\michuhol-gu\문학동\너무이쁜테라피\index.html","신규"
"너무이쁜테라피","인천","인천","미추홀구","숭의동","E:\mong-lounge-site\massage\incheon\michuhol-gu\미추홀구-출장마사지-주안-용현-도화-통근과-대학가-이동이-길어진-날-목-허리-피로-방문-홈케어\index.html","E:\mong-lounge-site\shops\incheon\michuhol-gu\숭의동\너무이쁜테라피\index.html","신규"
"너무이쁜테라피","인천","인천","미추홀구","용현동","E:\mong-lounge-site\massage\incheon\michuhol-gu\미추홀구-출장마사지-주안-용현-도화-통근과-대학가-이동이-길어진-날-목-허리-피로-방문-홈케어\index.html","E:\mong-lounge-site\shops\incheon\michuhol-gu\용현동\너무이쁜테라피\index.html","신규"
"너무이쁜테라피","인천","인천","미추홀구","주안동","E:\mong-lounge-site\massage\incheon\michuhol-gu\미추홀구-출장마사지-주안-용현-도화-통근과-대학가-이동이-길어진-날-목-허리-피로-방문-홈케어\index.html","E:\mong-lounge-site\shops\incheon\michuhol-gu\주안동\너무이쁜테라피\index.html","신규"
"너무이쁜테라피","인천","인천","미추홀구","학익동","E:\mong-lounge-site\massage\incheon\michuhol-gu\미추홀구-출장마사지-주안-용현-도화-통근과-대학가-이동이-길어진-날-목-허리-피로-방문-홈케어\index.html","E:\mong-lounge-site\shops\incheon\michuhol-gu\학익동\너무이쁜테라피\index.html","신규"
"너무이쁜테라피","인천","인천","부평구","갈산동","E:\mong-lounge-site\massage\incheon\bupyeong-gu\부평구-출장마사지-부평-삼산-갈산-쇼핑-서비스-업무로-오래-선-날-다리-손목-피로-방문-홈케어\index.html","E:\mong-lounge-site\shops\incheon\bupyeong-gu\갈산동\너무이쁜테라피\index.html","신규"
"너무이쁜테라피","인천","인천","부평구","부개동","E:\mong-lounge-site\massage\incheon\bupyeong-gu\부평구-출장마사지-부평-삼산-갈산-쇼핑-서비스-업무로-오래-선-날-다리-손목-피로-방문-홈케어\index.html","E:\mong-lounge-site\shops\incheon\bupyeong-gu\부개동\너무이쁜테라피\index.html","신규"
"너무이쁜테라피","인천","인천","부평구","부평동","E:\mong-lounge-site\massage\incheon\bupyeong-gu\부평구-출장마사지-부평-삼산-갈산-쇼핑-서비스-업무로-오래-선-날-다리-손목-피로-방문-홈케어\index.html","E:\mong-lounge-site\shops\incheon\bupyeong-gu\부평동\너무이쁜테라피\index.html","신규"
"너무이쁜테라피","인천","인천","부평구","산곡동","E:\mong-lounge-site\massage\incheon\bupyeong-gu\부평구-출장마사지-부평-삼산-갈산-쇼핑-서비스-업무로-오래-선-날-다리-손목-피로-방문-홈케어\index.html","E:\mong-lounge-site\shops\incheon\bupyeong-gu\산곡동\너무이쁜테라피\index.html","신규"
"너무이쁜테라피","인천","인천","부평구","삼산동","E:\mong-lounge-site\massage\incheon\bupyeong-gu\부평구-출장마사지-부평-삼산-갈산-쇼핑-서비스-업무로-오래-선-날-다리-손목-피로-방문-홈케어\index.html","E:\mong-lounge-site\shops\incheon\bupyeong-gu\삼산동\너무이쁜테라피\index.html","신규"
"너무이쁜테라피","인천","인천","부평구","십정동","E:\mong-lounge-site\massage\incheon\bupyeong-gu\부평구-출장마사지-부평-삼산-갈산-쇼핑-서비스-업무로-오래-선-날-다리-손목-피로-방문-홈케어\index.html","E:\mong-lounge-site\shops\incheon\bupyeong-gu\십정동\너무이쁜테라피\index.html","신규"
"너무이쁜테라피","인천","인천","부평구","일신동","E:\mong-lounge-site\massage\incheon\bupyeong-gu\부평구-출장마사지-부평-삼산-갈산-쇼핑-서비스-업무로-오래-선-날-다리-손목-피로-방문-홈케어\index.html","E:\mong-lounge-site\shops\incheon\bupyeong-gu\일신동\너무이쁜테라피\index.html","신규"
"너무이쁜테라피","인천","인천","부평구","청천동","E:\mong-lounge-site\massage\incheon\bupyeong-gu\부평구-출장마사지-부평-삼산-갈산-쇼핑-서비스-업무로-오래-선-날-다리-손목-피로-방문-홈케어\index.html","E:\mong-lounge-site\shops\incheon\bupyeong-gu\청천동\너무이쁜테라피\index.html","신규"
"너무이쁜테라피","인천","인천","서해구","가정동","E:\mong-lounge-site\massage\incheon\seohae-gu\서해구-출장마사지-청라-가정-석남-신도시-통근과-가족-일정이-겹친-날-허리-어깨-피로-방문-홈케어\index.html","E:\mong-lounge-site\shops\incheon\seohae-gu\가정동\너무이쁜테라피\index.html","신규"
"너무이쁜테라피","인천","인천","서해구","가좌동","E:\mong-lounge-site\massage\incheon\seohae-gu\서해구-출장마사지-청라-가정-석남-신도시-통근과-가족-일정이-겹친-날-허리-어깨-피로-방문-홈케어\index.html","E:\mong-lounge-site\shops\incheon\seohae-gu\가좌동\너무이쁜테라피\index.html","신규"
"너무이쁜테라피","인천","인천","서해구","검암경서동","E:\mong-lounge-site\massage\incheon\seohae-gu\서해구-출장마사지-청라-가정-석남-신도시-통근과-가족-일정이-겹친-날-허리-어깨-피로-방문-홈케어\index.html","E:\mong-lounge-site\shops\incheon\seohae-gu\검암경서동\너무이쁜테라피\index.html","신규"
"너무이쁜테라피","인천","인천","서해구","석남동","E:\mong-lounge-site\massage\incheon\seohae-gu\서해구-출장마사지-청라-가정-석남-신도시-통근과-가족-일정이-겹친-날-허리-어깨-피로-방문-홈케어\index.html","E:\mong-lounge-site\shops\incheon\seohae-gu\석남동\너무이쁜테라피\index.html","신규"
"너무이쁜테라피","인천","인천","서해구","신현원창동","E:\mong-lounge-site\massage\incheon\seohae-gu\서해구-출장마사지-청라-가정-석남-신도시-통근과-가족-일정이-겹친-날-허리-어깨-피로-방문-홈케어\index.html","E:\mong-lounge-site\shops\incheon\seohae-gu\신현원창동\너무이쁜테라피\index.html","신규"
"너무이쁜테라피","인천","인천","서해구","연희동","E:\mong-lounge-site\massage\incheon\seohae-gu\서해구-출장마사지-청라-가정-석남-신도시-통근과-가족-일정이-겹친-날-허리-어깨-피로-방문-홈케어\index.html","E:\mong-lounge-site\shops\incheon\seohae-gu\연희동\너무이쁜테라피\index.html","신규"
"너무이쁜테라피","인천","인천","서해구","청라동","E:\mong-lounge-site\massage\incheon\seohae-gu\서해구-출장마사지-청라-가정-석남-신도시-통근과-가족-일정이-겹친-날-허리-어깨-피로-방문-홈케어\index.html","E:\mong-lounge-site\shops\incheon\seohae-gu\청라동\너무이쁜테라피\index.html","신규"
"너무이쁜테라피","인천","인천","연수구","동춘동","E:\mong-lounge-site\massage\incheon\yeonsu-gu\연수구-출장마사지-송도-연수-동춘-오피스-업무와-국제업무-일정이-길어진-날-목-눈-어깨-피로-방문-홈케어\index.html","E:\mong-lounge-site\shops\incheon\yeonsu-gu\동춘동\너무이쁜테라피\index.html","신규"
"너무이쁜테라피","인천","인천","연수구","선학동","E:\mong-lounge-site\massage\incheon\yeonsu-gu\연수구-출장마사지-송도-연수-동춘-오피스-업무와-국제업무-일정이-길어진-날-목-눈-어깨-피로-방문-홈케어\index.html","E:\mong-lounge-site\shops\incheon\yeonsu-gu\선학동\너무이쁜테라피\index.html","신규"
"너무이쁜테라피","인천","인천","연수구","송도동","E:\mong-lounge-site\massage\incheon\yeonsu-gu\연수구-출장마사지-송도-연수-동춘-오피스-업무와-국제업무-일정이-길어진-날-목-눈-어깨-피로-방문-홈케어\index.html","E:\mong-lounge-site\shops\incheon\yeonsu-gu\송도동\너무이쁜테라피\index.html","신규"
"너무이쁜테라피","인천","인천","연수구","연수동","E:\mong-lounge-site\massage\incheon\yeonsu-gu\연수구-출장마사지-송도-연수-동춘-오피스-업무와-국제업무-일정이-길어진-날-목-눈-어깨-피로-방문-홈케어\index.html","E:\mong-lounge-site\shops\incheon\yeonsu-gu\연수동\너무이쁜테라피\index.html","신규"
"너무이쁜테라피","인천","인천","연수구","옥련동","E:\mong-lounge-site\massage\incheon\yeonsu-gu\연수구-출장마사지-송도-연수-동춘-오피스-업무와-국제업무-일정이-길어진-날-목-눈-어깨-피로-방문-홈케어\index.html","E:\mong-lounge-site\shops\incheon\yeonsu-gu\옥련동\너무이쁜테라피\index.html","신규"
"너무이쁜테라피","인천","인천","연수구","청학동","E:\mong-lounge-site\massage\incheon\yeonsu-gu\연수구-출장마사지-송도-연수-동춘-오피스-업무와-국제업무-일정이-길어진-날-목-눈-어깨-피로-방문-홈케어\index.html","E:\mong-lounge-site\shops\incheon\yeonsu-gu\청학동\너무이쁜테라피\index.html","신규"
"너무이쁜테라피","인천","인천","영종구","영종동","E:\mong-lounge-site\massage\incheon\yeongjong-gu\영종구-출장마사지-영종-운서-공항신도시-공항-이동과-여행-일정이-이어진-날-다리-허리-피로-방문-홈케어\index.html","E:\mong-lounge-site\shops\incheon\yeongjong-gu\영종동\너무이쁜테라피\index.html","신규"
"너무이쁜테라피","인천","인천","영종구","용유동","E:\mong-lounge-site\massage\incheon\yeongjong-gu\영종구-출장마사지-영종-운서-공항신도시-공항-이동과-여행-일정이-이어진-날-다리-허리-피로-방문-홈케어\index.html","E:\mong-lounge-site\shops\incheon\yeongjong-gu\용유동\너무이쁜테라피\index.html","신규"
"너무이쁜테라피","인천","인천","영종구","운서동","E:\mong-lounge-site\massage\incheon\yeongjong-gu\영종구-출장마사지-영종-운서-공항신도시-공항-이동과-여행-일정이-이어진-날-다리-허리-피로-방문-홈케어\index.html","E:\mong-lounge-site\shops\incheon\yeongjong-gu\운서동\너무이쁜테라피\index.html","신규"
"너무이쁜테라피","인천","인천","옹진군","대청면","E:\mong-lounge-site\massage\incheon\ongjin-gun\옹진군-출장마사지-영흥-백령-덕적-섬-이동과-숙박-일정이-길어진-날-다리-허리-피로-방문-홈케어\index.html","E:\mong-lounge-site\shops\incheon\ongjin-gun\대청면\너무이쁜테라피\index.html","신규"
"너무이쁜테라피","인천","인천","옹진군","덕적면","E:\mong-lounge-site\massage\incheon\ongjin-gun\옹진군-출장마사지-영흥-백령-덕적-섬-이동과-숙박-일정이-길어진-날-다리-허리-피로-방문-홈케어\index.html","E:\mong-lounge-site\shops\incheon\ongjin-gun\덕적면\너무이쁜테라피\index.html","신규"
"너무이쁜테라피","인천","인천","옹진군","백령면","E:\mong-lounge-site\massage\incheon\ongjin-gun\옹진군-출장마사지-영흥-백령-덕적-섬-이동과-숙박-일정이-길어진-날-다리-허리-피로-방문-홈케어\index.html","E:\mong-lounge-site\shops\incheon\ongjin-gun\백령면\너무이쁜테라피\index.html","신규"
"너무이쁜테라피","인천","인천","옹진군","북도면","E:\mong-lounge-site\massage\incheon\ongjin-gun\옹진군-출장마사지-영흥-백령-덕적-섬-이동과-숙박-일정이-길어진-날-다리-허리-피로-방문-홈케어\index.html","E:\mong-lounge-site\shops\incheon\ongjin-gun\북도면\너무이쁜테라피\index.html","신규"
"너무이쁜테라피","인천","인천","옹진군","연평면","E:\mong-lounge-site\massage\incheon\ongjin-gun\옹진군-출장마사지-영흥-백령-덕적-섬-이동과-숙박-일정이-길어진-날-다리-허리-피로-방문-홈케어\index.html","E:\mong-lounge-site\shops\incheon\ongjin-gun\연평면\너무이쁜테라피\index.html","신규"
"너무이쁜테라피","인천","인천","옹진군","영흥면","E:\mong-lounge-site\massage\incheon\ongjin-gun\옹진군-출장마사지-영흥-백령-덕적-섬-이동과-숙박-일정이-길어진-날-다리-허리-피로-방문-홈케어\index.html","E:\mong-lounge-site\shops\incheon\ongjin-gun\영흥면\너무이쁜테라피\index.html","신규"
"너무이쁜테라피","인천","인천","옹진군","자월면","E:\mong-lounge-site\massage\incheon\ongjin-gun\옹진군-출장마사지-영흥-백령-덕적-섬-이동과-숙박-일정이-길어진-날-다리-허리-피로-방문-홈케어\index.html","E:\mong-lounge-site\shops\incheon\ongjin-gun\자월면\너무이쁜테라피\index.html","신규"
"너무이쁜테라피","인천","인천","제물포구","2동","E:\mong-lounge-site\massage\incheon\jemulpo-gu\제물포구-출장마사지-동인천-월미-송현-시장-관광과-장시간-보행-일정-다리-허리-피로-방문-홈케어\index.html","E:\mong-lounge-site\shops\incheon\jemulpo-gu\2동\너무이쁜테라피\index.html","신규"
"너무이쁜테라피","인천","인천","제물포구","개항동","E:\mong-lounge-site\massage\incheon\jemulpo-gu\제물포구-출장마사지-동인천-월미-송현-시장-관광과-장시간-보행-일정-다리-허리-피로-방문-홈케어\index.html","E:\mong-lounge-site\shops\incheon\jemulpo-gu\개항동\너무이쁜테라피\index.html","신규"
"너무이쁜테라피","인천","인천","제물포구","금창동","E:\mong-lounge-site\massage\incheon\jemulpo-gu\제물포구-출장마사지-동인천-월미-송현-시장-관광과-장시간-보행-일정-다리-허리-피로-방문-홈케어\index.html","E:\mong-lounge-site\shops\incheon\jemulpo-gu\금창동\너무이쁜테라피\index.html","신규"
"너무이쁜테라피","인천","인천","제물포구","도원동","E:\mong-lounge-site\massage\incheon\jemulpo-gu\제물포구-출장마사지-동인천-월미-송현-시장-관광과-장시간-보행-일정-다리-허리-피로-방문-홈케어\index.html","E:\mong-lounge-site\shops\incheon\jemulpo-gu\도원동\너무이쁜테라피\index.html","신규"
"너무이쁜테라피","인천","인천","제물포구","동인천동","E:\mong-lounge-site\massage\incheon\jemulpo-gu\제물포구-출장마사지-동인천-월미-송현-시장-관광과-장시간-보행-일정-다리-허리-피로-방문-홈케어\index.html","E:\mong-lounge-site\shops\incheon\jemulpo-gu\동인천동\너무이쁜테라피\index.html","신규"
"너무이쁜테라피","인천","인천","제물포구","만석동","E:\mong-lounge-site\massage\incheon\jemulpo-gu\제물포구-출장마사지-동인천-월미-송현-시장-관광과-장시간-보행-일정-다리-허리-피로-방문-홈케어\index.html","E:\mong-lounge-site\shops\incheon\jemulpo-gu\만석동\너무이쁜테라피\index.html","신규"
"너무이쁜테라피","인천","인천","제물포구","송림동","E:\mong-lounge-site\massage\incheon\jemulpo-gu\제물포구-출장마사지-동인천-월미-송현-시장-관광과-장시간-보행-일정-다리-허리-피로-방문-홈케어\index.html","E:\mong-lounge-site\shops\incheon\jemulpo-gu\송림동\너무이쁜테라피\index.html","신규"
"너무이쁜테라피","인천","인천","제물포구","송현동","E:\mong-lounge-site\massage\incheon\jemulpo-gu\제물포구-출장마사지-동인천-월미-송현-시장-관광과-장시간-보행-일정-다리-허리-피로-방문-홈케어\index.html","E:\mong-lounge-site\shops\incheon\jemulpo-gu\송현동\너무이쁜테라피\index.html","신규"
"너무이쁜테라피","인천","인천","제물포구","신포동","E:\mong-lounge-site\massage\incheon\jemulpo-gu\제물포구-출장마사지-동인천-월미-송현-시장-관광과-장시간-보행-일정-다리-허리-피로-방문-홈케어\index.html","E:\mong-lounge-site\shops\incheon\jemulpo-gu\신포동\너무이쁜테라피\index.html","신규"
"너무이쁜테라피","인천","인천","제물포구","신흥동","E:\mong-lounge-site\massage\incheon\jemulpo-gu\제물포구-출장마사지-동인천-월미-송현-시장-관광과-장시간-보행-일정-다리-허리-피로-방문-홈케어\index.html","E:\mong-lounge-site\shops\incheon\jemulpo-gu\신흥동\너무이쁜테라피\index.html","신규"
"너무이쁜테라피","인천","인천","제물포구","연안동","E:\mong-lounge-site\massage\incheon\jemulpo-gu\제물포구-출장마사지-동인천-월미-송현-시장-관광과-장시간-보행-일정-다리-허리-피로-방문-홈케어\index.html","E:\mong-lounge-site\shops\incheon\jemulpo-gu\연안동\너무이쁜테라피\index.html","신규"
"너무이쁜테라피","인천","인천","제물포구","율목동","E:\mong-lounge-site\massage\incheon\jemulpo-gu\제물포구-출장마사지-동인천-월미-송현-시장-관광과-장시간-보행-일정-다리-허리-피로-방문-홈케어\index.html","E:\mong-lounge-site\shops\incheon\jemulpo-gu\율목동\너무이쁜테라피\index.html","신규"
"너무이쁜테라피","인천","인천","제물포구","화수동","E:\mong-lounge-site\massage\incheon\jemulpo-gu\제물포구-출장마사지-동인천-월미-송현-시장-관광과-장시간-보행-일정-다리-허리-피로-방문-홈케어\index.html","E:\mong-lounge-site\shops\incheon\jemulpo-gu\화수동\너무이쁜테라피\index.html","신규"
"너무이쁜테라피","인천","인천","제물포구","화평동","E:\mong-lounge-site\massage\incheon\jemulpo-gu\제물포구-출장마사지-동인천-월미-송현-시장-관광과-장시간-보행-일정-다리-허리-피로-방문-홈케어\index.html","E:\mong-lounge-site\shops\incheon\jemulpo-gu\화평동\너무이쁜테라피\index.html","신규"
"love테라피","경기","경기","가평군","가평읍","E:\mong-lounge-site\massage\gyeonggi\gapyeong\가평군-출장마사지-가평읍-청평-설악-여행-숙박과-장시간-이동-다리-허리-피로-방문-홈케어\index.html","E:\mong-lounge-site\shops\gyeonggi\gapyeong\가평읍\love테라피\index.html","신규"
"love테라피","경기","경기","가평군","북면","E:\mong-lounge-site\massage\gyeonggi\gapyeong\가평군-출장마사지-가평읍-청평-설악-여행-숙박과-장시간-이동-다리-허리-피로-방문-홈케어\index.html","E:\mong-lounge-site\shops\gyeonggi\gapyeong\북면\love테라피\index.html","신규"
"love테라피","경기","경기","가평군","상면","E:\mong-lounge-site\massage\gyeonggi\gapyeong\가평군-출장마사지-가평읍-청평-설악-여행-숙박과-장시간-이동-다리-허리-피로-방문-홈케어\index.html","E:\mong-lounge-site\shops\gyeonggi\gapyeong\상면\love테라피\index.html","신규"
"love테라피","경기","경기","가평군","설악면","E:\mong-lounge-site\massage\gyeonggi\gapyeong\가평군-출장마사지-가평읍-청평-설악-여행-숙박과-장시간-이동-다리-허리-피로-방문-홈케어\index.html","E:\mong-lounge-site\shops\gyeonggi\gapyeong\설악면\love테라피\index.html","신규"
"love테라피","경기","경기","가평군","조종면","E:\mong-lounge-site\massage\gyeonggi\gapyeong\가평군-출장마사지-가평읍-청평-설악-여행-숙박과-장시간-이동-다리-허리-피로-방문-홈케어\index.html","E:\mong-lounge-site\shops\gyeonggi\gapyeong\조종면\love테라피\index.html","신규"
"love테라피","경기","경기","가평군","청평면","E:\mong-lounge-site\massage\gyeonggi\gapyeong\가평군-출장마사지-가평읍-청평-설악-여행-숙박과-장시간-이동-다리-허리-피로-방문-홈케어\index.html","E:\mong-lounge-site\shops\gyeonggi\gapyeong\청평면\love테라피\index.html","신규"
"love테라피","경기","경기","고양시","일산동","E:\mong-lounge-site\massage\gyeonggi\goyang\고양시-출장마사지-일산-대화-백석-전시-행사와-장시간-보행-일정-다리-어깨-피로-방문-홈케어\index.html","E:\mong-lounge-site\shops\gyeonggi\goyang\일산동\love테라피\index.html","신규"
"love테라피","경기","경기","고양시-덕양구","고양동","E:\mong-lounge-site\massage\gyeonggi\goyang\deogyang-gu\고양시-덕양구-출장마사지-동별-생활권-지역안내\index.html","E:\mong-lounge-site\shops\gyeonggi\goyang\deogyang-gu\고양동\love테라피\index.html","신규"
"love테라피","경기","경기","고양시-덕양구","관산동","E:\mong-lounge-site\massage\gyeonggi\goyang\deogyang-gu\고양시-덕양구-출장마사지-동별-생활권-지역안내\index.html","E:\mong-lounge-site\shops\gyeonggi\goyang\deogyang-gu\관산동\love테라피\index.html","신규"
"love테라피","경기","경기","고양시-덕양구","능곡동","E:\mong-lounge-site\massage\gyeonggi\goyang\deogyang-gu\고양시-덕양구-출장마사지-동별-생활권-지역안내\index.html","E:\mong-lounge-site\shops\gyeonggi\goyang\deogyang-gu\능곡동\love테라피\index.html","신규"
"love테라피","경기","경기","고양시-덕양구","대덕동","E:\mong-lounge-site\massage\gyeonggi\goyang\deogyang-gu\고양시-덕양구-출장마사지-동별-생활권-지역안내\index.html","E:\mong-lounge-site\shops\gyeonggi\goyang\deogyang-gu\대덕동\love테라피\index.html","신규"
"love테라피","경기","경기","고양시-덕양구","삼송동","E:\mong-lounge-site\massage\gyeonggi\goyang\deogyang-gu\고양시-덕양구-출장마사지-동별-생활권-지역안내\index.html","E:\mong-lounge-site\shops\gyeonggi\goyang\deogyang-gu\삼송동\love테라피\index.html","신규"
"love테라피","경기","경기","고양시-덕양구","성사동","E:\mong-lounge-site\massage\gyeonggi\goyang\deogyang-gu\고양시-덕양구-출장마사지-동별-생활권-지역안내\index.html","E:\mong-lounge-site\shops\gyeonggi\goyang\deogyang-gu\성사동\love테라피\index.html","신규"
"love테라피","경기","경기","고양시-덕양구","원신동","E:\mong-lounge-site\massage\gyeonggi\goyang\deogyang-gu\고양시-덕양구-출장마사지-동별-생활권-지역안내\index.html","E:\mong-lounge-site\shops\gyeonggi\goyang\deogyang-gu\원신동\love테라피\index.html","신규"
"love테라피","경기","경기","고양시-덕양구","주교동","E:\mong-lounge-site\massage\gyeonggi\goyang\deogyang-gu\고양시-덕양구-출장마사지-동별-생활권-지역안내\index.html","E:\mong-lounge-site\shops\gyeonggi\goyang\deogyang-gu\주교동\love테라피\index.html","신규"
"love테라피","경기","경기","고양시-덕양구","창릉동","E:\mong-lounge-site\massage\gyeonggi\goyang\deogyang-gu\고양시-덕양구-출장마사지-동별-생활권-지역안내\index.html","E:\mong-lounge-site\shops\gyeonggi\goyang\deogyang-gu\창릉동\love테라피\index.html","신규"
"love테라피","경기","경기","고양시-덕양구","행신동","E:\mong-lounge-site\massage\gyeonggi\goyang\deogyang-gu\고양시-덕양구-출장마사지-동별-생활권-지역안내\index.html","E:\mong-lounge-site\shops\gyeonggi\goyang\deogyang-gu\행신동\love테라피\index.html","신규"
"love테라피","경기","경기","고양시-덕양구","행주동","E:\mong-lounge-site\massage\gyeonggi\goyang\deogyang-gu\고양시-덕양구-출장마사지-동별-생활권-지역안내\index.html","E:\mong-lounge-site\shops\gyeonggi\goyang\deogyang-gu\행주동\love테라피\index.html","신규"
"love테라피","경기","경기","고양시-덕양구","화전동","E:\mong-lounge-site\massage\gyeonggi\goyang\deogyang-gu\고양시-덕양구-출장마사지-동별-생활권-지역안내\index.html","E:\mong-lounge-site\shops\gyeonggi\goyang\deogyang-gu\화전동\love테라피\index.html","신규"
"love테라피","경기","경기","고양시-덕양구","화정동","E:\mong-lounge-site\massage\gyeonggi\goyang\deogyang-gu\고양시-덕양구-출장마사지-동별-생활권-지역안내\index.html","E:\mong-lounge-site\shops\gyeonggi\goyang\deogyang-gu\화정동\love테라피\index.html","신규"
"love테라피","경기","경기","고양시-덕양구","효자동","E:\mong-lounge-site\massage\gyeonggi\goyang\deogyang-gu\고양시-덕양구-출장마사지-동별-생활권-지역안내\index.html","E:\mong-lounge-site\shops\gyeonggi\goyang\deogyang-gu\효자동\love테라피\index.html","신규"
"love테라피","경기","경기","고양시-덕양구","흥도동","E:\mong-lounge-site\massage\gyeonggi\goyang\deogyang-gu\고양시-덕양구-출장마사지-동별-생활권-지역안내\index.html","E:\mong-lounge-site\shops\gyeonggi\goyang\deogyang-gu\흥도동\love테라피\index.html","신규"
"love테라피","경기","경기","고양시-일산동구","고봉동","E:\mong-lounge-site\massage\gyeonggi\goyang\ilsandong-gu\고양시-일산동구-출장마사지-동별-생활권-지역안내\index.html","E:\mong-lounge-site\shops\gyeonggi\goyang\ilsandong-gu\고봉동\love테라피\index.html","신규"
"love테라피","경기","경기","고양시-일산동구","마두동","E:\mong-lounge-site\massage\gyeonggi\goyang\ilsandong-gu\고양시-일산동구-출장마사지-동별-생활권-지역안내\index.html","E:\mong-lounge-site\shops\gyeonggi\goyang\ilsandong-gu\마두동\love테라피\index.html","신규"
"love테라피","경기","경기","고양시-일산동구","백석동","E:\mong-lounge-site\massage\gyeonggi\goyang\ilsandong-gu\고양시-일산동구-출장마사지-동별-생활권-지역안내\index.html","E:\mong-lounge-site\shops\gyeonggi\goyang\ilsandong-gu\백석동\love테라피\index.html","신규"
"love테라피","경기","경기","고양시-일산동구","식사동","E:\mong-lounge-site\massage\gyeonggi\goyang\ilsandong-gu\고양시-일산동구-출장마사지-동별-생활권-지역안내\index.html","E:\mong-lounge-site\shops\gyeonggi\goyang\ilsandong-gu\식사동\love테라피\index.html","신규"
"love테라피","경기","경기","고양시-일산동구","장항동","E:\mong-lounge-site\massage\gyeonggi\goyang\ilsandong-gu\고양시-일산동구-출장마사지-동별-생활권-지역안내\index.html","E:\mong-lounge-site\shops\gyeonggi\goyang\ilsandong-gu\장항동\love테라피\index.html","신규"
"love테라피","경기","경기","고양시-일산동구","정발산동","E:\mong-lounge-site\massage\gyeonggi\goyang\ilsandong-gu\고양시-일산동구-출장마사지-동별-생활권-지역안내\index.html","E:\mong-lounge-site\shops\gyeonggi\goyang\ilsandong-gu\정발산동\love테라피\index.html","신규"
"love테라피","경기","경기","고양시-일산동구","중산동","E:\mong-lounge-site\massage\gyeonggi\goyang\ilsandong-gu\고양시-일산동구-출장마사지-동별-생활권-지역안내\index.html","E:\mong-lounge-site\shops\gyeonggi\goyang\ilsandong-gu\중산동\love테라피\index.html","신규"
"love테라피","경기","경기","고양시-일산동구","풍산동","E:\mong-lounge-site\massage\gyeonggi\goyang\ilsandong-gu\고양시-일산동구-출장마사지-동별-생활권-지역안내\index.html","E:\mong-lounge-site\shops\gyeonggi\goyang\ilsandong-gu\풍산동\love테라피\index.html","신규"
"love테라피","경기","경기","고양시-일산서구","가좌동","E:\mong-lounge-site\massage\gyeonggi\goyang\ilsanseo-gu\고양시-일산서구-출장마사지-동별-생활권-지역안내\index.html","E:\mong-lounge-site\shops\gyeonggi\goyang\ilsanseo-gu\가좌동\love테라피\index.html","신규"
"love테라피","경기","경기","고양시-일산서구","대화동","E:\mong-lounge-site\massage\gyeonggi\goyang\ilsanseo-gu\고양시-일산서구-출장마사지-동별-생활권-지역안내\index.html","E:\mong-lounge-site\shops\gyeonggi\goyang\ilsanseo-gu\대화동\love테라피\index.html","신규"
"love테라피","경기","경기","고양시-일산서구","덕이동","E:\mong-lounge-site\massage\gyeonggi\goyang\ilsanseo-gu\고양시-일산서구-출장마사지-동별-생활권-지역안내\index.html","E:\mong-lounge-site\shops\gyeonggi\goyang\ilsanseo-gu\덕이동\love테라피\index.html","신규"
"love테라피","경기","경기","고양시-일산서구","송포동","E:\mong-lounge-site\massage\gyeonggi\goyang\ilsanseo-gu\고양시-일산서구-출장마사지-동별-생활권-지역안내\index.html","E:\mong-lounge-site\shops\gyeonggi\goyang\ilsanseo-gu\송포동\love테라피\index.html","신규"
"love테라피","경기","경기","고양시-일산서구","일산동","E:\mong-lounge-site\massage\gyeonggi\goyang\ilsanseo-gu\고양시-일산서구-출장마사지-동별-생활권-지역안내\index.html","E:\mong-lounge-site\shops\gyeonggi\goyang\ilsanseo-gu\일산동\love테라피\index.html","신규"
"love테라피","경기","경기","고양시-일산서구","주엽동","E:\mong-lounge-site\massage\gyeonggi\goyang\ilsanseo-gu\고양시-일산서구-출장마사지-동별-생활권-지역안내\index.html","E:\mong-lounge-site\shops\gyeonggi\goyang\ilsanseo-gu\주엽동\love테라피\index.html","신규"
"love테라피","경기","경기","고양시-일산서구","탄현동","E:\mong-lounge-site\massage\gyeonggi\goyang\ilsanseo-gu\고양시-일산서구-출장마사지-동별-생활권-지역안내\index.html","E:\mong-lounge-site\shops\gyeonggi\goyang\ilsanseo-gu\탄현동\love테라피\index.html","신규"
"love테라피","경기","경기","과천시","갈현동","E:\mong-lounge-site\massage\gyeonggi\gwacheon\과천시-출장마사지-중앙-별양-정부과천청사-오피스-통근과-회의-일정-목-어깨-피로-방문-홈케어\index.html","E:\mong-lounge-site\shops\gyeonggi\gwacheon\갈현동\love테라피\index.html","신규"
"love테라피","경기","경기","과천시","과천동","E:\mong-lounge-site\massage\gyeonggi\gwacheon\과천시-출장마사지-중앙-별양-정부과천청사-오피스-통근과-회의-일정-목-어깨-피로-방문-홈케어\index.html","E:\mong-lounge-site\shops\gyeonggi\gwacheon\과천동\love테라피\index.html","신규"
"love테라피","경기","경기","과천시","문원동","E:\mong-lounge-site\massage\gyeonggi\gwacheon\과천시-출장마사지-중앙-별양-정부과천청사-오피스-통근과-회의-일정-목-어깨-피로-방문-홈케어\index.html","E:\mong-lounge-site\shops\gyeonggi\gwacheon\문원동\love테라피\index.html","신규"
"love테라피","경기","경기","과천시","별양동","E:\mong-lounge-site\massage\gyeonggi\gwacheon\과천시-출장마사지-중앙-별양-정부과천청사-오피스-통근과-회의-일정-목-어깨-피로-방문-홈케어\index.html","E:\mong-lounge-site\shops\gyeonggi\gwacheon\별양동\love테라피\index.html","신규"
"love테라피","경기","경기","과천시","부림동","E:\mong-lounge-site\massage\gyeonggi\gwacheon\과천시-출장마사지-중앙-별양-정부과천청사-오피스-통근과-회의-일정-목-어깨-피로-방문-홈케어\index.html","E:\mong-lounge-site\shops\gyeonggi\gwacheon\부림동\love테라피\index.html","신규"
"love테라피","경기","경기","과천시","원문동","E:\mong-lounge-site\massage\gyeonggi\gwacheon\과천시-출장마사지-중앙-별양-정부과천청사-오피스-통근과-회의-일정-목-어깨-피로-방문-홈케어\index.html","E:\mong-lounge-site\shops\gyeonggi\gwacheon\원문동\love테라피\index.html","신규"
"love테라피","경기","경기","과천시","중앙동","E:\mong-lounge-site\massage\gyeonggi\gwacheon\과천시-출장마사지-중앙-별양-정부과천청사-오피스-통근과-회의-일정-목-어깨-피로-방문-홈케어\index.html","E:\mong-lounge-site\shops\gyeonggi\gwacheon\중앙동\love테라피\index.html","신규"
"love테라피","경기","경기","광명시","광명동","E:\mong-lounge-site\massage\gyeonggi\gwangmyeong\광명시-출장마사지-광명역-철산-하안-출장과-광역-이동이-겹친-날-다리-허리-피로-방문-홈케어\index.html","E:\mong-lounge-site\shops\gyeonggi\gwangmyeong\광명동\love테라피\index.html","신규"
"love테라피","경기","경기","광명시","소하동","E:\mong-lounge-site\massage\gyeonggi\gwangmyeong\광명시-출장마사지-광명역-철산-하안-출장과-광역-이동이-겹친-날-다리-허리-피로-방문-홈케어\index.html","E:\mong-lounge-site\shops\gyeonggi\gwangmyeong\소하동\love테라피\index.html","신규"
"love테라피","경기","경기","광명시","일직동","E:\mong-lounge-site\massage\gyeonggi\gwangmyeong\광명시-출장마사지-광명역-철산-하안-출장과-광역-이동이-겹친-날-다리-허리-피로-방문-홈케어\index.html","E:\mong-lounge-site\shops\gyeonggi\gwangmyeong\일직동\love테라피\index.html","신규"
"love테라피","경기","경기","광명시","철산동","E:\mong-lounge-site\massage\gyeonggi\gwangmyeong\광명시-출장마사지-광명역-철산-하안-출장과-광역-이동이-겹친-날-다리-허리-피로-방문-홈케어\index.html","E:\mong-lounge-site\shops\gyeonggi\gwangmyeong\철산동\love테라피\index.html","신규"
"love테라피","경기","경기","광명시","하안동","E:\mong-lounge-site\massage\gyeonggi\gwangmyeong\광명시-출장마사지-광명역-철산-하안-출장과-광역-이동이-겹친-날-다리-허리-피로-방문-홈케어\index.html","E:\mong-lounge-site\shops\gyeonggi\gwangmyeong\하안동\love테라피\index.html","신규"
"love테라피","경기","경기","광명시","학온동","E:\mong-lounge-site\massage\gyeonggi\gwangmyeong\광명시-출장마사지-광명역-철산-하안-출장과-광역-이동이-겹친-날-다리-허리-피로-방문-홈케어\index.html","E:\mong-lounge-site\shops\gyeonggi\gwangmyeong\학온동\love테라피\index.html","신규"
"love테라피","경기","경기","광주시","경안동","E:\mong-lounge-site\massage\gyeonggi\gwangju-gyeonggi\광주시-출장마사지-태전-경안-곤지암-차량-이동과-생활권-이동이-긴-날-허리-어깨-피로-방문-홈케어\index.html","E:\mong-lounge-site\shops\gyeonggi\gwangju-gyeonggi\경안동\love테라피\index.html","신규"
"love테라피","경기","경기","광주시","곤지암읍","E:\mong-lounge-site\massage\gyeonggi\gwangju-gyeonggi\광주시-출장마사지-태전-경안-곤지암-차량-이동과-생활권-이동이-긴-날-허리-어깨-피로-방문-홈케어\index.html","E:\mong-lounge-site\shops\gyeonggi\gwangju-gyeonggi\곤지암읍\love테라피\index.html","신규"
"love테라피","경기","경기","광주시","광남동","E:\mong-lounge-site\massage\gyeonggi\gwangju-gyeonggi\광주시-출장마사지-태전-경안-곤지암-차량-이동과-생활권-이동이-긴-날-허리-어깨-피로-방문-홈케어\index.html","E:\mong-lounge-site\shops\gyeonggi\gwangju-gyeonggi\광남동\love테라피\index.html","신규"
"love테라피","경기","경기","광주시","남종면","E:\mong-lounge-site\massage\gyeonggi\gwangju-gyeonggi\광주시-출장마사지-태전-경안-곤지암-차량-이동과-생활권-이동이-긴-날-허리-어깨-피로-방문-홈케어\index.html","E:\mong-lounge-site\shops\gyeonggi\gwangju-gyeonggi\남종면\love테라피\index.html","신규"
"love테라피","경기","경기","광주시","남한산성면","E:\mong-lounge-site\massage\gyeonggi\gwangju-gyeonggi\광주시-출장마사지-태전-경안-곤지암-차량-이동과-생활권-이동이-긴-날-허리-어깨-피로-방문-홈케어\index.html","E:\mong-lounge-site\shops\gyeonggi\gwangju-gyeonggi\남한산성면\love테라피\index.html","신규"
"love테라피","경기","경기","광주시","능평동","E:\mong-lounge-site\massage\gyeonggi\gwangju-gyeonggi\광주시-출장마사지-태전-경안-곤지암-차량-이동과-생활권-이동이-긴-날-허리-어깨-피로-방문-홈케어\index.html","E:\mong-lounge-site\shops\gyeonggi\gwangju-gyeonggi\능평동\love테라피\index.html","신규"
"love테라피","경기","경기","광주시","도척면","E:\mong-lounge-site\massage\gyeonggi\gwangju-gyeonggi\광주시-출장마사지-태전-경안-곤지암-차량-이동과-생활권-이동이-긴-날-허리-어깨-피로-방문-홈케어\index.html","E:\mong-lounge-site\shops\gyeonggi\gwangju-gyeonggi\도척면\love테라피\index.html","신규"
"love테라피","경기","경기","광주시","송정동","E:\mong-lounge-site\massage\gyeonggi\gwangju-gyeonggi\광주시-출장마사지-태전-경안-곤지암-차량-이동과-생활권-이동이-긴-날-허리-어깨-피로-방문-홈케어\index.html","E:\mong-lounge-site\shops\gyeonggi\gwangju-gyeonggi\송정동\love테라피\index.html","신규"
"love테라피","경기","경기","광주시","신현동","E:\mong-lounge-site\massage\gyeonggi\gwangju-gyeonggi\광주시-출장마사지-태전-경안-곤지암-차량-이동과-생활권-이동이-긴-날-허리-어깨-피로-방문-홈케어\index.html","E:\mong-lounge-site\shops\gyeonggi\gwangju-gyeonggi\신현동\love테라피\index.html","신규"
"love테라피","경기","경기","광주시","쌍령동","E:\mong-lounge-site\massage\gyeonggi\gwangju-gyeonggi\광주시-출장마사지-태전-경안-곤지암-차량-이동과-생활권-이동이-긴-날-허리-어깨-피로-방문-홈케어\index.html","E:\mong-lounge-site\shops\gyeonggi\gwangju-gyeonggi\쌍령동\love테라피\index.html","신규"
"love테라피","경기","경기","광주시","오포동","E:\mong-lounge-site\massage\gyeonggi\gwangju-gyeonggi\광주시-출장마사지-태전-경안-곤지암-차량-이동과-생활권-이동이-긴-날-허리-어깨-피로-방문-홈케어\index.html","E:\mong-lounge-site\shops\gyeonggi\gwangju-gyeonggi\오포동\love테라피\index.html","신규"
"love테라피","경기","경기","광주시","초월읍","E:\mong-lounge-site\massage\gyeonggi\gwangju-gyeonggi\광주시-출장마사지-태전-경안-곤지암-차량-이동과-생활권-이동이-긴-날-허리-어깨-피로-방문-홈케어\index.html","E:\mong-lounge-site\shops\gyeonggi\gwangju-gyeonggi\초월읍\love테라피\index.html","신규"
"love테라피","경기","경기","광주시","탄벌동","E:\mong-lounge-site\massage\gyeonggi\gwangju-gyeonggi\광주시-출장마사지-태전-경안-곤지암-차량-이동과-생활권-이동이-긴-날-허리-어깨-피로-방문-홈케어\index.html","E:\mong-lounge-site\shops\gyeonggi\gwangju-gyeonggi\탄벌동\love테라피\index.html","신규"
"love테라피","경기","경기","광주시","퇴촌면","E:\mong-lounge-site\massage\gyeonggi\gwangju-gyeonggi\광주시-출장마사지-태전-경안-곤지암-차량-이동과-생활권-이동이-긴-날-허리-어깨-피로-방문-홈케어\index.html","E:\mong-lounge-site\shops\gyeonggi\gwangju-gyeonggi\퇴촌면\love테라피\index.html","신규"
"love테라피","경기","경기","구리시","갈매동","E:\mong-lounge-site\massage\gyeonggi\guri\구리시-출장마사지-인창-갈매-수택-서울-통근과-생활-이동이-긴-날-목-허리-피로-방문-홈케어\index.html","E:\mong-lounge-site\shops\gyeonggi\guri\갈매동\love테라피\index.html","신규"
"love테라피","경기","경기","구리시","교문동","E:\mong-lounge-site\massage\gyeonggi\guri\구리시-출장마사지-인창-갈매-수택-서울-통근과-생활-이동이-긴-날-목-허리-피로-방문-홈케어\index.html","E:\mong-lounge-site\shops\gyeonggi\guri\교문동\love테라피\index.html","신규"
"love테라피","경기","경기","구리시","동구동","E:\mong-lounge-site\massage\gyeonggi\guri\구리시-출장마사지-인창-갈매-수택-서울-통근과-생활-이동이-긴-날-목-허리-피로-방문-홈케어\index.html","E:\mong-lounge-site\shops\gyeonggi\guri\동구동\love테라피\index.html","신규"
"love테라피","경기","경기","구리시","수택동","E:\mong-lounge-site\massage\gyeonggi\guri\구리시-출장마사지-인창-갈매-수택-서울-통근과-생활-이동이-긴-날-목-허리-피로-방문-홈케어\index.html","E:\mong-lounge-site\shops\gyeonggi\guri\수택동\love테라피\index.html","신규"
"love테라피","경기","경기","구리시","인창동","E:\mong-lounge-site\massage\gyeonggi\guri\구리시-출장마사지-인창-갈매-수택-서울-통근과-생활-이동이-긴-날-목-허리-피로-방문-홈케어\index.html","E:\mong-lounge-site\shops\gyeonggi\guri\인창동\love테라피\index.html","신규"
"love테라피","경기","경기","군포시","광정동","E:\mong-lounge-site\massage\gyeonggi\gunpo\군포시-출장마사지-산본-금정-당동-지하철-통근과-장시간-보행-다리-허리-피로-방문-홈케어\index.html","E:\mong-lounge-site\shops\gyeonggi\gunpo\광정동\love테라피\index.html","신규"
"love테라피","경기","경기","군포시","군포동","E:\mong-lounge-site\massage\gyeonggi\gunpo\군포시-출장마사지-산본-금정-당동-지하철-통근과-장시간-보행-다리-허리-피로-방문-홈케어\index.html","E:\mong-lounge-site\shops\gyeonggi\gunpo\군포동\love테라피\index.html","신규"
"love테라피","경기","경기","군포시","궁내동","E:\mong-lounge-site\massage\gyeonggi\gunpo\군포시-출장마사지-산본-금정-당동-지하철-통근과-장시간-보행-다리-허리-피로-방문-홈케어\index.html","E:\mong-lounge-site\shops\gyeonggi\gunpo\궁내동\love테라피\index.html","신규"
"love테라피","경기","경기","군포시","금정동","E:\mong-lounge-site\massage\gyeonggi\gunpo\군포시-출장마사지-산본-금정-당동-지하철-통근과-장시간-보행-다리-허리-피로-방문-홈케어\index.html","E:\mong-lounge-site\shops\gyeonggi\gunpo\금정동\love테라피\index.html","신규"
"love테라피","경기","경기","군포시","대야동","E:\mong-lounge-site\massage\gyeonggi\gunpo\군포시-출장마사지-산본-금정-당동-지하철-통근과-장시간-보행-다리-허리-피로-방문-홈케어\index.html","E:\mong-lounge-site\shops\gyeonggi\gunpo\대야동\love테라피\index.html","신규"
"love테라피","경기","경기","군포시","산본동","E:\mong-lounge-site\massage\gyeonggi\gunpo\군포시-출장마사지-산본-금정-당동-지하철-통근과-장시간-보행-다리-허리-피로-방문-홈케어\index.html","E:\mong-lounge-site\shops\gyeonggi\gunpo\산본동\love테라피\index.html","신규"
"love테라피","경기","경기","군포시","송부동","E:\mong-lounge-site\massage\gyeonggi\gunpo\군포시-출장마사지-산본-금정-당동-지하철-통근과-장시간-보행-다리-허리-피로-방문-홈케어\index.html","E:\mong-lounge-site\shops\gyeonggi\gunpo\송부동\love테라피\index.html","신규"
"love테라피","경기","경기","군포시","수리동","E:\mong-lounge-site\massage\gyeonggi\gunpo\군포시-출장마사지-산본-금정-당동-지하철-통근과-장시간-보행-다리-허리-피로-방문-홈케어\index.html","E:\mong-lounge-site\shops\gyeonggi\gunpo\수리동\love테라피\index.html","신규"
"love테라피","경기","경기","군포시","오금동","E:\mong-lounge-site\massage\gyeonggi\gunpo\군포시-출장마사지-산본-금정-당동-지하철-통근과-장시간-보행-다리-허리-피로-방문-홈케어\index.html","E:\mong-lounge-site\shops\gyeonggi\gunpo\오금동\love테라피\index.html","신규"
"love테라피","경기","경기","군포시","재궁동","E:\mong-lounge-site\massage\gyeonggi\gunpo\군포시-출장마사지-산본-금정-당동-지하철-통근과-장시간-보행-다리-허리-피로-방문-홈케어\index.html","E:\mong-lounge-site\shops\gyeonggi\gunpo\재궁동\love테라피\index.html","신규"
"love테라피","경기","경기","김포시","고촌읍","E:\mong-lounge-site\massage\gyeonggi\gimpo\김포시-출장마사지-장기-구래-마산-신도시-통근과-대중교통-이동-어깨-다리-피로-방문-홈케어\index.html","E:\mong-lounge-site\shops\gyeonggi\gimpo\고촌읍\love테라피\index.html","신규"
"love테라피","경기","경기","김포시","구래동","E:\mong-lounge-site\massage\gyeonggi\gimpo\김포시-출장마사지-장기-구래-마산-신도시-통근과-대중교통-이동-어깨-다리-피로-방문-홈케어\index.html","E:\mong-lounge-site\shops\gyeonggi\gimpo\구래동\love테라피\index.html","신규"
"love테라피","경기","경기","김포시","김포본동","E:\mong-lounge-site\massage\gyeonggi\gimpo\김포시-출장마사지-장기-구래-마산-신도시-통근과-대중교통-이동-어깨-다리-피로-방문-홈케어\index.html","E:\mong-lounge-site\shops\gyeonggi\gimpo\김포본동\love테라피\index.html","신규"
"love테라피","경기","경기","김포시","대곶면","E:\mong-lounge-site\massage\gyeonggi\gimpo\김포시-출장마사지-장기-구래-마산-신도시-통근과-대중교통-이동-어깨-다리-피로-방문-홈케어\index.html","E:\mong-lounge-site\shops\gyeonggi\gimpo\대곶면\love테라피\index.html","신규"
"love테라피","경기","경기","김포시","마산동","E:\mong-lounge-site\massage\gyeonggi\gimpo\김포시-출장마사지-장기-구래-마산-신도시-통근과-대중교통-이동-어깨-다리-피로-방문-홈케어\index.html","E:\mong-lounge-site\shops\gyeonggi\gimpo\마산동\love테라피\index.html","신규"
"love테라피","경기","경기","김포시","사우동","E:\mong-lounge-site\massage\gyeonggi\gimpo\김포시-출장마사지-장기-구래-마산-신도시-통근과-대중교통-이동-어깨-다리-피로-방문-홈케어\index.html","E:\mong-lounge-site\shops\gyeonggi\gimpo\사우동\love테라피\index.html","신규"
"love테라피","경기","경기","김포시","양촌읍","E:\mong-lounge-site\massage\gyeonggi\gimpo\김포시-출장마사지-장기-구래-마산-신도시-통근과-대중교통-이동-어깨-다리-피로-방문-홈케어\index.html","E:\mong-lounge-site\shops\gyeonggi\gimpo\양촌읍\love테라피\index.html","신규"
"love테라피","경기","경기","김포시","운양동","E:\mong-lounge-site\massage\gyeonggi\gimpo\김포시-출장마사지-장기-구래-마산-신도시-통근과-대중교통-이동-어깨-다리-피로-방문-홈케어\index.html","E:\mong-lounge-site\shops\gyeonggi\gimpo\운양동\love테라피\index.html","신규"
"love테라피","경기","경기","김포시","월곶면","E:\mong-lounge-site\massage\gyeonggi\gimpo\김포시-출장마사지-장기-구래-마산-신도시-통근과-대중교통-이동-어깨-다리-피로-방문-홈케어\index.html","E:\mong-lounge-site\shops\gyeonggi\gimpo\월곶면\love테라피\index.html","신규"
"love테라피","경기","경기","김포시","장기동","E:\mong-lounge-site\massage\gyeonggi\gimpo\김포시-출장마사지-장기-구래-마산-신도시-통근과-대중교통-이동-어깨-다리-피로-방문-홈케어\index.html","E:\mong-lounge-site\shops\gyeonggi\gimpo\장기동\love테라피\index.html","신규"
"love테라피","경기","경기","김포시","장기본동","E:\mong-lounge-site\massage\gyeonggi\gimpo\김포시-출장마사지-장기-구래-마산-신도시-통근과-대중교통-이동-어깨-다리-피로-방문-홈케어\index.html","E:\mong-lounge-site\shops\gyeonggi\gimpo\장기본동\love테라피\index.html","신규"
"love테라피","경기","경기","김포시","통진읍","E:\mong-lounge-site\massage\gyeonggi\gimpo\김포시-출장마사지-장기-구래-마산-신도시-통근과-대중교통-이동-어깨-다리-피로-방문-홈케어\index.html","E:\mong-lounge-site\shops\gyeonggi\gimpo\통진읍\love테라피\index.html","신규"
"love테라피","경기","경기","김포시","풍무동","E:\mong-lounge-site\massage\gyeonggi\gimpo\김포시-출장마사지-장기-구래-마산-신도시-통근과-대중교통-이동-어깨-다리-피로-방문-홈케어\index.html","E:\mong-lounge-site\shops\gyeonggi\gimpo\풍무동\love테라피\index.html","신규"
"love테라피","경기","경기","김포시","하성면","E:\mong-lounge-site\massage\gyeonggi\gimpo\김포시-출장마사지-장기-구래-마산-신도시-통근과-대중교통-이동-어깨-다리-피로-방문-홈케어\index.html","E:\mong-lounge-site\shops\gyeonggi\gimpo\하성면\love테라피\index.html","신규"
"love테라피","경기","경기","남양주시","금곡동","E:\mong-lounge-site\massage\gyeonggi\namyangju\남양주시-출장마사지-다산-별내-진접-차량-이동과-외곽-통근이-긴-날-허리-다리-피로-방문-홈케어\index.html","E:\mong-lounge-site\shops\gyeonggi\namyangju\금곡동\love테라피\index.html","신규"
"love테라피","경기","경기","남양주시","다산동","E:\mong-lounge-site\massage\gyeonggi\namyangju\남양주시-출장마사지-다산-별내-진접-차량-이동과-외곽-통근이-긴-날-허리-다리-피로-방문-홈케어\index.html","E:\mong-lounge-site\shops\gyeonggi\namyangju\다산동\love테라피\index.html","신규"
"love테라피","경기","경기","남양주시","별내동","E:\mong-lounge-site\massage\gyeonggi\namyangju\남양주시-출장마사지-다산-별내-진접-차량-이동과-외곽-통근이-긴-날-허리-다리-피로-방문-홈케어\index.html","E:\mong-lounge-site\shops\gyeonggi\namyangju\별내동\love테라피\index.html","신규"
"love테라피","경기","경기","남양주시","별내면","E:\mong-lounge-site\massage\gyeonggi\namyangju\남양주시-출장마사지-다산-별내-진접-차량-이동과-외곽-통근이-긴-날-허리-다리-피로-방문-홈케어\index.html","E:\mong-lounge-site\shops\gyeonggi\namyangju\별내면\love테라피\index.html","신규"
"love테라피","경기","경기","남양주시","수동면","E:\mong-lounge-site\massage\gyeonggi\namyangju\남양주시-출장마사지-다산-별내-진접-차량-이동과-외곽-통근이-긴-날-허리-다리-피로-방문-홈케어\index.html","E:\mong-lounge-site\shops\gyeonggi\namyangju\수동면\love테라피\index.html","신규"
"love테라피","경기","경기","남양주시","양정동","E:\mong-lounge-site\massage\gyeonggi\namyangju\남양주시-출장마사지-다산-별내-진접-차량-이동과-외곽-통근이-긴-날-허리-다리-피로-방문-홈케어\index.html","E:\mong-lounge-site\shops\gyeonggi\namyangju\양정동\love테라피\index.html","신규"
"love테라피","경기","경기","남양주시","오남읍","E:\mong-lounge-site\massage\gyeonggi\namyangju\남양주시-출장마사지-다산-별내-진접-차량-이동과-외곽-통근이-긴-날-허리-다리-피로-방문-홈케어\index.html","E:\mong-lounge-site\shops\gyeonggi\namyangju\오남읍\love테라피\index.html","신규"
"love테라피","경기","경기","남양주시","와부읍","E:\mong-lounge-site\massage\gyeonggi\namyangju\남양주시-출장마사지-다산-별내-진접-차량-이동과-외곽-통근이-긴-날-허리-다리-피로-방문-홈케어\index.html","E:\mong-lounge-site\shops\gyeonggi\namyangju\와부읍\love테라피\index.html","신규"
"love테라피","경기","경기","남양주시","조안면","E:\mong-lounge-site\massage\gyeonggi\namyangju\남양주시-출장마사지-다산-별내-진접-차량-이동과-외곽-통근이-긴-날-허리-다리-피로-방문-홈케어\index.html","E:\mong-lounge-site\shops\gyeonggi\namyangju\조안면\love테라피\index.html","신규"
"love테라피","경기","경기","남양주시","진건읍","E:\mong-lounge-site\massage\gyeonggi\namyangju\남양주시-출장마사지-다산-별내-진접-차량-이동과-외곽-통근이-긴-날-허리-다리-피로-방문-홈케어\index.html","E:\mong-lounge-site\shops\gyeonggi\namyangju\진건읍\love테라피\index.html","신규"
"love테라피","경기","경기","남양주시","진접읍","E:\mong-lounge-site\massage\gyeonggi\namyangju\남양주시-출장마사지-다산-별내-진접-차량-이동과-외곽-통근이-긴-날-허리-다리-피로-방문-홈케어\index.html","E:\mong-lounge-site\shops\gyeonggi\namyangju\진접읍\love테라피\index.html","신규"
"love테라피","경기","경기","남양주시","퇴계원읍","E:\mong-lounge-site\massage\gyeonggi\namyangju\남양주시-출장마사지-다산-별내-진접-차량-이동과-외곽-통근이-긴-날-허리-다리-피로-방문-홈케어\index.html","E:\mong-lounge-site\shops\gyeonggi\namyangju\퇴계원읍\love테라피\index.html","신규"
"love테라피","경기","경기","남양주시","평내동","E:\mong-lounge-site\massage\gyeonggi\namyangju\남양주시-출장마사지-다산-별내-진접-차량-이동과-외곽-통근이-긴-날-허리-다리-피로-방문-홈케어\index.html","E:\mong-lounge-site\shops\gyeonggi\namyangju\평내동\love테라피\index.html","신규"
"love테라피","경기","경기","남양주시","호평동","E:\mong-lounge-site\massage\gyeonggi\namyangju\남양주시-출장마사지-다산-별내-진접-차량-이동과-외곽-통근이-긴-날-허리-다리-피로-방문-홈케어\index.html","E:\mong-lounge-site\shops\gyeonggi\namyangju\호평동\love테라피\index.html","신규"
"love테라피","경기","경기","남양주시","화도읍","E:\mong-lounge-site\massage\gyeonggi\namyangju\남양주시-출장마사지-다산-별내-진접-차량-이동과-외곽-통근이-긴-날-허리-다리-피로-방문-홈케어\index.html","E:\mong-lounge-site\shops\gyeonggi\namyangju\화도읍\love테라피\index.html","신규"
"love테라피","경기","경기","동두천시","보산동","E:\mong-lounge-site\massage\gyeonggi\dongducheon\동두천시-출장마사지-지행-생연-보산-광역-통근과-생활-이동이-긴-날-어깨-허리-피로-방문-홈케어\index.html","E:\mong-lounge-site\shops\gyeonggi\dongducheon\보산동\love테라피\index.html","신규"
"love테라피","경기","경기","동두천시","불현동","E:\mong-lounge-site\massage\gyeonggi\dongducheon\동두천시-출장마사지-지행-생연-보산-광역-통근과-생활-이동이-긴-날-어깨-허리-피로-방문-홈케어\index.html","E:\mong-lounge-site\shops\gyeonggi\dongducheon\불현동\love테라피\index.html","신규"
"love테라피","경기","경기","동두천시","상패동","E:\mong-lounge-site\massage\gyeonggi\dongducheon\동두천시-출장마사지-지행-생연-보산-광역-통근과-생활-이동이-긴-날-어깨-허리-피로-방문-홈케어\index.html","E:\mong-lounge-site\shops\gyeonggi\dongducheon\상패동\love테라피\index.html","신규"
"love테라피","경기","경기","동두천시","생연동","E:\mong-lounge-site\massage\gyeonggi\dongducheon\동두천시-출장마사지-지행-생연-보산-광역-통근과-생활-이동이-긴-날-어깨-허리-피로-방문-홈케어\index.html","E:\mong-lounge-site\shops\gyeonggi\dongducheon\생연동\love테라피\index.html","신규"
"love테라피","경기","경기","동두천시","소요동","E:\mong-lounge-site\massage\gyeonggi\dongducheon\동두천시-출장마사지-지행-생연-보산-광역-통근과-생활-이동이-긴-날-어깨-허리-피로-방문-홈케어\index.html","E:\mong-lounge-site\shops\gyeonggi\dongducheon\소요동\love테라피\index.html","신규"
"love테라피","경기","경기","동두천시","송내동","E:\mong-lounge-site\massage\gyeonggi\dongducheon\동두천시-출장마사지-지행-생연-보산-광역-통근과-생활-이동이-긴-날-어깨-허리-피로-방문-홈케어\index.html","E:\mong-lounge-site\shops\gyeonggi\dongducheon\송내동\love테라피\index.html","신규"
"love테라피","경기","경기","동두천시","중앙동","E:\mong-lounge-site\massage\gyeonggi\dongducheon\동두천시-출장마사지-지행-생연-보산-광역-통근과-생활-이동이-긴-날-어깨-허리-피로-방문-홈케어\index.html","E:\mong-lounge-site\shops\gyeonggi\dongducheon\중앙동\love테라피\index.html","신규"
"love테라피","경기","경기","부천시-소사구","괴안동","E:\mong-lounge-site\massage\gyeonggi\bucheon\sosa-gu\부천시-소사구-출장마사지-동별-생활권-지역안내\index.html","E:\mong-lounge-site\shops\gyeonggi\bucheon\sosa-gu\괴안동\love테라피\index.html","신규"
"love테라피","경기","경기","부천시-소사구","범박동","E:\mong-lounge-site\massage\gyeonggi\bucheon\sosa-gu\부천시-소사구-출장마사지-동별-생활권-지역안내\index.html","E:\mong-lounge-site\shops\gyeonggi\bucheon\sosa-gu\범박동\love테라피\index.html","신규"
"love테라피","경기","경기","부천시-소사구","소사본동","E:\mong-lounge-site\massage\gyeonggi\bucheon\sosa-gu\부천시-소사구-출장마사지-동별-생활권-지역안내\index.html","E:\mong-lounge-site\shops\gyeonggi\bucheon\sosa-gu\소사본동\love테라피\index.html","신규"
"love테라피","경기","경기","부천시-소사구","송내동","E:\mong-lounge-site\massage\gyeonggi\bucheon\sosa-gu\부천시-소사구-출장마사지-동별-생활권-지역안내\index.html","E:\mong-lounge-site\shops\gyeonggi\bucheon\sosa-gu\송내동\love테라피\index.html","신규"
"love테라피","경기","경기","부천시-소사구","심곡본동","E:\mong-lounge-site\massage\gyeonggi\bucheon\sosa-gu\부천시-소사구-출장마사지-동별-생활권-지역안내\index.html","E:\mong-lounge-site\shops\gyeonggi\bucheon\sosa-gu\심곡본동\love테라피\index.html","신규"
"love테라피","경기","경기","부천시-소사구","역곡동","E:\mong-lounge-site\massage\gyeonggi\bucheon\sosa-gu\부천시-소사구-출장마사지-동별-생활권-지역안내\index.html","E:\mong-lounge-site\shops\gyeonggi\bucheon\sosa-gu\역곡동\love테라피\index.html","신규"
"love테라피","경기","경기","부천시-소사구","옥길동","E:\mong-lounge-site\massage\gyeonggi\bucheon\sosa-gu\부천시-소사구-출장마사지-동별-생활권-지역안내\index.html","E:\mong-lounge-site\shops\gyeonggi\bucheon\sosa-gu\옥길동\love테라피\index.html","신규"
"love테라피","경기","경기","부천시-오정구","고강동","E:\mong-lounge-site\massage\gyeonggi\bucheon\ojeong-gu\부천시-오정구-출장마사지-동별-생활권-지역안내\index.html","E:\mong-lounge-site\shops\gyeonggi\bucheon\ojeong-gu\고강동\love테라피\index.html","신규"
"love테라피","경기","경기","부천시-오정구","고강본동","E:\mong-lounge-site\massage\gyeonggi\bucheon\ojeong-gu\부천시-오정구-출장마사지-동별-생활권-지역안내\index.html","E:\mong-lounge-site\shops\gyeonggi\bucheon\ojeong-gu\고강본동\love테라피\index.html","신규"
"love테라피","경기","경기","부천시-오정구","성곡동","E:\mong-lounge-site\massage\gyeonggi\bucheon\ojeong-gu\부천시-오정구-출장마사지-동별-생활권-지역안내\index.html","E:\mong-lounge-site\shops\gyeonggi\bucheon\ojeong-gu\성곡동\love테라피\index.html","신규"
"love테라피","경기","경기","부천시-오정구","신흥동","E:\mong-lounge-site\massage\gyeonggi\bucheon\ojeong-gu\부천시-오정구-출장마사지-동별-생활권-지역안내\index.html","E:\mong-lounge-site\shops\gyeonggi\bucheon\ojeong-gu\신흥동\love테라피\index.html","신규"
"love테라피","경기","경기","부천시-오정구","오정동","E:\mong-lounge-site\massage\gyeonggi\bucheon\ojeong-gu\부천시-오정구-출장마사지-동별-생활권-지역안내\index.html","E:\mong-lounge-site\shops\gyeonggi\bucheon\ojeong-gu\오정동\love테라피\index.html","신규"
"love테라피","경기","경기","부천시-오정구","원종동","E:\mong-lounge-site\massage\gyeonggi\bucheon\ojeong-gu\부천시-오정구-출장마사지-동별-생활권-지역안내\index.html","E:\mong-lounge-site\shops\gyeonggi\bucheon\ojeong-gu\원종동\love테라피\index.html","신규"
"love테라피","경기","경기","부천시-원미구","도당동","E:\mong-lounge-site\massage\gyeonggi\bucheon\wonmi-gu\부천시-원미구-출장마사지-동별-생활권-지역안내\index.html","E:\mong-lounge-site\shops\gyeonggi\bucheon\wonmi-gu\도당동\love테라피\index.html","신규"
"love테라피","경기","경기","부천시-원미구","상동","E:\mong-lounge-site\massage\gyeonggi\bucheon\wonmi-gu\부천시-원미구-출장마사지-동별-생활권-지역안내\index.html","E:\mong-lounge-site\shops\gyeonggi\bucheon\wonmi-gu\상동\love테라피\index.html","신규"
"love테라피","경기","경기","부천시-원미구","소사동","E:\mong-lounge-site\massage\gyeonggi\bucheon\wonmi-gu\부천시-원미구-출장마사지-동별-생활권-지역안내\index.html","E:\mong-lounge-site\shops\gyeonggi\bucheon\wonmi-gu\소사동\love테라피\index.html","신규"
"love테라피","경기","경기","부천시-원미구","심곡동","E:\mong-lounge-site\massage\gyeonggi\bucheon\wonmi-gu\부천시-원미구-출장마사지-동별-생활권-지역안내\index.html","E:\mong-lounge-site\shops\gyeonggi\bucheon\wonmi-gu\심곡동\love테라피\index.html","신규"
"love테라피","경기","경기","부천시-원미구","약대동","E:\mong-lounge-site\massage\gyeonggi\bucheon\wonmi-gu\부천시-원미구-출장마사지-동별-생활권-지역안내\index.html","E:\mong-lounge-site\shops\gyeonggi\bucheon\wonmi-gu\약대동\love테라피\index.html","신규"
"love테라피","경기","경기","부천시-원미구","역곡동","E:\mong-lounge-site\massage\gyeonggi\bucheon\wonmi-gu\부천시-원미구-출장마사지-동별-생활권-지역안내\index.html","E:\mong-lounge-site\shops\gyeonggi\bucheon\wonmi-gu\역곡동\love테라피\index.html","신규"
"love테라피","경기","경기","부천시-원미구","원미동","E:\mong-lounge-site\massage\gyeonggi\bucheon\wonmi-gu\부천시-원미구-출장마사지-동별-생활권-지역안내\index.html","E:\mong-lounge-site\shops\gyeonggi\bucheon\wonmi-gu\원미동\love테라피\index.html","신규"
"love테라피","경기","경기","부천시-원미구","중동","E:\mong-lounge-site\massage\gyeonggi\bucheon\wonmi-gu\부천시-원미구-출장마사지-동별-생활권-지역안내\index.html","E:\mong-lounge-site\shops\gyeonggi\bucheon\wonmi-gu\중동\love테라피\index.html","신규"
"love테라피","경기","경기","부천시-원미구","춘의동","E:\mong-lounge-site\massage\gyeonggi\bucheon\wonmi-gu\부천시-원미구-출장마사지-동별-생활권-지역안내\index.html","E:\mong-lounge-site\shops\gyeonggi\bucheon\wonmi-gu\춘의동\love테라피\index.html","신규"
"love테라피","경기","경기","성남시-분당구","구미동","E:\mong-lounge-site\massage\gyeonggi\seongnam\bundang-gu\성남시-분당구-출장마사지-동별-생활권-지역안내\index.html","E:\mong-lounge-site\shops\gyeonggi\seongnam\bundang-gu\구미동\love테라피\index.html","신규"
"love테라피","경기","경기","성남시-분당구","금곡동","E:\mong-lounge-site\massage\gyeonggi\seongnam\bundang-gu\성남시-분당구-출장마사지-동별-생활권-지역안내\index.html","E:\mong-lounge-site\shops\gyeonggi\seongnam\bundang-gu\금곡동\love테라피\index.html","신규"
"love테라피","경기","경기","성남시-분당구","백현동","E:\mong-lounge-site\massage\gyeonggi\seongnam\bundang-gu\성남시-분당구-출장마사지-동별-생활권-지역안내\index.html","E:\mong-lounge-site\shops\gyeonggi\seongnam\bundang-gu\백현동\love테라피\index.html","신규"
"love테라피","경기","경기","성남시-분당구","분당동","E:\mong-lounge-site\massage\gyeonggi\seongnam\bundang-gu\성남시-분당구-출장마사지-동별-생활권-지역안내\index.html","E:\mong-lounge-site\shops\gyeonggi\seongnam\bundang-gu\분당동\love테라피\index.html","신규"
"love테라피","경기","경기","성남시-분당구","삼평동","E:\mong-lounge-site\massage\gyeonggi\seongnam\bundang-gu\성남시-분당구-출장마사지-동별-생활권-지역안내\index.html","E:\mong-lounge-site\shops\gyeonggi\seongnam\bundang-gu\삼평동\love테라피\index.html","신규"
"love테라피","경기","경기","성남시-분당구","서현동","E:\mong-lounge-site\massage\gyeonggi\seongnam\bundang-gu\성남시-분당구-출장마사지-동별-생활권-지역안내\index.html","E:\mong-lounge-site\shops\gyeonggi\seongnam\bundang-gu\서현동\love테라피\index.html","신규"
"love테라피","경기","경기","성남시-분당구","수내동","E:\mong-lounge-site\massage\gyeonggi\seongnam\bundang-gu\성남시-분당구-출장마사지-동별-생활권-지역안내\index.html","E:\mong-lounge-site\shops\gyeonggi\seongnam\bundang-gu\수내동\love테라피\index.html","신규"
"love테라피","경기","경기","성남시-분당구","야탑동","E:\mong-lounge-site\massage\gyeonggi\seongnam\bundang-gu\성남시-분당구-출장마사지-동별-생활권-지역안내\index.html","E:\mong-lounge-site\shops\gyeonggi\seongnam\bundang-gu\야탑동\love테라피\index.html","신규"
"love테라피","경기","경기","성남시-분당구","운중동","E:\mong-lounge-site\massage\gyeonggi\seongnam\bundang-gu\성남시-분당구-출장마사지-동별-생활권-지역안내\index.html","E:\mong-lounge-site\shops\gyeonggi\seongnam\bundang-gu\운중동\love테라피\index.html","신규"
"love테라피","경기","경기","성남시-분당구","이매동","E:\mong-lounge-site\massage\gyeonggi\seongnam\bundang-gu\성남시-분당구-출장마사지-동별-생활권-지역안내\index.html","E:\mong-lounge-site\shops\gyeonggi\seongnam\bundang-gu\이매동\love테라피\index.html","신규"
"love테라피","경기","경기","성남시-분당구","정자동","E:\mong-lounge-site\massage\gyeonggi\seongnam\bundang-gu\성남시-분당구-출장마사지-동별-생활권-지역안내\index.html","E:\mong-lounge-site\shops\gyeonggi\seongnam\bundang-gu\정자동\love테라피\index.html","신규"
"love테라피","경기","경기","성남시-분당구","판교동","E:\mong-lounge-site\massage\gyeonggi\seongnam\bundang-gu\성남시-분당구-출장마사지-동별-생활권-지역안내\index.html","E:\mong-lounge-site\shops\gyeonggi\seongnam\bundang-gu\판교동\love테라피\index.html","신규"
"love테라피","경기","경기","성남시-수정구","고등동","E:\mong-lounge-site\massage\gyeonggi\seongnam\sujeong-gu\성남시-수정구-출장마사지-동별-생활권-지역안내\index.html","E:\mong-lounge-site\shops\gyeonggi\seongnam\sujeong-gu\고등동\love테라피\index.html","신규"
"love테라피","경기","경기","성남시-수정구","단대동","E:\mong-lounge-site\massage\gyeonggi\seongnam\sujeong-gu\성남시-수정구-출장마사지-동별-생활권-지역안내\index.html","E:\mong-lounge-site\shops\gyeonggi\seongnam\sujeong-gu\단대동\love테라피\index.html","신규"
"love테라피","경기","경기","성남시-수정구","복정동","E:\mong-lounge-site\massage\gyeonggi\seongnam\sujeong-gu\성남시-수정구-출장마사지-동별-생활권-지역안내\index.html","E:\mong-lounge-site\shops\gyeonggi\seongnam\sujeong-gu\복정동\love테라피\index.html","신규"
"love테라피","경기","경기","성남시-수정구","산성동","E:\mong-lounge-site\massage\gyeonggi\seongnam\sujeong-gu\성남시-수정구-출장마사지-동별-생활권-지역안내\index.html","E:\mong-lounge-site\shops\gyeonggi\seongnam\sujeong-gu\산성동\love테라피\index.html","신규"
"love테라피","경기","경기","성남시-수정구","수진동","E:\mong-lounge-site\massage\gyeonggi\seongnam\sujeong-gu\성남시-수정구-출장마사지-동별-생활권-지역안내\index.html","E:\mong-lounge-site\shops\gyeonggi\seongnam\sujeong-gu\수진동\love테라피\index.html","신규"
"love테라피","경기","경기","성남시-수정구","시흥동","E:\mong-lounge-site\massage\gyeonggi\seongnam\sujeong-gu\성남시-수정구-출장마사지-동별-생활권-지역안내\index.html","E:\mong-lounge-site\shops\gyeonggi\seongnam\sujeong-gu\시흥동\love테라피\index.html","신규"
"love테라피","경기","경기","성남시-수정구","신촌동","E:\mong-lounge-site\massage\gyeonggi\seongnam\sujeong-gu\성남시-수정구-출장마사지-동별-생활권-지역안내\index.html","E:\mong-lounge-site\shops\gyeonggi\seongnam\sujeong-gu\신촌동\love테라피\index.html","신규"
"love테라피","경기","경기","성남시-수정구","신흥동","E:\mong-lounge-site\massage\gyeonggi\seongnam\sujeong-gu\성남시-수정구-출장마사지-동별-생활권-지역안내\index.html","E:\mong-lounge-site\shops\gyeonggi\seongnam\sujeong-gu\신흥동\love테라피\index.html","신규"
"love테라피","경기","경기","성남시-수정구","양지동","E:\mong-lounge-site\massage\gyeonggi\seongnam\sujeong-gu\성남시-수정구-출장마사지-동별-생활권-지역안내\index.html","E:\mong-lounge-site\shops\gyeonggi\seongnam\sujeong-gu\양지동\love테라피\index.html","신규"
"love테라피","경기","경기","성남시-수정구","위례동","E:\mong-lounge-site\massage\gyeonggi\seongnam\sujeong-gu\성남시-수정구-출장마사지-동별-생활권-지역안내\index.html","E:\mong-lounge-site\shops\gyeonggi\seongnam\sujeong-gu\위례동\love테라피\index.html","신규"
"love테라피","경기","경기","성남시-수정구","태평동","E:\mong-lounge-site\massage\gyeonggi\seongnam\sujeong-gu\성남시-수정구-출장마사지-동별-생활권-지역안내\index.html","E:\mong-lounge-site\shops\gyeonggi\seongnam\sujeong-gu\태평동\love테라피\index.html","신규"
"love테라피","경기","경기","성남시-중원구","금광동","E:\mong-lounge-site\massage\gyeonggi\seongnam\jungwon-gu\성남시-중원구-출장마사지-동별-생활권-지역안내\index.html","E:\mong-lounge-site\shops\gyeonggi\seongnam\jungwon-gu\금광동\love테라피\index.html","신규"
"love테라피","경기","경기","성남시-중원구","도촌동","E:\mong-lounge-site\massage\gyeonggi\seongnam\jungwon-gu\성남시-중원구-출장마사지-동별-생활권-지역안내\index.html","E:\mong-lounge-site\shops\gyeonggi\seongnam\jungwon-gu\도촌동\love테라피\index.html","신규"
"love테라피","경기","경기","성남시-중원구","상대원동","E:\mong-lounge-site\massage\gyeonggi\seongnam\jungwon-gu\성남시-중원구-출장마사지-동별-생활권-지역안내\index.html","E:\mong-lounge-site\shops\gyeonggi\seongnam\jungwon-gu\상대원동\love테라피\index.html","신규"
"love테라피","경기","경기","성남시-중원구","성남동","E:\mong-lounge-site\massage\gyeonggi\seongnam\jungwon-gu\성남시-중원구-출장마사지-동별-생활권-지역안내\index.html","E:\mong-lounge-site\shops\gyeonggi\seongnam\jungwon-gu\성남동\love테라피\index.html","신규"
"love테라피","경기","경기","성남시-중원구","은행동","E:\mong-lounge-site\massage\gyeonggi\seongnam\jungwon-gu\성남시-중원구-출장마사지-동별-생활권-지역안내\index.html","E:\mong-lounge-site\shops\gyeonggi\seongnam\jungwon-gu\은행동\love테라피\index.html","신규"
"love테라피","경기","경기","성남시-중원구","중앙동","E:\mong-lounge-site\massage\gyeonggi\seongnam\jungwon-gu\성남시-중원구-출장마사지-동별-생활권-지역안내\index.html","E:\mong-lounge-site\shops\gyeonggi\seongnam\jungwon-gu\중앙동\love테라피\index.html","신규"
"love테라피","경기","경기","성남시-중원구","하대원동","E:\mong-lounge-site\massage\gyeonggi\seongnam\jungwon-gu\성남시-중원구-출장마사지-동별-생활권-지역안내\index.html","E:\mong-lounge-site\shops\gyeonggi\seongnam\jungwon-gu\하대원동\love테라피\index.html","신규"
"love테라피","경기","경기","수원시-권선구","곡선동","E:\mong-lounge-site\massage\gyeonggi\suwon\gwonseon-gu\수원시-권선구-출장마사지-동별-생활권-지역안내\index.html","E:\mong-lounge-site\shops\gyeonggi\suwon\gwonseon-gu\곡선동\love테라피\index.html","신규"
"love테라피","경기","경기","수원시-권선구","구운동","E:\mong-lounge-site\massage\gyeonggi\suwon\gwonseon-gu\수원시-권선구-출장마사지-동별-생활권-지역안내\index.html","E:\mong-lounge-site\shops\gyeonggi\suwon\gwonseon-gu\구운동\love테라피\index.html","신규"
"love테라피","경기","경기","수원시-권선구","권선동","E:\mong-lounge-site\massage\gyeonggi\suwon\gwonseon-gu\수원시-권선구-출장마사지-동별-생활권-지역안내\index.html","E:\mong-lounge-site\shops\gyeonggi\suwon\gwonseon-gu\권선동\love테라피\index.html","신규"
"love테라피","경기","경기","수원시-권선구","금곡동","E:\mong-lounge-site\massage\gyeonggi\suwon\gwonseon-gu\수원시-권선구-출장마사지-동별-생활권-지역안내\index.html","E:\mong-lounge-site\shops\gyeonggi\suwon\gwonseon-gu\금곡동\love테라피\index.html","신규"
"love테라피","경기","경기","수원시-권선구","서둔동","E:\mong-lounge-site\massage\gyeonggi\suwon\gwonseon-gu\수원시-권선구-출장마사지-동별-생활권-지역안내\index.html","E:\mong-lounge-site\shops\gyeonggi\suwon\gwonseon-gu\서둔동\love테라피\index.html","신규"
"love테라피","경기","경기","수원시-권선구","세류동","E:\mong-lounge-site\massage\gyeonggi\suwon\gwonseon-gu\수원시-권선구-출장마사지-동별-생활권-지역안내\index.html","E:\mong-lounge-site\shops\gyeonggi\suwon\gwonseon-gu\세류동\love테라피\index.html","신규"
"love테라피","경기","경기","수원시-권선구","입북동","E:\mong-lounge-site\massage\gyeonggi\suwon\gwonseon-gu\수원시-권선구-출장마사지-동별-생활권-지역안내\index.html","E:\mong-lounge-site\shops\gyeonggi\suwon\gwonseon-gu\입북동\love테라피\index.html","신규"
"love테라피","경기","경기","수원시-권선구","평동","E:\mong-lounge-site\massage\gyeonggi\suwon\gwonseon-gu\수원시-권선구-출장마사지-동별-생활권-지역안내\index.html","E:\mong-lounge-site\shops\gyeonggi\suwon\gwonseon-gu\평동\love테라피\index.html","신규"
"love테라피","경기","경기","수원시-권선구","호매실동","E:\mong-lounge-site\massage\gyeonggi\suwon\gwonseon-gu\수원시-권선구-출장마사지-동별-생활권-지역안내\index.html","E:\mong-lounge-site\shops\gyeonggi\suwon\gwonseon-gu\호매실동\love테라피\index.html","신규"
"love테라피","경기","경기","수원시-영통구","광교동","E:\mong-lounge-site\massage\gyeonggi\suwon\yeongtong-gu\수원시-영통구-출장마사지-동별-생활권-지역안내\index.html","E:\mong-lounge-site\shops\gyeonggi\suwon\yeongtong-gu\광교동\love테라피\index.html","신규"
"love테라피","경기","경기","수원시-영통구","망포동","E:\mong-lounge-site\massage\gyeonggi\suwon\yeongtong-gu\수원시-영통구-출장마사지-동별-생활권-지역안내\index.html","E:\mong-lounge-site\shops\gyeonggi\suwon\yeongtong-gu\망포동\love테라피\index.html","신규"
"love테라피","경기","경기","수원시-영통구","매탄동","E:\mong-lounge-site\massage\gyeonggi\suwon\yeongtong-gu\수원시-영통구-출장마사지-동별-생활권-지역안내\index.html","E:\mong-lounge-site\shops\gyeonggi\suwon\yeongtong-gu\매탄동\love테라피\index.html","신규"
"love테라피","경기","경기","수원시-영통구","영통동","E:\mong-lounge-site\massage\gyeonggi\suwon\yeongtong-gu\수원시-영통구-출장마사지-동별-생활권-지역안내\index.html","E:\mong-lounge-site\shops\gyeonggi\suwon\yeongtong-gu\영통동\love테라피\index.html","신규"
"love테라피","경기","경기","수원시-영통구","원천동","E:\mong-lounge-site\massage\gyeonggi\suwon\yeongtong-gu\수원시-영통구-출장마사지-동별-생활권-지역안내\index.html","E:\mong-lounge-site\shops\gyeonggi\suwon\yeongtong-gu\원천동\love테라피\index.html","신규"
"love테라피","경기","경기","수원시-장안구","송죽동","E:\mong-lounge-site\massage\gyeonggi\suwon\jangan-gu\수원시-장안구-출장마사지-동별-생활권-지역안내\index.html","E:\mong-lounge-site\shops\gyeonggi\suwon\jangan-gu\송죽동\love테라피\index.html","신규"
"love테라피","경기","경기","수원시-장안구","연무동","E:\mong-lounge-site\massage\gyeonggi\suwon\jangan-gu\수원시-장안구-출장마사지-동별-생활권-지역안내\index.html","E:\mong-lounge-site\shops\gyeonggi\suwon\jangan-gu\연무동\love테라피\index.html","신규"
"love테라피","경기","경기","수원시-장안구","영화동","E:\mong-lounge-site\massage\gyeonggi\suwon\jangan-gu\수원시-장안구-출장마사지-동별-생활권-지역안내\index.html","E:\mong-lounge-site\shops\gyeonggi\suwon\jangan-gu\영화동\love테라피\index.html","신규"
"love테라피","경기","경기","수원시-장안구","율천동","E:\mong-lounge-site\massage\gyeonggi\suwon\jangan-gu\수원시-장안구-출장마사지-동별-생활권-지역안내\index.html","E:\mong-lounge-site\shops\gyeonggi\suwon\jangan-gu\율천동\love테라피\index.html","신규"
"love테라피","경기","경기","수원시-장안구","정자동","E:\mong-lounge-site\massage\gyeonggi\suwon\jangan-gu\수원시-장안구-출장마사지-동별-생활권-지역안내\index.html","E:\mong-lounge-site\shops\gyeonggi\suwon\jangan-gu\정자동\love테라피\index.html","신규"
"love테라피","경기","경기","수원시-장안구","조원동","E:\mong-lounge-site\massage\gyeonggi\suwon\jangan-gu\수원시-장안구-출장마사지-동별-생활권-지역안내\index.html","E:\mong-lounge-site\shops\gyeonggi\suwon\jangan-gu\조원동\love테라피\index.html","신규"
"love테라피","경기","경기","수원시-장안구","파장동","E:\mong-lounge-site\massage\gyeonggi\suwon\jangan-gu\수원시-장안구-출장마사지-동별-생활권-지역안내\index.html","E:\mong-lounge-site\shops\gyeonggi\suwon\jangan-gu\파장동\love테라피\index.html","신규"
"love테라피","경기","경기","수원시-팔달구","고등동","E:\mong-lounge-site\massage\gyeonggi\suwon\paldal-gu\수원시-팔달구-출장마사지-동별-생활권-지역안내\index.html","E:\mong-lounge-site\shops\gyeonggi\suwon\paldal-gu\고등동\love테라피\index.html","신규"
"love테라피","경기","경기","수원시-팔달구","매교동","E:\mong-lounge-site\massage\gyeonggi\suwon\paldal-gu\수원시-팔달구-출장마사지-동별-생활권-지역안내\index.html","E:\mong-lounge-site\shops\gyeonggi\suwon\paldal-gu\매교동\love테라피\index.html","신규"
"love테라피","경기","경기","수원시-팔달구","매산동","E:\mong-lounge-site\massage\gyeonggi\suwon\paldal-gu\수원시-팔달구-출장마사지-동별-생활권-지역안내\index.html","E:\mong-lounge-site\shops\gyeonggi\suwon\paldal-gu\매산동\love테라피\index.html","신규"
"love테라피","경기","경기","수원시-팔달구","우만동","E:\mong-lounge-site\massage\gyeonggi\suwon\paldal-gu\수원시-팔달구-출장마사지-동별-생활권-지역안내\index.html","E:\mong-lounge-site\shops\gyeonggi\suwon\paldal-gu\우만동\love테라피\index.html","신규"
"love테라피","경기","경기","수원시-팔달구","인계동","E:\mong-lounge-site\massage\gyeonggi\suwon\paldal-gu\수원시-팔달구-출장마사지-동별-생활권-지역안내\index.html","E:\mong-lounge-site\shops\gyeonggi\suwon\paldal-gu\인계동\love테라피\index.html","신규"
"love테라피","경기","경기","수원시-팔달구","지동","E:\mong-lounge-site\massage\gyeonggi\suwon\paldal-gu\수원시-팔달구-출장마사지-동별-생활권-지역안내\index.html","E:\mong-lounge-site\shops\gyeonggi\suwon\paldal-gu\지동\love테라피\index.html","신규"
"love테라피","경기","경기","수원시-팔달구","행궁동","E:\mong-lounge-site\massage\gyeonggi\suwon\paldal-gu\수원시-팔달구-출장마사지-동별-생활권-지역안내\index.html","E:\mong-lounge-site\shops\gyeonggi\suwon\paldal-gu\행궁동\love테라피\index.html","신규"
"love테라피","경기","경기","수원시-팔달구","화서동","E:\mong-lounge-site\massage\gyeonggi\suwon\paldal-gu\수원시-팔달구-출장마사지-동별-생활권-지역안내\index.html","E:\mong-lounge-site\shops\gyeonggi\suwon\paldal-gu\화서동\love테라피\index.html","신규"
"love테라피","경기","경기","시흥시","거북섬동","E:\mong-lounge-site\massage\gyeonggi\siheung\시흥시-출장마사지-배곧-정왕-은계-산업-상업-업무로-오래-선-날-다리-발의-무거움-방문-홈케어\index.html","E:\mong-lounge-site\shops\gyeonggi\siheung\거북섬동\love테라피\index.html","신규"
"love테라피","경기","경기","시흥시","과림동","E:\mong-lounge-site\massage\gyeonggi\siheung\시흥시-출장마사지-배곧-정왕-은계-산업-상업-업무로-오래-선-날-다리-발의-무거움-방문-홈케어\index.html","E:\mong-lounge-site\shops\gyeonggi\siheung\과림동\love테라피\index.html","신규"
"love테라피","경기","경기","시흥시","군자동","E:\mong-lounge-site\massage\gyeonggi\siheung\시흥시-출장마사지-배곧-정왕-은계-산업-상업-업무로-오래-선-날-다리-발의-무거움-방문-홈케어\index.html","E:\mong-lounge-site\shops\gyeonggi\siheung\군자동\love테라피\index.html","신규"
"love테라피","경기","경기","시흥시","능곡동","E:\mong-lounge-site\massage\gyeonggi\siheung\시흥시-출장마사지-배곧-정왕-은계-산업-상업-업무로-오래-선-날-다리-발의-무거움-방문-홈케어\index.html","E:\mong-lounge-site\shops\gyeonggi\siheung\능곡동\love테라피\index.html","신규"
"love테라피","경기","경기","시흥시","대야동","E:\mong-lounge-site\massage\gyeonggi\siheung\시흥시-출장마사지-배곧-정왕-은계-산업-상업-업무로-오래-선-날-다리-발의-무거움-방문-홈케어\index.html","E:\mong-lounge-site\shops\gyeonggi\siheung\대야동\love테라피\index.html","신규"
"love테라피","경기","경기","시흥시","매화동","E:\mong-lounge-site\massage\gyeonggi\siheung\시흥시-출장마사지-배곧-정왕-은계-산업-상업-업무로-오래-선-날-다리-발의-무거움-방문-홈케어\index.html","E:\mong-lounge-site\shops\gyeonggi\siheung\매화동\love테라피\index.html","신규"
"love테라피","경기","경기","시흥시","목감동","E:\mong-lounge-site\massage\gyeonggi\siheung\시흥시-출장마사지-배곧-정왕-은계-산업-상업-업무로-오래-선-날-다리-발의-무거움-방문-홈케어\index.html","E:\mong-lounge-site\shops\gyeonggi\siheung\목감동\love테라피\index.html","신규"
"love테라피","경기","경기","시흥시","배곧동","E:\mong-lounge-site\massage\gyeonggi\siheung\시흥시-출장마사지-배곧-정왕-은계-산업-상업-업무로-오래-선-날-다리-발의-무거움-방문-홈케어\index.html","E:\mong-lounge-site\shops\gyeonggi\siheung\배곧동\love테라피\index.html","신규"
"love테라피","경기","경기","시흥시","신천동","E:\mong-lounge-site\massage\gyeonggi\siheung\시흥시-출장마사지-배곧-정왕-은계-산업-상업-업무로-오래-선-날-다리-발의-무거움-방문-홈케어\index.html","E:\mong-lounge-site\shops\gyeonggi\siheung\신천동\love테라피\index.html","신규"
"love테라피","경기","경기","시흥시","신현동","E:\mong-lounge-site\massage\gyeonggi\siheung\시흥시-출장마사지-배곧-정왕-은계-산업-상업-업무로-오래-선-날-다리-발의-무거움-방문-홈케어\index.html","E:\mong-lounge-site\shops\gyeonggi\siheung\신현동\love테라피\index.html","신규"
"love테라피","경기","경기","시흥시","연성동","E:\mong-lounge-site\massage\gyeonggi\siheung\시흥시-출장마사지-배곧-정왕-은계-산업-상업-업무로-오래-선-날-다리-발의-무거움-방문-홈케어\index.html","E:\mong-lounge-site\shops\gyeonggi\siheung\연성동\love테라피\index.html","신규"
"love테라피","경기","경기","시흥시","월곶동","E:\mong-lounge-site\massage\gyeonggi\siheung\시흥시-출장마사지-배곧-정왕-은계-산업-상업-업무로-오래-선-날-다리-발의-무거움-방문-홈케어\index.html","E:\mong-lounge-site\shops\gyeonggi\siheung\월곶동\love테라피\index.html","신규"
"love테라피","경기","경기","시흥시","은행동","E:\mong-lounge-site\massage\gyeonggi\siheung\시흥시-출장마사지-배곧-정왕-은계-산업-상업-업무로-오래-선-날-다리-발의-무거움-방문-홈케어\index.html","E:\mong-lounge-site\shops\gyeonggi\siheung\은행동\love테라피\index.html","신규"
"love테라피","경기","경기","시흥시","장곡동","E:\mong-lounge-site\massage\gyeonggi\siheung\시흥시-출장마사지-배곧-정왕-은계-산업-상업-업무로-오래-선-날-다리-발의-무거움-방문-홈케어\index.html","E:\mong-lounge-site\shops\gyeonggi\siheung\장곡동\love테라피\index.html","신규"
"love테라피","경기","경기","시흥시","정왕동","E:\mong-lounge-site\massage\gyeonggi\siheung\시흥시-출장마사지-배곧-정왕-은계-산업-상업-업무로-오래-선-날-다리-발의-무거움-방문-홈케어\index.html","E:\mong-lounge-site\shops\gyeonggi\siheung\정왕동\love테라피\index.html","신규"
"love테라피","경기","경기","시흥시","정왕본동","E:\mong-lounge-site\massage\gyeonggi\siheung\시흥시-출장마사지-배곧-정왕-은계-산업-상업-업무로-오래-선-날-다리-발의-무거움-방문-홈케어\index.html","E:\mong-lounge-site\shops\gyeonggi\siheung\정왕본동\love테라피\index.html","신규"
"love테라피","경기","경기","안산시-단원구","고잔동","E:\mong-lounge-site\massage\gyeonggi\ansan\danwon-gu\안산시-단원구-출장마사지-동별-생활권-지역안내\index.html","E:\mong-lounge-site\shops\gyeonggi\ansan\danwon-gu\고잔동\love테라피\index.html","신규"
"love테라피","경기","경기","안산시-단원구","대부동","E:\mong-lounge-site\massage\gyeonggi\ansan\danwon-gu\안산시-단원구-출장마사지-동별-생활권-지역안내\index.html","E:\mong-lounge-site\shops\gyeonggi\ansan\danwon-gu\대부동\love테라피\index.html","신규"
"love테라피","경기","경기","안산시-단원구","백운동","E:\mong-lounge-site\massage\gyeonggi\ansan\danwon-gu\안산시-단원구-출장마사지-동별-생활권-지역안내\index.html","E:\mong-lounge-site\shops\gyeonggi\ansan\danwon-gu\백운동\love테라피\index.html","신규"
"love테라피","경기","경기","안산시-단원구","선부동","E:\mong-lounge-site\massage\gyeonggi\ansan\danwon-gu\안산시-단원구-출장마사지-동별-생활권-지역안내\index.html","E:\mong-lounge-site\shops\gyeonggi\ansan\danwon-gu\선부동\love테라피\index.html","신규"
"love테라피","경기","경기","안산시-단원구","신길동","E:\mong-lounge-site\massage\gyeonggi\ansan\danwon-gu\안산시-단원구-출장마사지-동별-생활권-지역안내\index.html","E:\mong-lounge-site\shops\gyeonggi\ansan\danwon-gu\신길동\love테라피\index.html","신규"
"love테라피","경기","경기","안산시-단원구","와동","E:\mong-lounge-site\massage\gyeonggi\ansan\danwon-gu\안산시-단원구-출장마사지-동별-생활권-지역안내\index.html","E:\mong-lounge-site\shops\gyeonggi\ansan\danwon-gu\와동\love테라피\index.html","신규"
"love테라피","경기","경기","안산시-단원구","원곡동","E:\mong-lounge-site\massage\gyeonggi\ansan\danwon-gu\안산시-단원구-출장마사지-동별-생활권-지역안내\index.html","E:\mong-lounge-site\shops\gyeonggi\ansan\danwon-gu\원곡동\love테라피\index.html","신규"
"love테라피","경기","경기","안산시-단원구","중앙동","E:\mong-lounge-site\massage\gyeonggi\ansan\danwon-gu\안산시-단원구-출장마사지-동별-생활권-지역안내\index.html","E:\mong-lounge-site\shops\gyeonggi\ansan\danwon-gu\중앙동\love테라피\index.html","신규"
"love테라피","경기","경기","안산시-단원구","초지동","E:\mong-lounge-site\massage\gyeonggi\ansan\danwon-gu\안산시-단원구-출장마사지-동별-생활권-지역안내\index.html","E:\mong-lounge-site\shops\gyeonggi\ansan\danwon-gu\초지동\love테라피\index.html","신규"
"love테라피","경기","경기","안산시-단원구","호수동","E:\mong-lounge-site\massage\gyeonggi\ansan\danwon-gu\안산시-단원구-출장마사지-동별-생활권-지역안내\index.html","E:\mong-lounge-site\shops\gyeonggi\ansan\danwon-gu\호수동\love테라피\index.html","신규"
"love테라피","경기","경기","안산시-상록구","반월동","E:\mong-lounge-site\massage\gyeonggi\ansan\sangnok-gu\안산시-상록구-출장마사지-동별-생활권-지역안내\index.html","E:\mong-lounge-site\shops\gyeonggi\ansan\sangnok-gu\반월동\love테라피\index.html","신규"
"love테라피","경기","경기","안산시-상록구","본오동","E:\mong-lounge-site\massage\gyeonggi\ansan\sangnok-gu\안산시-상록구-출장마사지-동별-생활권-지역안내\index.html","E:\mong-lounge-site\shops\gyeonggi\ansan\sangnok-gu\본오동\love테라피\index.html","신규"
"love테라피","경기","경기","안산시-상록구","부곡동","E:\mong-lounge-site\massage\gyeonggi\ansan\sangnok-gu\안산시-상록구-출장마사지-동별-생활권-지역안내\index.html","E:\mong-lounge-site\shops\gyeonggi\ansan\sangnok-gu\부곡동\love테라피\index.html","신규"
"love테라피","경기","경기","안산시-상록구","사동","E:\mong-lounge-site\massage\gyeonggi\ansan\sangnok-gu\안산시-상록구-출장마사지-동별-생활권-지역안내\index.html","E:\mong-lounge-site\shops\gyeonggi\ansan\sangnok-gu\사동\love테라피\index.html","신규"
"love테라피","경기","경기","안산시-상록구","사이동","E:\mong-lounge-site\massage\gyeonggi\ansan\sangnok-gu\안산시-상록구-출장마사지-동별-생활권-지역안내\index.html","E:\mong-lounge-site\shops\gyeonggi\ansan\sangnok-gu\사이동\love테라피\index.html","신규"
"love테라피","경기","경기","안산시-상록구","성포동","E:\mong-lounge-site\massage\gyeonggi\ansan\sangnok-gu\안산시-상록구-출장마사지-동별-생활권-지역안내\index.html","E:\mong-lounge-site\shops\gyeonggi\ansan\sangnok-gu\성포동\love테라피\index.html","신규"
"love테라피","경기","경기","안산시-상록구","안산동","E:\mong-lounge-site\massage\gyeonggi\ansan\sangnok-gu\안산시-상록구-출장마사지-동별-생활권-지역안내\index.html","E:\mong-lounge-site\shops\gyeonggi\ansan\sangnok-gu\안산동\love테라피\index.html","신규"
"love테라피","경기","경기","안산시-상록구","월피동","E:\mong-lounge-site\massage\gyeonggi\ansan\sangnok-gu\안산시-상록구-출장마사지-동별-생활권-지역안내\index.html","E:\mong-lounge-site\shops\gyeonggi\ansan\sangnok-gu\월피동\love테라피\index.html","신규"
"love테라피","경기","경기","안산시-상록구","이동","E:\mong-lounge-site\massage\gyeonggi\ansan\sangnok-gu\안산시-상록구-출장마사지-동별-생활권-지역안내\index.html","E:\mong-lounge-site\shops\gyeonggi\ansan\sangnok-gu\이동\love테라피\index.html","신규"
"love테라피","경기","경기","안산시-상록구","일동","E:\mong-lounge-site\massage\gyeonggi\ansan\sangnok-gu\안산시-상록구-출장마사지-동별-생활권-지역안내\index.html","E:\mong-lounge-site\shops\gyeonggi\ansan\sangnok-gu\일동\love테라피\index.html","신규"
"love테라피","경기","경기","안산시-상록구","해양동","E:\mong-lounge-site\massage\gyeonggi\ansan\sangnok-gu\안산시-상록구-출장마사지-동별-생활권-지역안내\index.html","E:\mong-lounge-site\shops\gyeonggi\ansan\sangnok-gu\해양동\love테라피\index.html","신규"
"love테라피","경기","경기","안성시","고삼면","E:\mong-lounge-site\massage\gyeonggi\anseong\안성시-출장마사지-공도-석정-대덕-산업-통근과-장시간-운전-허리-다리-피로-방문-홈케어\index.html","E:\mong-lounge-site\shops\gyeonggi\anseong\고삼면\love테라피\index.html","신규"
"love테라피","경기","경기","안성시","공도읍","E:\mong-lounge-site\massage\gyeonggi\anseong\안성시-출장마사지-공도-석정-대덕-산업-통근과-장시간-운전-허리-다리-피로-방문-홈케어\index.html","E:\mong-lounge-site\shops\gyeonggi\anseong\공도읍\love테라피\index.html","신규"
"love테라피","경기","경기","안성시","금광면","E:\mong-lounge-site\massage\gyeonggi\anseong\안성시-출장마사지-공도-석정-대덕-산업-통근과-장시간-운전-허리-다리-피로-방문-홈케어\index.html","E:\mong-lounge-site\shops\gyeonggi\anseong\금광면\love테라피\index.html","신규"
"love테라피","경기","경기","안성시","대덕면","E:\mong-lounge-site\massage\gyeonggi\anseong\안성시-출장마사지-공도-석정-대덕-산업-통근과-장시간-운전-허리-다리-피로-방문-홈케어\index.html","E:\mong-lounge-site\shops\gyeonggi\anseong\대덕면\love테라피\index.html","신규"
"love테라피","경기","경기","안성시","미양면","E:\mong-lounge-site\massage\gyeonggi\anseong\안성시-출장마사지-공도-석정-대덕-산업-통근과-장시간-운전-허리-다리-피로-방문-홈케어\index.html","E:\mong-lounge-site\shops\gyeonggi\anseong\미양면\love테라피\index.html","신규"
"love테라피","경기","경기","안성시","보개면","E:\mong-lounge-site\massage\gyeonggi\anseong\안성시-출장마사지-공도-석정-대덕-산업-통근과-장시간-운전-허리-다리-피로-방문-홈케어\index.html","E:\mong-lounge-site\shops\gyeonggi\anseong\보개면\love테라피\index.html","신규"
"love테라피","경기","경기","안성시","삼죽면","E:\mong-lounge-site\massage\gyeonggi\anseong\안성시-출장마사지-공도-석정-대덕-산업-통근과-장시간-운전-허리-다리-피로-방문-홈케어\index.html","E:\mong-lounge-site\shops\gyeonggi\anseong\삼죽면\love테라피\index.html","신규"
"love테라피","경기","경기","안성시","서운면","E:\mong-lounge-site\massage\gyeonggi\anseong\안성시-출장마사지-공도-석정-대덕-산업-통근과-장시간-운전-허리-다리-피로-방문-홈케어\index.html","E:\mong-lounge-site\shops\gyeonggi\anseong\서운면\love테라피\index.html","신규"
"love테라피","경기","경기","안성시","안성동","E:\mong-lounge-site\massage\gyeonggi\anseong\안성시-출장마사지-공도-석정-대덕-산업-통근과-장시간-운전-허리-다리-피로-방문-홈케어\index.html","E:\mong-lounge-site\shops\gyeonggi\anseong\안성동\love테라피\index.html","신규"
"love테라피","경기","경기","안성시","양성면","E:\mong-lounge-site\massage\gyeonggi\anseong\안성시-출장마사지-공도-석정-대덕-산업-통근과-장시간-운전-허리-다리-피로-방문-홈케어\index.html","E:\mong-lounge-site\shops\gyeonggi\anseong\양성면\love테라피\index.html","신규"
"love테라피","경기","경기","안성시","원곡면","E:\mong-lounge-site\massage\gyeonggi\anseong\안성시-출장마사지-공도-석정-대덕-산업-통근과-장시간-운전-허리-다리-피로-방문-홈케어\index.html","E:\mong-lounge-site\shops\gyeonggi\anseong\원곡면\love테라피\index.html","신규"
"love테라피","경기","경기","안성시","일죽면","E:\mong-lounge-site\massage\gyeonggi\anseong\안성시-출장마사지-공도-석정-대덕-산업-통근과-장시간-운전-허리-다리-피로-방문-홈케어\index.html","E:\mong-lounge-site\shops\gyeonggi\anseong\일죽면\love테라피\index.html","신규"
"love테라피","경기","경기","안성시","죽산면","E:\mong-lounge-site\massage\gyeonggi\anseong\안성시-출장마사지-공도-석정-대덕-산업-통근과-장시간-운전-허리-다리-피로-방문-홈케어\index.html","E:\mong-lounge-site\shops\gyeonggi\anseong\죽산면\love테라피\index.html","신규"
"love테라피","경기","경기","안양시-동안구","갈산동","E:\mong-lounge-site\massage\gyeonggi\anyang\dongan-gu\안양시-동안구-출장마사지-동별-생활권-지역안내\index.html","E:\mong-lounge-site\shops\gyeonggi\anyang\dongan-gu\갈산동\love테라피\index.html","신규"
"love테라피","경기","경기","안양시-동안구","관양동","E:\mong-lounge-site\massage\gyeonggi\anyang\dongan-gu\안양시-동안구-출장마사지-동별-생활권-지역안내\index.html","E:\mong-lounge-site\shops\gyeonggi\anyang\dongan-gu\관양동\love테라피\index.html","신규"
"love테라피","경기","경기","안양시-동안구","귀인동","E:\mong-lounge-site\massage\gyeonggi\anyang\dongan-gu\안양시-동안구-출장마사지-동별-생활권-지역안내\index.html","E:\mong-lounge-site\shops\gyeonggi\anyang\dongan-gu\귀인동\love테라피\index.html","신규"
"love테라피","경기","경기","안양시-동안구","달안동","E:\mong-lounge-site\massage\gyeonggi\anyang\dongan-gu\안양시-동안구-출장마사지-동별-생활권-지역안내\index.html","E:\mong-lounge-site\shops\gyeonggi\anyang\dongan-gu\달안동\love테라피\index.html","신규"
"love테라피","경기","경기","안양시-동안구","범계동","E:\mong-lounge-site\massage\gyeonggi\anyang\dongan-gu\안양시-동안구-출장마사지-동별-생활권-지역안내\index.html","E:\mong-lounge-site\shops\gyeonggi\anyang\dongan-gu\범계동\love테라피\index.html","신규"
"love테라피","경기","경기","안양시-동안구","부림동","E:\mong-lounge-site\massage\gyeonggi\anyang\dongan-gu\안양시-동안구-출장마사지-동별-생활권-지역안내\index.html","E:\mong-lounge-site\shops\gyeonggi\anyang\dongan-gu\부림동\love테라피\index.html","신규"
"love테라피","경기","경기","안양시-동안구","부흥동","E:\mong-lounge-site\massage\gyeonggi\anyang\dongan-gu\안양시-동안구-출장마사지-동별-생활권-지역안내\index.html","E:\mong-lounge-site\shops\gyeonggi\anyang\dongan-gu\부흥동\love테라피\index.html","신규"
"love테라피","경기","경기","안양시-동안구","비산동","E:\mong-lounge-site\massage\gyeonggi\anyang\dongan-gu\안양시-동안구-출장마사지-동별-생활권-지역안내\index.html","E:\mong-lounge-site\shops\gyeonggi\anyang\dongan-gu\비산동\love테라피\index.html","신규"
"love테라피","경기","경기","안양시-동안구","신촌동","E:\mong-lounge-site\massage\gyeonggi\anyang\dongan-gu\안양시-동안구-출장마사지-동별-생활권-지역안내\index.html","E:\mong-lounge-site\shops\gyeonggi\anyang\dongan-gu\신촌동\love테라피\index.html","신규"
"love테라피","경기","경기","안양시-동안구","인덕원동","E:\mong-lounge-site\massage\gyeonggi\anyang\dongan-gu\안양시-동안구-출장마사지-동별-생활권-지역안내\index.html","E:\mong-lounge-site\shops\gyeonggi\anyang\dongan-gu\인덕원동\love테라피\index.html","신규"
"love테라피","경기","경기","안양시-동안구","평안동","E:\mong-lounge-site\massage\gyeonggi\anyang\dongan-gu\안양시-동안구-출장마사지-동별-생활권-지역안내\index.html","E:\mong-lounge-site\shops\gyeonggi\anyang\dongan-gu\평안동\love테라피\index.html","신규"
"love테라피","경기","경기","안양시-동안구","평촌동","E:\mong-lounge-site\massage\gyeonggi\anyang\dongan-gu\안양시-동안구-출장마사지-동별-생활권-지역안내\index.html","E:\mong-lounge-site\shops\gyeonggi\anyang\dongan-gu\평촌동\love테라피\index.html","신규"
"love테라피","경기","경기","안양시-동안구","호계동","E:\mong-lounge-site\massage\gyeonggi\anyang\dongan-gu\안양시-동안구-출장마사지-동별-생활권-지역안내\index.html","E:\mong-lounge-site\shops\gyeonggi\anyang\dongan-gu\호계동\love테라피\index.html","신규"
"love테라피","경기","경기","안양시-만안구","명학동","E:\mong-lounge-site\massage\gyeonggi\anyang\manan-gu\안양시-만안구-출장마사지-동별-생활권-지역안내\index.html","E:\mong-lounge-site\shops\gyeonggi\anyang\manan-gu\명학동\love테라피\index.html","신규"
"love테라피","경기","경기","안양시-만안구","박달동","E:\mong-lounge-site\massage\gyeonggi\anyang\manan-gu\안양시-만안구-출장마사지-동별-생활권-지역안내\index.html","E:\mong-lounge-site\shops\gyeonggi\anyang\manan-gu\박달동\love테라피\index.html","신규"
"love테라피","경기","경기","안양시-만안구","병목안동","E:\mong-lounge-site\massage\gyeonggi\anyang\manan-gu\안양시-만안구-출장마사지-동별-생활권-지역안내\index.html","E:\mong-lounge-site\shops\gyeonggi\anyang\manan-gu\병목안동\love테라피\index.html","신규"
"love테라피","경기","경기","안양시-만안구","석수동","E:\mong-lounge-site\massage\gyeonggi\anyang\manan-gu\안양시-만안구-출장마사지-동별-생활권-지역안내\index.html","E:\mong-lounge-site\shops\gyeonggi\anyang\manan-gu\석수동\love테라피\index.html","신규"
"love테라피","경기","경기","안양시-만안구","안양동","E:\mong-lounge-site\massage\gyeonggi\anyang\manan-gu\안양시-만안구-출장마사지-동별-생활권-지역안내\index.html","E:\mong-lounge-site\shops\gyeonggi\anyang\manan-gu\안양동\love테라피\index.html","신규"
"love테라피","경기","경기","안양시-만안구","충훈동","E:\mong-lounge-site\massage\gyeonggi\anyang\manan-gu\안양시-만안구-출장마사지-동별-생활권-지역안내\index.html","E:\mong-lounge-site\shops\gyeonggi\anyang\manan-gu\충훈동\love테라피\index.html","신규"
"love테라피","경기","경기","안양시-만안구","호현동","E:\mong-lounge-site\massage\gyeonggi\anyang\manan-gu\안양시-만안구-출장마사지-동별-생활권-지역안내\index.html","E:\mong-lounge-site\shops\gyeonggi\anyang\manan-gu\호현동\love테라피\index.html","신규"
"love테라피","경기","경기","양주시","광적면","E:\mong-lounge-site\massage\gyeonggi\yangju\양주시-출장마사지-옥정-덕계-회천-가족-일정과-차량-이동이-겹친-날-허리-다리-피로-방문-홈케어\index.html","E:\mong-lounge-site\shops\gyeonggi\yangju\광적면\love테라피\index.html","신규"
"love테라피","경기","경기","양주시","남면","E:\mong-lounge-site\massage\gyeonggi\yangju\양주시-출장마사지-옥정-덕계-회천-가족-일정과-차량-이동이-겹친-날-허리-다리-피로-방문-홈케어\index.html","E:\mong-lounge-site\shops\gyeonggi\yangju\남면\love테라피\index.html","신규"
"love테라피","경기","경기","양주시","백석읍","E:\mong-lounge-site\massage\gyeonggi\yangju\양주시-출장마사지-옥정-덕계-회천-가족-일정과-차량-이동이-겹친-날-허리-다리-피로-방문-홈케어\index.html","E:\mong-lounge-site\shops\gyeonggi\yangju\백석읍\love테라피\index.html","신규"
"love테라피","경기","경기","양주시","양주동","E:\mong-lounge-site\massage\gyeonggi\yangju\양주시-출장마사지-옥정-덕계-회천-가족-일정과-차량-이동이-겹친-날-허리-다리-피로-방문-홈케어\index.html","E:\mong-lounge-site\shops\gyeonggi\yangju\양주동\love테라피\index.html","신규"
"love테라피","경기","경기","양주시","옥정동","E:\mong-lounge-site\massage\gyeonggi\yangju\양주시-출장마사지-옥정-덕계-회천-가족-일정과-차량-이동이-겹친-날-허리-다리-피로-방문-홈케어\index.html","E:\mong-lounge-site\shops\gyeonggi\yangju\옥정동\love테라피\index.html","신규"
"love테라피","경기","경기","양주시","은현면","E:\mong-lounge-site\massage\gyeonggi\yangju\양주시-출장마사지-옥정-덕계-회천-가족-일정과-차량-이동이-겹친-날-허리-다리-피로-방문-홈케어\index.html","E:\mong-lounge-site\shops\gyeonggi\yangju\은현면\love테라피\index.html","신규"
"love테라피","경기","경기","양주시","장흥면","E:\mong-lounge-site\massage\gyeonggi\yangju\양주시-출장마사지-옥정-덕계-회천-가족-일정과-차량-이동이-겹친-날-허리-다리-피로-방문-홈케어\index.html","E:\mong-lounge-site\shops\gyeonggi\yangju\장흥면\love테라피\index.html","신규"
"love테라피","경기","경기","양주시","회천동","E:\mong-lounge-site\massage\gyeonggi\yangju\양주시-출장마사지-옥정-덕계-회천-가족-일정과-차량-이동이-겹친-날-허리-다리-피로-방문-홈케어\index.html","E:\mong-lounge-site\shops\gyeonggi\yangju\회천동\love테라피\index.html","신규"
"love테라피","경기","경기","양평군","강상면","E:\mong-lounge-site\massage\gyeonggi\yangpyeong\양평군-출장마사지-양평읍-용문-양서-주말-차량-이동과-외출-일정-허리-다리-피로-방문-홈케어\index.html","E:\mong-lounge-site\shops\gyeonggi\yangpyeong\강상면\love테라피\index.html","신규"
"love테라피","경기","경기","양평군","강하면","E:\mong-lounge-site\massage\gyeonggi\yangpyeong\양평군-출장마사지-양평읍-용문-양서-주말-차량-이동과-외출-일정-허리-다리-피로-방문-홈케어\index.html","E:\mong-lounge-site\shops\gyeonggi\yangpyeong\강하면\love테라피\index.html","신규"
"love테라피","경기","경기","양평군","개군면","E:\mong-lounge-site\massage\gyeonggi\yangpyeong\양평군-출장마사지-양평읍-용문-양서-주말-차량-이동과-외출-일정-허리-다리-피로-방문-홈케어\index.html","E:\mong-lounge-site\shops\gyeonggi\yangpyeong\개군면\love테라피\index.html","신규"
"love테라피","경기","경기","양평군","단월면","E:\mong-lounge-site\massage\gyeonggi\yangpyeong\양평군-출장마사지-양평읍-용문-양서-주말-차량-이동과-외출-일정-허리-다리-피로-방문-홈케어\index.html","E:\mong-lounge-site\shops\gyeonggi\yangpyeong\단월면\love테라피\index.html","신규"
"love테라피","경기","경기","양평군","서종면","E:\mong-lounge-site\massage\gyeonggi\yangpyeong\양평군-출장마사지-양평읍-용문-양서-주말-차량-이동과-외출-일정-허리-다리-피로-방문-홈케어\index.html","E:\mong-lounge-site\shops\gyeonggi\yangpyeong\서종면\love테라피\index.html","신규"
"love테라피","경기","경기","양평군","양동면","E:\mong-lounge-site\massage\gyeonggi\yangpyeong\양평군-출장마사지-양평읍-용문-양서-주말-차량-이동과-외출-일정-허리-다리-피로-방문-홈케어\index.html","E:\mong-lounge-site\shops\gyeonggi\yangpyeong\양동면\love테라피\index.html","신규"
"love테라피","경기","경기","양평군","양서면","E:\mong-lounge-site\massage\gyeonggi\yangpyeong\양평군-출장마사지-양평읍-용문-양서-주말-차량-이동과-외출-일정-허리-다리-피로-방문-홈케어\index.html","E:\mong-lounge-site\shops\gyeonggi\yangpyeong\양서면\love테라피\index.html","신규"
"love테라피","경기","경기","양평군","양평읍","E:\mong-lounge-site\massage\gyeonggi\yangpyeong\양평군-출장마사지-양평읍-용문-양서-주말-차량-이동과-외출-일정-허리-다리-피로-방문-홈케어\index.html","E:\mong-lounge-site\shops\gyeonggi\yangpyeong\양평읍\love테라피\index.html","신규"
"love테라피","경기","경기","양평군","옥천면","E:\mong-lounge-site\massage\gyeonggi\yangpyeong\양평군-출장마사지-양평읍-용문-양서-주말-차량-이동과-외출-일정-허리-다리-피로-방문-홈케어\index.html","E:\mong-lounge-site\shops\gyeonggi\yangpyeong\옥천면\love테라피\index.html","신규"
"love테라피","경기","경기","양평군","용문면","E:\mong-lounge-site\massage\gyeonggi\yangpyeong\양평군-출장마사지-양평읍-용문-양서-주말-차량-이동과-외출-일정-허리-다리-피로-방문-홈케어\index.html","E:\mong-lounge-site\shops\gyeonggi\yangpyeong\용문면\love테라피\index.html","신규"
"love테라피","경기","경기","양평군","지평면","E:\mong-lounge-site\massage\gyeonggi\yangpyeong\양평군-출장마사지-양평읍-용문-양서-주말-차량-이동과-외출-일정-허리-다리-피로-방문-홈케어\index.html","E:\mong-lounge-site\shops\gyeonggi\yangpyeong\지평면\love테라피\index.html","신규"
"love테라피","경기","경기","양평군","청운면","E:\mong-lounge-site\massage\gyeonggi\yangpyeong\양평군-출장마사지-양평읍-용문-양서-주말-차량-이동과-외출-일정-허리-다리-피로-방문-홈케어\index.html","E:\mong-lounge-site\shops\gyeonggi\yangpyeong\청운면\love테라피\index.html","신규"
"love테라피","경기","경기","여주시","가남읍","E:\mong-lounge-site\massage\gyeonggi\yeoju\여주시-출장마사지-오학-홍문-여주역-쇼핑-업무와-차량-이동이-겹친-날-다리-허리-피로-방문-홈케어\index.html","E:\mong-lounge-site\shops\gyeonggi\yeoju\가남읍\love테라피\index.html","신규"
"love테라피","경기","경기","여주시","강천면","E:\mong-lounge-site\massage\gyeonggi\yeoju\여주시-출장마사지-오학-홍문-여주역-쇼핑-업무와-차량-이동이-겹친-날-다리-허리-피로-방문-홈케어\index.html","E:\mong-lounge-site\shops\gyeonggi\yeoju\강천면\love테라피\index.html","신규"
"love테라피","경기","경기","여주시","금사면","E:\mong-lounge-site\massage\gyeonggi\yeoju\여주시-출장마사지-오학-홍문-여주역-쇼핑-업무와-차량-이동이-겹친-날-다리-허리-피로-방문-홈케어\index.html","E:\mong-lounge-site\shops\gyeonggi\yeoju\금사면\love테라피\index.html","신규"
"love테라피","경기","경기","여주시","대신면","E:\mong-lounge-site\massage\gyeonggi\yeoju\여주시-출장마사지-오학-홍문-여주역-쇼핑-업무와-차량-이동이-겹친-날-다리-허리-피로-방문-홈케어\index.html","E:\mong-lounge-site\shops\gyeonggi\yeoju\대신면\love테라피\index.html","신규"
"love테라피","경기","경기","여주시","북내면","E:\mong-lounge-site\massage\gyeonggi\yeoju\여주시-출장마사지-오학-홍문-여주역-쇼핑-업무와-차량-이동이-겹친-날-다리-허리-피로-방문-홈케어\index.html","E:\mong-lounge-site\shops\gyeonggi\yeoju\북내면\love테라피\index.html","신규"
"love테라피","경기","경기","여주시","산북면","E:\mong-lounge-site\massage\gyeonggi\yeoju\여주시-출장마사지-오학-홍문-여주역-쇼핑-업무와-차량-이동이-겹친-날-다리-허리-피로-방문-홈케어\index.html","E:\mong-lounge-site\shops\gyeonggi\yeoju\산북면\love테라피\index.html","신규"
"love테라피","경기","경기","여주시","세종대왕면","E:\mong-lounge-site\massage\gyeonggi\yeoju\여주시-출장마사지-오학-홍문-여주역-쇼핑-업무와-차량-이동이-겹친-날-다리-허리-피로-방문-홈케어\index.html","E:\mong-lounge-site\shops\gyeonggi\yeoju\세종대왕면\love테라피\index.html","신규"
"love테라피","경기","경기","여주시","여흥동","E:\mong-lounge-site\massage\gyeonggi\yeoju\여주시-출장마사지-오학-홍문-여주역-쇼핑-업무와-차량-이동이-겹친-날-다리-허리-피로-방문-홈케어\index.html","E:\mong-lounge-site\shops\gyeonggi\yeoju\여흥동\love테라피\index.html","신규"
"love테라피","경기","경기","여주시","오학동","E:\mong-lounge-site\massage\gyeonggi\yeoju\여주시-출장마사지-오학-홍문-여주역-쇼핑-업무와-차량-이동이-겹친-날-다리-허리-피로-방문-홈케어\index.html","E:\mong-lounge-site\shops\gyeonggi\yeoju\오학동\love테라피\index.html","신규"
"love테라피","경기","경기","여주시","점동면","E:\mong-lounge-site\massage\gyeonggi\yeoju\여주시-출장마사지-오학-홍문-여주역-쇼핑-업무와-차량-이동이-겹친-날-다리-허리-피로-방문-홈케어\index.html","E:\mong-lounge-site\shops\gyeonggi\yeoju\점동면\love테라피\index.html","신규"
"love테라피","경기","경기","여주시","중앙동","E:\mong-lounge-site\massage\gyeonggi\yeoju\여주시-출장마사지-오학-홍문-여주역-쇼핑-업무와-차량-이동이-겹친-날-다리-허리-피로-방문-홈케어\index.html","E:\mong-lounge-site\shops\gyeonggi\yeoju\중앙동\love테라피\index.html","신규"
"love테라피","경기","경기","여주시","흥천면","E:\mong-lounge-site\massage\gyeonggi\yeoju\여주시-출장마사지-오학-홍문-여주역-쇼핑-업무와-차량-이동이-겹친-날-다리-허리-피로-방문-홈케어\index.html","E:\mong-lounge-site\shops\gyeonggi\yeoju\흥천면\love테라피\index.html","신규"
"love테라피","경기","경기","연천군","군남면","E:\mong-lounge-site\massage\gyeonggi\yeoncheon\연천군-출장마사지-전곡-연천읍-청산-장거리-운전과-외곽-이동-허리-다리-피로-방문-홈케어\index.html","E:\mong-lounge-site\shops\gyeonggi\yeoncheon\군남면\love테라피\index.html","신규"
"love테라피","경기","경기","연천군","미산면","E:\mong-lounge-site\massage\gyeonggi\yeoncheon\연천군-출장마사지-전곡-연천읍-청산-장거리-운전과-외곽-이동-허리-다리-피로-방문-홈케어\index.html","E:\mong-lounge-site\shops\gyeonggi\yeoncheon\미산면\love테라피\index.html","신규"
"love테라피","경기","경기","연천군","백학면","E:\mong-lounge-site\massage\gyeonggi\yeoncheon\연천군-출장마사지-전곡-연천읍-청산-장거리-운전과-외곽-이동-허리-다리-피로-방문-홈케어\index.html","E:\mong-lounge-site\shops\gyeonggi\yeoncheon\백학면\love테라피\index.html","신규"
"love테라피","경기","경기","연천군","신서면","E:\mong-lounge-site\massage\gyeonggi\yeoncheon\연천군-출장마사지-전곡-연천읍-청산-장거리-운전과-외곽-이동-허리-다리-피로-방문-홈케어\index.html","E:\mong-lounge-site\shops\gyeonggi\yeoncheon\신서면\love테라피\index.html","신규"
"love테라피","경기","경기","연천군","연천읍","E:\mong-lounge-site\massage\gyeonggi\yeoncheon\연천군-출장마사지-전곡-연천읍-청산-장거리-운전과-외곽-이동-허리-다리-피로-방문-홈케어\index.html","E:\mong-lounge-site\shops\gyeonggi\yeoncheon\연천읍\love테라피\index.html","신규"
"love테라피","경기","경기","연천군","왕징면","E:\mong-lounge-site\massage\gyeonggi\yeoncheon\연천군-출장마사지-전곡-연천읍-청산-장거리-운전과-외곽-이동-허리-다리-피로-방문-홈케어\index.html","E:\mong-lounge-site\shops\gyeonggi\yeoncheon\왕징면\love테라피\index.html","신규"
"love테라피","경기","경기","연천군","장남면","E:\mong-lounge-site\massage\gyeonggi\yeoncheon\연천군-출장마사지-전곡-연천읍-청산-장거리-운전과-외곽-이동-허리-다리-피로-방문-홈케어\index.html","E:\mong-lounge-site\shops\gyeonggi\yeoncheon\장남면\love테라피\index.html","신규"
"love테라피","경기","경기","연천군","전곡읍","E:\mong-lounge-site\massage\gyeonggi\yeoncheon\연천군-출장마사지-전곡-연천읍-청산-장거리-운전과-외곽-이동-허리-다리-피로-방문-홈케어\index.html","E:\mong-lounge-site\shops\gyeonggi\yeoncheon\전곡읍\love테라피\index.html","신규"
"love테라피","경기","경기","연천군","중면","E:\mong-lounge-site\massage\gyeonggi\yeoncheon\연천군-출장마사지-전곡-연천읍-청산-장거리-운전과-외곽-이동-허리-다리-피로-방문-홈케어\index.html","E:\mong-lounge-site\shops\gyeonggi\yeoncheon\중면\love테라피\index.html","신규"
"love테라피","경기","경기","연천군","청산면","E:\mong-lounge-site\massage\gyeonggi\yeoncheon\연천군-출장마사지-전곡-연천읍-청산-장거리-운전과-외곽-이동-허리-다리-피로-방문-홈케어\index.html","E:\mong-lounge-site\shops\gyeonggi\yeoncheon\청산면\love테라피\index.html","신규"
"love테라피","경기","경기","오산시","남촌동","E:\mong-lounge-site\massage\gyeonggi\osan\오산시-출장마사지-세교-오산역-원동-출퇴근과-환승-이동이-길어진-날-목-다리-피로-방문-홈케어\index.html","E:\mong-lounge-site\shops\gyeonggi\osan\남촌동\love테라피\index.html","신규"
"love테라피","경기","경기","오산시","대원동","E:\mong-lounge-site\massage\gyeonggi\osan\오산시-출장마사지-세교-오산역-원동-출퇴근과-환승-이동이-길어진-날-목-다리-피로-방문-홈케어\index.html","E:\mong-lounge-site\shops\gyeonggi\osan\대원동\love테라피\index.html","신규"
"love테라피","경기","경기","오산시","세마동","E:\mong-lounge-site\massage\gyeonggi\osan\오산시-출장마사지-세교-오산역-원동-출퇴근과-환승-이동이-길어진-날-목-다리-피로-방문-홈케어\index.html","E:\mong-lounge-site\shops\gyeonggi\osan\세마동\love테라피\index.html","신규"
"love테라피","경기","경기","오산시","신장동","E:\mong-lounge-site\massage\gyeonggi\osan\오산시-출장마사지-세교-오산역-원동-출퇴근과-환승-이동이-길어진-날-목-다리-피로-방문-홈케어\index.html","E:\mong-lounge-site\shops\gyeonggi\osan\신장동\love테라피\index.html","신규"
"love테라피","경기","경기","오산시","중앙동","E:\mong-lounge-site\massage\gyeonggi\osan\오산시-출장마사지-세교-오산역-원동-출퇴근과-환승-이동이-길어진-날-목-다리-피로-방문-홈케어\index.html","E:\mong-lounge-site\shops\gyeonggi\osan\중앙동\love테라피\index.html","신규"
"love테라피","경기","경기","오산시","초평동","E:\mong-lounge-site\massage\gyeonggi\osan\오산시-출장마사지-세교-오산역-원동-출퇴근과-환승-이동이-길어진-날-목-다리-피로-방문-홈케어\index.html","E:\mong-lounge-site\shops\gyeonggi\osan\초평동\love테라피\index.html","신규"
"love테라피","경기","경기","용인시-기흥구","구갈동","E:\mong-lounge-site\massage\gyeonggi\yongin\giheung-gu\용인시-기흥구-출장마사지-동별-생활권-지역안내\index.html","E:\mong-lounge-site\shops\gyeonggi\yongin\giheung-gu\구갈동\love테라피\index.html","신규"
"love테라피","경기","경기","용인시-기흥구","구성동","E:\mong-lounge-site\massage\gyeonggi\yongin\giheung-gu\용인시-기흥구-출장마사지-동별-생활권-지역안내\index.html","E:\mong-lounge-site\shops\gyeonggi\yongin\giheung-gu\구성동\love테라피\index.html","신규"
"love테라피","경기","경기","용인시-기흥구","기흥동","E:\mong-lounge-site\massage\gyeonggi\yongin\giheung-gu\용인시-기흥구-출장마사지-동별-생활권-지역안내\index.html","E:\mong-lounge-site\shops\gyeonggi\yongin\giheung-gu\기흥동\love테라피\index.html","신규"
"love테라피","경기","경기","용인시-기흥구","동백동","E:\mong-lounge-site\massage\gyeonggi\yongin\giheung-gu\용인시-기흥구-출장마사지-동별-생활권-지역안내\index.html","E:\mong-lounge-site\shops\gyeonggi\yongin\giheung-gu\동백동\love테라피\index.html","신규"
"love테라피","경기","경기","용인시-기흥구","마북동","E:\mong-lounge-site\massage\gyeonggi\yongin\giheung-gu\용인시-기흥구-출장마사지-동별-생활권-지역안내\index.html","E:\mong-lounge-site\shops\gyeonggi\yongin\giheung-gu\마북동\love테라피\index.html","신규"
"love테라피","경기","경기","용인시-기흥구","보라동","E:\mong-lounge-site\massage\gyeonggi\yongin\giheung-gu\용인시-기흥구-출장마사지-동별-생활권-지역안내\index.html","E:\mong-lounge-site\shops\gyeonggi\yongin\giheung-gu\보라동\love테라피\index.html","신규"
"love테라피","경기","경기","용인시-기흥구","보정동","E:\mong-lounge-site\massage\gyeonggi\yongin\giheung-gu\용인시-기흥구-출장마사지-동별-생활권-지역안내\index.html","E:\mong-lounge-site\shops\gyeonggi\yongin\giheung-gu\보정동\love테라피\index.html","신규"
"love테라피","경기","경기","용인시-기흥구","상갈동","E:\mong-lounge-site\massage\gyeonggi\yongin\giheung-gu\용인시-기흥구-출장마사지-동별-생활권-지역안내\index.html","E:\mong-lounge-site\shops\gyeonggi\yongin\giheung-gu\상갈동\love테라피\index.html","신규"
"love테라피","경기","경기","용인시-기흥구","상하동","E:\mong-lounge-site\massage\gyeonggi\yongin\giheung-gu\용인시-기흥구-출장마사지-동별-생활권-지역안내\index.html","E:\mong-lounge-site\shops\gyeonggi\yongin\giheung-gu\상하동\love테라피\index.html","신규"
"love테라피","경기","경기","용인시-기흥구","서농동","E:\mong-lounge-site\massage\gyeonggi\yongin\giheung-gu\용인시-기흥구-출장마사지-동별-생활권-지역안내\index.html","E:\mong-lounge-site\shops\gyeonggi\yongin\giheung-gu\서농동\love테라피\index.html","신규"
"love테라피","경기","경기","용인시-기흥구","신갈동","E:\mong-lounge-site\massage\gyeonggi\yongin\giheung-gu\용인시-기흥구-출장마사지-동별-생활권-지역안내\index.html","E:\mong-lounge-site\shops\gyeonggi\yongin\giheung-gu\신갈동\love테라피\index.html","신규"
"love테라피","경기","경기","용인시-기흥구","영덕동","E:\mong-lounge-site\massage\gyeonggi\yongin\giheung-gu\용인시-기흥구-출장마사지-동별-생활권-지역안내\index.html","E:\mong-lounge-site\shops\gyeonggi\yongin\giheung-gu\영덕동\love테라피\index.html","신규"
"love테라피","경기","경기","용인시-수지구","동천동","E:\mong-lounge-site\massage\gyeonggi\yongin\suji-gu\용인시-수지구-출장마사지-동별-생활권-지역안내\index.html","E:\mong-lounge-site\shops\gyeonggi\yongin\suji-gu\동천동\love테라피\index.html","신규"
"love테라피","경기","경기","용인시-수지구","상현동","E:\mong-lounge-site\massage\gyeonggi\yongin\suji-gu\용인시-수지구-출장마사지-동별-생활권-지역안내\index.html","E:\mong-lounge-site\shops\gyeonggi\yongin\suji-gu\상현동\love테라피\index.html","신규"
"love테라피","경기","경기","용인시-수지구","성복동","E:\mong-lounge-site\massage\gyeonggi\yongin\suji-gu\용인시-수지구-출장마사지-동별-생활권-지역안내\index.html","E:\mong-lounge-site\shops\gyeonggi\yongin\suji-gu\성복동\love테라피\index.html","신규"
"love테라피","경기","경기","용인시-수지구","신봉동","E:\mong-lounge-site\massage\gyeonggi\yongin\suji-gu\용인시-수지구-출장마사지-동별-생활권-지역안내\index.html","E:\mong-lounge-site\shops\gyeonggi\yongin\suji-gu\신봉동\love테라피\index.html","신규"
"love테라피","경기","경기","용인시-수지구","죽전동","E:\mong-lounge-site\massage\gyeonggi\yongin\suji-gu\용인시-수지구-출장마사지-동별-생활권-지역안내\index.html","E:\mong-lounge-site\shops\gyeonggi\yongin\suji-gu\죽전동\love테라피\index.html","신규"
"love테라피","경기","경기","용인시-수지구","풍덕천동","E:\mong-lounge-site\massage\gyeonggi\yongin\suji-gu\용인시-수지구-출장마사지-동별-생활권-지역안내\index.html","E:\mong-lounge-site\shops\gyeonggi\yongin\suji-gu\풍덕천동\love테라피\index.html","신규"
"love테라피","경기","경기","용인시-처인구","남사읍","E:\mong-lounge-site\massage\gyeonggi\yongin\cheoin-gu\용인시-처인구-출장마사지-동별-생활권-지역안내\index.html","E:\mong-lounge-site\shops\gyeonggi\yongin\cheoin-gu\남사읍\love테라피\index.html","신규"
"love테라피","경기","경기","용인시-처인구","동부동","E:\mong-lounge-site\massage\gyeonggi\yongin\cheoin-gu\용인시-처인구-출장마사지-동별-생활권-지역안내\index.html","E:\mong-lounge-site\shops\gyeonggi\yongin\cheoin-gu\동부동\love테라피\index.html","신규"
"love테라피","경기","경기","용인시-처인구","모현읍","E:\mong-lounge-site\massage\gyeonggi\yongin\cheoin-gu\용인시-처인구-출장마사지-동별-생활권-지역안내\index.html","E:\mong-lounge-site\shops\gyeonggi\yongin\cheoin-gu\모현읍\love테라피\index.html","신규"
"love테라피","경기","경기","용인시-처인구","백암면","E:\mong-lounge-site\massage\gyeonggi\yongin\cheoin-gu\용인시-처인구-출장마사지-동별-생활권-지역안내\index.html","E:\mong-lounge-site\shops\gyeonggi\yongin\cheoin-gu\백암면\love테라피\index.html","신규"
"love테라피","경기","경기","용인시-처인구","삼가동","E:\mong-lounge-site\massage\gyeonggi\yongin\cheoin-gu\용인시-처인구-출장마사지-동별-생활권-지역안내\index.html","E:\mong-lounge-site\shops\gyeonggi\yongin\cheoin-gu\삼가동\love테라피\index.html","신규"
"love테라피","경기","경기","용인시-처인구","양지읍","E:\mong-lounge-site\massage\gyeonggi\yongin\cheoin-gu\용인시-처인구-출장마사지-동별-생활권-지역안내\index.html","E:\mong-lounge-site\shops\gyeonggi\yongin\cheoin-gu\양지읍\love테라피\index.html","신규"
"love테라피","경기","경기","용인시-처인구","역북동","E:\mong-lounge-site\massage\gyeonggi\yongin\cheoin-gu\용인시-처인구-출장마사지-동별-생활권-지역안내\index.html","E:\mong-lounge-site\shops\gyeonggi\yongin\cheoin-gu\역북동\love테라피\index.html","신규"
"love테라피","경기","경기","용인시-처인구","원삼면","E:\mong-lounge-site\massage\gyeonggi\yongin\cheoin-gu\용인시-처인구-출장마사지-동별-생활권-지역안내\index.html","E:\mong-lounge-site\shops\gyeonggi\yongin\cheoin-gu\원삼면\love테라피\index.html","신규"
"love테라피","경기","경기","용인시-처인구","유림동","E:\mong-lounge-site\massage\gyeonggi\yongin\cheoin-gu\용인시-처인구-출장마사지-동별-생활권-지역안내\index.html","E:\mong-lounge-site\shops\gyeonggi\yongin\cheoin-gu\유림동\love테라피\index.html","신규"
"love테라피","경기","경기","용인시-처인구","이동읍","E:\mong-lounge-site\massage\gyeonggi\yongin\cheoin-gu\용인시-처인구-출장마사지-동별-생활권-지역안내\index.html","E:\mong-lounge-site\shops\gyeonggi\yongin\cheoin-gu\이동읍\love테라피\index.html","신규"
"love테라피","경기","경기","용인시-처인구","중앙동","E:\mong-lounge-site\massage\gyeonggi\yongin\cheoin-gu\용인시-처인구-출장마사지-동별-생활권-지역안내\index.html","E:\mong-lounge-site\shops\gyeonggi\yongin\cheoin-gu\중앙동\love테라피\index.html","신규"
"love테라피","경기","경기","용인시-처인구","포곡읍","E:\mong-lounge-site\massage\gyeonggi\yongin\cheoin-gu\용인시-처인구-출장마사지-동별-생활권-지역안내\index.html","E:\mong-lounge-site\shops\gyeonggi\yongin\cheoin-gu\포곡읍\love테라피\index.html","신규"
"love테라피","경기","경기","의왕시","고천동","E:\mong-lounge-site\massage\gyeonggi\uiwang\의왕시-출장마사지-내손-포일-오전-오피스-통근과-장시간-앉은-업무-목-허리-피로-방문-홈케어\index.html","E:\mong-lounge-site\shops\gyeonggi\uiwang\고천동\love테라피\index.html","신규"
"love테라피","경기","경기","의왕시","내손동","E:\mong-lounge-site\massage\gyeonggi\uiwang\의왕시-출장마사지-내손-포일-오전-오피스-통근과-장시간-앉은-업무-목-허리-피로-방문-홈케어\index.html","E:\mong-lounge-site\shops\gyeonggi\uiwang\내손동\love테라피\index.html","신규"
"love테라피","경기","경기","의왕시","부곡동","E:\mong-lounge-site\massage\gyeonggi\uiwang\의왕시-출장마사지-내손-포일-오전-오피스-통근과-장시간-앉은-업무-목-허리-피로-방문-홈케어\index.html","E:\mong-lounge-site\shops\gyeonggi\uiwang\부곡동\love테라피\index.html","신규"
"love테라피","경기","경기","의왕시","오전동","E:\mong-lounge-site\massage\gyeonggi\uiwang\의왕시-출장마사지-내손-포일-오전-오피스-통근과-장시간-앉은-업무-목-허리-피로-방문-홈케어\index.html","E:\mong-lounge-site\shops\gyeonggi\uiwang\오전동\love테라피\index.html","신규"
"love테라피","경기","경기","의왕시","청계동","E:\mong-lounge-site\massage\gyeonggi\uiwang\의왕시-출장마사지-내손-포일-오전-오피스-통근과-장시간-앉은-업무-목-허리-피로-방문-홈케어\index.html","E:\mong-lounge-site\shops\gyeonggi\uiwang\청계동\love테라피\index.html","신규"
"love테라피","경기","경기","의정부시","가능동","E:\mong-lounge-site\massage\gyeonggi\uijeongbu\의정부시-출장마사지-민락-회룡-의정부역-통근과-생활-이동이-겹친-날-허리-다리-피로-방문-홈케어\index.html","E:\mong-lounge-site\shops\gyeonggi\uijeongbu\가능동\love테라피\index.html","신규"
"love테라피","경기","경기","의정부시","고산동","E:\mong-lounge-site\massage\gyeonggi\uijeongbu\의정부시-출장마사지-민락-회룡-의정부역-통근과-생활-이동이-겹친-날-허리-다리-피로-방문-홈케어\index.html","E:\mong-lounge-site\shops\gyeonggi\uijeongbu\고산동\love테라피\index.html","신규"
"love테라피","경기","경기","의정부시","녹양동","E:\mong-lounge-site\massage\gyeonggi\uijeongbu\의정부시-출장마사지-민락-회룡-의정부역-통근과-생활-이동이-겹친-날-허리-다리-피로-방문-홈케어\index.html","E:\mong-lounge-site\shops\gyeonggi\uijeongbu\녹양동\love테라피\index.html","신규"
"love테라피","경기","경기","의정부시","송산동","E:\mong-lounge-site\massage\gyeonggi\uijeongbu\의정부시-출장마사지-민락-회룡-의정부역-통근과-생활-이동이-겹친-날-허리-다리-피로-방문-홈케어\index.html","E:\mong-lounge-site\shops\gyeonggi\uijeongbu\송산동\love테라피\index.html","신규"
"love테라피","경기","경기","의정부시","신곡동","E:\mong-lounge-site\massage\gyeonggi\uijeongbu\의정부시-출장마사지-민락-회룡-의정부역-통근과-생활-이동이-겹친-날-허리-다리-피로-방문-홈케어\index.html","E:\mong-lounge-site\shops\gyeonggi\uijeongbu\신곡동\love테라피\index.html","신규"
"love테라피","경기","경기","의정부시","의정부동","E:\mong-lounge-site\massage\gyeonggi\uijeongbu\의정부시-출장마사지-민락-회룡-의정부역-통근과-생활-이동이-겹친-날-허리-다리-피로-방문-홈케어\index.html","E:\mong-lounge-site\shops\gyeonggi\uijeongbu\의정부동\love테라피\index.html","신규"
"love테라피","경기","경기","의정부시","자금동","E:\mong-lounge-site\massage\gyeonggi\uijeongbu\의정부시-출장마사지-민락-회룡-의정부역-통근과-생활-이동이-겹친-날-허리-다리-피로-방문-홈케어\index.html","E:\mong-lounge-site\shops\gyeonggi\uijeongbu\자금동\love테라피\index.html","신규"
"love테라피","경기","경기","의정부시","장암동","E:\mong-lounge-site\massage\gyeonggi\uijeongbu\의정부시-출장마사지-민락-회룡-의정부역-통근과-생활-이동이-겹친-날-허리-다리-피로-방문-홈케어\index.html","E:\mong-lounge-site\shops\gyeonggi\uijeongbu\장암동\love테라피\index.html","신규"
"love테라피","경기","경기","의정부시","호원동","E:\mong-lounge-site\massage\gyeonggi\uijeongbu\의정부시-출장마사지-민락-회룡-의정부역-통근과-생활-이동이-겹친-날-허리-다리-피로-방문-홈케어\index.html","E:\mong-lounge-site\shops\gyeonggi\uijeongbu\호원동\love테라피\index.html","신규"
"love테라피","경기","경기","의정부시","흥선동","E:\mong-lounge-site\massage\gyeonggi\uijeongbu\의정부시-출장마사지-민락-회룡-의정부역-통근과-생활-이동이-겹친-날-허리-다리-피로-방문-홈케어\index.html","E:\mong-lounge-site\shops\gyeonggi\uijeongbu\흥선동\love테라피\index.html","신규"
"love테라피","경기","경기","이천시","관고동","E:\mong-lounge-site\massage\gyeonggi\icheon\이천시-출장마사지-창전-부발-증포-물류-산업-업무와-장시간-이동-어깨-허리-피로-방문-홈케어\index.html","E:\mong-lounge-site\shops\gyeonggi\icheon\관고동\love테라피\index.html","신규"
"love테라피","경기","경기","이천시","대월면","E:\mong-lounge-site\massage\gyeonggi\icheon\이천시-출장마사지-창전-부발-증포-물류-산업-업무와-장시간-이동-어깨-허리-피로-방문-홈케어\index.html","E:\mong-lounge-site\shops\gyeonggi\icheon\대월면\love테라피\index.html","신규"
"love테라피","경기","경기","이천시","마장면","E:\mong-lounge-site\massage\gyeonggi\icheon\이천시-출장마사지-창전-부발-증포-물류-산업-업무와-장시간-이동-어깨-허리-피로-방문-홈케어\index.html","E:\mong-lounge-site\shops\gyeonggi\icheon\마장면\love테라피\index.html","신규"
"love테라피","경기","경기","이천시","모가면","E:\mong-lounge-site\massage\gyeonggi\icheon\이천시-출장마사지-창전-부발-증포-물류-산업-업무와-장시간-이동-어깨-허리-피로-방문-홈케어\index.html","E:\mong-lounge-site\shops\gyeonggi\icheon\모가면\love테라피\index.html","신규"
"love테라피","경기","경기","이천시","백사면","E:\mong-lounge-site\massage\gyeonggi\icheon\이천시-출장마사지-창전-부발-증포-물류-산업-업무와-장시간-이동-어깨-허리-피로-방문-홈케어\index.html","E:\mong-lounge-site\shops\gyeonggi\icheon\백사면\love테라피\index.html","신규"
"love테라피","경기","경기","이천시","부발읍","E:\mong-lounge-site\massage\gyeonggi\icheon\이천시-출장마사지-창전-부발-증포-물류-산업-업무와-장시간-이동-어깨-허리-피로-방문-홈케어\index.html","E:\mong-lounge-site\shops\gyeonggi\icheon\부발읍\love테라피\index.html","신규"
"love테라피","경기","경기","이천시","설성면","E:\mong-lounge-site\massage\gyeonggi\icheon\이천시-출장마사지-창전-부발-증포-물류-산업-업무와-장시간-이동-어깨-허리-피로-방문-홈케어\index.html","E:\mong-lounge-site\shops\gyeonggi\icheon\설성면\love테라피\index.html","신규"
"love테라피","경기","경기","이천시","신둔면","E:\mong-lounge-site\massage\gyeonggi\icheon\이천시-출장마사지-창전-부발-증포-물류-산업-업무와-장시간-이동-어깨-허리-피로-방문-홈케어\index.html","E:\mong-lounge-site\shops\gyeonggi\icheon\신둔면\love테라피\index.html","신규"
"love테라피","경기","경기","이천시","율면","E:\mong-lounge-site\massage\gyeonggi\icheon\이천시-출장마사지-창전-부발-증포-물류-산업-업무와-장시간-이동-어깨-허리-피로-방문-홈케어\index.html","E:\mong-lounge-site\shops\gyeonggi\icheon\율면\love테라피\index.html","신규"
"love테라피","경기","경기","이천시","장호원읍","E:\mong-lounge-site\massage\gyeonggi\icheon\이천시-출장마사지-창전-부발-증포-물류-산업-업무와-장시간-이동-어깨-허리-피로-방문-홈케어\index.html","E:\mong-lounge-site\shops\gyeonggi\icheon\장호원읍\love테라피\index.html","신규"
"love테라피","경기","경기","이천시","중리동","E:\mong-lounge-site\massage\gyeonggi\icheon\이천시-출장마사지-창전-부발-증포-물류-산업-업무와-장시간-이동-어깨-허리-피로-방문-홈케어\index.html","E:\mong-lounge-site\shops\gyeonggi\icheon\중리동\love테라피\index.html","신규"
"love테라피","경기","경기","이천시","증포동","E:\mong-lounge-site\massage\gyeonggi\icheon\이천시-출장마사지-창전-부발-증포-물류-산업-업무와-장시간-이동-어깨-허리-피로-방문-홈케어\index.html","E:\mong-lounge-site\shops\gyeonggi\icheon\증포동\love테라피\index.html","신규"
"love테라피","경기","경기","이천시","창전동","E:\mong-lounge-site\massage\gyeonggi\icheon\이천시-출장마사지-창전-부발-증포-물류-산업-업무와-장시간-이동-어깨-허리-피로-방문-홈케어\index.html","E:\mong-lounge-site\shops\gyeonggi\icheon\창전동\love테라피\index.html","신규"
"love테라피","경기","경기","이천시","호법면","E:\mong-lounge-site\massage\gyeonggi\icheon\이천시-출장마사지-창전-부발-증포-물류-산업-업무와-장시간-이동-어깨-허리-피로-방문-홈케어\index.html","E:\mong-lounge-site\shops\gyeonggi\icheon\호법면\love테라피\index.html","신규"
"love테라피","경기","경기","파주시","광탄면","E:\mong-lounge-site\massage\gyeonggi\paju\파주시-출장마사지-운정-금촌-문산-차량-통근과-장시간-운전-허리-어깨-피로-방문-홈케어\index.html","E:\mong-lounge-site\shops\gyeonggi\paju\광탄면\love테라피\index.html","신규"
"love테라피","경기","경기","파주시","교하동","E:\mong-lounge-site\massage\gyeonggi\paju\파주시-출장마사지-운정-금촌-문산-차량-통근과-장시간-운전-허리-어깨-피로-방문-홈케어\index.html","E:\mong-lounge-site\shops\gyeonggi\paju\교하동\love테라피\index.html","신규"
"love테라피","경기","경기","파주시","금촌동","E:\mong-lounge-site\massage\gyeonggi\paju\파주시-출장마사지-운정-금촌-문산-차량-통근과-장시간-운전-허리-어깨-피로-방문-홈케어\index.html","E:\mong-lounge-site\shops\gyeonggi\paju\금촌동\love테라피\index.html","신규"
"love테라피","경기","경기","파주시","문산읍","E:\mong-lounge-site\massage\gyeonggi\paju\파주시-출장마사지-운정-금촌-문산-차량-통근과-장시간-운전-허리-어깨-피로-방문-홈케어\index.html","E:\mong-lounge-site\shops\gyeonggi\paju\문산읍\love테라피\index.html","신규"
"love테라피","경기","경기","파주시","법원읍","E:\mong-lounge-site\massage\gyeonggi\paju\파주시-출장마사지-운정-금촌-문산-차량-통근과-장시간-운전-허리-어깨-피로-방문-홈케어\index.html","E:\mong-lounge-site\shops\gyeonggi\paju\법원읍\love테라피\index.html","신규"
"love테라피","경기","경기","파주시","운정동","E:\mong-lounge-site\massage\gyeonggi\paju\파주시-출장마사지-운정-금촌-문산-차량-통근과-장시간-운전-허리-어깨-피로-방문-홈케어\index.html","E:\mong-lounge-site\shops\gyeonggi\paju\운정동\love테라피\index.html","신규"
"love테라피","경기","경기","파주시","월롱면","E:\mong-lounge-site\massage\gyeonggi\paju\파주시-출장마사지-운정-금촌-문산-차량-통근과-장시간-운전-허리-어깨-피로-방문-홈케어\index.html","E:\mong-lounge-site\shops\gyeonggi\paju\월롱면\love테라피\index.html","신규"
"love테라피","경기","경기","파주시","장단면","E:\mong-lounge-site\massage\gyeonggi\paju\파주시-출장마사지-운정-금촌-문산-차량-통근과-장시간-운전-허리-어깨-피로-방문-홈케어\index.html","E:\mong-lounge-site\shops\gyeonggi\paju\장단면\love테라피\index.html","신규"
"love테라피","경기","경기","파주시","적성면","E:\mong-lounge-site\massage\gyeonggi\paju\파주시-출장마사지-운정-금촌-문산-차량-통근과-장시간-운전-허리-어깨-피로-방문-홈케어\index.html","E:\mong-lounge-site\shops\gyeonggi\paju\적성면\love테라피\index.html","신규"
"love테라피","경기","경기","파주시","조리읍","E:\mong-lounge-site\massage\gyeonggi\paju\파주시-출장마사지-운정-금촌-문산-차량-통근과-장시간-운전-허리-어깨-피로-방문-홈케어\index.html","E:\mong-lounge-site\shops\gyeonggi\paju\조리읍\love테라피\index.html","신규"
"love테라피","경기","경기","파주시","탄현면","E:\mong-lounge-site\massage\gyeonggi\paju\파주시-출장마사지-운정-금촌-문산-차량-통근과-장시간-운전-허리-어깨-피로-방문-홈케어\index.html","E:\mong-lounge-site\shops\gyeonggi\paju\탄현면\love테라피\index.html","신규"
"love테라피","경기","경기","파주시","파주읍","E:\mong-lounge-site\massage\gyeonggi\paju\파주시-출장마사지-운정-금촌-문산-차량-통근과-장시간-운전-허리-어깨-피로-방문-홈케어\index.html","E:\mong-lounge-site\shops\gyeonggi\paju\파주읍\love테라피\index.html","신규"
"love테라피","경기","경기","파주시","파평면","E:\mong-lounge-site\massage\gyeonggi\paju\파주시-출장마사지-운정-금촌-문산-차량-통근과-장시간-운전-허리-어깨-피로-방문-홈케어\index.html","E:\mong-lounge-site\shops\gyeonggi\paju\파평면\love테라피\index.html","신규"
"love테라피","경기","경기","평택시","고덕동","E:\mong-lounge-site\massage\gyeonggi\pyeongtaek\평택시-출장마사지-고덕-송탄-평택역-교대-근무와-장시간-이동-다리-어깨-피로-방문-홈케어\index.html","E:\mong-lounge-site\shops\gyeonggi\pyeongtaek\고덕동\love테라피\index.html","신규"
"love테라피","경기","경기","평택시","고덕면","E:\mong-lounge-site\massage\gyeonggi\pyeongtaek\평택시-출장마사지-고덕-송탄-평택역-교대-근무와-장시간-이동-다리-어깨-피로-방문-홈케어\index.html","E:\mong-lounge-site\shops\gyeonggi\pyeongtaek\고덕면\love테라피\index.html","신규"
"love테라피","경기","경기","평택시","동삭동","E:\mong-lounge-site\massage\gyeonggi\pyeongtaek\평택시-출장마사지-고덕-송탄-평택역-교대-근무와-장시간-이동-다리-어깨-피로-방문-홈케어\index.html","E:\mong-lounge-site\shops\gyeonggi\pyeongtaek\동삭동\love테라피\index.html","신규"
"love테라피","경기","경기","평택시","비전동","E:\mong-lounge-site\massage\gyeonggi\pyeongtaek\평택시-출장마사지-고덕-송탄-평택역-교대-근무와-장시간-이동-다리-어깨-피로-방문-홈케어\index.html","E:\mong-lounge-site\shops\gyeonggi\pyeongtaek\비전동\love테라피\index.html","신규"
"love테라피","경기","경기","평택시","서정동","E:\mong-lounge-site\massage\gyeonggi\pyeongtaek\평택시-출장마사지-고덕-송탄-평택역-교대-근무와-장시간-이동-다리-어깨-피로-방문-홈케어\index.html","E:\mong-lounge-site\shops\gyeonggi\pyeongtaek\서정동\love테라피\index.html","신규"
"love테라피","경기","경기","평택시","서탄면","E:\mong-lounge-site\massage\gyeonggi\pyeongtaek\평택시-출장마사지-고덕-송탄-평택역-교대-근무와-장시간-이동-다리-어깨-피로-방문-홈케어\index.html","E:\mong-lounge-site\shops\gyeonggi\pyeongtaek\서탄면\love테라피\index.html","신규"
"love테라피","경기","경기","평택시","세교동","E:\mong-lounge-site\massage\gyeonggi\pyeongtaek\평택시-출장마사지-고덕-송탄-평택역-교대-근무와-장시간-이동-다리-어깨-피로-방문-홈케어\index.html","E:\mong-lounge-site\shops\gyeonggi\pyeongtaek\세교동\love테라피\index.html","신규"
"love테라피","경기","경기","평택시","송북동","E:\mong-lounge-site\massage\gyeonggi\pyeongtaek\평택시-출장마사지-고덕-송탄-평택역-교대-근무와-장시간-이동-다리-어깨-피로-방문-홈케어\index.html","E:\mong-lounge-site\shops\gyeonggi\pyeongtaek\송북동\love테라피\index.html","신규"
"love테라피","경기","경기","평택시","송탄동","E:\mong-lounge-site\massage\gyeonggi\pyeongtaek\평택시-출장마사지-고덕-송탄-평택역-교대-근무와-장시간-이동-다리-어깨-피로-방문-홈케어\index.html","E:\mong-lounge-site\shops\gyeonggi\pyeongtaek\송탄동\love테라피\index.html","신규"
"love테라피","경기","경기","평택시","신장동","E:\mong-lounge-site\massage\gyeonggi\pyeongtaek\평택시-출장마사지-고덕-송탄-평택역-교대-근무와-장시간-이동-다리-어깨-피로-방문-홈케어\index.html","E:\mong-lounge-site\shops\gyeonggi\pyeongtaek\신장동\love테라피\index.html","신규"
"love테라피","경기","경기","평택시","신평동","E:\mong-lounge-site\massage\gyeonggi\pyeongtaek\평택시-출장마사지-고덕-송탄-평택역-교대-근무와-장시간-이동-다리-어깨-피로-방문-홈케어\index.html","E:\mong-lounge-site\shops\gyeonggi\pyeongtaek\신평동\love테라피\index.html","신규"
"love테라피","경기","경기","평택시","안중읍","E:\mong-lounge-site\massage\gyeonggi\pyeongtaek\평택시-출장마사지-고덕-송탄-평택역-교대-근무와-장시간-이동-다리-어깨-피로-방문-홈케어\index.html","E:\mong-lounge-site\shops\gyeonggi\pyeongtaek\안중읍\love테라피\index.html","신규"
"love테라피","경기","경기","평택시","오성면","E:\mong-lounge-site\massage\gyeonggi\pyeongtaek\평택시-출장마사지-고덕-송탄-평택역-교대-근무와-장시간-이동-다리-어깨-피로-방문-홈케어\index.html","E:\mong-lounge-site\shops\gyeonggi\pyeongtaek\오성면\love테라피\index.html","신규"
"love테라피","경기","경기","평택시","용이동","E:\mong-lounge-site\massage\gyeonggi\pyeongtaek\평택시-출장마사지-고덕-송탄-평택역-교대-근무와-장시간-이동-다리-어깨-피로-방문-홈케어\index.html","E:\mong-lounge-site\shops\gyeonggi\pyeongtaek\용이동\love테라피\index.html","신규"
"love테라피","경기","경기","평택시","원평동","E:\mong-lounge-site\massage\gyeonggi\pyeongtaek\평택시-출장마사지-고덕-송탄-평택역-교대-근무와-장시간-이동-다리-어깨-피로-방문-홈케어\index.html","E:\mong-lounge-site\shops\gyeonggi\pyeongtaek\원평동\love테라피\index.html","신규"
"love테라피","경기","경기","평택시","중앙동","E:\mong-lounge-site\massage\gyeonggi\pyeongtaek\평택시-출장마사지-고덕-송탄-평택역-교대-근무와-장시간-이동-다리-어깨-피로-방문-홈케어\index.html","E:\mong-lounge-site\shops\gyeonggi\pyeongtaek\중앙동\love테라피\index.html","신규"
"love테라피","경기","경기","평택시","지산동","E:\mong-lounge-site\massage\gyeonggi\pyeongtaek\평택시-출장마사지-고덕-송탄-평택역-교대-근무와-장시간-이동-다리-어깨-피로-방문-홈케어\index.html","E:\mong-lounge-site\shops\gyeonggi\pyeongtaek\지산동\love테라피\index.html","신규"
"love테라피","경기","경기","평택시","진위면","E:\mong-lounge-site\massage\gyeonggi\pyeongtaek\평택시-출장마사지-고덕-송탄-평택역-교대-근무와-장시간-이동-다리-어깨-피로-방문-홈케어\index.html","E:\mong-lounge-site\shops\gyeonggi\pyeongtaek\진위면\love테라피\index.html","신규"
"love테라피","경기","경기","평택시","청북읍","E:\mong-lounge-site\massage\gyeonggi\pyeongtaek\평택시-출장마사지-고덕-송탄-평택역-교대-근무와-장시간-이동-다리-어깨-피로-방문-홈케어\index.html","E:\mong-lounge-site\shops\gyeonggi\pyeongtaek\청북읍\love테라피\index.html","신규"
"love테라피","경기","경기","평택시","통복동","E:\mong-lounge-site\massage\gyeonggi\pyeongtaek\평택시-출장마사지-고덕-송탄-평택역-교대-근무와-장시간-이동-다리-어깨-피로-방문-홈케어\index.html","E:\mong-lounge-site\shops\gyeonggi\pyeongtaek\통복동\love테라피\index.html","신규"
"love테라피","경기","경기","평택시","팽성읍","E:\mong-lounge-site\massage\gyeonggi\pyeongtaek\평택시-출장마사지-고덕-송탄-평택역-교대-근무와-장시간-이동-다리-어깨-피로-방문-홈케어\index.html","E:\mong-lounge-site\shops\gyeonggi\pyeongtaek\팽성읍\love테라피\index.html","신규"
"love테라피","경기","경기","평택시","포승읍","E:\mong-lounge-site\massage\gyeonggi\pyeongtaek\평택시-출장마사지-고덕-송탄-평택역-교대-근무와-장시간-이동-다리-어깨-피로-방문-홈케어\index.html","E:\mong-lounge-site\shops\gyeonggi\pyeongtaek\포승읍\love테라피\index.html","신규"
"love테라피","경기","경기","평택시","현덕면","E:\mong-lounge-site\massage\gyeonggi\pyeongtaek\평택시-출장마사지-고덕-송탄-평택역-교대-근무와-장시간-이동-다리-어깨-피로-방문-홈케어\index.html","E:\mong-lounge-site\shops\gyeonggi\pyeongtaek\현덕면\love테라피\index.html","신규"
"love테라피","경기","경기","포천시","가산면","E:\mong-lounge-site\massage\gyeonggi\pocheon\포천시-출장마사지-소흘-송우리-포천동-장거리-차량-이동과-현장-일정-허리-어깨-피로-방문-홈케어\index.html","E:\mong-lounge-site\shops\gyeonggi\pocheon\가산면\love테라피\index.html","신규"
"love테라피","경기","경기","포천시","관인면","E:\mong-lounge-site\massage\gyeonggi\pocheon\포천시-출장마사지-소흘-송우리-포천동-장거리-차량-이동과-현장-일정-허리-어깨-피로-방문-홈케어\index.html","E:\mong-lounge-site\shops\gyeonggi\pocheon\관인면\love테라피\index.html","신규"
"love테라피","경기","경기","포천시","군내면","E:\mong-lounge-site\massage\gyeonggi\pocheon\포천시-출장마사지-소흘-송우리-포천동-장거리-차량-이동과-현장-일정-허리-어깨-피로-방문-홈케어\index.html","E:\mong-lounge-site\shops\gyeonggi\pocheon\군내면\love테라피\index.html","신규"
"love테라피","경기","경기","포천시","내촌면","E:\mong-lounge-site\massage\gyeonggi\pocheon\포천시-출장마사지-소흘-송우리-포천동-장거리-차량-이동과-현장-일정-허리-어깨-피로-방문-홈케어\index.html","E:\mong-lounge-site\shops\gyeonggi\pocheon\내촌면\love테라피\index.html","신규"
"love테라피","경기","경기","포천시","선단동","E:\mong-lounge-site\massage\gyeonggi\pocheon\포천시-출장마사지-소흘-송우리-포천동-장거리-차량-이동과-현장-일정-허리-어깨-피로-방문-홈케어\index.html","E:\mong-lounge-site\shops\gyeonggi\pocheon\선단동\love테라피\index.html","신규"
"love테라피","경기","경기","포천시","소흘읍","E:\mong-lounge-site\massage\gyeonggi\pocheon\포천시-출장마사지-소흘-송우리-포천동-장거리-차량-이동과-현장-일정-허리-어깨-피로-방문-홈케어\index.html","E:\mong-lounge-site\shops\gyeonggi\pocheon\소흘읍\love테라피\index.html","신규"
"love테라피","경기","경기","포천시","신북면","E:\mong-lounge-site\massage\gyeonggi\pocheon\포천시-출장마사지-소흘-송우리-포천동-장거리-차량-이동과-현장-일정-허리-어깨-피로-방문-홈케어\index.html","E:\mong-lounge-site\shops\gyeonggi\pocheon\신북면\love테라피\index.html","신규"
"love테라피","경기","경기","포천시","영북면","E:\mong-lounge-site\massage\gyeonggi\pocheon\포천시-출장마사지-소흘-송우리-포천동-장거리-차량-이동과-현장-일정-허리-어깨-피로-방문-홈케어\index.html","E:\mong-lounge-site\shops\gyeonggi\pocheon\영북면\love테라피\index.html","신규"
"love테라피","경기","경기","포천시","영중면","E:\mong-lounge-site\massage\gyeonggi\pocheon\포천시-출장마사지-소흘-송우리-포천동-장거리-차량-이동과-현장-일정-허리-어깨-피로-방문-홈케어\index.html","E:\mong-lounge-site\shops\gyeonggi\pocheon\영중면\love테라피\index.html","신규"
"love테라피","경기","경기","포천시","이동면","E:\mong-lounge-site\massage\gyeonggi\pocheon\포천시-출장마사지-소흘-송우리-포천동-장거리-차량-이동과-현장-일정-허리-어깨-피로-방문-홈케어\index.html","E:\mong-lounge-site\shops\gyeonggi\pocheon\이동면\love테라피\index.html","신규"
"love테라피","경기","경기","포천시","일동면","E:\mong-lounge-site\massage\gyeonggi\pocheon\포천시-출장마사지-소흘-송우리-포천동-장거리-차량-이동과-현장-일정-허리-어깨-피로-방문-홈케어\index.html","E:\mong-lounge-site\shops\gyeonggi\pocheon\일동면\love테라피\index.html","신규"
"love테라피","경기","경기","포천시","창수면","E:\mong-lounge-site\massage\gyeonggi\pocheon\포천시-출장마사지-소흘-송우리-포천동-장거리-차량-이동과-현장-일정-허리-어깨-피로-방문-홈케어\index.html","E:\mong-lounge-site\shops\gyeonggi\pocheon\창수면\love테라피\index.html","신규"
"love테라피","경기","경기","포천시","포천동","E:\mong-lounge-site\massage\gyeonggi\pocheon\포천시-출장마사지-소흘-송우리-포천동-장거리-차량-이동과-현장-일정-허리-어깨-피로-방문-홈케어\index.html","E:\mong-lounge-site\shops\gyeonggi\pocheon\포천동\love테라피\index.html","신규"
"love테라피","경기","경기","포천시","화현면","E:\mong-lounge-site\massage\gyeonggi\pocheon\포천시-출장마사지-소흘-송우리-포천동-장거리-차량-이동과-현장-일정-허리-어깨-피로-방문-홈케어\index.html","E:\mong-lounge-site\shops\gyeonggi\pocheon\화현면\love테라피\index.html","신규"
"love테라피","경기","경기","하남시","감북동","E:\mong-lounge-site\massage\gyeonggi\hanam\하남시-출장마사지-미사-감일-덕풍-신도시-생활과-집안-정리-일정-어깨-허리-피로-방문-홈케어\index.html","E:\mong-lounge-site\shops\gyeonggi\hanam\감북동\love테라피\index.html","신규"
"love테라피","경기","경기","하남시","감일동","E:\mong-lounge-site\massage\gyeonggi\hanam\하남시-출장마사지-미사-감일-덕풍-신도시-생활과-집안-정리-일정-어깨-허리-피로-방문-홈케어\index.html","E:\mong-lounge-site\shops\gyeonggi\hanam\감일동\love테라피\index.html","신규"
"love테라피","경기","경기","하남시","덕풍동","E:\mong-lounge-site\massage\gyeonggi\hanam\하남시-출장마사지-미사-감일-덕풍-신도시-생활과-집안-정리-일정-어깨-허리-피로-방문-홈케어\index.html","E:\mong-lounge-site\shops\gyeonggi\hanam\덕풍동\love테라피\index.html","신규"
"love테라피","경기","경기","하남시","미사동","E:\mong-lounge-site\massage\gyeonggi\hanam\하남시-출장마사지-미사-감일-덕풍-신도시-생활과-집안-정리-일정-어깨-허리-피로-방문-홈케어\index.html","E:\mong-lounge-site\shops\gyeonggi\hanam\미사동\love테라피\index.html","신규"
"love테라피","경기","경기","하남시","신장동","E:\mong-lounge-site\massage\gyeonggi\hanam\하남시-출장마사지-미사-감일-덕풍-신도시-생활과-집안-정리-일정-어깨-허리-피로-방문-홈케어\index.html","E:\mong-lounge-site\shops\gyeonggi\hanam\신장동\love테라피\index.html","신규"
"love테라피","경기","경기","하남시","위례동","E:\mong-lounge-site\massage\gyeonggi\hanam\하남시-출장마사지-미사-감일-덕풍-신도시-생활과-집안-정리-일정-어깨-허리-피로-방문-홈케어\index.html","E:\mong-lounge-site\shops\gyeonggi\hanam\위례동\love테라피\index.html","신규"
"love테라피","경기","경기","하남시","천현동","E:\mong-lounge-site\massage\gyeonggi\hanam\하남시-출장마사지-미사-감일-덕풍-신도시-생활과-집안-정리-일정-어깨-허리-피로-방문-홈케어\index.html","E:\mong-lounge-site\shops\gyeonggi\hanam\천현동\love테라피\index.html","신규"
"love테라피","경기","경기","하남시","초이동","E:\mong-lounge-site\massage\gyeonggi\hanam\하남시-출장마사지-미사-감일-덕풍-신도시-생활과-집안-정리-일정-어깨-허리-피로-방문-홈케어\index.html","E:\mong-lounge-site\shops\gyeonggi\hanam\초이동\love테라피\index.html","신규"
"love테라피","경기","경기","하남시","춘궁동","E:\mong-lounge-site\massage\gyeonggi\hanam\하남시-출장마사지-미사-감일-덕풍-신도시-생활과-집안-정리-일정-어깨-허리-피로-방문-홈케어\index.html","E:\mong-lounge-site\shops\gyeonggi\hanam\춘궁동\love테라피\index.html","신규"
"love테라피","경기","경기","화성시-동탄구","동탄동","E:\mong-lounge-site\massage\gyeonggi\hwaseong\dongtan-gu\화성시-동탄구-출장마사지-동별-생활권-지역안내\index.html","E:\mong-lounge-site\shops\gyeonggi\hwaseong\dongtan-gu\동탄동\love테라피\index.html","신규"
"love테라피","경기","경기","화성시-만세구","남양읍","E:\mong-lounge-site\massage\gyeonggi\hwaseong\manse-gu\화성시-만세구-출장마사지-동별-생활권-지역안내\index.html","E:\mong-lounge-site\shops\gyeonggi\hwaseong\manse-gu\남양읍\love테라피\index.html","신규"
"love테라피","경기","경기","화성시-만세구","마도면","E:\mong-lounge-site\massage\gyeonggi\hwaseong\manse-gu\화성시-만세구-출장마사지-동별-생활권-지역안내\index.html","E:\mong-lounge-site\shops\gyeonggi\hwaseong\manse-gu\마도면\love테라피\index.html","신규"
"love테라피","경기","경기","화성시-만세구","새솔동","E:\mong-lounge-site\massage\gyeonggi\hwaseong\manse-gu\화성시-만세구-출장마사지-동별-생활권-지역안내\index.html","E:\mong-lounge-site\shops\gyeonggi\hwaseong\manse-gu\새솔동\love테라피\index.html","신규"
"love테라피","경기","경기","화성시-만세구","서신면","E:\mong-lounge-site\massage\gyeonggi\hwaseong\manse-gu\화성시-만세구-출장마사지-동별-생활권-지역안내\index.html","E:\mong-lounge-site\shops\gyeonggi\hwaseong\manse-gu\서신면\love테라피\index.html","신규"
"love테라피","경기","경기","화성시-만세구","송산면","E:\mong-lounge-site\massage\gyeonggi\hwaseong\manse-gu\화성시-만세구-출장마사지-동별-생활권-지역안내\index.html","E:\mong-lounge-site\shops\gyeonggi\hwaseong\manse-gu\송산면\love테라피\index.html","신규"
"love테라피","경기","경기","화성시-만세구","양감면","E:\mong-lounge-site\massage\gyeonggi\hwaseong\manse-gu\화성시-만세구-출장마사지-동별-생활권-지역안내\index.html","E:\mong-lounge-site\shops\gyeonggi\hwaseong\manse-gu\양감면\love테라피\index.html","신규"
"love테라피","경기","경기","화성시-만세구","우정읍","E:\mong-lounge-site\massage\gyeonggi\hwaseong\manse-gu\화성시-만세구-출장마사지-동별-생활권-지역안내\index.html","E:\mong-lounge-site\shops\gyeonggi\hwaseong\manse-gu\우정읍\love테라피\index.html","신규"
"love테라피","경기","경기","화성시-만세구","장안면","E:\mong-lounge-site\massage\gyeonggi\hwaseong\manse-gu\화성시-만세구-출장마사지-동별-생활권-지역안내\index.html","E:\mong-lounge-site\shops\gyeonggi\hwaseong\manse-gu\장안면\love테라피\index.html","신규"
"love테라피","경기","경기","화성시-만세구","팔탄면","E:\mong-lounge-site\massage\gyeonggi\hwaseong\manse-gu\화성시-만세구-출장마사지-동별-생활권-지역안내\index.html","E:\mong-lounge-site\shops\gyeonggi\hwaseong\manse-gu\팔탄면\love테라피\index.html","신규"
"love테라피","경기","경기","화성시-만세구","향남읍","E:\mong-lounge-site\massage\gyeonggi\hwaseong\manse-gu\화성시-만세구-출장마사지-동별-생활권-지역안내\index.html","E:\mong-lounge-site\shops\gyeonggi\hwaseong\manse-gu\향남읍\love테라피\index.html","신규"
"love테라피","경기","경기","화성시-병점구","반월동","E:\mong-lounge-site\massage\gyeonggi\hwaseong\byeongjeom-gu\화성시-병점구-출장마사지-동별-생활권-지역안내\index.html","E:\mong-lounge-site\shops\gyeonggi\hwaseong\byeongjeom-gu\반월동\love테라피\index.html","신규"
"love테라피","경기","경기","화성시-병점구","병점동","E:\mong-lounge-site\massage\gyeonggi\hwaseong\byeongjeom-gu\화성시-병점구-출장마사지-동별-생활권-지역안내\index.html","E:\mong-lounge-site\shops\gyeonggi\hwaseong\byeongjeom-gu\병점동\love테라피\index.html","신규"
"love테라피","경기","경기","화성시-병점구","진안동","E:\mong-lounge-site\massage\gyeonggi\hwaseong\byeongjeom-gu\화성시-병점구-출장마사지-동별-생활권-지역안내\index.html","E:\mong-lounge-site\shops\gyeonggi\hwaseong\byeongjeom-gu\진안동\love테라피\index.html","신규"
"love테라피","경기","경기","화성시-병점구","화산동","E:\mong-lounge-site\massage\gyeonggi\hwaseong\byeongjeom-gu\화성시-병점구-출장마사지-동별-생활권-지역안내\index.html","E:\mong-lounge-site\shops\gyeonggi\hwaseong\byeongjeom-gu\화산동\love테라피\index.html","신규"
"love테라피","경기","경기","화성시-효행구","기배동","E:\mong-lounge-site\massage\gyeonggi\hwaseong\hyohaeng-gu\화성시-효행구-출장마사지-동별-생활권-지역안내\index.html","E:\mong-lounge-site\shops\gyeonggi\hwaseong\hyohaeng-gu\기배동\love테라피\index.html","신규"
"love테라피","경기","경기","화성시-효행구","매송면","E:\mong-lounge-site\massage\gyeonggi\hwaseong\hyohaeng-gu\화성시-효행구-출장마사지-동별-생활권-지역안내\index.html","E:\mong-lounge-site\shops\gyeonggi\hwaseong\hyohaeng-gu\매송면\love테라피\index.html","신규"
"love테라피","경기","경기","화성시-효행구","봉담읍","E:\mong-lounge-site\massage\gyeonggi\hwaseong\hyohaeng-gu\화성시-효행구-출장마사지-동별-생활권-지역안내\index.html","E:\mong-lounge-site\shops\gyeonggi\hwaseong\hyohaeng-gu\봉담읍\love테라피\index.html","신규"
"love테라피","경기","경기","화성시-효행구","비봉면","E:\mong-lounge-site\massage\gyeonggi\hwaseong\hyohaeng-gu\화성시-효행구-출장마사지-동별-생활권-지역안내\index.html","E:\mong-lounge-site\shops\gyeonggi\hwaseong\hyohaeng-gu\비봉면\love테라피\index.html","신규"
"love테라피","경기","경기","화성시-효행구","정남면","E:\mong-lounge-site\massage\gyeonggi\hwaseong\hyohaeng-gu\화성시-효행구-출장마사지-동별-생활권-지역안내\index.html","E:\mong-lounge-site\shops\gyeonggi\hwaseong\hyohaeng-gu\정남면\love테라피\index.html","신규"
"love테라피","서울","서울","강남구","개포동","E:\mong-lounge-site\massage\seoul\gangnam-gu\강남구-출장마사지-압구정-청담-역삼-외출-미팅-일정이-길어진-날-목-어깨의-뻐근함-방문-홈케어\index.html","E:\mong-lounge-site\shops\seoul\gangnam-gu\개포동\love테라피\index.html","신규"
"love테라피","서울","서울","강남구","논현동","E:\mong-lounge-site\massage\seoul\gangnam-gu\강남구-출장마사지-압구정-청담-역삼-외출-미팅-일정이-길어진-날-목-어깨의-뻐근함-방문-홈케어\index.html","E:\mong-lounge-site\shops\seoul\gangnam-gu\논현동\love테라피\index.html","신규"
"love테라피","서울","서울","강남구","대치동","E:\mong-lounge-site\massage\seoul\gangnam-gu\강남구-출장마사지-압구정-청담-역삼-외출-미팅-일정이-길어진-날-목-어깨의-뻐근함-방문-홈케어\index.html","E:\mong-lounge-site\shops\seoul\gangnam-gu\대치동\love테라피\index.html","신규"
"love테라피","서울","서울","강남구","도곡동","E:\mong-lounge-site\massage\seoul\gangnam-gu\강남구-출장마사지-압구정-청담-역삼-외출-미팅-일정이-길어진-날-목-어깨의-뻐근함-방문-홈케어\index.html","E:\mong-lounge-site\shops\seoul\gangnam-gu\도곡동\love테라피\index.html","신규"
"love테라피","서울","서울","강남구","삼성동","E:\mong-lounge-site\massage\seoul\gangnam-gu\강남구-출장마사지-압구정-청담-역삼-외출-미팅-일정이-길어진-날-목-어깨의-뻐근함-방문-홈케어\index.html","E:\mong-lounge-site\shops\seoul\gangnam-gu\삼성동\love테라피\index.html","신규"
"love테라피","서울","서울","강남구","세곡동","E:\mong-lounge-site\massage\seoul\gangnam-gu\강남구-출장마사지-압구정-청담-역삼-외출-미팅-일정이-길어진-날-목-어깨의-뻐근함-방문-홈케어\index.html","E:\mong-lounge-site\shops\seoul\gangnam-gu\세곡동\love테라피\index.html","신규"
"love테라피","서울","서울","강남구","수서동","E:\mong-lounge-site\massage\seoul\gangnam-gu\강남구-출장마사지-압구정-청담-역삼-외출-미팅-일정이-길어진-날-목-어깨의-뻐근함-방문-홈케어\index.html","E:\mong-lounge-site\shops\seoul\gangnam-gu\수서동\love테라피\index.html","신규"
"love테라피","서울","서울","강남구","신사동","E:\mong-lounge-site\massage\seoul\gangnam-gu\강남구-출장마사지-압구정-청담-역삼-외출-미팅-일정이-길어진-날-목-어깨의-뻐근함-방문-홈케어\index.html","E:\mong-lounge-site\shops\seoul\gangnam-gu\신사동\love테라피\index.html","신규"
"love테라피","서울","서울","강남구","압구정동","E:\mong-lounge-site\massage\seoul\gangnam-gu\강남구-출장마사지-압구정-청담-역삼-외출-미팅-일정이-길어진-날-목-어깨의-뻐근함-방문-홈케어\index.html","E:\mong-lounge-site\shops\seoul\gangnam-gu\압구정동\love테라피\index.html","신규"
"love테라피","서울","서울","강남구","역삼동","E:\mong-lounge-site\massage\seoul\gangnam-gu\강남구-출장마사지-압구정-청담-역삼-외출-미팅-일정이-길어진-날-목-어깨의-뻐근함-방문-홈케어\index.html","E:\mong-lounge-site\shops\seoul\gangnam-gu\역삼동\love테라피\index.html","신규"
"love테라피","서울","서울","강남구","일원동","E:\mong-lounge-site\massage\seoul\gangnam-gu\강남구-출장마사지-압구정-청담-역삼-외출-미팅-일정이-길어진-날-목-어깨의-뻐근함-방문-홈케어\index.html","E:\mong-lounge-site\shops\seoul\gangnam-gu\일원동\love테라피\index.html","신규"
"love테라피","서울","서울","강남구","일원본동","E:\mong-lounge-site\massage\seoul\gangnam-gu\강남구-출장마사지-압구정-청담-역삼-외출-미팅-일정이-길어진-날-목-어깨의-뻐근함-방문-홈케어\index.html","E:\mong-lounge-site\shops\seoul\gangnam-gu\일원본동\love테라피\index.html","신규"
"love테라피","서울","서울","강남구","청담동","E:\mong-lounge-site\massage\seoul\gangnam-gu\강남구-출장마사지-압구정-청담-역삼-외출-미팅-일정이-길어진-날-목-어깨의-뻐근함-방문-홈케어\index.html","E:\mong-lounge-site\shops\seoul\gangnam-gu\청담동\love테라피\index.html","신규"
"love테라피","서울","서울","강동구","강일동","E:\mong-lounge-site\massage\seoul\gangdong-gu\강동구-출장마사지-둔촌-올림픽공원-일자산-입주-이사와-장시간-정리-전신-뭉침과-무거움-방문-홈케어\index.html","E:\mong-lounge-site\shops\seoul\gangdong-gu\강일동\love테라피\index.html","신규"
"love테라피","서울","서울","강동구","고덕동","E:\mong-lounge-site\massage\seoul\gangdong-gu\강동구-출장마사지-둔촌-올림픽공원-일자산-입주-이사와-장시간-정리-전신-뭉침과-무거움-방문-홈케어\index.html","E:\mong-lounge-site\shops\seoul\gangdong-gu\고덕동\love테라피\index.html","신규"
"love테라피","서울","서울","강동구","길동","E:\mong-lounge-site\massage\seoul\gangdong-gu\강동구-출장마사지-둔촌-올림픽공원-일자산-입주-이사와-장시간-정리-전신-뭉침과-무거움-방문-홈케어\index.html","E:\mong-lounge-site\shops\seoul\gangdong-gu\길동\love테라피\index.html","신규"
"love테라피","서울","서울","강동구","둔촌동","E:\mong-lounge-site\massage\seoul\gangdong-gu\강동구-출장마사지-둔촌-올림픽공원-일자산-입주-이사와-장시간-정리-전신-뭉침과-무거움-방문-홈케어\index.html","E:\mong-lounge-site\shops\seoul\gangdong-gu\둔촌동\love테라피\index.html","신규"
"love테라피","서울","서울","강동구","명일동","E:\mong-lounge-site\massage\seoul\gangdong-gu\강동구-출장마사지-둔촌-올림픽공원-일자산-입주-이사와-장시간-정리-전신-뭉침과-무거움-방문-홈케어\index.html","E:\mong-lounge-site\shops\seoul\gangdong-gu\명일동\love테라피\index.html","신규"
"love테라피","서울","서울","강동구","상일동","E:\mong-lounge-site\massage\seoul\gangdong-gu\강동구-출장마사지-둔촌-올림픽공원-일자산-입주-이사와-장시간-정리-전신-뭉침과-무거움-방문-홈케어\index.html","E:\mong-lounge-site\shops\seoul\gangdong-gu\상일동\love테라피\index.html","신규"
"love테라피","서울","서울","강동구","성내동","E:\mong-lounge-site\massage\seoul\gangdong-gu\강동구-출장마사지-둔촌-올림픽공원-일자산-입주-이사와-장시간-정리-전신-뭉침과-무거움-방문-홈케어\index.html","E:\mong-lounge-site\shops\seoul\gangdong-gu\성내동\love테라피\index.html","신규"
"love테라피","서울","서울","강동구","암사동","E:\mong-lounge-site\massage\seoul\gangdong-gu\강동구-출장마사지-둔촌-올림픽공원-일자산-입주-이사와-장시간-정리-전신-뭉침과-무거움-방문-홈케어\index.html","E:\mong-lounge-site\shops\seoul\gangdong-gu\암사동\love테라피\index.html","신규"
"love테라피","서울","서울","강동구","천호동","E:\mong-lounge-site\massage\seoul\gangdong-gu\강동구-출장마사지-둔촌-올림픽공원-일자산-입주-이사와-장시간-정리-전신-뭉침과-무거움-방문-홈케어\index.html","E:\mong-lounge-site\shops\seoul\gangdong-gu\천호동\love테라피\index.html","신규"
"love테라피","서울","서울","강북구","미아동","E:\mong-lounge-site\massage\seoul\gangbuk-gu\강북구-출장마사지-미아사거리-수유-번동-판매-미용-업무로-오래-서-있는-날-종아리-발-손목-피로-방문-홈케어\index.html","E:\mong-lounge-site\shops\seoul\gangbuk-gu\미아동\love테라피\index.html","신규"
"love테라피","서울","서울","강북구","번동","E:\mong-lounge-site\massage\seoul\gangbuk-gu\강북구-출장마사지-미아사거리-수유-번동-판매-미용-업무로-오래-서-있는-날-종아리-발-손목-피로-방문-홈케어\index.html","E:\mong-lounge-site\shops\seoul\gangbuk-gu\번동\love테라피\index.html","신규"
"love테라피","서울","서울","강북구","삼각산동","E:\mong-lounge-site\massage\seoul\gangbuk-gu\강북구-출장마사지-미아사거리-수유-번동-판매-미용-업무로-오래-서-있는-날-종아리-발-손목-피로-방문-홈케어\index.html","E:\mong-lounge-site\shops\seoul\gangbuk-gu\삼각산동\love테라피\index.html","신규"
"love테라피","서울","서울","강북구","삼양동","E:\mong-lounge-site\massage\seoul\gangbuk-gu\강북구-출장마사지-미아사거리-수유-번동-판매-미용-업무로-오래-서-있는-날-종아리-발-손목-피로-방문-홈케어\index.html","E:\mong-lounge-site\shops\seoul\gangbuk-gu\삼양동\love테라피\index.html","신규"
"love테라피","서울","서울","강북구","송중동","E:\mong-lounge-site\massage\seoul\gangbuk-gu\강북구-출장마사지-미아사거리-수유-번동-판매-미용-업무로-오래-서-있는-날-종아리-발-손목-피로-방문-홈케어\index.html","E:\mong-lounge-site\shops\seoul\gangbuk-gu\송중동\love테라피\index.html","신규"
"love테라피","서울","서울","강북구","송천동","E:\mong-lounge-site\massage\seoul\gangbuk-gu\강북구-출장마사지-미아사거리-수유-번동-판매-미용-업무로-오래-서-있는-날-종아리-발-손목-피로-방문-홈케어\index.html","E:\mong-lounge-site\shops\seoul\gangbuk-gu\송천동\love테라피\index.html","신규"
"love테라피","서울","서울","강북구","수유동","E:\mong-lounge-site\massage\seoul\gangbuk-gu\강북구-출장마사지-미아사거리-수유-번동-판매-미용-업무로-오래-서-있는-날-종아리-발-손목-피로-방문-홈케어\index.html","E:\mong-lounge-site\shops\seoul\gangbuk-gu\수유동\love테라피\index.html","신규"
"love테라피","서울","서울","강북구","우이동","E:\mong-lounge-site\massage\seoul\gangbuk-gu\강북구-출장마사지-미아사거리-수유-번동-판매-미용-업무로-오래-서-있는-날-종아리-발-손목-피로-방문-홈케어\index.html","E:\mong-lounge-site\shops\seoul\gangbuk-gu\우이동\love테라피\index.html","신규"
"love테라피","서울","서울","강북구","인수동","E:\mong-lounge-site\massage\seoul\gangbuk-gu\강북구-출장마사지-미아사거리-수유-번동-판매-미용-업무로-오래-서-있는-날-종아리-발-손목-피로-방문-홈케어\index.html","E:\mong-lounge-site\shops\seoul\gangbuk-gu\인수동\love테라피\index.html","신규"
"love테라피","서울","서울","강서구","가양동","E:\mong-lounge-site\massage\seoul\gangseo-gu\강서구-출장마사지-가양-등촌-마곡-육아와-집안일이-길어진-날-어깨-손목-허리-피로-방문-홈케어\index.html","E:\mong-lounge-site\shops\seoul\gangseo-gu\가양동\love테라피\index.html","신규"
"love테라피","서울","서울","강서구","공항동","E:\mong-lounge-site\massage\seoul\gangseo-gu\강서구-출장마사지-가양-등촌-마곡-육아와-집안일이-길어진-날-어깨-손목-허리-피로-방문-홈케어\index.html","E:\mong-lounge-site\shops\seoul\gangseo-gu\공항동\love테라피\index.html","신규"
"love테라피","서울","서울","강서구","등촌동","E:\mong-lounge-site\massage\seoul\gangseo-gu\강서구-출장마사지-가양-등촌-마곡-육아와-집안일이-길어진-날-어깨-손목-허리-피로-방문-홈케어\index.html","E:\mong-lounge-site\shops\seoul\gangseo-gu\등촌동\love테라피\index.html","신규"
"love테라피","서울","서울","강서구","발산동","E:\mong-lounge-site\massage\seoul\gangseo-gu\강서구-출장마사지-가양-등촌-마곡-육아와-집안일이-길어진-날-어깨-손목-허리-피로-방문-홈케어\index.html","E:\mong-lounge-site\shops\seoul\gangseo-gu\발산동\love테라피\index.html","신규"
"love테라피","서울","서울","강서구","방화동","E:\mong-lounge-site\massage\seoul\gangseo-gu\강서구-출장마사지-가양-등촌-마곡-육아와-집안일이-길어진-날-어깨-손목-허리-피로-방문-홈케어\index.html","E:\mong-lounge-site\shops\seoul\gangseo-gu\방화동\love테라피\index.html","신규"
"love테라피","서울","서울","강서구","염창동","E:\mong-lounge-site\massage\seoul\gangseo-gu\강서구-출장마사지-가양-등촌-마곡-육아와-집안일이-길어진-날-어깨-손목-허리-피로-방문-홈케어\index.html","E:\mong-lounge-site\shops\seoul\gangseo-gu\염창동\love테라피\index.html","신규"
"love테라피","서울","서울","강서구","우장산동","E:\mong-lounge-site\massage\seoul\gangseo-gu\강서구-출장마사지-가양-등촌-마곡-육아와-집안일이-길어진-날-어깨-손목-허리-피로-방문-홈케어\index.html","E:\mong-lounge-site\shops\seoul\gangseo-gu\우장산동\love테라피\index.html","신규"
"love테라피","서울","서울","강서구","화곡동","E:\mong-lounge-site\massage\seoul\gangseo-gu\강서구-출장마사지-가양-등촌-마곡-육아와-집안일이-길어진-날-어깨-손목-허리-피로-방문-홈케어\index.html","E:\mong-lounge-site\shops\seoul\gangseo-gu\화곡동\love테라피\index.html","신규"
"love테라피","서울","서울","강서구","화곡본동","E:\mong-lounge-site\massage\seoul\gangseo-gu\강서구-출장마사지-가양-등촌-마곡-육아와-집안일이-길어진-날-어깨-손목-허리-피로-방문-홈케어\index.html","E:\mong-lounge-site\shops\seoul\gangseo-gu\화곡본동\love테라피\index.html","신규"
"love테라피","서울","서울","관악구","낙성대동","E:\mong-lounge-site\massage\seoul\gwanak-gu\관악구-출장마사지-서울대입구-샤로수길-신림-프리랜서-작업과-창업-일정-눈-목-어깨-피로-방문-홈케어\index.html","E:\mong-lounge-site\shops\seoul\gwanak-gu\낙성대동\love테라피\index.html","신규"
"love테라피","서울","서울","관악구","난곡동","E:\mong-lounge-site\massage\seoul\gwanak-gu\관악구-출장마사지-서울대입구-샤로수길-신림-프리랜서-작업과-창업-일정-눈-목-어깨-피로-방문-홈케어\index.html","E:\mong-lounge-site\shops\seoul\gwanak-gu\난곡동\love테라피\index.html","신규"
"love테라피","서울","서울","관악구","난향동","E:\mong-lounge-site\massage\seoul\gwanak-gu\관악구-출장마사지-서울대입구-샤로수길-신림-프리랜서-작업과-창업-일정-눈-목-어깨-피로-방문-홈케어\index.html","E:\mong-lounge-site\shops\seoul\gwanak-gu\난향동\love테라피\index.html","신규"
"love테라피","서울","서울","관악구","남현동","E:\mong-lounge-site\massage\seoul\gwanak-gu\관악구-출장마사지-서울대입구-샤로수길-신림-프리랜서-작업과-창업-일정-눈-목-어깨-피로-방문-홈케어\index.html","E:\mong-lounge-site\shops\seoul\gwanak-gu\남현동\love테라피\index.html","신규"
"love테라피","서울","서울","관악구","대학동","E:\mong-lounge-site\massage\seoul\gwanak-gu\관악구-출장마사지-서울대입구-샤로수길-신림-프리랜서-작업과-창업-일정-눈-목-어깨-피로-방문-홈케어\index.html","E:\mong-lounge-site\shops\seoul\gwanak-gu\대학동\love테라피\index.html","신규"
"love테라피","서울","서울","관악구","미성동","E:\mong-lounge-site\massage\seoul\gwanak-gu\관악구-출장마사지-서울대입구-샤로수길-신림-프리랜서-작업과-창업-일정-눈-목-어깨-피로-방문-홈케어\index.html","E:\mong-lounge-site\shops\seoul\gwanak-gu\미성동\love테라피\index.html","신규"
"love테라피","서울","서울","관악구","보라매동","E:\mong-lounge-site\massage\seoul\gwanak-gu\관악구-출장마사지-서울대입구-샤로수길-신림-프리랜서-작업과-창업-일정-눈-목-어깨-피로-방문-홈케어\index.html","E:\mong-lounge-site\shops\seoul\gwanak-gu\보라매동\love테라피\index.html","신규"
"love테라피","서울","서울","관악구","삼성동","E:\mong-lounge-site\massage\seoul\gwanak-gu\관악구-출장마사지-서울대입구-샤로수길-신림-프리랜서-작업과-창업-일정-눈-목-어깨-피로-방문-홈케어\index.html","E:\mong-lounge-site\shops\seoul\gwanak-gu\삼성동\love테라피\index.html","신규"
"love테라피","서울","서울","관악구","서림동","E:\mong-lounge-site\massage\seoul\gwanak-gu\관악구-출장마사지-서울대입구-샤로수길-신림-프리랜서-작업과-창업-일정-눈-목-어깨-피로-방문-홈케어\index.html","E:\mong-lounge-site\shops\seoul\gwanak-gu\서림동\love테라피\index.html","신규"
"love테라피","서울","서울","관악구","서원동","E:\mong-lounge-site\massage\seoul\gwanak-gu\관악구-출장마사지-서울대입구-샤로수길-신림-프리랜서-작업과-창업-일정-눈-목-어깨-피로-방문-홈케어\index.html","E:\mong-lounge-site\shops\seoul\gwanak-gu\서원동\love테라피\index.html","신규"
"love테라피","서울","서울","관악구","성현동","E:\mong-lounge-site\massage\seoul\gwanak-gu\관악구-출장마사지-서울대입구-샤로수길-신림-프리랜서-작업과-창업-일정-눈-목-어깨-피로-방문-홈케어\index.html","E:\mong-lounge-site\shops\seoul\gwanak-gu\성현동\love테라피\index.html","신규"
"love테라피","서울","서울","관악구","신림동","E:\mong-lounge-site\massage\seoul\gwanak-gu\관악구-출장마사지-서울대입구-샤로수길-신림-프리랜서-작업과-창업-일정-눈-목-어깨-피로-방문-홈케어\index.html","E:\mong-lounge-site\shops\seoul\gwanak-gu\신림동\love테라피\index.html","신규"
"love테라피","서울","서울","관악구","신사동","E:\mong-lounge-site\massage\seoul\gwanak-gu\관악구-출장마사지-서울대입구-샤로수길-신림-프리랜서-작업과-창업-일정-눈-목-어깨-피로-방문-홈케어\index.html","E:\mong-lounge-site\shops\seoul\gwanak-gu\신사동\love테라피\index.html","신규"
"love테라피","서울","서울","관악구","신원동","E:\mong-lounge-site\massage\seoul\gwanak-gu\관악구-출장마사지-서울대입구-샤로수길-신림-프리랜서-작업과-창업-일정-눈-목-어깨-피로-방문-홈케어\index.html","E:\mong-lounge-site\shops\seoul\gwanak-gu\신원동\love테라피\index.html","신규"
"love테라피","서울","서울","관악구","은천동","E:\mong-lounge-site\massage\seoul\gwanak-gu\관악구-출장마사지-서울대입구-샤로수길-신림-프리랜서-작업과-창업-일정-눈-목-어깨-피로-방문-홈케어\index.html","E:\mong-lounge-site\shops\seoul\gwanak-gu\은천동\love테라피\index.html","신규"
"love테라피","서울","서울","관악구","인헌동","E:\mong-lounge-site\massage\seoul\gwanak-gu\관악구-출장마사지-서울대입구-샤로수길-신림-프리랜서-작업과-창업-일정-눈-목-어깨-피로-방문-홈케어\index.html","E:\mong-lounge-site\shops\seoul\gwanak-gu\인헌동\love테라피\index.html","신규"
"love테라피","서울","서울","관악구","조원동","E:\mong-lounge-site\massage\seoul\gwanak-gu\관악구-출장마사지-서울대입구-샤로수길-신림-프리랜서-작업과-창업-일정-눈-목-어깨-피로-방문-홈케어\index.html","E:\mong-lounge-site\shops\seoul\gwanak-gu\조원동\love테라피\index.html","신규"
"love테라피","서울","서울","관악구","중앙동","E:\mong-lounge-site\massage\seoul\gwanak-gu\관악구-출장마사지-서울대입구-샤로수길-신림-프리랜서-작업과-창업-일정-눈-목-어깨-피로-방문-홈케어\index.html","E:\mong-lounge-site\shops\seoul\gwanak-gu\중앙동\love테라피\index.html","신규"
"love테라피","서울","서울","관악구","청룡동","E:\mong-lounge-site\massage\seoul\gwanak-gu\관악구-출장마사지-서울대입구-샤로수길-신림-프리랜서-작업과-창업-일정-눈-목-어깨-피로-방문-홈케어\index.html","E:\mong-lounge-site\shops\seoul\gwanak-gu\청룡동\love테라피\index.html","신규"
"love테라피","서울","서울","관악구","청림동","E:\mong-lounge-site\massage\seoul\gwanak-gu\관악구-출장마사지-서울대입구-샤로수길-신림-프리랜서-작업과-창업-일정-눈-목-어깨-피로-방문-홈케어\index.html","E:\mong-lounge-site\shops\seoul\gwanak-gu\청림동\love테라피\index.html","신규"
"love테라피","서울","서울","관악구","행운동","E:\mong-lounge-site\massage\seoul\gwanak-gu\관악구-출장마사지-서울대입구-샤로수길-신림-프리랜서-작업과-창업-일정-눈-목-어깨-피로-방문-홈케어\index.html","E:\mong-lounge-site\shops\seoul\gwanak-gu\행운동\love테라피\index.html","신규"
"love테라피","서울","서울","광진구","광장동","E:\mong-lounge-site\massage\seoul\gwangjin-gu\광진구-출장마사지-구의-광나루-건대입구-재택업무와-장시간-화면-작업-목-손목의-뻐근함-방문-홈케어\index.html","E:\mong-lounge-site\shops\seoul\gwangjin-gu\광장동\love테라피\index.html","신규"
"love테라피","서울","서울","광진구","구의동","E:\mong-lounge-site\massage\seoul\gwangjin-gu\광진구-출장마사지-구의-광나루-건대입구-재택업무와-장시간-화면-작업-목-손목의-뻐근함-방문-홈케어\index.html","E:\mong-lounge-site\shops\seoul\gwangjin-gu\구의동\love테라피\index.html","신규"
"love테라피","서울","서울","광진구","군자동","E:\mong-lounge-site\massage\seoul\gwangjin-gu\광진구-출장마사지-구의-광나루-건대입구-재택업무와-장시간-화면-작업-목-손목의-뻐근함-방문-홈케어\index.html","E:\mong-lounge-site\shops\seoul\gwangjin-gu\군자동\love테라피\index.html","신규"
"love테라피","서울","서울","광진구","능동","E:\mong-lounge-site\massage\seoul\gwangjin-gu\광진구-출장마사지-구의-광나루-건대입구-재택업무와-장시간-화면-작업-목-손목의-뻐근함-방문-홈케어\index.html","E:\mong-lounge-site\shops\seoul\gwangjin-gu\능동\love테라피\index.html","신규"
"love테라피","서울","서울","광진구","자양동","E:\mong-lounge-site\massage\seoul\gwangjin-gu\광진구-출장마사지-구의-광나루-건대입구-재택업무와-장시간-화면-작업-목-손목의-뻐근함-방문-홈케어\index.html","E:\mong-lounge-site\shops\seoul\gwangjin-gu\자양동\love테라피\index.html","신규"
"love테라피","서울","서울","광진구","중곡동","E:\mong-lounge-site\massage\seoul\gwangjin-gu\광진구-출장마사지-구의-광나루-건대입구-재택업무와-장시간-화면-작업-목-손목의-뻐근함-방문-홈케어\index.html","E:\mong-lounge-site\shops\seoul\gwangjin-gu\중곡동\love테라피\index.html","신규"
"love테라피","서울","서울","광진구","화양동","E:\mong-lounge-site\massage\seoul\gwangjin-gu\광진구-출장마사지-구의-광나루-건대입구-재택업무와-장시간-화면-작업-목-손목의-뻐근함-방문-홈케어\index.html","E:\mong-lounge-site\shops\seoul\gwangjin-gu\화양동\love테라피\index.html","신규"
"love테라피","서울","서울","구로구","가리봉동","E:\mong-lounge-site\massage\seoul\guro-gu\구로구-출장마사지-신도림-구로-대림-유통-판매-업무로-오래-선-날-다리-발의-무거움-방문-홈케어\index.html","E:\mong-lounge-site\shops\seoul\guro-gu\가리봉동\love테라피\index.html","신규"
"love테라피","서울","서울","구로구","개봉동","E:\mong-lounge-site\massage\seoul\guro-gu\구로구-출장마사지-신도림-구로-대림-유통-판매-업무로-오래-선-날-다리-발의-무거움-방문-홈케어\index.html","E:\mong-lounge-site\shops\seoul\guro-gu\개봉동\love테라피\index.html","신규"
"love테라피","서울","서울","구로구","고척동","E:\mong-lounge-site\massage\seoul\guro-gu\구로구-출장마사지-신도림-구로-대림-유통-판매-업무로-오래-선-날-다리-발의-무거움-방문-홈케어\index.html","E:\mong-lounge-site\shops\seoul\guro-gu\고척동\love테라피\index.html","신규"
"love테라피","서울","서울","구로구","구로동","E:\mong-lounge-site\massage\seoul\guro-gu\구로구-출장마사지-신도림-구로-대림-유통-판매-업무로-오래-선-날-다리-발의-무거움-방문-홈케어\index.html","E:\mong-lounge-site\shops\seoul\guro-gu\구로동\love테라피\index.html","신규"
"love테라피","서울","서울","구로구","수궁동","E:\mong-lounge-site\massage\seoul\guro-gu\구로구-출장마사지-신도림-구로-대림-유통-판매-업무로-오래-선-날-다리-발의-무거움-방문-홈케어\index.html","E:\mong-lounge-site\shops\seoul\guro-gu\수궁동\love테라피\index.html","신규"
"love테라피","서울","서울","구로구","신도림동","E:\mong-lounge-site\massage\seoul\guro-gu\구로구-출장마사지-신도림-구로-대림-유통-판매-업무로-오래-선-날-다리-발의-무거움-방문-홈케어\index.html","E:\mong-lounge-site\shops\seoul\guro-gu\신도림동\love테라피\index.html","신규"
"love테라피","서울","서울","구로구","오류동","E:\mong-lounge-site\massage\seoul\guro-gu\구로구-출장마사지-신도림-구로-대림-유통-판매-업무로-오래-선-날-다리-발의-무거움-방문-홈케어\index.html","E:\mong-lounge-site\shops\seoul\guro-gu\오류동\love테라피\index.html","신규"
"love테라피","서울","서울","구로구","항동","E:\mong-lounge-site\massage\seoul\guro-gu\구로구-출장마사지-신도림-구로-대림-유통-판매-업무로-오래-선-날-다리-발의-무거움-방문-홈케어\index.html","E:\mong-lounge-site\shops\seoul\guro-gu\항동\love테라피\index.html","신규"
"love테라피","서울","서울","금천구","가산동","E:\mong-lounge-site\massage\seoul\geumcheon-gu\금천구-출장마사지-독산-시흥-가산-제조-교대-일정이-길어진-날-허리-어깨-피로-방문-홈케어\index.html","E:\mong-lounge-site\shops\seoul\geumcheon-gu\가산동\love테라피\index.html","신규"
"love테라피","서울","서울","금천구","독산동","E:\mong-lounge-site\massage\seoul\geumcheon-gu\금천구-출장마사지-독산-시흥-가산-제조-교대-일정이-길어진-날-허리-어깨-피로-방문-홈케어\index.html","E:\mong-lounge-site\shops\seoul\geumcheon-gu\독산동\love테라피\index.html","신규"
"love테라피","서울","서울","금천구","시흥동","E:\mong-lounge-site\massage\seoul\geumcheon-gu\금천구-출장마사지-독산-시흥-가산-제조-교대-일정이-길어진-날-허리-어깨-피로-방문-홈케어\index.html","E:\mong-lounge-site\shops\seoul\geumcheon-gu\시흥동\love테라피\index.html","신규"
"love테라피","서울","서울","노원구","3동","E:\mong-lounge-site\massage\seoul\nowon-gu\노원구-출장마사지-상계-공릉-중계-육아와-집안일이-이어진-날-어깨-손목의-무거움-방문-홈케어\index.html","E:\mong-lounge-site\shops\seoul\nowon-gu\3동\love테라피\index.html","신규"
"love테라피","서울","서울","노원구","4동","E:\mong-lounge-site\massage\seoul\nowon-gu\노원구-출장마사지-상계-공릉-중계-육아와-집안일이-이어진-날-어깨-손목의-무거움-방문-홈케어\index.html","E:\mong-lounge-site\shops\seoul\nowon-gu\4동\love테라피\index.html","신규"
"love테라피","서울","서울","노원구","7동","E:\mong-lounge-site\massage\seoul\nowon-gu\노원구-출장마사지-상계-공릉-중계-육아와-집안일이-이어진-날-어깨-손목의-무거움-방문-홈케어\index.html","E:\mong-lounge-site\shops\seoul\nowon-gu\7동\love테라피\index.html","신규"
"love테라피","서울","서울","노원구","공릉동","E:\mong-lounge-site\massage\seoul\nowon-gu\노원구-출장마사지-상계-공릉-중계-육아와-집안일이-이어진-날-어깨-손목의-무거움-방문-홈케어\index.html","E:\mong-lounge-site\shops\seoul\nowon-gu\공릉동\love테라피\index.html","신규"
"love테라피","서울","서울","노원구","상계동","E:\mong-lounge-site\massage\seoul\nowon-gu\노원구-출장마사지-상계-공릉-중계-육아와-집안일이-이어진-날-어깨-손목의-무거움-방문-홈케어\index.html","E:\mong-lounge-site\shops\seoul\nowon-gu\상계동\love테라피\index.html","신규"
"love테라피","서울","서울","노원구","월계동","E:\mong-lounge-site\massage\seoul\nowon-gu\노원구-출장마사지-상계-공릉-중계-육아와-집안일이-이어진-날-어깨-손목의-무거움-방문-홈케어\index.html","E:\mong-lounge-site\shops\seoul\nowon-gu\월계동\love테라피\index.html","신규"
"love테라피","서울","서울","노원구","중계동","E:\mong-lounge-site\massage\seoul\nowon-gu\노원구-출장마사지-상계-공릉-중계-육아와-집안일이-이어진-날-어깨-손목의-무거움-방문-홈케어\index.html","E:\mong-lounge-site\shops\seoul\nowon-gu\중계동\love테라피\index.html","신규"
"love테라피","서울","서울","노원구","중계본동","E:\mong-lounge-site\massage\seoul\nowon-gu\노원구-출장마사지-상계-공릉-중계-육아와-집안일이-이어진-날-어깨-손목의-무거움-방문-홈케어\index.html","E:\mong-lounge-site\shops\seoul\nowon-gu\중계본동\love테라피\index.html","신규"
"love테라피","서울","서울","노원구","하계동","E:\mong-lounge-site\massage\seoul\nowon-gu\노원구-출장마사지-상계-공릉-중계-육아와-집안일이-이어진-날-어깨-손목의-무거움-방문-홈케어\index.html","E:\mong-lounge-site\shops\seoul\nowon-gu\하계동\love테라피\index.html","신규"
"love테라피","서울","서울","도봉구","도봉동","E:\mong-lounge-site\massage\seoul\dobong-gu\도봉구-출장마사지-방학-도봉-창동-생활-이동과-집안일이-겹친-날-허리-무릎-주변-피로-방문-홈케어\index.html","E:\mong-lounge-site\shops\seoul\dobong-gu\도봉동\love테라피\index.html","신규"
"love테라피","서울","서울","도봉구","방학동","E:\mong-lounge-site\massage\seoul\dobong-gu\도봉구-출장마사지-방학-도봉-창동-생활-이동과-집안일이-겹친-날-허리-무릎-주변-피로-방문-홈케어\index.html","E:\mong-lounge-site\shops\seoul\dobong-gu\방학동\love테라피\index.html","신규"
"love테라피","서울","서울","도봉구","쌍문동","E:\mong-lounge-site\massage\seoul\dobong-gu\도봉구-출장마사지-방학-도봉-창동-생활-이동과-집안일이-겹친-날-허리-무릎-주변-피로-방문-홈케어\index.html","E:\mong-lounge-site\shops\seoul\dobong-gu\쌍문동\love테라피\index.html","신규"
"love테라피","서울","서울","도봉구","창동","E:\mong-lounge-site\massage\seoul\dobong-gu\도봉구-출장마사지-방학-도봉-창동-생활-이동과-집안일이-겹친-날-허리-무릎-주변-피로-방문-홈케어\index.html","E:\mong-lounge-site\shops\seoul\dobong-gu\창동\love테라피\index.html","신규"
"love테라피","서울","서울","동대문구","답십리동","E:\mong-lounge-site\massage\seoul\dongdaemun-gu\동대문구-출장마사지-회기-이문-청량리-공부-연구가-길어진-날-목-어깨의-긴장감-방문-홈케어\index.html","E:\mong-lounge-site\shops\seoul\dongdaemun-gu\답십리동\love테라피\index.html","신규"
"love테라피","서울","서울","동대문구","신설동","E:\mong-lounge-site\massage\seoul\dongdaemun-gu\동대문구-출장마사지-회기-이문-청량리-공부-연구가-길어진-날-목-어깨의-긴장감-방문-홈케어\index.html","E:\mong-lounge-site\shops\seoul\dongdaemun-gu\신설동\love테라피\index.html","신규"
"love테라피","서울","서울","동대문구","용두동","E:\mong-lounge-site\massage\seoul\dongdaemun-gu\동대문구-출장마사지-회기-이문-청량리-공부-연구가-길어진-날-목-어깨의-긴장감-방문-홈케어\index.html","E:\mong-lounge-site\shops\seoul\dongdaemun-gu\용두동\love테라피\index.html","신규"
"love테라피","서울","서울","동대문구","이문동","E:\mong-lounge-site\massage\seoul\dongdaemun-gu\동대문구-출장마사지-회기-이문-청량리-공부-연구가-길어진-날-목-어깨의-긴장감-방문-홈케어\index.html","E:\mong-lounge-site\shops\seoul\dongdaemun-gu\이문동\love테라피\index.html","신규"
"love테라피","서울","서울","동대문구","장안동","E:\mong-lounge-site\massage\seoul\dongdaemun-gu\동대문구-출장마사지-회기-이문-청량리-공부-연구가-길어진-날-목-어깨의-긴장감-방문-홈케어\index.html","E:\mong-lounge-site\shops\seoul\dongdaemun-gu\장안동\love테라피\index.html","신규"
"love테라피","서울","서울","동대문구","전농동","E:\mong-lounge-site\massage\seoul\dongdaemun-gu\동대문구-출장마사지-회기-이문-청량리-공부-연구가-길어진-날-목-어깨의-긴장감-방문-홈케어\index.html","E:\mong-lounge-site\shops\seoul\dongdaemun-gu\전농동\love테라피\index.html","신규"
"love테라피","서울","서울","동대문구","제기동","E:\mong-lounge-site\massage\seoul\dongdaemun-gu\동대문구-출장마사지-회기-이문-청량리-공부-연구가-길어진-날-목-어깨의-긴장감-방문-홈케어\index.html","E:\mong-lounge-site\shops\seoul\dongdaemun-gu\제기동\love테라피\index.html","신규"
"love테라피","서울","서울","동대문구","청량리동","E:\mong-lounge-site\massage\seoul\dongdaemun-gu\동대문구-출장마사지-회기-이문-청량리-공부-연구가-길어진-날-목-어깨의-긴장감-방문-홈케어\index.html","E:\mong-lounge-site\shops\seoul\dongdaemun-gu\청량리동\love테라피\index.html","신규"
"love테라피","서울","서울","동대문구","회기동","E:\mong-lounge-site\massage\seoul\dongdaemun-gu\동대문구-출장마사지-회기-이문-청량리-공부-연구가-길어진-날-목-어깨의-긴장감-방문-홈케어\index.html","E:\mong-lounge-site\shops\seoul\dongdaemun-gu\회기동\love테라피\index.html","신규"
"love테라피","서울","서울","동대문구","휘경동","E:\mong-lounge-site\massage\seoul\dongdaemun-gu\동대문구-출장마사지-회기-이문-청량리-공부-연구가-길어진-날-목-어깨의-긴장감-방문-홈케어\index.html","E:\mong-lounge-site\shops\seoul\dongdaemun-gu\휘경동\love테라피\index.html","신규"
"love테라피","서울","서울","동작구","노량진동","E:\mong-lounge-site\massage\seoul\dongjak-gu\동작구-출장마사지-상도-흑석-사당-긴-통근과-계단-이동이-이어진-날-허리-골반-주변-피로-방문-홈케어\index.html","E:\mong-lounge-site\shops\seoul\dongjak-gu\노량진동\love테라피\index.html","신규"
"love테라피","서울","서울","동작구","대방동","E:\mong-lounge-site\massage\seoul\dongjak-gu\동작구-출장마사지-상도-흑석-사당-긴-통근과-계단-이동이-이어진-날-허리-골반-주변-피로-방문-홈케어\index.html","E:\mong-lounge-site\shops\seoul\dongjak-gu\대방동\love테라피\index.html","신규"
"love테라피","서울","서울","동작구","사당동","E:\mong-lounge-site\massage\seoul\dongjak-gu\동작구-출장마사지-상도-흑석-사당-긴-통근과-계단-이동이-이어진-날-허리-골반-주변-피로-방문-홈케어\index.html","E:\mong-lounge-site\shops\seoul\dongjak-gu\사당동\love테라피\index.html","신규"
"love테라피","서울","서울","동작구","상도동","E:\mong-lounge-site\massage\seoul\dongjak-gu\동작구-출장마사지-상도-흑석-사당-긴-통근과-계단-이동이-이어진-날-허리-골반-주변-피로-방문-홈케어\index.html","E:\mong-lounge-site\shops\seoul\dongjak-gu\상도동\love테라피\index.html","신규"
"love테라피","서울","서울","동작구","신대방동","E:\mong-lounge-site\massage\seoul\dongjak-gu\동작구-출장마사지-상도-흑석-사당-긴-통근과-계단-이동이-이어진-날-허리-골반-주변-피로-방문-홈케어\index.html","E:\mong-lounge-site\shops\seoul\dongjak-gu\신대방동\love테라피\index.html","신규"
"love테라피","서울","서울","동작구","흑석동","E:\mong-lounge-site\massage\seoul\dongjak-gu\동작구-출장마사지-상도-흑석-사당-긴-통근과-계단-이동이-이어진-날-허리-골반-주변-피로-방문-홈케어\index.html","E:\mong-lounge-site\shops\seoul\dongjak-gu\흑석동\love테라피\index.html","신규"
"love테라피","서울","서울","마포구","공덕동","E:\mong-lounge-site\massage\seoul\mapo-gu\마포구-출장마사지-공덕-연남-합정-오피스-근무와-프리랜서-일정-어깨-허리-피로-방문-홈케어\index.html","E:\mong-lounge-site\shops\seoul\mapo-gu\공덕동\love테라피\index.html","신규"
"love테라피","서울","서울","마포구","대흥동","E:\mong-lounge-site\massage\seoul\mapo-gu\마포구-출장마사지-공덕-연남-합정-오피스-근무와-프리랜서-일정-어깨-허리-피로-방문-홈케어\index.html","E:\mong-lounge-site\shops\seoul\mapo-gu\대흥동\love테라피\index.html","신규"
"love테라피","서울","서울","마포구","도화동","E:\mong-lounge-site\massage\seoul\mapo-gu\마포구-출장마사지-공덕-연남-합정-오피스-근무와-프리랜서-일정-어깨-허리-피로-방문-홈케어\index.html","E:\mong-lounge-site\shops\seoul\mapo-gu\도화동\love테라피\index.html","신규"
"love테라피","서울","서울","마포구","망원동","E:\mong-lounge-site\massage\seoul\mapo-gu\마포구-출장마사지-공덕-연남-합정-오피스-근무와-프리랜서-일정-어깨-허리-피로-방문-홈케어\index.html","E:\mong-lounge-site\shops\seoul\mapo-gu\망원동\love테라피\index.html","신규"
"love테라피","서울","서울","마포구","상암동","E:\mong-lounge-site\massage\seoul\mapo-gu\마포구-출장마사지-공덕-연남-합정-오피스-근무와-프리랜서-일정-어깨-허리-피로-방문-홈케어\index.html","E:\mong-lounge-site\shops\seoul\mapo-gu\상암동\love테라피\index.html","신규"
"love테라피","서울","서울","마포구","서강동","E:\mong-lounge-site\massage\seoul\mapo-gu\마포구-출장마사지-공덕-연남-합정-오피스-근무와-프리랜서-일정-어깨-허리-피로-방문-홈케어\index.html","E:\mong-lounge-site\shops\seoul\mapo-gu\서강동\love테라피\index.html","신규"
"love테라피","서울","서울","마포구","서교동","E:\mong-lounge-site\massage\seoul\mapo-gu\마포구-출장마사지-공덕-연남-합정-오피스-근무와-프리랜서-일정-어깨-허리-피로-방문-홈케어\index.html","E:\mong-lounge-site\shops\seoul\mapo-gu\서교동\love테라피\index.html","신규"
"love테라피","서울","서울","마포구","성산동","E:\mong-lounge-site\massage\seoul\mapo-gu\마포구-출장마사지-공덕-연남-합정-오피스-근무와-프리랜서-일정-어깨-허리-피로-방문-홈케어\index.html","E:\mong-lounge-site\shops\seoul\mapo-gu\성산동\love테라피\index.html","신규"
"love테라피","서울","서울","마포구","신수동","E:\mong-lounge-site\massage\seoul\mapo-gu\마포구-출장마사지-공덕-연남-합정-오피스-근무와-프리랜서-일정-어깨-허리-피로-방문-홈케어\index.html","E:\mong-lounge-site\shops\seoul\mapo-gu\신수동\love테라피\index.html","신규"
"love테라피","서울","서울","마포구","아현동","E:\mong-lounge-site\massage\seoul\mapo-gu\마포구-출장마사지-공덕-연남-합정-오피스-근무와-프리랜서-일정-어깨-허리-피로-방문-홈케어\index.html","E:\mong-lounge-site\shops\seoul\mapo-gu\아현동\love테라피\index.html","신규"
"love테라피","서울","서울","마포구","연남동","E:\mong-lounge-site\massage\seoul\mapo-gu\마포구-출장마사지-공덕-연남-합정-오피스-근무와-프리랜서-일정-어깨-허리-피로-방문-홈케어\index.html","E:\mong-lounge-site\shops\seoul\mapo-gu\연남동\love테라피\index.html","신규"
"love테라피","서울","서울","마포구","염리동","E:\mong-lounge-site\massage\seoul\mapo-gu\마포구-출장마사지-공덕-연남-합정-오피스-근무와-프리랜서-일정-어깨-허리-피로-방문-홈케어\index.html","E:\mong-lounge-site\shops\seoul\mapo-gu\염리동\love테라피\index.html","신규"
"love테라피","서울","서울","마포구","용강동","E:\mong-lounge-site\massage\seoul\mapo-gu\마포구-출장마사지-공덕-연남-합정-오피스-근무와-프리랜서-일정-어깨-허리-피로-방문-홈케어\index.html","E:\mong-lounge-site\shops\seoul\mapo-gu\용강동\love테라피\index.html","신규"
"love테라피","서울","서울","마포구","합정동","E:\mong-lounge-site\massage\seoul\mapo-gu\마포구-출장마사지-공덕-연남-합정-오피스-근무와-프리랜서-일정-어깨-허리-피로-방문-홈케어\index.html","E:\mong-lounge-site\shops\seoul\mapo-gu\합정동\love테라피\index.html","신규"
"love테라피","서울","서울","서대문구","남가좌동","E:\mong-lounge-site\massage\seoul\seodaemun-gu\서대문구-출장마사지-홍제-북가좌-연희-집안일과-외출이-겹친-하루-어깨-허리-뻐근함-방문-홈케어\index.html","E:\mong-lounge-site\shops\seoul\seodaemun-gu\남가좌동\love테라피\index.html","신규"
"love테라피","서울","서울","서대문구","북가좌동","E:\mong-lounge-site\massage\seoul\seodaemun-gu\서대문구-출장마사지-홍제-북가좌-연희-집안일과-외출이-겹친-하루-어깨-허리-뻐근함-방문-홈케어\index.html","E:\mong-lounge-site\shops\seoul\seodaemun-gu\북가좌동\love테라피\index.html","신규"
"love테라피","서울","서울","서대문구","북아현동","E:\mong-lounge-site\massage\seoul\seodaemun-gu\서대문구-출장마사지-홍제-북가좌-연희-집안일과-외출이-겹친-하루-어깨-허리-뻐근함-방문-홈케어\index.html","E:\mong-lounge-site\shops\seoul\seodaemun-gu\북아현동\love테라피\index.html","신규"
"love테라피","서울","서울","서대문구","신촌동","E:\mong-lounge-site\massage\seoul\seodaemun-gu\서대문구-출장마사지-홍제-북가좌-연희-집안일과-외출이-겹친-하루-어깨-허리-뻐근함-방문-홈케어\index.html","E:\mong-lounge-site\shops\seoul\seodaemun-gu\신촌동\love테라피\index.html","신규"
"love테라피","서울","서울","서대문구","연희동","E:\mong-lounge-site\massage\seoul\seodaemun-gu\서대문구-출장마사지-홍제-북가좌-연희-집안일과-외출이-겹친-하루-어깨-허리-뻐근함-방문-홈케어\index.html","E:\mong-lounge-site\shops\seoul\seodaemun-gu\연희동\love테라피\index.html","신규"
"love테라피","서울","서울","서대문구","천연동","E:\mong-lounge-site\massage\seoul\seodaemun-gu\서대문구-출장마사지-홍제-북가좌-연희-집안일과-외출이-겹친-하루-어깨-허리-뻐근함-방문-홈케어\index.html","E:\mong-lounge-site\shops\seoul\seodaemun-gu\천연동\love테라피\index.html","신규"
"love테라피","서울","서울","서대문구","충현동","E:\mong-lounge-site\massage\seoul\seodaemun-gu\서대문구-출장마사지-홍제-북가좌-연희-집안일과-외출이-겹친-하루-어깨-허리-뻐근함-방문-홈케어\index.html","E:\mong-lounge-site\shops\seoul\seodaemun-gu\충현동\love테라피\index.html","신규"
"love테라피","서울","서울","서대문구","홍은동","E:\mong-lounge-site\massage\seoul\seodaemun-gu\서대문구-출장마사지-홍제-북가좌-연희-집안일과-외출이-겹친-하루-어깨-허리-뻐근함-방문-홈케어\index.html","E:\mong-lounge-site\shops\seoul\seodaemun-gu\홍은동\love테라피\index.html","신규"
"love테라피","서울","서울","서대문구","홍제동","E:\mong-lounge-site\massage\seoul\seodaemun-gu\서대문구-출장마사지-홍제-북가좌-연희-집안일과-외출이-겹친-하루-어깨-허리-뻐근함-방문-홈케어\index.html","E:\mong-lounge-site\shops\seoul\seodaemun-gu\홍제동\love테라피\index.html","신규"
"love테라피","서울","서울","서초구","내곡동","E:\mong-lounge-site\massage\seoul\seocho-gu\서초구-출장마사지-양재-서초-강남대로-야근과-회의가-길어진-날-목-어깨-눈의-피로-방문-홈케어\index.html","E:\mong-lounge-site\shops\seoul\seocho-gu\내곡동\love테라피\index.html","신규"
"love테라피","서울","서울","서초구","반포동","E:\mong-lounge-site\massage\seoul\seocho-gu\서초구-출장마사지-양재-서초-강남대로-야근과-회의가-길어진-날-목-어깨-눈의-피로-방문-홈케어\index.html","E:\mong-lounge-site\shops\seoul\seocho-gu\반포동\love테라피\index.html","신규"
"love테라피","서울","서울","서초구","반포본동","E:\mong-lounge-site\massage\seoul\seocho-gu\서초구-출장마사지-양재-서초-강남대로-야근과-회의가-길어진-날-목-어깨-눈의-피로-방문-홈케어\index.html","E:\mong-lounge-site\shops\seoul\seocho-gu\반포본동\love테라피\index.html","신규"
"love테라피","서울","서울","서초구","방배동","E:\mong-lounge-site\massage\seoul\seocho-gu\서초구-출장마사지-양재-서초-강남대로-야근과-회의가-길어진-날-목-어깨-눈의-피로-방문-홈케어\index.html","E:\mong-lounge-site\shops\seoul\seocho-gu\방배동\love테라피\index.html","신규"
"love테라피","서울","서울","서초구","방배본동","E:\mong-lounge-site\massage\seoul\seocho-gu\서초구-출장마사지-양재-서초-강남대로-야근과-회의가-길어진-날-목-어깨-눈의-피로-방문-홈케어\index.html","E:\mong-lounge-site\shops\seoul\seocho-gu\방배본동\love테라피\index.html","신규"
"love테라피","서울","서울","서초구","서초동","E:\mong-lounge-site\massage\seoul\seocho-gu\서초구-출장마사지-양재-서초-강남대로-야근과-회의가-길어진-날-목-어깨-눈의-피로-방문-홈케어\index.html","E:\mong-lounge-site\shops\seoul\seocho-gu\서초동\love테라피\index.html","신규"
"love테라피","서울","서울","서초구","양재동","E:\mong-lounge-site\massage\seoul\seocho-gu\서초구-출장마사지-양재-서초-강남대로-야근과-회의가-길어진-날-목-어깨-눈의-피로-방문-홈케어\index.html","E:\mong-lounge-site\shops\seoul\seocho-gu\양재동\love테라피\index.html","신규"
"love테라피","서울","서울","서초구","잠원동","E:\mong-lounge-site\massage\seoul\seocho-gu\서초구-출장마사지-양재-서초-강남대로-야근과-회의가-길어진-날-목-어깨-눈의-피로-방문-홈케어\index.html","E:\mong-lounge-site\shops\seoul\seocho-gu\잠원동\love테라피\index.html","신규"
"love테라피","서울","서울","성동구","3가동","E:\mong-lounge-site\massage\seoul\seongdong-gu\성동구-출장마사지-왕십리-행당-성수-통근과-약속이-이어진-하루-전신-피로-방문-홈케어\index.html","E:\mong-lounge-site\shops\seoul\seongdong-gu\3가동\love테라피\index.html","신규"
"love테라피","서울","서울","성동구","금호1가동","E:\mong-lounge-site\massage\seoul\seongdong-gu\성동구-출장마사지-왕십리-행당-성수-통근과-약속이-이어진-하루-전신-피로-방문-홈케어\index.html","E:\mong-lounge-site\shops\seoul\seongdong-gu\금호1가동\love테라피\index.html","신규"
"love테라피","서울","서울","성동구","금호4가동","E:\mong-lounge-site\massage\seoul\seongdong-gu\성동구-출장마사지-왕십리-행당-성수-통근과-약속이-이어진-하루-전신-피로-방문-홈케어\index.html","E:\mong-lounge-site\shops\seoul\seongdong-gu\금호4가동\love테라피\index.html","신규"
"love테라피","서울","서울","성동구","마장동","E:\mong-lounge-site\massage\seoul\seongdong-gu\성동구-출장마사지-왕십리-행당-성수-통근과-약속이-이어진-하루-전신-피로-방문-홈케어\index.html","E:\mong-lounge-site\shops\seoul\seongdong-gu\마장동\love테라피\index.html","신규"
"love테라피","서울","서울","성동구","사근동","E:\mong-lounge-site\massage\seoul\seongdong-gu\성동구-출장마사지-왕십리-행당-성수-통근과-약속이-이어진-하루-전신-피로-방문-홈케어\index.html","E:\mong-lounge-site\shops\seoul\seongdong-gu\사근동\love테라피\index.html","신규"
"love테라피","서울","서울","성동구","성수1가제1동","E:\mong-lounge-site\massage\seoul\seongdong-gu\성동구-출장마사지-왕십리-행당-성수-통근과-약속이-이어진-하루-전신-피로-방문-홈케어\index.html","E:\mong-lounge-site\shops\seoul\seongdong-gu\성수1가제1동\love테라피\index.html","신규"
"love테라피","서울","서울","성동구","성수1가제2동","E:\mong-lounge-site\massage\seoul\seongdong-gu\성동구-출장마사지-왕십리-행당-성수-통근과-약속이-이어진-하루-전신-피로-방문-홈케어\index.html","E:\mong-lounge-site\shops\seoul\seongdong-gu\성수1가제2동\love테라피\index.html","신규"
"love테라피","서울","서울","성동구","성수2가제1동","E:\mong-lounge-site\massage\seoul\seongdong-gu\성동구-출장마사지-왕십리-행당-성수-통근과-약속이-이어진-하루-전신-피로-방문-홈케어\index.html","E:\mong-lounge-site\shops\seoul\seongdong-gu\성수2가제1동\love테라피\index.html","신규"
"love테라피","서울","서울","성동구","성수2가제3동","E:\mong-lounge-site\massage\seoul\seongdong-gu\성동구-출장마사지-왕십리-행당-성수-통근과-약속이-이어진-하루-전신-피로-방문-홈케어\index.html","E:\mong-lounge-site\shops\seoul\seongdong-gu\성수2가제3동\love테라피\index.html","신규"
"love테라피","서울","서울","성동구","송정동","E:\mong-lounge-site\massage\seoul\seongdong-gu\성동구-출장마사지-왕십리-행당-성수-통근과-약속이-이어진-하루-전신-피로-방문-홈케어\index.html","E:\mong-lounge-site\shops\seoul\seongdong-gu\송정동\love테라피\index.html","신규"
"love테라피","서울","서울","성동구","옥수동","E:\mong-lounge-site\massage\seoul\seongdong-gu\성동구-출장마사지-왕십리-행당-성수-통근과-약속이-이어진-하루-전신-피로-방문-홈케어\index.html","E:\mong-lounge-site\shops\seoul\seongdong-gu\옥수동\love테라피\index.html","신규"
"love테라피","서울","서울","성동구","왕십리도선동","E:\mong-lounge-site\massage\seoul\seongdong-gu\성동구-출장마사지-왕십리-행당-성수-통근과-약속이-이어진-하루-전신-피로-방문-홈케어\index.html","E:\mong-lounge-site\shops\seoul\seongdong-gu\왕십리도선동\love테라피\index.html","신규"
"love테라피","서울","서울","성동구","왕십리동","E:\mong-lounge-site\massage\seoul\seongdong-gu\성동구-출장마사지-왕십리-행당-성수-통근과-약속이-이어진-하루-전신-피로-방문-홈케어\index.html","E:\mong-lounge-site\shops\seoul\seongdong-gu\왕십리동\love테라피\index.html","신규"
"love테라피","서울","서울","성동구","용답동","E:\mong-lounge-site\massage\seoul\seongdong-gu\성동구-출장마사지-왕십리-행당-성수-통근과-약속이-이어진-하루-전신-피로-방문-홈케어\index.html","E:\mong-lounge-site\shops\seoul\seongdong-gu\용답동\love테라피\index.html","신규"
"love테라피","서울","서울","성동구","응봉동","E:\mong-lounge-site\massage\seoul\seongdong-gu\성동구-출장마사지-왕십리-행당-성수-통근과-약속이-이어진-하루-전신-피로-방문-홈케어\index.html","E:\mong-lounge-site\shops\seoul\seongdong-gu\응봉동\love테라피\index.html","신규"
"love테라피","서울","서울","성동구","행당동","E:\mong-lounge-site\massage\seoul\seongdong-gu\성동구-출장마사지-왕십리-행당-성수-통근과-약속이-이어진-하루-전신-피로-방문-홈케어\index.html","E:\mong-lounge-site\shops\seoul\seongdong-gu\행당동\love테라피\index.html","신규"
"love테라피","서울","서울","성북구","길음동","E:\mong-lounge-site\massage\seoul\seongbuk-gu\성북구-출장마사지-정릉-돈암-길음-집안일과-일상-활동이-길어진-날-어깨-목의-뻐근함-방문-홈케어\index.html","E:\mong-lounge-site\shops\seoul\seongbuk-gu\길음동\love테라피\index.html","신규"
"love테라피","서울","서울","성북구","돈암동","E:\mong-lounge-site\massage\seoul\seongbuk-gu\성북구-출장마사지-정릉-돈암-길음-집안일과-일상-활동이-길어진-날-어깨-목의-뻐근함-방문-홈케어\index.html","E:\mong-lounge-site\shops\seoul\seongbuk-gu\돈암동\love테라피\index.html","신규"
"love테라피","서울","서울","성북구","동선동","E:\mong-lounge-site\massage\seoul\seongbuk-gu\성북구-출장마사지-정릉-돈암-길음-집안일과-일상-활동이-길어진-날-어깨-목의-뻐근함-방문-홈케어\index.html","E:\mong-lounge-site\shops\seoul\seongbuk-gu\동선동\love테라피\index.html","신규"
"love테라피","서울","서울","성북구","보문동","E:\mong-lounge-site\massage\seoul\seongbuk-gu\성북구-출장마사지-정릉-돈암-길음-집안일과-일상-활동이-길어진-날-어깨-목의-뻐근함-방문-홈케어\index.html","E:\mong-lounge-site\shops\seoul\seongbuk-gu\보문동\love테라피\index.html","신규"
"love테라피","서울","서울","성북구","삼선동","E:\mong-lounge-site\massage\seoul\seongbuk-gu\성북구-출장마사지-정릉-돈암-길음-집안일과-일상-활동이-길어진-날-어깨-목의-뻐근함-방문-홈케어\index.html","E:\mong-lounge-site\shops\seoul\seongbuk-gu\삼선동\love테라피\index.html","신규"
"love테라피","서울","서울","성북구","석관동","E:\mong-lounge-site\massage\seoul\seongbuk-gu\성북구-출장마사지-정릉-돈암-길음-집안일과-일상-활동이-길어진-날-어깨-목의-뻐근함-방문-홈케어\index.html","E:\mong-lounge-site\shops\seoul\seongbuk-gu\석관동\love테라피\index.html","신규"
"love테라피","서울","서울","성북구","성북동","E:\mong-lounge-site\massage\seoul\seongbuk-gu\성북구-출장마사지-정릉-돈암-길음-집안일과-일상-활동이-길어진-날-어깨-목의-뻐근함-방문-홈케어\index.html","E:\mong-lounge-site\shops\seoul\seongbuk-gu\성북동\love테라피\index.html","신규"
"love테라피","서울","서울","성북구","안암동","E:\mong-lounge-site\massage\seoul\seongbuk-gu\성북구-출장마사지-정릉-돈암-길음-집안일과-일상-활동이-길어진-날-어깨-목의-뻐근함-방문-홈케어\index.html","E:\mong-lounge-site\shops\seoul\seongbuk-gu\안암동\love테라피\index.html","신규"
"love테라피","서울","서울","성북구","월곡동","E:\mong-lounge-site\massage\seoul\seongbuk-gu\성북구-출장마사지-정릉-돈암-길음-집안일과-일상-활동이-길어진-날-어깨-목의-뻐근함-방문-홈케어\index.html","E:\mong-lounge-site\shops\seoul\seongbuk-gu\월곡동\love테라피\index.html","신규"
"love테라피","서울","서울","성북구","장위동","E:\mong-lounge-site\massage\seoul\seongbuk-gu\성북구-출장마사지-정릉-돈암-길음-집안일과-일상-활동이-길어진-날-어깨-목의-뻐근함-방문-홈케어\index.html","E:\mong-lounge-site\shops\seoul\seongbuk-gu\장위동\love테라피\index.html","신규"
"love테라피","서울","서울","성북구","정릉동","E:\mong-lounge-site\massage\seoul\seongbuk-gu\성북구-출장마사지-정릉-돈암-길음-집안일과-일상-활동이-길어진-날-어깨-목의-뻐근함-방문-홈케어\index.html","E:\mong-lounge-site\shops\seoul\seongbuk-gu\정릉동\love테라피\index.html","신규"
"love테라피","서울","서울","성북구","종암동","E:\mong-lounge-site\massage\seoul\seongbuk-gu\성북구-출장마사지-정릉-돈암-길음-집안일과-일상-활동이-길어진-날-어깨-목의-뻐근함-방문-홈케어\index.html","E:\mong-lounge-site\shops\seoul\seongbuk-gu\종암동\love테라피\index.html","신규"
"love테라피","서울","서울","송파구","가락동","E:\mong-lounge-site\massage\seoul\songpa-gu\송파구-출장마사지-문정-법조타운-잠실-야근과-장시간-화면-업무-어깨-목-눈의-피로-방문-홈케어\index.html","E:\mong-lounge-site\shops\seoul\songpa-gu\가락동\love테라피\index.html","신규"
"love테라피","서울","서울","송파구","가락본동","E:\mong-lounge-site\massage\seoul\songpa-gu\송파구-출장마사지-문정-법조타운-잠실-야근과-장시간-화면-업무-어깨-목-눈의-피로-방문-홈케어\index.html","E:\mong-lounge-site\shops\seoul\songpa-gu\가락본동\love테라피\index.html","신규"
"love테라피","서울","서울","송파구","거여동","E:\mong-lounge-site\massage\seoul\songpa-gu\송파구-출장마사지-문정-법조타운-잠실-야근과-장시간-화면-업무-어깨-목-눈의-피로-방문-홈케어\index.html","E:\mong-lounge-site\shops\seoul\songpa-gu\거여동\love테라피\index.html","신규"
"love테라피","서울","서울","송파구","마천동","E:\mong-lounge-site\massage\seoul\songpa-gu\송파구-출장마사지-문정-법조타운-잠실-야근과-장시간-화면-업무-어깨-목-눈의-피로-방문-홈케어\index.html","E:\mong-lounge-site\shops\seoul\songpa-gu\마천동\love테라피\index.html","신규"
"love테라피","서울","서울","송파구","문정동","E:\mong-lounge-site\massage\seoul\songpa-gu\송파구-출장마사지-문정-법조타운-잠실-야근과-장시간-화면-업무-어깨-목-눈의-피로-방문-홈케어\index.html","E:\mong-lounge-site\shops\seoul\songpa-gu\문정동\love테라피\index.html","신규"
"love테라피","서울","서울","송파구","방이동","E:\mong-lounge-site\massage\seoul\songpa-gu\송파구-출장마사지-문정-법조타운-잠실-야근과-장시간-화면-업무-어깨-목-눈의-피로-방문-홈케어\index.html","E:\mong-lounge-site\shops\seoul\songpa-gu\방이동\love테라피\index.html","신규"
"love테라피","서울","서울","송파구","삼전동","E:\mong-lounge-site\massage\seoul\songpa-gu\송파구-출장마사지-문정-법조타운-잠실-야근과-장시간-화면-업무-어깨-목-눈의-피로-방문-홈케어\index.html","E:\mong-lounge-site\shops\seoul\songpa-gu\삼전동\love테라피\index.html","신규"
"love테라피","서울","서울","송파구","석촌동","E:\mong-lounge-site\massage\seoul\songpa-gu\송파구-출장마사지-문정-법조타운-잠실-야근과-장시간-화면-업무-어깨-목-눈의-피로-방문-홈케어\index.html","E:\mong-lounge-site\shops\seoul\songpa-gu\석촌동\love테라피\index.html","신규"
"love테라피","서울","서울","송파구","송파동","E:\mong-lounge-site\massage\seoul\songpa-gu\송파구-출장마사지-문정-법조타운-잠실-야근과-장시간-화면-업무-어깨-목-눈의-피로-방문-홈케어\index.html","E:\mong-lounge-site\shops\seoul\songpa-gu\송파동\love테라피\index.html","신규"
"love테라피","서울","서울","송파구","오금동","E:\mong-lounge-site\massage\seoul\songpa-gu\송파구-출장마사지-문정-법조타운-잠실-야근과-장시간-화면-업무-어깨-목-눈의-피로-방문-홈케어\index.html","E:\mong-lounge-site\shops\seoul\songpa-gu\오금동\love테라피\index.html","신규"
"love테라피","서울","서울","송파구","오륜동","E:\mong-lounge-site\massage\seoul\songpa-gu\송파구-출장마사지-문정-법조타운-잠실-야근과-장시간-화면-업무-어깨-목-눈의-피로-방문-홈케어\index.html","E:\mong-lounge-site\shops\seoul\songpa-gu\오륜동\love테라피\index.html","신규"
"love테라피","서울","서울","송파구","위례동","E:\mong-lounge-site\massage\seoul\songpa-gu\송파구-출장마사지-문정-법조타운-잠실-야근과-장시간-화면-업무-어깨-목-눈의-피로-방문-홈케어\index.html","E:\mong-lounge-site\shops\seoul\songpa-gu\위례동\love테라피\index.html","신규"
"love테라피","서울","서울","송파구","잠실동","E:\mong-lounge-site\massage\seoul\songpa-gu\송파구-출장마사지-문정-법조타운-잠실-야근과-장시간-화면-업무-어깨-목-눈의-피로-방문-홈케어\index.html","E:\mong-lounge-site\shops\seoul\songpa-gu\잠실동\love테라피\index.html","신규"
"love테라피","서울","서울","송파구","잠실본동","E:\mong-lounge-site\massage\seoul\songpa-gu\송파구-출장마사지-문정-법조타운-잠실-야근과-장시간-화면-업무-어깨-목-눈의-피로-방문-홈케어\index.html","E:\mong-lounge-site\shops\seoul\songpa-gu\잠실본동\love테라피\index.html","신규"
"love테라피","서울","서울","송파구","장지동","E:\mong-lounge-site\massage\seoul\songpa-gu\송파구-출장마사지-문정-법조타운-잠실-야근과-장시간-화면-업무-어깨-목-눈의-피로-방문-홈케어\index.html","E:\mong-lounge-site\shops\seoul\songpa-gu\장지동\love테라피\index.html","신규"
"love테라피","서울","서울","송파구","풍납동","E:\mong-lounge-site\massage\seoul\songpa-gu\송파구-출장마사지-문정-법조타운-잠실-야근과-장시간-화면-업무-어깨-목-눈의-피로-방문-홈케어\index.html","E:\mong-lounge-site\shops\seoul\songpa-gu\풍납동\love테라피\index.html","신규"
"love테라피","서울","서울","양천구","목동","E:\mong-lounge-site\massage\seoul\yangcheon-gu\양천구-출장마사지-신정-신월-목동-강의와-장시간-발성이-이어진-날-목-어깨의-뻐근함-방문-홈케어\index.html","E:\mong-lounge-site\shops\seoul\yangcheon-gu\목동\love테라피\index.html","신규"
"love테라피","서울","서울","양천구","신월동","E:\mong-lounge-site\massage\seoul\yangcheon-gu\양천구-출장마사지-신정-신월-목동-강의와-장시간-발성이-이어진-날-목-어깨의-뻐근함-방문-홈케어\index.html","E:\mong-lounge-site\shops\seoul\yangcheon-gu\신월동\love테라피\index.html","신규"
"love테라피","서울","서울","양천구","신정동","E:\mong-lounge-site\massage\seoul\yangcheon-gu\양천구-출장마사지-신정-신월-목동-강의와-장시간-발성이-이어진-날-목-어깨의-뻐근함-방문-홈케어\index.html","E:\mong-lounge-site\shops\seoul\yangcheon-gu\신정동\love테라피\index.html","신규"
"love테라피","서울","서울","영등포구","당산동","E:\mong-lounge-site\massage\seoul\yeongdeungpo-gu\영등포구-출장마사지-문래-영등포-여의도-판매-제조-오피스-일정이-겹친-날-다리-손목-피로-방문-홈케어\index.html","E:\mong-lounge-site\shops\seoul\yeongdeungpo-gu\당산동\love테라피\index.html","신규"
"love테라피","서울","서울","영등포구","대림동","E:\mong-lounge-site\massage\seoul\yeongdeungpo-gu\영등포구-출장마사지-문래-영등포-여의도-판매-제조-오피스-일정이-겹친-날-다리-손목-피로-방문-홈케어\index.html","E:\mong-lounge-site\shops\seoul\yeongdeungpo-gu\대림동\love테라피\index.html","신규"
"love테라피","서울","서울","영등포구","도림동","E:\mong-lounge-site\massage\seoul\yeongdeungpo-gu\영등포구-출장마사지-문래-영등포-여의도-판매-제조-오피스-일정이-겹친-날-다리-손목-피로-방문-홈케어\index.html","E:\mong-lounge-site\shops\seoul\yeongdeungpo-gu\도림동\love테라피\index.html","신규"
"love테라피","서울","서울","영등포구","문래동","E:\mong-lounge-site\massage\seoul\yeongdeungpo-gu\영등포구-출장마사지-문래-영등포-여의도-판매-제조-오피스-일정이-겹친-날-다리-손목-피로-방문-홈케어\index.html","E:\mong-lounge-site\shops\seoul\yeongdeungpo-gu\문래동\love테라피\index.html","신규"
"love테라피","서울","서울","영등포구","신길동","E:\mong-lounge-site\massage\seoul\yeongdeungpo-gu\영등포구-출장마사지-문래-영등포-여의도-판매-제조-오피스-일정이-겹친-날-다리-손목-피로-방문-홈케어\index.html","E:\mong-lounge-site\shops\seoul\yeongdeungpo-gu\신길동\love테라피\index.html","신규"
"love테라피","서울","서울","영등포구","양평동","E:\mong-lounge-site\massage\seoul\yeongdeungpo-gu\영등포구-출장마사지-문래-영등포-여의도-판매-제조-오피스-일정이-겹친-날-다리-손목-피로-방문-홈케어\index.html","E:\mong-lounge-site\shops\seoul\yeongdeungpo-gu\양평동\love테라피\index.html","신규"
"love테라피","서울","서울","영등포구","여의동","E:\mong-lounge-site\massage\seoul\yeongdeungpo-gu\영등포구-출장마사지-문래-영등포-여의도-판매-제조-오피스-일정이-겹친-날-다리-손목-피로-방문-홈케어\index.html","E:\mong-lounge-site\shops\seoul\yeongdeungpo-gu\여의동\love테라피\index.html","신규"
"love테라피","서울","서울","영등포구","영등포동","E:\mong-lounge-site\massage\seoul\yeongdeungpo-gu\영등포구-출장마사지-문래-영등포-여의도-판매-제조-오피스-일정이-겹친-날-다리-손목-피로-방문-홈케어\index.html","E:\mong-lounge-site\shops\seoul\yeongdeungpo-gu\영등포동\love테라피\index.html","신규"
"love테라피","서울","서울","영등포구","영등포본동","E:\mong-lounge-site\massage\seoul\yeongdeungpo-gu\영등포구-출장마사지-문래-영등포-여의도-판매-제조-오피스-일정이-겹친-날-다리-손목-피로-방문-홈케어\index.html","E:\mong-lounge-site\shops\seoul\yeongdeungpo-gu\영등포본동\love테라피\index.html","신규"
"love테라피","서울","서울","용산구","남영동","E:\mong-lounge-site\massage\seoul\yongsan-gu\용산구-출장마사지-이촌-한강로-신용산-주거와-오피스를-오가는-긴-하루-어깨-허리-뻐근함-방문-홈케어\index.html","E:\mong-lounge-site\shops\seoul\yongsan-gu\남영동\love테라피\index.html","신규"
"love테라피","서울","서울","용산구","보광동","E:\mong-lounge-site\massage\seoul\yongsan-gu\용산구-출장마사지-이촌-한강로-신용산-주거와-오피스를-오가는-긴-하루-어깨-허리-뻐근함-방문-홈케어\index.html","E:\mong-lounge-site\shops\seoul\yongsan-gu\보광동\love테라피\index.html","신규"
"love테라피","서울","서울","용산구","서빙고동","E:\mong-lounge-site\massage\seoul\yongsan-gu\용산구-출장마사지-이촌-한강로-신용산-주거와-오피스를-오가는-긴-하루-어깨-허리-뻐근함-방문-홈케어\index.html","E:\mong-lounge-site\shops\seoul\yongsan-gu\서빙고동\love테라피\index.html","신규"
"love테라피","서울","서울","용산구","용문동","E:\mong-lounge-site\massage\seoul\yongsan-gu\용산구-출장마사지-이촌-한강로-신용산-주거와-오피스를-오가는-긴-하루-어깨-허리-뻐근함-방문-홈케어\index.html","E:\mong-lounge-site\shops\seoul\yongsan-gu\용문동\love테라피\index.html","신규"
"love테라피","서울","서울","용산구","용산2가동","E:\mong-lounge-site\massage\seoul\yongsan-gu\용산구-출장마사지-이촌-한강로-신용산-주거와-오피스를-오가는-긴-하루-어깨-허리-뻐근함-방문-홈케어\index.html","E:\mong-lounge-site\shops\seoul\yongsan-gu\용산2가동\love테라피\index.html","신규"
"love테라피","서울","서울","용산구","원효로동","E:\mong-lounge-site\massage\seoul\yongsan-gu\용산구-출장마사지-이촌-한강로-신용산-주거와-오피스를-오가는-긴-하루-어깨-허리-뻐근함-방문-홈케어\index.html","E:\mong-lounge-site\shops\seoul\yongsan-gu\원효로동\love테라피\index.html","신규"
"love테라피","서울","서울","용산구","이촌동","E:\mong-lounge-site\massage\seoul\yongsan-gu\용산구-출장마사지-이촌-한강로-신용산-주거와-오피스를-오가는-긴-하루-어깨-허리-뻐근함-방문-홈케어\index.html","E:\mong-lounge-site\shops\seoul\yongsan-gu\이촌동\love테라피\index.html","신규"
"love테라피","서울","서울","용산구","이태원동","E:\mong-lounge-site\massage\seoul\yongsan-gu\용산구-출장마사지-이촌-한강로-신용산-주거와-오피스를-오가는-긴-하루-어깨-허리-뻐근함-방문-홈케어\index.html","E:\mong-lounge-site\shops\seoul\yongsan-gu\이태원동\love테라피\index.html","신규"
"love테라피","서울","서울","용산구","청파동","E:\mong-lounge-site\massage\seoul\yongsan-gu\용산구-출장마사지-이촌-한강로-신용산-주거와-오피스를-오가는-긴-하루-어깨-허리-뻐근함-방문-홈케어\index.html","E:\mong-lounge-site\shops\seoul\yongsan-gu\청파동\love테라피\index.html","신규"
"love테라피","서울","서울","용산구","한강로동","E:\mong-lounge-site\massage\seoul\yongsan-gu\용산구-출장마사지-이촌-한강로-신용산-주거와-오피스를-오가는-긴-하루-어깨-허리-뻐근함-방문-홈케어\index.html","E:\mong-lounge-site\shops\seoul\yongsan-gu\한강로동\love테라피\index.html","신규"
"love테라피","서울","서울","용산구","한남동","E:\mong-lounge-site\massage\seoul\yongsan-gu\용산구-출장마사지-이촌-한강로-신용산-주거와-오피스를-오가는-긴-하루-어깨-허리-뻐근함-방문-홈케어\index.html","E:\mong-lounge-site\shops\seoul\yongsan-gu\한남동\love테라피\index.html","신규"
"love테라피","서울","서울","용산구","효창동","E:\mong-lounge-site\massage\seoul\yongsan-gu\용산구-출장마사지-이촌-한강로-신용산-주거와-오피스를-오가는-긴-하루-어깨-허리-뻐근함-방문-홈케어\index.html","E:\mong-lounge-site\shops\seoul\yongsan-gu\효창동\love테라피\index.html","신규"
"love테라피","서울","서울","용산구","후암동","E:\mong-lounge-site\massage\seoul\yongsan-gu\용산구-출장마사지-이촌-한강로-신용산-주거와-오피스를-오가는-긴-하루-어깨-허리-뻐근함-방문-홈케어\index.html","E:\mong-lounge-site\shops\seoul\yongsan-gu\후암동\love테라피\index.html","신규"
"love테라피","서울","서울","은평구","갈현동","E:\mong-lounge-site\massage\seoul\eunpyeong-gu\은평구-출장마사지-응암-역촌-불광-생활-이동과-장보기-일정-허리-어깨-피로-방문-홈케어\index.html","E:\mong-lounge-site\shops\seoul\eunpyeong-gu\갈현동\love테라피\index.html","신규"
"love테라피","서울","서울","은평구","구산동","E:\mong-lounge-site\massage\seoul\eunpyeong-gu\은평구-출장마사지-응암-역촌-불광-생활-이동과-장보기-일정-허리-어깨-피로-방문-홈케어\index.html","E:\mong-lounge-site\shops\seoul\eunpyeong-gu\구산동\love테라피\index.html","신규"
"love테라피","서울","서울","은평구","녹번동","E:\mong-lounge-site\massage\seoul\eunpyeong-gu\은평구-출장마사지-응암-역촌-불광-생활-이동과-장보기-일정-허리-어깨-피로-방문-홈케어\index.html","E:\mong-lounge-site\shops\seoul\eunpyeong-gu\녹번동\love테라피\index.html","신규"
"love테라피","서울","서울","은평구","대조동","E:\mong-lounge-site\massage\seoul\eunpyeong-gu\은평구-출장마사지-응암-역촌-불광-생활-이동과-장보기-일정-허리-어깨-피로-방문-홈케어\index.html","E:\mong-lounge-site\shops\seoul\eunpyeong-gu\대조동\love테라피\index.html","신규"
"love테라피","서울","서울","은평구","불광동","E:\mong-lounge-site\massage\seoul\eunpyeong-gu\은평구-출장마사지-응암-역촌-불광-생활-이동과-장보기-일정-허리-어깨-피로-방문-홈케어\index.html","E:\mong-lounge-site\shops\seoul\eunpyeong-gu\불광동\love테라피\index.html","신규"
"love테라피","서울","서울","은평구","수색동","E:\mong-lounge-site\massage\seoul\eunpyeong-gu\은평구-출장마사지-응암-역촌-불광-생활-이동과-장보기-일정-허리-어깨-피로-방문-홈케어\index.html","E:\mong-lounge-site\shops\seoul\eunpyeong-gu\수색동\love테라피\index.html","신규"
"love테라피","서울","서울","은평구","신사동","E:\mong-lounge-site\massage\seoul\eunpyeong-gu\은평구-출장마사지-응암-역촌-불광-생활-이동과-장보기-일정-허리-어깨-피로-방문-홈케어\index.html","E:\mong-lounge-site\shops\seoul\eunpyeong-gu\신사동\love테라피\index.html","신규"
"love테라피","서울","서울","은평구","역촌동","E:\mong-lounge-site\massage\seoul\eunpyeong-gu\은평구-출장마사지-응암-역촌-불광-생활-이동과-장보기-일정-허리-어깨-피로-방문-홈케어\index.html","E:\mong-lounge-site\shops\seoul\eunpyeong-gu\역촌동\love테라피\index.html","신규"
"love테라피","서울","서울","은평구","응암동","E:\mong-lounge-site\massage\seoul\eunpyeong-gu\은평구-출장마사지-응암-역촌-불광-생활-이동과-장보기-일정-허리-어깨-피로-방문-홈케어\index.html","E:\mong-lounge-site\shops\seoul\eunpyeong-gu\응암동\love테라피\index.html","신규"
"love테라피","서울","서울","은평구","증산동","E:\mong-lounge-site\massage\seoul\eunpyeong-gu\은평구-출장마사지-응암-역촌-불광-생활-이동과-장보기-일정-허리-어깨-피로-방문-홈케어\index.html","E:\mong-lounge-site\shops\seoul\eunpyeong-gu\증산동\love테라피\index.html","신규"
"love테라피","서울","서울","은평구","진관동","E:\mong-lounge-site\massage\seoul\eunpyeong-gu\은평구-출장마사지-응암-역촌-불광-생활-이동과-장보기-일정-허리-어깨-피로-방문-홈케어\index.html","E:\mong-lounge-site\shops\seoul\eunpyeong-gu\진관동\love테라피\index.html","신규"
"love테라피","서울","서울","종로구","4가동","E:\mong-lounge-site\massage\seoul\jongno-gu\종로구-출장마사지-혜화-대학로-종로5가-공연-관람-뒤-오래-걷는-일정-다리-발의-무거움-방문-홈케어\index.html","E:\mong-lounge-site\shops\seoul\jongno-gu\4가동\love테라피\index.html","신규"
"love테라피","서울","서울","종로구","6가동","E:\mong-lounge-site\massage\seoul\jongno-gu\종로구-출장마사지-혜화-대학로-종로5가-공연-관람-뒤-오래-걷는-일정-다리-발의-무거움-방문-홈케어\index.html","E:\mong-lounge-site\shops\seoul\jongno-gu\6가동\love테라피\index.html","신규"
"love테라피","서울","서울","종로구","가회동","E:\mong-lounge-site\massage\seoul\jongno-gu\종로구-출장마사지-혜화-대학로-종로5가-공연-관람-뒤-오래-걷는-일정-다리-발의-무거움-방문-홈케어\index.html","E:\mong-lounge-site\shops\seoul\jongno-gu\가회동\love테라피\index.html","신규"
"love테라피","서울","서울","종로구","교남동","E:\mong-lounge-site\massage\seoul\jongno-gu\종로구-출장마사지-혜화-대학로-종로5가-공연-관람-뒤-오래-걷는-일정-다리-발의-무거움-방문-홈케어\index.html","E:\mong-lounge-site\shops\seoul\jongno-gu\교남동\love테라피\index.html","신규"
"love테라피","서울","서울","종로구","무악동","E:\mong-lounge-site\massage\seoul\jongno-gu\종로구-출장마사지-혜화-대학로-종로5가-공연-관람-뒤-오래-걷는-일정-다리-발의-무거움-방문-홈케어\index.html","E:\mong-lounge-site\shops\seoul\jongno-gu\무악동\love테라피\index.html","신규"
"love테라피","서울","서울","종로구","부암동","E:\mong-lounge-site\massage\seoul\jongno-gu\종로구-출장마사지-혜화-대학로-종로5가-공연-관람-뒤-오래-걷는-일정-다리-발의-무거움-방문-홈케어\index.html","E:\mong-lounge-site\shops\seoul\jongno-gu\부암동\love테라피\index.html","신규"
"love테라피","서울","서울","종로구","사직동","E:\mong-lounge-site\massage\seoul\jongno-gu\종로구-출장마사지-혜화-대학로-종로5가-공연-관람-뒤-오래-걷는-일정-다리-발의-무거움-방문-홈케어\index.html","E:\mong-lounge-site\shops\seoul\jongno-gu\사직동\love테라피\index.html","신규"
"love테라피","서울","서울","종로구","삼청동","E:\mong-lounge-site\massage\seoul\jongno-gu\종로구-출장마사지-혜화-대학로-종로5가-공연-관람-뒤-오래-걷는-일정-다리-발의-무거움-방문-홈케어\index.html","E:\mong-lounge-site\shops\seoul\jongno-gu\삼청동\love테라피\index.html","신규"
"love테라피","서울","서울","종로구","숭인동","E:\mong-lounge-site\massage\seoul\jongno-gu\종로구-출장마사지-혜화-대학로-종로5가-공연-관람-뒤-오래-걷는-일정-다리-발의-무거움-방문-홈케어\index.html","E:\mong-lounge-site\shops\seoul\jongno-gu\숭인동\love테라피\index.html","신규"
"love테라피","서울","서울","종로구","이화동","E:\mong-lounge-site\massage\seoul\jongno-gu\종로구-출장마사지-혜화-대학로-종로5가-공연-관람-뒤-오래-걷는-일정-다리-발의-무거움-방문-홈케어\index.html","E:\mong-lounge-site\shops\seoul\jongno-gu\이화동\love테라피\index.html","신규"
"love테라피","서울","서울","종로구","창신동","E:\mong-lounge-site\massage\seoul\jongno-gu\종로구-출장마사지-혜화-대학로-종로5가-공연-관람-뒤-오래-걷는-일정-다리-발의-무거움-방문-홈케어\index.html","E:\mong-lounge-site\shops\seoul\jongno-gu\창신동\love테라피\index.html","신규"
"love테라피","서울","서울","종로구","청운효자동","E:\mong-lounge-site\massage\seoul\jongno-gu\종로구-출장마사지-혜화-대학로-종로5가-공연-관람-뒤-오래-걷는-일정-다리-발의-무거움-방문-홈케어\index.html","E:\mong-lounge-site\shops\seoul\jongno-gu\청운효자동\love테라피\index.html","신규"
"love테라피","서울","서울","종로구","평창동","E:\mong-lounge-site\massage\seoul\jongno-gu\종로구-출장마사지-혜화-대학로-종로5가-공연-관람-뒤-오래-걷는-일정-다리-발의-무거움-방문-홈케어\index.html","E:\mong-lounge-site\shops\seoul\jongno-gu\평창동\love테라피\index.html","신규"
"love테라피","서울","서울","종로구","혜화동","E:\mong-lounge-site\massage\seoul\jongno-gu\종로구-출장마사지-혜화-대학로-종로5가-공연-관람-뒤-오래-걷는-일정-다리-발의-무거움-방문-홈케어\index.html","E:\mong-lounge-site\shops\seoul\jongno-gu\혜화동\love테라피\index.html","신규"
"love테라피","서울","서울","중구","광희동","E:\mong-lounge-site\massage\seoul\jung-gu\중구-출장마사지-신당-동대문시장-을지로-야간-영업과-장시간-서-있는-일정-다리-허리-피로-방문-홈케어\index.html","E:\mong-lounge-site\shops\seoul\jung-gu\광희동\love테라피\index.html","신규"
"love테라피","서울","서울","중구","다산동","E:\mong-lounge-site\massage\seoul\jung-gu\중구-출장마사지-신당-동대문시장-을지로-야간-영업과-장시간-서-있는-일정-다리-허리-피로-방문-홈케어\index.html","E:\mong-lounge-site\shops\seoul\jung-gu\다산동\love테라피\index.html","신규"
"love테라피","서울","서울","중구","동화동","E:\mong-lounge-site\massage\seoul\jung-gu\중구-출장마사지-신당-동대문시장-을지로-야간-영업과-장시간-서-있는-일정-다리-허리-피로-방문-홈케어\index.html","E:\mong-lounge-site\shops\seoul\jung-gu\동화동\love테라피\index.html","신규"
"love테라피","서울","서울","중구","명동","E:\mong-lounge-site\massage\seoul\jung-gu\중구-출장마사지-신당-동대문시장-을지로-야간-영업과-장시간-서-있는-일정-다리-허리-피로-방문-홈케어\index.html","E:\mong-lounge-site\shops\seoul\jung-gu\명동\love테라피\index.html","신규"
"love테라피","서울","서울","중구","소공동","E:\mong-lounge-site\massage\seoul\jung-gu\중구-출장마사지-신당-동대문시장-을지로-야간-영업과-장시간-서-있는-일정-다리-허리-피로-방문-홈케어\index.html","E:\mong-lounge-site\shops\seoul\jung-gu\소공동\love테라피\index.html","신규"
"love테라피","서울","서울","중구","신당동","E:\mong-lounge-site\massage\seoul\jung-gu\중구-출장마사지-신당-동대문시장-을지로-야간-영업과-장시간-서-있는-일정-다리-허리-피로-방문-홈케어\index.html","E:\mong-lounge-site\shops\seoul\jung-gu\신당동\love테라피\index.html","신규"
"love테라피","서울","서울","중구","약수동","E:\mong-lounge-site\massage\seoul\jung-gu\중구-출장마사지-신당-동대문시장-을지로-야간-영업과-장시간-서-있는-일정-다리-허리-피로-방문-홈케어\index.html","E:\mong-lounge-site\shops\seoul\jung-gu\약수동\love테라피\index.html","신규"
"love테라피","서울","서울","중구","을지로동","E:\mong-lounge-site\massage\seoul\jung-gu\중구-출장마사지-신당-동대문시장-을지로-야간-영업과-장시간-서-있는-일정-다리-허리-피로-방문-홈케어\index.html","E:\mong-lounge-site\shops\seoul\jung-gu\을지로동\love테라피\index.html","신규"
"love테라피","서울","서울","중구","장충동","E:\mong-lounge-site\massage\seoul\jung-gu\중구-출장마사지-신당-동대문시장-을지로-야간-영업과-장시간-서-있는-일정-다리-허리-피로-방문-홈케어\index.html","E:\mong-lounge-site\shops\seoul\jung-gu\장충동\love테라피\index.html","신규"
"love테라피","서울","서울","중구","중림동","E:\mong-lounge-site\massage\seoul\jung-gu\중구-출장마사지-신당-동대문시장-을지로-야간-영업과-장시간-서-있는-일정-다리-허리-피로-방문-홈케어\index.html","E:\mong-lounge-site\shops\seoul\jung-gu\중림동\love테라피\index.html","신규"
"love테라피","서울","서울","중구","청구동","E:\mong-lounge-site\massage\seoul\jung-gu\중구-출장마사지-신당-동대문시장-을지로-야간-영업과-장시간-서-있는-일정-다리-허리-피로-방문-홈케어\index.html","E:\mong-lounge-site\shops\seoul\jung-gu\청구동\love테라피\index.html","신규"
"love테라피","서울","서울","중구","필동","E:\mong-lounge-site\massage\seoul\jung-gu\중구-출장마사지-신당-동대문시장-을지로-야간-영업과-장시간-서-있는-일정-다리-허리-피로-방문-홈케어\index.html","E:\mong-lounge-site\shops\seoul\jung-gu\필동\love테라피\index.html","신규"
"love테라피","서울","서울","중구","황학동","E:\mong-lounge-site\massage\seoul\jung-gu\중구-출장마사지-신당-동대문시장-을지로-야간-영업과-장시간-서-있는-일정-다리-허리-피로-방문-홈케어\index.html","E:\mong-lounge-site\shops\seoul\jung-gu\황학동\love테라피\index.html","신규"
"love테라피","서울","서울","중구","회현동","E:\mong-lounge-site\massage\seoul\jung-gu\중구-출장마사지-신당-동대문시장-을지로-야간-영업과-장시간-서-있는-일정-다리-허리-피로-방문-홈케어\index.html","E:\mong-lounge-site\shops\seoul\jung-gu\회현동\love테라피\index.html","신규"
"love테라피","서울","서울","중랑구","8동","E:\mong-lounge-site\massage\seoul\jungnang-gu\중랑구-출장마사지-사가정-중화-면목-매장-운영과-반복적인-손-사용-손목-허리-피로-방문-홈케어\index.html","E:\mong-lounge-site\shops\seoul\jungnang-gu\8동\love테라피\index.html","신규"
"love테라피","서울","서울","중랑구","망우동","E:\mong-lounge-site\massage\seoul\jungnang-gu\중랑구-출장마사지-사가정-중화-면목-매장-운영과-반복적인-손-사용-손목-허리-피로-방문-홈케어\index.html","E:\mong-lounge-site\shops\seoul\jungnang-gu\망우동\love테라피\index.html","신규"
"love테라피","서울","서울","중랑구","망우본동","E:\mong-lounge-site\massage\seoul\jungnang-gu\중랑구-출장마사지-사가정-중화-면목-매장-운영과-반복적인-손-사용-손목-허리-피로-방문-홈케어\index.html","E:\mong-lounge-site\shops\seoul\jungnang-gu\망우본동\love테라피\index.html","신규"
"love테라피","서울","서울","중랑구","면목동","E:\mong-lounge-site\massage\seoul\jungnang-gu\중랑구-출장마사지-사가정-중화-면목-매장-운영과-반복적인-손-사용-손목-허리-피로-방문-홈케어\index.html","E:\mong-lounge-site\shops\seoul\jungnang-gu\면목동\love테라피\index.html","신규"
"love테라피","서울","서울","중랑구","면목본동","E:\mong-lounge-site\massage\seoul\jungnang-gu\중랑구-출장마사지-사가정-중화-면목-매장-운영과-반복적인-손-사용-손목-허리-피로-방문-홈케어\index.html","E:\mong-lounge-site\shops\seoul\jungnang-gu\면목본동\love테라피\index.html","신규"
"love테라피","서울","서울","중랑구","묵동","E:\mong-lounge-site\massage\seoul\jungnang-gu\중랑구-출장마사지-사가정-중화-면목-매장-운영과-반복적인-손-사용-손목-허리-피로-방문-홈케어\index.html","E:\mong-lounge-site\shops\seoul\jungnang-gu\묵동\love테라피\index.html","신규"
"love테라피","서울","서울","중랑구","상봉동","E:\mong-lounge-site\massage\seoul\jungnang-gu\중랑구-출장마사지-사가정-중화-면목-매장-운영과-반복적인-손-사용-손목-허리-피로-방문-홈케어\index.html","E:\mong-lounge-site\shops\seoul\jungnang-gu\상봉동\love테라피\index.html","신규"
"love테라피","서울","서울","중랑구","신내동","E:\mong-lounge-site\massage\seoul\jungnang-gu\중랑구-출장마사지-사가정-중화-면목-매장-운영과-반복적인-손-사용-손목-허리-피로-방문-홈케어\index.html","E:\mong-lounge-site\shops\seoul\jungnang-gu\신내동\love테라피\index.html","신규"
"love테라피","서울","서울","중랑구","중화동","E:\mong-lounge-site\massage\seoul\jungnang-gu\중랑구-출장마사지-사가정-중화-면목-매장-운영과-반복적인-손-사용-손목-허리-피로-방문-홈케어\index.html","E:\mong-lounge-site\shops\seoul\jungnang-gu\중화동\love테라피\index.html","신규"
"love테라피","인천","인천","강화군","강화읍","E:\mong-lounge-site\massage\incheon\ganghwa-gun\강화군-출장마사지-강화읍-길상-불은-당일-여행과-차량-이동이-길어진-날-다리-허리-피로-방문-홈케어\index.html","E:\mong-lounge-site\shops\incheon\ganghwa-gun\강화읍\love테라피\index.html","신규"
"love테라피","인천","인천","강화군","교동면","E:\mong-lounge-site\massage\incheon\ganghwa-gun\강화군-출장마사지-강화읍-길상-불은-당일-여행과-차량-이동이-길어진-날-다리-허리-피로-방문-홈케어\index.html","E:\mong-lounge-site\shops\incheon\ganghwa-gun\교동면\love테라피\index.html","신규"
"love테라피","인천","인천","강화군","길상면","E:\mong-lounge-site\massage\incheon\ganghwa-gun\강화군-출장마사지-강화읍-길상-불은-당일-여행과-차량-이동이-길어진-날-다리-허리-피로-방문-홈케어\index.html","E:\mong-lounge-site\shops\incheon\ganghwa-gun\길상면\love테라피\index.html","신규"
"love테라피","인천","인천","강화군","내가면","E:\mong-lounge-site\massage\incheon\ganghwa-gun\강화군-출장마사지-강화읍-길상-불은-당일-여행과-차량-이동이-길어진-날-다리-허리-피로-방문-홈케어\index.html","E:\mong-lounge-site\shops\incheon\ganghwa-gun\내가면\love테라피\index.html","신규"
"love테라피","인천","인천","강화군","불은면","E:\mong-lounge-site\massage\incheon\ganghwa-gun\강화군-출장마사지-강화읍-길상-불은-당일-여행과-차량-이동이-길어진-날-다리-허리-피로-방문-홈케어\index.html","E:\mong-lounge-site\shops\incheon\ganghwa-gun\불은면\love테라피\index.html","신규"
"love테라피","인천","인천","강화군","삼산면","E:\mong-lounge-site\massage\incheon\ganghwa-gun\강화군-출장마사지-강화읍-길상-불은-당일-여행과-차량-이동이-길어진-날-다리-허리-피로-방문-홈케어\index.html","E:\mong-lounge-site\shops\incheon\ganghwa-gun\삼산면\love테라피\index.html","신규"
"love테라피","인천","인천","강화군","서도면","E:\mong-lounge-site\massage\incheon\ganghwa-gun\강화군-출장마사지-강화읍-길상-불은-당일-여행과-차량-이동이-길어진-날-다리-허리-피로-방문-홈케어\index.html","E:\mong-lounge-site\shops\incheon\ganghwa-gun\서도면\love테라피\index.html","신규"
"love테라피","인천","인천","강화군","선원면","E:\mong-lounge-site\massage\incheon\ganghwa-gun\강화군-출장마사지-강화읍-길상-불은-당일-여행과-차량-이동이-길어진-날-다리-허리-피로-방문-홈케어\index.html","E:\mong-lounge-site\shops\incheon\ganghwa-gun\선원면\love테라피\index.html","신규"
"love테라피","인천","인천","강화군","송해면","E:\mong-lounge-site\massage\incheon\ganghwa-gun\강화군-출장마사지-강화읍-길상-불은-당일-여행과-차량-이동이-길어진-날-다리-허리-피로-방문-홈케어\index.html","E:\mong-lounge-site\shops\incheon\ganghwa-gun\송해면\love테라피\index.html","신규"
"love테라피","인천","인천","강화군","양도면","E:\mong-lounge-site\massage\incheon\ganghwa-gun\강화군-출장마사지-강화읍-길상-불은-당일-여행과-차량-이동이-길어진-날-다리-허리-피로-방문-홈케어\index.html","E:\mong-lounge-site\shops\incheon\ganghwa-gun\양도면\love테라피\index.html","신규"
"love테라피","인천","인천","강화군","양사면","E:\mong-lounge-site\massage\incheon\ganghwa-gun\강화군-출장마사지-강화읍-길상-불은-당일-여행과-차량-이동이-길어진-날-다리-허리-피로-방문-홈케어\index.html","E:\mong-lounge-site\shops\incheon\ganghwa-gun\양사면\love테라피\index.html","신규"
"love테라피","인천","인천","강화군","하점면","E:\mong-lounge-site\massage\incheon\ganghwa-gun\강화군-출장마사지-강화읍-길상-불은-당일-여행과-차량-이동이-길어진-날-다리-허리-피로-방문-홈케어\index.html","E:\mong-lounge-site\shops\incheon\ganghwa-gun\하점면\love테라피\index.html","신규"
"love테라피","인천","인천","강화군","화도면","E:\mong-lounge-site\massage\incheon\ganghwa-gun\강화군-출장마사지-강화읍-길상-불은-당일-여행과-차량-이동이-길어진-날-다리-허리-피로-방문-홈케어\index.html","E:\mong-lounge-site\shops\incheon\ganghwa-gun\화도면\love테라피\index.html","신규"
"love테라피","인천","인천","검단구","검단동","E:\mong-lounge-site\massage\incheon\geomdan-gu\검단구-출장마사지-검단신도시-원당-불로-입주-이사와-신도시-정리-일정-어깨-허리-피로-방문-홈케어\index.html","E:\mong-lounge-site\shops\incheon\geomdan-gu\검단동\love테라피\index.html","신규"
"love테라피","인천","인천","검단구","당하동","E:\mong-lounge-site\massage\incheon\geomdan-gu\검단구-출장마사지-검단신도시-원당-불로-입주-이사와-신도시-정리-일정-어깨-허리-피로-방문-홈케어\index.html","E:\mong-lounge-site\shops\incheon\geomdan-gu\당하동\love테라피\index.html","신규"
"love테라피","인천","인천","검단구","마전동","E:\mong-lounge-site\massage\incheon\geomdan-gu\검단구-출장마사지-검단신도시-원당-불로-입주-이사와-신도시-정리-일정-어깨-허리-피로-방문-홈케어\index.html","E:\mong-lounge-site\shops\incheon\geomdan-gu\마전동\love테라피\index.html","신규"
"love테라피","인천","인천","검단구","불로대곡동","E:\mong-lounge-site\massage\incheon\geomdan-gu\검단구-출장마사지-검단신도시-원당-불로-입주-이사와-신도시-정리-일정-어깨-허리-피로-방문-홈케어\index.html","E:\mong-lounge-site\shops\incheon\geomdan-gu\불로대곡동\love테라피\index.html","신규"
"love테라피","인천","인천","검단구","아라동","E:\mong-lounge-site\massage\incheon\geomdan-gu\검단구-출장마사지-검단신도시-원당-불로-입주-이사와-신도시-정리-일정-어깨-허리-피로-방문-홈케어\index.html","E:\mong-lounge-site\shops\incheon\geomdan-gu\아라동\love테라피\index.html","신규"
"love테라피","인천","인천","검단구","오류왕길동","E:\mong-lounge-site\massage\incheon\geomdan-gu\검단구-출장마사지-검단신도시-원당-불로-입주-이사와-신도시-정리-일정-어깨-허리-피로-방문-홈케어\index.html","E:\mong-lounge-site\shops\incheon\geomdan-gu\오류왕길동\love테라피\index.html","신규"
"love테라피","인천","인천","검단구","원당동","E:\mong-lounge-site\massage\incheon\geomdan-gu\검단구-출장마사지-검단신도시-원당-불로-입주-이사와-신도시-정리-일정-어깨-허리-피로-방문-홈케어\index.html","E:\mong-lounge-site\shops\incheon\geomdan-gu\원당동\love테라피\index.html","신규"
"love테라피","인천","인천","계양구","계산동","E:\mong-lounge-site\massage\incheon\gyeyang-gu\계양구-출장마사지-계산-작전-임학-출퇴근과-환승-이동이-길어진-날-목-허리-피로-방문-홈케어\index.html","E:\mong-lounge-site\shops\incheon\gyeyang-gu\계산동\love테라피\index.html","신규"
"love테라피","인천","인천","계양구","계양동","E:\mong-lounge-site\massage\incheon\gyeyang-gu\계양구-출장마사지-계산-작전-임학-출퇴근과-환승-이동이-길어진-날-목-허리-피로-방문-홈케어\index.html","E:\mong-lounge-site\shops\incheon\gyeyang-gu\계양동\love테라피\index.html","신규"
"love테라피","인천","인천","계양구","작전동","E:\mong-lounge-site\massage\incheon\gyeyang-gu\계양구-출장마사지-계산-작전-임학-출퇴근과-환승-이동이-길어진-날-목-허리-피로-방문-홈케어\index.html","E:\mong-lounge-site\shops\incheon\gyeyang-gu\작전동\love테라피\index.html","신규"
"love테라피","인천","인천","계양구","작전서운동","E:\mong-lounge-site\massage\incheon\gyeyang-gu\계양구-출장마사지-계산-작전-임학-출퇴근과-환승-이동이-길어진-날-목-허리-피로-방문-홈케어\index.html","E:\mong-lounge-site\shops\incheon\gyeyang-gu\작전서운동\love테라피\index.html","신규"
"love테라피","인천","인천","계양구","효성동","E:\mong-lounge-site\massage\incheon\gyeyang-gu\계양구-출장마사지-계산-작전-임학-출퇴근과-환승-이동이-길어진-날-목-허리-피로-방문-홈케어\index.html","E:\mong-lounge-site\shops\incheon\gyeyang-gu\효성동\love테라피\index.html","신규"
"love테라피","인천","인천","남동구","간석동","E:\mong-lounge-site\massage\incheon\namdong-gu\남동구-출장마사지-구월-논현-간석-오피스와-쇼핑-일정이-겹친-날-다리-어깨-피로-방문-홈케어\index.html","E:\mong-lounge-site\shops\incheon\namdong-gu\간석동\love테라피\index.html","신규"
"love테라피","인천","인천","남동구","구월동","E:\mong-lounge-site\massage\incheon\namdong-gu\남동구-출장마사지-구월-논현-간석-오피스와-쇼핑-일정이-겹친-날-다리-어깨-피로-방문-홈케어\index.html","E:\mong-lounge-site\shops\incheon\namdong-gu\구월동\love테라피\index.html","신규"
"love테라피","인천","인천","남동구","남촌도림동","E:\mong-lounge-site\massage\incheon\namdong-gu\남동구-출장마사지-구월-논현-간석-오피스와-쇼핑-일정이-겹친-날-다리-어깨-피로-방문-홈케어\index.html","E:\mong-lounge-site\shops\incheon\namdong-gu\남촌도림동\love테라피\index.html","신규"
"love테라피","인천","인천","남동구","논현고잔동","E:\mong-lounge-site\massage\incheon\namdong-gu\남동구-출장마사지-구월-논현-간석-오피스와-쇼핑-일정이-겹친-날-다리-어깨-피로-방문-홈케어\index.html","E:\mong-lounge-site\shops\incheon\namdong-gu\논현고잔동\love테라피\index.html","신규"
"love테라피","인천","인천","남동구","논현동","E:\mong-lounge-site\massage\incheon\namdong-gu\남동구-출장마사지-구월-논현-간석-오피스와-쇼핑-일정이-겹친-날-다리-어깨-피로-방문-홈케어\index.html","E:\mong-lounge-site\shops\incheon\namdong-gu\논현동\love테라피\index.html","신규"
"love테라피","인천","인천","남동구","만수동","E:\mong-lounge-site\massage\incheon\namdong-gu\남동구-출장마사지-구월-논현-간석-오피스와-쇼핑-일정이-겹친-날-다리-어깨-피로-방문-홈케어\index.html","E:\mong-lounge-site\shops\incheon\namdong-gu\만수동\love테라피\index.html","신규"
"love테라피","인천","인천","남동구","서창동","E:\mong-lounge-site\massage\incheon\namdong-gu\남동구-출장마사지-구월-논현-간석-오피스와-쇼핑-일정이-겹친-날-다리-어깨-피로-방문-홈케어\index.html","E:\mong-lounge-site\shops\incheon\namdong-gu\서창동\love테라피\index.html","신규"
"love테라피","인천","인천","남동구","장수서창동","E:\mong-lounge-site\massage\incheon\namdong-gu\남동구-출장마사지-구월-논현-간석-오피스와-쇼핑-일정이-겹친-날-다리-어깨-피로-방문-홈케어\index.html","E:\mong-lounge-site\shops\incheon\namdong-gu\장수서창동\love테라피\index.html","신규"
"love테라피","인천","인천","미추홀구","3동","E:\mong-lounge-site\massage\incheon\michuhol-gu\미추홀구-출장마사지-주안-용현-도화-통근과-대학가-이동이-길어진-날-목-허리-피로-방문-홈케어\index.html","E:\mong-lounge-site\shops\incheon\michuhol-gu\3동\love테라피\index.html","신규"
"love테라피","인천","인천","미추홀구","4동","E:\mong-lounge-site\massage\incheon\michuhol-gu\미추홀구-출장마사지-주안-용현-도화-통근과-대학가-이동이-길어진-날-목-허리-피로-방문-홈케어\index.html","E:\mong-lounge-site\shops\incheon\michuhol-gu\4동\love테라피\index.html","신규"
"love테라피","인천","인천","미추홀구","관교동","E:\mong-lounge-site\massage\incheon\michuhol-gu\미추홀구-출장마사지-주안-용현-도화-통근과-대학가-이동이-길어진-날-목-허리-피로-방문-홈케어\index.html","E:\mong-lounge-site\shops\incheon\michuhol-gu\관교동\love테라피\index.html","신규"
"love테라피","인천","인천","미추홀구","도화동","E:\mong-lounge-site\massage\incheon\michuhol-gu\미추홀구-출장마사지-주안-용현-도화-통근과-대학가-이동이-길어진-날-목-허리-피로-방문-홈케어\index.html","E:\mong-lounge-site\shops\incheon\michuhol-gu\도화동\love테라피\index.html","신규"
"love테라피","인천","인천","미추홀구","문학동","E:\mong-lounge-site\massage\incheon\michuhol-gu\미추홀구-출장마사지-주안-용현-도화-통근과-대학가-이동이-길어진-날-목-허리-피로-방문-홈케어\index.html","E:\mong-lounge-site\shops\incheon\michuhol-gu\문학동\love테라피\index.html","신규"
"love테라피","인천","인천","미추홀구","숭의동","E:\mong-lounge-site\massage\incheon\michuhol-gu\미추홀구-출장마사지-주안-용현-도화-통근과-대학가-이동이-길어진-날-목-허리-피로-방문-홈케어\index.html","E:\mong-lounge-site\shops\incheon\michuhol-gu\숭의동\love테라피\index.html","신규"
"love테라피","인천","인천","미추홀구","용현동","E:\mong-lounge-site\massage\incheon\michuhol-gu\미추홀구-출장마사지-주안-용현-도화-통근과-대학가-이동이-길어진-날-목-허리-피로-방문-홈케어\index.html","E:\mong-lounge-site\shops\incheon\michuhol-gu\용현동\love테라피\index.html","신규"
"love테라피","인천","인천","미추홀구","주안동","E:\mong-lounge-site\massage\incheon\michuhol-gu\미추홀구-출장마사지-주안-용현-도화-통근과-대학가-이동이-길어진-날-목-허리-피로-방문-홈케어\index.html","E:\mong-lounge-site\shops\incheon\michuhol-gu\주안동\love테라피\index.html","신규"
"love테라피","인천","인천","미추홀구","학익동","E:\mong-lounge-site\massage\incheon\michuhol-gu\미추홀구-출장마사지-주안-용현-도화-통근과-대학가-이동이-길어진-날-목-허리-피로-방문-홈케어\index.html","E:\mong-lounge-site\shops\incheon\michuhol-gu\학익동\love테라피\index.html","신규"
"love테라피","인천","인천","부평구","갈산동","E:\mong-lounge-site\massage\incheon\bupyeong-gu\부평구-출장마사지-부평-삼산-갈산-쇼핑-서비스-업무로-오래-선-날-다리-손목-피로-방문-홈케어\index.html","E:\mong-lounge-site\shops\incheon\bupyeong-gu\갈산동\love테라피\index.html","신규"
"love테라피","인천","인천","부평구","부개동","E:\mong-lounge-site\massage\incheon\bupyeong-gu\부평구-출장마사지-부평-삼산-갈산-쇼핑-서비스-업무로-오래-선-날-다리-손목-피로-방문-홈케어\index.html","E:\mong-lounge-site\shops\incheon\bupyeong-gu\부개동\love테라피\index.html","신규"
"love테라피","인천","인천","부평구","부평동","E:\mong-lounge-site\massage\incheon\bupyeong-gu\부평구-출장마사지-부평-삼산-갈산-쇼핑-서비스-업무로-오래-선-날-다리-손목-피로-방문-홈케어\index.html","E:\mong-lounge-site\shops\incheon\bupyeong-gu\부평동\love테라피\index.html","신규"
"love테라피","인천","인천","부평구","산곡동","E:\mong-lounge-site\massage\incheon\bupyeong-gu\부평구-출장마사지-부평-삼산-갈산-쇼핑-서비스-업무로-오래-선-날-다리-손목-피로-방문-홈케어\index.html","E:\mong-lounge-site\shops\incheon\bupyeong-gu\산곡동\love테라피\index.html","신규"
"love테라피","인천","인천","부평구","삼산동","E:\mong-lounge-site\massage\incheon\bupyeong-gu\부평구-출장마사지-부평-삼산-갈산-쇼핑-서비스-업무로-오래-선-날-다리-손목-피로-방문-홈케어\index.html","E:\mong-lounge-site\shops\incheon\bupyeong-gu\삼산동\love테라피\index.html","신규"
"love테라피","인천","인천","부평구","십정동","E:\mong-lounge-site\massage\incheon\bupyeong-gu\부평구-출장마사지-부평-삼산-갈산-쇼핑-서비스-업무로-오래-선-날-다리-손목-피로-방문-홈케어\index.html","E:\mong-lounge-site\shops\incheon\bupyeong-gu\십정동\love테라피\index.html","신규"
"love테라피","인천","인천","부평구","일신동","E:\mong-lounge-site\massage\incheon\bupyeong-gu\부평구-출장마사지-부평-삼산-갈산-쇼핑-서비스-업무로-오래-선-날-다리-손목-피로-방문-홈케어\index.html","E:\mong-lounge-site\shops\incheon\bupyeong-gu\일신동\love테라피\index.html","신규"
"love테라피","인천","인천","부평구","청천동","E:\mong-lounge-site\massage\incheon\bupyeong-gu\부평구-출장마사지-부평-삼산-갈산-쇼핑-서비스-업무로-오래-선-날-다리-손목-피로-방문-홈케어\index.html","E:\mong-lounge-site\shops\incheon\bupyeong-gu\청천동\love테라피\index.html","신규"
"love테라피","인천","인천","서해구","가정동","E:\mong-lounge-site\massage\incheon\seohae-gu\서해구-출장마사지-청라-가정-석남-신도시-통근과-가족-일정이-겹친-날-허리-어깨-피로-방문-홈케어\index.html","E:\mong-lounge-site\shops\incheon\seohae-gu\가정동\love테라피\index.html","신규"
"love테라피","인천","인천","서해구","가좌동","E:\mong-lounge-site\massage\incheon\seohae-gu\서해구-출장마사지-청라-가정-석남-신도시-통근과-가족-일정이-겹친-날-허리-어깨-피로-방문-홈케어\index.html","E:\mong-lounge-site\shops\incheon\seohae-gu\가좌동\love테라피\index.html","신규"
"love테라피","인천","인천","서해구","검암경서동","E:\mong-lounge-site\massage\incheon\seohae-gu\서해구-출장마사지-청라-가정-석남-신도시-통근과-가족-일정이-겹친-날-허리-어깨-피로-방문-홈케어\index.html","E:\mong-lounge-site\shops\incheon\seohae-gu\검암경서동\love테라피\index.html","신규"
"love테라피","인천","인천","서해구","석남동","E:\mong-lounge-site\massage\incheon\seohae-gu\서해구-출장마사지-청라-가정-석남-신도시-통근과-가족-일정이-겹친-날-허리-어깨-피로-방문-홈케어\index.html","E:\mong-lounge-site\shops\incheon\seohae-gu\석남동\love테라피\index.html","신규"
"love테라피","인천","인천","서해구","신현원창동","E:\mong-lounge-site\massage\incheon\seohae-gu\서해구-출장마사지-청라-가정-석남-신도시-통근과-가족-일정이-겹친-날-허리-어깨-피로-방문-홈케어\index.html","E:\mong-lounge-site\shops\incheon\seohae-gu\신현원창동\love테라피\index.html","신규"
"love테라피","인천","인천","서해구","연희동","E:\mong-lounge-site\massage\incheon\seohae-gu\서해구-출장마사지-청라-가정-석남-신도시-통근과-가족-일정이-겹친-날-허리-어깨-피로-방문-홈케어\index.html","E:\mong-lounge-site\shops\incheon\seohae-gu\연희동\love테라피\index.html","신규"
"love테라피","인천","인천","서해구","청라동","E:\mong-lounge-site\massage\incheon\seohae-gu\서해구-출장마사지-청라-가정-석남-신도시-통근과-가족-일정이-겹친-날-허리-어깨-피로-방문-홈케어\index.html","E:\mong-lounge-site\shops\incheon\seohae-gu\청라동\love테라피\index.html","신규"
"love테라피","인천","인천","연수구","동춘동","E:\mong-lounge-site\massage\incheon\yeonsu-gu\연수구-출장마사지-송도-연수-동춘-오피스-업무와-국제업무-일정이-길어진-날-목-눈-어깨-피로-방문-홈케어\index.html","E:\mong-lounge-site\shops\incheon\yeonsu-gu\동춘동\love테라피\index.html","신규"
"love테라피","인천","인천","연수구","선학동","E:\mong-lounge-site\massage\incheon\yeonsu-gu\연수구-출장마사지-송도-연수-동춘-오피스-업무와-국제업무-일정이-길어진-날-목-눈-어깨-피로-방문-홈케어\index.html","E:\mong-lounge-site\shops\incheon\yeonsu-gu\선학동\love테라피\index.html","신규"
"love테라피","인천","인천","연수구","송도동","E:\mong-lounge-site\massage\incheon\yeonsu-gu\연수구-출장마사지-송도-연수-동춘-오피스-업무와-국제업무-일정이-길어진-날-목-눈-어깨-피로-방문-홈케어\index.html","E:\mong-lounge-site\shops\incheon\yeonsu-gu\송도동\love테라피\index.html","신규"
"love테라피","인천","인천","연수구","연수동","E:\mong-lounge-site\massage\incheon\yeonsu-gu\연수구-출장마사지-송도-연수-동춘-오피스-업무와-국제업무-일정이-길어진-날-목-눈-어깨-피로-방문-홈케어\index.html","E:\mong-lounge-site\shops\incheon\yeonsu-gu\연수동\love테라피\index.html","신규"
"love테라피","인천","인천","연수구","옥련동","E:\mong-lounge-site\massage\incheon\yeonsu-gu\연수구-출장마사지-송도-연수-동춘-오피스-업무와-국제업무-일정이-길어진-날-목-눈-어깨-피로-방문-홈케어\index.html","E:\mong-lounge-site\shops\incheon\yeonsu-gu\옥련동\love테라피\index.html","신규"
"love테라피","인천","인천","연수구","청학동","E:\mong-lounge-site\massage\incheon\yeonsu-gu\연수구-출장마사지-송도-연수-동춘-오피스-업무와-국제업무-일정이-길어진-날-목-눈-어깨-피로-방문-홈케어\index.html","E:\mong-lounge-site\shops\incheon\yeonsu-gu\청학동\love테라피\index.html","신규"
"love테라피","인천","인천","영종구","영종동","E:\mong-lounge-site\massage\incheon\yeongjong-gu\영종구-출장마사지-영종-운서-공항신도시-공항-이동과-여행-일정이-이어진-날-다리-허리-피로-방문-홈케어\index.html","E:\mong-lounge-site\shops\incheon\yeongjong-gu\영종동\love테라피\index.html","신규"
"love테라피","인천","인천","영종구","용유동","E:\mong-lounge-site\massage\incheon\yeongjong-gu\영종구-출장마사지-영종-운서-공항신도시-공항-이동과-여행-일정이-이어진-날-다리-허리-피로-방문-홈케어\index.html","E:\mong-lounge-site\shops\incheon\yeongjong-gu\용유동\love테라피\index.html","신규"
"love테라피","인천","인천","영종구","운서동","E:\mong-lounge-site\massage\incheon\yeongjong-gu\영종구-출장마사지-영종-운서-공항신도시-공항-이동과-여행-일정이-이어진-날-다리-허리-피로-방문-홈케어\index.html","E:\mong-lounge-site\shops\incheon\yeongjong-gu\운서동\love테라피\index.html","신규"
"love테라피","인천","인천","옹진군","대청면","E:\mong-lounge-site\massage\incheon\ongjin-gun\옹진군-출장마사지-영흥-백령-덕적-섬-이동과-숙박-일정이-길어진-날-다리-허리-피로-방문-홈케어\index.html","E:\mong-lounge-site\shops\incheon\ongjin-gun\대청면\love테라피\index.html","신규"
"love테라피","인천","인천","옹진군","덕적면","E:\mong-lounge-site\massage\incheon\ongjin-gun\옹진군-출장마사지-영흥-백령-덕적-섬-이동과-숙박-일정이-길어진-날-다리-허리-피로-방문-홈케어\index.html","E:\mong-lounge-site\shops\incheon\ongjin-gun\덕적면\love테라피\index.html","신규"
"love테라피","인천","인천","옹진군","백령면","E:\mong-lounge-site\massage\incheon\ongjin-gun\옹진군-출장마사지-영흥-백령-덕적-섬-이동과-숙박-일정이-길어진-날-다리-허리-피로-방문-홈케어\index.html","E:\mong-lounge-site\shops\incheon\ongjin-gun\백령면\love테라피\index.html","신규"
"love테라피","인천","인천","옹진군","북도면","E:\mong-lounge-site\massage\incheon\ongjin-gun\옹진군-출장마사지-영흥-백령-덕적-섬-이동과-숙박-일정이-길어진-날-다리-허리-피로-방문-홈케어\index.html","E:\mong-lounge-site\shops\incheon\ongjin-gun\북도면\love테라피\index.html","신규"
"love테라피","인천","인천","옹진군","연평면","E:\mong-lounge-site\massage\incheon\ongjin-gun\옹진군-출장마사지-영흥-백령-덕적-섬-이동과-숙박-일정이-길어진-날-다리-허리-피로-방문-홈케어\index.html","E:\mong-lounge-site\shops\incheon\ongjin-gun\연평면\love테라피\index.html","신규"
"love테라피","인천","인천","옹진군","영흥면","E:\mong-lounge-site\massage\incheon\ongjin-gun\옹진군-출장마사지-영흥-백령-덕적-섬-이동과-숙박-일정이-길어진-날-다리-허리-피로-방문-홈케어\index.html","E:\mong-lounge-site\shops\incheon\ongjin-gun\영흥면\love테라피\index.html","신규"
"love테라피","인천","인천","옹진군","자월면","E:\mong-lounge-site\massage\incheon\ongjin-gun\옹진군-출장마사지-영흥-백령-덕적-섬-이동과-숙박-일정이-길어진-날-다리-허리-피로-방문-홈케어\index.html","E:\mong-lounge-site\shops\incheon\ongjin-gun\자월면\love테라피\index.html","신규"
"love테라피","인천","인천","제물포구","2동","E:\mong-lounge-site\massage\incheon\jemulpo-gu\제물포구-출장마사지-동인천-월미-송현-시장-관광과-장시간-보행-일정-다리-허리-피로-방문-홈케어\index.html","E:\mong-lounge-site\shops\incheon\jemulpo-gu\2동\love테라피\index.html","신규"
"love테라피","인천","인천","제물포구","개항동","E:\mong-lounge-site\massage\incheon\jemulpo-gu\제물포구-출장마사지-동인천-월미-송현-시장-관광과-장시간-보행-일정-다리-허리-피로-방문-홈케어\index.html","E:\mong-lounge-site\shops\incheon\jemulpo-gu\개항동\love테라피\index.html","신규"
"love테라피","인천","인천","제물포구","금창동","E:\mong-lounge-site\massage\incheon\jemulpo-gu\제물포구-출장마사지-동인천-월미-송현-시장-관광과-장시간-보행-일정-다리-허리-피로-방문-홈케어\index.html","E:\mong-lounge-site\shops\incheon\jemulpo-gu\금창동\love테라피\index.html","신규"
"love테라피","인천","인천","제물포구","도원동","E:\mong-lounge-site\massage\incheon\jemulpo-gu\제물포구-출장마사지-동인천-월미-송현-시장-관광과-장시간-보행-일정-다리-허리-피로-방문-홈케어\index.html","E:\mong-lounge-site\shops\incheon\jemulpo-gu\도원동\love테라피\index.html","신규"
"love테라피","인천","인천","제물포구","동인천동","E:\mong-lounge-site\massage\incheon\jemulpo-gu\제물포구-출장마사지-동인천-월미-송현-시장-관광과-장시간-보행-일정-다리-허리-피로-방문-홈케어\index.html","E:\mong-lounge-site\shops\incheon\jemulpo-gu\동인천동\love테라피\index.html","신규"
"love테라피","인천","인천","제물포구","만석동","E:\mong-lounge-site\massage\incheon\jemulpo-gu\제물포구-출장마사지-동인천-월미-송현-시장-관광과-장시간-보행-일정-다리-허리-피로-방문-홈케어\index.html","E:\mong-lounge-site\shops\incheon\jemulpo-gu\만석동\love테라피\index.html","신규"
"love테라피","인천","인천","제물포구","송림동","E:\mong-lounge-site\massage\incheon\jemulpo-gu\제물포구-출장마사지-동인천-월미-송현-시장-관광과-장시간-보행-일정-다리-허리-피로-방문-홈케어\index.html","E:\mong-lounge-site\shops\incheon\jemulpo-gu\송림동\love테라피\index.html","신규"
"love테라피","인천","인천","제물포구","송현동","E:\mong-lounge-site\massage\incheon\jemulpo-gu\제물포구-출장마사지-동인천-월미-송현-시장-관광과-장시간-보행-일정-다리-허리-피로-방문-홈케어\index.html","E:\mong-lounge-site\shops\incheon\jemulpo-gu\송현동\love테라피\index.html","신규"
"love테라피","인천","인천","제물포구","신포동","E:\mong-lounge-site\massage\incheon\jemulpo-gu\제물포구-출장마사지-동인천-월미-송현-시장-관광과-장시간-보행-일정-다리-허리-피로-방문-홈케어\index.html","E:\mong-lounge-site\shops\incheon\jemulpo-gu\신포동\love테라피\index.html","신규"
"love테라피","인천","인천","제물포구","신흥동","E:\mong-lounge-site\massage\incheon\jemulpo-gu\제물포구-출장마사지-동인천-월미-송현-시장-관광과-장시간-보행-일정-다리-허리-피로-방문-홈케어\index.html","E:\mong-lounge-site\shops\incheon\jemulpo-gu\신흥동\love테라피\index.html","신규"
"love테라피","인천","인천","제물포구","연안동","E:\mong-lounge-site\massage\incheon\jemulpo-gu\제물포구-출장마사지-동인천-월미-송현-시장-관광과-장시간-보행-일정-다리-허리-피로-방문-홈케어\index.html","E:\mong-lounge-site\shops\incheon\jemulpo-gu\연안동\love테라피\index.html","신규"
"love테라피","인천","인천","제물포구","율목동","E:\mong-lounge-site\massage\incheon\jemulpo-gu\제물포구-출장마사지-동인천-월미-송현-시장-관광과-장시간-보행-일정-다리-허리-피로-방문-홈케어\index.html","E:\mong-lounge-site\shops\incheon\jemulpo-gu\율목동\love테라피\index.html","신규"
"love테라피","인천","인천","제물포구","화수동","E:\mong-lounge-site\massage\incheon\jemulpo-gu\제물포구-출장마사지-동인천-월미-송현-시장-관광과-장시간-보행-일정-다리-허리-피로-방문-홈케어\index.html","E:\mong-lounge-site\shops\incheon\jemulpo-gu\화수동\love테라피\index.html","신규"
"love테라피","인천","인천","제물포구","화평동","E:\mong-lounge-site\massage\incheon\jemulpo-gu\제물포구-출장마사지-동인천-월미-송현-시장-관광과-장시간-보행-일정-다리-허리-피로-방문-홈케어\index.html","E:\mong-lounge-site\shops\incheon\jemulpo-gu\화평동\love테라피\index.html","신규"
"love테라피","아산","충남","아산","도고면","E:\mong-lounge-site\massage\other\asan\아산-지역-출장마사지-배방-탕정-온양온천역-생활권-방문-홈케어\index.html","E:\mong-lounge-site\shops\other\asan\도고면\love테라피\index.html","신규"
"love테라피","아산","충남","아산","둔포면","E:\mong-lounge-site\massage\other\asan\아산-지역-출장마사지-배방-탕정-온양온천역-생활권-방문-홈케어\index.html","E:\mong-lounge-site\shops\other\asan\둔포면\love테라피\index.html","신규"
"love테라피","아산","충남","아산","배방읍","E:\mong-lounge-site\massage\other\asan\아산-지역-출장마사지-배방-탕정-온양온천역-생활권-방문-홈케어\index.html","E:\mong-lounge-site\shops\other\asan\배방읍\love테라피\index.html","신규"
"love테라피","아산","충남","아산","선장면","E:\mong-lounge-site\massage\other\asan\아산-지역-출장마사지-배방-탕정-온양온천역-생활권-방문-홈케어\index.html","E:\mong-lounge-site\shops\other\asan\선장면\love테라피\index.html","신규"
"love테라피","아산","충남","아산","송악면","E:\mong-lounge-site\massage\other\asan\아산-지역-출장마사지-배방-탕정-온양온천역-생활권-방문-홈케어\index.html","E:\mong-lounge-site\shops\other\asan\송악면\love테라피\index.html","신규"
"love테라피","아산","충남","아산","신창면","E:\mong-lounge-site\massage\other\asan\아산-지역-출장마사지-배방-탕정-온양온천역-생활권-방문-홈케어\index.html","E:\mong-lounge-site\shops\other\asan\신창면\love테라피\index.html","신규"
"love테라피","아산","충남","아산","염치읍","E:\mong-lounge-site\massage\other\asan\아산-지역-출장마사지-배방-탕정-온양온천역-생활권-방문-홈케어\index.html","E:\mong-lounge-site\shops\other\asan\염치읍\love테라피\index.html","신규"
"love테라피","아산","충남","아산","영인면","E:\mong-lounge-site\massage\other\asan\아산-지역-출장마사지-배방-탕정-온양온천역-생활권-방문-홈케어\index.html","E:\mong-lounge-site\shops\other\asan\영인면\love테라피\index.html","신규"
"love테라피","아산","충남","아산","온양동","E:\mong-lounge-site\massage\other\asan\아산-지역-출장마사지-배방-탕정-온양온천역-생활권-방문-홈케어\index.html","E:\mong-lounge-site\shops\other\asan\온양동\love테라피\index.html","신규"
"love테라피","아산","충남","아산","음봉면","E:\mong-lounge-site\massage\other\asan\아산-지역-출장마사지-배방-탕정-온양온천역-생활권-방문-홈케어\index.html","E:\mong-lounge-site\shops\other\asan\음봉면\love테라피\index.html","신규"
"love테라피","아산","충남","아산","인주면","E:\mong-lounge-site\massage\other\asan\아산-지역-출장마사지-배방-탕정-온양온천역-생활권-방문-홈케어\index.html","E:\mong-lounge-site\shops\other\asan\인주면\love테라피\index.html","신규"
"love테라피","아산","충남","아산","탕정면","E:\mong-lounge-site\massage\other\asan\아산-지역-출장마사지-배방-탕정-온양온천역-생활권-방문-홈케어\index.html","E:\mong-lounge-site\shops\other\asan\탕정면\love테라피\index.html","신규"
"love테라피","천안","충남","천안","광덕면","E:\mong-lounge-site\massage\other\cheonan\dongnam-gu\천안-동남구-출장마사지-동별-생활권-지역안내\index.html","E:\mong-lounge-site\shops\other\cheonan\dongnam-gu\광덕면\love테라피\index.html","신규"
"love테라피","천안","충남","천안","동면","E:\mong-lounge-site\massage\other\cheonan\dongnam-gu\천안-동남구-출장마사지-동별-생활권-지역안내\index.html","E:\mong-lounge-site\shops\other\cheonan\dongnam-gu\동면\love테라피\index.html","신규"
"love테라피","천안","충남","천안","목천읍","E:\mong-lounge-site\massage\other\cheonan\dongnam-gu\천안-동남구-출장마사지-동별-생활권-지역안내\index.html","E:\mong-lounge-site\shops\other\cheonan\dongnam-gu\목천읍\love테라피\index.html","신규"
"love테라피","천안","충남","천안","문성동","E:\mong-lounge-site\massage\other\cheonan\dongnam-gu\천안-동남구-출장마사지-동별-생활권-지역안내\index.html","E:\mong-lounge-site\shops\other\cheonan\dongnam-gu\문성동\love테라피\index.html","신규"
"love테라피","천안","충남","천안","백석동","E:\mong-lounge-site\massage\other\cheonan\dongnam-gu\천안-동남구-출장마사지-동별-생활권-지역안내\index.html","E:\mong-lounge-site\shops\other\cheonan\dongnam-gu\백석동\love테라피\index.html","신규"
"love테라피","천안","충남","천안","병천면","E:\mong-lounge-site\massage\other\cheonan\dongnam-gu\천안-동남구-출장마사지-동별-생활권-지역안내\index.html","E:\mong-lounge-site\shops\other\cheonan\dongnam-gu\병천면\love테라피\index.html","신규"
"love테라피","천안","충남","천안","봉명동","E:\mong-lounge-site\massage\other\cheonan\dongnam-gu\천안-동남구-출장마사지-동별-생활권-지역안내\index.html","E:\mong-lounge-site\shops\other\cheonan\dongnam-gu\봉명동\love테라피\index.html","신규"
"love테라피","천안","충남","천안","부성동","E:\mong-lounge-site\massage\other\cheonan\dongnam-gu\천안-동남구-출장마사지-동별-생활권-지역안내\index.html","E:\mong-lounge-site\shops\other\cheonan\dongnam-gu\부성동\love테라피\index.html","신규"
"love테라피","천안","충남","천안","북면","E:\mong-lounge-site\massage\other\cheonan\dongnam-gu\천안-동남구-출장마사지-동별-생활권-지역안내\index.html","E:\mong-lounge-site\shops\other\cheonan\dongnam-gu\북면\love테라피\index.html","신규"
"love테라피","천안","충남","천안","불당동","E:\mong-lounge-site\massage\other\cheonan\dongnam-gu\천안-동남구-출장마사지-동별-생활권-지역안내\index.html","E:\mong-lounge-site\shops\other\cheonan\dongnam-gu\불당동\love테라피\index.html","신규"
"love테라피","천안","충남","천안","성거읍","E:\mong-lounge-site\massage\other\cheonan\dongnam-gu\천안-동남구-출장마사지-동별-생활권-지역안내\index.html","E:\mong-lounge-site\shops\other\cheonan\dongnam-gu\성거읍\love테라피\index.html","신규"
"love테라피","천안","충남","천안","성남면","E:\mong-lounge-site\massage\other\cheonan\dongnam-gu\천안-동남구-출장마사지-동별-생활권-지역안내\index.html","E:\mong-lounge-site\shops\other\cheonan\dongnam-gu\성남면\love테라피\index.html","신규"
"love테라피","천안","충남","천안","성정동","E:\mong-lounge-site\massage\other\cheonan\dongnam-gu\천안-동남구-출장마사지-동별-생활권-지역안내\index.html","E:\mong-lounge-site\shops\other\cheonan\dongnam-gu\성정동\love테라피\index.html","신규"
"love테라피","천안","충남","천안","성환읍","E:\mong-lounge-site\massage\other\cheonan\dongnam-gu\천안-동남구-출장마사지-동별-생활권-지역안내\index.html","E:\mong-lounge-site\shops\other\cheonan\dongnam-gu\성환읍\love테라피\index.html","신규"
"love테라피","천안","충남","천안","수신면","E:\mong-lounge-site\massage\other\cheonan\dongnam-gu\천안-동남구-출장마사지-동별-생활권-지역안내\index.html","E:\mong-lounge-site\shops\other\cheonan\dongnam-gu\수신면\love테라피\index.html","신규"
"love테라피","천안","충남","천안","신방동","E:\mong-lounge-site\massage\other\cheonan\dongnam-gu\천안-동남구-출장마사지-동별-생활권-지역안내\index.html","E:\mong-lounge-site\shops\other\cheonan\dongnam-gu\신방동\love테라피\index.html","신규"
"love테라피","천안","충남","천안","신안동","E:\mong-lounge-site\massage\other\cheonan\dongnam-gu\천안-동남구-출장마사지-동별-생활권-지역안내\index.html","E:\mong-lounge-site\shops\other\cheonan\dongnam-gu\신안동\love테라피\index.html","신규"
"love테라피","천안","충남","천안","쌍용동","E:\mong-lounge-site\massage\other\cheonan\dongnam-gu\천안-동남구-출장마사지-동별-생활권-지역안내\index.html","E:\mong-lounge-site\shops\other\cheonan\dongnam-gu\쌍용동\love테라피\index.html","신규"
"love테라피","천안","충남","천안","원성동","E:\mong-lounge-site\massage\other\cheonan\dongnam-gu\천안-동남구-출장마사지-동별-생활권-지역안내\index.html","E:\mong-lounge-site\shops\other\cheonan\dongnam-gu\원성동\love테라피\index.html","신규"
"love테라피","천안","충남","천안","일봉동","E:\mong-lounge-site\massage\other\cheonan\dongnam-gu\천안-동남구-출장마사지-동별-생활권-지역안내\index.html","E:\mong-lounge-site\shops\other\cheonan\dongnam-gu\일봉동\love테라피\index.html","신규"
"love테라피","천안","충남","천안","입장면","E:\mong-lounge-site\massage\other\cheonan\dongnam-gu\천안-동남구-출장마사지-동별-생활권-지역안내\index.html","E:\mong-lounge-site\shops\other\cheonan\dongnam-gu\입장면\love테라피\index.html","신규"
"love테라피","천안","충남","천안","중앙동","E:\mong-lounge-site\massage\other\cheonan\dongnam-gu\천안-동남구-출장마사지-동별-생활권-지역안내\index.html","E:\mong-lounge-site\shops\other\cheonan\dongnam-gu\중앙동\love테라피\index.html","신규"
"love테라피","천안","충남","천안","직산읍","E:\mong-lounge-site\massage\other\cheonan\dongnam-gu\천안-동남구-출장마사지-동별-생활권-지역안내\index.html","E:\mong-lounge-site\shops\other\cheonan\dongnam-gu\직산읍\love테라피\index.html","신규"
"love테라피","천안","충남","천안","청룡동","E:\mong-lounge-site\massage\other\cheonan\dongnam-gu\천안-동남구-출장마사지-동별-생활권-지역안내\index.html","E:\mong-lounge-site\shops\other\cheonan\dongnam-gu\청룡동\love테라피\index.html","신규"
"love테라피","천안","충남","천안","풍세면","E:\mong-lounge-site\massage\other\cheonan\dongnam-gu\천안-동남구-출장마사지-동별-생활권-지역안내\index.html","E:\mong-lounge-site\shops\other\cheonan\dongnam-gu\풍세면\love테라피\index.html","신규"
"프리미엄테라피","경기","경기","가평군","가평읍","E:\mong-lounge-site\massage\gyeonggi\gapyeong\가평군-출장마사지-가평읍-청평-설악-여행-숙박과-장시간-이동-다리-허리-피로-방문-홈케어\index.html","E:\mong-lounge-site\shops\gyeonggi\gapyeong\가평읍\프리미엄테라피\index.html","신규"
"프리미엄테라피","경기","경기","가평군","북면","E:\mong-lounge-site\massage\gyeonggi\gapyeong\가평군-출장마사지-가평읍-청평-설악-여행-숙박과-장시간-이동-다리-허리-피로-방문-홈케어\index.html","E:\mong-lounge-site\shops\gyeonggi\gapyeong\북면\프리미엄테라피\index.html","신규"
"프리미엄테라피","경기","경기","가평군","상면","E:\mong-lounge-site\massage\gyeonggi\gapyeong\가평군-출장마사지-가평읍-청평-설악-여행-숙박과-장시간-이동-다리-허리-피로-방문-홈케어\index.html","E:\mong-lounge-site\shops\gyeonggi\gapyeong\상면\프리미엄테라피\index.html","신규"
"프리미엄테라피","경기","경기","가평군","설악면","E:\mong-lounge-site\massage\gyeonggi\gapyeong\가평군-출장마사지-가평읍-청평-설악-여행-숙박과-장시간-이동-다리-허리-피로-방문-홈케어\index.html","E:\mong-lounge-site\shops\gyeonggi\gapyeong\설악면\프리미엄테라피\index.html","신규"
"프리미엄테라피","경기","경기","가평군","조종면","E:\mong-lounge-site\massage\gyeonggi\gapyeong\가평군-출장마사지-가평읍-청평-설악-여행-숙박과-장시간-이동-다리-허리-피로-방문-홈케어\index.html","E:\mong-lounge-site\shops\gyeonggi\gapyeong\조종면\프리미엄테라피\index.html","신규"
"프리미엄테라피","경기","경기","가평군","청평면","E:\mong-lounge-site\massage\gyeonggi\gapyeong\가평군-출장마사지-가평읍-청평-설악-여행-숙박과-장시간-이동-다리-허리-피로-방문-홈케어\index.html","E:\mong-lounge-site\shops\gyeonggi\gapyeong\청평면\프리미엄테라피\index.html","신규"
"프리미엄테라피","경기","경기","고양시","일산동","E:\mong-lounge-site\massage\gyeonggi\goyang\고양시-출장마사지-일산-대화-백석-전시-행사와-장시간-보행-일정-다리-어깨-피로-방문-홈케어\index.html","E:\mong-lounge-site\shops\gyeonggi\goyang\일산동\프리미엄테라피\index.html","신규"
"프리미엄테라피","경기","경기","고양시-덕양구","고양동","E:\mong-lounge-site\massage\gyeonggi\goyang\deogyang-gu\고양시-덕양구-출장마사지-동별-생활권-지역안내\index.html","E:\mong-lounge-site\shops\gyeonggi\goyang\deogyang-gu\고양동\프리미엄테라피\index.html","신규"
"프리미엄테라피","경기","경기","고양시-덕양구","관산동","E:\mong-lounge-site\massage\gyeonggi\goyang\deogyang-gu\고양시-덕양구-출장마사지-동별-생활권-지역안내\index.html","E:\mong-lounge-site\shops\gyeonggi\goyang\deogyang-gu\관산동\프리미엄테라피\index.html","신규"
"프리미엄테라피","경기","경기","고양시-덕양구","능곡동","E:\mong-lounge-site\massage\gyeonggi\goyang\deogyang-gu\고양시-덕양구-출장마사지-동별-생활권-지역안내\index.html","E:\mong-lounge-site\shops\gyeonggi\goyang\deogyang-gu\능곡동\프리미엄테라피\index.html","신규"
"프리미엄테라피","경기","경기","고양시-덕양구","대덕동","E:\mong-lounge-site\massage\gyeonggi\goyang\deogyang-gu\고양시-덕양구-출장마사지-동별-생활권-지역안내\index.html","E:\mong-lounge-site\shops\gyeonggi\goyang\deogyang-gu\대덕동\프리미엄테라피\index.html","신규"
"프리미엄테라피","경기","경기","고양시-덕양구","삼송동","E:\mong-lounge-site\massage\gyeonggi\goyang\deogyang-gu\고양시-덕양구-출장마사지-동별-생활권-지역안내\index.html","E:\mong-lounge-site\shops\gyeonggi\goyang\deogyang-gu\삼송동\프리미엄테라피\index.html","신규"
"프리미엄테라피","경기","경기","고양시-덕양구","성사동","E:\mong-lounge-site\massage\gyeonggi\goyang\deogyang-gu\고양시-덕양구-출장마사지-동별-생활권-지역안내\index.html","E:\mong-lounge-site\shops\gyeonggi\goyang\deogyang-gu\성사동\프리미엄테라피\index.html","신규"
"프리미엄테라피","경기","경기","고양시-덕양구","원신동","E:\mong-lounge-site\massage\gyeonggi\goyang\deogyang-gu\고양시-덕양구-출장마사지-동별-생활권-지역안내\index.html","E:\mong-lounge-site\shops\gyeonggi\goyang\deogyang-gu\원신동\프리미엄테라피\index.html","신규"
"프리미엄테라피","경기","경기","고양시-덕양구","주교동","E:\mong-lounge-site\massage\gyeonggi\goyang\deogyang-gu\고양시-덕양구-출장마사지-동별-생활권-지역안내\index.html","E:\mong-lounge-site\shops\gyeonggi\goyang\deogyang-gu\주교동\프리미엄테라피\index.html","신규"
"프리미엄테라피","경기","경기","고양시-덕양구","창릉동","E:\mong-lounge-site\massage\gyeonggi\goyang\deogyang-gu\고양시-덕양구-출장마사지-동별-생활권-지역안내\index.html","E:\mong-lounge-site\shops\gyeonggi\goyang\deogyang-gu\창릉동\프리미엄테라피\index.html","신규"
"프리미엄테라피","경기","경기","고양시-덕양구","행신동","E:\mong-lounge-site\massage\gyeonggi\goyang\deogyang-gu\고양시-덕양구-출장마사지-동별-생활권-지역안내\index.html","E:\mong-lounge-site\shops\gyeonggi\goyang\deogyang-gu\행신동\프리미엄테라피\index.html","신규"
"프리미엄테라피","경기","경기","고양시-덕양구","행주동","E:\mong-lounge-site\massage\gyeonggi\goyang\deogyang-gu\고양시-덕양구-출장마사지-동별-생활권-지역안내\index.html","E:\mong-lounge-site\shops\gyeonggi\goyang\deogyang-gu\행주동\프리미엄테라피\index.html","신규"
"프리미엄테라피","경기","경기","고양시-덕양구","화전동","E:\mong-lounge-site\massage\gyeonggi\goyang\deogyang-gu\고양시-덕양구-출장마사지-동별-생활권-지역안내\index.html","E:\mong-lounge-site\shops\gyeonggi\goyang\deogyang-gu\화전동\프리미엄테라피\index.html","신규"
"프리미엄테라피","경기","경기","고양시-덕양구","화정동","E:\mong-lounge-site\massage\gyeonggi\goyang\deogyang-gu\고양시-덕양구-출장마사지-동별-생활권-지역안내\index.html","E:\mong-lounge-site\shops\gyeonggi\goyang\deogyang-gu\화정동\프리미엄테라피\index.html","신규"
"프리미엄테라피","경기","경기","고양시-덕양구","효자동","E:\mong-lounge-site\massage\gyeonggi\goyang\deogyang-gu\고양시-덕양구-출장마사지-동별-생활권-지역안내\index.html","E:\mong-lounge-site\shops\gyeonggi\goyang\deogyang-gu\효자동\프리미엄테라피\index.html","신규"
"프리미엄테라피","경기","경기","고양시-덕양구","흥도동","E:\mong-lounge-site\massage\gyeonggi\goyang\deogyang-gu\고양시-덕양구-출장마사지-동별-생활권-지역안내\index.html","E:\mong-lounge-site\shops\gyeonggi\goyang\deogyang-gu\흥도동\프리미엄테라피\index.html","신규"
"프리미엄테라피","경기","경기","고양시-일산동구","고봉동","E:\mong-lounge-site\massage\gyeonggi\goyang\ilsandong-gu\고양시-일산동구-출장마사지-동별-생활권-지역안내\index.html","E:\mong-lounge-site\shops\gyeonggi\goyang\ilsandong-gu\고봉동\프리미엄테라피\index.html","신규"
"프리미엄테라피","경기","경기","고양시-일산동구","마두동","E:\mong-lounge-site\massage\gyeonggi\goyang\ilsandong-gu\고양시-일산동구-출장마사지-동별-생활권-지역안내\index.html","E:\mong-lounge-site\shops\gyeonggi\goyang\ilsandong-gu\마두동\프리미엄테라피\index.html","신규"
"프리미엄테라피","경기","경기","고양시-일산동구","백석동","E:\mong-lounge-site\massage\gyeonggi\goyang\ilsandong-gu\고양시-일산동구-출장마사지-동별-생활권-지역안내\index.html","E:\mong-lounge-site\shops\gyeonggi\goyang\ilsandong-gu\백석동\프리미엄테라피\index.html","신규"
"프리미엄테라피","경기","경기","고양시-일산동구","식사동","E:\mong-lounge-site\massage\gyeonggi\goyang\ilsandong-gu\고양시-일산동구-출장마사지-동별-생활권-지역안내\index.html","E:\mong-lounge-site\shops\gyeonggi\goyang\ilsandong-gu\식사동\프리미엄테라피\index.html","신규"
"프리미엄테라피","경기","경기","고양시-일산동구","장항동","E:\mong-lounge-site\massage\gyeonggi\goyang\ilsandong-gu\고양시-일산동구-출장마사지-동별-생활권-지역안내\index.html","E:\mong-lounge-site\shops\gyeonggi\goyang\ilsandong-gu\장항동\프리미엄테라피\index.html","신규"
"프리미엄테라피","경기","경기","고양시-일산동구","정발산동","E:\mong-lounge-site\massage\gyeonggi\goyang\ilsandong-gu\고양시-일산동구-출장마사지-동별-생활권-지역안내\index.html","E:\mong-lounge-site\shops\gyeonggi\goyang\ilsandong-gu\정발산동\프리미엄테라피\index.html","신규"
"프리미엄테라피","경기","경기","고양시-일산동구","중산동","E:\mong-lounge-site\massage\gyeonggi\goyang\ilsandong-gu\고양시-일산동구-출장마사지-동별-생활권-지역안내\index.html","E:\mong-lounge-site\shops\gyeonggi\goyang\ilsandong-gu\중산동\프리미엄테라피\index.html","신규"
"프리미엄테라피","경기","경기","고양시-일산동구","풍산동","E:\mong-lounge-site\massage\gyeonggi\goyang\ilsandong-gu\고양시-일산동구-출장마사지-동별-생활권-지역안내\index.html","E:\mong-lounge-site\shops\gyeonggi\goyang\ilsandong-gu\풍산동\프리미엄테라피\index.html","신규"
"프리미엄테라피","경기","경기","고양시-일산서구","가좌동","E:\mong-lounge-site\massage\gyeonggi\goyang\ilsanseo-gu\고양시-일산서구-출장마사지-동별-생활권-지역안내\index.html","E:\mong-lounge-site\shops\gyeonggi\goyang\ilsanseo-gu\가좌동\프리미엄테라피\index.html","신규"
"프리미엄테라피","경기","경기","고양시-일산서구","대화동","E:\mong-lounge-site\massage\gyeonggi\goyang\ilsanseo-gu\고양시-일산서구-출장마사지-동별-생활권-지역안내\index.html","E:\mong-lounge-site\shops\gyeonggi\goyang\ilsanseo-gu\대화동\프리미엄테라피\index.html","신규"
"프리미엄테라피","경기","경기","고양시-일산서구","덕이동","E:\mong-lounge-site\massage\gyeonggi\goyang\ilsanseo-gu\고양시-일산서구-출장마사지-동별-생활권-지역안내\index.html","E:\mong-lounge-site\shops\gyeonggi\goyang\ilsanseo-gu\덕이동\프리미엄테라피\index.html","신규"
"프리미엄테라피","경기","경기","고양시-일산서구","송포동","E:\mong-lounge-site\massage\gyeonggi\goyang\ilsanseo-gu\고양시-일산서구-출장마사지-동별-생활권-지역안내\index.html","E:\mong-lounge-site\shops\gyeonggi\goyang\ilsanseo-gu\송포동\프리미엄테라피\index.html","신규"
"프리미엄테라피","경기","경기","고양시-일산서구","일산동","E:\mong-lounge-site\massage\gyeonggi\goyang\ilsanseo-gu\고양시-일산서구-출장마사지-동별-생활권-지역안내\index.html","E:\mong-lounge-site\shops\gyeonggi\goyang\ilsanseo-gu\일산동\프리미엄테라피\index.html","신규"
"프리미엄테라피","경기","경기","고양시-일산서구","주엽동","E:\mong-lounge-site\massage\gyeonggi\goyang\ilsanseo-gu\고양시-일산서구-출장마사지-동별-생활권-지역안내\index.html","E:\mong-lounge-site\shops\gyeonggi\goyang\ilsanseo-gu\주엽동\프리미엄테라피\index.html","신규"
"프리미엄테라피","경기","경기","고양시-일산서구","탄현동","E:\mong-lounge-site\massage\gyeonggi\goyang\ilsanseo-gu\고양시-일산서구-출장마사지-동별-생활권-지역안내\index.html","E:\mong-lounge-site\shops\gyeonggi\goyang\ilsanseo-gu\탄현동\프리미엄테라피\index.html","신규"
"프리미엄테라피","경기","경기","과천시","갈현동","E:\mong-lounge-site\massage\gyeonggi\gwacheon\과천시-출장마사지-중앙-별양-정부과천청사-오피스-통근과-회의-일정-목-어깨-피로-방문-홈케어\index.html","E:\mong-lounge-site\shops\gyeonggi\gwacheon\갈현동\프리미엄테라피\index.html","신규"
"프리미엄테라피","경기","경기","과천시","과천동","E:\mong-lounge-site\massage\gyeonggi\gwacheon\과천시-출장마사지-중앙-별양-정부과천청사-오피스-통근과-회의-일정-목-어깨-피로-방문-홈케어\index.html","E:\mong-lounge-site\shops\gyeonggi\gwacheon\과천동\프리미엄테라피\index.html","신규"
"프리미엄테라피","경기","경기","과천시","문원동","E:\mong-lounge-site\massage\gyeonggi\gwacheon\과천시-출장마사지-중앙-별양-정부과천청사-오피스-통근과-회의-일정-목-어깨-피로-방문-홈케어\index.html","E:\mong-lounge-site\shops\gyeonggi\gwacheon\문원동\프리미엄테라피\index.html","신규"
"프리미엄테라피","경기","경기","과천시","별양동","E:\mong-lounge-site\massage\gyeonggi\gwacheon\과천시-출장마사지-중앙-별양-정부과천청사-오피스-통근과-회의-일정-목-어깨-피로-방문-홈케어\index.html","E:\mong-lounge-site\shops\gyeonggi\gwacheon\별양동\프리미엄테라피\index.html","신규"
"프리미엄테라피","경기","경기","과천시","부림동","E:\mong-lounge-site\massage\gyeonggi\gwacheon\과천시-출장마사지-중앙-별양-정부과천청사-오피스-통근과-회의-일정-목-어깨-피로-방문-홈케어\index.html","E:\mong-lounge-site\shops\gyeonggi\gwacheon\부림동\프리미엄테라피\index.html","신규"
"프리미엄테라피","경기","경기","과천시","원문동","E:\mong-lounge-site\massage\gyeonggi\gwacheon\과천시-출장마사지-중앙-별양-정부과천청사-오피스-통근과-회의-일정-목-어깨-피로-방문-홈케어\index.html","E:\mong-lounge-site\shops\gyeonggi\gwacheon\원문동\프리미엄테라피\index.html","신규"
"프리미엄테라피","경기","경기","과천시","중앙동","E:\mong-lounge-site\massage\gyeonggi\gwacheon\과천시-출장마사지-중앙-별양-정부과천청사-오피스-통근과-회의-일정-목-어깨-피로-방문-홈케어\index.html","E:\mong-lounge-site\shops\gyeonggi\gwacheon\중앙동\프리미엄테라피\index.html","신규"
"프리미엄테라피","경기","경기","광명시","광명동","E:\mong-lounge-site\massage\gyeonggi\gwangmyeong\광명시-출장마사지-광명역-철산-하안-출장과-광역-이동이-겹친-날-다리-허리-피로-방문-홈케어\index.html","E:\mong-lounge-site\shops\gyeonggi\gwangmyeong\광명동\프리미엄테라피\index.html","신규"
"프리미엄테라피","경기","경기","광명시","소하동","E:\mong-lounge-site\massage\gyeonggi\gwangmyeong\광명시-출장마사지-광명역-철산-하안-출장과-광역-이동이-겹친-날-다리-허리-피로-방문-홈케어\index.html","E:\mong-lounge-site\shops\gyeonggi\gwangmyeong\소하동\프리미엄테라피\index.html","신규"
"프리미엄테라피","경기","경기","광명시","일직동","E:\mong-lounge-site\massage\gyeonggi\gwangmyeong\광명시-출장마사지-광명역-철산-하안-출장과-광역-이동이-겹친-날-다리-허리-피로-방문-홈케어\index.html","E:\mong-lounge-site\shops\gyeonggi\gwangmyeong\일직동\프리미엄테라피\index.html","신규"
"프리미엄테라피","경기","경기","광명시","철산동","E:\mong-lounge-site\massage\gyeonggi\gwangmyeong\광명시-출장마사지-광명역-철산-하안-출장과-광역-이동이-겹친-날-다리-허리-피로-방문-홈케어\index.html","E:\mong-lounge-site\shops\gyeonggi\gwangmyeong\철산동\프리미엄테라피\index.html","신규"
"프리미엄테라피","경기","경기","광명시","하안동","E:\mong-lounge-site\massage\gyeonggi\gwangmyeong\광명시-출장마사지-광명역-철산-하안-출장과-광역-이동이-겹친-날-다리-허리-피로-방문-홈케어\index.html","E:\mong-lounge-site\shops\gyeonggi\gwangmyeong\하안동\프리미엄테라피\index.html","신규"
"프리미엄테라피","경기","경기","광명시","학온동","E:\mong-lounge-site\massage\gyeonggi\gwangmyeong\광명시-출장마사지-광명역-철산-하안-출장과-광역-이동이-겹친-날-다리-허리-피로-방문-홈케어\index.html","E:\mong-lounge-site\shops\gyeonggi\gwangmyeong\학온동\프리미엄테라피\index.html","신규"
"프리미엄테라피","경기","경기","광주시","경안동","E:\mong-lounge-site\massage\gyeonggi\gwangju-gyeonggi\광주시-출장마사지-태전-경안-곤지암-차량-이동과-생활권-이동이-긴-날-허리-어깨-피로-방문-홈케어\index.html","E:\mong-lounge-site\shops\gyeonggi\gwangju-gyeonggi\경안동\프리미엄테라피\index.html","신규"
"프리미엄테라피","경기","경기","광주시","곤지암읍","E:\mong-lounge-site\massage\gyeonggi\gwangju-gyeonggi\광주시-출장마사지-태전-경안-곤지암-차량-이동과-생활권-이동이-긴-날-허리-어깨-피로-방문-홈케어\index.html","E:\mong-lounge-site\shops\gyeonggi\gwangju-gyeonggi\곤지암읍\프리미엄테라피\index.html","신규"
"프리미엄테라피","경기","경기","광주시","광남동","E:\mong-lounge-site\massage\gyeonggi\gwangju-gyeonggi\광주시-출장마사지-태전-경안-곤지암-차량-이동과-생활권-이동이-긴-날-허리-어깨-피로-방문-홈케어\index.html","E:\mong-lounge-site\shops\gyeonggi\gwangju-gyeonggi\광남동\프리미엄테라피\index.html","신규"
"프리미엄테라피","경기","경기","광주시","남종면","E:\mong-lounge-site\massage\gyeonggi\gwangju-gyeonggi\광주시-출장마사지-태전-경안-곤지암-차량-이동과-생활권-이동이-긴-날-허리-어깨-피로-방문-홈케어\index.html","E:\mong-lounge-site\shops\gyeonggi\gwangju-gyeonggi\남종면\프리미엄테라피\index.html","신규"
"프리미엄테라피","경기","경기","광주시","남한산성면","E:\mong-lounge-site\massage\gyeonggi\gwangju-gyeonggi\광주시-출장마사지-태전-경안-곤지암-차량-이동과-생활권-이동이-긴-날-허리-어깨-피로-방문-홈케어\index.html","E:\mong-lounge-site\shops\gyeonggi\gwangju-gyeonggi\남한산성면\프리미엄테라피\index.html","신규"
"프리미엄테라피","경기","경기","광주시","능평동","E:\mong-lounge-site\massage\gyeonggi\gwangju-gyeonggi\광주시-출장마사지-태전-경안-곤지암-차량-이동과-생활권-이동이-긴-날-허리-어깨-피로-방문-홈케어\index.html","E:\mong-lounge-site\shops\gyeonggi\gwangju-gyeonggi\능평동\프리미엄테라피\index.html","신규"
"프리미엄테라피","경기","경기","광주시","도척면","E:\mong-lounge-site\massage\gyeonggi\gwangju-gyeonggi\광주시-출장마사지-태전-경안-곤지암-차량-이동과-생활권-이동이-긴-날-허리-어깨-피로-방문-홈케어\index.html","E:\mong-lounge-site\shops\gyeonggi\gwangju-gyeonggi\도척면\프리미엄테라피\index.html","신규"
"프리미엄테라피","경기","경기","광주시","송정동","E:\mong-lounge-site\massage\gyeonggi\gwangju-gyeonggi\광주시-출장마사지-태전-경안-곤지암-차량-이동과-생활권-이동이-긴-날-허리-어깨-피로-방문-홈케어\index.html","E:\mong-lounge-site\shops\gyeonggi\gwangju-gyeonggi\송정동\프리미엄테라피\index.html","신규"
"프리미엄테라피","경기","경기","광주시","신현동","E:\mong-lounge-site\massage\gyeonggi\gwangju-gyeonggi\광주시-출장마사지-태전-경안-곤지암-차량-이동과-생활권-이동이-긴-날-허리-어깨-피로-방문-홈케어\index.html","E:\mong-lounge-site\shops\gyeonggi\gwangju-gyeonggi\신현동\프리미엄테라피\index.html","신규"
"프리미엄테라피","경기","경기","광주시","쌍령동","E:\mong-lounge-site\massage\gyeonggi\gwangju-gyeonggi\광주시-출장마사지-태전-경안-곤지암-차량-이동과-생활권-이동이-긴-날-허리-어깨-피로-방문-홈케어\index.html","E:\mong-lounge-site\shops\gyeonggi\gwangju-gyeonggi\쌍령동\프리미엄테라피\index.html","신규"
"프리미엄테라피","경기","경기","광주시","오포동","E:\mong-lounge-site\massage\gyeonggi\gwangju-gyeonggi\광주시-출장마사지-태전-경안-곤지암-차량-이동과-생활권-이동이-긴-날-허리-어깨-피로-방문-홈케어\index.html","E:\mong-lounge-site\shops\gyeonggi\gwangju-gyeonggi\오포동\프리미엄테라피\index.html","신규"
"프리미엄테라피","경기","경기","광주시","초월읍","E:\mong-lounge-site\massage\gyeonggi\gwangju-gyeonggi\광주시-출장마사지-태전-경안-곤지암-차량-이동과-생활권-이동이-긴-날-허리-어깨-피로-방문-홈케어\index.html","E:\mong-lounge-site\shops\gyeonggi\gwangju-gyeonggi\초월읍\프리미엄테라피\index.html","신규"
"프리미엄테라피","경기","경기","광주시","탄벌동","E:\mong-lounge-site\massage\gyeonggi\gwangju-gyeonggi\광주시-출장마사지-태전-경안-곤지암-차량-이동과-생활권-이동이-긴-날-허리-어깨-피로-방문-홈케어\index.html","E:\mong-lounge-site\shops\gyeonggi\gwangju-gyeonggi\탄벌동\프리미엄테라피\index.html","신규"
"프리미엄테라피","경기","경기","광주시","퇴촌면","E:\mong-lounge-site\massage\gyeonggi\gwangju-gyeonggi\광주시-출장마사지-태전-경안-곤지암-차량-이동과-생활권-이동이-긴-날-허리-어깨-피로-방문-홈케어\index.html","E:\mong-lounge-site\shops\gyeonggi\gwangju-gyeonggi\퇴촌면\프리미엄테라피\index.html","신규"
"프리미엄테라피","경기","경기","구리시","갈매동","E:\mong-lounge-site\massage\gyeonggi\guri\구리시-출장마사지-인창-갈매-수택-서울-통근과-생활-이동이-긴-날-목-허리-피로-방문-홈케어\index.html","E:\mong-lounge-site\shops\gyeonggi\guri\갈매동\프리미엄테라피\index.html","신규"
"프리미엄테라피","경기","경기","구리시","교문동","E:\mong-lounge-site\massage\gyeonggi\guri\구리시-출장마사지-인창-갈매-수택-서울-통근과-생활-이동이-긴-날-목-허리-피로-방문-홈케어\index.html","E:\mong-lounge-site\shops\gyeonggi\guri\교문동\프리미엄테라피\index.html","신규"
"프리미엄테라피","경기","경기","구리시","동구동","E:\mong-lounge-site\massage\gyeonggi\guri\구리시-출장마사지-인창-갈매-수택-서울-통근과-생활-이동이-긴-날-목-허리-피로-방문-홈케어\index.html","E:\mong-lounge-site\shops\gyeonggi\guri\동구동\프리미엄테라피\index.html","신규"
"프리미엄테라피","경기","경기","구리시","수택동","E:\mong-lounge-site\massage\gyeonggi\guri\구리시-출장마사지-인창-갈매-수택-서울-통근과-생활-이동이-긴-날-목-허리-피로-방문-홈케어\index.html","E:\mong-lounge-site\shops\gyeonggi\guri\수택동\프리미엄테라피\index.html","신규"
"프리미엄테라피","경기","경기","구리시","인창동","E:\mong-lounge-site\massage\gyeonggi\guri\구리시-출장마사지-인창-갈매-수택-서울-통근과-생활-이동이-긴-날-목-허리-피로-방문-홈케어\index.html","E:\mong-lounge-site\shops\gyeonggi\guri\인창동\프리미엄테라피\index.html","신규"
"프리미엄테라피","경기","경기","군포시","광정동","E:\mong-lounge-site\massage\gyeonggi\gunpo\군포시-출장마사지-산본-금정-당동-지하철-통근과-장시간-보행-다리-허리-피로-방문-홈케어\index.html","E:\mong-lounge-site\shops\gyeonggi\gunpo\광정동\프리미엄테라피\index.html","신규"
"프리미엄테라피","경기","경기","군포시","군포동","E:\mong-lounge-site\massage\gyeonggi\gunpo\군포시-출장마사지-산본-금정-당동-지하철-통근과-장시간-보행-다리-허리-피로-방문-홈케어\index.html","E:\mong-lounge-site\shops\gyeonggi\gunpo\군포동\프리미엄테라피\index.html","신규"
"프리미엄테라피","경기","경기","군포시","궁내동","E:\mong-lounge-site\massage\gyeonggi\gunpo\군포시-출장마사지-산본-금정-당동-지하철-통근과-장시간-보행-다리-허리-피로-방문-홈케어\index.html","E:\mong-lounge-site\shops\gyeonggi\gunpo\궁내동\프리미엄테라피\index.html","신규"
"프리미엄테라피","경기","경기","군포시","금정동","E:\mong-lounge-site\massage\gyeonggi\gunpo\군포시-출장마사지-산본-금정-당동-지하철-통근과-장시간-보행-다리-허리-피로-방문-홈케어\index.html","E:\mong-lounge-site\shops\gyeonggi\gunpo\금정동\프리미엄테라피\index.html","신규"
"프리미엄테라피","경기","경기","군포시","대야동","E:\mong-lounge-site\massage\gyeonggi\gunpo\군포시-출장마사지-산본-금정-당동-지하철-통근과-장시간-보행-다리-허리-피로-방문-홈케어\index.html","E:\mong-lounge-site\shops\gyeonggi\gunpo\대야동\프리미엄테라피\index.html","신규"
"프리미엄테라피","경기","경기","군포시","산본동","E:\mong-lounge-site\massage\gyeonggi\gunpo\군포시-출장마사지-산본-금정-당동-지하철-통근과-장시간-보행-다리-허리-피로-방문-홈케어\index.html","E:\mong-lounge-site\shops\gyeonggi\gunpo\산본동\프리미엄테라피\index.html","신규"
"프리미엄테라피","경기","경기","군포시","송부동","E:\mong-lounge-site\massage\gyeonggi\gunpo\군포시-출장마사지-산본-금정-당동-지하철-통근과-장시간-보행-다리-허리-피로-방문-홈케어\index.html","E:\mong-lounge-site\shops\gyeonggi\gunpo\송부동\프리미엄테라피\index.html","신규"
"프리미엄테라피","경기","경기","군포시","수리동","E:\mong-lounge-site\massage\gyeonggi\gunpo\군포시-출장마사지-산본-금정-당동-지하철-통근과-장시간-보행-다리-허리-피로-방문-홈케어\index.html","E:\mong-lounge-site\shops\gyeonggi\gunpo\수리동\프리미엄테라피\index.html","신규"
"프리미엄테라피","경기","경기","군포시","오금동","E:\mong-lounge-site\massage\gyeonggi\gunpo\군포시-출장마사지-산본-금정-당동-지하철-통근과-장시간-보행-다리-허리-피로-방문-홈케어\index.html","E:\mong-lounge-site\shops\gyeonggi\gunpo\오금동\프리미엄테라피\index.html","신규"
"프리미엄테라피","경기","경기","군포시","재궁동","E:\mong-lounge-site\massage\gyeonggi\gunpo\군포시-출장마사지-산본-금정-당동-지하철-통근과-장시간-보행-다리-허리-피로-방문-홈케어\index.html","E:\mong-lounge-site\shops\gyeonggi\gunpo\재궁동\프리미엄테라피\index.html","신규"
"프리미엄테라피","경기","경기","김포시","고촌읍","E:\mong-lounge-site\massage\gyeonggi\gimpo\김포시-출장마사지-장기-구래-마산-신도시-통근과-대중교통-이동-어깨-다리-피로-방문-홈케어\index.html","E:\mong-lounge-site\shops\gyeonggi\gimpo\고촌읍\프리미엄테라피\index.html","신규"
"프리미엄테라피","경기","경기","김포시","구래동","E:\mong-lounge-site\massage\gyeonggi\gimpo\김포시-출장마사지-장기-구래-마산-신도시-통근과-대중교통-이동-어깨-다리-피로-방문-홈케어\index.html","E:\mong-lounge-site\shops\gyeonggi\gimpo\구래동\프리미엄테라피\index.html","신규"
"프리미엄테라피","경기","경기","김포시","김포본동","E:\mong-lounge-site\massage\gyeonggi\gimpo\김포시-출장마사지-장기-구래-마산-신도시-통근과-대중교통-이동-어깨-다리-피로-방문-홈케어\index.html","E:\mong-lounge-site\shops\gyeonggi\gimpo\김포본동\프리미엄테라피\index.html","신규"
"프리미엄테라피","경기","경기","김포시","대곶면","E:\mong-lounge-site\massage\gyeonggi\gimpo\김포시-출장마사지-장기-구래-마산-신도시-통근과-대중교통-이동-어깨-다리-피로-방문-홈케어\index.html","E:\mong-lounge-site\shops\gyeonggi\gimpo\대곶면\프리미엄테라피\index.html","신규"
"프리미엄테라피","경기","경기","김포시","마산동","E:\mong-lounge-site\massage\gyeonggi\gimpo\김포시-출장마사지-장기-구래-마산-신도시-통근과-대중교통-이동-어깨-다리-피로-방문-홈케어\index.html","E:\mong-lounge-site\shops\gyeonggi\gimpo\마산동\프리미엄테라피\index.html","신규"
"프리미엄테라피","경기","경기","김포시","사우동","E:\mong-lounge-site\massage\gyeonggi\gimpo\김포시-출장마사지-장기-구래-마산-신도시-통근과-대중교통-이동-어깨-다리-피로-방문-홈케어\index.html","E:\mong-lounge-site\shops\gyeonggi\gimpo\사우동\프리미엄테라피\index.html","신규"
"프리미엄테라피","경기","경기","김포시","양촌읍","E:\mong-lounge-site\massage\gyeonggi\gimpo\김포시-출장마사지-장기-구래-마산-신도시-통근과-대중교통-이동-어깨-다리-피로-방문-홈케어\index.html","E:\mong-lounge-site\shops\gyeonggi\gimpo\양촌읍\프리미엄테라피\index.html","신규"
"프리미엄테라피","경기","경기","김포시","운양동","E:\mong-lounge-site\massage\gyeonggi\gimpo\김포시-출장마사지-장기-구래-마산-신도시-통근과-대중교통-이동-어깨-다리-피로-방문-홈케어\index.html","E:\mong-lounge-site\shops\gyeonggi\gimpo\운양동\프리미엄테라피\index.html","신규"
"프리미엄테라피","경기","경기","김포시","월곶면","E:\mong-lounge-site\massage\gyeonggi\gimpo\김포시-출장마사지-장기-구래-마산-신도시-통근과-대중교통-이동-어깨-다리-피로-방문-홈케어\index.html","E:\mong-lounge-site\shops\gyeonggi\gimpo\월곶면\프리미엄테라피\index.html","신규"
"프리미엄테라피","경기","경기","김포시","장기동","E:\mong-lounge-site\massage\gyeonggi\gimpo\김포시-출장마사지-장기-구래-마산-신도시-통근과-대중교통-이동-어깨-다리-피로-방문-홈케어\index.html","E:\mong-lounge-site\shops\gyeonggi\gimpo\장기동\프리미엄테라피\index.html","신규"
"프리미엄테라피","경기","경기","김포시","장기본동","E:\mong-lounge-site\massage\gyeonggi\gimpo\김포시-출장마사지-장기-구래-마산-신도시-통근과-대중교통-이동-어깨-다리-피로-방문-홈케어\index.html","E:\mong-lounge-site\shops\gyeonggi\gimpo\장기본동\프리미엄테라피\index.html","신규"
"프리미엄테라피","경기","경기","김포시","통진읍","E:\mong-lounge-site\massage\gyeonggi\gimpo\김포시-출장마사지-장기-구래-마산-신도시-통근과-대중교통-이동-어깨-다리-피로-방문-홈케어\index.html","E:\mong-lounge-site\shops\gyeonggi\gimpo\통진읍\프리미엄테라피\index.html","신규"
"프리미엄테라피","경기","경기","김포시","풍무동","E:\mong-lounge-site\massage\gyeonggi\gimpo\김포시-출장마사지-장기-구래-마산-신도시-통근과-대중교통-이동-어깨-다리-피로-방문-홈케어\index.html","E:\mong-lounge-site\shops\gyeonggi\gimpo\풍무동\프리미엄테라피\index.html","신규"
"프리미엄테라피","경기","경기","김포시","하성면","E:\mong-lounge-site\massage\gyeonggi\gimpo\김포시-출장마사지-장기-구래-마산-신도시-통근과-대중교통-이동-어깨-다리-피로-방문-홈케어\index.html","E:\mong-lounge-site\shops\gyeonggi\gimpo\하성면\프리미엄테라피\index.html","신규"
"프리미엄테라피","경기","경기","남양주시","금곡동","E:\mong-lounge-site\massage\gyeonggi\namyangju\남양주시-출장마사지-다산-별내-진접-차량-이동과-외곽-통근이-긴-날-허리-다리-피로-방문-홈케어\index.html","E:\mong-lounge-site\shops\gyeonggi\namyangju\금곡동\프리미엄테라피\index.html","신규"
"프리미엄테라피","경기","경기","남양주시","다산동","E:\mong-lounge-site\massage\gyeonggi\namyangju\남양주시-출장마사지-다산-별내-진접-차량-이동과-외곽-통근이-긴-날-허리-다리-피로-방문-홈케어\index.html","E:\mong-lounge-site\shops\gyeonggi\namyangju\다산동\프리미엄테라피\index.html","신규"
"프리미엄테라피","경기","경기","남양주시","별내동","E:\mong-lounge-site\massage\gyeonggi\namyangju\남양주시-출장마사지-다산-별내-진접-차량-이동과-외곽-통근이-긴-날-허리-다리-피로-방문-홈케어\index.html","E:\mong-lounge-site\shops\gyeonggi\namyangju\별내동\프리미엄테라피\index.html","신규"
"프리미엄테라피","경기","경기","남양주시","별내면","E:\mong-lounge-site\massage\gyeonggi\namyangju\남양주시-출장마사지-다산-별내-진접-차량-이동과-외곽-통근이-긴-날-허리-다리-피로-방문-홈케어\index.html","E:\mong-lounge-site\shops\gyeonggi\namyangju\별내면\프리미엄테라피\index.html","신규"
"프리미엄테라피","경기","경기","남양주시","수동면","E:\mong-lounge-site\massage\gyeonggi\namyangju\남양주시-출장마사지-다산-별내-진접-차량-이동과-외곽-통근이-긴-날-허리-다리-피로-방문-홈케어\index.html","E:\mong-lounge-site\shops\gyeonggi\namyangju\수동면\프리미엄테라피\index.html","신규"
"프리미엄테라피","경기","경기","남양주시","양정동","E:\mong-lounge-site\massage\gyeonggi\namyangju\남양주시-출장마사지-다산-별내-진접-차량-이동과-외곽-통근이-긴-날-허리-다리-피로-방문-홈케어\index.html","E:\mong-lounge-site\shops\gyeonggi\namyangju\양정동\프리미엄테라피\index.html","신규"
"프리미엄테라피","경기","경기","남양주시","오남읍","E:\mong-lounge-site\massage\gyeonggi\namyangju\남양주시-출장마사지-다산-별내-진접-차량-이동과-외곽-통근이-긴-날-허리-다리-피로-방문-홈케어\index.html","E:\mong-lounge-site\shops\gyeonggi\namyangju\오남읍\프리미엄테라피\index.html","신규"
"프리미엄테라피","경기","경기","남양주시","와부읍","E:\mong-lounge-site\massage\gyeonggi\namyangju\남양주시-출장마사지-다산-별내-진접-차량-이동과-외곽-통근이-긴-날-허리-다리-피로-방문-홈케어\index.html","E:\mong-lounge-site\shops\gyeonggi\namyangju\와부읍\프리미엄테라피\index.html","신규"
"프리미엄테라피","경기","경기","남양주시","조안면","E:\mong-lounge-site\massage\gyeonggi\namyangju\남양주시-출장마사지-다산-별내-진접-차량-이동과-외곽-통근이-긴-날-허리-다리-피로-방문-홈케어\index.html","E:\mong-lounge-site\shops\gyeonggi\namyangju\조안면\프리미엄테라피\index.html","신규"
"프리미엄테라피","경기","경기","남양주시","진건읍","E:\mong-lounge-site\massage\gyeonggi\namyangju\남양주시-출장마사지-다산-별내-진접-차량-이동과-외곽-통근이-긴-날-허리-다리-피로-방문-홈케어\index.html","E:\mong-lounge-site\shops\gyeonggi\namyangju\진건읍\프리미엄테라피\index.html","신규"
"프리미엄테라피","경기","경기","남양주시","진접읍","E:\mong-lounge-site\massage\gyeonggi\namyangju\남양주시-출장마사지-다산-별내-진접-차량-이동과-외곽-통근이-긴-날-허리-다리-피로-방문-홈케어\index.html","E:\mong-lounge-site\shops\gyeonggi\namyangju\진접읍\프리미엄테라피\index.html","신규"
"프리미엄테라피","경기","경기","남양주시","퇴계원읍","E:\mong-lounge-site\massage\gyeonggi\namyangju\남양주시-출장마사지-다산-별내-진접-차량-이동과-외곽-통근이-긴-날-허리-다리-피로-방문-홈케어\index.html","E:\mong-lounge-site\shops\gyeonggi\namyangju\퇴계원읍\프리미엄테라피\index.html","신규"
"프리미엄테라피","경기","경기","남양주시","평내동","E:\mong-lounge-site\massage\gyeonggi\namyangju\남양주시-출장마사지-다산-별내-진접-차량-이동과-외곽-통근이-긴-날-허리-다리-피로-방문-홈케어\index.html","E:\mong-lounge-site\shops\gyeonggi\namyangju\평내동\프리미엄테라피\index.html","신규"
"프리미엄테라피","경기","경기","남양주시","호평동","E:\mong-lounge-site\massage\gyeonggi\namyangju\남양주시-출장마사지-다산-별내-진접-차량-이동과-외곽-통근이-긴-날-허리-다리-피로-방문-홈케어\index.html","E:\mong-lounge-site\shops\gyeonggi\namyangju\호평동\프리미엄테라피\index.html","신규"
"프리미엄테라피","경기","경기","남양주시","화도읍","E:\mong-lounge-site\massage\gyeonggi\namyangju\남양주시-출장마사지-다산-별내-진접-차량-이동과-외곽-통근이-긴-날-허리-다리-피로-방문-홈케어\index.html","E:\mong-lounge-site\shops\gyeonggi\namyangju\화도읍\프리미엄테라피\index.html","신규"
"프리미엄테라피","경기","경기","동두천시","보산동","E:\mong-lounge-site\massage\gyeonggi\dongducheon\동두천시-출장마사지-지행-생연-보산-광역-통근과-생활-이동이-긴-날-어깨-허리-피로-방문-홈케어\index.html","E:\mong-lounge-site\shops\gyeonggi\dongducheon\보산동\프리미엄테라피\index.html","신규"
"프리미엄테라피","경기","경기","동두천시","불현동","E:\mong-lounge-site\massage\gyeonggi\dongducheon\동두천시-출장마사지-지행-생연-보산-광역-통근과-생활-이동이-긴-날-어깨-허리-피로-방문-홈케어\index.html","E:\mong-lounge-site\shops\gyeonggi\dongducheon\불현동\프리미엄테라피\index.html","신규"
"프리미엄테라피","경기","경기","동두천시","상패동","E:\mong-lounge-site\massage\gyeonggi\dongducheon\동두천시-출장마사지-지행-생연-보산-광역-통근과-생활-이동이-긴-날-어깨-허리-피로-방문-홈케어\index.html","E:\mong-lounge-site\shops\gyeonggi\dongducheon\상패동\프리미엄테라피\index.html","신규"
"프리미엄테라피","경기","경기","동두천시","생연동","E:\mong-lounge-site\massage\gyeonggi\dongducheon\동두천시-출장마사지-지행-생연-보산-광역-통근과-생활-이동이-긴-날-어깨-허리-피로-방문-홈케어\index.html","E:\mong-lounge-site\shops\gyeonggi\dongducheon\생연동\프리미엄테라피\index.html","신규"
"프리미엄테라피","경기","경기","동두천시","소요동","E:\mong-lounge-site\massage\gyeonggi\dongducheon\동두천시-출장마사지-지행-생연-보산-광역-통근과-생활-이동이-긴-날-어깨-허리-피로-방문-홈케어\index.html","E:\mong-lounge-site\shops\gyeonggi\dongducheon\소요동\프리미엄테라피\index.html","신규"
"프리미엄테라피","경기","경기","동두천시","송내동","E:\mong-lounge-site\massage\gyeonggi\dongducheon\동두천시-출장마사지-지행-생연-보산-광역-통근과-생활-이동이-긴-날-어깨-허리-피로-방문-홈케어\index.html","E:\mong-lounge-site\shops\gyeonggi\dongducheon\송내동\프리미엄테라피\index.html","신규"
"프리미엄테라피","경기","경기","동두천시","중앙동","E:\mong-lounge-site\massage\gyeonggi\dongducheon\동두천시-출장마사지-지행-생연-보산-광역-통근과-생활-이동이-긴-날-어깨-허리-피로-방문-홈케어\index.html","E:\mong-lounge-site\shops\gyeonggi\dongducheon\중앙동\프리미엄테라피\index.html","신규"
"프리미엄테라피","경기","경기","부천시-소사구","괴안동","E:\mong-lounge-site\massage\gyeonggi\bucheon\sosa-gu\부천시-소사구-출장마사지-동별-생활권-지역안내\index.html","E:\mong-lounge-site\shops\gyeonggi\bucheon\sosa-gu\괴안동\프리미엄테라피\index.html","신규"
"프리미엄테라피","경기","경기","부천시-소사구","범박동","E:\mong-lounge-site\massage\gyeonggi\bucheon\sosa-gu\부천시-소사구-출장마사지-동별-생활권-지역안내\index.html","E:\mong-lounge-site\shops\gyeonggi\bucheon\sosa-gu\범박동\프리미엄테라피\index.html","신규"
"프리미엄테라피","경기","경기","부천시-소사구","소사본동","E:\mong-lounge-site\massage\gyeonggi\bucheon\sosa-gu\부천시-소사구-출장마사지-동별-생활권-지역안내\index.html","E:\mong-lounge-site\shops\gyeonggi\bucheon\sosa-gu\소사본동\프리미엄테라피\index.html","신규"
"프리미엄테라피","경기","경기","부천시-소사구","송내동","E:\mong-lounge-site\massage\gyeonggi\bucheon\sosa-gu\부천시-소사구-출장마사지-동별-생활권-지역안내\index.html","E:\mong-lounge-site\shops\gyeonggi\bucheon\sosa-gu\송내동\프리미엄테라피\index.html","신규"
"프리미엄테라피","경기","경기","부천시-소사구","심곡본동","E:\mong-lounge-site\massage\gyeonggi\bucheon\sosa-gu\부천시-소사구-출장마사지-동별-생활권-지역안내\index.html","E:\mong-lounge-site\shops\gyeonggi\bucheon\sosa-gu\심곡본동\프리미엄테라피\index.html","신규"
"프리미엄테라피","경기","경기","부천시-소사구","역곡동","E:\mong-lounge-site\massage\gyeonggi\bucheon\sosa-gu\부천시-소사구-출장마사지-동별-생활권-지역안내\index.html","E:\mong-lounge-site\shops\gyeonggi\bucheon\sosa-gu\역곡동\프리미엄테라피\index.html","신규"
"프리미엄테라피","경기","경기","부천시-소사구","옥길동","E:\mong-lounge-site\massage\gyeonggi\bucheon\sosa-gu\부천시-소사구-출장마사지-동별-생활권-지역안내\index.html","E:\mong-lounge-site\shops\gyeonggi\bucheon\sosa-gu\옥길동\프리미엄테라피\index.html","신규"
"프리미엄테라피","경기","경기","부천시-오정구","고강동","E:\mong-lounge-site\massage\gyeonggi\bucheon\ojeong-gu\부천시-오정구-출장마사지-동별-생활권-지역안내\index.html","E:\mong-lounge-site\shops\gyeonggi\bucheon\ojeong-gu\고강동\프리미엄테라피\index.html","신규"
"프리미엄테라피","경기","경기","부천시-오정구","고강본동","E:\mong-lounge-site\massage\gyeonggi\bucheon\ojeong-gu\부천시-오정구-출장마사지-동별-생활권-지역안내\index.html","E:\mong-lounge-site\shops\gyeonggi\bucheon\ojeong-gu\고강본동\프리미엄테라피\index.html","신규"
"프리미엄테라피","경기","경기","부천시-오정구","성곡동","E:\mong-lounge-site\massage\gyeonggi\bucheon\ojeong-gu\부천시-오정구-출장마사지-동별-생활권-지역안내\index.html","E:\mong-lounge-site\shops\gyeonggi\bucheon\ojeong-gu\성곡동\프리미엄테라피\index.html","신규"
"프리미엄테라피","경기","경기","부천시-오정구","신흥동","E:\mong-lounge-site\massage\gyeonggi\bucheon\ojeong-gu\부천시-오정구-출장마사지-동별-생활권-지역안내\index.html","E:\mong-lounge-site\shops\gyeonggi\bucheon\ojeong-gu\신흥동\프리미엄테라피\index.html","신규"
"프리미엄테라피","경기","경기","부천시-오정구","오정동","E:\mong-lounge-site\massage\gyeonggi\bucheon\ojeong-gu\부천시-오정구-출장마사지-동별-생활권-지역안내\index.html","E:\mong-lounge-site\shops\gyeonggi\bucheon\ojeong-gu\오정동\프리미엄테라피\index.html","신규"
"프리미엄테라피","경기","경기","부천시-오정구","원종동","E:\mong-lounge-site\massage\gyeonggi\bucheon\ojeong-gu\부천시-오정구-출장마사지-동별-생활권-지역안내\index.html","E:\mong-lounge-site\shops\gyeonggi\bucheon\ojeong-gu\원종동\프리미엄테라피\index.html","신규"
"프리미엄테라피","경기","경기","부천시-원미구","도당동","E:\mong-lounge-site\massage\gyeonggi\bucheon\wonmi-gu\부천시-원미구-출장마사지-동별-생활권-지역안내\index.html","E:\mong-lounge-site\shops\gyeonggi\bucheon\wonmi-gu\도당동\프리미엄테라피\index.html","신규"
"프리미엄테라피","경기","경기","부천시-원미구","상동","E:\mong-lounge-site\massage\gyeonggi\bucheon\wonmi-gu\부천시-원미구-출장마사지-동별-생활권-지역안내\index.html","E:\mong-lounge-site\shops\gyeonggi\bucheon\wonmi-gu\상동\프리미엄테라피\index.html","신규"
"프리미엄테라피","경기","경기","부천시-원미구","소사동","E:\mong-lounge-site\massage\gyeonggi\bucheon\wonmi-gu\부천시-원미구-출장마사지-동별-생활권-지역안내\index.html","E:\mong-lounge-site\shops\gyeonggi\bucheon\wonmi-gu\소사동\프리미엄테라피\index.html","신규"
"프리미엄테라피","경기","경기","부천시-원미구","심곡동","E:\mong-lounge-site\massage\gyeonggi\bucheon\wonmi-gu\부천시-원미구-출장마사지-동별-생활권-지역안내\index.html","E:\mong-lounge-site\shops\gyeonggi\bucheon\wonmi-gu\심곡동\프리미엄테라피\index.html","신규"
"프리미엄테라피","경기","경기","부천시-원미구","약대동","E:\mong-lounge-site\massage\gyeonggi\bucheon\wonmi-gu\부천시-원미구-출장마사지-동별-생활권-지역안내\index.html","E:\mong-lounge-site\shops\gyeonggi\bucheon\wonmi-gu\약대동\프리미엄테라피\index.html","신규"
"프리미엄테라피","경기","경기","부천시-원미구","역곡동","E:\mong-lounge-site\massage\gyeonggi\bucheon\wonmi-gu\부천시-원미구-출장마사지-동별-생활권-지역안내\index.html","E:\mong-lounge-site\shops\gyeonggi\bucheon\wonmi-gu\역곡동\프리미엄테라피\index.html","신규"
"프리미엄테라피","경기","경기","부천시-원미구","원미동","E:\mong-lounge-site\massage\gyeonggi\bucheon\wonmi-gu\부천시-원미구-출장마사지-동별-생활권-지역안내\index.html","E:\mong-lounge-site\shops\gyeonggi\bucheon\wonmi-gu\원미동\프리미엄테라피\index.html","신규"
"프리미엄테라피","경기","경기","부천시-원미구","중동","E:\mong-lounge-site\massage\gyeonggi\bucheon\wonmi-gu\부천시-원미구-출장마사지-동별-생활권-지역안내\index.html","E:\mong-lounge-site\shops\gyeonggi\bucheon\wonmi-gu\중동\프리미엄테라피\index.html","신규"
"프리미엄테라피","경기","경기","부천시-원미구","춘의동","E:\mong-lounge-site\massage\gyeonggi\bucheon\wonmi-gu\부천시-원미구-출장마사지-동별-생활권-지역안내\index.html","E:\mong-lounge-site\shops\gyeonggi\bucheon\wonmi-gu\춘의동\프리미엄테라피\index.html","신규"
"프리미엄테라피","경기","경기","성남시-분당구","구미동","E:\mong-lounge-site\massage\gyeonggi\seongnam\bundang-gu\성남시-분당구-출장마사지-동별-생활권-지역안내\index.html","E:\mong-lounge-site\shops\gyeonggi\seongnam\bundang-gu\구미동\프리미엄테라피\index.html","신규"
"프리미엄테라피","경기","경기","성남시-분당구","금곡동","E:\mong-lounge-site\massage\gyeonggi\seongnam\bundang-gu\성남시-분당구-출장마사지-동별-생활권-지역안내\index.html","E:\mong-lounge-site\shops\gyeonggi\seongnam\bundang-gu\금곡동\프리미엄테라피\index.html","신규"
"프리미엄테라피","경기","경기","성남시-분당구","백현동","E:\mong-lounge-site\massage\gyeonggi\seongnam\bundang-gu\성남시-분당구-출장마사지-동별-생활권-지역안내\index.html","E:\mong-lounge-site\shops\gyeonggi\seongnam\bundang-gu\백현동\프리미엄테라피\index.html","신규"
"프리미엄테라피","경기","경기","성남시-분당구","분당동","E:\mong-lounge-site\massage\gyeonggi\seongnam\bundang-gu\성남시-분당구-출장마사지-동별-생활권-지역안내\index.html","E:\mong-lounge-site\shops\gyeonggi\seongnam\bundang-gu\분당동\프리미엄테라피\index.html","신규"
"프리미엄테라피","경기","경기","성남시-분당구","삼평동","E:\mong-lounge-site\massage\gyeonggi\seongnam\bundang-gu\성남시-분당구-출장마사지-동별-생활권-지역안내\index.html","E:\mong-lounge-site\shops\gyeonggi\seongnam\bundang-gu\삼평동\프리미엄테라피\index.html","신규"
"프리미엄테라피","경기","경기","성남시-분당구","서현동","E:\mong-lounge-site\massage\gyeonggi\seongnam\bundang-gu\성남시-분당구-출장마사지-동별-생활권-지역안내\index.html","E:\mong-lounge-site\shops\gyeonggi\seongnam\bundang-gu\서현동\프리미엄테라피\index.html","신규"
"프리미엄테라피","경기","경기","성남시-분당구","수내동","E:\mong-lounge-site\massage\gyeonggi\seongnam\bundang-gu\성남시-분당구-출장마사지-동별-생활권-지역안내\index.html","E:\mong-lounge-site\shops\gyeonggi\seongnam\bundang-gu\수내동\프리미엄테라피\index.html","신규"
"프리미엄테라피","경기","경기","성남시-분당구","야탑동","E:\mong-lounge-site\massage\gyeonggi\seongnam\bundang-gu\성남시-분당구-출장마사지-동별-생활권-지역안내\index.html","E:\mong-lounge-site\shops\gyeonggi\seongnam\bundang-gu\야탑동\프리미엄테라피\index.html","신규"
"프리미엄테라피","경기","경기","성남시-분당구","운중동","E:\mong-lounge-site\massage\gyeonggi\seongnam\bundang-gu\성남시-분당구-출장마사지-동별-생활권-지역안내\index.html","E:\mong-lounge-site\shops\gyeonggi\seongnam\bundang-gu\운중동\프리미엄테라피\index.html","신규"
"프리미엄테라피","경기","경기","성남시-분당구","이매동","E:\mong-lounge-site\massage\gyeonggi\seongnam\bundang-gu\성남시-분당구-출장마사지-동별-생활권-지역안내\index.html","E:\mong-lounge-site\shops\gyeonggi\seongnam\bundang-gu\이매동\프리미엄테라피\index.html","신규"
"프리미엄테라피","경기","경기","성남시-분당구","정자동","E:\mong-lounge-site\massage\gyeonggi\seongnam\bundang-gu\성남시-분당구-출장마사지-동별-생활권-지역안내\index.html","E:\mong-lounge-site\shops\gyeonggi\seongnam\bundang-gu\정자동\프리미엄테라피\index.html","신규"
"프리미엄테라피","경기","경기","성남시-분당구","판교동","E:\mong-lounge-site\massage\gyeonggi\seongnam\bundang-gu\성남시-분당구-출장마사지-동별-생활권-지역안내\index.html","E:\mong-lounge-site\shops\gyeonggi\seongnam\bundang-gu\판교동\프리미엄테라피\index.html","신규"
"프리미엄테라피","경기","경기","성남시-수정구","고등동","E:\mong-lounge-site\massage\gyeonggi\seongnam\sujeong-gu\성남시-수정구-출장마사지-동별-생활권-지역안내\index.html","E:\mong-lounge-site\shops\gyeonggi\seongnam\sujeong-gu\고등동\프리미엄테라피\index.html","신규"
"프리미엄테라피","경기","경기","성남시-수정구","단대동","E:\mong-lounge-site\massage\gyeonggi\seongnam\sujeong-gu\성남시-수정구-출장마사지-동별-생활권-지역안내\index.html","E:\mong-lounge-site\shops\gyeonggi\seongnam\sujeong-gu\단대동\프리미엄테라피\index.html","신규"
"프리미엄테라피","경기","경기","성남시-수정구","복정동","E:\mong-lounge-site\massage\gyeonggi\seongnam\sujeong-gu\성남시-수정구-출장마사지-동별-생활권-지역안내\index.html","E:\mong-lounge-site\shops\gyeonggi\seongnam\sujeong-gu\복정동\프리미엄테라피\index.html","신규"
"프리미엄테라피","경기","경기","성남시-수정구","산성동","E:\mong-lounge-site\massage\gyeonggi\seongnam\sujeong-gu\성남시-수정구-출장마사지-동별-생활권-지역안내\index.html","E:\mong-lounge-site\shops\gyeonggi\seongnam\sujeong-gu\산성동\프리미엄테라피\index.html","신규"
"프리미엄테라피","경기","경기","성남시-수정구","수진동","E:\mong-lounge-site\massage\gyeonggi\seongnam\sujeong-gu\성남시-수정구-출장마사지-동별-생활권-지역안내\index.html","E:\mong-lounge-site\shops\gyeonggi\seongnam\sujeong-gu\수진동\프리미엄테라피\index.html","신규"
"프리미엄테라피","경기","경기","성남시-수정구","시흥동","E:\mong-lounge-site\massage\gyeonggi\seongnam\sujeong-gu\성남시-수정구-출장마사지-동별-생활권-지역안내\index.html","E:\mong-lounge-site\shops\gyeonggi\seongnam\sujeong-gu\시흥동\프리미엄테라피\index.html","신규"
"프리미엄테라피","경기","경기","성남시-수정구","신촌동","E:\mong-lounge-site\massage\gyeonggi\seongnam\sujeong-gu\성남시-수정구-출장마사지-동별-생활권-지역안내\index.html","E:\mong-lounge-site\shops\gyeonggi\seongnam\sujeong-gu\신촌동\프리미엄테라피\index.html","신규"
"프리미엄테라피","경기","경기","성남시-수정구","신흥동","E:\mong-lounge-site\massage\gyeonggi\seongnam\sujeong-gu\성남시-수정구-출장마사지-동별-생활권-지역안내\index.html","E:\mong-lounge-site\shops\gyeonggi\seongnam\sujeong-gu\신흥동\프리미엄테라피\index.html","신규"
"프리미엄테라피","경기","경기","성남시-수정구","양지동","E:\mong-lounge-site\massage\gyeonggi\seongnam\sujeong-gu\성남시-수정구-출장마사지-동별-생활권-지역안내\index.html","E:\mong-lounge-site\shops\gyeonggi\seongnam\sujeong-gu\양지동\프리미엄테라피\index.html","신규"
"프리미엄테라피","경기","경기","성남시-수정구","위례동","E:\mong-lounge-site\massage\gyeonggi\seongnam\sujeong-gu\성남시-수정구-출장마사지-동별-생활권-지역안내\index.html","E:\mong-lounge-site\shops\gyeonggi\seongnam\sujeong-gu\위례동\프리미엄테라피\index.html","신규"
"프리미엄테라피","경기","경기","성남시-수정구","태평동","E:\mong-lounge-site\massage\gyeonggi\seongnam\sujeong-gu\성남시-수정구-출장마사지-동별-생활권-지역안내\index.html","E:\mong-lounge-site\shops\gyeonggi\seongnam\sujeong-gu\태평동\프리미엄테라피\index.html","신규"
"프리미엄테라피","경기","경기","성남시-중원구","금광동","E:\mong-lounge-site\massage\gyeonggi\seongnam\jungwon-gu\성남시-중원구-출장마사지-동별-생활권-지역안내\index.html","E:\mong-lounge-site\shops\gyeonggi\seongnam\jungwon-gu\금광동\프리미엄테라피\index.html","신규"
"프리미엄테라피","경기","경기","성남시-중원구","도촌동","E:\mong-lounge-site\massage\gyeonggi\seongnam\jungwon-gu\성남시-중원구-출장마사지-동별-생활권-지역안내\index.html","E:\mong-lounge-site\shops\gyeonggi\seongnam\jungwon-gu\도촌동\프리미엄테라피\index.html","신규"
"프리미엄테라피","경기","경기","성남시-중원구","상대원동","E:\mong-lounge-site\massage\gyeonggi\seongnam\jungwon-gu\성남시-중원구-출장마사지-동별-생활권-지역안내\index.html","E:\mong-lounge-site\shops\gyeonggi\seongnam\jungwon-gu\상대원동\프리미엄테라피\index.html","신규"
"프리미엄테라피","경기","경기","성남시-중원구","성남동","E:\mong-lounge-site\massage\gyeonggi\seongnam\jungwon-gu\성남시-중원구-출장마사지-동별-생활권-지역안내\index.html","E:\mong-lounge-site\shops\gyeonggi\seongnam\jungwon-gu\성남동\프리미엄테라피\index.html","신규"
"프리미엄테라피","경기","경기","성남시-중원구","은행동","E:\mong-lounge-site\massage\gyeonggi\seongnam\jungwon-gu\성남시-중원구-출장마사지-동별-생활권-지역안내\index.html","E:\mong-lounge-site\shops\gyeonggi\seongnam\jungwon-gu\은행동\프리미엄테라피\index.html","신규"
"프리미엄테라피","경기","경기","성남시-중원구","중앙동","E:\mong-lounge-site\massage\gyeonggi\seongnam\jungwon-gu\성남시-중원구-출장마사지-동별-생활권-지역안내\index.html","E:\mong-lounge-site\shops\gyeonggi\seongnam\jungwon-gu\중앙동\프리미엄테라피\index.html","신규"
"프리미엄테라피","경기","경기","성남시-중원구","하대원동","E:\mong-lounge-site\massage\gyeonggi\seongnam\jungwon-gu\성남시-중원구-출장마사지-동별-생활권-지역안내\index.html","E:\mong-lounge-site\shops\gyeonggi\seongnam\jungwon-gu\하대원동\프리미엄테라피\index.html","신규"
"프리미엄테라피","경기","경기","수원시-권선구","곡선동","E:\mong-lounge-site\massage\gyeonggi\suwon\gwonseon-gu\수원시-권선구-출장마사지-동별-생활권-지역안내\index.html","E:\mong-lounge-site\shops\gyeonggi\suwon\gwonseon-gu\곡선동\프리미엄테라피\index.html","신규"
"프리미엄테라피","경기","경기","수원시-권선구","구운동","E:\mong-lounge-site\massage\gyeonggi\suwon\gwonseon-gu\수원시-권선구-출장마사지-동별-생활권-지역안내\index.html","E:\mong-lounge-site\shops\gyeonggi\suwon\gwonseon-gu\구운동\프리미엄테라피\index.html","신규"
"프리미엄테라피","경기","경기","수원시-권선구","권선동","E:\mong-lounge-site\massage\gyeonggi\suwon\gwonseon-gu\수원시-권선구-출장마사지-동별-생활권-지역안내\index.html","E:\mong-lounge-site\shops\gyeonggi\suwon\gwonseon-gu\권선동\프리미엄테라피\index.html","신규"
"프리미엄테라피","경기","경기","수원시-권선구","금곡동","E:\mong-lounge-site\massage\gyeonggi\suwon\gwonseon-gu\수원시-권선구-출장마사지-동별-생활권-지역안내\index.html","E:\mong-lounge-site\shops\gyeonggi\suwon\gwonseon-gu\금곡동\프리미엄테라피\index.html","신규"
"프리미엄테라피","경기","경기","수원시-권선구","서둔동","E:\mong-lounge-site\massage\gyeonggi\suwon\gwonseon-gu\수원시-권선구-출장마사지-동별-생활권-지역안내\index.html","E:\mong-lounge-site\shops\gyeonggi\suwon\gwonseon-gu\서둔동\프리미엄테라피\index.html","신규"
"프리미엄테라피","경기","경기","수원시-권선구","세류동","E:\mong-lounge-site\massage\gyeonggi\suwon\gwonseon-gu\수원시-권선구-출장마사지-동별-생활권-지역안내\index.html","E:\mong-lounge-site\shops\gyeonggi\suwon\gwonseon-gu\세류동\프리미엄테라피\index.html","신규"
"프리미엄테라피","경기","경기","수원시-권선구","입북동","E:\mong-lounge-site\massage\gyeonggi\suwon\gwonseon-gu\수원시-권선구-출장마사지-동별-생활권-지역안내\index.html","E:\mong-lounge-site\shops\gyeonggi\suwon\gwonseon-gu\입북동\프리미엄테라피\index.html","신규"
"프리미엄테라피","경기","경기","수원시-권선구","평동","E:\mong-lounge-site\massage\gyeonggi\suwon\gwonseon-gu\수원시-권선구-출장마사지-동별-생활권-지역안내\index.html","E:\mong-lounge-site\shops\gyeonggi\suwon\gwonseon-gu\평동\프리미엄테라피\index.html","신규"
"프리미엄테라피","경기","경기","수원시-권선구","호매실동","E:\mong-lounge-site\massage\gyeonggi\suwon\gwonseon-gu\수원시-권선구-출장마사지-동별-생활권-지역안내\index.html","E:\mong-lounge-site\shops\gyeonggi\suwon\gwonseon-gu\호매실동\프리미엄테라피\index.html","신규"
"프리미엄테라피","경기","경기","수원시-영통구","광교동","E:\mong-lounge-site\massage\gyeonggi\suwon\yeongtong-gu\수원시-영통구-출장마사지-동별-생활권-지역안내\index.html","E:\mong-lounge-site\shops\gyeonggi\suwon\yeongtong-gu\광교동\프리미엄테라피\index.html","신규"
"프리미엄테라피","경기","경기","수원시-영통구","망포동","E:\mong-lounge-site\massage\gyeonggi\suwon\yeongtong-gu\수원시-영통구-출장마사지-동별-생활권-지역안내\index.html","E:\mong-lounge-site\shops\gyeonggi\suwon\yeongtong-gu\망포동\프리미엄테라피\index.html","신규"
"프리미엄테라피","경기","경기","수원시-영통구","매탄동","E:\mong-lounge-site\massage\gyeonggi\suwon\yeongtong-gu\수원시-영통구-출장마사지-동별-생활권-지역안내\index.html","E:\mong-lounge-site\shops\gyeonggi\suwon\yeongtong-gu\매탄동\프리미엄테라피\index.html","신규"
"프리미엄테라피","경기","경기","수원시-영통구","영통동","E:\mong-lounge-site\massage\gyeonggi\suwon\yeongtong-gu\수원시-영통구-출장마사지-동별-생활권-지역안내\index.html","E:\mong-lounge-site\shops\gyeonggi\suwon\yeongtong-gu\영통동\프리미엄테라피\index.html","신규"
"프리미엄테라피","경기","경기","수원시-영통구","원천동","E:\mong-lounge-site\massage\gyeonggi\suwon\yeongtong-gu\수원시-영통구-출장마사지-동별-생활권-지역안내\index.html","E:\mong-lounge-site\shops\gyeonggi\suwon\yeongtong-gu\원천동\프리미엄테라피\index.html","신규"
"프리미엄테라피","경기","경기","수원시-장안구","송죽동","E:\mong-lounge-site\massage\gyeonggi\suwon\jangan-gu\수원시-장안구-출장마사지-동별-생활권-지역안내\index.html","E:\mong-lounge-site\shops\gyeonggi\suwon\jangan-gu\송죽동\프리미엄테라피\index.html","신규"
"프리미엄테라피","경기","경기","수원시-장안구","연무동","E:\mong-lounge-site\massage\gyeonggi\suwon\jangan-gu\수원시-장안구-출장마사지-동별-생활권-지역안내\index.html","E:\mong-lounge-site\shops\gyeonggi\suwon\jangan-gu\연무동\프리미엄테라피\index.html","신규"
"프리미엄테라피","경기","경기","수원시-장안구","영화동","E:\mong-lounge-site\massage\gyeonggi\suwon\jangan-gu\수원시-장안구-출장마사지-동별-생활권-지역안내\index.html","E:\mong-lounge-site\shops\gyeonggi\suwon\jangan-gu\영화동\프리미엄테라피\index.html","신규"
"프리미엄테라피","경기","경기","수원시-장안구","율천동","E:\mong-lounge-site\massage\gyeonggi\suwon\jangan-gu\수원시-장안구-출장마사지-동별-생활권-지역안내\index.html","E:\mong-lounge-site\shops\gyeonggi\suwon\jangan-gu\율천동\프리미엄테라피\index.html","신규"
"프리미엄테라피","경기","경기","수원시-장안구","정자동","E:\mong-lounge-site\massage\gyeonggi\suwon\jangan-gu\수원시-장안구-출장마사지-동별-생활권-지역안내\index.html","E:\mong-lounge-site\shops\gyeonggi\suwon\jangan-gu\정자동\프리미엄테라피\index.html","신규"
"프리미엄테라피","경기","경기","수원시-장안구","조원동","E:\mong-lounge-site\massage\gyeonggi\suwon\jangan-gu\수원시-장안구-출장마사지-동별-생활권-지역안내\index.html","E:\mong-lounge-site\shops\gyeonggi\suwon\jangan-gu\조원동\프리미엄테라피\index.html","신규"
"프리미엄테라피","경기","경기","수원시-장안구","파장동","E:\mong-lounge-site\massage\gyeonggi\suwon\jangan-gu\수원시-장안구-출장마사지-동별-생활권-지역안내\index.html","E:\mong-lounge-site\shops\gyeonggi\suwon\jangan-gu\파장동\프리미엄테라피\index.html","신규"
"프리미엄테라피","경기","경기","수원시-팔달구","고등동","E:\mong-lounge-site\massage\gyeonggi\suwon\paldal-gu\수원시-팔달구-출장마사지-동별-생활권-지역안내\index.html","E:\mong-lounge-site\shops\gyeonggi\suwon\paldal-gu\고등동\프리미엄테라피\index.html","신규"
"프리미엄테라피","경기","경기","수원시-팔달구","매교동","E:\mong-lounge-site\massage\gyeonggi\suwon\paldal-gu\수원시-팔달구-출장마사지-동별-생활권-지역안내\index.html","E:\mong-lounge-site\shops\gyeonggi\suwon\paldal-gu\매교동\프리미엄테라피\index.html","신규"
"프리미엄테라피","경기","경기","수원시-팔달구","매산동","E:\mong-lounge-site\massage\gyeonggi\suwon\paldal-gu\수원시-팔달구-출장마사지-동별-생활권-지역안내\index.html","E:\mong-lounge-site\shops\gyeonggi\suwon\paldal-gu\매산동\프리미엄테라피\index.html","신규"
"프리미엄테라피","경기","경기","수원시-팔달구","우만동","E:\mong-lounge-site\massage\gyeonggi\suwon\paldal-gu\수원시-팔달구-출장마사지-동별-생활권-지역안내\index.html","E:\mong-lounge-site\shops\gyeonggi\suwon\paldal-gu\우만동\프리미엄테라피\index.html","신규"
"프리미엄테라피","경기","경기","수원시-팔달구","인계동","E:\mong-lounge-site\massage\gyeonggi\suwon\paldal-gu\수원시-팔달구-출장마사지-동별-생활권-지역안내\index.html","E:\mong-lounge-site\shops\gyeonggi\suwon\paldal-gu\인계동\프리미엄테라피\index.html","신규"
"프리미엄테라피","경기","경기","수원시-팔달구","지동","E:\mong-lounge-site\massage\gyeonggi\suwon\paldal-gu\수원시-팔달구-출장마사지-동별-생활권-지역안내\index.html","E:\mong-lounge-site\shops\gyeonggi\suwon\paldal-gu\지동\프리미엄테라피\index.html","신규"
"프리미엄테라피","경기","경기","수원시-팔달구","행궁동","E:\mong-lounge-site\massage\gyeonggi\suwon\paldal-gu\수원시-팔달구-출장마사지-동별-생활권-지역안내\index.html","E:\mong-lounge-site\shops\gyeonggi\suwon\paldal-gu\행궁동\프리미엄테라피\index.html","신규"
"프리미엄테라피","경기","경기","수원시-팔달구","화서동","E:\mong-lounge-site\massage\gyeonggi\suwon\paldal-gu\수원시-팔달구-출장마사지-동별-생활권-지역안내\index.html","E:\mong-lounge-site\shops\gyeonggi\suwon\paldal-gu\화서동\프리미엄테라피\index.html","신규"
"프리미엄테라피","경기","경기","시흥시","거북섬동","E:\mong-lounge-site\massage\gyeonggi\siheung\시흥시-출장마사지-배곧-정왕-은계-산업-상업-업무로-오래-선-날-다리-발의-무거움-방문-홈케어\index.html","E:\mong-lounge-site\shops\gyeonggi\siheung\거북섬동\프리미엄테라피\index.html","신규"
"프리미엄테라피","경기","경기","시흥시","과림동","E:\mong-lounge-site\massage\gyeonggi\siheung\시흥시-출장마사지-배곧-정왕-은계-산업-상업-업무로-오래-선-날-다리-발의-무거움-방문-홈케어\index.html","E:\mong-lounge-site\shops\gyeonggi\siheung\과림동\프리미엄테라피\index.html","신규"
"프리미엄테라피","경기","경기","시흥시","군자동","E:\mong-lounge-site\massage\gyeonggi\siheung\시흥시-출장마사지-배곧-정왕-은계-산업-상업-업무로-오래-선-날-다리-발의-무거움-방문-홈케어\index.html","E:\mong-lounge-site\shops\gyeonggi\siheung\군자동\프리미엄테라피\index.html","신규"
"프리미엄테라피","경기","경기","시흥시","능곡동","E:\mong-lounge-site\massage\gyeonggi\siheung\시흥시-출장마사지-배곧-정왕-은계-산업-상업-업무로-오래-선-날-다리-발의-무거움-방문-홈케어\index.html","E:\mong-lounge-site\shops\gyeonggi\siheung\능곡동\프리미엄테라피\index.html","신규"
"프리미엄테라피","경기","경기","시흥시","대야동","E:\mong-lounge-site\massage\gyeonggi\siheung\시흥시-출장마사지-배곧-정왕-은계-산업-상업-업무로-오래-선-날-다리-발의-무거움-방문-홈케어\index.html","E:\mong-lounge-site\shops\gyeonggi\siheung\대야동\프리미엄테라피\index.html","신규"
"프리미엄테라피","경기","경기","시흥시","매화동","E:\mong-lounge-site\massage\gyeonggi\siheung\시흥시-출장마사지-배곧-정왕-은계-산업-상업-업무로-오래-선-날-다리-발의-무거움-방문-홈케어\index.html","E:\mong-lounge-site\shops\gyeonggi\siheung\매화동\프리미엄테라피\index.html","신규"
"프리미엄테라피","경기","경기","시흥시","목감동","E:\mong-lounge-site\massage\gyeonggi\siheung\시흥시-출장마사지-배곧-정왕-은계-산업-상업-업무로-오래-선-날-다리-발의-무거움-방문-홈케어\index.html","E:\mong-lounge-site\shops\gyeonggi\siheung\목감동\프리미엄테라피\index.html","신규"
"프리미엄테라피","경기","경기","시흥시","배곧동","E:\mong-lounge-site\massage\gyeonggi\siheung\시흥시-출장마사지-배곧-정왕-은계-산업-상업-업무로-오래-선-날-다리-발의-무거움-방문-홈케어\index.html","E:\mong-lounge-site\shops\gyeonggi\siheung\배곧동\프리미엄테라피\index.html","신규"
"프리미엄테라피","경기","경기","시흥시","신천동","E:\mong-lounge-site\massage\gyeonggi\siheung\시흥시-출장마사지-배곧-정왕-은계-산업-상업-업무로-오래-선-날-다리-발의-무거움-방문-홈케어\index.html","E:\mong-lounge-site\shops\gyeonggi\siheung\신천동\프리미엄테라피\index.html","신규"
"프리미엄테라피","경기","경기","시흥시","신현동","E:\mong-lounge-site\massage\gyeonggi\siheung\시흥시-출장마사지-배곧-정왕-은계-산업-상업-업무로-오래-선-날-다리-발의-무거움-방문-홈케어\index.html","E:\mong-lounge-site\shops\gyeonggi\siheung\신현동\프리미엄테라피\index.html","신규"
"프리미엄테라피","경기","경기","시흥시","연성동","E:\mong-lounge-site\massage\gyeonggi\siheung\시흥시-출장마사지-배곧-정왕-은계-산업-상업-업무로-오래-선-날-다리-발의-무거움-방문-홈케어\index.html","E:\mong-lounge-site\shops\gyeonggi\siheung\연성동\프리미엄테라피\index.html","신규"
"프리미엄테라피","경기","경기","시흥시","월곶동","E:\mong-lounge-site\massage\gyeonggi\siheung\시흥시-출장마사지-배곧-정왕-은계-산업-상업-업무로-오래-선-날-다리-발의-무거움-방문-홈케어\index.html","E:\mong-lounge-site\shops\gyeonggi\siheung\월곶동\프리미엄테라피\index.html","신규"
"프리미엄테라피","경기","경기","시흥시","은행동","E:\mong-lounge-site\massage\gyeonggi\siheung\시흥시-출장마사지-배곧-정왕-은계-산업-상업-업무로-오래-선-날-다리-발의-무거움-방문-홈케어\index.html","E:\mong-lounge-site\shops\gyeonggi\siheung\은행동\프리미엄테라피\index.html","신규"
"프리미엄테라피","경기","경기","시흥시","장곡동","E:\mong-lounge-site\massage\gyeonggi\siheung\시흥시-출장마사지-배곧-정왕-은계-산업-상업-업무로-오래-선-날-다리-발의-무거움-방문-홈케어\index.html","E:\mong-lounge-site\shops\gyeonggi\siheung\장곡동\프리미엄테라피\index.html","신규"
"프리미엄테라피","경기","경기","시흥시","정왕동","E:\mong-lounge-site\massage\gyeonggi\siheung\시흥시-출장마사지-배곧-정왕-은계-산업-상업-업무로-오래-선-날-다리-발의-무거움-방문-홈케어\index.html","E:\mong-lounge-site\shops\gyeonggi\siheung\정왕동\프리미엄테라피\index.html","신규"
"프리미엄테라피","경기","경기","시흥시","정왕본동","E:\mong-lounge-site\massage\gyeonggi\siheung\시흥시-출장마사지-배곧-정왕-은계-산업-상업-업무로-오래-선-날-다리-발의-무거움-방문-홈케어\index.html","E:\mong-lounge-site\shops\gyeonggi\siheung\정왕본동\프리미엄테라피\index.html","신규"
"프리미엄테라피","경기","경기","안산시-단원구","고잔동","E:\mong-lounge-site\massage\gyeonggi\ansan\danwon-gu\안산시-단원구-출장마사지-동별-생활권-지역안내\index.html","E:\mong-lounge-site\shops\gyeonggi\ansan\danwon-gu\고잔동\프리미엄테라피\index.html","신규"
"프리미엄테라피","경기","경기","안산시-단원구","대부동","E:\mong-lounge-site\massage\gyeonggi\ansan\danwon-gu\안산시-단원구-출장마사지-동별-생활권-지역안내\index.html","E:\mong-lounge-site\shops\gyeonggi\ansan\danwon-gu\대부동\프리미엄테라피\index.html","신규"
"프리미엄테라피","경기","경기","안산시-단원구","백운동","E:\mong-lounge-site\massage\gyeonggi\ansan\danwon-gu\안산시-단원구-출장마사지-동별-생활권-지역안내\index.html","E:\mong-lounge-site\shops\gyeonggi\ansan\danwon-gu\백운동\프리미엄테라피\index.html","신규"
"프리미엄테라피","경기","경기","안산시-단원구","선부동","E:\mong-lounge-site\massage\gyeonggi\ansan\danwon-gu\안산시-단원구-출장마사지-동별-생활권-지역안내\index.html","E:\mong-lounge-site\shops\gyeonggi\ansan\danwon-gu\선부동\프리미엄테라피\index.html","신규"
"프리미엄테라피","경기","경기","안산시-단원구","신길동","E:\mong-lounge-site\massage\gyeonggi\ansan\danwon-gu\안산시-단원구-출장마사지-동별-생활권-지역안내\index.html","E:\mong-lounge-site\shops\gyeonggi\ansan\danwon-gu\신길동\프리미엄테라피\index.html","신규"
"프리미엄테라피","경기","경기","안산시-단원구","와동","E:\mong-lounge-site\massage\gyeonggi\ansan\danwon-gu\안산시-단원구-출장마사지-동별-생활권-지역안내\index.html","E:\mong-lounge-site\shops\gyeonggi\ansan\danwon-gu\와동\프리미엄테라피\index.html","신규"
"프리미엄테라피","경기","경기","안산시-단원구","원곡동","E:\mong-lounge-site\massage\gyeonggi\ansan\danwon-gu\안산시-단원구-출장마사지-동별-생활권-지역안내\index.html","E:\mong-lounge-site\shops\gyeonggi\ansan\danwon-gu\원곡동\프리미엄테라피\index.html","신규"
"프리미엄테라피","경기","경기","안산시-단원구","중앙동","E:\mong-lounge-site\massage\gyeonggi\ansan\danwon-gu\안산시-단원구-출장마사지-동별-생활권-지역안내\index.html","E:\mong-lounge-site\shops\gyeonggi\ansan\danwon-gu\중앙동\프리미엄테라피\index.html","신규"
"프리미엄테라피","경기","경기","안산시-단원구","초지동","E:\mong-lounge-site\massage\gyeonggi\ansan\danwon-gu\안산시-단원구-출장마사지-동별-생활권-지역안내\index.html","E:\mong-lounge-site\shops\gyeonggi\ansan\danwon-gu\초지동\프리미엄테라피\index.html","신규"
"프리미엄테라피","경기","경기","안산시-단원구","호수동","E:\mong-lounge-site\massage\gyeonggi\ansan\danwon-gu\안산시-단원구-출장마사지-동별-생활권-지역안내\index.html","E:\mong-lounge-site\shops\gyeonggi\ansan\danwon-gu\호수동\프리미엄테라피\index.html","신규"
"프리미엄테라피","경기","경기","안산시-상록구","반월동","E:\mong-lounge-site\massage\gyeonggi\ansan\sangnok-gu\안산시-상록구-출장마사지-동별-생활권-지역안내\index.html","E:\mong-lounge-site\shops\gyeonggi\ansan\sangnok-gu\반월동\프리미엄테라피\index.html","신규"
"프리미엄테라피","경기","경기","안산시-상록구","본오동","E:\mong-lounge-site\massage\gyeonggi\ansan\sangnok-gu\안산시-상록구-출장마사지-동별-생활권-지역안내\index.html","E:\mong-lounge-site\shops\gyeonggi\ansan\sangnok-gu\본오동\프리미엄테라피\index.html","신규"
"프리미엄테라피","경기","경기","안산시-상록구","부곡동","E:\mong-lounge-site\massage\gyeonggi\ansan\sangnok-gu\안산시-상록구-출장마사지-동별-생활권-지역안내\index.html","E:\mong-lounge-site\shops\gyeonggi\ansan\sangnok-gu\부곡동\프리미엄테라피\index.html","신규"
"프리미엄테라피","경기","경기","안산시-상록구","사동","E:\mong-lounge-site\massage\gyeonggi\ansan\sangnok-gu\안산시-상록구-출장마사지-동별-생활권-지역안내\index.html","E:\mong-lounge-site\shops\gyeonggi\ansan\sangnok-gu\사동\프리미엄테라피\index.html","신규"
"프리미엄테라피","경기","경기","안산시-상록구","사이동","E:\mong-lounge-site\massage\gyeonggi\ansan\sangnok-gu\안산시-상록구-출장마사지-동별-생활권-지역안내\index.html","E:\mong-lounge-site\shops\gyeonggi\ansan\sangnok-gu\사이동\프리미엄테라피\index.html","신규"
"프리미엄테라피","경기","경기","안산시-상록구","성포동","E:\mong-lounge-site\massage\gyeonggi\ansan\sangnok-gu\안산시-상록구-출장마사지-동별-생활권-지역안내\index.html","E:\mong-lounge-site\shops\gyeonggi\ansan\sangnok-gu\성포동\프리미엄테라피\index.html","신규"
"프리미엄테라피","경기","경기","안산시-상록구","안산동","E:\mong-lounge-site\massage\gyeonggi\ansan\sangnok-gu\안산시-상록구-출장마사지-동별-생활권-지역안내\index.html","E:\mong-lounge-site\shops\gyeonggi\ansan\sangnok-gu\안산동\프리미엄테라피\index.html","신규"
"프리미엄테라피","경기","경기","안산시-상록구","월피동","E:\mong-lounge-site\massage\gyeonggi\ansan\sangnok-gu\안산시-상록구-출장마사지-동별-생활권-지역안내\index.html","E:\mong-lounge-site\shops\gyeonggi\ansan\sangnok-gu\월피동\프리미엄테라피\index.html","신규"
"프리미엄테라피","경기","경기","안산시-상록구","이동","E:\mong-lounge-site\massage\gyeonggi\ansan\sangnok-gu\안산시-상록구-출장마사지-동별-생활권-지역안내\index.html","E:\mong-lounge-site\shops\gyeonggi\ansan\sangnok-gu\이동\프리미엄테라피\index.html","신규"
"프리미엄테라피","경기","경기","안산시-상록구","일동","E:\mong-lounge-site\massage\gyeonggi\ansan\sangnok-gu\안산시-상록구-출장마사지-동별-생활권-지역안내\index.html","E:\mong-lounge-site\shops\gyeonggi\ansan\sangnok-gu\일동\프리미엄테라피\index.html","신규"
"프리미엄테라피","경기","경기","안산시-상록구","해양동","E:\mong-lounge-site\massage\gyeonggi\ansan\sangnok-gu\안산시-상록구-출장마사지-동별-생활권-지역안내\index.html","E:\mong-lounge-site\shops\gyeonggi\ansan\sangnok-gu\해양동\프리미엄테라피\index.html","신규"
"프리미엄테라피","경기","경기","안성시","고삼면","E:\mong-lounge-site\massage\gyeonggi\anseong\안성시-출장마사지-공도-석정-대덕-산업-통근과-장시간-운전-허리-다리-피로-방문-홈케어\index.html","E:\mong-lounge-site\shops\gyeonggi\anseong\고삼면\프리미엄테라피\index.html","신규"
"프리미엄테라피","경기","경기","안성시","공도읍","E:\mong-lounge-site\massage\gyeonggi\anseong\안성시-출장마사지-공도-석정-대덕-산업-통근과-장시간-운전-허리-다리-피로-방문-홈케어\index.html","E:\mong-lounge-site\shops\gyeonggi\anseong\공도읍\프리미엄테라피\index.html","신규"
"프리미엄테라피","경기","경기","안성시","금광면","E:\mong-lounge-site\massage\gyeonggi\anseong\안성시-출장마사지-공도-석정-대덕-산업-통근과-장시간-운전-허리-다리-피로-방문-홈케어\index.html","E:\mong-lounge-site\shops\gyeonggi\anseong\금광면\프리미엄테라피\index.html","신규"
"프리미엄테라피","경기","경기","안성시","대덕면","E:\mong-lounge-site\massage\gyeonggi\anseong\안성시-출장마사지-공도-석정-대덕-산업-통근과-장시간-운전-허리-다리-피로-방문-홈케어\index.html","E:\mong-lounge-site\shops\gyeonggi\anseong\대덕면\프리미엄테라피\index.html","신규"
"프리미엄테라피","경기","경기","안성시","미양면","E:\mong-lounge-site\massage\gyeonggi\anseong\안성시-출장마사지-공도-석정-대덕-산업-통근과-장시간-운전-허리-다리-피로-방문-홈케어\index.html","E:\mong-lounge-site\shops\gyeonggi\anseong\미양면\프리미엄테라피\index.html","신규"
"프리미엄테라피","경기","경기","안성시","보개면","E:\mong-lounge-site\massage\gyeonggi\anseong\안성시-출장마사지-공도-석정-대덕-산업-통근과-장시간-운전-허리-다리-피로-방문-홈케어\index.html","E:\mong-lounge-site\shops\gyeonggi\anseong\보개면\프리미엄테라피\index.html","신규"
"프리미엄테라피","경기","경기","안성시","삼죽면","E:\mong-lounge-site\massage\gyeonggi\anseong\안성시-출장마사지-공도-석정-대덕-산업-통근과-장시간-운전-허리-다리-피로-방문-홈케어\index.html","E:\mong-lounge-site\shops\gyeonggi\anseong\삼죽면\프리미엄테라피\index.html","신규"
"프리미엄테라피","경기","경기","안성시","서운면","E:\mong-lounge-site\massage\gyeonggi\anseong\안성시-출장마사지-공도-석정-대덕-산업-통근과-장시간-운전-허리-다리-피로-방문-홈케어\index.html","E:\mong-lounge-site\shops\gyeonggi\anseong\서운면\프리미엄테라피\index.html","신규"
"프리미엄테라피","경기","경기","안성시","안성동","E:\mong-lounge-site\massage\gyeonggi\anseong\안성시-출장마사지-공도-석정-대덕-산업-통근과-장시간-운전-허리-다리-피로-방문-홈케어\index.html","E:\mong-lounge-site\shops\gyeonggi\anseong\안성동\프리미엄테라피\index.html","신규"
"프리미엄테라피","경기","경기","안성시","양성면","E:\mong-lounge-site\massage\gyeonggi\anseong\안성시-출장마사지-공도-석정-대덕-산업-통근과-장시간-운전-허리-다리-피로-방문-홈케어\index.html","E:\mong-lounge-site\shops\gyeonggi\anseong\양성면\프리미엄테라피\index.html","신규"
"프리미엄테라피","경기","경기","안성시","원곡면","E:\mong-lounge-site\massage\gyeonggi\anseong\안성시-출장마사지-공도-석정-대덕-산업-통근과-장시간-운전-허리-다리-피로-방문-홈케어\index.html","E:\mong-lounge-site\shops\gyeonggi\anseong\원곡면\프리미엄테라피\index.html","신규"
"프리미엄테라피","경기","경기","안성시","일죽면","E:\mong-lounge-site\massage\gyeonggi\anseong\안성시-출장마사지-공도-석정-대덕-산업-통근과-장시간-운전-허리-다리-피로-방문-홈케어\index.html","E:\mong-lounge-site\shops\gyeonggi\anseong\일죽면\프리미엄테라피\index.html","신규"
"프리미엄테라피","경기","경기","안성시","죽산면","E:\mong-lounge-site\massage\gyeonggi\anseong\안성시-출장마사지-공도-석정-대덕-산업-통근과-장시간-운전-허리-다리-피로-방문-홈케어\index.html","E:\mong-lounge-site\shops\gyeonggi\anseong\죽산면\프리미엄테라피\index.html","신규"
"프리미엄테라피","경기","경기","안양시-동안구","갈산동","E:\mong-lounge-site\massage\gyeonggi\anyang\dongan-gu\안양시-동안구-출장마사지-동별-생활권-지역안내\index.html","E:\mong-lounge-site\shops\gyeonggi\anyang\dongan-gu\갈산동\프리미엄테라피\index.html","신규"
"프리미엄테라피","경기","경기","안양시-동안구","관양동","E:\mong-lounge-site\massage\gyeonggi\anyang\dongan-gu\안양시-동안구-출장마사지-동별-생활권-지역안내\index.html","E:\mong-lounge-site\shops\gyeonggi\anyang\dongan-gu\관양동\프리미엄테라피\index.html","신규"
"프리미엄테라피","경기","경기","안양시-동안구","귀인동","E:\mong-lounge-site\massage\gyeonggi\anyang\dongan-gu\안양시-동안구-출장마사지-동별-생활권-지역안내\index.html","E:\mong-lounge-site\shops\gyeonggi\anyang\dongan-gu\귀인동\프리미엄테라피\index.html","신규"
"프리미엄테라피","경기","경기","안양시-동안구","달안동","E:\mong-lounge-site\massage\gyeonggi\anyang\dongan-gu\안양시-동안구-출장마사지-동별-생활권-지역안내\index.html","E:\mong-lounge-site\shops\gyeonggi\anyang\dongan-gu\달안동\프리미엄테라피\index.html","신규"
"프리미엄테라피","경기","경기","안양시-동안구","범계동","E:\mong-lounge-site\massage\gyeonggi\anyang\dongan-gu\안양시-동안구-출장마사지-동별-생활권-지역안내\index.html","E:\mong-lounge-site\shops\gyeonggi\anyang\dongan-gu\범계동\프리미엄테라피\index.html","신규"
"프리미엄테라피","경기","경기","안양시-동안구","부림동","E:\mong-lounge-site\massage\gyeonggi\anyang\dongan-gu\안양시-동안구-출장마사지-동별-생활권-지역안내\index.html","E:\mong-lounge-site\shops\gyeonggi\anyang\dongan-gu\부림동\프리미엄테라피\index.html","신규"
"프리미엄테라피","경기","경기","안양시-동안구","부흥동","E:\mong-lounge-site\massage\gyeonggi\anyang\dongan-gu\안양시-동안구-출장마사지-동별-생활권-지역안내\index.html","E:\mong-lounge-site\shops\gyeonggi\anyang\dongan-gu\부흥동\프리미엄테라피\index.html","신규"
"프리미엄테라피","경기","경기","안양시-동안구","비산동","E:\mong-lounge-site\massage\gyeonggi\anyang\dongan-gu\안양시-동안구-출장마사지-동별-생활권-지역안내\index.html","E:\mong-lounge-site\shops\gyeonggi\anyang\dongan-gu\비산동\프리미엄테라피\index.html","신규"
"프리미엄테라피","경기","경기","안양시-동안구","신촌동","E:\mong-lounge-site\massage\gyeonggi\anyang\dongan-gu\안양시-동안구-출장마사지-동별-생활권-지역안내\index.html","E:\mong-lounge-site\shops\gyeonggi\anyang\dongan-gu\신촌동\프리미엄테라피\index.html","신규"
"프리미엄테라피","경기","경기","안양시-동안구","인덕원동","E:\mong-lounge-site\massage\gyeonggi\anyang\dongan-gu\안양시-동안구-출장마사지-동별-생활권-지역안내\index.html","E:\mong-lounge-site\shops\gyeonggi\anyang\dongan-gu\인덕원동\프리미엄테라피\index.html","신규"
"프리미엄테라피","경기","경기","안양시-동안구","평안동","E:\mong-lounge-site\massage\gyeonggi\anyang\dongan-gu\안양시-동안구-출장마사지-동별-생활권-지역안내\index.html","E:\mong-lounge-site\shops\gyeonggi\anyang\dongan-gu\평안동\프리미엄테라피\index.html","신규"
"프리미엄테라피","경기","경기","안양시-동안구","평촌동","E:\mong-lounge-site\massage\gyeonggi\anyang\dongan-gu\안양시-동안구-출장마사지-동별-생활권-지역안내\index.html","E:\mong-lounge-site\shops\gyeonggi\anyang\dongan-gu\평촌동\프리미엄테라피\index.html","신규"
"프리미엄테라피","경기","경기","안양시-동안구","호계동","E:\mong-lounge-site\massage\gyeonggi\anyang\dongan-gu\안양시-동안구-출장마사지-동별-생활권-지역안내\index.html","E:\mong-lounge-site\shops\gyeonggi\anyang\dongan-gu\호계동\프리미엄테라피\index.html","신규"
"프리미엄테라피","경기","경기","안양시-만안구","명학동","E:\mong-lounge-site\massage\gyeonggi\anyang\manan-gu\안양시-만안구-출장마사지-동별-생활권-지역안내\index.html","E:\mong-lounge-site\shops\gyeonggi\anyang\manan-gu\명학동\프리미엄테라피\index.html","신규"
"프리미엄테라피","경기","경기","안양시-만안구","박달동","E:\mong-lounge-site\massage\gyeonggi\anyang\manan-gu\안양시-만안구-출장마사지-동별-생활권-지역안내\index.html","E:\mong-lounge-site\shops\gyeonggi\anyang\manan-gu\박달동\프리미엄테라피\index.html","신규"
"프리미엄테라피","경기","경기","안양시-만안구","병목안동","E:\mong-lounge-site\massage\gyeonggi\anyang\manan-gu\안양시-만안구-출장마사지-동별-생활권-지역안내\index.html","E:\mong-lounge-site\shops\gyeonggi\anyang\manan-gu\병목안동\프리미엄테라피\index.html","신규"
"프리미엄테라피","경기","경기","안양시-만안구","석수동","E:\mong-lounge-site\massage\gyeonggi\anyang\manan-gu\안양시-만안구-출장마사지-동별-생활권-지역안내\index.html","E:\mong-lounge-site\shops\gyeonggi\anyang\manan-gu\석수동\프리미엄테라피\index.html","신규"
"프리미엄테라피","경기","경기","안양시-만안구","안양동","E:\mong-lounge-site\massage\gyeonggi\anyang\manan-gu\안양시-만안구-출장마사지-동별-생활권-지역안내\index.html","E:\mong-lounge-site\shops\gyeonggi\anyang\manan-gu\안양동\프리미엄테라피\index.html","신규"
"프리미엄테라피","경기","경기","안양시-만안구","충훈동","E:\mong-lounge-site\massage\gyeonggi\anyang\manan-gu\안양시-만안구-출장마사지-동별-생활권-지역안내\index.html","E:\mong-lounge-site\shops\gyeonggi\anyang\manan-gu\충훈동\프리미엄테라피\index.html","신규"
"프리미엄테라피","경기","경기","안양시-만안구","호현동","E:\mong-lounge-site\massage\gyeonggi\anyang\manan-gu\안양시-만안구-출장마사지-동별-생활권-지역안내\index.html","E:\mong-lounge-site\shops\gyeonggi\anyang\manan-gu\호현동\프리미엄테라피\index.html","신규"
"프리미엄테라피","경기","경기","양주시","광적면","E:\mong-lounge-site\massage\gyeonggi\yangju\양주시-출장마사지-옥정-덕계-회천-가족-일정과-차량-이동이-겹친-날-허리-다리-피로-방문-홈케어\index.html","E:\mong-lounge-site\shops\gyeonggi\yangju\광적면\프리미엄테라피\index.html","신규"
"프리미엄테라피","경기","경기","양주시","남면","E:\mong-lounge-site\massage\gyeonggi\yangju\양주시-출장마사지-옥정-덕계-회천-가족-일정과-차량-이동이-겹친-날-허리-다리-피로-방문-홈케어\index.html","E:\mong-lounge-site\shops\gyeonggi\yangju\남면\프리미엄테라피\index.html","신규"
"프리미엄테라피","경기","경기","양주시","백석읍","E:\mong-lounge-site\massage\gyeonggi\yangju\양주시-출장마사지-옥정-덕계-회천-가족-일정과-차량-이동이-겹친-날-허리-다리-피로-방문-홈케어\index.html","E:\mong-lounge-site\shops\gyeonggi\yangju\백석읍\프리미엄테라피\index.html","신규"
"프리미엄테라피","경기","경기","양주시","양주동","E:\mong-lounge-site\massage\gyeonggi\yangju\양주시-출장마사지-옥정-덕계-회천-가족-일정과-차량-이동이-겹친-날-허리-다리-피로-방문-홈케어\index.html","E:\mong-lounge-site\shops\gyeonggi\yangju\양주동\프리미엄테라피\index.html","신규"
"프리미엄테라피","경기","경기","양주시","옥정동","E:\mong-lounge-site\massage\gyeonggi\yangju\양주시-출장마사지-옥정-덕계-회천-가족-일정과-차량-이동이-겹친-날-허리-다리-피로-방문-홈케어\index.html","E:\mong-lounge-site\shops\gyeonggi\yangju\옥정동\프리미엄테라피\index.html","신규"
"프리미엄테라피","경기","경기","양주시","은현면","E:\mong-lounge-site\massage\gyeonggi\yangju\양주시-출장마사지-옥정-덕계-회천-가족-일정과-차량-이동이-겹친-날-허리-다리-피로-방문-홈케어\index.html","E:\mong-lounge-site\shops\gyeonggi\yangju\은현면\프리미엄테라피\index.html","신규"
"프리미엄테라피","경기","경기","양주시","장흥면","E:\mong-lounge-site\massage\gyeonggi\yangju\양주시-출장마사지-옥정-덕계-회천-가족-일정과-차량-이동이-겹친-날-허리-다리-피로-방문-홈케어\index.html","E:\mong-lounge-site\shops\gyeonggi\yangju\장흥면\프리미엄테라피\index.html","신규"
"프리미엄테라피","경기","경기","양주시","회천동","E:\mong-lounge-site\massage\gyeonggi\yangju\양주시-출장마사지-옥정-덕계-회천-가족-일정과-차량-이동이-겹친-날-허리-다리-피로-방문-홈케어\index.html","E:\mong-lounge-site\shops\gyeonggi\yangju\회천동\프리미엄테라피\index.html","신규"
"프리미엄테라피","경기","경기","양평군","강상면","E:\mong-lounge-site\massage\gyeonggi\yangpyeong\양평군-출장마사지-양평읍-용문-양서-주말-차량-이동과-외출-일정-허리-다리-피로-방문-홈케어\index.html","E:\mong-lounge-site\shops\gyeonggi\yangpyeong\강상면\프리미엄테라피\index.html","신규"
"프리미엄테라피","경기","경기","양평군","강하면","E:\mong-lounge-site\massage\gyeonggi\yangpyeong\양평군-출장마사지-양평읍-용문-양서-주말-차량-이동과-외출-일정-허리-다리-피로-방문-홈케어\index.html","E:\mong-lounge-site\shops\gyeonggi\yangpyeong\강하면\프리미엄테라피\index.html","신규"
"프리미엄테라피","경기","경기","양평군","개군면","E:\mong-lounge-site\massage\gyeonggi\yangpyeong\양평군-출장마사지-양평읍-용문-양서-주말-차량-이동과-외출-일정-허리-다리-피로-방문-홈케어\index.html","E:\mong-lounge-site\shops\gyeonggi\yangpyeong\개군면\프리미엄테라피\index.html","신규"
"프리미엄테라피","경기","경기","양평군","단월면","E:\mong-lounge-site\massage\gyeonggi\yangpyeong\양평군-출장마사지-양평읍-용문-양서-주말-차량-이동과-외출-일정-허리-다리-피로-방문-홈케어\index.html","E:\mong-lounge-site\shops\gyeonggi\yangpyeong\단월면\프리미엄테라피\index.html","신규"
"프리미엄테라피","경기","경기","양평군","서종면","E:\mong-lounge-site\massage\gyeonggi\yangpyeong\양평군-출장마사지-양평읍-용문-양서-주말-차량-이동과-외출-일정-허리-다리-피로-방문-홈케어\index.html","E:\mong-lounge-site\shops\gyeonggi\yangpyeong\서종면\프리미엄테라피\index.html","신규"
"프리미엄테라피","경기","경기","양평군","양동면","E:\mong-lounge-site\massage\gyeonggi\yangpyeong\양평군-출장마사지-양평읍-용문-양서-주말-차량-이동과-외출-일정-허리-다리-피로-방문-홈케어\index.html","E:\mong-lounge-site\shops\gyeonggi\yangpyeong\양동면\프리미엄테라피\index.html","신규"
"프리미엄테라피","경기","경기","양평군","양서면","E:\mong-lounge-site\massage\gyeonggi\yangpyeong\양평군-출장마사지-양평읍-용문-양서-주말-차량-이동과-외출-일정-허리-다리-피로-방문-홈케어\index.html","E:\mong-lounge-site\shops\gyeonggi\yangpyeong\양서면\프리미엄테라피\index.html","신규"
"프리미엄테라피","경기","경기","양평군","양평읍","E:\mong-lounge-site\massage\gyeonggi\yangpyeong\양평군-출장마사지-양평읍-용문-양서-주말-차량-이동과-외출-일정-허리-다리-피로-방문-홈케어\index.html","E:\mong-lounge-site\shops\gyeonggi\yangpyeong\양평읍\프리미엄테라피\index.html","신규"
"프리미엄테라피","경기","경기","양평군","옥천면","E:\mong-lounge-site\massage\gyeonggi\yangpyeong\양평군-출장마사지-양평읍-용문-양서-주말-차량-이동과-외출-일정-허리-다리-피로-방문-홈케어\index.html","E:\mong-lounge-site\shops\gyeonggi\yangpyeong\옥천면\프리미엄테라피\index.html","신규"
"프리미엄테라피","경기","경기","양평군","용문면","E:\mong-lounge-site\massage\gyeonggi\yangpyeong\양평군-출장마사지-양평읍-용문-양서-주말-차량-이동과-외출-일정-허리-다리-피로-방문-홈케어\index.html","E:\mong-lounge-site\shops\gyeonggi\yangpyeong\용문면\프리미엄테라피\index.html","신규"
"프리미엄테라피","경기","경기","양평군","지평면","E:\mong-lounge-site\massage\gyeonggi\yangpyeong\양평군-출장마사지-양평읍-용문-양서-주말-차량-이동과-외출-일정-허리-다리-피로-방문-홈케어\index.html","E:\mong-lounge-site\shops\gyeonggi\yangpyeong\지평면\프리미엄테라피\index.html","신규"
"프리미엄테라피","경기","경기","양평군","청운면","E:\mong-lounge-site\massage\gyeonggi\yangpyeong\양평군-출장마사지-양평읍-용문-양서-주말-차량-이동과-외출-일정-허리-다리-피로-방문-홈케어\index.html","E:\mong-lounge-site\shops\gyeonggi\yangpyeong\청운면\프리미엄테라피\index.html","신규"
"프리미엄테라피","경기","경기","여주시","가남읍","E:\mong-lounge-site\massage\gyeonggi\yeoju\여주시-출장마사지-오학-홍문-여주역-쇼핑-업무와-차량-이동이-겹친-날-다리-허리-피로-방문-홈케어\index.html","E:\mong-lounge-site\shops\gyeonggi\yeoju\가남읍\프리미엄테라피\index.html","신규"
"프리미엄테라피","경기","경기","여주시","강천면","E:\mong-lounge-site\massage\gyeonggi\yeoju\여주시-출장마사지-오학-홍문-여주역-쇼핑-업무와-차량-이동이-겹친-날-다리-허리-피로-방문-홈케어\index.html","E:\mong-lounge-site\shops\gyeonggi\yeoju\강천면\프리미엄테라피\index.html","신규"
"프리미엄테라피","경기","경기","여주시","금사면","E:\mong-lounge-site\massage\gyeonggi\yeoju\여주시-출장마사지-오학-홍문-여주역-쇼핑-업무와-차량-이동이-겹친-날-다리-허리-피로-방문-홈케어\index.html","E:\mong-lounge-site\shops\gyeonggi\yeoju\금사면\프리미엄테라피\index.html","신규"
"프리미엄테라피","경기","경기","여주시","대신면","E:\mong-lounge-site\massage\gyeonggi\yeoju\여주시-출장마사지-오학-홍문-여주역-쇼핑-업무와-차량-이동이-겹친-날-다리-허리-피로-방문-홈케어\index.html","E:\mong-lounge-site\shops\gyeonggi\yeoju\대신면\프리미엄테라피\index.html","신규"
"프리미엄테라피","경기","경기","여주시","북내면","E:\mong-lounge-site\massage\gyeonggi\yeoju\여주시-출장마사지-오학-홍문-여주역-쇼핑-업무와-차량-이동이-겹친-날-다리-허리-피로-방문-홈케어\index.html","E:\mong-lounge-site\shops\gyeonggi\yeoju\북내면\프리미엄테라피\index.html","신규"
"프리미엄테라피","경기","경기","여주시","산북면","E:\mong-lounge-site\massage\gyeonggi\yeoju\여주시-출장마사지-오학-홍문-여주역-쇼핑-업무와-차량-이동이-겹친-날-다리-허리-피로-방문-홈케어\index.html","E:\mong-lounge-site\shops\gyeonggi\yeoju\산북면\프리미엄테라피\index.html","신규"
"프리미엄테라피","경기","경기","여주시","세종대왕면","E:\mong-lounge-site\massage\gyeonggi\yeoju\여주시-출장마사지-오학-홍문-여주역-쇼핑-업무와-차량-이동이-겹친-날-다리-허리-피로-방문-홈케어\index.html","E:\mong-lounge-site\shops\gyeonggi\yeoju\세종대왕면\프리미엄테라피\index.html","신규"
"프리미엄테라피","경기","경기","여주시","여흥동","E:\mong-lounge-site\massage\gyeonggi\yeoju\여주시-출장마사지-오학-홍문-여주역-쇼핑-업무와-차량-이동이-겹친-날-다리-허리-피로-방문-홈케어\index.html","E:\mong-lounge-site\shops\gyeonggi\yeoju\여흥동\프리미엄테라피\index.html","신규"
"프리미엄테라피","경기","경기","여주시","오학동","E:\mong-lounge-site\massage\gyeonggi\yeoju\여주시-출장마사지-오학-홍문-여주역-쇼핑-업무와-차량-이동이-겹친-날-다리-허리-피로-방문-홈케어\index.html","E:\mong-lounge-site\shops\gyeonggi\yeoju\오학동\프리미엄테라피\index.html","신규"
"프리미엄테라피","경기","경기","여주시","점동면","E:\mong-lounge-site\massage\gyeonggi\yeoju\여주시-출장마사지-오학-홍문-여주역-쇼핑-업무와-차량-이동이-겹친-날-다리-허리-피로-방문-홈케어\index.html","E:\mong-lounge-site\shops\gyeonggi\yeoju\점동면\프리미엄테라피\index.html","신규"
"프리미엄테라피","경기","경기","여주시","중앙동","E:\mong-lounge-site\massage\gyeonggi\yeoju\여주시-출장마사지-오학-홍문-여주역-쇼핑-업무와-차량-이동이-겹친-날-다리-허리-피로-방문-홈케어\index.html","E:\mong-lounge-site\shops\gyeonggi\yeoju\중앙동\프리미엄테라피\index.html","신규"
"프리미엄테라피","경기","경기","여주시","흥천면","E:\mong-lounge-site\massage\gyeonggi\yeoju\여주시-출장마사지-오학-홍문-여주역-쇼핑-업무와-차량-이동이-겹친-날-다리-허리-피로-방문-홈케어\index.html","E:\mong-lounge-site\shops\gyeonggi\yeoju\흥천면\프리미엄테라피\index.html","신규"
"프리미엄테라피","경기","경기","연천군","군남면","E:\mong-lounge-site\massage\gyeonggi\yeoncheon\연천군-출장마사지-전곡-연천읍-청산-장거리-운전과-외곽-이동-허리-다리-피로-방문-홈케어\index.html","E:\mong-lounge-site\shops\gyeonggi\yeoncheon\군남면\프리미엄테라피\index.html","신규"
"프리미엄테라피","경기","경기","연천군","미산면","E:\mong-lounge-site\massage\gyeonggi\yeoncheon\연천군-출장마사지-전곡-연천읍-청산-장거리-운전과-외곽-이동-허리-다리-피로-방문-홈케어\index.html","E:\mong-lounge-site\shops\gyeonggi\yeoncheon\미산면\프리미엄테라피\index.html","신규"
"프리미엄테라피","경기","경기","연천군","백학면","E:\mong-lounge-site\massage\gyeonggi\yeoncheon\연천군-출장마사지-전곡-연천읍-청산-장거리-운전과-외곽-이동-허리-다리-피로-방문-홈케어\index.html","E:\mong-lounge-site\shops\gyeonggi\yeoncheon\백학면\프리미엄테라피\index.html","신규"
"프리미엄테라피","경기","경기","연천군","신서면","E:\mong-lounge-site\massage\gyeonggi\yeoncheon\연천군-출장마사지-전곡-연천읍-청산-장거리-운전과-외곽-이동-허리-다리-피로-방문-홈케어\index.html","E:\mong-lounge-site\shops\gyeonggi\yeoncheon\신서면\프리미엄테라피\index.html","신규"
"프리미엄테라피","경기","경기","연천군","연천읍","E:\mong-lounge-site\massage\gyeonggi\yeoncheon\연천군-출장마사지-전곡-연천읍-청산-장거리-운전과-외곽-이동-허리-다리-피로-방문-홈케어\index.html","E:\mong-lounge-site\shops\gyeonggi\yeoncheon\연천읍\프리미엄테라피\index.html","신규"
"프리미엄테라피","경기","경기","연천군","왕징면","E:\mong-lounge-site\massage\gyeonggi\yeoncheon\연천군-출장마사지-전곡-연천읍-청산-장거리-운전과-외곽-이동-허리-다리-피로-방문-홈케어\index.html","E:\mong-lounge-site\shops\gyeonggi\yeoncheon\왕징면\프리미엄테라피\index.html","신규"
"프리미엄테라피","경기","경기","연천군","장남면","E:\mong-lounge-site\massage\gyeonggi\yeoncheon\연천군-출장마사지-전곡-연천읍-청산-장거리-운전과-외곽-이동-허리-다리-피로-방문-홈케어\index.html","E:\mong-lounge-site\shops\gyeonggi\yeoncheon\장남면\프리미엄테라피\index.html","신규"
"프리미엄테라피","경기","경기","연천군","전곡읍","E:\mong-lounge-site\massage\gyeonggi\yeoncheon\연천군-출장마사지-전곡-연천읍-청산-장거리-운전과-외곽-이동-허리-다리-피로-방문-홈케어\index.html","E:\mong-lounge-site\shops\gyeonggi\yeoncheon\전곡읍\프리미엄테라피\index.html","신규"
"프리미엄테라피","경기","경기","연천군","중면","E:\mong-lounge-site\massage\gyeonggi\yeoncheon\연천군-출장마사지-전곡-연천읍-청산-장거리-운전과-외곽-이동-허리-다리-피로-방문-홈케어\index.html","E:\mong-lounge-site\shops\gyeonggi\yeoncheon\중면\프리미엄테라피\index.html","신규"
"프리미엄테라피","경기","경기","연천군","청산면","E:\mong-lounge-site\massage\gyeonggi\yeoncheon\연천군-출장마사지-전곡-연천읍-청산-장거리-운전과-외곽-이동-허리-다리-피로-방문-홈케어\index.html","E:\mong-lounge-site\shops\gyeonggi\yeoncheon\청산면\프리미엄테라피\index.html","신규"
"프리미엄테라피","경기","경기","오산시","남촌동","E:\mong-lounge-site\massage\gyeonggi\osan\오산시-출장마사지-세교-오산역-원동-출퇴근과-환승-이동이-길어진-날-목-다리-피로-방문-홈케어\index.html","E:\mong-lounge-site\shops\gyeonggi\osan\남촌동\프리미엄테라피\index.html","신규"
"프리미엄테라피","경기","경기","오산시","대원동","E:\mong-lounge-site\massage\gyeonggi\osan\오산시-출장마사지-세교-오산역-원동-출퇴근과-환승-이동이-길어진-날-목-다리-피로-방문-홈케어\index.html","E:\mong-lounge-site\shops\gyeonggi\osan\대원동\프리미엄테라피\index.html","신규"
"프리미엄테라피","경기","경기","오산시","세마동","E:\mong-lounge-site\massage\gyeonggi\osan\오산시-출장마사지-세교-오산역-원동-출퇴근과-환승-이동이-길어진-날-목-다리-피로-방문-홈케어\index.html","E:\mong-lounge-site\shops\gyeonggi\osan\세마동\프리미엄테라피\index.html","신규"
"프리미엄테라피","경기","경기","오산시","신장동","E:\mong-lounge-site\massage\gyeonggi\osan\오산시-출장마사지-세교-오산역-원동-출퇴근과-환승-이동이-길어진-날-목-다리-피로-방문-홈케어\index.html","E:\mong-lounge-site\shops\gyeonggi\osan\신장동\프리미엄테라피\index.html","신규"
"프리미엄테라피","경기","경기","오산시","중앙동","E:\mong-lounge-site\massage\gyeonggi\osan\오산시-출장마사지-세교-오산역-원동-출퇴근과-환승-이동이-길어진-날-목-다리-피로-방문-홈케어\index.html","E:\mong-lounge-site\shops\gyeonggi\osan\중앙동\프리미엄테라피\index.html","신규"
"프리미엄테라피","경기","경기","오산시","초평동","E:\mong-lounge-site\massage\gyeonggi\osan\오산시-출장마사지-세교-오산역-원동-출퇴근과-환승-이동이-길어진-날-목-다리-피로-방문-홈케어\index.html","E:\mong-lounge-site\shops\gyeonggi\osan\초평동\프리미엄테라피\index.html","신규"
"프리미엄테라피","경기","경기","용인시-기흥구","구갈동","E:\mong-lounge-site\massage\gyeonggi\yongin\giheung-gu\용인시-기흥구-출장마사지-동별-생활권-지역안내\index.html","E:\mong-lounge-site\shops\gyeonggi\yongin\giheung-gu\구갈동\프리미엄테라피\index.html","신규"
"프리미엄테라피","경기","경기","용인시-기흥구","구성동","E:\mong-lounge-site\massage\gyeonggi\yongin\giheung-gu\용인시-기흥구-출장마사지-동별-생활권-지역안내\index.html","E:\mong-lounge-site\shops\gyeonggi\yongin\giheung-gu\구성동\프리미엄테라피\index.html","신규"
"프리미엄테라피","경기","경기","용인시-기흥구","기흥동","E:\mong-lounge-site\massage\gyeonggi\yongin\giheung-gu\용인시-기흥구-출장마사지-동별-생활권-지역안내\index.html","E:\mong-lounge-site\shops\gyeonggi\yongin\giheung-gu\기흥동\프리미엄테라피\index.html","신규"
"프리미엄테라피","경기","경기","용인시-기흥구","동백동","E:\mong-lounge-site\massage\gyeonggi\yongin\giheung-gu\용인시-기흥구-출장마사지-동별-생활권-지역안내\index.html","E:\mong-lounge-site\shops\gyeonggi\yongin\giheung-gu\동백동\프리미엄테라피\index.html","신규"
"프리미엄테라피","경기","경기","용인시-기흥구","마북동","E:\mong-lounge-site\massage\gyeonggi\yongin\giheung-gu\용인시-기흥구-출장마사지-동별-생활권-지역안내\index.html","E:\mong-lounge-site\shops\gyeonggi\yongin\giheung-gu\마북동\프리미엄테라피\index.html","신규"
"프리미엄테라피","경기","경기","용인시-기흥구","보라동","E:\mong-lounge-site\massage\gyeonggi\yongin\giheung-gu\용인시-기흥구-출장마사지-동별-생활권-지역안내\index.html","E:\mong-lounge-site\shops\gyeonggi\yongin\giheung-gu\보라동\프리미엄테라피\index.html","신규"
"프리미엄테라피","경기","경기","용인시-기흥구","보정동","E:\mong-lounge-site\massage\gyeonggi\yongin\giheung-gu\용인시-기흥구-출장마사지-동별-생활권-지역안내\index.html","E:\mong-lounge-site\shops\gyeonggi\yongin\giheung-gu\보정동\프리미엄테라피\index.html","신규"
"프리미엄테라피","경기","경기","용인시-기흥구","상갈동","E:\mong-lounge-site\massage\gyeonggi\yongin\giheung-gu\용인시-기흥구-출장마사지-동별-생활권-지역안내\index.html","E:\mong-lounge-site\shops\gyeonggi\yongin\giheung-gu\상갈동\프리미엄테라피\index.html","신규"
"프리미엄테라피","경기","경기","용인시-기흥구","상하동","E:\mong-lounge-site\massage\gyeonggi\yongin\giheung-gu\용인시-기흥구-출장마사지-동별-생활권-지역안내\index.html","E:\mong-lounge-site\shops\gyeonggi\yongin\giheung-gu\상하동\프리미엄테라피\index.html","신규"
"프리미엄테라피","경기","경기","용인시-기흥구","서농동","E:\mong-lounge-site\massage\gyeonggi\yongin\giheung-gu\용인시-기흥구-출장마사지-동별-생활권-지역안내\index.html","E:\mong-lounge-site\shops\gyeonggi\yongin\giheung-gu\서농동\프리미엄테라피\index.html","신규"
"프리미엄테라피","경기","경기","용인시-기흥구","신갈동","E:\mong-lounge-site\massage\gyeonggi\yongin\giheung-gu\용인시-기흥구-출장마사지-동별-생활권-지역안내\index.html","E:\mong-lounge-site\shops\gyeonggi\yongin\giheung-gu\신갈동\프리미엄테라피\index.html","신규"
"프리미엄테라피","경기","경기","용인시-기흥구","영덕동","E:\mong-lounge-site\massage\gyeonggi\yongin\giheung-gu\용인시-기흥구-출장마사지-동별-생활권-지역안내\index.html","E:\mong-lounge-site\shops\gyeonggi\yongin\giheung-gu\영덕동\프리미엄테라피\index.html","신규"
"프리미엄테라피","경기","경기","용인시-수지구","동천동","E:\mong-lounge-site\massage\gyeonggi\yongin\suji-gu\용인시-수지구-출장마사지-동별-생활권-지역안내\index.html","E:\mong-lounge-site\shops\gyeonggi\yongin\suji-gu\동천동\프리미엄테라피\index.html","신규"
"프리미엄테라피","경기","경기","용인시-수지구","상현동","E:\mong-lounge-site\massage\gyeonggi\yongin\suji-gu\용인시-수지구-출장마사지-동별-생활권-지역안내\index.html","E:\mong-lounge-site\shops\gyeonggi\yongin\suji-gu\상현동\프리미엄테라피\index.html","신규"
"프리미엄테라피","경기","경기","용인시-수지구","성복동","E:\mong-lounge-site\massage\gyeonggi\yongin\suji-gu\용인시-수지구-출장마사지-동별-생활권-지역안내\index.html","E:\mong-lounge-site\shops\gyeonggi\yongin\suji-gu\성복동\프리미엄테라피\index.html","신규"
"프리미엄테라피","경기","경기","용인시-수지구","신봉동","E:\mong-lounge-site\massage\gyeonggi\yongin\suji-gu\용인시-수지구-출장마사지-동별-생활권-지역안내\index.html","E:\mong-lounge-site\shops\gyeonggi\yongin\suji-gu\신봉동\프리미엄테라피\index.html","신규"
"프리미엄테라피","경기","경기","용인시-수지구","죽전동","E:\mong-lounge-site\massage\gyeonggi\yongin\suji-gu\용인시-수지구-출장마사지-동별-생활권-지역안내\index.html","E:\mong-lounge-site\shops\gyeonggi\yongin\suji-gu\죽전동\프리미엄테라피\index.html","신규"
"프리미엄테라피","경기","경기","용인시-수지구","풍덕천동","E:\mong-lounge-site\massage\gyeonggi\yongin\suji-gu\용인시-수지구-출장마사지-동별-생활권-지역안내\index.html","E:\mong-lounge-site\shops\gyeonggi\yongin\suji-gu\풍덕천동\프리미엄테라피\index.html","신규"
"프리미엄테라피","경기","경기","용인시-처인구","남사읍","E:\mong-lounge-site\massage\gyeonggi\yongin\cheoin-gu\용인시-처인구-출장마사지-동별-생활권-지역안내\index.html","E:\mong-lounge-site\shops\gyeonggi\yongin\cheoin-gu\남사읍\프리미엄테라피\index.html","신규"
"프리미엄테라피","경기","경기","용인시-처인구","동부동","E:\mong-lounge-site\massage\gyeonggi\yongin\cheoin-gu\용인시-처인구-출장마사지-동별-생활권-지역안내\index.html","E:\mong-lounge-site\shops\gyeonggi\yongin\cheoin-gu\동부동\프리미엄테라피\index.html","신규"
"프리미엄테라피","경기","경기","용인시-처인구","모현읍","E:\mong-lounge-site\massage\gyeonggi\yongin\cheoin-gu\용인시-처인구-출장마사지-동별-생활권-지역안내\index.html","E:\mong-lounge-site\shops\gyeonggi\yongin\cheoin-gu\모현읍\프리미엄테라피\index.html","신규"
"프리미엄테라피","경기","경기","용인시-처인구","백암면","E:\mong-lounge-site\massage\gyeonggi\yongin\cheoin-gu\용인시-처인구-출장마사지-동별-생활권-지역안내\index.html","E:\mong-lounge-site\shops\gyeonggi\yongin\cheoin-gu\백암면\프리미엄테라피\index.html","신규"
"프리미엄테라피","경기","경기","용인시-처인구","삼가동","E:\mong-lounge-site\massage\gyeonggi\yongin\cheoin-gu\용인시-처인구-출장마사지-동별-생활권-지역안내\index.html","E:\mong-lounge-site\shops\gyeonggi\yongin\cheoin-gu\삼가동\프리미엄테라피\index.html","신규"
"프리미엄테라피","경기","경기","용인시-처인구","양지읍","E:\mong-lounge-site\massage\gyeonggi\yongin\cheoin-gu\용인시-처인구-출장마사지-동별-생활권-지역안내\index.html","E:\mong-lounge-site\shops\gyeonggi\yongin\cheoin-gu\양지읍\프리미엄테라피\index.html","신규"
"프리미엄테라피","경기","경기","용인시-처인구","역북동","E:\mong-lounge-site\massage\gyeonggi\yongin\cheoin-gu\용인시-처인구-출장마사지-동별-생활권-지역안내\index.html","E:\mong-lounge-site\shops\gyeonggi\yongin\cheoin-gu\역북동\프리미엄테라피\index.html","신규"
"프리미엄테라피","경기","경기","용인시-처인구","원삼면","E:\mong-lounge-site\massage\gyeonggi\yongin\cheoin-gu\용인시-처인구-출장마사지-동별-생활권-지역안내\index.html","E:\mong-lounge-site\shops\gyeonggi\yongin\cheoin-gu\원삼면\프리미엄테라피\index.html","신규"
"프리미엄테라피","경기","경기","용인시-처인구","유림동","E:\mong-lounge-site\massage\gyeonggi\yongin\cheoin-gu\용인시-처인구-출장마사지-동별-생활권-지역안내\index.html","E:\mong-lounge-site\shops\gyeonggi\yongin\cheoin-gu\유림동\프리미엄테라피\index.html","신규"
"프리미엄테라피","경기","경기","용인시-처인구","이동읍","E:\mong-lounge-site\massage\gyeonggi\yongin\cheoin-gu\용인시-처인구-출장마사지-동별-생활권-지역안내\index.html","E:\mong-lounge-site\shops\gyeonggi\yongin\cheoin-gu\이동읍\프리미엄테라피\index.html","신규"
"프리미엄테라피","경기","경기","용인시-처인구","중앙동","E:\mong-lounge-site\massage\gyeonggi\yongin\cheoin-gu\용인시-처인구-출장마사지-동별-생활권-지역안내\index.html","E:\mong-lounge-site\shops\gyeonggi\yongin\cheoin-gu\중앙동\프리미엄테라피\index.html","신규"
"프리미엄테라피","경기","경기","용인시-처인구","포곡읍","E:\mong-lounge-site\massage\gyeonggi\yongin\cheoin-gu\용인시-처인구-출장마사지-동별-생활권-지역안내\index.html","E:\mong-lounge-site\shops\gyeonggi\yongin\cheoin-gu\포곡읍\프리미엄테라피\index.html","신규"
"프리미엄테라피","경기","경기","의왕시","고천동","E:\mong-lounge-site\massage\gyeonggi\uiwang\의왕시-출장마사지-내손-포일-오전-오피스-통근과-장시간-앉은-업무-목-허리-피로-방문-홈케어\index.html","E:\mong-lounge-site\shops\gyeonggi\uiwang\고천동\프리미엄테라피\index.html","신규"
"프리미엄테라피","경기","경기","의왕시","내손동","E:\mong-lounge-site\massage\gyeonggi\uiwang\의왕시-출장마사지-내손-포일-오전-오피스-통근과-장시간-앉은-업무-목-허리-피로-방문-홈케어\index.html","E:\mong-lounge-site\shops\gyeonggi\uiwang\내손동\프리미엄테라피\index.html","신규"
"프리미엄테라피","경기","경기","의왕시","부곡동","E:\mong-lounge-site\massage\gyeonggi\uiwang\의왕시-출장마사지-내손-포일-오전-오피스-통근과-장시간-앉은-업무-목-허리-피로-방문-홈케어\index.html","E:\mong-lounge-site\shops\gyeonggi\uiwang\부곡동\프리미엄테라피\index.html","신규"
"프리미엄테라피","경기","경기","의왕시","오전동","E:\mong-lounge-site\massage\gyeonggi\uiwang\의왕시-출장마사지-내손-포일-오전-오피스-통근과-장시간-앉은-업무-목-허리-피로-방문-홈케어\index.html","E:\mong-lounge-site\shops\gyeonggi\uiwang\오전동\프리미엄테라피\index.html","신규"
"프리미엄테라피","경기","경기","의왕시","청계동","E:\mong-lounge-site\massage\gyeonggi\uiwang\의왕시-출장마사지-내손-포일-오전-오피스-통근과-장시간-앉은-업무-목-허리-피로-방문-홈케어\index.html","E:\mong-lounge-site\shops\gyeonggi\uiwang\청계동\프리미엄테라피\index.html","신규"
"프리미엄테라피","경기","경기","의정부시","가능동","E:\mong-lounge-site\massage\gyeonggi\uijeongbu\의정부시-출장마사지-민락-회룡-의정부역-통근과-생활-이동이-겹친-날-허리-다리-피로-방문-홈케어\index.html","E:\mong-lounge-site\shops\gyeonggi\uijeongbu\가능동\프리미엄테라피\index.html","신규"
"프리미엄테라피","경기","경기","의정부시","고산동","E:\mong-lounge-site\massage\gyeonggi\uijeongbu\의정부시-출장마사지-민락-회룡-의정부역-통근과-생활-이동이-겹친-날-허리-다리-피로-방문-홈케어\index.html","E:\mong-lounge-site\shops\gyeonggi\uijeongbu\고산동\프리미엄테라피\index.html","신규"
"프리미엄테라피","경기","경기","의정부시","녹양동","E:\mong-lounge-site\massage\gyeonggi\uijeongbu\의정부시-출장마사지-민락-회룡-의정부역-통근과-생활-이동이-겹친-날-허리-다리-피로-방문-홈케어\index.html","E:\mong-lounge-site\shops\gyeonggi\uijeongbu\녹양동\프리미엄테라피\index.html","신규"
"프리미엄테라피","경기","경기","의정부시","송산동","E:\mong-lounge-site\massage\gyeonggi\uijeongbu\의정부시-출장마사지-민락-회룡-의정부역-통근과-생활-이동이-겹친-날-허리-다리-피로-방문-홈케어\index.html","E:\mong-lounge-site\shops\gyeonggi\uijeongbu\송산동\프리미엄테라피\index.html","신규"
"프리미엄테라피","경기","경기","의정부시","신곡동","E:\mong-lounge-site\massage\gyeonggi\uijeongbu\의정부시-출장마사지-민락-회룡-의정부역-통근과-생활-이동이-겹친-날-허리-다리-피로-방문-홈케어\index.html","E:\mong-lounge-site\shops\gyeonggi\uijeongbu\신곡동\프리미엄테라피\index.html","신규"
"프리미엄테라피","경기","경기","의정부시","의정부동","E:\mong-lounge-site\massage\gyeonggi\uijeongbu\의정부시-출장마사지-민락-회룡-의정부역-통근과-생활-이동이-겹친-날-허리-다리-피로-방문-홈케어\index.html","E:\mong-lounge-site\shops\gyeonggi\uijeongbu\의정부동\프리미엄테라피\index.html","신규"
"프리미엄테라피","경기","경기","의정부시","자금동","E:\mong-lounge-site\massage\gyeonggi\uijeongbu\의정부시-출장마사지-민락-회룡-의정부역-통근과-생활-이동이-겹친-날-허리-다리-피로-방문-홈케어\index.html","E:\mong-lounge-site\shops\gyeonggi\uijeongbu\자금동\프리미엄테라피\index.html","신규"
"프리미엄테라피","경기","경기","의정부시","장암동","E:\mong-lounge-site\massage\gyeonggi\uijeongbu\의정부시-출장마사지-민락-회룡-의정부역-통근과-생활-이동이-겹친-날-허리-다리-피로-방문-홈케어\index.html","E:\mong-lounge-site\shops\gyeonggi\uijeongbu\장암동\프리미엄테라피\index.html","신규"
"프리미엄테라피","경기","경기","의정부시","호원동","E:\mong-lounge-site\massage\gyeonggi\uijeongbu\의정부시-출장마사지-민락-회룡-의정부역-통근과-생활-이동이-겹친-날-허리-다리-피로-방문-홈케어\index.html","E:\mong-lounge-site\shops\gyeonggi\uijeongbu\호원동\프리미엄테라피\index.html","신규"
"프리미엄테라피","경기","경기","의정부시","흥선동","E:\mong-lounge-site\massage\gyeonggi\uijeongbu\의정부시-출장마사지-민락-회룡-의정부역-통근과-생활-이동이-겹친-날-허리-다리-피로-방문-홈케어\index.html","E:\mong-lounge-site\shops\gyeonggi\uijeongbu\흥선동\프리미엄테라피\index.html","신규"
"프리미엄테라피","경기","경기","이천시","관고동","E:\mong-lounge-site\massage\gyeonggi\icheon\이천시-출장마사지-창전-부발-증포-물류-산업-업무와-장시간-이동-어깨-허리-피로-방문-홈케어\index.html","E:\mong-lounge-site\shops\gyeonggi\icheon\관고동\프리미엄테라피\index.html","신규"
"프리미엄테라피","경기","경기","이천시","대월면","E:\mong-lounge-site\massage\gyeonggi\icheon\이천시-출장마사지-창전-부발-증포-물류-산업-업무와-장시간-이동-어깨-허리-피로-방문-홈케어\index.html","E:\mong-lounge-site\shops\gyeonggi\icheon\대월면\프리미엄테라피\index.html","신규"
"프리미엄테라피","경기","경기","이천시","마장면","E:\mong-lounge-site\massage\gyeonggi\icheon\이천시-출장마사지-창전-부발-증포-물류-산업-업무와-장시간-이동-어깨-허리-피로-방문-홈케어\index.html","E:\mong-lounge-site\shops\gyeonggi\icheon\마장면\프리미엄테라피\index.html","신규"
"프리미엄테라피","경기","경기","이천시","모가면","E:\mong-lounge-site\massage\gyeonggi\icheon\이천시-출장마사지-창전-부발-증포-물류-산업-업무와-장시간-이동-어깨-허리-피로-방문-홈케어\index.html","E:\mong-lounge-site\shops\gyeonggi\icheon\모가면\프리미엄테라피\index.html","신규"
"프리미엄테라피","경기","경기","이천시","백사면","E:\mong-lounge-site\massage\gyeonggi\icheon\이천시-출장마사지-창전-부발-증포-물류-산업-업무와-장시간-이동-어깨-허리-피로-방문-홈케어\index.html","E:\mong-lounge-site\shops\gyeonggi\icheon\백사면\프리미엄테라피\index.html","신규"
"프리미엄테라피","경기","경기","이천시","부발읍","E:\mong-lounge-site\massage\gyeonggi\icheon\이천시-출장마사지-창전-부발-증포-물류-산업-업무와-장시간-이동-어깨-허리-피로-방문-홈케어\index.html","E:\mong-lounge-site\shops\gyeonggi\icheon\부발읍\프리미엄테라피\index.html","신규"
"프리미엄테라피","경기","경기","이천시","설성면","E:\mong-lounge-site\massage\gyeonggi\icheon\이천시-출장마사지-창전-부발-증포-물류-산업-업무와-장시간-이동-어깨-허리-피로-방문-홈케어\index.html","E:\mong-lounge-site\shops\gyeonggi\icheon\설성면\프리미엄테라피\index.html","신규"
"프리미엄테라피","경기","경기","이천시","신둔면","E:\mong-lounge-site\massage\gyeonggi\icheon\이천시-출장마사지-창전-부발-증포-물류-산업-업무와-장시간-이동-어깨-허리-피로-방문-홈케어\index.html","E:\mong-lounge-site\shops\gyeonggi\icheon\신둔면\프리미엄테라피\index.html","신규"
"프리미엄테라피","경기","경기","이천시","율면","E:\mong-lounge-site\massage\gyeonggi\icheon\이천시-출장마사지-창전-부발-증포-물류-산업-업무와-장시간-이동-어깨-허리-피로-방문-홈케어\index.html","E:\mong-lounge-site\shops\gyeonggi\icheon\율면\프리미엄테라피\index.html","신규"
"프리미엄테라피","경기","경기","이천시","장호원읍","E:\mong-lounge-site\massage\gyeonggi\icheon\이천시-출장마사지-창전-부발-증포-물류-산업-업무와-장시간-이동-어깨-허리-피로-방문-홈케어\index.html","E:\mong-lounge-site\shops\gyeonggi\icheon\장호원읍\프리미엄테라피\index.html","신규"
"프리미엄테라피","경기","경기","이천시","중리동","E:\mong-lounge-site\massage\gyeonggi\icheon\이천시-출장마사지-창전-부발-증포-물류-산업-업무와-장시간-이동-어깨-허리-피로-방문-홈케어\index.html","E:\mong-lounge-site\shops\gyeonggi\icheon\중리동\프리미엄테라피\index.html","신규"
"프리미엄테라피","경기","경기","이천시","증포동","E:\mong-lounge-site\massage\gyeonggi\icheon\이천시-출장마사지-창전-부발-증포-물류-산업-업무와-장시간-이동-어깨-허리-피로-방문-홈케어\index.html","E:\mong-lounge-site\shops\gyeonggi\icheon\증포동\프리미엄테라피\index.html","신규"
"프리미엄테라피","경기","경기","이천시","창전동","E:\mong-lounge-site\massage\gyeonggi\icheon\이천시-출장마사지-창전-부발-증포-물류-산업-업무와-장시간-이동-어깨-허리-피로-방문-홈케어\index.html","E:\mong-lounge-site\shops\gyeonggi\icheon\창전동\프리미엄테라피\index.html","신규"
"프리미엄테라피","경기","경기","이천시","호법면","E:\mong-lounge-site\massage\gyeonggi\icheon\이천시-출장마사지-창전-부발-증포-물류-산업-업무와-장시간-이동-어깨-허리-피로-방문-홈케어\index.html","E:\mong-lounge-site\shops\gyeonggi\icheon\호법면\프리미엄테라피\index.html","신규"
"프리미엄테라피","경기","경기","파주시","광탄면","E:\mong-lounge-site\massage\gyeonggi\paju\파주시-출장마사지-운정-금촌-문산-차량-통근과-장시간-운전-허리-어깨-피로-방문-홈케어\index.html","E:\mong-lounge-site\shops\gyeonggi\paju\광탄면\프리미엄테라피\index.html","신규"
"프리미엄테라피","경기","경기","파주시","교하동","E:\mong-lounge-site\massage\gyeonggi\paju\파주시-출장마사지-운정-금촌-문산-차량-통근과-장시간-운전-허리-어깨-피로-방문-홈케어\index.html","E:\mong-lounge-site\shops\gyeonggi\paju\교하동\프리미엄테라피\index.html","신규"
"프리미엄테라피","경기","경기","파주시","금촌동","E:\mong-lounge-site\massage\gyeonggi\paju\파주시-출장마사지-운정-금촌-문산-차량-통근과-장시간-운전-허리-어깨-피로-방문-홈케어\index.html","E:\mong-lounge-site\shops\gyeonggi\paju\금촌동\프리미엄테라피\index.html","신규"
"프리미엄테라피","경기","경기","파주시","문산읍","E:\mong-lounge-site\massage\gyeonggi\paju\파주시-출장마사지-운정-금촌-문산-차량-통근과-장시간-운전-허리-어깨-피로-방문-홈케어\index.html","E:\mong-lounge-site\shops\gyeonggi\paju\문산읍\프리미엄테라피\index.html","신규"
"프리미엄테라피","경기","경기","파주시","법원읍","E:\mong-lounge-site\massage\gyeonggi\paju\파주시-출장마사지-운정-금촌-문산-차량-통근과-장시간-운전-허리-어깨-피로-방문-홈케어\index.html","E:\mong-lounge-site\shops\gyeonggi\paju\법원읍\프리미엄테라피\index.html","신규"
"프리미엄테라피","경기","경기","파주시","운정동","E:\mong-lounge-site\massage\gyeonggi\paju\파주시-출장마사지-운정-금촌-문산-차량-통근과-장시간-운전-허리-어깨-피로-방문-홈케어\index.html","E:\mong-lounge-site\shops\gyeonggi\paju\운정동\프리미엄테라피\index.html","신규"
"프리미엄테라피","경기","경기","파주시","월롱면","E:\mong-lounge-site\massage\gyeonggi\paju\파주시-출장마사지-운정-금촌-문산-차량-통근과-장시간-운전-허리-어깨-피로-방문-홈케어\index.html","E:\mong-lounge-site\shops\gyeonggi\paju\월롱면\프리미엄테라피\index.html","신규"
"프리미엄테라피","경기","경기","파주시","장단면","E:\mong-lounge-site\massage\gyeonggi\paju\파주시-출장마사지-운정-금촌-문산-차량-통근과-장시간-운전-허리-어깨-피로-방문-홈케어\index.html","E:\mong-lounge-site\shops\gyeonggi\paju\장단면\프리미엄테라피\index.html","신규"
"프리미엄테라피","경기","경기","파주시","적성면","E:\mong-lounge-site\massage\gyeonggi\paju\파주시-출장마사지-운정-금촌-문산-차량-통근과-장시간-운전-허리-어깨-피로-방문-홈케어\index.html","E:\mong-lounge-site\shops\gyeonggi\paju\적성면\프리미엄테라피\index.html","신규"
"프리미엄테라피","경기","경기","파주시","조리읍","E:\mong-lounge-site\massage\gyeonggi\paju\파주시-출장마사지-운정-금촌-문산-차량-통근과-장시간-운전-허리-어깨-피로-방문-홈케어\index.html","E:\mong-lounge-site\shops\gyeonggi\paju\조리읍\프리미엄테라피\index.html","신규"
"프리미엄테라피","경기","경기","파주시","탄현면","E:\mong-lounge-site\massage\gyeonggi\paju\파주시-출장마사지-운정-금촌-문산-차량-통근과-장시간-운전-허리-어깨-피로-방문-홈케어\index.html","E:\mong-lounge-site\shops\gyeonggi\paju\탄현면\프리미엄테라피\index.html","신규"
"프리미엄테라피","경기","경기","파주시","파주읍","E:\mong-lounge-site\massage\gyeonggi\paju\파주시-출장마사지-운정-금촌-문산-차량-통근과-장시간-운전-허리-어깨-피로-방문-홈케어\index.html","E:\mong-lounge-site\shops\gyeonggi\paju\파주읍\프리미엄테라피\index.html","신규"
"프리미엄테라피","경기","경기","파주시","파평면","E:\mong-lounge-site\massage\gyeonggi\paju\파주시-출장마사지-운정-금촌-문산-차량-통근과-장시간-운전-허리-어깨-피로-방문-홈케어\index.html","E:\mong-lounge-site\shops\gyeonggi\paju\파평면\프리미엄테라피\index.html","신규"
"프리미엄테라피","경기","경기","평택시","고덕동","E:\mong-lounge-site\massage\gyeonggi\pyeongtaek\평택시-출장마사지-고덕-송탄-평택역-교대-근무와-장시간-이동-다리-어깨-피로-방문-홈케어\index.html","E:\mong-lounge-site\shops\gyeonggi\pyeongtaek\고덕동\프리미엄테라피\index.html","신규"
"프리미엄테라피","경기","경기","평택시","고덕면","E:\mong-lounge-site\massage\gyeonggi\pyeongtaek\평택시-출장마사지-고덕-송탄-평택역-교대-근무와-장시간-이동-다리-어깨-피로-방문-홈케어\index.html","E:\mong-lounge-site\shops\gyeonggi\pyeongtaek\고덕면\프리미엄테라피\index.html","신규"
"프리미엄테라피","경기","경기","평택시","동삭동","E:\mong-lounge-site\massage\gyeonggi\pyeongtaek\평택시-출장마사지-고덕-송탄-평택역-교대-근무와-장시간-이동-다리-어깨-피로-방문-홈케어\index.html","E:\mong-lounge-site\shops\gyeonggi\pyeongtaek\동삭동\프리미엄테라피\index.html","신규"
"프리미엄테라피","경기","경기","평택시","비전동","E:\mong-lounge-site\massage\gyeonggi\pyeongtaek\평택시-출장마사지-고덕-송탄-평택역-교대-근무와-장시간-이동-다리-어깨-피로-방문-홈케어\index.html","E:\mong-lounge-site\shops\gyeonggi\pyeongtaek\비전동\프리미엄테라피\index.html","신규"
"프리미엄테라피","경기","경기","평택시","서정동","E:\mong-lounge-site\massage\gyeonggi\pyeongtaek\평택시-출장마사지-고덕-송탄-평택역-교대-근무와-장시간-이동-다리-어깨-피로-방문-홈케어\index.html","E:\mong-lounge-site\shops\gyeonggi\pyeongtaek\서정동\프리미엄테라피\index.html","신규"
"프리미엄테라피","경기","경기","평택시","서탄면","E:\mong-lounge-site\massage\gyeonggi\pyeongtaek\평택시-출장마사지-고덕-송탄-평택역-교대-근무와-장시간-이동-다리-어깨-피로-방문-홈케어\index.html","E:\mong-lounge-site\shops\gyeonggi\pyeongtaek\서탄면\프리미엄테라피\index.html","신규"
"프리미엄테라피","경기","경기","평택시","세교동","E:\mong-lounge-site\massage\gyeonggi\pyeongtaek\평택시-출장마사지-고덕-송탄-평택역-교대-근무와-장시간-이동-다리-어깨-피로-방문-홈케어\index.html","E:\mong-lounge-site\shops\gyeonggi\pyeongtaek\세교동\프리미엄테라피\index.html","신규"
"프리미엄테라피","경기","경기","평택시","송북동","E:\mong-lounge-site\massage\gyeonggi\pyeongtaek\평택시-출장마사지-고덕-송탄-평택역-교대-근무와-장시간-이동-다리-어깨-피로-방문-홈케어\index.html","E:\mong-lounge-site\shops\gyeonggi\pyeongtaek\송북동\프리미엄테라피\index.html","신규"
"프리미엄테라피","경기","경기","평택시","송탄동","E:\mong-lounge-site\massage\gyeonggi\pyeongtaek\평택시-출장마사지-고덕-송탄-평택역-교대-근무와-장시간-이동-다리-어깨-피로-방문-홈케어\index.html","E:\mong-lounge-site\shops\gyeonggi\pyeongtaek\송탄동\프리미엄테라피\index.html","신규"
"프리미엄테라피","경기","경기","평택시","신장동","E:\mong-lounge-site\massage\gyeonggi\pyeongtaek\평택시-출장마사지-고덕-송탄-평택역-교대-근무와-장시간-이동-다리-어깨-피로-방문-홈케어\index.html","E:\mong-lounge-site\shops\gyeonggi\pyeongtaek\신장동\프리미엄테라피\index.html","신규"
"프리미엄테라피","경기","경기","평택시","신평동","E:\mong-lounge-site\massage\gyeonggi\pyeongtaek\평택시-출장마사지-고덕-송탄-평택역-교대-근무와-장시간-이동-다리-어깨-피로-방문-홈케어\index.html","E:\mong-lounge-site\shops\gyeonggi\pyeongtaek\신평동\프리미엄테라피\index.html","신규"
"프리미엄테라피","경기","경기","평택시","안중읍","E:\mong-lounge-site\massage\gyeonggi\pyeongtaek\평택시-출장마사지-고덕-송탄-평택역-교대-근무와-장시간-이동-다리-어깨-피로-방문-홈케어\index.html","E:\mong-lounge-site\shops\gyeonggi\pyeongtaek\안중읍\프리미엄테라피\index.html","신규"
"프리미엄테라피","경기","경기","평택시","오성면","E:\mong-lounge-site\massage\gyeonggi\pyeongtaek\평택시-출장마사지-고덕-송탄-평택역-교대-근무와-장시간-이동-다리-어깨-피로-방문-홈케어\index.html","E:\mong-lounge-site\shops\gyeonggi\pyeongtaek\오성면\프리미엄테라피\index.html","신규"
"프리미엄테라피","경기","경기","평택시","용이동","E:\mong-lounge-site\massage\gyeonggi\pyeongtaek\평택시-출장마사지-고덕-송탄-평택역-교대-근무와-장시간-이동-다리-어깨-피로-방문-홈케어\index.html","E:\mong-lounge-site\shops\gyeonggi\pyeongtaek\용이동\프리미엄테라피\index.html","신규"
"프리미엄테라피","경기","경기","평택시","원평동","E:\mong-lounge-site\massage\gyeonggi\pyeongtaek\평택시-출장마사지-고덕-송탄-평택역-교대-근무와-장시간-이동-다리-어깨-피로-방문-홈케어\index.html","E:\mong-lounge-site\shops\gyeonggi\pyeongtaek\원평동\프리미엄테라피\index.html","신규"
"프리미엄테라피","경기","경기","평택시","중앙동","E:\mong-lounge-site\massage\gyeonggi\pyeongtaek\평택시-출장마사지-고덕-송탄-평택역-교대-근무와-장시간-이동-다리-어깨-피로-방문-홈케어\index.html","E:\mong-lounge-site\shops\gyeonggi\pyeongtaek\중앙동\프리미엄테라피\index.html","신규"
"프리미엄테라피","경기","경기","평택시","지산동","E:\mong-lounge-site\massage\gyeonggi\pyeongtaek\평택시-출장마사지-고덕-송탄-평택역-교대-근무와-장시간-이동-다리-어깨-피로-방문-홈케어\index.html","E:\mong-lounge-site\shops\gyeonggi\pyeongtaek\지산동\프리미엄테라피\index.html","신규"
"프리미엄테라피","경기","경기","평택시","진위면","E:\mong-lounge-site\massage\gyeonggi\pyeongtaek\평택시-출장마사지-고덕-송탄-평택역-교대-근무와-장시간-이동-다리-어깨-피로-방문-홈케어\index.html","E:\mong-lounge-site\shops\gyeonggi\pyeongtaek\진위면\프리미엄테라피\index.html","신규"
"프리미엄테라피","경기","경기","평택시","청북읍","E:\mong-lounge-site\massage\gyeonggi\pyeongtaek\평택시-출장마사지-고덕-송탄-평택역-교대-근무와-장시간-이동-다리-어깨-피로-방문-홈케어\index.html","E:\mong-lounge-site\shops\gyeonggi\pyeongtaek\청북읍\프리미엄테라피\index.html","신규"
"프리미엄테라피","경기","경기","평택시","통복동","E:\mong-lounge-site\massage\gyeonggi\pyeongtaek\평택시-출장마사지-고덕-송탄-평택역-교대-근무와-장시간-이동-다리-어깨-피로-방문-홈케어\index.html","E:\mong-lounge-site\shops\gyeonggi\pyeongtaek\통복동\프리미엄테라피\index.html","신규"
"프리미엄테라피","경기","경기","평택시","팽성읍","E:\mong-lounge-site\massage\gyeonggi\pyeongtaek\평택시-출장마사지-고덕-송탄-평택역-교대-근무와-장시간-이동-다리-어깨-피로-방문-홈케어\index.html","E:\mong-lounge-site\shops\gyeonggi\pyeongtaek\팽성읍\프리미엄테라피\index.html","신규"
"프리미엄테라피","경기","경기","평택시","포승읍","E:\mong-lounge-site\massage\gyeonggi\pyeongtaek\평택시-출장마사지-고덕-송탄-평택역-교대-근무와-장시간-이동-다리-어깨-피로-방문-홈케어\index.html","E:\mong-lounge-site\shops\gyeonggi\pyeongtaek\포승읍\프리미엄테라피\index.html","신규"
"프리미엄테라피","경기","경기","평택시","현덕면","E:\mong-lounge-site\massage\gyeonggi\pyeongtaek\평택시-출장마사지-고덕-송탄-평택역-교대-근무와-장시간-이동-다리-어깨-피로-방문-홈케어\index.html","E:\mong-lounge-site\shops\gyeonggi\pyeongtaek\현덕면\프리미엄테라피\index.html","신규"
"프리미엄테라피","경기","경기","포천시","가산면","E:\mong-lounge-site\massage\gyeonggi\pocheon\포천시-출장마사지-소흘-송우리-포천동-장거리-차량-이동과-현장-일정-허리-어깨-피로-방문-홈케어\index.html","E:\mong-lounge-site\shops\gyeonggi\pocheon\가산면\프리미엄테라피\index.html","신규"
"프리미엄테라피","경기","경기","포천시","관인면","E:\mong-lounge-site\massage\gyeonggi\pocheon\포천시-출장마사지-소흘-송우리-포천동-장거리-차량-이동과-현장-일정-허리-어깨-피로-방문-홈케어\index.html","E:\mong-lounge-site\shops\gyeonggi\pocheon\관인면\프리미엄테라피\index.html","신규"
"프리미엄테라피","경기","경기","포천시","군내면","E:\mong-lounge-site\massage\gyeonggi\pocheon\포천시-출장마사지-소흘-송우리-포천동-장거리-차량-이동과-현장-일정-허리-어깨-피로-방문-홈케어\index.html","E:\mong-lounge-site\shops\gyeonggi\pocheon\군내면\프리미엄테라피\index.html","신규"
"프리미엄테라피","경기","경기","포천시","내촌면","E:\mong-lounge-site\massage\gyeonggi\pocheon\포천시-출장마사지-소흘-송우리-포천동-장거리-차량-이동과-현장-일정-허리-어깨-피로-방문-홈케어\index.html","E:\mong-lounge-site\shops\gyeonggi\pocheon\내촌면\프리미엄테라피\index.html","신규"
"프리미엄테라피","경기","경기","포천시","선단동","E:\mong-lounge-site\massage\gyeonggi\pocheon\포천시-출장마사지-소흘-송우리-포천동-장거리-차량-이동과-현장-일정-허리-어깨-피로-방문-홈케어\index.html","E:\mong-lounge-site\shops\gyeonggi\pocheon\선단동\프리미엄테라피\index.html","신규"
"프리미엄테라피","경기","경기","포천시","소흘읍","E:\mong-lounge-site\massage\gyeonggi\pocheon\포천시-출장마사지-소흘-송우리-포천동-장거리-차량-이동과-현장-일정-허리-어깨-피로-방문-홈케어\index.html","E:\mong-lounge-site\shops\gyeonggi\pocheon\소흘읍\프리미엄테라피\index.html","신규"
"프리미엄테라피","경기","경기","포천시","신북면","E:\mong-lounge-site\massage\gyeonggi\pocheon\포천시-출장마사지-소흘-송우리-포천동-장거리-차량-이동과-현장-일정-허리-어깨-피로-방문-홈케어\index.html","E:\mong-lounge-site\shops\gyeonggi\pocheon\신북면\프리미엄테라피\index.html","신규"
"프리미엄테라피","경기","경기","포천시","영북면","E:\mong-lounge-site\massage\gyeonggi\pocheon\포천시-출장마사지-소흘-송우리-포천동-장거리-차량-이동과-현장-일정-허리-어깨-피로-방문-홈케어\index.html","E:\mong-lounge-site\shops\gyeonggi\pocheon\영북면\프리미엄테라피\index.html","신규"
"프리미엄테라피","경기","경기","포천시","영중면","E:\mong-lounge-site\massage\gyeonggi\pocheon\포천시-출장마사지-소흘-송우리-포천동-장거리-차량-이동과-현장-일정-허리-어깨-피로-방문-홈케어\index.html","E:\mong-lounge-site\shops\gyeonggi\pocheon\영중면\프리미엄테라피\index.html","신규"
"프리미엄테라피","경기","경기","포천시","이동면","E:\mong-lounge-site\massage\gyeonggi\pocheon\포천시-출장마사지-소흘-송우리-포천동-장거리-차량-이동과-현장-일정-허리-어깨-피로-방문-홈케어\index.html","E:\mong-lounge-site\shops\gyeonggi\pocheon\이동면\프리미엄테라피\index.html","신규"
"프리미엄테라피","경기","경기","포천시","일동면","E:\mong-lounge-site\massage\gyeonggi\pocheon\포천시-출장마사지-소흘-송우리-포천동-장거리-차량-이동과-현장-일정-허리-어깨-피로-방문-홈케어\index.html","E:\mong-lounge-site\shops\gyeonggi\pocheon\일동면\프리미엄테라피\index.html","신규"
"프리미엄테라피","경기","경기","포천시","창수면","E:\mong-lounge-site\massage\gyeonggi\pocheon\포천시-출장마사지-소흘-송우리-포천동-장거리-차량-이동과-현장-일정-허리-어깨-피로-방문-홈케어\index.html","E:\mong-lounge-site\shops\gyeonggi\pocheon\창수면\프리미엄테라피\index.html","신규"
"프리미엄테라피","경기","경기","포천시","포천동","E:\mong-lounge-site\massage\gyeonggi\pocheon\포천시-출장마사지-소흘-송우리-포천동-장거리-차량-이동과-현장-일정-허리-어깨-피로-방문-홈케어\index.html","E:\mong-lounge-site\shops\gyeonggi\pocheon\포천동\프리미엄테라피\index.html","신규"
"프리미엄테라피","경기","경기","포천시","화현면","E:\mong-lounge-site\massage\gyeonggi\pocheon\포천시-출장마사지-소흘-송우리-포천동-장거리-차량-이동과-현장-일정-허리-어깨-피로-방문-홈케어\index.html","E:\mong-lounge-site\shops\gyeonggi\pocheon\화현면\프리미엄테라피\index.html","신규"
"프리미엄테라피","경기","경기","하남시","감북동","E:\mong-lounge-site\massage\gyeonggi\hanam\하남시-출장마사지-미사-감일-덕풍-신도시-생활과-집안-정리-일정-어깨-허리-피로-방문-홈케어\index.html","E:\mong-lounge-site\shops\gyeonggi\hanam\감북동\프리미엄테라피\index.html","신규"
"프리미엄테라피","경기","경기","하남시","감일동","E:\mong-lounge-site\massage\gyeonggi\hanam\하남시-출장마사지-미사-감일-덕풍-신도시-생활과-집안-정리-일정-어깨-허리-피로-방문-홈케어\index.html","E:\mong-lounge-site\shops\gyeonggi\hanam\감일동\프리미엄테라피\index.html","신규"
"프리미엄테라피","경기","경기","하남시","덕풍동","E:\mong-lounge-site\massage\gyeonggi\hanam\하남시-출장마사지-미사-감일-덕풍-신도시-생활과-집안-정리-일정-어깨-허리-피로-방문-홈케어\index.html","E:\mong-lounge-site\shops\gyeonggi\hanam\덕풍동\프리미엄테라피\index.html","신규"
"프리미엄테라피","경기","경기","하남시","미사동","E:\mong-lounge-site\massage\gyeonggi\hanam\하남시-출장마사지-미사-감일-덕풍-신도시-생활과-집안-정리-일정-어깨-허리-피로-방문-홈케어\index.html","E:\mong-lounge-site\shops\gyeonggi\hanam\미사동\프리미엄테라피\index.html","신규"
"프리미엄테라피","경기","경기","하남시","신장동","E:\mong-lounge-site\massage\gyeonggi\hanam\하남시-출장마사지-미사-감일-덕풍-신도시-생활과-집안-정리-일정-어깨-허리-피로-방문-홈케어\index.html","E:\mong-lounge-site\shops\gyeonggi\hanam\신장동\프리미엄테라피\index.html","신규"
"프리미엄테라피","경기","경기","하남시","위례동","E:\mong-lounge-site\massage\gyeonggi\hanam\하남시-출장마사지-미사-감일-덕풍-신도시-생활과-집안-정리-일정-어깨-허리-피로-방문-홈케어\index.html","E:\mong-lounge-site\shops\gyeonggi\hanam\위례동\프리미엄테라피\index.html","신규"
"프리미엄테라피","경기","경기","하남시","천현동","E:\mong-lounge-site\massage\gyeonggi\hanam\하남시-출장마사지-미사-감일-덕풍-신도시-생활과-집안-정리-일정-어깨-허리-피로-방문-홈케어\index.html","E:\mong-lounge-site\shops\gyeonggi\hanam\천현동\프리미엄테라피\index.html","신규"
"프리미엄테라피","경기","경기","하남시","초이동","E:\mong-lounge-site\massage\gyeonggi\hanam\하남시-출장마사지-미사-감일-덕풍-신도시-생활과-집안-정리-일정-어깨-허리-피로-방문-홈케어\index.html","E:\mong-lounge-site\shops\gyeonggi\hanam\초이동\프리미엄테라피\index.html","신규"
"프리미엄테라피","경기","경기","하남시","춘궁동","E:\mong-lounge-site\massage\gyeonggi\hanam\하남시-출장마사지-미사-감일-덕풍-신도시-생활과-집안-정리-일정-어깨-허리-피로-방문-홈케어\index.html","E:\mong-lounge-site\shops\gyeonggi\hanam\춘궁동\프리미엄테라피\index.html","신규"
"프리미엄테라피","경기","경기","화성시-동탄구","동탄동","E:\mong-lounge-site\massage\gyeonggi\hwaseong\dongtan-gu\화성시-동탄구-출장마사지-동별-생활권-지역안내\index.html","E:\mong-lounge-site\shops\gyeonggi\hwaseong\dongtan-gu\동탄동\프리미엄테라피\index.html","신규"
"프리미엄테라피","경기","경기","화성시-만세구","남양읍","E:\mong-lounge-site\massage\gyeonggi\hwaseong\manse-gu\화성시-만세구-출장마사지-동별-생활권-지역안내\index.html","E:\mong-lounge-site\shops\gyeonggi\hwaseong\manse-gu\남양읍\프리미엄테라피\index.html","신규"
"프리미엄테라피","경기","경기","화성시-만세구","마도면","E:\mong-lounge-site\massage\gyeonggi\hwaseong\manse-gu\화성시-만세구-출장마사지-동별-생활권-지역안내\index.html","E:\mong-lounge-site\shops\gyeonggi\hwaseong\manse-gu\마도면\프리미엄테라피\index.html","신규"
"프리미엄테라피","경기","경기","화성시-만세구","새솔동","E:\mong-lounge-site\massage\gyeonggi\hwaseong\manse-gu\화성시-만세구-출장마사지-동별-생활권-지역안내\index.html","E:\mong-lounge-site\shops\gyeonggi\hwaseong\manse-gu\새솔동\프리미엄테라피\index.html","신규"
"프리미엄테라피","경기","경기","화성시-만세구","서신면","E:\mong-lounge-site\massage\gyeonggi\hwaseong\manse-gu\화성시-만세구-출장마사지-동별-생활권-지역안내\index.html","E:\mong-lounge-site\shops\gyeonggi\hwaseong\manse-gu\서신면\프리미엄테라피\index.html","신규"
"프리미엄테라피","경기","경기","화성시-만세구","송산면","E:\mong-lounge-site\massage\gyeonggi\hwaseong\manse-gu\화성시-만세구-출장마사지-동별-생활권-지역안내\index.html","E:\mong-lounge-site\shops\gyeonggi\hwaseong\manse-gu\송산면\프리미엄테라피\index.html","신규"
"프리미엄테라피","경기","경기","화성시-만세구","양감면","E:\mong-lounge-site\massage\gyeonggi\hwaseong\manse-gu\화성시-만세구-출장마사지-동별-생활권-지역안내\index.html","E:\mong-lounge-site\shops\gyeonggi\hwaseong\manse-gu\양감면\프리미엄테라피\index.html","신규"
"프리미엄테라피","경기","경기","화성시-만세구","우정읍","E:\mong-lounge-site\massage\gyeonggi\hwaseong\manse-gu\화성시-만세구-출장마사지-동별-생활권-지역안내\index.html","E:\mong-lounge-site\shops\gyeonggi\hwaseong\manse-gu\우정읍\프리미엄테라피\index.html","신규"
"프리미엄테라피","경기","경기","화성시-만세구","장안면","E:\mong-lounge-site\massage\gyeonggi\hwaseong\manse-gu\화성시-만세구-출장마사지-동별-생활권-지역안내\index.html","E:\mong-lounge-site\shops\gyeonggi\hwaseong\manse-gu\장안면\프리미엄테라피\index.html","신규"
"프리미엄테라피","경기","경기","화성시-만세구","팔탄면","E:\mong-lounge-site\massage\gyeonggi\hwaseong\manse-gu\화성시-만세구-출장마사지-동별-생활권-지역안내\index.html","E:\mong-lounge-site\shops\gyeonggi\hwaseong\manse-gu\팔탄면\프리미엄테라피\index.html","신규"
"프리미엄테라피","경기","경기","화성시-만세구","향남읍","E:\mong-lounge-site\massage\gyeonggi\hwaseong\manse-gu\화성시-만세구-출장마사지-동별-생활권-지역안내\index.html","E:\mong-lounge-site\shops\gyeonggi\hwaseong\manse-gu\향남읍\프리미엄테라피\index.html","신규"
"프리미엄테라피","경기","경기","화성시-병점구","반월동","E:\mong-lounge-site\massage\gyeonggi\hwaseong\byeongjeom-gu\화성시-병점구-출장마사지-동별-생활권-지역안내\index.html","E:\mong-lounge-site\shops\gyeonggi\hwaseong\byeongjeom-gu\반월동\프리미엄테라피\index.html","신규"
"프리미엄테라피","경기","경기","화성시-병점구","병점동","E:\mong-lounge-site\massage\gyeonggi\hwaseong\byeongjeom-gu\화성시-병점구-출장마사지-동별-생활권-지역안내\index.html","E:\mong-lounge-site\shops\gyeonggi\hwaseong\byeongjeom-gu\병점동\프리미엄테라피\index.html","신규"
"프리미엄테라피","경기","경기","화성시-병점구","진안동","E:\mong-lounge-site\massage\gyeonggi\hwaseong\byeongjeom-gu\화성시-병점구-출장마사지-동별-생활권-지역안내\index.html","E:\mong-lounge-site\shops\gyeonggi\hwaseong\byeongjeom-gu\진안동\프리미엄테라피\index.html","신규"
"프리미엄테라피","경기","경기","화성시-병점구","화산동","E:\mong-lounge-site\massage\gyeonggi\hwaseong\byeongjeom-gu\화성시-병점구-출장마사지-동별-생활권-지역안내\index.html","E:\mong-lounge-site\shops\gyeonggi\hwaseong\byeongjeom-gu\화산동\프리미엄테라피\index.html","신규"
"프리미엄테라피","경기","경기","화성시-효행구","기배동","E:\mong-lounge-site\massage\gyeonggi\hwaseong\hyohaeng-gu\화성시-효행구-출장마사지-동별-생활권-지역안내\index.html","E:\mong-lounge-site\shops\gyeonggi\hwaseong\hyohaeng-gu\기배동\프리미엄테라피\index.html","신규"
"프리미엄테라피","경기","경기","화성시-효행구","매송면","E:\mong-lounge-site\massage\gyeonggi\hwaseong\hyohaeng-gu\화성시-효행구-출장마사지-동별-생활권-지역안내\index.html","E:\mong-lounge-site\shops\gyeonggi\hwaseong\hyohaeng-gu\매송면\프리미엄테라피\index.html","신규"
"프리미엄테라피","경기","경기","화성시-효행구","봉담읍","E:\mong-lounge-site\massage\gyeonggi\hwaseong\hyohaeng-gu\화성시-효행구-출장마사지-동별-생활권-지역안내\index.html","E:\mong-lounge-site\shops\gyeonggi\hwaseong\hyohaeng-gu\봉담읍\프리미엄테라피\index.html","신규"
"프리미엄테라피","경기","경기","화성시-효행구","비봉면","E:\mong-lounge-site\massage\gyeonggi\hwaseong\hyohaeng-gu\화성시-효행구-출장마사지-동별-생활권-지역안내\index.html","E:\mong-lounge-site\shops\gyeonggi\hwaseong\hyohaeng-gu\비봉면\프리미엄테라피\index.html","신규"
"프리미엄테라피","경기","경기","화성시-효행구","정남면","E:\mong-lounge-site\massage\gyeonggi\hwaseong\hyohaeng-gu\화성시-효행구-출장마사지-동별-생활권-지역안내\index.html","E:\mong-lounge-site\shops\gyeonggi\hwaseong\hyohaeng-gu\정남면\프리미엄테라피\index.html","신규"
"프리미엄테라피","서울","서울","강남구","개포동","E:\mong-lounge-site\massage\seoul\gangnam-gu\강남구-출장마사지-압구정-청담-역삼-외출-미팅-일정이-길어진-날-목-어깨의-뻐근함-방문-홈케어\index.html","E:\mong-lounge-site\shops\seoul\gangnam-gu\개포동\프리미엄테라피\index.html","신규"
"프리미엄테라피","서울","서울","강남구","논현동","E:\mong-lounge-site\massage\seoul\gangnam-gu\강남구-출장마사지-압구정-청담-역삼-외출-미팅-일정이-길어진-날-목-어깨의-뻐근함-방문-홈케어\index.html","E:\mong-lounge-site\shops\seoul\gangnam-gu\논현동\프리미엄테라피\index.html","신규"
"프리미엄테라피","서울","서울","강남구","대치동","E:\mong-lounge-site\massage\seoul\gangnam-gu\강남구-출장마사지-압구정-청담-역삼-외출-미팅-일정이-길어진-날-목-어깨의-뻐근함-방문-홈케어\index.html","E:\mong-lounge-site\shops\seoul\gangnam-gu\대치동\프리미엄테라피\index.html","신규"
"프리미엄테라피","서울","서울","강남구","도곡동","E:\mong-lounge-site\massage\seoul\gangnam-gu\강남구-출장마사지-압구정-청담-역삼-외출-미팅-일정이-길어진-날-목-어깨의-뻐근함-방문-홈케어\index.html","E:\mong-lounge-site\shops\seoul\gangnam-gu\도곡동\프리미엄테라피\index.html","신규"
"프리미엄테라피","서울","서울","강남구","삼성동","E:\mong-lounge-site\massage\seoul\gangnam-gu\강남구-출장마사지-압구정-청담-역삼-외출-미팅-일정이-길어진-날-목-어깨의-뻐근함-방문-홈케어\index.html","E:\mong-lounge-site\shops\seoul\gangnam-gu\삼성동\프리미엄테라피\index.html","신규"
"프리미엄테라피","서울","서울","강남구","세곡동","E:\mong-lounge-site\massage\seoul\gangnam-gu\강남구-출장마사지-압구정-청담-역삼-외출-미팅-일정이-길어진-날-목-어깨의-뻐근함-방문-홈케어\index.html","E:\mong-lounge-site\shops\seoul\gangnam-gu\세곡동\프리미엄테라피\index.html","신규"
"프리미엄테라피","서울","서울","강남구","수서동","E:\mong-lounge-site\massage\seoul\gangnam-gu\강남구-출장마사지-압구정-청담-역삼-외출-미팅-일정이-길어진-날-목-어깨의-뻐근함-방문-홈케어\index.html","E:\mong-lounge-site\shops\seoul\gangnam-gu\수서동\프리미엄테라피\index.html","신규"
"프리미엄테라피","서울","서울","강남구","신사동","E:\mong-lounge-site\massage\seoul\gangnam-gu\강남구-출장마사지-압구정-청담-역삼-외출-미팅-일정이-길어진-날-목-어깨의-뻐근함-방문-홈케어\index.html","E:\mong-lounge-site\shops\seoul\gangnam-gu\신사동\프리미엄테라피\index.html","신규"
"프리미엄테라피","서울","서울","강남구","압구정동","E:\mong-lounge-site\massage\seoul\gangnam-gu\강남구-출장마사지-압구정-청담-역삼-외출-미팅-일정이-길어진-날-목-어깨의-뻐근함-방문-홈케어\index.html","E:\mong-lounge-site\shops\seoul\gangnam-gu\압구정동\프리미엄테라피\index.html","신규"
"프리미엄테라피","서울","서울","강남구","역삼동","E:\mong-lounge-site\massage\seoul\gangnam-gu\강남구-출장마사지-압구정-청담-역삼-외출-미팅-일정이-길어진-날-목-어깨의-뻐근함-방문-홈케어\index.html","E:\mong-lounge-site\shops\seoul\gangnam-gu\역삼동\프리미엄테라피\index.html","신규"
"프리미엄테라피","서울","서울","강남구","일원동","E:\mong-lounge-site\massage\seoul\gangnam-gu\강남구-출장마사지-압구정-청담-역삼-외출-미팅-일정이-길어진-날-목-어깨의-뻐근함-방문-홈케어\index.html","E:\mong-lounge-site\shops\seoul\gangnam-gu\일원동\프리미엄테라피\index.html","신규"
"프리미엄테라피","서울","서울","강남구","일원본동","E:\mong-lounge-site\massage\seoul\gangnam-gu\강남구-출장마사지-압구정-청담-역삼-외출-미팅-일정이-길어진-날-목-어깨의-뻐근함-방문-홈케어\index.html","E:\mong-lounge-site\shops\seoul\gangnam-gu\일원본동\프리미엄테라피\index.html","신규"
"프리미엄테라피","서울","서울","강남구","청담동","E:\mong-lounge-site\massage\seoul\gangnam-gu\강남구-출장마사지-압구정-청담-역삼-외출-미팅-일정이-길어진-날-목-어깨의-뻐근함-방문-홈케어\index.html","E:\mong-lounge-site\shops\seoul\gangnam-gu\청담동\프리미엄테라피\index.html","신규"
"프리미엄테라피","서울","서울","강동구","강일동","E:\mong-lounge-site\massage\seoul\gangdong-gu\강동구-출장마사지-둔촌-올림픽공원-일자산-입주-이사와-장시간-정리-전신-뭉침과-무거움-방문-홈케어\index.html","E:\mong-lounge-site\shops\seoul\gangdong-gu\강일동\프리미엄테라피\index.html","신규"
"프리미엄테라피","서울","서울","강동구","고덕동","E:\mong-lounge-site\massage\seoul\gangdong-gu\강동구-출장마사지-둔촌-올림픽공원-일자산-입주-이사와-장시간-정리-전신-뭉침과-무거움-방문-홈케어\index.html","E:\mong-lounge-site\shops\seoul\gangdong-gu\고덕동\프리미엄테라피\index.html","신규"
"프리미엄테라피","서울","서울","강동구","길동","E:\mong-lounge-site\massage\seoul\gangdong-gu\강동구-출장마사지-둔촌-올림픽공원-일자산-입주-이사와-장시간-정리-전신-뭉침과-무거움-방문-홈케어\index.html","E:\mong-lounge-site\shops\seoul\gangdong-gu\길동\프리미엄테라피\index.html","신규"
"프리미엄테라피","서울","서울","강동구","둔촌동","E:\mong-lounge-site\massage\seoul\gangdong-gu\강동구-출장마사지-둔촌-올림픽공원-일자산-입주-이사와-장시간-정리-전신-뭉침과-무거움-방문-홈케어\index.html","E:\mong-lounge-site\shops\seoul\gangdong-gu\둔촌동\프리미엄테라피\index.html","신규"
"프리미엄테라피","서울","서울","강동구","명일동","E:\mong-lounge-site\massage\seoul\gangdong-gu\강동구-출장마사지-둔촌-올림픽공원-일자산-입주-이사와-장시간-정리-전신-뭉침과-무거움-방문-홈케어\index.html","E:\mong-lounge-site\shops\seoul\gangdong-gu\명일동\프리미엄테라피\index.html","신규"
"프리미엄테라피","서울","서울","강동구","상일동","E:\mong-lounge-site\massage\seoul\gangdong-gu\강동구-출장마사지-둔촌-올림픽공원-일자산-입주-이사와-장시간-정리-전신-뭉침과-무거움-방문-홈케어\index.html","E:\mong-lounge-site\shops\seoul\gangdong-gu\상일동\프리미엄테라피\index.html","신규"
"프리미엄테라피","서울","서울","강동구","성내동","E:\mong-lounge-site\massage\seoul\gangdong-gu\강동구-출장마사지-둔촌-올림픽공원-일자산-입주-이사와-장시간-정리-전신-뭉침과-무거움-방문-홈케어\index.html","E:\mong-lounge-site\shops\seoul\gangdong-gu\성내동\프리미엄테라피\index.html","신규"
"프리미엄테라피","서울","서울","강동구","암사동","E:\mong-lounge-site\massage\seoul\gangdong-gu\강동구-출장마사지-둔촌-올림픽공원-일자산-입주-이사와-장시간-정리-전신-뭉침과-무거움-방문-홈케어\index.html","E:\mong-lounge-site\shops\seoul\gangdong-gu\암사동\프리미엄테라피\index.html","신규"
"프리미엄테라피","서울","서울","강동구","천호동","E:\mong-lounge-site\massage\seoul\gangdong-gu\강동구-출장마사지-둔촌-올림픽공원-일자산-입주-이사와-장시간-정리-전신-뭉침과-무거움-방문-홈케어\index.html","E:\mong-lounge-site\shops\seoul\gangdong-gu\천호동\프리미엄테라피\index.html","신규"
"프리미엄테라피","서울","서울","강북구","미아동","E:\mong-lounge-site\massage\seoul\gangbuk-gu\강북구-출장마사지-미아사거리-수유-번동-판매-미용-업무로-오래-서-있는-날-종아리-발-손목-피로-방문-홈케어\index.html","E:\mong-lounge-site\shops\seoul\gangbuk-gu\미아동\프리미엄테라피\index.html","신규"
"프리미엄테라피","서울","서울","강북구","번동","E:\mong-lounge-site\massage\seoul\gangbuk-gu\강북구-출장마사지-미아사거리-수유-번동-판매-미용-업무로-오래-서-있는-날-종아리-발-손목-피로-방문-홈케어\index.html","E:\mong-lounge-site\shops\seoul\gangbuk-gu\번동\프리미엄테라피\index.html","신규"
"프리미엄테라피","서울","서울","강북구","삼각산동","E:\mong-lounge-site\massage\seoul\gangbuk-gu\강북구-출장마사지-미아사거리-수유-번동-판매-미용-업무로-오래-서-있는-날-종아리-발-손목-피로-방문-홈케어\index.html","E:\mong-lounge-site\shops\seoul\gangbuk-gu\삼각산동\프리미엄테라피\index.html","신규"
"프리미엄테라피","서울","서울","강북구","삼양동","E:\mong-lounge-site\massage\seoul\gangbuk-gu\강북구-출장마사지-미아사거리-수유-번동-판매-미용-업무로-오래-서-있는-날-종아리-발-손목-피로-방문-홈케어\index.html","E:\mong-lounge-site\shops\seoul\gangbuk-gu\삼양동\프리미엄테라피\index.html","신규"
"프리미엄테라피","서울","서울","강북구","송중동","E:\mong-lounge-site\massage\seoul\gangbuk-gu\강북구-출장마사지-미아사거리-수유-번동-판매-미용-업무로-오래-서-있는-날-종아리-발-손목-피로-방문-홈케어\index.html","E:\mong-lounge-site\shops\seoul\gangbuk-gu\송중동\프리미엄테라피\index.html","신규"
"프리미엄테라피","서울","서울","강북구","송천동","E:\mong-lounge-site\massage\seoul\gangbuk-gu\강북구-출장마사지-미아사거리-수유-번동-판매-미용-업무로-오래-서-있는-날-종아리-발-손목-피로-방문-홈케어\index.html","E:\mong-lounge-site\shops\seoul\gangbuk-gu\송천동\프리미엄테라피\index.html","신규"
"프리미엄테라피","서울","서울","강북구","수유동","E:\mong-lounge-site\massage\seoul\gangbuk-gu\강북구-출장마사지-미아사거리-수유-번동-판매-미용-업무로-오래-서-있는-날-종아리-발-손목-피로-방문-홈케어\index.html","E:\mong-lounge-site\shops\seoul\gangbuk-gu\수유동\프리미엄테라피\index.html","신규"
"프리미엄테라피","서울","서울","강북구","우이동","E:\mong-lounge-site\massage\seoul\gangbuk-gu\강북구-출장마사지-미아사거리-수유-번동-판매-미용-업무로-오래-서-있는-날-종아리-발-손목-피로-방문-홈케어\index.html","E:\mong-lounge-site\shops\seoul\gangbuk-gu\우이동\프리미엄테라피\index.html","신규"
"프리미엄테라피","서울","서울","강북구","인수동","E:\mong-lounge-site\massage\seoul\gangbuk-gu\강북구-출장마사지-미아사거리-수유-번동-판매-미용-업무로-오래-서-있는-날-종아리-발-손목-피로-방문-홈케어\index.html","E:\mong-lounge-site\shops\seoul\gangbuk-gu\인수동\프리미엄테라피\index.html","신규"
"프리미엄테라피","서울","서울","강서구","가양동","E:\mong-lounge-site\massage\seoul\gangseo-gu\강서구-출장마사지-가양-등촌-마곡-육아와-집안일이-길어진-날-어깨-손목-허리-피로-방문-홈케어\index.html","E:\mong-lounge-site\shops\seoul\gangseo-gu\가양동\프리미엄테라피\index.html","신규"
"프리미엄테라피","서울","서울","강서구","공항동","E:\mong-lounge-site\massage\seoul\gangseo-gu\강서구-출장마사지-가양-등촌-마곡-육아와-집안일이-길어진-날-어깨-손목-허리-피로-방문-홈케어\index.html","E:\mong-lounge-site\shops\seoul\gangseo-gu\공항동\프리미엄테라피\index.html","신규"
"프리미엄테라피","서울","서울","강서구","등촌동","E:\mong-lounge-site\massage\seoul\gangseo-gu\강서구-출장마사지-가양-등촌-마곡-육아와-집안일이-길어진-날-어깨-손목-허리-피로-방문-홈케어\index.html","E:\mong-lounge-site\shops\seoul\gangseo-gu\등촌동\프리미엄테라피\index.html","신규"
"프리미엄테라피","서울","서울","강서구","발산동","E:\mong-lounge-site\massage\seoul\gangseo-gu\강서구-출장마사지-가양-등촌-마곡-육아와-집안일이-길어진-날-어깨-손목-허리-피로-방문-홈케어\index.html","E:\mong-lounge-site\shops\seoul\gangseo-gu\발산동\프리미엄테라피\index.html","신규"
"프리미엄테라피","서울","서울","강서구","방화동","E:\mong-lounge-site\massage\seoul\gangseo-gu\강서구-출장마사지-가양-등촌-마곡-육아와-집안일이-길어진-날-어깨-손목-허리-피로-방문-홈케어\index.html","E:\mong-lounge-site\shops\seoul\gangseo-gu\방화동\프리미엄테라피\index.html","신규"
"프리미엄테라피","서울","서울","강서구","염창동","E:\mong-lounge-site\massage\seoul\gangseo-gu\강서구-출장마사지-가양-등촌-마곡-육아와-집안일이-길어진-날-어깨-손목-허리-피로-방문-홈케어\index.html","E:\mong-lounge-site\shops\seoul\gangseo-gu\염창동\프리미엄테라피\index.html","신규"
"프리미엄테라피","서울","서울","강서구","우장산동","E:\mong-lounge-site\massage\seoul\gangseo-gu\강서구-출장마사지-가양-등촌-마곡-육아와-집안일이-길어진-날-어깨-손목-허리-피로-방문-홈케어\index.html","E:\mong-lounge-site\shops\seoul\gangseo-gu\우장산동\프리미엄테라피\index.html","신규"
"프리미엄테라피","서울","서울","강서구","화곡동","E:\mong-lounge-site\massage\seoul\gangseo-gu\강서구-출장마사지-가양-등촌-마곡-육아와-집안일이-길어진-날-어깨-손목-허리-피로-방문-홈케어\index.html","E:\mong-lounge-site\shops\seoul\gangseo-gu\화곡동\프리미엄테라피\index.html","신규"
"프리미엄테라피","서울","서울","강서구","화곡본동","E:\mong-lounge-site\massage\seoul\gangseo-gu\강서구-출장마사지-가양-등촌-마곡-육아와-집안일이-길어진-날-어깨-손목-허리-피로-방문-홈케어\index.html","E:\mong-lounge-site\shops\seoul\gangseo-gu\화곡본동\프리미엄테라피\index.html","신규"
"프리미엄테라피","서울","서울","관악구","낙성대동","E:\mong-lounge-site\massage\seoul\gwanak-gu\관악구-출장마사지-서울대입구-샤로수길-신림-프리랜서-작업과-창업-일정-눈-목-어깨-피로-방문-홈케어\index.html","E:\mong-lounge-site\shops\seoul\gwanak-gu\낙성대동\프리미엄테라피\index.html","신규"
"프리미엄테라피","서울","서울","관악구","난곡동","E:\mong-lounge-site\massage\seoul\gwanak-gu\관악구-출장마사지-서울대입구-샤로수길-신림-프리랜서-작업과-창업-일정-눈-목-어깨-피로-방문-홈케어\index.html","E:\mong-lounge-site\shops\seoul\gwanak-gu\난곡동\프리미엄테라피\index.html","신규"
"프리미엄테라피","서울","서울","관악구","난향동","E:\mong-lounge-site\massage\seoul\gwanak-gu\관악구-출장마사지-서울대입구-샤로수길-신림-프리랜서-작업과-창업-일정-눈-목-어깨-피로-방문-홈케어\index.html","E:\mong-lounge-site\shops\seoul\gwanak-gu\난향동\프리미엄테라피\index.html","신규"
"프리미엄테라피","서울","서울","관악구","남현동","E:\mong-lounge-site\massage\seoul\gwanak-gu\관악구-출장마사지-서울대입구-샤로수길-신림-프리랜서-작업과-창업-일정-눈-목-어깨-피로-방문-홈케어\index.html","E:\mong-lounge-site\shops\seoul\gwanak-gu\남현동\프리미엄테라피\index.html","신규"
"프리미엄테라피","서울","서울","관악구","대학동","E:\mong-lounge-site\massage\seoul\gwanak-gu\관악구-출장마사지-서울대입구-샤로수길-신림-프리랜서-작업과-창업-일정-눈-목-어깨-피로-방문-홈케어\index.html","E:\mong-lounge-site\shops\seoul\gwanak-gu\대학동\프리미엄테라피\index.html","신규"
"프리미엄테라피","서울","서울","관악구","미성동","E:\mong-lounge-site\massage\seoul\gwanak-gu\관악구-출장마사지-서울대입구-샤로수길-신림-프리랜서-작업과-창업-일정-눈-목-어깨-피로-방문-홈케어\index.html","E:\mong-lounge-site\shops\seoul\gwanak-gu\미성동\프리미엄테라피\index.html","신규"
"프리미엄테라피","서울","서울","관악구","보라매동","E:\mong-lounge-site\massage\seoul\gwanak-gu\관악구-출장마사지-서울대입구-샤로수길-신림-프리랜서-작업과-창업-일정-눈-목-어깨-피로-방문-홈케어\index.html","E:\mong-lounge-site\shops\seoul\gwanak-gu\보라매동\프리미엄테라피\index.html","신규"
"프리미엄테라피","서울","서울","관악구","삼성동","E:\mong-lounge-site\massage\seoul\gwanak-gu\관악구-출장마사지-서울대입구-샤로수길-신림-프리랜서-작업과-창업-일정-눈-목-어깨-피로-방문-홈케어\index.html","E:\mong-lounge-site\shops\seoul\gwanak-gu\삼성동\프리미엄테라피\index.html","신규"
"프리미엄테라피","서울","서울","관악구","서림동","E:\mong-lounge-site\massage\seoul\gwanak-gu\관악구-출장마사지-서울대입구-샤로수길-신림-프리랜서-작업과-창업-일정-눈-목-어깨-피로-방문-홈케어\index.html","E:\mong-lounge-site\shops\seoul\gwanak-gu\서림동\프리미엄테라피\index.html","신규"
"프리미엄테라피","서울","서울","관악구","서원동","E:\mong-lounge-site\massage\seoul\gwanak-gu\관악구-출장마사지-서울대입구-샤로수길-신림-프리랜서-작업과-창업-일정-눈-목-어깨-피로-방문-홈케어\index.html","E:\mong-lounge-site\shops\seoul\gwanak-gu\서원동\프리미엄테라피\index.html","신규"
"프리미엄테라피","서울","서울","관악구","성현동","E:\mong-lounge-site\massage\seoul\gwanak-gu\관악구-출장마사지-서울대입구-샤로수길-신림-프리랜서-작업과-창업-일정-눈-목-어깨-피로-방문-홈케어\index.html","E:\mong-lounge-site\shops\seoul\gwanak-gu\성현동\프리미엄테라피\index.html","신규"
"프리미엄테라피","서울","서울","관악구","신림동","E:\mong-lounge-site\massage\seoul\gwanak-gu\관악구-출장마사지-서울대입구-샤로수길-신림-프리랜서-작업과-창업-일정-눈-목-어깨-피로-방문-홈케어\index.html","E:\mong-lounge-site\shops\seoul\gwanak-gu\신림동\프리미엄테라피\index.html","신규"
"프리미엄테라피","서울","서울","관악구","신사동","E:\mong-lounge-site\massage\seoul\gwanak-gu\관악구-출장마사지-서울대입구-샤로수길-신림-프리랜서-작업과-창업-일정-눈-목-어깨-피로-방문-홈케어\index.html","E:\mong-lounge-site\shops\seoul\gwanak-gu\신사동\프리미엄테라피\index.html","신규"
"프리미엄테라피","서울","서울","관악구","신원동","E:\mong-lounge-site\massage\seoul\gwanak-gu\관악구-출장마사지-서울대입구-샤로수길-신림-프리랜서-작업과-창업-일정-눈-목-어깨-피로-방문-홈케어\index.html","E:\mong-lounge-site\shops\seoul\gwanak-gu\신원동\프리미엄테라피\index.html","신규"
"프리미엄테라피","서울","서울","관악구","은천동","E:\mong-lounge-site\massage\seoul\gwanak-gu\관악구-출장마사지-서울대입구-샤로수길-신림-프리랜서-작업과-창업-일정-눈-목-어깨-피로-방문-홈케어\index.html","E:\mong-lounge-site\shops\seoul\gwanak-gu\은천동\프리미엄테라피\index.html","신규"
"프리미엄테라피","서울","서울","관악구","인헌동","E:\mong-lounge-site\massage\seoul\gwanak-gu\관악구-출장마사지-서울대입구-샤로수길-신림-프리랜서-작업과-창업-일정-눈-목-어깨-피로-방문-홈케어\index.html","E:\mong-lounge-site\shops\seoul\gwanak-gu\인헌동\프리미엄테라피\index.html","신규"
"프리미엄테라피","서울","서울","관악구","조원동","E:\mong-lounge-site\massage\seoul\gwanak-gu\관악구-출장마사지-서울대입구-샤로수길-신림-프리랜서-작업과-창업-일정-눈-목-어깨-피로-방문-홈케어\index.html","E:\mong-lounge-site\shops\seoul\gwanak-gu\조원동\프리미엄테라피\index.html","신규"
"프리미엄테라피","서울","서울","관악구","중앙동","E:\mong-lounge-site\massage\seoul\gwanak-gu\관악구-출장마사지-서울대입구-샤로수길-신림-프리랜서-작업과-창업-일정-눈-목-어깨-피로-방문-홈케어\index.html","E:\mong-lounge-site\shops\seoul\gwanak-gu\중앙동\프리미엄테라피\index.html","신규"
"프리미엄테라피","서울","서울","관악구","청룡동","E:\mong-lounge-site\massage\seoul\gwanak-gu\관악구-출장마사지-서울대입구-샤로수길-신림-프리랜서-작업과-창업-일정-눈-목-어깨-피로-방문-홈케어\index.html","E:\mong-lounge-site\shops\seoul\gwanak-gu\청룡동\프리미엄테라피\index.html","신규"
"프리미엄테라피","서울","서울","관악구","청림동","E:\mong-lounge-site\massage\seoul\gwanak-gu\관악구-출장마사지-서울대입구-샤로수길-신림-프리랜서-작업과-창업-일정-눈-목-어깨-피로-방문-홈케어\index.html","E:\mong-lounge-site\shops\seoul\gwanak-gu\청림동\프리미엄테라피\index.html","신규"
"프리미엄테라피","서울","서울","관악구","행운동","E:\mong-lounge-site\massage\seoul\gwanak-gu\관악구-출장마사지-서울대입구-샤로수길-신림-프리랜서-작업과-창업-일정-눈-목-어깨-피로-방문-홈케어\index.html","E:\mong-lounge-site\shops\seoul\gwanak-gu\행운동\프리미엄테라피\index.html","신규"
"프리미엄테라피","서울","서울","광진구","광장동","E:\mong-lounge-site\massage\seoul\gwangjin-gu\광진구-출장마사지-구의-광나루-건대입구-재택업무와-장시간-화면-작업-목-손목의-뻐근함-방문-홈케어\index.html","E:\mong-lounge-site\shops\seoul\gwangjin-gu\광장동\프리미엄테라피\index.html","신규"
"프리미엄테라피","서울","서울","광진구","구의동","E:\mong-lounge-site\massage\seoul\gwangjin-gu\광진구-출장마사지-구의-광나루-건대입구-재택업무와-장시간-화면-작업-목-손목의-뻐근함-방문-홈케어\index.html","E:\mong-lounge-site\shops\seoul\gwangjin-gu\구의동\프리미엄테라피\index.html","신규"
"프리미엄테라피","서울","서울","광진구","군자동","E:\mong-lounge-site\massage\seoul\gwangjin-gu\광진구-출장마사지-구의-광나루-건대입구-재택업무와-장시간-화면-작업-목-손목의-뻐근함-방문-홈케어\index.html","E:\mong-lounge-site\shops\seoul\gwangjin-gu\군자동\프리미엄테라피\index.html","신규"
"프리미엄테라피","서울","서울","광진구","능동","E:\mong-lounge-site\massage\seoul\gwangjin-gu\광진구-출장마사지-구의-광나루-건대입구-재택업무와-장시간-화면-작업-목-손목의-뻐근함-방문-홈케어\index.html","E:\mong-lounge-site\shops\seoul\gwangjin-gu\능동\프리미엄테라피\index.html","신규"
"프리미엄테라피","서울","서울","광진구","자양동","E:\mong-lounge-site\massage\seoul\gwangjin-gu\광진구-출장마사지-구의-광나루-건대입구-재택업무와-장시간-화면-작업-목-손목의-뻐근함-방문-홈케어\index.html","E:\mong-lounge-site\shops\seoul\gwangjin-gu\자양동\프리미엄테라피\index.html","신규"
"프리미엄테라피","서울","서울","광진구","중곡동","E:\mong-lounge-site\massage\seoul\gwangjin-gu\광진구-출장마사지-구의-광나루-건대입구-재택업무와-장시간-화면-작업-목-손목의-뻐근함-방문-홈케어\index.html","E:\mong-lounge-site\shops\seoul\gwangjin-gu\중곡동\프리미엄테라피\index.html","신규"
"프리미엄테라피","서울","서울","광진구","화양동","E:\mong-lounge-site\massage\seoul\gwangjin-gu\광진구-출장마사지-구의-광나루-건대입구-재택업무와-장시간-화면-작업-목-손목의-뻐근함-방문-홈케어\index.html","E:\mong-lounge-site\shops\seoul\gwangjin-gu\화양동\프리미엄테라피\index.html","신규"
"프리미엄테라피","서울","서울","구로구","가리봉동","E:\mong-lounge-site\massage\seoul\guro-gu\구로구-출장마사지-신도림-구로-대림-유통-판매-업무로-오래-선-날-다리-발의-무거움-방문-홈케어\index.html","E:\mong-lounge-site\shops\seoul\guro-gu\가리봉동\프리미엄테라피\index.html","신규"
"프리미엄테라피","서울","서울","구로구","개봉동","E:\mong-lounge-site\massage\seoul\guro-gu\구로구-출장마사지-신도림-구로-대림-유통-판매-업무로-오래-선-날-다리-발의-무거움-방문-홈케어\index.html","E:\mong-lounge-site\shops\seoul\guro-gu\개봉동\프리미엄테라피\index.html","신규"
"프리미엄테라피","서울","서울","구로구","고척동","E:\mong-lounge-site\massage\seoul\guro-gu\구로구-출장마사지-신도림-구로-대림-유통-판매-업무로-오래-선-날-다리-발의-무거움-방문-홈케어\index.html","E:\mong-lounge-site\shops\seoul\guro-gu\고척동\프리미엄테라피\index.html","신규"
"프리미엄테라피","서울","서울","구로구","구로동","E:\mong-lounge-site\massage\seoul\guro-gu\구로구-출장마사지-신도림-구로-대림-유통-판매-업무로-오래-선-날-다리-발의-무거움-방문-홈케어\index.html","E:\mong-lounge-site\shops\seoul\guro-gu\구로동\프리미엄테라피\index.html","신규"
"프리미엄테라피","서울","서울","구로구","수궁동","E:\mong-lounge-site\massage\seoul\guro-gu\구로구-출장마사지-신도림-구로-대림-유통-판매-업무로-오래-선-날-다리-발의-무거움-방문-홈케어\index.html","E:\mong-lounge-site\shops\seoul\guro-gu\수궁동\프리미엄테라피\index.html","신규"
"프리미엄테라피","서울","서울","구로구","신도림동","E:\mong-lounge-site\massage\seoul\guro-gu\구로구-출장마사지-신도림-구로-대림-유통-판매-업무로-오래-선-날-다리-발의-무거움-방문-홈케어\index.html","E:\mong-lounge-site\shops\seoul\guro-gu\신도림동\프리미엄테라피\index.html","신규"
"프리미엄테라피","서울","서울","구로구","오류동","E:\mong-lounge-site\massage\seoul\guro-gu\구로구-출장마사지-신도림-구로-대림-유통-판매-업무로-오래-선-날-다리-발의-무거움-방문-홈케어\index.html","E:\mong-lounge-site\shops\seoul\guro-gu\오류동\프리미엄테라피\index.html","신규"
"프리미엄테라피","서울","서울","구로구","항동","E:\mong-lounge-site\massage\seoul\guro-gu\구로구-출장마사지-신도림-구로-대림-유통-판매-업무로-오래-선-날-다리-발의-무거움-방문-홈케어\index.html","E:\mong-lounge-site\shops\seoul\guro-gu\항동\프리미엄테라피\index.html","신규"
"프리미엄테라피","서울","서울","금천구","가산동","E:\mong-lounge-site\massage\seoul\geumcheon-gu\금천구-출장마사지-독산-시흥-가산-제조-교대-일정이-길어진-날-허리-어깨-피로-방문-홈케어\index.html","E:\mong-lounge-site\shops\seoul\geumcheon-gu\가산동\프리미엄테라피\index.html","신규"
"프리미엄테라피","서울","서울","금천구","독산동","E:\mong-lounge-site\massage\seoul\geumcheon-gu\금천구-출장마사지-독산-시흥-가산-제조-교대-일정이-길어진-날-허리-어깨-피로-방문-홈케어\index.html","E:\mong-lounge-site\shops\seoul\geumcheon-gu\독산동\프리미엄테라피\index.html","신규"
"프리미엄테라피","서울","서울","금천구","시흥동","E:\mong-lounge-site\massage\seoul\geumcheon-gu\금천구-출장마사지-독산-시흥-가산-제조-교대-일정이-길어진-날-허리-어깨-피로-방문-홈케어\index.html","E:\mong-lounge-site\shops\seoul\geumcheon-gu\시흥동\프리미엄테라피\index.html","신규"
"프리미엄테라피","서울","서울","노원구","3동","E:\mong-lounge-site\massage\seoul\nowon-gu\노원구-출장마사지-상계-공릉-중계-육아와-집안일이-이어진-날-어깨-손목의-무거움-방문-홈케어\index.html","E:\mong-lounge-site\shops\seoul\nowon-gu\3동\프리미엄테라피\index.html","신규"
"프리미엄테라피","서울","서울","노원구","4동","E:\mong-lounge-site\massage\seoul\nowon-gu\노원구-출장마사지-상계-공릉-중계-육아와-집안일이-이어진-날-어깨-손목의-무거움-방문-홈케어\index.html","E:\mong-lounge-site\shops\seoul\nowon-gu\4동\프리미엄테라피\index.html","신규"
"프리미엄테라피","서울","서울","노원구","7동","E:\mong-lounge-site\massage\seoul\nowon-gu\노원구-출장마사지-상계-공릉-중계-육아와-집안일이-이어진-날-어깨-손목의-무거움-방문-홈케어\index.html","E:\mong-lounge-site\shops\seoul\nowon-gu\7동\프리미엄테라피\index.html","신규"
"프리미엄테라피","서울","서울","노원구","공릉동","E:\mong-lounge-site\massage\seoul\nowon-gu\노원구-출장마사지-상계-공릉-중계-육아와-집안일이-이어진-날-어깨-손목의-무거움-방문-홈케어\index.html","E:\mong-lounge-site\shops\seoul\nowon-gu\공릉동\프리미엄테라피\index.html","신규"
"프리미엄테라피","서울","서울","노원구","상계동","E:\mong-lounge-site\massage\seoul\nowon-gu\노원구-출장마사지-상계-공릉-중계-육아와-집안일이-이어진-날-어깨-손목의-무거움-방문-홈케어\index.html","E:\mong-lounge-site\shops\seoul\nowon-gu\상계동\프리미엄테라피\index.html","신규"
"프리미엄테라피","서울","서울","노원구","월계동","E:\mong-lounge-site\massage\seoul\nowon-gu\노원구-출장마사지-상계-공릉-중계-육아와-집안일이-이어진-날-어깨-손목의-무거움-방문-홈케어\index.html","E:\mong-lounge-site\shops\seoul\nowon-gu\월계동\프리미엄테라피\index.html","신규"
"프리미엄테라피","서울","서울","노원구","중계동","E:\mong-lounge-site\massage\seoul\nowon-gu\노원구-출장마사지-상계-공릉-중계-육아와-집안일이-이어진-날-어깨-손목의-무거움-방문-홈케어\index.html","E:\mong-lounge-site\shops\seoul\nowon-gu\중계동\프리미엄테라피\index.html","신규"
"프리미엄테라피","서울","서울","노원구","중계본동","E:\mong-lounge-site\massage\seoul\nowon-gu\노원구-출장마사지-상계-공릉-중계-육아와-집안일이-이어진-날-어깨-손목의-무거움-방문-홈케어\index.html","E:\mong-lounge-site\shops\seoul\nowon-gu\중계본동\프리미엄테라피\index.html","신규"
"프리미엄테라피","서울","서울","노원구","하계동","E:\mong-lounge-site\massage\seoul\nowon-gu\노원구-출장마사지-상계-공릉-중계-육아와-집안일이-이어진-날-어깨-손목의-무거움-방문-홈케어\index.html","E:\mong-lounge-site\shops\seoul\nowon-gu\하계동\프리미엄테라피\index.html","신규"
"프리미엄테라피","서울","서울","도봉구","도봉동","E:\mong-lounge-site\massage\seoul\dobong-gu\도봉구-출장마사지-방학-도봉-창동-생활-이동과-집안일이-겹친-날-허리-무릎-주변-피로-방문-홈케어\index.html","E:\mong-lounge-site\shops\seoul\dobong-gu\도봉동\프리미엄테라피\index.html","신규"
"프리미엄테라피","서울","서울","도봉구","방학동","E:\mong-lounge-site\massage\seoul\dobong-gu\도봉구-출장마사지-방학-도봉-창동-생활-이동과-집안일이-겹친-날-허리-무릎-주변-피로-방문-홈케어\index.html","E:\mong-lounge-site\shops\seoul\dobong-gu\방학동\프리미엄테라피\index.html","신규"
"프리미엄테라피","서울","서울","도봉구","쌍문동","E:\mong-lounge-site\massage\seoul\dobong-gu\도봉구-출장마사지-방학-도봉-창동-생활-이동과-집안일이-겹친-날-허리-무릎-주변-피로-방문-홈케어\index.html","E:\mong-lounge-site\shops\seoul\dobong-gu\쌍문동\프리미엄테라피\index.html","신규"
"프리미엄테라피","서울","서울","도봉구","창동","E:\mong-lounge-site\massage\seoul\dobong-gu\도봉구-출장마사지-방학-도봉-창동-생활-이동과-집안일이-겹친-날-허리-무릎-주변-피로-방문-홈케어\index.html","E:\mong-lounge-site\shops\seoul\dobong-gu\창동\프리미엄테라피\index.html","신규"
"프리미엄테라피","서울","서울","동대문구","답십리동","E:\mong-lounge-site\massage\seoul\dongdaemun-gu\동대문구-출장마사지-회기-이문-청량리-공부-연구가-길어진-날-목-어깨의-긴장감-방문-홈케어\index.html","E:\mong-lounge-site\shops\seoul\dongdaemun-gu\답십리동\프리미엄테라피\index.html","신규"
"프리미엄테라피","서울","서울","동대문구","신설동","E:\mong-lounge-site\massage\seoul\dongdaemun-gu\동대문구-출장마사지-회기-이문-청량리-공부-연구가-길어진-날-목-어깨의-긴장감-방문-홈케어\index.html","E:\mong-lounge-site\shops\seoul\dongdaemun-gu\신설동\프리미엄테라피\index.html","신규"
"프리미엄테라피","서울","서울","동대문구","용두동","E:\mong-lounge-site\massage\seoul\dongdaemun-gu\동대문구-출장마사지-회기-이문-청량리-공부-연구가-길어진-날-목-어깨의-긴장감-방문-홈케어\index.html","E:\mong-lounge-site\shops\seoul\dongdaemun-gu\용두동\프리미엄테라피\index.html","신규"
"프리미엄테라피","서울","서울","동대문구","이문동","E:\mong-lounge-site\massage\seoul\dongdaemun-gu\동대문구-출장마사지-회기-이문-청량리-공부-연구가-길어진-날-목-어깨의-긴장감-방문-홈케어\index.html","E:\mong-lounge-site\shops\seoul\dongdaemun-gu\이문동\프리미엄테라피\index.html","신규"
"프리미엄테라피","서울","서울","동대문구","장안동","E:\mong-lounge-site\massage\seoul\dongdaemun-gu\동대문구-출장마사지-회기-이문-청량리-공부-연구가-길어진-날-목-어깨의-긴장감-방문-홈케어\index.html","E:\mong-lounge-site\shops\seoul\dongdaemun-gu\장안동\프리미엄테라피\index.html","신규"
"프리미엄테라피","서울","서울","동대문구","전농동","E:\mong-lounge-site\massage\seoul\dongdaemun-gu\동대문구-출장마사지-회기-이문-청량리-공부-연구가-길어진-날-목-어깨의-긴장감-방문-홈케어\index.html","E:\mong-lounge-site\shops\seoul\dongdaemun-gu\전농동\프리미엄테라피\index.html","신규"
"프리미엄테라피","서울","서울","동대문구","제기동","E:\mong-lounge-site\massage\seoul\dongdaemun-gu\동대문구-출장마사지-회기-이문-청량리-공부-연구가-길어진-날-목-어깨의-긴장감-방문-홈케어\index.html","E:\mong-lounge-site\shops\seoul\dongdaemun-gu\제기동\프리미엄테라피\index.html","신규"
"프리미엄테라피","서울","서울","동대문구","청량리동","E:\mong-lounge-site\massage\seoul\dongdaemun-gu\동대문구-출장마사지-회기-이문-청량리-공부-연구가-길어진-날-목-어깨의-긴장감-방문-홈케어\index.html","E:\mong-lounge-site\shops\seoul\dongdaemun-gu\청량리동\프리미엄테라피\index.html","신규"
"프리미엄테라피","서울","서울","동대문구","회기동","E:\mong-lounge-site\massage\seoul\dongdaemun-gu\동대문구-출장마사지-회기-이문-청량리-공부-연구가-길어진-날-목-어깨의-긴장감-방문-홈케어\index.html","E:\mong-lounge-site\shops\seoul\dongdaemun-gu\회기동\프리미엄테라피\index.html","신규"
"프리미엄테라피","서울","서울","동대문구","휘경동","E:\mong-lounge-site\massage\seoul\dongdaemun-gu\동대문구-출장마사지-회기-이문-청량리-공부-연구가-길어진-날-목-어깨의-긴장감-방문-홈케어\index.html","E:\mong-lounge-site\shops\seoul\dongdaemun-gu\휘경동\프리미엄테라피\index.html","신규"
"프리미엄테라피","서울","서울","동작구","노량진동","E:\mong-lounge-site\massage\seoul\dongjak-gu\동작구-출장마사지-상도-흑석-사당-긴-통근과-계단-이동이-이어진-날-허리-골반-주변-피로-방문-홈케어\index.html","E:\mong-lounge-site\shops\seoul\dongjak-gu\노량진동\프리미엄테라피\index.html","신규"
"프리미엄테라피","서울","서울","동작구","대방동","E:\mong-lounge-site\massage\seoul\dongjak-gu\동작구-출장마사지-상도-흑석-사당-긴-통근과-계단-이동이-이어진-날-허리-골반-주변-피로-방문-홈케어\index.html","E:\mong-lounge-site\shops\seoul\dongjak-gu\대방동\프리미엄테라피\index.html","신규"
"프리미엄테라피","서울","서울","동작구","사당동","E:\mong-lounge-site\massage\seoul\dongjak-gu\동작구-출장마사지-상도-흑석-사당-긴-통근과-계단-이동이-이어진-날-허리-골반-주변-피로-방문-홈케어\index.html","E:\mong-lounge-site\shops\seoul\dongjak-gu\사당동\프리미엄테라피\index.html","신규"
"프리미엄테라피","서울","서울","동작구","상도동","E:\mong-lounge-site\massage\seoul\dongjak-gu\동작구-출장마사지-상도-흑석-사당-긴-통근과-계단-이동이-이어진-날-허리-골반-주변-피로-방문-홈케어\index.html","E:\mong-lounge-site\shops\seoul\dongjak-gu\상도동\프리미엄테라피\index.html","신규"
"프리미엄테라피","서울","서울","동작구","신대방동","E:\mong-lounge-site\massage\seoul\dongjak-gu\동작구-출장마사지-상도-흑석-사당-긴-통근과-계단-이동이-이어진-날-허리-골반-주변-피로-방문-홈케어\index.html","E:\mong-lounge-site\shops\seoul\dongjak-gu\신대방동\프리미엄테라피\index.html","신규"
"프리미엄테라피","서울","서울","동작구","흑석동","E:\mong-lounge-site\massage\seoul\dongjak-gu\동작구-출장마사지-상도-흑석-사당-긴-통근과-계단-이동이-이어진-날-허리-골반-주변-피로-방문-홈케어\index.html","E:\mong-lounge-site\shops\seoul\dongjak-gu\흑석동\프리미엄테라피\index.html","신규"
"프리미엄테라피","서울","서울","마포구","공덕동","E:\mong-lounge-site\massage\seoul\mapo-gu\마포구-출장마사지-공덕-연남-합정-오피스-근무와-프리랜서-일정-어깨-허리-피로-방문-홈케어\index.html","E:\mong-lounge-site\shops\seoul\mapo-gu\공덕동\프리미엄테라피\index.html","신규"
"프리미엄테라피","서울","서울","마포구","대흥동","E:\mong-lounge-site\massage\seoul\mapo-gu\마포구-출장마사지-공덕-연남-합정-오피스-근무와-프리랜서-일정-어깨-허리-피로-방문-홈케어\index.html","E:\mong-lounge-site\shops\seoul\mapo-gu\대흥동\프리미엄테라피\index.html","신규"
"프리미엄테라피","서울","서울","마포구","도화동","E:\mong-lounge-site\massage\seoul\mapo-gu\마포구-출장마사지-공덕-연남-합정-오피스-근무와-프리랜서-일정-어깨-허리-피로-방문-홈케어\index.html","E:\mong-lounge-site\shops\seoul\mapo-gu\도화동\프리미엄테라피\index.html","신규"
"프리미엄테라피","서울","서울","마포구","망원동","E:\mong-lounge-site\massage\seoul\mapo-gu\마포구-출장마사지-공덕-연남-합정-오피스-근무와-프리랜서-일정-어깨-허리-피로-방문-홈케어\index.html","E:\mong-lounge-site\shops\seoul\mapo-gu\망원동\프리미엄테라피\index.html","신규"
"프리미엄테라피","서울","서울","마포구","상암동","E:\mong-lounge-site\massage\seoul\mapo-gu\마포구-출장마사지-공덕-연남-합정-오피스-근무와-프리랜서-일정-어깨-허리-피로-방문-홈케어\index.html","E:\mong-lounge-site\shops\seoul\mapo-gu\상암동\프리미엄테라피\index.html","신규"
"프리미엄테라피","서울","서울","마포구","서강동","E:\mong-lounge-site\massage\seoul\mapo-gu\마포구-출장마사지-공덕-연남-합정-오피스-근무와-프리랜서-일정-어깨-허리-피로-방문-홈케어\index.html","E:\mong-lounge-site\shops\seoul\mapo-gu\서강동\프리미엄테라피\index.html","신규"
"프리미엄테라피","서울","서울","마포구","서교동","E:\mong-lounge-site\massage\seoul\mapo-gu\마포구-출장마사지-공덕-연남-합정-오피스-근무와-프리랜서-일정-어깨-허리-피로-방문-홈케어\index.html","E:\mong-lounge-site\shops\seoul\mapo-gu\서교동\프리미엄테라피\index.html","신규"
"프리미엄테라피","서울","서울","마포구","성산동","E:\mong-lounge-site\massage\seoul\mapo-gu\마포구-출장마사지-공덕-연남-합정-오피스-근무와-프리랜서-일정-어깨-허리-피로-방문-홈케어\index.html","E:\mong-lounge-site\shops\seoul\mapo-gu\성산동\프리미엄테라피\index.html","신규"
"프리미엄테라피","서울","서울","마포구","신수동","E:\mong-lounge-site\massage\seoul\mapo-gu\마포구-출장마사지-공덕-연남-합정-오피스-근무와-프리랜서-일정-어깨-허리-피로-방문-홈케어\index.html","E:\mong-lounge-site\shops\seoul\mapo-gu\신수동\프리미엄테라피\index.html","신규"
"프리미엄테라피","서울","서울","마포구","아현동","E:\mong-lounge-site\massage\seoul\mapo-gu\마포구-출장마사지-공덕-연남-합정-오피스-근무와-프리랜서-일정-어깨-허리-피로-방문-홈케어\index.html","E:\mong-lounge-site\shops\seoul\mapo-gu\아현동\프리미엄테라피\index.html","신규"
"프리미엄테라피","서울","서울","마포구","연남동","E:\mong-lounge-site\massage\seoul\mapo-gu\마포구-출장마사지-공덕-연남-합정-오피스-근무와-프리랜서-일정-어깨-허리-피로-방문-홈케어\index.html","E:\mong-lounge-site\shops\seoul\mapo-gu\연남동\프리미엄테라피\index.html","신규"
"프리미엄테라피","서울","서울","마포구","염리동","E:\mong-lounge-site\massage\seoul\mapo-gu\마포구-출장마사지-공덕-연남-합정-오피스-근무와-프리랜서-일정-어깨-허리-피로-방문-홈케어\index.html","E:\mong-lounge-site\shops\seoul\mapo-gu\염리동\프리미엄테라피\index.html","신규"
"프리미엄테라피","서울","서울","마포구","용강동","E:\mong-lounge-site\massage\seoul\mapo-gu\마포구-출장마사지-공덕-연남-합정-오피스-근무와-프리랜서-일정-어깨-허리-피로-방문-홈케어\index.html","E:\mong-lounge-site\shops\seoul\mapo-gu\용강동\프리미엄테라피\index.html","신규"
"프리미엄테라피","서울","서울","마포구","합정동","E:\mong-lounge-site\massage\seoul\mapo-gu\마포구-출장마사지-공덕-연남-합정-오피스-근무와-프리랜서-일정-어깨-허리-피로-방문-홈케어\index.html","E:\mong-lounge-site\shops\seoul\mapo-gu\합정동\프리미엄테라피\index.html","신규"
"프리미엄테라피","서울","서울","서대문구","남가좌동","E:\mong-lounge-site\massage\seoul\seodaemun-gu\서대문구-출장마사지-홍제-북가좌-연희-집안일과-외출이-겹친-하루-어깨-허리-뻐근함-방문-홈케어\index.html","E:\mong-lounge-site\shops\seoul\seodaemun-gu\남가좌동\프리미엄테라피\index.html","신규"
"프리미엄테라피","서울","서울","서대문구","북가좌동","E:\mong-lounge-site\massage\seoul\seodaemun-gu\서대문구-출장마사지-홍제-북가좌-연희-집안일과-외출이-겹친-하루-어깨-허리-뻐근함-방문-홈케어\index.html","E:\mong-lounge-site\shops\seoul\seodaemun-gu\북가좌동\프리미엄테라피\index.html","신규"
"프리미엄테라피","서울","서울","서대문구","북아현동","E:\mong-lounge-site\massage\seoul\seodaemun-gu\서대문구-출장마사지-홍제-북가좌-연희-집안일과-외출이-겹친-하루-어깨-허리-뻐근함-방문-홈케어\index.html","E:\mong-lounge-site\shops\seoul\seodaemun-gu\북아현동\프리미엄테라피\index.html","신규"
"프리미엄테라피","서울","서울","서대문구","신촌동","E:\mong-lounge-site\massage\seoul\seodaemun-gu\서대문구-출장마사지-홍제-북가좌-연희-집안일과-외출이-겹친-하루-어깨-허리-뻐근함-방문-홈케어\index.html","E:\mong-lounge-site\shops\seoul\seodaemun-gu\신촌동\프리미엄테라피\index.html","신규"
"프리미엄테라피","서울","서울","서대문구","연희동","E:\mong-lounge-site\massage\seoul\seodaemun-gu\서대문구-출장마사지-홍제-북가좌-연희-집안일과-외출이-겹친-하루-어깨-허리-뻐근함-방문-홈케어\index.html","E:\mong-lounge-site\shops\seoul\seodaemun-gu\연희동\프리미엄테라피\index.html","신규"
"프리미엄테라피","서울","서울","서대문구","천연동","E:\mong-lounge-site\massage\seoul\seodaemun-gu\서대문구-출장마사지-홍제-북가좌-연희-집안일과-외출이-겹친-하루-어깨-허리-뻐근함-방문-홈케어\index.html","E:\mong-lounge-site\shops\seoul\seodaemun-gu\천연동\프리미엄테라피\index.html","신규"
"프리미엄테라피","서울","서울","서대문구","충현동","E:\mong-lounge-site\massage\seoul\seodaemun-gu\서대문구-출장마사지-홍제-북가좌-연희-집안일과-외출이-겹친-하루-어깨-허리-뻐근함-방문-홈케어\index.html","E:\mong-lounge-site\shops\seoul\seodaemun-gu\충현동\프리미엄테라피\index.html","신규"
"프리미엄테라피","서울","서울","서대문구","홍은동","E:\mong-lounge-site\massage\seoul\seodaemun-gu\서대문구-출장마사지-홍제-북가좌-연희-집안일과-외출이-겹친-하루-어깨-허리-뻐근함-방문-홈케어\index.html","E:\mong-lounge-site\shops\seoul\seodaemun-gu\홍은동\프리미엄테라피\index.html","신규"
"프리미엄테라피","서울","서울","서대문구","홍제동","E:\mong-lounge-site\massage\seoul\seodaemun-gu\서대문구-출장마사지-홍제-북가좌-연희-집안일과-외출이-겹친-하루-어깨-허리-뻐근함-방문-홈케어\index.html","E:\mong-lounge-site\shops\seoul\seodaemun-gu\홍제동\프리미엄테라피\index.html","신규"
"프리미엄테라피","서울","서울","서초구","내곡동","E:\mong-lounge-site\massage\seoul\seocho-gu\서초구-출장마사지-양재-서초-강남대로-야근과-회의가-길어진-날-목-어깨-눈의-피로-방문-홈케어\index.html","E:\mong-lounge-site\shops\seoul\seocho-gu\내곡동\프리미엄테라피\index.html","신규"
"프리미엄테라피","서울","서울","서초구","반포동","E:\mong-lounge-site\massage\seoul\seocho-gu\서초구-출장마사지-양재-서초-강남대로-야근과-회의가-길어진-날-목-어깨-눈의-피로-방문-홈케어\index.html","E:\mong-lounge-site\shops\seoul\seocho-gu\반포동\프리미엄테라피\index.html","신규"
"프리미엄테라피","서울","서울","서초구","반포본동","E:\mong-lounge-site\massage\seoul\seocho-gu\서초구-출장마사지-양재-서초-강남대로-야근과-회의가-길어진-날-목-어깨-눈의-피로-방문-홈케어\index.html","E:\mong-lounge-site\shops\seoul\seocho-gu\반포본동\프리미엄테라피\index.html","신규"
"프리미엄테라피","서울","서울","서초구","방배동","E:\mong-lounge-site\massage\seoul\seocho-gu\서초구-출장마사지-양재-서초-강남대로-야근과-회의가-길어진-날-목-어깨-눈의-피로-방문-홈케어\index.html","E:\mong-lounge-site\shops\seoul\seocho-gu\방배동\프리미엄테라피\index.html","신규"
"프리미엄테라피","서울","서울","서초구","방배본동","E:\mong-lounge-site\massage\seoul\seocho-gu\서초구-출장마사지-양재-서초-강남대로-야근과-회의가-길어진-날-목-어깨-눈의-피로-방문-홈케어\index.html","E:\mong-lounge-site\shops\seoul\seocho-gu\방배본동\프리미엄테라피\index.html","신규"
"프리미엄테라피","서울","서울","서초구","서초동","E:\mong-lounge-site\massage\seoul\seocho-gu\서초구-출장마사지-양재-서초-강남대로-야근과-회의가-길어진-날-목-어깨-눈의-피로-방문-홈케어\index.html","E:\mong-lounge-site\shops\seoul\seocho-gu\서초동\프리미엄테라피\index.html","신규"
"프리미엄테라피","서울","서울","서초구","양재동","E:\mong-lounge-site\massage\seoul\seocho-gu\서초구-출장마사지-양재-서초-강남대로-야근과-회의가-길어진-날-목-어깨-눈의-피로-방문-홈케어\index.html","E:\mong-lounge-site\shops\seoul\seocho-gu\양재동\프리미엄테라피\index.html","신규"
"프리미엄테라피","서울","서울","서초구","잠원동","E:\mong-lounge-site\massage\seoul\seocho-gu\서초구-출장마사지-양재-서초-강남대로-야근과-회의가-길어진-날-목-어깨-눈의-피로-방문-홈케어\index.html","E:\mong-lounge-site\shops\seoul\seocho-gu\잠원동\프리미엄테라피\index.html","신규"
"프리미엄테라피","서울","서울","성동구","3가동","E:\mong-lounge-site\massage\seoul\seongdong-gu\성동구-출장마사지-왕십리-행당-성수-통근과-약속이-이어진-하루-전신-피로-방문-홈케어\index.html","E:\mong-lounge-site\shops\seoul\seongdong-gu\3가동\프리미엄테라피\index.html","신규"
"프리미엄테라피","서울","서울","성동구","금호1가동","E:\mong-lounge-site\massage\seoul\seongdong-gu\성동구-출장마사지-왕십리-행당-성수-통근과-약속이-이어진-하루-전신-피로-방문-홈케어\index.html","E:\mong-lounge-site\shops\seoul\seongdong-gu\금호1가동\프리미엄테라피\index.html","신규"
"프리미엄테라피","서울","서울","성동구","금호4가동","E:\mong-lounge-site\massage\seoul\seongdong-gu\성동구-출장마사지-왕십리-행당-성수-통근과-약속이-이어진-하루-전신-피로-방문-홈케어\index.html","E:\mong-lounge-site\shops\seoul\seongdong-gu\금호4가동\프리미엄테라피\index.html","신규"
"프리미엄테라피","서울","서울","성동구","마장동","E:\mong-lounge-site\massage\seoul\seongdong-gu\성동구-출장마사지-왕십리-행당-성수-통근과-약속이-이어진-하루-전신-피로-방문-홈케어\index.html","E:\mong-lounge-site\shops\seoul\seongdong-gu\마장동\프리미엄테라피\index.html","신규"
"프리미엄테라피","서울","서울","성동구","사근동","E:\mong-lounge-site\massage\seoul\seongdong-gu\성동구-출장마사지-왕십리-행당-성수-통근과-약속이-이어진-하루-전신-피로-방문-홈케어\index.html","E:\mong-lounge-site\shops\seoul\seongdong-gu\사근동\프리미엄테라피\index.html","신규"
"프리미엄테라피","서울","서울","성동구","성수1가제1동","E:\mong-lounge-site\massage\seoul\seongdong-gu\성동구-출장마사지-왕십리-행당-성수-통근과-약속이-이어진-하루-전신-피로-방문-홈케어\index.html","E:\mong-lounge-site\shops\seoul\seongdong-gu\성수1가제1동\프리미엄테라피\index.html","신규"
"프리미엄테라피","서울","서울","성동구","성수1가제2동","E:\mong-lounge-site\massage\seoul\seongdong-gu\성동구-출장마사지-왕십리-행당-성수-통근과-약속이-이어진-하루-전신-피로-방문-홈케어\index.html","E:\mong-lounge-site\shops\seoul\seongdong-gu\성수1가제2동\프리미엄테라피\index.html","신규"
"프리미엄테라피","서울","서울","성동구","성수2가제1동","E:\mong-lounge-site\massage\seoul\seongdong-gu\성동구-출장마사지-왕십리-행당-성수-통근과-약속이-이어진-하루-전신-피로-방문-홈케어\index.html","E:\mong-lounge-site\shops\seoul\seongdong-gu\성수2가제1동\프리미엄테라피\index.html","신규"
"프리미엄테라피","서울","서울","성동구","성수2가제3동","E:\mong-lounge-site\massage\seoul\seongdong-gu\성동구-출장마사지-왕십리-행당-성수-통근과-약속이-이어진-하루-전신-피로-방문-홈케어\index.html","E:\mong-lounge-site\shops\seoul\seongdong-gu\성수2가제3동\프리미엄테라피\index.html","신규"
"프리미엄테라피","서울","서울","성동구","송정동","E:\mong-lounge-site\massage\seoul\seongdong-gu\성동구-출장마사지-왕십리-행당-성수-통근과-약속이-이어진-하루-전신-피로-방문-홈케어\index.html","E:\mong-lounge-site\shops\seoul\seongdong-gu\송정동\프리미엄테라피\index.html","신규"
"프리미엄테라피","서울","서울","성동구","옥수동","E:\mong-lounge-site\massage\seoul\seongdong-gu\성동구-출장마사지-왕십리-행당-성수-통근과-약속이-이어진-하루-전신-피로-방문-홈케어\index.html","E:\mong-lounge-site\shops\seoul\seongdong-gu\옥수동\프리미엄테라피\index.html","신규"
"프리미엄테라피","서울","서울","성동구","왕십리도선동","E:\mong-lounge-site\massage\seoul\seongdong-gu\성동구-출장마사지-왕십리-행당-성수-통근과-약속이-이어진-하루-전신-피로-방문-홈케어\index.html","E:\mong-lounge-site\shops\seoul\seongdong-gu\왕십리도선동\프리미엄테라피\index.html","신규"
"프리미엄테라피","서울","서울","성동구","왕십리동","E:\mong-lounge-site\massage\seoul\seongdong-gu\성동구-출장마사지-왕십리-행당-성수-통근과-약속이-이어진-하루-전신-피로-방문-홈케어\index.html","E:\mong-lounge-site\shops\seoul\seongdong-gu\왕십리동\프리미엄테라피\index.html","신규"
"프리미엄테라피","서울","서울","성동구","용답동","E:\mong-lounge-site\massage\seoul\seongdong-gu\성동구-출장마사지-왕십리-행당-성수-통근과-약속이-이어진-하루-전신-피로-방문-홈케어\index.html","E:\mong-lounge-site\shops\seoul\seongdong-gu\용답동\프리미엄테라피\index.html","신규"
"프리미엄테라피","서울","서울","성동구","응봉동","E:\mong-lounge-site\massage\seoul\seongdong-gu\성동구-출장마사지-왕십리-행당-성수-통근과-약속이-이어진-하루-전신-피로-방문-홈케어\index.html","E:\mong-lounge-site\shops\seoul\seongdong-gu\응봉동\프리미엄테라피\index.html","신규"
"프리미엄테라피","서울","서울","성동구","행당동","E:\mong-lounge-site\massage\seoul\seongdong-gu\성동구-출장마사지-왕십리-행당-성수-통근과-약속이-이어진-하루-전신-피로-방문-홈케어\index.html","E:\mong-lounge-site\shops\seoul\seongdong-gu\행당동\프리미엄테라피\index.html","신규"
"프리미엄테라피","서울","서울","성북구","길음동","E:\mong-lounge-site\massage\seoul\seongbuk-gu\성북구-출장마사지-정릉-돈암-길음-집안일과-일상-활동이-길어진-날-어깨-목의-뻐근함-방문-홈케어\index.html","E:\mong-lounge-site\shops\seoul\seongbuk-gu\길음동\프리미엄테라피\index.html","신규"
"프리미엄테라피","서울","서울","성북구","돈암동","E:\mong-lounge-site\massage\seoul\seongbuk-gu\성북구-출장마사지-정릉-돈암-길음-집안일과-일상-활동이-길어진-날-어깨-목의-뻐근함-방문-홈케어\index.html","E:\mong-lounge-site\shops\seoul\seongbuk-gu\돈암동\프리미엄테라피\index.html","신규"
"프리미엄테라피","서울","서울","성북구","동선동","E:\mong-lounge-site\massage\seoul\seongbuk-gu\성북구-출장마사지-정릉-돈암-길음-집안일과-일상-활동이-길어진-날-어깨-목의-뻐근함-방문-홈케어\index.html","E:\mong-lounge-site\shops\seoul\seongbuk-gu\동선동\프리미엄테라피\index.html","신규"
"프리미엄테라피","서울","서울","성북구","보문동","E:\mong-lounge-site\massage\seoul\seongbuk-gu\성북구-출장마사지-정릉-돈암-길음-집안일과-일상-활동이-길어진-날-어깨-목의-뻐근함-방문-홈케어\index.html","E:\mong-lounge-site\shops\seoul\seongbuk-gu\보문동\프리미엄테라피\index.html","신규"
"프리미엄테라피","서울","서울","성북구","삼선동","E:\mong-lounge-site\massage\seoul\seongbuk-gu\성북구-출장마사지-정릉-돈암-길음-집안일과-일상-활동이-길어진-날-어깨-목의-뻐근함-방문-홈케어\index.html","E:\mong-lounge-site\shops\seoul\seongbuk-gu\삼선동\프리미엄테라피\index.html","신규"
"프리미엄테라피","서울","서울","성북구","석관동","E:\mong-lounge-site\massage\seoul\seongbuk-gu\성북구-출장마사지-정릉-돈암-길음-집안일과-일상-활동이-길어진-날-어깨-목의-뻐근함-방문-홈케어\index.html","E:\mong-lounge-site\shops\seoul\seongbuk-gu\석관동\프리미엄테라피\index.html","신규"
"프리미엄테라피","서울","서울","성북구","성북동","E:\mong-lounge-site\massage\seoul\seongbuk-gu\성북구-출장마사지-정릉-돈암-길음-집안일과-일상-활동이-길어진-날-어깨-목의-뻐근함-방문-홈케어\index.html","E:\mong-lounge-site\shops\seoul\seongbuk-gu\성북동\프리미엄테라피\index.html","신규"
"프리미엄테라피","서울","서울","성북구","안암동","E:\mong-lounge-site\massage\seoul\seongbuk-gu\성북구-출장마사지-정릉-돈암-길음-집안일과-일상-활동이-길어진-날-어깨-목의-뻐근함-방문-홈케어\index.html","E:\mong-lounge-site\shops\seoul\seongbuk-gu\안암동\프리미엄테라피\index.html","신규"
"프리미엄테라피","서울","서울","성북구","월곡동","E:\mong-lounge-site\massage\seoul\seongbuk-gu\성북구-출장마사지-정릉-돈암-길음-집안일과-일상-활동이-길어진-날-어깨-목의-뻐근함-방문-홈케어\index.html","E:\mong-lounge-site\shops\seoul\seongbuk-gu\월곡동\프리미엄테라피\index.html","신규"
"프리미엄테라피","서울","서울","성북구","장위동","E:\mong-lounge-site\massage\seoul\seongbuk-gu\성북구-출장마사지-정릉-돈암-길음-집안일과-일상-활동이-길어진-날-어깨-목의-뻐근함-방문-홈케어\index.html","E:\mong-lounge-site\shops\seoul\seongbuk-gu\장위동\프리미엄테라피\index.html","신규"
"프리미엄테라피","서울","서울","성북구","정릉동","E:\mong-lounge-site\massage\seoul\seongbuk-gu\성북구-출장마사지-정릉-돈암-길음-집안일과-일상-활동이-길어진-날-어깨-목의-뻐근함-방문-홈케어\index.html","E:\mong-lounge-site\shops\seoul\seongbuk-gu\정릉동\프리미엄테라피\index.html","신규"
"프리미엄테라피","서울","서울","성북구","종암동","E:\mong-lounge-site\massage\seoul\seongbuk-gu\성북구-출장마사지-정릉-돈암-길음-집안일과-일상-활동이-길어진-날-어깨-목의-뻐근함-방문-홈케어\index.html","E:\mong-lounge-site\shops\seoul\seongbuk-gu\종암동\프리미엄테라피\index.html","신규"
"프리미엄테라피","서울","서울","송파구","가락동","E:\mong-lounge-site\massage\seoul\songpa-gu\송파구-출장마사지-문정-법조타운-잠실-야근과-장시간-화면-업무-어깨-목-눈의-피로-방문-홈케어\index.html","E:\mong-lounge-site\shops\seoul\songpa-gu\가락동\프리미엄테라피\index.html","신규"
"프리미엄테라피","서울","서울","송파구","가락본동","E:\mong-lounge-site\massage\seoul\songpa-gu\송파구-출장마사지-문정-법조타운-잠실-야근과-장시간-화면-업무-어깨-목-눈의-피로-방문-홈케어\index.html","E:\mong-lounge-site\shops\seoul\songpa-gu\가락본동\프리미엄테라피\index.html","신규"
"프리미엄테라피","서울","서울","송파구","거여동","E:\mong-lounge-site\massage\seoul\songpa-gu\송파구-출장마사지-문정-법조타운-잠실-야근과-장시간-화면-업무-어깨-목-눈의-피로-방문-홈케어\index.html","E:\mong-lounge-site\shops\seoul\songpa-gu\거여동\프리미엄테라피\index.html","신규"
"프리미엄테라피","서울","서울","송파구","마천동","E:\mong-lounge-site\massage\seoul\songpa-gu\송파구-출장마사지-문정-법조타운-잠실-야근과-장시간-화면-업무-어깨-목-눈의-피로-방문-홈케어\index.html","E:\mong-lounge-site\shops\seoul\songpa-gu\마천동\프리미엄테라피\index.html","신규"
"프리미엄테라피","서울","서울","송파구","문정동","E:\mong-lounge-site\massage\seoul\songpa-gu\송파구-출장마사지-문정-법조타운-잠실-야근과-장시간-화면-업무-어깨-목-눈의-피로-방문-홈케어\index.html","E:\mong-lounge-site\shops\seoul\songpa-gu\문정동\프리미엄테라피\index.html","신규"
"프리미엄테라피","서울","서울","송파구","방이동","E:\mong-lounge-site\massage\seoul\songpa-gu\송파구-출장마사지-문정-법조타운-잠실-야근과-장시간-화면-업무-어깨-목-눈의-피로-방문-홈케어\index.html","E:\mong-lounge-site\shops\seoul\songpa-gu\방이동\프리미엄테라피\index.html","신규"
"프리미엄테라피","서울","서울","송파구","삼전동","E:\mong-lounge-site\massage\seoul\songpa-gu\송파구-출장마사지-문정-법조타운-잠실-야근과-장시간-화면-업무-어깨-목-눈의-피로-방문-홈케어\index.html","E:\mong-lounge-site\shops\seoul\songpa-gu\삼전동\프리미엄테라피\index.html","신규"
"프리미엄테라피","서울","서울","송파구","석촌동","E:\mong-lounge-site\massage\seoul\songpa-gu\송파구-출장마사지-문정-법조타운-잠실-야근과-장시간-화면-업무-어깨-목-눈의-피로-방문-홈케어\index.html","E:\mong-lounge-site\shops\seoul\songpa-gu\석촌동\프리미엄테라피\index.html","신규"
"프리미엄테라피","서울","서울","송파구","송파동","E:\mong-lounge-site\massage\seoul\songpa-gu\송파구-출장마사지-문정-법조타운-잠실-야근과-장시간-화면-업무-어깨-목-눈의-피로-방문-홈케어\index.html","E:\mong-lounge-site\shops\seoul\songpa-gu\송파동\프리미엄테라피\index.html","신규"
"프리미엄테라피","서울","서울","송파구","오금동","E:\mong-lounge-site\massage\seoul\songpa-gu\송파구-출장마사지-문정-법조타운-잠실-야근과-장시간-화면-업무-어깨-목-눈의-피로-방문-홈케어\index.html","E:\mong-lounge-site\shops\seoul\songpa-gu\오금동\프리미엄테라피\index.html","신규"
"프리미엄테라피","서울","서울","송파구","오륜동","E:\mong-lounge-site\massage\seoul\songpa-gu\송파구-출장마사지-문정-법조타운-잠실-야근과-장시간-화면-업무-어깨-목-눈의-피로-방문-홈케어\index.html","E:\mong-lounge-site\shops\seoul\songpa-gu\오륜동\프리미엄테라피\index.html","신규"
"프리미엄테라피","서울","서울","송파구","위례동","E:\mong-lounge-site\massage\seoul\songpa-gu\송파구-출장마사지-문정-법조타운-잠실-야근과-장시간-화면-업무-어깨-목-눈의-피로-방문-홈케어\index.html","E:\mong-lounge-site\shops\seoul\songpa-gu\위례동\프리미엄테라피\index.html","신규"
"프리미엄테라피","서울","서울","송파구","잠실동","E:\mong-lounge-site\massage\seoul\songpa-gu\송파구-출장마사지-문정-법조타운-잠실-야근과-장시간-화면-업무-어깨-목-눈의-피로-방문-홈케어\index.html","E:\mong-lounge-site\shops\seoul\songpa-gu\잠실동\프리미엄테라피\index.html","신규"
"프리미엄테라피","서울","서울","송파구","잠실본동","E:\mong-lounge-site\massage\seoul\songpa-gu\송파구-출장마사지-문정-법조타운-잠실-야근과-장시간-화면-업무-어깨-목-눈의-피로-방문-홈케어\index.html","E:\mong-lounge-site\shops\seoul\songpa-gu\잠실본동\프리미엄테라피\index.html","신규"
"프리미엄테라피","서울","서울","송파구","장지동","E:\mong-lounge-site\massage\seoul\songpa-gu\송파구-출장마사지-문정-법조타운-잠실-야근과-장시간-화면-업무-어깨-목-눈의-피로-방문-홈케어\index.html","E:\mong-lounge-site\shops\seoul\songpa-gu\장지동\프리미엄테라피\index.html","신규"
"프리미엄테라피","서울","서울","송파구","풍납동","E:\mong-lounge-site\massage\seoul\songpa-gu\송파구-출장마사지-문정-법조타운-잠실-야근과-장시간-화면-업무-어깨-목-눈의-피로-방문-홈케어\index.html","E:\mong-lounge-site\shops\seoul\songpa-gu\풍납동\프리미엄테라피\index.html","신규"
"프리미엄테라피","서울","서울","양천구","목동","E:\mong-lounge-site\massage\seoul\yangcheon-gu\양천구-출장마사지-신정-신월-목동-강의와-장시간-발성이-이어진-날-목-어깨의-뻐근함-방문-홈케어\index.html","E:\mong-lounge-site\shops\seoul\yangcheon-gu\목동\프리미엄테라피\index.html","신규"
"프리미엄테라피","서울","서울","양천구","신월동","E:\mong-lounge-site\massage\seoul\yangcheon-gu\양천구-출장마사지-신정-신월-목동-강의와-장시간-발성이-이어진-날-목-어깨의-뻐근함-방문-홈케어\index.html","E:\mong-lounge-site\shops\seoul\yangcheon-gu\신월동\프리미엄테라피\index.html","신규"
"프리미엄테라피","서울","서울","양천구","신정동","E:\mong-lounge-site\massage\seoul\yangcheon-gu\양천구-출장마사지-신정-신월-목동-강의와-장시간-발성이-이어진-날-목-어깨의-뻐근함-방문-홈케어\index.html","E:\mong-lounge-site\shops\seoul\yangcheon-gu\신정동\프리미엄테라피\index.html","신규"
"프리미엄테라피","서울","서울","영등포구","당산동","E:\mong-lounge-site\massage\seoul\yeongdeungpo-gu\영등포구-출장마사지-문래-영등포-여의도-판매-제조-오피스-일정이-겹친-날-다리-손목-피로-방문-홈케어\index.html","E:\mong-lounge-site\shops\seoul\yeongdeungpo-gu\당산동\프리미엄테라피\index.html","신규"
"프리미엄테라피","서울","서울","영등포구","대림동","E:\mong-lounge-site\massage\seoul\yeongdeungpo-gu\영등포구-출장마사지-문래-영등포-여의도-판매-제조-오피스-일정이-겹친-날-다리-손목-피로-방문-홈케어\index.html","E:\mong-lounge-site\shops\seoul\yeongdeungpo-gu\대림동\프리미엄테라피\index.html","신규"
"프리미엄테라피","서울","서울","영등포구","도림동","E:\mong-lounge-site\massage\seoul\yeongdeungpo-gu\영등포구-출장마사지-문래-영등포-여의도-판매-제조-오피스-일정이-겹친-날-다리-손목-피로-방문-홈케어\index.html","E:\mong-lounge-site\shops\seoul\yeongdeungpo-gu\도림동\프리미엄테라피\index.html","신규"
"프리미엄테라피","서울","서울","영등포구","문래동","E:\mong-lounge-site\massage\seoul\yeongdeungpo-gu\영등포구-출장마사지-문래-영등포-여의도-판매-제조-오피스-일정이-겹친-날-다리-손목-피로-방문-홈케어\index.html","E:\mong-lounge-site\shops\seoul\yeongdeungpo-gu\문래동\프리미엄테라피\index.html","신규"
"프리미엄테라피","서울","서울","영등포구","신길동","E:\mong-lounge-site\massage\seoul\yeongdeungpo-gu\영등포구-출장마사지-문래-영등포-여의도-판매-제조-오피스-일정이-겹친-날-다리-손목-피로-방문-홈케어\index.html","E:\mong-lounge-site\shops\seoul\yeongdeungpo-gu\신길동\프리미엄테라피\index.html","신규"
"프리미엄테라피","서울","서울","영등포구","양평동","E:\mong-lounge-site\massage\seoul\yeongdeungpo-gu\영등포구-출장마사지-문래-영등포-여의도-판매-제조-오피스-일정이-겹친-날-다리-손목-피로-방문-홈케어\index.html","E:\mong-lounge-site\shops\seoul\yeongdeungpo-gu\양평동\프리미엄테라피\index.html","신규"
"프리미엄테라피","서울","서울","영등포구","여의동","E:\mong-lounge-site\massage\seoul\yeongdeungpo-gu\영등포구-출장마사지-문래-영등포-여의도-판매-제조-오피스-일정이-겹친-날-다리-손목-피로-방문-홈케어\index.html","E:\mong-lounge-site\shops\seoul\yeongdeungpo-gu\여의동\프리미엄테라피\index.html","신규"
"프리미엄테라피","서울","서울","영등포구","영등포동","E:\mong-lounge-site\massage\seoul\yeongdeungpo-gu\영등포구-출장마사지-문래-영등포-여의도-판매-제조-오피스-일정이-겹친-날-다리-손목-피로-방문-홈케어\index.html","E:\mong-lounge-site\shops\seoul\yeongdeungpo-gu\영등포동\프리미엄테라피\index.html","신규"
"프리미엄테라피","서울","서울","영등포구","영등포본동","E:\mong-lounge-site\massage\seoul\yeongdeungpo-gu\영등포구-출장마사지-문래-영등포-여의도-판매-제조-오피스-일정이-겹친-날-다리-손목-피로-방문-홈케어\index.html","E:\mong-lounge-site\shops\seoul\yeongdeungpo-gu\영등포본동\프리미엄테라피\index.html","신규"
"프리미엄테라피","서울","서울","용산구","남영동","E:\mong-lounge-site\massage\seoul\yongsan-gu\용산구-출장마사지-이촌-한강로-신용산-주거와-오피스를-오가는-긴-하루-어깨-허리-뻐근함-방문-홈케어\index.html","E:\mong-lounge-site\shops\seoul\yongsan-gu\남영동\프리미엄테라피\index.html","신규"
"프리미엄테라피","서울","서울","용산구","보광동","E:\mong-lounge-site\massage\seoul\yongsan-gu\용산구-출장마사지-이촌-한강로-신용산-주거와-오피스를-오가는-긴-하루-어깨-허리-뻐근함-방문-홈케어\index.html","E:\mong-lounge-site\shops\seoul\yongsan-gu\보광동\프리미엄테라피\index.html","신규"
"프리미엄테라피","서울","서울","용산구","서빙고동","E:\mong-lounge-site\massage\seoul\yongsan-gu\용산구-출장마사지-이촌-한강로-신용산-주거와-오피스를-오가는-긴-하루-어깨-허리-뻐근함-방문-홈케어\index.html","E:\mong-lounge-site\shops\seoul\yongsan-gu\서빙고동\프리미엄테라피\index.html","신규"
"프리미엄테라피","서울","서울","용산구","용문동","E:\mong-lounge-site\massage\seoul\yongsan-gu\용산구-출장마사지-이촌-한강로-신용산-주거와-오피스를-오가는-긴-하루-어깨-허리-뻐근함-방문-홈케어\index.html","E:\mong-lounge-site\shops\seoul\yongsan-gu\용문동\프리미엄테라피\index.html","신규"
"프리미엄테라피","서울","서울","용산구","용산2가동","E:\mong-lounge-site\massage\seoul\yongsan-gu\용산구-출장마사지-이촌-한강로-신용산-주거와-오피스를-오가는-긴-하루-어깨-허리-뻐근함-방문-홈케어\index.html","E:\mong-lounge-site\shops\seoul\yongsan-gu\용산2가동\프리미엄테라피\index.html","신규"
"프리미엄테라피","서울","서울","용산구","원효로동","E:\mong-lounge-site\massage\seoul\yongsan-gu\용산구-출장마사지-이촌-한강로-신용산-주거와-오피스를-오가는-긴-하루-어깨-허리-뻐근함-방문-홈케어\index.html","E:\mong-lounge-site\shops\seoul\yongsan-gu\원효로동\프리미엄테라피\index.html","신규"
"프리미엄테라피","서울","서울","용산구","이촌동","E:\mong-lounge-site\massage\seoul\yongsan-gu\용산구-출장마사지-이촌-한강로-신용산-주거와-오피스를-오가는-긴-하루-어깨-허리-뻐근함-방문-홈케어\index.html","E:\mong-lounge-site\shops\seoul\yongsan-gu\이촌동\프리미엄테라피\index.html","신규"
"프리미엄테라피","서울","서울","용산구","이태원동","E:\mong-lounge-site\massage\seoul\yongsan-gu\용산구-출장마사지-이촌-한강로-신용산-주거와-오피스를-오가는-긴-하루-어깨-허리-뻐근함-방문-홈케어\index.html","E:\mong-lounge-site\shops\seoul\yongsan-gu\이태원동\프리미엄테라피\index.html","신규"
"프리미엄테라피","서울","서울","용산구","청파동","E:\mong-lounge-site\massage\seoul\yongsan-gu\용산구-출장마사지-이촌-한강로-신용산-주거와-오피스를-오가는-긴-하루-어깨-허리-뻐근함-방문-홈케어\index.html","E:\mong-lounge-site\shops\seoul\yongsan-gu\청파동\프리미엄테라피\index.html","신규"
"프리미엄테라피","서울","서울","용산구","한강로동","E:\mong-lounge-site\massage\seoul\yongsan-gu\용산구-출장마사지-이촌-한강로-신용산-주거와-오피스를-오가는-긴-하루-어깨-허리-뻐근함-방문-홈케어\index.html","E:\mong-lounge-site\shops\seoul\yongsan-gu\한강로동\프리미엄테라피\index.html","신규"
"프리미엄테라피","서울","서울","용산구","한남동","E:\mong-lounge-site\massage\seoul\yongsan-gu\용산구-출장마사지-이촌-한강로-신용산-주거와-오피스를-오가는-긴-하루-어깨-허리-뻐근함-방문-홈케어\index.html","E:\mong-lounge-site\shops\seoul\yongsan-gu\한남동\프리미엄테라피\index.html","신규"
"프리미엄테라피","서울","서울","용산구","효창동","E:\mong-lounge-site\massage\seoul\yongsan-gu\용산구-출장마사지-이촌-한강로-신용산-주거와-오피스를-오가는-긴-하루-어깨-허리-뻐근함-방문-홈케어\index.html","E:\mong-lounge-site\shops\seoul\yongsan-gu\효창동\프리미엄테라피\index.html","신규"
"프리미엄테라피","서울","서울","용산구","후암동","E:\mong-lounge-site\massage\seoul\yongsan-gu\용산구-출장마사지-이촌-한강로-신용산-주거와-오피스를-오가는-긴-하루-어깨-허리-뻐근함-방문-홈케어\index.html","E:\mong-lounge-site\shops\seoul\yongsan-gu\후암동\프리미엄테라피\index.html","신규"
"프리미엄테라피","서울","서울","은평구","갈현동","E:\mong-lounge-site\massage\seoul\eunpyeong-gu\은평구-출장마사지-응암-역촌-불광-생활-이동과-장보기-일정-허리-어깨-피로-방문-홈케어\index.html","E:\mong-lounge-site\shops\seoul\eunpyeong-gu\갈현동\프리미엄테라피\index.html","신규"
"프리미엄테라피","서울","서울","은평구","구산동","E:\mong-lounge-site\massage\seoul\eunpyeong-gu\은평구-출장마사지-응암-역촌-불광-생활-이동과-장보기-일정-허리-어깨-피로-방문-홈케어\index.html","E:\mong-lounge-site\shops\seoul\eunpyeong-gu\구산동\프리미엄테라피\index.html","신규"
"프리미엄테라피","서울","서울","은평구","녹번동","E:\mong-lounge-site\massage\seoul\eunpyeong-gu\은평구-출장마사지-응암-역촌-불광-생활-이동과-장보기-일정-허리-어깨-피로-방문-홈케어\index.html","E:\mong-lounge-site\shops\seoul\eunpyeong-gu\녹번동\프리미엄테라피\index.html","신규"
"프리미엄테라피","서울","서울","은평구","대조동","E:\mong-lounge-site\massage\seoul\eunpyeong-gu\은평구-출장마사지-응암-역촌-불광-생활-이동과-장보기-일정-허리-어깨-피로-방문-홈케어\index.html","E:\mong-lounge-site\shops\seoul\eunpyeong-gu\대조동\프리미엄테라피\index.html","신규"
"프리미엄테라피","서울","서울","은평구","불광동","E:\mong-lounge-site\massage\seoul\eunpyeong-gu\은평구-출장마사지-응암-역촌-불광-생활-이동과-장보기-일정-허리-어깨-피로-방문-홈케어\index.html","E:\mong-lounge-site\shops\seoul\eunpyeong-gu\불광동\프리미엄테라피\index.html","신규"
"프리미엄테라피","서울","서울","은평구","수색동","E:\mong-lounge-site\massage\seoul\eunpyeong-gu\은평구-출장마사지-응암-역촌-불광-생활-이동과-장보기-일정-허리-어깨-피로-방문-홈케어\index.html","E:\mong-lounge-site\shops\seoul\eunpyeong-gu\수색동\프리미엄테라피\index.html","신규"
"프리미엄테라피","서울","서울","은평구","신사동","E:\mong-lounge-site\massage\seoul\eunpyeong-gu\은평구-출장마사지-응암-역촌-불광-생활-이동과-장보기-일정-허리-어깨-피로-방문-홈케어\index.html","E:\mong-lounge-site\shops\seoul\eunpyeong-gu\신사동\프리미엄테라피\index.html","신규"
"프리미엄테라피","서울","서울","은평구","역촌동","E:\mong-lounge-site\massage\seoul\eunpyeong-gu\은평구-출장마사지-응암-역촌-불광-생활-이동과-장보기-일정-허리-어깨-피로-방문-홈케어\index.html","E:\mong-lounge-site\shops\seoul\eunpyeong-gu\역촌동\프리미엄테라피\index.html","신규"
"프리미엄테라피","서울","서울","은평구","응암동","E:\mong-lounge-site\massage\seoul\eunpyeong-gu\은평구-출장마사지-응암-역촌-불광-생활-이동과-장보기-일정-허리-어깨-피로-방문-홈케어\index.html","E:\mong-lounge-site\shops\seoul\eunpyeong-gu\응암동\프리미엄테라피\index.html","신규"
"프리미엄테라피","서울","서울","은평구","증산동","E:\mong-lounge-site\massage\seoul\eunpyeong-gu\은평구-출장마사지-응암-역촌-불광-생활-이동과-장보기-일정-허리-어깨-피로-방문-홈케어\index.html","E:\mong-lounge-site\shops\seoul\eunpyeong-gu\증산동\프리미엄테라피\index.html","신규"
"프리미엄테라피","서울","서울","은평구","진관동","E:\mong-lounge-site\massage\seoul\eunpyeong-gu\은평구-출장마사지-응암-역촌-불광-생활-이동과-장보기-일정-허리-어깨-피로-방문-홈케어\index.html","E:\mong-lounge-site\shops\seoul\eunpyeong-gu\진관동\프리미엄테라피\index.html","신규"
"프리미엄테라피","서울","서울","종로구","4가동","E:\mong-lounge-site\massage\seoul\jongno-gu\종로구-출장마사지-혜화-대학로-종로5가-공연-관람-뒤-오래-걷는-일정-다리-발의-무거움-방문-홈케어\index.html","E:\mong-lounge-site\shops\seoul\jongno-gu\4가동\프리미엄테라피\index.html","신규"
"프리미엄테라피","서울","서울","종로구","6가동","E:\mong-lounge-site\massage\seoul\jongno-gu\종로구-출장마사지-혜화-대학로-종로5가-공연-관람-뒤-오래-걷는-일정-다리-발의-무거움-방문-홈케어\index.html","E:\mong-lounge-site\shops\seoul\jongno-gu\6가동\프리미엄테라피\index.html","신규"
"프리미엄테라피","서울","서울","종로구","가회동","E:\mong-lounge-site\massage\seoul\jongno-gu\종로구-출장마사지-혜화-대학로-종로5가-공연-관람-뒤-오래-걷는-일정-다리-발의-무거움-방문-홈케어\index.html","E:\mong-lounge-site\shops\seoul\jongno-gu\가회동\프리미엄테라피\index.html","신규"
"프리미엄테라피","서울","서울","종로구","교남동","E:\mong-lounge-site\massage\seoul\jongno-gu\종로구-출장마사지-혜화-대학로-종로5가-공연-관람-뒤-오래-걷는-일정-다리-발의-무거움-방문-홈케어\index.html","E:\mong-lounge-site\shops\seoul\jongno-gu\교남동\프리미엄테라피\index.html","신규"
"프리미엄테라피","서울","서울","종로구","무악동","E:\mong-lounge-site\massage\seoul\jongno-gu\종로구-출장마사지-혜화-대학로-종로5가-공연-관람-뒤-오래-걷는-일정-다리-발의-무거움-방문-홈케어\index.html","E:\mong-lounge-site\shops\seoul\jongno-gu\무악동\프리미엄테라피\index.html","신규"
"프리미엄테라피","서울","서울","종로구","부암동","E:\mong-lounge-site\massage\seoul\jongno-gu\종로구-출장마사지-혜화-대학로-종로5가-공연-관람-뒤-오래-걷는-일정-다리-발의-무거움-방문-홈케어\index.html","E:\mong-lounge-site\shops\seoul\jongno-gu\부암동\프리미엄테라피\index.html","신규"
"프리미엄테라피","서울","서울","종로구","사직동","E:\mong-lounge-site\massage\seoul\jongno-gu\종로구-출장마사지-혜화-대학로-종로5가-공연-관람-뒤-오래-걷는-일정-다리-발의-무거움-방문-홈케어\index.html","E:\mong-lounge-site\shops\seoul\jongno-gu\사직동\프리미엄테라피\index.html","신규"
"프리미엄테라피","서울","서울","종로구","삼청동","E:\mong-lounge-site\massage\seoul\jongno-gu\종로구-출장마사지-혜화-대학로-종로5가-공연-관람-뒤-오래-걷는-일정-다리-발의-무거움-방문-홈케어\index.html","E:\mong-lounge-site\shops\seoul\jongno-gu\삼청동\프리미엄테라피\index.html","신규"
"프리미엄테라피","서울","서울","종로구","숭인동","E:\mong-lounge-site\massage\seoul\jongno-gu\종로구-출장마사지-혜화-대학로-종로5가-공연-관람-뒤-오래-걷는-일정-다리-발의-무거움-방문-홈케어\index.html","E:\mong-lounge-site\shops\seoul\jongno-gu\숭인동\프리미엄테라피\index.html","신규"
"프리미엄테라피","서울","서울","종로구","이화동","E:\mong-lounge-site\massage\seoul\jongno-gu\종로구-출장마사지-혜화-대학로-종로5가-공연-관람-뒤-오래-걷는-일정-다리-발의-무거움-방문-홈케어\index.html","E:\mong-lounge-site\shops\seoul\jongno-gu\이화동\프리미엄테라피\index.html","신규"
"프리미엄테라피","서울","서울","종로구","창신동","E:\mong-lounge-site\massage\seoul\jongno-gu\종로구-출장마사지-혜화-대학로-종로5가-공연-관람-뒤-오래-걷는-일정-다리-발의-무거움-방문-홈케어\index.html","E:\mong-lounge-site\shops\seoul\jongno-gu\창신동\프리미엄테라피\index.html","신규"
"프리미엄테라피","서울","서울","종로구","청운효자동","E:\mong-lounge-site\massage\seoul\jongno-gu\종로구-출장마사지-혜화-대학로-종로5가-공연-관람-뒤-오래-걷는-일정-다리-발의-무거움-방문-홈케어\index.html","E:\mong-lounge-site\shops\seoul\jongno-gu\청운효자동\프리미엄테라피\index.html","신규"
"프리미엄테라피","서울","서울","종로구","평창동","E:\mong-lounge-site\massage\seoul\jongno-gu\종로구-출장마사지-혜화-대학로-종로5가-공연-관람-뒤-오래-걷는-일정-다리-발의-무거움-방문-홈케어\index.html","E:\mong-lounge-site\shops\seoul\jongno-gu\평창동\프리미엄테라피\index.html","신규"
"프리미엄테라피","서울","서울","종로구","혜화동","E:\mong-lounge-site\massage\seoul\jongno-gu\종로구-출장마사지-혜화-대학로-종로5가-공연-관람-뒤-오래-걷는-일정-다리-발의-무거움-방문-홈케어\index.html","E:\mong-lounge-site\shops\seoul\jongno-gu\혜화동\프리미엄테라피\index.html","신규"
"프리미엄테라피","서울","서울","중구","광희동","E:\mong-lounge-site\massage\seoul\jung-gu\중구-출장마사지-신당-동대문시장-을지로-야간-영업과-장시간-서-있는-일정-다리-허리-피로-방문-홈케어\index.html","E:\mong-lounge-site\shops\seoul\jung-gu\광희동\프리미엄테라피\index.html","신규"
"프리미엄테라피","서울","서울","중구","다산동","E:\mong-lounge-site\massage\seoul\jung-gu\중구-출장마사지-신당-동대문시장-을지로-야간-영업과-장시간-서-있는-일정-다리-허리-피로-방문-홈케어\index.html","E:\mong-lounge-site\shops\seoul\jung-gu\다산동\프리미엄테라피\index.html","신규"
"프리미엄테라피","서울","서울","중구","동화동","E:\mong-lounge-site\massage\seoul\jung-gu\중구-출장마사지-신당-동대문시장-을지로-야간-영업과-장시간-서-있는-일정-다리-허리-피로-방문-홈케어\index.html","E:\mong-lounge-site\shops\seoul\jung-gu\동화동\프리미엄테라피\index.html","신규"
"프리미엄테라피","서울","서울","중구","명동","E:\mong-lounge-site\massage\seoul\jung-gu\중구-출장마사지-신당-동대문시장-을지로-야간-영업과-장시간-서-있는-일정-다리-허리-피로-방문-홈케어\index.html","E:\mong-lounge-site\shops\seoul\jung-gu\명동\프리미엄테라피\index.html","신규"
"프리미엄테라피","서울","서울","중구","소공동","E:\mong-lounge-site\massage\seoul\jung-gu\중구-출장마사지-신당-동대문시장-을지로-야간-영업과-장시간-서-있는-일정-다리-허리-피로-방문-홈케어\index.html","E:\mong-lounge-site\shops\seoul\jung-gu\소공동\프리미엄테라피\index.html","신규"
"프리미엄테라피","서울","서울","중구","신당동","E:\mong-lounge-site\massage\seoul\jung-gu\중구-출장마사지-신당-동대문시장-을지로-야간-영업과-장시간-서-있는-일정-다리-허리-피로-방문-홈케어\index.html","E:\mong-lounge-site\shops\seoul\jung-gu\신당동\프리미엄테라피\index.html","신규"
"프리미엄테라피","서울","서울","중구","약수동","E:\mong-lounge-site\massage\seoul\jung-gu\중구-출장마사지-신당-동대문시장-을지로-야간-영업과-장시간-서-있는-일정-다리-허리-피로-방문-홈케어\index.html","E:\mong-lounge-site\shops\seoul\jung-gu\약수동\프리미엄테라피\index.html","신규"
"프리미엄테라피","서울","서울","중구","을지로동","E:\mong-lounge-site\massage\seoul\jung-gu\중구-출장마사지-신당-동대문시장-을지로-야간-영업과-장시간-서-있는-일정-다리-허리-피로-방문-홈케어\index.html","E:\mong-lounge-site\shops\seoul\jung-gu\을지로동\프리미엄테라피\index.html","신규"
"프리미엄테라피","서울","서울","중구","장충동","E:\mong-lounge-site\massage\seoul\jung-gu\중구-출장마사지-신당-동대문시장-을지로-야간-영업과-장시간-서-있는-일정-다리-허리-피로-방문-홈케어\index.html","E:\mong-lounge-site\shops\seoul\jung-gu\장충동\프리미엄테라피\index.html","신규"
"프리미엄테라피","서울","서울","중구","중림동","E:\mong-lounge-site\massage\seoul\jung-gu\중구-출장마사지-신당-동대문시장-을지로-야간-영업과-장시간-서-있는-일정-다리-허리-피로-방문-홈케어\index.html","E:\mong-lounge-site\shops\seoul\jung-gu\중림동\프리미엄테라피\index.html","신규"
"프리미엄테라피","서울","서울","중구","청구동","E:\mong-lounge-site\massage\seoul\jung-gu\중구-출장마사지-신당-동대문시장-을지로-야간-영업과-장시간-서-있는-일정-다리-허리-피로-방문-홈케어\index.html","E:\mong-lounge-site\shops\seoul\jung-gu\청구동\프리미엄테라피\index.html","신규"
"프리미엄테라피","서울","서울","중구","필동","E:\mong-lounge-site\massage\seoul\jung-gu\중구-출장마사지-신당-동대문시장-을지로-야간-영업과-장시간-서-있는-일정-다리-허리-피로-방문-홈케어\index.html","E:\mong-lounge-site\shops\seoul\jung-gu\필동\프리미엄테라피\index.html","신규"
"프리미엄테라피","서울","서울","중구","황학동","E:\mong-lounge-site\massage\seoul\jung-gu\중구-출장마사지-신당-동대문시장-을지로-야간-영업과-장시간-서-있는-일정-다리-허리-피로-방문-홈케어\index.html","E:\mong-lounge-site\shops\seoul\jung-gu\황학동\프리미엄테라피\index.html","신규"
"프리미엄테라피","서울","서울","중구","회현동","E:\mong-lounge-site\massage\seoul\jung-gu\중구-출장마사지-신당-동대문시장-을지로-야간-영업과-장시간-서-있는-일정-다리-허리-피로-방문-홈케어\index.html","E:\mong-lounge-site\shops\seoul\jung-gu\회현동\프리미엄테라피\index.html","신규"
"프리미엄테라피","서울","서울","중랑구","8동","E:\mong-lounge-site\massage\seoul\jungnang-gu\중랑구-출장마사지-사가정-중화-면목-매장-운영과-반복적인-손-사용-손목-허리-피로-방문-홈케어\index.html","E:\mong-lounge-site\shops\seoul\jungnang-gu\8동\프리미엄테라피\index.html","신규"
"프리미엄테라피","서울","서울","중랑구","망우동","E:\mong-lounge-site\massage\seoul\jungnang-gu\중랑구-출장마사지-사가정-중화-면목-매장-운영과-반복적인-손-사용-손목-허리-피로-방문-홈케어\index.html","E:\mong-lounge-site\shops\seoul\jungnang-gu\망우동\프리미엄테라피\index.html","신규"
"프리미엄테라피","서울","서울","중랑구","망우본동","E:\mong-lounge-site\massage\seoul\jungnang-gu\중랑구-출장마사지-사가정-중화-면목-매장-운영과-반복적인-손-사용-손목-허리-피로-방문-홈케어\index.html","E:\mong-lounge-site\shops\seoul\jungnang-gu\망우본동\프리미엄테라피\index.html","신규"
"프리미엄테라피","서울","서울","중랑구","면목동","E:\mong-lounge-site\massage\seoul\jungnang-gu\중랑구-출장마사지-사가정-중화-면목-매장-운영과-반복적인-손-사용-손목-허리-피로-방문-홈케어\index.html","E:\mong-lounge-site\shops\seoul\jungnang-gu\면목동\프리미엄테라피\index.html","신규"
"프리미엄테라피","서울","서울","중랑구","면목본동","E:\mong-lounge-site\massage\seoul\jungnang-gu\중랑구-출장마사지-사가정-중화-면목-매장-운영과-반복적인-손-사용-손목-허리-피로-방문-홈케어\index.html","E:\mong-lounge-site\shops\seoul\jungnang-gu\면목본동\프리미엄테라피\index.html","신규"
"프리미엄테라피","서울","서울","중랑구","묵동","E:\mong-lounge-site\massage\seoul\jungnang-gu\중랑구-출장마사지-사가정-중화-면목-매장-운영과-반복적인-손-사용-손목-허리-피로-방문-홈케어\index.html","E:\mong-lounge-site\shops\seoul\jungnang-gu\묵동\프리미엄테라피\index.html","신규"
"프리미엄테라피","서울","서울","중랑구","상봉동","E:\mong-lounge-site\massage\seoul\jungnang-gu\중랑구-출장마사지-사가정-중화-면목-매장-운영과-반복적인-손-사용-손목-허리-피로-방문-홈케어\index.html","E:\mong-lounge-site\shops\seoul\jungnang-gu\상봉동\프리미엄테라피\index.html","신규"
"프리미엄테라피","서울","서울","중랑구","신내동","E:\mong-lounge-site\massage\seoul\jungnang-gu\중랑구-출장마사지-사가정-중화-면목-매장-운영과-반복적인-손-사용-손목-허리-피로-방문-홈케어\index.html","E:\mong-lounge-site\shops\seoul\jungnang-gu\신내동\프리미엄테라피\index.html","신규"
"프리미엄테라피","서울","서울","중랑구","중화동","E:\mong-lounge-site\massage\seoul\jungnang-gu\중랑구-출장마사지-사가정-중화-면목-매장-운영과-반복적인-손-사용-손목-허리-피로-방문-홈케어\index.html","E:\mong-lounge-site\shops\seoul\jungnang-gu\중화동\프리미엄테라피\index.html","신규"
"프리미엄테라피","인천","인천","강화군","강화읍","E:\mong-lounge-site\massage\incheon\ganghwa-gun\강화군-출장마사지-강화읍-길상-불은-당일-여행과-차량-이동이-길어진-날-다리-허리-피로-방문-홈케어\index.html","E:\mong-lounge-site\shops\incheon\ganghwa-gun\강화읍\프리미엄테라피\index.html","신규"
"프리미엄테라피","인천","인천","강화군","교동면","E:\mong-lounge-site\massage\incheon\ganghwa-gun\강화군-출장마사지-강화읍-길상-불은-당일-여행과-차량-이동이-길어진-날-다리-허리-피로-방문-홈케어\index.html","E:\mong-lounge-site\shops\incheon\ganghwa-gun\교동면\프리미엄테라피\index.html","신규"
"프리미엄테라피","인천","인천","강화군","길상면","E:\mong-lounge-site\massage\incheon\ganghwa-gun\강화군-출장마사지-강화읍-길상-불은-당일-여행과-차량-이동이-길어진-날-다리-허리-피로-방문-홈케어\index.html","E:\mong-lounge-site\shops\incheon\ganghwa-gun\길상면\프리미엄테라피\index.html","신규"
"프리미엄테라피","인천","인천","강화군","내가면","E:\mong-lounge-site\massage\incheon\ganghwa-gun\강화군-출장마사지-강화읍-길상-불은-당일-여행과-차량-이동이-길어진-날-다리-허리-피로-방문-홈케어\index.html","E:\mong-lounge-site\shops\incheon\ganghwa-gun\내가면\프리미엄테라피\index.html","신규"
"프리미엄테라피","인천","인천","강화군","불은면","E:\mong-lounge-site\massage\incheon\ganghwa-gun\강화군-출장마사지-강화읍-길상-불은-당일-여행과-차량-이동이-길어진-날-다리-허리-피로-방문-홈케어\index.html","E:\mong-lounge-site\shops\incheon\ganghwa-gun\불은면\프리미엄테라피\index.html","신규"
"프리미엄테라피","인천","인천","강화군","삼산면","E:\mong-lounge-site\massage\incheon\ganghwa-gun\강화군-출장마사지-강화읍-길상-불은-당일-여행과-차량-이동이-길어진-날-다리-허리-피로-방문-홈케어\index.html","E:\mong-lounge-site\shops\incheon\ganghwa-gun\삼산면\프리미엄테라피\index.html","신규"
"프리미엄테라피","인천","인천","강화군","서도면","E:\mong-lounge-site\massage\incheon\ganghwa-gun\강화군-출장마사지-강화읍-길상-불은-당일-여행과-차량-이동이-길어진-날-다리-허리-피로-방문-홈케어\index.html","E:\mong-lounge-site\shops\incheon\ganghwa-gun\서도면\프리미엄테라피\index.html","신규"
"프리미엄테라피","인천","인천","강화군","선원면","E:\mong-lounge-site\massage\incheon\ganghwa-gun\강화군-출장마사지-강화읍-길상-불은-당일-여행과-차량-이동이-길어진-날-다리-허리-피로-방문-홈케어\index.html","E:\mong-lounge-site\shops\incheon\ganghwa-gun\선원면\프리미엄테라피\index.html","신규"
"프리미엄테라피","인천","인천","강화군","송해면","E:\mong-lounge-site\massage\incheon\ganghwa-gun\강화군-출장마사지-강화읍-길상-불은-당일-여행과-차량-이동이-길어진-날-다리-허리-피로-방문-홈케어\index.html","E:\mong-lounge-site\shops\incheon\ganghwa-gun\송해면\프리미엄테라피\index.html","신규"
"프리미엄테라피","인천","인천","강화군","양도면","E:\mong-lounge-site\massage\incheon\ganghwa-gun\강화군-출장마사지-강화읍-길상-불은-당일-여행과-차량-이동이-길어진-날-다리-허리-피로-방문-홈케어\index.html","E:\mong-lounge-site\shops\incheon\ganghwa-gun\양도면\프리미엄테라피\index.html","신규"
"프리미엄테라피","인천","인천","강화군","양사면","E:\mong-lounge-site\massage\incheon\ganghwa-gun\강화군-출장마사지-강화읍-길상-불은-당일-여행과-차량-이동이-길어진-날-다리-허리-피로-방문-홈케어\index.html","E:\mong-lounge-site\shops\incheon\ganghwa-gun\양사면\프리미엄테라피\index.html","신규"
"프리미엄테라피","인천","인천","강화군","하점면","E:\mong-lounge-site\massage\incheon\ganghwa-gun\강화군-출장마사지-강화읍-길상-불은-당일-여행과-차량-이동이-길어진-날-다리-허리-피로-방문-홈케어\index.html","E:\mong-lounge-site\shops\incheon\ganghwa-gun\하점면\프리미엄테라피\index.html","신규"
"프리미엄테라피","인천","인천","강화군","화도면","E:\mong-lounge-site\massage\incheon\ganghwa-gun\강화군-출장마사지-강화읍-길상-불은-당일-여행과-차량-이동이-길어진-날-다리-허리-피로-방문-홈케어\index.html","E:\mong-lounge-site\shops\incheon\ganghwa-gun\화도면\프리미엄테라피\index.html","신규"
"프리미엄테라피","인천","인천","검단구","검단동","E:\mong-lounge-site\massage\incheon\geomdan-gu\검단구-출장마사지-검단신도시-원당-불로-입주-이사와-신도시-정리-일정-어깨-허리-피로-방문-홈케어\index.html","E:\mong-lounge-site\shops\incheon\geomdan-gu\검단동\프리미엄테라피\index.html","신규"
"프리미엄테라피","인천","인천","검단구","당하동","E:\mong-lounge-site\massage\incheon\geomdan-gu\검단구-출장마사지-검단신도시-원당-불로-입주-이사와-신도시-정리-일정-어깨-허리-피로-방문-홈케어\index.html","E:\mong-lounge-site\shops\incheon\geomdan-gu\당하동\프리미엄테라피\index.html","신규"
"프리미엄테라피","인천","인천","검단구","마전동","E:\mong-lounge-site\massage\incheon\geomdan-gu\검단구-출장마사지-검단신도시-원당-불로-입주-이사와-신도시-정리-일정-어깨-허리-피로-방문-홈케어\index.html","E:\mong-lounge-site\shops\incheon\geomdan-gu\마전동\프리미엄테라피\index.html","신규"
"프리미엄테라피","인천","인천","검단구","불로대곡동","E:\mong-lounge-site\massage\incheon\geomdan-gu\검단구-출장마사지-검단신도시-원당-불로-입주-이사와-신도시-정리-일정-어깨-허리-피로-방문-홈케어\index.html","E:\mong-lounge-site\shops\incheon\geomdan-gu\불로대곡동\프리미엄테라피\index.html","신규"
"프리미엄테라피","인천","인천","검단구","아라동","E:\mong-lounge-site\massage\incheon\geomdan-gu\검단구-출장마사지-검단신도시-원당-불로-입주-이사와-신도시-정리-일정-어깨-허리-피로-방문-홈케어\index.html","E:\mong-lounge-site\shops\incheon\geomdan-gu\아라동\프리미엄테라피\index.html","신규"
"프리미엄테라피","인천","인천","검단구","오류왕길동","E:\mong-lounge-site\massage\incheon\geomdan-gu\검단구-출장마사지-검단신도시-원당-불로-입주-이사와-신도시-정리-일정-어깨-허리-피로-방문-홈케어\index.html","E:\mong-lounge-site\shops\incheon\geomdan-gu\오류왕길동\프리미엄테라피\index.html","신규"
"프리미엄테라피","인천","인천","검단구","원당동","E:\mong-lounge-site\massage\incheon\geomdan-gu\검단구-출장마사지-검단신도시-원당-불로-입주-이사와-신도시-정리-일정-어깨-허리-피로-방문-홈케어\index.html","E:\mong-lounge-site\shops\incheon\geomdan-gu\원당동\프리미엄테라피\index.html","신규"
"프리미엄테라피","인천","인천","계양구","계산동","E:\mong-lounge-site\massage\incheon\gyeyang-gu\계양구-출장마사지-계산-작전-임학-출퇴근과-환승-이동이-길어진-날-목-허리-피로-방문-홈케어\index.html","E:\mong-lounge-site\shops\incheon\gyeyang-gu\계산동\프리미엄테라피\index.html","신규"
"프리미엄테라피","인천","인천","계양구","계양동","E:\mong-lounge-site\massage\incheon\gyeyang-gu\계양구-출장마사지-계산-작전-임학-출퇴근과-환승-이동이-길어진-날-목-허리-피로-방문-홈케어\index.html","E:\mong-lounge-site\shops\incheon\gyeyang-gu\계양동\프리미엄테라피\index.html","신규"
"프리미엄테라피","인천","인천","계양구","작전동","E:\mong-lounge-site\massage\incheon\gyeyang-gu\계양구-출장마사지-계산-작전-임학-출퇴근과-환승-이동이-길어진-날-목-허리-피로-방문-홈케어\index.html","E:\mong-lounge-site\shops\incheon\gyeyang-gu\작전동\프리미엄테라피\index.html","신규"
"프리미엄테라피","인천","인천","계양구","작전서운동","E:\mong-lounge-site\massage\incheon\gyeyang-gu\계양구-출장마사지-계산-작전-임학-출퇴근과-환승-이동이-길어진-날-목-허리-피로-방문-홈케어\index.html","E:\mong-lounge-site\shops\incheon\gyeyang-gu\작전서운동\프리미엄테라피\index.html","신규"
"프리미엄테라피","인천","인천","계양구","효성동","E:\mong-lounge-site\massage\incheon\gyeyang-gu\계양구-출장마사지-계산-작전-임학-출퇴근과-환승-이동이-길어진-날-목-허리-피로-방문-홈케어\index.html","E:\mong-lounge-site\shops\incheon\gyeyang-gu\효성동\프리미엄테라피\index.html","신규"
"프리미엄테라피","인천","인천","남동구","간석동","E:\mong-lounge-site\massage\incheon\namdong-gu\남동구-출장마사지-구월-논현-간석-오피스와-쇼핑-일정이-겹친-날-다리-어깨-피로-방문-홈케어\index.html","E:\mong-lounge-site\shops\incheon\namdong-gu\간석동\프리미엄테라피\index.html","신규"
"프리미엄테라피","인천","인천","남동구","구월동","E:\mong-lounge-site\massage\incheon\namdong-gu\남동구-출장마사지-구월-논현-간석-오피스와-쇼핑-일정이-겹친-날-다리-어깨-피로-방문-홈케어\index.html","E:\mong-lounge-site\shops\incheon\namdong-gu\구월동\프리미엄테라피\index.html","신규"
"프리미엄테라피","인천","인천","남동구","남촌도림동","E:\mong-lounge-site\massage\incheon\namdong-gu\남동구-출장마사지-구월-논현-간석-오피스와-쇼핑-일정이-겹친-날-다리-어깨-피로-방문-홈케어\index.html","E:\mong-lounge-site\shops\incheon\namdong-gu\남촌도림동\프리미엄테라피\index.html","신규"
"프리미엄테라피","인천","인천","남동구","논현고잔동","E:\mong-lounge-site\massage\incheon\namdong-gu\남동구-출장마사지-구월-논현-간석-오피스와-쇼핑-일정이-겹친-날-다리-어깨-피로-방문-홈케어\index.html","E:\mong-lounge-site\shops\incheon\namdong-gu\논현고잔동\프리미엄테라피\index.html","신규"
"프리미엄테라피","인천","인천","남동구","논현동","E:\mong-lounge-site\massage\incheon\namdong-gu\남동구-출장마사지-구월-논현-간석-오피스와-쇼핑-일정이-겹친-날-다리-어깨-피로-방문-홈케어\index.html","E:\mong-lounge-site\shops\incheon\namdong-gu\논현동\프리미엄테라피\index.html","신규"
"프리미엄테라피","인천","인천","남동구","만수동","E:\mong-lounge-site\massage\incheon\namdong-gu\남동구-출장마사지-구월-논현-간석-오피스와-쇼핑-일정이-겹친-날-다리-어깨-피로-방문-홈케어\index.html","E:\mong-lounge-site\shops\incheon\namdong-gu\만수동\프리미엄테라피\index.html","신규"
"프리미엄테라피","인천","인천","남동구","서창동","E:\mong-lounge-site\massage\incheon\namdong-gu\남동구-출장마사지-구월-논현-간석-오피스와-쇼핑-일정이-겹친-날-다리-어깨-피로-방문-홈케어\index.html","E:\mong-lounge-site\shops\incheon\namdong-gu\서창동\프리미엄테라피\index.html","신규"
"프리미엄테라피","인천","인천","남동구","장수서창동","E:\mong-lounge-site\massage\incheon\namdong-gu\남동구-출장마사지-구월-논현-간석-오피스와-쇼핑-일정이-겹친-날-다리-어깨-피로-방문-홈케어\index.html","E:\mong-lounge-site\shops\incheon\namdong-gu\장수서창동\프리미엄테라피\index.html","신규"
"프리미엄테라피","인천","인천","미추홀구","3동","E:\mong-lounge-site\massage\incheon\michuhol-gu\미추홀구-출장마사지-주안-용현-도화-통근과-대학가-이동이-길어진-날-목-허리-피로-방문-홈케어\index.html","E:\mong-lounge-site\shops\incheon\michuhol-gu\3동\프리미엄테라피\index.html","신규"
"프리미엄테라피","인천","인천","미추홀구","4동","E:\mong-lounge-site\massage\incheon\michuhol-gu\미추홀구-출장마사지-주안-용현-도화-통근과-대학가-이동이-길어진-날-목-허리-피로-방문-홈케어\index.html","E:\mong-lounge-site\shops\incheon\michuhol-gu\4동\프리미엄테라피\index.html","신규"
"프리미엄테라피","인천","인천","미추홀구","관교동","E:\mong-lounge-site\massage\incheon\michuhol-gu\미추홀구-출장마사지-주안-용현-도화-통근과-대학가-이동이-길어진-날-목-허리-피로-방문-홈케어\index.html","E:\mong-lounge-site\shops\incheon\michuhol-gu\관교동\프리미엄테라피\index.html","신규"
"프리미엄테라피","인천","인천","미추홀구","도화동","E:\mong-lounge-site\massage\incheon\michuhol-gu\미추홀구-출장마사지-주안-용현-도화-통근과-대학가-이동이-길어진-날-목-허리-피로-방문-홈케어\index.html","E:\mong-lounge-site\shops\incheon\michuhol-gu\도화동\프리미엄테라피\index.html","신규"
"프리미엄테라피","인천","인천","미추홀구","문학동","E:\mong-lounge-site\massage\incheon\michuhol-gu\미추홀구-출장마사지-주안-용현-도화-통근과-대학가-이동이-길어진-날-목-허리-피로-방문-홈케어\index.html","E:\mong-lounge-site\shops\incheon\michuhol-gu\문학동\프리미엄테라피\index.html","신규"
"프리미엄테라피","인천","인천","미추홀구","숭의동","E:\mong-lounge-site\massage\incheon\michuhol-gu\미추홀구-출장마사지-주안-용현-도화-통근과-대학가-이동이-길어진-날-목-허리-피로-방문-홈케어\index.html","E:\mong-lounge-site\shops\incheon\michuhol-gu\숭의동\프리미엄테라피\index.html","신규"
"프리미엄테라피","인천","인천","미추홀구","용현동","E:\mong-lounge-site\massage\incheon\michuhol-gu\미추홀구-출장마사지-주안-용현-도화-통근과-대학가-이동이-길어진-날-목-허리-피로-방문-홈케어\index.html","E:\mong-lounge-site\shops\incheon\michuhol-gu\용현동\프리미엄테라피\index.html","신규"
"프리미엄테라피","인천","인천","미추홀구","주안동","E:\mong-lounge-site\massage\incheon\michuhol-gu\미추홀구-출장마사지-주안-용현-도화-통근과-대학가-이동이-길어진-날-목-허리-피로-방문-홈케어\index.html","E:\mong-lounge-site\shops\incheon\michuhol-gu\주안동\프리미엄테라피\index.html","신규"
"프리미엄테라피","인천","인천","미추홀구","학익동","E:\mong-lounge-site\massage\incheon\michuhol-gu\미추홀구-출장마사지-주안-용현-도화-통근과-대학가-이동이-길어진-날-목-허리-피로-방문-홈케어\index.html","E:\mong-lounge-site\shops\incheon\michuhol-gu\학익동\프리미엄테라피\index.html","신규"
"프리미엄테라피","인천","인천","부평구","갈산동","E:\mong-lounge-site\massage\incheon\bupyeong-gu\부평구-출장마사지-부평-삼산-갈산-쇼핑-서비스-업무로-오래-선-날-다리-손목-피로-방문-홈케어\index.html","E:\mong-lounge-site\shops\incheon\bupyeong-gu\갈산동\프리미엄테라피\index.html","신규"
"프리미엄테라피","인천","인천","부평구","부개동","E:\mong-lounge-site\massage\incheon\bupyeong-gu\부평구-출장마사지-부평-삼산-갈산-쇼핑-서비스-업무로-오래-선-날-다리-손목-피로-방문-홈케어\index.html","E:\mong-lounge-site\shops\incheon\bupyeong-gu\부개동\프리미엄테라피\index.html","신규"
"프리미엄테라피","인천","인천","부평구","부평동","E:\mong-lounge-site\massage\incheon\bupyeong-gu\부평구-출장마사지-부평-삼산-갈산-쇼핑-서비스-업무로-오래-선-날-다리-손목-피로-방문-홈케어\index.html","E:\mong-lounge-site\shops\incheon\bupyeong-gu\부평동\프리미엄테라피\index.html","신규"
"프리미엄테라피","인천","인천","부평구","산곡동","E:\mong-lounge-site\massage\incheon\bupyeong-gu\부평구-출장마사지-부평-삼산-갈산-쇼핑-서비스-업무로-오래-선-날-다리-손목-피로-방문-홈케어\index.html","E:\mong-lounge-site\shops\incheon\bupyeong-gu\산곡동\프리미엄테라피\index.html","신규"
"프리미엄테라피","인천","인천","부평구","삼산동","E:\mong-lounge-site\massage\incheon\bupyeong-gu\부평구-출장마사지-부평-삼산-갈산-쇼핑-서비스-업무로-오래-선-날-다리-손목-피로-방문-홈케어\index.html","E:\mong-lounge-site\shops\incheon\bupyeong-gu\삼산동\프리미엄테라피\index.html","신규"
"프리미엄테라피","인천","인천","부평구","십정동","E:\mong-lounge-site\massage\incheon\bupyeong-gu\부평구-출장마사지-부평-삼산-갈산-쇼핑-서비스-업무로-오래-선-날-다리-손목-피로-방문-홈케어\index.html","E:\mong-lounge-site\shops\incheon\bupyeong-gu\십정동\프리미엄테라피\index.html","신규"
"프리미엄테라피","인천","인천","부평구","일신동","E:\mong-lounge-site\massage\incheon\bupyeong-gu\부평구-출장마사지-부평-삼산-갈산-쇼핑-서비스-업무로-오래-선-날-다리-손목-피로-방문-홈케어\index.html","E:\mong-lounge-site\shops\incheon\bupyeong-gu\일신동\프리미엄테라피\index.html","신규"
"프리미엄테라피","인천","인천","부평구","청천동","E:\mong-lounge-site\massage\incheon\bupyeong-gu\부평구-출장마사지-부평-삼산-갈산-쇼핑-서비스-업무로-오래-선-날-다리-손목-피로-방문-홈케어\index.html","E:\mong-lounge-site\shops\incheon\bupyeong-gu\청천동\프리미엄테라피\index.html","신규"
"프리미엄테라피","인천","인천","서해구","가정동","E:\mong-lounge-site\massage\incheon\seohae-gu\서해구-출장마사지-청라-가정-석남-신도시-통근과-가족-일정이-겹친-날-허리-어깨-피로-방문-홈케어\index.html","E:\mong-lounge-site\shops\incheon\seohae-gu\가정동\프리미엄테라피\index.html","신규"
"프리미엄테라피","인천","인천","서해구","가좌동","E:\mong-lounge-site\massage\incheon\seohae-gu\서해구-출장마사지-청라-가정-석남-신도시-통근과-가족-일정이-겹친-날-허리-어깨-피로-방문-홈케어\index.html","E:\mong-lounge-site\shops\incheon\seohae-gu\가좌동\프리미엄테라피\index.html","신규"
"프리미엄테라피","인천","인천","서해구","검암경서동","E:\mong-lounge-site\massage\incheon\seohae-gu\서해구-출장마사지-청라-가정-석남-신도시-통근과-가족-일정이-겹친-날-허리-어깨-피로-방문-홈케어\index.html","E:\mong-lounge-site\shops\incheon\seohae-gu\검암경서동\프리미엄테라피\index.html","신규"
"프리미엄테라피","인천","인천","서해구","석남동","E:\mong-lounge-site\massage\incheon\seohae-gu\서해구-출장마사지-청라-가정-석남-신도시-통근과-가족-일정이-겹친-날-허리-어깨-피로-방문-홈케어\index.html","E:\mong-lounge-site\shops\incheon\seohae-gu\석남동\프리미엄테라피\index.html","신규"
"프리미엄테라피","인천","인천","서해구","신현원창동","E:\mong-lounge-site\massage\incheon\seohae-gu\서해구-출장마사지-청라-가정-석남-신도시-통근과-가족-일정이-겹친-날-허리-어깨-피로-방문-홈케어\index.html","E:\mong-lounge-site\shops\incheon\seohae-gu\신현원창동\프리미엄테라피\index.html","신규"
"프리미엄테라피","인천","인천","서해구","연희동","E:\mong-lounge-site\massage\incheon\seohae-gu\서해구-출장마사지-청라-가정-석남-신도시-통근과-가족-일정이-겹친-날-허리-어깨-피로-방문-홈케어\index.html","E:\mong-lounge-site\shops\incheon\seohae-gu\연희동\프리미엄테라피\index.html","신규"
"프리미엄테라피","인천","인천","서해구","청라동","E:\mong-lounge-site\massage\incheon\seohae-gu\서해구-출장마사지-청라-가정-석남-신도시-통근과-가족-일정이-겹친-날-허리-어깨-피로-방문-홈케어\index.html","E:\mong-lounge-site\shops\incheon\seohae-gu\청라동\프리미엄테라피\index.html","신규"
"프리미엄테라피","인천","인천","연수구","동춘동","E:\mong-lounge-site\massage\incheon\yeonsu-gu\연수구-출장마사지-송도-연수-동춘-오피스-업무와-국제업무-일정이-길어진-날-목-눈-어깨-피로-방문-홈케어\index.html","E:\mong-lounge-site\shops\incheon\yeonsu-gu\동춘동\프리미엄테라피\index.html","신규"
"프리미엄테라피","인천","인천","연수구","선학동","E:\mong-lounge-site\massage\incheon\yeonsu-gu\연수구-출장마사지-송도-연수-동춘-오피스-업무와-국제업무-일정이-길어진-날-목-눈-어깨-피로-방문-홈케어\index.html","E:\mong-lounge-site\shops\incheon\yeonsu-gu\선학동\프리미엄테라피\index.html","신규"
"프리미엄테라피","인천","인천","연수구","송도동","E:\mong-lounge-site\massage\incheon\yeonsu-gu\연수구-출장마사지-송도-연수-동춘-오피스-업무와-국제업무-일정이-길어진-날-목-눈-어깨-피로-방문-홈케어\index.html","E:\mong-lounge-site\shops\incheon\yeonsu-gu\송도동\프리미엄테라피\index.html","신규"
"프리미엄테라피","인천","인천","연수구","연수동","E:\mong-lounge-site\massage\incheon\yeonsu-gu\연수구-출장마사지-송도-연수-동춘-오피스-업무와-국제업무-일정이-길어진-날-목-눈-어깨-피로-방문-홈케어\index.html","E:\mong-lounge-site\shops\incheon\yeonsu-gu\연수동\프리미엄테라피\index.html","신규"
"프리미엄테라피","인천","인천","연수구","옥련동","E:\mong-lounge-site\massage\incheon\yeonsu-gu\연수구-출장마사지-송도-연수-동춘-오피스-업무와-국제업무-일정이-길어진-날-목-눈-어깨-피로-방문-홈케어\index.html","E:\mong-lounge-site\shops\incheon\yeonsu-gu\옥련동\프리미엄테라피\index.html","신규"
"프리미엄테라피","인천","인천","연수구","청학동","E:\mong-lounge-site\massage\incheon\yeonsu-gu\연수구-출장마사지-송도-연수-동춘-오피스-업무와-국제업무-일정이-길어진-날-목-눈-어깨-피로-방문-홈케어\index.html","E:\mong-lounge-site\shops\incheon\yeonsu-gu\청학동\프리미엄테라피\index.html","신규"
"프리미엄테라피","인천","인천","영종구","영종동","E:\mong-lounge-site\massage\incheon\yeongjong-gu\영종구-출장마사지-영종-운서-공항신도시-공항-이동과-여행-일정이-이어진-날-다리-허리-피로-방문-홈케어\index.html","E:\mong-lounge-site\shops\incheon\yeongjong-gu\영종동\프리미엄테라피\index.html","신규"
"프리미엄테라피","인천","인천","영종구","용유동","E:\mong-lounge-site\massage\incheon\yeongjong-gu\영종구-출장마사지-영종-운서-공항신도시-공항-이동과-여행-일정이-이어진-날-다리-허리-피로-방문-홈케어\index.html","E:\mong-lounge-site\shops\incheon\yeongjong-gu\용유동\프리미엄테라피\index.html","신규"
"프리미엄테라피","인천","인천","영종구","운서동","E:\mong-lounge-site\massage\incheon\yeongjong-gu\영종구-출장마사지-영종-운서-공항신도시-공항-이동과-여행-일정이-이어진-날-다리-허리-피로-방문-홈케어\index.html","E:\mong-lounge-site\shops\incheon\yeongjong-gu\운서동\프리미엄테라피\index.html","신규"
"프리미엄테라피","인천","인천","옹진군","대청면","E:\mong-lounge-site\massage\incheon\ongjin-gun\옹진군-출장마사지-영흥-백령-덕적-섬-이동과-숙박-일정이-길어진-날-다리-허리-피로-방문-홈케어\index.html","E:\mong-lounge-site\shops\incheon\ongjin-gun\대청면\프리미엄테라피\index.html","신규"
"프리미엄테라피","인천","인천","옹진군","덕적면","E:\mong-lounge-site\massage\incheon\ongjin-gun\옹진군-출장마사지-영흥-백령-덕적-섬-이동과-숙박-일정이-길어진-날-다리-허리-피로-방문-홈케어\index.html","E:\mong-lounge-site\shops\incheon\ongjin-gun\덕적면\프리미엄테라피\index.html","신규"
"프리미엄테라피","인천","인천","옹진군","백령면","E:\mong-lounge-site\massage\incheon\ongjin-gun\옹진군-출장마사지-영흥-백령-덕적-섬-이동과-숙박-일정이-길어진-날-다리-허리-피로-방문-홈케어\index.html","E:\mong-lounge-site\shops\incheon\ongjin-gun\백령면\프리미엄테라피\index.html","신규"
"프리미엄테라피","인천","인천","옹진군","북도면","E:\mong-lounge-site\massage\incheon\ongjin-gun\옹진군-출장마사지-영흥-백령-덕적-섬-이동과-숙박-일정이-길어진-날-다리-허리-피로-방문-홈케어\index.html","E:\mong-lounge-site\shops\incheon\ongjin-gun\북도면\프리미엄테라피\index.html","신규"
"프리미엄테라피","인천","인천","옹진군","연평면","E:\mong-lounge-site\massage\incheon\ongjin-gun\옹진군-출장마사지-영흥-백령-덕적-섬-이동과-숙박-일정이-길어진-날-다리-허리-피로-방문-홈케어\index.html","E:\mong-lounge-site\shops\incheon\ongjin-gun\연평면\프리미엄테라피\index.html","신규"
"프리미엄테라피","인천","인천","옹진군","영흥면","E:\mong-lounge-site\massage\incheon\ongjin-gun\옹진군-출장마사지-영흥-백령-덕적-섬-이동과-숙박-일정이-길어진-날-다리-허리-피로-방문-홈케어\index.html","E:\mong-lounge-site\shops\incheon\ongjin-gun\영흥면\프리미엄테라피\index.html","신규"
"프리미엄테라피","인천","인천","옹진군","자월면","E:\mong-lounge-site\massage\incheon\ongjin-gun\옹진군-출장마사지-영흥-백령-덕적-섬-이동과-숙박-일정이-길어진-날-다리-허리-피로-방문-홈케어\index.html","E:\mong-lounge-site\shops\incheon\ongjin-gun\자월면\프리미엄테라피\index.html","신규"
"프리미엄테라피","인천","인천","제물포구","2동","E:\mong-lounge-site\massage\incheon\jemulpo-gu\제물포구-출장마사지-동인천-월미-송현-시장-관광과-장시간-보행-일정-다리-허리-피로-방문-홈케어\index.html","E:\mong-lounge-site\shops\incheon\jemulpo-gu\2동\프리미엄테라피\index.html","신규"
"프리미엄테라피","인천","인천","제물포구","개항동","E:\mong-lounge-site\massage\incheon\jemulpo-gu\제물포구-출장마사지-동인천-월미-송현-시장-관광과-장시간-보행-일정-다리-허리-피로-방문-홈케어\index.html","E:\mong-lounge-site\shops\incheon\jemulpo-gu\개항동\프리미엄테라피\index.html","신규"
"프리미엄테라피","인천","인천","제물포구","금창동","E:\mong-lounge-site\massage\incheon\jemulpo-gu\제물포구-출장마사지-동인천-월미-송현-시장-관광과-장시간-보행-일정-다리-허리-피로-방문-홈케어\index.html","E:\mong-lounge-site\shops\incheon\jemulpo-gu\금창동\프리미엄테라피\index.html","신규"
"프리미엄테라피","인천","인천","제물포구","도원동","E:\mong-lounge-site\massage\incheon\jemulpo-gu\제물포구-출장마사지-동인천-월미-송현-시장-관광과-장시간-보행-일정-다리-허리-피로-방문-홈케어\index.html","E:\mong-lounge-site\shops\incheon\jemulpo-gu\도원동\프리미엄테라피\index.html","신규"
"프리미엄테라피","인천","인천","제물포구","동인천동","E:\mong-lounge-site\massage\incheon\jemulpo-gu\제물포구-출장마사지-동인천-월미-송현-시장-관광과-장시간-보행-일정-다리-허리-피로-방문-홈케어\index.html","E:\mong-lounge-site\shops\incheon\jemulpo-gu\동인천동\프리미엄테라피\index.html","신규"
"프리미엄테라피","인천","인천","제물포구","만석동","E:\mong-lounge-site\massage\incheon\jemulpo-gu\제물포구-출장마사지-동인천-월미-송현-시장-관광과-장시간-보행-일정-다리-허리-피로-방문-홈케어\index.html","E:\mong-lounge-site\shops\incheon\jemulpo-gu\만석동\프리미엄테라피\index.html","신규"
"프리미엄테라피","인천","인천","제물포구","송림동","E:\mong-lounge-site\massage\incheon\jemulpo-gu\제물포구-출장마사지-동인천-월미-송현-시장-관광과-장시간-보행-일정-다리-허리-피로-방문-홈케어\index.html","E:\mong-lounge-site\shops\incheon\jemulpo-gu\송림동\프리미엄테라피\index.html","신규"
"프리미엄테라피","인천","인천","제물포구","송현동","E:\mong-lounge-site\massage\incheon\jemulpo-gu\제물포구-출장마사지-동인천-월미-송현-시장-관광과-장시간-보행-일정-다리-허리-피로-방문-홈케어\index.html","E:\mong-lounge-site\shops\incheon\jemulpo-gu\송현동\프리미엄테라피\index.html","신규"
"프리미엄테라피","인천","인천","제물포구","신포동","E:\mong-lounge-site\massage\incheon\jemulpo-gu\제물포구-출장마사지-동인천-월미-송현-시장-관광과-장시간-보행-일정-다리-허리-피로-방문-홈케어\index.html","E:\mong-lounge-site\shops\incheon\jemulpo-gu\신포동\프리미엄테라피\index.html","신규"
"프리미엄테라피","인천","인천","제물포구","신흥동","E:\mong-lounge-site\massage\incheon\jemulpo-gu\제물포구-출장마사지-동인천-월미-송현-시장-관광과-장시간-보행-일정-다리-허리-피로-방문-홈케어\index.html","E:\mong-lounge-site\shops\incheon\jemulpo-gu\신흥동\프리미엄테라피\index.html","신규"
"프리미엄테라피","인천","인천","제물포구","연안동","E:\mong-lounge-site\massage\incheon\jemulpo-gu\제물포구-출장마사지-동인천-월미-송현-시장-관광과-장시간-보행-일정-다리-허리-피로-방문-홈케어\index.html","E:\mong-lounge-site\shops\incheon\jemulpo-gu\연안동\프리미엄테라피\index.html","신규"
"프리미엄테라피","인천","인천","제물포구","율목동","E:\mong-lounge-site\massage\incheon\jemulpo-gu\제물포구-출장마사지-동인천-월미-송현-시장-관광과-장시간-보행-일정-다리-허리-피로-방문-홈케어\index.html","E:\mong-lounge-site\shops\incheon\jemulpo-gu\율목동\프리미엄테라피\index.html","신규"
"프리미엄테라피","인천","인천","제물포구","화수동","E:\mong-lounge-site\massage\incheon\jemulpo-gu\제물포구-출장마사지-동인천-월미-송현-시장-관광과-장시간-보행-일정-다리-허리-피로-방문-홈케어\index.html","E:\mong-lounge-site\shops\incheon\jemulpo-gu\화수동\프리미엄테라피\index.html","신규"
"프리미엄테라피","인천","인천","제물포구","화평동","E:\mong-lounge-site\massage\incheon\jemulpo-gu\제물포구-출장마사지-동인천-월미-송현-시장-관광과-장시간-보행-일정-다리-허리-피로-방문-홈케어\index.html","E:\mong-lounge-site\shops\incheon\jemulpo-gu\화평동\프리미엄테라피\index.html","신규"
"마인드좋은테라피","서울","서울","강동구","강일동","E:\mong-lounge-site\massage\seoul\gangdong-gu\강동구-출장마사지-둔촌-올림픽공원-일자산-입주-이사와-장시간-정리-전신-뭉침과-무거움-방문-홈케어\index.html","E:\mong-lounge-site\shops\seoul\gangdong-gu\강일동\마인드좋은테라피\index.html","신규"
"마인드좋은테라피","서울","서울","강동구","고덕동","E:\mong-lounge-site\massage\seoul\gangdong-gu\강동구-출장마사지-둔촌-올림픽공원-일자산-입주-이사와-장시간-정리-전신-뭉침과-무거움-방문-홈케어\index.html","E:\mong-lounge-site\shops\seoul\gangdong-gu\고덕동\마인드좋은테라피\index.html","신규"
"마인드좋은테라피","서울","서울","강동구","길동","E:\mong-lounge-site\massage\seoul\gangdong-gu\강동구-출장마사지-둔촌-올림픽공원-일자산-입주-이사와-장시간-정리-전신-뭉침과-무거움-방문-홈케어\index.html","E:\mong-lounge-site\shops\seoul\gangdong-gu\길동\마인드좋은테라피\index.html","신규"
"마인드좋은테라피","서울","서울","강동구","둔촌동","E:\mong-lounge-site\massage\seoul\gangdong-gu\강동구-출장마사지-둔촌-올림픽공원-일자산-입주-이사와-장시간-정리-전신-뭉침과-무거움-방문-홈케어\index.html","E:\mong-lounge-site\shops\seoul\gangdong-gu\둔촌동\마인드좋은테라피\index.html","신규"
"마인드좋은테라피","서울","서울","강동구","명일동","E:\mong-lounge-site\massage\seoul\gangdong-gu\강동구-출장마사지-둔촌-올림픽공원-일자산-입주-이사와-장시간-정리-전신-뭉침과-무거움-방문-홈케어\index.html","E:\mong-lounge-site\shops\seoul\gangdong-gu\명일동\마인드좋은테라피\index.html","신규"
"마인드좋은테라피","서울","서울","강동구","상일동","E:\mong-lounge-site\massage\seoul\gangdong-gu\강동구-출장마사지-둔촌-올림픽공원-일자산-입주-이사와-장시간-정리-전신-뭉침과-무거움-방문-홈케어\index.html","E:\mong-lounge-site\shops\seoul\gangdong-gu\상일동\마인드좋은테라피\index.html","신규"
"마인드좋은테라피","서울","서울","강동구","성내동","E:\mong-lounge-site\massage\seoul\gangdong-gu\강동구-출장마사지-둔촌-올림픽공원-일자산-입주-이사와-장시간-정리-전신-뭉침과-무거움-방문-홈케어\index.html","E:\mong-lounge-site\shops\seoul\gangdong-gu\성내동\마인드좋은테라피\index.html","신규"
"마인드좋은테라피","서울","서울","강동구","암사동","E:\mong-lounge-site\massage\seoul\gangdong-gu\강동구-출장마사지-둔촌-올림픽공원-일자산-입주-이사와-장시간-정리-전신-뭉침과-무거움-방문-홈케어\index.html","E:\mong-lounge-site\shops\seoul\gangdong-gu\암사동\마인드좋은테라피\index.html","신규"
"마인드좋은테라피","서울","서울","강동구","천호동","E:\mong-lounge-site\massage\seoul\gangdong-gu\강동구-출장마사지-둔촌-올림픽공원-일자산-입주-이사와-장시간-정리-전신-뭉침과-무거움-방문-홈케어\index.html","E:\mong-lounge-site\shops\seoul\gangdong-gu\천호동\마인드좋은테라피\index.html","신규"
"마인드좋은테라피","서울","서울","관악구","낙성대동","E:\mong-lounge-site\massage\seoul\gwanak-gu\관악구-출장마사지-서울대입구-샤로수길-신림-프리랜서-작업과-창업-일정-눈-목-어깨-피로-방문-홈케어\index.html","E:\mong-lounge-site\shops\seoul\gwanak-gu\낙성대동\마인드좋은테라피\index.html","신규"
"마인드좋은테라피","서울","서울","관악구","난곡동","E:\mong-lounge-site\massage\seoul\gwanak-gu\관악구-출장마사지-서울대입구-샤로수길-신림-프리랜서-작업과-창업-일정-눈-목-어깨-피로-방문-홈케어\index.html","E:\mong-lounge-site\shops\seoul\gwanak-gu\난곡동\마인드좋은테라피\index.html","신규"
"마인드좋은테라피","서울","서울","관악구","난향동","E:\mong-lounge-site\massage\seoul\gwanak-gu\관악구-출장마사지-서울대입구-샤로수길-신림-프리랜서-작업과-창업-일정-눈-목-어깨-피로-방문-홈케어\index.html","E:\mong-lounge-site\shops\seoul\gwanak-gu\난향동\마인드좋은테라피\index.html","신규"
"마인드좋은테라피","서울","서울","관악구","남현동","E:\mong-lounge-site\massage\seoul\gwanak-gu\관악구-출장마사지-서울대입구-샤로수길-신림-프리랜서-작업과-창업-일정-눈-목-어깨-피로-방문-홈케어\index.html","E:\mong-lounge-site\shops\seoul\gwanak-gu\남현동\마인드좋은테라피\index.html","신규"
"마인드좋은테라피","서울","서울","관악구","대학동","E:\mong-lounge-site\massage\seoul\gwanak-gu\관악구-출장마사지-서울대입구-샤로수길-신림-프리랜서-작업과-창업-일정-눈-목-어깨-피로-방문-홈케어\index.html","E:\mong-lounge-site\shops\seoul\gwanak-gu\대학동\마인드좋은테라피\index.html","신규"
"마인드좋은테라피","서울","서울","관악구","미성동","E:\mong-lounge-site\massage\seoul\gwanak-gu\관악구-출장마사지-서울대입구-샤로수길-신림-프리랜서-작업과-창업-일정-눈-목-어깨-피로-방문-홈케어\index.html","E:\mong-lounge-site\shops\seoul\gwanak-gu\미성동\마인드좋은테라피\index.html","신규"
"마인드좋은테라피","서울","서울","관악구","보라매동","E:\mong-lounge-site\massage\seoul\gwanak-gu\관악구-출장마사지-서울대입구-샤로수길-신림-프리랜서-작업과-창업-일정-눈-목-어깨-피로-방문-홈케어\index.html","E:\mong-lounge-site\shops\seoul\gwanak-gu\보라매동\마인드좋은테라피\index.html","신규"
"마인드좋은테라피","서울","서울","관악구","삼성동","E:\mong-lounge-site\massage\seoul\gwanak-gu\관악구-출장마사지-서울대입구-샤로수길-신림-프리랜서-작업과-창업-일정-눈-목-어깨-피로-방문-홈케어\index.html","E:\mong-lounge-site\shops\seoul\gwanak-gu\삼성동\마인드좋은테라피\index.html","신규"
"마인드좋은테라피","서울","서울","관악구","서림동","E:\mong-lounge-site\massage\seoul\gwanak-gu\관악구-출장마사지-서울대입구-샤로수길-신림-프리랜서-작업과-창업-일정-눈-목-어깨-피로-방문-홈케어\index.html","E:\mong-lounge-site\shops\seoul\gwanak-gu\서림동\마인드좋은테라피\index.html","신규"
"마인드좋은테라피","서울","서울","관악구","서원동","E:\mong-lounge-site\massage\seoul\gwanak-gu\관악구-출장마사지-서울대입구-샤로수길-신림-프리랜서-작업과-창업-일정-눈-목-어깨-피로-방문-홈케어\index.html","E:\mong-lounge-site\shops\seoul\gwanak-gu\서원동\마인드좋은테라피\index.html","신규"
"마인드좋은테라피","서울","서울","관악구","성현동","E:\mong-lounge-site\massage\seoul\gwanak-gu\관악구-출장마사지-서울대입구-샤로수길-신림-프리랜서-작업과-창업-일정-눈-목-어깨-피로-방문-홈케어\index.html","E:\mong-lounge-site\shops\seoul\gwanak-gu\성현동\마인드좋은테라피\index.html","신규"
"마인드좋은테라피","서울","서울","관악구","신림동","E:\mong-lounge-site\massage\seoul\gwanak-gu\관악구-출장마사지-서울대입구-샤로수길-신림-프리랜서-작업과-창업-일정-눈-목-어깨-피로-방문-홈케어\index.html","E:\mong-lounge-site\shops\seoul\gwanak-gu\신림동\마인드좋은테라피\index.html","신규"
"마인드좋은테라피","서울","서울","관악구","신사동","E:\mong-lounge-site\massage\seoul\gwanak-gu\관악구-출장마사지-서울대입구-샤로수길-신림-프리랜서-작업과-창업-일정-눈-목-어깨-피로-방문-홈케어\index.html","E:\mong-lounge-site\shops\seoul\gwanak-gu\신사동\마인드좋은테라피\index.html","신규"
"마인드좋은테라피","서울","서울","관악구","신원동","E:\mong-lounge-site\massage\seoul\gwanak-gu\관악구-출장마사지-서울대입구-샤로수길-신림-프리랜서-작업과-창업-일정-눈-목-어깨-피로-방문-홈케어\index.html","E:\mong-lounge-site\shops\seoul\gwanak-gu\신원동\마인드좋은테라피\index.html","신규"
"마인드좋은테라피","서울","서울","관악구","은천동","E:\mong-lounge-site\massage\seoul\gwanak-gu\관악구-출장마사지-서울대입구-샤로수길-신림-프리랜서-작업과-창업-일정-눈-목-어깨-피로-방문-홈케어\index.html","E:\mong-lounge-site\shops\seoul\gwanak-gu\은천동\마인드좋은테라피\index.html","신규"
"마인드좋은테라피","서울","서울","관악구","인헌동","E:\mong-lounge-site\massage\seoul\gwanak-gu\관악구-출장마사지-서울대입구-샤로수길-신림-프리랜서-작업과-창업-일정-눈-목-어깨-피로-방문-홈케어\index.html","E:\mong-lounge-site\shops\seoul\gwanak-gu\인헌동\마인드좋은테라피\index.html","신규"
"마인드좋은테라피","서울","서울","관악구","조원동","E:\mong-lounge-site\massage\seoul\gwanak-gu\관악구-출장마사지-서울대입구-샤로수길-신림-프리랜서-작업과-창업-일정-눈-목-어깨-피로-방문-홈케어\index.html","E:\mong-lounge-site\shops\seoul\gwanak-gu\조원동\마인드좋은테라피\index.html","신규"
"마인드좋은테라피","서울","서울","관악구","중앙동","E:\mong-lounge-site\massage\seoul\gwanak-gu\관악구-출장마사지-서울대입구-샤로수길-신림-프리랜서-작업과-창업-일정-눈-목-어깨-피로-방문-홈케어\index.html","E:\mong-lounge-site\shops\seoul\gwanak-gu\중앙동\마인드좋은테라피\index.html","신규"
"마인드좋은테라피","서울","서울","관악구","청룡동","E:\mong-lounge-site\massage\seoul\gwanak-gu\관악구-출장마사지-서울대입구-샤로수길-신림-프리랜서-작업과-창업-일정-눈-목-어깨-피로-방문-홈케어\index.html","E:\mong-lounge-site\shops\seoul\gwanak-gu\청룡동\마인드좋은테라피\index.html","신규"
"마인드좋은테라피","서울","서울","관악구","청림동","E:\mong-lounge-site\massage\seoul\gwanak-gu\관악구-출장마사지-서울대입구-샤로수길-신림-프리랜서-작업과-창업-일정-눈-목-어깨-피로-방문-홈케어\index.html","E:\mong-lounge-site\shops\seoul\gwanak-gu\청림동\마인드좋은테라피\index.html","신규"
"마인드좋은테라피","서울","서울","관악구","행운동","E:\mong-lounge-site\massage\seoul\gwanak-gu\관악구-출장마사지-서울대입구-샤로수길-신림-프리랜서-작업과-창업-일정-눈-목-어깨-피로-방문-홈케어\index.html","E:\mong-lounge-site\shops\seoul\gwanak-gu\행운동\마인드좋은테라피\index.html","신규"
"마인드좋은테라피","서울","서울","서초구","내곡동","E:\mong-lounge-site\massage\seoul\seocho-gu\서초구-출장마사지-양재-서초-강남대로-야근과-회의가-길어진-날-목-어깨-눈의-피로-방문-홈케어\index.html","E:\mong-lounge-site\shops\seoul\seocho-gu\내곡동\마인드좋은테라피\index.html","신규"
"마인드좋은테라피","서울","서울","서초구","반포동","E:\mong-lounge-site\massage\seoul\seocho-gu\서초구-출장마사지-양재-서초-강남대로-야근과-회의가-길어진-날-목-어깨-눈의-피로-방문-홈케어\index.html","E:\mong-lounge-site\shops\seoul\seocho-gu\반포동\마인드좋은테라피\index.html","신규"
"마인드좋은테라피","서울","서울","서초구","반포본동","E:\mong-lounge-site\massage\seoul\seocho-gu\서초구-출장마사지-양재-서초-강남대로-야근과-회의가-길어진-날-목-어깨-눈의-피로-방문-홈케어\index.html","E:\mong-lounge-site\shops\seoul\seocho-gu\반포본동\마인드좋은테라피\index.html","신규"
"마인드좋은테라피","서울","서울","서초구","방배동","E:\mong-lounge-site\massage\seoul\seocho-gu\서초구-출장마사지-양재-서초-강남대로-야근과-회의가-길어진-날-목-어깨-눈의-피로-방문-홈케어\index.html","E:\mong-lounge-site\shops\seoul\seocho-gu\방배동\마인드좋은테라피\index.html","신규"
"마인드좋은테라피","서울","서울","서초구","방배본동","E:\mong-lounge-site\massage\seoul\seocho-gu\서초구-출장마사지-양재-서초-강남대로-야근과-회의가-길어진-날-목-어깨-눈의-피로-방문-홈케어\index.html","E:\mong-lounge-site\shops\seoul\seocho-gu\방배본동\마인드좋은테라피\index.html","신규"
"마인드좋은테라피","서울","서울","서초구","서초동","E:\mong-lounge-site\massage\seoul\seocho-gu\서초구-출장마사지-양재-서초-강남대로-야근과-회의가-길어진-날-목-어깨-눈의-피로-방문-홈케어\index.html","E:\mong-lounge-site\shops\seoul\seocho-gu\서초동\마인드좋은테라피\index.html","신규"
"마인드좋은테라피","서울","서울","서초구","양재동","E:\mong-lounge-site\massage\seoul\seocho-gu\서초구-출장마사지-양재-서초-강남대로-야근과-회의가-길어진-날-목-어깨-눈의-피로-방문-홈케어\index.html","E:\mong-lounge-site\shops\seoul\seocho-gu\양재동\마인드좋은테라피\index.html","신규"
"마인드좋은테라피","서울","서울","서초구","잠원동","E:\mong-lounge-site\massage\seoul\seocho-gu\서초구-출장마사지-양재-서초-강남대로-야근과-회의가-길어진-날-목-어깨-눈의-피로-방문-홈케어\index.html","E:\mong-lounge-site\shops\seoul\seocho-gu\잠원동\마인드좋은테라피\index.html","신규"
"마인드좋은테라피","인천","인천","계양구","계산동","E:\mong-lounge-site\massage\incheon\gyeyang-gu\계양구-출장마사지-계산-작전-임학-출퇴근과-환승-이동이-길어진-날-목-허리-피로-방문-홈케어\index.html","E:\mong-lounge-site\shops\incheon\gyeyang-gu\계산동\마인드좋은테라피\index.html","신규"
"마인드좋은테라피","인천","인천","계양구","계양동","E:\mong-lounge-site\massage\incheon\gyeyang-gu\계양구-출장마사지-계산-작전-임학-출퇴근과-환승-이동이-길어진-날-목-허리-피로-방문-홈케어\index.html","E:\mong-lounge-site\shops\incheon\gyeyang-gu\계양동\마인드좋은테라피\index.html","신규"
"마인드좋은테라피","인천","인천","계양구","작전동","E:\mong-lounge-site\massage\incheon\gyeyang-gu\계양구-출장마사지-계산-작전-임학-출퇴근과-환승-이동이-길어진-날-목-허리-피로-방문-홈케어\index.html","E:\mong-lounge-site\shops\incheon\gyeyang-gu\작전동\마인드좋은테라피\index.html","신규"
"마인드좋은테라피","인천","인천","계양구","작전서운동","E:\mong-lounge-site\massage\incheon\gyeyang-gu\계양구-출장마사지-계산-작전-임학-출퇴근과-환승-이동이-길어진-날-목-허리-피로-방문-홈케어\index.html","E:\mong-lounge-site\shops\incheon\gyeyang-gu\작전서운동\마인드좋은테라피\index.html","신규"
"마인드좋은테라피","인천","인천","계양구","효성동","E:\mong-lounge-site\massage\incheon\gyeyang-gu\계양구-출장마사지-계산-작전-임학-출퇴근과-환승-이동이-길어진-날-목-허리-피로-방문-홈케어\index.html","E:\mong-lounge-site\shops\incheon\gyeyang-gu\효성동\마인드좋은테라피\index.html","신규"
"마인드좋은테라피","인천","인천","부평구","갈산동","E:\mong-lounge-site\massage\incheon\bupyeong-gu\부평구-출장마사지-부평-삼산-갈산-쇼핑-서비스-업무로-오래-선-날-다리-손목-피로-방문-홈케어\index.html","E:\mong-lounge-site\shops\incheon\bupyeong-gu\갈산동\마인드좋은테라피\index.html","신규"
"마인드좋은테라피","인천","인천","부평구","부개동","E:\mong-lounge-site\massage\incheon\bupyeong-gu\부평구-출장마사지-부평-삼산-갈산-쇼핑-서비스-업무로-오래-선-날-다리-손목-피로-방문-홈케어\index.html","E:\mong-lounge-site\shops\incheon\bupyeong-gu\부개동\마인드좋은테라피\index.html","신규"
"마인드좋은테라피","인천","인천","부평구","부평동","E:\mong-lounge-site\massage\incheon\bupyeong-gu\부평구-출장마사지-부평-삼산-갈산-쇼핑-서비스-업무로-오래-선-날-다리-손목-피로-방문-홈케어\index.html","E:\mong-lounge-site\shops\incheon\bupyeong-gu\부평동\마인드좋은테라피\index.html","신규"
"마인드좋은테라피","인천","인천","부평구","산곡동","E:\mong-lounge-site\massage\incheon\bupyeong-gu\부평구-출장마사지-부평-삼산-갈산-쇼핑-서비스-업무로-오래-선-날-다리-손목-피로-방문-홈케어\index.html","E:\mong-lounge-site\shops\incheon\bupyeong-gu\산곡동\마인드좋은테라피\index.html","신규"
"마인드좋은테라피","인천","인천","부평구","삼산동","E:\mong-lounge-site\massage\incheon\bupyeong-gu\부평구-출장마사지-부평-삼산-갈산-쇼핑-서비스-업무로-오래-선-날-다리-손목-피로-방문-홈케어\index.html","E:\mong-lounge-site\shops\incheon\bupyeong-gu\삼산동\마인드좋은테라피\index.html","신규"
"마인드좋은테라피","인천","인천","부평구","십정동","E:\mong-lounge-site\massage\incheon\bupyeong-gu\부평구-출장마사지-부평-삼산-갈산-쇼핑-서비스-업무로-오래-선-날-다리-손목-피로-방문-홈케어\index.html","E:\mong-lounge-site\shops\incheon\bupyeong-gu\십정동\마인드좋은테라피\index.html","신규"
"마인드좋은테라피","인천","인천","부평구","일신동","E:\mong-lounge-site\massage\incheon\bupyeong-gu\부평구-출장마사지-부평-삼산-갈산-쇼핑-서비스-업무로-오래-선-날-다리-손목-피로-방문-홈케어\index.html","E:\mong-lounge-site\shops\incheon\bupyeong-gu\일신동\마인드좋은테라피\index.html","신규"
"마인드좋은테라피","인천","인천","부평구","청천동","E:\mong-lounge-site\massage\incheon\bupyeong-gu\부평구-출장마사지-부평-삼산-갈산-쇼핑-서비스-업무로-오래-선-날-다리-손목-피로-방문-홈케어\index.html","E:\mong-lounge-site\shops\incheon\bupyeong-gu\청천동\마인드좋은테라피\index.html","신규"
"S썸바디테라피","대전","대전","대덕구","대화동","E:\mong-lounge-site\massage\other\daejeon\daedeok-gu\대전-대덕구-출장마사지-동별-생활권-지역안내\index.html","E:\mong-lounge-site\shops\other\daejeon\daedeok-gu\대화동\S썸바디테라피\index.html","신규"
"S썸바디테라피","대전","대전","대덕구","덕암동","E:\mong-lounge-site\massage\other\daejeon\daedeok-gu\대전-대덕구-출장마사지-동별-생활권-지역안내\index.html","E:\mong-lounge-site\shops\other\daejeon\daedeok-gu\덕암동\S썸바디테라피\index.html","신규"
"S썸바디테라피","대전","대전","대덕구","목상동","E:\mong-lounge-site\massage\other\daejeon\daedeok-gu\대전-대덕구-출장마사지-동별-생활권-지역안내\index.html","E:\mong-lounge-site\shops\other\daejeon\daedeok-gu\목상동\S썸바디테라피\index.html","신규"
"S썸바디테라피","대전","대전","대덕구","법동","E:\mong-lounge-site\massage\other\daejeon\daedeok-gu\대전-대덕구-출장마사지-동별-생활권-지역안내\index.html","E:\mong-lounge-site\shops\other\daejeon\daedeok-gu\법동\S썸바디테라피\index.html","신규"
"S썸바디테라피","대전","대전","대덕구","비래동","E:\mong-lounge-site\massage\other\daejeon\daedeok-gu\대전-대덕구-출장마사지-동별-생활권-지역안내\index.html","E:\mong-lounge-site\shops\other\daejeon\daedeok-gu\비래동\S썸바디테라피\index.html","신규"
"S썸바디테라피","대전","대전","대덕구","석봉동","E:\mong-lounge-site\massage\other\daejeon\daedeok-gu\대전-대덕구-출장마사지-동별-생활권-지역안내\index.html","E:\mong-lounge-site\shops\other\daejeon\daedeok-gu\석봉동\S썸바디테라피\index.html","신규"
"S썸바디테라피","대전","대전","대덕구","송촌동","E:\mong-lounge-site\massage\other\daejeon\daedeok-gu\대전-대덕구-출장마사지-동별-생활권-지역안내\index.html","E:\mong-lounge-site\shops\other\daejeon\daedeok-gu\송촌동\S썸바디테라피\index.html","신규"
"S썸바디테라피","대전","대전","대덕구","신탄진동","E:\mong-lounge-site\massage\other\daejeon\daedeok-gu\대전-대덕구-출장마사지-동별-생활권-지역안내\index.html","E:\mong-lounge-site\shops\other\daejeon\daedeok-gu\신탄진동\S썸바디테라피\index.html","신규"
"S썸바디테라피","대전","대전","대덕구","오정동","E:\mong-lounge-site\massage\other\daejeon\daedeok-gu\대전-대덕구-출장마사지-동별-생활권-지역안내\index.html","E:\mong-lounge-site\shops\other\daejeon\daedeok-gu\오정동\S썸바디테라피\index.html","신규"
"S썸바디테라피","대전","대전","대덕구","중리동","E:\mong-lounge-site\massage\other\daejeon\daedeok-gu\대전-대덕구-출장마사지-동별-생활권-지역안내\index.html","E:\mong-lounge-site\shops\other\daejeon\daedeok-gu\중리동\S썸바디테라피\index.html","신규"
"S썸바디테라피","대전","대전","대덕구","회덕동","E:\mong-lounge-site\massage\other\daejeon\daedeok-gu\대전-대덕구-출장마사지-동별-생활권-지역안내\index.html","E:\mong-lounge-site\shops\other\daejeon\daedeok-gu\회덕동\S썸바디테라피\index.html","신규"
"S썸바디테라피","대전","대전","동구","가양동","E:\mong-lounge-site\massage\other\daejeon\dong-gu\대전-동구-출장마사지-동별-생활권-지역안내\index.html","E:\mong-lounge-site\shops\other\daejeon\dong-gu\가양동\S썸바디테라피\index.html","신규"
"S썸바디테라피","대전","대전","동구","대동","E:\mong-lounge-site\massage\other\daejeon\dong-gu\대전-동구-출장마사지-동별-생활권-지역안내\index.html","E:\mong-lounge-site\shops\other\daejeon\dong-gu\대동\S썸바디테라피\index.html","신규"
"S썸바디테라피","대전","대전","동구","대청동","E:\mong-lounge-site\massage\other\daejeon\dong-gu\대전-동구-출장마사지-동별-생활권-지역안내\index.html","E:\mong-lounge-site\shops\other\daejeon\dong-gu\대청동\S썸바디테라피\index.html","신규"
"S썸바디테라피","대전","대전","동구","산내동","E:\mong-lounge-site\massage\other\daejeon\dong-gu\대전-동구-출장마사지-동별-생활권-지역안내\index.html","E:\mong-lounge-site\shops\other\daejeon\dong-gu\산내동\S썸바디테라피\index.html","신규"
"S썸바디테라피","대전","대전","동구","삼성동","E:\mong-lounge-site\massage\other\daejeon\dong-gu\대전-동구-출장마사지-동별-생활권-지역안내\index.html","E:\mong-lounge-site\shops\other\daejeon\dong-gu\삼성동\S썸바디테라피\index.html","신규"
"S썸바디테라피","대전","대전","동구","성남동","E:\mong-lounge-site\massage\other\daejeon\dong-gu\대전-동구-출장마사지-동별-생활권-지역안내\index.html","E:\mong-lounge-site\shops\other\daejeon\dong-gu\성남동\S썸바디테라피\index.html","신규"
"S썸바디테라피","대전","대전","동구","신인동","E:\mong-lounge-site\massage\other\daejeon\dong-gu\대전-동구-출장마사지-동별-생활권-지역안내\index.html","E:\mong-lounge-site\shops\other\daejeon\dong-gu\신인동\S썸바디테라피\index.html","신규"
"S썸바디테라피","대전","대전","동구","용운동","E:\mong-lounge-site\massage\other\daejeon\dong-gu\대전-동구-출장마사지-동별-생활권-지역안내\index.html","E:\mong-lounge-site\shops\other\daejeon\dong-gu\용운동\S썸바디테라피\index.html","신규"
"S썸바디테라피","대전","대전","동구","용전동","E:\mong-lounge-site\massage\other\daejeon\dong-gu\대전-동구-출장마사지-동별-생활권-지역안내\index.html","E:\mong-lounge-site\shops\other\daejeon\dong-gu\용전동\S썸바디테라피\index.html","신규"
"S썸바디테라피","대전","대전","동구","자양동","E:\mong-lounge-site\massage\other\daejeon\dong-gu\대전-동구-출장마사지-동별-생활권-지역안내\index.html","E:\mong-lounge-site\shops\other\daejeon\dong-gu\자양동\S썸바디테라피\index.html","신규"
"S썸바디테라피","대전","대전","동구","중앙동","E:\mong-lounge-site\massage\other\daejeon\dong-gu\대전-동구-출장마사지-동별-생활권-지역안내\index.html","E:\mong-lounge-site\shops\other\daejeon\dong-gu\중앙동\S썸바디테라피\index.html","신규"
"S썸바디테라피","대전","대전","동구","판암동","E:\mong-lounge-site\massage\other\daejeon\dong-gu\대전-동구-출장마사지-동별-생활권-지역안내\index.html","E:\mong-lounge-site\shops\other\daejeon\dong-gu\판암동\S썸바디테라피\index.html","신규"
"S썸바디테라피","대전","대전","동구","홍도동","E:\mong-lounge-site\massage\other\daejeon\dong-gu\대전-동구-출장마사지-동별-생활권-지역안내\index.html","E:\mong-lounge-site\shops\other\daejeon\dong-gu\홍도동\S썸바디테라피\index.html","신규"
"S썸바디테라피","대전","대전","동구","효동","E:\mong-lounge-site\massage\other\daejeon\dong-gu\대전-동구-출장마사지-동별-생활권-지역안내\index.html","E:\mong-lounge-site\shops\other\daejeon\dong-gu\효동\S썸바디테라피\index.html","신규"
"S썸바디테라피","대전","대전","서구","가수원동","E:\mong-lounge-site\massage\other\daejeon\seo-gu\대전-서구-출장마사지-동별-생활권-지역안내\index.html","E:\mong-lounge-site\shops\other\daejeon\seo-gu\가수원동\S썸바디테라피\index.html","신규"
"S썸바디테라피","대전","대전","서구","가장동","E:\mong-lounge-site\massage\other\daejeon\seo-gu\대전-서구-출장마사지-동별-생활권-지역안내\index.html","E:\mong-lounge-site\shops\other\daejeon\seo-gu\가장동\S썸바디테라피\index.html","신규"
"S썸바디테라피","대전","대전","서구","갈마동","E:\mong-lounge-site\massage\other\daejeon\seo-gu\대전-서구-출장마사지-동별-생활권-지역안내\index.html","E:\mong-lounge-site\shops\other\daejeon\seo-gu\갈마동\S썸바디테라피\index.html","신규"
"S썸바디테라피","대전","대전","서구","관저동","E:\mong-lounge-site\massage\other\daejeon\seo-gu\대전-서구-출장마사지-동별-생활권-지역안내\index.html","E:\mong-lounge-site\shops\other\daejeon\seo-gu\관저동\S썸바디테라피\index.html","신규"
"S썸바디테라피","대전","대전","서구","괴정동","E:\mong-lounge-site\massage\other\daejeon\seo-gu\대전-서구-출장마사지-동별-생활권-지역안내\index.html","E:\mong-lounge-site\shops\other\daejeon\seo-gu\괴정동\S썸바디테라피\index.html","신규"
"S썸바디테라피","대전","대전","서구","기성동","E:\mong-lounge-site\massage\other\daejeon\seo-gu\대전-서구-출장마사지-동별-생활권-지역안내\index.html","E:\mong-lounge-site\shops\other\daejeon\seo-gu\기성동\S썸바디테라피\index.html","신규"
"S썸바디테라피","대전","대전","서구","내동","E:\mong-lounge-site\massage\other\daejeon\seo-gu\대전-서구-출장마사지-동별-생활권-지역안내\index.html","E:\mong-lounge-site\shops\other\daejeon\seo-gu\내동\S썸바디테라피\index.html","신규"
"S썸바디테라피","대전","대전","서구","도마동","E:\mong-lounge-site\massage\other\daejeon\seo-gu\대전-서구-출장마사지-동별-생활권-지역안내\index.html","E:\mong-lounge-site\shops\other\daejeon\seo-gu\도마동\S썸바디테라피\index.html","신규"
"S썸바디테라피","대전","대전","서구","도안동","E:\mong-lounge-site\massage\other\daejeon\seo-gu\대전-서구-출장마사지-동별-생활권-지역안내\index.html","E:\mong-lounge-site\shops\other\daejeon\seo-gu\도안동\S썸바디테라피\index.html","신규"
"S썸바디테라피","대전","대전","서구","둔산동","E:\mong-lounge-site\massage\other\daejeon\seo-gu\대전-서구-출장마사지-동별-생활권-지역안내\index.html","E:\mong-lounge-site\shops\other\daejeon\seo-gu\둔산동\S썸바디테라피\index.html","신규"
"S썸바디테라피","대전","대전","서구","만년동","E:\mong-lounge-site\massage\other\daejeon\seo-gu\대전-서구-출장마사지-동별-생활권-지역안내\index.html","E:\mong-lounge-site\shops\other\daejeon\seo-gu\만년동\S썸바디테라피\index.html","신규"
"S썸바디테라피","대전","대전","서구","변동","E:\mong-lounge-site\massage\other\daejeon\seo-gu\대전-서구-출장마사지-동별-생활권-지역안내\index.html","E:\mong-lounge-site\shops\other\daejeon\seo-gu\변동\S썸바디테라피\index.html","신규"
"S썸바디테라피","대전","대전","서구","복수동","E:\mong-lounge-site\massage\other\daejeon\seo-gu\대전-서구-출장마사지-동별-생활권-지역안내\index.html","E:\mong-lounge-site\shops\other\daejeon\seo-gu\복수동\S썸바디테라피\index.html","신규"
"S썸바디테라피","대전","대전","서구","용문동","E:\mong-lounge-site\massage\other\daejeon\seo-gu\대전-서구-출장마사지-동별-생활권-지역안내\index.html","E:\mong-lounge-site\shops\other\daejeon\seo-gu\용문동\S썸바디테라피\index.html","신규"
"S썸바디테라피","대전","대전","서구","월평동","E:\mong-lounge-site\massage\other\daejeon\seo-gu\대전-서구-출장마사지-동별-생활권-지역안내\index.html","E:\mong-lounge-site\shops\other\daejeon\seo-gu\월평동\S썸바디테라피\index.html","신규"
"S썸바디테라피","대전","대전","서구","정림동","E:\mong-lounge-site\massage\other\daejeon\seo-gu\대전-서구-출장마사지-동별-생활권-지역안내\index.html","E:\mong-lounge-site\shops\other\daejeon\seo-gu\정림동\S썸바디테라피\index.html","신규"
"S썸바디테라피","대전","대전","서구","탄방동","E:\mong-lounge-site\massage\other\daejeon\seo-gu\대전-서구-출장마사지-동별-생활권-지역안내\index.html","E:\mong-lounge-site\shops\other\daejeon\seo-gu\탄방동\S썸바디테라피\index.html","신규"
"S썸바디테라피","대전","대전","유성구","관평동","E:\mong-lounge-site\massage\other\daejeon\yuseong-gu\대전-유성구-출장마사지-동별-생활권-지역안내\index.html","E:\mong-lounge-site\shops\other\daejeon\yuseong-gu\관평동\S썸바디테라피\index.html","신규"
"S썸바디테라피","대전","대전","유성구","구즉동","E:\mong-lounge-site\massage\other\daejeon\yuseong-gu\대전-유성구-출장마사지-동별-생활권-지역안내\index.html","E:\mong-lounge-site\shops\other\daejeon\yuseong-gu\구즉동\S썸바디테라피\index.html","신규"
"S썸바디테라피","대전","대전","유성구","노은동","E:\mong-lounge-site\massage\other\daejeon\yuseong-gu\대전-유성구-출장마사지-동별-생활권-지역안내\index.html","E:\mong-lounge-site\shops\other\daejeon\yuseong-gu\노은동\S썸바디테라피\index.html","신규"
"S썸바디테라피","대전","대전","유성구","상대동","E:\mong-lounge-site\massage\other\daejeon\yuseong-gu\대전-유성구-출장마사지-동별-생활권-지역안내\index.html","E:\mong-lounge-site\shops\other\daejeon\yuseong-gu\상대동\S썸바디테라피\index.html","신규"
"S썸바디테라피","대전","대전","유성구","신성동","E:\mong-lounge-site\massage\other\daejeon\yuseong-gu\대전-유성구-출장마사지-동별-생활권-지역안내\index.html","E:\mong-lounge-site\shops\other\daejeon\yuseong-gu\신성동\S썸바디테라피\index.html","신규"
"S썸바디테라피","대전","대전","유성구","온천동","E:\mong-lounge-site\massage\other\daejeon\yuseong-gu\대전-유성구-출장마사지-동별-생활권-지역안내\index.html","E:\mong-lounge-site\shops\other\daejeon\yuseong-gu\온천동\S썸바디테라피\index.html","신규"
"S썸바디테라피","대전","대전","유성구","원신흥동","E:\mong-lounge-site\massage\other\daejeon\yuseong-gu\대전-유성구-출장마사지-동별-생활권-지역안내\index.html","E:\mong-lounge-site\shops\other\daejeon\yuseong-gu\원신흥동\S썸바디테라피\index.html","신규"
"S썸바디테라피","대전","대전","유성구","전민동","E:\mong-lounge-site\massage\other\daejeon\yuseong-gu\대전-유성구-출장마사지-동별-생활권-지역안내\index.html","E:\mong-lounge-site\shops\other\daejeon\yuseong-gu\전민동\S썸바디테라피\index.html","신규"
"S썸바디테라피","대전","대전","유성구","진잠동","E:\mong-lounge-site\massage\other\daejeon\yuseong-gu\대전-유성구-출장마사지-동별-생활권-지역안내\index.html","E:\mong-lounge-site\shops\other\daejeon\yuseong-gu\진잠동\S썸바디테라피\index.html","신규"
"S썸바디테라피","대전","대전","유성구","학하동","E:\mong-lounge-site\massage\other\daejeon\yuseong-gu\대전-유성구-출장마사지-동별-생활권-지역안내\index.html","E:\mong-lounge-site\shops\other\daejeon\yuseong-gu\학하동\S썸바디테라피\index.html","신규"
"S썸바디테라피","대전","대전","중구","대사동","E:\mong-lounge-site\massage\other\daejeon\jung-gu\대전-중구-출장마사지-동별-생활권-지역안내\index.html","E:\mong-lounge-site\shops\other\daejeon\jung-gu\대사동\S썸바디테라피\index.html","신규"
"S썸바디테라피","대전","대전","중구","대흥동","E:\mong-lounge-site\massage\other\daejeon\jung-gu\대전-중구-출장마사지-동별-생활권-지역안내\index.html","E:\mong-lounge-site\shops\other\daejeon\jung-gu\대흥동\S썸바디테라피\index.html","신규"
"S썸바디테라피","대전","대전","중구","목동","E:\mong-lounge-site\massage\other\daejeon\jung-gu\대전-중구-출장마사지-동별-생활권-지역안내\index.html","E:\mong-lounge-site\shops\other\daejeon\jung-gu\목동\S썸바디테라피\index.html","신규"
"S썸바디테라피","대전","대전","중구","문창동","E:\mong-lounge-site\massage\other\daejeon\jung-gu\대전-중구-출장마사지-동별-생활권-지역안내\index.html","E:\mong-lounge-site\shops\other\daejeon\jung-gu\문창동\S썸바디테라피\index.html","신규"
"S썸바디테라피","대전","대전","중구","문화동","E:\mong-lounge-site\massage\other\daejeon\jung-gu\대전-중구-출장마사지-동별-생활권-지역안내\index.html","E:\mong-lounge-site\shops\other\daejeon\jung-gu\문화동\S썸바디테라피\index.html","신규"
"S썸바디테라피","대전","대전","중구","부사동","E:\mong-lounge-site\massage\other\daejeon\jung-gu\대전-중구-출장마사지-동별-생활권-지역안내\index.html","E:\mong-lounge-site\shops\other\daejeon\jung-gu\부사동\S썸바디테라피\index.html","신규"
"S썸바디테라피","대전","대전","중구","산성동","E:\mong-lounge-site\massage\other\daejeon\jung-gu\대전-중구-출장마사지-동별-생활권-지역안내\index.html","E:\mong-lounge-site\shops\other\daejeon\jung-gu\산성동\S썸바디테라피\index.html","신규"
"S썸바디테라피","대전","대전","중구","석교동","E:\mong-lounge-site\massage\other\daejeon\jung-gu\대전-중구-출장마사지-동별-생활권-지역안내\index.html","E:\mong-lounge-site\shops\other\daejeon\jung-gu\석교동\S썸바디테라피\index.html","신규"
"S썸바디테라피","대전","대전","중구","오류동","E:\mong-lounge-site\massage\other\daejeon\jung-gu\대전-중구-출장마사지-동별-생활권-지역안내\index.html","E:\mong-lounge-site\shops\other\daejeon\jung-gu\오류동\S썸바디테라피\index.html","신규"
"S썸바디테라피","대전","대전","중구","용두동","E:\mong-lounge-site\massage\other\daejeon\jung-gu\대전-중구-출장마사지-동별-생활권-지역안내\index.html","E:\mong-lounge-site\shops\other\daejeon\jung-gu\용두동\S썸바디테라피\index.html","신규"
"S썸바디테라피","대전","대전","중구","유천동","E:\mong-lounge-site\massage\other\daejeon\jung-gu\대전-중구-출장마사지-동별-생활권-지역안내\index.html","E:\mong-lounge-site\shops\other\daejeon\jung-gu\유천동\S썸바디테라피\index.html","신규"
"S썸바디테라피","대전","대전","중구","은행선화동","E:\mong-lounge-site\massage\other\daejeon\jung-gu\대전-중구-출장마사지-동별-생활권-지역안내\index.html","E:\mong-lounge-site\shops\other\daejeon\jung-gu\은행선화동\S썸바디테라피\index.html","신규"
"S썸바디테라피","대전","대전","중구","중촌동","E:\mong-lounge-site\massage\other\daejeon\jung-gu\대전-중구-출장마사지-동별-생활권-지역안내\index.html","E:\mong-lounge-site\shops\other\daejeon\jung-gu\중촌동\S썸바디테라피\index.html","신규"
"S썸바디테라피","대전","대전","중구","태평동","E:\mong-lounge-site\massage\other\daejeon\jung-gu\대전-중구-출장마사지-동별-생활권-지역안내\index.html","E:\mong-lounge-site\shops\other\daejeon\jung-gu\태평동\S썸바디테라피\index.html","신규"
"S썸바디테라피","계룡","충남","계룡","금암동","E:\mong-lounge-site\massage\other\gyeryong\계룡-지역-출장마사지-금암-엄사-계룡역-생활권-방문-홈케어\index.html","E:\mong-lounge-site\shops\other\gyeryong\금암동\S썸바디테라피\index.html","신규"
"S썸바디테라피","계룡","충남","계룡","두마면","E:\mong-lounge-site\massage\other\gyeryong\계룡-지역-출장마사지-금암-엄사-계룡역-생활권-방문-홈케어\index.html","E:\mong-lounge-site\shops\other\gyeryong\두마면\S썸바디테라피\index.html","신규"
"S썸바디테라피","계룡","충남","계룡","신도안면","E:\mong-lounge-site\massage\other\gyeryong\계룡-지역-출장마사지-금암-엄사-계룡역-생활권-방문-홈케어\index.html","E:\mong-lounge-site\shops\other\gyeryong\신도안면\S썸바디테라피\index.html","신규"
"S썸바디테라피","계룡","충남","계룡","엄사면","E:\mong-lounge-site\massage\other\gyeryong\계룡-지역-출장마사지-금암-엄사-계룡역-생활권-방문-홈케어\index.html","E:\mong-lounge-site\shops\other\gyeryong\엄사면\S썸바디테라피\index.html","신규"
"S썸바디테라피","공주","충남","공주","계룡면","E:\mong-lounge-site\massage\other\gongju\공주-지역-출장마사지-신관-공주역-금강-생활권-방문-홈케어\index.html","E:\mong-lounge-site\shops\other\gongju\계룡면\S썸바디테라피\index.html","신규"
"S썸바디테라피","공주","충남","공주","금학동","E:\mong-lounge-site\massage\other\gongju\공주-지역-출장마사지-신관-공주역-금강-생활권-방문-홈케어\index.html","E:\mong-lounge-site\shops\other\gongju\금학동\S썸바디테라피\index.html","신규"
"S썸바디테라피","공주","충남","공주","반포면","E:\mong-lounge-site\massage\other\gongju\공주-지역-출장마사지-신관-공주역-금강-생활권-방문-홈케어\index.html","E:\mong-lounge-site\shops\other\gongju\반포면\S썸바디테라피\index.html","신규"
"S썸바디테라피","공주","충남","공주","사곡면","E:\mong-lounge-site\massage\other\gongju\공주-지역-출장마사지-신관-공주역-금강-생활권-방문-홈케어\index.html","E:\mong-lounge-site\shops\other\gongju\사곡면\S썸바디테라피\index.html","신규"
"S썸바디테라피","공주","충남","공주","신관동","E:\mong-lounge-site\massage\other\gongju\공주-지역-출장마사지-신관-공주역-금강-생활권-방문-홈케어\index.html","E:\mong-lounge-site\shops\other\gongju\신관동\S썸바디테라피\index.html","신규"
"S썸바디테라피","공주","충남","공주","신풍면","E:\mong-lounge-site\massage\other\gongju\공주-지역-출장마사지-신관-공주역-금강-생활권-방문-홈케어\index.html","E:\mong-lounge-site\shops\other\gongju\신풍면\S썸바디테라피\index.html","신규"
"S썸바디테라피","공주","충남","공주","옥룡동","E:\mong-lounge-site\massage\other\gongju\공주-지역-출장마사지-신관-공주역-금강-생활권-방문-홈케어\index.html","E:\mong-lounge-site\shops\other\gongju\옥룡동\S썸바디테라피\index.html","신규"
"S썸바디테라피","공주","충남","공주","우성면","E:\mong-lounge-site\massage\other\gongju\공주-지역-출장마사지-신관-공주역-금강-생활권-방문-홈케어\index.html","E:\mong-lounge-site\shops\other\gongju\우성면\S썸바디테라피\index.html","신규"
"S썸바디테라피","공주","충남","공주","웅진동","E:\mong-lounge-site\massage\other\gongju\공주-지역-출장마사지-신관-공주역-금강-생활권-방문-홈케어\index.html","E:\mong-lounge-site\shops\other\gongju\웅진동\S썸바디테라피\index.html","신규"
"S썸바디테라피","공주","충남","공주","월송동","E:\mong-lounge-site\massage\other\gongju\공주-지역-출장마사지-신관-공주역-금강-생활권-방문-홈케어\index.html","E:\mong-lounge-site\shops\other\gongju\월송동\S썸바디테라피\index.html","신규"
"S썸바디테라피","공주","충남","공주","유구읍","E:\mong-lounge-site\massage\other\gongju\공주-지역-출장마사지-신관-공주역-금강-생활권-방문-홈케어\index.html","E:\mong-lounge-site\shops\other\gongju\유구읍\S썸바디테라피\index.html","신규"
"S썸바디테라피","공주","충남","공주","의당면","E:\mong-lounge-site\massage\other\gongju\공주-지역-출장마사지-신관-공주역-금강-생활권-방문-홈케어\index.html","E:\mong-lounge-site\shops\other\gongju\의당면\S썸바디테라피\index.html","신규"
"S썸바디테라피","공주","충남","공주","이인면","E:\mong-lounge-site\massage\other\gongju\공주-지역-출장마사지-신관-공주역-금강-생활권-방문-홈케어\index.html","E:\mong-lounge-site\shops\other\gongju\이인면\S썸바디테라피\index.html","신규"
"S썸바디테라피","공주","충남","공주","정안면","E:\mong-lounge-site\massage\other\gongju\공주-지역-출장마사지-신관-공주역-금강-생활권-방문-홈케어\index.html","E:\mong-lounge-site\shops\other\gongju\정안면\S썸바디테라피\index.html","신규"
"S썸바디테라피","공주","충남","공주","중학동","E:\mong-lounge-site\massage\other\gongju\공주-지역-출장마사지-신관-공주역-금강-생활권-방문-홈케어\index.html","E:\mong-lounge-site\shops\other\gongju\중학동\S썸바디테라피\index.html","신규"
"S썸바디테라피","공주","충남","공주","탄천면","E:\mong-lounge-site\massage\other\gongju\공주-지역-출장마사지-신관-공주역-금강-생활권-방문-홈케어\index.html","E:\mong-lounge-site\shops\other\gongju\탄천면\S썸바디테라피\index.html","신규"
"S썸바디테라피","청주","충북","상당구","가덕면","E:\mong-lounge-site\massage\other\cheongju\sangdang-gu\청주-상당구-출장마사지-동별-생활권-지역안내\index.html","E:\mong-lounge-site\shops\other\cheongju\sangdang-gu\가덕면\S썸바디테라피\index.html","신규"
"S썸바디테라피","청주","충북","상당구","금천동","E:\mong-lounge-site\massage\other\cheongju\sangdang-gu\청주-상당구-출장마사지-동별-생활권-지역안내\index.html","E:\mong-lounge-site\shops\other\cheongju\sangdang-gu\금천동\S썸바디테라피\index.html","신규"
"S썸바디테라피","청주","충북","상당구","남일면","E:\mong-lounge-site\massage\other\cheongju\sangdang-gu\청주-상당구-출장마사지-동별-생활권-지역안내\index.html","E:\mong-lounge-site\shops\other\cheongju\sangdang-gu\남일면\S썸바디테라피\index.html","신규"
"S썸바디테라피","청주","충북","상당구","낭성면","E:\mong-lounge-site\massage\other\cheongju\sangdang-gu\청주-상당구-출장마사지-동별-생활권-지역안내\index.html","E:\mong-lounge-site\shops\other\cheongju\sangdang-gu\낭성면\S썸바디테라피\index.html","신규"
"S썸바디테라피","청주","충북","상당구","문의면","E:\mong-lounge-site\massage\other\cheongju\sangdang-gu\청주-상당구-출장마사지-동별-생활권-지역안내\index.html","E:\mong-lounge-site\shops\other\cheongju\sangdang-gu\문의면\S썸바디테라피\index.html","신규"
"S썸바디테라피","청주","충북","상당구","미원면","E:\mong-lounge-site\massage\other\cheongju\sangdang-gu\청주-상당구-출장마사지-동별-생활권-지역안내\index.html","E:\mong-lounge-site\shops\other\cheongju\sangdang-gu\미원면\S썸바디테라피\index.html","신규"
"S썸바디테라피","청주","충북","상당구","성안동","E:\mong-lounge-site\massage\other\cheongju\sangdang-gu\청주-상당구-출장마사지-동별-생활권-지역안내\index.html","E:\mong-lounge-site\shops\other\cheongju\sangdang-gu\성안동\S썸바디테라피\index.html","신규"
"S썸바디테라피","청주","충북","상당구","영운동","E:\mong-lounge-site\massage\other\cheongju\sangdang-gu\청주-상당구-출장마사지-동별-생활권-지역안내\index.html","E:\mong-lounge-site\shops\other\cheongju\sangdang-gu\영운동\S썸바디테라피\index.html","신규"
"S썸바디테라피","청주","충북","상당구","용담.명암.산성동","E:\mong-lounge-site\massage\other\cheongju\sangdang-gu\청주-상당구-출장마사지-동별-생활권-지역안내\index.html","E:\mong-lounge-site\shops\other\cheongju\sangdang-gu\용담.명암.산성동\S썸바디테라피\index.html","신규"
"S썸바디테라피","청주","충북","상당구","용암동","E:\mong-lounge-site\massage\other\cheongju\sangdang-gu\청주-상당구-출장마사지-동별-생활권-지역안내\index.html","E:\mong-lounge-site\shops\other\cheongju\sangdang-gu\용암동\S썸바디테라피\index.html","신규"
"S썸바디테라피","청주","충북","상당구","중앙동","E:\mong-lounge-site\massage\other\cheongju\sangdang-gu\청주-상당구-출장마사지-동별-생활권-지역안내\index.html","E:\mong-lounge-site\shops\other\cheongju\sangdang-gu\중앙동\S썸바디테라피\index.html","신규"
"S썸바디테라피","청주","충북","상당구","탑대성동","E:\mong-lounge-site\massage\other\cheongju\sangdang-gu\청주-상당구-출장마사지-동별-생활권-지역안내\index.html","E:\mong-lounge-site\shops\other\cheongju\sangdang-gu\탑대성동\S썸바디테라피\index.html","신규"
"S썸바디테라피","청주","충북","서원구","남이면","E:\mong-lounge-site\massage\other\cheongju\seowon-gu\청주-서원구-출장마사지-동별-생활권-지역안내\index.html","E:\mong-lounge-site\shops\other\cheongju\seowon-gu\남이면\S썸바디테라피\index.html","신규"
"S썸바디테라피","청주","충북","서원구","모충동","E:\mong-lounge-site\massage\other\cheongju\seowon-gu\청주-서원구-출장마사지-동별-생활권-지역안내\index.html","E:\mong-lounge-site\shops\other\cheongju\seowon-gu\모충동\S썸바디테라피\index.html","신규"
"S썸바디테라피","청주","충북","서원구","분평동","E:\mong-lounge-site\massage\other\cheongju\seowon-gu\청주-서원구-출장마사지-동별-생활권-지역안내\index.html","E:\mong-lounge-site\shops\other\cheongju\seowon-gu\분평동\S썸바디테라피\index.html","신규"
"S썸바디테라피","청주","충북","서원구","사직동","E:\mong-lounge-site\massage\other\cheongju\seowon-gu\청주-서원구-출장마사지-동별-생활권-지역안내\index.html","E:\mong-lounge-site\shops\other\cheongju\seowon-gu\사직동\S썸바디테라피\index.html","신규"
"S썸바디테라피","청주","충북","서원구","사창동","E:\mong-lounge-site\massage\other\cheongju\seowon-gu\청주-서원구-출장마사지-동별-생활권-지역안내\index.html","E:\mong-lounge-site\shops\other\cheongju\seowon-gu\사창동\S썸바디테라피\index.html","신규"
"S썸바디테라피","청주","충북","서원구","산남동","E:\mong-lounge-site\massage\other\cheongju\seowon-gu\청주-서원구-출장마사지-동별-생활권-지역안내\index.html","E:\mong-lounge-site\shops\other\cheongju\seowon-gu\산남동\S썸바디테라피\index.html","신규"
"S썸바디테라피","청주","충북","서원구","성화.개신.죽림동","E:\mong-lounge-site\massage\other\cheongju\seowon-gu\청주-서원구-출장마사지-동별-생활권-지역안내\index.html","E:\mong-lounge-site\shops\other\cheongju\seowon-gu\성화.개신.죽림동\S썸바디테라피\index.html","신규"
"S썸바디테라피","청주","충북","서원구","수곡동","E:\mong-lounge-site\massage\other\cheongju\seowon-gu\청주-서원구-출장마사지-동별-생활권-지역안내\index.html","E:\mong-lounge-site\shops\other\cheongju\seowon-gu\수곡동\S썸바디테라피\index.html","신규"
"S썸바디테라피","청주","충북","서원구","현도면","E:\mong-lounge-site\massage\other\cheongju\seowon-gu\청주-서원구-출장마사지-동별-생활권-지역안내\index.html","E:\mong-lounge-site\shops\other\cheongju\seowon-gu\현도면\S썸바디테라피\index.html","신규"
"S썸바디테라피","청주","충북","청원구","내덕동","E:\mong-lounge-site\massage\other\cheongju\cheongwon-gu\청주-청원구-출장마사지-동별-생활권-지역안내\index.html","E:\mong-lounge-site\shops\other\cheongju\cheongwon-gu\내덕동\S썸바디테라피\index.html","신규"
"S썸바디테라피","청주","충북","청원구","내수읍","E:\mong-lounge-site\massage\other\cheongju\cheongwon-gu\청주-청원구-출장마사지-동별-생활권-지역안내\index.html","E:\mong-lounge-site\shops\other\cheongju\cheongwon-gu\내수읍\S썸바디테라피\index.html","신규"
"S썸바디테라피","청주","충북","청원구","북이면","E:\mong-lounge-site\massage\other\cheongju\cheongwon-gu\청주-청원구-출장마사지-동별-생활권-지역안내\index.html","E:\mong-lounge-site\shops\other\cheongju\cheongwon-gu\북이면\S썸바디테라피\index.html","신규"
"S썸바디테라피","청주","충북","청원구","오근장동","E:\mong-lounge-site\massage\other\cheongju\cheongwon-gu\청주-청원구-출장마사지-동별-생활권-지역안내\index.html","E:\mong-lounge-site\shops\other\cheongju\cheongwon-gu\오근장동\S썸바디테라피\index.html","신규"
"S썸바디테라피","청주","충북","청원구","오창읍","E:\mong-lounge-site\massage\other\cheongju\cheongwon-gu\청주-청원구-출장마사지-동별-생활권-지역안내\index.html","E:\mong-lounge-site\shops\other\cheongju\cheongwon-gu\오창읍\S썸바디테라피\index.html","신규"
"S썸바디테라피","청주","충북","청원구","우암동","E:\mong-lounge-site\massage\other\cheongju\cheongwon-gu\청주-청원구-출장마사지-동별-생활권-지역안내\index.html","E:\mong-lounge-site\shops\other\cheongju\cheongwon-gu\우암동\S썸바디테라피\index.html","신규"
"S썸바디테라피","청주","충북","청원구","율량.사천동","E:\mong-lounge-site\massage\other\cheongju\cheongwon-gu\청주-청원구-출장마사지-동별-생활권-지역안내\index.html","E:\mong-lounge-site\shops\other\cheongju\cheongwon-gu\율량.사천동\S썸바디테라피\index.html","신규"
"S썸바디테라피","청주","충북","흥덕구","가경동","E:\mong-lounge-site\massage\other\cheongju\heungdeok-gu\청주-흥덕구-출장마사지-동별-생활권-지역안내\index.html","E:\mong-lounge-site\shops\other\cheongju\heungdeok-gu\가경동\S썸바디테라피\index.html","신규"
"S썸바디테라피","청주","충북","흥덕구","강내면","E:\mong-lounge-site\massage\other\cheongju\heungdeok-gu\청주-흥덕구-출장마사지-동별-생활권-지역안내\index.html","E:\mong-lounge-site\shops\other\cheongju\heungdeok-gu\강내면\S썸바디테라피\index.html","신규"
"S썸바디테라피","청주","충북","흥덕구","강서동","E:\mong-lounge-site\massage\other\cheongju\heungdeok-gu\청주-흥덕구-출장마사지-동별-생활권-지역안내\index.html","E:\mong-lounge-site\shops\other\cheongju\heungdeok-gu\강서동\S썸바디테라피\index.html","신규"
"S썸바디테라피","청주","충북","흥덕구","복대동","E:\mong-lounge-site\massage\other\cheongju\heungdeok-gu\청주-흥덕구-출장마사지-동별-생활권-지역안내\index.html","E:\mong-lounge-site\shops\other\cheongju\heungdeok-gu\복대동\S썸바디테라피\index.html","신규"
"S썸바디테라피","청주","충북","흥덕구","봉명2.송정동","E:\mong-lounge-site\massage\other\cheongju\heungdeok-gu\청주-흥덕구-출장마사지-동별-생활권-지역안내\index.html","E:\mong-lounge-site\shops\other\cheongju\heungdeok-gu\봉명2.송정동\S썸바디테라피\index.html","신규"
"S썸바디테라피","청주","충북","흥덕구","봉명동","E:\mong-lounge-site\massage\other\cheongju\heungdeok-gu\청주-흥덕구-출장마사지-동별-생활권-지역안내\index.html","E:\mong-lounge-site\shops\other\cheongju\heungdeok-gu\봉명동\S썸바디테라피\index.html","신규"
"S썸바디테라피","청주","충북","흥덕구","오송읍","E:\mong-lounge-site\massage\other\cheongju\heungdeok-gu\청주-흥덕구-출장마사지-동별-생활권-지역안내\index.html","E:\mong-lounge-site\shops\other\cheongju\heungdeok-gu\오송읍\S썸바디테라피\index.html","신규"
"S썸바디테라피","청주","충북","흥덕구","옥산면","E:\mong-lounge-site\massage\other\cheongju\heungdeok-gu\청주-흥덕구-출장마사지-동별-생활권-지역안내\index.html","E:\mong-lounge-site\shops\other\cheongju\heungdeok-gu\옥산면\S썸바디테라피\index.html","신규"
"S썸바디테라피","청주","충북","흥덕구","운천.신봉동","E:\mong-lounge-site\massage\other\cheongju\heungdeok-gu\청주-흥덕구-출장마사지-동별-생활권-지역안내\index.html","E:\mong-lounge-site\shops\other\cheongju\heungdeok-gu\운천.신봉동\S썸바디테라피\index.html","신규"
"24시미녀테라피","대전","대전","대덕구","대화동","E:\mong-lounge-site\massage\other\daejeon\daedeok-gu\대전-대덕구-출장마사지-동별-생활권-지역안내\index.html","E:\mong-lounge-site\shops\other\daejeon\daedeok-gu\대화동\24시미녀테라피\index.html","신규"
"24시미녀테라피","대전","대전","대덕구","덕암동","E:\mong-lounge-site\massage\other\daejeon\daedeok-gu\대전-대덕구-출장마사지-동별-생활권-지역안내\index.html","E:\mong-lounge-site\shops\other\daejeon\daedeok-gu\덕암동\24시미녀테라피\index.html","신규"
"24시미녀테라피","대전","대전","대덕구","목상동","E:\mong-lounge-site\massage\other\daejeon\daedeok-gu\대전-대덕구-출장마사지-동별-생활권-지역안내\index.html","E:\mong-lounge-site\shops\other\daejeon\daedeok-gu\목상동\24시미녀테라피\index.html","신규"
"24시미녀테라피","대전","대전","대덕구","법동","E:\mong-lounge-site\massage\other\daejeon\daedeok-gu\대전-대덕구-출장마사지-동별-생활권-지역안내\index.html","E:\mong-lounge-site\shops\other\daejeon\daedeok-gu\법동\24시미녀테라피\index.html","신규"
"24시미녀테라피","대전","대전","대덕구","비래동","E:\mong-lounge-site\massage\other\daejeon\daedeok-gu\대전-대덕구-출장마사지-동별-생활권-지역안내\index.html","E:\mong-lounge-site\shops\other\daejeon\daedeok-gu\비래동\24시미녀테라피\index.html","신규"
"24시미녀테라피","대전","대전","대덕구","석봉동","E:\mong-lounge-site\massage\other\daejeon\daedeok-gu\대전-대덕구-출장마사지-동별-생활권-지역안내\index.html","E:\mong-lounge-site\shops\other\daejeon\daedeok-gu\석봉동\24시미녀테라피\index.html","신규"
"24시미녀테라피","대전","대전","대덕구","송촌동","E:\mong-lounge-site\massage\other\daejeon\daedeok-gu\대전-대덕구-출장마사지-동별-생활권-지역안내\index.html","E:\mong-lounge-site\shops\other\daejeon\daedeok-gu\송촌동\24시미녀테라피\index.html","신규"
"24시미녀테라피","대전","대전","대덕구","신탄진동","E:\mong-lounge-site\massage\other\daejeon\daedeok-gu\대전-대덕구-출장마사지-동별-생활권-지역안내\index.html","E:\mong-lounge-site\shops\other\daejeon\daedeok-gu\신탄진동\24시미녀테라피\index.html","신규"
"24시미녀테라피","대전","대전","대덕구","오정동","E:\mong-lounge-site\massage\other\daejeon\daedeok-gu\대전-대덕구-출장마사지-동별-생활권-지역안내\index.html","E:\mong-lounge-site\shops\other\daejeon\daedeok-gu\오정동\24시미녀테라피\index.html","신규"
"24시미녀테라피","대전","대전","대덕구","중리동","E:\mong-lounge-site\massage\other\daejeon\daedeok-gu\대전-대덕구-출장마사지-동별-생활권-지역안내\index.html","E:\mong-lounge-site\shops\other\daejeon\daedeok-gu\중리동\24시미녀테라피\index.html","신규"
"24시미녀테라피","대전","대전","대덕구","회덕동","E:\mong-lounge-site\massage\other\daejeon\daedeok-gu\대전-대덕구-출장마사지-동별-생활권-지역안내\index.html","E:\mong-lounge-site\shops\other\daejeon\daedeok-gu\회덕동\24시미녀테라피\index.html","신규"
"24시미녀테라피","대전","대전","동구","가양동","E:\mong-lounge-site\massage\other\daejeon\dong-gu\대전-동구-출장마사지-동별-생활권-지역안내\index.html","E:\mong-lounge-site\shops\other\daejeon\dong-gu\가양동\24시미녀테라피\index.html","신규"
"24시미녀테라피","대전","대전","동구","대동","E:\mong-lounge-site\massage\other\daejeon\dong-gu\대전-동구-출장마사지-동별-생활권-지역안내\index.html","E:\mong-lounge-site\shops\other\daejeon\dong-gu\대동\24시미녀테라피\index.html","신규"
"24시미녀테라피","대전","대전","동구","대청동","E:\mong-lounge-site\massage\other\daejeon\dong-gu\대전-동구-출장마사지-동별-생활권-지역안내\index.html","E:\mong-lounge-site\shops\other\daejeon\dong-gu\대청동\24시미녀테라피\index.html","신규"
"24시미녀테라피","대전","대전","동구","산내동","E:\mong-lounge-site\massage\other\daejeon\dong-gu\대전-동구-출장마사지-동별-생활권-지역안내\index.html","E:\mong-lounge-site\shops\other\daejeon\dong-gu\산내동\24시미녀테라피\index.html","신규"
"24시미녀테라피","대전","대전","동구","삼성동","E:\mong-lounge-site\massage\other\daejeon\dong-gu\대전-동구-출장마사지-동별-생활권-지역안내\index.html","E:\mong-lounge-site\shops\other\daejeon\dong-gu\삼성동\24시미녀테라피\index.html","신규"
"24시미녀테라피","대전","대전","동구","성남동","E:\mong-lounge-site\massage\other\daejeon\dong-gu\대전-동구-출장마사지-동별-생활권-지역안내\index.html","E:\mong-lounge-site\shops\other\daejeon\dong-gu\성남동\24시미녀테라피\index.html","신규"
"24시미녀테라피","대전","대전","동구","신인동","E:\mong-lounge-site\massage\other\daejeon\dong-gu\대전-동구-출장마사지-동별-생활권-지역안내\index.html","E:\mong-lounge-site\shops\other\daejeon\dong-gu\신인동\24시미녀테라피\index.html","신규"
"24시미녀테라피","대전","대전","동구","용운동","E:\mong-lounge-site\massage\other\daejeon\dong-gu\대전-동구-출장마사지-동별-생활권-지역안내\index.html","E:\mong-lounge-site\shops\other\daejeon\dong-gu\용운동\24시미녀테라피\index.html","신규"
"24시미녀테라피","대전","대전","동구","용전동","E:\mong-lounge-site\massage\other\daejeon\dong-gu\대전-동구-출장마사지-동별-생활권-지역안내\index.html","E:\mong-lounge-site\shops\other\daejeon\dong-gu\용전동\24시미녀테라피\index.html","신규"
"24시미녀테라피","대전","대전","동구","자양동","E:\mong-lounge-site\massage\other\daejeon\dong-gu\대전-동구-출장마사지-동별-생활권-지역안내\index.html","E:\mong-lounge-site\shops\other\daejeon\dong-gu\자양동\24시미녀테라피\index.html","신규"
"24시미녀테라피","대전","대전","동구","중앙동","E:\mong-lounge-site\massage\other\daejeon\dong-gu\대전-동구-출장마사지-동별-생활권-지역안내\index.html","E:\mong-lounge-site\shops\other\daejeon\dong-gu\중앙동\24시미녀테라피\index.html","신규"
"24시미녀테라피","대전","대전","동구","판암동","E:\mong-lounge-site\massage\other\daejeon\dong-gu\대전-동구-출장마사지-동별-생활권-지역안내\index.html","E:\mong-lounge-site\shops\other\daejeon\dong-gu\판암동\24시미녀테라피\index.html","신규"
"24시미녀테라피","대전","대전","동구","홍도동","E:\mong-lounge-site\massage\other\daejeon\dong-gu\대전-동구-출장마사지-동별-생활권-지역안내\index.html","E:\mong-lounge-site\shops\other\daejeon\dong-gu\홍도동\24시미녀테라피\index.html","신규"
"24시미녀테라피","대전","대전","동구","효동","E:\mong-lounge-site\massage\other\daejeon\dong-gu\대전-동구-출장마사지-동별-생활권-지역안내\index.html","E:\mong-lounge-site\shops\other\daejeon\dong-gu\효동\24시미녀테라피\index.html","신규"
"24시미녀테라피","대전","대전","서구","가수원동","E:\mong-lounge-site\massage\other\daejeon\seo-gu\대전-서구-출장마사지-동별-생활권-지역안내\index.html","E:\mong-lounge-site\shops\other\daejeon\seo-gu\가수원동\24시미녀테라피\index.html","신규"
"24시미녀테라피","대전","대전","서구","가장동","E:\mong-lounge-site\massage\other\daejeon\seo-gu\대전-서구-출장마사지-동별-생활권-지역안내\index.html","E:\mong-lounge-site\shops\other\daejeon\seo-gu\가장동\24시미녀테라피\index.html","신규"
"24시미녀테라피","대전","대전","서구","갈마동","E:\mong-lounge-site\massage\other\daejeon\seo-gu\대전-서구-출장마사지-동별-생활권-지역안내\index.html","E:\mong-lounge-site\shops\other\daejeon\seo-gu\갈마동\24시미녀테라피\index.html","신규"
"24시미녀테라피","대전","대전","서구","관저동","E:\mong-lounge-site\massage\other\daejeon\seo-gu\대전-서구-출장마사지-동별-생활권-지역안내\index.html","E:\mong-lounge-site\shops\other\daejeon\seo-gu\관저동\24시미녀테라피\index.html","신규"
"24시미녀테라피","대전","대전","서구","괴정동","E:\mong-lounge-site\massage\other\daejeon\seo-gu\대전-서구-출장마사지-동별-생활권-지역안내\index.html","E:\mong-lounge-site\shops\other\daejeon\seo-gu\괴정동\24시미녀테라피\index.html","신규"
"24시미녀테라피","대전","대전","서구","기성동","E:\mong-lounge-site\massage\other\daejeon\seo-gu\대전-서구-출장마사지-동별-생활권-지역안내\index.html","E:\mong-lounge-site\shops\other\daejeon\seo-gu\기성동\24시미녀테라피\index.html","신규"
"24시미녀테라피","대전","대전","서구","내동","E:\mong-lounge-site\massage\other\daejeon\seo-gu\대전-서구-출장마사지-동별-생활권-지역안내\index.html","E:\mong-lounge-site\shops\other\daejeon\seo-gu\내동\24시미녀테라피\index.html","신규"
"24시미녀테라피","대전","대전","서구","도마동","E:\mong-lounge-site\massage\other\daejeon\seo-gu\대전-서구-출장마사지-동별-생활권-지역안내\index.html","E:\mong-lounge-site\shops\other\daejeon\seo-gu\도마동\24시미녀테라피\index.html","신규"
"24시미녀테라피","대전","대전","서구","도안동","E:\mong-lounge-site\massage\other\daejeon\seo-gu\대전-서구-출장마사지-동별-생활권-지역안내\index.html","E:\mong-lounge-site\shops\other\daejeon\seo-gu\도안동\24시미녀테라피\index.html","신규"
"24시미녀테라피","대전","대전","서구","둔산동","E:\mong-lounge-site\massage\other\daejeon\seo-gu\대전-서구-출장마사지-동별-생활권-지역안내\index.html","E:\mong-lounge-site\shops\other\daejeon\seo-gu\둔산동\24시미녀테라피\index.html","신규"
"24시미녀테라피","대전","대전","서구","만년동","E:\mong-lounge-site\massage\other\daejeon\seo-gu\대전-서구-출장마사지-동별-생활권-지역안내\index.html","E:\mong-lounge-site\shops\other\daejeon\seo-gu\만년동\24시미녀테라피\index.html","신규"
"24시미녀테라피","대전","대전","서구","변동","E:\mong-lounge-site\massage\other\daejeon\seo-gu\대전-서구-출장마사지-동별-생활권-지역안내\index.html","E:\mong-lounge-site\shops\other\daejeon\seo-gu\변동\24시미녀테라피\index.html","신규"
"24시미녀테라피","대전","대전","서구","복수동","E:\mong-lounge-site\massage\other\daejeon\seo-gu\대전-서구-출장마사지-동별-생활권-지역안내\index.html","E:\mong-lounge-site\shops\other\daejeon\seo-gu\복수동\24시미녀테라피\index.html","신규"
"24시미녀테라피","대전","대전","서구","용문동","E:\mong-lounge-site\massage\other\daejeon\seo-gu\대전-서구-출장마사지-동별-생활권-지역안내\index.html","E:\mong-lounge-site\shops\other\daejeon\seo-gu\용문동\24시미녀테라피\index.html","신규"
"24시미녀테라피","대전","대전","서구","월평동","E:\mong-lounge-site\massage\other\daejeon\seo-gu\대전-서구-출장마사지-동별-생활권-지역안내\index.html","E:\mong-lounge-site\shops\other\daejeon\seo-gu\월평동\24시미녀테라피\index.html","신규"
"24시미녀테라피","대전","대전","서구","정림동","E:\mong-lounge-site\massage\other\daejeon\seo-gu\대전-서구-출장마사지-동별-생활권-지역안내\index.html","E:\mong-lounge-site\shops\other\daejeon\seo-gu\정림동\24시미녀테라피\index.html","신규"
"24시미녀테라피","대전","대전","서구","탄방동","E:\mong-lounge-site\massage\other\daejeon\seo-gu\대전-서구-출장마사지-동별-생활권-지역안내\index.html","E:\mong-lounge-site\shops\other\daejeon\seo-gu\탄방동\24시미녀테라피\index.html","신규"
"24시미녀테라피","대전","대전","유성구","관평동","E:\mong-lounge-site\massage\other\daejeon\yuseong-gu\대전-유성구-출장마사지-동별-생활권-지역안내\index.html","E:\mong-lounge-site\shops\other\daejeon\yuseong-gu\관평동\24시미녀테라피\index.html","신규"
"24시미녀테라피","대전","대전","유성구","구즉동","E:\mong-lounge-site\massage\other\daejeon\yuseong-gu\대전-유성구-출장마사지-동별-생활권-지역안내\index.html","E:\mong-lounge-site\shops\other\daejeon\yuseong-gu\구즉동\24시미녀테라피\index.html","신규"
"24시미녀테라피","대전","대전","유성구","노은동","E:\mong-lounge-site\massage\other\daejeon\yuseong-gu\대전-유성구-출장마사지-동별-생활권-지역안내\index.html","E:\mong-lounge-site\shops\other\daejeon\yuseong-gu\노은동\24시미녀테라피\index.html","신규"
"24시미녀테라피","대전","대전","유성구","상대동","E:\mong-lounge-site\massage\other\daejeon\yuseong-gu\대전-유성구-출장마사지-동별-생활권-지역안내\index.html","E:\mong-lounge-site\shops\other\daejeon\yuseong-gu\상대동\24시미녀테라피\index.html","신규"
"24시미녀테라피","대전","대전","유성구","신성동","E:\mong-lounge-site\massage\other\daejeon\yuseong-gu\대전-유성구-출장마사지-동별-생활권-지역안내\index.html","E:\mong-lounge-site\shops\other\daejeon\yuseong-gu\신성동\24시미녀테라피\index.html","신규"
"24시미녀테라피","대전","대전","유성구","온천동","E:\mong-lounge-site\massage\other\daejeon\yuseong-gu\대전-유성구-출장마사지-동별-생활권-지역안내\index.html","E:\mong-lounge-site\shops\other\daejeon\yuseong-gu\온천동\24시미녀테라피\index.html","신규"
"24시미녀테라피","대전","대전","유성구","원신흥동","E:\mong-lounge-site\massage\other\daejeon\yuseong-gu\대전-유성구-출장마사지-동별-생활권-지역안내\index.html","E:\mong-lounge-site\shops\other\daejeon\yuseong-gu\원신흥동\24시미녀테라피\index.html","신규"
"24시미녀테라피","대전","대전","유성구","전민동","E:\mong-lounge-site\massage\other\daejeon\yuseong-gu\대전-유성구-출장마사지-동별-생활권-지역안내\index.html","E:\mong-lounge-site\shops\other\daejeon\yuseong-gu\전민동\24시미녀테라피\index.html","신규"
"24시미녀테라피","대전","대전","유성구","진잠동","E:\mong-lounge-site\massage\other\daejeon\yuseong-gu\대전-유성구-출장마사지-동별-생활권-지역안내\index.html","E:\mong-lounge-site\shops\other\daejeon\yuseong-gu\진잠동\24시미녀테라피\index.html","신규"
"24시미녀테라피","대전","대전","유성구","학하동","E:\mong-lounge-site\massage\other\daejeon\yuseong-gu\대전-유성구-출장마사지-동별-생활권-지역안내\index.html","E:\mong-lounge-site\shops\other\daejeon\yuseong-gu\학하동\24시미녀테라피\index.html","신규"
"24시미녀테라피","대전","대전","중구","대사동","E:\mong-lounge-site\massage\other\daejeon\jung-gu\대전-중구-출장마사지-동별-생활권-지역안내\index.html","E:\mong-lounge-site\shops\other\daejeon\jung-gu\대사동\24시미녀테라피\index.html","신규"
"24시미녀테라피","대전","대전","중구","대흥동","E:\mong-lounge-site\massage\other\daejeon\jung-gu\대전-중구-출장마사지-동별-생활권-지역안내\index.html","E:\mong-lounge-site\shops\other\daejeon\jung-gu\대흥동\24시미녀테라피\index.html","신규"
"24시미녀테라피","대전","대전","중구","목동","E:\mong-lounge-site\massage\other\daejeon\jung-gu\대전-중구-출장마사지-동별-생활권-지역안내\index.html","E:\mong-lounge-site\shops\other\daejeon\jung-gu\목동\24시미녀테라피\index.html","신규"
"24시미녀테라피","대전","대전","중구","문창동","E:\mong-lounge-site\massage\other\daejeon\jung-gu\대전-중구-출장마사지-동별-생활권-지역안내\index.html","E:\mong-lounge-site\shops\other\daejeon\jung-gu\문창동\24시미녀테라피\index.html","신규"
"24시미녀테라피","대전","대전","중구","문화동","E:\mong-lounge-site\massage\other\daejeon\jung-gu\대전-중구-출장마사지-동별-생활권-지역안내\index.html","E:\mong-lounge-site\shops\other\daejeon\jung-gu\문화동\24시미녀테라피\index.html","신규"
"24시미녀테라피","대전","대전","중구","부사동","E:\mong-lounge-site\massage\other\daejeon\jung-gu\대전-중구-출장마사지-동별-생활권-지역안내\index.html","E:\mong-lounge-site\shops\other\daejeon\jung-gu\부사동\24시미녀테라피\index.html","신규"
"24시미녀테라피","대전","대전","중구","산성동","E:\mong-lounge-site\massage\other\daejeon\jung-gu\대전-중구-출장마사지-동별-생활권-지역안내\index.html","E:\mong-lounge-site\shops\other\daejeon\jung-gu\산성동\24시미녀테라피\index.html","신규"
"24시미녀테라피","대전","대전","중구","석교동","E:\mong-lounge-site\massage\other\daejeon\jung-gu\대전-중구-출장마사지-동별-생활권-지역안내\index.html","E:\mong-lounge-site\shops\other\daejeon\jung-gu\석교동\24시미녀테라피\index.html","신규"
"24시미녀테라피","대전","대전","중구","오류동","E:\mong-lounge-site\massage\other\daejeon\jung-gu\대전-중구-출장마사지-동별-생활권-지역안내\index.html","E:\mong-lounge-site\shops\other\daejeon\jung-gu\오류동\24시미녀테라피\index.html","신규"
"24시미녀테라피","대전","대전","중구","용두동","E:\mong-lounge-site\massage\other\daejeon\jung-gu\대전-중구-출장마사지-동별-생활권-지역안내\index.html","E:\mong-lounge-site\shops\other\daejeon\jung-gu\용두동\24시미녀테라피\index.html","신규"
"24시미녀테라피","대전","대전","중구","유천동","E:\mong-lounge-site\massage\other\daejeon\jung-gu\대전-중구-출장마사지-동별-생활권-지역안내\index.html","E:\mong-lounge-site\shops\other\daejeon\jung-gu\유천동\24시미녀테라피\index.html","신규"
"24시미녀테라피","대전","대전","중구","은행선화동","E:\mong-lounge-site\massage\other\daejeon\jung-gu\대전-중구-출장마사지-동별-생활권-지역안내\index.html","E:\mong-lounge-site\shops\other\daejeon\jung-gu\은행선화동\24시미녀테라피\index.html","신규"
"24시미녀테라피","대전","대전","중구","중촌동","E:\mong-lounge-site\massage\other\daejeon\jung-gu\대전-중구-출장마사지-동별-생활권-지역안내\index.html","E:\mong-lounge-site\shops\other\daejeon\jung-gu\중촌동\24시미녀테라피\index.html","신규"
"24시미녀테라피","대전","대전","중구","태평동","E:\mong-lounge-site\massage\other\daejeon\jung-gu\대전-중구-출장마사지-동별-생활권-지역안내\index.html","E:\mong-lounge-site\shops\other\daejeon\jung-gu\태평동\24시미녀테라피\index.html","신규"
"레드테라피","청주","충북","상당구","가덕면","E:\mong-lounge-site\massage\other\cheongju\sangdang-gu\청주-상당구-출장마사지-동별-생활권-지역안내\index.html","E:\mong-lounge-site\shops\other\cheongju\sangdang-gu\가덕면\레드테라피\index.html","신규"
"레드테라피","청주","충북","상당구","금천동","E:\mong-lounge-site\massage\other\cheongju\sangdang-gu\청주-상당구-출장마사지-동별-생활권-지역안내\index.html","E:\mong-lounge-site\shops\other\cheongju\sangdang-gu\금천동\레드테라피\index.html","신규"
"레드테라피","청주","충북","상당구","남일면","E:\mong-lounge-site\massage\other\cheongju\sangdang-gu\청주-상당구-출장마사지-동별-생활권-지역안내\index.html","E:\mong-lounge-site\shops\other\cheongju\sangdang-gu\남일면\레드테라피\index.html","신규"
"레드테라피","청주","충북","상당구","낭성면","E:\mong-lounge-site\massage\other\cheongju\sangdang-gu\청주-상당구-출장마사지-동별-생활권-지역안내\index.html","E:\mong-lounge-site\shops\other\cheongju\sangdang-gu\낭성면\레드테라피\index.html","신규"
"레드테라피","청주","충북","상당구","문의면","E:\mong-lounge-site\massage\other\cheongju\sangdang-gu\청주-상당구-출장마사지-동별-생활권-지역안내\index.html","E:\mong-lounge-site\shops\other\cheongju\sangdang-gu\문의면\레드테라피\index.html","신규"
"레드테라피","청주","충북","상당구","미원면","E:\mong-lounge-site\massage\other\cheongju\sangdang-gu\청주-상당구-출장마사지-동별-생활권-지역안내\index.html","E:\mong-lounge-site\shops\other\cheongju\sangdang-gu\미원면\레드테라피\index.html","신규"
"레드테라피","청주","충북","상당구","성안동","E:\mong-lounge-site\massage\other\cheongju\sangdang-gu\청주-상당구-출장마사지-동별-생활권-지역안내\index.html","E:\mong-lounge-site\shops\other\cheongju\sangdang-gu\성안동\레드테라피\index.html","신규"
"레드테라피","청주","충북","상당구","영운동","E:\mong-lounge-site\massage\other\cheongju\sangdang-gu\청주-상당구-출장마사지-동별-생활권-지역안내\index.html","E:\mong-lounge-site\shops\other\cheongju\sangdang-gu\영운동\레드테라피\index.html","신규"
"레드테라피","청주","충북","상당구","용담.명암.산성동","E:\mong-lounge-site\massage\other\cheongju\sangdang-gu\청주-상당구-출장마사지-동별-생활권-지역안내\index.html","E:\mong-lounge-site\shops\other\cheongju\sangdang-gu\용담.명암.산성동\레드테라피\index.html","신규"
"레드테라피","청주","충북","상당구","용암동","E:\mong-lounge-site\massage\other\cheongju\sangdang-gu\청주-상당구-출장마사지-동별-생활권-지역안내\index.html","E:\mong-lounge-site\shops\other\cheongju\sangdang-gu\용암동\레드테라피\index.html","신규"
"레드테라피","청주","충북","상당구","중앙동","E:\mong-lounge-site\massage\other\cheongju\sangdang-gu\청주-상당구-출장마사지-동별-생활권-지역안내\index.html","E:\mong-lounge-site\shops\other\cheongju\sangdang-gu\중앙동\레드테라피\index.html","신규"
"레드테라피","청주","충북","상당구","탑대성동","E:\mong-lounge-site\massage\other\cheongju\sangdang-gu\청주-상당구-출장마사지-동별-생활권-지역안내\index.html","E:\mong-lounge-site\shops\other\cheongju\sangdang-gu\탑대성동\레드테라피\index.html","신규"
"레드테라피","청주","충북","서원구","남이면","E:\mong-lounge-site\massage\other\cheongju\seowon-gu\청주-서원구-출장마사지-동별-생활권-지역안내\index.html","E:\mong-lounge-site\shops\other\cheongju\seowon-gu\남이면\레드테라피\index.html","신규"
"레드테라피","청주","충북","서원구","모충동","E:\mong-lounge-site\massage\other\cheongju\seowon-gu\청주-서원구-출장마사지-동별-생활권-지역안내\index.html","E:\mong-lounge-site\shops\other\cheongju\seowon-gu\모충동\레드테라피\index.html","신규"
"레드테라피","청주","충북","서원구","분평동","E:\mong-lounge-site\massage\other\cheongju\seowon-gu\청주-서원구-출장마사지-동별-생활권-지역안내\index.html","E:\mong-lounge-site\shops\other\cheongju\seowon-gu\분평동\레드테라피\index.html","신규"
"레드테라피","청주","충북","서원구","사직동","E:\mong-lounge-site\massage\other\cheongju\seowon-gu\청주-서원구-출장마사지-동별-생활권-지역안내\index.html","E:\mong-lounge-site\shops\other\cheongju\seowon-gu\사직동\레드테라피\index.html","신규"
"레드테라피","청주","충북","서원구","사창동","E:\mong-lounge-site\massage\other\cheongju\seowon-gu\청주-서원구-출장마사지-동별-생활권-지역안내\index.html","E:\mong-lounge-site\shops\other\cheongju\seowon-gu\사창동\레드테라피\index.html","신규"
"레드테라피","청주","충북","서원구","산남동","E:\mong-lounge-site\massage\other\cheongju\seowon-gu\청주-서원구-출장마사지-동별-생활권-지역안내\index.html","E:\mong-lounge-site\shops\other\cheongju\seowon-gu\산남동\레드테라피\index.html","신규"
"레드테라피","청주","충북","서원구","성화.개신.죽림동","E:\mong-lounge-site\massage\other\cheongju\seowon-gu\청주-서원구-출장마사지-동별-생활권-지역안내\index.html","E:\mong-lounge-site\shops\other\cheongju\seowon-gu\성화.개신.죽림동\레드테라피\index.html","신규"
"레드테라피","청주","충북","서원구","수곡동","E:\mong-lounge-site\massage\other\cheongju\seowon-gu\청주-서원구-출장마사지-동별-생활권-지역안내\index.html","E:\mong-lounge-site\shops\other\cheongju\seowon-gu\수곡동\레드테라피\index.html","신규"
"레드테라피","청주","충북","서원구","현도면","E:\mong-lounge-site\massage\other\cheongju\seowon-gu\청주-서원구-출장마사지-동별-생활권-지역안내\index.html","E:\mong-lounge-site\shops\other\cheongju\seowon-gu\현도면\레드테라피\index.html","신규"
"레드테라피","청주","충북","청원구","내덕동","E:\mong-lounge-site\massage\other\cheongju\cheongwon-gu\청주-청원구-출장마사지-동별-생활권-지역안내\index.html","E:\mong-lounge-site\shops\other\cheongju\cheongwon-gu\내덕동\레드테라피\index.html","신규"
"레드테라피","청주","충북","청원구","내수읍","E:\mong-lounge-site\massage\other\cheongju\cheongwon-gu\청주-청원구-출장마사지-동별-생활권-지역안내\index.html","E:\mong-lounge-site\shops\other\cheongju\cheongwon-gu\내수읍\레드테라피\index.html","신규"
"레드테라피","청주","충북","청원구","북이면","E:\mong-lounge-site\massage\other\cheongju\cheongwon-gu\청주-청원구-출장마사지-동별-생활권-지역안내\index.html","E:\mong-lounge-site\shops\other\cheongju\cheongwon-gu\북이면\레드테라피\index.html","신규"
"레드테라피","청주","충북","청원구","오근장동","E:\mong-lounge-site\massage\other\cheongju\cheongwon-gu\청주-청원구-출장마사지-동별-생활권-지역안내\index.html","E:\mong-lounge-site\shops\other\cheongju\cheongwon-gu\오근장동\레드테라피\index.html","신규"
"레드테라피","청주","충북","청원구","오창읍","E:\mong-lounge-site\massage\other\cheongju\cheongwon-gu\청주-청원구-출장마사지-동별-생활권-지역안내\index.html","E:\mong-lounge-site\shops\other\cheongju\cheongwon-gu\오창읍\레드테라피\index.html","신규"
"레드테라피","청주","충북","청원구","우암동","E:\mong-lounge-site\massage\other\cheongju\cheongwon-gu\청주-청원구-출장마사지-동별-생활권-지역안내\index.html","E:\mong-lounge-site\shops\other\cheongju\cheongwon-gu\우암동\레드테라피\index.html","신규"
"레드테라피","청주","충북","청원구","율량.사천동","E:\mong-lounge-site\massage\other\cheongju\cheongwon-gu\청주-청원구-출장마사지-동별-생활권-지역안내\index.html","E:\mong-lounge-site\shops\other\cheongju\cheongwon-gu\율량.사천동\레드테라피\index.html","신규"
"레드테라피","청주","충북","흥덕구","가경동","E:\mong-lounge-site\massage\other\cheongju\heungdeok-gu\청주-흥덕구-출장마사지-동별-생활권-지역안내\index.html","E:\mong-lounge-site\shops\other\cheongju\heungdeok-gu\가경동\레드테라피\index.html","신규"
"레드테라피","청주","충북","흥덕구","강내면","E:\mong-lounge-site\massage\other\cheongju\heungdeok-gu\청주-흥덕구-출장마사지-동별-생활권-지역안내\index.html","E:\mong-lounge-site\shops\other\cheongju\heungdeok-gu\강내면\레드테라피\index.html","신규"
"레드테라피","청주","충북","흥덕구","강서동","E:\mong-lounge-site\massage\other\cheongju\heungdeok-gu\청주-흥덕구-출장마사지-동별-생활권-지역안내\index.html","E:\mong-lounge-site\shops\other\cheongju\heungdeok-gu\강서동\레드테라피\index.html","신규"
"레드테라피","청주","충북","흥덕구","복대동","E:\mong-lounge-site\massage\other\cheongju\heungdeok-gu\청주-흥덕구-출장마사지-동별-생활권-지역안내\index.html","E:\mong-lounge-site\shops\other\cheongju\heungdeok-gu\복대동\레드테라피\index.html","신규"
"레드테라피","청주","충북","흥덕구","봉명2.송정동","E:\mong-lounge-site\massage\other\cheongju\heungdeok-gu\청주-흥덕구-출장마사지-동별-생활권-지역안내\index.html","E:\mong-lounge-site\shops\other\cheongju\heungdeok-gu\봉명2.송정동\레드테라피\index.html","신규"
"레드테라피","청주","충북","흥덕구","봉명동","E:\mong-lounge-site\massage\other\cheongju\heungdeok-gu\청주-흥덕구-출장마사지-동별-생활권-지역안내\index.html","E:\mong-lounge-site\shops\other\cheongju\heungdeok-gu\봉명동\레드테라피\index.html","신규"
"레드테라피","청주","충북","흥덕구","오송읍","E:\mong-lounge-site\massage\other\cheongju\heungdeok-gu\청주-흥덕구-출장마사지-동별-생활권-지역안내\index.html","E:\mong-lounge-site\shops\other\cheongju\heungdeok-gu\오송읍\레드테라피\index.html","신규"
"레드테라피","청주","충북","흥덕구","옥산면","E:\mong-lounge-site\massage\other\cheongju\heungdeok-gu\청주-흥덕구-출장마사지-동별-생활권-지역안내\index.html","E:\mong-lounge-site\shops\other\cheongju\heungdeok-gu\옥산면\레드테라피\index.html","신규"
"레드테라피","청주","충북","흥덕구","운천.신봉동","E:\mong-lounge-site\massage\other\cheongju\heungdeok-gu\청주-흥덕구-출장마사지-동별-생활권-지역안내\index.html","E:\mong-lounge-site\shops\other\cheongju\heungdeok-gu\운천.신봉동\레드테라피\index.html","신규"
"다온테라피","전주","전북","덕진구","금암동","E:\mong-lounge-site\massage\other\jeonju\deokjin-gu\전주-덕진구-출장마사지-동별-생활권-지역안내\index.html","E:\mong-lounge-site\shops\other\jeonju\deokjin-gu\금암동\다온테라피\index.html","신규"
"다온테라피","전주","전북","덕진구","덕진동","E:\mong-lounge-site\massage\other\jeonju\deokjin-gu\전주-덕진구-출장마사지-동별-생활권-지역안내\index.html","E:\mong-lounge-site\shops\other\jeonju\deokjin-gu\덕진동\다온테라피\index.html","신규"
"다온테라피","전주","전북","덕진구","송천동","E:\mong-lounge-site\massage\other\jeonju\deokjin-gu\전주-덕진구-출장마사지-동별-생활권-지역안내\index.html","E:\mong-lounge-site\shops\other\jeonju\deokjin-gu\송천동\다온테라피\index.html","신규"
"다온테라피","전주","전북","덕진구","여의동","E:\mong-lounge-site\massage\other\jeonju\deokjin-gu\전주-덕진구-출장마사지-동별-생활권-지역안내\index.html","E:\mong-lounge-site\shops\other\jeonju\deokjin-gu\여의동\다온테라피\index.html","신규"
"다온테라피","전주","전북","덕진구","우아동","E:\mong-lounge-site\massage\other\jeonju\deokjin-gu\전주-덕진구-출장마사지-동별-생활권-지역안내\index.html","E:\mong-lounge-site\shops\other\jeonju\deokjin-gu\우아동\다온테라피\index.html","신규"
"다온테라피","전주","전북","덕진구","인후동","E:\mong-lounge-site\massage\other\jeonju\deokjin-gu\전주-덕진구-출장마사지-동별-생활권-지역안내\index.html","E:\mong-lounge-site\shops\other\jeonju\deokjin-gu\인후동\다온테라피\index.html","신규"
"다온테라피","전주","전북","덕진구","조촌동","E:\mong-lounge-site\massage\other\jeonju\deokjin-gu\전주-덕진구-출장마사지-동별-생활권-지역안내\index.html","E:\mong-lounge-site\shops\other\jeonju\deokjin-gu\조촌동\다온테라피\index.html","신규"
"다온테라피","전주","전북","덕진구","진북동","E:\mong-lounge-site\massage\other\jeonju\deokjin-gu\전주-덕진구-출장마사지-동별-생활권-지역안내\index.html","E:\mong-lounge-site\shops\other\jeonju\deokjin-gu\진북동\다온테라피\index.html","신규"
"다온테라피","전주","전북","덕진구","팔복동","E:\mong-lounge-site\massage\other\jeonju\deokjin-gu\전주-덕진구-출장마사지-동별-생활권-지역안내\index.html","E:\mong-lounge-site\shops\other\jeonju\deokjin-gu\팔복동\다온테라피\index.html","신규"
"다온테라피","전주","전북","덕진구","혁신동","E:\mong-lounge-site\massage\other\jeonju\deokjin-gu\전주-덕진구-출장마사지-동별-생활권-지역안내\index.html","E:\mong-lounge-site\shops\other\jeonju\deokjin-gu\혁신동\다온테라피\index.html","신규"
"다온테라피","전주","전북","덕진구","호성동","E:\mong-lounge-site\massage\other\jeonju\deokjin-gu\전주-덕진구-출장마사지-동별-생활권-지역안내\index.html","E:\mong-lounge-site\shops\other\jeonju\deokjin-gu\호성동\다온테라피\index.html","신규"
"다온테라피","전주","전북","완산구","노송동","E:\mong-lounge-site\massage\other\jeonju\wansan-gu\전주-완산구-출장마사지-동별-생활권-지역안내\index.html","E:\mong-lounge-site\shops\other\jeonju\wansan-gu\노송동\다온테라피\index.html","신규"
"다온테라피","전주","전북","완산구","동서학동","E:\mong-lounge-site\massage\other\jeonju\wansan-gu\전주-완산구-출장마사지-동별-생활권-지역안내\index.html","E:\mong-lounge-site\shops\other\jeonju\wansan-gu\동서학동\다온테라피\index.html","신규"
"다온테라피","전주","전북","완산구","삼천동","E:\mong-lounge-site\massage\other\jeonju\wansan-gu\전주-완산구-출장마사지-동별-생활권-지역안내\index.html","E:\mong-lounge-site\shops\other\jeonju\wansan-gu\삼천동\다온테라피\index.html","신규"
"다온테라피","전주","전북","완산구","서서학동","E:\mong-lounge-site\massage\other\jeonju\wansan-gu\전주-완산구-출장마사지-동별-생활권-지역안내\index.html","E:\mong-lounge-site\shops\other\jeonju\wansan-gu\서서학동\다온테라피\index.html","신규"
"다온테라피","전주","전북","완산구","서신동","E:\mong-lounge-site\massage\other\jeonju\wansan-gu\전주-완산구-출장마사지-동별-생활권-지역안내\index.html","E:\mong-lounge-site\shops\other\jeonju\wansan-gu\서신동\다온테라피\index.html","신규"
"다온테라피","전주","전북","완산구","완산동","E:\mong-lounge-site\massage\other\jeonju\wansan-gu\전주-완산구-출장마사지-동별-생활권-지역안내\index.html","E:\mong-lounge-site\shops\other\jeonju\wansan-gu\완산동\다온테라피\index.html","신규"
"다온테라피","전주","전북","완산구","중앙동","E:\mong-lounge-site\massage\other\jeonju\wansan-gu\전주-완산구-출장마사지-동별-생활권-지역안내\index.html","E:\mong-lounge-site\shops\other\jeonju\wansan-gu\중앙동\다온테라피\index.html","신규"
"다온테라피","전주","전북","완산구","중화산동","E:\mong-lounge-site\massage\other\jeonju\wansan-gu\전주-완산구-출장마사지-동별-생활권-지역안내\index.html","E:\mong-lounge-site\shops\other\jeonju\wansan-gu\중화산동\다온테라피\index.html","신규"
"다온테라피","전주","전북","완산구","평화동","E:\mong-lounge-site\massage\other\jeonju\wansan-gu\전주-완산구-출장마사지-동별-생활권-지역안내\index.html","E:\mong-lounge-site\shops\other\jeonju\wansan-gu\평화동\다온테라피\index.html","신규"
"다온테라피","전주","전북","완산구","풍남동","E:\mong-lounge-site\massage\other\jeonju\wansan-gu\전주-완산구-출장마사지-동별-생활권-지역안내\index.html","E:\mong-lounge-site\shops\other\jeonju\wansan-gu\풍남동\다온테라피\index.html","신규"
"다온테라피","전주","전북","완산구","효자동","E:\mong-lounge-site\massage\other\jeonju\wansan-gu\전주-완산구-출장마사지-동별-생활권-지역안내\index.html","E:\mong-lounge-site\shops\other\jeonju\wansan-gu\효자동\다온테라피\index.html","신규"
"상큼테라피","전주","전북","덕진구","금암동","E:\mong-lounge-site\massage\other\jeonju\deokjin-gu\전주-덕진구-출장마사지-동별-생활권-지역안내\index.html","E:\mong-lounge-site\shops\other\jeonju\deokjin-gu\금암동\상큼테라피\index.html","신규"
"상큼테라피","전주","전북","덕진구","덕진동","E:\mong-lounge-site\massage\other\jeonju\deokjin-gu\전주-덕진구-출장마사지-동별-생활권-지역안내\index.html","E:\mong-lounge-site\shops\other\jeonju\deokjin-gu\덕진동\상큼테라피\index.html","신규"
"상큼테라피","전주","전북","덕진구","송천동","E:\mong-lounge-site\massage\other\jeonju\deokjin-gu\전주-덕진구-출장마사지-동별-생활권-지역안내\index.html","E:\mong-lounge-site\shops\other\jeonju\deokjin-gu\송천동\상큼테라피\index.html","신규"
"상큼테라피","전주","전북","덕진구","여의동","E:\mong-lounge-site\massage\other\jeonju\deokjin-gu\전주-덕진구-출장마사지-동별-생활권-지역안내\index.html","E:\mong-lounge-site\shops\other\jeonju\deokjin-gu\여의동\상큼테라피\index.html","신규"
"상큼테라피","전주","전북","덕진구","우아동","E:\mong-lounge-site\massage\other\jeonju\deokjin-gu\전주-덕진구-출장마사지-동별-생활권-지역안내\index.html","E:\mong-lounge-site\shops\other\jeonju\deokjin-gu\우아동\상큼테라피\index.html","신규"
"상큼테라피","전주","전북","덕진구","인후동","E:\mong-lounge-site\massage\other\jeonju\deokjin-gu\전주-덕진구-출장마사지-동별-생활권-지역안내\index.html","E:\mong-lounge-site\shops\other\jeonju\deokjin-gu\인후동\상큼테라피\index.html","신규"
"상큼테라피","전주","전북","덕진구","조촌동","E:\mong-lounge-site\massage\other\jeonju\deokjin-gu\전주-덕진구-출장마사지-동별-생활권-지역안내\index.html","E:\mong-lounge-site\shops\other\jeonju\deokjin-gu\조촌동\상큼테라피\index.html","신규"
"상큼테라피","전주","전북","덕진구","진북동","E:\mong-lounge-site\massage\other\jeonju\deokjin-gu\전주-덕진구-출장마사지-동별-생활권-지역안내\index.html","E:\mong-lounge-site\shops\other\jeonju\deokjin-gu\진북동\상큼테라피\index.html","신규"
"상큼테라피","전주","전북","덕진구","팔복동","E:\mong-lounge-site\massage\other\jeonju\deokjin-gu\전주-덕진구-출장마사지-동별-생활권-지역안내\index.html","E:\mong-lounge-site\shops\other\jeonju\deokjin-gu\팔복동\상큼테라피\index.html","신규"
"상큼테라피","전주","전북","덕진구","혁신동","E:\mong-lounge-site\massage\other\jeonju\deokjin-gu\전주-덕진구-출장마사지-동별-생활권-지역안내\index.html","E:\mong-lounge-site\shops\other\jeonju\deokjin-gu\혁신동\상큼테라피\index.html","신규"
"상큼테라피","전주","전북","덕진구","호성동","E:\mong-lounge-site\massage\other\jeonju\deokjin-gu\전주-덕진구-출장마사지-동별-생활권-지역안내\index.html","E:\mong-lounge-site\shops\other\jeonju\deokjin-gu\호성동\상큼테라피\index.html","신규"
"상큼테라피","전주","전북","완산구","노송동","E:\mong-lounge-site\massage\other\jeonju\wansan-gu\전주-완산구-출장마사지-동별-생활권-지역안내\index.html","E:\mong-lounge-site\shops\other\jeonju\wansan-gu\노송동\상큼테라피\index.html","신규"
"상큼테라피","전주","전북","완산구","동서학동","E:\mong-lounge-site\massage\other\jeonju\wansan-gu\전주-완산구-출장마사지-동별-생활권-지역안내\index.html","E:\mong-lounge-site\shops\other\jeonju\wansan-gu\동서학동\상큼테라피\index.html","신규"
"상큼테라피","전주","전북","완산구","삼천동","E:\mong-lounge-site\massage\other\jeonju\wansan-gu\전주-완산구-출장마사지-동별-생활권-지역안내\index.html","E:\mong-lounge-site\shops\other\jeonju\wansan-gu\삼천동\상큼테라피\index.html","신규"
"상큼테라피","전주","전북","완산구","서서학동","E:\mong-lounge-site\massage\other\jeonju\wansan-gu\전주-완산구-출장마사지-동별-생활권-지역안내\index.html","E:\mong-lounge-site\shops\other\jeonju\wansan-gu\서서학동\상큼테라피\index.html","신규"
"상큼테라피","전주","전북","완산구","서신동","E:\mong-lounge-site\massage\other\jeonju\wansan-gu\전주-완산구-출장마사지-동별-생활권-지역안내\index.html","E:\mong-lounge-site\shops\other\jeonju\wansan-gu\서신동\상큼테라피\index.html","신규"
"상큼테라피","전주","전북","완산구","완산동","E:\mong-lounge-site\massage\other\jeonju\wansan-gu\전주-완산구-출장마사지-동별-생활권-지역안내\index.html","E:\mong-lounge-site\shops\other\jeonju\wansan-gu\완산동\상큼테라피\index.html","신규"
"상큼테라피","전주","전북","완산구","중앙동","E:\mong-lounge-site\massage\other\jeonju\wansan-gu\전주-완산구-출장마사지-동별-생활권-지역안내\index.html","E:\mong-lounge-site\shops\other\jeonju\wansan-gu\중앙동\상큼테라피\index.html","신규"
"상큼테라피","전주","전북","완산구","중화산동","E:\mong-lounge-site\massage\other\jeonju\wansan-gu\전주-완산구-출장마사지-동별-생활권-지역안내\index.html","E:\mong-lounge-site\shops\other\jeonju\wansan-gu\중화산동\상큼테라피\index.html","신규"
"상큼테라피","전주","전북","완산구","평화동","E:\mong-lounge-site\massage\other\jeonju\wansan-gu\전주-완산구-출장마사지-동별-생활권-지역안내\index.html","E:\mong-lounge-site\shops\other\jeonju\wansan-gu\평화동\상큼테라피\index.html","신규"
"상큼테라피","전주","전북","완산구","풍남동","E:\mong-lounge-site\massage\other\jeonju\wansan-gu\전주-완산구-출장마사지-동별-생활권-지역안내\index.html","E:\mong-lounge-site\shops\other\jeonju\wansan-gu\풍남동\상큼테라피\index.html","신규"
"상큼테라피","전주","전북","완산구","효자동","E:\mong-lounge-site\massage\other\jeonju\wansan-gu\전주-완산구-출장마사지-동별-생활권-지역안내\index.html","E:\mong-lounge-site\shops\other\jeonju\wansan-gu\효자동\상큼테라피\index.html","신규"
"상큼테라피","익산","전북","익산","금마면","E:\mong-lounge-site\massage\other\iksan\익산-지역-출장마사지-영등-모현-익산역-생활권-방문-홈케어\index.html","E:\mong-lounge-site\shops\other\iksan\금마면\상큼테라피\index.html","신규"
"상큼테라피","익산","전북","익산","남중동","E:\mong-lounge-site\massage\other\iksan\익산-지역-출장마사지-영등-모현-익산역-생활권-방문-홈케어\index.html","E:\mong-lounge-site\shops\other\iksan\남중동\상큼테라피\index.html","신규"
"상큼테라피","익산","전북","익산","낭산면","E:\mong-lounge-site\massage\other\iksan\익산-지역-출장마사지-영등-모현-익산역-생활권-방문-홈케어\index.html","E:\mong-lounge-site\shops\other\iksan\낭산면\상큼테라피\index.html","신규"
"상큼테라피","익산","전북","익산","동산동","E:\mong-lounge-site\massage\other\iksan\익산-지역-출장마사지-영등-모현-익산역-생활권-방문-홈케어\index.html","E:\mong-lounge-site\shops\other\iksan\동산동\상큼테라피\index.html","신규"
"상큼테라피","익산","전북","익산","마동","E:\mong-lounge-site\massage\other\iksan\익산-지역-출장마사지-영등-모현-익산역-생활권-방문-홈케어\index.html","E:\mong-lounge-site\shops\other\iksan\마동\상큼테라피\index.html","신규"
"상큼테라피","익산","전북","익산","망성면","E:\mong-lounge-site\massage\other\iksan\익산-지역-출장마사지-영등-모현-익산역-생활권-방문-홈케어\index.html","E:\mong-lounge-site\shops\other\iksan\망성면\상큼테라피\index.html","신규"
"상큼테라피","익산","전북","익산","모현동","E:\mong-lounge-site\massage\other\iksan\익산-지역-출장마사지-영등-모현-익산역-생활권-방문-홈케어\index.html","E:\mong-lounge-site\shops\other\iksan\모현동\상큼테라피\index.html","신규"
"상큼테라피","익산","전북","익산","삼기면","E:\mong-lounge-site\massage\other\iksan\익산-지역-출장마사지-영등-모현-익산역-생활권-방문-홈케어\index.html","E:\mong-lounge-site\shops\other\iksan\삼기면\상큼테라피\index.html","신규"
"상큼테라피","익산","전북","익산","삼성동","E:\mong-lounge-site\massage\other\iksan\익산-지역-출장마사지-영등-모현-익산역-생활권-방문-홈케어\index.html","E:\mong-lounge-site\shops\other\iksan\삼성동\상큼테라피\index.html","신규"
"상큼테라피","익산","전북","익산","성당면","E:\mong-lounge-site\massage\other\iksan\익산-지역-출장마사지-영등-모현-익산역-생활권-방문-홈케어\index.html","E:\mong-lounge-site\shops\other\iksan\성당면\상큼테라피\index.html","신규"
"상큼테라피","익산","전북","익산","송학동","E:\mong-lounge-site\massage\other\iksan\익산-지역-출장마사지-영등-모현-익산역-생활권-방문-홈케어\index.html","E:\mong-lounge-site\shops\other\iksan\송학동\상큼테라피\index.html","신규"
"상큼테라피","익산","전북","익산","신동","E:\mong-lounge-site\massage\other\iksan\익산-지역-출장마사지-영등-모현-익산역-생활권-방문-홈케어\index.html","E:\mong-lounge-site\shops\other\iksan\신동\상큼테라피\index.html","신규"
"상큼테라피","익산","전북","익산","어양동","E:\mong-lounge-site\massage\other\iksan\익산-지역-출장마사지-영등-모현-익산역-생활권-방문-홈케어\index.html","E:\mong-lounge-site\shops\other\iksan\어양동\상큼테라피\index.html","신규"
"상큼테라피","익산","전북","익산","여산면","E:\mong-lounge-site\massage\other\iksan\익산-지역-출장마사지-영등-모현-익산역-생활권-방문-홈케어\index.html","E:\mong-lounge-site\shops\other\iksan\여산면\상큼테라피\index.html","신규"
"상큼테라피","익산","전북","익산","영등동","E:\mong-lounge-site\massage\other\iksan\익산-지역-출장마사지-영등-모현-익산역-생활권-방문-홈케어\index.html","E:\mong-lounge-site\shops\other\iksan\영등동\상큼테라피\index.html","신규"
"상큼테라피","익산","전북","익산","오산면","E:\mong-lounge-site\massage\other\iksan\익산-지역-출장마사지-영등-모현-익산역-생활권-방문-홈케어\index.html","E:\mong-lounge-site\shops\other\iksan\오산면\상큼테라피\index.html","신규"
"상큼테라피","익산","전북","익산","왕궁면","E:\mong-lounge-site\massage\other\iksan\익산-지역-출장마사지-영등-모현-익산역-생활권-방문-홈케어\index.html","E:\mong-lounge-site\shops\other\iksan\왕궁면\상큼테라피\index.html","신규"
"상큼테라피","익산","전북","익산","용동면","E:\mong-lounge-site\massage\other\iksan\익산-지역-출장마사지-영등-모현-익산역-생활권-방문-홈케어\index.html","E:\mong-lounge-site\shops\other\iksan\용동면\상큼테라피\index.html","신규"
"상큼테라피","익산","전북","익산","용안면","E:\mong-lounge-site\massage\other\iksan\익산-지역-출장마사지-영등-모현-익산역-생활권-방문-홈케어\index.html","E:\mong-lounge-site\shops\other\iksan\용안면\상큼테라피\index.html","신규"
"상큼테라피","익산","전북","익산","웅포면","E:\mong-lounge-site\massage\other\iksan\익산-지역-출장마사지-영등-모현-익산역-생활권-방문-홈케어\index.html","E:\mong-lounge-site\shops\other\iksan\웅포면\상큼테라피\index.html","신규"
"상큼테라피","익산","전북","익산","인화동","E:\mong-lounge-site\massage\other\iksan\익산-지역-출장마사지-영등-모현-익산역-생활권-방문-홈케어\index.html","E:\mong-lounge-site\shops\other\iksan\인화동\상큼테라피\index.html","신규"
"상큼테라피","익산","전북","익산","중앙동","E:\mong-lounge-site\massage\other\iksan\익산-지역-출장마사지-영등-모현-익산역-생활권-방문-홈케어\index.html","E:\mong-lounge-site\shops\other\iksan\중앙동\상큼테라피\index.html","신규"
"상큼테라피","익산","전북","익산","춘포면","E:\mong-lounge-site\massage\other\iksan\익산-지역-출장마사지-영등-모현-익산역-생활권-방문-홈케어\index.html","E:\mong-lounge-site\shops\other\iksan\춘포면\상큼테라피\index.html","신규"
"상큼테라피","익산","전북","익산","팔봉동","E:\mong-lounge-site\massage\other\iksan\익산-지역-출장마사지-영등-모현-익산역-생활권-방문-홈케어\index.html","E:\mong-lounge-site\shops\other\iksan\팔봉동\상큼테라피\index.html","신규"
"상큼테라피","익산","전북","익산","평화동","E:\mong-lounge-site\massage\other\iksan\익산-지역-출장마사지-영등-모현-익산역-생활권-방문-홈케어\index.html","E:\mong-lounge-site\shops\other\iksan\평화동\상큼테라피\index.html","신규"
"상큼테라피","익산","전북","익산","함라면","E:\mong-lounge-site\massage\other\iksan\익산-지역-출장마사지-영등-모현-익산역-생활권-방문-홈케어\index.html","E:\mong-lounge-site\shops\other\iksan\함라면\상큼테라피\index.html","신규"
"상큼테라피","익산","전북","익산","함열읍","E:\mong-lounge-site\massage\other\iksan\익산-지역-출장마사지-영등-모현-익산역-생활권-방문-홈케어\index.html","E:\mong-lounge-site\shops\other\iksan\함열읍\상큼테라피\index.html","신규"
"상큼테라피","익산","전북","익산","황등면","E:\mong-lounge-site\massage\other\iksan\익산-지역-출장마사지-영등-모현-익산역-생활권-방문-홈케어\index.html","E:\mong-lounge-site\shops\other\iksan\황등면\상큼테라피\index.html","신규"
"대구테라피","대구","대구","군위군","군위읍","E:\mong-lounge-site\massage\other\daegu\gunwi-gun\대구-군위군-출장마사지-읍면-생활권-지역안내\index.html","E:\mong-lounge-site\shops\other\daegu\gunwi-gun\군위읍\대구테라피\index.html","신규"
"대구테라피","대구","대구","군위군","부계면","E:\mong-lounge-site\massage\other\daegu\gunwi-gun\대구-군위군-출장마사지-읍면-생활권-지역안내\index.html","E:\mong-lounge-site\shops\other\daegu\gunwi-gun\부계면\대구테라피\index.html","신규"
"대구테라피","대구","대구","군위군","산성면","E:\mong-lounge-site\massage\other\daegu\gunwi-gun\대구-군위군-출장마사지-읍면-생활권-지역안내\index.html","E:\mong-lounge-site\shops\other\daegu\gunwi-gun\산성면\대구테라피\index.html","신규"
"대구테라피","대구","대구","군위군","삼국유사면","E:\mong-lounge-site\massage\other\daegu\gunwi-gun\대구-군위군-출장마사지-읍면-생활권-지역안내\index.html","E:\mong-lounge-site\shops\other\daegu\gunwi-gun\삼국유사면\대구테라피\index.html","신규"
"대구테라피","대구","대구","군위군","소보면","E:\mong-lounge-site\massage\other\daegu\gunwi-gun\대구-군위군-출장마사지-읍면-생활권-지역안내\index.html","E:\mong-lounge-site\shops\other\daegu\gunwi-gun\소보면\대구테라피\index.html","신규"
"대구테라피","대구","대구","군위군","우보면","E:\mong-lounge-site\massage\other\daegu\gunwi-gun\대구-군위군-출장마사지-읍면-생활권-지역안내\index.html","E:\mong-lounge-site\shops\other\daegu\gunwi-gun\우보면\대구테라피\index.html","신규"
"대구테라피","대구","대구","군위군","의흥면","E:\mong-lounge-site\massage\other\daegu\gunwi-gun\대구-군위군-출장마사지-읍면-생활권-지역안내\index.html","E:\mong-lounge-site\shops\other\daegu\gunwi-gun\의흥면\대구테라피\index.html","신규"
"대구테라피","대구","대구","군위군","효령면","E:\mong-lounge-site\massage\other\daegu\gunwi-gun\대구-군위군-출장마사지-읍면-생활권-지역안내\index.html","E:\mong-lounge-site\shops\other\daegu\gunwi-gun\효령면\대구테라피\index.html","신규"
"대구테라피","대구","대구","남구","대명동","E:\mong-lounge-site\massage\other\daegu\nam-gu\대구-남구-출장마사지-동별-생활권-지역안내\index.html","E:\mong-lounge-site\shops\other\daegu\nam-gu\대명동\대구테라피\index.html","신규"
"대구테라피","대구","대구","남구","봉덕동","E:\mong-lounge-site\massage\other\daegu\nam-gu\대구-남구-출장마사지-동별-생활권-지역안내\index.html","E:\mong-lounge-site\shops\other\daegu\nam-gu\봉덕동\대구테라피\index.html","신규"
"대구테라피","대구","대구","남구","이천동","E:\mong-lounge-site\massage\other\daegu\nam-gu\대구-남구-출장마사지-동별-생활권-지역안내\index.html","E:\mong-lounge-site\shops\other\daegu\nam-gu\이천동\대구테라피\index.html","신규"
"대구테라피","대구","대구","달서구","감삼동","E:\mong-lounge-site\massage\other\daegu\dalseo-gu\대구-달서구-출장마사지-동별-생활권-지역안내\index.html","E:\mong-lounge-site\shops\other\daegu\dalseo-gu\감삼동\대구테라피\index.html","신규"
"대구테라피","대구","대구","달서구","도원동","E:\mong-lounge-site\massage\other\daegu\dalseo-gu\대구-달서구-출장마사지-동별-생활권-지역안내\index.html","E:\mong-lounge-site\shops\other\daegu\dalseo-gu\도원동\대구테라피\index.html","신규"
"대구테라피","대구","대구","달서구","두류1.2동","E:\mong-lounge-site\massage\other\daegu\dalseo-gu\대구-달서구-출장마사지-동별-생활권-지역안내\index.html","E:\mong-lounge-site\shops\other\daegu\dalseo-gu\두류1.2동\대구테라피\index.html","신규"
"대구테라피","대구","대구","달서구","두류동","E:\mong-lounge-site\massage\other\daegu\dalseo-gu\대구-달서구-출장마사지-동별-생활권-지역안내\index.html","E:\mong-lounge-site\shops\other\daegu\dalseo-gu\두류동\대구테라피\index.html","신규"
"대구테라피","대구","대구","달서구","본동","E:\mong-lounge-site\massage\other\daegu\dalseo-gu\대구-달서구-출장마사지-동별-생활권-지역안내\index.html","E:\mong-lounge-site\shops\other\daegu\dalseo-gu\본동\대구테라피\index.html","신규"
"대구테라피","대구","대구","달서구","본리동","E:\mong-lounge-site\massage\other\daegu\dalseo-gu\대구-달서구-출장마사지-동별-생활권-지역안내\index.html","E:\mong-lounge-site\shops\other\daegu\dalseo-gu\본리동\대구테라피\index.html","신규"
"대구테라피","대구","대구","달서구","상인동","E:\mong-lounge-site\massage\other\daegu\dalseo-gu\대구-달서구-출장마사지-동별-생활권-지역안내\index.html","E:\mong-lounge-site\shops\other\daegu\dalseo-gu\상인동\대구테라피\index.html","신규"
"대구테라피","대구","대구","달서구","성당동","E:\mong-lounge-site\massage\other\daegu\dalseo-gu\대구-달서구-출장마사지-동별-생활권-지역안내\index.html","E:\mong-lounge-site\shops\other\daegu\dalseo-gu\성당동\대구테라피\index.html","신규"
"대구테라피","대구","대구","달서구","송현동","E:\mong-lounge-site\massage\other\daegu\dalseo-gu\대구-달서구-출장마사지-동별-생활권-지역안내\index.html","E:\mong-lounge-site\shops\other\daegu\dalseo-gu\송현동\대구테라피\index.html","신규"
"대구테라피","대구","대구","달서구","신당동","E:\mong-lounge-site\massage\other\daegu\dalseo-gu\대구-달서구-출장마사지-동별-생활권-지역안내\index.html","E:\mong-lounge-site\shops\other\daegu\dalseo-gu\신당동\대구테라피\index.html","신규"
"대구테라피","대구","대구","달서구","용산동","E:\mong-lounge-site\massage\other\daegu\dalseo-gu\대구-달서구-출장마사지-동별-생활권-지역안내\index.html","E:\mong-lounge-site\shops\other\daegu\dalseo-gu\용산동\대구테라피\index.html","신규"
"대구테라피","대구","대구","달서구","월성동","E:\mong-lounge-site\massage\other\daegu\dalseo-gu\대구-달서구-출장마사지-동별-생활권-지역안내\index.html","E:\mong-lounge-site\shops\other\daegu\dalseo-gu\월성동\대구테라피\index.html","신규"
"대구테라피","대구","대구","달서구","유천동","E:\mong-lounge-site\massage\other\daegu\dalseo-gu\대구-달서구-출장마사지-동별-생활권-지역안내\index.html","E:\mong-lounge-site\shops\other\daegu\dalseo-gu\유천동\대구테라피\index.html","신규"
"대구테라피","대구","대구","달서구","이곡동","E:\mong-lounge-site\massage\other\daegu\dalseo-gu\대구-달서구-출장마사지-동별-생활권-지역안내\index.html","E:\mong-lounge-site\shops\other\daegu\dalseo-gu\이곡동\대구테라피\index.html","신규"
"대구테라피","대구","대구","달서구","장기동","E:\mong-lounge-site\massage\other\daegu\dalseo-gu\대구-달서구-출장마사지-동별-생활권-지역안내\index.html","E:\mong-lounge-site\shops\other\daegu\dalseo-gu\장기동\대구테라피\index.html","신규"
"대구테라피","대구","대구","달서구","죽전동","E:\mong-lounge-site\massage\other\daegu\dalseo-gu\대구-달서구-출장마사지-동별-생활권-지역안내\index.html","E:\mong-lounge-site\shops\other\daegu\dalseo-gu\죽전동\대구테라피\index.html","신규"
"대구테라피","대구","대구","달서구","진천동","E:\mong-lounge-site\massage\other\daegu\dalseo-gu\대구-달서구-출장마사지-동별-생활권-지역안내\index.html","E:\mong-lounge-site\shops\other\daegu\dalseo-gu\진천동\대구테라피\index.html","신규"
"대구테라피","대구","대구","달성군","가창면","E:\mong-lounge-site\massage\other\daegu\dalseong-gun\대구-달성군-출장마사지-읍면-생활권-지역안내\index.html","E:\mong-lounge-site\shops\other\daegu\dalseong-gun\가창면\대구테라피\index.html","신규"
"대구테라피","대구","대구","달성군","구지면","E:\mong-lounge-site\massage\other\daegu\dalseong-gun\대구-달성군-출장마사지-읍면-생활권-지역안내\index.html","E:\mong-lounge-site\shops\other\daegu\dalseong-gun\구지면\대구테라피\index.html","신규"
"대구테라피","대구","대구","달성군","논공읍","E:\mong-lounge-site\massage\other\daegu\dalseong-gun\대구-달성군-출장마사지-읍면-생활권-지역안내\index.html","E:\mong-lounge-site\shops\other\daegu\dalseong-gun\논공읍\대구테라피\index.html","신규"
"대구테라피","대구","대구","달성군","다사읍","E:\mong-lounge-site\massage\other\daegu\dalseong-gun\대구-달성군-출장마사지-읍면-생활권-지역안내\index.html","E:\mong-lounge-site\shops\other\daegu\dalseong-gun\다사읍\대구테라피\index.html","신규"
"대구테라피","대구","대구","달성군","옥포읍","E:\mong-lounge-site\massage\other\daegu\dalseong-gun\대구-달성군-출장마사지-읍면-생활권-지역안내\index.html","E:\mong-lounge-site\shops\other\daegu\dalseong-gun\옥포읍\대구테라피\index.html","신규"
"대구테라피","대구","대구","달성군","유가읍","E:\mong-lounge-site\massage\other\daegu\dalseong-gun\대구-달성군-출장마사지-읍면-생활권-지역안내\index.html","E:\mong-lounge-site\shops\other\daegu\dalseong-gun\유가읍\대구테라피\index.html","신규"
"대구테라피","대구","대구","달성군","하빈면","E:\mong-lounge-site\massage\other\daegu\dalseong-gun\대구-달성군-출장마사지-읍면-생활권-지역안내\index.html","E:\mong-lounge-site\shops\other\daegu\dalseong-gun\하빈면\대구테라피\index.html","신규"
"대구테라피","대구","대구","달성군","현풍읍","E:\mong-lounge-site\massage\other\daegu\dalseong-gun\대구-달성군-출장마사지-읍면-생활권-지역안내\index.html","E:\mong-lounge-site\shops\other\daegu\dalseong-gun\현풍읍\대구테라피\index.html","신규"
"대구테라피","대구","대구","달성군","화원읍","E:\mong-lounge-site\massage\other\daegu\dalseong-gun\대구-달성군-출장마사지-읍면-생활권-지역안내\index.html","E:\mong-lounge-site\shops\other\daegu\dalseong-gun\화원읍\대구테라피\index.html","신규"
"대구테라피","대구","대구","동구","공산동","E:\mong-lounge-site\massage\other\daegu\dong-gu\대구-동구-출장마사지-동별-생활권-지역안내\index.html","E:\mong-lounge-site\shops\other\daegu\dong-gu\공산동\대구테라피\index.html","신규"
"대구테라피","대구","대구","동구","도평동","E:\mong-lounge-site\massage\other\daegu\dong-gu\대구-동구-출장마사지-동별-생활권-지역안내\index.html","E:\mong-lounge-site\shops\other\daegu\dong-gu\도평동\대구테라피\index.html","신규"
"대구테라피","대구","대구","동구","동촌동","E:\mong-lounge-site\massage\other\daegu\dong-gu\대구-동구-출장마사지-동별-생활권-지역안내\index.html","E:\mong-lounge-site\shops\other\daegu\dong-gu\동촌동\대구테라피\index.html","신규"
"대구테라피","대구","대구","동구","방촌동","E:\mong-lounge-site\massage\other\daegu\dong-gu\대구-동구-출장마사지-동별-생활권-지역안내\index.html","E:\mong-lounge-site\shops\other\daegu\dong-gu\방촌동\대구테라피\index.html","신규"
"대구테라피","대구","대구","동구","불로.봉무동","E:\mong-lounge-site\massage\other\daegu\dong-gu\대구-동구-출장마사지-동별-생활권-지역안내\index.html","E:\mong-lounge-site\shops\other\daegu\dong-gu\불로.봉무동\대구테라피\index.html","신규"
"대구테라피","대구","대구","동구","신암동","E:\mong-lounge-site\massage\other\daegu\dong-gu\대구-동구-출장마사지-동별-생활권-지역안내\index.html","E:\mong-lounge-site\shops\other\daegu\dong-gu\신암동\대구테라피\index.html","신규"
"대구테라피","대구","대구","동구","신천1.2동","E:\mong-lounge-site\massage\other\daegu\dong-gu\대구-동구-출장마사지-동별-생활권-지역안내\index.html","E:\mong-lounge-site\shops\other\daegu\dong-gu\신천1.2동\대구테라피\index.html","신규"
"대구테라피","대구","대구","동구","신천동","E:\mong-lounge-site\massage\other\daegu\dong-gu\대구-동구-출장마사지-동별-생활권-지역안내\index.html","E:\mong-lounge-site\shops\other\daegu\dong-gu\신천동\대구테라피\index.html","신규"
"대구테라피","대구","대구","동구","안심동","E:\mong-lounge-site\massage\other\daegu\dong-gu\대구-동구-출장마사지-동별-생활권-지역안내\index.html","E:\mong-lounge-site\shops\other\daegu\dong-gu\안심동\대구테라피\index.html","신규"
"대구테라피","대구","대구","동구","지저동","E:\mong-lounge-site\massage\other\daegu\dong-gu\대구-동구-출장마사지-동별-생활권-지역안내\index.html","E:\mong-lounge-site\shops\other\daegu\dong-gu\지저동\대구테라피\index.html","신규"
"대구테라피","대구","대구","동구","해안동","E:\mong-lounge-site\massage\other\daegu\dong-gu\대구-동구-출장마사지-동별-생활권-지역안내\index.html","E:\mong-lounge-site\shops\other\daegu\dong-gu\해안동\대구테라피\index.html","신규"
"대구테라피","대구","대구","동구","혁신동","E:\mong-lounge-site\massage\other\daegu\dong-gu\대구-동구-출장마사지-동별-생활권-지역안내\index.html","E:\mong-lounge-site\shops\other\daegu\dong-gu\혁신동\대구테라피\index.html","신규"
"대구테라피","대구","대구","동구","효목동","E:\mong-lounge-site\massage\other\daegu\dong-gu\대구-동구-출장마사지-동별-생활권-지역안내\index.html","E:\mong-lounge-site\shops\other\daegu\dong-gu\효목동\대구테라피\index.html","신규"
"대구테라피","대구","대구","북구","검단동","E:\mong-lounge-site\massage\other\daegu\buk-gu\대구-북구-출장마사지-동별-생활권-지역안내\index.html","E:\mong-lounge-site\shops\other\daegu\buk-gu\검단동\대구테라피\index.html","신규"
"대구테라피","대구","대구","북구","고성동","E:\mong-lounge-site\massage\other\daegu\buk-gu\대구-북구-출장마사지-동별-생활권-지역안내\index.html","E:\mong-lounge-site\shops\other\daegu\buk-gu\고성동\대구테라피\index.html","신규"
"대구테라피","대구","대구","북구","관문동","E:\mong-lounge-site\massage\other\daegu\buk-gu\대구-북구-출장마사지-동별-생활권-지역안내\index.html","E:\mong-lounge-site\shops\other\daegu\buk-gu\관문동\대구테라피\index.html","신규"
"대구테라피","대구","대구","북구","관음동","E:\mong-lounge-site\massage\other\daegu\buk-gu\대구-북구-출장마사지-동별-생활권-지역안내\index.html","E:\mong-lounge-site\shops\other\daegu\buk-gu\관음동\대구테라피\index.html","신규"
"대구테라피","대구","대구","북구","구암동","E:\mong-lounge-site\massage\other\daegu\buk-gu\대구-북구-출장마사지-동별-생활권-지역안내\index.html","E:\mong-lounge-site\shops\other\daegu\buk-gu\구암동\대구테라피\index.html","신규"
"대구테라피","대구","대구","북구","국우동","E:\mong-lounge-site\massage\other\daegu\buk-gu\대구-북구-출장마사지-동별-생활권-지역안내\index.html","E:\mong-lounge-site\shops\other\daegu\buk-gu\국우동\대구테라피\index.html","신규"
"대구테라피","대구","대구","북구","노원동","E:\mong-lounge-site\massage\other\daegu\buk-gu\대구-북구-출장마사지-동별-생활권-지역안내\index.html","E:\mong-lounge-site\shops\other\daegu\buk-gu\노원동\대구테라피\index.html","신규"
"대구테라피","대구","대구","북구","대현동","E:\mong-lounge-site\massage\other\daegu\buk-gu\대구-북구-출장마사지-동별-생활권-지역안내\index.html","E:\mong-lounge-site\shops\other\daegu\buk-gu\대현동\대구테라피\index.html","신규"
"대구테라피","대구","대구","북구","동천동","E:\mong-lounge-site\massage\other\daegu\buk-gu\대구-북구-출장마사지-동별-생활권-지역안내\index.html","E:\mong-lounge-site\shops\other\daegu\buk-gu\동천동\대구테라피\index.html","신규"
"대구테라피","대구","대구","북구","무태조야동","E:\mong-lounge-site\massage\other\daegu\buk-gu\대구-북구-출장마사지-동별-생활권-지역안내\index.html","E:\mong-lounge-site\shops\other\daegu\buk-gu\무태조야동\대구테라피\index.html","신규"
"대구테라피","대구","대구","북구","복현동","E:\mong-lounge-site\massage\other\daegu\buk-gu\대구-북구-출장마사지-동별-생활권-지역안내\index.html","E:\mong-lounge-site\shops\other\daegu\buk-gu\복현동\대구테라피\index.html","신규"
"대구테라피","대구","대구","북구","산격동","E:\mong-lounge-site\massage\other\daegu\buk-gu\대구-북구-출장마사지-동별-생활권-지역안내\index.html","E:\mong-lounge-site\shops\other\daegu\buk-gu\산격동\대구테라피\index.html","신규"
"대구테라피","대구","대구","북구","읍내동","E:\mong-lounge-site\massage\other\daegu\buk-gu\대구-북구-출장마사지-동별-생활권-지역안내\index.html","E:\mong-lounge-site\shops\other\daegu\buk-gu\읍내동\대구테라피\index.html","신규"
"대구테라피","대구","대구","북구","칠성동","E:\mong-lounge-site\massage\other\daegu\buk-gu\대구-북구-출장마사지-동별-생활권-지역안내\index.html","E:\mong-lounge-site\shops\other\daegu\buk-gu\칠성동\대구테라피\index.html","신규"
"대구테라피","대구","대구","북구","침산동","E:\mong-lounge-site\massage\other\daegu\buk-gu\대구-북구-출장마사지-동별-생활권-지역안내\index.html","E:\mong-lounge-site\shops\other\daegu\buk-gu\침산동\대구테라피\index.html","신규"
"대구테라피","대구","대구","북구","태전동","E:\mong-lounge-site\massage\other\daegu\buk-gu\대구-북구-출장마사지-동별-생활권-지역안내\index.html","E:\mong-lounge-site\shops\other\daegu\buk-gu\태전동\대구테라피\index.html","신규"
"대구테라피","대구","대구","서구","내당2.3동","E:\mong-lounge-site\massage\other\daegu\seo-gu\대구-서구-출장마사지-동별-생활권-지역안내\index.html","E:\mong-lounge-site\shops\other\daegu\seo-gu\내당2.3동\대구테라피\index.html","신규"
"대구테라피","대구","대구","서구","내당동","E:\mong-lounge-site\massage\other\daegu\seo-gu\대구-서구-출장마사지-동별-생활권-지역안내\index.html","E:\mong-lounge-site\shops\other\daegu\seo-gu\내당동\대구테라피\index.html","신규"
"대구테라피","대구","대구","서구","비산2.3동","E:\mong-lounge-site\massage\other\daegu\seo-gu\대구-서구-출장마사지-동별-생활권-지역안내\index.html","E:\mong-lounge-site\shops\other\daegu\seo-gu\비산2.3동\대구테라피\index.html","신규"
"대구테라피","대구","대구","서구","비산동","E:\mong-lounge-site\massage\other\daegu\seo-gu\대구-서구-출장마사지-동별-생활권-지역안내\index.html","E:\mong-lounge-site\shops\other\daegu\seo-gu\비산동\대구테라피\index.html","신규"
"대구테라피","대구","대구","서구","상중이동","E:\mong-lounge-site\massage\other\daegu\seo-gu\대구-서구-출장마사지-동별-생활권-지역안내\index.html","E:\mong-lounge-site\shops\other\daegu\seo-gu\상중이동\대구테라피\index.html","신규"
"대구테라피","대구","대구","서구","원대동","E:\mong-lounge-site\massage\other\daegu\seo-gu\대구-서구-출장마사지-동별-생활권-지역안내\index.html","E:\mong-lounge-site\shops\other\daegu\seo-gu\원대동\대구테라피\index.html","신규"
"대구테라피","대구","대구","서구","평리동","E:\mong-lounge-site\massage\other\daegu\seo-gu\대구-서구-출장마사지-동별-생활권-지역안내\index.html","E:\mong-lounge-site\shops\other\daegu\seo-gu\평리동\대구테라피\index.html","신규"
"대구테라피","대구","대구","수성구","고산동","E:\mong-lounge-site\massage\other\daegu\suseong-gu\대구-수성구-출장마사지-동별-생활권-지역안내\index.html","E:\mong-lounge-site\shops\other\daegu\suseong-gu\고산동\대구테라피\index.html","신규"
"대구테라피","대구","대구","수성구","두산동","E:\mong-lounge-site\massage\other\daegu\suseong-gu\대구-수성구-출장마사지-동별-생활권-지역안내\index.html","E:\mong-lounge-site\shops\other\daegu\suseong-gu\두산동\대구테라피\index.html","신규"
"대구테라피","대구","대구","수성구","만촌동","E:\mong-lounge-site\massage\other\daegu\suseong-gu\대구-수성구-출장마사지-동별-생활권-지역안내\index.html","E:\mong-lounge-site\shops\other\daegu\suseong-gu\만촌동\대구테라피\index.html","신규"
"대구테라피","대구","대구","수성구","범물동","E:\mong-lounge-site\massage\other\daegu\suseong-gu\대구-수성구-출장마사지-동별-생활권-지역안내\index.html","E:\mong-lounge-site\shops\other\daegu\suseong-gu\범물동\대구테라피\index.html","신규"
"대구테라피","대구","대구","수성구","범어동","E:\mong-lounge-site\massage\other\daegu\suseong-gu\대구-수성구-출장마사지-동별-생활권-지역안내\index.html","E:\mong-lounge-site\shops\other\daegu\suseong-gu\범어동\대구테라피\index.html","신규"
"대구테라피","대구","대구","수성구","상동","E:\mong-lounge-site\massage\other\daegu\suseong-gu\대구-수성구-출장마사지-동별-생활권-지역안내\index.html","E:\mong-lounge-site\shops\other\daegu\suseong-gu\상동\대구테라피\index.html","신규"
"대구테라피","대구","대구","수성구","수성1가동","E:\mong-lounge-site\massage\other\daegu\suseong-gu\대구-수성구-출장마사지-동별-생활권-지역안내\index.html","E:\mong-lounge-site\shops\other\daegu\suseong-gu\수성1가동\대구테라피\index.html","신규"
"대구테라피","대구","대구","수성구","수성2.3가동","E:\mong-lounge-site\massage\other\daegu\suseong-gu\대구-수성구-출장마사지-동별-생활권-지역안내\index.html","E:\mong-lounge-site\shops\other\daegu\suseong-gu\수성2.3가동\대구테라피\index.html","신규"
"대구테라피","대구","대구","수성구","수성4가동","E:\mong-lounge-site\massage\other\daegu\suseong-gu\대구-수성구-출장마사지-동별-생활권-지역안내\index.html","E:\mong-lounge-site\shops\other\daegu\suseong-gu\수성4가동\대구테라피\index.html","신규"
"대구테라피","대구","대구","수성구","중동","E:\mong-lounge-site\massage\other\daegu\suseong-gu\대구-수성구-출장마사지-동별-생활권-지역안내\index.html","E:\mong-lounge-site\shops\other\daegu\suseong-gu\중동\대구테라피\index.html","신규"
"대구테라피","대구","대구","수성구","지산동","E:\mong-lounge-site\massage\other\daegu\suseong-gu\대구-수성구-출장마사지-동별-생활권-지역안내\index.html","E:\mong-lounge-site\shops\other\daegu\suseong-gu\지산동\대구테라피\index.html","신규"
"대구테라피","대구","대구","수성구","파동","E:\mong-lounge-site\massage\other\daegu\suseong-gu\대구-수성구-출장마사지-동별-생활권-지역안내\index.html","E:\mong-lounge-site\shops\other\daegu\suseong-gu\파동\대구테라피\index.html","신규"
"대구테라피","대구","대구","수성구","황금동","E:\mong-lounge-site\massage\other\daegu\suseong-gu\대구-수성구-출장마사지-동별-생활권-지역안내\index.html","E:\mong-lounge-site\shops\other\daegu\suseong-gu\황금동\대구테라피\index.html","신규"
"대구테라피","대구","대구","중구","남산동","E:\mong-lounge-site\massage\other\daegu\jung-gu\대구-중구-출장마사지-동별-생활권-지역안내\index.html","E:\mong-lounge-site\shops\other\daegu\jung-gu\남산동\대구테라피\index.html","신규"
"대구테라피","대구","대구","중구","대봉동","E:\mong-lounge-site\massage\other\daegu\jung-gu\대구-중구-출장마사지-동별-생활권-지역안내\index.html","E:\mong-lounge-site\shops\other\daegu\jung-gu\대봉동\대구테라피\index.html","신규"
"대구테라피","대구","대구","중구","대신동","E:\mong-lounge-site\massage\other\daegu\jung-gu\대구-중구-출장마사지-동별-생활권-지역안내\index.html","E:\mong-lounge-site\shops\other\daegu\jung-gu\대신동\대구테라피\index.html","신규"
"대구테라피","대구","대구","중구","동인동","E:\mong-lounge-site\massage\other\daegu\jung-gu\대구-중구-출장마사지-동별-생활권-지역안내\index.html","E:\mong-lounge-site\shops\other\daegu\jung-gu\동인동\대구테라피\index.html","신규"
"대구테라피","대구","대구","중구","삼덕동","E:\mong-lounge-site\massage\other\daegu\jung-gu\대구-중구-출장마사지-동별-생활권-지역안내\index.html","E:\mong-lounge-site\shops\other\daegu\jung-gu\삼덕동\대구테라피\index.html","신규"
"대구테라피","대구","대구","중구","성내동","E:\mong-lounge-site\massage\other\daegu\jung-gu\대구-중구-출장마사지-동별-생활권-지역안내\index.html","E:\mong-lounge-site\shops\other\daegu\jung-gu\성내동\대구테라피\index.html","신규"
"경남테라피","김해","경남","김해","내외동","E:\mong-lounge-site\massage\other\gimhae\김해-지역-출장마사지-내외-장유-봉황-생활권-방문-홈케어\index.html","E:\mong-lounge-site\shops\other\gimhae\내외동\경남테라피\index.html","신규"
"경남테라피","김해","경남","김해","대동면","E:\mong-lounge-site\massage\other\gimhae\김해-지역-출장마사지-내외-장유-봉황-생활권-방문-홈케어\index.html","E:\mong-lounge-site\shops\other\gimhae\대동면\경남테라피\index.html","신규"
"경남테라피","김해","경남","김해","동상동","E:\mong-lounge-site\massage\other\gimhae\김해-지역-출장마사지-내외-장유-봉황-생활권-방문-홈케어\index.html","E:\mong-lounge-site\shops\other\gimhae\동상동\경남테라피\index.html","신규"
"경남테라피","김해","경남","김해","부원동","E:\mong-lounge-site\massage\other\gimhae\김해-지역-출장마사지-내외-장유-봉황-생활권-방문-홈케어\index.html","E:\mong-lounge-site\shops\other\gimhae\부원동\경남테라피\index.html","신규"
"경남테라피","김해","경남","김해","북부동","E:\mong-lounge-site\massage\other\gimhae\김해-지역-출장마사지-내외-장유-봉황-생활권-방문-홈케어\index.html","E:\mong-lounge-site\shops\other\gimhae\북부동\경남테라피\index.html","신규"
"경남테라피","김해","경남","김해","불암동","E:\mong-lounge-site\massage\other\gimhae\김해-지역-출장마사지-내외-장유-봉황-생활권-방문-홈케어\index.html","E:\mong-lounge-site\shops\other\gimhae\불암동\경남테라피\index.html","신규"
"경남테라피","김해","경남","김해","삼안동","E:\mong-lounge-site\massage\other\gimhae\김해-지역-출장마사지-내외-장유-봉황-생활권-방문-홈케어\index.html","E:\mong-lounge-site\shops\other\gimhae\삼안동\경남테라피\index.html","신규"
"경남테라피","김해","경남","김해","상동면","E:\mong-lounge-site\massage\other\gimhae\김해-지역-출장마사지-내외-장유-봉황-생활권-방문-홈케어\index.html","E:\mong-lounge-site\shops\other\gimhae\상동면\경남테라피\index.html","신규"
"경남테라피","김해","경남","김해","생림면","E:\mong-lounge-site\massage\other\gimhae\김해-지역-출장마사지-내외-장유-봉황-생활권-방문-홈케어\index.html","E:\mong-lounge-site\shops\other\gimhae\생림면\경남테라피\index.html","신규"
"경남테라피","김해","경남","김해","장유동","E:\mong-lounge-site\massage\other\gimhae\김해-지역-출장마사지-내외-장유-봉황-생활권-방문-홈케어\index.html","E:\mong-lounge-site\shops\other\gimhae\장유동\경남테라피\index.html","신규"
"경남테라피","김해","경남","김해","주촌면","E:\mong-lounge-site\massage\other\gimhae\김해-지역-출장마사지-내외-장유-봉황-생활권-방문-홈케어\index.html","E:\mong-lounge-site\shops\other\gimhae\주촌면\경남테라피\index.html","신규"
"경남테라피","김해","경남","김해","진례면","E:\mong-lounge-site\massage\other\gimhae\김해-지역-출장마사지-내외-장유-봉황-생활권-방문-홈케어\index.html","E:\mong-lounge-site\shops\other\gimhae\진례면\경남테라피\index.html","신규"
"경남테라피","김해","경남","김해","진영읍","E:\mong-lounge-site\massage\other\gimhae\김해-지역-출장마사지-내외-장유-봉황-생활권-방문-홈케어\index.html","E:\mong-lounge-site\shops\other\gimhae\진영읍\경남테라피\index.html","신규"
"경남테라피","김해","경남","김해","칠산서부동","E:\mong-lounge-site\massage\other\gimhae\김해-지역-출장마사지-내외-장유-봉황-생활권-방문-홈케어\index.html","E:\mong-lounge-site\shops\other\gimhae\칠산서부동\경남테라피\index.html","신규"
"경남테라피","김해","경남","김해","한림면","E:\mong-lounge-site\massage\other\gimhae\김해-지역-출장마사지-내외-장유-봉황-생활권-방문-홈케어\index.html","E:\mong-lounge-site\shops\other\gimhae\한림면\경남테라피\index.html","신규"
"경남테라피","김해","경남","김해","활천동","E:\mong-lounge-site\massage\other\gimhae\김해-지역-출장마사지-내외-장유-봉황-생활권-방문-홈케어\index.html","E:\mong-lounge-site\shops\other\gimhae\활천동\경남테라피\index.html","신규"
"경남테라피","김해","경남","김해","회현동","E:\mong-lounge-site\massage\other\gimhae\김해-지역-출장마사지-내외-장유-봉황-생활권-방문-홈케어\index.html","E:\mong-lounge-site\shops\other\gimhae\회현동\경남테라피\index.html","신규"
"경남테라피","창원","경남","마산합포구","가포동","E:\mong-lounge-site\massage\other\changwon\masanhappo-gu\창원-마산합포구-출장마사지-동별-생활권-지역안내\index.html","E:\mong-lounge-site\shops\other\changwon\masanhappo-gu\가포동\경남테라피\index.html","신규"
"경남테라피","창원","경남","마산합포구","교방동","E:\mong-lounge-site\massage\other\changwon\masanhappo-gu\창원-마산합포구-출장마사지-동별-생활권-지역안내\index.html","E:\mong-lounge-site\shops\other\changwon\masanhappo-gu\교방동\경남테라피\index.html","신규"
"경남테라피","창원","경남","마산합포구","구산면","E:\mong-lounge-site\massage\other\changwon\masanhappo-gu\창원-마산합포구-출장마사지-동별-생활권-지역안내\index.html","E:\mong-lounge-site\shops\other\changwon\masanhappo-gu\구산면\경남테라피\index.html","신규"
"경남테라피","창원","경남","마산합포구","문화동","E:\mong-lounge-site\massage\other\changwon\masanhappo-gu\창원-마산합포구-출장마사지-동별-생활권-지역안내\index.html","E:\mong-lounge-site\shops\other\changwon\masanhappo-gu\문화동\경남테라피\index.html","신규"
"경남테라피","창원","경남","마산합포구","반월중앙동","E:\mong-lounge-site\massage\other\changwon\masanhappo-gu\창원-마산합포구-출장마사지-동별-생활권-지역안내\index.html","E:\mong-lounge-site\shops\other\changwon\masanhappo-gu\반월중앙동\경남테라피\index.html","신규"
"경남테라피","창원","경남","마산합포구","산호동","E:\mong-lounge-site\massage\other\changwon\masanhappo-gu\창원-마산합포구-출장마사지-동별-생활권-지역안내\index.html","E:\mong-lounge-site\shops\other\changwon\masanhappo-gu\산호동\경남테라피\index.html","신규"
"경남테라피","창원","경남","마산합포구","오동동","E:\mong-lounge-site\massage\other\changwon\masanhappo-gu\창원-마산합포구-출장마사지-동별-생활권-지역안내\index.html","E:\mong-lounge-site\shops\other\changwon\masanhappo-gu\오동동\경남테라피\index.html","신규"
"경남테라피","창원","경남","마산합포구","완월동","E:\mong-lounge-site\massage\other\changwon\masanhappo-gu\창원-마산합포구-출장마사지-동별-생활권-지역안내\index.html","E:\mong-lounge-site\shops\other\changwon\masanhappo-gu\완월동\경남테라피\index.html","신규"
"경남테라피","창원","경남","마산합포구","월영동","E:\mong-lounge-site\massage\other\changwon\masanhappo-gu\창원-마산합포구-출장마사지-동별-생활권-지역안내\index.html","E:\mong-lounge-site\shops\other\changwon\masanhappo-gu\월영동\경남테라피\index.html","신규"
"경남테라피","창원","경남","마산합포구","자산동","E:\mong-lounge-site\massage\other\changwon\masanhappo-gu\창원-마산합포구-출장마사지-동별-생활권-지역안내\index.html","E:\mong-lounge-site\shops\other\changwon\masanhappo-gu\자산동\경남테라피\index.html","신규"
"경남테라피","창원","경남","마산합포구","진동면","E:\mong-lounge-site\massage\other\changwon\masanhappo-gu\창원-마산합포구-출장마사지-동별-생활권-지역안내\index.html","E:\mong-lounge-site\shops\other\changwon\masanhappo-gu\진동면\경남테라피\index.html","신규"
"경남테라피","창원","경남","마산합포구","진북면","E:\mong-lounge-site\massage\other\changwon\masanhappo-gu\창원-마산합포구-출장마사지-동별-생활권-지역안내\index.html","E:\mong-lounge-site\shops\other\changwon\masanhappo-gu\진북면\경남테라피\index.html","신규"
"경남테라피","창원","경남","마산합포구","진전면","E:\mong-lounge-site\massage\other\changwon\masanhappo-gu\창원-마산합포구-출장마사지-동별-생활권-지역안내\index.html","E:\mong-lounge-site\shops\other\changwon\masanhappo-gu\진전면\경남테라피\index.html","신규"
"경남테라피","창원","경남","마산합포구","합포동","E:\mong-lounge-site\massage\other\changwon\masanhappo-gu\창원-마산합포구-출장마사지-동별-생활권-지역안내\index.html","E:\mong-lounge-site\shops\other\changwon\masanhappo-gu\합포동\경남테라피\index.html","신규"
"경남테라피","창원","경남","마산합포구","현동","E:\mong-lounge-site\massage\other\changwon\masanhappo-gu\창원-마산합포구-출장마사지-동별-생활권-지역안내\index.html","E:\mong-lounge-site\shops\other\changwon\masanhappo-gu\현동\경남테라피\index.html","신규"
"경남테라피","창원","경남","마산회원구","구암동","E:\mong-lounge-site\massage\other\changwon\masanhoewon-gu\창원-마산회원구-출장마사지-동별-생활권-지역안내\index.html","E:\mong-lounge-site\shops\other\changwon\masanhoewon-gu\구암동\경남테라피\index.html","신규"
"경남테라피","창원","경남","마산회원구","내서읍","E:\mong-lounge-site\massage\other\changwon\masanhoewon-gu\창원-마산회원구-출장마사지-동별-생활권-지역안내\index.html","E:\mong-lounge-site\shops\other\changwon\masanhoewon-gu\내서읍\경남테라피\index.html","신규"
"경남테라피","창원","경남","마산회원구","봉암동","E:\mong-lounge-site\massage\other\changwon\masanhoewon-gu\창원-마산회원구-출장마사지-동별-생활권-지역안내\index.html","E:\mong-lounge-site\shops\other\changwon\masanhoewon-gu\봉암동\경남테라피\index.html","신규"
"경남테라피","창원","경남","마산회원구","석전동","E:\mong-lounge-site\massage\other\changwon\masanhoewon-gu\창원-마산회원구-출장마사지-동별-생활권-지역안내\index.html","E:\mong-lounge-site\shops\other\changwon\masanhoewon-gu\석전동\경남테라피\index.html","신규"
"경남테라피","창원","경남","마산회원구","양덕동","E:\mong-lounge-site\massage\other\changwon\masanhoewon-gu\창원-마산회원구-출장마사지-동별-생활권-지역안내\index.html","E:\mong-lounge-site\shops\other\changwon\masanhoewon-gu\양덕동\경남테라피\index.html","신규"
"경남테라피","창원","경남","마산회원구","합성동","E:\mong-lounge-site\massage\other\changwon\masanhoewon-gu\창원-마산회원구-출장마사지-동별-생활권-지역안내\index.html","E:\mong-lounge-site\shops\other\changwon\masanhoewon-gu\합성동\경남테라피\index.html","신규"
"경남테라피","창원","경남","마산회원구","회성동","E:\mong-lounge-site\massage\other\changwon\masanhoewon-gu\창원-마산회원구-출장마사지-동별-생활권-지역안내\index.html","E:\mong-lounge-site\shops\other\changwon\masanhoewon-gu\회성동\경남테라피\index.html","신규"
"경남테라피","창원","경남","마산회원구","회원동","E:\mong-lounge-site\massage\other\changwon\masanhoewon-gu\창원-마산회원구-출장마사지-동별-생활권-지역안내\index.html","E:\mong-lounge-site\shops\other\changwon\masanhoewon-gu\회원동\경남테라피\index.html","신규"
"경남테라피","창원","경남","성산구","가음정동","E:\mong-lounge-site\massage\other\changwon\seongsan-gu\창원-성산구-출장마사지-동별-생활권-지역안내\index.html","E:\mong-lounge-site\shops\other\changwon\seongsan-gu\가음정동\경남테라피\index.html","신규"
"경남테라피","창원","경남","성산구","반송동","E:\mong-lounge-site\massage\other\changwon\seongsan-gu\창원-성산구-출장마사지-동별-생활권-지역안내\index.html","E:\mong-lounge-site\shops\other\changwon\seongsan-gu\반송동\경남테라피\index.html","신규"
"경남테라피","창원","경남","성산구","사파동","E:\mong-lounge-site\massage\other\changwon\seongsan-gu\창원-성산구-출장마사지-동별-생활권-지역안내\index.html","E:\mong-lounge-site\shops\other\changwon\seongsan-gu\사파동\경남테라피\index.html","신규"
"경남테라피","창원","경남","성산구","상남동","E:\mong-lounge-site\massage\other\changwon\seongsan-gu\창원-성산구-출장마사지-동별-생활권-지역안내\index.html","E:\mong-lounge-site\shops\other\changwon\seongsan-gu\상남동\경남테라피\index.html","신규"
"경남테라피","창원","경남","성산구","성주동","E:\mong-lounge-site\massage\other\changwon\seongsan-gu\창원-성산구-출장마사지-동별-생활권-지역안내\index.html","E:\mong-lounge-site\shops\other\changwon\seongsan-gu\성주동\경남테라피\index.html","신규"
"경남테라피","창원","경남","성산구","용지동","E:\mong-lounge-site\massage\other\changwon\seongsan-gu\창원-성산구-출장마사지-동별-생활권-지역안내\index.html","E:\mong-lounge-site\shops\other\changwon\seongsan-gu\용지동\경남테라피\index.html","신규"
"경남테라피","창원","경남","성산구","웅남동","E:\mong-lounge-site\massage\other\changwon\seongsan-gu\창원-성산구-출장마사지-동별-생활권-지역안내\index.html","E:\mong-lounge-site\shops\other\changwon\seongsan-gu\웅남동\경남테라피\index.html","신규"
"경남테라피","창원","경남","성산구","중앙동","E:\mong-lounge-site\massage\other\changwon\seongsan-gu\창원-성산구-출장마사지-동별-생활권-지역안내\index.html","E:\mong-lounge-site\shops\other\changwon\seongsan-gu\중앙동\경남테라피\index.html","신규"
"경남테라피","창원","경남","의창구","대산면","E:\mong-lounge-site\massage\other\changwon\uichang-gu\창원-의창구-출장마사지-동별-생활권-지역안내\index.html","E:\mong-lounge-site\shops\other\changwon\uichang-gu\대산면\경남테라피\index.html","신규"
"경남테라피","창원","경남","의창구","동읍","E:\mong-lounge-site\massage\other\changwon\uichang-gu\창원-의창구-출장마사지-동별-생활권-지역안내\index.html","E:\mong-lounge-site\shops\other\changwon\uichang-gu\동읍\경남테라피\index.html","신규"
"경남테라피","창원","경남","의창구","명곡동","E:\mong-lounge-site\massage\other\changwon\uichang-gu\창원-의창구-출장마사지-동별-생활권-지역안내\index.html","E:\mong-lounge-site\shops\other\changwon\uichang-gu\명곡동\경남테라피\index.html","신규"
"경남테라피","창원","경남","의창구","봉림동","E:\mong-lounge-site\massage\other\changwon\uichang-gu\창원-의창구-출장마사지-동별-생활권-지역안내\index.html","E:\mong-lounge-site\shops\other\changwon\uichang-gu\봉림동\경남테라피\index.html","신규"
"경남테라피","창원","경남","의창구","북면","E:\mong-lounge-site\massage\other\changwon\uichang-gu\창원-의창구-출장마사지-동별-생활권-지역안내\index.html","E:\mong-lounge-site\shops\other\changwon\uichang-gu\북면\경남테라피\index.html","신규"
"경남테라피","창원","경남","의창구","의창동","E:\mong-lounge-site\massage\other\changwon\uichang-gu\창원-의창구-출장마사지-동별-생활권-지역안내\index.html","E:\mong-lounge-site\shops\other\changwon\uichang-gu\의창동\경남테라피\index.html","신규"
"경남테라피","창원","경남","의창구","팔룡동","E:\mong-lounge-site\massage\other\changwon\uichang-gu\창원-의창구-출장마사지-동별-생활권-지역안내\index.html","E:\mong-lounge-site\shops\other\changwon\uichang-gu\팔룡동\경남테라피\index.html","신규"
"경남테라피","창원","경남","진해구","경화동","E:\mong-lounge-site\massage\other\changwon\jinhae-gu\창원-진해구-출장마사지-동별-생활권-지역안내\index.html","E:\mong-lounge-site\shops\other\changwon\jinhae-gu\경화동\경남테라피\index.html","신규"
"경남테라피","창원","경남","진해구","덕산동","E:\mong-lounge-site\massage\other\changwon\jinhae-gu\창원-진해구-출장마사지-동별-생활권-지역안내\index.html","E:\mong-lounge-site\shops\other\changwon\jinhae-gu\덕산동\경남테라피\index.html","신규"
"경남테라피","창원","경남","진해구","병암동","E:\mong-lounge-site\massage\other\changwon\jinhae-gu\창원-진해구-출장마사지-동별-생활권-지역안내\index.html","E:\mong-lounge-site\shops\other\changwon\jinhae-gu\병암동\경남테라피\index.html","신규"
"경남테라피","창원","경남","진해구","석동","E:\mong-lounge-site\massage\other\changwon\jinhae-gu\창원-진해구-출장마사지-동별-생활권-지역안내\index.html","E:\mong-lounge-site\shops\other\changwon\jinhae-gu\석동\경남테라피\index.html","신규"
"경남테라피","창원","경남","진해구","여좌동","E:\mong-lounge-site\massage\other\changwon\jinhae-gu\창원-진해구-출장마사지-동별-생활권-지역안내\index.html","E:\mong-lounge-site\shops\other\changwon\jinhae-gu\여좌동\경남테라피\index.html","신규"
"경남테라피","창원","경남","진해구","웅동동","E:\mong-lounge-site\massage\other\changwon\jinhae-gu\창원-진해구-출장마사지-동별-생활권-지역안내\index.html","E:\mong-lounge-site\shops\other\changwon\jinhae-gu\웅동동\경남테라피\index.html","신규"
"경남테라피","창원","경남","진해구","웅천동","E:\mong-lounge-site\massage\other\changwon\jinhae-gu\창원-진해구-출장마사지-동별-생활권-지역안내\index.html","E:\mong-lounge-site\shops\other\changwon\jinhae-gu\웅천동\경남테라피\index.html","신규"
"경남테라피","창원","경남","진해구","이동","E:\mong-lounge-site\massage\other\changwon\jinhae-gu\창원-진해구-출장마사지-동별-생활권-지역안내\index.html","E:\mong-lounge-site\shops\other\changwon\jinhae-gu\이동\경남테라피\index.html","신규"
"경남테라피","창원","경남","진해구","자은동","E:\mong-lounge-site\massage\other\changwon\jinhae-gu\창원-진해구-출장마사지-동별-생활권-지역안내\index.html","E:\mong-lounge-site\shops\other\changwon\jinhae-gu\자은동\경남테라피\index.html","신규"
"경남테라피","창원","경남","진해구","충무동","E:\mong-lounge-site\massage\other\changwon\jinhae-gu\창원-진해구-출장마사지-동별-생활권-지역안내\index.html","E:\mong-lounge-site\shops\other\changwon\jinhae-gu\충무동\경남테라피\index.html","신규"
"경남테라피","창원","경남","진해구","태백동","E:\mong-lounge-site\massage\other\changwon\jinhae-gu\창원-진해구-출장마사지-동별-생활권-지역안내\index.html","E:\mong-lounge-site\shops\other\changwon\jinhae-gu\태백동\경남테라피\index.html","신규"
"경남테라피","창원","경남","진해구","풍호동","E:\mong-lounge-site\massage\other\changwon\jinhae-gu\창원-진해구-출장마사지-동별-생활권-지역안내\index.html","E:\mong-lounge-site\shops\other\changwon\jinhae-gu\풍호동\경남테라피\index.html","신규"
"나비테라피","광주광역시","광주광역시","광산구","도산동","E:\mong-lounge-site\massage\other\gwangju\gwangsan-gu\광주-광산구-출장마사지-동별-생활권-지역안내\index.html","E:\mong-lounge-site\shops\other\gwangju\gwangsan-gu\도산동\나비테라피\index.html","신규"
"나비테라피","광주광역시","광주광역시","광산구","동곡동","E:\mong-lounge-site\massage\other\gwangju\gwangsan-gu\광주-광산구-출장마사지-동별-생활권-지역안내\index.html","E:\mong-lounge-site\shops\other\gwangju\gwangsan-gu\동곡동\나비테라피\index.html","신규"
"나비테라피","광주광역시","광주광역시","광산구","본량동","E:\mong-lounge-site\massage\other\gwangju\gwangsan-gu\광주-광산구-출장마사지-동별-생활권-지역안내\index.html","E:\mong-lounge-site\shops\other\gwangju\gwangsan-gu\본량동\나비테라피\index.html","신규"
"나비테라피","광주광역시","광주광역시","광산구","비아동","E:\mong-lounge-site\massage\other\gwangju\gwangsan-gu\광주-광산구-출장마사지-동별-생활권-지역안내\index.html","E:\mong-lounge-site\shops\other\gwangju\gwangsan-gu\비아동\나비테라피\index.html","신규"
"나비테라피","광주광역시","광주광역시","광산구","삼도동","E:\mong-lounge-site\massage\other\gwangju\gwangsan-gu\광주-광산구-출장마사지-동별-생활권-지역안내\index.html","E:\mong-lounge-site\shops\other\gwangju\gwangsan-gu\삼도동\나비테라피\index.html","신규"
"나비테라피","광주광역시","광주광역시","광산구","송정동","E:\mong-lounge-site\massage\other\gwangju\gwangsan-gu\광주-광산구-출장마사지-동별-생활권-지역안내\index.html","E:\mong-lounge-site\shops\other\gwangju\gwangsan-gu\송정동\나비테라피\index.html","신규"
"나비테라피","광주광역시","광주광역시","광산구","수완동","E:\mong-lounge-site\massage\other\gwangju\gwangsan-gu\광주-광산구-출장마사지-동별-생활권-지역안내\index.html","E:\mong-lounge-site\shops\other\gwangju\gwangsan-gu\수완동\나비테라피\index.html","신규"
"나비테라피","광주광역시","광주광역시","광산구","신가동","E:\mong-lounge-site\massage\other\gwangju\gwangsan-gu\광주-광산구-출장마사지-동별-생활권-지역안내\index.html","E:\mong-lounge-site\shops\other\gwangju\gwangsan-gu\신가동\나비테라피\index.html","신규"
"나비테라피","광주광역시","광주광역시","광산구","신창동","E:\mong-lounge-site\massage\other\gwangju\gwangsan-gu\광주-광산구-출장마사지-동별-생활권-지역안내\index.html","E:\mong-lounge-site\shops\other\gwangju\gwangsan-gu\신창동\나비테라피\index.html","신규"
"나비테라피","광주광역시","광주광역시","광산구","신흥동","E:\mong-lounge-site\massage\other\gwangju\gwangsan-gu\광주-광산구-출장마사지-동별-생활권-지역안내\index.html","E:\mong-lounge-site\shops\other\gwangju\gwangsan-gu\신흥동\나비테라피\index.html","신규"
"나비테라피","광주광역시","광주광역시","광산구","어룡동","E:\mong-lounge-site\massage\other\gwangju\gwangsan-gu\광주-광산구-출장마사지-동별-생활권-지역안내\index.html","E:\mong-lounge-site\shops\other\gwangju\gwangsan-gu\어룡동\나비테라피\index.html","신규"
"나비테라피","광주광역시","광주광역시","광산구","우산동","E:\mong-lounge-site\massage\other\gwangju\gwangsan-gu\광주-광산구-출장마사지-동별-생활권-지역안내\index.html","E:\mong-lounge-site\shops\other\gwangju\gwangsan-gu\우산동\나비테라피\index.html","신규"
"나비테라피","광주광역시","광주광역시","광산구","운남동","E:\mong-lounge-site\massage\other\gwangju\gwangsan-gu\광주-광산구-출장마사지-동별-생활권-지역안내\index.html","E:\mong-lounge-site\shops\other\gwangju\gwangsan-gu\운남동\나비테라피\index.html","신규"
"나비테라피","광주광역시","광주광역시","광산구","월곡동","E:\mong-lounge-site\massage\other\gwangju\gwangsan-gu\광주-광산구-출장마사지-동별-생활권-지역안내\index.html","E:\mong-lounge-site\shops\other\gwangju\gwangsan-gu\월곡동\나비테라피\index.html","신규"
"나비테라피","광주광역시","광주광역시","광산구","임곡동","E:\mong-lounge-site\massage\other\gwangju\gwangsan-gu\광주-광산구-출장마사지-동별-생활권-지역안내\index.html","E:\mong-lounge-site\shops\other\gwangju\gwangsan-gu\임곡동\나비테라피\index.html","신규"
"나비테라피","광주광역시","광주광역시","광산구","첨단동","E:\mong-lounge-site\massage\other\gwangju\gwangsan-gu\광주-광산구-출장마사지-동별-생활권-지역안내\index.html","E:\mong-lounge-site\shops\other\gwangju\gwangsan-gu\첨단동\나비테라피\index.html","신규"
"나비테라피","광주광역시","광주광역시","광산구","평동","E:\mong-lounge-site\massage\other\gwangju\gwangsan-gu\광주-광산구-출장마사지-동별-생활권-지역안내\index.html","E:\mong-lounge-site\shops\other\gwangju\gwangsan-gu\평동\나비테라피\index.html","신규"
"나비테라피","광주광역시","광주광역시","광산구","하남동","E:\mong-lounge-site\massage\other\gwangju\gwangsan-gu\광주-광산구-출장마사지-동별-생활권-지역안내\index.html","E:\mong-lounge-site\shops\other\gwangju\gwangsan-gu\하남동\나비테라피\index.html","신규"
"나비테라피","광주광역시","광주광역시","남구","대촌동","E:\mong-lounge-site\massage\other\gwangju\nam-gu\광주-남구-출장마사지-동별-생활권-지역안내\index.html","E:\mong-lounge-site\shops\other\gwangju\nam-gu\대촌동\나비테라피\index.html","신규"
"나비테라피","광주광역시","광주광역시","남구","방림동","E:\mong-lounge-site\massage\other\gwangju\nam-gu\광주-남구-출장마사지-동별-생활권-지역안내\index.html","E:\mong-lounge-site\shops\other\gwangju\nam-gu\방림동\나비테라피\index.html","신규"
"나비테라피","광주광역시","광주광역시","남구","백운동","E:\mong-lounge-site\massage\other\gwangju\nam-gu\광주-남구-출장마사지-동별-생활권-지역안내\index.html","E:\mong-lounge-site\shops\other\gwangju\nam-gu\백운동\나비테라피\index.html","신규"
"나비테라피","광주광역시","광주광역시","남구","봉선동","E:\mong-lounge-site\massage\other\gwangju\nam-gu\광주-남구-출장마사지-동별-생활권-지역안내\index.html","E:\mong-lounge-site\shops\other\gwangju\nam-gu\봉선동\나비테라피\index.html","신규"
"나비테라피","광주광역시","광주광역시","남구","사직동","E:\mong-lounge-site\massage\other\gwangju\nam-gu\광주-남구-출장마사지-동별-생활권-지역안내\index.html","E:\mong-lounge-site\shops\other\gwangju\nam-gu\사직동\나비테라피\index.html","신규"
"나비테라피","광주광역시","광주광역시","남구","송암동","E:\mong-lounge-site\massage\other\gwangju\nam-gu\광주-남구-출장마사지-동별-생활권-지역안내\index.html","E:\mong-lounge-site\shops\other\gwangju\nam-gu\송암동\나비테라피\index.html","신규"
"나비테라피","광주광역시","광주광역시","남구","양림동","E:\mong-lounge-site\massage\other\gwangju\nam-gu\광주-남구-출장마사지-동별-생활권-지역안내\index.html","E:\mong-lounge-site\shops\other\gwangju\nam-gu\양림동\나비테라피\index.html","신규"
"나비테라피","광주광역시","광주광역시","남구","월산동","E:\mong-lounge-site\massage\other\gwangju\nam-gu\광주-남구-출장마사지-동별-생활권-지역안내\index.html","E:\mong-lounge-site\shops\other\gwangju\nam-gu\월산동\나비테라피\index.html","신규"
"나비테라피","광주광역시","광주광역시","남구","주월동","E:\mong-lounge-site\massage\other\gwangju\nam-gu\광주-남구-출장마사지-동별-생활권-지역안내\index.html","E:\mong-lounge-site\shops\other\gwangju\nam-gu\주월동\나비테라피\index.html","신규"
"나비테라피","광주광역시","광주광역시","남구","진월동","E:\mong-lounge-site\massage\other\gwangju\nam-gu\광주-남구-출장마사지-동별-생활권-지역안내\index.html","E:\mong-lounge-site\shops\other\gwangju\nam-gu\진월동\나비테라피\index.html","신규"
"나비테라피","광주광역시","광주광역시","남구","효덕동","E:\mong-lounge-site\massage\other\gwangju\nam-gu\광주-남구-출장마사지-동별-생활권-지역안내\index.html","E:\mong-lounge-site\shops\other\gwangju\nam-gu\효덕동\나비테라피\index.html","신규"
"나비테라피","광주광역시","광주광역시","동구","계림동","E:\mong-lounge-site\massage\other\gwangju\dong-gu\광주-동구-출장마사지-동별-생활권-지역안내\index.html","E:\mong-lounge-site\shops\other\gwangju\dong-gu\계림동\나비테라피\index.html","신규"
"나비테라피","광주광역시","광주광역시","동구","동명동","E:\mong-lounge-site\massage\other\gwangju\dong-gu\광주-동구-출장마사지-동별-생활권-지역안내\index.html","E:\mong-lounge-site\shops\other\gwangju\dong-gu\동명동\나비테라피\index.html","신규"
"나비테라피","광주광역시","광주광역시","동구","산수동","E:\mong-lounge-site\massage\other\gwangju\dong-gu\광주-동구-출장마사지-동별-생활권-지역안내\index.html","E:\mong-lounge-site\shops\other\gwangju\dong-gu\산수동\나비테라피\index.html","신규"
"나비테라피","광주광역시","광주광역시","동구","서남동","E:\mong-lounge-site\massage\other\gwangju\dong-gu\광주-동구-출장마사지-동별-생활권-지역안내\index.html","E:\mong-lounge-site\shops\other\gwangju\dong-gu\서남동\나비테라피\index.html","신규"
"나비테라피","광주광역시","광주광역시","동구","지산동","E:\mong-lounge-site\massage\other\gwangju\dong-gu\광주-동구-출장마사지-동별-생활권-지역안내\index.html","E:\mong-lounge-site\shops\other\gwangju\dong-gu\지산동\나비테라피\index.html","신규"
"나비테라피","광주광역시","광주광역시","동구","지원동","E:\mong-lounge-site\massage\other\gwangju\dong-gu\광주-동구-출장마사지-동별-생활권-지역안내\index.html","E:\mong-lounge-site\shops\other\gwangju\dong-gu\지원동\나비테라피\index.html","신규"
"나비테라피","광주광역시","광주광역시","동구","충장동","E:\mong-lounge-site\massage\other\gwangju\dong-gu\광주-동구-출장마사지-동별-생활권-지역안내\index.html","E:\mong-lounge-site\shops\other\gwangju\dong-gu\충장동\나비테라피\index.html","신규"
"나비테라피","광주광역시","광주광역시","동구","학동","E:\mong-lounge-site\massage\other\gwangju\dong-gu\광주-동구-출장마사지-동별-생활권-지역안내\index.html","E:\mong-lounge-site\shops\other\gwangju\dong-gu\학동\나비테라피\index.html","신규"
"나비테라피","광주광역시","광주광역시","동구","학운동","E:\mong-lounge-site\massage\other\gwangju\dong-gu\광주-동구-출장마사지-동별-생활권-지역안내\index.html","E:\mong-lounge-site\shops\other\gwangju\dong-gu\학운동\나비테라피\index.html","신규"
"나비테라피","광주광역시","광주광역시","북구","건국동","E:\mong-lounge-site\massage\other\gwangju\buk-gu\광주-북구-출장마사지-동별-생활권-지역안내\index.html","E:\mong-lounge-site\shops\other\gwangju\buk-gu\건국동\나비테라피\index.html","신규"
"나비테라피","광주광역시","광주광역시","북구","동림동","E:\mong-lounge-site\massage\other\gwangju\buk-gu\광주-북구-출장마사지-동별-생활권-지역안내\index.html","E:\mong-lounge-site\shops\other\gwangju\buk-gu\동림동\나비테라피\index.html","신규"
"나비테라피","광주광역시","광주광역시","북구","두암동","E:\mong-lounge-site\massage\other\gwangju\buk-gu\광주-북구-출장마사지-동별-생활권-지역안내\index.html","E:\mong-lounge-site\shops\other\gwangju\buk-gu\두암동\나비테라피\index.html","신규"
"나비테라피","광주광역시","광주광역시","북구","매곡동","E:\mong-lounge-site\massage\other\gwangju\buk-gu\광주-북구-출장마사지-동별-생활권-지역안내\index.html","E:\mong-lounge-site\shops\other\gwangju\buk-gu\매곡동\나비테라피\index.html","신규"
"나비테라피","광주광역시","광주광역시","북구","문화동","E:\mong-lounge-site\massage\other\gwangju\buk-gu\광주-북구-출장마사지-동별-생활권-지역안내\index.html","E:\mong-lounge-site\shops\other\gwangju\buk-gu\문화동\나비테라피\index.html","신규"
"나비테라피","광주광역시","광주광역시","북구","문흥동","E:\mong-lounge-site\massage\other\gwangju\buk-gu\광주-북구-출장마사지-동별-생활권-지역안내\index.html","E:\mong-lounge-site\shops\other\gwangju\buk-gu\문흥동\나비테라피\index.html","신규"
"나비테라피","광주광역시","광주광역시","북구","삼각동","E:\mong-lounge-site\massage\other\gwangju\buk-gu\광주-북구-출장마사지-동별-생활권-지역안내\index.html","E:\mong-lounge-site\shops\other\gwangju\buk-gu\삼각동\나비테라피\index.html","신규"
"나비테라피","광주광역시","광주광역시","북구","석곡동","E:\mong-lounge-site\massage\other\gwangju\buk-gu\광주-북구-출장마사지-동별-생활권-지역안내\index.html","E:\mong-lounge-site\shops\other\gwangju\buk-gu\석곡동\나비테라피\index.html","신규"
"나비테라피","광주광역시","광주광역시","북구","신안동","E:\mong-lounge-site\massage\other\gwangju\buk-gu\광주-북구-출장마사지-동별-생활권-지역안내\index.html","E:\mong-lounge-site\shops\other\gwangju\buk-gu\신안동\나비테라피\index.html","신규"
"나비테라피","광주광역시","광주광역시","북구","신용동","E:\mong-lounge-site\massage\other\gwangju\buk-gu\광주-북구-출장마사지-동별-생활권-지역안내\index.html","E:\mong-lounge-site\shops\other\gwangju\buk-gu\신용동\나비테라피\index.html","신규"
"나비테라피","광주광역시","광주광역시","북구","양산동","E:\mong-lounge-site\massage\other\gwangju\buk-gu\광주-북구-출장마사지-동별-생활권-지역안내\index.html","E:\mong-lounge-site\shops\other\gwangju\buk-gu\양산동\나비테라피\index.html","신규"
"나비테라피","광주광역시","광주광역시","북구","오치동","E:\mong-lounge-site\massage\other\gwangju\buk-gu\광주-북구-출장마사지-동별-생활권-지역안내\index.html","E:\mong-lounge-site\shops\other\gwangju\buk-gu\오치동\나비테라피\index.html","신규"
"나비테라피","광주광역시","광주광역시","북구","용봉동","E:\mong-lounge-site\massage\other\gwangju\buk-gu\광주-북구-출장마사지-동별-생활권-지역안내\index.html","E:\mong-lounge-site\shops\other\gwangju\buk-gu\용봉동\나비테라피\index.html","신규"
"나비테라피","광주광역시","광주광역시","북구","우산동","E:\mong-lounge-site\massage\other\gwangju\buk-gu\광주-북구-출장마사지-동별-생활권-지역안내\index.html","E:\mong-lounge-site\shops\other\gwangju\buk-gu\우산동\나비테라피\index.html","신규"
"나비테라피","광주광역시","광주광역시","북구","운암동","E:\mong-lounge-site\massage\other\gwangju\buk-gu\광주-북구-출장마사지-동별-생활권-지역안내\index.html","E:\mong-lounge-site\shops\other\gwangju\buk-gu\운암동\나비테라피\index.html","신규"
"나비테라피","광주광역시","광주광역시","북구","일곡동","E:\mong-lounge-site\massage\other\gwangju\buk-gu\광주-북구-출장마사지-동별-생활권-지역안내\index.html","E:\mong-lounge-site\shops\other\gwangju\buk-gu\일곡동\나비테라피\index.html","신규"
"나비테라피","광주광역시","광주광역시","북구","임동","E:\mong-lounge-site\massage\other\gwangju\buk-gu\광주-북구-출장마사지-동별-생활권-지역안내\index.html","E:\mong-lounge-site\shops\other\gwangju\buk-gu\임동\나비테라피\index.html","신규"
"나비테라피","광주광역시","광주광역시","북구","중앙동","E:\mong-lounge-site\massage\other\gwangju\buk-gu\광주-북구-출장마사지-동별-생활권-지역안내\index.html","E:\mong-lounge-site\shops\other\gwangju\buk-gu\중앙동\나비테라피\index.html","신규"
"나비테라피","광주광역시","광주광역시","북구","중흥동","E:\mong-lounge-site\massage\other\gwangju\buk-gu\광주-북구-출장마사지-동별-생활권-지역안내\index.html","E:\mong-lounge-site\shops\other\gwangju\buk-gu\중흥동\나비테라피\index.html","신규"
"나비테라피","광주광역시","광주광역시","북구","풍향동","E:\mong-lounge-site\massage\other\gwangju\buk-gu\광주-북구-출장마사지-동별-생활권-지역안내\index.html","E:\mong-lounge-site\shops\other\gwangju\buk-gu\풍향동\나비테라피\index.html","신규"
"나비테라피","광주광역시","광주광역시","서구","광천동","E:\mong-lounge-site\massage\other\gwangju\seo-gu\광주-서구-출장마사지-동별-생활권-지역안내\index.html","E:\mong-lounge-site\shops\other\gwangju\seo-gu\광천동\나비테라피\index.html","신규"
"나비테라피","광주광역시","광주광역시","서구","금호동","E:\mong-lounge-site\massage\other\gwangju\seo-gu\광주-서구-출장마사지-동별-생활권-지역안내\index.html","E:\mong-lounge-site\shops\other\gwangju\seo-gu\금호동\나비테라피\index.html","신규"
"나비테라피","광주광역시","광주광역시","서구","농성동","E:\mong-lounge-site\massage\other\gwangju\seo-gu\광주-서구-출장마사지-동별-생활권-지역안내\index.html","E:\mong-lounge-site\shops\other\gwangju\seo-gu\농성동\나비테라피\index.html","신규"
"나비테라피","광주광역시","광주광역시","서구","동천동","E:\mong-lounge-site\massage\other\gwangju\seo-gu\광주-서구-출장마사지-동별-생활권-지역안내\index.html","E:\mong-lounge-site\shops\other\gwangju\seo-gu\동천동\나비테라피\index.html","신규"
"나비테라피","광주광역시","광주광역시","서구","상무동","E:\mong-lounge-site\massage\other\gwangju\seo-gu\광주-서구-출장마사지-동별-생활권-지역안내\index.html","E:\mong-lounge-site\shops\other\gwangju\seo-gu\상무동\나비테라피\index.html","신규"
"나비테라피","광주광역시","광주광역시","서구","서창동","E:\mong-lounge-site\massage\other\gwangju\seo-gu\광주-서구-출장마사지-동별-생활권-지역안내\index.html","E:\mong-lounge-site\shops\other\gwangju\seo-gu\서창동\나비테라피\index.html","신규"
"나비테라피","광주광역시","광주광역시","서구","양동","E:\mong-lounge-site\massage\other\gwangju\seo-gu\광주-서구-출장마사지-동별-생활권-지역안내\index.html","E:\mong-lounge-site\shops\other\gwangju\seo-gu\양동\나비테라피\index.html","신규"
"나비테라피","광주광역시","광주광역시","서구","유덕동","E:\mong-lounge-site\massage\other\gwangju\seo-gu\광주-서구-출장마사지-동별-생활권-지역안내\index.html","E:\mong-lounge-site\shops\other\gwangju\seo-gu\유덕동\나비테라피\index.html","신규"
"나비테라피","광주광역시","광주광역시","서구","치평동","E:\mong-lounge-site\massage\other\gwangju\seo-gu\광주-서구-출장마사지-동별-생활권-지역안내\index.html","E:\mong-lounge-site\shops\other\gwangju\seo-gu\치평동\나비테라피\index.html","신규"
"나비테라피","광주광역시","광주광역시","서구","풍암동","E:\mong-lounge-site\massage\other\gwangju\seo-gu\광주-서구-출장마사지-동별-생활권-지역안내\index.html","E:\mong-lounge-site\shops\other\gwangju\seo-gu\풍암동\나비테라피\index.html","신규"
"나비테라피","광주광역시","광주광역시","서구","화정동","E:\mong-lounge-site\massage\other\gwangju\seo-gu\광주-서구-출장마사지-동별-생활권-지역안내\index.html","E:\mong-lounge-site\shops\other\gwangju\seo-gu\화정동\나비테라피\index.html","신규"
