"Type","File","Action","CurrentTitle","ProposedTitle","CurrentDescription","ProposedDescription","CurrentTitleKW","ProposedTitleKW","CurrentDescKW","ProposedDescKW"
"기타지역페이지","massage/seoul/index.html","유지","서울 출장마사지 | 25개 구 지역 안내 | 몽라운지","서울 출장마사지 | 25개 구 지역 안내 | 몽라운지","서울 25개 구의 생활권과 지역별 이동 범위를 한곳에서 확인할 수 있도록 정리했습니다. 서울 출장마사지 이용 전 현재 위치와 가까운 구를 선택해 세부 지역 안내를 확인해 보세요.","서울 25개 구의 생활권과 지역별 이동 범위를 한곳에서 확인할 수 있도록 정리했습니다. 서울 출장마사지 이용 전 현재 위치와 가까운 구를 선택해 세부 지역 안내를 확인해 보세요.","1","1","1","1"
"기타지역페이지","massage/seoul/seodaemun-gu/서대문구-출장마사지-홍제-북가좌-연희-집안일과-외출이-겹친-하루-어깨-허리-뻐근함-방문-홈케어/index.html","유지","서대문구 출장마사지 - 홍제·북가좌 집안일과 외출이 겹친 하루 어깨·허리 뻐근함 방문 홈케어 | 몽라운지","서대문구 출장마사지 - 홍제·북가좌 집안일과 외출이 겹친 하루 어깨·허리 뻐근함 방문 홈케어 | 몽라운지","서대문구 홍제·북가좌·연희 생활권에서 집안일과 외출이 겹친 하루 뒤 어깨·허리 뻐근함을 느끼는 경우, 가까운 방문 홈케어 정보를 찾는 순서와 지역 선택 기준을 정리한 몽라운지 안내입니다.","서대문구 홍제·북가좌·연희 생활권에서 집안일과 외출이 겹친 하루 뒤 어깨·허리 뻐근함을 느끼는 경우, 가까운 방문 홈케어 정보를 찾는 순서와 지역 선택 기준을 정리한 몽라운지 안내입니다.","1","1","0","0"
"기타지역페이지","massage/seoul/mapo-gu/마포구-출장마사지-공덕-연남-합정-오피스-근무와-프리랜서-일정-어깨-허리-피로-방문-홈케어/index.html","유지","마포구 출장마사지 - 공덕·연남 오피스 근무와 프리랜서 일정 어깨·허리 피로 방문 홈케어 | 몽라운지","마포구 출장마사지 - 공덕·연남 오피스 근무와 프리랜서 일정 어깨·허리 피로 방문 홈케어 | 몽라운지","마포구 공덕·연남·합정 생활권에서 오피스 근무와 프리랜서 일정 뒤 어깨·허리 피로을 느끼는 경우, 가까운 방문 홈케어 정보를 찾는 순서와 지역 선택 기준을 정리한 몽라운지 안내입니다.","마포구 공덕·연남·합정 생활권에서 오피스 근무와 프리랜서 일정 뒤 어깨·허리 피로을 느끼는 경우, 가까운 방문 홈케어 정보를 찾는 순서와 지역 선택 기준을 정리한 몽라운지 안내입니다.","1","1","0","0"
"기타지역페이지","massage/seoul/jungnang-gu/중랑구-출장마사지-사가정-중화-면목-매장-운영과-반복적인-손-사용-손목-허리-피로-방문-홈케어/index.html","유지","중랑구 출장마사지 - 사가정·중화 매장 운영과 반복적인 손 사용 손목·허리 피로 방문 홈케어 | 몽라운지","중랑구 출장마사지 - 사가정·중화 매장 운영과 반복적인 손 사용 손목·허리 피로 방문 홈케어 | 몽라운지","중랑구 사가정·중화·면목 생활권에서 매장 운영과 반복적인 손 사용 뒤 손목·허리 피로을 느끼는 경우, 가까운 방문 홈케어 정보를 찾는 순서와 지역 선택 기준을 정리한 몽라운지 안내입니다.","중랑구 사가정·중화·면목 생활권에서 매장 운영과 반복적인 손 사용 뒤 손목·허리 피로을 느끼는 경우, 가까운 방문 홈케어 정보를 찾는 순서와 지역 선택 기준을 정리한 몽라운지 안내입니다.","1","1","0","0"
"기타지역페이지","massage/seoul/nowon-gu/노원구-출장마사지-상계-공릉-중계-육아와-집안일이-이어진-날-어깨-손목의-무거움-방문-홈케어/index.html","유지","노원구 출장마사지 - 상계·공릉 육아와 집안일이 이어진 날 어깨·손목의 무거움 방문 홈케어 | 몽라운지","노원구 출장마사지 - 상계·공릉 육아와 집안일이 이어진 날 어깨·손목의 무거움 방문 홈케어 | 몽라운지","노원구 상계·공릉·중계 생활권에서 육아와 집안일이 이어진 날 뒤 어깨·손목의 무거움을 느끼는 경우, 가까운 방문 홈케어 정보를 찾는 순서와 지역 선택 기준을 정리한 몽라운지 안내입니다.","노원구 상계·공릉·중계 생활권에서 육아와 집안일이 이어진 날 뒤 어깨·손목의 무거움을 느끼는 경우, 가까운 방문 홈케어 정보를 찾는 순서와 지역 선택 기준을 정리한 몽라운지 안내입니다.","1","1","0","0"
"기타지역페이지","massage/seoul/dongjak-gu/동작구-출장마사지-상도-흑석-사당-긴-통근과-계단-이동이-이어진-날-허리-골반-주변-피로-방문-홈케어/index.html","유지","동작구 출장마사지 - 상도·흑석 긴 통근과 계단 이동이 이어진 날 허리·골반 주변 피로 방문 홈케어 | 몽라운지","동작구 출장마사지 - 상도·흑석 긴 통근과 계단 이동이 이어진 날 허리·골반 주변 피로 방문 홈케어 | 몽라운지","동작구 상도·흑석·사당 생활권에서 긴 통근과 계단 이동이 이어진 날 뒤 허리·골반 주변 피로을 느끼는 경우, 가까운 방문 홈케어 정보를 찾는 순서와 지역 선택 기준을 정리한 몽라운지 안내입니다.","동작구 상도·흑석·사당 생활권에서 긴 통근과 계단 이동이 이어진 날 뒤 허리·골반 주변 피로을 느끼는 경우, 가까운 방문 홈케어 정보를 찾는 순서와 지역 선택 기준을 정리한 몽라운지 안내입니다.","1","1","0","0"
"기타지역페이지","massage/seoul/geumcheon-gu/금천구-출장마사지-독산-시흥-가산-제조-교대-일정이-길어진-날-허리-어깨-피로-방문-홈케어/index.html","유지","금천구 출장마사지 - 독산·시흥 제조·교대 일정이 길어진 날 허리·어깨 피로 방문 홈케어 | 몽라운지","금천구 출장마사지 - 독산·시흥 제조·교대 일정이 길어진 날 허리·어깨 피로 방문 홈케어 | 몽라운지","금천구 독산·시흥·가산 생활권에서 제조·교대 일정이 길어진 날 뒤 허리·어깨 피로을 느끼는 경우, 가까운 방문 홈케어 정보를 찾는 순서와 지역 선택 기준을 정리한 몽라운지 안내입니다.","금천구 독산·시흥·가산 생활권에서 제조·교대 일정이 길어진 날 뒤 허리·어깨 피로을 느끼는 경우, 가까운 방문 홈케어 정보를 찾는 순서와 지역 선택 기준을 정리한 몽라운지 안내입니다.","1","1","0","0"
"기타지역페이지","massage/seoul/gangbuk-gu/강북구-출장마사지-미아사거리-수유-번동-판매-미용-업무로-오래-서-있는-날-종아리-발-손목-피로-방문-홈케어/index.html","유지","강북구 출장마사지 - 미아사거리·수유 판매·미용 업무로 오래 서 있는 날 종아리·발·손목 피로 방문 홈케어 | 몽라운지","강북구 출장마사지 - 미아사거리·수유 판매·미용 업무로 오래 서 있는 날 종아리·발·손목 피로 방문 홈케어 | 몽라운지","강북구 미아사거리·수유·번동 생활권에서 판매·미용 업무로 오래 서 있는 날 뒤 종아리·발·손목 피로을 느끼는 경우, 가까운 방문 홈케어 정보를 찾는 순서와 지역 선택 기준을 정리한 몽라운지 안내입니다.","강북구 미아사거리·수유·번동 생활권에서 판매·미용 업무로 오래 서 있는 날 뒤 종아리·발·손목 피로을 느끼는 경우, 가까운 방문 홈케어 정보를 찾는 순서와 지역 선택 기준을 정리한 몽라운지 안내입니다.","1","1","0","0"
"기타지역페이지","massage/seoul/seocho-gu/서초구-출장마사지-양재-서초-강남대로-야근과-회의가-길어진-날-목-어깨-눈의-피로-방문-홈케어/index.html","유지","서초구 출장마사지 - 양재·서초 야근과 회의가 길어진 날 목·어깨·눈의 피로 방문 홈케어 | 몽라운지","서초구 출장마사지 - 양재·서초 야근과 회의가 길어진 날 목·어깨·눈의 피로 방문 홈케어 | 몽라운지","서초구 양재·서초·강남대로 생활권에서 야근과 회의가 길어진 날 뒤 목·어깨·눈의 피로을 느끼는 경우, 가까운 방문 홈케어 정보를 찾는 순서와 지역 선택 기준을 정리한 몽라운지 안내입니다.","서초구 양재·서초·강남대로 생활권에서 야근과 회의가 길어진 날 뒤 목·어깨·눈의 피로을 느끼는 경우, 가까운 방문 홈케어 정보를 찾는 순서와 지역 선택 기준을 정리한 몽라운지 안내입니다.","1","1","0","0"
"기타지역페이지","massage/seoul/dobong-gu/도봉구-출장마사지-방학-도봉-창동-생활-이동과-집안일이-겹친-날-허리-무릎-주변-피로-방문-홈케어/index.html","유지","도봉구 출장마사지 - 방학·도봉 생활 이동과 집안일이 겹친 날 허리·무릎 주변 피로 방문 홈케어 | 몽라운지","도봉구 출장마사지 - 방학·도봉 생활 이동과 집안일이 겹친 날 허리·무릎 주변 피로 방문 홈케어 | 몽라운지","도봉구 방학·도봉·창동 생활권에서 생활 이동과 집안일이 겹친 날 뒤 허리·무릎 주변 피로을 느끼는 경우, 가까운 방문 홈케어 정보를 찾는 순서와 지역 선택 기준을 정리한 몽라운지 안내입니다.","도봉구 방학·도봉·창동 생활권에서 생활 이동과 집안일이 겹친 날 뒤 허리·무릎 주변 피로을 느끼는 경우, 가까운 방문 홈케어 정보를 찾는 순서와 지역 선택 기준을 정리한 몽라운지 안내입니다.","1","1","0","0"
"기타지역페이지","massage/seoul/yongsan-gu/용산구-출장마사지-이촌-한강로-신용산-주거와-오피스를-오가는-긴-하루-어깨-허리-뻐근함-방문-홈케어/index.html","유지","용산구 출장마사지 - 이촌·한강로 주거와 오피스를 오가는 긴 하루 어깨·허리 뻐근함 방문 홈케어 | 몽라운지","용산구 출장마사지 - 이촌·한강로 주거와 오피스를 오가는 긴 하루 어깨·허리 뻐근함 방문 홈케어 | 몽라운지","용산구 이촌·한강로·신용산 생활권에서 주거와 오피스를 오가는 긴 하루 뒤 어깨·허리 뻐근함을 느끼는 경우, 가까운 방문 홈케어 정보를 찾는 순서와 지역 선택 기준을 정리한 몽라운지 안내입니다.","용산구 이촌·한강로·신용산 생활권에서 주거와 오피스를 오가는 긴 하루 뒤 어깨·허리 뻐근함을 느끼는 경우, 가까운 방문 홈케어 정보를 찾는 순서와 지역 선택 기준을 정리한 몽라운지 안내입니다.","1","1","0","0"
"기타지역페이지","massage/seoul/gangdong-gu/강동구-출장마사지-둔촌-올림픽공원-일자산-입주-이사와-장시간-정리-전신-뭉침과-무거움-방문-홈케어/index.html","유지","강동구 출장마사지 - 둔촌·올림픽공원 입주·이사와 장시간 정리 전신 뭉침과 무거움 방문 홈케어 | 몽라운지","강동구 출장마사지 - 둔촌·올림픽공원 입주·이사와 장시간 정리 전신 뭉침과 무거움 방문 홈케어 | 몽라운지","강동구 둔촌·올림픽공원·일자산 생활권에서 입주·이사와 장시간 정리 뒤 전신 뭉침과 무거움을 느끼는 경우, 가까운 방문 홈케어 정보를 찾는 순서와 지역 선택 기준을 정리한 몽라운지 안내입니다.","강동구 둔촌·올림픽공원·일자산 생활권에서 입주·이사와 장시간 정리 뒤 전신 뭉침과 무거움을 느끼는 경우, 가까운 방문 홈케어 정보를 찾는 순서와 지역 선택 기준을 정리한 몽라운지 안내입니다.","1","1","0","0"
"기타지역페이지","massage/seoul/guro-gu/구로구-출장마사지-신도림-구로-대림-유통-판매-업무로-오래-선-날-다리-발의-무거움-방문-홈케어/index.html","유지","구로구 출장마사지 - 신도림·구로 유통·판매 업무로 오래 선 날 다리·발의 무거움 방문 홈케어 | 몽라운지","구로구 출장마사지 - 신도림·구로 유통·판매 업무로 오래 선 날 다리·발의 무거움 방문 홈케어 | 몽라운지","구로구 신도림·구로·대림 생활권에서 유통·판매 업무로 오래 선 날 뒤 다리·발의 무거움을 느끼는 경우, 가까운 방문 홈케어 정보를 찾는 순서와 지역 선택 기준을 정리한 몽라운지 안내입니다.","구로구 신도림·구로·대림 생활권에서 유통·판매 업무로 오래 선 날 뒤 다리·발의 무거움을 느끼는 경우, 가까운 방문 홈케어 정보를 찾는 순서와 지역 선택 기준을 정리한 몽라운지 안내입니다.","1","1","0","0"
"기타지역페이지","massage/seoul/gwanak-gu/관악구-출장마사지-서울대입구-샤로수길-신림-프리랜서-작업과-창업-일정-눈-목-어깨-피로-방문-홈케어/index.html","유지","관악구 출장마사지 - 서울대입구·샤로수길 프리랜서 작업과 창업 일정 눈·목·어깨 피로 방문 홈케어 | 몽라운지","관악구 출장마사지 - 서울대입구·샤로수길 프리랜서 작업과 창업 일정 눈·목·어깨 피로 방문 홈케어 | 몽라운지","관악구 서울대입구·샤로수길·신림 생활권에서 프리랜서 작업과 창업 일정 뒤 눈·목·어깨 피로을 느끼는 경우, 가까운 방문 홈케어 정보를 찾는 순서와 지역 선택 기준을 정리한 몽라운지 안내입니다.","관악구 서울대입구·샤로수길·신림 생활권에서 프리랜서 작업과 창업 일정 뒤 눈·목·어깨 피로을 느끼는 경우, 가까운 방문 홈케어 정보를 찾는 순서와 지역 선택 기준을 정리한 몽라운지 안내입니다.","1","1","0","0"
"기타지역페이지","massage/seoul/gwangjin-gu/광진구-출장마사지-구의-광나루-건대입구-재택업무와-장시간-화면-작업-목-손목의-뻐근함-방문-홈케어/index.html","유지","광진구 출장마사지 - 구의·광나루 재택업무와 장시간 화면 작업 목·손목의 뻐근함 방문 홈케어 | 몽라운지","광진구 출장마사지 - 구의·광나루 재택업무와 장시간 화면 작업 목·손목의 뻐근함 방문 홈케어 | 몽라운지","광진구 구의·광나루·건대입구 생활권에서 재택업무와 장시간 화면 작업 뒤 목·손목의 뻐근함을 느끼는 경우, 가까운 방문 홈케어 정보를 찾는 순서와 지역 선택 기준을 정리한 몽라운지 안내입니다.","광진구 구의·광나루·건대입구 생활권에서 재택업무와 장시간 화면 작업 뒤 목·손목의 뻐근함을 느끼는 경우, 가까운 방문 홈케어 정보를 찾는 순서와 지역 선택 기준을 정리한 몽라운지 안내입니다.","1","1","0","0"
"기타지역페이지","massage/seoul/dongdaemun-gu/동대문구-출장마사지-회기-이문-청량리-공부-연구가-길어진-날-목-어깨의-긴장감-방문-홈케어/index.html","유지","동대문구 출장마사지 - 회기·이문 공부·연구가 길어진 날 목·어깨의 긴장감 방문 홈케어 | 몽라운지","동대문구 출장마사지 - 회기·이문 공부·연구가 길어진 날 목·어깨의 긴장감 방문 홈케어 | 몽라운지","동대문구 회기·이문·청량리 생활권에서 공부·연구가 길어진 날 뒤 목·어깨의 긴장감을 느끼는 경우, 가까운 방문 홈케어 정보를 찾는 순서와 지역 선택 기준을 정리한 몽라운지 안내입니다.","동대문구 회기·이문·청량리 생활권에서 공부·연구가 길어진 날 뒤 목·어깨의 긴장감을 느끼는 경우, 가까운 방문 홈케어 정보를 찾는 순서와 지역 선택 기준을 정리한 몽라운지 안내입니다.","1","1","0","0"
"기타지역페이지","massage/seoul/jongno-gu/종로구-출장마사지-혜화-대학로-종로5가-공연-관람-뒤-오래-걷는-일정-다리-발의-무거움-방문-홈케어/index.html","유지","종로구 출장마사지 - 혜화·대학로 공연·관람 뒤 오래 걷는 일정 다리·발의 무거움 방문 홈케어 | 몽라운지","종로구 출장마사지 - 혜화·대학로 공연·관람 뒤 오래 걷는 일정 다리·발의 무거움 방문 홈케어 | 몽라운지","종로구 혜화·대학로·종로5가 생활권에서 공연·관람 뒤 오래 걷는 일정 뒤 다리·발의 무거움을 느끼는 경우, 가까운 방문 홈케어 정보를 찾는 순서와 지역 선택 기준을 정리한 몽라운지 안내입니다.","종로구 혜화·대학로·종로5가 생활권에서 공연·관람 뒤 오래 걷는 일정 뒤 다리·발의 무거움을 느끼는 경우, 가까운 방문 홈케어 정보를 찾는 순서와 지역 선택 기준을 정리한 몽라운지 안내입니다.","1","1","0","0"
"기타지역페이지","massage/seoul/seongdong-gu/성동구-출장마사지-왕십리-행당-성수-통근과-약속이-이어진-하루-전신-피로-방문-홈케어/index.html","유지","성동구 출장마사지 - 왕십리·행당 통근과 약속이 이어진 하루 전신 피로 방문 홈케어 | 몽라운지","성동구 출장마사지 - 왕십리·행당 통근과 약속이 이어진 하루 전신 피로 방문 홈케어 | 몽라운지","성동구 왕십리·행당·성수 생활권에서 통근과 약속이 이어진 하루 뒤 전신 피로을 느끼는 경우, 가까운 방문 홈케어 정보를 찾는 순서와 지역 선택 기준을 정리한 몽라운지 안내입니다.","성동구 왕십리·행당·성수 생활권에서 통근과 약속이 이어진 하루 뒤 전신 피로을 느끼는 경우, 가까운 방문 홈케어 정보를 찾는 순서와 지역 선택 기준을 정리한 몽라운지 안내입니다.","1","1","0","0"
"기타지역페이지","massage/seoul/seongbuk-gu/성북구-출장마사지-정릉-돈암-길음-집안일과-일상-활동이-길어진-날-어깨-목의-뻐근함-방문-홈케어/index.html","유지","성북구 출장마사지 - 정릉·돈암 집안일과 일상 활동이 길어진 날 어깨·목의 뻐근함 방문 홈케어 | 몽라운지","성북구 출장마사지 - 정릉·돈암 집안일과 일상 활동이 길어진 날 어깨·목의 뻐근함 방문 홈케어 | 몽라운지","성북구 정릉·돈암·길음 생활권에서 집안일과 일상 활동이 길어진 날 뒤 어깨·목의 뻐근함을 느끼는 경우, 가까운 방문 홈케어 정보를 찾는 순서와 지역 선택 기준을 정리한 몽라운지 안내입니다.","성북구 정릉·돈암·길음 생활권에서 집안일과 일상 활동이 길어진 날 뒤 어깨·목의 뻐근함을 느끼는 경우, 가까운 방문 홈케어 정보를 찾는 순서와 지역 선택 기준을 정리한 몽라운지 안내입니다.","1","1","0","0"
"기타지역페이지","massage/seoul/yeongdeungpo-gu/영등포구-출장마사지-문래-영등포-여의도-판매-제조-오피스-일정이-겹친-날-다리-손목-피로-방문-홈케어/index.html","유지","영등포구 출장마사지 - 문래·영등포 판매·제조·오피스 일정이 겹친 날 다리·손목 피로 방문 홈케어 | 몽라운지","영등포구 출장마사지 - 문래·영등포 판매·제조·오피스 일정이 겹친 날 다리·손목 피로 방문 홈케어 | 몽라운지","영등포구 문래·영등포·여의도 생활권에서 판매·제조·오피스 일정이 겹친 날 뒤 다리·손목 피로을 느끼는 경우, 가까운 방문 홈케어 정보를 찾는 순서와 지역 선택 기준을 정리한 몽라운지 안내입니다.","영등포구 문래·영등포·여의도 생활권에서 판매·제조·오피스 일정이 겹친 날 뒤 다리·손목 피로을 느끼는 경우, 가까운 방문 홈케어 정보를 찾는 순서와 지역 선택 기준을 정리한 몽라운지 안내입니다.","1","1","0","0"
"기타지역페이지","massage/seoul/songpa-gu/송파구-출장마사지-문정-법조타운-잠실-야근과-장시간-화면-업무-어깨-목-눈의-피로-방문-홈케어/index.html","유지","송파구 출장마사지 - 문정·법조타운 야근과 장시간 화면 업무 어깨·목·눈의 피로 방문 홈케어 | 몽라운지","송파구 출장마사지 - 문정·법조타운 야근과 장시간 화면 업무 어깨·목·눈의 피로 방문 홈케어 | 몽라운지","송파구 문정·법조타운·잠실 생활권에서 야근과 장시간 화면 업무 뒤 어깨·목·눈의 피로을 느끼는 경우, 가까운 방문 홈케어 정보를 찾는 순서와 지역 선택 기준을 정리한 몽라운지 안내입니다.","송파구 문정·법조타운·잠실 생활권에서 야근과 장시간 화면 업무 뒤 어깨·목·눈의 피로을 느끼는 경우, 가까운 방문 홈케어 정보를 찾는 순서와 지역 선택 기준을 정리한 몽라운지 안내입니다.","1","1","0","0"
"기타지역페이지","massage/seoul/eunpyeong-gu/은평구-출장마사지-응암-역촌-불광-생활-이동과-장보기-일정-허리-어깨-피로-방문-홈케어/index.html","유지","은평구 출장마사지 - 응암·역촌 생활 이동과 장보기 일정 허리·어깨 피로 방문 홈케어 | 몽라운지","은평구 출장마사지 - 응암·역촌 생활 이동과 장보기 일정 허리·어깨 피로 방문 홈케어 | 몽라운지","은평구 응암·역촌·불광 생활권에서 생활 이동과 장보기 일정 뒤 허리·어깨 피로을 느끼는 경우, 가까운 방문 홈케어 정보를 찾는 순서와 지역 선택 기준을 정리한 몽라운지 안내입니다.","은평구 응암·역촌·불광 생활권에서 생활 이동과 장보기 일정 뒤 허리·어깨 피로을 느끼는 경우, 가까운 방문 홈케어 정보를 찾는 순서와 지역 선택 기준을 정리한 몽라운지 안내입니다.","1","1","0","0"
"기타지역페이지","massage/seoul/jung-gu/중구-출장마사지-신당-동대문시장-을지로-야간-영업과-장시간-서-있는-일정-다리-허리-피로-방문-홈케어/index.html","유지","중구 출장마사지 - 신당·동대문시장 야간 영업과 장시간 서 있는 일정 다리·허리 피로 방문 홈케어 | 몽라운지","중구 출장마사지 - 신당·동대문시장 야간 영업과 장시간 서 있는 일정 다리·허리 피로 방문 홈케어 | 몽라운지","중구 신당·동대문시장·을지로 생활권에서 야간 영업과 장시간 서 있는 일정 뒤 다리·허리 피로을 느끼는 경우, 가까운 방문 홈케어 정보를 찾는 순서와 지역 선택 기준을 정리한 몽라운지 안내입니다.","중구 신당·동대문시장·을지로 생활권에서 야간 영업과 장시간 서 있는 일정 뒤 다리·허리 피로을 느끼는 경우, 가까운 방문 홈케어 정보를 찾는 순서와 지역 선택 기준을 정리한 몽라운지 안내입니다.","1","1","0","0"
"기타지역페이지","massage/seoul/gangnam-gu/강남구-출장마사지-압구정-청담-역삼-외출-미팅-일정이-길어진-날-목-어깨의-뻐근함-방문-홈케어/index.html","유지","강남구 출장마사지 - 압구정·청담 외출·미팅 일정이 길어진 날 목·어깨의 뻐근함 방문 홈케어 | 몽라운지","강남구 출장마사지 - 압구정·청담 외출·미팅 일정이 길어진 날 목·어깨의 뻐근함 방문 홈케어 | 몽라운지","강남구 압구정·청담·역삼 생활권에서 외출·미팅 일정이 길어진 날 뒤 목·어깨의 뻐근함을 느끼는 경우, 가까운 방문 홈케어 정보를 찾는 순서와 지역 선택 기준을 정리한 몽라운지 안내입니다.","강남구 압구정·청담·역삼 생활권에서 외출·미팅 일정이 길어진 날 뒤 목·어깨의 뻐근함을 느끼는 경우, 가까운 방문 홈케어 정보를 찾는 순서와 지역 선택 기준을 정리한 몽라운지 안내입니다.","1","1","0","0"
"기타지역페이지","massage/seoul/yangcheon-gu/양천구-출장마사지-신정-신월-목동-강의와-장시간-발성이-이어진-날-목-어깨의-뻐근함-방문-홈케어/index.html","유지","양천구 출장마사지 - 신정·신월 강의와 장시간 발성이 이어진 날 목·어깨의 뻐근함 방문 홈케어 | 몽라운지","양천구 출장마사지 - 신정·신월 강의와 장시간 발성이 이어진 날 목·어깨의 뻐근함 방문 홈케어 | 몽라운지","양천구 신정·신월·목동 생활권에서 강의와 장시간 발성이 이어진 날 뒤 목·어깨의 뻐근함을 느끼는 경우, 가까운 방문 홈케어 정보를 찾는 순서와 지역 선택 기준을 정리한 몽라운지 안내입니다.","양천구 신정·신월·목동 생활권에서 강의와 장시간 발성이 이어진 날 뒤 목·어깨의 뻐근함을 느끼는 경우, 가까운 방문 홈케어 정보를 찾는 순서와 지역 선택 기준을 정리한 몽라운지 안내입니다.","1","1","0","0"
"기타지역페이지","massage/seoul/gangseo-gu/강서구-출장마사지-가양-등촌-마곡-육아와-집안일이-길어진-날-어깨-손목-허리-피로-방문-홈케어/index.html","유지","강서구 출장마사지 - 가양·등촌 육아와 집안일이 길어진 날 어깨·손목·허리 피로 방문 홈케어 | 몽라운지","강서구 출장마사지 - 가양·등촌 육아와 집안일이 길어진 날 어깨·손목·허리 피로 방문 홈케어 | 몽라운지","강서구 가양·등촌·마곡 생활권에서 육아와 집안일이 길어진 날 뒤 어깨·손목·허리 피로을 느끼는 경우, 가까운 방문 홈케어 정보를 찾는 순서와 지역 선택 기준을 정리한 몽라운지 안내입니다.","강서구 가양·등촌·마곡 생활권에서 육아와 집안일이 길어진 날 뒤 어깨·손목·허리 피로을 느끼는 경우, 가까운 방문 홈케어 정보를 찾는 순서와 지역 선택 기준을 정리한 몽라운지 안내입니다.","1","1","0","0"
"기타지역페이지","massage/gyeonggi/index.html","유지","경기 출장마사지 | 31개 시·군 지역 안내 | 몽라운지","경기 출장마사지 | 31개 시·군 지역 안내 | 몽라운지","경기 31개 시·군의 지역 구조와 생활권을 한곳에서 확인할 수 있도록 정리했습니다. 경기 출장마사지 이용 전 시·군을 선택하고 구가 있는 지역은 구와 읍·면·동까지 이어서 확인할 수 있습니다.","경기 31개 시·군의 지역 구조와 생활권을 한곳에서 확인할 수 있도록 정리했습니다. 경기 출장마사지 이용 전 시·군을 선택하고 구가 있는 지역은 구와 읍·면·동까지 이어서 확인할 수 있습니다.","1","1","1","1"
"기타지역페이지","massage/gyeonggi/goyang/고양시-출장마사지-일산-대화-백석-전시-행사와-장시간-보행-일정-다리-어깨-피로-방문-홈케어/index.html","유지","고양시 출장마사지 - 일산·대화 전시·행사와 장시간 보행 일정 다리·어깨 피로 방문 홈케어 | 몽라운지","고양시 출장마사지 - 일산·대화 전시·행사와 장시간 보행 일정 다리·어깨 피로 방문 홈케어 | 몽라운지","고양시 일산·대화·백석 생활권에서 전시·행사와 장시간 보행 일정 뒤 다리·어깨 피로을 느끼는 경우, 가까운 방문 홈케어 정보를 찾는 순서와 지역 선택 기준을 정리한 몽라운지 안내입니다.","고양시 일산·대화·백석 생활권에서 전시·행사와 장시간 보행 일정 뒤 다리·어깨 피로을 느끼는 경우, 가까운 방문 홈케어 정보를 찾는 순서와 지역 선택 기준을 정리한 몽라운지 안내입니다.","1","1","0","0"
"기타지역페이지","massage/gyeonggi/goyang/deogyang-gu/고양시-덕양구-출장마사지-동별-생활권-지역안내/index.html","유지","고양시 덕양구 출장마사지 | 동별 생활권·지역 안내 | 몽라운지","고양시 덕양구 출장마사지 | 동별 생활권·지역 안내 | 몽라운지","덕양구 안의 동별 생활권과 이동 범위를 먼저 확인할 수 있도록 정리했습니다. 경기 고양시 덕양구 출장마사지 이용 전 현재 위치와 가까운 동을 확인해 보세요.","덕양구 안의 동별 생활권과 이동 범위를 먼저 확인할 수 있도록 정리했습니다. 경기 고양시 덕양구 출장마사지 이용 전 현재 위치와 가까운 동을 확인해 보세요.","1","1","1","1"
"기타지역페이지","massage/gyeonggi/goyang/ilsandong-gu/고양시-일산동구-출장마사지-동별-생활권-지역안내/index.html","유지","고양시 일산동구 출장마사지 | 동별 생활권·지역 안내 | 몽라운지","고양시 일산동구 출장마사지 | 동별 생활권·지역 안내 | 몽라운지","속한 주요 동과 생활권을 기준으로 지역 정보를 구성했습니다. 경기 고양시 일산동구 출장마사지 이용 전 동별 위치와 이동 방향을 비교할 수 있습니다.","속한 주요 동과 생활권을 기준으로 지역 정보를 구성했습니다. 경기 고양시 일산동구 출장마사지 이용 전 동별 위치와 이동 방향을 비교할 수 있습니다.","1","1","1","1"
"기타지역페이지","massage/gyeonggi/goyang/ilsanseo-gu/고양시-일산서구-출장마사지-동별-생활권-지역안내/index.html","유지","고양시 일산서구 출장마사지 | 동별 생활권·지역 안내 | 몽라운지","고양시 일산서구 출장마사지 | 동별 생활권·지역 안내 | 몽라운지","일산서구 지역에서 현재 위치와 인접 동을 살펴보기 쉽도록 동별 안내를 정리했습니다. 경기 고양시 일산서구 출장마사지 이용 전 지역 범위를 확인해 보세요.","일산서구 지역에서 현재 위치와 인접 동을 살펴보기 쉽도록 동별 안내를 정리했습니다. 경기 고양시 일산서구 출장마사지 이용 전 지역 범위를 확인해 보세요.","1","1","1","1"
"기타지역페이지","massage/gyeonggi/uijeongbu/의정부시-출장마사지-민락-회룡-의정부역-통근과-생활-이동이-겹친-날-허리-다리-피로-방문-홈케어/index.html","유지","의정부시 출장마사지 - 민락·회룡 통근과 생활 이동이 겹친 날 허리·다리 피로 방문 홈케어 | 몽라운지","의정부시 출장마사지 - 민락·회룡 통근과 생활 이동이 겹친 날 허리·다리 피로 방문 홈케어 | 몽라운지","의정부시 민락·회룡·의정부역 생활권에서 통근과 생활 이동이 겹친 날 뒤 허리·다리 피로을 느끼는 경우, 가까운 방문 홈케어 정보를 찾는 순서와 지역 선택 기준을 정리한 몽라운지 안내입니다.","의정부시 민락·회룡·의정부역 생활권에서 통근과 생활 이동이 겹친 날 뒤 허리·다리 피로을 느끼는 경우, 가까운 방문 홈케어 정보를 찾는 순서와 지역 선택 기준을 정리한 몽라운지 안내입니다.","1","1","0","0"
"기타지역페이지","massage/gyeonggi/ansan/안산시-출장마사지-중앙-고잔-선부-산업단지-통근과-현장-일정-어깨-허리-피로-방문-홈케어/index.html","유지","안산시 출장마사지 - 중앙·고잔 산업단지 통근과 현장 일정 어깨·허리 피로 방문 홈케어 | 몽라운지","안산시 출장마사지 - 중앙·고잔 산업단지 통근과 현장 일정 어깨·허리 피로 방문 홈케어 | 몽라운지","안산시 중앙·고잔·선부 생활권에서 산업단지 통근과 현장 일정 뒤 어깨·허리 피로을 느끼는 경우, 가까운 방문 홈케어 정보를 찾는 순서와 지역 선택 기준을 정리한 몽라운지 안내입니다.","안산시 중앙·고잔·선부 생활권에서 산업단지 통근과 현장 일정 뒤 어깨·허리 피로을 느끼는 경우, 가까운 방문 홈케어 정보를 찾는 순서와 지역 선택 기준을 정리한 몽라운지 안내입니다.","1","1","0","0"
"기타지역페이지","massage/gyeonggi/ansan/danwon-gu/안산시-단원구-출장마사지-동별-생활권-지역안내/index.html","유지","안산시 단원구 출장마사지 | 동별 생활권·지역 안내 | 몽라운지","안산시 단원구 출장마사지 | 동별 생활권·지역 안내 | 몽라운지","속한 주요 동과 생활권을 기준으로 지역 정보를 구성했습니다. 경기 안산시 단원구 출장마사지 이용 전 동별 위치와 이동 방향을 비교할 수 있습니다.","속한 주요 동과 생활권을 기준으로 지역 정보를 구성했습니다. 경기 안산시 단원구 출장마사지 이용 전 동별 위치와 이동 방향을 비교할 수 있습니다.","1","1","1","1"
"기타지역페이지","massage/gyeonggi/ansan/sangnok-gu/안산시-상록구-출장마사지-동별-생활권-지역안내/index.html","유지","안산시 상록구 출장마사지 | 동별 생활권·지역 안내 | 몽라운지","안산시 상록구 출장마사지 | 동별 생활권·지역 안내 | 몽라운지","상록구 지역에서 현재 위치와 인접 동을 살펴보기 쉽도록 동별 안내를 정리했습니다. 경기 안산시 상록구 출장마사지 이용 전 지역 범위를 확인해 보세요.","상록구 지역에서 현재 위치와 인접 동을 살펴보기 쉽도록 동별 안내를 정리했습니다. 경기 안산시 상록구 출장마사지 이용 전 지역 범위를 확인해 보세요.","1","1","1","1"
"기타지역페이지","massage/gyeonggi/suwon/수원시-출장마사지-광교-인계-수원역-출퇴근과-상권-이동이-길어진-날-어깨-허리-피로-방문-홈케어/index.html","유지","수원시 출장마사지 - 광교·인계 출퇴근과 상권 이동이 길어진 날 어깨·허리 피로 방문 홈케어 | 몽라운지","수원시 출장마사지 - 광교·인계 출퇴근과 상권 이동이 길어진 날 어깨·허리 피로 방문 홈케어 | 몽라운지","수원시 광교·인계·수원역 생활권에서 출퇴근과 상권 이동이 길어진 날 뒤 어깨·허리 피로을 느끼는 경우, 가까운 방문 홈케어 정보를 찾는 순서와 지역 선택 기준을 정리한 몽라운지 안내입니다.","수원시 광교·인계·수원역 생활권에서 출퇴근과 상권 이동이 길어진 날 뒤 어깨·허리 피로을 느끼는 경우, 가까운 방문 홈케어 정보를 찾는 순서와 지역 선택 기준을 정리한 몽라운지 안내입니다.","1","1","0","0"
"기타지역페이지","massage/gyeonggi/suwon/gwonseon-gu/수원시-권선구-출장마사지-동별-생활권-지역안내/index.html","유지","수원시 권선구 출장마사지 | 동별 생활권·지역 안내 | 몽라운지","수원시 권선구 출장마사지 | 동별 생활권·지역 안내 | 몽라운지","속한 주요 동과 생활권을 기준으로 지역 정보를 구성했습니다. 경기 수원시 권선구 출장마사지 이용 전 동별 위치와 이동 방향을 비교할 수 있습니다.","속한 주요 동과 생활권을 기준으로 지역 정보를 구성했습니다. 경기 수원시 권선구 출장마사지 이용 전 동별 위치와 이동 방향을 비교할 수 있습니다.","1","1","1","1"
"기타지역페이지","massage/gyeonggi/suwon/yeongtong-gu/수원시-영통구-출장마사지-동별-생활권-지역안내/index.html","유지","수원시 영통구 출장마사지 | 동별 생활권·지역 안내 | 몽라운지","수원시 영통구 출장마사지 | 동별 생활권·지역 안내 | 몽라운지","영통구 지역에서 현재 위치와 인접 동을 살펴보기 쉽도록 동별 안내를 정리했습니다. 경기 수원시 영통구 출장마사지 이용 전 지역 범위를 확인해 보세요.","영통구 지역에서 현재 위치와 인접 동을 살펴보기 쉽도록 동별 안내를 정리했습니다. 경기 수원시 영통구 출장마사지 이용 전 지역 범위를 확인해 보세요.","1","1","1","1"
"기타지역페이지","massage/gyeonggi/suwon/jangan-gu/수원시-장안구-출장마사지-동별-생활권-지역안내/index.html","유지","수원시 장안구 출장마사지 | 동별 생활권·지역 안내 | 몽라운지","수원시 장안구 출장마사지 | 동별 생활권·지역 안내 | 몽라운지","장안구 생활권의 동 구성을 한눈에 확인할 수 있도록 정리했습니다. 경기 수원시 장안구 출장마사지 이용 전 가까운 동과 지역 연결을 살펴보세요.","장안구 생활권의 동 구성을 한눈에 확인할 수 있도록 정리했습니다. 경기 수원시 장안구 출장마사지 이용 전 가까운 동과 지역 연결을 살펴보세요.","1","1","1","1"
"기타지역페이지","massage/gyeonggi/suwon/paldal-gu/수원시-팔달구-출장마사지-동별-생활권-지역안내/index.html","유지","수원시 팔달구 출장마사지 | 동별 생활권·지역 안내 | 몽라운지","수원시 팔달구 출장마사지 | 동별 생활권·지역 안내 | 몽라운지","팔달구 안의 동별 생활권과 이동 범위를 먼저 확인할 수 있도록 정리했습니다. 경기 수원시 팔달구 출장마사지 이용 전 현재 위치와 가까운 동을 확인해 보세요.","팔달구 안의 동별 생활권과 이동 범위를 먼저 확인할 수 있도록 정리했습니다. 경기 수원시 팔달구 출장마사지 이용 전 현재 위치와 가까운 동을 확인해 보세요.","1","1","1","1"
"기타지역페이지","massage/gyeonggi/anseong/안성시-출장마사지-공도-석정-대덕-산업-통근과-장시간-운전-허리-다리-피로-방문-홈케어/index.html","유지","안성시 출장마사지 - 공도·석정 산업 통근과 장시간 운전 허리·다리 피로 방문 홈케어 | 몽라운지","안성시 출장마사지 - 공도·석정 산업 통근과 장시간 운전 허리·다리 피로 방문 홈케어 | 몽라운지","안성시 공도·석정·대덕 생활권에서 산업 통근과 장시간 운전 뒤 허리·다리 피로을 느끼는 경우, 가까운 방문 홈케어 정보를 찾는 순서와 지역 선택 기준을 정리한 몽라운지 안내입니다.","안성시 공도·석정·대덕 생활권에서 산업 통근과 장시간 운전 뒤 허리·다리 피로을 느끼는 경우, 가까운 방문 홈케어 정보를 찾는 순서와 지역 선택 기준을 정리한 몽라운지 안내입니다.","1","1","0","0"
"기타지역페이지","massage/gyeonggi/uiwang/의왕시-출장마사지-내손-포일-오전-오피스-통근과-장시간-앉은-업무-목-허리-피로-방문-홈케어/index.html","유지","의왕시 출장마사지 - 내손·포일 오피스 통근과 장시간 앉은 업무 목·허리 피로 방문 홈케어 | 몽라운지","의왕시 출장마사지 - 내손·포일 오피스 통근과 장시간 앉은 업무 목·허리 피로 방문 홈케어 | 몽라운지","의왕시 내손·포일·오전 생활권에서 오피스 통근과 장시간 앉은 업무 뒤 목·허리 피로을 느끼는 경우, 가까운 방문 홈케어 정보를 찾는 순서와 지역 선택 기준을 정리한 몽라운지 안내입니다.","의왕시 내손·포일·오전 생활권에서 오피스 통근과 장시간 앉은 업무 뒤 목·허리 피로을 느끼는 경우, 가까운 방문 홈케어 정보를 찾는 순서와 지역 선택 기준을 정리한 몽라운지 안내입니다.","1","1","0","0"
"기타지역페이지","massage/gyeonggi/seongnam/성남시-출장마사지-판교-정자-야탑-IT-오피스-업무와-긴-화면-작업-목-손목의-뻐근함-방문-홈케어/index.html","유지","성남시 출장마사지 - 판교·정자 IT 오피스 업무와 긴 화면 작업 목·손목의 뻐근함 방문 홈케어 | 몽라운지","성남시 출장마사지 - 판교·정자 IT 오피스 업무와 긴 화면 작업 목·손목의 뻐근함 방문 홈케어 | 몽라운지","성남시 판교·정자·야탑 생활권에서 IT 오피스 업무와 긴 화면 작업 뒤 목·손목의 뻐근함을 느끼는 경우, 가까운 방문 홈케어 정보를 찾는 순서와 지역 선택 기준을 정리한 몽라운지 안내입니다.","성남시 판교·정자·야탑 생활권에서 IT 오피스 업무와 긴 화면 작업 뒤 목·손목의 뻐근함을 느끼는 경우, 가까운 방문 홈케어 정보를 찾는 순서와 지역 선택 기준을 정리한 몽라운지 안내입니다.","1","1","0","0"
"기타지역페이지","massage/gyeonggi/seongnam/bundang-gu/성남시-분당구-출장마사지-동별-생활권-지역안내/index.html","유지","성남시 분당구 출장마사지 | 동별 생활권·지역 안내 | 몽라운지","성남시 분당구 출장마사지 | 동별 생활권·지역 안내 | 몽라운지","분당구 지역에서 현재 위치와 인접 동을 살펴보기 쉽도록 동별 안내를 정리했습니다. 경기 성남시 분당구 출장마사지 이용 전 지역 범위를 확인해 보세요.","분당구 지역에서 현재 위치와 인접 동을 살펴보기 쉽도록 동별 안내를 정리했습니다. 경기 성남시 분당구 출장마사지 이용 전 지역 범위를 확인해 보세요.","1","1","1","1"
"기타지역페이지","massage/gyeonggi/seongnam/sujeong-gu/성남시-수정구-출장마사지-동별-생활권-지역안내/index.html","유지","성남시 수정구 출장마사지 | 동별 생활권·지역 안내 | 몽라운지","성남시 수정구 출장마사지 | 동별 생활권·지역 안내 | 몽라운지","수정구 생활권의 동 구성을 한눈에 확인할 수 있도록 정리했습니다. 경기 성남시 수정구 출장마사지 이용 전 가까운 동과 지역 연결을 살펴보세요.","수정구 생활권의 동 구성을 한눈에 확인할 수 있도록 정리했습니다. 경기 성남시 수정구 출장마사지 이용 전 가까운 동과 지역 연결을 살펴보세요.","1","1","1","1"
"기타지역페이지","massage/gyeonggi/seongnam/jungwon-gu/성남시-중원구-출장마사지-동별-생활권-지역안내/index.html","유지","성남시 중원구 출장마사지 | 동별 생활권·지역 안내 | 몽라운지","성남시 중원구 출장마사지 | 동별 생활권·지역 안내 | 몽라운지","중원구 안의 동별 생활권과 이동 범위를 먼저 확인할 수 있도록 정리했습니다. 경기 성남시 중원구 출장마사지 이용 전 현재 위치와 가까운 동을 확인해 보세요.","중원구 안의 동별 생활권과 이동 범위를 먼저 확인할 수 있도록 정리했습니다. 경기 성남시 중원구 출장마사지 이용 전 현재 위치와 가까운 동을 확인해 보세요.","1","1","1","1"
"기타지역페이지","massage/gyeonggi/gwacheon/과천시-출장마사지-중앙-별양-정부과천청사-오피스-통근과-회의-일정-목-어깨-피로-방문-홈케어/index.html","유지","과천시 출장마사지 - 중앙·별양 오피스 통근과 회의 일정 목·어깨 피로 방문 홈케어 | 몽라운지","과천시 출장마사지 - 중앙·별양 오피스 통근과 회의 일정 목·어깨 피로 방문 홈케어 | 몽라운지","과천시 중앙·별양·정부과천청사 생활권에서 오피스 통근과 회의 일정 뒤 목·어깨 피로을 느끼는 경우, 가까운 방문 홈케어 정보를 찾는 순서와 지역 선택 기준을 정리한 몽라운지 안내입니다.","과천시 중앙·별양·정부과천청사 생활권에서 오피스 통근과 회의 일정 뒤 목·어깨 피로을 느끼는 경우, 가까운 방문 홈케어 정보를 찾는 순서와 지역 선택 기준을 정리한 몽라운지 안내입니다.","1","1","0","0"
"기타지역페이지","massage/gyeonggi/gimpo/김포시-출장마사지-장기-구래-마산-신도시-통근과-대중교통-이동-어깨-다리-피로-방문-홈케어/index.html","유지","김포시 출장마사지 - 장기·구래 신도시 통근과 대중교통 이동 어깨·다리 피로 방문 홈케어 | 몽라운지","김포시 출장마사지 - 장기·구래 신도시 통근과 대중교통 이동 어깨·다리 피로 방문 홈케어 | 몽라운지","김포시 장기·구래·마산 생활권에서 신도시 통근과 대중교통 이동 뒤 어깨·다리 피로을 느끼는 경우, 가까운 방문 홈케어 정보를 찾는 순서와 지역 선택 기준을 정리한 몽라운지 안내입니다.","김포시 장기·구래·마산 생활권에서 신도시 통근과 대중교통 이동 뒤 어깨·다리 피로을 느끼는 경우, 가까운 방문 홈케어 정보를 찾는 순서와 지역 선택 기준을 정리한 몽라운지 안내입니다.","1","1","0","0"
"기타지역페이지","massage/gyeonggi/yeoju/여주시-출장마사지-오학-홍문-여주역-쇼핑-업무와-차량-이동이-겹친-날-다리-허리-피로-방문-홈케어/index.html","유지","여주시 출장마사지 - 오학·홍문 쇼핑·업무와 차량 이동이 겹친 날 다리·허리 피로 방문 홈케어 | 몽라운지","여주시 출장마사지 - 오학·홍문 쇼핑·업무와 차량 이동이 겹친 날 다리·허리 피로 방문 홈케어 | 몽라운지","여주시 오학·홍문·여주역 생활권에서 쇼핑·업무와 차량 이동이 겹친 날 뒤 다리·허리 피로을 느끼는 경우, 가까운 방문 홈케어 정보를 찾는 순서와 지역 선택 기준을 정리한 몽라운지 안내입니다.","여주시 오학·홍문·여주역 생활권에서 쇼핑·업무와 차량 이동이 겹친 날 뒤 다리·허리 피로을 느끼는 경우, 가까운 방문 홈케어 정보를 찾는 순서와 지역 선택 기준을 정리한 몽라운지 안내입니다.","1","1","0","0"
"기타지역페이지","massage/gyeonggi/pocheon/포천시-출장마사지-소흘-송우리-포천동-장거리-차량-이동과-현장-일정-허리-어깨-피로-방문-홈케어/index.html","유지","포천시 출장마사지 - 소흘·송우리 장거리 차량 이동과 현장 일정 허리·어깨 피로 방문 홈케어 | 몽라운지","포천시 출장마사지 - 소흘·송우리 장거리 차량 이동과 현장 일정 허리·어깨 피로 방문 홈케어 | 몽라운지","포천시 소흘·송우리·포천동 생활권에서 장거리 차량 이동과 현장 일정 뒤 허리·어깨 피로을 느끼는 경우, 가까운 방문 홈케어 정보를 찾는 순서와 지역 선택 기준을 정리한 몽라운지 안내입니다.","포천시 소흘·송우리·포천동 생활권에서 장거리 차량 이동과 현장 일정 뒤 허리·어깨 피로을 느끼는 경우, 가까운 방문 홈케어 정보를 찾는 순서와 지역 선택 기준을 정리한 몽라운지 안내입니다.","1","1","0","0"
"기타지역페이지","massage/gyeonggi/dongducheon/동두천시-출장마사지-지행-생연-보산-광역-통근과-생활-이동이-긴-날-어깨-허리-피로-방문-홈케어/index.html","유지","동두천시 출장마사지 - 지행·생연 광역 통근과 생활 이동이 긴 날 어깨·허리 피로 방문 홈케어 | 몽라운지","동두천시 출장마사지 - 지행·생연 광역 통근과 생활 이동이 긴 날 어깨·허리 피로 방문 홈케어 | 몽라운지","동두천시 지행·생연·보산 생활권에서 광역 통근과 생활 이동이 긴 날 뒤 어깨·허리 피로을 느끼는 경우, 가까운 방문 홈케어 정보를 찾는 순서와 지역 선택 기준을 정리한 몽라운지 안내입니다.","동두천시 지행·생연·보산 생활권에서 광역 통근과 생활 이동이 긴 날 뒤 어깨·허리 피로을 느끼는 경우, 가까운 방문 홈케어 정보를 찾는 순서와 지역 선택 기준을 정리한 몽라운지 안내입니다.","1","1","0","0"
"기타지역페이지","massage/gyeonggi/yeoncheon/연천군-출장마사지-전곡-연천읍-청산-장거리-운전과-외곽-이동-허리-다리-피로-방문-홈케어/index.html","유지","연천군 출장마사지 - 전곡·연천읍 장거리 운전과 외곽 이동 허리·다리 피로 방문 홈케어 | 몽라운지","연천군 출장마사지 - 전곡·연천읍 장거리 운전과 외곽 이동 허리·다리 피로 방문 홈케어 | 몽라운지","연천군 전곡·연천읍·청산 생활권에서 장거리 운전과 외곽 이동 뒤 허리·다리 피로을 느끼는 경우, 가까운 방문 홈케어 정보를 찾는 순서와 지역 선택 기준을 정리한 몽라운지 안내입니다.","연천군 전곡·연천읍·청산 생활권에서 장거리 운전과 외곽 이동 뒤 허리·다리 피로을 느끼는 경우, 가까운 방문 홈케어 정보를 찾는 순서와 지역 선택 기준을 정리한 몽라운지 안내입니다.","1","1","0","0"
"기타지역페이지","massage/gyeonggi/guri/구리시-출장마사지-인창-갈매-수택-서울-통근과-생활-이동이-긴-날-목-허리-피로-방문-홈케어/index.html","유지","구리시 출장마사지 - 인창·갈매 서울 통근과 생활 이동이 긴 날 목·허리 피로 방문 홈케어 | 몽라운지","구리시 출장마사지 - 인창·갈매 서울 통근과 생활 이동이 긴 날 목·허리 피로 방문 홈케어 | 몽라운지","구리시 인창·갈매·수택 생활권에서 서울 통근과 생활 이동이 긴 날 뒤 목·허리 피로을 느끼는 경우, 가까운 방문 홈케어 정보를 찾는 순서와 지역 선택 기준을 정리한 몽라운지 안내입니다.","구리시 인창·갈매·수택 생활권에서 서울 통근과 생활 이동이 긴 날 뒤 목·허리 피로을 느끼는 경우, 가까운 방문 홈케어 정보를 찾는 순서와 지역 선택 기준을 정리한 몽라운지 안내입니다.","1","1","0","0"
"기타지역페이지","massage/gyeonggi/yangpyeong/양평군-출장마사지-양평읍-용문-양서-주말-차량-이동과-외출-일정-허리-다리-피로-방문-홈케어/index.html","유지","양평군 출장마사지 - 양평읍·용문 주말 차량 이동과 외출 일정 허리·다리 피로 방문 홈케어 | 몽라운지","양평군 출장마사지 - 양평읍·용문 주말 차량 이동과 외출 일정 허리·다리 피로 방문 홈케어 | 몽라운지","양평군 양평읍·용문·양서 생활권에서 주말 차량 이동과 외출 일정 뒤 허리·다리 피로을 느끼는 경우, 가까운 방문 홈케어 정보를 찾는 순서와 지역 선택 기준을 정리한 몽라운지 안내입니다.","양평군 양평읍·용문·양서 생활권에서 주말 차량 이동과 외출 일정 뒤 허리·다리 피로을 느끼는 경우, 가까운 방문 홈케어 정보를 찾는 순서와 지역 선택 기준을 정리한 몽라운지 안내입니다.","1","1","0","0"
"기타지역페이지","massage/gyeonggi/icheon/이천시-출장마사지-창전-부발-증포-물류-산업-업무와-장시간-이동-어깨-허리-피로-방문-홈케어/index.html","유지","이천시 출장마사지 - 창전·부발 물류·산업 업무와 장시간 이동 어깨·허리 피로 방문 홈케어 | 몽라운지","이천시 출장마사지 - 창전·부발 물류·산업 업무와 장시간 이동 어깨·허리 피로 방문 홈케어 | 몽라운지","이천시 창전·부발·증포 생활권에서 물류·산업 업무와 장시간 이동 뒤 어깨·허리 피로을 느끼는 경우, 가까운 방문 홈케어 정보를 찾는 순서와 지역 선택 기준을 정리한 몽라운지 안내입니다.","이천시 창전·부발·증포 생활권에서 물류·산업 업무와 장시간 이동 뒤 어깨·허리 피로을 느끼는 경우, 가까운 방문 홈케어 정보를 찾는 순서와 지역 선택 기준을 정리한 몽라운지 안내입니다.","1","1","0","0"
"기타지역페이지","massage/gyeonggi/pyeongtaek/평택시-출장마사지-고덕-송탄-평택역-교대-근무와-장시간-이동-다리-어깨-피로-방문-홈케어/index.html","유지","평택시 출장마사지 - 고덕·송탄 교대 근무와 장시간 이동 다리·어깨 피로 방문 홈케어 | 몽라운지","평택시 출장마사지 - 고덕·송탄 교대 근무와 장시간 이동 다리·어깨 피로 방문 홈케어 | 몽라운지","평택시 고덕·송탄·평택역 생활권에서 교대 근무와 장시간 이동 뒤 다리·어깨 피로을 느끼는 경우, 가까운 방문 홈케어 정보를 찾는 순서와 지역 선택 기준을 정리한 몽라운지 안내입니다.","평택시 고덕·송탄·평택역 생활권에서 교대 근무와 장시간 이동 뒤 다리·어깨 피로을 느끼는 경우, 가까운 방문 홈케어 정보를 찾는 순서와 지역 선택 기준을 정리한 몽라운지 안내입니다.","1","1","0","0"
"기타지역페이지","massage/gyeonggi/osan/오산시-출장마사지-세교-오산역-원동-출퇴근과-환승-이동이-길어진-날-목-다리-피로-방문-홈케어/index.html","유지","오산시 출장마사지 - 세교·오산역 출퇴근과 환승 이동이 길어진 날 목·다리 피로 방문 홈케어 | 몽라운지","오산시 출장마사지 - 세교·오산역 출퇴근과 환승 이동이 길어진 날 목·다리 피로 방문 홈케어 | 몽라운지","오산시 세교·오산역·원동 생활권에서 출퇴근과 환승 이동이 길어진 날 뒤 목·다리 피로을 느끼는 경우, 가까운 방문 홈케어 정보를 찾는 순서와 지역 선택 기준을 정리한 몽라운지 안내입니다.","오산시 세교·오산역·원동 생활권에서 출퇴근과 환승 이동이 길어진 날 뒤 목·다리 피로을 느끼는 경우, 가까운 방문 홈케어 정보를 찾는 순서와 지역 선택 기준을 정리한 몽라운지 안내입니다.","1","1","0","0"
"기타지역페이지","massage/gyeonggi/gunpo/군포시-출장마사지-산본-금정-당동-지하철-통근과-장시간-보행-다리-허리-피로-방문-홈케어/index.html","유지","군포시 출장마사지 - 산본·금정 지하철 통근과 장시간 보행 다리·허리 피로 방문 홈케어 | 몽라운지","군포시 출장마사지 - 산본·금정 지하철 통근과 장시간 보행 다리·허리 피로 방문 홈케어 | 몽라운지","군포시 산본·금정·당동 생활권에서 지하철 통근과 장시간 보행 뒤 다리·허리 피로을 느끼는 경우, 가까운 방문 홈케어 정보를 찾는 순서와 지역 선택 기준을 정리한 몽라운지 안내입니다.","군포시 산본·금정·당동 생활권에서 지하철 통근과 장시간 보행 뒤 다리·허리 피로을 느끼는 경우, 가까운 방문 홈케어 정보를 찾는 순서와 지역 선택 기준을 정리한 몽라운지 안내입니다.","1","1","0","0"
"기타지역페이지","massage/gyeonggi/hanam/하남시-출장마사지-미사-감일-덕풍-신도시-생활과-집안-정리-일정-어깨-허리-피로-방문-홈케어/index.html","유지","하남시 출장마사지 - 미사·감일 신도시 생활과 집안 정리 일정 어깨·허리 피로 방문 홈케어 | 몽라운지","하남시 출장마사지 - 미사·감일 신도시 생활과 집안 정리 일정 어깨·허리 피로 방문 홈케어 | 몽라운지","하남시 미사·감일·덕풍 생활권에서 신도시 생활과 집안 정리 일정 뒤 어깨·허리 피로을 느끼는 경우, 가까운 방문 홈케어 정보를 찾는 순서와 지역 선택 기준을 정리한 몽라운지 안내입니다.","하남시 미사·감일·덕풍 생활권에서 신도시 생활과 집안 정리 일정 뒤 어깨·허리 피로을 느끼는 경우, 가까운 방문 홈케어 정보를 찾는 순서와 지역 선택 기준을 정리한 몽라운지 안내입니다.","1","1","0","0"
"기타지역페이지","massage/gyeonggi/gapyeong/가평군-출장마사지-가평읍-청평-설악-여행-숙박과-장시간-이동-다리-허리-피로-방문-홈케어/index.html","유지","가평군 출장마사지 - 가평읍·청평 여행·숙박과 장시간 이동 다리·허리 피로 방문 홈케어 | 몽라운지","가평군 출장마사지 - 가평읍·청평 여행·숙박과 장시간 이동 다리·허리 피로 방문 홈케어 | 몽라운지","가평군 가평읍·청평·설악 생활권에서 여행·숙박과 장시간 이동 뒤 다리·허리 피로을 느끼는 경우, 가까운 방문 홈케어 정보를 찾는 순서와 지역 선택 기준을 정리한 몽라운지 안내입니다.","가평군 가평읍·청평·설악 생활권에서 여행·숙박과 장시간 이동 뒤 다리·허리 피로을 느끼는 경우, 가까운 방문 홈케어 정보를 찾는 순서와 지역 선택 기준을 정리한 몽라운지 안내입니다.","1","1","0","0"
"기타지역페이지","massage/gyeonggi/hwaseong/화성시-출장마사지-동탄-병점-향남-신도시-생활과-가족-일정-어깨-허리-피로-방문-홈케어/index.html","유지","화성시 출장마사지 - 동탄·병점 신도시 생활과 가족 일정 어깨·허리 피로 방문 홈케어 | 몽라운지","화성시 출장마사지 - 동탄·병점 신도시 생활과 가족 일정 어깨·허리 피로 방문 홈케어 | 몽라운지","화성시 동탄·병점·향남 생활권에서 신도시 생활과 가족 일정 뒤 어깨·허리 피로을 느끼는 경우, 가까운 방문 홈케어 정보를 찾는 순서와 지역 선택 기준을 정리한 몽라운지 안내입니다.","화성시 동탄·병점·향남 생활권에서 신도시 생활과 가족 일정 뒤 어깨·허리 피로을 느끼는 경우, 가까운 방문 홈케어 정보를 찾는 순서와 지역 선택 기준을 정리한 몽라운지 안내입니다.","1","1","0","0"
"기타지역페이지","massage/gyeonggi/hwaseong/dongtan-gu/화성시-동탄구-출장마사지-동별-생활권-지역안내/index.html","유지","화성시 동탄구 출장마사지 | 동별 생활권·지역 안내 | 몽라운지","화성시 동탄구 출장마사지 | 동별 생활권·지역 안내 | 몽라운지","동탄구 안의 동별 생활권과 이동 범위를 먼저 확인할 수 있도록 정리했습니다. 경기 화성시 동탄구 출장마사지 이용 전 현재 위치와 가까운 동을 확인해 보세요.","동탄구 안의 동별 생활권과 이동 범위를 먼저 확인할 수 있도록 정리했습니다. 경기 화성시 동탄구 출장마사지 이용 전 현재 위치와 가까운 동을 확인해 보세요.","1","1","1","1"
"기타지역페이지","massage/gyeonggi/hwaseong/manse-gu/화성시-만세구-출장마사지-동별-생활권-지역안내/index.html","유지","화성시 만세구 출장마사지 | 동별 생활권·지역 안내 | 몽라운지","화성시 만세구 출장마사지 | 동별 생활권·지역 안내 | 몽라운지","속한 주요 동과 생활권을 기준으로 지역 정보를 구성했습니다. 경기 화성시 만세구 출장마사지 이용 전 동별 위치와 이동 방향을 비교할 수 있습니다.","속한 주요 동과 생활권을 기준으로 지역 정보를 구성했습니다. 경기 화성시 만세구 출장마사지 이용 전 동별 위치와 이동 방향을 비교할 수 있습니다.","1","1","1","1"
"기타지역페이지","massage/gyeonggi/hwaseong/byeongjeom-gu/화성시-병점구-출장마사지-동별-생활권-지역안내/index.html","유지","화성시 병점구 출장마사지 | 동별 생활권·지역 안내 | 몽라운지","화성시 병점구 출장마사지 | 동별 생활권·지역 안내 | 몽라운지","병점구 지역에서 현재 위치와 인접 동을 살펴보기 쉽도록 동별 안내를 정리했습니다. 경기 화성시 병점구 출장마사지 이용 전 지역 범위를 확인해 보세요.","병점구 지역에서 현재 위치와 인접 동을 살펴보기 쉽도록 동별 안내를 정리했습니다. 경기 화성시 병점구 출장마사지 이용 전 지역 범위를 확인해 보세요.","1","1","1","1"
"기타지역페이지","massage/gyeonggi/hwaseong/hyohaeng-gu/화성시-효행구-출장마사지-동별-생활권-지역안내/index.html","유지","화성시 효행구 출장마사지 | 동별 생활권·지역 안내 | 몽라운지","화성시 효행구 출장마사지 | 동별 생활권·지역 안내 | 몽라운지","효행구 생활권의 동 구성을 한눈에 확인할 수 있도록 정리했습니다. 경기 화성시 효행구 출장마사지 이용 전 가까운 동과 지역 연결을 살펴보세요.","효행구 생활권의 동 구성을 한눈에 확인할 수 있도록 정리했습니다. 경기 화성시 효행구 출장마사지 이용 전 가까운 동과 지역 연결을 살펴보세요.","1","1","1","1"
"기타지역페이지","massage/gyeonggi/gwangmyeong/광명시-출장마사지-광명역-철산-하안-출장과-광역-이동이-겹친-날-다리-허리-피로-방문-홈케어/index.html","유지","광명시 출장마사지 - 광명역·철산 출장과 광역 이동이 겹친 날 다리·허리 피로 방문 홈케어 | 몽라운지","광명시 출장마사지 - 광명역·철산 출장과 광역 이동이 겹친 날 다리·허리 피로 방문 홈케어 | 몽라운지","광명시 광명역·철산·하안 생활권에서 출장과 광역 이동이 겹친 날 뒤 다리·허리 피로을 느끼는 경우, 가까운 방문 홈케어 정보를 찾는 순서와 지역 선택 기준을 정리한 몽라운지 안내입니다.","광명시 광명역·철산·하안 생활권에서 출장과 광역 이동이 겹친 날 뒤 다리·허리 피로을 느끼는 경우, 가까운 방문 홈케어 정보를 찾는 순서와 지역 선택 기준을 정리한 몽라운지 안내입니다.","1","1","0","0"
"기타지역페이지","massage/gyeonggi/yangju/양주시-출장마사지-옥정-덕계-회천-가족-일정과-차량-이동이-겹친-날-허리-다리-피로-방문-홈케어/index.html","유지","양주시 출장마사지 - 옥정·덕계 가족 일정과 차량 이동이 겹친 날 허리·다리 피로 방문 홈케어 | 몽라운지","양주시 출장마사지 - 옥정·덕계 가족 일정과 차량 이동이 겹친 날 허리·다리 피로 방문 홈케어 | 몽라운지","양주시 옥정·덕계·회천 생활권에서 가족 일정과 차량 이동이 겹친 날 뒤 허리·다리 피로을 느끼는 경우, 가까운 방문 홈케어 정보를 찾는 순서와 지역 선택 기준을 정리한 몽라운지 안내입니다.","양주시 옥정·덕계·회천 생활권에서 가족 일정과 차량 이동이 겹친 날 뒤 허리·다리 피로을 느끼는 경우, 가까운 방문 홈케어 정보를 찾는 순서와 지역 선택 기준을 정리한 몽라운지 안내입니다.","1","1","0","0"
"기타지역페이지","massage/gyeonggi/anyang/안양시-출장마사지-평촌-범계-안양역-오피스-통근과-장시간-앉은-업무-목-허리-뻐근함-방문-홈케어/index.html","유지","안양시 출장마사지 - 평촌·범계 오피스 통근과 장시간 앉은 업무 목·허리 뻐근함 방문 홈케어 | 몽라운지","안양시 출장마사지 - 평촌·범계 오피스 통근과 장시간 앉은 업무 목·허리 뻐근함 방문 홈케어 | 몽라운지","안양시 평촌·범계·안양역 생활권에서 오피스 통근과 장시간 앉은 업무 뒤 목·허리 뻐근함을 느끼는 경우, 가까운 방문 홈케어 정보를 찾는 순서와 지역 선택 기준을 정리한 몽라운지 안내입니다.","안양시 평촌·범계·안양역 생활권에서 오피스 통근과 장시간 앉은 업무 뒤 목·허리 뻐근함을 느끼는 경우, 가까운 방문 홈케어 정보를 찾는 순서와 지역 선택 기준을 정리한 몽라운지 안내입니다.","1","1","0","0"
"기타지역페이지","massage/gyeonggi/anyang/dongan-gu/안양시-동안구-출장마사지-동별-생활권-지역안내/index.html","유지","안양시 동안구 출장마사지 | 동별 생활권·지역 안내 | 몽라운지","안양시 동안구 출장마사지 | 동별 생활권·지역 안내 | 몽라운지","동안구 생활권의 동 구성을 한눈에 확인할 수 있도록 정리했습니다. 경기 안양시 동안구 출장마사지 이용 전 가까운 동과 지역 연결을 살펴보세요.","동안구 생활권의 동 구성을 한눈에 확인할 수 있도록 정리했습니다. 경기 안양시 동안구 출장마사지 이용 전 가까운 동과 지역 연결을 살펴보세요.","1","1","1","1"
"기타지역페이지","massage/gyeonggi/anyang/manan-gu/안양시-만안구-출장마사지-동별-생활권-지역안내/index.html","유지","안양시 만안구 출장마사지 | 동별 생활권·지역 안내 | 몽라운지","안양시 만안구 출장마사지 | 동별 생활권·지역 안내 | 몽라운지","만안구 안의 동별 생활권과 이동 범위를 먼저 확인할 수 있도록 정리했습니다. 경기 안양시 만안구 출장마사지 이용 전 현재 위치와 가까운 동을 확인해 보세요.","만안구 안의 동별 생활권과 이동 범위를 먼저 확인할 수 있도록 정리했습니다. 경기 안양시 만안구 출장마사지 이용 전 현재 위치와 가까운 동을 확인해 보세요.","1","1","1","1"
"기타지역페이지","massage/gyeonggi/bucheon/부천시-출장마사지-중동-상동-부천역-쇼핑-서비스-업무로-오래-선-날-다리-발-피로-방문-홈케어/index.html","유지","부천시 출장마사지 - 중동·상동 쇼핑·서비스 업무로 오래 선 날 다리·발 피로 방문 홈케어 | 몽라운지","부천시 출장마사지 - 중동·상동 쇼핑·서비스 업무로 오래 선 날 다리·발 피로 방문 홈케어 | 몽라운지","부천시 중동·상동·부천역 생활권에서 쇼핑·서비스 업무로 오래 선 날 뒤 다리·발 피로을 느끼는 경우, 가까운 방문 홈케어 정보를 찾는 순서와 지역 선택 기준을 정리한 몽라운지 안내입니다.","부천시 중동·상동·부천역 생활권에서 쇼핑·서비스 업무로 오래 선 날 뒤 다리·발 피로을 느끼는 경우, 가까운 방문 홈케어 정보를 찾는 순서와 지역 선택 기준을 정리한 몽라운지 안내입니다.","1","1","0","0"
"기타지역페이지","massage/gyeonggi/bucheon/sosa-gu/부천시-소사구-출장마사지-동별-생활권-지역안내/index.html","유지","부천시 소사구 출장마사지 | 동별 생활권·지역 안내 | 몽라운지","부천시 소사구 출장마사지 | 동별 생활권·지역 안내 | 몽라운지","소사구 생활권의 동 구성을 한눈에 확인할 수 있도록 정리했습니다. 경기 부천시 소사구 출장마사지 이용 전 가까운 동과 지역 연결을 살펴보세요.","소사구 생활권의 동 구성을 한눈에 확인할 수 있도록 정리했습니다. 경기 부천시 소사구 출장마사지 이용 전 가까운 동과 지역 연결을 살펴보세요.","1","1","1","1"
"기타지역페이지","massage/gyeonggi/bucheon/ojeong-gu/부천시-오정구-출장마사지-동별-생활권-지역안내/index.html","유지","부천시 오정구 출장마사지 | 동별 생활권·지역 안내 | 몽라운지","부천시 오정구 출장마사지 | 동별 생활권·지역 안내 | 몽라운지","오정구 안의 동별 생활권과 이동 범위를 먼저 확인할 수 있도록 정리했습니다. 경기 부천시 오정구 출장마사지 이용 전 현재 위치와 가까운 동을 확인해 보세요.","오정구 안의 동별 생활권과 이동 범위를 먼저 확인할 수 있도록 정리했습니다. 경기 부천시 오정구 출장마사지 이용 전 현재 위치와 가까운 동을 확인해 보세요.","1","1","1","1"
"기타지역페이지","massage/gyeonggi/bucheon/wonmi-gu/부천시-원미구-출장마사지-동별-생활권-지역안내/index.html","유지","부천시 원미구 출장마사지 | 동별 생활권·지역 안내 | 몽라운지","부천시 원미구 출장마사지 | 동별 생활권·지역 안내 | 몽라운지","속한 주요 동과 생활권을 기준으로 지역 정보를 구성했습니다. 경기 부천시 원미구 출장마사지 이용 전 동별 위치와 이동 방향을 비교할 수 있습니다.","속한 주요 동과 생활권을 기준으로 지역 정보를 구성했습니다. 경기 부천시 원미구 출장마사지 이용 전 동별 위치와 이동 방향을 비교할 수 있습니다.","1","1","1","1"
"기타지역페이지","massage/gyeonggi/yongin/용인시-출장마사지-죽전-기흥-수지-긴-통근과-차량-이동이-겹친-날-허리-다리-피로-방문-홈케어/index.html","유지","용인시 출장마사지 - 죽전·기흥 긴 통근과 차량 이동이 겹친 날 허리·다리 피로 방문 홈케어 | 몽라운지","용인시 출장마사지 - 죽전·기흥 긴 통근과 차량 이동이 겹친 날 허리·다리 피로 방문 홈케어 | 몽라운지","용인시 죽전·기흥·수지 생활권에서 긴 통근과 차량 이동이 겹친 날 뒤 허리·다리 피로을 느끼는 경우, 가까운 방문 홈케어 정보를 찾는 순서와 지역 선택 기준을 정리한 몽라운지 안내입니다.","용인시 죽전·기흥·수지 생활권에서 긴 통근과 차량 이동이 겹친 날 뒤 허리·다리 피로을 느끼는 경우, 가까운 방문 홈케어 정보를 찾는 순서와 지역 선택 기준을 정리한 몽라운지 안내입니다.","1","1","0","0"
"기타지역페이지","massage/gyeonggi/yongin/giheung-gu/용인시-기흥구-출장마사지-동별-생활권-지역안내/index.html","유지","용인시 기흥구 출장마사지 | 동별 생활권·지역 안내 | 몽라운지","용인시 기흥구 출장마사지 | 동별 생활권·지역 안내 | 몽라운지","속한 주요 동과 생활권을 기준으로 지역 정보를 구성했습니다. 경기 용인시 기흥구 출장마사지 이용 전 동별 위치와 이동 방향을 비교할 수 있습니다.","속한 주요 동과 생활권을 기준으로 지역 정보를 구성했습니다. 경기 용인시 기흥구 출장마사지 이용 전 동별 위치와 이동 방향을 비교할 수 있습니다.","1","1","1","1"
"기타지역페이지","massage/gyeonggi/yongin/suji-gu/용인시-수지구-출장마사지-동별-생활권-지역안내/index.html","유지","용인시 수지구 출장마사지 | 동별 생활권·지역 안내 | 몽라운지","용인시 수지구 출장마사지 | 동별 생활권·지역 안내 | 몽라운지","수지구 지역에서 현재 위치와 인접 동을 살펴보기 쉽도록 동별 안내를 정리했습니다. 경기 용인시 수지구 출장마사지 이용 전 지역 범위를 확인해 보세요.","수지구 지역에서 현재 위치와 인접 동을 살펴보기 쉽도록 동별 안내를 정리했습니다. 경기 용인시 수지구 출장마사지 이용 전 지역 범위를 확인해 보세요.","1","1","1","1"
"기타지역페이지","massage/gyeonggi/yongin/cheoin-gu/용인시-처인구-출장마사지-동별-생활권-지역안내/index.html","유지","용인시 처인구 출장마사지 | 동별 생활권·지역 안내 | 몽라운지","용인시 처인구 출장마사지 | 동별 생활권·지역 안내 | 몽라운지","처인구 생활권의 동 구성을 한눈에 확인할 수 있도록 정리했습니다. 경기 용인시 처인구 출장마사지 이용 전 가까운 동과 지역 연결을 살펴보세요.","처인구 생활권의 동 구성을 한눈에 확인할 수 있도록 정리했습니다. 경기 용인시 처인구 출장마사지 이용 전 가까운 동과 지역 연결을 살펴보세요.","1","1","1","1"
"기타지역페이지","massage/gyeonggi/namyangju/남양주시-출장마사지-다산-별내-진접-차량-이동과-외곽-통근이-긴-날-허리-다리-피로-방문-홈케어/index.html","유지","남양주시 출장마사지 - 다산·별내 차량 이동과 외곽 통근이 긴 날 허리·다리 피로 방문 홈케어 | 몽라운지","남양주시 출장마사지 - 다산·별내 차량 이동과 외곽 통근이 긴 날 허리·다리 피로 방문 홈케어 | 몽라운지","남양주시 다산·별내·진접 생활권에서 차량 이동과 외곽 통근이 긴 날 뒤 허리·다리 피로을 느끼는 경우, 가까운 방문 홈케어 정보를 찾는 순서와 지역 선택 기준을 정리한 몽라운지 안내입니다.","남양주시 다산·별내·진접 생활권에서 차량 이동과 외곽 통근이 긴 날 뒤 허리·다리 피로을 느끼는 경우, 가까운 방문 홈케어 정보를 찾는 순서와 지역 선택 기준을 정리한 몽라운지 안내입니다.","1","1","0","0"
"기타지역페이지","massage/gyeonggi/siheung/시흥시-출장마사지-배곧-정왕-은계-산업-상업-업무로-오래-선-날-다리-발의-무거움-방문-홈케어/index.html","유지","시흥시 출장마사지 - 배곧·정왕 산업·상업 업무로 오래 선 날 다리·발의 무거움 방문 홈케어 | 몽라운지","시흥시 출장마사지 - 배곧·정왕 산업·상업 업무로 오래 선 날 다리·발의 무거움 방문 홈케어 | 몽라운지","시흥시 배곧·정왕·은계 생활권에서 산업·상업 업무로 오래 선 날 뒤 다리·발의 무거움을 느끼는 경우, 가까운 방문 홈케어 정보를 찾는 순서와 지역 선택 기준을 정리한 몽라운지 안내입니다.","시흥시 배곧·정왕·은계 생활권에서 산업·상업 업무로 오래 선 날 뒤 다리·발의 무거움을 느끼는 경우, 가까운 방문 홈케어 정보를 찾는 순서와 지역 선택 기준을 정리한 몽라운지 안내입니다.","1","1","0","0"
"기타지역페이지","massage/gyeonggi/gwangju-gyeonggi/광주시-출장마사지-태전-경안-곤지암-차량-이동과-생활권-이동이-긴-날-허리-어깨-피로-방문-홈케어/index.html","유지","광주시 출장마사지 - 태전·경안 차량 이동과 생활권 이동이 긴 날 허리·어깨 피로 방문 홈케어 | 몽라운지","광주시 출장마사지 - 태전·경안 차량 이동과 생활권 이동이 긴 날 허리·어깨 피로 방문 홈케어 | 몽라운지","광주시 태전·경안·곤지암 생활권에서 차량 이동과 생활권 이동이 긴 날 뒤 허리·어깨 피로을 느끼는 경우, 가까운 방문 홈케어 정보를 찾는 순서와 지역 선택 기준을 정리한 몽라운지 안내입니다.","광주시 태전·경안·곤지암 생활권에서 차량 이동과 생활권 이동이 긴 날 뒤 허리·어깨 피로을 느끼는 경우, 가까운 방문 홈케어 정보를 찾는 순서와 지역 선택 기준을 정리한 몽라운지 안내입니다.","1","1","0","0"
"기타지역페이지","massage/gyeonggi/paju/파주시-출장마사지-운정-금촌-문산-차량-통근과-장시간-운전-허리-어깨-피로-방문-홈케어/index.html","유지","파주시 출장마사지 - 운정·금촌 차량 통근과 장시간 운전 허리·어깨 피로 방문 홈케어 | 몽라운지","파주시 출장마사지 - 운정·금촌 차량 통근과 장시간 운전 허리·어깨 피로 방문 홈케어 | 몽라운지","파주시 운정·금촌·문산 생활권에서 차량 통근과 장시간 운전 뒤 허리·어깨 피로을 느끼는 경우, 가까운 방문 홈케어 정보를 찾는 순서와 지역 선택 기준을 정리한 몽라운지 안내입니다.","파주시 운정·금촌·문산 생활권에서 차량 통근과 장시간 운전 뒤 허리·어깨 피로을 느끼는 경우, 가까운 방문 홈케어 정보를 찾는 순서와 지역 선택 기준을 정리한 몽라운지 안내입니다.","1","1","0","0"
"기타지역페이지","massage/incheon/index.html","유지","인천 출장마사지 | 11개 구·군 지역 안내 | 몽라운지","인천 출장마사지 | 11개 구·군 지역 안내 | 몽라운지","인천 11개 구·군의 생활권과 지역 구성을 한곳에서 확인할 수 있도록 정리했습니다. 인천 출장마사지 이용 전 현재 위치에 맞는 구·군을 선택해 읍·면·동 세부 지역까지 확인해 보세요.","인천 11개 구·군의 생활권과 지역 구성을 한곳에서 확인할 수 있도록 정리했습니다. 인천 출장마사지 이용 전 현재 위치에 맞는 구·군을 선택해 읍·면·동 세부 지역까지 확인해 보세요.","1","1","1","1"
"기타지역페이지","massage/incheon/namdong-gu/남동구-출장마사지-구월-논현-간석-오피스와-쇼핑-일정이-겹친-날-다리-어깨-피로-방문-홈케어/index.html","유지","남동구 출장마사지 - 구월·논현 오피스와 쇼핑 일정이 겹친 날 다리·어깨 피로 방문 홈케어 | 몽라운지","남동구 출장마사지 - 구월·논현 오피스와 쇼핑 일정이 겹친 날 다리·어깨 피로 방문 홈케어 | 몽라운지","남동구 구월·논현·간석 생활권에서 오피스와 쇼핑 일정이 겹친 날 뒤 다리·어깨 피로을 느끼는 경우, 가까운 방문 홈케어 정보를 찾는 순서와 지역 선택 기준을 정리한 몽라운지 안내입니다.","남동구 구월·논현·간석 생활권에서 오피스와 쇼핑 일정이 겹친 날 뒤 다리·어깨 피로을 느끼는 경우, 가까운 방문 홈케어 정보를 찾는 순서와 지역 선택 기준을 정리한 몽라운지 안내입니다.","1","1","0","0"
"기타지역페이지","massage/incheon/yeongjong-gu/영종구-출장마사지-영종-운서-공항신도시-공항-이동과-여행-일정이-이어진-날-다리-허리-피로-방문-홈케어/index.html","유지","영종구 출장마사지 - 영종·운서 공항 이동과 여행 일정이 이어진 날 다리·허리 피로 방문 홈케어 | 몽라운지","영종구 출장마사지 - 영종·운서 공항 이동과 여행 일정이 이어진 날 다리·허리 피로 방문 홈케어 | 몽라운지","영종구 영종·운서·공항신도시 생활권에서 공항 이동과 여행 일정이 이어진 날 뒤 다리·허리 피로을 느끼는 경우, 가까운 방문 홈케어 정보를 찾는 순서와 지역 선택 기준을 정리한 몽라운지 안내입니다.","영종구 영종·운서·공항신도시 생활권에서 공항 이동과 여행 일정이 이어진 날 뒤 다리·허리 피로을 느끼는 경우, 가까운 방문 홈케어 정보를 찾는 순서와 지역 선택 기준을 정리한 몽라운지 안내입니다.","1","1","0","0"
"기타지역페이지","massage/incheon/geomdan-gu/검단구-출장마사지-검단신도시-원당-불로-입주-이사와-신도시-정리-일정-어깨-허리-피로-방문-홈케어/index.html","유지","검단구 출장마사지 - 검단신도시·원당 입주·이사와 신도시 정리 일정 어깨·허리 피로 방문 홈케어 | 몽라운지","검단구 출장마사지 - 검단신도시·원당 입주·이사와 신도시 정리 일정 어깨·허리 피로 방문 홈케어 | 몽라운지","검단구 검단신도시·원당·불로 생활권에서 입주·이사와 신도시 정리 일정 뒤 어깨·허리 피로을 느끼는 경우, 가까운 방문 홈케어 정보를 찾는 순서와 지역 선택 기준을 정리한 몽라운지 안내입니다.","검단구 검단신도시·원당·불로 생활권에서 입주·이사와 신도시 정리 일정 뒤 어깨·허리 피로을 느끼는 경우, 가까운 방문 홈케어 정보를 찾는 순서와 지역 선택 기준을 정리한 몽라운지 안내입니다.","1","1","0","0"
"기타지역페이지","massage/incheon/michuhol-gu/미추홀구-출장마사지-주안-용현-도화-통근과-대학가-이동이-길어진-날-목-허리-피로-방문-홈케어/index.html","유지","미추홀구 출장마사지 - 주안·용현 통근과 대학가 이동이 길어진 날 목·허리 피로 방문 홈케어 | 몽라운지","미추홀구 출장마사지 - 주안·용현 통근과 대학가 이동이 길어진 날 목·허리 피로 방문 홈케어 | 몽라운지","미추홀구 주안·용현·도화 생활권에서 통근과 대학가 이동이 길어진 날 뒤 목·허리 피로을 느끼는 경우, 가까운 방문 홈케어 정보를 찾는 순서와 지역 선택 기준을 정리한 몽라운지 안내입니다.","미추홀구 주안·용현·도화 생활권에서 통근과 대학가 이동이 길어진 날 뒤 목·허리 피로을 느끼는 경우, 가까운 방문 홈케어 정보를 찾는 순서와 지역 선택 기준을 정리한 몽라운지 안내입니다.","1","1","0","0"
"기타지역페이지","massage/incheon/ongjin-gun/옹진군-출장마사지-영흥-백령-덕적-섬-이동과-숙박-일정이-길어진-날-다리-허리-피로-방문-홈케어/index.html","유지","옹진군 출장마사지 - 영흥·백령 섬 이동과 숙박 일정이 길어진 날 다리·허리 피로 방문 홈케어 | 몽라운지","옹진군 출장마사지 - 영흥·백령 섬 이동과 숙박 일정이 길어진 날 다리·허리 피로 방문 홈케어 | 몽라운지","옹진군 영흥·백령·덕적 생활권에서 섬 이동과 숙박 일정이 길어진 날 뒤 다리·허리 피로을 느끼는 경우, 가까운 방문 홈케어 정보를 찾는 순서와 지역 선택 기준을 정리한 몽라운지 안내입니다.","옹진군 영흥·백령·덕적 생활권에서 섬 이동과 숙박 일정이 길어진 날 뒤 다리·허리 피로을 느끼는 경우, 가까운 방문 홈케어 정보를 찾는 순서와 지역 선택 기준을 정리한 몽라운지 안내입니다.","1","1","0","0"
"기타지역페이지","massage/incheon/bupyeong-gu/부평구-출장마사지-부평-삼산-갈산-쇼핑-서비스-업무로-오래-선-날-다리-손목-피로-방문-홈케어/index.html","유지","부평구 출장마사지 - 부평·삼산 쇼핑·서비스 업무로 오래 선 날 다리·손목 피로 방문 홈케어 | 몽라운지","부평구 출장마사지 - 부평·삼산 쇼핑·서비스 업무로 오래 선 날 다리·손목 피로 방문 홈케어 | 몽라운지","부평구 부평·삼산·갈산 생활권에서 쇼핑·서비스 업무로 오래 선 날 뒤 다리·손목 피로을 느끼는 경우, 가까운 방문 홈케어 정보를 찾는 순서와 지역 선택 기준을 정리한 몽라운지 안내입니다.","부평구 부평·삼산·갈산 생활권에서 쇼핑·서비스 업무로 오래 선 날 뒤 다리·손목 피로을 느끼는 경우, 가까운 방문 홈케어 정보를 찾는 순서와 지역 선택 기준을 정리한 몽라운지 안내입니다.","1","1","0","0"
"기타지역페이지","massage/incheon/seohae-gu/서해구-출장마사지-청라-가정-석남-신도시-통근과-가족-일정이-겹친-날-허리-어깨-피로-방문-홈케어/index.html","유지","서해구 출장마사지 - 청라·가정 신도시 통근과 가족 일정이 겹친 날 허리·어깨 피로 방문 홈케어 | 몽라운지","서해구 출장마사지 - 청라·가정 신도시 통근과 가족 일정이 겹친 날 허리·어깨 피로 방문 홈케어 | 몽라운지","서해구 청라·가정·석남 생활권에서 신도시 통근과 가족 일정이 겹친 날 뒤 허리·어깨 피로을 느끼는 경우, 가까운 방문 홈케어 정보를 찾는 순서와 지역 선택 기준을 정리한 몽라운지 안내입니다.","서해구 청라·가정·석남 생활권에서 신도시 통근과 가족 일정이 겹친 날 뒤 허리·어깨 피로을 느끼는 경우, 가까운 방문 홈케어 정보를 찾는 순서와 지역 선택 기준을 정리한 몽라운지 안내입니다.","1","1","0","0"
"기타지역페이지","massage/incheon/yeonsu-gu/연수구-출장마사지-송도-연수-동춘-오피스-업무와-국제업무-일정이-길어진-날-목-눈-어깨-피로-방문-홈케어/index.html","유지","연수구 출장마사지 - 송도·연수 오피스 업무와 국제업무 일정이 길어진 날 목·눈·어깨 피로 방문 홈케어 | 몽라운지","연수구 출장마사지 - 송도·연수 오피스 업무와 국제업무 일정이 길어진 날 목·눈·어깨 피로 방문 홈케어 | 몽라운지","연수구 송도·연수·동춘 생활권에서 오피스 업무와 국제업무 일정이 길어진 날 뒤 목·눈·어깨 피로을 느끼는 경우, 가까운 방문 홈케어 정보를 찾는 순서와 지역 선택 기준을 정리한 몽라운지 안내입니다.","연수구 송도·연수·동춘 생활권에서 오피스 업무와 국제업무 일정이 길어진 날 뒤 목·눈·어깨 피로을 느끼는 경우, 가까운 방문 홈케어 정보를 찾는 순서와 지역 선택 기준을 정리한 몽라운지 안내입니다.","1","1","0","0"
"기타지역페이지","massage/incheon/ganghwa-gun/강화군-출장마사지-강화읍-길상-불은-당일-여행과-차량-이동이-길어진-날-다리-허리-피로-방문-홈케어/index.html","유지","강화군 출장마사지 - 강화읍·길상 당일 여행과 차량 이동이 길어진 날 다리·허리 피로 방문 홈케어 | 몽라운지","강화군 출장마사지 - 강화읍·길상 당일 여행과 차량 이동이 길어진 날 다리·허리 피로 방문 홈케어 | 몽라운지","강화군 강화읍·길상·불은 생활권에서 당일 여행과 차량 이동이 길어진 날 뒤 다리·허리 피로을 느끼는 경우, 가까운 방문 홈케어 정보를 찾는 순서와 지역 선택 기준을 정리한 몽라운지 안내입니다.","강화군 강화읍·길상·불은 생활권에서 당일 여행과 차량 이동이 길어진 날 뒤 다리·허리 피로을 느끼는 경우, 가까운 방문 홈케어 정보를 찾는 순서와 지역 선택 기준을 정리한 몽라운지 안내입니다.","1","1","0","0"
"기타지역페이지","massage/incheon/gyeyang-gu/계양구-출장마사지-계산-작전-임학-출퇴근과-환승-이동이-길어진-날-목-허리-피로-방문-홈케어/index.html","유지","계양구 출장마사지 - 계산·작전 출퇴근과 환승 이동이 길어진 날 목·허리 피로 방문 홈케어 | 몽라운지","계양구 출장마사지 - 계산·작전 출퇴근과 환승 이동이 길어진 날 목·허리 피로 방문 홈케어 | 몽라운지","계양구 계산·작전·임학 생활권에서 출퇴근과 환승 이동이 길어진 날 뒤 목·허리 피로을 느끼는 경우, 가까운 방문 홈케어 정보를 찾는 순서와 지역 선택 기준을 정리한 몽라운지 안내입니다.","계양구 계산·작전·임학 생활권에서 출퇴근과 환승 이동이 길어진 날 뒤 목·허리 피로을 느끼는 경우, 가까운 방문 홈케어 정보를 찾는 순서와 지역 선택 기준을 정리한 몽라운지 안내입니다.","1","1","0","0"
"기타지역페이지","massage/incheon/jemulpo-gu/제물포구-출장마사지-동인천-월미-송현-시장-관광과-장시간-보행-일정-다리-허리-피로-방문-홈케어/index.html","유지","제물포구 출장마사지 - 동인천·월미 시장·관광과 장시간 보행 일정 다리·허리 피로 방문 홈케어 | 몽라운지","제물포구 출장마사지 - 동인천·월미 시장·관광과 장시간 보행 일정 다리·허리 피로 방문 홈케어 | 몽라운지","제물포구 동인천·월미·송현 생활권에서 시장·관광과 장시간 보행 일정 뒤 다리·허리 피로을 느끼는 경우, 가까운 방문 홈케어 정보를 찾는 순서와 지역 선택 기준을 정리한 몽라운지 안내입니다.","제물포구 동인천·월미·송현 생활권에서 시장·관광과 장시간 보행 일정 뒤 다리·허리 피로을 느끼는 경우, 가까운 방문 홈케어 정보를 찾는 순서와 지역 선택 기준을 정리한 몽라운지 안내입니다.","1","1","0","0"
"지역허브","massage/other/daejeon/대전-지역-출장마사지-둔산-유성-대전역-생활권-방문-홈케어/index.html","유지","대전 지역 안내 - 주요 생활권과 이용 전 확인 정보 | 몽라운지","대전 지역 안내 - 주요 생활권과 이용 전 확인 정보 | 몽라운지","도심 업무, 환승, 주거 이동이 함께 많은 대전에서 현재 위치를 기준으로 가까운 생활권과 이용 정보를 확인하는 지역 안내입니다.","도심 업무, 환승, 주거 이동이 함께 많은 대전에서 현재 위치를 기준으로 가까운 생활권과 이용 정보를 확인하는 지역 안내입니다.","0","0","0","0"
"지역허브","massage/other/daejeon/daedeok-gu/대전-대덕구-출장마사지-동별-생활권-지역안내/index.html","유지","대전 대덕구 출장마사지 | 동별 생활권·지역 안내 | 몽라운지","대전 대덕구 출장마사지 | 동별 생활권·지역 안내 | 몽라운지","대덕구 생활권에서 동별 위치와 이동 방향을 비교하기 쉽도록 지역 구성을 정리했습니다. 대전 대덕구 출장마사지 이용 전 가까운 동과 지역 범위를 확인할 수 있습니다.","대덕구 생활권에서 동별 위치와 이동 방향을 비교하기 쉽도록 지역 구성을 정리했습니다. 대전 대덕구 출장마사지 이용 전 가까운 동과 지역 범위를 확인할 수 있습니다.","1","1","1","1"
"지역허브","massage/other/daejeon/dong-gu/대전-동구-출장마사지-동별-생활권-지역안내/index.html","유지","대전 동구 출장마사지 | 동별 생활권·지역 안내 | 몽라운지","대전 동구 출장마사지 | 동별 생활권·지역 안내 | 몽라운지","속한 동들을 기준으로 현재 위치와 인접 생활권을 한눈에 확인할 수 있습니다. 대전 동구 출장마사지 이용 전 지역 선택과 이동 범위를 살펴보세요.","속한 동들을 기준으로 현재 위치와 인접 생활권을 한눈에 확인할 수 있습니다. 대전 동구 출장마사지 이용 전 지역 선택과 이동 범위를 살펴보세요.","1","1","1","1"
"지역허브","massage/other/daejeon/seo-gu/대전-서구-출장마사지-동별-생활권-지역안내/index.html","유지","대전 서구 출장마사지 | 동별 생활권·지역 안내 | 몽라운지","대전 서구 출장마사지 | 동별 생활권·지역 안내 | 몽라운지","동별 생활권과 기본적인 지역 연결을 확인할 수 있도록 구성했습니다. 대전 서구 출장마사지 이용 전 현재 위치와 가까운 동을 먼저 확인해 보세요.","동별 생활권과 기본적인 지역 연결을 확인할 수 있도록 구성했습니다. 대전 서구 출장마사지 이용 전 현재 위치와 가까운 동을 먼저 확인해 보세요.","1","1","1","1"
"지역허브","massage/other/daejeon/yuseong-gu/대전-유성구-출장마사지-동별-생활권-지역안내/index.html","유지","대전 유성구 출장마사지 | 동별 생활권·지역 안내 | 몽라운지","대전 유성구 출장마사지 | 동별 생활권·지역 안내 | 몽라운지","유성구 안의 주요 동과 생활권을 먼저 살펴볼 수 있도록 지역 정보를 정리했습니다. 대전 유성구 출장마사지 이용 전 현재 위치와 가까운 동, 이동 범위를 확인해 보세요.","유성구 안의 주요 동과 생활권을 먼저 살펴볼 수 있도록 지역 정보를 정리했습니다. 대전 유성구 출장마사지 이용 전 현재 위치와 가까운 동, 이동 범위를 확인해 보세요.","1","1","1","1"
"지역허브","massage/other/daejeon/jung-gu/대전-중구-출장마사지-동별-생활권-지역안내/index.html","유지","대전 중구 출장마사지 | 동별 생활권·지역 안내 | 몽라운지","대전 중구 출장마사지 | 동별 생활권·지역 안내 | 몽라운지","중구 생활권에서 동별 위치와 이동 방향을 비교하기 쉽도록 지역 구성을 정리했습니다. 대전 중구 출장마사지 이용 전 가까운 동과 지역 범위를 확인할 수 있습니다.","중구 생활권에서 동별 위치와 이동 방향을 비교하기 쉽도록 지역 구성을 정리했습니다. 대전 중구 출장마사지 이용 전 가까운 동과 지역 범위를 확인할 수 있습니다.","1","1","1","1"
"지역허브","massage/other/cheongju/청주-지역-출장마사지-복대-오창-성안길-생활권-방문-홈케어/index.html","유지","청주 지역 안내 - 주요 생활권과 이용 전 확인 정보 | 몽라운지","청주 지역 안내 - 주요 생활권과 이용 전 확인 정보 | 몽라운지","복대·오창·상당권처럼 생활권이 넓은 청주에서 현재 위치와 이동 동선을 기준으로 지역 정보를 확인할 수 있도록 정리한 안내입니다.","복대·오창·상당권처럼 생활권이 넓은 청주에서 현재 위치와 이동 동선을 기준으로 지역 정보를 확인할 수 있도록 정리한 안내입니다.","0","0","0","0"
"지역허브","massage/other/cheongju/sangdang-gu/청주-상당구-출장마사지-동별-생활권-지역안내/index.html","유지","청주 상당구 출장마사지 | 동별 생활권·지역 안내 | 몽라운지","청주 상당구 출장마사지 | 동별 생활권·지역 안내 | 몽라운지","동별 생활권과 기본적인 지역 연결을 확인할 수 있도록 구성했습니다. 청주 상당구 출장마사지 이용 전 현재 위치와 가까운 동을 먼저 확인해 보세요.","동별 생활권과 기본적인 지역 연결을 확인할 수 있도록 구성했습니다. 청주 상당구 출장마사지 이용 전 현재 위치와 가까운 동을 먼저 확인해 보세요.","1","1","1","1"
"지역허브","massage/other/cheongju/seowon-gu/청주-서원구-출장마사지-동별-생활권-지역안내/index.html","유지","청주 서원구 출장마사지 | 동별 생활권·지역 안내 | 몽라운지","청주 서원구 출장마사지 | 동별 생활권·지역 안내 | 몽라운지","서원구 안의 주요 동과 생활권을 먼저 살펴볼 수 있도록 지역 정보를 정리했습니다. 청주 서원구 출장마사지 이용 전 현재 위치와 가까운 동, 이동 범위를 확인해 보세요.","서원구 안의 주요 동과 생활권을 먼저 살펴볼 수 있도록 지역 정보를 정리했습니다. 청주 서원구 출장마사지 이용 전 현재 위치와 가까운 동, 이동 범위를 확인해 보세요.","1","1","1","1"
"지역허브","massage/other/cheongju/cheongwon-gu/청주-청원구-출장마사지-동별-생활권-지역안내/index.html","유지","청주 청원구 출장마사지 | 동별 생활권·지역 안내 | 몽라운지","청주 청원구 출장마사지 | 동별 생활권·지역 안내 | 몽라운지","청원구 생활권에서 동별 위치와 이동 방향을 비교하기 쉽도록 지역 구성을 정리했습니다. 청주 청원구 출장마사지 이용 전 가까운 동과 지역 범위를 확인할 수 있습니다.","청원구 생활권에서 동별 위치와 이동 방향을 비교하기 쉽도록 지역 구성을 정리했습니다. 청주 청원구 출장마사지 이용 전 가까운 동과 지역 범위를 확인할 수 있습니다.","1","1","1","1"
"지역허브","massage/other/cheongju/heungdeok-gu/청주-흥덕구-출장마사지-동별-생활권-지역안내/index.html","유지","청주 흥덕구 출장마사지 | 동별 생활권·지역 안내 | 몽라운지","청주 흥덕구 출장마사지 | 동별 생활권·지역 안내 | 몽라운지","속한 동들을 기준으로 현재 위치와 인접 생활권을 한눈에 확인할 수 있습니다. 청주 흥덕구 출장마사지 이용 전 지역 선택과 이동 범위를 살펴보세요.","속한 동들을 기준으로 현재 위치와 인접 생활권을 한눈에 확인할 수 있습니다. 청주 흥덕구 출장마사지 이용 전 지역 선택과 이동 범위를 살펴보세요.","1","1","1","1"
"지역허브","massage/other/cheonan/천안-지역-출장마사지-불당-두정-천안역-생활권-방문-홈케어/index.html","유지","천안 지역 안내 - 주요 생활권과 이용 전 확인 정보 | 몽라운지","천안 지역 안내 - 주요 생활권과 이용 전 확인 정보 | 몽라운지","불당과 두정, 천안역 주변처럼 주거와 업무 동선이 나뉘는 천안에서 가까운 생활권을 먼저 확인하도록 구성한 지역 안내입니다.","불당과 두정, 천안역 주변처럼 주거와 업무 동선이 나뉘는 천안에서 가까운 생활권을 먼저 확인하도록 구성한 지역 안내입니다.","0","0","0","0"
"지역허브","massage/other/cheonan/dongnam-gu/천안-동남구-출장마사지-동별-생활권-지역안내/index.html","유지","천안 동남구 출장마사지 | 동별 생활권·지역 안내 | 몽라운지","천안 동남구 출장마사지 | 동별 생활권·지역 안내 | 몽라운지","동남구 생활권에서 동별 위치와 이동 방향을 비교하기 쉽도록 지역 구성을 정리했습니다. 천안 동남구 출장마사지 이용 전 가까운 동과 지역 범위를 확인할 수 있습니다.","동남구 생활권에서 동별 위치와 이동 방향을 비교하기 쉽도록 지역 구성을 정리했습니다. 천안 동남구 출장마사지 이용 전 가까운 동과 지역 범위를 확인할 수 있습니다.","1","1","1","1"
"지역허브","massage/other/cheonan/seobuk-gu/천안-서북구-출장마사지-동별-생활권-지역안내/index.html","유지","천안 서북구 출장마사지 | 동별 생활권·지역 안내 | 몽라운지","천안 서북구 출장마사지 | 동별 생활권·지역 안내 | 몽라운지","속한 동들을 기준으로 현재 위치와 인접 생활권을 한눈에 확인할 수 있습니다. 천안 서북구 출장마사지 이용 전 지역 선택과 이동 범위를 살펴보세요.","속한 동들을 기준으로 현재 위치와 인접 생활권을 한눈에 확인할 수 있습니다. 천안 서북구 출장마사지 이용 전 지역 선택과 이동 범위를 살펴보세요.","1","1","1","1"
"지역허브","massage/other/sejong/세종-지역-출장마사지-나성-어진-도담-생활권-방문-홈케어/index.html","유지","세종 지역 안내 - 주요 생활권과 이용 전 확인 정보 | 몽라운지","세종 지역 안내 - 주요 생활권과 이용 전 확인 정보 | 몽라운지","정부청사와 신도심 주거권이 이어지는 세종에서 나성·어진·도담 등 현재 생활권을 기준으로 이용 정보를 살펴보는 안내입니다.","정부청사와 신도심 주거권이 이어지는 세종에서 나성·어진·도담 등 현재 생활권을 기준으로 이용 정보를 살펴보는 안내입니다.","0","0","0","0"
"지역허브","massage/other/changwon/창원-지역-출장마사지-상남-중앙-진해-생활권-방문-홈케어/index.html","유지","창원 지역 안내 - 주요 생활권과 이용 전 확인 정보 | 몽라운지","창원 지역 안내 - 주요 생활권과 이용 전 확인 정보 | 몽라운지","성산·의창과 마산·진해 생활권이 넓게 이어지는 창원에서 현재 위치와 이동 범위를 기준으로 지역 정보를 확인하는 안내입니다.","성산·의창과 마산·진해 생활권이 넓게 이어지는 창원에서 현재 위치와 이동 범위를 기준으로 지역 정보를 확인하는 안내입니다.","0","0","0","0"
"지역허브","massage/other/changwon/masanhappo-gu/창원-마산합포구-출장마사지-동별-생활권-지역안내/index.html","유지","창원 마산합포구 출장마사지 | 동별 생활권·지역 안내 | 몽라운지","창원 마산합포구 출장마사지 | 동별 생활권·지역 안내 | 몽라운지","마산합포구 안의 주요 동과 생활권을 먼저 살펴볼 수 있도록 지역 정보를 정리했습니다. 창원 마산합포구 출장마사지 이용 전 현재 위치와 가까운 동, 이동 범위를 확인해 보세요.","마산합포구 안의 주요 동과 생활권을 먼저 살펴볼 수 있도록 지역 정보를 정리했습니다. 창원 마산합포구 출장마사지 이용 전 현재 위치와 가까운 동, 이동 범위를 확인해 보세요.","1","1","1","1"
"지역허브","massage/other/changwon/masanhoewon-gu/창원-마산회원구-출장마사지-동별-생활권-지역안내/index.html","유지","창원 마산회원구 출장마사지 | 동별 생활권·지역 안내 | 몽라운지","창원 마산회원구 출장마사지 | 동별 생활권·지역 안내 | 몽라운지","마산회원구 생활권에서 동별 위치와 이동 방향을 비교하기 쉽도록 지역 구성을 정리했습니다. 창원 마산회원구 출장마사지 이용 전 가까운 동과 지역 범위를 확인할 수 있습니다.","마산회원구 생활권에서 동별 위치와 이동 방향을 비교하기 쉽도록 지역 구성을 정리했습니다. 창원 마산회원구 출장마사지 이용 전 가까운 동과 지역 범위를 확인할 수 있습니다.","1","1","1","1"
"지역허브","massage/other/changwon/seongsan-gu/창원-성산구-출장마사지-동별-생활권-지역안내/index.html","유지","창원 성산구 출장마사지 | 동별 생활권·지역 안내 | 몽라운지","창원 성산구 출장마사지 | 동별 생활권·지역 안내 | 몽라운지","속한 동들을 기준으로 현재 위치와 인접 생활권을 한눈에 확인할 수 있습니다. 창원 성산구 출장마사지 이용 전 지역 선택과 이동 범위를 살펴보세요.","속한 동들을 기준으로 현재 위치와 인접 생활권을 한눈에 확인할 수 있습니다. 창원 성산구 출장마사지 이용 전 지역 선택과 이동 범위를 살펴보세요.","1","1","1","1"
"지역허브","massage/other/changwon/uichang-gu/창원-의창구-출장마사지-동별-생활권-지역안내/index.html","유지","창원 의창구 출장마사지 | 동별 생활권·지역 안내 | 몽라운지","창원 의창구 출장마사지 | 동별 생활권·지역 안내 | 몽라운지","동별 생활권과 기본적인 지역 연결을 확인할 수 있도록 구성했습니다. 창원 의창구 출장마사지 이용 전 현재 위치와 가까운 동을 먼저 확인해 보세요.","동별 생활권과 기본적인 지역 연결을 확인할 수 있도록 구성했습니다. 창원 의창구 출장마사지 이용 전 현재 위치와 가까운 동을 먼저 확인해 보세요.","1","1","1","1"
"지역허브","massage/other/changwon/jinhae-gu/창원-진해구-출장마사지-동별-생활권-지역안내/index.html","유지","창원 진해구 출장마사지 | 동별 생활권·지역 안내 | 몽라운지","창원 진해구 출장마사지 | 동별 생활권·지역 안내 | 몽라운지","진해구 안의 주요 동과 생활권을 먼저 살펴볼 수 있도록 지역 정보를 정리했습니다. 창원 진해구 출장마사지 이용 전 현재 위치와 가까운 동, 이동 범위를 확인해 보세요.","진해구 안의 주요 동과 생활권을 먼저 살펴볼 수 있도록 지역 정보를 정리했습니다. 창원 진해구 출장마사지 이용 전 현재 위치와 가까운 동, 이동 범위를 확인해 보세요.","1","1","1","1"
"지역허브","massage/other/daegu/대구-지역-출장마사지-동성로-수성-성서-생활권-방문-홈케어/index.html","유지","대구 지역 안내 - 주요 생활권과 이용 전 확인 정보 | 몽라운지","대구 지역 안내 - 주요 생활권과 이용 전 확인 정보 | 몽라운지","동성로와 수성권, 성서권처럼 이동 방향이 다양한 대구에서 가까운 생활권과 이용 전 확인 항목을 정리한 지역 안내입니다.","동성로와 수성권, 성서권처럼 이동 방향이 다양한 대구에서 가까운 생활권과 이용 전 확인 항목을 정리한 지역 안내입니다.","0","0","0","0"
"지역허브","massage/other/daegu/nam-gu/대구-남구-출장마사지-동별-생활권-지역안내/index.html","유지","대구 남구 출장마사지 | 동별 생활권·지역 안내 | 몽라운지","대구 남구 출장마사지 | 동별 생활권·지역 안내 | 몽라운지","속한 동들을 기준으로 현재 위치와 인접 생활권을 한눈에 확인할 수 있습니다. 대구 남구 출장마사지 이용 전 지역 선택과 이동 범위를 살펴보세요.","속한 동들을 기준으로 현재 위치와 인접 생활권을 한눈에 확인할 수 있습니다. 대구 남구 출장마사지 이용 전 지역 선택과 이동 범위를 살펴보세요.","1","1","1","1"
"지역허브","massage/other/daegu/dalseo-gu/대구-달서구-출장마사지-동별-생활권-지역안내/index.html","유지","대구 달서구 출장마사지 | 동별 생활권·지역 안내 | 몽라운지","대구 달서구 출장마사지 | 동별 생활권·지역 안내 | 몽라운지","동별 생활권과 기본적인 지역 연결을 확인할 수 있도록 구성했습니다. 대구 달서구 출장마사지 이용 전 현재 위치와 가까운 동을 먼저 확인해 보세요.","동별 생활권과 기본적인 지역 연결을 확인할 수 있도록 구성했습니다. 대구 달서구 출장마사지 이용 전 현재 위치와 가까운 동을 먼저 확인해 보세요.","1","1","1","1"
"지역허브","massage/other/daegu/dong-gu/대구-동구-출장마사지-동별-생활권-지역안내/index.html","유지","대구 동구 출장마사지 | 동별 생활권·지역 안내 | 몽라운지","대구 동구 출장마사지 | 동별 생활권·지역 안내 | 몽라운지","동구 안의 주요 동과 생활권을 먼저 살펴볼 수 있도록 지역 정보를 정리했습니다. 대구 동구 출장마사지 이용 전 현재 위치와 가까운 동, 이동 범위를 확인해 보세요.","동구 안의 주요 동과 생활권을 먼저 살펴볼 수 있도록 지역 정보를 정리했습니다. 대구 동구 출장마사지 이용 전 현재 위치와 가까운 동, 이동 범위를 확인해 보세요.","1","1","1","1"
"지역허브","massage/other/daegu/buk-gu/대구-북구-출장마사지-동별-생활권-지역안내/index.html","유지","대구 북구 출장마사지 | 동별 생활권·지역 안내 | 몽라운지","대구 북구 출장마사지 | 동별 생활권·지역 안내 | 몽라운지","북구 생활권에서 동별 위치와 이동 방향을 비교하기 쉽도록 지역 구성을 정리했습니다. 대구 북구 출장마사지 이용 전 가까운 동과 지역 범위를 확인할 수 있습니다.","북구 생활권에서 동별 위치와 이동 방향을 비교하기 쉽도록 지역 구성을 정리했습니다. 대구 북구 출장마사지 이용 전 가까운 동과 지역 범위를 확인할 수 있습니다.","1","1","1","1"
"지역허브","massage/other/daegu/seo-gu/대구-서구-출장마사지-동별-생활권-지역안내/index.html","유지","대구 서구 출장마사지 | 동별 생활권·지역 안내 | 몽라운지","대구 서구 출장마사지 | 동별 생활권·지역 안내 | 몽라운지","속한 동들을 기준으로 현재 위치와 인접 생활권을 한눈에 확인할 수 있습니다. 대구 서구 출장마사지 이용 전 지역 선택과 이동 범위를 살펴보세요.","속한 동들을 기준으로 현재 위치와 인접 생활권을 한눈에 확인할 수 있습니다. 대구 서구 출장마사지 이용 전 지역 선택과 이동 범위를 살펴보세요.","1","1","1","1"
"지역허브","massage/other/daegu/suseong-gu/대구-수성구-출장마사지-동별-생활권-지역안내/index.html","유지","대구 수성구 출장마사지 | 동별 생활권·지역 안내 | 몽라운지","대구 수성구 출장마사지 | 동별 생활권·지역 안내 | 몽라운지","동별 생활권과 기본적인 지역 연결을 확인할 수 있도록 구성했습니다. 대구 수성구 출장마사지 이용 전 현재 위치와 가까운 동을 먼저 확인해 보세요.","동별 생활권과 기본적인 지역 연결을 확인할 수 있도록 구성했습니다. 대구 수성구 출장마사지 이용 전 현재 위치와 가까운 동을 먼저 확인해 보세요.","1","1","1","1"
"지역허브","massage/other/daegu/jung-gu/대구-중구-출장마사지-동별-생활권-지역안내/index.html","유지","대구 중구 출장마사지 | 동별 생활권·지역 안내 | 몽라운지","대구 중구 출장마사지 | 동별 생활권·지역 안내 | 몽라운지","중구 안의 주요 동과 생활권을 먼저 살펴볼 수 있도록 지역 정보를 정리했습니다. 대구 중구 출장마사지 이용 전 현재 위치와 가까운 동, 이동 범위를 확인해 보세요.","중구 안의 주요 동과 생활권을 먼저 살펴볼 수 있도록 지역 정보를 정리했습니다. 대구 중구 출장마사지 이용 전 현재 위치와 가까운 동, 이동 범위를 확인해 보세요.","1","1","1","1"
"지역허브","massage/other/daegu/gunwi-gun/대구-군위군-출장마사지-읍면-생활권-지역안내/index.html","유지","대구 군위군 출장마사지 | 읍·면 생활권·지역 안내 | 몽라운지","대구 군위군 출장마사지 | 읍·면 생활권·지역 안내 | 몽라운지","대구 군위군의 읍·면 생활권과 지역 범위를 한곳에서 확인할 수 있도록 정리했습니다. 대구 군위군 출장마사지 이용 전 현재 위치와 가까운 읍·면을 확인해 보세요.","대구 군위군의 읍·면 생활권과 지역 범위를 한곳에서 확인할 수 있도록 정리했습니다. 대구 군위군 출장마사지 이용 전 현재 위치와 가까운 읍·면을 확인해 보세요.","1","1","1","1"
"지역허브","massage/other/daegu/dalseong-gun/대구-달성군-출장마사지-읍면-생활권-지역안내/index.html","유지","대구 달성군 출장마사지 | 읍·면 생활권·지역 안내 | 몽라운지","대구 달성군 출장마사지 | 읍·면 생활권·지역 안내 | 몽라운지","대구 달성군의 읍·면 생활권과 지역 범위를 한곳에서 확인할 수 있도록 정리했습니다. 대구 달성군 출장마사지 이용 전 현재 위치와 가까운 읍·면을 확인해 보세요.","대구 달성군의 읍·면 생활권과 지역 범위를 한곳에서 확인할 수 있도록 정리했습니다. 대구 달성군 출장마사지 이용 전 현재 위치와 가까운 읍·면을 확인해 보세요.","1","1","1","1"
"지역허브","massage/other/gongju/공주-지역-출장마사지-신관-공주역-금강-생활권-방문-홈케어/index.html","유지","공주 지역 안내 - 주요 생활권과 이용 전 확인 정보 | 몽라운지","공주 지역 안내 - 주요 생활권과 이용 전 확인 정보 | 몽라운지","신관과 구도심, 공주역 이동권을 기준으로 현재 위치를 설명하고 가까운 범위를 확인하기 쉽도록 구성한 공주 지역 안내입니다.","신관과 구도심, 공주역 이동권을 기준으로 현재 위치를 설명하고 가까운 범위를 확인하기 쉽도록 구성한 공주 지역 안내입니다.","0","0","0","0"
"지역허브","massage/other/gyeryong/계룡-지역-출장마사지-금암-엄사-계룡역-생활권-방문-홈케어/index.html","유지","계룡 지역 안내 - 주요 생활권과 이용 전 확인 정보 | 몽라운지","계룡 지역 안내 - 주요 생활권과 이용 전 확인 정보 | 몽라운지","금암·엄사와 계룡역 주변을 중심으로 현재 위치와 방문 범위를 먼저 확인할 수 있도록 정리한 계룡 지역 안내입니다.","금암·엄사와 계룡역 주변을 중심으로 현재 위치와 방문 범위를 먼저 확인할 수 있도록 정리한 계룡 지역 안내입니다.","0","0","0","0"
"지역허브","massage/other/jeonju/전주-지역-출장마사지-효자-혁신-한옥마을-생활권-방문-홈케어/index.html","유지","전주 지역 안내 - 주요 생활권과 이용 전 확인 정보 | 몽라운지","전주 지역 안내 - 주요 생활권과 이용 전 확인 정보 | 몽라운지","효자·서신과 혁신도시, 구도심처럼 생활권 성격이 다른 전주에서 현재 위치를 기준으로 정보를 확인하는 지역 안내입니다.","효자·서신과 혁신도시, 구도심처럼 생활권 성격이 다른 전주에서 현재 위치를 기준으로 정보를 확인하는 지역 안내입니다.","0","0","0","0"
"지역허브","massage/other/jeonju/deokjin-gu/전주-덕진구-출장마사지-동별-생활권-지역안내/index.html","유지","전주 덕진구 출장마사지 | 동별 생활권·지역 안내 | 몽라운지","전주 덕진구 출장마사지 | 동별 생활권·지역 안내 | 몽라운지","속한 동들을 기준으로 현재 위치와 인접 생활권을 한눈에 확인할 수 있습니다. 전주 덕진구 출장마사지 이용 전 지역 선택과 이동 범위를 살펴보세요.","속한 동들을 기준으로 현재 위치와 인접 생활권을 한눈에 확인할 수 있습니다. 전주 덕진구 출장마사지 이용 전 지역 선택과 이동 범위를 살펴보세요.","1","1","1","1"
"지역허브","massage/other/jeonju/wansan-gu/전주-완산구-출장마사지-동별-생활권-지역안내/index.html","유지","전주 완산구 출장마사지 | 동별 생활권·지역 안내 | 몽라운지","전주 완산구 출장마사지 | 동별 생활권·지역 안내 | 몽라운지","동별 생활권과 기본적인 지역 연결을 확인할 수 있도록 구성했습니다. 전주 완산구 출장마사지 이용 전 현재 위치와 가까운 동을 먼저 확인해 보세요.","동별 생활권과 기본적인 지역 연결을 확인할 수 있도록 구성했습니다. 전주 완산구 출장마사지 이용 전 현재 위치와 가까운 동을 먼저 확인해 보세요.","1","1","1","1"
"지역허브","massage/other/gwangju/광주-지역-출장마사지-상무-수완-충장로-생활권-방문-홈케어/index.html","유지","광주 지역 안내 - 주요 생활권과 이용 전 확인 정보 | 몽라운지","광주 지역 안내 - 주요 생활권과 이용 전 확인 정보 | 몽라운지","상무와 수완·첨단, 충장로 등 주요 생활권이 나뉘는 광주에서 현재 위치와 가까운 범위를 먼저 확인하도록 구성한 안내입니다.","상무와 수완·첨단, 충장로 등 주요 생활권이 나뉘는 광주에서 현재 위치와 가까운 범위를 먼저 확인하도록 구성한 안내입니다.","0","0","0","0"
"지역허브","massage/other/gwangju/gwangsan-gu/광주-광산구-출장마사지-동별-생활권-지역안내/index.html","유지","광주 광산구 출장마사지 | 동별 생활권·지역 안내 | 몽라운지","광주 광산구 출장마사지 | 동별 생활권·지역 안내 | 몽라운지","광산구 생활권에서 동별 위치와 이동 방향을 비교하기 쉽도록 지역 구성을 정리했습니다. 광주 광산구 출장마사지 이용 전 가까운 동과 지역 범위를 확인할 수 있습니다.","광산구 생활권에서 동별 위치와 이동 방향을 비교하기 쉽도록 지역 구성을 정리했습니다. 광주 광산구 출장마사지 이용 전 가까운 동과 지역 범위를 확인할 수 있습니다.","1","1","1","1"
"지역허브","massage/other/gwangju/nam-gu/광주-남구-출장마사지-동별-생활권-지역안내/index.html","유지","광주 남구 출장마사지 | 동별 생활권·지역 안내 | 몽라운지","광주 남구 출장마사지 | 동별 생활권·지역 안내 | 몽라운지","속한 동들을 기준으로 현재 위치와 인접 생활권을 한눈에 확인할 수 있습니다. 광주 남구 출장마사지 이용 전 지역 선택과 이동 범위를 살펴보세요.","속한 동들을 기준으로 현재 위치와 인접 생활권을 한눈에 확인할 수 있습니다. 광주 남구 출장마사지 이용 전 지역 선택과 이동 범위를 살펴보세요.","1","1","1","1"
"지역허브","massage/other/gwangju/dong-gu/광주-동구-출장마사지-동별-생활권-지역안내/index.html","유지","광주 동구 출장마사지 | 동별 생활권·지역 안내 | 몽라운지","광주 동구 출장마사지 | 동별 생활권·지역 안내 | 몽라운지","동별 생활권과 기본적인 지역 연결을 확인할 수 있도록 구성했습니다. 광주 동구 출장마사지 이용 전 현재 위치와 가까운 동을 먼저 확인해 보세요.","동별 생활권과 기본적인 지역 연결을 확인할 수 있도록 구성했습니다. 광주 동구 출장마사지 이용 전 현재 위치와 가까운 동을 먼저 확인해 보세요.","1","1","1","1"
"지역허브","massage/other/gwangju/buk-gu/광주-북구-출장마사지-동별-생활권-지역안내/index.html","유지","광주 북구 출장마사지 | 동별 생활권·지역 안내 | 몽라운지","광주 북구 출장마사지 | 동별 생활권·지역 안내 | 몽라운지","북구 안의 주요 동과 생활권을 먼저 살펴볼 수 있도록 지역 정보를 정리했습니다. 광주 북구 출장마사지 이용 전 현재 위치와 가까운 동, 이동 범위를 확인해 보세요.","북구 안의 주요 동과 생활권을 먼저 살펴볼 수 있도록 지역 정보를 정리했습니다. 광주 북구 출장마사지 이용 전 현재 위치와 가까운 동, 이동 범위를 확인해 보세요.","1","1","1","1"
"지역허브","massage/other/gwangju/seo-gu/광주-서구-출장마사지-동별-생활권-지역안내/index.html","유지","광주 서구 출장마사지 | 동별 생활권·지역 안내 | 몽라운지","광주 서구 출장마사지 | 동별 생활권·지역 안내 | 몽라운지","서구 생활권에서 동별 위치와 이동 방향을 비교하기 쉽도록 지역 구성을 정리했습니다. 광주 서구 출장마사지 이용 전 가까운 동과 지역 범위를 확인할 수 있습니다.","서구 생활권에서 동별 위치와 이동 방향을 비교하기 쉽도록 지역 구성을 정리했습니다. 광주 서구 출장마사지 이용 전 가까운 동과 지역 범위를 확인할 수 있습니다.","1","1","1","1"
"지역허브","massage/other/iksan/익산-지역-출장마사지-영등-모현-익산역-생활권-방문-홈케어/index.html","유지","익산 지역 안내 - 주요 생활권과 이용 전 확인 정보 | 몽라운지","익산 지역 안내 - 주요 생활권과 이용 전 확인 정보 | 몽라운지","영등·모현과 익산역 주변을 중심으로 현재 위치를 설명하고 가까운 생활권 정보를 확인할 수 있도록 구성한 익산 지역 안내입니다.","영등·모현과 익산역 주변을 중심으로 현재 위치를 설명하고 가까운 생활권 정보를 확인할 수 있도록 구성한 익산 지역 안내입니다.","0","0","0","0"
"지역허브","massage/other/gunsan/군산-지역-출장마사지-수송-나운-군산역-생활권-방문-홈케어/index.html","유지","군산 지역 안내 - 주요 생활권과 이용 전 확인 정보 | 몽라운지","군산 지역 안내 - 주요 생활권과 이용 전 확인 정보 | 몽라운지","수송·나운과 군산역·구도심처럼 생활권이 나뉘는 군산에서 현재 위치 기준으로 정보를 확인하는 지역 안내입니다.","수송·나운과 군산역·구도심처럼 생활권이 나뉘는 군산에서 현재 위치 기준으로 정보를 확인하는 지역 안내입니다.","0","0","0","0"
"지역허브","massage/other/asan/아산-지역-출장마사지-배방-탕정-온양온천역-생활권-방문-홈케어/index.html","유지","아산 지역 안내 - 주요 생활권과 이용 전 확인 정보 | 몽라운지","아산 지역 안내 - 주요 생활권과 이용 전 확인 정보 | 몽라운지","배방·탕정 신도심과 온양온천역 생활권을 기준으로 현재 위치와 이동 범위를 정리해 확인할 수 있도록 구성한 아산 지역 안내입니다.","배방·탕정 신도심과 온양온천역 생활권을 기준으로 현재 위치와 이동 범위를 정리해 확인할 수 있도록 구성한 아산 지역 안내입니다.","0","0","0","0"
"지역허브","massage/other/gimhae/김해-지역-출장마사지-내외-장유-봉황-생활권-방문-홈케어/index.html","유지","김해 지역 안내 - 주요 생활권과 이용 전 확인 정보 | 몽라운지","김해 지역 안내 - 주요 생활권과 이용 전 확인 정보 | 몽라운지","내외동과 장유, 봉황·부원처럼 생활권이 넓게 나뉘는 김해에서 현재 위치를 기준으로 가까운 범위를 확인하는 지역 안내입니다.","내외동과 장유, 봉황·부원처럼 생활권이 넓게 나뉘는 김해에서 현재 위치를 기준으로 가까운 범위를 확인하는 지역 안내입니다.","0","0","0","0"
"동랜딩","massage/화곡동-출장마사지-강서구-화곡역-주거생활권-퇴근후-목어깨-허리-피로-방문-홈케어/index.html","변경후보","화곡동 출장마사지 | 서울 강서구 생활권·지역 이용 안내 | 몽라운지","화곡동 생활권 안내 | 서울 강서구 생활권·지역 이용 안내 | 몽라운지","기준으로 가까운 생활권과 귀가·외출 동선을 확인할 수 있도록 지역 정보를 구성했습니다. 서울 강서구 화곡동 출장마사지 이용 전 위치 설명과 이동 범위를 확인하는 데 참고하세요.","기준으로 가까운 생활권과 귀가·외출 동선을 확인할 수 있도록 지역 정보를 구성했습니다. 서울 강서구 화곡동 지역 이용 이용 전 위치 설명과 이동 범위를 확인하는 데 참고하세요.","1","0","1","0"
"동랜딩","massage/염창동-출장마사지-강서구-염창역-한강주거생활권-업무와-귀가동선-목어깨-피로-방문-홈케어/index.html","변경후보","염창동 출장마사지 | 서울 강서구 생활권·지역 이용 안내 | 몽라운지","염창동 생활권 안내 | 서울 강서구 생활권·지역 이용 안내 | 몽라운지","자주 오가는 주거·상업 생활권을 기준으로 위치 확인 방법을 정리했습니다. 서울 강서구 염창동 출장마사지 이용 전 가까운 지역과 이동 범위를 비교할 때 참고할 수 있습니다.","자주 오가는 주거·상업 생활권을 기준으로 위치 확인 방법을 정리했습니다. 서울 강서구 염창동 지역 이용 이용 전 가까운 지역과 이동 범위를 비교할 때 참고할 수 있습니다.","1","0","1","0"
"동읍면랜딩","massage/백사면-출장마사지-이천시-생활권-지역정보-이용안내/index.html","변경후보","백사면 출장마사지 | 이천시 면 생활권·지역 안내 | 몽라운지","이천시 백사면 지역 안내 | 출장마사지 이용 범위·생활권 정보 | 몽라운지","백사면 생활권에서 인접 읍·면·동과의 연결을 확인하기 쉽도록 지역 안내를 정리했습니다. 이천시 백사면 출장마사지 이용 전 위치 선택에 참고하세요.","백사면을 중심으로 주거·상업 생활권과 주변 이동 동선을 정리했습니다. 가까운 지역과 이용 범위를 비교하고 위치 선택에 참고할 수 있습니다.","1","1","1","0"
"동읍면랜딩","massage/설성면-출장마사지-이천시-생활권-지역정보-이용안내/index.html","변경후보","설성면 출장마사지 | 이천시 면 생활권·지역 안내 | 몽라운지","설성면 생활권 안내 | 이천시 인접 지역·이동 정보 | 몽라운지","설성면을 중심으로 주변 생활권과 이동 방향을 확인할 수 있도록 기본 지역 정보를 구성했습니다. 이천시 설성면 출장마사지 이용 전 가까운 범위를 살펴보세요.","설성면 주변 생활권과 인접 지역을 기준으로 현재 위치와 이동 범위를 확인할 수 있도록 정리했습니다. 이천시 지역에서 이용 가능한 범위를 비교할 때 참고하세요.","1","0","1","0"
"동읍면랜딩","massage/신둔면-출장마사지-이천시-생활권-지역정보-이용안내/index.html","변경후보","신둔면 출장마사지 | 이천시 면 생활권·지역 안내 | 몽라운지","신둔면 출장마사지 | 이천시 생활권·인접 지역 안내 | 몽라운지","신둔면 주변의 주거·상업 생활권과 인접 지역을 기준으로 위치를 확인할 수 있습니다. 이천시 신둔면 출장마사지 이용 전 이동 동선을 확인해 보세요.","신둔면에서 오가는 주요 생활권과 주변 지역 정보를 한눈에 확인할 수 있도록 구성했습니다. 이천시 내 현재 위치와 인접 지역의 이동 범위를 살펴보세요.","1","1","1","0"
"동읍면랜딩","massage/율면-출장마사지-이천시-생활권-지역정보-이용안내/index.html","변경후보","율면 출장마사지 | 이천시 면 생활권·지역 안내 | 몽라운지","율면 지역 이용 정보 | 이천시 생활권·위치 안내 | 몽라운지","율면 지역에서 현재 위치와 가까운 생활권을 찾기 쉽도록 지역 정보를 정리했습니다. 이천시 율면 출장마사지 이용 전 지역 범위를 확인할 수 있습니다.","율면 생활권에서 출장마사지 이용 전 확인할 수 있는 위치 범위와 인접 지역 정보를 정리했습니다. 이천시 주변 이동 동선과 가까운 생활권을 함께 확인해보세요.","1","0","1","1"
"동읍면랜딩","massage/호법면-출장마사지-이천시-생활권-지역정보-이용안내/index.html","변경후보","호법면 출장마사지 | 이천시 면 생활권·지역 안내 | 몽라운지","호법면 출장마사지 | 이천시 생활권·인접 지역 안내 | 몽라운지","호법면 주변 생활권과 인접 지역을 기준으로 위치 정보를 정리했습니다. 이천시 호법면 출장마사지 이용 전 이동 범위와 가까운 지역을 확인해 보세요.","호법면에서 오가는 주요 생활권과 주변 지역 정보를 한눈에 확인할 수 있도록 구성했습니다. 이천시 내 현재 위치와 인접 지역의 이동 범위를 살펴보세요.","1","1","1","0"
"동읍면랜딩","massage/부발읍-출장마사지-이천시-생활권-지역정보-이용안내/index.html","변경후보","부발읍 출장마사지 | 이천시 읍 생활권·지역 안내 | 몽라운지","이천시 부발읍 지역 안내 | 출장마사지 이용 범위·생활권 정보 | 몽라운지","부발읍에서 오가는 주요 생활권과 주변 지역을 살펴보기 쉽도록 구성했습니다. 이천시 부발읍 출장마사지 이용 전 현재 위치와 지역 범위를 비교할 수 있습니다.","부발읍을 중심으로 주거·상업 생활권과 주변 이동 동선을 정리했습니다. 가까운 지역과 이용 범위를 비교하고 위치 선택에 참고할 수 있습니다.","1","1","1","0"
"동읍면랜딩","massage/장호원읍-출장마사지-이천시-생활권-지역정보-이용안내/index.html","변경후보","장호원읍 출장마사지 | 이천시 읍 생활권·지역 안내 | 몽라운지","장호원읍 생활권 안내 | 이천시 인접 지역·이동 정보 | 몽라운지","장호원읍 생활권에서 인접 읍·면·동과의 연결을 확인하기 쉽도록 지역 안내를 정리했습니다. 이천시 장호원읍 출장마사지 이용 전 위치 선택에 참고하세요.","장호원읍 주변 생활권과 인접 지역을 기준으로 현재 위치와 이동 범위를 확인할 수 있도록 정리했습니다. 이천시 지역에서 이용 가능한 범위를 비교할 때 참고하세요.","1","0","1","0"
"동읍면랜딩","massage/광탄면-출장마사지-파주시-생활권-지역정보-이용안내/index.html","변경후보","광탄면 출장마사지 | 파주시 면 생활권·지역 안내 | 몽라운지","광탄면 지역 이용 정보 | 파주시 생활권·위치 안내 | 몽라운지","광탄면을 중심으로 주변 생활권과 이동 방향을 확인할 수 있도록 기본 지역 정보를 구성했습니다. 파주시 광탄면 출장마사지 이용 전 가까운 범위를 살펴보세요.","광탄면 생활권에서 출장마사지 이용 전 확인할 수 있는 위치 범위와 인접 지역 정보를 정리했습니다. 파주시 주변 이동 동선과 가까운 생활권을 함께 확인해보세요.","1","0","1","1"
"동읍면랜딩","massage/월롱면-출장마사지-파주시-생활권-지역정보-이용안내/index.html","변경후보","월롱면 출장마사지 | 파주시 면 생활권·지역 안내 | 몽라운지","월롱면 생활권 안내 | 파주시 인접 지역·이동 정보 | 몽라운지","월롱면 주변의 주거·상업 생활권과 인접 지역을 기준으로 위치를 확인할 수 있습니다. 파주시 월롱면 출장마사지 이용 전 이동 동선을 확인해 보세요.","월롱면 주변 생활권과 인접 지역을 기준으로 현재 위치와 이동 범위를 확인할 수 있도록 정리했습니다. 파주시 지역에서 이용 가능한 범위를 비교할 때 참고하세요.","1","0","1","0"
"동읍면랜딩","massage/장단면-출장마사지-파주시-생활권-지역정보-이용안내/index.html","변경후보","장단면 출장마사지 | 파주시 면 생활권·지역 안내 | 몽라운지","파주시 장단면 지역 안내 | 출장마사지 이용 범위·생활권 정보 | 몽라운지","장단면 지역에서 현재 위치와 가까운 생활권을 찾기 쉽도록 지역 정보를 정리했습니다. 파주시 장단면 출장마사지 이용 전 지역 범위를 확인할 수 있습니다.","장단면을 중심으로 주거·상업 생활권과 주변 이동 동선을 정리했습니다. 가까운 지역과 이용 범위를 비교하고 위치 선택에 참고할 수 있습니다.","1","1","1","0"
"동읍면랜딩","massage/적성면-출장마사지-파주시-생활권-지역정보-이용안내/index.html","변경후보","적성면 출장마사지 | 파주시 면 생활권·지역 안내 | 몽라운지","적성면 출장마사지 | 파주시 생활권·인접 지역 안내 | 몽라운지","적성면 주변 생활권과 인접 지역을 기준으로 위치 정보를 정리했습니다. 파주시 적성면 출장마사지 이용 전 이동 범위와 가까운 지역을 확인해 보세요.","적성면에서 오가는 주요 생활권과 주변 지역 정보를 한눈에 확인할 수 있도록 구성했습니다. 파주시 내 현재 위치와 인접 지역의 이동 범위를 살펴보세요.","1","1","1","0"
"동읍면랜딩","massage/탄현면-출장마사지-파주시-생활권-지역정보-이용안내/index.html","변경후보","탄현면 출장마사지 | 파주시 면 생활권·지역 안내 | 몽라운지","파주시 탄현면 지역 안내 | 출장마사지 이용 범위·생활권 정보 | 몽라운지","탄현면에서 오가는 주요 생활권과 주변 지역을 살펴보기 쉽도록 구성했습니다. 파주시 탄현면 출장마사지 이용 전 현재 위치와 지역 범위를 비교할 수 있습니다.","탄현면을 중심으로 주거·상업 생활권과 주변 이동 동선을 정리했습니다. 가까운 지역과 이용 범위를 비교하고 위치 선택에 참고할 수 있습니다.","1","1","1","0"
"동읍면랜딩","massage/파평면-출장마사지-파주시-생활권-지역정보-이용안내/index.html","변경후보","파평면 출장마사지 | 파주시 면 생활권·지역 안내 | 몽라운지","파평면 출장마사지 | 파주시 생활권·인접 지역 안내 | 몽라운지","파평면 생활권에서 인접 읍·면·동과의 연결을 확인하기 쉽도록 지역 안내를 정리했습니다. 파주시 파평면 출장마사지 이용 전 위치 선택에 참고하세요.","파평면에서 오가는 주요 생활권과 주변 지역 정보를 한눈에 확인할 수 있도록 구성했습니다. 파주시 내 현재 위치와 인접 지역의 이동 범위를 살펴보세요.","1","1","1","0"
"동읍면랜딩","massage/문산읍-출장마사지-파주시-생활권-지역정보-이용안내/index.html","변경후보","문산읍 출장마사지 | 파주시 읍 생활권·지역 안내 | 몽라운지","문산읍 지역 이용 정보 | 파주시 생활권·위치 안내 | 몽라운지","문산읍을 중심으로 주변 생활권과 이동 방향을 확인할 수 있도록 기본 지역 정보를 구성했습니다. 파주시 문산읍 출장마사지 이용 전 가까운 범위를 살펴보세요.","문산읍 생활권에서 출장마사지 이용 전 확인할 수 있는 위치 범위와 인접 지역 정보를 정리했습니다. 파주시 주변 이동 동선과 가까운 생활권을 함께 확인해보세요.","1","0","1","1"
"동읍면랜딩","massage/법원읍-출장마사지-파주시-생활권-지역정보-이용안내/index.html","변경후보","법원읍 출장마사지 | 파주시 읍 생활권·지역 안내 | 몽라운지","법원읍 지역 이용 정보 | 파주시 생활권·위치 안내 | 몽라운지","법원읍 주변의 주거·상업 생활권과 인접 지역을 기준으로 위치를 확인할 수 있습니다. 파주시 법원읍 출장마사지 이용 전 이동 동선을 확인해 보세요.","법원읍 생활권에서 출장마사지 이용 전 확인할 수 있는 위치 범위와 인접 지역 정보를 정리했습니다. 파주시 주변 이동 동선과 가까운 생활권을 함께 확인해보세요.","1","0","1","1"
"동읍면랜딩","massage/조리읍-출장마사지-파주시-생활권-지역정보-이용안내/index.html","변경후보","조리읍 출장마사지 | 파주시 읍 생활권·지역 안내 | 몽라운지","조리읍 생활권 안내 | 파주시 인접 지역·이동 정보 | 몽라운지","조리읍 지역에서 현재 위치와 가까운 생활권을 찾기 쉽도록 지역 정보를 정리했습니다. 파주시 조리읍 출장마사지 이용 전 지역 범위를 확인할 수 있습니다.","조리읍 주변 생활권과 인접 지역을 기준으로 현재 위치와 이동 범위를 확인할 수 있도록 정리했습니다. 파주시 지역에서 이용 가능한 범위를 비교할 때 참고하세요.","1","0","1","0"
"동읍면랜딩","massage/파주읍-출장마사지-파주시-생활권-지역정보-이용안내/index.html","변경후보","파주읍 출장마사지 | 파주시 읍 생활권·지역 안내 | 몽라운지","파주읍 출장마사지 | 파주시 생활권·인접 지역 안내 | 몽라운지","파주읍 주변 생활권과 인접 지역을 기준으로 위치 정보를 정리했습니다. 파주시 파주읍 출장마사지 이용 전 이동 범위와 가까운 지역을 확인해 보세요.","파주읍에서 오가는 주요 생활권과 주변 지역 정보를 한눈에 확인할 수 있도록 구성했습니다. 파주시 내 현재 위치와 인접 지역의 이동 범위를 살펴보세요.","1","1","1","0"
"동읍면랜딩","massage/고덕면-출장마사지-평택시-생활권-지역정보-이용안내/index.html","변경후보","고덕면 출장마사지 | 평택시 면 생활권·지역 안내 | 몽라운지","고덕면 생활권 안내 | 평택시 인접 지역·이동 정보 | 몽라운지","고덕면에서 오가는 주요 생활권과 주변 지역을 살펴보기 쉽도록 구성했습니다. 평택시 고덕면 출장마사지 이용 전 현재 위치와 지역 범위를 비교할 수 있습니다.","고덕면 주변 생활권과 인접 지역을 기준으로 현재 위치와 이동 범위를 확인할 수 있도록 정리했습니다. 평택시 지역에서 이용 가능한 범위를 비교할 때 참고하세요.","1","0","1","0"
"동읍면랜딩","massage/서탄면-출장마사지-평택시-생활권-지역정보-이용안내/index.html","변경후보","서탄면 출장마사지 | 평택시 면 생활권·지역 안내 | 몽라운지","서탄면 출장마사지 | 평택시 생활권·인접 지역 안내 | 몽라운지","서탄면 생활권에서 인접 읍·면·동과의 연결을 확인하기 쉽도록 지역 안내를 정리했습니다. 평택시 서탄면 출장마사지 이용 전 위치 선택에 참고하세요.","서탄면에서 오가는 주요 생활권과 주변 지역 정보를 한눈에 확인할 수 있도록 구성했습니다. 평택시 내 현재 위치와 인접 지역의 이동 범위를 살펴보세요.","1","1","1","0"
"동읍면랜딩","massage/오성면-출장마사지-평택시-생활권-지역정보-이용안내/index.html","변경후보","오성면 출장마사지 | 평택시 면 생활권·지역 안내 | 몽라운지","오성면 지역 이용 정보 | 평택시 생활권·위치 안내 | 몽라운지","오성면을 중심으로 주변 생활권과 이동 방향을 확인할 수 있도록 기본 지역 정보를 구성했습니다. 평택시 오성면 출장마사지 이용 전 가까운 범위를 살펴보세요.","오성면 생활권에서 출장마사지 이용 전 확인할 수 있는 위치 범위와 인접 지역 정보를 정리했습니다. 평택시 주변 이동 동선과 가까운 생활권을 함께 확인해보세요.","1","0","1","1"
"동읍면랜딩","massage/진위면-출장마사지-평택시-생활권-지역정보-이용안내/index.html","변경후보","진위면 출장마사지 | 평택시 면 생활권·지역 안내 | 몽라운지","평택시 진위면 지역 안내 | 출장마사지 이용 범위·생활권 정보 | 몽라운지","진위면 주변의 주거·상업 생활권과 인접 지역을 기준으로 위치를 확인할 수 있습니다. 평택시 진위면 출장마사지 이용 전 이동 동선을 확인해 보세요.","진위면을 중심으로 주거·상업 생활권과 주변 이동 동선을 정리했습니다. 가까운 지역과 이용 범위를 비교하고 위치 선택에 참고할 수 있습니다.","1","1","1","0"
"동읍면랜딩","massage/현덕면-출장마사지-평택시-생활권-지역정보-이용안내/index.html","변경후보","현덕면 출장마사지 | 평택시 면 생활권·지역 안내 | 몽라운지","현덕면 생활권 안내 | 평택시 인접 지역·이동 정보 | 몽라운지","현덕면 지역에서 현재 위치와 가까운 생활권을 찾기 쉽도록 지역 정보를 정리했습니다. 평택시 현덕면 출장마사지 이용 전 지역 범위를 확인할 수 있습니다.","현덕면 주변 생활권과 인접 지역을 기준으로 현재 위치와 이동 범위를 확인할 수 있도록 정리했습니다. 평택시 지역에서 이용 가능한 범위를 비교할 때 참고하세요.","1","0","1","0"
"동읍면랜딩","massage/안중읍-출장마사지-평택시-생활권-지역정보-이용안내/index.html","변경후보","안중읍 출장마사지 | 평택시 읍 생활권·지역 안내 | 몽라운지","안중읍 출장마사지 | 평택시 생활권·인접 지역 안내 | 몽라운지","안중읍 주변 생활권과 인접 지역을 기준으로 위치 정보를 정리했습니다. 평택시 안중읍 출장마사지 이용 전 이동 범위와 가까운 지역을 확인해 보세요.","안중읍에서 오가는 주요 생활권과 주변 지역 정보를 한눈에 확인할 수 있도록 구성했습니다. 평택시 내 현재 위치와 인접 지역의 이동 범위를 살펴보세요.","1","1","1","0"
"동읍면랜딩","massage/청북읍-출장마사지-평택시-생활권-지역정보-이용안내/index.html","변경후보","청북읍 출장마사지 | 평택시 읍 생활권·지역 안내 | 몽라운지","평택시 청북읍 지역 안내 | 출장마사지 이용 범위·생활권 정보 | 몽라운지","청북읍에서 오가는 주요 생활권과 주변 지역을 살펴보기 쉽도록 구성했습니다. 평택시 청북읍 출장마사지 이용 전 현재 위치와 지역 범위를 비교할 수 있습니다.","청북읍을 중심으로 주거·상업 생활권과 주변 이동 동선을 정리했습니다. 가까운 지역과 이용 범위를 비교하고 위치 선택에 참고할 수 있습니다.","1","1","1","0"
"동읍면랜딩","massage/팽성읍-출장마사지-평택시-생활권-지역정보-이용안내/index.html","변경후보","팽성읍 출장마사지 | 평택시 읍 생활권·지역 안내 | 몽라운지","팽성읍 지역 이용 정보 | 평택시 생활권·위치 안내 | 몽라운지","팽성읍 생활권에서 인접 읍·면·동과의 연결을 확인하기 쉽도록 지역 안내를 정리했습니다. 평택시 팽성읍 출장마사지 이용 전 위치 선택에 참고하세요.","팽성읍 생활권에서 출장마사지 이용 전 확인할 수 있는 위치 범위와 인접 지역 정보를 정리했습니다. 평택시 주변 이동 동선과 가까운 생활권을 함께 확인해보세요.","1","0","1","1"
"동읍면랜딩","massage/포승읍-출장마사지-평택시-생활권-지역정보-이용안내/index.html","변경후보","포승읍 출장마사지 | 평택시 읍 생활권·지역 안내 | 몽라운지","포승읍 지역 이용 정보 | 평택시 생활권·위치 안내 | 몽라운지","포승읍을 중심으로 주변 생활권과 이동 방향을 확인할 수 있도록 기본 지역 정보를 구성했습니다. 평택시 포승읍 출장마사지 이용 전 가까운 범위를 살펴보세요.","포승읍 생활권에서 출장마사지 이용 전 확인할 수 있는 위치 범위와 인접 지역 정보를 정리했습니다. 평택시 주변 이동 동선과 가까운 생활권을 함께 확인해보세요.","1","0","1","1"
"동읍면랜딩","massage/가산면-출장마사지-포천시-생활권-지역정보-이용안내/index.html","변경후보","가산면 출장마사지 | 포천시 면 생활권·지역 안내 | 몽라운지","가산면 출장마사지 | 포천시 생활권·인접 지역 안내 | 몽라운지","가산면 주변의 주거·상업 생활권과 인접 지역을 기준으로 위치를 확인할 수 있습니다. 포천시 가산면 출장마사지 이용 전 이동 동선을 확인해 보세요.","가산면에서 오가는 주요 생활권과 주변 지역 정보를 한눈에 확인할 수 있도록 구성했습니다. 포천시 내 현재 위치와 인접 지역의 이동 범위를 살펴보세요.","1","1","1","0"
"동읍면랜딩","massage/관인면-출장마사지-포천시-생활권-지역정보-이용안내/index.html","변경후보","관인면 출장마사지 | 포천시 면 생활권·지역 안내 | 몽라운지","포천시 관인면 지역 안내 | 출장마사지 이용 범위·생활권 정보 | 몽라운지","관인면 지역에서 현재 위치와 가까운 생활권을 찾기 쉽도록 지역 정보를 정리했습니다. 포천시 관인면 출장마사지 이용 전 지역 범위를 확인할 수 있습니다.","관인면을 중심으로 주거·상업 생활권과 주변 이동 동선을 정리했습니다. 가까운 지역과 이용 범위를 비교하고 위치 선택에 참고할 수 있습니다.","1","1","1","0"
"동읍면랜딩","massage/군내면-출장마사지-포천시-생활권-지역정보-이용안내/index.html","변경후보","군내면 출장마사지 | 포천시 면 생활권·지역 안내 | 몽라운지","군내면 출장마사지 | 포천시 생활권·인접 지역 안내 | 몽라운지","군내면 주변 생활권과 인접 지역을 기준으로 위치 정보를 정리했습니다. 포천시 군내면 출장마사지 이용 전 이동 범위와 가까운 지역을 확인해 보세요.","군내면에서 오가는 주요 생활권과 주변 지역 정보를 한눈에 확인할 수 있도록 구성했습니다. 포천시 내 현재 위치와 인접 지역의 이동 범위를 살펴보세요.","1","1","1","0"
"동읍면랜딩","massage/내촌면-출장마사지-포천시-생활권-지역정보-이용안내/index.html","변경후보","내촌면 출장마사지 | 포천시 면 생활권·지역 안내 | 몽라운지","내촌면 지역 이용 정보 | 포천시 생활권·위치 안내 | 몽라운지","내촌면에서 오가는 주요 생활권과 주변 지역을 살펴보기 쉽도록 구성했습니다. 포천시 내촌면 출장마사지 이용 전 현재 위치와 지역 범위를 비교할 수 있습니다.","내촌면 생활권에서 출장마사지 이용 전 확인할 수 있는 위치 범위와 인접 지역 정보를 정리했습니다. 포천시 주변 이동 동선과 가까운 생활권을 함께 확인해보세요.","1","0","1","1"
"동랜딩","massage/갈현동-출장마사지-과천시-생활권-이동동선-지역정보-이용전-안내/index.html","변경후보","갈현동 출장마사지 | 경기 과천시 생활권·지역 이용 안내 | 몽라운지","갈현동 생활권 안내 | 경기 과천시 생활권·지역 이용 안내 | 몽라운지","자주 오가는 생활권을 기준으로 위치와 인접 지역을 정리했습니다. 경기 과천시 갈현동 출장마사지 이용 전 가까운 범위와 이동 방향을 비교해 보세요.","자주 오가는 생활권을 기준으로 위치와 인접 지역을 정리했습니다. 경기 과천시 갈현동 지역 이용 이용 전 가까운 범위와 이동 방향을 비교해 보세요.","1","0","1","0"
"동랜딩","massage/과천동-출장마사지-과천시-생활권-이동동선-지역정보-이용전-안내/index.html","변경후보","과천동 출장마사지 | 경기 과천시 생활권·지역 이용 안내 | 몽라운지","과천동 지역 이용 안내 | 경기 과천시 생활권·지역 이용 안내 | 몽라운지","과천동 생활권에서 현재 위치와 인접 동을 확인하기 쉽도록 지역 정보를 구성했습니다. 경기 과천시 과천동 출장마사지 이용 전 위치와 지역 범위를 살펴볼 수 있습니다.","과천동 생활권에서 현재 위치와 인접 동을 확인하기 쉽도록 지역 정보를 구성했습니다. 경기 과천시 과천동 출장마사지 이용 전 위치와 지역 범위를 살펴볼 수 있습니다.","1","0","1","1"
"동랜딩","massage/문원동-출장마사지-과천시-생활권-이동동선-지역정보-이용전-안내/index.html","변경후보","문원동 출장마사지 | 경기 과천시 생활권·지역 이용 안내 | 몽라운지","문원동 지역 이용 안내 | 경기 과천시 생활권·지역 이용 안내 | 몽라운지","중심으로 주변 생활권과 이동 방향을 확인할 수 있도록 정리했습니다. 경기 과천시 문원동 출장마사지 이용 전 현재 위치와 가까운 지역을 확인해 보세요.","중심으로 주변 생활권과 이동 방향을 확인할 수 있도록 정리했습니다. 경기 과천시 문원동 출장마사지 이용 전 현재 위치와 가까운 지역을 확인해 보세요.","1","0","1","1"
"동랜딩","massage/별양동-출장마사지-과천시-생활권-이동동선-지역정보-이용전-안내/index.html","변경후보","별양동 출장마사지 | 경기 과천시 생활권·지역 이용 안내 | 몽라운지","별양동 출장마사지 | 경기 과천시 생활권·지역 이용 안내 | 몽라운지","별양동 주변의 주거·업무 생활권과 인접 지역을 기준으로 위치 정보를 정리했습니다. 경기 과천시 별양동 출장마사지 이용 전 이동 범위를 확인할 수 있습니다.","별양동 주변의 주거·업무 생활권과 인접 지역을 기준으로 위치 정보를 정리했습니다. 경기 과천시 별양동 생활권 이용 이용 전 이동 범위를 확인할 수 있습니다.","1","1","1","0"
"동랜딩","massage/부림동-출장마사지-과천시-생활권-이동동선-지역정보-이용전-안내/index.html","변경후보","부림동 출장마사지 | 경기 과천시 생활권·지역 이용 안내 | 몽라운지","부림동 출장마사지 | 경기 과천시 생활권·지역 이용 안내 | 몽라운지","부림동 지역에서 현재 위치를 설명하고 가까운 생활권을 찾기 쉽도록 기본 정보를 구성했습니다. 경기 과천시 부림동 출장마사지 이용 전 지역 선택에 참고하세요.","부림동 지역에서 현재 위치를 설명하고 가까운 생활권을 찾기 쉽도록 기본 정보를 구성했습니다. 경기 과천시 부림동 생활권 이용 이용 전 지역 선택에 참고하세요.","1","1","1","0"
"동랜딩","massage/원문동-출장마사지-과천시-생활권-이동동선-지역정보-이용전-안내/index.html","변경후보","원문동 출장마사지 | 경기 과천시 생활권·지역 이용 안내 | 몽라운지","원문동 지역 이용 안내 | 경기 과천시 생활권·지역 이용 안내 | 몽라운지","원문동 주변 생활권과 이동 흐름을 먼저 살펴보고 현재 위치를 확인하기 좋은 기준을 정리했습니다. 경기 과천시 원문동 출장마사지 이용 전 지역 범위를 확인해 보세요.","원문동 주변 생활권과 이동 흐름을 먼저 살펴보고 현재 위치를 확인하기 좋은 기준을 정리했습니다. 경기 과천시 원문동 출장마사지 이용 전 지역 범위를 확인해 보세요.","1","0","1","1"
"동랜딩","massage/중앙동-출장마사지-과천시-생활권-이동동선-지역정보-이용전-안내/index.html","변경후보","중앙동 출장마사지 | 경기 과천시 생활권·지역 이용 안내 | 몽라운지","중앙동 출장마사지 | 경기 과천시 생활권·지역 이용 안내 | 몽라운지","자주 오가는 생활권을 기준으로 위치와 인접 지역을 정리했습니다. 경기 과천시 중앙동 출장마사지 이용 전 가까운 범위와 이동 방향을 비교해 보세요.","자주 오가는 생활권을 기준으로 위치와 인접 지역을 정리했습니다. 경기 과천시 중앙동 생활권 이용 이용 전 가까운 범위와 이동 방향을 비교해 보세요.","1","1","1","0"
"동랜딩","massage/광명동-출장마사지-광명시-생활권-이동동선-지역정보-이용전-안내/index.html","변경후보","광명동 출장마사지 | 경기 광명시 생활권·지역 이용 안내 | 몽라운지","광명동 출장마사지 | 경기 광명시 생활권·지역 이용 안내 | 몽라운지","광명동 생활권에서 현재 위치와 인접 동을 확인하기 쉽도록 지역 정보를 구성했습니다. 경기 광명시 광명동 출장마사지 이용 전 위치와 지역 범위를 살펴볼 수 있습니다.","광명동 생활권에서 현재 위치와 인접 동을 확인하기 쉽도록 지역 정보를 구성했습니다. 경기 광명시 광명동 생활권 이용 이용 전 위치와 지역 범위를 살펴볼 수 있습니다.","1","1","1","0"
"동랜딩","massage/소하동-출장마사지-광명시-생활권-이동동선-지역정보-이용전-안내/index.html","변경후보","소하동 출장마사지 | 경기 광명시 생활권·지역 이용 안내 | 몽라운지","소하동 생활권 안내 | 경기 광명시 생활권·지역 이용 안내 | 몽라운지","중심으로 주변 생활권과 이동 방향을 확인할 수 있도록 정리했습니다. 경기 광명시 소하동 출장마사지 이용 전 현재 위치와 가까운 지역을 확인해 보세요.","중심으로 주변 생활권과 이동 방향을 확인할 수 있도록 정리했습니다. 경기 광명시 소하동 지역 이용 이용 전 현재 위치와 가까운 지역을 확인해 보세요.","1","0","1","0"
"동랜딩","massage/일직동-출장마사지-광명시-생활권-이동동선-지역정보-이용전-안내/index.html","변경후보","일직동 출장마사지 | 경기 광명시 생활권·지역 이용 안내 | 몽라운지","일직동 지역 이용 안내 | 경기 광명시 생활권·지역 이용 안내 | 몽라운지","일직동 주변의 주거·업무 생활권과 인접 지역을 기준으로 위치 정보를 정리했습니다. 경기 광명시 일직동 출장마사지 이용 전 이동 범위를 확인할 수 있습니다.","일직동 주변의 주거·업무 생활권과 인접 지역을 기준으로 위치 정보를 정리했습니다. 경기 광명시 일직동 출장마사지 이용 전 이동 범위를 확인할 수 있습니다.","1","0","1","1"
"동랜딩","massage/철산동-출장마사지-광명시-생활권-이동동선-지역정보-이용전-안내/index.html","변경후보","철산동 출장마사지 | 경기 광명시 생활권·지역 이용 안내 | 몽라운지","철산동 지역 이용 안내 | 경기 광명시 생활권·지역 이용 안내 | 몽라운지","철산동 지역에서 현재 위치를 설명하고 가까운 생활권을 찾기 쉽도록 기본 정보를 구성했습니다. 경기 광명시 철산동 출장마사지 이용 전 지역 선택에 참고하세요.","철산동 지역에서 현재 위치를 설명하고 가까운 생활권을 찾기 쉽도록 기본 정보를 구성했습니다. 경기 광명시 철산동 출장마사지 이용 전 지역 선택에 참고하세요.","1","0","1","1"
"동랜딩","massage/하안동-출장마사지-광명시-생활권-이동동선-지역정보-이용전-안내/index.html","변경후보","하안동 출장마사지 | 경기 광명시 생활권·지역 이용 안내 | 몽라운지","하안동 지역 이용 안내 | 경기 광명시 생활권·지역 이용 안내 | 몽라운지","하안동 주변 생활권과 이동 흐름을 먼저 살펴보고 현재 위치를 확인하기 좋은 기준을 정리했습니다. 경기 광명시 하안동 출장마사지 이용 전 지역 범위를 확인해 보세요.","하안동 주변 생활권과 이동 흐름을 먼저 살펴보고 현재 위치를 확인하기 좋은 기준을 정리했습니다. 경기 광명시 하안동 출장마사지 이용 전 지역 범위를 확인해 보세요.","1","0","1","1"
"동랜딩","massage/학온동-출장마사지-광명시-생활권-이동동선-지역정보-이용전-안내/index.html","변경후보","학온동 출장마사지 | 경기 광명시 생활권·지역 이용 안내 | 몽라운지","학온동 지역 이용 안내 | 경기 광명시 생활권·지역 이용 안내 | 몽라운지","자주 오가는 생활권을 기준으로 위치와 인접 지역을 정리했습니다. 경기 광명시 학온동 출장마사지 이용 전 가까운 범위와 이동 방향을 비교해 보세요.","자주 오가는 생활권을 기준으로 위치와 인접 지역을 정리했습니다. 경기 광명시 학온동 출장마사지 이용 전 가까운 범위와 이동 방향을 비교해 보세요.","1","0","1","1"
"동랜딩","massage/경안동-출장마사지-광주시-생활권-이동동선-지역정보-이용전-안내/index.html","변경후보","경안동 출장마사지 | 경기 광주시 생활권·지역 이용 안내 | 몽라운지","경안동 생활권 안내 | 경기 광주시 생활권·지역 이용 안내 | 몽라운지","경안동 생활권에서 현재 위치와 인접 동을 확인하기 쉽도록 지역 정보를 구성했습니다. 경기 광주시 경안동 출장마사지 이용 전 위치와 지역 범위를 살펴볼 수 있습니다.","경안동 생활권에서 현재 위치와 인접 동을 확인하기 쉽도록 지역 정보를 구성했습니다. 경기 광주시 경안동 지역 이용 이용 전 위치와 지역 범위를 살펴볼 수 있습니다.","1","0","1","0"
"동랜딩","massage/광남동-출장마사지-광주시-생활권-이동동선-지역정보-이용전-안내/index.html","변경후보","광남동 출장마사지 | 경기 광주시 생활권·지역 이용 안내 | 몽라운지","광남동 생활권 안내 | 경기 광주시 생활권·지역 이용 안내 | 몽라운지","중심으로 주변 생활권과 이동 방향을 확인할 수 있도록 정리했습니다. 경기 광주시 광남동 출장마사지 이용 전 현재 위치와 가까운 지역을 확인해 보세요.","중심으로 주변 생활권과 이동 방향을 확인할 수 있도록 정리했습니다. 경기 광주시 광남동 지역 이용 이용 전 현재 위치와 가까운 지역을 확인해 보세요.","1","0","1","0"
"동랜딩","massage/능평동-출장마사지-광주시-생활권-이동동선-지역정보-이용전-안내/index.html","변경후보","능평동 출장마사지 | 경기 광주시 생활권·지역 이용 안내 | 몽라운지","능평동 지역 이용 안내 | 경기 광주시 생활권·지역 이용 안내 | 몽라운지","능평동 주변의 주거·업무 생활권과 인접 지역을 기준으로 위치 정보를 정리했습니다. 경기 광주시 능평동 출장마사지 이용 전 이동 범위를 확인할 수 있습니다.","능평동 주변의 주거·업무 생활권과 인접 지역을 기준으로 위치 정보를 정리했습니다. 경기 광주시 능평동 출장마사지 이용 전 이동 범위를 확인할 수 있습니다.","1","0","1","1"
"동랜딩","massage/송정동-출장마사지-광주시-생활권-이동동선-지역정보-이용전-안내/index.html","변경후보","송정동 출장마사지 | 경기 광주시 생활권·지역 이용 안내 | 몽라운지","송정동 지역 이용 안내 | 경기 광주시 생활권·지역 이용 안내 | 몽라운지","송정동 지역에서 현재 위치를 설명하고 가까운 생활권을 찾기 쉽도록 기본 정보를 구성했습니다. 경기 광주시 송정동 출장마사지 이용 전 지역 선택에 참고하세요.","송정동 지역에서 현재 위치를 설명하고 가까운 생활권을 찾기 쉽도록 기본 정보를 구성했습니다. 경기 광주시 송정동 출장마사지 이용 전 지역 선택에 참고하세요.","1","0","1","1"
"동랜딩","massage/신현동-출장마사지-광주시-생활권-이동동선-지역정보-이용전-안내/index.html","변경후보","신현동 출장마사지 | 경기 광주시 생활권·지역 이용 안내 | 몽라운지","신현동 생활권 안내 | 경기 광주시 생활권·지역 이용 안내 | 몽라운지","신현동 주변 생활권과 이동 흐름을 먼저 살펴보고 현재 위치를 확인하기 좋은 기준을 정리했습니다. 경기 광주시 신현동 출장마사지 이용 전 지역 범위를 확인해 보세요.","신현동 주변 생활권과 이동 흐름을 먼저 살펴보고 현재 위치를 확인하기 좋은 기준을 정리했습니다. 경기 광주시 신현동 지역 이용 이용 전 지역 범위를 확인해 보세요.","1","0","1","0"
"동랜딩","massage/쌍령동-출장마사지-광주시-생활권-이동동선-지역정보-이용전-안내/index.html","변경후보","쌍령동 출장마사지 | 경기 광주시 생활권·지역 이용 안내 | 몽라운지","쌍령동 지역 이용 안내 | 경기 광주시 생활권·지역 이용 안내 | 몽라운지","자주 오가는 생활권을 기준으로 위치와 인접 지역을 정리했습니다. 경기 광주시 쌍령동 출장마사지 이용 전 가까운 범위와 이동 방향을 비교해 보세요.","자주 오가는 생활권을 기준으로 위치와 인접 지역을 정리했습니다. 경기 광주시 쌍령동 출장마사지 이용 전 가까운 범위와 이동 방향을 비교해 보세요.","1","0","1","1"
"동랜딩","massage/오포동-출장마사지-광주시-생활권-이동동선-지역정보-이용전-안내/index.html","변경후보","오포동 출장마사지 | 경기 광주시 생활권·지역 이용 안내 | 몽라운지","오포동 생활권 안내 | 경기 광주시 생활권·지역 이용 안내 | 몽라운지","오포동 생활권에서 현재 위치와 인접 동을 확인하기 쉽도록 지역 정보를 구성했습니다. 경기 광주시 오포동 출장마사지 이용 전 위치와 지역 범위를 살펴볼 수 있습니다.","오포동 생활권에서 현재 위치와 인접 동을 확인하기 쉽도록 지역 정보를 구성했습니다. 경기 광주시 오포동 지역 이용 이용 전 위치와 지역 범위를 살펴볼 수 있습니다.","1","0","1","0"
"동랜딩","massage/탄벌동-출장마사지-광주시-생활권-이동동선-지역정보-이용전-안내/index.html","변경후보","탄벌동 출장마사지 | 경기 광주시 생활권·지역 이용 안내 | 몽라운지","탄벌동 생활권 안내 | 경기 광주시 생활권·지역 이용 안내 | 몽라운지","중심으로 주변 생활권과 이동 방향을 확인할 수 있도록 정리했습니다. 경기 광주시 탄벌동 출장마사지 이용 전 현재 위치와 가까운 지역을 확인해 보세요.","중심으로 주변 생활권과 이동 방향을 확인할 수 있도록 정리했습니다. 경기 광주시 탄벌동 지역 이용 이용 전 현재 위치와 가까운 지역을 확인해 보세요.","1","0","1","0"
"동랜딩","massage/갈매동-출장마사지-구리시-생활권-이동동선-지역정보-이용전-안내/index.html","변경후보","갈매동 출장마사지 | 경기 구리시 생활권·지역 이용 안내 | 몽라운지","갈매동 출장마사지 | 경기 구리시 생활권·지역 이용 안내 | 몽라운지","갈매동 주변의 주거·업무 생활권과 인접 지역을 기준으로 위치 정보를 정리했습니다. 경기 구리시 갈매동 출장마사지 이용 전 이동 범위를 확인할 수 있습니다.","갈매동 주변의 주거·업무 생활권과 인접 지역을 기준으로 위치 정보를 정리했습니다. 경기 구리시 갈매동 생활권 이용 이용 전 이동 범위를 확인할 수 있습니다.","1","1","1","0"
"동랜딩","massage/교문동-출장마사지-구리시-생활권-이동동선-지역정보-이용전-안내/index.html","변경후보","교문동 출장마사지 | 경기 구리시 생활권·지역 이용 안내 | 몽라운지","교문동 생활권 안내 | 경기 구리시 생활권·지역 이용 안내 | 몽라운지","교문동 지역에서 현재 위치를 설명하고 가까운 생활권을 찾기 쉽도록 기본 정보를 구성했습니다. 경기 구리시 교문동 출장마사지 이용 전 지역 선택에 참고하세요.","교문동 지역에서 현재 위치를 설명하고 가까운 생활권을 찾기 쉽도록 기본 정보를 구성했습니다. 경기 구리시 교문동 지역 이용 이용 전 지역 선택에 참고하세요.","1","0","1","0"
"동랜딩","massage/동구동-출장마사지-구리시-생활권-이동동선-지역정보-이용전-안내/index.html","변경후보","동구동 출장마사지 | 경기 구리시 생활권·지역 이용 안내 | 몽라운지","동구동 출장마사지 | 경기 구리시 생활권·지역 이용 안내 | 몽라운지","동구동 주변 생활권과 이동 흐름을 먼저 살펴보고 현재 위치를 확인하기 좋은 기준을 정리했습니다. 경기 구리시 동구동 출장마사지 이용 전 지역 범위를 확인해 보세요.","동구동 주변 생활권과 이동 흐름을 먼저 살펴보고 현재 위치를 확인하기 좋은 기준을 정리했습니다. 경기 구리시 동구동 생활권 이용 이용 전 지역 범위를 확인해 보세요.","1","1","1","0"
"동랜딩","massage/수택동-출장마사지-구리시-생활권-이동동선-지역정보-이용전-안내/index.html","변경후보","수택동 출장마사지 | 경기 구리시 생활권·지역 이용 안내 | 몽라운지","수택동 출장마사지 | 경기 구리시 생활권·지역 이용 안내 | 몽라운지","자주 오가는 생활권을 기준으로 위치와 인접 지역을 정리했습니다. 경기 구리시 수택동 출장마사지 이용 전 가까운 범위와 이동 방향을 비교해 보세요.","자주 오가는 생활권을 기준으로 위치와 인접 지역을 정리했습니다. 경기 구리시 수택동 생활권 이용 이용 전 가까운 범위와 이동 방향을 비교해 보세요.","1","1","1","0"
"동랜딩","massage/인창동-출장마사지-구리시-생활권-이동동선-지역정보-이용전-안내/index.html","변경후보","인창동 출장마사지 | 경기 구리시 생활권·지역 이용 안내 | 몽라운지","인창동 출장마사지 | 경기 구리시 생활권·지역 이용 안내 | 몽라운지","인창동 생활권에서 현재 위치와 인접 동을 확인하기 쉽도록 지역 정보를 구성했습니다. 경기 구리시 인창동 출장마사지 이용 전 위치와 지역 범위를 살펴볼 수 있습니다.","인창동 생활권에서 현재 위치와 인접 동을 확인하기 쉽도록 지역 정보를 구성했습니다. 경기 구리시 인창동 생활권 이용 이용 전 위치와 지역 범위를 살펴볼 수 있습니다.","1","1","1","0"
"동랜딩","massage/광정동-출장마사지-군포시-생활권-이동동선-지역정보-이용전-안내/index.html","변경후보","광정동 출장마사지 | 경기 군포시 생활권·지역 이용 안내 | 몽라운지","광정동 생활권 안내 | 경기 군포시 생활권·지역 이용 안내 | 몽라운지","중심으로 주변 생활권과 이동 방향을 확인할 수 있도록 정리했습니다. 경기 군포시 광정동 출장마사지 이용 전 현재 위치와 가까운 지역을 확인해 보세요.","중심으로 주변 생활권과 이동 방향을 확인할 수 있도록 정리했습니다. 경기 군포시 광정동 지역 이용 이용 전 현재 위치와 가까운 지역을 확인해 보세요.","1","0","1","0"
"동랜딩","massage/군포동-출장마사지-군포시-생활권-이동동선-지역정보-이용전-안내/index.html","변경후보","군포동 출장마사지 | 경기 군포시 생활권·지역 이용 안내 | 몽라운지","군포동 생활권 안내 | 경기 군포시 생활권·지역 이용 안내 | 몽라운지","군포동 주변의 주거·업무 생활권과 인접 지역을 기준으로 위치 정보를 정리했습니다. 경기 군포시 군포동 출장마사지 이용 전 이동 범위를 확인할 수 있습니다.","군포동 주변의 주거·업무 생활권과 인접 지역을 기준으로 위치 정보를 정리했습니다. 경기 군포시 군포동 지역 이용 이용 전 이동 범위를 확인할 수 있습니다.","1","0","1","0"
"동랜딩","massage/궁내동-출장마사지-군포시-생활권-이동동선-지역정보-이용전-안내/index.html","변경후보","궁내동 출장마사지 | 경기 군포시 생활권·지역 이용 안내 | 몽라운지","궁내동 출장마사지 | 경기 군포시 생활권·지역 이용 안내 | 몽라운지","궁내동 지역에서 현재 위치를 설명하고 가까운 생활권을 찾기 쉽도록 기본 정보를 구성했습니다. 경기 군포시 궁내동 출장마사지 이용 전 지역 선택에 참고하세요.","궁내동 지역에서 현재 위치를 설명하고 가까운 생활권을 찾기 쉽도록 기본 정보를 구성했습니다. 경기 군포시 궁내동 생활권 이용 이용 전 지역 선택에 참고하세요.","1","1","1","0"
"동랜딩","massage/금정동-출장마사지-군포시-생활권-이동동선-지역정보-이용전-안내/index.html","변경후보","금정동 출장마사지 | 경기 군포시 생활권·지역 이용 안내 | 몽라운지","금정동 출장마사지 | 경기 군포시 생활권·지역 이용 안내 | 몽라운지","금정동 주변 생활권과 이동 흐름을 먼저 살펴보고 현재 위치를 확인하기 좋은 기준을 정리했습니다. 경기 군포시 금정동 출장마사지 이용 전 지역 범위를 확인해 보세요.","금정동 주변 생활권과 이동 흐름을 먼저 살펴보고 현재 위치를 확인하기 좋은 기준을 정리했습니다. 경기 군포시 금정동 생활권 이용 이용 전 지역 범위를 확인해 보세요.","1","1","1","0"
"동랜딩","massage/대야동-출장마사지-군포시-생활권-이동동선-지역정보-이용전-안내/index.html","변경후보","대야동 출장마사지 | 경기 군포시 생활권·지역 이용 안내 | 몽라운지","대야동 지역 이용 안내 | 경기 군포시 생활권·지역 이용 안내 | 몽라운지","자주 오가는 생활권을 기준으로 위치와 인접 지역을 정리했습니다. 경기 군포시 대야동 출장마사지 이용 전 가까운 범위와 이동 방향을 비교해 보세요.","자주 오가는 생활권을 기준으로 위치와 인접 지역을 정리했습니다. 경기 군포시 대야동 출장마사지 이용 전 가까운 범위와 이동 방향을 비교해 보세요.","1","0","1","1"
"동랜딩","massage/산본동-출장마사지-군포시-생활권-이동동선-지역정보-이용전-안내/index.html","변경후보","산본동 출장마사지 | 경기 군포시 생활권·지역 이용 안내 | 몽라운지","산본동 생활권 안내 | 경기 군포시 생활권·지역 이용 안내 | 몽라운지","산본동 생활권에서 현재 위치와 인접 동을 확인하기 쉽도록 지역 정보를 구성했습니다. 경기 군포시 산본동 출장마사지 이용 전 위치와 지역 범위를 살펴볼 수 있습니다.","산본동 생활권에서 현재 위치와 인접 동을 확인하기 쉽도록 지역 정보를 구성했습니다. 경기 군포시 산본동 지역 이용 이용 전 위치와 지역 범위를 살펴볼 수 있습니다.","1","0","1","0"
"동랜딩","massage/송부동-출장마사지-군포시-생활권-이동동선-지역정보-이용전-안내/index.html","변경후보","송부동 출장마사지 | 경기 군포시 생활권·지역 이용 안내 | 몽라운지","송부동 지역 이용 안내 | 경기 군포시 생활권·지역 이용 안내 | 몽라운지","중심으로 주변 생활권과 이동 방향을 확인할 수 있도록 정리했습니다. 경기 군포시 송부동 출장마사지 이용 전 현재 위치와 가까운 지역을 확인해 보세요.","중심으로 주변 생활권과 이동 방향을 확인할 수 있도록 정리했습니다. 경기 군포시 송부동 출장마사지 이용 전 현재 위치와 가까운 지역을 확인해 보세요.","1","0","1","1"
"동랜딩","massage/수리동-출장마사지-군포시-생활권-이동동선-지역정보-이용전-안내/index.html","변경후보","수리동 출장마사지 | 경기 군포시 생활권·지역 이용 안내 | 몽라운지","수리동 지역 이용 안내 | 경기 군포시 생활권·지역 이용 안내 | 몽라운지","수리동 주변의 주거·업무 생활권과 인접 지역을 기준으로 위치 정보를 정리했습니다. 경기 군포시 수리동 출장마사지 이용 전 이동 범위를 확인할 수 있습니다.","수리동 주변의 주거·업무 생활권과 인접 지역을 기준으로 위치 정보를 정리했습니다. 경기 군포시 수리동 출장마사지 이용 전 이동 범위를 확인할 수 있습니다.","1","0","1","1"
"동랜딩","massage/오금동-출장마사지-군포시-생활권-이동동선-지역정보-이용전-안내/index.html","변경후보","오금동 출장마사지 | 경기 군포시 생활권·지역 이용 안내 | 몽라운지","오금동 지역 이용 안내 | 경기 군포시 생활권·지역 이용 안내 | 몽라운지","오금동 지역에서 현재 위치를 설명하고 가까운 생활권을 찾기 쉽도록 기본 정보를 구성했습니다. 경기 군포시 오금동 출장마사지 이용 전 지역 선택에 참고하세요.","오금동 지역에서 현재 위치를 설명하고 가까운 생활권을 찾기 쉽도록 기본 정보를 구성했습니다. 경기 군포시 오금동 출장마사지 이용 전 지역 선택에 참고하세요.","1","0","1","1"
"동랜딩","massage/재궁동-출장마사지-군포시-생활권-이동동선-지역정보-이용전-안내/index.html","변경후보","재궁동 출장마사지 | 경기 군포시 생활권·지역 이용 안내 | 몽라운지","재궁동 출장마사지 | 경기 군포시 생활권·지역 이용 안내 | 몽라운지","재궁동 주변 생활권과 이동 흐름을 먼저 살펴보고 현재 위치를 확인하기 좋은 기준을 정리했습니다. 경기 군포시 재궁동 출장마사지 이용 전 지역 범위를 확인해 보세요.","재궁동 주변 생활권과 이동 흐름을 먼저 살펴보고 현재 위치를 확인하기 좋은 기준을 정리했습니다. 경기 군포시 재궁동 생활권 이용 이용 전 지역 범위를 확인해 보세요.","1","1","1","0"
"동랜딩","massage/구래동-출장마사지-김포시-생활권-이동동선-지역정보-이용전-안내/index.html","변경후보","구래동 출장마사지 | 경기 김포시 생활권·지역 이용 안내 | 몽라운지","구래동 지역 이용 안내 | 경기 김포시 생활권·지역 이용 안내 | 몽라운지","자주 오가는 생활권을 기준으로 위치와 인접 지역을 정리했습니다. 경기 김포시 구래동 출장마사지 이용 전 가까운 범위와 이동 방향을 비교해 보세요.","자주 오가는 생활권을 기준으로 위치와 인접 지역을 정리했습니다. 경기 김포시 구래동 출장마사지 이용 전 가까운 범위와 이동 방향을 비교해 보세요.","1","0","1","1"
"동랜딩","massage/김포본동-출장마사지-김포시-생활권-이동동선-지역정보-이용전-안내/index.html","변경후보","김포본동 출장마사지 | 경기 김포시 생활권·지역 이용 안내 | 몽라운지","김포본동 생활권 안내 | 경기 김포시 생활권·지역 이용 안내 | 몽라운지","김포본동 생활권에서 현재 위치와 인접 동을 확인하기 쉽도록 지역 정보를 구성했습니다. 경기 김포시 김포본동 출장마사지 이용 전 위치와 지역 범위를 살펴볼 수 있습니다.","김포본동 생활권에서 현재 위치와 인접 동을 확인하기 쉽도록 지역 정보를 구성했습니다. 경기 김포시 김포본동 지역 이용 이용 전 위치와 지역 범위를 살펴볼 수 있습니다.","1","0","1","0"
"동랜딩","massage/마산동-출장마사지-김포시-생활권-이동동선-지역정보-이용전-안내/index.html","변경후보","마산동 출장마사지 | 경기 김포시 생활권·지역 이용 안내 | 몽라운지","마산동 출장마사지 | 경기 김포시 생활권·지역 이용 안내 | 몽라운지","중심으로 주변 생활권과 이동 방향을 확인할 수 있도록 정리했습니다. 경기 김포시 마산동 출장마사지 이용 전 현재 위치와 가까운 지역을 확인해 보세요.","중심으로 주변 생활권과 이동 방향을 확인할 수 있도록 정리했습니다. 경기 김포시 마산동 생활권 이용 이용 전 현재 위치와 가까운 지역을 확인해 보세요.","1","1","1","0"
"동랜딩","massage/사우동-출장마사지-김포시-생활권-이동동선-지역정보-이용전-안내/index.html","변경후보","사우동 출장마사지 | 경기 김포시 생활권·지역 이용 안내 | 몽라운지","사우동 출장마사지 | 경기 김포시 생활권·지역 이용 안내 | 몽라운지","사우동 주변의 주거·업무 생활권과 인접 지역을 기준으로 위치 정보를 정리했습니다. 경기 김포시 사우동 출장마사지 이용 전 이동 범위를 확인할 수 있습니다.","사우동 주변의 주거·업무 생활권과 인접 지역을 기준으로 위치 정보를 정리했습니다. 경기 김포시 사우동 생활권 이용 이용 전 이동 범위를 확인할 수 있습니다.","1","1","1","0"
"동랜딩","massage/운양동-출장마사지-김포시-생활권-이동동선-지역정보-이용전-안내/index.html","변경후보","운양동 출장마사지 | 경기 김포시 생활권·지역 이용 안내 | 몽라운지","운양동 출장마사지 | 경기 김포시 생활권·지역 이용 안내 | 몽라운지","운양동 지역에서 현재 위치를 설명하고 가까운 생활권을 찾기 쉽도록 기본 정보를 구성했습니다. 경기 김포시 운양동 출장마사지 이용 전 지역 선택에 참고하세요.","운양동 지역에서 현재 위치를 설명하고 가까운 생활권을 찾기 쉽도록 기본 정보를 구성했습니다. 경기 김포시 운양동 생활권 이용 이용 전 지역 선택에 참고하세요.","1","1","1","0"
"동랜딩","massage/장기동-출장마사지-김포시-생활권-이동동선-지역정보-이용전-안내/index.html","변경후보","장기동 출장마사지 | 경기 김포시 생활권·지역 이용 안내 | 몽라운지","장기동 지역 이용 안내 | 경기 김포시 생활권·지역 이용 안내 | 몽라운지","장기동 주변 생활권과 이동 흐름을 먼저 살펴보고 현재 위치를 확인하기 좋은 기준을 정리했습니다. 경기 김포시 장기동 출장마사지 이용 전 지역 범위를 확인해 보세요.","장기동 주변 생활권과 이동 흐름을 먼저 살펴보고 현재 위치를 확인하기 좋은 기준을 정리했습니다. 경기 김포시 장기동 출장마사지 이용 전 지역 범위를 확인해 보세요.","1","0","1","1"
"동랜딩","massage/장기본동-출장마사지-김포시-생활권-이동동선-지역정보-이용전-안내/index.html","변경후보","장기본동 출장마사지 | 경기 김포시 생활권·지역 이용 안내 | 몽라운지","장기본동 생활권 안내 | 경기 김포시 생활권·지역 이용 안내 | 몽라운지","자주 오가는 생활권을 기준으로 위치와 인접 지역을 정리했습니다. 경기 김포시 장기본동 출장마사지 이용 전 가까운 범위와 이동 방향을 비교해 보세요.","자주 오가는 생활권을 기준으로 위치와 인접 지역을 정리했습니다. 경기 김포시 장기본동 지역 이용 이용 전 가까운 범위와 이동 방향을 비교해 보세요.","1","0","1","0"
"동랜딩","massage/풍무동-출장마사지-김포시-생활권-이동동선-지역정보-이용전-안내/index.html","변경후보","풍무동 출장마사지 | 경기 김포시 생활권·지역 이용 안내 | 몽라운지","풍무동 지역 이용 안내 | 경기 김포시 생활권·지역 이용 안내 | 몽라운지","풍무동 생활권에서 현재 위치와 인접 동을 확인하기 쉽도록 지역 정보를 구성했습니다. 경기 김포시 풍무동 출장마사지 이용 전 위치와 지역 범위를 살펴볼 수 있습니다.","풍무동 생활권에서 현재 위치와 인접 동을 확인하기 쉽도록 지역 정보를 구성했습니다. 경기 김포시 풍무동 출장마사지 이용 전 위치와 지역 범위를 살펴볼 수 있습니다.","1","0","1","1"
"동랜딩","massage/금곡동-출장마사지-남양주시-생활권-이동동선-지역정보-이용전-안내/index.html","변경후보","금곡동 출장마사지 | 경기 남양주시 생활권·지역 이용 안내 | 몽라운지","금곡동 출장마사지 | 경기 남양주시 생활권·지역 이용 안내 | 몽라운지","중심으로 주변 생활권과 이동 방향을 확인할 수 있도록 정리했습니다. 경기 남양주시 금곡동 출장마사지 이용 전 현재 위치와 가까운 지역을 확인해 보세요.","중심으로 주변 생활권과 이동 방향을 확인할 수 있도록 정리했습니다. 경기 남양주시 금곡동 생활권 이용 이용 전 현재 위치와 가까운 지역을 확인해 보세요.","1","1","1","0"
"동랜딩","massage/다산동-출장마사지-남양주시-생활권-이동동선-지역정보-이용전-안내/index.html","변경후보","다산동 출장마사지 | 경기 남양주시 생활권·지역 이용 안내 | 몽라운지","다산동 출장마사지 | 경기 남양주시 생활권·지역 이용 안내 | 몽라운지","다산동 주변의 주거·업무 생활권과 인접 지역을 기준으로 위치 정보를 정리했습니다. 경기 남양주시 다산동 출장마사지 이용 전 이동 범위를 확인할 수 있습니다.","다산동 주변의 주거·업무 생활권과 인접 지역을 기준으로 위치 정보를 정리했습니다. 경기 남양주시 다산동 생활권 이용 이용 전 이동 범위를 확인할 수 있습니다.","1","1","1","0"
"동랜딩","massage/별내동-출장마사지-남양주시-생활권-이동동선-지역정보-이용전-안내/index.html","변경후보","별내동 출장마사지 | 경기 남양주시 생활권·지역 이용 안내 | 몽라운지","별내동 생활권 안내 | 경기 남양주시 생활권·지역 이용 안내 | 몽라운지","별내동 지역에서 현재 위치를 설명하고 가까운 생활권을 찾기 쉽도록 기본 정보를 구성했습니다. 경기 남양주시 별내동 출장마사지 이용 전 지역 선택에 참고하세요.","별내동 지역에서 현재 위치를 설명하고 가까운 생활권을 찾기 쉽도록 기본 정보를 구성했습니다. 경기 남양주시 별내동 지역 이용 이용 전 지역 선택에 참고하세요.","1","0","1","0"
"동랜딩","massage/양정동-출장마사지-남양주시-생활권-이동동선-지역정보-이용전-안내/index.html","변경후보","양정동 출장마사지 | 경기 남양주시 생활권·지역 이용 안내 | 몽라운지","양정동 생활권 안내 | 경기 남양주시 생활권·지역 이용 안내 | 몽라운지","양정동 주변 생활권과 이동 흐름을 먼저 살펴보고 현재 위치를 확인하기 좋은 기준을 정리했습니다. 경기 남양주시 양정동 출장마사지 이용 전 지역 범위를 확인해 보세요.","양정동 주변 생활권과 이동 흐름을 먼저 살펴보고 현재 위치를 확인하기 좋은 기준을 정리했습니다. 경기 남양주시 양정동 지역 이용 이용 전 지역 범위를 확인해 보세요.","1","0","1","0"
"동랜딩","massage/평내동-출장마사지-남양주시-생활권-이동동선-지역정보-이용전-안내/index.html","변경후보","평내동 출장마사지 | 경기 남양주시 생활권·지역 이용 안내 | 몽라운지","평내동 출장마사지 | 경기 남양주시 생활권·지역 이용 안내 | 몽라운지","자주 오가는 생활권을 기준으로 위치와 인접 지역을 정리했습니다. 경기 남양주시 평내동 출장마사지 이용 전 가까운 범위와 이동 방향을 비교해 보세요.","자주 오가는 생활권을 기준으로 위치와 인접 지역을 정리했습니다. 경기 남양주시 평내동 생활권 이용 이용 전 가까운 범위와 이동 방향을 비교해 보세요.","1","1","1","0"
"동랜딩","massage/호평동-출장마사지-남양주시-생활권-이동동선-지역정보-이용전-안내/index.html","변경후보","호평동 출장마사지 | 경기 남양주시 생활권·지역 이용 안내 | 몽라운지","호평동 지역 이용 안내 | 경기 남양주시 생활권·지역 이용 안내 | 몽라운지","호평동 생활권에서 현재 위치와 인접 동을 확인하기 쉽도록 지역 정보를 구성했습니다. 경기 남양주시 호평동 출장마사지 이용 전 위치와 지역 범위를 살펴볼 수 있습니다.","호평동 생활권에서 현재 위치와 인접 동을 확인하기 쉽도록 지역 정보를 구성했습니다. 경기 남양주시 호평동 출장마사지 이용 전 위치와 지역 범위를 살펴볼 수 있습니다.","1","0","1","1"
"동랜딩","massage/보산동-출장마사지-동두천시-생활권-이동동선-지역정보-이용전-안내/index.html","변경후보","보산동 출장마사지 | 경기 동두천시 생활권·지역 이용 안내 | 몽라운지","보산동 출장마사지 | 경기 동두천시 생활권·지역 이용 안내 | 몽라운지","중심으로 주변 생활권과 이동 방향을 확인할 수 있도록 정리했습니다. 경기 동두천시 보산동 출장마사지 이용 전 현재 위치와 가까운 지역을 확인해 보세요.","중심으로 주변 생활권과 이동 방향을 확인할 수 있도록 정리했습니다. 경기 동두천시 보산동 생활권 이용 이용 전 현재 위치와 가까운 지역을 확인해 보세요.","1","1","1","0"
"동랜딩","massage/불현동-출장마사지-동두천시-생활권-이동동선-지역정보-이용전-안내/index.html","변경후보","불현동 출장마사지 | 경기 동두천시 생활권·지역 이용 안내 | 몽라운지","불현동 지역 이용 안내 | 경기 동두천시 생활권·지역 이용 안내 | 몽라운지","불현동 주변의 주거·업무 생활권과 인접 지역을 기준으로 위치 정보를 정리했습니다. 경기 동두천시 불현동 출장마사지 이용 전 이동 범위를 확인할 수 있습니다.","불현동 주변의 주거·업무 생활권과 인접 지역을 기준으로 위치 정보를 정리했습니다. 경기 동두천시 불현동 출장마사지 이용 전 이동 범위를 확인할 수 있습니다.","1","0","1","1"
"동랜딩","massage/상패동-출장마사지-동두천시-생활권-이동동선-지역정보-이용전-안내/index.html","변경후보","상패동 출장마사지 | 경기 동두천시 생활권·지역 이용 안내 | 몽라운지","상패동 지역 이용 안내 | 경기 동두천시 생활권·지역 이용 안내 | 몽라운지","상패동 지역에서 현재 위치를 설명하고 가까운 생활권을 찾기 쉽도록 기본 정보를 구성했습니다. 경기 동두천시 상패동 출장마사지 이용 전 지역 선택에 참고하세요.","상패동 지역에서 현재 위치를 설명하고 가까운 생활권을 찾기 쉽도록 기본 정보를 구성했습니다. 경기 동두천시 상패동 출장마사지 이용 전 지역 선택에 참고하세요.","1","0","1","1"
"동랜딩","massage/생연동-출장마사지-동두천시-생활권-이동동선-지역정보-이용전-안내/index.html","변경후보","생연동 출장마사지 | 경기 동두천시 생활권·지역 이용 안내 | 몽라운지","생연동 생활권 안내 | 경기 동두천시 생활권·지역 이용 안내 | 몽라운지","생연동 주변 생활권과 이동 흐름을 먼저 살펴보고 현재 위치를 확인하기 좋은 기준을 정리했습니다. 경기 동두천시 생연동 출장마사지 이용 전 지역 범위를 확인해 보세요.","생연동 주변 생활권과 이동 흐름을 먼저 살펴보고 현재 위치를 확인하기 좋은 기준을 정리했습니다. 경기 동두천시 생연동 지역 이용 이용 전 지역 범위를 확인해 보세요.","1","0","1","0"
"동랜딩","massage/소요동-출장마사지-동두천시-생활권-이동동선-지역정보-이용전-안내/index.html","변경후보","소요동 출장마사지 | 경기 동두천시 생활권·지역 이용 안내 | 몽라운지","소요동 생활권 안내 | 경기 동두천시 생활권·지역 이용 안내 | 몽라운지","자주 오가는 생활권을 기준으로 위치와 인접 지역을 정리했습니다. 경기 동두천시 소요동 출장마사지 이용 전 가까운 범위와 이동 방향을 비교해 보세요.","자주 오가는 생활권을 기준으로 위치와 인접 지역을 정리했습니다. 경기 동두천시 소요동 지역 이용 이용 전 가까운 범위와 이동 방향을 비교해 보세요.","1","0","1","0"
"동랜딩","massage/송내동-출장마사지-동두천시-생활권-이동동선-지역정보-이용전-안내/index.html","변경후보","송내동 출장마사지 | 경기 동두천시 생활권·지역 이용 안내 | 몽라운지","송내동 출장마사지 | 경기 동두천시 생활권·지역 이용 안내 | 몽라운지","송내동 생활권에서 현재 위치와 인접 동을 확인하기 쉽도록 지역 정보를 구성했습니다. 경기 동두천시 송내동 출장마사지 이용 전 위치와 지역 범위를 살펴볼 수 있습니다.","송내동 생활권에서 현재 위치와 인접 동을 확인하기 쉽도록 지역 정보를 구성했습니다. 경기 동두천시 송내동 생활권 이용 이용 전 위치와 지역 범위를 살펴볼 수 있습니다.","1","1","1","0"
"동랜딩","massage/중앙동-출장마사지-동두천시-생활권-이동동선-지역정보-이용전-안내/index.html","변경후보","중앙동 출장마사지 | 경기 동두천시 생활권·지역 이용 안내 | 몽라운지","중앙동 지역 이용 안내 | 경기 동두천시 생활권·지역 이용 안내 | 몽라운지","중심으로 주변 생활권과 이동 방향을 확인할 수 있도록 정리했습니다. 경기 동두천시 중앙동 출장마사지 이용 전 현재 위치와 가까운 지역을 확인해 보세요.","중심으로 주변 생활권과 이동 방향을 확인할 수 있도록 정리했습니다. 경기 동두천시 중앙동 출장마사지 이용 전 현재 위치와 가까운 지역을 확인해 보세요.","1","0","1","1"
"동읍면랜딩","massage/신북면-출장마사지-포천시-생활권-지역정보-이용안내/index.html","변경후보","신북면 출장마사지 | 포천시 면 생활권·지역 안내 | 몽라운지","신북면 지역 이용 정보 | 포천시 생활권·위치 안내 | 몽라운지","신북면 생활권에서 인접 읍·면·동과의 연결을 확인하기 쉽도록 지역 안내를 정리했습니다. 포천시 신북면 출장마사지 이용 전 위치 선택에 참고하세요.","신북면 생활권에서 출장마사지 이용 전 확인할 수 있는 위치 범위와 인접 지역 정보를 정리했습니다. 포천시 주변 이동 동선과 가까운 생활권을 함께 확인해보세요.","1","0","1","1"
"동읍면랜딩","massage/영북면-출장마사지-포천시-생활권-지역정보-이용안내/index.html","변경후보","영북면 출장마사지 | 포천시 면 생활권·지역 안내 | 몽라운지","포천시 영북면 지역 안내 | 출장마사지 이용 범위·생활권 정보 | 몽라운지","영북면을 중심으로 주변 생활권과 이동 방향을 확인할 수 있도록 기본 지역 정보를 구성했습니다. 포천시 영북면 출장마사지 이용 전 가까운 범위를 살펴보세요.","영북면을 중심으로 주거·상업 생활권과 주변 이동 동선을 정리했습니다. 가까운 지역과 이용 범위를 비교하고 위치 선택에 참고할 수 있습니다.","1","1","1","0"
"동읍면랜딩","massage/영중면-출장마사지-포천시-생활권-지역정보-이용안내/index.html","변경후보","영중면 출장마사지 | 포천시 면 생활권·지역 안내 | 몽라운지","영중면 생활권 안내 | 포천시 인접 지역·이동 정보 | 몽라운지","영중면 주변의 주거·상업 생활권과 인접 지역을 기준으로 위치를 확인할 수 있습니다. 포천시 영중면 출장마사지 이용 전 이동 동선을 확인해 보세요.","영중면 주변 생활권과 인접 지역을 기준으로 현재 위치와 이동 범위를 확인할 수 있도록 정리했습니다. 포천시 지역에서 이용 가능한 범위를 비교할 때 참고하세요.","1","0","1","0"
"동읍면랜딩","massage/이동면-출장마사지-포천시-생활권-지역정보-이용안내/index.html","변경후보","이동면 출장마사지 | 포천시 면 생활권·지역 안내 | 몽라운지","이동면 출장마사지 | 포천시 생활권·인접 지역 안내 | 몽라운지","이동면 지역에서 현재 위치와 가까운 생활권을 찾기 쉽도록 지역 정보를 정리했습니다. 포천시 이동면 출장마사지 이용 전 지역 범위를 확인할 수 있습니다.","이동면에서 오가는 주요 생활권과 주변 지역 정보를 한눈에 확인할 수 있도록 구성했습니다. 포천시 내 현재 위치와 인접 지역의 이동 범위를 살펴보세요.","1","1","1","0"
"동읍면랜딩","massage/일동면-출장마사지-포천시-생활권-지역정보-이용안내/index.html","변경후보","일동면 출장마사지 | 포천시 면 생활권·지역 안내 | 몽라운지","일동면 출장마사지 | 포천시 생활권·인접 지역 안내 | 몽라운지","일동면 주변 생활권과 인접 지역을 기준으로 위치 정보를 정리했습니다. 포천시 일동면 출장마사지 이용 전 이동 범위와 가까운 지역을 확인해 보세요.","일동면에서 오가는 주요 생활권과 주변 지역 정보를 한눈에 확인할 수 있도록 구성했습니다. 포천시 내 현재 위치와 인접 지역의 이동 범위를 살펴보세요.","1","1","1","0"
"동읍면랜딩","massage/창수면-출장마사지-포천시-생활권-지역정보-이용안내/index.html","변경후보","창수면 출장마사지 | 포천시 면 생활권·지역 안내 | 몽라운지","창수면 지역 이용 정보 | 포천시 생활권·위치 안내 | 몽라운지","창수면에서 오가는 주요 생활권과 주변 지역을 살펴보기 쉽도록 구성했습니다. 포천시 창수면 출장마사지 이용 전 현재 위치와 지역 범위를 비교할 수 있습니다.","창수면 생활권에서 출장마사지 이용 전 확인할 수 있는 위치 범위와 인접 지역 정보를 정리했습니다. 포천시 주변 이동 동선과 가까운 생활권을 함께 확인해보세요.","1","0","1","1"
"동읍면랜딩","massage/화현면-출장마사지-포천시-생활권-지역정보-이용안내/index.html","변경후보","화현면 출장마사지 | 포천시 면 생활권·지역 안내 | 몽라운지","포천시 화현면 지역 안내 | 출장마사지 이용 범위·생활권 정보 | 몽라운지","화현면 생활권에서 인접 읍·면·동과의 연결을 확인하기 쉽도록 지역 안내를 정리했습니다. 포천시 화현면 출장마사지 이용 전 위치 선택에 참고하세요.","화현면을 중심으로 주거·상업 생활권과 주변 이동 동선을 정리했습니다. 가까운 지역과 이용 범위를 비교하고 위치 선택에 참고할 수 있습니다.","1","1","1","0"
"동읍면랜딩","massage/소흘읍-출장마사지-포천시-생활권-지역정보-이용안내/index.html","변경후보","소흘읍 출장마사지 | 포천시 읍 생활권·지역 안내 | 몽라운지","소흘읍 생활권 안내 | 포천시 인접 지역·이동 정보 | 몽라운지","소흘읍을 중심으로 주변 생활권과 이동 방향을 확인할 수 있도록 기본 지역 정보를 구성했습니다. 포천시 소흘읍 출장마사지 이용 전 가까운 범위를 살펴보세요.","소흘읍 주변 생활권과 인접 지역을 기준으로 현재 위치와 이동 범위를 확인할 수 있도록 정리했습니다. 포천시 지역에서 이용 가능한 범위를 비교할 때 참고하세요.","1","0","1","0"
"동읍면랜딩","massage/마도면-출장마사지-화성시-만세구-생활권-지역정보-이용안내/index.html","변경후보","마도면 출장마사지 | 화성시 만세구 면 생활권·지역 안내 | 몽라운지","화성시 만세구 마도면 지역 안내 | 출장마사지 이용 범위·생활권 정보 | 몽라운지","마도면 주변의 주거·상업 생활권과 인접 지역을 기준으로 위치를 확인할 수 있습니다. 화성시 만세구 마도면 출장마사지 이용 전 이동 동선을 확인해 보세요.","마도면을 중심으로 주거·상업 생활권과 주변 이동 동선을 정리했습니다. 가까운 지역과 이용 범위를 비교하고 위치 선택에 참고할 수 있습니다.","1","1","1","0"
"동읍면랜딩","massage/서신면-출장마사지-화성시-만세구-생활권-지역정보-이용안내/index.html","변경후보","서신면 출장마사지 | 화성시 만세구 면 생활권·지역 안내 | 몽라운지","서신면 생활권 안내 | 화성시 만세구 인접 지역·이동 정보 | 몽라운지","서신면 지역에서 현재 위치와 가까운 생활권을 찾기 쉽도록 지역 정보를 정리했습니다. 화성시 만세구 서신면 출장마사지 이용 전 지역 범위를 확인할 수 있습니다.","서신면 주변 생활권과 인접 지역을 기준으로 현재 위치와 이동 범위를 확인할 수 있도록 정리했습니다. 화성시 만세구 지역에서 이용 가능한 범위를 비교할 때 참고하세요.","1","0","1","0"
"동읍면랜딩","massage/송산면-출장마사지-화성시-만세구-생활권-지역정보-이용안내/index.html","변경후보","송산면 출장마사지 | 화성시 만세구 면 생활권·지역 안내 | 몽라운지","송산면 출장마사지 | 화성시 만세구 생활권·인접 지역 안내 | 몽라운지","송산면 주변 생활권과 인접 지역을 기준으로 위치 정보를 정리했습니다. 화성시 만세구 송산면 출장마사지 이용 전 이동 범위와 가까운 지역을 확인해 보세요.","송산면에서 오가는 주요 생활권과 주변 지역 정보를 한눈에 확인할 수 있도록 구성했습니다. 화성시 만세구 내 현재 위치와 인접 지역의 이동 범위를 살펴보세요.","1","1","1","0"
"동읍면랜딩","massage/양감면-출장마사지-화성시-만세구-생활권-지역정보-이용안내/index.html","변경후보","양감면 출장마사지 | 화성시 만세구 면 생활권·지역 안내 | 몽라운지","양감면 출장마사지 | 화성시 만세구 생활권·인접 지역 안내 | 몽라운지","양감면에서 오가는 주요 생활권과 주변 지역을 살펴보기 쉽도록 구성했습니다. 화성시 만세구 양감면 출장마사지 이용 전 현재 위치와 지역 범위를 비교할 수 있습니다.","양감면에서 오가는 주요 생활권과 주변 지역 정보를 한눈에 확인할 수 있도록 구성했습니다. 화성시 만세구 내 현재 위치와 인접 지역의 이동 범위를 살펴보세요.","1","1","1","0"
"동읍면랜딩","massage/장안면-출장마사지-화성시-만세구-생활권-지역정보-이용안내/index.html","변경후보","장안면 출장마사지 | 화성시 만세구 면 생활권·지역 안내 | 몽라운지","화성시 만세구 장안면 지역 안내 | 출장마사지 이용 범위·생활권 정보 | 몽라운지","장안면 생활권에서 인접 읍·면·동과의 연결을 확인하기 쉽도록 지역 안내를 정리했습니다. 화성시 만세구 장안면 출장마사지 이용 전 위치 선택에 참고하세요.","장안면을 중심으로 주거·상업 생활권과 주변 이동 동선을 정리했습니다. 가까운 지역과 이용 범위를 비교하고 위치 선택에 참고할 수 있습니다.","1","1","1","0"
"동읍면랜딩","massage/팔탄면-출장마사지-화성시-만세구-생활권-지역정보-이용안내/index.html","변경후보","팔탄면 출장마사지 | 화성시 만세구 면 생활권·지역 안내 | 몽라운지","팔탄면 출장마사지 | 화성시 만세구 생활권·인접 지역 안내 | 몽라운지","팔탄면을 중심으로 주변 생활권과 이동 방향을 확인할 수 있도록 기본 지역 정보를 구성했습니다. 화성시 만세구 팔탄면 출장마사지 이용 전 가까운 범위를 살펴보세요.","팔탄면에서 오가는 주요 생활권과 주변 지역 정보를 한눈에 확인할 수 있도록 구성했습니다. 화성시 만세구 내 현재 위치와 인접 지역의 이동 범위를 살펴보세요.","1","1","1","0"
"동읍면랜딩","massage/남양읍-출장마사지-화성시-만세구-생활권-지역정보-이용안내/index.html","변경후보","남양읍 출장마사지 | 화성시 만세구 읍 생활권·지역 안내 | 몽라운지","남양읍 지역 이용 정보 | 화성시 만세구 생활권·위치 안내 | 몽라운지","남양읍 주변의 주거·상업 생활권과 인접 지역을 기준으로 위치를 확인할 수 있습니다. 화성시 만세구 남양읍 출장마사지 이용 전 이동 동선을 확인해 보세요.","남양읍 생활권에서 출장마사지 이용 전 확인할 수 있는 위치 범위와 인접 지역 정보를 정리했습니다. 화성시 만세구 주변 이동 동선과 가까운 생활권을 함께 확인해보세요.","1","0","1","1"
"동읍면랜딩","massage/우정읍-출장마사지-화성시-만세구-생활권-지역정보-이용안내/index.html","변경후보","우정읍 출장마사지 | 화성시 만세구 읍 생활권·지역 안내 | 몽라운지","우정읍 출장마사지 | 화성시 만세구 생활권·인접 지역 안내 | 몽라운지","우정읍 지역에서 현재 위치와 가까운 생활권을 찾기 쉽도록 지역 정보를 정리했습니다. 화성시 만세구 우정읍 출장마사지 이용 전 지역 범위를 확인할 수 있습니다.","우정읍에서 오가는 주요 생활권과 주변 지역 정보를 한눈에 확인할 수 있도록 구성했습니다. 화성시 만세구 내 현재 위치와 인접 지역의 이동 범위를 살펴보세요.","1","1","1","0"
"동읍면랜딩","massage/향남읍-출장마사지-화성시-만세구-생활권-지역정보-이용안내/index.html","변경후보","향남읍 출장마사지 | 화성시 만세구 읍 생활권·지역 안내 | 몽라운지","향남읍 생활권 안내 | 화성시 만세구 인접 지역·이동 정보 | 몽라운지","향남읍 주변 생활권과 인접 지역을 기준으로 위치 정보를 정리했습니다. 화성시 만세구 향남읍 출장마사지 이용 전 이동 범위와 가까운 지역을 확인해 보세요.","향남읍 주변 생활권과 인접 지역을 기준으로 현재 위치와 이동 범위를 확인할 수 있도록 정리했습니다. 화성시 만세구 지역에서 이용 가능한 범위를 비교할 때 참고하세요.","1","0","1","0"
"동읍면랜딩","massage/매송면-출장마사지-화성시-효행구-생활권-지역정보-이용안내/index.html","변경후보","매송면 출장마사지 | 화성시 효행구 면 생활권·지역 안내 | 몽라운지","매송면 지역 이용 정보 | 화성시 효행구 생활권·위치 안내 | 몽라운지","매송면에서 오가는 주요 생활권과 주변 지역을 살펴보기 쉽도록 구성했습니다. 화성시 효행구 매송면 출장마사지 이용 전 현재 위치와 지역 범위를 비교할 수 있습니다.","매송면 생활권에서 출장마사지 이용 전 확인할 수 있는 위치 범위와 인접 지역 정보를 정리했습니다. 화성시 효행구 주변 이동 동선과 가까운 생활권을 함께 확인해보세요.","1","0","1","1"
"동읍면랜딩","massage/비봉면-출장마사지-화성시-효행구-생활권-지역정보-이용안내/index.html","변경후보","비봉면 출장마사지 | 화성시 효행구 면 생활권·지역 안내 | 몽라운지","비봉면 출장마사지 | 화성시 효행구 생활권·인접 지역 안내 | 몽라운지","비봉면 생활권에서 인접 읍·면·동과의 연결을 확인하기 쉽도록 지역 안내를 정리했습니다. 화성시 효행구 비봉면 출장마사지 이용 전 위치 선택에 참고하세요.","비봉면에서 오가는 주요 생활권과 주변 지역 정보를 한눈에 확인할 수 있도록 구성했습니다. 화성시 효행구 내 현재 위치와 인접 지역의 이동 범위를 살펴보세요.","1","1","1","0"
"동읍면랜딩","massage/정남면-출장마사지-화성시-효행구-생활권-지역정보-이용안내/index.html","변경후보","정남면 출장마사지 | 화성시 효행구 면 생활권·지역 안내 | 몽라운지","정남면 생활권 안내 | 화성시 효행구 인접 지역·이동 정보 | 몽라운지","정남면을 중심으로 주변 생활권과 이동 방향을 확인할 수 있도록 기본 지역 정보를 구성했습니다. 화성시 효행구 정남면 출장마사지 이용 전 가까운 범위를 살펴보세요.","정남면 주변 생활권과 인접 지역을 기준으로 현재 위치와 이동 범위를 확인할 수 있도록 정리했습니다. 화성시 효행구 지역에서 이용 가능한 범위를 비교할 때 참고하세요.","1","0","1","0"
"동읍면랜딩","massage/봉담읍-출장마사지-화성시-효행구-생활권-지역정보-이용안내/index.html","변경후보","봉담읍 출장마사지 | 화성시 효행구 읍 생활권·지역 안내 | 몽라운지","봉담읍 출장마사지 | 화성시 효행구 생활권·인접 지역 안내 | 몽라운지","봉담읍 주변의 주거·상업 생활권과 인접 지역을 기준으로 위치를 확인할 수 있습니다. 화성시 효행구 봉담읍 출장마사지 이용 전 이동 동선을 확인해 보세요.","봉담읍에서 오가는 주요 생활권과 주변 지역 정보를 한눈에 확인할 수 있도록 구성했습니다. 화성시 효행구 내 현재 위치와 인접 지역의 이동 범위를 살펴보세요.","1","1","1","0"
"동읍면랜딩","massage/두마면-출장마사지-계룡-생활권-지역정보-이용안내/index.html","변경후보","두마면 출장마사지 | 계룡 면 생활권·지역 안내 | 몽라운지","두마면 지역 이용 정보 | 계룡 생활권·위치 안내 | 몽라운지","두마면 지역에서 현재 위치와 가까운 생활권을 찾기 쉽도록 지역 정보를 정리했습니다. 계룡 두마면 출장마사지 이용 전 지역 범위를 확인할 수 있습니다.","두마면 생활권에서 출장마사지 이용 전 확인할 수 있는 위치 범위와 인접 지역 정보를 정리했습니다. 계룡 주변 이동 동선과 가까운 생활권을 함께 확인해보세요.","1","0","1","1"
"동읍면랜딩","massage/신도안면-출장마사지-계룡-생활권-지역정보-이용안내/index.html","변경후보","신도안면 출장마사지 | 계룡 면 생활권·지역 안내 | 몽라운지","신도안면 지역 이용 정보 | 계룡 생활권·위치 안내 | 몽라운지","신도안면 주변 생활권과 인접 지역을 기준으로 위치 정보를 정리했습니다. 계룡 신도안면 출장마사지 이용 전 이동 범위와 가까운 지역을 확인해 보세요.","신도안면 생활권에서 출장마사지 이용 전 확인할 수 있는 위치 범위와 인접 지역 정보를 정리했습니다. 계룡 주변 이동 동선과 가까운 생활권을 함께 확인해보세요.","1","0","1","1"
"동읍면랜딩","massage/엄사면-출장마사지-계룡-생활권-지역정보-이용안내/index.html","변경후보","엄사면 출장마사지 | 계룡 면 생활권·지역 안내 | 몽라운지","엄사면 출장마사지 | 계룡 생활권·인접 지역 안내 | 몽라운지","엄사면에서 오가는 주요 생활권과 주변 지역을 살펴보기 쉽도록 구성했습니다. 계룡 엄사면 출장마사지 이용 전 현재 위치와 지역 범위를 비교할 수 있습니다.","엄사면에서 오가는 주요 생활권과 주변 지역 정보를 한눈에 확인할 수 있도록 구성했습니다. 계룡 내 현재 위치와 인접 지역의 이동 범위를 살펴보세요.","1","1","1","0"
"동읍면랜딩","massage/계룡면-출장마사지-공주-생활권-지역정보-이용안내/index.html","변경후보","계룡면 출장마사지 | 공주 면 생활권·지역 안내 | 몽라운지","계룡면 출장마사지 | 공주 생활권·인접 지역 안내 | 몽라운지","계룡면 생활권에서 인접 읍·면·동과의 연결을 확인하기 쉽도록 지역 안내를 정리했습니다. 공주 계룡면 출장마사지 이용 전 위치 선택에 참고하세요.","계룡면에서 오가는 주요 생활권과 주변 지역 정보를 한눈에 확인할 수 있도록 구성했습니다. 공주 내 현재 위치와 인접 지역의 이동 범위를 살펴보세요.","1","1","1","0"
"동읍면랜딩","massage/반포면-출장마사지-공주-생활권-지역정보-이용안내/index.html","변경후보","반포면 출장마사지 | 공주 면 생활권·지역 안내 | 몽라운지","공주 반포면 지역 안내 | 출장마사지 이용 범위·생활권 정보 | 몽라운지","반포면을 중심으로 주변 생활권과 이동 방향을 확인할 수 있도록 기본 지역 정보를 구성했습니다. 공주 반포면 출장마사지 이용 전 가까운 범위를 살펴보세요.","반포면을 중심으로 주거·상업 생활권과 주변 이동 동선을 정리했습니다. 가까운 지역과 이용 범위를 비교하고 위치 선택에 참고할 수 있습니다.","1","1","1","0"
"동읍면랜딩","massage/사곡면-출장마사지-공주-생활권-지역정보-이용안내/index.html","변경후보","사곡면 출장마사지 | 공주 면 생활권·지역 안내 | 몽라운지","사곡면 출장마사지 | 공주 생활권·인접 지역 안내 | 몽라운지","사곡면 주변의 주거·상업 생활권과 인접 지역을 기준으로 위치를 확인할 수 있습니다. 공주 사곡면 출장마사지 이용 전 이동 동선을 확인해 보세요.","사곡면에서 오가는 주요 생활권과 주변 지역 정보를 한눈에 확인할 수 있도록 구성했습니다. 공주 내 현재 위치와 인접 지역의 이동 범위를 살펴보세요.","1","1","1","0"
"동읍면랜딩","massage/신풍면-출장마사지-공주-생활권-지역정보-이용안내/index.html","변경후보","신풍면 출장마사지 | 공주 면 생활권·지역 안내 | 몽라운지","공주 신풍면 지역 안내 | 출장마사지 이용 범위·생활권 정보 | 몽라운지","신풍면 지역에서 현재 위치와 가까운 생활권을 찾기 쉽도록 지역 정보를 정리했습니다. 공주 신풍면 출장마사지 이용 전 지역 범위를 확인할 수 있습니다.","신풍면을 중심으로 주거·상업 생활권과 주변 이동 동선을 정리했습니다. 가까운 지역과 이용 범위를 비교하고 위치 선택에 참고할 수 있습니다.","1","1","1","0"
"동읍면랜딩","massage/우성면-출장마사지-공주-생활권-지역정보-이용안내/index.html","변경후보","우성면 출장마사지 | 공주 면 생활권·지역 안내 | 몽라운지","공주 우성면 지역 안내 | 출장마사지 이용 범위·생활권 정보 | 몽라운지","우성면 주변 생활권과 인접 지역을 기준으로 위치 정보를 정리했습니다. 공주 우성면 출장마사지 이용 전 이동 범위와 가까운 지역을 확인해 보세요.","우성면을 중심으로 주거·상업 생활권과 주변 이동 동선을 정리했습니다. 가까운 지역과 이용 범위를 비교하고 위치 선택에 참고할 수 있습니다.","1","1","1","0"
"동읍면랜딩","massage/의당면-출장마사지-공주-생활권-지역정보-이용안내/index.html","변경후보","의당면 출장마사지 | 공주 면 생활권·지역 안내 | 몽라운지","의당면 출장마사지 | 공주 생활권·인접 지역 안내 | 몽라운지","의당면에서 오가는 주요 생활권과 주변 지역을 살펴보기 쉽도록 구성했습니다. 공주 의당면 출장마사지 이용 전 현재 위치와 지역 범위를 비교할 수 있습니다.","의당면에서 오가는 주요 생활권과 주변 지역 정보를 한눈에 확인할 수 있도록 구성했습니다. 공주 내 현재 위치와 인접 지역의 이동 범위를 살펴보세요.","1","1","1","0"
"동읍면랜딩","massage/이인면-출장마사지-공주-생활권-지역정보-이용안내/index.html","변경후보","이인면 출장마사지 | 공주 면 생활권·지역 안내 | 몽라운지","이인면 생활권 안내 | 공주 인접 지역·이동 정보 | 몽라운지","이인면 생활권에서 인접 읍·면·동과의 연결을 확인하기 쉽도록 지역 안내를 정리했습니다. 공주 이인면 출장마사지 이용 전 위치 선택에 참고하세요.","이인면 주변 생활권과 인접 지역을 기준으로 현재 위치와 이동 범위를 확인할 수 있도록 정리했습니다. 공주 지역에서 이용 가능한 범위를 비교할 때 참고하세요.","1","0","1","0"
"동읍면랜딩","massage/정안면-출장마사지-공주-생활권-지역정보-이용안내/index.html","변경후보","정안면 출장마사지 | 공주 면 생활권·지역 안내 | 몽라운지","정안면 생활권 안내 | 공주 인접 지역·이동 정보 | 몽라운지","정안면을 중심으로 주변 생활권과 이동 방향을 확인할 수 있도록 기본 지역 정보를 구성했습니다. 공주 정안면 출장마사지 이용 전 가까운 범위를 살펴보세요.","정안면 주변 생활권과 인접 지역을 기준으로 현재 위치와 이동 범위를 확인할 수 있도록 정리했습니다. 공주 지역에서 이용 가능한 범위를 비교할 때 참고하세요.","1","0","1","0"
"동읍면랜딩","massage/탄천면-출장마사지-공주-생활권-지역정보-이용안내/index.html","변경후보","탄천면 출장마사지 | 공주 면 생활권·지역 안내 | 몽라운지","탄천면 생활권 안내 | 공주 인접 지역·이동 정보 | 몽라운지","탄천면 주변의 주거·상업 생활권과 인접 지역을 기준으로 위치를 확인할 수 있습니다. 공주 탄천면 출장마사지 이용 전 이동 동선을 확인해 보세요.","탄천면 주변 생활권과 인접 지역을 기준으로 현재 위치와 이동 범위를 확인할 수 있도록 정리했습니다. 공주 지역에서 이용 가능한 범위를 비교할 때 참고하세요.","1","0","1","0"
"동읍면랜딩","massage/유구읍-출장마사지-공주-생활권-지역정보-이용안내/index.html","변경후보","유구읍 출장마사지 | 공주 읍 생활권·지역 안내 | 몽라운지","유구읍 지역 이용 정보 | 공주 생활권·위치 안내 | 몽라운지","유구읍 지역에서 현재 위치와 가까운 생활권을 찾기 쉽도록 지역 정보를 정리했습니다. 공주 유구읍 출장마사지 이용 전 지역 범위를 확인할 수 있습니다.","유구읍 생활권에서 출장마사지 이용 전 확인할 수 있는 위치 범위와 인접 지역 정보를 정리했습니다. 공주 주변 이동 동선과 가까운 생활권을 함께 확인해보세요.","1","0","1","1"
"동읍면랜딩","massage/개정면-출장마사지-군산-생활권-지역정보-이용안내/index.html","변경후보","개정면 출장마사지 | 군산 면 생활권·지역 안내 | 몽라운지","군산 개정면 지역 안내 | 출장마사지 이용 범위·생활권 정보 | 몽라운지","개정면 주변 생활권과 인접 지역을 기준으로 위치 정보를 정리했습니다. 군산 개정면 출장마사지 이용 전 이동 범위와 가까운 지역을 확인해 보세요.","개정면을 중심으로 주거·상업 생활권과 주변 이동 동선을 정리했습니다. 가까운 지역과 이용 범위를 비교하고 위치 선택에 참고할 수 있습니다.","1","1","1","0"
"동읍면랜딩","massage/나포면-출장마사지-군산-생활권-지역정보-이용안내/index.html","변경후보","나포면 출장마사지 | 군산 면 생활권·지역 안내 | 몽라운지","나포면 지역 이용 정보 | 군산 생활권·위치 안내 | 몽라운지","나포면에서 오가는 주요 생활권과 주변 지역을 살펴보기 쉽도록 구성했습니다. 군산 나포면 출장마사지 이용 전 현재 위치와 지역 범위를 비교할 수 있습니다.","나포면 생활권에서 출장마사지 이용 전 확인할 수 있는 위치 범위와 인접 지역 정보를 정리했습니다. 군산 주변 이동 동선과 가까운 생활권을 함께 확인해보세요.","1","0","1","1"
"동읍면랜딩","massage/대야면-출장마사지-군산-생활권-지역정보-이용안내/index.html","변경후보","대야면 출장마사지 | 군산 면 생활권·지역 안내 | 몽라운지","대야면 출장마사지 | 군산 생활권·인접 지역 안내 | 몽라운지","대야면 생활권에서 인접 읍·면·동과의 연결을 확인하기 쉽도록 지역 안내를 정리했습니다. 군산 대야면 출장마사지 이용 전 위치 선택에 참고하세요.","대야면에서 오가는 주요 생활권과 주변 지역 정보를 한눈에 확인할 수 있도록 구성했습니다. 군산 내 현재 위치와 인접 지역의 이동 범위를 살펴보세요.","1","1","1","0"
"동읍면랜딩","massage/서수면-출장마사지-군산-생활권-지역정보-이용안내/index.html","변경후보","서수면 출장마사지 | 군산 면 생활권·지역 안내 | 몽라운지","서수면 출장마사지 | 군산 생활권·인접 지역 안내 | 몽라운지","서수면을 중심으로 주변 생활권과 이동 방향을 확인할 수 있도록 기본 지역 정보를 구성했습니다. 군산 서수면 출장마사지 이용 전 가까운 범위를 살펴보세요.","서수면에서 오가는 주요 생활권과 주변 지역 정보를 한눈에 확인할 수 있도록 구성했습니다. 군산 내 현재 위치와 인접 지역의 이동 범위를 살펴보세요.","1","1","1","0"
"동읍면랜딩","massage/성산면-출장마사지-군산-생활권-지역정보-이용안내/index.html","변경후보","성산면 출장마사지 | 군산 면 생활권·지역 안내 | 몽라운지","군산 성산면 지역 안내 | 출장마사지 이용 범위·생활권 정보 | 몽라운지","성산면 주변의 주거·상업 생활권과 인접 지역을 기준으로 위치를 확인할 수 있습니다. 군산 성산면 출장마사지 이용 전 이동 동선을 확인해 보세요.","성산면을 중심으로 주거·상업 생활권과 주변 이동 동선을 정리했습니다. 가까운 지역과 이용 범위를 비교하고 위치 선택에 참고할 수 있습니다.","1","1","1","0"
"동읍면랜딩","massage/옥도면-출장마사지-군산-생활권-지역정보-이용안내/index.html","변경후보","옥도면 출장마사지 | 군산 면 생활권·지역 안내 | 몽라운지","군산 옥도면 지역 안내 | 출장마사지 이용 범위·생활권 정보 | 몽라운지","옥도면 지역에서 현재 위치와 가까운 생활권을 찾기 쉽도록 지역 정보를 정리했습니다. 군산 옥도면 출장마사지 이용 전 지역 범위를 확인할 수 있습니다.","옥도면을 중심으로 주거·상업 생활권과 주변 이동 동선을 정리했습니다. 가까운 지역과 이용 범위를 비교하고 위치 선택에 참고할 수 있습니다.","1","1","1","0"
"동읍면랜딩","massage/옥산면-출장마사지-군산-생활권-지역정보-이용안내/index.html","변경후보","옥산면 출장마사지 | 군산 면 생활권·지역 안내 | 몽라운지","군산 옥산면 지역 안내 | 출장마사지 이용 범위·생활권 정보 | 몽라운지","옥산면 주변 생활권과 인접 지역을 기준으로 위치 정보를 정리했습니다. 군산 옥산면 출장마사지 이용 전 이동 범위와 가까운 지역을 확인해 보세요.","옥산면을 중심으로 주거·상업 생활권과 주변 이동 동선을 정리했습니다. 가까운 지역과 이용 범위를 비교하고 위치 선택에 참고할 수 있습니다.","1","1","1","0"
"동읍면랜딩","massage/옥서면-출장마사지-군산-생활권-지역정보-이용안내/index.html","변경후보","옥서면 출장마사지 | 군산 면 생활권·지역 안내 | 몽라운지","옥서면 지역 이용 정보 | 군산 생활권·위치 안내 | 몽라운지","옥서면에서 오가는 주요 생활권과 주변 지역을 살펴보기 쉽도록 구성했습니다. 군산 옥서면 출장마사지 이용 전 현재 위치와 지역 범위를 비교할 수 있습니다.","옥서면 생활권에서 출장마사지 이용 전 확인할 수 있는 위치 범위와 인접 지역 정보를 정리했습니다. 군산 주변 이동 동선과 가까운 생활권을 함께 확인해보세요.","1","0","1","1"
"동읍면랜딩","massage/임피면-출장마사지-군산-생활권-지역정보-이용안내/index.html","변경후보","임피면 출장마사지 | 군산 면 생활권·지역 안내 | 몽라운지","군산 임피면 지역 안내 | 출장마사지 이용 범위·생활권 정보 | 몽라운지","임피면 생활권에서 인접 읍·면·동과의 연결을 확인하기 쉽도록 지역 안내를 정리했습니다. 군산 임피면 출장마사지 이용 전 위치 선택에 참고하세요.","임피면을 중심으로 주거·상업 생활권과 주변 이동 동선을 정리했습니다. 가까운 지역과 이용 범위를 비교하고 위치 선택에 참고할 수 있습니다.","1","1","1","0"
"동읍면랜딩","massage/회현면-출장마사지-군산-생활권-지역정보-이용안내/index.html","변경후보","회현면 출장마사지 | 군산 면 생활권·지역 안내 | 몽라운지","회현면 출장마사지 | 군산 생활권·인접 지역 안내 | 몽라운지","회현면을 중심으로 주변 생활권과 이동 방향을 확인할 수 있도록 기본 지역 정보를 구성했습니다. 군산 회현면 출장마사지 이용 전 가까운 범위를 살펴보세요.","회현면에서 오가는 주요 생활권과 주변 지역 정보를 한눈에 확인할 수 있도록 구성했습니다. 군산 내 현재 위치와 인접 지역의 이동 범위를 살펴보세요.","1","1","1","0"
"동읍면랜딩","massage/옥구읍-출장마사지-군산-생활권-지역정보-이용안내/index.html","변경후보","옥구읍 출장마사지 | 군산 읍 생활권·지역 안내 | 몽라운지","옥구읍 생활권 안내 | 군산 인접 지역·이동 정보 | 몽라운지","옥구읍 주변의 주거·상업 생활권과 인접 지역을 기준으로 위치를 확인할 수 있습니다. 군산 옥구읍 출장마사지 이용 전 이동 동선을 확인해 보세요.","옥구읍 주변 생활권과 인접 지역을 기준으로 현재 위치와 이동 범위를 확인할 수 있도록 정리했습니다. 군산 지역에서 이용 가능한 범위를 비교할 때 참고하세요.","1","0","1","0"
"동읍면랜딩","massage/대동면-출장마사지-김해-생활권-지역정보-이용안내/index.html","변경후보","대동면 출장마사지 | 김해 면 생활권·지역 안내 | 몽라운지","대동면 생활권 안내 | 김해 인접 지역·이동 정보 | 몽라운지","대동면 지역에서 현재 위치와 가까운 생활권을 찾기 쉽도록 지역 정보를 정리했습니다. 김해 대동면 출장마사지 이용 전 지역 범위를 확인할 수 있습니다.","대동면 주변 생활권과 인접 지역을 기준으로 현재 위치와 이동 범위를 확인할 수 있도록 정리했습니다. 김해 지역에서 이용 가능한 범위를 비교할 때 참고하세요.","1","0","1","0"
"동읍면랜딩","massage/상동면-출장마사지-김해-생활권-지역정보-이용안내/index.html","변경후보","상동면 출장마사지 | 김해 면 생활권·지역 안내 | 몽라운지","김해 상동면 지역 안내 | 출장마사지 이용 범위·생활권 정보 | 몽라운지","상동면 주변 생활권과 인접 지역을 기준으로 위치 정보를 정리했습니다. 김해 상동면 출장마사지 이용 전 이동 범위와 가까운 지역을 확인해 보세요.","상동면을 중심으로 주거·상업 생활권과 주변 이동 동선을 정리했습니다. 가까운 지역과 이용 범위를 비교하고 위치 선택에 참고할 수 있습니다.","1","1","1","0"
"동읍면랜딩","massage/생림면-출장마사지-김해-생활권-지역정보-이용안내/index.html","변경후보","생림면 출장마사지 | 김해 면 생활권·지역 안내 | 몽라운지","생림면 지역 이용 정보 | 김해 생활권·위치 안내 | 몽라운지","생림면에서 오가는 주요 생활권과 주변 지역을 살펴보기 쉽도록 구성했습니다. 김해 생림면 출장마사지 이용 전 현재 위치와 지역 범위를 비교할 수 있습니다.","생림면 생활권에서 출장마사지 이용 전 확인할 수 있는 위치 범위와 인접 지역 정보를 정리했습니다. 김해 주변 이동 동선과 가까운 생활권을 함께 확인해보세요.","1","0","1","1"
"동읍면랜딩","massage/주촌면-출장마사지-김해-생활권-지역정보-이용안내/index.html","변경후보","주촌면 출장마사지 | 김해 면 생활권·지역 안내 | 몽라운지","김해 주촌면 지역 안내 | 출장마사지 이용 범위·생활권 정보 | 몽라운지","주촌면 생활권에서 인접 읍·면·동과의 연결을 확인하기 쉽도록 지역 안내를 정리했습니다. 김해 주촌면 출장마사지 이용 전 위치 선택에 참고하세요.","주촌면을 중심으로 주거·상업 생활권과 주변 이동 동선을 정리했습니다. 가까운 지역과 이용 범위를 비교하고 위치 선택에 참고할 수 있습니다.","1","1","1","0"
"동읍면랜딩","massage/진례면-출장마사지-김해-생활권-지역정보-이용안내/index.html","변경후보","진례면 출장마사지 | 김해 면 생활권·지역 안내 | 몽라운지","김해 진례면 지역 안내 | 출장마사지 이용 범위·생활권 정보 | 몽라운지","진례면을 중심으로 주변 생활권과 이동 방향을 확인할 수 있도록 기본 지역 정보를 구성했습니다. 김해 진례면 출장마사지 이용 전 가까운 범위를 살펴보세요.","진례면을 중심으로 주거·상업 생활권과 주변 이동 동선을 정리했습니다. 가까운 지역과 이용 범위를 비교하고 위치 선택에 참고할 수 있습니다.","1","1","1","0"
"동읍면랜딩","massage/한림면-출장마사지-김해-생활권-지역정보-이용안내/index.html","변경후보","한림면 출장마사지 | 김해 면 생활권·지역 안내 | 몽라운지","김해 한림면 지역 안내 | 출장마사지 이용 범위·생활권 정보 | 몽라운지","한림면 주변의 주거·상업 생활권과 인접 지역을 기준으로 위치를 확인할 수 있습니다. 김해 한림면 출장마사지 이용 전 이동 동선을 확인해 보세요.","한림면을 중심으로 주거·상업 생활권과 주변 이동 동선을 정리했습니다. 가까운 지역과 이용 범위를 비교하고 위치 선택에 참고할 수 있습니다.","1","1","1","0"
"동읍면랜딩","massage/진영읍-출장마사지-김해-생활권-지역정보-이용안내/index.html","변경후보","진영읍 출장마사지 | 김해 읍 생활권·지역 안내 | 몽라운지","진영읍 생활권 안내 | 김해 인접 지역·이동 정보 | 몽라운지","진영읍 지역에서 현재 위치와 가까운 생활권을 찾기 쉽도록 지역 정보를 정리했습니다. 김해 진영읍 출장마사지 이용 전 지역 범위를 확인할 수 있습니다.","진영읍 주변 생활권과 인접 지역을 기준으로 현재 위치와 이동 범위를 확인할 수 있도록 정리했습니다. 김해 지역에서 이용 가능한 범위를 비교할 때 참고하세요.","1","0","1","0"
"동읍면랜딩","massage/부계면-출장마사지-대구-군위군-생활권-지역정보-이용안내/index.html","변경후보","부계면 출장마사지 | 대구 군위군 면 생활권·지역 안내 | 몽라운지","부계면 생활권 안내 | 대구 군위군 인접 지역·이동 정보 | 몽라운지","부계면 주변 생활권과 인접 지역을 기준으로 위치 정보를 정리했습니다. 대구 군위군 부계면 출장마사지 이용 전 이동 범위와 가까운 지역을 확인해 보세요.","부계면 주변 생활권과 인접 지역을 기준으로 현재 위치와 이동 범위를 확인할 수 있도록 정리했습니다. 대구 군위군 지역에서 이용 가능한 범위를 비교할 때 참고하세요.","1","0","1","0"
"동읍면랜딩","massage/산성면-출장마사지-대구-군위군-생활권-지역정보-이용안내/index.html","변경후보","산성면 출장마사지 | 대구 군위군 면 생활권·지역 안내 | 몽라운지","대구 군위군 산성면 지역 안내 | 출장마사지 이용 범위·생활권 정보 | 몽라운지","산성면에서 오가는 주요 생활권과 주변 지역을 살펴보기 쉽도록 구성했습니다. 대구 군위군 산성면 출장마사지 이용 전 현재 위치와 지역 범위를 비교할 수 있습니다.","산성면을 중심으로 주거·상업 생활권과 주변 이동 동선을 정리했습니다. 가까운 지역과 이용 범위를 비교하고 위치 선택에 참고할 수 있습니다.","1","1","1","0"
"동읍면랜딩","massage/삼국유사면-출장마사지-대구-군위군-생활권-지역정보-이용안내/index.html","변경후보","삼국유사면 출장마사지 | 대구 군위군 면 생활권·지역 안내 | 몽라운지","삼국유사면 출장마사지 | 대구 군위군 생활권·인접 지역 안내 | 몽라운지","삼국유사면 생활권에서 인접 읍·면·동과의 연결을 확인하기 쉽도록 지역 안내를 정리했습니다. 대구 군위군 삼국유사면 출장마사지 이용 전 위치 선택에 참고하세요.","삼국유사면에서 오가는 주요 생활권과 주변 지역 정보를 한눈에 확인할 수 있도록 구성했습니다. 대구 군위군 내 현재 위치와 인접 지역의 이동 범위를 살펴보세요.","1","1","1","0"
"동읍면랜딩","massage/소보면-출장마사지-대구-군위군-생활권-지역정보-이용안내/index.html","변경후보","소보면 출장마사지 | 대구 군위군 면 생활권·지역 안내 | 몽라운지","소보면 출장마사지 | 대구 군위군 생활권·인접 지역 안내 | 몽라운지","소보면을 중심으로 주변 생활권과 이동 방향을 확인할 수 있도록 기본 지역 정보를 구성했습니다. 대구 군위군 소보면 출장마사지 이용 전 가까운 범위를 살펴보세요.","소보면에서 오가는 주요 생활권과 주변 지역 정보를 한눈에 확인할 수 있도록 구성했습니다. 대구 군위군 내 현재 위치와 인접 지역의 이동 범위를 살펴보세요.","1","1","1","0"
"동읍면랜딩","massage/우보면-출장마사지-대구-군위군-생활권-지역정보-이용안내/index.html","변경후보","우보면 출장마사지 | 대구 군위군 면 생활권·지역 안내 | 몽라운지","우보면 출장마사지 | 대구 군위군 생활권·인접 지역 안내 | 몽라운지","우보면 주변의 주거·상업 생활권과 인접 지역을 기준으로 위치를 확인할 수 있습니다. 대구 군위군 우보면 출장마사지 이용 전 이동 동선을 확인해 보세요.","우보면에서 오가는 주요 생활권과 주변 지역 정보를 한눈에 확인할 수 있도록 구성했습니다. 대구 군위군 내 현재 위치와 인접 지역의 이동 범위를 살펴보세요.","1","1","1","0"
"동읍면랜딩","massage/의흥면-출장마사지-대구-군위군-생활권-지역정보-이용안내/index.html","변경후보","의흥면 출장마사지 | 대구 군위군 면 생활권·지역 안내 | 몽라운지","의흥면 출장마사지 | 대구 군위군 생활권·인접 지역 안내 | 몽라운지","의흥면 지역에서 현재 위치와 가까운 생활권을 찾기 쉽도록 지역 정보를 정리했습니다. 대구 군위군 의흥면 출장마사지 이용 전 지역 범위를 확인할 수 있습니다.","의흥면에서 오가는 주요 생활권과 주변 지역 정보를 한눈에 확인할 수 있도록 구성했습니다. 대구 군위군 내 현재 위치와 인접 지역의 이동 범위를 살펴보세요.","1","1","1","0"
"동읍면랜딩","massage/효령면-출장마사지-대구-군위군-생활권-지역정보-이용안내/index.html","변경후보","효령면 출장마사지 | 대구 군위군 면 생활권·지역 안내 | 몽라운지","대구 군위군 효령면 지역 안내 | 출장마사지 이용 범위·생활권 정보 | 몽라운지","효령면 주변 생활권과 인접 지역을 기준으로 위치 정보를 정리했습니다. 대구 군위군 효령면 출장마사지 이용 전 이동 범위와 가까운 지역을 확인해 보세요.","효령면을 중심으로 주거·상업 생활권과 주변 이동 동선을 정리했습니다. 가까운 지역과 이용 범위를 비교하고 위치 선택에 참고할 수 있습니다.","1","1","1","0"
"동읍면랜딩","massage/군위읍-출장마사지-대구-군위군-생활권-지역정보-이용안내/index.html","변경후보","군위읍 출장마사지 | 대구 군위군 읍 생활권·지역 안내 | 몽라운지","군위읍 지역 이용 정보 | 대구 군위군 생활권·위치 안내 | 몽라운지","군위읍에서 오가는 주요 생활권과 주변 지역을 살펴보기 쉽도록 구성했습니다. 대구 군위군 군위읍 출장마사지 이용 전 현재 위치와 지역 범위를 비교할 수 있습니다.","군위읍 생활권에서 출장마사지 이용 전 확인할 수 있는 위치 범위와 인접 지역 정보를 정리했습니다. 대구 군위군 주변 이동 동선과 가까운 생활권을 함께 확인해보세요.","1","0","1","1"
"동읍면랜딩","massage/가창면-출장마사지-대구-달성군-생활권-지역정보-이용안내/index.html","변경후보","가창면 출장마사지 | 대구 달성군 면 생활권·지역 안내 | 몽라운지","대구 달성군 가창면 지역 안내 | 출장마사지 이용 범위·생활권 정보 | 몽라운지","가창면 생활권에서 인접 읍·면·동과의 연결을 확인하기 쉽도록 지역 안내를 정리했습니다. 대구 달성군 가창면 출장마사지 이용 전 위치 선택에 참고하세요.","가창면을 중심으로 주거·상업 생활권과 주변 이동 동선을 정리했습니다. 가까운 지역과 이용 범위를 비교하고 위치 선택에 참고할 수 있습니다.","1","1","1","0"
"동읍면랜딩","massage/구지면-출장마사지-대구-달성군-생활권-지역정보-이용안내/index.html","변경후보","구지면 출장마사지 | 대구 달성군 면 생활권·지역 안내 | 몽라운지","구지면 생활권 안내 | 대구 달성군 인접 지역·이동 정보 | 몽라운지","구지면을 중심으로 주변 생활권과 이동 방향을 확인할 수 있도록 기본 지역 정보를 구성했습니다. 대구 달성군 구지면 출장마사지 이용 전 가까운 범위를 살펴보세요.","구지면 주변 생활권과 인접 지역을 기준으로 현재 위치와 이동 범위를 확인할 수 있도록 정리했습니다. 대구 달성군 지역에서 이용 가능한 범위를 비교할 때 참고하세요.","1","0","1","0"
"동읍면랜딩","massage/하빈면-출장마사지-대구-달성군-생활권-지역정보-이용안내/index.html","변경후보","하빈면 출장마사지 | 대구 달성군 면 생활권·지역 안내 | 몽라운지","하빈면 생활권 안내 | 대구 달성군 인접 지역·이동 정보 | 몽라운지","하빈면 주변의 주거·상업 생활권과 인접 지역을 기준으로 위치를 확인할 수 있습니다. 대구 달성군 하빈면 출장마사지 이용 전 이동 동선을 확인해 보세요.","하빈면 주변 생활권과 인접 지역을 기준으로 현재 위치와 이동 범위를 확인할 수 있도록 정리했습니다. 대구 달성군 지역에서 이용 가능한 범위를 비교할 때 참고하세요.","1","0","1","0"
"동읍면랜딩","massage/논공읍-출장마사지-대구-달성군-생활권-지역정보-이용안내/index.html","변경후보","논공읍 출장마사지 | 대구 달성군 읍 생활권·지역 안내 | 몽라운지","논공읍 출장마사지 | 대구 달성군 생활권·인접 지역 안내 | 몽라운지","논공읍 지역에서 현재 위치와 가까운 생활권을 찾기 쉽도록 지역 정보를 정리했습니다. 대구 달성군 논공읍 출장마사지 이용 전 지역 범위를 확인할 수 있습니다.","논공읍에서 오가는 주요 생활권과 주변 지역 정보를 한눈에 확인할 수 있도록 구성했습니다. 대구 달성군 내 현재 위치와 인접 지역의 이동 범위를 살펴보세요.","1","1","1","0"
"동읍면랜딩","massage/다사읍-출장마사지-대구-달성군-생활권-지역정보-이용안내/index.html","변경후보","다사읍 출장마사지 | 대구 달성군 읍 생활권·지역 안내 | 몽라운지","다사읍 생활권 안내 | 대구 달성군 인접 지역·이동 정보 | 몽라운지","다사읍 주변 생활권과 인접 지역을 기준으로 위치 정보를 정리했습니다. 대구 달성군 다사읍 출장마사지 이용 전 이동 범위와 가까운 지역을 확인해 보세요.","다사읍 주변 생활권과 인접 지역을 기준으로 현재 위치와 이동 범위를 확인할 수 있도록 정리했습니다. 대구 달성군 지역에서 이용 가능한 범위를 비교할 때 참고하세요.","1","0","1","0"
"동읍면랜딩","massage/옥포읍-출장마사지-대구-달성군-생활권-지역정보-이용안내/index.html","변경후보","옥포읍 출장마사지 | 대구 달성군 읍 생활권·지역 안내 | 몽라운지","대구 달성군 옥포읍 지역 안내 | 출장마사지 이용 범위·생활권 정보 | 몽라운지","옥포읍에서 오가는 주요 생활권과 주변 지역을 살펴보기 쉽도록 구성했습니다. 대구 달성군 옥포읍 출장마사지 이용 전 현재 위치와 지역 범위를 비교할 수 있습니다.","옥포읍을 중심으로 주거·상업 생활권과 주변 이동 동선을 정리했습니다. 가까운 지역과 이용 범위를 비교하고 위치 선택에 참고할 수 있습니다.","1","1","1","0"
"동읍면랜딩","massage/유가읍-출장마사지-대구-달성군-생활권-지역정보-이용안내/index.html","변경후보","유가읍 출장마사지 | 대구 달성군 읍 생활권·지역 안내 | 몽라운지","유가읍 출장마사지 | 대구 달성군 생활권·인접 지역 안내 | 몽라운지","유가읍 생활권에서 인접 읍·면·동과의 연결을 확인하기 쉽도록 지역 안내를 정리했습니다. 대구 달성군 유가읍 출장마사지 이용 전 위치 선택에 참고하세요.","유가읍에서 오가는 주요 생활권과 주변 지역 정보를 한눈에 확인할 수 있도록 구성했습니다. 대구 달성군 내 현재 위치와 인접 지역의 이동 범위를 살펴보세요.","1","1","1","0"
"동읍면랜딩","massage/현풍읍-출장마사지-대구-달성군-생활권-지역정보-이용안내/index.html","변경후보","현풍읍 출장마사지 | 대구 달성군 읍 생활권·지역 안내 | 몽라운지","대구 달성군 현풍읍 지역 안내 | 출장마사지 이용 범위·생활권 정보 | 몽라운지","현풍읍을 중심으로 주변 생활권과 이동 방향을 확인할 수 있도록 기본 지역 정보를 구성했습니다. 대구 달성군 현풍읍 출장마사지 이용 전 가까운 범위를 살펴보세요.","현풍읍을 중심으로 주거·상업 생활권과 주변 이동 동선을 정리했습니다. 가까운 지역과 이용 범위를 비교하고 위치 선택에 참고할 수 있습니다.","1","1","1","0"
"동읍면랜딩","massage/화원읍-출장마사지-대구-달성군-생활권-지역정보-이용안내/index.html","변경후보","화원읍 출장마사지 | 대구 달성군 읍 생활권·지역 안내 | 몽라운지","대구 달성군 화원읍 지역 안내 | 출장마사지 이용 범위·생활권 정보 | 몽라운지","화원읍 주변의 주거·상업 생활권과 인접 지역을 기준으로 위치를 확인할 수 있습니다. 대구 달성군 화원읍 출장마사지 이용 전 이동 동선을 확인해 보세요.","화원읍을 중심으로 주거·상업 생활권과 주변 이동 동선을 정리했습니다. 가까운 지역과 이용 범위를 비교하고 위치 선택에 참고할 수 있습니다.","1","1","1","0"
"동읍면랜딩","massage/금남면-출장마사지-세종-생활권-지역정보-이용안내/index.html","변경후보","금남면 출장마사지 | 세종 면 생활권·지역 안내 | 몽라운지","금남면 지역 이용 정보 | 세종 생활권·위치 안내 | 몽라운지","금남면 지역에서 현재 위치와 가까운 생활권을 찾기 쉽도록 지역 정보를 정리했습니다. 세종 금남면 출장마사지 이용 전 지역 범위를 확인할 수 있습니다.","금남면 생활권에서 출장마사지 이용 전 확인할 수 있는 위치 범위와 인접 지역 정보를 정리했습니다. 세종 주변 이동 동선과 가까운 생활권을 함께 확인해보세요.","1","0","1","1"
"동읍면랜딩","massage/부강면-출장마사지-세종-생활권-지역정보-이용안내/index.html","변경후보","부강면 출장마사지 | 세종 면 생활권·지역 안내 | 몽라운지","부강면 생활권 안내 | 세종 인접 지역·이동 정보 | 몽라운지","부강면 주변 생활권과 인접 지역을 기준으로 위치 정보를 정리했습니다. 세종 부강면 출장마사지 이용 전 이동 범위와 가까운 지역을 확인해 보세요.","부강면 주변 생활권과 인접 지역을 기준으로 현재 위치와 이동 범위를 확인할 수 있도록 정리했습니다. 세종 지역에서 이용 가능한 범위를 비교할 때 참고하세요.","1","0","1","0"
"동읍면랜딩","massage/소정면-출장마사지-세종-생활권-지역정보-이용안내/index.html","변경후보","소정면 출장마사지 | 세종 면 생활권·지역 안내 | 몽라운지","소정면 지역 이용 정보 | 세종 생활권·위치 안내 | 몽라운지","소정면에서 오가는 주요 생활권과 주변 지역을 살펴보기 쉽도록 구성했습니다. 세종 소정면 출장마사지 이용 전 현재 위치와 지역 범위를 비교할 수 있습니다.","소정면 생활권에서 출장마사지 이용 전 확인할 수 있는 위치 범위와 인접 지역 정보를 정리했습니다. 세종 주변 이동 동선과 가까운 생활권을 함께 확인해보세요.","1","0","1","1"
"동읍면랜딩","massage/연기면-출장마사지-세종-생활권-지역정보-이용안내/index.html","변경후보","연기면 출장마사지 | 세종 면 생활권·지역 안내 | 몽라운지","세종 연기면 지역 안내 | 출장마사지 이용 범위·생활권 정보 | 몽라운지","연기면 생활권에서 인접 읍·면·동과의 연결을 확인하기 쉽도록 지역 안내를 정리했습니다. 세종 연기면 출장마사지 이용 전 위치 선택에 참고하세요.","연기면을 중심으로 주거·상업 생활권과 주변 이동 동선을 정리했습니다. 가까운 지역과 이용 범위를 비교하고 위치 선택에 참고할 수 있습니다.","1","1","1","0"
"동읍면랜딩","massage/연동면-출장마사지-세종-생활권-지역정보-이용안내/index.html","변경후보","연동면 출장마사지 | 세종 면 생활권·지역 안내 | 몽라운지","연동면 출장마사지 | 세종 생활권·인접 지역 안내 | 몽라운지","연동면을 중심으로 주변 생활권과 이동 방향을 확인할 수 있도록 기본 지역 정보를 구성했습니다. 세종 연동면 출장마사지 이용 전 가까운 범위를 살펴보세요.","연동면에서 오가는 주요 생활권과 주변 지역 정보를 한눈에 확인할 수 있도록 구성했습니다. 세종 내 현재 위치와 인접 지역의 이동 범위를 살펴보세요.","1","1","1","0"
"동읍면랜딩","massage/연서면-출장마사지-세종-생활권-지역정보-이용안내/index.html","변경후보","연서면 출장마사지 | 세종 면 생활권·지역 안내 | 몽라운지","연서면 지역 이용 정보 | 세종 생활권·위치 안내 | 몽라운지","연서면 주변의 주거·상업 생활권과 인접 지역을 기준으로 위치를 확인할 수 있습니다. 세종 연서면 출장마사지 이용 전 이동 동선을 확인해 보세요.","연서면 생활권에서 출장마사지 이용 전 확인할 수 있는 위치 범위와 인접 지역 정보를 정리했습니다. 세종 주변 이동 동선과 가까운 생활권을 함께 확인해보세요.","1","0","1","1"
"동읍면랜딩","massage/장군면-출장마사지-세종-생활권-지역정보-이용안내/index.html","변경후보","장군면 출장마사지 | 세종 면 생활권·지역 안내 | 몽라운지","장군면 출장마사지 | 세종 생활권·인접 지역 안내 | 몽라운지","장군면 지역에서 현재 위치와 가까운 생활권을 찾기 쉽도록 지역 정보를 정리했습니다. 세종 장군면 출장마사지 이용 전 지역 범위를 확인할 수 있습니다.","장군면에서 오가는 주요 생활권과 주변 지역 정보를 한눈에 확인할 수 있도록 구성했습니다. 세종 내 현재 위치와 인접 지역의 이동 범위를 살펴보세요.","1","1","1","0"
"동읍면랜딩","massage/전동면-출장마사지-세종-생활권-지역정보-이용안내/index.html","변경후보","전동면 출장마사지 | 세종 면 생활권·지역 안내 | 몽라운지","전동면 지역 이용 정보 | 세종 생활권·위치 안내 | 몽라운지","전동면 주변 생활권과 인접 지역을 기준으로 위치 정보를 정리했습니다. 세종 전동면 출장마사지 이용 전 이동 범위와 가까운 지역을 확인해 보세요.","전동면 생활권에서 출장마사지 이용 전 확인할 수 있는 위치 범위와 인접 지역 정보를 정리했습니다. 세종 주변 이동 동선과 가까운 생활권을 함께 확인해보세요.","1","0","1","1"
"동읍면랜딩","massage/전의면-출장마사지-세종-생활권-지역정보-이용안내/index.html","변경후보","전의면 출장마사지 | 세종 면 생활권·지역 안내 | 몽라운지","세종 전의면 지역 안내 | 출장마사지 이용 범위·생활권 정보 | 몽라운지","전의면에서 오가는 주요 생활권과 주변 지역을 살펴보기 쉽도록 구성했습니다. 세종 전의면 출장마사지 이용 전 현재 위치와 지역 범위를 비교할 수 있습니다.","전의면을 중심으로 주거·상업 생활권과 주변 이동 동선을 정리했습니다. 가까운 지역과 이용 범위를 비교하고 위치 선택에 참고할 수 있습니다.","1","1","1","0"
"동읍면랜딩","massage/조치원읍-출장마사지-세종-생활권-지역정보-이용안내/index.html","변경후보","조치원읍 출장마사지 | 세종 읍 생활권·지역 안내 | 몽라운지","조치원읍 지역 이용 정보 | 세종 생활권·위치 안내 | 몽라운지","조치원읍 생활권에서 인접 읍·면·동과의 연결을 확인하기 쉽도록 지역 안내를 정리했습니다. 세종 조치원읍 출장마사지 이용 전 위치 선택에 참고하세요.","조치원읍 생활권에서 출장마사지 이용 전 확인할 수 있는 위치 범위와 인접 지역 정보를 정리했습니다. 세종 주변 이동 동선과 가까운 생활권을 함께 확인해보세요.","1","0","1","1"
"동읍면랜딩","massage/도고면-출장마사지-아산-생활권-지역정보-이용안내/index.html","변경후보","도고면 출장마사지 | 아산 면 생활권·지역 안내 | 몽라운지","도고면 지역 이용 정보 | 아산 생활권·위치 안내 | 몽라운지","도고면을 중심으로 주변 생활권과 이동 방향을 확인할 수 있도록 기본 지역 정보를 구성했습니다. 아산 도고면 출장마사지 이용 전 가까운 범위를 살펴보세요.","도고면 생활권에서 출장마사지 이용 전 확인할 수 있는 위치 범위와 인접 지역 정보를 정리했습니다. 아산 주변 이동 동선과 가까운 생활권을 함께 확인해보세요.","1","0","1","1"
"동읍면랜딩","massage/둔포면-출장마사지-아산-생활권-지역정보-이용안내/index.html","변경후보","둔포면 출장마사지 | 아산 면 생활권·지역 안내 | 몽라운지","둔포면 생활권 안내 | 아산 인접 지역·이동 정보 | 몽라운지","둔포면 주변의 주거·상업 생활권과 인접 지역을 기준으로 위치를 확인할 수 있습니다. 아산 둔포면 출장마사지 이용 전 이동 동선을 확인해 보세요.","둔포면 주변 생활권과 인접 지역을 기준으로 현재 위치와 이동 범위를 확인할 수 있도록 정리했습니다. 아산 지역에서 이용 가능한 범위를 비교할 때 참고하세요.","1","0","1","0"
"동읍면랜딩","massage/선장면-출장마사지-아산-생활권-지역정보-이용안내/index.html","변경후보","선장면 출장마사지 | 아산 면 생활권·지역 안내 | 몽라운지","선장면 지역 이용 정보 | 아산 생활권·위치 안내 | 몽라운지","선장면 지역에서 현재 위치와 가까운 생활권을 찾기 쉽도록 지역 정보를 정리했습니다. 아산 선장면 출장마사지 이용 전 지역 범위를 확인할 수 있습니다.","선장면 생활권에서 출장마사지 이용 전 확인할 수 있는 위치 범위와 인접 지역 정보를 정리했습니다. 아산 주변 이동 동선과 가까운 생활권을 함께 확인해보세요.","1","0","1","1"
"동읍면랜딩","massage/송악면-출장마사지-아산-생활권-지역정보-이용안내/index.html","변경후보","송악면 출장마사지 | 아산 면 생활권·지역 안내 | 몽라운지","아산 송악면 지역 안내 | 출장마사지 이용 범위·생활권 정보 | 몽라운지","송악면 주변 생활권과 인접 지역을 기준으로 위치 정보를 정리했습니다. 아산 송악면 출장마사지 이용 전 이동 범위와 가까운 지역을 확인해 보세요.","송악면을 중심으로 주거·상업 생활권과 주변 이동 동선을 정리했습니다. 가까운 지역과 이용 범위를 비교하고 위치 선택에 참고할 수 있습니다.","1","1","1","0"
"동읍면랜딩","massage/신창면-출장마사지-아산-생활권-지역정보-이용안내/index.html","변경후보","신창면 출장마사지 | 아산 면 생활권·지역 안내 | 몽라운지","신창면 생활권 안내 | 아산 인접 지역·이동 정보 | 몽라운지","신창면에서 오가는 주요 생활권과 주변 지역을 살펴보기 쉽도록 구성했습니다. 아산 신창면 출장마사지 이용 전 현재 위치와 지역 범위를 비교할 수 있습니다.","신창면 주변 생활권과 인접 지역을 기준으로 현재 위치와 이동 범위를 확인할 수 있도록 정리했습니다. 아산 지역에서 이용 가능한 범위를 비교할 때 참고하세요.","1","0","1","0"
"동읍면랜딩","massage/영인면-출장마사지-아산-생활권-지역정보-이용안내/index.html","변경후보","영인면 출장마사지 | 아산 면 생활권·지역 안내 | 몽라운지","영인면 출장마사지 | 아산 생활권·인접 지역 안내 | 몽라운지","영인면 생활권에서 인접 읍·면·동과의 연결을 확인하기 쉽도록 지역 안내를 정리했습니다. 아산 영인면 출장마사지 이용 전 위치 선택에 참고하세요.","영인면에서 오가는 주요 생활권과 주변 지역 정보를 한눈에 확인할 수 있도록 구성했습니다. 아산 내 현재 위치와 인접 지역의 이동 범위를 살펴보세요.","1","1","1","0"
"동읍면랜딩","massage/음봉면-출장마사지-아산-생활권-지역정보-이용안내/index.html","변경후보","음봉면 출장마사지 | 아산 면 생활권·지역 안내 | 몽라운지","아산 음봉면 지역 안내 | 출장마사지 이용 범위·생활권 정보 | 몽라운지","음봉면을 중심으로 주변 생활권과 이동 방향을 확인할 수 있도록 기본 지역 정보를 구성했습니다. 아산 음봉면 출장마사지 이용 전 가까운 범위를 살펴보세요.","음봉면을 중심으로 주거·상업 생활권과 주변 이동 동선을 정리했습니다. 가까운 지역과 이용 범위를 비교하고 위치 선택에 참고할 수 있습니다.","1","1","1","0"
"동읍면랜딩","massage/인주면-출장마사지-아산-생활권-지역정보-이용안내/index.html","변경후보","인주면 출장마사지 | 아산 면 생활권·지역 안내 | 몽라운지","인주면 생활권 안내 | 아산 인접 지역·이동 정보 | 몽라운지","인주면 주변의 주거·상업 생활권과 인접 지역을 기준으로 위치를 확인할 수 있습니다. 아산 인주면 출장마사지 이용 전 이동 동선을 확인해 보세요.","인주면 주변 생활권과 인접 지역을 기준으로 현재 위치와 이동 범위를 확인할 수 있도록 정리했습니다. 아산 지역에서 이용 가능한 범위를 비교할 때 참고하세요.","1","0","1","0"
"동읍면랜딩","massage/탕정면-출장마사지-아산-생활권-지역정보-이용안내/index.html","변경후보","탕정면 출장마사지 | 아산 면 생활권·지역 안내 | 몽라운지","탕정면 출장마사지 | 아산 생활권·인접 지역 안내 | 몽라운지","탕정면 지역에서 현재 위치와 가까운 생활권을 찾기 쉽도록 지역 정보를 정리했습니다. 아산 탕정면 출장마사지 이용 전 지역 범위를 확인할 수 있습니다.","탕정면에서 오가는 주요 생활권과 주변 지역 정보를 한눈에 확인할 수 있도록 구성했습니다. 아산 내 현재 위치와 인접 지역의 이동 범위를 살펴보세요.","1","1","1","0"
"동읍면랜딩","massage/배방읍-출장마사지-아산-생활권-지역정보-이용안내/index.html","변경후보","배방읍 출장마사지 | 아산 읍 생활권·지역 안내 | 몽라운지","아산 배방읍 지역 안내 | 출장마사지 이용 범위·생활권 정보 | 몽라운지","배방읍 주변 생활권과 인접 지역을 기준으로 위치 정보를 정리했습니다. 아산 배방읍 출장마사지 이용 전 이동 범위와 가까운 지역을 확인해 보세요.","배방읍을 중심으로 주거·상업 생활권과 주변 이동 동선을 정리했습니다. 가까운 지역과 이용 범위를 비교하고 위치 선택에 참고할 수 있습니다.","1","1","1","0"
"동읍면랜딩","massage/염치읍-출장마사지-아산-생활권-지역정보-이용안내/index.html","변경후보","염치읍 출장마사지 | 아산 읍 생활권·지역 안내 | 몽라운지","염치읍 출장마사지 | 아산 생활권·인접 지역 안내 | 몽라운지","염치읍에서 오가는 주요 생활권과 주변 지역을 살펴보기 쉽도록 구성했습니다. 아산 염치읍 출장마사지 이용 전 현재 위치와 지역 범위를 비교할 수 있습니다.","염치읍에서 오가는 주요 생활권과 주변 지역 정보를 한눈에 확인할 수 있도록 구성했습니다. 아산 내 현재 위치와 인접 지역의 이동 범위를 살펴보세요.","1","1","1","0"
"동읍면랜딩","massage/금마면-출장마사지-익산-생활권-지역정보-이용안내/index.html","변경후보","금마면 출장마사지 | 익산 면 생활권·지역 안내 | 몽라운지","익산 금마면 지역 안내 | 출장마사지 이용 범위·생활권 정보 | 몽라운지","금마면 생활권에서 인접 읍·면·동과의 연결을 확인하기 쉽도록 지역 안내를 정리했습니다. 익산 금마면 출장마사지 이용 전 위치 선택에 참고하세요.","금마면을 중심으로 주거·상업 생활권과 주변 이동 동선을 정리했습니다. 가까운 지역과 이용 범위를 비교하고 위치 선택에 참고할 수 있습니다.","1","1","1","0"
"동읍면랜딩","massage/낭산면-출장마사지-익산-생활권-지역정보-이용안내/index.html","변경후보","낭산면 출장마사지 | 익산 면 생활권·지역 안내 | 몽라운지","익산 낭산면 지역 안내 | 출장마사지 이용 범위·생활권 정보 | 몽라운지","낭산면을 중심으로 주변 생활권과 이동 방향을 확인할 수 있도록 기본 지역 정보를 구성했습니다. 익산 낭산면 출장마사지 이용 전 가까운 범위를 살펴보세요.","낭산면을 중심으로 주거·상업 생활권과 주변 이동 동선을 정리했습니다. 가까운 지역과 이용 범위를 비교하고 위치 선택에 참고할 수 있습니다.","1","1","1","0"
"동읍면랜딩","massage/망성면-출장마사지-익산-생활권-지역정보-이용안내/index.html","변경후보","망성면 출장마사지 | 익산 면 생활권·지역 안내 | 몽라운지","익산 망성면 지역 안내 | 출장마사지 이용 범위·생활권 정보 | 몽라운지","망성면 주변의 주거·상업 생활권과 인접 지역을 기준으로 위치를 확인할 수 있습니다. 익산 망성면 출장마사지 이용 전 이동 동선을 확인해 보세요.","망성면을 중심으로 주거·상업 생활권과 주변 이동 동선을 정리했습니다. 가까운 지역과 이용 범위를 비교하고 위치 선택에 참고할 수 있습니다.","1","1","1","0"
"동랜딩","massage/거북섬동-출장마사지-시흥시-생활권-이동동선-지역정보-이용전-안내/index.html","변경후보","거북섬동 출장마사지 | 경기 시흥시 생활권·지역 이용 안내 | 몽라운지","거북섬동 생활권 안내 | 경기 시흥시 생활권·지역 이용 안내 | 몽라운지","자주 오가는 생활권을 기준으로 위치와 인접 지역을 정리했습니다. 경기 시흥시 거북섬동 출장마사지 이용 전 가까운 범위와 이동 방향을 비교해 보세요.","자주 오가는 생활권을 기준으로 위치와 인접 지역을 정리했습니다. 경기 시흥시 거북섬동 지역 이용 이용 전 가까운 범위와 이동 방향을 비교해 보세요.","1","0","1","0"
"동랜딩","massage/과림동-출장마사지-시흥시-생활권-이동동선-지역정보-이용전-안내/index.html","변경후보","과림동 출장마사지 | 경기 시흥시 생활권·지역 이용 안내 | 몽라운지","과림동 생활권 안내 | 경기 시흥시 생활권·지역 이용 안내 | 몽라운지","과림동 생활권에서 현재 위치와 인접 동을 확인하기 쉽도록 지역 정보를 구성했습니다. 경기 시흥시 과림동 출장마사지 이용 전 위치와 지역 범위를 살펴볼 수 있습니다.","과림동 생활권에서 현재 위치와 인접 동을 확인하기 쉽도록 지역 정보를 구성했습니다. 경기 시흥시 과림동 지역 이용 이용 전 위치와 지역 범위를 살펴볼 수 있습니다.","1","0","1","0"
"동랜딩","massage/군자동-출장마사지-시흥시-생활권-이동동선-지역정보-이용전-안내/index.html","변경후보","군자동 출장마사지 | 경기 시흥시 생활권·지역 이용 안내 | 몽라운지","군자동 지역 이용 안내 | 경기 시흥시 생활권·지역 이용 안내 | 몽라운지","중심으로 주변 생활권과 이동 방향을 확인할 수 있도록 정리했습니다. 경기 시흥시 군자동 출장마사지 이용 전 현재 위치와 가까운 지역을 확인해 보세요.","중심으로 주변 생활권과 이동 방향을 확인할 수 있도록 정리했습니다. 경기 시흥시 군자동 출장마사지 이용 전 현재 위치와 가까운 지역을 확인해 보세요.","1","0","1","1"
"동랜딩","massage/능곡동-출장마사지-시흥시-생활권-이동동선-지역정보-이용전-안내/index.html","변경후보","능곡동 출장마사지 | 경기 시흥시 생활권·지역 이용 안내 | 몽라운지","능곡동 생활권 안내 | 경기 시흥시 생활권·지역 이용 안내 | 몽라운지","능곡동 주변의 주거·업무 생활권과 인접 지역을 기준으로 위치 정보를 정리했습니다. 경기 시흥시 능곡동 출장마사지 이용 전 이동 범위를 확인할 수 있습니다.","능곡동 주변의 주거·업무 생활권과 인접 지역을 기준으로 위치 정보를 정리했습니다. 경기 시흥시 능곡동 지역 이용 이용 전 이동 범위를 확인할 수 있습니다.","1","0","1","0"
"동랜딩","massage/대야동-출장마사지-시흥시-생활권-이동동선-지역정보-이용전-안내/index.html","변경후보","대야동 출장마사지 | 경기 시흥시 생활권·지역 이용 안내 | 몽라운지","대야동 생활권 안내 | 경기 시흥시 생활권·지역 이용 안내 | 몽라운지","대야동 지역에서 현재 위치를 설명하고 가까운 생활권을 찾기 쉽도록 기본 정보를 구성했습니다. 경기 시흥시 대야동 출장마사지 이용 전 지역 선택에 참고하세요.","대야동 지역에서 현재 위치를 설명하고 가까운 생활권을 찾기 쉽도록 기본 정보를 구성했습니다. 경기 시흥시 대야동 지역 이용 이용 전 지역 선택에 참고하세요.","1","0","1","0"
"동랜딩","massage/매화동-출장마사지-시흥시-생활권-이동동선-지역정보-이용전-안내/index.html","변경후보","매화동 출장마사지 | 경기 시흥시 생활권·지역 이용 안내 | 몽라운지","매화동 출장마사지 | 경기 시흥시 생활권·지역 이용 안내 | 몽라운지","매화동 주변 생활권과 이동 흐름을 먼저 살펴보고 현재 위치를 확인하기 좋은 기준을 정리했습니다. 경기 시흥시 매화동 출장마사지 이용 전 지역 범위를 확인해 보세요.","매화동 주변 생활권과 이동 흐름을 먼저 살펴보고 현재 위치를 확인하기 좋은 기준을 정리했습니다. 경기 시흥시 매화동 생활권 이용 이용 전 지역 범위를 확인해 보세요.","1","1","1","0"
"동랜딩","massage/목감동-출장마사지-시흥시-생활권-이동동선-지역정보-이용전-안내/index.html","변경후보","목감동 출장마사지 | 경기 시흥시 생활권·지역 이용 안내 | 몽라운지","목감동 출장마사지 | 경기 시흥시 생활권·지역 이용 안내 | 몽라운지","자주 오가는 생활권을 기준으로 위치와 인접 지역을 정리했습니다. 경기 시흥시 목감동 출장마사지 이용 전 가까운 범위와 이동 방향을 비교해 보세요.","자주 오가는 생활권을 기준으로 위치와 인접 지역을 정리했습니다. 경기 시흥시 목감동 생활권 이용 이용 전 가까운 범위와 이동 방향을 비교해 보세요.","1","1","1","0"
"동랜딩","massage/배곧동-출장마사지-시흥시-생활권-이동동선-지역정보-이용전-안내/index.html","변경후보","배곧동 출장마사지 | 경기 시흥시 생활권·지역 이용 안내 | 몽라운지","배곧동 출장마사지 | 경기 시흥시 생활권·지역 이용 안내 | 몽라운지","배곧동 생활권에서 현재 위치와 인접 동을 확인하기 쉽도록 지역 정보를 구성했습니다. 경기 시흥시 배곧동 출장마사지 이용 전 위치와 지역 범위를 살펴볼 수 있습니다.","배곧동 생활권에서 현재 위치와 인접 동을 확인하기 쉽도록 지역 정보를 구성했습니다. 경기 시흥시 배곧동 생활권 이용 이용 전 위치와 지역 범위를 살펴볼 수 있습니다.","1","1","1","0"
"동랜딩","massage/신천동-출장마사지-시흥시-생활권-이동동선-지역정보-이용전-안내/index.html","변경후보","신천동 출장마사지 | 경기 시흥시 생활권·지역 이용 안내 | 몽라운지","신천동 지역 이용 안내 | 경기 시흥시 생활권·지역 이용 안내 | 몽라운지","중심으로 주변 생활권과 이동 방향을 확인할 수 있도록 정리했습니다. 경기 시흥시 신천동 출장마사지 이용 전 현재 위치와 가까운 지역을 확인해 보세요.","중심으로 주변 생활권과 이동 방향을 확인할 수 있도록 정리했습니다. 경기 시흥시 신천동 출장마사지 이용 전 현재 위치와 가까운 지역을 확인해 보세요.","1","0","1","1"
"동랜딩","massage/신현동-출장마사지-시흥시-생활권-이동동선-지역정보-이용전-안내/index.html","변경후보","신현동 출장마사지 | 경기 시흥시 생활권·지역 이용 안내 | 몽라운지","신현동 출장마사지 | 경기 시흥시 생활권·지역 이용 안내 | 몽라운지","신현동 주변의 주거·업무 생활권과 인접 지역을 기준으로 위치 정보를 정리했습니다. 경기 시흥시 신현동 출장마사지 이용 전 이동 범위를 확인할 수 있습니다.","신현동 주변의 주거·업무 생활권과 인접 지역을 기준으로 위치 정보를 정리했습니다. 경기 시흥시 신현동 생활권 이용 이용 전 이동 범위를 확인할 수 있습니다.","1","1","1","0"
"동랜딩","massage/연성동-출장마사지-시흥시-생활권-이동동선-지역정보-이용전-안내/index.html","변경후보","연성동 출장마사지 | 경기 시흥시 생활권·지역 이용 안내 | 몽라운지","연성동 지역 이용 안내 | 경기 시흥시 생활권·지역 이용 안내 | 몽라운지","연성동 지역에서 현재 위치를 설명하고 가까운 생활권을 찾기 쉽도록 기본 정보를 구성했습니다. 경기 시흥시 연성동 출장마사지 이용 전 지역 선택에 참고하세요.","연성동 지역에서 현재 위치를 설명하고 가까운 생활권을 찾기 쉽도록 기본 정보를 구성했습니다. 경기 시흥시 연성동 출장마사지 이용 전 지역 선택에 참고하세요.","1","0","1","1"
"동랜딩","massage/월곶동-출장마사지-시흥시-생활권-이동동선-지역정보-이용전-안내/index.html","변경후보","월곶동 출장마사지 | 경기 시흥시 생활권·지역 이용 안내 | 몽라운지","월곶동 출장마사지 | 경기 시흥시 생활권·지역 이용 안내 | 몽라운지","월곶동 주변 생활권과 이동 흐름을 먼저 살펴보고 현재 위치를 확인하기 좋은 기준을 정리했습니다. 경기 시흥시 월곶동 출장마사지 이용 전 지역 범위를 확인해 보세요.","월곶동 주변 생활권과 이동 흐름을 먼저 살펴보고 현재 위치를 확인하기 좋은 기준을 정리했습니다. 경기 시흥시 월곶동 생활권 이용 이용 전 지역 범위를 확인해 보세요.","1","1","1","0"
"동랜딩","massage/은행동-출장마사지-시흥시-생활권-이동동선-지역정보-이용전-안내/index.html","변경후보","은행동 출장마사지 | 경기 시흥시 생활권·지역 이용 안내 | 몽라운지","은행동 지역 이용 안내 | 경기 시흥시 생활권·지역 이용 안내 | 몽라운지","자주 오가는 생활권을 기준으로 위치와 인접 지역을 정리했습니다. 경기 시흥시 은행동 출장마사지 이용 전 가까운 범위와 이동 방향을 비교해 보세요.","자주 오가는 생활권을 기준으로 위치와 인접 지역을 정리했습니다. 경기 시흥시 은행동 출장마사지 이용 전 가까운 범위와 이동 방향을 비교해 보세요.","1","0","1","1"
"동랜딩","massage/장곡동-출장마사지-시흥시-생활권-이동동선-지역정보-이용전-안내/index.html","변경후보","장곡동 출장마사지 | 경기 시흥시 생활권·지역 이용 안내 | 몽라운지","장곡동 생활권 안내 | 경기 시흥시 생활권·지역 이용 안내 | 몽라운지","장곡동 생활권에서 현재 위치와 인접 동을 확인하기 쉽도록 지역 정보를 구성했습니다. 경기 시흥시 장곡동 출장마사지 이용 전 위치와 지역 범위를 살펴볼 수 있습니다.","장곡동 생활권에서 현재 위치와 인접 동을 확인하기 쉽도록 지역 정보를 구성했습니다. 경기 시흥시 장곡동 지역 이용 이용 전 위치와 지역 범위를 살펴볼 수 있습니다.","1","0","1","0"
"동랜딩","massage/정왕동-출장마사지-시흥시-생활권-이동동선-지역정보-이용전-안내/index.html","변경후보","정왕동 출장마사지 | 경기 시흥시 생활권·지역 이용 안내 | 몽라운지","정왕동 출장마사지 | 경기 시흥시 생활권·지역 이용 안내 | 몽라운지","중심으로 주변 생활권과 이동 방향을 확인할 수 있도록 정리했습니다. 경기 시흥시 정왕동 출장마사지 이용 전 현재 위치와 가까운 지역을 확인해 보세요.","중심으로 주변 생활권과 이동 방향을 확인할 수 있도록 정리했습니다. 경기 시흥시 정왕동 생활권 이용 이용 전 현재 위치와 가까운 지역을 확인해 보세요.","1","1","1","0"
"동랜딩","massage/정왕본동-출장마사지-시흥시-생활권-이동동선-지역정보-이용전-안내/index.html","변경후보","정왕본동 출장마사지 | 경기 시흥시 생활권·지역 이용 안내 | 몽라운지","정왕본동 지역 이용 안내 | 경기 시흥시 생활권·지역 이용 안내 | 몽라운지","정왕본동 주변의 주거·업무 생활권과 인접 지역을 기준으로 위치 정보를 정리했습니다. 경기 시흥시 정왕본동 출장마사지 이용 전 이동 범위를 확인할 수 있습니다.","정왕본동 주변의 주거·업무 생활권과 인접 지역을 기준으로 위치 정보를 정리했습니다. 경기 시흥시 정왕본동 출장마사지 이용 전 이동 범위를 확인할 수 있습니다.","1","0","1","1"
"동읍면랜딩","massage/삼기면-출장마사지-익산-생활권-지역정보-이용안내/index.html","변경후보","삼기면 출장마사지 | 익산 면 생활권·지역 안내 | 몽라운지","익산 삼기면 지역 안내 | 출장마사지 이용 범위·생활권 정보 | 몽라운지","삼기면 지역에서 현재 위치와 가까운 생활권을 찾기 쉽도록 지역 정보를 정리했습니다. 익산 삼기면 출장마사지 이용 전 지역 범위를 확인할 수 있습니다.","삼기면을 중심으로 주거·상업 생활권과 주변 이동 동선을 정리했습니다. 가까운 지역과 이용 범위를 비교하고 위치 선택에 참고할 수 있습니다.","1","1","1","0"
"동읍면랜딩","massage/성당면-출장마사지-익산-생활권-지역정보-이용안내/index.html","변경후보","성당면 출장마사지 | 익산 면 생활권·지역 안내 | 몽라운지","익산 성당면 지역 안내 | 출장마사지 이용 범위·생활권 정보 | 몽라운지","성당면 주변 생활권과 인접 지역을 기준으로 위치 정보를 정리했습니다. 익산 성당면 출장마사지 이용 전 이동 범위와 가까운 지역을 확인해 보세요.","성당면을 중심으로 주거·상업 생활권과 주변 이동 동선을 정리했습니다. 가까운 지역과 이용 범위를 비교하고 위치 선택에 참고할 수 있습니다.","1","1","1","0"
"동읍면랜딩","massage/여산면-출장마사지-익산-생활권-지역정보-이용안내/index.html","변경후보","여산면 출장마사지 | 익산 면 생활권·지역 안내 | 몽라운지","여산면 출장마사지 | 익산 생활권·인접 지역 안내 | 몽라운지","여산면에서 오가는 주요 생활권과 주변 지역을 살펴보기 쉽도록 구성했습니다. 익산 여산면 출장마사지 이용 전 현재 위치와 지역 범위를 비교할 수 있습니다.","여산면에서 오가는 주요 생활권과 주변 지역 정보를 한눈에 확인할 수 있도록 구성했습니다. 익산 내 현재 위치와 인접 지역의 이동 범위를 살펴보세요.","1","1","1","0"
"동읍면랜딩","massage/오산면-출장마사지-익산-생활권-지역정보-이용안내/index.html","변경후보","오산면 출장마사지 | 익산 면 생활권·지역 안내 | 몽라운지","오산면 지역 이용 정보 | 익산 생활권·위치 안내 | 몽라운지","오산면 생활권에서 인접 읍·면·동과의 연결을 확인하기 쉽도록 지역 안내를 정리했습니다. 익산 오산면 출장마사지 이용 전 위치 선택에 참고하세요.","오산면 생활권에서 출장마사지 이용 전 확인할 수 있는 위치 범위와 인접 지역 정보를 정리했습니다. 익산 주변 이동 동선과 가까운 생활권을 함께 확인해보세요.","1","0","1","1"
"동읍면랜딩","massage/왕궁면-출장마사지-익산-생활권-지역정보-이용안내/index.html","변경후보","왕궁면 출장마사지 | 익산 면 생활권·지역 안내 | 몽라운지","왕궁면 생활권 안내 | 익산 인접 지역·이동 정보 | 몽라운지","왕궁면을 중심으로 주변 생활권과 이동 방향을 확인할 수 있도록 기본 지역 정보를 구성했습니다. 익산 왕궁면 출장마사지 이용 전 가까운 범위를 살펴보세요.","왕궁면 주변 생활권과 인접 지역을 기준으로 현재 위치와 이동 범위를 확인할 수 있도록 정리했습니다. 익산 지역에서 이용 가능한 범위를 비교할 때 참고하세요.","1","0","1","0"
"동읍면랜딩","massage/용동면-출장마사지-익산-생활권-지역정보-이용안내/index.html","변경후보","용동면 출장마사지 | 익산 면 생활권·지역 안내 | 몽라운지","용동면 지역 이용 정보 | 익산 생활권·위치 안내 | 몽라운지","용동면 주변의 주거·상업 생활권과 인접 지역을 기준으로 위치를 확인할 수 있습니다. 익산 용동면 출장마사지 이용 전 이동 동선을 확인해 보세요.","용동면 생활권에서 출장마사지 이용 전 확인할 수 있는 위치 범위와 인접 지역 정보를 정리했습니다. 익산 주변 이동 동선과 가까운 생활권을 함께 확인해보세요.","1","0","1","1"
"동읍면랜딩","massage/용안면-출장마사지-익산-생활권-지역정보-이용안내/index.html","변경후보","용안면 출장마사지 | 익산 면 생활권·지역 안내 | 몽라운지","익산 용안면 지역 안내 | 출장마사지 이용 범위·생활권 정보 | 몽라운지","용안면 지역에서 현재 위치와 가까운 생활권을 찾기 쉽도록 지역 정보를 정리했습니다. 익산 용안면 출장마사지 이용 전 지역 범위를 확인할 수 있습니다.","용안면을 중심으로 주거·상업 생활권과 주변 이동 동선을 정리했습니다. 가까운 지역과 이용 범위를 비교하고 위치 선택에 참고할 수 있습니다.","1","1","1","0"
"동읍면랜딩","massage/웅포면-출장마사지-익산-생활권-지역정보-이용안내/index.html","변경후보","웅포면 출장마사지 | 익산 면 생활권·지역 안내 | 몽라운지","익산 웅포면 지역 안내 | 출장마사지 이용 범위·생활권 정보 | 몽라운지","웅포면 주변 생활권과 인접 지역을 기준으로 위치 정보를 정리했습니다. 익산 웅포면 출장마사지 이용 전 이동 범위와 가까운 지역을 확인해 보세요.","웅포면을 중심으로 주거·상업 생활권과 주변 이동 동선을 정리했습니다. 가까운 지역과 이용 범위를 비교하고 위치 선택에 참고할 수 있습니다.","1","1","1","0"
"동읍면랜딩","massage/춘포면-출장마사지-익산-생활권-지역정보-이용안내/index.html","변경후보","춘포면 출장마사지 | 익산 면 생활권·지역 안내 | 몽라운지","춘포면 지역 이용 정보 | 익산 생활권·위치 안내 | 몽라운지","춘포면에서 오가는 주요 생활권과 주변 지역을 살펴보기 쉽도록 구성했습니다. 익산 춘포면 출장마사지 이용 전 현재 위치와 지역 범위를 비교할 수 있습니다.","춘포면 생활권에서 출장마사지 이용 전 확인할 수 있는 위치 범위와 인접 지역 정보를 정리했습니다. 익산 주변 이동 동선과 가까운 생활권을 함께 확인해보세요.","1","0","1","1"
"동읍면랜딩","massage/함라면-출장마사지-익산-생활권-지역정보-이용안내/index.html","변경후보","함라면 출장마사지 | 익산 면 생활권·지역 안내 | 몽라운지","함라면 지역 이용 정보 | 익산 생활권·위치 안내 | 몽라운지","함라면 생활권에서 인접 읍·면·동과의 연결을 확인하기 쉽도록 지역 안내를 정리했습니다. 익산 함라면 출장마사지 이용 전 위치 선택에 참고하세요.","함라면 생활권에서 출장마사지 이용 전 확인할 수 있는 위치 범위와 인접 지역 정보를 정리했습니다. 익산 주변 이동 동선과 가까운 생활권을 함께 확인해보세요.","1","0","1","1"
"동읍면랜딩","massage/황등면-출장마사지-익산-생활권-지역정보-이용안내/index.html","변경후보","황등면 출장마사지 | 익산 면 생활권·지역 안내 | 몽라운지","황등면 지역 이용 정보 | 익산 생활권·위치 안내 | 몽라운지","황등면을 중심으로 주변 생활권과 이동 방향을 확인할 수 있도록 기본 지역 정보를 구성했습니다. 익산 황등면 출장마사지 이용 전 가까운 범위를 살펴보세요.","황등면 생활권에서 출장마사지 이용 전 확인할 수 있는 위치 범위와 인접 지역 정보를 정리했습니다. 익산 주변 이동 동선과 가까운 생활권을 함께 확인해보세요.","1","0","1","1"
"동읍면랜딩","massage/함열읍-출장마사지-익산-생활권-지역정보-이용안내/index.html","변경후보","함열읍 출장마사지 | 익산 읍 생활권·지역 안내 | 몽라운지","함열읍 생활권 안내 | 익산 인접 지역·이동 정보 | 몽라운지","함열읍 주변의 주거·상업 생활권과 인접 지역을 기준으로 위치를 확인할 수 있습니다. 익산 함열읍 출장마사지 이용 전 이동 동선을 확인해 보세요.","함열읍 주변 생활권과 인접 지역을 기준으로 현재 위치와 이동 범위를 확인할 수 있도록 정리했습니다. 익산 지역에서 이용 가능한 범위를 비교할 때 참고하세요.","1","0","1","0"
"동읍면랜딩","massage/교동면-출장마사지-인천-강화군-생활권-지역정보-이용안내/index.html","변경후보","교동면 출장마사지 | 인천 강화군 면 생활권·지역 안내 | 몽라운지","교동면 지역 이용 정보 | 인천 강화군 생활권·위치 안내 | 몽라운지","교동면 지역에서 현재 위치와 가까운 생활권을 찾기 쉽도록 지역 정보를 정리했습니다. 인천 강화군 교동면 출장마사지 이용 전 지역 범위를 확인할 수 있습니다.","교동면 생활권에서 출장마사지 이용 전 확인할 수 있는 위치 범위와 인접 지역 정보를 정리했습니다. 인천 강화군 주변 이동 동선과 가까운 생활권을 함께 확인해보세요.","1","0","1","1"
"동읍면랜딩","massage/길상면-출장마사지-인천-강화군-생활권-지역정보-이용안내/index.html","변경후보","길상면 출장마사지 | 인천 강화군 면 생활권·지역 안내 | 몽라운지","길상면 지역 이용 정보 | 인천 강화군 생활권·위치 안내 | 몽라운지","길상면 주변 생활권과 인접 지역을 기준으로 위치 정보를 정리했습니다. 인천 강화군 길상면 출장마사지 이용 전 이동 범위와 가까운 지역을 확인해 보세요.","길상면 생활권에서 출장마사지 이용 전 확인할 수 있는 위치 범위와 인접 지역 정보를 정리했습니다. 인천 강화군 주변 이동 동선과 가까운 생활권을 함께 확인해보세요.","1","0","1","1"
"동읍면랜딩","massage/내가면-출장마사지-인천-강화군-생활권-지역정보-이용안내/index.html","변경후보","내가면 출장마사지 | 인천 강화군 면 생활권·지역 안내 | 몽라운지","내가면 생활권 안내 | 인천 강화군 인접 지역·이동 정보 | 몽라운지","내가면에서 오가는 주요 생활권과 주변 지역을 살펴보기 쉽도록 구성했습니다. 인천 강화군 내가면 출장마사지 이용 전 현재 위치와 지역 범위를 비교할 수 있습니다.","내가면 주변 생활권과 인접 지역을 기준으로 현재 위치와 이동 범위를 확인할 수 있도록 정리했습니다. 인천 강화군 지역에서 이용 가능한 범위를 비교할 때 참고하세요.","1","0","1","0"
"동읍면랜딩","massage/불은면-출장마사지-인천-강화군-생활권-지역정보-이용안내/index.html","변경후보","불은면 출장마사지 | 인천 강화군 면 생활권·지역 안내 | 몽라운지","불은면 지역 이용 정보 | 인천 강화군 생활권·위치 안내 | 몽라운지","불은면 생활권에서 인접 읍·면·동과의 연결을 확인하기 쉽도록 지역 안내를 정리했습니다. 인천 강화군 불은면 출장마사지 이용 전 위치 선택에 참고하세요.","불은면 생활권에서 출장마사지 이용 전 확인할 수 있는 위치 범위와 인접 지역 정보를 정리했습니다. 인천 강화군 주변 이동 동선과 가까운 생활권을 함께 확인해보세요.","1","0","1","1"
"동읍면랜딩","massage/삼산면-출장마사지-인천-강화군-생활권-지역정보-이용안내/index.html","변경후보","삼산면 출장마사지 | 인천 강화군 면 생활권·지역 안내 | 몽라운지","인천 강화군 삼산면 지역 안내 | 출장마사지 이용 범위·생활권 정보 | 몽라운지","삼산면을 중심으로 주변 생활권과 이동 방향을 확인할 수 있도록 기본 지역 정보를 구성했습니다. 인천 강화군 삼산면 출장마사지 이용 전 가까운 범위를 살펴보세요.","삼산면을 중심으로 주거·상업 생활권과 주변 이동 동선을 정리했습니다. 가까운 지역과 이용 범위를 비교하고 위치 선택에 참고할 수 있습니다.","1","1","1","0"
"동읍면랜딩","massage/서도면-출장마사지-인천-강화군-생활권-지역정보-이용안내/index.html","변경후보","서도면 출장마사지 | 인천 강화군 면 생활권·지역 안내 | 몽라운지","서도면 지역 이용 정보 | 인천 강화군 생활권·위치 안내 | 몽라운지","서도면 주변의 주거·상업 생활권과 인접 지역을 기준으로 위치를 확인할 수 있습니다. 인천 강화군 서도면 출장마사지 이용 전 이동 동선을 확인해 보세요.","서도면 생활권에서 출장마사지 이용 전 확인할 수 있는 위치 범위와 인접 지역 정보를 정리했습니다. 인천 강화군 주변 이동 동선과 가까운 생활권을 함께 확인해보세요.","1","0","1","1"
"동읍면랜딩","massage/선원면-출장마사지-인천-강화군-생활권-지역정보-이용안내/index.html","변경후보","선원면 출장마사지 | 인천 강화군 면 생활권·지역 안내 | 몽라운지","선원면 생활권 안내 | 인천 강화군 인접 지역·이동 정보 | 몽라운지","선원면 지역에서 현재 위치와 가까운 생활권을 찾기 쉽도록 지역 정보를 정리했습니다. 인천 강화군 선원면 출장마사지 이용 전 지역 범위를 확인할 수 있습니다.","선원면 주변 생활권과 인접 지역을 기준으로 현재 위치와 이동 범위를 확인할 수 있도록 정리했습니다. 인천 강화군 지역에서 이용 가능한 범위를 비교할 때 참고하세요.","1","0","1","0"
"동읍면랜딩","massage/송해면-출장마사지-인천-강화군-생활권-지역정보-이용안내/index.html","변경후보","송해면 출장마사지 | 인천 강화군 면 생활권·지역 안내 | 몽라운지","송해면 출장마사지 | 인천 강화군 생활권·인접 지역 안내 | 몽라운지","송해면 주변 생활권과 인접 지역을 기준으로 위치 정보를 정리했습니다. 인천 강화군 송해면 출장마사지 이용 전 이동 범위와 가까운 지역을 확인해 보세요.","송해면에서 오가는 주요 생활권과 주변 지역 정보를 한눈에 확인할 수 있도록 구성했습니다. 인천 강화군 내 현재 위치와 인접 지역의 이동 범위를 살펴보세요.","1","1","1","0"
"동읍면랜딩","massage/양도면-출장마사지-인천-강화군-생활권-지역정보-이용안내/index.html","변경후보","양도면 출장마사지 | 인천 강화군 면 생활권·지역 안내 | 몽라운지","양도면 출장마사지 | 인천 강화군 생활권·인접 지역 안내 | 몽라운지","양도면에서 오가는 주요 생활권과 주변 지역을 살펴보기 쉽도록 구성했습니다. 인천 강화군 양도면 출장마사지 이용 전 현재 위치와 지역 범위를 비교할 수 있습니다.","양도면에서 오가는 주요 생활권과 주변 지역 정보를 한눈에 확인할 수 있도록 구성했습니다. 인천 강화군 내 현재 위치와 인접 지역의 이동 범위를 살펴보세요.","1","1","1","0"
"동읍면랜딩","massage/양사면-출장마사지-인천-강화군-생활권-지역정보-이용안내/index.html","변경후보","양사면 출장마사지 | 인천 강화군 면 생활권·지역 안내 | 몽라운지","양사면 출장마사지 | 인천 강화군 생활권·인접 지역 안내 | 몽라운지","양사면 생활권에서 인접 읍·면·동과의 연결을 확인하기 쉽도록 지역 안내를 정리했습니다. 인천 강화군 양사면 출장마사지 이용 전 위치 선택에 참고하세요.","양사면에서 오가는 주요 생활권과 주변 지역 정보를 한눈에 확인할 수 있도록 구성했습니다. 인천 강화군 내 현재 위치와 인접 지역의 이동 범위를 살펴보세요.","1","1","1","0"
"동읍면랜딩","massage/하점면-출장마사지-인천-강화군-생활권-지역정보-이용안내/index.html","변경후보","하점면 출장마사지 | 인천 강화군 면 생활권·지역 안내 | 몽라운지","하점면 지역 이용 정보 | 인천 강화군 생활권·위치 안내 | 몽라운지","하점면을 중심으로 주변 생활권과 이동 방향을 확인할 수 있도록 기본 지역 정보를 구성했습니다. 인천 강화군 하점면 출장마사지 이용 전 가까운 범위를 살펴보세요.","하점면 생활권에서 출장마사지 이용 전 확인할 수 있는 위치 범위와 인접 지역 정보를 정리했습니다. 인천 강화군 주변 이동 동선과 가까운 생활권을 함께 확인해보세요.","1","0","1","1"
"동읍면랜딩","massage/화도면-출장마사지-인천-강화군-생활권-지역정보-이용안내/index.html","변경후보","화도면 출장마사지 | 인천 강화군 면 생활권·지역 안내 | 몽라운지","인천 강화군 화도면 지역 안내 | 출장마사지 이용 범위·생활권 정보 | 몽라운지","화도면 주변의 주거·상업 생활권과 인접 지역을 기준으로 위치를 확인할 수 있습니다. 인천 강화군 화도면 출장마사지 이용 전 이동 동선을 확인해 보세요.","화도면을 중심으로 주거·상업 생활권과 주변 이동 동선을 정리했습니다. 가까운 지역과 이용 범위를 비교하고 위치 선택에 참고할 수 있습니다.","1","1","1","0"
"동랜딩","massage/안성동-출장마사지-안성시-생활권-이동동선-지역정보-이용전-안내/index.html","변경후보","안성동 출장마사지 | 경기 안성시 생활권·지역 이용 안내 | 몽라운지","안성동 지역 이용 안내 | 경기 안성시 생활권·지역 이용 안내 | 몽라운지","안성동 생활권에서 현재 위치와 인접 동을 확인하기 쉽도록 지역 정보를 구성했습니다. 경기 안성시 안성동 출장마사지 이용 전 위치와 지역 범위를 살펴볼 수 있습니다.","안성동 생활권에서 현재 위치와 인접 동을 확인하기 쉽도록 지역 정보를 구성했습니다. 경기 안성시 안성동 출장마사지 이용 전 위치와 지역 범위를 살펴볼 수 있습니다.","1","0","1","1"
"동읍면랜딩","massage/강화읍-출장마사지-인천-강화군-생활권-지역정보-이용안내/index.html","변경후보","강화읍 출장마사지 | 인천 강화군 읍 생활권·지역 안내 | 몽라운지","강화읍 생활권 안내 | 인천 강화군 인접 지역·이동 정보 | 몽라운지","강화읍 지역에서 현재 위치와 가까운 생활권을 찾기 쉽도록 지역 정보를 정리했습니다. 인천 강화군 강화읍 출장마사지 이용 전 지역 범위를 확인할 수 있습니다.","강화읍 주변 생활권과 인접 지역을 기준으로 현재 위치와 이동 범위를 확인할 수 있도록 정리했습니다. 인천 강화군 지역에서 이용 가능한 범위를 비교할 때 참고하세요.","1","0","1","0"
"동읍면랜딩","massage/대청면-출장마사지-인천-옹진군-생활권-지역정보-이용안내/index.html","변경후보","대청면 출장마사지 | 인천 옹진군 면 생활권·지역 안내 | 몽라운지","대청면 출장마사지 | 인천 옹진군 생활권·인접 지역 안내 | 몽라운지","대청면 주변 생활권과 인접 지역을 기준으로 위치 정보를 정리했습니다. 인천 옹진군 대청면 출장마사지 이용 전 이동 범위와 가까운 지역을 확인해 보세요.","대청면에서 오가는 주요 생활권과 주변 지역 정보를 한눈에 확인할 수 있도록 구성했습니다. 인천 옹진군 내 현재 위치와 인접 지역의 이동 범위를 살펴보세요.","1","1","1","0"
"동읍면랜딩","massage/덕적면-출장마사지-인천-옹진군-생활권-지역정보-이용안내/index.html","변경후보","덕적면 출장마사지 | 인천 옹진군 면 생활권·지역 안내 | 몽라운지","덕적면 출장마사지 | 인천 옹진군 생활권·인접 지역 안내 | 몽라운지","덕적면에서 오가는 주요 생활권과 주변 지역을 살펴보기 쉽도록 구성했습니다. 인천 옹진군 덕적면 출장마사지 이용 전 현재 위치와 지역 범위를 비교할 수 있습니다.","덕적면에서 오가는 주요 생활권과 주변 지역 정보를 한눈에 확인할 수 있도록 구성했습니다. 인천 옹진군 내 현재 위치와 인접 지역의 이동 범위를 살펴보세요.","1","1","1","0"
"동읍면랜딩","massage/백령면-출장마사지-인천-옹진군-생활권-지역정보-이용안내/index.html","변경후보","백령면 출장마사지 | 인천 옹진군 면 생활권·지역 안내 | 몽라운지","백령면 생활권 안내 | 인천 옹진군 인접 지역·이동 정보 | 몽라운지","백령면 생활권에서 인접 읍·면·동과의 연결을 확인하기 쉽도록 지역 안내를 정리했습니다. 인천 옹진군 백령면 출장마사지 이용 전 위치 선택에 참고하세요.","백령면 주변 생활권과 인접 지역을 기준으로 현재 위치와 이동 범위를 확인할 수 있도록 정리했습니다. 인천 옹진군 지역에서 이용 가능한 범위를 비교할 때 참고하세요.","1","0","1","0"
"동읍면랜딩","massage/북도면-출장마사지-인천-옹진군-생활권-지역정보-이용안내/index.html","변경후보","북도면 출장마사지 | 인천 옹진군 면 생활권·지역 안내 | 몽라운지","북도면 생활권 안내 | 인천 옹진군 인접 지역·이동 정보 | 몽라운지","북도면을 중심으로 주변 생활권과 이동 방향을 확인할 수 있도록 기본 지역 정보를 구성했습니다. 인천 옹진군 북도면 출장마사지 이용 전 가까운 범위를 살펴보세요.","북도면 주변 생활권과 인접 지역을 기준으로 현재 위치와 이동 범위를 확인할 수 있도록 정리했습니다. 인천 옹진군 지역에서 이용 가능한 범위를 비교할 때 참고하세요.","1","0","1","0"
"동읍면랜딩","massage/연평면-출장마사지-인천-옹진군-생활권-지역정보-이용안내/index.html","변경후보","연평면 출장마사지 | 인천 옹진군 면 생활권·지역 안내 | 몽라운지","연평면 생활권 안내 | 인천 옹진군 인접 지역·이동 정보 | 몽라운지","연평면 주변의 주거·상업 생활권과 인접 지역을 기준으로 위치를 확인할 수 있습니다. 인천 옹진군 연평면 출장마사지 이용 전 이동 동선을 확인해 보세요.","연평면 주변 생활권과 인접 지역을 기준으로 현재 위치와 이동 범위를 확인할 수 있도록 정리했습니다. 인천 옹진군 지역에서 이용 가능한 범위를 비교할 때 참고하세요.","1","0","1","0"
"동읍면랜딩","massage/영흥면-출장마사지-인천-옹진군-생활권-지역정보-이용안내/index.html","변경후보","영흥면 출장마사지 | 인천 옹진군 면 생활권·지역 안내 | 몽라운지","영흥면 생활권 안내 | 인천 옹진군 인접 지역·이동 정보 | 몽라운지","영흥면 지역에서 현재 위치와 가까운 생활권을 찾기 쉽도록 지역 정보를 정리했습니다. 인천 옹진군 영흥면 출장마사지 이용 전 지역 범위를 확인할 수 있습니다.","영흥면 주변 생활권과 인접 지역을 기준으로 현재 위치와 이동 범위를 확인할 수 있도록 정리했습니다. 인천 옹진군 지역에서 이용 가능한 범위를 비교할 때 참고하세요.","1","0","1","0"
"동읍면랜딩","massage/자월면-출장마사지-인천-옹진군-생활권-지역정보-이용안내/index.html","변경후보","자월면 출장마사지 | 인천 옹진군 면 생활권·지역 안내 | 몽라운지","인천 옹진군 자월면 지역 안내 | 출장마사지 이용 범위·생활권 정보 | 몽라운지","자월면 주변 생활권과 인접 지역을 기준으로 위치 정보를 정리했습니다. 인천 옹진군 자월면 출장마사지 이용 전 이동 범위와 가까운 지역을 확인해 보세요.","자월면을 중심으로 주거·상업 생활권과 주변 이동 동선을 정리했습니다. 가까운 지역과 이용 범위를 비교하고 위치 선택에 참고할 수 있습니다.","1","1","1","0"
"동읍면랜딩","massage/구산면-출장마사지-창원-마산합포구-생활권-지역정보-이용안내/index.html","변경후보","구산면 출장마사지 | 창원 마산합포구 면 생활권·지역 안내 | 몽라운지","창원 마산합포구 구산면 지역 안내 | 출장마사지 이용 범위·생활권 정보 | 몽라운지","구산면에서 오가는 주요 생활권과 주변 지역을 살펴보기 쉽도록 구성했습니다. 창원 마산합포구 구산면 출장마사지 이용 전 현재 위치와 지역 범위를 비교할 수 있습니다.","구산면을 중심으로 주거·상업 생활권과 주변 이동 동선을 정리했습니다. 가까운 지역과 이용 범위를 비교하고 위치 선택에 참고할 수 있습니다.","1","1","1","0"
"동읍면랜딩","massage/진동면-출장마사지-창원-마산합포구-생활권-지역정보-이용안내/index.html","변경후보","진동면 출장마사지 | 창원 마산합포구 면 생활권·지역 안내 | 몽라운지","진동면 출장마사지 | 창원 마산합포구 생활권·인접 지역 안내 | 몽라운지","진동면 생활권에서 인접 읍·면·동과의 연결을 확인하기 쉽도록 지역 안내를 정리했습니다. 창원 마산합포구 진동면 출장마사지 이용 전 위치 선택에 참고하세요.","진동면에서 오가는 주요 생활권과 주변 지역 정보를 한눈에 확인할 수 있도록 구성했습니다. 창원 마산합포구 내 현재 위치와 인접 지역의 이동 범위를 살펴보세요.","1","1","1","0"
"동읍면랜딩","massage/진북면-출장마사지-창원-마산합포구-생활권-지역정보-이용안내/index.html","변경후보","진북면 출장마사지 | 창원 마산합포구 면 생활권·지역 안내 | 몽라운지","창원 마산합포구 진북면 지역 안내 | 출장마사지 이용 범위·생활권 정보 | 몽라운지","진북면을 중심으로 주변 생활권과 이동 방향을 확인할 수 있도록 기본 지역 정보를 구성했습니다. 창원 마산합포구 진북면 출장마사지 이용 전 가까운 범위를 살펴보세요.","진북면을 중심으로 주거·상업 생활권과 주변 이동 동선을 정리했습니다. 가까운 지역과 이용 범위를 비교하고 위치 선택에 참고할 수 있습니다.","1","1","1","0"
"동읍면랜딩","massage/진전면-출장마사지-창원-마산합포구-생활권-지역정보-이용안내/index.html","변경후보","진전면 출장마사지 | 창원 마산합포구 면 생활권·지역 안내 | 몽라운지","진전면 지역 이용 정보 | 창원 마산합포구 생활권·위치 안내 | 몽라운지","진전면 주변의 주거·상업 생활권과 인접 지역을 기준으로 위치를 확인할 수 있습니다. 창원 마산합포구 진전면 출장마사지 이용 전 이동 동선을 확인해 보세요.","진전면 생활권에서 출장마사지 이용 전 확인할 수 있는 위치 범위와 인접 지역 정보를 정리했습니다. 창원 마산합포구 주변 이동 동선과 가까운 생활권을 함께 확인해보세요.","1","0","1","1"
"동읍면랜딩","massage/내서읍-출장마사지-창원-마산회원구-생활권-지역정보-이용안내/index.html","변경후보","내서읍 출장마사지 | 창원 마산회원구 읍 생활권·지역 안내 | 몽라운지","내서읍 출장마사지 | 창원 마산회원구 생활권·인접 지역 안내 | 몽라운지","내서읍 지역에서 현재 위치와 가까운 생활권을 찾기 쉽도록 지역 정보를 정리했습니다. 창원 마산회원구 내서읍 출장마사지 이용 전 지역 범위를 확인할 수 있습니다.","내서읍에서 오가는 주요 생활권과 주변 지역 정보를 한눈에 확인할 수 있도록 구성했습니다. 창원 마산회원구 내 현재 위치와 인접 지역의 이동 범위를 살펴보세요.","1","1","1","0"
"동읍면랜딩","massage/대산면-출장마사지-창원-의창구-생활권-지역정보-이용안내/index.html","변경후보","대산면 출장마사지 | 창원 의창구 면 생활권·지역 안내 | 몽라운지","대산면 생활권 안내 | 창원 의창구 인접 지역·이동 정보 | 몽라운지","대산면 주변 생활권과 인접 지역을 기준으로 위치 정보를 정리했습니다. 창원 의창구 대산면 출장마사지 이용 전 이동 범위와 가까운 지역을 확인해 보세요.","대산면 주변 생활권과 인접 지역을 기준으로 현재 위치와 이동 범위를 확인할 수 있도록 정리했습니다. 창원 의창구 지역에서 이용 가능한 범위를 비교할 때 참고하세요.","1","0","1","0"
"동읍면랜딩","massage/북면-출장마사지-창원-의창구-생활권-지역정보-이용안내/index.html","변경후보","북면 출장마사지 | 창원 의창구 면 생활권·지역 안내 | 몽라운지","창원 의창구 북면 지역 안내 | 출장마사지 이용 범위·생활권 정보 | 몽라운지","북면에서 오가는 주요 생활권과 주변 지역을 살펴보기 쉽도록 구성했습니다. 창원 의창구 북면 출장마사지 이용 전 현재 위치와 지역 범위를 비교할 수 있습니다.","북면을 중심으로 주거·상업 생활권과 주변 이동 동선을 정리했습니다. 가까운 지역과 이용 범위를 비교하고 위치 선택에 참고할 수 있습니다.","1","1","1","0"
"동읍면랜딩","massage/동읍-출장마사지-창원-의창구-생활권-지역정보-이용안내/index.html","변경후보","동읍 출장마사지 | 창원 의창구 읍 생활권·지역 안내 | 몽라운지","동읍 생활권 안내 | 창원 의창구 인접 지역·이동 정보 | 몽라운지","동읍 생활권에서 인접 읍·면·동과의 연결을 확인하기 쉽도록 지역 안내를 정리했습니다. 창원 의창구 동읍 출장마사지 이용 전 위치 선택에 참고하세요.","동읍 주변 생활권과 인접 지역을 기준으로 현재 위치와 이동 범위를 확인할 수 있도록 정리했습니다. 창원 의창구 지역에서 이용 가능한 범위를 비교할 때 참고하세요.","1","0","1","0"
"동읍면랜딩","massage/광덕면-출장마사지-천안-동남구-생활권-지역정보-이용안내/index.html","변경후보","광덕면 출장마사지 | 천안 동남구 면 생활권·지역 안내 | 몽라운지","광덕면 생활권 안내 | 천안 동남구 인접 지역·이동 정보 | 몽라운지","광덕면을 중심으로 주변 생활권과 이동 방향을 확인할 수 있도록 기본 지역 정보를 구성했습니다. 천안 동남구 광덕면 출장마사지 이용 전 가까운 범위를 살펴보세요.","광덕면 주변 생활권과 인접 지역을 기준으로 현재 위치와 이동 범위를 확인할 수 있도록 정리했습니다. 천안 동남구 지역에서 이용 가능한 범위를 비교할 때 참고하세요.","1","0","1","0"
"동읍면랜딩","massage/동면-출장마사지-천안-동남구-생활권-지역정보-이용안내/index.html","변경후보","동면 출장마사지 | 천안 동남구 면 생활권·지역 안내 | 몽라운지","동면 지역 이용 정보 | 천안 동남구 생활권·위치 안내 | 몽라운지","동면 주변의 주거·상업 생활권과 인접 지역을 기준으로 위치를 확인할 수 있습니다. 천안 동남구 동면 출장마사지 이용 전 이동 동선을 확인해 보세요.","동면 생활권에서 출장마사지 이용 전 확인할 수 있는 위치 범위와 인접 지역 정보를 정리했습니다. 천안 동남구 주변 이동 동선과 가까운 생활권을 함께 확인해보세요.","1","0","1","1"
"동읍면랜딩","massage/병천면-출장마사지-천안-동남구-생활권-지역정보-이용안내/index.html","변경후보","병천면 출장마사지 | 천안 동남구 면 생활권·지역 안내 | 몽라운지","천안 동남구 병천면 지역 안내 | 출장마사지 이용 범위·생활권 정보 | 몽라운지","병천면 지역에서 현재 위치와 가까운 생활권을 찾기 쉽도록 지역 정보를 정리했습니다. 천안 동남구 병천면 출장마사지 이용 전 지역 범위를 확인할 수 있습니다.","병천면을 중심으로 주거·상업 생활권과 주변 이동 동선을 정리했습니다. 가까운 지역과 이용 범위를 비교하고 위치 선택에 참고할 수 있습니다.","1","1","1","0"
"동읍면랜딩","massage/북면-출장마사지-천안-동남구-생활권-지역정보-이용안내/index.html","변경후보","북면 출장마사지 | 천안 동남구 면 생활권·지역 안내 | 몽라운지","북면 출장마사지 | 천안 동남구 생활권·인접 지역 안내 | 몽라운지","북면 주변 생활권과 인접 지역을 기준으로 위치 정보를 정리했습니다. 천안 동남구 북면 출장마사지 이용 전 이동 범위와 가까운 지역을 확인해 보세요.","북면에서 오가는 주요 생활권과 주변 지역 정보를 한눈에 확인할 수 있도록 구성했습니다. 천안 동남구 내 현재 위치와 인접 지역의 이동 범위를 살펴보세요.","1","1","1","0"
"동랜딩","massage/양주동-출장마사지-양주시-생활권-이동동선-지역정보-이용전-안내/index.html","변경후보","양주동 출장마사지 | 경기 양주시 생활권·지역 이용 안내 | 몽라운지","양주동 출장마사지 | 경기 양주시 생활권·지역 이용 안내 | 몽라운지","양주동 지역에서 현재 위치를 설명하고 가까운 생활권을 찾기 쉽도록 기본 정보를 구성했습니다. 경기 양주시 양주동 출장마사지 이용 전 지역 선택에 참고하세요.","양주동 지역에서 현재 위치를 설명하고 가까운 생활권을 찾기 쉽도록 기본 정보를 구성했습니다. 경기 양주시 양주동 생활권 이용 이용 전 지역 선택에 참고하세요.","1","1","1","0"
"동랜딩","massage/옥정동-출장마사지-양주시-생활권-이동동선-지역정보-이용전-안내/index.html","변경후보","옥정동 출장마사지 | 경기 양주시 생활권·지역 이용 안내 | 몽라운지","옥정동 지역 이용 안내 | 경기 양주시 생활권·지역 이용 안내 | 몽라운지","옥정동 주변 생활권과 이동 흐름을 먼저 살펴보고 현재 위치를 확인하기 좋은 기준을 정리했습니다. 경기 양주시 옥정동 출장마사지 이용 전 지역 범위를 확인해 보세요.","옥정동 주변 생활권과 이동 흐름을 먼저 살펴보고 현재 위치를 확인하기 좋은 기준을 정리했습니다. 경기 양주시 옥정동 출장마사지 이용 전 지역 범위를 확인해 보세요.","1","0","1","1"
"동랜딩","massage/회천동-출장마사지-양주시-생활권-이동동선-지역정보-이용전-안내/index.html","변경후보","회천동 출장마사지 | 경기 양주시 생활권·지역 이용 안내 | 몽라운지","회천동 지역 이용 안내 | 경기 양주시 생활권·지역 이용 안내 | 몽라운지","자주 오가는 생활권을 기준으로 위치와 인접 지역을 정리했습니다. 경기 양주시 회천동 출장마사지 이용 전 가까운 범위와 이동 방향을 비교해 보세요.","자주 오가는 생활권을 기준으로 위치와 인접 지역을 정리했습니다. 경기 양주시 회천동 출장마사지 이용 전 가까운 범위와 이동 방향을 비교해 보세요.","1","0","1","1"
"동랜딩","massage/여흥동-출장마사지-여주시-생활권-이동동선-지역정보-이용전-안내/index.html","변경후보","여흥동 출장마사지 | 경기 여주시 생활권·지역 이용 안내 | 몽라운지","여흥동 지역 이용 안내 | 경기 여주시 생활권·지역 이용 안내 | 몽라운지","여흥동 생활권에서 현재 위치와 인접 동을 확인하기 쉽도록 지역 정보를 구성했습니다. 경기 여주시 여흥동 출장마사지 이용 전 위치와 지역 범위를 살펴볼 수 있습니다.","여흥동 생활권에서 현재 위치와 인접 동을 확인하기 쉽도록 지역 정보를 구성했습니다. 경기 여주시 여흥동 출장마사지 이용 전 위치와 지역 범위를 살펴볼 수 있습니다.","1","0","1","1"
"동랜딩","massage/오학동-출장마사지-여주시-생활권-이동동선-지역정보-이용전-안내/index.html","변경후보","오학동 출장마사지 | 경기 여주시 생활권·지역 이용 안내 | 몽라운지","오학동 지역 이용 안내 | 경기 여주시 생활권·지역 이용 안내 | 몽라운지","중심으로 주변 생활권과 이동 방향을 확인할 수 있도록 정리했습니다. 경기 여주시 오학동 출장마사지 이용 전 현재 위치와 가까운 지역을 확인해 보세요.","중심으로 주변 생활권과 이동 방향을 확인할 수 있도록 정리했습니다. 경기 여주시 오학동 출장마사지 이용 전 현재 위치와 가까운 지역을 확인해 보세요.","1","0","1","1"
"동랜딩","massage/중앙동-출장마사지-여주시-생활권-이동동선-지역정보-이용전-안내/index.html","변경후보","중앙동 출장마사지 | 경기 여주시 생활권·지역 이용 안내 | 몽라운지","중앙동 생활권 안내 | 경기 여주시 생활권·지역 이용 안내 | 몽라운지","중앙동 주변의 주거·업무 생활권과 인접 지역을 기준으로 위치 정보를 정리했습니다. 경기 여주시 중앙동 출장마사지 이용 전 이동 범위를 확인할 수 있습니다.","중앙동 주변의 주거·업무 생활권과 인접 지역을 기준으로 위치 정보를 정리했습니다. 경기 여주시 중앙동 지역 이용 이용 전 이동 범위를 확인할 수 있습니다.","1","0","1","0"
"동랜딩","massage/남촌동-출장마사지-오산시-생활권-이동동선-지역정보-이용전-안내/index.html","변경후보","남촌동 출장마사지 | 경기 오산시 생활권·지역 이용 안내 | 몽라운지","남촌동 지역 이용 안내 | 경기 오산시 생활권·지역 이용 안내 | 몽라운지","남촌동 지역에서 현재 위치를 설명하고 가까운 생활권을 찾기 쉽도록 기본 정보를 구성했습니다. 경기 오산시 남촌동 출장마사지 이용 전 지역 선택에 참고하세요.","남촌동 지역에서 현재 위치를 설명하고 가까운 생활권을 찾기 쉽도록 기본 정보를 구성했습니다. 경기 오산시 남촌동 출장마사지 이용 전 지역 선택에 참고하세요.","1","0","1","1"
"동랜딩","massage/대원동-출장마사지-오산시-생활권-이동동선-지역정보-이용전-안내/index.html","변경후보","대원동 출장마사지 | 경기 오산시 생활권·지역 이용 안내 | 몽라운지","대원동 지역 이용 안내 | 경기 오산시 생활권·지역 이용 안내 | 몽라운지","대원동 주변 생활권과 이동 흐름을 먼저 살펴보고 현재 위치를 확인하기 좋은 기준을 정리했습니다. 경기 오산시 대원동 출장마사지 이용 전 지역 범위를 확인해 보세요.","대원동 주변 생활권과 이동 흐름을 먼저 살펴보고 현재 위치를 확인하기 좋은 기준을 정리했습니다. 경기 오산시 대원동 출장마사지 이용 전 지역 범위를 확인해 보세요.","1","0","1","1"
"동랜딩","massage/세마동-출장마사지-오산시-생활권-이동동선-지역정보-이용전-안내/index.html","변경후보","세마동 출장마사지 | 경기 오산시 생활권·지역 이용 안내 | 몽라운지","세마동 생활권 안내 | 경기 오산시 생활권·지역 이용 안내 | 몽라운지","자주 오가는 생활권을 기준으로 위치와 인접 지역을 정리했습니다. 경기 오산시 세마동 출장마사지 이용 전 가까운 범위와 이동 방향을 비교해 보세요.","자주 오가는 생활권을 기준으로 위치와 인접 지역을 정리했습니다. 경기 오산시 세마동 지역 이용 이용 전 가까운 범위와 이동 방향을 비교해 보세요.","1","0","1","0"
"동랜딩","massage/신장동-출장마사지-오산시-생활권-이동동선-지역정보-이용전-안내/index.html","변경후보","신장동 출장마사지 | 경기 오산시 생활권·지역 이용 안내 | 몽라운지","신장동 출장마사지 | 경기 오산시 생활권·지역 이용 안내 | 몽라운지","신장동 생활권에서 현재 위치와 인접 동을 확인하기 쉽도록 지역 정보를 구성했습니다. 경기 오산시 신장동 출장마사지 이용 전 위치와 지역 범위를 살펴볼 수 있습니다.","신장동 생활권에서 현재 위치와 인접 동을 확인하기 쉽도록 지역 정보를 구성했습니다. 경기 오산시 신장동 생활권 이용 이용 전 위치와 지역 범위를 살펴볼 수 있습니다.","1","1","1","0"
"동랜딩","massage/중앙동-출장마사지-오산시-생활권-이동동선-지역정보-이용전-안내/index.html","변경후보","중앙동 출장마사지 | 경기 오산시 생활권·지역 이용 안내 | 몽라운지","중앙동 지역 이용 안내 | 경기 오산시 생활권·지역 이용 안내 | 몽라운지","중심으로 주변 생활권과 이동 방향을 확인할 수 있도록 정리했습니다. 경기 오산시 중앙동 출장마사지 이용 전 현재 위치와 가까운 지역을 확인해 보세요.","중심으로 주변 생활권과 이동 방향을 확인할 수 있도록 정리했습니다. 경기 오산시 중앙동 출장마사지 이용 전 현재 위치와 가까운 지역을 확인해 보세요.","1","0","1","1"
"동랜딩","massage/초평동-출장마사지-오산시-생활권-이동동선-지역정보-이용전-안내/index.html","변경후보","초평동 출장마사지 | 경기 오산시 생활권·지역 이용 안내 | 몽라운지","초평동 생활권 안내 | 경기 오산시 생활권·지역 이용 안내 | 몽라운지","초평동 주변의 주거·업무 생활권과 인접 지역을 기준으로 위치 정보를 정리했습니다. 경기 오산시 초평동 출장마사지 이용 전 이동 범위를 확인할 수 있습니다.","초평동 주변의 주거·업무 생활권과 인접 지역을 기준으로 위치 정보를 정리했습니다. 경기 오산시 초평동 지역 이용 이용 전 이동 범위를 확인할 수 있습니다.","1","0","1","0"
"동읍면랜딩","massage/성남면-출장마사지-천안-동남구-생활권-지역정보-이용안내/index.html","변경후보","성남면 출장마사지 | 천안 동남구 면 생활권·지역 안내 | 몽라운지","성남면 출장마사지 | 천안 동남구 생활권·인접 지역 안내 | 몽라운지","성남면에서 오가는 주요 생활권과 주변 지역을 살펴보기 쉽도록 구성했습니다. 천안 동남구 성남면 출장마사지 이용 전 현재 위치와 지역 범위를 비교할 수 있습니다.","성남면에서 오가는 주요 생활권과 주변 지역 정보를 한눈에 확인할 수 있도록 구성했습니다. 천안 동남구 내 현재 위치와 인접 지역의 이동 범위를 살펴보세요.","1","1","1","0"
"동읍면랜딩","massage/수신면-출장마사지-천안-동남구-생활권-지역정보-이용안내/index.html","변경후보","수신면 출장마사지 | 천안 동남구 면 생활권·지역 안내 | 몽라운지","수신면 지역 이용 정보 | 천안 동남구 생활권·위치 안내 | 몽라운지","수신면 생활권에서 인접 읍·면·동과의 연결을 확인하기 쉽도록 지역 안내를 정리했습니다. 천안 동남구 수신면 출장마사지 이용 전 위치 선택에 참고하세요.","수신면 생활권에서 출장마사지 이용 전 확인할 수 있는 위치 범위와 인접 지역 정보를 정리했습니다. 천안 동남구 주변 이동 동선과 가까운 생활권을 함께 확인해보세요.","1","0","1","1"
"동읍면랜딩","massage/풍세면-출장마사지-천안-동남구-생활권-지역정보-이용안내/index.html","변경후보","풍세면 출장마사지 | 천안 동남구 면 생활권·지역 안내 | 몽라운지","풍세면 생활권 안내 | 천안 동남구 인접 지역·이동 정보 | 몽라운지","풍세면을 중심으로 주변 생활권과 이동 방향을 확인할 수 있도록 기본 지역 정보를 구성했습니다. 천안 동남구 풍세면 출장마사지 이용 전 가까운 범위를 살펴보세요.","풍세면 주변 생활권과 인접 지역을 기준으로 현재 위치와 이동 범위를 확인할 수 있도록 정리했습니다. 천안 동남구 지역에서 이용 가능한 범위를 비교할 때 참고하세요.","1","0","1","0"
"동읍면랜딩","massage/목천읍-출장마사지-천안-동남구-생활권-지역정보-이용안내/index.html","변경후보","목천읍 출장마사지 | 천안 동남구 읍 생활권·지역 안내 | 몽라운지","목천읍 출장마사지 | 천안 동남구 생활권·인접 지역 안내 | 몽라운지","목천읍 주변의 주거·상업 생활권과 인접 지역을 기준으로 위치를 확인할 수 있습니다. 천안 동남구 목천읍 출장마사지 이용 전 이동 동선을 확인해 보세요.","목천읍에서 오가는 주요 생활권과 주변 지역 정보를 한눈에 확인할 수 있도록 구성했습니다. 천안 동남구 내 현재 위치와 인접 지역의 이동 범위를 살펴보세요.","1","1","1","0"
"동읍면랜딩","massage/입장면-출장마사지-천안-서북구-생활권-지역정보-이용안내/index.html","변경후보","입장면 출장마사지 | 천안 서북구 면 생활권·지역 안내 | 몽라운지","입장면 생활권 안내 | 천안 서북구 인접 지역·이동 정보 | 몽라운지","입장면 지역에서 현재 위치와 가까운 생활권을 찾기 쉽도록 지역 정보를 정리했습니다. 천안 서북구 입장면 출장마사지 이용 전 지역 범위를 확인할 수 있습니다.","입장면 주변 생활권과 인접 지역을 기준으로 현재 위치와 이동 범위를 확인할 수 있도록 정리했습니다. 천안 서북구 지역에서 이용 가능한 범위를 비교할 때 참고하세요.","1","0","1","0"
"동읍면랜딩","massage/성거읍-출장마사지-천안-서북구-생활권-지역정보-이용안내/index.html","변경후보","성거읍 출장마사지 | 천안 서북구 읍 생활권·지역 안내 | 몽라운지","성거읍 생활권 안내 | 천안 서북구 인접 지역·이동 정보 | 몽라운지","성거읍 주변 생활권과 인접 지역을 기준으로 위치 정보를 정리했습니다. 천안 서북구 성거읍 출장마사지 이용 전 이동 범위와 가까운 지역을 확인해 보세요.","성거읍 주변 생활권과 인접 지역을 기준으로 현재 위치와 이동 범위를 확인할 수 있도록 정리했습니다. 천안 서북구 지역에서 이용 가능한 범위를 비교할 때 참고하세요.","1","0","1","0"
"동읍면랜딩","massage/성환읍-출장마사지-천안-서북구-생활권-지역정보-이용안내/index.html","변경후보","성환읍 출장마사지 | 천안 서북구 읍 생활권·지역 안내 | 몽라운지","성환읍 지역 이용 정보 | 천안 서북구 생활권·위치 안내 | 몽라운지","성환읍에서 오가는 주요 생활권과 주변 지역을 살펴보기 쉽도록 구성했습니다. 천안 서북구 성환읍 출장마사지 이용 전 현재 위치와 지역 범위를 비교할 수 있습니다.","성환읍 생활권에서 출장마사지 이용 전 확인할 수 있는 위치 범위와 인접 지역 정보를 정리했습니다. 천안 서북구 주변 이동 동선과 가까운 생활권을 함께 확인해보세요.","1","0","1","1"
"동읍면랜딩","massage/직산읍-출장마사지-천안-서북구-생활권-지역정보-이용안내/index.html","변경후보","직산읍 출장마사지 | 천안 서북구 읍 생활권·지역 안내 | 몽라운지","직산읍 출장마사지 | 천안 서북구 생활권·인접 지역 안내 | 몽라운지","직산읍 생활권에서 인접 읍·면·동과의 연결을 확인하기 쉽도록 지역 안내를 정리했습니다. 천안 서북구 직산읍 출장마사지 이용 전 위치 선택에 참고하세요.","직산읍에서 오가는 주요 생활권과 주변 지역 정보를 한눈에 확인할 수 있도록 구성했습니다. 천안 서북구 내 현재 위치와 인접 지역의 이동 범위를 살펴보세요.","1","1","1","0"
"동읍면랜딩","massage/가덕면-출장마사지-청주-상당구-생활권-지역정보-이용안내/index.html","변경후보","가덕면 출장마사지 | 청주 상당구 면 생활권·지역 안내 | 몽라운지","청주 상당구 가덕면 지역 안내 | 출장마사지 이용 범위·생활권 정보 | 몽라운지","가덕면을 중심으로 주변 생활권과 이동 방향을 확인할 수 있도록 기본 지역 정보를 구성했습니다. 청주 상당구 가덕면 출장마사지 이용 전 가까운 범위를 살펴보세요.","가덕면을 중심으로 주거·상업 생활권과 주변 이동 동선을 정리했습니다. 가까운 지역과 이용 범위를 비교하고 위치 선택에 참고할 수 있습니다.","1","1","1","0"
"동읍면랜딩","massage/남일면-출장마사지-청주-상당구-생활권-지역정보-이용안내/index.html","변경후보","남일면 출장마사지 | 청주 상당구 면 생활권·지역 안내 | 몽라운지","남일면 생활권 안내 | 청주 상당구 인접 지역·이동 정보 | 몽라운지","남일면 주변의 주거·상업 생활권과 인접 지역을 기준으로 위치를 확인할 수 있습니다. 청주 상당구 남일면 출장마사지 이용 전 이동 동선을 확인해 보세요.","남일면 주변 생활권과 인접 지역을 기준으로 현재 위치와 이동 범위를 확인할 수 있도록 정리했습니다. 청주 상당구 지역에서 이용 가능한 범위를 비교할 때 참고하세요.","1","0","1","0"
"동읍면랜딩","massage/낭성면-출장마사지-청주-상당구-생활권-지역정보-이용안내/index.html","변경후보","낭성면 출장마사지 | 청주 상당구 면 생활권·지역 안내 | 몽라운지","청주 상당구 낭성면 지역 안내 | 출장마사지 이용 범위·생활권 정보 | 몽라운지","낭성면 지역에서 현재 위치와 가까운 생활권을 찾기 쉽도록 지역 정보를 정리했습니다. 청주 상당구 낭성면 출장마사지 이용 전 지역 범위를 확인할 수 있습니다.","낭성면을 중심으로 주거·상업 생활권과 주변 이동 동선을 정리했습니다. 가까운 지역과 이용 범위를 비교하고 위치 선택에 참고할 수 있습니다.","1","1","1","0"
"동읍면랜딩","massage/문의면-출장마사지-청주-상당구-생활권-지역정보-이용안내/index.html","변경후보","문의면 출장마사지 | 청주 상당구 면 생활권·지역 안내 | 몽라운지","문의면 출장마사지 | 청주 상당구 생활권·인접 지역 안내 | 몽라운지","문의면 주변 생활권과 인접 지역을 기준으로 위치 정보를 정리했습니다. 청주 상당구 문의면 출장마사지 이용 전 이동 범위와 가까운 지역을 확인해 보세요.","문의면에서 오가는 주요 생활권과 주변 지역 정보를 한눈에 확인할 수 있도록 구성했습니다. 청주 상당구 내 현재 위치와 인접 지역의 이동 범위를 살펴보세요.","1","1","1","0"
"동읍면랜딩","massage/미원면-출장마사지-청주-상당구-생활권-지역정보-이용안내/index.html","변경후보","미원면 출장마사지 | 청주 상당구 면 생활권·지역 안내 | 몽라운지","미원면 지역 이용 정보 | 청주 상당구 생활권·위치 안내 | 몽라운지","미원면에서 오가는 주요 생활권과 주변 지역을 살펴보기 쉽도록 구성했습니다. 청주 상당구 미원면 출장마사지 이용 전 현재 위치와 지역 범위를 비교할 수 있습니다.","미원면 생활권에서 출장마사지 이용 전 확인할 수 있는 위치 범위와 인접 지역 정보를 정리했습니다. 청주 상당구 주변 이동 동선과 가까운 생활권을 함께 확인해보세요.","1","0","1","1"
"동읍면랜딩","massage/남이면-출장마사지-청주-서원구-생활권-지역정보-이용안내/index.html","변경후보","남이면 출장마사지 | 청주 서원구 면 생활권·지역 안내 | 몽라운지","남이면 생활권 안내 | 청주 서원구 인접 지역·이동 정보 | 몽라운지","남이면 생활권에서 인접 읍·면·동과의 연결을 확인하기 쉽도록 지역 안내를 정리했습니다. 청주 서원구 남이면 출장마사지 이용 전 위치 선택에 참고하세요.","남이면 주변 생활권과 인접 지역을 기준으로 현재 위치와 이동 범위를 확인할 수 있도록 정리했습니다. 청주 서원구 지역에서 이용 가능한 범위를 비교할 때 참고하세요.","1","0","1","0"
"동읍면랜딩","massage/현도면-출장마사지-청주-서원구-생활권-지역정보-이용안내/index.html","변경후보","현도면 출장마사지 | 청주 서원구 면 생활권·지역 안내 | 몽라운지","청주 서원구 현도면 지역 안내 | 출장마사지 이용 범위·생활권 정보 | 몽라운지","현도면을 중심으로 주변 생활권과 이동 방향을 확인할 수 있도록 기본 지역 정보를 구성했습니다. 청주 서원구 현도면 출장마사지 이용 전 가까운 범위를 살펴보세요.","현도면을 중심으로 주거·상업 생활권과 주변 이동 동선을 정리했습니다. 가까운 지역과 이용 범위를 비교하고 위치 선택에 참고할 수 있습니다.","1","1","1","0"
"동읍면랜딩","massage/북이면-출장마사지-청주-청원구-생활권-지역정보-이용안내/index.html","변경후보","북이면 출장마사지 | 청주 청원구 면 생활권·지역 안내 | 몽라운지","북이면 생활권 안내 | 청주 청원구 인접 지역·이동 정보 | 몽라운지","북이면 주변의 주거·상업 생활권과 인접 지역을 기준으로 위치를 확인할 수 있습니다. 청주 청원구 북이면 출장마사지 이용 전 이동 동선을 확인해 보세요.","북이면 주변 생활권과 인접 지역을 기준으로 현재 위치와 이동 범위를 확인할 수 있도록 정리했습니다. 청주 청원구 지역에서 이용 가능한 범위를 비교할 때 참고하세요.","1","0","1","0"
"동읍면랜딩","massage/내수읍-출장마사지-청주-청원구-생활권-지역정보-이용안내/index.html","변경후보","내수읍 출장마사지 | 청주 청원구 읍 생활권·지역 안내 | 몽라운지","내수읍 생활권 안내 | 청주 청원구 인접 지역·이동 정보 | 몽라운지","내수읍 지역에서 현재 위치와 가까운 생활권을 찾기 쉽도록 지역 정보를 정리했습니다. 청주 청원구 내수읍 출장마사지 이용 전 지역 범위를 확인할 수 있습니다.","내수읍 주변 생활권과 인접 지역을 기준으로 현재 위치와 이동 범위를 확인할 수 있도록 정리했습니다. 청주 청원구 지역에서 이용 가능한 범위를 비교할 때 참고하세요.","1","0","1","0"
"동읍면랜딩","massage/오창읍-출장마사지-청주-청원구-생활권-지역정보-이용안내/index.html","변경후보","오창읍 출장마사지 | 청주 청원구 읍 생활권·지역 안내 | 몽라운지","오창읍 생활권 안내 | 청주 청원구 인접 지역·이동 정보 | 몽라운지","오창읍 주변 생활권과 인접 지역을 기준으로 위치 정보를 정리했습니다. 청주 청원구 오창읍 출장마사지 이용 전 이동 범위와 가까운 지역을 확인해 보세요.","오창읍 주변 생활권과 인접 지역을 기준으로 현재 위치와 이동 범위를 확인할 수 있도록 정리했습니다. 청주 청원구 지역에서 이용 가능한 범위를 비교할 때 참고하세요.","1","0","1","0"
"동읍면랜딩","massage/강내면-출장마사지-청주-흥덕구-생활권-지역정보-이용안내/index.html","변경후보","강내면 출장마사지 | 청주 흥덕구 면 생활권·지역 안내 | 몽라운지","강내면 지역 이용 정보 | 청주 흥덕구 생활권·위치 안내 | 몽라운지","강내면에서 오가는 주요 생활권과 주변 지역을 살펴보기 쉽도록 구성했습니다. 청주 흥덕구 강내면 출장마사지 이용 전 현재 위치와 지역 범위를 비교할 수 있습니다.","강내면 생활권에서 출장마사지 이용 전 확인할 수 있는 위치 범위와 인접 지역 정보를 정리했습니다. 청주 흥덕구 주변 이동 동선과 가까운 생활권을 함께 확인해보세요.","1","0","1","1"
"동읍면랜딩","massage/옥산면-출장마사지-청주-흥덕구-생활권-지역정보-이용안내/index.html","변경후보","옥산면 출장마사지 | 청주 흥덕구 면 생활권·지역 안내 | 몽라운지","옥산면 출장마사지 | 청주 흥덕구 생활권·인접 지역 안내 | 몽라운지","옥산면 생활권에서 인접 읍·면·동과의 연결을 확인하기 쉽도록 지역 안내를 정리했습니다. 청주 흥덕구 옥산면 출장마사지 이용 전 위치 선택에 참고하세요.","옥산면에서 오가는 주요 생활권과 주변 지역 정보를 한눈에 확인할 수 있도록 구성했습니다. 청주 흥덕구 내 현재 위치와 인접 지역의 이동 범위를 살펴보세요.","1","1","1","0"
"동읍면랜딩","massage/오송읍-출장마사지-청주-흥덕구-생활권-지역정보-이용안내/index.html","변경후보","오송읍 출장마사지 | 청주 흥덕구 읍 생활권·지역 안내 | 몽라운지","오송읍 생활권 안내 | 청주 흥덕구 인접 지역·이동 정보 | 몽라운지","오송읍을 중심으로 주변 생활권과 이동 방향을 확인할 수 있도록 기본 지역 정보를 구성했습니다. 청주 흥덕구 오송읍 출장마사지 이용 전 가까운 범위를 살펴보세요.","오송읍 주변 생활권과 인접 지역을 기준으로 현재 위치와 이동 범위를 확인할 수 있도록 정리했습니다. 청주 흥덕구 지역에서 이용 가능한 범위를 비교할 때 참고하세요.","1","0","1","0"
"동랜딩","massage/고천동-출장마사지-의왕시-생활권-이동동선-지역정보-이용전-안내/index.html","변경후보","고천동 출장마사지 | 경기 의왕시 생활권·지역 이용 안내 | 몽라운지","고천동 생활권 안내 | 경기 의왕시 생활권·지역 이용 안내 | 몽라운지","고천동 주변의 주거·업무 생활권과 인접 지역을 기준으로 위치 정보를 정리했습니다. 경기 의왕시 고천동 출장마사지 이용 전 이동 범위를 확인할 수 있습니다.","고천동 주변의 주거·업무 생활권과 인접 지역을 기준으로 위치 정보를 정리했습니다. 경기 의왕시 고천동 지역 이용 이용 전 이동 범위를 확인할 수 있습니다.","1","0","1","0"
"동랜딩","massage/내손동-출장마사지-의왕시-생활권-이동동선-지역정보-이용전-안내/index.html","변경후보","내손동 출장마사지 | 경기 의왕시 생활권·지역 이용 안내 | 몽라운지","내손동 생활권 안내 | 경기 의왕시 생활권·지역 이용 안내 | 몽라운지","내손동 지역에서 현재 위치를 설명하고 가까운 생활권을 찾기 쉽도록 기본 정보를 구성했습니다. 경기 의왕시 내손동 출장마사지 이용 전 지역 선택에 참고하세요.","내손동 지역에서 현재 위치를 설명하고 가까운 생활권을 찾기 쉽도록 기본 정보를 구성했습니다. 경기 의왕시 내손동 지역 이용 이용 전 지역 선택에 참고하세요.","1","0","1","0"
"동랜딩","massage/부곡동-출장마사지-의왕시-생활권-이동동선-지역정보-이용전-안내/index.html","변경후보","부곡동 출장마사지 | 경기 의왕시 생활권·지역 이용 안내 | 몽라운지","부곡동 생활권 안내 | 경기 의왕시 생활권·지역 이용 안내 | 몽라운지","부곡동 주변 생활권과 이동 흐름을 먼저 살펴보고 현재 위치를 확인하기 좋은 기준을 정리했습니다. 경기 의왕시 부곡동 출장마사지 이용 전 지역 범위를 확인해 보세요.","부곡동 주변 생활권과 이동 흐름을 먼저 살펴보고 현재 위치를 확인하기 좋은 기준을 정리했습니다. 경기 의왕시 부곡동 지역 이용 이용 전 지역 범위를 확인해 보세요.","1","0","1","0"
"동랜딩","massage/오전동-출장마사지-의왕시-생활권-이동동선-지역정보-이용전-안내/index.html","변경후보","오전동 출장마사지 | 경기 의왕시 생활권·지역 이용 안내 | 몽라운지","오전동 생활권 안내 | 경기 의왕시 생활권·지역 이용 안내 | 몽라운지","자주 오가는 생활권을 기준으로 위치와 인접 지역을 정리했습니다. 경기 의왕시 오전동 출장마사지 이용 전 가까운 범위와 이동 방향을 비교해 보세요.","자주 오가는 생활권을 기준으로 위치와 인접 지역을 정리했습니다. 경기 의왕시 오전동 지역 이용 이용 전 가까운 범위와 이동 방향을 비교해 보세요.","1","0","1","0"
"동랜딩","massage/청계동-출장마사지-의왕시-생활권-이동동선-지역정보-이용전-안내/index.html","변경후보","청계동 출장마사지 | 경기 의왕시 생활권·지역 이용 안내 | 몽라운지","청계동 출장마사지 | 경기 의왕시 생활권·지역 이용 안내 | 몽라운지","청계동 생활권에서 현재 위치와 인접 동을 확인하기 쉽도록 지역 정보를 구성했습니다. 경기 의왕시 청계동 출장마사지 이용 전 위치와 지역 범위를 살펴볼 수 있습니다.","청계동 생활권에서 현재 위치와 인접 동을 확인하기 쉽도록 지역 정보를 구성했습니다. 경기 의왕시 청계동 생활권 이용 이용 전 위치와 지역 범위를 살펴볼 수 있습니다.","1","1","1","0"
"동랜딩","massage/가능동-출장마사지-의정부시-생활권-이동동선-지역정보-이용전-안내/index.html","변경후보","가능동 출장마사지 | 경기 의정부시 생활권·지역 이용 안내 | 몽라운지","가능동 지역 이용 안내 | 경기 의정부시 생활권·지역 이용 안내 | 몽라운지","중심으로 주변 생활권과 이동 방향을 확인할 수 있도록 정리했습니다. 경기 의정부시 가능동 출장마사지 이용 전 현재 위치와 가까운 지역을 확인해 보세요.","중심으로 주변 생활권과 이동 방향을 확인할 수 있도록 정리했습니다. 경기 의정부시 가능동 출장마사지 이용 전 현재 위치와 가까운 지역을 확인해 보세요.","1","0","1","1"
"동랜딩","massage/고산동-출장마사지-의정부시-생활권-이동동선-지역정보-이용전-안내/index.html","변경후보","고산동 출장마사지 | 경기 의정부시 생활권·지역 이용 안내 | 몽라운지","고산동 지역 이용 안내 | 경기 의정부시 생활권·지역 이용 안내 | 몽라운지","고산동 주변의 주거·업무 생활권과 인접 지역을 기준으로 위치 정보를 정리했습니다. 경기 의정부시 고산동 출장마사지 이용 전 이동 범위를 확인할 수 있습니다.","고산동 주변의 주거·업무 생활권과 인접 지역을 기준으로 위치 정보를 정리했습니다. 경기 의정부시 고산동 출장마사지 이용 전 이동 범위를 확인할 수 있습니다.","1","0","1","1"
"동랜딩","massage/녹양동-출장마사지-의정부시-생활권-이동동선-지역정보-이용전-안내/index.html","변경후보","녹양동 출장마사지 | 경기 의정부시 생활권·지역 이용 안내 | 몽라운지","녹양동 출장마사지 | 경기 의정부시 생활권·지역 이용 안내 | 몽라운지","녹양동 지역에서 현재 위치를 설명하고 가까운 생활권을 찾기 쉽도록 기본 정보를 구성했습니다. 경기 의정부시 녹양동 출장마사지 이용 전 지역 선택에 참고하세요.","녹양동 지역에서 현재 위치를 설명하고 가까운 생활권을 찾기 쉽도록 기본 정보를 구성했습니다. 경기 의정부시 녹양동 생활권 이용 이용 전 지역 선택에 참고하세요.","1","1","1","0"
"동랜딩","massage/송산동-출장마사지-의정부시-생활권-이동동선-지역정보-이용전-안내/index.html","변경후보","송산동 출장마사지 | 경기 의정부시 생활권·지역 이용 안내 | 몽라운지","송산동 지역 이용 안내 | 경기 의정부시 생활권·지역 이용 안내 | 몽라운지","송산동 주변 생활권과 이동 흐름을 먼저 살펴보고 현재 위치를 확인하기 좋은 기준을 정리했습니다. 경기 의정부시 송산동 출장마사지 이용 전 지역 범위를 확인해 보세요.","송산동 주변 생활권과 이동 흐름을 먼저 살펴보고 현재 위치를 확인하기 좋은 기준을 정리했습니다. 경기 의정부시 송산동 출장마사지 이용 전 지역 범위를 확인해 보세요.","1","0","1","1"
"동랜딩","massage/신곡동-출장마사지-의정부시-생활권-이동동선-지역정보-이용전-안내/index.html","변경후보","신곡동 출장마사지 | 경기 의정부시 생활권·지역 이용 안내 | 몽라운지","신곡동 지역 이용 안내 | 경기 의정부시 생활권·지역 이용 안내 | 몽라운지","자주 오가는 생활권을 기준으로 위치와 인접 지역을 정리했습니다. 경기 의정부시 신곡동 출장마사지 이용 전 가까운 범위와 이동 방향을 비교해 보세요.","자주 오가는 생활권을 기준으로 위치와 인접 지역을 정리했습니다. 경기 의정부시 신곡동 출장마사지 이용 전 가까운 범위와 이동 방향을 비교해 보세요.","1","0","1","1"
"동랜딩","massage/의정부동-출장마사지-의정부시-생활권-이동동선-지역정보-이용전-안내/index.html","변경후보","의정부동 출장마사지 | 경기 의정부시 생활권·지역 이용 안내 | 몽라운지","의정부동 생활권 안내 | 경기 의정부시 생활권·지역 이용 안내 | 몽라운지","의정부동 생활권에서 현재 위치와 인접 동을 확인하기 쉽도록 지역 정보를 구성했습니다. 경기 의정부시 의정부동 출장마사지 이용 전 위치와 지역 범위를 살펴볼 수 있습니다.","의정부동 생활권에서 현재 위치와 인접 동을 확인하기 쉽도록 지역 정보를 구성했습니다. 경기 의정부시 의정부동 지역 이용 이용 전 위치와 지역 범위를 살펴볼 수 있습니다.","1","0","1","0"
"동랜딩","massage/자금동-출장마사지-의정부시-생활권-이동동선-지역정보-이용전-안내/index.html","변경후보","자금동 출장마사지 | 경기 의정부시 생활권·지역 이용 안내 | 몽라운지","자금동 생활권 안내 | 경기 의정부시 생활권·지역 이용 안내 | 몽라운지","중심으로 주변 생활권과 이동 방향을 확인할 수 있도록 정리했습니다. 경기 의정부시 자금동 출장마사지 이용 전 현재 위치와 가까운 지역을 확인해 보세요.","중심으로 주변 생활권과 이동 방향을 확인할 수 있도록 정리했습니다. 경기 의정부시 자금동 지역 이용 이용 전 현재 위치와 가까운 지역을 확인해 보세요.","1","0","1","0"
"동랜딩","massage/장암동-출장마사지-의정부시-생활권-이동동선-지역정보-이용전-안내/index.html","변경후보","장암동 출장마사지 | 경기 의정부시 생활권·지역 이용 안내 | 몽라운지","장암동 생활권 안내 | 경기 의정부시 생활권·지역 이용 안내 | 몽라운지","장암동 주변의 주거·업무 생활권과 인접 지역을 기준으로 위치 정보를 정리했습니다. 경기 의정부시 장암동 출장마사지 이용 전 이동 범위를 확인할 수 있습니다.","장암동 주변의 주거·업무 생활권과 인접 지역을 기준으로 위치 정보를 정리했습니다. 경기 의정부시 장암동 지역 이용 이용 전 이동 범위를 확인할 수 있습니다.","1","0","1","0"
"동랜딩","massage/호원동-출장마사지-의정부시-생활권-이동동선-지역정보-이용전-안내/index.html","변경후보","호원동 출장마사지 | 경기 의정부시 생활권·지역 이용 안내 | 몽라운지","호원동 출장마사지 | 경기 의정부시 생활권·지역 이용 안내 | 몽라운지","호원동 지역에서 현재 위치를 설명하고 가까운 생활권을 찾기 쉽도록 기본 정보를 구성했습니다. 경기 의정부시 호원동 출장마사지 이용 전 지역 선택에 참고하세요.","호원동 지역에서 현재 위치를 설명하고 가까운 생활권을 찾기 쉽도록 기본 정보를 구성했습니다. 경기 의정부시 호원동 생활권 이용 이용 전 지역 선택에 참고하세요.","1","1","1","0"
"동랜딩","massage/흥선동-출장마사지-의정부시-생활권-이동동선-지역정보-이용전-안내/index.html","변경후보","흥선동 출장마사지 | 경기 의정부시 생활권·지역 이용 안내 | 몽라운지","흥선동 출장마사지 | 경기 의정부시 생활권·지역 이용 안내 | 몽라운지","흥선동 주변 생활권과 이동 흐름을 먼저 살펴보고 현재 위치를 확인하기 좋은 기준을 정리했습니다. 경기 의정부시 흥선동 출장마사지 이용 전 지역 범위를 확인해 보세요.","흥선동 주변 생활권과 이동 흐름을 먼저 살펴보고 현재 위치를 확인하기 좋은 기준을 정리했습니다. 경기 의정부시 흥선동 생활권 이용 이용 전 지역 범위를 확인해 보세요.","1","1","1","0"
"동랜딩","massage/관고동-출장마사지-이천시-생활권-이동동선-지역정보-이용전-안내/index.html","변경후보","관고동 출장마사지 | 경기 이천시 생활권·지역 이용 안내 | 몽라운지","관고동 지역 이용 안내 | 경기 이천시 생활권·지역 이용 안내 | 몽라운지","자주 오가는 생활권을 기준으로 위치와 인접 지역을 정리했습니다. 경기 이천시 관고동 출장마사지 이용 전 가까운 범위와 이동 방향을 비교해 보세요.","자주 오가는 생활권을 기준으로 위치와 인접 지역을 정리했습니다. 경기 이천시 관고동 출장마사지 이용 전 가까운 범위와 이동 방향을 비교해 보세요.","1","0","1","1"
"동랜딩","massage/중리동-출장마사지-이천시-생활권-이동동선-지역정보-이용전-안내/index.html","변경후보","중리동 출장마사지 | 경기 이천시 생활권·지역 이용 안내 | 몽라운지","중리동 지역 이용 안내 | 경기 이천시 생활권·지역 이용 안내 | 몽라운지","중리동 생활권에서 현재 위치와 인접 동을 확인하기 쉽도록 지역 정보를 구성했습니다. 경기 이천시 중리동 출장마사지 이용 전 위치와 지역 범위를 살펴볼 수 있습니다.","중리동 생활권에서 현재 위치와 인접 동을 확인하기 쉽도록 지역 정보를 구성했습니다. 경기 이천시 중리동 출장마사지 이용 전 위치와 지역 범위를 살펴볼 수 있습니다.","1","0","1","1"
"동랜딩","massage/증포동-출장마사지-이천시-생활권-이동동선-지역정보-이용전-안내/index.html","변경후보","증포동 출장마사지 | 경기 이천시 생활권·지역 이용 안내 | 몽라운지","증포동 출장마사지 | 경기 이천시 생활권·지역 이용 안내 | 몽라운지","중심으로 주변 생활권과 이동 방향을 확인할 수 있도록 정리했습니다. 경기 이천시 증포동 출장마사지 이용 전 현재 위치와 가까운 지역을 확인해 보세요.","중심으로 주변 생활권과 이동 방향을 확인할 수 있도록 정리했습니다. 경기 이천시 증포동 생활권 이용 이용 전 현재 위치와 가까운 지역을 확인해 보세요.","1","1","1","0"
"동랜딩","massage/창전동-출장마사지-이천시-생활권-이동동선-지역정보-이용전-안내/index.html","변경후보","창전동 출장마사지 | 경기 이천시 생활권·지역 이용 안내 | 몽라운지","창전동 출장마사지 | 경기 이천시 생활권·지역 이용 안내 | 몽라운지","창전동 주변의 주거·업무 생활권과 인접 지역을 기준으로 위치 정보를 정리했습니다. 경기 이천시 창전동 출장마사지 이용 전 이동 범위를 확인할 수 있습니다.","창전동 주변의 주거·업무 생활권과 인접 지역을 기준으로 위치 정보를 정리했습니다. 경기 이천시 창전동 생활권 이용 이용 전 이동 범위를 확인할 수 있습니다.","1","1","1","0"
"동랜딩","massage/교하동-출장마사지-파주시-생활권-이동동선-지역정보-이용전-안내/index.html","변경후보","교하동 출장마사지 | 경기 파주시 생활권·지역 이용 안내 | 몽라운지","교하동 지역 이용 안내 | 경기 파주시 생활권·지역 이용 안내 | 몽라운지","교하동 지역에서 현재 위치를 설명하고 가까운 생활권을 찾기 쉽도록 기본 정보를 구성했습니다. 경기 파주시 교하동 출장마사지 이용 전 지역 선택에 참고하세요.","교하동 지역에서 현재 위치를 설명하고 가까운 생활권을 찾기 쉽도록 기본 정보를 구성했습니다. 경기 파주시 교하동 출장마사지 이용 전 지역 선택에 참고하세요.","1","0","1","1"
"동랜딩","massage/금촌동-출장마사지-파주시-생활권-이동동선-지역정보-이용전-안내/index.html","변경후보","금촌동 출장마사지 | 경기 파주시 생활권·지역 이용 안내 | 몽라운지","금촌동 생활권 안내 | 경기 파주시 생활권·지역 이용 안내 | 몽라운지","금촌동 주변 생활권과 이동 흐름을 먼저 살펴보고 현재 위치를 확인하기 좋은 기준을 정리했습니다. 경기 파주시 금촌동 출장마사지 이용 전 지역 범위를 확인해 보세요.","금촌동 주변 생활권과 이동 흐름을 먼저 살펴보고 현재 위치를 확인하기 좋은 기준을 정리했습니다. 경기 파주시 금촌동 지역 이용 이용 전 지역 범위를 확인해 보세요.","1","0","1","0"
"동랜딩","massage/운정동-출장마사지-파주시-생활권-이동동선-지역정보-이용전-안내/index.html","변경후보","운정동 출장마사지 | 경기 파주시 생활권·지역 이용 안내 | 몽라운지","운정동 지역 이용 안내 | 경기 파주시 생활권·지역 이용 안내 | 몽라운지","자주 오가는 생활권을 기준으로 위치와 인접 지역을 정리했습니다. 경기 파주시 운정동 출장마사지 이용 전 가까운 범위와 이동 방향을 비교해 보세요.","자주 오가는 생활권을 기준으로 위치와 인접 지역을 정리했습니다. 경기 파주시 운정동 출장마사지 이용 전 가까운 범위와 이동 방향을 비교해 보세요.","1","0","1","1"
"동랜딩","massage/고덕동-출장마사지-평택시-생활권-이동동선-지역정보-이용전-안내/index.html","변경후보","고덕동 출장마사지 | 경기 평택시 생활권·지역 이용 안내 | 몽라운지","고덕동 출장마사지 | 경기 평택시 생활권·지역 이용 안내 | 몽라운지","고덕동 생활권에서 현재 위치와 인접 동을 확인하기 쉽도록 지역 정보를 구성했습니다. 경기 평택시 고덕동 출장마사지 이용 전 위치와 지역 범위를 살펴볼 수 있습니다.","고덕동 생활권에서 현재 위치와 인접 동을 확인하기 쉽도록 지역 정보를 구성했습니다. 경기 평택시 고덕동 생활권 이용 이용 전 위치와 지역 범위를 살펴볼 수 있습니다.","1","1","1","0"
"동랜딩","massage/동삭동-출장마사지-평택시-생활권-이동동선-지역정보-이용전-안내/index.html","변경후보","동삭동 출장마사지 | 경기 평택시 생활권·지역 이용 안내 | 몽라운지","동삭동 생활권 안내 | 경기 평택시 생활권·지역 이용 안내 | 몽라운지","중심으로 주변 생활권과 이동 방향을 확인할 수 있도록 정리했습니다. 경기 평택시 동삭동 출장마사지 이용 전 현재 위치와 가까운 지역을 확인해 보세요.","중심으로 주변 생활권과 이동 방향을 확인할 수 있도록 정리했습니다. 경기 평택시 동삭동 지역 이용 이용 전 현재 위치와 가까운 지역을 확인해 보세요.","1","0","1","0"
"동랜딩","massage/비전동-출장마사지-평택시-생활권-이동동선-지역정보-이용전-안내/index.html","변경후보","비전동 출장마사지 | 경기 평택시 생활권·지역 이용 안내 | 몽라운지","비전동 출장마사지 | 경기 평택시 생활권·지역 이용 안내 | 몽라운지","비전동 주변의 주거·업무 생활권과 인접 지역을 기준으로 위치 정보를 정리했습니다. 경기 평택시 비전동 출장마사지 이용 전 이동 범위를 확인할 수 있습니다.","비전동 주변의 주거·업무 생활권과 인접 지역을 기준으로 위치 정보를 정리했습니다. 경기 평택시 비전동 생활권 이용 이용 전 이동 범위를 확인할 수 있습니다.","1","1","1","0"
"동랜딩","massage/서정동-출장마사지-평택시-생활권-이동동선-지역정보-이용전-안내/index.html","변경후보","서정동 출장마사지 | 경기 평택시 생활권·지역 이용 안내 | 몽라운지","서정동 지역 이용 안내 | 경기 평택시 생활권·지역 이용 안내 | 몽라운지","서정동 지역에서 현재 위치를 설명하고 가까운 생활권을 찾기 쉽도록 기본 정보를 구성했습니다. 경기 평택시 서정동 출장마사지 이용 전 지역 선택에 참고하세요.","서정동 지역에서 현재 위치를 설명하고 가까운 생활권을 찾기 쉽도록 기본 정보를 구성했습니다. 경기 평택시 서정동 출장마사지 이용 전 지역 선택에 참고하세요.","1","0","1","1"
"동랜딩","massage/세교동-출장마사지-평택시-생활권-이동동선-지역정보-이용전-안내/index.html","변경후보","세교동 출장마사지 | 경기 평택시 생활권·지역 이용 안내 | 몽라운지","세교동 지역 이용 안내 | 경기 평택시 생활권·지역 이용 안내 | 몽라운지","세교동 주변 생활권과 이동 흐름을 먼저 살펴보고 현재 위치를 확인하기 좋은 기준을 정리했습니다. 경기 평택시 세교동 출장마사지 이용 전 지역 범위를 확인해 보세요.","세교동 주변 생활권과 이동 흐름을 먼저 살펴보고 현재 위치를 확인하기 좋은 기준을 정리했습니다. 경기 평택시 세교동 출장마사지 이용 전 지역 범위를 확인해 보세요.","1","0","1","1"
"동랜딩","massage/송북동-출장마사지-평택시-생활권-이동동선-지역정보-이용전-안내/index.html","변경후보","송북동 출장마사지 | 경기 평택시 생활권·지역 이용 안내 | 몽라운지","송북동 출장마사지 | 경기 평택시 생활권·지역 이용 안내 | 몽라운지","자주 오가는 생활권을 기준으로 위치와 인접 지역을 정리했습니다. 경기 평택시 송북동 출장마사지 이용 전 가까운 범위와 이동 방향을 비교해 보세요.","자주 오가는 생활권을 기준으로 위치와 인접 지역을 정리했습니다. 경기 평택시 송북동 생활권 이용 이용 전 가까운 범위와 이동 방향을 비교해 보세요.","1","1","1","0"
"동랜딩","massage/송탄동-출장마사지-평택시-생활권-이동동선-지역정보-이용전-안내/index.html","변경후보","송탄동 출장마사지 | 경기 평택시 생활권·지역 이용 안내 | 몽라운지","송탄동 생활권 안내 | 경기 평택시 생활권·지역 이용 안내 | 몽라운지","송탄동 생활권에서 현재 위치와 인접 동을 확인하기 쉽도록 지역 정보를 구성했습니다. 경기 평택시 송탄동 출장마사지 이용 전 위치와 지역 범위를 살펴볼 수 있습니다.","송탄동 생활권에서 현재 위치와 인접 동을 확인하기 쉽도록 지역 정보를 구성했습니다. 경기 평택시 송탄동 지역 이용 이용 전 위치와 지역 범위를 살펴볼 수 있습니다.","1","0","1","0"
"동랜딩","massage/신장동-출장마사지-평택시-생활권-이동동선-지역정보-이용전-안내/index.html","변경후보","신장동 출장마사지 | 경기 평택시 생활권·지역 이용 안내 | 몽라운지","신장동 생활권 안내 | 경기 평택시 생활권·지역 이용 안내 | 몽라운지","중심으로 주변 생활권과 이동 방향을 확인할 수 있도록 정리했습니다. 경기 평택시 신장동 출장마사지 이용 전 현재 위치와 가까운 지역을 확인해 보세요.","중심으로 주변 생활권과 이동 방향을 확인할 수 있도록 정리했습니다. 경기 평택시 신장동 지역 이용 이용 전 현재 위치와 가까운 지역을 확인해 보세요.","1","0","1","0"
"동랜딩","massage/신평동-출장마사지-평택시-생활권-이동동선-지역정보-이용전-안내/index.html","변경후보","신평동 출장마사지 | 경기 평택시 생활권·지역 이용 안내 | 몽라운지","신평동 생활권 안내 | 경기 평택시 생활권·지역 이용 안내 | 몽라운지","신평동 주변의 주거·업무 생활권과 인접 지역을 기준으로 위치 정보를 정리했습니다. 경기 평택시 신평동 출장마사지 이용 전 이동 범위를 확인할 수 있습니다.","신평동 주변의 주거·업무 생활권과 인접 지역을 기준으로 위치 정보를 정리했습니다. 경기 평택시 신평동 지역 이용 이용 전 이동 범위를 확인할 수 있습니다.","1","0","1","0"
"동랜딩","massage/용이동-출장마사지-평택시-생활권-이동동선-지역정보-이용전-안내/index.html","변경후보","용이동 출장마사지 | 경기 평택시 생활권·지역 이용 안내 | 몽라운지","용이동 지역 이용 안내 | 경기 평택시 생활권·지역 이용 안내 | 몽라운지","용이동 지역에서 현재 위치를 설명하고 가까운 생활권을 찾기 쉽도록 기본 정보를 구성했습니다. 경기 평택시 용이동 출장마사지 이용 전 지역 선택에 참고하세요.","용이동 지역에서 현재 위치를 설명하고 가까운 생활권을 찾기 쉽도록 기본 정보를 구성했습니다. 경기 평택시 용이동 출장마사지 이용 전 지역 선택에 참고하세요.","1","0","1","1"
"동랜딩","massage/원평동-출장마사지-평택시-생활권-이동동선-지역정보-이용전-안내/index.html","변경후보","원평동 출장마사지 | 경기 평택시 생활권·지역 이용 안내 | 몽라운지","원평동 생활권 안내 | 경기 평택시 생활권·지역 이용 안내 | 몽라운지","원평동 주변 생활권과 이동 흐름을 먼저 살펴보고 현재 위치를 확인하기 좋은 기준을 정리했습니다. 경기 평택시 원평동 출장마사지 이용 전 지역 범위를 확인해 보세요.","원평동 주변 생활권과 이동 흐름을 먼저 살펴보고 현재 위치를 확인하기 좋은 기준을 정리했습니다. 경기 평택시 원평동 지역 이용 이용 전 지역 범위를 확인해 보세요.","1","0","1","0"
"동랜딩","massage/중앙동-출장마사지-평택시-생활권-이동동선-지역정보-이용전-안내/index.html","변경후보","중앙동 출장마사지 | 경기 평택시 생활권·지역 이용 안내 | 몽라운지","중앙동 출장마사지 | 경기 평택시 생활권·지역 이용 안내 | 몽라운지","자주 오가는 생활권을 기준으로 위치와 인접 지역을 정리했습니다. 경기 평택시 중앙동 출장마사지 이용 전 가까운 범위와 이동 방향을 비교해 보세요.","자주 오가는 생활권을 기준으로 위치와 인접 지역을 정리했습니다. 경기 평택시 중앙동 생활권 이용 이용 전 가까운 범위와 이동 방향을 비교해 보세요.","1","1","1","0"
"동랜딩","massage/지산동-출장마사지-평택시-생활권-이동동선-지역정보-이용전-안내/index.html","변경후보","지산동 출장마사지 | 경기 평택시 생활권·지역 이용 안내 | 몽라운지","지산동 생활권 안내 | 경기 평택시 생활권·지역 이용 안내 | 몽라운지","지산동 생활권에서 현재 위치와 인접 동을 확인하기 쉽도록 지역 정보를 구성했습니다. 경기 평택시 지산동 출장마사지 이용 전 위치와 지역 범위를 살펴볼 수 있습니다.","지산동 생활권에서 현재 위치와 인접 동을 확인하기 쉽도록 지역 정보를 구성했습니다. 경기 평택시 지산동 지역 이용 이용 전 위치와 지역 범위를 살펴볼 수 있습니다.","1","0","1","0"
"동랜딩","massage/통복동-출장마사지-평택시-생활권-이동동선-지역정보-이용전-안내/index.html","변경후보","통복동 출장마사지 | 경기 평택시 생활권·지역 이용 안내 | 몽라운지","통복동 지역 이용 안내 | 경기 평택시 생활권·지역 이용 안내 | 몽라운지","중심으로 주변 생활권과 이동 방향을 확인할 수 있도록 정리했습니다. 경기 평택시 통복동 출장마사지 이용 전 현재 위치와 가까운 지역을 확인해 보세요.","중심으로 주변 생활권과 이동 방향을 확인할 수 있도록 정리했습니다. 경기 평택시 통복동 출장마사지 이용 전 현재 위치와 가까운 지역을 확인해 보세요.","1","0","1","1"
"동랜딩","massage/선단동-출장마사지-포천시-생활권-이동동선-지역정보-이용전-안내/index.html","변경후보","선단동 출장마사지 | 경기 포천시 생활권·지역 이용 안내 | 몽라운지","선단동 지역 이용 안내 | 경기 포천시 생활권·지역 이용 안내 | 몽라운지","선단동 주변의 주거·업무 생활권과 인접 지역을 기준으로 위치 정보를 정리했습니다. 경기 포천시 선단동 출장마사지 이용 전 이동 범위를 확인할 수 있습니다.","선단동 주변의 주거·업무 생활권과 인접 지역을 기준으로 위치 정보를 정리했습니다. 경기 포천시 선단동 출장마사지 이용 전 이동 범위를 확인할 수 있습니다.","1","0","1","1"
"동랜딩","massage/포천동-출장마사지-포천시-생활권-이동동선-지역정보-이용전-안내/index.html","변경후보","포천동 출장마사지 | 경기 포천시 생활권·지역 이용 안내 | 몽라운지","포천동 생활권 안내 | 경기 포천시 생활권·지역 이용 안내 | 몽라운지","포천동 지역에서 현재 위치를 설명하고 가까운 생활권을 찾기 쉽도록 기본 정보를 구성했습니다. 경기 포천시 포천동 출장마사지 이용 전 지역 선택에 참고하세요.","포천동 지역에서 현재 위치를 설명하고 가까운 생활권을 찾기 쉽도록 기본 정보를 구성했습니다. 경기 포천시 포천동 지역 이용 이용 전 지역 선택에 참고하세요.","1","0","1","0"
"동랜딩","massage/감북동-출장마사지-하남시-생활권-이동동선-지역정보-이용전-안내/index.html","변경후보","감북동 출장마사지 | 경기 하남시 생활권·지역 이용 안내 | 몽라운지","감북동 지역 이용 안내 | 경기 하남시 생활권·지역 이용 안내 | 몽라운지","감북동 주변 생활권과 이동 흐름을 먼저 살펴보고 현재 위치를 확인하기 좋은 기준을 정리했습니다. 경기 하남시 감북동 출장마사지 이용 전 지역 범위를 확인해 보세요.","감북동 주변 생활권과 이동 흐름을 먼저 살펴보고 현재 위치를 확인하기 좋은 기준을 정리했습니다. 경기 하남시 감북동 출장마사지 이용 전 지역 범위를 확인해 보세요.","1","0","1","1"
"동랜딩","massage/감일동-출장마사지-하남시-생활권-이동동선-지역정보-이용전-안내/index.html","변경후보","감일동 출장마사지 | 경기 하남시 생활권·지역 이용 안내 | 몽라운지","감일동 출장마사지 | 경기 하남시 생활권·지역 이용 안내 | 몽라운지","자주 오가는 생활권을 기준으로 위치와 인접 지역을 정리했습니다. 경기 하남시 감일동 출장마사지 이용 전 가까운 범위와 이동 방향을 비교해 보세요.","자주 오가는 생활권을 기준으로 위치와 인접 지역을 정리했습니다. 경기 하남시 감일동 생활권 이용 이용 전 가까운 범위와 이동 방향을 비교해 보세요.","1","1","1","0"
"동랜딩","massage/덕풍동-출장마사지-하남시-생활권-이동동선-지역정보-이용전-안내/index.html","변경후보","덕풍동 출장마사지 | 경기 하남시 생활권·지역 이용 안내 | 몽라운지","덕풍동 지역 이용 안내 | 경기 하남시 생활권·지역 이용 안내 | 몽라운지","덕풍동 생활권에서 현재 위치와 인접 동을 확인하기 쉽도록 지역 정보를 구성했습니다. 경기 하남시 덕풍동 출장마사지 이용 전 위치와 지역 범위를 살펴볼 수 있습니다.","덕풍동 생활권에서 현재 위치와 인접 동을 확인하기 쉽도록 지역 정보를 구성했습니다. 경기 하남시 덕풍동 출장마사지 이용 전 위치와 지역 범위를 살펴볼 수 있습니다.","1","0","1","1"
"동랜딩","massage/미사동-출장마사지-하남시-생활권-이동동선-지역정보-이용전-안내/index.html","변경후보","미사동 출장마사지 | 경기 하남시 생활권·지역 이용 안내 | 몽라운지","미사동 출장마사지 | 경기 하남시 생활권·지역 이용 안내 | 몽라운지","중심으로 주변 생활권과 이동 방향을 확인할 수 있도록 정리했습니다. 경기 하남시 미사동 출장마사지 이용 전 현재 위치와 가까운 지역을 확인해 보세요.","중심으로 주변 생활권과 이동 방향을 확인할 수 있도록 정리했습니다. 경기 하남시 미사동 생활권 이용 이용 전 현재 위치와 가까운 지역을 확인해 보세요.","1","1","1","0"
"동랜딩","massage/신장동-출장마사지-하남시-생활권-이동동선-지역정보-이용전-안내/index.html","변경후보","신장동 출장마사지 | 경기 하남시 생활권·지역 이용 안내 | 몽라운지","신장동 지역 이용 안내 | 경기 하남시 생활권·지역 이용 안내 | 몽라운지","신장동 주변의 주거·업무 생활권과 인접 지역을 기준으로 위치 정보를 정리했습니다. 경기 하남시 신장동 출장마사지 이용 전 이동 범위를 확인할 수 있습니다.","신장동 주변의 주거·업무 생활권과 인접 지역을 기준으로 위치 정보를 정리했습니다. 경기 하남시 신장동 출장마사지 이용 전 이동 범위를 확인할 수 있습니다.","1","0","1","1"
"동랜딩","massage/위례동-출장마사지-하남시-생활권-이동동선-지역정보-이용전-안내/index.html","변경후보","위례동 출장마사지 | 경기 하남시 생활권·지역 이용 안내 | 몽라운지","위례동 출장마사지 | 경기 하남시 생활권·지역 이용 안내 | 몽라운지","위례동 지역에서 현재 위치를 설명하고 가까운 생활권을 찾기 쉽도록 기본 정보를 구성했습니다. 경기 하남시 위례동 출장마사지 이용 전 지역 선택에 참고하세요.","위례동 지역에서 현재 위치를 설명하고 가까운 생활권을 찾기 쉽도록 기본 정보를 구성했습니다. 경기 하남시 위례동 생활권 이용 이용 전 지역 선택에 참고하세요.","1","1","1","0"
"동랜딩","massage/천현동-출장마사지-하남시-생활권-이동동선-지역정보-이용전-안내/index.html","변경후보","천현동 출장마사지 | 경기 하남시 생활권·지역 이용 안내 | 몽라운지","천현동 지역 이용 안내 | 경기 하남시 생활권·지역 이용 안내 | 몽라운지","천현동 주변 생활권과 이동 흐름을 먼저 살펴보고 현재 위치를 확인하기 좋은 기준을 정리했습니다. 경기 하남시 천현동 출장마사지 이용 전 지역 범위를 확인해 보세요.","천현동 주변 생활권과 이동 흐름을 먼저 살펴보고 현재 위치를 확인하기 좋은 기준을 정리했습니다. 경기 하남시 천현동 출장마사지 이용 전 지역 범위를 확인해 보세요.","1","0","1","1"
"동랜딩","massage/초이동-출장마사지-하남시-생활권-이동동선-지역정보-이용전-안내/index.html","변경후보","초이동 출장마사지 | 경기 하남시 생활권·지역 이용 안내 | 몽라운지","초이동 생활권 안내 | 경기 하남시 생활권·지역 이용 안내 | 몽라운지","자주 오가는 생활권을 기준으로 위치와 인접 지역을 정리했습니다. 경기 하남시 초이동 출장마사지 이용 전 가까운 범위와 이동 방향을 비교해 보세요.","자주 오가는 생활권을 기준으로 위치와 인접 지역을 정리했습니다. 경기 하남시 초이동 지역 이용 이용 전 가까운 범위와 이동 방향을 비교해 보세요.","1","0","1","0"
"동랜딩","massage/춘궁동-출장마사지-하남시-생활권-이동동선-지역정보-이용전-안내/index.html","변경후보","춘궁동 출장마사지 | 경기 하남시 생활권·지역 이용 안내 | 몽라운지","춘궁동 지역 이용 안내 | 경기 하남시 생활권·지역 이용 안내 | 몽라운지","춘궁동 생활권에서 현재 위치와 인접 동을 확인하기 쉽도록 지역 정보를 구성했습니다. 경기 하남시 춘궁동 출장마사지 이용 전 위치와 지역 범위를 살펴볼 수 있습니다.","춘궁동 생활권에서 현재 위치와 인접 동을 확인하기 쉽도록 지역 정보를 구성했습니다. 경기 하남시 춘궁동 출장마사지 이용 전 위치와 지역 범위를 살펴볼 수 있습니다.","1","0","1","1"
"동랜딩","massage/개포동-출장마사지-강남구-생활권-이동동선-지역정보-이용전-안내/index.html","변경후보","개포동 출장마사지 | 서울 강남구 생활권·지역 이용 안내 | 몽라운지","개포동 출장마사지 | 서울 강남구 생활권·지역 이용 안내 | 몽라운지","주거권과 일상 이동 범위를 중심으로 지역 정보를 먼저 확인할 수 있게 정리했습니다. 서울 강남구 개포동 출장마사지 이용 전 위치와 인접 생활권을 비교해 보세요.","주거권과 일상 이동 범위를 중심으로 지역 정보를 먼저 확인할 수 있게 정리했습니다. 서울 강남구 개포동 생활권 이용 이용 전 위치와 인접 생활권을 비교해 보세요.","1","1","1","0"
"동랜딩","massage/논현동-출장마사지-강남구-생활권-이동동선-지역정보-이용전-안내/index.html","변경후보","논현동 출장마사지 | 서울 강남구 생활권·지역 이용 안내 | 몽라운지","논현동 지역 이용 안내 | 서울 강남구 생활권·지역 이용 안내 | 몽라운지","다른 생활권으로 이동할 때 참고하기 좋은 지역 기준과 위치 확인 항목을 정리했습니다. 서울 강남구 논현동 출장마사지 이용 전 지역 범위를 확인하는 안내입니다.","다른 생활권으로 이동할 때 참고하기 좋은 지역 기준과 위치 확인 항목을 정리했습니다. 서울 강남구 논현동 출장마사지 이용 전 지역 범위를 확인하는 안내입니다.","1","0","1","1"
"동랜딩","massage/대치동-출장마사지-강남구-생활권-이동동선-지역정보-이용전-안내/index.html","변경후보","대치동 출장마사지 | 서울 강남구 생활권·지역 이용 안내 | 몽라운지","대치동 출장마사지 | 서울 강남구 생활권·지역 이용 안내 | 몽라운지","대치동 생활권 안에서 현재 위치와 가까운 지역을 찾기 쉽도록 기본 지역 정보를 구성했습니다. 서울 강남구 대치동 출장마사지 이용 전 이동 방향과 주변 생활권을 확인해 보세요.","대치동 생활권 안에서 현재 위치와 가까운 지역을 찾기 쉽도록 기본 지역 정보를 구성했습니다. 서울 강남구 대치동 생활권 이용 이용 전 이동 방향과 주변 생활권을 확인해 보세요.","1","1","1","0"
"동랜딩","massage/도곡동-출장마사지-강남구-생활권-이동동선-지역정보-이용전-안내/index.html","변경후보","도곡동 출장마사지 | 서울 강남구 생활권·지역 이용 안내 | 몽라운지","도곡동 생활권 안내 | 서울 강남구 생활권·지역 이용 안내 | 몽라운지","중심으로 인접 생활권과 이동 범위를 먼저 살펴볼 수 있도록 지역 안내를 정리했습니다. 서울 강남구 도곡동 출장마사지 이용 전 위치 확인에 참고할 수 있습니다.","중심으로 인접 생활권과 이동 범위를 먼저 살펴볼 수 있도록 지역 안내를 정리했습니다. 서울 강남구 도곡동 지역 이용 이용 전 위치 확인에 참고할 수 있습니다.","1","0","1","0"
"동랜딩","massage/삼성동-출장마사지-강남구-생활권-이동동선-지역정보-이용전-안내/index.html","변경후보","삼성동 출장마사지 | 서울 강남구 생활권·지역 이용 안내 | 몽라운지","삼성동 생활권 안내 | 서울 강남구 생활권·지역 이용 안내 | 몽라운지","삼성동 주변 생활권을 기준으로 현재 위치와 인접 지역을 확인하는 방법을 정리했습니다. 서울 강남구 삼성동 출장마사지 이용 전 지역 선택과 이동 범위를 살펴보세요.","삼성동 주변 생활권을 기준으로 현재 위치와 인접 지역을 확인하는 방법을 정리했습니다. 서울 강남구 삼성동 지역 이용 이용 전 지역 선택과 이동 범위를 살펴보세요.","1","0","1","0"
"동랜딩","massage/세곡동-출장마사지-강남구-생활권-이동동선-지역정보-이용전-안내/index.html","변경후보","세곡동 출장마사지 | 서울 강남구 생활권·지역 이용 안내 | 몽라운지","세곡동 생활권 안내 | 서울 강남구 생활권·지역 이용 안내 | 몽라운지","세곡동 주변의 생활권과 이동 흐름을 먼저 살펴보고, 강남구 안에서 현재 위치를 설명하기 좋은 기준을 정리했습니다. 서울 강남구 세곡동 출장마사지 이용 전 지역 범위와 위치 정보를 확인해 보세요.","세곡동 주변의 생활권과 이동 흐름을 먼저 살펴보고, 강남구 안에서 현재 위치를 설명하기 좋은 기준을 정리했습니다. 서울 강남구 세곡동 지역 이용 이용 전 지역 범위와 위치 정보를 확인해 보세요.","1","0","1","0"
"동랜딩","massage/수서동-출장마사지-강남구-생활권-이동동선-지역정보-이용전-안내/index.html","변경후보","수서동 출장마사지 | 서울 강남구 생활권·지역 이용 안내 | 몽라운지","수서동 생활권 안내 | 서울 강남구 생활권·지역 이용 안내 | 몽라운지","자주 오가는 주거·상업 생활권을 기준으로 위치 확인 방법을 정리했습니다. 서울 강남구 수서동 출장마사지 이용 전 가까운 지역과 이동 범위를 비교할 때 참고할 수 있습니다.","자주 오가는 주거·상업 생활권을 기준으로 위치 확인 방법을 정리했습니다. 서울 강남구 수서동 지역 이용 이용 전 가까운 지역과 이동 범위를 비교할 때 참고할 수 있습니다.","1","0","1","0"
"동랜딩","massage/신사동-출장마사지-강남구-생활권-이동동선-지역정보-이용전-안내/index.html","변경후보","신사동 출장마사지 | 서울 강남구 생활권·지역 이용 안내 | 몽라운지","신사동 출장마사지 | 서울 강남구 생활권·지역 이용 안내 | 몽라운지","신사동 생활권의 기본적인 이동 방향과 인접 지역 확인 방법을 한 페이지에 정리했습니다. 서울 강남구 신사동 출장마사지 이용 전 현재 위치와 지역 범위를 먼저 확인해 보세요.","신사동 생활권의 기본적인 이동 방향과 인접 지역 확인 방법을 한 페이지에 정리했습니다. 서울 강남구 신사동 생활권 이용 이용 전 현재 위치와 지역 범위를 먼저 확인해 보세요.","1","1","1","0"
"동랜딩","massage/압구정동-출장마사지-강남구-생활권-이동동선-지역정보-이용전-안내/index.html","변경후보","압구정동 출장마사지 | 서울 강남구 생활권·지역 이용 안내 | 몽라운지","압구정동 생활권 안내 | 서울 강남구 생활권·지역 이용 안내 | 몽라운지","기준으로 가까운 생활권과 귀가·외출 동선을 확인할 수 있도록 지역 정보를 구성했습니다. 서울 강남구 압구정동 출장마사지 이용 전 위치 설명과 이동 범위를 확인하는 데 참고하세요.","기준으로 가까운 생활권과 귀가·외출 동선을 확인할 수 있도록 지역 정보를 구성했습니다. 서울 강남구 압구정동 지역 이용 이용 전 위치 설명과 이동 범위를 확인하는 데 참고하세요.","1","0","1","0"
"동랜딩","massage/역삼동-출장마사지-강남구-생활권-이동동선-지역정보-이용전-안내/index.html","변경후보","역삼동 출장마사지 | 서울 강남구 생활권·지역 이용 안내 | 몽라운지","역삼동 생활권 안내 | 서울 강남구 생활권·지역 이용 안내 | 몽라운지","역삼동 주변에서 현재 위치를 파악할 때 필요한 생활권 기준과 지역 선택 방법을 정리했습니다. 서울 강남구 역삼동 출장마사지 이용 전 가까운 범위와 이용 정보를 확인할 수 있습니다.","역삼동 주변에서 현재 위치를 파악할 때 필요한 생활권 기준과 지역 선택 방법을 정리했습니다. 서울 강남구 역삼동 지역 이용 이용 전 가까운 범위와 이용 정보를 확인할 수 있습니다.","1","0","1","0"
"동랜딩","massage/일원동-출장마사지-강남구-생활권-이동동선-지역정보-이용전-안내/index.html","변경후보","일원동 출장마사지 | 서울 강남구 생활권·지역 이용 안내 | 몽라운지","일원동 지역 이용 안내 | 서울 강남구 생활권·지역 이용 안내 | 몽라운지","주거권과 일상 이동 범위를 중심으로 지역 정보를 먼저 확인할 수 있게 정리했습니다. 서울 강남구 일원동 출장마사지 이용 전 위치와 인접 생활권을 비교해 보세요.","주거권과 일상 이동 범위를 중심으로 지역 정보를 먼저 확인할 수 있게 정리했습니다. 서울 강남구 일원동 출장마사지 이용 전 위치와 인접 생활권을 비교해 보세요.","1","0","1","1"
"동랜딩","massage/일원본동-출장마사지-강남구-생활권-이동동선-지역정보-이용전-안내/index.html","변경후보","일원본동 출장마사지 | 서울 강남구 생활권·지역 이용 안내 | 몽라운지","일원본동 생활권 안내 | 서울 강남구 생활권·지역 이용 안내 | 몽라운지","다른 생활권으로 이동할 때 참고하기 좋은 지역 기준과 위치 확인 항목을 정리했습니다. 서울 강남구 일원본동 출장마사지 이용 전 지역 범위를 확인하는 안내입니다.","다른 생활권으로 이동할 때 참고하기 좋은 지역 기준과 위치 확인 항목을 정리했습니다. 서울 강남구 일원본동 지역 이용 이용 전 지역 범위를 확인하는 안내입니다.","1","0","1","0"
"동랜딩","massage/청담동-출장마사지-강남구-생활권-이동동선-지역정보-이용전-안내/index.html","변경후보","청담동 출장마사지 | 서울 강남구 생활권·지역 이용 안내 | 몽라운지","청담동 생활권 안내 | 서울 강남구 생활권·지역 이용 안내 | 몽라운지","청담동 생활권 안에서 현재 위치와 가까운 지역을 찾기 쉽도록 기본 지역 정보를 구성했습니다. 서울 강남구 청담동 출장마사지 이용 전 이동 방향과 주변 생활권을 확인해 보세요.","청담동 생활권 안에서 현재 위치와 가까운 지역을 찾기 쉽도록 기본 지역 정보를 구성했습니다. 서울 강남구 청담동 지역 이용 이용 전 이동 방향과 주변 생활권을 확인해 보세요.","1","0","1","0"
"동랜딩","massage/강일동-출장마사지-강동구-생활권-이동동선-지역정보-이용전-안내/index.html","변경후보","강일동 출장마사지 | 서울 강동구 생활권·지역 이용 안내 | 몽라운지","강일동 생활권 안내 | 서울 강동구 생활권·지역 이용 안내 | 몽라운지","중심으로 인접 생활권과 이동 범위를 먼저 살펴볼 수 있도록 지역 안내를 정리했습니다. 서울 강동구 강일동 출장마사지 이용 전 위치 확인에 참고할 수 있습니다.","중심으로 인접 생활권과 이동 범위를 먼저 살펴볼 수 있도록 지역 안내를 정리했습니다. 서울 강동구 강일동 지역 이용 이용 전 위치 확인에 참고할 수 있습니다.","1","0","1","0"
"동랜딩","massage/고덕동-출장마사지-강동구-생활권-이동동선-지역정보-이용전-안내/index.html","변경후보","고덕동 출장마사지 | 서울 강동구 생활권·지역 이용 안내 | 몽라운지","고덕동 생활권 안내 | 서울 강동구 생활권·지역 이용 안내 | 몽라운지","고덕동 주변 생활권을 기준으로 현재 위치와 인접 지역을 확인하는 방법을 정리했습니다. 서울 강동구 고덕동 출장마사지 이용 전 지역 선택과 이동 범위를 살펴보세요.","고덕동 주변 생활권을 기준으로 현재 위치와 인접 지역을 확인하는 방법을 정리했습니다. 서울 강동구 고덕동 지역 이용 이용 전 지역 선택과 이동 범위를 살펴보세요.","1","0","1","0"
"동랜딩","massage/길동-출장마사지-강동구-생활권-이동동선-지역정보-이용전-안내/index.html","변경후보","길동 출장마사지 | 서울 강동구 생활권·지역 이용 안내 | 몽라운지","길동 지역 이용 안내 | 서울 강동구 생활권·지역 이용 안내 | 몽라운지","길동 주변의 생활권과 이동 흐름을 먼저 살펴보고, 강동구 안에서 현재 위치를 설명하기 좋은 기준을 정리했습니다. 서울 강동구 길동 출장마사지 이용 전 지역 범위와 위치 정보를 확인해 보세요.","길동 주변의 생활권과 이동 흐름을 먼저 살펴보고, 강동구 안에서 현재 위치를 설명하기 좋은 기준을 정리했습니다. 서울 강동구 길동 출장마사지 이용 전 지역 범위와 위치 정보를 확인해 보세요.","1","0","1","1"
"동랜딩","massage/둔촌동-출장마사지-강동구-생활권-이동동선-지역정보-이용전-안내/index.html","변경후보","둔촌동 출장마사지 | 서울 강동구 생활권·지역 이용 안내 | 몽라운지","둔촌동 출장마사지 | 서울 강동구 생활권·지역 이용 안내 | 몽라운지","자주 오가는 주거·상업 생활권을 기준으로 위치 확인 방법을 정리했습니다. 서울 강동구 둔촌동 출장마사지 이용 전 가까운 지역과 이동 범위를 비교할 때 참고할 수 있습니다.","자주 오가는 주거·상업 생활권을 기준으로 위치 확인 방법을 정리했습니다. 서울 강동구 둔촌동 생활권 이용 이용 전 가까운 지역과 이동 범위를 비교할 때 참고할 수 있습니다.","1","1","1","0"
"동랜딩","massage/명일동-출장마사지-강동구-생활권-이동동선-지역정보-이용전-안내/index.html","변경후보","명일동 출장마사지 | 서울 강동구 생활권·지역 이용 안내 | 몽라운지","명일동 생활권 안내 | 서울 강동구 생활권·지역 이용 안내 | 몽라운지","명일동 생활권의 기본적인 이동 방향과 인접 지역 확인 방법을 한 페이지에 정리했습니다. 서울 강동구 명일동 출장마사지 이용 전 현재 위치와 지역 범위를 먼저 확인해 보세요.","명일동 생활권의 기본적인 이동 방향과 인접 지역 확인 방법을 한 페이지에 정리했습니다. 서울 강동구 명일동 지역 이용 이용 전 현재 위치와 지역 범위를 먼저 확인해 보세요.","1","0","1","0"
"동랜딩","massage/상일동-출장마사지-강동구-생활권-이동동선-지역정보-이용전-안내/index.html","변경후보","상일동 출장마사지 | 서울 강동구 생활권·지역 이용 안내 | 몽라운지","상일동 생활권 안내 | 서울 강동구 생활권·지역 이용 안내 | 몽라운지","기준으로 가까운 생활권과 귀가·외출 동선을 확인할 수 있도록 지역 정보를 구성했습니다. 서울 강동구 상일동 출장마사지 이용 전 위치 설명과 이동 범위를 확인하는 데 참고하세요.","기준으로 가까운 생활권과 귀가·외출 동선을 확인할 수 있도록 지역 정보를 구성했습니다. 서울 강동구 상일동 지역 이용 이용 전 위치 설명과 이동 범위를 확인하는 데 참고하세요.","1","0","1","0"
"동랜딩","massage/성내동-출장마사지-강동구-생활권-이동동선-지역정보-이용전-안내/index.html","변경후보","성내동 출장마사지 | 서울 강동구 생활권·지역 이용 안내 | 몽라운지","성내동 출장마사지 | 서울 강동구 생활권·지역 이용 안내 | 몽라운지","성내동 주변에서 현재 위치를 파악할 때 필요한 생활권 기준과 지역 선택 방법을 정리했습니다. 서울 강동구 성내동 출장마사지 이용 전 가까운 범위와 이용 정보를 확인할 수 있습니다.","성내동 주변에서 현재 위치를 파악할 때 필요한 생활권 기준과 지역 선택 방법을 정리했습니다. 서울 강동구 성내동 생활권 이용 이용 전 가까운 범위와 이용 정보를 확인할 수 있습니다.","1","1","1","0"
"동랜딩","massage/암사동-출장마사지-강동구-생활권-이동동선-지역정보-이용전-안내/index.html","변경후보","암사동 출장마사지 | 서울 강동구 생활권·지역 이용 안내 | 몽라운지","암사동 생활권 안내 | 서울 강동구 생활권·지역 이용 안내 | 몽라운지","주거권과 일상 이동 범위를 중심으로 지역 정보를 먼저 확인할 수 있게 정리했습니다. 서울 강동구 암사동 출장마사지 이용 전 위치와 인접 생활권을 비교해 보세요.","주거권과 일상 이동 범위를 중심으로 지역 정보를 먼저 확인할 수 있게 정리했습니다. 서울 강동구 암사동 지역 이용 이용 전 위치와 인접 생활권을 비교해 보세요.","1","0","1","0"
"동랜딩","massage/천호동-출장마사지-강동구-생활권-이동동선-지역정보-이용전-안내/index.html","변경후보","천호동 출장마사지 | 서울 강동구 생활권·지역 이용 안내 | 몽라운지","천호동 생활권 안내 | 서울 강동구 생활권·지역 이용 안내 | 몽라운지","다른 생활권으로 이동할 때 참고하기 좋은 지역 기준과 위치 확인 항목을 정리했습니다. 서울 강동구 천호동 출장마사지 이용 전 지역 범위를 확인하는 안내입니다.","다른 생활권으로 이동할 때 참고하기 좋은 지역 기준과 위치 확인 항목을 정리했습니다. 서울 강동구 천호동 지역 이용 이용 전 지역 범위를 확인하는 안내입니다.","1","0","1","0"
"동랜딩","massage/미아동-출장마사지-강북구-생활권-이동동선-지역정보-이용전-안내/index.html","변경후보","미아동 출장마사지 | 서울 강북구 생활권·지역 이용 안내 | 몽라운지","미아동 출장마사지 | 서울 강북구 생활권·지역 이용 안내 | 몽라운지","미아동 생활권 안에서 현재 위치와 가까운 지역을 찾기 쉽도록 기본 지역 정보를 구성했습니다. 서울 강북구 미아동 출장마사지 이용 전 이동 방향과 주변 생활권을 확인해 보세요.","미아동 생활권 안에서 현재 위치와 가까운 지역을 찾기 쉽도록 기본 지역 정보를 구성했습니다. 서울 강북구 미아동 생활권 이용 이용 전 이동 방향과 주변 생활권을 확인해 보세요.","1","1","1","0"
"동랜딩","massage/번동-출장마사지-강북구-생활권-이동동선-지역정보-이용전-안내/index.html","변경후보","번동 출장마사지 | 서울 강북구 생활권·지역 이용 안내 | 몽라운지","번동 생활권 안내 | 서울 강북구 생활권·지역 이용 안내 | 몽라운지","중심으로 인접 생활권과 이동 범위를 먼저 살펴볼 수 있도록 지역 안내를 정리했습니다. 서울 강북구 번동 출장마사지 이용 전 위치 확인에 참고할 수 있습니다.","중심으로 인접 생활권과 이동 범위를 먼저 살펴볼 수 있도록 지역 안내를 정리했습니다. 서울 강북구 번동 지역 이용 이용 전 위치 확인에 참고할 수 있습니다.","1","0","1","0"
"동랜딩","massage/삼각산동-출장마사지-강북구-생활권-이동동선-지역정보-이용전-안내/index.html","변경후보","삼각산동 출장마사지 | 서울 강북구 생활권·지역 이용 안내 | 몽라운지","삼각산동 생활권 안내 | 서울 강북구 생활권·지역 이용 안내 | 몽라운지","삼각산동 주변 생활권을 기준으로 현재 위치와 인접 지역을 확인하는 방법을 정리했습니다. 서울 강북구 삼각산동 출장마사지 이용 전 지역 선택과 이동 범위를 살펴보세요.","삼각산동 주변 생활권을 기준으로 현재 위치와 인접 지역을 확인하는 방법을 정리했습니다. 서울 강북구 삼각산동 지역 이용 이용 전 지역 선택과 이동 범위를 살펴보세요.","1","0","1","0"
"동랜딩","massage/삼양동-출장마사지-강북구-생활권-이동동선-지역정보-이용전-안내/index.html","변경후보","삼양동 출장마사지 | 서울 강북구 생활권·지역 이용 안내 | 몽라운지","삼양동 지역 이용 안내 | 서울 강북구 생활권·지역 이용 안내 | 몽라운지","삼양동 주변의 생활권과 이동 흐름을 먼저 살펴보고, 강북구 안에서 현재 위치를 설명하기 좋은 기준을 정리했습니다. 서울 강북구 삼양동 출장마사지 이용 전 지역 범위와 위치 정보를 확인해 보세요.","삼양동 주변의 생활권과 이동 흐름을 먼저 살펴보고, 강북구 안에서 현재 위치를 설명하기 좋은 기준을 정리했습니다. 서울 강북구 삼양동 출장마사지 이용 전 지역 범위와 위치 정보를 확인해 보세요.","1","0","1","1"
"동랜딩","massage/송중동-출장마사지-강북구-생활권-이동동선-지역정보-이용전-안내/index.html","변경후보","송중동 출장마사지 | 서울 강북구 생활권·지역 이용 안내 | 몽라운지","송중동 지역 이용 안내 | 서울 강북구 생활권·지역 이용 안내 | 몽라운지","자주 오가는 주거·상업 생활권을 기준으로 위치 확인 방법을 정리했습니다. 서울 강북구 송중동 출장마사지 이용 전 가까운 지역과 이동 범위를 비교할 때 참고할 수 있습니다.","자주 오가는 주거·상업 생활권을 기준으로 위치 확인 방법을 정리했습니다. 서울 강북구 송중동 출장마사지 이용 전 가까운 지역과 이동 범위를 비교할 때 참고할 수 있습니다.","1","0","1","1"
"동랜딩","massage/송천동-출장마사지-강북구-생활권-이동동선-지역정보-이용전-안내/index.html","변경후보","송천동 출장마사지 | 서울 강북구 생활권·지역 이용 안내 | 몽라운지","송천동 생활권 안내 | 서울 강북구 생활권·지역 이용 안내 | 몽라운지","송천동 생활권의 기본적인 이동 방향과 인접 지역 확인 방법을 한 페이지에 정리했습니다. 서울 강북구 송천동 출장마사지 이용 전 현재 위치와 지역 범위를 먼저 확인해 보세요.","송천동 생활권의 기본적인 이동 방향과 인접 지역 확인 방법을 한 페이지에 정리했습니다. 서울 강북구 송천동 지역 이용 이용 전 현재 위치와 지역 범위를 먼저 확인해 보세요.","1","0","1","0"
"동랜딩","massage/수유동-출장마사지-강북구-생활권-이동동선-지역정보-이용전-안내/index.html","변경후보","수유동 출장마사지 | 서울 강북구 생활권·지역 이용 안내 | 몽라운지","수유동 지역 이용 안내 | 서울 강북구 생활권·지역 이용 안내 | 몽라운지","기준으로 가까운 생활권과 귀가·외출 동선을 확인할 수 있도록 지역 정보를 구성했습니다. 서울 강북구 수유동 출장마사지 이용 전 위치 설명과 이동 범위를 확인하는 데 참고하세요.","기준으로 가까운 생활권과 귀가·외출 동선을 확인할 수 있도록 지역 정보를 구성했습니다. 서울 강북구 수유동 출장마사지 이용 전 위치 설명과 이동 범위를 확인하는 데 참고하세요.","1","0","1","1"
"동랜딩","massage/우이동-출장마사지-강북구-생활권-이동동선-지역정보-이용전-안내/index.html","변경후보","우이동 출장마사지 | 서울 강북구 생활권·지역 이용 안내 | 몽라운지","우이동 지역 이용 안내 | 서울 강북구 생활권·지역 이용 안내 | 몽라운지","우이동 주변에서 현재 위치를 파악할 때 필요한 생활권 기준과 지역 선택 방법을 정리했습니다. 서울 강북구 우이동 출장마사지 이용 전 가까운 범위와 이용 정보를 확인할 수 있습니다.","우이동 주변에서 현재 위치를 파악할 때 필요한 생활권 기준과 지역 선택 방법을 정리했습니다. 서울 강북구 우이동 출장마사지 이용 전 가까운 범위와 이용 정보를 확인할 수 있습니다.","1","0","1","1"
"동랜딩","massage/인수동-출장마사지-강북구-생활권-이동동선-지역정보-이용전-안내/index.html","변경후보","인수동 출장마사지 | 서울 강북구 생활권·지역 이용 안내 | 몽라운지","인수동 생활권 안내 | 서울 강북구 생활권·지역 이용 안내 | 몽라운지","주거권과 일상 이동 범위를 중심으로 지역 정보를 먼저 확인할 수 있게 정리했습니다. 서울 강북구 인수동 출장마사지 이용 전 위치와 인접 생활권을 비교해 보세요.","주거권과 일상 이동 범위를 중심으로 지역 정보를 먼저 확인할 수 있게 정리했습니다. 서울 강북구 인수동 지역 이용 이용 전 위치와 인접 생활권을 비교해 보세요.","1","0","1","0"
"동랜딩","massage/가양동-출장마사지-강서구-생활권-이동동선-지역정보-이용전-안내/index.html","변경후보","가양동 출장마사지 | 서울 강서구 생활권·지역 이용 안내 | 몽라운지","가양동 생활권 안내 | 서울 강서구 생활권·지역 이용 안내 | 몽라운지","다른 생활권으로 이동할 때 참고하기 좋은 지역 기준과 위치 확인 항목을 정리했습니다. 서울 강서구 가양동 출장마사지 이용 전 지역 범위를 확인하는 안내입니다.","다른 생활권으로 이동할 때 참고하기 좋은 지역 기준과 위치 확인 항목을 정리했습니다. 서울 강서구 가양동 지역 이용 이용 전 지역 범위를 확인하는 안내입니다.","1","0","1","0"
"동랜딩","massage/공항동-출장마사지-강서구-생활권-이동동선-지역정보-이용전-안내/index.html","변경후보","공항동 출장마사지 | 서울 강서구 생활권·지역 이용 안내 | 몽라운지","공항동 생활권 안내 | 서울 강서구 생활권·지역 이용 안내 | 몽라운지","공항동 생활권 안에서 현재 위치와 가까운 지역을 찾기 쉽도록 기본 지역 정보를 구성했습니다. 서울 강서구 공항동 출장마사지 이용 전 이동 방향과 주변 생활권을 확인해 보세요.","공항동 생활권 안에서 현재 위치와 가까운 지역을 찾기 쉽도록 기본 지역 정보를 구성했습니다. 서울 강서구 공항동 지역 이용 이용 전 이동 방향과 주변 생활권을 확인해 보세요.","1","0","1","0"
"동랜딩","massage/등촌동-출장마사지-강서구-생활권-이동동선-지역정보-이용전-안내/index.html","변경후보","등촌동 출장마사지 | 서울 강서구 생활권·지역 이용 안내 | 몽라운지","등촌동 출장마사지 | 서울 강서구 생활권·지역 이용 안내 | 몽라운지","중심으로 인접 생활권과 이동 범위를 먼저 살펴볼 수 있도록 지역 안내를 정리했습니다. 서울 강서구 등촌동 출장마사지 이용 전 위치 확인에 참고할 수 있습니다.","중심으로 인접 생활권과 이동 범위를 먼저 살펴볼 수 있도록 지역 안내를 정리했습니다. 서울 강서구 등촌동 생활권 이용 이용 전 위치 확인에 참고할 수 있습니다.","1","1","1","0"
"동랜딩","massage/발산동-출장마사지-강서구-생활권-이동동선-지역정보-이용전-안내/index.html","변경후보","발산동 출장마사지 | 서울 강서구 생활권·지역 이용 안내 | 몽라운지","발산동 출장마사지 | 서울 강서구 생활권·지역 이용 안내 | 몽라운지","발산동 주변 생활권을 기준으로 현재 위치와 인접 지역을 확인하는 방법을 정리했습니다. 서울 강서구 발산동 출장마사지 이용 전 지역 선택과 이동 범위를 살펴보세요.","발산동 주변 생활권을 기준으로 현재 위치와 인접 지역을 확인하는 방법을 정리했습니다. 서울 강서구 발산동 생활권 이용 이용 전 지역 선택과 이동 범위를 살펴보세요.","1","1","1","0"
"동랜딩","massage/방화동-출장마사지-강서구-생활권-이동동선-지역정보-이용전-안내/index.html","변경후보","방화동 출장마사지 | 서울 강서구 생활권·지역 이용 안내 | 몽라운지","방화동 출장마사지 | 서울 강서구 생활권·지역 이용 안내 | 몽라운지","방화동 주변의 생활권과 이동 흐름을 먼저 살펴보고, 강서구 안에서 현재 위치를 설명하기 좋은 기준을 정리했습니다. 서울 강서구 방화동 출장마사지 이용 전 지역 범위와 위치 정보를 확인해 보세요.","방화동 주변의 생활권과 이동 흐름을 먼저 살펴보고, 강서구 안에서 현재 위치를 설명하기 좋은 기준을 정리했습니다. 서울 강서구 방화동 생활권 이용 이용 전 지역 범위와 위치 정보를 확인해 보세요.","1","1","1","0"
"동랜딩","massage/우장산동-출장마사지-강서구-생활권-이동동선-지역정보-이용전-안내/index.html","변경후보","우장산동 출장마사지 | 서울 강서구 생활권·지역 이용 안내 | 몽라운지","우장산동 출장마사지 | 서울 강서구 생활권·지역 이용 안내 | 몽라운지","우장산동 생활권의 기본적인 이동 방향과 인접 지역 확인 방법을 한 페이지에 정리했습니다. 서울 강서구 우장산동 출장마사지 이용 전 현재 위치와 지역 범위를 먼저 확인해 보세요.","우장산동 생활권의 기본적인 이동 방향과 인접 지역 확인 방법을 한 페이지에 정리했습니다. 서울 강서구 우장산동 생활권 이용 이용 전 현재 위치와 지역 범위를 먼저 확인해 보세요.","1","1","1","0"
"동랜딩","massage/화곡본동-출장마사지-강서구-생활권-이동동선-지역정보-이용전-안내/index.html","변경후보","화곡본동 출장마사지 | 서울 강서구 생활권·지역 이용 안내 | 몽라운지","화곡본동 지역 이용 안내 | 서울 강서구 생활권·지역 이용 안내 | 몽라운지","화곡본동 주변에서 현재 위치를 파악할 때 필요한 생활권 기준과 지역 선택 방법을 정리했습니다. 서울 강서구 화곡본동 출장마사지 이용 전 가까운 범위와 이용 정보를 확인할 수 있습니다.","화곡본동 주변에서 현재 위치를 파악할 때 필요한 생활권 기준과 지역 선택 방법을 정리했습니다. 서울 강서구 화곡본동 출장마사지 이용 전 가까운 범위와 이용 정보를 확인할 수 있습니다.","1","0","1","1"
"동랜딩","massage/낙성대동-출장마사지-관악구-생활권-이동동선-지역정보-이용전-안내/index.html","변경후보","낙성대동 출장마사지 | 서울 관악구 생활권·지역 이용 안내 | 몽라운지","낙성대동 생활권 안내 | 서울 관악구 생활권·지역 이용 안내 | 몽라운지","주거권과 일상 이동 범위를 중심으로 지역 정보를 먼저 확인할 수 있게 정리했습니다. 서울 관악구 낙성대동 출장마사지 이용 전 위치와 인접 생활권을 비교해 보세요.","주거권과 일상 이동 범위를 중심으로 지역 정보를 먼저 확인할 수 있게 정리했습니다. 서울 관악구 낙성대동 지역 이용 이용 전 위치와 인접 생활권을 비교해 보세요.","1","0","1","0"
"동랜딩","massage/난곡동-출장마사지-관악구-생활권-이동동선-지역정보-이용전-안내/index.html","변경후보","난곡동 출장마사지 | 서울 관악구 생활권·지역 이용 안내 | 몽라운지","난곡동 생활권 안내 | 서울 관악구 생활권·지역 이용 안내 | 몽라운지","다른 생활권으로 이동할 때 참고하기 좋은 지역 기준과 위치 확인 항목을 정리했습니다. 서울 관악구 난곡동 출장마사지 이용 전 지역 범위를 확인하는 안내입니다.","다른 생활권으로 이동할 때 참고하기 좋은 지역 기준과 위치 확인 항목을 정리했습니다. 서울 관악구 난곡동 지역 이용 이용 전 지역 범위를 확인하는 안내입니다.","1","0","1","0"
"동랜딩","massage/난향동-출장마사지-관악구-생활권-이동동선-지역정보-이용전-안내/index.html","변경후보","난향동 출장마사지 | 서울 관악구 생활권·지역 이용 안내 | 몽라운지","난향동 지역 이용 안내 | 서울 관악구 생활권·지역 이용 안내 | 몽라운지","난향동 생활권 안에서 현재 위치와 가까운 지역을 찾기 쉽도록 기본 지역 정보를 구성했습니다. 서울 관악구 난향동 출장마사지 이용 전 이동 방향과 주변 생활권을 확인해 보세요.","난향동 생활권 안에서 현재 위치와 가까운 지역을 찾기 쉽도록 기본 지역 정보를 구성했습니다. 서울 관악구 난향동 출장마사지 이용 전 이동 방향과 주변 생활권을 확인해 보세요.","1","0","1","1"
"동랜딩","massage/남현동-출장마사지-관악구-생활권-이동동선-지역정보-이용전-안내/index.html","변경후보","남현동 출장마사지 | 서울 관악구 생활권·지역 이용 안내 | 몽라운지","남현동 출장마사지 | 서울 관악구 생활권·지역 이용 안내 | 몽라운지","중심으로 인접 생활권과 이동 범위를 먼저 살펴볼 수 있도록 지역 안내를 정리했습니다. 서울 관악구 남현동 출장마사지 이용 전 위치 확인에 참고할 수 있습니다.","중심으로 인접 생활권과 이동 범위를 먼저 살펴볼 수 있도록 지역 안내를 정리했습니다. 서울 관악구 남현동 생활권 이용 이용 전 위치 확인에 참고할 수 있습니다.","1","1","1","0"
"동랜딩","massage/대학동-출장마사지-관악구-생활권-이동동선-지역정보-이용전-안내/index.html","변경후보","대학동 출장마사지 | 서울 관악구 생활권·지역 이용 안내 | 몽라운지","대학동 출장마사지 | 서울 관악구 생활권·지역 이용 안내 | 몽라운지","대학동 주변 생활권을 기준으로 현재 위치와 인접 지역을 확인하는 방법을 정리했습니다. 서울 관악구 대학동 출장마사지 이용 전 지역 선택과 이동 범위를 살펴보세요.","대학동 주변 생활권을 기준으로 현재 위치와 인접 지역을 확인하는 방법을 정리했습니다. 서울 관악구 대학동 생활권 이용 이용 전 지역 선택과 이동 범위를 살펴보세요.","1","1","1","0"
"동랜딩","massage/미성동-출장마사지-관악구-생활권-이동동선-지역정보-이용전-안내/index.html","변경후보","미성동 출장마사지 | 서울 관악구 생활권·지역 이용 안내 | 몽라운지","미성동 지역 이용 안내 | 서울 관악구 생활권·지역 이용 안내 | 몽라운지","미성동 주변의 생활권과 이동 흐름을 먼저 살펴보고, 관악구 안에서 현재 위치를 설명하기 좋은 기준을 정리했습니다. 서울 관악구 미성동 출장마사지 이용 전 지역 범위와 위치 정보를 확인해 보세요.","미성동 주변의 생활권과 이동 흐름을 먼저 살펴보고, 관악구 안에서 현재 위치를 설명하기 좋은 기준을 정리했습니다. 서울 관악구 미성동 출장마사지 이용 전 지역 범위와 위치 정보를 확인해 보세요.","1","0","1","1"
"동랜딩","massage/보라매동-출장마사지-관악구-생활권-이동동선-지역정보-이용전-안내/index.html","변경후보","보라매동 출장마사지 | 서울 관악구 생활권·지역 이용 안내 | 몽라운지","보라매동 생활권 안내 | 서울 관악구 생활권·지역 이용 안내 | 몽라운지","자주 오가는 주거·상업 생활권을 기준으로 위치 확인 방법을 정리했습니다. 서울 관악구 보라매동 출장마사지 이용 전 가까운 지역과 이동 범위를 비교할 때 참고할 수 있습니다.","자주 오가는 주거·상업 생활권을 기준으로 위치 확인 방법을 정리했습니다. 서울 관악구 보라매동 지역 이용 이용 전 가까운 지역과 이동 범위를 비교할 때 참고할 수 있습니다.","1","0","1","0"
"동랜딩","massage/삼성동-출장마사지-관악구-생활권-이동동선-지역정보-이용전-안내/index.html","변경후보","삼성동 출장마사지 | 서울 관악구 생활권·지역 이용 안내 | 몽라운지","삼성동 출장마사지 | 서울 관악구 생활권·지역 이용 안내 | 몽라운지","삼성동 생활권의 기본적인 이동 방향과 인접 지역 확인 방법을 한 페이지에 정리했습니다. 서울 관악구 삼성동 출장마사지 이용 전 현재 위치와 지역 범위를 먼저 확인해 보세요.","삼성동 생활권의 기본적인 이동 방향과 인접 지역 확인 방법을 한 페이지에 정리했습니다. 서울 관악구 삼성동 생활권 이용 이용 전 현재 위치와 지역 범위를 먼저 확인해 보세요.","1","1","1","0"
"동랜딩","massage/서림동-출장마사지-관악구-생활권-이동동선-지역정보-이용전-안내/index.html","변경후보","서림동 출장마사지 | 서울 관악구 생활권·지역 이용 안내 | 몽라운지","서림동 생활권 안내 | 서울 관악구 생활권·지역 이용 안내 | 몽라운지","기준으로 가까운 생활권과 귀가·외출 동선을 확인할 수 있도록 지역 정보를 구성했습니다. 서울 관악구 서림동 출장마사지 이용 전 위치 설명과 이동 범위를 확인하는 데 참고하세요.","기준으로 가까운 생활권과 귀가·외출 동선을 확인할 수 있도록 지역 정보를 구성했습니다. 서울 관악구 서림동 지역 이용 이용 전 위치 설명과 이동 범위를 확인하는 데 참고하세요.","1","0","1","0"
"동랜딩","massage/서원동-출장마사지-관악구-생활권-이동동선-지역정보-이용전-안내/index.html","변경후보","서원동 출장마사지 | 서울 관악구 생활권·지역 이용 안내 | 몽라운지","서원동 생활권 안내 | 서울 관악구 생활권·지역 이용 안내 | 몽라운지","서원동 주변에서 현재 위치를 파악할 때 필요한 생활권 기준과 지역 선택 방법을 정리했습니다. 서울 관악구 서원동 출장마사지 이용 전 가까운 범위와 이용 정보를 확인할 수 있습니다.","서원동 주변에서 현재 위치를 파악할 때 필요한 생활권 기준과 지역 선택 방법을 정리했습니다. 서울 관악구 서원동 지역 이용 이용 전 가까운 범위와 이용 정보를 확인할 수 있습니다.","1","0","1","0"
"동랜딩","massage/성현동-출장마사지-관악구-생활권-이동동선-지역정보-이용전-안내/index.html","변경후보","성현동 출장마사지 | 서울 관악구 생활권·지역 이용 안내 | 몽라운지","성현동 출장마사지 | 서울 관악구 생활권·지역 이용 안내 | 몽라운지","주거권과 일상 이동 범위를 중심으로 지역 정보를 먼저 확인할 수 있게 정리했습니다. 서울 관악구 성현동 출장마사지 이용 전 위치와 인접 생활권을 비교해 보세요.","주거권과 일상 이동 범위를 중심으로 지역 정보를 먼저 확인할 수 있게 정리했습니다. 서울 관악구 성현동 생활권 이용 이용 전 위치와 인접 생활권을 비교해 보세요.","1","1","1","0"
"동랜딩","massage/신림동-출장마사지-관악구-생활권-이동동선-지역정보-이용전-안내/index.html","변경후보","신림동 출장마사지 | 서울 관악구 생활권·지역 이용 안내 | 몽라운지","신림동 지역 이용 안내 | 서울 관악구 생활권·지역 이용 안내 | 몽라운지","다른 생활권으로 이동할 때 참고하기 좋은 지역 기준과 위치 확인 항목을 정리했습니다. 서울 관악구 신림동 출장마사지 이용 전 지역 범위를 확인하는 안내입니다.","다른 생활권으로 이동할 때 참고하기 좋은 지역 기준과 위치 확인 항목을 정리했습니다. 서울 관악구 신림동 출장마사지 이용 전 지역 범위를 확인하는 안내입니다.","1","0","1","1"
"동랜딩","massage/신사동-출장마사지-관악구-생활권-이동동선-지역정보-이용전-안내/index.html","변경후보","신사동 출장마사지 | 서울 관악구 생활권·지역 이용 안내 | 몽라운지","신사동 지역 이용 안내 | 서울 관악구 생활권·지역 이용 안내 | 몽라운지","신사동 생활권 안에서 현재 위치와 가까운 지역을 찾기 쉽도록 기본 지역 정보를 구성했습니다. 서울 관악구 신사동 출장마사지 이용 전 이동 방향과 주변 생활권을 확인해 보세요.","신사동 생활권 안에서 현재 위치와 가까운 지역을 찾기 쉽도록 기본 지역 정보를 구성했습니다. 서울 관악구 신사동 출장마사지 이용 전 이동 방향과 주변 생활권을 확인해 보세요.","1","0","1","1"
"동랜딩","massage/신원동-출장마사지-관악구-생활권-이동동선-지역정보-이용전-안내/index.html","변경후보","신원동 출장마사지 | 서울 관악구 생활권·지역 이용 안내 | 몽라운지","신원동 지역 이용 안내 | 서울 관악구 생활권·지역 이용 안내 | 몽라운지","중심으로 인접 생활권과 이동 범위를 먼저 살펴볼 수 있도록 지역 안내를 정리했습니다. 서울 관악구 신원동 출장마사지 이용 전 위치 확인에 참고할 수 있습니다.","중심으로 인접 생활권과 이동 범위를 먼저 살펴볼 수 있도록 지역 안내를 정리했습니다. 서울 관악구 신원동 출장마사지 이용 전 위치 확인에 참고할 수 있습니다.","1","0","1","1"
"동랜딩","massage/은천동-출장마사지-관악구-생활권-이동동선-지역정보-이용전-안내/index.html","변경후보","은천동 출장마사지 | 서울 관악구 생활권·지역 이용 안내 | 몽라운지","은천동 지역 이용 안내 | 서울 관악구 생활권·지역 이용 안내 | 몽라운지","은천동 주변 생활권을 기준으로 현재 위치와 인접 지역을 확인하는 방법을 정리했습니다. 서울 관악구 은천동 출장마사지 이용 전 지역 선택과 이동 범위를 살펴보세요.","은천동 주변 생활권을 기준으로 현재 위치와 인접 지역을 확인하는 방법을 정리했습니다. 서울 관악구 은천동 출장마사지 이용 전 지역 선택과 이동 범위를 살펴보세요.","1","0","1","1"
"동랜딩","massage/인헌동-출장마사지-관악구-생활권-이동동선-지역정보-이용전-안내/index.html","변경후보","인헌동 출장마사지 | 서울 관악구 생활권·지역 이용 안내 | 몽라운지","인헌동 출장마사지 | 서울 관악구 생활권·지역 이용 안내 | 몽라운지","인헌동 주변의 생활권과 이동 흐름을 먼저 살펴보고, 관악구 안에서 현재 위치를 설명하기 좋은 기준을 정리했습니다. 서울 관악구 인헌동 출장마사지 이용 전 지역 범위와 위치 정보를 확인해 보세요.","인헌동 주변의 생활권과 이동 흐름을 먼저 살펴보고, 관악구 안에서 현재 위치를 설명하기 좋은 기준을 정리했습니다. 서울 관악구 인헌동 생활권 이용 이용 전 지역 범위와 위치 정보를 확인해 보세요.","1","1","1","0"
"동랜딩","massage/조원동-출장마사지-관악구-생활권-이동동선-지역정보-이용전-안내/index.html","변경후보","조원동 출장마사지 | 서울 관악구 생활권·지역 이용 안내 | 몽라운지","조원동 출장마사지 | 서울 관악구 생활권·지역 이용 안내 | 몽라운지","자주 오가는 주거·상업 생활권을 기준으로 위치 확인 방법을 정리했습니다. 서울 관악구 조원동 출장마사지 이용 전 가까운 지역과 이동 범위를 비교할 때 참고할 수 있습니다.","자주 오가는 주거·상업 생활권을 기준으로 위치 확인 방법을 정리했습니다. 서울 관악구 조원동 생활권 이용 이용 전 가까운 지역과 이동 범위를 비교할 때 참고할 수 있습니다.","1","1","1","0"
"동랜딩","massage/중앙동-출장마사지-관악구-생활권-이동동선-지역정보-이용전-안내/index.html","변경후보","중앙동 출장마사지 | 서울 관악구 생활권·지역 이용 안내 | 몽라운지","중앙동 생활권 안내 | 서울 관악구 생활권·지역 이용 안내 | 몽라운지","중앙동 생활권의 기본적인 이동 방향과 인접 지역 확인 방법을 한 페이지에 정리했습니다. 서울 관악구 중앙동 출장마사지 이용 전 현재 위치와 지역 범위를 먼저 확인해 보세요.","중앙동 생활권의 기본적인 이동 방향과 인접 지역 확인 방법을 한 페이지에 정리했습니다. 서울 관악구 중앙동 지역 이용 이용 전 현재 위치와 지역 범위를 먼저 확인해 보세요.","1","0","1","0"
"동랜딩","massage/청룡동-출장마사지-관악구-생활권-이동동선-지역정보-이용전-안내/index.html","변경후보","청룡동 출장마사지 | 서울 관악구 생활권·지역 이용 안내 | 몽라운지","청룡동 생활권 안내 | 서울 관악구 생활권·지역 이용 안내 | 몽라운지","기준으로 가까운 생활권과 귀가·외출 동선을 확인할 수 있도록 지역 정보를 구성했습니다. 서울 관악구 청룡동 출장마사지 이용 전 위치 설명과 이동 범위를 확인하는 데 참고하세요.","기준으로 가까운 생활권과 귀가·외출 동선을 확인할 수 있도록 지역 정보를 구성했습니다. 서울 관악구 청룡동 지역 이용 이용 전 위치 설명과 이동 범위를 확인하는 데 참고하세요.","1","0","1","0"
"동랜딩","massage/청림동-출장마사지-관악구-생활권-이동동선-지역정보-이용전-안내/index.html","변경후보","청림동 출장마사지 | 서울 관악구 생활권·지역 이용 안내 | 몽라운지","청림동 생활권 안내 | 서울 관악구 생활권·지역 이용 안내 | 몽라운지","청림동 주변에서 현재 위치를 파악할 때 필요한 생활권 기준과 지역 선택 방법을 정리했습니다. 서울 관악구 청림동 출장마사지 이용 전 가까운 범위와 이용 정보를 확인할 수 있습니다.","청림동 주변에서 현재 위치를 파악할 때 필요한 생활권 기준과 지역 선택 방법을 정리했습니다. 서울 관악구 청림동 지역 이용 이용 전 가까운 범위와 이용 정보를 확인할 수 있습니다.","1","0","1","0"
"동랜딩","massage/행운동-출장마사지-관악구-생활권-이동동선-지역정보-이용전-안내/index.html","변경후보","행운동 출장마사지 | 서울 관악구 생활권·지역 이용 안내 | 몽라운지","행운동 지역 이용 안내 | 서울 관악구 생활권·지역 이용 안내 | 몽라운지","주거권과 일상 이동 범위를 중심으로 지역 정보를 먼저 확인할 수 있게 정리했습니다. 서울 관악구 행운동 출장마사지 이용 전 위치와 인접 생활권을 비교해 보세요.","주거권과 일상 이동 범위를 중심으로 지역 정보를 먼저 확인할 수 있게 정리했습니다. 서울 관악구 행운동 출장마사지 이용 전 위치와 인접 생활권을 비교해 보세요.","1","0","1","1"
"동랜딩","massage/광장동-출장마사지-광진구-생활권-이동동선-지역정보-이용전-안내/index.html","변경후보","광장동 출장마사지 | 서울 광진구 생활권·지역 이용 안내 | 몽라운지","광장동 생활권 안내 | 서울 광진구 생활권·지역 이용 안내 | 몽라운지","다른 생활권으로 이동할 때 참고하기 좋은 지역 기준과 위치 확인 항목을 정리했습니다. 서울 광진구 광장동 출장마사지 이용 전 지역 범위를 확인하는 안내입니다.","다른 생활권으로 이동할 때 참고하기 좋은 지역 기준과 위치 확인 항목을 정리했습니다. 서울 광진구 광장동 지역 이용 이용 전 지역 범위를 확인하는 안내입니다.","1","0","1","0"
"동랜딩","massage/구의동-출장마사지-광진구-생활권-이동동선-지역정보-이용전-안내/index.html","변경후보","구의동 출장마사지 | 서울 광진구 생활권·지역 이용 안내 | 몽라운지","구의동 지역 이용 안내 | 서울 광진구 생활권·지역 이용 안내 | 몽라운지","구의동 생활권 안에서 현재 위치와 가까운 지역을 찾기 쉽도록 기본 지역 정보를 구성했습니다. 서울 광진구 구의동 출장마사지 이용 전 이동 방향과 주변 생활권을 확인해 보세요.","구의동 생활권 안에서 현재 위치와 가까운 지역을 찾기 쉽도록 기본 지역 정보를 구성했습니다. 서울 광진구 구의동 출장마사지 이용 전 이동 방향과 주변 생활권을 확인해 보세요.","1","0","1","1"
"동랜딩","massage/군자동-출장마사지-광진구-생활권-이동동선-지역정보-이용전-안내/index.html","변경후보","군자동 출장마사지 | 서울 광진구 생활권·지역 이용 안내 | 몽라운지","군자동 지역 이용 안내 | 서울 광진구 생활권·지역 이용 안내 | 몽라운지","중심으로 인접 생활권과 이동 범위를 먼저 살펴볼 수 있도록 지역 안내를 정리했습니다. 서울 광진구 군자동 출장마사지 이용 전 위치 확인에 참고할 수 있습니다.","중심으로 인접 생활권과 이동 범위를 먼저 살펴볼 수 있도록 지역 안내를 정리했습니다. 서울 광진구 군자동 출장마사지 이용 전 위치 확인에 참고할 수 있습니다.","1","0","1","1"
"동랜딩","massage/능동-출장마사지-광진구-생활권-이동동선-지역정보-이용전-안내/index.html","변경후보","능동 출장마사지 | 서울 광진구 생활권·지역 이용 안내 | 몽라운지","능동 지역 이용 안내 | 서울 광진구 생활권·지역 이용 안내 | 몽라운지","능동 주변 생활권을 기준으로 현재 위치와 인접 지역을 확인하는 방법을 정리했습니다. 서울 광진구 능동 출장마사지 이용 전 지역 선택과 이동 범위를 살펴보세요.","능동 주변 생활권을 기준으로 현재 위치와 인접 지역을 확인하는 방법을 정리했습니다. 서울 광진구 능동 출장마사지 이용 전 지역 선택과 이동 범위를 살펴보세요.","1","0","1","1"
"동랜딩","massage/자양동-출장마사지-광진구-생활권-이동동선-지역정보-이용전-안내/index.html","변경후보","자양동 출장마사지 | 서울 광진구 생활권·지역 이용 안내 | 몽라운지","자양동 지역 이용 안내 | 서울 광진구 생활권·지역 이용 안내 | 몽라운지","자양동 주변의 생활권과 이동 흐름을 먼저 살펴보고, 광진구 안에서 현재 위치를 설명하기 좋은 기준을 정리했습니다. 서울 광진구 자양동 출장마사지 이용 전 지역 범위와 위치 정보를 확인해 보세요.","자양동 주변의 생활권과 이동 흐름을 먼저 살펴보고, 광진구 안에서 현재 위치를 설명하기 좋은 기준을 정리했습니다. 서울 광진구 자양동 출장마사지 이용 전 지역 범위와 위치 정보를 확인해 보세요.","1","0","1","1"
"동랜딩","massage/중곡동-출장마사지-광진구-생활권-이동동선-지역정보-이용전-안내/index.html","변경후보","중곡동 출장마사지 | 서울 광진구 생활권·지역 이용 안내 | 몽라운지","중곡동 출장마사지 | 서울 광진구 생활권·지역 이용 안내 | 몽라운지","자주 오가는 주거·상업 생활권을 기준으로 위치 확인 방법을 정리했습니다. 서울 광진구 중곡동 출장마사지 이용 전 가까운 지역과 이동 범위를 비교할 때 참고할 수 있습니다.","자주 오가는 주거·상업 생활권을 기준으로 위치 확인 방법을 정리했습니다. 서울 광진구 중곡동 생활권 이용 이용 전 가까운 지역과 이동 범위를 비교할 때 참고할 수 있습니다.","1","1","1","0"
"동랜딩","massage/화양동-출장마사지-광진구-생활권-이동동선-지역정보-이용전-안내/index.html","변경후보","화양동 출장마사지 | 서울 광진구 생활권·지역 이용 안내 | 몽라운지","화양동 지역 이용 안내 | 서울 광진구 생활권·지역 이용 안내 | 몽라운지","화양동 생활권의 기본적인 이동 방향과 인접 지역 확인 방법을 한 페이지에 정리했습니다. 서울 광진구 화양동 출장마사지 이용 전 현재 위치와 지역 범위를 먼저 확인해 보세요.","화양동 생활권의 기본적인 이동 방향과 인접 지역 확인 방법을 한 페이지에 정리했습니다. 서울 광진구 화양동 출장마사지 이용 전 현재 위치와 지역 범위를 먼저 확인해 보세요.","1","0","1","1"
"동랜딩","massage/가리봉동-출장마사지-구로구-생활권-이동동선-지역정보-이용전-안내/index.html","변경후보","가리봉동 출장마사지 | 서울 구로구 생활권·지역 이용 안내 | 몽라운지","가리봉동 지역 이용 안내 | 서울 구로구 생활권·지역 이용 안내 | 몽라운지","기준으로 가까운 생활권과 귀가·외출 동선을 확인할 수 있도록 지역 정보를 구성했습니다. 서울 구로구 가리봉동 출장마사지 이용 전 위치 설명과 이동 범위를 확인하는 데 참고하세요.","기준으로 가까운 생활권과 귀가·외출 동선을 확인할 수 있도록 지역 정보를 구성했습니다. 서울 구로구 가리봉동 출장마사지 이용 전 위치 설명과 이동 범위를 확인하는 데 참고하세요.","1","0","1","1"
"동랜딩","massage/개봉동-출장마사지-구로구-생활권-이동동선-지역정보-이용전-안내/index.html","변경후보","개봉동 출장마사지 | 서울 구로구 생활권·지역 이용 안내 | 몽라운지","개봉동 생활권 안내 | 서울 구로구 생활권·지역 이용 안내 | 몽라운지","개봉동 주변에서 현재 위치를 파악할 때 필요한 생활권 기준과 지역 선택 방법을 정리했습니다. 서울 구로구 개봉동 출장마사지 이용 전 가까운 범위와 이용 정보를 확인할 수 있습니다.","개봉동 주변에서 현재 위치를 파악할 때 필요한 생활권 기준과 지역 선택 방법을 정리했습니다. 서울 구로구 개봉동 지역 이용 이용 전 가까운 범위와 이용 정보를 확인할 수 있습니다.","1","0","1","0"
"동랜딩","massage/고척동-출장마사지-구로구-생활권-이동동선-지역정보-이용전-안내/index.html","변경후보","고척동 출장마사지 | 서울 구로구 생활권·지역 이용 안내 | 몽라운지","고척동 출장마사지 | 서울 구로구 생활권·지역 이용 안내 | 몽라운지","주거권과 일상 이동 범위를 중심으로 지역 정보를 먼저 확인할 수 있게 정리했습니다. 서울 구로구 고척동 출장마사지 이용 전 위치와 인접 생활권을 비교해 보세요.","주거권과 일상 이동 범위를 중심으로 지역 정보를 먼저 확인할 수 있게 정리했습니다. 서울 구로구 고척동 생활권 이용 이용 전 위치와 인접 생활권을 비교해 보세요.","1","1","1","0"
"동랜딩","massage/구로동-출장마사지-구로구-생활권-이동동선-지역정보-이용전-안내/index.html","변경후보","구로동 출장마사지 | 서울 구로구 생활권·지역 이용 안내 | 몽라운지","구로동 생활권 안내 | 서울 구로구 생활권·지역 이용 안내 | 몽라운지","다른 생활권으로 이동할 때 참고하기 좋은 지역 기준과 위치 확인 항목을 정리했습니다. 서울 구로구 구로동 출장마사지 이용 전 지역 범위를 확인하는 안내입니다.","다른 생활권으로 이동할 때 참고하기 좋은 지역 기준과 위치 확인 항목을 정리했습니다. 서울 구로구 구로동 지역 이용 이용 전 지역 범위를 확인하는 안내입니다.","1","0","1","0"
"동랜딩","massage/수궁동-출장마사지-구로구-생활권-이동동선-지역정보-이용전-안내/index.html","변경후보","수궁동 출장마사지 | 서울 구로구 생활권·지역 이용 안내 | 몽라운지","수궁동 지역 이용 안내 | 서울 구로구 생활권·지역 이용 안내 | 몽라운지","수궁동 생활권 안에서 현재 위치와 가까운 지역을 찾기 쉽도록 기본 지역 정보를 구성했습니다. 서울 구로구 수궁동 출장마사지 이용 전 이동 방향과 주변 생활권을 확인해 보세요.","수궁동 생활권 안에서 현재 위치와 가까운 지역을 찾기 쉽도록 기본 지역 정보를 구성했습니다. 서울 구로구 수궁동 출장마사지 이용 전 이동 방향과 주변 생활권을 확인해 보세요.","1","0","1","1"
"동랜딩","massage/신도림동-출장마사지-구로구-생활권-이동동선-지역정보-이용전-안내/index.html","변경후보","신도림동 출장마사지 | 서울 구로구 생활권·지역 이용 안내 | 몽라운지","신도림동 생활권 안내 | 서울 구로구 생활권·지역 이용 안내 | 몽라운지","중심으로 인접 생활권과 이동 범위를 먼저 살펴볼 수 있도록 지역 안내를 정리했습니다. 서울 구로구 신도림동 출장마사지 이용 전 위치 확인에 참고할 수 있습니다.","중심으로 인접 생활권과 이동 범위를 먼저 살펴볼 수 있도록 지역 안내를 정리했습니다. 서울 구로구 신도림동 지역 이용 이용 전 위치 확인에 참고할 수 있습니다.","1","0","1","0"
"동랜딩","massage/오류동-출장마사지-구로구-생활권-이동동선-지역정보-이용전-안내/index.html","변경후보","오류동 출장마사지 | 서울 구로구 생활권·지역 이용 안내 | 몽라운지","오류동 출장마사지 | 서울 구로구 생활권·지역 이용 안내 | 몽라운지","오류동 주변 생활권을 기준으로 현재 위치와 인접 지역을 확인하는 방법을 정리했습니다. 서울 구로구 오류동 출장마사지 이용 전 지역 선택과 이동 범위를 살펴보세요.","오류동 주변 생활권을 기준으로 현재 위치와 인접 지역을 확인하는 방법을 정리했습니다. 서울 구로구 오류동 생활권 이용 이용 전 지역 선택과 이동 범위를 살펴보세요.","1","1","1","0"
"동랜딩","massage/항동-출장마사지-구로구-생활권-이동동선-지역정보-이용전-안내/index.html","변경후보","항동 출장마사지 | 서울 구로구 생활권·지역 이용 안내 | 몽라운지","항동 지역 이용 안내 | 서울 구로구 생활권·지역 이용 안내 | 몽라운지","항동 주변의 생활권과 이동 흐름을 먼저 살펴보고, 구로구 안에서 현재 위치를 설명하기 좋은 기준을 정리했습니다. 서울 구로구 항동 출장마사지 이용 전 지역 범위와 위치 정보를 확인해 보세요.","항동 주변의 생활권과 이동 흐름을 먼저 살펴보고, 구로구 안에서 현재 위치를 설명하기 좋은 기준을 정리했습니다. 서울 구로구 항동 출장마사지 이용 전 지역 범위와 위치 정보를 확인해 보세요.","1","0","1","1"
"동랜딩","massage/가산동-출장마사지-금천구-생활권-이동동선-지역정보-이용전-안내/index.html","변경후보","가산동 출장마사지 | 서울 금천구 생활권·지역 이용 안내 | 몽라운지","가산동 출장마사지 | 서울 금천구 생활권·지역 이용 안내 | 몽라운지","자주 오가는 주거·상업 생활권을 기준으로 위치 확인 방법을 정리했습니다. 서울 금천구 가산동 출장마사지 이용 전 가까운 지역과 이동 범위를 비교할 때 참고할 수 있습니다.","자주 오가는 주거·상업 생활권을 기준으로 위치 확인 방법을 정리했습니다. 서울 금천구 가산동 생활권 이용 이용 전 가까운 지역과 이동 범위를 비교할 때 참고할 수 있습니다.","1","1","1","0"
"동랜딩","massage/독산동-출장마사지-금천구-생활권-이동동선-지역정보-이용전-안내/index.html","변경후보","독산동 출장마사지 | 서울 금천구 생활권·지역 이용 안내 | 몽라운지","독산동 출장마사지 | 서울 금천구 생활권·지역 이용 안내 | 몽라운지","독산동 생활권의 기본적인 이동 방향과 인접 지역 확인 방법을 한 페이지에 정리했습니다. 서울 금천구 독산동 출장마사지 이용 전 현재 위치와 지역 범위를 먼저 확인해 보세요.","독산동 생활권의 기본적인 이동 방향과 인접 지역 확인 방법을 한 페이지에 정리했습니다. 서울 금천구 독산동 생활권 이용 이용 전 현재 위치와 지역 범위를 먼저 확인해 보세요.","1","1","1","0"
"동랜딩","massage/시흥동-출장마사지-금천구-생활권-이동동선-지역정보-이용전-안내/index.html","변경후보","시흥동 출장마사지 | 서울 금천구 생활권·지역 이용 안내 | 몽라운지","시흥동 지역 이용 안내 | 서울 금천구 생활권·지역 이용 안내 | 몽라운지","기준으로 가까운 생활권과 귀가·외출 동선을 확인할 수 있도록 지역 정보를 구성했습니다. 서울 금천구 시흥동 출장마사지 이용 전 위치 설명과 이동 범위를 확인하는 데 참고하세요.","기준으로 가까운 생활권과 귀가·외출 동선을 확인할 수 있도록 지역 정보를 구성했습니다. 서울 금천구 시흥동 출장마사지 이용 전 위치 설명과 이동 범위를 확인하는 데 참고하세요.","1","0","1","1"
"동랜딩","massage/공릉동-출장마사지-노원구-생활권-이동동선-지역정보-이용전-안내/index.html","변경후보","공릉동 출장마사지 | 서울 노원구 생활권·지역 이용 안내 | 몽라운지","공릉동 출장마사지 | 서울 노원구 생활권·지역 이용 안내 | 몽라운지","공릉동 주변에서 현재 위치를 파악할 때 필요한 생활권 기준과 지역 선택 방법을 정리했습니다. 서울 노원구 공릉동 출장마사지 이용 전 가까운 범위와 이용 정보를 확인할 수 있습니다.","공릉동 주변에서 현재 위치를 파악할 때 필요한 생활권 기준과 지역 선택 방법을 정리했습니다. 서울 노원구 공릉동 생활권 이용 이용 전 가까운 범위와 이용 정보를 확인할 수 있습니다.","1","1","1","0"
"동랜딩","massage/상계3.4동-출장마사지-노원구-생활권-이동동선-지역정보-이용전-안내/index.html","변경후보","상계3.4동 출장마사지 | 서울 노원구 생활권·지역 이용 안내 | 몽라운지","상계3.4동 지역 이용 안내 | 서울 노원구 생활권·지역 이용 안내 | 몽라운지","주거권과 일상 이동 범위를 중심으로 지역 정보를 먼저 확인할 수 있게 정리했습니다. 서울 노원구 상계3.4동 출장마사지 이용 전 위치와 인접 생활권을 비교해 보세요.","주거권과 일상 이동 범위를 중심으로 지역 정보를 먼저 확인할 수 있게 정리했습니다. 서울 노원구 상계3.4동 출장마사지 이용 전 위치와 인접 생활권을 비교해 보세요.","1","0","1","1"
"동랜딩","massage/상계6.7동-출장마사지-노원구-생활권-이동동선-지역정보-이용전-안내/index.html","변경후보","상계6.7동 출장마사지 | 서울 노원구 생활권·지역 이용 안내 | 몽라운지","상계6.7동 지역 이용 안내 | 서울 노원구 생활권·지역 이용 안내 | 몽라운지","다른 생활권으로 이동할 때 참고하기 좋은 지역 기준과 위치 확인 항목을 정리했습니다. 서울 노원구 상계6.7동 출장마사지 이용 전 지역 범위를 확인하는 안내입니다.","다른 생활권으로 이동할 때 참고하기 좋은 지역 기준과 위치 확인 항목을 정리했습니다. 서울 노원구 상계6.7동 출장마사지 이용 전 지역 범위를 확인하는 안내입니다.","1","0","1","1"
"동랜딩","massage/상계동-출장마사지-노원구-생활권-이동동선-지역정보-이용전-안내/index.html","변경후보","상계동 출장마사지 | 서울 노원구 생활권·지역 이용 안내 | 몽라운지","상계동 생활권 안내 | 서울 노원구 생활권·지역 이용 안내 | 몽라운지","상계동 생활권 안에서 현재 위치와 가까운 지역을 찾기 쉽도록 기본 지역 정보를 구성했습니다. 서울 노원구 상계동 출장마사지 이용 전 이동 방향과 주변 생활권을 확인해 보세요.","상계동 생활권 안에서 현재 위치와 가까운 지역을 찾기 쉽도록 기본 지역 정보를 구성했습니다. 서울 노원구 상계동 지역 이용 이용 전 이동 방향과 주변 생활권을 확인해 보세요.","1","0","1","0"
"동랜딩","massage/월계동-출장마사지-노원구-생활권-이동동선-지역정보-이용전-안내/index.html","변경후보","월계동 출장마사지 | 서울 노원구 생활권·지역 이용 안내 | 몽라운지","월계동 출장마사지 | 서울 노원구 생활권·지역 이용 안내 | 몽라운지","중심으로 인접 생활권과 이동 범위를 먼저 살펴볼 수 있도록 지역 안내를 정리했습니다. 서울 노원구 월계동 출장마사지 이용 전 위치 확인에 참고할 수 있습니다.","중심으로 인접 생활권과 이동 범위를 먼저 살펴볼 수 있도록 지역 안내를 정리했습니다. 서울 노원구 월계동 생활권 이용 이용 전 위치 확인에 참고할 수 있습니다.","1","1","1","0"
"동랜딩","massage/중계2.3동-출장마사지-노원구-생활권-이동동선-지역정보-이용전-안내/index.html","변경후보","중계2.3동 출장마사지 | 서울 노원구 생활권·지역 이용 안내 | 몽라운지","중계2.3동 출장마사지 | 서울 노원구 생활권·지역 이용 안내 | 몽라운지","중계2.3동 주변 생활권을 기준으로 현재 위치와 인접 지역을 확인하는 방법을 정리했습니다. 서울 노원구 중계2.3동 출장마사지 이용 전 지역 선택과 이동 범위를 살펴보세요.","중계2.3동 주변 생활권을 기준으로 현재 위치와 인접 지역을 확인하는 방법을 정리했습니다. 서울 노원구 중계2.3동 생활권 이용 이용 전 지역 선택과 이동 범위를 살펴보세요.","1","1","1","0"
"동랜딩","massage/중계동-출장마사지-노원구-생활권-이동동선-지역정보-이용전-안내/index.html","변경후보","중계동 출장마사지 | 서울 노원구 생활권·지역 이용 안내 | 몽라운지","중계동 출장마사지 | 서울 노원구 생활권·지역 이용 안내 | 몽라운지","중계동 주변의 생활권과 이동 흐름을 먼저 살펴보고, 노원구 안에서 현재 위치를 설명하기 좋은 기준을 정리했습니다. 서울 노원구 중계동 출장마사지 이용 전 지역 범위와 위치 정보를 확인해 보세요.","중계동 주변의 생활권과 이동 흐름을 먼저 살펴보고, 노원구 안에서 현재 위치를 설명하기 좋은 기준을 정리했습니다. 서울 노원구 중계동 생활권 이용 이용 전 지역 범위와 위치 정보를 확인해 보세요.","1","1","1","0"
"동랜딩","massage/중계본동-출장마사지-노원구-생활권-이동동선-지역정보-이용전-안내/index.html","변경후보","중계본동 출장마사지 | 서울 노원구 생활권·지역 이용 안내 | 몽라운지","중계본동 지역 이용 안내 | 서울 노원구 생활권·지역 이용 안내 | 몽라운지","자주 오가는 주거·상업 생활권을 기준으로 위치 확인 방법을 정리했습니다. 서울 노원구 중계본동 출장마사지 이용 전 가까운 지역과 이동 범위를 비교할 때 참고할 수 있습니다.","자주 오가는 주거·상업 생활권을 기준으로 위치 확인 방법을 정리했습니다. 서울 노원구 중계본동 출장마사지 이용 전 가까운 지역과 이동 범위를 비교할 때 참고할 수 있습니다.","1","0","1","1"
"동랜딩","massage/하계동-출장마사지-노원구-생활권-이동동선-지역정보-이용전-안내/index.html","변경후보","하계동 출장마사지 | 서울 노원구 생활권·지역 이용 안내 | 몽라운지","하계동 생활권 안내 | 서울 노원구 생활권·지역 이용 안내 | 몽라운지","하계동 생활권의 기본적인 이동 방향과 인접 지역 확인 방법을 한 페이지에 정리했습니다. 서울 노원구 하계동 출장마사지 이용 전 현재 위치와 지역 범위를 먼저 확인해 보세요.","하계동 생활권의 기본적인 이동 방향과 인접 지역 확인 방법을 한 페이지에 정리했습니다. 서울 노원구 하계동 지역 이용 이용 전 현재 위치와 지역 범위를 먼저 확인해 보세요.","1","0","1","0"
"동랜딩","massage/도봉동-출장마사지-도봉구-생활권-이동동선-지역정보-이용전-안내/index.html","변경후보","도봉동 출장마사지 | 서울 도봉구 생활권·지역 이용 안내 | 몽라운지","도봉동 지역 이용 안내 | 서울 도봉구 생활권·지역 이용 안내 | 몽라운지","기준으로 가까운 생활권과 귀가·외출 동선을 확인할 수 있도록 지역 정보를 구성했습니다. 서울 도봉구 도봉동 출장마사지 이용 전 위치 설명과 이동 범위를 확인하는 데 참고하세요.","기준으로 가까운 생활권과 귀가·외출 동선을 확인할 수 있도록 지역 정보를 구성했습니다. 서울 도봉구 도봉동 출장마사지 이용 전 위치 설명과 이동 범위를 확인하는 데 참고하세요.","1","0","1","1"
"동랜딩","massage/방학동-출장마사지-도봉구-생활권-이동동선-지역정보-이용전-안내/index.html","변경후보","방학동 출장마사지 | 서울 도봉구 생활권·지역 이용 안내 | 몽라운지","방학동 지역 이용 안내 | 서울 도봉구 생활권·지역 이용 안내 | 몽라운지","방학동 주변에서 현재 위치를 파악할 때 필요한 생활권 기준과 지역 선택 방법을 정리했습니다. 서울 도봉구 방학동 출장마사지 이용 전 가까운 범위와 이용 정보를 확인할 수 있습니다.","방학동 주변에서 현재 위치를 파악할 때 필요한 생활권 기준과 지역 선택 방법을 정리했습니다. 서울 도봉구 방학동 출장마사지 이용 전 가까운 범위와 이용 정보를 확인할 수 있습니다.","1","0","1","1"
"동랜딩","massage/쌍문동-출장마사지-도봉구-생활권-이동동선-지역정보-이용전-안내/index.html","변경후보","쌍문동 출장마사지 | 서울 도봉구 생활권·지역 이용 안내 | 몽라운지","쌍문동 생활권 안내 | 서울 도봉구 생활권·지역 이용 안내 | 몽라운지","주거권과 일상 이동 범위를 중심으로 지역 정보를 먼저 확인할 수 있게 정리했습니다. 서울 도봉구 쌍문동 출장마사지 이용 전 위치와 인접 생활권을 비교해 보세요.","주거권과 일상 이동 범위를 중심으로 지역 정보를 먼저 확인할 수 있게 정리했습니다. 서울 도봉구 쌍문동 지역 이용 이용 전 위치와 인접 생활권을 비교해 보세요.","1","0","1","0"
"동랜딩","massage/창동-출장마사지-도봉구-생활권-이동동선-지역정보-이용전-안내/index.html","변경후보","창동 출장마사지 | 서울 도봉구 생활권·지역 이용 안내 | 몽라운지","창동 생활권 안내 | 서울 도봉구 생활권·지역 이용 안내 | 몽라운지","다른 생활권으로 이동할 때 참고하기 좋은 지역 기준과 위치 확인 항목을 정리했습니다. 서울 도봉구 창동 출장마사지 이용 전 지역 범위를 확인하는 안내입니다.","다른 생활권으로 이동할 때 참고하기 좋은 지역 기준과 위치 확인 항목을 정리했습니다. 서울 도봉구 창동 지역 이용 이용 전 지역 범위를 확인하는 안내입니다.","1","0","1","0"
"동랜딩","massage/답십리동-출장마사지-동대문구-생활권-이동동선-지역정보-이용전-안내/index.html","변경후보","답십리동 출장마사지 | 서울 동대문구 생활권·지역 이용 안내 | 몽라운지","답십리동 생활권 안내 | 서울 동대문구 생활권·지역 이용 안내 | 몽라운지","답십리동 생활권 안에서 현재 위치와 가까운 지역을 찾기 쉽도록 기본 지역 정보를 구성했습니다. 서울 동대문구 답십리동 출장마사지 이용 전 이동 방향과 주변 생활권을 확인해 보세요.","답십리동 생활권 안에서 현재 위치와 가까운 지역을 찾기 쉽도록 기본 지역 정보를 구성했습니다. 서울 동대문구 답십리동 지역 이용 이용 전 이동 방향과 주변 생활권을 확인해 보세요.","1","0","1","0"
"동랜딩","massage/신설동-출장마사지-동대문구-생활권-이동동선-지역정보-이용전-안내/index.html","변경후보","신설동 출장마사지 | 서울 동대문구 생활권·지역 이용 안내 | 몽라운지","신설동 생활권 안내 | 서울 동대문구 생활권·지역 이용 안내 | 몽라운지","중심으로 인접 생활권과 이동 범위를 먼저 살펴볼 수 있도록 지역 안내를 정리했습니다. 서울 동대문구 신설동 출장마사지 이용 전 위치 확인에 참고할 수 있습니다.","중심으로 인접 생활권과 이동 범위를 먼저 살펴볼 수 있도록 지역 안내를 정리했습니다. 서울 동대문구 신설동 지역 이용 이용 전 위치 확인에 참고할 수 있습니다.","1","0","1","0"
"동랜딩","massage/용두동-출장마사지-동대문구-생활권-이동동선-지역정보-이용전-안내/index.html","변경후보","용두동 출장마사지 | 서울 동대문구 생활권·지역 이용 안내 | 몽라운지","용두동 출장마사지 | 서울 동대문구 생활권·지역 이용 안내 | 몽라운지","용두동 주변 생활권을 기준으로 현재 위치와 인접 지역을 확인하는 방법을 정리했습니다. 서울 동대문구 용두동 출장마사지 이용 전 지역 선택과 이동 범위를 살펴보세요.","용두동 주변 생활권을 기준으로 현재 위치와 인접 지역을 확인하는 방법을 정리했습니다. 서울 동대문구 용두동 생활권 이용 이용 전 지역 선택과 이동 범위를 살펴보세요.","1","1","1","0"
"동랜딩","massage/이문동-출장마사지-동대문구-생활권-이동동선-지역정보-이용전-안내/index.html","변경후보","이문동 출장마사지 | 서울 동대문구 생활권·지역 이용 안내 | 몽라운지","이문동 출장마사지 | 서울 동대문구 생활권·지역 이용 안내 | 몽라운지","이문동 주변의 생활권과 이동 흐름을 먼저 살펴보고, 동대문구 안에서 현재 위치를 설명하기 좋은 기준을 정리했습니다. 서울 동대문구 이문동 출장마사지 이용 전 지역 범위와 위치 정보를 확인해 보세요.","이문동 주변의 생활권과 이동 흐름을 먼저 살펴보고, 동대문구 안에서 현재 위치를 설명하기 좋은 기준을 정리했습니다. 서울 동대문구 이문동 생활권 이용 이용 전 지역 범위와 위치 정보를 확인해 보세요.","1","1","1","0"
"동랜딩","massage/장안동-출장마사지-동대문구-생활권-이동동선-지역정보-이용전-안내/index.html","변경후보","장안동 출장마사지 | 서울 동대문구 생활권·지역 이용 안내 | 몽라운지","장안동 출장마사지 | 서울 동대문구 생활권·지역 이용 안내 | 몽라운지","자주 오가는 주거·상업 생활권을 기준으로 위치 확인 방법을 정리했습니다. 서울 동대문구 장안동 출장마사지 이용 전 가까운 지역과 이동 범위를 비교할 때 참고할 수 있습니다.","자주 오가는 주거·상업 생활권을 기준으로 위치 확인 방법을 정리했습니다. 서울 동대문구 장안동 생활권 이용 이용 전 가까운 지역과 이동 범위를 비교할 때 참고할 수 있습니다.","1","1","1","0"
"동랜딩","massage/전농동-출장마사지-동대문구-생활권-이동동선-지역정보-이용전-안내/index.html","변경후보","전농동 출장마사지 | 서울 동대문구 생활권·지역 이용 안내 | 몽라운지","전농동 출장마사지 | 서울 동대문구 생활권·지역 이용 안내 | 몽라운지","전농동 생활권의 기본적인 이동 방향과 인접 지역 확인 방법을 한 페이지에 정리했습니다. 서울 동대문구 전농동 출장마사지 이용 전 현재 위치와 지역 범위를 먼저 확인해 보세요.","전농동 생활권의 기본적인 이동 방향과 인접 지역 확인 방법을 한 페이지에 정리했습니다. 서울 동대문구 전농동 생활권 이용 이용 전 현재 위치와 지역 범위를 먼저 확인해 보세요.","1","1","1","0"
"동랜딩","massage/제기동-출장마사지-동대문구-생활권-이동동선-지역정보-이용전-안내/index.html","변경후보","제기동 출장마사지 | 서울 동대문구 생활권·지역 이용 안내 | 몽라운지","제기동 출장마사지 | 서울 동대문구 생활권·지역 이용 안내 | 몽라운지","기준으로 가까운 생활권과 귀가·외출 동선을 확인할 수 있도록 지역 정보를 구성했습니다. 서울 동대문구 제기동 출장마사지 이용 전 위치 설명과 이동 범위를 확인하는 데 참고하세요.","기준으로 가까운 생활권과 귀가·외출 동선을 확인할 수 있도록 지역 정보를 구성했습니다. 서울 동대문구 제기동 생활권 이용 이용 전 위치 설명과 이동 범위를 확인하는 데 참고하세요.","1","1","1","0"
"동랜딩","massage/청량리동-출장마사지-동대문구-생활권-이동동선-지역정보-이용전-안내/index.html","변경후보","청량리동 출장마사지 | 서울 동대문구 생활권·지역 이용 안내 | 몽라운지","청량리동 생활권 안내 | 서울 동대문구 생활권·지역 이용 안내 | 몽라운지","청량리동 주변에서 현재 위치를 파악할 때 필요한 생활권 기준과 지역 선택 방법을 정리했습니다. 서울 동대문구 청량리동 출장마사지 이용 전 가까운 범위와 이용 정보를 확인할 수 있습니다.","청량리동 주변에서 현재 위치를 파악할 때 필요한 생활권 기준과 지역 선택 방법을 정리했습니다. 서울 동대문구 청량리동 지역 이용 이용 전 가까운 범위와 이용 정보를 확인할 수 있습니다.","1","0","1","0"
"동랜딩","massage/회기동-출장마사지-동대문구-생활권-이동동선-지역정보-이용전-안내/index.html","변경후보","회기동 출장마사지 | 서울 동대문구 생활권·지역 이용 안내 | 몽라운지","회기동 출장마사지 | 서울 동대문구 생활권·지역 이용 안내 | 몽라운지","주거권과 일상 이동 범위를 중심으로 지역 정보를 먼저 확인할 수 있게 정리했습니다. 서울 동대문구 회기동 출장마사지 이용 전 위치와 인접 생활권을 비교해 보세요.","주거권과 일상 이동 범위를 중심으로 지역 정보를 먼저 확인할 수 있게 정리했습니다. 서울 동대문구 회기동 생활권 이용 이용 전 위치와 인접 생활권을 비교해 보세요.","1","1","1","0"
"동랜딩","massage/휘경동-출장마사지-동대문구-생활권-이동동선-지역정보-이용전-안내/index.html","변경후보","휘경동 출장마사지 | 서울 동대문구 생활권·지역 이용 안내 | 몽라운지","휘경동 출장마사지 | 서울 동대문구 생활권·지역 이용 안내 | 몽라운지","다른 생활권으로 이동할 때 참고하기 좋은 지역 기준과 위치 확인 항목을 정리했습니다. 서울 동대문구 휘경동 출장마사지 이용 전 지역 범위를 확인하는 안내입니다.","다른 생활권으로 이동할 때 참고하기 좋은 지역 기준과 위치 확인 항목을 정리했습니다. 서울 동대문구 휘경동 생활권 이용 이용 전 지역 범위를 확인하는 안내입니다.","1","1","1","0"
"동랜딩","massage/노량진동-출장마사지-동작구-생활권-이동동선-지역정보-이용전-안내/index.html","변경후보","노량진동 출장마사지 | 서울 동작구 생활권·지역 이용 안내 | 몽라운지","노량진동 지역 이용 안내 | 서울 동작구 생활권·지역 이용 안내 | 몽라운지","노량진동 생활권 안에서 현재 위치와 가까운 지역을 찾기 쉽도록 기본 지역 정보를 구성했습니다. 서울 동작구 노량진동 출장마사지 이용 전 이동 방향과 주변 생활권을 확인해 보세요.","노량진동 생활권 안에서 현재 위치와 가까운 지역을 찾기 쉽도록 기본 지역 정보를 구성했습니다. 서울 동작구 노량진동 출장마사지 이용 전 이동 방향과 주변 생활권을 확인해 보세요.","1","0","1","1"
"동랜딩","massage/대방동-출장마사지-동작구-생활권-이동동선-지역정보-이용전-안내/index.html","변경후보","대방동 출장마사지 | 서울 동작구 생활권·지역 이용 안내 | 몽라운지","대방동 출장마사지 | 서울 동작구 생활권·지역 이용 안내 | 몽라운지","중심으로 인접 생활권과 이동 범위를 먼저 살펴볼 수 있도록 지역 안내를 정리했습니다. 서울 동작구 대방동 출장마사지 이용 전 위치 확인에 참고할 수 있습니다.","중심으로 인접 생활권과 이동 범위를 먼저 살펴볼 수 있도록 지역 안내를 정리했습니다. 서울 동작구 대방동 생활권 이용 이용 전 위치 확인에 참고할 수 있습니다.","1","1","1","0"
"동랜딩","massage/사당동-출장마사지-동작구-생활권-이동동선-지역정보-이용전-안내/index.html","변경후보","사당동 출장마사지 | 서울 동작구 생활권·지역 이용 안내 | 몽라운지","사당동 생활권 안내 | 서울 동작구 생활권·지역 이용 안내 | 몽라운지","사당동 주변 생활권을 기준으로 현재 위치와 인접 지역을 확인하는 방법을 정리했습니다. 서울 동작구 사당동 출장마사지 이용 전 지역 선택과 이동 범위를 살펴보세요.","사당동 주변 생활권을 기준으로 현재 위치와 인접 지역을 확인하는 방법을 정리했습니다. 서울 동작구 사당동 지역 이용 이용 전 지역 선택과 이동 범위를 살펴보세요.","1","0","1","0"
"동랜딩","massage/상도동-출장마사지-동작구-생활권-이동동선-지역정보-이용전-안내/index.html","변경후보","상도동 출장마사지 | 서울 동작구 생활권·지역 이용 안내 | 몽라운지","상도동 지역 이용 안내 | 서울 동작구 생활권·지역 이용 안내 | 몽라운지","상도동 주변의 생활권과 이동 흐름을 먼저 살펴보고, 동작구 안에서 현재 위치를 설명하기 좋은 기준을 정리했습니다. 서울 동작구 상도동 출장마사지 이용 전 지역 범위와 위치 정보를 확인해 보세요.","상도동 주변의 생활권과 이동 흐름을 먼저 살펴보고, 동작구 안에서 현재 위치를 설명하기 좋은 기준을 정리했습니다. 서울 동작구 상도동 출장마사지 이용 전 지역 범위와 위치 정보를 확인해 보세요.","1","0","1","1"
"동랜딩","massage/신대방동-출장마사지-동작구-생활권-이동동선-지역정보-이용전-안내/index.html","변경후보","신대방동 출장마사지 | 서울 동작구 생활권·지역 이용 안내 | 몽라운지","신대방동 지역 이용 안내 | 서울 동작구 생활권·지역 이용 안내 | 몽라운지","자주 오가는 주거·상업 생활권을 기준으로 위치 확인 방법을 정리했습니다. 서울 동작구 신대방동 출장마사지 이용 전 가까운 지역과 이동 범위를 비교할 때 참고할 수 있습니다.","자주 오가는 주거·상업 생활권을 기준으로 위치 확인 방법을 정리했습니다. 서울 동작구 신대방동 출장마사지 이용 전 가까운 지역과 이동 범위를 비교할 때 참고할 수 있습니다.","1","0","1","1"
"동랜딩","massage/흑석동-출장마사지-동작구-생활권-이동동선-지역정보-이용전-안내/index.html","변경후보","흑석동 출장마사지 | 서울 동작구 생활권·지역 이용 안내 | 몽라운지","흑석동 생활권 안내 | 서울 동작구 생활권·지역 이용 안내 | 몽라운지","흑석동 생활권의 기본적인 이동 방향과 인접 지역 확인 방법을 한 페이지에 정리했습니다. 서울 동작구 흑석동 출장마사지 이용 전 현재 위치와 지역 범위를 먼저 확인해 보세요.","흑석동 생활권의 기본적인 이동 방향과 인접 지역 확인 방법을 한 페이지에 정리했습니다. 서울 동작구 흑석동 지역 이용 이용 전 현재 위치와 지역 범위를 먼저 확인해 보세요.","1","0","1","0"
"동랜딩","massage/공덕동-출장마사지-마포구-생활권-이동동선-지역정보-이용전-안내/index.html","변경후보","공덕동 출장마사지 | 서울 마포구 생활권·지역 이용 안내 | 몽라운지","공덕동 생활권 안내 | 서울 마포구 생활권·지역 이용 안내 | 몽라운지","기준으로 가까운 생활권과 귀가·외출 동선을 확인할 수 있도록 지역 정보를 구성했습니다. 서울 마포구 공덕동 출장마사지 이용 전 위치 설명과 이동 범위를 확인하는 데 참고하세요.","기준으로 가까운 생활권과 귀가·외출 동선을 확인할 수 있도록 지역 정보를 구성했습니다. 서울 마포구 공덕동 지역 이용 이용 전 위치 설명과 이동 범위를 확인하는 데 참고하세요.","1","0","1","0"
"동랜딩","massage/대흥동-출장마사지-마포구-생활권-이동동선-지역정보-이용전-안내/index.html","변경후보","대흥동 출장마사지 | 서울 마포구 생활권·지역 이용 안내 | 몽라운지","대흥동 생활권 안내 | 서울 마포구 생활권·지역 이용 안내 | 몽라운지","대흥동 주변에서 현재 위치를 파악할 때 필요한 생활권 기준과 지역 선택 방법을 정리했습니다. 서울 마포구 대흥동 출장마사지 이용 전 가까운 범위와 이용 정보를 확인할 수 있습니다.","대흥동 주변에서 현재 위치를 파악할 때 필요한 생활권 기준과 지역 선택 방법을 정리했습니다. 서울 마포구 대흥동 지역 이용 이용 전 가까운 범위와 이용 정보를 확인할 수 있습니다.","1","0","1","0"
"동랜딩","massage/도화동-출장마사지-마포구-생활권-이동동선-지역정보-이용전-안내/index.html","변경후보","도화동 출장마사지 | 서울 마포구 생활권·지역 이용 안내 | 몽라운지","도화동 출장마사지 | 서울 마포구 생활권·지역 이용 안내 | 몽라운지","주거권과 일상 이동 범위를 중심으로 지역 정보를 먼저 확인할 수 있게 정리했습니다. 서울 마포구 도화동 출장마사지 이용 전 위치와 인접 생활권을 비교해 보세요.","주거권과 일상 이동 범위를 중심으로 지역 정보를 먼저 확인할 수 있게 정리했습니다. 서울 마포구 도화동 생활권 이용 이용 전 위치와 인접 생활권을 비교해 보세요.","1","1","1","0"
"동랜딩","massage/망원동-출장마사지-마포구-생활권-이동동선-지역정보-이용전-안내/index.html","변경후보","망원동 출장마사지 | 서울 마포구 생활권·지역 이용 안내 | 몽라운지","망원동 지역 이용 안내 | 서울 마포구 생활권·지역 이용 안내 | 몽라운지","다른 생활권으로 이동할 때 참고하기 좋은 지역 기준과 위치 확인 항목을 정리했습니다. 서울 마포구 망원동 출장마사지 이용 전 지역 범위를 확인하는 안내입니다.","다른 생활권으로 이동할 때 참고하기 좋은 지역 기준과 위치 확인 항목을 정리했습니다. 서울 마포구 망원동 출장마사지 이용 전 지역 범위를 확인하는 안내입니다.","1","0","1","1"
"동랜딩","massage/상암동-출장마사지-마포구-생활권-이동동선-지역정보-이용전-안내/index.html","변경후보","상암동 출장마사지 | 서울 마포구 생활권·지역 이용 안내 | 몽라운지","상암동 생활권 안내 | 서울 마포구 생활권·지역 이용 안내 | 몽라운지","상암동 생활권 안에서 현재 위치와 가까운 지역을 찾기 쉽도록 기본 지역 정보를 구성했습니다. 서울 마포구 상암동 출장마사지 이용 전 이동 방향과 주변 생활권을 확인해 보세요.","상암동 생활권 안에서 현재 위치와 가까운 지역을 찾기 쉽도록 기본 지역 정보를 구성했습니다. 서울 마포구 상암동 지역 이용 이용 전 이동 방향과 주변 생활권을 확인해 보세요.","1","0","1","0"
"동랜딩","massage/서강동-출장마사지-마포구-생활권-이동동선-지역정보-이용전-안내/index.html","변경후보","서강동 출장마사지 | 서울 마포구 생활권·지역 이용 안내 | 몽라운지","서강동 생활권 안내 | 서울 마포구 생활권·지역 이용 안내 | 몽라운지","중심으로 인접 생활권과 이동 범위를 먼저 살펴볼 수 있도록 지역 안내를 정리했습니다. 서울 마포구 서강동 출장마사지 이용 전 위치 확인에 참고할 수 있습니다.","중심으로 인접 생활권과 이동 범위를 먼저 살펴볼 수 있도록 지역 안내를 정리했습니다. 서울 마포구 서강동 지역 이용 이용 전 위치 확인에 참고할 수 있습니다.","1","0","1","0"
"동랜딩","massage/서교동-출장마사지-마포구-생활권-이동동선-지역정보-이용전-안내/index.html","변경후보","서교동 출장마사지 | 서울 마포구 생활권·지역 이용 안내 | 몽라운지","서교동 생활권 안내 | 서울 마포구 생활권·지역 이용 안내 | 몽라운지","서교동 주변 생활권을 기준으로 현재 위치와 인접 지역을 확인하는 방법을 정리했습니다. 서울 마포구 서교동 출장마사지 이용 전 지역 선택과 이동 범위를 살펴보세요.","서교동 주변 생활권을 기준으로 현재 위치와 인접 지역을 확인하는 방법을 정리했습니다. 서울 마포구 서교동 지역 이용 이용 전 지역 선택과 이동 범위를 살펴보세요.","1","0","1","0"
"동랜딩","massage/성산동-출장마사지-마포구-생활권-이동동선-지역정보-이용전-안내/index.html","변경후보","성산동 출장마사지 | 서울 마포구 생활권·지역 이용 안내 | 몽라운지","성산동 출장마사지 | 서울 마포구 생활권·지역 이용 안내 | 몽라운지","성산동 주변의 생활권과 이동 흐름을 먼저 살펴보고, 마포구 안에서 현재 위치를 설명하기 좋은 기준을 정리했습니다. 서울 마포구 성산동 출장마사지 이용 전 지역 범위와 위치 정보를 확인해 보세요.","성산동 주변의 생활권과 이동 흐름을 먼저 살펴보고, 마포구 안에서 현재 위치를 설명하기 좋은 기준을 정리했습니다. 서울 마포구 성산동 생활권 이용 이용 전 지역 범위와 위치 정보를 확인해 보세요.","1","1","1","0"
"동랜딩","massage/신수동-출장마사지-마포구-생활권-이동동선-지역정보-이용전-안내/index.html","변경후보","신수동 출장마사지 | 서울 마포구 생활권·지역 이용 안내 | 몽라운지","신수동 생활권 안내 | 서울 마포구 생활권·지역 이용 안내 | 몽라운지","자주 오가는 주거·상업 생활권을 기준으로 위치 확인 방법을 정리했습니다. 서울 마포구 신수동 출장마사지 이용 전 가까운 지역과 이동 범위를 비교할 때 참고할 수 있습니다.","자주 오가는 주거·상업 생활권을 기준으로 위치 확인 방법을 정리했습니다. 서울 마포구 신수동 지역 이용 이용 전 가까운 지역과 이동 범위를 비교할 때 참고할 수 있습니다.","1","0","1","0"
"동랜딩","massage/아현동-출장마사지-마포구-생활권-이동동선-지역정보-이용전-안내/index.html","변경후보","아현동 출장마사지 | 서울 마포구 생활권·지역 이용 안내 | 몽라운지","아현동 생활권 안내 | 서울 마포구 생활권·지역 이용 안내 | 몽라운지","아현동 생활권의 기본적인 이동 방향과 인접 지역 확인 방법을 한 페이지에 정리했습니다. 서울 마포구 아현동 출장마사지 이용 전 현재 위치와 지역 범위를 먼저 확인해 보세요.","아현동 생활권의 기본적인 이동 방향과 인접 지역 확인 방법을 한 페이지에 정리했습니다. 서울 마포구 아현동 지역 이용 이용 전 현재 위치와 지역 범위를 먼저 확인해 보세요.","1","0","1","0"
"동랜딩","massage/연남동-출장마사지-마포구-생활권-이동동선-지역정보-이용전-안내/index.html","변경후보","연남동 출장마사지 | 서울 마포구 생활권·지역 이용 안내 | 몽라운지","연남동 출장마사지 | 서울 마포구 생활권·지역 이용 안내 | 몽라운지","기준으로 가까운 생활권과 귀가·외출 동선을 확인할 수 있도록 지역 정보를 구성했습니다. 서울 마포구 연남동 출장마사지 이용 전 위치 설명과 이동 범위를 확인하는 데 참고하세요.","기준으로 가까운 생활권과 귀가·외출 동선을 확인할 수 있도록 지역 정보를 구성했습니다. 서울 마포구 연남동 생활권 이용 이용 전 위치 설명과 이동 범위를 확인하는 데 참고하세요.","1","1","1","0"
"동랜딩","massage/염리동-출장마사지-마포구-생활권-이동동선-지역정보-이용전-안내/index.html","변경후보","염리동 출장마사지 | 서울 마포구 생활권·지역 이용 안내 | 몽라운지","염리동 지역 이용 안내 | 서울 마포구 생활권·지역 이용 안내 | 몽라운지","염리동 주변에서 현재 위치를 파악할 때 필요한 생활권 기준과 지역 선택 방법을 정리했습니다. 서울 마포구 염리동 출장마사지 이용 전 가까운 범위와 이용 정보를 확인할 수 있습니다.","염리동 주변에서 현재 위치를 파악할 때 필요한 생활권 기준과 지역 선택 방법을 정리했습니다. 서울 마포구 염리동 출장마사지 이용 전 가까운 범위와 이용 정보를 확인할 수 있습니다.","1","0","1","1"
"동랜딩","massage/용강동-출장마사지-마포구-생활권-이동동선-지역정보-이용전-안내/index.html","변경후보","용강동 출장마사지 | 서울 마포구 생활권·지역 이용 안내 | 몽라운지","용강동 지역 이용 안내 | 서울 마포구 생활권·지역 이용 안내 | 몽라운지","주거권과 일상 이동 범위를 중심으로 지역 정보를 먼저 확인할 수 있게 정리했습니다. 서울 마포구 용강동 출장마사지 이용 전 위치와 인접 생활권을 비교해 보세요.","주거권과 일상 이동 범위를 중심으로 지역 정보를 먼저 확인할 수 있게 정리했습니다. 서울 마포구 용강동 출장마사지 이용 전 위치와 인접 생활권을 비교해 보세요.","1","0","1","1"
"동랜딩","massage/합정동-출장마사지-마포구-생활권-이동동선-지역정보-이용전-안내/index.html","변경후보","합정동 출장마사지 | 서울 마포구 생활권·지역 이용 안내 | 몽라운지","합정동 지역 이용 안내 | 서울 마포구 생활권·지역 이용 안내 | 몽라운지","다른 생활권으로 이동할 때 참고하기 좋은 지역 기준과 위치 확인 항목을 정리했습니다. 서울 마포구 합정동 출장마사지 이용 전 지역 범위를 확인하는 안내입니다.","다른 생활권으로 이동할 때 참고하기 좋은 지역 기준과 위치 확인 항목을 정리했습니다. 서울 마포구 합정동 출장마사지 이용 전 지역 범위를 확인하는 안내입니다.","1","0","1","1"
"동랜딩","massage/남가좌동-출장마사지-서대문구-생활권-이동동선-지역정보-이용전-안내/index.html","변경후보","남가좌동 출장마사지 | 서울 서대문구 생활권·지역 이용 안내 | 몽라운지","남가좌동 출장마사지 | 서울 서대문구 생활권·지역 이용 안내 | 몽라운지","남가좌동 생활권 안에서 현재 위치와 가까운 지역을 찾기 쉽도록 기본 지역 정보를 구성했습니다. 서울 서대문구 남가좌동 출장마사지 이용 전 이동 방향과 주변 생활권을 확인해 보세요.","남가좌동 생활권 안에서 현재 위치와 가까운 지역을 찾기 쉽도록 기본 지역 정보를 구성했습니다. 서울 서대문구 남가좌동 생활권 이용 이용 전 이동 방향과 주변 생활권을 확인해 보세요.","1","1","1","0"
"동랜딩","massage/북가좌동-출장마사지-서대문구-생활권-이동동선-지역정보-이용전-안내/index.html","변경후보","북가좌동 출장마사지 | 서울 서대문구 생활권·지역 이용 안내 | 몽라운지","북가좌동 지역 이용 안내 | 서울 서대문구 생활권·지역 이용 안내 | 몽라운지","중심으로 인접 생활권과 이동 범위를 먼저 살펴볼 수 있도록 지역 안내를 정리했습니다. 서울 서대문구 북가좌동 출장마사지 이용 전 위치 확인에 참고할 수 있습니다.","중심으로 인접 생활권과 이동 범위를 먼저 살펴볼 수 있도록 지역 안내를 정리했습니다. 서울 서대문구 북가좌동 출장마사지 이용 전 위치 확인에 참고할 수 있습니다.","1","0","1","1"
"동랜딩","massage/북아현동-출장마사지-서대문구-생활권-이동동선-지역정보-이용전-안내/index.html","변경후보","북아현동 출장마사지 | 서울 서대문구 생활권·지역 이용 안내 | 몽라운지","북아현동 생활권 안내 | 서울 서대문구 생활권·지역 이용 안내 | 몽라운지","북아현동 주변 생활권을 기준으로 현재 위치와 인접 지역을 확인하는 방법을 정리했습니다. 서울 서대문구 북아현동 출장마사지 이용 전 지역 선택과 이동 범위를 살펴보세요.","북아현동 주변 생활권을 기준으로 현재 위치와 인접 지역을 확인하는 방법을 정리했습니다. 서울 서대문구 북아현동 지역 이용 이용 전 지역 선택과 이동 범위를 살펴보세요.","1","0","1","0"
"동랜딩","massage/신촌동-출장마사지-서대문구-생활권-이동동선-지역정보-이용전-안내/index.html","변경후보","신촌동 출장마사지 | 서울 서대문구 생활권·지역 이용 안내 | 몽라운지","신촌동 지역 이용 안내 | 서울 서대문구 생활권·지역 이용 안내 | 몽라운지","신촌동 주변의 생활권과 이동 흐름을 먼저 살펴보고, 서대문구 안에서 현재 위치를 설명하기 좋은 기준을 정리했습니다. 서울 서대문구 신촌동 출장마사지 이용 전 지역 범위와 위치 정보를 확인해 보세요.","신촌동 주변의 생활권과 이동 흐름을 먼저 살펴보고, 서대문구 안에서 현재 위치를 설명하기 좋은 기준을 정리했습니다. 서울 서대문구 신촌동 출장마사지 이용 전 지역 범위와 위치 정보를 확인해 보세요.","1","0","1","1"
"동랜딩","massage/연희동-출장마사지-서대문구-생활권-이동동선-지역정보-이용전-안내/index.html","변경후보","연희동 출장마사지 | 서울 서대문구 생활권·지역 이용 안내 | 몽라운지","연희동 출장마사지 | 서울 서대문구 생활권·지역 이용 안내 | 몽라운지","자주 오가는 주거·상업 생활권을 기준으로 위치 확인 방법을 정리했습니다. 서울 서대문구 연희동 출장마사지 이용 전 가까운 지역과 이동 범위를 비교할 때 참고할 수 있습니다.","자주 오가는 주거·상업 생활권을 기준으로 위치 확인 방법을 정리했습니다. 서울 서대문구 연희동 생활권 이용 이용 전 가까운 지역과 이동 범위를 비교할 때 참고할 수 있습니다.","1","1","1","0"
"동랜딩","massage/천연동-출장마사지-서대문구-생활권-이동동선-지역정보-이용전-안내/index.html","변경후보","천연동 출장마사지 | 서울 서대문구 생활권·지역 이용 안내 | 몽라운지","천연동 지역 이용 안내 | 서울 서대문구 생활권·지역 이용 안내 | 몽라운지","천연동 생활권의 기본적인 이동 방향과 인접 지역 확인 방법을 한 페이지에 정리했습니다. 서울 서대문구 천연동 출장마사지 이용 전 현재 위치와 지역 범위를 먼저 확인해 보세요.","천연동 생활권의 기본적인 이동 방향과 인접 지역 확인 방법을 한 페이지에 정리했습니다. 서울 서대문구 천연동 출장마사지 이용 전 현재 위치와 지역 범위를 먼저 확인해 보세요.","1","0","1","1"
"동랜딩","massage/충현동-출장마사지-서대문구-생활권-이동동선-지역정보-이용전-안내/index.html","변경후보","충현동 출장마사지 | 서울 서대문구 생활권·지역 이용 안내 | 몽라운지","충현동 출장마사지 | 서울 서대문구 생활권·지역 이용 안내 | 몽라운지","기준으로 가까운 생활권과 귀가·외출 동선을 확인할 수 있도록 지역 정보를 구성했습니다. 서울 서대문구 충현동 출장마사지 이용 전 위치 설명과 이동 범위를 확인하는 데 참고하세요.","기준으로 가까운 생활권과 귀가·외출 동선을 확인할 수 있도록 지역 정보를 구성했습니다. 서울 서대문구 충현동 생활권 이용 이용 전 위치 설명과 이동 범위를 확인하는 데 참고하세요.","1","1","1","0"
"동랜딩","massage/홍은동-출장마사지-서대문구-생활권-이동동선-지역정보-이용전-안내/index.html","변경후보","홍은동 출장마사지 | 서울 서대문구 생활권·지역 이용 안내 | 몽라운지","홍은동 지역 이용 안내 | 서울 서대문구 생활권·지역 이용 안내 | 몽라운지","홍은동 주변에서 현재 위치를 파악할 때 필요한 생활권 기준과 지역 선택 방법을 정리했습니다. 서울 서대문구 홍은동 출장마사지 이용 전 가까운 범위와 이용 정보를 확인할 수 있습니다.","홍은동 주변에서 현재 위치를 파악할 때 필요한 생활권 기준과 지역 선택 방법을 정리했습니다. 서울 서대문구 홍은동 출장마사지 이용 전 가까운 범위와 이용 정보를 확인할 수 있습니다.","1","0","1","1"
"동랜딩","massage/홍제동-출장마사지-서대문구-생활권-이동동선-지역정보-이용전-안내/index.html","변경후보","홍제동 출장마사지 | 서울 서대문구 생활권·지역 이용 안내 | 몽라운지","홍제동 생활권 안내 | 서울 서대문구 생활권·지역 이용 안내 | 몽라운지","주거권과 일상 이동 범위를 중심으로 지역 정보를 먼저 확인할 수 있게 정리했습니다. 서울 서대문구 홍제동 출장마사지 이용 전 위치와 인접 생활권을 비교해 보세요.","주거권과 일상 이동 범위를 중심으로 지역 정보를 먼저 확인할 수 있게 정리했습니다. 서울 서대문구 홍제동 지역 이용 이용 전 위치와 인접 생활권을 비교해 보세요.","1","0","1","0"
"동랜딩","massage/내곡동-출장마사지-서초구-생활권-이동동선-지역정보-이용전-안내/index.html","변경후보","내곡동 출장마사지 | 서울 서초구 생활권·지역 이용 안내 | 몽라운지","내곡동 출장마사지 | 서울 서초구 생활권·지역 이용 안내 | 몽라운지","다른 생활권으로 이동할 때 참고하기 좋은 지역 기준과 위치 확인 항목을 정리했습니다. 서울 서초구 내곡동 출장마사지 이용 전 지역 범위를 확인하는 안내입니다.","다른 생활권으로 이동할 때 참고하기 좋은 지역 기준과 위치 확인 항목을 정리했습니다. 서울 서초구 내곡동 생활권 이용 이용 전 지역 범위를 확인하는 안내입니다.","1","1","1","0"
"동랜딩","massage/반포동-출장마사지-서초구-생활권-이동동선-지역정보-이용전-안내/index.html","변경후보","반포동 출장마사지 | 서울 서초구 생활권·지역 이용 안내 | 몽라운지","반포동 생활권 안내 | 서울 서초구 생활권·지역 이용 안내 | 몽라운지","반포동 생활권 안에서 현재 위치와 가까운 지역을 찾기 쉽도록 기본 지역 정보를 구성했습니다. 서울 서초구 반포동 출장마사지 이용 전 이동 방향과 주변 생활권을 확인해 보세요.","반포동 생활권 안에서 현재 위치와 가까운 지역을 찾기 쉽도록 기본 지역 정보를 구성했습니다. 서울 서초구 반포동 지역 이용 이용 전 이동 방향과 주변 생활권을 확인해 보세요.","1","0","1","0"
"동랜딩","massage/반포본동-출장마사지-서초구-생활권-이동동선-지역정보-이용전-안내/index.html","변경후보","반포본동 출장마사지 | 서울 서초구 생활권·지역 이용 안내 | 몽라운지","반포본동 출장마사지 | 서울 서초구 생활권·지역 이용 안내 | 몽라운지","중심으로 인접 생활권과 이동 범위를 먼저 살펴볼 수 있도록 지역 안내를 정리했습니다. 서울 서초구 반포본동 출장마사지 이용 전 위치 확인에 참고할 수 있습니다.","중심으로 인접 생활권과 이동 범위를 먼저 살펴볼 수 있도록 지역 안내를 정리했습니다. 서울 서초구 반포본동 생활권 이용 이용 전 위치 확인에 참고할 수 있습니다.","1","1","1","0"
"동랜딩","massage/방배동-출장마사지-서초구-생활권-이동동선-지역정보-이용전-안내/index.html","변경후보","방배동 출장마사지 | 서울 서초구 생활권·지역 이용 안내 | 몽라운지","방배동 출장마사지 | 서울 서초구 생활권·지역 이용 안내 | 몽라운지","방배동 주변 생활권을 기준으로 현재 위치와 인접 지역을 확인하는 방법을 정리했습니다. 서울 서초구 방배동 출장마사지 이용 전 지역 선택과 이동 범위를 살펴보세요.","방배동 주변 생활권을 기준으로 현재 위치와 인접 지역을 확인하는 방법을 정리했습니다. 서울 서초구 방배동 생활권 이용 이용 전 지역 선택과 이동 범위를 살펴보세요.","1","1","1","0"
"동랜딩","massage/방배본동-출장마사지-서초구-생활권-이동동선-지역정보-이용전-안내/index.html","변경후보","방배본동 출장마사지 | 서울 서초구 생활권·지역 이용 안내 | 몽라운지","방배본동 지역 이용 안내 | 서울 서초구 생활권·지역 이용 안내 | 몽라운지","방배본동 주변의 생활권과 이동 흐름을 먼저 살펴보고, 서초구 안에서 현재 위치를 설명하기 좋은 기준을 정리했습니다. 서울 서초구 방배본동 출장마사지 이용 전 지역 범위와 위치 정보를 확인해 보세요.","방배본동 주변의 생활권과 이동 흐름을 먼저 살펴보고, 서초구 안에서 현재 위치를 설명하기 좋은 기준을 정리했습니다. 서울 서초구 방배본동 출장마사지 이용 전 지역 범위와 위치 정보를 확인해 보세요.","1","0","1","1"
"동랜딩","massage/서초동-출장마사지-서초구-생활권-이동동선-지역정보-이용전-안내/index.html","변경후보","서초동 출장마사지 | 서울 서초구 생활권·지역 이용 안내 | 몽라운지","서초동 생활권 안내 | 서울 서초구 생활권·지역 이용 안내 | 몽라운지","자주 오가는 주거·상업 생활권을 기준으로 위치 확인 방법을 정리했습니다. 서울 서초구 서초동 출장마사지 이용 전 가까운 지역과 이동 범위를 비교할 때 참고할 수 있습니다.","자주 오가는 주거·상업 생활권을 기준으로 위치 확인 방법을 정리했습니다. 서울 서초구 서초동 지역 이용 이용 전 가까운 지역과 이동 범위를 비교할 때 참고할 수 있습니다.","1","0","1","0"
"동랜딩","massage/양재동-출장마사지-서초구-생활권-이동동선-지역정보-이용전-안내/index.html","변경후보","양재동 출장마사지 | 서울 서초구 생활권·지역 이용 안내 | 몽라운지","양재동 생활권 안내 | 서울 서초구 생활권·지역 이용 안내 | 몽라운지","양재동 생활권의 기본적인 이동 방향과 인접 지역 확인 방법을 한 페이지에 정리했습니다. 서울 서초구 양재동 출장마사지 이용 전 현재 위치와 지역 범위를 먼저 확인해 보세요.","양재동 생활권의 기본적인 이동 방향과 인접 지역 확인 방법을 한 페이지에 정리했습니다. 서울 서초구 양재동 지역 이용 이용 전 현재 위치와 지역 범위를 먼저 확인해 보세요.","1","0","1","0"
"동랜딩","massage/잠원동-출장마사지-서초구-생활권-이동동선-지역정보-이용전-안내/index.html","변경후보","잠원동 출장마사지 | 서울 서초구 생활권·지역 이용 안내 | 몽라운지","잠원동 출장마사지 | 서울 서초구 생활권·지역 이용 안내 | 몽라운지","기준으로 가까운 생활권과 귀가·외출 동선을 확인할 수 있도록 지역 정보를 구성했습니다. 서울 서초구 잠원동 출장마사지 이용 전 위치 설명과 이동 범위를 확인하는 데 참고하세요.","기준으로 가까운 생활권과 귀가·외출 동선을 확인할 수 있도록 지역 정보를 구성했습니다. 서울 서초구 잠원동 생활권 이용 이용 전 위치 설명과 이동 범위를 확인하는 데 참고하세요.","1","1","1","0"
"동랜딩","massage/금호1가동-출장마사지-성동구-생활권-이동동선-지역정보-이용전-안내/index.html","변경후보","금호1가동 출장마사지 | 서울 성동구 생활권·지역 이용 안내 | 몽라운지","금호1가동 지역 이용 안내 | 서울 성동구 생활권·지역 이용 안내 | 몽라운지","금호1가동 주변에서 현재 위치를 파악할 때 필요한 생활권 기준과 지역 선택 방법을 정리했습니다. 서울 성동구 금호1가동 출장마사지 이용 전 가까운 범위와 이용 정보를 확인할 수 있습니다.","금호1가동 주변에서 현재 위치를 파악할 때 필요한 생활권 기준과 지역 선택 방법을 정리했습니다. 서울 성동구 금호1가동 출장마사지 이용 전 가까운 범위와 이용 정보를 확인할 수 있습니다.","1","0","1","1"
"동랜딩","massage/금호2.3가동-출장마사지-성동구-생활권-이동동선-지역정보-이용전-안내/index.html","변경후보","금호2.3가동 출장마사지 | 서울 성동구 생활권·지역 이용 안내 | 몽라운지","금호2.3가동 출장마사지 | 서울 성동구 생활권·지역 이용 안내 | 몽라운지","주거권과 일상 이동 범위를 중심으로 지역 정보를 먼저 확인할 수 있게 정리했습니다. 서울 성동구 금호2.3가동 출장마사지 이용 전 위치와 인접 생활권을 비교해 보세요.","주거권과 일상 이동 범위를 중심으로 지역 정보를 먼저 확인할 수 있게 정리했습니다. 서울 성동구 금호2.3가동 생활권 이용 이용 전 위치와 인접 생활권을 비교해 보세요.","1","1","1","0"
"동랜딩","massage/금호4가동-출장마사지-성동구-생활권-이동동선-지역정보-이용전-안내/index.html","변경후보","금호4가동 출장마사지 | 서울 성동구 생활권·지역 이용 안내 | 몽라운지","금호4가동 지역 이용 안내 | 서울 성동구 생활권·지역 이용 안내 | 몽라운지","다른 생활권으로 이동할 때 참고하기 좋은 지역 기준과 위치 확인 항목을 정리했습니다. 서울 성동구 금호4가동 출장마사지 이용 전 지역 범위를 확인하는 안내입니다.","다른 생활권으로 이동할 때 참고하기 좋은 지역 기준과 위치 확인 항목을 정리했습니다. 서울 성동구 금호4가동 출장마사지 이용 전 지역 범위를 확인하는 안내입니다.","1","0","1","1"
"동랜딩","massage/마장동-출장마사지-성동구-생활권-이동동선-지역정보-이용전-안내/index.html","변경후보","마장동 출장마사지 | 서울 성동구 생활권·지역 이용 안내 | 몽라운지","마장동 생활권 안내 | 서울 성동구 생활권·지역 이용 안내 | 몽라운지","마장동 생활권 안에서 현재 위치와 가까운 지역을 찾기 쉽도록 기본 지역 정보를 구성했습니다. 서울 성동구 마장동 출장마사지 이용 전 이동 방향과 주변 생활권을 확인해 보세요.","마장동 생활권 안에서 현재 위치와 가까운 지역을 찾기 쉽도록 기본 지역 정보를 구성했습니다. 서울 성동구 마장동 지역 이용 이용 전 이동 방향과 주변 생활권을 확인해 보세요.","1","0","1","0"
"동랜딩","massage/사근동-출장마사지-성동구-생활권-이동동선-지역정보-이용전-안내/index.html","변경후보","사근동 출장마사지 | 서울 성동구 생활권·지역 이용 안내 | 몽라운지","사근동 출장마사지 | 서울 성동구 생활권·지역 이용 안내 | 몽라운지","중심으로 인접 생활권과 이동 범위를 먼저 살펴볼 수 있도록 지역 안내를 정리했습니다. 서울 성동구 사근동 출장마사지 이용 전 위치 확인에 참고할 수 있습니다.","중심으로 인접 생활권과 이동 범위를 먼저 살펴볼 수 있도록 지역 안내를 정리했습니다. 서울 성동구 사근동 생활권 이용 이용 전 위치 확인에 참고할 수 있습니다.","1","1","1","0"
"동랜딩","massage/성수1가제1동-출장마사지-성동구-생활권-이동동선-지역정보-이용전-안내/index.html","변경후보","성수1가제1동 출장마사지 | 서울 성동구 생활권·지역 이용 안내 | 몽라운지","성수1가제1동 지역 이용 안내 | 서울 성동구 생활권·지역 이용 안내 | 몽라운지","성수1가제1동 주변 생활권을 기준으로 현재 위치와 인접 지역을 확인하는 방법을 정리했습니다. 서울 성동구 성수1가제1동 출장마사지 이용 전 지역 선택과 이동 범위를 살펴보세요.","성수1가제1동 주변 생활권을 기준으로 현재 위치와 인접 지역을 확인하는 방법을 정리했습니다. 서울 성동구 성수1가제1동 출장마사지 이용 전 지역 선택과 이동 범위를 살펴보세요.","1","0","1","1"
"동랜딩","massage/성수1가제2동-출장마사지-성동구-생활권-이동동선-지역정보-이용전-안내/index.html","변경후보","성수1가제2동 출장마사지 | 서울 성동구 생활권·지역 이용 안내 | 몽라운지","성수1가제2동 생활권 안내 | 서울 성동구 생활권·지역 이용 안내 | 몽라운지","성수1가제2동 주변의 생활권과 이동 흐름을 먼저 살펴보고, 성동구 안에서 현재 위치를 설명하기 좋은 기준을 정리했습니다. 서울 성동구 성수1가제2동 출장마사지 이용 전 지역 범위와 위치 정보를 확인해 보세요.","성수1가제2동 주변의 생활권과 이동 흐름을 먼저 살펴보고, 성동구 안에서 현재 위치를 설명하기 좋은 기준을 정리했습니다. 서울 성동구 성수1가제2동 지역 이용 이용 전 지역 범위와 위치 정보를 확인해 보세요.","1","0","1","0"
"동랜딩","massage/성수2가제1동-출장마사지-성동구-생활권-이동동선-지역정보-이용전-안내/index.html","변경후보","성수2가제1동 출장마사지 | 서울 성동구 생활권·지역 이용 안내 | 몽라운지","성수2가제1동 생활권 안내 | 서울 성동구 생활권·지역 이용 안내 | 몽라운지","자주 오가는 주거·상업 생활권을 기준으로 위치 확인 방법을 정리했습니다. 서울 성동구 성수2가제1동 출장마사지 이용 전 가까운 지역과 이동 범위를 비교할 때 참고할 수 있습니다.","자주 오가는 주거·상업 생활권을 기준으로 위치 확인 방법을 정리했습니다. 서울 성동구 성수2가제1동 지역 이용 이용 전 가까운 지역과 이동 범위를 비교할 때 참고할 수 있습니다.","1","0","1","0"
"동랜딩","massage/성수2가제3동-출장마사지-성동구-생활권-이동동선-지역정보-이용전-안내/index.html","변경후보","성수2가제3동 출장마사지 | 서울 성동구 생활권·지역 이용 안내 | 몽라운지","성수2가제3동 지역 이용 안내 | 서울 성동구 생활권·지역 이용 안내 | 몽라운지","성수2가제3동 생활권의 기본적인 이동 방향과 인접 지역 확인 방법을 한 페이지에 정리했습니다. 서울 성동구 성수2가제3동 출장마사지 이용 전 현재 위치와 지역 범위를 먼저 확인해 보세요.","성수2가제3동 생활권의 기본적인 이동 방향과 인접 지역 확인 방법을 한 페이지에 정리했습니다. 서울 성동구 성수2가제3동 출장마사지 이용 전 현재 위치와 지역 범위를 먼저 확인해 보세요.","1","0","1","1"
"동랜딩","massage/송정동-출장마사지-성동구-생활권-이동동선-지역정보-이용전-안내/index.html","변경후보","송정동 출장마사지 | 서울 성동구 생활권·지역 이용 안내 | 몽라운지","송정동 생활권 안내 | 서울 성동구 생활권·지역 이용 안내 | 몽라운지","기준으로 가까운 생활권과 귀가·외출 동선을 확인할 수 있도록 지역 정보를 구성했습니다. 서울 성동구 송정동 출장마사지 이용 전 위치 설명과 이동 범위를 확인하는 데 참고하세요.","기준으로 가까운 생활권과 귀가·외출 동선을 확인할 수 있도록 지역 정보를 구성했습니다. 서울 성동구 송정동 지역 이용 이용 전 위치 설명과 이동 범위를 확인하는 데 참고하세요.","1","0","1","0"
"동랜딩","massage/옥수동-출장마사지-성동구-생활권-이동동선-지역정보-이용전-안내/index.html","변경후보","옥수동 출장마사지 | 서울 성동구 생활권·지역 이용 안내 | 몽라운지","옥수동 출장마사지 | 서울 성동구 생활권·지역 이용 안내 | 몽라운지","옥수동 주변에서 현재 위치를 파악할 때 필요한 생활권 기준과 지역 선택 방법을 정리했습니다. 서울 성동구 옥수동 출장마사지 이용 전 가까운 범위와 이용 정보를 확인할 수 있습니다.","옥수동 주변에서 현재 위치를 파악할 때 필요한 생활권 기준과 지역 선택 방법을 정리했습니다. 서울 성동구 옥수동 생활권 이용 이용 전 가까운 범위와 이용 정보를 확인할 수 있습니다.","1","1","1","0"
"동랜딩","massage/왕십리도선동-출장마사지-성동구-생활권-이동동선-지역정보-이용전-안내/index.html","변경후보","왕십리도선동 출장마사지 | 서울 성동구 생활권·지역 이용 안내 | 몽라운지","왕십리도선동 출장마사지 | 서울 성동구 생활권·지역 이용 안내 | 몽라운지","주거권과 일상 이동 범위를 중심으로 지역 정보를 먼저 확인할 수 있게 정리했습니다. 서울 성동구 왕십리도선동 출장마사지 이용 전 위치와 인접 생활권을 비교해 보세요.","주거권과 일상 이동 범위를 중심으로 지역 정보를 먼저 확인할 수 있게 정리했습니다. 서울 성동구 왕십리도선동 생활권 이용 이용 전 위치와 인접 생활권을 비교해 보세요.","1","1","1","0"
"동랜딩","massage/왕십리동-출장마사지-성동구-생활권-이동동선-지역정보-이용전-안내/index.html","변경후보","왕십리동 출장마사지 | 서울 성동구 생활권·지역 이용 안내 | 몽라운지","왕십리동 출장마사지 | 서울 성동구 생활권·지역 이용 안내 | 몽라운지","다른 생활권으로 이동할 때 참고하기 좋은 지역 기준과 위치 확인 항목을 정리했습니다. 서울 성동구 왕십리동 출장마사지 이용 전 지역 범위를 확인하는 안내입니다.","다른 생활권으로 이동할 때 참고하기 좋은 지역 기준과 위치 확인 항목을 정리했습니다. 서울 성동구 왕십리동 생활권 이용 이용 전 지역 범위를 확인하는 안내입니다.","1","1","1","0"
"동랜딩","massage/용답동-출장마사지-성동구-생활권-이동동선-지역정보-이용전-안내/index.html","변경후보","용답동 출장마사지 | 서울 성동구 생활권·지역 이용 안내 | 몽라운지","용답동 지역 이용 안내 | 서울 성동구 생활권·지역 이용 안내 | 몽라운지","용답동 생활권 안에서 현재 위치와 가까운 지역을 찾기 쉽도록 기본 지역 정보를 구성했습니다. 서울 성동구 용답동 출장마사지 이용 전 이동 방향과 주변 생활권을 확인해 보세요.","용답동 생활권 안에서 현재 위치와 가까운 지역을 찾기 쉽도록 기본 지역 정보를 구성했습니다. 서울 성동구 용답동 출장마사지 이용 전 이동 방향과 주변 생활권을 확인해 보세요.","1","0","1","1"
"동랜딩","massage/응봉동-출장마사지-성동구-생활권-이동동선-지역정보-이용전-안내/index.html","변경후보","응봉동 출장마사지 | 서울 성동구 생활권·지역 이용 안내 | 몽라운지","응봉동 지역 이용 안내 | 서울 성동구 생활권·지역 이용 안내 | 몽라운지","중심으로 인접 생활권과 이동 범위를 먼저 살펴볼 수 있도록 지역 안내를 정리했습니다. 서울 성동구 응봉동 출장마사지 이용 전 위치 확인에 참고할 수 있습니다.","중심으로 인접 생활권과 이동 범위를 먼저 살펴볼 수 있도록 지역 안내를 정리했습니다. 서울 성동구 응봉동 출장마사지 이용 전 위치 확인에 참고할 수 있습니다.","1","0","1","1"
"동랜딩","massage/행당동-출장마사지-성동구-생활권-이동동선-지역정보-이용전-안내/index.html","변경후보","행당동 출장마사지 | 서울 성동구 생활권·지역 이용 안내 | 몽라운지","행당동 출장마사지 | 서울 성동구 생활권·지역 이용 안내 | 몽라운지","행당동 주변 생활권을 기준으로 현재 위치와 인접 지역을 확인하는 방법을 정리했습니다. 서울 성동구 행당동 출장마사지 이용 전 지역 선택과 이동 범위를 살펴보세요.","행당동 주변 생활권을 기준으로 현재 위치와 인접 지역을 확인하는 방법을 정리했습니다. 서울 성동구 행당동 생활권 이용 이용 전 지역 선택과 이동 범위를 살펴보세요.","1","1","1","0"
"동랜딩","massage/길음동-출장마사지-성북구-생활권-이동동선-지역정보-이용전-안내/index.html","변경후보","길음동 출장마사지 | 서울 성북구 생활권·지역 이용 안내 | 몽라운지","길음동 지역 이용 안내 | 서울 성북구 생활권·지역 이용 안내 | 몽라운지","길음동 주변의 생활권과 이동 흐름을 먼저 살펴보고, 성북구 안에서 현재 위치를 설명하기 좋은 기준을 정리했습니다. 서울 성북구 길음동 출장마사지 이용 전 지역 범위와 위치 정보를 확인해 보세요.","길음동 주변의 생활권과 이동 흐름을 먼저 살펴보고, 성북구 안에서 현재 위치를 설명하기 좋은 기준을 정리했습니다. 서울 성북구 길음동 출장마사지 이용 전 지역 범위와 위치 정보를 확인해 보세요.","1","0","1","1"
"동랜딩","massage/돈암동-출장마사지-성북구-생활권-이동동선-지역정보-이용전-안내/index.html","변경후보","돈암동 출장마사지 | 서울 성북구 생활권·지역 이용 안내 | 몽라운지","돈암동 출장마사지 | 서울 성북구 생활권·지역 이용 안내 | 몽라운지","자주 오가는 주거·상업 생활권을 기준으로 위치 확인 방법을 정리했습니다. 서울 성북구 돈암동 출장마사지 이용 전 가까운 지역과 이동 범위를 비교할 때 참고할 수 있습니다.","자주 오가는 주거·상업 생활권을 기준으로 위치 확인 방법을 정리했습니다. 서울 성북구 돈암동 생활권 이용 이용 전 가까운 지역과 이동 범위를 비교할 때 참고할 수 있습니다.","1","1","1","0"
"동랜딩","massage/동선동-출장마사지-성북구-생활권-이동동선-지역정보-이용전-안내/index.html","변경후보","동선동 출장마사지 | 서울 성북구 생활권·지역 이용 안내 | 몽라운지","동선동 출장마사지 | 서울 성북구 생활권·지역 이용 안내 | 몽라운지","동선동 생활권의 기본적인 이동 방향과 인접 지역 확인 방법을 한 페이지에 정리했습니다. 서울 성북구 동선동 출장마사지 이용 전 현재 위치와 지역 범위를 먼저 확인해 보세요.","동선동 생활권의 기본적인 이동 방향과 인접 지역 확인 방법을 한 페이지에 정리했습니다. 서울 성북구 동선동 생활권 이용 이용 전 현재 위치와 지역 범위를 먼저 확인해 보세요.","1","1","1","0"
"동랜딩","massage/보문동-출장마사지-성북구-생활권-이동동선-지역정보-이용전-안내/index.html","변경후보","보문동 출장마사지 | 서울 성북구 생활권·지역 이용 안내 | 몽라운지","보문동 출장마사지 | 서울 성북구 생활권·지역 이용 안내 | 몽라운지","기준으로 가까운 생활권과 귀가·외출 동선을 확인할 수 있도록 지역 정보를 구성했습니다. 서울 성북구 보문동 출장마사지 이용 전 위치 설명과 이동 범위를 확인하는 데 참고하세요.","기준으로 가까운 생활권과 귀가·외출 동선을 확인할 수 있도록 지역 정보를 구성했습니다. 서울 성북구 보문동 생활권 이용 이용 전 위치 설명과 이동 범위를 확인하는 데 참고하세요.","1","1","1","0"
"동랜딩","massage/삼선동-출장마사지-성북구-생활권-이동동선-지역정보-이용전-안내/index.html","변경후보","삼선동 출장마사지 | 서울 성북구 생활권·지역 이용 안내 | 몽라운지","삼선동 생활권 안내 | 서울 성북구 생활권·지역 이용 안내 | 몽라운지","삼선동 주변에서 현재 위치를 파악할 때 필요한 생활권 기준과 지역 선택 방법을 정리했습니다. 서울 성북구 삼선동 출장마사지 이용 전 가까운 범위와 이용 정보를 확인할 수 있습니다.","삼선동 주변에서 현재 위치를 파악할 때 필요한 생활권 기준과 지역 선택 방법을 정리했습니다. 서울 성북구 삼선동 지역 이용 이용 전 가까운 범위와 이용 정보를 확인할 수 있습니다.","1","0","1","0"
"동랜딩","massage/석관동-출장마사지-성북구-생활권-이동동선-지역정보-이용전-안내/index.html","변경후보","석관동 출장마사지 | 서울 성북구 생활권·지역 이용 안내 | 몽라운지","석관동 생활권 안내 | 서울 성북구 생활권·지역 이용 안내 | 몽라운지","주거권과 일상 이동 범위를 중심으로 지역 정보를 먼저 확인할 수 있게 정리했습니다. 서울 성북구 석관동 출장마사지 이용 전 위치와 인접 생활권을 비교해 보세요.","주거권과 일상 이동 범위를 중심으로 지역 정보를 먼저 확인할 수 있게 정리했습니다. 서울 성북구 석관동 지역 이용 이용 전 위치와 인접 생활권을 비교해 보세요.","1","0","1","0"
"동랜딩","massage/성북동-출장마사지-성북구-생활권-이동동선-지역정보-이용전-안내/index.html","변경후보","성북동 출장마사지 | 서울 성북구 생활권·지역 이용 안내 | 몽라운지","성북동 생활권 안내 | 서울 성북구 생활권·지역 이용 안내 | 몽라운지","다른 생활권으로 이동할 때 참고하기 좋은 지역 기준과 위치 확인 항목을 정리했습니다. 서울 성북구 성북동 출장마사지 이용 전 지역 범위를 확인하는 안내입니다.","다른 생활권으로 이동할 때 참고하기 좋은 지역 기준과 위치 확인 항목을 정리했습니다. 서울 성북구 성북동 지역 이용 이용 전 지역 범위를 확인하는 안내입니다.","1","0","1","0"
"동랜딩","massage/안암동-출장마사지-성북구-생활권-이동동선-지역정보-이용전-안내/index.html","변경후보","안암동 출장마사지 | 서울 성북구 생활권·지역 이용 안내 | 몽라운지","안암동 지역 이용 안내 | 서울 성북구 생활권·지역 이용 안내 | 몽라운지","안암동 생활권 안에서 현재 위치와 가까운 지역을 찾기 쉽도록 기본 지역 정보를 구성했습니다. 서울 성북구 안암동 출장마사지 이용 전 이동 방향과 주변 생활권을 확인해 보세요.","안암동 생활권 안에서 현재 위치와 가까운 지역을 찾기 쉽도록 기본 지역 정보를 구성했습니다. 서울 성북구 안암동 출장마사지 이용 전 이동 방향과 주변 생활권을 확인해 보세요.","1","0","1","1"
"동랜딩","massage/월곡동-출장마사지-성북구-생활권-이동동선-지역정보-이용전-안내/index.html","변경후보","월곡동 출장마사지 | 서울 성북구 생활권·지역 이용 안내 | 몽라운지","월곡동 출장마사지 | 서울 성북구 생활권·지역 이용 안내 | 몽라운지","중심으로 인접 생활권과 이동 범위를 먼저 살펴볼 수 있도록 지역 안내를 정리했습니다. 서울 성북구 월곡동 출장마사지 이용 전 위치 확인에 참고할 수 있습니다.","중심으로 인접 생활권과 이동 범위를 먼저 살펴볼 수 있도록 지역 안내를 정리했습니다. 서울 성북구 월곡동 생활권 이용 이용 전 위치 확인에 참고할 수 있습니다.","1","1","1","0"
"동랜딩","massage/장위동-출장마사지-성북구-생활권-이동동선-지역정보-이용전-안내/index.html","변경후보","장위동 출장마사지 | 서울 성북구 생활권·지역 이용 안내 | 몽라운지","장위동 출장마사지 | 서울 성북구 생활권·지역 이용 안내 | 몽라운지","장위동 주변 생활권을 기준으로 현재 위치와 인접 지역을 확인하는 방법을 정리했습니다. 서울 성북구 장위동 출장마사지 이용 전 지역 선택과 이동 범위를 살펴보세요.","장위동 주변 생활권을 기준으로 현재 위치와 인접 지역을 확인하는 방법을 정리했습니다. 서울 성북구 장위동 생활권 이용 이용 전 지역 선택과 이동 범위를 살펴보세요.","1","1","1","0"
"동랜딩","massage/정릉동-출장마사지-성북구-생활권-이동동선-지역정보-이용전-안내/index.html","변경후보","정릉동 출장마사지 | 서울 성북구 생활권·지역 이용 안내 | 몽라운지","정릉동 출장마사지 | 서울 성북구 생활권·지역 이용 안내 | 몽라운지","정릉동 주변의 생활권과 이동 흐름을 먼저 살펴보고, 성북구 안에서 현재 위치를 설명하기 좋은 기준을 정리했습니다. 서울 성북구 정릉동 출장마사지 이용 전 지역 범위와 위치 정보를 확인해 보세요.","정릉동 주변의 생활권과 이동 흐름을 먼저 살펴보고, 성북구 안에서 현재 위치를 설명하기 좋은 기준을 정리했습니다. 서울 성북구 정릉동 생활권 이용 이용 전 지역 범위와 위치 정보를 확인해 보세요.","1","1","1","0"
"동랜딩","massage/종암동-출장마사지-성북구-생활권-이동동선-지역정보-이용전-안내/index.html","변경후보","종암동 출장마사지 | 서울 성북구 생활권·지역 이용 안내 | 몽라운지","종암동 생활권 안내 | 서울 성북구 생활권·지역 이용 안내 | 몽라운지","자주 오가는 주거·상업 생활권을 기준으로 위치 확인 방법을 정리했습니다. 서울 성북구 종암동 출장마사지 이용 전 가까운 지역과 이동 범위를 비교할 때 참고할 수 있습니다.","자주 오가는 주거·상업 생활권을 기준으로 위치 확인 방법을 정리했습니다. 서울 성북구 종암동 지역 이용 이용 전 가까운 지역과 이동 범위를 비교할 때 참고할 수 있습니다.","1","0","1","0"
"동랜딩","massage/가락동-출장마사지-송파구-생활권-이동동선-지역정보-이용전-안내/index.html","변경후보","가락동 출장마사지 | 서울 송파구 생활권·지역 이용 안내 | 몽라운지","가락동 생활권 안내 | 서울 송파구 생활권·지역 이용 안내 | 몽라운지","가락동 생활권의 기본적인 이동 방향과 인접 지역 확인 방법을 한 페이지에 정리했습니다. 서울 송파구 가락동 출장마사지 이용 전 현재 위치와 지역 범위를 먼저 확인해 보세요.","가락동 생활권의 기본적인 이동 방향과 인접 지역 확인 방법을 한 페이지에 정리했습니다. 서울 송파구 가락동 지역 이용 이용 전 현재 위치와 지역 범위를 먼저 확인해 보세요.","1","0","1","0"
"동랜딩","massage/가락본동-출장마사지-송파구-생활권-이동동선-지역정보-이용전-안내/index.html","변경후보","가락본동 출장마사지 | 서울 송파구 생활권·지역 이용 안내 | 몽라운지","가락본동 출장마사지 | 서울 송파구 생활권·지역 이용 안내 | 몽라운지","기준으로 가까운 생활권과 귀가·외출 동선을 확인할 수 있도록 지역 정보를 구성했습니다. 서울 송파구 가락본동 출장마사지 이용 전 위치 설명과 이동 범위를 확인하는 데 참고하세요.","기준으로 가까운 생활권과 귀가·외출 동선을 확인할 수 있도록 지역 정보를 구성했습니다. 서울 송파구 가락본동 생활권 이용 이용 전 위치 설명과 이동 범위를 확인하는 데 참고하세요.","1","1","1","0"
"동랜딩","massage/거여동-출장마사지-송파구-생활권-이동동선-지역정보-이용전-안내/index.html","변경후보","거여동 출장마사지 | 서울 송파구 생활권·지역 이용 안내 | 몽라운지","거여동 생활권 안내 | 서울 송파구 생활권·지역 이용 안내 | 몽라운지","거여동 주변에서 현재 위치를 파악할 때 필요한 생활권 기준과 지역 선택 방법을 정리했습니다. 서울 송파구 거여동 출장마사지 이용 전 가까운 범위와 이용 정보를 확인할 수 있습니다.","거여동 주변에서 현재 위치를 파악할 때 필요한 생활권 기준과 지역 선택 방법을 정리했습니다. 서울 송파구 거여동 지역 이용 이용 전 가까운 범위와 이용 정보를 확인할 수 있습니다.","1","0","1","0"
"동랜딩","massage/마천동-출장마사지-송파구-생활권-이동동선-지역정보-이용전-안내/index.html","변경후보","마천동 출장마사지 | 서울 송파구 생활권·지역 이용 안내 | 몽라운지","마천동 출장마사지 | 서울 송파구 생활권·지역 이용 안내 | 몽라운지","주거권과 일상 이동 범위를 중심으로 지역 정보를 먼저 확인할 수 있게 정리했습니다. 서울 송파구 마천동 출장마사지 이용 전 위치와 인접 생활권을 비교해 보세요.","주거권과 일상 이동 범위를 중심으로 지역 정보를 먼저 확인할 수 있게 정리했습니다. 서울 송파구 마천동 생활권 이용 이용 전 위치와 인접 생활권을 비교해 보세요.","1","1","1","0"
"동랜딩","massage/문정동-출장마사지-송파구-생활권-이동동선-지역정보-이용전-안내/index.html","변경후보","문정동 출장마사지 | 서울 송파구 생활권·지역 이용 안내 | 몽라운지","문정동 지역 이용 안내 | 서울 송파구 생활권·지역 이용 안내 | 몽라운지","다른 생활권으로 이동할 때 참고하기 좋은 지역 기준과 위치 확인 항목을 정리했습니다. 서울 송파구 문정동 출장마사지 이용 전 지역 범위를 확인하는 안내입니다.","다른 생활권으로 이동할 때 참고하기 좋은 지역 기준과 위치 확인 항목을 정리했습니다. 서울 송파구 문정동 출장마사지 이용 전 지역 범위를 확인하는 안내입니다.","1","0","1","1"
"동랜딩","massage/방이동-출장마사지-송파구-생활권-이동동선-지역정보-이용전-안내/index.html","변경후보","방이동 출장마사지 | 서울 송파구 생활권·지역 이용 안내 | 몽라운지","방이동 출장마사지 | 서울 송파구 생활권·지역 이용 안내 | 몽라운지","방이동 생활권 안에서 현재 위치와 가까운 지역을 찾기 쉽도록 기본 지역 정보를 구성했습니다. 서울 송파구 방이동 출장마사지 이용 전 이동 방향과 주변 생활권을 확인해 보세요.","방이동 생활권 안에서 현재 위치와 가까운 지역을 찾기 쉽도록 기본 지역 정보를 구성했습니다. 서울 송파구 방이동 생활권 이용 이용 전 이동 방향과 주변 생활권을 확인해 보세요.","1","1","1","0"
"동랜딩","massage/삼전동-출장마사지-송파구-생활권-이동동선-지역정보-이용전-안내/index.html","변경후보","삼전동 출장마사지 | 서울 송파구 생활권·지역 이용 안내 | 몽라운지","삼전동 지역 이용 안내 | 서울 송파구 생활권·지역 이용 안내 | 몽라운지","중심으로 인접 생활권과 이동 범위를 먼저 살펴볼 수 있도록 지역 안내를 정리했습니다. 서울 송파구 삼전동 출장마사지 이용 전 위치 확인에 참고할 수 있습니다.","중심으로 인접 생활권과 이동 범위를 먼저 살펴볼 수 있도록 지역 안내를 정리했습니다. 서울 송파구 삼전동 출장마사지 이용 전 위치 확인에 참고할 수 있습니다.","1","0","1","1"
"동랜딩","massage/석촌동-출장마사지-송파구-생활권-이동동선-지역정보-이용전-안내/index.html","변경후보","석촌동 출장마사지 | 서울 송파구 생활권·지역 이용 안내 | 몽라운지","석촌동 출장마사지 | 서울 송파구 생활권·지역 이용 안내 | 몽라운지","석촌동 주변 생활권을 기준으로 현재 위치와 인접 지역을 확인하는 방법을 정리했습니다. 서울 송파구 석촌동 출장마사지 이용 전 지역 선택과 이동 범위를 살펴보세요.","석촌동 주변 생활권을 기준으로 현재 위치와 인접 지역을 확인하는 방법을 정리했습니다. 서울 송파구 석촌동 생활권 이용 이용 전 지역 선택과 이동 범위를 살펴보세요.","1","1","1","0"
"동랜딩","massage/송파동-출장마사지-송파구-생활권-이동동선-지역정보-이용전-안내/index.html","변경후보","송파동 출장마사지 | 서울 송파구 생활권·지역 이용 안내 | 몽라운지","송파동 출장마사지 | 서울 송파구 생활권·지역 이용 안내 | 몽라운지","송파동 주변의 생활권과 이동 흐름을 먼저 살펴보고, 송파구 안에서 현재 위치를 설명하기 좋은 기준을 정리했습니다. 서울 송파구 송파동 출장마사지 이용 전 지역 범위와 위치 정보를 확인해 보세요.","송파동 주변의 생활권과 이동 흐름을 먼저 살펴보고, 송파구 안에서 현재 위치를 설명하기 좋은 기준을 정리했습니다. 서울 송파구 송파동 생활권 이용 이용 전 지역 범위와 위치 정보를 확인해 보세요.","1","1","1","0"
"동랜딩","massage/오금동-출장마사지-송파구-생활권-이동동선-지역정보-이용전-안내/index.html","변경후보","오금동 출장마사지 | 서울 송파구 생활권·지역 이용 안내 | 몽라운지","오금동 지역 이용 안내 | 서울 송파구 생활권·지역 이용 안내 | 몽라운지","자주 오가는 주거·상업 생활권을 기준으로 위치 확인 방법을 정리했습니다. 서울 송파구 오금동 출장마사지 이용 전 가까운 지역과 이동 범위를 비교할 때 참고할 수 있습니다.","자주 오가는 주거·상업 생활권을 기준으로 위치 확인 방법을 정리했습니다. 서울 송파구 오금동 출장마사지 이용 전 가까운 지역과 이동 범위를 비교할 때 참고할 수 있습니다.","1","0","1","1"
"동랜딩","massage/오륜동-출장마사지-송파구-생활권-이동동선-지역정보-이용전-안내/index.html","변경후보","오륜동 출장마사지 | 서울 송파구 생활권·지역 이용 안내 | 몽라운지","오륜동 출장마사지 | 서울 송파구 생활권·지역 이용 안내 | 몽라운지","오륜동 생활권의 기본적인 이동 방향과 인접 지역 확인 방법을 한 페이지에 정리했습니다. 서울 송파구 오륜동 출장마사지 이용 전 현재 위치와 지역 범위를 먼저 확인해 보세요.","오륜동 생활권의 기본적인 이동 방향과 인접 지역 확인 방법을 한 페이지에 정리했습니다. 서울 송파구 오륜동 생활권 이용 이용 전 현재 위치와 지역 범위를 먼저 확인해 보세요.","1","1","1","0"
"동랜딩","massage/위례동-출장마사지-송파구-생활권-이동동선-지역정보-이용전-안내/index.html","변경후보","위례동 출장마사지 | 서울 송파구 생활권·지역 이용 안내 | 몽라운지","위례동 출장마사지 | 서울 송파구 생활권·지역 이용 안내 | 몽라운지","기준으로 가까운 생활권과 귀가·외출 동선을 확인할 수 있도록 지역 정보를 구성했습니다. 서울 송파구 위례동 출장마사지 이용 전 위치 설명과 이동 범위를 확인하는 데 참고하세요.","기준으로 가까운 생활권과 귀가·외출 동선을 확인할 수 있도록 지역 정보를 구성했습니다. 서울 송파구 위례동 생활권 이용 이용 전 위치 설명과 이동 범위를 확인하는 데 참고하세요.","1","1","1","0"
"동랜딩","massage/잠실동-출장마사지-송파구-생활권-이동동선-지역정보-이용전-안내/index.html","변경후보","잠실동 출장마사지 | 서울 송파구 생활권·지역 이용 안내 | 몽라운지","잠실동 출장마사지 | 서울 송파구 생활권·지역 이용 안내 | 몽라운지","잠실동 주변에서 현재 위치를 파악할 때 필요한 생활권 기준과 지역 선택 방법을 정리했습니다. 서울 송파구 잠실동 출장마사지 이용 전 가까운 범위와 이용 정보를 확인할 수 있습니다.","잠실동 주변에서 현재 위치를 파악할 때 필요한 생활권 기준과 지역 선택 방법을 정리했습니다. 서울 송파구 잠실동 생활권 이용 이용 전 가까운 범위와 이용 정보를 확인할 수 있습니다.","1","1","1","0"
"동랜딩","massage/잠실본동-출장마사지-송파구-생활권-이동동선-지역정보-이용전-안내/index.html","변경후보","잠실본동 출장마사지 | 서울 송파구 생활권·지역 이용 안내 | 몽라운지","잠실본동 지역 이용 안내 | 서울 송파구 생활권·지역 이용 안내 | 몽라운지","주거권과 일상 이동 범위를 중심으로 지역 정보를 먼저 확인할 수 있게 정리했습니다. 서울 송파구 잠실본동 출장마사지 이용 전 위치와 인접 생활권을 비교해 보세요.","주거권과 일상 이동 범위를 중심으로 지역 정보를 먼저 확인할 수 있게 정리했습니다. 서울 송파구 잠실본동 출장마사지 이용 전 위치와 인접 생활권을 비교해 보세요.","1","0","1","1"
"동랜딩","massage/장지동-출장마사지-송파구-생활권-이동동선-지역정보-이용전-안내/index.html","변경후보","장지동 출장마사지 | 서울 송파구 생활권·지역 이용 안내 | 몽라운지","장지동 출장마사지 | 서울 송파구 생활권·지역 이용 안내 | 몽라운지","다른 생활권으로 이동할 때 참고하기 좋은 지역 기준과 위치 확인 항목을 정리했습니다. 서울 송파구 장지동 출장마사지 이용 전 지역 범위를 확인하는 안내입니다.","다른 생활권으로 이동할 때 참고하기 좋은 지역 기준과 위치 확인 항목을 정리했습니다. 서울 송파구 장지동 생활권 이용 이용 전 지역 범위를 확인하는 안내입니다.","1","1","1","0"
"동랜딩","massage/풍납동-출장마사지-송파구-생활권-이동동선-지역정보-이용전-안내/index.html","변경후보","풍납동 출장마사지 | 서울 송파구 생활권·지역 이용 안내 | 몽라운지","풍납동 지역 이용 안내 | 서울 송파구 생활권·지역 이용 안내 | 몽라운지","풍납동 생활권 안에서 현재 위치와 가까운 지역을 찾기 쉽도록 기본 지역 정보를 구성했습니다. 서울 송파구 풍납동 출장마사지 이용 전 이동 방향과 주변 생활권을 확인해 보세요.","풍납동 생활권 안에서 현재 위치와 가까운 지역을 찾기 쉽도록 기본 지역 정보를 구성했습니다. 서울 송파구 풍납동 출장마사지 이용 전 이동 방향과 주변 생활권을 확인해 보세요.","1","0","1","1"
"동랜딩","massage/목동-출장마사지-양천구-생활권-이동동선-지역정보-이용전-안내/index.html","변경후보","목동 출장마사지 | 서울 양천구 생활권·지역 이용 안내 | 몽라운지","목동 생활권 안내 | 서울 양천구 생활권·지역 이용 안내 | 몽라운지","중심으로 인접 생활권과 이동 범위를 먼저 살펴볼 수 있도록 지역 안내를 정리했습니다. 서울 양천구 목동 출장마사지 이용 전 위치 확인에 참고할 수 있습니다.","중심으로 인접 생활권과 이동 범위를 먼저 살펴볼 수 있도록 지역 안내를 정리했습니다. 서울 양천구 목동 지역 이용 이용 전 위치 확인에 참고할 수 있습니다.","1","0","1","0"
"동랜딩","massage/신월동-출장마사지-양천구-생활권-이동동선-지역정보-이용전-안내/index.html","변경후보","신월동 출장마사지 | 서울 양천구 생활권·지역 이용 안내 | 몽라운지","신월동 지역 이용 안내 | 서울 양천구 생활권·지역 이용 안내 | 몽라운지","신월동 주변 생활권을 기준으로 현재 위치와 인접 지역을 확인하는 방법을 정리했습니다. 서울 양천구 신월동 출장마사지 이용 전 지역 선택과 이동 범위를 살펴보세요.","신월동 주변 생활권을 기준으로 현재 위치와 인접 지역을 확인하는 방법을 정리했습니다. 서울 양천구 신월동 출장마사지 이용 전 지역 선택과 이동 범위를 살펴보세요.","1","0","1","1"
"동랜딩","massage/신정동-출장마사지-양천구-생활권-이동동선-지역정보-이용전-안내/index.html","변경후보","신정동 출장마사지 | 서울 양천구 생활권·지역 이용 안내 | 몽라운지","신정동 지역 이용 안내 | 서울 양천구 생활권·지역 이용 안내 | 몽라운지","신정동 주변의 생활권과 이동 흐름을 먼저 살펴보고, 양천구 안에서 현재 위치를 설명하기 좋은 기준을 정리했습니다. 서울 양천구 신정동 출장마사지 이용 전 지역 범위와 위치 정보를 확인해 보세요.","신정동 주변의 생활권과 이동 흐름을 먼저 살펴보고, 양천구 안에서 현재 위치를 설명하기 좋은 기준을 정리했습니다. 서울 양천구 신정동 출장마사지 이용 전 지역 범위와 위치 정보를 확인해 보세요.","1","0","1","1"
"동랜딩","massage/당산동-출장마사지-영등포구-생활권-이동동선-지역정보-이용전-안내/index.html","변경후보","당산동 출장마사지 | 서울 영등포구 생활권·지역 이용 안내 | 몽라운지","당산동 출장마사지 | 서울 영등포구 생활권·지역 이용 안내 | 몽라운지","자주 오가는 주거·상업 생활권을 기준으로 위치 확인 방법을 정리했습니다. 서울 영등포구 당산동 출장마사지 이용 전 가까운 지역과 이동 범위를 비교할 때 참고할 수 있습니다.","자주 오가는 주거·상업 생활권을 기준으로 위치 확인 방법을 정리했습니다. 서울 영등포구 당산동 생활권 이용 이용 전 가까운 지역과 이동 범위를 비교할 때 참고할 수 있습니다.","1","1","1","0"
"동랜딩","massage/대림동-출장마사지-영등포구-생활권-이동동선-지역정보-이용전-안내/index.html","변경후보","대림동 출장마사지 | 서울 영등포구 생활권·지역 이용 안내 | 몽라운지","대림동 출장마사지 | 서울 영등포구 생활권·지역 이용 안내 | 몽라운지","대림동 생활권의 기본적인 이동 방향과 인접 지역 확인 방법을 한 페이지에 정리했습니다. 서울 영등포구 대림동 출장마사지 이용 전 현재 위치와 지역 범위를 먼저 확인해 보세요.","대림동 생활권의 기본적인 이동 방향과 인접 지역 확인 방법을 한 페이지에 정리했습니다. 서울 영등포구 대림동 생활권 이용 이용 전 현재 위치와 지역 범위를 먼저 확인해 보세요.","1","1","1","0"
"동랜딩","massage/도림동-출장마사지-영등포구-생활권-이동동선-지역정보-이용전-안내/index.html","변경후보","도림동 출장마사지 | 서울 영등포구 생활권·지역 이용 안내 | 몽라운지","도림동 지역 이용 안내 | 서울 영등포구 생활권·지역 이용 안내 | 몽라운지","기준으로 가까운 생활권과 귀가·외출 동선을 확인할 수 있도록 지역 정보를 구성했습니다. 서울 영등포구 도림동 출장마사지 이용 전 위치 설명과 이동 범위를 확인하는 데 참고하세요.","기준으로 가까운 생활권과 귀가·외출 동선을 확인할 수 있도록 지역 정보를 구성했습니다. 서울 영등포구 도림동 출장마사지 이용 전 위치 설명과 이동 범위를 확인하는 데 참고하세요.","1","0","1","1"
"동랜딩","massage/문래동-출장마사지-영등포구-생활권-이동동선-지역정보-이용전-안내/index.html","변경후보","문래동 출장마사지 | 서울 영등포구 생활권·지역 이용 안내 | 몽라운지","문래동 생활권 안내 | 서울 영등포구 생활권·지역 이용 안내 | 몽라운지","문래동 주변에서 현재 위치를 파악할 때 필요한 생활권 기준과 지역 선택 방법을 정리했습니다. 서울 영등포구 문래동 출장마사지 이용 전 가까운 범위와 이용 정보를 확인할 수 있습니다.","문래동 주변에서 현재 위치를 파악할 때 필요한 생활권 기준과 지역 선택 방법을 정리했습니다. 서울 영등포구 문래동 지역 이용 이용 전 가까운 범위와 이용 정보를 확인할 수 있습니다.","1","0","1","0"
"동랜딩","massage/신길동-출장마사지-영등포구-생활권-이동동선-지역정보-이용전-안내/index.html","변경후보","신길동 출장마사지 | 서울 영등포구 생활권·지역 이용 안내 | 몽라운지","신길동 출장마사지 | 서울 영등포구 생활권·지역 이용 안내 | 몽라운지","주거권과 일상 이동 범위를 중심으로 지역 정보를 먼저 확인할 수 있게 정리했습니다. 서울 영등포구 신길동 출장마사지 이용 전 위치와 인접 생활권을 비교해 보세요.","주거권과 일상 이동 범위를 중심으로 지역 정보를 먼저 확인할 수 있게 정리했습니다. 서울 영등포구 신길동 생활권 이용 이용 전 위치와 인접 생활권을 비교해 보세요.","1","1","1","0"
"동랜딩","massage/양평동-출장마사지-영등포구-생활권-이동동선-지역정보-이용전-안내/index.html","변경후보","양평동 출장마사지 | 서울 영등포구 생활권·지역 이용 안내 | 몽라운지","양평동 지역 이용 안내 | 서울 영등포구 생활권·지역 이용 안내 | 몽라운지","다른 생활권으로 이동할 때 참고하기 좋은 지역 기준과 위치 확인 항목을 정리했습니다. 서울 영등포구 양평동 출장마사지 이용 전 지역 범위를 확인하는 안내입니다.","다른 생활권으로 이동할 때 참고하기 좋은 지역 기준과 위치 확인 항목을 정리했습니다. 서울 영등포구 양평동 출장마사지 이용 전 지역 범위를 확인하는 안내입니다.","1","0","1","1"
"동랜딩","massage/여의동-출장마사지-영등포구-생활권-이동동선-지역정보-이용전-안내/index.html","변경후보","여의동 출장마사지 | 서울 영등포구 생활권·지역 이용 안내 | 몽라운지","여의동 출장마사지 | 서울 영등포구 생활권·지역 이용 안내 | 몽라운지","여의동 생활권 안에서 현재 위치와 가까운 지역을 찾기 쉽도록 기본 지역 정보를 구성했습니다. 서울 영등포구 여의동 출장마사지 이용 전 이동 방향과 주변 생활권을 확인해 보세요.","여의동 생활권 안에서 현재 위치와 가까운 지역을 찾기 쉽도록 기본 지역 정보를 구성했습니다. 서울 영등포구 여의동 생활권 이용 이용 전 이동 방향과 주변 생활권을 확인해 보세요.","1","1","1","0"
"동랜딩","massage/영등포동-출장마사지-영등포구-생활권-이동동선-지역정보-이용전-안내/index.html","변경후보","영등포동 출장마사지 | 서울 영등포구 생활권·지역 이용 안내 | 몽라운지","영등포동 생활권 안내 | 서울 영등포구 생활권·지역 이용 안내 | 몽라운지","중심으로 인접 생활권과 이동 범위를 먼저 살펴볼 수 있도록 지역 안내를 정리했습니다. 서울 영등포구 영등포동 출장마사지 이용 전 위치 확인에 참고할 수 있습니다.","중심으로 인접 생활권과 이동 범위를 먼저 살펴볼 수 있도록 지역 안내를 정리했습니다. 서울 영등포구 영등포동 지역 이용 이용 전 위치 확인에 참고할 수 있습니다.","1","0","1","0"
"동랜딩","massage/영등포본동-출장마사지-영등포구-생활권-이동동선-지역정보-이용전-안내/index.html","변경후보","영등포본동 출장마사지 | 서울 영등포구 생활권·지역 이용 안내 | 몽라운지","영등포본동 출장마사지 | 서울 영등포구 생활권·지역 이용 안내 | 몽라운지","영등포본동 주변 생활권을 기준으로 현재 위치와 인접 지역을 확인하는 방법을 정리했습니다. 서울 영등포구 영등포본동 출장마사지 이용 전 지역 선택과 이동 범위를 살펴보세요.","영등포본동 주변 생활권을 기준으로 현재 위치와 인접 지역을 확인하는 방법을 정리했습니다. 서울 영등포구 영등포본동 생활권 이용 이용 전 지역 선택과 이동 범위를 살펴보세요.","1","1","1","0"
"동랜딩","massage/남영동-출장마사지-용산구-생활권-이동동선-지역정보-이용전-안내/index.html","변경후보","남영동 출장마사지 | 서울 용산구 생활권·지역 이용 안내 | 몽라운지","남영동 지역 이용 안내 | 서울 용산구 생활권·지역 이용 안내 | 몽라운지","남영동 주변의 생활권과 이동 흐름을 먼저 살펴보고, 용산구 안에서 현재 위치를 설명하기 좋은 기준을 정리했습니다. 서울 용산구 남영동 출장마사지 이용 전 지역 범위와 위치 정보를 확인해 보세요.","남영동 주변의 생활권과 이동 흐름을 먼저 살펴보고, 용산구 안에서 현재 위치를 설명하기 좋은 기준을 정리했습니다. 서울 용산구 남영동 출장마사지 이용 전 지역 범위와 위치 정보를 확인해 보세요.","1","0","1","1"
"동랜딩","massage/보광동-출장마사지-용산구-생활권-이동동선-지역정보-이용전-안내/index.html","변경후보","보광동 출장마사지 | 서울 용산구 생활권·지역 이용 안내 | 몽라운지","보광동 생활권 안내 | 서울 용산구 생활권·지역 이용 안내 | 몽라운지","자주 오가는 주거·상업 생활권을 기준으로 위치 확인 방법을 정리했습니다. 서울 용산구 보광동 출장마사지 이용 전 가까운 지역과 이동 범위를 비교할 때 참고할 수 있습니다.","자주 오가는 주거·상업 생활권을 기준으로 위치 확인 방법을 정리했습니다. 서울 용산구 보광동 지역 이용 이용 전 가까운 지역과 이동 범위를 비교할 때 참고할 수 있습니다.","1","0","1","0"
"동랜딩","massage/서빙고동-출장마사지-용산구-생활권-이동동선-지역정보-이용전-안내/index.html","변경후보","서빙고동 출장마사지 | 서울 용산구 생활권·지역 이용 안내 | 몽라운지","서빙고동 출장마사지 | 서울 용산구 생활권·지역 이용 안내 | 몽라운지","서빙고동 생활권의 기본적인 이동 방향과 인접 지역 확인 방법을 한 페이지에 정리했습니다. 서울 용산구 서빙고동 출장마사지 이용 전 현재 위치와 지역 범위를 먼저 확인해 보세요.","서빙고동 생활권의 기본적인 이동 방향과 인접 지역 확인 방법을 한 페이지에 정리했습니다. 서울 용산구 서빙고동 생활권 이용 이용 전 현재 위치와 지역 범위를 먼저 확인해 보세요.","1","1","1","0"
"동랜딩","massage/용문동-출장마사지-용산구-생활권-이동동선-지역정보-이용전-안내/index.html","변경후보","용문동 출장마사지 | 서울 용산구 생활권·지역 이용 안내 | 몽라운지","용문동 생활권 안내 | 서울 용산구 생활권·지역 이용 안내 | 몽라운지","기준으로 가까운 생활권과 귀가·외출 동선을 확인할 수 있도록 지역 정보를 구성했습니다. 서울 용산구 용문동 출장마사지 이용 전 위치 설명과 이동 범위를 확인하는 데 참고하세요.","기준으로 가까운 생활권과 귀가·외출 동선을 확인할 수 있도록 지역 정보를 구성했습니다. 서울 용산구 용문동 지역 이용 이용 전 위치 설명과 이동 범위를 확인하는 데 참고하세요.","1","0","1","0"
"동랜딩","massage/용산2가동-출장마사지-용산구-생활권-이동동선-지역정보-이용전-안내/index.html","변경후보","용산2가동 출장마사지 | 서울 용산구 생활권·지역 이용 안내 | 몽라운지","용산2가동 지역 이용 안내 | 서울 용산구 생활권·지역 이용 안내 | 몽라운지","용산2가동 주변에서 현재 위치를 파악할 때 필요한 생활권 기준과 지역 선택 방법을 정리했습니다. 서울 용산구 용산2가동 출장마사지 이용 전 가까운 범위와 이용 정보를 확인할 수 있습니다.","용산2가동 주변에서 현재 위치를 파악할 때 필요한 생활권 기준과 지역 선택 방법을 정리했습니다. 서울 용산구 용산2가동 출장마사지 이용 전 가까운 범위와 이용 정보를 확인할 수 있습니다.","1","0","1","1"
"동랜딩","massage/원효로동-출장마사지-용산구-생활권-이동동선-지역정보-이용전-안내/index.html","변경후보","원효로동 출장마사지 | 서울 용산구 생활권·지역 이용 안내 | 몽라운지","원효로동 출장마사지 | 서울 용산구 생활권·지역 이용 안내 | 몽라운지","주거권과 일상 이동 범위를 중심으로 지역 정보를 먼저 확인할 수 있게 정리했습니다. 서울 용산구 원효로동 출장마사지 이용 전 위치와 인접 생활권을 비교해 보세요.","주거권과 일상 이동 범위를 중심으로 지역 정보를 먼저 확인할 수 있게 정리했습니다. 서울 용산구 원효로동 생활권 이용 이용 전 위치와 인접 생활권을 비교해 보세요.","1","1","1","0"
"동랜딩","massage/이촌동-출장마사지-용산구-생활권-이동동선-지역정보-이용전-안내/index.html","변경후보","이촌동 출장마사지 | 서울 용산구 생활권·지역 이용 안내 | 몽라운지","이촌동 생활권 안내 | 서울 용산구 생활권·지역 이용 안내 | 몽라운지","다른 생활권으로 이동할 때 참고하기 좋은 지역 기준과 위치 확인 항목을 정리했습니다. 서울 용산구 이촌동 출장마사지 이용 전 지역 범위를 확인하는 안내입니다.","다른 생활권으로 이동할 때 참고하기 좋은 지역 기준과 위치 확인 항목을 정리했습니다. 서울 용산구 이촌동 지역 이용 이용 전 지역 범위를 확인하는 안내입니다.","1","0","1","0"
"동랜딩","massage/이태원동-출장마사지-용산구-생활권-이동동선-지역정보-이용전-안내/index.html","변경후보","이태원동 출장마사지 | 서울 용산구 생활권·지역 이용 안내 | 몽라운지","이태원동 지역 이용 안내 | 서울 용산구 생활권·지역 이용 안내 | 몽라운지","이태원동 생활권 안에서 현재 위치와 가까운 지역을 찾기 쉽도록 기본 지역 정보를 구성했습니다. 서울 용산구 이태원동 출장마사지 이용 전 이동 방향과 주변 생활권을 확인해 보세요.","이태원동 생활권 안에서 현재 위치와 가까운 지역을 찾기 쉽도록 기본 지역 정보를 구성했습니다. 서울 용산구 이태원동 출장마사지 이용 전 이동 방향과 주변 생활권을 확인해 보세요.","1","0","1","1"
"동랜딩","massage/청파동-출장마사지-용산구-생활권-이동동선-지역정보-이용전-안내/index.html","변경후보","청파동 출장마사지 | 서울 용산구 생활권·지역 이용 안내 | 몽라운지","청파동 지역 이용 안내 | 서울 용산구 생활권·지역 이용 안내 | 몽라운지","중심으로 인접 생활권과 이동 범위를 먼저 살펴볼 수 있도록 지역 안내를 정리했습니다. 서울 용산구 청파동 출장마사지 이용 전 위치 확인에 참고할 수 있습니다.","중심으로 인접 생활권과 이동 범위를 먼저 살펴볼 수 있도록 지역 안내를 정리했습니다. 서울 용산구 청파동 출장마사지 이용 전 위치 확인에 참고할 수 있습니다.","1","0","1","1"
"동랜딩","massage/한강로동-출장마사지-용산구-생활권-이동동선-지역정보-이용전-안내/index.html","변경후보","한강로동 출장마사지 | 서울 용산구 생활권·지역 이용 안내 | 몽라운지","한강로동 지역 이용 안내 | 서울 용산구 생활권·지역 이용 안내 | 몽라운지","한강로동 주변 생활권을 기준으로 현재 위치와 인접 지역을 확인하는 방법을 정리했습니다. 서울 용산구 한강로동 출장마사지 이용 전 지역 선택과 이동 범위를 살펴보세요.","한강로동 주변 생활권을 기준으로 현재 위치와 인접 지역을 확인하는 방법을 정리했습니다. 서울 용산구 한강로동 출장마사지 이용 전 지역 선택과 이동 범위를 살펴보세요.","1","0","1","1"
"동랜딩","massage/한남동-출장마사지-용산구-생활권-이동동선-지역정보-이용전-안내/index.html","변경후보","한남동 출장마사지 | 서울 용산구 생활권·지역 이용 안내 | 몽라운지","한남동 생활권 안내 | 서울 용산구 생활권·지역 이용 안내 | 몽라운지","한남동 주변의 생활권과 이동 흐름을 먼저 살펴보고, 용산구 안에서 현재 위치를 설명하기 좋은 기준을 정리했습니다. 서울 용산구 한남동 출장마사지 이용 전 지역 범위와 위치 정보를 확인해 보세요.","한남동 주변의 생활권과 이동 흐름을 먼저 살펴보고, 용산구 안에서 현재 위치를 설명하기 좋은 기준을 정리했습니다. 서울 용산구 한남동 지역 이용 이용 전 지역 범위와 위치 정보를 확인해 보세요.","1","0","1","0"
"동랜딩","massage/효창동-출장마사지-용산구-생활권-이동동선-지역정보-이용전-안내/index.html","변경후보","효창동 출장마사지 | 서울 용산구 생활권·지역 이용 안내 | 몽라운지","효창동 출장마사지 | 서울 용산구 생활권·지역 이용 안내 | 몽라운지","자주 오가는 주거·상업 생활권을 기준으로 위치 확인 방법을 정리했습니다. 서울 용산구 효창동 출장마사지 이용 전 가까운 지역과 이동 범위를 비교할 때 참고할 수 있습니다.","자주 오가는 주거·상업 생활권을 기준으로 위치 확인 방법을 정리했습니다. 서울 용산구 효창동 생활권 이용 이용 전 가까운 지역과 이동 범위를 비교할 때 참고할 수 있습니다.","1","1","1","0"
"동랜딩","massage/후암동-출장마사지-용산구-생활권-이동동선-지역정보-이용전-안내/index.html","변경후보","후암동 출장마사지 | 서울 용산구 생활권·지역 이용 안내 | 몽라운지","후암동 생활권 안내 | 서울 용산구 생활권·지역 이용 안내 | 몽라운지","후암동 생활권의 기본적인 이동 방향과 인접 지역 확인 방법을 한 페이지에 정리했습니다. 서울 용산구 후암동 출장마사지 이용 전 현재 위치와 지역 범위를 먼저 확인해 보세요.","후암동 생활권의 기본적인 이동 방향과 인접 지역 확인 방법을 한 페이지에 정리했습니다. 서울 용산구 후암동 지역 이용 이용 전 현재 위치와 지역 범위를 먼저 확인해 보세요.","1","0","1","0"
"동랜딩","massage/갈현동-출장마사지-은평구-생활권-이동동선-지역정보-이용전-안내/index.html","변경후보","갈현동 출장마사지 | 서울 은평구 생활권·지역 이용 안내 | 몽라운지","갈현동 출장마사지 | 서울 은평구 생활권·지역 이용 안내 | 몽라운지","기준으로 가까운 생활권과 귀가·외출 동선을 확인할 수 있도록 지역 정보를 구성했습니다. 서울 은평구 갈현동 출장마사지 이용 전 위치 설명과 이동 범위를 확인하는 데 참고하세요.","기준으로 가까운 생활권과 귀가·외출 동선을 확인할 수 있도록 지역 정보를 구성했습니다. 서울 은평구 갈현동 생활권 이용 이용 전 위치 설명과 이동 범위를 확인하는 데 참고하세요.","1","1","1","0"
"동랜딩","massage/구산동-출장마사지-은평구-생활권-이동동선-지역정보-이용전-안내/index.html","변경후보","구산동 출장마사지 | 서울 은평구 생활권·지역 이용 안내 | 몽라운지","구산동 생활권 안내 | 서울 은평구 생활권·지역 이용 안내 | 몽라운지","구산동 주변에서 현재 위치를 파악할 때 필요한 생활권 기준과 지역 선택 방법을 정리했습니다. 서울 은평구 구산동 출장마사지 이용 전 가까운 범위와 이용 정보를 확인할 수 있습니다.","구산동 주변에서 현재 위치를 파악할 때 필요한 생활권 기준과 지역 선택 방법을 정리했습니다. 서울 은평구 구산동 지역 이용 이용 전 가까운 범위와 이용 정보를 확인할 수 있습니다.","1","0","1","0"
"동랜딩","massage/녹번동-출장마사지-은평구-생활권-이동동선-지역정보-이용전-안내/index.html","변경후보","녹번동 출장마사지 | 서울 은평구 생활권·지역 이용 안내 | 몽라운지","녹번동 생활권 안내 | 서울 은평구 생활권·지역 이용 안내 | 몽라운지","주거권과 일상 이동 범위를 중심으로 지역 정보를 먼저 확인할 수 있게 정리했습니다. 서울 은평구 녹번동 출장마사지 이용 전 위치와 인접 생활권을 비교해 보세요.","주거권과 일상 이동 범위를 중심으로 지역 정보를 먼저 확인할 수 있게 정리했습니다. 서울 은평구 녹번동 지역 이용 이용 전 위치와 인접 생활권을 비교해 보세요.","1","0","1","0"
"동랜딩","massage/대조동-출장마사지-은평구-생활권-이동동선-지역정보-이용전-안내/index.html","변경후보","대조동 출장마사지 | 서울 은평구 생활권·지역 이용 안내 | 몽라운지","대조동 출장마사지 | 서울 은평구 생활권·지역 이용 안내 | 몽라운지","다른 생활권으로 이동할 때 참고하기 좋은 지역 기준과 위치 확인 항목을 정리했습니다. 서울 은평구 대조동 출장마사지 이용 전 지역 범위를 확인하는 안내입니다.","다른 생활권으로 이동할 때 참고하기 좋은 지역 기준과 위치 확인 항목을 정리했습니다. 서울 은평구 대조동 생활권 이용 이용 전 지역 범위를 확인하는 안내입니다.","1","1","1","0"
"동랜딩","massage/불광동-출장마사지-은평구-생활권-이동동선-지역정보-이용전-안내/index.html","변경후보","불광동 출장마사지 | 서울 은평구 생활권·지역 이용 안내 | 몽라운지","불광동 출장마사지 | 서울 은평구 생활권·지역 이용 안내 | 몽라운지","불광동 생활권 안에서 현재 위치와 가까운 지역을 찾기 쉽도록 기본 지역 정보를 구성했습니다. 서울 은평구 불광동 출장마사지 이용 전 이동 방향과 주변 생활권을 확인해 보세요.","불광동 생활권 안에서 현재 위치와 가까운 지역을 찾기 쉽도록 기본 지역 정보를 구성했습니다. 서울 은평구 불광동 생활권 이용 이용 전 이동 방향과 주변 생활권을 확인해 보세요.","1","1","1","0"
"동랜딩","massage/수색동-출장마사지-은평구-생활권-이동동선-지역정보-이용전-안내/index.html","변경후보","수색동 출장마사지 | 서울 은평구 생활권·지역 이용 안내 | 몽라운지","수색동 출장마사지 | 서울 은평구 생활권·지역 이용 안내 | 몽라운지","중심으로 인접 생활권과 이동 범위를 먼저 살펴볼 수 있도록 지역 안내를 정리했습니다. 서울 은평구 수색동 출장마사지 이용 전 위치 확인에 참고할 수 있습니다.","중심으로 인접 생활권과 이동 범위를 먼저 살펴볼 수 있도록 지역 안내를 정리했습니다. 서울 은평구 수색동 생활권 이용 이용 전 위치 확인에 참고할 수 있습니다.","1","1","1","0"
"동랜딩","massage/신사동-출장마사지-은평구-생활권-이동동선-지역정보-이용전-안내/index.html","변경후보","신사동 출장마사지 | 서울 은평구 생활권·지역 이용 안내 | 몽라운지","신사동 출장마사지 | 서울 은평구 생활권·지역 이용 안내 | 몽라운지","신사동 주변 생활권을 기준으로 현재 위치와 인접 지역을 확인하는 방법을 정리했습니다. 서울 은평구 신사동 출장마사지 이용 전 지역 선택과 이동 범위를 살펴보세요.","신사동 주변 생활권을 기준으로 현재 위치와 인접 지역을 확인하는 방법을 정리했습니다. 서울 은평구 신사동 생활권 이용 이용 전 지역 선택과 이동 범위를 살펴보세요.","1","1","1","0"
"동랜딩","massage/역촌동-출장마사지-은평구-생활권-이동동선-지역정보-이용전-안내/index.html","변경후보","역촌동 출장마사지 | 서울 은평구 생활권·지역 이용 안내 | 몽라운지","역촌동 지역 이용 안내 | 서울 은평구 생활권·지역 이용 안내 | 몽라운지","역촌동 주변의 생활권과 이동 흐름을 먼저 살펴보고, 은평구 안에서 현재 위치를 설명하기 좋은 기준을 정리했습니다. 서울 은평구 역촌동 출장마사지 이용 전 지역 범위와 위치 정보를 확인해 보세요.","역촌동 주변의 생활권과 이동 흐름을 먼저 살펴보고, 은평구 안에서 현재 위치를 설명하기 좋은 기준을 정리했습니다. 서울 은평구 역촌동 출장마사지 이용 전 지역 범위와 위치 정보를 확인해 보세요.","1","0","1","1"
"동랜딩","massage/응암동-출장마사지-은평구-생활권-이동동선-지역정보-이용전-안내/index.html","변경후보","응암동 출장마사지 | 서울 은평구 생활권·지역 이용 안내 | 몽라운지","응암동 지역 이용 안내 | 서울 은평구 생활권·지역 이용 안내 | 몽라운지","자주 오가는 주거·상업 생활권을 기준으로 위치 확인 방법을 정리했습니다. 서울 은평구 응암동 출장마사지 이용 전 가까운 지역과 이동 범위를 비교할 때 참고할 수 있습니다.","자주 오가는 주거·상업 생활권을 기준으로 위치 확인 방법을 정리했습니다. 서울 은평구 응암동 출장마사지 이용 전 가까운 지역과 이동 범위를 비교할 때 참고할 수 있습니다.","1","0","1","1"
"동랜딩","massage/증산동-출장마사지-은평구-생활권-이동동선-지역정보-이용전-안내/index.html","변경후보","증산동 출장마사지 | 서울 은평구 생활권·지역 이용 안내 | 몽라운지","증산동 지역 이용 안내 | 서울 은평구 생활권·지역 이용 안내 | 몽라운지","증산동 생활권의 기본적인 이동 방향과 인접 지역 확인 방법을 한 페이지에 정리했습니다. 서울 은평구 증산동 출장마사지 이용 전 현재 위치와 지역 범위를 먼저 확인해 보세요.","증산동 생활권의 기본적인 이동 방향과 인접 지역 확인 방법을 한 페이지에 정리했습니다. 서울 은평구 증산동 출장마사지 이용 전 현재 위치와 지역 범위를 먼저 확인해 보세요.","1","0","1","1"
"동랜딩","massage/진관동-출장마사지-은평구-생활권-이동동선-지역정보-이용전-안내/index.html","변경후보","진관동 출장마사지 | 서울 은평구 생활권·지역 이용 안내 | 몽라운지","진관동 지역 이용 안내 | 서울 은평구 생활권·지역 이용 안내 | 몽라운지","기준으로 가까운 생활권과 귀가·외출 동선을 확인할 수 있도록 지역 정보를 구성했습니다. 서울 은평구 진관동 출장마사지 이용 전 위치 설명과 이동 범위를 확인하는 데 참고하세요.","기준으로 가까운 생활권과 귀가·외출 동선을 확인할 수 있도록 지역 정보를 구성했습니다. 서울 은평구 진관동 출장마사지 이용 전 위치 설명과 이동 범위를 확인하는 데 참고하세요.","1","0","1","1"
"동랜딩","massage/가회동-출장마사지-종로구-생활권-이동동선-지역정보-이용전-안내/index.html","변경후보","가회동 출장마사지 | 서울 종로구 생활권·지역 이용 안내 | 몽라운지","가회동 생활권 안내 | 서울 종로구 생활권·지역 이용 안내 | 몽라운지","가회동 주변에서 현재 위치를 파악할 때 필요한 생활권 기준과 지역 선택 방법을 정리했습니다. 서울 종로구 가회동 출장마사지 이용 전 가까운 범위와 이용 정보를 확인할 수 있습니다.","가회동 주변에서 현재 위치를 파악할 때 필요한 생활권 기준과 지역 선택 방법을 정리했습니다. 서울 종로구 가회동 지역 이용 이용 전 가까운 범위와 이용 정보를 확인할 수 있습니다.","1","0","1","0"
"동랜딩","massage/교남동-출장마사지-종로구-생활권-이동동선-지역정보-이용전-안내/index.html","변경후보","교남동 출장마사지 | 서울 종로구 생활권·지역 이용 안내 | 몽라운지","교남동 지역 이용 안내 | 서울 종로구 생활권·지역 이용 안내 | 몽라운지","주거권과 일상 이동 범위를 중심으로 지역 정보를 먼저 확인할 수 있게 정리했습니다. 서울 종로구 교남동 출장마사지 이용 전 위치와 인접 생활권을 비교해 보세요.","주거권과 일상 이동 범위를 중심으로 지역 정보를 먼저 확인할 수 있게 정리했습니다. 서울 종로구 교남동 출장마사지 이용 전 위치와 인접 생활권을 비교해 보세요.","1","0","1","1"
"동랜딩","massage/무악동-출장마사지-종로구-생활권-이동동선-지역정보-이용전-안내/index.html","변경후보","무악동 출장마사지 | 서울 종로구 생활권·지역 이용 안내 | 몽라운지","무악동 생활권 안내 | 서울 종로구 생활권·지역 이용 안내 | 몽라운지","다른 생활권으로 이동할 때 참고하기 좋은 지역 기준과 위치 확인 항목을 정리했습니다. 서울 종로구 무악동 출장마사지 이용 전 지역 범위를 확인하는 안내입니다.","다른 생활권으로 이동할 때 참고하기 좋은 지역 기준과 위치 확인 항목을 정리했습니다. 서울 종로구 무악동 지역 이용 이용 전 지역 범위를 확인하는 안내입니다.","1","0","1","0"
"동랜딩","massage/부암동-출장마사지-종로구-생활권-이동동선-지역정보-이용전-안내/index.html","변경후보","부암동 출장마사지 | 서울 종로구 생활권·지역 이용 안내 | 몽라운지","부암동 생활권 안내 | 서울 종로구 생활권·지역 이용 안내 | 몽라운지","부암동 생활권 안에서 현재 위치와 가까운 지역을 찾기 쉽도록 기본 지역 정보를 구성했습니다. 서울 종로구 부암동 출장마사지 이용 전 이동 방향과 주변 생활권을 확인해 보세요.","부암동 생활권 안에서 현재 위치와 가까운 지역을 찾기 쉽도록 기본 지역 정보를 구성했습니다. 서울 종로구 부암동 지역 이용 이용 전 이동 방향과 주변 생활권을 확인해 보세요.","1","0","1","0"
"동랜딩","massage/사직동-출장마사지-종로구-생활권-이동동선-지역정보-이용전-안내/index.html","변경후보","사직동 출장마사지 | 서울 종로구 생활권·지역 이용 안내 | 몽라운지","사직동 출장마사지 | 서울 종로구 생활권·지역 이용 안내 | 몽라운지","중심으로 인접 생활권과 이동 범위를 먼저 살펴볼 수 있도록 지역 안내를 정리했습니다. 서울 종로구 사직동 출장마사지 이용 전 위치 확인에 참고할 수 있습니다.","중심으로 인접 생활권과 이동 범위를 먼저 살펴볼 수 있도록 지역 안내를 정리했습니다. 서울 종로구 사직동 생활권 이용 이용 전 위치 확인에 참고할 수 있습니다.","1","1","1","0"
"동랜딩","massage/삼청동-출장마사지-종로구-생활권-이동동선-지역정보-이용전-안내/index.html","변경후보","삼청동 출장마사지 | 서울 종로구 생활권·지역 이용 안내 | 몽라운지","삼청동 생활권 안내 | 서울 종로구 생활권·지역 이용 안내 | 몽라운지","삼청동 주변 생활권을 기준으로 현재 위치와 인접 지역을 확인하는 방법을 정리했습니다. 서울 종로구 삼청동 출장마사지 이용 전 지역 선택과 이동 범위를 살펴보세요.","삼청동 주변 생활권을 기준으로 현재 위치와 인접 지역을 확인하는 방법을 정리했습니다. 서울 종로구 삼청동 지역 이용 이용 전 지역 선택과 이동 범위를 살펴보세요.","1","0","1","0"
"동랜딩","massage/숭인동-출장마사지-종로구-생활권-이동동선-지역정보-이용전-안내/index.html","변경후보","숭인동 출장마사지 | 서울 종로구 생활권·지역 이용 안내 | 몽라운지","숭인동 지역 이용 안내 | 서울 종로구 생활권·지역 이용 안내 | 몽라운지","숭인동 주변의 생활권과 이동 흐름을 먼저 살펴보고, 종로구 안에서 현재 위치를 설명하기 좋은 기준을 정리했습니다. 서울 종로구 숭인동 출장마사지 이용 전 지역 범위와 위치 정보를 확인해 보세요.","숭인동 주변의 생활권과 이동 흐름을 먼저 살펴보고, 종로구 안에서 현재 위치를 설명하기 좋은 기준을 정리했습니다. 서울 종로구 숭인동 출장마사지 이용 전 지역 범위와 위치 정보를 확인해 보세요.","1","0","1","1"
"동랜딩","massage/이화동-출장마사지-종로구-생활권-이동동선-지역정보-이용전-안내/index.html","변경후보","이화동 출장마사지 | 서울 종로구 생활권·지역 이용 안내 | 몽라운지","이화동 생활권 안내 | 서울 종로구 생활권·지역 이용 안내 | 몽라운지","자주 오가는 주거·상업 생활권을 기준으로 위치 확인 방법을 정리했습니다. 서울 종로구 이화동 출장마사지 이용 전 가까운 지역과 이동 범위를 비교할 때 참고할 수 있습니다.","자주 오가는 주거·상업 생활권을 기준으로 위치 확인 방법을 정리했습니다. 서울 종로구 이화동 지역 이용 이용 전 가까운 지역과 이동 범위를 비교할 때 참고할 수 있습니다.","1","0","1","0"
"동랜딩","massage/종로1.2.3.4가동-출장마사지-종로구-생활권-이동동선-지역정보-이용전-안내/index.html","변경후보","종로1.2.3.4가동 출장마사지 | 서울 종로구 생활권·지역 이용 안내 | 몽라운지","종로1.2.3.4가동 출장마사지 | 서울 종로구 생활권·지역 이용 안내 | 몽라운지","종로1.2.3.4가동 생활권의 기본적인 이동 방향과 인접 지역 확인 방법을 한 페이지에 정리했습니다. 서울 종로구 종로1.2.3.4가동 출장마사지 이용 전 현재 위치와 지역 범위를 먼저 확인해 보세요.","종로1.2.3.4가동 생활권의 기본적인 이동 방향과 인접 지역 확인 방법을 한 페이지에 정리했습니다. 서울 종로구 종로1.2.3.4가동 생활권 이용 이용 전 현재 위치와 지역 범위를 먼저 확인해 보세요.","1","1","1","0"
"동랜딩","massage/종로5.6가동-출장마사지-종로구-생활권-이동동선-지역정보-이용전-안내/index.html","변경후보","종로5.6가동 출장마사지 | 서울 종로구 생활권·지역 이용 안내 | 몽라운지","종로5.6가동 생활권 안내 | 서울 종로구 생활권·지역 이용 안내 | 몽라운지","기준으로 가까운 생활권과 귀가·외출 동선을 확인할 수 있도록 지역 정보를 구성했습니다. 서울 종로구 종로5.6가동 출장마사지 이용 전 위치 설명과 이동 범위를 확인하는 데 참고하세요.","기준으로 가까운 생활권과 귀가·외출 동선을 확인할 수 있도록 지역 정보를 구성했습니다. 서울 종로구 종로5.6가동 지역 이용 이용 전 위치 설명과 이동 범위를 확인하는 데 참고하세요.","1","0","1","0"
"동랜딩","massage/창신동-출장마사지-종로구-생활권-이동동선-지역정보-이용전-안내/index.html","변경후보","창신동 출장마사지 | 서울 종로구 생활권·지역 이용 안내 | 몽라운지","창신동 출장마사지 | 서울 종로구 생활권·지역 이용 안내 | 몽라운지","창신동 주변에서 현재 위치를 파악할 때 필요한 생활권 기준과 지역 선택 방법을 정리했습니다. 서울 종로구 창신동 출장마사지 이용 전 가까운 범위와 이용 정보를 확인할 수 있습니다.","창신동 주변에서 현재 위치를 파악할 때 필요한 생활권 기준과 지역 선택 방법을 정리했습니다. 서울 종로구 창신동 생활권 이용 이용 전 가까운 범위와 이용 정보를 확인할 수 있습니다.","1","1","1","0"
"동랜딩","massage/청운효자동-출장마사지-종로구-생활권-이동동선-지역정보-이용전-안내/index.html","변경후보","청운효자동 출장마사지 | 서울 종로구 생활권·지역 이용 안내 | 몽라운지","청운효자동 생활권 안내 | 서울 종로구 생활권·지역 이용 안내 | 몽라운지","주거권과 일상 이동 범위를 중심으로 지역 정보를 먼저 확인할 수 있게 정리했습니다. 서울 종로구 청운효자동 출장마사지 이용 전 위치와 인접 생활권을 비교해 보세요.","주거권과 일상 이동 범위를 중심으로 지역 정보를 먼저 확인할 수 있게 정리했습니다. 서울 종로구 청운효자동 지역 이용 이용 전 위치와 인접 생활권을 비교해 보세요.","1","0","1","0"
"동랜딩","massage/평창동-출장마사지-종로구-생활권-이동동선-지역정보-이용전-안내/index.html","변경후보","평창동 출장마사지 | 서울 종로구 생활권·지역 이용 안내 | 몽라운지","평창동 출장마사지 | 서울 종로구 생활권·지역 이용 안내 | 몽라운지","다른 생활권으로 이동할 때 참고하기 좋은 지역 기준과 위치 확인 항목을 정리했습니다. 서울 종로구 평창동 출장마사지 이용 전 지역 범위를 확인하는 안내입니다.","다른 생활권으로 이동할 때 참고하기 좋은 지역 기준과 위치 확인 항목을 정리했습니다. 서울 종로구 평창동 생활권 이용 이용 전 지역 범위를 확인하는 안내입니다.","1","1","1","0"
"동랜딩","massage/혜화동-출장마사지-종로구-생활권-이동동선-지역정보-이용전-안내/index.html","변경후보","혜화동 출장마사지 | 서울 종로구 생활권·지역 이용 안내 | 몽라운지","혜화동 지역 이용 안내 | 서울 종로구 생활권·지역 이용 안내 | 몽라운지","혜화동 생활권 안에서 현재 위치와 가까운 지역을 찾기 쉽도록 기본 지역 정보를 구성했습니다. 서울 종로구 혜화동 출장마사지 이용 전 이동 방향과 주변 생활권을 확인해 보세요.","혜화동 생활권 안에서 현재 위치와 가까운 지역을 찾기 쉽도록 기본 지역 정보를 구성했습니다. 서울 종로구 혜화동 출장마사지 이용 전 이동 방향과 주변 생활권을 확인해 보세요.","1","0","1","1"
"동랜딩","massage/광희동-출장마사지-중구-생활권-이동동선-지역정보-이용전-안내/index.html","변경후보","광희동 출장마사지 | 서울 중구 생활권·지역 이용 안내 | 몽라운지","광희동 출장마사지 | 서울 중구 생활권·지역 이용 안내 | 몽라운지","중심으로 인접 생활권과 이동 범위를 먼저 살펴볼 수 있도록 지역 안내를 정리했습니다. 서울 중구 광희동 출장마사지 이용 전 위치 확인에 참고할 수 있습니다.","중심으로 인접 생활권과 이동 범위를 먼저 살펴볼 수 있도록 지역 안내를 정리했습니다. 서울 중구 광희동 생활권 이용 이용 전 위치 확인에 참고할 수 있습니다.","1","1","1","0"
"동랜딩","massage/다산동-출장마사지-중구-생활권-이동동선-지역정보-이용전-안내/index.html","변경후보","다산동 출장마사지 | 서울 중구 생활권·지역 이용 안내 | 몽라운지","다산동 출장마사지 | 서울 중구 생활권·지역 이용 안내 | 몽라운지","다산동 주변 생활권을 기준으로 현재 위치와 인접 지역을 확인하는 방법을 정리했습니다. 서울 중구 다산동 출장마사지 이용 전 지역 선택과 이동 범위를 살펴보세요.","다산동 주변 생활권을 기준으로 현재 위치와 인접 지역을 확인하는 방법을 정리했습니다. 서울 중구 다산동 생활권 이용 이용 전 지역 선택과 이동 범위를 살펴보세요.","1","1","1","0"
"동랜딩","massage/동화동-출장마사지-중구-생활권-이동동선-지역정보-이용전-안내/index.html","변경후보","동화동 출장마사지 | 서울 중구 생활권·지역 이용 안내 | 몽라운지","동화동 지역 이용 안내 | 서울 중구 생활권·지역 이용 안내 | 몽라운지","동화동 주변의 생활권과 이동 흐름을 먼저 살펴보고, 중구 안에서 현재 위치를 설명하기 좋은 기준을 정리했습니다. 서울 중구 동화동 출장마사지 이용 전 지역 범위와 위치 정보를 확인해 보세요.","동화동 주변의 생활권과 이동 흐름을 먼저 살펴보고, 중구 안에서 현재 위치를 설명하기 좋은 기준을 정리했습니다. 서울 중구 동화동 출장마사지 이용 전 지역 범위와 위치 정보를 확인해 보세요.","1","0","1","1"
"동랜딩","massage/명동-출장마사지-중구-생활권-이동동선-지역정보-이용전-안내/index.html","변경후보","명동 출장마사지 | 서울 중구 생활권·지역 이용 안내 | 몽라운지","명동 지역 이용 안내 | 서울 중구 생활권·지역 이용 안내 | 몽라운지","자주 오가는 주거·상업 생활권을 기준으로 위치 확인 방법을 정리했습니다. 서울 중구 명동 출장마사지 이용 전 가까운 지역과 이동 범위를 비교할 때 참고할 수 있습니다.","자주 오가는 주거·상업 생활권을 기준으로 위치 확인 방법을 정리했습니다. 서울 중구 명동 출장마사지 이용 전 가까운 지역과 이동 범위를 비교할 때 참고할 수 있습니다.","1","0","1","1"
"동랜딩","massage/소공동-출장마사지-중구-생활권-이동동선-지역정보-이용전-안내/index.html","변경후보","소공동 출장마사지 | 서울 중구 생활권·지역 이용 안내 | 몽라운지","소공동 출장마사지 | 서울 중구 생활권·지역 이용 안내 | 몽라운지","소공동 생활권의 기본적인 이동 방향과 인접 지역 확인 방법을 한 페이지에 정리했습니다. 서울 중구 소공동 출장마사지 이용 전 현재 위치와 지역 범위를 먼저 확인해 보세요.","소공동 생활권의 기본적인 이동 방향과 인접 지역 확인 방법을 한 페이지에 정리했습니다. 서울 중구 소공동 생활권 이용 이용 전 현재 위치와 지역 범위를 먼저 확인해 보세요.","1","1","1","0"
"동랜딩","massage/신당동-출장마사지-중구-생활권-이동동선-지역정보-이용전-안내/index.html","변경후보","신당동 출장마사지 | 서울 중구 생활권·지역 이용 안내 | 몽라운지","신당동 생활권 안내 | 서울 중구 생활권·지역 이용 안내 | 몽라운지","기준으로 가까운 생활권과 귀가·외출 동선을 확인할 수 있도록 지역 정보를 구성했습니다. 서울 중구 신당동 출장마사지 이용 전 위치 설명과 이동 범위를 확인하는 데 참고하세요.","기준으로 가까운 생활권과 귀가·외출 동선을 확인할 수 있도록 지역 정보를 구성했습니다. 서울 중구 신당동 지역 이용 이용 전 위치 설명과 이동 범위를 확인하는 데 참고하세요.","1","0","1","0"
"동랜딩","massage/약수동-출장마사지-중구-생활권-이동동선-지역정보-이용전-안내/index.html","변경후보","약수동 출장마사지 | 서울 중구 생활권·지역 이용 안내 | 몽라운지","약수동 출장마사지 | 서울 중구 생활권·지역 이용 안내 | 몽라운지","약수동 주변에서 현재 위치를 파악할 때 필요한 생활권 기준과 지역 선택 방법을 정리했습니다. 서울 중구 약수동 출장마사지 이용 전 가까운 범위와 이용 정보를 확인할 수 있습니다.","약수동 주변에서 현재 위치를 파악할 때 필요한 생활권 기준과 지역 선택 방법을 정리했습니다. 서울 중구 약수동 생활권 이용 이용 전 가까운 범위와 이용 정보를 확인할 수 있습니다.","1","1","1","0"
"동랜딩","massage/을지로동-출장마사지-중구-생활권-이동동선-지역정보-이용전-안내/index.html","변경후보","을지로동 출장마사지 | 서울 중구 생활권·지역 이용 안내 | 몽라운지","을지로동 출장마사지 | 서울 중구 생활권·지역 이용 안내 | 몽라운지","주거권과 일상 이동 범위를 중심으로 지역 정보를 먼저 확인할 수 있게 정리했습니다. 서울 중구 을지로동 출장마사지 이용 전 위치와 인접 생활권을 비교해 보세요.","주거권과 일상 이동 범위를 중심으로 지역 정보를 먼저 확인할 수 있게 정리했습니다. 서울 중구 을지로동 생활권 이용 이용 전 위치와 인접 생활권을 비교해 보세요.","1","1","1","0"
"동랜딩","massage/장충동-출장마사지-중구-생활권-이동동선-지역정보-이용전-안내/index.html","변경후보","장충동 출장마사지 | 서울 중구 생활권·지역 이용 안내 | 몽라운지","장충동 출장마사지 | 서울 중구 생활권·지역 이용 안내 | 몽라운지","다른 생활권으로 이동할 때 참고하기 좋은 지역 기준과 위치 확인 항목을 정리했습니다. 서울 중구 장충동 출장마사지 이용 전 지역 범위를 확인하는 안내입니다.","다른 생활권으로 이동할 때 참고하기 좋은 지역 기준과 위치 확인 항목을 정리했습니다. 서울 중구 장충동 생활권 이용 이용 전 지역 범위를 확인하는 안내입니다.","1","1","1","0"
"동랜딩","massage/중림동-출장마사지-중구-생활권-이동동선-지역정보-이용전-안내/index.html","변경후보","중림동 출장마사지 | 서울 중구 생활권·지역 이용 안내 | 몽라운지","중림동 출장마사지 | 서울 중구 생활권·지역 이용 안내 | 몽라운지","중림동 생활권 안에서 현재 위치와 가까운 지역을 찾기 쉽도록 기본 지역 정보를 구성했습니다. 서울 중구 중림동 출장마사지 이용 전 이동 방향과 주변 생활권을 확인해 보세요.","중림동 생활권 안에서 현재 위치와 가까운 지역을 찾기 쉽도록 기본 지역 정보를 구성했습니다. 서울 중구 중림동 생활권 이용 이용 전 이동 방향과 주변 생활권을 확인해 보세요.","1","1","1","0"
"동랜딩","massage/청구동-출장마사지-중구-생활권-이동동선-지역정보-이용전-안내/index.html","변경후보","청구동 출장마사지 | 서울 중구 생활권·지역 이용 안내 | 몽라운지","청구동 지역 이용 안내 | 서울 중구 생활권·지역 이용 안내 | 몽라운지","중심으로 인접 생활권과 이동 범위를 먼저 살펴볼 수 있도록 지역 안내를 정리했습니다. 서울 중구 청구동 출장마사지 이용 전 위치 확인에 참고할 수 있습니다.","중심으로 인접 생활권과 이동 범위를 먼저 살펴볼 수 있도록 지역 안내를 정리했습니다. 서울 중구 청구동 출장마사지 이용 전 위치 확인에 참고할 수 있습니다.","1","0","1","1"
"동랜딩","massage/필동-출장마사지-중구-생활권-이동동선-지역정보-이용전-안내/index.html","변경후보","필동 출장마사지 | 서울 중구 생활권·지역 이용 안내 | 몽라운지","필동 생활권 안내 | 서울 중구 생활권·지역 이용 안내 | 몽라운지","필동 주변 생활권을 기준으로 현재 위치와 인접 지역을 확인하는 방법을 정리했습니다. 서울 중구 필동 출장마사지 이용 전 지역 선택과 이동 범위를 살펴보세요.","필동 주변 생활권을 기준으로 현재 위치와 인접 지역을 확인하는 방법을 정리했습니다. 서울 중구 필동 지역 이용 이용 전 지역 선택과 이동 범위를 살펴보세요.","1","0","1","0"
"동랜딩","massage/황학동-출장마사지-중구-생활권-이동동선-지역정보-이용전-안내/index.html","변경후보","황학동 출장마사지 | 서울 중구 생활권·지역 이용 안내 | 몽라운지","황학동 출장마사지 | 서울 중구 생활권·지역 이용 안내 | 몽라운지","황학동 주변의 생활권과 이동 흐름을 먼저 살펴보고, 중구 안에서 현재 위치를 설명하기 좋은 기준을 정리했습니다. 서울 중구 황학동 출장마사지 이용 전 지역 범위와 위치 정보를 확인해 보세요.","황학동 주변의 생활권과 이동 흐름을 먼저 살펴보고, 중구 안에서 현재 위치를 설명하기 좋은 기준을 정리했습니다. 서울 중구 황학동 생활권 이용 이용 전 지역 범위와 위치 정보를 확인해 보세요.","1","1","1","0"
"동랜딩","massage/회현동-출장마사지-중구-생활권-이동동선-지역정보-이용전-안내/index.html","변경후보","회현동 출장마사지 | 서울 중구 생활권·지역 이용 안내 | 몽라운지","회현동 생활권 안내 | 서울 중구 생활권·지역 이용 안내 | 몽라운지","자주 오가는 주거·상업 생활권을 기준으로 위치 확인 방법을 정리했습니다. 서울 중구 회현동 출장마사지 이용 전 가까운 지역과 이동 범위를 비교할 때 참고할 수 있습니다.","자주 오가는 주거·상업 생활권을 기준으로 위치 확인 방법을 정리했습니다. 서울 중구 회현동 지역 이용 이용 전 가까운 지역과 이동 범위를 비교할 때 참고할 수 있습니다.","1","0","1","0"
"동랜딩","massage/망우동-출장마사지-중랑구-생활권-이동동선-지역정보-이용전-안내/index.html","변경후보","망우동 출장마사지 | 서울 중랑구 생활권·지역 이용 안내 | 몽라운지","망우동 지역 이용 안내 | 서울 중랑구 생활권·지역 이용 안내 | 몽라운지","망우동 생활권의 기본적인 이동 방향과 인접 지역 확인 방법을 한 페이지에 정리했습니다. 서울 중랑구 망우동 출장마사지 이용 전 현재 위치와 지역 범위를 먼저 확인해 보세요.","망우동 생활권의 기본적인 이동 방향과 인접 지역 확인 방법을 한 페이지에 정리했습니다. 서울 중랑구 망우동 출장마사지 이용 전 현재 위치와 지역 범위를 먼저 확인해 보세요.","1","0","1","1"
"동랜딩","massage/망우본동-출장마사지-중랑구-생활권-이동동선-지역정보-이용전-안내/index.html","변경후보","망우본동 출장마사지 | 서울 중랑구 생활권·지역 이용 안내 | 몽라운지","망우본동 생활권 안내 | 서울 중랑구 생활권·지역 이용 안내 | 몽라운지","기준으로 가까운 생활권과 귀가·외출 동선을 확인할 수 있도록 지역 정보를 구성했습니다. 서울 중랑구 망우본동 출장마사지 이용 전 위치 설명과 이동 범위를 확인하는 데 참고하세요.","기준으로 가까운 생활권과 귀가·외출 동선을 확인할 수 있도록 지역 정보를 구성했습니다. 서울 중랑구 망우본동 지역 이용 이용 전 위치 설명과 이동 범위를 확인하는 데 참고하세요.","1","0","1","0"
"동랜딩","massage/면목동-출장마사지-중랑구-생활권-이동동선-지역정보-이용전-안내/index.html","변경후보","면목동 출장마사지 | 서울 중랑구 생활권·지역 이용 안내 | 몽라운지","면목동 지역 이용 안내 | 서울 중랑구 생활권·지역 이용 안내 | 몽라운지","면목동 주변에서 현재 위치를 파악할 때 필요한 생활권 기준과 지역 선택 방법을 정리했습니다. 서울 중랑구 면목동 출장마사지 이용 전 가까운 범위와 이용 정보를 확인할 수 있습니다.","면목동 주변에서 현재 위치를 파악할 때 필요한 생활권 기준과 지역 선택 방법을 정리했습니다. 서울 중랑구 면목동 출장마사지 이용 전 가까운 범위와 이용 정보를 확인할 수 있습니다.","1","0","1","1"
"동랜딩","massage/면목본동-출장마사지-중랑구-생활권-이동동선-지역정보-이용전-안내/index.html","변경후보","면목본동 출장마사지 | 서울 중랑구 생활권·지역 이용 안내 | 몽라운지","면목본동 생활권 안내 | 서울 중랑구 생활권·지역 이용 안내 | 몽라운지","주거권과 일상 이동 범위를 중심으로 지역 정보를 먼저 확인할 수 있게 정리했습니다. 서울 중랑구 면목본동 출장마사지 이용 전 위치와 인접 생활권을 비교해 보세요.","주거권과 일상 이동 범위를 중심으로 지역 정보를 먼저 확인할 수 있게 정리했습니다. 서울 중랑구 면목본동 지역 이용 이용 전 위치와 인접 생활권을 비교해 보세요.","1","0","1","0"
"동랜딩","massage/면목제3.8동-출장마사지-중랑구-생활권-이동동선-지역정보-이용전-안내/index.html","변경후보","면목제3.8동 출장마사지 | 서울 중랑구 생활권·지역 이용 안내 | 몽라운지","면목제3.8동 지역 이용 안내 | 서울 중랑구 생활권·지역 이용 안내 | 몽라운지","다른 생활권으로 이동할 때 참고하기 좋은 지역 기준과 위치 확인 항목을 정리했습니다. 서울 중랑구 면목제3.8동 출장마사지 이용 전 지역 범위를 확인하는 안내입니다.","다른 생활권으로 이동할 때 참고하기 좋은 지역 기준과 위치 확인 항목을 정리했습니다. 서울 중랑구 면목제3.8동 출장마사지 이용 전 지역 범위를 확인하는 안내입니다.","1","0","1","1"
"동랜딩","massage/묵동-출장마사지-중랑구-생활권-이동동선-지역정보-이용전-안내/index.html","변경후보","묵동 출장마사지 | 서울 중랑구 생활권·지역 이용 안내 | 몽라운지","묵동 지역 이용 안내 | 서울 중랑구 생활권·지역 이용 안내 | 몽라운지","묵동 생활권 안에서 현재 위치와 가까운 지역을 찾기 쉽도록 기본 지역 정보를 구성했습니다. 서울 중랑구 묵동 출장마사지 이용 전 이동 방향과 주변 생활권을 확인해 보세요.","묵동 생활권 안에서 현재 위치와 가까운 지역을 찾기 쉽도록 기본 지역 정보를 구성했습니다. 서울 중랑구 묵동 출장마사지 이용 전 이동 방향과 주변 생활권을 확인해 보세요.","1","0","1","1"
"동랜딩","massage/상봉동-출장마사지-중랑구-생활권-이동동선-지역정보-이용전-안내/index.html","변경후보","상봉동 출장마사지 | 서울 중랑구 생활권·지역 이용 안내 | 몽라운지","상봉동 생활권 안내 | 서울 중랑구 생활권·지역 이용 안내 | 몽라운지","중심으로 인접 생활권과 이동 범위를 먼저 살펴볼 수 있도록 지역 안내를 정리했습니다. 서울 중랑구 상봉동 출장마사지 이용 전 위치 확인에 참고할 수 있습니다.","중심으로 인접 생활권과 이동 범위를 먼저 살펴볼 수 있도록 지역 안내를 정리했습니다. 서울 중랑구 상봉동 지역 이용 이용 전 위치 확인에 참고할 수 있습니다.","1","0","1","0"
"동랜딩","massage/신내동-출장마사지-중랑구-생활권-이동동선-지역정보-이용전-안내/index.html","변경후보","신내동 출장마사지 | 서울 중랑구 생활권·지역 이용 안내 | 몽라운지","신내동 지역 이용 안내 | 서울 중랑구 생활권·지역 이용 안내 | 몽라운지","신내동 주변 생활권을 기준으로 현재 위치와 인접 지역을 확인하는 방법을 정리했습니다. 서울 중랑구 신내동 출장마사지 이용 전 지역 선택과 이동 범위를 살펴보세요.","신내동 주변 생활권을 기준으로 현재 위치와 인접 지역을 확인하는 방법을 정리했습니다. 서울 중랑구 신내동 출장마사지 이용 전 지역 선택과 이동 범위를 살펴보세요.","1","0","1","1"
"동랜딩","massage/중화동-출장마사지-중랑구-생활권-이동동선-지역정보-이용전-안내/index.html","변경후보","중화동 출장마사지 | 서울 중랑구 생활권·지역 이용 안내 | 몽라운지","중화동 지역 이용 안내 | 서울 중랑구 생활권·지역 이용 안내 | 몽라운지","중화동 주변의 생활권과 이동 흐름을 먼저 살펴보고, 중랑구 안에서 현재 위치를 설명하기 좋은 기준을 정리했습니다. 서울 중랑구 중화동 출장마사지 이용 전 지역 범위와 위치 정보를 확인해 보세요.","중화동 주변의 생활권과 이동 흐름을 먼저 살펴보고, 중랑구 안에서 현재 위치를 설명하기 좋은 기준을 정리했습니다. 서울 중랑구 중화동 출장마사지 이용 전 지역 범위와 위치 정보를 확인해 보세요.","1","0","1","1"
"동랜딩","massage/검단동-출장마사지-검단구-생활권-이동동선-지역정보-이용전-안내/index.html","변경후보","검단동 출장마사지 | 인천 검단구 생활권·지역 이용 안내 | 몽라운지","검단동 생활권 안내 | 인천 검단구 생활권·지역 이용 안내 | 몽라운지","자주 오가는 주거·상업 생활권을 기준으로 위치 확인 방법을 정리했습니다. 인천 검단구 검단동 출장마사지 이용 전 가까운 지역과 이동 범위를 비교할 때 참고할 수 있습니다.","자주 오가는 주거·상업 생활권을 기준으로 위치 확인 방법을 정리했습니다. 인천 검단구 검단동 지역 이용 이용 전 가까운 지역과 이동 범위를 비교할 때 참고할 수 있습니다.","1","0","1","0"
"동랜딩","massage/당하동-출장마사지-검단구-생활권-이동동선-지역정보-이용전-안내/index.html","변경후보","당하동 출장마사지 | 인천 검단구 생활권·지역 이용 안내 | 몽라운지","당하동 생활권 안내 | 인천 검단구 생활권·지역 이용 안내 | 몽라운지","당하동 생활권의 기본적인 이동 방향과 인접 지역 확인 방법을 한 페이지에 정리했습니다. 인천 검단구 당하동 출장마사지 이용 전 현재 위치와 지역 범위를 먼저 확인해 보세요.","당하동 생활권의 기본적인 이동 방향과 인접 지역 확인 방법을 한 페이지에 정리했습니다. 인천 검단구 당하동 지역 이용 이용 전 현재 위치와 지역 범위를 먼저 확인해 보세요.","1","0","1","0"
"동랜딩","massage/마전동-출장마사지-검단구-생활권-이동동선-지역정보-이용전-안내/index.html","변경후보","마전동 출장마사지 | 인천 검단구 생활권·지역 이용 안내 | 몽라운지","마전동 지역 이용 안내 | 인천 검단구 생활권·지역 이용 안내 | 몽라운지","기준으로 가까운 생활권과 귀가·외출 동선을 확인할 수 있도록 지역 정보를 구성했습니다. 인천 검단구 마전동 출장마사지 이용 전 위치 설명과 이동 범위를 확인하는 데 참고하세요.","기준으로 가까운 생활권과 귀가·외출 동선을 확인할 수 있도록 지역 정보를 구성했습니다. 인천 검단구 마전동 출장마사지 이용 전 위치 설명과 이동 범위를 확인하는 데 참고하세요.","1","0","1","1"
"동랜딩","massage/불로대곡동-출장마사지-검단구-생활권-이동동선-지역정보-이용전-안내/index.html","변경후보","불로대곡동 출장마사지 | 인천 검단구 생활권·지역 이용 안내 | 몽라운지","불로대곡동 지역 이용 안내 | 인천 검단구 생활권·지역 이용 안내 | 몽라운지","불로대곡동 주변에서 현재 위치를 파악할 때 필요한 생활권 기준과 지역 선택 방법을 정리했습니다. 인천 검단구 불로대곡동 출장마사지 이용 전 가까운 범위와 이용 정보를 확인할 수 있습니다.","불로대곡동 주변에서 현재 위치를 파악할 때 필요한 생활권 기준과 지역 선택 방법을 정리했습니다. 인천 검단구 불로대곡동 출장마사지 이용 전 가까운 범위와 이용 정보를 확인할 수 있습니다.","1","0","1","1"
"동랜딩","massage/아라동-출장마사지-검단구-생활권-이동동선-지역정보-이용전-안내/index.html","변경후보","아라동 출장마사지 | 인천 검단구 생활권·지역 이용 안내 | 몽라운지","아라동 생활권 안내 | 인천 검단구 생활권·지역 이용 안내 | 몽라운지","주거권과 일상 이동 범위를 중심으로 지역 정보를 먼저 확인할 수 있게 정리했습니다. 인천 검단구 아라동 출장마사지 이용 전 위치와 인접 생활권을 비교해 보세요.","주거권과 일상 이동 범위를 중심으로 지역 정보를 먼저 확인할 수 있게 정리했습니다. 인천 검단구 아라동 지역 이용 이용 전 위치와 인접 생활권을 비교해 보세요.","1","0","1","0"
"동랜딩","massage/오류왕길동-출장마사지-검단구-생활권-이동동선-지역정보-이용전-안내/index.html","변경후보","오류왕길동 출장마사지 | 인천 검단구 생활권·지역 이용 안내 | 몽라운지","오류왕길동 출장마사지 | 인천 검단구 생활권·지역 이용 안내 | 몽라운지","다른 생활권으로 이동할 때 참고하기 좋은 지역 기준과 위치 확인 항목을 정리했습니다. 인천 검단구 오류왕길동 출장마사지 이용 전 지역 범위를 확인하는 안내입니다.","다른 생활권으로 이동할 때 참고하기 좋은 지역 기준과 위치 확인 항목을 정리했습니다. 인천 검단구 오류왕길동 생활권 이용 이용 전 지역 범위를 확인하는 안내입니다.","1","1","1","0"
"동랜딩","massage/원당동-출장마사지-검단구-생활권-이동동선-지역정보-이용전-안내/index.html","변경후보","원당동 출장마사지 | 인천 검단구 생활권·지역 이용 안내 | 몽라운지","원당동 생활권 안내 | 인천 검단구 생활권·지역 이용 안내 | 몽라운지","원당동 생활권 안에서 현재 위치와 가까운 지역을 찾기 쉽도록 기본 지역 정보를 구성했습니다. 인천 검단구 원당동 출장마사지 이용 전 이동 방향과 주변 생활권을 확인해 보세요.","원당동 생활권 안에서 현재 위치와 가까운 지역을 찾기 쉽도록 기본 지역 정보를 구성했습니다. 인천 검단구 원당동 지역 이용 이용 전 이동 방향과 주변 생활권을 확인해 보세요.","1","0","1","0"
"동랜딩","massage/계산동-출장마사지-계양구-생활권-이동동선-지역정보-이용전-안내/index.html","변경후보","계산동 출장마사지 | 인천 계양구 생활권·지역 이용 안내 | 몽라운지","계산동 지역 이용 안내 | 인천 계양구 생활권·지역 이용 안내 | 몽라운지","중심으로 인접 생활권과 이동 범위를 먼저 살펴볼 수 있도록 지역 안내를 정리했습니다. 인천 계양구 계산동 출장마사지 이용 전 위치 확인에 참고할 수 있습니다.","중심으로 인접 생활권과 이동 범위를 먼저 살펴볼 수 있도록 지역 안내를 정리했습니다. 인천 계양구 계산동 출장마사지 이용 전 위치 확인에 참고할 수 있습니다.","1","0","1","1"
"동랜딩","massage/계양동-출장마사지-계양구-생활권-이동동선-지역정보-이용전-안내/index.html","변경후보","계양동 출장마사지 | 인천 계양구 생활권·지역 이용 안내 | 몽라운지","계양동 생활권 안내 | 인천 계양구 생활권·지역 이용 안내 | 몽라운지","계양동 주변 생활권을 기준으로 현재 위치와 인접 지역을 확인하는 방법을 정리했습니다. 인천 계양구 계양동 출장마사지 이용 전 지역 선택과 이동 범위를 살펴보세요.","계양동 주변 생활권을 기준으로 현재 위치와 인접 지역을 확인하는 방법을 정리했습니다. 인천 계양구 계양동 지역 이용 이용 전 지역 선택과 이동 범위를 살펴보세요.","1","0","1","0"
"동랜딩","massage/작전동-출장마사지-계양구-생활권-이동동선-지역정보-이용전-안내/index.html","변경후보","작전동 출장마사지 | 인천 계양구 생활권·지역 이용 안내 | 몽라운지","작전동 생활권 안내 | 인천 계양구 생활권·지역 이용 안내 | 몽라운지","작전동 주변의 생활권과 이동 흐름을 먼저 살펴보고, 계양구 안에서 현재 위치를 설명하기 좋은 기준을 정리했습니다. 인천 계양구 작전동 출장마사지 이용 전 지역 범위와 위치 정보를 확인해 보세요.","작전동 주변의 생활권과 이동 흐름을 먼저 살펴보고, 계양구 안에서 현재 위치를 설명하기 좋은 기준을 정리했습니다. 인천 계양구 작전동 지역 이용 이용 전 지역 범위와 위치 정보를 확인해 보세요.","1","0","1","0"
"동랜딩","massage/작전서운동-출장마사지-계양구-생활권-이동동선-지역정보-이용전-안내/index.html","변경후보","작전서운동 출장마사지 | 인천 계양구 생활권·지역 이용 안내 | 몽라운지","작전서운동 지역 이용 안내 | 인천 계양구 생활권·지역 이용 안내 | 몽라운지","자주 오가는 주거·상업 생활권을 기준으로 위치 확인 방법을 정리했습니다. 인천 계양구 작전서운동 출장마사지 이용 전 가까운 지역과 이동 범위를 비교할 때 참고할 수 있습니다.","자주 오가는 주거·상업 생활권을 기준으로 위치 확인 방법을 정리했습니다. 인천 계양구 작전서운동 출장마사지 이용 전 가까운 지역과 이동 범위를 비교할 때 참고할 수 있습니다.","1","0","1","1"
"동랜딩","massage/효성동-출장마사지-계양구-생활권-이동동선-지역정보-이용전-안내/index.html","변경후보","효성동 출장마사지 | 인천 계양구 생활권·지역 이용 안내 | 몽라운지","효성동 출장마사지 | 인천 계양구 생활권·지역 이용 안내 | 몽라운지","효성동 생활권의 기본적인 이동 방향과 인접 지역 확인 방법을 한 페이지에 정리했습니다. 인천 계양구 효성동 출장마사지 이용 전 현재 위치와 지역 범위를 먼저 확인해 보세요.","효성동 생활권의 기본적인 이동 방향과 인접 지역 확인 방법을 한 페이지에 정리했습니다. 인천 계양구 효성동 생활권 이용 이용 전 현재 위치와 지역 범위를 먼저 확인해 보세요.","1","1","1","0"
"동랜딩","massage/간석동-출장마사지-남동구-생활권-이동동선-지역정보-이용전-안내/index.html","변경후보","간석동 출장마사지 | 인천 남동구 생활권·지역 이용 안내 | 몽라운지","간석동 생활권 안내 | 인천 남동구 생활권·지역 이용 안내 | 몽라운지","기준으로 가까운 생활권과 귀가·외출 동선을 확인할 수 있도록 지역 정보를 구성했습니다. 인천 남동구 간석동 출장마사지 이용 전 위치 설명과 이동 범위를 확인하는 데 참고하세요.","기준으로 가까운 생활권과 귀가·외출 동선을 확인할 수 있도록 지역 정보를 구성했습니다. 인천 남동구 간석동 지역 이용 이용 전 위치 설명과 이동 범위를 확인하는 데 참고하세요.","1","0","1","0"
"동랜딩","massage/구월동-출장마사지-남동구-생활권-이동동선-지역정보-이용전-안내/index.html","변경후보","구월동 출장마사지 | 인천 남동구 생활권·지역 이용 안내 | 몽라운지","구월동 지역 이용 안내 | 인천 남동구 생활권·지역 이용 안내 | 몽라운지","구월동 주변에서 현재 위치를 파악할 때 필요한 생활권 기준과 지역 선택 방법을 정리했습니다. 인천 남동구 구월동 출장마사지 이용 전 가까운 범위와 이용 정보를 확인할 수 있습니다.","구월동 주변에서 현재 위치를 파악할 때 필요한 생활권 기준과 지역 선택 방법을 정리했습니다. 인천 남동구 구월동 출장마사지 이용 전 가까운 범위와 이용 정보를 확인할 수 있습니다.","1","0","1","1"
"동랜딩","massage/남촌도림동-출장마사지-남동구-생활권-이동동선-지역정보-이용전-안내/index.html","변경후보","남촌도림동 출장마사지 | 인천 남동구 생활권·지역 이용 안내 | 몽라운지","남촌도림동 지역 이용 안내 | 인천 남동구 생활권·지역 이용 안내 | 몽라운지","주거권과 일상 이동 범위를 중심으로 지역 정보를 먼저 확인할 수 있게 정리했습니다. 인천 남동구 남촌도림동 출장마사지 이용 전 위치와 인접 생활권을 비교해 보세요.","주거권과 일상 이동 범위를 중심으로 지역 정보를 먼저 확인할 수 있게 정리했습니다. 인천 남동구 남촌도림동 출장마사지 이용 전 위치와 인접 생활권을 비교해 보세요.","1","0","1","1"
"동랜딩","massage/논현고잔동-출장마사지-남동구-생활권-이동동선-지역정보-이용전-안내/index.html","변경후보","논현고잔동 출장마사지 | 인천 남동구 생활권·지역 이용 안내 | 몽라운지","논현고잔동 생활권 안내 | 인천 남동구 생활권·지역 이용 안내 | 몽라운지","다른 생활권으로 이동할 때 참고하기 좋은 지역 기준과 위치 확인 항목을 정리했습니다. 인천 남동구 논현고잔동 출장마사지 이용 전 지역 범위를 확인하는 안내입니다.","다른 생활권으로 이동할 때 참고하기 좋은 지역 기준과 위치 확인 항목을 정리했습니다. 인천 남동구 논현고잔동 지역 이용 이용 전 지역 범위를 확인하는 안내입니다.","1","0","1","0"
"동랜딩","massage/논현동-출장마사지-남동구-생활권-이동동선-지역정보-이용전-안내/index.html","변경후보","논현동 출장마사지 | 인천 남동구 생활권·지역 이용 안내 | 몽라운지","논현동 출장마사지 | 인천 남동구 생활권·지역 이용 안내 | 몽라운지","논현동 생활권 안에서 현재 위치와 가까운 지역을 찾기 쉽도록 기본 지역 정보를 구성했습니다. 인천 남동구 논현동 출장마사지 이용 전 이동 방향과 주변 생활권을 확인해 보세요.","논현동 생활권 안에서 현재 위치와 가까운 지역을 찾기 쉽도록 기본 지역 정보를 구성했습니다. 인천 남동구 논현동 생활권 이용 이용 전 이동 방향과 주변 생활권을 확인해 보세요.","1","1","1","0"
"동랜딩","massage/만수동-출장마사지-남동구-생활권-이동동선-지역정보-이용전-안내/index.html","변경후보","만수동 출장마사지 | 인천 남동구 생활권·지역 이용 안내 | 몽라운지","만수동 지역 이용 안내 | 인천 남동구 생활권·지역 이용 안내 | 몽라운지","중심으로 인접 생활권과 이동 범위를 먼저 살펴볼 수 있도록 지역 안내를 정리했습니다. 인천 남동구 만수동 출장마사지 이용 전 위치 확인에 참고할 수 있습니다.","중심으로 인접 생활권과 이동 범위를 먼저 살펴볼 수 있도록 지역 안내를 정리했습니다. 인천 남동구 만수동 출장마사지 이용 전 위치 확인에 참고할 수 있습니다.","1","0","1","1"
"동랜딩","massage/서창동-출장마사지-남동구-생활권-이동동선-지역정보-이용전-안내/index.html","변경후보","서창동 출장마사지 | 인천 남동구 생활권·지역 이용 안내 | 몽라운지","서창동 출장마사지 | 인천 남동구 생활권·지역 이용 안내 | 몽라운지","서창동 주변 생활권을 기준으로 현재 위치와 인접 지역을 확인하는 방법을 정리했습니다. 인천 남동구 서창동 출장마사지 이용 전 지역 선택과 이동 범위를 살펴보세요.","서창동 주변 생활권을 기준으로 현재 위치와 인접 지역을 확인하는 방법을 정리했습니다. 인천 남동구 서창동 생활권 이용 이용 전 지역 선택과 이동 범위를 살펴보세요.","1","1","1","0"
"동랜딩","massage/장수서창동-출장마사지-남동구-생활권-이동동선-지역정보-이용전-안내/index.html","변경후보","장수서창동 출장마사지 | 인천 남동구 생활권·지역 이용 안내 | 몽라운지","장수서창동 출장마사지 | 인천 남동구 생활권·지역 이용 안내 | 몽라운지","장수서창동 주변의 생활권과 이동 흐름을 먼저 살펴보고, 남동구 안에서 현재 위치를 설명하기 좋은 기준을 정리했습니다. 인천 남동구 장수서창동 출장마사지 이용 전 지역 범위와 위치 정보를 확인해 보세요.","장수서창동 주변의 생활권과 이동 흐름을 먼저 살펴보고, 남동구 안에서 현재 위치를 설명하기 좋은 기준을 정리했습니다. 인천 남동구 장수서창동 생활권 이용 이용 전 지역 범위와 위치 정보를 확인해 보세요.","1","1","1","0"
"동랜딩","massage/관교동-출장마사지-미추홀구-생활권-이동동선-지역정보-이용전-안내/index.html","변경후보","관교동 출장마사지 | 인천 미추홀구 생활권·지역 이용 안내 | 몽라운지","관교동 생활권 안내 | 인천 미추홀구 생활권·지역 이용 안내 | 몽라운지","자주 오가는 주거·상업 생활권을 기준으로 위치 확인 방법을 정리했습니다. 인천 미추홀구 관교동 출장마사지 이용 전 가까운 지역과 이동 범위를 비교할 때 참고할 수 있습니다.","자주 오가는 주거·상업 생활권을 기준으로 위치 확인 방법을 정리했습니다. 인천 미추홀구 관교동 지역 이용 이용 전 가까운 지역과 이동 범위를 비교할 때 참고할 수 있습니다.","1","0","1","0"
"동랜딩","massage/도화2.3동-출장마사지-미추홀구-생활권-이동동선-지역정보-이용전-안내/index.html","변경후보","도화2.3동 출장마사지 | 인천 미추홀구 생활권·지역 이용 안내 | 몽라운지","도화2.3동 출장마사지 | 인천 미추홀구 생활권·지역 이용 안내 | 몽라운지","도화2.3동 생활권의 기본적인 이동 방향과 인접 지역 확인 방법을 한 페이지에 정리했습니다. 인천 미추홀구 도화2.3동 출장마사지 이용 전 현재 위치와 지역 범위를 먼저 확인해 보세요.","도화2.3동 생활권의 기본적인 이동 방향과 인접 지역 확인 방법을 한 페이지에 정리했습니다. 인천 미추홀구 도화2.3동 생활권 이용 이용 전 현재 위치와 지역 범위를 먼저 확인해 보세요.","1","1","1","0"
"동랜딩","massage/도화동-출장마사지-미추홀구-생활권-이동동선-지역정보-이용전-안내/index.html","변경후보","도화동 출장마사지 | 인천 미추홀구 생활권·지역 이용 안내 | 몽라운지","도화동 출장마사지 | 인천 미추홀구 생활권·지역 이용 안내 | 몽라운지","기준으로 가까운 생활권과 귀가·외출 동선을 확인할 수 있도록 지역 정보를 구성했습니다. 인천 미추홀구 도화동 출장마사지 이용 전 위치 설명과 이동 범위를 확인하는 데 참고하세요.","기준으로 가까운 생활권과 귀가·외출 동선을 확인할 수 있도록 지역 정보를 구성했습니다. 인천 미추홀구 도화동 생활권 이용 이용 전 위치 설명과 이동 범위를 확인하는 데 참고하세요.","1","1","1","0"
"동랜딩","massage/문학동-출장마사지-미추홀구-생활권-이동동선-지역정보-이용전-안내/index.html","변경후보","문학동 출장마사지 | 인천 미추홀구 생활권·지역 이용 안내 | 몽라운지","문학동 지역 이용 안내 | 인천 미추홀구 생활권·지역 이용 안내 | 몽라운지","문학동 주변에서 현재 위치를 파악할 때 필요한 생활권 기준과 지역 선택 방법을 정리했습니다. 인천 미추홀구 문학동 출장마사지 이용 전 가까운 범위와 이용 정보를 확인할 수 있습니다.","문학동 주변에서 현재 위치를 파악할 때 필요한 생활권 기준과 지역 선택 방법을 정리했습니다. 인천 미추홀구 문학동 출장마사지 이용 전 가까운 범위와 이용 정보를 확인할 수 있습니다.","1","0","1","1"
"동랜딩","massage/숭의1.3동-출장마사지-미추홀구-생활권-이동동선-지역정보-이용전-안내/index.html","변경후보","숭의1.3동 출장마사지 | 인천 미추홀구 생활권·지역 이용 안내 | 몽라운지","숭의1.3동 생활권 안내 | 인천 미추홀구 생활권·지역 이용 안내 | 몽라운지","주거권과 일상 이동 범위를 중심으로 지역 정보를 먼저 확인할 수 있게 정리했습니다. 인천 미추홀구 숭의1.3동 출장마사지 이용 전 위치와 인접 생활권을 비교해 보세요.","주거권과 일상 이동 범위를 중심으로 지역 정보를 먼저 확인할 수 있게 정리했습니다. 인천 미추홀구 숭의1.3동 지역 이용 이용 전 위치와 인접 생활권을 비교해 보세요.","1","0","1","0"
"동랜딩","massage/숭의동-출장마사지-미추홀구-생활권-이동동선-지역정보-이용전-안내/index.html","변경후보","숭의동 출장마사지 | 인천 미추홀구 생활권·지역 이용 안내 | 몽라운지","숭의동 출장마사지 | 인천 미추홀구 생활권·지역 이용 안내 | 몽라운지","다른 생활권으로 이동할 때 참고하기 좋은 지역 기준과 위치 확인 항목을 정리했습니다. 인천 미추홀구 숭의동 출장마사지 이용 전 지역 범위를 확인하는 안내입니다.","다른 생활권으로 이동할 때 참고하기 좋은 지역 기준과 위치 확인 항목을 정리했습니다. 인천 미추홀구 숭의동 생활권 이용 이용 전 지역 범위를 확인하는 안내입니다.","1","1","1","0"
"동랜딩","massage/용현1.4동-출장마사지-미추홀구-생활권-이동동선-지역정보-이용전-안내/index.html","변경후보","용현1.4동 출장마사지 | 인천 미추홀구 생활권·지역 이용 안내 | 몽라운지","용현1.4동 생활권 안내 | 인천 미추홀구 생활권·지역 이용 안내 | 몽라운지","용현1.4동 생활권 안에서 현재 위치와 가까운 지역을 찾기 쉽도록 기본 지역 정보를 구성했습니다. 인천 미추홀구 용현1.4동 출장마사지 이용 전 이동 방향과 주변 생활권을 확인해 보세요.","용현1.4동 생활권 안에서 현재 위치와 가까운 지역을 찾기 쉽도록 기본 지역 정보를 구성했습니다. 인천 미추홀구 용현1.4동 지역 이용 이용 전 이동 방향과 주변 생활권을 확인해 보세요.","1","0","1","0"
"동랜딩","massage/용현동-출장마사지-미추홀구-생활권-이동동선-지역정보-이용전-안내/index.html","변경후보","용현동 출장마사지 | 인천 미추홀구 생활권·지역 이용 안내 | 몽라운지","용현동 생활권 안내 | 인천 미추홀구 생활권·지역 이용 안내 | 몽라운지","중심으로 인접 생활권과 이동 범위를 먼저 살펴볼 수 있도록 지역 안내를 정리했습니다. 인천 미추홀구 용현동 출장마사지 이용 전 위치 확인에 참고할 수 있습니다.","중심으로 인접 생활권과 이동 범위를 먼저 살펴볼 수 있도록 지역 안내를 정리했습니다. 인천 미추홀구 용현동 지역 이용 이용 전 위치 확인에 참고할 수 있습니다.","1","0","1","0"
"동랜딩","massage/주안동-출장마사지-미추홀구-생활권-이동동선-지역정보-이용전-안내/index.html","변경후보","주안동 출장마사지 | 인천 미추홀구 생활권·지역 이용 안내 | 몽라운지","주안동 출장마사지 | 인천 미추홀구 생활권·지역 이용 안내 | 몽라운지","주안동 주변 생활권을 기준으로 현재 위치와 인접 지역을 확인하는 방법을 정리했습니다. 인천 미추홀구 주안동 출장마사지 이용 전 지역 선택과 이동 범위를 살펴보세요.","주안동 주변 생활권을 기준으로 현재 위치와 인접 지역을 확인하는 방법을 정리했습니다. 인천 미추홀구 주안동 생활권 이용 이용 전 지역 선택과 이동 범위를 살펴보세요.","1","1","1","0"
"동랜딩","massage/학익동-출장마사지-미추홀구-생활권-이동동선-지역정보-이용전-안내/index.html","변경후보","학익동 출장마사지 | 인천 미추홀구 생활권·지역 이용 안내 | 몽라운지","학익동 생활권 안내 | 인천 미추홀구 생활권·지역 이용 안내 | 몽라운지","학익동 주변의 생활권과 이동 흐름을 먼저 살펴보고, 미추홀구 안에서 현재 위치를 설명하기 좋은 기준을 정리했습니다. 인천 미추홀구 학익동 출장마사지 이용 전 지역 범위와 위치 정보를 확인해 보세요.","학익동 주변의 생활권과 이동 흐름을 먼저 살펴보고, 미추홀구 안에서 현재 위치를 설명하기 좋은 기준을 정리했습니다. 인천 미추홀구 학익동 지역 이용 이용 전 지역 범위와 위치 정보를 확인해 보세요.","1","0","1","0"
"동랜딩","massage/갈산동-출장마사지-부평구-생활권-이동동선-지역정보-이용전-안내/index.html","변경후보","갈산동 출장마사지 | 인천 부평구 생활권·지역 이용 안내 | 몽라운지","갈산동 출장마사지 | 인천 부평구 생활권·지역 이용 안내 | 몽라운지","자주 오가는 주거·상업 생활권을 기준으로 위치 확인 방법을 정리했습니다. 인천 부평구 갈산동 출장마사지 이용 전 가까운 지역과 이동 범위를 비교할 때 참고할 수 있습니다.","자주 오가는 주거·상업 생활권을 기준으로 위치 확인 방법을 정리했습니다. 인천 부평구 갈산동 생활권 이용 이용 전 가까운 지역과 이동 범위를 비교할 때 참고할 수 있습니다.","1","1","1","0"
"동랜딩","massage/부개동-출장마사지-부평구-생활권-이동동선-지역정보-이용전-안내/index.html","변경후보","부개동 출장마사지 | 인천 부평구 생활권·지역 이용 안내 | 몽라운지","부개동 생활권 안내 | 인천 부평구 생활권·지역 이용 안내 | 몽라운지","부개동 생활권의 기본적인 이동 방향과 인접 지역 확인 방법을 한 페이지에 정리했습니다. 인천 부평구 부개동 출장마사지 이용 전 현재 위치와 지역 범위를 먼저 확인해 보세요.","부개동 생활권의 기본적인 이동 방향과 인접 지역 확인 방법을 한 페이지에 정리했습니다. 인천 부평구 부개동 지역 이용 이용 전 현재 위치와 지역 범위를 먼저 확인해 보세요.","1","0","1","0"
"동랜딩","massage/부평동-출장마사지-부평구-생활권-이동동선-지역정보-이용전-안내/index.html","변경후보","부평동 출장마사지 | 인천 부평구 생활권·지역 이용 안내 | 몽라운지","부평동 지역 이용 안내 | 인천 부평구 생활권·지역 이용 안내 | 몽라운지","기준으로 가까운 생활권과 귀가·외출 동선을 확인할 수 있도록 지역 정보를 구성했습니다. 인천 부평구 부평동 출장마사지 이용 전 위치 설명과 이동 범위를 확인하는 데 참고하세요.","기준으로 가까운 생활권과 귀가·외출 동선을 확인할 수 있도록 지역 정보를 구성했습니다. 인천 부평구 부평동 출장마사지 이용 전 위치 설명과 이동 범위를 확인하는 데 참고하세요.","1","0","1","1"
"동랜딩","massage/산곡동-출장마사지-부평구-생활권-이동동선-지역정보-이용전-안내/index.html","변경후보","산곡동 출장마사지 | 인천 부평구 생활권·지역 이용 안내 | 몽라운지","산곡동 지역 이용 안내 | 인천 부평구 생활권·지역 이용 안내 | 몽라운지","산곡동 주변에서 현재 위치를 파악할 때 필요한 생활권 기준과 지역 선택 방법을 정리했습니다. 인천 부평구 산곡동 출장마사지 이용 전 가까운 범위와 이용 정보를 확인할 수 있습니다.","산곡동 주변에서 현재 위치를 파악할 때 필요한 생활권 기준과 지역 선택 방법을 정리했습니다. 인천 부평구 산곡동 출장마사지 이용 전 가까운 범위와 이용 정보를 확인할 수 있습니다.","1","0","1","1"
"동랜딩","massage/삼산동-출장마사지-부평구-생활권-이동동선-지역정보-이용전-안내/index.html","변경후보","삼산동 출장마사지 | 인천 부평구 생활권·지역 이용 안내 | 몽라운지","삼산동 생활권 안내 | 인천 부평구 생활권·지역 이용 안내 | 몽라운지","주거권과 일상 이동 범위를 중심으로 지역 정보를 먼저 확인할 수 있게 정리했습니다. 인천 부평구 삼산동 출장마사지 이용 전 위치와 인접 생활권을 비교해 보세요.","주거권과 일상 이동 범위를 중심으로 지역 정보를 먼저 확인할 수 있게 정리했습니다. 인천 부평구 삼산동 지역 이용 이용 전 위치와 인접 생활권을 비교해 보세요.","1","0","1","0"
"동랜딩","massage/십정동-출장마사지-부평구-생활권-이동동선-지역정보-이용전-안내/index.html","변경후보","십정동 출장마사지 | 인천 부평구 생활권·지역 이용 안내 | 몽라운지","십정동 생활권 안내 | 인천 부평구 생활권·지역 이용 안내 | 몽라운지","다른 생활권으로 이동할 때 참고하기 좋은 지역 기준과 위치 확인 항목을 정리했습니다. 인천 부평구 십정동 출장마사지 이용 전 지역 범위를 확인하는 안내입니다.","다른 생활권으로 이동할 때 참고하기 좋은 지역 기준과 위치 확인 항목을 정리했습니다. 인천 부평구 십정동 지역 이용 이용 전 지역 범위를 확인하는 안내입니다.","1","0","1","0"
"동랜딩","massage/일신동-출장마사지-부평구-생활권-이동동선-지역정보-이용전-안내/index.html","변경후보","일신동 출장마사지 | 인천 부평구 생활권·지역 이용 안내 | 몽라운지","일신동 지역 이용 안내 | 인천 부평구 생활권·지역 이용 안내 | 몽라운지","일신동 생활권 안에서 현재 위치와 가까운 지역을 찾기 쉽도록 기본 지역 정보를 구성했습니다. 인천 부평구 일신동 출장마사지 이용 전 이동 방향과 주변 생활권을 확인해 보세요.","일신동 생활권 안에서 현재 위치와 가까운 지역을 찾기 쉽도록 기본 지역 정보를 구성했습니다. 인천 부평구 일신동 출장마사지 이용 전 이동 방향과 주변 생활권을 확인해 보세요.","1","0","1","1"
"동랜딩","massage/청천동-출장마사지-부평구-생활권-이동동선-지역정보-이용전-안내/index.html","변경후보","청천동 출장마사지 | 인천 부평구 생활권·지역 이용 안내 | 몽라운지","청천동 출장마사지 | 인천 부평구 생활권·지역 이용 안내 | 몽라운지","중심으로 인접 생활권과 이동 범위를 먼저 살펴볼 수 있도록 지역 안내를 정리했습니다. 인천 부평구 청천동 출장마사지 이용 전 위치 확인에 참고할 수 있습니다.","중심으로 인접 생활권과 이동 범위를 먼저 살펴볼 수 있도록 지역 안내를 정리했습니다. 인천 부평구 청천동 생활권 이용 이용 전 위치 확인에 참고할 수 있습니다.","1","1","1","0"
"동랜딩","massage/가정동-출장마사지-서해구-생활권-이동동선-지역정보-이용전-안내/index.html","변경후보","가정동 출장마사지 | 인천 서해구 생활권·지역 이용 안내 | 몽라운지","가정동 생활권 안내 | 인천 서해구 생활권·지역 이용 안내 | 몽라운지","가정동 주변 생활권을 기준으로 현재 위치와 인접 지역을 확인하는 방법을 정리했습니다. 인천 서해구 가정동 출장마사지 이용 전 지역 선택과 이동 범위를 살펴보세요.","가정동 주변 생활권을 기준으로 현재 위치와 인접 지역을 확인하는 방법을 정리했습니다. 인천 서해구 가정동 지역 이용 이용 전 지역 선택과 이동 범위를 살펴보세요.","1","0","1","0"
"동랜딩","massage/가좌동-출장마사지-서해구-생활권-이동동선-지역정보-이용전-안내/index.html","변경후보","가좌동 출장마사지 | 인천 서해구 생활권·지역 이용 안내 | 몽라운지","가좌동 지역 이용 안내 | 인천 서해구 생활권·지역 이용 안내 | 몽라운지","가좌동 주변의 생활권과 이동 흐름을 먼저 살펴보고, 서해구 안에서 현재 위치를 설명하기 좋은 기준을 정리했습니다. 인천 서해구 가좌동 출장마사지 이용 전 지역 범위와 위치 정보를 확인해 보세요.","가좌동 주변의 생활권과 이동 흐름을 먼저 살펴보고, 서해구 안에서 현재 위치를 설명하기 좋은 기준을 정리했습니다. 인천 서해구 가좌동 출장마사지 이용 전 지역 범위와 위치 정보를 확인해 보세요.","1","0","1","1"
"동랜딩","massage/검암경서동-출장마사지-서해구-생활권-이동동선-지역정보-이용전-안내/index.html","변경후보","검암경서동 출장마사지 | 인천 서해구 생활권·지역 이용 안내 | 몽라운지","검암경서동 지역 이용 안내 | 인천 서해구 생활권·지역 이용 안내 | 몽라운지","자주 오가는 주거·상업 생활권을 기준으로 위치 확인 방법을 정리했습니다. 인천 서해구 검암경서동 출장마사지 이용 전 가까운 지역과 이동 범위를 비교할 때 참고할 수 있습니다.","자주 오가는 주거·상업 생활권을 기준으로 위치 확인 방법을 정리했습니다. 인천 서해구 검암경서동 출장마사지 이용 전 가까운 지역과 이동 범위를 비교할 때 참고할 수 있습니다.","1","0","1","1"
"동랜딩","massage/석남동-출장마사지-서해구-생활권-이동동선-지역정보-이용전-안내/index.html","변경후보","석남동 출장마사지 | 인천 서해구 생활권·지역 이용 안내 | 몽라운지","석남동 지역 이용 안내 | 인천 서해구 생활권·지역 이용 안내 | 몽라운지","석남동 생활권의 기본적인 이동 방향과 인접 지역 확인 방법을 한 페이지에 정리했습니다. 인천 서해구 석남동 출장마사지 이용 전 현재 위치와 지역 범위를 먼저 확인해 보세요.","석남동 생활권의 기본적인 이동 방향과 인접 지역 확인 방법을 한 페이지에 정리했습니다. 인천 서해구 석남동 출장마사지 이용 전 현재 위치와 지역 범위를 먼저 확인해 보세요.","1","0","1","1"
"동랜딩","massage/신현원창동-출장마사지-서해구-생활권-이동동선-지역정보-이용전-안내/index.html","변경후보","신현원창동 출장마사지 | 인천 서해구 생활권·지역 이용 안내 | 몽라운지","신현원창동 지역 이용 안내 | 인천 서해구 생활권·지역 이용 안내 | 몽라운지","기준으로 가까운 생활권과 귀가·외출 동선을 확인할 수 있도록 지역 정보를 구성했습니다. 인천 서해구 신현원창동 출장마사지 이용 전 위치 설명과 이동 범위를 확인하는 데 참고하세요.","기준으로 가까운 생활권과 귀가·외출 동선을 확인할 수 있도록 지역 정보를 구성했습니다. 인천 서해구 신현원창동 출장마사지 이용 전 위치 설명과 이동 범위를 확인하는 데 참고하세요.","1","0","1","1"
"동랜딩","massage/연희동-출장마사지-서해구-생활권-이동동선-지역정보-이용전-안내/index.html","변경후보","연희동 출장마사지 | 인천 서해구 생활권·지역 이용 안내 | 몽라운지","연희동 출장마사지 | 인천 서해구 생활권·지역 이용 안내 | 몽라운지","연희동 주변에서 현재 위치를 파악할 때 필요한 생활권 기준과 지역 선택 방법을 정리했습니다. 인천 서해구 연희동 출장마사지 이용 전 가까운 범위와 이용 정보를 확인할 수 있습니다.","연희동 주변에서 현재 위치를 파악할 때 필요한 생활권 기준과 지역 선택 방법을 정리했습니다. 인천 서해구 연희동 생활권 이용 이용 전 가까운 범위와 이용 정보를 확인할 수 있습니다.","1","1","1","0"
"동랜딩","massage/청라동-출장마사지-서해구-생활권-이동동선-지역정보-이용전-안내/index.html","변경후보","청라동 출장마사지 | 인천 서해구 생활권·지역 이용 안내 | 몽라운지","청라동 생활권 안내 | 인천 서해구 생활권·지역 이용 안내 | 몽라운지","주거권과 일상 이동 범위를 중심으로 지역 정보를 먼저 확인할 수 있게 정리했습니다. 인천 서해구 청라동 출장마사지 이용 전 위치와 인접 생활권을 비교해 보세요.","주거권과 일상 이동 범위를 중심으로 지역 정보를 먼저 확인할 수 있게 정리했습니다. 인천 서해구 청라동 지역 이용 이용 전 위치와 인접 생활권을 비교해 보세요.","1","0","1","0"
"동랜딩","massage/동춘동-출장마사지-연수구-생활권-이동동선-지역정보-이용전-안내/index.html","변경후보","동춘동 출장마사지 | 인천 연수구 생활권·지역 이용 안내 | 몽라운지","동춘동 생활권 안내 | 인천 연수구 생활권·지역 이용 안내 | 몽라운지","다른 생활권으로 이동할 때 참고하기 좋은 지역 기준과 위치 확인 항목을 정리했습니다. 인천 연수구 동춘동 출장마사지 이용 전 지역 범위를 확인하는 안내입니다.","다른 생활권으로 이동할 때 참고하기 좋은 지역 기준과 위치 확인 항목을 정리했습니다. 인천 연수구 동춘동 지역 이용 이용 전 지역 범위를 확인하는 안내입니다.","1","0","1","0"
"동랜딩","massage/선학동-출장마사지-연수구-생활권-이동동선-지역정보-이용전-안내/index.html","변경후보","선학동 출장마사지 | 인천 연수구 생활권·지역 이용 안내 | 몽라운지","선학동 지역 이용 안내 | 인천 연수구 생활권·지역 이용 안내 | 몽라운지","선학동 생활권 안에서 현재 위치와 가까운 지역을 찾기 쉽도록 기본 지역 정보를 구성했습니다. 인천 연수구 선학동 출장마사지 이용 전 이동 방향과 주변 생활권을 확인해 보세요.","선학동 생활권 안에서 현재 위치와 가까운 지역을 찾기 쉽도록 기본 지역 정보를 구성했습니다. 인천 연수구 선학동 출장마사지 이용 전 이동 방향과 주변 생활권을 확인해 보세요.","1","0","1","1"
"동랜딩","massage/송도동-출장마사지-연수구-생활권-이동동선-지역정보-이용전-안내/index.html","변경후보","송도동 출장마사지 | 인천 연수구 생활권·지역 이용 안내 | 몽라운지","송도동 생활권 안내 | 인천 연수구 생활권·지역 이용 안내 | 몽라운지","중심으로 인접 생활권과 이동 범위를 먼저 살펴볼 수 있도록 지역 안내를 정리했습니다. 인천 연수구 송도동 출장마사지 이용 전 위치 확인에 참고할 수 있습니다.","중심으로 인접 생활권과 이동 범위를 먼저 살펴볼 수 있도록 지역 안내를 정리했습니다. 인천 연수구 송도동 지역 이용 이용 전 위치 확인에 참고할 수 있습니다.","1","0","1","0"
"동랜딩","massage/연수동-출장마사지-연수구-생활권-이동동선-지역정보-이용전-안내/index.html","변경후보","연수동 출장마사지 | 인천 연수구 생활권·지역 이용 안내 | 몽라운지","연수동 출장마사지 | 인천 연수구 생활권·지역 이용 안내 | 몽라운지","연수동 주변 생활권을 기준으로 현재 위치와 인접 지역을 확인하는 방법을 정리했습니다. 인천 연수구 연수동 출장마사지 이용 전 지역 선택과 이동 범위를 살펴보세요.","연수동 주변 생활권을 기준으로 현재 위치와 인접 지역을 확인하는 방법을 정리했습니다. 인천 연수구 연수동 생활권 이용 이용 전 지역 선택과 이동 범위를 살펴보세요.","1","1","1","0"
"동랜딩","massage/옥련동-출장마사지-연수구-생활권-이동동선-지역정보-이용전-안내/index.html","변경후보","옥련동 출장마사지 | 인천 연수구 생활권·지역 이용 안내 | 몽라운지","옥련동 생활권 안내 | 인천 연수구 생활권·지역 이용 안내 | 몽라운지","옥련동 주변의 생활권과 이동 흐름을 먼저 살펴보고, 연수구 안에서 현재 위치를 설명하기 좋은 기준을 정리했습니다. 인천 연수구 옥련동 출장마사지 이용 전 지역 범위와 위치 정보를 확인해 보세요.","옥련동 주변의 생활권과 이동 흐름을 먼저 살펴보고, 연수구 안에서 현재 위치를 설명하기 좋은 기준을 정리했습니다. 인천 연수구 옥련동 지역 이용 이용 전 지역 범위와 위치 정보를 확인해 보세요.","1","0","1","0"
"동랜딩","massage/청학동-출장마사지-연수구-생활권-이동동선-지역정보-이용전-안내/index.html","변경후보","청학동 출장마사지 | 인천 연수구 생활권·지역 이용 안내 | 몽라운지","청학동 출장마사지 | 인천 연수구 생활권·지역 이용 안내 | 몽라운지","자주 오가는 주거·상업 생활권을 기준으로 위치 확인 방법을 정리했습니다. 인천 연수구 청학동 출장마사지 이용 전 가까운 지역과 이동 범위를 비교할 때 참고할 수 있습니다.","자주 오가는 주거·상업 생활권을 기준으로 위치 확인 방법을 정리했습니다. 인천 연수구 청학동 생활권 이용 이용 전 가까운 지역과 이동 범위를 비교할 때 참고할 수 있습니다.","1","1","1","0"
"동랜딩","massage/영종동-출장마사지-영종구-생활권-이동동선-지역정보-이용전-안내/index.html","변경후보","영종동 출장마사지 | 인천 영종구 생활권·지역 이용 안내 | 몽라운지","영종동 출장마사지 | 인천 영종구 생활권·지역 이용 안내 | 몽라운지","영종동 생활권의 기본적인 이동 방향과 인접 지역 확인 방법을 한 페이지에 정리했습니다. 인천 영종구 영종동 출장마사지 이용 전 현재 위치와 지역 범위를 먼저 확인해 보세요.","영종동 생활권의 기본적인 이동 방향과 인접 지역 확인 방법을 한 페이지에 정리했습니다. 인천 영종구 영종동 생활권 이용 이용 전 현재 위치와 지역 범위를 먼저 확인해 보세요.","1","1","1","0"
"동랜딩","massage/용유동-출장마사지-영종구-생활권-이동동선-지역정보-이용전-안내/index.html","변경후보","용유동 출장마사지 | 인천 영종구 생활권·지역 이용 안내 | 몽라운지","용유동 출장마사지 | 인천 영종구 생활권·지역 이용 안내 | 몽라운지","기준으로 가까운 생활권과 귀가·외출 동선을 확인할 수 있도록 지역 정보를 구성했습니다. 인천 영종구 용유동 출장마사지 이용 전 위치 설명과 이동 범위를 확인하는 데 참고하세요.","기준으로 가까운 생활권과 귀가·외출 동선을 확인할 수 있도록 지역 정보를 구성했습니다. 인천 영종구 용유동 생활권 이용 이용 전 위치 설명과 이동 범위를 확인하는 데 참고하세요.","1","1","1","0"
"동랜딩","massage/운서동-출장마사지-영종구-생활권-이동동선-지역정보-이용전-안내/index.html","변경후보","운서동 출장마사지 | 인천 영종구 생활권·지역 이용 안내 | 몽라운지","운서동 지역 이용 안내 | 인천 영종구 생활권·지역 이용 안내 | 몽라운지","운서동 주변에서 현재 위치를 파악할 때 필요한 생활권 기준과 지역 선택 방법을 정리했습니다. 인천 영종구 운서동 출장마사지 이용 전 가까운 범위와 이용 정보를 확인할 수 있습니다.","운서동 주변에서 현재 위치를 파악할 때 필요한 생활권 기준과 지역 선택 방법을 정리했습니다. 인천 영종구 운서동 출장마사지 이용 전 가까운 범위와 이용 정보를 확인할 수 있습니다.","1","0","1","1"
"동랜딩","massage/개항동-출장마사지-제물포구-생활권-이동동선-지역정보-이용전-안내/index.html","변경후보","개항동 출장마사지 | 인천 제물포구 생활권·지역 이용 안내 | 몽라운지","개항동 생활권 안내 | 인천 제물포구 생활권·지역 이용 안내 | 몽라운지","주거권과 일상 이동 범위를 중심으로 지역 정보를 먼저 확인할 수 있게 정리했습니다. 인천 제물포구 개항동 출장마사지 이용 전 위치와 인접 생활권을 비교해 보세요.","주거권과 일상 이동 범위를 중심으로 지역 정보를 먼저 확인할 수 있게 정리했습니다. 인천 제물포구 개항동 지역 이용 이용 전 위치와 인접 생활권을 비교해 보세요.","1","0","1","0"
"동랜딩","massage/금창동-출장마사지-제물포구-생활권-이동동선-지역정보-이용전-안내/index.html","변경후보","금창동 출장마사지 | 인천 제물포구 생활권·지역 이용 안내 | 몽라운지","금창동 생활권 안내 | 인천 제물포구 생활권·지역 이용 안내 | 몽라운지","다른 생활권으로 이동할 때 참고하기 좋은 지역 기준과 위치 확인 항목을 정리했습니다. 인천 제물포구 금창동 출장마사지 이용 전 지역 범위를 확인하는 안내입니다.","다른 생활권으로 이동할 때 참고하기 좋은 지역 기준과 위치 확인 항목을 정리했습니다. 인천 제물포구 금창동 지역 이용 이용 전 지역 범위를 확인하는 안내입니다.","1","0","1","0"
"동랜딩","massage/도원동-출장마사지-제물포구-생활권-이동동선-지역정보-이용전-안내/index.html","변경후보","도원동 출장마사지 | 인천 제물포구 생활권·지역 이용 안내 | 몽라운지","도원동 출장마사지 | 인천 제물포구 생활권·지역 이용 안내 | 몽라운지","도원동 생활권 안에서 현재 위치와 가까운 지역을 찾기 쉽도록 기본 지역 정보를 구성했습니다. 인천 제물포구 도원동 출장마사지 이용 전 이동 방향과 주변 생활권을 확인해 보세요.","도원동 생활권 안에서 현재 위치와 가까운 지역을 찾기 쉽도록 기본 지역 정보를 구성했습니다. 인천 제물포구 도원동 생활권 이용 이용 전 이동 방향과 주변 생활권을 확인해 보세요.","1","1","1","0"
"동랜딩","massage/동인천동-출장마사지-제물포구-생활권-이동동선-지역정보-이용전-안내/index.html","변경후보","동인천동 출장마사지 | 인천 제물포구 생활권·지역 이용 안내 | 몽라운지","동인천동 출장마사지 | 인천 제물포구 생활권·지역 이용 안내 | 몽라운지","중심으로 인접 생활권과 이동 범위를 먼저 살펴볼 수 있도록 지역 안내를 정리했습니다. 인천 제물포구 동인천동 출장마사지 이용 전 위치 확인에 참고할 수 있습니다.","중심으로 인접 생활권과 이동 범위를 먼저 살펴볼 수 있도록 지역 안내를 정리했습니다. 인천 제물포구 동인천동 생활권 이용 이용 전 위치 확인에 참고할 수 있습니다.","1","1","1","0"
"동랜딩","massage/만석동-출장마사지-제물포구-생활권-이동동선-지역정보-이용전-안내/index.html","변경후보","만석동 출장마사지 | 인천 제물포구 생활권·지역 이용 안내 | 몽라운지","만석동 지역 이용 안내 | 인천 제물포구 생활권·지역 이용 안내 | 몽라운지","만석동 주변 생활권을 기준으로 현재 위치와 인접 지역을 확인하는 방법을 정리했습니다. 인천 제물포구 만석동 출장마사지 이용 전 지역 선택과 이동 범위를 살펴보세요.","만석동 주변 생활권을 기준으로 현재 위치와 인접 지역을 확인하는 방법을 정리했습니다. 인천 제물포구 만석동 출장마사지 이용 전 지역 선택과 이동 범위를 살펴보세요.","1","0","1","1"
"동랜딩","massage/송림동-출장마사지-제물포구-생활권-이동동선-지역정보-이용전-안내/index.html","변경후보","송림동 출장마사지 | 인천 제물포구 생활권·지역 이용 안내 | 몽라운지","송림동 출장마사지 | 인천 제물포구 생활권·지역 이용 안내 | 몽라운지","송림동 주변의 생활권과 이동 흐름을 먼저 살펴보고, 제물포구 안에서 현재 위치를 설명하기 좋은 기준을 정리했습니다. 인천 제물포구 송림동 출장마사지 이용 전 지역 범위와 위치 정보를 확인해 보세요.","송림동 주변의 생활권과 이동 흐름을 먼저 살펴보고, 제물포구 안에서 현재 위치를 설명하기 좋은 기준을 정리했습니다. 인천 제물포구 송림동 생활권 이용 이용 전 지역 범위와 위치 정보를 확인해 보세요.","1","1","1","0"
"동랜딩","massage/송현1.2동-출장마사지-제물포구-생활권-이동동선-지역정보-이용전-안내/index.html","변경후보","송현1.2동 출장마사지 | 인천 제물포구 생활권·지역 이용 안내 | 몽라운지","송현1.2동 생활권 안내 | 인천 제물포구 생활권·지역 이용 안내 | 몽라운지","자주 오가는 주거·상업 생활권을 기준으로 위치 확인 방법을 정리했습니다. 인천 제물포구 송현1.2동 출장마사지 이용 전 가까운 지역과 이동 범위를 비교할 때 참고할 수 있습니다.","자주 오가는 주거·상업 생활권을 기준으로 위치 확인 방법을 정리했습니다. 인천 제물포구 송현1.2동 지역 이용 이용 전 가까운 지역과 이동 범위를 비교할 때 참고할 수 있습니다.","1","0","1","0"
"동랜딩","massage/송현동-출장마사지-제물포구-생활권-이동동선-지역정보-이용전-안내/index.html","변경후보","송현동 출장마사지 | 인천 제물포구 생활권·지역 이용 안내 | 몽라운지","송현동 지역 이용 안내 | 인천 제물포구 생활권·지역 이용 안내 | 몽라운지","송현동 생활권의 기본적인 이동 방향과 인접 지역 확인 방법을 한 페이지에 정리했습니다. 인천 제물포구 송현동 출장마사지 이용 전 현재 위치와 지역 범위를 먼저 확인해 보세요.","송현동 생활권의 기본적인 이동 방향과 인접 지역 확인 방법을 한 페이지에 정리했습니다. 인천 제물포구 송현동 출장마사지 이용 전 현재 위치와 지역 범위를 먼저 확인해 보세요.","1","0","1","1"
"동랜딩","massage/신포동-출장마사지-제물포구-생활권-이동동선-지역정보-이용전-안내/index.html","변경후보","신포동 출장마사지 | 인천 제물포구 생활권·지역 이용 안내 | 몽라운지","신포동 출장마사지 | 인천 제물포구 생활권·지역 이용 안내 | 몽라운지","기준으로 가까운 생활권과 귀가·외출 동선을 확인할 수 있도록 지역 정보를 구성했습니다. 인천 제물포구 신포동 출장마사지 이용 전 위치 설명과 이동 범위를 확인하는 데 참고하세요.","기준으로 가까운 생활권과 귀가·외출 동선을 확인할 수 있도록 지역 정보를 구성했습니다. 인천 제물포구 신포동 생활권 이용 이용 전 위치 설명과 이동 범위를 확인하는 데 참고하세요.","1","1","1","0"
"동랜딩","massage/신흥동-출장마사지-제물포구-생활권-이동동선-지역정보-이용전-안내/index.html","변경후보","신흥동 출장마사지 | 인천 제물포구 생활권·지역 이용 안내 | 몽라운지","신흥동 지역 이용 안내 | 인천 제물포구 생활권·지역 이용 안내 | 몽라운지","신흥동 주변에서 현재 위치를 파악할 때 필요한 생활권 기준과 지역 선택 방법을 정리했습니다. 인천 제물포구 신흥동 출장마사지 이용 전 가까운 범위와 이용 정보를 확인할 수 있습니다.","신흥동 주변에서 현재 위치를 파악할 때 필요한 생활권 기준과 지역 선택 방법을 정리했습니다. 인천 제물포구 신흥동 출장마사지 이용 전 가까운 범위와 이용 정보를 확인할 수 있습니다.","1","0","1","1"
"동랜딩","massage/연안동-출장마사지-제물포구-생활권-이동동선-지역정보-이용전-안내/index.html","변경후보","연안동 출장마사지 | 인천 제물포구 생활권·지역 이용 안내 | 몽라운지","연안동 출장마사지 | 인천 제물포구 생활권·지역 이용 안내 | 몽라운지","주거권과 일상 이동 범위를 중심으로 지역 정보를 먼저 확인할 수 있게 정리했습니다. 인천 제물포구 연안동 출장마사지 이용 전 위치와 인접 생활권을 비교해 보세요.","주거권과 일상 이동 범위를 중심으로 지역 정보를 먼저 확인할 수 있게 정리했습니다. 인천 제물포구 연안동 생활권 이용 이용 전 위치와 인접 생활권을 비교해 보세요.","1","1","1","0"
"동랜딩","massage/율목동-출장마사지-제물포구-생활권-이동동선-지역정보-이용전-안내/index.html","변경후보","율목동 출장마사지 | 인천 제물포구 생활권·지역 이용 안내 | 몽라운지","율목동 생활권 안내 | 인천 제물포구 생활권·지역 이용 안내 | 몽라운지","다른 생활권으로 이동할 때 참고하기 좋은 지역 기준과 위치 확인 항목을 정리했습니다. 인천 제물포구 율목동 출장마사지 이용 전 지역 범위를 확인하는 안내입니다.","다른 생활권으로 이동할 때 참고하기 좋은 지역 기준과 위치 확인 항목을 정리했습니다. 인천 제물포구 율목동 지역 이용 이용 전 지역 범위를 확인하는 안내입니다.","1","0","1","0"
"동랜딩","massage/화수1.화평동-출장마사지-제물포구-생활권-이동동선-지역정보-이용전-안내/index.html","변경후보","화수1.화평동 출장마사지 | 인천 제물포구 생활권·지역 이용 안내 | 몽라운지","화수1.화평동 출장마사지 | 인천 제물포구 생활권·지역 이용 안내 | 몽라운지","화수1.화평동 생활권 안에서 현재 위치와 가까운 지역을 찾기 쉽도록 기본 지역 정보를 구성했습니다. 인천 제물포구 화수1.화평동 출장마사지 이용 전 이동 방향과 주변 생활권을 확인해 보세요.","화수1.화평동 생활권 안에서 현재 위치와 가까운 지역을 찾기 쉽도록 기본 지역 정보를 구성했습니다. 인천 제물포구 화수1.화평동 생활권 이용 이용 전 이동 방향과 주변 생활권을 확인해 보세요.","1","1","1","0"
"동랜딩","massage/화수동-출장마사지-제물포구-생활권-이동동선-지역정보-이용전-안내/index.html","변경후보","화수동 출장마사지 | 인천 제물포구 생활권·지역 이용 안내 | 몽라운지","화수동 생활권 안내 | 인천 제물포구 생활권·지역 이용 안내 | 몽라운지","중심으로 인접 생활권과 이동 범위를 먼저 살펴볼 수 있도록 지역 안내를 정리했습니다. 인천 제물포구 화수동 출장마사지 이용 전 위치 확인에 참고할 수 있습니다.","중심으로 인접 생활권과 이동 범위를 먼저 살펴볼 수 있도록 지역 안내를 정리했습니다. 인천 제물포구 화수동 지역 이용 이용 전 위치 확인에 참고할 수 있습니다.","1","0","1","0"
"동랜딩","massage/가수원동-출장마사지-대전-서구-생활권-이동동선-지역정보-이용전-안내/index.html","변경후보","가수원동 출장마사지 | 대전 서구 생활권·지역 이용 안내 | 몽라운지","가수원동 출장마사지 | 대전 서구 생활권·지역 이용 안내 | 몽라운지","자주 오가는 주거·상업 생활권을 기준으로 위치 확인 방법을 정리했습니다. 대전 서구 가수원동 출장마사지 이용 전 가까운 지역과 이동 범위를 비교할 때 참고할 수 있습니다.","자주 오가는 주거·상업 생활권을 기준으로 위치 확인 방법을 정리했습니다. 대전 서구 가수원동 생활권 이용 이용 전 가까운 지역과 이동 범위를 비교할 때 참고할 수 있습니다.","1","1","1","0"
"동랜딩","massage/가양동-출장마사지-대전-동구-생활권-이동동선-지역정보-이용전-안내/index.html","변경후보","가양동 출장마사지 | 대전 동구 생활권·지역 이용 안내 | 몽라운지","가양동 지역 이용 안내 | 대전 동구 생활권·지역 이용 안내 | 몽라운지","가양동 생활권의 기본적인 이동 방향과 인접 지역 확인 방법을 한 페이지에 정리했습니다. 대전 동구 가양동 출장마사지 이용 전 현재 위치와 지역 범위를 먼저 확인해 보세요.","가양동 생활권의 기본적인 이동 방향과 인접 지역 확인 방법을 한 페이지에 정리했습니다. 대전 동구 가양동 출장마사지 이용 전 현재 위치와 지역 범위를 먼저 확인해 보세요.","1","0","1","1"
"동랜딩","massage/가장동-출장마사지-대전-서구-생활권-이동동선-지역정보-이용전-안내/index.html","변경후보","가장동 출장마사지 | 대전 서구 생활권·지역 이용 안내 | 몽라운지","가장동 지역 이용 안내 | 대전 서구 생활권·지역 이용 안내 | 몽라운지","기준으로 가까운 생활권과 귀가·외출 동선을 확인할 수 있도록 지역 정보를 구성했습니다. 대전 서구 가장동 출장마사지 이용 전 위치 설명과 이동 범위를 확인하는 데 참고하세요.","기준으로 가까운 생활권과 귀가·외출 동선을 확인할 수 있도록 지역 정보를 구성했습니다. 대전 서구 가장동 출장마사지 이용 전 위치 설명과 이동 범위를 확인하는 데 참고하세요.","1","0","1","1"
"동랜딩","massage/갈마동-출장마사지-대전-서구-생활권-이동동선-지역정보-이용전-안내/index.html","변경후보","갈마동 출장마사지 | 대전 서구 생활권·지역 이용 안내 | 몽라운지","갈마동 출장마사지 | 대전 서구 생활권·지역 이용 안내 | 몽라운지","갈마동 주변에서 현재 위치를 파악할 때 필요한 생활권 기준과 지역 선택 방법을 정리했습니다. 대전 서구 갈마동 출장마사지 이용 전 가까운 범위와 이용 정보를 확인할 수 있습니다.","갈마동 주변에서 현재 위치를 파악할 때 필요한 생활권 기준과 지역 선택 방법을 정리했습니다. 대전 서구 갈마동 생활권 이용 이용 전 가까운 범위와 이용 정보를 확인할 수 있습니다.","1","1","1","0"
"동랜딩","massage/관저동-출장마사지-대전-서구-생활권-이동동선-지역정보-이용전-안내/index.html","변경후보","관저동 출장마사지 | 대전 서구 생활권·지역 이용 안내 | 몽라운지","관저동 출장마사지 | 대전 서구 생활권·지역 이용 안내 | 몽라운지","주거권과 일상 이동 범위를 중심으로 지역 정보를 먼저 확인할 수 있게 정리했습니다. 대전 서구 관저동 출장마사지 이용 전 위치와 인접 생활권을 비교해 보세요.","주거권과 일상 이동 범위를 중심으로 지역 정보를 먼저 확인할 수 있게 정리했습니다. 대전 서구 관저동 생활권 이용 이용 전 위치와 인접 생활권을 비교해 보세요.","1","1","1","0"
"동랜딩","massage/관평동-출장마사지-대전-유성구-생활권-이동동선-지역정보-이용전-안내/index.html","변경후보","관평동 출장마사지 | 대전 유성구 생활권·지역 이용 안내 | 몽라운지","관평동 생활권 안내 | 대전 유성구 생활권·지역 이용 안내 | 몽라운지","다른 생활권으로 이동할 때 참고하기 좋은 지역 기준과 위치 확인 항목을 정리했습니다. 대전 유성구 관평동 출장마사지 이용 전 지역 범위를 확인하는 안내입니다.","다른 생활권으로 이동할 때 참고하기 좋은 지역 기준과 위치 확인 항목을 정리했습니다. 대전 유성구 관평동 지역 이용 이용 전 지역 범위를 확인하는 안내입니다.","1","0","1","0"
"동랜딩","massage/괴정동-출장마사지-대전-서구-생활권-이동동선-지역정보-이용전-안내/index.html","변경후보","괴정동 출장마사지 | 대전 서구 생활권·지역 이용 안내 | 몽라운지","괴정동 지역 이용 안내 | 대전 서구 생활권·지역 이용 안내 | 몽라운지","괴정동 생활권 안에서 현재 위치와 가까운 지역을 찾기 쉽도록 기본 지역 정보를 구성했습니다. 대전 서구 괴정동 출장마사지 이용 전 이동 방향과 주변 생활권을 확인해 보세요.","괴정동 생활권 안에서 현재 위치와 가까운 지역을 찾기 쉽도록 기본 지역 정보를 구성했습니다. 대전 서구 괴정동 출장마사지 이용 전 이동 방향과 주변 생활권을 확인해 보세요.","1","0","1","1"
"동랜딩","massage/구즉동-출장마사지-대전-유성구-생활권-이동동선-지역정보-이용전-안내/index.html","변경후보","구즉동 출장마사지 | 대전 유성구 생활권·지역 이용 안내 | 몽라운지","구즉동 출장마사지 | 대전 유성구 생활권·지역 이용 안내 | 몽라운지","구즉동 주변의 생활권과 이동 흐름을 먼저 살펴보고 현재 위치를 설명하기 좋은 기준을 정리했습니다. 대전 유성구 구즉동 출장마사지 이용 전 지역 범위와 위치 정보를 확인해 보세요.","구즉동 주변의 생활권과 이동 흐름을 먼저 살펴보고 현재 위치를 설명하기 좋은 기준을 정리했습니다. 대전 유성구 구즉동 생활권 이용 이용 전 지역 범위와 위치 정보를 확인해 보세요.","1","1","1","0"
"동랜딩","massage/기성동-출장마사지-대전-서구-생활권-이동동선-지역정보-이용전-안내/index.html","변경후보","기성동 출장마사지 | 대전 서구 생활권·지역 이용 안내 | 몽라운지","기성동 지역 이용 안내 | 대전 서구 생활권·지역 이용 안내 | 몽라운지","자주 오가는 주거·상업 생활권을 기준으로 위치 확인 방법을 정리했습니다. 대전 서구 기성동 출장마사지 이용 전 가까운 지역과 이동 범위를 비교할 때 참고할 수 있습니다.","자주 오가는 주거·상업 생활권을 기준으로 위치 확인 방법을 정리했습니다. 대전 서구 기성동 출장마사지 이용 전 가까운 지역과 이동 범위를 비교할 때 참고할 수 있습니다.","1","0","1","1"
"동랜딩","massage/내동-출장마사지-대전-서구-생활권-이동동선-지역정보-이용전-안내/index.html","변경후보","내동 출장마사지 | 대전 서구 생활권·지역 이용 안내 | 몽라운지","내동 지역 이용 안내 | 대전 서구 생활권·지역 이용 안내 | 몽라운지","내동 생활권의 기본적인 이동 방향과 인접 지역 확인 방법을 한 페이지에 정리했습니다. 대전 서구 내동 출장마사지 이용 전 현재 위치와 지역 범위를 먼저 확인해 보세요.","내동 생활권의 기본적인 이동 방향과 인접 지역 확인 방법을 한 페이지에 정리했습니다. 대전 서구 내동 출장마사지 이용 전 현재 위치와 지역 범위를 먼저 확인해 보세요.","1","0","1","1"
"동랜딩","massage/노은동-출장마사지-대전-유성구-생활권-이동동선-지역정보-이용전-안내/index.html","변경후보","노은동 출장마사지 | 대전 유성구 생활권·지역 이용 안내 | 몽라운지","노은동 지역 이용 안내 | 대전 유성구 생활권·지역 이용 안내 | 몽라운지","기준으로 가까운 생활권과 귀가·외출 동선을 확인할 수 있도록 지역 정보를 구성했습니다. 대전 유성구 노은동 출장마사지 이용 전 위치 설명과 이동 범위를 확인하는 데 참고하세요.","기준으로 가까운 생활권과 귀가·외출 동선을 확인할 수 있도록 지역 정보를 구성했습니다. 대전 유성구 노은동 출장마사지 이용 전 위치 설명과 이동 범위를 확인하는 데 참고하세요.","1","0","1","1"
"동랜딩","massage/대동-출장마사지-대전-동구-생활권-이동동선-지역정보-이용전-안내/index.html","변경후보","대동 출장마사지 | 대전 동구 생활권·지역 이용 안내 | 몽라운지","대동 생활권 안내 | 대전 동구 생활권·지역 이용 안내 | 몽라운지","대동 주변에서 현재 위치를 파악할 때 필요한 생활권 기준과 지역 선택 방법을 정리했습니다. 대전 동구 대동 출장마사지 이용 전 가까운 범위와 이용 정보를 확인할 수 있습니다.","대동 주변에서 현재 위치를 파악할 때 필요한 생활권 기준과 지역 선택 방법을 정리했습니다. 대전 동구 대동 지역 이용 이용 전 가까운 범위와 이용 정보를 확인할 수 있습니다.","1","0","1","0"
"동랜딩","massage/대사동-출장마사지-대전-중구-생활권-이동동선-지역정보-이용전-안내/index.html","변경후보","대사동 출장마사지 | 대전 중구 생활권·지역 이용 안내 | 몽라운지","대사동 생활권 안내 | 대전 중구 생활권·지역 이용 안내 | 몽라운지","주거권과 일상 이동 범위를 중심으로 지역 정보를 먼저 확인할 수 있게 정리했습니다. 대전 중구 대사동 출장마사지 이용 전 위치와 인접 생활권을 비교해 보세요.","주거권과 일상 이동 범위를 중심으로 지역 정보를 먼저 확인할 수 있게 정리했습니다. 대전 중구 대사동 지역 이용 이용 전 위치와 인접 생활권을 비교해 보세요.","1","0","1","0"
"동랜딩","massage/대청동-출장마사지-대전-동구-생활권-이동동선-지역정보-이용전-안내/index.html","변경후보","대청동 출장마사지 | 대전 동구 생활권·지역 이용 안내 | 몽라운지","대청동 지역 이용 안내 | 대전 동구 생활권·지역 이용 안내 | 몽라운지","다른 생활권으로 이동할 때 참고하기 좋은 지역 기준과 위치 확인 항목을 정리했습니다. 대전 동구 대청동 출장마사지 이용 전 지역 범위를 확인하는 안내입니다.","다른 생활권으로 이동할 때 참고하기 좋은 지역 기준과 위치 확인 항목을 정리했습니다. 대전 동구 대청동 출장마사지 이용 전 지역 범위를 확인하는 안내입니다.","1","0","1","1"
"동랜딩","massage/대화동-출장마사지-대전-대덕구-생활권-이동동선-지역정보-이용전-안내/index.html","변경후보","대화동 출장마사지 | 대전 대덕구 생활권·지역 이용 안내 | 몽라운지","대화동 생활권 안내 | 대전 대덕구 생활권·지역 이용 안내 | 몽라운지","대화동 생활권 안에서 현재 위치와 가까운 지역을 찾기 쉽도록 기본 지역 정보를 구성했습니다. 대전 대덕구 대화동 출장마사지 이용 전 이동 방향과 주변 생활권을 확인해 보세요.","대화동 생활권 안에서 현재 위치와 가까운 지역을 찾기 쉽도록 기본 지역 정보를 구성했습니다. 대전 대덕구 대화동 지역 이용 이용 전 이동 방향과 주변 생활권을 확인해 보세요.","1","0","1","0"
"동랜딩","massage/대흥동-출장마사지-대전-중구-생활권-이동동선-지역정보-이용전-안내/index.html","변경후보","대흥동 출장마사지 | 대전 중구 생활권·지역 이용 안내 | 몽라운지","대흥동 생활권 안내 | 대전 중구 생활권·지역 이용 안내 | 몽라운지","대흥동 주변의 생활권과 이동 흐름을 먼저 살펴보고 현재 위치를 설명하기 좋은 기준을 정리했습니다. 대전 중구 대흥동 출장마사지 이용 전 지역 범위와 위치 정보를 확인해 보세요.","대흥동 주변의 생활권과 이동 흐름을 먼저 살펴보고 현재 위치를 설명하기 좋은 기준을 정리했습니다. 대전 중구 대흥동 지역 이용 이용 전 지역 범위와 위치 정보를 확인해 보세요.","1","0","1","0"
"동랜딩","massage/덕암동-출장마사지-대전-대덕구-생활권-이동동선-지역정보-이용전-안내/index.html","변경후보","덕암동 출장마사지 | 대전 대덕구 생활권·지역 이용 안내 | 몽라운지","덕암동 지역 이용 안내 | 대전 대덕구 생활권·지역 이용 안내 | 몽라운지","자주 오가는 주거·상업 생활권을 기준으로 위치 확인 방법을 정리했습니다. 대전 대덕구 덕암동 출장마사지 이용 전 가까운 지역과 이동 범위를 비교할 때 참고할 수 있습니다.","자주 오가는 주거·상업 생활권을 기준으로 위치 확인 방법을 정리했습니다. 대전 대덕구 덕암동 출장마사지 이용 전 가까운 지역과 이동 범위를 비교할 때 참고할 수 있습니다.","1","0","1","1"
"동랜딩","massage/도마동-출장마사지-대전-서구-생활권-이동동선-지역정보-이용전-안내/index.html","변경후보","도마동 출장마사지 | 대전 서구 생활권·지역 이용 안내 | 몽라운지","도마동 출장마사지 | 대전 서구 생활권·지역 이용 안내 | 몽라운지","도마동 생활권의 기본적인 이동 방향과 인접 지역 확인 방법을 한 페이지에 정리했습니다. 대전 서구 도마동 출장마사지 이용 전 현재 위치와 지역 범위를 먼저 확인해 보세요.","도마동 생활권의 기본적인 이동 방향과 인접 지역 확인 방법을 한 페이지에 정리했습니다. 대전 서구 도마동 생활권 이용 이용 전 현재 위치와 지역 범위를 먼저 확인해 보세요.","1","1","1","0"
"동랜딩","massage/도안동-출장마사지-대전-서구-생활권-이동동선-지역정보-이용전-안내/index.html","변경후보","도안동 출장마사지 | 대전 서구 생활권·지역 이용 안내 | 몽라운지","도안동 지역 이용 안내 | 대전 서구 생활권·지역 이용 안내 | 몽라운지","기준으로 가까운 생활권과 귀가·외출 동선을 확인할 수 있도록 지역 정보를 구성했습니다. 대전 서구 도안동 출장마사지 이용 전 위치 설명과 이동 범위를 확인하는 데 참고하세요.","기준으로 가까운 생활권과 귀가·외출 동선을 확인할 수 있도록 지역 정보를 구성했습니다. 대전 서구 도안동 출장마사지 이용 전 위치 설명과 이동 범위를 확인하는 데 참고하세요.","1","0","1","1"
"동랜딩","massage/둔산동-출장마사지-대전-서구-생활권-이동동선-지역정보-이용전-안내/index.html","변경후보","둔산동 출장마사지 | 대전 서구 생활권·지역 이용 안내 | 몽라운지","둔산동 지역 이용 안내 | 대전 서구 생활권·지역 이용 안내 | 몽라운지","둔산동 주변에서 현재 위치를 파악할 때 필요한 생활권 기준과 지역 선택 방법을 정리했습니다. 대전 서구 둔산동 출장마사지 이용 전 가까운 범위와 이용 정보를 확인할 수 있습니다.","둔산동 주변에서 현재 위치를 파악할 때 필요한 생활권 기준과 지역 선택 방법을 정리했습니다. 대전 서구 둔산동 출장마사지 이용 전 가까운 범위와 이용 정보를 확인할 수 있습니다.","1","0","1","1"
"동랜딩","massage/만년동-출장마사지-대전-서구-생활권-이동동선-지역정보-이용전-안내/index.html","변경후보","만년동 출장마사지 | 대전 서구 생활권·지역 이용 안내 | 몽라운지","만년동 출장마사지 | 대전 서구 생활권·지역 이용 안내 | 몽라운지","주거권과 일상 이동 범위를 중심으로 지역 정보를 먼저 확인할 수 있게 정리했습니다. 대전 서구 만년동 출장마사지 이용 전 위치와 인접 생활권을 비교해 보세요.","주거권과 일상 이동 범위를 중심으로 지역 정보를 먼저 확인할 수 있게 정리했습니다. 대전 서구 만년동 생활권 이용 이용 전 위치와 인접 생활권을 비교해 보세요.","1","1","1","0"
"동랜딩","massage/목동-출장마사지-대전-중구-생활권-이동동선-지역정보-이용전-안내/index.html","변경후보","목동 출장마사지 | 대전 중구 생활권·지역 이용 안내 | 몽라운지","목동 출장마사지 | 대전 중구 생활권·지역 이용 안내 | 몽라운지","다른 생활권으로 이동할 때 참고하기 좋은 지역 기준과 위치 확인 항목을 정리했습니다. 대전 중구 목동 출장마사지 이용 전 지역 범위를 확인하는 안내입니다.","다른 생활권으로 이동할 때 참고하기 좋은 지역 기준과 위치 확인 항목을 정리했습니다. 대전 중구 목동 생활권 이용 이용 전 지역 범위를 확인하는 안내입니다.","1","1","1","0"
"동랜딩","massage/목상동-출장마사지-대전-대덕구-생활권-이동동선-지역정보-이용전-안내/index.html","변경후보","목상동 출장마사지 | 대전 대덕구 생활권·지역 이용 안내 | 몽라운지","목상동 지역 이용 안내 | 대전 대덕구 생활권·지역 이용 안내 | 몽라운지","목상동 생활권 안에서 현재 위치와 가까운 지역을 찾기 쉽도록 기본 지역 정보를 구성했습니다. 대전 대덕구 목상동 출장마사지 이용 전 이동 방향과 주변 생활권을 확인해 보세요.","목상동 생활권 안에서 현재 위치와 가까운 지역을 찾기 쉽도록 기본 지역 정보를 구성했습니다. 대전 대덕구 목상동 출장마사지 이용 전 이동 방향과 주변 생활권을 확인해 보세요.","1","0","1","1"
"동랜딩","massage/문창동-출장마사지-대전-중구-생활권-이동동선-지역정보-이용전-안내/index.html","변경후보","문창동 출장마사지 | 대전 중구 생활권·지역 이용 안내 | 몽라운지","문창동 출장마사지 | 대전 중구 생활권·지역 이용 안내 | 몽라운지","문창동 주변의 생활권과 이동 흐름을 먼저 살펴보고 현재 위치를 설명하기 좋은 기준을 정리했습니다. 대전 중구 문창동 출장마사지 이용 전 지역 범위와 위치 정보를 확인해 보세요.","문창동 주변의 생활권과 이동 흐름을 먼저 살펴보고 현재 위치를 설명하기 좋은 기준을 정리했습니다. 대전 중구 문창동 생활권 이용 이용 전 지역 범위와 위치 정보를 확인해 보세요.","1","1","1","0"
"동랜딩","massage/문화동-출장마사지-대전-중구-생활권-이동동선-지역정보-이용전-안내/index.html","변경후보","문화동 출장마사지 | 대전 중구 생활권·지역 이용 안내 | 몽라운지","문화동 출장마사지 | 대전 중구 생활권·지역 이용 안내 | 몽라운지","자주 오가는 주거·상업 생활권을 기준으로 위치 확인 방법을 정리했습니다. 대전 중구 문화동 출장마사지 이용 전 가까운 지역과 이동 범위를 비교할 때 참고할 수 있습니다.","자주 오가는 주거·상업 생활권을 기준으로 위치 확인 방법을 정리했습니다. 대전 중구 문화동 생활권 이용 이용 전 가까운 지역과 이동 범위를 비교할 때 참고할 수 있습니다.","1","1","1","0"
"동랜딩","massage/법동-출장마사지-대전-대덕구-생활권-이동동선-지역정보-이용전-안내/index.html","변경후보","법동 출장마사지 | 대전 대덕구 생활권·지역 이용 안내 | 몽라운지","법동 출장마사지 | 대전 대덕구 생활권·지역 이용 안내 | 몽라운지","법동 생활권의 기본적인 이동 방향과 인접 지역 확인 방법을 한 페이지에 정리했습니다. 대전 대덕구 법동 출장마사지 이용 전 현재 위치와 지역 범위를 먼저 확인해 보세요.","법동 생활권의 기본적인 이동 방향과 인접 지역 확인 방법을 한 페이지에 정리했습니다. 대전 대덕구 법동 생활권 이용 이용 전 현재 위치와 지역 범위를 먼저 확인해 보세요.","1","1","1","0"
"동랜딩","massage/변동-출장마사지-대전-서구-생활권-이동동선-지역정보-이용전-안내/index.html","변경후보","변동 출장마사지 | 대전 서구 생활권·지역 이용 안내 | 몽라운지","변동 지역 이용 안내 | 대전 서구 생활권·지역 이용 안내 | 몽라운지","기준으로 가까운 생활권과 귀가·외출 동선을 확인할 수 있도록 지역 정보를 구성했습니다. 대전 서구 변동 출장마사지 이용 전 위치 설명과 이동 범위를 확인하는 데 참고하세요.","기준으로 가까운 생활권과 귀가·외출 동선을 확인할 수 있도록 지역 정보를 구성했습니다. 대전 서구 변동 출장마사지 이용 전 위치 설명과 이동 범위를 확인하는 데 참고하세요.","1","0","1","1"
"동랜딩","massage/복수동-출장마사지-대전-서구-생활권-이동동선-지역정보-이용전-안내/index.html","변경후보","복수동 출장마사지 | 대전 서구 생활권·지역 이용 안내 | 몽라운지","복수동 생활권 안내 | 대전 서구 생활권·지역 이용 안내 | 몽라운지","복수동 주변에서 현재 위치를 파악할 때 필요한 생활권 기준과 지역 선택 방법을 정리했습니다. 대전 서구 복수동 출장마사지 이용 전 가까운 범위와 이용 정보를 확인할 수 있습니다.","복수동 주변에서 현재 위치를 파악할 때 필요한 생활권 기준과 지역 선택 방법을 정리했습니다. 대전 서구 복수동 지역 이용 이용 전 가까운 범위와 이용 정보를 확인할 수 있습니다.","1","0","1","0"
"동랜딩","massage/부사동-출장마사지-대전-중구-생활권-이동동선-지역정보-이용전-안내/index.html","변경후보","부사동 출장마사지 | 대전 중구 생활권·지역 이용 안내 | 몽라운지","부사동 생활권 안내 | 대전 중구 생활권·지역 이용 안내 | 몽라운지","주거권과 일상 이동 범위를 중심으로 지역 정보를 먼저 확인할 수 있게 정리했습니다. 대전 중구 부사동 출장마사지 이용 전 위치와 인접 생활권을 비교해 보세요.","주거권과 일상 이동 범위를 중심으로 지역 정보를 먼저 확인할 수 있게 정리했습니다. 대전 중구 부사동 지역 이용 이용 전 위치와 인접 생활권을 비교해 보세요.","1","0","1","0"
"동랜딩","massage/비래동-출장마사지-대전-대덕구-생활권-이동동선-지역정보-이용전-안내/index.html","변경후보","비래동 출장마사지 | 대전 대덕구 생활권·지역 이용 안내 | 몽라운지","비래동 지역 이용 안내 | 대전 대덕구 생활권·지역 이용 안내 | 몽라운지","다른 생활권으로 이동할 때 참고하기 좋은 지역 기준과 위치 확인 항목을 정리했습니다. 대전 대덕구 비래동 출장마사지 이용 전 지역 범위를 확인하는 안내입니다.","다른 생활권으로 이동할 때 참고하기 좋은 지역 기준과 위치 확인 항목을 정리했습니다. 대전 대덕구 비래동 출장마사지 이용 전 지역 범위를 확인하는 안내입니다.","1","0","1","1"
"동랜딩","massage/산내동-출장마사지-대전-동구-생활권-이동동선-지역정보-이용전-안내/index.html","변경후보","산내동 출장마사지 | 대전 동구 생활권·지역 이용 안내 | 몽라운지","산내동 지역 이용 안내 | 대전 동구 생활권·지역 이용 안내 | 몽라운지","산내동 생활권 안에서 현재 위치와 가까운 지역을 찾기 쉽도록 기본 지역 정보를 구성했습니다. 대전 동구 산내동 출장마사지 이용 전 이동 방향과 주변 생활권을 확인해 보세요.","산내동 생활권 안에서 현재 위치와 가까운 지역을 찾기 쉽도록 기본 지역 정보를 구성했습니다. 대전 동구 산내동 출장마사지 이용 전 이동 방향과 주변 생활권을 확인해 보세요.","1","0","1","1"
"동랜딩","massage/산성동-출장마사지-대전-중구-생활권-이동동선-지역정보-이용전-안내/index.html","변경후보","산성동 출장마사지 | 대전 중구 생활권·지역 이용 안내 | 몽라운지","산성동 출장마사지 | 대전 중구 생활권·지역 이용 안내 | 몽라운지","산성동 주변의 생활권과 이동 흐름을 먼저 살펴보고 현재 위치를 설명하기 좋은 기준을 정리했습니다. 대전 중구 산성동 출장마사지 이용 전 지역 범위와 위치 정보를 확인해 보세요.","산성동 주변의 생활권과 이동 흐름을 먼저 살펴보고 현재 위치를 설명하기 좋은 기준을 정리했습니다. 대전 중구 산성동 생활권 이용 이용 전 지역 범위와 위치 정보를 확인해 보세요.","1","1","1","0"
"동랜딩","massage/삼성동-출장마사지-대전-동구-생활권-이동동선-지역정보-이용전-안내/index.html","변경후보","삼성동 출장마사지 | 대전 동구 생활권·지역 이용 안내 | 몽라운지","삼성동 지역 이용 안내 | 대전 동구 생활권·지역 이용 안내 | 몽라운지","자주 오가는 주거·상업 생활권을 기준으로 위치 확인 방법을 정리했습니다. 대전 동구 삼성동 출장마사지 이용 전 가까운 지역과 이동 범위를 비교할 때 참고할 수 있습니다.","자주 오가는 주거·상업 생활권을 기준으로 위치 확인 방법을 정리했습니다. 대전 동구 삼성동 출장마사지 이용 전 가까운 지역과 이동 범위를 비교할 때 참고할 수 있습니다.","1","0","1","1"
"동랜딩","massage/상대동-출장마사지-대전-유성구-생활권-이동동선-지역정보-이용전-안내/index.html","변경후보","상대동 출장마사지 | 대전 유성구 생활권·지역 이용 안내 | 몽라운지","상대동 생활권 안내 | 대전 유성구 생활권·지역 이용 안내 | 몽라운지","상대동 생활권의 기본적인 이동 방향과 인접 지역 확인 방법을 한 페이지에 정리했습니다. 대전 유성구 상대동 출장마사지 이용 전 현재 위치와 지역 범위를 먼저 확인해 보세요.","상대동 생활권의 기본적인 이동 방향과 인접 지역 확인 방법을 한 페이지에 정리했습니다. 대전 유성구 상대동 지역 이용 이용 전 현재 위치와 지역 범위를 먼저 확인해 보세요.","1","0","1","0"
"동랜딩","massage/석교동-출장마사지-대전-중구-생활권-이동동선-지역정보-이용전-안내/index.html","변경후보","석교동 출장마사지 | 대전 중구 생활권·지역 이용 안내 | 몽라운지","석교동 출장마사지 | 대전 중구 생활권·지역 이용 안내 | 몽라운지","기준으로 가까운 생활권과 귀가·외출 동선을 확인할 수 있도록 지역 정보를 구성했습니다. 대전 중구 석교동 출장마사지 이용 전 위치 설명과 이동 범위를 확인하는 데 참고하세요.","기준으로 가까운 생활권과 귀가·외출 동선을 확인할 수 있도록 지역 정보를 구성했습니다. 대전 중구 석교동 생활권 이용 이용 전 위치 설명과 이동 범위를 확인하는 데 참고하세요.","1","1","1","0"
"동랜딩","massage/석봉동-출장마사지-대전-대덕구-생활권-이동동선-지역정보-이용전-안내/index.html","변경후보","석봉동 출장마사지 | 대전 대덕구 생활권·지역 이용 안내 | 몽라운지","석봉동 생활권 안내 | 대전 대덕구 생활권·지역 이용 안내 | 몽라운지","석봉동 주변에서 현재 위치를 파악할 때 필요한 생활권 기준과 지역 선택 방법을 정리했습니다. 대전 대덕구 석봉동 출장마사지 이용 전 가까운 범위와 이용 정보를 확인할 수 있습니다.","석봉동 주변에서 현재 위치를 파악할 때 필요한 생활권 기준과 지역 선택 방법을 정리했습니다. 대전 대덕구 석봉동 지역 이용 이용 전 가까운 범위와 이용 정보를 확인할 수 있습니다.","1","0","1","0"
"동랜딩","massage/성남동-출장마사지-대전-동구-생활권-이동동선-지역정보-이용전-안내/index.html","변경후보","성남동 출장마사지 | 대전 동구 생활권·지역 이용 안내 | 몽라운지","성남동 지역 이용 안내 | 대전 동구 생활권·지역 이용 안내 | 몽라운지","주거권과 일상 이동 범위를 중심으로 지역 정보를 먼저 확인할 수 있게 정리했습니다. 대전 동구 성남동 출장마사지 이용 전 위치와 인접 생활권을 비교해 보세요.","주거권과 일상 이동 범위를 중심으로 지역 정보를 먼저 확인할 수 있게 정리했습니다. 대전 동구 성남동 출장마사지 이용 전 위치와 인접 생활권을 비교해 보세요.","1","0","1","1"
"동랜딩","massage/송촌동-출장마사지-대전-대덕구-생활권-이동동선-지역정보-이용전-안내/index.html","변경후보","송촌동 출장마사지 | 대전 대덕구 생활권·지역 이용 안내 | 몽라운지","송촌동 출장마사지 | 대전 대덕구 생활권·지역 이용 안내 | 몽라운지","다른 생활권으로 이동할 때 참고하기 좋은 지역 기준과 위치 확인 항목을 정리했습니다. 대전 대덕구 송촌동 출장마사지 이용 전 지역 범위를 확인하는 안내입니다.","다른 생활권으로 이동할 때 참고하기 좋은 지역 기준과 위치 확인 항목을 정리했습니다. 대전 대덕구 송촌동 생활권 이용 이용 전 지역 범위를 확인하는 안내입니다.","1","1","1","0"
"동랜딩","massage/신성동-출장마사지-대전-유성구-생활권-이동동선-지역정보-이용전-안내/index.html","변경후보","신성동 출장마사지 | 대전 유성구 생활권·지역 이용 안내 | 몽라운지","신성동 생활권 안내 | 대전 유성구 생활권·지역 이용 안내 | 몽라운지","신성동 생활권 안에서 현재 위치와 가까운 지역을 찾기 쉽도록 기본 지역 정보를 구성했습니다. 대전 유성구 신성동 출장마사지 이용 전 이동 방향과 주변 생활권을 확인해 보세요.","신성동 생활권 안에서 현재 위치와 가까운 지역을 찾기 쉽도록 기본 지역 정보를 구성했습니다. 대전 유성구 신성동 지역 이용 이용 전 이동 방향과 주변 생활권을 확인해 보세요.","1","0","1","0"
"동랜딩","massage/신인동-출장마사지-대전-동구-생활권-이동동선-지역정보-이용전-안내/index.html","변경후보","신인동 출장마사지 | 대전 동구 생활권·지역 이용 안내 | 몽라운지","신인동 생활권 안내 | 대전 동구 생활권·지역 이용 안내 | 몽라운지","신인동 주변의 생활권과 이동 흐름을 먼저 살펴보고 현재 위치를 설명하기 좋은 기준을 정리했습니다. 대전 동구 신인동 출장마사지 이용 전 지역 범위와 위치 정보를 확인해 보세요.","신인동 주변의 생활권과 이동 흐름을 먼저 살펴보고 현재 위치를 설명하기 좋은 기준을 정리했습니다. 대전 동구 신인동 지역 이용 이용 전 지역 범위와 위치 정보를 확인해 보세요.","1","0","1","0"
"동랜딩","massage/신탄진동-출장마사지-대전-대덕구-생활권-이동동선-지역정보-이용전-안내/index.html","변경후보","신탄진동 출장마사지 | 대전 대덕구 생활권·지역 이용 안내 | 몽라운지","신탄진동 출장마사지 | 대전 대덕구 생활권·지역 이용 안내 | 몽라운지","자주 오가는 주거·상업 생활권을 기준으로 위치 확인 방법을 정리했습니다. 대전 대덕구 신탄진동 출장마사지 이용 전 가까운 지역과 이동 범위를 비교할 때 참고할 수 있습니다.","자주 오가는 주거·상업 생활권을 기준으로 위치 확인 방법을 정리했습니다. 대전 대덕구 신탄진동 생활권 이용 이용 전 가까운 지역과 이동 범위를 비교할 때 참고할 수 있습니다.","1","1","1","0"
"동랜딩","massage/오류동-출장마사지-대전-중구-생활권-이동동선-지역정보-이용전-안내/index.html","변경후보","오류동 출장마사지 | 대전 중구 생활권·지역 이용 안내 | 몽라운지","오류동 생활권 안내 | 대전 중구 생활권·지역 이용 안내 | 몽라운지","오류동 생활권의 기본적인 이동 방향과 인접 지역 확인 방법을 한 페이지에 정리했습니다. 대전 중구 오류동 출장마사지 이용 전 현재 위치와 지역 범위를 먼저 확인해 보세요.","오류동 생활권의 기본적인 이동 방향과 인접 지역 확인 방법을 한 페이지에 정리했습니다. 대전 중구 오류동 지역 이용 이용 전 현재 위치와 지역 범위를 먼저 확인해 보세요.","1","0","1","0"
"동랜딩","massage/오정동-출장마사지-대전-대덕구-생활권-이동동선-지역정보-이용전-안내/index.html","변경후보","오정동 출장마사지 | 대전 대덕구 생활권·지역 이용 안내 | 몽라운지","오정동 지역 이용 안내 | 대전 대덕구 생활권·지역 이용 안내 | 몽라운지","기준으로 가까운 생활권과 귀가·외출 동선을 확인할 수 있도록 지역 정보를 구성했습니다. 대전 대덕구 오정동 출장마사지 이용 전 위치 설명과 이동 범위를 확인하는 데 참고하세요.","기준으로 가까운 생활권과 귀가·외출 동선을 확인할 수 있도록 지역 정보를 구성했습니다. 대전 대덕구 오정동 출장마사지 이용 전 위치 설명과 이동 범위를 확인하는 데 참고하세요.","1","0","1","1"
"동랜딩","massage/온천동-출장마사지-대전-유성구-생활권-이동동선-지역정보-이용전-안내/index.html","변경후보","온천동 출장마사지 | 대전 유성구 생활권·지역 이용 안내 | 몽라운지","온천동 출장마사지 | 대전 유성구 생활권·지역 이용 안내 | 몽라운지","온천동 주변에서 현재 위치를 파악할 때 필요한 생활권 기준과 지역 선택 방법을 정리했습니다. 대전 유성구 온천동 출장마사지 이용 전 가까운 범위와 이용 정보를 확인할 수 있습니다.","온천동 주변에서 현재 위치를 파악할 때 필요한 생활권 기준과 지역 선택 방법을 정리했습니다. 대전 유성구 온천동 생활권 이용 이용 전 가까운 범위와 이용 정보를 확인할 수 있습니다.","1","1","1","0"
"동랜딩","massage/용두동-출장마사지-대전-중구-생활권-이동동선-지역정보-이용전-안내/index.html","변경후보","용두동 출장마사지 | 대전 중구 생활권·지역 이용 안내 | 몽라운지","용두동 생활권 안내 | 대전 중구 생활권·지역 이용 안내 | 몽라운지","주거권과 일상 이동 범위를 중심으로 지역 정보를 먼저 확인할 수 있게 정리했습니다. 대전 중구 용두동 출장마사지 이용 전 위치와 인접 생활권을 비교해 보세요.","주거권과 일상 이동 범위를 중심으로 지역 정보를 먼저 확인할 수 있게 정리했습니다. 대전 중구 용두동 지역 이용 이용 전 위치와 인접 생활권을 비교해 보세요.","1","0","1","0"
"동랜딩","massage/용문동-출장마사지-대전-서구-생활권-이동동선-지역정보-이용전-안내/index.html","변경후보","용문동 출장마사지 | 대전 서구 생활권·지역 이용 안내 | 몽라운지","용문동 출장마사지 | 대전 서구 생활권·지역 이용 안내 | 몽라운지","다른 생활권으로 이동할 때 참고하기 좋은 지역 기준과 위치 확인 항목을 정리했습니다. 대전 서구 용문동 출장마사지 이용 전 지역 범위를 확인하는 안내입니다.","다른 생활권으로 이동할 때 참고하기 좋은 지역 기준과 위치 확인 항목을 정리했습니다. 대전 서구 용문동 생활권 이용 이용 전 지역 범위를 확인하는 안내입니다.","1","1","1","0"
"동랜딩","massage/용운동-출장마사지-대전-동구-생활권-이동동선-지역정보-이용전-안내/index.html","변경후보","용운동 출장마사지 | 대전 동구 생활권·지역 이용 안내 | 몽라운지","용운동 지역 이용 안내 | 대전 동구 생활권·지역 이용 안내 | 몽라운지","용운동 생활권 안에서 현재 위치와 가까운 지역을 찾기 쉽도록 기본 지역 정보를 구성했습니다. 대전 동구 용운동 출장마사지 이용 전 이동 방향과 주변 생활권을 확인해 보세요.","용운동 생활권 안에서 현재 위치와 가까운 지역을 찾기 쉽도록 기본 지역 정보를 구성했습니다. 대전 동구 용운동 출장마사지 이용 전 이동 방향과 주변 생활권을 확인해 보세요.","1","0","1","1"
"동랜딩","massage/용전동-출장마사지-대전-동구-생활권-이동동선-지역정보-이용전-안내/index.html","변경후보","용전동 출장마사지 | 대전 동구 생활권·지역 이용 안내 | 몽라운지","용전동 지역 이용 안내 | 대전 동구 생활권·지역 이용 안내 | 몽라운지","용전동 주변의 생활권과 이동 흐름을 먼저 살펴보고 현재 위치를 설명하기 좋은 기준을 정리했습니다. 대전 동구 용전동 출장마사지 이용 전 지역 범위와 위치 정보를 확인해 보세요.","용전동 주변의 생활권과 이동 흐름을 먼저 살펴보고 현재 위치를 설명하기 좋은 기준을 정리했습니다. 대전 동구 용전동 출장마사지 이용 전 지역 범위와 위치 정보를 확인해 보세요.","1","0","1","1"
"동랜딩","massage/원신흥동-출장마사지-대전-유성구-생활권-이동동선-지역정보-이용전-안내/index.html","변경후보","원신흥동 출장마사지 | 대전 유성구 생활권·지역 이용 안내 | 몽라운지","원신흥동 생활권 안내 | 대전 유성구 생활권·지역 이용 안내 | 몽라운지","자주 오가는 주거·상업 생활권을 기준으로 위치 확인 방법을 정리했습니다. 대전 유성구 원신흥동 출장마사지 이용 전 가까운 지역과 이동 범위를 비교할 때 참고할 수 있습니다.","자주 오가는 주거·상업 생활권을 기준으로 위치 확인 방법을 정리했습니다. 대전 유성구 원신흥동 지역 이용 이용 전 가까운 지역과 이동 범위를 비교할 때 참고할 수 있습니다.","1","0","1","0"
"동랜딩","massage/월평동-출장마사지-대전-서구-생활권-이동동선-지역정보-이용전-안내/index.html","변경후보","월평동 출장마사지 | 대전 서구 생활권·지역 이용 안내 | 몽라운지","월평동 생활권 안내 | 대전 서구 생활권·지역 이용 안내 | 몽라운지","월평동 생활권의 기본적인 이동 방향과 인접 지역 확인 방법을 한 페이지에 정리했습니다. 대전 서구 월평동 출장마사지 이용 전 현재 위치와 지역 범위를 먼저 확인해 보세요.","월평동 생활권의 기본적인 이동 방향과 인접 지역 확인 방법을 한 페이지에 정리했습니다. 대전 서구 월평동 지역 이용 이용 전 현재 위치와 지역 범위를 먼저 확인해 보세요.","1","0","1","0"
"동랜딩","massage/유천동-출장마사지-대전-중구-생활권-이동동선-지역정보-이용전-안내/index.html","변경후보","유천동 출장마사지 | 대전 중구 생활권·지역 이용 안내 | 몽라운지","유천동 생활권 안내 | 대전 중구 생활권·지역 이용 안내 | 몽라운지","기준으로 가까운 생활권과 귀가·외출 동선을 확인할 수 있도록 지역 정보를 구성했습니다. 대전 중구 유천동 출장마사지 이용 전 위치 설명과 이동 범위를 확인하는 데 참고하세요.","기준으로 가까운 생활권과 귀가·외출 동선을 확인할 수 있도록 지역 정보를 구성했습니다. 대전 중구 유천동 지역 이용 이용 전 위치 설명과 이동 범위를 확인하는 데 참고하세요.","1","0","1","0"
"동랜딩","massage/은행선화동-출장마사지-대전-중구-생활권-이동동선-지역정보-이용전-안내/index.html","변경후보","은행선화동 출장마사지 | 대전 중구 생활권·지역 이용 안내 | 몽라운지","은행선화동 지역 이용 안내 | 대전 중구 생활권·지역 이용 안내 | 몽라운지","은행선화동 주변에서 현재 위치를 파악할 때 필요한 생활권 기준과 지역 선택 방법을 정리했습니다. 대전 중구 은행선화동 출장마사지 이용 전 가까운 범위와 이용 정보를 확인할 수 있습니다.","은행선화동 주변에서 현재 위치를 파악할 때 필요한 생활권 기준과 지역 선택 방법을 정리했습니다. 대전 중구 은행선화동 출장마사지 이용 전 가까운 범위와 이용 정보를 확인할 수 있습니다.","1","0","1","1"
"동랜딩","massage/자양동-출장마사지-대전-동구-생활권-이동동선-지역정보-이용전-안내/index.html","변경후보","자양동 출장마사지 | 대전 동구 생활권·지역 이용 안내 | 몽라운지","자양동 지역 이용 안내 | 대전 동구 생활권·지역 이용 안내 | 몽라운지","주거권과 일상 이동 범위를 중심으로 지역 정보를 먼저 확인할 수 있게 정리했습니다. 대전 동구 자양동 출장마사지 이용 전 위치와 인접 생활권을 비교해 보세요.","주거권과 일상 이동 범위를 중심으로 지역 정보를 먼저 확인할 수 있게 정리했습니다. 대전 동구 자양동 출장마사지 이용 전 위치와 인접 생활권을 비교해 보세요.","1","0","1","1"
"동랜딩","massage/전민동-출장마사지-대전-유성구-생활권-이동동선-지역정보-이용전-안내/index.html","변경후보","전민동 출장마사지 | 대전 유성구 생활권·지역 이용 안내 | 몽라운지","전민동 출장마사지 | 대전 유성구 생활권·지역 이용 안내 | 몽라운지","다른 생활권으로 이동할 때 참고하기 좋은 지역 기준과 위치 확인 항목을 정리했습니다. 대전 유성구 전민동 출장마사지 이용 전 지역 범위를 확인하는 안내입니다.","다른 생활권으로 이동할 때 참고하기 좋은 지역 기준과 위치 확인 항목을 정리했습니다. 대전 유성구 전민동 생활권 이용 이용 전 지역 범위를 확인하는 안내입니다.","1","1","1","0"
"동랜딩","massage/정림동-출장마사지-대전-서구-생활권-이동동선-지역정보-이용전-안내/index.html","변경후보","정림동 출장마사지 | 대전 서구 생활권·지역 이용 안내 | 몽라운지","정림동 생활권 안내 | 대전 서구 생활권·지역 이용 안내 | 몽라운지","정림동 생활권 안에서 현재 위치와 가까운 지역을 찾기 쉽도록 기본 지역 정보를 구성했습니다. 대전 서구 정림동 출장마사지 이용 전 이동 방향과 주변 생활권을 확인해 보세요.","정림동 생활권 안에서 현재 위치와 가까운 지역을 찾기 쉽도록 기본 지역 정보를 구성했습니다. 대전 서구 정림동 지역 이용 이용 전 이동 방향과 주변 생활권을 확인해 보세요.","1","0","1","0"
"동랜딩","massage/중리동-출장마사지-대전-대덕구-생활권-이동동선-지역정보-이용전-안내/index.html","변경후보","중리동 출장마사지 | 대전 대덕구 생활권·지역 이용 안내 | 몽라운지","중리동 지역 이용 안내 | 대전 대덕구 생활권·지역 이용 안내 | 몽라운지","중리동 주변의 생활권과 이동 흐름을 먼저 살펴보고 현재 위치를 설명하기 좋은 기준을 정리했습니다. 대전 대덕구 중리동 출장마사지 이용 전 지역 범위와 위치 정보를 확인해 보세요.","중리동 주변의 생활권과 이동 흐름을 먼저 살펴보고 현재 위치를 설명하기 좋은 기준을 정리했습니다. 대전 대덕구 중리동 출장마사지 이용 전 지역 범위와 위치 정보를 확인해 보세요.","1","0","1","1"
"동랜딩","massage/중앙동-출장마사지-대전-동구-생활권-이동동선-지역정보-이용전-안내/index.html","변경후보","중앙동 출장마사지 | 대전 동구 생활권·지역 이용 안내 | 몽라운지","중앙동 출장마사지 | 대전 동구 생활권·지역 이용 안내 | 몽라운지","자주 오가는 주거·상업 생활권을 기준으로 위치 확인 방법을 정리했습니다. 대전 동구 중앙동 출장마사지 이용 전 가까운 지역과 이동 범위를 비교할 때 참고할 수 있습니다.","자주 오가는 주거·상업 생활권을 기준으로 위치 확인 방법을 정리했습니다. 대전 동구 중앙동 생활권 이용 이용 전 가까운 지역과 이동 범위를 비교할 때 참고할 수 있습니다.","1","1","1","0"
"동랜딩","massage/중촌동-출장마사지-대전-중구-생활권-이동동선-지역정보-이용전-안내/index.html","변경후보","중촌동 출장마사지 | 대전 중구 생활권·지역 이용 안내 | 몽라운지","중촌동 생활권 안내 | 대전 중구 생활권·지역 이용 안내 | 몽라운지","중촌동 생활권의 기본적인 이동 방향과 인접 지역 확인 방법을 한 페이지에 정리했습니다. 대전 중구 중촌동 출장마사지 이용 전 현재 위치와 지역 범위를 먼저 확인해 보세요.","중촌동 생활권의 기본적인 이동 방향과 인접 지역 확인 방법을 한 페이지에 정리했습니다. 대전 중구 중촌동 지역 이용 이용 전 현재 위치와 지역 범위를 먼저 확인해 보세요.","1","0","1","0"
"동랜딩","massage/진잠동-출장마사지-대전-유성구-생활권-이동동선-지역정보-이용전-안내/index.html","변경후보","진잠동 출장마사지 | 대전 유성구 생활권·지역 이용 안내 | 몽라운지","진잠동 생활권 안내 | 대전 유성구 생활권·지역 이용 안내 | 몽라운지","기준으로 가까운 생활권과 귀가·외출 동선을 확인할 수 있도록 지역 정보를 구성했습니다. 대전 유성구 진잠동 출장마사지 이용 전 위치 설명과 이동 범위를 확인하는 데 참고하세요.","기준으로 가까운 생활권과 귀가·외출 동선을 확인할 수 있도록 지역 정보를 구성했습니다. 대전 유성구 진잠동 지역 이용 이용 전 위치 설명과 이동 범위를 확인하는 데 참고하세요.","1","0","1","0"
"동랜딩","massage/탄방동-출장마사지-대전-서구-생활권-이동동선-지역정보-이용전-안내/index.html","변경후보","탄방동 출장마사지 | 대전 서구 생활권·지역 이용 안내 | 몽라운지","탄방동 생활권 안내 | 대전 서구 생활권·지역 이용 안내 | 몽라운지","탄방동 주변에서 현재 위치를 파악할 때 필요한 생활권 기준과 지역 선택 방법을 정리했습니다. 대전 서구 탄방동 출장마사지 이용 전 가까운 범위와 이용 정보를 확인할 수 있습니다.","탄방동 주변에서 현재 위치를 파악할 때 필요한 생활권 기준과 지역 선택 방법을 정리했습니다. 대전 서구 탄방동 지역 이용 이용 전 가까운 범위와 이용 정보를 확인할 수 있습니다.","1","0","1","0"
"동랜딩","massage/태평동-출장마사지-대전-중구-생활권-이동동선-지역정보-이용전-안내/index.html","변경후보","태평동 출장마사지 | 대전 중구 생활권·지역 이용 안내 | 몽라운지","태평동 생활권 안내 | 대전 중구 생활권·지역 이용 안내 | 몽라운지","주거권과 일상 이동 범위를 중심으로 지역 정보를 먼저 확인할 수 있게 정리했습니다. 대전 중구 태평동 출장마사지 이용 전 위치와 인접 생활권을 비교해 보세요.","주거권과 일상 이동 범위를 중심으로 지역 정보를 먼저 확인할 수 있게 정리했습니다. 대전 중구 태평동 지역 이용 이용 전 위치와 인접 생활권을 비교해 보세요.","1","0","1","0"
"동랜딩","massage/판암동-출장마사지-대전-동구-생활권-이동동선-지역정보-이용전-안내/index.html","변경후보","판암동 출장마사지 | 대전 동구 생활권·지역 이용 안내 | 몽라운지","판암동 지역 이용 안내 | 대전 동구 생활권·지역 이용 안내 | 몽라운지","다른 생활권으로 이동할 때 참고하기 좋은 지역 기준과 위치 확인 항목을 정리했습니다. 대전 동구 판암동 출장마사지 이용 전 지역 범위를 확인하는 안내입니다.","다른 생활권으로 이동할 때 참고하기 좋은 지역 기준과 위치 확인 항목을 정리했습니다. 대전 동구 판암동 출장마사지 이용 전 지역 범위를 확인하는 안내입니다.","1","0","1","1"
"동랜딩","massage/학하동-출장마사지-대전-유성구-생활권-이동동선-지역정보-이용전-안내/index.html","변경후보","학하동 출장마사지 | 대전 유성구 생활권·지역 이용 안내 | 몽라운지","학하동 생활권 안내 | 대전 유성구 생활권·지역 이용 안내 | 몽라운지","학하동 생활권 안에서 현재 위치와 가까운 지역을 찾기 쉽도록 기본 지역 정보를 구성했습니다. 대전 유성구 학하동 출장마사지 이용 전 이동 방향과 주변 생활권을 확인해 보세요.","학하동 생활권 안에서 현재 위치와 가까운 지역을 찾기 쉽도록 기본 지역 정보를 구성했습니다. 대전 유성구 학하동 지역 이용 이용 전 이동 방향과 주변 생활권을 확인해 보세요.","1","0","1","0"
"동랜딩","massage/홍도동-출장마사지-대전-동구-생활권-이동동선-지역정보-이용전-안내/index.html","변경후보","홍도동 출장마사지 | 대전 동구 생활권·지역 이용 안내 | 몽라운지","홍도동 출장마사지 | 대전 동구 생활권·지역 이용 안내 | 몽라운지","홍도동 주변의 생활권과 이동 흐름을 먼저 살펴보고 현재 위치를 설명하기 좋은 기준을 정리했습니다. 대전 동구 홍도동 출장마사지 이용 전 지역 범위와 위치 정보를 확인해 보세요.","홍도동 주변의 생활권과 이동 흐름을 먼저 살펴보고 현재 위치를 설명하기 좋은 기준을 정리했습니다. 대전 동구 홍도동 생활권 이용 이용 전 지역 범위와 위치 정보를 확인해 보세요.","1","1","1","0"
"동랜딩","massage/회덕동-출장마사지-대전-대덕구-생활권-이동동선-지역정보-이용전-안내/index.html","변경후보","회덕동 출장마사지 | 대전 대덕구 생활권·지역 이용 안내 | 몽라운지","회덕동 생활권 안내 | 대전 대덕구 생활권·지역 이용 안내 | 몽라운지","자주 오가는 주거·상업 생활권을 기준으로 위치 확인 방법을 정리했습니다. 대전 대덕구 회덕동 출장마사지 이용 전 가까운 지역과 이동 범위를 비교할 때 참고할 수 있습니다.","자주 오가는 주거·상업 생활권을 기준으로 위치 확인 방법을 정리했습니다. 대전 대덕구 회덕동 지역 이용 이용 전 가까운 지역과 이동 범위를 비교할 때 참고할 수 있습니다.","1","0","1","0"
"동랜딩","massage/효동-출장마사지-대전-동구-생활권-이동동선-지역정보-이용전-안내/index.html","변경후보","효동 출장마사지 | 대전 동구 생활권·지역 이용 안내 | 몽라운지","효동 지역 이용 안내 | 대전 동구 생활권·지역 이용 안내 | 몽라운지","효동 생활권의 기본적인 이동 방향과 인접 지역 확인 방법을 한 페이지에 정리했습니다. 대전 동구 효동 출장마사지 이용 전 현재 위치와 지역 범위를 먼저 확인해 보세요.","효동 생활권의 기본적인 이동 방향과 인접 지역 확인 방법을 한 페이지에 정리했습니다. 대전 동구 효동 출장마사지 이용 전 현재 위치와 지역 범위를 먼저 확인해 보세요.","1","0","1","1"
"동랜딩","massage/가경동-출장마사지-청주-흥덕구-생활권-이동동선-지역정보-이용전-안내/index.html","변경후보","가경동 출장마사지 | 청주 흥덕구 생활권·지역 이용 안내 | 몽라운지","가경동 생활권 안내 | 청주 흥덕구 생활권·지역 이용 안내 | 몽라운지","기준으로 가까운 생활권과 귀가·외출 동선을 확인할 수 있도록 지역 정보를 구성했습니다. 청주 흥덕구 가경동 출장마사지 이용 전 위치 설명과 이동 범위를 확인하는 데 참고하세요.","기준으로 가까운 생활권과 귀가·외출 동선을 확인할 수 있도록 지역 정보를 구성했습니다. 청주 흥덕구 가경동 지역 이용 이용 전 위치 설명과 이동 범위를 확인하는 데 참고하세요.","1","0","1","0"
"동랜딩","massage/강서동-출장마사지-청주-흥덕구-생활권-이동동선-지역정보-이용전-안내/index.html","변경후보","강서동 출장마사지 | 청주 흥덕구 생활권·지역 이용 안내 | 몽라운지","강서동 출장마사지 | 청주 흥덕구 생활권·지역 이용 안내 | 몽라운지","강서동 주변에서 현재 위치를 파악할 때 필요한 생활권 기준과 지역 선택 방법을 정리했습니다. 청주 흥덕구 강서동 출장마사지 이용 전 가까운 범위와 이용 정보를 확인할 수 있습니다.","강서동 주변에서 현재 위치를 파악할 때 필요한 생활권 기준과 지역 선택 방법을 정리했습니다. 청주 흥덕구 강서동 생활권 이용 이용 전 가까운 범위와 이용 정보를 확인할 수 있습니다.","1","1","1","0"
"동랜딩","massage/금천동-출장마사지-청주-상당구-생활권-이동동선-지역정보-이용전-안내/index.html","변경후보","금천동 출장마사지 | 청주 상당구 생활권·지역 이용 안내 | 몽라운지","금천동 출장마사지 | 청주 상당구 생활권·지역 이용 안내 | 몽라운지","주거권과 일상 이동 범위를 중심으로 지역 정보를 먼저 확인할 수 있게 정리했습니다. 청주 상당구 금천동 출장마사지 이용 전 위치와 인접 생활권을 비교해 보세요.","주거권과 일상 이동 범위를 중심으로 지역 정보를 먼저 확인할 수 있게 정리했습니다. 청주 상당구 금천동 생활권 이용 이용 전 위치와 인접 생활권을 비교해 보세요.","1","1","1","0"
"동랜딩","massage/내덕동-출장마사지-청주-청원구-생활권-이동동선-지역정보-이용전-안내/index.html","변경후보","내덕동 출장마사지 | 청주 청원구 생활권·지역 이용 안내 | 몽라운지","내덕동 지역 이용 안내 | 청주 청원구 생활권·지역 이용 안내 | 몽라운지","다른 생활권으로 이동할 때 참고하기 좋은 지역 기준과 위치 확인 항목을 정리했습니다. 청주 청원구 내덕동 출장마사지 이용 전 지역 범위를 확인하는 안내입니다.","다른 생활권으로 이동할 때 참고하기 좋은 지역 기준과 위치 확인 항목을 정리했습니다. 청주 청원구 내덕동 출장마사지 이용 전 지역 범위를 확인하는 안내입니다.","1","0","1","1"
"동랜딩","massage/모충동-출장마사지-청주-서원구-생활권-이동동선-지역정보-이용전-안내/index.html","변경후보","모충동 출장마사지 | 청주 서원구 생활권·지역 이용 안내 | 몽라운지","모충동 지역 이용 안내 | 청주 서원구 생활권·지역 이용 안내 | 몽라운지","모충동 생활권 안에서 현재 위치와 가까운 지역을 찾기 쉽도록 기본 지역 정보를 구성했습니다. 청주 서원구 모충동 출장마사지 이용 전 이동 방향과 주변 생활권을 확인해 보세요.","모충동 생활권 안에서 현재 위치와 가까운 지역을 찾기 쉽도록 기본 지역 정보를 구성했습니다. 청주 서원구 모충동 출장마사지 이용 전 이동 방향과 주변 생활권을 확인해 보세요.","1","0","1","1"
"동랜딩","massage/복대동-출장마사지-청주-흥덕구-생활권-이동동선-지역정보-이용전-안내/index.html","변경후보","복대동 출장마사지 | 청주 흥덕구 생활권·지역 이용 안내 | 몽라운지","복대동 출장마사지 | 청주 흥덕구 생활권·지역 이용 안내 | 몽라운지","복대동 주변의 생활권과 이동 흐름을 먼저 살펴보고 현재 위치를 설명하기 좋은 기준을 정리했습니다. 청주 흥덕구 복대동 출장마사지 이용 전 지역 범위와 위치 정보를 확인해 보세요.","복대동 주변의 생활권과 이동 흐름을 먼저 살펴보고 현재 위치를 설명하기 좋은 기준을 정리했습니다. 청주 흥덕구 복대동 생활권 이용 이용 전 지역 범위와 위치 정보를 확인해 보세요.","1","1","1","0"
"동랜딩","massage/봉명2.송정동-출장마사지-청주-흥덕구-생활권-이동동선-지역정보-이용전-안내/index.html","변경후보","봉명2.송정동 출장마사지 | 청주 흥덕구 생활권·지역 이용 안내 | 몽라운지","봉명2.송정동 출장마사지 | 청주 흥덕구 생활권·지역 이용 안내 | 몽라운지","자주 오가는 주거·상업 생활권을 기준으로 위치 확인 방법을 정리했습니다. 청주 흥덕구 봉명2.송정동 출장마사지 이용 전 가까운 지역과 이동 범위를 비교할 때 참고할 수 있습니다.","자주 오가는 주거·상업 생활권을 기준으로 위치 확인 방법을 정리했습니다. 청주 흥덕구 봉명2.송정동 생활권 이용 이용 전 가까운 지역과 이동 범위를 비교할 때 참고할 수 있습니다.","1","1","1","0"
"동랜딩","massage/봉명동-출장마사지-청주-흥덕구-생활권-이동동선-지역정보-이용전-안내/index.html","변경후보","봉명동 출장마사지 | 청주 흥덕구 생활권·지역 이용 안내 | 몽라운지","봉명동 지역 이용 안내 | 청주 흥덕구 생활권·지역 이용 안내 | 몽라운지","봉명동 생활권의 기본적인 이동 방향과 인접 지역 확인 방법을 한 페이지에 정리했습니다. 청주 흥덕구 봉명동 출장마사지 이용 전 현재 위치와 지역 범위를 먼저 확인해 보세요.","봉명동 생활권의 기본적인 이동 방향과 인접 지역 확인 방법을 한 페이지에 정리했습니다. 청주 흥덕구 봉명동 출장마사지 이용 전 현재 위치와 지역 범위를 먼저 확인해 보세요.","1","0","1","1"
"동랜딩","massage/분평동-출장마사지-청주-서원구-생활권-이동동선-지역정보-이용전-안내/index.html","변경후보","분평동 출장마사지 | 청주 서원구 생활권·지역 이용 안내 | 몽라운지","분평동 출장마사지 | 청주 서원구 생활권·지역 이용 안내 | 몽라운지","기준으로 가까운 생활권과 귀가·외출 동선을 확인할 수 있도록 지역 정보를 구성했습니다. 청주 서원구 분평동 출장마사지 이용 전 위치 설명과 이동 범위를 확인하는 데 참고하세요.","기준으로 가까운 생활권과 귀가·외출 동선을 확인할 수 있도록 지역 정보를 구성했습니다. 청주 서원구 분평동 생활권 이용 이용 전 위치 설명과 이동 범위를 확인하는 데 참고하세요.","1","1","1","0"
"동랜딩","massage/사직동-출장마사지-청주-서원구-생활권-이동동선-지역정보-이용전-안내/index.html","변경후보","사직동 출장마사지 | 청주 서원구 생활권·지역 이용 안내 | 몽라운지","사직동 지역 이용 안내 | 청주 서원구 생활권·지역 이용 안내 | 몽라운지","사직동 주변에서 현재 위치를 파악할 때 필요한 생활권 기준과 지역 선택 방법을 정리했습니다. 청주 서원구 사직동 출장마사지 이용 전 가까운 범위와 이용 정보를 확인할 수 있습니다.","사직동 주변에서 현재 위치를 파악할 때 필요한 생활권 기준과 지역 선택 방법을 정리했습니다. 청주 서원구 사직동 출장마사지 이용 전 가까운 범위와 이용 정보를 확인할 수 있습니다.","1","0","1","1"
"동랜딩","massage/사창동-출장마사지-청주-서원구-생활권-이동동선-지역정보-이용전-안내/index.html","변경후보","사창동 출장마사지 | 청주 서원구 생활권·지역 이용 안내 | 몽라운지","사창동 지역 이용 안내 | 청주 서원구 생활권·지역 이용 안내 | 몽라운지","주거권과 일상 이동 범위를 중심으로 지역 정보를 먼저 확인할 수 있게 정리했습니다. 청주 서원구 사창동 출장마사지 이용 전 위치와 인접 생활권을 비교해 보세요.","주거권과 일상 이동 범위를 중심으로 지역 정보를 먼저 확인할 수 있게 정리했습니다. 청주 서원구 사창동 출장마사지 이용 전 위치와 인접 생활권을 비교해 보세요.","1","0","1","1"
"동랜딩","massage/산남동-출장마사지-청주-서원구-생활권-이동동선-지역정보-이용전-안내/index.html","변경후보","산남동 출장마사지 | 청주 서원구 생활권·지역 이용 안내 | 몽라운지","산남동 출장마사지 | 청주 서원구 생활권·지역 이용 안내 | 몽라운지","다른 생활권으로 이동할 때 참고하기 좋은 지역 기준과 위치 확인 항목을 정리했습니다. 청주 서원구 산남동 출장마사지 이용 전 지역 범위를 확인하는 안내입니다.","다른 생활권으로 이동할 때 참고하기 좋은 지역 기준과 위치 확인 항목을 정리했습니다. 청주 서원구 산남동 생활권 이용 이용 전 지역 범위를 확인하는 안내입니다.","1","1","1","0"
"동랜딩","massage/성안동-출장마사지-청주-상당구-생활권-이동동선-지역정보-이용전-안내/index.html","변경후보","성안동 출장마사지 | 청주 상당구 생활권·지역 이용 안내 | 몽라운지","성안동 생활권 안내 | 청주 상당구 생활권·지역 이용 안내 | 몽라운지","성안동 생활권 안에서 현재 위치와 가까운 지역을 찾기 쉽도록 기본 지역 정보를 구성했습니다. 청주 상당구 성안동 출장마사지 이용 전 이동 방향과 주변 생활권을 확인해 보세요.","성안동 생활권 안에서 현재 위치와 가까운 지역을 찾기 쉽도록 기본 지역 정보를 구성했습니다. 청주 상당구 성안동 지역 이용 이용 전 이동 방향과 주변 생활권을 확인해 보세요.","1","0","1","0"
"동랜딩","massage/성화.개신.죽림동-출장마사지-청주-서원구-생활권-이동동선-지역정보-이용전-안내/index.html","변경후보","성화.개신.죽림동 출장마사지 | 청주 서원구 생활권·지역 이용 안내 | 몽라운지","성화.개신.죽림동 생활권 안내 | 청주 서원구 생활권·지역 이용 안내 | 몽라운지","성화.개신.죽림동 주변의 생활권과 이동 흐름을 먼저 살펴보고 현재 위치를 설명하기 좋은 기준을 정리했습니다. 청주 서원구 성화.개신.죽림동 출장마사지 이용 전 지역 범위와 위치 정보를 확인해 보세요.","성화.개신.죽림동 주변의 생활권과 이동 흐름을 먼저 살펴보고 현재 위치를 설명하기 좋은 기준을 정리했습니다. 청주 서원구 성화.개신.죽림동 지역 이용 이용 전 지역 범위와 위치 정보를 확인해 보세요.","1","0","1","0"
"동랜딩","massage/수곡동-출장마사지-청주-서원구-생활권-이동동선-지역정보-이용전-안내/index.html","변경후보","수곡동 출장마사지 | 청주 서원구 생활권·지역 이용 안내 | 몽라운지","수곡동 생활권 안내 | 청주 서원구 생활권·지역 이용 안내 | 몽라운지","자주 오가는 주거·상업 생활권을 기준으로 위치 확인 방법을 정리했습니다. 청주 서원구 수곡동 출장마사지 이용 전 가까운 지역과 이동 범위를 비교할 때 참고할 수 있습니다.","자주 오가는 주거·상업 생활권을 기준으로 위치 확인 방법을 정리했습니다. 청주 서원구 수곡동 지역 이용 이용 전 가까운 지역과 이동 범위를 비교할 때 참고할 수 있습니다.","1","0","1","0"
"동랜딩","massage/영운동-출장마사지-청주-상당구-생활권-이동동선-지역정보-이용전-안내/index.html","변경후보","영운동 출장마사지 | 청주 상당구 생활권·지역 이용 안내 | 몽라운지","영운동 생활권 안내 | 청주 상당구 생활권·지역 이용 안내 | 몽라운지","영운동 생활권의 기본적인 이동 방향과 인접 지역 확인 방법을 한 페이지에 정리했습니다. 청주 상당구 영운동 출장마사지 이용 전 현재 위치와 지역 범위를 먼저 확인해 보세요.","영운동 생활권의 기본적인 이동 방향과 인접 지역 확인 방법을 한 페이지에 정리했습니다. 청주 상당구 영운동 지역 이용 이용 전 현재 위치와 지역 범위를 먼저 확인해 보세요.","1","0","1","0"
"동랜딩","massage/오근장동-출장마사지-청주-청원구-생활권-이동동선-지역정보-이용전-안내/index.html","변경후보","오근장동 출장마사지 | 청주 청원구 생활권·지역 이용 안내 | 몽라운지","오근장동 생활권 안내 | 청주 청원구 생활권·지역 이용 안내 | 몽라운지","기준으로 가까운 생활권과 귀가·외출 동선을 확인할 수 있도록 지역 정보를 구성했습니다. 청주 청원구 오근장동 출장마사지 이용 전 위치 설명과 이동 범위를 확인하는 데 참고하세요.","기준으로 가까운 생활권과 귀가·외출 동선을 확인할 수 있도록 지역 정보를 구성했습니다. 청주 청원구 오근장동 지역 이용 이용 전 위치 설명과 이동 범위를 확인하는 데 참고하세요.","1","0","1","0"
"동랜딩","massage/용담.명암.산성동-출장마사지-청주-상당구-생활권-이동동선-지역정보-이용전-안내/index.html","변경후보","용담.명암.산성동 출장마사지 | 청주 상당구 생활권·지역 이용 안내 | 몽라운지","용담.명암.산성동 지역 이용 안내 | 청주 상당구 생활권·지역 이용 안내 | 몽라운지","용담.명암.산성동 주변에서 현재 위치를 파악할 때 필요한 생활권 기준과 지역 선택 방법을 정리했습니다. 청주 상당구 용담.명암.산성동 출장마사지 이용 전 가까운 범위와 이용 정보를 확인할 수 있습니다.","용담.명암.산성동 주변에서 현재 위치를 파악할 때 필요한 생활권 기준과 지역 선택 방법을 정리했습니다. 청주 상당구 용담.명암.산성동 출장마사지 이용 전 가까운 범위와 이용 정보를 확인할 수 있습니다.","1","0","1","1"
"동랜딩","massage/용암동-출장마사지-청주-상당구-생활권-이동동선-지역정보-이용전-안내/index.html","변경후보","용암동 출장마사지 | 청주 상당구 생활권·지역 이용 안내 | 몽라운지","용암동 지역 이용 안내 | 청주 상당구 생활권·지역 이용 안내 | 몽라운지","주거권과 일상 이동 범위를 중심으로 지역 정보를 먼저 확인할 수 있게 정리했습니다. 청주 상당구 용암동 출장마사지 이용 전 위치와 인접 생활권을 비교해 보세요.","주거권과 일상 이동 범위를 중심으로 지역 정보를 먼저 확인할 수 있게 정리했습니다. 청주 상당구 용암동 출장마사지 이용 전 위치와 인접 생활권을 비교해 보세요.","1","0","1","1"
"동랜딩","massage/우암동-출장마사지-청주-청원구-생활권-이동동선-지역정보-이용전-안내/index.html","변경후보","우암동 출장마사지 | 청주 청원구 생활권·지역 이용 안내 | 몽라운지","우암동 출장마사지 | 청주 청원구 생활권·지역 이용 안내 | 몽라운지","다른 생활권으로 이동할 때 참고하기 좋은 지역 기준과 위치 확인 항목을 정리했습니다. 청주 청원구 우암동 출장마사지 이용 전 지역 범위를 확인하는 안내입니다.","다른 생활권으로 이동할 때 참고하기 좋은 지역 기준과 위치 확인 항목을 정리했습니다. 청주 청원구 우암동 생활권 이용 이용 전 지역 범위를 확인하는 안내입니다.","1","1","1","0"
"동랜딩","massage/운천.신봉동-출장마사지-청주-흥덕구-생활권-이동동선-지역정보-이용전-안내/index.html","변경후보","운천.신봉동 출장마사지 | 청주 흥덕구 생활권·지역 이용 안내 | 몽라운지","운천.신봉동 생활권 안내 | 청주 흥덕구 생활권·지역 이용 안내 | 몽라운지","운천.신봉동 생활권 안에서 현재 위치와 가까운 지역을 찾기 쉽도록 기본 지역 정보를 구성했습니다. 청주 흥덕구 운천.신봉동 출장마사지 이용 전 이동 방향과 주변 생활권을 확인해 보세요.","운천.신봉동 생활권 안에서 현재 위치와 가까운 지역을 찾기 쉽도록 기본 지역 정보를 구성했습니다. 청주 흥덕구 운천.신봉동 지역 이용 이용 전 이동 방향과 주변 생활권을 확인해 보세요.","1","0","1","0"
"동랜딩","massage/율량.사천동-출장마사지-청주-청원구-생활권-이동동선-지역정보-이용전-안내/index.html","변경후보","율량.사천동 출장마사지 | 청주 청원구 생활권·지역 이용 안내 | 몽라운지","율량.사천동 출장마사지 | 청주 청원구 생활권·지역 이용 안내 | 몽라운지","율량.사천동 주변의 생활권과 이동 흐름을 먼저 살펴보고 현재 위치를 설명하기 좋은 기준을 정리했습니다. 청주 청원구 율량.사천동 출장마사지 이용 전 지역 범위와 위치 정보를 확인해 보세요.","율량.사천동 주변의 생활권과 이동 흐름을 먼저 살펴보고 현재 위치를 설명하기 좋은 기준을 정리했습니다. 청주 청원구 율량.사천동 생활권 이용 이용 전 지역 범위와 위치 정보를 확인해 보세요.","1","1","1","0"
"동랜딩","massage/중앙동-출장마사지-청주-상당구-생활권-이동동선-지역정보-이용전-안내/index.html","변경후보","중앙동 출장마사지 | 청주 상당구 생활권·지역 이용 안내 | 몽라운지","중앙동 지역 이용 안내 | 청주 상당구 생활권·지역 이용 안내 | 몽라운지","자주 오가는 주거·상업 생활권을 기준으로 위치 확인 방법을 정리했습니다. 청주 상당구 중앙동 출장마사지 이용 전 가까운 지역과 이동 범위를 비교할 때 참고할 수 있습니다.","자주 오가는 주거·상업 생활권을 기준으로 위치 확인 방법을 정리했습니다. 청주 상당구 중앙동 출장마사지 이용 전 가까운 지역과 이동 범위를 비교할 때 참고할 수 있습니다.","1","0","1","1"
"동랜딩","massage/탑대성동-출장마사지-청주-상당구-생활권-이동동선-지역정보-이용전-안내/index.html","변경후보","탑대성동 출장마사지 | 청주 상당구 생활권·지역 이용 안내 | 몽라운지","탑대성동 생활권 안내 | 청주 상당구 생활권·지역 이용 안내 | 몽라운지","탑대성동 생활권의 기본적인 이동 방향과 인접 지역 확인 방법을 한 페이지에 정리했습니다. 청주 상당구 탑대성동 출장마사지 이용 전 현재 위치와 지역 범위를 먼저 확인해 보세요.","탑대성동 생활권의 기본적인 이동 방향과 인접 지역 확인 방법을 한 페이지에 정리했습니다. 청주 상당구 탑대성동 지역 이용 이용 전 현재 위치와 지역 범위를 먼저 확인해 보세요.","1","0","1","0"
"동랜딩","massage/문성동-출장마사지-천안-동남구-생활권-이동동선-지역정보-이용전-안내/index.html","변경후보","문성동 출장마사지 | 천안 동남구 생활권·지역 이용 안내 | 몽라운지","문성동 지역 이용 안내 | 천안 동남구 생활권·지역 이용 안내 | 몽라운지","기준으로 가까운 생활권과 귀가·외출 동선을 확인할 수 있도록 지역 정보를 구성했습니다. 천안 동남구 문성동 출장마사지 이용 전 위치 설명과 이동 범위를 확인하는 데 참고하세요.","기준으로 가까운 생활권과 귀가·외출 동선을 확인할 수 있도록 지역 정보를 구성했습니다. 천안 동남구 문성동 출장마사지 이용 전 위치 설명과 이동 범위를 확인하는 데 참고하세요.","1","0","1","1"
"동랜딩","massage/백석동-출장마사지-천안-서북구-생활권-이동동선-지역정보-이용전-안내/index.html","변경후보","백석동 출장마사지 | 천안 서북구 생활권·지역 이용 안내 | 몽라운지","백석동 생활권 안내 | 천안 서북구 생활권·지역 이용 안내 | 몽라운지","백석동 주변에서 현재 위치를 파악할 때 필요한 생활권 기준과 지역 선택 방법을 정리했습니다. 천안 서북구 백석동 출장마사지 이용 전 가까운 범위와 이용 정보를 확인할 수 있습니다.","백석동 주변에서 현재 위치를 파악할 때 필요한 생활권 기준과 지역 선택 방법을 정리했습니다. 천안 서북구 백석동 지역 이용 이용 전 가까운 범위와 이용 정보를 확인할 수 있습니다.","1","0","1","0"
"동랜딩","massage/봉명동-출장마사지-천안-동남구-생활권-이동동선-지역정보-이용전-안내/index.html","변경후보","봉명동 출장마사지 | 천안 동남구 생활권·지역 이용 안내 | 몽라운지","봉명동 출장마사지 | 천안 동남구 생활권·지역 이용 안내 | 몽라운지","주거권과 일상 이동 범위를 중심으로 지역 정보를 먼저 확인할 수 있게 정리했습니다. 천안 동남구 봉명동 출장마사지 이용 전 위치와 인접 생활권을 비교해 보세요.","주거권과 일상 이동 범위를 중심으로 지역 정보를 먼저 확인할 수 있게 정리했습니다. 천안 동남구 봉명동 생활권 이용 이용 전 위치와 인접 생활권을 비교해 보세요.","1","1","1","0"
"동랜딩","massage/부성동-출장마사지-천안-서북구-생활권-이동동선-지역정보-이용전-안내/index.html","변경후보","부성동 출장마사지 | 천안 서북구 생활권·지역 이용 안내 | 몽라운지","부성동 출장마사지 | 천안 서북구 생활권·지역 이용 안내 | 몽라운지","다른 생활권으로 이동할 때 참고하기 좋은 지역 기준과 위치 확인 항목을 정리했습니다. 천안 서북구 부성동 출장마사지 이용 전 지역 범위를 확인하는 안내입니다.","다른 생활권으로 이동할 때 참고하기 좋은 지역 기준과 위치 확인 항목을 정리했습니다. 천안 서북구 부성동 생활권 이용 이용 전 지역 범위를 확인하는 안내입니다.","1","1","1","0"
"동랜딩","massage/불당동-출장마사지-천안-서북구-생활권-이동동선-지역정보-이용전-안내/index.html","변경후보","불당동 출장마사지 | 천안 서북구 생활권·지역 이용 안내 | 몽라운지","불당동 지역 이용 안내 | 천안 서북구 생활권·지역 이용 안내 | 몽라운지","불당동 생활권 안에서 현재 위치와 가까운 지역을 찾기 쉽도록 기본 지역 정보를 구성했습니다. 천안 서북구 불당동 출장마사지 이용 전 이동 방향과 주변 생활권을 확인해 보세요.","불당동 생활권 안에서 현재 위치와 가까운 지역을 찾기 쉽도록 기본 지역 정보를 구성했습니다. 천안 서북구 불당동 출장마사지 이용 전 이동 방향과 주변 생활권을 확인해 보세요.","1","0","1","1"
"동랜딩","massage/성정동-출장마사지-천안-서북구-생활권-이동동선-지역정보-이용전-안내/index.html","변경후보","성정동 출장마사지 | 천안 서북구 생활권·지역 이용 안내 | 몽라운지","성정동 출장마사지 | 천안 서북구 생활권·지역 이용 안내 | 몽라운지","성정동 주변의 생활권과 이동 흐름을 먼저 살펴보고 현재 위치를 설명하기 좋은 기준을 정리했습니다. 천안 서북구 성정동 출장마사지 이용 전 지역 범위와 위치 정보를 확인해 보세요.","성정동 주변의 생활권과 이동 흐름을 먼저 살펴보고 현재 위치를 설명하기 좋은 기준을 정리했습니다. 천안 서북구 성정동 생활권 이용 이용 전 지역 범위와 위치 정보를 확인해 보세요.","1","1","1","0"
"동랜딩","massage/신방동-출장마사지-천안-동남구-생활권-이동동선-지역정보-이용전-안내/index.html","변경후보","신방동 출장마사지 | 천안 동남구 생활권·지역 이용 안내 | 몽라운지","신방동 지역 이용 안내 | 천안 동남구 생활권·지역 이용 안내 | 몽라운지","자주 오가는 주거·상업 생활권을 기준으로 위치 확인 방법을 정리했습니다. 천안 동남구 신방동 출장마사지 이용 전 가까운 지역과 이동 범위를 비교할 때 참고할 수 있습니다.","자주 오가는 주거·상업 생활권을 기준으로 위치 확인 방법을 정리했습니다. 천안 동남구 신방동 출장마사지 이용 전 가까운 지역과 이동 범위를 비교할 때 참고할 수 있습니다.","1","0","1","1"
"동랜딩","massage/신안동-출장마사지-천안-동남구-생활권-이동동선-지역정보-이용전-안내/index.html","변경후보","신안동 출장마사지 | 천안 동남구 생활권·지역 이용 안내 | 몽라운지","신안동 생활권 안내 | 천안 동남구 생활권·지역 이용 안내 | 몽라운지","신안동 생활권의 기본적인 이동 방향과 인접 지역 확인 방법을 한 페이지에 정리했습니다. 천안 동남구 신안동 출장마사지 이용 전 현재 위치와 지역 범위를 먼저 확인해 보세요.","신안동 생활권의 기본적인 이동 방향과 인접 지역 확인 방법을 한 페이지에 정리했습니다. 천안 동남구 신안동 지역 이용 이용 전 현재 위치와 지역 범위를 먼저 확인해 보세요.","1","0","1","0"
"동랜딩","massage/쌍용동-출장마사지-천안-서북구-생활권-이동동선-지역정보-이용전-안내/index.html","변경후보","쌍용동 출장마사지 | 천안 서북구 생활권·지역 이용 안내 | 몽라운지","쌍용동 지역 이용 안내 | 천안 서북구 생활권·지역 이용 안내 | 몽라운지","기준으로 가까운 생활권과 귀가·외출 동선을 확인할 수 있도록 지역 정보를 구성했습니다. 천안 서북구 쌍용동 출장마사지 이용 전 위치 설명과 이동 범위를 확인하는 데 참고하세요.","기준으로 가까운 생활권과 귀가·외출 동선을 확인할 수 있도록 지역 정보를 구성했습니다. 천안 서북구 쌍용동 출장마사지 이용 전 위치 설명과 이동 범위를 확인하는 데 참고하세요.","1","0","1","1"
"동랜딩","massage/원성동-출장마사지-천안-동남구-생활권-이동동선-지역정보-이용전-안내/index.html","변경후보","원성동 출장마사지 | 천안 동남구 생활권·지역 이용 안내 | 몽라운지","원성동 생활권 안내 | 천안 동남구 생활권·지역 이용 안내 | 몽라운지","원성동 주변에서 현재 위치를 파악할 때 필요한 생활권 기준과 지역 선택 방법을 정리했습니다. 천안 동남구 원성동 출장마사지 이용 전 가까운 범위와 이용 정보를 확인할 수 있습니다.","원성동 주변에서 현재 위치를 파악할 때 필요한 생활권 기준과 지역 선택 방법을 정리했습니다. 천안 동남구 원성동 지역 이용 이용 전 가까운 범위와 이용 정보를 확인할 수 있습니다.","1","0","1","0"
"동랜딩","massage/일봉동-출장마사지-천안-동남구-생활권-이동동선-지역정보-이용전-안내/index.html","변경후보","일봉동 출장마사지 | 천안 동남구 생활권·지역 이용 안내 | 몽라운지","일봉동 지역 이용 안내 | 천안 동남구 생활권·지역 이용 안내 | 몽라운지","주거권과 일상 이동 범위를 중심으로 지역 정보를 먼저 확인할 수 있게 정리했습니다. 천안 동남구 일봉동 출장마사지 이용 전 위치와 인접 생활권을 비교해 보세요.","주거권과 일상 이동 범위를 중심으로 지역 정보를 먼저 확인할 수 있게 정리했습니다. 천안 동남구 일봉동 출장마사지 이용 전 위치와 인접 생활권을 비교해 보세요.","1","0","1","1"
"동랜딩","massage/중앙동-출장마사지-천안-동남구-생활권-이동동선-지역정보-이용전-안내/index.html","변경후보","중앙동 출장마사지 | 천안 동남구 생활권·지역 이용 안내 | 몽라운지","중앙동 생활권 안내 | 천안 동남구 생활권·지역 이용 안내 | 몽라운지","다른 생활권으로 이동할 때 참고하기 좋은 지역 기준과 위치 확인 항목을 정리했습니다. 천안 동남구 중앙동 출장마사지 이용 전 지역 범위를 확인하는 안내입니다.","다른 생활권으로 이동할 때 참고하기 좋은 지역 기준과 위치 확인 항목을 정리했습니다. 천안 동남구 중앙동 지역 이용 이용 전 지역 범위를 확인하는 안내입니다.","1","0","1","0"
"동랜딩","massage/청룡동-출장마사지-천안-동남구-생활권-이동동선-지역정보-이용전-안내/index.html","변경후보","청룡동 출장마사지 | 천안 동남구 생활권·지역 이용 안내 | 몽라운지","청룡동 생활권 안내 | 천안 동남구 생활권·지역 이용 안내 | 몽라운지","청룡동 생활권 안에서 현재 위치와 가까운 지역을 찾기 쉽도록 기본 지역 정보를 구성했습니다. 천안 동남구 청룡동 출장마사지 이용 전 이동 방향과 주변 생활권을 확인해 보세요.","청룡동 생활권 안에서 현재 위치와 가까운 지역을 찾기 쉽도록 기본 지역 정보를 구성했습니다. 천안 동남구 청룡동 지역 이용 이용 전 이동 방향과 주변 생활권을 확인해 보세요.","1","0","1","0"
"동랜딩","massage/고운동-출장마사지-세종-생활권-이동동선-지역정보-이용전-안내/index.html","변경후보","고운동 출장마사지 | 세종 생활권·지역 이용 안내 | 몽라운지","고운동 생활권 안내 | 세종 생활권·지역 이용 안내 | 몽라운지","고운동 주변의 생활권과 이동 흐름을 먼저 살펴보고 현재 위치를 설명하기 좋은 기준을 정리했습니다. 세종 고운동 출장마사지 이용 전 지역 범위와 위치 정보를 확인해 보세요.","고운동 주변의 생활권과 이동 흐름을 먼저 살펴보고 현재 위치를 설명하기 좋은 기준을 정리했습니다. 세종 고운동 지역 이용 이용 전 지역 범위와 위치 정보를 확인해 보세요.","1","0","1","0"
"동랜딩","massage/나성동-출장마사지-세종-생활권-이동동선-지역정보-이용전-안내/index.html","변경후보","나성동 출장마사지 | 세종 생활권·지역 이용 안내 | 몽라운지","나성동 생활권 안내 | 세종 생활권·지역 이용 안내 | 몽라운지","자주 오가는 주거·상업 생활권을 기준으로 위치 확인 방법을 정리했습니다. 세종 나성동 출장마사지 이용 전 가까운 지역과 이동 범위를 비교할 때 참고할 수 있습니다.","자주 오가는 주거·상업 생활권을 기준으로 위치 확인 방법을 정리했습니다. 세종 나성동 지역 이용 이용 전 가까운 지역과 이동 범위를 비교할 때 참고할 수 있습니다.","1","0","1","0"
"동랜딩","massage/다정동-출장마사지-세종-생활권-이동동선-지역정보-이용전-안내/index.html","변경후보","다정동 출장마사지 | 세종 생활권·지역 이용 안내 | 몽라운지","다정동 생활권 안내 | 세종 생활권·지역 이용 안내 | 몽라운지","다정동 생활권의 기본적인 이동 방향과 인접 지역 확인 방법을 한 페이지에 정리했습니다. 세종 다정동 출장마사지 이용 전 현재 위치와 지역 범위를 먼저 확인해 보세요.","다정동 생활권의 기본적인 이동 방향과 인접 지역 확인 방법을 한 페이지에 정리했습니다. 세종 다정동 지역 이용 이용 전 현재 위치와 지역 범위를 먼저 확인해 보세요.","1","0","1","0"
"동랜딩","massage/대평동-출장마사지-세종-생활권-이동동선-지역정보-이용전-안내/index.html","변경후보","대평동 출장마사지 | 세종 생활권·지역 이용 안내 | 몽라운지","대평동 생활권 안내 | 세종 생활권·지역 이용 안내 | 몽라운지","기준으로 가까운 생활권과 귀가·외출 동선을 확인할 수 있도록 지역 정보를 구성했습니다. 세종 대평동 출장마사지 이용 전 위치 설명과 이동 범위를 확인하는 데 참고하세요.","기준으로 가까운 생활권과 귀가·외출 동선을 확인할 수 있도록 지역 정보를 구성했습니다. 세종 대평동 지역 이용 이용 전 위치 설명과 이동 범위를 확인하는 데 참고하세요.","1","0","1","0"
"동랜딩","massage/도담동-출장마사지-세종-생활권-이동동선-지역정보-이용전-안내/index.html","변경후보","도담동 출장마사지 | 세종 생활권·지역 이용 안내 | 몽라운지","도담동 지역 이용 안내 | 세종 생활권·지역 이용 안내 | 몽라운지","도담동 주변에서 현재 위치를 파악할 때 필요한 생활권 기준과 지역 선택 방법을 정리했습니다. 세종 도담동 출장마사지 이용 전 가까운 범위와 이용 정보를 확인할 수 있습니다.","도담동 주변에서 현재 위치를 파악할 때 필요한 생활권 기준과 지역 선택 방법을 정리했습니다. 세종 도담동 출장마사지 이용 전 가까운 범위와 이용 정보를 확인할 수 있습니다.","1","0","1","1"
"동랜딩","massage/반곡동-출장마사지-세종-생활권-이동동선-지역정보-이용전-안내/index.html","변경후보","반곡동 출장마사지 | 세종 생활권·지역 이용 안내 | 몽라운지","반곡동 생활권 안내 | 세종 생활권·지역 이용 안내 | 몽라운지","주거권과 일상 이동 범위를 중심으로 지역 정보를 먼저 확인할 수 있게 정리했습니다. 세종 반곡동 출장마사지 이용 전 위치와 인접 생활권을 비교해 보세요.","주거권과 일상 이동 범위를 중심으로 지역 정보를 먼저 확인할 수 있게 정리했습니다. 세종 반곡동 지역 이용 이용 전 위치와 인접 생활권을 비교해 보세요.","1","0","1","0"
"동랜딩","massage/보람동-출장마사지-세종-생활권-이동동선-지역정보-이용전-안내/index.html","변경후보","보람동 출장마사지 | 세종 생활권·지역 이용 안내 | 몽라운지","보람동 지역 이용 안내 | 세종 생활권·지역 이용 안내 | 몽라운지","다른 생활권으로 이동할 때 참고하기 좋은 지역 기준과 위치 확인 항목을 정리했습니다. 세종 보람동 출장마사지 이용 전 지역 범위를 확인하는 안내입니다.","다른 생활권으로 이동할 때 참고하기 좋은 지역 기준과 위치 확인 항목을 정리했습니다. 세종 보람동 출장마사지 이용 전 지역 범위를 확인하는 안내입니다.","1","0","1","1"
"동랜딩","massage/새롬동-출장마사지-세종-생활권-이동동선-지역정보-이용전-안내/index.html","변경후보","새롬동 출장마사지 | 세종 생활권·지역 이용 안내 | 몽라운지","새롬동 생활권 안내 | 세종 생활권·지역 이용 안내 | 몽라운지","새롬동 생활권 안에서 현재 위치와 가까운 지역을 찾기 쉽도록 기본 지역 정보를 구성했습니다. 세종 새롬동 출장마사지 이용 전 이동 방향과 주변 생활권을 확인해 보세요.","새롬동 생활권 안에서 현재 위치와 가까운 지역을 찾기 쉽도록 기본 지역 정보를 구성했습니다. 세종 새롬동 지역 이용 이용 전 이동 방향과 주변 생활권을 확인해 보세요.","1","0","1","0"
"동랜딩","massage/소담동-출장마사지-세종-생활권-이동동선-지역정보-이용전-안내/index.html","변경후보","소담동 출장마사지 | 세종 생활권·지역 이용 안내 | 몽라운지","소담동 지역 이용 안내 | 세종 생활권·지역 이용 안내 | 몽라운지","소담동 주변의 생활권과 이동 흐름을 먼저 살펴보고 현재 위치를 설명하기 좋은 기준을 정리했습니다. 세종 소담동 출장마사지 이용 전 지역 범위와 위치 정보를 확인해 보세요.","소담동 주변의 생활권과 이동 흐름을 먼저 살펴보고 현재 위치를 설명하기 좋은 기준을 정리했습니다. 세종 소담동 출장마사지 이용 전 지역 범위와 위치 정보를 확인해 보세요.","1","0","1","1"
"동랜딩","massage/아름동-출장마사지-세종-생활권-이동동선-지역정보-이용전-안내/index.html","변경후보","아름동 출장마사지 | 세종 생활권·지역 이용 안내 | 몽라운지","아름동 생활권 안내 | 세종 생활권·지역 이용 안내 | 몽라운지","자주 오가는 주거·상업 생활권을 기준으로 위치 확인 방법을 정리했습니다. 세종 아름동 출장마사지 이용 전 가까운 지역과 이동 범위를 비교할 때 참고할 수 있습니다.","자주 오가는 주거·상업 생활권을 기준으로 위치 확인 방법을 정리했습니다. 세종 아름동 지역 이용 이용 전 가까운 지역과 이동 범위를 비교할 때 참고할 수 있습니다.","1","0","1","0"
"동랜딩","massage/어진동-출장마사지-세종-생활권-이동동선-지역정보-이용전-안내/index.html","변경후보","어진동 출장마사지 | 세종 생활권·지역 이용 안내 | 몽라운지","어진동 생활권 안내 | 세종 생활권·지역 이용 안내 | 몽라운지","어진동 생활권의 기본적인 이동 방향과 인접 지역 확인 방법을 한 페이지에 정리했습니다. 세종 어진동 출장마사지 이용 전 현재 위치와 지역 범위를 먼저 확인해 보세요.","어진동 생활권의 기본적인 이동 방향과 인접 지역 확인 방법을 한 페이지에 정리했습니다. 세종 어진동 지역 이용 이용 전 현재 위치와 지역 범위를 먼저 확인해 보세요.","1","0","1","0"
"동랜딩","massage/종촌동-출장마사지-세종-생활권-이동동선-지역정보-이용전-안내/index.html","변경후보","종촌동 출장마사지 | 세종 생활권·지역 이용 안내 | 몽라운지","종촌동 출장마사지 | 세종 생활권·지역 이용 안내 | 몽라운지","기준으로 가까운 생활권과 귀가·외출 동선을 확인할 수 있도록 지역 정보를 구성했습니다. 세종 종촌동 출장마사지 이용 전 위치 설명과 이동 범위를 확인하는 데 참고하세요.","기준으로 가까운 생활권과 귀가·외출 동선을 확인할 수 있도록 지역 정보를 구성했습니다. 세종 종촌동 생활권 이용 이용 전 위치 설명과 이동 범위를 확인하는 데 참고하세요.","1","1","1","0"
"동랜딩","massage/집현동-출장마사지-세종-생활권-이동동선-지역정보-이용전-안내/index.html","변경후보","집현동 출장마사지 | 세종 생활권·지역 이용 안내 | 몽라운지","집현동 출장마사지 | 세종 생활권·지역 이용 안내 | 몽라운지","집현동 주변에서 현재 위치를 파악할 때 필요한 생활권 기준과 지역 선택 방법을 정리했습니다. 세종 집현동 출장마사지 이용 전 가까운 범위와 이용 정보를 확인할 수 있습니다.","집현동 주변에서 현재 위치를 파악할 때 필요한 생활권 기준과 지역 선택 방법을 정리했습니다. 세종 집현동 생활권 이용 이용 전 가까운 범위와 이용 정보를 확인할 수 있습니다.","1","1","1","0"
"동랜딩","massage/한솔동-출장마사지-세종-생활권-이동동선-지역정보-이용전-안내/index.html","변경후보","한솔동 출장마사지 | 세종 생활권·지역 이용 안내 | 몽라운지","한솔동 출장마사지 | 세종 생활권·지역 이용 안내 | 몽라운지","주거권과 일상 이동 범위를 중심으로 지역 정보를 먼저 확인할 수 있게 정리했습니다. 세종 한솔동 출장마사지 이용 전 위치와 인접 생활권을 비교해 보세요.","주거권과 일상 이동 범위를 중심으로 지역 정보를 먼저 확인할 수 있게 정리했습니다. 세종 한솔동 생활권 이용 이용 전 위치와 인접 생활권을 비교해 보세요.","1","1","1","0"
"동랜딩","massage/해밀동-출장마사지-세종-생활권-이동동선-지역정보-이용전-안내/index.html","변경후보","해밀동 출장마사지 | 세종 생활권·지역 이용 안내 | 몽라운지","해밀동 출장마사지 | 세종 생활권·지역 이용 안내 | 몽라운지","다른 생활권으로 이동할 때 참고하기 좋은 지역 기준과 위치 확인 항목을 정리했습니다. 세종 해밀동 출장마사지 이용 전 지역 범위를 확인하는 안내입니다.","다른 생활권으로 이동할 때 참고하기 좋은 지역 기준과 위치 확인 항목을 정리했습니다. 세종 해밀동 생활권 이용 이용 전 지역 범위를 확인하는 안내입니다.","1","1","1","0"
"동랜딩","massage/가음정동-출장마사지-창원-성산구-생활권-이동동선-지역정보-이용전-안내/index.html","변경후보","가음정동 출장마사지 | 창원 성산구 생활권·지역 이용 안내 | 몽라운지","가음정동 출장마사지 | 창원 성산구 생활권·지역 이용 안내 | 몽라운지","가음정동 생활권 안에서 현재 위치와 가까운 지역을 찾기 쉽도록 기본 지역 정보를 구성했습니다. 창원 성산구 가음정동 출장마사지 이용 전 이동 방향과 주변 생활권을 확인해 보세요.","가음정동 생활권 안에서 현재 위치와 가까운 지역을 찾기 쉽도록 기본 지역 정보를 구성했습니다. 창원 성산구 가음정동 생활권 이용 이용 전 이동 방향과 주변 생활권을 확인해 보세요.","1","1","1","0"
"동랜딩","massage/가포동-출장마사지-창원-마산합포구-생활권-이동동선-지역정보-이용전-안내/index.html","변경후보","가포동 출장마사지 | 창원 마산합포구 생활권·지역 이용 안내 | 몽라운지","가포동 지역 이용 안내 | 창원 마산합포구 생활권·지역 이용 안내 | 몽라운지","가포동 주변의 생활권과 이동 흐름을 먼저 살펴보고 현재 위치를 설명하기 좋은 기준을 정리했습니다. 창원 마산합포구 가포동 출장마사지 이용 전 지역 범위와 위치 정보를 확인해 보세요.","가포동 주변의 생활권과 이동 흐름을 먼저 살펴보고 현재 위치를 설명하기 좋은 기준을 정리했습니다. 창원 마산합포구 가포동 출장마사지 이용 전 지역 범위와 위치 정보를 확인해 보세요.","1","0","1","1"
"동랜딩","massage/경화동-출장마사지-창원-진해구-생활권-이동동선-지역정보-이용전-안내/index.html","변경후보","경화동 출장마사지 | 창원 진해구 생활권·지역 이용 안내 | 몽라운지","경화동 생활권 안내 | 창원 진해구 생활권·지역 이용 안내 | 몽라운지","자주 오가는 주거·상업 생활권을 기준으로 위치 확인 방법을 정리했습니다. 창원 진해구 경화동 출장마사지 이용 전 가까운 지역과 이동 범위를 비교할 때 참고할 수 있습니다.","자주 오가는 주거·상업 생활권을 기준으로 위치 확인 방법을 정리했습니다. 창원 진해구 경화동 지역 이용 이용 전 가까운 지역과 이동 범위를 비교할 때 참고할 수 있습니다.","1","0","1","0"
"동랜딩","massage/교방동-출장마사지-창원-마산합포구-생활권-이동동선-지역정보-이용전-안내/index.html","변경후보","교방동 출장마사지 | 창원 마산합포구 생활권·지역 이용 안내 | 몽라운지","교방동 생활권 안내 | 창원 마산합포구 생활권·지역 이용 안내 | 몽라운지","교방동 생활권의 기본적인 이동 방향과 인접 지역 확인 방법을 한 페이지에 정리했습니다. 창원 마산합포구 교방동 출장마사지 이용 전 현재 위치와 지역 범위를 먼저 확인해 보세요.","교방동 생활권의 기본적인 이동 방향과 인접 지역 확인 방법을 한 페이지에 정리했습니다. 창원 마산합포구 교방동 지역 이용 이용 전 현재 위치와 지역 범위를 먼저 확인해 보세요.","1","0","1","0"
"동랜딩","massage/구암동-출장마사지-창원-마산회원구-생활권-이동동선-지역정보-이용전-안내/index.html","변경후보","구암동 출장마사지 | 창원 마산회원구 생활권·지역 이용 안내 | 몽라운지","구암동 생활권 안내 | 창원 마산회원구 생활권·지역 이용 안내 | 몽라운지","기준으로 가까운 생활권과 귀가·외출 동선을 확인할 수 있도록 지역 정보를 구성했습니다. 창원 마산회원구 구암동 출장마사지 이용 전 위치 설명과 이동 범위를 확인하는 데 참고하세요.","기준으로 가까운 생활권과 귀가·외출 동선을 확인할 수 있도록 지역 정보를 구성했습니다. 창원 마산회원구 구암동 지역 이용 이용 전 위치 설명과 이동 범위를 확인하는 데 참고하세요.","1","0","1","0"
"동랜딩","massage/덕산동-출장마사지-창원-진해구-생활권-이동동선-지역정보-이용전-안내/index.html","변경후보","덕산동 출장마사지 | 창원 진해구 생활권·지역 이용 안내 | 몽라운지","덕산동 생활권 안내 | 창원 진해구 생활권·지역 이용 안내 | 몽라운지","덕산동 주변에서 현재 위치를 파악할 때 필요한 생활권 기준과 지역 선택 방법을 정리했습니다. 창원 진해구 덕산동 출장마사지 이용 전 가까운 범위와 이용 정보를 확인할 수 있습니다.","덕산동 주변에서 현재 위치를 파악할 때 필요한 생활권 기준과 지역 선택 방법을 정리했습니다. 창원 진해구 덕산동 지역 이용 이용 전 가까운 범위와 이용 정보를 확인할 수 있습니다.","1","0","1","0"
"동랜딩","massage/명곡동-출장마사지-창원-의창구-생활권-이동동선-지역정보-이용전-안내/index.html","변경후보","명곡동 출장마사지 | 창원 의창구 생활권·지역 이용 안내 | 몽라운지","명곡동 생활권 안내 | 창원 의창구 생활권·지역 이용 안내 | 몽라운지","주거권과 일상 이동 범위를 중심으로 지역 정보를 먼저 확인할 수 있게 정리했습니다. 창원 의창구 명곡동 출장마사지 이용 전 위치와 인접 생활권을 비교해 보세요.","주거권과 일상 이동 범위를 중심으로 지역 정보를 먼저 확인할 수 있게 정리했습니다. 창원 의창구 명곡동 지역 이용 이용 전 위치와 인접 생활권을 비교해 보세요.","1","0","1","0"
"동랜딩","massage/문화동-출장마사지-창원-마산합포구-생활권-이동동선-지역정보-이용전-안내/index.html","변경후보","문화동 출장마사지 | 창원 마산합포구 생활권·지역 이용 안내 | 몽라운지","문화동 지역 이용 안내 | 창원 마산합포구 생활권·지역 이용 안내 | 몽라운지","다른 생활권으로 이동할 때 참고하기 좋은 지역 기준과 위치 확인 항목을 정리했습니다. 창원 마산합포구 문화동 출장마사지 이용 전 지역 범위를 확인하는 안내입니다.","다른 생활권으로 이동할 때 참고하기 좋은 지역 기준과 위치 확인 항목을 정리했습니다. 창원 마산합포구 문화동 출장마사지 이용 전 지역 범위를 확인하는 안내입니다.","1","0","1","1"
"동랜딩","massage/반송동-출장마사지-창원-성산구-생활권-이동동선-지역정보-이용전-안내/index.html","변경후보","반송동 출장마사지 | 창원 성산구 생활권·지역 이용 안내 | 몽라운지","반송동 출장마사지 | 창원 성산구 생활권·지역 이용 안내 | 몽라운지","반송동 생활권 안에서 현재 위치와 가까운 지역을 찾기 쉽도록 기본 지역 정보를 구성했습니다. 창원 성산구 반송동 출장마사지 이용 전 이동 방향과 주변 생활권을 확인해 보세요.","반송동 생활권 안에서 현재 위치와 가까운 지역을 찾기 쉽도록 기본 지역 정보를 구성했습니다. 창원 성산구 반송동 생활권 이용 이용 전 이동 방향과 주변 생활권을 확인해 보세요.","1","1","1","0"
"동랜딩","massage/반월중앙동-출장마사지-창원-마산합포구-생활권-이동동선-지역정보-이용전-안내/index.html","변경후보","반월중앙동 출장마사지 | 창원 마산합포구 생활권·지역 이용 안내 | 몽라운지","반월중앙동 지역 이용 안내 | 창원 마산합포구 생활권·지역 이용 안내 | 몽라운지","반월중앙동 주변의 생활권과 이동 흐름을 먼저 살펴보고 현재 위치를 설명하기 좋은 기준을 정리했습니다. 창원 마산합포구 반월중앙동 출장마사지 이용 전 지역 범위와 위치 정보를 확인해 보세요.","반월중앙동 주변의 생활권과 이동 흐름을 먼저 살펴보고 현재 위치를 설명하기 좋은 기준을 정리했습니다. 창원 마산합포구 반월중앙동 출장마사지 이용 전 지역 범위와 위치 정보를 확인해 보세요.","1","0","1","1"
"동랜딩","massage/병암동-출장마사지-창원-진해구-생활권-이동동선-지역정보-이용전-안내/index.html","변경후보","병암동 출장마사지 | 창원 진해구 생활권·지역 이용 안내 | 몽라운지","병암동 출장마사지 | 창원 진해구 생활권·지역 이용 안내 | 몽라운지","자주 오가는 주거·상업 생활권을 기준으로 위치 확인 방법을 정리했습니다. 창원 진해구 병암동 출장마사지 이용 전 가까운 지역과 이동 범위를 비교할 때 참고할 수 있습니다.","자주 오가는 주거·상업 생활권을 기준으로 위치 확인 방법을 정리했습니다. 창원 진해구 병암동 생활권 이용 이용 전 가까운 지역과 이동 범위를 비교할 때 참고할 수 있습니다.","1","1","1","0"
"동랜딩","massage/봉림동-출장마사지-창원-의창구-생활권-이동동선-지역정보-이용전-안내/index.html","변경후보","봉림동 출장마사지 | 창원 의창구 생활권·지역 이용 안내 | 몽라운지","봉림동 지역 이용 안내 | 창원 의창구 생활권·지역 이용 안내 | 몽라운지","봉림동 생활권의 기본적인 이동 방향과 인접 지역 확인 방법을 한 페이지에 정리했습니다. 창원 의창구 봉림동 출장마사지 이용 전 현재 위치와 지역 범위를 먼저 확인해 보세요.","봉림동 생활권의 기본적인 이동 방향과 인접 지역 확인 방법을 한 페이지에 정리했습니다. 창원 의창구 봉림동 출장마사지 이용 전 현재 위치와 지역 범위를 먼저 확인해 보세요.","1","0","1","1"
"동랜딩","massage/봉암동-출장마사지-창원-마산회원구-생활권-이동동선-지역정보-이용전-안내/index.html","변경후보","봉암동 출장마사지 | 창원 마산회원구 생활권·지역 이용 안내 | 몽라운지","봉암동 출장마사지 | 창원 마산회원구 생활권·지역 이용 안내 | 몽라운지","기준으로 가까운 생활권과 귀가·외출 동선을 확인할 수 있도록 지역 정보를 구성했습니다. 창원 마산회원구 봉암동 출장마사지 이용 전 위치 설명과 이동 범위를 확인하는 데 참고하세요.","기준으로 가까운 생활권과 귀가·외출 동선을 확인할 수 있도록 지역 정보를 구성했습니다. 창원 마산회원구 봉암동 생활권 이용 이용 전 위치 설명과 이동 범위를 확인하는 데 참고하세요.","1","1","1","0"
"동랜딩","massage/사파동-출장마사지-창원-성산구-생활권-이동동선-지역정보-이용전-안내/index.html","변경후보","사파동 출장마사지 | 창원 성산구 생활권·지역 이용 안내 | 몽라운지","사파동 출장마사지 | 창원 성산구 생활권·지역 이용 안내 | 몽라운지","사파동 주변에서 현재 위치를 파악할 때 필요한 생활권 기준과 지역 선택 방법을 정리했습니다. 창원 성산구 사파동 출장마사지 이용 전 가까운 범위와 이용 정보를 확인할 수 있습니다.","사파동 주변에서 현재 위치를 파악할 때 필요한 생활권 기준과 지역 선택 방법을 정리했습니다. 창원 성산구 사파동 생활권 이용 이용 전 가까운 범위와 이용 정보를 확인할 수 있습니다.","1","1","1","0"
"동랜딩","massage/산호동-출장마사지-창원-마산합포구-생활권-이동동선-지역정보-이용전-안내/index.html","변경후보","산호동 출장마사지 | 창원 마산합포구 생활권·지역 이용 안내 | 몽라운지","산호동 생활권 안내 | 창원 마산합포구 생활권·지역 이용 안내 | 몽라운지","주거권과 일상 이동 범위를 중심으로 지역 정보를 먼저 확인할 수 있게 정리했습니다. 창원 마산합포구 산호동 출장마사지 이용 전 위치와 인접 생활권을 비교해 보세요.","주거권과 일상 이동 범위를 중심으로 지역 정보를 먼저 확인할 수 있게 정리했습니다. 창원 마산합포구 산호동 지역 이용 이용 전 위치와 인접 생활권을 비교해 보세요.","1","0","1","0"
"동랜딩","massage/상남동-출장마사지-창원-성산구-생활권-이동동선-지역정보-이용전-안내/index.html","변경후보","상남동 출장마사지 | 창원 성산구 생활권·지역 이용 안내 | 몽라운지","상남동 지역 이용 안내 | 창원 성산구 생활권·지역 이용 안내 | 몽라운지","다른 생활권으로 이동할 때 참고하기 좋은 지역 기준과 위치 확인 항목을 정리했습니다. 창원 성산구 상남동 출장마사지 이용 전 지역 범위를 확인하는 안내입니다.","다른 생활권으로 이동할 때 참고하기 좋은 지역 기준과 위치 확인 항목을 정리했습니다. 창원 성산구 상남동 출장마사지 이용 전 지역 범위를 확인하는 안내입니다.","1","0","1","1"
"동랜딩","massage/석동-출장마사지-창원-진해구-생활권-이동동선-지역정보-이용전-안내/index.html","변경후보","석동 출장마사지 | 창원 진해구 생활권·지역 이용 안내 | 몽라운지","석동 출장마사지 | 창원 진해구 생활권·지역 이용 안내 | 몽라운지","석동 생활권 안에서 현재 위치와 가까운 지역을 찾기 쉽도록 기본 지역 정보를 구성했습니다. 창원 진해구 석동 출장마사지 이용 전 이동 방향과 주변 생활권을 확인해 보세요.","석동 생활권 안에서 현재 위치와 가까운 지역을 찾기 쉽도록 기본 지역 정보를 구성했습니다. 창원 진해구 석동 생활권 이용 이용 전 이동 방향과 주변 생활권을 확인해 보세요.","1","1","1","0"
"동랜딩","massage/석전동-출장마사지-창원-마산회원구-생활권-이동동선-지역정보-이용전-안내/index.html","변경후보","석전동 출장마사지 | 창원 마산회원구 생활권·지역 이용 안내 | 몽라운지","석전동 지역 이용 안내 | 창원 마산회원구 생활권·지역 이용 안내 | 몽라운지","석전동 주변의 생활권과 이동 흐름을 먼저 살펴보고 현재 위치를 설명하기 좋은 기준을 정리했습니다. 창원 마산회원구 석전동 출장마사지 이용 전 지역 범위와 위치 정보를 확인해 보세요.","석전동 주변의 생활권과 이동 흐름을 먼저 살펴보고 현재 위치를 설명하기 좋은 기준을 정리했습니다. 창원 마산회원구 석전동 출장마사지 이용 전 지역 범위와 위치 정보를 확인해 보세요.","1","0","1","1"
"동랜딩","massage/성주동-출장마사지-창원-성산구-생활권-이동동선-지역정보-이용전-안내/index.html","변경후보","성주동 출장마사지 | 창원 성산구 생활권·지역 이용 안내 | 몽라운지","성주동 생활권 안내 | 창원 성산구 생활권·지역 이용 안내 | 몽라운지","자주 오가는 주거·상업 생활권을 기준으로 위치 확인 방법을 정리했습니다. 창원 성산구 성주동 출장마사지 이용 전 가까운 지역과 이동 범위를 비교할 때 참고할 수 있습니다.","자주 오가는 주거·상업 생활권을 기준으로 위치 확인 방법을 정리했습니다. 창원 성산구 성주동 지역 이용 이용 전 가까운 지역과 이동 범위를 비교할 때 참고할 수 있습니다.","1","0","1","0"
"동랜딩","massage/양덕동-출장마사지-창원-마산회원구-생활권-이동동선-지역정보-이용전-안내/index.html","변경후보","양덕동 출장마사지 | 창원 마산회원구 생활권·지역 이용 안내 | 몽라운지","양덕동 지역 이용 안내 | 창원 마산회원구 생활권·지역 이용 안내 | 몽라운지","양덕동 생활권의 기본적인 이동 방향과 인접 지역 확인 방법을 한 페이지에 정리했습니다. 창원 마산회원구 양덕동 출장마사지 이용 전 현재 위치와 지역 범위를 먼저 확인해 보세요.","양덕동 생활권의 기본적인 이동 방향과 인접 지역 확인 방법을 한 페이지에 정리했습니다. 창원 마산회원구 양덕동 출장마사지 이용 전 현재 위치와 지역 범위를 먼저 확인해 보세요.","1","0","1","1"
"동랜딩","massage/여좌동-출장마사지-창원-진해구-생활권-이동동선-지역정보-이용전-안내/index.html","변경후보","여좌동 출장마사지 | 창원 진해구 생활권·지역 이용 안내 | 몽라운지","여좌동 생활권 안내 | 창원 진해구 생활권·지역 이용 안내 | 몽라운지","기준으로 가까운 생활권과 귀가·외출 동선을 확인할 수 있도록 지역 정보를 구성했습니다. 창원 진해구 여좌동 출장마사지 이용 전 위치 설명과 이동 범위를 확인하는 데 참고하세요.","기준으로 가까운 생활권과 귀가·외출 동선을 확인할 수 있도록 지역 정보를 구성했습니다. 창원 진해구 여좌동 지역 이용 이용 전 위치 설명과 이동 범위를 확인하는 데 참고하세요.","1","0","1","0"
"동랜딩","massage/오동동-출장마사지-창원-마산합포구-생활권-이동동선-지역정보-이용전-안내/index.html","변경후보","오동동 출장마사지 | 창원 마산합포구 생활권·지역 이용 안내 | 몽라운지","오동동 출장마사지 | 창원 마산합포구 생활권·지역 이용 안내 | 몽라운지","오동동 주변에서 현재 위치를 파악할 때 필요한 생활권 기준과 지역 선택 방법을 정리했습니다. 창원 마산합포구 오동동 출장마사지 이용 전 가까운 범위와 이용 정보를 확인할 수 있습니다.","오동동 주변에서 현재 위치를 파악할 때 필요한 생활권 기준과 지역 선택 방법을 정리했습니다. 창원 마산합포구 오동동 생활권 이용 이용 전 가까운 범위와 이용 정보를 확인할 수 있습니다.","1","1","1","0"
"동랜딩","massage/완월동-출장마사지-창원-마산합포구-생활권-이동동선-지역정보-이용전-안내/index.html","변경후보","완월동 출장마사지 | 창원 마산합포구 생활권·지역 이용 안내 | 몽라운지","완월동 지역 이용 안내 | 창원 마산합포구 생활권·지역 이용 안내 | 몽라운지","주거권과 일상 이동 범위를 중심으로 지역 정보를 먼저 확인할 수 있게 정리했습니다. 창원 마산합포구 완월동 출장마사지 이용 전 위치와 인접 생활권을 비교해 보세요.","주거권과 일상 이동 범위를 중심으로 지역 정보를 먼저 확인할 수 있게 정리했습니다. 창원 마산합포구 완월동 출장마사지 이용 전 위치와 인접 생활권을 비교해 보세요.","1","0","1","1"
"동랜딩","massage/용지동-출장마사지-창원-성산구-생활권-이동동선-지역정보-이용전-안내/index.html","변경후보","용지동 출장마사지 | 창원 성산구 생활권·지역 이용 안내 | 몽라운지","용지동 생활권 안내 | 창원 성산구 생활권·지역 이용 안내 | 몽라운지","다른 생활권으로 이동할 때 참고하기 좋은 지역 기준과 위치 확인 항목을 정리했습니다. 창원 성산구 용지동 출장마사지 이용 전 지역 범위를 확인하는 안내입니다.","다른 생활권으로 이동할 때 참고하기 좋은 지역 기준과 위치 확인 항목을 정리했습니다. 창원 성산구 용지동 지역 이용 이용 전 지역 범위를 확인하는 안내입니다.","1","0","1","0"
"동랜딩","massage/웅남동-출장마사지-창원-성산구-생활권-이동동선-지역정보-이용전-안내/index.html","변경후보","웅남동 출장마사지 | 창원 성산구 생활권·지역 이용 안내 | 몽라운지","웅남동 생활권 안내 | 창원 성산구 생활권·지역 이용 안내 | 몽라운지","웅남동 생활권 안에서 현재 위치와 가까운 지역을 찾기 쉽도록 기본 지역 정보를 구성했습니다. 창원 성산구 웅남동 출장마사지 이용 전 이동 방향과 주변 생활권을 확인해 보세요.","웅남동 생활권 안에서 현재 위치와 가까운 지역을 찾기 쉽도록 기본 지역 정보를 구성했습니다. 창원 성산구 웅남동 지역 이용 이용 전 이동 방향과 주변 생활권을 확인해 보세요.","1","0","1","0"
"동랜딩","massage/웅동동-출장마사지-창원-진해구-생활권-이동동선-지역정보-이용전-안내/index.html","변경후보","웅동동 출장마사지 | 창원 진해구 생활권·지역 이용 안내 | 몽라운지","웅동동 생활권 안내 | 창원 진해구 생활권·지역 이용 안내 | 몽라운지","웅동동 주변의 생활권과 이동 흐름을 먼저 살펴보고 현재 위치를 설명하기 좋은 기준을 정리했습니다. 창원 진해구 웅동동 출장마사지 이용 전 지역 범위와 위치 정보를 확인해 보세요.","웅동동 주변의 생활권과 이동 흐름을 먼저 살펴보고 현재 위치를 설명하기 좋은 기준을 정리했습니다. 창원 진해구 웅동동 지역 이용 이용 전 지역 범위와 위치 정보를 확인해 보세요.","1","0","1","0"
"동랜딩","massage/웅천동-출장마사지-창원-진해구-생활권-이동동선-지역정보-이용전-안내/index.html","변경후보","웅천동 출장마사지 | 창원 진해구 생활권·지역 이용 안내 | 몽라운지","웅천동 생활권 안내 | 창원 진해구 생활권·지역 이용 안내 | 몽라운지","자주 오가는 주거·상업 생활권을 기준으로 위치 확인 방법을 정리했습니다. 창원 진해구 웅천동 출장마사지 이용 전 가까운 지역과 이동 범위를 비교할 때 참고할 수 있습니다.","자주 오가는 주거·상업 생활권을 기준으로 위치 확인 방법을 정리했습니다. 창원 진해구 웅천동 지역 이용 이용 전 가까운 지역과 이동 범위를 비교할 때 참고할 수 있습니다.","1","0","1","0"
"동랜딩","massage/월영동-출장마사지-창원-마산합포구-생활권-이동동선-지역정보-이용전-안내/index.html","변경후보","월영동 출장마사지 | 창원 마산합포구 생활권·지역 이용 안내 | 몽라운지","월영동 출장마사지 | 창원 마산합포구 생활권·지역 이용 안내 | 몽라운지","월영동 생활권의 기본적인 이동 방향과 인접 지역 확인 방법을 한 페이지에 정리했습니다. 창원 마산합포구 월영동 출장마사지 이용 전 현재 위치와 지역 범위를 먼저 확인해 보세요.","월영동 생활권의 기본적인 이동 방향과 인접 지역 확인 방법을 한 페이지에 정리했습니다. 창원 마산합포구 월영동 생활권 이용 이용 전 현재 위치와 지역 범위를 먼저 확인해 보세요.","1","1","1","0"
"동랜딩","massage/의창동-출장마사지-창원-의창구-생활권-이동동선-지역정보-이용전-안내/index.html","변경후보","의창동 출장마사지 | 창원 의창구 생활권·지역 이용 안내 | 몽라운지","의창동 출장마사지 | 창원 의창구 생활권·지역 이용 안내 | 몽라운지","기준으로 가까운 생활권과 귀가·외출 동선을 확인할 수 있도록 지역 정보를 구성했습니다. 창원 의창구 의창동 출장마사지 이용 전 위치 설명과 이동 범위를 확인하는 데 참고하세요.","기준으로 가까운 생활권과 귀가·외출 동선을 확인할 수 있도록 지역 정보를 구성했습니다. 창원 의창구 의창동 생활권 이용 이용 전 위치 설명과 이동 범위를 확인하는 데 참고하세요.","1","1","1","0"
"동랜딩","massage/이동-출장마사지-창원-진해구-생활권-이동동선-지역정보-이용전-안내/index.html","변경후보","이동 출장마사지 | 창원 진해구 생활권·지역 이용 안내 | 몽라운지","이동 출장마사지 | 창원 진해구 생활권·지역 이용 안내 | 몽라운지","이동 주변에서 현재 위치를 파악할 때 필요한 생활권 기준과 지역 선택 방법을 정리했습니다. 창원 진해구 이동 출장마사지 이용 전 가까운 범위와 이용 정보를 확인할 수 있습니다.","이동 주변에서 현재 위치를 파악할 때 필요한 생활권 기준과 지역 선택 방법을 정리했습니다. 창원 진해구 이동 생활권 이용 이용 전 가까운 범위와 이용 정보를 확인할 수 있습니다.","1","1","1","0"
"동랜딩","massage/자산동-출장마사지-창원-마산합포구-생활권-이동동선-지역정보-이용전-안내/index.html","변경후보","자산동 출장마사지 | 창원 마산합포구 생활권·지역 이용 안내 | 몽라운지","자산동 출장마사지 | 창원 마산합포구 생활권·지역 이용 안내 | 몽라운지","주거권과 일상 이동 범위를 중심으로 지역 정보를 먼저 확인할 수 있게 정리했습니다. 창원 마산합포구 자산동 출장마사지 이용 전 위치와 인접 생활권을 비교해 보세요.","주거권과 일상 이동 범위를 중심으로 지역 정보를 먼저 확인할 수 있게 정리했습니다. 창원 마산합포구 자산동 생활권 이용 이용 전 위치와 인접 생활권을 비교해 보세요.","1","1","1","0"
"동랜딩","massage/자은동-출장마사지-창원-진해구-생활권-이동동선-지역정보-이용전-안내/index.html","변경후보","자은동 출장마사지 | 창원 진해구 생활권·지역 이용 안내 | 몽라운지","자은동 출장마사지 | 창원 진해구 생활권·지역 이용 안내 | 몽라운지","다른 생활권으로 이동할 때 참고하기 좋은 지역 기준과 위치 확인 항목을 정리했습니다. 창원 진해구 자은동 출장마사지 이용 전 지역 범위를 확인하는 안내입니다.","다른 생활권으로 이동할 때 참고하기 좋은 지역 기준과 위치 확인 항목을 정리했습니다. 창원 진해구 자은동 생활권 이용 이용 전 지역 범위를 확인하는 안내입니다.","1","1","1","0"
"동랜딩","massage/중앙동-출장마사지-창원-성산구-생활권-이동동선-지역정보-이용전-안내/index.html","변경후보","중앙동 출장마사지 | 창원 성산구 생활권·지역 이용 안내 | 몽라운지","중앙동 지역 이용 안내 | 창원 성산구 생활권·지역 이용 안내 | 몽라운지","중앙동 생활권 안에서 현재 위치와 가까운 지역을 찾기 쉽도록 기본 지역 정보를 구성했습니다. 창원 성산구 중앙동 출장마사지 이용 전 이동 방향과 주변 생활권을 확인해 보세요.","중앙동 생활권 안에서 현재 위치와 가까운 지역을 찾기 쉽도록 기본 지역 정보를 구성했습니다. 창원 성산구 중앙동 출장마사지 이용 전 이동 방향과 주변 생활권을 확인해 보세요.","1","0","1","1"
"동랜딩","massage/충무동-출장마사지-창원-진해구-생활권-이동동선-지역정보-이용전-안내/index.html","변경후보","충무동 출장마사지 | 창원 진해구 생활권·지역 이용 안내 | 몽라운지","충무동 지역 이용 안내 | 창원 진해구 생활권·지역 이용 안내 | 몽라운지","충무동 주변의 생활권과 이동 흐름을 먼저 살펴보고 현재 위치를 설명하기 좋은 기준을 정리했습니다. 창원 진해구 충무동 출장마사지 이용 전 지역 범위와 위치 정보를 확인해 보세요.","충무동 주변의 생활권과 이동 흐름을 먼저 살펴보고 현재 위치를 설명하기 좋은 기준을 정리했습니다. 창원 진해구 충무동 출장마사지 이용 전 지역 범위와 위치 정보를 확인해 보세요.","1","0","1","1"
"동랜딩","massage/태백동-출장마사지-창원-진해구-생활권-이동동선-지역정보-이용전-안내/index.html","변경후보","태백동 출장마사지 | 창원 진해구 생활권·지역 이용 안내 | 몽라운지","태백동 생활권 안내 | 창원 진해구 생활권·지역 이용 안내 | 몽라운지","자주 오가는 주거·상업 생활권을 기준으로 위치 확인 방법을 정리했습니다. 창원 진해구 태백동 출장마사지 이용 전 가까운 지역과 이동 범위를 비교할 때 참고할 수 있습니다.","자주 오가는 주거·상업 생활권을 기준으로 위치 확인 방법을 정리했습니다. 창원 진해구 태백동 지역 이용 이용 전 가까운 지역과 이동 범위를 비교할 때 참고할 수 있습니다.","1","0","1","0"
"동랜딩","massage/팔룡동-출장마사지-창원-의창구-생활권-이동동선-지역정보-이용전-안내/index.html","변경후보","팔룡동 출장마사지 | 창원 의창구 생활권·지역 이용 안내 | 몽라운지","팔룡동 지역 이용 안내 | 창원 의창구 생활권·지역 이용 안내 | 몽라운지","팔룡동 생활권의 기본적인 이동 방향과 인접 지역 확인 방법을 한 페이지에 정리했습니다. 창원 의창구 팔룡동 출장마사지 이용 전 현재 위치와 지역 범위를 먼저 확인해 보세요.","팔룡동 생활권의 기본적인 이동 방향과 인접 지역 확인 방법을 한 페이지에 정리했습니다. 창원 의창구 팔룡동 출장마사지 이용 전 현재 위치와 지역 범위를 먼저 확인해 보세요.","1","0","1","1"
"동랜딩","massage/풍호동-출장마사지-창원-진해구-생활권-이동동선-지역정보-이용전-안내/index.html","변경후보","풍호동 출장마사지 | 창원 진해구 생활권·지역 이용 안내 | 몽라운지","풍호동 생활권 안내 | 창원 진해구 생활권·지역 이용 안내 | 몽라운지","기준으로 가까운 생활권과 귀가·외출 동선을 확인할 수 있도록 지역 정보를 구성했습니다. 창원 진해구 풍호동 출장마사지 이용 전 위치 설명과 이동 범위를 확인하는 데 참고하세요.","기준으로 가까운 생활권과 귀가·외출 동선을 확인할 수 있도록 지역 정보를 구성했습니다. 창원 진해구 풍호동 지역 이용 이용 전 위치 설명과 이동 범위를 확인하는 데 참고하세요.","1","0","1","0"
"동랜딩","massage/합성동-출장마사지-창원-마산회원구-생활권-이동동선-지역정보-이용전-안내/index.html","변경후보","합성동 출장마사지 | 창원 마산회원구 생활권·지역 이용 안내 | 몽라운지","합성동 출장마사지 | 창원 마산회원구 생활권·지역 이용 안내 | 몽라운지","합성동 주변에서 현재 위치를 파악할 때 필요한 생활권 기준과 지역 선택 방법을 정리했습니다. 창원 마산회원구 합성동 출장마사지 이용 전 가까운 범위와 이용 정보를 확인할 수 있습니다.","합성동 주변에서 현재 위치를 파악할 때 필요한 생활권 기준과 지역 선택 방법을 정리했습니다. 창원 마산회원구 합성동 생활권 이용 이용 전 가까운 범위와 이용 정보를 확인할 수 있습니다.","1","1","1","0"
"동랜딩","massage/합포동-출장마사지-창원-마산합포구-생활권-이동동선-지역정보-이용전-안내/index.html","변경후보","합포동 출장마사지 | 창원 마산합포구 생활권·지역 이용 안내 | 몽라운지","합포동 출장마사지 | 창원 마산합포구 생활권·지역 이용 안내 | 몽라운지","주거권과 일상 이동 범위를 중심으로 지역 정보를 먼저 확인할 수 있게 정리했습니다. 창원 마산합포구 합포동 출장마사지 이용 전 위치와 인접 생활권을 비교해 보세요.","주거권과 일상 이동 범위를 중심으로 지역 정보를 먼저 확인할 수 있게 정리했습니다. 창원 마산합포구 합포동 생활권 이용 이용 전 위치와 인접 생활권을 비교해 보세요.","1","1","1","0"
"동랜딩","massage/현동-출장마사지-창원-마산합포구-생활권-이동동선-지역정보-이용전-안내/index.html","변경후보","현동 출장마사지 | 창원 마산합포구 생활권·지역 이용 안내 | 몽라운지","현동 생활권 안내 | 창원 마산합포구 생활권·지역 이용 안내 | 몽라운지","다른 생활권으로 이동할 때 참고하기 좋은 지역 기준과 위치 확인 항목을 정리했습니다. 창원 마산합포구 현동 출장마사지 이용 전 지역 범위를 확인하는 안내입니다.","다른 생활권으로 이동할 때 참고하기 좋은 지역 기준과 위치 확인 항목을 정리했습니다. 창원 마산합포구 현동 지역 이용 이용 전 지역 범위를 확인하는 안내입니다.","1","0","1","0"
"동랜딩","massage/회성동-출장마사지-창원-마산회원구-생활권-이동동선-지역정보-이용전-안내/index.html","변경후보","회성동 출장마사지 | 창원 마산회원구 생활권·지역 이용 안내 | 몽라운지","회성동 출장마사지 | 창원 마산회원구 생활권·지역 이용 안내 | 몽라운지","회성동 생활권 안에서 현재 위치와 가까운 지역을 찾기 쉽도록 기본 지역 정보를 구성했습니다. 창원 마산회원구 회성동 출장마사지 이용 전 이동 방향과 주변 생활권을 확인해 보세요.","회성동 생활권 안에서 현재 위치와 가까운 지역을 찾기 쉽도록 기본 지역 정보를 구성했습니다. 창원 마산회원구 회성동 생활권 이용 이용 전 이동 방향과 주변 생활권을 확인해 보세요.","1","1","1","0"
"동랜딩","massage/회원동-출장마사지-창원-마산회원구-생활권-이동동선-지역정보-이용전-안내/index.html","변경후보","회원동 출장마사지 | 창원 마산회원구 생활권·지역 이용 안내 | 몽라운지","회원동 생활권 안내 | 창원 마산회원구 생활권·지역 이용 안내 | 몽라운지","회원동 주변의 생활권과 이동 흐름을 먼저 살펴보고 현재 위치를 설명하기 좋은 기준을 정리했습니다. 창원 마산회원구 회원동 출장마사지 이용 전 지역 범위와 위치 정보를 확인해 보세요.","회원동 주변의 생활권과 이동 흐름을 먼저 살펴보고 현재 위치를 설명하기 좋은 기준을 정리했습니다. 창원 마산회원구 회원동 지역 이용 이용 전 지역 범위와 위치 정보를 확인해 보세요.","1","0","1","0"
"동랜딩","massage/감삼동-출장마사지-대구-달서구-생활권-이동동선-지역정보-이용전-안내/index.html","변경후보","감삼동 출장마사지 | 대구 달서구 생활권·지역 이용 안내 | 몽라운지","감삼동 생활권 안내 | 대구 달서구 생활권·지역 이용 안내 | 몽라운지","자주 오가는 주거·상업 생활권을 기준으로 위치 확인 방법을 정리했습니다. 대구 달서구 감삼동 출장마사지 이용 전 가까운 지역과 이동 범위를 비교할 때 참고할 수 있습니다.","자주 오가는 주거·상업 생활권을 기준으로 위치 확인 방법을 정리했습니다. 대구 달서구 감삼동 지역 이용 이용 전 가까운 지역과 이동 범위를 비교할 때 참고할 수 있습니다.","1","0","1","0"
"동랜딩","massage/검단동-출장마사지-대구-북구-생활권-이동동선-지역정보-이용전-안내/index.html","변경후보","검단동 출장마사지 | 대구 북구 생활권·지역 이용 안내 | 몽라운지","검단동 지역 이용 안내 | 대구 북구 생활권·지역 이용 안내 | 몽라운지","검단동 생활권의 기본적인 이동 방향과 인접 지역 확인 방법을 한 페이지에 정리했습니다. 대구 북구 검단동 출장마사지 이용 전 현재 위치와 지역 범위를 먼저 확인해 보세요.","검단동 생활권의 기본적인 이동 방향과 인접 지역 확인 방법을 한 페이지에 정리했습니다. 대구 북구 검단동 출장마사지 이용 전 현재 위치와 지역 범위를 먼저 확인해 보세요.","1","0","1","1"
"동랜딩","massage/고산동-출장마사지-대구-수성구-생활권-이동동선-지역정보-이용전-안내/index.html","변경후보","고산동 출장마사지 | 대구 수성구 생활권·지역 이용 안내 | 몽라운지","고산동 생활권 안내 | 대구 수성구 생활권·지역 이용 안내 | 몽라운지","기준으로 가까운 생활권과 귀가·외출 동선을 확인할 수 있도록 지역 정보를 구성했습니다. 대구 수성구 고산동 출장마사지 이용 전 위치 설명과 이동 범위를 확인하는 데 참고하세요.","기준으로 가까운 생활권과 귀가·외출 동선을 확인할 수 있도록 지역 정보를 구성했습니다. 대구 수성구 고산동 지역 이용 이용 전 위치 설명과 이동 범위를 확인하는 데 참고하세요.","1","0","1","0"
"동랜딩","massage/고성동-출장마사지-대구-북구-생활권-이동동선-지역정보-이용전-안내/index.html","변경후보","고성동 출장마사지 | 대구 북구 생활권·지역 이용 안내 | 몽라운지","고성동 지역 이용 안내 | 대구 북구 생활권·지역 이용 안내 | 몽라운지","고성동 주변에서 현재 위치를 파악할 때 필요한 생활권 기준과 지역 선택 방법을 정리했습니다. 대구 북구 고성동 출장마사지 이용 전 가까운 범위와 이용 정보를 확인할 수 있습니다.","고성동 주변에서 현재 위치를 파악할 때 필요한 생활권 기준과 지역 선택 방법을 정리했습니다. 대구 북구 고성동 출장마사지 이용 전 가까운 범위와 이용 정보를 확인할 수 있습니다.","1","0","1","1"
"동랜딩","massage/공산동-출장마사지-대구-동구-생활권-이동동선-지역정보-이용전-안내/index.html","변경후보","공산동 출장마사지 | 대구 동구 생활권·지역 이용 안내 | 몽라운지","공산동 지역 이용 안내 | 대구 동구 생활권·지역 이용 안내 | 몽라운지","주거권과 일상 이동 범위를 중심으로 지역 정보를 먼저 확인할 수 있게 정리했습니다. 대구 동구 공산동 출장마사지 이용 전 위치와 인접 생활권을 비교해 보세요.","주거권과 일상 이동 범위를 중심으로 지역 정보를 먼저 확인할 수 있게 정리했습니다. 대구 동구 공산동 출장마사지 이용 전 위치와 인접 생활권을 비교해 보세요.","1","0","1","1"
"동랜딩","massage/관문동-출장마사지-대구-북구-생활권-이동동선-지역정보-이용전-안내/index.html","변경후보","관문동 출장마사지 | 대구 북구 생활권·지역 이용 안내 | 몽라운지","관문동 지역 이용 안내 | 대구 북구 생활권·지역 이용 안내 | 몽라운지","다른 생활권으로 이동할 때 참고하기 좋은 지역 기준과 위치 확인 항목을 정리했습니다. 대구 북구 관문동 출장마사지 이용 전 지역 범위를 확인하는 안내입니다.","다른 생활권으로 이동할 때 참고하기 좋은 지역 기준과 위치 확인 항목을 정리했습니다. 대구 북구 관문동 출장마사지 이용 전 지역 범위를 확인하는 안내입니다.","1","0","1","1"
"동랜딩","massage/관음동-출장마사지-대구-북구-생활권-이동동선-지역정보-이용전-안내/index.html","변경후보","관음동 출장마사지 | 대구 북구 생활권·지역 이용 안내 | 몽라운지","관음동 출장마사지 | 대구 북구 생활권·지역 이용 안내 | 몽라운지","관음동 생활권 안에서 현재 위치와 가까운 지역을 찾기 쉽도록 기본 지역 정보를 구성했습니다. 대구 북구 관음동 출장마사지 이용 전 이동 방향과 주변 생활권을 확인해 보세요.","관음동 생활권 안에서 현재 위치와 가까운 지역을 찾기 쉽도록 기본 지역 정보를 구성했습니다. 대구 북구 관음동 생활권 이용 이용 전 이동 방향과 주변 생활권을 확인해 보세요.","1","1","1","0"
"동랜딩","massage/구암동-출장마사지-대구-북구-생활권-이동동선-지역정보-이용전-안내/index.html","변경후보","구암동 출장마사지 | 대구 북구 생활권·지역 이용 안내 | 몽라운지","구암동 출장마사지 | 대구 북구 생활권·지역 이용 안내 | 몽라운지","구암동 주변의 생활권과 이동 흐름을 먼저 살펴보고 현재 위치를 설명하기 좋은 기준을 정리했습니다. 대구 북구 구암동 출장마사지 이용 전 지역 범위와 위치 정보를 확인해 보세요.","구암동 주변의 생활권과 이동 흐름을 먼저 살펴보고 현재 위치를 설명하기 좋은 기준을 정리했습니다. 대구 북구 구암동 생활권 이용 이용 전 지역 범위와 위치 정보를 확인해 보세요.","1","1","1","0"
"동랜딩","massage/국우동-출장마사지-대구-북구-생활권-이동동선-지역정보-이용전-안내/index.html","변경후보","국우동 출장마사지 | 대구 북구 생활권·지역 이용 안내 | 몽라운지","국우동 지역 이용 안내 | 대구 북구 생활권·지역 이용 안내 | 몽라운지","자주 오가는 주거·상업 생활권을 기준으로 위치 확인 방법을 정리했습니다. 대구 북구 국우동 출장마사지 이용 전 가까운 지역과 이동 범위를 비교할 때 참고할 수 있습니다.","자주 오가는 주거·상업 생활권을 기준으로 위치 확인 방법을 정리했습니다. 대구 북구 국우동 출장마사지 이용 전 가까운 지역과 이동 범위를 비교할 때 참고할 수 있습니다.","1","0","1","1"
"동랜딩","massage/남산동-출장마사지-대구-중구-생활권-이동동선-지역정보-이용전-안내/index.html","변경후보","남산동 출장마사지 | 대구 중구 생활권·지역 이용 안내 | 몽라운지","남산동 생활권 안내 | 대구 중구 생활권·지역 이용 안내 | 몽라운지","남산동 생활권의 기본적인 이동 방향과 인접 지역 확인 방법을 한 페이지에 정리했습니다. 대구 중구 남산동 출장마사지 이용 전 현재 위치와 지역 범위를 먼저 확인해 보세요.","남산동 생활권의 기본적인 이동 방향과 인접 지역 확인 방법을 한 페이지에 정리했습니다. 대구 중구 남산동 지역 이용 이용 전 현재 위치와 지역 범위를 먼저 확인해 보세요.","1","0","1","0"
"동랜딩","massage/내당2.3동-출장마사지-대구-서구-생활권-이동동선-지역정보-이용전-안내/index.html","변경후보","내당2.3동 출장마사지 | 대구 서구 생활권·지역 이용 안내 | 몽라운지","내당2.3동 지역 이용 안내 | 대구 서구 생활권·지역 이용 안내 | 몽라운지","기준으로 가까운 생활권과 귀가·외출 동선을 확인할 수 있도록 지역 정보를 구성했습니다. 대구 서구 내당2.3동 출장마사지 이용 전 위치 설명과 이동 범위를 확인하는 데 참고하세요.","기준으로 가까운 생활권과 귀가·외출 동선을 확인할 수 있도록 지역 정보를 구성했습니다. 대구 서구 내당2.3동 출장마사지 이용 전 위치 설명과 이동 범위를 확인하는 데 참고하세요.","1","0","1","1"
"동랜딩","massage/내당동-출장마사지-대구-서구-생활권-이동동선-지역정보-이용전-안내/index.html","변경후보","내당동 출장마사지 | 대구 서구 생활권·지역 이용 안내 | 몽라운지","내당동 지역 이용 안내 | 대구 서구 생활권·지역 이용 안내 | 몽라운지","내당동 주변에서 현재 위치를 파악할 때 필요한 생활권 기준과 지역 선택 방법을 정리했습니다. 대구 서구 내당동 출장마사지 이용 전 가까운 범위와 이용 정보를 확인할 수 있습니다.","내당동 주변에서 현재 위치를 파악할 때 필요한 생활권 기준과 지역 선택 방법을 정리했습니다. 대구 서구 내당동 출장마사지 이용 전 가까운 범위와 이용 정보를 확인할 수 있습니다.","1","0","1","1"
"동랜딩","massage/노원동-출장마사지-대구-북구-생활권-이동동선-지역정보-이용전-안내/index.html","변경후보","노원동 출장마사지 | 대구 북구 생활권·지역 이용 안내 | 몽라운지","노원동 출장마사지 | 대구 북구 생활권·지역 이용 안내 | 몽라운지","주거권과 일상 이동 범위를 중심으로 지역 정보를 먼저 확인할 수 있게 정리했습니다. 대구 북구 노원동 출장마사지 이용 전 위치와 인접 생활권을 비교해 보세요.","주거권과 일상 이동 범위를 중심으로 지역 정보를 먼저 확인할 수 있게 정리했습니다. 대구 북구 노원동 생활권 이용 이용 전 위치와 인접 생활권을 비교해 보세요.","1","1","1","0"
"동랜딩","massage/대명동-출장마사지-대구-남구-생활권-이동동선-지역정보-이용전-안내/index.html","변경후보","대명동 출장마사지 | 대구 남구 생활권·지역 이용 안내 | 몽라운지","대명동 지역 이용 안내 | 대구 남구 생활권·지역 이용 안내 | 몽라운지","다른 생활권으로 이동할 때 참고하기 좋은 지역 기준과 위치 확인 항목을 정리했습니다. 대구 남구 대명동 출장마사지 이용 전 지역 범위를 확인하는 안내입니다.","다른 생활권으로 이동할 때 참고하기 좋은 지역 기준과 위치 확인 항목을 정리했습니다. 대구 남구 대명동 출장마사지 이용 전 지역 범위를 확인하는 안내입니다.","1","0","1","1"
"동랜딩","massage/대봉동-출장마사지-대구-중구-생활권-이동동선-지역정보-이용전-안내/index.html","변경후보","대봉동 출장마사지 | 대구 중구 생활권·지역 이용 안내 | 몽라운지","대봉동 출장마사지 | 대구 중구 생활권·지역 이용 안내 | 몽라운지","대봉동 생활권 안에서 현재 위치와 가까운 지역을 찾기 쉽도록 기본 지역 정보를 구성했습니다. 대구 중구 대봉동 출장마사지 이용 전 이동 방향과 주변 생활권을 확인해 보세요.","대봉동 생활권 안에서 현재 위치와 가까운 지역을 찾기 쉽도록 기본 지역 정보를 구성했습니다. 대구 중구 대봉동 생활권 이용 이용 전 이동 방향과 주변 생활권을 확인해 보세요.","1","1","1","0"
"동랜딩","massage/대신동-출장마사지-대구-중구-생활권-이동동선-지역정보-이용전-안내/index.html","변경후보","대신동 출장마사지 | 대구 중구 생활권·지역 이용 안내 | 몽라운지","대신동 지역 이용 안내 | 대구 중구 생활권·지역 이용 안내 | 몽라운지","대신동 주변의 생활권과 이동 흐름을 먼저 살펴보고 현재 위치를 설명하기 좋은 기준을 정리했습니다. 대구 중구 대신동 출장마사지 이용 전 지역 범위와 위치 정보를 확인해 보세요.","대신동 주변의 생활권과 이동 흐름을 먼저 살펴보고 현재 위치를 설명하기 좋은 기준을 정리했습니다. 대구 중구 대신동 출장마사지 이용 전 지역 범위와 위치 정보를 확인해 보세요.","1","0","1","1"
"동랜딩","massage/대현동-출장마사지-대구-북구-생활권-이동동선-지역정보-이용전-안내/index.html","변경후보","대현동 출장마사지 | 대구 북구 생활권·지역 이용 안내 | 몽라운지","대현동 출장마사지 | 대구 북구 생활권·지역 이용 안내 | 몽라운지","자주 오가는 주거·상업 생활권을 기준으로 위치 확인 방법을 정리했습니다. 대구 북구 대현동 출장마사지 이용 전 가까운 지역과 이동 범위를 비교할 때 참고할 수 있습니다.","자주 오가는 주거·상업 생활권을 기준으로 위치 확인 방법을 정리했습니다. 대구 북구 대현동 생활권 이용 이용 전 가까운 지역과 이동 범위를 비교할 때 참고할 수 있습니다.","1","1","1","0"
"동랜딩","massage/도원동-출장마사지-대구-달서구-생활권-이동동선-지역정보-이용전-안내/index.html","변경후보","도원동 출장마사지 | 대구 달서구 생활권·지역 이용 안내 | 몽라운지","도원동 생활권 안내 | 대구 달서구 생활권·지역 이용 안내 | 몽라운지","도원동 생활권의 기본적인 이동 방향과 인접 지역 확인 방법을 한 페이지에 정리했습니다. 대구 달서구 도원동 출장마사지 이용 전 현재 위치와 지역 범위를 먼저 확인해 보세요.","도원동 생활권의 기본적인 이동 방향과 인접 지역 확인 방법을 한 페이지에 정리했습니다. 대구 달서구 도원동 지역 이용 이용 전 현재 위치와 지역 범위를 먼저 확인해 보세요.","1","0","1","0"
"동랜딩","massage/도평동-출장마사지-대구-동구-생활권-이동동선-지역정보-이용전-안내/index.html","변경후보","도평동 출장마사지 | 대구 동구 생활권·지역 이용 안내 | 몽라운지","도평동 출장마사지 | 대구 동구 생활권·지역 이용 안내 | 몽라운지","기준으로 가까운 생활권과 귀가·외출 동선을 확인할 수 있도록 지역 정보를 구성했습니다. 대구 동구 도평동 출장마사지 이용 전 위치 설명과 이동 범위를 확인하는 데 참고하세요.","기준으로 가까운 생활권과 귀가·외출 동선을 확인할 수 있도록 지역 정보를 구성했습니다. 대구 동구 도평동 생활권 이용 이용 전 위치 설명과 이동 범위를 확인하는 데 참고하세요.","1","1","1","0"
"동랜딩","massage/동인동-출장마사지-대구-중구-생활권-이동동선-지역정보-이용전-안내/index.html","변경후보","동인동 출장마사지 | 대구 중구 생활권·지역 이용 안내 | 몽라운지","동인동 생활권 안내 | 대구 중구 생활권·지역 이용 안내 | 몽라운지","동인동 주변에서 현재 위치를 파악할 때 필요한 생활권 기준과 지역 선택 방법을 정리했습니다. 대구 중구 동인동 출장마사지 이용 전 가까운 범위와 이용 정보를 확인할 수 있습니다.","동인동 주변에서 현재 위치를 파악할 때 필요한 생활권 기준과 지역 선택 방법을 정리했습니다. 대구 중구 동인동 지역 이용 이용 전 가까운 범위와 이용 정보를 확인할 수 있습니다.","1","0","1","0"
"동랜딩","massage/동천동-출장마사지-대구-북구-생활권-이동동선-지역정보-이용전-안내/index.html","변경후보","동천동 출장마사지 | 대구 북구 생활권·지역 이용 안내 | 몽라운지","동천동 생활권 안내 | 대구 북구 생활권·지역 이용 안내 | 몽라운지","주거권과 일상 이동 범위를 중심으로 지역 정보를 먼저 확인할 수 있게 정리했습니다. 대구 북구 동천동 출장마사지 이용 전 위치와 인접 생활권을 비교해 보세요.","주거권과 일상 이동 범위를 중심으로 지역 정보를 먼저 확인할 수 있게 정리했습니다. 대구 북구 동천동 지역 이용 이용 전 위치와 인접 생활권을 비교해 보세요.","1","0","1","0"
"동랜딩","massage/동촌동-출장마사지-대구-동구-생활권-이동동선-지역정보-이용전-안내/index.html","변경후보","동촌동 출장마사지 | 대구 동구 생활권·지역 이용 안내 | 몽라운지","동촌동 출장마사지 | 대구 동구 생활권·지역 이용 안내 | 몽라운지","다른 생활권으로 이동할 때 참고하기 좋은 지역 기준과 위치 확인 항목을 정리했습니다. 대구 동구 동촌동 출장마사지 이용 전 지역 범위를 확인하는 안내입니다.","다른 생활권으로 이동할 때 참고하기 좋은 지역 기준과 위치 확인 항목을 정리했습니다. 대구 동구 동촌동 생활권 이용 이용 전 지역 범위를 확인하는 안내입니다.","1","1","1","0"
"동랜딩","massage/두류1.2동-출장마사지-대구-달서구-생활권-이동동선-지역정보-이용전-안내/index.html","변경후보","두류1.2동 출장마사지 | 대구 달서구 생활권·지역 이용 안내 | 몽라운지","두류1.2동 지역 이용 안내 | 대구 달서구 생활권·지역 이용 안내 | 몽라운지","두류1.2동 생활권 안에서 현재 위치와 가까운 지역을 찾기 쉽도록 기본 지역 정보를 구성했습니다. 대구 달서구 두류1.2동 출장마사지 이용 전 이동 방향과 주변 생활권을 확인해 보세요.","두류1.2동 생활권 안에서 현재 위치와 가까운 지역을 찾기 쉽도록 기본 지역 정보를 구성했습니다. 대구 달서구 두류1.2동 출장마사지 이용 전 이동 방향과 주변 생활권을 확인해 보세요.","1","0","1","1"
"동랜딩","massage/두류동-출장마사지-대구-달서구-생활권-이동동선-지역정보-이용전-안내/index.html","변경후보","두류동 출장마사지 | 대구 달서구 생활권·지역 이용 안내 | 몽라운지","두류동 출장마사지 | 대구 달서구 생활권·지역 이용 안내 | 몽라운지","두류동 주변의 생활권과 이동 흐름을 먼저 살펴보고 현재 위치를 설명하기 좋은 기준을 정리했습니다. 대구 달서구 두류동 출장마사지 이용 전 지역 범위와 위치 정보를 확인해 보세요.","두류동 주변의 생활권과 이동 흐름을 먼저 살펴보고 현재 위치를 설명하기 좋은 기준을 정리했습니다. 대구 달서구 두류동 생활권 이용 이용 전 지역 범위와 위치 정보를 확인해 보세요.","1","1","1","0"
"동랜딩","massage/두산동-출장마사지-대구-수성구-생활권-이동동선-지역정보-이용전-안내/index.html","변경후보","두산동 출장마사지 | 대구 수성구 생활권·지역 이용 안내 | 몽라운지","두산동 지역 이용 안내 | 대구 수성구 생활권·지역 이용 안내 | 몽라운지","자주 오가는 주거·상업 생활권을 기준으로 위치 확인 방법을 정리했습니다. 대구 수성구 두산동 출장마사지 이용 전 가까운 지역과 이동 범위를 비교할 때 참고할 수 있습니다.","자주 오가는 주거·상업 생활권을 기준으로 위치 확인 방법을 정리했습니다. 대구 수성구 두산동 출장마사지 이용 전 가까운 지역과 이동 범위를 비교할 때 참고할 수 있습니다.","1","0","1","1"
"동랜딩","massage/만촌동-출장마사지-대구-수성구-생활권-이동동선-지역정보-이용전-안내/index.html","변경후보","만촌동 출장마사지 | 대구 수성구 생활권·지역 이용 안내 | 몽라운지","만촌동 출장마사지 | 대구 수성구 생활권·지역 이용 안내 | 몽라운지","만촌동 생활권의 기본적인 이동 방향과 인접 지역 확인 방법을 한 페이지에 정리했습니다. 대구 수성구 만촌동 출장마사지 이용 전 현재 위치와 지역 범위를 먼저 확인해 보세요.","만촌동 생활권의 기본적인 이동 방향과 인접 지역 확인 방법을 한 페이지에 정리했습니다. 대구 수성구 만촌동 생활권 이용 이용 전 현재 위치와 지역 범위를 먼저 확인해 보세요.","1","1","1","0"
"동랜딩","massage/무태조야동-출장마사지-대구-북구-생활권-이동동선-지역정보-이용전-안내/index.html","변경후보","무태조야동 출장마사지 | 대구 북구 생활권·지역 이용 안내 | 몽라운지","무태조야동 출장마사지 | 대구 북구 생활권·지역 이용 안내 | 몽라운지","기준으로 가까운 생활권과 귀가·외출 동선을 확인할 수 있도록 지역 정보를 구성했습니다. 대구 북구 무태조야동 출장마사지 이용 전 위치 설명과 이동 범위를 확인하는 데 참고하세요.","기준으로 가까운 생활권과 귀가·외출 동선을 확인할 수 있도록 지역 정보를 구성했습니다. 대구 북구 무태조야동 생활권 이용 이용 전 위치 설명과 이동 범위를 확인하는 데 참고하세요.","1","1","1","0"
"동랜딩","massage/방촌동-출장마사지-대구-동구-생활권-이동동선-지역정보-이용전-안내/index.html","변경후보","방촌동 출장마사지 | 대구 동구 생활권·지역 이용 안내 | 몽라운지","방촌동 지역 이용 안내 | 대구 동구 생활권·지역 이용 안내 | 몽라운지","방촌동 주변에서 현재 위치를 파악할 때 필요한 생활권 기준과 지역 선택 방법을 정리했습니다. 대구 동구 방촌동 출장마사지 이용 전 가까운 범위와 이용 정보를 확인할 수 있습니다.","방촌동 주변에서 현재 위치를 파악할 때 필요한 생활권 기준과 지역 선택 방법을 정리했습니다. 대구 동구 방촌동 출장마사지 이용 전 가까운 범위와 이용 정보를 확인할 수 있습니다.","1","0","1","1"
"동랜딩","massage/범물동-출장마사지-대구-수성구-생활권-이동동선-지역정보-이용전-안내/index.html","변경후보","범물동 출장마사지 | 대구 수성구 생활권·지역 이용 안내 | 몽라운지","범물동 지역 이용 안내 | 대구 수성구 생활권·지역 이용 안내 | 몽라운지","주거권과 일상 이동 범위를 중심으로 지역 정보를 먼저 확인할 수 있게 정리했습니다. 대구 수성구 범물동 출장마사지 이용 전 위치와 인접 생활권을 비교해 보세요.","주거권과 일상 이동 범위를 중심으로 지역 정보를 먼저 확인할 수 있게 정리했습니다. 대구 수성구 범물동 출장마사지 이용 전 위치와 인접 생활권을 비교해 보세요.","1","0","1","1"
"동랜딩","massage/범어동-출장마사지-대구-수성구-생활권-이동동선-지역정보-이용전-안내/index.html","변경후보","범어동 출장마사지 | 대구 수성구 생활권·지역 이용 안내 | 몽라운지","범어동 생활권 안내 | 대구 수성구 생활권·지역 이용 안내 | 몽라운지","다른 생활권으로 이동할 때 참고하기 좋은 지역 기준과 위치 확인 항목을 정리했습니다. 대구 수성구 범어동 출장마사지 이용 전 지역 범위를 확인하는 안내입니다.","다른 생활권으로 이동할 때 참고하기 좋은 지역 기준과 위치 확인 항목을 정리했습니다. 대구 수성구 범어동 지역 이용 이용 전 지역 범위를 확인하는 안내입니다.","1","0","1","0"
"동랜딩","massage/복현동-출장마사지-대구-북구-생활권-이동동선-지역정보-이용전-안내/index.html","변경후보","복현동 출장마사지 | 대구 북구 생활권·지역 이용 안내 | 몽라운지","복현동 생활권 안내 | 대구 북구 생활권·지역 이용 안내 | 몽라운지","복현동 생활권 안에서 현재 위치와 가까운 지역을 찾기 쉽도록 기본 지역 정보를 구성했습니다. 대구 북구 복현동 출장마사지 이용 전 이동 방향과 주변 생활권을 확인해 보세요.","복현동 생활권 안에서 현재 위치와 가까운 지역을 찾기 쉽도록 기본 지역 정보를 구성했습니다. 대구 북구 복현동 지역 이용 이용 전 이동 방향과 주변 생활권을 확인해 보세요.","1","0","1","0"
"동랜딩","massage/본동-출장마사지-대구-달서구-생활권-이동동선-지역정보-이용전-안내/index.html","변경후보","본동 출장마사지 | 대구 달서구 생활권·지역 이용 안내 | 몽라운지","본동 생활권 안내 | 대구 달서구 생활권·지역 이용 안내 | 몽라운지","본동 주변의 생활권과 이동 흐름을 먼저 살펴보고 현재 위치를 설명하기 좋은 기준을 정리했습니다. 대구 달서구 본동 출장마사지 이용 전 지역 범위와 위치 정보를 확인해 보세요.","본동 주변의 생활권과 이동 흐름을 먼저 살펴보고 현재 위치를 설명하기 좋은 기준을 정리했습니다. 대구 달서구 본동 지역 이용 이용 전 지역 범위와 위치 정보를 확인해 보세요.","1","0","1","0"
"동랜딩","massage/본리동-출장마사지-대구-달서구-생활권-이동동선-지역정보-이용전-안내/index.html","변경후보","본리동 출장마사지 | 대구 달서구 생활권·지역 이용 안내 | 몽라운지","본리동 생활권 안내 | 대구 달서구 생활권·지역 이용 안내 | 몽라운지","자주 오가는 주거·상업 생활권을 기준으로 위치 확인 방법을 정리했습니다. 대구 달서구 본리동 출장마사지 이용 전 가까운 지역과 이동 범위를 비교할 때 참고할 수 있습니다.","자주 오가는 주거·상업 생활권을 기준으로 위치 확인 방법을 정리했습니다. 대구 달서구 본리동 지역 이용 이용 전 가까운 지역과 이동 범위를 비교할 때 참고할 수 있습니다.","1","0","1","0"
"동랜딩","massage/봉덕동-출장마사지-대구-남구-생활권-이동동선-지역정보-이용전-안내/index.html","변경후보","봉덕동 출장마사지 | 대구 남구 생활권·지역 이용 안내 | 몽라운지","봉덕동 지역 이용 안내 | 대구 남구 생활권·지역 이용 안내 | 몽라운지","봉덕동 생활권의 기본적인 이동 방향과 인접 지역 확인 방법을 한 페이지에 정리했습니다. 대구 남구 봉덕동 출장마사지 이용 전 현재 위치와 지역 범위를 먼저 확인해 보세요.","봉덕동 생활권의 기본적인 이동 방향과 인접 지역 확인 방법을 한 페이지에 정리했습니다. 대구 남구 봉덕동 출장마사지 이용 전 현재 위치와 지역 범위를 먼저 확인해 보세요.","1","0","1","1"
"동랜딩","massage/불로.봉무동-출장마사지-대구-동구-생활권-이동동선-지역정보-이용전-안내/index.html","변경후보","불로.봉무동 출장마사지 | 대구 동구 생활권·지역 이용 안내 | 몽라운지","불로.봉무동 출장마사지 | 대구 동구 생활권·지역 이용 안내 | 몽라운지","기준으로 가까운 생활권과 귀가·외출 동선을 확인할 수 있도록 지역 정보를 구성했습니다. 대구 동구 불로.봉무동 출장마사지 이용 전 위치 설명과 이동 범위를 확인하는 데 참고하세요.","기준으로 가까운 생활권과 귀가·외출 동선을 확인할 수 있도록 지역 정보를 구성했습니다. 대구 동구 불로.봉무동 생활권 이용 이용 전 위치 설명과 이동 범위를 확인하는 데 참고하세요.","1","1","1","0"
"동랜딩","massage/비산2.3동-출장마사지-대구-서구-생활권-이동동선-지역정보-이용전-안내/index.html","변경후보","비산2.3동 출장마사지 | 대구 서구 생활권·지역 이용 안내 | 몽라운지","비산2.3동 출장마사지 | 대구 서구 생활권·지역 이용 안내 | 몽라운지","비산2.3동 주변에서 현재 위치를 파악할 때 필요한 생활권 기준과 지역 선택 방법을 정리했습니다. 대구 서구 비산2.3동 출장마사지 이용 전 가까운 범위와 이용 정보를 확인할 수 있습니다.","비산2.3동 주변에서 현재 위치를 파악할 때 필요한 생활권 기준과 지역 선택 방법을 정리했습니다. 대구 서구 비산2.3동 생활권 이용 이용 전 가까운 범위와 이용 정보를 확인할 수 있습니다.","1","1","1","0"
"동랜딩","massage/비산동-출장마사지-대구-서구-생활권-이동동선-지역정보-이용전-안내/index.html","변경후보","비산동 출장마사지 | 대구 서구 생활권·지역 이용 안내 | 몽라운지","비산동 출장마사지 | 대구 서구 생활권·지역 이용 안내 | 몽라운지","주거권과 일상 이동 범위를 중심으로 지역 정보를 먼저 확인할 수 있게 정리했습니다. 대구 서구 비산동 출장마사지 이용 전 위치와 인접 생활권을 비교해 보세요.","주거권과 일상 이동 범위를 중심으로 지역 정보를 먼저 확인할 수 있게 정리했습니다. 대구 서구 비산동 생활권 이용 이용 전 위치와 인접 생활권을 비교해 보세요.","1","1","1","0"
"동랜딩","massage/산격동-출장마사지-대구-북구-생활권-이동동선-지역정보-이용전-안내/index.html","변경후보","산격동 출장마사지 | 대구 북구 생활권·지역 이용 안내 | 몽라운지","산격동 출장마사지 | 대구 북구 생활권·지역 이용 안내 | 몽라운지","다른 생활권으로 이동할 때 참고하기 좋은 지역 기준과 위치 확인 항목을 정리했습니다. 대구 북구 산격동 출장마사지 이용 전 지역 범위를 확인하는 안내입니다.","다른 생활권으로 이동할 때 참고하기 좋은 지역 기준과 위치 확인 항목을 정리했습니다. 대구 북구 산격동 생활권 이용 이용 전 지역 범위를 확인하는 안내입니다.","1","1","1","0"
"동랜딩","massage/삼덕동-출장마사지-대구-중구-생활권-이동동선-지역정보-이용전-안내/index.html","변경후보","삼덕동 출장마사지 | 대구 중구 생활권·지역 이용 안내 | 몽라운지","삼덕동 출장마사지 | 대구 중구 생활권·지역 이용 안내 | 몽라운지","삼덕동 생활권 안에서 현재 위치와 가까운 지역을 찾기 쉽도록 기본 지역 정보를 구성했습니다. 대구 중구 삼덕동 출장마사지 이용 전 이동 방향과 주변 생활권을 확인해 보세요.","삼덕동 생활권 안에서 현재 위치와 가까운 지역을 찾기 쉽도록 기본 지역 정보를 구성했습니다. 대구 중구 삼덕동 생활권 이용 이용 전 이동 방향과 주변 생활권을 확인해 보세요.","1","1","1","0"
"동랜딩","massage/상동-출장마사지-대구-수성구-생활권-이동동선-지역정보-이용전-안내/index.html","변경후보","상동 출장마사지 | 대구 수성구 생활권·지역 이용 안내 | 몽라운지","상동 지역 이용 안내 | 대구 수성구 생활권·지역 이용 안내 | 몽라운지","상동 주변의 생활권과 이동 흐름을 먼저 살펴보고 현재 위치를 설명하기 좋은 기준을 정리했습니다. 대구 수성구 상동 출장마사지 이용 전 지역 범위와 위치 정보를 확인해 보세요.","상동 주변의 생활권과 이동 흐름을 먼저 살펴보고 현재 위치를 설명하기 좋은 기준을 정리했습니다. 대구 수성구 상동 출장마사지 이용 전 지역 범위와 위치 정보를 확인해 보세요.","1","0","1","1"
"동랜딩","massage/상인동-출장마사지-대구-달서구-생활권-이동동선-지역정보-이용전-안내/index.html","변경후보","상인동 출장마사지 | 대구 달서구 생활권·지역 이용 안내 | 몽라운지","상인동 출장마사지 | 대구 달서구 생활권·지역 이용 안내 | 몽라운지","자주 오가는 주거·상업 생활권을 기준으로 위치 확인 방법을 정리했습니다. 대구 달서구 상인동 출장마사지 이용 전 가까운 지역과 이동 범위를 비교할 때 참고할 수 있습니다.","자주 오가는 주거·상업 생활권을 기준으로 위치 확인 방법을 정리했습니다. 대구 달서구 상인동 생활권 이용 이용 전 가까운 지역과 이동 범위를 비교할 때 참고할 수 있습니다.","1","1","1","0"
"동랜딩","massage/상중이동-출장마사지-대구-서구-생활권-이동동선-지역정보-이용전-안내/index.html","변경후보","상중이동 출장마사지 | 대구 서구 생활권·지역 이용 안내 | 몽라운지","상중이동 지역 이용 안내 | 대구 서구 생활권·지역 이용 안내 | 몽라운지","상중이동 생활권의 기본적인 이동 방향과 인접 지역 확인 방법을 한 페이지에 정리했습니다. 대구 서구 상중이동 출장마사지 이용 전 현재 위치와 지역 범위를 먼저 확인해 보세요.","상중이동 생활권의 기본적인 이동 방향과 인접 지역 확인 방법을 한 페이지에 정리했습니다. 대구 서구 상중이동 출장마사지 이용 전 현재 위치와 지역 범위를 먼저 확인해 보세요.","1","0","1","1"
"동랜딩","massage/성내동-출장마사지-대구-중구-생활권-이동동선-지역정보-이용전-안내/index.html","변경후보","성내동 출장마사지 | 대구 중구 생활권·지역 이용 안내 | 몽라운지","성내동 생활권 안내 | 대구 중구 생활권·지역 이용 안내 | 몽라운지","기준으로 가까운 생활권과 귀가·외출 동선을 확인할 수 있도록 지역 정보를 구성했습니다. 대구 중구 성내동 출장마사지 이용 전 위치 설명과 이동 범위를 확인하는 데 참고하세요.","기준으로 가까운 생활권과 귀가·외출 동선을 확인할 수 있도록 지역 정보를 구성했습니다. 대구 중구 성내동 지역 이용 이용 전 위치 설명과 이동 범위를 확인하는 데 참고하세요.","1","0","1","0"
"동랜딩","massage/성당동-출장마사지-대구-달서구-생활권-이동동선-지역정보-이용전-안내/index.html","변경후보","성당동 출장마사지 | 대구 달서구 생활권·지역 이용 안내 | 몽라운지","성당동 지역 이용 안내 | 대구 달서구 생활권·지역 이용 안내 | 몽라운지","성당동 주변에서 현재 위치를 파악할 때 필요한 생활권 기준과 지역 선택 방법을 정리했습니다. 대구 달서구 성당동 출장마사지 이용 전 가까운 범위와 이용 정보를 확인할 수 있습니다.","성당동 주변에서 현재 위치를 파악할 때 필요한 생활권 기준과 지역 선택 방법을 정리했습니다. 대구 달서구 성당동 출장마사지 이용 전 가까운 범위와 이용 정보를 확인할 수 있습니다.","1","0","1","1"
"동랜딩","massage/송현동-출장마사지-대구-달서구-생활권-이동동선-지역정보-이용전-안내/index.html","변경후보","송현동 출장마사지 | 대구 달서구 생활권·지역 이용 안내 | 몽라운지","송현동 출장마사지 | 대구 달서구 생활권·지역 이용 안내 | 몽라운지","주거권과 일상 이동 범위를 중심으로 지역 정보를 먼저 확인할 수 있게 정리했습니다. 대구 달서구 송현동 출장마사지 이용 전 위치와 인접 생활권을 비교해 보세요.","주거권과 일상 이동 범위를 중심으로 지역 정보를 먼저 확인할 수 있게 정리했습니다. 대구 달서구 송현동 생활권 이용 이용 전 위치와 인접 생활권을 비교해 보세요.","1","1","1","0"
"동랜딩","massage/수성1가동-출장마사지-대구-수성구-생활권-이동동선-지역정보-이용전-안내/index.html","변경후보","수성1가동 출장마사지 | 대구 수성구 생활권·지역 이용 안내 | 몽라운지","수성1가동 출장마사지 | 대구 수성구 생활권·지역 이용 안내 | 몽라운지","다른 생활권으로 이동할 때 참고하기 좋은 지역 기준과 위치 확인 항목을 정리했습니다. 대구 수성구 수성1가동 출장마사지 이용 전 지역 범위를 확인하는 안내입니다.","다른 생활권으로 이동할 때 참고하기 좋은 지역 기준과 위치 확인 항목을 정리했습니다. 대구 수성구 수성1가동 생활권 이용 이용 전 지역 범위를 확인하는 안내입니다.","1","1","1","0"
"동랜딩","massage/수성2.3가동-출장마사지-대구-수성구-생활권-이동동선-지역정보-이용전-안내/index.html","변경후보","수성2.3가동 출장마사지 | 대구 수성구 생활권·지역 이용 안내 | 몽라운지","수성2.3가동 생활권 안내 | 대구 수성구 생활권·지역 이용 안내 | 몽라운지","수성2.3가동 생활권 안에서 현재 위치와 가까운 지역을 찾기 쉽도록 기본 지역 정보를 구성했습니다. 대구 수성구 수성2.3가동 출장마사지 이용 전 이동 방향과 주변 생활권을 확인해 보세요.","수성2.3가동 생활권 안에서 현재 위치와 가까운 지역을 찾기 쉽도록 기본 지역 정보를 구성했습니다. 대구 수성구 수성2.3가동 지역 이용 이용 전 이동 방향과 주변 생활권을 확인해 보세요.","1","0","1","0"
"동랜딩","massage/수성4가동-출장마사지-대구-수성구-생활권-이동동선-지역정보-이용전-안내/index.html","변경후보","수성4가동 출장마사지 | 대구 수성구 생활권·지역 이용 안내 | 몽라운지","수성4가동 출장마사지 | 대구 수성구 생활권·지역 이용 안내 | 몽라운지","수성4가동 주변의 생활권과 이동 흐름을 먼저 살펴보고 현재 위치를 설명하기 좋은 기준을 정리했습니다. 대구 수성구 수성4가동 출장마사지 이용 전 지역 범위와 위치 정보를 확인해 보세요.","수성4가동 주변의 생활권과 이동 흐름을 먼저 살펴보고 현재 위치를 설명하기 좋은 기준을 정리했습니다. 대구 수성구 수성4가동 생활권 이용 이용 전 지역 범위와 위치 정보를 확인해 보세요.","1","1","1","0"
"동랜딩","massage/신당동-출장마사지-대구-달서구-생활권-이동동선-지역정보-이용전-안내/index.html","변경후보","신당동 출장마사지 | 대구 달서구 생활권·지역 이용 안내 | 몽라운지","신당동 출장마사지 | 대구 달서구 생활권·지역 이용 안내 | 몽라운지","자주 오가는 주거·상업 생활권을 기준으로 위치 확인 방법을 정리했습니다. 대구 달서구 신당동 출장마사지 이용 전 가까운 지역과 이동 범위를 비교할 때 참고할 수 있습니다.","자주 오가는 주거·상업 생활권을 기준으로 위치 확인 방법을 정리했습니다. 대구 달서구 신당동 생활권 이용 이용 전 가까운 지역과 이동 범위를 비교할 때 참고할 수 있습니다.","1","1","1","0"
"동랜딩","massage/신암동-출장마사지-대구-동구-생활권-이동동선-지역정보-이용전-안내/index.html","변경후보","신암동 출장마사지 | 대구 동구 생활권·지역 이용 안내 | 몽라운지","신암동 생활권 안내 | 대구 동구 생활권·지역 이용 안내 | 몽라운지","신암동 생활권의 기본적인 이동 방향과 인접 지역 확인 방법을 한 페이지에 정리했습니다. 대구 동구 신암동 출장마사지 이용 전 현재 위치와 지역 범위를 먼저 확인해 보세요.","신암동 생활권의 기본적인 이동 방향과 인접 지역 확인 방법을 한 페이지에 정리했습니다. 대구 동구 신암동 지역 이용 이용 전 현재 위치와 지역 범위를 먼저 확인해 보세요.","1","0","1","0"
"동랜딩","massage/신천1.2동-출장마사지-대구-동구-생활권-이동동선-지역정보-이용전-안내/index.html","변경후보","신천1.2동 출장마사지 | 대구 동구 생활권·지역 이용 안내 | 몽라운지","신천1.2동 지역 이용 안내 | 대구 동구 생활권·지역 이용 안내 | 몽라운지","기준으로 가까운 생활권과 귀가·외출 동선을 확인할 수 있도록 지역 정보를 구성했습니다. 대구 동구 신천1.2동 출장마사지 이용 전 위치 설명과 이동 범위를 확인하는 데 참고하세요.","기준으로 가까운 생활권과 귀가·외출 동선을 확인할 수 있도록 지역 정보를 구성했습니다. 대구 동구 신천1.2동 출장마사지 이용 전 위치 설명과 이동 범위를 확인하는 데 참고하세요.","1","0","1","1"
"동랜딩","massage/신천동-출장마사지-대구-동구-생활권-이동동선-지역정보-이용전-안내/index.html","변경후보","신천동 출장마사지 | 대구 동구 생활권·지역 이용 안내 | 몽라운지","신천동 출장마사지 | 대구 동구 생활권·지역 이용 안내 | 몽라운지","신천동 주변에서 현재 위치를 파악할 때 필요한 생활권 기준과 지역 선택 방법을 정리했습니다. 대구 동구 신천동 출장마사지 이용 전 가까운 범위와 이용 정보를 확인할 수 있습니다.","신천동 주변에서 현재 위치를 파악할 때 필요한 생활권 기준과 지역 선택 방법을 정리했습니다. 대구 동구 신천동 생활권 이용 이용 전 가까운 범위와 이용 정보를 확인할 수 있습니다.","1","1","1","0"
"동랜딩","massage/안심동-출장마사지-대구-동구-생활권-이동동선-지역정보-이용전-안내/index.html","변경후보","안심동 출장마사지 | 대구 동구 생활권·지역 이용 안내 | 몽라운지","안심동 생활권 안내 | 대구 동구 생활권·지역 이용 안내 | 몽라운지","주거권과 일상 이동 범위를 중심으로 지역 정보를 먼저 확인할 수 있게 정리했습니다. 대구 동구 안심동 출장마사지 이용 전 위치와 인접 생활권을 비교해 보세요.","주거권과 일상 이동 범위를 중심으로 지역 정보를 먼저 확인할 수 있게 정리했습니다. 대구 동구 안심동 지역 이용 이용 전 위치와 인접 생활권을 비교해 보세요.","1","0","1","0"
"동랜딩","massage/용산동-출장마사지-대구-달서구-생활권-이동동선-지역정보-이용전-안내/index.html","변경후보","용산동 출장마사지 | 대구 달서구 생활권·지역 이용 안내 | 몽라운지","용산동 지역 이용 안내 | 대구 달서구 생활권·지역 이용 안내 | 몽라운지","다른 생활권으로 이동할 때 참고하기 좋은 지역 기준과 위치 확인 항목을 정리했습니다. 대구 달서구 용산동 출장마사지 이용 전 지역 범위를 확인하는 안내입니다.","다른 생활권으로 이동할 때 참고하기 좋은 지역 기준과 위치 확인 항목을 정리했습니다. 대구 달서구 용산동 출장마사지 이용 전 지역 범위를 확인하는 안내입니다.","1","0","1","1"
"동랜딩","massage/원대동-출장마사지-대구-서구-생활권-이동동선-지역정보-이용전-안내/index.html","변경후보","원대동 출장마사지 | 대구 서구 생활권·지역 이용 안내 | 몽라운지","원대동 지역 이용 안내 | 대구 서구 생활권·지역 이용 안내 | 몽라운지","원대동 생활권 안에서 현재 위치와 가까운 지역을 찾기 쉽도록 기본 지역 정보를 구성했습니다. 대구 서구 원대동 출장마사지 이용 전 이동 방향과 주변 생활권을 확인해 보세요.","원대동 생활권 안에서 현재 위치와 가까운 지역을 찾기 쉽도록 기본 지역 정보를 구성했습니다. 대구 서구 원대동 출장마사지 이용 전 이동 방향과 주변 생활권을 확인해 보세요.","1","0","1","1"
"동랜딩","massage/월성동-출장마사지-대구-달서구-생활권-이동동선-지역정보-이용전-안내/index.html","변경후보","월성동 출장마사지 | 대구 달서구 생활권·지역 이용 안내 | 몽라운지","월성동 생활권 안내 | 대구 달서구 생활권·지역 이용 안내 | 몽라운지","월성동 주변의 생활권과 이동 흐름을 먼저 살펴보고 현재 위치를 설명하기 좋은 기준을 정리했습니다. 대구 달서구 월성동 출장마사지 이용 전 지역 범위와 위치 정보를 확인해 보세요.","월성동 주변의 생활권과 이동 흐름을 먼저 살펴보고 현재 위치를 설명하기 좋은 기준을 정리했습니다. 대구 달서구 월성동 지역 이용 이용 전 지역 범위와 위치 정보를 확인해 보세요.","1","0","1","0"
"동랜딩","massage/유천동-출장마사지-대구-달서구-생활권-이동동선-지역정보-이용전-안내/index.html","변경후보","유천동 출장마사지 | 대구 달서구 생활권·지역 이용 안내 | 몽라운지","유천동 지역 이용 안내 | 대구 달서구 생활권·지역 이용 안내 | 몽라운지","자주 오가는 주거·상업 생활권을 기준으로 위치 확인 방법을 정리했습니다. 대구 달서구 유천동 출장마사지 이용 전 가까운 지역과 이동 범위를 비교할 때 참고할 수 있습니다.","자주 오가는 주거·상업 생활권을 기준으로 위치 확인 방법을 정리했습니다. 대구 달서구 유천동 출장마사지 이용 전 가까운 지역과 이동 범위를 비교할 때 참고할 수 있습니다.","1","0","1","1"
"동랜딩","massage/읍내동-출장마사지-대구-북구-생활권-이동동선-지역정보-이용전-안내/index.html","변경후보","읍내동 출장마사지 | 대구 북구 생활권·지역 이용 안내 | 몽라운지","읍내동 지역 이용 안내 | 대구 북구 생활권·지역 이용 안내 | 몽라운지","읍내동 생활권의 기본적인 이동 방향과 인접 지역 확인 방법을 한 페이지에 정리했습니다. 대구 북구 읍내동 출장마사지 이용 전 현재 위치와 지역 범위를 먼저 확인해 보세요.","읍내동 생활권의 기본적인 이동 방향과 인접 지역 확인 방법을 한 페이지에 정리했습니다. 대구 북구 읍내동 출장마사지 이용 전 현재 위치와 지역 범위를 먼저 확인해 보세요.","1","0","1","1"
"동랜딩","massage/이곡동-출장마사지-대구-달서구-생활권-이동동선-지역정보-이용전-안내/index.html","변경후보","이곡동 출장마사지 | 대구 달서구 생활권·지역 이용 안내 | 몽라운지","이곡동 생활권 안내 | 대구 달서구 생활권·지역 이용 안내 | 몽라운지","기준으로 가까운 생활권과 귀가·외출 동선을 확인할 수 있도록 지역 정보를 구성했습니다. 대구 달서구 이곡동 출장마사지 이용 전 위치 설명과 이동 범위를 확인하는 데 참고하세요.","기준으로 가까운 생활권과 귀가·외출 동선을 확인할 수 있도록 지역 정보를 구성했습니다. 대구 달서구 이곡동 지역 이용 이용 전 위치 설명과 이동 범위를 확인하는 데 참고하세요.","1","0","1","0"
"동랜딩","massage/이천동-출장마사지-대구-남구-생활권-이동동선-지역정보-이용전-안내/index.html","변경후보","이천동 출장마사지 | 대구 남구 생활권·지역 이용 안내 | 몽라운지","이천동 지역 이용 안내 | 대구 남구 생활권·지역 이용 안내 | 몽라운지","이천동 주변에서 현재 위치를 파악할 때 필요한 생활권 기준과 지역 선택 방법을 정리했습니다. 대구 남구 이천동 출장마사지 이용 전 가까운 범위와 이용 정보를 확인할 수 있습니다.","이천동 주변에서 현재 위치를 파악할 때 필요한 생활권 기준과 지역 선택 방법을 정리했습니다. 대구 남구 이천동 출장마사지 이용 전 가까운 범위와 이용 정보를 확인할 수 있습니다.","1","0","1","1"
"동랜딩","massage/장기동-출장마사지-대구-달서구-생활권-이동동선-지역정보-이용전-안내/index.html","변경후보","장기동 출장마사지 | 대구 달서구 생활권·지역 이용 안내 | 몽라운지","장기동 생활권 안내 | 대구 달서구 생활권·지역 이용 안내 | 몽라운지","주거권과 일상 이동 범위를 중심으로 지역 정보를 먼저 확인할 수 있게 정리했습니다. 대구 달서구 장기동 출장마사지 이용 전 위치와 인접 생활권을 비교해 보세요.","주거권과 일상 이동 범위를 중심으로 지역 정보를 먼저 확인할 수 있게 정리했습니다. 대구 달서구 장기동 지역 이용 이용 전 위치와 인접 생활권을 비교해 보세요.","1","0","1","0"
"동랜딩","massage/죽전동-출장마사지-대구-달서구-생활권-이동동선-지역정보-이용전-안내/index.html","변경후보","죽전동 출장마사지 | 대구 달서구 생활권·지역 이용 안내 | 몽라운지","죽전동 지역 이용 안내 | 대구 달서구 생활권·지역 이용 안내 | 몽라운지","다른 생활권으로 이동할 때 참고하기 좋은 지역 기준과 위치 확인 항목을 정리했습니다. 대구 달서구 죽전동 출장마사지 이용 전 지역 범위를 확인하는 안내입니다.","다른 생활권으로 이동할 때 참고하기 좋은 지역 기준과 위치 확인 항목을 정리했습니다. 대구 달서구 죽전동 출장마사지 이용 전 지역 범위를 확인하는 안내입니다.","1","0","1","1"
"동랜딩","massage/중동-출장마사지-대구-수성구-생활권-이동동선-지역정보-이용전-안내/index.html","변경후보","중동 출장마사지 | 대구 수성구 생활권·지역 이용 안내 | 몽라운지","중동 생활권 안내 | 대구 수성구 생활권·지역 이용 안내 | 몽라운지","중동 생활권 안에서 현재 위치와 가까운 지역을 찾기 쉽도록 기본 지역 정보를 구성했습니다. 대구 수성구 중동 출장마사지 이용 전 이동 방향과 주변 생활권을 확인해 보세요.","중동 생활권 안에서 현재 위치와 가까운 지역을 찾기 쉽도록 기본 지역 정보를 구성했습니다. 대구 수성구 중동 지역 이용 이용 전 이동 방향과 주변 생활권을 확인해 보세요.","1","0","1","0"
"동랜딩","massage/지산동-출장마사지-대구-수성구-생활권-이동동선-지역정보-이용전-안내/index.html","변경후보","지산동 출장마사지 | 대구 수성구 생활권·지역 이용 안내 | 몽라운지","지산동 생활권 안내 | 대구 수성구 생활권·지역 이용 안내 | 몽라운지","지산동 주변의 생활권과 이동 흐름을 먼저 살펴보고 현재 위치를 설명하기 좋은 기준을 정리했습니다. 대구 수성구 지산동 출장마사지 이용 전 지역 범위와 위치 정보를 확인해 보세요.","지산동 주변의 생활권과 이동 흐름을 먼저 살펴보고 현재 위치를 설명하기 좋은 기준을 정리했습니다. 대구 수성구 지산동 지역 이용 이용 전 지역 범위와 위치 정보를 확인해 보세요.","1","0","1","0"
"동랜딩","massage/지저동-출장마사지-대구-동구-생활권-이동동선-지역정보-이용전-안내/index.html","변경후보","지저동 출장마사지 | 대구 동구 생활권·지역 이용 안내 | 몽라운지","지저동 지역 이용 안내 | 대구 동구 생활권·지역 이용 안내 | 몽라운지","자주 오가는 주거·상업 생활권을 기준으로 위치 확인 방법을 정리했습니다. 대구 동구 지저동 출장마사지 이용 전 가까운 지역과 이동 범위를 비교할 때 참고할 수 있습니다.","자주 오가는 주거·상업 생활권을 기준으로 위치 확인 방법을 정리했습니다. 대구 동구 지저동 출장마사지 이용 전 가까운 지역과 이동 범위를 비교할 때 참고할 수 있습니다.","1","0","1","1"
"동랜딩","massage/진천동-출장마사지-대구-달서구-생활권-이동동선-지역정보-이용전-안내/index.html","변경후보","진천동 출장마사지 | 대구 달서구 생활권·지역 이용 안내 | 몽라운지","진천동 생활권 안내 | 대구 달서구 생활권·지역 이용 안내 | 몽라운지","진천동 생활권의 기본적인 이동 방향과 인접 지역 확인 방법을 한 페이지에 정리했습니다. 대구 달서구 진천동 출장마사지 이용 전 현재 위치와 지역 범위를 먼저 확인해 보세요.","진천동 생활권의 기본적인 이동 방향과 인접 지역 확인 방법을 한 페이지에 정리했습니다. 대구 달서구 진천동 지역 이용 이용 전 현재 위치와 지역 범위를 먼저 확인해 보세요.","1","0","1","0"
"동랜딩","massage/칠성동-출장마사지-대구-북구-생활권-이동동선-지역정보-이용전-안내/index.html","변경후보","칠성동 출장마사지 | 대구 북구 생활권·지역 이용 안내 | 몽라운지","칠성동 출장마사지 | 대구 북구 생활권·지역 이용 안내 | 몽라운지","기준으로 가까운 생활권과 귀가·외출 동선을 확인할 수 있도록 지역 정보를 구성했습니다. 대구 북구 칠성동 출장마사지 이용 전 위치 설명과 이동 범위를 확인하는 데 참고하세요.","기준으로 가까운 생활권과 귀가·외출 동선을 확인할 수 있도록 지역 정보를 구성했습니다. 대구 북구 칠성동 생활권 이용 이용 전 위치 설명과 이동 범위를 확인하는 데 참고하세요.","1","1","1","0"
"동랜딩","massage/침산동-출장마사지-대구-북구-생활권-이동동선-지역정보-이용전-안내/index.html","변경후보","침산동 출장마사지 | 대구 북구 생활권·지역 이용 안내 | 몽라운지","침산동 생활권 안내 | 대구 북구 생활권·지역 이용 안내 | 몽라운지","침산동 주변에서 현재 위치를 파악할 때 필요한 생활권 기준과 지역 선택 방법을 정리했습니다. 대구 북구 침산동 출장마사지 이용 전 가까운 범위와 이용 정보를 확인할 수 있습니다.","침산동 주변에서 현재 위치를 파악할 때 필요한 생활권 기준과 지역 선택 방법을 정리했습니다. 대구 북구 침산동 지역 이용 이용 전 가까운 범위와 이용 정보를 확인할 수 있습니다.","1","0","1","0"
"동랜딩","massage/태전동-출장마사지-대구-북구-생활권-이동동선-지역정보-이용전-안내/index.html","변경후보","태전동 출장마사지 | 대구 북구 생활권·지역 이용 안내 | 몽라운지","태전동 지역 이용 안내 | 대구 북구 생활권·지역 이용 안내 | 몽라운지","주거권과 일상 이동 범위를 중심으로 지역 정보를 먼저 확인할 수 있게 정리했습니다. 대구 북구 태전동 출장마사지 이용 전 위치와 인접 생활권을 비교해 보세요.","주거권과 일상 이동 범위를 중심으로 지역 정보를 먼저 확인할 수 있게 정리했습니다. 대구 북구 태전동 출장마사지 이용 전 위치와 인접 생활권을 비교해 보세요.","1","0","1","1"
"동랜딩","massage/파동-출장마사지-대구-수성구-생활권-이동동선-지역정보-이용전-안내/index.html","변경후보","파동 출장마사지 | 대구 수성구 생활권·지역 이용 안내 | 몽라운지","파동 지역 이용 안내 | 대구 수성구 생활권·지역 이용 안내 | 몽라운지","다른 생활권으로 이동할 때 참고하기 좋은 지역 기준과 위치 확인 항목을 정리했습니다. 대구 수성구 파동 출장마사지 이용 전 지역 범위를 확인하는 안내입니다.","다른 생활권으로 이동할 때 참고하기 좋은 지역 기준과 위치 확인 항목을 정리했습니다. 대구 수성구 파동 출장마사지 이용 전 지역 범위를 확인하는 안내입니다.","1","0","1","1"
"동랜딩","massage/평리동-출장마사지-대구-서구-생활권-이동동선-지역정보-이용전-안내/index.html","변경후보","평리동 출장마사지 | 대구 서구 생활권·지역 이용 안내 | 몽라운지","평리동 생활권 안내 | 대구 서구 생활권·지역 이용 안내 | 몽라운지","평리동 생활권 안에서 현재 위치와 가까운 지역을 찾기 쉽도록 기본 지역 정보를 구성했습니다. 대구 서구 평리동 출장마사지 이용 전 이동 방향과 주변 생활권을 확인해 보세요.","평리동 생활권 안에서 현재 위치와 가까운 지역을 찾기 쉽도록 기본 지역 정보를 구성했습니다. 대구 서구 평리동 지역 이용 이용 전 이동 방향과 주변 생활권을 확인해 보세요.","1","0","1","0"
"동랜딩","massage/해안동-출장마사지-대구-동구-생활권-이동동선-지역정보-이용전-안내/index.html","변경후보","해안동 출장마사지 | 대구 동구 생활권·지역 이용 안내 | 몽라운지","해안동 출장마사지 | 대구 동구 생활권·지역 이용 안내 | 몽라운지","해안동 주변의 생활권과 이동 흐름을 먼저 살펴보고 현재 위치를 설명하기 좋은 기준을 정리했습니다. 대구 동구 해안동 출장마사지 이용 전 지역 범위와 위치 정보를 확인해 보세요.","해안동 주변의 생활권과 이동 흐름을 먼저 살펴보고 현재 위치를 설명하기 좋은 기준을 정리했습니다. 대구 동구 해안동 생활권 이용 이용 전 지역 범위와 위치 정보를 확인해 보세요.","1","1","1","0"
"동랜딩","massage/혁신동-출장마사지-대구-동구-생활권-이동동선-지역정보-이용전-안내/index.html","변경후보","혁신동 출장마사지 | 대구 동구 생활권·지역 이용 안내 | 몽라운지","혁신동 생활권 안내 | 대구 동구 생활권·지역 이용 안내 | 몽라운지","자주 오가는 주거·상업 생활권을 기준으로 위치 확인 방법을 정리했습니다. 대구 동구 혁신동 출장마사지 이용 전 가까운 지역과 이동 범위를 비교할 때 참고할 수 있습니다.","자주 오가는 주거·상업 생활권을 기준으로 위치 확인 방법을 정리했습니다. 대구 동구 혁신동 지역 이용 이용 전 가까운 지역과 이동 범위를 비교할 때 참고할 수 있습니다.","1","0","1","0"
"동랜딩","massage/황금동-출장마사지-대구-수성구-생활권-이동동선-지역정보-이용전-안내/index.html","변경후보","황금동 출장마사지 | 대구 수성구 생활권·지역 이용 안내 | 몽라운지","황금동 출장마사지 | 대구 수성구 생활권·지역 이용 안내 | 몽라운지","황금동 생활권의 기본적인 이동 방향과 인접 지역 확인 방법을 한 페이지에 정리했습니다. 대구 수성구 황금동 출장마사지 이용 전 현재 위치와 지역 범위를 먼저 확인해 보세요.","황금동 생활권의 기본적인 이동 방향과 인접 지역 확인 방법을 한 페이지에 정리했습니다. 대구 수성구 황금동 생활권 이용 이용 전 현재 위치와 지역 범위를 먼저 확인해 보세요.","1","1","1","0"
"동랜딩","massage/효목동-출장마사지-대구-동구-생활권-이동동선-지역정보-이용전-안내/index.html","변경후보","효목동 출장마사지 | 대구 동구 생활권·지역 이용 안내 | 몽라운지","효목동 지역 이용 안내 | 대구 동구 생활권·지역 이용 안내 | 몽라운지","기준으로 가까운 생활권과 귀가·외출 동선을 확인할 수 있도록 지역 정보를 구성했습니다. 대구 동구 효목동 출장마사지 이용 전 위치 설명과 이동 범위를 확인하는 데 참고하세요.","기준으로 가까운 생활권과 귀가·외출 동선을 확인할 수 있도록 지역 정보를 구성했습니다. 대구 동구 효목동 출장마사지 이용 전 위치 설명과 이동 범위를 확인하는 데 참고하세요.","1","0","1","1"
"동랜딩","massage/금학동-출장마사지-공주-생활권-이동동선-지역정보-이용전-안내/index.html","변경후보","금학동 출장마사지 | 공주 생활권·지역 이용 안내 | 몽라운지","금학동 생활권 안내 | 공주 생활권·지역 이용 안내 | 몽라운지","금학동 주변에서 현재 위치를 파악할 때 필요한 생활권 기준과 지역 선택 방법을 정리했습니다. 공주 금학동 출장마사지 이용 전 가까운 범위와 이용 정보를 확인할 수 있습니다.","금학동 주변에서 현재 위치를 파악할 때 필요한 생활권 기준과 지역 선택 방법을 정리했습니다. 공주 금학동 지역 이용 이용 전 가까운 범위와 이용 정보를 확인할 수 있습니다.","1","0","1","0"
"동랜딩","massage/신관동-출장마사지-공주-생활권-이동동선-지역정보-이용전-안내/index.html","변경후보","신관동 출장마사지 | 공주 생활권·지역 이용 안내 | 몽라운지","신관동 지역 이용 안내 | 공주 생활권·지역 이용 안내 | 몽라운지","주거권과 일상 이동 범위를 중심으로 지역 정보를 먼저 확인할 수 있게 정리했습니다. 공주 신관동 출장마사지 이용 전 위치와 인접 생활권을 비교해 보세요.","주거권과 일상 이동 범위를 중심으로 지역 정보를 먼저 확인할 수 있게 정리했습니다. 공주 신관동 출장마사지 이용 전 위치와 인접 생활권을 비교해 보세요.","1","0","1","1"
"동랜딩","massage/옥룡동-출장마사지-공주-생활권-이동동선-지역정보-이용전-안내/index.html","변경후보","옥룡동 출장마사지 | 공주 생활권·지역 이용 안내 | 몽라운지","옥룡동 출장마사지 | 공주 생활권·지역 이용 안내 | 몽라운지","다른 생활권으로 이동할 때 참고하기 좋은 지역 기준과 위치 확인 항목을 정리했습니다. 공주 옥룡동 출장마사지 이용 전 지역 범위를 확인하는 안내입니다.","다른 생활권으로 이동할 때 참고하기 좋은 지역 기준과 위치 확인 항목을 정리했습니다. 공주 옥룡동 생활권 이용 이용 전 지역 범위를 확인하는 안내입니다.","1","1","1","0"
"동랜딩","massage/웅진동-출장마사지-공주-생활권-이동동선-지역정보-이용전-안내/index.html","변경후보","웅진동 출장마사지 | 공주 생활권·지역 이용 안내 | 몽라운지","웅진동 지역 이용 안내 | 공주 생활권·지역 이용 안내 | 몽라운지","웅진동 생활권 안에서 현재 위치와 가까운 지역을 찾기 쉽도록 기본 지역 정보를 구성했습니다. 공주 웅진동 출장마사지 이용 전 이동 방향과 주변 생활권을 확인해 보세요.","웅진동 생활권 안에서 현재 위치와 가까운 지역을 찾기 쉽도록 기본 지역 정보를 구성했습니다. 공주 웅진동 출장마사지 이용 전 이동 방향과 주변 생활권을 확인해 보세요.","1","0","1","1"
"동랜딩","massage/월송동-출장마사지-공주-생활권-이동동선-지역정보-이용전-안내/index.html","변경후보","월송동 출장마사지 | 공주 생활권·지역 이용 안내 | 몽라운지","월송동 출장마사지 | 공주 생활권·지역 이용 안내 | 몽라운지","월송동 주변의 생활권과 이동 흐름을 먼저 살펴보고 현재 위치를 설명하기 좋은 기준을 정리했습니다. 공주 월송동 출장마사지 이용 전 지역 범위와 위치 정보를 확인해 보세요.","월송동 주변의 생활권과 이동 흐름을 먼저 살펴보고 현재 위치를 설명하기 좋은 기준을 정리했습니다. 공주 월송동 생활권 이용 이용 전 지역 범위와 위치 정보를 확인해 보세요.","1","1","1","0"
"동랜딩","massage/중학동-출장마사지-공주-생활권-이동동선-지역정보-이용전-안내/index.html","변경후보","중학동 출장마사지 | 공주 생활권·지역 이용 안내 | 몽라운지","중학동 생활권 안내 | 공주 생활권·지역 이용 안내 | 몽라운지","자주 오가는 주거·상업 생활권을 기준으로 위치 확인 방법을 정리했습니다. 공주 중학동 출장마사지 이용 전 가까운 지역과 이동 범위를 비교할 때 참고할 수 있습니다.","자주 오가는 주거·상업 생활권을 기준으로 위치 확인 방법을 정리했습니다. 공주 중학동 지역 이용 이용 전 가까운 지역과 이동 범위를 비교할 때 참고할 수 있습니다.","1","0","1","0"
"동랜딩","massage/금암동-출장마사지-계룡-생활권-이동동선-지역정보-이용전-안내/index.html","변경후보","금암동 출장마사지 | 계룡 생활권·지역 이용 안내 | 몽라운지","금암동 출장마사지 | 계룡 생활권·지역 이용 안내 | 몽라운지","금암동 생활권의 기본적인 이동 방향과 인접 지역 확인 방법을 한 페이지에 정리했습니다. 계룡 금암동 출장마사지 이용 전 현재 위치와 지역 범위를 먼저 확인해 보세요.","금암동 생활권의 기본적인 이동 방향과 인접 지역 확인 방법을 한 페이지에 정리했습니다. 계룡 금암동 생활권 이용 이용 전 현재 위치와 지역 범위를 먼저 확인해 보세요.","1","1","1","0"
"동랜딩","massage/금암동-출장마사지-전주-덕진구-생활권-이동동선-지역정보-이용전-안내/index.html","변경후보","금암동 출장마사지 | 전주 덕진구 생활권·지역 이용 안내 | 몽라운지","금암동 생활권 안내 | 전주 덕진구 생활권·지역 이용 안내 | 몽라운지","기준으로 가까운 생활권과 귀가·외출 동선을 확인할 수 있도록 지역 정보를 구성했습니다. 전주 덕진구 금암동 출장마사지 이용 전 위치 설명과 이동 범위를 확인하는 데 참고하세요.","기준으로 가까운 생활권과 귀가·외출 동선을 확인할 수 있도록 지역 정보를 구성했습니다. 전주 덕진구 금암동 지역 이용 이용 전 위치 설명과 이동 범위를 확인하는 데 참고하세요.","1","0","1","0"
"동랜딩","massage/노송동-출장마사지-전주-완산구-생활권-이동동선-지역정보-이용전-안내/index.html","변경후보","노송동 출장마사지 | 전주 완산구 생활권·지역 이용 안내 | 몽라운지","노송동 지역 이용 안내 | 전주 완산구 생활권·지역 이용 안내 | 몽라운지","노송동 주변에서 현재 위치를 파악할 때 필요한 생활권 기준과 지역 선택 방법을 정리했습니다. 전주 완산구 노송동 출장마사지 이용 전 가까운 범위와 이용 정보를 확인할 수 있습니다.","노송동 주변에서 현재 위치를 파악할 때 필요한 생활권 기준과 지역 선택 방법을 정리했습니다. 전주 완산구 노송동 출장마사지 이용 전 가까운 범위와 이용 정보를 확인할 수 있습니다.","1","0","1","1"
"동랜딩","massage/덕진동-출장마사지-전주-덕진구-생활권-이동동선-지역정보-이용전-안내/index.html","변경후보","덕진동 출장마사지 | 전주 덕진구 생활권·지역 이용 안내 | 몽라운지","덕진동 생활권 안내 | 전주 덕진구 생활권·지역 이용 안내 | 몽라운지","주거권과 일상 이동 범위를 중심으로 지역 정보를 먼저 확인할 수 있게 정리했습니다. 전주 덕진구 덕진동 출장마사지 이용 전 위치와 인접 생활권을 비교해 보세요.","주거권과 일상 이동 범위를 중심으로 지역 정보를 먼저 확인할 수 있게 정리했습니다. 전주 덕진구 덕진동 지역 이용 이용 전 위치와 인접 생활권을 비교해 보세요.","1","0","1","0"
"동랜딩","massage/동서학동-출장마사지-전주-완산구-생활권-이동동선-지역정보-이용전-안내/index.html","변경후보","동서학동 출장마사지 | 전주 완산구 생활권·지역 이용 안내 | 몽라운지","동서학동 생활권 안내 | 전주 완산구 생활권·지역 이용 안내 | 몽라운지","다른 생활권으로 이동할 때 참고하기 좋은 지역 기준과 위치 확인 항목을 정리했습니다. 전주 완산구 동서학동 출장마사지 이용 전 지역 범위를 확인하는 안내입니다.","다른 생활권으로 이동할 때 참고하기 좋은 지역 기준과 위치 확인 항목을 정리했습니다. 전주 완산구 동서학동 지역 이용 이용 전 지역 범위를 확인하는 안내입니다.","1","0","1","0"
"동랜딩","massage/삼천동-출장마사지-전주-완산구-생활권-이동동선-지역정보-이용전-안내/index.html","변경후보","삼천동 출장마사지 | 전주 완산구 생활권·지역 이용 안내 | 몽라운지","삼천동 출장마사지 | 전주 완산구 생활권·지역 이용 안내 | 몽라운지","삼천동 생활권 안에서 현재 위치와 가까운 지역을 찾기 쉽도록 기본 지역 정보를 구성했습니다. 전주 완산구 삼천동 출장마사지 이용 전 이동 방향과 주변 생활권을 확인해 보세요.","삼천동 생활권 안에서 현재 위치와 가까운 지역을 찾기 쉽도록 기본 지역 정보를 구성했습니다. 전주 완산구 삼천동 생활권 이용 이용 전 이동 방향과 주변 생활권을 확인해 보세요.","1","1","1","0"
"동랜딩","massage/서서학동-출장마사지-전주-완산구-생활권-이동동선-지역정보-이용전-안내/index.html","변경후보","서서학동 출장마사지 | 전주 완산구 생활권·지역 이용 안내 | 몽라운지","서서학동 지역 이용 안내 | 전주 완산구 생활권·지역 이용 안내 | 몽라운지","서서학동 주변의 생활권과 이동 흐름을 먼저 살펴보고 현재 위치를 설명하기 좋은 기준을 정리했습니다. 전주 완산구 서서학동 출장마사지 이용 전 지역 범위와 위치 정보를 확인해 보세요.","서서학동 주변의 생활권과 이동 흐름을 먼저 살펴보고 현재 위치를 설명하기 좋은 기준을 정리했습니다. 전주 완산구 서서학동 출장마사지 이용 전 지역 범위와 위치 정보를 확인해 보세요.","1","0","1","1"
"동랜딩","massage/서신동-출장마사지-전주-완산구-생활권-이동동선-지역정보-이용전-안내/index.html","변경후보","서신동 출장마사지 | 전주 완산구 생활권·지역 이용 안내 | 몽라운지","서신동 지역 이용 안내 | 전주 완산구 생활권·지역 이용 안내 | 몽라운지","자주 오가는 주거·상업 생활권을 기준으로 위치 확인 방법을 정리했습니다. 전주 완산구 서신동 출장마사지 이용 전 가까운 지역과 이동 범위를 비교할 때 참고할 수 있습니다.","자주 오가는 주거·상업 생활권을 기준으로 위치 확인 방법을 정리했습니다. 전주 완산구 서신동 출장마사지 이용 전 가까운 지역과 이동 범위를 비교할 때 참고할 수 있습니다.","1","0","1","1"
"동랜딩","massage/송천동-출장마사지-전주-덕진구-생활권-이동동선-지역정보-이용전-안내/index.html","변경후보","송천동 출장마사지 | 전주 덕진구 생활권·지역 이용 안내 | 몽라운지","송천동 지역 이용 안내 | 전주 덕진구 생활권·지역 이용 안내 | 몽라운지","송천동 생활권의 기본적인 이동 방향과 인접 지역 확인 방법을 한 페이지에 정리했습니다. 전주 덕진구 송천동 출장마사지 이용 전 현재 위치와 지역 범위를 먼저 확인해 보세요.","송천동 생활권의 기본적인 이동 방향과 인접 지역 확인 방법을 한 페이지에 정리했습니다. 전주 덕진구 송천동 출장마사지 이용 전 현재 위치와 지역 범위를 먼저 확인해 보세요.","1","0","1","1"
"동랜딩","massage/여의동-출장마사지-전주-덕진구-생활권-이동동선-지역정보-이용전-안내/index.html","변경후보","여의동 출장마사지 | 전주 덕진구 생활권·지역 이용 안내 | 몽라운지","여의동 지역 이용 안내 | 전주 덕진구 생활권·지역 이용 안내 | 몽라운지","기준으로 가까운 생활권과 귀가·외출 동선을 확인할 수 있도록 지역 정보를 구성했습니다. 전주 덕진구 여의동 출장마사지 이용 전 위치 설명과 이동 범위를 확인하는 데 참고하세요.","기준으로 가까운 생활권과 귀가·외출 동선을 확인할 수 있도록 지역 정보를 구성했습니다. 전주 덕진구 여의동 출장마사지 이용 전 위치 설명과 이동 범위를 확인하는 데 참고하세요.","1","0","1","1"
"동랜딩","massage/완산동-출장마사지-전주-완산구-생활권-이동동선-지역정보-이용전-안내/index.html","변경후보","완산동 출장마사지 | 전주 완산구 생활권·지역 이용 안내 | 몽라운지","완산동 생활권 안내 | 전주 완산구 생활권·지역 이용 안내 | 몽라운지","완산동 주변에서 현재 위치를 파악할 때 필요한 생활권 기준과 지역 선택 방법을 정리했습니다. 전주 완산구 완산동 출장마사지 이용 전 가까운 범위와 이용 정보를 확인할 수 있습니다.","완산동 주변에서 현재 위치를 파악할 때 필요한 생활권 기준과 지역 선택 방법을 정리했습니다. 전주 완산구 완산동 지역 이용 이용 전 가까운 범위와 이용 정보를 확인할 수 있습니다.","1","0","1","0"
"동랜딩","massage/우아동-출장마사지-전주-덕진구-생활권-이동동선-지역정보-이용전-안내/index.html","변경후보","우아동 출장마사지 | 전주 덕진구 생활권·지역 이용 안내 | 몽라운지","우아동 지역 이용 안내 | 전주 덕진구 생활권·지역 이용 안내 | 몽라운지","주거권과 일상 이동 범위를 중심으로 지역 정보를 먼저 확인할 수 있게 정리했습니다. 전주 덕진구 우아동 출장마사지 이용 전 위치와 인접 생활권을 비교해 보세요.","주거권과 일상 이동 범위를 중심으로 지역 정보를 먼저 확인할 수 있게 정리했습니다. 전주 덕진구 우아동 출장마사지 이용 전 위치와 인접 생활권을 비교해 보세요.","1","0","1","1"
"동랜딩","massage/인후동-출장마사지-전주-덕진구-생활권-이동동선-지역정보-이용전-안내/index.html","변경후보","인후동 출장마사지 | 전주 덕진구 생활권·지역 이용 안내 | 몽라운지","인후동 지역 이용 안내 | 전주 덕진구 생활권·지역 이용 안내 | 몽라운지","다른 생활권으로 이동할 때 참고하기 좋은 지역 기준과 위치 확인 항목을 정리했습니다. 전주 덕진구 인후동 출장마사지 이용 전 지역 범위를 확인하는 안내입니다.","다른 생활권으로 이동할 때 참고하기 좋은 지역 기준과 위치 확인 항목을 정리했습니다. 전주 덕진구 인후동 출장마사지 이용 전 지역 범위를 확인하는 안내입니다.","1","0","1","1"
"동랜딩","massage/조촌동-출장마사지-전주-덕진구-생활권-이동동선-지역정보-이용전-안내/index.html","변경후보","조촌동 출장마사지 | 전주 덕진구 생활권·지역 이용 안내 | 몽라운지","조촌동 생활권 안내 | 전주 덕진구 생활권·지역 이용 안내 | 몽라운지","조촌동 생활권 안에서 현재 위치와 가까운 지역을 찾기 쉽도록 기본 지역 정보를 구성했습니다. 전주 덕진구 조촌동 출장마사지 이용 전 이동 방향과 주변 생활권을 확인해 보세요.","조촌동 생활권 안에서 현재 위치와 가까운 지역을 찾기 쉽도록 기본 지역 정보를 구성했습니다. 전주 덕진구 조촌동 지역 이용 이용 전 이동 방향과 주변 생활권을 확인해 보세요.","1","0","1","0"
"동랜딩","massage/중앙동-출장마사지-전주-완산구-생활권-이동동선-지역정보-이용전-안내/index.html","변경후보","중앙동 출장마사지 | 전주 완산구 생활권·지역 이용 안내 | 몽라운지","중앙동 지역 이용 안내 | 전주 완산구 생활권·지역 이용 안내 | 몽라운지","중앙동 주변의 생활권과 이동 흐름을 먼저 살펴보고 현재 위치를 설명하기 좋은 기준을 정리했습니다. 전주 완산구 중앙동 출장마사지 이용 전 지역 범위와 위치 정보를 확인해 보세요.","중앙동 주변의 생활권과 이동 흐름을 먼저 살펴보고 현재 위치를 설명하기 좋은 기준을 정리했습니다. 전주 완산구 중앙동 출장마사지 이용 전 지역 범위와 위치 정보를 확인해 보세요.","1","0","1","1"
"동랜딩","massage/중화산동-출장마사지-전주-완산구-생활권-이동동선-지역정보-이용전-안내/index.html","변경후보","중화산동 출장마사지 | 전주 완산구 생활권·지역 이용 안내 | 몽라운지","중화산동 출장마사지 | 전주 완산구 생활권·지역 이용 안내 | 몽라운지","자주 오가는 주거·상업 생활권을 기준으로 위치 확인 방법을 정리했습니다. 전주 완산구 중화산동 출장마사지 이용 전 가까운 지역과 이동 범위를 비교할 때 참고할 수 있습니다.","자주 오가는 주거·상업 생활권을 기준으로 위치 확인 방법을 정리했습니다. 전주 완산구 중화산동 생활권 이용 이용 전 가까운 지역과 이동 범위를 비교할 때 참고할 수 있습니다.","1","1","1","0"
"동랜딩","massage/진북동-출장마사지-전주-덕진구-생활권-이동동선-지역정보-이용전-안내/index.html","변경후보","진북동 출장마사지 | 전주 덕진구 생활권·지역 이용 안내 | 몽라운지","진북동 생활권 안내 | 전주 덕진구 생활권·지역 이용 안내 | 몽라운지","진북동 생활권의 기본적인 이동 방향과 인접 지역 확인 방법을 한 페이지에 정리했습니다. 전주 덕진구 진북동 출장마사지 이용 전 현재 위치와 지역 범위를 먼저 확인해 보세요.","진북동 생활권의 기본적인 이동 방향과 인접 지역 확인 방법을 한 페이지에 정리했습니다. 전주 덕진구 진북동 지역 이용 이용 전 현재 위치와 지역 범위를 먼저 확인해 보세요.","1","0","1","0"
"동랜딩","massage/팔복동-출장마사지-전주-덕진구-생활권-이동동선-지역정보-이용전-안내/index.html","변경후보","팔복동 출장마사지 | 전주 덕진구 생활권·지역 이용 안내 | 몽라운지","팔복동 생활권 안내 | 전주 덕진구 생활권·지역 이용 안내 | 몽라운지","기준으로 가까운 생활권과 귀가·외출 동선을 확인할 수 있도록 지역 정보를 구성했습니다. 전주 덕진구 팔복동 출장마사지 이용 전 위치 설명과 이동 범위를 확인하는 데 참고하세요.","기준으로 가까운 생활권과 귀가·외출 동선을 확인할 수 있도록 지역 정보를 구성했습니다. 전주 덕진구 팔복동 지역 이용 이용 전 위치 설명과 이동 범위를 확인하는 데 참고하세요.","1","0","1","0"
"동랜딩","massage/평화동-출장마사지-전주-완산구-생활권-이동동선-지역정보-이용전-안내/index.html","변경후보","평화동 출장마사지 | 전주 완산구 생활권·지역 이용 안내 | 몽라운지","평화동 출장마사지 | 전주 완산구 생활권·지역 이용 안내 | 몽라운지","평화동 주변에서 현재 위치를 파악할 때 필요한 생활권 기준과 지역 선택 방법을 정리했습니다. 전주 완산구 평화동 출장마사지 이용 전 가까운 범위와 이용 정보를 확인할 수 있습니다.","평화동 주변에서 현재 위치를 파악할 때 필요한 생활권 기준과 지역 선택 방법을 정리했습니다. 전주 완산구 평화동 생활권 이용 이용 전 가까운 범위와 이용 정보를 확인할 수 있습니다.","1","1","1","0"
"동랜딩","massage/풍남동-출장마사지-전주-완산구-생활권-이동동선-지역정보-이용전-안내/index.html","변경후보","풍남동 출장마사지 | 전주 완산구 생활권·지역 이용 안내 | 몽라운지","풍남동 생활권 안내 | 전주 완산구 생활권·지역 이용 안내 | 몽라운지","주거권과 일상 이동 범위를 중심으로 지역 정보를 먼저 확인할 수 있게 정리했습니다. 전주 완산구 풍남동 출장마사지 이용 전 위치와 인접 생활권을 비교해 보세요.","주거권과 일상 이동 범위를 중심으로 지역 정보를 먼저 확인할 수 있게 정리했습니다. 전주 완산구 풍남동 지역 이용 이용 전 위치와 인접 생활권을 비교해 보세요.","1","0","1","0"
"동랜딩","massage/혁신동-출장마사지-전주-덕진구-생활권-이동동선-지역정보-이용전-안내/index.html","변경후보","혁신동 출장마사지 | 전주 덕진구 생활권·지역 이용 안내 | 몽라운지","혁신동 지역 이용 안내 | 전주 덕진구 생활권·지역 이용 안내 | 몽라운지","다른 생활권으로 이동할 때 참고하기 좋은 지역 기준과 위치 확인 항목을 정리했습니다. 전주 덕진구 혁신동 출장마사지 이용 전 지역 범위를 확인하는 안내입니다.","다른 생활권으로 이동할 때 참고하기 좋은 지역 기준과 위치 확인 항목을 정리했습니다. 전주 덕진구 혁신동 출장마사지 이용 전 지역 범위를 확인하는 안내입니다.","1","0","1","1"
"동랜딩","massage/호성동-출장마사지-전주-덕진구-생활권-이동동선-지역정보-이용전-안내/index.html","변경후보","호성동 출장마사지 | 전주 덕진구 생활권·지역 이용 안내 | 몽라운지","호성동 출장마사지 | 전주 덕진구 생활권·지역 이용 안내 | 몽라운지","호성동 생활권 안에서 현재 위치와 가까운 지역을 찾기 쉽도록 기본 지역 정보를 구성했습니다. 전주 덕진구 호성동 출장마사지 이용 전 이동 방향과 주변 생활권을 확인해 보세요.","호성동 생활권 안에서 현재 위치와 가까운 지역을 찾기 쉽도록 기본 지역 정보를 구성했습니다. 전주 덕진구 호성동 생활권 이용 이용 전 이동 방향과 주변 생활권을 확인해 보세요.","1","1","1","0"
"동랜딩","massage/효자동-출장마사지-전주-완산구-생활권-이동동선-지역정보-이용전-안내/index.html","변경후보","효자동 출장마사지 | 전주 완산구 생활권·지역 이용 안내 | 몽라운지","효자동 출장마사지 | 전주 완산구 생활권·지역 이용 안내 | 몽라운지","효자동 주변의 생활권과 이동 흐름을 먼저 살펴보고 현재 위치를 설명하기 좋은 기준을 정리했습니다. 전주 완산구 효자동 출장마사지 이용 전 지역 범위와 위치 정보를 확인해 보세요.","효자동 주변의 생활권과 이동 흐름을 먼저 살펴보고 현재 위치를 설명하기 좋은 기준을 정리했습니다. 전주 완산구 효자동 생활권 이용 이용 전 지역 범위와 위치 정보를 확인해 보세요.","1","1","1","0"
"동랜딩","massage/건국동-출장마사지-광주-북구-생활권-이동동선-지역정보-이용전-안내/index.html","변경후보","건국동 출장마사지 | 광주 북구 생활권·지역 이용 안내 | 몽라운지","건국동 지역 이용 안내 | 광주 북구 생활권·지역 이용 안내 | 몽라운지","자주 오가는 주거·상업 생활권을 기준으로 위치 확인 방법을 정리했습니다. 광주 북구 건국동 출장마사지 이용 전 가까운 지역과 이동 범위를 비교할 때 참고할 수 있습니다.","자주 오가는 주거·상업 생활권을 기준으로 위치 확인 방법을 정리했습니다. 광주 북구 건국동 출장마사지 이용 전 가까운 지역과 이동 범위를 비교할 때 참고할 수 있습니다.","1","0","1","1"
"동랜딩","massage/계림동-출장마사지-광주-동구-생활권-이동동선-지역정보-이용전-안내/index.html","변경후보","계림동 출장마사지 | 광주 동구 생활권·지역 이용 안내 | 몽라운지","계림동 지역 이용 안내 | 광주 동구 생활권·지역 이용 안내 | 몽라운지","계림동 생활권의 기본적인 이동 방향과 인접 지역 확인 방법을 한 페이지에 정리했습니다. 광주 동구 계림동 출장마사지 이용 전 현재 위치와 지역 범위를 먼저 확인해 보세요.","계림동 생활권의 기본적인 이동 방향과 인접 지역 확인 방법을 한 페이지에 정리했습니다. 광주 동구 계림동 출장마사지 이용 전 현재 위치와 지역 범위를 먼저 확인해 보세요.","1","0","1","1"
"동랜딩","massage/광천동-출장마사지-광주-서구-생활권-이동동선-지역정보-이용전-안내/index.html","변경후보","광천동 출장마사지 | 광주 서구 생활권·지역 이용 안내 | 몽라운지","광천동 지역 이용 안내 | 광주 서구 생활권·지역 이용 안내 | 몽라운지","기준으로 가까운 생활권과 귀가·외출 동선을 확인할 수 있도록 지역 정보를 구성했습니다. 광주 서구 광천동 출장마사지 이용 전 위치 설명과 이동 범위를 확인하는 데 참고하세요.","기준으로 가까운 생활권과 귀가·외출 동선을 확인할 수 있도록 지역 정보를 구성했습니다. 광주 서구 광천동 출장마사지 이용 전 위치 설명과 이동 범위를 확인하는 데 참고하세요.","1","0","1","1"
"동랜딩","massage/금호동-출장마사지-광주-서구-생활권-이동동선-지역정보-이용전-안내/index.html","변경후보","금호동 출장마사지 | 광주 서구 생활권·지역 이용 안내 | 몽라운지","금호동 생활권 안내 | 광주 서구 생활권·지역 이용 안내 | 몽라운지","금호동 주변에서 현재 위치를 파악할 때 필요한 생활권 기준과 지역 선택 방법을 정리했습니다. 광주 서구 금호동 출장마사지 이용 전 가까운 범위와 이용 정보를 확인할 수 있습니다.","금호동 주변에서 현재 위치를 파악할 때 필요한 생활권 기준과 지역 선택 방법을 정리했습니다. 광주 서구 금호동 지역 이용 이용 전 가까운 범위와 이용 정보를 확인할 수 있습니다.","1","0","1","0"
"동랜딩","massage/농성동-출장마사지-광주-서구-생활권-이동동선-지역정보-이용전-안내/index.html","변경후보","농성동 출장마사지 | 광주 서구 생활권·지역 이용 안내 | 몽라운지","농성동 생활권 안내 | 광주 서구 생활권·지역 이용 안내 | 몽라운지","주거권과 일상 이동 범위를 중심으로 지역 정보를 먼저 확인할 수 있게 정리했습니다. 광주 서구 농성동 출장마사지 이용 전 위치와 인접 생활권을 비교해 보세요.","주거권과 일상 이동 범위를 중심으로 지역 정보를 먼저 확인할 수 있게 정리했습니다. 광주 서구 농성동 지역 이용 이용 전 위치와 인접 생활권을 비교해 보세요.","1","0","1","0"
"동랜딩","massage/대촌동-출장마사지-광주-남구-생활권-이동동선-지역정보-이용전-안내/index.html","변경후보","대촌동 출장마사지 | 광주 남구 생활권·지역 이용 안내 | 몽라운지","대촌동 출장마사지 | 광주 남구 생활권·지역 이용 안내 | 몽라운지","다른 생활권으로 이동할 때 참고하기 좋은 지역 기준과 위치 확인 항목을 정리했습니다. 광주 남구 대촌동 출장마사지 이용 전 지역 범위를 확인하는 안내입니다.","다른 생활권으로 이동할 때 참고하기 좋은 지역 기준과 위치 확인 항목을 정리했습니다. 광주 남구 대촌동 생활권 이용 이용 전 지역 범위를 확인하는 안내입니다.","1","1","1","0"
"동랜딩","massage/도산동-출장마사지-광주-광산구-생활권-이동동선-지역정보-이용전-안내/index.html","변경후보","도산동 출장마사지 | 광주 광산구 생활권·지역 이용 안내 | 몽라운지","도산동 출장마사지 | 광주 광산구 생활권·지역 이용 안내 | 몽라운지","도산동 생활권 안에서 현재 위치와 가까운 지역을 찾기 쉽도록 기본 지역 정보를 구성했습니다. 광주 광산구 도산동 출장마사지 이용 전 이동 방향과 주변 생활권을 확인해 보세요.","도산동 생활권 안에서 현재 위치와 가까운 지역을 찾기 쉽도록 기본 지역 정보를 구성했습니다. 광주 광산구 도산동 생활권 이용 이용 전 이동 방향과 주변 생활권을 확인해 보세요.","1","1","1","0"
"동랜딩","massage/동곡동-출장마사지-광주-광산구-생활권-이동동선-지역정보-이용전-안내/index.html","변경후보","동곡동 출장마사지 | 광주 광산구 생활권·지역 이용 안내 | 몽라운지","동곡동 생활권 안내 | 광주 광산구 생활권·지역 이용 안내 | 몽라운지","동곡동 주변의 생활권과 이동 흐름을 먼저 살펴보고 현재 위치를 설명하기 좋은 기준을 정리했습니다. 광주 광산구 동곡동 출장마사지 이용 전 지역 범위와 위치 정보를 확인해 보세요.","동곡동 주변의 생활권과 이동 흐름을 먼저 살펴보고 현재 위치를 설명하기 좋은 기준을 정리했습니다. 광주 광산구 동곡동 지역 이용 이용 전 지역 범위와 위치 정보를 확인해 보세요.","1","0","1","0"
"동랜딩","massage/동림동-출장마사지-광주-북구-생활권-이동동선-지역정보-이용전-안내/index.html","변경후보","동림동 출장마사지 | 광주 북구 생활권·지역 이용 안내 | 몽라운지","동림동 생활권 안내 | 광주 북구 생활권·지역 이용 안내 | 몽라운지","자주 오가는 주거·상업 생활권을 기준으로 위치 확인 방법을 정리했습니다. 광주 북구 동림동 출장마사지 이용 전 가까운 지역과 이동 범위를 비교할 때 참고할 수 있습니다.","자주 오가는 주거·상업 생활권을 기준으로 위치 확인 방법을 정리했습니다. 광주 북구 동림동 지역 이용 이용 전 가까운 지역과 이동 범위를 비교할 때 참고할 수 있습니다.","1","0","1","0"
"동랜딩","massage/동명동-출장마사지-광주-동구-생활권-이동동선-지역정보-이용전-안내/index.html","변경후보","동명동 출장마사지 | 광주 동구 생활권·지역 이용 안내 | 몽라운지","동명동 생활권 안내 | 광주 동구 생활권·지역 이용 안내 | 몽라운지","동명동 생활권의 기본적인 이동 방향과 인접 지역 확인 방법을 한 페이지에 정리했습니다. 광주 동구 동명동 출장마사지 이용 전 현재 위치와 지역 범위를 먼저 확인해 보세요.","동명동 생활권의 기본적인 이동 방향과 인접 지역 확인 방법을 한 페이지에 정리했습니다. 광주 동구 동명동 지역 이용 이용 전 현재 위치와 지역 범위를 먼저 확인해 보세요.","1","0","1","0"
"동랜딩","massage/동천동-출장마사지-광주-서구-생활권-이동동선-지역정보-이용전-안내/index.html","변경후보","동천동 출장마사지 | 광주 서구 생활권·지역 이용 안내 | 몽라운지","동천동 출장마사지 | 광주 서구 생활권·지역 이용 안내 | 몽라운지","기준으로 가까운 생활권과 귀가·외출 동선을 확인할 수 있도록 지역 정보를 구성했습니다. 광주 서구 동천동 출장마사지 이용 전 위치 설명과 이동 범위를 확인하는 데 참고하세요.","기준으로 가까운 생활권과 귀가·외출 동선을 확인할 수 있도록 지역 정보를 구성했습니다. 광주 서구 동천동 생활권 이용 이용 전 위치 설명과 이동 범위를 확인하는 데 참고하세요.","1","1","1","0"
"동랜딩","massage/두암동-출장마사지-광주-북구-생활권-이동동선-지역정보-이용전-안내/index.html","변경후보","두암동 출장마사지 | 광주 북구 생활권·지역 이용 안내 | 몽라운지","두암동 생활권 안내 | 광주 북구 생활권·지역 이용 안내 | 몽라운지","두암동 주변에서 현재 위치를 파악할 때 필요한 생활권 기준과 지역 선택 방법을 정리했습니다. 광주 북구 두암동 출장마사지 이용 전 가까운 범위와 이용 정보를 확인할 수 있습니다.","두암동 주변에서 현재 위치를 파악할 때 필요한 생활권 기준과 지역 선택 방법을 정리했습니다. 광주 북구 두암동 지역 이용 이용 전 가까운 범위와 이용 정보를 확인할 수 있습니다.","1","0","1","0"
"동랜딩","massage/매곡동-출장마사지-광주-북구-생활권-이동동선-지역정보-이용전-안내/index.html","변경후보","매곡동 출장마사지 | 광주 북구 생활권·지역 이용 안내 | 몽라운지","매곡동 지역 이용 안내 | 광주 북구 생활권·지역 이용 안내 | 몽라운지","주거권과 일상 이동 범위를 중심으로 지역 정보를 먼저 확인할 수 있게 정리했습니다. 광주 북구 매곡동 출장마사지 이용 전 위치와 인접 생활권을 비교해 보세요.","주거권과 일상 이동 범위를 중심으로 지역 정보를 먼저 확인할 수 있게 정리했습니다. 광주 북구 매곡동 출장마사지 이용 전 위치와 인접 생활권을 비교해 보세요.","1","0","1","1"
"동랜딩","massage/문화동-출장마사지-광주-북구-생활권-이동동선-지역정보-이용전-안내/index.html","변경후보","문화동 출장마사지 | 광주 북구 생활권·지역 이용 안내 | 몽라운지","문화동 생활권 안내 | 광주 북구 생활권·지역 이용 안내 | 몽라운지","다른 생활권으로 이동할 때 참고하기 좋은 지역 기준과 위치 확인 항목을 정리했습니다. 광주 북구 문화동 출장마사지 이용 전 지역 범위를 확인하는 안내입니다.","다른 생활권으로 이동할 때 참고하기 좋은 지역 기준과 위치 확인 항목을 정리했습니다. 광주 북구 문화동 지역 이용 이용 전 지역 범위를 확인하는 안내입니다.","1","0","1","0"
"동랜딩","massage/문흥동-출장마사지-광주-북구-생활권-이동동선-지역정보-이용전-안내/index.html","변경후보","문흥동 출장마사지 | 광주 북구 생활권·지역 이용 안내 | 몽라운지","문흥동 생활권 안내 | 광주 북구 생활권·지역 이용 안내 | 몽라운지","문흥동 생활권 안에서 현재 위치와 가까운 지역을 찾기 쉽도록 기본 지역 정보를 구성했습니다. 광주 북구 문흥동 출장마사지 이용 전 이동 방향과 주변 생활권을 확인해 보세요.","문흥동 생활권 안에서 현재 위치와 가까운 지역을 찾기 쉽도록 기본 지역 정보를 구성했습니다. 광주 북구 문흥동 지역 이용 이용 전 이동 방향과 주변 생활권을 확인해 보세요.","1","0","1","0"
"동랜딩","massage/방림동-출장마사지-광주-남구-생활권-이동동선-지역정보-이용전-안내/index.html","변경후보","방림동 출장마사지 | 광주 남구 생활권·지역 이용 안내 | 몽라운지","방림동 생활권 안내 | 광주 남구 생활권·지역 이용 안내 | 몽라운지","방림동 주변의 생활권과 이동 흐름을 먼저 살펴보고 현재 위치를 설명하기 좋은 기준을 정리했습니다. 광주 남구 방림동 출장마사지 이용 전 지역 범위와 위치 정보를 확인해 보세요.","방림동 주변의 생활권과 이동 흐름을 먼저 살펴보고 현재 위치를 설명하기 좋은 기준을 정리했습니다. 광주 남구 방림동 지역 이용 이용 전 지역 범위와 위치 정보를 확인해 보세요.","1","0","1","0"
"동랜딩","massage/백운동-출장마사지-광주-남구-생활권-이동동선-지역정보-이용전-안내/index.html","변경후보","백운동 출장마사지 | 광주 남구 생활권·지역 이용 안내 | 몽라운지","백운동 출장마사지 | 광주 남구 생활권·지역 이용 안내 | 몽라운지","자주 오가는 주거·상업 생활권을 기준으로 위치 확인 방법을 정리했습니다. 광주 남구 백운동 출장마사지 이용 전 가까운 지역과 이동 범위를 비교할 때 참고할 수 있습니다.","자주 오가는 주거·상업 생활권을 기준으로 위치 확인 방법을 정리했습니다. 광주 남구 백운동 생활권 이용 이용 전 가까운 지역과 이동 범위를 비교할 때 참고할 수 있습니다.","1","1","1","0"
"동랜딩","massage/본량동-출장마사지-광주-광산구-생활권-이동동선-지역정보-이용전-안내/index.html","변경후보","본량동 출장마사지 | 광주 광산구 생활권·지역 이용 안내 | 몽라운지","본량동 생활권 안내 | 광주 광산구 생활권·지역 이용 안내 | 몽라운지","본량동 생활권의 기본적인 이동 방향과 인접 지역 확인 방법을 한 페이지에 정리했습니다. 광주 광산구 본량동 출장마사지 이용 전 현재 위치와 지역 범위를 먼저 확인해 보세요.","본량동 생활권의 기본적인 이동 방향과 인접 지역 확인 방법을 한 페이지에 정리했습니다. 광주 광산구 본량동 지역 이용 이용 전 현재 위치와 지역 범위를 먼저 확인해 보세요.","1","0","1","0"
"동랜딩","massage/봉선동-출장마사지-광주-남구-생활권-이동동선-지역정보-이용전-안내/index.html","변경후보","봉선동 출장마사지 | 광주 남구 생활권·지역 이용 안내 | 몽라운지","봉선동 출장마사지 | 광주 남구 생활권·지역 이용 안내 | 몽라운지","기준으로 가까운 생활권과 귀가·외출 동선을 확인할 수 있도록 지역 정보를 구성했습니다. 광주 남구 봉선동 출장마사지 이용 전 위치 설명과 이동 범위를 확인하는 데 참고하세요.","기준으로 가까운 생활권과 귀가·외출 동선을 확인할 수 있도록 지역 정보를 구성했습니다. 광주 남구 봉선동 생활권 이용 이용 전 위치 설명과 이동 범위를 확인하는 데 참고하세요.","1","1","1","0"
"동랜딩","massage/비아동-출장마사지-광주-광산구-생활권-이동동선-지역정보-이용전-안내/index.html","변경후보","비아동 출장마사지 | 광주 광산구 생활권·지역 이용 안내 | 몽라운지","비아동 생활권 안내 | 광주 광산구 생활권·지역 이용 안내 | 몽라운지","비아동 주변에서 현재 위치를 파악할 때 필요한 생활권 기준과 지역 선택 방법을 정리했습니다. 광주 광산구 비아동 출장마사지 이용 전 가까운 범위와 이용 정보를 확인할 수 있습니다.","비아동 주변에서 현재 위치를 파악할 때 필요한 생활권 기준과 지역 선택 방법을 정리했습니다. 광주 광산구 비아동 지역 이용 이용 전 가까운 범위와 이용 정보를 확인할 수 있습니다.","1","0","1","0"
"동랜딩","massage/사직동-출장마사지-광주-남구-생활권-이동동선-지역정보-이용전-안내/index.html","변경후보","사직동 출장마사지 | 광주 남구 생활권·지역 이용 안내 | 몽라운지","사직동 생활권 안내 | 광주 남구 생활권·지역 이용 안내 | 몽라운지","주거권과 일상 이동 범위를 중심으로 지역 정보를 먼저 확인할 수 있게 정리했습니다. 광주 남구 사직동 출장마사지 이용 전 위치와 인접 생활권을 비교해 보세요.","주거권과 일상 이동 범위를 중심으로 지역 정보를 먼저 확인할 수 있게 정리했습니다. 광주 남구 사직동 지역 이용 이용 전 위치와 인접 생활권을 비교해 보세요.","1","0","1","0"
"동랜딩","massage/산수동-출장마사지-광주-동구-생활권-이동동선-지역정보-이용전-안내/index.html","변경후보","산수동 출장마사지 | 광주 동구 생활권·지역 이용 안내 | 몽라운지","산수동 생활권 안내 | 광주 동구 생활권·지역 이용 안내 | 몽라운지","다른 생활권으로 이동할 때 참고하기 좋은 지역 기준과 위치 확인 항목을 정리했습니다. 광주 동구 산수동 출장마사지 이용 전 지역 범위를 확인하는 안내입니다.","다른 생활권으로 이동할 때 참고하기 좋은 지역 기준과 위치 확인 항목을 정리했습니다. 광주 동구 산수동 지역 이용 이용 전 지역 범위를 확인하는 안내입니다.","1","0","1","0"
"동랜딩","massage/삼각동-출장마사지-광주-북구-생활권-이동동선-지역정보-이용전-안내/index.html","변경후보","삼각동 출장마사지 | 광주 북구 생활권·지역 이용 안내 | 몽라운지","삼각동 생활권 안내 | 광주 북구 생활권·지역 이용 안내 | 몽라운지","삼각동 생활권 안에서 현재 위치와 가까운 지역을 찾기 쉽도록 기본 지역 정보를 구성했습니다. 광주 북구 삼각동 출장마사지 이용 전 이동 방향과 주변 생활권을 확인해 보세요.","삼각동 생활권 안에서 현재 위치와 가까운 지역을 찾기 쉽도록 기본 지역 정보를 구성했습니다. 광주 북구 삼각동 지역 이용 이용 전 이동 방향과 주변 생활권을 확인해 보세요.","1","0","1","0"
"동랜딩","massage/삼도동-출장마사지-광주-광산구-생활권-이동동선-지역정보-이용전-안내/index.html","변경후보","삼도동 출장마사지 | 광주 광산구 생활권·지역 이용 안내 | 몽라운지","삼도동 출장마사지 | 광주 광산구 생활권·지역 이용 안내 | 몽라운지","삼도동 주변의 생활권과 이동 흐름을 먼저 살펴보고 현재 위치를 설명하기 좋은 기준을 정리했습니다. 광주 광산구 삼도동 출장마사지 이용 전 지역 범위와 위치 정보를 확인해 보세요.","삼도동 주변의 생활권과 이동 흐름을 먼저 살펴보고 현재 위치를 설명하기 좋은 기준을 정리했습니다. 광주 광산구 삼도동 생활권 이용 이용 전 지역 범위와 위치 정보를 확인해 보세요.","1","1","1","0"
"동랜딩","massage/상무동-출장마사지-광주-서구-생활권-이동동선-지역정보-이용전-안내/index.html","변경후보","상무동 출장마사지 | 광주 서구 생활권·지역 이용 안내 | 몽라운지","상무동 출장마사지 | 광주 서구 생활권·지역 이용 안내 | 몽라운지","자주 오가는 주거·상업 생활권을 기준으로 위치 확인 방법을 정리했습니다. 광주 서구 상무동 출장마사지 이용 전 가까운 지역과 이동 범위를 비교할 때 참고할 수 있습니다.","자주 오가는 주거·상업 생활권을 기준으로 위치 확인 방법을 정리했습니다. 광주 서구 상무동 생활권 이용 이용 전 가까운 지역과 이동 범위를 비교할 때 참고할 수 있습니다.","1","1","1","0"
"동랜딩","massage/서남동-출장마사지-광주-동구-생활권-이동동선-지역정보-이용전-안내/index.html","변경후보","서남동 출장마사지 | 광주 동구 생활권·지역 이용 안내 | 몽라운지","서남동 생활권 안내 | 광주 동구 생활권·지역 이용 안내 | 몽라운지","서남동 생활권의 기본적인 이동 방향과 인접 지역 확인 방법을 한 페이지에 정리했습니다. 광주 동구 서남동 출장마사지 이용 전 현재 위치와 지역 범위를 먼저 확인해 보세요.","서남동 생활권의 기본적인 이동 방향과 인접 지역 확인 방법을 한 페이지에 정리했습니다. 광주 동구 서남동 지역 이용 이용 전 현재 위치와 지역 범위를 먼저 확인해 보세요.","1","0","1","0"
"동랜딩","massage/서창동-출장마사지-광주-서구-생활권-이동동선-지역정보-이용전-안내/index.html","변경후보","서창동 출장마사지 | 광주 서구 생활권·지역 이용 안내 | 몽라운지","서창동 출장마사지 | 광주 서구 생활권·지역 이용 안내 | 몽라운지","기준으로 가까운 생활권과 귀가·외출 동선을 확인할 수 있도록 지역 정보를 구성했습니다. 광주 서구 서창동 출장마사지 이용 전 위치 설명과 이동 범위를 확인하는 데 참고하세요.","기준으로 가까운 생활권과 귀가·외출 동선을 확인할 수 있도록 지역 정보를 구성했습니다. 광주 서구 서창동 생활권 이용 이용 전 위치 설명과 이동 범위를 확인하는 데 참고하세요.","1","1","1","0"
"동랜딩","massage/석곡동-출장마사지-광주-북구-생활권-이동동선-지역정보-이용전-안내/index.html","변경후보","석곡동 출장마사지 | 광주 북구 생활권·지역 이용 안내 | 몽라운지","석곡동 생활권 안내 | 광주 북구 생활권·지역 이용 안내 | 몽라운지","석곡동 주변에서 현재 위치를 파악할 때 필요한 생활권 기준과 지역 선택 방법을 정리했습니다. 광주 북구 석곡동 출장마사지 이용 전 가까운 범위와 이용 정보를 확인할 수 있습니다.","석곡동 주변에서 현재 위치를 파악할 때 필요한 생활권 기준과 지역 선택 방법을 정리했습니다. 광주 북구 석곡동 지역 이용 이용 전 가까운 범위와 이용 정보를 확인할 수 있습니다.","1","0","1","0"
"동랜딩","massage/송암동-출장마사지-광주-남구-생활권-이동동선-지역정보-이용전-안내/index.html","변경후보","송암동 출장마사지 | 광주 남구 생활권·지역 이용 안내 | 몽라운지","송암동 생활권 안내 | 광주 남구 생활권·지역 이용 안내 | 몽라운지","주거권과 일상 이동 범위를 중심으로 지역 정보를 먼저 확인할 수 있게 정리했습니다. 광주 남구 송암동 출장마사지 이용 전 위치와 인접 생활권을 비교해 보세요.","주거권과 일상 이동 범위를 중심으로 지역 정보를 먼저 확인할 수 있게 정리했습니다. 광주 남구 송암동 지역 이용 이용 전 위치와 인접 생활권을 비교해 보세요.","1","0","1","0"
"동랜딩","massage/송정동-출장마사지-광주-광산구-생활권-이동동선-지역정보-이용전-안내/index.html","변경후보","송정동 출장마사지 | 광주 광산구 생활권·지역 이용 안내 | 몽라운지","송정동 출장마사지 | 광주 광산구 생활권·지역 이용 안내 | 몽라운지","다른 생활권으로 이동할 때 참고하기 좋은 지역 기준과 위치 확인 항목을 정리했습니다. 광주 광산구 송정동 출장마사지 이용 전 지역 범위를 확인하는 안내입니다.","다른 생활권으로 이동할 때 참고하기 좋은 지역 기준과 위치 확인 항목을 정리했습니다. 광주 광산구 송정동 생활권 이용 이용 전 지역 범위를 확인하는 안내입니다.","1","1","1","0"
"동랜딩","massage/수완동-출장마사지-광주-광산구-생활권-이동동선-지역정보-이용전-안내/index.html","변경후보","수완동 출장마사지 | 광주 광산구 생활권·지역 이용 안내 | 몽라운지","수완동 생활권 안내 | 광주 광산구 생활권·지역 이용 안내 | 몽라운지","수완동 생활권 안에서 현재 위치와 가까운 지역을 찾기 쉽도록 기본 지역 정보를 구성했습니다. 광주 광산구 수완동 출장마사지 이용 전 이동 방향과 주변 생활권을 확인해 보세요.","수완동 생활권 안에서 현재 위치와 가까운 지역을 찾기 쉽도록 기본 지역 정보를 구성했습니다. 광주 광산구 수완동 지역 이용 이용 전 이동 방향과 주변 생활권을 확인해 보세요.","1","0","1","0"
"동랜딩","massage/신가동-출장마사지-광주-광산구-생활권-이동동선-지역정보-이용전-안내/index.html","변경후보","신가동 출장마사지 | 광주 광산구 생활권·지역 이용 안내 | 몽라운지","신가동 출장마사지 | 광주 광산구 생활권·지역 이용 안내 | 몽라운지","신가동 주변의 생활권과 이동 흐름을 먼저 살펴보고 현재 위치를 설명하기 좋은 기준을 정리했습니다. 광주 광산구 신가동 출장마사지 이용 전 지역 범위와 위치 정보를 확인해 보세요.","신가동 주변의 생활권과 이동 흐름을 먼저 살펴보고 현재 위치를 설명하기 좋은 기준을 정리했습니다. 광주 광산구 신가동 생활권 이용 이용 전 지역 범위와 위치 정보를 확인해 보세요.","1","1","1","0"
"동랜딩","massage/신안동-출장마사지-광주-북구-생활권-이동동선-지역정보-이용전-안내/index.html","변경후보","신안동 출장마사지 | 광주 북구 생활권·지역 이용 안내 | 몽라운지","신안동 지역 이용 안내 | 광주 북구 생활권·지역 이용 안내 | 몽라운지","자주 오가는 주거·상업 생활권을 기준으로 위치 확인 방법을 정리했습니다. 광주 북구 신안동 출장마사지 이용 전 가까운 지역과 이동 범위를 비교할 때 참고할 수 있습니다.","자주 오가는 주거·상업 생활권을 기준으로 위치 확인 방법을 정리했습니다. 광주 북구 신안동 출장마사지 이용 전 가까운 지역과 이동 범위를 비교할 때 참고할 수 있습니다.","1","0","1","1"
"동랜딩","massage/신용동-출장마사지-광주-북구-생활권-이동동선-지역정보-이용전-안내/index.html","변경후보","신용동 출장마사지 | 광주 북구 생활권·지역 이용 안내 | 몽라운지","신용동 출장마사지 | 광주 북구 생활권·지역 이용 안내 | 몽라운지","신용동 생활권의 기본적인 이동 방향과 인접 지역 확인 방법을 한 페이지에 정리했습니다. 광주 북구 신용동 출장마사지 이용 전 현재 위치와 지역 범위를 먼저 확인해 보세요.","신용동 생활권의 기본적인 이동 방향과 인접 지역 확인 방법을 한 페이지에 정리했습니다. 광주 북구 신용동 생활권 이용 이용 전 현재 위치와 지역 범위를 먼저 확인해 보세요.","1","1","1","0"
"동랜딩","massage/신창동-출장마사지-광주-광산구-생활권-이동동선-지역정보-이용전-안내/index.html","변경후보","신창동 출장마사지 | 광주 광산구 생활권·지역 이용 안내 | 몽라운지","신창동 출장마사지 | 광주 광산구 생활권·지역 이용 안내 | 몽라운지","기준으로 가까운 생활권과 귀가·외출 동선을 확인할 수 있도록 지역 정보를 구성했습니다. 광주 광산구 신창동 출장마사지 이용 전 위치 설명과 이동 범위를 확인하는 데 참고하세요.","기준으로 가까운 생활권과 귀가·외출 동선을 확인할 수 있도록 지역 정보를 구성했습니다. 광주 광산구 신창동 생활권 이용 이용 전 위치 설명과 이동 범위를 확인하는 데 참고하세요.","1","1","1","0"
"동랜딩","massage/신흥동-출장마사지-광주-광산구-생활권-이동동선-지역정보-이용전-안내/index.html","변경후보","신흥동 출장마사지 | 광주 광산구 생활권·지역 이용 안내 | 몽라운지","신흥동 출장마사지 | 광주 광산구 생활권·지역 이용 안내 | 몽라운지","신흥동 주변에서 현재 위치를 파악할 때 필요한 생활권 기준과 지역 선택 방법을 정리했습니다. 광주 광산구 신흥동 출장마사지 이용 전 가까운 범위와 이용 정보를 확인할 수 있습니다.","신흥동 주변에서 현재 위치를 파악할 때 필요한 생활권 기준과 지역 선택 방법을 정리했습니다. 광주 광산구 신흥동 생활권 이용 이용 전 가까운 범위와 이용 정보를 확인할 수 있습니다.","1","1","1","0"
"동랜딩","massage/양동-출장마사지-광주-서구-생활권-이동동선-지역정보-이용전-안내/index.html","변경후보","양동 출장마사지 | 광주 서구 생활권·지역 이용 안내 | 몽라운지","양동 출장마사지 | 광주 서구 생활권·지역 이용 안내 | 몽라운지","주거권과 일상 이동 범위를 중심으로 지역 정보를 먼저 확인할 수 있게 정리했습니다. 광주 서구 양동 출장마사지 이용 전 위치와 인접 생활권을 비교해 보세요.","주거권과 일상 이동 범위를 중심으로 지역 정보를 먼저 확인할 수 있게 정리했습니다. 광주 서구 양동 생활권 이용 이용 전 위치와 인접 생활권을 비교해 보세요.","1","1","1","0"
"동랜딩","massage/양림동-출장마사지-광주-남구-생활권-이동동선-지역정보-이용전-안내/index.html","변경후보","양림동 출장마사지 | 광주 남구 생활권·지역 이용 안내 | 몽라운지","양림동 지역 이용 안내 | 광주 남구 생활권·지역 이용 안내 | 몽라운지","다른 생활권으로 이동할 때 참고하기 좋은 지역 기준과 위치 확인 항목을 정리했습니다. 광주 남구 양림동 출장마사지 이용 전 지역 범위를 확인하는 안내입니다.","다른 생활권으로 이동할 때 참고하기 좋은 지역 기준과 위치 확인 항목을 정리했습니다. 광주 남구 양림동 출장마사지 이용 전 지역 범위를 확인하는 안내입니다.","1","0","1","1"
"동랜딩","massage/양산동-출장마사지-광주-북구-생활권-이동동선-지역정보-이용전-안내/index.html","변경후보","양산동 출장마사지 | 광주 북구 생활권·지역 이용 안내 | 몽라운지","양산동 출장마사지 | 광주 북구 생활권·지역 이용 안내 | 몽라운지","양산동 생활권 안에서 현재 위치와 가까운 지역을 찾기 쉽도록 기본 지역 정보를 구성했습니다. 광주 북구 양산동 출장마사지 이용 전 이동 방향과 주변 생활권을 확인해 보세요.","양산동 생활권 안에서 현재 위치와 가까운 지역을 찾기 쉽도록 기본 지역 정보를 구성했습니다. 광주 북구 양산동 생활권 이용 이용 전 이동 방향과 주변 생활권을 확인해 보세요.","1","1","1","0"
"동랜딩","massage/어룡동-출장마사지-광주-광산구-생활권-이동동선-지역정보-이용전-안내/index.html","변경후보","어룡동 출장마사지 | 광주 광산구 생활권·지역 이용 안내 | 몽라운지","어룡동 지역 이용 안내 | 광주 광산구 생활권·지역 이용 안내 | 몽라운지","어룡동 주변의 생활권과 이동 흐름을 먼저 살펴보고 현재 위치를 설명하기 좋은 기준을 정리했습니다. 광주 광산구 어룡동 출장마사지 이용 전 지역 범위와 위치 정보를 확인해 보세요.","어룡동 주변의 생활권과 이동 흐름을 먼저 살펴보고 현재 위치를 설명하기 좋은 기준을 정리했습니다. 광주 광산구 어룡동 출장마사지 이용 전 지역 범위와 위치 정보를 확인해 보세요.","1","0","1","1"
"동랜딩","massage/오치동-출장마사지-광주-북구-생활권-이동동선-지역정보-이용전-안내/index.html","변경후보","오치동 출장마사지 | 광주 북구 생활권·지역 이용 안내 | 몽라운지","오치동 지역 이용 안내 | 광주 북구 생활권·지역 이용 안내 | 몽라운지","자주 오가는 주거·상업 생활권을 기준으로 위치 확인 방법을 정리했습니다. 광주 북구 오치동 출장마사지 이용 전 가까운 지역과 이동 범위를 비교할 때 참고할 수 있습니다.","자주 오가는 주거·상업 생활권을 기준으로 위치 확인 방법을 정리했습니다. 광주 북구 오치동 출장마사지 이용 전 가까운 지역과 이동 범위를 비교할 때 참고할 수 있습니다.","1","0","1","1"
"동랜딩","massage/용봉동-출장마사지-광주-북구-생활권-이동동선-지역정보-이용전-안내/index.html","변경후보","용봉동 출장마사지 | 광주 북구 생활권·지역 이용 안내 | 몽라운지","용봉동 생활권 안내 | 광주 북구 생활권·지역 이용 안내 | 몽라운지","용봉동 생활권의 기본적인 이동 방향과 인접 지역 확인 방법을 한 페이지에 정리했습니다. 광주 북구 용봉동 출장마사지 이용 전 현재 위치와 지역 범위를 먼저 확인해 보세요.","용봉동 생활권의 기본적인 이동 방향과 인접 지역 확인 방법을 한 페이지에 정리했습니다. 광주 북구 용봉동 지역 이용 이용 전 현재 위치와 지역 범위를 먼저 확인해 보세요.","1","0","1","0"
"동랜딩","massage/우산동-출장마사지-광주-광산구-생활권-이동동선-지역정보-이용전-안내/index.html","변경후보","우산동 출장마사지 | 광주 광산구 생활권·지역 이용 안내 | 몽라운지","우산동 생활권 안내 | 광주 광산구 생활권·지역 이용 안내 | 몽라운지","기준으로 가까운 생활권과 귀가·외출 동선을 확인할 수 있도록 지역 정보를 구성했습니다. 광주 광산구 우산동 출장마사지 이용 전 위치 설명과 이동 범위를 확인하는 데 참고하세요.","기준으로 가까운 생활권과 귀가·외출 동선을 확인할 수 있도록 지역 정보를 구성했습니다. 광주 광산구 우산동 지역 이용 이용 전 위치 설명과 이동 범위를 확인하는 데 참고하세요.","1","0","1","0"
"동랜딩","massage/우산동-출장마사지-광주-북구-생활권-이동동선-지역정보-이용전-안내/index.html","변경후보","우산동 출장마사지 | 광주 북구 생활권·지역 이용 안내 | 몽라운지","우산동 생활권 안내 | 광주 북구 생활권·지역 이용 안내 | 몽라운지","우산동 주변에서 현재 위치를 파악할 때 필요한 생활권 기준과 지역 선택 방법을 정리했습니다. 광주 북구 우산동 출장마사지 이용 전 가까운 범위와 이용 정보를 확인할 수 있습니다.","우산동 주변에서 현재 위치를 파악할 때 필요한 생활권 기준과 지역 선택 방법을 정리했습니다. 광주 북구 우산동 지역 이용 이용 전 가까운 범위와 이용 정보를 확인할 수 있습니다.","1","0","1","0"
"동랜딩","massage/운남동-출장마사지-광주-광산구-생활권-이동동선-지역정보-이용전-안내/index.html","변경후보","운남동 출장마사지 | 광주 광산구 생활권·지역 이용 안내 | 몽라운지","운남동 출장마사지 | 광주 광산구 생활권·지역 이용 안내 | 몽라운지","주거권과 일상 이동 범위를 중심으로 지역 정보를 먼저 확인할 수 있게 정리했습니다. 광주 광산구 운남동 출장마사지 이용 전 위치와 인접 생활권을 비교해 보세요.","주거권과 일상 이동 범위를 중심으로 지역 정보를 먼저 확인할 수 있게 정리했습니다. 광주 광산구 운남동 생활권 이용 이용 전 위치와 인접 생활권을 비교해 보세요.","1","1","1","0"
"동랜딩","massage/운암동-출장마사지-광주-북구-생활권-이동동선-지역정보-이용전-안내/index.html","변경후보","운암동 출장마사지 | 광주 북구 생활권·지역 이용 안내 | 몽라운지","운암동 출장마사지 | 광주 북구 생활권·지역 이용 안내 | 몽라운지","다른 생활권으로 이동할 때 참고하기 좋은 지역 기준과 위치 확인 항목을 정리했습니다. 광주 북구 운암동 출장마사지 이용 전 지역 범위를 확인하는 안내입니다.","다른 생활권으로 이동할 때 참고하기 좋은 지역 기준과 위치 확인 항목을 정리했습니다. 광주 북구 운암동 생활권 이용 이용 전 지역 범위를 확인하는 안내입니다.","1","1","1","0"
"동랜딩","massage/월곡동-출장마사지-광주-광산구-생활권-이동동선-지역정보-이용전-안내/index.html","변경후보","월곡동 출장마사지 | 광주 광산구 생활권·지역 이용 안내 | 몽라운지","월곡동 지역 이용 안내 | 광주 광산구 생활권·지역 이용 안내 | 몽라운지","월곡동 생활권 안에서 현재 위치와 가까운 지역을 찾기 쉽도록 기본 지역 정보를 구성했습니다. 광주 광산구 월곡동 출장마사지 이용 전 이동 방향과 주변 생활권을 확인해 보세요.","월곡동 생활권 안에서 현재 위치와 가까운 지역을 찾기 쉽도록 기본 지역 정보를 구성했습니다. 광주 광산구 월곡동 출장마사지 이용 전 이동 방향과 주변 생활권을 확인해 보세요.","1","0","1","1"
"동랜딩","massage/월산동-출장마사지-광주-남구-생활권-이동동선-지역정보-이용전-안내/index.html","변경후보","월산동 출장마사지 | 광주 남구 생활권·지역 이용 안내 | 몽라운지","월산동 지역 이용 안내 | 광주 남구 생활권·지역 이용 안내 | 몽라운지","월산동 주변의 생활권과 이동 흐름을 먼저 살펴보고 현재 위치를 설명하기 좋은 기준을 정리했습니다. 광주 남구 월산동 출장마사지 이용 전 지역 범위와 위치 정보를 확인해 보세요.","월산동 주변의 생활권과 이동 흐름을 먼저 살펴보고 현재 위치를 설명하기 좋은 기준을 정리했습니다. 광주 남구 월산동 출장마사지 이용 전 지역 범위와 위치 정보를 확인해 보세요.","1","0","1","1"
"동랜딩","massage/유덕동-출장마사지-광주-서구-생활권-이동동선-지역정보-이용전-안내/index.html","변경후보","유덕동 출장마사지 | 광주 서구 생활권·지역 이용 안내 | 몽라운지","유덕동 출장마사지 | 광주 서구 생활권·지역 이용 안내 | 몽라운지","자주 오가는 주거·상업 생활권을 기준으로 위치 확인 방법을 정리했습니다. 광주 서구 유덕동 출장마사지 이용 전 가까운 지역과 이동 범위를 비교할 때 참고할 수 있습니다.","자주 오가는 주거·상업 생활권을 기준으로 위치 확인 방법을 정리했습니다. 광주 서구 유덕동 생활권 이용 이용 전 가까운 지역과 이동 범위를 비교할 때 참고할 수 있습니다.","1","1","1","0"
"동랜딩","massage/일곡동-출장마사지-광주-북구-생활권-이동동선-지역정보-이용전-안내/index.html","변경후보","일곡동 출장마사지 | 광주 북구 생활권·지역 이용 안내 | 몽라운지","일곡동 지역 이용 안내 | 광주 북구 생활권·지역 이용 안내 | 몽라운지","일곡동 생활권의 기본적인 이동 방향과 인접 지역 확인 방법을 한 페이지에 정리했습니다. 광주 북구 일곡동 출장마사지 이용 전 현재 위치와 지역 범위를 먼저 확인해 보세요.","일곡동 생활권의 기본적인 이동 방향과 인접 지역 확인 방법을 한 페이지에 정리했습니다. 광주 북구 일곡동 출장마사지 이용 전 현재 위치와 지역 범위를 먼저 확인해 보세요.","1","0","1","1"
"동랜딩","massage/임곡동-출장마사지-광주-광산구-생활권-이동동선-지역정보-이용전-안내/index.html","변경후보","임곡동 출장마사지 | 광주 광산구 생활권·지역 이용 안내 | 몽라운지","임곡동 출장마사지 | 광주 광산구 생활권·지역 이용 안내 | 몽라운지","기준으로 가까운 생활권과 귀가·외출 동선을 확인할 수 있도록 지역 정보를 구성했습니다. 광주 광산구 임곡동 출장마사지 이용 전 위치 설명과 이동 범위를 확인하는 데 참고하세요.","기준으로 가까운 생활권과 귀가·외출 동선을 확인할 수 있도록 지역 정보를 구성했습니다. 광주 광산구 임곡동 생활권 이용 이용 전 위치 설명과 이동 범위를 확인하는 데 참고하세요.","1","1","1","0"
"동랜딩","massage/임동-출장마사지-광주-북구-생활권-이동동선-지역정보-이용전-안내/index.html","변경후보","임동 출장마사지 | 광주 북구 생활권·지역 이용 안내 | 몽라운지","임동 생활권 안내 | 광주 북구 생활권·지역 이용 안내 | 몽라운지","임동 주변에서 현재 위치를 파악할 때 필요한 생활권 기준과 지역 선택 방법을 정리했습니다. 광주 북구 임동 출장마사지 이용 전 가까운 범위와 이용 정보를 확인할 수 있습니다.","임동 주변에서 현재 위치를 파악할 때 필요한 생활권 기준과 지역 선택 방법을 정리했습니다. 광주 북구 임동 지역 이용 이용 전 가까운 범위와 이용 정보를 확인할 수 있습니다.","1","0","1","0"
"동랜딩","massage/주월동-출장마사지-광주-남구-생활권-이동동선-지역정보-이용전-안내/index.html","변경후보","주월동 출장마사지 | 광주 남구 생활권·지역 이용 안내 | 몽라운지","주월동 지역 이용 안내 | 광주 남구 생활권·지역 이용 안내 | 몽라운지","주거권과 일상 이동 범위를 중심으로 지역 정보를 먼저 확인할 수 있게 정리했습니다. 광주 남구 주월동 출장마사지 이용 전 위치와 인접 생활권을 비교해 보세요.","주거권과 일상 이동 범위를 중심으로 지역 정보를 먼저 확인할 수 있게 정리했습니다. 광주 남구 주월동 출장마사지 이용 전 위치와 인접 생활권을 비교해 보세요.","1","0","1","1"
"동랜딩","massage/중앙동-출장마사지-광주-북구-생활권-이동동선-지역정보-이용전-안내/index.html","변경후보","중앙동 출장마사지 | 광주 북구 생활권·지역 이용 안내 | 몽라운지","중앙동 지역 이용 안내 | 광주 북구 생활권·지역 이용 안내 | 몽라운지","다른 생활권으로 이동할 때 참고하기 좋은 지역 기준과 위치 확인 항목을 정리했습니다. 광주 북구 중앙동 출장마사지 이용 전 지역 범위를 확인하는 안내입니다.","다른 생활권으로 이동할 때 참고하기 좋은 지역 기준과 위치 확인 항목을 정리했습니다. 광주 북구 중앙동 출장마사지 이용 전 지역 범위를 확인하는 안내입니다.","1","0","1","1"
"동랜딩","massage/중흥동-출장마사지-광주-북구-생활권-이동동선-지역정보-이용전-안내/index.html","변경후보","중흥동 출장마사지 | 광주 북구 생활권·지역 이용 안내 | 몽라운지","중흥동 지역 이용 안내 | 광주 북구 생활권·지역 이용 안내 | 몽라운지","중흥동 생활권 안에서 현재 위치와 가까운 지역을 찾기 쉽도록 기본 지역 정보를 구성했습니다. 광주 북구 중흥동 출장마사지 이용 전 이동 방향과 주변 생활권을 확인해 보세요.","중흥동 생활권 안에서 현재 위치와 가까운 지역을 찾기 쉽도록 기본 지역 정보를 구성했습니다. 광주 북구 중흥동 출장마사지 이용 전 이동 방향과 주변 생활권을 확인해 보세요.","1","0","1","1"
"동랜딩","massage/지산동-출장마사지-광주-동구-생활권-이동동선-지역정보-이용전-안내/index.html","변경후보","지산동 출장마사지 | 광주 동구 생활권·지역 이용 안내 | 몽라운지","지산동 출장마사지 | 광주 동구 생활권·지역 이용 안내 | 몽라운지","지산동 주변의 생활권과 이동 흐름을 먼저 살펴보고 현재 위치를 설명하기 좋은 기준을 정리했습니다. 광주 동구 지산동 출장마사지 이용 전 지역 범위와 위치 정보를 확인해 보세요.","지산동 주변의 생활권과 이동 흐름을 먼저 살펴보고 현재 위치를 설명하기 좋은 기준을 정리했습니다. 광주 동구 지산동 생활권 이용 이용 전 지역 범위와 위치 정보를 확인해 보세요.","1","1","1","0"
"동랜딩","massage/지원동-출장마사지-광주-동구-생활권-이동동선-지역정보-이용전-안내/index.html","변경후보","지원동 출장마사지 | 광주 동구 생활권·지역 이용 안내 | 몽라운지","지원동 생활권 안내 | 광주 동구 생활권·지역 이용 안내 | 몽라운지","자주 오가는 주거·상업 생활권을 기준으로 위치 확인 방법을 정리했습니다. 광주 동구 지원동 출장마사지 이용 전 가까운 지역과 이동 범위를 비교할 때 참고할 수 있습니다.","자주 오가는 주거·상업 생활권을 기준으로 위치 확인 방법을 정리했습니다. 광주 동구 지원동 지역 이용 이용 전 가까운 지역과 이동 범위를 비교할 때 참고할 수 있습니다.","1","0","1","0"
"동랜딩","massage/진월동-출장마사지-광주-남구-생활권-이동동선-지역정보-이용전-안내/index.html","변경후보","진월동 출장마사지 | 광주 남구 생활권·지역 이용 안내 | 몽라운지","진월동 출장마사지 | 광주 남구 생활권·지역 이용 안내 | 몽라운지","진월동 생활권의 기본적인 이동 방향과 인접 지역 확인 방법을 한 페이지에 정리했습니다. 광주 남구 진월동 출장마사지 이용 전 현재 위치와 지역 범위를 먼저 확인해 보세요.","진월동 생활권의 기본적인 이동 방향과 인접 지역 확인 방법을 한 페이지에 정리했습니다. 광주 남구 진월동 생활권 이용 이용 전 현재 위치와 지역 범위를 먼저 확인해 보세요.","1","1","1","0"
"동랜딩","massage/첨단동-출장마사지-광주-광산구-생활권-이동동선-지역정보-이용전-안내/index.html","변경후보","첨단동 출장마사지 | 광주 광산구 생활권·지역 이용 안내 | 몽라운지","첨단동 출장마사지 | 광주 광산구 생활권·지역 이용 안내 | 몽라운지","기준으로 가까운 생활권과 귀가·외출 동선을 확인할 수 있도록 지역 정보를 구성했습니다. 광주 광산구 첨단동 출장마사지 이용 전 위치 설명과 이동 범위를 확인하는 데 참고하세요.","기준으로 가까운 생활권과 귀가·외출 동선을 확인할 수 있도록 지역 정보를 구성했습니다. 광주 광산구 첨단동 생활권 이용 이용 전 위치 설명과 이동 범위를 확인하는 데 참고하세요.","1","1","1","0"
"동랜딩","massage/충장동-출장마사지-광주-동구-생활권-이동동선-지역정보-이용전-안내/index.html","변경후보","충장동 출장마사지 | 광주 동구 생활권·지역 이용 안내 | 몽라운지","충장동 지역 이용 안내 | 광주 동구 생활권·지역 이용 안내 | 몽라운지","충장동 주변에서 현재 위치를 파악할 때 필요한 생활권 기준과 지역 선택 방법을 정리했습니다. 광주 동구 충장동 출장마사지 이용 전 가까운 범위와 이용 정보를 확인할 수 있습니다.","충장동 주변에서 현재 위치를 파악할 때 필요한 생활권 기준과 지역 선택 방법을 정리했습니다. 광주 동구 충장동 출장마사지 이용 전 가까운 범위와 이용 정보를 확인할 수 있습니다.","1","0","1","1"
"동랜딩","massage/치평동-출장마사지-광주-서구-생활권-이동동선-지역정보-이용전-안내/index.html","변경후보","치평동 출장마사지 | 광주 서구 생활권·지역 이용 안내 | 몽라운지","치평동 지역 이용 안내 | 광주 서구 생활권·지역 이용 안내 | 몽라운지","주거권과 일상 이동 범위를 중심으로 지역 정보를 먼저 확인할 수 있게 정리했습니다. 광주 서구 치평동 출장마사지 이용 전 위치와 인접 생활권을 비교해 보세요.","주거권과 일상 이동 범위를 중심으로 지역 정보를 먼저 확인할 수 있게 정리했습니다. 광주 서구 치평동 출장마사지 이용 전 위치와 인접 생활권을 비교해 보세요.","1","0","1","1"
"동랜딩","massage/평동-출장마사지-광주-광산구-생활권-이동동선-지역정보-이용전-안내/index.html","변경후보","평동 출장마사지 | 광주 광산구 생활권·지역 이용 안내 | 몽라운지","평동 생활권 안내 | 광주 광산구 생활권·지역 이용 안내 | 몽라운지","다른 생활권으로 이동할 때 참고하기 좋은 지역 기준과 위치 확인 항목을 정리했습니다. 광주 광산구 평동 출장마사지 이용 전 지역 범위를 확인하는 안내입니다.","다른 생활권으로 이동할 때 참고하기 좋은 지역 기준과 위치 확인 항목을 정리했습니다. 광주 광산구 평동 지역 이용 이용 전 지역 범위를 확인하는 안내입니다.","1","0","1","0"
"동랜딩","massage/풍암동-출장마사지-광주-서구-생활권-이동동선-지역정보-이용전-안내/index.html","변경후보","풍암동 출장마사지 | 광주 서구 생활권·지역 이용 안내 | 몽라운지","풍암동 지역 이용 안내 | 광주 서구 생활권·지역 이용 안내 | 몽라운지","풍암동 생활권 안에서 현재 위치와 가까운 지역을 찾기 쉽도록 기본 지역 정보를 구성했습니다. 광주 서구 풍암동 출장마사지 이용 전 이동 방향과 주변 생활권을 확인해 보세요.","풍암동 생활권 안에서 현재 위치와 가까운 지역을 찾기 쉽도록 기본 지역 정보를 구성했습니다. 광주 서구 풍암동 출장마사지 이용 전 이동 방향과 주변 생활권을 확인해 보세요.","1","0","1","1"
"동랜딩","massage/풍향동-출장마사지-광주-북구-생활권-이동동선-지역정보-이용전-안내/index.html","변경후보","풍향동 출장마사지 | 광주 북구 생활권·지역 이용 안내 | 몽라운지","풍향동 출장마사지 | 광주 북구 생활권·지역 이용 안내 | 몽라운지","풍향동 주변의 생활권과 이동 흐름을 먼저 살펴보고 현재 위치를 설명하기 좋은 기준을 정리했습니다. 광주 북구 풍향동 출장마사지 이용 전 지역 범위와 위치 정보를 확인해 보세요.","풍향동 주변의 생활권과 이동 흐름을 먼저 살펴보고 현재 위치를 설명하기 좋은 기준을 정리했습니다. 광주 북구 풍향동 생활권 이용 이용 전 지역 범위와 위치 정보를 확인해 보세요.","1","1","1","0"
"동랜딩","massage/하남동-출장마사지-광주-광산구-생활권-이동동선-지역정보-이용전-안내/index.html","변경후보","하남동 출장마사지 | 광주 광산구 생활권·지역 이용 안내 | 몽라운지","하남동 지역 이용 안내 | 광주 광산구 생활권·지역 이용 안내 | 몽라운지","자주 오가는 주거·상업 생활권을 기준으로 위치 확인 방법을 정리했습니다. 광주 광산구 하남동 출장마사지 이용 전 가까운 지역과 이동 범위를 비교할 때 참고할 수 있습니다.","자주 오가는 주거·상업 생활권을 기준으로 위치 확인 방법을 정리했습니다. 광주 광산구 하남동 출장마사지 이용 전 가까운 지역과 이동 범위를 비교할 때 참고할 수 있습니다.","1","0","1","1"
"동랜딩","massage/학동-출장마사지-광주-동구-생활권-이동동선-지역정보-이용전-안내/index.html","변경후보","학동 출장마사지 | 광주 동구 생활권·지역 이용 안내 | 몽라운지","학동 출장마사지 | 광주 동구 생활권·지역 이용 안내 | 몽라운지","학동 생활권의 기본적인 이동 방향과 인접 지역 확인 방법을 한 페이지에 정리했습니다. 광주 동구 학동 출장마사지 이용 전 현재 위치와 지역 범위를 먼저 확인해 보세요.","학동 생활권의 기본적인 이동 방향과 인접 지역 확인 방법을 한 페이지에 정리했습니다. 광주 동구 학동 생활권 이용 이용 전 현재 위치와 지역 범위를 먼저 확인해 보세요.","1","1","1","0"
"동랜딩","massage/학운동-출장마사지-광주-동구-생활권-이동동선-지역정보-이용전-안내/index.html","변경후보","학운동 출장마사지 | 광주 동구 생활권·지역 이용 안내 | 몽라운지","학운동 출장마사지 | 광주 동구 생활권·지역 이용 안내 | 몽라운지","기준으로 가까운 생활권과 귀가·외출 동선을 확인할 수 있도록 지역 정보를 구성했습니다. 광주 동구 학운동 출장마사지 이용 전 위치 설명과 이동 범위를 확인하는 데 참고하세요.","기준으로 가까운 생활권과 귀가·외출 동선을 확인할 수 있도록 지역 정보를 구성했습니다. 광주 동구 학운동 생활권 이용 이용 전 위치 설명과 이동 범위를 확인하는 데 참고하세요.","1","1","1","0"
"동랜딩","massage/화정동-출장마사지-광주-서구-생활권-이동동선-지역정보-이용전-안내/index.html","변경후보","화정동 출장마사지 | 광주 서구 생활권·지역 이용 안내 | 몽라운지","화정동 출장마사지 | 광주 서구 생활권·지역 이용 안내 | 몽라운지","화정동 주변에서 현재 위치를 파악할 때 필요한 생활권 기준과 지역 선택 방법을 정리했습니다. 광주 서구 화정동 출장마사지 이용 전 가까운 범위와 이용 정보를 확인할 수 있습니다.","화정동 주변에서 현재 위치를 파악할 때 필요한 생활권 기준과 지역 선택 방법을 정리했습니다. 광주 서구 화정동 생활권 이용 이용 전 가까운 범위와 이용 정보를 확인할 수 있습니다.","1","1","1","0"
"동랜딩","massage/효덕동-출장마사지-광주-남구-생활권-이동동선-지역정보-이용전-안내/index.html","변경후보","효덕동 출장마사지 | 광주 남구 생활권·지역 이용 안내 | 몽라운지","효덕동 지역 이용 안내 | 광주 남구 생활권·지역 이용 안내 | 몽라운지","주거권과 일상 이동 범위를 중심으로 지역 정보를 먼저 확인할 수 있게 정리했습니다. 광주 남구 효덕동 출장마사지 이용 전 위치와 인접 생활권을 비교해 보세요.","주거권과 일상 이동 범위를 중심으로 지역 정보를 먼저 확인할 수 있게 정리했습니다. 광주 남구 효덕동 출장마사지 이용 전 위치와 인접 생활권을 비교해 보세요.","1","0","1","1"
"동랜딩","massage/남중동-출장마사지-익산-생활권-이동동선-지역정보-이용전-안내/index.html","변경후보","남중동 출장마사지 | 익산 생활권·지역 이용 안내 | 몽라운지","남중동 출장마사지 | 익산 생활권·지역 이용 안내 | 몽라운지","다른 생활권으로 이동할 때 참고하기 좋은 지역 기준과 위치 확인 항목을 정리했습니다. 익산 남중동 출장마사지 이용 전 지역 범위를 확인하는 안내입니다.","다른 생활권으로 이동할 때 참고하기 좋은 지역 기준과 위치 확인 항목을 정리했습니다. 익산 남중동 생활권 이용 이용 전 지역 범위를 확인하는 안내입니다.","1","1","1","0"
"동랜딩","massage/동산동-출장마사지-익산-생활권-이동동선-지역정보-이용전-안내/index.html","변경후보","동산동 출장마사지 | 익산 생활권·지역 이용 안내 | 몽라운지","동산동 지역 이용 안내 | 익산 생활권·지역 이용 안내 | 몽라운지","동산동 생활권 안에서 현재 위치와 가까운 지역을 찾기 쉽도록 기본 지역 정보를 구성했습니다. 익산 동산동 출장마사지 이용 전 이동 방향과 주변 생활권을 확인해 보세요.","동산동 생활권 안에서 현재 위치와 가까운 지역을 찾기 쉽도록 기본 지역 정보를 구성했습니다. 익산 동산동 출장마사지 이용 전 이동 방향과 주변 생활권을 확인해 보세요.","1","0","1","1"
"동랜딩","massage/마동-출장마사지-익산-생활권-이동동선-지역정보-이용전-안내/index.html","변경후보","마동 출장마사지 | 익산 생활권·지역 이용 안내 | 몽라운지","마동 출장마사지 | 익산 생활권·지역 이용 안내 | 몽라운지","마동 주변의 생활권과 이동 흐름을 먼저 살펴보고 현재 위치를 설명하기 좋은 기준을 정리했습니다. 익산 마동 출장마사지 이용 전 지역 범위와 위치 정보를 확인해 보세요.","마동 주변의 생활권과 이동 흐름을 먼저 살펴보고 현재 위치를 설명하기 좋은 기준을 정리했습니다. 익산 마동 생활권 이용 이용 전 지역 범위와 위치 정보를 확인해 보세요.","1","1","1","0"
"동랜딩","massage/모현동-출장마사지-익산-생활권-이동동선-지역정보-이용전-안내/index.html","변경후보","모현동 출장마사지 | 익산 생활권·지역 이용 안내 | 몽라운지","모현동 지역 이용 안내 | 익산 생활권·지역 이용 안내 | 몽라운지","자주 오가는 주거·상업 생활권을 기준으로 위치 확인 방법을 정리했습니다. 익산 모현동 출장마사지 이용 전 가까운 지역과 이동 범위를 비교할 때 참고할 수 있습니다.","자주 오가는 주거·상업 생활권을 기준으로 위치 확인 방법을 정리했습니다. 익산 모현동 출장마사지 이용 전 가까운 지역과 이동 범위를 비교할 때 참고할 수 있습니다.","1","0","1","1"
"동랜딩","massage/삼성동-출장마사지-익산-생활권-이동동선-지역정보-이용전-안내/index.html","변경후보","삼성동 출장마사지 | 익산 생활권·지역 이용 안내 | 몽라운지","삼성동 출장마사지 | 익산 생활권·지역 이용 안내 | 몽라운지","삼성동 생활권의 기본적인 이동 방향과 인접 지역 확인 방법을 한 페이지에 정리했습니다. 익산 삼성동 출장마사지 이용 전 현재 위치와 지역 범위를 먼저 확인해 보세요.","삼성동 생활권의 기본적인 이동 방향과 인접 지역 확인 방법을 한 페이지에 정리했습니다. 익산 삼성동 생활권 이용 이용 전 현재 위치와 지역 범위를 먼저 확인해 보세요.","1","1","1","0"
"동랜딩","massage/송학동-출장마사지-익산-생활권-이동동선-지역정보-이용전-안내/index.html","변경후보","송학동 출장마사지 | 익산 생활권·지역 이용 안내 | 몽라운지","송학동 지역 이용 안내 | 익산 생활권·지역 이용 안내 | 몽라운지","기준으로 가까운 생활권과 귀가·외출 동선을 확인할 수 있도록 지역 정보를 구성했습니다. 익산 송학동 출장마사지 이용 전 위치 설명과 이동 범위를 확인하는 데 참고하세요.","기준으로 가까운 생활권과 귀가·외출 동선을 확인할 수 있도록 지역 정보를 구성했습니다. 익산 송학동 출장마사지 이용 전 위치 설명과 이동 범위를 확인하는 데 참고하세요.","1","0","1","1"
"동랜딩","massage/신동-출장마사지-익산-생활권-이동동선-지역정보-이용전-안내/index.html","변경후보","신동 출장마사지 | 익산 생활권·지역 이용 안내 | 몽라운지","신동 출장마사지 | 익산 생활권·지역 이용 안내 | 몽라운지","신동 주변에서 현재 위치를 파악할 때 필요한 생활권 기준과 지역 선택 방법을 정리했습니다. 익산 신동 출장마사지 이용 전 가까운 범위와 이용 정보를 확인할 수 있습니다.","신동 주변에서 현재 위치를 파악할 때 필요한 생활권 기준과 지역 선택 방법을 정리했습니다. 익산 신동 생활권 이용 이용 전 가까운 범위와 이용 정보를 확인할 수 있습니다.","1","1","1","0"
"동랜딩","massage/어양동-출장마사지-익산-생활권-이동동선-지역정보-이용전-안내/index.html","변경후보","어양동 출장마사지 | 익산 생활권·지역 이용 안내 | 몽라운지","어양동 지역 이용 안내 | 익산 생활권·지역 이용 안내 | 몽라운지","주거권과 일상 이동 범위를 중심으로 지역 정보를 먼저 확인할 수 있게 정리했습니다. 익산 어양동 출장마사지 이용 전 위치와 인접 생활권을 비교해 보세요.","주거권과 일상 이동 범위를 중심으로 지역 정보를 먼저 확인할 수 있게 정리했습니다. 익산 어양동 출장마사지 이용 전 위치와 인접 생활권을 비교해 보세요.","1","0","1","1"
"동랜딩","massage/영등동-출장마사지-익산-생활권-이동동선-지역정보-이용전-안내/index.html","변경후보","영등동 출장마사지 | 익산 생활권·지역 이용 안내 | 몽라운지","영등동 지역 이용 안내 | 익산 생활권·지역 이용 안내 | 몽라운지","다른 생활권으로 이동할 때 참고하기 좋은 지역 기준과 위치 확인 항목을 정리했습니다. 익산 영등동 출장마사지 이용 전 지역 범위를 확인하는 안내입니다.","다른 생활권으로 이동할 때 참고하기 좋은 지역 기준과 위치 확인 항목을 정리했습니다. 익산 영등동 출장마사지 이용 전 지역 범위를 확인하는 안내입니다.","1","0","1","1"
"동랜딩","massage/인화동-출장마사지-익산-생활권-이동동선-지역정보-이용전-안내/index.html","변경후보","인화동 출장마사지 | 익산 생활권·지역 이용 안내 | 몽라운지","인화동 지역 이용 안내 | 익산 생활권·지역 이용 안내 | 몽라운지","인화동 생활권 안에서 현재 위치와 가까운 지역을 찾기 쉽도록 기본 지역 정보를 구성했습니다. 익산 인화동 출장마사지 이용 전 이동 방향과 주변 생활권을 확인해 보세요.","인화동 생활권 안에서 현재 위치와 가까운 지역을 찾기 쉽도록 기본 지역 정보를 구성했습니다. 익산 인화동 출장마사지 이용 전 이동 방향과 주변 생활권을 확인해 보세요.","1","0","1","1"
"동랜딩","massage/중앙동-출장마사지-익산-생활권-이동동선-지역정보-이용전-안내/index.html","변경후보","중앙동 출장마사지 | 익산 생활권·지역 이용 안내 | 몽라운지","중앙동 생활권 안내 | 익산 생활권·지역 이용 안내 | 몽라운지","중앙동 주변의 생활권과 이동 흐름을 먼저 살펴보고 현재 위치를 설명하기 좋은 기준을 정리했습니다. 익산 중앙동 출장마사지 이용 전 지역 범위와 위치 정보를 확인해 보세요.","중앙동 주변의 생활권과 이동 흐름을 먼저 살펴보고 현재 위치를 설명하기 좋은 기준을 정리했습니다. 익산 중앙동 지역 이용 이용 전 지역 범위와 위치 정보를 확인해 보세요.","1","0","1","0"
"동랜딩","massage/팔봉동-출장마사지-익산-생활권-이동동선-지역정보-이용전-안내/index.html","변경후보","팔봉동 출장마사지 | 익산 생활권·지역 이용 안내 | 몽라운지","팔봉동 생활권 안내 | 익산 생활권·지역 이용 안내 | 몽라운지","자주 오가는 주거·상업 생활권을 기준으로 위치 확인 방법을 정리했습니다. 익산 팔봉동 출장마사지 이용 전 가까운 지역과 이동 범위를 비교할 때 참고할 수 있습니다.","자주 오가는 주거·상업 생활권을 기준으로 위치 확인 방법을 정리했습니다. 익산 팔봉동 지역 이용 이용 전 가까운 지역과 이동 범위를 비교할 때 참고할 수 있습니다.","1","0","1","0"
"동랜딩","massage/평화동-출장마사지-익산-생활권-이동동선-지역정보-이용전-안내/index.html","변경후보","평화동 출장마사지 | 익산 생활권·지역 이용 안내 | 몽라운지","평화동 지역 이용 안내 | 익산 생활권·지역 이용 안내 | 몽라운지","평화동 생활권의 기본적인 이동 방향과 인접 지역 확인 방법을 한 페이지에 정리했습니다. 익산 평화동 출장마사지 이용 전 현재 위치와 지역 범위를 먼저 확인해 보세요.","평화동 생활권의 기본적인 이동 방향과 인접 지역 확인 방법을 한 페이지에 정리했습니다. 익산 평화동 출장마사지 이용 전 현재 위치와 지역 범위를 먼저 확인해 보세요.","1","0","1","1"
"동랜딩","massage/개정동-출장마사지-군산-생활권-이동동선-지역정보-이용전-안내/index.html","변경후보","개정동 출장마사지 | 군산 생활권·지역 이용 안내 | 몽라운지","개정동 생활권 안내 | 군산 생활권·지역 이용 안내 | 몽라운지","기준으로 가까운 생활권과 귀가·외출 동선을 확인할 수 있도록 지역 정보를 구성했습니다. 군산 개정동 출장마사지 이용 전 위치 설명과 이동 범위를 확인하는 데 참고하세요.","기준으로 가까운 생활권과 귀가·외출 동선을 확인할 수 있도록 지역 정보를 구성했습니다. 군산 개정동 지역 이용 이용 전 위치 설명과 이동 범위를 확인하는 데 참고하세요.","1","0","1","0"
"동랜딩","massage/경암동-출장마사지-군산-생활권-이동동선-지역정보-이용전-안내/index.html","변경후보","경암동 출장마사지 | 군산 생활권·지역 이용 안내 | 몽라운지","경암동 지역 이용 안내 | 군산 생활권·지역 이용 안내 | 몽라운지","경암동 주변에서 현재 위치를 파악할 때 필요한 생활권 기준과 지역 선택 방법을 정리했습니다. 군산 경암동 출장마사지 이용 전 가까운 범위와 이용 정보를 확인할 수 있습니다.","경암동 주변에서 현재 위치를 파악할 때 필요한 생활권 기준과 지역 선택 방법을 정리했습니다. 군산 경암동 출장마사지 이용 전 가까운 범위와 이용 정보를 확인할 수 있습니다.","1","0","1","1"
"동랜딩","massage/구암동-출장마사지-군산-생활권-이동동선-지역정보-이용전-안내/index.html","변경후보","구암동 출장마사지 | 군산 생활권·지역 이용 안내 | 몽라운지","구암동 생활권 안내 | 군산 생활권·지역 이용 안내 | 몽라운지","주거권과 일상 이동 범위를 중심으로 지역 정보를 먼저 확인할 수 있게 정리했습니다. 군산 구암동 출장마사지 이용 전 위치와 인접 생활권을 비교해 보세요.","주거권과 일상 이동 범위를 중심으로 지역 정보를 먼저 확인할 수 있게 정리했습니다. 군산 구암동 지역 이용 이용 전 위치와 인접 생활권을 비교해 보세요.","1","0","1","0"
"동랜딩","massage/나운동-출장마사지-군산-생활권-이동동선-지역정보-이용전-안내/index.html","변경후보","나운동 출장마사지 | 군산 생활권·지역 이용 안내 | 몽라운지","나운동 생활권 안내 | 군산 생활권·지역 이용 안내 | 몽라운지","다른 생활권으로 이동할 때 참고하기 좋은 지역 기준과 위치 확인 항목을 정리했습니다. 군산 나운동 출장마사지 이용 전 지역 범위를 확인하는 안내입니다.","다른 생활권으로 이동할 때 참고하기 좋은 지역 기준과 위치 확인 항목을 정리했습니다. 군산 나운동 지역 이용 이용 전 지역 범위를 확인하는 안내입니다.","1","0","1","0"
"동랜딩","massage/미성동-출장마사지-군산-생활권-이동동선-지역정보-이용전-안내/index.html","변경후보","미성동 출장마사지 | 군산 생활권·지역 이용 안내 | 몽라운지","미성동 출장마사지 | 군산 생활권·지역 이용 안내 | 몽라운지","미성동 생활권 안에서 현재 위치와 가까운 지역을 찾기 쉽도록 기본 지역 정보를 구성했습니다. 군산 미성동 출장마사지 이용 전 이동 방향과 주변 생활권을 확인해 보세요.","미성동 생활권 안에서 현재 위치와 가까운 지역을 찾기 쉽도록 기본 지역 정보를 구성했습니다. 군산 미성동 생활권 이용 이용 전 이동 방향과 주변 생활권을 확인해 보세요.","1","1","1","0"
"동랜딩","massage/삼학동-출장마사지-군산-생활권-이동동선-지역정보-이용전-안내/index.html","변경후보","삼학동 출장마사지 | 군산 생활권·지역 이용 안내 | 몽라운지","삼학동 생활권 안내 | 군산 생활권·지역 이용 안내 | 몽라운지","삼학동 주변의 생활권과 이동 흐름을 먼저 살펴보고 현재 위치를 설명하기 좋은 기준을 정리했습니다. 군산 삼학동 출장마사지 이용 전 지역 범위와 위치 정보를 확인해 보세요.","삼학동 주변의 생활권과 이동 흐름을 먼저 살펴보고 현재 위치를 설명하기 좋은 기준을 정리했습니다. 군산 삼학동 지역 이용 이용 전 지역 범위와 위치 정보를 확인해 보세요.","1","0","1","0"
"동랜딩","massage/소룡동-출장마사지-군산-생활권-이동동선-지역정보-이용전-안내/index.html","변경후보","소룡동 출장마사지 | 군산 생활권·지역 이용 안내 | 몽라운지","소룡동 생활권 안내 | 군산 생활권·지역 이용 안내 | 몽라운지","자주 오가는 주거·상업 생활권을 기준으로 위치 확인 방법을 정리했습니다. 군산 소룡동 출장마사지 이용 전 가까운 지역과 이동 범위를 비교할 때 참고할 수 있습니다.","자주 오가는 주거·상업 생활권을 기준으로 위치 확인 방법을 정리했습니다. 군산 소룡동 지역 이용 이용 전 가까운 지역과 이동 범위를 비교할 때 참고할 수 있습니다.","1","0","1","0"
"동랜딩","massage/수송동-출장마사지-군산-생활권-이동동선-지역정보-이용전-안내/index.html","변경후보","수송동 출장마사지 | 군산 생활권·지역 이용 안내 | 몽라운지","수송동 출장마사지 | 군산 생활권·지역 이용 안내 | 몽라운지","수송동 생활권의 기본적인 이동 방향과 인접 지역 확인 방법을 한 페이지에 정리했습니다. 군산 수송동 출장마사지 이용 전 현재 위치와 지역 범위를 먼저 확인해 보세요.","수송동 생활권의 기본적인 이동 방향과 인접 지역 확인 방법을 한 페이지에 정리했습니다. 군산 수송동 생활권 이용 이용 전 현재 위치와 지역 범위를 먼저 확인해 보세요.","1","1","1","0"
"동랜딩","massage/신풍동-출장마사지-군산-생활권-이동동선-지역정보-이용전-안내/index.html","변경후보","신풍동 출장마사지 | 군산 생활권·지역 이용 안내 | 몽라운지","신풍동 지역 이용 안내 | 군산 생활권·지역 이용 안내 | 몽라운지","기준으로 가까운 생활권과 귀가·외출 동선을 확인할 수 있도록 지역 정보를 구성했습니다. 군산 신풍동 출장마사지 이용 전 위치 설명과 이동 범위를 확인하는 데 참고하세요.","기준으로 가까운 생활권과 귀가·외출 동선을 확인할 수 있도록 지역 정보를 구성했습니다. 군산 신풍동 출장마사지 이용 전 위치 설명과 이동 범위를 확인하는 데 참고하세요.","1","0","1","1"
"동랜딩","massage/월명동-출장마사지-군산-생활권-이동동선-지역정보-이용전-안내/index.html","변경후보","월명동 출장마사지 | 군산 생활권·지역 이용 안내 | 몽라운지","월명동 지역 이용 안내 | 군산 생활권·지역 이용 안내 | 몽라운지","월명동 주변에서 현재 위치를 파악할 때 필요한 생활권 기준과 지역 선택 방법을 정리했습니다. 군산 월명동 출장마사지 이용 전 가까운 범위와 이용 정보를 확인할 수 있습니다.","월명동 주변에서 현재 위치를 파악할 때 필요한 생활권 기준과 지역 선택 방법을 정리했습니다. 군산 월명동 출장마사지 이용 전 가까운 범위와 이용 정보를 확인할 수 있습니다.","1","0","1","1"
"동랜딩","massage/조촌동-출장마사지-군산-생활권-이동동선-지역정보-이용전-안내/index.html","변경후보","조촌동 출장마사지 | 군산 생활권·지역 이용 안내 | 몽라운지","조촌동 생활권 안내 | 군산 생활권·지역 이용 안내 | 몽라운지","주거권과 일상 이동 범위를 중심으로 지역 정보를 먼저 확인할 수 있게 정리했습니다. 군산 조촌동 출장마사지 이용 전 위치와 인접 생활권을 비교해 보세요.","주거권과 일상 이동 범위를 중심으로 지역 정보를 먼저 확인할 수 있게 정리했습니다. 군산 조촌동 지역 이용 이용 전 위치와 인접 생활권을 비교해 보세요.","1","0","1","0"
"동랜딩","massage/중앙동-출장마사지-군산-생활권-이동동선-지역정보-이용전-안내/index.html","변경후보","중앙동 출장마사지 | 군산 생활권·지역 이용 안내 | 몽라운지","중앙동 지역 이용 안내 | 군산 생활권·지역 이용 안내 | 몽라운지","다른 생활권으로 이동할 때 참고하기 좋은 지역 기준과 위치 확인 항목을 정리했습니다. 군산 중앙동 출장마사지 이용 전 지역 범위를 확인하는 안내입니다.","다른 생활권으로 이동할 때 참고하기 좋은 지역 기준과 위치 확인 항목을 정리했습니다. 군산 중앙동 출장마사지 이용 전 지역 범위를 확인하는 안내입니다.","1","0","1","1"
"동랜딩","massage/해신동-출장마사지-군산-생활권-이동동선-지역정보-이용전-안내/index.html","변경후보","해신동 출장마사지 | 군산 생활권·지역 이용 안내 | 몽라운지","해신동 지역 이용 안내 | 군산 생활권·지역 이용 안내 | 몽라운지","해신동 생활권 안에서 현재 위치와 가까운 지역을 찾기 쉽도록 기본 지역 정보를 구성했습니다. 군산 해신동 출장마사지 이용 전 이동 방향과 주변 생활권을 확인해 보세요.","해신동 생활권 안에서 현재 위치와 가까운 지역을 찾기 쉽도록 기본 지역 정보를 구성했습니다. 군산 해신동 출장마사지 이용 전 이동 방향과 주변 생활권을 확인해 보세요.","1","0","1","1"
"동랜딩","massage/흥남동-출장마사지-군산-생활권-이동동선-지역정보-이용전-안내/index.html","변경후보","흥남동 출장마사지 | 군산 생활권·지역 이용 안내 | 몽라운지","흥남동 지역 이용 안내 | 군산 생활권·지역 이용 안내 | 몽라운지","흥남동 주변의 생활권과 이동 흐름을 먼저 살펴보고 현재 위치를 설명하기 좋은 기준을 정리했습니다. 군산 흥남동 출장마사지 이용 전 지역 범위와 위치 정보를 확인해 보세요.","흥남동 주변의 생활권과 이동 흐름을 먼저 살펴보고 현재 위치를 설명하기 좋은 기준을 정리했습니다. 군산 흥남동 출장마사지 이용 전 지역 범위와 위치 정보를 확인해 보세요.","1","0","1","1"
"동랜딩","massage/온양동-출장마사지-아산-생활권-이동동선-지역정보-이용전-안내/index.html","변경후보","온양동 출장마사지 | 아산 생활권·지역 이용 안내 | 몽라운지","온양동 출장마사지 | 아산 생활권·지역 이용 안내 | 몽라운지","자주 오가는 주거·상업 생활권을 기준으로 위치 확인 방법을 정리했습니다. 아산 온양동 출장마사지 이용 전 가까운 지역과 이동 범위를 비교할 때 참고할 수 있습니다.","자주 오가는 주거·상업 생활권을 기준으로 위치 확인 방법을 정리했습니다. 아산 온양동 생활권 이용 이용 전 가까운 지역과 이동 범위를 비교할 때 참고할 수 있습니다.","1","1","1","0"
"동랜딩","massage/내외동-출장마사지-김해-생활권-이동동선-지역정보-이용전-안내/index.html","변경후보","내외동 출장마사지 | 김해 생활권·지역 이용 안내 | 몽라운지","내외동 지역 이용 안내 | 김해 생활권·지역 이용 안내 | 몽라운지","내외동 생활권의 기본적인 이동 방향과 인접 지역 확인 방법을 한 페이지에 정리했습니다. 김해 내외동 출장마사지 이용 전 현재 위치와 지역 범위를 먼저 확인해 보세요.","내외동 생활권의 기본적인 이동 방향과 인접 지역 확인 방법을 한 페이지에 정리했습니다. 김해 내외동 출장마사지 이용 전 현재 위치와 지역 범위를 먼저 확인해 보세요.","1","0","1","1"
"동랜딩","massage/동상동-출장마사지-김해-생활권-이동동선-지역정보-이용전-안내/index.html","변경후보","동상동 출장마사지 | 김해 생활권·지역 이용 안내 | 몽라운지","동상동 출장마사지 | 김해 생활권·지역 이용 안내 | 몽라운지","기준으로 가까운 생활권과 귀가·외출 동선을 확인할 수 있도록 지역 정보를 구성했습니다. 김해 동상동 출장마사지 이용 전 위치 설명과 이동 범위를 확인하는 데 참고하세요.","기준으로 가까운 생활권과 귀가·외출 동선을 확인할 수 있도록 지역 정보를 구성했습니다. 김해 동상동 생활권 이용 이용 전 위치 설명과 이동 범위를 확인하는 데 참고하세요.","1","1","1","0"
"동랜딩","massage/부원동-출장마사지-김해-생활권-이동동선-지역정보-이용전-안내/index.html","변경후보","부원동 출장마사지 | 김해 생활권·지역 이용 안내 | 몽라운지","부원동 생활권 안내 | 김해 생활권·지역 이용 안내 | 몽라운지","부원동 주변에서 현재 위치를 파악할 때 필요한 생활권 기준과 지역 선택 방법을 정리했습니다. 김해 부원동 출장마사지 이용 전 가까운 범위와 이용 정보를 확인할 수 있습니다.","부원동 주변에서 현재 위치를 파악할 때 필요한 생활권 기준과 지역 선택 방법을 정리했습니다. 김해 부원동 지역 이용 이용 전 가까운 범위와 이용 정보를 확인할 수 있습니다.","1","0","1","0"
"동랜딩","massage/북부동-출장마사지-김해-생활권-이동동선-지역정보-이용전-안내/index.html","변경후보","북부동 출장마사지 | 김해 생활권·지역 이용 안내 | 몽라운지","북부동 지역 이용 안내 | 김해 생활권·지역 이용 안내 | 몽라운지","주거권과 일상 이동 범위를 중심으로 지역 정보를 먼저 확인할 수 있게 정리했습니다. 김해 북부동 출장마사지 이용 전 위치와 인접 생활권을 비교해 보세요.","주거권과 일상 이동 범위를 중심으로 지역 정보를 먼저 확인할 수 있게 정리했습니다. 김해 북부동 출장마사지 이용 전 위치와 인접 생활권을 비교해 보세요.","1","0","1","1"
"동랜딩","massage/불암동-출장마사지-김해-생활권-이동동선-지역정보-이용전-안내/index.html","변경후보","불암동 출장마사지 | 김해 생활권·지역 이용 안내 | 몽라운지","불암동 생활권 안내 | 김해 생활권·지역 이용 안내 | 몽라운지","다른 생활권으로 이동할 때 참고하기 좋은 지역 기준과 위치 확인 항목을 정리했습니다. 김해 불암동 출장마사지 이용 전 지역 범위를 확인하는 안내입니다.","다른 생활권으로 이동할 때 참고하기 좋은 지역 기준과 위치 확인 항목을 정리했습니다. 김해 불암동 지역 이용 이용 전 지역 범위를 확인하는 안내입니다.","1","0","1","0"
"동랜딩","massage/삼안동-출장마사지-김해-생활권-이동동선-지역정보-이용전-안내/index.html","변경후보","삼안동 출장마사지 | 김해 생활권·지역 이용 안내 | 몽라운지","삼안동 출장마사지 | 김해 생활권·지역 이용 안내 | 몽라운지","삼안동 생활권 안에서 현재 위치와 가까운 지역을 찾기 쉽도록 기본 지역 정보를 구성했습니다. 김해 삼안동 출장마사지 이용 전 이동 방향과 주변 생활권을 확인해 보세요.","삼안동 생활권 안에서 현재 위치와 가까운 지역을 찾기 쉽도록 기본 지역 정보를 구성했습니다. 김해 삼안동 생활권 이용 이용 전 이동 방향과 주변 생활권을 확인해 보세요.","1","1","1","0"
"동랜딩","massage/장유동-출장마사지-김해-생활권-이동동선-지역정보-이용전-안내/index.html","변경후보","장유동 출장마사지 | 김해 생활권·지역 이용 안내 | 몽라운지","장유동 출장마사지 | 김해 생활권·지역 이용 안내 | 몽라운지","장유동 주변의 생활권과 이동 흐름을 먼저 살펴보고 현재 위치를 설명하기 좋은 기준을 정리했습니다. 김해 장유동 출장마사지 이용 전 지역 범위와 위치 정보를 확인해 보세요.","장유동 주변의 생활권과 이동 흐름을 먼저 살펴보고 현재 위치를 설명하기 좋은 기준을 정리했습니다. 김해 장유동 생활권 이용 이용 전 지역 범위와 위치 정보를 확인해 보세요.","1","1","1","0"
"동랜딩","massage/칠산서부동-출장마사지-김해-생활권-이동동선-지역정보-이용전-안내/index.html","변경후보","칠산서부동 출장마사지 | 김해 생활권·지역 이용 안내 | 몽라운지","칠산서부동 지역 이용 안내 | 김해 생활권·지역 이용 안내 | 몽라운지","자주 오가는 주거·상업 생활권을 기준으로 위치 확인 방법을 정리했습니다. 김해 칠산서부동 출장마사지 이용 전 가까운 지역과 이동 범위를 비교할 때 참고할 수 있습니다.","자주 오가는 주거·상업 생활권을 기준으로 위치 확인 방법을 정리했습니다. 김해 칠산서부동 출장마사지 이용 전 가까운 지역과 이동 범위를 비교할 때 참고할 수 있습니다.","1","0","1","1"
"동랜딩","massage/활천동-출장마사지-김해-생활권-이동동선-지역정보-이용전-안내/index.html","변경후보","활천동 출장마사지 | 김해 생활권·지역 이용 안내 | 몽라운지","활천동 생활권 안내 | 김해 생활권·지역 이용 안내 | 몽라운지","활천동 생활권의 기본적인 이동 방향과 인접 지역 확인 방법을 한 페이지에 정리했습니다. 김해 활천동 출장마사지 이용 전 현재 위치와 지역 범위를 먼저 확인해 보세요.","활천동 생활권의 기본적인 이동 방향과 인접 지역 확인 방법을 한 페이지에 정리했습니다. 김해 활천동 지역 이용 이용 전 현재 위치와 지역 범위를 먼저 확인해 보세요.","1","0","1","0"
"동랜딩","massage/회현동-출장마사지-김해-생활권-이동동선-지역정보-이용전-안내/index.html","변경후보","회현동 출장마사지 | 김해 생활권·지역 이용 안내 | 몽라운지","회현동 지역 이용 안내 | 김해 생활권·지역 이용 안내 | 몽라운지","기준으로 가까운 생활권과 귀가·외출 동선을 확인할 수 있도록 지역 정보를 구성했습니다. 김해 회현동 출장마사지 이용 전 위치 설명과 이동 범위를 확인하는 데 참고하세요.","기준으로 가까운 생활권과 귀가·외출 동선을 확인할 수 있도록 지역 정보를 구성했습니다. 김해 회현동 출장마사지 이용 전 위치 설명과 이동 범위를 확인하는 데 참고하세요.","1","0","1","1"
"동랜딩","massage/가좌동-출장마사지-고양시-일산서구-생활권-이동동선-지역정보-이용전-안내/index.html","변경후보","가좌동 출장마사지 | 경기 고양시 일산서구 생활권·지역 이용 안내 | 몽라운지","가좌동 출장마사지 | 경기 고양시 일산서구 생활권·지역 이용 안내 | 몽라운지","자주 오가는 생활권을 기준으로 위치와 인접 지역을 정리했습니다. 경기 고양시 일산서구 가좌동 출장마사지 이용 전 가까운 범위와 이동 방향을 비교해 보세요.","자주 오가는 생활권을 기준으로 위치와 인접 지역을 정리했습니다. 경기 고양시 일산서구 가좌동 생활권 이용 이용 전 가까운 범위와 이동 방향을 비교해 보세요.","1","1","1","0"
"동랜딩","massage/고봉동-출장마사지-고양시-일산동구-생활권-이동동선-지역정보-이용전-안내/index.html","변경후보","고봉동 출장마사지 | 경기 고양시 일산동구 생활권·지역 이용 안내 | 몽라운지","고봉동 생활권 안내 | 경기 고양시 일산동구 생활권·지역 이용 안내 | 몽라운지","고봉동 생활권에서 현재 위치와 인접 동을 확인하기 쉽도록 지역 정보를 구성했습니다. 경기 고양시 일산동구 고봉동 출장마사지 이용 전 위치와 지역 범위를 살펴볼 수 있습니다.","고봉동 생활권에서 현재 위치와 인접 동을 확인하기 쉽도록 지역 정보를 구성했습니다. 경기 고양시 일산동구 고봉동 지역 이용 이용 전 위치와 지역 범위를 살펴볼 수 있습니다.","1","0","1","0"
"동랜딩","massage/고양동-출장마사지-고양시-덕양구-생활권-이동동선-지역정보-이용전-안내/index.html","변경후보","고양동 출장마사지 | 경기 고양시 덕양구 생활권·지역 이용 안내 | 몽라운지","고양동 지역 이용 안내 | 경기 고양시 덕양구 생활권·지역 이용 안내 | 몽라운지","중심으로 주변 생활권과 이동 방향을 확인할 수 있도록 정리했습니다. 경기 고양시 덕양구 고양동 출장마사지 이용 전 현재 위치와 가까운 지역을 확인해 보세요.","중심으로 주변 생활권과 이동 방향을 확인할 수 있도록 정리했습니다. 경기 고양시 덕양구 고양동 출장마사지 이용 전 현재 위치와 가까운 지역을 확인해 보세요.","1","0","1","1"
"동랜딩","massage/관산동-출장마사지-고양시-덕양구-생활권-이동동선-지역정보-이용전-안내/index.html","변경후보","관산동 출장마사지 | 경기 고양시 덕양구 생활권·지역 이용 안내 | 몽라운지","관산동 생활권 안내 | 경기 고양시 덕양구 생활권·지역 이용 안내 | 몽라운지","관산동 주변의 주거·업무 생활권과 인접 지역을 기준으로 위치 정보를 정리했습니다. 경기 고양시 덕양구 관산동 출장마사지 이용 전 이동 범위를 확인할 수 있습니다.","관산동 주변의 주거·업무 생활권과 인접 지역을 기준으로 위치 정보를 정리했습니다. 경기 고양시 덕양구 관산동 지역 이용 이용 전 이동 범위를 확인할 수 있습니다.","1","0","1","0"
"동랜딩","massage/능곡동-출장마사지-고양시-덕양구-생활권-이동동선-지역정보-이용전-안내/index.html","변경후보","능곡동 출장마사지 | 경기 고양시 덕양구 생활권·지역 이용 안내 | 몽라운지","능곡동 출장마사지 | 경기 고양시 덕양구 생활권·지역 이용 안내 | 몽라운지","능곡동 지역에서 현재 위치를 설명하고 가까운 생활권을 찾기 쉽도록 기본 정보를 구성했습니다. 경기 고양시 덕양구 능곡동 출장마사지 이용 전 지역 선택에 참고하세요.","능곡동 지역에서 현재 위치를 설명하고 가까운 생활권을 찾기 쉽도록 기본 정보를 구성했습니다. 경기 고양시 덕양구 능곡동 생활권 이용 이용 전 지역 선택에 참고하세요.","1","1","1","0"
"동랜딩","massage/대덕동-출장마사지-고양시-덕양구-생활권-이동동선-지역정보-이용전-안내/index.html","변경후보","대덕동 출장마사지 | 경기 고양시 덕양구 생활권·지역 이용 안내 | 몽라운지","대덕동 출장마사지 | 경기 고양시 덕양구 생활권·지역 이용 안내 | 몽라운지","대덕동 주변 생활권과 이동 흐름을 먼저 살펴보고 현재 위치를 확인하기 좋은 기준을 정리했습니다. 경기 고양시 덕양구 대덕동 출장마사지 이용 전 지역 범위를 확인해 보세요.","대덕동 주변 생활권과 이동 흐름을 먼저 살펴보고 현재 위치를 확인하기 좋은 기준을 정리했습니다. 경기 고양시 덕양구 대덕동 생활권 이용 이용 전 지역 범위를 확인해 보세요.","1","1","1","0"
"동랜딩","massage/대화동-출장마사지-고양시-일산서구-생활권-이동동선-지역정보-이용전-안내/index.html","변경후보","대화동 출장마사지 | 경기 고양시 일산서구 생활권·지역 이용 안내 | 몽라운지","대화동 지역 이용 안내 | 경기 고양시 일산서구 생활권·지역 이용 안내 | 몽라운지","자주 오가는 생활권을 기준으로 위치와 인접 지역을 정리했습니다. 경기 고양시 일산서구 대화동 출장마사지 이용 전 가까운 범위와 이동 방향을 비교해 보세요.","자주 오가는 생활권을 기준으로 위치와 인접 지역을 정리했습니다. 경기 고양시 일산서구 대화동 출장마사지 이용 전 가까운 범위와 이동 방향을 비교해 보세요.","1","0","1","1"
"동랜딩","massage/덕이동-출장마사지-고양시-일산서구-생활권-이동동선-지역정보-이용전-안내/index.html","변경후보","덕이동 출장마사지 | 경기 고양시 일산서구 생활권·지역 이용 안내 | 몽라운지","덕이동 지역 이용 안내 | 경기 고양시 일산서구 생활권·지역 이용 안내 | 몽라운지","덕이동 생활권에서 현재 위치와 인접 동을 확인하기 쉽도록 지역 정보를 구성했습니다. 경기 고양시 일산서구 덕이동 출장마사지 이용 전 위치와 지역 범위를 살펴볼 수 있습니다.","덕이동 생활권에서 현재 위치와 인접 동을 확인하기 쉽도록 지역 정보를 구성했습니다. 경기 고양시 일산서구 덕이동 출장마사지 이용 전 위치와 지역 범위를 살펴볼 수 있습니다.","1","0","1","1"
"동랜딩","massage/마두동-출장마사지-고양시-일산동구-생활권-이동동선-지역정보-이용전-안내/index.html","변경후보","마두동 출장마사지 | 경기 고양시 일산동구 생활권·지역 이용 안내 | 몽라운지","마두동 생활권 안내 | 경기 고양시 일산동구 생활권·지역 이용 안내 | 몽라운지","중심으로 주변 생활권과 이동 방향을 확인할 수 있도록 정리했습니다. 경기 고양시 일산동구 마두동 출장마사지 이용 전 현재 위치와 가까운 지역을 확인해 보세요.","중심으로 주변 생활권과 이동 방향을 확인할 수 있도록 정리했습니다. 경기 고양시 일산동구 마두동 지역 이용 이용 전 현재 위치와 가까운 지역을 확인해 보세요.","1","0","1","0"
"동랜딩","massage/백석동-출장마사지-고양시-일산동구-생활권-이동동선-지역정보-이용전-안내/index.html","변경후보","백석동 출장마사지 | 경기 고양시 일산동구 생활권·지역 이용 안내 | 몽라운지","백석동 생활권 안내 | 경기 고양시 일산동구 생활권·지역 이용 안내 | 몽라운지","백석동 주변의 주거·업무 생활권과 인접 지역을 기준으로 위치 정보를 정리했습니다. 경기 고양시 일산동구 백석동 출장마사지 이용 전 이동 범위를 확인할 수 있습니다.","백석동 주변의 주거·업무 생활권과 인접 지역을 기준으로 위치 정보를 정리했습니다. 경기 고양시 일산동구 백석동 지역 이용 이용 전 이동 범위를 확인할 수 있습니다.","1","0","1","0"
"동랜딩","massage/삼송동-출장마사지-고양시-덕양구-생활권-이동동선-지역정보-이용전-안내/index.html","변경후보","삼송동 출장마사지 | 경기 고양시 덕양구 생활권·지역 이용 안내 | 몽라운지","삼송동 출장마사지 | 경기 고양시 덕양구 생활권·지역 이용 안내 | 몽라운지","삼송동 지역에서 현재 위치를 설명하고 가까운 생활권을 찾기 쉽도록 기본 정보를 구성했습니다. 경기 고양시 덕양구 삼송동 출장마사지 이용 전 지역 선택에 참고하세요.","삼송동 지역에서 현재 위치를 설명하고 가까운 생활권을 찾기 쉽도록 기본 정보를 구성했습니다. 경기 고양시 덕양구 삼송동 생활권 이용 이용 전 지역 선택에 참고하세요.","1","1","1","0"
"동랜딩","massage/성사동-출장마사지-고양시-덕양구-생활권-이동동선-지역정보-이용전-안내/index.html","변경후보","성사동 출장마사지 | 경기 고양시 덕양구 생활권·지역 이용 안내 | 몽라운지","성사동 지역 이용 안내 | 경기 고양시 덕양구 생활권·지역 이용 안내 | 몽라운지","성사동 주변 생활권과 이동 흐름을 먼저 살펴보고 현재 위치를 확인하기 좋은 기준을 정리했습니다. 경기 고양시 덕양구 성사동 출장마사지 이용 전 지역 범위를 확인해 보세요.","성사동 주변 생활권과 이동 흐름을 먼저 살펴보고 현재 위치를 확인하기 좋은 기준을 정리했습니다. 경기 고양시 덕양구 성사동 출장마사지 이용 전 지역 범위를 확인해 보세요.","1","0","1","1"
"동랜딩","massage/송포동-출장마사지-고양시-일산서구-생활권-이동동선-지역정보-이용전-안내/index.html","변경후보","송포동 출장마사지 | 경기 고양시 일산서구 생활권·지역 이용 안내 | 몽라운지","송포동 지역 이용 안내 | 경기 고양시 일산서구 생활권·지역 이용 안내 | 몽라운지","자주 오가는 생활권을 기준으로 위치와 인접 지역을 정리했습니다. 경기 고양시 일산서구 송포동 출장마사지 이용 전 가까운 범위와 이동 방향을 비교해 보세요.","자주 오가는 생활권을 기준으로 위치와 인접 지역을 정리했습니다. 경기 고양시 일산서구 송포동 출장마사지 이용 전 가까운 범위와 이동 방향을 비교해 보세요.","1","0","1","1"
"동랜딩","massage/식사동-출장마사지-고양시-일산동구-생활권-이동동선-지역정보-이용전-안내/index.html","변경후보","식사동 출장마사지 | 경기 고양시 일산동구 생활권·지역 이용 안내 | 몽라운지","식사동 지역 이용 안내 | 경기 고양시 일산동구 생활권·지역 이용 안내 | 몽라운지","식사동 생활권에서 현재 위치와 인접 동을 확인하기 쉽도록 지역 정보를 구성했습니다. 경기 고양시 일산동구 식사동 출장마사지 이용 전 위치와 지역 범위를 살펴볼 수 있습니다.","식사동 생활권에서 현재 위치와 인접 동을 확인하기 쉽도록 지역 정보를 구성했습니다. 경기 고양시 일산동구 식사동 출장마사지 이용 전 위치와 지역 범위를 살펴볼 수 있습니다.","1","0","1","1"
"동랜딩","massage/원신동-출장마사지-고양시-덕양구-생활권-이동동선-지역정보-이용전-안내/index.html","변경후보","원신동 출장마사지 | 경기 고양시 덕양구 생활권·지역 이용 안내 | 몽라운지","원신동 출장마사지 | 경기 고양시 덕양구 생활권·지역 이용 안내 | 몽라운지","중심으로 주변 생활권과 이동 방향을 확인할 수 있도록 정리했습니다. 경기 고양시 덕양구 원신동 출장마사지 이용 전 현재 위치와 가까운 지역을 확인해 보세요.","중심으로 주변 생활권과 이동 방향을 확인할 수 있도록 정리했습니다. 경기 고양시 덕양구 원신동 생활권 이용 이용 전 현재 위치와 가까운 지역을 확인해 보세요.","1","1","1","0"
"동랜딩","massage/일산동-출장마사지-고양시-일산서구-생활권-이동동선-지역정보-이용전-안내/index.html","변경후보","일산동 출장마사지 | 경기 고양시 일산서구 생활권·지역 이용 안내 | 몽라운지","일산동 생활권 안내 | 경기 고양시 일산서구 생활권·지역 이용 안내 | 몽라운지","일산동 주변의 주거·업무 생활권과 인접 지역을 기준으로 위치 정보를 정리했습니다. 경기 고양시 일산서구 일산동 출장마사지 이용 전 이동 범위를 확인할 수 있습니다.","일산동 주변의 주거·업무 생활권과 인접 지역을 기준으로 위치 정보를 정리했습니다. 경기 고양시 일산서구 일산동 지역 이용 이용 전 이동 범위를 확인할 수 있습니다.","1","0","1","0"
"동랜딩","massage/장항동-출장마사지-고양시-일산동구-생활권-이동동선-지역정보-이용전-안내/index.html","변경후보","장항동 출장마사지 | 경기 고양시 일산동구 생활권·지역 이용 안내 | 몽라운지","장항동 지역 이용 안내 | 경기 고양시 일산동구 생활권·지역 이용 안내 | 몽라운지","장항동 지역에서 현재 위치를 설명하고 가까운 생활권을 찾기 쉽도록 기본 정보를 구성했습니다. 경기 고양시 일산동구 장항동 출장마사지 이용 전 지역 선택에 참고하세요.","장항동 지역에서 현재 위치를 설명하고 가까운 생활권을 찾기 쉽도록 기본 정보를 구성했습니다. 경기 고양시 일산동구 장항동 출장마사지 이용 전 지역 선택에 참고하세요.","1","0","1","1"
"동랜딩","massage/정발산동-출장마사지-고양시-일산동구-생활권-이동동선-지역정보-이용전-안내/index.html","변경후보","정발산동 출장마사지 | 경기 고양시 일산동구 생활권·지역 이용 안내 | 몽라운지","정발산동 출장마사지 | 경기 고양시 일산동구 생활권·지역 이용 안내 | 몽라운지","정발산동 주변 생활권과 이동 흐름을 먼저 살펴보고 현재 위치를 확인하기 좋은 기준을 정리했습니다. 경기 고양시 일산동구 정발산동 출장마사지 이용 전 지역 범위를 확인해 보세요.","정발산동 주변 생활권과 이동 흐름을 먼저 살펴보고 현재 위치를 확인하기 좋은 기준을 정리했습니다. 경기 고양시 일산동구 정발산동 생활권 이용 이용 전 지역 범위를 확인해 보세요.","1","1","1","0"
"동랜딩","massage/주교동-출장마사지-고양시-덕양구-생활권-이동동선-지역정보-이용전-안내/index.html","변경후보","주교동 출장마사지 | 경기 고양시 덕양구 생활권·지역 이용 안내 | 몽라운지","주교동 지역 이용 안내 | 경기 고양시 덕양구 생활권·지역 이용 안내 | 몽라운지","자주 오가는 생활권을 기준으로 위치와 인접 지역을 정리했습니다. 경기 고양시 덕양구 주교동 출장마사지 이용 전 가까운 범위와 이동 방향을 비교해 보세요.","자주 오가는 생활권을 기준으로 위치와 인접 지역을 정리했습니다. 경기 고양시 덕양구 주교동 출장마사지 이용 전 가까운 범위와 이동 방향을 비교해 보세요.","1","0","1","1"
"동랜딩","massage/주엽동-출장마사지-고양시-일산서구-생활권-이동동선-지역정보-이용전-안내/index.html","변경후보","주엽동 출장마사지 | 경기 고양시 일산서구 생활권·지역 이용 안내 | 몽라운지","주엽동 출장마사지 | 경기 고양시 일산서구 생활권·지역 이용 안내 | 몽라운지","주엽동 생활권에서 현재 위치와 인접 동을 확인하기 쉽도록 지역 정보를 구성했습니다. 경기 고양시 일산서구 주엽동 출장마사지 이용 전 위치와 지역 범위를 살펴볼 수 있습니다.","주엽동 생활권에서 현재 위치와 인접 동을 확인하기 쉽도록 지역 정보를 구성했습니다. 경기 고양시 일산서구 주엽동 생활권 이용 이용 전 위치와 지역 범위를 살펴볼 수 있습니다.","1","1","1","0"
"동랜딩","massage/중산동-출장마사지-고양시-일산동구-생활권-이동동선-지역정보-이용전-안내/index.html","변경후보","중산동 출장마사지 | 경기 고양시 일산동구 생활권·지역 이용 안내 | 몽라운지","중산동 출장마사지 | 경기 고양시 일산동구 생활권·지역 이용 안내 | 몽라운지","중심으로 주변 생활권과 이동 방향을 확인할 수 있도록 정리했습니다. 경기 고양시 일산동구 중산동 출장마사지 이용 전 현재 위치와 가까운 지역을 확인해 보세요.","중심으로 주변 생활권과 이동 방향을 확인할 수 있도록 정리했습니다. 경기 고양시 일산동구 중산동 생활권 이용 이용 전 현재 위치와 가까운 지역을 확인해 보세요.","1","1","1","0"
"동랜딩","massage/창릉동-출장마사지-고양시-덕양구-생활권-이동동선-지역정보-이용전-안내/index.html","변경후보","창릉동 출장마사지 | 경기 고양시 덕양구 생활권·지역 이용 안내 | 몽라운지","창릉동 출장마사지 | 경기 고양시 덕양구 생활권·지역 이용 안내 | 몽라운지","창릉동 주변의 주거·업무 생활권과 인접 지역을 기준으로 위치 정보를 정리했습니다. 경기 고양시 덕양구 창릉동 출장마사지 이용 전 이동 범위를 확인할 수 있습니다.","창릉동 주변의 주거·업무 생활권과 인접 지역을 기준으로 위치 정보를 정리했습니다. 경기 고양시 덕양구 창릉동 생활권 이용 이용 전 이동 범위를 확인할 수 있습니다.","1","1","1","0"
"동랜딩","massage/탄현동-출장마사지-고양시-일산서구-생활권-이동동선-지역정보-이용전-안내/index.html","변경후보","탄현동 출장마사지 | 경기 고양시 일산서구 생활권·지역 이용 안내 | 몽라운지","탄현동 생활권 안내 | 경기 고양시 일산서구 생활권·지역 이용 안내 | 몽라운지","탄현동 지역에서 현재 위치를 설명하고 가까운 생활권을 찾기 쉽도록 기본 정보를 구성했습니다. 경기 고양시 일산서구 탄현동 출장마사지 이용 전 지역 선택에 참고하세요.","탄현동 지역에서 현재 위치를 설명하고 가까운 생활권을 찾기 쉽도록 기본 정보를 구성했습니다. 경기 고양시 일산서구 탄현동 지역 이용 이용 전 지역 선택에 참고하세요.","1","0","1","0"
"동랜딩","massage/풍산동-출장마사지-고양시-일산동구-생활권-이동동선-지역정보-이용전-안내/index.html","변경후보","풍산동 출장마사지 | 경기 고양시 일산동구 생활권·지역 이용 안내 | 몽라운지","풍산동 출장마사지 | 경기 고양시 일산동구 생활권·지역 이용 안내 | 몽라운지","풍산동 주변 생활권과 이동 흐름을 먼저 살펴보고 현재 위치를 확인하기 좋은 기준을 정리했습니다. 경기 고양시 일산동구 풍산동 출장마사지 이용 전 지역 범위를 확인해 보세요.","풍산동 주변 생활권과 이동 흐름을 먼저 살펴보고 현재 위치를 확인하기 좋은 기준을 정리했습니다. 경기 고양시 일산동구 풍산동 생활권 이용 이용 전 지역 범위를 확인해 보세요.","1","1","1","0"
"동랜딩","massage/행신동-출장마사지-고양시-덕양구-생활권-이동동선-지역정보-이용전-안내/index.html","변경후보","행신동 출장마사지 | 경기 고양시 덕양구 생활권·지역 이용 안내 | 몽라운지","행신동 지역 이용 안내 | 경기 고양시 덕양구 생활권·지역 이용 안내 | 몽라운지","자주 오가는 생활권을 기준으로 위치와 인접 지역을 정리했습니다. 경기 고양시 덕양구 행신동 출장마사지 이용 전 가까운 범위와 이동 방향을 비교해 보세요.","자주 오가는 생활권을 기준으로 위치와 인접 지역을 정리했습니다. 경기 고양시 덕양구 행신동 출장마사지 이용 전 가까운 범위와 이동 방향을 비교해 보세요.","1","0","1","1"
"동랜딩","massage/행주동-출장마사지-고양시-덕양구-생활권-이동동선-지역정보-이용전-안내/index.html","변경후보","행주동 출장마사지 | 경기 고양시 덕양구 생활권·지역 이용 안내 | 몽라운지","행주동 생활권 안내 | 경기 고양시 덕양구 생활권·지역 이용 안내 | 몽라운지","행주동 생활권에서 현재 위치와 인접 동을 확인하기 쉽도록 지역 정보를 구성했습니다. 경기 고양시 덕양구 행주동 출장마사지 이용 전 위치와 지역 범위를 살펴볼 수 있습니다.","행주동 생활권에서 현재 위치와 인접 동을 확인하기 쉽도록 지역 정보를 구성했습니다. 경기 고양시 덕양구 행주동 지역 이용 이용 전 위치와 지역 범위를 살펴볼 수 있습니다.","1","0","1","0"
"동랜딩","massage/화전동-출장마사지-고양시-덕양구-생활권-이동동선-지역정보-이용전-안내/index.html","변경후보","화전동 출장마사지 | 경기 고양시 덕양구 생활권·지역 이용 안내 | 몽라운지","화전동 생활권 안내 | 경기 고양시 덕양구 생활권·지역 이용 안내 | 몽라운지","중심으로 주변 생활권과 이동 방향을 확인할 수 있도록 정리했습니다. 경기 고양시 덕양구 화전동 출장마사지 이용 전 현재 위치와 가까운 지역을 확인해 보세요.","중심으로 주변 생활권과 이동 방향을 확인할 수 있도록 정리했습니다. 경기 고양시 덕양구 화전동 지역 이용 이용 전 현재 위치와 가까운 지역을 확인해 보세요.","1","0","1","0"
"동랜딩","massage/화정동-출장마사지-고양시-덕양구-생활권-이동동선-지역정보-이용전-안내/index.html","변경후보","화정동 출장마사지 | 경기 고양시 덕양구 생활권·지역 이용 안내 | 몽라운지","화정동 지역 이용 안내 | 경기 고양시 덕양구 생활권·지역 이용 안내 | 몽라운지","화정동 주변의 주거·업무 생활권과 인접 지역을 기준으로 위치 정보를 정리했습니다. 경기 고양시 덕양구 화정동 출장마사지 이용 전 이동 범위를 확인할 수 있습니다.","화정동 주변의 주거·업무 생활권과 인접 지역을 기준으로 위치 정보를 정리했습니다. 경기 고양시 덕양구 화정동 출장마사지 이용 전 이동 범위를 확인할 수 있습니다.","1","0","1","1"
"동랜딩","massage/효자동-출장마사지-고양시-덕양구-생활권-이동동선-지역정보-이용전-안내/index.html","변경후보","효자동 출장마사지 | 경기 고양시 덕양구 생활권·지역 이용 안내 | 몽라운지","효자동 출장마사지 | 경기 고양시 덕양구 생활권·지역 이용 안내 | 몽라운지","효자동 지역에서 현재 위치를 설명하고 가까운 생활권을 찾기 쉽도록 기본 정보를 구성했습니다. 경기 고양시 덕양구 효자동 출장마사지 이용 전 지역 선택에 참고하세요.","효자동 지역에서 현재 위치를 설명하고 가까운 생활권을 찾기 쉽도록 기본 정보를 구성했습니다. 경기 고양시 덕양구 효자동 생활권 이용 이용 전 지역 선택에 참고하세요.","1","1","1","0"
"동랜딩","massage/흥도동-출장마사지-고양시-덕양구-생활권-이동동선-지역정보-이용전-안내/index.html","변경후보","흥도동 출장마사지 | 경기 고양시 덕양구 생활권·지역 이용 안내 | 몽라운지","흥도동 생활권 안내 | 경기 고양시 덕양구 생활권·지역 이용 안내 | 몽라운지","흥도동 주변 생활권과 이동 흐름을 먼저 살펴보고 현재 위치를 확인하기 좋은 기준을 정리했습니다. 경기 고양시 덕양구 흥도동 출장마사지 이용 전 지역 범위를 확인해 보세요.","흥도동 주변 생활권과 이동 흐름을 먼저 살펴보고 현재 위치를 확인하기 좋은 기준을 정리했습니다. 경기 고양시 덕양구 흥도동 지역 이용 이용 전 지역 범위를 확인해 보세요.","1","0","1","0"
"동랜딩","massage/고강동-출장마사지-부천시-오정구-생활권-이동동선-지역정보-이용전-안내/index.html","변경후보","고강동 출장마사지 | 경기 부천시 오정구 생활권·지역 이용 안내 | 몽라운지","고강동 출장마사지 | 경기 부천시 오정구 생활권·지역 이용 안내 | 몽라운지","고강동 주변의 주거·업무 생활권과 인접 지역을 기준으로 위치 정보를 정리했습니다. 경기 부천시 오정구 고강동 출장마사지 이용 전 이동 범위를 확인할 수 있습니다.","고강동 주변의 주거·업무 생활권과 인접 지역을 기준으로 위치 정보를 정리했습니다. 경기 부천시 오정구 고강동 생활권 이용 이용 전 이동 범위를 확인할 수 있습니다.","1","1","1","0"
"동랜딩","massage/고강본동-출장마사지-부천시-오정구-생활권-이동동선-지역정보-이용전-안내/index.html","변경후보","고강본동 출장마사지 | 경기 부천시 오정구 생활권·지역 이용 안내 | 몽라운지","고강본동 지역 이용 안내 | 경기 부천시 오정구 생활권·지역 이용 안내 | 몽라운지","고강본동 지역에서 현재 위치를 설명하고 가까운 생활권을 찾기 쉽도록 기본 정보를 구성했습니다. 경기 부천시 오정구 고강본동 출장마사지 이용 전 지역 선택에 참고하세요.","고강본동 지역에서 현재 위치를 설명하고 가까운 생활권을 찾기 쉽도록 기본 정보를 구성했습니다. 경기 부천시 오정구 고강본동 출장마사지 이용 전 지역 선택에 참고하세요.","1","0","1","1"
"동랜딩","massage/괴안동-출장마사지-부천시-소사구-생활권-이동동선-지역정보-이용전-안내/index.html","변경후보","괴안동 출장마사지 | 경기 부천시 소사구 생활권·지역 이용 안내 | 몽라운지","괴안동 출장마사지 | 경기 부천시 소사구 생활권·지역 이용 안내 | 몽라운지","괴안동 주변 생활권과 이동 흐름을 먼저 살펴보고 현재 위치를 확인하기 좋은 기준을 정리했습니다. 경기 부천시 소사구 괴안동 출장마사지 이용 전 지역 범위를 확인해 보세요.","괴안동 주변 생활권과 이동 흐름을 먼저 살펴보고 현재 위치를 확인하기 좋은 기준을 정리했습니다. 경기 부천시 소사구 괴안동 생활권 이용 이용 전 지역 범위를 확인해 보세요.","1","1","1","0"
"동랜딩","massage/도당동-출장마사지-부천시-원미구-생활권-이동동선-지역정보-이용전-안내/index.html","변경후보","도당동 출장마사지 | 경기 부천시 원미구 생활권·지역 이용 안내 | 몽라운지","도당동 생활권 안내 | 경기 부천시 원미구 생활권·지역 이용 안내 | 몽라운지","자주 오가는 생활권을 기준으로 위치와 인접 지역을 정리했습니다. 경기 부천시 원미구 도당동 출장마사지 이용 전 가까운 범위와 이동 방향을 비교해 보세요.","자주 오가는 생활권을 기준으로 위치와 인접 지역을 정리했습니다. 경기 부천시 원미구 도당동 지역 이용 이용 전 가까운 범위와 이동 방향을 비교해 보세요.","1","0","1","0"
"동랜딩","massage/범박동-출장마사지-부천시-소사구-생활권-이동동선-지역정보-이용전-안내/index.html","변경후보","범박동 출장마사지 | 경기 부천시 소사구 생활권·지역 이용 안내 | 몽라운지","범박동 출장마사지 | 경기 부천시 소사구 생활권·지역 이용 안내 | 몽라운지","범박동 생활권에서 현재 위치와 인접 동을 확인하기 쉽도록 지역 정보를 구성했습니다. 경기 부천시 소사구 범박동 출장마사지 이용 전 위치와 지역 범위를 살펴볼 수 있습니다.","범박동 생활권에서 현재 위치와 인접 동을 확인하기 쉽도록 지역 정보를 구성했습니다. 경기 부천시 소사구 범박동 생활권 이용 이용 전 위치와 지역 범위를 살펴볼 수 있습니다.","1","1","1","0"
"동랜딩","massage/상동-출장마사지-부천시-원미구-생활권-이동동선-지역정보-이용전-안내/index.html","변경후보","상동 출장마사지 | 경기 부천시 원미구 생활권·지역 이용 안내 | 몽라운지","상동 생활권 안내 | 경기 부천시 원미구 생활권·지역 이용 안내 | 몽라운지","중심으로 주변 생활권과 이동 방향을 확인할 수 있도록 정리했습니다. 경기 부천시 원미구 상동 출장마사지 이용 전 현재 위치와 가까운 지역을 확인해 보세요.","중심으로 주변 생활권과 이동 방향을 확인할 수 있도록 정리했습니다. 경기 부천시 원미구 상동 지역 이용 이용 전 현재 위치와 가까운 지역을 확인해 보세요.","1","0","1","0"
"동랜딩","massage/성곡동-출장마사지-부천시-오정구-생활권-이동동선-지역정보-이용전-안내/index.html","변경후보","성곡동 출장마사지 | 경기 부천시 오정구 생활권·지역 이용 안내 | 몽라운지","성곡동 생활권 안내 | 경기 부천시 오정구 생활권·지역 이용 안내 | 몽라운지","성곡동 주변의 주거·업무 생활권과 인접 지역을 기준으로 위치 정보를 정리했습니다. 경기 부천시 오정구 성곡동 출장마사지 이용 전 이동 범위를 확인할 수 있습니다.","성곡동 주변의 주거·업무 생활권과 인접 지역을 기준으로 위치 정보를 정리했습니다. 경기 부천시 오정구 성곡동 지역 이용 이용 전 이동 범위를 확인할 수 있습니다.","1","0","1","0"
"동랜딩","massage/소사동-출장마사지-부천시-원미구-생활권-이동동선-지역정보-이용전-안내/index.html","변경후보","소사동 출장마사지 | 경기 부천시 원미구 생활권·지역 이용 안내 | 몽라운지","소사동 생활권 안내 | 경기 부천시 원미구 생활권·지역 이용 안내 | 몽라운지","소사동 지역에서 현재 위치를 설명하고 가까운 생활권을 찾기 쉽도록 기본 정보를 구성했습니다. 경기 부천시 원미구 소사동 출장마사지 이용 전 지역 선택에 참고하세요.","소사동 지역에서 현재 위치를 설명하고 가까운 생활권을 찾기 쉽도록 기본 정보를 구성했습니다. 경기 부천시 원미구 소사동 지역 이용 이용 전 지역 선택에 참고하세요.","1","0","1","0"
"동랜딩","massage/소사본동-출장마사지-부천시-소사구-생활권-이동동선-지역정보-이용전-안내/index.html","변경후보","소사본동 출장마사지 | 경기 부천시 소사구 생활권·지역 이용 안내 | 몽라운지","소사본동 출장마사지 | 경기 부천시 소사구 생활권·지역 이용 안내 | 몽라운지","소사본동 주변 생활권과 이동 흐름을 먼저 살펴보고 현재 위치를 확인하기 좋은 기준을 정리했습니다. 경기 부천시 소사구 소사본동 출장마사지 이용 전 지역 범위를 확인해 보세요.","소사본동 주변 생활권과 이동 흐름을 먼저 살펴보고 현재 위치를 확인하기 좋은 기준을 정리했습니다. 경기 부천시 소사구 소사본동 생활권 이용 이용 전 지역 범위를 확인해 보세요.","1","1","1","0"
"동랜딩","massage/송내동-출장마사지-부천시-소사구-생활권-이동동선-지역정보-이용전-안내/index.html","변경후보","송내동 출장마사지 | 경기 부천시 소사구 생활권·지역 이용 안내 | 몽라운지","송내동 출장마사지 | 경기 부천시 소사구 생활권·지역 이용 안내 | 몽라운지","자주 오가는 생활권을 기준으로 위치와 인접 지역을 정리했습니다. 경기 부천시 소사구 송내동 출장마사지 이용 전 가까운 범위와 이동 방향을 비교해 보세요.","자주 오가는 생활권을 기준으로 위치와 인접 지역을 정리했습니다. 경기 부천시 소사구 송내동 생활권 이용 이용 전 가까운 범위와 이동 방향을 비교해 보세요.","1","1","1","0"
"동랜딩","massage/신흥동-출장마사지-부천시-오정구-생활권-이동동선-지역정보-이용전-안내/index.html","변경후보","신흥동 출장마사지 | 경기 부천시 오정구 생활권·지역 이용 안내 | 몽라운지","신흥동 지역 이용 안내 | 경기 부천시 오정구 생활권·지역 이용 안내 | 몽라운지","신흥동 생활권에서 현재 위치와 인접 동을 확인하기 쉽도록 지역 정보를 구성했습니다. 경기 부천시 오정구 신흥동 출장마사지 이용 전 위치와 지역 범위를 살펴볼 수 있습니다.","신흥동 생활권에서 현재 위치와 인접 동을 확인하기 쉽도록 지역 정보를 구성했습니다. 경기 부천시 오정구 신흥동 출장마사지 이용 전 위치와 지역 범위를 살펴볼 수 있습니다.","1","0","1","1"
"동랜딩","massage/심곡동-출장마사지-부천시-원미구-생활권-이동동선-지역정보-이용전-안내/index.html","변경후보","심곡동 출장마사지 | 경기 부천시 원미구 생활권·지역 이용 안내 | 몽라운지","심곡동 출장마사지 | 경기 부천시 원미구 생활권·지역 이용 안내 | 몽라운지","중심으로 주변 생활권과 이동 방향을 확인할 수 있도록 정리했습니다. 경기 부천시 원미구 심곡동 출장마사지 이용 전 현재 위치와 가까운 지역을 확인해 보세요.","중심으로 주변 생활권과 이동 방향을 확인할 수 있도록 정리했습니다. 경기 부천시 원미구 심곡동 생활권 이용 이용 전 현재 위치와 가까운 지역을 확인해 보세요.","1","1","1","0"
"동랜딩","massage/심곡본동-출장마사지-부천시-소사구-생활권-이동동선-지역정보-이용전-안내/index.html","변경후보","심곡본동 출장마사지 | 경기 부천시 소사구 생활권·지역 이용 안내 | 몽라운지","심곡본동 지역 이용 안내 | 경기 부천시 소사구 생활권·지역 이용 안내 | 몽라운지","심곡본동 주변의 주거·업무 생활권과 인접 지역을 기준으로 위치 정보를 정리했습니다. 경기 부천시 소사구 심곡본동 출장마사지 이용 전 이동 범위를 확인할 수 있습니다.","심곡본동 주변의 주거·업무 생활권과 인접 지역을 기준으로 위치 정보를 정리했습니다. 경기 부천시 소사구 심곡본동 출장마사지 이용 전 이동 범위를 확인할 수 있습니다.","1","0","1","1"
"동랜딩","massage/약대동-출장마사지-부천시-원미구-생활권-이동동선-지역정보-이용전-안내/index.html","변경후보","약대동 출장마사지 | 경기 부천시 원미구 생활권·지역 이용 안내 | 몽라운지","약대동 지역 이용 안내 | 경기 부천시 원미구 생활권·지역 이용 안내 | 몽라운지","약대동 지역에서 현재 위치를 설명하고 가까운 생활권을 찾기 쉽도록 기본 정보를 구성했습니다. 경기 부천시 원미구 약대동 출장마사지 이용 전 지역 선택에 참고하세요.","약대동 지역에서 현재 위치를 설명하고 가까운 생활권을 찾기 쉽도록 기본 정보를 구성했습니다. 경기 부천시 원미구 약대동 출장마사지 이용 전 지역 선택에 참고하세요.","1","0","1","1"
"동랜딩","massage/역곡동-출장마사지-부천시-원미구-생활권-이동동선-지역정보-이용전-안내/index.html","변경후보","역곡동 출장마사지 | 경기 부천시 원미구 생활권·지역 이용 안내 | 몽라운지","역곡동 지역 이용 안내 | 경기 부천시 원미구 생활권·지역 이용 안내 | 몽라운지","역곡동 주변 생활권과 이동 흐름을 먼저 살펴보고 현재 위치를 확인하기 좋은 기준을 정리했습니다. 경기 부천시 원미구 역곡동 출장마사지 이용 전 지역 범위를 확인해 보세요.","역곡동 주변 생활권과 이동 흐름을 먼저 살펴보고 현재 위치를 확인하기 좋은 기준을 정리했습니다. 경기 부천시 원미구 역곡동 출장마사지 이용 전 지역 범위를 확인해 보세요.","1","0","1","1"
"동랜딩","massage/역곡동-출장마사지-부천시-소사구-생활권-이동동선-지역정보-이용전-안내/index.html","변경후보","역곡동 출장마사지 | 경기 부천시 소사구 생활권·지역 이용 안내 | 몽라운지","역곡동 지역 이용 안내 | 경기 부천시 소사구 생활권·지역 이용 안내 | 몽라운지","자주 오가는 생활권을 기준으로 위치와 인접 지역을 정리했습니다. 경기 부천시 소사구 역곡동 출장마사지 이용 전 가까운 범위와 이동 방향을 비교해 보세요.","자주 오가는 생활권을 기준으로 위치와 인접 지역을 정리했습니다. 경기 부천시 소사구 역곡동 출장마사지 이용 전 가까운 범위와 이동 방향을 비교해 보세요.","1","0","1","1"
"동랜딩","massage/오정동-출장마사지-부천시-오정구-생활권-이동동선-지역정보-이용전-안내/index.html","변경후보","오정동 출장마사지 | 경기 부천시 오정구 생활권·지역 이용 안내 | 몽라운지","오정동 지역 이용 안내 | 경기 부천시 오정구 생활권·지역 이용 안내 | 몽라운지","오정동 생활권에서 현재 위치와 인접 동을 확인하기 쉽도록 지역 정보를 구성했습니다. 경기 부천시 오정구 오정동 출장마사지 이용 전 위치와 지역 범위를 살펴볼 수 있습니다.","오정동 생활권에서 현재 위치와 인접 동을 확인하기 쉽도록 지역 정보를 구성했습니다. 경기 부천시 오정구 오정동 출장마사지 이용 전 위치와 지역 범위를 살펴볼 수 있습니다.","1","0","1","1"
"동랜딩","massage/옥길동-출장마사지-부천시-소사구-생활권-이동동선-지역정보-이용전-안내/index.html","변경후보","옥길동 출장마사지 | 경기 부천시 소사구 생활권·지역 이용 안내 | 몽라운지","옥길동 지역 이용 안내 | 경기 부천시 소사구 생활권·지역 이용 안내 | 몽라운지","중심으로 주변 생활권과 이동 방향을 확인할 수 있도록 정리했습니다. 경기 부천시 소사구 옥길동 출장마사지 이용 전 현재 위치와 가까운 지역을 확인해 보세요.","중심으로 주변 생활권과 이동 방향을 확인할 수 있도록 정리했습니다. 경기 부천시 소사구 옥길동 출장마사지 이용 전 현재 위치와 가까운 지역을 확인해 보세요.","1","0","1","1"
"동랜딩","massage/원미동-출장마사지-부천시-원미구-생활권-이동동선-지역정보-이용전-안내/index.html","변경후보","원미동 출장마사지 | 경기 부천시 원미구 생활권·지역 이용 안내 | 몽라운지","원미동 생활권 안내 | 경기 부천시 원미구 생활권·지역 이용 안내 | 몽라운지","원미동 주변의 주거·업무 생활권과 인접 지역을 기준으로 위치 정보를 정리했습니다. 경기 부천시 원미구 원미동 출장마사지 이용 전 이동 범위를 확인할 수 있습니다.","원미동 주변의 주거·업무 생활권과 인접 지역을 기준으로 위치 정보를 정리했습니다. 경기 부천시 원미구 원미동 지역 이용 이용 전 이동 범위를 확인할 수 있습니다.","1","0","1","0"
"동랜딩","massage/원종동-출장마사지-부천시-오정구-생활권-이동동선-지역정보-이용전-안내/index.html","변경후보","원종동 출장마사지 | 경기 부천시 오정구 생활권·지역 이용 안내 | 몽라운지","원종동 출장마사지 | 경기 부천시 오정구 생활권·지역 이용 안내 | 몽라운지","원종동 지역에서 현재 위치를 설명하고 가까운 생활권을 찾기 쉽도록 기본 정보를 구성했습니다. 경기 부천시 오정구 원종동 출장마사지 이용 전 지역 선택에 참고하세요.","원종동 지역에서 현재 위치를 설명하고 가까운 생활권을 찾기 쉽도록 기본 정보를 구성했습니다. 경기 부천시 오정구 원종동 생활권 이용 이용 전 지역 선택에 참고하세요.","1","1","1","0"
"동랜딩","massage/중동-출장마사지-부천시-원미구-생활권-이동동선-지역정보-이용전-안내/index.html","변경후보","중동 출장마사지 | 경기 부천시 원미구 생활권·지역 이용 안내 | 몽라운지","중동 출장마사지 | 경기 부천시 원미구 생활권·지역 이용 안내 | 몽라운지","중동 주변 생활권과 이동 흐름을 먼저 살펴보고 현재 위치를 확인하기 좋은 기준을 정리했습니다. 경기 부천시 원미구 중동 출장마사지 이용 전 지역 범위를 확인해 보세요.","중동 주변 생활권과 이동 흐름을 먼저 살펴보고 현재 위치를 확인하기 좋은 기준을 정리했습니다. 경기 부천시 원미구 중동 생활권 이용 이용 전 지역 범위를 확인해 보세요.","1","1","1","0"
"동랜딩","massage/춘의동-출장마사지-부천시-원미구-생활권-이동동선-지역정보-이용전-안내/index.html","변경후보","춘의동 출장마사지 | 경기 부천시 원미구 생활권·지역 이용 안내 | 몽라운지","춘의동 출장마사지 | 경기 부천시 원미구 생활권·지역 이용 안내 | 몽라운지","자주 오가는 생활권을 기준으로 위치와 인접 지역을 정리했습니다. 경기 부천시 원미구 춘의동 출장마사지 이용 전 가까운 범위와 이동 방향을 비교해 보세요.","자주 오가는 생활권을 기준으로 위치와 인접 지역을 정리했습니다. 경기 부천시 원미구 춘의동 생활권 이용 이용 전 가까운 범위와 이동 방향을 비교해 보세요.","1","1","1","0"
"동랜딩","massage/고등동-출장마사지-성남시-수정구-생활권-이동동선-지역정보-이용전-안내/index.html","변경후보","고등동 출장마사지 | 경기 성남시 수정구 생활권·지역 이용 안내 | 몽라운지","고등동 지역 이용 안내 | 경기 성남시 수정구 생활권·지역 이용 안내 | 몽라운지","고등동 생활권에서 현재 위치와 인접 동을 확인하기 쉽도록 지역 정보를 구성했습니다. 경기 성남시 수정구 고등동 출장마사지 이용 전 위치와 지역 범위를 살펴볼 수 있습니다.","고등동 생활권에서 현재 위치와 인접 동을 확인하기 쉽도록 지역 정보를 구성했습니다. 경기 성남시 수정구 고등동 출장마사지 이용 전 위치와 지역 범위를 살펴볼 수 있습니다.","1","0","1","1"
"동랜딩","massage/구미동-출장마사지-성남시-분당구-생활권-이동동선-지역정보-이용전-안내/index.html","변경후보","구미동 출장마사지 | 경기 성남시 분당구 생활권·지역 이용 안내 | 몽라운지","구미동 생활권 안내 | 경기 성남시 분당구 생활권·지역 이용 안내 | 몽라운지","중심으로 주변 생활권과 이동 방향을 확인할 수 있도록 정리했습니다. 경기 성남시 분당구 구미동 출장마사지 이용 전 현재 위치와 가까운 지역을 확인해 보세요.","중심으로 주변 생활권과 이동 방향을 확인할 수 있도록 정리했습니다. 경기 성남시 분당구 구미동 지역 이용 이용 전 현재 위치와 가까운 지역을 확인해 보세요.","1","0","1","0"
"동랜딩","massage/금곡동-출장마사지-성남시-분당구-생활권-이동동선-지역정보-이용전-안내/index.html","변경후보","금곡동 출장마사지 | 경기 성남시 분당구 생활권·지역 이용 안내 | 몽라운지","금곡동 출장마사지 | 경기 성남시 분당구 생활권·지역 이용 안내 | 몽라운지","금곡동 주변의 주거·업무 생활권과 인접 지역을 기준으로 위치 정보를 정리했습니다. 경기 성남시 분당구 금곡동 출장마사지 이용 전 이동 범위를 확인할 수 있습니다.","금곡동 주변의 주거·업무 생활권과 인접 지역을 기준으로 위치 정보를 정리했습니다. 경기 성남시 분당구 금곡동 생활권 이용 이용 전 이동 범위를 확인할 수 있습니다.","1","1","1","0"
"동랜딩","massage/금광동-출장마사지-성남시-중원구-생활권-이동동선-지역정보-이용전-안내/index.html","변경후보","금광동 출장마사지 | 경기 성남시 중원구 생활권·지역 이용 안내 | 몽라운지","금광동 생활권 안내 | 경기 성남시 중원구 생활권·지역 이용 안내 | 몽라운지","금광동 지역에서 현재 위치를 설명하고 가까운 생활권을 찾기 쉽도록 기본 정보를 구성했습니다. 경기 성남시 중원구 금광동 출장마사지 이용 전 지역 선택에 참고하세요.","금광동 지역에서 현재 위치를 설명하고 가까운 생활권을 찾기 쉽도록 기본 정보를 구성했습니다. 경기 성남시 중원구 금광동 지역 이용 이용 전 지역 선택에 참고하세요.","1","0","1","0"
"동랜딩","massage/단대동-출장마사지-성남시-수정구-생활권-이동동선-지역정보-이용전-안내/index.html","변경후보","단대동 출장마사지 | 경기 성남시 수정구 생활권·지역 이용 안내 | 몽라운지","단대동 지역 이용 안내 | 경기 성남시 수정구 생활권·지역 이용 안내 | 몽라운지","단대동 주변 생활권과 이동 흐름을 먼저 살펴보고 현재 위치를 확인하기 좋은 기준을 정리했습니다. 경기 성남시 수정구 단대동 출장마사지 이용 전 지역 범위를 확인해 보세요.","단대동 주변 생활권과 이동 흐름을 먼저 살펴보고 현재 위치를 확인하기 좋은 기준을 정리했습니다. 경기 성남시 수정구 단대동 출장마사지 이용 전 지역 범위를 확인해 보세요.","1","0","1","1"
"동랜딩","massage/도촌동-출장마사지-성남시-중원구-생활권-이동동선-지역정보-이용전-안내/index.html","변경후보","도촌동 출장마사지 | 경기 성남시 중원구 생활권·지역 이용 안내 | 몽라운지","도촌동 출장마사지 | 경기 성남시 중원구 생활권·지역 이용 안내 | 몽라운지","자주 오가는 생활권을 기준으로 위치와 인접 지역을 정리했습니다. 경기 성남시 중원구 도촌동 출장마사지 이용 전 가까운 범위와 이동 방향을 비교해 보세요.","자주 오가는 생활권을 기준으로 위치와 인접 지역을 정리했습니다. 경기 성남시 중원구 도촌동 생활권 이용 이용 전 가까운 범위와 이동 방향을 비교해 보세요.","1","1","1","0"
"동랜딩","massage/백현동-출장마사지-성남시-분당구-생활권-이동동선-지역정보-이용전-안내/index.html","변경후보","백현동 출장마사지 | 경기 성남시 분당구 생활권·지역 이용 안내 | 몽라운지","백현동 생활권 안내 | 경기 성남시 분당구 생활권·지역 이용 안내 | 몽라운지","백현동 생활권에서 현재 위치와 인접 동을 확인하기 쉽도록 지역 정보를 구성했습니다. 경기 성남시 분당구 백현동 출장마사지 이용 전 위치와 지역 범위를 살펴볼 수 있습니다.","백현동 생활권에서 현재 위치와 인접 동을 확인하기 쉽도록 지역 정보를 구성했습니다. 경기 성남시 분당구 백현동 지역 이용 이용 전 위치와 지역 범위를 살펴볼 수 있습니다.","1","0","1","0"
"동랜딩","massage/복정동-출장마사지-성남시-수정구-생활권-이동동선-지역정보-이용전-안내/index.html","변경후보","복정동 출장마사지 | 경기 성남시 수정구 생활권·지역 이용 안내 | 몽라운지","복정동 출장마사지 | 경기 성남시 수정구 생활권·지역 이용 안내 | 몽라운지","중심으로 주변 생활권과 이동 방향을 확인할 수 있도록 정리했습니다. 경기 성남시 수정구 복정동 출장마사지 이용 전 현재 위치와 가까운 지역을 확인해 보세요.","중심으로 주변 생활권과 이동 방향을 확인할 수 있도록 정리했습니다. 경기 성남시 수정구 복정동 생활권 이용 이용 전 현재 위치와 가까운 지역을 확인해 보세요.","1","1","1","0"
"동랜딩","massage/분당동-출장마사지-성남시-분당구-생활권-이동동선-지역정보-이용전-안내/index.html","변경후보","분당동 출장마사지 | 경기 성남시 분당구 생활권·지역 이용 안내 | 몽라운지","분당동 지역 이용 안내 | 경기 성남시 분당구 생활권·지역 이용 안내 | 몽라운지","분당동 주변의 주거·업무 생활권과 인접 지역을 기준으로 위치 정보를 정리했습니다. 경기 성남시 분당구 분당동 출장마사지 이용 전 이동 범위를 확인할 수 있습니다.","분당동 주변의 주거·업무 생활권과 인접 지역을 기준으로 위치 정보를 정리했습니다. 경기 성남시 분당구 분당동 출장마사지 이용 전 이동 범위를 확인할 수 있습니다.","1","0","1","1"
"동랜딩","massage/산성동-출장마사지-성남시-수정구-생활권-이동동선-지역정보-이용전-안내/index.html","변경후보","산성동 출장마사지 | 경기 성남시 수정구 생활권·지역 이용 안내 | 몽라운지","산성동 지역 이용 안내 | 경기 성남시 수정구 생활권·지역 이용 안내 | 몽라운지","산성동 지역에서 현재 위치를 설명하고 가까운 생활권을 찾기 쉽도록 기본 정보를 구성했습니다. 경기 성남시 수정구 산성동 출장마사지 이용 전 지역 선택에 참고하세요.","산성동 지역에서 현재 위치를 설명하고 가까운 생활권을 찾기 쉽도록 기본 정보를 구성했습니다. 경기 성남시 수정구 산성동 출장마사지 이용 전 지역 선택에 참고하세요.","1","0","1","1"
"동랜딩","massage/삼평동-출장마사지-성남시-분당구-생활권-이동동선-지역정보-이용전-안내/index.html","변경후보","삼평동 출장마사지 | 경기 성남시 분당구 생활권·지역 이용 안내 | 몽라운지","삼평동 출장마사지 | 경기 성남시 분당구 생활권·지역 이용 안내 | 몽라운지","삼평동 주변 생활권과 이동 흐름을 먼저 살펴보고 현재 위치를 확인하기 좋은 기준을 정리했습니다. 경기 성남시 분당구 삼평동 출장마사지 이용 전 지역 범위를 확인해 보세요.","삼평동 주변 생활권과 이동 흐름을 먼저 살펴보고 현재 위치를 확인하기 좋은 기준을 정리했습니다. 경기 성남시 분당구 삼평동 생활권 이용 이용 전 지역 범위를 확인해 보세요.","1","1","1","0"
"동랜딩","massage/상대원동-출장마사지-성남시-중원구-생활권-이동동선-지역정보-이용전-안내/index.html","변경후보","상대원동 출장마사지 | 경기 성남시 중원구 생활권·지역 이용 안내 | 몽라운지","상대원동 출장마사지 | 경기 성남시 중원구 생활권·지역 이용 안내 | 몽라운지","자주 오가는 생활권을 기준으로 위치와 인접 지역을 정리했습니다. 경기 성남시 중원구 상대원동 출장마사지 이용 전 가까운 범위와 이동 방향을 비교해 보세요.","자주 오가는 생활권을 기준으로 위치와 인접 지역을 정리했습니다. 경기 성남시 중원구 상대원동 생활권 이용 이용 전 가까운 범위와 이동 방향을 비교해 보세요.","1","1","1","0"
"동랜딩","massage/서현동-출장마사지-성남시-분당구-생활권-이동동선-지역정보-이용전-안내/index.html","변경후보","서현동 출장마사지 | 경기 성남시 분당구 생활권·지역 이용 안내 | 몽라운지","서현동 지역 이용 안내 | 경기 성남시 분당구 생활권·지역 이용 안내 | 몽라운지","서현동 생활권에서 현재 위치와 인접 동을 확인하기 쉽도록 지역 정보를 구성했습니다. 경기 성남시 분당구 서현동 출장마사지 이용 전 위치와 지역 범위를 살펴볼 수 있습니다.","서현동 생활권에서 현재 위치와 인접 동을 확인하기 쉽도록 지역 정보를 구성했습니다. 경기 성남시 분당구 서현동 출장마사지 이용 전 위치와 지역 범위를 살펴볼 수 있습니다.","1","0","1","1"
"동랜딩","massage/성남동-출장마사지-성남시-중원구-생활권-이동동선-지역정보-이용전-안내/index.html","변경후보","성남동 출장마사지 | 경기 성남시 중원구 생활권·지역 이용 안내 | 몽라운지","성남동 출장마사지 | 경기 성남시 중원구 생활권·지역 이용 안내 | 몽라운지","중심으로 주변 생활권과 이동 방향을 확인할 수 있도록 정리했습니다. 경기 성남시 중원구 성남동 출장마사지 이용 전 현재 위치와 가까운 지역을 확인해 보세요.","중심으로 주변 생활권과 이동 방향을 확인할 수 있도록 정리했습니다. 경기 성남시 중원구 성남동 생활권 이용 이용 전 현재 위치와 가까운 지역을 확인해 보세요.","1","1","1","0"
"동랜딩","massage/수내동-출장마사지-성남시-분당구-생활권-이동동선-지역정보-이용전-안내/index.html","변경후보","수내동 출장마사지 | 경기 성남시 분당구 생활권·지역 이용 안내 | 몽라운지","수내동 지역 이용 안내 | 경기 성남시 분당구 생활권·지역 이용 안내 | 몽라운지","수내동 주변의 주거·업무 생활권과 인접 지역을 기준으로 위치 정보를 정리했습니다. 경기 성남시 분당구 수내동 출장마사지 이용 전 이동 범위를 확인할 수 있습니다.","수내동 주변의 주거·업무 생활권과 인접 지역을 기준으로 위치 정보를 정리했습니다. 경기 성남시 분당구 수내동 출장마사지 이용 전 이동 범위를 확인할 수 있습니다.","1","0","1","1"
"동랜딩","massage/수진동-출장마사지-성남시-수정구-생활권-이동동선-지역정보-이용전-안내/index.html","변경후보","수진동 출장마사지 | 경기 성남시 수정구 생활권·지역 이용 안내 | 몽라운지","수진동 출장마사지 | 경기 성남시 수정구 생활권·지역 이용 안내 | 몽라운지","수진동 지역에서 현재 위치를 설명하고 가까운 생활권을 찾기 쉽도록 기본 정보를 구성했습니다. 경기 성남시 수정구 수진동 출장마사지 이용 전 지역 선택에 참고하세요.","수진동 지역에서 현재 위치를 설명하고 가까운 생활권을 찾기 쉽도록 기본 정보를 구성했습니다. 경기 성남시 수정구 수진동 생활권 이용 이용 전 지역 선택에 참고하세요.","1","1","1","0"
"동랜딩","massage/시흥동-출장마사지-성남시-수정구-생활권-이동동선-지역정보-이용전-안내/index.html","변경후보","시흥동 출장마사지 | 경기 성남시 수정구 생활권·지역 이용 안내 | 몽라운지","시흥동 지역 이용 안내 | 경기 성남시 수정구 생활권·지역 이용 안내 | 몽라운지","시흥동 주변 생활권과 이동 흐름을 먼저 살펴보고 현재 위치를 확인하기 좋은 기준을 정리했습니다. 경기 성남시 수정구 시흥동 출장마사지 이용 전 지역 범위를 확인해 보세요.","시흥동 주변 생활권과 이동 흐름을 먼저 살펴보고 현재 위치를 확인하기 좋은 기준을 정리했습니다. 경기 성남시 수정구 시흥동 출장마사지 이용 전 지역 범위를 확인해 보세요.","1","0","1","1"
"동랜딩","massage/신촌동-출장마사지-성남시-수정구-생활권-이동동선-지역정보-이용전-안내/index.html","변경후보","신촌동 출장마사지 | 경기 성남시 수정구 생활권·지역 이용 안내 | 몽라운지","신촌동 생활권 안내 | 경기 성남시 수정구 생활권·지역 이용 안내 | 몽라운지","자주 오가는 생활권을 기준으로 위치와 인접 지역을 정리했습니다. 경기 성남시 수정구 신촌동 출장마사지 이용 전 가까운 범위와 이동 방향을 비교해 보세요.","자주 오가는 생활권을 기준으로 위치와 인접 지역을 정리했습니다. 경기 성남시 수정구 신촌동 지역 이용 이용 전 가까운 범위와 이동 방향을 비교해 보세요.","1","0","1","0"
"동랜딩","massage/신흥동-출장마사지-성남시-수정구-생활권-이동동선-지역정보-이용전-안내/index.html","변경후보","신흥동 출장마사지 | 경기 성남시 수정구 생활권·지역 이용 안내 | 몽라운지","신흥동 생활권 안내 | 경기 성남시 수정구 생활권·지역 이용 안내 | 몽라운지","신흥동 생활권에서 현재 위치와 인접 동을 확인하기 쉽도록 지역 정보를 구성했습니다. 경기 성남시 수정구 신흥동 출장마사지 이용 전 위치와 지역 범위를 살펴볼 수 있습니다.","신흥동 생활권에서 현재 위치와 인접 동을 확인하기 쉽도록 지역 정보를 구성했습니다. 경기 성남시 수정구 신흥동 지역 이용 이용 전 위치와 지역 범위를 살펴볼 수 있습니다.","1","0","1","0"
"동랜딩","massage/야탑동-출장마사지-성남시-분당구-생활권-이동동선-지역정보-이용전-안내/index.html","변경후보","야탑동 출장마사지 | 경기 성남시 분당구 생활권·지역 이용 안내 | 몽라운지","야탑동 출장마사지 | 경기 성남시 분당구 생활권·지역 이용 안내 | 몽라운지","중심으로 주변 생활권과 이동 방향을 확인할 수 있도록 정리했습니다. 경기 성남시 분당구 야탑동 출장마사지 이용 전 현재 위치와 가까운 지역을 확인해 보세요.","중심으로 주변 생활권과 이동 방향을 확인할 수 있도록 정리했습니다. 경기 성남시 분당구 야탑동 생활권 이용 이용 전 현재 위치와 가까운 지역을 확인해 보세요.","1","1","1","0"
"동랜딩","massage/양지동-출장마사지-성남시-수정구-생활권-이동동선-지역정보-이용전-안내/index.html","변경후보","양지동 출장마사지 | 경기 성남시 수정구 생활권·지역 이용 안내 | 몽라운지","양지동 출장마사지 | 경기 성남시 수정구 생활권·지역 이용 안내 | 몽라운지","양지동 주변의 주거·업무 생활권과 인접 지역을 기준으로 위치 정보를 정리했습니다. 경기 성남시 수정구 양지동 출장마사지 이용 전 이동 범위를 확인할 수 있습니다.","양지동 주변의 주거·업무 생활권과 인접 지역을 기준으로 위치 정보를 정리했습니다. 경기 성남시 수정구 양지동 생활권 이용 이용 전 이동 범위를 확인할 수 있습니다.","1","1","1","0"
"동랜딩","massage/운중동-출장마사지-성남시-분당구-생활권-이동동선-지역정보-이용전-안내/index.html","변경후보","운중동 출장마사지 | 경기 성남시 분당구 생활권·지역 이용 안내 | 몽라운지","운중동 생활권 안내 | 경기 성남시 분당구 생활권·지역 이용 안내 | 몽라운지","운중동 지역에서 현재 위치를 설명하고 가까운 생활권을 찾기 쉽도록 기본 정보를 구성했습니다. 경기 성남시 분당구 운중동 출장마사지 이용 전 지역 선택에 참고하세요.","운중동 지역에서 현재 위치를 설명하고 가까운 생활권을 찾기 쉽도록 기본 정보를 구성했습니다. 경기 성남시 분당구 운중동 지역 이용 이용 전 지역 선택에 참고하세요.","1","0","1","0"
"동랜딩","massage/위례동-출장마사지-성남시-수정구-생활권-이동동선-지역정보-이용전-안내/index.html","변경후보","위례동 출장마사지 | 경기 성남시 수정구 생활권·지역 이용 안내 | 몽라운지","위례동 지역 이용 안내 | 경기 성남시 수정구 생활권·지역 이용 안내 | 몽라운지","위례동 주변 생활권과 이동 흐름을 먼저 살펴보고 현재 위치를 확인하기 좋은 기준을 정리했습니다. 경기 성남시 수정구 위례동 출장마사지 이용 전 지역 범위를 확인해 보세요.","위례동 주변 생활권과 이동 흐름을 먼저 살펴보고 현재 위치를 확인하기 좋은 기준을 정리했습니다. 경기 성남시 수정구 위례동 출장마사지 이용 전 지역 범위를 확인해 보세요.","1","0","1","1"
"동랜딩","massage/은행동-출장마사지-성남시-중원구-생활권-이동동선-지역정보-이용전-안내/index.html","변경후보","은행동 출장마사지 | 경기 성남시 중원구 생활권·지역 이용 안내 | 몽라운지","은행동 출장마사지 | 경기 성남시 중원구 생활권·지역 이용 안내 | 몽라운지","자주 오가는 생활권을 기준으로 위치와 인접 지역을 정리했습니다. 경기 성남시 중원구 은행동 출장마사지 이용 전 가까운 범위와 이동 방향을 비교해 보세요.","자주 오가는 생활권을 기준으로 위치와 인접 지역을 정리했습니다. 경기 성남시 중원구 은행동 생활권 이용 이용 전 가까운 범위와 이동 방향을 비교해 보세요.","1","1","1","0"
"동랜딩","massage/이매동-출장마사지-성남시-분당구-생활권-이동동선-지역정보-이용전-안내/index.html","변경후보","이매동 출장마사지 | 경기 성남시 분당구 생활권·지역 이용 안내 | 몽라운지","이매동 생활권 안내 | 경기 성남시 분당구 생활권·지역 이용 안내 | 몽라운지","이매동 생활권에서 현재 위치와 인접 동을 확인하기 쉽도록 지역 정보를 구성했습니다. 경기 성남시 분당구 이매동 출장마사지 이용 전 위치와 지역 범위를 살펴볼 수 있습니다.","이매동 생활권에서 현재 위치와 인접 동을 확인하기 쉽도록 지역 정보를 구성했습니다. 경기 성남시 분당구 이매동 지역 이용 이용 전 위치와 지역 범위를 살펴볼 수 있습니다.","1","0","1","0"
"동랜딩","massage/정자동-출장마사지-성남시-분당구-생활권-이동동선-지역정보-이용전-안내/index.html","변경후보","정자동 출장마사지 | 경기 성남시 분당구 생활권·지역 이용 안내 | 몽라운지","정자동 출장마사지 | 경기 성남시 분당구 생활권·지역 이용 안내 | 몽라운지","중심으로 주변 생활권과 이동 방향을 확인할 수 있도록 정리했습니다. 경기 성남시 분당구 정자동 출장마사지 이용 전 현재 위치와 가까운 지역을 확인해 보세요.","중심으로 주변 생활권과 이동 방향을 확인할 수 있도록 정리했습니다. 경기 성남시 분당구 정자동 생활권 이용 이용 전 현재 위치와 가까운 지역을 확인해 보세요.","1","1","1","0"
"동랜딩","massage/중앙동-출장마사지-성남시-중원구-생활권-이동동선-지역정보-이용전-안내/index.html","변경후보","중앙동 출장마사지 | 경기 성남시 중원구 생활권·지역 이용 안내 | 몽라운지","중앙동 생활권 안내 | 경기 성남시 중원구 생활권·지역 이용 안내 | 몽라운지","중앙동 주변의 주거·업무 생활권과 인접 지역을 기준으로 위치 정보를 정리했습니다. 경기 성남시 중원구 중앙동 출장마사지 이용 전 이동 범위를 확인할 수 있습니다.","중앙동 주변의 주거·업무 생활권과 인접 지역을 기준으로 위치 정보를 정리했습니다. 경기 성남시 중원구 중앙동 지역 이용 이용 전 이동 범위를 확인할 수 있습니다.","1","0","1","0"
"동랜딩","massage/태평동-출장마사지-성남시-수정구-생활권-이동동선-지역정보-이용전-안내/index.html","변경후보","태평동 출장마사지 | 경기 성남시 수정구 생활권·지역 이용 안내 | 몽라운지","태평동 출장마사지 | 경기 성남시 수정구 생활권·지역 이용 안내 | 몽라운지","태평동 지역에서 현재 위치를 설명하고 가까운 생활권을 찾기 쉽도록 기본 정보를 구성했습니다. 경기 성남시 수정구 태평동 출장마사지 이용 전 지역 선택에 참고하세요.","태평동 지역에서 현재 위치를 설명하고 가까운 생활권을 찾기 쉽도록 기본 정보를 구성했습니다. 경기 성남시 수정구 태평동 생활권 이용 이용 전 지역 선택에 참고하세요.","1","1","1","0"
"동랜딩","massage/판교동-출장마사지-성남시-분당구-생활권-이동동선-지역정보-이용전-안내/index.html","변경후보","판교동 출장마사지 | 경기 성남시 분당구 생활권·지역 이용 안내 | 몽라운지","판교동 출장마사지 | 경기 성남시 분당구 생활권·지역 이용 안내 | 몽라운지","판교동 주변 생활권과 이동 흐름을 먼저 살펴보고 현재 위치를 확인하기 좋은 기준을 정리했습니다. 경기 성남시 분당구 판교동 출장마사지 이용 전 지역 범위를 확인해 보세요.","판교동 주변 생활권과 이동 흐름을 먼저 살펴보고 현재 위치를 확인하기 좋은 기준을 정리했습니다. 경기 성남시 분당구 판교동 생활권 이용 이용 전 지역 범위를 확인해 보세요.","1","1","1","0"
"동랜딩","massage/하대원동-출장마사지-성남시-중원구-생활권-이동동선-지역정보-이용전-안내/index.html","변경후보","하대원동 출장마사지 | 경기 성남시 중원구 생활권·지역 이용 안내 | 몽라운지","하대원동 출장마사지 | 경기 성남시 중원구 생활권·지역 이용 안내 | 몽라운지","자주 오가는 생활권을 기준으로 위치와 인접 지역을 정리했습니다. 경기 성남시 중원구 하대원동 출장마사지 이용 전 가까운 범위와 이동 방향을 비교해 보세요.","자주 오가는 생활권을 기준으로 위치와 인접 지역을 정리했습니다. 경기 성남시 중원구 하대원동 생활권 이용 이용 전 가까운 범위와 이동 방향을 비교해 보세요.","1","1","1","0"
"동랜딩","massage/고등동-출장마사지-수원시-팔달구-생활권-이동동선-지역정보-이용전-안내/index.html","변경후보","고등동 출장마사지 | 경기 수원시 팔달구 생활권·지역 이용 안내 | 몽라운지","고등동 생활권 안내 | 경기 수원시 팔달구 생활권·지역 이용 안내 | 몽라운지","고등동 생활권에서 현재 위치와 인접 동을 확인하기 쉽도록 지역 정보를 구성했습니다. 경기 수원시 팔달구 고등동 출장마사지 이용 전 위치와 지역 범위를 살펴볼 수 있습니다.","고등동 생활권에서 현재 위치와 인접 동을 확인하기 쉽도록 지역 정보를 구성했습니다. 경기 수원시 팔달구 고등동 지역 이용 이용 전 위치와 지역 범위를 살펴볼 수 있습니다.","1","0","1","0"
"동랜딩","massage/곡선동-출장마사지-수원시-권선구-생활권-이동동선-지역정보-이용전-안내/index.html","변경후보","곡선동 출장마사지 | 경기 수원시 권선구 생활권·지역 이용 안내 | 몽라운지","곡선동 출장마사지 | 경기 수원시 권선구 생활권·지역 이용 안내 | 몽라운지","중심으로 주변 생활권과 이동 방향을 확인할 수 있도록 정리했습니다. 경기 수원시 권선구 곡선동 출장마사지 이용 전 현재 위치와 가까운 지역을 확인해 보세요.","중심으로 주변 생활권과 이동 방향을 확인할 수 있도록 정리했습니다. 경기 수원시 권선구 곡선동 생활권 이용 이용 전 현재 위치와 가까운 지역을 확인해 보세요.","1","1","1","0"
"동랜딩","massage/광교동-출장마사지-수원시-영통구-생활권-이동동선-지역정보-이용전-안내/index.html","변경후보","광교동 출장마사지 | 경기 수원시 영통구 생활권·지역 이용 안내 | 몽라운지","광교동 지역 이용 안내 | 경기 수원시 영통구 생활권·지역 이용 안내 | 몽라운지","광교동 주변의 주거·업무 생활권과 인접 지역을 기준으로 위치 정보를 정리했습니다. 경기 수원시 영통구 광교동 출장마사지 이용 전 이동 범위를 확인할 수 있습니다.","광교동 주변의 주거·업무 생활권과 인접 지역을 기준으로 위치 정보를 정리했습니다. 경기 수원시 영통구 광교동 출장마사지 이용 전 이동 범위를 확인할 수 있습니다.","1","0","1","1"
"동랜딩","massage/구운동-출장마사지-수원시-권선구-생활권-이동동선-지역정보-이용전-안내/index.html","변경후보","구운동 출장마사지 | 경기 수원시 권선구 생활권·지역 이용 안내 | 몽라운지","구운동 지역 이용 안내 | 경기 수원시 권선구 생활권·지역 이용 안내 | 몽라운지","구운동 지역에서 현재 위치를 설명하고 가까운 생활권을 찾기 쉽도록 기본 정보를 구성했습니다. 경기 수원시 권선구 구운동 출장마사지 이용 전 지역 선택에 참고하세요.","구운동 지역에서 현재 위치를 설명하고 가까운 생활권을 찾기 쉽도록 기본 정보를 구성했습니다. 경기 수원시 권선구 구운동 출장마사지 이용 전 지역 선택에 참고하세요.","1","0","1","1"
"동랜딩","massage/권선동-출장마사지-수원시-권선구-생활권-이동동선-지역정보-이용전-안내/index.html","변경후보","권선동 출장마사지 | 경기 수원시 권선구 생활권·지역 이용 안내 | 몽라운지","권선동 출장마사지 | 경기 수원시 권선구 생활권·지역 이용 안내 | 몽라운지","권선동 주변 생활권과 이동 흐름을 먼저 살펴보고 현재 위치를 확인하기 좋은 기준을 정리했습니다. 경기 수원시 권선구 권선동 출장마사지 이용 전 지역 범위를 확인해 보세요.","권선동 주변 생활권과 이동 흐름을 먼저 살펴보고 현재 위치를 확인하기 좋은 기준을 정리했습니다. 경기 수원시 권선구 권선동 생활권 이용 이용 전 지역 범위를 확인해 보세요.","1","1","1","0"
"동랜딩","massage/금곡동-출장마사지-수원시-권선구-생활권-이동동선-지역정보-이용전-안내/index.html","변경후보","금곡동 출장마사지 | 경기 수원시 권선구 생활권·지역 이용 안내 | 몽라운지","금곡동 생활권 안내 | 경기 수원시 권선구 생활권·지역 이용 안내 | 몽라운지","자주 오가는 생활권을 기준으로 위치와 인접 지역을 정리했습니다. 경기 수원시 권선구 금곡동 출장마사지 이용 전 가까운 범위와 이동 방향을 비교해 보세요.","자주 오가는 생활권을 기준으로 위치와 인접 지역을 정리했습니다. 경기 수원시 권선구 금곡동 지역 이용 이용 전 가까운 범위와 이동 방향을 비교해 보세요.","1","0","1","0"
"동랜딩","massage/망포동-출장마사지-수원시-영통구-생활권-이동동선-지역정보-이용전-안내/index.html","변경후보","망포동 출장마사지 | 경기 수원시 영통구 생활권·지역 이용 안내 | 몽라운지","망포동 출장마사지 | 경기 수원시 영통구 생활권·지역 이용 안내 | 몽라운지","망포동 생활권에서 현재 위치와 인접 동을 확인하기 쉽도록 지역 정보를 구성했습니다. 경기 수원시 영통구 망포동 출장마사지 이용 전 위치와 지역 범위를 살펴볼 수 있습니다.","망포동 생활권에서 현재 위치와 인접 동을 확인하기 쉽도록 지역 정보를 구성했습니다. 경기 수원시 영통구 망포동 생활권 이용 이용 전 위치와 지역 범위를 살펴볼 수 있습니다.","1","1","1","0"
"동랜딩","massage/매교동-출장마사지-수원시-팔달구-생활권-이동동선-지역정보-이용전-안내/index.html","변경후보","매교동 출장마사지 | 경기 수원시 팔달구 생활권·지역 이용 안내 | 몽라운지","매교동 지역 이용 안내 | 경기 수원시 팔달구 생활권·지역 이용 안내 | 몽라운지","중심으로 주변 생활권과 이동 방향을 확인할 수 있도록 정리했습니다. 경기 수원시 팔달구 매교동 출장마사지 이용 전 현재 위치와 가까운 지역을 확인해 보세요.","중심으로 주변 생활권과 이동 방향을 확인할 수 있도록 정리했습니다. 경기 수원시 팔달구 매교동 출장마사지 이용 전 현재 위치와 가까운 지역을 확인해 보세요.","1","0","1","1"
"동랜딩","massage/매산동-출장마사지-수원시-팔달구-생활권-이동동선-지역정보-이용전-안내/index.html","변경후보","매산동 출장마사지 | 경기 수원시 팔달구 생활권·지역 이용 안내 | 몽라운지","매산동 생활권 안내 | 경기 수원시 팔달구 생활권·지역 이용 안내 | 몽라운지","매산동 주변의 주거·업무 생활권과 인접 지역을 기준으로 위치 정보를 정리했습니다. 경기 수원시 팔달구 매산동 출장마사지 이용 전 이동 범위를 확인할 수 있습니다.","매산동 주변의 주거·업무 생활권과 인접 지역을 기준으로 위치 정보를 정리했습니다. 경기 수원시 팔달구 매산동 지역 이용 이용 전 이동 범위를 확인할 수 있습니다.","1","0","1","0"
"동랜딩","massage/매탄동-출장마사지-수원시-영통구-생활권-이동동선-지역정보-이용전-안내/index.html","변경후보","매탄동 출장마사지 | 경기 수원시 영통구 생활권·지역 이용 안내 | 몽라운지","매탄동 출장마사지 | 경기 수원시 영통구 생활권·지역 이용 안내 | 몽라운지","매탄동 지역에서 현재 위치를 설명하고 가까운 생활권을 찾기 쉽도록 기본 정보를 구성했습니다. 경기 수원시 영통구 매탄동 출장마사지 이용 전 지역 선택에 참고하세요.","매탄동 지역에서 현재 위치를 설명하고 가까운 생활권을 찾기 쉽도록 기본 정보를 구성했습니다. 경기 수원시 영통구 매탄동 생활권 이용 이용 전 지역 선택에 참고하세요.","1","1","1","0"
"동랜딩","massage/서둔동-출장마사지-수원시-권선구-생활권-이동동선-지역정보-이용전-안내/index.html","변경후보","서둔동 출장마사지 | 경기 수원시 권선구 생활권·지역 이용 안내 | 몽라운지","서둔동 지역 이용 안내 | 경기 수원시 권선구 생활권·지역 이용 안내 | 몽라운지","서둔동 주변 생활권과 이동 흐름을 먼저 살펴보고 현재 위치를 확인하기 좋은 기준을 정리했습니다. 경기 수원시 권선구 서둔동 출장마사지 이용 전 지역 범위를 확인해 보세요.","서둔동 주변 생활권과 이동 흐름을 먼저 살펴보고 현재 위치를 확인하기 좋은 기준을 정리했습니다. 경기 수원시 권선구 서둔동 출장마사지 이용 전 지역 범위를 확인해 보세요.","1","0","1","1"
"동랜딩","massage/세류동-출장마사지-수원시-권선구-생활권-이동동선-지역정보-이용전-안내/index.html","변경후보","세류동 출장마사지 | 경기 수원시 권선구 생활권·지역 이용 안내 | 몽라운지","세류동 생활권 안내 | 경기 수원시 권선구 생활권·지역 이용 안내 | 몽라운지","자주 오가는 생활권을 기준으로 위치와 인접 지역을 정리했습니다. 경기 수원시 권선구 세류동 출장마사지 이용 전 가까운 범위와 이동 방향을 비교해 보세요.","자주 오가는 생활권을 기준으로 위치와 인접 지역을 정리했습니다. 경기 수원시 권선구 세류동 지역 이용 이용 전 가까운 범위와 이동 방향을 비교해 보세요.","1","0","1","0"
"동랜딩","massage/송죽동-출장마사지-수원시-장안구-생활권-이동동선-지역정보-이용전-안내/index.html","변경후보","송죽동 출장마사지 | 경기 수원시 장안구 생활권·지역 이용 안내 | 몽라운지","송죽동 지역 이용 안내 | 경기 수원시 장안구 생활권·지역 이용 안내 | 몽라운지","송죽동 생활권에서 현재 위치와 인접 동을 확인하기 쉽도록 지역 정보를 구성했습니다. 경기 수원시 장안구 송죽동 출장마사지 이용 전 위치와 지역 범위를 살펴볼 수 있습니다.","송죽동 생활권에서 현재 위치와 인접 동을 확인하기 쉽도록 지역 정보를 구성했습니다. 경기 수원시 장안구 송죽동 출장마사지 이용 전 위치와 지역 범위를 살펴볼 수 있습니다.","1","0","1","1"
"동랜딩","massage/연무동-출장마사지-수원시-장안구-생활권-이동동선-지역정보-이용전-안내/index.html","변경후보","연무동 출장마사지 | 경기 수원시 장안구 생활권·지역 이용 안내 | 몽라운지","연무동 생활권 안내 | 경기 수원시 장안구 생활권·지역 이용 안내 | 몽라운지","중심으로 주변 생활권과 이동 방향을 확인할 수 있도록 정리했습니다. 경기 수원시 장안구 연무동 출장마사지 이용 전 현재 위치와 가까운 지역을 확인해 보세요.","중심으로 주변 생활권과 이동 방향을 확인할 수 있도록 정리했습니다. 경기 수원시 장안구 연무동 지역 이용 이용 전 현재 위치와 가까운 지역을 확인해 보세요.","1","0","1","0"
"동랜딩","massage/영통동-출장마사지-수원시-영통구-생활권-이동동선-지역정보-이용전-안내/index.html","변경후보","영통동 출장마사지 | 경기 수원시 영통구 생활권·지역 이용 안내 | 몽라운지","영통동 출장마사지 | 경기 수원시 영통구 생활권·지역 이용 안내 | 몽라운지","영통동 주변의 주거·업무 생활권과 인접 지역을 기준으로 위치 정보를 정리했습니다. 경기 수원시 영통구 영통동 출장마사지 이용 전 이동 범위를 확인할 수 있습니다.","영통동 주변의 주거·업무 생활권과 인접 지역을 기준으로 위치 정보를 정리했습니다. 경기 수원시 영통구 영통동 생활권 이용 이용 전 이동 범위를 확인할 수 있습니다.","1","1","1","0"
"동랜딩","massage/영화동-출장마사지-수원시-장안구-생활권-이동동선-지역정보-이용전-안내/index.html","변경후보","영화동 출장마사지 | 경기 수원시 장안구 생활권·지역 이용 안내 | 몽라운지","영화동 출장마사지 | 경기 수원시 장안구 생활권·지역 이용 안내 | 몽라운지","영화동 지역에서 현재 위치를 설명하고 가까운 생활권을 찾기 쉽도록 기본 정보를 구성했습니다. 경기 수원시 장안구 영화동 출장마사지 이용 전 지역 선택에 참고하세요.","영화동 지역에서 현재 위치를 설명하고 가까운 생활권을 찾기 쉽도록 기본 정보를 구성했습니다. 경기 수원시 장안구 영화동 생활권 이용 이용 전 지역 선택에 참고하세요.","1","1","1","0"
"동랜딩","massage/우만동-출장마사지-수원시-팔달구-생활권-이동동선-지역정보-이용전-안내/index.html","변경후보","우만동 출장마사지 | 경기 수원시 팔달구 생활권·지역 이용 안내 | 몽라운지","우만동 생활권 안내 | 경기 수원시 팔달구 생활권·지역 이용 안내 | 몽라운지","우만동 주변 생활권과 이동 흐름을 먼저 살펴보고 현재 위치를 확인하기 좋은 기준을 정리했습니다. 경기 수원시 팔달구 우만동 출장마사지 이용 전 지역 범위를 확인해 보세요.","우만동 주변 생활권과 이동 흐름을 먼저 살펴보고 현재 위치를 확인하기 좋은 기준을 정리했습니다. 경기 수원시 팔달구 우만동 지역 이용 이용 전 지역 범위를 확인해 보세요.","1","0","1","0"
"동랜딩","massage/원천동-출장마사지-수원시-영통구-생활권-이동동선-지역정보-이용전-안내/index.html","변경후보","원천동 출장마사지 | 경기 수원시 영통구 생활권·지역 이용 안내 | 몽라운지","원천동 출장마사지 | 경기 수원시 영통구 생활권·지역 이용 안내 | 몽라운지","자주 오가는 생활권을 기준으로 위치와 인접 지역을 정리했습니다. 경기 수원시 영통구 원천동 출장마사지 이용 전 가까운 범위와 이동 방향을 비교해 보세요.","자주 오가는 생활권을 기준으로 위치와 인접 지역을 정리했습니다. 경기 수원시 영통구 원천동 생활권 이용 이용 전 가까운 범위와 이동 방향을 비교해 보세요.","1","1","1","0"
"동랜딩","massage/율천동-출장마사지-수원시-장안구-생활권-이동동선-지역정보-이용전-안내/index.html","변경후보","율천동 출장마사지 | 경기 수원시 장안구 생활권·지역 이용 안내 | 몽라운지","율천동 출장마사지 | 경기 수원시 장안구 생활권·지역 이용 안내 | 몽라운지","율천동 생활권에서 현재 위치와 인접 동을 확인하기 쉽도록 지역 정보를 구성했습니다. 경기 수원시 장안구 율천동 출장마사지 이용 전 위치와 지역 범위를 살펴볼 수 있습니다.","율천동 생활권에서 현재 위치와 인접 동을 확인하기 쉽도록 지역 정보를 구성했습니다. 경기 수원시 장안구 율천동 생활권 이용 이용 전 위치와 지역 범위를 살펴볼 수 있습니다.","1","1","1","0"
"동랜딩","massage/인계동-출장마사지-수원시-팔달구-생활권-이동동선-지역정보-이용전-안내/index.html","변경후보","인계동 출장마사지 | 경기 수원시 팔달구 생활권·지역 이용 안내 | 몽라운지","인계동 지역 이용 안내 | 경기 수원시 팔달구 생활권·지역 이용 안내 | 몽라운지","중심으로 주변 생활권과 이동 방향을 확인할 수 있도록 정리했습니다. 경기 수원시 팔달구 인계동 출장마사지 이용 전 현재 위치와 가까운 지역을 확인해 보세요.","중심으로 주변 생활권과 이동 방향을 확인할 수 있도록 정리했습니다. 경기 수원시 팔달구 인계동 출장마사지 이용 전 현재 위치와 가까운 지역을 확인해 보세요.","1","0","1","1"
"동랜딩","massage/입북동-출장마사지-수원시-권선구-생활권-이동동선-지역정보-이용전-안내/index.html","변경후보","입북동 출장마사지 | 경기 수원시 권선구 생활권·지역 이용 안내 | 몽라운지","입북동 지역 이용 안내 | 경기 수원시 권선구 생활권·지역 이용 안내 | 몽라운지","입북동 주변의 주거·업무 생활권과 인접 지역을 기준으로 위치 정보를 정리했습니다. 경기 수원시 권선구 입북동 출장마사지 이용 전 이동 범위를 확인할 수 있습니다.","입북동 주변의 주거·업무 생활권과 인접 지역을 기준으로 위치 정보를 정리했습니다. 경기 수원시 권선구 입북동 출장마사지 이용 전 이동 범위를 확인할 수 있습니다.","1","0","1","1"
"동랜딩","massage/정자동-출장마사지-수원시-장안구-생활권-이동동선-지역정보-이용전-안내/index.html","변경후보","정자동 출장마사지 | 경기 수원시 장안구 생활권·지역 이용 안내 | 몽라운지","정자동 지역 이용 안내 | 경기 수원시 장안구 생활권·지역 이용 안내 | 몽라운지","정자동 지역에서 현재 위치를 설명하고 가까운 생활권을 찾기 쉽도록 기본 정보를 구성했습니다. 경기 수원시 장안구 정자동 출장마사지 이용 전 지역 선택에 참고하세요.","정자동 지역에서 현재 위치를 설명하고 가까운 생활권을 찾기 쉽도록 기본 정보를 구성했습니다. 경기 수원시 장안구 정자동 출장마사지 이용 전 지역 선택에 참고하세요.","1","0","1","1"
"동랜딩","massage/조원동-출장마사지-수원시-장안구-생활권-이동동선-지역정보-이용전-안내/index.html","변경후보","조원동 출장마사지 | 경기 수원시 장안구 생활권·지역 이용 안내 | 몽라운지","조원동 생활권 안내 | 경기 수원시 장안구 생활권·지역 이용 안내 | 몽라운지","조원동 주변 생활권과 이동 흐름을 먼저 살펴보고 현재 위치를 확인하기 좋은 기준을 정리했습니다. 경기 수원시 장안구 조원동 출장마사지 이용 전 지역 범위를 확인해 보세요.","조원동 주변 생활권과 이동 흐름을 먼저 살펴보고 현재 위치를 확인하기 좋은 기준을 정리했습니다. 경기 수원시 장안구 조원동 지역 이용 이용 전 지역 범위를 확인해 보세요.","1","0","1","0"
"동랜딩","massage/지동-출장마사지-수원시-팔달구-생활권-이동동선-지역정보-이용전-안내/index.html","변경후보","지동 출장마사지 | 경기 수원시 팔달구 생활권·지역 이용 안내 | 몽라운지","지동 지역 이용 안내 | 경기 수원시 팔달구 생활권·지역 이용 안내 | 몽라운지","자주 오가는 생활권을 기준으로 위치와 인접 지역을 정리했습니다. 경기 수원시 팔달구 지동 출장마사지 이용 전 가까운 범위와 이동 방향을 비교해 보세요.","자주 오가는 생활권을 기준으로 위치와 인접 지역을 정리했습니다. 경기 수원시 팔달구 지동 출장마사지 이용 전 가까운 범위와 이동 방향을 비교해 보세요.","1","0","1","1"
"동랜딩","massage/파장동-출장마사지-수원시-장안구-생활권-이동동선-지역정보-이용전-안내/index.html","변경후보","파장동 출장마사지 | 경기 수원시 장안구 생활권·지역 이용 안내 | 몽라운지","파장동 출장마사지 | 경기 수원시 장안구 생활권·지역 이용 안내 | 몽라운지","파장동 생활권에서 현재 위치와 인접 동을 확인하기 쉽도록 지역 정보를 구성했습니다. 경기 수원시 장안구 파장동 출장마사지 이용 전 위치와 지역 범위를 살펴볼 수 있습니다.","파장동 생활권에서 현재 위치와 인접 동을 확인하기 쉽도록 지역 정보를 구성했습니다. 경기 수원시 장안구 파장동 생활권 이용 이용 전 위치와 지역 범위를 살펴볼 수 있습니다.","1","1","1","0"
"동랜딩","massage/평동-출장마사지-수원시-권선구-생활권-이동동선-지역정보-이용전-안내/index.html","변경후보","평동 출장마사지 | 경기 수원시 권선구 생활권·지역 이용 안내 | 몽라운지","평동 출장마사지 | 경기 수원시 권선구 생활권·지역 이용 안내 | 몽라운지","중심으로 주변 생활권과 이동 방향을 확인할 수 있도록 정리했습니다. 경기 수원시 권선구 평동 출장마사지 이용 전 현재 위치와 가까운 지역을 확인해 보세요.","중심으로 주변 생활권과 이동 방향을 확인할 수 있도록 정리했습니다. 경기 수원시 권선구 평동 생활권 이용 이용 전 현재 위치와 가까운 지역을 확인해 보세요.","1","1","1","0"
"동랜딩","massage/행궁동-출장마사지-수원시-팔달구-생활권-이동동선-지역정보-이용전-안내/index.html","변경후보","행궁동 출장마사지 | 경기 수원시 팔달구 생활권·지역 이용 안내 | 몽라운지","행궁동 생활권 안내 | 경기 수원시 팔달구 생활권·지역 이용 안내 | 몽라운지","행궁동 주변의 주거·업무 생활권과 인접 지역을 기준으로 위치 정보를 정리했습니다. 경기 수원시 팔달구 행궁동 출장마사지 이용 전 이동 범위를 확인할 수 있습니다.","행궁동 주변의 주거·업무 생활권과 인접 지역을 기준으로 위치 정보를 정리했습니다. 경기 수원시 팔달구 행궁동 지역 이용 이용 전 이동 범위를 확인할 수 있습니다.","1","0","1","0"
"동랜딩","massage/호매실동-출장마사지-수원시-권선구-생활권-이동동선-지역정보-이용전-안내/index.html","변경후보","호매실동 출장마사지 | 경기 수원시 권선구 생활권·지역 이용 안내 | 몽라운지","호매실동 출장마사지 | 경기 수원시 권선구 생활권·지역 이용 안내 | 몽라운지","호매실동 지역에서 현재 위치를 설명하고 가까운 생활권을 찾기 쉽도록 기본 정보를 구성했습니다. 경기 수원시 권선구 호매실동 출장마사지 이용 전 지역 선택에 참고하세요.","호매실동 지역에서 현재 위치를 설명하고 가까운 생활권을 찾기 쉽도록 기본 정보를 구성했습니다. 경기 수원시 권선구 호매실동 생활권 이용 이용 전 지역 선택에 참고하세요.","1","1","1","0"
"동랜딩","massage/화서동-출장마사지-수원시-팔달구-생활권-이동동선-지역정보-이용전-안내/index.html","변경후보","화서동 출장마사지 | 경기 수원시 팔달구 생활권·지역 이용 안내 | 몽라운지","화서동 지역 이용 안내 | 경기 수원시 팔달구 생활권·지역 이용 안내 | 몽라운지","화서동 주변 생활권과 이동 흐름을 먼저 살펴보고 현재 위치를 확인하기 좋은 기준을 정리했습니다. 경기 수원시 팔달구 화서동 출장마사지 이용 전 지역 범위를 확인해 보세요.","화서동 주변 생활권과 이동 흐름을 먼저 살펴보고 현재 위치를 확인하기 좋은 기준을 정리했습니다. 경기 수원시 팔달구 화서동 출장마사지 이용 전 지역 범위를 확인해 보세요.","1","0","1","1"
"동랜딩","massage/고잔동-출장마사지-안산시-단원구-생활권-이동동선-지역정보-이용전-안내/index.html","변경후보","고잔동 출장마사지 | 경기 안산시 단원구 생활권·지역 이용 안내 | 몽라운지","고잔동 지역 이용 안내 | 경기 안산시 단원구 생활권·지역 이용 안내 | 몽라운지","고잔동 지역에서 현재 위치를 설명하고 가까운 생활권을 찾기 쉽도록 기본 정보를 구성했습니다. 경기 안산시 단원구 고잔동 출장마사지 이용 전 지역 선택에 참고하세요.","고잔동 지역에서 현재 위치를 설명하고 가까운 생활권을 찾기 쉽도록 기본 정보를 구성했습니다. 경기 안산시 단원구 고잔동 출장마사지 이용 전 지역 선택에 참고하세요.","1","0","1","1"
"동랜딩","massage/대부동-출장마사지-안산시-단원구-생활권-이동동선-지역정보-이용전-안내/index.html","변경후보","대부동 출장마사지 | 경기 안산시 단원구 생활권·지역 이용 안내 | 몽라운지","대부동 출장마사지 | 경기 안산시 단원구 생활권·지역 이용 안내 | 몽라운지","대부동 주변 생활권과 이동 흐름을 먼저 살펴보고 현재 위치를 확인하기 좋은 기준을 정리했습니다. 경기 안산시 단원구 대부동 출장마사지 이용 전 지역 범위를 확인해 보세요.","대부동 주변 생활권과 이동 흐름을 먼저 살펴보고 현재 위치를 확인하기 좋은 기준을 정리했습니다. 경기 안산시 단원구 대부동 생활권 이용 이용 전 지역 범위를 확인해 보세요.","1","1","1","0"
"동랜딩","massage/반월동-출장마사지-안산시-상록구-생활권-이동동선-지역정보-이용전-안내/index.html","변경후보","반월동 출장마사지 | 경기 안산시 상록구 생활권·지역 이용 안내 | 몽라운지","반월동 생활권 안내 | 경기 안산시 상록구 생활권·지역 이용 안내 | 몽라운지","자주 오가는 생활권을 기준으로 위치와 인접 지역을 정리했습니다. 경기 안산시 상록구 반월동 출장마사지 이용 전 가까운 범위와 이동 방향을 비교해 보세요.","자주 오가는 생활권을 기준으로 위치와 인접 지역을 정리했습니다. 경기 안산시 상록구 반월동 지역 이용 이용 전 가까운 범위와 이동 방향을 비교해 보세요.","1","0","1","0"
"동랜딩","massage/백운동-출장마사지-안산시-단원구-생활권-이동동선-지역정보-이용전-안내/index.html","변경후보","백운동 출장마사지 | 경기 안산시 단원구 생활권·지역 이용 안내 | 몽라운지","백운동 생활권 안내 | 경기 안산시 단원구 생활권·지역 이용 안내 | 몽라운지","백운동 생활권에서 현재 위치와 인접 동을 확인하기 쉽도록 지역 정보를 구성했습니다. 경기 안산시 단원구 백운동 출장마사지 이용 전 위치와 지역 범위를 살펴볼 수 있습니다.","백운동 생활권에서 현재 위치와 인접 동을 확인하기 쉽도록 지역 정보를 구성했습니다. 경기 안산시 단원구 백운동 지역 이용 이용 전 위치와 지역 범위를 살펴볼 수 있습니다.","1","0","1","0"
"동랜딩","massage/본오동-출장마사지-안산시-상록구-생활권-이동동선-지역정보-이용전-안내/index.html","변경후보","본오동 출장마사지 | 경기 안산시 상록구 생활권·지역 이용 안내 | 몽라운지","본오동 생활권 안내 | 경기 안산시 상록구 생활권·지역 이용 안내 | 몽라운지","중심으로 주변 생활권과 이동 방향을 확인할 수 있도록 정리했습니다. 경기 안산시 상록구 본오동 출장마사지 이용 전 현재 위치와 가까운 지역을 확인해 보세요.","중심으로 주변 생활권과 이동 방향을 확인할 수 있도록 정리했습니다. 경기 안산시 상록구 본오동 지역 이용 이용 전 현재 위치와 가까운 지역을 확인해 보세요.","1","0","1","0"
"동랜딩","massage/부곡동-출장마사지-안산시-상록구-생활권-이동동선-지역정보-이용전-안내/index.html","변경후보","부곡동 출장마사지 | 경기 안산시 상록구 생활권·지역 이용 안내 | 몽라운지","부곡동 지역 이용 안내 | 경기 안산시 상록구 생활권·지역 이용 안내 | 몽라운지","부곡동 주변의 주거·업무 생활권과 인접 지역을 기준으로 위치 정보를 정리했습니다. 경기 안산시 상록구 부곡동 출장마사지 이용 전 이동 범위를 확인할 수 있습니다.","부곡동 주변의 주거·업무 생활권과 인접 지역을 기준으로 위치 정보를 정리했습니다. 경기 안산시 상록구 부곡동 출장마사지 이용 전 이동 범위를 확인할 수 있습니다.","1","0","1","1"
"동랜딩","massage/사동-출장마사지-안산시-상록구-생활권-이동동선-지역정보-이용전-안내/index.html","변경후보","사동 출장마사지 | 경기 안산시 상록구 생활권·지역 이용 안내 | 몽라운지","사동 생활권 안내 | 경기 안산시 상록구 생활권·지역 이용 안내 | 몽라운지","사동 지역에서 현재 위치를 설명하고 가까운 생활권을 찾기 쉽도록 기본 정보를 구성했습니다. 경기 안산시 상록구 사동 출장마사지 이용 전 지역 선택에 참고하세요.","사동 지역에서 현재 위치를 설명하고 가까운 생활권을 찾기 쉽도록 기본 정보를 구성했습니다. 경기 안산시 상록구 사동 지역 이용 이용 전 지역 선택에 참고하세요.","1","0","1","0"
"동랜딩","massage/사이동-출장마사지-안산시-상록구-생활권-이동동선-지역정보-이용전-안내/index.html","변경후보","사이동 출장마사지 | 경기 안산시 상록구 생활권·지역 이용 안내 | 몽라운지","사이동 생활권 안내 | 경기 안산시 상록구 생활권·지역 이용 안내 | 몽라운지","사이동 주변 생활권과 이동 흐름을 먼저 살펴보고 현재 위치를 확인하기 좋은 기준을 정리했습니다. 경기 안산시 상록구 사이동 출장마사지 이용 전 지역 범위를 확인해 보세요.","사이동 주변 생활권과 이동 흐름을 먼저 살펴보고 현재 위치를 확인하기 좋은 기준을 정리했습니다. 경기 안산시 상록구 사이동 지역 이용 이용 전 지역 범위를 확인해 보세요.","1","0","1","0"
"동랜딩","massage/선부동-출장마사지-안산시-단원구-생활권-이동동선-지역정보-이용전-안내/index.html","변경후보","선부동 출장마사지 | 경기 안산시 단원구 생활권·지역 이용 안내 | 몽라운지","선부동 지역 이용 안내 | 경기 안산시 단원구 생활권·지역 이용 안내 | 몽라운지","자주 오가는 생활권을 기준으로 위치와 인접 지역을 정리했습니다. 경기 안산시 단원구 선부동 출장마사지 이용 전 가까운 범위와 이동 방향을 비교해 보세요.","자주 오가는 생활권을 기준으로 위치와 인접 지역을 정리했습니다. 경기 안산시 단원구 선부동 출장마사지 이용 전 가까운 범위와 이동 방향을 비교해 보세요.","1","0","1","1"
"동랜딩","massage/성포동-출장마사지-안산시-상록구-생활권-이동동선-지역정보-이용전-안내/index.html","변경후보","성포동 출장마사지 | 경기 안산시 상록구 생활권·지역 이용 안내 | 몽라운지","성포동 출장마사지 | 경기 안산시 상록구 생활권·지역 이용 안내 | 몽라운지","성포동 생활권에서 현재 위치와 인접 동을 확인하기 쉽도록 지역 정보를 구성했습니다. 경기 안산시 상록구 성포동 출장마사지 이용 전 위치와 지역 범위를 살펴볼 수 있습니다.","성포동 생활권에서 현재 위치와 인접 동을 확인하기 쉽도록 지역 정보를 구성했습니다. 경기 안산시 상록구 성포동 생활권 이용 이용 전 위치와 지역 범위를 살펴볼 수 있습니다.","1","1","1","0"
"동랜딩","massage/신길동-출장마사지-안산시-단원구-생활권-이동동선-지역정보-이용전-안내/index.html","변경후보","신길동 출장마사지 | 경기 안산시 단원구 생활권·지역 이용 안내 | 몽라운지","신길동 생활권 안내 | 경기 안산시 단원구 생활권·지역 이용 안내 | 몽라운지","중심으로 주변 생활권과 이동 방향을 확인할 수 있도록 정리했습니다. 경기 안산시 단원구 신길동 출장마사지 이용 전 현재 위치와 가까운 지역을 확인해 보세요.","중심으로 주변 생활권과 이동 방향을 확인할 수 있도록 정리했습니다. 경기 안산시 단원구 신길동 지역 이용 이용 전 현재 위치와 가까운 지역을 확인해 보세요.","1","0","1","0"
"동랜딩","massage/안산동-출장마사지-안산시-상록구-생활권-이동동선-지역정보-이용전-안내/index.html","변경후보","안산동 출장마사지 | 경기 안산시 상록구 생활권·지역 이용 안내 | 몽라운지","안산동 생활권 안내 | 경기 안산시 상록구 생활권·지역 이용 안내 | 몽라운지","안산동 주변의 주거·업무 생활권과 인접 지역을 기준으로 위치 정보를 정리했습니다. 경기 안산시 상록구 안산동 출장마사지 이용 전 이동 범위를 확인할 수 있습니다.","안산동 주변의 주거·업무 생활권과 인접 지역을 기준으로 위치 정보를 정리했습니다. 경기 안산시 상록구 안산동 지역 이용 이용 전 이동 범위를 확인할 수 있습니다.","1","0","1","0"
"동랜딩","massage/와동-출장마사지-안산시-단원구-생활권-이동동선-지역정보-이용전-안내/index.html","변경후보","와동 출장마사지 | 경기 안산시 단원구 생활권·지역 이용 안내 | 몽라운지","와동 출장마사지 | 경기 안산시 단원구 생활권·지역 이용 안내 | 몽라운지","와동 지역에서 현재 위치를 설명하고 가까운 생활권을 찾기 쉽도록 기본 정보를 구성했습니다. 경기 안산시 단원구 와동 출장마사지 이용 전 지역 선택에 참고하세요.","와동 지역에서 현재 위치를 설명하고 가까운 생활권을 찾기 쉽도록 기본 정보를 구성했습니다. 경기 안산시 단원구 와동 생활권 이용 이용 전 지역 선택에 참고하세요.","1","1","1","0"
"동랜딩","massage/원곡동-출장마사지-안산시-단원구-생활권-이동동선-지역정보-이용전-안내/index.html","변경후보","원곡동 출장마사지 | 경기 안산시 단원구 생활권·지역 이용 안내 | 몽라운지","원곡동 지역 이용 안내 | 경기 안산시 단원구 생활권·지역 이용 안내 | 몽라운지","원곡동 주변 생활권과 이동 흐름을 먼저 살펴보고 현재 위치를 확인하기 좋은 기준을 정리했습니다. 경기 안산시 단원구 원곡동 출장마사지 이용 전 지역 범위를 확인해 보세요.","원곡동 주변 생활권과 이동 흐름을 먼저 살펴보고 현재 위치를 확인하기 좋은 기준을 정리했습니다. 경기 안산시 단원구 원곡동 출장마사지 이용 전 지역 범위를 확인해 보세요.","1","0","1","1"
"동랜딩","massage/월피동-출장마사지-안산시-상록구-생활권-이동동선-지역정보-이용전-안내/index.html","변경후보","월피동 출장마사지 | 경기 안산시 상록구 생활권·지역 이용 안내 | 몽라운지","월피동 출장마사지 | 경기 안산시 상록구 생활권·지역 이용 안내 | 몽라운지","자주 오가는 생활권을 기준으로 위치와 인접 지역을 정리했습니다. 경기 안산시 상록구 월피동 출장마사지 이용 전 가까운 범위와 이동 방향을 비교해 보세요.","자주 오가는 생활권을 기준으로 위치와 인접 지역을 정리했습니다. 경기 안산시 상록구 월피동 생활권 이용 이용 전 가까운 범위와 이동 방향을 비교해 보세요.","1","1","1","0"
"동랜딩","massage/이동-출장마사지-안산시-상록구-생활권-이동동선-지역정보-이용전-안내/index.html","변경후보","이동 출장마사지 | 경기 안산시 상록구 생활권·지역 이용 안내 | 몽라운지","이동 지역 이용 안내 | 경기 안산시 상록구 생활권·지역 이용 안내 | 몽라운지","이동 생활권에서 현재 위치와 인접 동을 확인하기 쉽도록 지역 정보를 구성했습니다. 경기 안산시 상록구 이동 출장마사지 이용 전 위치와 지역 범위를 살펴볼 수 있습니다.","이동 생활권에서 현재 위치와 인접 동을 확인하기 쉽도록 지역 정보를 구성했습니다. 경기 안산시 상록구 이동 출장마사지 이용 전 위치와 지역 범위를 살펴볼 수 있습니다.","1","0","1","1"
"동랜딩","massage/일동-출장마사지-안산시-상록구-생활권-이동동선-지역정보-이용전-안내/index.html","변경후보","일동 출장마사지 | 경기 안산시 상록구 생활권·지역 이용 안내 | 몽라운지","일동 출장마사지 | 경기 안산시 상록구 생활권·지역 이용 안내 | 몽라운지","중심으로 주변 생활권과 이동 방향을 확인할 수 있도록 정리했습니다. 경기 안산시 상록구 일동 출장마사지 이용 전 현재 위치와 가까운 지역을 확인해 보세요.","중심으로 주변 생활권과 이동 방향을 확인할 수 있도록 정리했습니다. 경기 안산시 상록구 일동 생활권 이용 이용 전 현재 위치와 가까운 지역을 확인해 보세요.","1","1","1","0"
"동랜딩","massage/중앙동-출장마사지-안산시-단원구-생활권-이동동선-지역정보-이용전-안내/index.html","변경후보","중앙동 출장마사지 | 경기 안산시 단원구 생활권·지역 이용 안내 | 몽라운지","중앙동 생활권 안내 | 경기 안산시 단원구 생활권·지역 이용 안내 | 몽라운지","중앙동 주변의 주거·업무 생활권과 인접 지역을 기준으로 위치 정보를 정리했습니다. 경기 안산시 단원구 중앙동 출장마사지 이용 전 이동 범위를 확인할 수 있습니다.","중앙동 주변의 주거·업무 생활권과 인접 지역을 기준으로 위치 정보를 정리했습니다. 경기 안산시 단원구 중앙동 지역 이용 이용 전 이동 범위를 확인할 수 있습니다.","1","0","1","0"
"동랜딩","massage/초지동-출장마사지-안산시-단원구-생활권-이동동선-지역정보-이용전-안내/index.html","변경후보","초지동 출장마사지 | 경기 안산시 단원구 생활권·지역 이용 안내 | 몽라운지","초지동 생활권 안내 | 경기 안산시 단원구 생활권·지역 이용 안내 | 몽라운지","초지동 지역에서 현재 위치를 설명하고 가까운 생활권을 찾기 쉽도록 기본 정보를 구성했습니다. 경기 안산시 단원구 초지동 출장마사지 이용 전 지역 선택에 참고하세요.","초지동 지역에서 현재 위치를 설명하고 가까운 생활권을 찾기 쉽도록 기본 정보를 구성했습니다. 경기 안산시 단원구 초지동 지역 이용 이용 전 지역 선택에 참고하세요.","1","0","1","0"
"동랜딩","massage/해양동-출장마사지-안산시-상록구-생활권-이동동선-지역정보-이용전-안내/index.html","변경후보","해양동 출장마사지 | 경기 안산시 상록구 생활권·지역 이용 안내 | 몽라운지","해양동 출장마사지 | 경기 안산시 상록구 생활권·지역 이용 안내 | 몽라운지","해양동 주변 생활권과 이동 흐름을 먼저 살펴보고 현재 위치를 확인하기 좋은 기준을 정리했습니다. 경기 안산시 상록구 해양동 출장마사지 이용 전 지역 범위를 확인해 보세요.","해양동 주변 생활권과 이동 흐름을 먼저 살펴보고 현재 위치를 확인하기 좋은 기준을 정리했습니다. 경기 안산시 상록구 해양동 생활권 이용 이용 전 지역 범위를 확인해 보세요.","1","1","1","0"
"동랜딩","massage/호수동-출장마사지-안산시-단원구-생활권-이동동선-지역정보-이용전-안내/index.html","변경후보","호수동 출장마사지 | 경기 안산시 단원구 생활권·지역 이용 안내 | 몽라운지","호수동 지역 이용 안내 | 경기 안산시 단원구 생활권·지역 이용 안내 | 몽라운지","자주 오가는 생활권을 기준으로 위치와 인접 지역을 정리했습니다. 경기 안산시 단원구 호수동 출장마사지 이용 전 가까운 범위와 이동 방향을 비교해 보세요.","자주 오가는 생활권을 기준으로 위치와 인접 지역을 정리했습니다. 경기 안산시 단원구 호수동 출장마사지 이용 전 가까운 범위와 이동 방향을 비교해 보세요.","1","0","1","1"
"동랜딩","massage/갈산동-출장마사지-안양시-동안구-생활권-이동동선-지역정보-이용전-안내/index.html","변경후보","갈산동 출장마사지 | 경기 안양시 동안구 생활권·지역 이용 안내 | 몽라운지","갈산동 지역 이용 안내 | 경기 안양시 동안구 생활권·지역 이용 안내 | 몽라운지","중심으로 주변 생활권과 이동 방향을 확인할 수 있도록 정리했습니다. 경기 안양시 동안구 갈산동 출장마사지 이용 전 현재 위치와 가까운 지역을 확인해 보세요.","중심으로 주변 생활권과 이동 방향을 확인할 수 있도록 정리했습니다. 경기 안양시 동안구 갈산동 출장마사지 이용 전 현재 위치와 가까운 지역을 확인해 보세요.","1","0","1","1"
"동랜딩","massage/관양동-출장마사지-안양시-동안구-생활권-이동동선-지역정보-이용전-안내/index.html","변경후보","관양동 출장마사지 | 경기 안양시 동안구 생활권·지역 이용 안내 | 몽라운지","관양동 지역 이용 안내 | 경기 안양시 동안구 생활권·지역 이용 안내 | 몽라운지","관양동 주변의 주거·업무 생활권과 인접 지역을 기준으로 위치 정보를 정리했습니다. 경기 안양시 동안구 관양동 출장마사지 이용 전 이동 범위를 확인할 수 있습니다.","관양동 주변의 주거·업무 생활권과 인접 지역을 기준으로 위치 정보를 정리했습니다. 경기 안양시 동안구 관양동 출장마사지 이용 전 이동 범위를 확인할 수 있습니다.","1","0","1","1"
"동랜딩","massage/귀인동-출장마사지-안양시-동안구-생활권-이동동선-지역정보-이용전-안내/index.html","변경후보","귀인동 출장마사지 | 경기 안양시 동안구 생활권·지역 이용 안내 | 몽라운지","귀인동 생활권 안내 | 경기 안양시 동안구 생활권·지역 이용 안내 | 몽라운지","귀인동 지역에서 현재 위치를 설명하고 가까운 생활권을 찾기 쉽도록 기본 정보를 구성했습니다. 경기 안양시 동안구 귀인동 출장마사지 이용 전 지역 선택에 참고하세요.","귀인동 지역에서 현재 위치를 설명하고 가까운 생활권을 찾기 쉽도록 기본 정보를 구성했습니다. 경기 안양시 동안구 귀인동 지역 이용 이용 전 지역 선택에 참고하세요.","1","0","1","0"
"동랜딩","massage/달안동-출장마사지-안양시-동안구-생활권-이동동선-지역정보-이용전-안내/index.html","변경후보","달안동 출장마사지 | 경기 안양시 동안구 생활권·지역 이용 안내 | 몽라운지","달안동 지역 이용 안내 | 경기 안양시 동안구 생활권·지역 이용 안내 | 몽라운지","달안동 주변 생활권과 이동 흐름을 먼저 살펴보고 현재 위치를 확인하기 좋은 기준을 정리했습니다. 경기 안양시 동안구 달안동 출장마사지 이용 전 지역 범위를 확인해 보세요.","달안동 주변 생활권과 이동 흐름을 먼저 살펴보고 현재 위치를 확인하기 좋은 기준을 정리했습니다. 경기 안양시 동안구 달안동 출장마사지 이용 전 지역 범위를 확인해 보세요.","1","0","1","1"
"동랜딩","massage/명학동-출장마사지-안양시-만안구-생활권-이동동선-지역정보-이용전-안내/index.html","변경후보","명학동 출장마사지 | 경기 안양시 만안구 생활권·지역 이용 안내 | 몽라운지","명학동 지역 이용 안내 | 경기 안양시 만안구 생활권·지역 이용 안내 | 몽라운지","자주 오가는 생활권을 기준으로 위치와 인접 지역을 정리했습니다. 경기 안양시 만안구 명학동 출장마사지 이용 전 가까운 범위와 이동 방향을 비교해 보세요.","자주 오가는 생활권을 기준으로 위치와 인접 지역을 정리했습니다. 경기 안양시 만안구 명학동 출장마사지 이용 전 가까운 범위와 이동 방향을 비교해 보세요.","1","0","1","1"
"동랜딩","massage/박달동-출장마사지-안양시-만안구-생활권-이동동선-지역정보-이용전-안내/index.html","변경후보","박달동 출장마사지 | 경기 안양시 만안구 생활권·지역 이용 안내 | 몽라운지","박달동 출장마사지 | 경기 안양시 만안구 생활권·지역 이용 안내 | 몽라운지","박달동 생활권에서 현재 위치와 인접 동을 확인하기 쉽도록 지역 정보를 구성했습니다. 경기 안양시 만안구 박달동 출장마사지 이용 전 위치와 지역 범위를 살펴볼 수 있습니다.","박달동 생활권에서 현재 위치와 인접 동을 확인하기 쉽도록 지역 정보를 구성했습니다. 경기 안양시 만안구 박달동 생활권 이용 이용 전 위치와 지역 범위를 살펴볼 수 있습니다.","1","1","1","0"
"동랜딩","massage/범계동-출장마사지-안양시-동안구-생활권-이동동선-지역정보-이용전-안내/index.html","변경후보","범계동 출장마사지 | 경기 안양시 동안구 생활권·지역 이용 안내 | 몽라운지","범계동 지역 이용 안내 | 경기 안양시 동안구 생활권·지역 이용 안내 | 몽라운지","중심으로 주변 생활권과 이동 방향을 확인할 수 있도록 정리했습니다. 경기 안양시 동안구 범계동 출장마사지 이용 전 현재 위치와 가까운 지역을 확인해 보세요.","중심으로 주변 생활권과 이동 방향을 확인할 수 있도록 정리했습니다. 경기 안양시 동안구 범계동 출장마사지 이용 전 현재 위치와 가까운 지역을 확인해 보세요.","1","0","1","1"
"동랜딩","massage/병목안동-출장마사지-안양시-만안구-생활권-이동동선-지역정보-이용전-안내/index.html","변경후보","병목안동 출장마사지 | 경기 안양시 만안구 생활권·지역 이용 안내 | 몽라운지","병목안동 생활권 안내 | 경기 안양시 만안구 생활권·지역 이용 안내 | 몽라운지","병목안동 주변의 주거·업무 생활권과 인접 지역을 기준으로 위치 정보를 정리했습니다. 경기 안양시 만안구 병목안동 출장마사지 이용 전 이동 범위를 확인할 수 있습니다.","병목안동 주변의 주거·업무 생활권과 인접 지역을 기준으로 위치 정보를 정리했습니다. 경기 안양시 만안구 병목안동 지역 이용 이용 전 이동 범위를 확인할 수 있습니다.","1","0","1","0"
"동랜딩","massage/부림동-출장마사지-안양시-동안구-생활권-이동동선-지역정보-이용전-안내/index.html","변경후보","부림동 출장마사지 | 경기 안양시 동안구 생활권·지역 이용 안내 | 몽라운지","부림동 생활권 안내 | 경기 안양시 동안구 생활권·지역 이용 안내 | 몽라운지","부림동 지역에서 현재 위치를 설명하고 가까운 생활권을 찾기 쉽도록 기본 정보를 구성했습니다. 경기 안양시 동안구 부림동 출장마사지 이용 전 지역 선택에 참고하세요.","부림동 지역에서 현재 위치를 설명하고 가까운 생활권을 찾기 쉽도록 기본 정보를 구성했습니다. 경기 안양시 동안구 부림동 지역 이용 이용 전 지역 선택에 참고하세요.","1","0","1","0"
"동랜딩","massage/부흥동-출장마사지-안양시-동안구-생활권-이동동선-지역정보-이용전-안내/index.html","변경후보","부흥동 출장마사지 | 경기 안양시 동안구 생활권·지역 이용 안내 | 몽라운지","부흥동 생활권 안내 | 경기 안양시 동안구 생활권·지역 이용 안내 | 몽라운지","부흥동 주변 생활권과 이동 흐름을 먼저 살펴보고 현재 위치를 확인하기 좋은 기준을 정리했습니다. 경기 안양시 동안구 부흥동 출장마사지 이용 전 지역 범위를 확인해 보세요.","부흥동 주변 생활권과 이동 흐름을 먼저 살펴보고 현재 위치를 확인하기 좋은 기준을 정리했습니다. 경기 안양시 동안구 부흥동 지역 이용 이용 전 지역 범위를 확인해 보세요.","1","0","1","0"
"동랜딩","massage/비산동-출장마사지-안양시-동안구-생활권-이동동선-지역정보-이용전-안내/index.html","변경후보","비산동 출장마사지 | 경기 안양시 동안구 생활권·지역 이용 안내 | 몽라운지","비산동 지역 이용 안내 | 경기 안양시 동안구 생활권·지역 이용 안내 | 몽라운지","자주 오가는 생활권을 기준으로 위치와 인접 지역을 정리했습니다. 경기 안양시 동안구 비산동 출장마사지 이용 전 가까운 범위와 이동 방향을 비교해 보세요.","자주 오가는 생활권을 기준으로 위치와 인접 지역을 정리했습니다. 경기 안양시 동안구 비산동 출장마사지 이용 전 가까운 범위와 이동 방향을 비교해 보세요.","1","0","1","1"
"동랜딩","massage/석수동-출장마사지-안양시-만안구-생활권-이동동선-지역정보-이용전-안내/index.html","변경후보","석수동 출장마사지 | 경기 안양시 만안구 생활권·지역 이용 안내 | 몽라운지","석수동 출장마사지 | 경기 안양시 만안구 생활권·지역 이용 안내 | 몽라운지","석수동 생활권에서 현재 위치와 인접 동을 확인하기 쉽도록 지역 정보를 구성했습니다. 경기 안양시 만안구 석수동 출장마사지 이용 전 위치와 지역 범위를 살펴볼 수 있습니다.","석수동 생활권에서 현재 위치와 인접 동을 확인하기 쉽도록 지역 정보를 구성했습니다. 경기 안양시 만안구 석수동 생활권 이용 이용 전 위치와 지역 범위를 살펴볼 수 있습니다.","1","1","1","0"
"동랜딩","massage/신촌동-출장마사지-안양시-동안구-생활권-이동동선-지역정보-이용전-안내/index.html","변경후보","신촌동 출장마사지 | 경기 안양시 동안구 생활권·지역 이용 안내 | 몽라운지","신촌동 지역 이용 안내 | 경기 안양시 동안구 생활권·지역 이용 안내 | 몽라운지","중심으로 주변 생활권과 이동 방향을 확인할 수 있도록 정리했습니다. 경기 안양시 동안구 신촌동 출장마사지 이용 전 현재 위치와 가까운 지역을 확인해 보세요.","중심으로 주변 생활권과 이동 방향을 확인할 수 있도록 정리했습니다. 경기 안양시 동안구 신촌동 출장마사지 이용 전 현재 위치와 가까운 지역을 확인해 보세요.","1","0","1","1"
"동랜딩","massage/안양동-출장마사지-안양시-만안구-생활권-이동동선-지역정보-이용전-안내/index.html","변경후보","안양동 출장마사지 | 경기 안양시 만안구 생활권·지역 이용 안내 | 몽라운지","안양동 출장마사지 | 경기 안양시 만안구 생활권·지역 이용 안내 | 몽라운지","안양동 주변의 주거·업무 생활권과 인접 지역을 기준으로 위치 정보를 정리했습니다. 경기 안양시 만안구 안양동 출장마사지 이용 전 이동 범위를 확인할 수 있습니다.","안양동 주변의 주거·업무 생활권과 인접 지역을 기준으로 위치 정보를 정리했습니다. 경기 안양시 만안구 안양동 생활권 이용 이용 전 이동 범위를 확인할 수 있습니다.","1","1","1","0"
"동랜딩","massage/인덕원동-출장마사지-안양시-동안구-생활권-이동동선-지역정보-이용전-안내/index.html","변경후보","인덕원동 출장마사지 | 경기 안양시 동안구 생활권·지역 이용 안내 | 몽라운지","인덕원동 지역 이용 안내 | 경기 안양시 동안구 생활권·지역 이용 안내 | 몽라운지","인덕원동 지역에서 현재 위치를 설명하고 가까운 생활권을 찾기 쉽도록 기본 정보를 구성했습니다. 경기 안양시 동안구 인덕원동 출장마사지 이용 전 지역 선택에 참고하세요.","인덕원동 지역에서 현재 위치를 설명하고 가까운 생활권을 찾기 쉽도록 기본 정보를 구성했습니다. 경기 안양시 동안구 인덕원동 출장마사지 이용 전 지역 선택에 참고하세요.","1","0","1","1"
"동랜딩","massage/충훈동-출장마사지-안양시-만안구-생활권-이동동선-지역정보-이용전-안내/index.html","변경후보","충훈동 출장마사지 | 경기 안양시 만안구 생활권·지역 이용 안내 | 몽라운지","충훈동 출장마사지 | 경기 안양시 만안구 생활권·지역 이용 안내 | 몽라운지","충훈동 주변 생활권과 이동 흐름을 먼저 살펴보고 현재 위치를 확인하기 좋은 기준을 정리했습니다. 경기 안양시 만안구 충훈동 출장마사지 이용 전 지역 범위를 확인해 보세요.","충훈동 주변 생활권과 이동 흐름을 먼저 살펴보고 현재 위치를 확인하기 좋은 기준을 정리했습니다. 경기 안양시 만안구 충훈동 생활권 이용 이용 전 지역 범위를 확인해 보세요.","1","1","1","0"
"동랜딩","massage/평안동-출장마사지-안양시-동안구-생활권-이동동선-지역정보-이용전-안내/index.html","변경후보","평안동 출장마사지 | 경기 안양시 동안구 생활권·지역 이용 안내 | 몽라운지","평안동 생활권 안내 | 경기 안양시 동안구 생활권·지역 이용 안내 | 몽라운지","자주 오가는 생활권을 기준으로 위치와 인접 지역을 정리했습니다. 경기 안양시 동안구 평안동 출장마사지 이용 전 가까운 범위와 이동 방향을 비교해 보세요.","자주 오가는 생활권을 기준으로 위치와 인접 지역을 정리했습니다. 경기 안양시 동안구 평안동 지역 이용 이용 전 가까운 범위와 이동 방향을 비교해 보세요.","1","0","1","0"
"동랜딩","massage/평촌동-출장마사지-안양시-동안구-생활권-이동동선-지역정보-이용전-안내/index.html","변경후보","평촌동 출장마사지 | 경기 안양시 동안구 생활권·지역 이용 안내 | 몽라운지","평촌동 지역 이용 안내 | 경기 안양시 동안구 생활권·지역 이용 안내 | 몽라운지","평촌동 생활권에서 현재 위치와 인접 동을 확인하기 쉽도록 지역 정보를 구성했습니다. 경기 안양시 동안구 평촌동 출장마사지 이용 전 위치와 지역 범위를 살펴볼 수 있습니다.","평촌동 생활권에서 현재 위치와 인접 동을 확인하기 쉽도록 지역 정보를 구성했습니다. 경기 안양시 동안구 평촌동 출장마사지 이용 전 위치와 지역 범위를 살펴볼 수 있습니다.","1","0","1","1"
"동랜딩","massage/호계동-출장마사지-안양시-동안구-생활권-이동동선-지역정보-이용전-안내/index.html","변경후보","호계동 출장마사지 | 경기 안양시 동안구 생활권·지역 이용 안내 | 몽라운지","호계동 지역 이용 안내 | 경기 안양시 동안구 생활권·지역 이용 안내 | 몽라운지","중심으로 주변 생활권과 이동 방향을 확인할 수 있도록 정리했습니다. 경기 안양시 동안구 호계동 출장마사지 이용 전 현재 위치와 가까운 지역을 확인해 보세요.","중심으로 주변 생활권과 이동 방향을 확인할 수 있도록 정리했습니다. 경기 안양시 동안구 호계동 출장마사지 이용 전 현재 위치와 가까운 지역을 확인해 보세요.","1","0","1","1"
"동랜딩","massage/호현동-출장마사지-안양시-만안구-생활권-이동동선-지역정보-이용전-안내/index.html","변경후보","호현동 출장마사지 | 경기 안양시 만안구 생활권·지역 이용 안내 | 몽라운지","호현동 출장마사지 | 경기 안양시 만안구 생활권·지역 이용 안내 | 몽라운지","호현동 주변의 주거·업무 생활권과 인접 지역을 기준으로 위치 정보를 정리했습니다. 경기 안양시 만안구 호현동 출장마사지 이용 전 이동 범위를 확인할 수 있습니다.","호현동 주변의 주거·업무 생활권과 인접 지역을 기준으로 위치 정보를 정리했습니다. 경기 안양시 만안구 호현동 생활권 이용 이용 전 이동 범위를 확인할 수 있습니다.","1","1","1","0"
"동랜딩","massage/구갈동-출장마사지-용인시-기흥구-생활권-이동동선-지역정보-이용전-안내/index.html","변경후보","구갈동 출장마사지 | 경기 용인시 기흥구 생활권·지역 이용 안내 | 몽라운지","구갈동 출장마사지 | 경기 용인시 기흥구 생활권·지역 이용 안내 | 몽라운지","구갈동 지역에서 현재 위치를 설명하고 가까운 생활권을 찾기 쉽도록 기본 정보를 구성했습니다. 경기 용인시 기흥구 구갈동 출장마사지 이용 전 지역 선택에 참고하세요.","구갈동 지역에서 현재 위치를 설명하고 가까운 생활권을 찾기 쉽도록 기본 정보를 구성했습니다. 경기 용인시 기흥구 구갈동 생활권 이용 이용 전 지역 선택에 참고하세요.","1","1","1","0"
"동랜딩","massage/구성동-출장마사지-용인시-기흥구-생활권-이동동선-지역정보-이용전-안내/index.html","변경후보","구성동 출장마사지 | 경기 용인시 기흥구 생활권·지역 이용 안내 | 몽라운지","구성동 생활권 안내 | 경기 용인시 기흥구 생활권·지역 이용 안내 | 몽라운지","구성동 주변 생활권과 이동 흐름을 먼저 살펴보고 현재 위치를 확인하기 좋은 기준을 정리했습니다. 경기 용인시 기흥구 구성동 출장마사지 이용 전 지역 범위를 확인해 보세요.","구성동 주변 생활권과 이동 흐름을 먼저 살펴보고 현재 위치를 확인하기 좋은 기준을 정리했습니다. 경기 용인시 기흥구 구성동 지역 이용 이용 전 지역 범위를 확인해 보세요.","1","0","1","0"
"동랜딩","massage/기흥동-출장마사지-용인시-기흥구-생활권-이동동선-지역정보-이용전-안내/index.html","변경후보","기흥동 출장마사지 | 경기 용인시 기흥구 생활권·지역 이용 안내 | 몽라운지","기흥동 생활권 안내 | 경기 용인시 기흥구 생활권·지역 이용 안내 | 몽라운지","자주 오가는 생활권을 기준으로 위치와 인접 지역을 정리했습니다. 경기 용인시 기흥구 기흥동 출장마사지 이용 전 가까운 범위와 이동 방향을 비교해 보세요.","자주 오가는 생활권을 기준으로 위치와 인접 지역을 정리했습니다. 경기 용인시 기흥구 기흥동 지역 이용 이용 전 가까운 범위와 이동 방향을 비교해 보세요.","1","0","1","0"
"동랜딩","massage/동백동-출장마사지-용인시-기흥구-생활권-이동동선-지역정보-이용전-안내/index.html","변경후보","동백동 출장마사지 | 경기 용인시 기흥구 생활권·지역 이용 안내 | 몽라운지","동백동 지역 이용 안내 | 경기 용인시 기흥구 생활권·지역 이용 안내 | 몽라운지","동백동 생활권에서 현재 위치와 인접 동을 확인하기 쉽도록 지역 정보를 구성했습니다. 경기 용인시 기흥구 동백동 출장마사지 이용 전 위치와 지역 범위를 살펴볼 수 있습니다.","동백동 생활권에서 현재 위치와 인접 동을 확인하기 쉽도록 지역 정보를 구성했습니다. 경기 용인시 기흥구 동백동 출장마사지 이용 전 위치와 지역 범위를 살펴볼 수 있습니다.","1","0","1","1"
"동랜딩","massage/동부동-출장마사지-용인시-처인구-생활권-이동동선-지역정보-이용전-안내/index.html","변경후보","동부동 출장마사지 | 경기 용인시 처인구 생활권·지역 이용 안내 | 몽라운지","동부동 생활권 안내 | 경기 용인시 처인구 생활권·지역 이용 안내 | 몽라운지","중심으로 주변 생활권과 이동 방향을 확인할 수 있도록 정리했습니다. 경기 용인시 처인구 동부동 출장마사지 이용 전 현재 위치와 가까운 지역을 확인해 보세요.","중심으로 주변 생활권과 이동 방향을 확인할 수 있도록 정리했습니다. 경기 용인시 처인구 동부동 지역 이용 이용 전 현재 위치와 가까운 지역을 확인해 보세요.","1","0","1","0"
"동랜딩","massage/동천동-출장마사지-용인시-수지구-생활권-이동동선-지역정보-이용전-안내/index.html","변경후보","동천동 출장마사지 | 경기 용인시 수지구 생활권·지역 이용 안내 | 몽라운지","동천동 생활권 안내 | 경기 용인시 수지구 생활권·지역 이용 안내 | 몽라운지","동천동 주변의 주거·업무 생활권과 인접 지역을 기준으로 위치 정보를 정리했습니다. 경기 용인시 수지구 동천동 출장마사지 이용 전 이동 범위를 확인할 수 있습니다.","동천동 주변의 주거·업무 생활권과 인접 지역을 기준으로 위치 정보를 정리했습니다. 경기 용인시 수지구 동천동 지역 이용 이용 전 이동 범위를 확인할 수 있습니다.","1","0","1","0"
"동랜딩","massage/마북동-출장마사지-용인시-기흥구-생활권-이동동선-지역정보-이용전-안내/index.html","변경후보","마북동 출장마사지 | 경기 용인시 기흥구 생활권·지역 이용 안내 | 몽라운지","마북동 생활권 안내 | 경기 용인시 기흥구 생활권·지역 이용 안내 | 몽라운지","마북동 지역에서 현재 위치를 설명하고 가까운 생활권을 찾기 쉽도록 기본 정보를 구성했습니다. 경기 용인시 기흥구 마북동 출장마사지 이용 전 지역 선택에 참고하세요.","마북동 지역에서 현재 위치를 설명하고 가까운 생활권을 찾기 쉽도록 기본 정보를 구성했습니다. 경기 용인시 기흥구 마북동 지역 이용 이용 전 지역 선택에 참고하세요.","1","0","1","0"
"동랜딩","massage/보라동-출장마사지-용인시-기흥구-생활권-이동동선-지역정보-이용전-안내/index.html","변경후보","보라동 출장마사지 | 경기 용인시 기흥구 생활권·지역 이용 안내 | 몽라운지","보라동 생활권 안내 | 경기 용인시 기흥구 생활권·지역 이용 안내 | 몽라운지","보라동 주변 생활권과 이동 흐름을 먼저 살펴보고 현재 위치를 확인하기 좋은 기준을 정리했습니다. 경기 용인시 기흥구 보라동 출장마사지 이용 전 지역 범위를 확인해 보세요.","보라동 주변 생활권과 이동 흐름을 먼저 살펴보고 현재 위치를 확인하기 좋은 기준을 정리했습니다. 경기 용인시 기흥구 보라동 지역 이용 이용 전 지역 범위를 확인해 보세요.","1","0","1","0"
"동랜딩","massage/보정동-출장마사지-용인시-기흥구-생활권-이동동선-지역정보-이용전-안내/index.html","변경후보","보정동 출장마사지 | 경기 용인시 기흥구 생활권·지역 이용 안내 | 몽라운지","보정동 출장마사지 | 경기 용인시 기흥구 생활권·지역 이용 안내 | 몽라운지","자주 오가는 생활권을 기준으로 위치와 인접 지역을 정리했습니다. 경기 용인시 기흥구 보정동 출장마사지 이용 전 가까운 범위와 이동 방향을 비교해 보세요.","자주 오가는 생활권을 기준으로 위치와 인접 지역을 정리했습니다. 경기 용인시 기흥구 보정동 생활권 이용 이용 전 가까운 범위와 이동 방향을 비교해 보세요.","1","1","1","0"
"동랜딩","massage/삼가동-출장마사지-용인시-처인구-생활권-이동동선-지역정보-이용전-안내/index.html","변경후보","삼가동 출장마사지 | 경기 용인시 처인구 생활권·지역 이용 안내 | 몽라운지","삼가동 출장마사지 | 경기 용인시 처인구 생활권·지역 이용 안내 | 몽라운지","삼가동 생활권에서 현재 위치와 인접 동을 확인하기 쉽도록 지역 정보를 구성했습니다. 경기 용인시 처인구 삼가동 출장마사지 이용 전 위치와 지역 범위를 살펴볼 수 있습니다.","삼가동 생활권에서 현재 위치와 인접 동을 확인하기 쉽도록 지역 정보를 구성했습니다. 경기 용인시 처인구 삼가동 생활권 이용 이용 전 위치와 지역 범위를 살펴볼 수 있습니다.","1","1","1","0"
"동랜딩","massage/상갈동-출장마사지-용인시-기흥구-생활권-이동동선-지역정보-이용전-안내/index.html","변경후보","상갈동 출장마사지 | 경기 용인시 기흥구 생활권·지역 이용 안내 | 몽라운지","상갈동 생활권 안내 | 경기 용인시 기흥구 생활권·지역 이용 안내 | 몽라운지","중심으로 주변 생활권과 이동 방향을 확인할 수 있도록 정리했습니다. 경기 용인시 기흥구 상갈동 출장마사지 이용 전 현재 위치와 가까운 지역을 확인해 보세요.","중심으로 주변 생활권과 이동 방향을 확인할 수 있도록 정리했습니다. 경기 용인시 기흥구 상갈동 지역 이용 이용 전 현재 위치와 가까운 지역을 확인해 보세요.","1","0","1","0"
"동랜딩","massage/상하동-출장마사지-용인시-기흥구-생활권-이동동선-지역정보-이용전-안내/index.html","변경후보","상하동 출장마사지 | 경기 용인시 기흥구 생활권·지역 이용 안내 | 몽라운지","상하동 출장마사지 | 경기 용인시 기흥구 생활권·지역 이용 안내 | 몽라운지","상하동 주변의 주거·업무 생활권과 인접 지역을 기준으로 위치 정보를 정리했습니다. 경기 용인시 기흥구 상하동 출장마사지 이용 전 이동 범위를 확인할 수 있습니다.","상하동 주변의 주거·업무 생활권과 인접 지역을 기준으로 위치 정보를 정리했습니다. 경기 용인시 기흥구 상하동 생활권 이용 이용 전 이동 범위를 확인할 수 있습니다.","1","1","1","0"
"동랜딩","massage/상현동-출장마사지-용인시-수지구-생활권-이동동선-지역정보-이용전-안내/index.html","변경후보","상현동 출장마사지 | 경기 용인시 수지구 생활권·지역 이용 안내 | 몽라운지","상현동 생활권 안내 | 경기 용인시 수지구 생활권·지역 이용 안내 | 몽라운지","상현동 지역에서 현재 위치를 설명하고 가까운 생활권을 찾기 쉽도록 기본 정보를 구성했습니다. 경기 용인시 수지구 상현동 출장마사지 이용 전 지역 선택에 참고하세요.","상현동 지역에서 현재 위치를 설명하고 가까운 생활권을 찾기 쉽도록 기본 정보를 구성했습니다. 경기 용인시 수지구 상현동 지역 이용 이용 전 지역 선택에 참고하세요.","1","0","1","0"
"동랜딩","massage/서농동-출장마사지-용인시-기흥구-생활권-이동동선-지역정보-이용전-안내/index.html","변경후보","서농동 출장마사지 | 경기 용인시 기흥구 생활권·지역 이용 안내 | 몽라운지","서농동 출장마사지 | 경기 용인시 기흥구 생활권·지역 이용 안내 | 몽라운지","서농동 주변 생활권과 이동 흐름을 먼저 살펴보고 현재 위치를 확인하기 좋은 기준을 정리했습니다. 경기 용인시 기흥구 서농동 출장마사지 이용 전 지역 범위를 확인해 보세요.","서농동 주변 생활권과 이동 흐름을 먼저 살펴보고 현재 위치를 확인하기 좋은 기준을 정리했습니다. 경기 용인시 기흥구 서농동 생활권 이용 이용 전 지역 범위를 확인해 보세요.","1","1","1","0"
"동랜딩","massage/성복동-출장마사지-용인시-수지구-생활권-이동동선-지역정보-이용전-안내/index.html","변경후보","성복동 출장마사지 | 경기 용인시 수지구 생활권·지역 이용 안내 | 몽라운지","성복동 생활권 안내 | 경기 용인시 수지구 생활권·지역 이용 안내 | 몽라운지","자주 오가는 생활권을 기준으로 위치와 인접 지역을 정리했습니다. 경기 용인시 수지구 성복동 출장마사지 이용 전 가까운 범위와 이동 방향을 비교해 보세요.","자주 오가는 생활권을 기준으로 위치와 인접 지역을 정리했습니다. 경기 용인시 수지구 성복동 지역 이용 이용 전 가까운 범위와 이동 방향을 비교해 보세요.","1","0","1","0"
"동랜딩","massage/신갈동-출장마사지-용인시-기흥구-생활권-이동동선-지역정보-이용전-안내/index.html","변경후보","신갈동 출장마사지 | 경기 용인시 기흥구 생활권·지역 이용 안내 | 몽라운지","신갈동 생활권 안내 | 경기 용인시 기흥구 생활권·지역 이용 안내 | 몽라운지","신갈동 생활권에서 현재 위치와 인접 동을 확인하기 쉽도록 지역 정보를 구성했습니다. 경기 용인시 기흥구 신갈동 출장마사지 이용 전 위치와 지역 범위를 살펴볼 수 있습니다.","신갈동 생활권에서 현재 위치와 인접 동을 확인하기 쉽도록 지역 정보를 구성했습니다. 경기 용인시 기흥구 신갈동 지역 이용 이용 전 위치와 지역 범위를 살펴볼 수 있습니다.","1","0","1","0"
"동랜딩","massage/신봉동-출장마사지-용인시-수지구-생활권-이동동선-지역정보-이용전-안내/index.html","변경후보","신봉동 출장마사지 | 경기 용인시 수지구 생활권·지역 이용 안내 | 몽라운지","신봉동 출장마사지 | 경기 용인시 수지구 생활권·지역 이용 안내 | 몽라운지","중심으로 주변 생활권과 이동 방향을 확인할 수 있도록 정리했습니다. 경기 용인시 수지구 신봉동 출장마사지 이용 전 현재 위치와 가까운 지역을 확인해 보세요.","중심으로 주변 생활권과 이동 방향을 확인할 수 있도록 정리했습니다. 경기 용인시 수지구 신봉동 생활권 이용 이용 전 현재 위치와 가까운 지역을 확인해 보세요.","1","1","1","0"
"동랜딩","massage/역북동-출장마사지-용인시-처인구-생활권-이동동선-지역정보-이용전-안내/index.html","변경후보","역북동 출장마사지 | 경기 용인시 처인구 생활권·지역 이용 안내 | 몽라운지","역북동 생활권 안내 | 경기 용인시 처인구 생활권·지역 이용 안내 | 몽라운지","역북동 주변의 주거·업무 생활권과 인접 지역을 기준으로 위치 정보를 정리했습니다. 경기 용인시 처인구 역북동 출장마사지 이용 전 이동 범위를 확인할 수 있습니다.","역북동 주변의 주거·업무 생활권과 인접 지역을 기준으로 위치 정보를 정리했습니다. 경기 용인시 처인구 역북동 지역 이용 이용 전 이동 범위를 확인할 수 있습니다.","1","0","1","0"
"동랜딩","massage/영덕동-출장마사지-용인시-기흥구-생활권-이동동선-지역정보-이용전-안내/index.html","변경후보","영덕동 출장마사지 | 경기 용인시 기흥구 생활권·지역 이용 안내 | 몽라운지","영덕동 생활권 안내 | 경기 용인시 기흥구 생활권·지역 이용 안내 | 몽라운지","영덕동 지역에서 현재 위치를 설명하고 가까운 생활권을 찾기 쉽도록 기본 정보를 구성했습니다. 경기 용인시 기흥구 영덕동 출장마사지 이용 전 지역 선택에 참고하세요.","영덕동 지역에서 현재 위치를 설명하고 가까운 생활권을 찾기 쉽도록 기본 정보를 구성했습니다. 경기 용인시 기흥구 영덕동 지역 이용 이용 전 지역 선택에 참고하세요.","1","0","1","0"
"동랜딩","massage/유림동-출장마사지-용인시-처인구-생활권-이동동선-지역정보-이용전-안내/index.html","변경후보","유림동 출장마사지 | 경기 용인시 처인구 생활권·지역 이용 안내 | 몽라운지","유림동 지역 이용 안내 | 경기 용인시 처인구 생활권·지역 이용 안내 | 몽라운지","유림동 주변 생활권과 이동 흐름을 먼저 살펴보고 현재 위치를 확인하기 좋은 기준을 정리했습니다. 경기 용인시 처인구 유림동 출장마사지 이용 전 지역 범위를 확인해 보세요.","유림동 주변 생활권과 이동 흐름을 먼저 살펴보고 현재 위치를 확인하기 좋은 기준을 정리했습니다. 경기 용인시 처인구 유림동 출장마사지 이용 전 지역 범위를 확인해 보세요.","1","0","1","1"
"동랜딩","massage/죽전동-출장마사지-용인시-수지구-생활권-이동동선-지역정보-이용전-안내/index.html","변경후보","죽전동 출장마사지 | 경기 용인시 수지구 생활권·지역 이용 안내 | 몽라운지","죽전동 생활권 안내 | 경기 용인시 수지구 생활권·지역 이용 안내 | 몽라운지","자주 오가는 생활권을 기준으로 위치와 인접 지역을 정리했습니다. 경기 용인시 수지구 죽전동 출장마사지 이용 전 가까운 범위와 이동 방향을 비교해 보세요.","자주 오가는 생활권을 기준으로 위치와 인접 지역을 정리했습니다. 경기 용인시 수지구 죽전동 지역 이용 이용 전 가까운 범위와 이동 방향을 비교해 보세요.","1","0","1","0"
"동랜딩","massage/중앙동-출장마사지-용인시-처인구-생활권-이동동선-지역정보-이용전-안내/index.html","변경후보","중앙동 출장마사지 | 경기 용인시 처인구 생활권·지역 이용 안내 | 몽라운지","중앙동 출장마사지 | 경기 용인시 처인구 생활권·지역 이용 안내 | 몽라운지","중앙동 생활권에서 현재 위치와 인접 동을 확인하기 쉽도록 지역 정보를 구성했습니다. 경기 용인시 처인구 중앙동 출장마사지 이용 전 위치와 지역 범위를 살펴볼 수 있습니다.","중앙동 생활권에서 현재 위치와 인접 동을 확인하기 쉽도록 지역 정보를 구성했습니다. 경기 용인시 처인구 중앙동 생활권 이용 이용 전 위치와 지역 범위를 살펴볼 수 있습니다.","1","1","1","0"
"동랜딩","massage/풍덕천동-출장마사지-용인시-수지구-생활권-이동동선-지역정보-이용전-안내/index.html","변경후보","풍덕천동 출장마사지 | 경기 용인시 수지구 생활권·지역 이용 안내 | 몽라운지","풍덕천동 지역 이용 안내 | 경기 용인시 수지구 생활권·지역 이용 안내 | 몽라운지","중심으로 주변 생활권과 이동 방향을 확인할 수 있도록 정리했습니다. 경기 용인시 수지구 풍덕천동 출장마사지 이용 전 현재 위치와 가까운 지역을 확인해 보세요.","중심으로 주변 생활권과 이동 방향을 확인할 수 있도록 정리했습니다. 경기 용인시 수지구 풍덕천동 출장마사지 이용 전 현재 위치와 가까운 지역을 확인해 보세요.","1","0","1","1"
"동랜딩","massage/기배동-출장마사지-화성시-효행구-생활권-이동동선-지역정보-이용전-안내/index.html","변경후보","기배동 출장마사지 | 경기 화성시 효행구 생활권·지역 이용 안내 | 몽라운지","기배동 출장마사지 | 경기 화성시 효행구 생활권·지역 이용 안내 | 몽라운지","중심으로 주변 생활권과 이동 방향을 확인할 수 있도록 정리했습니다. 경기 화성시 효행구 기배동 출장마사지 이용 전 현재 위치와 가까운 지역을 확인해 보세요.","중심으로 주변 생활권과 이동 방향을 확인할 수 있도록 정리했습니다. 경기 화성시 효행구 기배동 생활권 이용 이용 전 현재 위치와 가까운 지역을 확인해 보세요.","1","1","1","0"
"동랜딩","massage/동탄동-출장마사지-화성시-동탄구-생활권-이동동선-지역정보-이용전-안내/index.html","변경후보","동탄동 출장마사지 | 경기 화성시 동탄구 생활권·지역 이용 안내 | 몽라운지","동탄동 생활권 안내 | 경기 화성시 동탄구 생활권·지역 이용 안내 | 몽라운지","동탄동 주변의 주거·업무 생활권과 인접 지역을 기준으로 위치 정보를 정리했습니다. 경기 화성시 동탄구 동탄동 출장마사지 이용 전 이동 범위를 확인할 수 있습니다.","동탄동 주변의 주거·업무 생활권과 인접 지역을 기준으로 위치 정보를 정리했습니다. 경기 화성시 동탄구 동탄동 지역 이용 이용 전 이동 범위를 확인할 수 있습니다.","1","0","1","0"
"동랜딩","massage/반월동-출장마사지-화성시-병점구-생활권-이동동선-지역정보-이용전-안내/index.html","변경후보","반월동 출장마사지 | 경기 화성시 병점구 생활권·지역 이용 안내 | 몽라운지","반월동 출장마사지 | 경기 화성시 병점구 생활권·지역 이용 안내 | 몽라운지","반월동 지역에서 현재 위치를 설명하고 가까운 생활권을 찾기 쉽도록 기본 정보를 구성했습니다. 경기 화성시 병점구 반월동 출장마사지 이용 전 지역 선택에 참고하세요.","반월동 지역에서 현재 위치를 설명하고 가까운 생활권을 찾기 쉽도록 기본 정보를 구성했습니다. 경기 화성시 병점구 반월동 생활권 이용 이용 전 지역 선택에 참고하세요.","1","1","1","0"
"동랜딩","massage/병점동-출장마사지-화성시-병점구-생활권-이동동선-지역정보-이용전-안내/index.html","변경후보","병점동 출장마사지 | 경기 화성시 병점구 생활권·지역 이용 안내 | 몽라운지","병점동 출장마사지 | 경기 화성시 병점구 생활권·지역 이용 안내 | 몽라운지","병점동 주변 생활권과 이동 흐름을 먼저 살펴보고 현재 위치를 확인하기 좋은 기준을 정리했습니다. 경기 화성시 병점구 병점동 출장마사지 이용 전 지역 범위를 확인해 보세요.","병점동 주변 생활권과 이동 흐름을 먼저 살펴보고 현재 위치를 확인하기 좋은 기준을 정리했습니다. 경기 화성시 병점구 병점동 생활권 이용 이용 전 지역 범위를 확인해 보세요.","1","1","1","0"
"동랜딩","massage/새솔동-출장마사지-화성시-만세구-생활권-이동동선-지역정보-이용전-안내/index.html","변경후보","새솔동 출장마사지 | 경기 화성시 만세구 생활권·지역 이용 안내 | 몽라운지","새솔동 지역 이용 안내 | 경기 화성시 만세구 생활권·지역 이용 안내 | 몽라운지","자주 오가는 생활권을 기준으로 위치와 인접 지역을 정리했습니다. 경기 화성시 만세구 새솔동 출장마사지 이용 전 가까운 범위와 이동 방향을 비교해 보세요.","자주 오가는 생활권을 기준으로 위치와 인접 지역을 정리했습니다. 경기 화성시 만세구 새솔동 출장마사지 이용 전 가까운 범위와 이동 방향을 비교해 보세요.","1","0","1","1"
"동랜딩","massage/진안동-출장마사지-화성시-병점구-생활권-이동동선-지역정보-이용전-안내/index.html","변경후보","진안동 출장마사지 | 경기 화성시 병점구 생활권·지역 이용 안내 | 몽라운지","진안동 생활권 안내 | 경기 화성시 병점구 생활권·지역 이용 안내 | 몽라운지","진안동 생활권에서 현재 위치와 인접 동을 확인하기 쉽도록 지역 정보를 구성했습니다. 경기 화성시 병점구 진안동 출장마사지 이용 전 위치와 지역 범위를 살펴볼 수 있습니다.","진안동 생활권에서 현재 위치와 인접 동을 확인하기 쉽도록 지역 정보를 구성했습니다. 경기 화성시 병점구 진안동 지역 이용 이용 전 위치와 지역 범위를 살펴볼 수 있습니다.","1","0","1","0"
"동랜딩","massage/화산동-출장마사지-화성시-병점구-생활권-이동동선-지역정보-이용전-안내/index.html","변경후보","화산동 출장마사지 | 경기 화성시 병점구 생활권·지역 이용 안내 | 몽라운지","화산동 생활권 안내 | 경기 화성시 병점구 생활권·지역 이용 안내 | 몽라운지","중심으로 주변 생활권과 이동 방향을 확인할 수 있도록 정리했습니다. 경기 화성시 병점구 화산동 출장마사지 이용 전 현재 위치와 가까운 지역을 확인해 보세요.","중심으로 주변 생활권과 이동 방향을 확인할 수 있도록 정리했습니다. 경기 화성시 병점구 화산동 지역 이용 이용 전 현재 위치와 가까운 지역을 확인해 보세요.","1","0","1","0"
"동읍면랜딩","massage/북면-출장마사지-가평군-생활권-지역정보-이용안내/index.html","변경후보","북면 출장마사지 | 가평군 면 생활권·지역 안내 | 몽라운지","가평군 북면 지역 안내 | 출장마사지 이용 범위·생활권 정보 | 몽라운지","북면에서 오가는 주요 생활권과 주변 지역을 살펴보기 쉽도록 구성했습니다. 가평군 북면 출장마사지 이용 전 현재 위치와 지역 범위를 비교할 수 있습니다.","북면을 중심으로 주거·상업 생활권과 주변 이동 동선을 정리했습니다. 가까운 지역과 이용 범위를 비교하고 위치 선택에 참고할 수 있습니다.","1","1","1","0"
"동읍면랜딩","massage/상면-출장마사지-가평군-생활권-지역정보-이용안내/index.html","변경후보","상면 출장마사지 | 가평군 면 생활권·지역 안내 | 몽라운지","상면 지역 이용 정보 | 가평군 생활권·위치 안내 | 몽라운지","상면 생활권에서 인접 읍·면·동과의 연결을 확인하기 쉽도록 지역 안내를 정리했습니다. 가평군 상면 출장마사지 이용 전 위치 선택에 참고하세요.","상면 생활권에서 출장마사지 이용 전 확인할 수 있는 위치 범위와 인접 지역 정보를 정리했습니다. 가평군 주변 이동 동선과 가까운 생활권을 함께 확인해보세요.","1","0","1","1"
"동읍면랜딩","massage/설악면-출장마사지-가평군-생활권-지역정보-이용안내/index.html","변경후보","설악면 출장마사지 | 가평군 면 생활권·지역 안내 | 몽라운지","가평군 설악면 지역 안내 | 출장마사지 이용 범위·생활권 정보 | 몽라운지","설악면을 중심으로 주변 생활권과 이동 방향을 확인할 수 있도록 기본 지역 정보를 구성했습니다. 가평군 설악면 출장마사지 이용 전 가까운 범위를 살펴보세요.","설악면을 중심으로 주거·상업 생활권과 주변 이동 동선을 정리했습니다. 가까운 지역과 이용 범위를 비교하고 위치 선택에 참고할 수 있습니다.","1","1","1","0"
"동읍면랜딩","massage/조종면-출장마사지-가평군-생활권-지역정보-이용안내/index.html","변경후보","조종면 출장마사지 | 가평군 면 생활권·지역 안내 | 몽라운지","조종면 지역 이용 정보 | 가평군 생활권·위치 안내 | 몽라운지","조종면 주변의 주거·상업 생활권과 인접 지역을 기준으로 위치를 확인할 수 있습니다. 가평군 조종면 출장마사지 이용 전 이동 동선을 확인해 보세요.","조종면 생활권에서 출장마사지 이용 전 확인할 수 있는 위치 범위와 인접 지역 정보를 정리했습니다. 가평군 주변 이동 동선과 가까운 생활권을 함께 확인해보세요.","1","0","1","1"
"동읍면랜딩","massage/청평면-출장마사지-가평군-생활권-지역정보-이용안내/index.html","변경후보","청평면 출장마사지 | 가평군 면 생활권·지역 안내 | 몽라운지","청평면 지역 이용 정보 | 가평군 생활권·위치 안내 | 몽라운지","청평면 지역에서 현재 위치와 가까운 생활권을 찾기 쉽도록 지역 정보를 정리했습니다. 가평군 청평면 출장마사지 이용 전 지역 범위를 확인할 수 있습니다.","청평면 생활권에서 출장마사지 이용 전 확인할 수 있는 위치 범위와 인접 지역 정보를 정리했습니다. 가평군 주변 이동 동선과 가까운 생활권을 함께 확인해보세요.","1","0","1","1"
"동읍면랜딩","massage/가평읍-출장마사지-가평군-생활권-지역정보-이용안내/index.html","변경후보","가평읍 출장마사지 | 가평군 읍 생활권·지역 안내 | 몽라운지","가평읍 생활권 안내 | 가평군 인접 지역·이동 정보 | 몽라운지","가평읍 주변 생활권과 인접 지역을 기준으로 위치 정보를 정리했습니다. 가평군 가평읍 출장마사지 이용 전 이동 범위와 가까운 지역을 확인해 보세요.","가평읍 주변 생활권과 인접 지역을 기준으로 현재 위치와 이동 범위를 확인할 수 있도록 정리했습니다. 가평군 지역에서 이용 가능한 범위를 비교할 때 참고하세요.","1","0","1","0"
"동읍면랜딩","massage/남종면-출장마사지-광주시-생활권-지역정보-이용안내/index.html","변경후보","남종면 출장마사지 | 광주시 면 생활권·지역 안내 | 몽라운지","남종면 출장마사지 | 광주시 생활권·인접 지역 안내 | 몽라운지","남종면에서 오가는 주요 생활권과 주변 지역을 살펴보기 쉽도록 구성했습니다. 광주시 남종면 출장마사지 이용 전 현재 위치와 지역 범위를 비교할 수 있습니다.","남종면에서 오가는 주요 생활권과 주변 지역 정보를 한눈에 확인할 수 있도록 구성했습니다. 광주시 내 현재 위치와 인접 지역의 이동 범위를 살펴보세요.","1","1","1","0"
"동읍면랜딩","massage/남한산성면-출장마사지-광주시-생활권-지역정보-이용안내/index.html","변경후보","남한산성면 출장마사지 | 광주시 면 생활권·지역 안내 | 몽라운지","남한산성면 생활권 안내 | 광주시 인접 지역·이동 정보 | 몽라운지","남한산성면 생활권에서 인접 읍·면·동과의 연결을 확인하기 쉽도록 지역 안내를 정리했습니다. 광주시 남한산성면 출장마사지 이용 전 위치 선택에 참고하세요.","남한산성면 주변 생활권과 인접 지역을 기준으로 현재 위치와 이동 범위를 확인할 수 있도록 정리했습니다. 광주시 지역에서 이용 가능한 범위를 비교할 때 참고하세요.","1","0","1","0"
"동읍면랜딩","massage/도척면-출장마사지-광주시-생활권-지역정보-이용안내/index.html","변경후보","도척면 출장마사지 | 광주시 면 생활권·지역 안내 | 몽라운지","도척면 지역 이용 정보 | 광주시 생활권·위치 안내 | 몽라운지","도척면을 중심으로 주변 생활권과 이동 방향을 확인할 수 있도록 기본 지역 정보를 구성했습니다. 광주시 도척면 출장마사지 이용 전 가까운 범위를 살펴보세요.","도척면 생활권에서 출장마사지 이용 전 확인할 수 있는 위치 범위와 인접 지역 정보를 정리했습니다. 광주시 주변 이동 동선과 가까운 생활권을 함께 확인해보세요.","1","0","1","1"
"동읍면랜딩","massage/퇴촌면-출장마사지-광주시-생활권-지역정보-이용안내/index.html","변경후보","퇴촌면 출장마사지 | 광주시 면 생활권·지역 안내 | 몽라운지","퇴촌면 출장마사지 | 광주시 생활권·인접 지역 안내 | 몽라운지","퇴촌면 주변의 주거·상업 생활권과 인접 지역을 기준으로 위치를 확인할 수 있습니다. 광주시 퇴촌면 출장마사지 이용 전 이동 동선을 확인해 보세요.","퇴촌면에서 오가는 주요 생활권과 주변 지역 정보를 한눈에 확인할 수 있도록 구성했습니다. 광주시 내 현재 위치와 인접 지역의 이동 범위를 살펴보세요.","1","1","1","0"
"동읍면랜딩","massage/곤지암읍-출장마사지-광주시-생활권-지역정보-이용안내/index.html","변경후보","곤지암읍 출장마사지 | 광주시 읍 생활권·지역 안내 | 몽라운지","광주시 곤지암읍 지역 안내 | 출장마사지 이용 범위·생활권 정보 | 몽라운지","곤지암읍 지역에서 현재 위치와 가까운 생활권을 찾기 쉽도록 지역 정보를 정리했습니다. 광주시 곤지암읍 출장마사지 이용 전 지역 범위를 확인할 수 있습니다.","곤지암읍을 중심으로 주거·상업 생활권과 주변 이동 동선을 정리했습니다. 가까운 지역과 이용 범위를 비교하고 위치 선택에 참고할 수 있습니다.","1","1","1","0"
"동읍면랜딩","massage/초월읍-출장마사지-광주시-생활권-지역정보-이용안내/index.html","변경후보","초월읍 출장마사지 | 광주시 읍 생활권·지역 안내 | 몽라운지","초월읍 지역 이용 정보 | 광주시 생활권·위치 안내 | 몽라운지","초월읍 주변 생활권과 인접 지역을 기준으로 위치 정보를 정리했습니다. 광주시 초월읍 출장마사지 이용 전 이동 범위와 가까운 지역을 확인해 보세요.","초월읍 생활권에서 출장마사지 이용 전 확인할 수 있는 위치 범위와 인접 지역 정보를 정리했습니다. 광주시 주변 이동 동선과 가까운 생활권을 함께 확인해보세요.","1","0","1","1"
"동읍면랜딩","massage/대곶면-출장마사지-김포시-생활권-지역정보-이용안내/index.html","변경후보","대곶면 출장마사지 | 김포시 면 생활권·지역 안내 | 몽라운지","김포시 대곶면 지역 안내 | 출장마사지 이용 범위·생활권 정보 | 몽라운지","대곶면에서 오가는 주요 생활권과 주변 지역을 살펴보기 쉽도록 구성했습니다. 김포시 대곶면 출장마사지 이용 전 현재 위치와 지역 범위를 비교할 수 있습니다.","대곶면을 중심으로 주거·상업 생활권과 주변 이동 동선을 정리했습니다. 가까운 지역과 이용 범위를 비교하고 위치 선택에 참고할 수 있습니다.","1","1","1","0"
"동읍면랜딩","massage/월곶면-출장마사지-김포시-생활권-지역정보-이용안내/index.html","변경후보","월곶면 출장마사지 | 김포시 면 생활권·지역 안내 | 몽라운지","김포시 월곶면 지역 안내 | 출장마사지 이용 범위·생활권 정보 | 몽라운지","월곶면 생활권에서 인접 읍·면·동과의 연결을 확인하기 쉽도록 지역 안내를 정리했습니다. 김포시 월곶면 출장마사지 이용 전 위치 선택에 참고하세요.","월곶면을 중심으로 주거·상업 생활권과 주변 이동 동선을 정리했습니다. 가까운 지역과 이용 범위를 비교하고 위치 선택에 참고할 수 있습니다.","1","1","1","0"
"동읍면랜딩","massage/하성면-출장마사지-김포시-생활권-지역정보-이용안내/index.html","변경후보","하성면 출장마사지 | 김포시 면 생활권·지역 안내 | 몽라운지","하성면 출장마사지 | 김포시 생활권·인접 지역 안내 | 몽라운지","하성면을 중심으로 주변 생활권과 이동 방향을 확인할 수 있도록 기본 지역 정보를 구성했습니다. 김포시 하성면 출장마사지 이용 전 가까운 범위를 살펴보세요.","하성면에서 오가는 주요 생활권과 주변 지역 정보를 한눈에 확인할 수 있도록 구성했습니다. 김포시 내 현재 위치와 인접 지역의 이동 범위를 살펴보세요.","1","1","1","0"
"동읍면랜딩","massage/고촌읍-출장마사지-김포시-생활권-지역정보-이용안내/index.html","변경후보","고촌읍 출장마사지 | 김포시 읍 생활권·지역 안내 | 몽라운지","고촌읍 출장마사지 | 김포시 생활권·인접 지역 안내 | 몽라운지","고촌읍 주변의 주거·상업 생활권과 인접 지역을 기준으로 위치를 확인할 수 있습니다. 김포시 고촌읍 출장마사지 이용 전 이동 동선을 확인해 보세요.","고촌읍에서 오가는 주요 생활권과 주변 지역 정보를 한눈에 확인할 수 있도록 구성했습니다. 김포시 내 현재 위치와 인접 지역의 이동 범위를 살펴보세요.","1","1","1","0"
"동읍면랜딩","massage/양촌읍-출장마사지-김포시-생활권-지역정보-이용안내/index.html","변경후보","양촌읍 출장마사지 | 김포시 읍 생활권·지역 안내 | 몽라운지","양촌읍 생활권 안내 | 김포시 인접 지역·이동 정보 | 몽라운지","양촌읍 지역에서 현재 위치와 가까운 생활권을 찾기 쉽도록 지역 정보를 정리했습니다. 김포시 양촌읍 출장마사지 이용 전 지역 범위를 확인할 수 있습니다.","양촌읍 주변 생활권과 인접 지역을 기준으로 현재 위치와 이동 범위를 확인할 수 있도록 정리했습니다. 김포시 지역에서 이용 가능한 범위를 비교할 때 참고하세요.","1","0","1","0"
"동읍면랜딩","massage/통진읍-출장마사지-김포시-생활권-지역정보-이용안내/index.html","변경후보","통진읍 출장마사지 | 김포시 읍 생활권·지역 안내 | 몽라운지","통진읍 생활권 안내 | 김포시 인접 지역·이동 정보 | 몽라운지","통진읍 주변 생활권과 인접 지역을 기준으로 위치 정보를 정리했습니다. 김포시 통진읍 출장마사지 이용 전 이동 범위와 가까운 지역을 확인해 보세요.","통진읍 주변 생활권과 인접 지역을 기준으로 현재 위치와 이동 범위를 확인할 수 있도록 정리했습니다. 김포시 지역에서 이용 가능한 범위를 비교할 때 참고하세요.","1","0","1","0"
"동읍면랜딩","massage/별내면-출장마사지-남양주시-생활권-지역정보-이용안내/index.html","변경후보","별내면 출장마사지 | 남양주시 면 생활권·지역 안내 | 몽라운지","별내면 출장마사지 | 남양주시 생활권·인접 지역 안내 | 몽라운지","별내면에서 오가는 주요 생활권과 주변 지역을 살펴보기 쉽도록 구성했습니다. 남양주시 별내면 출장마사지 이용 전 현재 위치와 지역 범위를 비교할 수 있습니다.","별내면에서 오가는 주요 생활권과 주변 지역 정보를 한눈에 확인할 수 있도록 구성했습니다. 남양주시 내 현재 위치와 인접 지역의 이동 범위를 살펴보세요.","1","1","1","0"
"동읍면랜딩","massage/수동면-출장마사지-남양주시-생활권-지역정보-이용안내/index.html","변경후보","수동면 출장마사지 | 남양주시 면 생활권·지역 안내 | 몽라운지","수동면 출장마사지 | 남양주시 생활권·인접 지역 안내 | 몽라운지","수동면 생활권에서 인접 읍·면·동과의 연결을 확인하기 쉽도록 지역 안내를 정리했습니다. 남양주시 수동면 출장마사지 이용 전 위치 선택에 참고하세요.","수동면에서 오가는 주요 생활권과 주변 지역 정보를 한눈에 확인할 수 있도록 구성했습니다. 남양주시 내 현재 위치와 인접 지역의 이동 범위를 살펴보세요.","1","1","1","0"
"동읍면랜딩","massage/조안면-출장마사지-남양주시-생활권-지역정보-이용안내/index.html","변경후보","조안면 출장마사지 | 남양주시 면 생활권·지역 안내 | 몽라운지","남양주시 조안면 지역 안내 | 출장마사지 이용 범위·생활권 정보 | 몽라운지","조안면을 중심으로 주변 생활권과 이동 방향을 확인할 수 있도록 기본 지역 정보를 구성했습니다. 남양주시 조안면 출장마사지 이용 전 가까운 범위를 살펴보세요.","조안면을 중심으로 주거·상업 생활권과 주변 이동 동선을 정리했습니다. 가까운 지역과 이용 범위를 비교하고 위치 선택에 참고할 수 있습니다.","1","1","1","0"
"동읍면랜딩","massage/오남읍-출장마사지-남양주시-생활권-지역정보-이용안내/index.html","변경후보","오남읍 출장마사지 | 남양주시 읍 생활권·지역 안내 | 몽라운지","오남읍 출장마사지 | 남양주시 생활권·인접 지역 안내 | 몽라운지","오남읍 주변의 주거·상업 생활권과 인접 지역을 기준으로 위치를 확인할 수 있습니다. 남양주시 오남읍 출장마사지 이용 전 이동 동선을 확인해 보세요.","오남읍에서 오가는 주요 생활권과 주변 지역 정보를 한눈에 확인할 수 있도록 구성했습니다. 남양주시 내 현재 위치와 인접 지역의 이동 범위를 살펴보세요.","1","1","1","0"
"동읍면랜딩","massage/와부읍-출장마사지-남양주시-생활권-지역정보-이용안내/index.html","변경후보","와부읍 출장마사지 | 남양주시 읍 생활권·지역 안내 | 몽라운지","와부읍 지역 이용 정보 | 남양주시 생활권·위치 안내 | 몽라운지","와부읍 지역에서 현재 위치와 가까운 생활권을 찾기 쉽도록 지역 정보를 정리했습니다. 남양주시 와부읍 출장마사지 이용 전 지역 범위를 확인할 수 있습니다.","와부읍 생활권에서 출장마사지 이용 전 확인할 수 있는 위치 범위와 인접 지역 정보를 정리했습니다. 남양주시 주변 이동 동선과 가까운 생활권을 함께 확인해보세요.","1","0","1","1"
"동읍면랜딩","massage/진건읍-출장마사지-남양주시-생활권-지역정보-이용안내/index.html","변경후보","진건읍 출장마사지 | 남양주시 읍 생활권·지역 안내 | 몽라운지","진건읍 지역 이용 정보 | 남양주시 생활권·위치 안내 | 몽라운지","진건읍 주변 생활권과 인접 지역을 기준으로 위치 정보를 정리했습니다. 남양주시 진건읍 출장마사지 이용 전 이동 범위와 가까운 지역을 확인해 보세요.","진건읍 생활권에서 출장마사지 이용 전 확인할 수 있는 위치 범위와 인접 지역 정보를 정리했습니다. 남양주시 주변 이동 동선과 가까운 생활권을 함께 확인해보세요.","1","0","1","1"
"동읍면랜딩","massage/진접읍-출장마사지-남양주시-생활권-지역정보-이용안내/index.html","변경후보","진접읍 출장마사지 | 남양주시 읍 생활권·지역 안내 | 몽라운지","남양주시 진접읍 지역 안내 | 출장마사지 이용 범위·생활권 정보 | 몽라운지","진접읍에서 오가는 주요 생활권과 주변 지역을 살펴보기 쉽도록 구성했습니다. 남양주시 진접읍 출장마사지 이용 전 현재 위치와 지역 범위를 비교할 수 있습니다.","진접읍을 중심으로 주거·상업 생활권과 주변 이동 동선을 정리했습니다. 가까운 지역과 이용 범위를 비교하고 위치 선택에 참고할 수 있습니다.","1","1","1","0"
"동읍면랜딩","massage/퇴계원읍-출장마사지-남양주시-생활권-지역정보-이용안내/index.html","변경후보","퇴계원읍 출장마사지 | 남양주시 읍 생활권·지역 안내 | 몽라운지","남양주시 퇴계원읍 지역 안내 | 출장마사지 이용 범위·생활권 정보 | 몽라운지","퇴계원읍 생활권에서 인접 읍·면·동과의 연결을 확인하기 쉽도록 지역 안내를 정리했습니다. 남양주시 퇴계원읍 출장마사지 이용 전 위치 선택에 참고하세요.","퇴계원읍을 중심으로 주거·상업 생활권과 주변 이동 동선을 정리했습니다. 가까운 지역과 이용 범위를 비교하고 위치 선택에 참고할 수 있습니다.","1","1","1","0"
"동읍면랜딩","massage/화도읍-출장마사지-남양주시-생활권-지역정보-이용안내/index.html","변경후보","화도읍 출장마사지 | 남양주시 읍 생활권·지역 안내 | 몽라운지","남양주시 화도읍 지역 안내 | 출장마사지 이용 범위·생활권 정보 | 몽라운지","화도읍을 중심으로 주변 생활권과 이동 방향을 확인할 수 있도록 기본 지역 정보를 구성했습니다. 남양주시 화도읍 출장마사지 이용 전 가까운 범위를 살펴보세요.","화도읍을 중심으로 주거·상업 생활권과 주변 이동 동선을 정리했습니다. 가까운 지역과 이용 범위를 비교하고 위치 선택에 참고할 수 있습니다.","1","1","1","0"
"동읍면랜딩","massage/고삼면-출장마사지-안성시-생활권-지역정보-이용안내/index.html","변경후보","고삼면 출장마사지 | 안성시 면 생활권·지역 안내 | 몽라운지","안성시 고삼면 지역 안내 | 출장마사지 이용 범위·생활권 정보 | 몽라운지","고삼면 주변의 주거·상업 생활권과 인접 지역을 기준으로 위치를 확인할 수 있습니다. 안성시 고삼면 출장마사지 이용 전 이동 동선을 확인해 보세요.","고삼면을 중심으로 주거·상업 생활권과 주변 이동 동선을 정리했습니다. 가까운 지역과 이용 범위를 비교하고 위치 선택에 참고할 수 있습니다.","1","1","1","0"
"동읍면랜딩","massage/금광면-출장마사지-안성시-생활권-지역정보-이용안내/index.html","변경후보","금광면 출장마사지 | 안성시 면 생활권·지역 안내 | 몽라운지","금광면 지역 이용 정보 | 안성시 생활권·위치 안내 | 몽라운지","금광면 지역에서 현재 위치와 가까운 생활권을 찾기 쉽도록 지역 정보를 정리했습니다. 안성시 금광면 출장마사지 이용 전 지역 범위를 확인할 수 있습니다.","금광면 생활권에서 출장마사지 이용 전 확인할 수 있는 위치 범위와 인접 지역 정보를 정리했습니다. 안성시 주변 이동 동선과 가까운 생활권을 함께 확인해보세요.","1","0","1","1"
"동읍면랜딩","massage/대덕면-출장마사지-안성시-생활권-지역정보-이용안내/index.html","변경후보","대덕면 출장마사지 | 안성시 면 생활권·지역 안내 | 몽라운지","대덕면 출장마사지 | 안성시 생활권·인접 지역 안내 | 몽라운지","대덕면 주변 생활권과 인접 지역을 기준으로 위치 정보를 정리했습니다. 안성시 대덕면 출장마사지 이용 전 이동 범위와 가까운 지역을 확인해 보세요.","대덕면에서 오가는 주요 생활권과 주변 지역 정보를 한눈에 확인할 수 있도록 구성했습니다. 안성시 내 현재 위치와 인접 지역의 이동 범위를 살펴보세요.","1","1","1","0"
"동읍면랜딩","massage/미양면-출장마사지-안성시-생활권-지역정보-이용안내/index.html","변경후보","미양면 출장마사지 | 안성시 면 생활권·지역 안내 | 몽라운지","미양면 지역 이용 정보 | 안성시 생활권·위치 안내 | 몽라운지","미양면에서 오가는 주요 생활권과 주변 지역을 살펴보기 쉽도록 구성했습니다. 안성시 미양면 출장마사지 이용 전 현재 위치와 지역 범위를 비교할 수 있습니다.","미양면 생활권에서 출장마사지 이용 전 확인할 수 있는 위치 범위와 인접 지역 정보를 정리했습니다. 안성시 주변 이동 동선과 가까운 생활권을 함께 확인해보세요.","1","0","1","1"
"동읍면랜딩","massage/보개면-출장마사지-안성시-생활권-지역정보-이용안내/index.html","변경후보","보개면 출장마사지 | 안성시 면 생활권·지역 안내 | 몽라운지","보개면 출장마사지 | 안성시 생활권·인접 지역 안내 | 몽라운지","보개면 생활권에서 인접 읍·면·동과의 연결을 확인하기 쉽도록 지역 안내를 정리했습니다. 안성시 보개면 출장마사지 이용 전 위치 선택에 참고하세요.","보개면에서 오가는 주요 생활권과 주변 지역 정보를 한눈에 확인할 수 있도록 구성했습니다. 안성시 내 현재 위치와 인접 지역의 이동 범위를 살펴보세요.","1","1","1","0"
"동읍면랜딩","massage/삼죽면-출장마사지-안성시-생활권-지역정보-이용안내/index.html","변경후보","삼죽면 출장마사지 | 안성시 면 생활권·지역 안내 | 몽라운지","삼죽면 생활권 안내 | 안성시 인접 지역·이동 정보 | 몽라운지","삼죽면을 중심으로 주변 생활권과 이동 방향을 확인할 수 있도록 기본 지역 정보를 구성했습니다. 안성시 삼죽면 출장마사지 이용 전 가까운 범위를 살펴보세요.","삼죽면 주변 생활권과 인접 지역을 기준으로 현재 위치와 이동 범위를 확인할 수 있도록 정리했습니다. 안성시 지역에서 이용 가능한 범위를 비교할 때 참고하세요.","1","0","1","0"
"동읍면랜딩","massage/서운면-출장마사지-안성시-생활권-지역정보-이용안내/index.html","변경후보","서운면 출장마사지 | 안성시 면 생활권·지역 안내 | 몽라운지","서운면 생활권 안내 | 안성시 인접 지역·이동 정보 | 몽라운지","서운면 주변의 주거·상업 생활권과 인접 지역을 기준으로 위치를 확인할 수 있습니다. 안성시 서운면 출장마사지 이용 전 이동 동선을 확인해 보세요.","서운면 주변 생활권과 인접 지역을 기준으로 현재 위치와 이동 범위를 확인할 수 있도록 정리했습니다. 안성시 지역에서 이용 가능한 범위를 비교할 때 참고하세요.","1","0","1","0"
"동읍면랜딩","massage/양성면-출장마사지-안성시-생활권-지역정보-이용안내/index.html","변경후보","양성면 출장마사지 | 안성시 면 생활권·지역 안내 | 몽라운지","양성면 출장마사지 | 안성시 생활권·인접 지역 안내 | 몽라운지","양성면 지역에서 현재 위치와 가까운 생활권을 찾기 쉽도록 지역 정보를 정리했습니다. 안성시 양성면 출장마사지 이용 전 지역 범위를 확인할 수 있습니다.","양성면에서 오가는 주요 생활권과 주변 지역 정보를 한눈에 확인할 수 있도록 구성했습니다. 안성시 내 현재 위치와 인접 지역의 이동 범위를 살펴보세요.","1","1","1","0"
"동읍면랜딩","massage/원곡면-출장마사지-안성시-생활권-지역정보-이용안내/index.html","변경후보","원곡면 출장마사지 | 안성시 면 생활권·지역 안내 | 몽라운지","원곡면 지역 이용 정보 | 안성시 생활권·위치 안내 | 몽라운지","원곡면 주변 생활권과 인접 지역을 기준으로 위치 정보를 정리했습니다. 안성시 원곡면 출장마사지 이용 전 이동 범위와 가까운 지역을 확인해 보세요.","원곡면 생활권에서 출장마사지 이용 전 확인할 수 있는 위치 범위와 인접 지역 정보를 정리했습니다. 안성시 주변 이동 동선과 가까운 생활권을 함께 확인해보세요.","1","0","1","1"
"동읍면랜딩","massage/일죽면-출장마사지-안성시-생활권-지역정보-이용안내/index.html","변경후보","일죽면 출장마사지 | 안성시 면 생활권·지역 안내 | 몽라운지","일죽면 지역 이용 정보 | 안성시 생활권·위치 안내 | 몽라운지","일죽면에서 오가는 주요 생활권과 주변 지역을 살펴보기 쉽도록 구성했습니다. 안성시 일죽면 출장마사지 이용 전 현재 위치와 지역 범위를 비교할 수 있습니다.","일죽면 생활권에서 출장마사지 이용 전 확인할 수 있는 위치 범위와 인접 지역 정보를 정리했습니다. 안성시 주변 이동 동선과 가까운 생활권을 함께 확인해보세요.","1","0","1","1"
"동읍면랜딩","massage/죽산면-출장마사지-안성시-생활권-지역정보-이용안내/index.html","변경후보","죽산면 출장마사지 | 안성시 면 생활권·지역 안내 | 몽라운지","죽산면 생활권 안내 | 안성시 인접 지역·이동 정보 | 몽라운지","죽산면 생활권에서 인접 읍·면·동과의 연결을 확인하기 쉽도록 지역 안내를 정리했습니다. 안성시 죽산면 출장마사지 이용 전 위치 선택에 참고하세요.","죽산면 주변 생활권과 인접 지역을 기준으로 현재 위치와 이동 범위를 확인할 수 있도록 정리했습니다. 안성시 지역에서 이용 가능한 범위를 비교할 때 참고하세요.","1","0","1","0"
"동읍면랜딩","massage/공도읍-출장마사지-안성시-생활권-지역정보-이용안내/index.html","변경후보","공도읍 출장마사지 | 안성시 읍 생활권·지역 안내 | 몽라운지","공도읍 생활권 안내 | 안성시 인접 지역·이동 정보 | 몽라운지","공도읍을 중심으로 주변 생활권과 이동 방향을 확인할 수 있도록 기본 지역 정보를 구성했습니다. 안성시 공도읍 출장마사지 이용 전 가까운 범위를 살펴보세요.","공도읍 주변 생활권과 인접 지역을 기준으로 현재 위치와 이동 범위를 확인할 수 있도록 정리했습니다. 안성시 지역에서 이용 가능한 범위를 비교할 때 참고하세요.","1","0","1","0"
"동읍면랜딩","massage/광적면-출장마사지-양주시-생활권-지역정보-이용안내/index.html","변경후보","광적면 출장마사지 | 양주시 면 생활권·지역 안내 | 몽라운지","광적면 출장마사지 | 양주시 생활권·인접 지역 안내 | 몽라운지","광적면 주변의 주거·상업 생활권과 인접 지역을 기준으로 위치를 확인할 수 있습니다. 양주시 광적면 출장마사지 이용 전 이동 동선을 확인해 보세요.","광적면에서 오가는 주요 생활권과 주변 지역 정보를 한눈에 확인할 수 있도록 구성했습니다. 양주시 내 현재 위치와 인접 지역의 이동 범위를 살펴보세요.","1","1","1","0"
"동읍면랜딩","massage/남면-출장마사지-양주시-생활권-지역정보-이용안내/index.html","변경후보","남면 출장마사지 | 양주시 면 생활권·지역 안내 | 몽라운지","남면 지역 이용 정보 | 양주시 생활권·위치 안내 | 몽라운지","남면 지역에서 현재 위치와 가까운 생활권을 찾기 쉽도록 지역 정보를 정리했습니다. 양주시 남면 출장마사지 이용 전 지역 범위를 확인할 수 있습니다.","남면 생활권에서 출장마사지 이용 전 확인할 수 있는 위치 범위와 인접 지역 정보를 정리했습니다. 양주시 주변 이동 동선과 가까운 생활권을 함께 확인해보세요.","1","0","1","1"
"동읍면랜딩","massage/은현면-출장마사지-양주시-생활권-지역정보-이용안내/index.html","변경후보","은현면 출장마사지 | 양주시 면 생활권·지역 안내 | 몽라운지","은현면 생활권 안내 | 양주시 인접 지역·이동 정보 | 몽라운지","은현면 주변 생활권과 인접 지역을 기준으로 위치 정보를 정리했습니다. 양주시 은현면 출장마사지 이용 전 이동 범위와 가까운 지역을 확인해 보세요.","은현면 주변 생활권과 인접 지역을 기준으로 현재 위치와 이동 범위를 확인할 수 있도록 정리했습니다. 양주시 지역에서 이용 가능한 범위를 비교할 때 참고하세요.","1","0","1","0"
"동읍면랜딩","massage/장흥면-출장마사지-양주시-생활권-지역정보-이용안내/index.html","변경후보","장흥면 출장마사지 | 양주시 면 생활권·지역 안내 | 몽라운지","장흥면 생활권 안내 | 양주시 인접 지역·이동 정보 | 몽라운지","장흥면에서 오가는 주요 생활권과 주변 지역을 살펴보기 쉽도록 구성했습니다. 양주시 장흥면 출장마사지 이용 전 현재 위치와 지역 범위를 비교할 수 있습니다.","장흥면 주변 생활권과 인접 지역을 기준으로 현재 위치와 이동 범위를 확인할 수 있도록 정리했습니다. 양주시 지역에서 이용 가능한 범위를 비교할 때 참고하세요.","1","0","1","0"
"동읍면랜딩","massage/백석읍-출장마사지-양주시-생활권-지역정보-이용안내/index.html","변경후보","백석읍 출장마사지 | 양주시 읍 생활권·지역 안내 | 몽라운지","양주시 백석읍 지역 안내 | 출장마사지 이용 범위·생활권 정보 | 몽라운지","백석읍 생활권에서 인접 읍·면·동과의 연결을 확인하기 쉽도록 지역 안내를 정리했습니다. 양주시 백석읍 출장마사지 이용 전 위치 선택에 참고하세요.","백석읍을 중심으로 주거·상업 생활권과 주변 이동 동선을 정리했습니다. 가까운 지역과 이용 범위를 비교하고 위치 선택에 참고할 수 있습니다.","1","1","1","0"
"동읍면랜딩","massage/강상면-출장마사지-양평군-생활권-지역정보-이용안내/index.html","변경후보","강상면 출장마사지 | 양평군 면 생활권·지역 안내 | 몽라운지","강상면 지역 이용 정보 | 양평군 생활권·위치 안내 | 몽라운지","강상면을 중심으로 주변 생활권과 이동 방향을 확인할 수 있도록 기본 지역 정보를 구성했습니다. 양평군 강상면 출장마사지 이용 전 가까운 범위를 살펴보세요.","강상면 생활권에서 출장마사지 이용 전 확인할 수 있는 위치 범위와 인접 지역 정보를 정리했습니다. 양평군 주변 이동 동선과 가까운 생활권을 함께 확인해보세요.","1","0","1","1"
"동읍면랜딩","massage/강하면-출장마사지-양평군-생활권-지역정보-이용안내/index.html","변경후보","강하면 출장마사지 | 양평군 면 생활권·지역 안내 | 몽라운지","양평군 강하면 지역 안내 | 출장마사지 이용 범위·생활권 정보 | 몽라운지","강하면 주변의 주거·상업 생활권과 인접 지역을 기준으로 위치를 확인할 수 있습니다. 양평군 강하면 출장마사지 이용 전 이동 동선을 확인해 보세요.","강하면을 중심으로 주거·상업 생활권과 주변 이동 동선을 정리했습니다. 가까운 지역과 이용 범위를 비교하고 위치 선택에 참고할 수 있습니다.","1","1","1","0"
"동읍면랜딩","massage/개군면-출장마사지-양평군-생활권-지역정보-이용안내/index.html","변경후보","개군면 출장마사지 | 양평군 면 생활권·지역 안내 | 몽라운지","양평군 개군면 지역 안내 | 출장마사지 이용 범위·생활권 정보 | 몽라운지","개군면 지역에서 현재 위치와 가까운 생활권을 찾기 쉽도록 지역 정보를 정리했습니다. 양평군 개군면 출장마사지 이용 전 지역 범위를 확인할 수 있습니다.","개군면을 중심으로 주거·상업 생활권과 주변 이동 동선을 정리했습니다. 가까운 지역과 이용 범위를 비교하고 위치 선택에 참고할 수 있습니다.","1","1","1","0"
"동읍면랜딩","massage/단월면-출장마사지-양평군-생활권-지역정보-이용안내/index.html","변경후보","단월면 출장마사지 | 양평군 면 생활권·지역 안내 | 몽라운지","양평군 단월면 지역 안내 | 출장마사지 이용 범위·생활권 정보 | 몽라운지","단월면 주변 생활권과 인접 지역을 기준으로 위치 정보를 정리했습니다. 양평군 단월면 출장마사지 이용 전 이동 범위와 가까운 지역을 확인해 보세요.","단월면을 중심으로 주거·상업 생활권과 주변 이동 동선을 정리했습니다. 가까운 지역과 이용 범위를 비교하고 위치 선택에 참고할 수 있습니다.","1","1","1","0"
"동읍면랜딩","massage/서종면-출장마사지-양평군-생활권-지역정보-이용안내/index.html","변경후보","서종면 출장마사지 | 양평군 면 생활권·지역 안내 | 몽라운지","서종면 지역 이용 정보 | 양평군 생활권·위치 안내 | 몽라운지","서종면에서 오가는 주요 생활권과 주변 지역을 살펴보기 쉽도록 구성했습니다. 양평군 서종면 출장마사지 이용 전 현재 위치와 지역 범위를 비교할 수 있습니다.","서종면 생활권에서 출장마사지 이용 전 확인할 수 있는 위치 범위와 인접 지역 정보를 정리했습니다. 양평군 주변 이동 동선과 가까운 생활권을 함께 확인해보세요.","1","0","1","1"
"동읍면랜딩","massage/양동면-출장마사지-양평군-생활권-지역정보-이용안내/index.html","변경후보","양동면 출장마사지 | 양평군 면 생활권·지역 안내 | 몽라운지","양동면 출장마사지 | 양평군 생활권·인접 지역 안내 | 몽라운지","양동면 생활권에서 인접 읍·면·동과의 연결을 확인하기 쉽도록 지역 안내를 정리했습니다. 양평군 양동면 출장마사지 이용 전 위치 선택에 참고하세요.","양동면에서 오가는 주요 생활권과 주변 지역 정보를 한눈에 확인할 수 있도록 구성했습니다. 양평군 내 현재 위치와 인접 지역의 이동 범위를 살펴보세요.","1","1","1","0"
"동읍면랜딩","massage/양서면-출장마사지-양평군-생활권-지역정보-이용안내/index.html","변경후보","양서면 출장마사지 | 양평군 면 생활권·지역 안내 | 몽라운지","양서면 지역 이용 정보 | 양평군 생활권·위치 안내 | 몽라운지","양서면을 중심으로 주변 생활권과 이동 방향을 확인할 수 있도록 기본 지역 정보를 구성했습니다. 양평군 양서면 출장마사지 이용 전 가까운 범위를 살펴보세요.","양서면 생활권에서 출장마사지 이용 전 확인할 수 있는 위치 범위와 인접 지역 정보를 정리했습니다. 양평군 주변 이동 동선과 가까운 생활권을 함께 확인해보세요.","1","0","1","1"
"동읍면랜딩","massage/옥천면-출장마사지-양평군-생활권-지역정보-이용안내/index.html","변경후보","옥천면 출장마사지 | 양평군 면 생활권·지역 안내 | 몽라운지","옥천면 지역 이용 정보 | 양평군 생활권·위치 안내 | 몽라운지","옥천면 주변의 주거·상업 생활권과 인접 지역을 기준으로 위치를 확인할 수 있습니다. 양평군 옥천면 출장마사지 이용 전 이동 동선을 확인해 보세요.","옥천면 생활권에서 출장마사지 이용 전 확인할 수 있는 위치 범위와 인접 지역 정보를 정리했습니다. 양평군 주변 이동 동선과 가까운 생활권을 함께 확인해보세요.","1","0","1","1"
"동읍면랜딩","massage/용문면-출장마사지-양평군-생활권-지역정보-이용안내/index.html","변경후보","용문면 출장마사지 | 양평군 면 생활권·지역 안내 | 몽라운지","용문면 출장마사지 | 양평군 생활권·인접 지역 안내 | 몽라운지","용문면 지역에서 현재 위치와 가까운 생활권을 찾기 쉽도록 지역 정보를 정리했습니다. 양평군 용문면 출장마사지 이용 전 지역 범위를 확인할 수 있습니다.","용문면에서 오가는 주요 생활권과 주변 지역 정보를 한눈에 확인할 수 있도록 구성했습니다. 양평군 내 현재 위치와 인접 지역의 이동 범위를 살펴보세요.","1","1","1","0"
"동읍면랜딩","massage/지평면-출장마사지-양평군-생활권-지역정보-이용안내/index.html","변경후보","지평면 출장마사지 | 양평군 면 생활권·지역 안내 | 몽라운지","지평면 생활권 안내 | 양평군 인접 지역·이동 정보 | 몽라운지","지평면 주변 생활권과 인접 지역을 기준으로 위치 정보를 정리했습니다. 양평군 지평면 출장마사지 이용 전 이동 범위와 가까운 지역을 확인해 보세요.","지평면 주변 생활권과 인접 지역을 기준으로 현재 위치와 이동 범위를 확인할 수 있도록 정리했습니다. 양평군 지역에서 이용 가능한 범위를 비교할 때 참고하세요.","1","0","1","0"
"동읍면랜딩","massage/청운면-출장마사지-양평군-생활권-지역정보-이용안내/index.html","변경후보","청운면 출장마사지 | 양평군 면 생활권·지역 안내 | 몽라운지","양평군 청운면 지역 안내 | 출장마사지 이용 범위·생활권 정보 | 몽라운지","청운면에서 오가는 주요 생활권과 주변 지역을 살펴보기 쉽도록 구성했습니다. 양평군 청운면 출장마사지 이용 전 현재 위치와 지역 범위를 비교할 수 있습니다.","청운면을 중심으로 주거·상업 생활권과 주변 이동 동선을 정리했습니다. 가까운 지역과 이용 범위를 비교하고 위치 선택에 참고할 수 있습니다.","1","1","1","0"
"동읍면랜딩","massage/양평읍-출장마사지-양평군-생활권-지역정보-이용안내/index.html","변경후보","양평읍 출장마사지 | 양평군 읍 생활권·지역 안내 | 몽라운지","양평읍 출장마사지 | 양평군 생활권·인접 지역 안내 | 몽라운지","양평읍 생활권에서 인접 읍·면·동과의 연결을 확인하기 쉽도록 지역 안내를 정리했습니다. 양평군 양평읍 출장마사지 이용 전 위치 선택에 참고하세요.","양평읍에서 오가는 주요 생활권과 주변 지역 정보를 한눈에 확인할 수 있도록 구성했습니다. 양평군 내 현재 위치와 인접 지역의 이동 범위를 살펴보세요.","1","1","1","0"
"동읍면랜딩","massage/강천면-출장마사지-여주시-생활권-지역정보-이용안내/index.html","변경후보","강천면 출장마사지 | 여주시 면 생활권·지역 안내 | 몽라운지","강천면 지역 이용 정보 | 여주시 생활권·위치 안내 | 몽라운지","강천면을 중심으로 주변 생활권과 이동 방향을 확인할 수 있도록 기본 지역 정보를 구성했습니다. 여주시 강천면 출장마사지 이용 전 가까운 범위를 살펴보세요.","강천면 생활권에서 출장마사지 이용 전 확인할 수 있는 위치 범위와 인접 지역 정보를 정리했습니다. 여주시 주변 이동 동선과 가까운 생활권을 함께 확인해보세요.","1","0","1","1"
"동읍면랜딩","massage/금사면-출장마사지-여주시-생활권-지역정보-이용안내/index.html","변경후보","금사면 출장마사지 | 여주시 면 생활권·지역 안내 | 몽라운지","금사면 출장마사지 | 여주시 생활권·인접 지역 안내 | 몽라운지","금사면 주변의 주거·상업 생활권과 인접 지역을 기준으로 위치를 확인할 수 있습니다. 여주시 금사면 출장마사지 이용 전 이동 동선을 확인해 보세요.","금사면에서 오가는 주요 생활권과 주변 지역 정보를 한눈에 확인할 수 있도록 구성했습니다. 여주시 내 현재 위치와 인접 지역의 이동 범위를 살펴보세요.","1","1","1","0"
"동읍면랜딩","massage/대신면-출장마사지-여주시-생활권-지역정보-이용안내/index.html","변경후보","대신면 출장마사지 | 여주시 면 생활권·지역 안내 | 몽라운지","대신면 생활권 안내 | 여주시 인접 지역·이동 정보 | 몽라운지","대신면 지역에서 현재 위치와 가까운 생활권을 찾기 쉽도록 지역 정보를 정리했습니다. 여주시 대신면 출장마사지 이용 전 지역 범위를 확인할 수 있습니다.","대신면 주변 생활권과 인접 지역을 기준으로 현재 위치와 이동 범위를 확인할 수 있도록 정리했습니다. 여주시 지역에서 이용 가능한 범위를 비교할 때 참고하세요.","1","0","1","0"
"동읍면랜딩","massage/북내면-출장마사지-여주시-생활권-지역정보-이용안내/index.html","변경후보","북내면 출장마사지 | 여주시 면 생활권·지역 안내 | 몽라운지","여주시 북내면 지역 안내 | 출장마사지 이용 범위·생활권 정보 | 몽라운지","북내면 주변 생활권과 인접 지역을 기준으로 위치 정보를 정리했습니다. 여주시 북내면 출장마사지 이용 전 이동 범위와 가까운 지역을 확인해 보세요.","북내면을 중심으로 주거·상업 생활권과 주변 이동 동선을 정리했습니다. 가까운 지역과 이용 범위를 비교하고 위치 선택에 참고할 수 있습니다.","1","1","1","0"
"동읍면랜딩","massage/산북면-출장마사지-여주시-생활권-지역정보-이용안내/index.html","변경후보","산북면 출장마사지 | 여주시 면 생활권·지역 안내 | 몽라운지","산북면 출장마사지 | 여주시 생활권·인접 지역 안내 | 몽라운지","산북면에서 오가는 주요 생활권과 주변 지역을 살펴보기 쉽도록 구성했습니다. 여주시 산북면 출장마사지 이용 전 현재 위치와 지역 범위를 비교할 수 있습니다.","산북면에서 오가는 주요 생활권과 주변 지역 정보를 한눈에 확인할 수 있도록 구성했습니다. 여주시 내 현재 위치와 인접 지역의 이동 범위를 살펴보세요.","1","1","1","0"
"동읍면랜딩","massage/세종대왕면-출장마사지-여주시-생활권-지역정보-이용안내/index.html","변경후보","세종대왕면 출장마사지 | 여주시 면 생활권·지역 안내 | 몽라운지","세종대왕면 출장마사지 | 여주시 생활권·인접 지역 안내 | 몽라운지","세종대왕면 생활권에서 인접 읍·면·동과의 연결을 확인하기 쉽도록 지역 안내를 정리했습니다. 여주시 세종대왕면 출장마사지 이용 전 위치 선택에 참고하세요.","세종대왕면에서 오가는 주요 생활권과 주변 지역 정보를 한눈에 확인할 수 있도록 구성했습니다. 여주시 내 현재 위치와 인접 지역의 이동 범위를 살펴보세요.","1","1","1","0"
"동읍면랜딩","massage/점동면-출장마사지-여주시-생활권-지역정보-이용안내/index.html","변경후보","점동면 출장마사지 | 여주시 면 생활권·지역 안내 | 몽라운지","여주시 점동면 지역 안내 | 출장마사지 이용 범위·생활권 정보 | 몽라운지","점동면을 중심으로 주변 생활권과 이동 방향을 확인할 수 있도록 기본 지역 정보를 구성했습니다. 여주시 점동면 출장마사지 이용 전 가까운 범위를 살펴보세요.","점동면을 중심으로 주거·상업 생활권과 주변 이동 동선을 정리했습니다. 가까운 지역과 이용 범위를 비교하고 위치 선택에 참고할 수 있습니다.","1","1","1","0"
"동읍면랜딩","massage/흥천면-출장마사지-여주시-생활권-지역정보-이용안내/index.html","변경후보","흥천면 출장마사지 | 여주시 면 생활권·지역 안내 | 몽라운지","흥천면 지역 이용 정보 | 여주시 생활권·위치 안내 | 몽라운지","흥천면 주변의 주거·상업 생활권과 인접 지역을 기준으로 위치를 확인할 수 있습니다. 여주시 흥천면 출장마사지 이용 전 이동 동선을 확인해 보세요.","흥천면 생활권에서 출장마사지 이용 전 확인할 수 있는 위치 범위와 인접 지역 정보를 정리했습니다. 여주시 주변 이동 동선과 가까운 생활권을 함께 확인해보세요.","1","0","1","1"
"동읍면랜딩","massage/가남읍-출장마사지-여주시-생활권-지역정보-이용안내/index.html","변경후보","가남읍 출장마사지 | 여주시 읍 생활권·지역 안내 | 몽라운지","가남읍 지역 이용 정보 | 여주시 생활권·위치 안내 | 몽라운지","가남읍 지역에서 현재 위치와 가까운 생활권을 찾기 쉽도록 지역 정보를 정리했습니다. 여주시 가남읍 출장마사지 이용 전 지역 범위를 확인할 수 있습니다.","가남읍 생활권에서 출장마사지 이용 전 확인할 수 있는 위치 범위와 인접 지역 정보를 정리했습니다. 여주시 주변 이동 동선과 가까운 생활권을 함께 확인해보세요.","1","0","1","1"
"동읍면랜딩","massage/군남면-출장마사지-연천군-생활권-지역정보-이용안내/index.html","변경후보","군남면 출장마사지 | 연천군 면 생활권·지역 안내 | 몽라운지","연천군 군남면 지역 안내 | 출장마사지 이용 범위·생활권 정보 | 몽라운지","군남면 주변 생활권과 인접 지역을 기준으로 위치 정보를 정리했습니다. 연천군 군남면 출장마사지 이용 전 이동 범위와 가까운 지역을 확인해 보세요.","군남면을 중심으로 주거·상업 생활권과 주변 이동 동선을 정리했습니다. 가까운 지역과 이용 범위를 비교하고 위치 선택에 참고할 수 있습니다.","1","1","1","0"
"동읍면랜딩","massage/미산면-출장마사지-연천군-생활권-지역정보-이용안내/index.html","변경후보","미산면 출장마사지 | 연천군 면 생활권·지역 안내 | 몽라운지","연천군 미산면 지역 안내 | 출장마사지 이용 범위·생활권 정보 | 몽라운지","미산면에서 오가는 주요 생활권과 주변 지역을 살펴보기 쉽도록 구성했습니다. 연천군 미산면 출장마사지 이용 전 현재 위치와 지역 범위를 비교할 수 있습니다.","미산면을 중심으로 주거·상업 생활권과 주변 이동 동선을 정리했습니다. 가까운 지역과 이용 범위를 비교하고 위치 선택에 참고할 수 있습니다.","1","1","1","0"
"동읍면랜딩","massage/백학면-출장마사지-연천군-생활권-지역정보-이용안내/index.html","변경후보","백학면 출장마사지 | 연천군 면 생활권·지역 안내 | 몽라운지","백학면 생활권 안내 | 연천군 인접 지역·이동 정보 | 몽라운지","백학면 생활권에서 인접 읍·면·동과의 연결을 확인하기 쉽도록 지역 안내를 정리했습니다. 연천군 백학면 출장마사지 이용 전 위치 선택에 참고하세요.","백학면 주변 생활권과 인접 지역을 기준으로 현재 위치와 이동 범위를 확인할 수 있도록 정리했습니다. 연천군 지역에서 이용 가능한 범위를 비교할 때 참고하세요.","1","0","1","0"
"동읍면랜딩","massage/신서면-출장마사지-연천군-생활권-지역정보-이용안내/index.html","변경후보","신서면 출장마사지 | 연천군 면 생활권·지역 안내 | 몽라운지","신서면 생활권 안내 | 연천군 인접 지역·이동 정보 | 몽라운지","신서면을 중심으로 주변 생활권과 이동 방향을 확인할 수 있도록 기본 지역 정보를 구성했습니다. 연천군 신서면 출장마사지 이용 전 가까운 범위를 살펴보세요.","신서면 주변 생활권과 인접 지역을 기준으로 현재 위치와 이동 범위를 확인할 수 있도록 정리했습니다. 연천군 지역에서 이용 가능한 범위를 비교할 때 참고하세요.","1","0","1","0"
"동읍면랜딩","massage/왕징면-출장마사지-연천군-생활권-지역정보-이용안내/index.html","변경후보","왕징면 출장마사지 | 연천군 면 생활권·지역 안내 | 몽라운지","왕징면 지역 이용 정보 | 연천군 생활권·위치 안내 | 몽라운지","왕징면 주변의 주거·상업 생활권과 인접 지역을 기준으로 위치를 확인할 수 있습니다. 연천군 왕징면 출장마사지 이용 전 이동 동선을 확인해 보세요.","왕징면 생활권에서 출장마사지 이용 전 확인할 수 있는 위치 범위와 인접 지역 정보를 정리했습니다. 연천군 주변 이동 동선과 가까운 생활권을 함께 확인해보세요.","1","0","1","1"
"동읍면랜딩","massage/장남면-출장마사지-연천군-생활권-지역정보-이용안내/index.html","변경후보","장남면 출장마사지 | 연천군 면 생활권·지역 안내 | 몽라운지","연천군 장남면 지역 안내 | 출장마사지 이용 범위·생활권 정보 | 몽라운지","장남면 지역에서 현재 위치와 가까운 생활권을 찾기 쉽도록 지역 정보를 정리했습니다. 연천군 장남면 출장마사지 이용 전 지역 범위를 확인할 수 있습니다.","장남면을 중심으로 주거·상업 생활권과 주변 이동 동선을 정리했습니다. 가까운 지역과 이용 범위를 비교하고 위치 선택에 참고할 수 있습니다.","1","1","1","0"
"동읍면랜딩","massage/중면-출장마사지-연천군-생활권-지역정보-이용안내/index.html","변경후보","중면 출장마사지 | 연천군 면 생활권·지역 안내 | 몽라운지","중면 출장마사지 | 연천군 생활권·인접 지역 안내 | 몽라운지","중면 주변 생활권과 인접 지역을 기준으로 위치 정보를 정리했습니다. 연천군 중면 출장마사지 이용 전 이동 범위와 가까운 지역을 확인해 보세요.","중면에서 오가는 주요 생활권과 주변 지역 정보를 한눈에 확인할 수 있도록 구성했습니다. 연천군 내 현재 위치와 인접 지역의 이동 범위를 살펴보세요.","1","1","1","0"
"동읍면랜딩","massage/청산면-출장마사지-연천군-생활권-지역정보-이용안내/index.html","변경후보","청산면 출장마사지 | 연천군 면 생활권·지역 안내 | 몽라운지","청산면 출장마사지 | 연천군 생활권·인접 지역 안내 | 몽라운지","청산면에서 오가는 주요 생활권과 주변 지역을 살펴보기 쉽도록 구성했습니다. 연천군 청산면 출장마사지 이용 전 현재 위치와 지역 범위를 비교할 수 있습니다.","청산면에서 오가는 주요 생활권과 주변 지역 정보를 한눈에 확인할 수 있도록 구성했습니다. 연천군 내 현재 위치와 인접 지역의 이동 범위를 살펴보세요.","1","1","1","0"
"동읍면랜딩","massage/연천읍-출장마사지-연천군-생활권-지역정보-이용안내/index.html","변경후보","연천읍 출장마사지 | 연천군 읍 생활권·지역 안내 | 몽라운지","연천읍 생활권 안내 | 연천군 인접 지역·이동 정보 | 몽라운지","연천읍 생활권에서 인접 읍·면·동과의 연결을 확인하기 쉽도록 지역 안내를 정리했습니다. 연천군 연천읍 출장마사지 이용 전 위치 선택에 참고하세요.","연천읍 주변 생활권과 인접 지역을 기준으로 현재 위치와 이동 범위를 확인할 수 있도록 정리했습니다. 연천군 지역에서 이용 가능한 범위를 비교할 때 참고하세요.","1","0","1","0"
"동읍면랜딩","massage/전곡읍-출장마사지-연천군-생활권-지역정보-이용안내/index.html","변경후보","전곡읍 출장마사지 | 연천군 읍 생활권·지역 안내 | 몽라운지","연천군 전곡읍 지역 안내 | 출장마사지 이용 범위·생활권 정보 | 몽라운지","전곡읍을 중심으로 주변 생활권과 이동 방향을 확인할 수 있도록 기본 지역 정보를 구성했습니다. 연천군 전곡읍 출장마사지 이용 전 가까운 범위를 살펴보세요.","전곡읍을 중심으로 주거·상업 생활권과 주변 이동 동선을 정리했습니다. 가까운 지역과 이용 범위를 비교하고 위치 선택에 참고할 수 있습니다.","1","1","1","0"
"동읍면랜딩","massage/백암면-출장마사지-용인시-처인구-생활권-지역정보-이용안내/index.html","변경후보","백암면 출장마사지 | 용인시 처인구 면 생활권·지역 안내 | 몽라운지","백암면 생활권 안내 | 용인시 처인구 인접 지역·이동 정보 | 몽라운지","백암면 주변의 주거·상업 생활권과 인접 지역을 기준으로 위치를 확인할 수 있습니다. 용인시 처인구 백암면 출장마사지 이용 전 이동 동선을 확인해 보세요.","백암면 주변 생활권과 인접 지역을 기준으로 현재 위치와 이동 범위를 확인할 수 있도록 정리했습니다. 용인시 처인구 지역에서 이용 가능한 범위를 비교할 때 참고하세요.","1","0","1","0"
"동읍면랜딩","massage/원삼면-출장마사지-용인시-처인구-생활권-지역정보-이용안내/index.html","변경후보","원삼면 출장마사지 | 용인시 처인구 면 생활권·지역 안내 | 몽라운지","원삼면 생활권 안내 | 용인시 처인구 인접 지역·이동 정보 | 몽라운지","원삼면 지역에서 현재 위치와 가까운 생활권을 찾기 쉽도록 지역 정보를 정리했습니다. 용인시 처인구 원삼면 출장마사지 이용 전 지역 범위를 확인할 수 있습니다.","원삼면 주변 생활권과 인접 지역을 기준으로 현재 위치와 이동 범위를 확인할 수 있도록 정리했습니다. 용인시 처인구 지역에서 이용 가능한 범위를 비교할 때 참고하세요.","1","0","1","0"
"동읍면랜딩","massage/남사읍-출장마사지-용인시-처인구-생활권-지역정보-이용안내/index.html","변경후보","남사읍 출장마사지 | 용인시 처인구 읍 생활권·지역 안내 | 몽라운지","남사읍 생활권 안내 | 용인시 처인구 인접 지역·이동 정보 | 몽라운지","남사읍 주변 생활권과 인접 지역을 기준으로 위치 정보를 정리했습니다. 용인시 처인구 남사읍 출장마사지 이용 전 이동 범위와 가까운 지역을 확인해 보세요.","남사읍 주변 생활권과 인접 지역을 기준으로 현재 위치와 이동 범위를 확인할 수 있도록 정리했습니다. 용인시 처인구 지역에서 이용 가능한 범위를 비교할 때 참고하세요.","1","0","1","0"
"동읍면랜딩","massage/모현읍-출장마사지-용인시-처인구-생활권-지역정보-이용안내/index.html","변경후보","모현읍 출장마사지 | 용인시 처인구 읍 생활권·지역 안내 | 몽라운지","모현읍 지역 이용 정보 | 용인시 처인구 생활권·위치 안내 | 몽라운지","모현읍에서 오가는 주요 생활권과 주변 지역을 살펴보기 쉽도록 구성했습니다. 용인시 처인구 모현읍 출장마사지 이용 전 현재 위치와 지역 범위를 비교할 수 있습니다.","모현읍 생활권에서 출장마사지 이용 전 확인할 수 있는 위치 범위와 인접 지역 정보를 정리했습니다. 용인시 처인구 주변 이동 동선과 가까운 생활권을 함께 확인해보세요.","1","0","1","1"
"동읍면랜딩","massage/양지읍-출장마사지-용인시-처인구-생활권-지역정보-이용안내/index.html","변경후보","양지읍 출장마사지 | 용인시 처인구 읍 생활권·지역 안내 | 몽라운지","양지읍 지역 이용 정보 | 용인시 처인구 생활권·위치 안내 | 몽라운지","양지읍 생활권에서 인접 읍·면·동과의 연결을 확인하기 쉽도록 지역 안내를 정리했습니다. 용인시 처인구 양지읍 출장마사지 이용 전 위치 선택에 참고하세요.","양지읍 생활권에서 출장마사지 이용 전 확인할 수 있는 위치 범위와 인접 지역 정보를 정리했습니다. 용인시 처인구 주변 이동 동선과 가까운 생활권을 함께 확인해보세요.","1","0","1","1"
"동읍면랜딩","massage/이동읍-출장마사지-용인시-처인구-생활권-지역정보-이용안내/index.html","변경후보","이동읍 출장마사지 | 용인시 처인구 읍 생활권·지역 안내 | 몽라운지","용인시 처인구 이동읍 지역 안내 | 출장마사지 이용 범위·생활권 정보 | 몽라운지","이동읍을 중심으로 주변 생활권과 이동 방향을 확인할 수 있도록 기본 지역 정보를 구성했습니다. 용인시 처인구 이동읍 출장마사지 이용 전 가까운 범위를 살펴보세요.","이동읍을 중심으로 주거·상업 생활권과 주변 이동 동선을 정리했습니다. 가까운 지역과 이용 범위를 비교하고 위치 선택에 참고할 수 있습니다.","1","1","1","0"
"동읍면랜딩","massage/포곡읍-출장마사지-용인시-처인구-생활권-지역정보-이용안내/index.html","변경후보","포곡읍 출장마사지 | 용인시 처인구 읍 생활권·지역 안내 | 몽라운지","포곡읍 지역 이용 정보 | 용인시 처인구 생활권·위치 안내 | 몽라운지","포곡읍 주변의 주거·상업 생활권과 인접 지역을 기준으로 위치를 확인할 수 있습니다. 용인시 처인구 포곡읍 출장마사지 이용 전 이동 동선을 확인해 보세요.","포곡읍 생활권에서 출장마사지 이용 전 확인할 수 있는 위치 범위와 인접 지역 정보를 정리했습니다. 용인시 처인구 주변 이동 동선과 가까운 생활권을 함께 확인해보세요.","1","0","1","1"
"동읍면랜딩","massage/대월면-출장마사지-이천시-생활권-지역정보-이용안내/index.html","변경후보","대월면 출장마사지 | 이천시 면 생활권·지역 안내 | 몽라운지","이천시 대월면 지역 안내 | 출장마사지 이용 범위·생활권 정보 | 몽라운지","대월면 지역에서 현재 위치와 가까운 생활권을 찾기 쉽도록 지역 정보를 정리했습니다. 이천시 대월면 출장마사지 이용 전 지역 범위를 확인할 수 있습니다.","대월면을 중심으로 주거·상업 생활권과 주변 이동 동선을 정리했습니다. 가까운 지역과 이용 범위를 비교하고 위치 선택에 참고할 수 있습니다.","1","1","1","0"
"동읍면랜딩","massage/마장면-출장마사지-이천시-생활권-지역정보-이용안내/index.html","변경후보","마장면 출장마사지 | 이천시 면 생활권·지역 안내 | 몽라운지","마장면 생활권 안내 | 이천시 인접 지역·이동 정보 | 몽라운지","마장면 주변 생활권과 인접 지역을 기준으로 위치 정보를 정리했습니다. 이천시 마장면 출장마사지 이용 전 이동 범위와 가까운 지역을 확인해 보세요.","마장면 주변 생활권과 인접 지역을 기준으로 현재 위치와 이동 범위를 확인할 수 있도록 정리했습니다. 이천시 지역에서 이용 가능한 범위를 비교할 때 참고하세요.","1","0","1","0"
"동읍면랜딩","massage/모가면-출장마사지-이천시-생활권-지역정보-이용안내/index.html","변경후보","모가면 출장마사지 | 이천시 면 생활권·지역 안내 | 몽라운지","모가면 출장마사지 | 이천시 생활권·인접 지역 안내 | 몽라운지","모가면에서 오가는 주요 생활권과 주변 지역을 살펴보기 쉽도록 구성했습니다. 이천시 모가면 출장마사지 이용 전 현재 위치와 지역 범위를 비교할 수 있습니다.","모가면에서 오가는 주요 생활권과 주변 지역 정보를 한눈에 확인할 수 있도록 구성했습니다. 이천시 내 현재 위치와 인접 지역의 이동 범위를 살펴보세요.","1","1","1","0"
